/**
 * generated by fontconvert.py
 * name: ebgaramond_12_regular
 * size: 12
 * mode: 1-bit
 * Command used: fontconvert.py ebgaramond_12_regular 12 ../builtinFonts/source/EBGaramond/EBGaramond-Regular.ttf ../builtinFonts/source/NotoSansHebrew/NotoSansHebrew-UIMedium.ttf --additional-intervals 0x05D0,0x05EA --force-autohint
 */
#pragma once
#include "EpdFontData.h"

static const uint8_t ebgaramond_12_regularBitmaps[26468] = {
    0x6D, 0xB6, 0xDB, 0x6D, 0x01, 0xFF, 0xDB, 0x6D, 0xB6, 0x92, 0x40, 0x04, 0x41, 0x98, 0x33, 0x06,
    0x60, 0xFC, 0xFF, 0xCF, 0xF0, 0xCC, 0x11, 0x06, 0x63, 0xFF, 0x3F, 0xC2, 0x60, 0xCC, 0x19, 0x83,
    0x20, 0x03, 0x00, 0x81, 0xF9, 0xDF, 0x76, 0xD9, 0x97, 0x61, 0xF8, 0x3E, 0x07, 0xE0, 0xFC, 0x3F,
    0x0D, 0xF3, 0x3C, 0xDF, 0xFE, 0x7F, 0x06, 0x01, 0x80, 0x00, 0x0C, 0x7C, 0x18, 0xEE, 0x18, 0xEE,
    0x30, 0xC6, 0x60, 0xC6, 0x60, 0xE6, 0xC0, 0xEF, 0x9E, 0x7D, 0xB7, 0x03, 0x77, 0x06, 0x63, 0x06,
    0x63, 0x0C, 0x63, 0x18, 0x77, 0x18, 0x76, 0x30, 0x3E, 0x30, 0x00, 0x1F, 0x80, 0x0E, 0x70, 0x03,
    0x0C, 0x00, 0xE3, 0x00, 0x39, 0xC0, 0x07, 0xE3, 0xF0, 0xE0, 0x70, 0xDC, 0x38, 0x63, 0xCC, 0x38,
    0x3E, 0x0C, 0x07, 0x03, 0x81, 0xC0, 0xF1, 0xF0, 0x3F, 0xE6, 0x27, 0xF0, 0xF0, 0xDB, 0x69, 0x00,
    0x0C, 0x63, 0x8C, 0x71, 0x8E, 0x38, 0xE3, 0x0C, 0x30, 0xE3, 0x8E, 0x18, 0x61, 0xC3, 0x0E, 0x18,
    0x30, 0xC0, 0xC0, 0xC1, 0x81, 0x83, 0x07, 0x0E, 0x0C, 0x18, 0x30, 0x61, 0xC3, 0x87, 0x0C, 0x18,
    0x70, 0xC3, 0x86, 0x18, 0x00, 0x10, 0x16, 0xFE, 0x3C, 0x7E, 0xD8, 0x18, 0x03, 0x00, 0x0C, 0x00,
    0x30, 0x00, 0xC0, 0x03, 0x03, 0xFF, 0xF0, 0x30, 0x00, 0xC0, 0x03, 0x00, 0x0C, 0x00, 0x30, 0x00,
    0xC0, 0x0F, 0xF3, 0x33, 0xE0, 0x00, 0xFB, 0xF0, 0xFF, 0x80, 0x00, 0xC0, 0x60, 0x18, 0x0C, 0x03,
    0x01, 0x80, 0x60, 0x30, 0x0C, 0x03, 0x01, 0x80, 0x60, 0x30, 0x0C, 0x06, 0x01, 0x80, 0xE0, 0x30,
    0x00, 0x1E, 0x06, 0x71, 0x8E, 0x70, 0xEE, 0x1D, 0xC3, 0xB0, 0x36, 0x06, 0xC0, 0xDC, 0x1B, 0x83,
    0x70, 0xEE, 0x1C, 0xE3, 0x1C, 0xC1, 0xF0, 0x04, 0x07, 0x07, 0xC0, 0x70, 0x0C, 0x03, 0x00, 0xC0,
    0x30, 0x0C, 0x03, 0x00, 0xC0, 0x30, 0x0C, 0x03, 0x01, 0xE1, 0xFE, 0x1F, 0x83, 0xFC, 0x73, 0xC6,
    0x1C, 0x00, 0xC0, 0x0C, 0x01, 0xC0, 0x18, 0x03, 0x00, 0x60, 0x0C, 0x01, 0x81, 0x30, 0x37, 0xFE,
    0xFF, 0xE0, 0x3F, 0x0F, 0xF1, 0x0E, 0x20, 0xC0, 0x38, 0x06, 0x03, 0xC0, 0xFE, 0x03, 0xC0, 0x38,
    0x03, 0x00, 0x60, 0x1C, 0x03, 0x38, 0xC7, 0xF0, 0x00, 0x80, 0x18, 0x03, 0x00, 0x60, 0x06, 0x00,
    0xC0, 0x19, 0x83, 0x98, 0x31, 0x86, 0x18, 0xFF, 0xF0, 0x18, 0x01, 0x80, 0x18, 0x03, 0xC0, 0xFE,
    0x01, 0x0F, 0xC7, 0xF1, 0x80, 0x40, 0x38, 0x0F, 0xC1, 0xF8, 0x1F, 0x81, 0xE0, 0x38, 0x06, 0x03,
    0x80, 0xE0, 0x70, 0x78, 0xF8, 0x00, 0x00, 0xC0, 0x70, 0x38, 0x0E, 0x03, 0x80, 0xE0, 0x1C, 0x07,
    0x00, 0xEF, 0x9C, 0x3B, 0x07, 0x60, 0x6E, 0x0D, 0xC3, 0x9C, 0x61, 0xF8, 0x00, 0x03, 0xFF, 0x9F,
    0xFC, 0xC0, 0x44, 0x06, 0x00, 0x20, 0x03, 0x00, 0x30, 0x01, 0x80, 0x18, 0x00, 0x80, 0x0C, 0x00,
    0xC0, 0x06, 0x00, 0x60, 0x03, 0x00, 0x30, 0x00, 0x3F, 0x1C, 0xEE, 0x3B, 0x06, 0xE3, 0xBC, 0xC7,
    0xE0, 0xF8, 0x3F, 0x19, 0xEE, 0x3B, 0x0E, 0xC1, 0xB8, 0xEF, 0x31, 0xF8, 0x1F, 0x07, 0x79, 0xC3,
    0x30, 0x77, 0x0E, 0xE0, 0xDE, 0x59, 0xF7, 0x00, 0xE0, 0x1C, 0x07, 0x01, 0xC0, 0x70, 0x1E, 0x07,
    0x07, 0xC0, 0xFF, 0x80, 0x3F, 0xE0, 0x77, 0x70, 0x00, 0x07, 0x73, 0x33, 0xE0, 0x00, 0x10, 0x07,
    0x03, 0xE0, 0xF8, 0x3E, 0x0F, 0x80, 0xE0, 0x07, 0x80, 0x1F, 0x00, 0x7C, 0x01, 0xF0, 0x07, 0xFF,
    0xF0, 0x00, 0x00, 0x00, 0x00, 0xFF, 0xF0, 0xE0, 0x0F, 0x80, 0x3E, 0x00, 0xF8, 0x01, 0xE0, 0x07,
    0x01, 0xE0, 0x7C, 0x1F, 0x07, 0x80, 0xE0, 0x08, 0x00, 0xF3, 0xE3, 0x83, 0x0C, 0x31, 0xDF, 0x71,
    0x86, 0x00, 0x01, 0xC7, 0x1C, 0x07, 0xF0, 0x1C, 0x3C, 0x30, 0x0E, 0x60, 0x06, 0xC3, 0xFB, 0xC7,
    0x33, 0xCE, 0x31, 0x8E, 0x31, 0x8C, 0x33, 0xCC, 0x33, 0xCE, 0x76, 0xC7, 0xFC, 0x60, 0x00, 0x30,
    0x06, 0x1E, 0x3C, 0x0F, 0xF0, 0x00, 0x20, 0x00, 0x1C, 0x00, 0x03, 0x80, 0x00, 0x78, 0x00, 0x1F,
    0x00, 0x03, 0x60, 0x00, 0xCE, 0x00, 0x19, 0xC0, 0x03, 0x18, 0x00, 0xC3, 0x80, 0x1F, 0xF0, 0x06,
    0x06, 0x00, 0xC0, 0xE0, 0x18, 0x1C, 0x06, 0x01, 0xC1, 0xE0, 0x78, 0xFF, 0x3F, 0xC0, 0xFF, 0xE0,
    0xF3, 0xC1, 0x87, 0x06, 0x0C, 0x18, 0x30, 0x61, 0xC1, 0xCE, 0x07, 0xF8, 0x1C, 0xF8, 0x60, 0xE1,
    0x83, 0x86, 0x06, 0x18, 0x38, 0x60, 0xE3, 0xC7, 0x3F, 0xF8, 0x07, 0xFE, 0x1E, 0x1E, 0x38, 0x06,
    0x70, 0x02, 0x60, 0x02, 0xE0, 0x00, 0xE0, 0x00, 0xC0, 0x00, 0xE0, 0x00, 0xE0, 0x00, 0xE0, 0x00,
    0xF0, 0x00, 0x70, 0x03, 0x38, 0x06, 0x1E, 0x1E, 0x07, 0xFC, 0xFF, 0xFC, 0x0F, 0x07, 0x81, 0x80,
    0x78, 0x60, 0x0E, 0x18, 0x01, 0xC6, 0x00, 0x71, 0x80, 0x1C, 0x60, 0x03, 0x18, 0x00, 0xC6, 0x00,
    0x71, 0x80, 0x1C, 0x60, 0x06, 0x18, 0x03, 0x86, 0x01, 0xC3, 0xC1, 0xE3, 0xFF, 0xE0, 0xFF, 0xF1,
    0xC1, 0x86, 0x04, 0x30, 0x01, 0x80, 0x0C, 0x00, 0x61, 0x03, 0xF8, 0x18, 0x40, 0xC2, 0x06, 0x00,
    0x30, 0x01, 0x80, 0x8C, 0x04, 0xF0, 0x7F, 0xFF, 0xFF, 0xF3, 0x83, 0x18, 0x11, 0x80, 0x18, 0x01,
    0x80, 0x18, 0x61, 0xFE, 0x18, 0x61, 0x82, 0x18, 0x01, 0x80, 0x18, 0x01, 0x80, 0x3C, 0x0F, 0xF0,
    0x07, 0xFE, 0x0F, 0x0F, 0x0E, 0x01, 0x8E, 0x00, 0x46, 0x00, 0x07, 0x00, 0x03, 0x80, 0x01, 0x80,
    0x00, 0xC0, 0x00, 0x70, 0x1F, 0xF8, 0x03, 0xDC, 0x00, 0xC7, 0x00, 0x61, 0xC0, 0x70, 0x78, 0x7C,
    0x0F, 0xF8, 0x7F, 0x0F, 0xE3, 0xC0, 0x3C, 0x18, 0x01, 0x81, 0x80, 0x18, 0x18, 0x01, 0x81, 0x80,
    0x18, 0x18, 0x01, 0x81, 0xFF, 0xF8, 0x18, 0x01, 0x81, 0x80, 0x18, 0x18, 0x01, 0x81, 0x80, 0x18,
    0x18, 0x01, 0x81, 0x80, 0x18, 0x3C, 0x03, 0xCF, 0xF0, 0xFE, 0xFF, 0x3C, 0x18, 0x18, 0x18, 0x18,
    0x18, 0x18, 0x18, 0x18, 0x18, 0x18, 0x18, 0x18, 0x3C, 0xFF, 0x3F, 0x83, 0xC0, 0x60, 0x18, 0x06,
    0x01, 0x80, 0x60, 0x18, 0x06, 0x01, 0x80, 0x60, 0x18, 0x06, 0x01, 0x80, 0x60, 0x18, 0x06, 0x01,
    0x8C, 0xC3, 0xB0, 0xF8, 0x00, 0xFE, 0x3F, 0x9E, 0x0E, 0x06, 0x0C, 0x03, 0x0C, 0x01, 0x8C, 0x00,
    0xCC, 0x00, 0x6C, 0x00, 0x3E, 0x00, 0x1F, 0x80, 0x0D, 0xE0, 0x06, 0x78, 0x03, 0x1E, 0x01, 0x87,
    0x80, 0xC1, 0xE0, 0xF0, 0x79, 0xFE, 0x7F, 0xFF, 0x00, 0x38, 0x00, 0x60, 0x00, 0xC0, 0x01, 0x80,
    0x03, 0x00, 0x06, 0x00, 0x0C, 0x00, 0x18, 0x00, 0x30, 0x00, 0x60, 0x00, 0xC0, 0x01, 0x80, 0x43,
    0x00, 0x8F, 0x03, 0x7F, 0xFE, 0xFC, 0x00, 0xF8, 0xF0, 0x07, 0x81, 0xE0, 0x1C, 0x07, 0x80, 0x70,
    0x1F, 0x03, 0xC0, 0x7C, 0x0F, 0x01, 0xF0, 0x6C, 0x04, 0xE1, 0xB0, 0x13, 0x8C, 0xC0, 0x47, 0x33,
    0x03, 0x1D, 0x8E, 0x0C, 0x74, 0x38, 0x30, 0xF0, 0xE0, 0xC3, 0x83, 0x83, 0x8E, 0x1E, 0x3F, 0x10,
    0xFE, 0x00, 0x00, 0x00, 0x7C, 0x03, 0xF9, 0xF0, 0x07, 0x07, 0xC0, 0x30, 0x1F, 0x01, 0x80, 0xFC,
    0x0C, 0x07, 0xF0, 0x60, 0x37, 0xC3, 0x01, 0x9E, 0x18, 0x0C, 0x78, 0xC0, 0x61, 0xE6, 0x03, 0x07,
    0xB0, 0x18, 0x1F, 0x80, 0xC0, 0x7C, 0x0E, 0x01, 0xE0, 0x70, 0x07, 0x0F, 0xE0, 0x18, 0x0F, 0xF8,
    0x0E, 0x1E, 0x0C, 0x03, 0x8C, 0x00, 0xEE, 0x00, 0x3F, 0x00, 0x1F, 0x00, 0x0F, 0x80, 0x07, 0xE0,
    0x01, 0xF0, 0x00, 0xF8, 0x00, 0xFC, 0x00, 0x77, 0x00, 0x31, 0xC0, 0x30, 0x78, 0x70, 0x1F, 0xF0,
    0xFF, 0xE1, 0xE3, 0x86, 0x0E, 0x30, 0x71, 0x81, 0x8C, 0x0C, 0x60, 0xE3, 0x07, 0x18, 0x70, 0xDE,
    0x06, 0x00, 0x30, 0x01, 0x80, 0x0C, 0x00, 0xF0, 0x1F, 0xE0, 0x07, 0xF8, 0x00, 0x70, 0xF0, 0x03,
    0x00, 0xE0, 0x18, 0x01, 0xC0, 0x60, 0x03, 0x83, 0x80, 0x0E, 0x0C, 0x00, 0x38, 0x30, 0x00, 0xE0,
    0xC0, 0x01, 0x83, 0x80, 0x06, 0x0E, 0x00, 0x38, 0x38, 0x00, 0xE0, 0x70, 0x03, 0x01, 0xE0, 0x1C,
    0x03, 0xC0, 0xE0, 0x03, 0xFF, 0x00, 0x03, 0xF0, 0x00, 0x03, 0xC0, 0x00, 0x07, 0x80, 0x00, 0x0F,
    0x80, 0x00, 0x0F, 0x88, 0x00, 0x1F, 0xE0, 0x00, 0x04, 0x00, 0xFF, 0xE0, 0x0F, 0x3C, 0x01, 0x87,
    0x00, 0x60, 0xC0, 0x18, 0x30, 0x06, 0x1C, 0x01, 0x87, 0x00, 0x77, 0x80, 0x1F, 0xC0, 0x06, 0x70,
    0x01, 0x8E, 0x00, 0x61, 0xC0, 0x18, 0x38, 0x06, 0x0E, 0x03, 0xC1, 0xE3, 0xFC, 0x3F, 0x1F, 0xCC,
    0x77, 0x0D, 0x81, 0x70, 0x1E, 0x07, 0xE0, 0xFC, 0x0F, 0x80, 0xF0, 0x1E, 0x07, 0xC0, 0xF0, 0x7F,
    0x39, 0xFC, 0x00, 0x00, 0x30, 0x00, 0x1F, 0xFF, 0xF8, 0x78, 0x68, 0x18, 0x10, 0x0C, 0x00, 0x06,
    0x00, 0x03, 0x00, 0x01, 0x80, 0x00, 0xC0, 0x00, 0x60, 0x00, 0x30, 0x00, 0x18, 0x00, 0x0C, 0x00,
    0x06, 0x00, 0x03, 0x00, 0x03, 0xC0, 0x07, 0xF8, 0x00, 0xFC, 0x0F, 0x9E, 0x01, 0xC3, 0x00, 0x60,
    0xC0, 0x18, 0x30, 0x06, 0x0C, 0x01, 0x83, 0x00, 0x60, 0xC0, 0x18, 0x30, 0x06, 0x0C, 0x01, 0x83,
    0x00, 0x60, 0xE0, 0x18, 0x38, 0x06, 0x07, 0x03, 0x01, 0xE1, 0x80, 0x1F, 0xC0, 0xFF, 0x3F, 0xCE,
    0x03, 0xC1, 0xC0, 0xE0, 0x70, 0x30, 0x1C, 0x0C, 0x03, 0x86, 0x00, 0xE1, 0x80, 0x18, 0x40, 0x07,
    0x30, 0x01, 0xCC, 0x00, 0x3E, 0x00, 0x0F, 0x80, 0x03, 0xC0, 0x00, 0x70, 0x00, 0x1C, 0x00, 0x02,
    0x00, 0xFF, 0xFF, 0xFF, 0x38, 0xF3, 0x1C, 0x1C, 0x36, 0x18, 0x1C, 0x3E, 0x18, 0x1C, 0x3C, 0x30,
    0x0E, 0x1C, 0x30, 0x0E, 0x1C, 0x30, 0x07, 0x1E, 0x60, 0x07, 0x1E, 0x60, 0x03, 0x3E, 0x60, 0x03,
    0xA7, 0x40, 0x03, 0xE7, 0xC0, 0x01, 0xE3, 0xC0, 0x01, 0xC3, 0x80, 0x00, 0xC3, 0x80, 0x00, 0xC1,
    0x80, 0x00, 0x00, 0x00, 0xFF, 0x1F, 0xCF, 0x01, 0xC1, 0xE0, 0xE0, 0x3C, 0x70, 0x07, 0x18, 0x00,
    0xEC, 0x00, 0x3E, 0x00, 0x07, 0x80, 0x01, 0xE0, 0x00, 0x7C, 0x00, 0x37, 0x00, 0x18, 0xE0, 0x0C,
    0x1C, 0x07, 0x07, 0x83, 0x81, 0xF3, 0xF8, 0xFF, 0xFE, 0x3F, 0x1E, 0x06, 0x07, 0x06, 0x03, 0xC3,
    0x00, 0xE3, 0x00, 0x79, 0x00, 0x1D, 0x80, 0x07, 0x80, 0x03, 0xC0, 0x00, 0xC0, 0x00, 0x60, 0x00,
    0x30, 0x00, 0x18, 0x00, 0x0C, 0x00, 0x0F, 0x00, 0x1F, 0xE0, 0x30, 0x00, 0x7F, 0xFD, 0xC0, 0xF3,
    0x01, 0xC4, 0x07, 0x80, 0x1E, 0x00, 0x38, 0x00, 0xE0, 0x03, 0xC0, 0x07, 0x00, 0x1C, 0x00, 0x78,
    0x01, 0xE0, 0x03, 0x80, 0x4F, 0x01, 0xBC, 0x07, 0x7F, 0xFC, 0xFB, 0x0C, 0x30, 0xC3, 0x0C, 0x30,
    0xC3, 0x0C, 0x30, 0xC3, 0x0C, 0x30, 0xC3, 0x0C, 0x30, 0xE3, 0xE0, 0xC0, 0x18, 0x06, 0x00, 0xC0,
    0x30, 0x06, 0x01, 0x80, 0x70, 0x0C, 0x03, 0x00, 0x60, 0x18, 0x03, 0x00, 0xC0, 0x18, 0x06, 0x01,
    0xC0, 0x30, 0x7C, 0x18, 0x30, 0x60, 0xC1, 0x83, 0x06, 0x0C, 0x18, 0x30, 0x60, 0xC1, 0x83, 0x06,
    0x0C, 0x18, 0x30, 0x61, 0xCF, 0x80, 0x04, 0x01, 0xC0, 0x78, 0x0D, 0x83, 0x38, 0xC3, 0x18, 0x36,
    0x03, 0xFF, 0xF8, 0xE7, 0x1C, 0x61, 0x80, 0x3E, 0x1F, 0x8C, 0x63, 0x18, 0x06, 0x0F, 0x8F, 0xE3,
    0x98, 0xEE, 0x3F, 0xF0, 0x00, 0x03, 0x80, 0x3C, 0x00, 0xE0, 0x03, 0x00, 0x18, 0x00, 0xC0, 0x06,
    0x00, 0x37, 0xC1, 0xC7, 0x0C, 0x1C, 0x60, 0xE3, 0x03, 0x18, 0x18, 0xC1, 0xC7, 0x0E, 0x3C, 0xE1,
    0xFE, 0x08, 0x00, 0x3F, 0xB9, 0xF8, 0x1C, 0x0C, 0x06, 0x03, 0x81, 0xE1, 0x7F, 0x9F, 0x80, 0x00,
    0x00, 0x0F, 0x00, 0xF0, 0x03, 0x80, 0x0C, 0x00, 0x60, 0x03, 0x00, 0x18, 0x3F, 0xC3, 0x9E, 0x38,
    0x71, 0xC1, 0x8C, 0x0C, 0x60, 0x63, 0x83, 0x1C, 0x18, 0x71, 0xC1, 0xFF, 0x80, 0x00, 0x3E, 0x33,
    0xB8, 0xDF, 0xEC, 0x06, 0x03, 0x81, 0xC2, 0x7F, 0x1F, 0x00, 0x07, 0xE3, 0x9C, 0x60, 0x1C, 0x03,
    0x00, 0x60, 0x0C, 0x07, 0xF8, 0x30, 0x06, 0x00, 0xC0, 0x18, 0x03, 0x00, 0x60, 0x0C, 0x01, 0xC0,
    0xFC, 0x00, 0x3F, 0xE7, 0x38, 0x73, 0x86, 0x18, 0x73, 0x87, 0x30, 0x3E, 0x03, 0x00, 0x60, 0x07,
    0x80, 0x7F, 0x83, 0xFC, 0xE0, 0xCC, 0x1C, 0xE1, 0xCF, 0x38, 0x7E, 0x00, 0x10, 0x07, 0xC0, 0x1C,
    0x00, 0x60, 0x03, 0x00, 0x18, 0x00, 0xC0, 0x06, 0x00, 0x3F, 0xC1, 0xC7, 0x0C, 0x38, 0x60, 0xC3,
    0x06, 0x18, 0x30, 0xC1, 0x86, 0x0C, 0x30, 0xE7, 0xEF, 0xC0, 0x30, 0xC0, 0x00, 0x00, 0xEF, 0x1C,
    0x30, 0xC3, 0x0C, 0x30, 0xCF, 0xC0, 0x18, 0x60, 0x00, 0x09, 0xE3, 0x86, 0x18, 0x61, 0x86, 0x18,
    0x61, 0x86, 0x18, 0xE3, 0x8C, 0x31, 0x80, 0x10, 0x0F, 0x00, 0x70, 0x03, 0x00, 0x30, 0x03, 0x00,
    0x30, 0x03, 0x00, 0x31, 0xE3, 0x18, 0x33, 0x03, 0x60, 0x3C, 0x03, 0xE0, 0x37, 0x03, 0x38, 0x31,
    0xCF, 0xBF, 0x01, 0xEF, 0x0C, 0x30, 0xC3, 0x0C, 0x30, 0xC3, 0x0C, 0x30, 0xC3, 0x0C, 0x33, 0xF0,
    0x37, 0xDE, 0x1E, 0x79, 0xC7, 0x1C, 0x70, 0xC3, 0x0C, 0x30, 0xC3, 0x0C, 0x30, 0xC3, 0x0C, 0x30,
    0xC3, 0x0C, 0x30, 0xC7, 0x3F, 0xFF, 0xF0, 0x18, 0x03, 0xFE, 0x1E, 0x38, 0x60, 0xC3, 0x06, 0x18,
    0x30, 0xC1, 0x86, 0x0C, 0x30, 0x61, 0x83, 0x3F, 0x7E, 0x1F, 0x8E, 0x39, 0x83, 0xF0, 0x7C, 0x07,
    0x80, 0xF8, 0x3F, 0x07, 0x71, 0xC7, 0xF0, 0x10, 0x07, 0xFE, 0x7D, 0xE3, 0x07, 0x30, 0x73, 0x03,
    0x30, 0x33, 0x87, 0x38, 0x63, 0xCE, 0x3F, 0x83, 0x00, 0x30, 0x03, 0x00, 0x30, 0x03, 0x00, 0x38,
    0x0F, 0xC0, 0x00, 0x61, 0xFE, 0x71, 0xCE, 0x1C, 0xE0, 0xCC, 0x0C, 0xC0, 0xCE, 0x0C, 0xE0, 0xC7,
    0x1C, 0x3F, 0xC0, 0x0C, 0x00, 0xC0, 0x0C, 0x00, 0xC0, 0x0C, 0x00, 0xC0, 0x3F, 0x10, 0x77, 0x7F,
    0x38, 0x30, 0x30, 0x30, 0x30, 0x30, 0x30, 0xFC, 0x3E, 0x76, 0x72, 0x70, 0x7C, 0x3E, 0x0E, 0xC6,
    0xCE, 0x7C, 0x30, 0x70, 0x7F, 0x30, 0x30, 0x30, 0x30, 0x30, 0x30, 0x30, 0x38, 0x1F, 0xF9, 0xF3,
    0x87, 0x0C, 0x18, 0x60, 0xC3, 0x06, 0x18, 0x30, 0xC1, 0x87, 0x1C, 0x3F, 0xF8, 0xFF, 0xC0, 0xF9,
    0xE7, 0x0C, 0x31, 0x83, 0x98, 0x19, 0x01, 0xF0, 0x0E, 0x00, 0xE0, 0x0E, 0x00, 0x40, 0xFB, 0xE7,
    0xDC, 0x70, 0xC3, 0x8C, 0x30, 0xE7, 0x88, 0x19, 0xE6, 0x07, 0xDD, 0x00, 0xF3, 0xC0, 0x38, 0xE0,
    0x06, 0x18, 0x01, 0x06, 0x00, 0x7B, 0xC7, 0x30, 0x6C, 0x0F, 0x00, 0xE0, 0x1C, 0x07, 0xC1, 0x9C,
    0x33, 0x9F, 0xFC, 0x7D, 0xF3, 0x8C, 0x38, 0xC1, 0x88, 0x1D, 0x81, 0xD8, 0x0F, 0x00, 0xF0, 0x06,
    0x00, 0x60, 0x04, 0x00, 0xC0, 0x0C, 0x00, 0x80, 0x18, 0x07, 0x00, 0x70, 0x00, 0x40, 0x1F, 0xE6,
    0x31, 0x1C, 0x0E, 0x03, 0x01, 0xC0, 0xE0, 0x30, 0xDC, 0x6F, 0xF8, 0x0F, 0x0E, 0x06, 0x03, 0x01,
    0x80, 0xC0, 0x60, 0x30, 0x38, 0x38, 0x38, 0x0E, 0x03, 0x80, 0xC0, 0x60, 0x30, 0x18, 0x0C, 0x06,
    0x03, 0x80, 0xF0, 0x1B, 0x6D, 0xB6, 0xDB, 0x6D, 0xB6, 0xDB, 0x6D, 0xB6, 0xC0, 0x78, 0x0E, 0x03,
    0x01, 0x80, 0xC0, 0x60, 0x30, 0x18, 0x0E, 0x03, 0x80, 0xE0, 0xE0, 0xE0, 0x60, 0x30, 0x18, 0x0C,
    0x06, 0x03, 0x03, 0x87, 0x80, 0x00, 0x78, 0x7F, 0xB8, 0x7C, 0x04, 0xFF, 0x80, 0x9B, 0x6D, 0xB6,
    0xDB, 0x04, 0x02, 0x07, 0x87, 0xF6, 0xDF, 0x63, 0x31, 0x98, 0xEC, 0x74, 0x3E, 0x2F, 0x73, 0xF0,
    0xC0, 0x60, 0x01, 0xF0, 0x19, 0x81, 0x8C, 0x1C, 0x20, 0xE0, 0x07, 0x00, 0x38, 0x0F, 0xF8, 0x0C,
    0x00, 0x60, 0x07, 0x00, 0x30, 0x31, 0x80, 0xBF, 0xCF, 0xFF, 0xF8, 0xFE, 0x00, 0x18, 0x0F, 0xFF,
    0xB8, 0xE6, 0x0C, 0x81, 0xB0, 0x33, 0x06, 0x60, 0xCE, 0x3B, 0xFF, 0xE0, 0x20, 0xFE, 0x3F, 0x3C,
    0x1C, 0x1C, 0x18, 0x1E, 0x18, 0x0E, 0x30, 0x07, 0x60, 0x07, 0x60, 0x03, 0xC0, 0x1F, 0xF8, 0x01,
    0x80, 0x1F, 0xF8, 0x01, 0x80, 0x01, 0x80, 0x01, 0x80, 0x03, 0xC0, 0x0F, 0xF0, 0x1B, 0x6D, 0xB6,
    0xDB, 0x40, 0xB6, 0xDB, 0x6D, 0xB6, 0xC0, 0x1E, 0x26, 0x60, 0x70, 0xF0, 0xF8, 0xBE, 0x9E, 0xCF,
    0xC7, 0x63, 0x33, 0x19, 0x0D, 0x0F, 0x06, 0x44, 0xFC, 0x70, 0x01, 0x8F, 0x18, 0x0F, 0xE0, 0x38,
    0xE0, 0xC0, 0x63, 0x1F, 0x6C, 0x72, 0x79, 0xC4, 0xE3, 0x80, 0xC6, 0x01, 0x8E, 0x03, 0x9C, 0x0F,
    0x1C, 0x9B, 0x1F, 0x63, 0x01, 0x83, 0x8E, 0x03, 0xF8, 0x00, 0x3C, 0xD8, 0x73, 0xE6, 0xCF, 0xC0,
    0x00, 0x7E, 0x02, 0x18, 0x71, 0x87, 0x38, 0xF3, 0x8F, 0x38, 0x3D, 0xE0, 0x73, 0x81, 0xCE, 0x06,
    0x18, 0xFF, 0xFB, 0xFF, 0xE0, 0x01, 0x80, 0x06, 0x00, 0x18, 0x00, 0x60, 0x01, 0x80, 0x06, 0x00,
    0xFB, 0xF0, 0x0F, 0xE0, 0x38, 0xE0, 0xC0, 0x63, 0x7F, 0x6C, 0x6E, 0x78, 0xCC, 0xE1, 0xB8, 0xC3,
    0xE1, 0x86, 0xC3, 0x8C, 0xCF, 0x3D, 0xDB, 0x00, 0x63, 0x01, 0x83, 0x8E, 0x03, 0xF8, 0x00, 0x7E,
    0x7B, 0x38, 0x61, 0xCD, 0xE0, 0x00, 0x00, 0x10, 0x01, 0x80, 0x0C, 0x00, 0x60, 0x03, 0x03, 0xFF,
    0xE0, 0xC0, 0x06, 0x00, 0x30, 0x01, 0x80, 0x0C, 0x00, 0x20, 0x7F, 0xFC, 0x79, 0xB8, 0x30, 0xE1,
    0x86, 0x59, 0xFE, 0x7B, 0x71, 0xDE, 0x7C, 0x39, 0xFE, 0x19, 0xDC, 0xCC, 0x00, 0xE1, 0x8E, 0x18,
    0xE1, 0x8C, 0x18, 0xC3, 0x8C, 0x30, 0xC3, 0x0C, 0x7E, 0xFF, 0xEB, 0xCE, 0x80, 0x08, 0x00, 0x80,
    0x08, 0x00, 0xC0, 0x0E, 0x00, 0xE0, 0x00, 0x0F, 0xFC, 0xFF, 0x07, 0xFC, 0x3F, 0xF0, 0xFF, 0xC3,
    0xFF, 0x0F, 0xFC, 0x3F, 0xF0, 0xFF, 0xC3, 0xFF, 0x07, 0xFC, 0x0F, 0xF0, 0x07, 0xC0, 0x01, 0x00,
    0x04, 0x00, 0x10, 0x00, 0x40, 0x3D, 0x01, 0xF4, 0x07, 0xD0, 0x10, 0xC0, 0x63, 0x00, 0xF8, 0x00,
    0xFF, 0x80, 0x26, 0xFF, 0x33, 0xE0, 0x13, 0xCF, 0x0C, 0x30, 0xC3, 0x0C, 0xF8, 0x7D, 0x9F, 0x1E,
    0x3E, 0xEF, 0x80, 0x00, 0xFE, 0xC2, 0x03, 0x1C, 0x0E, 0x70, 0x39, 0xE0, 0xE7, 0x8F, 0x78, 0xE7,
    0x0C, 0x70, 0xC2, 0x00, 0x00, 0x00, 0x00, 0x06, 0x20, 0x0C, 0xE0, 0x0C, 0xE0, 0x18, 0x60, 0x30,
    0x60, 0x30, 0x60, 0x60, 0x60, 0xC0, 0x60, 0xC4, 0xF9, 0x8C, 0x03, 0x1C, 0x03, 0x3C, 0x06, 0x6C,
    0x0C, 0xFF, 0x0C, 0x0C, 0x18, 0x0C, 0x30, 0x04, 0x30, 0x00, 0x00, 0x04, 0x20, 0x0C, 0xE0, 0x18,
    0xE0, 0x18, 0x60, 0x30, 0x60, 0x70, 0x60, 0x60, 0x60, 0xC0, 0x61, 0xC0, 0xF9, 0xBE, 0x03, 0x26,
    0x03, 0x06, 0x06, 0x06, 0x0C, 0x06, 0x0C, 0x0D, 0x18, 0x1B, 0x30, 0x3F, 0x30, 0x00, 0x00, 0x00,
    0x00, 0x19, 0xE0, 0x66, 0xC0, 0xC0, 0x83, 0x06, 0x0E, 0x1E, 0x18, 0x0E, 0x60, 0x08, 0xC1, 0xB3,
    0x13, 0xCC, 0x60, 0x19, 0xC0, 0x67, 0x80, 0xDB, 0x03, 0x3F, 0x8C, 0x0C, 0x18, 0x18, 0x60, 0x10,
    0xC0, 0x00, 0x1C, 0x38, 0x70, 0x00, 0x01, 0x83, 0x1E, 0x7C, 0xE3, 0x82, 0x06, 0x07, 0x0F, 0x8F,
    0x01, 0x80, 0x00, 0x38, 0x00, 0x03, 0x80, 0x00, 0x30, 0x00, 0x02, 0x00, 0x01, 0xC0, 0x00, 0x38,
    0x00, 0x07, 0x80, 0x01, 0xF0, 0x00, 0x36, 0x00, 0x0C, 0xE0, 0x01, 0x9C, 0x00, 0x31, 0x80, 0x0C,
    0x38, 0x01, 0xFF, 0x00, 0x60, 0x60, 0x0C, 0x0E, 0x01, 0x81, 0xC0, 0x60, 0x1C, 0x1E, 0x07, 0x8F,
    0xF3, 0xFC, 0x00, 0x18, 0x00, 0x07, 0x00, 0x01, 0xC0, 0x00, 0x30, 0x00, 0x06, 0x00, 0x01, 0xC0,
    0x00, 0x38, 0x00, 0x07, 0x80, 0x01, 0xF0, 0x00, 0x36, 0x00, 0x0C, 0xE0, 0x01, 0x9C, 0x00, 0x31,
    0x80, 0x0C, 0x38, 0x01, 0xFF, 0x00, 0x60, 0x60, 0x0C, 0x0E, 0x01, 0x81, 0xC0, 0x60, 0x1C, 0x1E,
    0x07, 0x8F, 0xF3, 0xFC, 0x00, 0xE0, 0x00, 0x3F, 0x00, 0x0E, 0x70, 0x00, 0x10, 0x00, 0x0E, 0x00,
    0x01, 0xC0, 0x00, 0x3C, 0x00, 0x0F, 0x80, 0x01, 0xB0, 0x00, 0x67, 0x00, 0x0C, 0xE0, 0x01, 0x8C,
    0x00, 0x61, 0xC0, 0x0F, 0xF8, 0x03, 0x03, 0x00, 0x60, 0x70, 0x0C, 0x0E, 0x03, 0x00, 0xE0, 0xF0,
    0x3C, 0x7F, 0x9F, 0xE0, 0x00, 0x0C, 0x00, 0x3F, 0x00, 0x0F, 0xE0, 0x01, 0x10, 0x00, 0x0E, 0x00,
    0x01, 0xC0, 0x00, 0x3C, 0x00, 0x0F, 0x80, 0x01, 0xB0, 0x00, 0x27, 0x00, 0x0C, 0xE0, 0x01, 0x8C,
    0x00, 0x61, 0xC0, 0x0F, 0xF8, 0x03, 0x03, 0x00, 0x60, 0x70, 0x0C, 0x0E, 0x03, 0x00, 0xE0, 0xF0,
    0x3C, 0x7F, 0x9F, 0xE0, 0x00, 0x00, 0x00, 0xC6, 0x00, 0x31, 0x80, 0x01, 0x00, 0x00, 0xC0, 0x00,
    0x38, 0x00, 0x1E, 0x00, 0x07, 0xC0, 0x01, 0xF0, 0x00, 0xCC, 0x00, 0x33, 0x80, 0x18, 0xE0, 0x06,
    0x18, 0x01, 0xFF, 0x00, 0xC1, 0xC0, 0x30, 0x30, 0x1C, 0x0E, 0x06, 0x03, 0x83, 0xC0, 0xF3, 0xF8,
    0xFF, 0x00, 0xE0, 0x00, 0x6C, 0x00, 0x13, 0x00, 0x06, 0xC0, 0x00, 0xE0, 0x00, 0x10, 0x00, 0x0E,
    0x00, 0x07, 0x80, 0x01, 0xE0, 0x00, 0x5C, 0x00, 0x37, 0x00, 0x0C, 0xC0, 0x06, 0x38, 0x01, 0x8E,
    0x00, 0x7F, 0x80, 0x30, 0x70, 0x0C, 0x0C, 0x06, 0x03, 0x81, 0x80, 0xE0, 0xE0, 0x3C, 0xFE, 0x3F,
    0xC0, 0x00, 0xFF, 0xF8, 0x00, 0xF0, 0x60, 0x03, 0xC0, 0x80, 0x1B, 0x00, 0x00, 0x6C, 0x00, 0x03,
    0x30, 0x00, 0x18, 0xC2, 0x00, 0x63, 0x18, 0x03, 0xFF, 0xE0, 0x0C, 0x30, 0x80, 0x60, 0xC0, 0x03,
    0x03, 0x00, 0x0C, 0x0C, 0x00, 0x60, 0x30, 0x13, 0xC1, 0xE0, 0xFF, 0xDF, 0xFF, 0x07, 0xFE, 0x1E,
    0x1E, 0x38, 0x06, 0x70, 0x02, 0x60, 0x02, 0xE0, 0x00, 0xE0, 0x00, 0xC0, 0x00, 0xE0, 0x00, 0xE0,
    0x00, 0xE0, 0x00, 0xF0, 0x00, 0x70, 0x03, 0x38, 0x06, 0x1E, 0x1E, 0x07, 0xFC, 0x01, 0x80, 0x01,
    0x80, 0x03, 0xC0, 0x03, 0xC0, 0x00, 0xC0, 0x00, 0xC0, 0x07, 0x80, 0x1C, 0x00, 0xE0, 0x03, 0x80,
    0x06, 0x00, 0x00, 0x7F, 0xF8, 0xE0, 0xC3, 0x02, 0x18, 0x00, 0xC0, 0x06, 0x00, 0x30, 0x81, 0xFC,
    0x0C, 0x20, 0x61, 0x03, 0x00, 0x18, 0x00, 0xC0, 0x46, 0x02, 0x78, 0x3F, 0xFF, 0x80, 0x00, 0xC0,
    0x0E, 0x00, 0xE0, 0x06, 0x00, 0x00, 0x7F, 0xF8, 0xE0, 0xC3, 0x02, 0x18, 0x00, 0xC0, 0x06, 0x00,
    0x30, 0x81, 0xFC, 0x0C, 0x20, 0x61, 0x03, 0x00, 0x18, 0x00, 0xC0, 0x46, 0x02, 0x78, 0x3F, 0xFF,
    0x80, 0x07, 0x00, 0x7E, 0x07, 0x38, 0x00, 0x0F, 0xFF, 0x1C, 0x18, 0x60, 0x43, 0x00, 0x18, 0x00,
    0xC0, 0x06, 0x10, 0x3F, 0x81, 0x84, 0x0C, 0x20, 0x60, 0x03, 0x00, 0x18, 0x08, 0xC0, 0x4F, 0x07,
    0xFF, 0xF0, 0x08, 0x00, 0xE6, 0x07, 0x30, 0x00, 0x0F, 0xFF, 0x1C, 0x08, 0x60, 0x63, 0x00, 0x18,
    0x00, 0xC0, 0x06, 0x10, 0x3F, 0x81, 0x8C, 0x0C, 0x20, 0x60, 0x03, 0x00, 0x18, 0x08, 0xC0, 0x4F,
    0x07, 0xFF, 0xF0, 0x60, 0x70, 0x38, 0x18, 0x00, 0xFF, 0x3C, 0x18, 0x18, 0x18, 0x18, 0x18, 0x18,
    0x18, 0x18, 0x18, 0x18, 0x18, 0x18, 0x3C, 0xFF, 0x06, 0x0E, 0x0C, 0x18, 0x00, 0xFF, 0x3C, 0x18,
    0x18, 0x18, 0x18, 0x18, 0x18, 0x18, 0x18, 0x18, 0x18, 0x18, 0x18, 0x3C, 0xFF, 0x3C, 0x7E, 0xE7,
    0x00, 0xFF, 0x3C, 0x18, 0x18, 0x18, 0x18, 0x18, 0x18, 0x18, 0x18, 0x18, 0x18, 0x18, 0x18, 0x3C,
    0xFF, 0x00, 0xC6, 0xC6, 0x00, 0xFF, 0x3C, 0x18, 0x18, 0x18, 0x18, 0x18, 0x18, 0x18, 0x18, 0x18,
    0x18, 0x18, 0x18, 0x3C, 0xFF, 0xFF, 0xFC, 0x0F, 0x07, 0x81, 0x80, 0x78, 0x60, 0x0E, 0x18, 0x01,
    0xC6, 0x00, 0x71, 0x80, 0x1D, 0xFF, 0x03, 0x18, 0x00, 0xC6, 0x00, 0x71, 0x80, 0x1C, 0x60, 0x06,
    0x18, 0x03, 0x86, 0x01, 0xC3, 0xC1, 0xE3, 0xFF, 0xE0, 0x00, 0x02, 0x00, 0x03, 0xF0, 0x00, 0x3F,
    0x00, 0x03, 0x00, 0x00, 0x00, 0x00, 0x3E, 0x01, 0xFC, 0xF8, 0x03, 0x83, 0xE0, 0x18, 0x0F, 0x80,
    0xC0, 0x7E, 0x06, 0x03, 0xF8, 0x30, 0x1B, 0xE1, 0x80, 0xCF, 0x0C, 0x06, 0x3C, 0x60, 0x30, 0xF3,
    0x01, 0x83, 0xD8, 0x0C, 0x0F, 0xC0, 0x60, 0x3E, 0x07, 0x00, 0xF0, 0x38, 0x03, 0x87, 0xF0, 0x0C,
    0x00, 0x03, 0x00, 0x03, 0xC0, 0x00, 0x60, 0x00, 0x18, 0x00, 0x00, 0x00, 0x7F, 0xC0, 0x70, 0xF0,
    0x60, 0x1C, 0x60, 0x07, 0x70, 0x01, 0xF8, 0x00, 0xF8, 0x00, 0x7C, 0x00, 0x3F, 0x00, 0x0F, 0x80,
    0x07, 0xC0, 0x07, 0xE0, 0x03, 0xB8, 0x01, 0x8E, 0x01, 0x83, 0xC3, 0x80, 0xFF, 0x80, 0x00, 0x30,
    0x00, 0x38, 0x00, 0x38, 0x00, 0x18, 0x00, 0x00, 0x00, 0x7F, 0xC0, 0x70, 0xF0, 0x60, 0x1C, 0x60,
    0x07, 0x70, 0x01, 0xF8, 0x00, 0xF8, 0x00, 0x7C, 0x00, 0x3F, 0x00, 0x0F, 0x80, 0x07, 0xC0, 0x07,
    0xE0, 0x03, 0xB8, 0x01, 0x8E, 0x01, 0x83, 0xC3, 0x80, 0xFF, 0x80, 0x01, 0xC0, 0x01, 0xF8, 0x01,
    0xCE, 0x00, 0x00, 0x00, 0xFF, 0x80, 0xE1, 0xE0, 0xC0, 0x38, 0xC0, 0x0E, 0xE0, 0x03, 0xF0, 0x01,
    0xF0, 0x00, 0xF8, 0x00, 0x7E, 0x00, 0x1F, 0x00, 0x0F, 0x80, 0x0F, 0xC0, 0x07, 0x70, 0x03, 0x1C,
    0x03, 0x07, 0x87, 0x01, 0xFF, 0x00, 0x00, 0x08, 0x01, 0xFC, 0x00, 0xFC, 0x00, 0xC0, 0x00, 0x00,
    0x00, 0x7F, 0xC0, 0x70, 0xF0, 0x60, 0x1C, 0x60, 0x07, 0x70, 0x01, 0xF8, 0x00, 0xF8, 0x00, 0x7C,
    0x00, 0x3F, 0x00, 0x0F, 0x80, 0x07, 0xC0, 0x07, 0xE0, 0x03, 0xB8, 0x01, 0x8E, 0x01, 0x83, 0xC3,
    0x80, 0xFF, 0x80, 0x00, 0x00, 0x03, 0x18, 0x01, 0x8C, 0x00, 0x00, 0x00, 0xFF, 0x80, 0xE1, 0xE0,
    0xC0, 0x38, 0xC0, 0x0E, 0xE0, 0x03, 0xF0, 0x01, 0xF0, 0x00, 0xF8, 0x00, 0x7E, 0x00, 0x1F, 0x00,
    0x0F, 0x80, 0x0F, 0xC0, 0x07, 0x70, 0x03, 0x1C, 0x03, 0x07, 0x87, 0x01, 0xFF, 0x00, 0x40, 0x4C,
    0x19, 0xC7, 0x1D, 0xC1, 0xF0, 0x1C, 0x07, 0xC1, 0xDC, 0x71, 0xCC, 0x18, 0x00, 0x00, 0x87, 0xFC,
    0xC7, 0x0F, 0xC6, 0x01, 0xC6, 0x00, 0xF7, 0x00, 0xDF, 0x80, 0xCF, 0x80, 0xC7, 0xC0, 0xC3, 0xF0,
    0xC0, 0xF8, 0xC0, 0x7C, 0xC0, 0x7F, 0xC0, 0x3B, 0xC0, 0x19, 0xE0, 0x19, 0xFC, 0x38, 0xCF, 0xF8,
    0x00, 0x03, 0x00, 0x01, 0xE0, 0x00, 0x18, 0x00, 0x03, 0x00, 0x00, 0x00, 0x3F, 0x03, 0xE7, 0x80,
    0x70, 0xC0, 0x18, 0x30, 0x06, 0x0C, 0x01, 0x83, 0x00, 0x60, 0xC0, 0x18, 0x30, 0x06, 0x0C, 0x01,
    0x83, 0x00, 0x60, 0xC0, 0x18, 0x38, 0x06, 0x0E, 0x01, 0x81, 0xC0, 0xC0, 0x78, 0x60, 0x07, 0xF0,
    0x00, 0x00, 0x30, 0x00, 0x1C, 0x00, 0x0E, 0x00, 0x03, 0x00, 0x00, 0x00, 0x3F, 0x03, 0xE7, 0x80,
    0x70, 0xC0, 0x18, 0x30, 0x06, 0x0C, 0x01, 0x83, 0x00, 0x60, 0xC0, 0x18, 0x30, 0x06, 0x0C, 0x01,
    0x83, 0x00, 0x60, 0xC0, 0x18, 0x38, 0x06, 0x0E, 0x01, 0x81, 0xC0, 0xC0, 0x78, 0x60, 0x07, 0xF0,
    0x00, 0x01, 0xE0, 0x00, 0xFC, 0x00, 0x73, 0x80, 0x00, 0x00, 0xFC, 0x0F, 0x9E, 0x01, 0xC3, 0x00,
    0x60, 0xC0, 0x18, 0x30, 0x06, 0x0C, 0x01, 0x83, 0x00, 0x60, 0xC0, 0x18, 0x30, 0x06, 0x0C, 0x01,
    0x83, 0x00, 0x60, 0xE0, 0x18, 0x38, 0x06, 0x07, 0x03, 0x01, 0xE1, 0x80, 0x1F, 0xC0, 0x00, 0x00,
    0x00, 0xC6, 0x00, 0x31, 0x80, 0x00, 0x00, 0xFC, 0x0F, 0x9E, 0x01, 0xC3, 0x00, 0x60, 0xC0, 0x18,
    0x30, 0x06, 0x0C, 0x01, 0x83, 0x00, 0x60, 0xC0, 0x18, 0x30, 0x06, 0x0C, 0x01, 0x83, 0x00, 0x60,
    0xE0, 0x18, 0x38, 0x06, 0x07, 0x03, 0x01, 0xE1, 0x80, 0x1F, 0xC0, 0x00, 0x70, 0x00, 0x38, 0x00,
    0x38, 0x00, 0x30, 0x00, 0x00, 0x07, 0xF1, 0xF8, 0xF0, 0x30, 0x38, 0x30, 0x1E, 0x18, 0x07, 0x18,
    0x03, 0xC8, 0x00, 0xEC, 0x00, 0x3C, 0x00, 0x1E, 0x00, 0x06, 0x00, 0x03, 0x00, 0x01, 0x80, 0x00,
    0xC0, 0x00, 0x60, 0x00, 0x78, 0x00, 0xFF, 0x00, 0x7F, 0x01, 0xE0, 0x06, 0x00, 0x3F, 0xC1, 0xC7,
    0x0C, 0x1C, 0x60, 0xE3, 0x03, 0x18, 0x18, 0xC1, 0xC6, 0x0E, 0x39, 0xE1, 0xFC, 0x0C, 0x00, 0xF0,
    0x1F, 0xE0, 0x07, 0xC1, 0x8E, 0x18, 0xE3, 0x86, 0x30, 0xE3, 0x0C, 0x31, 0x8F, 0x30, 0xF3, 0x83,
    0x3C, 0x31, 0xE3, 0x0F, 0x30, 0x73, 0x03, 0x30, 0x33, 0xBB, 0xFF, 0xC0, 0x60, 0x1C, 0x03, 0x00,
    0x60, 0x08, 0x00, 0x03, 0xE1, 0xF8, 0xC6, 0x31, 0x80, 0x60, 0xF8, 0xFE, 0x39, 0x8E, 0xE3, 0xFF,
    0x07, 0x03, 0x80, 0xC0, 0x70, 0x18, 0x00, 0x03, 0xE1, 0xF8, 0xC6, 0x31, 0x80, 0x60, 0xF8, 0xFE,
    0x39, 0x8E, 0xE3, 0xFF, 0x18, 0x07, 0x03, 0xC1, 0x98, 0x62, 0x00, 0x03, 0xE1, 0xB8, 0xC6, 0x31,
    0x80, 0xE0, 0xF8, 0xF6, 0x39, 0x8E, 0xE3, 0xFF, 0x03, 0x0F, 0x87, 0xE1, 0x00, 0x00, 0x0F, 0x87,
    0xE3, 0x18, 0xC6, 0x01, 0x83, 0xE3, 0xF8, 0xE6, 0x3B, 0x8F, 0xFC, 0x66, 0x19, 0x80, 0x00, 0x00,
    0x00, 0x0F, 0x87, 0xE3, 0x18, 0xC6, 0x01, 0x83, 0xE3, 0xF8, 0xE6, 0x3B, 0x8F, 0xFC, 0x3C, 0x0B,
    0x03, 0x40, 0xF0, 0x00, 0x00, 0x03, 0xE1, 0xF8, 0xC6, 0x31, 0x80, 0x60, 0xF8, 0xFE, 0x39, 0x8E,
    0xF3, 0xFF, 0x3F, 0xF3, 0x7B, 0xB1, 0x9D, 0x0F, 0xC0, 0xF8, 0x1F, 0x03, 0xD8, 0x18, 0xE2, 0xEF,
    0xF7, 0xFF, 0x00, 0x3F, 0x33, 0xB8, 0x1C, 0x0C, 0x07, 0x03, 0x81, 0xE2, 0x7F, 0x1F, 0x06, 0x03,
    0x03, 0xC1, 0xE0, 0x30, 0x18, 0x38, 0x00, 0x30, 0x1C, 0x06, 0x01, 0x80, 0xC0, 0x00, 0xF8, 0xCE,
    0xE3, 0x7F, 0xB0, 0x18, 0x0E, 0x07, 0x09, 0xFC, 0x7C, 0x07, 0x03, 0x03, 0x81, 0x80, 0x80, 0x00,
    0xF8, 0xCE, 0xE3, 0x7F, 0xB0, 0x18, 0x0E, 0x07, 0x09, 0xFC, 0x7C, 0x08, 0x0E, 0x0F, 0x06, 0xC2,
    0x20, 0x00, 0xF8, 0xCE, 0xE3, 0x7F, 0xB0, 0x18, 0x0E, 0x07, 0x09, 0xFC, 0x7C, 0x33, 0x19, 0x80,
    0x00, 0x00, 0x01, 0xF1, 0x9D, 0xC6, 0xFF, 0x60, 0x30, 0x1C, 0x0E, 0x03, 0xF8, 0xF8, 0xE0, 0xE1,
    0xC1, 0x81, 0x81, 0x07, 0x3C, 0x38, 0x30, 0x60, 0xC1, 0x83, 0x06, 0x3F, 0x0C, 0x38, 0x61, 0xC3,
    0x04, 0x0E, 0x78, 0x70, 0x60, 0xC1, 0x83, 0x06, 0x0C, 0x7E, 0x30, 0xC7, 0x9F, 0xCE, 0x13, 0xBC,
    0x70, 0xC3, 0x0C, 0x30, 0xC3, 0x3F, 0xC7, 0x8C, 0x00, 0x00, 0x06, 0x3C, 0x38, 0x30, 0x60, 0xC1,
    0x83, 0x06, 0x3F, 0x00, 0x78, 0x03, 0xDC, 0x1F, 0x07, 0xC3, 0xDC, 0x63, 0x80, 0x38, 0xFF, 0x71,
    0xFC, 0x1F, 0x83, 0xE0, 0x3C, 0x0F, 0xC1, 0xF8, 0x33, 0x8E, 0x3F, 0x00, 0x00, 0x40, 0x7E, 0x07,
    0xE0, 0x30, 0x01, 0x80, 0x3F, 0xE1, 0xE3, 0x86, 0x0C, 0x30, 0x61, 0x83, 0x0C, 0x18, 0x60, 0xC3,
    0x06, 0x18, 0x33, 0xF7, 0xE0, 0x38, 0x03, 0x00, 0x70, 0x06, 0x00, 0x60, 0x00, 0x07, 0xE3, 0x8E,
    0x60, 0xFC, 0x1F, 0x01, 0xE0, 0x3E, 0x0F, 0xC1, 0xDC, 0x71, 0xFC, 0x01, 0x80, 0x70, 0x1C, 0x03,
    0x00, 0x40, 0x00, 0x07, 0xE3, 0x8E, 0x60, 0xFC, 0x1F, 0x01, 0xE0, 0x3E, 0x0F, 0xC1, 0xDC, 0x71,
    0xFC, 0x06, 0x01, 0xC0, 0x3C, 0x0D, 0x81, 0x18, 0x00, 0x07, 0xE3, 0x8E, 0x60, 0xFC, 0x1F, 0x01,
    0xE0, 0x3E, 0x0F, 0xC1, 0xDC, 0x71, 0xFC, 0x00, 0x83, 0xF0, 0xFC, 0x10, 0x00, 0x00, 0x3F, 0x1C,
    0x73, 0x07, 0xE0, 0xF8, 0x0F, 0x01, 0xF0, 0x7E, 0x0E, 0xE3, 0x8F, 0xE0, 0x31, 0x86, 0x30, 0x00,
    0x00, 0x00, 0x00, 0x3F, 0x1C, 0x73, 0x07, 0xE0, 0xF8, 0x0F, 0x01, 0xF0, 0x7E, 0x0E, 0xE3, 0x8F,
    0xE0, 0x00, 0x00, 0x60, 0x06, 0x00, 0x00, 0x00, 0x0F, 0xFF, 0x00, 0x00, 0x00, 0x06, 0x00, 0x60,
    0x0F, 0xF1, 0xC7, 0x8C, 0x3C, 0xE3, 0xE6, 0x33, 0x33, 0x19, 0xF1, 0xCF, 0x0E, 0x78, 0xE3, 0xFE,
    0x00, 0x1C, 0x00, 0xE0, 0x03, 0x80, 0x0C, 0x00, 0x20, 0x00, 0x03, 0xE7, 0xCE, 0x1C, 0x30, 0x61,
    0x83, 0x0C, 0x18, 0x60, 0xC3, 0x06, 0x1C, 0x70, 0xFF, 0xE3, 0xFF, 0x01, 0xC0, 0x1C, 0x00, 0xC0,
    0x06, 0x00, 0x60, 0x00, 0x03, 0xE7, 0xCE, 0x1C, 0x30, 0x61, 0x83, 0x0C, 0x18, 0x60, 0xC3, 0x06,
    0x1C, 0x70, 0xFF, 0xE3, 0xFF, 0x06, 0x00, 0x38, 0x03, 0xC0, 0x1B, 0x01, 0x88, 0x00, 0x03, 0xE7,
    0xCE, 0x1C, 0x30, 0x61, 0x83, 0x0C, 0x18, 0x60, 0xC3, 0x06, 0x1C, 0x70, 0xFF, 0xE3, 0xFF, 0x19,
    0x80, 0xCC, 0x00, 0x00, 0x00, 0x00, 0x00, 0x7C, 0xF9, 0xC3, 0x86, 0x0C, 0x30, 0x61, 0x83, 0x0C,
    0x18, 0x60, 0xC3, 0x8E, 0x1F, 0xFC, 0x7F, 0xE0, 0x01, 0xC0, 0x18, 0x03, 0x80, 0x30, 0x06, 0x00,
    0x00, 0x7D, 0xF3, 0x8C, 0x38, 0xC1, 0x88, 0x1D, 0x81, 0xD8, 0x0F, 0x00, 0xF0, 0x06, 0x00, 0x60,
    0x04, 0x00, 0xC0, 0x0C, 0x00, 0x80, 0x18, 0x07, 0x00, 0x70, 0x00, 0x00, 0x07, 0x00, 0xF0, 0x07,
    0x00, 0x30, 0x03, 0x00, 0x30, 0x03, 0x00, 0x37, 0xE3, 0xDE, 0x38, 0x73, 0x07, 0x30, 0x33, 0x03,
    0x30, 0x73, 0x06, 0x38, 0xE3, 0xF8, 0x30, 0x03, 0x00, 0x30, 0x03, 0x00, 0x30, 0x03, 0x00, 0xFC,
    0x00, 0x00, 0x01, 0x8C, 0x18, 0xC0, 0x00, 0x00, 0x0F, 0x9F, 0x70, 0xC3, 0x8C, 0x38, 0x81, 0x98,
    0x1D, 0x01, 0xF0, 0x0F, 0x00, 0xE0, 0x0E, 0x00, 0xC0, 0x0C, 0x00, 0x80, 0x18, 0x03, 0x80, 0xF0,
    0x0F, 0x00, 0x03, 0xFC, 0x00, 0x00, 0x00, 0x01, 0x80, 0x00, 0x70, 0x00, 0x0E, 0x00, 0x01, 0xE0,
    0x00, 0x7C, 0x00, 0x0D, 0x80, 0x03, 0x38, 0x00, 0x67, 0x00, 0x0C, 0x60, 0x03, 0x0E, 0x00, 0x7F,
    0xC0, 0x18, 0x18, 0x03, 0x03, 0x80, 0xE0, 0x70, 0x18, 0x07, 0x07, 0x81, 0xE3, 0xFC, 0xFF, 0x00,
    0x7F, 0x00, 0x00, 0x00, 0x00, 0x3E, 0x1F, 0x8C, 0x63, 0x18, 0x06, 0x0F, 0x8F, 0xE3, 0x98, 0xEE,
    0x3F, 0xF0, 0x02, 0x08, 0x00, 0xEE, 0x00, 0x1F, 0x00, 0x01, 0x00, 0x00, 0xE0, 0x00, 0x38, 0x00,
    0x1E, 0x00, 0x07, 0xC0, 0x01, 0x70, 0x00, 0xCC, 0x00, 0x33, 0x80, 0x18, 0xE0, 0x06, 0x18, 0x01,
    0xFF, 0x00, 0xC1, 0xC0, 0x30, 0x38, 0x1C, 0x0E, 0x06, 0x03, 0x83, 0xC0, 0xF3, 0xF8, 0xFF, 0x22,
    0x0D, 0x83, 0xE0, 0x20, 0x00, 0x0F, 0x87, 0xE3, 0x18, 0xC6, 0x01, 0x83, 0xE3, 0xF8, 0xE6, 0x3B,
    0x8F, 0xFC, 0x00, 0x40, 0x00, 0x30, 0x00, 0x1E, 0x00, 0x07, 0x80, 0x01, 0xE0, 0x00, 0xDC, 0x00,
    0x37, 0x00, 0x08, 0xC0, 0x06, 0x38, 0x01, 0x8E, 0x00, 0xFF, 0xC0, 0x30, 0x70, 0x1C, 0x0C, 0x06,
    0x03, 0x81, 0x80, 0xE1, 0xF0, 0x3C, 0xFE, 0x3F, 0xC0, 0x03, 0x00, 0x01, 0x80, 0x00, 0xE0, 0x00,
    0x30, 0x00, 0x0E, 0x40, 0x03, 0xF0, 0x00, 0x78, 0x3E, 0x1F, 0x8C, 0x63, 0x18, 0x06, 0x0F, 0x8F,
    0xE3, 0x98, 0xEE, 0x3F, 0xF0, 0x30, 0x18, 0x0E, 0x03, 0x00, 0xE0, 0x3E, 0x0F, 0x80, 0x00, 0x30,
    0x00, 0x70, 0x00, 0xE0, 0x00, 0xC0, 0x00, 0x00, 0x07, 0xFE, 0x1E, 0x1E, 0x38, 0x06, 0x70, 0x02,
    0x60, 0x02, 0xE0, 0x00, 0xE0, 0x00, 0xC0, 0x00, 0xE0, 0x00, 0xE0, 0x00, 0xE0, 0x00, 0xF0, 0x00,
    0x70, 0x03, 0x38, 0x06, 0x1E, 0x1E, 0x07, 0xFC, 0x03, 0x81, 0x81, 0xC0, 0xC0, 0xC0, 0x00, 0xFE,
    0xE7, 0xE0, 0x70, 0x30, 0x18, 0x0E, 0x07, 0x85, 0xFE, 0x7E, 0x00, 0xC0, 0x01, 0xE0, 0x07, 0xF0,
    0x06, 0x38, 0x00, 0x00, 0x07, 0xFE, 0x1E, 0x1E, 0x38, 0x06, 0x70, 0x02, 0x60, 0x02, 0xE0, 0x00,
    0xE0, 0x00, 0xC0, 0x00, 0xE0, 0x00, 0xE0, 0x00, 0xE0, 0x00, 0xF0, 0x00, 0x70, 0x03, 0x38, 0x06,
    0x1E, 0x1E, 0x07, 0xFC, 0x0C, 0x07, 0x07, 0x83, 0x63, 0x10, 0x00, 0xFE, 0xE7, 0xE0, 0x70, 0x30,
    0x18, 0x0E, 0x07, 0x85, 0xFE, 0x7E, 0x01, 0xC0, 0x01, 0xC0, 0x01, 0xC0, 0x00, 0x00, 0x07, 0xFE,
    0x1E, 0x1E, 0x38, 0x06, 0x70, 0x02, 0x60, 0x02, 0xE0, 0x00, 0xE0, 0x00, 0xC0, 0x00, 0xE0, 0x00,
    0xE0, 0x00, 0xE0, 0x00, 0xF0, 0x00, 0x70, 0x03, 0x38, 0x06, 0x1E, 0x1E, 0x07, 0xFC, 0x00, 0x06,
    0x03, 0x00, 0x00, 0x00, 0x00, 0xFC, 0xCE, 0xE0, 0x70, 0x30, 0x18, 0x0E, 0x07, 0x01, 0xFC, 0x7C,
    0x04, 0x18, 0x07, 0xF0, 0x03, 0xE0, 0x00, 0xC0, 0x00, 0x00, 0x07, 0xFE, 0x1E, 0x1E, 0x38, 0x06,
    0x70, 0x02, 0x60, 0x02, 0xE0, 0x00, 0xE0, 0x00, 0xC0, 0x00, 0xE0, 0x00, 0xE0, 0x00, 0xE0, 0x00,
    0xF0, 0x00, 0x70, 0x03, 0x38, 0x06, 0x1E, 0x1E, 0x07, 0xFC, 0x31, 0x0D, 0x87, 0x81, 0xC0, 0xC0,
    0x00, 0xFE, 0xE7, 0xE0, 0x70, 0x30, 0x18, 0x0E, 0x07, 0x85, 0xFE, 0x7E, 0x07, 0x38, 0x00, 0xFC,
    0x00, 0x0E, 0x00, 0x00, 0x00, 0xFF, 0xFC, 0x0F, 0x07, 0x81, 0x80, 0x78, 0x60, 0x0E, 0x18, 0x01,
    0xC6, 0x00, 0x71, 0x80, 0x1C, 0x60, 0x03, 0x18, 0x00, 0xC6, 0x00, 0x71, 0x80, 0x1C, 0x60, 0x06,
    0x18, 0x03, 0x86, 0x01, 0xC3, 0xC1, 0xE3, 0xFF, 0xE0, 0x01, 0xD8, 0x1E, 0xC0, 0x76, 0x01, 0xB0,
    0x0D, 0x00, 0x60, 0x03, 0x07, 0xF8, 0x73, 0xC7, 0x0E, 0x38, 0x31, 0x81, 0x8C, 0x0C, 0x70, 0x63,
    0x83, 0x0E, 0x38, 0x3F, 0xF0, 0x00, 0x00, 0xFF, 0xFC, 0x0F, 0x07, 0x81, 0x80, 0x78, 0x60, 0x0E,
    0x18, 0x01, 0xC6, 0x00, 0x71, 0x80, 0x1D, 0xFF, 0x03, 0x18, 0x00, 0xC6, 0x00, 0x71, 0x80, 0x1C,
    0x60, 0x06, 0x18, 0x03, 0x86, 0x01, 0xC3, 0xC1, 0xE3, 0xFF, 0xE0, 0x00, 0x00, 0x0F, 0x00, 0xF0,
    0x03, 0x80, 0xFF, 0x80, 0x60, 0x03, 0x00, 0x18, 0x3F, 0xC3, 0x9E, 0x38, 0x71, 0xC1, 0x8C, 0x0C,
    0x60, 0x63, 0x83, 0x1C, 0x18, 0x71, 0xE1, 0xFF, 0x80, 0x20, 0x1F, 0xE0, 0x00, 0x00, 0x01, 0xFF,
    0xE3, 0x83, 0x0C, 0x08, 0x60, 0x03, 0x00, 0x18, 0x00, 0xC2, 0x07, 0xF0, 0x30, 0x81, 0x84, 0x0C,
    0x00, 0x60, 0x03, 0x01, 0x18, 0x09, 0xE0, 0xFF, 0xFE, 0x3F, 0x00, 0x00, 0x00, 0x03, 0xE3, 0x3B,
    0x8D, 0xFE, 0xC0, 0x60, 0x38, 0x1C, 0x27, 0xF1, 0xF0, 0x10, 0x40, 0xEE, 0x03, 0xE0, 0x04, 0x0F,
    0xFF, 0x1C, 0x18, 0x60, 0x43, 0x00, 0x18, 0x00, 0xC0, 0x06, 0x10, 0x3F, 0x81, 0x84, 0x0C, 0x20,
    0x60, 0x03, 0x00, 0x18, 0x08, 0xC0, 0x4F, 0x07, 0xFF, 0xF0, 0x22, 0x1B, 0x0F, 0x81, 0x00, 0x01,
    0xF1, 0x9D, 0x86, 0xFF, 0x60, 0x30, 0x1C, 0x0E, 0x13, 0xF8, 0xF8, 0x07, 0x00, 0x38, 0x01, 0xC0,
    0x00, 0x0F, 0xFF, 0x1C, 0x18, 0x60, 0x43, 0x00, 0x18, 0x00, 0xC0, 0x06, 0x10, 0x3F, 0x81, 0x84,
    0x0C, 0x20, 0x60, 0x03, 0x00, 0x18, 0x08, 0xC0, 0x4F, 0x07, 0xFF, 0xF0, 0x00, 0x06, 0x03, 0x00,
    0x00, 0x00, 0x00, 0xF8, 0xEE, 0xE3, 0x7F, 0xB0, 0x18, 0x0E, 0x07, 0x09, 0xFC, 0x7C, 0xFF, 0xF1,
    0xC1, 0x86, 0x04, 0x30, 0x01, 0x80, 0x0C, 0x00, 0x61, 0x03, 0xF8, 0x18, 0x40, 0xC2, 0x06, 0x00,
    0x30, 0x01, 0x80, 0x8C, 0x04, 0xF0, 0x7F, 0xFF, 0x00, 0xC0, 0x0C, 0x00, 0xE0, 0x06, 0x00, 0x39,
    0x01, 0xF8, 0x07, 0x80, 0x3F, 0x33, 0xB8, 0xDF, 0xEC, 0x06, 0x03, 0x81, 0xC1, 0x7F, 0x9F, 0x83,
    0x81, 0x81, 0x80, 0xC0, 0x74, 0x3E, 0x1F, 0x00, 0x1C, 0xE0, 0x7E, 0x01, 0xC0, 0x00, 0x0F, 0xFF,
    0x1C, 0x18, 0x60, 0x43, 0x00, 0x18, 0x00, 0xC0, 0x06, 0x10, 0x3F, 0x81, 0x84, 0x0C, 0x20, 0x60,
    0x03, 0x00, 0x18, 0x08, 0xC0, 0x4F, 0x07, 0xFF, 0xF0, 0x33, 0x1B, 0x07, 0x83, 0x80, 0x80, 0x00,
    0xF8, 0xCE, 0xE3, 0x7F, 0xB0, 0x18, 0x0E, 0x07, 0x09, 0xFC, 0x7C, 0x01, 0xE0, 0x01, 0xF8, 0x01,
    0xCE, 0x00, 0x00, 0x00, 0x7F, 0xE0, 0xF0, 0xF0, 0xE0, 0x18, 0xE0, 0x04, 0x60, 0x00, 0x70, 0x00,
    0x38, 0x00, 0x18, 0x00, 0x0C, 0x00, 0x07, 0x01, 0xFF, 0x80, 0x3D, 0xC0, 0x0C, 0x70, 0x06, 0x1C,
    0x07, 0x07, 0x87, 0xC0, 0xFF, 0x80, 0x0C, 0x00, 0xE0, 0x1E, 0x01, 0xA0, 0x33, 0x00, 0x00, 0x3F,
    0xE7, 0x38, 0x73, 0x86, 0x18, 0x73, 0x87, 0x30, 0x3E, 0x03, 0x00, 0x60, 0x07, 0x80, 0x7F, 0x83,
    0xFC, 0xE0, 0xCC, 0x1C, 0xE1, 0xCF, 0x38, 0x7E, 0x00, 0x02, 0x08, 0x01, 0xDC, 0x00, 0x7C, 0x00,
    0x08, 0x00, 0x7F, 0xE0, 0xF0, 0xF0, 0xE0, 0x18, 0xE0, 0x04, 0x60, 0x00, 0x70, 0x00, 0x38, 0x00,
    0x18, 0x00, 0x0C, 0x00, 0x07, 0x01, 0xFF, 0x80, 0x3D, 0xC0, 0x0C, 0x70, 0x06, 0x1C, 0x07, 0x07,
    0x87, 0xC0, 0xFF, 0x80, 0x11, 0x01, 0xB0, 0x1F, 0x00, 0x40, 0x00, 0x03, 0xFE, 0x73, 0x87, 0x38,
    0x61, 0x87, 0x38, 0x73, 0x03, 0xE0, 0x70, 0x06, 0x00, 0x78, 0x07, 0xF8, 0x3F, 0xCE, 0x0C, 0xC0,
    0xCE, 0x1C, 0xF3, 0x87, 0xE0, 0x00, 0xE0, 0x00, 0x70, 0x00, 0x38, 0x00, 0x00, 0x00, 0x7F, 0xE0,
    0xF0, 0xF0, 0xE0, 0x18, 0xE0, 0x04, 0x60, 0x00, 0x70, 0x00, 0x38, 0x00, 0x18, 0x00, 0x0C, 0x00,
    0x07, 0x01, 0xFF, 0x80, 0x3D, 0xC0, 0x0C, 0x70, 0x06, 0x1C, 0x07, 0x07, 0x87, 0xC0, 0xFF, 0x80,
    0x0C, 0x00, 0xC0, 0x00, 0x00, 0x00, 0x00, 0x03, 0xFE, 0x73, 0x87, 0x38, 0x61, 0x87, 0x38, 0x73,
    0x03, 0xE0, 0x70, 0x06, 0x00, 0x78, 0x07, 0xF8, 0x3F, 0xCE, 0x0C, 0xC1, 0xCE, 0x1C, 0xF3, 0x87,
    0xE0, 0x07, 0xFE, 0x0F, 0x0F, 0x0E, 0x01, 0x8E, 0x00, 0x46, 0x00, 0x07, 0x00, 0x03, 0x80, 0x01,
    0x80, 0x00, 0xC0, 0x00, 0x70, 0x3F, 0xF8, 0x03, 0xDC, 0x00, 0xC7, 0x00, 0x61, 0xC0, 0x70, 0x78,
    0x7C, 0x0F, 0xF8, 0x00, 0x00, 0x00, 0x00, 0x00, 0x70, 0x00, 0x38, 0x00, 0x0C, 0x00, 0x06, 0x00,
    0x06, 0x00, 0x06, 0x00, 0xC0, 0x08, 0x01, 0xC0, 0x0E, 0x00, 0xE0, 0x00, 0x03, 0xFE, 0x73, 0x87,
    0x38, 0x61, 0x87, 0x38, 0x73, 0x03, 0xE0, 0x30, 0x06, 0x00, 0x78, 0x07, 0xF8, 0x3F, 0xCE, 0x0C,
    0xC1, 0xCE, 0x1C, 0xF3, 0x87, 0xE0, 0x00, 0xF0, 0x00, 0x1F, 0x80, 0x03, 0x9C, 0x00, 0x00, 0x00,
    0x7F, 0x0F, 0xE3, 0xC0, 0x3C, 0x18, 0x01, 0x81, 0x80, 0x18, 0x18, 0x01, 0x81, 0x80, 0x18, 0x18,
    0x01, 0x81, 0xFF, 0xF8, 0x18, 0x01, 0x81, 0x80, 0x18, 0x18, 0x01, 0x81, 0x80, 0x18, 0x18, 0x01,
    0x81, 0x80, 0x18, 0x3C, 0x03, 0xCF, 0xF0, 0xFE, 0x38, 0x01, 0xF8, 0x0C, 0x60, 0x02, 0x00, 0x7C,
    0x00, 0xE0, 0x01, 0x80, 0x06, 0x00, 0x18, 0x00, 0x60, 0x01, 0x80, 0x07, 0xF8, 0x1C, 0x70, 0x61,
    0xC1, 0x83, 0x06, 0x0C, 0x18, 0x30, 0x60, 0xC1, 0x83, 0x06, 0x1C, 0x7E, 0xFC, 0x7F, 0x0F, 0xE3,
    0xC0, 0x3C, 0x18, 0x01, 0x81, 0x80, 0x18, 0x7F, 0xFF, 0xE1, 0x80, 0x18, 0x18, 0x01, 0x81, 0xFF,
    0xF8, 0x18, 0x01, 0x81, 0x80, 0x18, 0x18, 0x01, 0x81, 0x80, 0x18, 0x18, 0x01, 0x81, 0x80, 0x18,
    0x3C, 0x03, 0xCF, 0xF0, 0xFE, 0x38, 0x07, 0x80, 0x1C, 0x00, 0x60, 0x03, 0x00, 0x7F, 0x80, 0xC0,
    0x06, 0x00, 0x3F, 0xC1, 0xC7, 0x0C, 0x38, 0x60, 0xC3, 0x06, 0x18, 0x30, 0xC1, 0x86, 0x0C, 0x38,
    0xE7, 0xEF, 0xC0, 0x01, 0x1F, 0x9F, 0x88, 0x0F, 0xF1, 0xE0, 0x60, 0x30, 0x18, 0x0C, 0x06, 0x03,
    0x01, 0x80, 0xC0, 0x60, 0x30, 0x18, 0x0C, 0x0F, 0x1F, 0xE0, 0x01, 0x3F, 0x7E, 0xC0, 0x00, 0x1C,
    0x78, 0x38, 0x18, 0x18, 0x18, 0x18, 0x18, 0x18, 0x7E, 0xFF, 0x00, 0x00, 0xFF, 0x3C, 0x18, 0x18,
    0x18, 0x18, 0x18, 0x18, 0x18, 0x18, 0x18, 0x18, 0x18, 0x18, 0x3C, 0xFF, 0x7E, 0x00, 0x00, 0x1C,
    0x78, 0x38, 0x18, 0x18, 0x18, 0x18, 0x18, 0x18, 0x7E, 0x41, 0x77, 0x3E, 0x08, 0x7F, 0x3C, 0x18,
    0x18, 0x18, 0x18, 0x18, 0x18, 0x18, 0x18, 0x18, 0x18, 0x18, 0x18, 0x3C, 0xFF, 0x8B, 0x6F, 0x88,
    0x00, 0xCF, 0x1C, 0x30, 0xC3, 0x0C, 0x30, 0xCF, 0xC0, 0x7F, 0x1E, 0x06, 0x03, 0x01, 0x80, 0xC0,
    0x60, 0x30, 0x18, 0x0C, 0x06, 0x03, 0x01, 0x80, 0xC0, 0xF1, 0xFE, 0x0C, 0x0C, 0x0E, 0x06, 0x03,
    0x91, 0xF8, 0x78, 0x30, 0xC0, 0x00, 0x00, 0xCF, 0x1C, 0x71, 0xC7, 0x1C, 0x71, 0xCF, 0xCC, 0x63,
    0x8C, 0x38, 0xFB, 0xE0, 0x1C, 0x1C, 0x1C, 0x00, 0x7F, 0x3C, 0x18, 0x18, 0x18, 0x18, 0x18, 0x18,
    0x18, 0x18, 0x18, 0x18, 0x18, 0x18, 0x3C, 0xFF, 0x3B, 0xC7, 0x0C, 0x30, 0xC3, 0x0C, 0x33, 0xF0,
    0xFF, 0x7F, 0x1E, 0x0F, 0x06, 0x03, 0x03, 0x01, 0x81, 0x80, 0xC0, 0xC0, 0x60, 0x60, 0x30, 0x30,
    0x18, 0x18, 0x0C, 0x0C, 0x06, 0x06, 0x03, 0x03, 0x01, 0x81, 0x80, 0xC0, 0xC0, 0x60, 0xF0, 0x31,
    0xFE, 0x18, 0x00, 0x0C, 0x00, 0x0E, 0x00, 0x66, 0x00, 0x7B, 0x00, 0x1F, 0x00, 0x30, 0xC6, 0x18,
    0x00, 0x00, 0x00, 0x00, 0x71, 0xBC, 0xF3, 0x8E, 0x30, 0xC6, 0x18, 0xC3, 0x18, 0x63, 0x0C, 0x61,
    0xBF, 0x30, 0x06, 0x00, 0xC0, 0x38, 0x07, 0x00, 0xC0, 0x38, 0x0E, 0x00, 0x0E, 0x07, 0xE3, 0x9C,
    0x00, 0x3F, 0x83, 0xC0, 0x60, 0x18, 0x06, 0x01, 0x80, 0x60, 0x18, 0x06, 0x01, 0x80, 0x60, 0x18,
    0x06, 0x01, 0x80, 0x60, 0x18, 0x06, 0x01, 0x8C, 0xC3, 0xB0, 0xF8, 0x00, 0x18, 0x70, 0xF3, 0x34,
    0x61, 0x8E, 0x1C, 0x18, 0x30, 0x60, 0xC1, 0x83, 0x06, 0x0C, 0x18, 0x30, 0xE1, 0xC3, 0x0E, 0x38,
    0x00, 0xFE, 0x3F, 0x9E, 0x1E, 0x06, 0x0C, 0x03, 0x0C, 0x01, 0x8C, 0x00, 0xCC, 0x00, 0x6C, 0x00,
    0x3E, 0x00, 0x1F, 0x80, 0x0D, 0xE0, 0x06, 0x78, 0x03, 0x1E, 0x01, 0x87, 0x80, 0xC1, 0xC0, 0xF0,
    0xF9, 0xFE, 0x7F, 0x00, 0x00, 0x00, 0x00, 0x00, 0x70, 0x00, 0x38, 0x00, 0x0C, 0x00, 0x06, 0x00,
    0x06, 0x00, 0x10, 0x0F, 0x00, 0x70, 0x03, 0x00, 0x30, 0x03, 0x00, 0x30, 0x03, 0x1E, 0x31, 0x83,
    0x20, 0x30, 0x03, 0xC0, 0x3E, 0x03, 0xF0, 0x37, 0x83, 0x3C, 0xFB, 0xF0, 0x00, 0x00, 0x00, 0xE0,
    0x0E, 0x00, 0x60, 0x06, 0x00, 0xC0, 0x00, 0x21, 0xCF, 0x3E, 0x60, 0xE6, 0x03, 0x60, 0x1F, 0x00,
    0xF8, 0x06, 0xE0, 0x33, 0x81, 0x8F, 0x3F, 0xFC, 0x07, 0x00, 0x0E, 0x00, 0x38, 0x00, 0xC0, 0x00,
    0x00, 0x1F, 0xE0, 0x07, 0x00, 0x0C, 0x00, 0x18, 0x00, 0x30, 0x00, 0x60, 0x00, 0xC0, 0x01, 0x80,
    0x03, 0x00, 0x06, 0x00, 0x0C, 0x00, 0x18, 0x00, 0x30, 0x08, 0x60, 0x11, 0xE0, 0x6F, 0xFF, 0xC0,
    0x1D, 0xFF, 0x00, 0x7B, 0xC3, 0x0C, 0x30, 0xC3, 0x0C, 0x30, 0xC3, 0x0C, 0x30, 0xC3, 0x0C, 0xFC,
    0xFF, 0x00, 0x38, 0x00, 0x60, 0x00, 0xC0, 0x01, 0x80, 0x03, 0x00, 0x06, 0x00, 0x0C, 0x00, 0x18,
    0x00, 0x30, 0x00, 0x60, 0x00, 0xC0, 0x01, 0x80, 0x43, 0x00, 0x8F, 0x03, 0x7F, 0xFE, 0x00, 0x00,
    0x00, 0x00, 0x0E, 0x00, 0x1C, 0x00, 0x18, 0x00, 0x30, 0x00, 0xC0, 0x00, 0x01, 0xCF, 0x0C, 0x30,
    0xC3, 0x0C, 0x30, 0xC3, 0x0C, 0x30, 0xC3, 0x0C, 0x33, 0xF0, 0x00, 0x71, 0xC3, 0x0C, 0x60, 0xFF,
    0x30, 0x38, 0x60, 0x60, 0xC0, 0xC1, 0x01, 0x82, 0x03, 0x00, 0x06, 0x00, 0x0C, 0x00, 0x18, 0x00,
    0x30, 0x00, 0x60, 0x00, 0xC0, 0x01, 0x80, 0x43, 0x00, 0x8F, 0x03, 0x7F, 0xFE, 0x7E, 0xF6, 0x76,
    0x36, 0x34, 0x30, 0x30, 0x30, 0x30, 0x30, 0x30, 0x30, 0x30, 0x30, 0x30, 0x30, 0xFC, 0xFF, 0x00,
    0x78, 0x00, 0x60, 0x00, 0xC0, 0x01, 0x80, 0x03, 0x00, 0x06, 0x06, 0x0C, 0x0C, 0x18, 0x00, 0x30,
    0x00, 0x60, 0x00, 0xC0, 0x01, 0x80, 0x43, 0x00, 0x8F, 0x03, 0x7F, 0xFE, 0x00, 0x78, 0xF0, 0x30,
    0x30, 0x30, 0x30, 0x30, 0x37, 0x37, 0x37, 0x30, 0x30, 0x30, 0x30, 0x30, 0x30, 0xFC, 0xFF, 0x00,
    0x38, 0x00, 0x60, 0x00, 0xC0, 0x01, 0x80, 0x03, 0x00, 0x06, 0x70, 0x0F, 0xC0, 0x7C, 0x01, 0xF0,
    0x00, 0x60, 0x00, 0xC0, 0x01, 0x80, 0x43, 0x00, 0x8F, 0x03, 0x7F, 0xFE, 0x01, 0xEF, 0x0C, 0x30,
    0xC3, 0x0D, 0x3D, 0xEF, 0x0C, 0x30, 0xC3, 0x0C, 0x33, 0xF0, 0x00, 0x0C, 0x00, 0x00, 0xE0, 0x00,
    0x0E, 0x00, 0x00, 0x60, 0x00, 0x00, 0x00, 0x3E, 0x01, 0xFC, 0xF8, 0x03, 0x83, 0xE0, 0x18, 0x0F,
    0x80, 0xC0, 0x7E, 0x06, 0x03, 0xF8, 0x30, 0x1B, 0xE1, 0x80, 0xCF, 0x0C, 0x06, 0x3C, 0x60, 0x30,
    0xF3, 0x01, 0x83, 0xD8, 0x0C, 0x0F, 0xC0, 0x60, 0x3E, 0x07, 0x00, 0xF0, 0x38, 0x03, 0x87, 0xF0,
    0x0C, 0x00, 0x01, 0xC0, 0x0E, 0x00, 0xE0, 0x06, 0x00, 0x20, 0x0C, 0x01, 0xFF, 0x0F, 0x1C, 0x30,
    0x61, 0x83, 0x0C, 0x18, 0x60, 0xC3, 0x06, 0x18, 0x30, 0xC1, 0x9F, 0xBF, 0x7C, 0x03, 0xF9, 0xF0,
    0x07, 0x07, 0xC0, 0x30, 0x1F, 0x01, 0x80, 0xFC, 0x0C, 0x07, 0xF0, 0x60, 0x37, 0xC3, 0x01, 0x9E,
    0x18, 0x0C, 0x78, 0xC0, 0x61, 0xE6, 0x03, 0x07, 0xB0, 0x18, 0x1F, 0x80, 0xC0, 0x7C, 0x0E, 0x01,
    0xE0, 0x70, 0x07, 0x0F, 0xE0, 0x18, 0x00, 0x00, 0x00, 0x00, 0x00, 0x00, 0x1C, 0x00, 0x00, 0xE0,
    0x00, 0x03, 0x00, 0x00, 0x18, 0x00, 0x01, 0x80, 0x00, 0x18, 0x03, 0xFE, 0x1E, 0x38, 0x60, 0xC3,
    0x06, 0x18, 0x30, 0xC1, 0x86, 0x0C, 0x30, 0x61, 0x83, 0x3F, 0x7E, 0x00, 0x00, 0x00, 0x03, 0x80,
    0x1C, 0x00, 0x60, 0x03, 0x00, 0x30, 0x00, 0x01, 0x86, 0x00, 0x0F, 0xE0, 0x00, 0x1E, 0x00, 0x00,
    0x60, 0x00, 0x00, 0x00, 0x3E, 0x01, 0xFC, 0xF8, 0x03, 0x83, 0xE0, 0x18, 0x0F, 0x80, 0xC0, 0x7E,
    0x06, 0x03, 0xF8, 0x30, 0x1B, 0xE1, 0x80, 0xCF, 0x0C, 0x06, 0x3C, 0x60, 0x30, 0xF3, 0x01, 0x83,
    0xD8, 0x0C, 0x0F, 0xC0, 0x60, 0x3E, 0x07, 0x00, 0xF0, 0x38, 0x03, 0x87, 0xF0, 0x0C, 0x00, 0x08,
    0xC0, 0x6C, 0x01, 0xE0, 0x0E, 0x00, 0x30, 0x0C, 0x01, 0xFF, 0x0F, 0x1C, 0x30, 0x61, 0x83, 0x0C,
    0x18, 0x60, 0xC3, 0x06, 0x18, 0x30, 0xC1, 0x9F, 0xBF, 0x70, 0x00, 0xF0, 0x00, 0x30, 0x00, 0x30,
    0x00, 0x30, 0x00, 0x60, 0x00, 0xC3, 0x00, 0x0F, 0xF8, 0x0F, 0x1C, 0x06, 0x0C, 0x06, 0x0C, 0x06,
    0x0C, 0x06, 0x0C, 0x06, 0x0C, 0x06, 0x0C, 0x06, 0x0C, 0x1F, 0xBF, 0x7C, 0x07, 0xF3, 0xE0, 0x1C,
    0x1F, 0x01, 0x80, 0xF8, 0x18, 0x0F, 0x81, 0x80, 0xFC, 0x18, 0x0D, 0xE1, 0x80, 0xCF, 0x18, 0x0C,
    0x79, 0x80, 0xC3, 0x98, 0x0C, 0x1D, 0x80, 0xC1, 0xF8, 0x0C, 0x0F, 0x81, 0xC0, 0x78, 0x1C, 0x03,
    0x87, 0xF0, 0x18, 0x00, 0x01, 0x80, 0x00, 0x18, 0x00, 0x01, 0x80, 0x00, 0xF8, 0x00, 0x0F, 0x00,
    0x00, 0xE0, 0x00, 0x0F, 0xF9, 0xE3, 0x98, 0x33, 0x06, 0x60, 0xCC, 0x19, 0x83, 0x30, 0x67, 0x0F,
    0xF1, 0x80, 0x30, 0x06, 0x01, 0xC0, 0x38, 0x06, 0x03, 0xC0, 0x70, 0x07, 0xF8, 0x00, 0x00, 0x00,
    0x00, 0x01, 0xFF, 0x01, 0xC3, 0xC1, 0x80, 0x71, 0x80, 0x1D, 0xC0, 0x07, 0xE0, 0x03, 0xE0, 0x01,
    0xF0, 0x00, 0xFC, 0x00, 0x3E, 0x00, 0x1F, 0x00, 0x1F, 0x80, 0x0E, 0xE0, 0x06, 0x38, 0x06, 0x0F,
    0x0E, 0x03, 0xFE, 0x00, 0x3F, 0x80, 0x00, 0x00, 0x00, 0x01, 0xF8, 0xE3, 0x98, 0x3F, 0x07, 0xC0,
    0x78, 0x0F, 0x83, 0xF0, 0x77, 0x1C, 0x7F, 0x00, 0x04, 0x10, 0x03, 0xB8, 0x00, 0xF8, 0x00, 0x10,
    0x00, 0xFF, 0x80, 0xE1, 0xE0, 0xC0, 0x38, 0xC0, 0x0E, 0xE0, 0x03, 0xF0, 0x01, 0xF0, 0x00, 0xF8,
    0x00, 0x7E, 0x00, 0x1F, 0x00, 0x0F, 0x80, 0x0F, 0xC0, 0x07, 0x70, 0x03, 0x1C, 0x03, 0x07, 0x87,
    0x01, 0xFF, 0x00, 0x11, 0x03, 0x60, 0x7C, 0x02, 0x00, 0x00, 0x3F, 0x1C, 0x73, 0x07, 0xE0, 0xF8,
    0x0F, 0x01, 0xF0, 0x7E, 0x0E, 0xE3, 0x8F, 0xE0, 0x00, 0xDC, 0x00, 0xEE, 0x00, 0x6E, 0x00, 0x6C,
    0x00, 0x00, 0x00, 0x7F, 0xC0, 0x70, 0xF0, 0x60, 0x1C, 0x60, 0x07, 0x70, 0x01, 0xF8, 0x00, 0xF8,
    0x00, 0x7C, 0x00, 0x3F, 0x00, 0x0F, 0x80, 0x07, 0xC0, 0x07, 0xE0, 0x03, 0xB8, 0x01, 0x8E, 0x01,
    0x83, 0xC3, 0x80, 0xFF, 0x80, 0x07, 0xE1, 0xD8, 0x37, 0x0E, 0xC1, 0xB0, 0x00, 0x07, 0xE3, 0x8E,
    0x60, 0xFC, 0x1F, 0x01, 0xE0, 0x3E, 0x0F, 0xC1, 0xDC, 0x71, 0xFC, 0x0F, 0xFF, 0xF8, 0x70, 0x70,
    0x63, 0x01, 0xC0, 0x98, 0x03, 0x02, 0xE0, 0x0C, 0x03, 0x80, 0x30, 0x0C, 0x00, 0xC2, 0x30, 0x03,
    0xF8, 0xC0, 0x0C, 0x23, 0x80, 0x30, 0x8E, 0x00, 0xC0, 0x38, 0x03, 0x00, 0x70, 0x0C, 0x04, 0xE0,
    0x30, 0x11, 0xC1, 0xE0, 0xC3, 0xFF, 0xFF, 0x1F, 0x9F, 0x8E, 0x7F, 0x39, 0x87, 0xC3, 0x70, 0x7F,
    0xEC, 0x0E, 0x01, 0x81, 0xC0, 0x38, 0x3C, 0x07, 0x07, 0xC2, 0x71, 0xFF, 0xC7, 0xF3, 0xF0, 0x01,
    0xC0, 0x00, 0x70, 0x00, 0x30, 0x00, 0x08, 0x00, 0x00, 0x00, 0x3F, 0xF8, 0x03, 0xCF, 0x00, 0x61,
    0xC0, 0x18, 0x30, 0x06, 0x0C, 0x01, 0x87, 0x00, 0x61, 0xC0, 0x1D, 0xE0, 0x07, 0xF0, 0x01, 0x9C,
    0x00, 0x63, 0x80, 0x18, 0x70, 0x06, 0x0E, 0x01, 0x83, 0x80, 0xF0, 0x78, 0xFF, 0x0F, 0xC0, 0x07,
    0x07, 0x0E, 0x0C, 0x08, 0x10, 0x77, 0x7F, 0x38, 0x30, 0x30, 0x30, 0x30, 0x30, 0x30, 0xFC, 0xFF,
    0xE0, 0x0F, 0x3C, 0x01, 0x87, 0x00, 0x60, 0xC0, 0x18, 0x30, 0x06, 0x1C, 0x01, 0x87, 0x00, 0x77,
    0x80, 0x1F, 0xC0, 0x06, 0x70, 0x01, 0x8E, 0x00, 0x61, 0xC0, 0x18, 0x38, 0x06, 0x0E, 0x03, 0xC1,
    0xE3, 0xFC, 0x3F, 0x00, 0x00, 0x00, 0x00, 0x00, 0x0E, 0x00, 0x03, 0x80, 0x00, 0x60, 0x00, 0x18,
    0x00, 0x0C, 0x00, 0x10, 0x77, 0x7F, 0x38, 0x30, 0x30, 0x30, 0x30, 0x30, 0x30, 0xFC, 0x00, 0x00,
    0x38, 0x38, 0x18, 0x18, 0x30, 0x18, 0x60, 0x07, 0xF0, 0x00, 0x78, 0x00, 0x0C, 0x00, 0x00, 0x00,
    0x3F, 0xF8, 0x03, 0xCF, 0x00, 0x61, 0xC0, 0x18, 0x30, 0x06, 0x0C, 0x01, 0x87, 0x00, 0x61, 0xC0,
    0x1D, 0xE0, 0x07, 0xF0, 0x01, 0x9C, 0x00, 0x63, 0x80, 0x18, 0x70, 0x06, 0x0E, 0x01, 0x83, 0x80,
    0xF0, 0x78, 0xFF, 0x0F, 0xC0, 0x23, 0x36, 0x1E, 0x1C, 0x0C, 0x10, 0x77, 0x7F, 0x38, 0x30, 0x30,
    0x30, 0x30, 0x30, 0x30, 0xFC, 0x01, 0x80, 0xF0, 0x30, 0x18, 0x00, 0x07, 0xF3, 0x1D, 0xC3, 0x60,
    0x5C, 0x07, 0x81, 0xF8, 0x3F, 0x03, 0xE0, 0x3C, 0x07, 0x81, 0xF0, 0x3C, 0x1F, 0xCE, 0x7F, 0x00,
    0x07, 0x06, 0x0C, 0x0C, 0x18, 0x00, 0x3E, 0x76, 0x72, 0x70, 0x7C, 0x3E, 0x0E, 0xC6, 0xCE, 0x7C,
    0x06, 0x03, 0xC1, 0xF8, 0xE7, 0x00, 0x07, 0xF3, 0x1D, 0xC3, 0x60, 0x5C, 0x07, 0x81, 0xF8, 0x3F,
    0x03, 0xE0, 0x3C, 0x07, 0x81, 0xF0, 0x3C, 0x1F, 0xCE, 0x7F, 0x00, 0x18, 0x1C, 0x3C, 0x36, 0x62,
    0x00, 0x3E, 0x76, 0x72, 0x70, 0x7C, 0x3E, 0x0E, 0xC6, 0xCE, 0x7C, 0x1F, 0xCC, 0x77, 0x0D, 0x81,
    0x70, 0x1E, 0x07, 0xE0, 0xFC, 0x0F, 0x80, 0xF0, 0x1E, 0x07, 0xC0, 0xF0, 0x7F, 0x39, 0xFC, 0x0C,
    0x03, 0x01, 0xE0, 0x78, 0x06, 0x01, 0x81, 0xC0, 0x3E, 0x76, 0x72, 0x70, 0x7C, 0x3E, 0x0E, 0xC6,
    0xCE, 0x7C, 0x10, 0x18, 0x3C, 0x3C, 0x0C, 0x0C, 0x38, 0x19, 0xC3, 0xE0, 0x70, 0x00, 0x1F, 0x8C,
    0x77, 0x0D, 0x83, 0x70, 0x1E, 0x07, 0xE0, 0xFC, 0x0F, 0x80, 0xF0, 0x1E, 0x07, 0xC0, 0xF0, 0x7F,
    0x39, 0xFC, 0x22, 0x36, 0x3C, 0x1C, 0x18, 0x00, 0x3E, 0x76, 0x72, 0x70, 0x7C, 0x3E, 0x0E, 0xC6,
    0xCE, 0x7C, 0x00, 0x00, 0x30, 0x00, 0x1F, 0xFF, 0xF8, 0x78, 0x28, 0x18, 0x10, 0x0C, 0x00, 0x06,
    0x00, 0x03, 0x00, 0x01, 0x80, 0x00, 0xC0, 0x00, 0x60, 0x00, 0x30, 0x00, 0x18, 0x00, 0x0C, 0x00,
    0x06, 0x00, 0x03, 0x00, 0x03, 0xC0, 0x07, 0xF8, 0x00, 0x60, 0x00, 0x30, 0x00, 0x3C, 0x00, 0x1E,
    0x00, 0x03, 0x00, 0x01, 0x80, 0x07, 0x80, 0x00, 0x30, 0x7F, 0x30, 0x30, 0x30, 0x30, 0x30, 0x30,
    0x38, 0x3F, 0x1E, 0x18, 0x18, 0x3C, 0x3C, 0x0C, 0x0C, 0x38, 0x0E, 0x70, 0x03, 0xF0, 0x00, 0x70,
    0x0C, 0x00, 0x07, 0xFF, 0xFE, 0x1E, 0x1A, 0x06, 0x04, 0x03, 0x00, 0x01, 0x80, 0x00, 0xC0, 0x00,
    0x60, 0x00, 0x30, 0x00, 0x18, 0x00, 0x0C, 0x00, 0x06, 0x00, 0x03, 0x00, 0x01, 0x80, 0x00, 0xC0,
    0x00, 0xF0, 0x01, 0xFE, 0x00, 0x06, 0x06, 0x06, 0x06, 0x14, 0x70, 0x7F, 0x30, 0x30, 0x30, 0x30,
    0x30, 0x30, 0x30, 0x38, 0x1F, 0x00, 0x00, 0x30, 0x00, 0x1F, 0xFF, 0xF8, 0x78, 0x68, 0x18, 0x10,
    0x0C, 0x00, 0x06, 0x00, 0x03, 0x00, 0x01, 0x80, 0x0F, 0xFC, 0x00, 0x60, 0x00, 0x30, 0x00, 0x18,
    0x00, 0x0C, 0x00, 0x06, 0x00, 0x03, 0x00, 0x03, 0xC0, 0x07, 0xF8, 0x00, 0x30, 0x70, 0xFF, 0x30,
    0x30, 0x30, 0xFE, 0x30, 0x30, 0x30, 0x38, 0x1F, 0x00, 0x08, 0x00, 0x7E, 0x00, 0x3F, 0x00, 0x08,
    0x00, 0x00, 0x00, 0x3F, 0x03, 0xE7, 0x80, 0x70, 0xC0, 0x18, 0x30, 0x06, 0x0C, 0x01, 0x83, 0x00,
    0x60, 0xC0, 0x18, 0x30, 0x06, 0x0C, 0x01, 0x83, 0x00, 0x60, 0xC0, 0x18, 0x38, 0x06, 0x0E, 0x01,
    0x81, 0xC0, 0xC0, 0x78, 0x60, 0x07, 0xF0, 0x00, 0x00, 0xC0, 0x7C, 0x07, 0xE0, 0x60, 0x00, 0x00,
    0x7C, 0xF9, 0xC3, 0x86, 0x0C, 0x30, 0x61, 0x83, 0x0C, 0x18, 0x60, 0xC3, 0x8E, 0x1F, 0xFC, 0x7F,
    0xE0, 0x07, 0xF8, 0x00, 0x00, 0x00, 0x00, 0x03, 0xF0, 0x3E, 0x78, 0x07, 0x0C, 0x01, 0x83, 0x00,
    0x60, 0xC0, 0x18, 0x30, 0x06, 0x0C, 0x01, 0x83, 0x00, 0x60, 0xC0, 0x18, 0x30, 0x06, 0x0C, 0x01,
    0x83, 0x80, 0x60, 0xE0, 0x18, 0x1C, 0x0C, 0x07, 0x86, 0x00, 0x7F, 0x00, 0x1F, 0x80, 0x00, 0x00,
    0x00, 0x00, 0x0F, 0x9F, 0x38, 0x70, 0xC1, 0x86, 0x0C, 0x30, 0x61, 0x83, 0x0C, 0x18, 0x71, 0xC3,
    0xFF, 0x8F, 0xFC, 0x02, 0x08, 0x00, 0xEE, 0x00, 0x1F, 0x00, 0x01, 0x00, 0xFC, 0x0F, 0x9E, 0x01,
    0xC3, 0x00, 0x60, 0xC0, 0x18, 0x30, 0x06, 0x0C, 0x01, 0x83, 0x00, 0x60, 0xC0, 0x18, 0x30, 0x06,
    0x0C, 0x01, 0x83, 0x00, 0x60, 0xE0, 0x18, 0x38, 0x06, 0x07, 0x03, 0x01, 0xE1, 0x80, 0x1F, 0xC0,
    0x08, 0x80, 0x6C, 0x03, 0xE0, 0x04, 0x00, 0x00, 0x7C, 0xF9, 0xC3, 0x86, 0x0C, 0x30, 0x61, 0x83,
    0x0C, 0x18, 0x60, 0xC3, 0x8E, 0x1F, 0xFC, 0x7D, 0xE0, 0x01, 0xE0, 0x00, 0x78, 0x00, 0x12, 0x00,
    0x07, 0x80, 0x01, 0xC0, 0x3F, 0x03, 0xE7, 0x80, 0x70, 0xC0, 0x18, 0x30, 0x06, 0x0C, 0x01, 0x83,
    0x00, 0x60, 0xC0, 0x18, 0x30, 0x06, 0x0C, 0x01, 0x83, 0x00, 0x60, 0xC0, 0x18, 0x38, 0x06, 0x0E,
    0x01, 0x81, 0xC0, 0xC0, 0x78, 0x60, 0x07, 0xF0, 0x00, 0x0F, 0x00, 0x58, 0x03, 0x40, 0x1E, 0x00,
    0x00, 0x00, 0x03, 0xE7, 0xCE, 0x1C, 0x30, 0x61, 0x83, 0x0C, 0x18, 0x60, 0xC3, 0x06, 0x1C, 0x70,
    0xFF, 0xE3, 0xFF, 0x00, 0xDC, 0x00, 0x7F, 0x00, 0x1F, 0x80, 0x0D, 0x80, 0x00, 0x00, 0x3F, 0x03,
    0xE7, 0x80, 0x70, 0xC0, 0x18, 0x30, 0x06, 0x0C, 0x01, 0x83, 0x00, 0x60, 0xC0, 0x18, 0x30, 0x06,
    0x0C, 0x01, 0x83, 0x00, 0x60, 0xC0, 0x18, 0x38, 0x06, 0x0E, 0x01, 0x81, 0xC0, 0xC0, 0x78, 0x60,
    0x07, 0xF0, 0x00, 0x07, 0x60, 0x3F, 0x03, 0xB0, 0x1B, 0x01, 0x90, 0x00, 0x03, 0xE7, 0xCE, 0x1C,
    0x30, 0x61, 0x83, 0x0C, 0x18, 0x60, 0xC3, 0x06, 0x1C, 0x70, 0xFF, 0xE3, 0xFF, 0xFC, 0x0F, 0x9E,
    0x01, 0xC3, 0x00, 0x60, 0xC0, 0x18, 0x30, 0x06, 0x0C, 0x01, 0x83, 0x00, 0x60, 0xC0, 0x18, 0x30,
    0x06, 0x0C, 0x01, 0x83, 0x00, 0x60, 0xE0, 0x18, 0x38, 0x06, 0x07, 0x03, 0x01, 0xE1, 0x80, 0x1F,
    0xC0, 0x00, 0x60, 0x00, 0x30, 0x00, 0x1C, 0x00, 0x06, 0x00, 0x01, 0xC8, 0x00, 0x7E, 0x00, 0x0F,
    0x00, 0xF9, 0xF1, 0xC3, 0x83, 0x06, 0x0C, 0x18, 0x30, 0x60, 0xC1, 0x83, 0x06, 0x0E, 0x38, 0x3F,
    0xF8, 0x7F, 0xE0, 0x07, 0x00, 0x18, 0x00, 0xC0, 0x03, 0x00, 0x0E, 0x80, 0x3E, 0x00, 0xF8, 0x00,
    0x1E, 0x00, 0x00, 0x3F, 0x00, 0x00, 0x73, 0x80, 0x00, 0x00, 0x00, 0xFF, 0xFF, 0xFF, 0x38, 0xF3,
    0x1C, 0x1C, 0x36, 0x18, 0x1C, 0x3E, 0x18, 0x1C, 0x3C, 0x30, 0x0E, 0x1C, 0x30, 0x0E, 0x1C, 0x30,
    0x07, 0x1E, 0x60, 0x07, 0x1E, 0x60, 0x03, 0x3E, 0x60, 0x03, 0xA7, 0x40, 0x03, 0xE7, 0xC0, 0x01,
    0xE3, 0xC0, 0x01, 0xC3, 0x80, 0x00, 0xC3, 0x80, 0x00, 0xC1, 0x80, 0x00, 0x00, 0x00, 0x00, 0x80,
    0x00, 0x70, 0x00, 0x3E, 0x00, 0x0D, 0x80, 0x06, 0x30, 0x00, 0x00, 0x0F, 0xBE, 0x7D, 0xC7, 0x0C,
    0x38, 0xC3, 0x0E, 0x78, 0x81, 0x9E, 0x60, 0x7D, 0xD0, 0x0F, 0x3C, 0x03, 0x8E, 0x00, 0x61, 0x80,
    0x10, 0x60, 0x01, 0xC0, 0x01, 0xF0, 0x01, 0x8C, 0x00, 0x00, 0x0F, 0xE3, 0xF1, 0xE0, 0x60, 0x70,
    0x60, 0x3C, 0x30, 0x0E, 0x30, 0x07, 0x90, 0x01, 0xD8, 0x00, 0x78, 0x00, 0x3C, 0x00, 0x0C, 0x00,
    0x06, 0x00, 0x03, 0x00, 0x01, 0x80, 0x00, 0xC0, 0x00, 0xF0, 0x01, 0xFE, 0x00, 0x02, 0x00, 0x70,
    0x0F, 0x80, 0xD8, 0x08, 0x80, 0x00, 0x7D, 0xF3, 0x8C, 0x38, 0xC1, 0x88, 0x1D, 0x81, 0xD8, 0x0F,
    0x00, 0xF0, 0x06, 0x00, 0x60, 0x04, 0x00, 0xC0, 0x0C, 0x00, 0x80, 0x18, 0x07, 0x00, 0x70, 0x00,
    0x00, 0x00, 0x06, 0x30, 0x06, 0x30, 0x00, 0x00, 0xFE, 0x3F, 0x3C, 0x1C, 0x1C, 0x18, 0x1E, 0x18,
    0x0E, 0x30, 0x0F, 0x60, 0x07, 0x60, 0x03, 0xC0, 0x03, 0xC0, 0x01, 0x80, 0x01, 0x80, 0x01, 0x80,
    0x01, 0x80, 0x01, 0x80, 0x03, 0xC0, 0x0F, 0xF0, 0x00, 0x60, 0x01, 0xE0, 0x03, 0x00, 0x0C, 0x03,
    0x00, 0x07, 0xFF, 0xDC, 0x0F, 0x30, 0x1C, 0x40, 0x78, 0x01, 0xE0, 0x03, 0x80, 0x0E, 0x00, 0x3C,
    0x00, 0x70, 0x01, 0xC0, 0x07, 0x80, 0x1E, 0x00, 0x38, 0x04, 0xF0, 0x1B, 0xC0, 0x77, 0xFF, 0xC0,
    0x03, 0x01, 0xC0, 0x60, 0x30, 0x08, 0x10, 0x07, 0xF9, 0x8C, 0x47, 0x03, 0x80, 0xC0, 0x70, 0x38,
    0x0C, 0x37, 0x1B, 0xFE, 0x01, 0xC0, 0x01, 0xC0, 0x01, 0xC0, 0x30, 0x00, 0x3F, 0xFE, 0x70, 0x1C,
    0x60, 0x3C, 0x40, 0x78, 0x00, 0x70, 0x00, 0xF0, 0x01, 0xE0, 0x03, 0xC0, 0x03, 0x80, 0x07, 0x80,
    0x0F, 0x00, 0x1E, 0x00, 0x1E, 0x03, 0x3C, 0x02, 0x78, 0x06, 0x7F, 0xFE, 0x0C, 0x03, 0x00, 0x00,
    0x00, 0x00, 0x1F, 0xE6, 0x31, 0x1C, 0x06, 0x03, 0x01, 0xC0, 0xE0, 0x30, 0x9C, 0x67, 0xF8, 0x0E,
    0x70, 0x0F, 0xC0, 0x07, 0x01, 0x80, 0x03, 0xFF, 0xEE, 0x07, 0x98, 0x0E, 0x20, 0x3C, 0x00, 0xF0,
    0x01, 0xC0, 0x07, 0x00, 0x1E, 0x00, 0x38, 0x00, 0xE0, 0x03, 0xC0, 0x0F, 0x00, 0x1C, 0x02, 0x78,
    0x0D, 0xE0, 0x3B, 0xFF, 0xE0, 0x33, 0x0E, 0xC1, 0xE0, 0x30, 0x0C, 0x10, 0x07, 0xF9, 0x8C, 0x47,
    0x03, 0x80, 0xC0, 0x70, 0x38, 0x0C, 0x37, 0x1B, 0xFE, 0x07, 0xC7, 0x31, 0x80, 0xE0, 0x30, 0x0C,
    0x03, 0x03, 0xC0, 0xF0, 0x0C, 0x03, 0x00, 0xC0, 0x30, 0x0C, 0x03, 0x00, 0xE0, 0xFC, 0x00, 0x00,
    0x00, 0xC1, 0xFF, 0x98, 0x70, 0x7F, 0x1C, 0x07, 0x87, 0x00, 0x79, 0xC0, 0x07, 0x38, 0x00, 0xE6,
    0x00, 0x1C, 0xC0, 0x01, 0x9C, 0x00, 0x33, 0x80, 0x06, 0x70, 0x01, 0xCE, 0x00, 0x30, 0xE0, 0x06,
    0x0E, 0x01, 0x80, 0xF0, 0xE0, 0x07, 0xF0, 0x00, 0x00, 0x30, 0x07, 0x00, 0x31, 0xF9, 0x71, 0xE6,
    0x0E, 0xE0, 0xEC, 0x06, 0xC0, 0x6E, 0x0E, 0xE0, 0xE7, 0x1C, 0x3F, 0x80, 0x00, 0x00, 0xE0, 0x00,
    0x1C, 0x00, 0x01, 0xFE, 0x07, 0xE7, 0x80, 0x70, 0x60, 0x0C, 0x0C, 0x01, 0x81, 0x80, 0x30, 0x30,
    0x06, 0x06, 0x00, 0xC0, 0xC0, 0x18, 0x18, 0x03, 0x03, 0x00, 0x60, 0x70, 0x0C, 0x0E, 0x01, 0x80,
    0xC0, 0x30, 0x1C, 0x0C, 0x01, 0xE3, 0x00, 0x1F, 0xC0, 0x00, 0x00, 0x0C, 0x00, 0x70, 0x00, 0xC0,
    0x07, 0xF9, 0xF9, 0xC3, 0x83, 0x06, 0x0C, 0x18, 0x30, 0x60, 0xC1, 0x83, 0x06, 0x0C, 0x38, 0x38,
    0xE0, 0xFF, 0xE0, 0x00, 0x00, 0x00, 0x00, 0x01, 0xCE, 0x00, 0x00, 0x00, 0x3F, 0x00, 0x00, 0x00,
    0x07, 0x00, 0x00, 0x00, 0x30, 0x00, 0xFF, 0xFC, 0x0F, 0xFF, 0x8F, 0x07, 0x83, 0x01, 0xE1, 0x80,
    0x78, 0x80, 0xF0, 0x60, 0x0E, 0x20, 0x38, 0x18, 0x01, 0xC0, 0x1C, 0x06, 0x00, 0x70, 0x0F, 0x01,
    0x80, 0x1C, 0x07, 0x80, 0x60, 0x03, 0x01, 0xC0, 0x18, 0x00, 0xC0, 0xF0, 0x06, 0x00, 0x70, 0x78,
    0x01, 0x80, 0x1C, 0x1C, 0x00, 0x60, 0x06, 0x0E, 0x00, 0x18, 0x03, 0x87, 0x80, 0xC6, 0x01, 0xC3,
    0xC0, 0x33, 0xC1, 0xE0, 0xE0, 0x1B, 0xFF, 0xE0, 0x7F, 0xFE, 0xFF, 0xFC, 0x06, 0x61, 0xE0, 0xF0,
    0x36, 0x06, 0x01, 0xE0, 0xF0, 0x30, 0x07, 0x07, 0x01, 0x80, 0x1C, 0x18, 0x0C, 0x00, 0xE4, 0x00,
    0x60, 0x07, 0x3F, 0xC3, 0x00, 0x19, 0x9C, 0x18, 0x00, 0xD8, 0xE0, 0xC0, 0x0E, 0x0E, 0x06, 0x00,
    0x70, 0xE0, 0x30, 0x03, 0x07, 0x01, 0x80, 0x38, 0x70, 0x0C, 0x03, 0x87, 0x0C, 0xF0, 0x78, 0x38,
    0xDF, 0xFF, 0x03, 0xFE, 0x00, 0x40, 0x00, 0x0F, 0x80, 0x00, 0x1C, 0x33, 0x00, 0x30, 0x6C, 0x00,
    0xC1, 0xE0, 0x03, 0x03, 0x80, 0x0C, 0x0C, 0x00, 0x31, 0x00, 0x3F, 0xC7, 0xF9, 0xCF, 0x18, 0xEE,
    0x1C, 0x47, 0x38, 0x30, 0x38, 0xC0, 0xC0, 0xE3, 0x03, 0x07, 0x0E, 0x0C, 0x38, 0x38, 0x30, 0xE3,
    0x71, 0xC7, 0x18, 0xFF, 0xFF, 0xE0, 0x00, 0x00, 0x00, 0xFF, 0x01, 0xFC, 0x38, 0x00, 0xF0, 0x60,
    0x00, 0xC0, 0xC0, 0x01, 0x81, 0x80, 0x03, 0x03, 0x00, 0x06, 0x06, 0x00, 0x0C, 0x0C, 0x00, 0x18,
    0x18, 0x00, 0x30, 0x30, 0x00, 0x60, 0x60, 0x00, 0xC0, 0xC0, 0x01, 0x81, 0x80, 0x43, 0x03, 0x00,
    0x86, 0x0F, 0x03, 0x0C, 0x7F, 0xFE, 0x18, 0x00, 0x00, 0x30, 0x00, 0x00, 0xE0, 0x00, 0x19, 0x80,
    0x00, 0x3B, 0x00, 0x00, 0x7C, 0x00, 0xFF, 0x00, 0x07, 0x80, 0x18, 0x60, 0x03, 0x0C, 0x00, 0x01,
    0x80, 0x00, 0x30, 0x00, 0x86, 0x00, 0xF0, 0xC0, 0x0E, 0x18, 0x01, 0xC3, 0x00, 0x18, 0x60, 0x03,
    0x0C, 0x00, 0x61, 0x80, 0x4C, 0x30, 0x09, 0x8F, 0x03, 0x37, 0xFF, 0xE6, 0x00, 0x00, 0xC0, 0x00,
    0x18, 0x00, 0x07, 0x00, 0x00, 0xE0, 0x00, 0x18, 0x00, 0x03, 0x00, 0x00, 0xC0, 0x00, 0x0F, 0x03,
    0xC0, 0x18, 0x63, 0x0C, 0x60, 0x0C, 0x01, 0x82, 0x33, 0xC6, 0x38, 0xC3, 0x18, 0x63, 0x0C, 0x61,
    0x8C, 0x31, 0x86, 0x30, 0xDF, 0x98, 0x03, 0x00, 0x60, 0x1C, 0x03, 0x80, 0x60, 0x0C, 0x03, 0x00,
    0x7C, 0x03, 0xFF, 0xF1, 0xF0, 0x07, 0x0F, 0x07, 0xC0, 0x30, 0x30, 0x1F, 0x01, 0x81, 0x80, 0xFC,
    0x0C, 0x0C, 0x07, 0xF0, 0x60, 0x60, 0x37, 0xC3, 0x03, 0x01, 0x9E, 0x18, 0x18, 0x0C, 0x78, 0xC0,
    0xC0, 0x61, 0xE6, 0x06, 0x03, 0x07, 0xB0, 0x30, 0x18, 0x1F, 0x81, 0x80, 0xC0, 0x7C, 0x0C, 0x0E,
    0x01, 0xE0, 0x60, 0x70, 0x07, 0x03, 0x0F, 0xE0, 0x18, 0x18, 0x00, 0x00, 0x00, 0xC0, 0x00, 0x00,
    0x0C, 0x00, 0x00, 0x07, 0x60, 0x00, 0x00, 0x3E, 0x00, 0x7C, 0x03, 0xF8, 0x1F, 0x00, 0x71, 0x87,
    0xC0, 0x30, 0xC1, 0xF0, 0x18, 0x00, 0xFC, 0x0C, 0x00, 0x7F, 0x06, 0x08, 0x37, 0xC3, 0x1C, 0x19,
    0xE1, 0x9E, 0x0C, 0x78, 0xC7, 0x06, 0x1E, 0x61, 0x83, 0x07, 0xB0, 0xC1, 0x81, 0xF8, 0x60, 0xC0,
    0x7C, 0x30, 0xE0, 0x1E, 0x18, 0x70, 0x07, 0x0C, 0xFE, 0x01, 0x86, 0x00, 0x00, 0x03, 0x00, 0x00,
    0x01, 0x80, 0x00, 0x00, 0xC0, 0x00, 0x00, 0xE0, 0x00, 0x00, 0x60, 0x00, 0x00, 0x30, 0x00, 0x00,
    0x30, 0x00, 0x03, 0x00, 0x01, 0x80, 0x00, 0x00, 0x00, 0x01, 0x80, 0x13, 0xFE, 0x39, 0xE3, 0xBC,
    0x60, 0xC6, 0x30, 0x63, 0x18, 0x31, 0x8C, 0x18, 0xC6, 0x0C, 0x63, 0x06, 0x31, 0x83, 0x1B, 0xF7,
    0xEC, 0x00, 0x06, 0x00, 0x03, 0x00, 0x01, 0x80, 0x01, 0xC0, 0x00, 0xC0, 0x00, 0x60, 0x00, 0x60,
    0x03, 0x9C, 0x00, 0x3F, 0x00, 0x03, 0x80, 0x00, 0x10, 0x00, 0x0E, 0x00, 0x01, 0xC0, 0x00, 0x3C,
    0x00, 0x0F, 0x80, 0x01, 0xB0, 0x00, 0x67, 0x00, 0x0C, 0xE0, 0x01, 0x8C, 0x00, 0x61, 0xC0, 0x0F,
    0xF8, 0x03, 0x03, 0x00, 0x60, 0x70, 0x0C, 0x0E, 0x03, 0x00, 0xE0, 0xF0, 0x3C, 0x7F, 0x9F, 0xE0,
    0x66, 0x0D, 0x83, 0xC0, 0x70, 0x18, 0x00, 0x03, 0xE1, 0xF8, 0xC6, 0x31, 0x80, 0x60, 0xF8, 0xFE,
    0x39, 0x8E, 0xE3, 0xFF, 0xE7, 0x7E, 0x3C, 0x00, 0xFF, 0x3C, 0x18, 0x18, 0x18, 0x18, 0x18, 0x18,
    0x18, 0x18, 0x18, 0x18, 0x18, 0x18, 0x3C, 0xFF, 0xCF, 0x37, 0x9E, 0x30, 0x83, 0xBC, 0x70, 0xC3,
    0x0C, 0x30, 0xC3, 0x3F, 0x07, 0x38, 0x01, 0xF0, 0x00, 0x30, 0x00, 0x00, 0x00, 0xFF, 0x80, 0xE1,
    0xE0, 0xC0, 0x38, 0xC0, 0x0E, 0xE0, 0x03, 0xF0, 0x01, 0xF0, 0x00, 0xF8, 0x00, 0x7E, 0x00, 0x1F,
    0x00, 0x0F, 0x80, 0x0F, 0xC0, 0x07, 0x70, 0x03, 0x1C, 0x03, 0x07, 0x87, 0x01, 0xFF, 0x00, 0x11,
    0x83, 0x60, 0x3C, 0x07, 0x00, 0x60, 0x00, 0x07, 0xE3, 0x8E, 0x60, 0xFC, 0x1F, 0x01, 0xE0, 0x3E,
    0x0F, 0xC1, 0xDC, 0x71, 0xFC, 0x07, 0x38, 0x00, 0x78, 0x00, 0x0C, 0x00, 0x00, 0x00, 0xFC, 0x0F,
    0x9E, 0x01, 0xC3, 0x00, 0x60, 0xC0, 0x18, 0x30, 0x06, 0x0C, 0x01, 0x83, 0x00, 0x60, 0xC0, 0x18,
    0x30, 0x06, 0x0C, 0x01, 0x83, 0x00, 0x60, 0xE0, 0x18, 0x38, 0x06, 0x07, 0x03, 0x01, 0xE1, 0x80,
    0x1F, 0xC0, 0x18, 0x80, 0x6C, 0x03, 0xC0, 0x0E, 0x00, 0x60, 0x00, 0x03, 0xE7, 0xCE, 0x1C, 0x30,
    0x61, 0x83, 0x0C, 0x18, 0x60, 0xC3, 0x06, 0x1C, 0x70, 0xFF, 0xE3, 0xFF, 0x03, 0xF8, 0x00, 0x00,
    0x00, 0x00, 0x00, 0x0C, 0x60, 0x03, 0x18, 0x00, 0x00, 0x0F, 0xC0, 0xF9, 0xE0, 0x1C, 0x30, 0x06,
    0x0C, 0x01, 0x83, 0x00, 0x60, 0xC0, 0x18, 0x30, 0x06, 0x0C, 0x01, 0x83, 0x00, 0x60, 0xC0, 0x18,
    0x30, 0x06, 0x0E, 0x01, 0x83, 0x80, 0x60, 0x70, 0x30, 0x1E, 0x18, 0x01, 0xFC, 0x00, 0x1F, 0x80,
    0x00, 0x06, 0x60, 0x33, 0x00, 0x00, 0x00, 0x00, 0x00, 0x1F, 0x3E, 0x70, 0xE1, 0x83, 0x0C, 0x18,
    0x60, 0xC3, 0x06, 0x18, 0x30, 0xE3, 0x87, 0xFF, 0x1F, 0xF8, 0x00, 0x70, 0x00, 0x7C, 0x00, 0x3C,
    0x00, 0x0C, 0x60, 0x03, 0x18, 0x00, 0xC6, 0x00, 0x00, 0x03, 0xF0, 0x3E, 0x78, 0x07, 0x0C, 0x01,
    0x83, 0x00, 0x60, 0xC0, 0x18, 0x30, 0x06, 0x0C, 0x01, 0x83, 0x00, 0x60, 0xC0, 0x18, 0x30, 0x06,
    0x0C, 0x01, 0x83, 0x80, 0x60, 0xE0, 0x18, 0x1C, 0x0C, 0x07, 0x86, 0x00, 0x7F, 0x00, 0x01, 0x80,
    0x1C, 0x00, 0xC0, 0x04, 0x01, 0x98, 0x0C, 0xC0, 0x00, 0x00, 0x00, 0x00, 0x07, 0xCF, 0x9C, 0x38,
    0x60, 0xC3, 0x06, 0x18, 0x30, 0xC1, 0x86, 0x0C, 0x38, 0xE1, 0xFF, 0xC7, 0xFE, 0x03, 0x18, 0x00,
    0x7C, 0x00, 0x0E, 0x00, 0x00, 0x00, 0x03, 0x18, 0x00, 0xC6, 0x00, 0x00, 0x03, 0xF0, 0x3E, 0x78,
    0x07, 0x0C, 0x01, 0x83, 0x00, 0x60, 0xC0, 0x18, 0x30, 0x06, 0x0C, 0x01, 0x83, 0x00, 0x60, 0xC0,
    0x18, 0x30, 0x06, 0x0C, 0x01, 0x83, 0x80, 0x60, 0xE0, 0x18, 0x1C, 0x0C, 0x07, 0x86, 0x00, 0x7F,
    0x00, 0x10, 0x80, 0xCC, 0x03, 0xC0, 0x0C, 0x01, 0x98, 0x0C, 0xC0, 0x66, 0x00, 0x00, 0x00, 0x07,
    0xCF, 0x9C, 0x38, 0x60, 0xC3, 0x06, 0x18, 0x30, 0xC1, 0x86, 0x0C, 0x38, 0xE1, 0xFF, 0xC7, 0xFE,
    0x07, 0x00, 0x01, 0xF0, 0x00, 0x1E, 0x00, 0x00, 0x00, 0x03, 0x18, 0x00, 0xC6, 0x00, 0x00, 0x03,
    0xF0, 0x3E, 0x78, 0x07, 0x0C, 0x01, 0x83, 0x00, 0x60, 0xC0, 0x18, 0x30, 0x06, 0x0C, 0x01, 0x83,
    0x00, 0x60, 0xC0, 0x18, 0x30, 0x06, 0x0C, 0x01, 0x83, 0x80, 0x60, 0xE0, 0x18, 0x1C, 0x0C, 0x07,
    0x86, 0x00, 0x7F, 0x00, 0x0C, 0x00, 0x60, 0x03, 0x80, 0x0C, 0x01, 0x98, 0x0C, 0xC0, 0x00, 0x00,
    0x00, 0x00, 0x07, 0xCF, 0x9C, 0x38, 0x60, 0xC3, 0x06, 0x18, 0x30, 0xC1, 0x86, 0x0C, 0x38, 0xE1,
    0xFF, 0xC7, 0xFE, 0x7E, 0x63, 0x80, 0xE0, 0x70, 0x1F, 0xFF, 0x0F, 0x87, 0xE7, 0x3F, 0x00, 0x03,
    0xF8, 0x00, 0x00, 0x00, 0x00, 0x00, 0x0C, 0x60, 0x03, 0x18, 0x00, 0x10, 0x00, 0x0C, 0x00, 0x03,
    0x80, 0x01, 0xE0, 0x00, 0x7C, 0x00, 0x1F, 0x00, 0x0C, 0xC0, 0x03, 0x38, 0x01, 0x8E, 0x00, 0x61,
    0x80, 0x1F, 0xF0, 0x0C, 0x1C, 0x03, 0x03, 0x01, 0xC0, 0xE0, 0x60, 0x38, 0x3C, 0x0F, 0x3F, 0x8F,
    0xF0, 0x7F, 0x00, 0x06, 0x61, 0x98, 0x00, 0x00, 0x00, 0x00, 0xF8, 0x7E, 0x31, 0x8C, 0x60, 0x18,
    0x3E, 0x3F, 0x8E, 0x63, 0xB8, 0xFF, 0xC0, 0x07, 0xF8, 0x00, 0x38, 0x00, 0x0E, 0x00, 0x03, 0x80,
    0x00, 0x40, 0x00, 0x38, 0x00, 0x0E, 0x00, 0x07, 0x80, 0x01, 0xF0, 0x00, 0xDC, 0x00, 0x37, 0x00,
    0x0C, 0xE0, 0x06, 0x38, 0x01, 0x8E, 0x00, 0xFF, 0xC0, 0x30, 0x70, 0x0C, 0x0C, 0x06, 0x03, 0x81,
    0x80, 0xE0, 0xE0, 0x3C, 0xFE, 0x3F, 0xC0, 0x7F, 0x00, 0x01, 0x80, 0x60, 0x00, 0x00, 0x00, 0x00,
    0xF8, 0x7E, 0x31, 0x8C, 0x60, 0x18, 0x3E, 0x3F, 0x8E, 0x63, 0xB8, 0xFF, 0xC0, 0x00, 0x3F, 0xC0,
    0x00, 0x00, 0x00, 0x00, 0x00, 0x00, 0x3F, 0xFE, 0x00, 0x3C, 0x18, 0x00, 0xF0, 0x20, 0x06, 0xC0,
    0x00, 0x1B, 0x00, 0x00, 0xCC, 0x00, 0x06, 0x30, 0x80, 0x18, 0xC6, 0x00, 0xFF, 0xF8, 0x03, 0x0C,
    0x20, 0x18, 0x30, 0x00, 0xC0, 0xC0, 0x03, 0x03, 0x00, 0x18, 0x0C, 0x04, 0xF0, 0x78, 0x3F, 0xF7,
    0xFF, 0xC0, 0x1F, 0x80, 0x00, 0x00, 0x00, 0x00, 0x03, 0xFF, 0x37, 0xBB, 0x19, 0xD0, 0xFC, 0x0F,
    0x81, 0xF0, 0x3D, 0x81, 0x8E, 0x2E, 0xFF, 0x7F, 0xF0, 0x07, 0xFE, 0x0F, 0x0F, 0x0E, 0x01, 0x8E,
    0x00, 0x46, 0x00, 0x07, 0x00, 0x03, 0x80, 0x01, 0x80, 0x00, 0xC0, 0x00, 0x70, 0x1F, 0xF8, 0x03,
    0xDC, 0x1F, 0xF7, 0x00, 0x61, 0xC0, 0x78, 0x78, 0x78, 0x0F, 0xF0, 0x1F, 0xF1, 0xCE, 0x0E, 0x70,
    0x61, 0x83, 0x9C, 0x1C, 0xC0, 0x7C, 0x03, 0x00, 0x30, 0x01, 0xE0, 0x0F, 0xF0, 0x3F, 0xC7, 0x06,
    0x7F, 0xF9, 0xC3, 0x8E, 0x38, 0x3F, 0x00, 0x07, 0x38, 0x00, 0xF8, 0x00, 0x30, 0x00, 0x00, 0x00,
    0x7F, 0xE0, 0xF0, 0xF0, 0xE0, 0x18, 0xE0, 0x04, 0x60, 0x00, 0x70, 0x00, 0x38, 0x00, 0x18, 0x00,
    0x0C, 0x00, 0x07, 0x01, 0xFF, 0x80, 0x3D, 0xC0, 0x0C, 0x70, 0x06, 0x1C, 0x07, 0x07, 0x87, 0xC0,
    0xFF, 0x80, 0x11, 0x01, 0xB0, 0x0E, 0x00, 0xE0, 0x0C, 0x00, 0x00, 0x3F, 0xE7, 0x38, 0x73, 0x86,
    0x18, 0x73, 0x87, 0x30, 0x3E, 0x03, 0x00, 0x60, 0x07, 0x80, 0x7F, 0x83, 0xFC, 0xE0, 0xCC, 0x1C,
    0xE1, 0xCF, 0x38, 0x7E, 0x00, 0x0E, 0x70, 0x01, 0xF0, 0x00, 0x70, 0x00, 0x00, 0x0F, 0xE3, 0xF9,
    0xE0, 0xE0, 0x60, 0xC0, 0x30, 0xC0, 0x18, 0xC0, 0x0C, 0xC0, 0x06, 0xC0, 0x03, 0xE0, 0x01, 0xF8,
    0x00, 0xDE, 0x00, 0x67, 0x80, 0x31, 0xE0, 0x18, 0x78, 0x0C, 0x1E, 0x0F, 0x07, 0x9F, 0xE7, 0xF0,
    0x18, 0xC0, 0xFC, 0x17, 0x0F, 0x00, 0x70, 0x03, 0x00, 0x30, 0x03, 0x00, 0x30, 0x03, 0x00, 0x31,
    0xE3, 0x18, 0x33, 0x03, 0x60, 0x3C, 0x03, 0xE0, 0x37, 0x03, 0x38, 0x31, 0xCF, 0xBF, 0x0F, 0xF8,
    0x0E, 0x0E, 0x0C, 0x03, 0x8C, 0x00, 0xEE, 0x00, 0x3F, 0x00, 0x1F, 0x00, 0x0F, 0x80, 0x03, 0xC0,
    0x01, 0xF0, 0x00, 0xF8, 0x00, 0xFC, 0x00, 0x77, 0x00, 0x31, 0xC0, 0x30, 0x70, 0x70, 0x1F, 0xF0,
    0x00, 0x60, 0x00, 0x60, 0x00, 0x70, 0x00, 0x30, 0x00, 0x1C, 0x80, 0x0F, 0xC0, 0x03, 0xC0, 0x1F,
    0x8E, 0x39, 0x83, 0xF0, 0x7C, 0x07, 0x80, 0xF8, 0x3F, 0x07, 0x71, 0xC7, 0xF0, 0x0C, 0x03, 0x00,
    0xE0, 0x18, 0x03, 0xA0, 0x7C, 0x0F, 0x80, 0x0F, 0xF8, 0x00, 0x00, 0x00, 0x00, 0x01, 0xFF, 0x01,
    0xC1, 0xC1, 0x80, 0x71, 0x80, 0x1D, 0xC0, 0x07, 0xE0, 0x03, 0xE0, 0x01, 0xF0, 0x00, 0x78, 0x00,
    0x3E, 0x00, 0x1F, 0x00, 0x1F, 0x80, 0x0E, 0xE0, 0x06, 0x38, 0x06, 0x0E, 0x0E, 0x03, 0xFE, 0x00,
    0x0C, 0x00, 0x0C, 0x00, 0x0E, 0x00, 0x06, 0x00, 0x03, 0x90, 0x01, 0xF8, 0x00, 0x78, 0x00, 0x3F,
    0x80, 0x00, 0x00, 0x0F, 0xC7, 0x1C, 0xC1, 0xF8, 0x3E, 0x03, 0xC0, 0x7C, 0x1F, 0x83, 0xB8, 0xE3,
    0xF8, 0x06, 0x01, 0x80, 0x70, 0x0C, 0x01, 0xD0, 0x3E, 0x07, 0xC0, 0x39, 0xC1, 0xF0, 0x06, 0x06,
    0x00, 0x7F, 0xE6, 0x0C, 0xC1, 0xC0, 0x38, 0x03, 0x00, 0x60, 0x0F, 0x80, 0x1C, 0x00, 0xE0, 0x0E,
    0x00, 0x6C, 0x06, 0xC0, 0xEE, 0x0E, 0x71, 0xC7, 0xF0, 0x22, 0x0D, 0x81, 0xC0, 0x70, 0x08, 0x10,
    0x0F, 0xFB, 0x1C, 0x87, 0x03, 0x80, 0xE0, 0x70, 0x38, 0x0F, 0xC0, 0x38, 0x0E, 0x01, 0x80, 0x60,
    0x18, 0x0E, 0x03, 0x31, 0x8F, 0xC0, 0x46, 0xD8, 0xF1, 0xC1, 0x81, 0x8E, 0x1C, 0x18, 0x30, 0x60,
    0xC1, 0x83, 0x06, 0x0C, 0x18, 0x30, 0xE1, 0xC3, 0x0E, 0x38, 0x00, 0x00, 0x00, 0x0C, 0x00, 0x3F,
    0xFF, 0x03, 0xFF, 0xE3, 0xC1, 0xE0, 0xC0, 0x78, 0x60, 0x1E, 0x20, 0x3C, 0x18, 0x03, 0x88, 0x0E,
    0x06, 0x00, 0x70, 0x07, 0x01, 0x80, 0x1C, 0x03, 0xC0, 0x60, 0x07, 0x01, 0xE0, 0x18, 0x00, 0xC0,
    0x70, 0x06, 0x00, 0x30, 0x3C, 0x01, 0x80, 0x1C, 0x1E, 0x00, 0x60, 0x07, 0x07, 0x00, 0x18, 0x01,
    0x83, 0x80, 0x06, 0x00, 0xE1, 0xE0, 0x31, 0x80, 0x70, 0xF0, 0x0C, 0xF0, 0x78, 0x38, 0x06, 0xFF,
    0xF8, 0x1F, 0xFF, 0x80, 0xFF, 0xFC, 0x00, 0x01, 0xE0, 0xF0, 0x00, 0x06, 0x01, 0xE0, 0x00, 0x30,
    0x07, 0x00, 0x01, 0x80, 0x1C, 0x00, 0x0C, 0x00, 0xE4, 0x00, 0x60, 0x07, 0x3F, 0xC3, 0x00, 0x19,
    0x9C, 0x18, 0x00, 0xD8, 0xE0, 0xC0, 0x0E, 0x0E, 0x06, 0x00, 0x70, 0xE0, 0x30, 0x03, 0x07, 0x01,
    0x80, 0x38, 0x70, 0x0C, 0x03, 0x87, 0x0C, 0xF0, 0x78, 0x38, 0xDF, 0xFF, 0x03, 0xFE, 0x00, 0x00,
    0x00, 0x07, 0x80, 0x00, 0x3C, 0x00, 0x00, 0x70, 0x00, 0x00, 0xC0, 0x00, 0x03, 0x00, 0x00, 0x0C,
    0x00, 0x00, 0x31, 0x00, 0x3F, 0xC7, 0xF9, 0xCF, 0x18, 0xEE, 0x1C, 0x47, 0x38, 0x30, 0x38, 0xC0,
    0xC0, 0xE3, 0x03, 0x07, 0x0E, 0x0C, 0x38, 0x38, 0x30, 0xE3, 0x71, 0xC7, 0x18, 0xFF, 0xFF, 0xE0,
    0x00, 0x00, 0x00, 0x00, 0x30, 0x00, 0x3C, 0x00, 0x18, 0x00, 0x18, 0x00, 0x00, 0x00, 0x3F, 0xF0,
    0x78, 0x78, 0x70, 0x0C, 0x70, 0x02, 0x30, 0x00, 0x38, 0x00, 0x1C, 0x00, 0x0C, 0x00, 0x06, 0x00,
    0x03, 0x80, 0xFF, 0xC0, 0x1E, 0xE0, 0x06, 0x38, 0x03, 0x0E, 0x03, 0x83, 0xC3, 0xE0, 0x7F, 0xC0,
    0x03, 0x00, 0x70, 0x06, 0x00, 0x40, 0x0C, 0x00, 0x00, 0x3F, 0xE7, 0x38, 0x73, 0x86, 0x18, 0x73,
    0x87, 0x30, 0x3E, 0x03, 0x00, 0x60, 0x07, 0x80, 0x7F, 0x83, 0xFC, 0xE0, 0xCC, 0x1C, 0xE1, 0xCF,
    0x38, 0x7E, 0x00, 0x7F, 0x3F, 0x80, 0x78, 0x1E, 0x00, 0x60, 0x18, 0x00, 0xC0, 0x30, 0x01, 0x80,
    0x60, 0x03, 0x00, 0xC0, 0x06, 0x01, 0x8E, 0x0F, 0xFF, 0x1E, 0x18, 0x06, 0x1C, 0x30, 0x0C, 0x38,
    0x60, 0x18, 0x30, 0xC0, 0x30, 0x61, 0x80, 0x60, 0xC3, 0x00, 0xE3, 0x8F, 0x01, 0xCE, 0x3F, 0x81,
    0xF8, 0x7D, 0xF8, 0xFC, 0x71, 0xC1, 0xC7, 0x03, 0x18, 0x0C, 0x60, 0x71, 0x81, 0xC6, 0x06, 0x18,
    0x30, 0x61, 0xC1, 0x8C, 0x06, 0xE0, 0x1F, 0x00, 0x70, 0x01, 0x80, 0x06, 0x00, 0x18, 0x00, 0x60,
    0x03, 0xC0, 0x3F, 0xC0, 0x00, 0xC0, 0x00, 0x07, 0x00, 0x00, 0x1C, 0x00, 0x00, 0x60, 0x00, 0x00,
    0x00, 0x3E, 0x01, 0xFC, 0xF8, 0x03, 0x83, 0xE0, 0x18, 0x0F, 0x80, 0xC0, 0x7E, 0x06, 0x03, 0xF8,
    0x30, 0x1B, 0xE1, 0x80, 0xCF, 0x0C, 0x06, 0x3C, 0x60, 0x30, 0xF3, 0x01, 0x83, 0xD8, 0x0C, 0x0F,
    0xC0, 0x60, 0x3E, 0x07, 0x00, 0xF0, 0x38, 0x03, 0x87, 0xF0, 0x0C, 0x00, 0x1C, 0x00, 0x70, 0x01,
    0x80, 0x0E, 0x00, 0x30, 0x0C, 0x01, 0xFF, 0x0F, 0x1C, 0x30, 0x61, 0x83, 0x0C, 0x18, 0x60, 0xC3,
    0x06, 0x18, 0x30, 0xC1, 0x9F, 0xBF, 0x00, 0x70, 0x00, 0x3C, 0x00, 0x1C, 0x00, 0x03, 0x80, 0x01,
    0xB0, 0x00, 0x4C, 0x00, 0x1B, 0x00, 0x03, 0x80, 0x00, 0x40, 0x00, 0x38, 0x00, 0x1E, 0x00, 0x07,
    0x80, 0x01, 0x70, 0x00, 0xDC, 0x00, 0x33, 0x00, 0x18, 0xE0, 0x06, 0x38, 0x01, 0xFE, 0x00, 0xC1,
    0xC0, 0x30, 0x30, 0x18, 0x0E, 0x06, 0x03, 0x83, 0x80, 0xF3, 0xF8, 0xFF, 0x06, 0x07, 0x83, 0xC1,
    0xF0, 0x3C, 0x09, 0x03, 0xC0, 0xF0, 0x00, 0x0F, 0x87, 0xE3, 0x18, 0xC6, 0x01, 0x83, 0xE3, 0xF8,
    0xE6, 0x3B, 0x8F, 0xFC, 0x00, 0x01, 0x80, 0x00, 0x0F, 0x00, 0x00, 0x30, 0x00, 0x01, 0x80, 0x00,
    0x00, 0x00, 0x03, 0xFF, 0xE0, 0x03, 0xC1, 0x80, 0x0F, 0x02, 0x00, 0x6C, 0x00, 0x01, 0xB0, 0x00,
    0x0C, 0xC0, 0x00, 0x63, 0x08, 0x01, 0x8C, 0x60, 0x0F, 0xFF, 0x80, 0x30, 0xC2, 0x01, 0x83, 0x00,
    0x0C, 0x0C, 0x00, 0x30, 0x30, 0x01, 0x80, 0xC0, 0x4F, 0x07, 0x83, 0xFF, 0x7F, 0xFC, 0x01, 0xC0,
    0x0C, 0x00, 0xE0, 0x06, 0x00, 0x20, 0x00, 0x00, 0xFF, 0xCD, 0xEE, 0xC6, 0x74, 0x3F, 0x03, 0xE0,
    0x7C, 0x0F, 0x60, 0x63, 0x8B, 0xBF, 0xDF, 0xFC, 0x00, 0x30, 0x00, 0x38, 0x00, 0x38, 0x00, 0x18,
    0x00, 0x00, 0x08, 0x7F, 0xCC, 0x70, 0xFC, 0x60, 0x1C, 0x60, 0x0F, 0x70, 0x0D, 0xF8, 0x0C, 0xF8,
    0x0C, 0x7C, 0x0C, 0x3F, 0x0C, 0x0F, 0x8C, 0x07, 0xCC, 0x07, 0xFC, 0x03, 0xBC, 0x01, 0x9E, 0x01,
    0x9F, 0xC3, 0x8C, 0xFF, 0x80, 0x00, 0xC0, 0x0E, 0x00, 0xE0, 0x06, 0x00, 0x20, 0x00, 0x00, 0x3F,
    0xC7, 0x1E, 0x30, 0xF3, 0x8F, 0x98, 0xCC, 0xCC, 0x67, 0xC7, 0x3C, 0x39, 0xE3, 0x8F, 0xF8, 0x06,
    0x60, 0x00, 0xFC, 0x00, 0x0F, 0xC0, 0x00, 0xCC, 0x00, 0x02, 0x00, 0x01, 0xC0, 0x00, 0x38, 0x00,
    0x07, 0x80, 0x01, 0xF0, 0x00, 0x36, 0x00, 0x0C, 0xE0, 0x01, 0x9C, 0x00, 0x31, 0x80, 0x0C, 0x38,
    0x01, 0xFF, 0x00, 0x60, 0x60, 0x0C, 0x0E, 0x01, 0x81, 0xC0, 0x60, 0x1C, 0x1E, 0x07, 0x8F, 0xF3,
    0xFC, 0xEC, 0x0D, 0xC1, 0xD8, 0x1B, 0x81, 0x30, 0x00, 0x07, 0xC1, 0xB8, 0x63, 0x0C, 0x60, 0x1C,
    0x0F, 0x87, 0xB0, 0xE6, 0x1D, 0xC3, 0xFF, 0x01, 0xF0, 0x00, 0xFE, 0x00, 0x20, 0x80, 0x01, 0x00,
    0x00, 0xE0, 0x00, 0x38, 0x00, 0x1E, 0x00, 0x07, 0xC0, 0x01, 0x70, 0x00, 0xCC, 0x00, 0x33, 0x80,
    0x18, 0xE0, 0x06, 0x18, 0x01, 0xFF, 0x00, 0xC1, 0xC0, 0x30, 0x38, 0x1C, 0x0E, 0x06, 0x03, 0x83,
    0xC0, 0xF3, 0xF8, 0xFF, 0x3C, 0x0D, 0x82, 0x20, 0x88, 0x00, 0x0F, 0x87, 0xE3, 0x18, 0xC6, 0x01,
    0x83, 0xE3, 0xF8, 0xE6, 0x3B, 0x8F, 0xFC, 0x76, 0x03, 0xB8, 0x0E, 0xE0, 0x1B, 0x00, 0x00, 0x7F,
    0xF8, 0xE0, 0xC3, 0x02, 0x18, 0x00, 0xC0, 0x06, 0x00, 0x30, 0x81, 0xFC, 0x0C, 0x20, 0x61, 0x03,
    0x00, 0x18, 0x00, 0xC0, 0x46, 0x02, 0x78, 0x3F, 0xFF, 0x80, 0xF8, 0x7E, 0x1B, 0x07, 0xC3, 0x60,
    0x00, 0xF8, 0xCE, 0xE3, 0x7F, 0xB0, 0x18, 0x0E, 0x07, 0x09, 0xFC, 0x7C, 0x0F, 0x80, 0xFE, 0x04,
    0x10, 0x00, 0x0F, 0xFF, 0x1C, 0x18, 0x60, 0x43, 0x00, 0x18, 0x00, 0xC0, 0x06, 0x10, 0x3F, 0x81,
    0x84, 0x0C, 0x20, 0x60, 0x03, 0x00, 0x18, 0x08, 0xC0, 0x4F, 0x07, 0xFF, 0xF0, 0x3C, 0x1B, 0x08,
    0x84, 0x40, 0x01, 0xF1, 0x9D, 0x86, 0xFF, 0x60, 0x30, 0x1C, 0x0E, 0x13, 0xF8, 0xF8, 0xCC, 0x7F,
    0x1D, 0x86, 0x60, 0x03, 0xFC, 0x78, 0x18, 0x0C, 0x06, 0x03, 0x01, 0x80, 0xC0, 0x60, 0x30, 0x18,
    0x0C, 0x06, 0x03, 0x03, 0xC7, 0xF8, 0xEC, 0xEE, 0x66, 0x76, 0x33, 0x11, 0x0E, 0x3C, 0x1C, 0x0C,
    0x0C, 0x0C, 0x0C, 0x0C, 0x0C, 0x3F, 0x3E, 0x7F, 0x41, 0x00, 0x7F, 0x3C, 0x18, 0x18, 0x18, 0x18,
    0x18, 0x18, 0x18, 0x18, 0x18, 0x18, 0x18, 0x18, 0x3C, 0xFF, 0x73, 0x68, 0xA2, 0x00, 0xCF, 0x1C,
    0x30, 0xC3, 0x0C, 0x30, 0xCF, 0xC0, 0x0D, 0x80, 0x0F, 0xE0, 0x01, 0xB8, 0x00, 0x6C, 0x00, 0x00,
    0x00, 0x7F, 0xC0, 0x70, 0xF0, 0x60, 0x1C, 0x60, 0x07, 0x70, 0x01, 0xF8, 0x00, 0xF8, 0x00, 0x7C,
    0x00, 0x3F, 0x00, 0x0F, 0x80, 0x07, 0xC0, 0x07, 0xE0, 0x03, 0xB8, 0x01, 0x8E, 0x01, 0x83, 0xC3,
    0x80, 0xFF, 0x80, 0x6E, 0x0E, 0xC0, 0xDC, 0x19, 0x81, 0x90, 0x00, 0x07, 0xE3, 0x8E, 0x60, 0xFC,
    0x1F, 0x01, 0xE0, 0x3E, 0x0F, 0xC1, 0xDC, 0x71, 0xFC, 0x03, 0xE0, 0x03, 0xF8, 0x01, 0x04, 0x00,
    0x00, 0x00, 0xFF, 0x80, 0xE1, 0xE0, 0xC0, 0x38, 0xC0, 0x0E, 0xE0, 0x03, 0xF0, 0x01, 0xF0, 0x00,
    0xF8, 0x00, 0x7E, 0x00, 0x1F, 0x00, 0x0F, 0x80, 0x0F, 0xC0, 0x07, 0x70, 0x03, 0x1C, 0x03, 0x07,
    0x87, 0x01, 0xFF, 0x00, 0x1E, 0x03, 0x60, 0x44, 0x08, 0x80, 0x00, 0x3F, 0x1C, 0x73, 0x07, 0xE0,
    0xF8, 0x0F, 0x01, 0xF0, 0x7E, 0x0E, 0xE3, 0x8F, 0xE0, 0x3F, 0x00, 0x0E, 0xE0, 0x01, 0xD8, 0x00,
    0x13, 0x00, 0x00, 0x00, 0x3F, 0xF8, 0x03, 0xCF, 0x00, 0x61, 0xC0, 0x18, 0x30, 0x06, 0x0C, 0x01,
    0x87, 0x00, 0x61, 0xC0, 0x1D, 0xE0, 0x07, 0xF0, 0x01, 0x9C, 0x00, 0x63, 0x80, 0x18, 0x70, 0x06,
    0x0E, 0x01, 0x83, 0x80, 0xF0, 0x78, 0xFF, 0x0F, 0xC0, 0xDC, 0xEC, 0x6E, 0x66, 0x32, 0x10, 0x77,
    0x7F, 0x38, 0x30, 0x30, 0x30, 0x30, 0x30, 0x30, 0xFC, 0x0F, 0x80, 0x07, 0xF0, 0x01, 0x04, 0x00,
    0x00, 0x00, 0xFF, 0xE0, 0x0F, 0x3C, 0x01, 0x87, 0x00, 0x60, 0xC0, 0x18, 0x30, 0x06, 0x1C, 0x01,
    0x87, 0x00, 0x77, 0x80, 0x1F, 0xC0, 0x06, 0x70, 0x01, 0x8E, 0x00, 0x61, 0xC0, 0x18, 0x38, 0x06,
    0x0E, 0x03, 0xC1, 0xE3, 0xFC, 0x3F, 0x3C, 0x36, 0x22, 0x22, 0x10, 0x77, 0x7F, 0x38, 0x30, 0x30,
    0x30, 0x30, 0x30, 0x30, 0xFC, 0x0D, 0x80, 0x07, 0xF0, 0x00, 0x6E, 0x00, 0x0D, 0x80, 0x00, 0x00,
    0x3F, 0x03, 0xE7, 0x80, 0x70, 0xC0, 0x18, 0x30, 0x06, 0x0C, 0x01, 0x83, 0x00, 0x60, 0xC0, 0x18,
    0x30, 0x06, 0x0C, 0x01, 0x83, 0x00, 0x60, 0xC0, 0x18, 0x38, 0x06, 0x0E, 0x01, 0x81, 0xC0, 0xC0,
    0x78, 0x60, 0x07, 0xF0, 0x00, 0x36, 0x01, 0xF8, 0x0E, 0xC0, 0x36, 0x00, 0x98, 0x00, 0x03, 0xE7,
    0xCE, 0x1C, 0x30, 0x61, 0x83, 0x0C, 0x18, 0x60, 0xC3, 0x06, 0x1C, 0x70, 0xFF, 0xE3, 0xFF, 0x01,
    0xF0, 0x00, 0xFE, 0x00, 0x20, 0x80, 0x00, 0x00, 0xFC, 0x0F, 0x9E, 0x01, 0xC3, 0x00, 0x60, 0xC0,
    0x18, 0x30, 0x06, 0x0C, 0x01, 0x83, 0x00, 0x60, 0xC0, 0x18, 0x30, 0x06, 0x0C, 0x01, 0x83, 0x00,
    0x60, 0xE0, 0x18, 0x38, 0x06, 0x07, 0x03, 0x01, 0xE1, 0x80, 0x1F, 0xC0, 0x0F, 0x00, 0x6C, 0x02,
    0x20, 0x11, 0x00, 0x00, 0x7C, 0xF9, 0xC3, 0x86, 0x0C, 0x30, 0x61, 0x83, 0x0C, 0x18, 0x60, 0xC3,
    0x8E, 0x1F, 0xFC, 0x7D, 0xE0, 0x1F, 0xCC, 0x77, 0x0D, 0x81, 0x70, 0x1E, 0x07, 0xE0, 0xFC, 0x0F,
    0x80, 0xF0, 0x1E, 0x07, 0xC0, 0xF0, 0x7F, 0x39, 0xFC, 0x00, 0x00, 0x00, 0xE0, 0x38, 0x06, 0x01,
    0x80, 0xC0, 0x3E, 0x76, 0x72, 0x70, 0x7C, 0x3E, 0x0E, 0xC6, 0xCE, 0x7C, 0x00, 0x00, 0x1C, 0x1C,
    0x0C, 0x0C, 0x18, 0x00, 0x00, 0x30, 0x00, 0x1F, 0xFF, 0xF8, 0x78, 0x68, 0x18, 0x10, 0x0C, 0x00,
    0x06, 0x00, 0x03, 0x00, 0x01, 0x80, 0x00, 0xC0, 0x00, 0x60, 0x00, 0x30, 0x00, 0x18, 0x00, 0x0C,
    0x00, 0x06, 0x00, 0x03, 0x00, 0x03, 0xC0, 0x07, 0xF8, 0x00, 0x00, 0x00, 0x00, 0x00, 0x1C, 0x00,
    0x0E, 0x00, 0x03, 0x00, 0x01, 0x80, 0x03, 0x80, 0x00, 0x30, 0x7F, 0x30, 0x30, 0x30, 0x30, 0x30,
    0x30, 0x30, 0x38, 0x1F, 0x00, 0x00, 0x1C, 0x1C, 0x0C, 0x0C, 0x18, 0x1F, 0x80, 0xC7, 0x86, 0x0E,
    0x18, 0x18, 0x40, 0x60, 0x03, 0x80, 0x0E, 0x00, 0x70, 0x03, 0x80, 0x3F, 0x80, 0xC7, 0x00, 0x0E,
    0x00, 0x38, 0x00, 0x60, 0x01, 0x80, 0x0E, 0x00, 0x30, 0x01, 0xC0, 0x0E, 0x38, 0xF0, 0xFF, 0x00,
    0x3E, 0x7F, 0xB1, 0xC0, 0x60, 0x70, 0x70, 0x70, 0x7C, 0x67, 0x81, 0xC0, 0xE0, 0x30, 0x38, 0x18,
    0x0C, 0x1C, 0xF8, 0x00, 0x03, 0x9C, 0x00, 0x1F, 0x80, 0x00, 0xF0, 0x00, 0x00, 0x00, 0x7F, 0x0F,
    0xE3, 0xC0, 0x3C, 0x18, 0x01, 0x81, 0x80, 0x18, 0x18, 0x01, 0x81, 0x80, 0x18, 0x18, 0x01, 0x81,
    0xFF, 0xF8, 0x18, 0x01, 0x81, 0x80, 0x18, 0x18, 0x01, 0x81, 0x80, 0x18, 0x18, 0x01, 0x81, 0x80,
    0x18, 0x3C, 0x03, 0xCF, 0xF0, 0xFE, 0x18, 0xC0, 0xFC, 0x01, 0xC0, 0x20, 0x0F, 0x80, 0x38, 0x00,
    0xC0, 0x06, 0x00, 0x30, 0x01, 0x80, 0x0C, 0x00, 0x7F, 0x83, 0x8E, 0x18, 0x70, 0xC1, 0x86, 0x0C,
    0x30, 0x61, 0x83, 0x0C, 0x18, 0x61, 0xCF, 0xDF, 0x80, 0xCE, 0x63, 0x30, 0x37, 0x6C, 0xC0, 0x31,
    0xC7, 0xB3, 0xCC, 0x03, 0x3F, 0x7E, 0xC0, 0xFC, 0xFF, 0xC0, 0x8E, 0xFE, 0x40, 0x1B, 0x00, 0x01,
    0x8F, 0x18, 0xF6, 0xCE, 0x42, 0x00, 0xFB, 0xDF, 0x33, 0x3F, 0x7E, 0x6C, 0xD8, 0x87, 0x37, 0x9E,
    0x30, 0x7F, 0x5F, 0xFF, 0xEC, 0x6E, 0x76, 0x33, 0x13, 0x18, 0x33, 0x0F, 0x77, 0xC0, 0xFE, 0xE2,
    0x13, 0x91, 0xC7, 0x3C, 0xFD, 0xBE, 0x77, 0xE6, 0x70, 0xEF, 0x33, 0x74, 0xCE, 0x63, 0x30, 0x37,
    0x6C, 0xC0, 0x01, 0x1F, 0x11, 0x88, 0xF8, 0x80, 0xF8, 0x42, 0x01, 0x8C, 0x6E, 0x00, 0xFB, 0x70,
    0x21, 0x09, 0xF0, 0xF9, 0x08, 0x40, 0x01, 0x09, 0xF2, 0x10, 0xFC, 0x06, 0x06, 0x06, 0x06, 0x06,
    0x06, 0x06, 0xCE, 0xEC, 0xF8, 0xC3, 0x0C, 0x30, 0xC3, 0x0E, 0xFF, 0x78, 0x1B, 0x00, 0x01, 0x8F,
    0x18, 0xFB, 0xDF, 0x77, 0x33, 0x60, 0x26, 0xFF, 0x33, 0xE0, 0x18, 0xC6, 0x38, 0xC3, 0x8F, 0xBE,
    0xF8, 0xFE, 0x18, 0x40, 0x93, 0xF7, 0xFA, 0x00, 0x87, 0x37, 0x9E, 0x30, 0x31, 0xC7, 0xB3, 0xCC,
    0x8E, 0xFE, 0x40, 0xFF, 0xE2, 0x03, 0x7E, 0x7C, 0xC0, 0x7E, 0xFF, 0xC0, 0xFF, 0xC0, 0x00, 0x03,
    0xFF, 0x78, 0x7F, 0xB8, 0x7C, 0x04, 0xFF, 0xFF, 0xF0, 0x03, 0x03, 0x06, 0x06, 0x0C, 0x0C, 0x0C,
    0x18, 0x18, 0x30, 0x30, 0x60, 0x60, 0xE0, 0xC0, 0x00, 0xC0, 0x70, 0x18, 0x06, 0x03, 0x00, 0xC0,
    0x60, 0x18, 0x0C, 0x03, 0x01, 0xC0, 0x60, 0x18, 0x0C, 0x03, 0x01, 0x80, 0x60, 0x30, 0x00, 0xED,
    0xF0, 0x86, 0x1F, 0xC0, 0xF9, 0x9F, 0xEF, 0x74, 0x40, 0xFF, 0xF9, 0xDB, 0x6C, 0xCE, 0x63, 0x30,
    0x76, 0x64, 0xC0, 0x03, 0x7E, 0x7E, 0xC0, 0xFD, 0xBC, 0x0C, 0x0C, 0x1C, 0xDE, 0xD6, 0xCC, 0xCF,
    0x40, 0xFB, 0x70, 0x7B, 0xDE, 0xB0, 0xED, 0xF0, 0x00, 0x00, 0xE0, 0x07, 0x78, 0x1E, 0x0F, 0xF0,
    0x1F, 0xF8, 0x78, 0x1E, 0x40, 0x02, 0x7D, 0xFC, 0xF0, 0x1C, 0x00, 0xE0, 0x03, 0x80, 0x06, 0x00,
    0x00, 0x7F, 0xF8, 0xE0, 0xC3, 0x02, 0x18, 0x00, 0xC0, 0x06, 0x00, 0x30, 0x81, 0xFC, 0x0C, 0x20,
    0x61, 0x03, 0x00, 0x18, 0x00, 0xC0, 0x46, 0x02, 0x78, 0x3F, 0xFF, 0x80, 0x08, 0x00, 0xE6, 0x07,
    0x30, 0x00, 0x0F, 0xFF, 0x1C, 0x08, 0x60, 0x63, 0x00, 0x18, 0x00, 0xC0, 0x06, 0x10, 0x3F, 0x81,
    0x8C, 0x0C, 0x20, 0x60, 0x03, 0x00, 0x18, 0x08, 0xC0, 0x4F, 0x07, 0xFF, 0xF0, 0x60, 0x03, 0x3F,
    0xFF, 0xB0, 0xC0, 0xD0, 0x60, 0x60, 0x30, 0x00, 0x18, 0x00, 0x0C, 0x00, 0x07, 0xFC, 0x03, 0x87,
    0x01, 0x81, 0xC0, 0xC0, 0xE0, 0x60, 0x70, 0x30, 0x18, 0x18, 0x0C, 0x0C, 0x06, 0x0F, 0x07, 0x1F,
    0xE3, 0x80, 0x01, 0x80, 0x01, 0xC0, 0x00, 0xC0, 0x01, 0xC0, 0x03, 0xC0, 0x00, 0xC0, 0x0E, 0x00,
    0xE0, 0x06, 0x00, 0x00, 0x7F, 0xFC, 0xF0, 0x63, 0x03, 0x18, 0x08, 0xC0, 0x06, 0x00, 0x30, 0x01,
    0x80, 0x0C, 0x00, 0x60, 0x03, 0x00, 0x18, 0x00, 0xC0, 0x06, 0x00, 0x78, 0x0F, 0xF0, 0x00, 0x0F,
    0xF8, 0x70, 0xF3, 0x00, 0xD8, 0x03, 0xE0, 0x07, 0x80, 0x0F, 0xF2, 0x3F, 0xF8, 0xC0, 0x03, 0x80,
    0x0E, 0x00, 0x38, 0x01, 0x70, 0x04, 0xE0, 0x31, 0xC3, 0xC3, 0xFE, 0x1F, 0xCC, 0x77, 0x0D, 0x81,
    0x70, 0x1E, 0x07, 0xE0, 0xFC, 0x0F, 0x80, 0xF0, 0x1E, 0x07, 0xC0, 0xF0, 0x7F, 0x39, 0xFC, 0xFF,
    0x3C, 0x18, 0x18, 0x18, 0x18, 0x18, 0x18, 0x18, 0x18, 0x18, 0x18, 0x18, 0x18, 0x3C, 0xFF, 0x00,
    0xC6, 0xC6, 0x00, 0xFF, 0x3C, 0x18, 0x18, 0x18, 0x18, 0x18, 0x18, 0x18, 0x18, 0x18, 0x18, 0x18,
    0x18, 0x3C, 0xFF, 0x3F, 0x83, 0xC0, 0x60, 0x18, 0x06, 0x01, 0x80, 0x60, 0x18, 0x06, 0x01, 0x80,
    0x60, 0x18, 0x06, 0x01, 0x80, 0x60, 0x18, 0x06, 0x01, 0x8C, 0xC3, 0xB0, 0xF8, 0x00, 0x1F, 0xFF,
    0x80, 0x0C, 0x0E, 0x00, 0x08, 0x18, 0x00, 0x10, 0x30, 0x00, 0x20, 0x60, 0x00, 0x40, 0xC0, 0x01,
    0x81, 0x80, 0x03, 0x03, 0xFC, 0x06, 0x07, 0x1C, 0x0C, 0x0C, 0x1C, 0x10, 0x18, 0x38, 0x20, 0x30,
    0x30, 0xC0, 0x60, 0xFB, 0x00, 0xC1, 0xFE, 0x03, 0xC7, 0x78, 0x1F, 0xFC, 0x7F, 0x3F, 0x80, 0x78,
    0x1E, 0x00, 0x60, 0x18, 0x00, 0xC0, 0x30, 0x01, 0x80, 0x60, 0x03, 0x00, 0xC0, 0x06, 0x01, 0x80,
    0x0F, 0xFF, 0xFC, 0x18, 0x06, 0x3C, 0x30, 0x0C, 0x1C, 0x60, 0x18, 0x38, 0xC0, 0x30, 0x31, 0x80,
    0x60, 0xE3, 0x00, 0xC1, 0xCF, 0x03, 0xC7, 0x3F, 0x9F, 0xFC, 0x00, 0x00, 0x0C, 0x00, 0x61, 0xFF,
    0xFC, 0x61, 0xC1, 0x08, 0x30, 0x20, 0x06, 0x00, 0x00, 0xC0, 0x00, 0x18, 0x00, 0x03, 0xFC, 0x00,
    0x71, 0xC0, 0x0C, 0x1C, 0x01, 0x83, 0x80, 0x30, 0x30, 0x06, 0x06, 0x00, 0xC0, 0xC0, 0x18, 0x18,
    0x07, 0x87, 0x83, 0xFD, 0xFC, 0x00, 0x30, 0x00, 0x38, 0x00, 0x38, 0x00, 0x18, 0x00, 0x00, 0x07,
    0xF0, 0xF0, 0xF0, 0x78, 0x30, 0x60, 0x18, 0x20, 0x0C, 0x30, 0x06, 0x18, 0x03, 0x38, 0x01, 0xFC,
    0x00, 0xCE, 0x00, 0x63, 0x80, 0x30, 0xE0, 0x18, 0x70, 0x0C, 0x1C, 0x06, 0x0E, 0x07, 0x83, 0x8F,
    0xF0, 0xF8, 0x01, 0x80, 0x00, 0x1C, 0x00, 0x00, 0xE0, 0x00, 0x03, 0x00, 0x00, 0x00, 0x07, 0xF0,
    0xFE, 0x3C, 0x03, 0xC1, 0x80, 0x38, 0x18, 0x07, 0x81, 0x80, 0xF8, 0x18, 0x1D, 0x81, 0x83, 0x98,
    0x18, 0x71, 0x81, 0x8E, 0x18, 0x19, 0xC1, 0x81, 0xB8, 0x18, 0x1F, 0x01, 0x81, 0xE0, 0x18, 0x1C,
    0x01, 0x83, 0xC0, 0x3C, 0x7F, 0x0F, 0xE0, 0x07, 0x10, 0x03, 0x88, 0x01, 0xCC, 0x00, 0x7C, 0x00,
    0x00, 0x07, 0xF1, 0xF8, 0xE0, 0x38, 0x38, 0x18, 0x1C, 0x0C, 0x07, 0x0C, 0x03, 0x86, 0x00, 0xE2,
    0x00, 0x73, 0x00, 0x3D, 0x00, 0x0F, 0x80, 0x07, 0x80, 0x01, 0xC0, 0x00, 0xE0, 0x00, 0x60, 0x03,
    0xE0, 0x01, 0xF0, 0x00, 0xF0, 0x00, 0xFF, 0x1F, 0xE7, 0x80, 0xF0, 0x60, 0x0C, 0x0C, 0x01, 0x81,
    0x80, 0x30, 0x30, 0x06, 0x06, 0x00, 0xC0, 0xC0, 0x18, 0x18, 0x03, 0x03, 0x00, 0x60, 0x60, 0x0C,
    0x0C, 0x01, 0x81, 0x80, 0x30, 0x30, 0x06, 0x0F, 0x01, 0xE7, 0xFF, 0xFF, 0x00, 0xE0, 0x00, 0x1C,
    0x00, 0x03, 0x80, 0x00, 0x20, 0x00, 0x04, 0x00, 0x00, 0x20, 0x00, 0x1C, 0x00, 0x03, 0x80, 0x00,
    0x78, 0x00, 0x1F, 0x00, 0x03, 0x60, 0x00, 0xCE, 0x00, 0x19, 0xC0, 0x03, 0x18, 0x00, 0xC3, 0x80,
    0x1F, 0xF0, 0x06, 0x06, 0x00, 0xC0, 0xE0, 0x18, 0x1C, 0x06, 0x01, 0xC1, 0xE0, 0x78, 0xFF, 0x3F,
    0xC0, 0xFF, 0xF1, 0xC1, 0x86, 0x0C, 0x30, 0x01, 0x80, 0x0C, 0x00, 0x60, 0x03, 0xFC, 0x1C, 0xF0,
    0xC1, 0xC6, 0x0E, 0x30, 0x31, 0x83, 0x8C, 0x1C, 0xF1, 0xDF, 0xFC, 0xFF, 0xE0, 0xF3, 0xC1, 0x87,
    0x06, 0x0C, 0x18, 0x30, 0x61, 0xC1, 0xCE, 0x07, 0xF8, 0x1C, 0xF8, 0x60, 0xE1, 0x83, 0x86, 0x06,
    0x18, 0x38, 0x60, 0xE3, 0xC7, 0x3F, 0xF8, 0x00, 0x07, 0xFF, 0xCF, 0x06, 0x30, 0x31, 0x80, 0x8C,
    0x00, 0x60, 0x03, 0x00, 0x18, 0x00, 0xC0, 0x06, 0x00, 0x30, 0x01, 0x80, 0x0C, 0x00, 0x60, 0x07,
    0x80, 0xFF, 0x00, 0x1F, 0xFF, 0x83, 0x0F, 0x00, 0x83, 0x00, 0x41, 0x80, 0x20, 0xC0, 0x10, 0x60,
    0x18, 0x30, 0x0C, 0x18, 0x06, 0x0C, 0x03, 0x06, 0x01, 0x03, 0x01, 0x81, 0x80, 0xC0, 0xC0, 0xC0,
    0x60, 0xE0, 0x31, 0xFF, 0xFF, 0xE0, 0x03, 0xF0, 0x01, 0xF0, 0x00, 0x68, 0x00, 0x24, 0x00, 0x12,
    0x00, 0x08, 0xFF, 0xF1, 0xC1, 0x86, 0x04, 0x30, 0x01, 0x80, 0x0C, 0x00, 0x61, 0x03, 0xF8, 0x18,
    0x40, 0xC2, 0x06, 0x00, 0x30, 0x01, 0x80, 0x8C, 0x04, 0xF0, 0x7F, 0xFF, 0x3C, 0x7F, 0x8F, 0x0F,
    0x87, 0x87, 0xC0, 0x60, 0xC1, 0x80, 0x0C, 0x30, 0xC0, 0x03, 0x0C, 0x30, 0x00, 0x63, 0x18, 0x00,
    0x1C, 0xCE, 0x00, 0x03, 0xFF, 0x00, 0x01, 0xCC, 0xE0, 0x00, 0xE3, 0x1C, 0x00, 0x70, 0xC3, 0x80,
    0x1C, 0x30, 0xE0, 0x0E, 0x0C, 0x1C, 0x07, 0x03, 0x03, 0x83, 0xC1, 0xE0, 0xF1, 0xE1, 0xFE, 0x1E,
    0x3F, 0x87, 0x1C, 0x61, 0xC4, 0x0C, 0x40, 0xC0, 0x1C, 0x01, 0x81, 0xF8, 0x01, 0xE0, 0x0E, 0x00,
    0x68, 0x06, 0xC0, 0xEE, 0x0E, 0xF1, 0xC7, 0xF0, 0x7F, 0x0F, 0xE3, 0xC0, 0x3C, 0x18, 0x03, 0x81,
    0x80, 0x78, 0x18, 0x0F, 0x81, 0x81, 0xD8, 0x18, 0x39, 0x81, 0x87, 0x18, 0x18, 0xE1, 0x81, 0x9C,
    0x18, 0x1B, 0x81, 0x81, 0xF0, 0x18, 0x1E, 0x01, 0x81, 0xC0, 0x18, 0x3C, 0x03, 0xC7, 0xF0, 0xFE,
    0x01, 0x84, 0x00, 0x38, 0xC0, 0x03, 0x9C, 0x00, 0x1F, 0x80, 0x00, 0x00, 0x07, 0xF0, 0xFE, 0x3C,
    0x03, 0xC1, 0x80, 0x38, 0x18, 0x07, 0x81, 0x80, 0xF8, 0x18, 0x1D, 0x81, 0x83, 0x98, 0x18, 0x71,
    0x81, 0x8E, 0x18, 0x19, 0xC1, 0x81, 0xB8, 0x18, 0x1F, 0x01, 0x81, 0xE0, 0x18, 0x1C, 0x01, 0x83,
    0xC0, 0x3C, 0x7F, 0x0F, 0xE0, 0xFE, 0x1E, 0x1E, 0x0F, 0x06, 0x0C, 0x03, 0x04, 0x01, 0x86, 0x00,
    0xC3, 0x00, 0x67, 0x00, 0x3F, 0x80, 0x19, 0xC0, 0x0C, 0x70, 0x06, 0x1C, 0x03, 0x0E, 0x01, 0x83,
    0x80, 0xC1, 0xC0, 0xF0, 0x71, 0xFE, 0x1F, 0x1F, 0xFF, 0x83, 0x07, 0x00, 0x83, 0x00, 0x41, 0x80,
    0x20, 0xC0, 0x10, 0x60, 0x08, 0x30, 0x0C, 0x18, 0x06, 0x0C, 0x03, 0x06, 0x01, 0x83, 0x00, 0x81,
    0x80, 0xC0, 0xC3, 0xE0, 0x63, 0xE0, 0x79, 0xE0, 0xFF, 0xFC, 0x00, 0xF8, 0xF0, 0x07, 0x81, 0xE0,
    0x1C, 0x07, 0x80, 0x70, 0x1F, 0x03, 0xC0, 0x7C, 0x0F, 0x01, 0xF0, 0x6C, 0x04, 0xE1, 0xB0, 0x13,
    0x8C, 0xC0, 0x47, 0x33, 0x03, 0x1D, 0x8E, 0x0C, 0x74, 0x38, 0x30, 0xF0, 0xE0, 0xC3, 0x83, 0x83,
    0x8E, 0x1E, 0x3F, 0x10, 0xFE, 0x00, 0x00, 0x00, 0x7F, 0x0F, 0xE3, 0xC0, 0x3C, 0x18, 0x01, 0x81,
    0x80, 0x18, 0x18, 0x01, 0x81, 0x80, 0x18, 0x18, 0x01, 0x81, 0xFF, 0xF8, 0x18, 0x01, 0x81, 0x80,
    0x18, 0x18, 0x01, 0x81, 0x80, 0x18, 0x18, 0x01, 0x81, 0x80, 0x18, 0x3C, 0x03, 0xCF, 0xF0, 0xFE,
    0x0F, 0xF8, 0x0E, 0x1E, 0x0C, 0x03, 0x8C, 0x00, 0xEE, 0x00, 0x3F, 0x00, 0x1F, 0x00, 0x0F, 0x80,
    0x07, 0xE0, 0x01, 0xF0, 0x00, 0xF8, 0x00, 0xFC, 0x00, 0x77, 0x00, 0x31, 0xC0, 0x30, 0x78, 0x70,
    0x1F, 0xF0, 0xFF, 0xFF, 0xE7, 0x00, 0x70, 0x60, 0x0C, 0x0C, 0x01, 0x81, 0x80, 0x30, 0x30, 0x06,
    0x06, 0x00, 0xC0, 0xC0, 0x18, 0x18, 0x03, 0x03, 0x00, 0x60, 0x60, 0x0C, 0x0C, 0x01, 0x81, 0x80,
    0x30, 0x30, 0x06, 0x0F, 0x01, 0xE7, 0xF8, 0xFF, 0xFF, 0xE1, 0xE3, 0x86, 0x0E, 0x30, 0x71, 0x81,
    0x8C, 0x0C, 0x60, 0xE3, 0x07, 0x18, 0x70, 0xDE, 0x06, 0x00, 0x30, 0x01, 0x80, 0x0C, 0x00, 0xF0,
    0x1F, 0xE0, 0x07, 0xFE, 0x1E, 0x1E, 0x38, 0x06, 0x70, 0x02, 0x60, 0x02, 0xE0, 0x00, 0xE0, 0x00,
    0xC0, 0x00, 0xE0, 0x00, 0xE0, 0x00, 0xE0, 0x00, 0xF0, 0x00, 0x70, 0x03, 0x38, 0x06, 0x1E, 0x1E,
    0x07, 0xFC, 0x00, 0x00, 0x30, 0x00, 0x1F, 0xFF, 0xF8, 0x78, 0x68, 0x18, 0x10, 0x0C, 0x00, 0x06,
    0x00, 0x03, 0x00, 0x01, 0x80, 0x00, 0xC0, 0x00, 0x60, 0x00, 0x30, 0x00, 0x18, 0x00, 0x0C, 0x00,
    0x06, 0x00, 0x03, 0x00, 0x03, 0xC0, 0x07, 0xF8, 0x00, 0xFE, 0x3F, 0x1C, 0x07, 0x07, 0x03, 0x03,
    0x81, 0x80, 0xE1, 0x80, 0x70, 0xC0, 0x1C, 0x40, 0x0E, 0x60, 0x07, 0xA0, 0x01, 0xF0, 0x00, 0xF0,
    0x00, 0x38, 0x00, 0x1C, 0x00, 0x0C, 0x00, 0x7C, 0x00, 0x3E, 0x00, 0x1E, 0x00, 0x00, 0x07, 0xF8,
    0x03, 0xF8, 0x00, 0x30, 0x01, 0xFF, 0x83, 0xCC, 0xE3, 0x86, 0x3B, 0x83, 0x0F, 0xC1, 0x87, 0xC0,
    0xC1, 0xE0, 0x60, 0xF8, 0x30, 0xFC, 0x18, 0x7E, 0x0C, 0x3B, 0x86, 0x38, 0xF3, 0x38, 0x1F, 0xF0,
    0x00, 0xC0, 0x03, 0xFC, 0x00, 0xFF, 0x1F, 0xCF, 0x01, 0xC1, 0xE0, 0xE0, 0x3C, 0x70, 0x07, 0x18,
    0x00, 0xEC, 0x00, 0x3E, 0x00, 0x07, 0x80, 0x01, 0xE0, 0x00, 0x7C, 0x00, 0x37, 0x00, 0x18, 0xE0,
    0x0C, 0x1C, 0x07, 0x07, 0x83, 0x81, 0xF3, 0xF8, 0xFF, 0xFF, 0x1F, 0xE7, 0x80, 0xF0, 0x60, 0x0C,
    0x0C, 0x01, 0x81, 0x80, 0x30, 0x30, 0x06, 0x06, 0x00, 0xC0, 0xC0, 0x18, 0x18, 0x03, 0x03, 0x00,
    0x60, 0x60, 0x0C, 0x0C, 0x01, 0x81, 0x80, 0x30, 0x30, 0x06, 0x0F, 0x01, 0xE7, 0xFF, 0xFF, 0x00,
    0x00, 0xE0, 0x00, 0x0C, 0x00, 0x01, 0x00, 0x00, 0x20, 0x00, 0x04, 0x7F, 0x7F, 0x0E, 0x0F, 0x06,
    0x03, 0x03, 0x01, 0x81, 0x80, 0xC0, 0xC0, 0x60, 0x70, 0x30, 0x3C, 0x78, 0x0F, 0xEC, 0x00, 0x06,
    0x00, 0x03, 0x00, 0x01, 0x80, 0x00, 0xC0, 0x00, 0x60, 0x00, 0x78, 0x00, 0xFE, 0xFF, 0x7F, 0xBF,
    0xCF, 0x07, 0x83, 0xC1, 0x80, 0xC0, 0x60, 0x60, 0x30, 0x18, 0x18, 0x0C, 0x06, 0x06, 0x03, 0x01,
    0x81, 0x80, 0xC0, 0x60, 0x60, 0x30, 0x18, 0x18, 0x0C, 0x06, 0x06, 0x03, 0x01, 0x81, 0x80, 0xC0,
    0x60, 0x60, 0x30, 0x18, 0x18, 0x0C, 0x06, 0x06, 0x03, 0x01, 0x83, 0xC1, 0xE0, 0xF3, 0xFF, 0xFF,
    0xFF, 0xFF, 0x7F, 0xFF, 0x8F, 0x07, 0x87, 0x81, 0x80, 0xC0, 0xC0, 0x60, 0x30, 0x30, 0x18, 0x0C,
    0x0C, 0x06, 0x03, 0x03, 0x01, 0x80, 0xC0, 0xC0, 0x60, 0x30, 0x30, 0x18, 0x0C, 0x0C, 0x06, 0x03,
    0x03, 0x01, 0x80, 0xC0, 0xC0, 0x60, 0x30, 0x30, 0x18, 0x0C, 0x0C, 0x06, 0x03, 0x03, 0x03, 0xC1,
    0xE1, 0xE3, 0xFF, 0xFF, 0xFF, 0x00, 0x00, 0x03, 0xC0, 0x00, 0x00, 0xE0, 0x00, 0x00, 0x18, 0x00,
    0x00, 0x04, 0x00, 0x00, 0x01, 0x00, 0x00, 0x00, 0x40, 0x80, 0x01, 0xFF, 0x83, 0x1C, 0x04, 0x30,
    0x08, 0x60, 0x00, 0xC0, 0x01, 0x80, 0x03, 0x00, 0x07, 0xF8, 0x0E, 0x38, 0x18, 0x38, 0x30, 0x70,
    0x60, 0x60, 0xC0, 0xC1, 0x83, 0x87, 0x8E, 0x3F, 0xF8, 0xFF, 0x03, 0xF9, 0xE0, 0x0F, 0x06, 0x00,
    0x30, 0x30, 0x01, 0x81, 0x80, 0x0C, 0x0C, 0x00, 0x60, 0x60, 0x03, 0x03, 0xFC, 0x18, 0x1C, 0xF0,
    0xC0, 0xC1, 0xC6, 0x06, 0x0E, 0x30, 0x30, 0x31, 0x81, 0x81, 0x8C, 0x0C, 0x1C, 0x60, 0xF1, 0xC7,
    0x9F, 0xFC, 0xFF, 0xFF, 0x01, 0xE0, 0x06, 0x00, 0x30, 0x01, 0x80, 0x0C, 0x00, 0x60, 0x03, 0xFC,
    0x1C, 0xF0, 0xC1, 0xC6, 0x0E, 0x30, 0x31, 0x81, 0x8C, 0x1C, 0xF1, 0xDF, 0xFC, 0x7F, 0xC0, 0xE1,
    0xE1, 0x80, 0xE6, 0x00, 0xC0, 0x01, 0xC0, 0x01, 0x83, 0xE7, 0x0F, 0xFE, 0x19, 0xFC, 0x00, 0x38,
    0x00, 0x74, 0x00, 0xEC, 0x03, 0x9C, 0x06, 0x1C, 0x38, 0x3F, 0xE0, 0xFF, 0x0F, 0xF0, 0x3C, 0x1C,
    0x38, 0x18, 0x30, 0x1C, 0x18, 0x70, 0x0E, 0x18, 0xE0, 0x07, 0x18, 0xE0, 0x07, 0x18, 0xC0, 0x07,
    0x1F, 0xC0, 0x03, 0x18, 0xC0, 0x03, 0x18, 0xE0, 0x03, 0x18, 0xE0, 0x07, 0x18, 0x60, 0x07, 0x18,
    0x70, 0x0E, 0x18, 0x38, 0x0C, 0x3C, 0x1C, 0x38, 0xFF, 0x0F, 0xF0, 0x03, 0xFF, 0x83, 0x8F, 0x03,
    0x83, 0x01, 0x81, 0x80, 0xC0, 0xC0, 0x70, 0x60, 0x1C, 0x70, 0x07, 0xF8, 0x03, 0xCC, 0x03, 0xC6,
    0x01, 0xC3, 0x01, 0xC1, 0x81, 0xE0, 0xC0, 0xE0, 0x61, 0xE0, 0x79, 0xE0, 0xFF, 0x3E, 0x1F, 0x8C,
    0x63, 0x18, 0x06, 0x0F, 0x8F, 0xE3, 0x98, 0xEE, 0x3F, 0xF0, 0x00, 0xC3, 0xF1, 0xF8, 0xF0, 0x60,
    0x10, 0x0C, 0x03, 0xFC, 0xE3, 0xB8, 0x7C, 0x1F, 0x03, 0xC0, 0xF8, 0x7E, 0x1D, 0xC6, 0x3F, 0x00,
    0xFF, 0x0C, 0xE3, 0x18, 0xCE, 0x3F, 0x0C, 0x63, 0x1C, 0xC3, 0x39, 0xFF, 0xE0, 0x00, 0x7F, 0xDC,
    0x66, 0x33, 0x01, 0x80, 0xC0, 0x60, 0x30, 0x18, 0x3F, 0x00, 0x3F, 0xF1, 0x8E, 0x08, 0xC0, 0x8C,
    0x08, 0xC1, 0x8C, 0x18, 0xC1, 0x8C, 0x30, 0xCF, 0xFF, 0xE0, 0x74, 0x02, 0x40, 0x20, 0x00, 0x3E,
    0x33, 0xB8, 0xDF, 0xEC, 0x06, 0x03, 0x81, 0xC2, 0x7F, 0x1F, 0x00, 0x73, 0xF3, 0x9E, 0x31, 0xE1,
    0x8C, 0x60, 0x33, 0x30, 0x07, 0xF8, 0x03, 0x37, 0x00, 0xCC, 0xC0, 0x63, 0x18, 0x38, 0xC7, 0x3C,
    0xFC, 0xF0, 0x7E, 0x33, 0xB0, 0xC0, 0xE3, 0xE0, 0x3A, 0x0D, 0x86, 0xE7, 0x3F, 0x00, 0xFC, 0xF9,
    0x83, 0x0C, 0x38, 0x63, 0xC3, 0x36, 0x1B, 0x30, 0xF1, 0x87, 0x0C, 0x30, 0x67, 0xEF, 0xC0, 0x18,
    0xC0, 0xE6, 0x07, 0xE0, 0x00, 0x00, 0x00, 0x7C, 0x7C, 0xC1, 0x86, 0x1C, 0x31, 0xE1, 0x9B, 0x0D,
    0x98, 0x78, 0xC3, 0x86, 0x18, 0x33, 0xF7, 0xE0, 0xFC, 0xE3, 0x1E, 0x31, 0x03, 0x30, 0x3E, 0x03,
    0x70, 0x33, 0x83, 0x18, 0x31, 0xEF, 0xCF, 0x3F, 0xF0, 0x8E, 0x08, 0xC0, 0x8C, 0x18, 0xC1, 0x8C,
    0x18, 0xC1, 0x8C, 0xF0, 0xCE, 0x3F, 0x78, 0x0F, 0x1C, 0x1C, 0x1C, 0x1C, 0x1E, 0x3C, 0x3E, 0x2C,
    0x37, 0x6C, 0x37, 0x4C, 0x33, 0xCC, 0x33, 0x8C, 0xF9, 0xBF, 0xFD, 0xF9, 0x83, 0x0C, 0x18, 0x60,
    0xC3, 0xFE, 0x18, 0x30, 0xC1, 0x86, 0x0C, 0x30, 0xE7, 0xEF, 0xC0, 0x1F, 0x8E, 0x39, 0x83, 0xF0,
    0x7C, 0x07, 0x80, 0xF8, 0x3F, 0x07, 0x71, 0xC7, 0xF0, 0xFF, 0xF3, 0x0E, 0x30, 0xC3, 0x0C, 0x30,
    0xC3, 0x0C, 0x30, 0xC3, 0x0C, 0x30, 0xCF, 0xFF, 0x10, 0x07, 0xFE, 0x7D, 0xE3, 0x07, 0x30, 0x73,
    0x03, 0x30, 0x33, 0x87, 0x38, 0x63, 0xCE, 0x3F, 0x83, 0x00, 0x30, 0x03, 0x00, 0x30, 0x03, 0x00,
    0x38, 0x0F, 0xC0, 0x3F, 0xB9, 0xF8, 0x1C, 0x0C, 0x06, 0x03, 0x81, 0xE1, 0x7F, 0x9F, 0x80, 0x00,
    0x7F, 0xFC, 0xCE, 0x31, 0x0C, 0x03, 0x00, 0xC0, 0x30, 0x0C, 0x03, 0x03, 0xF0, 0x7D, 0xF3, 0x8C,
    0x38, 0xC1, 0x88, 0x1D, 0x81, 0xD8, 0x0F, 0x00, 0xF0, 0x06, 0x00, 0x60, 0x04, 0x00, 0xC0, 0x0C,
    0x00, 0x80, 0x18, 0x07, 0x00, 0x70, 0x00, 0x03, 0x00, 0x78, 0x01, 0xC0, 0x06, 0x00, 0x30, 0x01,
    0x80, 0x7F, 0x8E, 0x6E, 0xE3, 0x3F, 0x19, 0xF0, 0xC7, 0x86, 0x3E, 0x33, 0xF1, 0x9D, 0xCD, 0xC7,
    0xFC, 0x03, 0x00, 0x18, 0x00, 0xC0, 0x06, 0x00, 0x30, 0x01, 0xC0, 0x3F, 0x00, 0x7B, 0xC7, 0x30,
    0x6C, 0x0F, 0x00, 0xE0, 0x1C, 0x07, 0xC1, 0x9C, 0x33, 0x9F, 0xFC, 0xFF, 0xF1, 0x86, 0x0C, 0x30,
    0x61, 0x83, 0x0C, 0x18, 0x60, 0xC3, 0x06, 0x18, 0x30, 0xC7, 0xFF, 0xC0, 0x0E, 0x00, 0x20, 0x01,
    0x00, 0x00, 0x7F, 0xF3, 0x0C, 0x30, 0xC3, 0x0C, 0x39, 0xC1, 0xFC, 0x00, 0xC0, 0x0C, 0x00, 0xC0,
    0x3F, 0xFF, 0xFF, 0x98, 0x63, 0x0C, 0x31, 0x86, 0x18, 0xC3, 0x0C, 0x61, 0x86, 0x30, 0xC3, 0x18,
    0x61, 0x8C, 0x30, 0xC6, 0x7F, 0xFF, 0xC0, 0xFF, 0xFF, 0x98, 0x63, 0x0C, 0x31, 0x86, 0x18, 0xC3,
    0x0C, 0x61, 0x86, 0x30, 0xC3, 0x18, 0x61, 0x8C, 0x30, 0xC6, 0x7F, 0xFF, 0xC0, 0x00, 0x60, 0x00,
    0x20, 0x00, 0x10, 0x00, 0x00, 0x80, 0x0F, 0xF0, 0xCC, 0x08, 0xC0, 0x0C, 0x00, 0xFC, 0x0C, 0xE0,
    0xC6, 0x0C, 0x60, 0xEE, 0x3F, 0xC0, 0xFC, 0x7E, 0x60, 0x30, 0xC0, 0x61, 0x80, 0xC3, 0xF1, 0x86,
    0x73, 0x0C, 0x66, 0x18, 0xCC, 0x3B, 0x99, 0xFE, 0xFC, 0xFC, 0x0C, 0x03, 0x00, 0xC0, 0x3F, 0x0C,
    0xE3, 0x18, 0xC6, 0x3B, 0xBF, 0xC0, 0x7E, 0x31, 0xCC, 0x38, 0x0E, 0x79, 0x93, 0xE0, 0x3B, 0x0E,
    0xE7, 0x1F, 0x80, 0xFC, 0xF8, 0x31, 0x9C, 0x33, 0x0E, 0x37, 0x0E, 0x3F, 0x06, 0x37, 0x06, 0x33,
    0x0E, 0x33, 0x0E, 0x3B, 0x9C, 0xFD, 0xF8, 0x0F, 0xF1, 0xCC, 0x18, 0xC1, 0xCC, 0x1C, 0xC0, 0xFC,
    0x0E, 0xC1, 0xCC, 0x38, 0xCF, 0x3F, 0x30, 0x1C, 0x06, 0x01, 0x80, 0xC0, 0x00, 0xF8, 0xCE, 0xE3,
    0x7F, 0xB0, 0x18, 0x0E, 0x07, 0x09, 0xFC, 0x7C, 0x33, 0x19, 0x80, 0x00, 0x00, 0x01, 0xF1, 0x9D,
    0xC6, 0xFF, 0x60, 0x30, 0x1C, 0x0E, 0x03, 0xF8, 0xF8, 0x30, 0x1E, 0x01, 0xC0, 0x18, 0x0F, 0xF0,
    0x60, 0x0C, 0x01, 0xFE, 0x38, 0xE7, 0x1C, 0xC3, 0x98, 0x33, 0x06, 0x60, 0xCC, 0x39, 0x87, 0xFC,
    0xC0, 0x18, 0x06, 0x01, 0xC0, 0x70, 0x1C, 0x00, 0x07, 0x03, 0x03, 0x81, 0x81, 0x80, 0x03, 0xFE,
    0xE3, 0x31, 0x98, 0x0C, 0x06, 0x03, 0x01, 0x80, 0xC1, 0xF8, 0x1F, 0x39, 0xD8, 0x5C, 0x0F, 0xF7,
    0x03, 0x81, 0xC1, 0x71, 0x9F, 0x80, 0x3E, 0x76, 0x72, 0x70, 0x7C, 0x3E, 0x0E, 0xC6, 0xCE, 0x7C,
    0x30, 0xC0, 0x00, 0x00, 0xEF, 0x1C, 0x30, 0xC3, 0x0C, 0x30, 0xCF, 0xC0, 0xC7, 0x8C, 0x00, 0x00,
    0x06, 0x3C, 0x38, 0x30, 0x60, 0xC1, 0x83, 0x06, 0x3F, 0x00, 0x18, 0x60, 0x00, 0x09, 0xE3, 0x86,
    0x18, 0x61, 0x86, 0x18, 0x61, 0x86, 0x18, 0xE3, 0x8C, 0x31, 0x80, 0x3F, 0xF0, 0x18, 0xE0, 0x08,
    0xC0, 0x08, 0xC0, 0x08, 0xFC, 0x18, 0xCE, 0x18, 0xC6, 0x50, 0xC6, 0xF0, 0xEE, 0xE3, 0xFC, 0xF9,
    0xF0, 0x30, 0xC0, 0x30, 0xC0, 0x30, 0xC0, 0x3F, 0xFC, 0x30, 0xCE, 0x30, 0xC6, 0x30, 0xC6, 0x30,
    0xEE, 0xFF, 0xFC, 0x38, 0x07, 0x80, 0x1C, 0x00, 0x60, 0x03, 0x00, 0x7F, 0x80, 0xC0, 0x06, 0x00,
    0x3F, 0xC1, 0xC7, 0x0C, 0x38, 0x60, 0xC3, 0x06, 0x18, 0x30, 0xC1, 0x86, 0x0C, 0x38, 0xE7, 0xEF,
    0xC0, 0x01, 0xC0, 0x18, 0x03, 0x00, 0x30, 0x06, 0x00, 0x00, 0xFC, 0xE3, 0x1E, 0x31, 0x03, 0x30,
    0x3E, 0x03, 0x70, 0x33, 0x83, 0x18, 0x31, 0xEF, 0xCF, 0x1C, 0x00, 0x60, 0x03, 0x80, 0x0C, 0x00,
    0x30, 0x00, 0x03, 0xF3, 0xE6, 0x0C, 0x30, 0xE1, 0x8F, 0x0C, 0xD8, 0x6C, 0xC3, 0xC6, 0x1C, 0x30,
    0xC1, 0x9F, 0xBF, 0x18, 0x81, 0x88, 0x1D, 0x80, 0xF0, 0x00, 0x0F, 0x9E, 0x70, 0xC3, 0x18, 0x39,
    0x81, 0x98, 0x1F, 0x01, 0xF0, 0x0E, 0x00, 0xE0, 0x04, 0x00, 0x40, 0x0C, 0x00, 0x80, 0x18, 0x01,
    0x00, 0xF0, 0x0E, 0x00, 0xFF, 0xF3, 0x0C, 0x30, 0xC3, 0x0C, 0x30, 0xC3, 0x0C, 0x30, 0xC3, 0x0C,
    0x30, 0xCF, 0xFF, 0x07, 0x00, 0x20, 0x02, 0x00, 0x20, 0x1F, 0xE0, 0x0F, 0xC0, 0x03, 0x00, 0x43,
    0x06, 0x7F, 0xFE, 0x63, 0x06, 0x43, 0x06, 0x03, 0x00, 0x03, 0xFC, 0x03, 0x9E, 0x03, 0x07, 0x03,
    0x07, 0x03, 0x03, 0x03, 0x03, 0x03, 0x07, 0x07, 0x8E, 0x1F, 0xFC, 0x04, 0x03, 0xC0, 0x1C, 0x00,
    0xC0, 0x0C, 0x07, 0xFC, 0xCC, 0xCC, 0xCC, 0x0C, 0x00, 0xC0, 0x0C, 0x00, 0xC0, 0x0F, 0xC0, 0xCE,
    0x0C, 0x60, 0xC6, 0x0E, 0xE3, 0xFC, 0x3F, 0xFF, 0xFE, 0x03, 0xC0, 0x0F, 0x00, 0x78, 0x07, 0x00,
    0x0F, 0x83, 0x80, 0x00, 0xF1, 0xC0, 0x00, 0x1E, 0xE0, 0x00, 0x03, 0xF0, 0x00, 0x03, 0xFF, 0x00,
    0x01, 0xFF, 0xE0, 0x00, 0xE3, 0x1C, 0x00, 0x78, 0xC7, 0x80, 0x1C, 0x30, 0xE0, 0x0E, 0x0C, 0x1C,
    0x07, 0x83, 0x07, 0x83, 0xC1, 0xE0, 0xF1, 0xE1, 0xFE, 0x1E, 0x7F, 0xFF, 0x87, 0x07, 0x80, 0xF3,
    0xC0, 0x0F, 0xE0, 0x07, 0xF8, 0x03, 0xB7, 0x01, 0xCC, 0xE0, 0x63, 0x18, 0x38, 0xC7, 0x3C, 0xFC,
    0xF0, 0x23, 0xFC, 0x6F, 0x8F, 0x0F, 0x38, 0x61, 0xE1, 0xC6, 0x38, 0x1C, 0x63, 0x80, 0xE6, 0x30,
    0x0E, 0x67, 0x00, 0x76, 0xE0, 0x03, 0xFC, 0x00, 0x06, 0x00, 0x00, 0x60, 0x00, 0x06, 0x00, 0x00,
    0x60, 0x00, 0x06, 0x00, 0x00, 0xF0, 0x00, 0x3F, 0xC0, 0x0F, 0xF8, 0x0E, 0x1E, 0x0C, 0x03, 0x8C,
    0x00, 0xEE, 0x00, 0x3F, 0x00, 0x1F, 0x7F, 0x0F, 0xFF, 0xFF, 0xE0, 0xFD, 0xF0, 0x00, 0xF8, 0x00,
    0xFC, 0x00, 0x77, 0x00, 0x31, 0xC0, 0x30, 0x78, 0x70, 0x1F, 0xF0, 0x1F, 0x8E, 0x39, 0x83, 0xE0,
    0x7F, 0xFF, 0xC0, 0xF8, 0x3F, 0x07, 0x71, 0xC7, 0xF0, 0xFE, 0x07, 0xBE, 0x07, 0xCE, 0x03, 0x87,
    0x03, 0x01, 0xC1, 0x80, 0xE0, 0xC0, 0x38, 0xC0, 0x1C, 0x60, 0x0E, 0x20, 0x03, 0xB0, 0x01, 0xD8,
    0x00, 0xF8, 0x00, 0x3C, 0x00, 0x1E, 0x00, 0x06, 0x00, 0x03, 0x00, 0x01, 0x00, 0x00, 0xF8, 0x77,
    0x0F, 0x31, 0x83, 0x98, 0x19, 0x01, 0xF0, 0x1F, 0x00, 0xE0, 0x0E, 0x00, 0x60, 0x04, 0x00, 0x00,
    0x00, 0x07, 0xE0, 0x01, 0xB8, 0x00, 0x6E, 0x00, 0x11, 0x07, 0xF0, 0x3D, 0xF0, 0x3E, 0x70, 0x1C,
    0x38, 0x18, 0x0E, 0x0C, 0x07, 0x06, 0x01, 0xC6, 0x00, 0xE3, 0x00, 0x71, 0x00, 0x1D, 0x80, 0x0E,
    0xC0, 0x07, 0xC0, 0x01, 0xE0, 0x00, 0xF0, 0x00, 0x30, 0x00, 0x18, 0x00, 0x08, 0x00, 0x37, 0x03,
    0xF0, 0x3B, 0x01, 0x98, 0x0D, 0x80, 0x00, 0xF8, 0x77, 0x0F, 0x31, 0x83, 0x98, 0x19, 0x01, 0xF0,
    0x1F, 0x00, 0xE0, 0x0E, 0x00, 0x60, 0x04, 0x00, 0x03, 0x84, 0x00, 0x38, 0xC0, 0x03, 0x9C, 0x00,
    0x1F, 0x80, 0x00, 0x00, 0x07, 0xF0, 0xFE, 0x3C, 0x03, 0xC1, 0x80, 0x38, 0x18, 0x07, 0x81, 0x80,
    0xF8, 0x18, 0x1D, 0x81, 0x83, 0x98, 0x18, 0x71, 0x81, 0x8E, 0x18, 0x19, 0xC1, 0x81, 0xB8, 0x18,
    0x1F, 0x01, 0x81, 0xE0, 0x18, 0x1C, 0x01, 0x83, 0xC0, 0x3E, 0x7F, 0x0F, 0xF0, 0x00, 0x0F, 0x00,
    0x00, 0xE0, 0x00, 0x0C, 0x00, 0x00, 0xC0, 0x00, 0x08, 0x18, 0x40, 0xC6, 0x07, 0x60, 0x1E, 0x00,
    0x00, 0x7E, 0x7C, 0xC1, 0x86, 0x1C, 0x31, 0xE1, 0x9B, 0x0D, 0x98, 0x78, 0xC3, 0x86, 0x18, 0x33,
    0xF7, 0xE0, 0x07, 0x00, 0x30, 0x01, 0x80, 0x08, 0x7F, 0x80, 0xFC, 0x00, 0xC0, 0x03, 0x00, 0xFF,
    0xE0, 0x30, 0x00, 0xC0, 0x03, 0x00, 0x0F, 0xF0, 0x39, 0xE0, 0xC1, 0xC3, 0x07, 0x0C, 0x0C, 0x30,
    0x30, 0xC1, 0xC7, 0x8E, 0x7F, 0xF0, 0x04, 0x03, 0xC0, 0x1C, 0x00, 0xC0, 0x0C, 0x07, 0xF8, 0xCC,
    0x0C, 0xC0, 0x0C, 0x00, 0xC0, 0x0C, 0x00, 0xC0, 0x0F, 0xC0, 0xCE, 0x0C, 0x60, 0xC6, 0x0E, 0xE3,
    0xFC, 0xFF, 0xE1, 0xE3, 0x86, 0x0E, 0x30, 0x71, 0x81, 0x8D, 0x8C, 0x6C, 0xE3, 0x37, 0x18, 0xF0,
    0xFF, 0x06, 0x18, 0x30, 0x61, 0x81, 0x0C, 0x00, 0xF0, 0x1F, 0xE0, 0x10, 0x07, 0xFE, 0x7D, 0xE3,
    0x07, 0x30, 0x73, 0x03, 0x30, 0x33, 0xE7, 0x3B, 0x63, 0xDE, 0x3F, 0xC3, 0x0C, 0x30, 0x63, 0x02,
    0x30, 0x03, 0x00, 0x38, 0x0F, 0xC0, 0x00, 0x10, 0x01, 0x00, 0x7F, 0xFF, 0x3C, 0x01, 0x80, 0x18,
    0x01, 0x80, 0x18, 0x01, 0x80, 0x18, 0x01, 0x80, 0x18, 0x01, 0x80, 0x18, 0x01, 0x80, 0x18, 0x03,
    0xC0, 0xFF, 0x00, 0x01, 0x80, 0xC0, 0x7F, 0xF7, 0x01, 0x80, 0xC0, 0x60, 0x30, 0x18, 0x0C, 0x06,
    0x0F, 0xC0, 0x00, 0x07, 0xFF, 0xCF, 0x06, 0x30, 0x31, 0x80, 0x8C, 0x00, 0x60, 0x03, 0x00, 0x18,
    0x07, 0xFC, 0x06, 0x00, 0x30, 0x01, 0x80, 0x0C, 0x00, 0x60, 0x07, 0x80, 0xFF, 0x00, 0x00, 0x1F,
    0xF3, 0x8C, 0x61, 0x18, 0x1F, 0xE3, 0xE0, 0x60, 0x18, 0x06, 0x07, 0xE0, 0x00, 0x03, 0xFF, 0xE3,
    0xC1, 0x86, 0x02, 0x18, 0x08, 0x60, 0x01, 0x80, 0x07, 0xFC, 0x1C, 0x38, 0x60, 0x71, 0x81, 0xC6,
    0x07, 0x18, 0x0C, 0x60, 0x31, 0x80, 0xCF, 0x07, 0xFF, 0x1C, 0x00, 0x60, 0x03, 0x80, 0x0C, 0x00,
    0x60, 0x0F, 0x00, 0x00, 0x1F, 0xF1, 0xC6, 0x18, 0xC3, 0x00, 0x7F, 0x0E, 0x71, 0x8E, 0x30, 0xC6,
    0x1B, 0xF3, 0x00, 0x60, 0x1C, 0x03, 0x80, 0x60, 0x0C, 0x3B, 0x07, 0xC0, 0x3C, 0x7F, 0x87, 0x8F,
    0x87, 0x83, 0xE0, 0x60, 0xC1, 0x80, 0x0C, 0x30, 0x60, 0x03, 0x0C, 0x30, 0x00, 0x63, 0x0C, 0x00,
    0x1C, 0xC6, 0x00, 0x03, 0xFF, 0x80, 0x01, 0xCC, 0xF0, 0x00, 0xE3, 0x1E, 0x00, 0x70, 0xC3, 0x80,
    0x1C, 0x30, 0xF0, 0x0E, 0x0C, 0x1C, 0x07, 0x03, 0x03, 0x83, 0xC1, 0xE0, 0xF1, 0xE1, 0xFE, 0x1F,
    0x00, 0x00, 0x01, 0xC0, 0x00, 0x00, 0x30, 0x00, 0x00, 0x08, 0x00, 0x00, 0x02, 0x00, 0x00, 0x00,
    0x80, 0x73, 0xF3, 0x9E, 0x31, 0xE1, 0x8C, 0x60, 0x33, 0x30, 0x07, 0xF8, 0x03, 0x37, 0x00, 0xCC,
    0xE0, 0x63, 0x18, 0x38, 0xC7, 0x3C, 0xFC, 0xF0, 0x00, 0x0C, 0x00, 0x02, 0x00, 0x00, 0x80, 0x1F,
    0x87, 0x1C, 0x61, 0xC6, 0x0C, 0x40, 0xC0, 0x1C, 0x01, 0x81, 0xF8, 0x01, 0xE0, 0x0E, 0x00, 0x64,
    0x06, 0xC0, 0xEE, 0x0E, 0x71, 0xC7, 0xF8, 0x0C, 0x00, 0xC0, 0x1E, 0x01, 0xE0, 0x06, 0x00, 0x60,
    0x1C, 0x00, 0x3E, 0x3B, 0x98, 0xC8, 0x60, 0x61, 0xF8, 0x1C, 0x86, 0x67, 0x3F, 0x02, 0x03, 0x03,
    0xC1, 0xE0, 0x30, 0x18, 0x38, 0x00, 0xFE, 0x1E, 0x3C, 0x3E, 0x18, 0x20, 0x18, 0x60, 0x18, 0x40,
    0x18, 0xC0, 0x19, 0x80, 0x1F, 0x80, 0x19, 0xC0, 0x18, 0xC0, 0x18, 0xE0, 0x18, 0x70, 0x18, 0x70,
    0x18, 0x38, 0x3C, 0x3C, 0xFF, 0x1F, 0x00, 0x0F, 0x00, 0x03, 0x00, 0x02, 0x00, 0x02, 0x00, 0x02,
    0xFC, 0xE3, 0x1E, 0x31, 0xA3, 0x30, 0x3F, 0x03, 0x70, 0x33, 0x83, 0x18, 0x31, 0xCF, 0xCF, 0x00,
    0x30, 0x02, 0x00, 0x20, 0xFE, 0x07, 0x8F, 0x03, 0xE1, 0x80, 0x80, 0x64, 0x60, 0x19, 0x18, 0x06,
    0x4C, 0x01, 0x97, 0x00, 0x7F, 0x80, 0x19, 0x70, 0x06, 0x4C, 0x01, 0x93, 0x80, 0x64, 0x70, 0x18,
    0x1C, 0x06, 0x03, 0x83, 0xC0, 0xF3, 0xFC, 0x1F, 0xFC, 0x71, 0xE7, 0x8F, 0x20, 0x7B, 0x03, 0xF0,
    0x1F, 0xC0, 0xF7, 0x07, 0x98, 0x34, 0xE7, 0xE3, 0x80, 0x7F, 0x80, 0x07, 0x81, 0xE0, 0xC0, 0xF8,
    0x30, 0x20, 0xFF, 0xD8, 0x03, 0x06, 0x00, 0xC3, 0x00, 0x31, 0xC0, 0x0F, 0xE0, 0x03, 0x1C, 0x00,
    0xC3, 0x00, 0x30, 0xE0, 0x0C, 0x1C, 0x03, 0x07, 0x00, 0xC0, 0xE0, 0x78, 0x3C, 0x7F, 0x87, 0xC0,
    0x04, 0x00, 0xF0, 0x01, 0xC0, 0x03, 0x00, 0x0C, 0x01, 0xFE, 0x04, 0xC0, 0x33, 0x00, 0x8C, 0x3C,
    0x31, 0xF0, 0xC6, 0x03, 0x30, 0x0F, 0xC0, 0x37, 0x00, 0xCE, 0x03, 0x1C, 0x0C, 0x78, 0xFC, 0xF0,
    0x80, 0x00, 0x1F, 0xF8, 0xF3, 0x1C, 0x1E, 0x43, 0x06, 0x08, 0x60, 0x80, 0x0C, 0x30, 0x01, 0x86,
    0x00, 0x33, 0x80, 0x07, 0xF0, 0x00, 0xCE, 0x00, 0x18, 0xE0, 0x03, 0x0E, 0x00, 0x61, 0xC0, 0x0C,
    0x1C, 0x01, 0x83, 0x80, 0x78, 0x38, 0x3F, 0xC3, 0xE0, 0x80, 0x03, 0xFC, 0xFC, 0xC7, 0xE3, 0x18,
    0x0C, 0xC0, 0x3F, 0x00, 0xDC, 0x03, 0x38, 0x0C, 0x70, 0x31, 0xE3, 0xF3, 0xC0, 0x7F, 0x0F, 0xE3,
    0xC0, 0x3C, 0x18, 0x01, 0x81, 0x80, 0x18, 0x18, 0x01, 0x81, 0x80, 0x18, 0x18, 0x01, 0x81, 0x80,
    0x18, 0x1F, 0xFF, 0x81, 0x80, 0x18, 0x18, 0x01, 0x81, 0x80, 0x18, 0x18, 0x01, 0x81, 0x80, 0x18,
    0x3C, 0x03, 0xCF, 0xF0, 0xFE, 0x00, 0x00, 0xE0, 0x00, 0x06, 0x00, 0x00, 0x40, 0x00, 0x04, 0x00,
    0x00, 0x40, 0xFD, 0xF9, 0x83, 0x0C, 0x18, 0x60, 0xC3, 0xFE, 0x18, 0x30, 0xC1, 0x86, 0x0C, 0x30,
    0x67, 0xEF, 0xC0, 0x06, 0x00, 0x20, 0x01, 0x00, 0x00, 0x00, 0x03, 0x7F, 0x0F, 0xFF, 0x3C, 0x03,
    0x83, 0x18, 0x01, 0x83, 0x18, 0x01, 0x80, 0x18, 0x01, 0x80, 0x18, 0x01, 0x80, 0x18, 0x01, 0x80,
    0x1F, 0xFF, 0x80, 0x18, 0x01, 0x80, 0x18, 0x01, 0x80, 0x18, 0x01, 0x80, 0x18, 0x01, 0x80, 0x18,
    0x01, 0x80, 0x18, 0x01, 0x80, 0x3C, 0x03, 0xC0, 0xFF, 0x0F, 0xE0, 0x00, 0x01, 0xFB, 0xFC, 0xC1,
    0x89, 0x83, 0x13, 0x06, 0x07, 0xFC, 0x0C, 0x18, 0x18, 0x30, 0x30, 0x60, 0x61, 0xC3, 0xF7, 0xE0,
    0xFF, 0xFF, 0xC0, 0x38, 0x07, 0x00, 0x18, 0x06, 0x00, 0x18, 0x06, 0x00, 0x18, 0x06, 0x00, 0x18,
    0x06, 0x00, 0x18, 0x07, 0xFC, 0x18, 0x07, 0x0E, 0x18, 0x06, 0x07, 0x18, 0x06, 0x07, 0x18, 0x06,
    0x07, 0x18, 0x06, 0x03, 0x18, 0x06, 0x03, 0x18, 0x06, 0x03, 0x3C, 0x0F, 0x03, 0xFF, 0x3F, 0xC7,
    0x00, 0x00, 0x06, 0x00, 0x00, 0x06, 0x00, 0x01, 0x0C, 0x00, 0x03, 0x98, 0x00, 0x03, 0xF0, 0xFF,
    0xF0, 0x18, 0x70, 0x0C, 0x30, 0x06, 0x1F, 0xE3, 0x0E, 0x79, 0x86, 0x1C, 0xC3, 0x0E, 0x61, 0x83,
    0x30, 0xC1, 0xFF, 0xF8, 0xC0, 0x00, 0x60, 0x00, 0x70, 0x00, 0x38, 0x00, 0x18, 0x00, 0x0C, 0x00,
    0xEC, 0x00, 0x7C, 0x00, 0x07, 0xFC, 0x0F, 0x0F, 0x0E, 0x01, 0x8E, 0x00, 0xC6, 0x00, 0x07, 0x03,
    0xE3, 0x87, 0x39, 0x83, 0x0E, 0xC3, 0x87, 0x71, 0x81, 0xB8, 0xC0, 0xDC, 0x70, 0xE7, 0x38, 0x71,
    0xDE, 0x34, 0x7F, 0xFC, 0x0F, 0xFC, 0x3F, 0x83, 0x9C, 0x38, 0x01, 0xCF, 0x8C, 0xEE, 0x67, 0x33,
    0xB1, 0x9D, 0xDD, 0x7F, 0xF9, 0xFF, 0x80, 0x07, 0xFE, 0x1E, 0x1E, 0x38, 0x06, 0x70, 0x02, 0x60,
    0x02, 0xE0, 0x00, 0xE0, 0x00, 0xC0, 0x00, 0xE0, 0x00, 0xE0, 0x00, 0xE0, 0x00, 0xF0, 0x00, 0x70,
    0x03, 0x38, 0x06, 0x1E, 0x1E, 0x07, 0xFC, 0x01, 0x80, 0x01, 0x80, 0x03, 0xC0, 0x03, 0xC0, 0x00,
    0xC0, 0x00, 0xC0, 0x07, 0x80, 0x3F, 0x33, 0xB8, 0x1C, 0x0C, 0x07, 0x03, 0x81, 0xE2, 0x7F, 0x1F,
    0x06, 0x03, 0x03, 0xC1, 0xE0, 0x30, 0x18, 0x38, 0x00, 0x00, 0x00, 0x30, 0x00, 0x1F, 0xFF, 0xF8,
    0x78, 0x68, 0x18, 0x10, 0x0C, 0x00, 0x06, 0x00, 0x03, 0x00, 0x01, 0x80, 0x00, 0xC0, 0x00, 0x60,
    0x00, 0x30, 0x00, 0x18, 0x00, 0x0C, 0x00, 0x06, 0x00, 0x03, 0x00, 0x03, 0xE0, 0x07, 0xF8, 0x00,
    0x1C, 0x00, 0x06, 0x00, 0x02, 0x00, 0x01, 0x00, 0x00, 0x80, 0x00, 0x7F, 0xFC, 0xCE, 0x31, 0x0C,
    0x03, 0x00, 0xC0, 0x30, 0x0C, 0x03, 0x03, 0xF0, 0x1C, 0x02, 0x00, 0x80, 0xFE, 0x3F, 0x1E, 0x06,
    0x07, 0x06, 0x03, 0xC3, 0x00, 0xE3, 0x00, 0x79, 0x00, 0x1D, 0x80, 0x07, 0x80, 0x03, 0xC0, 0x00,
    0xC0, 0x00, 0x60, 0x00, 0x30, 0x00, 0x18, 0x00, 0x0C, 0x00, 0x0F, 0x00, 0x1F, 0xE0, 0xF9, 0xF7,
    0x0E, 0x38, 0xC3, 0x8C, 0x19, 0x81, 0xD8, 0x1F, 0x00, 0xF0, 0x0F, 0x00, 0x70, 0x06, 0x00, 0x60,
    0x06, 0x00, 0x60, 0x06, 0x00, 0x60, 0x1F, 0x80, 0xFE, 0x3F, 0x1E, 0x06, 0x07, 0x06, 0x03, 0xC3,
    0x00, 0xE3, 0x00, 0x7B, 0x00, 0x1F, 0x80, 0x07, 0x80, 0x1F, 0xF8, 0x00, 0xC0, 0x00, 0x60, 0x00,
    0x30, 0x00, 0x18, 0x00, 0x0C, 0x00, 0x0F, 0x00, 0x1F, 0xE0, 0xF9, 0xF7, 0x0E, 0x30, 0xC3, 0x8C,
    0x19, 0x81, 0xD8, 0x1F, 0x00, 0xF0, 0x0F, 0x03, 0xFC, 0x06, 0x00, 0x60, 0x06, 0x00, 0x60, 0x06,
    0x00, 0x60, 0x1F, 0x80, 0xFF, 0x1F, 0xCF, 0x01, 0xC1, 0xE0, 0xE0, 0x3C, 0x30, 0x07, 0x18, 0x00,
    0xEC, 0x00, 0x3F, 0x00, 0x07, 0x80, 0x00, 0xE0, 0x00, 0x7C, 0x00, 0x37, 0x80, 0x18, 0xE0, 0x0E,
    0x1C, 0x07, 0x07, 0x83, 0x80, 0xF3, 0xF8, 0xFF, 0x00, 0x01, 0xC0, 0x00, 0x30, 0x00, 0x0C, 0x00,
    0x02, 0x00, 0x00, 0x80, 0x7B, 0xC7, 0x30, 0x7C, 0x0F, 0x00, 0xE0, 0x1E, 0x07, 0xC1, 0xDC, 0x31,
    0xDF, 0x7C, 0x03, 0x80, 0x20, 0x04, 0x00, 0x80, 0x00, 0x00, 0x03, 0x00, 0x00, 0x3F, 0xFF, 0xFF,
    0x8C, 0x23, 0xC8, 0x61, 0x0C, 0x03, 0x00, 0x60, 0x18, 0x03, 0x00, 0xC0, 0x18, 0x06, 0x00, 0xC0,
    0x30, 0x06, 0x01, 0x80, 0x30, 0x0C, 0x01, 0x80, 0x60, 0x0C, 0x03, 0x00, 0x60, 0x18, 0x03, 0x00,
    0xC0, 0x18, 0x0F, 0x01, 0xF1, 0xFF, 0xFF, 0xC0, 0x00, 0x0E, 0x00, 0x00, 0x30, 0x00, 0x01, 0x80,
    0x00, 0x08, 0x00, 0x00, 0x40, 0x81, 0x01, 0xFF, 0xFB, 0x34, 0xC4, 0x69, 0x80, 0xC3, 0x01, 0x86,
    0x03, 0x0C, 0x06, 0x18, 0x0C, 0x30, 0x18, 0x60, 0xFF, 0xF8, 0x00, 0x70, 0x00, 0x40, 0x00, 0x80,
    0x00, 0x00, 0x7F, 0x7F, 0x0E, 0x0F, 0x06, 0x03, 0x03, 0x01, 0x81, 0x80, 0xC0, 0xC0, 0x60, 0x70,
    0x30, 0x3C, 0x78, 0x0F, 0xEC, 0x00, 0x06, 0x00, 0x03, 0x00, 0x01, 0x80, 0x00, 0xC0, 0x00, 0x60,
    0x00, 0x78, 0x00, 0xFF, 0x00, 0x03, 0x80, 0x00, 0xC0, 0x00, 0x40, 0x00, 0x20, 0x00, 0x10, 0x7F,
    0xF3, 0x0C, 0x30, 0xC3, 0x0C, 0x39, 0xC1, 0xFC, 0x00, 0xC0, 0x0C, 0x00, 0xC0, 0x3F, 0x00, 0x70,
    0x02, 0x00, 0x20, 0x7F, 0x7F, 0x0E, 0x0F, 0x06, 0x03, 0x03, 0x11, 0x81, 0x88, 0xC0, 0xC4, 0x60,
    0x72, 0x30, 0x3D, 0x78, 0x0F, 0xEC, 0x00, 0x46, 0x00, 0x23, 0x00, 0x11, 0x80, 0x00, 0xC0, 0x00,
    0x60, 0x00, 0x78, 0x00, 0xFE, 0x7F, 0xF3, 0x2C, 0x36, 0xC3, 0x6C, 0x3F, 0xC3, 0xFC, 0x06, 0xC0,
    0x6C, 0x02, 0xC0, 0x1F, 0xFF, 0x00, 0x3C, 0x00, 0x18, 0x00, 0x18, 0x00, 0x18, 0x00, 0x18, 0x00,
    0x1F, 0xE0, 0x1C, 0x70, 0x18, 0x38, 0x18, 0x38, 0x18, 0x18, 0x18, 0x18, 0x18, 0x18, 0x18, 0x18,
    0x3C, 0x3C, 0xFF, 0x7E, 0x10, 0x07, 0xC0, 0x1C, 0x00, 0x60, 0x03, 0x00, 0x18, 0x00, 0xC0, 0x06,
    0x00, 0x3F, 0xC1, 0xC7, 0x0C, 0x38, 0x60, 0xC3, 0x06, 0x18, 0x30, 0xC1, 0x86, 0x0C, 0x30, 0xE7,
    0xEF, 0xC0, 0xC0, 0x7F, 0x18, 0x38, 0x73, 0x0E, 0x03, 0x43, 0x80, 0x7C, 0x60, 0x06, 0xFC, 0x01,
    0xC7, 0xFF, 0xF8, 0x60, 0x00, 0x0C, 0x00, 0x01, 0xC0, 0x00, 0x38, 0x00, 0x07, 0x00, 0x00, 0x70,
    0x06, 0x0F, 0x01, 0xC0, 0x70, 0x70, 0x07, 0xFC, 0xC0, 0x0E, 0x7C, 0xCC, 0xE7, 0xC6, 0x3F, 0xE1,
    0x80, 0x18, 0x01, 0xC0, 0x1C, 0x20, 0xFE, 0x07, 0xC0, 0x00, 0x00, 0x00, 0x0C, 0xC0, 0x01, 0x98,
    0x00, 0x00, 0x0C, 0x07, 0xF1, 0x83, 0x87, 0x30, 0xE0, 0x34, 0x38, 0x07, 0xC6, 0x00, 0x6F, 0xC0,
    0x1C, 0x7F, 0xFF, 0x86, 0x00, 0x00, 0xC0, 0x00, 0x1C, 0x00, 0x03, 0x80, 0x00, 0x70, 0x01, 0x07,
    0x00, 0x60, 0xF0, 0x1C, 0x07, 0x8F, 0x00, 0x7F, 0xC0, 0x01, 0x00, 0x00, 0x20, 0x00, 0x04, 0x00,
    0x0C, 0x60, 0xC6, 0x00, 0x00, 0x00, 0xC0, 0x0E, 0x7C, 0xCC, 0xE7, 0xC6, 0x3F, 0xE1, 0x80, 0x1C,
    0x01, 0xC0, 0x1E, 0x20, 0xFE, 0x07, 0xC0, 0x10, 0x01, 0x00, 0x10, 0xFF, 0x3C, 0x18, 0x18, 0x18,
    0x18, 0x18, 0x18, 0x18, 0x18, 0x18, 0x18, 0x18, 0x18, 0x3C, 0xFF, 0x00, 0x70, 0x80, 0x00, 0x1C,
    0x60, 0x00, 0x07, 0x30, 0x00, 0x00, 0xFC, 0x00, 0x00, 0x00, 0x00, 0x0F, 0x1F, 0xE3, 0xC3, 0xE1,
    0xE1, 0xF0, 0x18, 0x30, 0x60, 0x03, 0x0C, 0x30, 0x00, 0xC3, 0x0C, 0x00, 0x18, 0xC6, 0x00, 0x07,
    0x33, 0x80, 0x00, 0xFF, 0xC0, 0x00, 0x73, 0x38, 0x00, 0x38, 0xC7, 0x00, 0x1C, 0x30, 0xE0, 0x07,
    0x0C, 0x38, 0x03, 0x83, 0x07, 0x01, 0xC0, 0xC0, 0xE0, 0xF0, 0x78, 0x3C, 0x78, 0x7F, 0x87, 0x80,
    0x03, 0x00, 0x00, 0xC4, 0x00, 0x3B, 0x00, 0x07, 0x80, 0x00, 0x00, 0x00, 0x00, 0x07, 0x3F, 0x39,
    0xE3, 0x1E, 0x1C, 0xC6, 0x03, 0xB3, 0x00, 0x7F, 0x80, 0x3B, 0x70, 0x0C, 0xCC, 0x06, 0x31, 0x83,
    0x8C, 0x73, 0xC7, 0xCF, 0xFE, 0x1E, 0x78, 0x3C, 0x60, 0xC0, 0xC1, 0x81, 0x86, 0x03, 0x0C, 0x06,
    0x70, 0x0F, 0xF8, 0x18, 0x78, 0x30, 0x38, 0x60, 0x38, 0xC0, 0x71, 0x80, 0xE3, 0x01, 0xCF, 0x01,
    0xFF, 0x83, 0x00, 0x06, 0x00, 0x1C, 0x03, 0x30, 0x0F, 0x60, 0x0F, 0x80, 0xFC, 0xE6, 0x3C, 0xC6,
    0x19, 0x83, 0xF0, 0x67, 0x8C, 0x71, 0x87, 0x30, 0xFF, 0x8C, 0x01, 0x80, 0x30, 0x0E, 0x01, 0xC0,
    0x30, 0x0C, 0x03, 0x00, 0x1F, 0xFF, 0x83, 0x07, 0x00, 0x83, 0x00, 0x41, 0x80, 0x20, 0xC0, 0x10,
    0x60, 0x08, 0x30, 0x0C, 0x18, 0x06, 0x0C, 0x03, 0x06, 0x01, 0x83, 0x00, 0x81, 0x80, 0xC0, 0xC3,
    0xE0, 0x63, 0xE0, 0x7F, 0xE0, 0xFF, 0x00, 0x07, 0x00, 0x03, 0x80, 0x01, 0x80, 0x00, 0xC0, 0x00,
    0x40, 0x3F, 0xF0, 0x8E, 0x08, 0xC0, 0x8C, 0x18, 0xC1, 0x8C, 0x18, 0xC1, 0x8C, 0xF0, 0xEE, 0x3F,
    0x00, 0x70, 0x06, 0x00, 0x40, 0x7F, 0x0F, 0xE3, 0xC0, 0x3C, 0x18, 0x01, 0x81, 0x80, 0x18, 0x18,
    0x01, 0x81, 0x80, 0x18, 0x18, 0x01, 0x81, 0xFF, 0xF8, 0x18, 0x01, 0x81, 0x80, 0x18, 0x18, 0x01,
    0x81, 0x80, 0x18, 0x18, 0x01, 0x81, 0x80, 0x18, 0x3C, 0x01, 0x8F, 0xF0, 0x18, 0x00, 0x01, 0x80,
    0x00, 0x18, 0x00, 0x03, 0x80, 0x03, 0x30, 0x00, 0x3B, 0x00, 0x03, 0xE0, 0xFD, 0xF9, 0x83, 0x0C,
    0x18, 0x60, 0xC3, 0xFE, 0x18, 0x30, 0xC1, 0x86, 0x0C, 0x30, 0x67, 0xE3, 0x00, 0x18, 0x00, 0xC0,
    0x06, 0x00, 0x70, 0x03, 0x00, 0x38, 0x03, 0x80, 0x7F, 0x0F, 0xE3, 0xC0, 0x3C, 0x18, 0x01, 0x81,
    0x80, 0x18, 0x18, 0x01, 0x81, 0x80, 0x18, 0x18, 0x01, 0x81, 0x80, 0x18, 0x1F, 0xFF, 0x81, 0x80,
    0x18, 0x18, 0x01, 0x81, 0x80, 0x18, 0x18, 0x01, 0x81, 0x80, 0x18, 0x3C, 0x03, 0xCF, 0xF0, 0xFE,
    0x00, 0x00, 0xE0, 0x00, 0x0E, 0x00, 0x00, 0xC0, 0x00, 0x1C, 0x00, 0x01, 0x80, 0xFD, 0xF9, 0x83,
    0x0C, 0x18, 0x60, 0xC3, 0xFE, 0x18, 0x30, 0xC1, 0x86, 0x0C, 0x30, 0x67, 0xEF, 0xC0, 0x0E, 0x00,
    0x60, 0x02, 0x00, 0x10, 0x7F, 0x7F, 0x0E, 0x0F, 0x06, 0x03, 0x03, 0x01, 0x81, 0x80, 0xC0, 0xC0,
    0x60, 0x70, 0x30, 0x3C, 0x78, 0x0F, 0xEC, 0x00, 0x06, 0x00, 0x03, 0x00, 0x01, 0x80, 0x00, 0xC0,
    0x00, 0x60, 0x00, 0x78, 0x00, 0xFE, 0x00, 0x70, 0x00, 0x30, 0x00, 0x08, 0x00, 0x04, 0x00, 0x02,
    0x00, 0x7B, 0xF3, 0x0C, 0x30, 0xC3, 0x0C, 0x39, 0xC1, 0xFC, 0x00, 0xC0, 0x0C, 0x01, 0xC0, 0x7F,
    0x07, 0x00, 0x20, 0x02, 0x00, 0xFC, 0x00, 0xF8, 0xF0, 0x03, 0x81, 0xE0, 0x1C, 0x07, 0x80, 0x70,
    0x1F, 0x03, 0xC0, 0x7C, 0x0F, 0x01, 0xF0, 0x6C, 0x04, 0xE1, 0xB0, 0x13, 0x8C, 0xC0, 0x47, 0x33,
    0x03, 0x1D, 0x8E, 0x0C, 0x76, 0x38, 0x30, 0xF0, 0xE0, 0xC3, 0x83, 0x83, 0x8E, 0x1F, 0x3F, 0x10,
    0xFE, 0x00, 0x00, 0x38, 0x00, 0x00, 0xC0, 0x00, 0x03, 0x00, 0x00, 0x18, 0x00, 0x00, 0x60, 0x78,
    0x1F, 0x1C, 0x1C, 0x1C, 0x1C, 0x1E, 0x3C, 0x3E, 0x2C, 0x37, 0x6C, 0x37, 0x4C, 0x33, 0xCC, 0x33,
    0x8C, 0xF9, 0xBF, 0x00, 0x07, 0x00, 0x06, 0x00, 0x06, 0x01, 0xEF, 0x0C, 0x30, 0xC3, 0x0C, 0x30,
    0xC3, 0x0C, 0x30, 0xC3, 0x0C, 0x33, 0xF0, 0x03, 0x88, 0x00, 0x71, 0x00, 0x0E, 0x60, 0x00, 0xF8,
    0x00, 0x06, 0x00, 0x01, 0xC0, 0x00, 0x38, 0x00, 0x0F, 0x80, 0x01, 0xF0, 0x00, 0x3E, 0x00, 0x0C,
    0xE0, 0x01, 0x9C, 0x00, 0x23, 0x80, 0x0C, 0x38, 0x01, 0xFF, 0x00, 0x60, 0x60, 0x0C, 0x0E, 0x03,
    0x81, 0xC0, 0x60, 0x1C, 0x1E, 0x07, 0x8F, 0xE3, 0xFC, 0x60, 0x18, 0x87, 0x60, 0xF0, 0x00, 0x00,
    0x03, 0xE1, 0xF8, 0xC6, 0x31, 0x80, 0x60, 0xF8, 0xFE, 0x39, 0x8E, 0xE3, 0xFF, 0x00, 0x00, 0x00,
    0xC6, 0x00, 0x31, 0x80, 0x01, 0x00, 0x00, 0xC0, 0x00, 0x38, 0x00, 0x1E, 0x00, 0x07, 0xC0, 0x01,
    0xF0, 0x00, 0xCC, 0x00, 0x33, 0x80, 0x18, 0xE0, 0x06, 0x18, 0x01, 0xFF, 0x00, 0xC1, 0xC0, 0x30,
    0x30, 0x1C, 0x0E, 0x06, 0x03, 0x83, 0xC0, 0xF3, 0xF8, 0xFF, 0x66, 0x19, 0x80, 0x00, 0x00, 0x00,
    0x0F, 0x87, 0xE3, 0x18, 0xC6, 0x01, 0x83, 0xE3, 0xF8, 0xE6, 0x3B, 0x8F, 0xFC, 0x00, 0xFF, 0xF8,
    0x00, 0xF0, 0x60, 0x03, 0xC0, 0x80, 0x1B, 0x00, 0x00, 0x6C, 0x00, 0x03, 0x30, 0x00, 0x18, 0xC2,
    0x00, 0x63, 0x18, 0x03, 0xFF, 0xE0, 0x0C, 0x30, 0x80, 0x60, 0xC0, 0x03, 0x03, 0x00, 0x0C, 0x0C,
    0x00, 0x60, 0x30, 0x13, 0xC1, 0xE0, 0xFF, 0xDF, 0xFF, 0x3F, 0xF3, 0x7B, 0xB1, 0x9D, 0x0F, 0xC0,
    0xF8, 0x1F, 0x03, 0xD8, 0x18, 0xE2, 0xEF, 0xF7, 0xFF, 0x00, 0x1C, 0x20, 0xE3, 0x07, 0x30, 0x1F,
    0x80, 0x00, 0x7F, 0xF8, 0xE0, 0xC3, 0x02, 0x18, 0x00, 0xC0, 0x06, 0x00, 0x30, 0x81, 0xFC, 0x0C,
    0x20, 0x61, 0x03, 0x00, 0x18, 0x00, 0xC0, 0x46, 0x02, 0x78, 0x3F, 0xFF, 0x80, 0x30, 0x18, 0x8E,
    0xC3, 0xC0, 0x00, 0x00, 0xF8, 0xCE, 0xE3, 0x7F, 0xB0, 0x18, 0x0E, 0x07, 0x09, 0xFC, 0x7C, 0x3F,
    0xE0, 0xE0, 0xE3, 0x80, 0xE6, 0x00, 0xE0, 0x00, 0xE0, 0x01, 0xC0, 0x03, 0x80, 0x03, 0x00, 0x07,
    0xFF, 0xFF, 0x80, 0x3E, 0x00, 0x7E, 0x00, 0xCC, 0x03, 0x0E, 0x1C, 0x0F, 0xE0, 0x7E, 0x63, 0x80,
    0xE0, 0x70, 0x1F, 0xFF, 0x0F, 0x87, 0xE7, 0x3F, 0x00, 0x00, 0x00, 0x19, 0x80, 0x33, 0x00, 0x00,
    0x03, 0xFE, 0x0E, 0x0E, 0x38, 0x0E, 0x60, 0x0E, 0x00, 0x0E, 0x00, 0x1C, 0x00, 0x38, 0x00, 0x30,
    0x00, 0x7F, 0xFF, 0xF8, 0x03, 0xE0, 0x07, 0xE0, 0x0C, 0xC0, 0x30, 0xE1, 0xC0, 0xFE, 0x00, 0x63,
    0x31, 0x80, 0x00, 0x00, 0x03, 0xF3, 0x1C, 0x07, 0x03, 0x80, 0xFF, 0xF8, 0x7C, 0x3F, 0x39, 0xF8,
    0x00, 0x00, 0x00, 0x00, 0x18, 0xC0, 0x00, 0x06, 0x30, 0x00, 0x00, 0x00, 0x00, 0x78, 0x7F, 0x8F,
    0x1F, 0x07, 0x87, 0xC0, 0x40, 0xC1, 0x80, 0x18, 0x30, 0xC0, 0x02, 0x0C, 0x30, 0x00, 0xC3, 0x18,
    0x00, 0x18, 0xCE, 0x00, 0x03, 0xFF, 0x00, 0x03, 0xCC, 0xE0, 0x00, 0xE3, 0x1C, 0x00, 0x70, 0xC7,
    0x80, 0x3C, 0x30, 0xE0, 0x0E, 0x0C, 0x1C, 0x07, 0x03, 0x07, 0x83, 0x81, 0xE0, 0xF3, 0xC1, 0xFE,
    0x1E, 0x03, 0x30, 0x00, 0xCC, 0x00, 0x00, 0x00, 0x00, 0x00, 0x00, 0x00, 0x1C, 0xFC, 0xE7, 0x8C,
    0x78, 0x33, 0x18, 0x0E, 0xCC, 0x01, 0xFE, 0x00, 0xED, 0xC0, 0x33, 0x30, 0x18, 0xC6, 0x06, 0x31,
    0xC7, 0x1F, 0x3C, 0x00, 0x03, 0x18, 0x31, 0x80, 0x00, 0x1F, 0x87, 0x1C, 0x61, 0xC6, 0x0C, 0x40,
    0xC0, 0x1C, 0x01, 0x81, 0xF8, 0x01, 0xE0, 0x0E, 0x00, 0x64, 0x06, 0x40, 0xE6, 0x0E, 0x71, 0xC3,
    0xF8, 0x63, 0x63, 0x00, 0x00, 0x00, 0x7E, 0x67, 0x43, 0x47, 0x3E, 0x07, 0xC3, 0xC3, 0xE7, 0x7E,
    0x60, 0x07, 0xFE, 0x60, 0xCC, 0x1C, 0x03, 0x80, 0x30, 0x06, 0x00, 0xF8, 0x01, 0xC0, 0x0E, 0x00,
    0xE0, 0x06, 0xC0, 0x6C, 0x0E, 0xE0, 0xE7, 0x1C, 0x7F, 0x00, 0x40, 0x3F, 0xEC, 0x72, 0x1C, 0x0E,
    0x03, 0x81, 0xC0, 0xE0, 0x3F, 0x00, 0xE0, 0x38, 0x06, 0x01, 0x80, 0x60, 0x38, 0x0C, 0xC6, 0x3F,
    0x00, 0x03, 0xFC, 0x00, 0x00, 0x00, 0x00, 0x00, 0x07, 0xF0, 0xFE, 0x3C, 0x03, 0xC1, 0x80, 0x38,
    0x18, 0x07, 0x81, 0x80, 0xF8, 0x18, 0x1D, 0x81, 0x83, 0x98, 0x18, 0x71, 0x81, 0x8E, 0x18, 0x19,
    0xC1, 0x81, 0xB8, 0x18, 0x1F, 0x01, 0x81, 0xE0, 0x18, 0x1C, 0x01, 0x83, 0xC0, 0x3C, 0x7F, 0x0F,
    0xE0, 0x1F, 0xC0, 0x00, 0x00, 0x01, 0xF9, 0xF3, 0x06, 0x18, 0x70, 0xC7, 0x86, 0x6C, 0x36, 0x61,
    0xE3, 0x0E, 0x18, 0x60, 0xCF, 0xDF, 0x80, 0x00, 0x00, 0x00, 0x18, 0xC0, 0x01, 0x8C, 0x00, 0x00,
    0x00, 0x7F, 0x07, 0xE3, 0xC0, 0x1C, 0x18, 0x01, 0x81, 0x80, 0x38, 0x18, 0x07, 0x81, 0x80, 0xD8,
    0x18, 0x19, 0x81, 0x87, 0x18, 0x18, 0xE1, 0x81, 0x9C, 0x18, 0x1B, 0x81, 0x81, 0xF0, 0x18, 0x1E,
    0x01, 0x81, 0xC0, 0x18, 0x3C, 0x03, 0xC7, 0xF0, 0xFE, 0x18, 0xC0, 0xC6, 0x00, 0x00, 0x00, 0x00,
    0x00, 0x7C, 0x7C, 0xC1, 0x86, 0x1C, 0x31, 0xE1, 0x9B, 0x0D, 0x98, 0x78, 0xC3, 0x86, 0x18, 0x33,
    0xF3, 0xE0, 0x00, 0x00, 0x03, 0x18, 0x01, 0x8C, 0x00, 0x00, 0x00, 0xFF, 0x80, 0xE1, 0xE0, 0xC0,
    0x38, 0xC0, 0x0E, 0xE0, 0x03, 0xF0, 0x01, 0xF0, 0x00, 0xF8, 0x00, 0x7E, 0x00, 0x1F, 0x00, 0x0F,
    0x80, 0x0F, 0xC0, 0x07, 0x70, 0x03, 0x1C, 0x03, 0x07, 0x87, 0x01, 0xFF, 0x00, 0x31, 0x86, 0x30,
    0x00, 0x00, 0x00, 0x00, 0x3F, 0x1C, 0x73, 0x07, 0xE0, 0xF8, 0x0F, 0x01, 0xF0, 0x7E, 0x0E, 0xE3,
    0x8F, 0xE0, 0x0F, 0xF8, 0x0E, 0x1E, 0x0C, 0x03, 0x8C, 0x00, 0xEE, 0x00, 0x3F, 0x00, 0x1F, 0x00,
    0x0F, 0xFF, 0xFF, 0xE0, 0x01, 0xF0, 0x00, 0xF8, 0x00, 0xFC, 0x00, 0x77, 0x00, 0x31, 0xC0, 0x30,
    0x78, 0x70, 0x1F, 0xF0, 0x1F, 0x8E, 0x39, 0x83, 0xF0, 0x7F, 0xFF, 0x80, 0xF8, 0x3F, 0x07, 0x71,
    0xC7, 0xF0, 0x00, 0x00, 0x03, 0x18, 0x01, 0x8C, 0x00, 0x00, 0x00, 0xFF, 0x80, 0xE1, 0xE0, 0xC0,
    0x38, 0xC0, 0x0E, 0xE0, 0x03, 0xF0, 0x01, 0xF0, 0x00, 0xFF, 0xFF, 0xFE, 0x00, 0x1F, 0x00, 0x0F,
    0x80, 0x0F, 0xC0, 0x07, 0x70, 0x03, 0x1C, 0x03, 0x07, 0x87, 0x01, 0xFF, 0x00, 0x31, 0x86, 0x30,
    0x00, 0x00, 0x00, 0x00, 0x3F, 0x1C, 0x73, 0x07, 0xE0, 0xFF, 0xFF, 0x01, 0xF0, 0x7E, 0x0E, 0xE3,
    0x8F, 0xE0, 0x00, 0x00, 0x31, 0x80, 0x63, 0x00, 0x00, 0x07, 0xFC, 0x0E, 0x0E, 0x18, 0x0E, 0x60,
    0x0C, 0x00, 0x1C, 0x00, 0x18, 0x3E, 0x70, 0xFF, 0xE1, 0x9F, 0xC0, 0x03, 0x80, 0x07, 0x40, 0x0E,
    0xC0, 0x39, 0xC0, 0x61, 0xC3, 0x83, 0xFE, 0x00, 0x73, 0x1C, 0xC2, 0x00, 0x00, 0x00, 0x1F, 0x86,
    0x71, 0x0E, 0x03, 0x9E, 0x64, 0xF8, 0x0E, 0x43, 0x99, 0xC7, 0xE0, 0x07, 0xF0, 0x00, 0x00, 0x00,
    0x00, 0x1F, 0xC7, 0xE3, 0x80, 0xE0, 0xE0, 0x60, 0x70, 0x30, 0x1C, 0x30, 0x0E, 0x18, 0x03, 0x88,
    0x01, 0xCC, 0x00, 0xF4, 0x00, 0x3E, 0x00, 0x1E, 0x00, 0x07, 0x00, 0x03, 0x80, 0x01, 0x80, 0x0F,
    0x80, 0x07, 0xC0, 0x03, 0xC0, 0x00, 0x1F, 0xC0, 0x00, 0x00, 0x07, 0xDF, 0x38, 0xC3, 0x8C, 0x18,
    0x81, 0xD8, 0x1D, 0x80, 0xF0, 0x0F, 0x00, 0x60, 0x06, 0x00, 0x40, 0x0C, 0x00, 0xC0, 0x08, 0x01,
    0x80, 0x70, 0x07, 0x00, 0x00, 0x00, 0x03, 0x18, 0x01, 0x8C, 0x00, 0x00, 0x0F, 0xE1, 0xF9, 0xE0,
    0x70, 0x70, 0x18, 0x38, 0x18, 0x0E, 0x0C, 0x07, 0x0C, 0x01, 0xC6, 0x00, 0xE2, 0x00, 0x3B, 0x00,
    0x1D, 0x00, 0x07, 0x80, 0x03, 0x80, 0x01, 0xC0, 0x00, 0xC0, 0x07, 0xE0, 0x03, 0xE0, 0x01, 0xE0,
    0x00, 0x00, 0x01, 0x8C, 0x18, 0xC0, 0x00, 0x00, 0x0F, 0x9F, 0x70, 0xC3, 0x8C, 0x38, 0x81, 0x98,
    0x1D, 0x01, 0xF0, 0x0F, 0x00, 0xE0, 0x0E, 0x00, 0xC0, 0x0C, 0x00, 0x80, 0x18, 0x03, 0x80, 0xF0,
    0x0F, 0x00, 0x00, 0xD8, 0x00, 0xFC, 0x00, 0xFC, 0x00, 0x6C, 0x00, 0x00, 0x07, 0xF1, 0xF8, 0xE0,
    0x38, 0x38, 0x18, 0x1C, 0x0C, 0x07, 0x0C, 0x03, 0x86, 0x00, 0xE2, 0x00, 0x73, 0x00, 0x3D, 0x00,
    0x0F, 0x80, 0x07, 0x80, 0x01, 0xC0, 0x00, 0xE0, 0x00, 0x60, 0x03, 0xE0, 0x01, 0xF0, 0x00, 0xF0,
    0x00, 0x03, 0x60, 0x7E, 0x06, 0xC0, 0xD8, 0x09, 0x00, 0x00, 0x7D, 0xF3, 0x8C, 0x38, 0xC1, 0x88,
    0x1D, 0x81, 0xD8, 0x0F, 0x00, 0xF0, 0x06, 0x00, 0x60, 0x04, 0x00, 0xC0, 0x0C, 0x00, 0x80, 0x18,
    0x07, 0x00, 0x70, 0x00, 0x00, 0x00, 0x03, 0x18, 0x01, 0x8C, 0x00, 0x00, 0x07, 0xF3, 0xF0, 0xE0,
    0xF0, 0x60, 0x30, 0x30, 0x18, 0x18, 0x0C, 0x0C, 0x06, 0x07, 0x03, 0x03, 0xC7, 0x80, 0xFE, 0xC0,
    0x00, 0x60, 0x00, 0x30, 0x00, 0x18, 0x00, 0x0C, 0x00, 0x06, 0x00, 0x07, 0x80, 0x0F, 0xE0, 0x19,
    0x81, 0x98, 0x00, 0x00, 0x00, 0x00, 0x07, 0xFF, 0x30, 0xC3, 0x0C, 0x30, 0xC3, 0x9C, 0x1F, 0xC0,
    0x0C, 0x00, 0xC0, 0x0C, 0x03, 0xF0, 0x00, 0x07, 0xFF, 0xCF, 0x06, 0x30, 0x31, 0x80, 0x8C, 0x00,
    0x60, 0x03, 0x00, 0x18, 0x00, 0xC0, 0x06, 0x00, 0x30, 0x01, 0x80, 0x0C, 0x00, 0x60, 0x07, 0xC0,
    0xFF, 0x00, 0x38, 0x00, 0xC0, 0x04, 0x00, 0x20, 0x01, 0x00, 0x00, 0x7F, 0xDC, 0x66, 0x33, 0x01,
    0x80, 0xC0, 0x60, 0x30, 0x18, 0x3F, 0x03, 0x80, 0x80, 0x40, 0x00, 0x00, 0x00, 0x0C, 0x60, 0x00,
    0x63, 0x00, 0x00, 0x00, 0x0F, 0xF0, 0x7F, 0x9E, 0x00, 0xF0, 0x60, 0x03, 0x03, 0x00, 0x18, 0x18,
    0x00, 0xC0, 0xC0, 0x06, 0x06, 0x00, 0x30, 0x3F, 0xC1, 0x81, 0xCF, 0x0C, 0x0C, 0x1C, 0x60, 0x60,
    0xE3, 0x03, 0x03, 0x18, 0x18, 0x18, 0xC0, 0xC1, 0xC6, 0x0F, 0x1C, 0x79, 0xFF, 0xCF, 0xF0, 0x0C,
    0x60, 0x18, 0xC0, 0x00, 0x00, 0x00, 0x00, 0x00, 0x1F, 0x0F, 0xCC, 0x06, 0x18, 0x0C, 0x30, 0x18,
    0x7E, 0x30, 0xCE, 0x61, 0x8C, 0xC3, 0x19, 0x87, 0x73, 0x3F, 0xDF, 0x80, 0x00, 0x00, 0x7F, 0xFC,
    0x3C, 0x18, 0x30, 0x30, 0x60, 0x20, 0xC0, 0x01, 0x80, 0x03, 0x00, 0x06, 0x00, 0x7F, 0xC0, 0x18,
    0x00, 0x30, 0x00, 0x60, 0x00, 0xC0, 0x01, 0x80, 0x03, 0x00, 0x06, 0x00, 0x0C, 0x00, 0x18, 0x06,
    0x60, 0x0E, 0xC0, 0x1F, 0x00, 0x00, 0x00, 0x1F, 0xF3, 0x8C, 0x63, 0x18, 0x46, 0x07, 0xF8, 0xF8,
    0x18, 0x06, 0x01, 0x80, 0x60, 0x18, 0x0E, 0x03, 0x80, 0xC0, 0x70, 0x38, 0x00, 0x7F, 0x9F, 0xC7,
    0x81, 0xC0, 0xE0, 0x60, 0x1C, 0x30, 0x07, 0x98, 0x00, 0xFE, 0x00, 0x1F, 0x00, 0x03, 0x80, 0x00,
    0xF0, 0x00, 0x7E, 0x00, 0x3B, 0x80, 0x0C, 0x70, 0x06, 0x0E, 0x03, 0x03, 0x83, 0xC0, 0x73, 0xFC,
    0x1C, 0x00, 0x03, 0x00, 0x00, 0xC0, 0x00, 0x30, 0x00, 0x1C, 0x00, 0x06, 0x00, 0x07, 0x00, 0x03,
    0x80, 0x7B, 0xC7, 0x30, 0x7C, 0x0F, 0x00, 0xE0, 0x1E, 0x07, 0xC0, 0xDC, 0x31, 0x9F, 0x18, 0x03,
    0x00, 0x60, 0x0C, 0x01, 0x80, 0x30, 0x0C, 0x07, 0x00, 0xFF, 0x1F, 0xCF, 0x01, 0xC1, 0xE0, 0xE0,
    0x3C, 0x70, 0x07, 0x18, 0x00, 0xEC, 0x00, 0x3E, 0x00, 0x7F, 0xF8, 0x01, 0xE0, 0x00, 0x7C, 0x00,
    0x37, 0x00, 0x18, 0xE0, 0x0C, 0x1C, 0x07, 0x07, 0x83, 0xC1, 0xF3, 0xF8, 0xFF, 0x7F, 0xE7, 0x30,
    0x7C, 0x0F, 0x07, 0xFE, 0x7F, 0x07, 0xC0, 0xDC, 0x31, 0xDF, 0x7C, 0x7C, 0x1E, 0x78, 0x3C, 0x78,
    0x78, 0xF8, 0xF0, 0xF9, 0xE3, 0xF7, 0x8F, 0xFF, 0x1F, 0xFC, 0x79, 0xF0, 0xF1, 0xE1, 0xE3, 0xE3,
    0xC3, 0xC7, 0x03, 0xCE, 0x07, 0xBC, 0x07, 0x80, 0x7F, 0x83, 0xFE, 0x1F, 0xF8, 0x03, 0xC0, 0x0E,
    0x00, 0x70, 0x03, 0x80, 0x1C, 0x00, 0xE0, 0x07, 0x00, 0x38, 0x01, 0xCF, 0xFF, 0xFF, 0xFF, 0xFF,
    0xE0, 0x3E, 0x3F, 0x8F, 0xC1, 0xE0, 0x70, 0x38, 0x1C, 0x0E, 0x07, 0x03, 0x83, 0xC3, 0xFF, 0xFF,
    0xFF, 0xCE, 0x00, 0xFF, 0xFF, 0xFF, 0xFF, 0xFC, 0x03, 0xC0, 0x1C, 0x00, 0xE0, 0x07, 0x00, 0x38,
    0x01, 0xC0, 0x0E, 0x00, 0x70, 0x03, 0x80, 0x1C, 0x00, 0xE0, 0x07, 0x00, 0x7F, 0xE3, 0xFF, 0xCF,
    0xFF, 0x80, 0x1E, 0x00, 0x38, 0x00, 0xE0, 0x03, 0x9C, 0x0E, 0x70, 0x39, 0xC0, 0xE7, 0x03, 0x9C,
    0x0E, 0x70, 0x39, 0xC0, 0xE7, 0x03, 0x80, 0x7C, 0xF9, 0xF0, 0xE1, 0xC3, 0x87, 0x0E, 0x1C, 0x38,
    0x70, 0xE1, 0xC3, 0x87, 0x00, 0xFE, 0xFE, 0xFE, 0x3C, 0x78, 0x78, 0x70, 0x70, 0x78, 0x78, 0x78,
    0x78, 0x78, 0x78, 0x78, 0x7F, 0xF0, 0xFF, 0xF1, 0xFF, 0xF1, 0xE1, 0xE3, 0x81, 0xC7, 0x03, 0x8E,
    0x07, 0x1C, 0x0E, 0x38, 0x1C, 0x70, 0x38, 0xE0, 0x71, 0xC0, 0xE3, 0x81, 0xC7, 0x03, 0x8E, 0x07,
    0x00, 0xE3, 0xE3, 0x8F, 0xCE, 0x3F, 0xB8, 0x1E, 0xE0, 0x7B, 0x80, 0xEE, 0x03, 0xB8, 0x0E, 0xF0,
    0x3B, 0xC1, 0xEF, 0x07, 0xBE, 0x3E, 0x7F, 0xF0, 0xFF, 0x81, 0xFC, 0x00, 0x7C, 0xF9, 0xF0, 0xE1,
    0xC3, 0x87, 0x0E, 0x1C, 0xFF, 0x8F, 0xFC, 0xFF, 0xE0, 0x1E, 0x01, 0xE0, 0x0E, 0x00, 0xE0, 0x0E,
    0x00, 0xE0, 0x0E, 0x00, 0xE0, 0x0E, 0x00, 0xE0, 0x0E, 0x00, 0xE0, 0x0E, 0x00, 0xE0, 0x0E, 0x00,
    0xE0, 0x0E, 0xFF, 0x0F, 0xF8, 0xFF, 0xC0, 0x3E, 0x01, 0xE0, 0x1E, 0x00, 0xE0, 0x0E, 0x00, 0xE0,
    0x1E, 0x01, 0xE0, 0x3E, 0xFF, 0xCF, 0xF8, 0xFF, 0x00, 0x00, 0x0E, 0x00, 0xE0, 0x0E, 0x00, 0xE0,
    0x0F, 0xFF, 0xFF, 0xFF, 0xFE, 0x01, 0xE0, 0x1E, 0x01, 0xC0, 0x3C, 0x03, 0xC0, 0x38, 0x07, 0x80,
    0x78, 0x07, 0x00, 0xF0, 0x0F, 0x00, 0xE0, 0x7F, 0xF9, 0xFF, 0xFB, 0xFF, 0xF9, 0xC0, 0xF3, 0x80,
    0xE7, 0x01, 0xCE, 0x03, 0x9C, 0x07, 0x38, 0x0E, 0x70, 0x1C, 0xE0, 0x39, 0xC0, 0x73, 0xFF, 0xE7,
    0xFF, 0xCF, 0xFF, 0x80, 0xF3, 0xF8, 0x77, 0xFC, 0x7F, 0xFC, 0x7E, 0x3E, 0x3C, 0x1E, 0x3C, 0x1E,
    0x3C, 0x0E, 0x3C, 0x0E, 0x38, 0x0E, 0x78, 0x1E, 0x78, 0x1E, 0x78, 0x3E, 0x7B, 0xFC, 0x7B, 0xF8,
    0x73, 0xF0, 0x7C, 0xF9, 0xF0, 0xE1, 0xC3, 0x87, 0x0E, 0x1C, 0x38, 0x70, 0xE1, 0xC3, 0x87, 0x0E,
    0x1C, 0x38, 0x70, 0xE0, 0x7C, 0x7E, 0x7E, 0x0E, 0x0E, 0x0E, 0x0E, 0x0E, 0x0E, 0x0E, 0x0E, 0x0E,
    0xFE, 0xFE, 0xFE, 0xFF, 0xF1, 0xFF, 0xF3, 0xFF, 0xF1, 0xC1, 0xE7, 0x83, 0xCF, 0x03, 0x9C, 0x07,
    0x38, 0x0E, 0x70, 0x1C, 0xF0, 0x79, 0xE0, 0xF3, 0xE3, 0xE3, 0xFF, 0x87, 0xFE, 0x03, 0xF8, 0x00,
    0x00, 0x01, 0xE0, 0xE7, 0x83, 0x9E, 0x0E, 0x78, 0x38, 0xE0, 0xE3, 0xC3, 0x8F, 0x0E, 0x3C, 0x78,
    0x71, 0xE1, 0xE7, 0x87, 0xBC, 0x1F, 0xF0, 0xFF, 0x8F, 0xFC, 0x3F, 0x80, 0xE0, 0x00, 0x3F, 0xC3,
    0xFF, 0x3F, 0xFD, 0xE1, 0xFF, 0x07, 0xF0, 0x3F, 0xC0, 0xFF, 0x07, 0x7C, 0x39, 0xE1, 0xC0, 0x0E,
    0x00, 0x70, 0x03, 0x80, 0x1C, 0x00, 0xE0, 0x07, 0x00, 0x38, 0x01, 0xC0, 0x0E, 0x00, 0x70, 0x3F,
    0xC3, 0xFF, 0x3F, 0xFD, 0xE1, 0xFF, 0x07, 0xF0, 0x3F, 0xC0, 0xFF, 0x87, 0x7C, 0x79, 0xE3, 0xC0,
    0x1E, 0x01, 0xEF, 0xFF, 0x7F, 0xF3, 0xFE, 0x00, 0xF0, 0x7B, 0xC3, 0xDE, 0x1E, 0x78, 0xE3, 0xC7,
    0x1E, 0x78, 0x7B, 0xC3, 0xFC, 0x1F, 0xC0, 0x7C, 0x03, 0xC0, 0x1E, 0x00, 0x78, 0x03, 0xC0, 0x1E,
    0x00, 0x70, 0x03, 0xC0, 0x1E, 0x00, 0xF0, 0x07, 0x80, 0x78, 0x7B, 0xE3, 0xCF, 0x1E, 0x3C, 0xF1,
    0xE7, 0x87, 0xF8, 0x3F, 0xC0, 0xFC, 0x03, 0xC0, 0x1E, 0x00, 0x78, 0x03, 0xE7, 0xFF, 0x3F, 0xFD,
    0xFF, 0xC0, 0xFF, 0xFF, 0xFF, 0xFF, 0xFF, 0xC0, 0x0F, 0x00, 0x78, 0x01, 0xE7, 0x07, 0x9C, 0x1C,
    0x70, 0xF1, 0xC3, 0xC7, 0x0F, 0x1C, 0x78, 0x71, 0xE1, 0xC7, 0x87, 0x1C, 0x1C, 0x00, 0x70, 0x01,
    0xC0, 0x07, 0x00, 0x1C, 0x00, 0x7F, 0x87, 0xFC, 0x7F, 0xE0, 0x1E, 0x00, 0xE0, 0x0E, 0x00, 0xE0,
    0x0E, 0x00, 0xE0, 0x0E, 0x00, 0xE0, 0x0E, 0x00, 0xE0, 0x0E, 0x00, 0xE0, 0xE3, 0x8E, 0xE3, 0x8E,
    0xE3, 0x8E, 0xE3, 0x8E, 0xE7, 0x8E, 0xE7, 0x8E, 0xFF, 0x0E, 0xFF, 0x0E, 0xFC, 0x1E, 0xF0, 0x1E,
    0xF0, 0x1E, 0x78, 0x3C, 0x7F, 0xFC, 0x3F, 0xF8, 0x0F, 0xF0, 0x7F, 0xF8, 0xFF, 0xF9, 0xFF, 0xF8,
    0xE0, 0xF1, 0xC0, 0xE3, 0x81, 0xC7, 0x03, 0x8E, 0x07, 0x1C, 0x0E, 0x38, 0x1C, 0x70, 0x39, 0xE0,
    0x7F, 0xC0, 0xFF, 0x81, 0xFE, 0x03, 0x80, 0x00, 0x20, 0x00, 0x0C, 0x00, 0x03, 0xC0, 0x00, 0x78,
    0x00, 0x0F, 0x00, 0x03, 0x70, 0x00, 0x6E, 0x00, 0x18, 0xC0, 0x03, 0x1C, 0x00, 0x63, 0x80, 0x1F,
    0xF8, 0x03, 0x07, 0x00, 0xC0, 0x60, 0x18, 0x0E, 0x07, 0x01, 0xC1, 0xE0, 0x3C, 0x7F, 0x1F, 0xE0,
    0x00, 0x00, 0x00, 0x00, 0x00, 0x70, 0x00, 0x0E, 0x00, 0x01, 0xC0, 0x00, 0x3E, 0x1F, 0x8C, 0x63,
    0x18, 0x06, 0x0F, 0x8F, 0xE3, 0x98, 0xEE, 0x3F, 0xF0, 0x00, 0x00, 0x0C, 0x03, 0x00, 0x00, 0xF0,
    0x00, 0x36, 0x00, 0x01, 0xC0, 0x00, 0x30, 0x00, 0x02, 0x00, 0x01, 0xC0, 0x00, 0x38, 0x00, 0x07,
    0x80, 0x01, 0xF0, 0x00, 0x36, 0x00, 0x0C, 0xE0, 0x01, 0x9C, 0x00, 0x31, 0x80, 0x0C, 0x38, 0x01,
    0xFF, 0x00, 0x60, 0x60, 0x0C, 0x0E, 0x01, 0x81, 0xC0, 0x60, 0x1C, 0x1E, 0x07, 0x8F, 0xF3, 0xFC,
    0x3C, 0x1B, 0x01, 0xC0, 0x60, 0x00, 0x00, 0x03, 0xE1, 0xF8, 0xC6, 0x31, 0x80, 0x60, 0xF8, 0xFE,
    0x39, 0x8E, 0xE3, 0xFF, 0x00, 0x03, 0x80, 0x0C, 0xE0, 0x03, 0xF0, 0x01, 0xFC, 0x00, 0x32, 0xC0,
    0x01, 0xC0, 0x00, 0x38, 0x00, 0x07, 0x80, 0x01, 0xF0, 0x00, 0x36, 0x00, 0x0C, 0xE0, 0x01, 0x9C,
    0x00, 0x31, 0x80, 0x0C, 0x38, 0x01, 0xFF, 0x00, 0x60, 0x60, 0x0C, 0x0E, 0x01, 0x81, 0xC0, 0x60,
    0x1C, 0x1E, 0x07, 0x8F, 0xF3, 0xFC, 0x01, 0x80, 0xE1, 0xB0, 0xF0, 0x3C, 0x19, 0x80, 0x00, 0xF8,
    0x6E, 0x31, 0x8C, 0x60, 0x38, 0x3E, 0x3D, 0x8E, 0x63, 0xB8, 0xFF, 0xC0, 0x1C, 0x00, 0x01, 0xCC,
    0x00, 0x0F, 0xC0, 0x01, 0xFC, 0x00, 0x32, 0xC0, 0x01, 0xC0, 0x00, 0x38, 0x00, 0x07, 0x80, 0x01,
    0xF0, 0x00, 0x36, 0x00, 0x0C, 0xE0, 0x01, 0x9C, 0x00, 0x31, 0x80, 0x0C, 0x38, 0x01, 0xFF, 0x00,
    0x60, 0x60, 0x0C, 0x0E, 0x01, 0x81, 0xC0, 0x60, 0x1C, 0x1E, 0x07, 0x8F, 0xF3, 0xFC, 0xC0, 0x1C,
    0x01, 0xB0, 0x0F, 0x01, 0xE0, 0x66, 0x00, 0x00, 0xF8, 0x37, 0x0C, 0x61, 0x8C, 0x03, 0x81, 0xF0,
    0xF6, 0x1C, 0xC3, 0xB8, 0x7F, 0xE0, 0x00, 0x0F, 0x00, 0x03, 0x60, 0x03, 0x9C, 0x00, 0xFB, 0x00,
    0x3B, 0xC0, 0x00, 0xC0, 0x00, 0x38, 0x00, 0x07, 0x00, 0x00, 0xF0, 0x00, 0x3E, 0x00, 0x06, 0xC0,
    0x01, 0x9C, 0x00, 0x33, 0x80, 0x06, 0x30, 0x01, 0x87, 0x00, 0x3F, 0xE0, 0x0C, 0x0C, 0x01, 0x81,
    0xC0, 0x30, 0x38, 0x0C, 0x03, 0x83, 0xC0, 0xF1, 0xFE, 0x7F, 0x80, 0x0F, 0x82, 0xE1, 0xF0, 0xF8,
    0x7C, 0x19, 0x80, 0x00, 0xF8, 0x6E, 0x31, 0x8C, 0x60, 0x38, 0x3E, 0x3D, 0x8E, 0x63, 0xB8, 0xFF,
    0xC0, 0x00, 0x0C, 0x00, 0x3F, 0x00, 0x0F, 0xC0, 0x01, 0x70, 0x00, 0x1F, 0x80, 0x07, 0x38, 0x00,
    0x08, 0x00, 0x07, 0x00, 0x00, 0xE0, 0x00, 0x1E, 0x00, 0x07, 0xC0, 0x00, 0xD8, 0x00, 0x33, 0x80,
    0x06, 0x70, 0x00, 0xC6, 0x00, 0x30, 0xE0, 0x07, 0xFC, 0x01, 0x81, 0x80, 0x30, 0x38, 0x06, 0x07,
    0x01, 0x80, 0x70, 0x78, 0x1E, 0x3F, 0xCF, 0xF0, 0x01, 0x00, 0xC7, 0xE1, 0xF8, 0x18, 0x0F, 0x03,
    0xE1, 0x98, 0x00, 0x0F, 0x86, 0xE3, 0x18, 0xC6, 0x03, 0x83, 0xE3, 0xD8, 0xE6, 0x3B, 0x8F, 0xFC,
    0x00, 0x70, 0x00, 0x3F, 0x00, 0x0E, 0x70, 0x00, 0x10, 0x00, 0x06, 0x00, 0x01, 0xE0, 0x00, 0x3C,
    0x00, 0x07, 0x80, 0x01, 0xB8, 0x00, 0x37, 0x00, 0x0C, 0x70, 0x01, 0x8E, 0x00, 0x31, 0xC0, 0x0F,
    0xFC, 0x01, 0x83, 0x80, 0x60, 0x30, 0x0C, 0x07, 0x03, 0x80, 0xE0, 0xF0, 0x1E, 0x3F, 0x8F, 0xF0,
    0x00, 0x00, 0x00, 0x00, 0x00, 0x38, 0x00, 0x07, 0x00, 0x00, 0xE0, 0x00, 0x08, 0x07, 0x03, 0xC0,
    0xD8, 0x62, 0x00, 0x03, 0xE1, 0xB8, 0xC6, 0x31, 0x80, 0xE0, 0xF8, 0xF6, 0x39, 0x8E, 0xE3, 0xFF,
    0x00, 0x00, 0x00, 0xC0, 0x30, 0x00, 0x38, 0x00, 0x1C, 0x00, 0x2C, 0x80, 0x0E, 0xE0, 0x01, 0xF0,
    0x00, 0x10, 0x00, 0x0E, 0x00, 0x03, 0x80, 0x01, 0xE0, 0x00, 0x7C, 0x00, 0x17, 0x00, 0x0C, 0xC0,
    0x03, 0x38, 0x01, 0x8E, 0x00, 0x61, 0x80, 0x1F, 0xF0, 0x0C, 0x1C, 0x03, 0x03, 0x81, 0xC0, 0xE0,
    0x60, 0x38, 0x3C, 0x0F, 0x3F, 0x8F, 0xF0, 0x0C, 0x03, 0x01, 0x81, 0x68, 0x66, 0x0F, 0x80, 0x80,
    0x00, 0x3E, 0x1F, 0x8C, 0x63, 0x18, 0x06, 0x0F, 0x8F, 0xE3, 0x98, 0xEE, 0x3F, 0xF0, 0x03, 0x00,
    0x00, 0xF0, 0x00, 0x2C, 0x80, 0x0E, 0xE0, 0x01, 0xF0, 0x00, 0x10, 0x00, 0x0E, 0x00, 0x03, 0x80,
    0x01, 0xE0, 0x00, 0x7C, 0x00, 0x17, 0x00, 0x0C, 0xC0, 0x03, 0x38, 0x01, 0x8E, 0x00, 0x61, 0x80,
    0x1F, 0xF0, 0x0C, 0x1C, 0x03, 0x03, 0x81, 0xC0, 0xE0, 0x60, 0x38, 0x3C, 0x0F, 0x3F, 0x8F, 0xF0,
    0x70, 0x0C, 0x03, 0x01, 0x68, 0x66, 0x1F, 0x01, 0x00, 0x00, 0x3E, 0x1F, 0x8C, 0x63, 0x18, 0x06,
    0x0F, 0x8F, 0xE3, 0x98, 0xEE, 0x3F, 0xF0, 0x01, 0xE0, 0x00, 0x6C, 0x00, 0x17, 0x00, 0x09, 0x20,
    0x03, 0xF8, 0x00, 0x7C, 0x00, 0x04, 0x00, 0x03, 0x80, 0x00, 0xE0, 0x00, 0x78, 0x00, 0x1F, 0x00,
    0x05, 0xC0, 0x03, 0x30, 0x00, 0xCE, 0x00, 0x63, 0x80, 0x18, 0x60, 0x07, 0xFC, 0x03, 0x07, 0x00,
    0xC0, 0xE0, 0x70, 0x38, 0x18, 0x0E, 0x0F, 0x03, 0xCF, 0xE3, 0xFC, 0x7C, 0x1B, 0x05, 0xA1, 0xD8,
    0x7E, 0x06, 0x00, 0x00, 0xF8, 0x7E, 0x31, 0x8C, 0x60, 0x18, 0x3E, 0x3F, 0x8E, 0x63, 0xB8, 0xFF,
    0xC0, 0x00, 0x0C, 0x00, 0x7E, 0x00, 0x3F, 0x00, 0x08, 0x00, 0x02, 0x08, 0x00, 0xEE, 0x00, 0x1F,
    0x00, 0x01, 0x00, 0x00, 0xE0, 0x00, 0x38, 0x00, 0x1E, 0x00, 0x07, 0xC0, 0x01, 0x70, 0x00, 0xCC,
    0x00, 0x33, 0x80, 0x18, 0xE0, 0x06, 0x18, 0x01, 0xFF, 0x00, 0xC1, 0xC0, 0x30, 0x38, 0x1C, 0x0E,
    0x06, 0x03, 0x83, 0xC0, 0xF3, 0xF8, 0xFF, 0x7F, 0x1F, 0x84, 0x21, 0xF8, 0x7E, 0x06, 0x00, 0x00,
    0xF8, 0x7E, 0x31, 0x8C, 0x60, 0x18, 0x3E, 0x3F, 0x8E, 0x63, 0xB8, 0xFF, 0xC0, 0x02, 0x08, 0x00,
    0xEE, 0x00, 0x1F, 0x00, 0x01, 0x00, 0x00, 0xE0, 0x00, 0x38, 0x00, 0x1E, 0x00, 0x07, 0xC0, 0x03,
    0x70, 0x00, 0xCC, 0x00, 0x33, 0x80, 0x18, 0xE0, 0x06, 0x18, 0x03, 0xFF, 0x00, 0xC1, 0xC0, 0x30,
    0x30, 0x1C, 0x0E, 0x06, 0x03, 0x83, 0xC0, 0xF3, 0xF8, 0xFF, 0x00, 0x00, 0x00, 0x00, 0x00, 0x1C,
    0x00, 0x07, 0x00, 0x01, 0xC0, 0x00, 0x22, 0x0D, 0x83, 0xE0, 0x20, 0x00, 0x0F, 0x87, 0xE3, 0x18,
    0xC6, 0x01, 0x83, 0xE3, 0xF8, 0xE6, 0x3B, 0x8F, 0xFC, 0x00, 0x00, 0x06, 0x01, 0x80, 0xFF, 0xF1,
    0xC1, 0x86, 0x04, 0x30, 0x01, 0x80, 0x0C, 0x00, 0x61, 0x03, 0xF8, 0x18, 0x40, 0xC2, 0x06, 0x00,
    0x30, 0x01, 0x80, 0x8C, 0x04, 0xF0, 0x7F, 0xFF, 0x00, 0x00, 0x00, 0x01, 0xC0, 0x0E, 0x00, 0x70,
    0x00, 0x3E, 0x3B, 0xB8, 0xDF, 0xEC, 0x06, 0x03, 0x81, 0xC2, 0x7F, 0x1F, 0x00, 0x00, 0x00, 0xC0,
    0x60, 0x00, 0x07, 0x80, 0x6C, 0x00, 0xE0, 0x06, 0x00, 0x00, 0x7F, 0xF8, 0xE0, 0xC3, 0x02, 0x18,
    0x00, 0xC0, 0x06, 0x00, 0x30, 0x81, 0xFC, 0x0C, 0x20, 0x61, 0x03, 0x00, 0x18, 0x00, 0xC0, 0x46,
    0x02, 0x78, 0x3F, 0xFF, 0x80, 0x3C, 0x1E, 0x03, 0x01, 0x00, 0x00, 0x00, 0xF8, 0xCE, 0xE3, 0x7F,
    0xB0, 0x18, 0x0E, 0x07, 0x09, 0xFC, 0x7C, 0x00, 0x60, 0x7E, 0x03, 0xF0, 0x00, 0x0F, 0xFF, 0x1C,
    0x18, 0x60, 0x43, 0x00, 0x18, 0x00, 0xC0, 0x06, 0x10, 0x3F, 0x81, 0x84, 0x0C, 0x20, 0x60, 0x03,
    0x00, 0x18, 0x08, 0xC0, 0x4F, 0x07, 0xFF, 0xF0, 0x03, 0x1F, 0x9F, 0x88, 0x00, 0x01, 0xF1, 0x9D,
    0xC6, 0xFF, 0x60, 0x30, 0x1C, 0x0E, 0x13, 0xF8, 0xF8, 0x00, 0x70, 0x37, 0x83, 0xE0, 0x7F, 0x03,
    0x0C, 0x7F, 0xF8, 0xE0, 0xC3, 0x02, 0x18, 0x00, 0xC0, 0x06, 0x00, 0x30, 0x81, 0xFC, 0x0C, 0x20,
    0x61, 0x03, 0x00, 0x18, 0x00, 0xC0, 0x46, 0x02, 0x78, 0x3F, 0xFF, 0x80, 0x01, 0xC0, 0x61, 0x10,
    0x6C, 0x3C, 0x19, 0x84, 0x20, 0xF8, 0x67, 0x38, 0xCF, 0xF3, 0x00, 0xC0, 0x38, 0x0E, 0x11, 0xFC,
    0x3E, 0x00, 0xE0, 0x01, 0xCC, 0x01, 0xFC, 0x03, 0xF8, 0x08, 0x21, 0xFF, 0xE1, 0xC1, 0x83, 0x02,
    0x0C, 0x00, 0x30, 0x00, 0xC0, 0x03, 0x08, 0x0F, 0xE0, 0x30, 0x80, 0xC2, 0x03, 0x00, 0x0C, 0x00,
    0x30, 0x10, 0xC0, 0x47, 0x83, 0x7F, 0xFC, 0xE0, 0x18, 0x02, 0x80, 0xF0, 0x1E, 0x0C, 0xC2, 0x10,
    0x7C, 0x33, 0x9C, 0x67, 0xF9, 0x80, 0x60, 0x1C, 0x07, 0x08, 0xFE, 0x1F, 0x00, 0x00, 0xF0, 0x0D,
    0x81, 0xDC, 0x1F, 0xC1, 0xDC, 0x00, 0x23, 0xFF, 0xC7, 0x06, 0x18, 0x10, 0xC0, 0x06, 0x00, 0x30,
    0x01, 0x84, 0x0F, 0xE0, 0x61, 0x03, 0x08, 0x18, 0x00, 0xC0, 0x06, 0x02, 0x30, 0x13, 0xC1, 0xFF,
    0xFC, 0x0F, 0x86, 0xC6, 0xE7, 0xC3, 0xC3, 0x31, 0x08, 0x7C, 0x67, 0x71, 0xBF, 0xD8, 0x0C, 0x07,
    0x03, 0x84, 0xFE, 0x3E, 0x00, 0x00, 0x60, 0x7E, 0x07, 0xE0, 0x2E, 0x00, 0xF8, 0x0C, 0x60, 0x00,
    0x1F, 0xFE, 0x38, 0x30, 0xC0, 0x86, 0x00, 0x30, 0x01, 0x80, 0x0C, 0x20, 0x7F, 0x03, 0x08, 0x18,
    0x40, 0xC0, 0x06, 0x00, 0x30, 0x11, 0x80, 0x9E, 0x0F, 0xFF, 0xE0, 0x01, 0x01, 0x8F, 0xCF, 0xC4,
    0x80, 0xC0, 0xF0, 0xCC, 0x42, 0x1F, 0x19, 0xDC, 0x6F, 0xF6, 0x03, 0x01, 0xC0, 0xE1, 0x3F, 0x8F,
    0x80, 0x07, 0x00, 0x7E, 0x07, 0x38, 0x00, 0x0F, 0xFF, 0x1C, 0x18, 0x60, 0x43, 0x00, 0x18, 0x00,
    0xC0, 0x06, 0x10, 0x3F, 0x81, 0x84, 0x0C, 0x20, 0x60, 0x03, 0x00, 0x18, 0x08, 0xC0, 0x4F, 0x07,
    0xFF, 0xF0, 0x00, 0x00, 0x00, 0x1C, 0x00, 0xE0, 0x07, 0x00, 0x0C, 0x06, 0x07, 0x83, 0xC3, 0x20,
    0x00, 0xF8, 0xEE, 0xE3, 0x7F, 0xB0, 0x18, 0x0E, 0x07, 0x09, 0xFC, 0x7C, 0x00, 0x00, 0x03, 0x01,
    0x80, 0x00, 0x3C, 0x6C, 0x1C, 0x18, 0x00, 0xFF, 0x3C, 0x18, 0x18, 0x18, 0x18, 0x18, 0x18, 0x18,
    0x18, 0x18, 0x18, 0x18, 0x18, 0x3C, 0xFF, 0xFB, 0x63, 0x08, 0x00, 0x03, 0xBC, 0x70, 0xC3, 0x0C,
    0x30, 0xC3, 0x3F, 0x7F, 0x3C, 0x18, 0x18, 0x18, 0x18, 0x18, 0x18, 0x18, 0x18, 0x18, 0x18, 0x18,
    0x18, 0x3C, 0xFF, 0x00, 0x00, 0x1C, 0x1C, 0x1C, 0x30, 0xC0, 0x00, 0x00, 0xEF, 0x1C, 0x30, 0xC3,
    0x0C, 0x30, 0xCF, 0xC0, 0x00, 0xC3, 0x00, 0x0F, 0xF8, 0x0E, 0x1E, 0x0C, 0x03, 0x8C, 0x00, 0xEE,
    0x00, 0x3F, 0x00, 0x1F, 0x00, 0x0F, 0x80, 0x07, 0xE0, 0x01, 0xF0, 0x00, 0xF8, 0x00, 0xFC, 0x00,
    0x77, 0x00, 0x31, 0xC0, 0x30, 0x78, 0x70, 0x1F, 0xF0, 0x00, 0x00, 0x00, 0x00, 0x00, 0x70, 0x00,
    0x38, 0x00, 0x1C, 0x00, 0x1F, 0x8E, 0x39, 0x83, 0xF0, 0x7C, 0x07, 0x80, 0xF8, 0x3F, 0x07, 0x71,
    0xC7, 0xF0, 0x00, 0x00, 0x00, 0xC0, 0x18, 0x00, 0x00, 0x01, 0xE0, 0x01, 0xB0, 0x00, 0x38, 0x00,
    0x18, 0x00, 0x00, 0x00, 0x7F, 0xC0, 0x70, 0xF0, 0x60, 0x1C, 0x60, 0x07, 0x70, 0x01, 0xF8, 0x00,
    0xF8, 0x00, 0x7C, 0x00, 0x3F, 0x00, 0x0F, 0x80, 0x07, 0xC0, 0x07, 0xE0, 0x03, 0xB8, 0x01, 0x8E,
    0x01, 0x83, 0xC3, 0x80, 0xFF, 0x80, 0x1F, 0x03, 0x60, 0x18, 0x02, 0x00, 0x00, 0x00, 0x07, 0xE3,
    0x8E, 0x60, 0xFC, 0x1F, 0x01, 0xE0, 0x3E, 0x0F, 0xC1, 0xDC, 0x71, 0xFC, 0x00, 0x0E, 0x00, 0xEF,
    0x00, 0xFC, 0x01, 0xC7, 0x00, 0x00, 0x00, 0x7F, 0xC0, 0x70, 0xF0, 0x60, 0x1C, 0x60, 0x07, 0x70,
    0x01, 0xF8, 0x00, 0xF8, 0x00, 0x7C, 0x00, 0x3F, 0x00, 0x0F, 0x80, 0x07, 0xC0, 0x07, 0xE0, 0x03,
    0xB8, 0x01, 0x8E, 0x01, 0x83, 0xC3, 0x80, 0xFF, 0x80, 0x00, 0xC0, 0x38, 0x16, 0x07, 0x81, 0xF0,
    0x37, 0x00, 0x00, 0xFC, 0x71, 0xCC, 0x1F, 0x83, 0xE0, 0x3C, 0x07, 0xC1, 0xF8, 0x3B, 0x8E, 0x3F,
    0x80, 0x38, 0x00, 0x0E, 0xF0, 0x01, 0xFC, 0x00, 0xE7, 0x00, 0x00, 0x00, 0x7F, 0xC0, 0x70, 0xF0,
    0x60, 0x1C, 0x60, 0x07, 0x70, 0x01, 0xF8, 0x00, 0xF8, 0x00, 0x7C, 0x00, 0x3F, 0x00, 0x0F, 0x80,
    0x07, 0xC0, 0x07, 0xE0, 0x03, 0xB8, 0x01, 0x8E, 0x01, 0x83, 0xC3, 0x80, 0xFF, 0x80, 0xE0, 0x0C,
    0x01, 0x90, 0x1F, 0x01, 0xF0, 0x66, 0x00, 0x00, 0xFC, 0x71, 0xCC, 0x1F, 0x83, 0xE0, 0x3C, 0x07,
    0xC1, 0xF8, 0x3B, 0x8E, 0x3F, 0x80, 0x00, 0x1E, 0x00, 0x1B, 0x00, 0x77, 0x80, 0x7D, 0x80, 0x7F,
    0x00, 0x60, 0xC0, 0x3F, 0xE0, 0x38, 0x78, 0x30, 0x0E, 0x30, 0x03, 0xB8, 0x00, 0xFC, 0x00, 0x7C,
    0x00, 0x3E, 0x00, 0x1F, 0x80, 0x07, 0xC0, 0x03, 0xE0, 0x03, 0xF0, 0x01, 0xDC, 0x00, 0xC7, 0x00,
    0xC1, 0xE1, 0xC0, 0x7F, 0xC0, 0x03, 0xC0, 0x5C, 0x17, 0x07, 0xC1, 0xF0, 0x33, 0x00, 0x00, 0xFC,
    0x71, 0xCC, 0x1F, 0x83, 0xE0, 0x3C, 0x07, 0xC1, 0xF8, 0x3B, 0x8E, 0x3F, 0x80, 0x00, 0x18, 0x01,
    0xF8, 0x01, 0xF8, 0x00, 0xB8, 0x00, 0x3E, 0x00, 0x71, 0xC0, 0x00, 0x00, 0x1F, 0xF0, 0x1C, 0x3C,
    0x18, 0x07, 0x18, 0x01, 0xDC, 0x00, 0x7E, 0x00, 0x3E, 0x00, 0x1F, 0x00, 0x0F, 0xC0, 0x03, 0xE0,
    0x01, 0xF0, 0x01, 0xF8, 0x00, 0xEE, 0x00, 0x63, 0x80, 0x60, 0xF0, 0xE0, 0x3F, 0xE0, 0x00, 0xC3,
    0xF0, 0xFC, 0x1A, 0x00, 0xE0, 0x3E, 0x06, 0x60, 0x00, 0x1F, 0x8E, 0x39, 0x83, 0xF0, 0x7C, 0x07,
    0x80, 0xF8, 0x3F, 0x07, 0x71, 0xC7, 0xF0, 0x01, 0xE0, 0x01, 0xF8, 0x01, 0xCE, 0x00, 0x00, 0x00,
    0xFF, 0x80, 0xE1, 0xE0, 0xC0, 0x38, 0xC0, 0x0E, 0xE0, 0x03, 0xF0, 0x01, 0xF0, 0x00, 0xF8, 0x00,
    0x7E, 0x00, 0x1F, 0x00, 0x0F, 0x80, 0x0F, 0xC0, 0x07, 0x70, 0x03, 0x1C, 0x03, 0x07, 0x87, 0x01,
    0xFF, 0x00, 0x00, 0x00, 0x00, 0x00, 0x07, 0x00, 0x03, 0x80, 0x01, 0xC0, 0x00, 0x0C, 0x01, 0xC0,
    0x7C, 0x0D, 0x83, 0x18, 0x00, 0x07, 0xE3, 0x8E, 0x60, 0xFC, 0x1F, 0x01, 0xE0, 0x3E, 0x0F, 0xC1,
    0xDC, 0x71, 0xFC, 0x00, 0x00, 0x00, 0x30, 0x06, 0x00, 0x00, 0x00, 0x30, 0x00, 0x0E, 0x00, 0x03,
    0x80, 0x00, 0x60, 0x00, 0x00, 0x0C, 0x1F, 0xF9, 0x87, 0x07, 0xF1, 0xC0, 0x78, 0x70, 0x07, 0x9C,
    0x00, 0x73, 0x80, 0x0E, 0x60, 0x01, 0xCC, 0x00, 0x19, 0xC0, 0x03, 0x38, 0x00, 0x67, 0x00, 0x1C,
    0xE0, 0x03, 0x0E, 0x00, 0x60, 0xE0, 0x18, 0x0F, 0x0E, 0x00, 0x7F, 0x00, 0x03, 0x80, 0x38, 0x07,
    0x00, 0x60, 0x0C, 0x70, 0x03, 0x1F, 0x97, 0x1E, 0x60, 0xEE, 0x0E, 0xC0, 0x6C, 0x06, 0xE0, 0xEE,
    0x0E, 0x71, 0xC3, 0xF8, 0x07, 0x00, 0x00, 0xE0, 0x00, 0x0E, 0x00, 0x00, 0x60, 0x00, 0x00, 0x0C,
    0x1F, 0xF9, 0x87, 0x07, 0xF1, 0xC0, 0x78, 0x70, 0x07, 0x9C, 0x00, 0x73, 0x80, 0x0E, 0x60, 0x01,
    0xCC, 0x00, 0x19, 0xC0, 0x03, 0x38, 0x00, 0x67, 0x00, 0x1C, 0xE0, 0x03, 0x0E, 0x00, 0x60, 0xE0,
    0x18, 0x0F, 0x0E, 0x00, 0x7F, 0x00, 0x38, 0x03, 0x80, 0x1C, 0x00, 0xC0, 0x04, 0x70, 0x03, 0x1F,
    0x97, 0x1E, 0x60, 0xEE, 0x0E, 0xC0, 0x6C, 0x06, 0xE0, 0xEE, 0x0E, 0x71, 0xC3, 0xF8, 0x01, 0xE0,
    0x00, 0x6C, 0x00, 0x07, 0x80, 0x00, 0x60, 0x00, 0x08, 0x0C, 0x1F, 0xF9, 0x87, 0x07, 0xF1, 0xC0,
    0x78, 0x70, 0x07, 0x9C, 0x00, 0x73, 0x80, 0x0E, 0x60, 0x01, 0xCC, 0x00, 0x19, 0xC0, 0x03, 0x38,
    0x00, 0x67, 0x00, 0x1C, 0xE0, 0x03, 0x0E, 0x00, 0x60, 0xE0, 0x18, 0x0F, 0x0E, 0x00, 0x7F, 0x00,
    0x1E, 0x01, 0x70, 0x0E, 0x00, 0xC0, 0x00, 0x30, 0x03, 0x1F, 0x97, 0x1F, 0x60, 0xEE, 0x0E, 0xC0,
    0x6C, 0x06, 0xE0, 0xEE, 0x0E, 0x71, 0xC3, 0xF8, 0x00, 0x08, 0x00, 0x7F, 0x00, 0x1F, 0xC0, 0x03,
    0x00, 0x00, 0x00, 0x0C, 0x1F, 0xF9, 0x87, 0x07, 0xF1, 0xC0, 0x78, 0x70, 0x07, 0x9C, 0x00, 0x73,
    0x80, 0x0E, 0x60, 0x01, 0xCC, 0x00, 0x19, 0xC0, 0x03, 0x38, 0x00, 0x67, 0x00, 0x1C, 0xE0, 0x03,
    0x0E, 0x00, 0x60, 0xE0, 0x18, 0x0F, 0x0E, 0x00, 0x7F, 0x00, 0x00, 0xC1, 0xF8, 0x3F, 0x03, 0x07,
    0x00, 0x31, 0xF9, 0x71, 0xE6, 0x0E, 0xE0, 0xEC, 0x06, 0xC0, 0x6E, 0x0E, 0xE0, 0xE7, 0x1C, 0x3F,
    0x80, 0x00, 0x00, 0xC1, 0xFF, 0x98, 0x70, 0x7F, 0x1C, 0x07, 0x87, 0x00, 0x79, 0xC0, 0x07, 0x38,
    0x00, 0xE6, 0x00, 0x1C, 0xC0, 0x01, 0x9C, 0x00, 0x33, 0x80, 0x06, 0x70, 0x01, 0xCE, 0x00, 0x30,
    0xE0, 0x06, 0x0E, 0x01, 0x80, 0xF0, 0xE0, 0x07, 0xF0, 0x00, 0x00, 0x00, 0x00, 0x00, 0x00, 0xE0,
    0x00, 0x1C, 0x00, 0x03, 0x80, 0x00, 0x00, 0x30, 0x07, 0x00, 0x31, 0xF9, 0x71, 0xE6, 0x0E, 0xE0,
    0xEC, 0x06, 0xC0, 0x6E, 0x0E, 0xE0, 0xE7, 0x1C, 0x3F, 0x80, 0x00, 0x00, 0x00, 0xC0, 0x0C, 0x00,
    0x00, 0xFC, 0x0F, 0x9E, 0x01, 0xC3, 0x00, 0x60, 0xC0, 0x18, 0x30, 0x06, 0x0C, 0x01, 0x83, 0x00,
    0x60, 0xC0, 0x18, 0x30, 0x06, 0x0C, 0x01, 0x83, 0x00, 0x60, 0xE0, 0x18, 0x38, 0x06, 0x07, 0x03,
    0x01, 0xE1, 0x80, 0x1F, 0xC0, 0x00, 0x00, 0x00, 0x00, 0x00, 0x1C, 0x00, 0x07, 0x00, 0x01, 0xC0,
    0x00, 0xF9, 0xF3, 0x87, 0x0C, 0x18, 0x60, 0xC3, 0x06, 0x18, 0x30, 0xC1, 0x87, 0x1C, 0x3F, 0xF8,
    0xFF, 0xC0, 0x00, 0x00, 0x00, 0x60, 0x03, 0x00, 0x01, 0xE0, 0x00, 0x58, 0x00, 0x0E, 0x00, 0x03,
    0x00, 0x00, 0x00, 0x3F, 0x03, 0xE7, 0x80, 0x70, 0xC0, 0x18, 0x30, 0x06, 0x0C, 0x01, 0x83, 0x00,
    0x60, 0xC0, 0x18, 0x30, 0x06, 0x0C, 0x01, 0x83, 0x00, 0x60, 0xC0, 0x18, 0x38, 0x06, 0x0E, 0x01,
    0x81, 0xC0, 0xC0, 0x78, 0x60, 0x07, 0xF0, 0x00, 0x0F, 0x00, 0x58, 0x01, 0xC0, 0x0C, 0x00, 0x00,
    0x00, 0x03, 0xE7, 0xCE, 0x1C, 0x30, 0x61, 0x83, 0x0C, 0x18, 0x60, 0xC3, 0x06, 0x1C, 0x70, 0xFF,
    0xE3, 0xFF, 0x00, 0x30, 0x00, 0x0E, 0x00, 0x03, 0x83, 0x80, 0x60, 0x70, 0x00, 0x07, 0xF8, 0x1F,
    0x9E, 0x01, 0xC1, 0x80, 0x30, 0x30, 0x06, 0x06, 0x00, 0xC0, 0xC0, 0x18, 0x18, 0x03, 0x03, 0x00,
    0x60, 0x60, 0x0C, 0x0C, 0x01, 0x81, 0xC0, 0x30, 0x38, 0x06, 0x03, 0x00, 0xC0, 0x70, 0x30, 0x07,
    0x8C, 0x00, 0x7F, 0x00, 0x01, 0x80, 0x0E, 0x00, 0x30, 0x81, 0x87, 0x06, 0x0C, 0x00, 0x7F, 0x9F,
    0x9C, 0x38, 0x30, 0x60, 0xC1, 0x83, 0x06, 0x0C, 0x18, 0x30, 0x60, 0xC3, 0x83, 0x8E, 0x0F, 0xFE,
    0x00, 0x00, 0x03, 0x00, 0x00, 0xF0, 0x00, 0x06, 0x03, 0x80, 0x60, 0x70, 0x00, 0x07, 0xF8, 0x1F,
    0x9E, 0x01, 0xC1, 0x80, 0x30, 0x30, 0x06, 0x06, 0x00, 0xC0, 0xC0, 0x18, 0x18, 0x03, 0x03, 0x00,
    0x60, 0x60, 0x0C, 0x0C, 0x01, 0x81, 0xC0, 0x30, 0x38, 0x06, 0x03, 0x00, 0xC0, 0x70, 0x30, 0x07,
    0x8C, 0x00, 0x7F, 0x00, 0x1C, 0x00, 0x70, 0x00, 0xE0, 0x81, 0x87, 0x02, 0x0C, 0x00, 0x7F, 0x9F,
    0x9C, 0x38, 0x30, 0x60, 0xC1, 0x83, 0x06, 0x0C, 0x18, 0x30, 0x60, 0xC3, 0x83, 0x8E, 0x0F, 0xFE,
    0x00, 0x00, 0x01, 0xE0, 0x00, 0x2C, 0x00, 0x03, 0x83, 0x80, 0x60, 0x70, 0x00, 0x07, 0xF8, 0x1F,
    0x9E, 0x01, 0xC1, 0x80, 0x30, 0x30, 0x06, 0x06, 0x00, 0xC0, 0xC0, 0x18, 0x18, 0x03, 0x03, 0x00,
    0x60, 0x60, 0x0C, 0x0C, 0x01, 0x81, 0xC0, 0x30, 0x38, 0x06, 0x03, 0x00, 0xC0, 0x70, 0x30, 0x07,
    0x8C, 0x00, 0x7F, 0x00, 0x0F, 0x00, 0x2C, 0x00, 0x70, 0x01, 0x83, 0x00, 0x1C, 0x00, 0x7F, 0x9F,
    0x9C, 0x38, 0x30, 0x60, 0xC1, 0x83, 0x06, 0x0C, 0x18, 0x30, 0x60, 0xC3, 0x83, 0x8E, 0x0F, 0xFE,
    0x00, 0x00, 0x00, 0x08, 0x00, 0x3F, 0x0C, 0x0F, 0xC3, 0x81, 0x00, 0x70, 0x00, 0x07, 0xF8, 0x1F,
    0x9E, 0x01, 0x81, 0x80, 0x30, 0x30, 0x06, 0x06, 0x00, 0xC0, 0xC0, 0x18, 0x18, 0x03, 0x03, 0x00,
    0x60, 0x60, 0x0C, 0x0C, 0x01, 0x81, 0xC0, 0x30, 0x38, 0x06, 0x03, 0x00, 0xC0, 0x70, 0x30, 0x07,
    0x8C, 0x00, 0x7F, 0x00, 0x00, 0xC0, 0x3F, 0x21, 0xF9, 0xC4, 0x03, 0x00, 0x1F, 0xE7, 0xE7, 0x0E,
    0x0C, 0x18, 0x30, 0x60, 0xC1, 0x83, 0x06, 0x0C, 0x18, 0x30, 0xE0, 0xE3, 0x83, 0xFF, 0x80, 0x00,
    0x00, 0x00, 0xE0, 0x00, 0x1C, 0x00, 0x01, 0xFE, 0x07, 0xE7, 0x80, 0x70, 0x60, 0x0C, 0x0C, 0x01,
    0x81, 0x80, 0x30, 0x30, 0x06, 0x06, 0x00, 0xC0, 0xC0, 0x18, 0x18, 0x03, 0x03, 0x00, 0x60, 0x70,
    0x0C, 0x0E, 0x01, 0x80, 0xC0, 0x30, 0x1C, 0x0C, 0x01, 0xE3, 0x00, 0x1F, 0xC0, 0x00, 0x00, 0x00,
    0x00, 0x00, 0x03, 0x80, 0x00, 0x70, 0x00, 0x0E, 0x00, 0x00, 0x0C, 0x00, 0x70, 0x00, 0xC0, 0x07,
    0xFB, 0xF9, 0xC3, 0x83, 0x06, 0x0C, 0x18, 0x30, 0x60, 0xC1, 0x83, 0x06, 0x0C, 0x38, 0x38, 0xE0,
    0xFF, 0xE0, 0x00, 0x00, 0x00, 0x06, 0x00, 0x18, 0x00, 0x00, 0x00, 0x06, 0x00, 0x03, 0x80, 0x00,
    0xC0, 0x00, 0x30, 0x00, 0x00, 0x07, 0xF1, 0xF8, 0xF0, 0x30, 0x38, 0x30, 0x1E, 0x18, 0x07, 0x18,
    0x03, 0xC8, 0x00, 0xEC, 0x00, 0x3C, 0x00, 0x1E, 0x00, 0x06, 0x00, 0x03, 0x00, 0x01, 0x80, 0x00,
    0xC0, 0x00, 0x60, 0x00, 0x78, 0x00, 0xFF, 0x00, 0x1C, 0x00, 0xC0, 0x0E, 0x00, 0x60, 0x03, 0x00,
    0x00, 0x7D, 0xF3, 0x8C, 0x38, 0xC1, 0x88, 0x1D, 0x81, 0xD8, 0x0F, 0x00, 0xF0, 0x06, 0x00, 0x60,
    0x04, 0x00, 0xC0, 0x0C, 0x00, 0x80, 0x18, 0x07, 0x00, 0x70, 0x00, 0xFE, 0x3F, 0x1E, 0x06, 0x07,
    0x06, 0x03, 0xC3, 0x00, 0xE3, 0x00, 0x79, 0x00, 0x1D, 0x80, 0x07, 0x80, 0x03, 0xC0, 0x00, 0xC0,
    0x00, 0x60, 0x00, 0x30, 0x00, 0x18, 0x00, 0x0C, 0x00, 0x0F, 0x00, 0x1F, 0xE0, 0x00, 0x00, 0x00,
    0x00, 0x00, 0x70, 0x00, 0x38, 0x00, 0x1C, 0x00, 0xFB, 0xEE, 0x38, 0xE6, 0x1C, 0xC1, 0x90, 0x3E,
    0x07, 0xC0, 0x70, 0x0E, 0x00, 0x80, 0x10, 0x04, 0x00, 0x80, 0x30, 0x04, 0xC7, 0x98, 0xE0, 0x00,
    0x03, 0xC0, 0x01, 0xB0, 0x00, 0x30, 0x00, 0x10, 0x00, 0x00, 0x07, 0xF1, 0xF8, 0xF0, 0x30, 0x38,
    0x30, 0x1E, 0x18, 0x07, 0x18, 0x03, 0xC8, 0x00, 0xEC, 0x00, 0x3C, 0x00, 0x1E, 0x00, 0x06, 0x00,
    0x03, 0x00, 0x01, 0x80, 0x00, 0xC0, 0x00, 0x60, 0x00, 0x78, 0x00, 0xFF, 0x00, 0x0F, 0x80, 0xD8,
    0x03, 0x00, 0x20, 0x00, 0x00, 0x00, 0x7D, 0xF3, 0x8C, 0x38, 0xC1, 0x88, 0x1D, 0x80, 0xD8, 0x0F,
    0x00, 0xF0, 0x06, 0x00, 0x60, 0x04, 0x00, 0x40, 0x0C, 0x00, 0x80, 0x18, 0x07, 0x00, 0x70, 0x00,
    0x00, 0x18, 0x01, 0xF8, 0x01, 0xF8, 0x00, 0x80, 0x0F, 0xE3, 0xF1, 0xE0, 0x60, 0x70, 0x60, 0x3C,
    0x30, 0x0E, 0x30, 0x07, 0x90, 0x01, 0xD8, 0x00, 0x78, 0x00, 0x3C, 0x00, 0x0C, 0x00, 0x06, 0x00,
    0x03, 0x00, 0x01, 0x80, 0x00, 0xC0, 0x00, 0xF0, 0x01, 0xFE, 0x00, 0x00, 0x40, 0xFC, 0x1F, 0x81,
    0x00, 0x00, 0x07, 0xDF, 0x38, 0xC3, 0x8C, 0x18, 0x81, 0xD8, 0x1D, 0x80, 0xF0, 0x0F, 0x00, 0x60,
    0x06, 0x00, 0x40, 0x0C, 0x00, 0xC0, 0x08, 0x01, 0x80, 0x70, 0x07, 0x00, 0x00, 0xFB, 0xF0, 0x00,
    0xFB, 0xF0, 0xFF, 0xFB, 0xFF, 0x80, 0xFF, 0xF0, 0xFF, 0xFF, 0xFC, 0xFF, 0xFF, 0xFF, 0xFF, 0xFF,
    0xFF, 0x06, 0xF7, 0xBD, 0xEF, 0x7B, 0xDE, 0xF7, 0xBD, 0xEF, 0x7B, 0xDE, 0xF7, 0xBD, 0xEF, 0x7B,
    0xD8, 0x3B, 0x10, 0x8F, 0x38, 0xC0, 0xFF, 0x33, 0x3E, 0x00, 0x0F, 0xF3, 0x33, 0xE0, 0x3B, 0xB3,
    0x11, 0x08, 0x8F, 0xF3, 0xB8, 0xCC, 0xF7, 0xFF, 0x33, 0x33, 0x33, 0xEE, 0x00, 0x00, 0xF7, 0xF7,
    0x33, 0x33, 0x33, 0xEE, 0x0C, 0x06, 0x03, 0x01, 0x80, 0xC7, 0x5F, 0xFE, 0x10, 0x1C, 0x0E, 0x07,
    0x01, 0x80, 0x80, 0x40, 0x20, 0x10, 0x08, 0x04, 0x02, 0x01, 0x00, 0x0C, 0x06, 0x03, 0x01, 0x0F,
    0xFF, 0x4C, 0x70, 0x38, 0x18, 0x04, 0x03, 0x03, 0x81, 0xC7, 0x5F, 0xFE, 0x10, 0x0C, 0x06, 0x03,
    0x00, 0x7B, 0xFF, 0xFF, 0xFD, 0xE0, 0xFF, 0x80, 0xE3, 0xF1, 0xF8, 0xE0, 0xE3, 0x8F, 0xC7, 0x1F,
    0x8E, 0x38, 0xD8, 0x3C, 0x0C, 0x00, 0x37, 0x0C, 0x00, 0x3B, 0x86, 0x00, 0x18, 0xC6, 0x00, 0x0C,
    0x66, 0x00, 0x06, 0x33, 0x00, 0x03, 0xBB, 0x00, 0x01, 0xDB, 0x3C, 0x7C, 0x7D, 0xB7, 0x67, 0x01,
    0xBB, 0xF3, 0x81, 0x98, 0xF0, 0xC0, 0xCC, 0x78, 0x60, 0xC6, 0x3C, 0x30, 0xC3, 0xBF, 0x38, 0x61,
    0xDB, 0x98, 0x60, 0x7C, 0xF8, 0x30, 0x00, 0x00, 0x00, 0x7F, 0x69, 0x00, 0x6F, 0xBC, 0xF6, 0x9A,
    0x40, 0x6C, 0xFB, 0x7C, 0xDB, 0x66, 0xD9, 0x24, 0x40, 0xDF, 0xB6, 0x40, 0xCD, 0xDB, 0xB3, 0x76,
    0x64, 0x40, 0xCD, 0xBB, 0x7E, 0xDD, 0xBB, 0x66, 0xC8, 0x90, 0x02, 0x0E, 0x1C, 0x78, 0xF0, 0x78,
    0x1C, 0x0E, 0x06, 0xC0, 0x60, 0x38, 0x1C, 0x0E, 0x1E, 0x38, 0x60, 0xC0, 0x66, 0x66, 0x66, 0x66,
    0x66, 0x66, 0x66, 0x66, 0x66, 0x66, 0x46, 0x00, 0x00, 0xE7, 0xE7, 0xE7, 0xE3, 0xCF, 0x9A, 0x6D,
    0xB7, 0xDF, 0x79, 0x84, 0x10, 0x01, 0x86, 0x18, 0xFF, 0xC0, 0x00, 0x18, 0x01, 0x80, 0x0C, 0x00,
    0xC0, 0x0E, 0x00, 0x60, 0x06, 0x00, 0x70, 0x03, 0x00, 0x30, 0x03, 0x80, 0x18, 0x01, 0x80, 0x1C,
    0x00, 0xC0, 0x0C, 0x00, 0xE0, 0x06, 0x00, 0x00, 0xF1, 0xE7, 0xCF, 0x8E, 0x3C, 0x18, 0x30, 0xC1,
    0x86, 0x0C, 0x70, 0xEF, 0x9F, 0x70, 0xE3, 0x06, 0x18, 0x30, 0x00, 0x00, 0x00, 0x38, 0x71, 0xC3,
    0x8E, 0x1C, 0xF0, 0xDF, 0x19, 0xE3, 0x06, 0x60, 0xCC, 0x19, 0x87, 0x33, 0xE6, 0x70, 0xCC, 0x19,
    0x83, 0x00, 0x00, 0x00, 0xE3, 0x9C, 0x73, 0x8E, 0x67, 0x8C, 0xF9, 0x8F, 0x30, 0x36, 0x06, 0xC0,
    0xD8, 0x3B, 0x1F, 0x63, 0x8C, 0x61, 0x0C, 0x00, 0x00, 0x01, 0xC7, 0x38, 0xE7, 0x1C, 0xFF, 0xC0,
    0x3F, 0xC0, 0xFF, 0x83, 0xFE, 0x0F, 0xFC, 0x3F, 0xF0, 0xFF, 0xC3, 0xFF, 0x0F, 0xFC, 0x3F, 0xE0,
    0xFF, 0x83, 0xFC, 0x0F, 0xC0, 0x38, 0x00, 0x80, 0x02, 0x00, 0x08, 0x00, 0x20, 0x00, 0xBC, 0x02,
    0xF8, 0x0C, 0x20, 0x31, 0x80, 0x7C, 0x00, 0x10, 0xD6, 0xFC, 0x3C, 0x7E, 0xD8, 0x18, 0x6C, 0xDF,
    0x6E, 0xF3, 0x67, 0xB3, 0x69, 0x93, 0x48, 0x90, 0x3C, 0xDF, 0x1E, 0x3C, 0x78, 0xF1, 0xF6, 0x7C,
    0x63, 0x00, 0x4E, 0x31, 0x8C, 0x67, 0x80, 0x00, 0x03, 0x03, 0x83, 0xC3, 0x61, 0x31, 0xFE, 0x0C,
    0x06, 0x00, 0x3D, 0xFC, 0x3E, 0x7C, 0x70, 0xC6, 0xF0, 0x00, 0x73, 0x18, 0xFF, 0xBC, 0xF3, 0xCD,
    0xE0, 0xFE, 0xC6, 0x0C, 0x0C, 0x18, 0x30, 0x30, 0x60, 0x7B, 0x7C, 0xFE, 0x7B, 0x7C, 0xF7, 0xF8,
    0x7B, 0x7C, 0xF3, 0xFC, 0x31, 0x8C, 0xE0, 0x0C, 0x06, 0x03, 0x1F, 0xF0, 0xC0, 0x60, 0x30, 0x00,
    0x7F, 0x80, 0xFF, 0x00, 0xFF, 0x13, 0x66, 0xCC, 0xCC, 0xCC, 0x66, 0x23, 0xC3, 0x0C, 0x63, 0x8C,
    0x63, 0x39, 0x8C, 0xC6, 0x60, 0x00, 0x1F, 0xC3, 0x30, 0xCC, 0x33, 0x0C, 0xC7, 0xF8, 0x3C, 0xDF,
    0x1E, 0x3C, 0x78, 0xF1, 0xF6, 0x7C, 0x13, 0xCF, 0x0C, 0x30, 0xC3, 0x0C, 0xF8, 0x79, 0xB8, 0x30,
    0xE1, 0x86, 0x59, 0xFE, 0x7B, 0x70, 0xCE, 0x7C, 0x70, 0xF6, 0xF0, 0x00, 0x03, 0x03, 0x83, 0xC3,
    0x61, 0x31, 0xFE, 0x0C, 0x06, 0x03, 0x00, 0x3D, 0xEE, 0x3E, 0x7C, 0x70, 0xC6, 0xF0, 0x00, 0x73,
    0x18, 0xFF, 0xBC, 0xF3, 0xCD, 0xE0, 0xFE, 0xC6, 0x0C, 0x0C, 0x18, 0x30, 0x30, 0x60, 0x7B, 0x7C,
    0xFE, 0x7B, 0x7C, 0xF7, 0xF8, 0x7B, 0x7C, 0xF3, 0xFC, 0x31, 0x8C, 0xE0, 0x0C, 0x06, 0x03, 0x1F,
    0xF0, 0xC0, 0x60, 0x30, 0x00, 0x7F, 0x80, 0xFF, 0x00, 0x00, 0xFF, 0x32, 0x6C, 0xCC, 0xCC, 0xCC,
    0x66, 0x33, 0xC3, 0x0C, 0x63, 0x8C, 0x63, 0x39, 0x8C, 0xC6, 0x60, 0x3C, 0xD8, 0x73, 0xE6, 0xCF,
    0xC0, 0x7B, 0x7F, 0xF0, 0xC5, 0xF0, 0x7D, 0x9B, 0x3E, 0x3C, 0x7D, 0x9E, 0x00, 0xFE, 0x3C, 0x38,
    0x38, 0x2C, 0xEE, 0xFA, 0x61, 0xC3, 0xFF, 0x6F, 0x00, 0x10, 0x1C, 0x03, 0x00, 0xC0, 0x30, 0x0F,
    0xC3, 0x30, 0xCC, 0x33, 0x0C, 0xC7, 0xF8, 0x60, 0xE0, 0x60, 0x60, 0x60, 0x6E, 0x7C, 0x70, 0x78,
    0x6C, 0xFF, 0x33, 0x8C, 0x63, 0x18, 0xC6, 0x31, 0x9E, 0x20, 0x0F, 0xDE, 0xEE, 0xE6, 0x66, 0x66,
    0x66, 0x66, 0xFF, 0xF0, 0x00, 0x1F, 0xC7, 0x30, 0xCC, 0x33, 0x0C, 0xC7, 0xF8, 0x00, 0x3F, 0x9C,
    0xE6, 0x73, 0x19, 0x9C, 0xCC, 0x7C, 0x30, 0x18, 0x1E, 0x00, 0x7B, 0x5C, 0xF7, 0xED, 0xE0, 0x63,
    0x3E, 0xC6, 0x31, 0x8F, 0x00, 0x26, 0x00, 0x6C, 0x00, 0x6C, 0x07, 0xFE, 0x1E, 0xDE, 0x38, 0xDE,
    0x71, 0xB2, 0x61, 0xB2, 0xE3, 0x70, 0xE3, 0x60, 0xC3, 0x60, 0xE6, 0xC0, 0xE6, 0xC0, 0xED, 0x80,
    0xFD, 0x80, 0x7D, 0x83, 0x3B, 0x06, 0x1F, 0x1E, 0x37, 0xFC, 0x36, 0x00, 0x66, 0x00, 0xFF, 0xF3,
    0x83, 0x18, 0x11, 0x80, 0x18, 0x01, 0x80, 0x18, 0x61, 0xFE, 0x18, 0x61, 0x82, 0x18, 0x0F, 0xFC,
    0x18, 0x01, 0x80, 0x3C, 0x0F, 0xF0, 0x01, 0xF0, 0x19, 0x81, 0x8C, 0x1C, 0x60, 0xE0, 0x07, 0x00,
    0x38, 0x0F, 0xF8, 0x0C, 0x03, 0xFE, 0x07, 0x00, 0x30, 0x31, 0x81, 0xBF, 0xCF, 0xFF, 0xF8, 0xFE,
    0x01, 0x80, 0x06, 0x02, 0x18, 0x1F, 0xFE, 0xF7, 0xB9, 0x8C, 0xE6, 0x31, 0x98, 0xC6, 0x63, 0x19,
    0x8C, 0x66, 0x31, 0x99, 0xC6, 0xF7, 0xBC, 0x18, 0x00, 0x60, 0x01, 0x80, 0x06, 0x00, 0x7C, 0x03,
    0xF8, 0xF8, 0x03, 0x81, 0xF0, 0x0C, 0x03, 0xE0, 0x30, 0x0F, 0xC0, 0xC0, 0x3F, 0x83, 0x00, 0xDF,
    0x0C, 0x3F, 0xFF, 0xFF, 0x0C, 0x78, 0xC0, 0x30, 0xF3, 0x00, 0xC1, 0xEC, 0x03, 0x03, 0xF0, 0x0C,
    0x07, 0xC0, 0x70, 0x0F, 0x01, 0xC0, 0x1C, 0x1F, 0xC0, 0x30, 0xFF, 0xE0, 0x78, 0xE0, 0x60, 0xE0,
    0xC1, 0xCF, 0xFF, 0xE3, 0x03, 0x06, 0x0E, 0x0C, 0x1C, 0x18, 0x70, 0x37, 0x80, 0x60, 0x00, 0xC0,
    0x01, 0x80, 0x03, 0x00, 0x0F, 0x00, 0x7F, 0x80, 0xFF, 0xE0, 0x01, 0xE7, 0x80, 0x06, 0x1C, 0x00,
    0x30, 0x60, 0x01, 0x83, 0x00, 0x0C, 0x38, 0x00, 0x61, 0x87, 0xE3, 0xB8, 0x73, 0x1F, 0xC3, 0x08,
    0xCE, 0x1E, 0x06, 0x38, 0xFC, 0x30, 0xE1, 0xF1, 0x83, 0x83, 0x8C, 0x0E, 0x0C, 0xF0, 0x78, 0xFF,
    0xE1, 0xFE, 0xFF, 0xFF, 0xFF, 0x38, 0xF3, 0x1C, 0x1C, 0x36, 0x18, 0x1C, 0x3E, 0x18, 0x1C, 0x3C,
    0x30, 0x0E, 0x1C, 0x30, 0x0E, 0x1C, 0x30, 0x7F, 0xFF, 0xFE, 0x07, 0x1E, 0x60, 0x03, 0x3E, 0x60,
    0x03, 0xA7, 0x40, 0x03, 0xE7, 0xC0, 0x01, 0xE3, 0xC0, 0x01, 0xC3, 0x80, 0x00, 0xC3, 0x80, 0x00,
    0xC1, 0x80, 0x00, 0x00, 0x00, 0xFF, 0xC7, 0xFF, 0xE7, 0xFF, 0xE7, 0xE0, 0xE7, 0xE6, 0x67, 0xE6,
    0x67, 0xE6, 0x67, 0xE6, 0x67, 0xE6, 0x67, 0xE6, 0x67, 0xE6, 0x6F, 0xE6, 0x0F, 0xE7, 0xFF, 0xE7,
    0xFE, 0xE7, 0xFC, 0x00, 0x00, 0x3C, 0x03, 0x80, 0xFF, 0x01, 0x80, 0x18, 0x01, 0x83, 0xF8, 0x63,
    0x8E, 0x38, 0xC1, 0x8C, 0x18, 0xE1, 0x8E, 0x18, 0x73, 0xE3, 0xFE, 0x01, 0x07, 0xFE, 0x3F, 0xC0,
    0x00, 0xFF, 0x80, 0xF0, 0xE0, 0x70, 0x18, 0x38, 0x02, 0x1E, 0x00, 0x87, 0x00, 0x07, 0xFF, 0xE0,
    0x70, 0x00, 0x1C, 0x00, 0x3F, 0xFF, 0x01, 0xC0, 0x00, 0x78, 0x00, 0x0E, 0x00, 0xC1, 0xC0, 0x60,
    0x3C, 0x38, 0x07, 0xFC, 0xFE, 0x3F, 0x9E, 0x0E, 0x06, 0x0C, 0x03, 0x0C, 0x01, 0x8C, 0x00, 0xCC,
    0x00, 0x6C, 0x00, 0xFF, 0xFF, 0x1F, 0x80, 0x0D, 0xE0, 0x06, 0x78, 0x03, 0x1E, 0x01, 0x87, 0x80,
    0xC1, 0xE0, 0xF0, 0x79, 0xFE, 0x7F, 0x00, 0x00, 0x30, 0x00, 0x1F, 0xFF, 0xF8, 0x78, 0x68, 0x18,
    0x10, 0x0C, 0x00, 0x06, 0x10, 0x03, 0x78, 0x01, 0xF0, 0x03, 0xE6, 0x07, 0xFF, 0x02, 0x3E, 0x00,
    0xF8, 0x00, 0xEC, 0x00, 0x06, 0x00, 0x03, 0x00, 0x03, 0xC0, 0x07, 0xF8, 0x00, 0xFF, 0xE0, 0x78,
    0xE0, 0x60, 0xE7, 0xFF, 0xF1, 0x81, 0x83, 0x03, 0x1F, 0xFF, 0x8C, 0x1C, 0x18, 0x70, 0x37, 0x80,
    0x60, 0x00, 0xC0, 0x01, 0x80, 0x03, 0x00, 0x0F, 0x00, 0x7F, 0x80, 0x00, 0x80, 0x00, 0xC0, 0x01,
    0xFF, 0x83, 0xF1, 0xC3, 0x98, 0x63, 0x8C, 0x11, 0x86, 0x01, 0xC3, 0x00, 0xE1, 0x80, 0x60, 0xC0,
    0x30, 0x60, 0x1C, 0x37, 0xFE, 0x18, 0xF7, 0x0C, 0x31, 0xC6, 0x18, 0x73, 0x1C, 0x1F, 0x9F, 0x03,
    0xFE, 0x00, 0x60, 0x00, 0x10, 0x00, 0x3F, 0x81, 0xC6, 0x0C, 0x38, 0x40, 0xC0, 0x0E, 0x00, 0xF1,
    0xFF, 0xE1, 0xF8, 0x1F, 0x03, 0xFF, 0xCE, 0x00, 0x70, 0x03, 0x03, 0x1C, 0x18, 0x71, 0x81, 0xF8,
    0x00, 0x60, 0x00, 0x40, 0x07, 0xFE, 0x1E, 0xDE, 0x38, 0xC6, 0x70, 0xC2, 0x60, 0xC2, 0xE0, 0xC0,
    0xE0, 0x80, 0xC0, 0x80, 0xE1, 0x80, 0xE1, 0x80, 0xE1, 0x80, 0xF1, 0x80, 0x71, 0x83, 0x39, 0x06,
    0x1F, 0x1E, 0x07, 0xFC, 0x03, 0x00, 0x03, 0x00, 0xFF, 0xFC, 0x00, 0x04, 0x00, 0xFF, 0xFF, 0xC7,
    0x8E, 0x0C, 0x30, 0x30, 0x00, 0xC0, 0x03, 0x00, 0x0C, 0x00, 0x30, 0x00, 0xC0, 0x03, 0x00, 0x0C,
    0x00, 0x78, 0x07, 0xF8, 0x7F, 0xEF, 0xFE, 0x0E, 0x00, 0x70, 0x07, 0x0F, 0xFE, 0x7F, 0xE0, 0xE0,
    0x7C, 0x07, 0x00, 0x38, 0x01, 0x80, 0x1C, 0x00, 0xE0, 0x07, 0x00, 0x78, 0x03, 0xE0, 0x0E, 0xFF,
    0x03, 0xC0, 0x18, 0x01, 0x80, 0x19, 0x81, 0xF8, 0xF8, 0x01, 0xF8, 0x7E, 0x07, 0x83, 0x18, 0x31,
    0x81, 0x18, 0x31, 0x86, 0x3F, 0xCF, 0xF8, 0x03, 0xF0, 0x00, 0x78, 0x00, 0x0C, 0x00, 0x1F, 0xC0,
    0x1F, 0xF8, 0x07, 0x33, 0x03, 0x8C, 0x60, 0xE3, 0x18, 0x38, 0xC6, 0x0C, 0x31, 0x83, 0x0C, 0x60,
    0xC7, 0x98, 0x37, 0xFE, 0x0C, 0x01, 0x83, 0x00, 0x61, 0xE0, 0x1C, 0xFC, 0x0F, 0x80, 0xFF, 0xE1,
    0xE3, 0x86, 0x0E, 0x30, 0x71, 0x81, 0x8C, 0x0C, 0x60, 0xE3, 0x07, 0x18, 0x73, 0xFF, 0x06, 0x00,
    0xFF, 0xE1, 0x80, 0x0C, 0x00, 0xF0, 0x1F, 0xE0, 0x06, 0x00, 0x00, 0x18, 0x00, 0x00, 0x70, 0x00,
    0x03, 0xC0, 0x00, 0x0F, 0xFF, 0xFF, 0xEF, 0xFF, 0xFF, 0x8E, 0x00, 0x00, 0x0E, 0x00, 0x00, 0x0C,
    0x00, 0x00, 0x00, 0x00, 0x00, 0x04, 0x03, 0x00, 0xE0, 0x7C, 0x3F, 0x9F, 0x74, 0xC4, 0x30, 0x0C,
    0x03, 0x00, 0xC0, 0x30, 0x0C, 0x03, 0x00, 0xC0, 0x30, 0x0C, 0x03, 0x00, 0xC0, 0x30, 0x0C, 0x00,
    0x00, 0x00, 0x40, 0x00, 0x00, 0xC0, 0x00, 0x01, 0xC0, 0x00, 0x01, 0xEF, 0xFF, 0xFF, 0xEF, 0xFF,
    0xFF, 0x80, 0x00, 0x0E, 0x00, 0x00, 0x38, 0x00, 0x00, 0x60, 0x00, 0x00, 0x00, 0x0C, 0x03, 0x00,
    0xC0, 0x30, 0x0C, 0x03, 0x00, 0xC0, 0x30, 0x0C, 0x03, 0x00, 0xC0, 0x30, 0x0C, 0x03, 0x04, 0xC5,
    0xF7, 0x3F, 0x87, 0xC0, 0xE0, 0x38, 0x04, 0x00, 0x06, 0x00, 0xC0, 0x18, 0x00, 0xC0, 0x70, 0x01,
    0xC3, 0xC0, 0x01, 0xEF, 0xFF, 0xFF, 0xEF, 0xFF, 0xFF, 0x8E, 0x00, 0x0E, 0x0E, 0x00, 0x38, 0x04,
    0x00, 0x60, 0x00, 0x00, 0x00, 0x04, 0x03, 0x81, 0xF0, 0xFC, 0x7F, 0xDB, 0x30, 0xC0, 0x30, 0x0C,
    0x03, 0x00, 0xC0, 0x30, 0x0C, 0x03, 0x04, 0xC5, 0xB7, 0x3F, 0x87, 0xC0, 0xE0, 0x38, 0x04, 0x00,
    0x00, 0x00, 0x1F, 0xE0, 0x03, 0xFC, 0x00, 0x3C, 0x00, 0x07, 0xC0, 0x00, 0xDC, 0x00, 0x19, 0xC0,
    0x02, 0x1C, 0x00, 0x01, 0xC0, 0x00, 0x0C, 0x00, 0x00, 0xC0, 0x00, 0x0C, 0x00, 0x00, 0xC0, 0x00,
    0x0C, 0x00, 0x00, 0xC0, 0x00, 0x0C, 0x00, 0x00, 0xC0, 0x00, 0x0C, 0x00, 0x1F, 0xC0, 0x03, 0xF8,
    0x00, 0x0F, 0x00, 0x03, 0xE0, 0x00, 0xEC, 0x00, 0x39, 0x80, 0x0E, 0x30, 0x03, 0x80, 0x00, 0xE0,
    0x00, 0x38, 0x00, 0x0E, 0x00, 0x03, 0x80, 0x00, 0xE0, 0x00, 0x38, 0x00, 0x0C, 0x00, 0x03, 0x00,
    0x00, 0xC0, 0x00, 0x00, 0xC0, 0x00, 0x1C, 0x00, 0x01, 0xC0, 0x00, 0x1C, 0x00, 0x01, 0xC0, 0x00,
    0x1C, 0x00, 0x01, 0xC0, 0x00, 0x1C, 0x00, 0x01, 0xC0, 0x00, 0x1C, 0x00, 0x01, 0xC1, 0x00, 0x1C,
    0x60, 0x00, 0xCC, 0x00, 0x0D, 0x80, 0x00, 0xF0, 0x00, 0x7F, 0x00, 0x1F, 0xE0, 0x00, 0x1C, 0x00,
    0x00, 0xC0, 0x00, 0x38, 0x00, 0x0E, 0x00, 0x03, 0x80, 0x00, 0xE0, 0x00, 0x38, 0x00, 0x0E, 0x00,
    0x03, 0x80, 0x00, 0xE0, 0x00, 0x38, 0x01, 0x0E, 0x00, 0x23, 0x80, 0x06, 0xE0, 0x00, 0xF8, 0x00,
    0x1C, 0x00, 0x07, 0xF0, 0x00, 0xFF, 0x00, 0x1C, 0x00, 0x00, 0x00, 0x00, 0xC0, 0x00, 0x03, 0x00,
    0x00, 0x06, 0x00, 0x00, 0x18, 0x00, 0x40, 0x30, 0x01, 0x80, 0xC0, 0x07, 0x01, 0x80, 0x1C, 0x06,
    0x00, 0xFF, 0xFF, 0xFE, 0xFF, 0xFF, 0xF8, 0xE0, 0x60, 0x00, 0xE0, 0xC0, 0x00, 0xC3, 0x00, 0x00,
    0x06, 0x00, 0x00, 0x18, 0x00, 0x00, 0x30, 0x00, 0x00, 0xE0, 0x00, 0x01, 0x80, 0x00, 0x00, 0x00,
    0xC0, 0x00, 0x03, 0x00, 0x00, 0x06, 0x00, 0x00, 0x18, 0x00, 0x00, 0x34, 0x00, 0x00, 0xCC, 0x00,
    0x01, 0x9C, 0x00, 0x03, 0x1E, 0xFF, 0xFF, 0xFE, 0xFF, 0xFF, 0xF8, 0x00, 0x60, 0xE0, 0x00, 0xC3,
    0x80, 0x03, 0x06, 0x00, 0x06, 0x00, 0x00, 0x18, 0x00, 0x00, 0x30, 0x00, 0x00, 0x60, 0x00, 0x01,
    0x80, 0x00, 0x06, 0x30, 0x00, 0x18, 0xC0, 0x00, 0x73, 0x80, 0x03, 0xCE, 0x00, 0x0F, 0xFF, 0xFF,
    0xEF, 0xFF, 0xFF, 0x8E, 0x70, 0x00, 0x0E, 0x70, 0x00, 0x0C, 0x60, 0x00, 0x00, 0x00, 0x00, 0x04,
    0x03, 0x00, 0xE0, 0x7C, 0x3F, 0x9F, 0x74, 0xE4, 0x78, 0x1F, 0x0F, 0xE6, 0xDD, 0x31, 0x0C, 0x03,
    0x00, 0xC0, 0x30, 0x0C, 0x03, 0x00, 0xC0, 0x30, 0x0C, 0x00, 0x00, 0x18, 0xC0, 0x00, 0x18, 0xC0,
    0x00, 0x39, 0xC0, 0x00, 0x39, 0xEF, 0xFF, 0xFF, 0xEF, 0xFF, 0xFF, 0x80, 0x01, 0xCE, 0x00, 0x07,
    0x38, 0x00, 0x0C, 0x60, 0x00, 0x00, 0x00, 0x04, 0x03, 0x00, 0xC0, 0x30, 0x0C, 0x03, 0x00, 0xC0,
    0x30, 0x0C, 0x13, 0x16, 0xDC, 0xFE, 0x1F, 0x07, 0x84, 0xE5, 0xF7, 0x3F, 0x87, 0xC0, 0xE0, 0x30,
    0x04, 0x00, 0x06, 0x00, 0x00, 0x60, 0x00, 0xC7, 0x00, 0x0C, 0xF0, 0x00, 0xCF, 0xFF, 0xFC, 0x3F,
    0xFF, 0xF0, 0xE0, 0x01, 0xC3, 0x80, 0x07, 0x0C, 0x00, 0x18, 0x00, 0x00, 0x00, 0x00, 0x01, 0x80,
    0x00, 0x03, 0x00, 0x00, 0x0C, 0x00, 0x00, 0x18, 0x00, 0x40, 0x74, 0x01, 0x80, 0xCC, 0x07, 0x01,
    0x9C, 0x3C, 0x06, 0x1E, 0xFF, 0xFF, 0xFE, 0xFF, 0xFF, 0xF8, 0xE0, 0x60, 0xE0, 0xE1, 0x83, 0x80,
    0x43, 0x06, 0x00, 0x0E, 0x00, 0x00, 0x18, 0x00, 0x00, 0x30, 0x00, 0x00, 0xC0, 0x00, 0x01, 0x80,
    0x00, 0x00, 0x00, 0x00, 0x18, 0x00, 0x00, 0x70, 0x00, 0x01, 0xFF, 0xFF, 0xFF, 0x00, 0x00, 0x1E,
    0x00, 0x00, 0x0F, 0xFF, 0xFF, 0x8E, 0x00, 0x00, 0x0C, 0x00, 0x00, 0x00, 0x00, 0x00, 0x04, 0x01,
    0xC0, 0x38, 0x0F, 0x83, 0xB8, 0xE7, 0xBC, 0xD1, 0x98, 0x33, 0x06, 0x60, 0xCC, 0x19, 0x83, 0x30,
    0x66, 0x0C, 0xC1, 0x98, 0x33, 0x06, 0x60, 0xCC, 0x19, 0x83, 0x30, 0x00, 0x00, 0x00, 0x00, 0x00,
    0xC0, 0x00, 0x01, 0xC7, 0xFF, 0xFF, 0xC0, 0x00, 0x01, 0xE0, 0x00, 0x03, 0xFF, 0xFF, 0xFE, 0x00,
    0x00, 0x38, 0x00, 0x00, 0x60, 0x00, 0x00, 0x00, 0x11, 0x06, 0x60, 0xCC, 0x19, 0x83, 0x30, 0x66,
    0x0C, 0xC1, 0x98, 0x33, 0x06, 0x60, 0xCC, 0x19, 0x83, 0x30, 0x66, 0x3C, 0xD3, 0x9E, 0x3B, 0x83,
    0xE0, 0x78, 0x07, 0x00, 0x40, 0x06, 0x00, 0x00, 0x18, 0x00, 0x00, 0x7F, 0xFF, 0xFB, 0xC0, 0x00,
    0x0F, 0xFF, 0xFF, 0xEF, 0x00, 0x00, 0x0E, 0x00, 0x00, 0x0F, 0xFF, 0xFF, 0x0C, 0x00, 0x00, 0x00,
    0x00, 0x00, 0x00, 0x00, 0x40, 0x00, 0x00, 0xC3, 0xFF, 0xFF, 0xC0, 0x00, 0x01, 0xEF, 0xFF, 0xFF,
    0xE0, 0x00, 0x07, 0x80, 0x00, 0x0E, 0x7F, 0xFF, 0xF8, 0x00, 0x00, 0x60, 0x00, 0x00, 0x00, 0x30,
    0x03, 0xE0, 0x0F, 0x00, 0x38, 0x01, 0xC0, 0x0E, 0x00, 0xE0, 0x0F, 0x0F, 0xF3, 0x8F, 0x70, 0x77,
    0x03, 0x60, 0x36, 0x03, 0x70, 0x77, 0x06, 0x38, 0xC1, 0xF8, 0x00, 0x10, 0x02, 0x60, 0x3F, 0xC0,
    0xF3, 0xC3, 0x87, 0xCE, 0x0D, 0xF8, 0x33, 0xF0, 0x63, 0xC1, 0x87, 0x83, 0x0F, 0x0C, 0x1F, 0x18,
    0x7E, 0x70, 0xCE, 0xC3, 0x8F, 0xBE, 0x0F, 0xF0, 0x0D, 0x00, 0x30, 0x00, 0x00, 0x00, 0x00, 0xC0,
    0x01, 0xC0, 0x01, 0xE0, 0x01, 0xE0, 0x03, 0xE0, 0x03, 0x70, 0x06, 0x70, 0x06, 0x30, 0x0C, 0x38,
    0x0C, 0x38, 0x18, 0x1C, 0x18, 0x1C, 0x30, 0x1C, 0x30, 0x0E, 0x60, 0x0E, 0x7F, 0xFE, 0x7F, 0xFF,
    0x00, 0x01, 0xFF, 0xFF, 0xFF, 0xFB, 0x80, 0x67, 0x00, 0xC7, 0x03, 0x0E, 0x06, 0x1C, 0x0C, 0x1C,
    0x30, 0x38, 0x60, 0x71, 0x80, 0x73, 0x00, 0xEC, 0x00, 0xD8, 0x01, 0xE0, 0x03, 0xC0, 0x03, 0x80,
    0x04, 0x00, 0x7F, 0xFF, 0xE7, 0xFF, 0xFE, 0x1C, 0x03, 0x81, 0xC0, 0x38, 0x1C, 0x03, 0x81, 0xC0,
    0x38, 0x1C, 0x03, 0x81, 0xC0, 0x38, 0x1C, 0x03, 0x81, 0xC0, 0x38, 0x1C, 0x03, 0x81, 0xC0, 0x38,
    0x1C, 0x03, 0x81, 0xC0, 0x38, 0x1C, 0x03, 0x81, 0xC0, 0x38, 0x7F, 0x8F, 0xF0, 0x00, 0x00, 0xFF,
    0x1F, 0xFF, 0xE3, 0xFC, 0xE0, 0x1C, 0x1C, 0x03, 0x83, 0x80, 0x30, 0x70, 0x06, 0x0E, 0x00, 0xC1,
    0xC0, 0x18, 0x38, 0x03, 0x07, 0x00, 0x60, 0xE0, 0x0C, 0x1C, 0x01, 0x83, 0x80, 0x70, 0x70, 0x0E,
    0x0E, 0x01, 0xC1, 0xC0, 0x38, 0xFF, 0xFF, 0xC0, 0x00, 0x00, 0x00, 0x03, 0xFF, 0x8E, 0x0C, 0x78,
    0x31, 0xE0, 0x07, 0x80, 0x1C, 0x00, 0x70, 0x03, 0xC0, 0x0E, 0x00, 0x70, 0x07, 0x00, 0x70, 0x07,
    0x00, 0x70, 0x23, 0x03, 0x3F, 0xFB, 0xFF, 0x9F, 0xFC, 0x00, 0x00, 0xFF, 0xFF, 0xFF, 0xC0, 0xFF,
    0xFB, 0xFF, 0x80, 0x80, 0x0C, 0x00, 0x60, 0x03, 0x00, 0x18, 0x00, 0xC0, 0xFF, 0xFB, 0xFF, 0x81,
    0x80, 0x0C, 0x00, 0x60, 0x03, 0x00, 0x08, 0x00, 0x00, 0xC0, 0x60, 0x18, 0x0C, 0x03, 0x00, 0xC0,
    0x60, 0x18, 0x0C, 0x03, 0x01, 0x80, 0x60, 0x18, 0x0C, 0x03, 0x01, 0x80, 0x60, 0x38, 0x0C, 0x00,
    0xC0, 0x18, 0x06, 0x01, 0xC0, 0x30, 0x0C, 0x01, 0x80, 0x60, 0x0C, 0x03, 0x00, 0xE0, 0x18, 0x06,
    0x00, 0xC0, 0x30, 0x06, 0x01, 0x80, 0x70, 0x0C, 0xFF, 0x80, 0x00, 0x70, 0x07, 0xC0, 0x3C, 0x01,
    0x00, 0x18, 0x00, 0xC0, 0x06, 0x0C, 0x30, 0xE1, 0x03, 0x98, 0x1C, 0xC0, 0xE6, 0x03, 0x20, 0x1D,
    0x00, 0xF8, 0x03, 0xC0, 0x1C, 0x00, 0xE0, 0x07, 0x00, 0x18, 0x00, 0x80, 0x00, 0x3E, 0x1E, 0x3F,
    0x9F, 0xBB, 0xDD, 0xF8, 0x78, 0x38, 0x1C, 0x0C, 0x0E, 0x07, 0x07, 0x87, 0xCE, 0xE7, 0x7E, 0x7F,
    0x1E, 0x1F, 0x00, 0xFF, 0xFF, 0xFF, 0xFF, 0xFF, 0xFF, 0xC0, 0x0C, 0x03, 0x00, 0xC0, 0x33, 0x0C,
    0xC3, 0x60, 0xD8, 0x3C, 0x0F, 0x03, 0x80, 0xE0, 0x38, 0x0C, 0x07, 0x01, 0xC0, 0xF0, 0x3C, 0x0F,
    0x06, 0xC1, 0xB0, 0xCC, 0x03, 0x00, 0xC0, 0x30, 0x0C, 0x00, 0x00, 0xDE, 0xF7, 0xBD, 0xEF, 0x7B,
    0xDE, 0xF7, 0xBD, 0xEF, 0x7B, 0xDE, 0xF7, 0xBD, 0xEF, 0x7B, 0xD8, 0x00, 0x36, 0x1B, 0x0D, 0x86,
    0xC3, 0x79, 0xBC, 0xDC, 0x6E, 0x36, 0x1B, 0x0F, 0x87, 0xC3, 0xE1, 0xF0, 0xD8, 0x6C, 0x76, 0x3B,
    0x3D, 0x9E, 0xC3, 0x61, 0xB0, 0xD8, 0x6C, 0x36, 0x00, 0x00, 0x00, 0x78, 0x03, 0x70, 0x18, 0xC0,
    0x60, 0x01, 0x80, 0x06, 0x00, 0x18, 0x00, 0xE0, 0x03, 0x80, 0x0E, 0x00, 0x30, 0x00, 0xC0, 0x03,
    0x00, 0x0C, 0x00, 0x30, 0x00, 0xC0, 0x03, 0x00, 0x1C, 0x00, 0x70, 0x11, 0x80, 0x64, 0x01, 0xE0,
    0x00, 0xFF, 0x80, 0x3F, 0xE0, 0x38, 0x4F, 0xDB, 0x3F, 0x41, 0xC0, 0x00, 0x80, 0x30, 0x06, 0x01,
    0x80, 0x30, 0x7C, 0x9F, 0xB6, 0x7E, 0x9B, 0x83, 0x00, 0xC0, 0x18, 0x06, 0x00, 0xC0, 0x00, 0x00,
    0x0F, 0x8F, 0xFF, 0x63, 0xC0, 0x00, 0xF8, 0xFF, 0xF6, 0x3C, 0x00, 0x40, 0x0C, 0x00, 0xC0, 0x18,
    0xFF, 0xF0, 0x30, 0x06, 0x00, 0x60, 0xFF, 0xF7, 0xFE, 0x18, 0x01, 0x80, 0x30, 0x02, 0x00, 0x00,
    0x38, 0x07, 0x81, 0xF0, 0x3E, 0x07, 0xC0, 0x70, 0x01, 0xF0, 0x03, 0xE0, 0x07, 0xC0, 0x07, 0x80,
    0x0F, 0xFF, 0xFF, 0xFF, 0x80, 0x00, 0xE0, 0x07, 0xC0, 0x0F, 0x80, 0x0F, 0x80, 0x1F, 0x00, 0x3C,
    0x07, 0xC0, 0xF8, 0x3E, 0x07, 0xC0, 0x38, 0x01, 0xFF, 0xEF, 0xFF, 0x80, 0x00, 0x00, 0x30, 0x20,
    0x0F, 0x1E, 0x03, 0xC7, 0xC0, 0xF1, 0xF0, 0x3C, 0x7C, 0x0F, 0x0F, 0x00, 0xF0, 0xE0, 0x07, 0xC7,
    0x80, 0x1F, 0x1E, 0x00, 0x7C, 0x78, 0x01, 0xE1, 0xE0, 0x07, 0x06, 0x00, 0x00, 0x00, 0xC1, 0x80,
    0x0F, 0x0E, 0x00, 0x3C, 0x78, 0x00, 0xF1, 0xE0, 0x03, 0xC7, 0x80, 0x0F, 0x1E, 0x00, 0xF0, 0xE0,
    0x3E, 0x3C, 0x0F, 0x8F, 0x03, 0xE3, 0xC0, 0x78, 0xF0, 0x0E, 0x1C, 0x00, 0x00, 0x00, 0x00, 0x00,
    0x80, 0x1C, 0x01, 0xB0, 0x1F, 0x03, 0xC0, 0xF0, 0x3E, 0x0F, 0x60, 0xFE, 0x07, 0xC0, 0x1F, 0x01,
    0xFC, 0x19, 0xE3, 0x07, 0x30, 0x03, 0x00, 0x00, 0x00, 0x00, 0x80, 0x1C, 0xC1, 0x8F, 0x18, 0x3F,
    0x00, 0xF0, 0x07, 0xC0, 0x6F, 0x0E, 0xF0, 0xFE, 0x0F, 0x83, 0xE0, 0x78, 0x0F, 0x00, 0x30, 0x03,
    0x00, 0x00, 0x00, 0xFF, 0x80, 0xE7, 0x3B, 0x9C, 0xFE, 0x73, 0x80, 0x00, 0x1F, 0x83, 0xF9, 0xC7,
    0x38, 0x03, 0x1C, 0x03, 0x8C, 0x01, 0x86, 0x00, 0xC3, 0x01, 0xFF, 0xF8, 0x30, 0xC0, 0x18, 0x60,
    0x0C, 0x30, 0x06, 0x18, 0x03, 0x0C, 0x01, 0x86, 0x00, 0xC3, 0x00, 0x71, 0xC0, 0xFF, 0xF8, 0x00,
    0x07, 0xE0, 0x67, 0x86, 0x1C, 0x70, 0x03, 0x00, 0x18, 0x00, 0xE0, 0x1F, 0xFE, 0x30, 0xE1, 0x83,
    0x0C, 0x18, 0x60, 0xC3, 0x06, 0x18, 0x30, 0xC1, 0x87, 0x1C, 0xFD, 0xF8, 0x07, 0xE0, 0xDC, 0x18,
    0xC3, 0x8C, 0x30, 0xC3, 0x0C, 0x30, 0xCF, 0xFC, 0x30, 0xC3, 0x0C, 0x30, 0xC3, 0x0C, 0x30, 0xC3,
    0x0C, 0x30, 0xC3, 0x8C, 0xFF, 0xF0, 0x00, 0x1F, 0xC0, 0xFE, 0x38, 0x73, 0x83, 0x0C, 0x70, 0x03,
    0x8C, 0x00, 0x61, 0x80, 0x0C, 0x38, 0x07, 0xFF, 0xFE, 0x30, 0xC3, 0x86, 0x18, 0x30, 0xC3, 0x06,
    0x18, 0x60, 0xC3, 0x0C, 0x18, 0x61, 0x83, 0x0C, 0x30, 0x61, 0xC7, 0x0C, 0xFF, 0xF7, 0xE0, 0x00,
    0x1F, 0x80, 0xFE, 0x70, 0x73, 0x86, 0x0C, 0x70, 0xC3, 0x8C, 0x18, 0x61, 0x83, 0x0C, 0x30, 0x67,
    0xFF, 0xFC, 0x30, 0xC1, 0x86, 0x18, 0x30, 0xC3, 0x06, 0x18, 0x60, 0xC3, 0x0C, 0x18, 0x61, 0x83,
    0x0C, 0x30, 0x61, 0xC7, 0x1C, 0xFF, 0xF7, 0xE0, 0x07, 0xC0, 0x19, 0xC0, 0x63, 0x81, 0xC3, 0x03,
    0x06, 0x06, 0x0C, 0x0C, 0x38, 0x78, 0x7F, 0x30, 0x60, 0x60, 0xC0, 0xC1, 0x81, 0x83, 0x03, 0x06,
    0x06, 0x0C, 0x0C, 0x18, 0x18, 0x39, 0xFC, 0x3E, 0x0F, 0xC0, 0x31, 0xC0, 0xC1, 0x81, 0x03, 0x02,
    0x06, 0x06, 0x0C, 0x1F, 0xBF, 0xB9, 0x30, 0x70, 0x60, 0xE0, 0xC1, 0xF1, 0x80, 0xF3, 0x00, 0xE6,
    0x10, 0xCC, 0x33, 0x9C, 0xBE, 0x1F, 0x00, 0x40, 0x00, 0x1C, 0x00, 0x07, 0xC0, 0x01, 0xFC, 0x00,
    0x79, 0xC0, 0x1F, 0xFC, 0x07, 0xFF, 0xC1, 0xFF, 0xFC, 0x7F, 0xEF, 0xDF, 0xFB, 0xFD, 0xFE, 0xFF,
    0x1F, 0xFF, 0xC1, 0xFF, 0xF0, 0x1F, 0xFC, 0x01, 0xEF, 0x00, 0x1D, 0xC0, 0x01, 0xF0, 0x00, 0x1C,
    0x00, 0x01, 0x00, 0x00,
};

static const EpdGlyph ebgaramond_12_regularGlyphs[] = {
    { 0, 0, 0, 0, 0, 0, 0 }, // U+0000
    { 0, 0, 80, 0, 0, 0, 0 }, // U+000D
    { 0, 0, 80, 0, 0, 0, 0 }, // U+0020
    { 3, 16, 100, 2, 16, 6, 0 }, // !
    { 6, 6, 132, 2, 16, 5, 6 }, // "
    { 11, 16, 187, 0, 14, 22, 11 }, // #
    { 10, 19, 176, 1, 17, 24, 33 }, // $
    { 16, 17, 260, 1, 16, 34, 57 }, // %
    { 18, 15, 302, 1, 15, 34, 91 }, // &
    { 3, 6, 80, 2, 16, 3, 125 }, // '
    { 6, 22, 126, 1, 17, 17, 128 }, // (
    { 7, 22, 126, 1, 17, 20, 145 }, // )
    { 8, 7, 136, 1, 16, 7, 165 }, // *
    { 14, 12, 236, 1, 12, 21, 172 }, // +
    { 4, 7, 92, 0, 4, 4, 193 }, // ,
    { 7, 3, 110, 0, 7, 3, 197 }, // -
    { 3, 3, 92, 1, 3, 2, 200 }, // .
    { 10, 18, 160, 0, 16, 23, 202 }, // /
    { 11, 16, 192, 1, 16, 22, 225 }, // 0
    { 10, 16, 192, 1, 16, 20, 247 }, // 1
    { 12, 15, 192, 0, 15, 23, 267 }, // 2
    { 11, 16, 192, 1, 15, 22, 290 }, // 3
    { 12, 16, 192, 0, 16, 24, 312 }, // 4
    { 10, 17, 192, 1, 16, 22, 336 }, // 5
    { 11, 16, 192, 1, 16, 22, 358 }, // 6
    { 13, 17, 192, 0, 17, 28, 380 }, // 7
    { 10, 16, 192, 2, 16, 20, 408 }, // 8
    { 11, 16, 192, 1, 16, 22, 428 }, // 9
    { 3, 9, 99, 2, 9, 4, 450 }, // :
    { 4, 13, 91, 0, 10, 7, 454 }, // ;
    { 12, 12, 224, 1, 12, 18, 461 }, // <
    { 12, 5, 226, 1, 9, 8, 479 }, // =
    { 12, 12, 224, 1, 11, 18, 487 }, // >
    { 6, 16, 150, 1, 16, 12, 505 }, // ?
    { 16, 16, 300, 1, 13, 32, 517 }, // @
    { 19, 17, 277, -1, 17, 41, 549 }, // A
    { 14, 16, 235, 0, 16, 28, 590 }, // B
    { 16, 16, 284, 1, 16, 32, 618 }, // C
    { 18, 16, 302, 0, 16, 36, 650 }, // D
    { 13, 16, 226, 1, 16, 26, 686 }, // E
    { 12, 16, 205, 0, 16, 24, 712 }, // F
    { 17, 16, 292, 1, 16, 34, 736 }, // G
    { 20, 16, 324, 0, 16, 40, 770 }, // H
    { 8, 16, 136, 0, 16, 16, 810 }, // I
    { 10, 21, 136, -2, 16, 27, 826 }, // J
    { 17, 16, 272, 0, 16, 34, 853 }, // K
    { 15, 16, 234, 0, 16, 30, 887 }, // L
    { 22, 17, 360, 0, 16, 47, 917 }, // M
    { 21, 16, 317, -1, 16, 42, 964 }, // N
    { 17, 16, 305, 1, 16, 34, 1006 }, // O
    { 13, 16, 221, 0, 16, 26, 1040 }, // P
    { 22, 23, 305, 1, 16, 64, 1066 }, // Q
    { 18, 16, 285, 0, 16, 36, 1130 }, // R
    { 10, 16, 186, 1, 16, 20, 1166 }, // S
    { 17, 18, 268, 0, 18, 39, 1186 }, // T
    { 18, 16, 295, 1, 16, 36, 1225 }, // U
    { 18, 16, 269, 0, 16, 36, 1261 }, // V
    { 24, 17, 366, 0, 16, 51, 1297 }, // W
    { 18, 16, 283, 0, 16, 36, 1348 }, // X
    { 17, 16, 231, 0, 16, 34, 1384 }, // Y
    { 15, 17, 241, 0, 17, 32, 1418 }, // Z
    { 6, 22, 132, 3, 17, 17, 1450 }, // [
    { 10, 18, 160, 0, 16, 23, 1467 }, // <backslash>
    { 7, 22, 132, 0, 17, 20, 1490 }, // ]
    { 11, 8, 200, 1, 15, 11, 1510 }, // ^
    { 13, 1, 200, 0, -3, 2, 1521 }, // _
    { 5, 5, 80, 0, 16, 4, 1523 }, // `
    { 10, 10, 160, 1, 10, 13, 1527 }, // a
    { 13, 19, 206, 0, 18, 31, 1540 }, // b
    { 9, 10, 163, 1, 10, 12, 1571 }, // c
    { 13, 19, 202, 1, 18, 31, 1583 }, // d
    { 9, 10, 156, 1, 10, 12, 1614 }, // e
    { 11, 17, 127, 0, 17, 24, 1626 }, // f
    { 12, 17, 174, 1, 10, 26, 1650 }, // g
    { 13, 18, 206, 0, 18, 30, 1676 }, // h
    { 6, 15, 98, 0, 15, 12, 1706 }, // i
    { 6, 22, 90, -1, 15, 17, 1718 }, // j
    { 12, 18, 188, 0, 18, 27, 1735 }, // k
    { 6, 18, 96, 0, 18, 14, 1762 }, // l
    { 18, 10, 311, 0, 10, 23, 1776 }, // m
    { 13, 11, 211, 0, 11, 18, 1799 }, // n
    { 11, 10, 198, 1, 10, 14, 1817 }, // o
    { 12, 18, 208, 0, 11, 27, 1831 }, // p
    { 12, 18, 209, 1, 11, 27, 1858 }, // q
    { 8, 11, 134, 0, 11, 11, 1885 }, // r
    { 8, 10, 129, 0, 10, 10, 1896 }, // s
    { 8, 12, 126, 0, 12, 12, 1906 }, // t
    { 13, 10, 211, 0, 10, 17, 1918 }, // u
    { 12, 10, 175, 0, 10, 15, 1935 }, // v
    { 18, 10, 274, 0, 10, 23, 1950 }, // w
    { 11, 10, 172, 0, 10, 14, 1973 }, // x
    { 12, 17, 175, 0, 10, 26, 1987 }, // y
    { 10, 11, 151, 0, 11, 14, 2013 }, // z
    { 9, 21, 150, 1, 17, 24, 2027 }, // {
    { 3, 25, 104, 2, 18, 10, 2051 }, // |
    { 9, 22, 150, -1, 17, 25, 2061 }, // }
    { 10, 4, 200, 1, 10, 5, 2086 }, // ~
    { 0, 0, 80, 0, 0, 0, 2091 }, // U+00A0
    { 3, 16, 100, 2, 12, 6, 2091 }, // U+00A1
    { 9, 15, 169, 1, 15, 17, 2097 }, // U+00A2
    { 13, 16, 196, -1, 16, 26, 2114 }, // U+00A3
    { 11, 12, 202, 1, 13, 17, 2140 }, // U+00A4
    { 16, 16, 228, 0, 16, 32, 2157 }, // U+00A5
    { 3, 26, 104, 2, 18, 10, 2189 }, // U+00A6
    { 8, 19, 160, 1, 16, 19, 2199 }, // U+00A7
    { 7, 3, 120, 1, 15, 3, 2218 }, // U+00A8
    { 15, 15, 266, 1, 15, 29, 2221 }, // U+00A9
    { 7, 9, 124, 0, 13, 8, 2250 }, // U+00AA
    { 13, 9, 238, 1, 10, 15, 2258 }, // U+00AB
    { 14, 8, 240, 1, 9, 14, 2273 }, // U+00AC
    { 7, 3, 110, 0, 7, 3, 2287 }, // U+00AD
    { 15, 15, 266, 1, 15, 29, 2290 }, // U+00AE
    { 7, 1, 120, 0, 13, 1, 2319 }, // U+00AF
    { 6, 6, 116, 1, 16, 5, 2320 }, // U+00B0
    { 13, 14, 236, 1, 16, 23, 2325 }, // U+00B1
    { 7, 8, 120, 0, 19, 7, 2348 }, // U+00B2
    { 6, 8, 114, 1, 19, 6, 2355 }, // U+00B3
    { 5, 5, 80, 0, 16, 4, 2361 }, // U+00B4
    { 12, 17, 215, 2, 10, 26, 2365 }, // U+00B5
    { 14, 23, 238, 1, 16, 41, 2391 }, // U+00B6
    { 3, 3, 80, 1, 7, 2, 2432 }, // U+00B7
    { 4, 8, 80, 0, 1, 4, 2434 }, // U+00B8
    { 6, 9, 104, 1, 20, 7, 2438 }, // U+00B9
    { 7, 9, 124, 1, 13, 8, 2445 }, // U+00BA
    { 13, 9, 238, 1, 10, 15, 2453 }, // U+00BB
    { 16, 19, 263, 1, 17, 38, 2468 }, // U+00BC
    { 16, 18, 287, 1, 17, 36, 2506 }, // U+00BD
    { 15, 19, 254, 1, 17, 36, 2542 }, // U+00BE
    { 7, 16, 150, 1, 12, 14, 2578 }, // U+00BF
    { 19, 21, 277, -1, 21, 50, 2592 }, // U+00C0
    { 19, 21, 277, -1, 21, 50, 2642 }, // U+00C1
    { 19, 20, 277, -1, 20, 48, 2692 }, // U+00C2
    { 19, 20, 277, -1, 20, 48, 2740 }, // U+00C3
    { 18, 20, 277, -1, 20, 45, 2788 }, // U+00C4
    { 18, 21, 277, 0, 21, 48, 2833 }, // U+00C5
    { 22, 16, 349, -1, 16, 44, 2881 }, // U+00C6
    { 16, 23, 284, 1, 16, 46, 2925 }, // U+00C7
    { 13, 21, 226, 1, 21, 35, 2971 }, // U+00C8
    { 13, 21, 226, 1, 21, 35, 3006 }, // U+00C9
    { 13, 20, 226, 1, 20, 33, 3041 }, // U+00CA
    { 13, 20, 226, 1, 20, 33, 3074 }, // U+00CB
    { 8, 21, 136, 0, 21, 21, 3107 }, // U+00CC
    { 8, 21, 136, 0, 21, 21, 3128 }, // U+00CD
    { 8, 20, 136, 0, 20, 20, 3149 }, // U+00CE
    { 8, 20, 136, 1, 20, 20, 3169 }, // U+00CF
    { 18, 16, 302, 0, 16, 36, 3189 }, // U+00D0
    { 21, 21, 317, -1, 21, 56, 3225 }, // U+00D1
    { 17, 21, 305, 1, 21, 45, 3281 }, // U+00D2
    { 17, 21, 305, 1, 21, 45, 3326 }, // U+00D3
    { 17, 20, 305, 1, 20, 43, 3371 }, // U+00D4
    { 17, 21, 305, 1, 21, 45, 3414 }, // U+00D5
    { 17, 20, 305, 1, 20, 43, 3459 }, // U+00D6
    { 11, 10, 240, 2, 11, 14, 3502 }, // U+00D7
    { 17, 17, 309, 1, 17, 37, 3516 }, // U+00D8
    { 18, 21, 295, 1, 21, 48, 3553 }, // U+00D9
    { 18, 21, 295, 1, 21, 48, 3601 }, // U+00DA
    { 18, 20, 295, 1, 20, 45, 3649 }, // U+00DB
    { 18, 20, 295, 1, 20, 45, 3694 }, // U+00DC
    { 17, 21, 231, 0, 21, 45, 3739 }, // U+00DD
    { 13, 16, 224, 0, 16, 26, 3784 }, // U+00DE
    { 12, 17, 202, 0, 17, 26, 3810 }, // U+00DF
    { 10, 16, 160, 1, 16, 20, 3836 }, // U+00E0
    { 10, 16, 160, 1, 16, 20, 3856 }, // U+00E1
    { 10, 16, 160, 1, 16, 20, 3876 }, // U+00E2
    { 10, 15, 160, 1, 15, 19, 3896 }, // U+00E3
    { 10, 15, 160, 1, 15, 19, 3915 }, // U+00E4
    { 10, 16, 160, 1, 16, 20, 3934 }, // U+00E5
    { 13, 10, 223, 1, 10, 17, 3954 }, // U+00E6
    { 9, 17, 163, 1, 10, 20, 3971 }, // U+00E7
    { 9, 16, 156, 1, 16, 18, 3991 }, // U+00E8
    { 9, 16, 156, 1, 16, 18, 4009 }, // U+00E9
    { 9, 16, 156, 1, 16, 18, 4027 }, // U+00EA
    { 9, 15, 156, 1, 15, 17, 4045 }, // U+00EB
    { 7, 16, 98, -1, 16, 14, 4062 }, // U+00EC
    { 7, 16, 98, 0, 16, 14, 4076 }, // U+00ED
    { 6, 16, 98, 0, 16, 12, 4090 }, // U+00EE
    { 7, 15, 98, 0, 15, 14, 4102 }, // U+00EF
    { 11, 17, 195, 1, 17, 24, 4116 }, // U+00F0
    { 13, 15, 211, 0, 15, 25, 4140 }, // U+00F1
    { 11, 16, 198, 1, 16, 22, 4165 }, // U+00F2
    { 11, 16, 198, 1, 16, 22, 4187 }, // U+00F3
    { 11, 16, 198, 1, 16, 22, 4209 }, // U+00F4
    { 11, 15, 198, 1, 15, 21, 4231 }, // U+00F5
    { 11, 15, 198, 1, 15, 21, 4252 }, // U+00F6
    { 12, 10, 236, 1, 12, 15, 4273 }, // U+00F7
    { 13, 10, 194, 0, 10, 17, 4288 }, // U+00F8
    { 13, 16, 211, 0, 16, 26, 4305 }, // U+00F9
    { 13, 16, 211, 0, 16, 26, 4331 }, // U+00FA
    { 13, 16, 211, 0, 16, 26, 4357 }, // U+00FB
    { 13, 15, 211, 0, 15, 25, 4383 }, // U+00FC
    { 12, 23, 175, 0, 16, 35, 4408 }, // U+00FD
    { 12, 25, 202, 0, 18, 38, 4443 }, // U+00FE
    { 12, 22, 175, 0, 15, 33, 4481 }, // U+00FF
    { 19, 19, 277, -1, 19, 46, 4514 }, // U+0100
    { 10, 14, 160, 1, 14, 18, 4560 }, // U+0101
    { 18, 20, 277, -1, 20, 45, 4578 }, // U+0102
    { 10, 15, 160, 1, 15, 19, 4623 }, // U+0103
    { 18, 24, 277, 0, 17, 54, 4642 }, // U+0104
    { 10, 17, 160, 1, 10, 22, 4696 }, // U+0105
    { 16, 21, 284, 1, 21, 42, 4718 }, // U+0106
    { 9, 16, 163, 1, 16, 18, 4760 }, // U+0107
    { 16, 21, 284, 1, 21, 42, 4778 }, // U+0108
    { 9, 16, 163, 1, 16, 18, 4820 }, // U+0109
    { 16, 20, 284, 1, 20, 40, 4838 }, // U+010A
    { 9, 16, 163, 1, 16, 18, 4878 }, // U+010B
    { 16, 21, 284, 1, 21, 42, 4896 }, // U+010C
    { 9, 16, 163, 1, 16, 18, 4938 }, // U+010D
    { 18, 20, 302, 0, 20, 45, 4956 }, // U+010E
    { 13, 18, 208, 1, 17, 30, 5001 }, // U+010F
    { 18, 16, 302, 0, 16, 36, 5031 }, // U+0110
    { 13, 19, 202, 1, 18, 31, 5067 }, // U+0111
    { 13, 19, 226, 1, 19, 31, 5098 }, // U+0112
    { 9, 14, 156, 1, 14, 16, 5129 }, // U+0113
    { 13, 20, 226, 1, 20, 33, 5145 }, // U+0114
    { 9, 15, 156, 1, 15, 17, 5178 }, // U+0115
    { 13, 20, 226, 1, 20, 33, 5195 }, // U+0116
    { 9, 16, 156, 1, 16, 18, 5228 }, // U+0117
    { 13, 23, 214, 1, 16, 38, 5246 }, // U+0118
    { 9, 17, 153, 1, 10, 20, 5284 }, // U+0119
    { 13, 20, 226, 1, 20, 33, 5304 }, // U+011A
    { 9, 16, 156, 1, 16, 18, 5337 }, // U+011B
    { 17, 20, 292, 1, 20, 43, 5355 }, // U+011C
    { 12, 23, 174, 1, 16, 35, 5398 }, // U+011D
    { 17, 20, 292, 1, 20, 43, 5433 }, // U+011E
    { 12, 22, 174, 1, 15, 33, 5476 }, // U+011F
    { 17, 20, 292, 1, 20, 43, 5509 }, // U+0120
    { 12, 22, 174, 1, 15, 33, 5552 }, // U+0121
    { 17, 23, 292, 1, 16, 49, 5585 }, // U+0122
    { 12, 24, 174, 1, 17, 36, 5634 }, // U+0123
    { 20, 20, 324, 0, 20, 50, 5670 }, // U+0124
    { 14, 21, 206, -1, 21, 37, 5720 }, // U+0125
    { 20, 16, 324, 0, 16, 40, 5757 }, // U+0126
    { 13, 18, 208, 0, 18, 30, 5797 }, // U+0127
    { 9, 20, 136, 0, 20, 23, 5827 }, // U+0128
    { 8, 15, 98, -1, 15, 15, 5850 }, // U+0129
    { 8, 19, 136, 0, 19, 19, 5865 }, // U+012A
    { 8, 13, 98, -1, 13, 13, 5884 }, // U+012B
    { 8, 20, 136, 0, 20, 20, 5897 }, // U+012C
    { 6, 15, 98, 1, 15, 12, 5917 }, // U+012D
    { 9, 23, 136, 0, 16, 26, 5929 }, // U+012E
    { 6, 22, 98, 1, 15, 17, 5955 }, // U+012F
    { 8, 20, 136, 0, 20, 20, 5972 }, // U+0130
    { 6, 10, 98, 0, 10, 8, 5992 }, // U+0131
    { 17, 21, 272, 0, 16, 45, 6000 }, // U+0132
    { 11, 22, 185, 0, 15, 31, 6045 }, // U+0133
    { 10, 25, 136, -2, 20, 32, 6076 }, // U+0134
    { 7, 23, 90, -1, 16, 21, 6108 }, // U+0135
    { 17, 23, 272, 0, 16, 49, 6129 }, // U+0136
    { 12, 24, 188, 0, 17, 36, 6178 }, // U+0137
    { 13, 11, 190, 0, 11, 18, 6214 }, // U+0138
    { 15, 21, 234, 0, 21, 40, 6232 }, // U+0139
    { 6, 21, 96, 0, 21, 16, 6272 }, // U+013A
    { 15, 23, 234, 0, 16, 44, 6288 }, // U+013B
    { 6, 25, 96, 0, 18, 19, 6332 }, // U+013C
    { 15, 16, 234, 0, 16, 30, 6351 }, // U+013D
    { 8, 17, 102, 0, 17, 17, 6381 }, // U+013E
    { 15, 16, 234, 0, 16, 30, 6398 }, // U+013F
    { 8, 18, 134, 0, 18, 18, 6428 }, // U+0140
    { 15, 16, 234, 0, 16, 30, 6446 }, // U+0141
    { 6, 18, 112, 1, 18, 14, 6476 }, // U+0142
    { 21, 21, 317, -1, 21, 56, 6490 }, // U+0143
    { 13, 16, 211, 0, 16, 26, 6546 }, // U+0144
    { 21, 23, 308, -1, 16, 61, 6572 }, // U+0145
    { 13, 18, 211, 0, 11, 30, 6633 }, // U+0146
    { 21, 21, 317, -1, 21, 56, 6663 }, // U+0147
    { 13, 16, 211, 0, 16, 26, 6719 }, // U+0148
    { 16, 17, 244, -1, 17, 34, 6745 }, // U+0149
    { 20, 22, 308, -1, 16, 55, 6779 }, // U+014A
    { 11, 18, 205, 0, 11, 25, 6834 }, // U+014B
    { 17, 19, 305, 1, 19, 41, 6859 }, // U+014C
    { 11, 14, 198, 1, 14, 20, 6900 }, // U+014D
    { 17, 20, 305, 1, 20, 43, 6920 }, // U+014E
    { 11, 15, 198, 1, 15, 21, 6963 }, // U+014F
    { 17, 21, 305, 1, 21, 45, 6984 }, // U+0150
    { 11, 16, 198, 1, 16, 22, 7029 }, // U+0151
    { 22, 16, 379, 1, 16, 44, 7051 }, // U+0152
    { 19, 10, 303, 1, 10, 24, 7095 }, // U+0153
    { 18, 21, 285, 0, 21, 48, 7119 }, // U+0154
    { 8, 16, 134, 0, 16, 16, 7167 }, // U+0155
    { 18, 23, 285, 0, 16, 52, 7183 }, // U+0156
    { 8, 18, 134, 0, 11, 18, 7235 }, // U+0157
    { 18, 21, 285, 0, 21, 48, 7253 }, // U+0158
    { 8, 16, 134, 0, 16, 16, 7301 }, // U+0159
    { 10, 21, 186, 1, 21, 27, 7317 }, // U+015A
    { 8, 16, 129, 0, 16, 16, 7344 }, // U+015B
    { 10, 21, 186, 1, 21, 27, 7360 }, // U+015C
    { 8, 16, 129, 0, 16, 16, 7387 }, // U+015D
    { 10, 23, 186, 1, 16, 29, 7403 }, // U+015E
    { 8, 17, 129, 0, 10, 17, 7432 }, // U+015F
    { 10, 20, 186, 1, 20, 25, 7449 }, // U+0160
    { 8, 16, 129, 0, 16, 16, 7474 }, // U+0161
    { 17, 25, 268, 0, 18, 54, 7490 }, // U+0162
    { 8, 18, 126, 0, 11, 18, 7544 }, // U+0163
    { 17, 20, 268, 0, 20, 43, 7562 }, // U+0164
    { 8, 16, 126, 0, 16, 16, 7605 }, // U+0165
    { 17, 18, 268, 0, 18, 39, 7621 }, // U+0166
    { 8, 12, 140, 0, 12, 12, 7660 }, // U+0167
    { 18, 21, 295, 1, 21, 48, 7672 }, // U+0168
    { 13, 15, 211, 0, 15, 25, 7720 }, // U+0169
    { 18, 19, 295, 1, 19, 43, 7745 }, // U+016A
    { 13, 14, 211, 0, 14, 23, 7788 }, // U+016B
    { 18, 20, 295, 1, 20, 45, 7811 }, // U+016C
    { 13, 15, 211, 0, 15, 25, 7856 }, // U+016D
    { 18, 21, 295, 1, 21, 48, 7881 }, // U+016E
    { 13, 16, 211, 0, 16, 26, 7929 }, // U+016F
    { 18, 21, 295, 1, 21, 48, 7955 }, // U+0170
    { 13, 16, 211, 0, 16, 26, 8003 }, // U+0171
    { 18, 23, 295, 1, 16, 52, 8029 }, // U+0172
    { 14, 17, 211, 0, 10, 30, 8081 }, // U+0173
    { 24, 21, 366, 0, 20, 63, 8111 }, // U+0174
    { 18, 16, 274, 0, 16, 36, 8174 }, // U+0175
    { 17, 20, 231, 0, 20, 43, 8210 }, // U+0176
    { 12, 23, 175, 0, 16, 35, 8253 }, // U+0177
    { 16, 20, 231, -1, 20, 40, 8288 }, // U+0178
    { 15, 21, 241, 0, 21, 40, 8328 }, // U+0179
    { 10, 16, 151, 0, 16, 20, 8368 }, // U+017A
    { 16, 20, 241, 0, 20, 40, 8388 }, // U+017B
    { 10, 15, 151, 0, 15, 19, 8428 }, // U+017C
    { 15, 20, 241, 0, 20, 38, 8447 }, // U+017D
    { 10, 16, 151, 0, 16, 20, 8485 }, // U+017E
    { 10, 17, 104, 0, 17, 22, 8505 }, // U+017F
    { 19, 17, 305, 1, 17, 41, 8527 }, // U+01A0
    { 12, 13, 202, 1, 13, 20, 8568 }, // U+01A1
    { 19, 19, 295, 1, 19, 46, 8588 }, // U+01AF
    { 14, 15, 224, 0, 14, 27, 8634 }, // U+01B0
    { 34, 20, 543, 0, 20, 85, 8661 }, // U+01C4
    { 29, 16, 452, 0, 16, 58, 8746 }, // U+01C5
    { 22, 19, 353, 1, 18, 53, 8804 }, // U+01C6
    { 23, 21, 370, 0, 16, 61, 8857 }, // U+01C7
    { 19, 23, 320, 0, 16, 55, 8918 }, // U+01C8
    { 11, 25, 186, 0, 18, 35, 8973 }, // U+01C9
    { 29, 20, 453, -1, 16, 73, 9008 }, // U+01CA
    { 25, 23, 407, -1, 16, 72, 9081 }, // U+01CB
    { 17, 22, 291, 0, 15, 47, 9153 }, // U+01CC
    { 19, 20, 277, -1, 20, 48, 9200 }, // U+01CD
    { 10, 16, 160, 1, 16, 20, 9248 }, // U+01CE
    { 8, 20, 136, 0, 20, 20, 9268 }, // U+01CF
    { 6, 16, 98, 0, 16, 12, 9288 }, // U+01D0
    { 17, 20, 305, 1, 20, 43, 9300 }, // U+01D1
    { 11, 16, 198, 1, 16, 22, 9343 }, // U+01D2
    { 18, 20, 295, 1, 20, 45, 9365 }, // U+01D3
    { 13, 16, 211, 0, 16, 26, 9410 }, // U+01D4
    { 18, 22, 295, 1, 22, 50, 9436 }, // U+01D5
    { 13, 17, 211, 0, 17, 28, 9486 }, // U+01D6
    { 18, 23, 295, 1, 23, 52, 9514 }, // U+01D7
    { 13, 19, 211, 0, 19, 31, 9566 }, // U+01D8
    { 18, 23, 295, 1, 23, 52, 9597 }, // U+01D9
    { 13, 19, 211, 0, 19, 31, 9649 }, // U+01DA
    { 18, 23, 295, 1, 23, 52, 9680 }, // U+01DB
    { 13, 19, 211, 0, 19, 31, 9732 }, // U+01DC
    { 9, 10, 163, 1, 10, 12, 9763 }, // U+01DD
    { 18, 22, 277, -1, 22, 50, 9775 }, // U+01DE
    { 10, 17, 160, 1, 17, 22, 9825 }, // U+01DF
    { 18, 21, 277, 0, 21, 48, 9847 }, // U+01E0
    { 10, 17, 160, 1, 17, 22, 9895 }, // U+01E1
    { 22, 19, 349, -1, 19, 53, 9917 }, // U+01E2
    { 13, 14, 223, 1, 14, 23, 9970 }, // U+01E3
    { 17, 16, 292, 1, 16, 34, 9993 }, // U+01E4
    { 13, 17, 174, 0, 10, 28, 10027 }, // U+01E5
    { 17, 20, 292, 1, 20, 43, 10055 }, // U+01E6
    { 12, 23, 174, 1, 16, 35, 10098 }, // U+01E7
    { 17, 20, 272, 0, 20, 43, 10133 }, // U+01E8
    { 12, 20, 188, 0, 20, 30, 10176 }, // U+01E9
    { 17, 23, 305, 1, 16, 49, 10206 }, // U+01EA
    { 11, 17, 198, 1, 10, 24, 10255 }, // U+01EB
    { 17, 26, 305, 1, 19, 56, 10279 }, // U+01EC
    { 11, 20, 198, 1, 13, 28, 10335 }, // U+01ED
    { 12, 20, 206, 0, 20, 30, 10363 }, // U+01EE
    { 10, 23, 168, 1, 16, 29, 10393 }, // U+01EF
    { 7, 23, 90, -1, 16, 21, 10422 }, // U+01F0
    { 34, 17, 543, 0, 17, 73, 10443 }, // U+01F1
    { 29, 16, 452, 0, 16, 58, 10516 }, // U+01F2
    { 22, 19, 353, 1, 18, 53, 10574 }, // U+01F3
    { 17, 21, 292, 1, 21, 45, 10627 }, // U+01F4
    { 12, 23, 174, 1, 16, 35, 10672 }, // U+01F5
    { 23, 16, 360, 0, 16, 46, 10707 }, // U+01F6
    { 14, 20, 234, 1, 16, 35, 10753 }, // U+01F7
    { 21, 21, 317, -1, 21, 56, 10788 }, // U+01F8
    { 13, 16, 211, 0, 16, 26, 10844 }, // U+01F9
    { 18, 24, 277, 0, 24, 54, 10870 }, // U+01FA
    { 10, 19, 160, 1, 19, 24, 10924 }, // U+01FB
    { 22, 21, 349, -1, 21, 58, 10948 }, // U+01FC
    { 13, 16, 223, 1, 16, 26, 11006 }, // U+01FD
    { 17, 21, 309, 1, 21, 45, 11032 }, // U+01FE
    { 13, 16, 194, 0, 16, 26, 11077 }, // U+01FF
    { 19, 21, 277, -1, 21, 50, 11103 }, // U+0200
    { 11, 16, 160, 0, 16, 22, 11153 }, // U+0201
    { 18, 20, 277, -1, 20, 45, 11175 }, // U+0202
    { 10, 15, 160, 1, 15, 19, 11220 }, // U+0203
    { 13, 21, 226, 1, 21, 35, 11239 }, // U+0204
    { 9, 16, 156, 1, 16, 18, 11274 }, // U+0205
    { 13, 20, 226, 1, 20, 33, 11292 }, // U+0206
    { 9, 15, 156, 1, 15, 17, 11325 }, // U+0207
    { 9, 21, 136, -1, 21, 24, 11342 }, // U+0208
    { 8, 16, 98, -2, 16, 16, 11366 }, // U+0209
    { 8, 20, 136, 0, 20, 20, 11382 }, // U+020A
    { 6, 15, 98, 1, 15, 12, 11402 }, // U+020B
    { 17, 21, 305, 1, 21, 45, 11414 }, // U+020C
    { 11, 16, 198, 1, 16, 22, 11459 }, // U+020D
    { 17, 20, 305, 1, 20, 43, 11481 }, // U+020E
    { 11, 15, 198, 1, 15, 21, 11524 }, // U+020F
    { 18, 21, 285, 0, 21, 48, 11545 }, // U+0210
    { 8, 16, 134, 0, 16, 16, 11593 }, // U+0211
    { 18, 20, 285, 0, 20, 45, 11609 }, // U+0212
    { 8, 15, 134, 0, 15, 15, 11654 }, // U+0213
    { 18, 21, 295, 1, 21, 48, 11669 }, // U+0214
    { 13, 16, 211, 0, 16, 26, 11717 }, // U+0215
    { 18, 20, 295, 1, 20, 45, 11743 }, // U+0216
    { 13, 15, 211, 0, 15, 25, 11788 }, // U+0217
    { 10, 23, 186, 1, 16, 29, 11813 }, // U+0218
    { 8, 17, 129, 0, 10, 17, 11842 }, // U+0219
    { 17, 25, 268, 0, 18, 54, 11859 }, // U+021A
    { 8, 18, 126, 0, 11, 18, 11913 }, // U+021B
    { 14, 21, 210, -1, 16, 37, 11931 }, // U+021C
    { 9, 17, 168, 0, 10, 20, 11968 }, // U+021D
    { 20, 20, 324, 0, 20, 50, 11988 }, // U+021E
    { 13, 21, 206, 0, 21, 35, 12038 }, // U+021F
    { 4, 5, 0, -2, 16, 3, 12073 }, // U+0300
    { 4, 5, 0, -2, 16, 3, 12076 }, // U+0301
    { 6, 5, 0, -3, 16, 4, 12079 }, // U+0302
    { 8, 4, 0, -4, 15, 4, 12083 }, // U+0303
    { 6, 1, 0, -3, 13, 1, 12087 }, // U+0304
    { 10, 1, 0, -5, 14, 2, 12088 }, // U+0305
    { 5, 4, 0, -3, 15, 3, 12090 }, // U+0306
    { 3, 3, 0, -1, 15, 2, 12093 }, // U+0307
    { 7, 3, 0, -3, 15, 3, 12095 }, // U+0308
    { 5, 5, 0, -2, 17, 4, 12098 }, // U+0309
    { 4, 4, 0, -2, 15, 2, 12102 }, // U+030A
    { 8, 5, 0, -4, 16, 5, 12104 }, // U+030B
    { 6, 5, 0, -3, 16, 4, 12109 }, // U+030C
    { 2, 4, 0, -1, 16, 1, 12113 }, // U+030D
    { 4, 4, 0, -2, 16, 2, 12114 }, // U+030E
    { 8, 5, 0, -4, 16, 5, 12116 }, // U+030F
    { 7, 5, 0, -4, 16, 5, 12121 }, // U+0310
    { 5, 3, 0, -3, 15, 2, 12126 }, // U+0311
    { 5, 6, 0, -3, 17, 4, 12128 }, // U+0312
    { 3, 5, 0, -2, 16, 2, 12132 }, // U+0313
    { 4, 5, 0, -2, 16, 3, 12134 }, // U+0314
    { 4, 6, 0, -2, 17, 3, 12137 }, // U+0315
    { 4, 5, 0, -2, -1, 3, 12140 }, // U+0316
    { 4, 5, 0, -2, -1, 3, 12143 }, // U+0317
    { 4, 6, 0, -2, 0, 3, 12146 }, // U+0318
    { 4, 5, 0, -2, -1, 3, 12149 }, // U+0319
    { 5, 3, 0, -3, 16, 2, 12152 }, // U+031A
    { 5, 5, 0, -2, 14, 4, 12154 }, // U+031B
    { 3, 4, 0, -1, -2, 2, 12158 }, // U+031C
    { 5, 4, 0, -2, -2, 3, 12160 }, // U+031D
    { 5, 4, 0, -2, -2, 3, 12163 }, // U+031E
    { 5, 6, 0, -2, 0, 4, 12166 }, // U+031F
    { 6, 1, 0, -3, -3, 1, 12170 }, // U+0320
    { 8, 10, 0, -3, 3, 10, 12171 }, // U+0321
    { 6, 9, 0, 1, 2, 7, 12181 }, // U+0322
    { 3, 3, 0, -1, -2, 2, 12188 }, // U+0323
    { 7, 3, 0, -3, -1, 3, 12190 }, // U+0324
    { 4, 4, 0, -2, -2, 2, 12193 }, // U+0325
    { 4, 5, 0, -2, -2, 3, 12195 }, // U+0326
    { 4, 8, 0, -2, 1, 4, 12198 }, // U+0327
    { 6, 8, 0, -2, 1, 6, 12202 }, // U+0328
    { 1, 5, 0, 0, -1, 1, 12208 }, // U+0329
    { 6, 3, 0, -3, -3, 3, 12209 }, // U+032A
    { 7, 4, 0, -3, -3, 4, 12212 }, // U+032B
    { 6, 5, 0, -3, -1, 4, 12216 }, // U+032C
    { 6, 5, 0, -3, -1, 4, 12220 }, // U+032D
    { 5, 4, 0, -3, -2, 3, 12224 }, // U+032E
    { 5, 3, 0, -3, -2, 2, 12227 }, // U+032F
    { 8, 4, 0, -4, -1, 4, 12229 }, // U+0330
    { 8, 1, 0, -4, -2, 1, 12233 }, // U+0331
    { 10, 1, 0, -5, -2, 2, 12234 }, // U+0332
    { 10, 4, 0, -5, -2, 5, 12236 }, // U+0333
    { 10, 4, 0, -5, 10, 5, 12241 }, // U+0334
    { 8, 1, 0, -4, 10, 1, 12246 }, // U+0335
    { 12, 1, 0, -6, 10, 2, 12247 }, // U+0336
    { 8, 15, 0, -4, 14, 15, 12249 }, // U+0337
    { 10, 18, 0, -5, 17, 23, 12264 }, // U+0338
    { 3, 4, 0, -1, -2, 2, 12287 }, // U+0339
    { 6, 3, 0, -3, -3, 3, 12289 }, // U+033A
    { 4, 4, 0, -2, -2, 2, 12292 }, // U+033B
    { 7, 3, 0, -3, -3, 3, 12294 }, // U+033C
    { 4, 4, 0, -2, 16, 2, 12297 }, // U+033D
    { 3, 5, 0, -1, 16, 2, 12299 }, // U+033E
    { 4, 5, 0, -2, 16, 3, 12301 }, // U+0340
    { 4, 5, 0, -2, 16, 3, 12304 }, // U+0341
    { 8, 4, 0, -4, 14, 4, 12307 }, // U+0342
    { 3, 5, 0, -1, 16, 2, 12311 }, // U+0343
    { 8, 5, 0, -4, 18, 5, 12313 }, // U+0344
    { 4, 5, 0, -2, -1, 3, 12318 }, // U+0345
    { 0, 0, 0, 0, 0, 0, 12321 }, // U+034F
    { 3, 4, 0, -1, 15, 2, 12321 }, // U+0351
    { 5, 4, 0, -3, -2, 3, 12323 }, // U+0353
    { 3, 4, 0, -1, 15, 2, 12326 }, // U+0357
    { 16, 4, 0, -8, 21, 8, 12328 }, // U+035D
    { 16, 3, 0, -8, 20, 6, 12336 }, // U+0361
    { 4, 5, 0, 1, 17, 3, 12342 }, // U+0364
    { 13, 21, 226, 1, 21, 35, 12345 }, // U+0400
    { 13, 20, 226, 1, 20, 33, 12380 }, // U+0401
    { 17, 22, 300, 0, 17, 47, 12413 }, // U+0402
    { 13, 21, 207, 0, 21, 35, 12460 }, // U+0403
    { 14, 16, 261, 1, 16, 28, 12495 }, // U+0404
    { 10, 16, 186, 1, 16, 20, 12523 }, // U+0405
    { 8, 16, 136, 0, 16, 16, 12543 }, // U+0406
    { 8, 20, 136, 1, 20, 20, 12559 }, // U+0407
    { 10, 21, 136, -2, 16, 27, 12579 }, // U+0408
    { 23, 16, 380, 1, 16, 46, 12606 }, // U+0409
    { 23, 16, 387, 0, 16, 46, 12652 }, // U+040A
    { 19, 18, 305, 0, 18, 43, 12698 }, // U+040B
    { 17, 21, 264, 0, 21, 45, 12741 }, // U+040C
    { 20, 21, 321, 0, 21, 53, 12786 }, // U+040D
    { 17, 22, 255, -1, 21, 47, 12839 }, // U+040E
    { 19, 21, 317, 0, 16, 50, 12886 }, // U+040F
    { 19, 17, 277, -1, 17, 41, 12936 }, // U+0410
    { 13, 16, 235, 1, 16, 26, 12977 }, // U+0411
    { 14, 16, 235, 0, 16, 28, 13003 }, // U+0412
    { 13, 17, 207, 0, 17, 28, 13031 }, // U+0413
    { 17, 22, 282, 1, 16, 47, 13059 }, // U+0414
    { 13, 16, 226, 1, 16, 26, 13106 }, // U+0415
    { 26, 16, 393, -1, 16, 52, 13132 }, // U+0416
    { 12, 16, 204, 0, 16, 24, 13184 }, // U+0417
    { 20, 16, 321, 0, 16, 40, 13208 }, // U+0418
    { 20, 21, 321, 0, 21, 53, 13248 }, // U+0419
    { 17, 16, 264, 0, 16, 34, 13301 }, // U+041A
    { 17, 16, 284, 0, 16, 34, 13335 }, // U+041B
    { 22, 17, 360, 0, 16, 47, 13369 }, // U+041C
    { 20, 16, 324, 0, 16, 40, 13416 }, // U+041D
    { 17, 16, 305, 1, 16, 34, 13456 }, // U+041E
    { 19, 16, 331, 1, 16, 38, 13490 }, // U+041F
    { 13, 16, 221, 0, 16, 26, 13528 }, // U+0420
    { 16, 16, 284, 1, 16, 32, 13554 }, // U+0421
    { 17, 18, 268, 0, 18, 39, 13586 }, // U+0422
    { 17, 17, 255, -1, 16, 37, 13625 }, // U+0423
    { 17, 18, 305, 1, 18, 39, 13662 }, // U+0424
    { 18, 16, 283, 0, 16, 36, 13701 }, // U+0425
    { 19, 21, 311, 0, 16, 50, 13737 }, // U+0426
    { 17, 16, 271, 0, 16, 34, 13787 }, // U+0427
    { 26, 16, 414, 0, 16, 52, 13821 }, // U+0428
    { 26, 22, 414, 0, 16, 72, 13873 }, // U+0429
    { 15, 17, 262, 1, 17, 32, 13945 }, // U+042A
    { 21, 16, 350, 0, 16, 42, 13977 }, // U+042B
    { 13, 16, 227, 0, 16, 26, 14019 }, // U+042C
    { 15, 16, 260, 1, 16, 30, 14045 }, // U+042D
    { 24, 16, 411, 1, 16, 48, 14075 }, // U+042E
    { 17, 16, 268, -1, 16, 34, 14123 }, // U+042F
    { 10, 10, 160, 1, 10, 13, 14157 }, // U+0430
    { 10, 17, 189, 1, 17, 22, 14170 }, // U+0431
    { 10, 10, 170, 0, 10, 13, 14192 }, // U+0432
    { 9, 11, 142, 0, 11, 13, 14205 }, // U+0433
    { 12, 14, 182, 0, 10, 21, 14218 }, // U+0434
    { 9, 10, 156, 1, 10, 12, 14239 }, // U+0435
    { 18, 10, 280, 0, 10, 23, 14251 }, // U+0436
    { 9, 10, 153, 1, 10, 12, 14274 }, // U+0437
    { 13, 10, 211, 0, 10, 17, 14286 }, // U+0438
    { 13, 15, 211, 0, 15, 25, 14303 }, // U+0439
    { 12, 10, 191, 0, 10, 15, 14328 }, // U+043A
    { 12, 10, 192, 1, 10, 15, 14343 }, // U+043B
    { 16, 10, 250, 0, 10, 20, 14358 }, // U+043C
    { 13, 10, 208, 0, 10, 17, 14378 }, // U+043D
    { 11, 10, 198, 1, 10, 14, 14395 }, // U+043E
    { 12, 10, 201, 0, 10, 15, 14409 }, // U+043F
    { 12, 18, 208, 0, 11, 27, 14424 }, // U+0440
    { 9, 10, 163, 1, 10, 12, 14451 }, // U+0441
    { 10, 11, 164, 0, 11, 14, 14463 }, // U+0442
    { 12, 17, 175, 0, 10, 26, 14477 }, // U+0443
    { 13, 23, 234, 1, 16, 38, 14503 }, // U+0444
    { 11, 10, 172, 0, 10, 14, 14541 }, // U+0445
    { 13, 14, 206, 0, 10, 23, 14555 }, // U+0446
    { 12, 10, 179, -1, 10, 15, 14578 }, // U+0447
    { 17, 10, 277, 0, 10, 22, 14593 }, // U+0448
    { 17, 14, 277, 0, 10, 30, 14615 }, // U+0449
    { 12, 11, 191, 0, 11, 17, 14645 }, // U+044A
    { 15, 10, 244, 0, 10, 19, 14662 }, // U+044B
    { 10, 10, 162, 0, 10, 13, 14681 }, // U+044C
    { 10, 10, 163, 0, 10, 13, 14694 }, // U+044D
    { 16, 10, 264, 0, 10, 20, 14707 }, // U+044E
    { 12, 10, 179, -1, 10, 15, 14727 }, // U+044F
    { 9, 16, 156, 1, 16, 18, 14742 }, // U+0450
    { 9, 15, 156, 1, 15, 17, 14760 }, // U+0451
    { 11, 22, 195, 0, 17, 31, 14777 }, // U+0452
    { 9, 16, 142, 0, 16, 18, 14808 }, // U+0453
    { 9, 10, 165, 1, 10, 12, 14826 }, // U+0454
    { 8, 10, 129, 0, 10, 10, 14838 }, // U+0455
    { 6, 15, 98, 0, 15, 12, 14848 }, // U+0456
    { 7, 15, 98, 0, 15, 14, 14860 }, // U+0457
    { 6, 22, 90, -1, 15, 17, 14874 }, // U+0458
    { 16, 10, 248, 0, 10, 20, 14891 }, // U+0459
    { 16, 10, 258, 0, 10, 20, 14911 }, // U+045A
    { 13, 18, 208, 0, 18, 30, 14931 }, // U+045B
    { 12, 16, 191, 0, 16, 24, 14961 }, // U+045C
    { 13, 16, 211, 0, 16, 26, 14985 }, // U+045D
    { 12, 22, 175, 0, 15, 33, 15011 }, // U+045E
    { 12, 14, 200, 0, 10, 21, 15044 }, // U+045F
    { 16, 17, 267, 0, 17, 34, 15065 }, // U+0462
    { 12, 18, 187, 0, 18, 27, 15099 }, // U+0463
    { 26, 16, 385, -1, 16, 52, 15126 }, // U+046A
    { 18, 10, 272, 0, 10, 23, 15178 }, // U+046B
    { 20, 16, 298, -1, 16, 40, 15201 }, // U+0470
    { 17, 16, 305, 1, 16, 34, 15241 }, // U+0472
    { 11, 10, 198, 1, 10, 14, 15275 }, // U+0473
    { 17, 17, 258, 0, 16, 37, 15289 }, // U+0474
    { 12, 11, 183, 0, 10, 17, 15326 }, // U+0475
    { 17, 22, 258, 0, 21, 47, 15343 }, // U+0476
    { 12, 17, 183, 0, 16, 26, 15390 }, // U+0477
    { 20, 26, 321, 0, 21, 65, 15416 }, // U+048A
    { 13, 19, 211, 0, 15, 31, 15481 }, // U+048B
    { 14, 17, 235, 0, 17, 30, 15512 }, // U+048C
    { 12, 18, 187, 0, 18, 27, 15542 }, // U+048D
    { 13, 16, 221, 0, 16, 26, 15569 }, // U+048E
    { 12, 18, 208, 0, 11, 27, 15595 }, // U+048F
    { 12, 19, 202, 0, 19, 29, 15622 }, // U+0490
    { 9, 13, 140, 0, 13, 15, 15651 }, // U+0491
    { 13, 17, 207, 0, 17, 28, 15666 }, // U+0492
    { 10, 11, 142, -1, 11, 14, 15694 }, // U+0493
    { 14, 22, 256, 1, 17, 39, 15708 }, // U+0494
    { 11, 18, 180, 0, 11, 25, 15747 }, // U+0495
    { 26, 21, 392, -1, 16, 69, 15772 }, // U+0496
    { 18, 13, 280, 0, 10, 30, 15841 }, // U+0497
    { 12, 23, 204, 0, 16, 35, 15871 }, // U+0498
    { 9, 17, 153, 0, 10, 20, 15906 }, // U+0499
    { 16, 21, 264, 0, 16, 42, 15926 }, // U+049A
    { 12, 13, 191, 0, 10, 20, 15968 }, // U+049B
    { 18, 16, 288, 0, 16, 36, 15988 }, // U+049C
    { 13, 10, 206, 0, 10, 17, 16024 }, // U+049D
    { 18, 17, 280, 0, 17, 39, 16041 }, // U+049E
    { 14, 18, 217, 0, 18, 32, 16080 }, // U+049F
    { 19, 17, 298, 1, 17, 41, 16112 }, // U+04A0
    { 14, 11, 225, 0, 11, 20, 16153 }, // U+04A1
    { 20, 21, 324, 0, 16, 53, 16173 }, // U+04A2
    { 13, 13, 208, 0, 10, 22, 16226 }, // U+04A3
    { 24, 17, 387, 0, 17, 51, 16248 }, // U+04A4
    { 15, 11, 250, 0, 11, 21, 16299 }, // U+04A5
    { 24, 21, 412, 1, 16, 63, 16320 }, // U+04A6
    { 17, 17, 292, 0, 10, 37, 16383 }, // U+04A7
    { 17, 16, 294, 1, 16, 34, 16420 }, // U+04A8
    { 13, 10, 207, 1, 10, 17, 16454 }, // U+04A9
    { 16, 23, 284, 1, 16, 46, 16471 }, // U+04AA
    { 9, 17, 163, 1, 10, 20, 16517 }, // U+04AB
    { 17, 23, 268, 0, 18, 49, 16537 }, // U+04AC
    { 10, 14, 164, 0, 11, 18, 16586 }, // U+04AD
    { 17, 16, 231, 0, 16, 34, 16604 }, // U+04AE
    { 12, 17, 175, 0, 10, 26, 16638 }, // U+04AF
    { 17, 16, 231, 0, 16, 34, 16664 }, // U+04B0
    { 12, 17, 175, 0, 10, 26, 16698 }, // U+04B1
    { 18, 21, 283, 0, 16, 48, 16724 }, // U+04B2
    { 11, 14, 172, 0, 10, 20, 16772 }, // U+04B3
    { 21, 23, 354, 0, 18, 61, 16792 }, // U+04B4
    { 15, 15, 236, 0, 11, 29, 16853 }, // U+04B5
    { 17, 21, 271, 0, 16, 45, 16882 }, // U+04B6
    { 12, 13, 179, -1, 10, 20, 16927 }, // U+04B7
    { 17, 16, 274, 0, 16, 34, 16947 }, // U+04B8
    { 12, 10, 191, -1, 10, 15, 16981 }, // U+04B9
    { 16, 16, 264, 1, 16, 32, 16996 }, // U+04BA
    { 13, 18, 206, 0, 18, 30, 17028 }, // U+04BB
    { 19, 16, 320, 1, 16, 38, 17058 }, // U+04BC
    { 12, 11, 190, 0, 11, 17, 17096 }, // U+04BD
    { 19, 23, 320, 1, 20, 55, 17113 }, // U+04BE
    { 12, 18, 188, 0, 15, 27, 17168 }, // U+04BF
    { 8, 16, 136, 0, 16, 16, 17195 }, // U+04C0
    { 26, 21, 393, -1, 21, 69, 17211 }, // U+04C1
    { 18, 16, 280, 0, 16, 36, 17280 }, // U+04C2
    { 15, 21, 260, 0, 16, 40, 17316 }, // U+04C3
    { 11, 17, 188, 0, 10, 24, 17356 }, // U+04C4
    { 17, 21, 284, 0, 16, 45, 17380 }, // U+04C5
    { 12, 13, 192, 1, 10, 20, 17425 }, // U+04C6
    { 20, 22, 323, 0, 16, 55, 17445 }, // U+04C7
    { 13, 17, 207, 0, 10, 28, 17500 }, // U+04C8
    { 20, 21, 324, 0, 16, 53, 17528 }, // U+04C9
    { 13, 14, 208, 0, 10, 23, 17581 }, // U+04CA
    { 17, 21, 271, 0, 16, 45, 17604 }, // U+04CB
    { 12, 13, 179, -1, 10, 20, 17649 }, // U+04CC
    { 22, 21, 360, 0, 16, 58, 17669 }, // U+04CD
    { 16, 13, 250, 0, 10, 26, 17727 }, // U+04CE
    { 6, 18, 96, 0, 18, 14, 17753 }, // U+04CF
    { 19, 21, 277, -1, 21, 50, 17767 }, // U+04D0
    { 10, 16, 160, 1, 16, 20, 17817 }, // U+04D1
    { 18, 20, 277, -1, 20, 45, 17837 }, // U+04D2
    { 10, 15, 160, 1, 15, 19, 17882 }, // U+04D3
    { 22, 16, 349, -1, 16, 44, 17901 }, // U+04D4
    { 13, 10, 223, 1, 10, 17, 17945 }, // U+04D5
    { 13, 21, 226, 1, 21, 35, 17962 }, // U+04D6
    { 9, 16, 156, 1, 16, 18, 17997 }, // U+04D7
    { 15, 16, 266, 1, 16, 30, 18015 }, // U+04D8
    { 9, 10, 161, 1, 10, 12, 18045 }, // U+04D9
    { 15, 20, 266, 1, 20, 38, 18057 }, // U+04DA
    { 9, 15, 161, 1, 15, 17, 18095 }, // U+04DB
    { 26, 20, 393, 0, 20, 65, 18112 }, // U+04DC
    { 18, 15, 280, 0, 15, 34, 18177 }, // U+04DD
    { 12, 20, 204, 0, 20, 30, 18211 }, // U+04DE
    { 8, 15, 153, 0, 15, 15, 18241 }, // U+04DF
    { 12, 17, 206, 0, 17, 26, 18256 }, // U+04E0
    { 10, 18, 168, 1, 11, 23, 18282 }, // U+04E1
    { 20, 19, 321, 0, 19, 48, 18305 }, // U+04E2
    { 13, 13, 211, 0, 13, 22, 18353 }, // U+04E3
    { 20, 20, 321, 0, 20, 50, 18375 }, // U+04E4
    { 13, 15, 211, 0, 15, 25, 18425 }, // U+04E5
    { 17, 20, 305, 1, 20, 43, 18450 }, // U+04E6
    { 11, 15, 198, 1, 15, 21, 18493 }, // U+04E7
    { 17, 16, 305, 1, 16, 34, 18514 }, // U+04E8
    { 11, 10, 198, 1, 10, 14, 18548 }, // U+04E9
    { 17, 20, 305, 1, 20, 43, 18562 }, // U+04EA
    { 11, 15, 198, 1, 15, 21, 18605 }, // U+04EB
    { 15, 20, 260, 1, 20, 38, 18626 }, // U+04EC
    { 10, 15, 163, 0, 15, 19, 18664 }, // U+04ED
    { 17, 20, 255, -1, 19, 43, 18683 }, // U+04EE
    { 12, 20, 175, 0, 13, 30, 18726 }, // U+04EF
    { 17, 21, 255, -1, 20, 45, 18756 }, // U+04F0
    { 12, 22, 175, 0, 15, 33, 18801 }, // U+04F1
    { 17, 22, 255, -1, 21, 47, 18834 }, // U+04F2
    { 12, 23, 175, 0, 16, 35, 18881 }, // U+04F3
    { 17, 20, 271, 0, 20, 43, 18916 }, // U+04F4
    { 12, 15, 179, -1, 15, 23, 18959 }, // U+04F5
    { 13, 22, 207, 0, 17, 36, 18982 }, // U+04F6
    { 9, 14, 142, 0, 11, 16, 19018 }, // U+04F7
    { 21, 20, 350, 0, 20, 53, 19034 }, // U+04F8
    { 15, 15, 244, 0, 15, 29, 19087 }, // U+04F9
    { 15, 22, 207, -2, 17, 42, 19116 }, // U+04FA
    { 10, 18, 145, -1, 11, 23, 19158 }, // U+04FB
    { 18, 23, 283, -1, 16, 52, 19181 }, // U+04FC
    { 11, 17, 169, 0, 10, 24, 19233 }, // U+04FD
    { 18, 16, 291, 0, 16, 36, 19257 }, // U+04FE
    { 11, 10, 180, 0, 10, 14, 19293 }, // U+04FF
    { 15, 15, 251, 0, 15, 29, 19307 }, // U+05D0
    { 13, 15, 222, 0, 15, 25, 19336 }, // U+05D1
    { 9, 16, 154, 0, 15, 18, 19361 }, // U+05D2
    { 13, 15, 213, 0, 15, 25, 19379 }, // U+05D3
    { 14, 15, 248, 1, 15, 27, 19404 }, // U+05D4
    { 7, 15, 125, 0, 15, 14, 19431 }, // U+05D5
    { 8, 15, 136, 1, 15, 15, 19445 }, // U+05D6
    { 15, 15, 260, 0, 15, 29, 19460 }, // U+05D7
    { 14, 15, 249, 1, 15, 27, 19489 }, // U+05D8
    { 7, 9, 123, 0, 15, 8, 19516 }, // U+05D9
    { 12, 20, 214, 1, 15, 30, 19524 }, // U+05DA
    { 12, 15, 200, 0, 15, 23, 19554 }, // U+05DB
    { 12, 20, 208, 1, 20, 30, 19577 }, // U+05DC
    { 15, 15, 266, 0, 15, 29, 19607 }, // U+05DD
    { 16, 15, 262, 1, 15, 30, 19636 }, // U+05DE
    { 7, 20, 132, 0, 15, 18, 19666 }, // U+05DF
    { 8, 15, 151, 1, 15, 15, 19684 }, // U+05E0
    { 15, 15, 255, 1, 15, 29, 19699 }, // U+05E1
    { 14, 17, 236, 0, 16, 30, 19728 }, // U+05E2
    { 13, 20, 246, 1, 15, 33, 19758 }, // U+05E3
    { 13, 15, 238, 1, 15, 25, 19791 }, // U+05E4
    { 13, 20, 216, 0, 15, 33, 19816 }, // U+05E5
    { 13, 15, 223, 0, 15, 25, 19849 }, // U+05E6
    { 14, 20, 248, 1, 15, 35, 19874 }, // U+05E7
    { 12, 15, 205, 0, 15, 23, 19909 }, // U+05E8
    { 16, 15, 293, 1, 15, 30, 19932 }, // U+05E9
    { 15, 15, 270, 0, 15, 29, 19962 }, // U+05EA
    { 19, 22, 277, -1, 17, 53, 19991 }, // U+1EA0
    { 10, 14, 160, 1, 10, 18, 20044 }, // U+1EA1
    { 19, 21, 277, -1, 21, 50, 20062 }, // U+1EA2
    { 10, 16, 160, 1, 16, 20, 20112 }, // U+1EA3
    { 19, 21, 277, -1, 21, 50, 20132 }, // U+1EA4
    { 10, 17, 160, 1, 17, 22, 20182 }, // U+1EA5
    { 19, 21, 277, -1, 21, 50, 20204 }, // U+1EA6
    { 11, 17, 160, 0, 17, 24, 20254 }, // U+1EA7
    { 19, 22, 277, -1, 22, 53, 20278 }, // U+1EA8
    { 10, 17, 160, 1, 17, 22, 20331 }, // U+1EA9
    { 19, 23, 277, -1, 23, 55, 20353 }, // U+1EAA
    { 10, 19, 160, 1, 19, 24, 20408 }, // U+1EAB
    { 19, 25, 277, -1, 20, 60, 20432 }, // U+1EAC
    { 10, 20, 160, 1, 16, 25, 20492 }, // U+1EAD
    { 18, 22, 277, -1, 22, 50, 20517 }, // U+1EAE
    { 10, 18, 160, 1, 18, 23, 20567 }, // U+1EAF
    { 18, 22, 277, -1, 22, 50, 20590 }, // U+1EB0
    { 10, 18, 160, 1, 18, 23, 20640 }, // U+1EB1
    { 18, 23, 277, -1, 23, 52, 20663 }, // U+1EB2
    { 10, 17, 160, 1, 17, 22, 20715 }, // U+1EB3
    { 18, 24, 277, -1, 24, 54, 20737 }, // U+1EB4
    { 10, 17, 160, 1, 17, 22, 20791 }, // U+1EB5
    { 18, 25, 277, -1, 20, 57, 20813 }, // U+1EB6
    { 10, 19, 160, 1, 15, 24, 20870 }, // U+1EB7
    { 13, 21, 226, 1, 16, 35, 20894 }, // U+1EB8
    { 9, 15, 156, 1, 10, 17, 20929 }, // U+1EB9
    { 13, 21, 226, 1, 21, 35, 20946 }, // U+1EBA
    { 9, 16, 156, 1, 16, 18, 20981 }, // U+1EBB
    { 13, 20, 226, 1, 20, 33, 20999 }, // U+1EBC
    { 9, 15, 156, 1, 15, 17, 21032 }, // U+1EBD
    { 13, 21, 214, 1, 21, 35, 21049 }, // U+1EBE
    { 10, 17, 156, 1, 17, 22, 21084 }, // U+1EBF
    { 14, 21, 214, 0, 21, 37, 21106 }, // U+1EC0
    { 10, 17, 156, 0, 17, 22, 21143 }, // U+1EC1
    { 13, 22, 214, 1, 22, 36, 21165 }, // U+1EC2
    { 9, 17, 156, 1, 17, 20, 21201 }, // U+1EC3
    { 13, 23, 214, 1, 23, 38, 21221 }, // U+1EC4
    { 9, 19, 156, 1, 19, 22, 21259 }, // U+1EC5
    { 13, 25, 226, 1, 20, 41, 21281 }, // U+1EC6
    { 9, 21, 156, 1, 16, 24, 21322 }, // U+1EC7
    { 8, 21, 136, 0, 21, 21, 21346 }, // U+1EC8
    { 6, 16, 98, 0, 16, 12, 21367 }, // U+1EC9
    { 8, 21, 136, 0, 16, 21, 21379 }, // U+1ECA
    { 6, 20, 98, 0, 15, 15, 21400 }, // U+1ECB
    { 17, 21, 305, 1, 16, 45, 21415 }, // U+1ECC
    { 11, 15, 198, 1, 10, 21, 21460 }, // U+1ECD
    { 17, 21, 305, 1, 21, 45, 21481 }, // U+1ECE
    { 11, 16, 198, 1, 16, 22, 21526 }, // U+1ECF
    { 17, 21, 305, 1, 21, 45, 21548 }, // U+1ED0
    { 11, 17, 198, 1, 17, 24, 21593 }, // U+1ED1
    { 17, 21, 305, 1, 21, 45, 21617 }, // U+1ED2
    { 11, 17, 198, 1, 17, 24, 21662 }, // U+1ED3
    { 17, 22, 305, 1, 22, 47, 21686 }, // U+1ED4
    { 11, 17, 198, 1, 17, 24, 21733 }, // U+1ED5
    { 17, 23, 305, 1, 23, 49, 21757 }, // U+1ED6
    { 11, 18, 198, 1, 18, 25, 21806 }, // U+1ED7
    { 17, 25, 305, 1, 20, 54, 21831 }, // U+1ED8
    { 11, 21, 198, 1, 16, 29, 21885 }, // U+1ED9
    { 19, 21, 305, 1, 21, 50, 21914 }, // U+1EDA
    { 12, 16, 202, 1, 16, 24, 21964 }, // U+1EDB
    { 19, 21, 305, 1, 21, 50, 21988 }, // U+1EDC
    { 12, 16, 202, 1, 16, 24, 22038 }, // U+1EDD
    { 19, 21, 305, 1, 21, 50, 22062 }, // U+1EDE
    { 12, 16, 202, 1, 16, 24, 22112 }, // U+1EDF
    { 19, 21, 305, 1, 21, 50, 22136 }, // U+1EE0
    { 12, 15, 202, 1, 15, 23, 22186 }, // U+1EE1
    { 19, 22, 305, 1, 17, 53, 22209 }, // U+1EE2
    { 12, 18, 202, 1, 13, 27, 22262 }, // U+1EE3
    { 18, 21, 295, 1, 16, 48, 22289 }, // U+1EE4
    { 13, 14, 211, 0, 10, 23, 22337 }, // U+1EE5
    { 18, 21, 295, 1, 21, 48, 22360 }, // U+1EE6
    { 13, 16, 211, 0, 16, 26, 22408 }, // U+1EE7
    { 19, 21, 295, 1, 21, 50, 22434 }, // U+1EE8
    { 14, 17, 224, 0, 16, 30, 22484 }, // U+1EE9
    { 19, 21, 295, 1, 21, 50, 22514 }, // U+1EEA
    { 14, 17, 224, 0, 16, 30, 22564 }, // U+1EEB
    { 19, 21, 295, 1, 21, 50, 22594 }, // U+1EEC
    { 14, 17, 224, 0, 16, 30, 22644 }, // U+1EED
    { 19, 21, 295, 1, 21, 50, 22674 }, // U+1EEE
    { 14, 16, 224, 0, 15, 28, 22724 }, // U+1EEF
    { 19, 24, 295, 1, 19, 57, 22752 }, // U+1EF0
    { 14, 19, 224, 0, 14, 34, 22809 }, // U+1EF1
    { 17, 21, 231, 0, 21, 45, 22843 }, // U+1EF2
    { 12, 23, 175, 0, 16, 35, 22888 }, // U+1EF3
    { 17, 21, 231, -1, 16, 45, 22923 }, // U+1EF4
    { 11, 17, 175, 0, 10, 24, 22968 }, // U+1EF5
    { 17, 21, 231, 0, 21, 45, 22992 }, // U+1EF6
    { 12, 23, 175, 0, 16, 35, 23037 }, // U+1EF7
    { 17, 20, 231, 0, 20, 43, 23072 }, // U+1EF8
    { 12, 22, 175, 0, 15, 33, 23115 }, // U+1EF9
    { 0, 0, 200, 0, 0, 0, 23148 }, // U+2000
    { 0, 0, 400, 0, 0, 0, 23148 }, // U+2001
    { 0, 0, 200, 0, 0, 0, 23148 }, // U+2002
    { 0, 0, 400, 0, 0, 0, 23148 }, // U+2003
    { 0, 0, 133, 0, 0, 0, 23148 }, // U+2004
    { 0, 0, 100, 0, 0, 0, 23148 }, // U+2005
    { 0, 0, 66, 0, 0, 0, 23148 }, // U+2006
    { 0, 0, 211, 0, 0, 0, 23148 }, // U+2007
    { 0, 0, 91, 0, 0, 0, 23148 }, // U+2008
    { 0, 0, 40, 0, 0, 0, 23148 }, // U+2009
    { 0, 0, 4, 0, 0, 0, 23148 }, // U+200A
    { 0, 0, 0, 0, 0, 0, 23148 }, // U+200B
    { 0, 0, 0, 0, 0, 0, 23148 }, // U+200C
    { 0, 0, 0, 0, 0, 0, 23148 }, // U+200D
    { 0, 0, 133, 0, 0, 0, 23148 }, // U+200E
    { 0, 0, 133, 0, 0, 0, 23148 }, // U+200F
    { 7, 3, 110, 0, 7, 3, 23148 }, // U+2010
    { 7, 3, 110, 0, 7, 3, 23151 }, // U+2011
    { 13, 2, 211, 0, 6, 4, 23154 }, // U+2012
    { 12, 1, 220, 1, 6, 2, 23158 }, // U+2013
    { 22, 1, 380, 1, 6, 3, 23160 }, // U+2014
    { 48, 1, 800, 1, 6, 6, 23163 }, // U+2015
    { 5, 25, 162, 2, 18, 16, 23169 }, // U+2016
    { 5, 7, 97, 0, 17, 5, 23185 }, // U+2018
    { 4, 7, 97, 1, 17, 4, 23190 }, // U+2019
    { 4, 7, 97, 1, 4, 4, 23194 }, // U+201A
    { 9, 7, 167, 0, 17, 8, 23198 }, // U+201C
    { 8, 7, 167, 1, 17, 7, 23206 }, // U+201D
    { 8, 7, 167, 1, 4, 7, 23213 }, // U+201E
    { 9, 20, 176, 1, 16, 23, 23220 }, // U+2020
    { 9, 19, 176, 1, 16, 22, 23243 }, // U+2021
    { 6, 6, 139, 1, 12, 5, 23265 }, // U+2022
    { 3, 3, 92, 1, 3, 2, 23270 }, // U+2024
    { 9, 3, 183, 1, 3, 4, 23272 }, // U+2025
    { 15, 3, 274, 1, 3, 6, 23276 }, // U+2026
    { 3, 2, 71, 1, 10, 1, 23282 }, // U+2027
    { 0, 0, 0, 0, 0, 0, 23283 }, // U+202A
    { 25, 17, 385, 1, 16, 54, 23283 }, // U+2030
    { 3, 6, 71, 1, 16, 3, 23337 }, // U+2032
    { 6, 6, 126, 1, 16, 5, 23340 }, // U+2033
    { 10, 6, 182, 1, 16, 8, 23345 }, // U+2034
    { 3, 6, 71, 0, 16, 3, 23353 }, // U+2035
    { 7, 6, 126, 0, 16, 6, 23356 }, // U+2036
    { 10, 6, 182, 0, 16, 8, 23362 }, // U+2037
    { 8, 9, 154, 1, 10, 9, 23370 }, // U+2039
    { 8, 9, 154, 1, 10, 9, 23379 }, // U+203A
    { 8, 16, 178, 2, 16, 16, 23388 }, // U+203C
    { 6, 16, 152, 2, 16, 12, 23404 }, // U+203D
    { 11, 1, 200, 1, 15, 2, 23416 }, // U+203E
    { 13, 18, 20, -6, 16, 30, 23418 }, // U+2044
    { 13, 16, 264, 1, 16, 26, 23448 }, // U+2047
    { 11, 16, 216, 1, 16, 22, 23474 }, // U+2048
    { 11, 16, 234, 2, 16, 22, 23496 }, // U+2049
    { 14, 23, 238, 0, 16, 41, 23518 }, // U+204B
    { 8, 7, 136, 1, 7, 7, 23559 }, // U+204E
    { 13, 6, 237, 1, 16, 10, 23566 }, // U+2057
    { 0, 0, 0, 0, 0, 0, 23576 }, // U+2060
    { 7, 9, 120, 1, 20, 8, 23576 }, // U+2070
    { 5, 10, 81, 0, 17, 7, 23584 }, // U+2071
    { 9, 9, 120, -1, 20, 11, 23591 }, // U+2074
    { 6, 9, 120, 1, 20, 7, 23602 }, // U+2075
    { 6, 10, 120, 1, 21, 8, 23609 }, // U+2076
    { 8, 8, 120, 0, 19, 8, 23617 }, // U+2077
    { 6, 9, 120, 1, 20, 7, 23625 }, // U+2078
    { 6, 9, 120, 1, 20, 7, 23632 }, // U+2079
    { 9, 8, 160, 0, 19, 9, 23639 }, // U+207A
    { 9, 1, 152, 0, 15, 2, 23648 }, // U+207B
    { 8, 3, 160, 1, 17, 3, 23650 }, // U+207C
    { 4, 14, 82, 1, 22, 7, 23653 }, // U+207D
    { 5, 14, 82, 0, 21, 9, 23660 }, // U+207E
    { 10, 7, 151, 0, 14, 9, 23669 }, // U+207F
    { 7, 9, 120, 1, 5, 8, 23678 }, // U+2080
    { 6, 9, 104, 1, 5, 7, 23686 }, // U+2081
    { 7, 8, 120, 0, 4, 7, 23693 }, // U+2082
    { 6, 9, 114, 1, 5, 7, 23700 }, // U+2083
    { 9, 10, 120, -1, 6, 12, 23707 }, // U+2084
    { 6, 9, 120, 1, 5, 7, 23719 }, // U+2085
    { 6, 10, 120, 1, 6, 8, 23726 }, // U+2086
    { 8, 8, 120, 0, 4, 8, 23734 }, // U+2087
    { 6, 9, 120, 1, 5, 7, 23742 }, // U+2088
    { 6, 9, 120, 1, 5, 7, 23749 }, // U+2089
    { 9, 8, 160, 0, 4, 9, 23756 }, // U+208A
    { 9, 1, 150, 0, 1, 2, 23765 }, // U+208B
    { 8, 4, 160, 1, 3, 4, 23767 }, // U+208C
    { 4, 14, 82, 1, 7, 7, 23771 }, // U+208D
    { 5, 14, 82, 0, 7, 9, 23778 }, // U+208E
    { 7, 6, 120, 0, 2, 6, 23787 }, // U+2090
    { 6, 6, 104, 1, 2, 5, 23793 }, // U+2091
    { 7, 7, 124, 1, 2, 7, 23798 }, // U+2092
    { 8, 6, 120, 0, 2, 6, 23805 }, // U+2093
    { 6, 7, 104, 1, 2, 6, 23811 }, // U+2094
    { 10, 11, 151, 0, 7, 14, 23817 }, // U+2095
    { 8, 11, 141, 1, 7, 11, 23831 }, // U+2096
    { 5, 11, 81, 0, 7, 7, 23842 }, // U+2097
    { 12, 7, 215, 1, 3, 11, 23849 }, // U+2098
    { 10, 7, 151, 0, 3, 9, 23860 }, // U+2099
    { 9, 11, 139, 0, 4, 13, 23869 }, // U+209A
    { 5, 7, 92, 0, 4, 5, 23882 }, // U+209B
    { 5, 8, 92, 0, 4, 5, 23887 }, // U+209C
    { 16, 21, 284, 1, 19, 42, 23892 }, // U+20A1
    { 12, 16, 205, 0, 16, 24, 23934 }, // U+20A3
    { 13, 16, 196, -1, 16, 26, 23958 }, // U+20A4
    { 14, 17, 240, 1, 13, 30, 23984 }, // U+20A5
    { 22, 16, 330, -1, 16, 44, 24014 }, // U+20A6
    { 15, 16, 248, 0, 16, 30, 24058 }, // U+20A7
    { 21, 16, 348, 0, 16, 42, 24088 }, // U+20A8
    { 24, 17, 366, 0, 16, 51, 24130 }, // U+20A9
    { 16, 15, 321, 2, 15, 30, 24181 }, // U+20AA
    { 12, 19, 187, 1, 17, 29, 24211 }, // U+20AB
    { 18, 16, 283, -1, 16, 36, 24240 }, // U+20AC
    { 17, 16, 272, 0, 16, 34, 24276 }, // U+20AD
    { 17, 18, 268, 0, 18, 39, 24310 }, // U+20AE
    { 15, 16, 240, 0, 16, 30, 24349 }, // U+20B1
    { 17, 20, 292, 1, 18, 43, 24379 }, // U+20B2
    { 13, 16, 204, 0, 16, 26, 24422 }, // U+20B4
    { 16, 20, 284, 1, 18, 40, 24448 }, // U+20B5
    { 14, 16, 232, 1, 16, 28, 24488 }, // U+20B8
    { 12, 18, 190, 0, 17, 27, 24516 }, // U+20B9
    { 12, 16, 198, 0, 16, 24, 24543 }, // U+20BA
    { 18, 17, 295, 0, 17, 39, 24567 }, // U+20BC
    { 13, 16, 221, 0, 16, 26, 24606 }, // U+20BD
    { 23, 10, 400, 1, 12, 29, 24632 }, // U+2190
    { 10, 21, 176, 0, 17, 27, 24661 }, // U+2191
    { 23, 10, 400, 1, 12, 29, 24688 }, // U+2192
    { 10, 21, 175, 0, 16, 27, 24717 }, // U+2193
    { 23, 10, 400, 1, 12, 29, 24744 }, // U+2194
    { 10, 21, 160, 0, 16, 27, 24773 }, // U+2195
    { 19, 18, 320, 1, 14, 43, 24800 }, // U+2196
    { 19, 17, 324, 1, 13, 41, 24843 }, // U+2197
    { 19, 18, 320, 1, 14, 43, 24884 }, // U+2198
    { 19, 18, 324, 1, 14, 43, 24927 }, // U+2199
    { 23, 18, 400, 1, 16, 52, 24970 }, // U+219A
    { 23, 18, 400, 1, 16, 52, 25022 }, // U+219B
    { 23, 10, 400, 1, 12, 29, 25074 }, // U+219E
    { 10, 21, 175, 0, 17, 27, 25103 }, // U+219F
    { 23, 10, 400, 1, 12, 29, 25130 }, // U+21A0
    { 10, 21, 175, 0, 16, 27, 25159 }, // U+21A1
    { 21, 10, 368, 1, 12, 27, 25186 }, // U+21A2
    { 23, 18, 400, 1, 16, 52, 25213 }, // U+21AE
    { 23, 10, 400, 1, 13, 29, 25265 }, // U+21D0
    { 11, 21, 175, 0, 17, 29, 25294 }, // U+21D1
    { 23, 10, 400, 1, 13, 29, 25323 }, // U+21D2
    { 11, 21, 175, 0, 16, 29, 25352 }, // U+21D3
    { 23, 10, 400, 1, 12, 29, 25381 }, // U+21DA
    { 23, 10, 400, 1, 12, 29, 25410 }, // U+21DB
    { 12, 18, 195, 0, 18, 27, 25439 }, // U+2202
    { 15, 19, 276, 1, 16, 36, 25466 }, // U+2205
    { 16, 17, 270, 0, 17, 34, 25502 }, // U+2206
    { 15, 18, 270, 1, 17, 34, 25536 }, // U+2207
    { 20, 18, 331, 0, 17, 45, 25570 }, // U+220F
    { 19, 18, 331, 1, 17, 43, 25615 }, // U+2210
    { 13, 20, 196, -1, 17, 33, 25658 }, // U+2211
    { 13, 2, 240, 1, 7, 4, 25691 }, // U+2212
    { 13, 15, 236, 1, 15, 25, 25695 }, // U+2213
    { 10, 19, 160, 0, 17, 24, 25720 }, // U+2215
    { 10, 19, 160, 0, 17, 24, 25744 }, // U+2216
    { 3, 3, 80, 1, 7, 2, 25768 }, // U+2219
    { 13, 21, 144, 0, 18, 35, 25770 }, // U+221A
    { 17, 10, 300, 1, 10, 22, 25805 }, // U+221E
    { 2, 26, 104, 2, 18, 7, 25827 }, // U+2223
    { 10, 26, 104, -2, 18, 33, 25834 }, // U+2224
    { 5, 26, 152, 2, 18, 17, 25867 }, // U+2225
    { 9, 26, 152, 0, 18, 30, 25884 }, // U+2226
    { 14, 22, 125, -4, 17, 39, 25914 }, // U+222B
    { 3, 9, 99, 2, 9, 4, 25953 }, // U+2236
    { 11, 4, 200, 1, 10, 6, 25957 }, // U+223C
    { 11, 14, 200, 1, 15, 20, 25963 }, // U+2241
    { 11, 8, 200, 1, 11, 11, 25983 }, // U+2248
    { 12, 14, 226, 1, 13, 21, 25994 }, // U+2260
    { 13, 14, 236, 1, 13, 23, 26015 }, // U+2264
    { 13, 14, 236, 1, 13, 23, 26038 }, // U+2265
    { 20, 13, 343, 1, 12, 33, 26061 }, // U+226A
    { 20, 13, 343, 1, 12, 33, 26094 }, // U+226B
    { 12, 17, 224, 1, 14, 26, 26127 }, // U+226E
    { 12, 17, 224, 1, 14, 26, 26153 }, // U+226F
    { 3, 3, 80, 1, 7, 2, 26179 }, // U+22C5
    { 14, 3, 248, 1, 7, 6, 26181 }, // U+22EF
    { 17, 17, 230, 0, 17, 37, 26187 }, // U+FB00
    { 13, 17, 207, 0, 17, 28, 26224 }, // U+FB01
    { 12, 17, 202, 0, 17, 26, 26252 }, // U+FB02
    { 19, 17, 310, 0, 17, 41, 26278 }, // U+FB03
    { 19, 17, 304, 0, 17, 41, 26319 }, // U+FB04
    { 15, 17, 238, 0, 17, 32, 26360 }, // U+FB05
    { 15, 16, 248, 0, 16, 30, 26392 }, // U+FB06
    { 19, 19, 302, 0, 18, 46, 26422 }, // U+FFFD
};

static const EpdUnicodeInterval ebgaramond_12_regularIntervals[] = {
    { 0x0, 0x0, 0x0 },
    { 0xD, 0xD, 0x1 },
    { 0x20, 0x7E, 0x2 },
    { 0xA0, 0x17F, 0x61 },
    { 0x1A0, 0x1A1, 0x141 },
    { 0x1AF, 0x1B0, 0x143 },
    { 0x1C4, 0x21F, 0x145 },
    { 0x300, 0x33E, 0x1A1 },
    { 0x340, 0x345, 0x1E0 },
    { 0x34F, 0x34F, 0x1E6 },
    { 0x351, 0x351, 0x1E7 },
    { 0x353, 0x353, 0x1E8 },
    { 0x357, 0x357, 0x1E9 },
    { 0x35D, 0x35D, 0x1EA },
    { 0x361, 0x361, 0x1EB },
    { 0x364, 0x364, 0x1EC },
    { 0x400, 0x45F, 0x1ED },
    { 0x462, 0x463, 0x24D },
    { 0x46A, 0x46B, 0x24F },
    { 0x470, 0x470, 0x251 },
    { 0x472, 0x477, 0x252 },
    { 0x48A, 0x4FF, 0x258 },
    { 0x5D0, 0x5EA, 0x2CE },
    { 0x1EA0, 0x1EF9, 0x2E9 },
    { 0x2000, 0x2016, 0x343 },
    { 0x2018, 0x201A, 0x35A },
    { 0x201C, 0x201E, 0x35D },
    { 0x2020, 0x2022, 0x360 },
    { 0x2024, 0x2027, 0x363 },
    { 0x202A, 0x202A, 0x367 },
    { 0x2030, 0x2030, 0x368 },
    { 0x2032, 0x2037, 0x369 },
    { 0x2039, 0x203A, 0x36F },
    { 0x203C, 0x203E, 0x371 },
    { 0x2044, 0x2044, 0x374 },
    { 0x2047, 0x2049, 0x375 },
    { 0x204B, 0x204B, 0x378 },
    { 0x204E, 0x204E, 0x379 },
    { 0x2057, 0x2057, 0x37A },
    { 0x2060, 0x2060, 0x37B },
    { 0x2070, 0x2071, 0x37C },
    { 0x2074, 0x208E, 0x37E },
    { 0x2090, 0x209C, 0x399 },
    { 0x20A1, 0x20A1, 0x3A6 },
    { 0x20A3, 0x20AE, 0x3A7 },
    { 0x20B1, 0x20B2, 0x3B3 },
    { 0x20B4, 0x20B5, 0x3B5 },
    { 0x20B8, 0x20BA, 0x3B7 },
    { 0x20BC, 0x20BD, 0x3BA },
    { 0x2190, 0x219B, 0x3BC },
    { 0x219E, 0x21A2, 0x3C8 },
    { 0x21AE, 0x21AE, 0x3CD },
    { 0x21D0, 0x21D3, 0x3CE },
    { 0x21DA, 0x21DB, 0x3D2 },
    { 0x2202, 0x2202, 0x3D4 },
    { 0x2205, 0x2207, 0x3D5 },
    { 0x220F, 0x2213, 0x3D8 },
    { 0x2215, 0x2216, 0x3DD },
    { 0x2219, 0x221A, 0x3DF },
    { 0x221E, 0x221E, 0x3E1 },
    { 0x2223, 0x2226, 0x3E2 },
    { 0x222B, 0x222B, 0x3E6 },
    { 0x2236, 0x2236, 0x3E7 },
    { 0x223C, 0x223C, 0x3E8 },
    { 0x2241, 0x2241, 0x3E9 },
    { 0x2248, 0x2248, 0x3EA },
    { 0x2260, 0x2260, 0x3EB },
    { 0x2264, 0x2265, 0x3EC },
    { 0x226A, 0x226B, 0x3EE },
    { 0x226E, 0x226F, 0x3F0 },
    { 0x22C5, 0x22C5, 0x3F2 },
    { 0x22EF, 0x22EF, 0x3F3 },
    { 0xFB00, 0xFB06, 0x3F4 },
    { 0xFFFD, 0xFFFD, 0x3FB },
};

static const uint16_t ebgaramond_12_regularKernLeftCodepoints[] = {
    0x0026, 0x002A, 0x002C, 0x002D, 0x002E, 0x002F, 0x003A, 0x0041, 0x0042, 0x0043, 0x0044, 0x0045,
    0x0046, 0x0048, 0x0049, 0x004A, 0x004C, 0x004D, 0x004F, 0x0050, 0x0051, 0x0052, 0x0053, 0x0054,
    0x0056, 0x0057, 0x0058, 0x0059, 0x005C, 0x0061, 0x0062, 0x0063, 0x0064, 0x0065, 0x0066, 0x0067,
    0x0068, 0x006C, 0x006D, 0x006E, 0x006F, 0x0070, 0x0071, 0x0073, 0x0076, 0x0077, 0x0078, 0x0079,
    0x00A1, 0x00AB, 0x00B6, 0x00B7, 0x00BB, 0x00C0, 0x00C1, 0x00C2, 0x00C3, 0x00C4, 0x00C5, 0x00C6,
    0x00C7, 0x00C8, 0x00C9, 0x00CA, 0x00CB, 0x00CC, 0x00CD, 0x00CE, 0x00CF, 0x00D0, 0x00D2, 0x00D3,
    0x00D4, 0x00D5, 0x00D6, 0x00D8, 0x00DD, 0x00E0, 0x00E1, 0x00E2, 0x00E3, 0x00E4, 0x00E5, 0x00E6,
    0x00E7, 0x00E8, 0x00E9, 0x00EA, 0x00EB, 0x00F1, 0x00F2, 0x00F3, 0x00F4, 0x00F5, 0x00F6, 0x00F8,
    0x00FD, 0x00FE, 0x00FF, 0x0100, 0x0101, 0x0102, 0x0103, 0x0104, 0x0105, 0x0106, 0x0107, 0x0108,
    0x0109, 0x010A, 0x010B, 0x010C, 0x010D, 0x010E, 0x0110, 0x0111, 0x0112, 0x0113, 0x0114, 0x0115,
    0x0116, 0x0117, 0x0118, 0x0119, 0x011A, 0x011B, 0x011D, 0x011F, 0x0121, 0x0123, 0x0124, 0x0125,
    0x0126, 0x0127, 0x0128, 0x012A, 0x012C, 0x012E, 0x0130, 0x0132, 0x0134, 0x0139, 0x013A, 0x013B,
    0x013C, 0x013D, 0x013F, 0x0141, 0x0142, 0x0144, 0x0146, 0x0148, 0x0149, 0x014C, 0x014D, 0x014E,
    0x014F, 0x0150, 0x0151, 0x0152, 0x0153, 0x0154, 0x0156, 0x0158, 0x015A, 0x015B, 0x015C, 0x015D,
    0x015E, 0x015F, 0x0160, 0x0161, 0x0162, 0x0164, 0x0166, 0x0174, 0x0175, 0x0176, 0x0177, 0x0178,
    0x017F, 0x01A0, 0x01C7, 0x01CA, 0x01CD, 0x01CE, 0x01CF, 0x01D1, 0x01D2, 0x01DD, 0x01DE, 0x01DF,
    0x01E0, 0x01E1, 0x01E2, 0x01E3, 0x01E5, 0x01E7, 0x01EA, 0x01EB, 0x01EC, 0x01ED, 0x01EE, 0x01EF,
    0x01F5, 0x01F9, 0x01FA, 0x01FB, 0x01FC, 0x01FD, 0x01FE, 0x01FF, 0x0200, 0x0201, 0x0202, 0x0203,
    0x0204, 0x0205, 0x0206, 0x0207, 0x0208, 0x020A, 0x020C, 0x020D, 0x020E, 0x020F, 0x0210, 0x0212,
    0x0218, 0x0219, 0x021A, 0x021E, 0x021F, 0x0400, 0x0401, 0x0402, 0x0403, 0x0404, 0x0405, 0x0406,
    0x0407, 0x0408, 0x0409, 0x040A, 0x040B, 0x040C, 0x040D, 0x040E, 0x040F, 0x0410, 0x0411, 0x0412,
    0x0413, 0x0414, 0x0415, 0x0416, 0x0417, 0x0418, 0x0419, 0x041A, 0x041B, 0x041C, 0x041D, 0x041E,
    0x041F, 0x0420, 0x0421, 0x0422, 0x0423, 0x0424, 0x0425, 0x0426, 0x0427, 0x0428, 0x0429, 0x042A,
    0x042B, 0x042C, 0x042D, 0x042E, 0x042F, 0x0430, 0x0431, 0x0432, 0x0433, 0x0434, 0x0435, 0x0436,
    0x0437, 0x0438, 0x0439, 0x043A, 0x043B, 0x043C, 0x043D, 0x043E, 0x043F, 0x0440, 0x0441, 0x0442,
    0x0443, 0x0444, 0x0445, 0x0446, 0x0447, 0x0448, 0x0449, 0x044A, 0x044B, 0x044C, 0x044D, 0x044E,
    0x044F, 0x0450, 0x0451, 0x0452, 0x0453, 0x0454, 0x0455, 0x0459, 0x045A, 0x045B, 0x045C, 0x045D,
    0x045E, 0x045F, 0x0462, 0x0463, 0x046A, 0x046B, 0x0470, 0x0472, 0x0473, 0x0474, 0x0475, 0x0476,
    0x0477, 0x048A, 0x048B, 0x048C, 0x048D, 0x048E, 0x048F, 0x0490, 0x0491, 0x0492, 0x0493, 0x0494,
    0x0495, 0x0496, 0x0497, 0x0498, 0x0499, 0x049A, 0x049B, 0x049C, 0x049D, 0x049E, 0x049F, 0x04A0,
    0x04A1, 0x04A2, 0x04A3, 0x04A4, 0x04A5, 0x04A6, 0x04A7, 0x04A8, 0x04A9, 0x04AA, 0x04AB, 0x04AC,
    0x04AD, 0x04AE, 0x04AF, 0x04B0, 0x04B1, 0x04B2, 0x04B3, 0x04B4, 0x04B5, 0x04B6, 0x04B7, 0x04B8,
    0x04B9, 0x04BA, 0x04BB, 0x04BC, 0x04BD, 0x04BE, 0x04BF, 0x04C0, 0x04C1, 0x04C2, 0x04C3, 0x04C4,
    0x04C5, 0x04C6, 0x04C7, 0x04C8, 0x04C9, 0x04CA, 0x04CB, 0x04CC, 0x04CD, 0x04CE, 0x04D0, 0x04D1,
    0x04D2, 0x04D3, 0x04D4, 0x04D5, 0x04D6, 0x04D7, 0x04D8, 0x04D9, 0x04DA, 0x04DB, 0x04DC, 0x04DD,
    0x04DE, 0x04DF, 0x04E0, 0x04E1, 0x04E2, 0x04E3, 0x04E4, 0x04E5, 0x04E6, 0x04E7, 0x04E8, 0x04E9,
    0x04EA, 0x04EB, 0x04EC, 0x04ED, 0x04EE, 0x04EF, 0x04F0, 0x04F1, 0x04F2, 0x04F3, 0x04F4, 0x04F5,
    0x04F6, 0x04F7, 0x04F8, 0x04F9, 0x04FA, 0x04FB, 0x04FC, 0x04FD, 0x04FE, 0x04FF, 0x05D0, 0x05D1,
    0x05D2, 0x05D3, 0x05D5, 0x05D6, 0x05D8, 0x05D9, 0x05DB, 0x05DC, 0x05DE, 0x05E0, 0x05E1, 0x05E2,
    0x05E4, 0x05E6, 0x05E8, 0x05E9, 0x05EA, 0x1EA0, 0x1EA1, 0x1EA2, 0x1EA3, 0x1EA4, 0x1EA5, 0x1EA6,
    0x1EA7, 0x1EA8, 0x1EA9, 0x1EAA, 0x1EAB, 0x1EAC, 0x1EAD, 0x1EAE, 0x1EAF, 0x1EB0, 0x1EB1, 0x1EB2,
    0x1EB3, 0x1EB4, 0x1EB5, 0x1EB6, 0x1EB7, 0x1EB8, 0x1EB9, 0x1EBA, 0x1EBB, 0x1EBC, 0x1EBD, 0x1EBE,
    0x1EBF, 0x1EC0, 0x1EC1, 0x1EC2, 0x1EC3, 0x1EC4, 0x1EC5, 0x1EC6, 0x1EC7, 0x1EC8, 0x1ECA, 0x1ECC,
    0x1ECD, 0x1ECE, 0x1ECF, 0x1ED0, 0x1ED1, 0x1ED2, 0x1ED3, 0x1ED4, 0x1ED5, 0x1ED6, 0x1ED7, 0x1ED8,
    0x1ED9, 0x1EDA, 0x1EDC, 0x1EDE, 0x1EE0, 0x1EE2, 0x1EF2, 0x1EF3, 0x1EF4, 0x1EF5, 0x1EF6, 0x1EF7,
    0x1EF8, 0x1EF9, 0x2018, 0x2019, 0x201A, 0x201C, 0x201D, 0x201E, 0x2020, 0x2022,
};

static const uint8_t ebgaramond_12_regularKernLeftClassIds[] = {
      1,   2,   3,   4,   3,   5,   6,   7,   8,   9,  10,  11,  12,  13,  13,  14,
     15,  16,  10,  17,  10,  18,  19,  20,  21,  21,  22,  23,  24,  25,  26,  27,
     28,  29,  30,  31,  32,  28,  32,  32,  26,  26,  33,  34,  35,  35,  36,  35,
     37,  38,  39,  40,  41,   7,   7,   7,   7,   7,   7,  11,   9,  11,  11,  11,
     11,  13,  13,  13,  13,  10,  10,  10,  10,  10,  10,  10,  23,  25,  25,  25,
     25,  25,  25,  29,  27,  29,  29,  29,  29,  32,  26,  26,  26,  26,  26,  26,
     35,  26,  35,   7,  25,   7,  25,   7,  25,   9,  27,   9,  27,   9,  27,   9,
     27,  10,  10,  28,  11,  29,  11,  29,  11,  29,  11,  29,  11,  29,  31,  31,
     31,  31,  13,  32,  13,  32,  13,  13,  13,  13,  13,  14,  14,  15,  28,  15,
     28,  15,  15,  15,  28,  32,  32,  32,  32,  10,  26,  10,  26,  10,  26,  11,
     29,  18,  18,  18,  19,  34,  19,  34,  19,  34,  19,  34,  20,  20,  20,  21,
     35,  23,  35,  23,  42,  10,  14,  14,   7,  25,  13,  10,  26,  26,   7,  25,
      7,  25,  11,  29,  31,  31,  10,  26,  10,  26,  43,  44,  31,  32,   7,  25,
     11,  29,  10,  26,   7,  25,   7,  25,  11,  29,  11,  29,  13,  13,  10,  26,
     10,  26,  18,  18,  19,  34,  20,  13,  32,  11,  11,  45,  46,   9,  19,  13,
     13,  14,  47,  47,  48,  49,  13,  21,  13,   7,  50,   8,  46,  13,  11,  49,
      8,  13,  13,  49,  13,  16,  13,  10,  13,  17,   9,  20,  21,  51,  22,  13,
     13,  13,  13,  47,  13,  47,  10,  10,  13,  25,  26,  52,  53,  54,  29,  55,
     52,  54,  54,  55,  54,  54,  54,  26,  54,  26,  27,  56,  35,  26,  36,  54,
     54,  54,  54,  57,  54,  57,  26,  26,  54,  29,  29,  58,  53,  27,  34,  57,
     57,  32,  55,  54,  35,  54,  59,  60,  61,  62,  63,  10,  26,  21,  64,  21,
     64,  13,  54,  59,  60,  17,  26,  46,  65,  46,  53,  66,  67,  49,  55,   8,
     52,  49,  55,  49,  55,  49,  55,  49,  55,  13,  54,  20,  56,  68,  58,  69,
     70,   9,  27,  20,  56,  23,  35,  23,  35,  22,  36,  13,  54,  13,  54,  13,
     54,  71,  32,  72,  29,  72,  29,  13,  49,  55,  73,  74,  13,  54,  14,  75,
     13,  54,  13,  54,  16,  54,   7,  25,   7,  25,  11,  29,  11,  29,  10,  26,
     10,  26,  49,  55,   8,  52,  43,  44,  13,  54,  13,  54,  10,  26,  10,  26,
     10,  26,  10,  26,  21,  35,  21,  35,  21,  35,  13,  54,  46,  53,  13,  54,
     46,  53,  76,  77,  22,  36,  78,  79,  80,  81,  82,  83,  84,  85,  86,  87,
     88,  89,  90,  91,  92,  93,  94,  95,  96,   7,  25,   7,  25,   7,  25,   7,
     25,   7,  25,   7,  25,   7,  25,   7,  25,   7,  25,   7,  25,   7,  25,   7,
     25,  11,  29,  11,  29,  11,  29,  11,  29,  11,  29,  11,  29,  11,  29,  11,
     29,  13,  13,  10,  26,  10,  26,  10,  26,  10,  26,  10,  26,  10,  26,  10,
     26,  10,  10,  10,  10,  10,  23,  35,  23,  35,  23,  35,  23,  35,  97,  98,
      3,  97,  98,   3,  99, 100,
};

static const uint16_t ebgaramond_12_regularKernRightCodepoints[] = {
    0x0021, 0x0026, 0x0029, 0x002A, 0x002C, 0x002D, 0x002E, 0x002F, 0x003A, 0x003B, 0x003F, 0x0041,
    0x0042, 0x0043, 0x0044, 0x0045, 0x0046, 0x0047, 0x0048, 0x0049, 0x004B, 0x004C, 0x004D, 0x004E,
    0x004F, 0x0050, 0x0051, 0x0052, 0x0053, 0x0054, 0x0056, 0x0057, 0x0058, 0x0059, 0x005C, 0x005D,
    0x0061, 0x0062, 0x0063, 0x0064, 0x0065, 0x0068, 0x0069, 0x006A, 0x006B, 0x006C, 0x006D, 0x006E,
    0x006F, 0x0070, 0x0071, 0x0072, 0x0073, 0x0074, 0x0076, 0x0077, 0x0078, 0x0079, 0x007A, 0x007D,
    0x00AB, 0x00B7, 0x00BB, 0x00C0, 0x00C1, 0x00C2, 0x00C3, 0x00C4, 0x00C5, 0x00C6, 0x00C7, 0x00C8,
    0x00C9, 0x00CA, 0x00CB, 0x00CC, 0x00CD, 0x00CE, 0x00CF, 0x00D0, 0x00D1, 0x00D2, 0x00D3, 0x00D4,
    0x00D5, 0x00D6, 0x00D8, 0x00DD, 0x00DE, 0x00E0, 0x00E1, 0x00E2, 0x00E3, 0x00E4, 0x00E5, 0x00E6,
    0x00E7, 0x00E8, 0x00E9, 0x00EA, 0x00EB, 0x00EC, 0x00ED, 0x00EE, 0x00EF, 0x00F0, 0x00F1, 0x00F2,
    0x00F3, 0x00F4, 0x00F5, 0x00F6, 0x00F8, 0x00FD, 0x00FE, 0x00FF, 0x0100, 0x0101, 0x0102, 0x0103,
    0x0104, 0x0105, 0x0106, 0x0107, 0x0108, 0x0109, 0x010A, 0x010B, 0x010C, 0x010D, 0x010E, 0x010F,
    0x0110, 0x0111, 0x0112, 0x0113, 0x0114, 0x0115, 0x0116, 0x0117, 0x0118, 0x0119, 0x011A, 0x011B,
    0x011C, 0x011E, 0x0120, 0x0122, 0x0124, 0x0125, 0x0126, 0x0127, 0x0128, 0x0129, 0x012A, 0x012B,
    0x012C, 0x012D, 0x012E, 0x012F, 0x0130, 0x0131, 0x0132, 0x0133, 0x0135, 0x0136, 0x0137, 0x0138,
    0x0139, 0x013A, 0x013B, 0x013C, 0x013D, 0x013E, 0x013F, 0x0140, 0x0141, 0x0142, 0x0143, 0x0144,
    0x0145, 0x0146, 0x0147, 0x0148, 0x0149, 0x014A, 0x014B, 0x014C, 0x014D, 0x014E, 0x014F, 0x0150,
    0x0151, 0x0152, 0x0153, 0x0154, 0x0155, 0x0156, 0x0157, 0x0158, 0x0159, 0x015A, 0x015B, 0x015C,
    0x015D, 0x015E, 0x015F, 0x0160, 0x0161, 0x0162, 0x0163, 0x0164, 0x0165, 0x0166, 0x0167, 0x0174,
    0x0175, 0x0176, 0x0177, 0x0178, 0x017A, 0x017C, 0x017E, 0x01A0, 0x01A1, 0x01C4, 0x01C5, 0x01C6,
    0x01C7, 0x01C8, 0x01C9, 0x01CA, 0x01CB, 0x01CC, 0x01CD, 0x01CE, 0x01CF, 0x01D0, 0x01D1, 0x01D2,
    0x01DD, 0x01DE, 0x01DF, 0x01E0, 0x01E1, 0x01E2, 0x01E3, 0x01E4, 0x01E6, 0x01E8, 0x01E9, 0x01EA,
    0x01EB, 0x01EC, 0x01ED, 0x01EE, 0x01EF, 0x01F0, 0x01F1, 0x01F2, 0x01F3, 0x01F4, 0x01F6, 0x01F8,
    0x01F9, 0x01FA, 0x01FB, 0x01FC, 0x01FD, 0x01FE, 0x01FF, 0x0200, 0x0201, 0x0202, 0x0203, 0x0204,
    0x0205, 0x0206, 0x0207, 0x0208, 0x0209, 0x020A, 0x020B, 0x020C, 0x020D, 0x020E, 0x020F, 0x0210,
    0x0211, 0x0212, 0x0213, 0x0218, 0x0219, 0x021A, 0x021B, 0x021E, 0x021F, 0x0400, 0x0401, 0x0402,
    0x0403, 0x0404, 0x0405, 0x0406, 0x0407, 0x0409, 0x040A, 0x040B, 0x040C, 0x040D, 0x040E, 0x040F,
    0x0410, 0x0411, 0x0412, 0x0413, 0x0414, 0x0415, 0x0416, 0x0417, 0x0418, 0x0419, 0x041A, 0x041B,
    0x041C, 0x041D, 0x041E, 0x041F, 0x0420, 0x0421, 0x0422, 0x0423, 0x0424, 0x0425, 0x0426, 0x0427,
    0x0428, 0x0429, 0x042A, 0x042B, 0x042C, 0x042D, 0x042E, 0x042F, 0x0430, 0x0431, 0x0432, 0x0433,
    0x0434, 0x0435, 0x0436, 0x0437, 0x0438, 0x0439, 0x043A, 0x043B, 0x043C, 0x043D, 0x043E, 0x043F,
    0x0440, 0x0441, 0x0442, 0x0443, 0x0444, 0x0445, 0x0446, 0x0447, 0x0448, 0x0449, 0x044A, 0x044B,
    0x044C, 0x044D, 0x044E, 0x044F, 0x0450, 0x0451, 0x0452, 0x0453, 0x0454, 0x0455, 0x0456, 0x0457,
    0x0458, 0x0459, 0x045A, 0x045B, 0x045C, 0x045D, 0x045E, 0x045F, 0x0462, 0x0463, 0x046A, 0x046B,
    0x0470, 0x0472, 0x0473, 0x0474, 0x0475, 0x0476, 0x0477, 0x048A, 0x048B, 0x048C, 0x048D, 0x048E,
    0x048F, 0x0490, 0x0491, 0x0492, 0x0493, 0x0494, 0x0495, 0x0496, 0x0497, 0x0498, 0x0499, 0x049A,
    0x049B, 0x049C, 0x049D, 0x049E, 0x049F, 0x04A0, 0x04A1, 0x04A2, 0x04A3, 0x04A4, 0x04A5, 0x04A6,
    0x04A7, 0x04A8, 0x04A9, 0x04AA, 0x04AB, 0x04AC, 0x04AD, 0x04AE, 0x04AF, 0x04B0, 0x04B1, 0x04B2,
    0x04B3, 0x04B4, 0x04B5, 0x04B6, 0x04B7, 0x04B8, 0x04B9, 0x04BA, 0x04BB, 0x04BC, 0x04BD, 0x04BE,
    0x04BF, 0x04C0, 0x04C1, 0x04C2, 0x04C3, 0x04C4, 0x04C5, 0x04C6, 0x04C7, 0x04C8, 0x04C9, 0x04CA,
    0x04CB, 0x04CC, 0x04CD, 0x04CE, 0x04D0, 0x04D1, 0x04D2, 0x04D3, 0x04D4, 0x04D5, 0x04D6, 0x04D7,
    0x04D8, 0x04D9, 0x04DA, 0x04DB, 0x04DC, 0x04DD, 0x04DE, 0x04DF, 0x04E0, 0x04E1, 0x04E2, 0x04E3,
    0x04E4, 0x04E5, 0x04E6, 0x04E7, 0x04E8, 0x04E9, 0x04EA, 0x04EB, 0x04EC, 0x04ED, 0x04EE, 0x04EF,
    0x04F0, 0x04F1, 0x04F2, 0x04F3, 0x04F4, 0x04F5, 0x04F6, 0x04F7, 0x04F8, 0x04F9, 0x04FB, 0x04FC,
    0x04FD, 0x04FE, 0x04FF, 0x05D0, 0x05D1, 0x05D2, 0x05D3, 0x05D4, 0x05D6, 0x05D7, 0x05D8, 0x05D9,
    0x05DA, 0x05DB, 0x05DC, 0x05DD, 0x05DE, 0x05DF, 0x05E1, 0x05E2, 0x05E3, 0x05E4, 0x05E5, 0x05E7,
    0x05E8, 0x05E9, 0x05EA, 0x1EA0, 0x1EA1, 0x1EA2, 0x1EA3, 0x1EA4, 0x1EA5, 0x1EA6, 0x1EA7, 0x1EA8,
    0x1EA9, 0x1EAA, 0x1EAB, 0x1EAC, 0x1EAD, 0x1EAE, 0x1EAF, 0x1EB0, 0x1EB1, 0x1EB2, 0x1EB3, 0x1EB4,
    0x1EB5, 0x1EB6, 0x1EB7, 0x1EB8, 0x1EB9, 0x1EBA, 0x1EBB, 0x1EBC, 0x1EBD, 0x1EBE, 0x1EBF, 0x1EC0,
    0x1EC1, 0x1EC2, 0x1EC3, 0x1EC4, 0x1EC5, 0x1EC6, 0x1EC7, 0x1EC8, 0x1EC9, 0x1ECA, 0x1ECB, 0x1ECC,
    0x1ECD, 0x1ECE, 0x1ECF, 0x1ED0, 0x1ED1, 0x1ED2, 0x1ED3, 0x1ED4, 0x1ED5, 0x1ED6, 0x1ED7, 0x1ED8,
    0x1ED9, 0x1EDA, 0x1EDB, 0x1EDC, 0x1EDD, 0x1EDE, 0x1EDF, 0x1EE0, 0x1EE1, 0x1EE2, 0x1EE3, 0x1EF2,
    0x1EF3, 0x1EF4, 0x1EF5, 0x1EF6, 0x1EF7, 0x1EF8, 0x1EF9, 0x2018, 0x2019, 0x201A, 0x201C, 0x201D,
    0x201E, 0x2020, 0x2022, 0x203C, 0x203D, 0x2047, 0x2048, 0x2049,
};

static const uint8_t ebgaramond_12_regularKernRightClassIds[] = {
      1,   2,   3,   4,   5,   6,   5,   7,   8,   8,   9,  10,  11,  12,  11,  11,
     11,  12,  11,  11,  11,  11,  13,  11,  12,  11,  12,  11,  14,  15,  16,  16,
     17,  18,  19,   3,  20,  21,  22,  22,  22,  23,  24,  25,  23,  23,  26,  26,
     22,  26,  22,  26,  27,  28,  29,  29,  30,  31,  32,   3,  33,  34,  35,  10,
     10,  10,  10,  10,  10,  36,  12,  11,  11,  11,  11,  11,  11,  11,  11,  11,
     11,  12,  12,  12,  12,  12,  12,  18,  11,  20,  20,  20,  20,  20,  20,  20,
     22,  22,  22,  22,  22,  24,  24,  24,  24,  37,  26,  22,  22,  22,  22,  22,
     22,  31,  23,  31,  10,  20,  10,  20,  10,  20,  12,  22,  12,  22,  12,  22,
     12,  22,  11,  22,  11,  22,  11,  22,  11,  22,  11,  22,  11,  22,  11,  22,
     12,  12,  12,  12,  11,  23,  11,  23,  11,  24,  11,  24,  11,  24,  11,  24,
     11,  26,  11,  24,  38,  11,  23,  26,  11,  23,  11,  23,  11,  23,  11,  23,
     11,  23,  11,  26,  11,  26,  11,  26,  26,  11,  26,  12,  22,  12,  22,  12,
     22,  12,  22,  11,  26,  11,  26,  11,  26,  14,  27,  14,  27,  14,  27,  14,
     27,  15,  28,  15,  28,  15,  28,  16,  29,  18,  31,  18,  32,  32,  32,  12,
     22,  11,  11,  22,  11,  11,  23,  11,  11,  26,  10,  20,  11,  24,  12,  22,
     39,  10,  20,  10,  20,  36,  20,  12,  12,  11,  23,  12,  22,  12,  22,  40,
     32,  38,  11,  11,  22,  12,  11,  11,  26,  10,  20,  36,  20,  12,  22,  10,
     20,  10,  20,  11,  22,  11,  22,  11,  24,  11,  26,  12,  22,  12,  22,  11,
     26,  11,  26,  14,  27,  15,  28,  11,  23,  11,  11,  41,  11,  12,  14,  11,
     11,  42,  11,  41,  11,  11,  43,  11,  10,  11,  11,  11,  42,  11,  44,  40,
     11,  11,  11,  42,  13,  11,  12,  11,  11,  12,  15,  43,  45,  17,  11,  46,
     11,  11,  41,  11,  11,  40,  11,  47,  20,  48,  26,  26,  49,  22,  50,  51,
     26,  26,  26,  49,  52,  26,  22,  26,  26,  22,  53,  31,  22,  30,  26,  54,
     26,  26,  53,  26,  26,  51,  26,  55,  22,  22,  23,  26,  22,  27,  24,  24,
     56,  49,  26,  23,  26,  26,  31,  26,  57,  58,  59,  60,  61,  12,  22,  16,
     29,  16,  29,  11,  26,  62,  58,  11,  26,  11,  26,  11,  26,  11,  26,  44,
     50,  40,  51,  11,  26,  11,  26,  62,  58,  41,  53,  11,  26,  11,  26,  11,
     26,  12,  22,  12,  22,  15,  53,  18,  29,  18,  29,  17,  30,  41,  53,  46,
     54,  46,  54,  11,  23,  63,  64,  63,  64,  11,  44,  50,  11,  26,  42,  49,
     11,  26,  11,  26,  46,  54,  13,  52,  10,  20,  10,  20,  36,  20,  11,  22,
     65,  39,  65,  39,  44,  50,  40,  51,  40,  32,  11,  26,  11,  26,  12,  22,
     12,  22,  12,  22,  40,  51,  43,  31,  43,  31,  43,  31,  46,  54,  11,  26,
     11,  26,  66,  17,  30,  17,  30,  67,  68,  69,  70,  71,  72,  73,  74,  75,
     76,  77,  78,  79,  80,  81,  82,  83,  84,  85,  86,  87,  88,  89,  90,  10,
     20,  10,  20,  10,  20,  10,  20,  10,  20,  10,  20,  10,  20,  10,  20,  10,
     20,  10,  20,  10,  20,  10,  20,  11,  22,  11,  22,  11,  22,  11,  22,  11,
     22,  11,  22,  11,  22,  11,  22,  11,  24,  11,  24,  12,  22,  12,  22,  12,
     22,  12,  22,  12,  22,  12,  22,  12,  22,  12,  22,  12,  22,  12,  22,  12,
     22,  12,  22,  18,  31,  18,  31,  18,  31,  18,  31,  91,  92,   5,  91,  92,
      5,  93,  94,   1,   9,   9,   9,   1,
};

static const uint16_t ebgaramond_12_regularKernRowOffsets[] = {
        0,     8,    17,    33,    41,    61,    66,    93,   101,   102,   118,   124,   131,   134,   135,   139,
      147,   160,   164,   166,   207,   252,   266,   303,   315,   334,   352,   372,   373,   379,   384,   385,
      390,   392,   394,   405,   409,   411,   416,   435,   450,   467,   473,   477,   483,   495,   533,   553,
      565,   582,   588,   600,   614,   619,   620,   627,   631,   653,   663,   666,   669,   693,   702,   732,
      741,   744,   756,   757,   770,   772,   779,   797,   798,   799,   802,   803,   819,   821,   827,   832,
      839,   850,   856,   857,   866,   877,   883,   893,   899,   902,   909,   911,   919,   930,   940,   948,
      958,   963,   969,   973,   984,
};

static const uint8_t ebgaramond_12_regularKernSparseCols[] = {
     14,  15,  17,  21,  40,  42,  45,  50,   9,  19,  21,  41,  46,  48,  50,  54,
     58,  11,  14,  15,  17,  19,  21,  28,  30,  40,  42,  45,  47,  52,  53,  62,
     63,  14,  15,  16,  17,  42,  43,  45,  58,   9,  19,  21,  25,  26,  28,  29,
     30,  31,  38,  41,  46,  47,  48,  50,  52,  53,  54,  59,  63,  14,  15,  17,
     40,  45,   3,  11,  14,  15,  17,  18,  28,  30,  31,  32,  33,  40,  42,  44,
     45,  47,  52,  53,  56,  57,  60,  62,  63,  64,  91,  92,  93,  14,  15,  16,
     17,  35,  41,  42,  58,  44,   4,   6,   9,  14,  15,  16,  17,  35,  40,  41,
     42,  43,  46,  48,  58,  60,  19,  21,  27,  28,  30,  36,   9,  19,  21,  27,
     28,  30,  36,  47,  57,  63,  35,  14,  28,  30,  91,  19,  21,  27,  28,  30,
     36,  44,  60,   1,   4,   9,  19,  21,  32,  35,  36,  41,  46,  48,  54,  58,
      9,  14,  15,  17,  35,  58,   1,   4,   5,   6,   7,   9,  11,  15,  19,  21,
     24,  25,  26,  27,  28,  29,  30,  31,  32,  33,  34,  35,  36,  37,  38,  41,
     44,  46,  47,  48,  49,  50,  51,  52,  53,  54,  55,  59,  63,  65,  93,   1,
      4,   5,   6,   7,   9,  11,  13,  19,  21,  23,  24,  25,  26,  27,  28,  29,
     30,  31,  32,  33,  34,  35,  36,  37,  38,  39,  41,  44,  46,  47,  48,  49,
     50,  51,  52,  53,  54,  55,  57,  59,  63,  64,  65,  93,   5,  11,  30,  32,
     33,  40,  44,  47,  52,  53,  57,  63,  64,  93,   4,   5,   6,   7,   9,  11,
     14,  19,  21,  25,  26,  27,  28,  29,  30,  31,  32,  33,  34,  35,  36,  38,
     41,  44,  46,  47,  48,  49,  50,  51,  52,  53,  54,  57,  59,  63,  93,  14,
     15,  17,  28,  40,  42,  45,  53,  56,  60,  62,  63,   3,  14,  18,  24,  28,
     30,  31,  37,  47,  49,  50,  53,  55,  57,  59,  63,  65,  90,  91,   3,   4,
     18,  19,  22,  28,  29,  30,  31,  34,  48,  49,  50,  51,  54,  57,  59,  90,
      3,  18,  19,  21,  24,  25,  28,  29,  30,  31,  37,  48,  49,  50,  53,  54,
     55,  57,  59,  65,  91,  18,  21,  29,  49,  57,  59,  19,  20,  21,  23,  36,
     24,  18,  28,  30,  53,  63,  18,  19,  30,  91,   4,   6,   9,  19,  21,  32,
     36,  38,  48,  50,  54,  18,  19,  21,  50,  14,  17,  14,  15,  17,  21,  45,
      9,  11,  19,  21,  25,  26,  28,  29,  31,  38,  41,  48,  49,  50,  52,  53,
     54,  59,  63,   9,  14,  15,  16,  17,  40,  41,  42,  43,  45,  46,  49,  58,
     59,  62,   9,  14,  15,  16,  17,  28,  30,  40,  41,  42,  43,  45,  46,  48,
     49,  58,  62,   0,   2,   3,   8,  90,  91,   9,  35,  41,  54,  18,  19,  21,
     38,  50,  53,  14,  15,  17,  18,  28,  30,  40,  42,  45,  52,  57,  60,   1,
      4,   5,   6,   7,   9,  11,  19,  21,  24,  25,  26,  28,  29,  30,  31,  32,
     33,  34,  35,  37,  38,  41,  44,  46,  48,  49,  50,  51,  52,  53,  54,  55,
     57,  59,  63,  65,  93,   3,   9,  10,  14,  15,  16,  17,  18,  28,  35,  40,
     42,  45,  48,  56,  57,  60,  61,  62,  91,  11,  15,  17,  21,  25,  28,  40,
     47,  57,  60,  62,  63,   5,  11,  21,  28,  30,  31,  32,  33,  40,  44,  47,
     52,  53,  56,  57,  63,  93,   9,  11,  14,  35,  41,  43,   9,  12,  15,  16,
     17,  35,  40,  41,  43,  46,  58,  60,  18,  24,  28,  29,  30,  37,  48,  49,
     53,  54,  55,  57,  59,  65,   4,   6,  32,  48,  50,  18,   1,  18,  19,  21,
     32,  33,  50,   4,   6,  48,  54,   3,  18,  19,  24,  25,  28,  29,  30,  31,
     37,  48,  49,  50,  52,  53,  55,  57,  59,  63,  65,  90,  91,  18,  28,  29,
     30,  48,  49,  52,  53,  57,  59,  14,  15,  16,  28,  52,  59,   3,   5,  11,
     13,  14,  21,  28,  30,  31,  32,  33,  40,  44,  45,  47,  52,  53,  57,  60,
     62,  63,  64,  92,  93,  18,  19,  21,  24,  33,  37,  50,  55,  65,   6,   9,
     11,  19,  21,  24,  25,  26,  28,  29,  30,  31,  37,  38,  41,  44,  46,  47,
     48,  49,  50,  52,  53,  54,  55,  57,  58,  59,  63,  65,   4,   6,  19,  21,
     32,  48,  52,  54,  63,   6,  21,  48,  14,  15,  17,  18,  28,  30,  40,  42,
     45,  52,  57,  60,  28,  14,  15,  17,  18,  28,  40,  42,  45,  56,  60,  61,
     62,  91,  14,  15,  18,  28,  30,  48,  53,  57,  90,   3,  11,  14,  15,  17,
     18,  28,  30,  40,  42,  44,  45,  52,  56,  60,  62,  63,  91,  58,  11,  21,
     48,  54,  50,  11,  21,  25,  28,  29,  30,  31,  38,  47,  49,  50,  51,  52,
     53,  57,  63,  21,  50,  74,  76,  77,  84,  86,  88,  69,  75,  81,  84,  87,
     67,  73,  74,  76,  77,  79,  84,  67,  70,  73,  75,  76,  78,  79,  81,  83,
     84,  87,  67,  73,  78,  81,  84,  87,  67,  69,  73,  75,  76,  83,  84,  85,
     86,  87,  67,  70,  72,  73,  76,  78,  79,  81,  84,  87,  89,  73,  76,  79,
     81,  83,  84,  67,  68,  73,  75,  76,  81,  83,  84,  88,  89,  73,  76,  78,
     79,  81,  84,  73,  74,  76,  73,  75,  77,  81,  83,  84,  87,  73,  81,  75,
     76,  77,  80,  81,  83,  84,  88,  66,  67,  69,  70,  73,  74,  78,  79,  81,
     83,  84,  67,  73,  75,  76,  79,  81,  83,  84,  87,  89,  67,  73,  76,  78,
     81,  83,  84,  87,  69,  71,  74,  76,  77,  79,  81,  82,  84,  88,   9,  21,
     41,  46,  48,   9,  19,  21,  38,  41,  46,   9,  21,  41,  58,   9,  14,  15,
     16,  17,  41,  42,  43,  48,  54,  58,
};

static const int8_t ebgaramond_12_regularKernSparseValues[] = {
     -28,  -32,  -32,   -8,  -10,  -10,  -10,  -10,  -44,  -14,  -14,  -32,  -32,  -24,  -14,  -22,
     -10,  -12,  -30,  -40,  -40,   -6,  -10,  -24,  -20,  -24,  -10,  -56,  -10,  -18,  -18,  -44,
     -18,  -24,  -28,  -18,  -24,  -14,  -14,  -18,  -14,  -44,  -24,  -36,  -28,  -20,  -16,  -18,
     -14,  -18,  -24,  -36,  -32,  -12,  -36,  -18,  -14,  -14,  -28,  -18,  -14,  -30,  -40,  -32,
     -14,  -10,  -44,  -12,  -38,  -56,  -30,  -40,  -28,  -28,   -8,  -14,  -14,  -32,  -28,  -16,
     -40,  -10,  -14,  -18,  -24,  -12,  -44,  -32,  -26,   -8,  -44,  -14,  -22,   -8,  -12,   -4,
      -8,  -14,   -6,   -6,  -18,  -12,  -12,  -14,  -12,   -8,  -14,  -14,   -8,  -26,  -10,  -10,
     -10,  -14,  -12,  -10,  -20,  -10,  -10,  -10,   -8,  -12,  -12,  -10,  -30,  -12,  -12,   -8,
     -12,  -12,  -12,   -6,   -6,  -10,  -14,  -48,  -20,  -20,  -22,   -8,   -8,  -16,  -16,  -16,
      -8,  -10,   -6,  -10,  -30,  -36,  -20,  -20,  -14,  -38,  -20,  -24,  -24,  -10,  -10,  -16,
      16,  -40,  -46,  -32,   -6,   -4,  -16,  -30,  -24,  -36,  -30,  -34,   -8,   16,  -42,  -42,
     -24,  -40,  -40,  -40,  -40,  -36,  -40,  -40,  -36,  -36,  -32,  -40,   -2,  -24,  -44,  -12,
      -8,  -24,  -14,  -38,  -44,  -36,  -36,  -38,  -32,  -40,  -24,  -52,  -44,  -48,  -22,  -36,
     -40,  -28,  -46,  -40,  -52,  -14,  -12,  -40,  -40,   -8,  -12,  -36,  -44,  -32,  -40,  -44,
     -40,  -36,  -52,  -36,  -32,  -64,  -10,  -12,  -36,   -8,  -28,  -10,  -32,  -22,  -40,  -40,
     -40,  -36,  -24,  -28,  -50,  -12,   -8,  -40,  -28,  -10,  -36,  -22,  -18,  -14,   -8,  -20,
     -24,  -10,  -20,  -16,  -18,  -28,   -8,  -24,  -14,  -36,  -32,  -24,  -20,  -32,  -20,   -8,
      16,  -40,  -40,  -16,  -28,  -32,  -32,  -32,  -32,  -24,  -40,  -32,  -28,  -32,   -2,  -28,
     -14,  -20,  -12,  -14,  -28,  -28,  -28,  -18,  -14,  -26,  -28,   -8,  -36,  -24,  -18,  -36,
     -56,  -44,  -28,  -24,  -12,  -52,  -24,  -16,  -48,  -36,  -16,  -18,  -48,  -32,   -4,   -8,
      -4,   -8,   -4,   -6,   -6,   -4,   -8,   -4,  -14,   -6,  -10,   -4,  -18,  -10,  -20,  -10,
     -32,   -8,   -6,   -6,  -14,  -10,   -6,  -10,  -10,  -10,   -6,   -4,   -6,  -14,  -14,  -22,
     -10,  -24,   -6,   -8,  -10,   -6,   -8,  -10,   -8,  -10,  -10,  -10,   -6,   -6,   -4,   -4,
     -10,  -10,  -16,  -10,   -6,  -16,   -4,   -6,   -6,  -14,   -8,  -10,   28,  -10,   28,   28,
      10,  -36,  -10,  -16,   -8,   -6,  -32,   -6,   -4,   -6,  -28,  -24,  -20,   -6,  -10,  -18,
      -4,   -6,  -10,   -6,  -14,  -32,   -6,  -10,   -6,  -14,  -14,  -32,  -32,  -28,  -10,  -18,
     -32,  -10,  -20,  -18,  -18,  -18,  -18,  -20,  -18,  -18,   -8,  -20,  -18,  -20,  -18,  -18,
     -14,  -22,  -10,  -14,  -36,  -36,  -24,  -32,  -18,   -6,  -12,  -18,  -18,  -10,  -10,  -18,
     -10,  -18,  -14,  -36,  -48,  -20,  -40,  -18,  -14,  -18,  -10,  -18,  -14,  -26,  -14,  -14,
     -14,  -20,  -14,   54,   78,   66,   56,   64,   66,   -6,  -10,   -6,   -6,  -36,  -10,  -10,
      -6,  -12,   -4,  -44,  -32,  -18,  -16,   -8,   -8,  -34,  -28,  -26,   -6,  -10,  -10,  -14,
     -44,  -20,  -32,  -28,  -34,   -8,  -44,  -36,  -20,  -40,  -40,  -48,  -36,  -44,  -40,  -28,
     -36,  -36,  -36,  -20,  -40,  -28,  -14,  -16,  -56,  -42,  -52,  -42,  -52,  -46,  -40,  -28,
     -10,  -44,  -36,  -20,  -14,  -36,   -6,   -8,  -32,  -20,  -10,  -32,  -24,  -10,   -8,  -26,
     -16,  -28,   -6,  -24,  -14,  -32,   -8,  -16,  -22,   -4,  -24,  -16,  -10,  -10,  -16,  -16,
     -10,  -12,  -18,  -18,  -12,  -14,  -18,   -8,  -24,  -16,   -8,  -14,  -18,   -8,  -18,  -14,
     -14,  -18,  -14,  -14,  -18,  -18,  -12,    4,   -6,   -8,   -8,   -6,  -16,  -10,  -10,  -20,
     -20,  -32,  -10,  -12,  -12,  -14,  -26,  -10,  -36,   -6,   -8,   -6,   -6,   -6,   -6,   -8,
      -4,   -2,   -6,  -10,  -10,   -6,  -18,  -10,  -10,   -8,   -4,  -24,   -8,  -36,   -6,   -8,
     -14,  -10,   -4,  -18,  -10,  -10,  -10,  -22,  -36,   -6,   -8,   -6,  -20,  -12,  -16,  -18,
      -8,   -6,   -8,   -6,  -18,  -12,   -8,  -24,  -14,  -18,   -8,  -26,  -18,  -36,  -12,   -6,
     -14,   -6,   -6,   -8,   -8,  -14,   -6,  -22,  -16,  -14,  -18,  -14,  -10,  -10,  -14,  -20,
      -4,  -14,   -8,  -24,  -16,   -8,  -20,  -18,  -14,  -26,  -18,  -10,  -18,  -28,  -12,  -10,
     -14,  -24,   -6,  -14,  -26,  -36,  -14,  -14,  -10,  -10,  -10,   -6,  -10,  -10,  -44,  -44,
     -10,  -40,  -44,  -20,  -44,  -44,  -36,  -36,  -36,  -24,  -20,  -44,  -20,  -10,  -28,  -10,
     -48,  -32,  -44,  -28,  -22,  -44,  -20,   -8,  -10,  -44,  -36,  -20,  -24,  -14,   -6,   -4,
     -18,  -10,    8,   -6,    2,  -10,  -12,   -8,  -22,  -16,  -18,  -16,   -8,   -8,  -24,  -14,
     -16,   -6,  -10,  -10,   -8,  -36,  -30,  -24,  -36,   -4,  -12,  -14,  -28,  -14,  -24,   -6,
     -10,  -14,  -10,   -6,  -36,  -12,  -10,    2,   -6,   -8,  -14,  -28,   -4,  -44,  -32,  -28,
     -40,  -14,   -8,  -32,  -12,  -10,  -34,  -14,  -28,  -36,  -40,  -18,  -20,  -14,   -6,   -4,
       8,    2,   -6,  -20,  -20,  -10,  -24,  -20,  -18,  -16,  -20,  -18,   -8,  -16,  -14,  -18,
     -28,  -14,  -34,   -6,   -4,   -8,   -3,   -2,   -7,   -4,   -7,   -3,   -4,  -10,  -10,   -6,
       2,   -4,  -12,   -3,   -6,   -7,   -6,  -16,   -8,   -6,  -19,  -14,   -6,   -3,  -12,  -19,
     -14,  -12,   -5,   -6,   -4,   -4,   -8,   -6,   -4,   -4,   -8,  -11,   -2,   -8,   -7,   -5,
      -4,   -4,  -23,   -7,   -4,   -4,   -4,  -11,   -4,   -5,   -9,   -8,   -8,   -5,   -4,   -5,
      -6,   -9,  -10,  -16,   -2,   -6,  -12,  -10,   -4,  -16,   -6,    4,   -2,   -1,   -8,   -3,
      -7,   -9,  -10,   -5,   -5,   -6,   -2,  -12,   -2,   -2,   -8,   -3,   -6,   -4,   -6,   -5,
      -8,   -4,   -1,   -4,  -11,   -2,   -4,   -3,   -6,   -4,   -1,   -1,   -8,   -6,   -1,  -10,
      -1,   -9,  -16,   -8,   -8,   -5,   -4,   -7,  -11,   -7,   -8,   -8,  -10,   -2,  -10,   -4,
      -6,   -1,   -5,   -4,  -15,  -17,   -6,   -4,   -2,  -13,  -14,  -14,   -6,   -7,  -52,  -22,
     -32,  -18,  -22,  -52,  -36,  -36,   -8,  -36,  -28,  -14,  -10,  -10,  -14,  -22,  -22,  -18,
     -36,  -18,  -18,  -14,  -18,  -14,  -12,  -26,
};

static const EpdLigaturePair ebgaramond_12_regularLigaturePairs[] = {
    { 0x005E0030, 0x2070 }, // ^ 0 -> U+2070
    { 0x005E0031, 0x00B9 }, // ^ 1 -> U+00B9
    { 0x005E0032, 0x00B2 }, // ^ 2 -> U+00B2
    { 0x005E0033, 0x00B3 }, // ^ 3 -> U+00B3
    { 0x005E0034, 0x2074 }, // ^ 4 -> U+2074
    { 0x005E0035, 0x2075 }, // ^ 5 -> U+2075
    { 0x005E0036, 0x2076 }, // ^ 6 -> U+2076
    { 0x005E0037, 0x2077 }, // ^ 7 -> U+2077
    { 0x005E0038, 0x2078 }, // ^ 8 -> U+2078
    { 0x005E0039, 0x2079 }, // ^ 9 -> U+2079
    { 0x00660066, 0xFB00 }, // f f -> U+FB00
    { 0x00660069, 0xFB01 }, // f i -> U+FB01
    { 0x0066006C, 0xFB02 }, // f l -> U+FB02
    { 0xFB000069, 0xFB03 }, // U+FB00 i -> U+FB03
    { 0xFB00006C, 0xFB04 }, // U+FB00 l -> U+FB04
};

static const EpdFontData ebgaramond_12_regular = {
    ebgaramond_12_regularBitmaps,
    ebgaramond_12_regularGlyphs,
    ebgaramond_12_regularIntervals,
    74,
    33,
    26,
    -8,
    false,
    nullptr,
    0,
    nullptr,
    nullptr,  // kernLeftClasses: built-in fonts use the split arrays below
    nullptr,  // kernRightClasses
    ebgaramond_12_regularKernLeftCodepoints,
    ebgaramond_12_regularKernLeftClassIds,
    ebgaramond_12_regularKernRightCodepoints,
    ebgaramond_12_regularKernRightClassIds,
    nullptr,  // kernMatrix: built-in fonts use the sparse form below
    ebgaramond_12_regularKernRowOffsets,
    ebgaramond_12_regularKernSparseCols,
    ebgaramond_12_regularKernSparseValues,
    550,
    632,
    100,
    94,
    ebgaramond_12_regularLigaturePairs,
    15,
};
