/**
 * generated by fontconvert.py
 * name: ebgaramond_12_bold
 * size: 12
 * mode: 1-bit
 * Command used: fontconvert.py ebgaramond_12_bold 12 ../builtinFonts/source/EBGaramond/EBGaramond-Bold.ttf ../builtinFonts/source/NotoSansHebrew/NotoSansHebrew-UIBold.ttf --additional-intervals 0x05D0,0x05EA --force-autohint
 */
#pragma once
#include "EpdFontData.h"

static const uint8_t ebgaramond_12_boldBitmaps[30737] = {
    0xEF, 0xFF, 0xFF, 0xEE, 0xEE, 0x64, 0x0E, 0xFF, 0xE0, 0xEF, 0xDF, 0xBF, 0x7C, 0xD9, 0xA2, 0x00,
    0x0C, 0x60, 0xCC, 0x0C, 0xC0, 0xCC, 0x3F, 0xE7, 0xFF, 0x7F, 0xF1, 0x98, 0x31, 0x87, 0xFC, 0xFF,
    0xEF, 0xFE, 0x63, 0x06, 0x60, 0x66, 0x06, 0x60, 0x40, 0x00, 0x02, 0x00, 0xC0, 0x7F, 0x1F, 0xE7,
    0xAC, 0xFD, 0x9F, 0x93, 0xF0, 0x7F, 0x07, 0xF0, 0x7F, 0x07, 0xF0, 0x7F, 0x8F, 0xFB, 0x7F, 0x6E,
    0x7F, 0xCF, 0xF0, 0x30, 0x06, 0x00, 0x80, 0x00, 0x0E, 0x7C, 0x0C, 0xFE, 0x18, 0xEE, 0x38, 0xEE,
    0x30, 0xEE, 0x70, 0xEE, 0xE0, 0xEE, 0xC0, 0xEF, 0xFE, 0x7F, 0xF7, 0x13, 0x77, 0x07, 0x77, 0x0E,
    0x77, 0x0C, 0x77, 0x1C, 0x77, 0x38, 0x7F, 0x30, 0x3E, 0x0F, 0xC0, 0x01, 0xFE, 0x00, 0x3C, 0xE0,
    0x03, 0xCE, 0x00, 0x3E, 0xE0, 0x01, 0xFC, 0xFE, 0x0F, 0x8F, 0xC1, 0xF8, 0x70, 0x7F, 0xC6, 0x07,
    0x3E, 0xC0, 0xF1, 0xF8, 0x0F, 0x0F, 0x80, 0xF0, 0xFC, 0x0F, 0xFF, 0xFE, 0xFF, 0xBF, 0xE7, 0xF1,
    0xFC, 0xFF, 0xFD, 0xA0, 0x0E, 0x3C, 0x71, 0xE7, 0x8F, 0x1C, 0x78, 0xF1, 0xE3, 0xC7, 0x8F, 0x1E,
    0x3C, 0x78, 0x78, 0xF0, 0xE1, 0xC1, 0xC3, 0x83, 0x83, 0xE0, 0x70, 0x78, 0x38, 0x3C, 0x1C, 0x1E,
    0x1E, 0x1F, 0x0F, 0x0F, 0x0F, 0x0F, 0x1F, 0x1E, 0x1E, 0x1E, 0x1C, 0x3C, 0x3C, 0x38, 0x70, 0xF0,
    0x60, 0x18, 0x0C, 0x37, 0xDF, 0xE7, 0xE3, 0xFD, 0xFE, 0xF8, 0x0C, 0x00, 0x03, 0x00, 0x0C, 0x00,
    0x30, 0x00, 0xC0, 0x03, 0x00, 0x0C, 0x0F, 0xFF, 0xFF, 0xFE, 0x03, 0x00, 0x0C, 0x00, 0x30, 0x00,
    0xC0, 0x03, 0x00, 0x7B, 0xDE, 0x71, 0x9B, 0x80, 0x7F, 0xFF, 0xF0, 0xEF, 0xFE, 0x00, 0xC0, 0x70,
    0x18, 0x0E, 0x03, 0x00, 0xC0, 0x70, 0x18, 0x0E, 0x03, 0x01, 0xC0, 0x60, 0x38, 0x0C, 0x03, 0x01,
    0xC0, 0x60, 0x38, 0x0C, 0x00, 0x1F, 0x83, 0xFC, 0x79, 0xE7, 0x1E, 0xF0, 0xFF, 0x0F, 0xF0, 0xFF,
    0x0F, 0xF0, 0xFF, 0x0F, 0xF0, 0xFF, 0x0F, 0x78, 0xE7, 0x9E, 0x3F, 0xC1, 0xF8, 0x0E, 0x3F, 0x8F,
    0xE0, 0xF8, 0x1E, 0x07, 0x81, 0xE0, 0x78, 0x1E, 0x07, 0x81, 0xE0, 0x78, 0x1E, 0x07, 0x81, 0xE1,
    0xFC, 0xFF, 0xC0, 0x1F, 0x81, 0xFE, 0x1F, 0xF8, 0xC7, 0xC4, 0x1E, 0x00, 0xF0, 0x0F, 0x00, 0x78,
    0x03, 0x80, 0x38, 0x03, 0x80, 0x38, 0x23, 0x83, 0x1F, 0xF9, 0xFF, 0xDF, 0xFC, 0x3F, 0x1F, 0xEE,
    0x7F, 0x0F, 0x03, 0xC1, 0xE0, 0xF0, 0x7E, 0x3F, 0xC9, 0xF0, 0x3C, 0x0F, 0x03, 0xC0, 0xF4, 0x3B,
    0x9C, 0xFE, 0x04, 0x00, 0x01, 0x80, 0x06, 0x00, 0x30, 0x00, 0xC0, 0x06, 0x00, 0x30, 0x00, 0xDE,
    0x06, 0x78, 0x19, 0xE0, 0xC7, 0x87, 0x1E, 0x1F, 0xFF, 0xFF, 0xF8, 0x07, 0x80, 0x1E, 0x00, 0xF8,
    0x0F, 0xF8, 0x00, 0x03, 0xF8, 0xFF, 0x1F, 0xC7, 0xF0, 0xC0, 0x1F, 0x03, 0xF8, 0x7F, 0x83, 0xF8,
    0x1F, 0x81, 0xF0, 0x1E, 0x03, 0xC0, 0xF0, 0x3C, 0x1F, 0x0F, 0x80, 0x00, 0xE0, 0x70, 0x3C, 0x0F,
    0x03, 0xC0, 0x70, 0x1E, 0x07, 0xC8, 0xF7, 0xDF, 0xFF, 0xCF, 0xF8, 0xFF, 0x1F, 0xE3, 0xFE, 0x73,
    0xFE, 0x3F, 0x00, 0x40, 0x03, 0xFF, 0xFF, 0xFD, 0xFF, 0xEE, 0x06, 0x60, 0x70, 0x03, 0x00, 0x30,
    0x01, 0x80, 0x18, 0x01, 0xC0, 0x0C, 0x00, 0xE0, 0x06, 0x00, 0x60, 0x03, 0x00, 0x30, 0x00, 0x3F,
    0x8F, 0xFB, 0xCF, 0xF8, 0xFF, 0x9E, 0xFF, 0x9F, 0xE1, 0xFC, 0x1F, 0xCE, 0xFF, 0xCF, 0xF8, 0xFF,
    0x1F, 0xE3, 0xDF, 0xF1, 0xFC, 0x0F, 0xC0, 0xFF, 0x0E, 0x3C, 0xF1, 0xE7, 0x8F, 0xBC, 0x3D, 0xF5,
    0xEF, 0xFF, 0x3E, 0xF0, 0x07, 0x80, 0x78, 0x03, 0xC0, 0x3C, 0x03, 0xC0, 0x3C, 0x07, 0x80, 0xF8,
    0x02, 0x00, 0x00, 0xEF, 0xFE, 0x00, 0x0E, 0xFF, 0xE0, 0x73, 0xDE, 0xE0, 0x00, 0x0E, 0x7B, 0xCE,
    0x33, 0xB9, 0x80, 0x00, 0x70, 0x1E, 0x07, 0xC1, 0xF0, 0x7C, 0x0F, 0x00, 0xF0, 0x07, 0xC0, 0x1F,
    0x00, 0x7C, 0x01, 0xE0, 0x07, 0x00, 0x00, 0xFF, 0xFD, 0xFF, 0xE0, 0x00, 0x00, 0x00, 0x00, 0x03,
    0xFF, 0xF7, 0xFF, 0x80, 0x00, 0x0C, 0x00, 0xF0, 0x03, 0xC0, 0x0F, 0x00, 0x3C, 0x00, 0xF0, 0x0E,
    0x07, 0xC1, 0xF0, 0x7C, 0x0F, 0x00, 0xC0, 0x00, 0xF8, 0xFC, 0x7E, 0x07, 0x03, 0x07, 0x1F, 0x3F,
    0x7E, 0x78, 0x70, 0x30, 0x00, 0x70, 0x78, 0x78, 0x70, 0x07, 0xFC, 0x07, 0xFF, 0x83, 0xC0, 0x71,
    0xCF, 0xFE, 0x67, 0xF9, 0xFB, 0x8E, 0x7D, 0xE3, 0x8F, 0x70, 0xE3, 0xDC, 0x38, 0xF7, 0x8E, 0x7D,
    0xE7, 0xBB, 0xBF, 0xFC, 0x62, 0x08, 0x1C, 0x00, 0xC3, 0x80, 0x70, 0x7C, 0x78, 0x07, 0xF8, 0x00,
    0x30, 0x00, 0x00, 0x10, 0x00, 0x07, 0x80, 0x00, 0xF8, 0x00, 0x0F, 0x80, 0x01, 0xF8, 0x00, 0x1F,
    0xC0, 0x01, 0xBC, 0x00, 0x3B, 0xC0, 0x03, 0x3E, 0x00, 0x33, 0xE0, 0x07, 0x1E, 0x00, 0x7F, 0xF0,
    0x0F, 0xFF, 0x00, 0xE0, 0xF0, 0x0C, 0x0F, 0x81, 0xC0, 0xF8, 0x3E, 0x0F, 0xC7, 0xF3, 0xFE, 0x7F,
    0xF8, 0x7F, 0xF8, 0x78, 0xF8, 0xF0, 0xF1, 0xE1, 0xE3, 0xC3, 0x87, 0x8F, 0x0F, 0x38, 0x1F, 0xFC,
    0x3F, 0xFC, 0x78, 0xF8, 0xF1, 0xF1, 0xE1, 0xE3, 0xC7, 0xC7, 0x8F, 0x9F, 0xFE, 0x7F, 0xF8, 0x03,
    0xFE, 0x0F, 0xFF, 0x3E, 0x07, 0x7C, 0x03, 0x78, 0x03, 0xF8, 0x00, 0xF8, 0x00, 0xF0, 0x00, 0xF0,
    0x00, 0xF0, 0x00, 0xF8, 0x00, 0xF8, 0x00, 0x78, 0x03, 0x7C, 0x03, 0x3E, 0x07, 0x1F, 0xFE, 0x07,
    0xFC, 0x7F, 0xFC, 0x07, 0xFF, 0xE0, 0x78, 0x3E, 0x0F, 0x03, 0xE1, 0xE0, 0x3E, 0x3C, 0x07, 0xC7,
    0x80, 0xF8, 0xF0, 0x0F, 0x1E, 0x01, 0xE3, 0xC0, 0x3C, 0x78, 0x07, 0x8F, 0x01, 0xF1, 0xE0, 0x3C,
    0x3C, 0x0F, 0x87, 0x81, 0xE1, 0xFF, 0xF8, 0x7F, 0xFC, 0x00, 0x7F, 0xF8, 0xFF, 0xF1, 0xE0, 0xC7,
    0x83, 0x1E, 0x04, 0x78, 0x01, 0xE1, 0x07, 0x8C, 0x1F, 0xF0, 0x7F, 0xC1, 0xE1, 0x07, 0x80, 0x1E,
    0x00, 0x78, 0x11, 0xE0, 0xCF, 0xFF, 0x7F, 0xFC, 0x7F, 0xFC, 0xFF, 0xF1, 0xE0, 0xC7, 0x83, 0x1E,
    0x04, 0x78, 0x01, 0xE1, 0x07, 0x8C, 0x1F, 0xF0, 0x7F, 0xC1, 0xE1, 0x07, 0x80, 0x1E, 0x00, 0x78,
    0x01, 0xE0, 0x0F, 0x80, 0x7F, 0x80, 0x07, 0xFE, 0x0F, 0xFF, 0x8F, 0x81, 0xCF, 0x80, 0x67, 0x80,
    0x37, 0xC0, 0x03, 0xE0, 0x01, 0xE0, 0x00, 0xF0, 0x00, 0x78, 0x7F, 0xFE, 0x0F, 0xDF, 0x03, 0xC7,
    0x81, 0xE3, 0xE0, 0xF0, 0xF8, 0x7C, 0x3F, 0xFE, 0x07, 0xF8, 0x00, 0x7F, 0x8F, 0xF3, 0xF0, 0x7E,
    0x1E, 0x03, 0xC1, 0xE0, 0x3C, 0x1E, 0x03, 0xC1, 0xE0, 0x3C, 0x1E, 0x03, 0xC1, 0xE0, 0x3C, 0x1F,
    0xFF, 0xC1, 0xFF, 0xFC, 0x1E, 0x03, 0xC1, 0xE0, 0x3C, 0x1E, 0x03, 0xC1, 0xE0, 0x3C, 0x1E, 0x03,
    0xC3, 0xE0, 0x7E, 0x7F, 0x8F, 0xF0, 0x7F, 0x9F, 0x87, 0x83, 0xC1, 0xE0, 0xF0, 0x78, 0x3C, 0x1E,
    0x0F, 0x07, 0x83, 0xC1, 0xE0, 0xF0, 0x78, 0x7C, 0x7F, 0x80, 0x1F, 0xE1, 0xF8, 0x1E, 0x03, 0xC0,
    0x78, 0x0F, 0x01, 0xE0, 0x3C, 0x07, 0x80, 0xF0, 0x1E, 0x03, 0xC0, 0x78, 0x0F, 0x01, 0xE0, 0x3C,
    0x07, 0x80, 0xE0, 0x1C, 0x77, 0x0E, 0xC1, 0xF0, 0x00, 0x00, 0x7F, 0x9F, 0xE3, 0xE0, 0xF8, 0x1E,
    0x0E, 0x01, 0xE1, 0xC0, 0x1E, 0x38, 0x01, 0xE7, 0x00, 0x1E, 0xE0, 0x01, 0xFE, 0x00, 0x1F, 0xF0,
    0x01, 0xFF, 0x00, 0x1E, 0xF8, 0x01, 0xE7, 0xC0, 0x1E, 0x7E, 0x01, 0xE3, 0xF0, 0x1E, 0x1F, 0x83,
    0xE0, 0xFC, 0x7F, 0xBF, 0xF0, 0x7F, 0x80, 0x7E, 0x00, 0x78, 0x00, 0xF0, 0x01, 0xE0, 0x03, 0xC0,
    0x07, 0x80, 0x0F, 0x00, 0x1E, 0x00, 0x3C, 0x00, 0x78, 0x00, 0xF0, 0x01, 0xE0, 0x63, 0xC0, 0xC7,
    0x83, 0x1F, 0xFE, 0x7F, 0xFC, 0x7F, 0x00, 0xFE, 0x3E, 0x01, 0xF8, 0x3E, 0x03, 0xC0, 0x7C, 0x0F,
    0x80, 0xFC, 0x1F, 0x01, 0xF8, 0x7E, 0x03, 0xF0, 0xFC, 0x0D, 0xF3, 0xF8, 0x1B, 0xE6, 0xF0, 0x33,
    0xED, 0xE0, 0x67, 0xF3, 0xC0, 0xC7, 0xE7, 0x81, 0x8F, 0x8F, 0x03, 0x0F, 0x1E, 0x06, 0x1E, 0x3C,
    0x1E, 0x18, 0x7C, 0x7F, 0x33, 0xFE, 0x00, 0x00, 0x00, 0xFE, 0x07, 0xE7, 0xF0, 0x3C, 0x3F, 0x01,
    0x81, 0xF8, 0x18, 0x1F, 0xC1, 0x81, 0xFE, 0x18, 0x1F, 0xF1, 0x81, 0xBF, 0x98, 0x19, 0xF9, 0x81,
    0x8F, 0xD8, 0x18, 0x7F, 0x83, 0x83, 0xF8, 0x38, 0x1F, 0x83, 0x80, 0xF8, 0x38, 0x0F, 0x83, 0xC0,
    0x78, 0xFE, 0x03, 0x80, 0x07, 0xF0, 0x0F, 0xFE, 0x0F, 0x07, 0x8F, 0x03, 0xE7, 0x80, 0xFF, 0xC0,
    0x7F, 0xC0, 0x3F, 0xE0, 0x1F, 0xF0, 0x07, 0xFC, 0x03, 0xFE, 0x01, 0xFF, 0x01, 0xFF, 0x80, 0xF3,
    0xE0, 0x78, 0xF0, 0x78, 0x3F, 0xF8, 0x07, 0xF0, 0x00, 0x7F, 0xF0, 0x7F, 0xF8, 0x78, 0xF8, 0xF0,
    0xF1, 0xE1, 0xE3, 0xC3, 0xC7, 0x87, 0x8F, 0x0F, 0x1E, 0x1C, 0x3C, 0x78, 0x7F, 0xE0, 0xF4, 0x01,
    0xE0, 0x03, 0xC0, 0x07, 0x80, 0x1F, 0x80, 0x7F, 0xC0, 0x07, 0xF0, 0x00, 0xFF, 0xE0, 0x0F, 0x0F,
    0x80, 0xF0, 0x3E, 0x07, 0x80, 0xF0, 0x7C, 0x07, 0xC3, 0xC0, 0x3E, 0x1E, 0x01, 0xF0, 0xF0, 0x07,
    0x87, 0x80, 0x3C, 0x3E, 0x01, 0xE1, 0xF0, 0x0F, 0x0F, 0x80, 0xF8, 0x3C, 0x07, 0x81, 0xF0, 0x3C,
    0x07, 0xC3, 0xC0, 0x1F, 0xFC, 0x00, 0x3F, 0x80, 0x00, 0x7E, 0x00, 0x01, 0xF8, 0x00, 0x07, 0xE0,
    0x00, 0x1F, 0xC0, 0x00, 0x7F, 0xE0, 0x00, 0xFF, 0x7F, 0xF8, 0x03, 0xFF, 0xC0, 0x1E, 0x3E, 0x01,
    0xE3, 0xE0, 0x1E, 0x1E, 0x01, 0xE1, 0xE0, 0x1E, 0x3C, 0x01, 0xE7, 0x80, 0x1F, 0xF0, 0x01, 0xEF,
    0x00, 0x1E, 0xF8, 0x01, 0xE7, 0xC0, 0x1E, 0x3C, 0x01, 0xE3, 0xE0, 0x1E, 0x1F, 0x03, 0xF0, 0xFF,
    0x7F, 0xC7, 0xF0, 0x1F, 0xE3, 0xFE, 0x78, 0x67, 0x86, 0x78, 0x27, 0xE0, 0x7F, 0x07, 0xFC, 0x3F,
    0xE0, 0xFE, 0x07, 0xFC, 0x1F, 0xC1, 0xFE, 0x0F, 0xE1, 0xE7, 0xFE, 0x3F, 0x80, 0x70, 0x01, 0xDF,
    0xFF, 0xF7, 0xFF, 0xFB, 0x87, 0x86, 0xC1, 0xE0, 0x80, 0x78, 0x00, 0x1E, 0x00, 0x07, 0x80, 0x01,
    0xE0, 0x00, 0x78, 0x00, 0x1E, 0x00, 0x07, 0x80, 0x01, 0xE0, 0x00, 0x78, 0x00, 0x1E, 0x00, 0x07,
    0x80, 0x03, 0xF0, 0x03, 0xFE, 0x00, 0xFF, 0x0F, 0xCF, 0x80, 0xF0, 0xF0, 0x0C, 0x1E, 0x01, 0x83,
    0xC0, 0x30, 0x78, 0x06, 0x0F, 0x00, 0xC1, 0xE0, 0x18, 0x3C, 0x03, 0x07, 0x80, 0x60, 0xF0, 0x0C,
    0x1E, 0x01, 0x83, 0xC0, 0x30, 0x7C, 0x0E, 0x07, 0xFF, 0x80, 0x7F, 0xE0, 0x07, 0xF8, 0x00, 0xFF,
    0x9F, 0xDF, 0x81, 0xE3, 0xE0, 0x70, 0xF8, 0x18, 0x1F, 0x06, 0x07, 0xC3, 0x00, 0xF0, 0xC0, 0x3E,
    0x70, 0x0F, 0x98, 0x01, 0xF6, 0x00, 0x7F, 0x00, 0x0F, 0xC0, 0x03, 0xE0, 0x00, 0x78, 0x00, 0x1E,
    0x00, 0x07, 0x00, 0x00, 0xC0, 0x00, 0xFF, 0xFF, 0xFF, 0xDF, 0xBF, 0x39, 0xC3, 0xE7, 0xCC, 0x70,
    0xF8, 0xFA, 0x18, 0x1F, 0x3F, 0x86, 0x07, 0xC7, 0xC3, 0x00, 0xF9, 0xF0, 0xC0, 0x3E, 0x3C, 0x60,
    0x07, 0xCF, 0x98, 0x01, 0xF3, 0xE6, 0x00, 0x3D, 0xFF, 0x00, 0x0F, 0xFF, 0xC0, 0x01, 0xF3, 0xE0,
    0x00, 0x7C, 0xF8, 0x00, 0x1E, 0x1C, 0x00, 0x03, 0x87, 0x00, 0x00, 0xC0, 0xC0, 0x00, 0x7F, 0xE7,
    0xE1, 0xF8, 0x3C, 0x0F, 0x83, 0x80, 0xFC, 0x70, 0x07, 0xE6, 0x00, 0x3E, 0xC0, 0x03, 0xFC, 0x00,
    0x1F, 0x80, 0x00, 0xF8, 0x00, 0x1F, 0xC0, 0x01, 0xFE, 0x00, 0x33, 0xE0, 0x06, 0x1F, 0x00, 0xE1,
    0xF8, 0x1C, 0x0F, 0x83, 0xE1, 0xFC, 0x7F, 0x3F, 0xF0, 0xFF, 0xBF, 0x9F, 0xC3, 0xC3, 0xF0, 0x60,
    0x7C, 0x30, 0x0F, 0x0C, 0x03, 0xE6, 0x00, 0x7B, 0x00, 0x0F, 0xC0, 0x03, 0xE0, 0x00, 0x78, 0x00,
    0x1E, 0x00, 0x07, 0x80, 0x01, 0xE0, 0x00, 0x78, 0x00, 0x1E, 0x00, 0x0F, 0xC0, 0x0F, 0xF8, 0x00,
    0x30, 0x00, 0x3F, 0xFE, 0x7F, 0xFE, 0x70, 0x7C, 0x60, 0xFC, 0x40, 0xF8, 0x01, 0xF0, 0x03, 0xF0,
    0x03, 0xE0, 0x07, 0xE0, 0x07, 0xC0, 0x0F, 0xC0, 0x1F, 0x80, 0x1F, 0x02, 0x3F, 0x06, 0x3E, 0x06,
    0x7F, 0xFE, 0x7F, 0xFE, 0xFD, 0xE3, 0x87, 0x0E, 0x1C, 0x38, 0x70, 0xE1, 0xC3, 0x87, 0x0E, 0x1C,
    0x38, 0x70, 0xE1, 0xC3, 0x87, 0x0E, 0x1F, 0x3F, 0x00, 0xC0, 0x38, 0x06, 0x01, 0xC0, 0x30, 0x0E,
    0x01, 0x80, 0x60, 0x1C, 0x03, 0x00, 0xE0, 0x18, 0x07, 0x00, 0xC0, 0x38, 0x06, 0x01, 0x80, 0x70,
    0x0C, 0xFE, 0x3C, 0x38, 0x70, 0xE1, 0xC3, 0x87, 0x0E, 0x1C, 0x38, 0x70, 0xE1, 0xC3, 0x87, 0x0E,
    0x1C, 0x38, 0x70, 0xE7, 0xFF, 0x80, 0x00, 0x00, 0x30, 0x01, 0xC0, 0x1F, 0x00, 0xD8, 0x0C, 0xE0,
    0xE3, 0x86, 0x0C, 0x60, 0x73, 0x01, 0x80, 0xFF, 0xFE, 0xFF, 0xF8, 0x71, 0xC3, 0x86, 0x08, 0x1F,
    0x0F, 0xF3, 0x9E, 0x73, 0xC0, 0x78, 0x3F, 0x1F, 0xE7, 0xBC, 0xF7, 0x9F, 0xFF, 0xEF, 0x00, 0x1C,
    0x03, 0xF0, 0x07, 0xC0, 0x0F, 0x00, 0x3C, 0x00, 0xF0, 0x03, 0xC0, 0x0F, 0xFC, 0x3F, 0xF8, 0xF1,
    0xE3, 0xC7, 0xCF, 0x0F, 0x3C, 0x3C, 0xF0, 0xF3, 0xC7, 0x8F, 0x1E, 0x3F, 0xF0, 0xFF, 0x80, 0x1F,
    0x9F, 0xF6, 0x1B, 0x80, 0xE0, 0x38, 0x0F, 0x03, 0xE7, 0xFF, 0x9F, 0xE3, 0xE0, 0x00, 0x70, 0x0F,
    0xC0, 0x1F, 0x00, 0x3C, 0x00, 0xF0, 0x03, 0xC0, 0x0F, 0x07, 0xFC, 0x7F, 0xF1, 0xC7, 0xCF, 0x0F,
    0x3C, 0x3C, 0xF0, 0xF3, 0xC3, 0xCF, 0x0F, 0x3E, 0x7C, 0x7F, 0xFC, 0xFB, 0xC0, 0x00, 0x00, 0x3F,
    0x1F, 0xEF, 0x3B, 0xFE, 0xFF, 0x38, 0x0F, 0x03, 0xE7, 0xFF, 0x9F, 0xE3, 0xF0, 0x07, 0xE0, 0xFF,
    0x1C, 0x73, 0xC0, 0x3C, 0x03, 0xC0, 0x3C, 0x0F, 0xF8, 0x7F, 0x03, 0xC0, 0x3C, 0x03, 0xC0, 0x3C,
    0x03, 0xC0, 0x3C, 0x03, 0xC0, 0x7C, 0x0F, 0xF0, 0x1F, 0x83, 0xFF, 0xDE, 0xFD, 0xE3, 0xCF, 0x1E,
    0x78, 0xF1, 0xEF, 0x0F, 0x70, 0x3F, 0x03, 0xA0, 0x3F, 0xF1, 0xFF, 0xE7, 0xFF, 0x3B, 0xFB, 0x83,
    0xDC, 0x1C, 0xE1, 0xE7, 0xFC, 0x0F, 0x80, 0x1C, 0x03, 0xF0, 0x07, 0xC0, 0x0F, 0x00, 0x3C, 0x00,
    0xF0, 0x03, 0xC0, 0x0F, 0x7C, 0x3F, 0xF0, 0xFF, 0xE3, 0xC7, 0x8F, 0x1E, 0x3C, 0x78, 0xF1, 0xE3,
    0xC7, 0x8F, 0x1E, 0x3C, 0xFB, 0xFF, 0xF0, 0x3C, 0x3C, 0x3C, 0x3C, 0x00, 0x00, 0x0C, 0x7C, 0x7C,
    0x3C, 0x3C, 0x3C, 0x3C, 0x3C, 0x3C, 0x3C, 0x7F, 0x1E, 0x3C, 0x78, 0xF0, 0x00, 0x01, 0x9F, 0x3E,
    0x3C, 0x78, 0xF1, 0xE3, 0xC7, 0x8F, 0x1E, 0x3C, 0x78, 0xF1, 0xE3, 0x8F, 0x3C, 0x60, 0x1C, 0x01,
    0xF8, 0x01, 0xF0, 0x01, 0xE0, 0x03, 0xC0, 0x07, 0x80, 0x0F, 0x00, 0x1E, 0x7E, 0x3C, 0xF0, 0x79,
    0x80, 0xF6, 0x01, 0xFC, 0x03, 0xF8, 0x07, 0xF8, 0x0F, 0x78, 0x1E, 0xF8, 0x3C, 0xF9, 0xFF, 0xF8,
    0x1D, 0xF9, 0xF1, 0xE3, 0xC7, 0x8F, 0x1E, 0x3C, 0x78, 0xF1, 0xE3, 0xC7, 0x8F, 0x1E, 0x3D, 0xFC,
    0x1D, 0xE7, 0xC7, 0xFF, 0xFC, 0x7F, 0xFB, 0xE3, 0xCF, 0x1E, 0x3C, 0xF1, 0xE3, 0xCF, 0x1E, 0x3C,
    0xF1, 0xE3, 0xCF, 0x1E, 0x3C, 0xF1, 0xE3, 0xCF, 0x1E, 0xFF, 0xFF, 0xF0, 0x1D, 0xF1, 0xFF, 0xC7,
    0xFF, 0x8F, 0x1E, 0x3C, 0x78, 0xF1, 0xE3, 0xC7, 0x8F, 0x1E, 0x3C, 0x78, 0xF1, 0xEF, 0xFF, 0xC0,
    0x1F, 0x87, 0xFC, 0x71, 0xEF, 0x1F, 0xF0, 0xFF, 0x0F, 0xF0, 0xFF, 0x0E, 0xF9, 0xE7, 0xFC, 0x3F,
    0x80, 0x3D, 0xF3, 0xFF, 0xE7, 0xC7, 0x8F, 0x1F, 0x3C, 0x3C, 0xF0, 0xF3, 0xC3, 0xCF, 0x1E, 0x3C,
    0x78, 0xFF, 0xC3, 0xFE, 0x0F, 0x00, 0x3C, 0x00, 0xF0, 0x03, 0xC0, 0x0F, 0x00, 0x7C, 0x03, 0xFC,
    0x00, 0x1F, 0xF1, 0xFF, 0xC7, 0x1F, 0x3C, 0x3C, 0xF0, 0xF3, 0xC3, 0xCF, 0x0F, 0x3C, 0x3C, 0xF8,
    0xF1, 0xFF, 0xC3, 0xEF, 0x00, 0x3C, 0x00, 0xF0, 0x03, 0xC0, 0x0F, 0x00, 0x3C, 0x00, 0xF0, 0x0F,
    0xE0, 0x3F, 0x80, 0x1D, 0xDF, 0xF7, 0xFC, 0xF0, 0x3C, 0x0F, 0x03, 0xC0, 0xF0, 0x3C, 0x0F, 0x0F,
    0xF0, 0x3F, 0x7F, 0x73, 0x79, 0x7C, 0x7F, 0x1F, 0xCF, 0xE7, 0xFF, 0x7E, 0x0C, 0x07, 0x07, 0xC3,
    0xFE, 0x7F, 0x0F, 0x03, 0xC0, 0xF0, 0x3C, 0x0F, 0x03, 0xC0, 0xF0, 0x3F, 0x87, 0xE0, 0xFD, 0xF9,
    0xF7, 0xC3, 0xCF, 0x0F, 0x3C, 0x3C, 0xF0, 0xF3, 0xC3, 0xCF, 0x0F, 0x3C, 0x3F, 0xF8, 0xFF, 0xF1,
    0xEE, 0x00, 0xFE, 0xF9, 0xE3, 0x8F, 0x18, 0x3C, 0xC1, 0xEC, 0x07, 0xE0, 0x3F, 0x01, 0xF0, 0x07,
    0x80, 0x38, 0x00, 0xC0, 0x7E, 0xFD, 0xF3, 0xC7, 0x8E, 0x3E, 0x7C, 0xC1, 0xE7, 0xCC, 0x1E, 0xFD,
    0x80, 0xFD, 0xF8, 0x0F, 0x9F, 0x00, 0x78, 0xF0, 0x07, 0x0F, 0x00, 0x70, 0xE0, 0x03, 0x06, 0x00,
    0x7F, 0xF8, 0xF9, 0xC1, 0xEE, 0x07, 0xF0, 0x0F, 0x80, 0x3E, 0x00, 0xFC, 0x06, 0xF8, 0x39, 0xE1,
    0xC7, 0xCF, 0xBF, 0x80, 0x00, 0x7E, 0xF9, 0xE3, 0x8F, 0x98, 0x3C, 0xC1, 0xEE, 0x0F, 0xE0, 0x3F,
    0x01, 0xF0, 0x07, 0x80, 0x3C, 0x00, 0xC0, 0x06, 0x00, 0x60, 0x03, 0x00, 0x38, 0x0F, 0x80, 0x7C,
    0x03, 0xC0, 0x0C, 0x00, 0x7F, 0xDF, 0xFB, 0xBE, 0x67, 0xC1, 0xF0, 0x3E, 0x0F, 0x81, 0xE2, 0x7C,
    0xDF, 0xFB, 0xFF, 0x00, 0x07, 0x83, 0xC1, 0xE0, 0x78, 0x1E, 0x07, 0x81, 0xE0, 0x78, 0x1E, 0x07,
    0x07, 0x81, 0xE0, 0x1C, 0x07, 0x81, 0xE0, 0x78, 0x1E, 0x07, 0x81, 0xE0, 0x78, 0x1E, 0x03, 0xE0,
    0xFF, 0xFF, 0xFF, 0xFF, 0xFF, 0xFF, 0xFF, 0xFF, 0xFF, 0xF8, 0x78, 0x0F, 0x01, 0xE0, 0x78, 0x1E,
    0x07, 0x81, 0xE0, 0x78, 0x1E, 0x07, 0x80, 0x78, 0x1E, 0x1E, 0x07, 0x81, 0xE0, 0x78, 0x1E, 0x07,
    0x81, 0xE0, 0x78, 0x1E, 0x1F, 0x00, 0x7C, 0x3F, 0xFF, 0xFF, 0xE8, 0x3C, 0xEF, 0xFE, 0x04, 0x6E,
    0xEE, 0xEF, 0xFF, 0xFF, 0xE0, 0x02, 0x00, 0xC0, 0x3C, 0x1F, 0xE7, 0xFD, 0xEF, 0xB9, 0x87, 0x20,
    0xEC, 0x1F, 0x8B, 0xF3, 0x7F, 0xE7, 0xF8, 0x7E, 0x03, 0x00, 0x60, 0x08, 0x00, 0x01, 0xF8, 0x0F,
    0xE0, 0x79, 0xC3, 0xE6, 0x0F, 0x10, 0x3C, 0x01, 0xF0, 0x1F, 0xFC, 0x3F, 0xC0, 0x78, 0x01, 0xE0,
    0x87, 0x83, 0x1E, 0x0D, 0xFE, 0x3F, 0xFF, 0xFB, 0xFE, 0xC3, 0xF0, 0x07, 0x80, 0xFF, 0xF7, 0xFE,
    0x60, 0xE6, 0x06, 0xC0, 0x6C, 0x06, 0x60, 0x66, 0x06, 0x79, 0xEF, 0xFF, 0xC6, 0x20, 0xFF, 0xBF,
    0x9F, 0xC3, 0xC3, 0xE0, 0x60, 0x7C, 0x30, 0x0F, 0x0C, 0x03, 0xE6, 0x00, 0x79, 0x80, 0x1F, 0xC0,
    0x03, 0xF0, 0x07, 0xFF, 0x80, 0xFF, 0xC0, 0x3F, 0xF0, 0x0F, 0xF8, 0x00, 0x78, 0x00, 0x1E, 0x00,
    0x0F, 0xC0, 0x0F, 0xFC, 0x00, 0xFF, 0xFF, 0xFF, 0xFF, 0xE0, 0xFF, 0xFF, 0xFF, 0xFF, 0xF8, 0x0F,
    0x87, 0xE3, 0x11, 0xE0, 0x78, 0x3F, 0x8F, 0xF3, 0x7E, 0xCF, 0xB9, 0xF7, 0x3D, 0xE7, 0x1D, 0xC3,
    0xB0, 0x7C, 0x0E, 0x03, 0x9D, 0xC7, 0xE1, 0xE0, 0xE7, 0x7B, 0xFD, 0xFC, 0xE0, 0x07, 0xF0, 0x1F,
    0xF8, 0x38, 0x0C, 0x33, 0xF6, 0x67, 0xFB, 0x6F, 0x1B, 0x4E, 0x03, 0xCE, 0x03, 0x4E, 0x03, 0x6F,
    0x13, 0x67, 0x33, 0x33, 0xF6, 0x38, 0x8E, 0x1E, 0x3C, 0x07, 0xF0, 0x00, 0x80, 0x3E, 0x3F, 0x1B,
    0x87, 0xC7, 0xE3, 0xF9, 0xFC, 0x00, 0x00, 0x3F, 0x9F, 0x80, 0x02, 0x18, 0x31, 0x83, 0x1C, 0x7B,
    0xC7, 0xBC, 0x7B, 0xC3, 0xEF, 0x07, 0xBC, 0x1C, 0x70, 0x31, 0x80, 0x86, 0x7F, 0xFF, 0xFF, 0xF0,
    0x00, 0xC0, 0x03, 0x00, 0x0C, 0x00, 0x30, 0x00, 0xC0, 0x03, 0x00, 0x0C, 0x7F, 0xFF, 0xF0, 0x07,
    0xF0, 0x1F, 0xF8, 0x38, 0x0C, 0x37, 0xF6, 0x63, 0xF3, 0x63, 0x73, 0x43, 0xF3, 0xC3, 0xE3, 0x43,
    0x73, 0x63, 0x7B, 0x6F, 0xFF, 0x30, 0x06, 0x38, 0x0E, 0x1E, 0x3C, 0x07, 0xF0, 0x00, 0x80, 0x00,
    0xFF, 0xFF, 0x7E, 0xFF, 0xC7, 0xC3, 0xC7, 0xE7, 0x7E, 0x00, 0x01, 0x00, 0x06, 0x00, 0x0C, 0x00,
    0x18, 0x00, 0x30, 0x00, 0x60, 0x1F, 0xFF, 0x3F, 0xFC, 0x03, 0x00, 0x06, 0x00, 0x0C, 0x00, 0x18,
    0x00, 0x30, 0x00, 0x00, 0x1F, 0xFF, 0xBF, 0xFC, 0x7C, 0xDE, 0x0E, 0x1E, 0x1C, 0x33, 0x7F, 0xFF,
    0x7C, 0xB8, 0x73, 0xE1, 0xE1, 0xF7, 0xFE, 0x38, 0xE7, 0x18, 0xC0, 0x71, 0xC7, 0x8F, 0x3C, 0x79,
    0xE3, 0x8F, 0x1C, 0x79, 0xE3, 0x8E, 0x1C, 0xFB, 0xFF, 0xFF, 0xF7, 0xF3, 0x9D, 0x80, 0x0C, 0x00,
    0x60, 0x03, 0x80, 0x1E, 0x00, 0xF8, 0x03, 0xC0, 0x1C, 0x00, 0x07, 0xFE, 0x3F, 0xFC, 0xFF, 0x83,
    0xFF, 0x0F, 0xFE, 0x1F, 0xFC, 0x3F, 0xF8, 0x7F, 0xF0, 0xFF, 0xE1, 0xFF, 0xC1, 0xFF, 0x83, 0xFF,
    0x03, 0xFE, 0x01, 0xFC, 0x00, 0xF8, 0x00, 0x30, 0x00, 0x60, 0x00, 0xC0, 0x1F, 0x80, 0x7F, 0x00,
    0xFE, 0x03, 0x0C, 0x03, 0x38, 0x03, 0xE0, 0x01, 0x00, 0xEF, 0xFE, 0x33, 0xBF, 0xF1, 0xFB, 0x80,
    0x39, 0xE3, 0x8E, 0x38, 0xE3, 0x9F, 0x3F, 0x3F, 0xDC, 0xEE, 0x77, 0x3B, 0xFC, 0xFC, 0x00, 0x00,
    0x3F, 0x80, 0xC6, 0x07, 0x18, 0x1C, 0xE0, 0x73, 0x81, 0xEF, 0x0F, 0x3C, 0x7B, 0xC7, 0x3C, 0x73,
    0x87, 0x18, 0x31, 0x80, 0x00, 0x04, 0x38, 0x0E, 0x78, 0x0C, 0x38, 0x18, 0x38, 0x38, 0x38, 0x30,
    0x38, 0x70, 0x38, 0xE0, 0x38, 0xC4, 0x79, 0xCC, 0x01, 0x9C, 0x03, 0x3C, 0x07, 0x3C, 0x06, 0x6C,
    0x0E, 0xFF, 0x0C, 0xFE, 0x18, 0x0C, 0x38, 0x0C, 0x00, 0x00, 0x00, 0x06, 0x0E, 0x03, 0x87, 0x81,
    0xC0, 0xE0, 0x60, 0x38, 0x38, 0x0E, 0x1C, 0x03, 0x86, 0x00, 0xE3, 0x80, 0x39, 0xC0, 0x1E, 0x67,
    0xC0, 0x3B, 0xF8, 0x1C, 0x8E, 0x06, 0x07, 0x83, 0x81, 0xC0, 0xC0, 0xCC, 0x60, 0x7F, 0x38, 0x3F,
    0xC0, 0x00, 0x04, 0x00, 0x0E, 0x7C, 0x0C, 0x7C, 0x18, 0x1C, 0x38, 0x7C, 0x30, 0x5C, 0x70, 0x0C,
    0x60, 0xDC, 0xC4, 0xF9, 0xCC, 0x21, 0x9C, 0x03, 0x9C, 0x03, 0x3C, 0x06, 0x6C, 0x0E, 0xFF, 0x0C,
    0xFE, 0x1C, 0x0C, 0x18, 0x0C, 0x00, 0x00, 0x1C, 0x3C, 0x78, 0xE0, 0x01, 0x83, 0x1F, 0x7D, 0xFB,
    0xC7, 0x0C, 0x1D, 0x9F, 0x9F, 0x1E, 0x03, 0x80, 0x00, 0x3C, 0x00, 0x01, 0xE0, 0x00, 0x0E, 0x00,
    0x00, 0x30, 0x00, 0x07, 0x80, 0x00, 0xF8, 0x00, 0x0F, 0x80, 0x01, 0xF8, 0x00, 0x1F, 0xC0, 0x01,
    0xBC, 0x00, 0x3B, 0xC0, 0x03, 0x3E, 0x00, 0x33, 0xE0, 0x07, 0x1E, 0x00, 0x7F, 0xF0, 0x0F, 0xFF,
    0x00, 0xE0, 0xF0, 0x0C, 0x0F, 0x81, 0xC0, 0xF8, 0x3E, 0x0F, 0xC7, 0xF3, 0xFE, 0x00, 0x0C, 0x00,
    0x01, 0xE0, 0x00, 0x3C, 0x00, 0x07, 0x00, 0x00, 0x70, 0x00, 0x07, 0x80, 0x00, 0xF8, 0x00, 0x0F,
    0x80, 0x01, 0xF8, 0x00, 0x1F, 0xC0, 0x01, 0xBC, 0x00, 0x3B, 0xC0, 0x03, 0x3E, 0x00, 0x33, 0xE0,
    0x07, 0x1E, 0x00, 0x7F, 0xF0, 0x0F, 0xFF, 0x00, 0xE0, 0xF0, 0x0C, 0x0F, 0x81, 0xC0, 0xF8, 0x3E,
    0x0F, 0xC7, 0xF3, 0xFE, 0x00, 0x00, 0x00, 0x07, 0x00, 0x01, 0xF8, 0x00, 0x3D, 0xE0, 0x03, 0x16,
    0x00, 0x07, 0x80, 0x00, 0xF8, 0x00, 0x0F, 0x80, 0x01, 0xF8, 0x00, 0x1F, 0xC0, 0x01, 0xBC, 0x00,
    0x3B, 0xC0, 0x03, 0x3E, 0x00, 0x33, 0xE0, 0x07, 0x1E, 0x00, 0x7F, 0xF0, 0x0F, 0xFF, 0x00, 0xE0,
    0xF0, 0x0C, 0x0F, 0x81, 0xC0, 0xF8, 0x3E, 0x0F, 0xC7, 0xF3, 0xFE, 0x00, 0x06, 0x00, 0x1F, 0xE0,
    0x01, 0xFC, 0x00, 0x30, 0x00, 0x00, 0x10, 0x00, 0x07, 0x80, 0x00, 0xF8, 0x00, 0x0F, 0x80, 0x01,
    0xF8, 0x00, 0x1F, 0xC0, 0x01, 0xBC, 0x00, 0x3B, 0xC0, 0x03, 0x3E, 0x00, 0x33, 0xE0, 0x07, 0x1E,
    0x00, 0x7F, 0xF0, 0x0F, 0xFF, 0x00, 0xE0, 0xF0, 0x0C, 0x0F, 0x81, 0xC0, 0xF8, 0x3E, 0x0F, 0xC7,
    0xF3, 0xFE, 0x03, 0x9C, 0x00, 0x7B, 0xC0, 0x0F, 0x78, 0x01, 0xCE, 0x00, 0x07, 0x00, 0x01, 0xF0,
    0x00, 0x3E, 0x00, 0x0F, 0xC0, 0x01, 0xF8, 0x00, 0x7F, 0x80, 0x0C, 0xF0, 0x01, 0x9E, 0x00, 0x73,
    0xE0, 0x0C, 0x3C, 0x01, 0xFF, 0x80, 0x7F, 0xF8, 0x0C, 0x1F, 0x03, 0x81, 0xE0, 0x70, 0x3E, 0x1E,
    0x0F, 0xEF, 0xF3, 0xFE, 0x00, 0xF0, 0x00, 0x3F, 0x00, 0x06, 0x60, 0x00, 0xFC, 0x00, 0x1F, 0x00,
    0x00, 0xE0, 0x00, 0x7C, 0x00, 0x0F, 0xC0, 0x01, 0xF8, 0x00, 0x7F, 0x00, 0x0D, 0xF0, 0x01, 0xBE,
    0x00, 0x73, 0xC0, 0x0C, 0x7C, 0x01, 0x8F, 0x80, 0x7F, 0xF0, 0x0F, 0xFF, 0x03, 0x83, 0xE0, 0x70,
    0x7C, 0x1C, 0x07, 0xC7, 0xC1, 0xFD, 0xFC, 0x7F, 0xC0, 0x00, 0xFF, 0xF8, 0x00, 0x7F, 0xF8, 0x01,
    0xF8, 0x30, 0x03, 0xF0, 0x60, 0x0D, 0xE0, 0x40, 0x3B, 0xC0, 0x00, 0x67, 0x84, 0x01, 0xCF, 0x18,
    0x03, 0x1F, 0xF0, 0x0F, 0xFF, 0xE0, 0x1F, 0xF8, 0x40, 0x70, 0xF0, 0x01, 0xC1, 0xE0, 0x23, 0x83,
    0xC0, 0xCE, 0x07, 0x83, 0xBE, 0x1F, 0xFE, 0xFE, 0x7F, 0xFC, 0x03, 0xFE, 0x0F, 0xFF, 0x3E, 0x07,
    0x7C, 0x03, 0x78, 0x03, 0xF8, 0x00, 0xF8, 0x00, 0xF0, 0x00, 0xF0, 0x00, 0xF0, 0x00, 0xF8, 0x00,
    0xF8, 0x00, 0x78, 0x03, 0x7C, 0x03, 0x3E, 0x07, 0x1F, 0xFE, 0x07, 0xFC, 0x00, 0xC0, 0x01, 0xC0,
    0x03, 0xE0, 0x03, 0xE0, 0x00, 0x60, 0x00, 0x60, 0x03, 0xC0, 0x03, 0x80, 0x1C, 0x00, 0x78, 0x00,
    0xF0, 0x01, 0xC0, 0x01, 0x81, 0xFF, 0xE3, 0xFF, 0xC7, 0x83, 0x1E, 0x0C, 0x78, 0x11, 0xE0, 0x07,
    0x84, 0x1E, 0x30, 0x7F, 0xC1, 0xFF, 0x07, 0x84, 0x1E, 0x00, 0x78, 0x01, 0xE0, 0x47, 0x83, 0x3F,
    0xFD, 0xFF, 0xF0, 0x00, 0x60, 0x03, 0xC0, 0x1E, 0x00, 0xE0, 0x03, 0x01, 0xFF, 0xE3, 0xFF, 0xC7,
    0x83, 0x1E, 0x0C, 0x78, 0x11, 0xE0, 0x07, 0x84, 0x1E, 0x30, 0x7F, 0xC1, 0xFF, 0x07, 0x84, 0x1E,
    0x00, 0x78, 0x01, 0xE0, 0x47, 0x83, 0x3F, 0xFD, 0xFF, 0xF0, 0x00, 0x00, 0x0F, 0x00, 0x7E, 0x03,
    0xFC, 0x08, 0x11, 0xFF, 0xE3, 0xFF, 0xC7, 0x83, 0x1E, 0x0C, 0x78, 0x11, 0xE0, 0x07, 0x84, 0x1E,
    0x30, 0x7F, 0xC1, 0xFF, 0x07, 0x84, 0x1E, 0x00, 0x78, 0x01, 0xE0, 0x47, 0x83, 0x3F, 0xFD, 0xFF,
    0xF0, 0x0E, 0x70, 0x7B, 0xC1, 0xEF, 0x03, 0x9C, 0x7F, 0xF8, 0xFF, 0xF1, 0xE0, 0xC7, 0x83, 0x1E,
    0x04, 0x78, 0x01, 0xE1, 0x07, 0x8C, 0x1F, 0xF0, 0x7F, 0xC1, 0xE3, 0x07, 0x80, 0x1E, 0x00, 0x78,
    0x11, 0xE0, 0xCF, 0xFF, 0x7F, 0xFC, 0x60, 0x78, 0x1E, 0x07, 0x00, 0xC3, 0xFC, 0xFC, 0x3C, 0x1E,
    0x0F, 0x07, 0x83, 0xC1, 0xE0, 0xF0, 0x78, 0x3C, 0x1E, 0x0F, 0x07, 0x83, 0xC3, 0xE3, 0xFC, 0x03,
    0x03, 0xC3, 0xC3, 0x81, 0x83, 0xFC, 0xFC, 0x3C, 0x1E, 0x0F, 0x07, 0x83, 0xC1, 0xE0, 0xF0, 0x78,
    0x3C, 0x1E, 0x0F, 0x07, 0x83, 0xC3, 0xE3, 0xFC, 0x00, 0x0F, 0x0F, 0xDE, 0xF0, 0x03, 0xFC, 0xFC,
    0x3C, 0x1E, 0x0F, 0x07, 0x83, 0xC1, 0xE0, 0xF0, 0x78, 0x3C, 0x1E, 0x0F, 0x07, 0x83, 0xC3, 0xE3,
    0xFC, 0xE7, 0x7B, 0xFD, 0xFC, 0xEF, 0xF1, 0xF0, 0xF0, 0x78, 0x3C, 0x1E, 0x0F, 0x07, 0x83, 0xC1,
    0xE0, 0xF0, 0x78, 0x3C, 0x1E, 0x0F, 0x0F, 0xCF, 0xF0, 0x7F, 0xFC, 0x07, 0xFF, 0xE0, 0x78, 0x3E,
    0x0F, 0x03, 0xE1, 0xE0, 0x3E, 0x3C, 0x07, 0xC7, 0x80, 0xF8, 0xF0, 0x0F, 0x7F, 0xC1, 0xEF, 0xF0,
    0x3C, 0x78, 0x07, 0x8F, 0x01, 0xF1, 0xE0, 0x3C, 0x3C, 0x0F, 0x87, 0x81, 0xE1, 0xFF, 0xF8, 0x7F,
    0xFC, 0x00, 0x00, 0x06, 0x00, 0x1F, 0xC0, 0x01, 0xFC, 0x00, 0x30, 0x00, 0x00, 0x00, 0x0F, 0xE0,
    0x7E, 0x7F, 0x03, 0xC3, 0xF0, 0x18, 0x1F, 0x81, 0x81, 0xFC, 0x18, 0x1F, 0xE1, 0x81, 0xFF, 0x18,
    0x1B, 0xF9, 0x81, 0x9F, 0x98, 0x18, 0xFD, 0x81, 0x87, 0xF8, 0x38, 0x3F, 0x83, 0x81, 0xF8, 0x38,
    0x0F, 0x83, 0x80, 0xF8, 0x3C, 0x07, 0x8F, 0xE0, 0x38, 0x06, 0x00, 0x07, 0x80, 0x01, 0xE0, 0x00,
    0x38, 0x00, 0x0C, 0x00, 0x3F, 0x80, 0x7F, 0xF0, 0x78, 0x3C, 0x78, 0x1F, 0x3C, 0x07, 0xFE, 0x03,
    0xFE, 0x01, 0xFF, 0x00, 0xFF, 0x80, 0x3F, 0xE0, 0x1F, 0xF0, 0x0F, 0xF8, 0x0F, 0xFC, 0x07, 0x9F,
    0x03, 0xC7, 0x83, 0xC1, 0xFF, 0xC0, 0x3F, 0x80, 0x00, 0x30, 0x00, 0x3C, 0x00, 0x3C, 0x00, 0x3C,
    0x00, 0x18, 0x00, 0x3F, 0x80, 0x7F, 0xF0, 0x78, 0x3C, 0x78, 0x1F, 0x3C, 0x07, 0xFE, 0x03, 0xFE,
    0x01, 0xFF, 0x00, 0xFF, 0x80, 0x3F, 0xE0, 0x1F, 0xF0, 0x0F, 0xF8, 0x0F, 0xFC, 0x07, 0x9F, 0x03,
    0xC7, 0x83, 0xC1, 0xFF, 0xC0, 0x3F, 0x80, 0x01, 0xC0, 0x01, 0xF0, 0x01, 0xFC, 0x01, 0xC7, 0x00,
    0x00, 0x00, 0x3F, 0x80, 0x7F, 0xF0, 0x78, 0x3C, 0x78, 0x1F, 0x3C, 0x07, 0xFE, 0x03, 0xFE, 0x01,
    0xFF, 0x00, 0xFF, 0x80, 0x3F, 0xE0, 0x1F, 0xF0, 0x0F, 0xF8, 0x0F, 0xFC, 0x07, 0x9F, 0x03, 0xC7,
    0x83, 0xC1, 0xFF, 0xC0, 0x3F, 0x80, 0x00, 0x18, 0x01, 0xFC, 0x01, 0xFC, 0x00, 0x80, 0x00, 0x00,
    0x00, 0x3F, 0x80, 0x7F, 0xF0, 0x78, 0x3C, 0x78, 0x1F, 0x3C, 0x07, 0xFE, 0x03, 0xFE, 0x01, 0xFF,
    0x00, 0xFF, 0x80, 0x3F, 0xE0, 0x1F, 0xF0, 0x0F, 0xF8, 0x0F, 0xFC, 0x07, 0x9F, 0x03, 0xC7, 0x83,
    0xC1, 0xFF, 0xC0, 0x3F, 0x80, 0x07, 0x38, 0x03, 0xDE, 0x01, 0xEF, 0x00, 0xE7, 0x00, 0x00, 0x00,
    0x3F, 0x80, 0x7F, 0xF0, 0x78, 0x3C, 0x78, 0x0F, 0x3C, 0x07, 0xFE, 0x01, 0xFE, 0x00, 0xFF, 0x00,
    0x7F, 0x80, 0x3F, 0xE0, 0x1F, 0xF0, 0x0F, 0xF8, 0x07, 0xFC, 0x03, 0x9F, 0x03, 0xC7, 0xC1, 0xC1,
    0xFF, 0xC0, 0x3F, 0x80, 0x60, 0x6E, 0x1C, 0xE7, 0x0F, 0xC0, 0xF0, 0x1E, 0x07, 0xE1, 0xCE, 0x70,
    0xEC, 0x0C, 0x00, 0x00, 0x01, 0xFC, 0x71, 0xFF, 0xFC, 0xF0, 0x7E, 0x78, 0x1F, 0x1E, 0x07, 0xEF,
    0x83, 0xFB, 0xC1, 0xFE, 0xF0, 0xFF, 0xBC, 0x79, 0xEF, 0xBC, 0x7B, 0xFE, 0x1E, 0xFF, 0x0F, 0xBF,
    0x83, 0xC7, 0xC0, 0xF1, 0xF0, 0x78, 0xFF, 0xFC, 0x31, 0xFC, 0x00, 0x03, 0x00, 0x00, 0xF0, 0x00,
    0x0F, 0x00, 0x00, 0x70, 0x00, 0x02, 0x01, 0xFE, 0x1F, 0x9F, 0x01, 0xE1, 0xE0, 0x18, 0x3C, 0x03,
    0x07, 0x80, 0x60, 0xF0, 0x0C, 0x1E, 0x01, 0x83, 0xC0, 0x30, 0x78, 0x06, 0x0F, 0x00, 0xC1, 0xE0,
    0x18, 0x3C, 0x03, 0x07, 0x80, 0x60, 0xF8, 0x1C, 0x0F, 0xFF, 0x00, 0xFF, 0xC0, 0x0F, 0xF0, 0x00,
    0x00, 0x1C, 0x00, 0x07, 0x80, 0x00, 0xF0, 0x00, 0x38, 0x00, 0x0C, 0x01, 0xFE, 0x1F, 0x9F, 0x01,
    0xE1, 0xE0, 0x18, 0x3C, 0x03, 0x07, 0x80, 0x60, 0xF0, 0x0C, 0x1E, 0x01, 0x83, 0xC0, 0x30, 0x78,
    0x06, 0x0F, 0x00, 0xC1, 0xE0, 0x18, 0x3C, 0x03, 0x07, 0x80, 0x60, 0xF8, 0x1C, 0x0F, 0xFF, 0x00,
    0xFF, 0xC0, 0x0F, 0xF0, 0x00, 0x00, 0x70, 0x00, 0x1F, 0x00, 0x07, 0xF0, 0x01, 0x87, 0x00, 0x00,
    0x01, 0xFE, 0x1F, 0x9F, 0x01, 0xE1, 0xE0, 0x18, 0x3C, 0x03, 0x07, 0x80, 0x60, 0xF0, 0x0C, 0x1E,
    0x01, 0x83, 0xC0, 0x30, 0x78, 0x06, 0x0F, 0x00, 0xC1, 0xE0, 0x18, 0x3C, 0x03, 0x07, 0x80, 0x60,
    0xF8, 0x1C, 0x0F, 0xFF, 0x00, 0xFF, 0xC0, 0x0F, 0xF0, 0x00, 0x03, 0x9C, 0x00, 0xF7, 0x80, 0x1E,
    0xF0, 0x01, 0xCE, 0x00, 0x00, 0x01, 0xFE, 0x1F, 0x9F, 0x81, 0xE1, 0xE0, 0x18, 0x3C, 0x03, 0x07,
    0x80, 0x60, 0xF0, 0x0C, 0x1E, 0x01, 0x83, 0xC0, 0x30, 0x78, 0x06, 0x0F, 0x00, 0xC1, 0xE0, 0x18,
    0x3C, 0x03, 0x07, 0x80, 0x60, 0xF8, 0x1C, 0x0F, 0xFF, 0x00, 0xFF, 0xC0, 0x0F, 0xF0, 0x00, 0x00,
    0x38, 0x00, 0x0F, 0x00, 0x07, 0x80, 0x03, 0x80, 0x00, 0x80, 0x3F, 0xEF, 0xE7, 0xF0, 0xF0, 0xFC,
    0x18, 0x1F, 0x0C, 0x03, 0xC3, 0x00, 0xF9, 0x80, 0x1E, 0xC0, 0x03, 0xF0, 0x00, 0xF8, 0x00, 0x1E,
    0x00, 0x07, 0x80, 0x01, 0xE0, 0x00, 0x78, 0x00, 0x1E, 0x00, 0x07, 0x80, 0x03, 0xF0, 0x03, 0xFE,
    0x00, 0x7F, 0x80, 0x7E, 0x00, 0x78, 0x00, 0xFF, 0x81, 0xFF, 0xC3, 0xC7, 0x87, 0x8F, 0x8F, 0x0F,
    0x1E, 0x1E, 0x3C, 0x3C, 0x78, 0xF0, 0xF1, 0xE1, 0xE7, 0x83, 0xFE, 0x07, 0xC0, 0x1F, 0x00, 0xFF,
    0x80, 0x07, 0xE0, 0x3F, 0xC1, 0xC7, 0x0F, 0x0C, 0x3C, 0x30, 0xF1, 0x83, 0xC6, 0x1F, 0x30, 0xFD,
    0xC0, 0xF7, 0x83, 0xDF, 0x0F, 0x3E, 0x3C, 0x7C, 0xF0, 0xF3, 0xC1, 0xCF, 0x67, 0x3D, 0xFB, 0xFF,
    0xC0, 0x70, 0x0F, 0x00, 0xE0, 0x0E, 0x00, 0xC0, 0x08, 0x07, 0xC3, 0xFC, 0xE7, 0x9C, 0xF0, 0x1E,
    0x0F, 0xC7, 0xF9, 0xEF, 0x3D, 0xE7, 0xFF, 0xFB, 0xC0, 0x03, 0x80, 0xE0, 0x1C, 0x07, 0x00, 0xC0,
    0x10, 0x07, 0xC3, 0xFC, 0xE7, 0x9C, 0xF0, 0x1E, 0x0F, 0xC7, 0xF9, 0xEF, 0x3D, 0xE7, 0xFF, 0xFB,
    0xC0, 0x0C, 0x03, 0x80, 0x78, 0x1F, 0x83, 0x30, 0x42, 0x07, 0xC3, 0xFC, 0xE7, 0x9C, 0xF0, 0x1E,
    0x0F, 0xC7, 0xF9, 0xEF, 0x3D, 0xE7, 0xFF, 0xFB, 0xC0, 0x00, 0x83, 0xF0, 0xFE, 0x1F, 0x86, 0x00,
    0x00, 0x07, 0xC3, 0xFC, 0xE7, 0x9C, 0xF0, 0x1E, 0x0F, 0xC7, 0xF9, 0xEF, 0x3D, 0xE7, 0xFF, 0xFB,
    0xC0, 0x73, 0x9E, 0xF3, 0xDE, 0x39, 0xC0, 0x00, 0x00, 0x07, 0xC3, 0xFC, 0xE7, 0x9C, 0xF0, 0x1E,
    0x0F, 0xC7, 0xF9, 0xEF, 0x3D, 0xE7, 0xFF, 0xFB, 0xC0, 0x3F, 0x07, 0xE0, 0xDC, 0x1F, 0x80, 0x80,
    0x00, 0x07, 0xC3, 0xF8, 0xE7, 0x9C, 0xF0, 0x1E, 0x0F, 0xC7, 0xF9, 0xEF, 0x3D, 0xE7, 0xFF, 0xFB,
    0xC0, 0x1F, 0xF9, 0xFF, 0xFE, 0x79, 0xF9, 0xEF, 0x07, 0xF0, 0x7E, 0x07, 0xF8, 0x3D, 0xE1, 0xF7,
    0xFF, 0xFF, 0xEF, 0xBF, 0x00, 0x1F, 0x9F, 0xF6, 0x1B, 0x80, 0xE0, 0x38, 0x0F, 0x03, 0xC2, 0xFF,
    0x9F, 0xC3, 0xE0, 0x20, 0x1C, 0x0F, 0x83, 0xE0, 0x18, 0x3C, 0x0E, 0x00, 0x78, 0x0E, 0x03, 0x80,
    0x70, 0x0C, 0x01, 0x03, 0xF1, 0xFE, 0xF3, 0xBF, 0xEF, 0xF3, 0x80, 0xF0, 0x3E, 0x7F, 0xF9, 0xFE,
    0x3F, 0x00, 0x03, 0x81, 0xC0, 0x70, 0x38, 0x0C, 0x02, 0x03, 0xF1, 0xFE, 0xF3, 0xBF, 0xEF, 0xF3,
    0x80, 0xF0, 0x3E, 0x7F, 0xF9, 0xFE, 0x3F, 0x00, 0x0C, 0x07, 0x81, 0xE0, 0xFC, 0x33, 0x08, 0x43,
    0xF1, 0xFE, 0xF3, 0xBF, 0xEF, 0xF3, 0x80, 0xF0, 0x3E, 0x7F, 0xF9, 0xFE, 0x3F, 0x00, 0x73, 0x9E,
    0xF7, 0xBD, 0xCE, 0x00, 0x00, 0x03, 0xF1, 0xFE, 0xF3, 0xBF, 0xEF, 0xF3, 0x80, 0xF0, 0x3E, 0x7F,
    0xF9, 0xFE, 0x3F, 0x00, 0xE0, 0xF0, 0x70, 0x38, 0x18, 0x08, 0x1C, 0xFC, 0xFC, 0x3C, 0x3C, 0x3C,
    0x3C, 0x3C, 0x3C, 0x3C, 0xFE, 0x0E, 0x0E, 0x1C, 0x1C, 0x18, 0x30, 0x1C, 0xFC, 0xFC, 0x3C, 0x3C,
    0x3C, 0x3C, 0x3C, 0x3C, 0x3C, 0xFE, 0x30, 0x38, 0x7C, 0x7C, 0xEE, 0xC6, 0x1C, 0xFC, 0xFC, 0x3C,
    0x3C, 0x3C, 0x3C, 0x3C, 0x3C, 0x3C, 0xFE, 0xE7, 0x7B, 0xFD, 0xFC, 0xE0, 0x00, 0x00, 0x38, 0xFC,
    0x7C, 0x1E, 0x0F, 0x07, 0x83, 0xC1, 0xE0, 0xF0, 0x78, 0x7F, 0x00, 0x7C, 0x21, 0xEE, 0x0F, 0xC0,
    0xF8, 0x3F, 0xC3, 0x3E, 0x03, 0xE1, 0xFE, 0x7F, 0xF7, 0x1F, 0xF1, 0xFF, 0x0F, 0xF0, 0xFF, 0x0F,
    0xF1, 0xEF, 0x9E, 0x7F, 0xC3, 0xF8, 0x00, 0x30, 0x1F, 0x80, 0xFC, 0x06, 0x60, 0x00, 0x00, 0x77,
    0xC7, 0xFF, 0x1F, 0xFE, 0x3C, 0x78, 0xF1, 0xE3, 0xC7, 0x8F, 0x1E, 0x3C, 0x78, 0xF1, 0xE3, 0xC7,
    0xBF, 0xFF, 0x38, 0x03, 0xC0, 0x1C, 0x00, 0xC0, 0x06, 0x00, 0x20, 0x1F, 0x87, 0xFC, 0x71, 0xEF,
    0x1F, 0xF0, 0xFF, 0x0F, 0xF0, 0xFF, 0x0E, 0xF9, 0xE7, 0xFC, 0x3F, 0x80, 0x03, 0xC0, 0x38, 0x03,
    0x80, 0x70, 0x06, 0x00, 0x40, 0x1F, 0x87, 0xFC, 0x71, 0xEF, 0x1F, 0xF0, 0xFF, 0x0F, 0xF0, 0xFF,
    0x0E, 0xF9, 0xE7, 0xFC, 0x3F, 0x80, 0x06, 0x00, 0xF0, 0x0F, 0x01, 0xF8, 0x19, 0x81, 0x08, 0x1F,
    0x87, 0xFC, 0x71, 0xEF, 0x1F, 0xF0, 0xFF, 0x0F, 0xF0, 0xFF, 0x0E, 0xF9, 0xE7, 0xFC, 0x3F, 0x80,
    0x00, 0x40, 0xFC, 0x1F, 0x83, 0xF8, 0x20, 0x00, 0x00, 0x1F, 0x87, 0xFC, 0x71, 0xEF, 0x1F, 0xF0,
    0xFF, 0x0F, 0xF0, 0xFF, 0x0E, 0xF9, 0xE7, 0xFC, 0x3F, 0x80, 0x39, 0xC7, 0xBC, 0x7B, 0xC3, 0x9C,
    0x00, 0x00, 0x00, 0x1F, 0x87, 0xFC, 0x71, 0xEF, 0x1F, 0xF0, 0xFF, 0x0F, 0xF0, 0xFF, 0x0E, 0xF9,
    0xE7, 0xFC, 0x3F, 0x80, 0x07, 0x00, 0x1E, 0x00, 0x78, 0x01, 0xC0, 0x00, 0x03, 0xFF, 0xE7, 0xFF,
    0x01, 0xC0, 0x07, 0x80, 0x1E, 0x00, 0x70, 0x00, 0x1F, 0xB7, 0xFF, 0x71, 0xEF, 0x3F, 0xF7, 0xFF,
    0xEF, 0xFC, 0xFF, 0x8E, 0xF9, 0xEF, 0xFC, 0xFF, 0x80, 0x0E, 0x00, 0x38, 0x00, 0x70, 0x00, 0xC0,
    0x03, 0x00, 0x04, 0x0F, 0xDF, 0x9F, 0x7C, 0x3C, 0xF0, 0xF3, 0xC3, 0xCF, 0x0F, 0x3C, 0x3C, 0xF0,
    0xF3, 0xC3, 0xFF, 0x8F, 0xFF, 0x1E, 0xE0, 0x00, 0xE0, 0x07, 0x80, 0x1C, 0x00, 0x60, 0x03, 0x00,
    0x08, 0x0F, 0xDF, 0x9F, 0x7C, 0x3C, 0xF0, 0xF3, 0xC3, 0xCF, 0x0F, 0x3C, 0x3C, 0xF0, 0xF3, 0xC3,
    0xFF, 0x8F, 0xFF, 0x1E, 0xE0, 0x03, 0x00, 0x0E, 0x00, 0x78, 0x03, 0xF0, 0x0C, 0xC0, 0x21, 0x0F,
    0xDF, 0x9F, 0x7C, 0x3C, 0xF0, 0xF3, 0xC3, 0xCF, 0x0F, 0x3C, 0x3C, 0xF0, 0xF3, 0xC3, 0xFF, 0x8F,
    0xFF, 0x1E, 0xE0, 0x1C, 0xE0, 0x7B, 0xC1, 0xEF, 0x07, 0x38, 0x00, 0x00, 0x00, 0x0F, 0xDF, 0x9F,
    0x7C, 0x3C, 0xF0, 0xF3, 0xC3, 0xCF, 0x0F, 0x3C, 0x3C, 0xF0, 0xF3, 0xC3, 0xFF, 0x8F, 0xFF, 0x1E,
    0xE0, 0x00, 0xE0, 0x07, 0x00, 0x70, 0x03, 0x00, 0x30, 0x00, 0x01, 0xFB, 0xE7, 0x8E, 0x3E, 0x60,
    0xF3, 0x07, 0xB8, 0x3F, 0x80, 0xFC, 0x07, 0xC0, 0x1E, 0x00, 0xF0, 0x03, 0x00, 0x18, 0x01, 0x80,
    0x0C, 0x00, 0xE0, 0x3E, 0x01, 0xF0, 0x0F, 0x00, 0x30, 0x00, 0x1C, 0x03, 0xF0, 0x07, 0xC0, 0x0F,
    0x00, 0x3C, 0x00, 0xF0, 0x03, 0xC0, 0x0F, 0xFC, 0x3F, 0xF8, 0xF1, 0xE3, 0xC7, 0xCF, 0x0F, 0x3C,
    0x3C, 0xF0, 0xF3, 0xC7, 0x8F, 0x1E, 0x3F, 0xF0, 0xFF, 0x83, 0xC0, 0x0F, 0x00, 0x3C, 0x00, 0xF0,
    0x03, 0xC0, 0x1F, 0x00, 0xFF, 0x00, 0x1C, 0xE0, 0xF7, 0x87, 0xBC, 0x39, 0xC0, 0x00, 0x00, 0x03,
    0xFB, 0xEF, 0x8E, 0x3C, 0x61, 0xE7, 0x07, 0xB0, 0x3D, 0x81, 0xF8, 0x07, 0xC0, 0x3E, 0x00, 0xE0,
    0x07, 0x00, 0x30, 0x01, 0x80, 0x1C, 0x00, 0xC0, 0x3E, 0x03, 0xE0, 0x1F, 0x00, 0x70, 0x00, 0x00,
    0x00, 0x00, 0x7F, 0x80, 0x0F, 0xF0, 0x00, 0x08, 0x00, 0x07, 0x00, 0x01, 0xE0, 0x00, 0x7E, 0x00,
    0x0F, 0xC0, 0x01, 0xF8, 0x00, 0x7F, 0x80, 0x0D, 0xF0, 0x01, 0x9E, 0x00, 0x73, 0xE0, 0x0C, 0x7C,
    0x03, 0xFF, 0x80, 0x7F, 0xF8, 0x0C, 0x1F, 0x03, 0x83, 0xE0, 0x70, 0x3E, 0x3E, 0x0F, 0xEF, 0xF3,
    0xFE, 0x00, 0x0F, 0xF1, 0xFE, 0x00, 0x00, 0x00, 0x3E, 0x1F, 0xE7, 0x3C, 0xE7, 0x80, 0xF0, 0x7E,
    0x3F, 0xCF, 0x79, 0xEF, 0x3F, 0xFF, 0xDE, 0x02, 0x08, 0x00, 0x77, 0x00, 0x0F, 0xE0, 0x00, 0xF8,
    0x00, 0x02, 0x00, 0x00, 0xE0, 0x00, 0x7C, 0x00, 0x0F, 0x80, 0x01, 0xF8, 0x00, 0x7F, 0x00, 0x0D,
    0xE0, 0x03, 0xBC, 0x00, 0x67, 0xC0, 0x0C, 0x78, 0x03, 0x8F, 0x00, 0x7F, 0xF0, 0x0F, 0xFE, 0x03,
    0x83, 0xC0, 0x60, 0x7C, 0x1C, 0x0F, 0x87, 0xC1, 0xF9, 0xFC, 0xFF, 0x80, 0x21, 0x07, 0xE0, 0xFC,
    0x0F, 0x00, 0x00, 0x3E, 0x1F, 0xE7, 0x3C, 0xE7, 0x80, 0xF0, 0x7E, 0x3F, 0xCF, 0x79, 0xEF, 0x3F,
    0xFF, 0xDE, 0x00, 0x10, 0x00, 0x0F, 0x80, 0x00, 0xF8, 0x00, 0x0F, 0x80, 0x01, 0xFC, 0x00, 0x1F,
    0xC0, 0x03, 0xBC, 0x00, 0x3B, 0xE0, 0x03, 0x3E, 0x00, 0x73, 0xE0, 0x07, 0x1E, 0x00, 0x7F, 0xF0,
    0x0F, 0xFF, 0x00, 0xC0, 0xF0, 0x1C, 0x0F, 0x81, 0xC0, 0xF8, 0x7F, 0x0F, 0xE7, 0xF3, 0xFE, 0x00,
    0x03, 0x00, 0x00, 0x70, 0x00, 0x0E, 0x00, 0x00, 0xE0, 0x00, 0x0E, 0x60, 0x00, 0xFE, 0x00, 0x0F,
    0xC0, 0x00, 0x78, 0x1F, 0x0F, 0xF3, 0x9E, 0x73, 0xC0, 0x78, 0x3F, 0x1F, 0xE7, 0xBC, 0xF7, 0x9F,
    0xFF, 0xEF, 0x01, 0xC0, 0x30, 0x0E, 0x01, 0xC0, 0x39, 0x07, 0xE0, 0xF8, 0x0E, 0x00, 0x00, 0x38,
    0x00, 0x78, 0x00, 0x70, 0x00, 0xE0, 0x01, 0x80, 0x03, 0xFE, 0x0F, 0xFF, 0x3E, 0x07, 0x7C, 0x03,
    0x78, 0x03, 0xF8, 0x00, 0xF8, 0x00, 0xF0, 0x00, 0xF0, 0x00, 0xF0, 0x00, 0xF8, 0x00, 0xF8, 0x00,
    0x78, 0x03, 0x7C, 0x03, 0x3E, 0x07, 0x1F, 0xFE, 0x07, 0xFC, 0x03, 0x81, 0xE0, 0x70, 0x38, 0x0C,
    0x02, 0x01, 0xF9, 0xFF, 0x61, 0xB8, 0x0E, 0x03, 0x80, 0xF0, 0x3E, 0x7F, 0xF9, 0xFE, 0x3E, 0x00,
    0x00, 0xE0, 0x01, 0xF0, 0x03, 0xF8, 0x07, 0x1C, 0x00, 0x00, 0x03, 0xFE, 0x0F, 0xFF, 0x3E, 0x07,
    0x7C, 0x03, 0x78, 0x03, 0xF8, 0x00, 0xF8, 0x00, 0xF0, 0x00, 0xF0, 0x00, 0xF0, 0x00, 0xF8, 0x00,
    0xF8, 0x00, 0x78, 0x03, 0x7C, 0x03, 0x3E, 0x07, 0x1F, 0xFE, 0x07, 0xFC, 0x0C, 0x03, 0x81, 0xE0,
    0xFC, 0x33, 0x88, 0x41, 0xF9, 0xFF, 0x61, 0xB8, 0x0E, 0x03, 0x80, 0xF0, 0x3E, 0x7F, 0xF9, 0xFE,
    0x3E, 0x00, 0x01, 0xE0, 0x01, 0xE0, 0x01, 0xE0, 0x01, 0xE0, 0x00, 0x00, 0x03, 0xFE, 0x0F, 0xFF,
    0x3E, 0x07, 0x7C, 0x03, 0x78, 0x03, 0xF8, 0x00, 0xF8, 0x00, 0xF0, 0x00, 0xF0, 0x00, 0xF0, 0x00,
    0xF8, 0x00, 0xF8, 0x00, 0x78, 0x03, 0x7C, 0x03, 0x3E, 0x07, 0x1F, 0xFE, 0x07, 0xFC, 0x0E, 0x07,
    0x81, 0xE0, 0x38, 0x00, 0x00, 0x01, 0xF9, 0xFF, 0x61, 0xB8, 0x0E, 0x03, 0x80, 0xF0, 0x3E, 0x6F,
    0xF9, 0xFC, 0x3E, 0x00, 0x07, 0x1C, 0x03, 0xF8, 0x01, 0xF0, 0x00, 0xE0, 0x00, 0x00, 0x03, 0xFE,
    0x0F, 0xFF, 0x3E, 0x07, 0x7C, 0x03, 0x78, 0x03, 0xF8, 0x00, 0xF8, 0x00, 0xF0, 0x00, 0xF0, 0x00,
    0xF0, 0x00, 0xF8, 0x00, 0xF8, 0x00, 0x78, 0x03, 0x7C, 0x03, 0x3E, 0x07, 0x1F, 0xFE, 0x07, 0xFC,
    0x31, 0x8E, 0xC1, 0xF0, 0x78, 0x0E, 0x01, 0x01, 0xF9, 0xFE, 0x61, 0xB8, 0x0E, 0x03, 0x80, 0xF0,
    0x3E, 0x7F, 0xF9, 0xFE, 0x3E, 0x00, 0x06, 0x0C, 0x00, 0x7F, 0x80, 0x07, 0xC0, 0x00, 0x70, 0x00,
    0x00, 0x00, 0xFF, 0xF8, 0x0F, 0xFF, 0xC0, 0xF0, 0x7C, 0x1E, 0x07, 0xC3, 0xC0, 0x7C, 0x78, 0x0F,
    0x8F, 0x01, 0xF1, 0xE0, 0x1E, 0x3C, 0x03, 0xC7, 0x80, 0x78, 0xF0, 0x0F, 0x1E, 0x03, 0xE3, 0xC0,
    0x78, 0x78, 0x1F, 0x0F, 0x03, 0xC3, 0xFF, 0xF0, 0xFF, 0xF8, 0x00, 0x00, 0x76, 0x03, 0xF6, 0x01,
    0xF6, 0x00, 0xF6, 0x00, 0xF6, 0x00, 0xF4, 0x00, 0xF0, 0x1F, 0xF0, 0x7F, 0xF0, 0x71, 0xF0, 0xF0,
    0xF0, 0xF0, 0xF0, 0xF0, 0xF0, 0xF0, 0xF0, 0xF0, 0xF0, 0xF9, 0xF0, 0x7F, 0xF8, 0x3E, 0xF0, 0x00,
    0x00, 0x7F, 0xFC, 0x07, 0xFF, 0xE0, 0x78, 0x3E, 0x0F, 0x03, 0xE1, 0xE0, 0x3E, 0x3C, 0x07, 0xC7,
    0x80, 0xF8, 0xF0, 0x0F, 0x7F, 0xC1, 0xEF, 0xF0, 0x3C, 0x78, 0x07, 0x8F, 0x01, 0xF1, 0xE0, 0x3C,
    0x3C, 0x0F, 0x87, 0x81, 0xE1, 0xFF, 0xF8, 0x7F, 0xFC, 0x00, 0x00, 0x10, 0x03, 0xC0, 0x3F, 0x00,
    0x7C, 0x00, 0xF0, 0x7F, 0xE0, 0xFF, 0x00, 0x3C, 0x1F, 0xF1, 0xFF, 0xC7, 0x1F, 0x3C, 0x3C, 0xF0,
    0xF3, 0xC3, 0xCF, 0x0F, 0x3C, 0x3C, 0xF9, 0xF1, 0xFF, 0xF3, 0xEF, 0x00, 0x00, 0x00, 0x3F, 0xC1,
    0xFF, 0x00, 0x00, 0x7F, 0xF8, 0xFF, 0xF1, 0xE0, 0xC7, 0x83, 0x1E, 0x04, 0x78, 0x01, 0xE1, 0x07,
    0x8C, 0x1F, 0xF0, 0x7F, 0xC1, 0xE1, 0x07, 0x80, 0x1E, 0x00, 0x78, 0x11, 0xE0, 0xCF, 0xFF, 0x7F,
    0xFC, 0x00, 0x1F, 0xE7, 0xF8, 0x00, 0x00, 0x0F, 0xC7, 0xFB, 0xCE, 0xFF, 0xBF, 0xCE, 0x03, 0xC0,
    0xF9, 0xFF, 0xE7, 0xF8, 0xFC, 0x08, 0x20, 0x3B, 0x80, 0xFE, 0x01, 0xF0, 0x00, 0x01, 0xFF, 0xE3,
    0xFF, 0xC7, 0x83, 0x1E, 0x0C, 0x78, 0x11, 0xE0, 0x07, 0x8C, 0x1E, 0x30, 0x7F, 0xC1, 0xFF, 0x07,
    0x84, 0x1E, 0x00, 0x78, 0x01, 0xE0, 0x47, 0x83, 0x3F, 0xFD, 0xFF, 0xF0, 0x21, 0x0F, 0xC3, 0xF0,
    0x78, 0x00, 0x0F, 0xC7, 0xFB, 0xCE, 0xFF, 0xBF, 0xCE, 0x03, 0xC0, 0xF9, 0xFF, 0xE7, 0xF8, 0xFC,
    0x03, 0xC0, 0x0F, 0x00, 0x3C, 0x00, 0xF0, 0x00, 0x01, 0xFF, 0xE3, 0xFF, 0xC7, 0x83, 0x1E, 0x0C,
    0x78, 0x11, 0xE0, 0x07, 0x84, 0x1E, 0x30, 0x7F, 0xC1, 0xFF, 0x07, 0x84, 0x1E, 0x00, 0x78, 0x01,
    0xE0, 0x47, 0x83, 0x3F, 0xFD, 0xFF, 0xF0, 0x0E, 0x07, 0x81, 0xE0, 0x38, 0x00, 0x00, 0x03, 0xF1,
    0xFE, 0xF3, 0xBF, 0xEF, 0xF3, 0x80, 0xF0, 0x3E, 0x7F, 0xF9, 0xFE, 0x3F, 0x00, 0x7F, 0xF8, 0xFF,
    0xF1, 0xE0, 0xC7, 0x83, 0x1E, 0x04, 0x78, 0x01, 0xE1, 0x07, 0x8C, 0x1F, 0xF0, 0x7F, 0xC1, 0xE1,
    0x07, 0x80, 0x1E, 0x00, 0x78, 0x11, 0xE0, 0xCF, 0xFF, 0x7F, 0xFC, 0x01, 0xC0, 0x0E, 0x00, 0x38,
    0x01, 0xC0, 0x07, 0x90, 0x1F, 0xC0, 0x7E, 0x00, 0x70, 0x3F, 0x3F, 0xFC, 0xFC, 0x7F, 0xFF, 0xFB,
    0x81, 0xE1, 0xFF, 0xBF, 0xCF, 0xC1, 0xC0, 0xC0, 0xE0, 0x70, 0x39, 0x1F, 0x8F, 0x83, 0x80, 0x18,
    0x30, 0x3F, 0xC0, 0x7E, 0x00, 0xE0, 0x00, 0x01, 0xFF, 0xE3, 0xFF, 0xC7, 0x83, 0x1E, 0x0C, 0x78,
    0x11, 0xE0, 0x07, 0x84, 0x1E, 0x30, 0x7F, 0xC1, 0xFF, 0x07, 0x84, 0x1E, 0x00, 0x78, 0x01, 0xE0,
    0x47, 0x83, 0x3F, 0xFD, 0xFF, 0xF0, 0x31, 0x8E, 0xC1, 0xF0, 0x78, 0x0E, 0x01, 0x03, 0xF1, 0xFE,
    0xF3, 0xBF, 0xEF, 0xF3, 0x80, 0xF0, 0x3E, 0x7F, 0xF9, 0xFE, 0x3F, 0x00, 0x00, 0xE0, 0x00, 0xF8,
    0x00, 0xFE, 0x00, 0x63, 0x80, 0x00, 0x00, 0x3F, 0xF0, 0x7F, 0xFC, 0x7C, 0x0E, 0x7C, 0x03, 0x3C,
    0x01, 0xBE, 0x00, 0x1F, 0x00, 0x0F, 0x00, 0x07, 0x80, 0x03, 0xC3, 0xFF, 0xF0, 0x7E, 0xF8, 0x1E,
    0x3C, 0x0F, 0x1F, 0x07, 0x87, 0xC3, 0xE1, 0xFF, 0xF0, 0x3F, 0xC0, 0x06, 0x00, 0x70, 0x03, 0xC0,
    0x3F, 0x01, 0x98, 0x08, 0x40, 0x7E, 0x0F, 0xFF, 0x7B, 0xF7, 0x8F, 0x3C, 0x79, 0xE3, 0xC7, 0xBC,
    0x3D, 0xC0, 0xFC, 0x0E, 0x80, 0xFF, 0xC7, 0xFF, 0x9F, 0xFC, 0xEF, 0xEE, 0x0F, 0x70, 0x73, 0x87,
    0x9F, 0xF0, 0x3E, 0x00, 0x02, 0x08, 0x01, 0xDC, 0x00, 0xFE, 0x00, 0x3E, 0x00, 0x00, 0x00, 0x3F,
    0xF0, 0x7F, 0xFC, 0x7C, 0x0E, 0x7C, 0x03, 0x3C, 0x01, 0xBE, 0x00, 0x1F, 0x00, 0x0F, 0x00, 0x07,
    0x80, 0x03, 0xC1, 0xFF, 0xF0, 0x7E, 0xF8, 0x1E, 0x3C, 0x0F, 0x1F, 0x07, 0x87, 0xC3, 0xE1, 0xFF,
    0xF0, 0x3F, 0xC0, 0x10, 0x80, 0xCC, 0x07, 0xE0, 0x1E, 0x00, 0x00, 0x0F, 0xC1, 0xFF, 0xEF, 0x7E,
    0xF1, 0xE7, 0x8F, 0x3C, 0x78, 0xF7, 0x87, 0xB8, 0x1F, 0x81, 0xD0, 0x1F, 0xF8, 0xFF, 0xF3, 0xFF,
    0x9F, 0xFD, 0xC1, 0xEE, 0x0E, 0x70, 0xF3, 0xFE, 0x07, 0xC0, 0x00, 0xF0, 0x00, 0x78, 0x00, 0x3C,
    0x00, 0x1E, 0x00, 0x00, 0x00, 0x3F, 0xF0, 0x7F, 0xFC, 0x7C, 0x0E, 0x7C, 0x03, 0x3C, 0x01, 0xBE,
    0x00, 0x1F, 0x00, 0x0F, 0x00, 0x07, 0x80, 0x03, 0xC1, 0xFF, 0xF0, 0x7E, 0xF8, 0x1E, 0x3C, 0x0F,
    0x1F, 0x07, 0x87, 0xC3, 0xE1, 0xFF, 0xF0, 0x3F, 0xC0, 0x0E, 0x00, 0x78, 0x03, 0xC0, 0x1C, 0x00,
    0x00, 0x00, 0x00, 0x7E, 0x0F, 0xFF, 0x7B, 0xF7, 0x8F, 0x3C, 0x79, 0xE3, 0xC7, 0xBC, 0x3D, 0xC0,
    0xFC, 0x0E, 0x80, 0xFF, 0xC7, 0xFF, 0x9F, 0xFC, 0xFF, 0xEE, 0x0F, 0x70, 0x73, 0x87, 0x9F, 0xF0,
    0x3E, 0x00, 0x07, 0xFE, 0x0F, 0xFF, 0x8F, 0x81, 0xCF, 0x80, 0x67, 0x80, 0x37, 0xC0, 0x03, 0xE0,
    0x01, 0xE0, 0x00, 0xF0, 0x00, 0x78, 0x7F, 0xFE, 0x0F, 0xDF, 0x03, 0xC7, 0x81, 0xE3, 0xE0, 0xF0,
    0xF8, 0x7C, 0x3F, 0xFE, 0x07, 0xF8, 0x00, 0x00, 0x00, 0x70, 0x00, 0x3C, 0x00, 0x1E, 0x00, 0x07,
    0x00, 0x01, 0x80, 0x01, 0x80, 0x01, 0x80, 0x00, 0x07, 0x00, 0x70, 0x03, 0x00, 0x1C, 0x00, 0xF0,
    0x07, 0x00, 0x00, 0x03, 0xF0, 0x7F, 0xFB, 0xDF, 0xBC, 0x79, 0xE3, 0xCF, 0x1E, 0x3D, 0xE1, 0xEE,
    0x07, 0xE0, 0x74, 0x07, 0xFE, 0x3F, 0xFC, 0xFF, 0xE7, 0x7F, 0x70, 0x7B, 0x83, 0x9C, 0x3C, 0xFF,
    0x81, 0xF0, 0x00, 0x00, 0x00, 0x00, 0x07, 0x80, 0x00, 0xFC, 0x00, 0x1F, 0xE0, 0x00, 0x00, 0x07,
    0xF8, 0xFF, 0x3F, 0x07, 0xE1, 0xE0, 0x3C, 0x1E, 0x03, 0xC1, 0xE0, 0x3C, 0x1E, 0x03, 0xC1, 0xE0,
    0x3C, 0x1E, 0x03, 0xC1, 0xFF, 0xFC, 0x1F, 0xFF, 0xC1, 0xE0, 0x3C, 0x1E, 0x03, 0xC1, 0xE0, 0x3C,
    0x1E, 0x03, 0xC1, 0xE0, 0x3C, 0x3E, 0x07, 0xE7, 0xF8, 0xFF, 0x18, 0x00, 0x78, 0x01, 0xFC, 0x07,
    0xB8, 0x00, 0x00, 0x01, 0xC0, 0x1F, 0x80, 0x1F, 0x00, 0x1E, 0x00, 0x3C, 0x00, 0x78, 0x00, 0xF0,
    0x01, 0xEF, 0x83, 0xFF, 0x07, 0xFF, 0x0F, 0x1E, 0x1E, 0x3C, 0x3C, 0x78, 0x78, 0xF0, 0xF1, 0xE1,
    0xE3, 0xC3, 0xCF, 0x9F, 0xFF, 0x80, 0x7F, 0x8F, 0xF3, 0xF0, 0x7E, 0x1E, 0x03, 0xC3, 0xFF, 0xFC,
    0xFF, 0xFF, 0xF7, 0xFF, 0xFE, 0x1E, 0x03, 0xC1, 0xE0, 0x3C, 0x1F, 0xFF, 0xC1, 0xFF, 0xFC, 0x1E,
    0x03, 0xC1, 0xE0, 0x3C, 0x1E, 0x03, 0xC1, 0xE0, 0x3C, 0x1E, 0x03, 0xC3, 0xF0, 0x7E, 0x7F, 0x8F,
    0xF0, 0x1C, 0x03, 0xF0, 0x07, 0xC0, 0x1F, 0xE0, 0xFF, 0xC1, 0xFE, 0x03, 0xC0, 0x0F, 0x7C, 0x3F,
    0xF0, 0xFF, 0xE3, 0xCF, 0x8F, 0x1E, 0x3C, 0x78, 0xF1, 0xE3, 0xC7, 0x8F, 0x1E, 0x3C, 0xFB, 0xFF,
    0xF0, 0x00, 0x80, 0x63, 0xF9, 0xFC, 0x40, 0x1F, 0xE3, 0xF0, 0x78, 0x1E, 0x07, 0x81, 0xE0, 0x78,
    0x1E, 0x07, 0x81, 0xE0, 0x78, 0x1E, 0x07, 0x81, 0xE0, 0x78, 0x3E, 0x1F, 0xE0, 0x01, 0x9F, 0x9F,
    0xC9, 0x84, 0x00, 0x71, 0xF8, 0xFC, 0x1E, 0x0F, 0x07, 0x83, 0xC1, 0xE0, 0xF0, 0x78, 0xFE, 0x00,
    0x1F, 0xE7, 0xF8, 0x00, 0x7F, 0x8F, 0xC1, 0xE0, 0x78, 0x1E, 0x07, 0x81, 0xE0, 0x78, 0x1E, 0x07,
    0x81, 0xE0, 0x78, 0x1E, 0x07, 0x81, 0xE0, 0xFC, 0x7F, 0x80, 0xFF, 0xFF, 0xC0, 0x00, 0x00, 0xE3,
    0xF1, 0xF8, 0x3C, 0x1E, 0x0F, 0x07, 0x83, 0xC1, 0xE0, 0xF1, 0xFC, 0x41, 0x31, 0x9D, 0xCF, 0xE3,
    0xE7, 0xFC, 0xFC, 0x3C, 0x1E, 0x0F, 0x07, 0x83, 0xC1, 0xE0, 0xF0, 0x78, 0x3C, 0x1E, 0x0F, 0x07,
    0x83, 0xC3, 0xE7, 0xFC, 0x42, 0x66, 0x7E, 0x3C, 0x00, 0x0E, 0x7E, 0x7C, 0x3C, 0x3C, 0x3C, 0x3C,
    0x3C, 0x3C, 0x3C, 0x7F, 0xFF, 0x9F, 0x07, 0x83, 0xC1, 0xE0, 0xF0, 0x78, 0x3C, 0x1E, 0x0F, 0x07,
    0x83, 0xC1, 0xE0, 0xF0, 0x78, 0x7F, 0xFF, 0x86, 0x07, 0x07, 0x03, 0x81, 0xCC, 0xFE, 0x7E, 0x1E,
    0x00, 0x38, 0x3C, 0x3C, 0x38, 0x00, 0x00, 0x1C, 0xFC, 0xFC, 0x3C, 0x3C, 0x3C, 0x3C, 0x3C, 0x3C,
    0x3C, 0xFE, 0x18, 0x30, 0x70, 0x70, 0x72, 0x7E, 0x7C, 0x38, 0x1E, 0x0F, 0x07, 0x83, 0xC0, 0x03,
    0xFC, 0xFC, 0x3C, 0x1E, 0x0F, 0x07, 0x83, 0xC1, 0xE0, 0xF0, 0x78, 0x3C, 0x1E, 0x0F, 0x07, 0x83,
    0xC3, 0xF3, 0xFC, 0x1C, 0xFC, 0xFC, 0x3C, 0x3C, 0x3C, 0x3C, 0x3C, 0x3C, 0x3C, 0xFE, 0x7F, 0xBF,
    0xC7, 0xE1, 0xF0, 0x78, 0x3C, 0x0F, 0x07, 0x81, 0xE0, 0xF0, 0x3C, 0x1E, 0x07, 0x83, 0xC0, 0xF0,
    0x78, 0x1E, 0x0F, 0x03, 0xC1, 0xE0, 0x78, 0x3C, 0x0F, 0x07, 0x81, 0xE0, 0xF0, 0x3C, 0x1E, 0x07,
    0x83, 0xC1, 0xF0, 0x78, 0x7F, 0x8F, 0x00, 0x01, 0xE0, 0x00, 0x38, 0x00, 0xE7, 0x00, 0x1F, 0xC0,
    0x03, 0xF0, 0x00, 0x00, 0x00, 0x3C, 0x71, 0xE3, 0xCF, 0x1E, 0x78, 0xE0, 0x00, 0x00, 0x00, 0x30,
    0xEF, 0xBF, 0x7D, 0xF9, 0xE3, 0xCF, 0x1E, 0x78, 0xF3, 0xC7, 0x9E, 0x3C, 0xF1, 0xE7, 0x8F, 0x7F,
    0x78, 0x03, 0xC0, 0x1E, 0x01, 0xF0, 0x0F, 0x00, 0x78, 0x03, 0x80, 0x78, 0x03, 0x80, 0x07, 0x01,
    0xF0, 0x7F, 0x1C, 0x70, 0x00, 0x3F, 0xC3, 0xF0, 0x3C, 0x07, 0x80, 0xF0, 0x1E, 0x03, 0xC0, 0x78,
    0x0F, 0x01, 0xE0, 0x3C, 0x07, 0x80, 0xF0, 0x1E, 0x03, 0xC0, 0x78, 0x0F, 0x01, 0xC0, 0x38, 0xEE,
    0x1D, 0x83, 0xE0, 0x00, 0x00, 0x0C, 0x1C, 0x3E, 0x3E, 0x77, 0x63, 0x0E, 0x7E, 0x7E, 0x1E, 0x1E,
    0x1E, 0x1E, 0x1E, 0x1E, 0x1E, 0x1E, 0x1E, 0x1E, 0x3E, 0x3C, 0x3C, 0x38, 0xF0, 0xE0, 0x7F, 0x9F,
    0xF3, 0xF0, 0xFC, 0x1E, 0x0E, 0x01, 0xE1, 0xC0, 0x1E, 0x18, 0x01, 0xE3, 0x00, 0x1E, 0x60, 0x01,
    0xEE, 0x00, 0x1F, 0xF0, 0x01, 0xFF, 0x80, 0x1F, 0xF8, 0x01, 0xEF, 0xC0, 0x1E, 0x7E, 0x01, 0xE3,
    0xF0, 0x1E, 0x1F, 0x83, 0xE0, 0xFC, 0x7F, 0x9F, 0xF0, 0x00, 0x00, 0x00, 0xE0, 0x00, 0x1F, 0x00,
    0x01, 0xF0, 0x00, 0x07, 0x00, 0x00, 0x30, 0x00, 0x0E, 0x00, 0x00, 0xC0, 0x00, 0x1C, 0x03, 0xF0,
    0x07, 0xC0, 0x0F, 0x00, 0x3C, 0x00, 0xF0, 0x03, 0xC0, 0x0F, 0x3E, 0x3C, 0xE0, 0xF7, 0x03, 0xD8,
    0x0F, 0xC0, 0x3F, 0x80, 0xFF, 0x03, 0xFE, 0x0F, 0x78, 0x3C, 0xFB, 0xFF, 0xF0, 0x00, 0x00, 0xC0,
    0x07, 0x80, 0x1E, 0x00, 0x18, 0x00, 0x60, 0x03, 0x00, 0x18, 0x00, 0x1D, 0xFF, 0xF3, 0xCF, 0xDC,
    0x0F, 0xE0, 0x3F, 0x80, 0xFE, 0x03, 0xFC, 0x0F, 0xF8, 0x3D, 0xF0, 0xF3, 0xEF, 0xFF, 0xC0, 0x03,
    0x00, 0x0F, 0x00, 0x3C, 0x00, 0xE0, 0x01, 0x80, 0x0F, 0xF0, 0x0F, 0xC0, 0x0F, 0x00, 0x1E, 0x00,
    0x3C, 0x00, 0x78, 0x00, 0xF0, 0x01, 0xE0, 0x03, 0xC0, 0x07, 0x80, 0x0F, 0x00, 0x1E, 0x00, 0x3C,
    0x0C, 0x78, 0x18, 0xF0, 0x63, 0xFF, 0xCF, 0xFF, 0x80, 0x06, 0x0F, 0x3F, 0x78, 0x00, 0x1C, 0xFC,
    0x7C, 0x3C, 0x3C, 0x3C, 0x3C, 0x3C, 0x3C, 0x3C, 0x3C, 0x3C, 0x3C, 0x3C, 0x3C, 0x3C, 0x3C, 0xFE,
    0x7F, 0x80, 0x7E, 0x00, 0x78, 0x00, 0xF0, 0x01, 0xE0, 0x03, 0xC0, 0x07, 0x80, 0x0F, 0x00, 0x1E,
    0x00, 0x3C, 0x00, 0x78, 0x00, 0xF0, 0x01, 0xE0, 0x63, 0xC0, 0xC7, 0x83, 0x1F, 0xFE, 0x7F, 0xFC,
    0x00, 0x00, 0x0E, 0x00, 0x3E, 0x00, 0x3C, 0x00, 0x38, 0x00, 0x30, 0x01, 0xC0, 0x03, 0x00, 0x1D,
    0xF9, 0xF1, 0xE3, 0xC7, 0x8F, 0x1E, 0x3C, 0x78, 0xF1, 0xE3, 0xC7, 0x8F, 0x1E, 0x3D, 0xFC, 0x01,
    0xC3, 0xC7, 0x87, 0x06, 0x38, 0x60, 0x7F, 0x98, 0x7E, 0x70, 0x78, 0xE0, 0xF1, 0xC1, 0xE3, 0x03,
    0xC2, 0x07, 0x80, 0x0F, 0x00, 0x1E, 0x00, 0x3C, 0x00, 0x78, 0x00, 0xF0, 0x01, 0xE0, 0x63, 0xC0,
    0xC7, 0x83, 0x1F, 0xFE, 0x7F, 0xFC, 0x1D, 0xFF, 0xDF, 0xE7, 0xF3, 0xF1, 0xE8, 0xF0, 0x78, 0x3C,
    0x1E, 0x0F, 0x07, 0x83, 0xC1, 0xE0, 0xF0, 0x78, 0x3C, 0x7F, 0x00, 0x7F, 0x80, 0x7E, 0x00, 0x78,
    0x00, 0xF0, 0x01, 0xE0, 0x03, 0xC0, 0x07, 0x8E, 0x0F, 0x3C, 0x1E, 0x78, 0x3C, 0x70, 0x78, 0x00,
    0xF0, 0x01, 0xE0, 0x63, 0xC0, 0xC7, 0x83, 0x1F, 0xFE, 0x7F, 0xFC, 0x1C, 0x1F, 0x81, 0xF0, 0x1E,
    0x03, 0xC0, 0x78, 0x0F, 0x01, 0xE0, 0x3D, 0xC7, 0xBC, 0xF7, 0x9E, 0xE3, 0xC0, 0x78, 0x0F, 0x01,
    0xE0, 0x3C, 0x1F, 0xC0, 0x7F, 0x80, 0x7E, 0x00, 0x78, 0x00, 0xF0, 0x01, 0xE0, 0x03, 0xC0, 0x07,
    0xB0, 0x0F, 0xE0, 0x3F, 0x80, 0xFC, 0x03, 0xF8, 0x00, 0xF0, 0x01, 0xE0, 0x63, 0xC0, 0xC7, 0x83,
    0x1F, 0xFE, 0x7F, 0xFC, 0x1C, 0xFC, 0x7C, 0x3C, 0x3C, 0x3C, 0x3E, 0x3F, 0x3C, 0xFC, 0xFC, 0x3C,
    0x3C, 0x3C, 0x3C, 0x3C, 0x3C, 0xFE, 0x00, 0x0C, 0x00, 0x01, 0xE0, 0x00, 0x3C, 0x00, 0x07, 0x00,
    0x00, 0x60, 0x0F, 0xE0, 0x7E, 0x7F, 0x03, 0xC3, 0xF0, 0x18, 0x1F, 0x81, 0x81, 0xFC, 0x18, 0x1F,
    0xE1, 0x81, 0xFF, 0x18, 0x1B, 0xF9, 0x81, 0x9F, 0x98, 0x18, 0xFD, 0x81, 0x87, 0xF8, 0x38, 0x3F,
    0x83, 0x81, 0xF8, 0x38, 0x0F, 0x83, 0x80, 0xF8, 0x3C, 0x07, 0x8F, 0xE0, 0x38, 0x00, 0xE0, 0x03,
    0x80, 0x1C, 0x00, 0x60, 0x03, 0x80, 0x0C, 0x01, 0xDF, 0x1F, 0xFC, 0x7F, 0xF8, 0xF1, 0xE3, 0xC7,
    0x8F, 0x1E, 0x3C, 0x78, 0xF1, 0xE3, 0xC7, 0x8F, 0x1E, 0xFF, 0xFC, 0xFE, 0x07, 0xE7, 0xF0, 0x1C,
    0x3F, 0x01, 0x81, 0xF8, 0x18, 0x1F, 0xC1, 0x81, 0xFE, 0x18, 0x1F, 0xF1, 0x81, 0xBF, 0x98, 0x19,
    0xF9, 0x81, 0x8F, 0xD8, 0x18, 0x7F, 0x83, 0x83, 0xF8, 0x38, 0x1F, 0x83, 0x80, 0xF8, 0x38, 0x0F,
    0x83, 0xC0, 0x78, 0xFE, 0x03, 0x80, 0x00, 0x00, 0x00, 0xE0, 0x00, 0x0F, 0x00, 0x00, 0xF0, 0x00,
    0x07, 0x00, 0x00, 0x30, 0x00, 0x0E, 0x00, 0x00, 0xC0, 0x00, 0x1D, 0xF1, 0xFF, 0xC7, 0xFF, 0x8F,
    0x1E, 0x3C, 0x78, 0xF1, 0xE3, 0xC7, 0x8F, 0x1E, 0x3C, 0x78, 0xF3, 0xEF, 0xFF, 0xC0, 0x00, 0x03,
    0x00, 0x1E, 0x00, 0x78, 0x00, 0x60, 0x01, 0x80, 0x0C, 0x00, 0x60, 0x00, 0x03, 0x8E, 0x00, 0x1F,
    0xC0, 0x00, 0xF8, 0x00, 0x07, 0x00, 0x00, 0x00, 0x0F, 0xE0, 0x7E, 0x7F, 0x03, 0xC3, 0xF0, 0x18,
    0x1F, 0x81, 0x81, 0xFC, 0x18, 0x1F, 0xE1, 0x81, 0xFF, 0x18, 0x1B, 0xF9, 0x81, 0x9F, 0x98, 0x18,
    0xFD, 0x81, 0x87, 0xF8, 0x38, 0x3F, 0x83, 0x81, 0xF8, 0x38, 0x0F, 0x83, 0x80, 0xF8, 0x3C, 0x07,
    0x8F, 0xE0, 0x38, 0x0C, 0x60, 0x3B, 0x80, 0x7C, 0x01, 0xE0, 0x03, 0x80, 0x04, 0x01, 0xDF, 0x1F,
    0xFC, 0x7F, 0xF8, 0xF1, 0xE3, 0xC7, 0x8F, 0x1E, 0x3C, 0x78, 0xF1, 0xE3, 0xC7, 0x8F, 0x1E, 0xFF,
    0xFC, 0x78, 0x00, 0x3C, 0x00, 0x1E, 0x00, 0x07, 0x00, 0x01, 0x80, 0x01, 0xC0, 0x01, 0xC0, 0x01,
    0xC7, 0x7C, 0x0F, 0xFE, 0x07, 0xFF, 0x81, 0xE3, 0xC0, 0xF1, 0xE0, 0x78, 0xF0, 0x3C, 0x78, 0x1E,
    0x3C, 0x0F, 0x1E, 0x07, 0x8F, 0x0F, 0xFF, 0xC0, 0xFE, 0x07, 0xF7, 0xF0, 0x3C, 0x3F, 0x81, 0x81,
    0xF8, 0x18, 0x1F, 0xC1, 0x81, 0xFE, 0x18, 0x1B, 0xF1, 0x81, 0x9F, 0x18, 0x19, 0xF9, 0x81, 0x8F,
    0xD8, 0x18, 0x7F, 0x81, 0x83, 0xF8, 0x18, 0x1F, 0x83, 0x81, 0xF8, 0x38, 0x0F, 0x83, 0xC0, 0x78,
    0x7F, 0x03, 0x80, 0x00, 0x18, 0x00, 0x01, 0x80, 0x00, 0x18, 0x00, 0x03, 0x80, 0x01, 0xF0, 0x00,
    0x1F, 0x00, 0x01, 0xE0, 0x1D, 0xF3, 0xFF, 0x9F, 0xFE, 0x78, 0xF3, 0xC7, 0x9E, 0x3C, 0xF1, 0xE7,
    0x8F, 0x3C, 0x79, 0xE3, 0xFF, 0x9E, 0x00, 0xF0, 0x07, 0x80, 0x38, 0x03, 0xC0, 0x1C, 0x03, 0xE0,
    0x1E, 0x00, 0xE0, 0x07, 0xF8, 0x03, 0xFC, 0x00, 0x00, 0x00, 0x00, 0x00, 0x7F, 0x00, 0xFF, 0xE0,
    0xF0, 0x78, 0xF0, 0x3E, 0x78, 0x0F, 0xFC, 0x07, 0xFC, 0x03, 0xFE, 0x01, 0xFF, 0x00, 0x7F, 0xC0,
    0x3F, 0xE0, 0x1F, 0xF0, 0x1F, 0xF8, 0x0F, 0x3E, 0x07, 0x8F, 0x07, 0x83, 0xFF, 0x80, 0x7F, 0x00,
    0x00, 0x03, 0xFC, 0x3F, 0xC0, 0x00, 0x00, 0x01, 0xF8, 0x7F, 0xC7, 0x1E, 0xF1, 0xFF, 0x0F, 0xF0,
    0xFF, 0x0F, 0xF0, 0xEF, 0x9E, 0x7F, 0xC3, 0xF8, 0x02, 0x08, 0x01, 0xDC, 0x00, 0xFE, 0x00, 0x3E,
    0x00, 0x00, 0x00, 0x3F, 0x80, 0x7F, 0xF0, 0x78, 0x3C, 0x78, 0x1F, 0x3C, 0x07, 0xFE, 0x03, 0xFE,
    0x01, 0xFF, 0x00, 0xFF, 0x80, 0x3F, 0xE0, 0x1F, 0xF0, 0x0F, 0xF8, 0x0F, 0xFC, 0x07, 0x9F, 0x03,
    0xC7, 0x83, 0xC1, 0xFF, 0xC0, 0x3F, 0x80, 0x10, 0x81, 0xF8, 0x1F, 0x80, 0xF0, 0x00, 0x01, 0xF8,
    0x7F, 0xC7, 0x1E, 0xF1, 0xFF, 0x0F, 0xF0, 0xFF, 0x0F, 0xF0, 0xEF, 0x9E, 0x7F, 0xC3, 0xF8, 0x00,
    0xCC, 0x00, 0xFF, 0x00, 0xFF, 0x00, 0xEE, 0x00, 0x66, 0x00, 0x3F, 0x80, 0x7F, 0xF0, 0x78, 0x3C,
    0x78, 0x1F, 0x3C, 0x07, 0xFE, 0x03, 0xFE, 0x01, 0xFF, 0x00, 0xFF, 0x80, 0x3F, 0xE0, 0x1F, 0xF0,
    0x0F, 0xF8, 0x0F, 0xFC, 0x07, 0x9F, 0x03, 0xC7, 0x83, 0xC1, 0xFF, 0xC0, 0x3F, 0x80, 0x07, 0xF0,
    0xFE, 0x0E, 0xE1, 0xDC, 0x19, 0x81, 0x10, 0x1F, 0x87, 0xFC, 0x71, 0xEF, 0x1F, 0xF0, 0xFF, 0x0F,
    0xF0, 0xFF, 0x0E, 0xF9, 0xE7, 0xFC, 0x3F, 0x80, 0x07, 0xFF, 0xFE, 0x1F, 0xFF, 0xFE, 0x3C, 0x1F,
    0x06, 0x78, 0x0F, 0x02, 0x78, 0x0F, 0x02, 0xF8, 0x0F, 0x00, 0xF0, 0x0F, 0x08, 0xF0, 0x0F, 0x18,
    0xF0, 0x0F, 0xF8, 0xF0, 0x0F, 0xF8, 0xF8, 0x0F, 0x08, 0xF8, 0x0F, 0x00, 0xF8, 0x0F, 0x00, 0x7C,
    0x0F, 0x03, 0x3C, 0x0F, 0x03, 0x1F, 0xFF, 0xFE, 0x07, 0xFF, 0xFE, 0x1F, 0x9F, 0x9F, 0xFF, 0xF7,
    0x3F, 0x1F, 0xC7, 0xFF, 0xF1, 0xFF, 0xBC, 0x78, 0x0F, 0x1F, 0x03, 0xC7, 0xE3, 0xF9, 0xFF, 0x9F,
    0xFF, 0xE3, 0xFB, 0xF0, 0x00, 0x60, 0x00, 0x0F, 0x00, 0x01, 0xE0, 0x00, 0x1C, 0x00, 0x03, 0x00,
    0x07, 0xFF, 0x80, 0x3F, 0xFC, 0x01, 0xE3, 0xE0, 0x1E, 0x3E, 0x01, 0xE1, 0xE0, 0x1E, 0x1E, 0x01,
    0xE3, 0xC0, 0x1E, 0x78, 0x01, 0xFF, 0x00, 0x1E, 0xF0, 0x01, 0xEF, 0x80, 0x1E, 0x7C, 0x01, 0xE3,
    0xC0, 0x1E, 0x3E, 0x01, 0xE1, 0xF0, 0x3F, 0x0F, 0xF7, 0xFC, 0x7F, 0x01, 0xC0, 0xF0, 0x38, 0x0C,
    0x07, 0x01, 0x81, 0xDD, 0xFF, 0x7F, 0xCF, 0x03, 0xC0, 0xF0, 0x3C, 0x0F, 0x03, 0xC0, 0xF0, 0xFF,
    0x00, 0x7F, 0xF8, 0x03, 0xFF, 0xC0, 0x1E, 0x3E, 0x01, 0xE3, 0xE0, 0x1E, 0x1E, 0x01, 0xE1, 0xE0,
    0x1E, 0x3C, 0x01, 0xE7, 0x80, 0x1F, 0xF0, 0x01, 0xEF, 0x00, 0x1E, 0xF8, 0x01, 0xE7, 0xC0, 0x1E,
    0x3C, 0x01, 0xE3, 0xE0, 0x1E, 0x1F, 0x03, 0xF0, 0xFF, 0x7F, 0xC7, 0xF0, 0x00, 0x00, 0x00, 0xE0,
    0x00, 0x1F, 0x00, 0x01, 0xF0, 0x00, 0x07, 0x00, 0x00, 0x30, 0x00, 0x0E, 0x00, 0x00, 0xC0, 0x00,
    0x1F, 0xDF, 0xF7, 0xFC, 0xF0, 0x3C, 0x0F, 0x03, 0xC0, 0xF0, 0x3C, 0x0F, 0x0F, 0xF0, 0x00, 0x38,
    0x0F, 0x03, 0xC0, 0x70, 0x0C, 0x06, 0x03, 0x00, 0x0C, 0x30, 0x00, 0x7F, 0x00, 0x03, 0xE0, 0x00,
    0x1C, 0x00, 0x00, 0x00, 0x07, 0xFF, 0x80, 0x3F, 0xFC, 0x01, 0xE3, 0xE0, 0x1E, 0x3E, 0x01, 0xE1,
    0xE0, 0x1E, 0x1E, 0x01, 0xE3, 0xC0, 0x1E, 0x78, 0x01, 0xFF, 0x00, 0x1E, 0xF0, 0x01, 0xEF, 0x80,
    0x1E, 0x7C, 0x01, 0xE3, 0xC0, 0x1E, 0x3E, 0x01, 0xE1, 0xF0, 0x3F, 0x0F, 0xF7, 0xFC, 0x7F, 0x18,
    0xC7, 0x60, 0xF8, 0x3C, 0x07, 0x00, 0x81, 0xDD, 0xFF, 0x7F, 0xCF, 0x03, 0xC0, 0xF0, 0x3C, 0x0F,
    0x03, 0xC0, 0xF0, 0xFF, 0x00, 0x00, 0xC0, 0x1E, 0x03, 0xC0, 0x38, 0x06, 0x01, 0xFE, 0x3F, 0xE7,
    0x86, 0x78, 0x67, 0x82, 0x7E, 0x07, 0xF0, 0x7F, 0xC3, 0xFE, 0x0F, 0xE0, 0x7F, 0xC1, 0xFC, 0x1F,
    0xE0, 0xFE, 0x1E, 0x7F, 0xE3, 0xF8, 0x07, 0x03, 0x83, 0x81, 0x81, 0x80, 0xC0, 0xFC, 0xFE, 0x73,
    0x3C, 0x9F, 0x0F, 0xE1, 0xF6, 0x7B, 0x9D, 0xFE, 0x7E, 0x00, 0x07, 0x00, 0xF8, 0x1F, 0xC3, 0x8E,
    0x00, 0x01, 0xFE, 0x3F, 0xE7, 0x86, 0x78, 0x67, 0x82, 0x7E, 0x07, 0xF0, 0x7F, 0xC3, 0xFE, 0x0F,
    0xE0, 0x7F, 0xC1, 0xFC, 0x1F, 0xE0, 0xFE, 0x1E, 0x7F, 0xE3, 0xF8, 0x0C, 0x1C, 0x3E, 0x36, 0x73,
    0x61, 0x3F, 0x7F, 0x73, 0x79, 0x7C, 0x7F, 0x1F, 0xCF, 0xE7, 0xFF, 0x7E, 0x1F, 0xE3, 0xFE, 0x78,
    0x67, 0x86, 0x78, 0x27, 0xE0, 0x7F, 0x07, 0xFC, 0x3F, 0xE0, 0xFE, 0x07, 0xFC, 0x1F, 0xC1, 0xFE,
    0x0F, 0xE1, 0xE7, 0xFE, 0x3F, 0x80, 0x60, 0x0E, 0x00, 0xF0, 0x1F, 0x00, 0x30, 0x03, 0x01, 0xE0,
    0x1C, 0x00, 0x3F, 0x7F, 0x73, 0x79, 0x7C, 0x7F, 0x1F, 0xCF, 0xE7, 0xFF, 0x7E, 0x18, 0x3C, 0x3C,
    0x3E, 0x0C, 0x3C, 0x38, 0x18, 0xE1, 0xFC, 0x0F, 0x80, 0x70, 0x00, 0x01, 0xFE, 0x3F, 0xE7, 0x86,
    0x78, 0x27, 0x80, 0x7E, 0x07, 0xF0, 0x7F, 0xC3, 0xFE, 0x0F, 0xE0, 0x7F, 0xC1, 0xFC, 0x1F, 0xE0,
    0xFE, 0x1E, 0x7F, 0xE3, 0xF8, 0x63, 0x37, 0x3E, 0x1E, 0x1C, 0x08, 0x3F, 0x7F, 0x73, 0x78, 0x7C,
    0x7F, 0x1F, 0xCF, 0xE7, 0xFF, 0x7E, 0x70, 0x01, 0xDF, 0xFF, 0xF7, 0xFF, 0xFB, 0x87, 0x86, 0xC1,
    0xE0, 0x80, 0x78, 0x00, 0x1E, 0x00, 0x07, 0x80, 0x01, 0xE0, 0x00, 0x78, 0x00, 0x1E, 0x00, 0x07,
    0x80, 0x01, 0xE0, 0x00, 0x78, 0x00, 0x1E, 0x00, 0x07, 0xC0, 0x03, 0xFC, 0x03, 0xFF, 0x00, 0x0C,
    0x00, 0x07, 0x80, 0x03, 0xE0, 0x00, 0xF8, 0x00, 0x0E, 0x00, 0x01, 0x80, 0x03, 0xC0, 0x00, 0xE0,
    0x00, 0x1C, 0x0F, 0x0F, 0xF9, 0xFC, 0x3C, 0x0F, 0x03, 0xC0, 0xF0, 0x3C, 0x0F, 0x03, 0xC0, 0xFE,
    0x1F, 0x03, 0x01, 0xE0, 0xF8, 0x1E, 0x01, 0x83, 0xE0, 0xF0, 0x04, 0x18, 0x01, 0xFE, 0x00, 0x3F,
    0x00, 0x07, 0x80, 0x70, 0x01, 0xDF, 0xFF, 0xF7, 0xFF, 0xFB, 0x87, 0x86, 0xC1, 0xE0, 0x80, 0x78,
    0x00, 0x1E, 0x00, 0x07, 0x80, 0x01, 0xE0, 0x00, 0x78, 0x00, 0x1E, 0x00, 0x07, 0x80, 0x01, 0xE0,
    0x00, 0x78, 0x00, 0x1E, 0x00, 0x07, 0x80, 0x03, 0xF0, 0x03, 0xFE, 0x00, 0x01, 0x80, 0x60, 0x18,
    0x06, 0x01, 0x82, 0x41, 0xC1, 0xF0, 0xFF, 0x9F, 0xC3, 0xC0, 0xF0, 0x3C, 0x0F, 0x03, 0xC0, 0xF0,
    0x3C, 0x0F, 0xE1, 0xF8, 0x70, 0x01, 0xDF, 0xFF, 0xF7, 0xFF, 0xFB, 0x87, 0x86, 0xC1, 0xE0, 0x80,
    0x78, 0x00, 0x1E, 0x00, 0x07, 0x80, 0x0F, 0xFC, 0x01, 0xFE, 0x00, 0x1E, 0x00, 0x07, 0x80, 0x01,
    0xE0, 0x00, 0x78, 0x00, 0x1E, 0x00, 0x07, 0x80, 0x03, 0xF0, 0x03, 0xFE, 0x00, 0x0C, 0x07, 0x07,
    0xC3, 0xFE, 0x7F, 0x0F, 0x03, 0xF1, 0xFE, 0x7F, 0x8F, 0x03, 0xC0, 0xF0, 0x3F, 0x87, 0xE0, 0x00,
    0x0C, 0x00, 0x3F, 0x80, 0x0F, 0xE0, 0x03, 0x00, 0x00, 0x00, 0x01, 0xFE, 0x1F, 0x9F, 0x01, 0xE1,
    0xE0, 0x18, 0x3C, 0x03, 0x07, 0x80, 0x60, 0xF0, 0x0C, 0x1E, 0x01, 0x83, 0xC0, 0x30, 0x78, 0x06,
    0x0F, 0x00, 0xC1, 0xE0, 0x18, 0x3C, 0x03, 0x07, 0x80, 0x60, 0xF8, 0x1C, 0x0F, 0xFF, 0x00, 0xFF,
    0xC0, 0x0F, 0xF0, 0x00, 0x00, 0x20, 0x1F, 0xC0, 0xFE, 0x03, 0xF0, 0x18, 0x00, 0x00, 0x0F, 0xDF,
    0x9F, 0x7C, 0x3C, 0xF0, 0xF3, 0xC3, 0xCF, 0x0F, 0x3C, 0x3C, 0xF0, 0xF3, 0xC3, 0xFF, 0x8F, 0xFF,
    0x1E, 0xE0, 0x07, 0xFE, 0x00, 0xFF, 0x80, 0x00, 0x00, 0x00, 0x00, 0x0F, 0xF0, 0xFC, 0xF8, 0x0F,
    0x0F, 0x00, 0xC1, 0xE0, 0x18, 0x3C, 0x03, 0x07, 0x80, 0x60, 0xF0, 0x0C, 0x1E, 0x01, 0x83, 0xC0,
    0x30, 0x78, 0x06, 0x0F, 0x00, 0xC1, 0xE0, 0x18, 0x3C, 0x03, 0x07, 0xC0, 0xE0, 0x7F, 0xF8, 0x07,
    0xFE, 0x00, 0x7F, 0x80, 0x00, 0x00, 0x7F, 0x81, 0xFE, 0x00, 0x00, 0x00, 0x03, 0xF7, 0xE7, 0xDF,
    0x0F, 0x3C, 0x3C, 0xF0, 0xF3, 0xC3, 0xCF, 0x0F, 0x3C, 0x3C, 0xF0, 0xFF, 0xE3, 0xFF, 0xC7, 0xB8,
    0x02, 0x08, 0x00, 0x77, 0x00, 0x0F, 0xE0, 0x00, 0xF8, 0x00, 0x00, 0x01, 0xFE, 0x3F, 0x9F, 0x01,
    0xE1, 0xE0, 0x18, 0x3C, 0x03, 0x07, 0x80, 0x60, 0xF0, 0x0C, 0x1E, 0x01, 0x83, 0xC0, 0x30, 0x78,
    0x06, 0x0F, 0x00, 0xC1, 0xE0, 0x18, 0x3C, 0x03, 0x07, 0x80, 0x60, 0xF8, 0x1C, 0x0F, 0xFF, 0x00,
    0xFF, 0xC0, 0x0F, 0xF0, 0x00, 0x08, 0x40, 0x31, 0x00, 0xFC, 0x03, 0xF0, 0x07, 0x80, 0x00, 0x0F,
    0xDF, 0x9F, 0x7C, 0x3C, 0xF0, 0xF3, 0xC3, 0xCF, 0x0F, 0x3C, 0x3C, 0xF0, 0xF3, 0xC3, 0xFF, 0x8F,
    0xFF, 0x1E, 0xE0, 0x00, 0xF0, 0x00, 0x3F, 0x00, 0x06, 0x60, 0x00, 0xFC, 0x00, 0x1F, 0x01, 0xFE,
    0x1F, 0x9F, 0x01, 0xE1, 0xE0, 0x18, 0x3C, 0x03, 0x07, 0x80, 0x60, 0xF0, 0x0C, 0x1E, 0x01, 0x83,
    0xC0, 0x30, 0x78, 0x06, 0x0F, 0x00, 0xC1, 0xE0, 0x18, 0x3C, 0x03, 0x07, 0x80, 0x60, 0xF8, 0x1C,
    0x0F, 0xFF, 0x00, 0xFF, 0xC0, 0x0F, 0xF0, 0x00, 0x07, 0xC0, 0x3F, 0x00, 0xEC, 0x03, 0xF0, 0x00,
    0x00, 0x00, 0x0F, 0xFF, 0x9F, 0x7C, 0x3C, 0xF0, 0xF3, 0xC3, 0xCF, 0x0F, 0x3C, 0x3C, 0xF0, 0xF3,
    0xC3, 0xFF, 0x8F, 0xFF, 0x1E, 0xE0, 0x00, 0x67, 0x00, 0x1F, 0xE0, 0x07, 0xF8, 0x00, 0xEE, 0x00,
    0x33, 0x01, 0xFE, 0x1F, 0x9F, 0x01, 0xE1, 0xE0, 0x18, 0x3C, 0x03, 0x07, 0x80, 0x60, 0xF0, 0x0C,
    0x1E, 0x01, 0x83, 0xC0, 0x30, 0x78, 0x06, 0x0F, 0x00, 0xC1, 0xE0, 0x18, 0x3C, 0x03, 0x07, 0x80,
    0x60, 0xF8, 0x1C, 0x0F, 0xFF, 0x00, 0xFF, 0xC0, 0x0F, 0xF0, 0x00, 0x03, 0xB8, 0x1F, 0xE0, 0x77,
    0x01, 0xB8, 0x0C, 0xC0, 0x22, 0x0F, 0xDF, 0x9F, 0x7C, 0x3C, 0xF0, 0xF3, 0xC3, 0xCF, 0x0F, 0x3C,
    0x3C, 0xF0, 0xF3, 0xC3, 0xFF, 0x8F, 0xFF, 0x1E, 0xE0, 0xFF, 0x0F, 0xCF, 0x80, 0x70, 0xF0, 0x0C,
    0x1E, 0x01, 0x83, 0xC0, 0x30, 0x78, 0x06, 0x0F, 0x00, 0xC1, 0xE0, 0x18, 0x3C, 0x03, 0x07, 0x80,
    0x60, 0xF0, 0x0C, 0x1E, 0x01, 0x83, 0xC0, 0x30, 0x7C, 0x0E, 0x07, 0xFF, 0x80, 0x7F, 0xE0, 0x07,
    0xF8, 0x00, 0x0E, 0x00, 0x03, 0x80, 0x00, 0xE0, 0x00, 0x1C, 0x00, 0x03, 0x98, 0x00, 0x7F, 0x00,
    0x0F, 0xC0, 0x00, 0xF0, 0x00, 0x1C, 0x3B, 0xF7, 0xE7, 0xDF, 0x0F, 0x3C, 0x3C, 0xF0, 0xF3, 0xC3,
    0xCF, 0x0F, 0x3C, 0x3F, 0xF0, 0xFF, 0xF1, 0xFF, 0x00, 0x38, 0x00, 0xC0, 0x07, 0x00, 0x1C, 0x00,
    0x72, 0x01, 0xF8, 0x07, 0xC0, 0x0E, 0x00, 0x00, 0x07, 0x00, 0x00, 0x03, 0xE0, 0x00, 0x01, 0xFC,
    0x00, 0x00, 0xE3, 0x80, 0x00, 0x00, 0x00, 0x3F, 0xFF, 0xFF, 0xF7, 0xEF, 0xCE, 0x70, 0xF9, 0xF3,
    0x1C, 0x3E, 0x3E, 0x86, 0x07, 0xCF, 0xE1, 0x81, 0xF1, 0xF0, 0xC0, 0x3E, 0x7C, 0x30, 0x0F, 0x8F,
    0x18, 0x01, 0xF3, 0xE6, 0x00, 0x7C, 0xF9, 0x80, 0x0F, 0x7F, 0xC0, 0x03, 0xFF, 0xF0, 0x00, 0x7C,
    0xF8, 0x00, 0x1F, 0x3E, 0x00, 0x07, 0x87, 0x00, 0x00, 0xE1, 0xC0, 0x00, 0x30, 0x30, 0x00, 0x00,
    0x30, 0x00, 0x07, 0x80, 0x00, 0x78, 0x00, 0x0F, 0xC0, 0x00, 0xCC, 0x00, 0x08, 0x40, 0x7E, 0xFD,
    0xF3, 0xC7, 0x8E, 0x3E, 0x7C, 0xC1, 0xE7, 0xCC, 0x1E, 0xFD, 0x80, 0xFD, 0xF8, 0x0F, 0x9F, 0x00,
    0x78, 0xF0, 0x07, 0x0F, 0x00, 0x70, 0xE0, 0x03, 0x06, 0x00, 0x00, 0x00, 0x00, 0x3C, 0x00, 0x1F,
    0x80, 0x1E, 0xF0, 0x00, 0x00, 0x3F, 0xEF, 0xE7, 0xF0, 0xF0, 0xFC, 0x18, 0x1F, 0x0C, 0x03, 0xC3,
    0x00, 0xF9, 0x80, 0x1E, 0xC0, 0x03, 0xF0, 0x00, 0xF8, 0x00, 0x1E, 0x00, 0x07, 0x80, 0x01, 0xE0,
    0x00, 0x78, 0x00, 0x1E, 0x00, 0x07, 0x80, 0x03, 0xF0, 0x03, 0xFE, 0x00, 0x01, 0x80, 0x1C, 0x01,
    0xF0, 0x0D, 0xC0, 0xC6, 0x00, 0x01, 0xFB, 0xE7, 0x8E, 0x3E, 0x60, 0xF3, 0x07, 0xB8, 0x3F, 0x80,
    0xFC, 0x07, 0xC0, 0x1E, 0x00, 0xF0, 0x03, 0x00, 0x18, 0x01, 0x80, 0x0C, 0x00, 0xE0, 0x3E, 0x01,
    0xF0, 0x0F, 0x00, 0x30, 0x00, 0x03, 0x9C, 0x00, 0xF7, 0x80, 0x3D, 0xE0, 0x0E, 0x70, 0x7F, 0xDF,
    0xCF, 0xC3, 0xC1, 0xF0, 0x60, 0x3C, 0x18, 0x0F, 0x8C, 0x01, 0xE2, 0x00, 0x7D, 0x80, 0x0F, 0xC0,
    0x01, 0xF0, 0x00, 0x78, 0x00, 0x1E, 0x00, 0x07, 0x80, 0x01, 0xE0, 0x00, 0x78, 0x00, 0x1E, 0x00,
    0x0F, 0xC0, 0x07, 0xFC, 0x00, 0x00, 0x70, 0x00, 0xF0, 0x01, 0xE0, 0x01, 0xC0, 0x33, 0x00, 0x3F,
    0xFE, 0x7F, 0xFE, 0x70, 0x7C, 0x60, 0xFC, 0x40, 0xF8, 0x01, 0xF0, 0x03, 0xF0, 0x03, 0xE0, 0x07,
    0xE0, 0x07, 0xC0, 0x0F, 0xC0, 0x1F, 0x80, 0x1F, 0x02, 0x3F, 0x06, 0x3E, 0x06, 0x7F, 0xFE, 0x7F,
    0xFE, 0x03, 0x80, 0x70, 0x1C, 0x03, 0x00, 0xE0, 0x18, 0x1F, 0xF7, 0xFE, 0xEF, 0x99, 0xF0, 0x7C,
    0x0F, 0x83, 0xE0, 0x78, 0x9F, 0x37, 0xFE, 0xFF, 0xC0, 0x03, 0xC0, 0x07, 0x80, 0x0F, 0x00, 0x1E,
    0x07, 0x00, 0x0F, 0xFF, 0xDF, 0xFF, 0x30, 0x7E, 0xC0, 0xF8, 0x83, 0xF0, 0x07, 0xC0, 0x1F, 0x00,
    0x7E, 0x00, 0xF8, 0x03, 0xF0, 0x07, 0xC0, 0x1F, 0x80, 0x7E, 0x04, 0xF8, 0x1B, 0xF0, 0x77, 0xFF,
    0xDF, 0xFF, 0x80, 0x0E, 0x01, 0xE0, 0x3C, 0x07, 0x00, 0x00, 0x00, 0x1F, 0xF3, 0xFE, 0x67, 0x89,
    0xF0, 0x3C, 0x0F, 0x01, 0xE0, 0x78, 0x9F, 0x33, 0xFE, 0xFF, 0xC0, 0x0C, 0x18, 0x07, 0xF8, 0x03,
    0xE0, 0x01, 0xC0, 0x30, 0x00, 0x3F, 0xFE, 0x7F, 0xFE, 0x70, 0x7C, 0x60, 0xFC, 0x40, 0xF8, 0x01,
    0xF0, 0x03, 0xF0, 0x03, 0xE0, 0x07, 0xE0, 0x07, 0xC0, 0x0F, 0xC0, 0x1F, 0x80, 0x1F, 0x02, 0x3F,
    0x06, 0x3E, 0x06, 0x7F, 0xFE, 0x7F, 0xFE, 0x31, 0x83, 0x70, 0x7C, 0x07, 0x00, 0xE0, 0x08, 0x1F,
    0xF7, 0xFE, 0xEF, 0x99, 0xF0, 0x7C, 0x0F, 0x83, 0xE0, 0x78, 0x9F, 0x37, 0xFE, 0xFF, 0xC0, 0x07,
    0xF0, 0xFF, 0x1C, 0x33, 0xC0, 0x3C, 0x03, 0xC0, 0x3C, 0x0F, 0xC0, 0xFC, 0x03, 0xC0, 0x3C, 0x03,
    0xC0, 0x3C, 0x03, 0xC0, 0x3C, 0x03, 0xC0, 0x7C, 0x0F, 0xF0, 0x00, 0x00, 0xE0, 0x00, 0x3C, 0x1F,
    0xE7, 0x8F, 0xFF, 0x73, 0xC1, 0xFC, 0xF0, 0x3E, 0x1E, 0x03, 0xC7, 0xC0, 0x7C, 0xF0, 0x0F, 0x9E,
    0x01, 0xF3, 0xC0, 0x1E, 0x7C, 0x03, 0xCF, 0x80, 0x79, 0xF0, 0x1F, 0x3E, 0x03, 0xC3, 0xE0, 0x78,
    0x3E, 0x1E, 0x03, 0xFF, 0x80, 0x1F, 0xC0, 0x00, 0x00, 0x30, 0x01, 0xC0, 0x0E, 0x00, 0x31, 0xFD,
    0xBF, 0xF9, 0xC7, 0x9E, 0x3C, 0xF0, 0xF7, 0x87, 0xBC, 0x3D, 0xE1, 0xCF, 0x9E, 0x3F, 0xE0, 0xFE,
    0x00, 0x00, 0x00, 0x70, 0x00, 0x0F, 0x00, 0x00, 0x70, 0x00, 0x07, 0xFF, 0x0F, 0xE7, 0xC0, 0x78,
    0x3C, 0x03, 0x03, 0xC0, 0x30, 0x3C, 0x03, 0x03, 0xC0, 0x30, 0x3C, 0x03, 0x03, 0xC0, 0x30, 0x3C,
    0x03, 0x03, 0xC0, 0x30, 0x3C, 0x03, 0x03, 0xC0, 0x30, 0x3C, 0x07, 0x03, 0xE0, 0xF0, 0x1F, 0xFE,
    0x00, 0xFF, 0xC0, 0x07, 0xF8, 0x00, 0x00, 0x0E, 0x00, 0x0F, 0x00, 0x0F, 0x00, 0x06, 0x7F, 0xFC,
    0xFD, 0xF0, 0x3C, 0xF0, 0x3C, 0xF0, 0x3C, 0xF0, 0x3C, 0xF0, 0x3C, 0xF0, 0x3C, 0xF0, 0x3F, 0xFC,
    0x3F, 0xFC, 0x1E, 0xE0, 0x00, 0x00, 0x01, 0x83, 0x00, 0x00, 0x00, 0x1F, 0xE0, 0x00, 0x00, 0x01,
    0xF8, 0x00, 0x00, 0x00, 0x1C, 0x00, 0x00, 0x00, 0x70, 0x00, 0xFF, 0xF8, 0x0F, 0xFF, 0x8F, 0xFF,
    0xC1, 0xFF, 0xF0, 0xF0, 0x7C, 0x70, 0x7C, 0x1E, 0x07, 0xCC, 0x1F, 0x83, 0xC0, 0x7D, 0x03, 0xE0,
    0x78, 0x0F, 0x80, 0xFC, 0x0F, 0x01, 0xF0, 0x1F, 0x01, 0xE0, 0x1E, 0x07, 0xC0, 0x3C, 0x03, 0xC1,
    0xF8, 0x07, 0x80, 0x78, 0x3E, 0x00, 0xF0, 0x0F, 0x0F, 0xC0, 0x1E, 0x03, 0xE1, 0xF0, 0x03, 0xC0,
    0x78, 0x7E, 0x08, 0x78, 0x1F, 0x1F, 0x81, 0x0F, 0x03, 0xC3, 0xE0, 0x63, 0xFF, 0xF0, 0xFF, 0xFC,
    0xFF, 0xF8, 0x1F, 0xFF, 0x80, 0x7F, 0xFC, 0x03, 0x18, 0x7F, 0xFE, 0x03, 0x70, 0x78, 0x3E, 0x07,
    0xC0, 0xF0, 0x3E, 0x07, 0x01, 0xE0, 0x3E, 0x0E, 0x03, 0xC0, 0x7C, 0x08, 0x07, 0x80, 0xF9, 0xFF,
    0x0F, 0x00, 0xF7, 0xFE, 0x1E, 0x01, 0xEE, 0xF8, 0x3C, 0x03, 0xD9, 0xF0, 0x78, 0x07, 0x87, 0xC0,
    0xF0, 0x1F, 0x0F, 0x81, 0xE0, 0x3C, 0x3E, 0x43, 0xC0, 0xF8, 0xF8, 0xC7, 0x81, 0xE1, 0xF3, 0x1F,
    0xFF, 0x87, 0xFE, 0x7F, 0xFC, 0x0F, 0xFC, 0x00, 0x70, 0x00, 0x03, 0xF0, 0xCC, 0x01, 0xF0, 0xCC,
    0x00, 0xF0, 0x7C, 0x00, 0xF0, 0x78, 0x00, 0xF0, 0x30, 0x00, 0xF0, 0x10, 0x1F, 0xF3, 0xFF, 0x7F,
    0xF3, 0xFF, 0x71, 0xF3, 0x3E, 0xF0, 0xF2, 0x7C, 0xF0, 0xF0, 0x7C, 0xF0, 0xF0, 0xF8, 0xF0, 0xF0,
    0xF0, 0xF0, 0xF1, 0xF3, 0xF8, 0xF3, 0xE3, 0x7F, 0xFB, 0xFF, 0x3F, 0xFF, 0xFE, 0x00, 0xC0, 0x00,
    0x7F, 0x81, 0xFE, 0x3F, 0x00, 0x7C, 0x1E, 0x00, 0x78, 0x1E, 0x00, 0x78, 0x1E, 0x00, 0x78, 0x1E,
    0x00, 0x78, 0x1E, 0x00, 0x78, 0x1E, 0x00, 0x78, 0x1E, 0x00, 0x78, 0x1E, 0x00, 0x78, 0x1E, 0x00,
    0x78, 0x1E, 0x00, 0x78, 0x1E, 0x06, 0x78, 0x1E, 0x06, 0x78, 0x1E, 0x0C, 0x78, 0x3F, 0xFC, 0x78,
    0x7F, 0xFC, 0x78, 0x00, 0x00, 0x78, 0x00, 0x00, 0x70, 0x00, 0x0E, 0x70, 0x00, 0x0F, 0xE0, 0x00,
    0x0F, 0xC0, 0x00, 0x00, 0x00, 0x7F, 0x80, 0x73, 0xF0, 0x0F, 0x1E, 0x00, 0xF1, 0xE0, 0x07, 0x1E,
    0x00, 0x01, 0xE0, 0x00, 0x1E, 0x00, 0x31, 0xE0, 0x1F, 0x1E, 0x01, 0xF1, 0xE0, 0x0F, 0x1E, 0x00,
    0xF1, 0xE0, 0x0F, 0x1E, 0x02, 0xF1, 0xE0, 0x6F, 0x1E, 0x0C, 0xF3, 0xFF, 0xCF, 0x7F, 0xFC, 0xF0,
    0x00, 0x0F, 0x00, 0x00, 0xF0, 0x00, 0x0F, 0x00, 0x00, 0xF0, 0x00, 0x0E, 0x00, 0x01, 0xE0, 0x00,
    0x3C, 0x00, 0x03, 0x00, 0x1C, 0x07, 0xE3, 0x9F, 0x1E, 0x78, 0xF3, 0xC7, 0x1E, 0x00, 0xF0, 0x07,
    0x87, 0x3D, 0xF9, 0xEF, 0xCF, 0x1E, 0x78, 0xF3, 0xC7, 0x9E, 0x3C, 0xF1, 0xE7, 0x8F, 0x3C, 0x7F,
    0xF3, 0xC0, 0x1E, 0x00, 0xF0, 0x0F, 0x80, 0x78, 0x03, 0xC0, 0x1C, 0x03, 0xC0, 0x1C, 0x00, 0xFE,
    0x07, 0xEF, 0xF3, 0xF8, 0x1E, 0x3F, 0x0F, 0xC0, 0x60, 0xF0, 0x3F, 0x03, 0x07, 0x81, 0xFC, 0x18,
    0x3C, 0x0F, 0xF0, 0xC1, 0xE0, 0x7F, 0xC6, 0x0F, 0x03, 0x7F, 0x30, 0x78, 0x19, 0xF9, 0x83, 0xC0,
    0xC7, 0xEC, 0x1E, 0x06, 0x1F, 0xE0, 0xF0, 0x70, 0x7F, 0x07, 0x83, 0x81, 0xF8, 0x3C, 0x1C, 0x07,
    0xC1, 0xE0, 0xE0, 0x3E, 0x0F, 0x07, 0x80, 0xF0, 0x78, 0xFE, 0x03, 0x83, 0xC0, 0x00, 0x00, 0x1C,
    0x00, 0x00, 0x18, 0xE0, 0x00, 0x00, 0xFE, 0x00, 0x00, 0x07, 0xE0, 0x00, 0x00, 0x00, 0x00, 0xFE,
    0x07, 0xE7, 0x3F, 0x01, 0xE3, 0xCF, 0xC0, 0x61, 0xE3, 0xF0, 0x30, 0xE1, 0xFC, 0x18, 0x00, 0xFF,
    0x0C, 0x00, 0x7F, 0xC6, 0x0E, 0x37, 0xE3, 0x1F, 0x19, 0xF9, 0x9F, 0x8C, 0x7E, 0xC3, 0xC6, 0x1F,
    0xE1, 0xE7, 0x07, 0xF0, 0xF3, 0x81, 0xF8, 0x79, 0xC0, 0x7C, 0x3C, 0xE0, 0x3E, 0x1E, 0x70, 0x0F,
    0x0F, 0xFE, 0x03, 0x87, 0x80, 0x00, 0x03, 0xC0, 0x00, 0x01, 0xE0, 0x00, 0x01, 0xF0, 0x00, 0x00,
    0xF0, 0x00, 0x00, 0x78, 0x00, 0x00, 0x38, 0x00, 0x00, 0x78, 0x00, 0x00, 0x38, 0x00, 0x00, 0x00,
    0xE0, 0x00, 0x3C, 0x00, 0x07, 0x80, 0x00, 0x70, 0x00, 0x00, 0x00, 0x00, 0x07, 0x7C, 0x1B, 0xFF,
    0x9F, 0x7F, 0xFB, 0xE7, 0x8F, 0x3C, 0xF1, 0xE7, 0x9E, 0x3C, 0xF3, 0xC7, 0x9E, 0x78, 0xF3, 0xCF,
    0x1E, 0x79, 0xE3, 0xCF, 0xFF, 0xFD, 0xE0, 0x00, 0x3C, 0x00, 0x07, 0x80, 0x00, 0xF0, 0x00, 0x1E,
    0x00, 0x03, 0x80, 0x00, 0xF0, 0x00, 0x3C, 0x00, 0x06, 0x00, 0x03, 0x06, 0x00, 0x3F, 0xC0, 0x00,
    0xF8, 0x00, 0x07, 0x00, 0x00, 0x10, 0x00, 0x07, 0x80, 0x00, 0xF8, 0x00, 0x0F, 0x80, 0x01, 0xF8,
    0x00, 0x1F, 0xC0, 0x01, 0xBC, 0x00, 0x3B, 0xC0, 0x03, 0x3E, 0x00, 0x33, 0xE0, 0x07, 0x1E, 0x00,
    0x7F, 0xF0, 0x0F, 0xFF, 0x00, 0xE0, 0xF0, 0x0C, 0x0F, 0x81, 0xC0, 0xF8, 0x3E, 0x0F, 0xC7, 0xF3,
    0xFE, 0x31, 0x07, 0x60, 0x7C, 0x0F, 0x00, 0xC0, 0x08, 0x07, 0xC3, 0xFC, 0xE7, 0x9C, 0xF0, 0x1E,
    0x0F, 0xC7, 0xF9, 0xEF, 0x3D, 0xE7, 0xFF, 0xFB, 0xC0, 0x61, 0x9F, 0xE3, 0xF0, 0x78, 0x00, 0x1F,
    0xE3, 0xF0, 0x78, 0x1E, 0x07, 0x81, 0xE0, 0x78, 0x1E, 0x07, 0x81, 0xE0, 0x78, 0x1E, 0x07, 0x81,
    0xE0, 0x78, 0x3E, 0x1F, 0xE0, 0xC6, 0xEE, 0x7C, 0x3C, 0x38, 0x10, 0x1C, 0xFC, 0xFC, 0x3C, 0x3C,
    0x3C, 0x3C, 0x3C, 0x3C, 0x3C, 0xFE, 0x06, 0x18, 0x03, 0xFC, 0x00, 0xF8, 0x00, 0x38, 0x00, 0x00,
    0x00, 0x3F, 0x80, 0x7F, 0xF0, 0x78, 0x3C, 0x78, 0x1F, 0x3C, 0x07, 0xFE, 0x03, 0xFE, 0x01, 0xFF,
    0x00, 0xFF, 0x80, 0x3F, 0xE0, 0x1F, 0xF0, 0x0F, 0xF8, 0x0F, 0xFC, 0x07, 0x9F, 0x03, 0xC7, 0x83,
    0xC1, 0xFF, 0xC0, 0x3F, 0x80, 0x11, 0x81, 0xB8, 0x1F, 0x00, 0xF0, 0x06, 0x00, 0x40, 0x1F, 0x87,
    0xFC, 0x71, 0xEF, 0x1F, 0xF0, 0xFF, 0x0F, 0xF0, 0xFF, 0x0E, 0xF9, 0xE7, 0xFC, 0x3F, 0x80, 0x07,
    0x1C, 0x00, 0x7F, 0x00, 0x07, 0xC0, 0x00, 0x70, 0x00, 0x00, 0x01, 0xFE, 0x1F, 0x9F, 0x01, 0xE1,
    0xE0, 0x18, 0x3C, 0x03, 0x07, 0x80, 0x60, 0xF0, 0x0C, 0x1E, 0x01, 0x83, 0xC0, 0x30, 0x78, 0x06,
    0x0F, 0x00, 0xC1, 0xE0, 0x18, 0x3C, 0x03, 0x07, 0x80, 0x60, 0xF8, 0x1C, 0x0F, 0xFF, 0x00, 0xFF,
    0xC0, 0x0F, 0xF0, 0x00, 0x0C, 0x60, 0x3B, 0x00, 0x7C, 0x00, 0xE0, 0x03, 0x80, 0x04, 0x0F, 0xDF,
    0x9F, 0x7C, 0x3C, 0xF0, 0xF3, 0xC3, 0xCF, 0x0F, 0x3C, 0x3C, 0xF0, 0xF3, 0xC3, 0xFF, 0x8F, 0xFF,
    0x1E, 0xE0, 0x00, 0x00, 0x00, 0xFF, 0x80, 0x1F, 0xF0, 0x01, 0xCE, 0x00, 0x7B, 0xC0, 0x0F, 0x78,
    0x00, 0xE7, 0x00, 0x00, 0x00, 0xFF, 0x0F, 0xCF, 0xC0, 0xF0, 0xF0, 0x0C, 0x1E, 0x01, 0x83, 0xC0,
    0x30, 0x78, 0x06, 0x0F, 0x00, 0xC1, 0xE0, 0x18, 0x3C, 0x03, 0x07, 0x80, 0x60, 0xF0, 0x0C, 0x1E,
    0x01, 0x83, 0xC0, 0x30, 0x7C, 0x0E, 0x07, 0xFF, 0x80, 0x7F, 0xE0, 0x07, 0xF8, 0x00, 0x1F, 0xE0,
    0x7F, 0x80, 0x00, 0x07, 0x38, 0x1E, 0xF0, 0x7B, 0xC1, 0xCE, 0x00, 0x00, 0x00, 0x03, 0xF7, 0xE7,
    0xDF, 0x0F, 0x3C, 0x3C, 0xF0, 0xF3, 0xC3, 0xCF, 0x0F, 0x3C, 0x3C, 0xF0, 0xFF, 0xE3, 0xFF, 0xC7,
    0xB8, 0x00, 0x18, 0x00, 0x07, 0x80, 0x03, 0xF0, 0x00, 0xF0, 0x00, 0x39, 0xC0, 0x0F, 0x78, 0x01,
    0xEF, 0x00, 0x1C, 0xE0, 0x00, 0x00, 0x1F, 0xE1, 0xF9, 0xF8, 0x1E, 0x1E, 0x01, 0x83, 0xC0, 0x30,
    0x78, 0x06, 0x0F, 0x00, 0xC1, 0xE0, 0x18, 0x3C, 0x03, 0x07, 0x80, 0x60, 0xF0, 0x0C, 0x1E, 0x01,
    0x83, 0xC0, 0x30, 0x78, 0x06, 0x0F, 0x81, 0xC0, 0xFF, 0xF0, 0x0F, 0xFC, 0x00, 0xFF, 0x00, 0x01,
    0x80, 0x07, 0x00, 0x1C, 0x00, 0xE0, 0x03, 0x00, 0x73, 0x83, 0xDE, 0x0F, 0x78, 0x1C, 0xE0, 0x00,
    0x00, 0x00, 0x3F, 0x7E, 0x7D, 0xF0, 0xF3, 0xC3, 0xCF, 0x0F, 0x3C, 0x3C, 0xF0, 0xF3, 0xC3, 0xCF,
    0x0F, 0xFE, 0x3F, 0xFC, 0x7B, 0x80, 0x07, 0xBC, 0x00, 0x7F, 0x00, 0x03, 0xC0, 0x01, 0xCE, 0x00,
    0x7B, 0xC0, 0x0F, 0x78, 0x00, 0xE7, 0x00, 0x00, 0x00, 0xFF, 0x0F, 0xCF, 0xC0, 0xF0, 0xF0, 0x0C,
    0x1E, 0x01, 0x83, 0xC0, 0x30, 0x78, 0x06, 0x0F, 0x00, 0xC1, 0xE0, 0x18, 0x3C, 0x03, 0x07, 0x80,
    0x60, 0xF0, 0x0C, 0x1E, 0x01, 0x83, 0xC0, 0x30, 0x7C, 0x0E, 0x07, 0xFF, 0x80, 0x7F, 0xE0, 0x07,
    0xF8, 0x00, 0x18, 0x40, 0x73, 0x00, 0xFC, 0x03, 0xE0, 0x07, 0x00, 0x7B, 0x83, 0xDE, 0x0F, 0x78,
    0x1C, 0xE0, 0x00, 0x00, 0x00, 0x3F, 0x7E, 0x7D, 0xF0, 0xF3, 0xC3, 0xCF, 0x0F, 0x3C, 0x3C, 0xF0,
    0xF3, 0xC3, 0xCF, 0x0F, 0xFE, 0x3F, 0xFC, 0x7B, 0x80, 0x06, 0x00, 0x00, 0xF0, 0x00, 0x1F, 0x00,
    0x00, 0xF0, 0x00, 0x39, 0xC0, 0x0F, 0x78, 0x01, 0xEF, 0x00, 0x1C, 0xE0, 0x00, 0x00, 0x1F, 0xE1,
    0xF9, 0xF8, 0x1E, 0x1E, 0x01, 0x83, 0xC0, 0x30, 0x78, 0x06, 0x0F, 0x00, 0xC1, 0xE0, 0x18, 0x3C,
    0x03, 0x07, 0x80, 0x60, 0xF0, 0x0C, 0x1E, 0x01, 0x83, 0xC0, 0x30, 0x78, 0x06, 0x0F, 0x81, 0xC0,
    0xFF, 0xF0, 0x0F, 0xFC, 0x00, 0xFF, 0x00, 0x0C, 0x00, 0x38, 0x00, 0xE0, 0x01, 0x80, 0x03, 0x00,
    0x73, 0x83, 0xDE, 0x0F, 0x78, 0x1C, 0xE0, 0x00, 0x00, 0x00, 0x3F, 0x7E, 0x7D, 0xF0, 0xF3, 0xC3,
    0xCF, 0x0F, 0x3C, 0x3C, 0xF0, 0xF3, 0xC3, 0xCF, 0x0F, 0xFE, 0x3F, 0xFC, 0x7B, 0x80, 0x3E, 0x1F,
    0xEF, 0xFB, 0x3F, 0x87, 0xC0, 0xFF, 0xFF, 0xFE, 0xE7, 0xBF, 0xC7, 0xE0, 0x03, 0xFE, 0x00, 0x7F,
    0xC0, 0x00, 0x00, 0x01, 0xCE, 0x00, 0x3D, 0xE0, 0x07, 0xBC, 0x00, 0xE7, 0x00, 0x03, 0x80, 0x00,
    0xF8, 0x00, 0x1F, 0x00, 0x07, 0xE0, 0x00, 0xFC, 0x00, 0x3F, 0xC0, 0x06, 0x78, 0x00, 0xCF, 0x00,
    0x39, 0xF0, 0x06, 0x1E, 0x00, 0xFF, 0xC0, 0x3F, 0xFC, 0x06, 0x0F, 0x81, 0xC0, 0xF0, 0x38, 0x1F,
    0x0F, 0x07, 0xF7, 0xF9, 0xFF, 0x00, 0x0F, 0xF1, 0xFE, 0x39, 0xCF, 0x79, 0xEF, 0x1C, 0xE0, 0x00,
    0x00, 0x03, 0xE1, 0xFE, 0x73, 0xCE, 0x78, 0x0F, 0x07, 0xE3, 0xFC, 0xF7, 0x9E, 0xF3, 0xFF, 0xFD,
    0xE0, 0x00, 0x00, 0x00, 0x7F, 0x80, 0x0F, 0xF0, 0x00, 0x78, 0x00, 0x0F, 0x00, 0x01, 0xE0, 0x00,
    0x3C, 0x00, 0x00, 0x80, 0x00, 0x70, 0x00, 0x1E, 0x00, 0x07, 0xE0, 0x00, 0xFC, 0x00, 0x1F, 0x80,
    0x07, 0xF8, 0x00, 0xCF, 0x00, 0x19, 0xE0, 0x07, 0x3E, 0x00, 0xC7, 0xC0, 0x3F, 0xF8, 0x07, 0xFF,
    0x80, 0xC1, 0xF0, 0x38, 0x1E, 0x07, 0x03, 0xE1, 0xE0, 0xFE, 0xFF, 0x3F, 0xE0, 0x00, 0x0F, 0xF1,
    0xFE, 0x0E, 0x01, 0xE0, 0x3C, 0x07, 0x00, 0x00, 0x00, 0x03, 0xE1, 0xFE, 0x73, 0xCE, 0x78, 0x0F,
    0x07, 0xE3, 0xFC, 0xF7, 0x9E, 0xF3, 0xFF, 0xFD, 0xE0, 0x00, 0x00, 0x00, 0x00, 0x7F, 0xC0, 0x00,
    0xFF, 0x80, 0x00, 0x00, 0x00, 0x0F, 0xFF, 0x80, 0x07, 0xFF, 0x80, 0x1F, 0x83, 0x00, 0x3F, 0x06,
    0x00, 0xDE, 0x04, 0x03, 0xBC, 0x00, 0x06, 0x78, 0x40, 0x1C, 0xF1, 0x80, 0x31, 0xFF, 0x00, 0xFF,
    0xFE, 0x01, 0xFF, 0x84, 0x07, 0x0F, 0x00, 0x1C, 0x1E, 0x02, 0x38, 0x3C, 0x0C, 0xE0, 0x78, 0x3B,
    0xE1, 0xFF, 0xEF, 0xE7, 0xFF, 0xC0, 0x00, 0x00, 0x3F, 0xC0, 0xFE, 0x00, 0x00, 0x00, 0x00, 0x7F,
    0xE7, 0xFF, 0xF9, 0xE7, 0xE7, 0xBC, 0x1F, 0xC1, 0xF8, 0x1F, 0xE0, 0xF7, 0x87, 0xDF, 0xFF, 0xFF,
    0xBE, 0xFC, 0x07, 0xFE, 0x0F, 0xFF, 0x8F, 0x81, 0xCF, 0x80, 0x67, 0x80, 0x37, 0xC0, 0x03, 0xE0,
    0x01, 0xE0, 0x00, 0xF0, 0x00, 0x78, 0x7F, 0xFE, 0x0F, 0xDF, 0x0F, 0xE7, 0x9F, 0xFB, 0xE7, 0xF8,
    0xF0, 0x7C, 0x3F, 0xFE, 0x07, 0xF8, 0x00, 0x0F, 0xC0, 0xFF, 0xF3, 0xDF, 0x9E, 0x3C, 0x78, 0xF1,
    0xE3, 0xC3, 0xDE, 0x0F, 0x70, 0x1F, 0x80, 0xE8, 0x07, 0xFE, 0x1F, 0xFE, 0x3F, 0xF9, 0xCF, 0xEF,
    0xFF, 0xDF, 0xFE, 0x70, 0xF1, 0xFF, 0x01, 0xF0, 0x00, 0x07, 0x1C, 0x01, 0xFC, 0x00, 0x7C, 0x00,
    0x1C, 0x00, 0x00, 0x00, 0x3F, 0xF0, 0x7F, 0xFC, 0x7C, 0x0E, 0x7C, 0x03, 0x3C, 0x01, 0xBE, 0x00,
    0x1F, 0x00, 0x0F, 0x00, 0x07, 0x80, 0x03, 0xC3, 0xFF, 0xF0, 0x7E, 0xF8, 0x1E, 0x3C, 0x0F, 0x1F,
    0x07, 0x87, 0xC3, 0xE1, 0xFF, 0xF0, 0x3F, 0xC0, 0x19, 0x80, 0xCC, 0x03, 0xC0, 0x1E, 0x00, 0x60,
    0x03, 0x00, 0x7E, 0x0F, 0xFF, 0x7B, 0xF7, 0x8F, 0x3C, 0x79, 0xE3, 0xC7, 0xBC, 0x3D, 0xC0, 0xFC,
    0x0E, 0x80, 0xFF, 0xC7, 0xFF, 0x9F, 0xFC, 0xEF, 0xEE, 0x0F, 0x70, 0x73, 0x87, 0x9F, 0xF0, 0x3E,
    0x00, 0x02, 0x0C, 0x00, 0x3F, 0xC0, 0x01, 0xF8, 0x00, 0x0E, 0x00, 0x00, 0x00, 0x07, 0xF9, 0xFE,
    0x3E, 0x0F, 0x81, 0xE0, 0xE0, 0x1E, 0x1C, 0x01, 0xE3, 0x80, 0x1E, 0x70, 0x01, 0xEE, 0x00, 0x1F,
    0xE0, 0x01, 0xFF, 0x00, 0x1F, 0xF0, 0x01, 0xEF, 0x80, 0x1E, 0x7C, 0x01, 0xE7, 0xE0, 0x1E, 0x3F,
    0x01, 0xE1, 0xF8, 0x3E, 0x0F, 0xC7, 0xFB, 0xFF, 0x0F, 0xF0, 0x0F, 0xC0, 0x0F, 0x00, 0xEC, 0x0F,
    0xC0, 0x0F, 0x80, 0x0F, 0x00, 0x1E, 0x00, 0x3C, 0x00, 0x78, 0x00, 0xF3, 0xF1, 0xE7, 0x83, 0xCC,
    0x07, 0xB0, 0x0F, 0xE0, 0x1F, 0xC0, 0x3F, 0xC0, 0x7B, 0xC0, 0xF7, 0xC1, 0xE7, 0xCF, 0xFF, 0xC0,
    0x07, 0xF0, 0x0F, 0xFE, 0x0F, 0x07, 0x8F, 0x03, 0xE7, 0x80, 0xF7, 0xC0, 0x7F, 0xC0, 0x3F, 0xE0,
    0x0F, 0xF0, 0x07, 0xF8, 0x03, 0xFE, 0x01, 0xFF, 0x01, 0xFF, 0x80, 0xFB, 0xE0, 0x78, 0xF0, 0x78,
    0x3F, 0xF8, 0x07, 0xF8, 0x00, 0x38, 0x00, 0x38, 0x00, 0x3C, 0x00, 0x1C, 0x00, 0x0F, 0x20, 0x07,
    0xF0, 0x03, 0xF0, 0x00, 0x70, 0x00, 0x1F, 0x87, 0xFC, 0x71, 0xEF, 0x1E, 0xF0, 0xFF, 0x0F, 0xF0,
    0xFF, 0x0F, 0xF9, 0xE7, 0xFC, 0x3F, 0x80, 0x70, 0x06, 0x00, 0xE0, 0x0E, 0x00, 0xE4, 0x0F, 0xC0,
    0xFC, 0x07, 0x00, 0x00, 0x00, 0x07, 0xFC, 0x03, 0xFE, 0x00, 0x00, 0x00, 0x7F, 0x00, 0xFF, 0xE0,
    0xF0, 0x78, 0xF0, 0x3E, 0x78, 0x0F, 0x7C, 0x07, 0xFC, 0x03, 0xFE, 0x00, 0xFF, 0x00, 0x7F, 0x80,
    0x3F, 0xE0, 0x1F, 0xF0, 0x1F, 0xF8, 0x0F, 0xBE, 0x07, 0x8F, 0x07, 0x83, 0xFF, 0x80, 0x7F, 0x80,
    0x03, 0x80, 0x03, 0x80, 0x03, 0xC0, 0x01, 0xC0, 0x00, 0xF2, 0x00, 0x7F, 0x00, 0x3F, 0x00, 0x07,
    0x00, 0x3F, 0xC7, 0xFC, 0x00, 0x00, 0x00, 0x1F, 0x87, 0xFC, 0x71, 0xEF, 0x1E, 0xF0, 0xFF, 0x0F,
    0xF0, 0xFF, 0x0F, 0xF9, 0xE7, 0xFC, 0x3F, 0x80, 0x70, 0x06, 0x00, 0xE0, 0x0E, 0x00, 0xE4, 0x0F,
    0xC0, 0xFC, 0x07, 0x00, 0x38, 0xE1, 0xFC, 0x0F, 0x80, 0x70, 0x60, 0x0F, 0xFF, 0xFF, 0xEE, 0x3C,
    0xC7, 0xC8, 0x78, 0x0F, 0x01, 0xE0, 0x1F, 0xC0, 0xFE, 0x01, 0xE0, 0x1F, 0x80, 0xFC, 0x0F, 0xC1,
    0xEE, 0x1E, 0xFF, 0xC7, 0xF8, 0x31, 0x81, 0xB8, 0x1F, 0x00, 0xF0, 0x0E, 0x00, 0x40, 0x7F, 0xE7,
    0xFE, 0x67, 0xC4, 0x7C, 0x0F, 0x80, 0xF8, 0x1F, 0x03, 0xF8, 0x3F, 0xE0, 0x3E, 0x01, 0xF0, 0x0F,
    0x00, 0xF0, 0x0F, 0x01, 0xEC, 0x1E, 0xE3, 0xC7, 0xF8, 0x3E, 0x00, 0x63, 0x77, 0x3E, 0x1E, 0x1C,
    0x08, 0x0E, 0x7E, 0x7E, 0x1E, 0x1E, 0x1E, 0x1E, 0x1E, 0x1E, 0x1E, 0x1E, 0x1E, 0x1E, 0x3E, 0x3C,
    0x3C, 0x38, 0xF0, 0xE0, 0x00, 0x00, 0x07, 0x00, 0x0F, 0xFF, 0x80, 0xFF, 0xF8, 0xFF, 0xFC, 0x1F,
    0xFF, 0x0F, 0x07, 0xC7, 0x07, 0xC1, 0xE0, 0x7C, 0xC1, 0xF8, 0x3C, 0x07, 0xD0, 0x3E, 0x07, 0x80,
    0xF8, 0x0F, 0xC0, 0xF0, 0x1F, 0x01, 0xF0, 0x1E, 0x01, 0xE0, 0x7C, 0x03, 0xC0, 0x3C, 0x1F, 0x80,
    0x78, 0x07, 0x83, 0xE0, 0x0F, 0x00, 0xF0, 0xFC, 0x01, 0xE0, 0x3E, 0x1F, 0x00, 0x3C, 0x07, 0x87,
    0xE0, 0x87, 0x81, 0xF1, 0xF8, 0x10, 0xF0, 0x3C, 0x3E, 0x06, 0x3F, 0xFF, 0x0F, 0xFF, 0xCF, 0xFF,
    0x81, 0xFF, 0xF8, 0x7F, 0xFC, 0x00, 0x00, 0x7F, 0xFE, 0x00, 0x00, 0x78, 0x3E, 0x00, 0x00, 0xF0,
    0x3E, 0x00, 0x01, 0xE0, 0x3E, 0x00, 0x03, 0xC0, 0x7C, 0x00, 0x07, 0x80, 0xF9, 0xFF, 0x0F, 0x00,
    0xF7, 0xFE, 0x1E, 0x01, 0xEE, 0xF8, 0x3C, 0x03, 0xD9, 0xF0, 0x78, 0x07, 0x87, 0xC0, 0xF0, 0x1F,
    0x0F, 0x81, 0xE0, 0x3C, 0x3E, 0x43, 0xC0, 0xF8, 0xF8, 0xC7, 0x81, 0xE1, 0xF3, 0x1F, 0xFF, 0x87,
    0xFE, 0x7F, 0xFC, 0x0F, 0xFC, 0x00, 0x70, 0x00, 0x03, 0xF0, 0x00, 0x01, 0xF0, 0x00, 0x00, 0xF0,
    0x00, 0x00, 0xF0, 0x00, 0x00, 0xF0, 0x00, 0x00, 0xF0, 0x00, 0x1F, 0xF3, 0xFF, 0x7F, 0xF3, 0xFF,
    0x71, 0xF3, 0x3E, 0xF0, 0xF2, 0x7C, 0xF0, 0xF0, 0x7C, 0xF0, 0xF0, 0xF8, 0xF0, 0xF0, 0xF0, 0xF0,
    0xF1, 0xF3, 0xF8, 0xF3, 0xE3, 0x7F, 0xFB, 0xFF, 0x3F, 0xFF, 0xFE, 0x00, 0xC0, 0x00, 0x00, 0x18,
    0x00, 0x1E, 0x00, 0x1E, 0x00, 0x1C, 0x00, 0x08, 0x00, 0x3F, 0xF0, 0x7F, 0xFC, 0x7C, 0x0E, 0x7C,
    0x03, 0x3C, 0x01, 0xBE, 0x00, 0x1F, 0x00, 0x0F, 0x00, 0x07, 0x80, 0x03, 0xC3, 0xFF, 0xF0, 0x7E,
    0xF8, 0x1E, 0x3C, 0x0F, 0x1F, 0x07, 0x87, 0xC3, 0xE1, 0xFF, 0xF0, 0x3F, 0xC0, 0x01, 0xC0, 0x1C,
    0x00, 0xE0, 0x0E, 0x00, 0x60, 0x02, 0x00, 0x7E, 0x0F, 0xFF, 0x7B, 0xF7, 0x8F, 0x3C, 0x79, 0xE3,
    0xC7, 0xBC, 0x3D, 0xC0, 0xFC, 0x0E, 0x80, 0xFF, 0xC7, 0xFF, 0x9F, 0xFC, 0xEF, 0xEE, 0x0F, 0x70,
    0x73, 0x87, 0x9F, 0xF0, 0x3E, 0x00, 0x7F, 0x9F, 0xE0, 0x3E, 0x07, 0xC0, 0x1E, 0x07, 0x80, 0x1E,
    0x07, 0x80, 0x1E, 0x07, 0x8C, 0x1E, 0x07, 0x9E, 0x1E, 0x07, 0x9F, 0x1F, 0xFF, 0x9F, 0x1F, 0xFF,
    0x8F, 0x1E, 0x07, 0x8F, 0x1E, 0x07, 0x87, 0x1E, 0x07, 0x87, 0x1E, 0x07, 0x87, 0x1E, 0x07, 0x87,
    0x1E, 0x07, 0xCE, 0x3F, 0x03, 0xFC, 0x7F, 0x81, 0xF8, 0x7E, 0xFC, 0x3F, 0xFE, 0x1F, 0xFF, 0x1F,
    0x1F, 0x1E, 0x0F, 0x1E, 0x0F, 0x1E, 0x0E, 0x1E, 0x1E, 0x1E, 0x1C, 0x1E, 0x1C, 0x1E, 0x38, 0x1E,
    0x70, 0x1F, 0xE0, 0x1F, 0x80, 0x1F, 0x00, 0x1E, 0x00, 0x1E, 0x00, 0x1E, 0x00, 0x1E, 0x00, 0x3E,
    0x00, 0x7F, 0x80, 0x7F, 0x80, 0x01, 0x80, 0x00, 0x3C, 0x00, 0x01, 0xE0, 0x00, 0x0E, 0x00, 0x00,
    0x30, 0x0F, 0xE0, 0x7E, 0x7F, 0x03, 0xC3, 0xF0, 0x18, 0x1F, 0x81, 0x81, 0xFC, 0x18, 0x1F, 0xE1,
    0x81, 0xFF, 0x18, 0x1B, 0xF9, 0x81, 0x9F, 0x98, 0x18, 0xFD, 0x81, 0x87, 0xF8, 0x38, 0x3F, 0x83,
    0x81, 0xF8, 0x38, 0x0F, 0x83, 0x80, 0xF8, 0x3C, 0x07, 0x8F, 0xE0, 0x38, 0x0E, 0x00, 0x38, 0x00,
    0x70, 0x00, 0xC0, 0x03, 0x80, 0x06, 0x01, 0xDF, 0x1F, 0xFC, 0x7F, 0xF8, 0xF1, 0xE3, 0xC7, 0x8F,
    0x1E, 0x3C, 0x78, 0xF1, 0xE3, 0xC7, 0x8F, 0x1E, 0xFF, 0xFC, 0x00, 0x18, 0x00, 0x0F, 0x80, 0x03,
    0xF0, 0x00, 0xF0, 0x00, 0x0F, 0x00, 0x03, 0xF0, 0x00, 0x66, 0x00, 0x0F, 0xC0, 0x01, 0xF0, 0x00,
    0x0E, 0x00, 0x07, 0xC0, 0x00, 0xFC, 0x00, 0x1F, 0x80, 0x07, 0xF0, 0x00, 0xDF, 0x00, 0x1B, 0xE0,
    0x07, 0x3C, 0x00, 0xC7, 0xC0, 0x18, 0xF8, 0x07, 0xFF, 0x00, 0xFF, 0xF0, 0x38, 0x3E, 0x07, 0x07,
    0xC1, 0xC0, 0x7C, 0x7C, 0x1F, 0xDF, 0xC7, 0xFC, 0x03, 0x00, 0xF0, 0x7E, 0x1E, 0x01, 0xE0, 0x7E,
    0x0C, 0xC1, 0xF8, 0x3E, 0x01, 0x00, 0x7C, 0x3F, 0xCE, 0x79, 0xCF, 0x01, 0xE0, 0xFC, 0x7F, 0x9E,
    0xF3, 0xDE, 0x7F, 0xFF, 0xBC, 0x00, 0x01, 0xC0, 0x00, 0x03, 0xC0, 0x00, 0x0F, 0x00, 0x00, 0x38,
    0x00, 0x00, 0x40, 0x00, 0x1F, 0xFF, 0x00, 0x0F, 0xFF, 0x00, 0x3F, 0x06, 0x00, 0x7E, 0x0C, 0x01,
    0xBC, 0x08, 0x07, 0x78, 0x00, 0x0C, 0xF0, 0x80, 0x39, 0xE3, 0x00, 0x63, 0xFE, 0x01, 0xFF, 0xFC,
    0x03, 0xFF, 0x08, 0x0E, 0x1E, 0x00, 0x38, 0x3C, 0x04, 0x70, 0x78, 0x19, 0xC0, 0xF0, 0x77, 0xC3,
    0xFF, 0xDF, 0xCF, 0xFF, 0x80, 0x00, 0xE0, 0x03, 0x80, 0x1C, 0x00, 0x60, 0x01, 0x00, 0x04, 0x01,
    0xFF, 0x9F, 0xFF, 0xE7, 0x9F, 0x9E, 0xF0, 0x7F, 0x07, 0xE0, 0x7F, 0x83, 0xDE, 0x1F, 0x7F, 0xFF,
    0xFE, 0xFB, 0xF0, 0x00, 0x30, 0x00, 0x1E, 0x00, 0x0F, 0x00, 0x07, 0x80, 0x01, 0x80, 0x01, 0xFC,
    0x71, 0xFF, 0xFC, 0xF0, 0x7E, 0x78, 0x1F, 0x1E, 0x07, 0xEF, 0x83, 0xFB, 0xC1, 0xFE, 0xF0, 0xFF,
    0xBC, 0x79, 0xEF, 0xBC, 0x7B, 0xFE, 0x1E, 0xFF, 0x0F, 0xBF, 0x83, 0xC7, 0xC0, 0xF1, 0xF0, 0x78,
    0xFF, 0xFC, 0x31, 0xFC, 0x00, 0x03, 0xC0, 0x38, 0x03, 0x80, 0x70, 0x06, 0x00, 0x40, 0x1F, 0xB7,
    0xFF, 0x71, 0xEF, 0x3F, 0xF7, 0xFF, 0xEF, 0xFC, 0xFF, 0x8E, 0xF9, 0xEF, 0xFC, 0xFF, 0x80, 0x0C,
    0xE0, 0x01, 0xFF, 0x00, 0x0F, 0xF0, 0x00, 0x3B, 0x80, 0x00, 0x9C, 0x00, 0x07, 0x80, 0x00, 0xF8,
    0x00, 0x0F, 0x80, 0x01, 0xF8, 0x00, 0x1F, 0xC0, 0x01, 0xBC, 0x00, 0x3B, 0xC0, 0x03, 0x3E, 0x00,
    0x33, 0xE0, 0x07, 0x1E, 0x00, 0x7F, 0xF0, 0x0F, 0xFF, 0x00, 0xE0, 0xF0, 0x0C, 0x0F, 0x81, 0xC0,
    0xF8, 0x3E, 0x0F, 0xC7, 0xF3, 0xFE, 0xEE, 0x0E, 0xE0, 0x77, 0x03, 0x70, 0x33, 0x01, 0x10, 0x0F,
    0x83, 0x7C, 0x73, 0xC7, 0x3C, 0x03, 0xC0, 0xFC, 0x3F, 0xC7, 0xBC, 0x7B, 0xC7, 0xFF, 0x7D, 0xE0,
    0x00, 0x00, 0x00, 0x3E, 0x00, 0x0F, 0xE0, 0x01, 0xDC, 0x00, 0x22, 0x80, 0x00, 0xE0, 0x00, 0x7C,
    0x00, 0x0F, 0x80, 0x01, 0xF8, 0x00, 0x7F, 0x00, 0x0D, 0xE0, 0x03, 0xBC, 0x00, 0x67, 0xC0, 0x0C,
    0x78, 0x03, 0x8F, 0x00, 0x7F, 0xF0, 0x0F, 0xFE, 0x03, 0x83, 0xC0, 0x60, 0x7C, 0x1C, 0x0F, 0x87,
    0xC1, 0xF9, 0xFC, 0xFF, 0x80, 0x00, 0x03, 0xC0, 0xFC, 0x19, 0x82, 0x30, 0x00, 0x07, 0xC3, 0xFC,
    0xE7, 0x9C, 0xF0, 0x1E, 0x0F, 0xC7, 0xF9, 0xEF, 0x3D, 0xE7, 0xFF, 0xFB, 0xC0, 0x77, 0x03, 0xFE,
    0x07, 0xFC, 0x07, 0x70, 0x04, 0x61, 0xFF, 0xE3, 0xFF, 0xC7, 0x83, 0x1E, 0x0C, 0x78, 0x11, 0xE0,
    0x07, 0x84, 0x1E, 0x30, 0x7F, 0xC1, 0xFF, 0x07, 0x84, 0x1E, 0x00, 0x78, 0x01, 0xE0, 0x47, 0x83,
    0x3F, 0xFD, 0xFF, 0xF0, 0xEE, 0x1F, 0xE1, 0xDC, 0x19, 0x81, 0x98, 0x00, 0x07, 0xE1, 0xFE, 0x79,
    0xCF, 0xF9, 0xFE, 0x38, 0x07, 0x80, 0xF9, 0xDF, 0xF1, 0xFE, 0x1F, 0x80, 0x00, 0x00, 0x1F, 0x00,
    0xFE, 0x03, 0x98, 0x08, 0x21, 0xFF, 0xE3, 0xFF, 0xC7, 0x83, 0x1E, 0x0C, 0x78, 0x11, 0xE0, 0x07,
    0x8C, 0x1E, 0x30, 0x7F, 0xC1, 0xFF, 0x07, 0x84, 0x1E, 0x00, 0x78, 0x01, 0xE0, 0x47, 0x83, 0x3F,
    0xFD, 0xFF, 0xF0, 0x00, 0x07, 0x83, 0xF0, 0xCC, 0x21, 0x00, 0x03, 0xF1, 0xFE, 0xF3, 0xBF, 0xEF,
    0xF3, 0x80, 0xF0, 0x3E, 0x7F, 0xF9, 0xFE, 0x3F, 0x00, 0x73, 0x07, 0xF8, 0x7F, 0xC1, 0xDC, 0x06,
    0x60, 0xFF, 0x07, 0xE0, 0x3C, 0x03, 0xC0, 0x3C, 0x03, 0xC0, 0x3C, 0x03, 0xC0, 0x3C, 0x03, 0xC0,
    0x3C, 0x03, 0xC0, 0x3C, 0x03, 0xC0, 0x3C, 0x07, 0xC0, 0xFF, 0xEE, 0x3B, 0x87, 0x71, 0xDC, 0x33,
    0x06, 0x40, 0x70, 0xFC, 0x3F, 0x03, 0xC0, 0xF0, 0x3C, 0x0F, 0x03, 0xC0, 0xF0, 0x3C, 0x3F, 0x80,
    0x00, 0x1F, 0x1F, 0xCE, 0x64, 0x17, 0xFC, 0xFC, 0x3C, 0x1E, 0x0F, 0x07, 0x83, 0xC1, 0xE0, 0xF0,
    0x78, 0x3C, 0x1E, 0x0F, 0x07, 0x83, 0xC3, 0xE7, 0xFC, 0x3C, 0x7E, 0x7E, 0x66, 0x42, 0x0E, 0x7E,
    0x7C, 0x3C, 0x3C, 0x3C, 0x3C, 0x3C, 0x3C, 0x3C, 0x7F, 0x19, 0x80, 0x1F, 0xE0, 0x07, 0xF8, 0x01,
    0xCE, 0x00, 0x33, 0x00, 0x3F, 0x80, 0x7F, 0xF0, 0x78, 0x3C, 0x78, 0x1F, 0x3C, 0x07, 0xFE, 0x03,
    0xFE, 0x01, 0xFF, 0x00, 0xFF, 0x80, 0x3F, 0xE0, 0x1F, 0xF0, 0x0F, 0xF8, 0x0F, 0xFC, 0x07, 0x9F,
    0x03, 0xC7, 0x83, 0xC1, 0xFF, 0xC0, 0x3F, 0x80, 0x77, 0x03, 0xB8, 0x0E, 0xC0, 0x77, 0x01, 0x98,
    0x04, 0x40, 0x3F, 0x07, 0xFC, 0x38, 0xF3, 0xC7, 0xDE, 0x1E, 0xF0, 0xF7, 0x87, 0xBC, 0x39, 0xF3,
    0xC7, 0xFC, 0x1F, 0xC0, 0x01, 0xF0, 0x01, 0xFC, 0x00, 0xEE, 0x00, 0x41, 0x00, 0x20, 0x80, 0x3F,
    0x80, 0x7F, 0xF0, 0x78, 0x3C, 0x78, 0x1F, 0x3C, 0x07, 0xFE, 0x03, 0xFE, 0x01, 0xFF, 0x00, 0xFF,
    0x80, 0x3F, 0xE0, 0x1F, 0xF0, 0x0F, 0xF8, 0x0F, 0xFC, 0x07, 0x9F, 0x03, 0xC7, 0x83, 0xC1, 0xFF,
    0xC0, 0x3F, 0x80, 0x00, 0x00, 0xF0, 0x1F, 0x81, 0x98, 0x18, 0x80, 0x00, 0x1F, 0x87, 0xFC, 0x71,
    0xEF, 0x1F, 0xF0, 0xFF, 0x0F, 0xF0, 0xFF, 0x0E, 0xF9, 0xE7, 0xFC, 0x3F, 0x80, 0x33, 0x00, 0x07,
    0xF8, 0x00, 0x3F, 0xC0, 0x01, 0xCE, 0x00, 0x06, 0x60, 0x07, 0xFF, 0x80, 0x3F, 0xFC, 0x01, 0xE3,
    0xE0, 0x1E, 0x3E, 0x01, 0xE1, 0xE0, 0x1E, 0x1E, 0x01, 0xE3, 0xC0, 0x1E, 0x78, 0x01, 0xFF, 0x00,
    0x1E, 0xF0, 0x01, 0xEF, 0x80, 0x1E, 0x7C, 0x01, 0xE3, 0xC0, 0x1E, 0x3E, 0x01, 0xE1, 0xF0, 0x3F,
    0x0F, 0xF7, 0xFC, 0x7F, 0x77, 0x1D, 0xC3, 0xF0, 0xEE, 0x19, 0x82, 0x21, 0xFD, 0xFF, 0x7F, 0xCF,
    0x03, 0xC0, 0xF0, 0x3C, 0x0F, 0x03, 0xC0, 0xF0, 0xFF, 0x00, 0x03, 0xE0, 0x00, 0x7F, 0x00, 0x07,
    0x70, 0x00, 0x41, 0x00, 0x00, 0x00, 0x07, 0xFF, 0x80, 0x3F, 0xFC, 0x01, 0xE3, 0xE0, 0x1E, 0x3E,
    0x01, 0xE1, 0xE0, 0x1E, 0x1E, 0x01, 0xE3, 0xC0, 0x1E, 0x78, 0x01, 0xFF, 0x00, 0x1E, 0xF0, 0x01,
    0xEF, 0x80, 0x1E, 0x7C, 0x01, 0xE3, 0xC0, 0x1E, 0x3E, 0x01, 0xE1, 0xF0, 0x3F, 0x0F, 0xF7, 0xFC,
    0x7F, 0x0F, 0x07, 0xE1, 0xF8, 0x66, 0x10, 0x87, 0xF7, 0xFD, 0xFF, 0x3C, 0x0F, 0x03, 0xC0, 0xF0,
    0x3C, 0x0F, 0x03, 0xC3, 0xFC, 0x0C, 0xC0, 0x03, 0xFC, 0x00, 0x3F, 0xC0, 0x01, 0xDC, 0x00, 0x18,
    0x81, 0xFE, 0x1F, 0x9F, 0x01, 0xE1, 0xE0, 0x18, 0x3C, 0x03, 0x07, 0x80, 0x60, 0xF0, 0x0C, 0x1E,
    0x01, 0x83, 0xC0, 0x30, 0x78, 0x06, 0x0F, 0x00, 0xC1, 0xE0, 0x18, 0x3C, 0x03, 0x07, 0x80, 0x60,
    0xF8, 0x1C, 0x0F, 0xFF, 0x00, 0xFF, 0xC0, 0x0F, 0xF0, 0x00, 0x77, 0x00, 0xFE, 0x03, 0xB8, 0x07,
    0x60, 0x0C, 0xC0, 0x11, 0x0F, 0xDF, 0x9F, 0x7C, 0x3C, 0xF0, 0xF3, 0xC3, 0xCF, 0x0F, 0x3C, 0x3C,
    0xF0, 0xF3, 0xC3, 0xFF, 0x8F, 0xFF, 0x1E, 0xE0, 0x01, 0xF0, 0x00, 0x7F, 0x00, 0x0E, 0xE0, 0x01,
    0x04, 0x00, 0x00, 0x01, 0xFE, 0x3F, 0x9F, 0x01, 0xE1, 0xE0, 0x18, 0x3C, 0x03, 0x07, 0x80, 0x60,
    0xF0, 0x0C, 0x1E, 0x01, 0x83, 0xC0, 0x30, 0x78, 0x06, 0x0F, 0x00, 0xC1, 0xE0, 0x18, 0x3C, 0x03,
    0x07, 0x80, 0x60, 0xF8, 0x1C, 0x0F, 0xFF, 0x00, 0xFF, 0xC0, 0x0F, 0xF0, 0x00, 0x00, 0x00, 0x1E,
    0x00, 0xFC, 0x03, 0x30, 0x0C, 0xC0, 0x00, 0x0F, 0xDF, 0x9F, 0x7C, 0x3C, 0xF0, 0xF3, 0xC3, 0xCF,
    0x0F, 0x3C, 0x3C, 0xF0, 0xF3, 0xC3, 0xFF, 0x8F, 0xFF, 0x1E, 0xE0, 0x1F, 0xE3, 0xFE, 0x78, 0x67,
    0x86, 0x78, 0x27, 0xE0, 0x7F, 0x07, 0xFC, 0x3F, 0xE0, 0xFE, 0x07, 0xFC, 0x1F, 0xC1, 0xFE, 0x0F,
    0xE1, 0xE7, 0xFE, 0x3F, 0x80, 0x00, 0x0E, 0x00, 0xF0, 0x0F, 0x00, 0x70, 0x03, 0x00, 0x60, 0x0C,
    0x00, 0x3F, 0x7F, 0x73, 0x79, 0x7C, 0x7F, 0x1F, 0xCF, 0xE7, 0xFF, 0x7E, 0x00, 0x1C, 0x3E, 0x3E,
    0x0E, 0x06, 0x1C, 0x18, 0x70, 0x01, 0xDF, 0xFF, 0xF7, 0xFF, 0xFB, 0x87, 0x86, 0xC1, 0xE0, 0x80,
    0x78, 0x00, 0x1E, 0x00, 0x07, 0x80, 0x01, 0xE0, 0x00, 0x78, 0x00, 0x1E, 0x00, 0x07, 0x80, 0x01,
    0xE0, 0x00, 0x78, 0x00, 0x1E, 0x00, 0x07, 0x80, 0x03, 0xF0, 0x03, 0xFF, 0x00, 0x00, 0x00, 0x07,
    0x00, 0x01, 0xE0, 0x00, 0x78, 0x00, 0x0E, 0x00, 0x01, 0x80, 0x01, 0xC0, 0x00, 0x60, 0x00, 0x1C,
    0x0F, 0x0F, 0xF9, 0xFC, 0x3C, 0x0F, 0x03, 0xC0, 0xF0, 0x3C, 0x0F, 0x03, 0xC0, 0xFE, 0x1F, 0x80,
    0x00, 0xE0, 0x7C, 0x1F, 0x01, 0xC0, 0x30, 0x38, 0x0C, 0x00, 0x3F, 0xE0, 0xFF, 0xE1, 0xC3, 0xE3,
    0x03, 0xC6, 0x07, 0x80, 0x0F, 0x00, 0x3C, 0x00, 0x78, 0x03, 0xC0, 0x1F, 0xF0, 0x3F, 0xF0, 0x43,
    0xE0, 0x03, 0xE0, 0x07, 0xC0, 0x07, 0x80, 0x0F, 0x00, 0x3C, 0x00, 0x78, 0x01, 0xE2, 0x07, 0x8F,
    0x3E, 0x1F, 0xF0, 0x06, 0x00, 0x00, 0x3F, 0x0F, 0xF1, 0x9F, 0x21, 0xE0, 0x38, 0x0F, 0x03, 0xC0,
    0xFC, 0x3F, 0xC4, 0x7C, 0x0F, 0x80, 0xF0, 0x1E, 0x03, 0x80, 0xE0, 0x1C, 0xFF, 0x1F, 0x80, 0x03,
    0x04, 0x00, 0x3F, 0xC0, 0x01, 0xF8, 0x00, 0x0F, 0x00, 0x00, 0x00, 0x07, 0xF8, 0xFF, 0x3F, 0x07,
    0xE1, 0xE0, 0x3C, 0x1E, 0x03, 0xC1, 0xE0, 0x3C, 0x1E, 0x03, 0xC1, 0xE0, 0x3C, 0x1E, 0x03, 0xC1,
    0xFF, 0xFC, 0x1F, 0xFF, 0xC1, 0xE0, 0x3C, 0x1E, 0x03, 0xC1, 0xE0, 0x3C, 0x1E, 0x03, 0xC1, 0xE0,
    0x3C, 0x3E, 0x07, 0xE7, 0xF8, 0xFF, 0x0C, 0x60, 0x3F, 0x80, 0x7C, 0x00, 0xE0, 0x00, 0x00, 0x70,
    0x0F, 0xC0, 0x1F, 0x00, 0x3C, 0x00, 0xF0, 0x03, 0xC0, 0x0F, 0x00, 0x3D, 0xF0, 0xFF, 0xC3, 0xFF,
    0x8F, 0x1E, 0x3C, 0x78, 0xF1, 0xE3, 0xC7, 0x8F, 0x1E, 0x3C, 0x78, 0xF3, 0xEF, 0xFF, 0xC0, 0x71,
    0xC3, 0x86, 0x08, 0x38, 0xE7, 0x18, 0x40, 0x30, 0x61, 0xE3, 0xCC, 0xD9, 0x80, 0x01, 0x1F, 0x9F,
    0xDF, 0xCC, 0x00, 0x00, 0xFF, 0xFF, 0xFF, 0xFF, 0xFC, 0x87, 0xFF, 0xDE, 0xEF, 0xFE, 0xE7, 0x7B,
    0xFD, 0xFC, 0xE0, 0x7F, 0xF5, 0xCE, 0x18, 0x7B, 0xFC, 0xFF, 0xF8, 0x80, 0x33, 0x3B, 0x9F, 0xDD,
    0xCC, 0xC4, 0xC0, 0x42, 0x66, 0x7E, 0x3C, 0x3C, 0x18, 0xFF, 0xC0, 0xFF, 0xFF, 0xF0, 0xEC, 0xEE,
    0xEE, 0x77, 0x33, 0x11, 0x1C, 0x0F, 0x37, 0x3C, 0x3F, 0x73, 0xF0, 0x20, 0x01, 0xEF, 0xF3, 0x84,
    0x7F, 0x39, 0xEF, 0x78, 0xF7, 0xBC, 0x67, 0x70, 0x7F, 0xFE, 0xE7, 0xF3, 0xE7, 0x86, 0x39, 0xC0,
    0x71, 0xC3, 0x86, 0x08, 0x38, 0xE7, 0x18, 0x40, 0x08, 0x47, 0xF7, 0x8C, 0x00, 0x43, 0x0C, 0x3F,
    0xFB, 0x00, 0x00, 0xFD, 0xF0, 0xC0, 0x38, 0xF3, 0xDE, 0xF0, 0x76, 0xC6, 0x70, 0x01, 0x18, 0xCF,
    0xF8, 0xFB, 0x98, 0xC0, 0x00, 0x10, 0xC3, 0x1F, 0x78, 0xC0, 0x00, 0xF9, 0xC0, 0x03, 0xC0, 0xF0,
    0x3C, 0x0F, 0x03, 0xC0, 0xF0, 0x3D, 0x0E, 0xE7, 0xBD, 0xC7, 0xE0, 0x60, 0xE0, 0x78, 0x3C, 0x1E,
    0x0F, 0x17, 0x9F, 0xDF, 0xEE, 0x7E, 0x0C, 0x00, 0xEF, 0xFE, 0xE7, 0x7B, 0xFD, 0xFC, 0xE0, 0x7B,
    0xFC, 0xFF, 0xF8, 0x80, 0xEF, 0xF3, 0x7E, 0x33, 0xBF, 0xF1, 0xFB, 0x80, 0x10, 0xC6, 0x38, 0xE3,
    0xFF, 0xFE, 0xFF, 0xC0, 0x7F, 0xFF, 0x18, 0x00, 0x99, 0xDB, 0xFF, 0xFE, 0x42, 0x66, 0x7E, 0x3C,
    0x3C, 0x18, 0x30, 0x61, 0xE3, 0xCC, 0xD9, 0x80, 0x87, 0xFF, 0xDE, 0x01, 0xEF, 0xF3, 0x84, 0x01,
    0x9F, 0xCF, 0xCF, 0xCC, 0x00, 0xFF, 0xFF, 0xFF, 0xFF, 0xFC, 0xFF, 0xFF, 0xFC, 0x00, 0x7F, 0xFF,
    0xFE, 0x7C, 0x3F, 0xFF, 0xFF, 0xE8, 0x3C, 0xFF, 0xFE, 0xFF, 0xFF, 0xFE, 0x01, 0x80, 0x60, 0x38,
    0x0C, 0x07, 0x01, 0x80, 0x60, 0x38, 0x0C, 0x07, 0x01, 0x80, 0xE0, 0x30, 0x1C, 0x06, 0x01, 0x80,
    0x00, 0xC0, 0x70, 0x18, 0x06, 0x03, 0x80, 0xC0, 0x70, 0x18, 0x0E, 0x03, 0x01, 0xC0, 0x60, 0x18,
    0x0E, 0x03, 0x01, 0xC0, 0x60, 0x38, 0x0C, 0x00, 0xED, 0xBE, 0x00, 0x43, 0x8F, 0xFB, 0xF0, 0xFF,
    0xFF, 0x1E, 0x3F, 0xEF, 0x80, 0x77, 0xFF, 0xFD, 0x18, 0x4B, 0xF7, 0x9E, 0xFC, 0x00, 0x7F, 0x7F,
    0xB0, 0x71, 0xC3, 0x86, 0x08, 0x67, 0x6E, 0xCC, 0x03, 0x7F, 0xFE, 0xC0, 0xFF, 0x77, 0xE0, 0x0E,
    0x07, 0x03, 0x81, 0x80, 0xC7, 0xFB, 0xDF, 0xCE, 0x07, 0x39, 0xFF, 0xF8, 0x76, 0xC6, 0x70, 0x43,
    0xE7, 0x9E, 0xF8, 0x00, 0xED, 0xBE, 0x00, 0xC0, 0x03, 0xFC, 0x1F, 0x3F, 0xFC, 0x01, 0x80, 0x3F,
    0xFC, 0xFF, 0xFF, 0xC0, 0x03, 0x7F, 0xFD, 0xDF, 0x90, 0x1C, 0x00, 0x78, 0x00, 0xF0, 0x01, 0xC0,
    0x01, 0x81, 0xFF, 0xE3, 0xFF, 0xC7, 0x83, 0x1E, 0x0C, 0x78, 0x11, 0xE0, 0x07, 0x84, 0x1E, 0x30,
    0x7F, 0xC1, 0xFF, 0x07, 0x84, 0x1E, 0x00, 0x78, 0x01, 0xE0, 0x47, 0x83, 0x3F, 0xFD, 0xFF, 0xF0,
    0x0E, 0x70, 0x7B, 0xC1, 0xEF, 0x03, 0x9C, 0x7F, 0xF8, 0xFF, 0xF1, 0xE0, 0xC7, 0x83, 0x1E, 0x04,
    0x78, 0x01, 0xE1, 0x07, 0x8C, 0x1F, 0xF0, 0x7F, 0xC1, 0xE3, 0x07, 0x80, 0x1E, 0x00, 0x78, 0x11,
    0xE0, 0xCF, 0xFF, 0x7F, 0xFC, 0x60, 0x01, 0xCF, 0xFF, 0xF9, 0xFF, 0xFF, 0x71, 0xE0, 0xCC, 0x3C,
    0x08, 0x07, 0x80, 0x00, 0xF0, 0x00, 0x1F, 0xF8, 0x03, 0xFF, 0xC0, 0x78, 0x78, 0x0F, 0x0F, 0x81,
    0xE1, 0xF0, 0x3C, 0x1E, 0x07, 0x83, 0xC0, 0xF0, 0x78, 0x1E, 0x0F, 0x07, 0xE3, 0xE3, 0xFE, 0x7C,
    0x00, 0x0F, 0x00, 0x01, 0xE0, 0x00, 0x78, 0x00, 0x1E, 0x00, 0x07, 0x80, 0x00, 0xE0, 0x00, 0xE0,
    0x07, 0x80, 0x1C, 0x00, 0xE0, 0x06, 0x01, 0xFF, 0xF3, 0xFF, 0xC7, 0x83, 0x1E, 0x0C, 0x78, 0x31,
    0xE0, 0x07, 0x80, 0x1E, 0x00, 0x78, 0x01, 0xE0, 0x07, 0x80, 0x1E, 0x00, 0x78, 0x01, 0xE0, 0x07,
    0x80, 0x3E, 0x01, 0xFE, 0x00, 0x07, 0xFC, 0x3F, 0xF8, 0xF0, 0x33, 0xC0, 0x67, 0x80, 0x5F, 0x00,
    0x3D, 0xF6, 0x7F, 0xFC, 0xFF, 0xF1, 0xE0, 0x03, 0xE0, 0x07, 0xC0, 0x0F, 0x80, 0x6F, 0x81, 0xCF,
    0x83, 0x8F, 0xFE, 0x07, 0xF8, 0x1F, 0xE3, 0xFE, 0x78, 0x67, 0x86, 0x78, 0x27, 0xE0, 0x7F, 0x07,
    0xFC, 0x3F, 0xE0, 0xFE, 0x07, 0xFC, 0x1F, 0xC1, 0xFE, 0x0F, 0xE1, 0xE7, 0xFE, 0x3F, 0x80, 0x7F,
    0x9F, 0x87, 0x83, 0xC1, 0xE0, 0xF0, 0x78, 0x3C, 0x1E, 0x0F, 0x07, 0x83, 0xC1, 0xE0, 0xF0, 0x78,
    0x7C, 0x7F, 0x80, 0xE7, 0x7B, 0xFD, 0xFC, 0xEF, 0xF1, 0xF0, 0xF0, 0x78, 0x3C, 0x1E, 0x0F, 0x07,
    0x83, 0xC1, 0xE0, 0xF0, 0x78, 0x3C, 0x1E, 0x0F, 0x0F, 0xCF, 0xF0, 0x1F, 0xE1, 0xF0, 0x1E, 0x03,
    0xC0, 0x78, 0x0F, 0x01, 0xE0, 0x3C, 0x07, 0x80, 0xF0, 0x1E, 0x03, 0xC0, 0x78, 0x0F, 0x01, 0xE0,
    0x3C, 0x07, 0x80, 0xE0, 0x1C, 0x77, 0x0E, 0xC1, 0xF0, 0x00, 0x00, 0x1F, 0xFF, 0xC0, 0x07, 0xFF,
    0x00, 0x03, 0x0F, 0x00, 0x03, 0x0F, 0x00, 0x03, 0x0F, 0x00, 0x03, 0x0F, 0x00, 0x03, 0x0F, 0x00,
    0x07, 0x0F, 0xFC, 0x07, 0x0F, 0xFE, 0x07, 0x0F, 0x1F, 0x07, 0x0F, 0x1F, 0x06, 0x0F, 0x0F, 0x06,
    0x0F, 0x0F, 0x0E, 0x0F, 0x1F, 0xFC, 0x0F, 0x1F, 0xF8, 0x1F, 0xFE, 0xF0, 0x3F, 0xF8, 0x7F, 0x9F,
    0xE0, 0x1F, 0x87, 0xE0, 0x07, 0x81, 0xE0, 0x03, 0xC0, 0xF0, 0x01, 0xE0, 0x78, 0x00, 0xF0, 0x3C,
    0x00, 0x78, 0x1E, 0x00, 0x3C, 0x0F, 0x80, 0x1F, 0xFF, 0xFF, 0x0F, 0xFF, 0xCF, 0xC7, 0x81, 0xE3,
    0xE3, 0xC0, 0xF0, 0xF1, 0xE0, 0x78, 0x78, 0xF0, 0x3C, 0x7C, 0x78, 0x1E, 0x3E, 0x7C, 0x0F, 0xBE,
    0x7F, 0x9F, 0xFE, 0x00, 0x60, 0x03, 0x87, 0xFF, 0xF8, 0x7F, 0xFF, 0x86, 0x3C, 0x38, 0xC3, 0xC3,
    0x0C, 0x3C, 0x10, 0x03, 0xC0, 0x00, 0x3C, 0x00, 0x03, 0xFF, 0x00, 0x3F, 0xF8, 0x03, 0xC3, 0xC0,
    0x3C, 0x3C, 0x03, 0xC3, 0xC0, 0x3C, 0x3C, 0x03, 0xC3, 0xC0, 0x3C, 0x3C, 0x07, 0xC3, 0xE1, 0xFF,
    0xFF, 0x00, 0x18, 0x00, 0x07, 0x80, 0x01, 0xE0, 0x00, 0x70, 0x00, 0x0C, 0x00, 0xFF, 0x1E, 0x0F,
    0x87, 0xE0, 0xF0, 0xFC, 0x1E, 0x3B, 0x03, 0xC6, 0x00, 0x79, 0xC0, 0x0F, 0x70, 0x01, 0xFE, 0x00,
    0x3F, 0xE0, 0x07, 0xBE, 0x00, 0xF7, 0xC0, 0x1E, 0x7C, 0x03, 0xCF, 0x80, 0x78, 0xF8, 0x0F, 0x1F,
    0x03, 0xE1, 0xF8, 0xFF, 0x1F, 0x80, 0x03, 0x80, 0x00, 0x1E, 0x00, 0x00, 0x78, 0x00, 0x01, 0xC0,
    0x00, 0x03, 0x00, 0x3F, 0xC7, 0xFC, 0xF8, 0x0F, 0x83, 0xC0, 0x3C, 0x1E, 0x03, 0xE0, 0xF0, 0x3F,
    0x07, 0x83, 0xF8, 0x3C, 0x3B, 0xC1, 0xE3, 0x9E, 0x0F, 0x3C, 0xF0, 0x7B, 0xC7, 0x83, 0xFC, 0x3C,
    0x1F, 0xC1, 0xE0, 0xFC, 0x0F, 0x07, 0xC0, 0x78, 0x3C, 0x03, 0xC3, 0xF0, 0x3E, 0x3F, 0xC7, 0xFC,
    0x07, 0x08, 0x03, 0x84, 0x01, 0xC6, 0x00, 0xF7, 0x00, 0x3F, 0x00, 0x06, 0x03, 0xFE, 0xFE, 0xFC,
    0x1E, 0x3E, 0x0E, 0x0F, 0x86, 0x07, 0xC7, 0x01, 0xF3, 0x00, 0xF9, 0x80, 0x3F, 0x80, 0x1F, 0xC0,
    0x07, 0xE0, 0x03, 0xE0, 0x00, 0xF0, 0x00, 0x70, 0x00, 0x38, 0x03, 0x98, 0x01, 0xFC, 0x00, 0xFC,
    0x00, 0x3C, 0x00, 0x7F, 0x9F, 0xF3, 0xF0, 0x7C, 0x1E, 0x03, 0xC1, 0xE0, 0x3C, 0x1E, 0x03, 0xC1,
    0xE0, 0x3C, 0x1E, 0x03, 0xC1, 0xE0, 0x3C, 0x1E, 0x03, 0xC1, 0xE0, 0x3C, 0x1E, 0x03, 0xC1, 0xE0,
    0x3C, 0x1E, 0x03, 0xC1, 0xE0, 0x3C, 0x1E, 0x03, 0xC3, 0xFF, 0xFC, 0x7F, 0xFF, 0xF0, 0x07, 0x00,
    0x00, 0x70, 0x00, 0x07, 0x00, 0x00, 0x70, 0x00, 0x06, 0x00, 0x00, 0x20, 0x00, 0x00, 0x10, 0x00,
    0x07, 0x80, 0x00, 0xF8, 0x00, 0x0F, 0x80, 0x01, 0xF8, 0x00, 0x1F, 0xC0, 0x01, 0xBC, 0x00, 0x3B,
    0xC0, 0x03, 0x3E, 0x00, 0x33, 0xE0, 0x07, 0x1E, 0x00, 0x7F, 0xF0, 0x0F, 0xFF, 0x00, 0xE0, 0xF0,
    0x0C, 0x0F, 0x81, 0xC0, 0xF8, 0x3E, 0x0F, 0xC7, 0xF3, 0xFE, 0x7F, 0xFC, 0x7F, 0xF8, 0x78, 0x30,
    0xF0, 0x61, 0xE0, 0x03, 0xC0, 0x07, 0xB8, 0x0F, 0xFC, 0x1F, 0xFC, 0x3C, 0x7C, 0x78, 0xF8, 0xF0,
    0xF1, 0xE1, 0xE3, 0xC7, 0xC7, 0x8F, 0x9F, 0xFE, 0x7F, 0xF0, 0x7F, 0xF8, 0x7F, 0xF8, 0x78, 0xF8,
    0xF0, 0xF1, 0xE1, 0xE3, 0xC7, 0x87, 0x9F, 0x0F, 0xF8, 0x1F, 0xFC, 0x3C, 0x7C, 0x78, 0xF8, 0xF0,
    0xF1, 0xE1, 0xE3, 0xC7, 0xC7, 0x8F, 0x9F, 0xFE, 0x7F, 0xF8, 0x7F, 0xFC, 0xFF, 0xF1, 0xE0, 0xC7,
    0x83, 0x1E, 0x0C, 0x78, 0x01, 0xE0, 0x07, 0x80, 0x1E, 0x00, 0x78, 0x01, 0xE0, 0x07, 0x80, 0x1E,
    0x00, 0x78, 0x01, 0xE0, 0x0F, 0x80, 0x7F, 0x80, 0x1F, 0xFF, 0x87, 0xFF, 0x81, 0x87, 0x80, 0xC3,
    0xC0, 0x61, 0xE0, 0x30, 0xF0, 0x18, 0x78, 0x0C, 0x3C, 0x06, 0x1E, 0x03, 0x0F, 0x01, 0x87, 0x80,
    0x83, 0xC0, 0xC1, 0xE0, 0x60, 0xF0, 0x60, 0x78, 0xFF, 0xFE, 0xFF, 0xFF, 0xF8, 0x03, 0xF8, 0x00,
    0xF8, 0x00, 0x7C, 0x00, 0x36, 0x00, 0x19, 0x00, 0x04, 0x7F, 0xF8, 0xFF, 0xF1, 0xE0, 0xC7, 0x83,
    0x1E, 0x04, 0x78, 0x01, 0xE1, 0x07, 0x8C, 0x1F, 0xF0, 0x7F, 0xC1, 0xE1, 0x07, 0x80, 0x1E, 0x00,
    0x78, 0x11, 0xE0, 0xCF, 0xFF, 0x7F, 0xFC, 0x3C, 0x3F, 0xC7, 0xC3, 0xE1, 0xF0, 0xFC, 0x3F, 0x0F,
    0x0F, 0xC0, 0x30, 0xF1, 0xC0, 0x01, 0x8F, 0x18, 0x00, 0x18, 0xF3, 0x80, 0x01, 0xCF, 0x78, 0x00,
    0x0F, 0xFF, 0x80, 0x01, 0xFF, 0xF8, 0x00, 0x3C, 0xF7, 0xC0, 0x07, 0xCF, 0x3E, 0x00, 0x78, 0xF3,
    0xE0, 0x0F, 0x8F, 0x1F, 0x01, 0xF0, 0xF1, 0xF8, 0x1F, 0x0F, 0x0F, 0x8F, 0xE1, 0xF8, 0xFE, 0x7C,
    0x3F, 0xC3, 0xF0, 0x3F, 0xC7, 0xFE, 0x61, 0xF6, 0x0F, 0x40, 0xF0, 0x1F, 0x01, 0xE1, 0xFC, 0x0F,
    0xE0, 0x0F, 0x00, 0xFC, 0x0F, 0xC0, 0xFC, 0x0F, 0xE1, 0xF7, 0xFE, 0x3F, 0x80, 0x7F, 0x8F, 0xF9,
    0xF0, 0x1F, 0x07, 0x80, 0x78, 0x3C, 0x07, 0xC1, 0xE0, 0x7E, 0x0F, 0x07, 0xF0, 0x78, 0x77, 0x83,
    0xC7, 0x3C, 0x1E, 0x79, 0xE0, 0xF7, 0x8F, 0x07, 0xF8, 0x78, 0x3F, 0x83, 0xC1, 0xF8, 0x1E, 0x0F,
    0x80, 0xF0, 0x78, 0x07, 0x87, 0xE0, 0x7C, 0x7F, 0x8F, 0xF8, 0x01, 0xC0, 0x00, 0x0E, 0x10, 0x00,
    0x71, 0x80, 0x03, 0xDC, 0x00, 0x0F, 0xC0, 0x00, 0x18, 0x01, 0xFE, 0x1F, 0xE7, 0xE0, 0x7C, 0x1E,
    0x01, 0xE0, 0xF0, 0x1F, 0x07, 0x81, 0xF8, 0x3C, 0x1F, 0xC1, 0xE1, 0xDE, 0x0F, 0x1E, 0xF0, 0x78,
    0xE7, 0x83, 0xCE, 0x3C, 0x1E, 0xE1, 0xE0, 0xFE, 0x0F, 0x07, 0xE0, 0x78, 0x3E, 0x03, 0xC1, 0xF0,
    0x1E, 0x1F, 0x81, 0xF1, 0xFF, 0x1F, 0xE0, 0x7F, 0x8F, 0x07, 0xC3, 0xF0, 0x78, 0x7E, 0x0F, 0x1D,
    0x81, 0xE3, 0x00, 0x3C, 0xE0, 0x07, 0xB8, 0x00, 0xFF, 0x00, 0x1F, 0xF0, 0x03, 0xDF, 0x00, 0x7B,
    0xE0, 0x0F, 0x3E, 0x01, 0xE7, 0xC0, 0x3C, 0x7C, 0x07, 0x8F, 0x81, 0xF0, 0xFC, 0x7F, 0x8F, 0xC0,
    0x0F, 0xFF, 0xC0, 0x7F, 0xF0, 0x0C, 0x3C, 0x01, 0x87, 0x80, 0x30, 0xF0, 0x06, 0x1E, 0x00, 0xC3,
    0xC0, 0x18, 0x78, 0x03, 0x0F, 0x00, 0x61, 0xE0, 0x0C, 0x3C, 0x01, 0x07, 0x80, 0x60, 0xF0, 0x0C,
    0x1E, 0x1F, 0x03, 0xC7, 0xE0, 0xFC, 0x78, 0x3F, 0xC0, 0x7F, 0x00, 0xFE, 0x3E, 0x01, 0xF8, 0x3E,
    0x03, 0xC0, 0x7C, 0x0F, 0x80, 0xFC, 0x1F, 0x01, 0xF8, 0x7E, 0x03, 0xF0, 0xFC, 0x0D, 0xF3, 0xF8,
    0x1B, 0xE6, 0xF0, 0x33, 0xED, 0xE0, 0x67, 0xF3, 0xC0, 0xC7, 0xE7, 0x81, 0x8F, 0x8F, 0x03, 0x0F,
    0x1E, 0x06, 0x1E, 0x3C, 0x1E, 0x18, 0x7C, 0x7F, 0x33, 0xFE, 0x00, 0x00, 0x00, 0x7F, 0x8F, 0xF3,
    0xF0, 0x7E, 0x1E, 0x03, 0xC1, 0xE0, 0x3C, 0x1E, 0x03, 0xC1, 0xE0, 0x3C, 0x1E, 0x03, 0xC1, 0xE0,
    0x3C, 0x1F, 0xFF, 0xC1, 0xFF, 0xFC, 0x1E, 0x03, 0xC1, 0xE0, 0x3C, 0x1E, 0x03, 0xC1, 0xE0, 0x3C,
    0x1E, 0x03, 0xC3, 0xE0, 0x7E, 0x7F, 0x8F, 0xF0, 0x07, 0xF0, 0x0F, 0xFE, 0x0F, 0x07, 0x8F, 0x03,
    0xE7, 0x80, 0xFF, 0xC0, 0x7F, 0xC0, 0x3F, 0xE0, 0x1F, 0xF0, 0x07, 0xFC, 0x03, 0xFE, 0x01, 0xFF,
    0x01, 0xFF, 0x80, 0xF3, 0xE0, 0x78, 0xF8, 0x78, 0x3F, 0xF8, 0x07, 0xF0, 0x00, 0x7F, 0xFF, 0xF3,
    0xFF, 0xFE, 0x1E, 0x03, 0xC1, 0xE0, 0x3C, 0x1E, 0x03, 0xC1, 0xE0, 0x3C, 0x1E, 0x03, 0xC1, 0xE0,
    0x3C, 0x1E, 0x03, 0xC1, 0xE0, 0x3C, 0x1E, 0x03, 0xC1, 0xE0, 0x3C, 0x1E, 0x03, 0xC1, 0xE0, 0x3C,
    0x1E, 0x03, 0xC3, 0xF0, 0x7C, 0x7F, 0x8F, 0xF0, 0x7F, 0xF0, 0x7F, 0xF8, 0x78, 0xF8, 0xF0, 0xF1,
    0xE1, 0xE3, 0xC3, 0xC7, 0x87, 0x8F, 0x0F, 0x1E, 0x1C, 0x3C, 0x78, 0x7F, 0xE0, 0xF4, 0x01, 0xE0,
    0x03, 0xC0, 0x07, 0x80, 0x1F, 0x80, 0x7F, 0xC0, 0x03, 0xFE, 0x0F, 0xFF, 0x3E, 0x07, 0x7C, 0x03,
    0x78, 0x03, 0xF8, 0x00, 0xF8, 0x00, 0xF0, 0x00, 0xF0, 0x00, 0xF0, 0x00, 0xF8, 0x00, 0xF8, 0x00,
    0x78, 0x03, 0x7C, 0x03, 0x3E, 0x07, 0x1F, 0xFE, 0x07, 0xFC, 0x70, 0x01, 0xDF, 0xFF, 0xF7, 0xFF,
    0xFB, 0x87, 0x86, 0xC1, 0xE0, 0x80, 0x78, 0x00, 0x1E, 0x00, 0x07, 0x80, 0x01, 0xE0, 0x00, 0x78,
    0x00, 0x1E, 0x00, 0x07, 0x80, 0x01, 0xE0, 0x00, 0x78, 0x00, 0x1E, 0x00, 0x07, 0x80, 0x03, 0xF0,
    0x03, 0xFE, 0x00, 0xFF, 0x9F, 0xCF, 0xC1, 0xE1, 0xF0, 0x70, 0x7C, 0x18, 0x0F, 0x8E, 0x03, 0xE3,
    0x00, 0x7C, 0xC0, 0x1F, 0x60, 0x03, 0xF8, 0x00, 0xFE, 0x00, 0x1F, 0x00, 0x07, 0xC0, 0x00, 0xE0,
    0x00, 0x38, 0x01, 0xDC, 0x00, 0x7F, 0x00, 0x1F, 0x80, 0x03, 0xC0, 0x00, 0x07, 0xFC, 0x00, 0x7F,
    0x00, 0x07, 0x80, 0x07, 0xFF, 0x03, 0xFF, 0xF0, 0xF3, 0xCF, 0x3C, 0x78, 0xF7, 0x8F, 0x1F, 0xF1,
    0xE1, 0xFE, 0x3C, 0x3F, 0xC7, 0x87, 0xF8, 0xF1, 0xFF, 0x9E, 0x3C, 0xF3, 0xCF, 0x0F, 0xFB, 0xC0,
    0xFF, 0xF0, 0x01, 0xF0, 0x00, 0xFF, 0x00, 0x1F, 0xF0, 0x00, 0x7F, 0xE7, 0xE1, 0xF8, 0x3C, 0x0F,
    0x83, 0x80, 0xFC, 0x70, 0x07, 0xE6, 0x00, 0x3E, 0xC0, 0x03, 0xFC, 0x00, 0x1F, 0x80, 0x00, 0xF8,
    0x00, 0x1F, 0xC0, 0x01, 0xFE, 0x00, 0x33, 0xE0, 0x06, 0x1F, 0x00, 0xE1, 0xF8, 0x1C, 0x0F, 0x83,
    0xE1, 0xFC, 0x7F, 0x3F, 0xF0, 0x7F, 0x9F, 0xF3, 0xF0, 0x7C, 0x1E, 0x07, 0x81, 0xE0, 0x78, 0x1E,
    0x07, 0x81, 0xE0, 0x78, 0x1E, 0x07, 0x81, 0xE0, 0x78, 0x1E, 0x07, 0x81, 0xE0, 0x78, 0x1E, 0x07,
    0x81, 0xE0, 0x78, 0x1E, 0x07, 0x81, 0xE0, 0x78, 0x1E, 0x07, 0x83, 0xFF, 0xFE, 0x7F, 0xFF, 0xF0,
    0x00, 0x0F, 0x00, 0x00, 0x70, 0x00, 0x06, 0x00, 0x00, 0x60, 0x00, 0x06, 0x7F, 0xBF, 0xC7, 0xE1,
    0xF0, 0x78, 0x3C, 0x0F, 0x07, 0x81, 0xE0, 0xF0, 0x3C, 0x1E, 0x07, 0x83, 0xC0, 0xF8, 0xF8, 0x1F,
    0xFF, 0x01, 0xFD, 0xE0, 0x00, 0x3C, 0x00, 0x07, 0x80, 0x00, 0xF0, 0x00, 0x1E, 0x00, 0x03, 0xC0,
    0x00, 0xFC, 0x00, 0x3F, 0xC0, 0x7F, 0xBF, 0xFF, 0xE7, 0xE3, 0xE1, 0xF0, 0x78, 0x3C, 0x1E, 0x0F,
    0x07, 0x83, 0xC1, 0xE0, 0xF0, 0x78, 0x3C, 0x1E, 0x0F, 0x07, 0x83, 0xC1, 0xE0, 0xF0, 0x78, 0x3C,
    0x1E, 0x0F, 0x07, 0x83, 0xC1, 0xE0, 0xF0, 0x78, 0x3C, 0x1E, 0x0F, 0x07, 0x83, 0xC1, 0xE0, 0xF0,
    0x78, 0x3C, 0x1E, 0x0F, 0x07, 0x83, 0xC1, 0xE1, 0xFF, 0xFF, 0xFC, 0x7F, 0xFF, 0xFF, 0xE0, 0x7F,
    0xFF, 0xBF, 0xC7, 0xC3, 0xE3, 0xF0, 0x78, 0x78, 0x3C, 0x0F, 0x0F, 0x07, 0x81, 0xE1, 0xE0, 0xF0,
    0x3C, 0x3C, 0x1E, 0x07, 0x87, 0x83, 0xC0, 0xF0, 0xF0, 0x78, 0x1E, 0x1E, 0x0F, 0x03, 0xC3, 0xC1,
    0xE0, 0x78, 0x78, 0x3C, 0x0F, 0x0F, 0x07, 0x81, 0xE1, 0xE0, 0xF0, 0x3C, 0x3C, 0x1E, 0x07, 0x87,
    0x83, 0xC1, 0xFF, 0xFF, 0xFE, 0x7F, 0xFF, 0xFF, 0xC0, 0x00, 0x00, 0x38, 0x00, 0x00, 0x03, 0x00,
    0x00, 0x00, 0x60, 0x00, 0x00, 0x0C, 0x00, 0x00, 0x01, 0x80, 0xFF, 0xF0, 0x3F, 0xF0, 0x0C, 0x3C,
    0x03, 0x0F, 0x00, 0x03, 0xC0, 0x00, 0xF0, 0x00, 0x3D, 0xC0, 0x0F, 0xFC, 0x03, 0xCF, 0x80, 0xF1,
    0xF0, 0x3C, 0x7C, 0x0F, 0x0F, 0x03, 0xC3, 0xC0, 0xF1, 0xF0, 0x3C, 0x7C, 0x1F, 0x3E, 0x0F, 0xFE,
    0x00, 0x7F, 0x81, 0xFE, 0x3E, 0x00, 0xFC, 0x1E, 0x00, 0x78, 0x1E, 0x00, 0x78, 0x1E, 0x00, 0x78,
    0x1E, 0x00, 0x78, 0x1E, 0x60, 0x78, 0x1F, 0xF8, 0x78, 0x1E, 0x7C, 0x78, 0x1E, 0x3E, 0x78, 0x1E,
    0x3E, 0x78, 0x1E, 0x1E, 0x78, 0x1E, 0x1E, 0x78, 0x1E, 0x3E, 0x78, 0x1E, 0x3E, 0x78, 0x3E, 0x7C,
    0xFC, 0x7F, 0xF1, 0xFE, 0x7F, 0x80, 0x7C, 0x00, 0x78, 0x00, 0xF0, 0x01, 0xE0, 0x03, 0xC0, 0x07,
    0x98, 0x0F, 0xFC, 0x1E, 0x7C, 0x3C, 0x7C, 0x78, 0xF8, 0xF0, 0xF1, 0xE1, 0xE3, 0xC7, 0xC7, 0x8F,
    0x9F, 0x3E, 0x7F, 0xF0, 0x7F, 0xC3, 0xFF, 0x8E, 0x0F, 0x30, 0x1E, 0xC0, 0x7E, 0x01, 0xF0, 0x03,
    0xC7, 0xFF, 0x3F, 0xFC, 0xCF, 0xF0, 0x07, 0xC0, 0x1F, 0x80, 0x7B, 0x03, 0xEE, 0x0F, 0x3F, 0xF8,
    0x7F, 0x80, 0x7F, 0x87, 0xF8, 0x1F, 0x87, 0xFE, 0x07, 0x87, 0x87, 0x83, 0xC7, 0x81, 0xE1, 0xE3,
    0xC0, 0xF8, 0xF3, 0xE0, 0x7C, 0x79, 0xE0, 0x3E, 0x3C, 0xF0, 0x0F, 0x1F, 0xF8, 0x07, 0x8F, 0xFC,
    0x03, 0xC7, 0x9F, 0x01, 0xE3, 0xCF, 0x81, 0xF1, 0xE7, 0xC0, 0xF0, 0xF1, 0xE0, 0x78, 0x78, 0x78,
    0x78, 0x7E, 0x1F, 0xF8, 0xFF, 0x87, 0xF8, 0x00, 0x03, 0xFF, 0xC1, 0xFF, 0xE0, 0xF0, 0xF0, 0x3C,
    0x3C, 0x0F, 0x0F, 0x03, 0xC3, 0xC0, 0xF0, 0xF0, 0x1F, 0x7C, 0x03, 0xFF, 0x00, 0xFB, 0xC0, 0x7C,
    0xF0, 0x1E, 0x3C, 0x0F, 0x8F, 0x07, 0xC3, 0xC1, 0xF0, 0xF1, 0xF8, 0x7C, 0xFC, 0x3F, 0xC0, 0x1F,
    0x0F, 0xF3, 0x9E, 0x73, 0xC0, 0x78, 0x3F, 0x1F, 0xE7, 0xBC, 0xF7, 0x9F, 0xFF, 0xEF, 0x00, 0x00,
    0x00, 0x1C, 0x3F, 0x8F, 0xF3, 0xFC, 0xFE, 0x18, 0x07, 0x00, 0xFF, 0x9F, 0xFB, 0xC7, 0xF8, 0xFF,
    0x1F, 0xE3, 0xFC, 0x7F, 0x8F, 0x79, 0xCF, 0xF8, 0xFE, 0x00, 0xFF, 0xC3, 0xFE, 0x3D, 0xE3, 0xDE,
    0x3D, 0xC3, 0xFE, 0x3F, 0xF3, 0xCF, 0x3C, 0xF3, 0xFE, 0xFF, 0xC0, 0xFF, 0xDF, 0xF3, 0xCC, 0xF3,
    0x3C, 0x0F, 0x03, 0xC0, 0xF0, 0x3C, 0x1F, 0x0F, 0xE0, 0x3F, 0xF8, 0xFF, 0x86, 0x78, 0x33, 0xC1,
    0x9E, 0x0C, 0xF0, 0x67, 0x83, 0x3C, 0x19, 0xE1, 0x8F, 0xBF, 0xFF, 0xC0, 0x7E, 0x01, 0x60, 0x09,
    0x00, 0x40, 0x3F, 0x1F, 0xEF, 0x3B, 0xFE, 0xFF, 0x38, 0x0F, 0x03, 0xE7, 0xFF, 0x9F, 0xE3, 0xF0,
    0x79, 0xFC, 0xF3, 0xE3, 0xC7, 0x9F, 0x9E, 0x7C, 0x0E, 0xF7, 0x00, 0x7F, 0xF0, 0x03, 0xBF, 0xC0,
    0x3D, 0xEE, 0x01, 0xCF, 0x78, 0x1E, 0x79, 0xE1, 0xE7, 0xCF, 0xBE, 0x7F, 0x3E, 0x7F, 0x7F, 0xF1,
    0xF1, 0xF7, 0xF1, 0xFA, 0x1F, 0x0F, 0xCF, 0xFF, 0xBF, 0x80, 0xFE, 0xFD, 0xF1, 0xE3, 0xCF, 0x8F,
    0x3E, 0x3D, 0xF8, 0xFD, 0xE3, 0xE7, 0x8F, 0x9E, 0x3C, 0x79, 0xF1, 0xEF, 0xEF, 0xC0, 0x0C, 0x00,
    0x31, 0x80, 0xEC, 0x03, 0xF0, 0x00, 0x03, 0xFB, 0xF7, 0xC7, 0x8F, 0x3E, 0x3C, 0xF8, 0xF7, 0xE3,
    0xF7, 0x8F, 0x9E, 0x3E, 0x78, 0xF1, 0xE7, 0xC7, 0xBF, 0xFF, 0xFE, 0x79, 0xF1, 0xE3, 0xCF, 0x8F,
    0x70, 0x3F, 0x80, 0xFF, 0x03, 0xDC, 0x0F, 0x78, 0x3D, 0xF1, 0xF3, 0xEF, 0xE7, 0xC0, 0x1F, 0xFC,
    0x3F, 0xE0, 0x47, 0x81, 0x1E, 0x0C, 0x78, 0x31, 0xE0, 0xC7, 0x83, 0x1E, 0xF8, 0x7B, 0xE3, 0xE7,
    0x1F, 0xC0, 0x00, 0x00, 0x7E, 0x0F, 0x8F, 0x0F, 0x87, 0xC7, 0xC3, 0xE7, 0xE1, 0xFB, 0xF0, 0xBD,
    0xF8, 0x5F, 0xBC, 0x67, 0xDE, 0x33, 0xCF, 0x18, 0xE7, 0x9F, 0x6F, 0xE0, 0xFF, 0xFD, 0xF3, 0xE3,
    0xC7, 0x8F, 0x1E, 0x3C, 0x78, 0xFF, 0xE3, 0xFF, 0x8F, 0x1E, 0x3C, 0x79, 0xF1, 0xEF, 0xFF, 0xC0,
    0x1F, 0x87, 0xFC, 0x71, 0xEF, 0x1F, 0xF0, 0xFF, 0x0F, 0xF0, 0xFF, 0x0E, 0xF9, 0xE7, 0xFC, 0x3F,
    0x80, 0xFF, 0xFD, 0xFF, 0xE3, 0xCF, 0x0F, 0x3C, 0x3C, 0xF0, 0xF3, 0xC3, 0xCF, 0x0F, 0x3C, 0x3C,
    0xF1, 0xF3, 0xEF, 0xFF, 0xC0, 0x3D, 0xF3, 0xFF, 0xE7, 0xC7, 0x8F, 0x1F, 0x3C, 0x3C, 0xF0, 0xF3,
    0xC3, 0xCF, 0x1E, 0x3C, 0x78, 0xFF, 0xC3, 0xFE, 0x0F, 0x00, 0x3C, 0x00, 0xF0, 0x03, 0xC0, 0x0F,
    0x00, 0x7C, 0x03, 0xFC, 0x00, 0x1F, 0x9F, 0xF6, 0x1B, 0x80, 0xE0, 0x38, 0x0F, 0x03, 0xE7, 0xFF,
    0x9F, 0xE3, 0xE0, 0x40, 0x27, 0xFE, 0x7F, 0xEC, 0xF2, 0xCF, 0x20, 0xF0, 0x0F, 0x00, 0xF0, 0x0F,
    0x00, 0xF0, 0x0F, 0x81, 0xFC, 0x7E, 0xF9, 0xE3, 0x8F, 0x98, 0x3C, 0xC1, 0xEE, 0x0F, 0xE0, 0x3F,
    0x01, 0xF0, 0x07, 0x80, 0x3C, 0x00, 0xC0, 0x06, 0x00, 0x60, 0x03, 0x00, 0x38, 0x0F, 0x80, 0x7C,
    0x03, 0xC0, 0x0C, 0x00, 0x03, 0x00, 0x3C, 0x00, 0xF0, 0x01, 0xC0, 0x07, 0x00, 0x1C, 0x03, 0xFE,
    0x1F, 0xFE, 0x77, 0x7F, 0xDC, 0xFF, 0x73, 0xFD, 0xCF, 0xF7, 0x3F, 0xDC, 0xFF, 0x73, 0x9F, 0xDE,
    0x3F, 0xE0, 0x3C, 0x00, 0x70, 0x01, 0xC0, 0x07, 0x00, 0x1C, 0x00, 0x78, 0x03, 0xF0, 0x7F, 0xF8,
    0xF9, 0xC1, 0xEE, 0x07, 0xF0, 0x0F, 0x80, 0x3E, 0x00, 0xFC, 0x06, 0xF8, 0x39, 0xE1, 0xC7, 0xCF,
    0xBF, 0x80, 0x00, 0xFF, 0xF8, 0xF9, 0xE0, 0xF3, 0xC1, 0xE7, 0x83, 0xCF, 0x07, 0x9E, 0x0F, 0x3C,
    0x1E, 0x78, 0x3C, 0xF0, 0xFF, 0xFB, 0xFF, 0xF0, 0x00, 0xE0, 0x00, 0xC0, 0x01, 0x80, 0x03, 0x00,
    0xFF, 0xFC, 0xF3, 0xE3, 0xCF, 0x0F, 0x3C, 0x3C, 0xF0, 0xFF, 0xC1, 0xFF, 0x03, 0xBC, 0x00, 0xF0,
    0x03, 0xE0, 0x1F, 0xC0, 0xFF, 0xFF, 0xF7, 0xCF, 0x1E, 0x3C, 0xF1, 0xE3, 0xCF, 0x1E, 0x3C, 0xF1,
    0xE3, 0xCF, 0x1E, 0x3C, 0xF1, 0xE3, 0xCF, 0x1E, 0x3C, 0xF1, 0xE7, 0xFF, 0xFE, 0xFF, 0xFF, 0xF0,
    0xFF, 0xFF, 0xF3, 0xE7, 0x9F, 0x0F, 0x3C, 0xF0, 0x79, 0xE7, 0x83, 0xCF, 0x3C, 0x1E, 0x79, 0xE0,
    0xF3, 0xCF, 0x07, 0x9E, 0x78, 0x3C, 0xF3, 0xC3, 0xFF, 0xFF, 0xBF, 0xFF, 0xFC, 0x00, 0x00, 0xE0,
    0x00, 0x03, 0x00, 0x00, 0x18, 0x00, 0x00, 0xC0, 0xC0, 0x07, 0xFC, 0x3F, 0xC1, 0x9E, 0x08, 0xF0,
    0x07, 0xF8, 0x3F, 0xE1, 0xEF, 0x0F, 0x78, 0x7B, 0xC3, 0xFE, 0x7F, 0xE0, 0xFE, 0x1F, 0xCF, 0x03,
    0xE3, 0xC0, 0xF0, 0xF0, 0x3C, 0x3F, 0xCF, 0x0F, 0xFB, 0xC3, 0xDE, 0xF0, 0xF7, 0xBC, 0x3D, 0xEF,
    0x0F, 0x7B, 0xEF, 0xFD, 0xFC, 0xFE, 0x07, 0x80, 0xF0, 0x1E, 0x03, 0xFC, 0x7F, 0xCF, 0x79, 0xEF,
    0x3D, 0xE7, 0xBF, 0xFF, 0x00, 0x7F, 0x1F, 0xF3, 0x0F, 0x60, 0xF7, 0xBE, 0xFF, 0xC0, 0xFE, 0x1E,
    0xE3, 0xDF, 0xF1, 0xFC, 0x00, 0xFE, 0x7E, 0x1F, 0x3F, 0xC3, 0xDE, 0x78, 0xF7, 0x9F, 0x3D, 0xE3,
    0xCF, 0xF8, 0xF3, 0xFE, 0x3C, 0xF7, 0x8E, 0x3D, 0xE7, 0x9F, 0x3F, 0xCF, 0xE7, 0xE0, 0x0F, 0xFC,
    0x7F, 0xC1, 0xEF, 0x07, 0xBC, 0x1E, 0xF0, 0x3F, 0xC0, 0xFF, 0x07, 0xBC, 0x1E, 0xF0, 0xF3, 0xCF,
    0x9F, 0xC0, 0x78, 0x0E, 0x03, 0x80, 0x70, 0x0C, 0x01, 0x03, 0xF1, 0xFE, 0xF3, 0xBF, 0xEF, 0xF3,
    0x80, 0xF0, 0x3E, 0x7F, 0xF9, 0xFE, 0x3F, 0x00, 0x73, 0x9E, 0xF7, 0xBD, 0xCE, 0x00, 0x00, 0x03,
    0xF1, 0xFE, 0xF3, 0xBF, 0xEF, 0xF3, 0x80, 0xF0, 0x3E, 0x7F, 0xF9, 0xFE, 0x3F, 0x00, 0x1C, 0x03,
    0xE0, 0x1F, 0x00, 0x78, 0x0F, 0xFC, 0x3F, 0xC0, 0xF0, 0x07, 0xFC, 0x3F, 0xF1, 0xE7, 0x8F, 0x3E,
    0x79, 0xF3, 0xC7, 0x9E, 0x3C, 0xF1, 0xE7, 0x8F, 0x3C, 0xF7, 0xF7, 0x80, 0x38, 0x01, 0xC0, 0x1C,
    0x01, 0xC0, 0x1C, 0x00, 0xC0, 0x03, 0x81, 0xE0, 0x70, 0x38, 0x0C, 0x00, 0x0F, 0xFD, 0xFF, 0x3C,
    0xCF, 0x33, 0xC0, 0xF0, 0x3C, 0x0F, 0x03, 0xC1, 0xF0, 0xFE, 0x00, 0x3F, 0x1F, 0xE7, 0x1B, 0x80,
    0xFF, 0xBF, 0xEF, 0x0B, 0xE6, 0xFF, 0x9F, 0xC3, 0xE0, 0x3F, 0x7F, 0x73, 0x79, 0x7C, 0x7F, 0x1F,
    0xCF, 0xE7, 0xFF, 0x7E, 0x3C, 0x3C, 0x3C, 0x3C, 0x00, 0x00, 0x0C, 0x7C, 0x7C, 0x3C, 0x3C, 0x3C,
    0x3C, 0x3C, 0x3C, 0x3C, 0x7F, 0xE7, 0x7B, 0xFD, 0xFC, 0xE0, 0x00, 0x00, 0x38, 0xFC, 0x7C, 0x1E,
    0x0F, 0x07, 0x83, 0xC1, 0xE0, 0xF0, 0x78, 0x7F, 0x00, 0x1E, 0x3C, 0x78, 0xF0, 0x00, 0x01, 0x9F,
    0x3E, 0x3C, 0x78, 0xF1, 0xE3, 0xC7, 0x8F, 0x1E, 0x3C, 0x78, 0xF1, 0xE3, 0x8F, 0x3C, 0x60, 0x1F,
    0xFC, 0x03, 0xFC, 0x00, 0xCF, 0x00, 0x33, 0xC0, 0x0C, 0xFF, 0x03, 0x3F, 0xE0, 0xCF, 0x7C, 0x33,
    0xCF, 0xF8, 0xF3, 0xFE, 0x3F, 0xEF, 0x1F, 0xF0, 0xFF, 0xFC, 0x1F, 0x3E, 0x03, 0xCF, 0x00, 0xF3,
    0xC0, 0x3C, 0xFF, 0x0F, 0xFD, 0xE3, 0xFF, 0x3C, 0xF3, 0xCF, 0x3C, 0xF3, 0xDF, 0x3F, 0xEF, 0xFF,
    0xF0, 0x1C, 0x03, 0xF0, 0x07, 0xC0, 0x1F, 0xE0, 0xFF, 0xC1, 0xFE, 0x03, 0xC0, 0x0F, 0x7C, 0x3F,
    0xF0, 0xFF, 0xE3, 0xCF, 0x8F, 0x1E, 0x3C, 0x78, 0xF1, 0xE3, 0xC7, 0x8F, 0x1E, 0x3C, 0xFB, 0xFF,
    0xF0, 0x00, 0xE0, 0x03, 0x80, 0x1C, 0x00, 0x60, 0x03, 0x80, 0x0C, 0x0F, 0xE7, 0x9F, 0x1E, 0x3C,
    0xF8, 0xF7, 0x03, 0xF8, 0x0F, 0xF0, 0x3D, 0xC0, 0xF7, 0x83, 0xDF, 0x1F, 0x3E, 0xFE, 0x7C, 0x0E,
    0x00, 0x3C, 0x00, 0x70, 0x00, 0xC0, 0x01, 0x80, 0x00, 0x0F, 0xEF, 0xDF, 0x1E, 0x3C, 0xF8, 0xF3,
    0xE3, 0xDF, 0x8F, 0xDE, 0x3E, 0x78, 0xF9, 0xE3, 0xC7, 0x9F, 0x1E, 0xFE, 0xFC, 0x0C, 0x20, 0x63,
    0x03, 0xB0, 0x1F, 0x80, 0x10, 0x7F, 0xFD, 0xF3, 0xC7, 0x8C, 0x3C, 0xE0, 0xF6, 0x07, 0xB0, 0x1F,
    0x00, 0xF8, 0x07, 0xC0, 0x1C, 0x00, 0xE0, 0x06, 0x00, 0x30, 0x03, 0x80, 0x18, 0x07, 0xC0, 0x7C,
    0x03, 0xE0, 0x0E, 0x00, 0xFF, 0xFD, 0xF3, 0xC3, 0xCF, 0x0F, 0x3C, 0x3C, 0xF0, 0xF3, 0xC3, 0xCF,
    0x0F, 0x3C, 0x3C, 0xF1, 0xF3, 0xEF, 0xFF, 0xC1, 0xE0, 0x03, 0x00, 0x0C, 0x00, 0x30, 0x00, 0x0F,
    0xF0, 0x03, 0xFC, 0x00, 0x7C, 0x01, 0x8F, 0x0C, 0x7F, 0xFF, 0x1F, 0xFF, 0xC6, 0x3C, 0x10, 0x0F,
    0x00, 0x03, 0xFF, 0x00, 0xFF, 0xE0, 0x3C, 0x7C, 0x0F, 0x1F, 0x03, 0xC3, 0xC0, 0xF0, 0xF0, 0x3C,
    0x7C, 0x0F, 0x1F, 0x07, 0xCF, 0x83, 0xFF, 0xC0, 0x03, 0x00, 0xF8, 0x07, 0xC0, 0x1E, 0x04, 0xF2,
    0x3F, 0xF1, 0xFF, 0x99, 0xE4, 0xCF, 0x00, 0x78, 0x03, 0xC0, 0x1F, 0xC0, 0xFF, 0x87, 0xBC, 0x3D,
    0xE1, 0xEF, 0x0F, 0x79, 0xFF, 0x80, 0x3F, 0xFF, 0xFF, 0x81, 0xFF, 0xFF, 0xC0, 0x1F, 0x80, 0x70,
    0x01, 0xF8, 0x1C, 0x00, 0x1F, 0x87, 0x00, 0x00, 0xF9, 0xC0, 0x00, 0x0F, 0xF0, 0x00, 0x07, 0xFF,
    0x80, 0x03, 0xFF, 0xF8, 0x00, 0x79, 0xEF, 0x80, 0x1F, 0x3D, 0xF0, 0x03, 0xC7, 0x9F, 0x00, 0xF8,
    0xF3, 0xF0, 0x3E, 0x1E, 0x3E, 0x07, 0xC3, 0xC7, 0xE3, 0xF0, 0xFC, 0x7F, 0x7C, 0x3F, 0xC7, 0xE0,
    0x7F, 0xFF, 0xF0, 0xFF, 0xFF, 0x03, 0xF9, 0xE0, 0x07, 0xFE, 0x00, 0x7F, 0xF0, 0x03, 0xFF, 0xC0,
    0x3D, 0xEF, 0x03, 0xCF, 0x78, 0x1E, 0x79, 0xE1, 0xE7, 0xCF, 0xBE, 0x7F, 0x3E, 0x31, 0xFE, 0x33,
    0xE3, 0xF3, 0xEF, 0xC7, 0x9F, 0xFF, 0x1E, 0x7E, 0x3E, 0x79, 0xE0, 0x79, 0xEF, 0x81, 0xE7, 0xBC,
    0x03, 0xDE, 0xE0, 0x07, 0x7F, 0x80, 0x0F, 0xFC, 0x00, 0x07, 0x80, 0x00, 0x1E, 0x00, 0x00, 0x78,
    0x00, 0x01, 0xE0, 0x00, 0x07, 0x80, 0x00, 0x3E, 0x00, 0x01, 0xFE, 0x00, 0x07, 0xF0, 0x0F, 0xFE,
    0x0F, 0x07, 0x8F, 0x03, 0xE7, 0x80, 0xFF, 0xC0, 0x7F, 0xC8, 0x3F, 0xFF, 0xFF, 0xFF, 0xFF, 0xFC,
    0xFF, 0xFE, 0x01, 0xFF, 0x01, 0xFF, 0x80, 0xF3, 0xE0, 0x78, 0xF8, 0x78, 0x3F, 0xF8, 0x07, 0xF0,
    0x00, 0x1F, 0x83, 0xFE, 0x71, 0xFF, 0x0F, 0xFE, 0xFF, 0xFF, 0xF0, 0xFF, 0x0F, 0xF8, 0xE7, 0xFE,
    0x3F, 0x80, 0xFF, 0x83, 0xDF, 0x80, 0xF3, 0xE0, 0x7C, 0x7C, 0x18, 0x1F, 0x0C, 0x07, 0xC3, 0x00,
    0xF8, 0xC0, 0x3E, 0x60, 0x07, 0x98, 0x01, 0xF6, 0x00, 0x7F, 0x00, 0x0F, 0xC0, 0x03, 0xF0, 0x00,
    0x78, 0x00, 0x1E, 0x00, 0x07, 0x00, 0x00, 0xC0, 0x00, 0xFE, 0x7B, 0xE3, 0xDF, 0x3E, 0x79, 0x83,
    0xD8, 0x0F, 0xC0, 0x7E, 0x01, 0xE0, 0x0F, 0x00, 0x38, 0x01, 0x80, 0x0C, 0xC0, 0x07, 0xF8, 0x00,
    0xFF, 0x00, 0x0E, 0xE0, 0x01, 0x88, 0x3F, 0xE0, 0xF7, 0xE0, 0x3C, 0xF8, 0x1F, 0x1F, 0x06, 0x07,
    0xC3, 0x01, 0xF0, 0xC0, 0x3E, 0x30, 0x0F, 0x98, 0x01, 0xE6, 0x00, 0x7D, 0x80, 0x1F, 0xC0, 0x03,
    0xF0, 0x00, 0xFC, 0x00, 0x1E, 0x00, 0x07, 0x80, 0x01, 0xC0, 0x00, 0x30, 0x00, 0x77, 0x01, 0xFC,
    0x0E, 0xE0, 0x33, 0x00, 0xDC, 0x06, 0x63, 0xF9, 0xEF, 0x8F, 0x7C, 0xF9, 0xE6, 0x0F, 0x60, 0x3F,
    0x01, 0xF8, 0x07, 0x80, 0x3C, 0x00, 0xE0, 0x06, 0x00, 0x01, 0xC0, 0x00, 0x0E, 0x10, 0x00, 0x71,
    0x80, 0x03, 0xDC, 0x00, 0x0F, 0xC0, 0x00, 0x18, 0x01, 0xFE, 0x1F, 0xE7, 0xE0, 0x7C, 0x1E, 0x01,
    0xE0, 0xF0, 0x1F, 0x07, 0x81, 0xF8, 0x3C, 0x1F, 0xC1, 0xE1, 0xDE, 0x0F, 0x1E, 0xF0, 0x78, 0xE7,
    0x83, 0xCE, 0x3C, 0x1E, 0xE1, 0xE0, 0xFE, 0x0F, 0x07, 0xE0, 0x78, 0x3E, 0x03, 0xC1, 0xF0, 0x1E,
    0x1F, 0x81, 0xF9, 0xFF, 0x1F, 0xE0, 0x00, 0x0E, 0x00, 0x00, 0x70, 0x00, 0x03, 0x00, 0x00, 0x18,
    0x00, 0x01, 0x80, 0x0C, 0x20, 0x18, 0xC0, 0x3B, 0x00, 0x7E, 0x00, 0x10, 0x1F, 0xDF, 0x9F, 0x1E,
    0x1E, 0x7C, 0x3C, 0xF8, 0x7B, 0xF0, 0xFD, 0xE1, 0xF3, 0xC3, 0xE7, 0x87, 0x8F, 0x1F, 0x1E, 0x7F,
    0xFE, 0x00, 0x1C, 0x00, 0x38, 0x00, 0x60, 0x01, 0xC0, 0x01, 0x00, 0x3F, 0xC0, 0x3F, 0xC0, 0x0F,
    0x00, 0x0F, 0x00, 0x7F, 0xF0, 0x7F, 0xE0, 0x0F, 0x00, 0x0F, 0x00, 0x0F, 0xF8, 0x0F, 0xFE, 0x0F,
    0x3F, 0x0F, 0x1F, 0x0F, 0x0F, 0x0F, 0x0F, 0x0F, 0x1F, 0x0F, 0x1F, 0x1F, 0x3E, 0x3F, 0xFC, 0x03,
    0x00, 0xF8, 0x07, 0xC0, 0x1E, 0x04, 0xF0, 0x3F, 0xF1, 0xFF, 0x19, 0xE0, 0xCF, 0x00, 0x78, 0x03,
    0xC0, 0x1F, 0xC0, 0xFF, 0x87, 0xBC, 0x3D, 0xE1, 0xEF, 0x0F, 0x79, 0xFF, 0x80, 0x7F, 0xF0, 0x7F,
    0xF8, 0x78, 0xF8, 0xF0, 0xF1, 0xE1, 0xE3, 0xC3, 0xC7, 0xE7, 0x8F, 0xEF, 0x1E, 0xFC, 0x3C, 0xF8,
    0x7F, 0xC0, 0xF1, 0xC1, 0xE1, 0x83, 0xC1, 0x07, 0x80, 0x1F, 0x80, 0x7F, 0xC0, 0x3D, 0xF3, 0xFF,
    0xE7, 0xC7, 0x8F, 0x1F, 0x3C, 0x3C, 0xF0, 0xF3, 0xC3, 0xCF, 0xDE, 0x3D, 0xF8, 0xFF, 0xC3, 0xFE,
    0x0F, 0x18, 0x3C, 0x30, 0xF0, 0xC3, 0xC0, 0x0F, 0x00, 0x7C, 0x03, 0xFC, 0x00, 0x00, 0x08, 0x00,
    0x40, 0x06, 0xFF, 0xF3, 0xFF, 0x0F, 0x00, 0x78, 0x03, 0xC0, 0x1E, 0x00, 0xF0, 0x07, 0x80, 0x3C,
    0x01, 0xE0, 0x0F, 0x00, 0x78, 0x03, 0xC0, 0x1E, 0x00, 0xF0, 0x0F, 0x81, 0xFF, 0x00, 0x00, 0xC0,
    0x3F, 0xFD, 0xFF, 0x3C, 0x0F, 0x03, 0xC0, 0xF0, 0x3C, 0x0F, 0x03, 0xC1, 0xF0, 0xFE, 0x00, 0x7F,
    0xFC, 0xFF, 0xF1, 0xE0, 0xC7, 0x83, 0x1E, 0x0C, 0x78, 0x01, 0xE0, 0x07, 0x80, 0xFF, 0xC1, 0xFE,
    0x01, 0xE0, 0x07, 0x80, 0x1E, 0x00, 0x78, 0x01, 0xE0, 0x0F, 0xC0, 0x7F, 0x80, 0x7F, 0xE7, 0xFC,
    0x79, 0x8F, 0x37, 0xF9, 0xFF, 0xBF, 0xE0, 0xF0, 0x1E, 0x07, 0xC1, 0xFC, 0x00, 0x7F, 0xFC, 0x3F,
    0xFC, 0x1E, 0x0C, 0x1E, 0x0C, 0x1E, 0x04, 0x1E, 0x00, 0x1F, 0xF8, 0x1F, 0xFE, 0x1E, 0x1E, 0x1E,
    0x1F, 0x1E, 0x1F, 0x1E, 0x0F, 0x1E, 0x0F, 0x1E, 0x0F, 0x1E, 0x0F, 0x3F, 0x1F, 0xFF, 0x9F, 0x00,
    0x1E, 0x00, 0x1E, 0x00, 0x3C, 0x00, 0x78, 0x01, 0xF0, 0x00, 0xE0, 0xFF, 0xC7, 0xFC, 0x3C, 0xC3,
    0xC0, 0x3F, 0xE3, 0xFF, 0x3F, 0xF3, 0xCF, 0x3C, 0xF7, 0xCF, 0xFE, 0xF0, 0x0F, 0x00, 0xF0, 0x0F,
    0x00, 0xE0, 0xCE, 0x1F, 0xC1, 0xF8, 0x3C, 0x3F, 0xC7, 0xC3, 0xE1, 0xF0, 0xFC, 0x3F, 0x0F, 0x0F,
    0xC0, 0x30, 0xF1, 0xC0, 0x01, 0x8F, 0x18, 0x00, 0x18, 0xF3, 0x80, 0x01, 0xCF, 0x78, 0x00, 0x0F,
    0xFF, 0x00, 0x01, 0xFF, 0xF8, 0x00, 0x3C, 0xF7, 0xC0, 0x07, 0xCF, 0x7E, 0x00, 0x78, 0xF3, 0xE0,
    0x0F, 0x8F, 0x3F, 0x01, 0xF0, 0xF1, 0xF0, 0x1F, 0x0F, 0x1F, 0x8F, 0xE1, 0xF8, 0xFC, 0x7C, 0x3F,
    0xC7, 0xF0, 0x00, 0x00, 0x0F, 0x00, 0x00, 0x00, 0x70, 0x00, 0x00, 0x06, 0x00, 0x00, 0x00, 0x60,
    0x00, 0x00, 0x06, 0x79, 0xFC, 0xF3, 0xE3, 0xC7, 0x9F, 0x9E, 0x7C, 0x0E, 0xF7, 0x00, 0x7F, 0xF0,
    0x03, 0xBF, 0xC0, 0x3D, 0xEE, 0x01, 0xCF, 0x78, 0x1E, 0x79, 0xE1, 0xE7, 0xCF, 0x1E, 0x7F, 0x3E,
    0x00, 0x00, 0x70, 0x00, 0x03, 0x80, 0x00, 0x18, 0x00, 0x00, 0xC0, 0x1F, 0xC7, 0xFE, 0x61, 0xF6,
    0x1F, 0x60, 0xF4, 0x0F, 0x01, 0xE0, 0x1C, 0x1F, 0xE0, 0xFF, 0x00, 0xF0, 0x0F, 0xC0, 0xFC, 0x0F,
    0xE1, 0xF7, 0xFE, 0x3F, 0x80, 0x60, 0x0E, 0x01, 0xF0, 0x1F, 0x00, 0x30, 0x1B, 0x01, 0xE0, 0x0C,
    0x00, 0x7F, 0x7F, 0xF1, 0xF0, 0xF0, 0xF3, 0xF8, 0xFF, 0x0F, 0xC7, 0xFF, 0xBF, 0x83, 0x01, 0xC1,
    0xE0, 0xF8, 0x18, 0x2C, 0x1C, 0x0C, 0x00, 0x7F, 0x8F, 0x87, 0xE3, 0xF0, 0x78, 0x7E, 0x0F, 0x0D,
    0x81, 0xE3, 0x00, 0x3C, 0x60, 0x07, 0x9C, 0x00, 0xF7, 0x00, 0x1F, 0xF0, 0x03, 0xFF, 0x00, 0x7B,
    0xE0, 0x0F, 0x3E, 0x01, 0xE7, 0xE0, 0x3C, 0x7C, 0x07, 0x8F, 0xC1, 0xF0, 0xFC, 0x7F, 0x8F, 0xE0,
    0x00, 0x7C, 0x00, 0x03, 0x80, 0x00, 0x60, 0x00, 0x0C, 0x00, 0x01, 0x80, 0xFE, 0x39, 0xF1, 0xE3,
    0xCF, 0x8F, 0x30, 0x3D, 0x80, 0xFF, 0x03, 0xFC, 0x0F, 0x78, 0x3D, 0xF1, 0xF3, 0xEF, 0xEF, 0xC0,
    0x0F, 0x00, 0x1C, 0x00, 0x60, 0x01, 0x80, 0x7F, 0xC3, 0xC1, 0xF8, 0x3F, 0x07, 0x81, 0xF8, 0x3D,
    0x9D, 0x81, 0xEC, 0xC0, 0x0F, 0x6E, 0x00, 0x7B, 0xE0, 0x03, 0xFF, 0x00, 0x1F, 0xFC, 0x00, 0xF7,
    0xF0, 0x07, 0xB7, 0x80, 0x3D, 0xBE, 0x01, 0xEC, 0xF0, 0x0F, 0x07, 0xC0, 0x78, 0x1E, 0x07, 0xE0,
    0xFC, 0x7F, 0xC3, 0xF0, 0xFE, 0x1E, 0xF8, 0x7C, 0xF8, 0xF9, 0xF3, 0x03, 0xFE, 0x07, 0xFC, 0x0F,
    0xBC, 0x1F, 0x3C, 0x3E, 0x78, 0xF8, 0x7B, 0xF8, 0xF8, 0x7F, 0xC0, 0x01, 0xFC, 0x1E, 0x03, 0xC1,
    0xF8, 0x1E, 0x1F, 0xC7, 0xFE, 0xEC, 0x3F, 0xE6, 0x00, 0x3C, 0x70, 0x01, 0xE7, 0x00, 0x0F, 0xF8,
    0x00, 0x7F, 0xE0, 0x03, 0xCF, 0x80, 0x1E, 0x7C, 0x00, 0xF1, 0xF0, 0x07, 0x8F, 0x80, 0x3C, 0x3E,
    0x01, 0xE1, 0xF0, 0x1F, 0x07, 0xE1, 0xFE, 0x1F, 0x80, 0x03, 0x00, 0x1F, 0x00, 0x1F, 0x00, 0x0F,
    0x00, 0x4F, 0x00, 0x7F, 0xE0, 0x7F, 0xC0, 0x4F, 0x00, 0xCF, 0x1E, 0x4F, 0x1E, 0x0F, 0x3E, 0x0F,
    0x70, 0x0F, 0xE0, 0x0F, 0xF0, 0x0F, 0x70, 0x0F, 0x78, 0x0F, 0x3C, 0x1F, 0x3E, 0x3F, 0x9F, 0xFF,
    0xF1, 0xE3, 0xFF, 0x0F, 0xCC, 0x3C, 0x3F, 0x30, 0xF1, 0xD8, 0x03, 0xC6, 0x00, 0x0F, 0x38, 0x00,
    0x3D, 0xC0, 0x00, 0xFF, 0x00, 0x03, 0xFE, 0x00, 0x0F, 0x7C, 0x00, 0x3D, 0xF0, 0x00, 0xF3, 0xE0,
    0x03, 0xCF, 0x80, 0x0F, 0x1F, 0x00, 0x3C, 0x7C, 0x01, 0xF0, 0xFC, 0x0F, 0xF1, 0xF8, 0xC0, 0x00,
    0xFF, 0x9E, 0xFF, 0x1E, 0xCF, 0x3E, 0x8F, 0x70, 0x0F, 0xE0, 0x0F, 0xF0, 0x0F, 0x70, 0x0F, 0x78,
    0x0F, 0x7C, 0x1F, 0x3E, 0x3F, 0x9F, 0x7F, 0x8F, 0xF9, 0xF8, 0x3F, 0x07, 0x80, 0xF0, 0x3C, 0x07,
    0x81, 0xE0, 0x3C, 0x0F, 0x01, 0xE0, 0x78, 0x0F, 0x03, 0xC0, 0x78, 0x1F, 0xFF, 0xC0, 0xFF, 0xFE,
    0x07, 0x80, 0xF0, 0x3C, 0x07, 0x81, 0xE0, 0x3C, 0x0F, 0x01, 0xE0, 0x78, 0x0F, 0x87, 0xE0, 0xFF,
    0x7F, 0x8F, 0xF8, 0x00, 0x03, 0xC0, 0x00, 0x0E, 0x00, 0x00, 0x60, 0x00, 0x03, 0x00, 0x00, 0x18,
    0xFF, 0xFD, 0xF3, 0xE3, 0xC7, 0x8F, 0x1E, 0x3C, 0x78, 0xFF, 0xE3, 0xFF, 0x8F, 0x1E, 0x3C, 0x79,
    0xF1, 0xEF, 0xFF, 0xC0, 0x07, 0x00, 0x1C, 0x00, 0x30, 0x00, 0xC0, 0x00, 0x00, 0x01, 0xBF, 0xC7,
    0xFF, 0xCF, 0xC1, 0xFF, 0xE3, 0xC0, 0x78, 0x61, 0xE0, 0x3C, 0x10, 0xF0, 0x1E, 0x00, 0x78, 0x0F,
    0x00, 0x3C, 0x07, 0x80, 0x1E, 0x03, 0xC0, 0x0F, 0xFF, 0xE0, 0x07, 0xFF, 0xF0, 0x03, 0xC0, 0x78,
    0x01, 0xE0, 0x3C, 0x00, 0xF0, 0x1E, 0x00, 0x78, 0x0F, 0x00, 0x3C, 0x07, 0x80, 0x3E, 0x07, 0xE0,
    0x3F, 0xC7, 0xF8, 0x00, 0xFF, 0xFF, 0xBE, 0x7F, 0xCF, 0x1E, 0x67, 0x8F, 0x33, 0xC7, 0x81, 0xFF,
    0xC0, 0xFF, 0xE0, 0x78, 0xF0, 0x3C, 0x78, 0x3E, 0x3C, 0x3F, 0xFF, 0x00, 0x7F, 0xFF, 0xE0, 0x0F,
    0xFF, 0xF0, 0x01, 0xE0, 0x78, 0x00, 0x78, 0x1E, 0x00, 0x1E, 0x07, 0x80, 0x07, 0x81, 0xE0, 0x01,
    0xE0, 0x7F, 0xF0, 0x78, 0x1F, 0xFE, 0x1E, 0x07, 0x87, 0x87, 0x81, 0xE1, 0xF1, 0xE0, 0x78, 0x7C,
    0x78, 0x1E, 0x0F, 0x1E, 0x07, 0x83, 0xC7, 0x81, 0xE0, 0xF1, 0xE0, 0x78, 0x3C, 0xFC, 0x3F, 0x0F,
    0x7F, 0x9F, 0xE7, 0x80, 0x00, 0x01, 0xE0, 0x00, 0x00, 0x70, 0x00, 0x03, 0x1C, 0x00, 0x00, 0xEE,
    0x00, 0x00, 0x3F, 0x00, 0x00, 0x00, 0x00, 0xFF, 0xFC, 0x0F, 0xFE, 0x00, 0xF3, 0xC0, 0x1E, 0x7B,
    0xE3, 0xCF, 0xFE, 0x79, 0xF7, 0xCF, 0x3C, 0x79, 0xE7, 0x8F, 0x3C, 0xF1, 0xEF, 0x9F, 0x3F, 0xFF,
    0xF7, 0x80, 0x00, 0xF0, 0x00, 0x1E, 0x00, 0x03, 0xC0, 0x00, 0x70, 0x01, 0x9E, 0x00, 0x3F, 0x80,
    0x07, 0xE0, 0x07, 0xFC, 0x03, 0xFF, 0x83, 0xC0, 0xE1, 0xE0, 0x18, 0x78, 0x02, 0x3C, 0x00, 0x0F,
    0x0F, 0xC3, 0xC7, 0xF8, 0xF1, 0xCF, 0x3C, 0xF1, 0xCF, 0x3C, 0x73, 0xCF, 0x1C, 0xFB, 0xC7, 0x1E,
    0xF3, 0xC3, 0xDF, 0xE4, 0x7F, 0xFF, 0x0F, 0xFF, 0x00, 0x1F, 0xC3, 0xFE, 0x1C, 0x21, 0xE7, 0xCF,
    0x7F, 0x7B, 0x3B, 0xD8, 0xDE, 0xEE, 0xFF, 0x7B, 0xFF, 0xCF, 0xFC, 0x03, 0xFE, 0x0F, 0xFF, 0x3E,
    0x07, 0x7C, 0x03, 0x78, 0x03, 0xF8, 0x00, 0xF8, 0x00, 0xF0, 0x00, 0xF0, 0x00, 0xF0, 0x00, 0xF8,
    0x00, 0xF8, 0x00, 0x78, 0x03, 0x7C, 0x03, 0x3E, 0x07, 0x1F, 0xFE, 0x07, 0xFC, 0x00, 0xC0, 0x01,
    0xC0, 0x03, 0xE0, 0x03, 0xE0, 0x00, 0x60, 0x00, 0x60, 0x03, 0xC0, 0x03, 0x80, 0x1F, 0x9F, 0xF6,
    0x1B, 0x80, 0xE0, 0x38, 0x0F, 0x03, 0xC2, 0xFF, 0x9F, 0xC3, 0xE0, 0x30, 0x1C, 0x0F, 0x83, 0xE0,
    0x18, 0x24, 0x0F, 0x03, 0x80, 0x70, 0x01, 0xDF, 0xFF, 0xF7, 0xFF, 0xFB, 0x87, 0x86, 0xC1, 0xE0,
    0x80, 0x78, 0x00, 0x1E, 0x00, 0x07, 0x80, 0x01, 0xE0, 0x00, 0x78, 0x00, 0x1E, 0x00, 0x07, 0x80,
    0x01, 0xE0, 0x00, 0x78, 0x00, 0x1E, 0x00, 0x07, 0x80, 0x03, 0xF8, 0x03, 0xFE, 0x00, 0x03, 0x80,
    0x00, 0x60, 0x00, 0x18, 0x00, 0x06, 0x00, 0x01, 0x80, 0x40, 0x27, 0xFE, 0x7F, 0xE4, 0xF2, 0xCF,
    0x20, 0xF0, 0x0F, 0x00, 0xF0, 0x0F, 0x00, 0xF0, 0x0F, 0x01, 0xFC, 0x01, 0xC0, 0x1C, 0x00, 0xC0,
    0x0C, 0xFF, 0xBF, 0x9F, 0xC3, 0xC3, 0xF0, 0x60, 0x7C, 0x30, 0x0F, 0x0C, 0x03, 0xE6, 0x00, 0x7B,
    0x00, 0x0F, 0xC0, 0x03, 0xE0, 0x00, 0x78, 0x00, 0x1E, 0x00, 0x07, 0x80, 0x01, 0xE0, 0x00, 0x78,
    0x00, 0x1E, 0x00, 0x0F, 0xC0, 0x0F, 0xF8, 0x00, 0xFE, 0xFB, 0xE3, 0x8F, 0x18, 0x79, 0xC1, 0xEC,
    0x0F, 0x60, 0x7F, 0x01, 0xF0, 0x0F, 0x80, 0x3C, 0x01, 0xE0, 0x0F, 0x00, 0x78, 0x03, 0xC0, 0x1E,
    0x00, 0xF0, 0x07, 0x80, 0xFE, 0x07, 0xF0, 0xFF, 0xBF, 0x9F, 0xC3, 0xC3, 0xE0, 0x60, 0x7C, 0x30,
    0x0F, 0x0C, 0x03, 0xE6, 0x00, 0x7B, 0x00, 0x0F, 0xC0, 0x07, 0xF8, 0x03, 0xFF, 0x00, 0xFF, 0x80,
    0x07, 0x80, 0x01, 0xE0, 0x00, 0x78, 0x00, 0x1E, 0x00, 0x0F, 0xC0, 0x0F, 0xF8, 0x00, 0xFE, 0xFB,
    0xE3, 0x8F, 0x18, 0x79, 0xC1, 0xEC, 0x0F, 0x60, 0x7F, 0x01, 0xF0, 0x0F, 0x81, 0xFF, 0x0F, 0xF8,
    0x0F, 0x00, 0x78, 0x03, 0xC0, 0x1E, 0x00, 0xF0, 0x07, 0x80, 0xFE, 0x07, 0xF0, 0x7F, 0xCF, 0xE7,
    0xE0, 0x78, 0x7E, 0x0C, 0x07, 0xC3, 0x00, 0xFC, 0xE0, 0x0F, 0xD8, 0x00, 0xFE, 0x00, 0x0F, 0x80,
    0x01, 0xF8, 0x00, 0x3F, 0x00, 0x0F, 0xF0, 0x03, 0xBF, 0x00, 0x63, 0xE0, 0x18, 0x3E, 0x07, 0x07,
    0xE3, 0xE0, 0xFF, 0xFE, 0x3F, 0xE0, 0x00, 0x1C, 0x00, 0x01, 0x80, 0x00, 0x30, 0x00, 0x06, 0x00,
    0x00, 0xC0, 0x7F, 0xF9, 0xF3, 0x87, 0xB8, 0x3F, 0x80, 0xF8, 0x07, 0xC0, 0x3F, 0x03, 0x7C, 0x39,
    0xE3, 0x8F, 0xFE, 0xFE, 0x00, 0x70, 0x03, 0x80, 0x0C, 0x00, 0x60, 0x70, 0x0C, 0x00, 0xFF, 0xFF,
    0xFD, 0xFF, 0xF3, 0xE7, 0x1E, 0xE7, 0x8C, 0x3C, 0x8F, 0x00, 0x78, 0x1E, 0x00, 0xF0, 0x3C, 0x01,
    0xE0, 0x78, 0x03, 0xC0, 0xF0, 0x07, 0x81, 0xE0, 0x0F, 0x03, 0xC0, 0x1E, 0x07, 0x80, 0x3C, 0x0F,
    0x00, 0x78, 0x1E, 0x00, 0xF0, 0x3C, 0x01, 0xE0, 0x78, 0x07, 0xFF, 0xFC, 0x1F, 0xFF, 0xFC, 0x00,
    0x00, 0x78, 0x00, 0x00, 0x70, 0x00, 0x00, 0xC0, 0x00, 0x01, 0x80, 0x00, 0x03, 0x00, 0xC0, 0x40,
    0x3F, 0xFF, 0xEF, 0xFD, 0xE3, 0x3F, 0x78, 0x8F, 0x5E, 0x03, 0xC7, 0x80, 0xF1, 0xE0, 0x3C, 0x78,
    0x0F, 0x1E, 0x03, 0xC7, 0x81, 0xFF, 0xF8, 0xFF, 0xFE, 0x00, 0x03, 0x80, 0x00, 0x60, 0x00, 0x18,
    0x00, 0x06, 0x7F, 0xBF, 0xC7, 0xE1, 0xF0, 0x78, 0x3C, 0x0F, 0x07, 0x81, 0xE0, 0xF0, 0x3C, 0x1E,
    0x07, 0x83, 0xC0, 0xF8, 0xF8, 0x1F, 0xFF, 0x01, 0xFD, 0xE0, 0x00, 0x3C, 0x00, 0x07, 0x80, 0x00,
    0xF0, 0x00, 0x1E, 0x00, 0x03, 0xC0, 0x00, 0xFF, 0x00, 0x3F, 0xE0, 0x00, 0x3C, 0x00, 0x03, 0x80,
    0x00, 0x60, 0x00, 0x0C, 0x00, 0x01, 0x80, 0xFF, 0xFC, 0xF3, 0xE3, 0xCF, 0x0F, 0x3C, 0x3C, 0xF0,
    0xFF, 0xC1, 0xFF, 0x03, 0xBC, 0x00, 0xF0, 0x03, 0xC0, 0x1F, 0xC0, 0x07, 0x00, 0x1C, 0x00, 0x60,
    0x01, 0x80, 0x7F, 0x9F, 0xE7, 0xE1, 0xF0, 0x78, 0x1E, 0x0F, 0x33, 0xC1, 0xE6, 0x78, 0x3C, 0xCF,
    0x07, 0x99, 0xE0, 0xFB, 0x7C, 0x1F, 0xFF, 0x81, 0xFE, 0xF0, 0x01, 0x9E, 0x00, 0x33, 0xC0, 0x06,
    0x78, 0x00, 0x4F, 0x00, 0x01, 0xE0, 0x00, 0x7C, 0x00, 0x1F, 0xE0, 0xFE, 0xFE, 0x78, 0xF8, 0xFD,
    0xE1, 0xFB, 0xC3, 0xF7, 0x87, 0xFF, 0x07, 0xFE, 0x03, 0xBC, 0x03, 0x78, 0x02, 0xF8, 0x03, 0xF8,
    0x7F, 0x80, 0x0F, 0xC0, 0x01, 0xE0, 0x00, 0x78, 0x00, 0x1E, 0x00, 0x07, 0x80, 0x01, 0xE0, 0x00,
    0x7F, 0xF0, 0x1F, 0xFE, 0x07, 0x87, 0x81, 0xE1, 0xF0, 0x78, 0x3C, 0x1E, 0x0F, 0x07, 0x83, 0xC1,
    0xE0, 0xF0, 0xF8, 0x7C, 0xFF, 0xFF, 0xC0, 0x1C, 0x03, 0xF0, 0x07, 0xC0, 0x0F, 0x00, 0x3C, 0x00,
    0xF0, 0x03, 0xC0, 0x0F, 0x7C, 0x3F, 0xF0, 0xFF, 0xE3, 0xC7, 0x8F, 0x1E, 0x3C, 0x78, 0xF1, 0xE3,
    0xC7, 0x8F, 0x1E, 0x3C, 0xFB, 0xFF, 0xF0, 0xE0, 0x7F, 0x0E, 0x1F, 0xFC, 0xE3, 0xC1, 0xEC, 0x7C,
    0x1E, 0xC7, 0x80, 0xF7, 0xF8, 0x1F, 0x1F, 0xFF, 0xF0, 0xFF, 0xFC, 0x0F, 0x00, 0x00, 0xF0, 0x00,
    0x0F, 0x80, 0x00, 0xF8, 0x02, 0x0F, 0x80, 0x60, 0x7C, 0x0E, 0x03, 0xC1, 0xE0, 0x1F, 0xFC, 0x00,
    0xFF, 0x80, 0x40, 0x07, 0x00, 0x39, 0xF8, 0x9F, 0xE7, 0xE7, 0x1F, 0xF8, 0x7F, 0x83, 0x80, 0x1E,
    0x00, 0xF9, 0xC7, 0xFC, 0x1F, 0xE0, 0x7E, 0x00, 0x00, 0x73, 0x80, 0x0F, 0x78, 0x00, 0xF7, 0x80,
    0x07, 0x38, 0x00, 0x00, 0x0E, 0x07, 0xF0, 0xE1, 0xFF, 0xCE, 0x3C, 0x1E, 0xC7, 0xC1, 0xEC, 0x78,
    0x0F, 0x7F, 0x81, 0xF1, 0xFF, 0xFF, 0x0F, 0xFF, 0xC0, 0xF0, 0x00, 0x0F, 0x00, 0x00, 0xF8, 0x00,
    0x0F, 0x80, 0x20, 0xF8, 0x06, 0x07, 0xC0, 0xE0, 0x3C, 0x1E, 0x01, 0xFF, 0xC0, 0x0F, 0xF8, 0x00,
    0x18, 0x00, 0x01, 0x80, 0x00, 0x18, 0x00, 0x0E, 0x70, 0x7B, 0xC3, 0xDE, 0x1C, 0xE4, 0x00, 0x70,
    0x03, 0x8F, 0x89, 0xFE, 0x7E, 0x79, 0xFF, 0xC7, 0xFC, 0x38, 0x01, 0xE0, 0x0F, 0x0C, 0x7F, 0xC1,
    0xFE, 0x07, 0xE0, 0x0C, 0x00, 0x60, 0x03, 0x00, 0x7F, 0x9F, 0x87, 0x83, 0xC1, 0xE0, 0xF0, 0x78,
    0x3C, 0x1E, 0x0F, 0x07, 0x83, 0xC1, 0xE0, 0xF0, 0x78, 0x7C, 0x7F, 0x80, 0x00, 0x38, 0x40, 0x00,
    0x03, 0x84, 0x00, 0x00, 0x38, 0xC0, 0x00, 0x03, 0xDC, 0x00, 0x00, 0x1F, 0x80, 0x00, 0x00, 0x20,
    0x00, 0x3E, 0x3F, 0xC3, 0xC3, 0xF0, 0xF8, 0x7C, 0x3F, 0x0F, 0x0F, 0xC0, 0x38, 0xF0, 0xC0, 0x01,
    0x8F, 0x18, 0x00, 0x1C, 0xF1, 0x80, 0x00, 0xEF, 0x38, 0x00, 0x0F, 0xFF, 0x80, 0x01, 0xFF, 0xF8,
    0x00, 0x3E, 0xF7, 0xC0, 0x03, 0xCF, 0x3E, 0x00, 0x7C, 0xF3, 0xE0, 0x0F, 0x8F, 0x1F, 0x00, 0xF8,
    0xF1, 0xF8, 0x1F, 0x0F, 0x0F, 0x8F, 0xE1, 0xF8, 0x7E, 0x7C, 0x3F, 0xE3, 0xF0, 0x01, 0x84, 0x00,
    0x0C, 0x60, 0x00, 0x76, 0x00, 0x03, 0xF0, 0x00, 0x02, 0x00, 0x3C, 0xFE, 0x79, 0xE3, 0xC7, 0xCF,
    0x9E, 0x7E, 0x0E, 0xF7, 0x00, 0x3F, 0xF8, 0x03, 0xFD, 0xC0, 0x1D, 0xEF, 0x01, 0xEF, 0x3C, 0x1E,
    0x79, 0xE1, 0xF3, 0xE7, 0x9F, 0x3F, 0x9F, 0x7F, 0x8F, 0x1F, 0x8F, 0xC7, 0x87, 0xE3, 0xC7, 0x61,
    0xE3, 0x00, 0xF1, 0x80, 0x79, 0x80, 0x3D, 0xC0, 0x1F, 0xFC, 0x0F, 0xFF, 0x07, 0x87, 0xC3, 0xC1,
    0xE1, 0xE0, 0xF0, 0xF0, 0x7C, 0x78, 0x1E, 0x7C, 0x0F, 0x7F, 0x87, 0x80, 0x03, 0xC0, 0x01, 0xC0,
    0x19, 0xE0, 0x1E, 0xE0, 0x07, 0xE0, 0x00, 0x00, 0xFE, 0x7B, 0xE7, 0xCF, 0x3C, 0x7B, 0x03, 0xDC,
    0x1F, 0xF0, 0xFF, 0xC7, 0x9E, 0x3C, 0xFB, 0xE7, 0xFF, 0x9E, 0x00, 0xF0, 0x07, 0x80, 0x78, 0x03,
    0xC0, 0x1E, 0x00, 0xE0, 0x1E, 0x00, 0xE0, 0x0F, 0xFF, 0xC0, 0x7F, 0xF0, 0x0C, 0x3C, 0x01, 0x87,
    0x80, 0x30, 0xF0, 0x06, 0x1E, 0x00, 0xC3, 0xC0, 0x18, 0x78, 0x03, 0x0F, 0x00, 0x61, 0xE0, 0x0C,
    0x3C, 0x01, 0x07, 0x80, 0x60, 0xF0, 0x0C, 0x1E, 0x1F, 0x03, 0xC7, 0xE0, 0xFC, 0x78, 0x3F, 0xC0,
    0x00, 0x38, 0x00, 0x07, 0x00, 0x00, 0xC0, 0x00, 0x38, 0x00, 0x06, 0x00, 0x1F, 0xFC, 0x3F, 0xE0,
    0x4F, 0x01, 0x3C, 0x0C, 0xF0, 0x33, 0xC0, 0xCF, 0x03, 0x3C, 0xF8, 0xF3, 0xE3, 0xE7, 0x1F, 0xC0,
    0x0F, 0x00, 0x38, 0x00, 0xC0, 0x03, 0x00, 0x7F, 0x8F, 0xF3, 0xF0, 0x7E, 0x1E, 0x03, 0xC1, 0xE0,
    0x3C, 0x1E, 0x03, 0xC1, 0xE0, 0x3C, 0x1E, 0x03, 0xC1, 0xE0, 0x3C, 0x1F, 0xFF, 0xC1, 0xFF, 0xFC,
    0x1E, 0x03, 0xC1, 0xE0, 0x3C, 0x1E, 0x03, 0xC1, 0xE0, 0x3C, 0x1E, 0x03, 0xC3, 0xE0, 0x3C, 0x7F,
    0x83, 0xC0, 0x00, 0x3C, 0x00, 0x03, 0xC0, 0x00, 0x38, 0x00, 0x73, 0x80, 0x07, 0xF0, 0x00, 0x7E,
    0x00, 0x00, 0x00, 0xFF, 0xFD, 0xF3, 0xE3, 0xC7, 0x8F, 0x1E, 0x3C, 0x78, 0xFF, 0xE3, 0xFF, 0x8F,
    0x1E, 0x3C, 0x79, 0xF1, 0xEF, 0xE7, 0x80, 0x1E, 0x00, 0x78, 0x03, 0xC0, 0x0F, 0x00, 0x3C, 0x00,
    0xE0, 0x0F, 0x00, 0x38, 0x00, 0x7F, 0x8F, 0xF3, 0xF0, 0x7E, 0x1E, 0x03, 0xC1, 0xE0, 0x3C, 0x1E,
    0x03, 0xC1, 0xE0, 0x3C, 0x1E, 0x03, 0xC1, 0xE0, 0x3C, 0x1F, 0xFF, 0xC1, 0xFF, 0xFC, 0x1E, 0x03,
    0xC1, 0xE0, 0x3C, 0x1E, 0x03, 0xC1, 0xE0, 0x3C, 0x1E, 0x03, 0xC3, 0xE0, 0x7E, 0x7F, 0x8F, 0xF0,
    0x00, 0x07, 0x00, 0x00, 0x60, 0x00, 0x0E, 0x00, 0x00, 0xC0, 0x00, 0x0C, 0xFF, 0xFD, 0xF3, 0xE3,
    0xC7, 0x8F, 0x1E, 0x3C, 0x78, 0xFF, 0xE3, 0xFF, 0x8F, 0x1E, 0x3C, 0x79, 0xF1, 0xEF, 0xFF, 0xC0,
    0x07, 0x00, 0x18, 0x00, 0xE0, 0x03, 0x00, 0x7F, 0xFF, 0xC7, 0xE3, 0xF0, 0x78, 0x3C, 0x0F, 0x07,
    0x81, 0xE0, 0xF0, 0x3C, 0x1E, 0x07, 0x83, 0xC0, 0xF8, 0xF8, 0x1F, 0xFF, 0x01, 0xFD, 0xE0, 0x00,
    0x3C, 0x00, 0x07, 0x80, 0x00, 0xF0, 0x00, 0x1E, 0x00, 0x03, 0xC0, 0x01, 0xFC, 0x00, 0x7F, 0xC0,
    0x0F, 0x00, 0x00, 0xC0, 0x00, 0x18, 0x00, 0x03, 0x00, 0x00, 0x60, 0x00, 0xFF, 0xFC, 0xF3, 0xE3,
    0xCF, 0x0F, 0x3C, 0x3C, 0xF0, 0xFF, 0xC1, 0xFF, 0x03, 0xBC, 0x00, 0xF0, 0x03, 0xE0, 0x3F, 0xC0,
    0xE0, 0x01, 0x80, 0x06, 0x00, 0x18, 0x00, 0x7F, 0x00, 0xFE, 0x3E, 0x01, 0xF0, 0x3E, 0x03, 0xC0,
    0x7C, 0x0F, 0x80, 0xFC, 0x1F, 0x01, 0xF8, 0x7E, 0x03, 0xF0, 0xFC, 0x0D, 0xF3, 0xF8, 0x1B, 0xE6,
    0xF0, 0x33, 0xED, 0xE0, 0x67, 0xF3, 0xC0, 0xC7, 0xE7, 0x81, 0x8F, 0x8F, 0x03, 0x0F, 0x1E, 0x06,
    0x1E, 0x3E, 0x1E, 0x18, 0x7E, 0x7F, 0x33, 0xFE, 0x00, 0x00, 0x38, 0x00, 0x00, 0x70, 0x00, 0x00,
    0xC0, 0x00, 0x01, 0x80, 0x00, 0x02, 0x00, 0x00, 0x00, 0x3E, 0x0F, 0x8F, 0x87, 0x87, 0xC7, 0xC3,
    0xF3, 0xE1, 0xFB, 0xF0, 0xFF, 0xF8, 0x6F, 0xBC, 0x37, 0xDE, 0x19, 0xCF, 0x0C, 0xE7, 0x9F, 0xBF,
    0xF0, 0x00, 0x70, 0x00, 0x38, 0x00, 0x18, 0x00, 0x0C, 0x1D, 0xF9, 0xF1, 0xE3, 0xC7, 0x8F, 0x1E,
    0x3C, 0x78, 0xF1, 0xE3, 0xC7, 0x8F, 0x1E, 0x3D, 0xFC, 0x03, 0x80, 0x00, 0x70, 0x80, 0x0E, 0x30,
    0x01, 0xEE, 0x00, 0x1F, 0x80, 0x00, 0xE0, 0x00, 0x1C, 0x00, 0x07, 0xC0, 0x00, 0xF8, 0x00, 0x3F,
    0x00, 0x07, 0xF0, 0x01, 0xFE, 0x00, 0x33, 0xC0, 0x06, 0x7C, 0x01, 0xCF, 0x80, 0x31, 0xF0, 0x07,
    0xFE, 0x01, 0xFF, 0xE0, 0x30, 0x7C, 0x0E, 0x07, 0x81, 0xC0, 0xF8, 0x78, 0x3F, 0xBF, 0xCF, 0xF8,
    0x30, 0x06, 0x20, 0xC4, 0x1D, 0x83, 0xE0, 0x00, 0x07, 0xC3, 0xFC, 0xE7, 0x9C, 0xF0, 0x1E, 0x0F,
    0xC7, 0xF9, 0xEF, 0x3D, 0xE7, 0xFF, 0xFB, 0xC0, 0x03, 0x9C, 0x00, 0x7B, 0xC0, 0x0F, 0x78, 0x01,
    0xCE, 0x00, 0x07, 0x00, 0x01, 0xF0, 0x00, 0x3E, 0x00, 0x0F, 0xC0, 0x01, 0xFC, 0x00, 0x7F, 0x80,
    0x0C, 0xF0, 0x01, 0x9E, 0x00, 0x73, 0xE0, 0x0C, 0x3C, 0x01, 0xFF, 0x80, 0x7F, 0xF8, 0x0C, 0x1F,
    0x03, 0x81, 0xE0, 0x70, 0x3E, 0x1E, 0x07, 0xEF, 0xF3, 0xFE, 0x73, 0x9E, 0xF3, 0xDE, 0x39, 0xC0,
    0x00, 0x00, 0x07, 0xC3, 0xFC, 0xE7, 0x9C, 0xF0, 0x1E, 0x0F, 0xC7, 0xF9, 0xEF, 0x3D, 0xE7, 0xFF,
    0xFB, 0xC0, 0x00, 0xFF, 0xF8, 0x00, 0x7F, 0xF8, 0x01, 0xF8, 0x30, 0x03, 0xF0, 0x60, 0x0D, 0xE0,
    0x40, 0x3B, 0xC0, 0x00, 0x67, 0x84, 0x01, 0xCF, 0x18, 0x03, 0x1F, 0xF0, 0x0F, 0xFF, 0xE0, 0x1F,
    0xF8, 0x40, 0x70, 0xF0, 0x01, 0xC1, 0xE0, 0x23, 0x83, 0xC0, 0xCE, 0x07, 0x83, 0xBE, 0x1F, 0xFE,
    0xFE, 0x7F, 0xFC, 0x1F, 0xF9, 0xFF, 0xFE, 0x79, 0xF9, 0xEF, 0x07, 0xF0, 0x7E, 0x07, 0xF8, 0x3D,
    0xE1, 0xF7, 0xFF, 0xFF, 0xEF, 0xBF, 0x00, 0x0E, 0x00, 0x1C, 0x60, 0x38, 0xC0, 0x7B, 0x00, 0x7E,
    0x00, 0x20, 0x1F, 0xFE, 0x1F, 0xFE, 0x1E, 0x0C, 0x3C, 0x18, 0x78, 0x10, 0xF0, 0x01, 0xE1, 0x03,
    0xC6, 0x07, 0xFC, 0x0F, 0xF8, 0x1E, 0x10, 0x3C, 0x00, 0x78, 0x00, 0xF0, 0x31, 0xE0, 0xE7, 0xFF,
    0x9F, 0xFF, 0x00, 0x30, 0x0C, 0x63, 0x10, 0xEC, 0x3E, 0x00, 0x03, 0xF1, 0xFE, 0xF3, 0xBF, 0xEF,
    0xF3, 0x80, 0xF0, 0x3E, 0x7F, 0xF9, 0xFE, 0x3F, 0x00, 0x1F, 0xE0, 0xFF, 0xE1, 0xC1, 0xE7, 0x01,
    0xEC, 0x03, 0xF8, 0x03, 0xC0, 0x07, 0x80, 0x0F, 0x00, 0x1E, 0x00, 0x3F, 0xFF, 0xFF, 0xFF, 0xFF,
    0x01, 0xDE, 0x07, 0x9E, 0x0E, 0x1F, 0xF8, 0x1F, 0xC0, 0x3F, 0x1F, 0xEF, 0xFB, 0x3F, 0x07, 0xC0,
    0xFF, 0xFF, 0xFE, 0xE7, 0xBF, 0xC7, 0xE0, 0x1C, 0xE0, 0x3D, 0xE0, 0x7B, 0xC0, 0xE7, 0x00, 0x00,
    0x03, 0xFC, 0x1F, 0xFC, 0x38, 0x3C, 0xE0, 0x3D, 0x80, 0x7F, 0x00, 0x78, 0x00, 0xF0, 0x01, 0xE0,
    0x03, 0xC0, 0x07, 0xFF, 0xFF, 0xFF, 0xFF, 0xE0, 0x3B, 0xC0, 0xF3, 0xC1, 0xC3, 0xFF, 0x03, 0xF8,
    0x00, 0x73, 0xBD, 0xEF, 0x79, 0xCE, 0x00, 0x00, 0x03, 0xF1, 0xFE, 0xFF, 0xB3, 0xF0, 0x7C, 0x0F,
    0xFF, 0xFF, 0xEE, 0x7B, 0xFC, 0x7E, 0x00, 0x00, 0x73, 0x80, 0x00, 0x0F, 0x78, 0x00, 0x01, 0xEF,
    0x00, 0x00, 0x39, 0xC0, 0x00, 0x00, 0x00, 0x00, 0xF8, 0xFF, 0x0F, 0x9F, 0x87, 0xC3, 0xF3, 0xF0,
    0xF0, 0xFE, 0x07, 0x1E, 0x1C, 0x00, 0x63, 0xC7, 0x00, 0x06, 0x78, 0xE0, 0x00, 0xEF, 0x38, 0x00,
    0x1F, 0xFF, 0x00, 0x07, 0xFF, 0xF0, 0x01, 0xF7, 0x9F, 0x00, 0x3C, 0xF3, 0xE0, 0x0F, 0x9E, 0x3E,
    0x01, 0xE3, 0xC7, 0xC0, 0x7C, 0x78, 0x7C, 0x1F, 0x0F, 0x0F, 0xCF, 0xE3, 0xF0, 0xFF, 0xF8, 0xFF,
    0x8F, 0xC0, 0x03, 0x9C, 0x00, 0x1E, 0xF0, 0x00, 0xF7, 0x80, 0x07, 0x38, 0x00, 0x00, 0x00, 0x00,
    0x00, 0x01, 0xE7, 0xF3, 0xCF, 0x1E, 0x3E, 0x7C, 0xF3, 0xF0, 0x77, 0xB8, 0x01, 0xFF, 0xC0, 0x1F,
    0xEE, 0x00, 0xEF, 0x78, 0x0F, 0x79, 0xE0, 0xF3, 0xCF, 0x0F, 0x9F, 0x3C, 0xF9, 0xFC, 0xF8, 0x73,
    0x87, 0xBC, 0x7B, 0xC7, 0x38, 0x00, 0x03, 0xF8, 0xFF, 0xEE, 0x1E, 0xC1, 0xEC, 0x1E, 0x01, 0xE0,
    0x3C, 0x3F, 0x81, 0xFE, 0x01, 0xE0, 0x0F, 0x80, 0xF8, 0x0F, 0xC1, 0xFE, 0x1E, 0xFF, 0xC7, 0xF8,
    0x73, 0x9E, 0xF7, 0xBD, 0xCE, 0x00, 0x00, 0x03, 0xF9, 0xFF, 0x63, 0xD1, 0xF3, 0xF8, 0x7E, 0xC7,
    0xF0, 0xFE, 0x7F, 0xFE, 0x7F, 0x00, 0x60, 0x0F, 0xFF, 0xFF, 0xEE, 0x3C, 0xC7, 0xC8, 0x78, 0x0F,
    0x01, 0xE0, 0x1F, 0xC1, 0xFE, 0x01, 0xE0, 0x1F, 0x80, 0xFC, 0x0F, 0xC1, 0xEE, 0x1E, 0xFF, 0xC7,
    0xF8, 0x7F, 0xE7, 0xFE, 0x67, 0xC4, 0x7C, 0x0F, 0x81, 0xF8, 0x1F, 0x03, 0xF8, 0x3F, 0xE0, 0x3E,
    0x01, 0xF0, 0x0F, 0x00, 0xF0, 0x0F, 0x01, 0xEC, 0x1E, 0xE3, 0xC7, 0xF8, 0x3E, 0x00, 0x00, 0x00,
    0x00, 0x1F, 0xF8, 0x00, 0xFF, 0x80, 0x00, 0x00, 0x07, 0xF8, 0xFF, 0x9F, 0x01, 0xF0, 0x78, 0x07,
    0x83, 0xC0, 0x7C, 0x1E, 0x07, 0xE0, 0xF0, 0x7F, 0x07, 0x87, 0x78, 0x3C, 0x73, 0xC1, 0xE7, 0x9E,
    0x0F, 0x78, 0xF0, 0x7F, 0x87, 0x83, 0xF8, 0x3C, 0x1F, 0x81, 0xE0, 0xF8, 0x0F, 0x07, 0x80, 0x78,
    0x7E, 0x07, 0xC7, 0xF8, 0xFF, 0x80, 0x00, 0x00, 0x7F, 0x81, 0xFE, 0x00, 0x00, 0x00, 0x03, 0xFB,
    0xF7, 0xC7, 0x8F, 0x3E, 0x3C, 0xF8, 0xF7, 0xE3, 0xF7, 0x8F, 0x9E, 0x3E, 0x78, 0xF1, 0xE7, 0xC7,
    0xBF, 0xBF, 0x01, 0xCE, 0x00, 0x1E, 0xF0, 0x00, 0xF7, 0x80, 0x03, 0x9C, 0x07, 0xF8, 0xFF, 0x9F,
    0x01, 0xF0, 0x78, 0x07, 0x83, 0xC0, 0x7C, 0x1E, 0x07, 0xE0, 0xF0, 0x7F, 0x07, 0x87, 0x78, 0x3C,
    0x73, 0xC1, 0xE7, 0x1E, 0x0F, 0x78, 0xF0, 0x7F, 0x87, 0x83, 0xF8, 0x3C, 0x1F, 0x81, 0xE0, 0xF8,
    0x0F, 0x07, 0x80, 0x78, 0x7E, 0x07, 0xC7, 0xF8, 0xFF, 0x80, 0x1C, 0xE0, 0x7B, 0xC1, 0xEF, 0x07,
    0x38, 0x00, 0x00, 0x00, 0x0F, 0xEF, 0xDF, 0x1E, 0x3C, 0xF8, 0xF3, 0xE3, 0xDF, 0x8F, 0xDE, 0x3E,
    0x78, 0xF9, 0xE3, 0xC7, 0x9F, 0x1E, 0xFE, 0xFC, 0x07, 0x38, 0x03, 0xDE, 0x01, 0xEF, 0x00, 0xE7,
    0x00, 0x00, 0x00, 0x3F, 0x80, 0x7F, 0xF0, 0x78, 0x3C, 0x78, 0x0F, 0x3C, 0x07, 0xFE, 0x01, 0xFE,
    0x00, 0xFF, 0x00, 0x7F, 0x80, 0x3F, 0xE0, 0x1F, 0xF0, 0x0F, 0xF8, 0x07, 0xFC, 0x03, 0x9F, 0x03,
    0xC7, 0xC1, 0xC1, 0xFF, 0xC0, 0x3F, 0x80, 0x39, 0xC7, 0xBC, 0x7B, 0xC3, 0x9C, 0x00, 0x00, 0x00,
    0x1F, 0x87, 0xFC, 0x71, 0xEF, 0x1F, 0xF0, 0xFF, 0x0F, 0xF0, 0xFF, 0x0E, 0xF9, 0xE7, 0xFC, 0x3F,
    0x80, 0x07, 0xF0, 0x0F, 0xFE, 0x0F, 0x07, 0x8F, 0x03, 0xE7, 0x80, 0xFF, 0xC0, 0x7F, 0xC0, 0x3F,
    0xE0, 0x1F, 0xFF, 0xFF, 0xFF, 0xFF, 0xFE, 0x01, 0xFF, 0x01, 0xFF, 0x80, 0xF3, 0xE0, 0x78, 0xF8,
    0x78, 0x3F, 0xF8, 0x07, 0xF0, 0x00, 0x1F, 0x87, 0xFC, 0x71, 0xEF, 0x1F, 0xF0, 0xFF, 0xFF, 0xFF,
    0xFF, 0x0E, 0xF9, 0xE7, 0xFC, 0x3F, 0x80, 0x07, 0x38, 0x03, 0xDE, 0x01, 0xEF, 0x00, 0xE7, 0x00,
    0x00, 0x00, 0x3F, 0x80, 0x7F, 0xF0, 0x78, 0x3C, 0x78, 0x0F, 0x3C, 0x07, 0xFE, 0x01, 0xFE, 0x00,
    0xFF, 0x00, 0x7F, 0xFF, 0xFF, 0xFF, 0xFF, 0xF0, 0x0F, 0xF8, 0x07, 0xFC, 0x03, 0x9F, 0x03, 0xC7,
    0xC1, 0xC1, 0xFF, 0xC0, 0x3F, 0x80, 0x39, 0xC7, 0xBC, 0x7B, 0xC3, 0x9C, 0x00, 0x00, 0x00, 0x1F,
    0x87, 0xFC, 0x71, 0xEF, 0x1F, 0xF0, 0xFF, 0xFF, 0xFF, 0xFF, 0x0E, 0xF9, 0xE7, 0xFC, 0x3F, 0x80,
    0x39, 0xC0, 0x7B, 0xC0, 0xF7, 0x81, 0xCE, 0x00, 0x00, 0x0F, 0xF8, 0x1F, 0xFC, 0x30, 0x3C, 0xE0,
    0x3D, 0x80, 0x7D, 0x00, 0xF8, 0x00, 0xF0, 0xFF, 0xE3, 0xFF, 0xCE, 0xFF, 0x80, 0x1F, 0x00, 0x3F,
    0x80, 0x7B, 0x81, 0xF7, 0x03, 0xC7, 0xFF, 0x07, 0xF8, 0x00, 0x73, 0x8F, 0x79, 0xEF, 0x39, 0xC0,
    0x00, 0x00, 0x0F, 0xC3, 0xFE, 0x63, 0xC8, 0x3D, 0xEF, 0xBF, 0xF0, 0x3E, 0x87, 0x98, 0xF3, 0xFC,
    0x3F, 0x00, 0x03, 0xFC, 0x00, 0xFF, 0x00, 0x00, 0x00, 0x00, 0x00, 0xFF, 0xDF, 0xCF, 0xC1, 0xE1,
    0xF0, 0x70, 0x7C, 0x18, 0x0F, 0x8E, 0x03, 0xE3, 0x00, 0x7C, 0xC0, 0x1F, 0x60, 0x03, 0xF8, 0x00,
    0xFE, 0x00, 0x1F, 0x00, 0x07, 0xC0, 0x00, 0xE0, 0x00, 0x38, 0x01, 0xDC, 0x00, 0x7F, 0x00, 0x1F,
    0x80, 0x03, 0xC0, 0x00, 0x0F, 0xF0, 0x7F, 0x80, 0x00, 0x00, 0x07, 0xEF, 0x9E, 0x38, 0xF9, 0x83,
    0xCC, 0x1E, 0xC0, 0xFE, 0x03, 0xF0, 0x1F, 0x00, 0x78, 0x03, 0x80, 0x0C, 0x00, 0x60, 0x06, 0x00,
    0x30, 0x03, 0x00, 0xF8, 0x07, 0xC0, 0x3C, 0x00, 0xC0, 0x00, 0x07, 0x38, 0x03, 0xDE, 0x01, 0xEF,
    0x00, 0xE7, 0x00, 0x00, 0x07, 0xFD, 0xFD, 0xF8, 0x3C, 0x7C, 0x1C, 0x1F, 0x0C, 0x0F, 0x86, 0x03,
    0xE6, 0x01, 0xF3, 0x00, 0x7F, 0x80, 0x3F, 0x80, 0x0F, 0xC0, 0x07, 0xC0, 0x01, 0xE0, 0x00, 0xE0,
    0x00, 0x70, 0x07, 0x30, 0x03, 0xF8, 0x01, 0xF8, 0x00, 0x78, 0x00, 0x1C, 0xE0, 0xF7, 0x87, 0xBC,
    0x39, 0xC0, 0x00, 0x00, 0x03, 0xFB, 0xEF, 0x8E, 0x3C, 0x61, 0xE6, 0x07, 0xB0, 0x3D, 0x81, 0xF8,
    0x07, 0xC0, 0x3C, 0x00, 0xE0, 0x07, 0x00, 0x30, 0x01, 0x80, 0x1C, 0x00, 0xC0, 0x3E, 0x03, 0xE0,
    0x1F, 0x00, 0x70, 0x00, 0x00, 0x77, 0x00, 0x3F, 0xC0, 0x1F, 0xE0, 0x07, 0x70, 0x03, 0x30, 0x3F,
    0xE7, 0xF3, 0xF0, 0x78, 0x7C, 0x1C, 0x1F, 0x06, 0x03, 0xE3, 0x80, 0xF8, 0xC0, 0x1F, 0x30, 0x07,
    0xD8, 0x00, 0xFE, 0x00, 0x3F, 0x80, 0x07, 0xC0, 0x01, 0xF0, 0x00, 0x38, 0x00, 0x0E, 0x00, 0x77,
    0x00, 0x1F, 0xC0, 0x07, 0xE0, 0x00, 0xF0, 0x00, 0x03, 0xF8, 0x0E, 0xE0, 0x37, 0x01, 0xD8, 0x06,
    0xC0, 0x00, 0x07, 0xEF, 0x8F, 0x1C, 0x3E, 0x60, 0x79, 0x81, 0xEE, 0x07, 0xF0, 0x0F, 0xC0, 0x3E,
    0x00, 0x78, 0x01, 0xE0, 0x03, 0x00, 0x0C, 0x00, 0x60, 0x01, 0x80, 0x0E, 0x01, 0xF0, 0x07, 0xC0,
    0x1E, 0x00, 0x30, 0x00, 0x03, 0x9C, 0x00, 0xF7, 0x80, 0x1E, 0xF0, 0x01, 0xCE, 0x07, 0xFB, 0xFC,
    0x7E, 0x1F, 0x07, 0x83, 0xC0, 0xF0, 0x78, 0x1E, 0x0F, 0x03, 0xC1, 0xE0, 0x78, 0x3C, 0x0F, 0x8F,
    0x81, 0xFF, 0xF0, 0x1F, 0xDE, 0x00, 0x03, 0xC0, 0x00, 0x78, 0x00, 0x0F, 0x00, 0x01, 0xE0, 0x00,
    0x3C, 0x00, 0x0F, 0xC0, 0x03, 0xFC, 0x1C, 0xE0, 0x7F, 0x81, 0xFE, 0x07, 0x38, 0x00, 0x00, 0x00,
    0x0F, 0xFF, 0xCF, 0x3E, 0x3C, 0xF0, 0xF3, 0xC3, 0xCF, 0x0F, 0xFC, 0x1F, 0xF0, 0x3B, 0xC0, 0x0F,
    0x00, 0x3E, 0x01, 0xFC, 0x7F, 0xFC, 0xFF, 0xF1, 0xE0, 0xC7, 0x83, 0x1E, 0x0C, 0x78, 0x01, 0xE0,
    0x07, 0x80, 0x1E, 0x00, 0x78, 0x01, 0xE0, 0x07, 0x80, 0x1E, 0x00, 0x78, 0x01, 0xE0, 0x0F, 0xE0,
    0x7F, 0x80, 0x0E, 0x00, 0x18, 0x00, 0x60, 0x01, 0x80, 0x06, 0x00, 0xFF, 0xDF, 0xF3, 0xCC, 0xF3,
    0x3C, 0x0F, 0x03, 0xC0, 0xF0, 0x3C, 0x1F, 0x0F, 0xF0, 0x1C, 0x07, 0x01, 0x80, 0x60, 0x00, 0xE7,
    0x00, 0x00, 0xFF, 0x00, 0x00, 0xFF, 0x00, 0x00, 0xE7, 0x00, 0x7F, 0x81, 0xFE, 0x3E, 0x00, 0xFC,
    0x1E, 0x00, 0x78, 0x1E, 0x00, 0x78, 0x1E, 0x00, 0x78, 0x1E, 0x00, 0x78, 0x1E, 0x60, 0x78, 0x1F,
    0xFC, 0x78, 0x1E, 0x7C, 0x78, 0x1E, 0x3E, 0x78, 0x1E, 0x3E, 0x78, 0x1E, 0x1E, 0x78, 0x1E, 0x1E,
    0x78, 0x1E, 0x3E, 0x78, 0x1E, 0x3E, 0x78, 0x3E, 0x7C, 0xFC, 0x7F, 0xF3, 0xFE, 0x07, 0x38, 0x01,
    0xEF, 0x00, 0x7B, 0xC0, 0x1C, 0xE0, 0x00, 0x00, 0x00, 0x00, 0x0F, 0xE1, 0xFC, 0xF0, 0x3E, 0x3C,
    0x0F, 0x0F, 0x03, 0xC3, 0xFC, 0xF0, 0xFF, 0xBC, 0x3D, 0xEF, 0x0F, 0x7B, 0xC3, 0xDE, 0xF0, 0xF7,
    0xBE, 0xFF, 0xDF, 0xC0, 0x1F, 0xFF, 0x0F, 0xFF, 0x07, 0x83, 0x07, 0x83, 0x07, 0x83, 0x07, 0x80,
    0x07, 0x80, 0x07, 0x80, 0x3F, 0xF8, 0x1F, 0xF0, 0x07, 0x80, 0x07, 0x80, 0x07, 0x80, 0x07, 0x80,
    0x07, 0x80, 0x07, 0x80, 0x07, 0x80, 0x07, 0x00, 0x07, 0x00, 0xEE, 0x00, 0xEC, 0x00, 0xF8, 0x00,
    0x00, 0x00, 0x7F, 0xE7, 0xFC, 0x79, 0x8F, 0x31, 0xE0, 0x3C, 0x1F, 0xF3, 0xFC, 0x1E, 0x03, 0xC0,
    0x78, 0x0F, 0x01, 0xE0, 0x78, 0x0F, 0x01, 0xE0, 0x38, 0x1E, 0x03, 0x80, 0x00, 0x7F, 0xCF, 0xF3,
    0xF8, 0x3C, 0x1F, 0x83, 0x80, 0xF8, 0x70, 0x0F, 0xCE, 0x00, 0x7E, 0xC0, 0x03, 0xF8, 0x00, 0x1F,
    0x80, 0x01, 0xF8, 0x00, 0x1F, 0xC0, 0x03, 0xFC, 0x00, 0x73, 0xE0, 0x06, 0x3F, 0x00, 0xC1, 0xF8,
    0x1C, 0x0F, 0x87, 0xC0, 0xF8, 0xFE, 0x07, 0xC0, 0x00, 0x7C, 0x00, 0x03, 0xC0, 0x00, 0x3C, 0x00,
    0x07, 0x80, 0x00, 0xF8, 0x00, 0x1F, 0x00, 0x07, 0xE0, 0x00, 0x38, 0x00, 0xFF, 0xF3, 0xE7, 0x0F,
    0x30, 0x3F, 0x81, 0xF8, 0x07, 0xC0, 0x7E, 0x07, 0x78, 0x33, 0xE3, 0x8F, 0x3E, 0x7C, 0x01, 0xE0,
    0x0F, 0x00, 0x38, 0x01, 0xC0, 0x1E, 0x01, 0xE0, 0x3E, 0x01, 0xC0, 0x7F, 0xCF, 0xE1, 0xF8, 0x3C,
    0x0F, 0x83, 0x80, 0xF8, 0x70, 0x07, 0xCE, 0x00, 0x3E, 0xC0, 0x0F, 0xFF, 0x81, 0xFF, 0xFC, 0x1F,
    0xFF, 0x80, 0x1F, 0xC0, 0x01, 0xFC, 0x00, 0x33, 0xE0, 0x06, 0x1F, 0x00, 0xE1, 0xF8, 0x1C, 0x0F,
    0x83, 0xE1, 0xFC, 0x7F, 0x3F, 0xF0, 0x7F, 0xF8, 0xF9, 0xC1, 0xEE, 0x03, 0xF0, 0x3F, 0xF8, 0xFF,
    0xE0, 0xFC, 0x07, 0xF8, 0x19, 0xE0, 0xE7, 0xC7, 0xFF, 0x80, 0x00, 0x7E, 0x1F, 0x3F, 0x8F, 0x8F,
    0xE7, 0xC3, 0xF3, 0xE0, 0xFF, 0xF0, 0x7F, 0xF8, 0xFF, 0xF8, 0x7F, 0xF8, 0x7F, 0xF8, 0x3E, 0xFC,
    0x1F, 0x3F, 0x0F, 0x9F, 0x8F, 0xC7, 0xE7, 0xE3, 0xFB, 0xF0, 0xFC, 0x7F, 0xC1, 0xFF, 0x8F, 0xFF,
    0x3F, 0xFC, 0x03, 0xF0, 0x07, 0xC0, 0x1F, 0x00, 0x7C, 0x01, 0xF0, 0x07, 0xC0, 0x1F, 0x3F, 0xFF,
    0xFF, 0xFF, 0xFF, 0xFF, 0xFF, 0xC0, 0x7E, 0x1F, 0xC7, 0xF9, 0xFE, 0x1F, 0x83, 0xE0, 0xF8, 0x3E,
    0x0F, 0x83, 0xE3, 0xFB, 0xFE, 0xFF, 0xFD, 0xFE, 0x7C, 0x00, 0xFF, 0xFF, 0xFF, 0xEF, 0xFF, 0xBF,
    0xFE, 0x03, 0xE0, 0x0F, 0x80, 0x3E, 0x00, 0xF8, 0x03, 0xE0, 0x0F, 0x80, 0x3E, 0x00, 0xF8, 0x03,
    0xE0, 0x0F, 0x80, 0x3E, 0x00, 0x7F, 0xF8, 0xFF, 0xF9, 0xFF, 0xFF, 0xFF, 0xF0, 0x07, 0xE0, 0x07,
    0xC0, 0x0F, 0xBE, 0x1F, 0x7C, 0x3E, 0xF8, 0x7D, 0xF0, 0xFB, 0xE1, 0xF7, 0xC3, 0xEF, 0x87, 0xDF,
    0x0F, 0x80, 0xFF, 0xFF, 0xFF, 0xF3, 0xE7, 0xCF, 0x9F, 0x3E, 0x7C, 0xF9, 0xF3, 0xE7, 0xCF, 0x80,
    0xFF, 0xFF, 0xBF, 0xDF, 0xE3, 0xE3, 0xE1, 0xF1, 0xF8, 0xFC, 0x7E, 0x3F, 0x1F, 0x87, 0xC3, 0xE1,
    0xF8, 0x7F, 0xFC, 0x7F, 0xFE, 0x7F, 0xFE, 0x7F, 0xFF, 0x3E, 0x3F, 0x3E, 0x1F, 0x3E, 0x1F, 0x3E,
    0x1F, 0x3E, 0x1F, 0x3E, 0x1F, 0x3E, 0x1F, 0x3E, 0x1F, 0x3E, 0x1F, 0x3E, 0x1F, 0x3E, 0x1F, 0xFB,
    0xF9, 0xF7, 0xFB, 0xEF, 0xF7, 0xDF, 0xFF, 0x87, 0xFF, 0x07, 0xFE, 0x0F, 0xFC, 0x1F, 0xF8, 0x7F,
    0xF8, 0xFF, 0xFB, 0xFB, 0xFF, 0xE7, 0xFF, 0xC7, 0xFF, 0x07, 0xF8, 0x00, 0xFF, 0xFF, 0xFF, 0xF3,
    0xE7, 0xCF, 0x9F, 0x3E, 0x7F, 0xC3, 0xFF, 0x9F, 0xFD, 0xFF, 0xF0, 0x1F, 0x80, 0x7C, 0x03, 0xE0,
    0x1F, 0x00, 0xF8, 0x07, 0xC0, 0x3E, 0x01, 0xF0, 0x0F, 0x80, 0x7C, 0x03, 0xE0, 0x1F, 0x00, 0xF8,
    0x07, 0xC0, 0x3E, 0x7F, 0x8F, 0xFC, 0xFF, 0xEF, 0xFE, 0x07, 0xF0, 0x3F, 0x01, 0xF0, 0x1F, 0x01,
    0xF0, 0x3F, 0x07, 0xFF, 0xFE, 0xFF, 0xEF, 0xFC, 0xFF, 0x80, 0xF8, 0x07, 0xC0, 0x3E, 0x01, 0xF0,
    0x0F, 0xFF, 0xFF, 0xFF, 0xFF, 0xFF, 0xFF, 0x01, 0xF0, 0x1F, 0x80, 0xFC, 0x07, 0xC0, 0x7E, 0x03,
    0xF0, 0x1F, 0x01, 0xF8, 0x0F, 0xC0, 0x7C, 0x07, 0xE0, 0x7F, 0xFC, 0x7F, 0xFE, 0x7F, 0xFF, 0x7F,
    0xFF, 0x3E, 0x3F, 0x3E, 0x1F, 0x3E, 0x1F, 0x3E, 0x1F, 0x3E, 0x1F, 0x3E, 0x1F, 0x3E, 0x1F, 0x3F,
    0xFF, 0x3F, 0xFF, 0x3F, 0xFF, 0x3F, 0xFF, 0xFD, 0xFC, 0x7F, 0xFF, 0x1F, 0xFF, 0xCF, 0xFF, 0xE7,
    0xFB, 0xF9, 0xF8, 0xFC, 0xF8, 0x3E, 0x7C, 0x1F, 0x3E, 0x0F, 0xBF, 0x0F, 0xDF, 0x8F, 0xEF, 0xDF,
    0xE7, 0xEF, 0xF3, 0xEF, 0xF1, 0xF7, 0xE0, 0xFF, 0xFF, 0xFF, 0xF3, 0xE7, 0xCF, 0x9F, 0x3E, 0x7C,
    0xF9, 0xF3, 0xE7, 0xCF, 0x9F, 0x3E, 0x7C, 0xF8, 0x7E, 0x3F, 0x9F, 0xEF, 0xF1, 0xF8, 0x7C, 0x3E,
    0x1F, 0x0F, 0x87, 0xC3, 0xFF, 0xFF, 0xFF, 0xFF, 0xFE, 0x7F, 0xF8, 0xFF, 0xFC, 0xFF, 0xFE, 0xFF,
    0xFF, 0x3E, 0x3F, 0x7C, 0x3F, 0x7C, 0x1F, 0x7C, 0x1F, 0x7C, 0x3F, 0x7E, 0x3F, 0x7E, 0x7F, 0x7F,
    0xFE, 0x3F, 0xFE, 0x1F, 0xFC, 0x0F, 0xF0, 0x08, 0x01, 0xF8, 0x7D, 0xF1, 0xFB, 0xE3, 0xF7, 0xE7,
    0xEF, 0xCF, 0xDF, 0x9F, 0xBF, 0x3F, 0x3E, 0x7C, 0x7C, 0xF8, 0xFB, 0xF1, 0xFF, 0xE3, 0xFF, 0x9F,
    0xFE, 0x3F, 0xF8, 0x7F, 0xC0, 0xF8, 0x00, 0x00, 0x00, 0x3F, 0xE1, 0xFF, 0xCF, 0xFF, 0xBF, 0xFF,
    0xFC, 0xFF, 0xE1, 0xFF, 0xC7, 0xFF, 0x9F, 0x7E, 0x7C, 0xF9, 0xF0, 0x47, 0xC0, 0x1F, 0x00, 0x7C,
    0x01, 0xF0, 0x07, 0xC0, 0x1F, 0x00, 0x7C, 0x01, 0xF0, 0x07, 0xC0, 0x3F, 0xE1, 0xFF, 0xCF, 0xFF,
    0xBF, 0xFF, 0xFC, 0xFF, 0xE1, 0xFF, 0xC7, 0xFF, 0x9F, 0x7E, 0x7C, 0xFB, 0xF0, 0x1F, 0xFF, 0xFE,
    0xFF, 0xFB, 0xFF, 0xCF, 0xFC, 0x00, 0xFC, 0x7E, 0xF8, 0xFD, 0xF9, 0xFB, 0xF3, 0xE3, 0xE7, 0xC7,
    0xEF, 0x8F, 0xFF, 0x0F, 0xFC, 0x1F, 0xF8, 0x3F, 0xC0, 0x3F, 0x00, 0x7E, 0x00, 0xFC, 0x00, 0xF8,
    0x01, 0xF0, 0x03, 0xF0, 0x07, 0xE0, 0x07, 0xC0, 0x0F, 0x80, 0xFE, 0x7E, 0xFC, 0xFC, 0xFD, 0xF9,
    0xFB, 0xE1, 0xFF, 0xC3, 0xFF, 0x83, 0xFE, 0x03, 0xF8, 0x07, 0xE0, 0x07, 0xE0, 0x0F, 0xE3, 0xFF,
    0xC7, 0xFF, 0xCF, 0xFF, 0x9F, 0xFE, 0x00, 0x7F, 0xFF, 0xFF, 0xFF, 0xFF, 0xFF, 0xFF, 0xFE, 0x00,
    0x3E, 0x00, 0x7E, 0x7C, 0x7E, 0x7C, 0x7C, 0x7C, 0x7C, 0x7C, 0xFC, 0x7C, 0xFC, 0x7C, 0xF8, 0x7C,
    0xF8, 0x7D, 0xF8, 0x7D, 0xF8, 0x7C, 0x00, 0x7C, 0x00, 0x7C, 0x00, 0x7C, 0x00, 0x7F, 0xC7, 0xFE,
    0xFF, 0xFF, 0xFF, 0x03, 0xF0, 0x1F, 0x01, 0xF0, 0x1F, 0x01, 0xF0, 0x1F, 0x01, 0xF0, 0x1F, 0x01,
    0xF0, 0x1F, 0x01, 0xF0, 0xFB, 0xEF, 0xFD, 0xF7, 0xFE, 0xFB, 0xFF, 0x7D, 0xFF, 0xBE, 0xFF, 0xFF,
    0x7F, 0xFF, 0x3F, 0xFF, 0x1F, 0xFF, 0x0F, 0xFE, 0x0F, 0xFF, 0x8F, 0xEF, 0xFF, 0xE3, 0xFF, 0xF0,
    0xFF, 0xF0, 0x3F, 0xE0, 0x7F, 0xFC, 0x7F, 0xFE, 0x7F, 0xFF, 0x7F, 0xFF, 0x1F, 0x3F, 0x1F, 0x1F,
    0x1F, 0x1F, 0x1F, 0x1F, 0x1F, 0x1F, 0x1F, 0x1F, 0x3F, 0x1F, 0x7F, 0x1F, 0x7F, 0x1F, 0xFE, 0x1F,
    0xFC, 0x1F, 0x00, 0x10, 0x00, 0x0E, 0x00, 0x03, 0xE0, 0x00, 0x7C, 0x00, 0x1F, 0x80, 0x03, 0xF8,
    0x00, 0x6F, 0x00, 0x1D, 0xE0, 0x03, 0x3E, 0x00, 0x67, 0xC0, 0x1C, 0x78, 0x03, 0xFF, 0x80, 0xFF,
    0xF0, 0x1C, 0x1E, 0x03, 0x03, 0xC0, 0xE0, 0x7C, 0x3E, 0x0F, 0xCF, 0xE7, 0xFC, 0x00, 0x00, 0x00,
    0xF0, 0x00, 0x1E, 0x00, 0x03, 0xC0, 0x00, 0x78, 0x00, 0x1F, 0x0F, 0xF3, 0x9E, 0x73, 0xC0, 0x78,
    0x3F, 0x1F, 0xE7, 0xBC, 0xF7, 0x9F, 0xFF, 0xEF, 0x00, 0x01, 0xC0, 0x78, 0x0F, 0x00, 0xE0, 0x01,
    0xF0, 0x00, 0x3F, 0x00, 0x07, 0xC0, 0x00, 0x30, 0x00, 0x02, 0x00, 0x00, 0xE0, 0x00, 0x7C, 0x00,
    0x0F, 0xC0, 0x01, 0xF8, 0x00, 0x7F, 0x00, 0x0D, 0xF0, 0x01, 0xBE, 0x00, 0x73, 0xC0, 0x0C, 0x78,
    0x01, 0x8F, 0x80, 0x7F, 0xF0, 0x0F, 0xFE, 0x03, 0x83, 0xE0, 0x70, 0x7C, 0x0C, 0x07, 0x87, 0xC1,
    0xFD, 0xFC, 0x7F, 0xC0, 0x3E, 0x07, 0xE0, 0xFC, 0x07, 0x00, 0xC0, 0x00, 0x00, 0x00, 0xF8, 0x7F,
    0x9C, 0xF3, 0x9E, 0x03, 0xC1, 0xF8, 0xFF, 0x3D, 0xE7, 0xBC, 0xFF, 0xFF, 0x78, 0x00, 0x01, 0xC0,
    0x00, 0x78, 0x01, 0xDE, 0x00, 0xFC, 0x00, 0x3F, 0xC0, 0x06, 0x38, 0x00, 0x1C, 0x00, 0x07, 0x80,
    0x01, 0xF8, 0x00, 0x3F, 0x00, 0x07, 0xE0, 0x01, 0xFE, 0x00, 0x33, 0xC0, 0x06, 0x78, 0x01, 0xCF,
    0x80, 0x31, 0xF0, 0x0F, 0xFE, 0x01, 0xFF, 0xE0, 0x30, 0x7C, 0x0E, 0x07, 0x81, 0xC0, 0xF8, 0x78,
    0x3F, 0xBF, 0xCF, 0xF8, 0x00, 0xC0, 0x1C, 0x07, 0x00, 0xE0, 0xF8, 0x1C, 0x07, 0xC1, 0xDC, 0x31,
    0x80, 0x00, 0x7C, 0x3F, 0xCE, 0x79, 0xCF, 0x01, 0xE0, 0xFC, 0x7F, 0x9E, 0xF3, 0xDE, 0x7F, 0xFF,
    0xBC, 0x38, 0x00, 0x07, 0x80, 0x00, 0x7B, 0x80, 0x01, 0xFC, 0x00, 0x3F, 0xC0, 0x0E, 0x58, 0x00,
    0x1C, 0x00, 0x0F, 0x80, 0x01, 0xF0, 0x00, 0x3F, 0x00, 0x0F, 0xE0, 0x01, 0xBC, 0x00, 0x37, 0xC0,
    0x0E, 0xF8, 0x01, 0x8F, 0x00, 0x71, 0xF0, 0x0F, 0xFE, 0x01, 0xFF, 0xC0, 0x70, 0x7C, 0x0C, 0x0F,
    0x83, 0x81, 0xF0, 0xF8, 0x3F, 0x3F, 0x9F, 0xF8, 0x60, 0x0F, 0x00, 0x70, 0x03, 0x80, 0x1E, 0x00,
    0xF0, 0x0F, 0x81, 0xDC, 0x18, 0xC0, 0x00, 0x0F, 0x83, 0xFC, 0x73, 0xC7, 0x3C, 0x03, 0xC0, 0xFC,
    0x3F, 0xC7, 0xBC, 0x7B, 0xC7, 0xFF, 0x7D, 0xE0, 0x00, 0x0F, 0x80, 0x00, 0xFC, 0x00, 0x7B, 0x80,
    0x0F, 0xB0, 0x03, 0xFC, 0x00, 0x31, 0x60, 0x00, 0x70, 0x00, 0x0F, 0x80, 0x00, 0xF8, 0x00, 0x1F,
    0x80, 0x01, 0xFC, 0x00, 0x1F, 0xC0, 0x03, 0xBC, 0x00, 0x33, 0xE0, 0x07, 0x3E, 0x00, 0x71, 0xE0,
    0x07, 0xFF, 0x00, 0xFF, 0xF0, 0x0C, 0x0F, 0x01, 0xC0, 0xF8, 0x1C, 0x0F, 0x83, 0xC0, 0xFC, 0x7F,
    0x3F, 0xE0, 0x07, 0xC0, 0xFC, 0x1F, 0x06, 0xC1, 0xE8, 0x7C, 0x0C, 0xC3, 0x0C, 0x00, 0x03, 0xE1,
    0xFE, 0x73, 0xCE, 0x78, 0x0F, 0x07, 0xE3, 0xFC, 0xF7, 0x9E, 0xF3, 0xFF, 0xFD, 0xE0, 0x00, 0x06,
    0x00, 0x0F, 0xE0, 0x01, 0xFC, 0x00, 0x32, 0x00, 0x00, 0x70, 0x00, 0x1F, 0xC0, 0x03, 0xDE, 0x00,
    0x01, 0x00, 0x00, 0x78, 0x00, 0x0F, 0x80, 0x00, 0xF8, 0x00, 0x1F, 0x80, 0x01, 0xFC, 0x00, 0x1B,
    0xC0, 0x03, 0xBC, 0x00, 0x33, 0xE0, 0x03, 0x3E, 0x00, 0x71, 0xE0, 0x07, 0xFF, 0x00, 0xFF, 0xF0,
    0x0E, 0x0F, 0x00, 0xC0, 0xF8, 0x1C, 0x0F, 0x83, 0xE0, 0xFC, 0x7F, 0x3F, 0xE0, 0x0C, 0x87, 0xF0,
    0xFC, 0x10, 0x00, 0xC0, 0x3C, 0x0F, 0xC1, 0x98, 0x21, 0x83, 0xE1, 0xFE, 0x73, 0xCE, 0x78, 0x0F,
    0x07, 0xE3, 0xFC, 0xF7, 0x9E, 0xF3, 0xFF, 0xFD, 0xE0, 0x00, 0x00, 0x00, 0x1E, 0x00, 0x07, 0xE0,
    0x01, 0xFE, 0x00, 0x31, 0x40, 0x00, 0xE0, 0x00, 0x3E, 0x00, 0x07, 0xC0, 0x01, 0xF8, 0x00, 0x3F,
    0x80, 0x06, 0xF0, 0x01, 0xDE, 0x00, 0x33, 0xE0, 0x06, 0x7C, 0x01, 0xC7, 0x80, 0x3F, 0xF8, 0x0F,
    0xFF, 0x01, 0xC1, 0xE0, 0x30, 0x3C, 0x0E, 0x07, 0xC3, 0xE0, 0xFC, 0xFE, 0x7F, 0xC0, 0x00, 0x00,
    0x0F, 0x00, 0x01, 0xE0, 0x00, 0x3C, 0x00, 0x07, 0x80, 0x00, 0x0C, 0x03, 0x80, 0x78, 0x1F, 0x87,
    0x30, 0x42, 0x07, 0xC3, 0xFC, 0xE7, 0x9C, 0xF0, 0x1E, 0x0F, 0xC7, 0xF9, 0xEF, 0x3D, 0xE7, 0xFF,
    0xFB, 0xC0, 0x00, 0x70, 0x1E, 0x03, 0xC0, 0x38, 0x00, 0x00, 0x1C, 0x00, 0x07, 0x80, 0x09, 0xE0,
    0x01, 0xDC, 0x00, 0x3F, 0x80, 0x03, 0xE0, 0x00, 0x08, 0x00, 0x03, 0x80, 0x01, 0xF0, 0x00, 0x3E,
    0x00, 0x07, 0xE0, 0x01, 0xFC, 0x00, 0x37, 0x80, 0x0E, 0xF8, 0x01, 0x9F, 0x00, 0x31, 0xE0, 0x0E,
    0x3E, 0x01, 0xFF, 0xC0, 0x3F, 0xF8, 0x0E, 0x0F, 0x81, 0x81, 0xF0, 0x70, 0x3E, 0x1F, 0x07, 0xF7,
    0xF3, 0xFF, 0x06, 0x00, 0xE0, 0x38, 0x06, 0x02, 0xD0, 0xE6, 0x0F, 0xC1, 0xF0, 0x00, 0x03, 0xE1,
    0xFE, 0x73, 0xCE, 0x78, 0x0F, 0x07, 0xE3, 0xFC, 0xF7, 0x9E, 0xF3, 0xFF, 0xFD, 0xE0, 0x03, 0x00,
    0x00, 0xF0, 0x00, 0x1F, 0x00, 0x01, 0xF4, 0x00, 0x3B, 0x80, 0x07, 0xF0, 0x00, 0x7C, 0x00, 0x01,
    0x00, 0x00, 0x70, 0x00, 0x3E, 0x00, 0x07, 0xC0, 0x00, 0xFC, 0x00, 0x3F, 0x80, 0x06, 0xF0, 0x01,
    0xDE, 0x00, 0x33, 0xE0, 0x06, 0x3C, 0x01, 0xC7, 0x80, 0x3F, 0xF8, 0x07, 0xFF, 0x01, 0xC1, 0xE0,
    0x30, 0x3E, 0x0E, 0x07, 0xC3, 0xE0, 0xFC, 0xFE, 0x7F, 0xC0, 0x18, 0x07, 0x00, 0x60, 0x0E, 0x02,
    0xD0, 0x66, 0x0F, 0xC0, 0xF0, 0x00, 0x03, 0xE1, 0xFE, 0x73, 0xCE, 0x78, 0x0F, 0x07, 0xE3, 0xFC,
    0xF7, 0x9E, 0xF3, 0xFF, 0xFD, 0xE0, 0x01, 0xF0, 0x00, 0x7E, 0x00, 0x0B, 0xA0, 0x01, 0xFC, 0x00,
    0x3F, 0x80, 0x03, 0xE0, 0x00, 0x08, 0x00, 0x03, 0x80, 0x01, 0xF0, 0x00, 0x3E, 0x00, 0x07, 0xE0,
    0x01, 0xFC, 0x00, 0x37, 0x80, 0x0E, 0xF0, 0x01, 0x9F, 0x00, 0x31, 0xE0, 0x0E, 0x3C, 0x01, 0xFF,
    0xC0, 0x3F, 0xF8, 0x0E, 0x0F, 0x01, 0x81, 0xF0, 0x70, 0x3E, 0x1F, 0x07, 0xE7, 0xF3, 0xFE, 0x3E,
    0x07, 0xE0, 0xB8, 0x16, 0x83, 0xF0, 0x7E, 0x07, 0x80, 0x00, 0x1F, 0x0F, 0xF3, 0x9E, 0x73, 0xC0,
    0x78, 0x3F, 0x1F, 0xE7, 0xBC, 0xF7, 0x9F, 0xFF, 0xEF, 0x00, 0x00, 0x04, 0x00, 0x01, 0x80, 0x07,
    0xE0, 0x01, 0xFC, 0x00, 0x20, 0x80, 0x06, 0x30, 0x00, 0xFE, 0x00, 0x0F, 0x80, 0x00, 0x20, 0x00,
    0x0E, 0x00, 0x07, 0xC0, 0x00, 0xF8, 0x00, 0x1F, 0x80, 0x07, 0xF0, 0x00, 0xDE, 0x00, 0x3B, 0xC0,
    0x06, 0x7C, 0x00, 0xC7, 0x80, 0x38, 0xF0, 0x07, 0xFF, 0x00, 0xFF, 0xE0, 0x38, 0x3C, 0x06, 0x07,
    0xC1, 0xC0, 0xF8, 0x7C, 0x1F, 0x9F, 0xCF, 0xF8, 0x00, 0x81, 0xB0, 0xFE, 0x1F, 0x82, 0x00, 0x66,
    0x0F, 0xC0, 0xF0, 0x00, 0x03, 0xE1, 0xFE, 0x73, 0xCE, 0x78, 0x0F, 0x07, 0xE3, 0xFC, 0xF7, 0x9E,
    0xF3, 0xFF, 0xFD, 0xE0, 0x02, 0x08, 0x00, 0x77, 0x00, 0x0F, 0xE0, 0x00, 0xF8, 0x00, 0x02, 0x00,
    0x00, 0xE0, 0x00, 0x7C, 0x00, 0x0F, 0x80, 0x01, 0xF0, 0x00, 0x7F, 0x00, 0x0D, 0xE0, 0x03, 0xBC,
    0x00, 0x67, 0xC0, 0x0C, 0x78, 0x03, 0x8F, 0x00, 0x7F, 0xF0, 0x0F, 0xFE, 0x03, 0x83, 0xC0, 0x60,
    0x7C, 0x1C, 0x0F, 0x87, 0xC1, 0xF9, 0xFC, 0xFF, 0x80, 0x00, 0x00, 0x1E, 0x00, 0x03, 0xC0, 0x00,
    0x78, 0x00, 0x0F, 0x00, 0x00, 0x23, 0x06, 0xE0, 0xFC, 0x0F, 0x00, 0x00, 0x3E, 0x1F, 0xE7, 0x3C,
    0xE7, 0x80, 0xF0, 0x7E, 0x3F, 0xCF, 0x79, 0xEF, 0x3F, 0xFF, 0xDE, 0x00, 0x03, 0x80, 0xF0, 0x1E,
    0x01, 0xC0, 0x7F, 0xF8, 0xFF, 0xF1, 0xE0, 0xC7, 0x83, 0x1E, 0x04, 0x78, 0x01, 0xE1, 0x07, 0x8C,
    0x1F, 0xF0, 0x7F, 0xC1, 0xE1, 0x07, 0x80, 0x1E, 0x00, 0x78, 0x11, 0xE0, 0xCF, 0xFF, 0x7F, 0xFC,
    0x00, 0x00, 0x00, 0x00, 0xF0, 0x03, 0xC0, 0x0F, 0x00, 0x3C, 0x00, 0x3F, 0x1F, 0xEF, 0x3B, 0xFE,
    0xFF, 0x38, 0x0F, 0x03, 0xE7, 0xFF, 0x9F, 0xE3, 0xF0, 0x00, 0x0E, 0x07, 0x81, 0xE0, 0x38, 0x07,
    0xC0, 0x1F, 0x80, 0x7C, 0x00, 0x60, 0x00, 0x81, 0xFF, 0xE3, 0xFF, 0xC7, 0x83, 0x1E, 0x0C, 0x78,
    0x11, 0xE0, 0x07, 0x84, 0x1E, 0x30, 0x7F, 0xC1, 0xFF, 0x07, 0x84, 0x1E, 0x00, 0x78, 0x01, 0xE0,
    0x47, 0x83, 0x3F, 0xFD, 0xFF, 0xF0, 0x1E, 0x0F, 0xC3, 0x70, 0x38, 0x0C, 0x00, 0x00, 0x00, 0xFC,
    0x7F, 0xBC, 0xEF, 0xFB, 0xFC, 0xE0, 0x3C, 0x0F, 0x9F, 0xFE, 0x7F, 0x8F, 0xC0, 0x00, 0x10, 0x00,
    0xC0, 0xFE, 0x03, 0xF8, 0x18, 0x01, 0xFF, 0xE3, 0xFF, 0xC7, 0x83, 0x1E, 0x0C, 0x78, 0x11, 0xE0,
    0x07, 0x84, 0x1E, 0x30, 0x7F, 0xC1, 0xFF, 0x07, 0x84, 0x1E, 0x00, 0x78, 0x01, 0xE0, 0x47, 0x83,
    0x3F, 0xFD, 0xFF, 0xF0, 0x00, 0x87, 0xE3, 0xF8, 0xFC, 0x60, 0x00, 0x03, 0xF1, 0xFE, 0xF3, 0xBF,
    0xEF, 0xF3, 0x80, 0xF0, 0x3E, 0x7F, 0xF9, 0xFE, 0x3F, 0x00, 0x00, 0x0E, 0x00, 0x3C, 0x0E, 0xF0,
    0x7F, 0x01, 0xFE, 0x03, 0x0C, 0x1F, 0xFE, 0x1F, 0xFE, 0x1E, 0x0C, 0x3C, 0x18, 0x78, 0x00, 0xF0,
    0x01, 0xE1, 0x03, 0xC6, 0x07, 0xFC, 0x0F, 0xF8, 0x1E, 0x10, 0x3C, 0x00, 0x78, 0x00, 0xF0, 0x21,
    0xE0, 0xC7, 0xFF, 0x9F, 0xFF, 0x00, 0x00, 0xC0, 0x38, 0x07, 0x01, 0xC0, 0xF0, 0x3C, 0x07, 0xC1,
    0x98, 0x31, 0x80, 0x00, 0xFC, 0x3F, 0xCF, 0x39, 0xFF, 0x3F, 0xC7, 0x00, 0xF0, 0x1F, 0x3B, 0xFE,
    0x3F, 0xC3, 0xF0, 0x70, 0x01, 0xF0, 0x01, 0xF7, 0x00, 0x3F, 0x00, 0xFF, 0x01, 0x83, 0x0F, 0xFF,
    0x0F, 0xFF, 0x0F, 0x06, 0x1E, 0x0C, 0x3C, 0x08, 0x78, 0x00, 0xF0, 0x81, 0xE3, 0x03, 0xFE, 0x07,
    0xFC, 0x0F, 0x08, 0x1E, 0x00, 0x3C, 0x00, 0x78, 0x10, 0xF0, 0x63, 0xFF, 0xCF, 0xFF, 0x80, 0x60,
    0x1E, 0x01, 0xC0, 0x18, 0x01, 0x60, 0x1E, 0x03, 0xE0, 0xCC, 0x18, 0xC0, 0x00, 0x7E, 0x1F, 0xE7,
    0x9C, 0xFF, 0x9F, 0xE3, 0x80, 0x78, 0x0F, 0x9D, 0xFF, 0x1F, 0xE1, 0xF8, 0x00, 0x7C, 0x01, 0xF0,
    0x3F, 0xC1, 0xF6, 0x0F, 0xF0, 0x60, 0xC7, 0xFF, 0x8F, 0xFF, 0x1E, 0x0C, 0x78, 0x31, 0xE0, 0x47,
    0x80, 0x1E, 0x10, 0x78, 0xC1, 0xFF, 0x07, 0xFC, 0x1E, 0x10, 0x78, 0x01, 0xE0, 0x07, 0x81, 0x1E,
    0x0C, 0xFF, 0xF7, 0xFF, 0xC0, 0x07, 0xE0, 0xFC, 0x37, 0x0F, 0xC3, 0xF0, 0x66, 0x18, 0x60, 0x00,
    0x3F, 0x0F, 0xF3, 0xCE, 0x7F, 0xCF, 0xF1, 0xC0, 0x3C, 0x07, 0xCE, 0xFF, 0x8F, 0xF0, 0xFC, 0x00,
    0x0F, 0xF0, 0x3F, 0x81, 0x80, 0x00, 0xE0, 0x07, 0xC0, 0x3F, 0x81, 0xC7, 0x1F, 0xFE, 0x3F, 0xFC,
    0x78, 0x31, 0xE0, 0xC7, 0x81, 0x1E, 0x00, 0x78, 0x41, 0xE3, 0x07, 0xFC, 0x1F, 0xF0, 0x78, 0x41,
    0xE0, 0x07, 0x80, 0x1E, 0x04, 0x78, 0x33, 0xFF, 0xDF, 0xFF, 0x00, 0x8F, 0xE3, 0xF1, 0x80, 0x0C,
    0x07, 0x83, 0xF0, 0xCC, 0x61, 0x0F, 0xC7, 0xFB, 0xCE, 0xFF, 0xBF, 0xCE, 0x03, 0xC0, 0xF9, 0xFF,
    0xE7, 0xF8, 0xFC, 0x00, 0x00, 0x0F, 0x00, 0x7E, 0x03, 0xFC, 0x08, 0x11, 0xFF, 0xE3, 0xFF, 0xC7,
    0x83, 0x1E, 0x0C, 0x78, 0x11, 0xE0, 0x07, 0x84, 0x1E, 0x30, 0x7F, 0xC1, 0xFF, 0x07, 0x84, 0x1E,
    0x00, 0x78, 0x01, 0xE0, 0x47, 0x83, 0x3F, 0xFD, 0xFF, 0xF0, 0x00, 0x00, 0x00, 0x03, 0xC0, 0x0F,
    0x00, 0x3C, 0x00, 0xF0, 0x0C, 0x03, 0x81, 0xE0, 0xFC, 0x33, 0x08, 0x43, 0xF1, 0xFE, 0xF3, 0xBF,
    0xEF, 0xF3, 0x80, 0xF0, 0x3E, 0x7F, 0xF9, 0xFE, 0x3F, 0x00, 0x00, 0xE0, 0x78, 0x1E, 0x03, 0x80,
    0x3E, 0x1F, 0x8B, 0x81, 0x80, 0x03, 0xFC, 0xFC, 0x3C, 0x1E, 0x0F, 0x07, 0x83, 0xC1, 0xE0, 0xF0,
    0x78, 0x3C, 0x1E, 0x0F, 0x07, 0x83, 0xC3, 0xF3, 0xFC, 0x7C, 0xFC, 0x5C, 0x3C, 0x18, 0x10, 0x00,
    0x1C, 0xFC, 0xFC, 0x3C, 0x3C, 0x3C, 0x3C, 0x3C, 0x3C, 0x3C, 0xFE, 0xFF, 0x1F, 0x0F, 0x07, 0x83,
    0xC1, 0xE0, 0xF0, 0x78, 0x3C, 0x1E, 0x0F, 0x07, 0x83, 0xC1, 0xE0, 0xF0, 0xFC, 0xFF, 0x00, 0x00,
    0x07, 0x83, 0xC1, 0xE0, 0xF0, 0x3C, 0x3C, 0x3C, 0x3C, 0x00, 0x00, 0x0C, 0x7C, 0x7C, 0x3C, 0x3C,
    0x3C, 0x3C, 0x3C, 0x3C, 0x3C, 0x7F, 0x00, 0x00, 0x3C, 0x3C, 0x3C, 0x3C, 0x07, 0xF8, 0x07, 0xFF,
    0x83, 0xC1, 0xF1, 0xE0, 0x3E, 0x78, 0x07, 0xBE, 0x01, 0xFF, 0x00, 0x7F, 0xC0, 0x1F, 0xF0, 0x03,
    0xFE, 0x00, 0xFF, 0x80, 0x3F, 0xE0, 0x1F, 0x78, 0x07, 0x9F, 0x01, 0xE3, 0xE0, 0xF0, 0x7F, 0xF8,
    0x07, 0xF8, 0x00, 0x00, 0x00, 0x1E, 0x00, 0x07, 0x80, 0x01, 0xE0, 0x00, 0x78, 0x00, 0x1F, 0x87,
    0xFC, 0x71, 0xEF, 0x1F, 0xF0, 0xFF, 0x0F, 0xF0, 0xFF, 0x0E, 0xF9, 0xE7, 0xFC, 0x3F, 0x80, 0x00,
    0x0E, 0x00, 0xF0, 0x0F, 0x00, 0xE0, 0x03, 0xE0, 0x01, 0xF8, 0x00, 0xF8, 0x00, 0x18, 0x00, 0x0C,
    0x00, 0x3F, 0x80, 0x7F, 0xF0, 0x78, 0x3C, 0x78, 0x1F, 0x3C, 0x07, 0xFE, 0x03, 0xFE, 0x01, 0xFF,
    0x00, 0xFF, 0x80, 0x3F, 0xE0, 0x1F, 0xF0, 0x0F, 0xF8, 0x0F, 0xFC, 0x07, 0x9F, 0x03, 0xC7, 0x83,
    0xC1, 0xFF, 0xC0, 0x3F, 0x80, 0x1F, 0x01, 0xF8, 0x1F, 0x80, 0x70, 0x06, 0x00, 0x00, 0x00, 0x01,
    0xF8, 0x7F, 0xC7, 0x1E, 0xF1, 0xFF, 0x0F, 0xF0, 0xFF, 0x0F, 0xF0, 0xEF, 0x9E, 0x7F, 0xC3, 0xF8,
    0x00, 0x02, 0x00, 0x07, 0x80, 0x07, 0xC0, 0x3B, 0x80, 0x3E, 0x00, 0x7B, 0x80, 0x30, 0x60, 0x0F,
    0xE0, 0x1F, 0xFC, 0x1E, 0x0F, 0x1E, 0x07, 0xCF, 0x01, 0xFF, 0x80, 0xFF, 0x80, 0x7F, 0xC0, 0x3F,
    0xE0, 0x0F, 0xF8, 0x07, 0xFC, 0x03, 0xFE, 0x03, 0xFF, 0x01, 0xE7, 0xC0, 0xF1, 0xE0, 0xF0, 0x7F,
    0xF0, 0x0F, 0xE0, 0x00, 0x60, 0x0E, 0x00, 0xE0, 0x1C, 0x07, 0x80, 0xE0, 0x1F, 0x03, 0xB8, 0x31,
    0x80, 0x00, 0x1F, 0x87, 0xFC, 0x71, 0xEF, 0x1F, 0xF0, 0xFF, 0x0F, 0xF0, 0xFF, 0x0E, 0xF9, 0xE7,
    0xFC, 0x3F, 0x80, 0x30, 0x00, 0x3C, 0x00, 0x1F, 0x00, 0x03, 0xFC, 0x00, 0x3F, 0x00, 0x3F, 0xC0,
    0x38, 0x60, 0x0F, 0xE0, 0x1F, 0xFC, 0x1E, 0x0F, 0x1E, 0x07, 0xCF, 0x01, 0xFF, 0x80, 0xFF, 0x80,
    0x7F, 0xC0, 0x3F, 0xE0, 0x0F, 0xF8, 0x07, 0xFC, 0x03, 0xFE, 0x03, 0xFF, 0x01, 0xE7, 0xC0, 0xF1,
    0xE0, 0xF0, 0x7F, 0xF0, 0x0F, 0xE0, 0x60, 0x0E, 0x00, 0x70, 0x07, 0x00, 0x36, 0x00, 0xE0, 0x1F,
    0x03, 0xB8, 0x31, 0x80, 0x00, 0x1F, 0x87, 0xFC, 0x71, 0xEF, 0x1F, 0xF0, 0xFF, 0x0F, 0xF0, 0xFF,
    0x0E, 0xF9, 0xE7, 0xFC, 0x3F, 0x80, 0x00, 0x3E, 0x00, 0x1F, 0x80, 0x7F, 0x80, 0x7D, 0x80, 0x77,
    0x00, 0x60, 0xC0, 0x1F, 0xC0, 0x3F, 0xF8, 0x3C, 0x1E, 0x3C, 0x0F, 0x9E, 0x03, 0xFF, 0x01, 0xFF,
    0x00, 0xFF, 0x80, 0x7F, 0xC0, 0x1F, 0xF0, 0x0F, 0xF8, 0x07, 0xFC, 0x07, 0xFE, 0x03, 0xCF, 0x81,
    0xE3, 0xC1, 0xE0, 0xFF, 0xE0, 0x1F, 0xC0, 0x03, 0xE0, 0x3F, 0x03, 0xE0, 0x6C, 0x0E, 0x41, 0xF0,
    0x3B, 0x83, 0x18, 0x20, 0x81, 0xF8, 0x7F, 0xC7, 0x1E, 0xF1, 0xFF, 0x0F, 0xF0, 0xFF, 0x0F, 0xF0,
    0xEF, 0x9E, 0x7F, 0xC3, 0xF8, 0x00, 0x18, 0x01, 0xFC, 0x01, 0xFC, 0x00, 0x90, 0x00, 0x1C, 0x00,
    0x3F, 0x80, 0x3D, 0xE0, 0x00, 0x00, 0x07, 0xF0, 0x0F, 0xFE, 0x0F, 0x07, 0x8F, 0x03, 0xE7, 0x80,
    0xFF, 0xC0, 0x7F, 0xC0, 0x3F, 0xE0, 0x1F, 0xF0, 0x07, 0xFC, 0x03, 0xFE, 0x01, 0xFF, 0x01, 0xFF,
    0x80, 0xF3, 0xE0, 0x78, 0xF0, 0x78, 0x3F, 0xF8, 0x07, 0xF0, 0x00, 0x00, 0xC1, 0xF8, 0x3F, 0x82,
    0x00, 0x0E, 0x01, 0xF0, 0x1F, 0x03, 0x18, 0x31, 0x81, 0xF8, 0x7F, 0xC7, 0x1E, 0xF1, 0xFF, 0x0F,
    0xF0, 0xFF, 0x0F, 0xF0, 0xEF, 0x9E, 0x7F, 0xC3, 0xF8, 0x00, 0xE0, 0x00, 0x7C, 0x00, 0x3F, 0x80,
    0x1C, 0x70, 0x00, 0x00, 0x01, 0xFE, 0x01, 0xFF, 0xE0, 0xF0, 0x7C, 0x78, 0x0F, 0x9E, 0x01, 0xEF,
    0x80, 0x7F, 0xC0, 0x1F, 0xF0, 0x07, 0xFC, 0x00, 0xFF, 0x80, 0x3F, 0xE0, 0x0F, 0xF8, 0x07, 0xDE,
    0x01, 0xE7, 0xC0, 0x78, 0xF8, 0x3C, 0x1F, 0xFE, 0x01, 0xFE, 0x00, 0x00, 0x00, 0x07, 0x80, 0x01,
    0xE0, 0x00, 0x78, 0x00, 0x1E, 0x00, 0x06, 0x00, 0xF0, 0x0F, 0x01, 0xF8, 0x19, 0x81, 0x08, 0x1F,
    0x87, 0xFC, 0x71, 0xEF, 0x1F, 0xF0, 0xFF, 0x0F, 0xF0, 0xFF, 0x0E, 0xF9, 0xE7, 0xFC, 0x3F, 0x80,
    0x00, 0x0E, 0x00, 0xF0, 0x0F, 0x00, 0xE0, 0x00, 0x30, 0x00, 0x0F, 0x00, 0x03, 0xC0, 0x00, 0xE0,
    0x70, 0x18, 0x1E, 0x0F, 0xF3, 0xC7, 0xFF, 0xB9, 0xE0, 0xFE, 0x78, 0x1F, 0x0F, 0x01, 0xE3, 0xE0,
    0x3E, 0x78, 0x07, 0xCF, 0x00, 0xF9, 0xE0, 0x0F, 0x3E, 0x01, 0xE7, 0xC0, 0x3C, 0xF8, 0x0F, 0x9F,
    0x01, 0xE1, 0xF0, 0x3C, 0x1F, 0x0F, 0x01, 0xFF, 0xC0, 0x0F, 0xE0, 0x00, 0x03, 0x80, 0x1C, 0x01,
    0xC0, 0x0E, 0x70, 0x63, 0x82, 0x1C, 0x7F, 0x6F, 0xFE, 0x71, 0xE7, 0x8F, 0x3C, 0x3D, 0xE1, 0xEF,
    0x0F, 0x78, 0x73, 0xE7, 0x8F, 0xF8, 0x3F, 0x80, 0x0E, 0x00, 0x01, 0xE0, 0x00, 0x1E, 0x00, 0x01,
    0xC0, 0x70, 0x0C, 0x1E, 0x0F, 0xF3, 0xC7, 0xFF, 0xB9, 0xE0, 0xFE, 0x78, 0x1F, 0x0F, 0x01, 0xE3,
    0xE0, 0x3E, 0x78, 0x07, 0xCF, 0x00, 0xF9, 0xE0, 0x0F, 0x3E, 0x01, 0xE7, 0xC0, 0x3C, 0xF8, 0x0F,
    0x9F, 0x01, 0xE1, 0xF0, 0x3C, 0x1F, 0x0F, 0x01, 0xFF, 0xC0, 0x0F, 0xE0, 0x00, 0x38, 0x01, 0xC0,
    0x07, 0x00, 0x18, 0x70, 0x63, 0x81, 0x1C, 0x7F, 0x6F, 0xFE, 0x71, 0xE7, 0x8F, 0x3C, 0x3D, 0xE1,
    0xEF, 0x0F, 0x78, 0x73, 0xE7, 0x8F, 0xF8, 0x3F, 0x80, 0x03, 0xE0, 0x00, 0xFC, 0x00, 0x0B, 0x80,
    0x00, 0xE0, 0x70, 0x08, 0x1E, 0x0F, 0xF3, 0xC7, 0xFF, 0xB9, 0xE0, 0xFE, 0x78, 0x1F, 0x8F, 0x01,
    0xE3, 0xE0, 0x3E, 0x78, 0x07, 0xCF, 0x00, 0xF9, 0xE0, 0x0F, 0x3E, 0x01, 0xE7, 0xC0, 0x3C, 0xF8,
    0x0F, 0x9F, 0x01, 0xE1, 0xF0, 0x3C, 0x1F, 0x0F, 0x01, 0xFF, 0xC0, 0x0F, 0xE0, 0x00, 0x1F, 0x00,
    0xFC, 0x07, 0xE0, 0x0E, 0x20, 0x63, 0x80, 0x1C, 0x00, 0x63, 0xFB, 0x7F, 0xF3, 0x8F, 0x3C, 0x79,
    0xE1, 0xEF, 0x0F, 0x78, 0x7B, 0xC3, 0x9F, 0x3C, 0x7F, 0xC1, 0xFC, 0x00, 0x00, 0x18, 0x00, 0xFE,
    0x00, 0x1F, 0xC1, 0x06, 0x00, 0x70, 0x00, 0x1E, 0x0F, 0xF1, 0xC7, 0xFF, 0xB9, 0xE0, 0xFE, 0x78,
    0x1F, 0x0F, 0x01, 0xF3, 0xE0, 0x3E, 0x78, 0x07, 0xCF, 0x00, 0xF9, 0xE0, 0x0F, 0x3E, 0x01, 0xE7,
    0xC0, 0x3C, 0xF8, 0x0F, 0x9F, 0x01, 0xE1, 0xF0, 0x3C, 0x1F, 0x0F, 0x01, 0xFF, 0xC0, 0x0F, 0xE0,
    0x00, 0x00, 0x40, 0x7E, 0x07, 0xE0, 0x7F, 0x72, 0x03, 0x80, 0x0C, 0x7F, 0x6F, 0xFE, 0x71, 0xE7,
    0x8F, 0x3C, 0x3D, 0xE1, 0xEF, 0x0F, 0x78, 0x73, 0xE7, 0x8F, 0xF8, 0x3F, 0x80, 0x00, 0x00, 0xE0,
    0x00, 0x3C, 0x1F, 0xE7, 0x8F, 0xFF, 0x73, 0xC1, 0xFC, 0xF0, 0x3E, 0x1E, 0x03, 0xC7, 0xC0, 0x7C,
    0xF0, 0x0F, 0x9E, 0x01, 0xF3, 0xC0, 0x1E, 0x7C, 0x03, 0xCF, 0x80, 0x79, 0xF0, 0x1F, 0x3E, 0x03,
    0xC3, 0xE0, 0x78, 0x3E, 0x1E, 0x03, 0xFF, 0x80, 0x1F, 0xC0, 0x00, 0x00, 0x00, 0x1E, 0x00, 0x03,
    0xC0, 0x00, 0x78, 0x00, 0x0F, 0x00, 0x00, 0x30, 0x01, 0xC0, 0x0E, 0x00, 0x31, 0xFD, 0xBF, 0xF9,
    0xC7, 0x9E, 0x3C, 0xF0, 0xF7, 0x87, 0xBC, 0x3D, 0xE1, 0xCF, 0x9E, 0x3F, 0xE0, 0xFE, 0x00, 0x00,
    0x0E, 0x00, 0x78, 0x03, 0xC0, 0x1C, 0x00, 0xFF, 0x0F, 0xCF, 0x80, 0xF0, 0xF0, 0x0C, 0x1E, 0x01,
    0x83, 0xC0, 0x30, 0x78, 0x06, 0x0F, 0x00, 0xC1, 0xE0, 0x18, 0x3C, 0x03, 0x07, 0x80, 0x60, 0xF0,
    0x0C, 0x1E, 0x01, 0x83, 0xC0, 0x30, 0x7C, 0x0E, 0x07, 0xFF, 0x80, 0x7F, 0xE0, 0x07, 0xF8, 0x00,
    0x00, 0x00, 0x07, 0x80, 0x00, 0xF0, 0x00, 0x1E, 0x00, 0x03, 0xC0, 0x00, 0xFD, 0xF9, 0xF7, 0xC3,
    0xCF, 0x0F, 0x3C, 0x3C, 0xF0, 0xF3, 0xC3, 0xCF, 0x0F, 0x3C, 0x3F, 0xF8, 0xFF, 0xF1, 0xEE, 0x00,
    0x00, 0x03, 0x80, 0x1E, 0x00, 0x78, 0x00, 0xE0, 0x01, 0xF8, 0x00, 0x3F, 0x00, 0x05, 0xE0, 0x00,
    0x30, 0x00, 0x00, 0x01, 0xFE, 0x1F, 0x9F, 0x01, 0xE1, 0xE0, 0x18, 0x3C, 0x03, 0x07, 0x80, 0x60,
    0xF0, 0x0C, 0x1E, 0x01, 0x83, 0xC0, 0x30, 0x78, 0x06, 0x0F, 0x00, 0xC1, 0xE0, 0x18, 0x3C, 0x03,
    0x07, 0x80, 0x60, 0xF8, 0x1C, 0x0F, 0xFF, 0x00, 0xFF, 0xC0, 0x0F, 0xF0, 0x00, 0x07, 0x80, 0x3F,
    0x00, 0x5C, 0x00, 0xE0, 0x03, 0x00, 0x00, 0x00, 0x00, 0x3F, 0x7E, 0x7D, 0xF0, 0xF3, 0xC3, 0xCF,
    0x0F, 0x3C, 0x3C, 0xF0, 0xF3, 0xC3, 0xCF, 0x0F, 0xFE, 0x3F, 0xFC, 0x7B, 0x80, 0x00, 0x1C, 0x00,
    0x03, 0xC7, 0x00, 0x3C, 0xF0, 0x07, 0x07, 0x00, 0xC0, 0x7F, 0xF0, 0xFE, 0x7C, 0x07, 0x83, 0xC0,
    0x30, 0x3C, 0x03, 0x03, 0xC0, 0x30, 0x3C, 0x03, 0x03, 0xC0, 0x30, 0x3C, 0x03, 0x03, 0xC0, 0x30,
    0x3C, 0x03, 0x03, 0xC0, 0x30, 0x3C, 0x03, 0x03, 0xC0, 0x70, 0x3E, 0x0F, 0x01, 0xFF, 0xE0, 0x0F,
    0xFC, 0x00, 0x7F, 0x80, 0x00, 0xE0, 0x01, 0xE0, 0x01, 0xCE, 0x01, 0x8F, 0x03, 0x0F, 0x02, 0x06,
    0x7F, 0xFC, 0xFD, 0xF0, 0x3C, 0xF0, 0x3C, 0xF0, 0x3C, 0xF0, 0x3C, 0xF0, 0x3C, 0xF0, 0x3C, 0xF0,
    0x3F, 0xFC, 0x3F, 0xFC, 0x1E, 0xE0, 0x03, 0x00, 0x00, 0x78, 0x07, 0x03, 0xC0, 0xF0, 0x0E, 0x07,
    0x00, 0x20, 0x7F, 0xF0, 0xFE, 0x7C, 0x07, 0x83, 0xC0, 0x30, 0x3C, 0x03, 0x03, 0xC0, 0x30, 0x3C,
    0x03, 0x03, 0xC0, 0x30, 0x3C, 0x03, 0x03, 0xC0, 0x30, 0x3C, 0x03, 0x03, 0xC0, 0x30, 0x3C, 0x03,
    0x03, 0xC0, 0x70, 0x3E, 0x0F, 0x01, 0xFF, 0xE0, 0x0F, 0xFC, 0x00, 0x7F, 0x80, 0x0E, 0x00, 0x0E,
    0x00, 0x07, 0x0E, 0x03, 0x0F, 0x03, 0x0F, 0x01, 0x06, 0x7F, 0xFC, 0xFD, 0xF0, 0x3C, 0xF0, 0x3C,
    0xF0, 0x3C, 0xF0, 0x3C, 0xF0, 0x3C, 0xF0, 0x3C, 0xF0, 0x3F, 0xFC, 0x3F, 0xFC, 0x1E, 0xE0, 0x01,
    0xF0, 0x00, 0x1F, 0x87, 0x01, 0x70, 0xF0, 0x06, 0x07, 0x00, 0x00, 0x7F, 0xF0, 0xFE, 0x7C, 0x07,
    0x83, 0xC0, 0x30, 0x3C, 0x03, 0x03, 0xC0, 0x30, 0x3C, 0x03, 0x03, 0xC0, 0x30, 0x3C, 0x03, 0x03,
    0xC0, 0x30, 0x3C, 0x03, 0x03, 0xC0, 0x30, 0x3C, 0x03, 0x03, 0xC0, 0x70, 0x3E, 0x0F, 0x01, 0xFF,
    0xE0, 0x0F, 0xFC, 0x00, 0x7F, 0x80, 0x07, 0x80, 0x0F, 0xC0, 0x05, 0xC0, 0x03, 0x8E, 0x03, 0x0F,
    0x00, 0x0F, 0x00, 0x0E, 0x7F, 0xFC, 0xFD, 0xF0, 0x3C, 0xF0, 0x3C, 0xF0, 0x3C, 0xF0, 0x3C, 0xF0,
    0x3C, 0xF0, 0x3C, 0xF0, 0x3F, 0xFC, 0x3F, 0xFC, 0x1E, 0xE0, 0x00, 0x0C, 0x00, 0x3F, 0x87, 0x03,
    0xF8, 0xF0, 0x60, 0x07, 0x00, 0x00, 0x7F, 0xF0, 0xFE, 0x7C, 0x07, 0x83, 0xC0, 0x30, 0x3C, 0x03,
    0x03, 0xC0, 0x30, 0x3C, 0x03, 0x03, 0xC0, 0x30, 0x3C, 0x03, 0x03, 0xC0, 0x30, 0x3C, 0x03, 0x03,
    0xC0, 0x30, 0x3C, 0x03, 0x03, 0xC0, 0x70, 0x3E, 0x0F, 0x01, 0xFF, 0xE0, 0x0F, 0xFC, 0x00, 0x7F,
    0x80, 0x00, 0x30, 0x07, 0x30, 0x07, 0xEE, 0x0F, 0xCF, 0x18, 0x0F, 0x00, 0x06, 0x7F, 0xFC, 0xFD,
    0xF0, 0x3C, 0xF0, 0x3C, 0xF0, 0x3C, 0xF0, 0x3C, 0xF0, 0x3C, 0xF0, 0x3C, 0xF0, 0x3F, 0xFC, 0x3F,
    0xFC, 0x1E, 0xE0, 0x00, 0x00, 0x70, 0x00, 0x0F, 0x00, 0x00, 0x70, 0x00, 0x07, 0xFF, 0x1F, 0xE7,
    0xC0, 0x78, 0x3C, 0x03, 0x03, 0xC0, 0x30, 0x3C, 0x03, 0x03, 0xC0, 0x30, 0x3C, 0x03, 0x03, 0xC0,
    0x30, 0x3C, 0x03, 0x03, 0xC0, 0x30, 0x3C, 0x03, 0x03, 0xC0, 0x30, 0x3C, 0x07, 0x03, 0xE0, 0xF0,
    0x1F, 0xFE, 0x00, 0xFF, 0xC0, 0x07, 0xF8, 0x00, 0x00, 0x00, 0x01, 0xE0, 0x00, 0x1E, 0x00, 0x01,
    0xE0, 0x00, 0x1E, 0x00, 0x00, 0x0E, 0x00, 0x0F, 0x00, 0x0F, 0x00, 0x06, 0x7D, 0xFC, 0xFD, 0xF0,
    0x3C, 0xF0, 0x3C, 0xF0, 0x3C, 0xF0, 0x3C, 0xF0, 0x3C, 0xF0, 0x3C, 0xF0, 0x3F, 0xFC, 0x3F, 0xFC,
    0x1E, 0xE0, 0x00, 0x00, 0x03, 0x80, 0x07, 0x80, 0x07, 0x80, 0x03, 0x80, 0x07, 0x00, 0x01, 0xE0,
    0x00, 0x78, 0x00, 0x07, 0x00, 0x00, 0x60, 0x3F, 0xEF, 0xE7, 0xF0, 0xF0, 0xFC, 0x18, 0x1F, 0x0C,
    0x03, 0xC3, 0x00, 0xF9, 0x80, 0x1E, 0xC0, 0x03, 0xF0, 0x00, 0xF8, 0x00, 0x1E, 0x00, 0x07, 0x80,
    0x01, 0xE0, 0x00, 0x78, 0x00, 0x1E, 0x00, 0x07, 0x80, 0x03, 0xF0, 0x03, 0xFE, 0x00, 0x07, 0x00,
    0x38, 0x00, 0xE0, 0x03, 0x00, 0x18, 0x00, 0x01, 0xFB, 0xE7, 0x8E, 0x3E, 0x60, 0xF3, 0x07, 0xB8,
    0x3F, 0x80, 0xFC, 0x07, 0xC0, 0x1E, 0x00, 0xF0, 0x03, 0x00, 0x18, 0x01, 0x80, 0x0C, 0x00, 0xE0,
    0x3E, 0x01, 0xF0, 0x0F, 0x00, 0x30, 0x00, 0xFF, 0xBF, 0x9F, 0xC3, 0xC3, 0xF0, 0x60, 0x7C, 0x30,
    0x0F, 0x0C, 0x03, 0xE6, 0x00, 0x7B, 0x00, 0x0F, 0xC0, 0x03, 0xE0, 0x00, 0x78, 0x00, 0x1E, 0x00,
    0x07, 0x80, 0x01, 0xE0, 0x00, 0x78, 0x00, 0x1E, 0x00, 0x0F, 0xC0, 0x0F, 0xF8, 0x00, 0x00, 0x00,
    0x1E, 0x00, 0x07, 0x80, 0x01, 0xE0, 0x00, 0x78, 0x00, 0xFF, 0xF7, 0xCE, 0x3C, 0xC3, 0xCC, 0x1E,
    0xC1, 0xE8, 0x1F, 0x80, 0xF8, 0x0F, 0x00, 0x70, 0x06, 0x00, 0x60, 0x06, 0x00, 0xC0, 0x0D, 0xC7,
    0x9E, 0xF9, 0xEF, 0x9C, 0x70, 0x00, 0x01, 0xF0, 0x00, 0xFE, 0x00, 0x17, 0x00, 0x03, 0x80, 0x00,
    0x00, 0x3F, 0xEF, 0xE7, 0xF0, 0xF0, 0xFC, 0x18, 0x1F, 0x0C, 0x03, 0xC3, 0x00, 0xF9, 0x80, 0x1E,
    0xC0, 0x03, 0xF0, 0x00, 0xF8, 0x00, 0x1E, 0x00, 0x07, 0x80, 0x01, 0xE0, 0x00, 0x78, 0x00, 0x1E,
    0x00, 0x07, 0x80, 0x03, 0xF0, 0x03, 0xFE, 0x00, 0x07, 0xC0, 0x3E, 0x01, 0x70, 0x03, 0x00, 0x18,
    0x00, 0x00, 0x00, 0x0F, 0xDF, 0x3C, 0x71, 0xF3, 0x07, 0x98, 0x3D, 0x81, 0xFC, 0x07, 0xE0, 0x3E,
    0x00, 0xF0, 0x07, 0x00, 0x18, 0x00, 0xC0, 0x0C, 0x00, 0x60, 0x06, 0x01, 0xF0, 0x0F, 0x80, 0x78,
    0x01, 0x80, 0x00, 0x00, 0x0C, 0x00, 0x7F, 0x00, 0x3F, 0x80, 0x08, 0x00, 0x00, 0x00, 0x3F, 0xEF,
    0xE7, 0xF0, 0xF0, 0xFC, 0x18, 0x1F, 0x0C, 0x03, 0xC3, 0x00, 0xF9, 0x80, 0x1E, 0xC0, 0x03, 0xF0,
    0x00, 0xF8, 0x00, 0x1E, 0x00, 0x07, 0x80, 0x01, 0xE0, 0x00, 0x78, 0x00, 0x1E, 0x00, 0x07, 0x80,
    0x03, 0xF0, 0x03, 0xFE, 0x00, 0x00, 0x30, 0x3F, 0x83, 0xF8, 0x13, 0x00, 0x00, 0x3F, 0x7C, 0xF1,
    0xC7, 0xCC, 0x1E, 0x60, 0xF7, 0x07, 0xF0, 0x1F, 0x80, 0xF8, 0x03, 0xC0, 0x1E, 0x00, 0x60, 0x03,
    0x00, 0x30, 0x01, 0x80, 0x1C, 0x07, 0xC0, 0x3E, 0x01, 0xE0, 0x06, 0x00, 0x7F, 0xFF, 0xF0, 0x7F,
    0xFF, 0xF0, 0xFF, 0xFF, 0x7F, 0xFE, 0xFF, 0xFD, 0xFF, 0xE0, 0xFF, 0xFF, 0xFE, 0xFF, 0xFF, 0xF8,
    0xFF, 0xFF, 0xFF, 0xFF, 0xFF, 0xFF, 0xFD, 0xFF, 0xFF, 0xFF, 0xFF, 0xFF, 0xFF, 0xE0, 0xEF, 0xDF,
    0xBF, 0x7E, 0xFD, 0xFB, 0xF7, 0xEF, 0xDF, 0xBF, 0x7E, 0xFD, 0xFB, 0xF7, 0xEF, 0xDF, 0xBF, 0x7E,
    0xFD, 0xFB, 0xF7, 0xEF, 0x98, 0x3B, 0x31, 0xCF, 0x7B, 0xC0, 0x7B, 0xDE, 0x71, 0x9B, 0x80, 0x7B,
    0xDE, 0x71, 0x9B, 0x80, 0x39, 0xD8, 0xCC, 0x63, 0x9C, 0xF7, 0xBD, 0xEF, 0x78, 0x7B, 0xDE, 0xF7,
    0xBC, 0xE7, 0x18, 0xCC, 0x6E, 0x70, 0x7B, 0xDE, 0xF7, 0xBC, 0xE7, 0x18, 0xCC, 0x6E, 0x70, 0x0C,
    0x01, 0xC0, 0x38, 0x06, 0x00, 0xC1, 0xEB, 0xFF, 0xFF, 0xFF, 0x0E, 0x01, 0xC0, 0x38, 0x07, 0x00,
    0xE0, 0x1C, 0x03, 0x80, 0x60, 0x04, 0x00, 0x80, 0x10, 0x02, 0x00, 0x40, 0x0E, 0x01, 0xC0, 0x38,
    0x07, 0x00, 0x41, 0xFF, 0xFF, 0xFF, 0x77, 0x1E, 0x03, 0xC0, 0x30, 0x06, 0x01, 0xE0, 0x3C, 0x3B,
    0x7F, 0xFF, 0xFF, 0xE1, 0xC0, 0x38, 0x07, 0x00, 0xE0, 0x7E, 0xFF, 0xFF, 0xFF, 0xFF, 0xFF, 0xFF,
    0x7E, 0xEF, 0xFE, 0xE1, 0xDE, 0x3F, 0xC7, 0xF0, 0xE0, 0xE1, 0xC7, 0x79, 0xE3, 0xFC, 0xF1, 0xFC,
    0x38, 0xE0, 0xEF, 0xE0, 0x00, 0x0E, 0x00, 0x7C, 0x0C, 0x00, 0xFE, 0x18, 0x00, 0xEE, 0x38, 0x00,
    0xEE, 0x30, 0x00, 0xEE, 0x70, 0x00, 0xEE, 0xE0, 0x00, 0xEE, 0xC0, 0x00, 0xEF, 0xFE, 0x3E, 0x7F,
    0xF7, 0x7F, 0x13, 0x77, 0x77, 0x07, 0x77, 0x77, 0x0E, 0x77, 0x77, 0x0C, 0x77, 0x77, 0x1C, 0x77,
    0x77, 0x38, 0x7F, 0x7F, 0x30, 0x3E, 0x3E, 0x7F, 0xED, 0xA0, 0x6F, 0xDF, 0xB6, 0x6D, 0xDB, 0x24,
    0x00, 0x6E, 0xFB, 0xFE, 0xDF, 0xF6, 0xD9, 0xB6, 0xC9, 0x10, 0x67, 0x77, 0x33, 0x10, 0x6E, 0x7E,
    0x7E, 0x76, 0x37, 0x33, 0x13, 0x6E, 0xCF, 0xFD, 0xFB, 0xBB, 0x73, 0x76, 0x66, 0xC4, 0xC8, 0x02,
    0x06, 0x0C, 0x3C, 0x78, 0xF0, 0xF8, 0x3C, 0x1C, 0x06, 0x02, 0xC0, 0xE0, 0x70, 0x38, 0x1E, 0x1E,
    0x1E, 0x38, 0x70, 0xE0, 0xC0, 0xE3, 0xBC, 0xFF, 0x3F, 0xCF, 0xF3, 0xFC, 0xFE, 0x3B, 0x8E, 0xE3,
    0xB8, 0xE6, 0x19, 0x04, 0x00, 0x38, 0xEF, 0x3F, 0xCF, 0xE3, 0x80, 0x70, 0xFC, 0x7E, 0x7E, 0x7B,
    0x73, 0x7F, 0x7F, 0x7E, 0x7C, 0x70, 0x30, 0x00, 0x70, 0x78, 0x78, 0x70, 0x7F, 0xFD, 0xFF, 0xE0,
    0x00, 0x18, 0x01, 0x80, 0x1C, 0x00, 0xC0, 0x0C, 0x00, 0xE0, 0x06, 0x00, 0x70, 0x07, 0x00, 0x30,
    0x03, 0x80, 0x38, 0x01, 0x80, 0x1C, 0x00, 0xC0, 0x0C, 0x00, 0xE0, 0x00, 0xF8, 0xF0, 0xFC, 0xFC,
    0x7E, 0xFE, 0x07, 0x06, 0x07, 0x07, 0x07, 0x0F, 0x1F, 0x3F, 0x3F, 0x7F, 0x7E, 0x7E, 0x78, 0x78,
    0x70, 0x60, 0x30, 0x60, 0x00, 0x00, 0x70, 0x70, 0x78, 0xF0, 0x78, 0xF0, 0x70, 0x70, 0xF8, 0x77,
    0xE3, 0xDF, 0x9E, 0x0C, 0xF0, 0x77, 0x83, 0xBC, 0x7D, 0xC7, 0xEE, 0x7E, 0x73, 0xC3, 0x9C, 0x0C,
    0x60, 0x60, 0x00, 0x38, 0x39, 0xE1, 0xEF, 0x0F, 0x70, 0x70, 0xE7, 0x8F, 0x7C, 0xF7, 0xEF, 0x03,
    0xF0, 0x3F, 0x07, 0xE1, 0xFE, 0x3F, 0xE3, 0xEE, 0x3C, 0x63, 0x06, 0x30, 0x00, 0x0E, 0x38, 0xF7,
    0x8F, 0x78, 0xE3, 0x80, 0x7F, 0xE0, 0x7F, 0xF8, 0x0F, 0xFE, 0x0F, 0xFE, 0x0F, 0xFF, 0x0F, 0xFF,
    0x0F, 0xFF, 0x0F, 0xFF, 0x0F, 0xFF, 0x0F, 0xFF, 0x0F, 0xFE, 0x0F, 0xFE, 0x0F, 0xFC, 0x0F, 0xF0,
    0x0F, 0xC0, 0x0C, 0x00, 0x0C, 0x00, 0x0C, 0x00, 0x0D, 0xE0, 0x0D, 0xF0, 0x0D, 0xF0, 0x06, 0x30,
    0x07, 0x70, 0x03, 0xE0, 0x00, 0x80, 0x18, 0x0C, 0x37, 0xDF, 0xE7, 0xE3, 0xFD, 0xFE, 0xF8, 0x0C,
    0x00, 0x6E, 0xDF, 0xBF, 0x7E, 0xDD, 0xB3, 0x66, 0xDD, 0xBB, 0x66, 0xC9, 0x12, 0x00, 0x7D, 0xFF,
    0xBF, 0x7E, 0xFD, 0xFB, 0xFF, 0x7C, 0x71, 0xC7, 0x00, 0x7B, 0xC7, 0x1C, 0x71, 0xCF, 0x80, 0x02,
    0x03, 0x03, 0x81, 0xC1, 0xE1, 0xB1, 0xFE, 0x0C, 0x06, 0x00, 0x3C, 0xFB, 0x87, 0xCF, 0xC3, 0xC3,
    0x0E, 0xF8, 0x0C, 0x79, 0xC7, 0xEF, 0xFD, 0xFB, 0xF7, 0x7C, 0x00, 0xFF, 0xFE, 0xCC, 0x0C, 0x18,
    0x18, 0x30, 0x60, 0x7C, 0xEE, 0xE6, 0xFC, 0x7C, 0xFE, 0xE7, 0xEE, 0x7C, 0x3E, 0x7F, 0x77, 0x7F,
    0x7F, 0x07, 0x0E, 0x3C, 0x70, 0x08, 0x0C, 0x06, 0x03, 0x0F, 0xF8, 0xC0, 0x60, 0x30, 0x18, 0x00,
    0xFF, 0x80, 0x7F, 0x80, 0x00, 0x01, 0xFE, 0x11, 0x99, 0xCE, 0x63, 0x18, 0xC7, 0x38, 0xC7, 0x18,
    0x43, 0x1C, 0x63, 0x8C, 0x63, 0x39, 0xCC, 0x66, 0x70, 0x00, 0x0F, 0xF9, 0xFF, 0x1C, 0xE3, 0x9C,
    0x73, 0x8E, 0x73, 0xFF, 0x7C, 0xFB, 0xBF, 0x7E, 0xFD, 0xFB, 0xF7, 0xFC, 0xF8, 0x39, 0xE3, 0x8E,
    0x38, 0xE3, 0x8E, 0x7C, 0x7C, 0xFE, 0x8E, 0x1E, 0x1C, 0x39, 0x73, 0x7F, 0xFF, 0x7C, 0xF8, 0x71,
    0xE7, 0xE1, 0xC3, 0xEF, 0xF8, 0x02, 0x03, 0x03, 0x83, 0xC1, 0xE1, 0xB1, 0xFE, 0x0E, 0x06, 0x03,
    0x00, 0x1C, 0xF9, 0xE7, 0x8F, 0xCF, 0x87, 0x86, 0x1D, 0xF0, 0x04, 0x39, 0xE3, 0x8F, 0xFF, 0xFB,
    0xF7, 0xFE, 0xF8, 0x7E, 0xFF, 0xFE, 0xC6, 0x0C, 0x18, 0x18, 0x30, 0x30, 0x60, 0x7C, 0xFE, 0xE6,
    0xFE, 0xFC, 0x7E, 0xEE, 0xE6, 0xEE, 0x7C, 0x3E, 0x7F, 0x77, 0x77, 0x7F, 0x3F, 0x0E, 0x1C, 0x78,
    0x60, 0x08, 0x0C, 0x06, 0x03, 0x0F, 0xF8, 0xC0, 0x60, 0x30, 0x18, 0x00, 0xFF, 0x80, 0x7F, 0x80,
    0x00, 0x01, 0xFE, 0x33, 0x99, 0xCC, 0x63, 0x18, 0xC7, 0x38, 0xC7, 0x18, 0xE3, 0x8C, 0x73, 0x8C,
    0x63, 0x39, 0xCC, 0x66, 0x70, 0x7C, 0xFC, 0xDC, 0x7C, 0xFC, 0xFE, 0xFE, 0x7C, 0xEE, 0xFE, 0xE0,
    0xF2, 0xFE, 0x7C, 0x7E, 0xFF, 0xE7, 0xE7, 0xE7, 0xFF, 0x7E, 0xFF, 0x9E, 0xC3, 0xE0, 0xF8, 0x3E,
    0x1B, 0xCF, 0xF8, 0x00, 0x79, 0xFB, 0x70, 0x7F, 0xDB, 0xBE, 0x00, 0x08, 0x0F, 0x01, 0xE0, 0x1C,
    0x03, 0x80, 0x7F, 0x8F, 0xF1, 0xCE, 0x39, 0xC7, 0x38, 0xE7, 0x3F, 0xF0, 0x38, 0x0F, 0x00, 0xE0,
    0x1C, 0x03, 0xBE, 0x77, 0x0F, 0x81, 0xF8, 0x3F, 0x87, 0x79, 0xFF, 0x80, 0x01, 0xE7, 0x8E, 0x38,
    0xE3, 0x8E, 0x38, 0xE3, 0x9F, 0x00, 0x00, 0xFF, 0xF1, 0xFF, 0xE1, 0xDD, 0xC3, 0xBB, 0xC7, 0x77,
    0x8E, 0xEF, 0x3F, 0xFE, 0x00, 0x0F, 0xF9, 0xFF, 0x1C, 0xE3, 0x9C, 0x73, 0x8E, 0x73, 0xFF, 0x00,
    0x0F, 0xE7, 0xFC, 0xE7, 0x39, 0xCE, 0x73, 0x9C, 0xEE, 0x3F, 0x8E, 0x03, 0x81, 0xF0, 0x7C, 0xD9,
    0xF3, 0xEF, 0xDD, 0x9F, 0x00, 0x38, 0x7F, 0x38, 0x38, 0x38, 0x38, 0x3F, 0x3E, 0x00, 0x76, 0x00,
    0x66, 0x03, 0xFE, 0x0F, 0xFF, 0x3E, 0xDF, 0x7D, 0xDB, 0x79, 0xBB, 0xFB, 0xB0, 0xFB, 0x30, 0xF3,
    0x70, 0xF6, 0x60, 0xF6, 0xE0, 0xFE, 0xC0, 0xFD, 0xC0, 0x7D, 0x83, 0x7F, 0x83, 0x3F, 0x07, 0x3F,
    0xFE, 0x37, 0xFC, 0x76, 0x00, 0x6E, 0x00, 0x7F, 0xFC, 0xFF, 0xF1, 0xE0, 0xC7, 0x83, 0x1E, 0x04,
    0x78, 0x01, 0xE1, 0x07, 0x8C, 0x1F, 0xF0, 0x7F, 0xC1, 0xE1, 0x07, 0x80, 0xFF, 0xE1, 0xFF, 0x01,
    0xE0, 0x0F, 0xC0, 0x7F, 0x80, 0x01, 0xF8, 0x0F, 0xE0, 0x79, 0x83, 0xE6, 0x0F, 0x18, 0x3C, 0x00,
    0xF0, 0x1F, 0xFC, 0x3F, 0xC1, 0xFF, 0xC3, 0xFC, 0x07, 0x83, 0x1C, 0x0D, 0xFE, 0x3F, 0xFF, 0xFB,
    0xFE, 0xC3, 0xF0, 0x07, 0x80, 0x00, 0x00, 0x00, 0x30, 0x00, 0x38, 0x01, 0x18, 0x03, 0xBD, 0xC3,
    0xFF, 0xF1, 0xFF, 0xF8, 0x73, 0x9C, 0x39, 0xCE, 0x1C, 0xE7, 0x0E, 0x73, 0x87, 0x39, 0xC3, 0x9C,
    0xE1, 0xCE, 0x71, 0xFF, 0xFC, 0x06, 0x00, 0x03, 0x00, 0x01, 0x80, 0x00, 0xC0, 0x00, 0x7F, 0x03,
    0xF8, 0xFE, 0x03, 0x81, 0xF8, 0x0C, 0x03, 0xF0, 0x30, 0x0F, 0xE0, 0xC0, 0x3F, 0xC3, 0x00, 0xFF,
    0x8C, 0x1F, 0xFF, 0xFE, 0x7F, 0xFF, 0xF0, 0x31, 0xFF, 0x00, 0xC3, 0xFC, 0x07, 0x07, 0xF0, 0x1C,
    0x0F, 0xC0, 0x70, 0x1F, 0x01, 0xC0, 0x7C, 0x0F, 0x80, 0xF0, 0x7F, 0x01, 0xC0, 0x7F, 0xF0, 0x1F,
    0xFE, 0x07, 0x8F, 0x83, 0xC3, 0xC1, 0xE1, 0xE7, 0xFF, 0xFD, 0xFF, 0xFC, 0x3C, 0x3C, 0x1E, 0x1C,
    0x0F, 0x1E, 0x07, 0xFE, 0x03, 0xD0, 0x01, 0xE0, 0x00, 0xF0, 0x00, 0x78, 0x00, 0x7E, 0x00, 0x7F,
    0xC0, 0x00, 0x7F, 0xF8, 0x00, 0x7F, 0xF8, 0x00, 0x78, 0xF8, 0x00, 0xF1, 0xF0, 0x01, 0xE1, 0xE0,
    0x03, 0xC3, 0xC0, 0x07, 0x8F, 0x3F, 0x0F, 0x3C, 0xFF, 0x1F, 0xF1, 0xC6, 0x3F, 0xE3, 0xE0, 0x7B,
    0xE7, 0xE0, 0xF3, 0xE7, 0xF1, 0xE7, 0xE7, 0xE3, 0xC7, 0xE3, 0xC7, 0x87, 0xE3, 0x9F, 0x8F, 0xFF,
    0x7F, 0xC7, 0xFC, 0xFF, 0xFF, 0xFF, 0xDF, 0xBF, 0x39, 0xC3, 0xE7, 0xCC, 0x70, 0xF8, 0xFA, 0x18,
    0x1F, 0x3F, 0x86, 0x07, 0xC7, 0xC3, 0x00, 0xF9, 0xF0, 0xC0, 0x3E, 0x7C, 0x60, 0x7F, 0xFF, 0xFF,
    0x0F, 0xFF, 0xFF, 0xC0, 0x3D, 0xFF, 0x00, 0x0F, 0xFF, 0xC0, 0x01, 0xF3, 0xE0, 0x00, 0x7C, 0xF8,
    0x00, 0x1E, 0x1C, 0x00, 0x03, 0x87, 0x00, 0x00, 0xC0, 0xC0, 0x00, 0xFF, 0xF3, 0xFF, 0xFF, 0x7F,
    0xFF, 0xEF, 0xFF, 0xFD, 0xFF, 0x83, 0xBF, 0xF7, 0x77, 0xFE, 0xEE, 0xFF, 0xDD, 0xDF, 0xFB, 0xBB,
    0xFF, 0x77, 0xFF, 0xEE, 0x1F, 0xFD, 0xFF, 0xEF, 0xBF, 0xFD, 0xF7, 0xFF, 0x3E, 0xFF, 0xC0, 0x00,
    0x20, 0x1F, 0x00, 0xF8, 0x03, 0xC0, 0xFF, 0x83, 0xF0, 0x07, 0x87, 0xFC, 0x7F, 0xE7, 0x8F, 0x3C,
    0x79, 0xE3, 0xCF, 0x1E, 0x78, 0xF3, 0xEF, 0x8F, 0xFE, 0x08, 0x00, 0x00, 0x1F, 0xFC, 0xFF, 0xE0,
    0x00, 0xFF, 0xC0, 0x3F, 0xF8, 0x1E, 0x03, 0x03, 0xC0, 0x60, 0xF0, 0x04, 0x3E, 0x00, 0x07, 0xFF,
    0xC3, 0xFF, 0xF0, 0x3E, 0x00, 0x1F, 0xFF, 0xC1, 0xFF, 0xF0, 0x0F, 0x80, 0x00, 0xF0, 0x06, 0x1F,
    0x01, 0xC1, 0xF0, 0x38, 0x1F, 0xFE, 0x00, 0xFF, 0x80, 0x7F, 0x9F, 0xE3, 0xE0, 0xF8, 0x1E, 0x0E,
    0x01, 0xE1, 0xC0, 0x1E, 0x38, 0x01, 0xE7, 0x00, 0x1E, 0xE0, 0x07, 0xFF, 0xFE, 0x7F, 0xFF, 0xC1,
    0xFF, 0x00, 0x1E, 0xF8, 0x01, 0xE7, 0xC0, 0x1E, 0x7E, 0x01, 0xE3, 0xF0, 0x1E, 0x1F, 0x83, 0xE0,
    0xFC, 0x7F, 0xBF, 0xF0, 0x70, 0x01, 0xDF, 0xFF, 0xF7, 0xFF, 0xFB, 0x87, 0x86, 0xC1, 0xE0, 0x80,
    0x78, 0x80, 0x1E, 0xE0, 0x07, 0xF0, 0x03, 0xF2, 0x03, 0xFF, 0x83, 0xFF, 0xC0, 0x4F, 0xC0, 0x0F,
    0xE0, 0x07, 0xF8, 0x01, 0x1E, 0x00, 0x07, 0x80, 0x03, 0xF0, 0x03, 0xFE, 0x00, 0x7F, 0xF0, 0x1F,
    0xFE, 0x07, 0x8F, 0x83, 0xC3, 0xCF, 0xFF, 0xFB, 0xFF, 0xF8, 0x78, 0x79, 0xFF, 0xFF, 0x7F, 0xFF,
    0x0F, 0x1E, 0x07, 0xFE, 0x03, 0xD0, 0x01, 0xE0, 0x00, 0xF0, 0x00, 0x78, 0x00, 0x7E, 0x00, 0x7F,
    0xC0, 0x00, 0x00, 0x40, 0x03, 0xFF, 0x07, 0xFF, 0xC7, 0xD8, 0xE7, 0xCC, 0x33, 0xC6, 0x1B, 0xE3,
    0x01, 0xF1, 0x80, 0xF0, 0xC0, 0x78, 0x60, 0x3C, 0x3F, 0xFF, 0x1F, 0xEF, 0x8D, 0xE3, 0xC6, 0xF1,
    0xF3, 0x78, 0x7D, 0xBE, 0x1F, 0xFF, 0x03, 0xFC, 0x00, 0x30, 0x00, 0x18, 0x00, 0x04, 0x00, 0x1F,
    0xC0, 0x7F, 0xC0, 0xC3, 0xC1, 0x83, 0xC0, 0x0F, 0x80, 0x3F, 0x1F, 0xFF, 0x1F, 0xFC, 0x1F, 0xE0,
    0xFF, 0xF9, 0xFF, 0xE1, 0xF0, 0x43, 0xC0, 0x87, 0x83, 0x0F, 0x06, 0x0F, 0xF8, 0x0F, 0xE0, 0x00,
    0x60, 0x03, 0xFE, 0x0F, 0xFF, 0x3E, 0xC7, 0x7C, 0xC3, 0x78, 0xC3, 0xF8, 0xC0, 0xF8, 0xC0, 0xF0,
    0xC0, 0xF1, 0xC0, 0xF1, 0x80, 0xF9, 0x80, 0xF9, 0x80, 0x79, 0x83, 0x7D, 0x83, 0x3F, 0x87, 0x1F,
    0xFE, 0x07, 0xFC, 0x03, 0x00, 0x03, 0x00, 0xFF, 0xFE, 0x7F, 0xFC, 0x60, 0x03, 0x70, 0x06, 0x7F,
    0xFE, 0xFF, 0xFE, 0xC3, 0xC6, 0xC3, 0xC6, 0x03, 0xC0, 0x03, 0xC0, 0x03, 0xC0, 0x03, 0xC0, 0x03,
    0xC0, 0x03, 0xC0, 0x03, 0xC0, 0x07, 0xE0, 0x1F, 0xF0, 0x7F, 0xFF, 0xFF, 0xC3, 0xE0, 0x0F, 0x00,
    0x78, 0x7F, 0xFD, 0xFF, 0xC1, 0xE0, 0xFE, 0x03, 0xE0, 0x07, 0x80, 0x3E, 0x00, 0xF8, 0x07, 0xE0,
    0x1F, 0x80, 0x7E, 0x01, 0xF8, 0x07, 0x80, 0x7F, 0x80, 0xFC, 0x01, 0xE0, 0x07, 0x80, 0x1F, 0xE0,
    0xFE, 0x0F, 0xEE, 0x17, 0xF8, 0x7E, 0x09, 0xF8, 0x71, 0xE1, 0xC7, 0x83, 0x1E, 0x0C, 0x78, 0x61,
    0xEF, 0x8F, 0xF8, 0xFF, 0xC0, 0x03, 0xFC, 0x00, 0x1F, 0x00, 0x03, 0xC0, 0x03, 0xFC, 0x00, 0xFF,
    0xC0, 0x3F, 0xFC, 0x0F, 0xBD, 0xC1, 0xE7, 0x98, 0x3C, 0xF3, 0x07, 0x9E, 0x60, 0xF3, 0xCC, 0x1E,
    0x79, 0x83, 0xFF, 0xF0, 0x7F, 0xFE, 0x0F, 0x00, 0xC1, 0xE0, 0x18, 0x7E, 0x03, 0x9F, 0xE1, 0xF8,
    0x7F, 0xF0, 0x7F, 0xF8, 0x78, 0xF8, 0xF0, 0xF1, 0xE1, 0xE3, 0xC3, 0xC7, 0x87, 0x8F, 0x0F, 0x1E,
    0x1E, 0x3C, 0xFB, 0xFF, 0xE3, 0xFE, 0x01, 0xE0, 0x1F, 0xFF, 0x1F, 0xFC, 0x1F, 0x80, 0x7F, 0xC0,
    0x01, 0x00, 0x00, 0x01, 0x80, 0x00, 0x01, 0x80, 0x00, 0x03, 0xC0, 0x00, 0x07, 0xFF, 0xFF, 0xF3,
    0xFF, 0xFF, 0xFC, 0xF0, 0x00, 0x00, 0x3C, 0x00, 0x00, 0x07, 0x00, 0x00, 0x01, 0x80, 0x00, 0x00,
    0x40, 0x00, 0x00, 0x04, 0x01, 0xC0, 0x38, 0x0F, 0x83, 0xF8, 0x7F, 0x9B, 0x36, 0x63, 0x0C, 0x01,
    0x80, 0x30, 0x06, 0x00, 0xC0, 0x18, 0x03, 0x00, 0x60, 0x0C, 0x01, 0x80, 0x30, 0x06, 0x00, 0xC0,
    0x18, 0x03, 0x00, 0x00, 0x00, 0x60, 0x00, 0x00, 0x38, 0x00, 0x00, 0x0E, 0x00, 0x00, 0x03, 0x83,
    0xFF, 0xFF, 0xF3, 0xFF, 0xFF, 0xFC, 0x00, 0x00, 0x7C, 0x00, 0x00, 0x78, 0x00, 0x00, 0x30, 0x00,
    0x00, 0x30, 0x00, 0x04, 0x01, 0x80, 0x30, 0x06, 0x00, 0xC0, 0x18, 0x03, 0x00, 0x60, 0x0C, 0x01,
    0x80, 0x30, 0x06, 0x00, 0xC0, 0x18, 0x03, 0x06, 0x63, 0x6C, 0xCF, 0xF8, 0xFE, 0x0F, 0x80, 0xE0,
    0x1C, 0x03, 0x00, 0x03, 0x00, 0x60, 0x03, 0x80, 0x38, 0x03, 0x80, 0x0E, 0x07, 0xC0, 0x07, 0x87,
    0xFF, 0xFF, 0xF3, 0xFF, 0xFF, 0xFC, 0xF0, 0x00, 0x78, 0x1C, 0x00, 0x78, 0x07, 0x00, 0x70, 0x01,
    0x80, 0x30, 0x00, 0x04, 0x01, 0xC0, 0x78, 0x0F, 0x83, 0xF8, 0xFF, 0xBB, 0x34, 0x62, 0x0C, 0x01,
    0x80, 0x30, 0x06, 0x00, 0xC0, 0x18, 0x03, 0x06, 0x62, 0x7D, 0xCF, 0xF0, 0xFC, 0x0F, 0x80, 0xE0,
    0x18, 0x01, 0x00, 0x60, 0x00, 0x0F, 0xF8, 0x01, 0xFE, 0x00, 0x3C, 0x00, 0x07, 0xC0, 0x00, 0x7C,
    0x00, 0x0D, 0xC0, 0x01, 0x1C, 0x00, 0x21, 0xC0, 0x00, 0x1C, 0x00, 0x01, 0xC0, 0x00, 0x1C, 0x00,
    0x01, 0xC0, 0x00, 0x1C, 0x00, 0x01, 0xC0, 0x00, 0x1C, 0x00, 0x01, 0xC0, 0x00, 0x1C, 0x00, 0x01,
    0x80, 0x00, 0x00, 0x00, 0x00, 0x7C, 0x00, 0xFF, 0x80, 0x07, 0xE0, 0x00, 0x3C, 0x00, 0x0F, 0x80,
    0x03, 0xB0, 0x00, 0xE6, 0x00, 0x38, 0xC0, 0x0E, 0x08, 0x03, 0x80, 0x00, 0xE0, 0x00, 0x38, 0x00,
    0x0E, 0x00, 0x03, 0x80, 0x00, 0xE0, 0x00, 0x38, 0x00, 0x0E, 0x00, 0x03, 0x80, 0x00, 0x00, 0x00,
    0x00, 0x00, 0x00, 0x18, 0x00, 0x03, 0x80, 0x00, 0x38, 0x00, 0x03, 0x80, 0x00, 0x38, 0x00, 0x03,
    0x80, 0x00, 0x38, 0x00, 0x03, 0x80, 0x00, 0x38, 0x00, 0x03, 0x82, 0x00, 0x38, 0x40, 0x03, 0x98,
    0x00, 0x3B, 0x00, 0x03, 0xE0, 0x00, 0x3E, 0x00, 0x1F, 0xC0, 0x0F, 0xF8, 0x00, 0x1F, 0x00, 0x00,
    0x00, 0x00, 0x00, 0x00, 0x00, 0x06, 0x00, 0x00, 0xE0, 0x00, 0x1C, 0x00, 0x03, 0x80, 0x00, 0x70,
    0x00, 0x0E, 0x00, 0x01, 0xC0, 0x00, 0x38, 0x00, 0x07, 0x00, 0x20, 0xE0, 0x02, 0x1C, 0x00, 0x33,
    0x80, 0x03, 0x70, 0x00, 0x3E, 0x00, 0x07, 0xC0, 0x00, 0x7F, 0x00, 0x07, 0xF8, 0x00, 0x78, 0x00,
    0x00, 0x00, 0x00, 0x00, 0x00, 0x30, 0x00, 0x00, 0x18, 0x00, 0x00, 0x1C, 0x00, 0x00, 0x0C, 0x00,
    0x10, 0x0E, 0x00, 0x18, 0x06, 0x00, 0x1C, 0x07, 0x00, 0x1C, 0x03, 0x00, 0x3C, 0x01, 0x80, 0x3F,
    0xFF, 0xFF, 0xDF, 0xFF, 0xFF, 0xC3, 0xC0, 0xE0, 0x00, 0xE0, 0x60, 0x00, 0x38, 0x70, 0x00, 0x04,
    0x30, 0x00, 0x00, 0x38, 0x00, 0x00, 0x18, 0x00, 0x00, 0x0C, 0x00, 0x00, 0x04, 0x00, 0x00, 0x00,
    0x00, 0xC0, 0x00, 0x00, 0xE0, 0x00, 0x00, 0x60, 0x00, 0x00, 0x30, 0x00, 0x00, 0x3C, 0x00, 0x00,
    0x1B, 0x00, 0x00, 0x1C, 0xE0, 0x00, 0x0C, 0x78, 0x00, 0x0E, 0x1E, 0x3F, 0xFF, 0xFF, 0xDF, 0xFF,
    0xFF, 0xC0, 0x03, 0x03, 0x80, 0x01, 0x83, 0x80, 0x01, 0xC3, 0x80, 0x00, 0xC1, 0x00, 0x00, 0xE0,
    0x00, 0x00, 0x60, 0x00, 0x00, 0x70, 0x00, 0x00, 0x30, 0x00, 0x00, 0x03, 0x0C, 0x00, 0x03, 0x8C,
    0x00, 0x03, 0x9E, 0x00, 0x07, 0xFF, 0xFF, 0xE7, 0xFF, 0xFF, 0xFB, 0xFF, 0xFF, 0xF8, 0x7B, 0xC0,
    0x00, 0x1C, 0x70, 0x00, 0x07, 0x18, 0x00, 0x01, 0x86, 0x00, 0x00, 0x04, 0x01, 0xC0, 0x3C, 0x0F,
    0x83, 0xF8, 0xFB, 0x9B, 0x38, 0x70, 0x1F, 0x03, 0xE0, 0xFE, 0x3E, 0xEE, 0xCE, 0x18, 0x03, 0x00,
    0x60, 0x0C, 0x01, 0x80, 0x30, 0x06, 0x00, 0xC0, 0x18, 0x01, 0x00, 0x00, 0x18, 0x60, 0x00, 0x07,
    0x18, 0x00, 0x01, 0xCF, 0x07, 0xFF, 0xFF, 0xE7, 0xFF, 0xFF, 0xFB, 0xFF, 0xFF, 0xF8, 0x00, 0x1E,
    0x70, 0x00, 0x1C, 0x70, 0x00, 0x0C, 0x70, 0x00, 0x0C, 0x30, 0x00, 0x04, 0x01, 0x80, 0x30, 0x06,
    0x00, 0xC0, 0x18, 0x03, 0x00, 0x60, 0x0C, 0x19, 0x8B, 0xB7, 0x3F, 0xC3, 0xF0, 0x3E, 0x03, 0x86,
    0x72, 0x7D, 0xCF, 0xF0, 0xFC, 0x0F, 0x80, 0xE0, 0x18, 0x01, 0x00, 0x01, 0x00, 0x04, 0x06, 0x00,
    0x1C, 0x18, 0x00, 0x70, 0xF0, 0x01, 0xC7, 0xFF, 0xFF, 0x0F, 0xFF, 0xFC, 0x0F, 0x00, 0x1C, 0x0F,
    0x00, 0x1C, 0x07, 0x00, 0x1C, 0x06, 0x00, 0x1C, 0x04, 0x00, 0x10, 0x00, 0x00, 0x60, 0x00, 0x00,
    0x70, 0x00, 0x00, 0x30, 0x00, 0x00, 0x38, 0x00, 0x10, 0x1C, 0x00, 0x18, 0x1F, 0x00, 0x18, 0x0C,
    0xE0, 0x3C, 0x0E, 0x78, 0x3C, 0x06, 0x1E, 0x3F, 0xFF, 0xFF, 0xDF, 0xFF, 0xFF, 0xC3, 0xC1, 0x83,
    0x80, 0x61, 0xC3, 0x80, 0x18, 0xC3, 0x00, 0x04, 0xE1, 0x00, 0x00, 0x60, 0x00, 0x00, 0x70, 0x00,
    0x00, 0x30, 0x00, 0x00, 0x18, 0x00, 0x00, 0x01, 0x00, 0x00, 0x03, 0x00, 0x00, 0x06, 0x00, 0x00,
    0x0F, 0xFF, 0xFF, 0x3F, 0xFF, 0xFE, 0x78, 0x00, 0x00, 0x7C, 0x00, 0x00, 0x3F, 0xFF, 0xFE, 0x0F,
    0xFF, 0xFC, 0x07, 0x00, 0x00, 0x03, 0x00, 0x00, 0x00, 0x00, 0x00, 0x04, 0x01, 0xC0, 0x38, 0x0F,
    0x83, 0xF8, 0xE7, 0x9C, 0xFF, 0x99, 0x33, 0x06, 0x60, 0xCC, 0x19, 0x83, 0x30, 0x66, 0x0C, 0xC1,
    0x98, 0x33, 0x06, 0x60, 0xCC, 0x19, 0x83, 0x30, 0x66, 0x0C, 0xC0, 0x00, 0x00, 0xC0, 0x00, 0x00,
    0xE0, 0x3F, 0xFF, 0xF0, 0x7F, 0xFF, 0xF8, 0x7F, 0xFF, 0xFE, 0x00, 0x00, 0x1F, 0x00, 0x00, 0x3E,
    0x7F, 0xFF, 0xF8, 0x7F, 0xFF, 0xF0, 0x00, 0x00, 0xC0, 0x00, 0x00, 0x80, 0x11, 0x06, 0x60, 0xCC,
    0x19, 0x83, 0x30, 0x66, 0x0C, 0xC1, 0x98, 0x33, 0x06, 0x60, 0xCC, 0x19, 0x83, 0x30, 0x66, 0x0C,
    0xC7, 0x9B, 0xF3, 0xCE, 0x70, 0xFC, 0x0F, 0x81, 0xE0, 0x1C, 0x01, 0x00, 0x01, 0x00, 0x00, 0x01,
    0x80, 0x00, 0x01, 0xC0, 0x00, 0x03, 0xFF, 0xFF, 0xE3, 0xFF, 0xFF, 0xE3, 0xFF, 0xFF, 0xF9, 0xFF,
    0xFF, 0xF8, 0x38, 0x00, 0x00, 0x0F, 0xFF, 0xFF, 0x01, 0xFF, 0xFF, 0x00, 0x40, 0x00, 0x00, 0x00,
    0x00, 0x60, 0x00, 0x00, 0x38, 0x1F, 0xFF, 0xFE, 0x07, 0xFF, 0xFF, 0xC7, 0xFF, 0xFF, 0xF3, 0xFF,
    0xFF, 0xF8, 0x00, 0x00, 0x78, 0xFF, 0xFF, 0xF0, 0x7F, 0xFF, 0xF0, 0x00, 0x00, 0x30, 0x00, 0x00,
    0x00, 0x00, 0x7C, 0x03, 0xF0, 0x07, 0x80, 0x3C, 0x03, 0xE0, 0x1E, 0x01, 0xE1, 0xFF, 0x3F, 0xF7,
    0x8F, 0x78, 0xFF, 0x0F, 0xF0, 0xFF, 0x0F, 0xF8, 0xF7, 0x8E, 0x7D, 0xC1, 0xF8, 0x00, 0x00, 0x00,
    0x00, 0x00, 0x38, 0x07, 0xF0, 0x1F, 0xF8, 0x3E, 0x7C, 0x78, 0x6E, 0x70, 0xE7, 0xE0, 0xC7, 0xE1,
    0xC7, 0xC1, 0x83, 0xC3, 0x83, 0xC3, 0x07, 0xE7, 0x07, 0xE6, 0x0E, 0x76, 0x1E, 0x7E, 0x7C, 0x3F,
    0xF8, 0x1F, 0xE0, 0x18, 0x00, 0x18, 0x00, 0x00, 0xC0, 0x07, 0x80, 0x0F, 0x80, 0x3F, 0x00, 0x7E,
    0x01, 0xFE, 0x03, 0x3C, 0x06, 0x78, 0x18, 0xF8, 0x30, 0xF0, 0xE1, 0xE1, 0x83, 0xE7, 0x03, 0xCC,
    0x07, 0x98, 0x0F, 0xFF, 0xFF, 0xFF, 0xFE, 0xFF, 0xFF, 0xFF, 0xFF, 0xE0, 0x37, 0xC0, 0x67, 0x81,
    0xCF, 0x83, 0x0F, 0x0E, 0x1E, 0x18, 0x3E, 0x30, 0x3C, 0xC0, 0x79, 0x80, 0xFF, 0x00, 0xFC, 0x01,
    0xF8, 0x03, 0xE0, 0x03, 0xC0, 0x06, 0x00, 0x7F, 0xFF, 0xF7, 0xFF, 0xFF, 0x3E, 0x07, 0xC3, 0xE0,
    0x3C, 0x3E, 0x03, 0xC3, 0xE0, 0x3C, 0x3E, 0x03, 0xC3, 0xE0, 0x3C, 0x3E, 0x03, 0xC3, 0xE0, 0x3C,
    0x3E, 0x03, 0xC3, 0xE0, 0x3C, 0x3E, 0x03, 0xC3, 0xE0, 0x3C, 0x3E, 0x03, 0xC3, 0xE0, 0x7E, 0x7F,
    0x8F, 0xF0, 0x00, 0x00, 0x7F, 0x8F, 0xF7, 0xF8, 0xFF, 0x3E, 0x07, 0xC1, 0xE0, 0x3C, 0x1E, 0x03,
    0xC1, 0xE0, 0x3C, 0x1E, 0x03, 0xC1, 0xE0, 0x3C, 0x1E, 0x03, 0xC1, 0xE0, 0x3C, 0x1E, 0x03, 0xC1,
    0xE0, 0x3C, 0x1E, 0x03, 0xC1, 0xE0, 0x3C, 0x1E, 0x03, 0xC3, 0xFF, 0xFE, 0x7F, 0xFF, 0xF6, 0x00,
    0x03, 0x00, 0x08, 0xFF, 0xF9, 0xF8, 0x71, 0xF0, 0x61, 0xF0, 0x41, 0xF0, 0x03, 0xF0, 0x03, 0xE0,
    0x03, 0xE0, 0x03, 0xC0, 0x07, 0x00, 0x1C, 0x00, 0x78, 0x00, 0xE0, 0xC3, 0x83, 0x8F, 0xFE, 0x3F,
    0xFC, 0xFF, 0xF9, 0xFF, 0xE0, 0x00, 0x00, 0x7F, 0xFE, 0xFF, 0xF8, 0x7F, 0xFC, 0xFF, 0xF8, 0x04,
    0x00, 0x1C, 0x00, 0x38, 0x00, 0x70, 0x00, 0xE0, 0x01, 0xC0, 0x7F, 0xFC, 0xFF, 0xF8, 0x0E, 0x00,
    0x1C, 0x00, 0x38, 0x00, 0x70, 0x00, 0xC0, 0x00, 0x00, 0xC0, 0x70, 0x18, 0x06, 0x03, 0x80, 0xC0,
    0x70, 0x18, 0x0E, 0x03, 0x01, 0xC0, 0x60, 0x18, 0x0C, 0x03, 0x01, 0xC0, 0x60, 0x38, 0x0C, 0x00,
    0xC0, 0x38, 0x06, 0x01, 0xC0, 0x30, 0x0C, 0x03, 0x80, 0x60, 0x1C, 0x03, 0x00, 0xE0, 0x18, 0x07,
    0x00, 0xC0, 0x38, 0x06, 0x01, 0x80, 0x70, 0x0C, 0x03, 0xDE, 0xF7, 0x80, 0x00, 0x1F, 0x00, 0x1F,
    0x00, 0x3F, 0x00, 0x3F, 0x00, 0x30, 0x00, 0x30, 0x7C, 0x70, 0x7C, 0x60, 0x7C, 0x60, 0x3C, 0x60,
    0x3E, 0x60, 0x3E, 0xC0, 0x1E, 0xC0, 0x1E, 0xC0, 0x1F, 0xC0, 0x0F, 0x80, 0x0F, 0x80, 0x07, 0x80,
    0x07, 0x80, 0x07, 0x00, 0x02, 0x00, 0x0F, 0x03, 0xC3, 0xFC, 0xFE, 0x3F, 0xEF, 0xF7, 0x3F, 0xC7,
    0x61, 0xF8, 0x34, 0x0F, 0x83, 0x40, 0xF8, 0x36, 0x0F, 0xC3, 0x7F, 0xFF, 0xF3, 0xF9, 0xFE, 0x1F,
    0x0F, 0xC0, 0x7F, 0xFF, 0xFF, 0xFF, 0xFF, 0xFF, 0xFF, 0xFF, 0xFF, 0xF0, 0x0E, 0x01, 0xC0, 0x38,
    0x07, 0x00, 0xEC, 0x1D, 0x83, 0xF0, 0x7C, 0x0F, 0x81, 0xE0, 0x3C, 0x07, 0x00, 0xE0, 0x3C, 0x07,
    0x80, 0xF0, 0x3E, 0x07, 0xC1, 0xF8, 0x37, 0x0E, 0xE0, 0x1C, 0x03, 0x80, 0x70, 0x0E, 0x00, 0x00,
    0x67, 0xDF, 0xBF, 0x7E, 0xFD, 0xFB, 0xF7, 0xEF, 0xDF, 0xBF, 0x7E, 0xFD, 0xFB, 0xF7, 0xEF, 0xDF,
    0xBF, 0x7E, 0xFD, 0xFB, 0xF7, 0xEF, 0x10, 0x1D, 0xC0, 0xEE, 0x07, 0x70, 0x3B, 0x81, 0xDD, 0x8E,
    0xFC, 0x77, 0xC3, 0xBC, 0x1D, 0xE0, 0xEE, 0x07, 0xF0, 0x3F, 0x81, 0xFC, 0x0F, 0xE0, 0x77, 0x07,
    0xB8, 0x7D, 0xC3, 0xEE, 0x3F, 0x70, 0x3B, 0x81, 0xDC, 0x0E, 0xE0, 0x77, 0x03, 0xB8, 0x1D, 0xC0,
    0x00, 0x00, 0x00, 0x7E, 0x01, 0xDC, 0x03, 0x98, 0x0F, 0x30, 0x1E, 0x00, 0x3C, 0x00, 0x78, 0x01,
    0xF0, 0x03, 0xC0, 0x07, 0x80, 0x0F, 0x00, 0x1E, 0x00, 0x3C, 0x00, 0x78, 0x00, 0xF0, 0x01, 0xE0,
    0x03, 0xC0, 0x07, 0x80, 0x0E, 0x03, 0x3C, 0x07, 0x70, 0x0F, 0xC0, 0x02, 0x00, 0x00, 0x07, 0xBD,
    0xEF, 0x00, 0x00, 0xF7, 0xBD, 0xE0, 0x3E, 0x1B, 0xFF, 0xDF, 0xFC, 0x83, 0xC0, 0x00, 0x70, 0x03,
    0x00, 0x38, 0x01, 0x80, 0x1C, 0x1F, 0xCD, 0xFF, 0xEF, 0xFE, 0x47, 0xE0, 0x70, 0x03, 0x00, 0x38,
    0x03, 0x80, 0x18, 0x00, 0x1E, 0x1B, 0xFF, 0xDF, 0xFC, 0xC7, 0xE1, 0xC4, 0x9F, 0xDD, 0xFF, 0xEC,
    0x7E, 0x00, 0xC0, 0x00, 0x00, 0x01, 0x80, 0x0E, 0x00, 0x30, 0xFF, 0xFF, 0xFF, 0xF0, 0x38, 0x00,
    0xC0, 0x07, 0x03, 0xFF, 0xFF, 0xFF, 0x87, 0x00, 0x18, 0x00, 0xE0, 0x03, 0x00, 0x00, 0x00, 0x08,
    0x01, 0xE0, 0x1F, 0x03, 0xF0, 0x3F, 0x01, 0xE0, 0x0F, 0x80, 0x0F, 0x80, 0x0F, 0x80, 0x0F, 0xC0,
    0x07, 0x80, 0x06, 0xFF, 0xFB, 0xFF, 0xE0, 0x40, 0x01, 0xE0, 0x03, 0xE0, 0x03, 0xE0, 0x03, 0xF0,
    0x01, 0xE0, 0x07, 0xC0, 0x7C, 0x07, 0xC0, 0xFC, 0x07, 0x80, 0x18, 0x00, 0x7F, 0xFD, 0xFF, 0xF0,
    0x00, 0x18, 0x30, 0x07, 0x8F, 0x01, 0xF3, 0xE0, 0x78, 0xF8, 0x1E, 0x3E, 0x07, 0x8F, 0x80, 0x78,
    0xF0, 0x03, 0xE7, 0xC0, 0x0F, 0x9F, 0x00, 0x3E, 0x7C, 0x00, 0xF9, 0xF0, 0x03, 0x83, 0x00, 0x00,
    0x00, 0x60, 0xC0, 0x07, 0x8F, 0x00, 0x3E, 0x7C, 0x00, 0xF9, 0xF0, 0x03, 0xE3, 0xC0, 0x0F, 0x8F,
    0x00, 0x78, 0xF0, 0x1F, 0x3E, 0x07, 0xCF, 0x81, 0xF3, 0xE0, 0x78, 0xF8, 0x06, 0x0E, 0x00, 0x00,
    0x00, 0x00, 0x00, 0x60, 0x07, 0x00, 0x3E, 0x01, 0xF0, 0x1F, 0x03, 0xC0, 0x7E, 0x0F, 0x60, 0x7F,
    0x01, 0xF0, 0x03, 0xE0, 0x1F, 0xC0, 0xCF, 0x8E, 0x1C, 0x60, 0x07, 0x00, 0x00, 0x00, 0x00, 0x60,
    0x07, 0x10, 0x30, 0xF1, 0x83, 0xFC, 0x07, 0xC0, 0x0F, 0x80, 0x7F, 0x07, 0x78, 0x3F, 0x81, 0xF0,
    0x3E, 0x07, 0xC0, 0x3E, 0x01, 0x60, 0x07, 0x00, 0x00, 0x00, 0x07, 0xBD, 0xEF, 0x00, 0x00, 0x01,
    0xEF, 0x7B, 0xDE, 0xF7, 0xBD, 0xEF, 0x7B, 0xC0, 0x00, 0x07, 0xE0, 0x7F, 0xFF, 0x0F, 0xFC, 0x71,
    0xC3, 0x80, 0x3C, 0x38, 0x03, 0xC7, 0x80, 0x3C, 0x78, 0x0F, 0xFF, 0xF8, 0x7F, 0xFF, 0x03, 0xC7,
    0x80, 0x3C, 0x78, 0x03, 0xC7, 0x80, 0x3C, 0x78, 0x03, 0xC7, 0x80, 0x3C, 0x78, 0x03, 0xC7, 0x80,
    0x7C, 0x7C, 0x0F, 0xFF, 0xE0, 0x07, 0xF0, 0x1F, 0xF0, 0x71, 0xE1, 0xE1, 0x83, 0xC0, 0x07, 0x80,
    0x0F, 0x06, 0x7F, 0xFC, 0x7F, 0xF8, 0x78, 0xF0, 0xF1, 0xE1, 0xE3, 0xC3, 0xC7, 0x87, 0x8F, 0x0F,
    0x1E, 0x1E, 0x3C, 0x7C, 0x7D, 0xFF, 0xFC, 0x07, 0xF8, 0x1F, 0xF0, 0x71, 0xE1, 0xE3, 0xC3, 0xC7,
    0x87, 0x8F, 0x0F, 0x1E, 0x7F, 0xFC, 0x7F, 0xF8, 0x78, 0xF0, 0xF1, 0xE1, 0xE3, 0xC3, 0xC7, 0x87,
    0x8F, 0x0F, 0x1E, 0x1E, 0x3C, 0x7C, 0x79, 0xFF, 0xFC, 0x00, 0x07, 0xF0, 0x0F, 0xFF, 0xE0, 0x3F,
    0xF1, 0xC0, 0xE1, 0xE1, 0x83, 0xC3, 0x80, 0x07, 0x8F, 0x00, 0x0F, 0x1F, 0x06, 0x7F, 0xFF, 0xFC,
    0x7F, 0xFF, 0xF8, 0x78, 0xF0, 0xF0, 0xF1, 0xE1, 0xE1, 0xE3, 0xC3, 0xC3, 0xC7, 0x87, 0x87, 0x8F,
    0x0F, 0x0F, 0x1E, 0x1E, 0x1E, 0x3C, 0x3C, 0x7C, 0x7C, 0xF9, 0xFF, 0xFF, 0xF8, 0x00, 0x07, 0xF8,
    0x0F, 0xFF, 0xF0, 0x3F, 0xF1, 0xE0, 0xE1, 0xE3, 0xC3, 0xC3, 0x87, 0x87, 0x8F, 0x0F, 0x0F, 0x1E,
    0x1E, 0x7F, 0xFF, 0xFC, 0x7F, 0xFF, 0xF8, 0x78, 0xF0, 0xF0, 0xF1, 0xE1, 0xE1, 0xE3, 0xC3, 0xC3,
    0xC7, 0x87, 0x87, 0x8F, 0x0F, 0x0F, 0x1E, 0x1E, 0x1E, 0x3C, 0x3C, 0x7C, 0x7C, 0x79, 0xFF, 0xFD,
    0xFC, 0x07, 0xF0, 0x07, 0xFC, 0x07, 0x1E, 0x07, 0x8F, 0x03, 0xC7, 0x81, 0xE3, 0xC0, 0xF1, 0xE1,
    0xF9, 0xFF, 0x7C, 0x7F, 0x1E, 0x3C, 0x0F, 0x1E, 0x07, 0x8F, 0x03, 0xC7, 0x81, 0xE3, 0xC0, 0xF1,
    0xE0, 0x78, 0xF8, 0x7C, 0x3F, 0xFF, 0x9F, 0x80, 0x03, 0xF8, 0x03, 0xFF, 0x00, 0xC1, 0xC0, 0x60,
    0x70, 0x08, 0x1C, 0x03, 0x8F, 0x03, 0xF7, 0xFD, 0xCC, 0xFE, 0x79, 0x3C, 0x1F, 0x0F, 0x07, 0xE3,
    0xC0, 0xFC, 0xF0, 0x1F, 0x3C, 0x31, 0xCF, 0x0E, 0x73, 0xE3, 0xFC, 0x7F, 0x7E, 0x1F, 0x80, 0x00,
    0x60, 0x00, 0x0F, 0x00, 0x01, 0xF8, 0x00, 0x3F, 0xC0, 0x07, 0x0E, 0x00, 0xFF, 0x70, 0x1F, 0xFF,
    0x83, 0xFF, 0xFC, 0x7F, 0xF3, 0xEF, 0xFC, 0x7F, 0xFF, 0x8F, 0xF7, 0xFB, 0xFE, 0x3F, 0xFF, 0xC1,
    0xFF, 0xF8, 0x0F, 0xBF, 0x00, 0x79, 0xE0, 0x03, 0xBC, 0x00, 0x1F, 0x80, 0x00, 0xF0, 0x00, 0x06,
    0x00,
};

static const EpdGlyph ebgaramond_12_boldGlyphs[] = {
    { 0, 0, 0, 0, 0, 0, 0 }, // U+0000
    { 0, 0, 95, 0, 0, 0, 0 }, // U+000D
    { 0, 0, 95, 0, 0, 0, 0 }, // U+0020
    { 4, 17, 116, 2, 17, 9, 0 }, // !
    { 7, 7, 159, 2, 17, 7, 9 }, // "
    { 12, 17, 194, 1, 14, 26, 16 }, // #
    { 11, 21, 184, 0, 18, 29, 42 }, // $
    { 16, 17, 281, 1, 17, 34, 71 }, // %
    { 20, 16, 320, 1, 16, 40, 105 }, // &
    { 3, 7, 95, 2, 17, 3, 145 }, // '
    { 7, 24, 122, 1, 18, 21, 148 }, // (
    { 8, 24, 122, 0, 18, 24, 169 }, // )
    { 9, 9, 143, 0, 18, 11, 193 }, // *
    { 14, 13, 240, 1, 13, 23, 204 }, // +
    { 5, 7, 99, 0, 3, 5, 227 }, // ,
    { 7, 3, 126, 1, 7, 3, 232 }, // -
    { 4, 4, 99, 1, 4, 2, 235 }, // .
    { 10, 19, 162, 0, 17, 24, 237 }, // /
    { 12, 16, 212, 1, 16, 24, 261 }, // 0
    { 10, 17, 212, 2, 17, 22, 285 }, // 1
    { 13, 16, 212, 1, 16, 26, 307 }, // 2
    { 10, 18, 212, 1, 16, 23, 333 }, // 3
    { 14, 17, 212, 0, 17, 30, 356 }, // 4
    { 11, 18, 212, 1, 17, 25, 386 }, // 5
    { 11, 17, 212, 2, 17, 24, 411 }, // 6
    { 13, 17, 212, 1, 17, 28, 435 }, // 7
    { 11, 16, 212, 1, 16, 22, 463 }, // 8
    { 13, 18, 212, 1, 16, 30, 485 }, // 9
    { 4, 11, 113, 1, 11, 6, 515 }, // :
    { 5, 15, 99, 0, 10, 10, 521 }, // ;
    { 12, 13, 216, 1, 12, 20, 531 }, // <
    { 14, 7, 252, 1, 10, 13, 551 }, // =
    { 12, 13, 216, 1, 13, 20, 564 }, // >
    { 8, 17, 158, 1, 17, 17, 584 }, // ?
    { 18, 18, 312, 1, 13, 41, 601 }, // @
    { 20, 18, 288, -1, 18, 45, 642 }, // A
    { 15, 17, 250, 0, 17, 32, 687 }, // B
    { 16, 17, 284, 1, 17, 34, 719 }, // C
    { 19, 17, 306, 0, 17, 41, 753 }, // D
    { 14, 17, 230, 0, 17, 30, 794 }, // E
    { 14, 17, 218, 0, 17, 30, 824 }, // F
    { 17, 17, 288, 1, 17, 37, 854 }, // G
    { 20, 17, 320, -1, 17, 43, 891 }, // H
    { 9, 17, 146, 0, 17, 20, 934 }, // I
    { 11, 23, 148, -2, 17, 32, 954 }, // J
    { 20, 17, 305, 0, 17, 43, 986 }, // K
    { 15, 17, 234, 0, 17, 32, 1029 }, // L
    { 23, 18, 367, 0, 17, 52, 1061 }, // M
    { 20, 17, 324, 0, 17, 43, 1113 }, // N
    { 17, 17, 304, 1, 17, 37, 1156 }, // O
    { 15, 17, 243, 0, 17, 32, 1193 }, // P
    { 21, 24, 304, 1, 17, 63, 1225 }, // Q
    { 20, 17, 304, 0, 17, 43, 1288 }, // R
    { 12, 17, 198, 0, 17, 26, 1331 }, // S
    { 18, 18, 278, 0, 18, 41, 1357 }, // T
    { 19, 17, 298, 0, 17, 41, 1398 }, // U
    { 18, 17, 282, 0, 17, 39, 1439 }, // V
    { 26, 17, 408, 0, 17, 56, 1478 }, // W
    { 20, 17, 300, -1, 17, 43, 1534 }, // X
    { 18, 17, 262, -1, 17, 39, 1577 }, // Y
    { 16, 18, 238, 0, 18, 36, 1616 }, // Z
    { 7, 23, 142, 3, 18, 21, 1652 }, // [
    { 10, 19, 162, 0, 17, 24, 1673 }, // <backslash>
    { 7, 23, 142, 0, 18, 21, 1697 }, // ]
    { 13, 10, 206, 0, 16, 17, 1718 }, // ^
    { 15, 2, 236, 0, -3, 4, 1735 }, // _
    { 6, 5, 95, 0, 17, 4, 1739 }, // `
    { 11, 11, 175, 1, 11, 16, 1743 }, // a
    { 14, 18, 217, 0, 18, 32, 1759 }, // b
    { 10, 11, 164, 1, 11, 14, 1791 }, // c
    { 14, 19, 221, 1, 18, 34, 1805 }, // d
    { 10, 11, 167, 1, 11, 14, 1839 }, // e
    { 12, 18, 144, 0, 18, 27, 1853 }, // f
    { 13, 19, 200, 1, 11, 31, 1880 }, // g
    { 14, 18, 224, 0, 18, 32, 1911 }, // h
    { 8, 17, 118, 0, 17, 17, 1943 }, // i
    { 7, 25, 106, -2, 17, 22, 1960 }, // j
    { 15, 18, 218, 0, 18, 34, 1982 }, // k
    { 7, 18, 114, 0, 18, 16, 2016 }, // l
    { 20, 11, 323, 0, 11, 28, 2032 }, // m
    { 14, 11, 226, 0, 11, 20, 2060 }, // n
    { 12, 11, 201, 1, 11, 17, 2080 }, // o
    { 14, 18, 220, 0, 11, 32, 2097 }, // p
    { 14, 19, 214, 1, 11, 34, 2129 }, // q
    { 10, 11, 166, 0, 11, 14, 2163 }, // r
    { 8, 11, 144, 0, 11, 11, 2177 }, // s
    { 10, 14, 150, 0, 14, 18, 2188 }, // t
    { 14, 11, 220, 0, 11, 20, 2206 }, // u
    { 13, 11, 193, -1, 11, 18, 2226 }, // v
    { 20, 11, 301, -1, 11, 28, 2244 }, // w
    { 14, 12, 202, 0, 11, 21, 2272 }, // x
    { 13, 19, 192, 0, 11, 31, 2293 }, // y
    { 11, 11, 175, 0, 11, 16, 2324 }, // z
    { 10, 22, 149, 0, 18, 28, 2340 }, // {
    { 3, 26, 110, 2, 18, 10, 2368 }, // |
    { 10, 22, 149, -1, 18, 28, 2378 }, // }
    { 12, 4, 218, 1, 10, 6, 2406 }, // ~
    { 0, 0, 95, 0, 0, 0, 2412 }, // U+00A0
    { 4, 17, 116, 2, 13, 9, 2412 }, // U+00A1
    { 11, 17, 174, 1, 14, 24, 2421 }, // U+00A2
    { 14, 18, 227, 0, 17, 32, 2445 }, // U+00A3
    { 12, 11, 204, 0, 12, 17, 2477 }, // U+00A4
    { 18, 17, 261, 0, 17, 39, 2494 }, // U+00A5
    { 3, 26, 111, 2, 18, 10, 2533 }, // U+00A6
    { 10, 20, 177, 1, 17, 25, 2543 }, // U+00A7
    { 9, 4, 142, 1, 17, 5, 2568 }, // U+00A8
    { 16, 16, 272, 0, 16, 32, 2573 }, // U+00A9
    { 9, 11, 140, 0, 14, 13, 2605 }, // U+00AA
    { 13, 11, 233, 1, 11, 18, 2618 }, // U+00AB
    { 14, 9, 248, 0, 10, 16, 2636 }, // U+00AC
    { 7, 3, 126, 1, 7, 3, 2652 }, // U+00AD
    { 16, 16, 274, 0, 16, 32, 2655 }, // U+00AE
    { 8, 3, 142, 1, 16, 3, 2687 }, // U+00AF
    { 8, 8, 139, 1, 17, 8, 2690 }, // U+00B0
    { 15, 16, 240, 0, 16, 30, 2698 }, // U+00B1
    { 8, 8, 136, 0, 19, 8, 2728 }, // U+00B2
    { 7, 8, 118, 0, 19, 7, 2736 }, // U+00B3
    { 6, 5, 95, 0, 17, 4, 2743 }, // U+00B4
    { 13, 19, 224, 1, 11, 31, 2747 }, // U+00B5
    { 15, 25, 251, 0, 17, 47, 2778 }, // U+00B6
    { 4, 4, 102, 1, 7, 2, 2825 }, // U+00B7
    { 5, 7, 110, 1, 0, 5, 2827 }, // U+00B8
    { 6, 8, 100, 0, 19, 6, 2832 }, // U+00B9
    { 9, 10, 131, 0, 14, 12, 2838 }, // U+00BA
    { 13, 11, 233, 1, 11, 18, 2850 }, // U+00BB
    { 16, 19, 258, 0, 17, 38, 2868 }, // U+00BC
    { 18, 17, 288, 0, 17, 39, 2906 }, // U+00BD
    { 16, 19, 264, 0, 17, 38, 2945 }, // U+00BE
    { 7, 17, 158, 1, 12, 15, 2983 }, // U+00BF
    { 20, 22, 288, -1, 22, 55, 2998 }, // U+00C0
    { 20, 22, 288, -1, 22, 55, 3053 }, // U+00C1
    { 20, 22, 288, -1, 22, 55, 3108 }, // U+00C2
    { 20, 22, 288, -1, 22, 55, 3163 }, // U+00C3
    { 19, 21, 288, -1, 21, 50, 3218 }, // U+00C4
    { 19, 22, 288, 0, 22, 53, 3268 }, // U+00C5
    { 23, 17, 364, 0, 17, 49, 3321 }, // U+00C6
    { 16, 25, 284, 1, 17, 50, 3370 }, // U+00C7
    { 14, 22, 230, 0, 22, 39, 3420 }, // U+00C8
    { 14, 22, 230, 0, 22, 39, 3459 }, // U+00C9
    { 14, 22, 230, 0, 22, 39, 3498 }, // U+00CA
    { 14, 21, 230, 0, 21, 37, 3537 }, // U+00CB
    { 9, 22, 146, 0, 22, 25, 3574 }, // U+00CC
    { 9, 22, 146, 0, 22, 25, 3599 }, // U+00CD
    { 9, 22, 146, 0, 22, 25, 3624 }, // U+00CE
    { 9, 21, 146, 1, 21, 24, 3649 }, // U+00CF
    { 19, 17, 306, 0, 17, 41, 3673 }, // U+00D0
    { 20, 22, 324, 0, 22, 55, 3714 }, // U+00D1
    { 17, 22, 304, 1, 22, 47, 3769 }, // U+00D2
    { 17, 22, 304, 1, 22, 47, 3816 }, // U+00D3
    { 17, 22, 304, 1, 22, 47, 3863 }, // U+00D4
    { 17, 22, 304, 1, 22, 47, 3910 }, // U+00D5
    { 17, 22, 304, 1, 22, 47, 3957 }, // U+00D6
    { 11, 10, 216, 1, 11, 14, 4004 }, // U+00D7
    { 18, 18, 305, 1, 18, 41, 4018 }, // U+00D8
    { 19, 22, 298, 0, 22, 53, 4059 }, // U+00D9
    { 19, 22, 298, 0, 22, 53, 4112 }, // U+00DA
    { 19, 22, 298, 0, 22, 53, 4165 }, // U+00DB
    { 19, 22, 298, 0, 22, 53, 4218 }, // U+00DC
    { 18, 22, 262, -1, 22, 50, 4271 }, // U+00DD
    { 15, 17, 236, 0, 17, 32, 4321 }, // U+00DE
    { 14, 18, 232, 0, 18, 32, 4353 }, // U+00DF
    { 11, 17, 175, 1, 17, 24, 4385 }, // U+00E0
    { 11, 17, 175, 1, 17, 24, 4409 }, // U+00E1
    { 11, 17, 175, 1, 17, 24, 4433 }, // U+00E2
    { 11, 17, 175, 1, 17, 24, 4457 }, // U+00E3
    { 11, 17, 175, 1, 17, 24, 4481 }, // U+00E4
    { 11, 17, 175, 1, 17, 24, 4505 }, // U+00E5
    { 14, 11, 249, 1, 11, 20, 4529 }, // U+00E6
    { 10, 18, 164, 1, 11, 23, 4549 }, // U+00E7
    { 10, 17, 167, 1, 17, 22, 4572 }, // U+00E8
    { 10, 17, 167, 1, 17, 22, 4594 }, // U+00E9
    { 10, 17, 167, 1, 17, 22, 4616 }, // U+00EA
    { 10, 17, 167, 1, 17, 22, 4638 }, // U+00EB
    { 8, 17, 118, 0, 17, 17, 4660 }, // U+00EC
    { 8, 17, 118, 0, 17, 17, 4677 }, // U+00ED
    { 8, 17, 118, 0, 17, 17, 4694 }, // U+00EE
    { 9, 17, 118, -1, 17, 20, 4711 }, // U+00EF
    { 12, 18, 206, 1, 18, 27, 4731 }, // U+00F0
    { 14, 16, 226, 0, 16, 28, 4758 }, // U+00F1
    { 12, 17, 201, 1, 17, 26, 4786 }, // U+00F2
    { 12, 17, 201, 1, 17, 26, 4812 }, // U+00F3
    { 12, 17, 201, 1, 17, 26, 4838 }, // U+00F4
    { 12, 17, 201, 1, 17, 26, 4864 }, // U+00F5
    { 12, 17, 201, 1, 17, 26, 4890 }, // U+00F6
    { 14, 11, 240, 1, 13, 20, 4916 }, // U+00F7
    { 12, 11, 200, 1, 11, 17, 4936 }, // U+00F8
    { 14, 17, 220, 0, 17, 30, 4953 }, // U+00F9
    { 14, 17, 220, 0, 17, 30, 4983 }, // U+00FA
    { 14, 17, 220, 0, 17, 30, 5013 }, // U+00FB
    { 14, 17, 220, 0, 17, 30, 5043 }, // U+00FC
    { 13, 25, 192, 0, 17, 41, 5073 }, // U+00FD
    { 14, 25, 219, 0, 18, 44, 5114 }, // U+00FE
    { 13, 25, 192, 0, 17, 41, 5158 }, // U+00FF
    { 19, 21, 288, -1, 21, 50, 5199 }, // U+0100
    { 11, 16, 175, 1, 16, 22, 5249 }, // U+0101
    { 19, 22, 288, 0, 22, 53, 5271 }, // U+0102
    { 11, 16, 175, 1, 16, 22, 5324 }, // U+0103
    { 20, 26, 288, -1, 18, 65, 5346 }, // U+0104
    { 11, 19, 175, 1, 11, 27, 5411 }, // U+0105
    { 16, 22, 284, 1, 22, 44, 5438 }, // U+0106
    { 10, 17, 164, 1, 17, 22, 5482 }, // U+0107
    { 16, 22, 284, 1, 22, 44, 5504 }, // U+0108
    { 10, 17, 164, 1, 17, 22, 5548 }, // U+0109
    { 16, 22, 284, 1, 22, 44, 5570 }, // U+010A
    { 10, 17, 164, 1, 17, 22, 5614 }, // U+010B
    { 16, 22, 284, 1, 22, 44, 5636 }, // U+010C
    { 10, 17, 164, 1, 17, 22, 5680 }, // U+010D
    { 19, 22, 306, 0, 22, 53, 5702 }, // U+010E
    { 16, 19, 231, 1, 18, 38, 5755 }, // U+010F
    { 19, 17, 306, 0, 17, 41, 5793 }, // U+0110
    { 14, 19, 221, 1, 19, 34, 5834 }, // U+0111
    { 14, 21, 230, 0, 21, 37, 5868 }, // U+0112
    { 10, 16, 167, 1, 16, 20, 5905 }, // U+0113
    { 14, 22, 230, 0, 22, 39, 5925 }, // U+0114
    { 10, 16, 167, 1, 16, 20, 5964 }, // U+0115
    { 14, 22, 230, 0, 22, 39, 5984 }, // U+0116
    { 10, 17, 167, 1, 17, 22, 6023 }, // U+0117
    { 14, 25, 226, 0, 17, 44, 6045 }, // U+0118
    { 9, 19, 166, 1, 11, 22, 6089 }, // U+0119
    { 14, 22, 230, 0, 22, 39, 6111 }, // U+011A
    { 10, 17, 167, 1, 17, 22, 6150 }, // U+011B
    { 17, 22, 288, 1, 22, 47, 6172 }, // U+011C
    { 13, 25, 200, 1, 17, 41, 6219 }, // U+011D
    { 17, 22, 288, 1, 22, 47, 6260 }, // U+011E
    { 13, 24, 200, 1, 16, 39, 6307 }, // U+011F
    { 17, 22, 288, 1, 22, 47, 6346 }, // U+0120
    { 13, 25, 200, 1, 17, 41, 6393 }, // U+0121
    { 17, 25, 288, 1, 17, 54, 6434 }, // U+0122
    { 13, 26, 200, 1, 18, 43, 6488 }, // U+0123
    { 20, 22, 320, -1, 22, 55, 6531 }, // U+0124
    { 15, 23, 224, -1, 23, 44, 6586 }, // U+0125
    { 20, 17, 320, -1, 17, 43, 6630 }, // U+0126
    { 14, 18, 225, 0, 18, 32, 6673 }, // U+0127
    { 10, 22, 146, 0, 22, 28, 6705 }, // U+0128
    { 9, 16, 118, -1, 16, 18, 6733 }, // U+0129
    { 10, 21, 146, 0, 21, 27, 6751 }, // U+012A
    { 9, 15, 118, -1, 15, 17, 6778 }, // U+012B
    { 9, 22, 146, 0, 22, 25, 6795 }, // U+012C
    { 8, 16, 118, 0, 16, 16, 6820 }, // U+012D
    { 9, 25, 146, 0, 17, 29, 6836 }, // U+012E
    { 8, 25, 118, 0, 17, 25, 6865 }, // U+012F
    { 9, 22, 146, 0, 22, 25, 6890 }, // U+0130
    { 8, 11, 118, 0, 11, 11, 6915 }, // U+0131
    { 19, 23, 293, 0, 17, 55, 6926 }, // U+0132
    { 13, 25, 219, 0, 17, 41, 6981 }, // U+0133
    { 11, 28, 148, -2, 22, 39, 7022 }, // U+0134
    { 8, 25, 106, -1, 17, 25, 7061 }, // U+0135
    { 20, 25, 305, 0, 17, 63, 7086 }, // U+0136
    { 14, 26, 218, 0, 18, 46, 7149 }, // U+0137
    { 14, 11, 231, 0, 11, 20, 7195 }, // U+0138
    { 15, 22, 234, 0, 22, 42, 7215 }, // U+0139
    { 8, 23, 114, 0, 23, 23, 7257 }, // U+013A
    { 15, 25, 234, 0, 17, 47, 7280 }, // U+013B
    { 7, 26, 114, 0, 18, 23, 7327 }, // U+013C
    { 15, 17, 234, 0, 17, 32, 7350 }, // U+013D
    { 9, 18, 123, 0, 18, 21, 7382 }, // U+013E
    { 15, 17, 234, 0, 17, 32, 7403 }, // U+013F
    { 11, 18, 162, 0, 18, 25, 7435 }, // U+0140
    { 15, 17, 234, 0, 17, 32, 7460 }, // U+0141
    { 8, 18, 116, 0, 18, 18, 7492 }, // U+0142
    { 20, 22, 324, 0, 22, 55, 7510 }, // U+0143
    { 14, 17, 226, 0, 17, 30, 7565 }, // U+0144
    { 20, 25, 316, 0, 17, 63, 7595 }, // U+0145
    { 14, 19, 226, 0, 11, 34, 7658 }, // U+0146
    { 20, 22, 324, 0, 22, 55, 7692 }, // U+0147
    { 14, 17, 226, 0, 17, 30, 7747 }, // U+0148
    { 17, 18, 266, 0, 18, 39, 7777 }, // U+0149
    { 20, 24, 316, 0, 17, 60, 7816 }, // U+014A
    { 13, 19, 221, 0, 11, 31, 7876 }, // U+014B
    { 17, 21, 304, 1, 21, 45, 7907 }, // U+014C
    { 12, 16, 201, 1, 16, 24, 7952 }, // U+014D
    { 17, 22, 304, 1, 22, 47, 7976 }, // U+014E
    { 12, 16, 201, 1, 16, 24, 8023 }, // U+014F
    { 17, 22, 304, 1, 22, 47, 8047 }, // U+0150
    { 12, 17, 201, 1, 17, 26, 8094 }, // U+0151
    { 24, 17, 394, 1, 17, 51, 8120 }, // U+0152
    { 18, 11, 305, 1, 11, 25, 8171 }, // U+0153
    { 20, 22, 304, 0, 22, 55, 8196 }, // U+0154
    { 10, 17, 166, 0, 17, 22, 8251 }, // U+0155
    { 20, 25, 304, 0, 17, 63, 8273 }, // U+0156
    { 10, 19, 166, 0, 11, 24, 8336 }, // U+0157
    { 20, 22, 304, 0, 22, 55, 8360 }, // U+0158
    { 10, 17, 166, 0, 17, 22, 8415 }, // U+0159
    { 12, 22, 198, 0, 22, 33, 8437 }, // U+015A
    { 9, 17, 144, 0, 17, 20, 8470 }, // U+015B
    { 12, 22, 198, 0, 22, 33, 8490 }, // U+015C
    { 8, 17, 144, 0, 17, 17, 8523 }, // U+015D
    { 12, 25, 194, 0, 17, 38, 8540 }, // U+015E
    { 8, 18, 144, 0, 11, 18, 8578 }, // U+015F
    { 12, 22, 198, 0, 22, 33, 8596 }, // U+0160
    { 8, 17, 144, 0, 17, 17, 8629 }, // U+0161
    { 18, 26, 278, 0, 18, 59, 8646 }, // U+0162
    { 10, 20, 150, 0, 13, 25, 8705 }, // U+0163
    { 18, 22, 278, 0, 22, 50, 8730 }, // U+0164
    { 10, 19, 150, 0, 19, 24, 8780 }, // U+0165
    { 18, 18, 278, 0, 18, 41, 8804 }, // U+0166
    { 10, 14, 156, 0, 14, 18, 8845 }, // U+0167
    { 19, 22, 298, 0, 22, 53, 8863 }, // U+0168
    { 14, 17, 220, 0, 17, 30, 8916 }, // U+0169
    { 19, 21, 298, 0, 21, 50, 8946 }, // U+016A
    { 14, 16, 220, 0, 16, 28, 8996 }, // U+016B
    { 19, 22, 298, 0, 22, 53, 9024 }, // U+016C
    { 14, 17, 220, 0, 17, 30, 9077 }, // U+016D
    { 19, 22, 298, 0, 22, 53, 9107 }, // U+016E
    { 14, 17, 220, 0, 17, 30, 9160 }, // U+016F
    { 19, 22, 298, 0, 22, 53, 9190 }, // U+0170
    { 14, 17, 220, 0, 17, 30, 9243 }, // U+0171
    { 19, 25, 298, 0, 17, 60, 9273 }, // U+0172
    { 14, 19, 220, 0, 11, 34, 9333 }, // U+0173
    { 26, 22, 408, 0, 22, 72, 9367 }, // U+0174
    { 20, 17, 301, -1, 17, 43, 9439 }, // U+0175
    { 18, 22, 262, -1, 22, 50, 9482 }, // U+0176
    { 13, 25, 192, 0, 17, 41, 9532 }, // U+0177
    { 18, 21, 262, -1, 21, 48, 9573 }, // U+0178
    { 16, 22, 238, 0, 22, 44, 9621 }, // U+0179
    { 11, 17, 175, 0, 17, 24, 9665 }, // U+017A
    { 15, 22, 238, 0, 22, 42, 9689 }, // U+017B
    { 11, 17, 175, 0, 17, 24, 9731 }, // U+017C
    { 16, 22, 238, 0, 22, 44, 9755 }, // U+017D
    { 11, 17, 175, 0, 17, 24, 9799 }, // U+017E
    { 12, 18, 120, 0, 18, 27, 9823 }, // U+017F
    { 19, 19, 304, 1, 19, 46, 9850 }, // U+01A0
    { 13, 15, 217, 1, 15, 25, 9896 }, // U+01A1
    { 20, 21, 298, 0, 21, 53, 9921 }, // U+01AF
    { 16, 15, 240, 0, 15, 30, 9974 }, // U+01B0
    { 35, 22, 545, 0, 22, 97, 10004 }, // U+01C4
    { 31, 17, 481, 0, 17, 66, 10101 }, // U+01C5
    { 24, 19, 396, 1, 18, 57, 10167 }, // U+01C6
    { 24, 23, 374, 0, 17, 69, 10224 }, // U+01C7
    { 20, 25, 337, 0, 17, 63, 10293 }, // U+01C8
    { 13, 26, 220, 0, 18, 43, 10356 }, // U+01C9
    { 29, 22, 459, 0, 17, 80, 10399 }, // U+01CA
    { 25, 25, 420, 0, 17, 79, 10479 }, // U+01CB
    { 19, 25, 328, 0, 17, 60, 10558 }, // U+01CC
    { 20, 22, 288, -1, 22, 55, 10618 }, // U+01CD
    { 11, 17, 175, 1, 17, 24, 10673 }, // U+01CE
    { 10, 22, 146, 0, 22, 28, 10697 }, // U+01CF
    { 8, 17, 118, 0, 17, 17, 10725 }, // U+01D0
    { 17, 22, 304, 1, 22, 47, 10742 }, // U+01D1
    { 12, 17, 201, 1, 17, 26, 10789 }, // U+01D2
    { 19, 22, 298, 0, 22, 53, 10815 }, // U+01D3
    { 14, 17, 220, 0, 17, 30, 10868 }, // U+01D4
    { 19, 25, 298, 0, 25, 60, 10898 }, // U+01D5
    { 14, 20, 220, 0, 20, 35, 10958 }, // U+01D6
    { 19, 26, 298, 0, 26, 62, 10993 }, // U+01D7
    { 14, 22, 220, 0, 22, 39, 11055 }, // U+01D8
    { 19, 25, 298, 0, 25, 60, 11094 }, // U+01D9
    { 14, 22, 220, 0, 22, 39, 11154 }, // U+01DA
    { 19, 26, 298, 0, 26, 62, 11193 }, // U+01DB
    { 14, 22, 220, 0, 22, 39, 11255 }, // U+01DC
    { 10, 11, 168, 1, 11, 14, 11294 }, // U+01DD
    { 19, 24, 288, -1, 24, 57, 11308 }, // U+01DE
    { 11, 20, 175, 1, 20, 28, 11365 }, // U+01DF
    { 19, 25, 288, -1, 25, 60, 11393 }, // U+01E0
    { 11, 20, 175, 1, 20, 28, 11453 }, // U+01E1
    { 23, 21, 364, 0, 21, 61, 11481 }, // U+01E2
    { 14, 16, 249, 1, 16, 28, 11542 }, // U+01E3
    { 17, 17, 294, 1, 17, 37, 11570 }, // U+01E4
    { 14, 19, 200, 0, 11, 34, 11607 }, // U+01E5
    { 17, 22, 288, 1, 22, 47, 11641 }, // U+01E6
    { 13, 25, 200, 1, 17, 41, 11688 }, // U+01E7
    { 20, 22, 305, 0, 22, 55, 11729 }, // U+01E8
    { 15, 21, 218, 0, 21, 40, 11784 }, // U+01E9
    { 17, 25, 304, 1, 17, 54, 11824 }, // U+01EA
    { 12, 19, 201, 1, 11, 29, 11878 }, // U+01EB
    { 17, 29, 304, 1, 21, 62, 11907 }, // U+01EC
    { 12, 23, 201, 1, 15, 35, 11969 }, // U+01ED
    { 12, 22, 220, 1, 22, 33, 12004 }, // U+01EE
    { 12, 25, 182, 0, 17, 38, 12037 }, // U+01EF
    { 8, 25, 106, -1, 17, 25, 12075 }, // U+01F0
    { 35, 18, 545, 0, 18, 79, 12100 }, // U+01F1
    { 31, 17, 481, 0, 17, 66, 12179 }, // U+01F2
    { 24, 19, 396, 1, 18, 57, 12245 }, // U+01F3
    { 17, 22, 288, 1, 22, 47, 12302 }, // U+01F4
    { 13, 25, 200, 1, 17, 41, 12349 }, // U+01F5
    { 24, 17, 382, -1, 17, 51, 12390 }, // U+01F6
    { 16, 22, 247, 0, 17, 44, 12441 }, // U+01F7
    { 20, 22, 324, 0, 22, 55, 12485 }, // U+01F8
    { 14, 17, 226, 0, 17, 30, 12540 }, // U+01F9
    { 19, 26, 288, 0, 26, 62, 12570 }, // U+01FA
    { 11, 21, 175, 1, 21, 29, 12632 }, // U+01FB
    { 23, 22, 364, 0, 22, 64, 12661 }, // U+01FC
    { 14, 17, 249, 1, 17, 30, 12725 }, // U+01FD
    { 18, 22, 305, 1, 22, 50, 12755 }, // U+01FE
    { 12, 17, 200, 1, 17, 26, 12805 }, // U+01FF
    { 20, 22, 288, -1, 22, 55, 12831 }, // U+0200
    { 12, 17, 175, 0, 17, 26, 12886 }, // U+0201
    { 19, 22, 288, 0, 22, 53, 12912 }, // U+0202
    { 11, 17, 175, 1, 17, 24, 12965 }, // U+0203
    { 14, 22, 230, 0, 22, 39, 12989 }, // U+0204
    { 11, 17, 167, 0, 17, 24, 13028 }, // U+0205
    { 14, 22, 230, 0, 22, 39, 13052 }, // U+0206
    { 10, 17, 167, 1, 17, 22, 13091 }, // U+0207
    { 12, 22, 146, -3, 22, 33, 13113 }, // U+0208
    { 10, 17, 118, -2, 17, 22, 13146 }, // U+0209
    { 9, 22, 146, 0, 22, 25, 13168 }, // U+020A
    { 8, 16, 118, 0, 16, 16, 13193 }, // U+020B
    { 17, 22, 304, 1, 22, 47, 13209 }, // U+020C
    { 13, 17, 201, 0, 17, 28, 13256 }, // U+020D
    { 17, 22, 304, 1, 22, 47, 13284 }, // U+020E
    { 12, 17, 201, 1, 17, 26, 13331 }, // U+020F
    { 20, 22, 304, 0, 22, 55, 13357 }, // U+0210
    { 10, 17, 166, 0, 17, 22, 13412 }, // U+0211
    { 20, 22, 304, 0, 22, 55, 13434 }, // U+0212
    { 10, 16, 166, 0, 16, 20, 13489 }, // U+0213
    { 19, 22, 298, 0, 22, 53, 13509 }, // U+0214
    { 14, 17, 220, 0, 17, 30, 13562 }, // U+0215
    { 19, 22, 298, 0, 22, 53, 13592 }, // U+0216
    { 14, 17, 220, 0, 17, 30, 13645 }, // U+0217
    { 12, 25, 194, 0, 17, 38, 13675 }, // U+0218
    { 8, 19, 144, 0, 11, 19, 13713 }, // U+0219
    { 18, 26, 278, 0, 18, 59, 13732 }, // U+021A
    { 10, 21, 150, 0, 13, 27, 13791 }, // U+021B
    { 15, 23, 222, -1, 17, 44, 13818 }, // U+021C
    { 11, 18, 174, 0, 11, 25, 13862 }, // U+021D
    { 20, 22, 320, -1, 22, 55, 13887 }, // U+021E
    { 14, 23, 224, 0, 23, 41, 13942 }, // U+021F
    { 6, 5, 0, -3, 17, 4, 13983 }, // U+0300
    { 6, 5, 0, -3, 17, 4, 13987 }, // U+0301
    { 7, 6, 0, -3, 17, 6, 13991 }, // U+0302
    { 9, 5, 0, -4, 17, 6, 13997 }, // U+0303
    { 8, 3, 0, -4, 16, 3, 14003 }, // U+0304
    { 11, 2, 0, -5, 15, 3, 14006 }, // U+0305
    { 6, 4, 0, -3, 16, 3, 14009 }, // U+0306
    { 4, 4, 0, -2, 17, 2, 14012 }, // U+0307
    { 9, 4, 0, -4, 16, 5, 14014 }, // U+0308
    { 6, 5, 0, -3, 17, 4, 14019 }, // U+0309
    { 6, 6, 0, -3, 17, 5, 14023 }, // U+030A
    { 9, 6, 0, -4, 18, 7, 14028 }, // U+030B
    { 8, 6, 0, -4, 18, 6, 14035 }, // U+030C
    { 2, 5, 0, -1, 18, 2, 14041 }, // U+030D
    { 4, 5, 0, -2, 18, 3, 14043 }, // U+030E
    { 8, 6, 0, -4, 18, 6, 14046 }, // U+030F
    { 9, 7, 0, -4, 18, 8, 14052 }, // U+0310
    { 6, 5, 0, -3, 17, 4, 14060 }, // U+0311
    { 5, 6, 0, -2, 18, 4, 14064 }, // U+0312
    { 5, 6, 0, -2, 18, 4, 14068 }, // U+0313
    { 4, 6, 0, -2, 18, 3, 14072 }, // U+0314
    { 6, 6, 0, -3, 18, 5, 14075 }, // U+0315
    { 6, 5, 0, -3, -1, 4, 14080 }, // U+0316
    { 6, 5, 0, -3, -1, 4, 14084 }, // U+0317
    { 5, 7, 0, -3, 0, 5, 14088 }, // U+0318
    { 6, 7, 0, -3, -1, 6, 14093 }, // U+0319
    { 6, 4, 0, -3, 17, 3, 14099 }, // U+031A
    { 6, 5, 0, -3, 14, 4, 14102 }, // U+031B
    { 4, 6, 0, -2, -2, 3, 14106 }, // U+031C
    { 5, 6, 0, -3, -1, 4, 14109 }, // U+031D
    { 5, 5, 0, -2, -2, 4, 14113 }, // U+031E
    { 6, 7, 0, -3, -1, 6, 14117 }, // U+031F
    { 6, 2, 0, -3, -3, 2, 14123 }, // U+0320
    { 10, 12, 0, -4, 4, 15, 14125 }, // U+0321
    { 9, 10, 0, 1, 2, 12, 14140 }, // U+0322
    { 4, 4, 0, -2, -2, 2, 14152 }, // U+0323
    { 9, 4, 0, -4, -1, 5, 14154 }, // U+0324
    { 6, 6, 0, -3, -2, 5, 14159 }, // U+0325
    { 4, 6, 0, -2, -1, 3, 14164 }, // U+0326
    { 5, 7, 0, -2, 0, 5, 14167 }, // U+0327
    { 6, 8, 0, -3, 1, 6, 14172 }, // U+0328
    { 2, 5, 0, -1, -1, 2, 14178 }, // U+0329
    { 7, 4, 0, -4, -3, 4, 14180 }, // U+032A
    { 8, 4, 0, -4, -3, 4, 14184 }, // U+032B
    { 8, 6, 0, -4, -1, 6, 14188 }, // U+032C
    { 7, 6, 0, -3, -1, 6, 14194 }, // U+032D
    { 6, 4, 0, -3, -2, 3, 14200 }, // U+032E
    { 6, 5, 0, -3, -1, 4, 14203 }, // U+032F
    { 9, 5, 0, -5, -1, 6, 14207 }, // U+0330
    { 8, 2, 0, -4, -2, 2, 14213 }, // U+0331
    { 11, 2, 0, -5, -2, 3, 14215 }, // U+0332
    { 11, 5, 0, -5, -2, 7, 14218 }, // U+0333
    { 12, 4, 0, -6, 10, 6, 14225 }, // U+0334
    { 8, 2, 0, -4, 10, 2, 14231 }, // U+0335
    { 12, 2, 0, -6, 10, 3, 14233 }, // U+0336
    { 10, 16, 0, -5, 14, 20, 14236 }, // U+0337
    { 10, 19, 0, -5, 17, 24, 14256 }, // U+0338
    { 3, 6, 0, -1, -1, 3, 14280 }, // U+0339
    { 7, 4, 0, -4, -3, 4, 14283 }, // U+033A
    { 7, 6, 0, -3, -2, 6, 14287 }, // U+033B
    { 8, 4, 0, -4, -2, 4, 14293 }, // U+033C
    { 6, 6, 0, -3, 18, 5, 14297 }, // U+033D
    { 3, 7, 0, -1, 19, 3, 14302 }, // U+033E
    { 6, 5, 0, -3, 17, 4, 14305 }, // U+0340
    { 4, 6, 0, -2, 17, 3, 14309 }, // U+0341
    { 8, 4, 0, -4, 16, 4, 14312 }, // U+0342
    { 4, 5, 0, -1, 17, 3, 14316 }, // U+0343
    { 9, 8, 0, -4, 21, 9, 14319 }, // U+0344
    { 5, 6, 0, -2, 0, 4, 14328 }, // U+0345
    { 0, 0, 0, 0, 0, 0, 14332 }, // U+034F
    { 4, 6, 0, -2, 17, 3, 14332 }, // U+0351
    { 6, 6, 0, -3, -1, 5, 14335 }, // U+0353
    { 3, 6, 0, -1, 17, 3, 14340 }, // U+0357
    { 16, 4, 0, -8, 21, 8, 14343 }, // U+035D
    { 16, 3, 0, -8, 21, 6, 14351 }, // U+0361
    { 5, 6, 0, 1, 18, 4, 14357 }, // U+0364
    { 14, 22, 230, 0, 22, 39, 14361 }, // U+0400
    { 14, 21, 230, 0, 21, 37, 14400 }, // U+0401
    { 19, 24, 328, 0, 18, 57, 14437 }, // U+0402
    { 14, 22, 212, 0, 22, 39, 14494 }, // U+0403
    { 15, 17, 264, 1, 17, 32, 14533 }, // U+0404
    { 12, 17, 198, 0, 17, 26, 14565 }, // U+0405
    { 9, 17, 146, 0, 17, 20, 14591 }, // U+0406
    { 9, 21, 146, 1, 21, 24, 14611 }, // U+0407
    { 11, 23, 148, -2, 17, 32, 14635 }, // U+0408
    { 24, 17, 398, 1, 17, 51, 14667 }, // U+0409
    { 25, 17, 410, -1, 17, 54, 14718 }, // U+040A
    { 20, 18, 324, 0, 18, 45, 14772 }, // U+040B
    { 19, 22, 282, 0, 22, 53, 14817 }, // U+040C
    { 21, 22, 331, 0, 22, 58, 14870 }, // U+040D
    { 17, 24, 269, 0, 23, 51, 14928 }, // U+040E
    { 20, 23, 314, -1, 17, 58, 14979 }, // U+040F
    { 20, 18, 288, -1, 18, 45, 15037 }, // U+0410
    { 15, 17, 252, 0, 17, 32, 15082 }, // U+0411
    { 15, 17, 250, 0, 17, 32, 15114 }, // U+0412
    { 14, 17, 212, 0, 17, 30, 15146 }, // U+0413
    { 17, 23, 287, 1, 17, 49, 15176 }, // U+0414
    { 14, 17, 230, 0, 17, 30, 15225 }, // U+0415
    { 28, 17, 418, -1, 17, 60, 15255 }, // U+0416
    { 12, 17, 223, 1, 17, 26, 15315 }, // U+0417
    { 21, 17, 331, 0, 17, 45, 15341 }, // U+0418
    { 21, 23, 331, 0, 23, 61, 15386 }, // U+0419
    { 19, 17, 282, 0, 17, 41, 15447 }, // U+041A
    { 19, 17, 296, 0, 17, 41, 15488 }, // U+041B
    { 23, 18, 367, 0, 17, 52, 15529 }, // U+041C
    { 20, 17, 320, -1, 17, 43, 15581 }, // U+041D
    { 17, 17, 304, 1, 17, 37, 15624 }, // U+041E
    { 20, 17, 316, 0, 17, 43, 15661 }, // U+041F
    { 15, 17, 243, 0, 17, 32, 15704 }, // U+0420
    { 16, 17, 284, 1, 17, 34, 15736 }, // U+0421
    { 18, 18, 278, 0, 18, 41, 15770 }, // U+0422
    { 18, 18, 269, -1, 17, 41, 15811 }, // U+0423
    { 19, 19, 319, 1, 18, 46, 15852 }, // U+0424
    { 20, 17, 300, -1, 17, 43, 15898 }, // U+0425
    { 20, 22, 313, -1, 17, 55, 15941 }, // U+0426
    { 19, 17, 291, -1, 17, 41, 15996 }, // U+0427
    { 27, 17, 420, -1, 17, 58, 16037 }, // U+0428
    { 27, 22, 420, -1, 17, 75, 16095 }, // U+0429
    { 18, 17, 297, 0, 17, 39, 16170 }, // U+042A
    { 24, 17, 371, 0, 17, 51, 16209 }, // U+042B
    { 15, 17, 246, 0, 17, 32, 16260 }, // U+042C
    { 14, 17, 265, 1, 17, 30, 16292 }, // U+042D
    { 25, 17, 414, 0, 17, 54, 16322 }, // U+042E
    { 18, 17, 286, 0, 17, 39, 16376 }, // U+042F
    { 11, 11, 175, 1, 11, 16, 16415 }, // U+0430
    { 11, 19, 200, 1, 19, 27, 16431 }, // U+0431
    { 12, 11, 193, 0, 11, 17, 16458 }, // U+0432
    { 10, 11, 159, 0, 11, 14, 16475 }, // U+0433
    { 13, 15, 211, 0, 11, 25, 16489 }, // U+0434
    { 10, 11, 167, 1, 11, 14, 16514 }, // U+0435
    { 21, 11, 321, -1, 11, 29, 16528 }, // U+0436
    { 9, 11, 168, 1, 11, 13, 16557 }, // U+0437
    { 14, 11, 235, 0, 11, 20, 16570 }, // U+0438
    { 14, 16, 235, 0, 16, 28, 16590 }, // U+0439
    { 14, 11, 221, 0, 11, 20, 16618 }, // U+043A
    { 14, 11, 221, 0, 11, 20, 16638 }, // U+043B
    { 17, 12, 270, 0, 12, 26, 16658 }, // U+043C
    { 14, 11, 231, 0, 11, 20, 16684 }, // U+043D
    { 12, 11, 201, 1, 11, 17, 16704 }, // U+043E
    { 14, 11, 226, 0, 11, 20, 16721 }, // U+043F
    { 14, 18, 220, 0, 11, 32, 16741 }, // U+0440
    { 10, 11, 164, 1, 11, 14, 16773 }, // U+0441
    { 12, 12, 180, 0, 12, 18, 16787 }, // U+0442
    { 13, 19, 192, 0, 11, 31, 16805 }, // U+0443
    { 14, 24, 242, 1, 17, 42, 16836 }, // U+0444
    { 14, 12, 202, 0, 11, 21, 16878 }, // U+0445
    { 15, 15, 234, 0, 11, 29, 16899 }, // U+0446
    { 14, 11, 226, 0, 11, 20, 16928 }, // U+0447
    { 20, 11, 324, 0, 11, 28, 16948 }, // U+0448
    { 21, 15, 330, 0, 11, 40, 16976 }, // U+0449
    { 13, 12, 222, 0, 12, 20, 17016 }, // U+044A
    { 18, 11, 288, 0, 11, 25, 17036 }, // U+044B
    { 11, 11, 187, 0, 11, 16, 17061 }, // U+044C
    { 11, 11, 170, 0, 11, 16, 17077 }, // U+044D
    { 18, 11, 291, 0, 11, 25, 17093 }, // U+044E
    { 14, 11, 214, -1, 11, 20, 17118 }, // U+044F
    { 10, 17, 167, 1, 17, 22, 17138 }, // U+0450
    { 10, 17, 167, 1, 17, 22, 17160 }, // U+0451
    { 13, 24, 213, 0, 18, 39, 17182 }, // U+0452
    { 10, 17, 159, 0, 17, 22, 17221 }, // U+0453
    { 10, 11, 167, 1, 11, 14, 17243 }, // U+0454
    { 8, 11, 144, 0, 11, 11, 17257 }, // U+0455
    { 8, 17, 118, 0, 17, 17, 17268 }, // U+0456
    { 9, 17, 118, -1, 17, 20, 17285 }, // U+0457
    { 7, 25, 106, -2, 17, 22, 17305 }, // U+0458
    { 18, 11, 286, 0, 11, 25, 17327 }, // U+0459
    { 18, 11, 294, 0, 11, 25, 17352 }, // U+045A
    { 14, 18, 225, 0, 18, 32, 17377 }, // U+045B
    { 14, 17, 221, 0, 17, 30, 17409 }, // U+045C
    { 14, 17, 235, 0, 17, 30, 17439 }, // U+045D
    { 13, 24, 192, 0, 16, 39, 17469 }, // U+045E
    { 14, 15, 226, 0, 11, 27, 17508 }, // U+045F
    { 18, 18, 294, 0, 18, 41, 17535 }, // U+0462
    { 13, 18, 216, 0, 18, 30, 17576 }, // U+0463
    { 27, 17, 410, -1, 17, 58, 17606 }, // U+046A
    { 21, 11, 320, -1, 11, 29, 17664 }, // U+046B
    { 22, 17, 344, 0, 17, 47, 17693 }, // U+0470
    { 17, 17, 304, 1, 17, 37, 17740 }, // U+0472
    { 12, 11, 206, 1, 11, 17, 17777 }, // U+0473
    { 18, 17, 282, 0, 17, 39, 17794 }, // U+0474
    { 13, 11, 202, 0, 11, 18, 17833 }, // U+0475
    { 18, 22, 282, 0, 22, 50, 17851 }, // U+0476
    { 13, 17, 202, 0, 17, 28, 17901 }, // U+0477
    { 21, 28, 331, 0, 23, 74, 17929 }, // U+048A
    { 15, 21, 235, 0, 16, 40, 18003 }, // U+048B
    { 16, 18, 259, -1, 18, 36, 18043 }, // U+048C
    { 13, 18, 216, 0, 18, 30, 18079 }, // U+048D
    { 15, 17, 243, 0, 17, 32, 18109 }, // U+048E
    { 14, 18, 220, 0, 11, 32, 18141 }, // U+048F
    { 13, 20, 212, 0, 20, 33, 18173 }, // U+0490
    { 10, 13, 157, 0, 13, 17, 18206 }, // U+0491
    { 14, 17, 212, 0, 17, 30, 18223 }, // U+0492
    { 11, 11, 164, 0, 11, 16, 18253 }, // U+0493
    { 16, 23, 274, 0, 17, 46, 18269 }, // U+0494
    { 12, 18, 205, 0, 11, 27, 18315 }, // U+0495
    { 28, 22, 418, -1, 17, 77, 18342 }, // U+0496
    { 21, 15, 321, -1, 11, 40, 18419 }, // U+0497
    { 12, 25, 223, 1, 17, 38, 18459 }, // U+0498
    { 9, 19, 168, 1, 11, 22, 18497 }, // U+0499
    { 19, 22, 282, 0, 17, 53, 18519 }, // U+049A
    { 14, 15, 221, 0, 11, 27, 18572 }, // U+049B
    { 21, 17, 309, 0, 17, 45, 18599 }, // U+049C
    { 15, 11, 244, 0, 11, 21, 18644 }, // U+049D
    { 21, 18, 306, -1, 18, 48, 18665 }, // U+049E
    { 16, 19, 247, 0, 19, 38, 18713 }, // U+049F
    { 22, 17, 334, 0, 17, 47, 18751 }, // U+04A0
    { 16, 12, 255, 0, 12, 24, 18798 }, // U+04A1
    { 21, 22, 324, -1, 17, 58, 18822 }, // U+04A2
    { 14, 15, 231, 0, 11, 27, 18880 }, // U+04A3
    { 25, 18, 382, -1, 18, 57, 18907 }, // U+04A4
    { 17, 11, 269, 0, 11, 24, 18964 }, // U+04A5
    { 26, 23, 422, 0, 17, 75, 18988 }, // U+04A6
    { 19, 18, 308, 0, 11, 43, 19063 }, // U+04A7
    { 18, 17, 290, 1, 17, 39, 19106 }, // U+04A8
    { 13, 11, 213, 1, 11, 18, 19145 }, // U+04A9
    { 16, 25, 284, 1, 17, 50, 19163 }, // U+04AA
    { 10, 19, 164, 1, 11, 24, 19213 }, // U+04AB
    { 18, 23, 278, 0, 18, 52, 19237 }, // U+04AC
    { 12, 16, 180, 0, 12, 24, 19289 }, // U+04AD
    { 18, 17, 262, -1, 17, 39, 19313 }, // U+04AE
    { 13, 19, 193, 0, 11, 31, 19352 }, // U+04AF
    { 18, 17, 262, 0, 17, 39, 19383 }, // U+04B0
    { 13, 19, 193, 0, 11, 31, 19422 }, // U+04B1
    { 19, 22, 300, -1, 17, 53, 19453 }, // U+04B2
    { 13, 15, 202, 0, 11, 25, 19506 }, // U+04B3
    { 23, 23, 370, 0, 18, 67, 19531 }, // U+04B4
    { 18, 16, 280, 0, 12, 36, 19598 }, // U+04B5
    { 19, 22, 293, -1, 17, 53, 19634 }, // U+04B6
    { 14, 15, 226, 0, 11, 27, 19687 }, // U+04B7
    { 19, 17, 300, -1, 17, 41, 19714 }, // U+04B8
    { 15, 11, 236, 0, 11, 21, 19755 }, // U+04B9
    { 18, 17, 290, 0, 17, 39, 19776 }, // U+04BA
    { 14, 18, 224, 0, 18, 32, 19815 }, // U+04BB
    { 20, 17, 322, 1, 17, 43, 19847 }, // U+04BC
    { 13, 13, 201, 0, 13, 22, 19890 }, // U+04BD
    { 20, 25, 322, 1, 22, 63, 19912 }, // U+04BE
    { 13, 20, 201, 0, 17, 33, 19975 }, // U+04BF
    { 9, 17, 146, 0, 17, 20, 20008 }, // U+04C0
    { 28, 23, 418, -1, 23, 81, 20028 }, // U+04C1
    { 21, 16, 321, 0, 16, 42, 20109 }, // U+04C2
    { 17, 23, 275, 0, 17, 49, 20151 }, // U+04C3
    { 13, 19, 213, 0, 11, 31, 20200 }, // U+04C4
    { 19, 22, 296, 0, 17, 53, 20231 }, // U+04C5
    { 14, 15, 221, 0, 11, 27, 20284 }, // U+04C6
    { 20, 24, 315, -1, 17, 60, 20311 }, // U+04C7
    { 14, 19, 228, 0, 11, 34, 20371 }, // U+04C8
    { 20, 22, 320, -1, 17, 55, 20405 }, // U+04C9
    { 14, 15, 231, 0, 11, 27, 20460 }, // U+04CA
    { 19, 22, 291, -1, 17, 53, 20487 }, // U+04CB
    { 14, 15, 226, 0, 11, 27, 20540 }, // U+04CC
    { 23, 22, 367, 0, 17, 64, 20567 }, // U+04CD
    { 17, 16, 270, 0, 12, 34, 20631 }, // U+04CE
    { 7, 18, 114, 0, 18, 16, 20665 }, // U+04CF
    { 19, 23, 288, -1, 23, 55, 20681 }, // U+04D0
    { 11, 17, 175, 1, 17, 24, 20736 }, // U+04D1
    { 19, 21, 288, -1, 21, 50, 20760 }, // U+04D2
    { 11, 17, 175, 1, 17, 24, 20810 }, // U+04D3
    { 23, 17, 364, 0, 17, 49, 20834 }, // U+04D4
    { 14, 11, 249, 1, 11, 20, 20883 }, // U+04D5
    { 15, 23, 230, 0, 23, 44, 20903 }, // U+04D6
    { 10, 17, 167, 1, 17, 22, 20947 }, // U+04D7
    { 15, 17, 269, 1, 17, 32, 20969 }, // U+04D8
    { 10, 11, 168, 1, 11, 14, 21001 }, // U+04D9
    { 15, 22, 269, 1, 22, 42, 21015 }, // U+04DA
    { 10, 17, 168, 1, 17, 22, 21057 }, // U+04DB
    { 27, 22, 418, 0, 22, 75, 21079 }, // U+04DC
    { 21, 17, 321, 0, 17, 45, 21154 }, // U+04DD
    { 12, 22, 223, 1, 22, 33, 21199 }, // U+04DE
    { 10, 17, 168, 0, 17, 22, 21232 }, // U+04DF
    { 12, 18, 220, 1, 18, 27, 21254 }, // U+04E0
    { 12, 19, 182, 0, 11, 29, 21281 }, // U+04E1
    { 21, 21, 331, 0, 21, 56, 21310 }, // U+04E2
    { 14, 16, 235, 0, 16, 28, 21366 }, // U+04E3
    { 21, 21, 331, 0, 21, 56, 21394 }, // U+04E4
    { 14, 17, 235, 0, 17, 30, 21450 }, // U+04E5
    { 17, 22, 304, 1, 22, 47, 21480 }, // U+04E6
    { 12, 17, 201, 1, 17, 26, 21527 }, // U+04E7
    { 17, 17, 304, 1, 17, 37, 21553 }, // U+04E8
    { 12, 11, 201, 1, 11, 17, 21590 }, // U+04E9
    { 17, 22, 304, 1, 22, 47, 21607 }, // U+04EA
    { 12, 17, 201, 1, 17, 26, 21654 }, // U+04EB
    { 15, 22, 265, 1, 22, 42, 21680 }, // U+04EC
    { 11, 17, 170, 0, 17, 24, 21722 }, // U+04ED
    { 18, 22, 269, -1, 21, 50, 21746 }, // U+04EE
    { 13, 23, 192, 0, 15, 38, 21796 }, // U+04EF
    { 17, 23, 269, 0, 22, 49, 21834 }, // U+04F0
    { 13, 25, 192, 0, 17, 41, 21883 }, // U+04F1
    { 18, 23, 269, -1, 22, 52, 21924 }, // U+04F2
    { 14, 25, 192, 0, 17, 44, 21976 }, // U+04F3
    { 19, 21, 291, -1, 21, 50, 22020 }, // U+04F4
    { 14, 17, 226, 0, 17, 30, 22070 }, // U+04F5
    { 14, 22, 212, 0, 17, 39, 22100 }, // U+04F6
    { 10, 15, 159, 0, 11, 19, 22139 }, // U+04F7
    { 24, 21, 371, 0, 21, 63, 22158 }, // U+04F8
    { 18, 17, 288, 0, 17, 39, 22221 }, // U+04F9
    { 16, 23, 219, -2, 17, 46, 22260 }, // U+04FA
    { 11, 19, 160, -1, 11, 27, 22306 }, // U+04FB
    { 20, 25, 300, 0, 17, 63, 22333 }, // U+04FC
    { 13, 19, 190, 0, 11, 31, 22396 }, // U+04FD
    { 20, 17, 308, -1, 17, 43, 22427 }, // U+04FE
    { 14, 12, 210, -1, 11, 21, 22470 }, // U+04FF
    { 17, 15, 267, 0, 15, 32, 22491 }, // U+05D0
    { 14, 15, 231, 1, 15, 27, 22523 }, // U+05D1
    { 10, 16, 172, 1, 15, 20, 22550 }, // U+05D2
    { 14, 15, 224, 0, 15, 27, 22570 }, // U+05D3
    { 15, 15, 260, 0, 15, 29, 22597 }, // U+05D4
    { 7, 15, 142, 1, 15, 14, 22626 }, // U+05D5
    { 9, 15, 154, 1, 15, 17, 22640 }, // U+05D6
    { 16, 15, 270, 0, 15, 30, 22657 }, // U+05D7
    { 15, 15, 260, 1, 15, 29, 22687 }, // U+05D8
    { 7, 9, 140, 1, 15, 8, 22716 }, // U+05D9
    { 13, 19, 222, 0, 15, 31, 22724 }, // U+05DA
    { 12, 15, 204, 0, 15, 23, 22755 }, // U+05DB
    { 13, 19, 222, 1, 19, 31, 22778 }, // U+05DC
    { 16, 15, 273, 0, 15, 30, 22809 }, // U+05DD
    { 17, 15, 282, 0, 15, 32, 22839 }, // U+05DE
    { 7, 19, 143, 1, 15, 17, 22871 }, // U+05DF
    { 9, 15, 163, 0, 15, 17, 22888 }, // U+05E0
    { 16, 15, 271, 0, 15, 30, 22905 }, // U+05E1
    { 15, 18, 252, 1, 16, 34, 22935 }, // U+05E2
    { 14, 19, 258, 1, 15, 34, 22969 }, // U+05E3
    { 14, 15, 249, 1, 15, 27, 23003 }, // U+05E4
    { 15, 19, 241, 0, 15, 36, 23030 }, // U+05E5
    { 15, 15, 239, 0, 15, 29, 23066 }, // U+05E6
    { 16, 19, 260, 0, 15, 38, 23095 }, // U+05E7
    { 12, 15, 212, 0, 15, 23, 23133 }, // U+05E8
    { 17, 15, 315, 1, 15, 32, 23156 }, // U+05E9
    { 16, 15, 284, 0, 15, 30, 23188 }, // U+05EA
    { 19, 23, 288, -1, 18, 55, 23218 }, // U+1EA0
    { 11, 16, 175, 1, 11, 22, 23273 }, // U+1EA1
    { 19, 22, 288, 0, 22, 53, 23295 }, // U+1EA2
    { 11, 18, 175, 1, 18, 25, 23348 }, // U+1EA3
    { 19, 23, 288, -1, 23, 55, 23373 }, // U+1EA4
    { 11, 21, 175, 1, 21, 29, 23428 }, // U+1EA5
    { 19, 23, 288, 0, 23, 55, 23457 }, // U+1EA6
    { 12, 21, 175, 0, 21, 32, 23512 }, // U+1EA7
    { 20, 23, 288, -1, 23, 58, 23544 }, // U+1EA8
    { 11, 20, 175, 1, 20, 28, 23602 }, // U+1EA9
    { 20, 25, 288, -1, 25, 63, 23630 }, // U+1EAA
    { 11, 20, 175, 1, 20, 28, 23693 }, // U+1EAB
    { 19, 27, 288, -1, 22, 65, 23721 }, // U+1EAC
    { 11, 22, 175, 1, 17, 31, 23786 }, // U+1EAD
    { 19, 24, 288, 0, 24, 57, 23817 }, // U+1EAE
    { 11, 20, 175, 1, 20, 28, 23874 }, // U+1EAF
    { 19, 25, 288, 0, 25, 60, 23902 }, // U+1EB0
    { 11, 20, 175, 1, 20, 28, 23962 }, // U+1EB1
    { 19, 24, 288, 0, 24, 57, 23990 }, // U+1EB2
    { 11, 19, 175, 1, 19, 27, 24047 }, // U+1EB3
    { 19, 26, 288, 0, 26, 62, 24074 }, // U+1EB4
    { 11, 20, 175, 1, 20, 28, 24136 }, // U+1EB5
    { 19, 27, 288, 0, 22, 65, 24164 }, // U+1EB6
    { 11, 21, 175, 1, 16, 29, 24229 }, // U+1EB7
    { 14, 23, 230, 0, 17, 41, 24258 }, // U+1EB8
    { 10, 16, 167, 1, 11, 20, 24299 }, // U+1EB9
    { 14, 22, 230, 0, 22, 39, 24319 }, // U+1EBA
    { 10, 18, 167, 1, 18, 23, 24358 }, // U+1EBB
    { 14, 22, 230, 0, 22, 39, 24381 }, // U+1EBC
    { 10, 17, 167, 1, 17, 22, 24420 }, // U+1EBD
    { 15, 23, 226, 0, 23, 44, 24442 }, // U+1EBE
    { 11, 21, 167, 1, 21, 29, 24486 }, // U+1EBF
    { 15, 23, 226, -1, 23, 44, 24515 }, // U+1EC0
    { 11, 21, 167, 0, 21, 29, 24559 }, // U+1EC1
    { 14, 23, 226, 0, 23, 41, 24588 }, // U+1EC2
    { 11, 19, 167, 1, 19, 27, 24629 }, // U+1EC3
    { 14, 24, 226, 0, 24, 42, 24656 }, // U+1EC4
    { 10, 20, 167, 1, 20, 25, 24698 }, // U+1EC5
    { 14, 28, 230, 0, 22, 49, 24723 }, // U+1EC6
    { 10, 22, 167, 1, 17, 28, 24772 }, // U+1EC7
    { 9, 22, 146, 0, 22, 25, 24800 }, // U+1EC8
    { 8, 18, 118, 0, 18, 18, 24825 }, // U+1EC9
    { 9, 23, 146, 0, 17, 26, 24843 }, // U+1ECA
    { 8, 23, 118, 0, 17, 23, 24869 }, // U+1ECB
    { 18, 22, 304, 1, 17, 50, 24892 }, // U+1ECC
    { 12, 16, 201, 1, 11, 24, 24942 }, // U+1ECD
    { 17, 22, 304, 1, 22, 47, 24966 }, // U+1ECE
    { 12, 18, 201, 1, 18, 27, 25013 }, // U+1ECF
    { 17, 24, 304, 1, 24, 51, 25040 }, // U+1ED0
    { 12, 21, 201, 1, 21, 32, 25091 }, // U+1ED1
    { 17, 24, 304, 1, 24, 51, 25123 }, // U+1ED2
    { 12, 21, 201, 1, 21, 32, 25174 }, // U+1ED3
    { 17, 23, 304, 1, 23, 49, 25206 }, // U+1ED4
    { 12, 20, 201, 1, 20, 30, 25255 }, // U+1ED5
    { 17, 25, 304, 1, 25, 54, 25285 }, // U+1ED6
    { 12, 20, 201, 1, 20, 30, 25339 }, // U+1ED7
    { 18, 27, 304, 1, 22, 61, 25369 }, // U+1ED8
    { 12, 22, 201, 1, 17, 33, 25430 }, // U+1ED9
    { 19, 22, 304, 1, 22, 53, 25463 }, // U+1EDA
    { 13, 17, 217, 1, 17, 28, 25516 }, // U+1EDB
    { 19, 22, 304, 1, 22, 53, 25544 }, // U+1EDC
    { 13, 17, 217, 1, 17, 28, 25597 }, // U+1EDD
    { 19, 22, 304, 1, 22, 53, 25625 }, // U+1EDE
    { 13, 18, 217, 1, 18, 30, 25678 }, // U+1EDF
    { 19, 22, 304, 1, 22, 53, 25708 }, // U+1EE0
    { 13, 17, 217, 1, 17, 28, 25761 }, // U+1EE1
    { 19, 24, 304, 1, 19, 57, 25789 }, // U+1EE2
    { 13, 20, 217, 1, 15, 33, 25846 }, // U+1EE3
    { 19, 22, 298, 0, 17, 53, 25879 }, // U+1EE4
    { 14, 16, 220, 0, 11, 28, 25932 }, // U+1EE5
    { 19, 22, 298, 0, 22, 53, 25960 }, // U+1EE6
    { 14, 18, 220, 0, 18, 32, 26013 }, // U+1EE7
    { 20, 22, 298, 0, 22, 55, 26045 }, // U+1EE8
    { 16, 17, 240, 0, 17, 34, 26100 }, // U+1EE9
    { 20, 22, 298, 0, 22, 55, 26134 }, // U+1EEA
    { 16, 17, 240, 0, 17, 34, 26189 }, // U+1EEB
    { 20, 22, 298, 0, 22, 55, 26223 }, // U+1EEC
    { 16, 18, 240, 0, 18, 36, 26278 }, // U+1EED
    { 20, 22, 298, 0, 22, 55, 26314 }, // U+1EEE
    { 16, 17, 240, 0, 17, 34, 26369 }, // U+1EEF
    { 20, 26, 298, 0, 21, 65, 26403 }, // U+1EF0
    { 16, 20, 240, 0, 15, 40, 26468 }, // U+1EF1
    { 18, 22, 262, -1, 22, 50, 26508 }, // U+1EF2
    { 13, 25, 192, 0, 17, 41, 26558 }, // U+1EF3
    { 18, 22, 262, -1, 17, 50, 26599 }, // U+1EF4
    { 12, 19, 192, 0, 11, 29, 26649 }, // U+1EF5
    { 18, 22, 262, -1, 22, 50, 26678 }, // U+1EF6
    { 13, 26, 192, 0, 18, 43, 26728 }, // U+1EF7
    { 18, 22, 262, -1, 22, 50, 26771 }, // U+1EF8
    { 13, 24, 192, 0, 16, 39, 26821 }, // U+1EF9
    { 0, 0, 233, 0, 0, 0, 26860 }, // U+2000
    { 0, 0, 269, 0, 0, 0, 26860 }, // U+2001
    { 0, 0, 233, 0, 0, 0, 26860 }, // U+2002
    { 0, 0, 269, 0, 0, 0, 26860 }, // U+2003
    { 0, 0, 221, 0, 0, 0, 26860 }, // U+2004
    { 0, 0, 215, 0, 0, 0, 26860 }, // U+2005
    { 0, 0, 209, 0, 0, 0, 26860 }, // U+2006
    { 0, 0, 235, 0, 0, 0, 26860 }, // U+2007
    { 0, 0, 213, 0, 0, 0, 26860 }, // U+2008
    { 0, 0, 204, 0, 0, 0, 26860 }, // U+2009
    { 0, 0, 198, 0, 0, 0, 26860 }, // U+200A
    { 0, 0, 197, 0, 0, 0, 26860 }, // U+200B
    { 0, 0, 197, 0, 0, 0, 26860 }, // U+200C
    { 0, 0, 197, 0, 0, 0, 26860 }, // U+200D
    { 0, 0, 221, 0, 0, 0, 26860 }, // U+200E
    { 0, 0, 221, 0, 0, 0, 26860 }, // U+200F
    { 7, 3, 126, 1, 7, 3, 26860 }, // U+2010
    { 7, 3, 126, 1, 7, 3, 26863 }, // U+2011
    { 16, 2, 263, 0, 6, 4, 26866 }, // U+2012
    { 14, 2, 253, 1, 6, 4, 26870 }, // U+2013
    { 23, 2, 384, 0, 6, 6, 26874 }, // U+2014
    { 54, 2, 882, 1, 6, 14, 26880 }, // U+2015
    { 7, 26, 181, 2, 18, 23, 26894 }, // U+2016
    { 5, 7, 96, 1, 18, 5, 26917 }, // U+2018
    { 5, 7, 96, 0, 18, 5, 26922 }, // U+2019
    { 5, 7, 96, 0, 3, 5, 26927 }, // U+201A
    { 10, 7, 176, 1, 18, 9, 26932 }, // U+201C
    { 10, 7, 176, 0, 18, 9, 26941 }, // U+201D
    { 10, 7, 176, 0, 3, 9, 26950 }, // U+201E
    { 11, 21, 194, 1, 17, 29, 26959 }, // U+2020
    { 11, 21, 194, 1, 17, 29, 26988 }, // U+2021
    { 8, 8, 149, 1, 13, 8, 27017 }, // U+2022
    { 4, 4, 99, 1, 4, 2, 27025 }, // U+2024
    { 11, 4, 204, 1, 4, 6, 27027 }, // U+2025
    { 17, 4, 298, 1, 4, 9, 27033 }, // U+2026
    { 4, 3, 79, 1, 11, 2, 27042 }, // U+2027
    { 0, 0, 197, 0, 0, 0, 27044 }, // U+202A
    { 24, 17, 408, 1, 17, 51, 27044 }, // U+2030
    { 3, 7, 76, 1, 17, 3, 27095 }, // U+2032
    { 7, 7, 131, 1, 17, 7, 27098 }, // U+2033
    { 10, 7, 186, 1, 17, 9, 27105 }, // U+2034
    { 4, 7, 75, 0, 17, 4, 27114 }, // U+2035
    { 8, 7, 130, 0, 17, 7, 27118 }, // U+2036
    { 11, 7, 186, 0, 17, 10, 27125 }, // U+2037
    { 8, 11, 149, 1, 11, 11, 27135 }, // U+2039
    { 8, 11, 149, 1, 11, 11, 27146 }, // U+203A
    { 10, 17, 207, 2, 17, 22, 27157 }, // U+203C
    { 8, 17, 157, 1, 17, 17, 27179 }, // U+203D
    { 14, 2, 228, 0, 16, 4, 27196 }, // U+203E
    { 13, 17, 20, -6, 17, 28, 27200 }, // U+2044
    { 16, 17, 278, 1, 17, 34, 27228 }, // U+2047
    { 13, 17, 244, 1, 17, 28, 27262 }, // U+2048
    { 12, 17, 244, 2, 17, 26, 27290 }, // U+2049
    { 16, 25, 251, 0, 17, 50, 27316 }, // U+204B
    { 9, 9, 143, 0, 8, 11, 27366 }, // U+204E
    { 14, 7, 242, 1, 17, 13, 27377 }, // U+2057
    { 0, 0, 197, 0, 0, 0, 27390 }, // U+2060
    { 7, 9, 137, 1, 20, 8, 27390 }, // U+2070
    { 6, 11, 96, 0, 18, 9, 27398 }, // U+2071
    { 9, 9, 133, -1, 20, 11, 27407 }, // U+2074
    { 7, 9, 116, 0, 20, 8, 27418 }, // U+2075
    { 7, 9, 126, 1, 20, 8, 27426 }, // U+2076
    { 8, 9, 123, 0, 20, 9, 27434 }, // U+2077
    { 8, 9, 126, 1, 20, 9, 27443 }, // U+2078
    { 8, 9, 134, 0, 19, 9, 27452 }, // U+2079
    { 9, 9, 166, 1, 20, 11, 27461 }, // U+207A
    { 10, 1, 155, 0, 15, 2, 27472 }, // U+207B
    { 10, 4, 160, 0, 17, 5, 27474 }, // U+207C
    { 5, 14, 80, 1, 22, 9, 27479 }, // U+207D
    { 5, 14, 80, -1, 22, 9, 27488 }, // U+207E
    { 11, 8, 169, 0, 15, 11, 27497 }, // U+207F
    { 7, 10, 137, 1, 6, 9, 27508 }, // U+2080
    { 6, 9, 100, 0, 5, 7, 27517 }, // U+2081
    { 8, 9, 136, 0, 5, 9, 27524 }, // U+2082
    { 7, 9, 118, 0, 5, 8, 27533 }, // U+2083
    { 9, 10, 133, -1, 6, 12, 27541 }, // U+2084
    { 7, 10, 116, 0, 6, 9, 27553 }, // U+2085
    { 7, 10, 126, 1, 6, 9, 27562 }, // U+2086
    { 8, 10, 123, 0, 6, 10, 27571 }, // U+2087
    { 8, 10, 126, 1, 6, 10, 27581 }, // U+2088
    { 8, 10, 134, 0, 5, 10, 27591 }, // U+2089
    { 9, 9, 166, 1, 5, 11, 27601 }, // U+208A
    { 10, 1, 154, 0, 1, 2, 27612 }, // U+208B
    { 10, 4, 160, 0, 3, 5, 27614 }, // U+208C
    { 5, 14, 80, 1, 7, 9, 27619 }, // U+208D
    { 5, 14, 80, -1, 7, 9, 27628 }, // U+208E
    { 8, 7, 136, 1, 3, 7, 27637 }, // U+2090
    { 8, 7, 129, 1, 3, 7, 27644 }, // U+2091
    { 8, 7, 152, 1, 3, 7, 27651 }, // U+2092
    { 10, 8, 149, 0, 3, 10, 27658 }, // U+2093
    { 7, 7, 121, 1, 2, 7, 27668 }, // U+2094
    { 11, 12, 166, 0, 9, 17, 27675 }, // U+2095
    { 11, 11, 169, 0, 8, 16, 27692 }, // U+2096
    { 6, 12, 93, 0, 9, 9, 27708 }, // U+2097
    { 15, 8, 236, 0, 5, 15, 27717 }, // U+2098
    { 11, 8, 169, 0, 5, 11, 27732 }, // U+2099
    { 10, 12, 165, 0, 5, 15, 27743 }, // U+209A
    { 7, 7, 113, 0, 4, 7, 27758 }, // U+209B
    { 8, 8, 115, -1, 5, 8, 27765 }, // U+209C
    { 16, 21, 284, 1, 19, 42, 27773 }, // U+20A1
    { 14, 17, 225, 0, 17, 30, 27815 }, // U+20A3
    { 14, 18, 227, 0, 17, 32, 27845 }, // U+20A4
    { 17, 19, 258, 0, 15, 41, 27877 }, // U+20A5
    { 22, 17, 331, -1, 17, 47, 27918 }, // U+20A6
    { 17, 17, 268, 0, 17, 37, 27965 }, // U+20A7
    { 23, 17, 369, 0, 17, 49, 28002 }, // U+20A8
    { 26, 17, 408, 0, 17, 56, 28051 }, // U+20A9
    { 19, 15, 349, 2, 15, 36, 28107 }, // U+20AA
    { 13, 20, 200, 1, 18, 33, 28143 }, // U+20AB
    { 19, 17, 295, 0, 17, 41, 28176 }, // U+20AC
    { 20, 17, 305, 0, 17, 43, 28217 }, // U+20AD
    { 18, 18, 278, 0, 18, 41, 28260 }, // U+20AE
    { 17, 17, 255, 0, 17, 37, 28301 }, // U+20B1
    { 17, 21, 288, 1, 18, 45, 28338 }, // U+20B2
    { 15, 17, 221, 0, 17, 32, 28383 }, // U+20B4
    { 16, 20, 284, 1, 18, 40, 28415 }, // U+20B5
    { 16, 17, 243, 0, 17, 34, 28455 }, // U+20B8
    { 13, 18, 211, 0, 17, 30, 28489 }, // U+20B9
    { 14, 17, 220, 0, 17, 30, 28519 }, // U+20BA
    { 19, 18, 298, 0, 18, 43, 28549 }, // U+20BC
    { 15, 17, 246, 0, 17, 32, 28592 }, // U+20BD
    { 25, 11, 404, 0, 13, 35, 28624 }, // U+2190
    { 11, 23, 179, 0, 18, 32, 28659 }, // U+2191
    { 25, 10, 404, 0, 13, 32, 28691 }, // U+2192
    { 11, 23, 178, 0, 18, 32, 28723 }, // U+2193
    { 25, 10, 403, 0, 13, 32, 28755 }, // U+2194
    { 11, 23, 176, 0, 17, 32, 28787 }, // U+2195
    { 19, 19, 307, 0, 14, 46, 28819 }, // U+2196
    { 19, 20, 312, 0, 15, 48, 28865 }, // U+2197
    { 19, 20, 307, 0, 15, 48, 28913 }, // U+2198
    { 20, 20, 312, 0, 15, 50, 28961 }, // U+2199
    { 25, 19, 404, 0, 17, 60, 29011 }, // U+219A
    { 25, 19, 404, 0, 17, 60, 29071 }, // U+219B
    { 25, 10, 404, 0, 12, 32, 29131 }, // U+219E
    { 11, 23, 178, 0, 17, 32, 29163 }, // U+219F
    { 25, 10, 404, 0, 13, 32, 29195 }, // U+21A0
    { 11, 23, 178, 0, 17, 32, 29227 }, // U+21A1
    { 23, 11, 372, 0, 13, 32, 29259 }, // U+21A2
    { 25, 19, 403, 0, 17, 60, 29291 }, // U+21AE
    { 24, 12, 386, 0, 13, 36, 29351 }, // U+21D0
    { 11, 23, 178, 0, 18, 32, 29387 }, // U+21D1
    { 24, 11, 386, 0, 13, 33, 29419 }, // U+21D2
    { 11, 23, 178, 1, 17, 32, 29452 }, // U+21D3
    { 25, 11, 402, 0, 14, 35, 29484 }, // U+21DA
    { 25, 11, 402, 0, 13, 35, 29519 }, // U+21DB
    { 12, 19, 206, 0, 18, 29, 29554 }, // U+2202
    { 16, 20, 271, 1, 17, 40, 29583 }, // U+2205
    { 15, 17, 261, 0, 17, 32, 29623 }, // U+2206
    { 15, 17, 275, 2, 16, 32, 29655 }, // U+2207
    { 20, 18, 316, 0, 17, 45, 29687 }, // U+220F
    { 20, 18, 316, 0, 17, 45, 29732 }, // U+2210
    { 15, 20, 222, -1, 17, 38, 29777 }, // U+2211
    { 15, 2, 245, 0, 7, 4, 29815 }, // U+2212
    { 15, 15, 240, 0, 15, 29, 29819 }, // U+2213
    { 10, 19, 162, 0, 17, 24, 29848 }, // U+2215
    { 10, 19, 162, 0, 17, 24, 29872 }, // U+2216
    { 5, 5, 96, 0, 8, 4, 29896 }, // U+2219
    { 16, 21, 174, -1, 18, 42, 29900 }, // U+221A
    { 20, 11, 327, 0, 11, 28, 29942 }, // U+221E
    { 3, 26, 110, 2, 18, 10, 29970 }, // U+2223
    { 11, 26, 110, -2, 18, 36, 29980 }, // U+2224
    { 7, 26, 175, 2, 18, 23, 30016 }, // U+2225
    { 13, 26, 175, -1, 18, 43, 30039 }, // U+2226
    { 15, 23, 149, -4, 17, 44, 30082 }, // U+222B
    { 5, 12, 113, 1, 11, 8, 30126 }, // U+2236
    { 13, 4, 218, 0, 10, 7, 30134 }, // U+223C
    { 13, 14, 218, 0, 15, 23, 30141 }, // U+2241
    { 13, 9, 218, 0, 11, 15, 30164 }, // U+2248
    { 14, 15, 252, 1, 14, 27, 30179 }, // U+2260
    { 14, 14, 239, 1, 14, 25, 30206 }, // U+2264
    { 14, 14, 239, 0, 14, 25, 30231 }, // U+2265
    { 20, 13, 335, 0, 12, 33, 30256 }, // U+226A
    { 20, 13, 335, 0, 12, 33, 30289 }, // U+226B
    { 13, 17, 216, 0, 14, 28, 30322 }, // U+226E
    { 13, 17, 216, 0, 14, 28, 30350 }, // U+226F
    { 5, 5, 102, 1, 8, 4, 30378 }, // U+22C5
    { 15, 5, 270, 1, 8, 10, 30382 }, // U+22EF
    { 20, 18, 266, 0, 18, 45, 30392 }, // U+FB00
    { 15, 18, 236, 0, 18, 34, 30437 }, // U+FB01
    { 15, 18, 241, 0, 18, 34, 30471 }, // U+FB02
    { 23, 18, 358, 0, 18, 52, 30505 }, // U+FB03
    { 23, 18, 362, 0, 18, 52, 30557 }, // U+FB04
    { 17, 18, 267, 0, 18, 39, 30609 }, // U+FB05
    { 18, 17, 285, 0, 17, 39, 30648 }, // U+FB06
    { 20, 20, 320, 0, 18, 50, 30687 }, // U+FFFD
};

static const EpdUnicodeInterval ebgaramond_12_boldIntervals[] = {
    { 0x0, 0x0, 0x0 },
    { 0xD, 0xD, 0x1 },
    { 0x20, 0x7E, 0x2 },
    { 0xA0, 0x17F, 0x61 },
    { 0x1A0, 0x1A1, 0x141 },
    { 0x1AF, 0x1B0, 0x143 },
    { 0x1C4, 0x21F, 0x145 },
    { 0x300, 0x33E, 0x1A1 },
    { 0x340, 0x345, 0x1E0 },
    { 0x34F, 0x34F, 0x1E6 },
    { 0x351, 0x351, 0x1E7 },
    { 0x353, 0x353, 0x1E8 },
    { 0x357, 0x357, 0x1E9 },
    { 0x35D, 0x35D, 0x1EA },
    { 0x361, 0x361, 0x1EB },
    { 0x364, 0x364, 0x1EC },
    { 0x400, 0x45F, 0x1ED },
    { 0x462, 0x463, 0x24D },
    { 0x46A, 0x46B, 0x24F },
    { 0x470, 0x470, 0x251 },
    { 0x472, 0x477, 0x252 },
    { 0x48A, 0x4FF, 0x258 },
    { 0x5D0, 0x5EA, 0x2CE },
    { 0x1EA0, 0x1EF9, 0x2E9 },
    { 0x2000, 0x2016, 0x343 },
    { 0x2018, 0x201A, 0x35A },
    { 0x201C, 0x201E, 0x35D },
    { 0x2020, 0x2022, 0x360 },
    { 0x2024, 0x2027, 0x363 },
    { 0x202A, 0x202A, 0x367 },
    { 0x2030, 0x2030, 0x368 },
    { 0x2032, 0x2037, 0x369 },
    { 0x2039, 0x203A, 0x36F },
    { 0x203C, 0x203E, 0x371 },
    { 0x2044, 0x2044, 0x374 },
    { 0x2047, 0x2049, 0x375 },
    { 0x204B, 0x204B, 0x378 },
    { 0x204E, 0x204E, 0x379 },
    { 0x2057, 0x2057, 0x37A },
    { 0x2060, 0x2060, 0x37B },
    { 0x2070, 0x2071, 0x37C },
    { 0x2074, 0x208E, 0x37E },
    { 0x2090, 0x209C, 0x399 },
    { 0x20A1, 0x20A1, 0x3A6 },
    { 0x20A3, 0x20AE, 0x3A7 },
    { 0x20B1, 0x20B2, 0x3B3 },
    { 0x20B4, 0x20B5, 0x3B5 },
    { 0x20B8, 0x20BA, 0x3B7 },
    { 0x20BC, 0x20BD, 0x3BA },
    { 0x2190, 0x219B, 0x3BC },
    { 0x219E, 0x21A2, 0x3C8 },
    { 0x21AE, 0x21AE, 0x3CD },
    { 0x21D0, 0x21D3, 0x3CE },
    { 0x21DA, 0x21DB, 0x3D2 },
    { 0x2202, 0x2202, 0x3D4 },
    { 0x2205, 0x2207, 0x3D5 },
    { 0x220F, 0x2213, 0x3D8 },
    { 0x2215, 0x2216, 0x3DD },
    { 0x2219, 0x221A, 0x3DF },
    { 0x221E, 0x221E, 0x3E1 },
    { 0x2223, 0x2226, 0x3E2 },
    { 0x222B, 0x222B, 0x3E6 },
    { 0x2236, 0x2236, 0x3E7 },
    { 0x223C, 0x223C, 0x3E8 },
    { 0x2241, 0x2241, 0x3E9 },
    { 0x2248, 0x2248, 0x3EA },
    { 0x2260, 0x2260, 0x3EB },
    { 0x2264, 0x2265, 0x3EC },
    { 0x226A, 0x226B, 0x3EE },
    { 0x226E, 0x226F, 0x3F0 },
    { 0x22C5, 0x22C5, 0x3F2 },
    { 0x22EF, 0x22EF, 0x3F3 },
    { 0xFB00, 0xFB06, 0x3F4 },
    { 0xFFFD, 0xFFFD, 0x3FB },
};

static const uint16_t ebgaramond_12_boldKernLeftCodepoints[] = {
    0x0026, 0x0028, 0x002A, 0x002C, 0x002D, 0x002E, 0x002F, 0x003A, 0x0040, 0x0041, 0x0042, 0x0043,
    0x0044, 0x0045, 0x0046, 0x0047, 0x0048, 0x0049, 0x004A, 0x004B, 0x004C, 0x004D, 0x004E, 0x004F,
    0x0050, 0x0051, 0x0052, 0x0053, 0x0054, 0x0055, 0x0056, 0x0057, 0x0058, 0x0059, 0x005A, 0x005B,
    0x005C, 0x0061, 0x0062, 0x0063, 0x0064, 0x0065, 0x0066, 0x0067, 0x0068, 0x0069, 0x006B, 0x006C,
    0x006D, 0x006E, 0x006F, 0x0070, 0x0071, 0x0072, 0x0073, 0x0074, 0x0075, 0x0076, 0x0077, 0x0078,
    0x0079, 0x00A1, 0x00A7, 0x00AB, 0x00AE, 0x00B6, 0x00B7, 0x00BB, 0x00BF, 0x00C0, 0x00C1, 0x00C2,
    0x00C3, 0x00C4, 0x00C5, 0x00C6, 0x00C7, 0x00C8, 0x00C9, 0x00CA, 0x00CB, 0x00CC, 0x00CD, 0x00CE,
    0x00CF, 0x00D0, 0x00D1, 0x00D2, 0x00D3, 0x00D4, 0x00D5, 0x00D6, 0x00D8, 0x00D9, 0x00DA, 0x00DB,
    0x00DC, 0x00DD, 0x00DE, 0x00DF, 0x00E0, 0x00E1, 0x00E2, 0x00E3, 0x00E4, 0x00E5, 0x00E6, 0x00E7,
    0x00E8, 0x00E9, 0x00EA, 0x00EB, 0x00EC, 0x00ED, 0x00EE, 0x00EF, 0x00F1, 0x00F2, 0x00F3, 0x00F4,
    0x00F5, 0x00F6, 0x00F8, 0x00F9, 0x00FA, 0x00FB, 0x00FC, 0x00FD, 0x00FE, 0x00FF, 0x0100, 0x0101,
    0x0102, 0x0103, 0x0104, 0x0105, 0x0106, 0x0107, 0x0108, 0x0109, 0x010A, 0x010B, 0x010C, 0x010D,
    0x010E, 0x010F, 0x0110, 0x0111, 0x0112, 0x0113, 0x0114, 0x0115, 0x0116, 0x0117, 0x0118, 0x0119,
    0x011A, 0x011B, 0x011C, 0x011D, 0x011E, 0x011F, 0x0120, 0x0121, 0x0122, 0x0123, 0x0124, 0x0125,
    0x0126, 0x0127, 0x0128, 0x012A, 0x012C, 0x012D, 0x012E, 0x0130, 0x0131, 0x0132, 0x0134, 0x0136,
    0x0137, 0x0138, 0x0139, 0x013A, 0x013B, 0x013C, 0x013D, 0x013E, 0x013F, 0x0141, 0x0142, 0x0143,
    0x0144, 0x0145, 0x0146, 0x0147, 0x0148, 0x0149, 0x014A, 0x014C, 0x014D, 0x014E, 0x014F, 0x0150,
    0x0151, 0x0152, 0x0153, 0x0154, 0x0155, 0x0156, 0x0157, 0x0158, 0x0159, 0x015A, 0x015B, 0x015C,
    0x015D, 0x015E, 0x015F, 0x0160, 0x0161, 0x0162, 0x0163, 0x0164, 0x0166, 0x0167, 0x0168, 0x0169,
    0x016A, 0x016B, 0x016C, 0x016D, 0x016E, 0x016F, 0x0170, 0x0171, 0x0172, 0x0173, 0x0174, 0x0175,
    0x0176, 0x0177, 0x0178, 0x0179, 0x017B, 0x017D, 0x017F, 0x01A0, 0x01AF, 0x01C4, 0x01C7, 0x01CA,
    0x01CD, 0x01CE, 0x01CF, 0x01D0, 0x01D1, 0x01D2, 0x01D3, 0x01D4, 0x01D5, 0x01D6, 0x01D7, 0x01D8,
    0x01D9, 0x01DA, 0x01DB, 0x01DC, 0x01DD, 0x01DE, 0x01DF, 0x01E0, 0x01E1, 0x01E2, 0x01E3, 0x01E4,
    0x01E5, 0x01E6, 0x01E7, 0x01E8, 0x01E9, 0x01EA, 0x01EB, 0x01EC, 0x01ED, 0x01EE, 0x01EF, 0x01F1,
    0x01F4, 0x01F5, 0x01F6, 0x01F7, 0x01F8, 0x01F9, 0x01FA, 0x01FB, 0x01FC, 0x01FD, 0x01FE, 0x01FF,
    0x0200, 0x0201, 0x0202, 0x0203, 0x0204, 0x0205, 0x0206, 0x0207, 0x0208, 0x0209, 0x020A, 0x020B,
    0x020C, 0x020D, 0x020E, 0x020F, 0x0210, 0x0211, 0x0212, 0x0213, 0x0214, 0x0215, 0x0216, 0x0217,
    0x0218, 0x0219, 0x021A, 0x021B, 0x021E, 0x021F, 0x0400, 0x0401, 0x0402, 0x0403, 0x0404, 0x0405,
    0x0406, 0x0407, 0x0408, 0x0409, 0x040A, 0x040B, 0x040C, 0x040D, 0x040E, 0x040F, 0x0410, 0x0411,
    0x0412, 0x0413, 0x0414, 0x0415, 0x0416, 0x0417, 0x0418, 0x0419, 0x041A, 0x041B, 0x041C, 0x041D,
    0x041E, 0x041F, 0x0420, 0x0421, 0x0422, 0x0423, 0x0424, 0x0425, 0x0426, 0x0427, 0x0428, 0x0429,
    0x042A, 0x042B, 0x042C, 0x042D, 0x042E, 0x042F, 0x0430, 0x0431, 0x0432, 0x0433, 0x0434, 0x0435,
    0x0436, 0x0437, 0x0438, 0x0439, 0x043A, 0x043B, 0x043C, 0x043D, 0x043E, 0x043F, 0x0440, 0x0441,
    0x0442, 0x0443, 0x0444, 0x0445, 0x0446, 0x0447, 0x0448, 0x0449, 0x044A, 0x044B, 0x044C, 0x044D,
    0x044E, 0x044F, 0x0450, 0x0451, 0x0452, 0x0453, 0x0454, 0x0455, 0x0456, 0x0457, 0x0459, 0x045A,
    0x045B, 0x045C, 0x045D, 0x045E, 0x045F, 0x0462, 0x0463, 0x046A, 0x046B, 0x0470, 0x0472, 0x0473,
    0x0474, 0x0475, 0x0476, 0x0477, 0x048A, 0x048B, 0x048C, 0x048D, 0x048E, 0x048F, 0x0490, 0x0491,
    0x0492, 0x0493, 0x0494, 0x0495, 0x0496, 0x0497, 0x0498, 0x0499, 0x049A, 0x049B, 0x049C, 0x049D,
    0x049E, 0x049F, 0x04A0, 0x04A1, 0x04A2, 0x04A3, 0x04A4, 0x04A5, 0x04A6, 0x04A7, 0x04A8, 0x04A9,
    0x04AA, 0x04AB, 0x04AC, 0x04AD, 0x04AE, 0x04AF, 0x04B0, 0x04B1, 0x04B2, 0x04B3, 0x04B4, 0x04B5,
    0x04B6, 0x04B7, 0x04B8, 0x04B9, 0x04BA, 0x04BB, 0x04BC, 0x04BD, 0x04BE, 0x04BF, 0x04C0, 0x04C1,
    0x04C2, 0x04C3, 0x04C4, 0x04C5, 0x04C6, 0x04C7, 0x04C8, 0x04C9, 0x04CA, 0x04CB, 0x04CC, 0x04CD,
    0x04CE, 0x04D0, 0x04D1, 0x04D2, 0x04D3, 0x04D4, 0x04D5, 0x04D6, 0x04D7, 0x04D8, 0x04D9, 0x04DA,
    0x04DB, 0x04DC, 0x04DD, 0x04DE, 0x04DF, 0x04E0, 0x04E1, 0x04E2, 0x04E3, 0x04E4, 0x04E5, 0x04E6,
    0x04E7, 0x04E8, 0x04E9, 0x04EA, 0x04EB, 0x04EC, 0x04ED, 0x04EE, 0x04EF, 0x04F0, 0x04F1, 0x04F2,
    0x04F3, 0x04F4, 0x04F5, 0x04F6, 0x04F7, 0x04F8, 0x04F9, 0x04FA, 0x04FB, 0x04FC, 0x04FD, 0x04FE,
    0x04FF, 0x05D0, 0x05D1, 0x05D2, 0x05D3, 0x05D5, 0x05D8, 0x05D9, 0x05DB, 0x05DC, 0x05DE, 0x05E0,
    0x05E1, 0x05E2, 0x05E4, 0x05E6, 0x05E8, 0x05E9, 0x05EA, 0x1EA0, 0x1EA1, 0x1EA2, 0x1EA3, 0x1EA4,
    0x1EA5, 0x1EA6, 0x1EA7, 0x1EA8, 0x1EA9, 0x1EAA, 0x1EAB, 0x1EAC, 0x1EAD, 0x1EAE, 0x1EAF, 0x1EB0,
    0x1EB1, 0x1EB2, 0x1EB3, 0x1EB4, 0x1EB5, 0x1EB6, 0x1EB7, 0x1EB8, 0x1EB9, 0x1EBA, 0x1EBB, 0x1EBC,
    0x1EBD, 0x1EBE, 0x1EBF, 0x1EC0, 0x1EC1, 0x1EC2, 0x1EC3, 0x1EC4, 0x1EC5, 0x1EC6, 0x1EC7, 0x1EC8,
    0x1EC9, 0x1ECA, 0x1ECB, 0x1ECC, 0x1ECD, 0x1ECE, 0x1ECF, 0x1ED0, 0x1ED1, 0x1ED2, 0x1ED3, 0x1ED4,
    0x1ED5, 0x1ED6, 0x1ED7, 0x1ED8, 0x1ED9, 0x1EDA, 0x1EDC, 0x1EDE, 0x1EE0, 0x1EE2, 0x1EE4, 0x1EE5,
    0x1EE6, 0x1EE7, 0x1EE8, 0x1EEA, 0x1EEC, 0x1EEE, 0x1EF0, 0x1EF2, 0x1EF3, 0x1EF4, 0x1EF5, 0x1EF6,
    0x1EF7, 0x1EF8, 0x1EF9, 0x2018, 0x2019, 0x201A, 0x201C, 0x201D, 0x201E, 0x2020, 0x2022, 0x203A,
};

static const uint8_t ebgaramond_12_boldKernLeftClassIds[] = {
      1,   2,   3,   4,   5,   4,   6,   7,   8,   9,  10,  11,  12,  13,  14,  15,
     16,  16,  17,  18,  19,  20,  21,  12,  22,  12,  23,  24,  25,  26,  27,  27,
     28,  29,  30,  31,  32,  33,  34,  35,  36,  37,  38,  39,  40,  41,  42,  36,
     40,  40,  34,  34,  43,  44,  45,  46,  41,  47,  47,  48,  47,  49,  50,  51,
     52,  53,  54,  55,  56,   9,   9,   9,   9,   9,   9,  13,  11,  13,  13,  13,
     13,  16,  16,  16,  16,  12,  21,  12,  12,  12,  12,  12,  12,  26,  26,  26,
     26,  29,  57,  58,  33,  33,  33,  33,  33,  33,  37,  35,  37,  37,  37,  37,
     41,  41,  41,  41,  40,  34,  34,  34,  34,  34,  34,  41,  41,  41,  41,  47,
     34,  47,   9,  33,   9,  33,   9,  33,  11,  35,  11,  35,  11,  35,  11,  35,
     12,  59,  12,  36,  13,  37,  13,  37,  13,  37,  13,  37,  13,  37,  15,  39,
     15,  39,  15,  39,  15,  39,  16,  40,  16,  40,  16,  16,  16,  41,  16,  16,
     41,  17,  17,  18,  42,  42,  19,  36,  19,  36,  19,  59,  19,  19,  36,  21,
     40,  21,  40,  21,  40,  40,  21,  12,  34,  12,  34,  12,  34,  13,  37,  23,
     44,  23,  44,  23,  44,  24,  45,  24,  45,  24,  45,  24,  45,  25,  46,  25,
     25,  46,  26,  41,  26,  41,  26,  41,  26,  41,  26,  41,  26,  41,  27,  47,
     29,  47,  29,  30,  30,  30,  60,  12,  26,  30,  17,  17,   9,  33,  16,  41,
     12,  34,  26,  41,  26,  41,  26,  41,  26,  41,  26,  41,  34,   9,  33,   9,
     33,  13,  37,  15,  39,  15,  39,  18,  42,  12,  34,  12,  34,  61,  62,  30,
     15,  39,  63,  64,  21,  40,   9,  33,  13,  37,  12,  34,   9,  33,   9,  33,
     13,  37,  13,  37,  16,  41,  16,  41,  12,  34,  12,  34,  23,  44,  23,  44,
     26,  41,  26,  41,  24,  45,  25,  46,  16,  40,  13,  13,  65,  66,  11,  24,
     16,  16,  17,  67,  67,  68,  69,  16,  27,  16,   9,  70,  10,  66,  16,  13,
     69,  10,  16,  16,  69,  16,  20,  16,  12,  16,  22,  11,  25,  27,  71,  28,
     16,  16,  16,  16,  67,  16,  67,  12,  12,  16,  33,  34,  72,  73,  74,  37,
     75,  72,  74,  74,  75,  74,  76,  74,  34,  74,  34,  35,  77,  47,  34,  48,
     74,  74,  74,  74,  78,  74,  78,  34,  34,  74,  37,  37,  79,  73,  35,  45,
     41,  41,  78,  78,  40,  75,  74,  47,  74,  80,  81,  82,  83,  84,  12,  34,
     27,  85,  27,  85,  16,  74,  80,  81,  22,  34,  66,  86,  66,  73,  87,  88,
     69,  75,  10,  72,  69,  75,  69,  75,  69,  75,  69,  75,  16,  74,  25,  77,
     89,  79,  90,  91,  11,  35,  25,  77,  29,  47,  29,  47,  28,  48,  16,  74,
     16,  74,  16,  74,  92,  40,  93,  37,  93,  37,  16,  69,  75,  94,  95,  16,
     74,  17,  96,  16,  74,  16,  74,  20,  76,   9,  33,   9,  33,  13,  37,  13,
     37,  12,  34,  12,  34,  69,  75,  10,  72,  61,  62,  16,  74,  16,  74,  12,
     34,  12,  34,  12,  34,  12,  34,  27,  47,  27,  47,  27,  47,  16,  74,  66,
     73,  16,  74,  66,  73,  97,  98,  28,  48,  99, 100, 101, 102, 103, 104, 105,
    106, 107, 108, 109, 110, 111, 112, 113, 114, 115, 116,   9,  33,   9,  33,   9,
     33,   9,  33,   9,  33,   9,  33,   9,  33,   9,  33,   9,  33,   9,  33,   9,
     33,   9,  33,  13,  37,  13,  37,  13,  37,  13,  37,  13,  37,  13,  37,  13,
     37,  13,  37,  16,  41,  16,  41,  12,  34,  12,  34,  12,  34,  12,  34,  12,
     34,  12,  34,  12,  34,  12,  12,  12,  12,  12,  26,  41,  26,  41,  26,  26,
     26,  26,  26,  29,  47,  29,  47,  29,  47,  29,  47, 117, 118,   4, 117, 118,
      4, 119, 120, 121,
};

static const uint16_t ebgaramond_12_boldKernRightCodepoints[] = {
    0x0021, 0x0026, 0x0029, 0x002A, 0x002C, 0x002D, 0x002E, 0x002F, 0x003A, 0x003B, 0x003F, 0x0040,
    0x0041, 0x0042, 0x0043, 0x0044, 0x0045, 0x0046, 0x0047, 0x0048, 0x0049, 0x004A, 0x004B, 0x004C,
    0x004D, 0x004E, 0x004F, 0x0050, 0x0051, 0x0052, 0x0053, 0x0054, 0x0055, 0x0056, 0x0057, 0x0058,
    0x0059, 0x005C, 0x005D, 0x0061, 0x0062, 0x0063, 0x0064, 0x0065, 0x0066, 0x0067, 0x0068, 0x0069,
    0x006A, 0x006B, 0x006C, 0x006D, 0x006E, 0x006F, 0x0070, 0x0071, 0x0072, 0x0073, 0x0074, 0x0075,
    0x0076, 0x0077, 0x0078, 0x0079, 0x007A, 0x007D, 0x00A7, 0x00AB, 0x00AE, 0x00B6, 0x00B7, 0x00BB,
    0x00C0, 0x00C1, 0x00C2, 0x00C3, 0x00C4, 0x00C5, 0x00C6, 0x00C7, 0x00C8, 0x00C9, 0x00CA, 0x00CB,
    0x00CC, 0x00CD, 0x00CE, 0x00CF, 0x00D0, 0x00D1, 0x00D2, 0x00D3, 0x00D4, 0x00D5, 0x00D6, 0x00D8,
    0x00D9, 0x00DA, 0x00DB, 0x00DC, 0x00DD, 0x00DE, 0x00DF, 0x00E0, 0x00E1, 0x00E2, 0x00E3, 0x00E4,
    0x00E5, 0x00E6, 0x00E7, 0x00E8, 0x00E9, 0x00EA, 0x00EB, 0x00EC, 0x00ED, 0x00EE, 0x00EF, 0x00F0,
    0x00F1, 0x00F2, 0x00F3, 0x00F4, 0x00F5, 0x00F6, 0x00F8, 0x00F9, 0x00FA, 0x00FB, 0x00FC, 0x00FD,
    0x00FE, 0x00FF, 0x0100, 0x0101, 0x0102, 0x0103, 0x0104, 0x0105, 0x0106, 0x0107, 0x0108, 0x0109,
    0x010A, 0x010B, 0x010C, 0x010D, 0x010E, 0x010F, 0x0110, 0x0111, 0x0112, 0x0113, 0x0114, 0x0115,
    0x0116, 0x0117, 0x0118, 0x0119, 0x011A, 0x011B, 0x011C, 0x011D, 0x011E, 0x011F, 0x0120, 0x0121,
    0x0122, 0x0123, 0x0124, 0x0125, 0x0126, 0x0127, 0x0128, 0x0129, 0x012A, 0x012B, 0x012C, 0x012D,
    0x012E, 0x012F, 0x0130, 0x0131, 0x0132, 0x0133, 0x0134, 0x0135, 0x0136, 0x0137, 0x0138, 0x0139,
    0x013A, 0x013B, 0x013C, 0x013D, 0x013E, 0x013F, 0x0140, 0x0141, 0x0142, 0x0143, 0x0144, 0x0145,
    0x0146, 0x0147, 0x0148, 0x0149, 0x014A, 0x014B, 0x014C, 0x014D, 0x014E, 0x014F, 0x0150, 0x0151,
    0x0152, 0x0153, 0x0154, 0x0155, 0x0156, 0x0157, 0x0158, 0x0159, 0x015A, 0x015B, 0x015C, 0x015D,
    0x015E, 0x015F, 0x0160, 0x0161, 0x0162, 0x0163, 0x0164, 0x0165, 0x0166, 0x0167, 0x0168, 0x0169,
    0x016A, 0x016B, 0x016C, 0x016D, 0x016E, 0x016F, 0x0170, 0x0171, 0x0172, 0x0173, 0x0174, 0x0175,
    0x0176, 0x0177, 0x0178, 0x017A, 0x017C, 0x017E, 0x017F, 0x01A0, 0x01A1, 0x01AF, 0x01B0, 0x01C4,
    0x01C5, 0x01C6, 0x01C7, 0x01C8, 0x01C9, 0x01CA, 0x01CB, 0x01CC, 0x01CD, 0x01CE, 0x01CF, 0x01D0,
    0x01D1, 0x01D2, 0x01D3, 0x01D4, 0x01D5, 0x01D6, 0x01D7, 0x01D8, 0x01D9, 0x01DA, 0x01DB, 0x01DC,
    0x01DD, 0x01DE, 0x01DF, 0x01E0, 0x01E1, 0x01E2, 0x01E3, 0x01E4, 0x01E5, 0x01E6, 0x01E7, 0x01E8,
    0x01E9, 0x01EA, 0x01EB, 0x01EC, 0x01ED, 0x01EE, 0x01EF, 0x01F0, 0x01F1, 0x01F2, 0x01F3, 0x01F4,
    0x01F5, 0x01F6, 0x01F8, 0x01F9, 0x01FA, 0x01FB, 0x01FC, 0x01FD, 0x01FE, 0x01FF, 0x0200, 0x0201,
    0x0202, 0x0203, 0x0204, 0x0205, 0x0206, 0x0207, 0x0208, 0x0209, 0x020A, 0x020B, 0x020C, 0x020D,
    0x020E, 0x020F, 0x0210, 0x0211, 0x0212, 0x0213, 0x0214, 0x0215, 0x0216, 0x0217, 0x0218, 0x0219,
    0x021A, 0x021B, 0x021E, 0x021F, 0x0400, 0x0401, 0x0402, 0x0403, 0x0404, 0x0405, 0x0406, 0x0407,
    0x0408, 0x0409, 0x040A, 0x040B, 0x040C, 0x040D, 0x040E, 0x040F, 0x0410, 0x0411, 0x0412, 0x0413,
    0x0414, 0x0415, 0x0416, 0x0417, 0x0418, 0x0419, 0x041A, 0x041B, 0x041C, 0x041D, 0x041E, 0x041F,
    0x0420, 0x0421, 0x0422, 0x0423, 0x0424, 0x0425, 0x0426, 0x0427, 0x0428, 0x0429, 0x042A, 0x042B,
    0x042C, 0x042D, 0x042E, 0x042F, 0x0430, 0x0431, 0x0432, 0x0433, 0x0434, 0x0435, 0x0436, 0x0437,
    0x0438, 0x0439, 0x043A, 0x043B, 0x043C, 0x043D, 0x043E, 0x043F, 0x0440, 0x0441, 0x0442, 0x0443,
    0x0444, 0x0445, 0x0446, 0x0447, 0x0448, 0x0449, 0x044A, 0x044B, 0x044C, 0x044D, 0x044E, 0x044F,
    0x0450, 0x0451, 0x0452, 0x0453, 0x0454, 0x0455, 0x0456, 0x0457, 0x0458, 0x0459, 0x045A, 0x045B,
    0x045C, 0x045D, 0x045E, 0x045F, 0x0462, 0x0463, 0x046A, 0x046B, 0x0470, 0x0472, 0x0473, 0x0474,
    0x0475, 0x0476, 0x0477, 0x048A, 0x048B, 0x048C, 0x048D, 0x048E, 0x048F, 0x0490, 0x0491, 0x0492,
    0x0493, 0x0494, 0x0495, 0x0496, 0x0497, 0x0498, 0x0499, 0x049A, 0x049B, 0x049C, 0x049D, 0x049E,
    0x049F, 0x04A0, 0x04A1, 0x04A2, 0x04A3, 0x04A4, 0x04A5, 0x04A6, 0x04A7, 0x04A8, 0x04A9, 0x04AA,
    0x04AB, 0x04AC, 0x04AD, 0x04AE, 0x04AF, 0x04B0, 0x04B1, 0x04B2, 0x04B3, 0x04B4, 0x04B5, 0x04B6,
    0x04B7, 0x04B8, 0x04B9, 0x04BA, 0x04BB, 0x04BC, 0x04BD, 0x04BE, 0x04BF, 0x04C0, 0x04C1, 0x04C2,
    0x04C3, 0x04C4, 0x04C5, 0x04C6, 0x04C7, 0x04C8, 0x04C9, 0x04CA, 0x04CB, 0x04CC, 0x04CD, 0x04CE,
    0x04D0, 0x04D1, 0x04D2, 0x04D3, 0x04D4, 0x04D5, 0x04D6, 0x04D7, 0x04D8, 0x04D9, 0x04DA, 0x04DB,
    0x04DC, 0x04DD, 0x04DE, 0x04DF, 0x04E0, 0x04E1, 0x04E2, 0x04E3, 0x04E4, 0x04E5, 0x04E6, 0x04E7,
    0x04E8, 0x04E9, 0x04EA, 0x04EB, 0x04EC, 0x04ED, 0x04EE, 0x04EF, 0x04F0, 0x04F1, 0x04F2, 0x04F3,
    0x04F4, 0x04F5, 0x04F6, 0x04F7, 0x04F8, 0x04F9, 0x04FA, 0x04FB, 0x04FC, 0x04FD, 0x04FE, 0x04FF,
    0x05D1, 0x05D2, 0x05D3, 0x05D4, 0x05D6, 0x05D7, 0x05D8, 0x05D9, 0x05DA, 0x05DB, 0x05DC, 0x05DD,
    0x05DE, 0x05E1, 0x05E2, 0x05E3, 0x05E4, 0x05E7, 0x05E8, 0x05E9, 0x05EA, 0x1EA0, 0x1EA1, 0x1EA2,
    0x1EA3, 0x1EA4, 0x1EA5, 0x1EA6, 0x1EA7, 0x1EA8, 0x1EA9, 0x1EAA, 0x1EAB, 0x1EAC, 0x1EAD, 0x1EAE,
    0x1EAF, 0x1EB0, 0x1EB1, 0x1EB2, 0x1EB3, 0x1EB4, 0x1EB5, 0x1EB6, 0x1EB7, 0x1EB8, 0x1EB9, 0x1EBA,
    0x1EBB, 0x1EBC, 0x1EBD, 0x1EBE, 0x1EBF, 0x1EC0, 0x1EC1, 0x1EC2, 0x1EC3, 0x1EC4, 0x1EC5, 0x1EC6,
    0x1EC7, 0x1EC8, 0x1EC9, 0x1ECA, 0x1ECB, 0x1ECC, 0x1ECD, 0x1ECE, 0x1ECF, 0x1ED0, 0x1ED1, 0x1ED2,
    0x1ED3, 0x1ED4, 0x1ED5, 0x1ED6, 0x1ED7, 0x1ED8, 0x1ED9, 0x1EDA, 0x1EDB, 0x1EDC, 0x1EDD, 0x1EDE,
    0x1EDF, 0x1EE0, 0x1EE1, 0x1EE2, 0x1EE3, 0x1EE4, 0x1EE5, 0x1EE6, 0x1EE7, 0x1EE8, 0x1EE9, 0x1EEA,
    0x1EEB, 0x1EEC, 0x1EED, 0x1EEE, 0x1EEF, 0x1EF0, 0x1EF1, 0x1EF2, 0x1EF3, 0x1EF4, 0x1EF5, 0x1EF6,
    0x1EF7, 0x1EF8, 0x1EF9, 0x2018, 0x2019, 0x201A, 0x201C, 0x201D, 0x201E, 0x2020, 0x2022, 0x2039,
    0x203C, 0x203D, 0x2047, 0x2048, 0x2049,
};

static const uint8_t ebgaramond_12_boldKernRightClassIds[] = {
      1,   2,   3,   4,   5,   6,   5,   7,   8,   8,   9,  10,  11,  12,  13,  12,
     12,  12,  13,  12,  12,  14,  12,  12,  15,  12,  13,  12,  13,  12,  16,  17,
     18,  19,  19,  20,  21,  22,   3,  23,  24,  25,  25,  25,  26,  27,  28,  29,
     30,  28,  28,  31,  31,  25,  31,  25,  31,  32,  33,  34,  35,  35,  36,  37,
     38,   3,  39,  40,  41,  42,  43,  44,  11,  11,  11,  11,  11,  11,  45,  13,
     12,  12,  12,  12,  12,  12,  12,  12,  12,  12,  13,  13,  13,  13,  13,  13,
     18,  18,  18,  18,  21,  12,  26,  23,  23,  23,  23,  23,  23,  23,  25,  25,
     25,  25,  25,  29,  29,  29,  29,  46,  31,  25,  25,  25,  25,  25,  25,  34,
     34,  34,  34,  37,  28,  37,  11,  23,  11,  23,  11,  23,  13,  25,  13,  25,
     13,  25,  13,  25,  12,  25,  12,  25,  12,  25,  12,  25,  12,  25,  12,  25,
     12,  25,  13,  27,  13,  27,  13,  27,  13,  27,  12,  28,  12,  28,  12,  29,
     12,  29,  12,  29,  12,  29,  12,  31,  12,  29,  14,  47,  12,  28,  31,  12,
     28,  12,  28,  12,  28,  12,  28,  12,  28,  12,  31,  12,  31,  12,  31,  31,
     12,  31,  13,  25,  13,  25,  13,  25,  13,  25,  12,  31,  12,  31,  12,  31,
     16,  32,  16,  32,  16,  32,  16,  32,  17,  33,  17,  33,  17,  33,  18,  34,
     18,  34,  18,  34,  18,  34,  18,  34,  18,  34,  19,  35,  21,  37,  21,  38,
     38,  38,  26,  13,  25,  18,  34,  12,  12,  25,  12,  12,  28,  12,  12,  31,
     11,  23,  12,  29,  13,  25,  18,  34,  18,  34,  18,  34,  18,  34,  18,  34,
     48,  11,  23,  11,  23,  45,  23,  13,  27,  13,  27,  12,  28,  13,  25,  13,
     25,  49,  38,  47,  12,  12,  25,  13,  27,  12,  12,  31,  11,  23,  45,  23,
     13,  25,  11,  23,  11,  23,  12,  25,  12,  25,  12,  29,  12,  31,  13,  25,
     13,  25,  12,  31,  12,  31,  18,  34,  18,  34,  16,  32,  17,  33,  12,  28,
     12,  12,  50,  12,  13,  16,  12,  12,  14,  51,  12,  50,  12,  12,  52,  12,
     11,  12,  12,  12,  51,  12,  53,  49,  12,  12,  12,  51,  15,  12,  13,  12,
     12,  13,  17,  52,  54,  20,  12,  55,  12,  12,  50,  12,  12,  49,  12,  56,
     23,  57,  31,  31,  58,  25,  59,  60,  31,  31,  31,  58,  61,  31,  25,  31,
     31,  25,  62,  37,  25,  36,  31,  63,  31,  31,  62,  31,  31,  60,  31,  64,
     25,  25,  28,  31,  25,  32,  29,  29,  65,  58,  31,  28,  31,  31,  37,  31,
     66,  67,  68,  69,  70,  13,  25,  19,  35,  19,  35,  12,  31,  71,  67,  12,
     31,  12,  31,  12,  31,  12,  31,  53,  59,  49,  60,  12,  31,  12,  31,  71,
     67,  50,  62,  12,  31,  12,  31,  12,  31,  13,  25,  13,  25,  17,  62,  21,
     35,  21,  35,  20,  36,  50,  62,  55,  63,  55,  63,  12,  28,  72,  73,  72,
     73,  12,  53,  59,  12,  31,  51,  58,  12,  31,  12,  31,  55,  63,  15,  61,
     11,  23,  11,  23,  45,  23,  12,  25,  74,  48,  74,  48,  53,  59,  49,  60,
     49,  38,  12,  31,  12,  31,  13,  25,  13,  25,  13,  25,  49,  60,  52,  37,
     52,  37,  52,  37,  55,  63,  12,  31,  12,  31,  14,  75,  20,  36,  20,  36,
     76,  77,  78,  79,  80,  81,  82,  83,  84,  85,  86,  87,  88,  89,  90,  91,
     92,  93,  94,  95,  96,  11,  23,  11,  23,  11,  23,  11,  23,  11,  23,  11,
     23,  11,  23,  11,  23,  11,  23,  11,  23,  11,  23,  11,  23,  12,  25,  12,
     25,  12,  25,  12,  25,  12,  25,  12,  25,  12,  25,  12,  25,  12,  29,  12,
     29,  13,  25,  13,  25,  13,  25,  13,  25,  13,  25,  13,  25,  13,  25,  13,
     25,  13,  25,  13,  25,  13,  25,  13,  25,  18,  34,  18,  34,  18,  34,  18,
     34,  18,  34,  18,  34,  18,  34,  21,  37,  21,  37,  21,  37,  21,  37,  97,
     98,   5,  97,  98,   5,  99, 100, 101,   1,   9,   9,   9,   1,
};

static const uint16_t ebgaramond_12_boldKernRowOffsets[] = {
        0,     8,    10,    19,    35,    44,    68,    75,    80,   116,   129,   141,   161,   167,   183,   190,
      194,   205,   218,   228,   238,   253,   270,   286,   290,   339,   355,   410,   432,   486,   487,   489,
      505,   527,   554,   579,   585,   600,   625,   633,   645,   648,   654,   658,   663,   668,   669,   686,
      695,   701,   702,   709,   714,   737,   755,   775,   779,   783,   789,   795,   801,   814,   822,   828,
      836,   851,   893,   917,   932,   950,   969,   984,   998,  1006,  1008,  1015,  1016,  1020,  1043,  1056,
     1064,  1069,  1096,  1107,  1138,  1147,  1151,  1166,  1169,  1183,  1186,  1194,  1214,  1215,  1216,  1218,
     1221,  1251,  1253,  1259,  1261,  1265,  1274,  1280,  1285,  1296,  1302,  1310,  1315,  1317,  1322,  1323,
     1330,  1336,  1345,  1353,  1361,  1367,  1377,  1386,  1398,  1403,
};

static const uint8_t ebgaramond_12_boldKernSparseCols[] = {
     16,  18,  20,  24,  49,  51,  54,  59,  12,  13,  10,  22,  24,  50,  55,  57,
     59,  63,  67,  12,  16,  18,  20,  22,  24,  34,  36,  49,  51,  54,  56,  61,
     62,  71,  72,  16,  18,  19,  20,  51,  52,  54,  67,  71,  10,  22,  24,  26,
     30,  31,  32,  33,  34,  35,  36,  37,  47,  50,  55,  56,  57,  58,  59,  61,
     62,  63,  68,  72,  16,  18,  20,  49,  51,  54,  71,  10,  16,  18,  19,  20,
      3,  11,  12,  16,  17,  18,  20,  21,  24,  33,  34,  36,  37,  38,  39,  40,
     42,  48,  49,  51,  53,  54,  56,  61,  62,  65,  66,  69,  71,  72,  73,  96,
     97,  98,  99, 100,  10,  13,  16,  18,  19,  20,  44,  50,  51,  52,  54,  63,
     67,  10,  19,  20,  22,  32,  33,  34,  36,  48,  50,  53,  72,   2,   4,   6,
     10,  12,  13,  16,  18,  19,  20,  44,  49,  50,  51,  52,  55,  57,  59,  67,
     69,  22,  24,  32,  34,  36,  45,   4,   6,  10,  22,  24,  26,  30,  31,  32,
     33,  34,  35,  36,  45,  47, 100,  13,  16,  18,  19,  20,  30,  44,  33,  56,
     66,  72,  22,  24,  26,  27,  28,  30,  31,  33,  34,  35,  44,  12,  16,  24,
     32,  33,  34,  36,  40,  42,  45,  73,  99, 100,   3,  16,  18,  20,  21,  24,
     34,  36,  97,  99,  22,  24,  32,  33,  34,  36,  40,  45,  53,  69,   4,  10,
     22,  24,  27,  28,  29,  30,  31,  35,  45,  46,  48,  64,  74,   1,   4,   6,
     10,  19,  22,  24,  26,  31,  39,  44,  45,  50,  55,  57,  63,  67,   2,  10,
     12,  16,  17,  18,  20,  21,  32,  33,  34,  36,  42,  96,  99, 100,  24,  25,
     44,  67,   1,   4,   5,   6,   7,   9,  10,  12,  18,  20,  22,  24,  25,  26,
     28,  29,  30,  31,  32,  33,  34,  35,  36,  37,  39,  42,  43,  44,  45,  46,
     47,  50,  53,  55,  56,  57,  58,  59,  60,  61,  62,  63,  64,  68,  72,  73,
     74,  99, 100,  10,  13,  22,  24,  25,  26,  27,  28,  29,  30,  31,  36,  37,
     46,  64,  74,   1,   4,   5,   6,   7,   9,  10,  12,  15,  22,  24,  25,  26,
     27,  28,  29,  30,  31,  32,  33,  34,  35,  36,  37,  38,  39,  40,  42,  43,
     44,  45,  46,  47,  48,  50,  53,  55,  56,  57,  58,  59,  60,  61,  62,  63,
     64,  65,  66,  68,  72,  73,  74,  98,  99, 100,   5,   9,  12,  24,  33,  34,
     36,  39,  40,  42,  48,  49,  53,  56,  61,  62,  66,  72,  73,  98,  99, 100,
      1,   4,   5,   6,   7,   9,  10,  12,  15,  16,  22,  24,  25,  26,  27,  28,
     29,  30,  31,  32,  33,  34,  35,  36,  37,  39,  40,  42,  43,  44,  45,  46,
     47,  48,  50,  53,  55,  56,  57,  58,  59,  60,  61,  62,  63,  64,  66,  68,
     72,  73,  74,  98,  99, 100,  36,  34,  36,  12,  16,  17,  18,  20,  32,  34,
     36,  49,  51,  54,  62,  65,  69,  71,  72,   3,  16,  18,  20,  21,  29,  34,
     36,  37,  46,  56,  58,  59,  61,  62,  64,  66,  68,  72,  74,  96,  97,   3,
      4,  10,  13,  14,  16,  18,  20,  21,  22,  23,  27,  32,  34,  35,  36,  37,
     43,  57,  58,  59,  60,  63,  66,  68,  96,  97,   3,  14,  16,  18,  20,  21,
     22,  24,  27,  29,  30,  34,  35,  36,  37,  46,  57,  58,  59,  62,  63,  64,
     66,  68,  74,  24,  32,  33,  34,  36,  97,  14,  16,  18,  20,  21,  23,  24,
     34,  35,  57,  58,  63,  66,  68,  96,   0,   1,   2,   3,   4,   8,  11,  12,
     16,  21,  22,  23,  24,  26,  27,  28,  29,  45,  46,  47,  64,  74,  96,  97,
     98,  18,  20,  21,  24,  29,  46,  64,  74,   3,  16,  18,  20,  21,  23,  32,
     34,  36,  62,  66,  72,  16,  18,  21,  18,  24,  39,  42,  45,  47,  21,  22,
     23,  37,   4,   6,  18,  24,  39,  16,  18,  21,  36,  97,  21,   2,   4,   6,
      9,  10,  22,  24,  26,  27,  31,  39,  42,  45,  47,  57,  59,  63,  21,  22,
     24,  26,  39,  42,  45,  47,  59,  13,  16,  18,  20,  51,  71,  18,  16,  18,
     20,  24,  49,  51,  54,  10,  13,  18,  19,  20,  10,  12,  22,  24,  30,  31,
     34,  35,  36,  37,  47,  50,  53,  55,  57,  58,  59,  60,  61,  62,  63,  68,
     72,  10,  16,  18,  19,  20,  34,  35,  49,  50,  51,  52,  54,  55,  57,  58,
     67,  68,  71,  10,  16,  18,  19,  20,  34,  35,  36,  49,  50,  51,  52,  54,
     55,  57,  58,  63,  67,  68,  71,  13,  18,  20,  51,  10,  18,  19,  20,  30,
     32,  33,  34,  35,  36,  23,  27,  29,  46,  64,  74,   0,   2,   3,   8,  96,
     97,  10,  13,  22,  30,  32,  34,  35,  36,  44,  48,  50,  55,  63,  21,  22,
     23,  24,  37,  47,  59,  62,  10,  13,  16,  18,  19,  20,  10,  14,  19,  22,
     24,  26,  31,  37,  16,  18,  20,  21,  34,  36,  48,  49,  51,  54,  61,  66,
     69,  71,  72,   1,   3,   4,   5,   6,   7,  10,  12,  22,  24,  29,  30,  31,
     34,  35,  36,  37,  39,  42,  43,  44,  46,  47,  50,  53,  55,  56,  57,  58,
     59,  60,  61,  62,  63,  64,  66,  68,  71,  72,  74,  97,  99,   3,  10,  11,
     16,  18,  19,  20,  21,  34,  36,  41,  44,  49,  50,  51,  53,  54,  57,  65,
     66,  69,  70,  71,  97,  12,  18,  20,  24,  30,  34,  36,  49,  51,  54,  56,
     66,  69,  71,  72,   5,  12,  24,  34,  36,  37,  39,  42,  49,  53,  56,  61,
     62,  65,  66,  72,  73,  99,  10,  12,  16,  18,  19,  20,  34,  36,  44,  48,
     49,  50,  51,  52,  54,  55,  58,  66,  67,  10,  14,  16,  18,  19,  20,  44,
     49,  50,  52,  55,  59,  63,  67,  69,  21,  29,  34,  35,  36,  46,  57,  58,
     62,  63,  64,  66,  68,  74,   4,   6,  21,  39,  41,  57,  59,  63,  21,  62,
      1,  21,  22,  24,  39,  42,  59,  21,   4,   6,  57,  63,   3,  21,  22,  29,
     30,  34,  35,  36,  37,  46,  56,  57,  58,  59,  61,  62,  64,  66,  68,  72,
     74,  96,  97,   3,  21,  34,  35,  36,  57,  58,  61,  62,  66,  68,  72,  97,
     16,  18,  19,  20,  34,  49,  51,  66,  34,  57,  61,  68,  72,   3,   5,  12,
     15,  16,  24,  34,  36,  37,  38,  39,  42,  48,  49,  53,  54,  56,  61,  62,
     65,  66,  69,  71,  72,  73,  98,  99,  21,  22,  24,  29,  39,  42,  46,  56,
     59,  64,  74,   6,  10,  12,  22,  24,  29,  30,  31,  34,  35,  36,  37,  46,
     47,  50,  53,  55,  56,  57,  58,  59,  60,  61,  62,  63,  64,  66,  67,  68,
     72,  74,   4,   6,  22,  24,  39,  42,  57,  61,  63,   6,  24,  57,  63,  16,
     18,  20,  21,  34,  36,  48,  49,  51,  54,  61,  66,  69,  71,  72,  34,  36,
     62,   3,  16,  18,  20,  21,  34,  49,  51,  54,  65,  69,  70,  71,  97,  16,
     18,  49,  21,  34,  36,  61,  62,  66,  72,  96,   3,  12,  16,  18,  20,  21,
     34,  36,  49,  51,  53,  54,  61,  65,  66,  69,  71,  72,  97,  98,  67,  12,
     24,  57,  35,  57,  59,  10,  12,  22,  24,  28,  29,  30,  31,  34,  35,  36,
     37,  46,  47,  48,  50,  53,  56,  57,  58,  59,  60,  61,  62,  63,  64,  66,
     68,  72,  74,  24,  59,  82,  84,  85,  91,  92,  94,  88,  91,  75,  82,  85,
     87,  75,  78,  81,  83,  84,  88,  90,  91,  93,  75,  81,  86,  88,  91,  93,
     77,  81,  83,  90,  91,  75,  78,  80,  81,  84,  86,  87,  88,  91,  93,  95,
     81,  83,  87,  88,  90,  91,  75,  76,  81,  83,  84,  90,  91,  95,  81,  84,
     87,  88,  91,  81,  82,  81,  83,  85,  88,  93,  81,  83,  84,  85,  88,  90,
     91,  94,  78,  81,  82,  87,  88,  91,  75,  81,  83,  87,  88,  90,  91,  93,
     95,  75,  81,  84,  86,  88,  91,  92,  93,  77,  79,  82,  85,  87,  88,  89,
     94,  10,  24,  31,  50,  55,  57,  10,  22,  24,  26,  30,  31,  47,  50,  55,
     57,  10,  18,  19,  20,  24,  50,  57,  63,  67,  10,  16,  18,  19,  20,  50,
     51,  52,  55,  57,  63,  67,  10,  16,  18,  19,  20,
};

static const int8_t ebgaramond_12_boldKernSparseValues[] = {
     -26,  -24,  -27,   -6,   -2,  -15,   -2,   -2,   -6,   30,  -38,   -8,   -2,  -29,   -6,  -19,
      -2,  -24,   -2,  -10,  -48,  -56,  -37,   -4,   -5,  -34,  -30,  -34,   -2,  -53,   -2,  -15,
     -26,  -38,  -20,  -26,  -23,  -18,  -27,   -2,  -11,   -3,  -11,   -8,  -44,  -26,  -33,  -20,
     -25,  -18,  -12,   -8,   -3,   -3,  -14,  -15,  -24,  -36,  -29,   -2,  -39,  -12,  -26,   -2,
     -14,  -33,  -15,  -11,  -30,  -40,  -32,  -19,  -13,   -2,  -12,   -6,  -20,  -26,   -8,  -33,
     -38,   -5,   -9,  -38,  -16,  -50,  -30,  -30,   -6,   -5,  -31,  -28,   -2,   -8,  -17,  -15,
     -14,   -3,  -29,  -25,  -11,  -37,  -16,  -14,  -24,  -27,  -18,  -44,  -35,  -28,   -8,  -23,
     -41,  -17,  -24,  -15,   -6,   -8,   -2,  -10,   -7,  -11,   -6,   -9,   -8,   -5,   -3,   -6,
      -3,   -3,   -5,   -8,   -5,   -6,   -5,   -8,  -12,   -8,   -6,   -2,   -6,   -6,  -10,  -11,
     -17,    8,   -5,   -8,  -17,  -17,  -13,  -20,   -2,  -25,  -13,  -14,  -22,  -10,    6,  -15,
      -2,   -2,   -2,   -8,  -12,  -12,  -10,  -33,  -15,  -32,   -9,  -12,  -12,   -5,  -13,   -8,
      -6,  -12,   -6,  -12,  -12,   -6,  -10,   -8,   -8,  -12,   -6,   -6,   -5,  -10,   -6,   -1,
      -6,   -2,   -6,   -5,   -6,   -2,   -5,   -3,  -12,  -10,   -6,   -8,   -2,  -20,   -8,   -8,
      -5,  -10,  -30,  -23,  -28,  -23,  -10,   -6,  -30,  -26,  -30,  -45,  -30,  -30,  -21,    6,
     -20,  -20,  -22,  -15,   -8,   -8,  -16,  -10,  -16,  -16,   -8,   -8,   -7,   -1,  -10,   -5,
      -6,  -10,   -2,   -8,   -6,   -5,  -12,  -13,   -6,   -6,   -6,   -6,   -6,   -2,  -38,  -23,
     -33,   -6,  -10,  -12,   -8,  -10,  -17,  -46,  -10,  -34,  -30,   -2,  -16,  -16,  -12,    3,
     -12,  -40,   -6,  -46,  -32,  -30,   -5,   -6,  -23,  -23,  -15,  -23,  -26,  -23,    5,   -6,
      -1,   -1,  -14,  -48,  -26,  -21,  -30,  -20,  -34,   -8,   16,    5,  -42,  -39,   -5,  -28,
      -8,   -8,  -24,  -34,  -40,  -28,  -40,  -36,  -40,  -37,  -30,  -33,  -17,  -40,   -2,   -8,
     -41,  -25,  -10,  -34,  -14,  -36,  -38,  -36,  -30,  -25,  -32,  -43,   -8,  -46,  -50,   -5,
     -28,  -19,  -26,  -25,   -6,  -10,  -10,   -8,  -12,  -12,   -8,   -6,   -5,  -13,  -13,  -12,
      -6,   -6,   -6,  -31,  -56,  -23,  -46,  -40,  -30,  -55,  -17,  -10,  -43,  -46,  -20,  -33,
     -13,  -11,  -10,  -36,  -47,  -32,  -30,  -40,  -38,  -40,  -38,  -15,  -46,  -15,  -34,  -26,
     -61,  -10,  -10,  -42,   -6,  -38,  -12,  -35,  -34,  -60,  -40,  -43,  -42,  -29,  -28,  -55,
     -10,  -10,  -13,  -40,  -31,  -12,  -41,  -12,  -19,  -26,  -18,   -8,  -17,   -8,   -8,  -21,
     -31,  -26,  -15,  -18,   -6,   -8,  -22,  -19,  -18,  -30,  -13,  -40,  -17,   -8,  -28,  -20,
     -18,  -35,  -27,  -26,  -32,  -30,  -33,  -13,   -5,    3,  -35,  -40,  -15,  -30,  -12,   -6,
     -16,  -26,  -36,  -40,  -23,  -32,  -30,  -32,  -30,  -37,  -10,  -35,  -31,  -37,  -10,  -16,
     -34,   -5,  -20,  -20,  -24,  -26,  -34,  -41,  -34,  -31,  -27,  -31,  -44,  -16,   -6,  -36,
     -24,   -8,  -16,  -12,  -15,  -26,  -16,   -6,   -6,   -5,  -30,  -20,  -43,  -41,  -12,  -25,
     -10,   -4,   -2,   -9,  -24,   -3,   -9,   -6,  -16,  -18,  -48,  -30,  -30,  -17,   -1,  -10,
     -10,   -8,   -1,   -1,   -1,   -1,   -3,  -11,   -1,   -9,   -1,  -12,   -1,  -15,   -2,   -4,
      -5,   -6,  -13,   -8,  -34,  -39,  -33,  -26,   -2,  -10,   -6,   -3,   -6,  -11,   -7,   -1,
      -2,  -12,   -7,   -1,   -1,  -11,   -2,  -11,  -24,  -12,   -2,   -6,  -34,  -30,  -33,  -19,
      -6,   -2,   -3,   -2,   -1,   -2,   -8,   -2,   -2,   -2,  -10,   -1,   -1,   -1,   -7,   -2,
      -2,  -10,   -2,   -6,   -6,   -3,   -6,   -5,   -6,   -5,  -34,  -36,  -39,  -22,   -5,   -1,
      -5,   -6,  -10,   -1,   -5,   -2,  -11,  -12,   36,    6,   46,   56,   -6,   39,   23,   13,
      39,   49,   -7,   28,  -10,   -5,   21,   28,   23,   28,   23,   -5,   23,   23,   26,   43,
      30,  -20,  -30,  -12,   -3,   18,    8,    8,    8,  -15,  -36,  -36,  -39,  -26,   -5,   -6,
     -10,  -11,  -11,   -5,  -12,  -15,  -16,  -15,  -18,   -8,  -12,  -10,   -8,   -5,  -17,   -4,
      -5,   -5,  -23,  -15,  -18,   -5,  -12,  -28,  -31,  -15,   -2,   -6,   -6,   -6,  -28,  -19,
      -3,  -32,   -9,   -7,  -10,   -6,   -3,  -15,   -8,   -4,   -4,  -18,   -1,  -22,  -20,   -1,
     -10,   -5,  -15,  -12,   -3,   -5,   -1,   20,  -11,  -28,  -32,  -12,   -8,   -6,  -17,  -26,
     -31,   -2,  -15,  -12,   -3,  -20,  -10,  -15,  -18,  -15,  -29,  -13,  -18,  -23,  -24,  -18,
     -18,  -20,  -16,  -18,  -18,  -16,  -12,  -23,  -30,  -18,  -20,  -12,  -15,  -18,   -2,  -20,
     -10,  -14,  -33,  -34,  -18,  -35,   -8,  -12,  -30,  -12,  -17,  -15,  -18,  -16,  -12,  -13,
     -15,  -13,   -3,  -17,  -36,  -45,  -26,  -37,  -15,  -15,  -11,  -30,   -2,  -24,  -17,  -31,
     -26,  -11,  -14,  -12,  -18,  -12,  -14,   20,  -23,  -30,  -12,  -15,  -15,  -21,  -21,   -6,
     -12,   -6,  -15,   -6,  -12,   20,   20,   12,   12,   12,   12,   54,   78,   66,   56,   64,
      66,   -8,   -6,   -5,   -5,   -8,  -15,  -10,  -12,  -10,   -6,   -6,   -8,   -1,  -20,   -2,
      -2,   -5,   -5,   -1,   -2,   -1,  -15,   -6,  -15,  -23,   -6,  -30,  -30,   -5,   -3,   -6,
      -8,   -5,   -6,   -6,  -41,  -47,  -15,   -3,  -13,  -10,   -6,  -42,  -35,  -36,   -1,  -13,
     -22,  -28,  -13,  -14,   10,  -34,  -20,  -29,  -25,  -34,   -8,  -38,  -36,  -30,  -34,  -37,
     -38,  -36,  -31,  -40,  -34,  -33,  -21,  -36,  -30,  -37,  -28,   -9,  -22,   -5,  -56,  -42,
     -52,  -21,  -52,  -46,  -40,  -38,  -16,  -44,   10,  -46,  -30,   13,   -2,  -23,   -4,   -2,
     -26,  -30,  -13,  -35,   -4,  -10,   -6,   10,   -2,  -39,   -6,  -19,    6,  -22,   -6,  -24,
      -8,  -38,  -13,  -16,  -19,   -1,  -34,  -29,   -2,   -2,  -18,  -21,  -26,  -20,  -26,  -13,
      -2,   -3,  -26,  -15,  -11,  -15,   -8,  -24,  -24,   -2,  -17,  -15,   -2,  -15,   -2,  -14,
     -26,   -2,  -14,  -30,   -8,  -20,   -9,    4,  -11,   -6,   -6,   -6,   -6,  -13,  -10,   -6,
     -10,  -11,   -6,   -8,  -10,   -6,   -5,   -8,   -6,  -11,   -7,   -8,  -13,  -22,  -20,  -26,
     -10,  -17,  -14,  -19,   10,   -6,  -23,   -2,  -33,   -1,   -8,   -1,   -8,   -1,   -1,   -2,
      -6,   -4,   -1,   -2,   -8,   -1,   -3,   -2,  -16,   -2,   10,  -11,   -1,   -8,  -18,   -5,
      -2,  -20,   -6,   -6,  -14,  -13,   -1,   -4,  -15,   -2,  -13,   -7,  -22,  -39,   -1,   -2,
      -4,  -26,   -7,  -21,  -10,   -2,   -8,   -4,   -5,   -1,  -13,  -14,   -2,  -22,  -11,  -20,
      -2,  -20,  -18,  -18,  -36,  -18,   -1,  -11,   -1,   -1,   -2,  -11,  -20,   -1,  -15,  -12,
      -4,  -22,   -2,  -23,   -8,  -13,   -8,   -8,  -20,   -8,  -14,  -10,  -15,   -2,  -11,  -15,
      -1,   -9,   -2,  -32,  -28,   -2,   -8,  -18,  -15,   -8,  -22,  -23,  -16,  -13,  -18,  -26,
     -26,  -17,  -16,  -12,  -27,   -9,  -14,  -21,   -6,   -8,  -11,   -2,  -12,  -13,   -2,   -6,
      -1,   -2,   -2,  -38,  -44,   -2,  -46,  -41,  -23,  -34,  -41,  -26,  -30,  -23,  -37,  -23,
     -41,  -33,   -2,  -28,  -10,  -38,  -32,  -44,  -13,  -20,  -24,  -57,  -10,   -2,  -16,  -34,
     -13,  -23,  -34,   -2,   -4,   -1,   -3,   -5,  -16,    8,   -9,   -2,   -7,  -11,  -12,  -22,
     -32,  -15,   -3,  -13,  -10,   -6,  -26,  -22,  -22,   -1,  -13,  -22,  -18,  -13,  -16,  -10,
     -16,  -15,  -33,  -36,  -30,   -6,   -7,  -22,  -19,  -22,  -24,  -27,   -1,   -2,   -2,   -2,
      -8,   -5,  -33,  -17,  -10,   -6,   -9,  -16,   -6,   -2,  -31,   -7,  -57,  -45,  -41,   -7,
     -26,   -2,  -42,  -28,   -2,  -40,   -2,  -34,  -15,  -42,  -43,  -20,  -26,  -15,  -11,   -6,
      -1,    6,   -3,   -5,   -1,  -15,  -30,  -20,  -26,  -12,  -10,   -2,  -20,  -34,  -20,  -39,
     -32,  -10,  -30,  -12,  -15,  -18,  -30,   -6,  -18,  -18,  -26,  -24,  -33,   -8,  -10,  -17,
     -16,  -42,  -10,   -4,   -1,   -8,   -4,   -2,   -6,   -4,   -6,   -7,   -7,    4,   -8,   -5,
      -4,  -16,   -6,   -3,  -18,  -12,  -10,  -18,  -12,   -9,   -8,   -4,   -3,   -6,   -8,   -9,
      -2,   -8,  -16,  -10,   -3,  -20,   -7,   -7,   -8,   -8,  -10,   -7,   -8,   -8,   -7,   -8,
      -1,   -1,   -3,   -4,   -6,   -8,  -16,   -3,   -2,  -12,   -9,  -17,   -4,   -2,   -2,   -8,
      -7,  -10,  -10,   -4,   -6,   -3,  -12,   -4,   -3,  -11,   -6,   -6,   -8,   -6,   -8,  -12,
      -4,   -7,   -2,   -2,   -8,   -3,   -6,   -7,  -16,   -8,  -14,   -6,  -12,  -10,  -13,   -8,
      -8,  -11,   -4,  -12,   -6,  -11,   -8,    1,   -7,  -15,  -15,   -6,   -3,  -13,  -14,  -12,
      -6,  -46,  -16,  -16,  -26,  -26,  -22,  -52,  -36,  -36,  -15,  -12,  -13,  -16,  -36,  -31,
     -15,  -17,  -12,   -8,  -12,   -2,  -22,   -8,   -6,  -14,  -24,  -19,  -18,  -28,  -15,  -24,
     -14,  -20,  -18,  -17,  -17,  -21,  -15,  -26,  -26,  -20,  -26,
};

static const EpdLigaturePair ebgaramond_12_boldLigaturePairs[] = {
    { 0x005E0030, 0x2070 }, // ^ 0 -> U+2070
    { 0x005E0031, 0x00B9 }, // ^ 1 -> U+00B9
    { 0x005E0032, 0x00B2 }, // ^ 2 -> U+00B2
    { 0x005E0033, 0x00B3 }, // ^ 3 -> U+00B3
    { 0x005E0034, 0x2074 }, // ^ 4 -> U+2074
    { 0x005E0035, 0x2075 }, // ^ 5 -> U+2075
    { 0x005E0036, 0x2076 }, // ^ 6 -> U+2076
    { 0x005E0037, 0x2077 }, // ^ 7 -> U+2077
    { 0x005E0038, 0x2078 }, // ^ 8 -> U+2078
    { 0x005E0039, 0x2079 }, // ^ 9 -> U+2079
    { 0x00660066, 0xFB00 }, // f f -> U+FB00
    { 0x00660069, 0xFB01 }, // f i -> U+FB01
    { 0x0066006C, 0xFB02 }, // f l -> U+FB02
    { 0xFB000069, 0xFB03 }, // U+FB00 i -> U+FB03
    { 0xFB00006C, 0xFB04 }, // U+FB00 l -> U+FB04
};

static const EpdFontData ebgaramond_12_bold = {
    ebgaramond_12_boldBitmaps,
    ebgaramond_12_boldGlyphs,
    ebgaramond_12_boldIntervals,
    74,
    33,
    26,
    -8,
    false,
    nullptr,
    0,
    nullptr,
    nullptr,  // kernLeftClasses: built-in fonts use the split arrays below
    nullptr,  // kernRightClasses
    ebgaramond_12_boldKernLeftCodepoints,
    ebgaramond_12_boldKernLeftClassIds,
    ebgaramond_12_boldKernRightCodepoints,
    ebgaramond_12_boldKernRightClassIds,
    nullptr,  // kernMatrix: built-in fonts use the sparse form below
    ebgaramond_12_boldKernRowOffsets,
    ebgaramond_12_boldKernSparseCols,
    ebgaramond_12_boldKernSparseValues,
    660,
    701,
    121,
    101,
    ebgaramond_12_boldLigaturePairs,
    15,
};
