/**
 * generated by fontconvert.py
 * name: ebgaramond_10_regular
 * size: 10
 * mode: 1-bit
 * Command used: fontconvert.py ebgaramond_10_regular 10 ../builtinFonts/source/EBGaramond/EBGaramond-Regular.ttf ../builtinFonts/source/NotoSansHebrew/NotoSansHebrew-UIMedium.ttf --additional-intervals 0x05D0,0x05EA --force-autohint
 */
#pragma once
#include "EpdFontData.h"

static const uint8_t ebgaramond_10_regularBitmaps[19989] = {
    0xDB, 0x6D, 0xB6, 0xC0, 0x7F, 0xC0, 0xFF, 0xFB, 0xA0, 0x09, 0x84, 0x86, 0xC3, 0x61, 0xFB, 0xF8,
    0xC8, 0x6C, 0x36, 0x7F, 0x9F, 0x8D, 0x86, 0xC2, 0x60, 0x00, 0x04, 0x0C, 0x3F, 0x6F, 0x6D, 0x6C,
    0x78, 0x3C, 0x1E, 0x0F, 0x1F, 0xDB, 0xDB, 0xFF, 0x7E, 0x10, 0x10, 0x78, 0x67, 0xE3, 0x33, 0x31,
    0x99, 0x8C, 0xD8, 0x67, 0x83, 0xBF, 0xCF, 0xFF, 0x07, 0x98, 0x6C, 0xC2, 0x66, 0x33, 0x33, 0x19,
    0x98, 0x79, 0x80, 0x00, 0x1E, 0x00, 0x6E, 0x00, 0x8C, 0x01, 0x98, 0x03, 0xF0, 0x07, 0xC7, 0xC7,
    0x0E, 0x37, 0x18, 0xC7, 0x61, 0x87, 0x83, 0x06, 0x06, 0x0E, 0x0F, 0xEE, 0x4F, 0x8F, 0x80, 0xFE,
    0x80, 0x19, 0x8C, 0xC6, 0x73, 0x18, 0xC6, 0x31, 0x8C, 0x71, 0x8C, 0x61, 0x8C, 0x30, 0xC6, 0x18,
    0xE3, 0x18, 0xE3, 0x18, 0xC6, 0x73, 0x98, 0xC6, 0x63, 0x31, 0x80, 0x10, 0xB9, 0xF1, 0xE7, 0xCA,
    0x04, 0x00, 0x02, 0x00, 0x60, 0x06, 0x00, 0x60, 0x06, 0x0F, 0xFE, 0x06, 0x00, 0x60, 0x06, 0x00,
    0x60, 0x06, 0x00, 0x77, 0x31, 0x36, 0x3B, 0xE4, 0x00, 0x3C, 0x03, 0x03, 0x06, 0x06, 0x04, 0x0C,
    0x0C, 0x18, 0x18, 0x10, 0x30, 0x30, 0x60, 0x60, 0x40, 0xC0, 0x3E, 0x33, 0x98, 0xD8, 0x7C, 0x3E,
    0x0F, 0x07, 0x83, 0xC1, 0xE1, 0xF8, 0xEC, 0x67, 0x71, 0xF0, 0x08, 0x78, 0x78, 0x18, 0x18, 0x18,
    0x18, 0x18, 0x18, 0x18, 0x18, 0x18, 0x38, 0xFE, 0x1F, 0x0F, 0xE6, 0x39, 0x06, 0x01, 0x80, 0xE0,
    0x30, 0x1C, 0x06, 0x03, 0x01, 0x80, 0xC1, 0x7F, 0xDF, 0xF0, 0x3E, 0x3F, 0x91, 0xC0, 0x60, 0x60,
    0x70, 0x7C, 0x3F, 0x03, 0x81, 0xC0, 0x60, 0x30, 0x37, 0x31, 0xF0, 0x03, 0x00, 0x40, 0x18, 0x06,
    0x00, 0x80, 0x36, 0x0C, 0xC1, 0x98, 0x63, 0x1F, 0xF8, 0x0C, 0x01, 0x80, 0x30, 0x1F, 0x80, 0x1E,
    0x7E, 0x7C, 0x40, 0xC0, 0xF8, 0x7E, 0x1E, 0x07, 0x03, 0x03, 0x07, 0x06, 0x1C, 0xF8, 0x00, 0x03,
    0x83, 0x83, 0x03, 0x03, 0x81, 0x81, 0xC0, 0xDF, 0x61, 0xF0, 0xF8, 0x3E, 0x3F, 0x99, 0xF8, 0x00,
    0x0F, 0xF9, 0xFF, 0x60, 0x40, 0x18, 0x06, 0x00, 0xC0, 0x30, 0x06, 0x01, 0x80, 0x30, 0x0C, 0x01,
    0x00, 0x60, 0x08, 0x00, 0x3E, 0x67, 0xC3, 0xC3, 0xE7, 0x76, 0x3C, 0x3E, 0xEF, 0xC7, 0xC3, 0xC3,
    0xE6, 0x7C, 0x1E, 0x1B, 0x98, 0xEC, 0x36, 0x1B, 0x9C, 0xF6, 0x03, 0x03, 0x81, 0x81, 0x81, 0xC3,
    0xC7, 0x80, 0x3C, 0x03, 0xC0, 0x06, 0x60, 0x00, 0x77, 0x31, 0x3E, 0x00, 0x00, 0x70, 0x78, 0x78,
    0x78, 0x38, 0x0F, 0x00, 0xF0, 0x0E, 0x00, 0xE0, 0x0C, 0xFF, 0xC0, 0x00, 0x00, 0x00, 0xFF, 0xC0,
    0xC0, 0x3C, 0x03, 0xC0, 0x3C, 0x03, 0xC0, 0x70, 0x70, 0x78, 0x78, 0x38, 0x00, 0x00, 0xE7, 0x86,
    0x10, 0x9D, 0xEC, 0x42, 0x00, 0xC7, 0x30, 0x0F, 0xE0, 0xF1, 0xC7, 0x01, 0x99, 0xFB, 0xCC, 0xEF,
    0x63, 0x19, 0x8C, 0x66, 0x33, 0xDD, 0xDB, 0x3F, 0xCE, 0x00, 0x1C, 0x04, 0x38, 0x70, 0x3F, 0x00,
    0x00, 0x80, 0x03, 0x00, 0x0E, 0x00, 0x1E, 0x00, 0x2C, 0x00, 0xD8, 0x01, 0xB8, 0x06, 0x70, 0x0C,
    0x60, 0x1F, 0xE0, 0x61, 0xC0, 0xC1, 0x83, 0x83, 0x87, 0x07, 0x3F, 0x3F, 0x80, 0x7F, 0xC3, 0x8E,
    0x18, 0xE1, 0x86, 0x18, 0xE1, 0x9C, 0x1F, 0xC1, 0x8E, 0x18, 0x71, 0x83, 0x18, 0x31, 0x87, 0x38,
    0xE7, 0xFC, 0x0F, 0xF1, 0xC1, 0xDC, 0x06, 0xC0, 0x3C, 0x00, 0x60, 0x03, 0x00, 0x18, 0x00, 0xC0,
    0x07, 0x00, 0x18, 0x02, 0xE0, 0x33, 0xC3, 0x87, 0xF8, 0x7F, 0xF0, 0x70, 0xF0, 0x60, 0x70, 0xC0,
    0x71, 0x80, 0xE3, 0x00, 0xC6, 0x01, 0x8C, 0x03, 0x18, 0x06, 0x30, 0x0C, 0x60, 0x30, 0xC0, 0xE3,
    0xC3, 0x8F, 0xFC, 0x00, 0x7F, 0xE3, 0x86, 0x18, 0x21, 0x80, 0x18, 0x01, 0x88, 0x1F, 0x81, 0x88,
    0x18, 0x81, 0x80, 0x18, 0x01, 0x83, 0x38, 0x67, 0xFE, 0x7F, 0xE7, 0x0C, 0x60, 0x8C, 0x01, 0x80,
    0x31, 0x07, 0xE0, 0xC4, 0x18, 0x03, 0x00, 0x60, 0x0C, 0x03, 0x80, 0xFC, 0x00, 0x0F, 0xF0, 0xE1,
    0xC7, 0x01, 0x18, 0x04, 0xE0, 0x03, 0x00, 0x0C, 0x00, 0x30, 0x3F, 0xC0, 0x7B, 0x80, 0xCE, 0x03,
    0x1C, 0x0C, 0x38, 0x78, 0x3F, 0x80, 0xFC, 0x3F, 0x30, 0x1C, 0x30, 0x0C, 0x30, 0x0C, 0x30, 0x0C,
    0x30, 0x0C, 0x3F, 0xFC, 0x30, 0x0C, 0x30, 0x0C, 0x30, 0x0C, 0x30, 0x0C, 0x30, 0x0C, 0x38, 0x1C,
    0xFC, 0x3F, 0x7E, 0x18, 0x18, 0x18, 0x18, 0x18, 0x18, 0x18, 0x18, 0x18, 0x18, 0x18, 0x38, 0x7E,
    0x3F, 0x1C, 0x0C, 0x0C, 0x0C, 0x0C, 0x0C, 0x0C, 0x0C, 0x0C, 0x0C, 0x0C, 0x0C, 0x0C, 0x0C, 0x0C,
    0x18, 0xD8, 0xF0, 0x7E, 0x7E, 0x70, 0xE0, 0x63, 0x80, 0xCC, 0x01, 0xB0, 0x03, 0x40, 0x07, 0x80,
    0x0F, 0x80, 0x1B, 0x80, 0x33, 0x80, 0x67, 0x80, 0xC7, 0x83, 0x87, 0x8F, 0xCF, 0xC0, 0x7E, 0x00,
    0xC0, 0x06, 0x00, 0x30, 0x01, 0x80, 0x0C, 0x00, 0x60, 0x03, 0x00, 0x18, 0x00, 0xC0, 0x06, 0x00,
    0x30, 0x33, 0x83, 0x3F, 0xF8, 0x7C, 0x03, 0xC3, 0x80, 0xE0, 0x70, 0x1C, 0x0F, 0x03, 0x81, 0xE0,
    0xF0, 0x2E, 0x16, 0x05, 0xC6, 0xC0, 0x98, 0x98, 0x13, 0xB3, 0x02, 0x74, 0x60, 0xC7, 0x8C, 0x18,
    0xE1, 0x83, 0x0C, 0x39, 0xF9, 0x1F, 0x80, 0x00, 0x00, 0xF8, 0x1F, 0x3C, 0x04, 0x1E, 0x04, 0x1E,
    0x04, 0x17, 0x04, 0x13, 0x84, 0x11, 0xC4, 0x11, 0xC4, 0x10, 0xE4, 0x10, 0x74, 0x10, 0x3C, 0x10,
    0x1C, 0x38, 0x1C, 0x7C, 0x0C, 0x1F, 0xE0, 0xE1, 0xC6, 0x03, 0x98, 0x07, 0xC0, 0x1F, 0x00, 0x3C,
    0x00, 0xF0, 0x03, 0xC0, 0x0F, 0x80, 0x3E, 0x01, 0x9C, 0x06, 0x38, 0x70, 0x7F, 0x80, 0x7F, 0x87,
    0x1C, 0x61, 0x8C, 0x31, 0x86, 0x30, 0xC6, 0x38, 0xCE, 0x1F, 0x83, 0x00, 0x60, 0x0C, 0x03, 0x80,
    0xFC, 0x00, 0x0F, 0xC0, 0x0E, 0x1C, 0x06, 0x03, 0x81, 0x80, 0x60, 0xC0, 0x1C, 0x30, 0x03, 0x0C,
    0x00, 0xC3, 0x00, 0x30, 0xC0, 0x0C, 0x30, 0x03, 0x0E, 0x00, 0xC1, 0x80, 0x60, 0x70, 0x18, 0x0E,
    0x1C, 0x00, 0xFE, 0x00, 0x0F, 0x00, 0x01, 0xE0, 0x00, 0x3C, 0x00, 0x03, 0xC0, 0x00, 0x7E, 0x7F,
    0xC0, 0x18, 0xE0, 0x18, 0xE0, 0x18, 0x60, 0x18, 0x60, 0x18, 0xE0, 0x19, 0xC0, 0x1F, 0x80, 0x19,
    0x80, 0x18, 0xC0, 0x18, 0xE0, 0x18, 0x70, 0x38, 0x38, 0x7E, 0x3E, 0x3F, 0x39, 0xD8, 0x6C, 0x07,
    0x03, 0xC0, 0xF8, 0x1E, 0x07, 0x81, 0xF0, 0x78, 0x3E, 0x33, 0xF0, 0x00, 0x01, 0x80, 0x07, 0xFF,
    0xF0, 0xC3, 0x83, 0x04, 0x0C, 0x00, 0x30, 0x00, 0xC0, 0x03, 0x00, 0x0C, 0x00, 0x30, 0x00, 0xC0,
    0x03, 0x00, 0x0C, 0x00, 0x70, 0x03, 0xF0, 0xF8, 0x3E, 0x60, 0x30, 0xC0, 0x61, 0x80, 0x43, 0x00,
    0x86, 0x01, 0x0C, 0x02, 0x18, 0x04, 0x30, 0x18, 0x60, 0x30, 0xC0, 0x61, 0xC0, 0x81, 0xC3, 0x01,
    0xFC, 0x00, 0xFC, 0xFC, 0xE0, 0x70, 0xE0, 0xC1, 0xC1, 0x81, 0x86, 0x03, 0x8C, 0x03, 0x10, 0x06,
    0x60, 0x0E, 0x80, 0x0D, 0x00, 0x1E, 0x00, 0x38, 0x00, 0x30, 0x00, 0x60, 0x00, 0xFF, 0xFF, 0xF7,
    0x1D, 0x8C, 0x38, 0xD0, 0x83, 0x8F, 0x18, 0x18, 0x71, 0x81, 0xC7, 0x10, 0x0C, 0x71, 0x00, 0xE7,
    0x30, 0x0E, 0xFA, 0x00, 0x69, 0xA0, 0x07, 0x9E, 0x00, 0x39, 0xC0, 0x03, 0x0C, 0x00, 0x30, 0xC0,
    0x00, 0x00, 0x00, 0xFE, 0x7E, 0x70, 0x30, 0x70, 0xC0, 0x73, 0x00, 0xE6, 0x00, 0xF8, 0x00, 0xE0,
    0x01, 0xC0, 0x07, 0xC0, 0x09, 0xC0, 0x31, 0x80, 0xC3, 0x83, 0x87, 0x9F, 0x9F, 0xC0, 0xFC, 0xFC,
    0xE0, 0xC3, 0x86, 0x07, 0x10, 0x0C, 0xC0, 0x3A, 0x00, 0x78, 0x01, 0xC0, 0x03, 0x00, 0x0C, 0x00,
    0x30, 0x00, 0xC0, 0x07, 0x00, 0x3F, 0x00, 0x60, 0x07, 0xFF, 0xC0, 0xE8, 0x1C, 0x01, 0xC0, 0x38,
    0x07, 0x00, 0x70, 0x0E, 0x01, 0xC0, 0x3C, 0x03, 0x81, 0x70, 0x3F, 0x03, 0xFF, 0xE0, 0xFE, 0x31,
    0x8C, 0x63, 0x18, 0xC6, 0x31, 0x8C, 0x63, 0x18, 0xC6, 0x3D, 0xF0, 0xC0, 0x60, 0x60, 0x60, 0x30,
    0x30, 0x18, 0x18, 0x08, 0x0C, 0x0C, 0x06, 0x06, 0x02, 0x03, 0x03, 0xF8, 0xC6, 0x31, 0x8C, 0x63,
    0x18, 0xC6, 0x31, 0x8C, 0x63, 0x18, 0xDF, 0xF0, 0x18, 0x0E, 0x0F, 0x06, 0xC6, 0x26, 0x1B, 0x06,
    0xFF, 0xE0, 0xE6, 0x73, 0x3C, 0xFC, 0xCC, 0x8C, 0x1C, 0x7C, 0xCC, 0xDC, 0xFF, 0x10, 0x0E, 0x01,
    0xC0, 0x18, 0x03, 0x00, 0x60, 0x0C, 0x01, 0xFC, 0x39, 0xC6, 0x1C, 0xC1, 0x98, 0x33, 0x06, 0x61,
    0xCE, 0x31, 0xFC, 0x20, 0x00, 0x3E, 0x67, 0xC0, 0xC0, 0xC0, 0xC0, 0xE0, 0xFF, 0x7E, 0x01, 0x01,
    0xC0, 0x70, 0x0C, 0x03, 0x00, 0xC0, 0x30, 0xFC, 0x67, 0x30, 0xCC, 0x33, 0x0C, 0xC3, 0x30, 0xCE,
    0x71, 0xFF, 0x00, 0x00, 0x3E, 0x66, 0xFE, 0xC0, 0xC0, 0xC0, 0xE2, 0xFE, 0x7C, 0x0F, 0x8C, 0xCC,
    0x06, 0x03, 0x01, 0x81, 0xF8, 0x60, 0x30, 0x18, 0x0C, 0x06, 0x03, 0x01, 0x83, 0xF0, 0x3F, 0xD9,
    0xCC, 0x33, 0x0C, 0xE7, 0x19, 0x87, 0xC3, 0x80, 0xFF, 0x1F, 0xEC, 0x1B, 0x06, 0xC3, 0x39, 0xC7,
    0xE0, 0x30, 0x0E, 0x01, 0xC0, 0x18, 0x03, 0x00, 0x60, 0x0C, 0x01, 0xFC, 0x33, 0x86, 0x30, 0xC6,
    0x18, 0xC3, 0x18, 0x63, 0x0C, 0x67, 0xDF, 0x00, 0xC3, 0x00, 0x00, 0xC7, 0x0C, 0x30, 0xC3, 0x0C,
    0x31, 0xF0, 0x31, 0x80, 0x03, 0x38, 0xC6, 0x31, 0x8C, 0x63, 0x18, 0xC6, 0x31, 0x99, 0x80, 0x10,
    0x0E, 0x01, 0xC0, 0x18, 0x03, 0x00, 0x60, 0x0C, 0x01, 0x9E, 0x33, 0x06, 0xC0, 0xF0, 0x1E, 0x03,
    0xE0, 0x6E, 0x0C, 0xE7, 0xFE, 0x11, 0xC7, 0x0C, 0x30, 0xC3, 0x0C, 0x30, 0xC3, 0x0C, 0x30, 0xC3,
    0x3E, 0x3F, 0xFC, 0x7B, 0xCC, 0x31, 0x8E, 0x31, 0x8E, 0x31, 0x8E, 0x31, 0x8E, 0x31, 0x8E, 0x31,
    0x8E, 0xFB, 0xFF, 0x10, 0x07, 0xF8, 0x79, 0xC3, 0x0C, 0x30, 0xC3, 0x0C, 0x30, 0xC3, 0x0C, 0x30,
    0xCF, 0xBE, 0x3E, 0x33, 0xB0, 0xF8, 0x7C, 0x1E, 0x0F, 0x8F, 0xC6, 0x7E, 0x00, 0x10, 0x1F, 0xE7,
    0x9C, 0xC3, 0x30, 0xCC, 0x33, 0x0C, 0xC3, 0x39, 0x8F, 0xC3, 0x00, 0xC0, 0x30, 0x0C, 0x03, 0x03,
    0xF0, 0x00, 0x87, 0xF1, 0x8E, 0x70, 0xCC, 0x19, 0x83, 0x30, 0x66, 0x0C, 0xE3, 0x8F, 0xF0, 0x06,
    0x00, 0xC0, 0x18, 0x03, 0x00, 0x60, 0x3E, 0x10, 0x7E, 0x7E, 0x30, 0x30, 0x30, 0x30, 0x30, 0x30,
    0x78, 0x7D, 0xB6, 0x5C, 0x3C, 0x7C, 0xF3, 0x78, 0x10, 0x61, 0xF9, 0x83, 0x06, 0x0C, 0x18, 0x30,
    0x60, 0xF8, 0x73, 0xC7, 0x1C, 0x30, 0xC3, 0x0C, 0x30, 0xC3, 0x0C, 0x30, 0xC3, 0x9C, 0x3F, 0xE0,
    0xFB, 0xDC, 0x43, 0x30, 0xCC, 0x1A, 0x07, 0x81, 0xC0, 0x30, 0x0C, 0x00, 0xFF, 0xDE, 0xE3, 0x10,
    0xC6, 0x61, 0xDC, 0xC1, 0xAD, 0x03, 0xDE, 0x07, 0x38, 0x06, 0x30, 0x0C, 0x60, 0xF7, 0x9B, 0x0F,
    0x03, 0x81, 0xC0, 0xF0, 0xD8, 0xCE, 0xFF, 0x80, 0x7B, 0xCC, 0x63, 0x10, 0x6C, 0x1B, 0x07, 0x80,
    0xE0, 0x30, 0x0C, 0x03, 0x00, 0x80, 0x60, 0x10, 0x1C, 0x07, 0x00, 0x40, 0x7F, 0x46, 0x4C, 0x1C,
    0x18, 0x38, 0x71, 0x63, 0xFF, 0x1E, 0x60, 0xC1, 0x83, 0x06, 0x0C, 0x18, 0x61, 0xC1, 0xC1, 0x83,
    0x06, 0x0C, 0x18, 0x30, 0x70, 0x78, 0xFF, 0xFF, 0xFF, 0xFF, 0xFF, 0xF8, 0xF0, 0x30, 0x60, 0xC1,
    0x83, 0x06, 0x0C, 0x1C, 0x0C, 0x70, 0xC1, 0x83, 0x06, 0x0C, 0x18, 0x33, 0xC0, 0x00, 0x00, 0xBE,
    0xF3, 0xE0, 0x40, 0xFF, 0x81, 0xB6, 0xDB, 0x6D, 0xB0, 0x0C, 0x0C, 0x3E, 0x6B, 0xC8, 0xC8, 0xC8,
    0xC8, 0xF9, 0x7B, 0x7E, 0x18, 0x10, 0x07, 0xC3, 0xB0, 0xC4, 0x71, 0x18, 0x06, 0x01, 0x81, 0xFC,
    0x18, 0x0E, 0x03, 0x00, 0xC3, 0x78, 0x7F, 0xFC, 0xF8, 0x00, 0x3F, 0xF7, 0x39, 0x86, 0x61, 0x90,
    0x26, 0x19, 0x86, 0x73, 0xBF, 0xF4, 0x08, 0xFC, 0x7C, 0xE0, 0xC3, 0x86, 0x07, 0x18, 0x0E, 0xC0,
    0x3A, 0x00, 0x78, 0x07, 0xF8, 0x03, 0x00, 0x7F, 0x80, 0x30, 0x00, 0xC0, 0x07, 0x00, 0x3F, 0x00,
    0x7F, 0xFF, 0xF0, 0xFF, 0xFF, 0xF8, 0x3C, 0x59, 0x87, 0x0F, 0x17, 0x27, 0x67, 0xC6, 0xCC, 0xC8,
    0xD1, 0xE1, 0x83, 0x3C, 0x70, 0x03, 0x3C, 0xC0, 0x1F, 0xC1, 0xC7, 0x19, 0xFD, 0xB9, 0xBD, 0x81,
    0xCC, 0x06, 0x60, 0x33, 0x01, 0xCC, 0xDE, 0x3C, 0xD8, 0x0C, 0x71, 0xC1, 0xFC, 0x00, 0x78, 0xB0,
    0xE7, 0xC7, 0xC0, 0x3F, 0x00, 0x0C, 0x43, 0x18, 0xE6, 0x3B, 0x8E, 0xE0, 0xEE, 0x0E, 0xE0, 0xC6,
    0x0C, 0x40, 0x7F, 0xF7, 0xFF, 0x00, 0x30, 0x03, 0x00, 0x30, 0x03, 0x00, 0x30, 0x02, 0x3B, 0xE4,
    0x00, 0x1F, 0xC1, 0xC7, 0x18, 0x0D, 0xBF, 0x3C, 0xD9, 0xC6, 0xC6, 0x3C, 0x31, 0xE1, 0xCD, 0x9E,
    0xF6, 0xD8, 0x0C, 0x71, 0xC1, 0xFC, 0x00, 0xFC, 0x76, 0xE3, 0xB7, 0x00, 0x04, 0x00, 0x80, 0x10,
    0x02, 0x00, 0x41, 0xFF, 0xC1, 0x00, 0x20, 0x04, 0x00, 0x80, 0x10, 0x02, 0x0F, 0xFE, 0x7B, 0x61,
    0x86, 0x31, 0x9F, 0xC0, 0x79, 0x61, 0x9E, 0x38, 0x65, 0x9C, 0x37, 0x6C, 0xC6, 0x31, 0x8C, 0x63,
    0x18, 0xC6, 0x31, 0x8C, 0xEF, 0xEF, 0xFB, 0xA0, 0x08, 0x02, 0x00, 0x80, 0x30, 0x0E, 0x00, 0x1F,
    0xF3, 0xF8, 0x7F, 0x8F, 0xF8, 0xFF, 0x8F, 0xF8, 0xFF, 0x8F, 0xF8, 0x7F, 0x83, 0xF8, 0x1F, 0x80,
    0x18, 0x00, 0x80, 0x08, 0x00, 0x80, 0xE8, 0x1E, 0x81, 0x68, 0x19, 0x81, 0xF0, 0x3C, 0x26, 0x71,
    0x16, 0x00, 0x27, 0x18, 0xC6, 0x31, 0x9F, 0x7C, 0xDB, 0x33, 0x67, 0xC0, 0x1F, 0x00, 0xCC, 0x0C,
    0xC1, 0xCC, 0x1C, 0xE1, 0xDC, 0x73, 0x9C, 0xC3, 0x30, 0xCC, 0x00, 0x00, 0x18, 0x40, 0x6F, 0x03,
    0x1C, 0x08, 0x30, 0x60, 0xC3, 0x03, 0x0C, 0x0C, 0x64, 0xF9, 0x30, 0x0C, 0xC0, 0x67, 0x01, 0xAC,
    0x0D, 0xFC, 0x30, 0xC1, 0x83, 0x0C, 0x00, 0x30, 0x00, 0x00, 0x00, 0x00, 0x67, 0x03, 0x3C, 0x08,
    0x30, 0x60, 0xC3, 0x03, 0x0C, 0x0C, 0x60, 0x31, 0x83, 0xED, 0xE0, 0x25, 0x81, 0x82, 0x0C, 0x18,
    0x30, 0x41, 0x83, 0x46, 0x1F, 0x30, 0x00, 0x00, 0x19, 0xE0, 0x65, 0x83, 0x06, 0x18, 0x38, 0x60,
    0x63, 0x00, 0x88, 0x16, 0x64, 0x73, 0x30, 0x0D, 0xC0, 0x67, 0x01, 0x2C, 0x0D, 0xFC, 0x60, 0xC1,
    0x83, 0x0C, 0x00, 0x20, 0x00, 0x31, 0xCC, 0x01, 0x08, 0xCE, 0xF6, 0x21, 0x8C, 0x3C, 0xE0, 0x06,
    0x00, 0x0E, 0x00, 0x0C, 0x00, 0x0C, 0x00, 0x18, 0x00, 0x30, 0x00, 0xE0, 0x01, 0xE0, 0x02, 0xC0,
    0x0D, 0x80, 0x1B, 0x80, 0x67, 0x00, 0xC6, 0x01, 0xFE, 0x06, 0x1C, 0x0C, 0x18, 0x38, 0x38, 0x70,
    0x73, 0xF3, 0xF8, 0x00, 0x60, 0x01, 0xC0, 0x07, 0x00, 0x08, 0x00, 0x18, 0x00, 0x30, 0x00, 0xE0,
    0x01, 0xE0, 0x02, 0xC0, 0x0D, 0x80, 0x1B, 0x80, 0x67, 0x00, 0xC6, 0x01, 0xFE, 0x06, 0x1C, 0x0C,
    0x18, 0x38, 0x38, 0x70, 0x73, 0xF3, 0xF8, 0x01, 0x80, 0x07, 0x80, 0x19, 0x80, 0x04, 0x00, 0x18,
    0x00, 0x70, 0x00, 0xF0, 0x01, 0x60, 0x06, 0xC0, 0x0D, 0xC0, 0x33, 0x80, 0x63, 0x00, 0xFF, 0x03,
    0x0E, 0x06, 0x0C, 0x1C, 0x1C, 0x38, 0x39, 0xF9, 0xFC, 0x00, 0x30, 0x07, 0xC0, 0x1F, 0x00, 0x04,
    0x00, 0x18, 0x00, 0x70, 0x00, 0xF0, 0x01, 0x60, 0x06, 0xC0, 0x0D, 0xC0, 0x33, 0x80, 0x63, 0x00,
    0xFF, 0x03, 0x0E, 0x06, 0x0C, 0x1C, 0x1C, 0x38, 0x39, 0xF9, 0xFC, 0x00, 0x00, 0x0C, 0xC0, 0x19,
    0x80, 0x0C, 0x00, 0x38, 0x00, 0x70, 0x00, 0xF0, 0x01, 0x60, 0x06, 0xC0, 0x0D, 0xC0, 0x31, 0x80,
    0x63, 0x00, 0xFF, 0x03, 0x06, 0x06, 0x0C, 0x1C, 0x1C, 0x38, 0x39, 0xF9, 0xFC, 0x03, 0xC0, 0x06,
    0xC0, 0x09, 0x80, 0x1A, 0x00, 0x3C, 0x00, 0x30, 0x00, 0x60, 0x01, 0xC0, 0x02, 0xC0, 0x0D, 0x80,
    0x1B, 0x00, 0x23, 0x00, 0xC6, 0x01, 0xFC, 0x06, 0x1C, 0x0C, 0x18, 0x18, 0x38, 0x70, 0x73, 0xF3,
    0xF8, 0x03, 0xFF, 0xC0, 0x1E, 0x18, 0x03, 0xC1, 0x00, 0xD8, 0x00, 0x1B, 0x00, 0x06, 0x62, 0x00,
    0x8C, 0x40, 0x3F, 0xF8, 0x0C, 0x31, 0x01, 0x86, 0x00, 0x60, 0xC0, 0x0C, 0x18, 0x33, 0x87, 0x07,
    0xF9, 0xFF, 0x80, 0x0F, 0xF1, 0xC1, 0xDC, 0x06, 0xC0, 0x3C, 0x00, 0x60, 0x03, 0x00, 0x18, 0x00,
    0xC0, 0x07, 0x00, 0x18, 0x02, 0xE0, 0x33, 0xC3, 0x87, 0xF8, 0x04, 0x00, 0x70, 0x03, 0x80, 0x0C,
    0x00, 0x20, 0x0E, 0x00, 0x08, 0x01, 0xC0, 0x06, 0x00, 0x20, 0x00, 0x07, 0xFE, 0x38, 0x61, 0x82,
    0x18, 0x01, 0x80, 0x18, 0x81, 0xF8, 0x18, 0x81, 0x88, 0x18, 0x01, 0x80, 0x18, 0x33, 0x86, 0x7F,
    0xE0, 0x01, 0x80, 0x38, 0x03, 0x00, 0x60, 0x00, 0x07, 0xFE, 0x38, 0x61, 0x82, 0x18, 0x01, 0x80,
    0x18, 0x81, 0xF8, 0x18, 0x81, 0x88, 0x18, 0x01, 0x80, 0x18, 0x33, 0x86, 0x7F, 0xE0, 0x07, 0x00,
    0xF8, 0x1D, 0xC0, 0x00, 0x7F, 0xE3, 0x86, 0x18, 0x21, 0x80, 0x18, 0x01, 0x88, 0x1F, 0x81, 0x88,
    0x18, 0x81, 0x80, 0x18, 0x01, 0x83, 0x38, 0x67, 0xFE, 0x00, 0x01, 0x98, 0x19, 0x80, 0x00, 0x7F,
    0xC3, 0x84, 0x18, 0x41, 0x80, 0x18, 0x01, 0x88, 0x1F, 0x81, 0x98, 0x18, 0x81, 0x80, 0x18, 0x01,
    0x83, 0x38, 0x67, 0xFE, 0x60, 0x70, 0x30, 0x18, 0x00, 0x7E, 0x18, 0x18, 0x18, 0x18, 0x18, 0x18,
    0x18, 0x18, 0x18, 0x18, 0x18, 0x38, 0x7E, 0x06, 0x0E, 0x1C, 0x10, 0x00, 0x7E, 0x18, 0x18, 0x18,
    0x18, 0x18, 0x18, 0x18, 0x18, 0x18, 0x18, 0x18, 0x38, 0x7E, 0x18, 0x7C, 0x66, 0x00, 0x7E, 0x18,
    0x18, 0x18, 0x18, 0x18, 0x18, 0x18, 0x18, 0x18, 0x18, 0x18, 0x38, 0x7E, 0x00, 0x66, 0x66, 0x00,
    0x7E, 0x1C, 0x18, 0x18, 0x18, 0x18, 0x18, 0x18, 0x18, 0x18, 0x18, 0x18, 0x1C, 0x7E, 0x7F, 0xF0,
    0x70, 0xF0, 0x60, 0x70, 0xC0, 0x71, 0x80, 0xE3, 0x00, 0xDF, 0xE1, 0x8C, 0x03, 0x18, 0x06, 0x30,
    0x0C, 0x60, 0x30, 0xC0, 0xE3, 0xC3, 0x8F, 0xFC, 0x00, 0x00, 0x10, 0x00, 0x30, 0x03, 0xE0, 0x03,
    0xC0, 0x00, 0x00, 0xF8, 0x1F, 0x3C, 0x04, 0x1E, 0x04, 0x1E, 0x04, 0x17, 0x04, 0x13, 0x84, 0x11,
    0xC4, 0x11, 0xC4, 0x10, 0xE4, 0x10, 0x74, 0x10, 0x3C, 0x10, 0x1C, 0x38, 0x1C, 0x7C, 0x0C, 0x0C,
    0x00, 0x38, 0x00, 0x70, 0x00, 0x40, 0x00, 0x00, 0x7F, 0x83, 0x87, 0x18, 0x0E, 0x60, 0x1F, 0x00,
    0x7C, 0x00, 0xF0, 0x03, 0xC0, 0x0F, 0x00, 0x3E, 0x00, 0xF8, 0x06, 0x70, 0x18, 0xE1, 0xC1, 0xFE,
    0x00, 0x00, 0xC0, 0x07, 0x00, 0x18, 0x00, 0xC0, 0x00, 0x00, 0x7F, 0x83, 0x87, 0x18, 0x0E, 0x60,
    0x1F, 0x00, 0x7C, 0x00, 0xF0, 0x03, 0xC0, 0x0F, 0x00, 0x3E, 0x00, 0xF8, 0x06, 0x70, 0x18, 0xE1,
    0xC1, 0xFE, 0x00, 0x03, 0x80, 0x3F, 0x00, 0x86, 0x00, 0x00, 0x1F, 0xE0, 0xE1, 0xC6, 0x03, 0x98,
    0x07, 0xC0, 0x1F, 0x00, 0x3C, 0x00, 0xF0, 0x03, 0xC0, 0x0F, 0x80, 0x3E, 0x01, 0x9C, 0x06, 0x38,
    0x70, 0x7F, 0x80, 0x00, 0x60, 0x1F, 0x00, 0xF8, 0x00, 0x00, 0x1F, 0xE0, 0xE1, 0xC6, 0x03, 0x98,
    0x07, 0xC0, 0x1F, 0x00, 0x3C, 0x00, 0xF0, 0x03, 0xC0, 0x0F, 0x80, 0x3E, 0x01, 0x9C, 0x06, 0x38,
    0x70, 0x7F, 0x80, 0x00, 0x00, 0x33, 0x00, 0xCC, 0x00, 0x00, 0x1F, 0xE0, 0xE1, 0xC6, 0x03, 0x98,
    0x07, 0xC0, 0x1F, 0x00, 0x3C, 0x00, 0xF0, 0x03, 0xC0, 0x0F, 0x80, 0x3E, 0x01, 0x9C, 0x06, 0x38,
    0x70, 0x7F, 0x80, 0xC1, 0x71, 0x99, 0xC7, 0xC1, 0xC1, 0xE1, 0xD9, 0xCE, 0xC3, 0x00, 0x00, 0x02,
    0x1F, 0xEC, 0x70, 0xF1, 0x80, 0xE3, 0x03, 0xEC, 0x0D, 0xD8, 0x31, 0xB0, 0xC3, 0x63, 0x06, 0xCC,
    0x0D, 0xF0, 0x1B, 0xC0, 0x63, 0x80, 0xCF, 0x87, 0x1B, 0xFC, 0x00, 0x06, 0x00, 0x0E, 0x00, 0x0E,
    0x00, 0x04, 0x00, 0x00, 0x1F, 0x07, 0xCC, 0x06, 0x18, 0x0C, 0x30, 0x08, 0x60, 0x10, 0xC0, 0x21,
    0x80, 0x43, 0x00, 0x86, 0x03, 0x0C, 0x06, 0x18, 0x0C, 0x38, 0x10, 0x38, 0x60, 0x3F, 0x80, 0x00,
    0x40, 0x01, 0xC0, 0x07, 0x00, 0x08, 0x00, 0x00, 0x1F, 0x07, 0xCC, 0x06, 0x18, 0x0C, 0x30, 0x08,
    0x60, 0x10, 0xC0, 0x21, 0x80, 0x43, 0x00, 0x86, 0x03, 0x0C, 0x06, 0x18, 0x0C, 0x38, 0x10, 0x38,
    0x60, 0x3F, 0x80, 0x03, 0x80, 0x0F, 0xC0, 0x10, 0x80, 0x00, 0x0F, 0x83, 0xE6, 0x03, 0x0C, 0x06,
    0x18, 0x04, 0x30, 0x08, 0x60, 0x10, 0xC0, 0x21, 0x80, 0x43, 0x01, 0x86, 0x03, 0x0C, 0x06, 0x1C,
    0x08, 0x1C, 0x30, 0x1F, 0xC0, 0x00, 0x00, 0x0C, 0xC0, 0x19, 0x80, 0x00, 0x0F, 0x83, 0xE6, 0x03,
    0x0C, 0x06, 0x18, 0x04, 0x30, 0x08, 0x60, 0x10, 0xC0, 0x21, 0x80, 0x43, 0x01, 0x86, 0x03, 0x0C,
    0x06, 0x1C, 0x08, 0x1C, 0x30, 0x1F, 0xC0, 0x00, 0xC0, 0x07, 0x00, 0x18, 0x00, 0xC0, 0x00, 0x03,
    0xF3, 0xF3, 0x83, 0x0E, 0x18, 0x1C, 0x40, 0x33, 0x00, 0xE8, 0x01, 0xE0, 0x07, 0x00, 0x0C, 0x00,
    0x30, 0x00, 0xC0, 0x03, 0x00, 0x1C, 0x00, 0xFC, 0x00, 0x7E, 0x03, 0x00, 0x7E, 0x0C, 0x61, 0x86,
    0x30, 0xC6, 0x18, 0xC3, 0x18, 0xE3, 0x38, 0x7E, 0x0C, 0x03, 0x81, 0xFC, 0x00, 0x0F, 0x86, 0x73,
    0x0C, 0xC3, 0x31, 0x8C, 0xE7, 0x71, 0xD8, 0x37, 0x0C, 0xE3, 0x1C, 0xC3, 0x30, 0x4D, 0xBF, 0xF8,
    0x60, 0x60, 0x30, 0x10, 0x00, 0x3C, 0xFC, 0xCC, 0x8C, 0x1C, 0x7C, 0xCC, 0xDC, 0xFF, 0x0C, 0x1C,
    0x18, 0x30, 0x00, 0x3C, 0xFC, 0xCC, 0x8C, 0x1C, 0x7C, 0xCC, 0xDC, 0xFF, 0x30, 0x38, 0x78, 0x4C,
    0x00, 0x3C, 0xDC, 0xCC, 0x8C, 0x1C, 0x7C, 0xCC, 0xDC, 0xFF, 0x06, 0x1E, 0x7C, 0xC0, 0x00, 0x3C,
    0xFC, 0xCC, 0x8C, 0x1C, 0x7C, 0xCC, 0xDC, 0xFF, 0x00, 0x6C, 0x6C, 0x00, 0x00, 0x3C, 0x7C, 0xCC,
    0x8C, 0x1C, 0x7C, 0xCC, 0xDC, 0xFF, 0x38, 0x28, 0x38, 0x00, 0x00, 0x3C, 0xFC, 0xCC, 0x8C, 0x1C,
    0x7C, 0xCC, 0xDC, 0xFF, 0x3F, 0xD9, 0xDF, 0x33, 0x87, 0xC3, 0xE0, 0xF8, 0x33, 0x0E, 0x7F, 0xF7,
    0xC0, 0x3E, 0xCF, 0x06, 0x0C, 0x18, 0x38, 0x7F, 0x7C, 0x20, 0xE1, 0xC0, 0x81, 0x0C, 0x00, 0x70,
    0x30, 0x18, 0x18, 0x00, 0x3E, 0x66, 0xFE, 0xC0, 0xC0, 0xC0, 0xE2, 0xFE, 0x7C, 0x06, 0x0C, 0x0C,
    0x18, 0x00, 0x3E, 0x66, 0xFE, 0xC0, 0xC0, 0xC0, 0xE2, 0xFE, 0x7C, 0x18, 0x18, 0x3C, 0x64, 0x00,
    0x3E, 0x66, 0xFE, 0xC0, 0xC0, 0xC0, 0xE2, 0xFE, 0x7C, 0x00, 0xCD, 0x98, 0x00, 0x07, 0x99, 0xFF,
    0xC1, 0x83, 0x07, 0x1F, 0xEF, 0x80, 0xC3, 0x86, 0x0C, 0x10, 0xC7, 0x0C, 0x30, 0xC3, 0x0C, 0x33,
    0xE0, 0x1C, 0x63, 0x8C, 0x20, 0xC7, 0x0C, 0x30, 0xC3, 0x0C, 0x33, 0xE0, 0x31, 0xC7, 0xB2, 0x88,
    0xC7, 0x0C, 0x30, 0xC3, 0x0C, 0x33, 0xE0, 0x03, 0x3C, 0xC0, 0x00, 0xC7, 0x0C, 0x30, 0xC3, 0x0C,
    0x33, 0xE0, 0x70, 0x8F, 0xC3, 0x87, 0xE7, 0x30, 0x1C, 0xFE, 0xC7, 0xC1, 0xE0, 0xF0, 0x78, 0x3E,
    0x3B, 0x98, 0xF8, 0x01, 0x80, 0xF8, 0x1F, 0x01, 0x00, 0x7F, 0x87, 0x9C, 0x30, 0xC3, 0x0C, 0x30,
    0xC3, 0x0C, 0x30, 0xC3, 0x0C, 0xFB, 0xE0, 0x30, 0x1C, 0x06, 0x01, 0x00, 0x01, 0xF1, 0x9D, 0x87,
    0xC3, 0xE0, 0xF0, 0x7C, 0x7E, 0x33, 0xF0, 0x06, 0x07, 0x03, 0x01, 0x00, 0x01, 0xF1, 0x9D, 0x87,
    0xC3, 0xE0, 0xF0, 0x7C, 0x7E, 0x33, 0xF0, 0x08, 0x0E, 0x0F, 0x06, 0xC0, 0x01, 0xF1, 0x9D, 0x87,
    0xC3, 0xE0, 0xF0, 0x7C, 0x7E, 0x33, 0xF0, 0x03, 0x07, 0x0F, 0x8C, 0x00, 0x01, 0xF1, 0x9D, 0x87,
    0xC3, 0xE0, 0xF0, 0x7C, 0x7E, 0x33, 0xF0, 0x00, 0x1B, 0x0D, 0x80, 0x00, 0x01, 0xF1, 0x9D, 0xC7,
    0xC3, 0xE0, 0xF8, 0x7C, 0x7F, 0x33, 0xF0, 0x00, 0x03, 0x00, 0xC0, 0x00, 0xFF, 0xC0, 0x00, 0x00,
    0x30, 0x0C, 0x00, 0x1F, 0xCC, 0xE6, 0x3D, 0x9F, 0x6C, 0xDE, 0x37, 0x1D, 0xC6, 0x7F, 0x00, 0x18,
    0x01, 0xC0, 0x0C, 0x00, 0x60, 0x00, 0x07, 0x3C, 0x71, 0xC3, 0x0C, 0x30, 0xC3, 0x0C, 0x30, 0xC3,
    0x0C, 0x39, 0xC3, 0xFE, 0x03, 0x00, 0x30, 0x06, 0x00, 0x40, 0x00, 0x07, 0x3C, 0x71, 0xC3, 0x0C,
    0x30, 0xC3, 0x0C, 0x30, 0xC3, 0x0C, 0x39, 0xC3, 0xFE, 0x06, 0x00, 0xE0, 0x0F, 0x01, 0xB0, 0x00,
    0x07, 0x3C, 0x71, 0xC3, 0x0C, 0x30, 0xC3, 0x0C, 0x30, 0xC3, 0x0C, 0x39, 0xC3, 0xFE, 0x1B, 0x01,
    0xB0, 0x00, 0x00, 0x00, 0x00, 0x07, 0x3C, 0x71, 0xC3, 0x0C, 0x30, 0xC3, 0x0C, 0x30, 0xC3, 0x0C,
    0x39, 0xC3, 0xFE, 0x03, 0x80, 0xC0, 0x60, 0x10, 0x00, 0x1E, 0xF3, 0x18, 0xC4, 0x1B, 0x06, 0xC1,
    0xE0, 0x38, 0x0C, 0x03, 0x00, 0xC0, 0x20, 0x18, 0x04, 0x07, 0x01, 0xC0, 0x10, 0x1C, 0x07, 0x00,
    0xC0, 0x30, 0x0C, 0x03, 0x00, 0xFE, 0x39, 0xCC, 0x33, 0x0C, 0xC3, 0x30, 0xCC, 0x33, 0x18, 0xFC,
    0x30, 0x0C, 0x03, 0x00, 0xC0, 0x30, 0x3E, 0x00, 0x00, 0x06, 0x61, 0x98, 0x00, 0x00, 0x1E, 0xF3,
    0x18, 0xC4, 0x39, 0x06, 0xC1, 0xE0, 0x38, 0x0C, 0x03, 0x00, 0xC0, 0x20, 0x18, 0x04, 0x07, 0x01,
    0xC0, 0x07, 0xE0, 0x00, 0x00, 0x06, 0x00, 0x1C, 0x00, 0x38, 0x00, 0x78, 0x01, 0xB0, 0x03, 0x60,
    0x06, 0xE0, 0x19, 0xC0, 0x31, 0x80, 0x7F, 0x81, 0x87, 0x03, 0x06, 0x0E, 0x0E, 0x1C, 0x1C, 0xFC,
    0xFE, 0x7C, 0x00, 0x00, 0x3C, 0xFC, 0xCC, 0x8C, 0x1C, 0x7C, 0xCC, 0xDC, 0xFF, 0x04, 0x20, 0x06,
    0x60, 0x03, 0xC0, 0x01, 0x80, 0x01, 0x80, 0x03, 0x80, 0x03, 0xC0, 0x02, 0xC0, 0x06, 0xC0, 0x06,
    0xE0, 0x0C, 0xE0, 0x0C, 0x60, 0x0F, 0xF0, 0x18, 0x30, 0x18, 0x30, 0x38, 0x38, 0x38, 0x38, 0xFC,
    0x7E, 0x48, 0x91, 0xE0, 0x00, 0x0F, 0x3E, 0x6C, 0x98, 0x73, 0xE6, 0xCD, 0x9F, 0xC0, 0x00, 0x80,
    0x01, 0x80, 0x01, 0xC0, 0x03, 0xC0, 0x03, 0xC0, 0x02, 0xE0, 0x06, 0x60, 0x06, 0x60, 0x04, 0x70,
    0x0F, 0xF0, 0x0C, 0x30, 0x08, 0x30, 0x18, 0x38, 0x18, 0x18, 0x38, 0x3C, 0x7E, 0x7F, 0x00, 0x30,
    0x00, 0x60, 0x00, 0x60, 0x00, 0x64, 0x00, 0x7C, 0x00, 0x78, 0x3C, 0xFC, 0xCC, 0x8C, 0x1C, 0x7C,
    0xCC, 0xDC, 0xFF, 0x06, 0x0C, 0x18, 0x18, 0x1F, 0x0E, 0x00, 0xC0, 0x0E, 0x00, 0x60, 0x06, 0x00,
    0x00, 0x07, 0xF8, 0xE0, 0xEE, 0x03, 0x60, 0x1E, 0x00, 0x30, 0x01, 0x80, 0x0C, 0x00, 0x60, 0x03,
    0x80, 0x0C, 0x01, 0x70, 0x19, 0xE1, 0xC3, 0xFC, 0x06, 0x0E, 0x0C, 0x08, 0x00, 0x3E, 0x67, 0xC0,
    0xC0, 0xC0, 0xC0, 0xE0, 0xFF, 0x7E, 0x03, 0x80, 0x7E, 0x02, 0x18, 0x00, 0x00, 0xFF, 0x1C, 0x1D,
    0xC0, 0x6C, 0x03, 0xC0, 0x06, 0x00, 0x30, 0x01, 0x80, 0x0C, 0x00, 0x70, 0x01, 0x80, 0x2E, 0x03,
    0x3C, 0x38, 0x7F, 0x80, 0x08, 0x1C, 0x3C, 0x36, 0x00, 0x3E, 0x67, 0xC0, 0xC0, 0xC0, 0xC0, 0xE0,
    0xFF, 0x7E, 0x03, 0x00, 0x18, 0x00, 0x00, 0x00, 0x00, 0xFF, 0x1C, 0x1D, 0xC0, 0x6C, 0x03, 0xC0,
    0x06, 0x00, 0x30, 0x01, 0x80, 0x0C, 0x00, 0x70, 0x01, 0x80, 0x2E, 0x03, 0x3C, 0x38, 0x7F, 0x80,
    0x18, 0x30, 0x00, 0x00, 0x07, 0xD9, 0xE0, 0xC1, 0x83, 0x07, 0x0F, 0xEF, 0x80, 0x0C, 0xE0, 0x3C,
    0x00, 0xC0, 0x00, 0x00, 0xFF, 0x1C, 0x1D, 0xC0, 0x6C, 0x03, 0xC0, 0x06, 0x00, 0x30, 0x01, 0x80,
    0x0C, 0x00, 0x70, 0x01, 0x80, 0x2E, 0x03, 0x3C, 0x38, 0x7F, 0x80, 0x36, 0x36, 0x1C, 0x18, 0x00,
    0x3E, 0x67, 0xC0, 0xC0, 0xC0, 0xC0, 0xE0, 0xFF, 0x7E, 0x06, 0x60, 0x07, 0x80, 0x06, 0x00, 0x00,
    0x07, 0xFF, 0x07, 0x0F, 0x06, 0x07, 0x0C, 0x07, 0x18, 0x0E, 0x30, 0x0C, 0x60, 0x18, 0xC0, 0x31,
    0x80, 0x63, 0x00, 0xC6, 0x03, 0x0C, 0x0E, 0x3C, 0x38, 0xFF, 0xC0, 0x07, 0x41, 0xD0, 0x34, 0x0D,
    0x03, 0x00, 0xC3, 0xF1, 0x9C, 0xC3, 0x30, 0xCC, 0x33, 0x0C, 0xC3, 0x39, 0xC7, 0xFC, 0x00, 0x7F,
    0xF0, 0x70, 0xF0, 0x60, 0x70, 0xC0, 0x71, 0x80, 0xE3, 0x00, 0xDF, 0xE1, 0x8C, 0x03, 0x18, 0x06,
    0x30, 0x0C, 0x60, 0x30, 0xC0, 0xE3, 0xC3, 0x8F, 0xFC, 0x00, 0x01, 0x01, 0xC0, 0x70, 0x7F, 0x03,
    0x00, 0xC0, 0x30, 0xFC, 0x67, 0x30, 0xCC, 0x33, 0x0C, 0xC3, 0x38, 0xCE, 0x79, 0xFF, 0x02, 0x00,
    0x1F, 0xC0, 0x00, 0x00, 0x07, 0xFE, 0x38, 0x61, 0x82, 0x18, 0x01, 0x80, 0x18, 0x81, 0xF8, 0x18,
    0x81, 0x88, 0x18, 0x01, 0x80, 0x18, 0x33, 0x86, 0x7F, 0xE0, 0x3E, 0x00, 0x00, 0x3E, 0x66, 0xFE,
    0xC0, 0xC0, 0xC0, 0xE2, 0xFE, 0x7C, 0x10, 0x81, 0x98, 0x0F, 0x00, 0x60, 0x7F, 0xE3, 0x86, 0x18,
    0x21, 0x80, 0x18, 0x01, 0x88, 0x1F, 0x81, 0x88, 0x18, 0x81, 0x80, 0x18, 0x01, 0x83, 0x38, 0x67,
    0xFE, 0x24, 0x24, 0x3C, 0x00, 0x00, 0x3E, 0x66, 0xFE, 0xC0, 0xC0, 0xC0, 0xE2, 0xFE, 0x7C, 0x00,
    0x00, 0x60, 0x06, 0x00, 0x00, 0x7F, 0xE3, 0x86, 0x18, 0x21, 0x80, 0x18, 0x01, 0x88, 0x1F, 0x81,
    0x88, 0x18, 0x81, 0x80, 0x18, 0x01, 0x83, 0x38, 0x67, 0xFE, 0x18, 0x18, 0x00, 0x00, 0x00, 0x3E,
    0x66, 0xFE, 0xC0, 0xC0, 0xC0, 0xE2, 0xFE, 0x7C, 0x7F, 0xC3, 0x86, 0x18, 0x61, 0x80, 0x18, 0x01,
    0x88, 0x1F, 0x81, 0x88, 0x18, 0x81, 0x80, 0x18, 0x01, 0x83, 0x38, 0x67, 0xFE, 0x01, 0x80, 0x30,
    0x06, 0x00, 0x76, 0x07, 0xC0, 0x38, 0x3E, 0xCF, 0xFE, 0x0C, 0x18, 0x38, 0x7F, 0x7C, 0x30, 0x61,
    0x83, 0x07, 0xC7, 0x00, 0x1D, 0xC0, 0xF0, 0x06, 0x00, 0x00, 0x7F, 0xE3, 0x86, 0x18, 0x21, 0x80,
    0x18, 0x01, 0x88, 0x1F, 0x81, 0x88, 0x18, 0x81, 0x80, 0x18, 0x01, 0x83, 0x38, 0x67, 0xFE, 0x26,
    0x3C, 0x1C, 0x18, 0x00, 0x3E, 0x66, 0xFE, 0xC0, 0xC0, 0xC0, 0xE2, 0xFE, 0x7C, 0x03, 0x80, 0x1F,
    0x00, 0xC4, 0x00, 0x00, 0x0F, 0xF0, 0xE1, 0xC7, 0x01, 0x18, 0x04, 0xE0, 0x03, 0x00, 0x0C, 0x00,
    0x30, 0x3F, 0xC0, 0x7B, 0x80, 0xCE, 0x03, 0x1C, 0x0C, 0x38, 0x78, 0x3F, 0x80, 0x18, 0x07, 0x03,
    0xC0, 0x98, 0x00, 0x0F, 0xF6, 0x73, 0x0C, 0xC3, 0x39, 0xC6, 0x61, 0xF0, 0xE0, 0x3F, 0xC7, 0xFB,
    0x06, 0xC1, 0xB0, 0xCE, 0x71, 0xF8, 0x06, 0x60, 0x1F, 0x80, 0x18, 0x00, 0x00, 0x0F, 0xF0, 0xE1,
    0xC7, 0x01, 0x18, 0x04, 0xE0, 0x03, 0x00, 0x0C, 0x00, 0x30, 0x3F, 0xC0, 0x3B, 0x80, 0x4E, 0x01,
    0x1C, 0x0C, 0x3C, 0x38, 0x3F, 0x80, 0x24, 0x09, 0x03, 0xC0, 0x00, 0x00, 0x0F, 0xF6, 0x73, 0x0C,
    0xC3, 0x39, 0xC6, 0x61, 0xF0, 0xE0, 0x3F, 0xC7, 0xFB, 0x06, 0xC1, 0xB0, 0xCE, 0x71, 0xF8, 0x01,
    0x80, 0x06, 0x00, 0x00, 0x00, 0x00, 0x0F, 0xF0, 0xE1, 0xC7, 0x01, 0x18, 0x04, 0xE0, 0x03, 0x00,
    0x0C, 0x00, 0x30, 0x3F, 0xC0, 0x3B, 0x80, 0xCE, 0x03, 0x1C, 0x0C, 0x38, 0x78, 0x3F, 0x80, 0x18,
    0x06, 0x00, 0x00, 0x00, 0x00, 0x0F, 0xF6, 0x73, 0x0C, 0xC3, 0x39, 0xC6, 0x61, 0xF0, 0xE0, 0x3F,
    0xC7, 0xFB, 0x06, 0xC1, 0xB0, 0xCE, 0x71, 0xF8, 0x0F, 0xF0, 0xE1, 0xC7, 0x01, 0x18, 0x04, 0xE0,
    0x03, 0x00, 0x0C, 0x00, 0x30, 0x00, 0xC0, 0xFB, 0x80, 0xEE, 0x03, 0x1C, 0x0C, 0x38, 0x78, 0x3F,
    0x80, 0x00, 0x00, 0xE0, 0x03, 0x80, 0x06, 0x00, 0x18, 0x00, 0xC0, 0x0C, 0x06, 0x01, 0x80, 0x70,
    0x1C, 0x00, 0x03, 0xFD, 0x9C, 0xC3, 0x30, 0xCE, 0x71, 0x98, 0x7C, 0x38, 0x0F, 0xF1, 0xFE, 0xC1,
    0xB0, 0x6C, 0x33, 0x9C, 0x7E, 0x00, 0x03, 0x80, 0x07, 0xC0, 0x06, 0x60, 0x00, 0x00, 0xFC, 0x3F,
    0x30, 0x1C, 0x30, 0x0C, 0x30, 0x0C, 0x30, 0x0C, 0x30, 0x0C, 0x3F, 0xFC, 0x30, 0x0C, 0x30, 0x0C,
    0x30, 0x0C, 0x30, 0x0C, 0x30, 0x0C, 0x38, 0x1C, 0xFC, 0x3F, 0x38, 0x07, 0xC0, 0x44, 0x01, 0x80,
    0x38, 0x03, 0x80, 0x18, 0x01, 0x80, 0x18, 0x01, 0x80, 0x1F, 0xC1, 0x9C, 0x18, 0xC1, 0x8C, 0x18,
    0xC1, 0x8C, 0x18, 0xC1, 0x8C, 0x7D, 0xF0, 0xFC, 0x3F, 0x30, 0x1C, 0x30, 0x0C, 0xFF, 0xFF, 0x30,
    0x0C, 0x30, 0x0C, 0x3F, 0xFC, 0x30, 0x0C, 0x30, 0x0C, 0x30, 0x0C, 0x30, 0x0C, 0x30, 0x0C, 0x38,
    0x1C, 0xFC, 0x3F, 0x00, 0x0E, 0x01, 0xC0, 0x18, 0x03, 0x01, 0xFC, 0x0C, 0x01, 0x80, 0x3F, 0x87,
    0x70, 0xC6, 0x18, 0xC3, 0x18, 0x63, 0x0C, 0x61, 0x8C, 0xFB, 0xE0, 0x03, 0x3E, 0x7C, 0x00, 0x7E,
    0x18, 0x18, 0x18, 0x18, 0x18, 0x18, 0x18, 0x18, 0x18, 0x18, 0x18, 0x38, 0x7E, 0x04, 0xFB, 0xE4,
    0x03, 0x0E, 0x0C, 0x18, 0x30, 0x60, 0xC1, 0x8F, 0x80, 0x7E, 0x00, 0x00, 0x7E, 0x18, 0x18, 0x18,
    0x18, 0x18, 0x18, 0x18, 0x18, 0x18, 0x18, 0x18, 0x38, 0x7E, 0xFC, 0x00, 0x0C, 0x70, 0xC3, 0x0C,
    0x30, 0xC3, 0x3E, 0x42, 0x66, 0x3C, 0x08, 0x7E, 0x18, 0x18, 0x18, 0x18, 0x18, 0x18, 0x18, 0x18,
    0x18, 0x18, 0x18, 0x38, 0x7E, 0x49, 0x27, 0x80, 0x00, 0xC7, 0x0C, 0x30, 0xC3, 0x0C, 0x31, 0xF0,
    0x7E, 0x1C, 0x18, 0x18, 0x18, 0x18, 0x18, 0x18, 0x18, 0x18, 0x18, 0x18, 0x1C, 0x7E, 0x18, 0x30,
    0x30, 0x32, 0x3E, 0x3C, 0x30, 0xC0, 0x00, 0x00, 0xC7, 0x1C, 0x30, 0xC3, 0x0C, 0x33, 0xE3, 0x18,
    0x61, 0x87, 0xDE, 0x00, 0x18, 0x18, 0x00, 0x7E, 0x1C, 0x18, 0x18, 0x18, 0x18, 0x18, 0x18, 0x18,
    0x18, 0x18, 0x18, 0x1C, 0x7E, 0x31, 0xC3, 0x0C, 0x30, 0xC3, 0x0C, 0xF8, 0x7E, 0xFC, 0x60, 0xC1,
    0x83, 0x06, 0x0C, 0x18, 0x30, 0x60, 0xC1, 0x83, 0x06, 0x0C, 0x18, 0x30, 0x60, 0xC1, 0x83, 0x06,
    0x0C, 0x38, 0x31, 0xF8, 0xC0, 0x03, 0x00, 0x18, 0x03, 0x60, 0x0F, 0x00, 0x31, 0x98, 0xC0, 0x00,
    0x00, 0x01, 0x8D, 0xCE, 0x67, 0x31, 0x98, 0xCC, 0x66, 0x33, 0x1B, 0xEC, 0x06, 0x03, 0x03, 0x81,
    0x80, 0xC0, 0xC0, 0x0C, 0x1E, 0x37, 0x00, 0x3F, 0x1C, 0x0C, 0x0C, 0x0C, 0x0C, 0x0C, 0x0C, 0x0C,
    0x0C, 0x0C, 0x0C, 0x0C, 0x0C, 0x0C, 0x0C, 0x18, 0xD8, 0xF0, 0x18, 0x70, 0xF3, 0x20, 0x87, 0x0E,
    0x0C, 0x18, 0x30, 0x60, 0xC1, 0x83, 0x06, 0x0C, 0x38, 0x60, 0xC3, 0x00, 0x7E, 0x7C, 0x70, 0xE0,
    0x63, 0x00, 0xCC, 0x01, 0xB0, 0x03, 0x40, 0x07, 0x80, 0x0F, 0x80, 0x1B, 0x80, 0x33, 0x80, 0x67,
    0x80, 0xC7, 0x83, 0x87, 0x8F, 0xCF, 0xC0, 0x00, 0x01, 0xC0, 0x03, 0x80, 0x03, 0x00, 0x06, 0x00,
    0x18, 0x00, 0x10, 0x1C, 0x07, 0x00, 0xC0, 0x30, 0x0C, 0x03, 0x00, 0xCE, 0x32, 0x0D, 0x03, 0x00,
    0xF0, 0x3C, 0x0D, 0x83, 0x73, 0xFF, 0x00, 0x07, 0x01, 0xC0, 0x30, 0x0C, 0x03, 0x00, 0x00, 0x46,
    0x79, 0xCC, 0x3B, 0x03, 0xC0, 0x78, 0x0F, 0x81, 0xB8, 0x33, 0x9F, 0x7C, 0x06, 0x00, 0x70, 0x03,
    0x00, 0x30, 0x00, 0x00, 0x3F, 0x00, 0x60, 0x03, 0x00, 0x18, 0x00, 0xC0, 0x06, 0x00, 0x30, 0x01,
    0x80, 0x0C, 0x00, 0x60, 0x03, 0x00, 0x18, 0x19, 0xC1, 0x9F, 0xFC, 0x39, 0xEE, 0x04, 0x71, 0xC3,
    0x0C, 0x30, 0xC3, 0x0C, 0x30, 0xC3, 0x0C, 0x30, 0xCF, 0x80, 0x7E, 0x00, 0xC0, 0x06, 0x00, 0x30,
    0x01, 0x80, 0x0C, 0x00, 0x60, 0x03, 0x00, 0x18, 0x00, 0xC0, 0x06, 0x00, 0x30, 0x33, 0x83, 0x3F,
    0xF8, 0x00, 0x00, 0xE0, 0x07, 0x00, 0x18, 0x00, 0xC0, 0x0C, 0x00, 0x11, 0xC7, 0x0C, 0x30, 0xC3,
    0x0C, 0x30, 0xC3, 0x0C, 0x30, 0xC3, 0x3E, 0x01, 0xC7, 0x0C, 0x31, 0x80, 0x7E, 0x40, 0xC2, 0x06,
    0x10, 0x30, 0x81, 0x80, 0x0C, 0x00, 0x60, 0x03, 0x00, 0x18, 0x00, 0xC0, 0x06, 0x00, 0x30, 0x33,
    0x83, 0x3F, 0xF8, 0x75, 0xD3, 0x4D, 0x30, 0xC3, 0x0C, 0x30, 0xC3, 0x0C, 0x30, 0xCF, 0x80, 0x7E,
    0x00, 0xC0, 0x06, 0x00, 0x30, 0x01, 0x80, 0x0C, 0x30, 0x61, 0x83, 0x00, 0x18, 0x00, 0xC0, 0x06,
    0x02, 0x30, 0x33, 0x83, 0x3F, 0xF8, 0x10, 0xE1, 0xC1, 0x83, 0x06, 0x0C, 0x1B, 0x36, 0x60, 0xC1,
    0x83, 0x06, 0x0C, 0x7C, 0x7E, 0x00, 0xC0, 0x06, 0x00, 0x30, 0x01, 0x80, 0x0D, 0xC0, 0x7C, 0x0F,
    0x00, 0x58, 0x00, 0xC0, 0x06, 0x02, 0x30, 0x33, 0x83, 0x3F, 0xF8, 0x11, 0xC7, 0x0C, 0x30, 0xC3,
    0x0E, 0x73, 0xC3, 0x0C, 0x30, 0xC3, 0x3E, 0x00, 0x60, 0x00, 0xE0, 0x00, 0xC0, 0x01, 0x80, 0x00,
    0x00, 0xF8, 0x1F, 0x3C, 0x04, 0x1E, 0x04, 0x1E, 0x04, 0x17, 0x04, 0x13, 0x84, 0x11, 0xC4, 0x11,
    0xC4, 0x10, 0xE4, 0x10, 0x74, 0x10, 0x3C, 0x10, 0x1C, 0x38, 0x1C, 0x7C, 0x0C, 0x01, 0x80, 0x30,
    0x07, 0x00, 0x60, 0x10, 0x07, 0xF8, 0x79, 0xC3, 0x0C, 0x30, 0xC3, 0x0C, 0x30, 0xC3, 0x0C, 0x30,
    0xCF, 0xBE, 0xF8, 0x1F, 0x3C, 0x04, 0x1E, 0x04, 0x1E, 0x04, 0x17, 0x04, 0x13, 0x84, 0x11, 0xC4,
    0x11, 0xC4, 0x10, 0xE4, 0x10, 0x74, 0x10, 0x3C, 0x10, 0x1C, 0x38, 0x1C, 0x7C, 0x0C, 0x00, 0x00,
    0x01, 0xC0, 0x01, 0xC0, 0x00, 0xC0, 0x00, 0xC0, 0x01, 0x80, 0x10, 0x07, 0xF8, 0x79, 0xC3, 0x0C,
    0x30, 0xC3, 0x0C, 0x30, 0xC3, 0x0C, 0x30, 0xCF, 0xBE, 0x00, 0x00, 0xE0, 0x0E, 0x00, 0x60, 0x06,
    0x00, 0xC0, 0x06, 0x20, 0x03, 0xE0, 0x01, 0xC0, 0x00, 0x80, 0x00, 0x00, 0xF8, 0x1F, 0x3C, 0x04,
    0x1E, 0x04, 0x1E, 0x04, 0x17, 0x04, 0x13, 0x84, 0x11, 0xC4, 0x11, 0xC4, 0x10, 0xE4, 0x10, 0x74,
    0x10, 0x3C, 0x10, 0x1C, 0x38, 0x1C, 0x7C, 0x0C, 0x19, 0x80, 0xF0, 0x0F, 0x00, 0x60, 0x10, 0x07,
    0xF8, 0x79, 0xC3, 0x0C, 0x30, 0xC3, 0x0C, 0x30, 0xC3, 0x0C, 0x30, 0xCF, 0xBE, 0x70, 0x01, 0xC0,
    0x03, 0x00, 0x04, 0x00, 0x30, 0x01, 0x90, 0x01, 0xFE, 0x03, 0x9C, 0x0C, 0x30, 0x30, 0xC0, 0xC3,
    0x03, 0x0C, 0x0C, 0x30, 0x30, 0xC1, 0xF7, 0xC0, 0xF8, 0x1F, 0x3C, 0x0C, 0x1E, 0x04, 0x1E, 0x04,
    0x17, 0x04, 0x13, 0x84, 0x11, 0xC4, 0x11, 0xC4, 0x10, 0xE4, 0x10, 0x74, 0x10, 0x3C, 0x10, 0x3C,
    0x38, 0x1C, 0x7C, 0x0C, 0x00, 0x04, 0x00, 0x04, 0x00, 0x0C, 0x00, 0x3C, 0x00, 0x38, 0x00, 0x30,
    0x10, 0x1F, 0xE7, 0x9C, 0xC3, 0x30, 0xCC, 0x33, 0x0C, 0xC3, 0x30, 0xFE, 0x30, 0x0C, 0x03, 0x00,
    0xC0, 0x60, 0x38, 0x1C, 0x00, 0x00, 0x0F, 0xE0, 0x00, 0x00, 0x00, 0x07, 0xF8, 0x38, 0x71, 0x80,
    0xE6, 0x01, 0xF0, 0x07, 0xC0, 0x0F, 0x00, 0x3C, 0x00, 0xF0, 0x03, 0xE0, 0x0F, 0x80, 0x67, 0x01,
    0x8E, 0x1C, 0x1F, 0xE0, 0x3E, 0x00, 0x00, 0x07, 0xC6, 0x76, 0x1F, 0x0F, 0x83, 0xC1, 0xF1, 0xF8,
    0xCF, 0xC0, 0x0C, 0xC0, 0x3F, 0x00, 0x30, 0x00, 0x00, 0x1F, 0xE0, 0xE1, 0xC6, 0x03, 0x98, 0x07,
    0xC0, 0x1F, 0x00, 0x3C, 0x00, 0xF0, 0x03, 0xC0, 0x0F, 0x80, 0x3E, 0x01, 0x9C, 0x06, 0x38, 0x70,
    0x7F, 0x80, 0x12, 0x09, 0x07, 0x80, 0x00, 0x01, 0xF1, 0x9D, 0x87, 0xC3, 0xE0, 0xF0, 0x7C, 0x7E,
    0x33, 0xF0, 0x03, 0x60, 0x0F, 0x80, 0x6C, 0x01, 0x20, 0x00, 0x00, 0x7F, 0x83, 0x87, 0x18, 0x0E,
    0x60, 0x1F, 0x00, 0x7C, 0x00, 0xF0, 0x03, 0xC0, 0x0F, 0x00, 0x3E, 0x00, 0xF8, 0x06, 0x70, 0x18,
    0xE1, 0xC1, 0xFE, 0x00, 0x0F, 0x0F, 0x87, 0x86, 0x80, 0x01, 0xF1, 0x9D, 0x87, 0xC3, 0xE0, 0xF0,
    0x7C, 0x7E, 0x33, 0xF0, 0x1F, 0xFF, 0xC7, 0x0E, 0x19, 0x80, 0xC1, 0x30, 0x18, 0x0C, 0x03, 0x01,
    0x80, 0x62, 0x30, 0x0F, 0xC6, 0x01, 0x88, 0xC0, 0x31, 0x1C, 0x06, 0x03, 0x80, 0xC0, 0x38, 0x18,
    0x33, 0x87, 0x0C, 0x3F, 0xFF, 0x80, 0x3E, 0x7C, 0xCF, 0x9F, 0x0F, 0xFE, 0x1C, 0x0C, 0x38, 0x18,
    0x78, 0x38, 0xF0, 0xF1, 0xFF, 0x7E, 0x7C, 0x01, 0x80, 0x03, 0x80, 0x03, 0x00, 0x06, 0x00, 0x00,
    0x00, 0x7F, 0xC0, 0x18, 0xE0, 0x18, 0xE0, 0x18, 0x60, 0x18, 0x60, 0x18, 0xE0, 0x19, 0xC0, 0x1F,
    0x80, 0x19, 0x80, 0x18, 0xC0, 0x18, 0xE0, 0x18, 0x70, 0x38, 0x38, 0x7E, 0x3E, 0x06, 0x0E, 0x0C,
    0x18, 0x10, 0x7E, 0x7E, 0x30, 0x30, 0x30, 0x30, 0x30, 0x30, 0x78, 0x7F, 0xC0, 0x18, 0xE0, 0x18,
    0xE0, 0x18, 0x60, 0x18, 0x60, 0x18, 0xE0, 0x19, 0xC0, 0x1F, 0x80, 0x19, 0x80, 0x18, 0xC0, 0x18,
    0xE0, 0x18, 0x70, 0x38, 0x38, 0x7E, 0x3E, 0x00, 0x00, 0x03, 0x80, 0x03, 0x80, 0x01, 0x80, 0x01,
    0x80, 0x01, 0x00, 0x10, 0xFD, 0xF9, 0x83, 0x06, 0x0C, 0x18, 0x30, 0xF0, 0x03, 0x87, 0x06, 0x0C,
    0x10, 0x10, 0x80, 0x1F, 0x80, 0x0F, 0x00, 0x06, 0x00, 0x00, 0x00, 0x7F, 0xC0, 0x18, 0xE0, 0x18,
    0xE0, 0x18, 0x60, 0x18, 0x60, 0x18, 0xE0, 0x19, 0xC0, 0x1F, 0x80, 0x19, 0x80, 0x18, 0xC0, 0x18,
    0xE0, 0x18, 0x70, 0x38, 0x38, 0x7E, 0x3E, 0x26, 0x3C, 0x1C, 0x18, 0x10, 0x7E, 0x7E, 0x30, 0x30,
    0x30, 0x30, 0x30, 0x30, 0x78, 0x03, 0x01, 0x81, 0x80, 0x80, 0x01, 0xF9, 0xCE, 0xC3, 0x60, 0x38,
    0x1E, 0x07, 0xC0, 0xF0, 0x3C, 0x0F, 0x83, 0xC1, 0xF1, 0x9F, 0x80, 0x0C, 0x18, 0x60, 0xC0, 0x0F,
    0x9B, 0x32, 0x70, 0x78, 0x76, 0x6C, 0xCF, 0x00, 0x0E, 0x0F, 0x8C, 0x60, 0x03, 0xF3, 0x9D, 0x86,
    0xC0, 0x70, 0x3C, 0x0F, 0x81, 0xE0, 0x78, 0x1F, 0x07, 0x83, 0xE3, 0x3F, 0x00, 0x10, 0xE3, 0xDB,
    0x01, 0xF6, 0xD9, 0x70, 0xF1, 0xF3, 0xCD, 0xE0, 0x3F, 0x39, 0xD8, 0x6C, 0x17, 0x03, 0xC0, 0xF8,
    0x1E, 0x07, 0x81, 0xF0, 0x78, 0x3E, 0x33, 0xF0, 0x20, 0x38, 0x1C, 0x06, 0x01, 0x07, 0x00, 0x7D,
    0x96, 0x5C, 0x3C, 0x7C, 0xF3, 0x78, 0x43, 0x8E, 0x08, 0x63, 0x00, 0x3B, 0x8F, 0x83, 0x80, 0x03,
    0xF3, 0x9D, 0x86, 0xC0, 0x70, 0x3C, 0x0F, 0x81, 0xE0, 0x78, 0x1F, 0x07, 0x83, 0xE3, 0x3F, 0x00,
    0x64, 0xF3, 0x86, 0x01, 0xF6, 0xD9, 0x70, 0xF1, 0xF3, 0xCD, 0xE0, 0x00, 0x01, 0x80, 0x07, 0xFF,
    0xF0, 0xC3, 0x83, 0x04, 0x0C, 0x00, 0x30, 0x00, 0xC0, 0x03, 0x00, 0x0C, 0x00, 0x30, 0x00, 0xC0,
    0x03, 0x00, 0x0C, 0x00, 0x70, 0x03, 0xF0, 0x02, 0x00, 0x1C, 0x00, 0x70, 0x00, 0xC0, 0x01, 0x00,
    0x38, 0x00, 0x10, 0x61, 0xF1, 0x83, 0x06, 0x0C, 0x18, 0x30, 0x7C, 0xF8, 0x83, 0x87, 0x02, 0x0C,
    0x30, 0x0C, 0xC0, 0x1E, 0x00, 0x30, 0x18, 0x00, 0x7F, 0xFF, 0x0C, 0x38, 0x30, 0x40, 0xC0, 0x03,
    0x00, 0x0C, 0x00, 0x30, 0x00, 0xC0, 0x03, 0x00, 0x0C, 0x00, 0x30, 0x00, 0xC0, 0x07, 0x00, 0x3F,
    0x00, 0x04, 0x08, 0x10, 0xA7, 0x0F, 0xCC, 0x18, 0x30, 0x60, 0xC1, 0x83, 0x07, 0xC0, 0x00, 0x01,
    0x80, 0x07, 0xFF, 0xF0, 0xC3, 0x83, 0x04, 0x0C, 0x00, 0x30, 0x00, 0xC0, 0x1F, 0xE0, 0x0C, 0x00,
    0x30, 0x00, 0xC0, 0x03, 0x00, 0x0C, 0x00, 0x70, 0x03, 0xF0, 0x10, 0xE1, 0xF9, 0x83, 0x0F, 0x8C,
    0x18, 0x30, 0x60, 0xF8, 0x00, 0x30, 0x07, 0xC0, 0x1F, 0x00, 0x00, 0x0F, 0x83, 0xE6, 0x03, 0x0C,
    0x06, 0x18, 0x04, 0x30, 0x08, 0x60, 0x10, 0xC0, 0x21, 0x80, 0x43, 0x01, 0x86, 0x03, 0x0C, 0x06,
    0x1C, 0x08, 0x1C, 0x30, 0x1F, 0xC0, 0x00, 0x81, 0xF8, 0x1F, 0x03, 0x00, 0x00, 0x07, 0x3C, 0x71,
    0xC3, 0x0C, 0x30, 0xC3, 0x0C, 0x30, 0xC3, 0x0C, 0x39, 0xC3, 0xFE, 0x07, 0xE0, 0x00, 0x00, 0x00,
    0x07, 0xC1, 0xF3, 0x01, 0x86, 0x03, 0x0C, 0x02, 0x18, 0x04, 0x30, 0x08, 0x60, 0x10, 0xC0, 0x21,
    0x80, 0xC3, 0x01, 0x86, 0x03, 0x0E, 0x04, 0x0E, 0x18, 0x0F, 0xE0, 0x1F, 0x00, 0x00, 0x00, 0x07,
    0x3C, 0x71, 0xC3, 0x0C, 0x30, 0xC3, 0x0C, 0x30, 0xC3, 0x0C, 0x39, 0xC3, 0xFE, 0x06, 0x60, 0x0F,
    0xC0, 0x06, 0x00, 0x00, 0x0F, 0x83, 0xE6, 0x03, 0x0C, 0x06, 0x18, 0x04, 0x30, 0x08, 0x60, 0x10,
    0xC0, 0x21, 0x80, 0x43, 0x01, 0x86, 0x03, 0x0C, 0x06, 0x1C, 0x08, 0x1C, 0x30, 0x1F, 0xC0, 0x12,
    0x01, 0x20, 0x1E, 0x00, 0x00, 0x00, 0x07, 0x3C, 0x71, 0xC3, 0x0C, 0x30, 0xC3, 0x0C, 0x30, 0xC3,
    0x0C, 0x39, 0xC3, 0xFE, 0x03, 0xC0, 0x07, 0x80, 0x09, 0x00, 0x1E, 0x00, 0x38, 0x1F, 0x07, 0xCC,
    0x06, 0x18, 0x0C, 0x30, 0x08, 0x60, 0x10, 0xC0, 0x21, 0x80, 0x43, 0x00, 0x86, 0x03, 0x0C, 0x06,
    0x18, 0x0C, 0x38, 0x10, 0x38, 0x60, 0x3F, 0x80, 0x0E, 0x00, 0xA0, 0x0E, 0x00, 0x00, 0x00, 0x07,
    0x3C, 0x71, 0xC3, 0x0C, 0x30, 0xC3, 0x0C, 0x30, 0xC3, 0x0C, 0x39, 0xC3, 0xFE, 0x01, 0xB0, 0x07,
    0xE0, 0x0F, 0x80, 0x36, 0x00, 0x00, 0x1F, 0x07, 0xCC, 0x06, 0x18, 0x0C, 0x30, 0x08, 0x60, 0x10,
    0xC0, 0x21, 0x80, 0x43, 0x00, 0x86, 0x03, 0x0C, 0x06, 0x18, 0x0C, 0x38, 0x10, 0x38, 0x60, 0x3F,
    0x80, 0x06, 0xC0, 0xF8, 0x0D, 0x81, 0xB0, 0x00, 0x07, 0x3C, 0x71, 0xC3, 0x0C, 0x30, 0xC3, 0x0C,
    0x30, 0xC3, 0x0C, 0x39, 0xC3, 0xFE, 0xF8, 0x3E, 0x60, 0x30, 0xC0, 0x61, 0x80, 0x43, 0x00, 0x86,
    0x01, 0x0C, 0x02, 0x18, 0x04, 0x30, 0x18, 0x60, 0x30, 0xC0, 0x61, 0xC0, 0x81, 0xC3, 0x01, 0xFC,
    0x00, 0x30, 0x00, 0xC0, 0x03, 0x00, 0x07, 0x60, 0x0F, 0x80, 0x0E, 0x00, 0x73, 0xC7, 0x1C, 0x30,
    0xC3, 0x0C, 0x30, 0xC3, 0x0C, 0x30, 0xC3, 0x9C, 0x3F, 0xE0, 0x0C, 0x01, 0xC0, 0x18, 0x01, 0x80,
    0x1F, 0x01, 0xE0, 0x00, 0x70, 0x00, 0x0F, 0xC0, 0x00, 0x8C, 0x00, 0x00, 0x00, 0xFF, 0xFF, 0xF7,
    0x1D, 0x8C, 0x38, 0xD0, 0x83, 0x8F, 0x18, 0x18, 0x71, 0x81, 0xC7, 0x10, 0x0C, 0x71, 0x00, 0xE7,
    0x30, 0x0E, 0xFA, 0x00, 0x69, 0xA0, 0x07, 0x9E, 0x00, 0x39, 0xC0, 0x03, 0x0C, 0x00, 0x30, 0xC0,
    0x00, 0x00, 0x00, 0x03, 0x00, 0x07, 0x00, 0x1A, 0x00, 0x26, 0x00, 0x00, 0x1F, 0xFB, 0xDC, 0x62,
    0x18, 0xCC, 0x3B, 0x98, 0x35, 0xA0, 0x7B, 0xC0, 0xE7, 0x00, 0xC6, 0x01, 0x8C, 0x00, 0x03, 0x00,
    0x1F, 0x00, 0xCC, 0x00, 0x00, 0xFC, 0xFC, 0xE0, 0xC3, 0x86, 0x07, 0x10, 0x0C, 0xC0, 0x3A, 0x00,
    0x78, 0x01, 0xC0, 0x03, 0x00, 0x0C, 0x00, 0x30, 0x00, 0xC0, 0x07, 0x00, 0x3F, 0x00, 0x06, 0x03,
    0x80, 0xF0, 0x64, 0x00, 0x1E, 0xF3, 0x18, 0xC4, 0x1B, 0x06, 0xC1, 0xE0, 0x38, 0x0C, 0x03, 0x00,
    0xC0, 0x20, 0x18, 0x04, 0x07, 0x01, 0xC0, 0x00, 0x00, 0x33, 0x00, 0xCC, 0x00, 0x00, 0xFC, 0xF8,
    0xE1, 0xC3, 0x86, 0x07, 0x10, 0x0C, 0xC0, 0x3E, 0x00, 0x78, 0x01, 0xC0, 0x03, 0x00, 0x0C, 0x00,
    0x30, 0x00, 0xC0, 0x07, 0x00, 0x3F, 0x00, 0x01, 0x80, 0x38, 0x03, 0x00, 0x60, 0x60, 0x07, 0xFF,
    0xC0, 0xE8, 0x1C, 0x01, 0xC0, 0x38, 0x07, 0x00, 0x70, 0x0E, 0x01, 0xC0, 0x3C, 0x03, 0x81, 0x70,
    0x3F, 0x03, 0xFF, 0xE0, 0x06, 0x0E, 0x0C, 0x18, 0x40, 0x7F, 0x46, 0x4C, 0x1C, 0x18, 0x38, 0x71,
    0x63, 0xFF, 0x00, 0x00, 0x60, 0x06, 0x06, 0x00, 0x7F, 0xEC, 0x1E, 0x81, 0xC0, 0x38, 0x03, 0x00,
    0x70, 0x0E, 0x00, 0xC0, 0x1C, 0x03, 0x80, 0x30, 0x37, 0x02, 0xE0, 0x6F, 0xFE, 0x00, 0x18, 0x18,
    0x00, 0x40, 0x7E, 0xCE, 0x8C, 0x18, 0x18, 0x30, 0x73, 0x66, 0xFE, 0x19, 0x80, 0xF0, 0x06, 0x06,
    0x00, 0x7F, 0xFC, 0x0E, 0x81, 0xC0, 0x1C, 0x03, 0x80, 0x70, 0x07, 0x00, 0xE0, 0x1C, 0x03, 0xC0,
    0x38, 0x17, 0x03, 0xF0, 0x3F, 0xFE, 0x26, 0x3C, 0x1C, 0x18, 0x40, 0x7F, 0x46, 0x4C, 0x1C, 0x18,
    0x38, 0x71, 0x63, 0xFF, 0x0F, 0x86, 0x61, 0x00, 0xC0, 0x30, 0x0C, 0x07, 0x01, 0xC0, 0x30, 0x0C,
    0x03, 0x00, 0xC0, 0x30, 0x0C, 0x0F, 0x80, 0x00, 0x07, 0x1F, 0xF7, 0x38, 0x7E, 0x70, 0x38, 0xE0,
    0x1C, 0xC0, 0x1C, 0xC0, 0x0C, 0xC0, 0x0C, 0xC0, 0x0C, 0xC0, 0x0C, 0xE0, 0x0C, 0x60, 0x18, 0x70,
    0x18, 0x38, 0x70, 0x0F, 0xE0, 0x01, 0xC0, 0x33, 0xED, 0x9E, 0xC3, 0xB0, 0xEC, 0x1B, 0x06, 0xE3,
    0xB8, 0xC7, 0xE0, 0x00, 0x03, 0x00, 0x03, 0x00, 0x03, 0xF8, 0x3E, 0x30, 0x18, 0x30, 0x18, 0x30,
    0x08, 0x30, 0x08, 0x30, 0x08, 0x30, 0x08, 0x30, 0x08, 0x30, 0x18, 0x30, 0x18, 0x38, 0x18, 0x18,
    0x10, 0x1E, 0x30, 0x0F, 0xE0, 0x00, 0x30, 0x03, 0x00, 0x37, 0x3E, 0x70, 0xC3, 0x0C, 0x30, 0xC3,
    0x0C, 0x30, 0xC3, 0x0C, 0x39, 0xC3, 0xFE, 0x00, 0x00, 0x00, 0x00, 0x1D, 0xC0, 0x00, 0x00, 0x3C,
    0x00, 0x00, 0x00, 0xC0, 0x00, 0x00, 0xC0, 0x07, 0xFF, 0x07, 0xFF, 0x1C, 0x3C, 0x30, 0x78, 0x60,
    0x73, 0x03, 0x83, 0x01, 0xC0, 0x38, 0x18, 0x0E, 0x03, 0x80, 0xC0, 0x30, 0x1C, 0x06, 0x01, 0x81,
    0xC0, 0x30, 0x0C, 0x1C, 0x01, 0x80, 0x60, 0xE0, 0x0C, 0x03, 0x0E, 0x00, 0x60, 0x30, 0xE0, 0x63,
    0x03, 0x8F, 0x03, 0x3C, 0x38, 0x70, 0x33, 0xFF, 0x07, 0xFF, 0x80, 0x7F, 0xF0, 0x64, 0x38, 0x78,
    0x3C, 0x18, 0x1C, 0x38, 0x18, 0x0E, 0x18, 0x18, 0x0E, 0x40, 0x18, 0x06, 0xFE, 0x18, 0x06, 0xCE,
    0x18, 0x06, 0x8C, 0x18, 0x06, 0x1C, 0x18, 0x06, 0x38, 0x18, 0x0C, 0x30, 0x18, 0x1C, 0x73, 0x3C,
    0x38, 0xE3, 0x7F, 0xE0, 0xFE, 0x00, 0x00, 0x01, 0xC0, 0x00, 0x71, 0x90, 0x0C, 0x3C, 0x03, 0x0E,
    0x00, 0xC1, 0x80, 0x31, 0x00, 0xFC, 0xFE, 0x67, 0x33, 0xB0, 0xC8, 0xCC, 0x30, 0x73, 0x0C, 0x38,
    0xC3, 0x0C, 0x30, 0xC7, 0x3E, 0x73, 0x8D, 0xFF, 0xFE, 0x00, 0x00, 0x00, 0x7E, 0x07, 0xE3, 0x00,
    0x30, 0x60, 0x06, 0x0C, 0x00, 0xC1, 0x80, 0x18, 0x30, 0x03, 0x06, 0x00, 0x60, 0xC0, 0x0C, 0x18,
    0x01, 0x83, 0x00, 0x30, 0x60, 0x06, 0x0C, 0x0C, 0xC3, 0x83, 0x18, 0xFF, 0xE3, 0x00, 0x00, 0x60,
    0x00, 0x0C, 0x00, 0x1B, 0x00, 0x03, 0xC0, 0x7E, 0x03, 0x18, 0x03, 0x18, 0x00, 0x18, 0x00, 0x18,
    0x03, 0x18, 0x07, 0x18, 0x07, 0x18, 0x03, 0x18, 0x03, 0x18, 0x03, 0x18, 0x1B, 0x18, 0x13, 0x38,
    0x33, 0x7F, 0xF3, 0x00, 0x03, 0x00, 0x03, 0x00, 0x07, 0x00, 0x06, 0x00, 0x06, 0x00, 0x0C, 0x70,
    0x38, 0x0C, 0x66, 0x33, 0x01, 0x80, 0xC6, 0x67, 0x33, 0x98, 0xCC, 0x66, 0x33, 0x19, 0x8C, 0xC7,
    0xF3, 0x01, 0x80, 0xC0, 0xE0, 0x60, 0x30, 0x30, 0xF8, 0x1F, 0x7E, 0x78, 0x08, 0x30, 0x78, 0x10,
    0x60, 0xF0, 0x20, 0xC1, 0x70, 0x41, 0x82, 0x70, 0x83, 0x04, 0x71, 0x06, 0x08, 0xE2, 0x0C, 0x10,
    0xE4, 0x18, 0x20, 0xE8, 0x30, 0x40, 0xF0, 0x60, 0x80, 0xE0, 0xC3, 0x81, 0xC1, 0x8F, 0x81, 0x83,
    0x00, 0x00, 0x06, 0x00, 0x00, 0x0C, 0x00, 0x01, 0xB0, 0x00, 0x03, 0xC0, 0xF8, 0x1F, 0x31, 0xE0,
    0x21, 0x87, 0x81, 0x00, 0x3C, 0x08, 0x01, 0x70, 0x41, 0x09, 0xC2, 0x38, 0x47, 0x11, 0xC2, 0x38,
    0x86, 0x10, 0xE4, 0x30, 0x83, 0xA1, 0x84, 0x0F, 0x0C, 0x20, 0x38, 0x63, 0x81, 0xC3, 0x3E, 0x06,
    0x18, 0x00, 0x00, 0xC0, 0x00, 0x06, 0x00, 0x00, 0x30, 0x00, 0x01, 0x80, 0x00, 0x18, 0x00, 0x01,
    0x80, 0x00, 0x0C, 0x00, 0x30, 0x00, 0x00, 0x00, 0x10, 0x05, 0xFE, 0x77, 0x9D, 0xCC, 0x33, 0x30,
    0xCC, 0xC3, 0x33, 0x0C, 0xCC, 0x33, 0x30, 0xCF, 0xEF, 0xB0, 0x00, 0xC0, 0x03, 0x00, 0x1C, 0x00,
    0x60, 0x01, 0x80, 0x0C, 0x06, 0x60, 0x07, 0x80, 0x06, 0x00, 0x0C, 0x00, 0x38, 0x00, 0x70, 0x00,
    0xF0, 0x03, 0x60, 0x06, 0xC0, 0x0D, 0xC0, 0x33, 0x80, 0x63, 0x00, 0xFF, 0x03, 0x0E, 0x06, 0x0C,
    0x1C, 0x1C, 0x38, 0x39, 0xF9, 0xFC, 0x4C, 0x68, 0x38, 0x30, 0x00, 0x3C, 0xFC, 0xCC, 0x8C, 0x1C,
    0x7C, 0xCC, 0xDC, 0xFF, 0x66, 0x3C, 0x18, 0x00, 0x7E, 0x18, 0x18, 0x18, 0x18, 0x18, 0x18, 0x18,
    0x18, 0x18, 0x18, 0x18, 0x38, 0x7E, 0xC9, 0x67, 0x0C, 0x20, 0xC7, 0x0C, 0x30, 0xC3, 0x0C, 0x33,
    0xE0, 0x0C, 0xE0, 0x1E, 0x00, 0x30, 0x00, 0x00, 0x1F, 0xE0, 0xE1, 0xC6, 0x03, 0x98, 0x07, 0xC0,
    0x1F, 0x00, 0x3C, 0x00, 0xF0, 0x03, 0xC0, 0x0F, 0x80, 0x3E, 0x01, 0x9C, 0x06, 0x38, 0x70, 0x7F,
    0x80, 0x36, 0x1B, 0x07, 0x01, 0x00, 0x01, 0xF1, 0x9D, 0x87, 0xC3, 0xE0, 0xF0, 0x7C, 0x7E, 0x33,
    0xF0, 0x06, 0x60, 0x07, 0x80, 0x06, 0x00, 0x00, 0x0F, 0x83, 0xE6, 0x03, 0x0C, 0x06, 0x18, 0x04,
    0x30, 0x08, 0x60, 0x10, 0xC0, 0x21, 0x80, 0x43, 0x01, 0x86, 0x03, 0x0C, 0x06, 0x1C, 0x08, 0x1C,
    0x30, 0x1F, 0xC0, 0x19, 0x00, 0xB0, 0x0E, 0x00, 0x60, 0x00, 0x07, 0x3C, 0x71, 0xC3, 0x0C, 0x30,
    0xC3, 0x0C, 0x30, 0xC3, 0x0C, 0x39, 0xC3, 0xFE, 0x07, 0xE0, 0x00, 0x00, 0x00, 0x00, 0x33, 0x00,
    0x66, 0x00, 0x00, 0x3E, 0x0F, 0x98, 0x0C, 0x30, 0x18, 0x60, 0x10, 0xC0, 0x21, 0x80, 0x43, 0x00,
    0x86, 0x01, 0x0C, 0x06, 0x18, 0x0C, 0x30, 0x18, 0x70, 0x20, 0x70, 0xC0, 0x7F, 0x00, 0x1F, 0x01,
    0xB0, 0x1B, 0x00, 0x00, 0x00, 0x00, 0x00, 0x73, 0xC7, 0x1C, 0x30, 0xC3, 0x0C, 0x30, 0xC3, 0x0C,
    0x30, 0xC3, 0x9C, 0x3F, 0xE0, 0x00, 0x60, 0x03, 0xC0, 0x0F, 0x00, 0x00, 0x00, 0x66, 0x00, 0xCC,
    0x00, 0x00, 0x7C, 0x1F, 0x30, 0x18, 0x60, 0x30, 0xC0, 0x21, 0x80, 0x43, 0x00, 0x86, 0x01, 0x0C,
    0x02, 0x18, 0x0C, 0x30, 0x18, 0x60, 0x30, 0xE0, 0x40, 0xE1, 0x80, 0xFE, 0x00, 0x06, 0x00, 0x60,
    0x06, 0x00, 0x40, 0x1B, 0x01, 0xB0, 0x00, 0x00, 0x00, 0x73, 0xC7, 0x1C, 0x30, 0xC3, 0x0C, 0x30,
    0xC3, 0x0C, 0x30, 0xC3, 0x9C, 0x3F, 0xE0, 0x04, 0x20, 0x0F, 0xC0, 0x0E, 0x00, 0x00, 0x00, 0x66,
    0x00, 0xCC, 0x00, 0x00, 0x7C, 0x1F, 0x30, 0x18, 0x60, 0x30, 0xC0, 0x21, 0x80, 0x43, 0x00, 0x86,
    0x01, 0x0C, 0x02, 0x18, 0x0C, 0x30, 0x18, 0x60, 0x30, 0xE0, 0x40, 0xE1, 0x80, 0xFE, 0x00, 0x1B,
    0x01, 0xE0, 0x0E, 0x00, 0x40, 0x1B, 0x01, 0xB0, 0x00, 0x00, 0x00, 0x73, 0xC7, 0x1C, 0x30, 0xC3,
    0x0C, 0x30, 0xC3, 0x0C, 0x30, 0xC3, 0x9C, 0x3F, 0xE0, 0x04, 0x00, 0x1E, 0x00, 0x0E, 0x00, 0x00,
    0x00, 0x66, 0x00, 0xCC, 0x00, 0x00, 0x7C, 0x1F, 0x30, 0x18, 0x60, 0x30, 0xC0, 0x21, 0x80, 0x43,
    0x00, 0x86, 0x01, 0x0C, 0x02, 0x18, 0x0C, 0x30, 0x18, 0x60, 0x30, 0xE0, 0x40, 0xE1, 0x80, 0xFE,
    0x00, 0x18, 0x01, 0x80, 0x0C, 0x00, 0xC0, 0x1B, 0x01, 0xB0, 0x00, 0x00, 0x00, 0x73, 0xC7, 0x1C,
    0x30, 0xC3, 0x0C, 0x30, 0xC3, 0x0C, 0x30, 0xC3, 0x9C, 0x3F, 0xE0, 0x7D, 0x9C, 0x18, 0x30, 0x7F,
    0xF1, 0xE6, 0x78, 0x07, 0xE0, 0x00, 0x00, 0x19, 0x80, 0x33, 0x00, 0x18, 0x00, 0x70, 0x00, 0xE0,
    0x01, 0xE0, 0x02, 0xC0, 0x0D, 0x80, 0x1B, 0x80, 0x63, 0x00, 0xC6, 0x01, 0xFE, 0x06, 0x0C, 0x0C,
    0x18, 0x38, 0x38, 0x70, 0x73, 0xF3, 0xF8, 0x7C, 0x00, 0x6C, 0x6C, 0x00, 0x00, 0x3C, 0x7C, 0xCC,
    0x8C, 0x1C, 0x7C, 0xCC, 0xDC, 0xFF, 0x07, 0xF0, 0x00, 0x00, 0x01, 0x80, 0x01, 0x80, 0x00, 0x80,
    0x01, 0x80, 0x01, 0xC0, 0x03, 0xC0, 0x03, 0xC0, 0x02, 0xE0, 0x06, 0x60, 0x06, 0x60, 0x0C, 0x70,
    0x0F, 0xF0, 0x0C, 0x30, 0x18, 0x38, 0x18, 0x38, 0x38, 0x1C, 0xFC, 0x7F, 0x7C, 0x30, 0x30, 0x00,
    0x00, 0x00, 0x3C, 0xFC, 0xCC, 0x8C, 0x1C, 0x7C, 0xCC, 0xDC, 0xFF, 0x00, 0x7E, 0x00, 0x00, 0x00,
    0x00, 0x00, 0x01, 0xFF, 0xE0, 0x0F, 0x0C, 0x01, 0xE0, 0x80, 0x6C, 0x00, 0x0D, 0x80, 0x03, 0x31,
    0x00, 0x46, 0x20, 0x1F, 0xFC, 0x06, 0x18, 0x80, 0xC3, 0x00, 0x30, 0x60, 0x06, 0x0C, 0x19, 0xC3,
    0x83, 0xFC, 0xFF, 0xC0, 0x1F, 0x00, 0x00, 0x00, 0x1F, 0xEC, 0xEF, 0x99, 0xC3, 0xE1, 0xF0, 0x7C,
    0x19, 0x87, 0x3F, 0xFB, 0xE0, 0x0F, 0xF0, 0xE1, 0xC7, 0x01, 0x18, 0x04, 0xE0, 0x03, 0x00, 0x0C,
    0x00, 0x30, 0x3F, 0xC0, 0x7B, 0x80, 0xCE, 0x3F, 0xDC, 0x0C, 0x38, 0x78, 0x3F, 0x80, 0x1F, 0xE6,
    0x71, 0x86, 0x30, 0xC7, 0x38, 0x66, 0x0F, 0x83, 0x80, 0x7F, 0x87, 0xF9, 0x83, 0x7F, 0xF6, 0x18,
    0xE7, 0x0F, 0xC0, 0x0E, 0xC0, 0x1E, 0x00, 0x30, 0x00, 0x00, 0x0F, 0xF0, 0xE1, 0xC7, 0x01, 0x18,
    0x04, 0xE0, 0x03, 0x00, 0x0C, 0x00, 0x30, 0x3F, 0xC0, 0x7B, 0x80, 0xCE, 0x03, 0x1C, 0x0C, 0x38,
    0x78, 0x3F, 0x80, 0x26, 0x0D, 0x01, 0xC0, 0x60, 0x00, 0x0F, 0xF6, 0x73, 0x0C, 0xC3, 0x39, 0xC6,
    0x61, 0xF0, 0xE0, 0x3F, 0xC7, 0xFB, 0x06, 0xC1, 0xB0, 0xCE, 0x71, 0xF8, 0x0E, 0xE0, 0x0F, 0x80,
    0x04, 0x00, 0x00, 0x07, 0xE7, 0xE7, 0x0E, 0x06, 0x38, 0x0C, 0xC0, 0x1B, 0x00, 0x34, 0x00, 0x78,
    0x00, 0xF8, 0x01, 0xB8, 0x03, 0x38, 0x06, 0x78, 0x0C, 0x78, 0x38, 0x78, 0xFC, 0xFC, 0x11, 0x83,
    0xE0, 0x78, 0x38, 0x07, 0x00, 0x60, 0x0C, 0x01, 0x80, 0x30, 0x06, 0x78, 0xCC, 0x1B, 0x03, 0xC0,
    0x78, 0x0F, 0x81, 0xB8, 0x33, 0x9F, 0xF8, 0x1F, 0xC0, 0xE1, 0xC6, 0x03, 0x98, 0x06, 0xC0, 0x1F,
    0x00, 0x7C, 0x00, 0xF0, 0x03, 0xC0, 0x0F, 0x80, 0x7E, 0x01, 0x9C, 0x0E, 0x38, 0x70, 0x7F, 0x00,
    0x18, 0x00, 0xC0, 0x03, 0x00, 0x0C, 0x80, 0x3E, 0x00, 0xF0, 0x3E, 0x33, 0xB0, 0xF8, 0x7C, 0x1E,
    0x0F, 0x8F, 0xC6, 0x7E, 0x06, 0x07, 0x03, 0x01, 0x80, 0xF8, 0x78, 0x0F, 0xC0, 0x00, 0x00, 0x00,
    0x07, 0xF0, 0x38, 0x71, 0x80, 0xE6, 0x01, 0xB0, 0x07, 0xC0, 0x1F, 0x00, 0x3C, 0x00, 0xF0, 0x03,
    0xE0, 0x1F, 0x80, 0x67, 0x03, 0x8E, 0x1C, 0x1F, 0xC0, 0x06, 0x00, 0x30, 0x00, 0xC0, 0x03, 0x20,
    0x0F, 0x80, 0x3C, 0x00, 0x3E, 0x00, 0x00, 0x07, 0xC6, 0x76, 0x1F, 0x0F, 0x83, 0xC1, 0xF1, 0xF8,
    0xCF, 0xC0, 0xC0, 0xE0, 0x60, 0x30, 0x1F, 0x0F, 0x00, 0x77, 0x1F, 0x02, 0x08, 0x0F, 0xFE, 0x1A,
    0x18, 0x18, 0x0C, 0x0F, 0x01, 0xC0, 0x70, 0x18, 0x0E, 0x0F, 0x87, 0xE7, 0x3F, 0x00, 0x64, 0x3C,
    0x38, 0x18, 0x00, 0xFF, 0xCE, 0x8E, 0x1C, 0x18, 0x38, 0x3E, 0x07, 0x07, 0x03, 0x03, 0x07, 0x06,
    0xCC, 0xF8, 0x64, 0xB3, 0x86, 0x08, 0xE3, 0x86, 0x18, 0x61, 0x86, 0x18, 0x61, 0x86, 0x38, 0xC3,
    0x18, 0x00, 0x00, 0x60, 0x03, 0xFF, 0x83, 0xFF, 0x8E, 0x1E, 0x18, 0x3C, 0x30, 0x39, 0x81, 0xC1,
    0x80, 0xE0, 0x1C, 0x0C, 0x07, 0x01, 0xC0, 0x60, 0x18, 0x0E, 0x03, 0x00, 0xC0, 0xE0, 0x18, 0x06,
    0x0E, 0x00, 0xC0, 0x30, 0x70, 0x06, 0x01, 0x87, 0x00, 0x30, 0x18, 0x70, 0x31, 0x81, 0xC7, 0x81,
    0x9E, 0x1C, 0x38, 0x19, 0xFF, 0x83, 0xFF, 0xC0, 0x7F, 0xF0, 0x00, 0x38, 0x78, 0x00, 0x18, 0x1C,
    0x00, 0x18, 0x0E, 0x00, 0x18, 0x0E, 0x40, 0x18, 0x06, 0xFE, 0x18, 0x06, 0xCE, 0x18, 0x06, 0x8C,
    0x18, 0x06, 0x1C, 0x18, 0x06, 0x38, 0x18, 0x0C, 0x30, 0x18, 0x1C, 0x73, 0x3C, 0x38, 0xE3, 0x7F,
    0xE0, 0xFE, 0x01, 0x00, 0x01, 0xC0, 0x00, 0x70, 0x00, 0x0C, 0x00, 0x03, 0x00, 0x00, 0xC0, 0x00,
    0x31, 0x00, 0xFC, 0xFE, 0x67, 0x33, 0xB0, 0xC8, 0xCC, 0x30, 0x73, 0x0C, 0x38, 0xC3, 0x0C, 0x30,
    0xC7, 0x3E, 0x73, 0x8D, 0xFF, 0xFE, 0x00, 0x00, 0x00, 0x00, 0xC0, 0x07, 0x00, 0x18, 0x00, 0xC0,
    0x00, 0x00, 0x3F, 0xC3, 0x87, 0x1C, 0x04, 0x60, 0x13, 0x80, 0x0C, 0x00, 0x30, 0x00, 0xC0, 0xFF,
    0x01, 0xEE, 0x03, 0x38, 0x0C, 0x70, 0x30, 0xE1, 0xE0, 0xFE, 0x00, 0x06, 0x03, 0x80, 0xC0, 0x60,
    0x00, 0x0F, 0xF6, 0x73, 0x0C, 0xC3, 0x39, 0xC6, 0x61, 0xF0, 0xE0, 0x3F, 0xC7, 0xFB, 0x06, 0xC1,
    0xB0, 0xCE, 0x71, 0xF8, 0xFC, 0xFC, 0x0C, 0x0C, 0x03, 0x03, 0x00, 0xC0, 0xC0, 0x30, 0x30, 0x0C,
    0x0C, 0x73, 0xFF, 0x1C, 0xC0, 0xC7, 0x30, 0x30, 0xCC, 0x0C, 0x33, 0x03, 0x0C, 0xC0, 0xE3, 0x38,
    0x39, 0xBF, 0x07, 0xC0, 0x7B, 0xE1, 0xE7, 0x1C, 0x31, 0x83, 0x18, 0x31, 0x83, 0x18, 0x61, 0x86,
    0x18, 0xC1, 0x98, 0x1F, 0x01, 0xE0, 0x18, 0x01, 0x80, 0x18, 0x01, 0x80, 0x3C, 0x07, 0xE0, 0x03,
    0x00, 0x03, 0x00, 0x01, 0x80, 0x00, 0x80, 0x00, 0x00, 0xF8, 0x1F, 0x3C, 0x04, 0x1E, 0x04, 0x1E,
    0x04, 0x17, 0x04, 0x13, 0x84, 0x11, 0xC4, 0x11, 0xC4, 0x10, 0xE4, 0x10, 0x74, 0x10, 0x3C, 0x10,
    0x1C, 0x38, 0x1C, 0x7C, 0x0C, 0x18, 0x00, 0xC0, 0x0E, 0x00, 0x60, 0x10, 0x07, 0xF8, 0x79, 0xC3,
    0x0C, 0x30, 0xC3, 0x0C, 0x30, 0xC3, 0x0C, 0x30, 0xCF, 0xBE, 0x00, 0xC0, 0x03, 0x80, 0x1E, 0x00,
    0x1E, 0x00, 0x36, 0x00, 0x4C, 0x00, 0xD0, 0x01, 0xE0, 0x01, 0x80, 0x03, 0x00, 0x0E, 0x00, 0x16,
    0x00, 0x6C, 0x00, 0xD8, 0x01, 0x18, 0x06, 0x30, 0x0F, 0xE0, 0x30, 0xE0, 0x60, 0xC0, 0xC1, 0xC3,
    0x83, 0x9F, 0x9F, 0xC0, 0x04, 0x0F, 0x0E, 0x07, 0x82, 0xC1, 0xA0, 0xF0, 0x00, 0x1E, 0x3F, 0x19,
    0x88, 0xC0, 0xE1, 0xF1, 0x98, 0xDC, 0x7F, 0x80, 0x00, 0x06, 0x00, 0x01, 0xC0, 0x00, 0x70, 0x00,
    0x08, 0x00, 0x00, 0x00, 0x07, 0xFF, 0x80, 0x3C, 0x30, 0x07, 0x82, 0x01, 0xB0, 0x00, 0x36, 0x00,
    0x0C, 0xC4, 0x01, 0x18, 0x80, 0x7F, 0xF0, 0x18, 0x62, 0x03, 0x0C, 0x00, 0xC1, 0x80, 0x18, 0x30,
    0x67, 0x0E, 0x0F, 0xF3, 0xFF, 0x00, 0x03, 0x80, 0x60, 0x18, 0x02, 0x00, 0x00, 0x7F, 0xB3, 0xBE,
    0x67, 0x0F, 0x87, 0xC1, 0xF0, 0x66, 0x1C, 0xFF, 0xEF, 0x80, 0x00, 0x60, 0x01, 0xC0, 0x03, 0x00,
    0x0C, 0x00, 0x00, 0x21, 0xFE, 0xC7, 0x0F, 0x18, 0x0E, 0x30, 0x3E, 0xC0, 0xDD, 0x83, 0x1B, 0x0C,
    0x36, 0x30, 0x6C, 0xC0, 0xDF, 0x01, 0xBC, 0x06, 0x38, 0x0C, 0xF8, 0x71, 0xBF, 0xC0, 0x03, 0x01,
    0xC0, 0x60, 0x10, 0x00, 0x07, 0xF3, 0x39, 0x8F, 0x67, 0xDB, 0x37, 0x8D, 0xC7, 0x71, 0x9F, 0xC0,
    0x1B, 0x00, 0x3F, 0x00, 0x3E, 0x00, 0x36, 0x00, 0x18, 0x00, 0x30, 0x00, 0xE0, 0x01, 0xE0, 0x02,
    0xC0, 0x0D, 0x80, 0x1B, 0x80, 0x67, 0x00, 0xC6, 0x01, 0xFE, 0x06, 0x1C, 0x0C, 0x18, 0x38, 0x38,
    0x70, 0x73, 0xF3, 0xF8, 0xF8, 0x36, 0x1B, 0x06, 0xC0, 0x00, 0xF1, 0xB8, 0xCC, 0x46, 0x07, 0x0F,
    0x8C, 0xC6, 0xE3, 0xFC, 0x03, 0xC0, 0x07, 0xE0, 0x04, 0x20, 0x01, 0x80, 0x01, 0x80, 0x03, 0xC0,
    0x03, 0xC0, 0x02, 0xC0, 0x06, 0xE0, 0x06, 0xE0, 0x0C, 0xE0, 0x0C, 0x60, 0x0F, 0xF0, 0x18, 0x30,
    0x18, 0x30, 0x38, 0x38, 0x38, 0x3C, 0xFC, 0x7E, 0x78, 0x91, 0x20, 0x00, 0x0F, 0x3E, 0x6C, 0x98,
    0x73, 0xE6, 0xCD, 0x9F, 0xC0, 0x36, 0x03, 0xE0, 0x1B, 0x00, 0xD8, 0x00, 0x07, 0xFE, 0x38, 0x61,
    0x82, 0x18, 0x01, 0x80, 0x18, 0x81, 0xF8, 0x18, 0x81, 0x88, 0x18, 0x01, 0x80, 0x18, 0x33, 0x86,
    0x7F, 0xE0, 0xD8, 0xF8, 0x6C, 0x2C, 0x00, 0x3E, 0x66, 0xFE, 0xC0, 0xC0, 0xC0, 0xE2, 0xFE, 0x7C,
    0x0F, 0x01, 0xF8, 0x10, 0x80, 0x00, 0x7F, 0xE3, 0x86, 0x18, 0x21, 0x80, 0x18, 0x01, 0x88, 0x1F,
    0x81, 0x88, 0x18, 0x81, 0x80, 0x18, 0x01, 0x83, 0x38, 0x67, 0xFE, 0x3C, 0x24, 0x24, 0x00, 0x00,
    0x3E, 0x66, 0xFE, 0xC0, 0xC0, 0xC0, 0xE2, 0xFE, 0x7C, 0xD8, 0x7E, 0x1B, 0x06, 0xC0, 0x01, 0xF8,
    0x30, 0x18, 0x0C, 0x06, 0x03, 0x01, 0x80, 0xC0, 0x60, 0x30, 0x18, 0x0C, 0x0E, 0x0F, 0xC0, 0x6C,
    0x6C, 0x36, 0x36, 0x12, 0x0C, 0x1C, 0x0C, 0x0C, 0x0C, 0x0C, 0x0C, 0x0C, 0x3E, 0x3C, 0x7E, 0x42,
    0x00, 0x7E, 0x18, 0x18, 0x18, 0x18, 0x18, 0x18, 0x18, 0x18, 0x18, 0x18, 0x18, 0x38, 0x7E, 0x79,
    0x24, 0x80, 0x31, 0xC3, 0x0C, 0x30, 0xC3, 0x0C, 0x7C, 0x1B, 0x00, 0x7C, 0x00, 0xD8, 0x01, 0xA0,
    0x00, 0x00, 0x7F, 0x83, 0x87, 0x18, 0x0E, 0x60, 0x1F, 0x00, 0x7C, 0x00, 0xF0, 0x03, 0xC0, 0x0F,
    0x00, 0x3E, 0x00, 0xF8, 0x06, 0x70, 0x18, 0xE1, 0xC1, 0xFE, 0x00, 0xFC, 0x36, 0x1F, 0x06, 0xC0,
    0x01, 0xF1, 0x9D, 0x87, 0xC3, 0xE0, 0xF0, 0x7C, 0x7E, 0x33, 0xF0, 0x07, 0x80, 0x3F, 0x00, 0x84,
    0x00, 0x00, 0x1F, 0xE0, 0xE1, 0xC6, 0x03, 0x98, 0x07, 0xC0, 0x1F, 0x00, 0x3C, 0x00, 0xF0, 0x03,
    0xC0, 0x0F, 0x80, 0x3E, 0x01, 0x9C, 0x06, 0x38, 0x70, 0x7F, 0x80, 0x1E, 0x09, 0x04, 0x80, 0x00,
    0x01, 0xF1, 0x9D, 0x87, 0xC3, 0xE0, 0xF0, 0x7C, 0x7E, 0x33, 0xF0, 0x34, 0x00, 0x7E, 0x00, 0x1F,
    0x00, 0x09, 0x00, 0x00, 0x00, 0x7F, 0xC0, 0x18, 0xE0, 0x18, 0xE0, 0x18, 0x60, 0x18, 0x60, 0x18,
    0xE0, 0x19, 0xC0, 0x1F, 0x80, 0x19, 0x80, 0x18, 0xC0, 0x18, 0xE0, 0x18, 0x70, 0x38, 0x38, 0x7E,
    0x3E, 0xD8, 0xFC, 0x6C, 0x24, 0x10, 0x7E, 0x7E, 0x30, 0x30, 0x30, 0x30, 0x30, 0x30, 0x78, 0x0F,
    0x00, 0x1F, 0x80, 0x10, 0x80, 0x00, 0x00, 0x7F, 0xC0, 0x18, 0xE0, 0x18, 0xE0, 0x18, 0x60, 0x18,
    0x60, 0x18, 0xE0, 0x19, 0xC0, 0x1F, 0x80, 0x19, 0x80, 0x18, 0xC0, 0x18, 0xE0, 0x18, 0x70, 0x38,
    0x38, 0x7E, 0x3E, 0x3C, 0x48, 0x90, 0x87, 0xEF, 0xCC, 0x18, 0x30, 0x60, 0xC1, 0x87, 0x80, 0x0D,
    0x80, 0x1F, 0x00, 0x1B, 0x00, 0x1A, 0x00, 0x00, 0x1F, 0x07, 0xCC, 0x06, 0x18, 0x0C, 0x30, 0x08,
    0x60, 0x10, 0xC0, 0x21, 0x80, 0x43, 0x00, 0x86, 0x03, 0x0C, 0x06, 0x18, 0x0C, 0x38, 0x10, 0x38,
    0x60, 0x3F, 0x80, 0x3E, 0x03, 0x60, 0x1E, 0x01, 0xB0, 0x00, 0x07, 0x3C, 0x71, 0xC3, 0x0C, 0x30,
    0xC3, 0x0C, 0x30, 0xC3, 0x0C, 0x39, 0xC3, 0xFE, 0x03, 0xC0, 0x0F, 0xC0, 0x10, 0x80, 0x00, 0x0F,
    0x83, 0xE6, 0x03, 0x0C, 0x06, 0x18, 0x04, 0x30, 0x08, 0x60, 0x10, 0xC0, 0x21, 0x80, 0x43, 0x01,
    0x86, 0x03, 0x0C, 0x06, 0x1C, 0x08, 0x1C, 0x30, 0x1F, 0xC0, 0x1E, 0x01, 0x20, 0x12, 0x00, 0x00,
    0x00, 0x07, 0x3C, 0x71, 0xC3, 0x0C, 0x30, 0xC3, 0x0C, 0x30, 0xC3, 0x0C, 0x39, 0xC3, 0xFE, 0x3F,
    0x39, 0xD8, 0x6C, 0x07, 0x03, 0xC0, 0xF8, 0x1E, 0x07, 0x81, 0xF0, 0x78, 0x3E, 0x33, 0xF0, 0x00,
    0x38, 0x1C, 0x06, 0x03, 0x03, 0x00, 0x7D, 0x96, 0x5C, 0x3C, 0x7C, 0xF3, 0x78, 0x03, 0x8E, 0x18,
    0x61, 0x80, 0x00, 0x01, 0x80, 0x07, 0xFF, 0xF0, 0xC3, 0x83, 0x04, 0x0C, 0x00, 0x30, 0x00, 0xC0,
    0x03, 0x00, 0x0C, 0x00, 0x30, 0x00, 0xC0, 0x03, 0x00, 0x0C, 0x00, 0x70, 0x03, 0xF0, 0x00, 0x00,
    0x1C, 0x00, 0x70, 0x00, 0xC0, 0x03, 0x00, 0x18, 0x00, 0x10, 0xE1, 0xF1, 0x83, 0x06, 0x0C, 0x18,
    0x30, 0x60, 0xF8, 0x03, 0x87, 0x06, 0x04, 0x18, 0x3F, 0x0C, 0x71, 0x0E, 0x20, 0xC0, 0x18, 0x07,
    0x00, 0xE0, 0x78, 0x1F, 0x87, 0x38, 0x03, 0x80, 0x30, 0x06, 0x01, 0xC0, 0x30, 0x06, 0x01, 0x98,
    0xE3, 0xF0, 0x00, 0x7D, 0x9C, 0x18, 0x70, 0xC3, 0x9F, 0x27, 0x06, 0x0C, 0x18, 0x30, 0xC3, 0x3C,
    0x00, 0x06, 0x60, 0x03, 0xC0, 0x01, 0x80, 0x00, 0x00, 0xFC, 0x3F, 0x30, 0x1C, 0x30, 0x0C, 0x30,
    0x0C, 0x30, 0x0C, 0x30, 0x0C, 0x3F, 0xFC, 0x30, 0x0C, 0x30, 0x0C, 0x30, 0x0C, 0x30, 0x0C, 0x30,
    0x0C, 0x38, 0x1C, 0xFC, 0x3F, 0x33, 0x03, 0xE0, 0x30, 0x18, 0x07, 0x00, 0xE0, 0x0C, 0x01, 0x80,
    0x30, 0x06, 0x00, 0xFE, 0x19, 0xC3, 0x18, 0x63, 0x0C, 0x61, 0x8C, 0x31, 0x86, 0x33, 0xEF, 0x80,
    0xC6, 0x73, 0x36, 0xEC, 0x30, 0xC7, 0x9E, 0xCC, 0x04, 0x7B, 0xE4, 0x00, 0xFC, 0x7F, 0x80, 0x99,
    0xF0, 0x3C, 0x03, 0x3C, 0xC0, 0xFF, 0x32, 0xFB, 0xDF, 0x7D, 0xFD, 0xAC, 0xCD, 0xE3, 0x0C, 0xF0,
    0xB6, 0xD0, 0xDB, 0xE6, 0xCB, 0x00, 0x00, 0x30, 0x67, 0x67, 0xC0, 0xF9, 0x90, 0x7A, 0x7E, 0xFC,
    0xB0, 0xFE, 0x60, 0xFD, 0xBC, 0xC6, 0x73, 0x36, 0xEC, 0x11, 0xF1, 0x10, 0x88, 0xF8, 0x80, 0xF1,
    0x10, 0x33, 0x3E, 0xFB, 0x70, 0x21, 0x08, 0xE0, 0x71, 0x08, 0x40, 0x21, 0x3E, 0x42, 0x00, 0xF0,
    0x08, 0x30, 0xC3, 0x0C, 0x31, 0xF6, 0xF0, 0xC6, 0x31, 0x8C, 0x6F, 0x7E, 0x3C, 0x03, 0x3C, 0xC0,
    0xFB, 0xDF, 0xFD, 0xBC, 0x26, 0x71, 0x16, 0x00, 0x11, 0x99, 0x8C, 0x77, 0xC4, 0xF0, 0xFC, 0x62,
    0xB6, 0xDF, 0xC0, 0xCD, 0xE3, 0x0C, 0x30, 0xC7, 0x9E, 0xCC, 0x99, 0xF0, 0xFF, 0x90, 0x02, 0x3D,
    0xF2, 0x00, 0xFC, 0x7F, 0x80, 0x7F, 0x80, 0x07, 0xF8, 0x00, 0xBE, 0xF3, 0xE0, 0x40, 0x7E, 0xFF,
    0xC0, 0x02, 0x06, 0x06, 0x0C, 0x0C, 0x18, 0x18, 0x18, 0x30, 0x30, 0x60, 0x60, 0x60, 0x03, 0x03,
    0x06, 0x06, 0x04, 0x0C, 0x0C, 0x18, 0x18, 0x30, 0x30, 0x30, 0x60, 0x60, 0xC0, 0xC0, 0xED, 0xF0,
    0x8C, 0x7E, 0xF7, 0x80, 0xFE, 0xD3, 0x00, 0x8F, 0x6F, 0x7F, 0xC0, 0xC6, 0x73, 0x26, 0x66, 0x40,
    0x0F, 0xEF, 0x00, 0xEC, 0xB0, 0x18, 0x61, 0xBF, 0xEC, 0xDB, 0x70, 0xFB, 0x70, 0x0F, 0x6F, 0x00,
    0xED, 0xF0, 0x40, 0x09, 0xE1, 0xE1, 0xFE, 0x00, 0x1F, 0xE1, 0xC0, 0xE4, 0x00, 0x80, 0xEE, 0xCE,
    0x08, 0x01, 0xC0, 0x06, 0x00, 0x20, 0x00, 0x07, 0xFE, 0x38, 0x61, 0x82, 0x18, 0x01, 0x80, 0x18,
    0x81, 0xF8, 0x18, 0x81, 0x88, 0x18, 0x01, 0x80, 0x18, 0x33, 0x86, 0x7F, 0xE0, 0x00, 0x01, 0x98,
    0x19, 0x80, 0x00, 0x7F, 0xC3, 0x84, 0x18, 0x41, 0x80, 0x18, 0x01, 0x88, 0x1F, 0x81, 0x98, 0x18,
    0x81, 0x80, 0x18, 0x01, 0x83, 0x38, 0x67, 0xFE, 0x40, 0x03, 0xFF, 0xEC, 0x61, 0xA1, 0x82, 0x06,
    0x00, 0x18, 0x00, 0x7F, 0x01, 0x86, 0x06, 0x1C, 0x18, 0x70, 0x60, 0xC1, 0x83, 0x06, 0x0C, 0x38,
    0x71, 0xF9, 0xC0, 0x06, 0x00, 0x18, 0x00, 0xC0, 0x0E, 0x00, 0x70, 0x01, 0x80, 0x70, 0x0C, 0x03,
    0x00, 0x00, 0xFF, 0xCE, 0x08, 0xC1, 0x18, 0x03, 0x00, 0x60, 0x0C, 0x01, 0x80, 0x30, 0x06, 0x00,
    0xC0, 0x18, 0x07, 0x01, 0xF8, 0x00, 0x0F, 0xE3, 0x87, 0x60, 0x36, 0x01, 0xC0, 0x0F, 0xE4, 0xFF,
    0x8C, 0x00, 0xC0, 0x0E, 0x00, 0xE0, 0x37, 0x03, 0x38, 0x71, 0xFE, 0x3F, 0x39, 0xD8, 0x6C, 0x07,
    0x03, 0xC0, 0xF8, 0x1E, 0x07, 0x81, 0xF0, 0x78, 0x3E, 0x33, 0xF0, 0x7E, 0x18, 0x18, 0x18, 0x18,
    0x18, 0x18, 0x18, 0x18, 0x18, 0x18, 0x18, 0x38, 0x7E, 0x00, 0x66, 0x66, 0x00, 0x7E, 0x1C, 0x18,
    0x18, 0x18, 0x18, 0x18, 0x18, 0x18, 0x18, 0x18, 0x18, 0x1C, 0x7E, 0x3F, 0x1C, 0x0C, 0x0C, 0x0C,
    0x0C, 0x0C, 0x0C, 0x0C, 0x0C, 0x0C, 0x0C, 0x0C, 0x0C, 0x0C, 0x0C, 0x18, 0xD8, 0xF0, 0x1F, 0xFC,
    0x00, 0x87, 0x00, 0x10, 0xC0, 0x02, 0x18, 0x00, 0x43, 0x00, 0x08, 0x60, 0x03, 0x0F, 0xE0, 0x61,
    0x8E, 0x0C, 0x30, 0xE1, 0x86, 0x0C, 0x20, 0xC1, 0x8C, 0x18, 0x7F, 0x03, 0x9D, 0xC1, 0xFF, 0x00,
    0xFC, 0xFC, 0x06, 0x06, 0x00, 0xC0, 0xC0, 0x18, 0x18, 0x03, 0x03, 0x00, 0x60, 0x60, 0x0F, 0xFF,
    0xE1, 0x81, 0x8E, 0x30, 0x30, 0xE6, 0x06, 0x0C, 0xC0, 0xC1, 0x98, 0x18, 0x73, 0x03, 0x9D, 0xF9,
    0xFF, 0x00, 0x00, 0x00, 0x40, 0x00, 0xFF, 0xF8, 0xC6, 0x18, 0x86, 0x08, 0x06, 0x00, 0x06, 0x00,
    0x07, 0xF0, 0x06, 0x18, 0x06, 0x1C, 0x06, 0x0C, 0x06, 0x0C, 0x06, 0x0C, 0x06, 0x0C, 0x0E, 0x1C,
    0x1F, 0xBF, 0x00, 0x60, 0x01, 0xC0, 0x07, 0x00, 0x08, 0x00, 0x00, 0x0F, 0xC7, 0x0E, 0x1E, 0x0C,
    0x20, 0x18, 0xC0, 0x31, 0x80, 0x66, 0x00, 0xFC, 0x01, 0x98, 0x03, 0x38, 0x06, 0x30, 0x0C, 0x70,
    0x18, 0x60, 0x70, 0xE1, 0xF8, 0xF0, 0x06, 0x00, 0x07, 0x00, 0x03, 0x00, 0x01, 0x80, 0x00, 0x00,
    0xFC, 0x3F, 0x30, 0x0C, 0x30, 0x1C, 0x30, 0x3C, 0x30, 0x6C, 0x30, 0xCC, 0x31, 0x8C, 0x33, 0x0C,
    0x36, 0x0C, 0x34, 0x0C, 0x38, 0x0C, 0x38, 0x0C, 0x30, 0x0C, 0xFC, 0x3F, 0x04, 0x00, 0x1C, 0x40,
    0x39, 0x80, 0x3E, 0x00, 0x00, 0x0F, 0x8F, 0x8E, 0x06, 0x0C, 0x18, 0x1C, 0x30, 0x18, 0x40, 0x39,
    0x80, 0x73, 0x00, 0x74, 0x00, 0xF8, 0x00, 0xE0, 0x01, 0xC0, 0x03, 0x00, 0x26, 0x00, 0x78, 0x00,
    0xE0, 0x00, 0x7E, 0x3F, 0x1C, 0x07, 0x06, 0x03, 0x03, 0x01, 0x81, 0x80, 0xC0, 0xC0, 0x60, 0x60,
    0x30, 0x30, 0x18, 0x18, 0x0C, 0x0C, 0x06, 0x06, 0x03, 0x03, 0x01, 0x83, 0x80, 0xE3, 0xFF, 0xF8,
    0x07, 0x00, 0x03, 0x80, 0x00, 0x80, 0x00, 0x40, 0x00, 0x20, 0x00, 0x00, 0x80, 0x03, 0x00, 0x0E,
    0x00, 0x1E, 0x00, 0x2C, 0x00, 0xD8, 0x01, 0xB8, 0x06, 0x70, 0x0C, 0x60, 0x1F, 0xE0, 0x61, 0xC0,
    0xC1, 0x83, 0x83, 0x87, 0x07, 0x3F, 0x3F, 0x80, 0x7F, 0xC7, 0x08, 0x61, 0x0C, 0x01, 0x80, 0x30,
    0x07, 0xF0, 0xCF, 0x18, 0xE3, 0x0C, 0x61, 0x8C, 0x33, 0x8E, 0xFF, 0x00, 0x7F, 0xC3, 0x8E, 0x18,
    0xE1, 0x86, 0x18, 0xE1, 0x9C, 0x1F, 0xC1, 0x8E, 0x18, 0x71, 0x83, 0x18, 0x31, 0x87, 0x38, 0xE7,
    0xFC, 0x00, 0x0F, 0xFC, 0xE0, 0x8C, 0x11, 0x80, 0x30, 0x06, 0x00, 0xC0, 0x18, 0x03, 0x00, 0x60,
    0x0C, 0x01, 0x80, 0x70, 0x1F, 0x80, 0x3F, 0xF8, 0x31, 0xC0, 0x46, 0x01, 0x18, 0x04, 0x60, 0x31,
    0x80, 0xC6, 0x03, 0x18, 0x0C, 0x60, 0x31, 0x81, 0x86, 0x06, 0x18, 0x30, 0x63, 0xFF, 0xFC, 0x01,
    0xF0, 0x07, 0x80, 0x0A, 0x00, 0x28, 0x00, 0x80, 0x7F, 0xE3, 0x86, 0x18, 0x21, 0x80, 0x18, 0x01,
    0x88, 0x1F, 0x81, 0x88, 0x18, 0x81, 0x80, 0x18, 0x01, 0x83, 0x38, 0x67, 0xFE, 0x78, 0xFC, 0x71,
    0xF0, 0xC3, 0xC0, 0xC3, 0x08, 0x01, 0x0C, 0x60, 0x06, 0x31, 0x00, 0x0C, 0xCC, 0x00, 0x3F, 0xE0,
    0x01, 0xCD, 0xC0, 0x06, 0x33, 0x80, 0x38, 0xC6, 0x01, 0xC3, 0x1C, 0x07, 0x0C, 0x38, 0x38, 0x70,
    0x73, 0xC3, 0xF0, 0xE0, 0x3F, 0x18, 0xE6, 0x19, 0x06, 0x03, 0x87, 0xC0, 0x10, 0x06, 0x00, 0xD0,
    0x3C, 0x1D, 0x87, 0x73, 0x9F, 0xC0, 0xFC, 0x3F, 0x30, 0x0C, 0x30, 0x1C, 0x30, 0x3C, 0x30, 0x6C,
    0x30, 0xCC, 0x31, 0x8C, 0x33, 0x0C, 0x36, 0x0C, 0x34, 0x0C, 0x38, 0x0C, 0x38, 0x0C, 0x30, 0x0C,
    0xFC, 0x3F, 0x06, 0x00, 0x06, 0x20, 0x06, 0x60, 0x03, 0xC0, 0x00, 0x00, 0xFC, 0x3F, 0x30, 0x0C,
    0x30, 0x1C, 0x30, 0x3C, 0x30, 0x6C, 0x30, 0xCC, 0x31, 0x8C, 0x33, 0x0C, 0x36, 0x0C, 0x34, 0x0C,
    0x38, 0x0C, 0x38, 0x0C, 0x30, 0x0C, 0xFC, 0x3F, 0x7E, 0x38, 0x70, 0xF0, 0x61, 0x00, 0xC6, 0x01,
    0x8C, 0x03, 0x30, 0x07, 0xE0, 0x0C, 0xC0, 0x19, 0xC0, 0x31, 0x80, 0x63, 0x80, 0xC3, 0x03, 0x87,
    0x0F, 0xC7, 0x80, 0x1F, 0xFC, 0x08, 0x70, 0x10, 0xC0, 0x21, 0x80, 0x43, 0x00, 0x86, 0x03, 0x0C,
    0x06, 0x18, 0x0C, 0x30, 0x18, 0x60, 0x20, 0xC0, 0xC1, 0x8F, 0x83, 0x9E, 0x1F, 0x80, 0x7C, 0x03,
    0xC3, 0x80, 0xE0, 0x70, 0x1C, 0x0F, 0x03, 0x81, 0xE0, 0xF0, 0x2E, 0x16, 0x05, 0xC6, 0xC0, 0x98,
    0x98, 0x13, 0xB3, 0x02, 0x74, 0x60, 0xC7, 0x8C, 0x18, 0xE1, 0x83, 0x0C, 0x39, 0xF9, 0x1F, 0x80,
    0x00, 0x00, 0xFC, 0x3F, 0x30, 0x1C, 0x30, 0x0C, 0x30, 0x0C, 0x30, 0x0C, 0x30, 0x0C, 0x3F, 0xFC,
    0x30, 0x0C, 0x30, 0x0C, 0x30, 0x0C, 0x30, 0x0C, 0x30, 0x0C, 0x38, 0x1C, 0xFC, 0x3F, 0x1F, 0xE0,
    0xE1, 0xC6, 0x03, 0x98, 0x07, 0xC0, 0x1F, 0x00, 0x3C, 0x00, 0xF0, 0x03, 0xC0, 0x0F, 0x80, 0x3E,
    0x01, 0x9C, 0x06, 0x38, 0x70, 0x7F, 0x80, 0x7F, 0xFF, 0x0C, 0x07, 0x06, 0x03, 0x03, 0x01, 0x81,
    0x80, 0xC0, 0xC0, 0x60, 0x60, 0x30, 0x30, 0x18, 0x18, 0x0C, 0x0C, 0x06, 0x06, 0x03, 0x03, 0x01,
    0x83, 0x80, 0xE3, 0xF1, 0xF8, 0x7F, 0x87, 0x1C, 0x61, 0x8C, 0x31, 0x86, 0x30, 0xC6, 0x38, 0xCE,
    0x1F, 0x83, 0x00, 0x60, 0x0C, 0x03, 0x80, 0xFC, 0x00, 0x0F, 0xF1, 0xC1, 0xDC, 0x06, 0xC0, 0x3C,
    0x00, 0x60, 0x03, 0x00, 0x18, 0x00, 0xC0, 0x07, 0x00, 0x18, 0x02, 0xE0, 0x33, 0xC3, 0x87, 0xF8,
    0x00, 0x01, 0x80, 0x07, 0xFF, 0xF0, 0xC3, 0x83, 0x04, 0x0C, 0x00, 0x30, 0x00, 0xC0, 0x03, 0x00,
    0x0C, 0x00, 0x30, 0x00, 0xC0, 0x03, 0x00, 0x0C, 0x00, 0x70, 0x03, 0xF0, 0x7C, 0x7C, 0x70, 0x30,
    0x60, 0xC0, 0xE1, 0x80, 0xC2, 0x01, 0xCC, 0x03, 0x98, 0x03, 0xA0, 0x07, 0xC0, 0x07, 0x00, 0x0E,
    0x00, 0x18, 0x01, 0x30, 0x03, 0xC0, 0x07, 0x00, 0x00, 0x0F, 0xC0, 0x0C, 0x01, 0xFE, 0x0E, 0xCE,
    0x63, 0x1B, 0x0C, 0x7C, 0x30, 0xF0, 0xC3, 0xC3, 0x0F, 0x0C, 0x3E, 0x31, 0xD8, 0xC6, 0x3B, 0x70,
    0x7F, 0x80, 0x30, 0x03, 0xF0, 0xFE, 0x7E, 0x70, 0x30, 0x70, 0xC0, 0x73, 0x00, 0xE6, 0x00, 0xF8,
    0x00, 0xE0, 0x01, 0xC0, 0x07, 0xC0, 0x09, 0xC0, 0x31, 0x80, 0xC3, 0x83, 0x87, 0x9F, 0x9F, 0xC0,
    0x7E, 0x3F, 0x38, 0x1C, 0x18, 0x0C, 0x18, 0x0C, 0x18, 0x0C, 0x18, 0x0C, 0x18, 0x0C, 0x18, 0x0C,
    0x18, 0x0C, 0x18, 0x0C, 0x18, 0x0C, 0x18, 0x0C, 0x38, 0x1C, 0x7F, 0xFF, 0x00, 0x07, 0x00, 0x03,
    0x00, 0x03, 0x00, 0x02, 0x00, 0x02, 0xFC, 0xFC, 0xC1, 0xC3, 0x03, 0x0C, 0x0C, 0x30, 0x30, 0xC0,
    0xC3, 0x8F, 0x07, 0xEC, 0x00, 0x30, 0x00, 0xC0, 0x03, 0x00, 0x0C, 0x00, 0x70, 0x03, 0xF0, 0x7E,
    0xFD, 0xFC, 0x60, 0xE1, 0xC1, 0x83, 0x07, 0x06, 0x0C, 0x1C, 0x18, 0x30, 0x70, 0x60, 0xC1, 0xC1,
    0x83, 0x07, 0x06, 0x0C, 0x1C, 0x18, 0x30, 0x70, 0x60, 0xC1, 0xC1, 0x83, 0x07, 0x06, 0x0C, 0x1C,
    0x38, 0x30, 0x71, 0xFF, 0xFF, 0xF0, 0x7E, 0xFD, 0xF8, 0x60, 0xE1, 0xC1, 0x83, 0x06, 0x06, 0x0C,
    0x18, 0x18, 0x30, 0x60, 0x60, 0xC1, 0x81, 0x83, 0x06, 0x06, 0x0C, 0x18, 0x18, 0x30, 0x60, 0x60,
    0xC1, 0x81, 0x83, 0x06, 0x06, 0x0C, 0x18, 0x38, 0x30, 0x61, 0xFF, 0xFF, 0xF0, 0x00, 0x01, 0xC0,
    0x00, 0x03, 0x00, 0x00, 0x08, 0x00, 0x00, 0x20, 0x00, 0x00, 0x80, 0x00, 0x03, 0xFC, 0x11, 0x81,
    0x8C, 0x00, 0x60, 0x03, 0x00, 0x18, 0x00, 0xFE, 0x06, 0x78, 0x30, 0xC1, 0x86, 0x0C, 0x30, 0x61,
    0x87, 0x1C, 0x7F, 0x80, 0x7E, 0x0F, 0xC7, 0x00, 0xE0, 0x60, 0x0C, 0x0C, 0x01, 0x81, 0x80, 0x30,
    0x30, 0x06, 0x07, 0xF0, 0xC0, 0xCF, 0x18, 0x18, 0x63, 0x03, 0x0C, 0x60, 0x61, 0x8C, 0x0C, 0x31,
    0x83, 0x8E, 0x70, 0xFF, 0x1F, 0x80, 0x7E, 0x07, 0x00, 0x60, 0x0C, 0x01, 0x80, 0x30, 0x07, 0xF0,
    0xCF, 0x18, 0x63, 0x0C, 0x61, 0x8C, 0x33, 0x8E, 0xFF, 0x00, 0xFF, 0x8F, 0x1C, 0xC0, 0x6C, 0x06,
    0x00, 0x30, 0x07, 0x1F, 0xF3, 0xFB, 0x00, 0x38, 0x07, 0xC0, 0x6C, 0x0E, 0x71, 0xC7, 0xF0, 0x7E,
    0x3F, 0x83, 0x87, 0x1C, 0x18, 0xE0, 0xE1, 0x8C, 0x07, 0x19, 0xC0, 0x71, 0x98, 0x03, 0x1F, 0x80,
    0x31, 0x98, 0x03, 0x19, 0xC0, 0x31, 0x9C, 0x03, 0x18, 0xC0, 0x61, 0x8E, 0x06, 0x38, 0x70, 0xC7,
    0xE1, 0xF8, 0x07, 0xFC, 0x1C, 0x70, 0x30, 0xC0, 0x61, 0x80, 0xC3, 0x01, 0xC6, 0x01, 0xFC, 0x01,
    0xD8, 0x07, 0x30, 0x1C, 0x60, 0x30, 0xC0, 0xE1, 0x83, 0x83, 0x8E, 0x1F, 0xC0, 0x3C, 0xFC, 0xCC,
    0x8C, 0x1C, 0x7C, 0xCC, 0xDC, 0xFF, 0x00, 0x07, 0x1F, 0x3E, 0x60, 0xC0, 0xC0, 0xFE, 0xE7, 0xC3,
    0xC3, 0xC3, 0xC3, 0xC3, 0x66, 0x7E, 0x7F, 0x19, 0x8C, 0xC6, 0xE3, 0xF1, 0x9C, 0xC6, 0x67, 0xFF,
    0x00, 0x00, 0xFF, 0x73, 0x31, 0x30, 0x30, 0x30, 0x30, 0x30, 0x78, 0x7F, 0x84, 0xC1, 0x30, 0x4C,
    0x13, 0x0C, 0xC3, 0x30, 0x8C, 0xFF, 0xF8, 0x74, 0x09, 0x02, 0x40, 0x00, 0x3E, 0x66, 0xFE, 0xC0,
    0xC0, 0xC0, 0xE2, 0xFE, 0x7C, 0x73, 0xCC, 0xE3, 0x38, 0x66, 0x40, 0x6D, 0x00, 0xFF, 0x03, 0xB6,
    0x06, 0x6C, 0x18, 0xCC, 0xF7, 0xCE, 0x7D, 0xDF, 0x18, 0x73, 0xC1, 0xE1, 0xE7, 0xFC, 0x7B, 0xE6,
    0x30, 0xCE, 0x19, 0xC3, 0x58, 0x7B, 0x0E, 0x61, 0x8C, 0xFB, 0xE0, 0x19, 0x03, 0x20, 0x6C, 0x07,
    0x00, 0x00, 0xF7, 0xCC, 0x61, 0x9C, 0x33, 0x86, 0xB0, 0xF6, 0x1C, 0xC3, 0x19, 0xF7, 0xC0, 0x79,
    0xCC, 0xF3, 0x20, 0xD8, 0x3E, 0x0D, 0x83, 0x30, 0xCE, 0xF9, 0xC0, 0x3F, 0xE1, 0x30, 0x26, 0x04,
    0xC1, 0x98, 0x33, 0x06, 0x67, 0x8C, 0xF3, 0xC0, 0x78, 0x38, 0xE1, 0xC3, 0xC7, 0x0F, 0x3C, 0x2E,
    0xB0, 0xBE, 0xC2, 0x73, 0x09, 0xCC, 0xF3, 0x78, 0x7B, 0xE6, 0x30, 0xC6, 0x18, 0xC3, 0xF8, 0x63,
    0x0C, 0x61, 0x8C, 0xFB, 0xE0, 0x3E, 0x33, 0xB0, 0xF8, 0x7C, 0x1E, 0x0F, 0x8F, 0xC6, 0x7E, 0x00,
    0x7F, 0xE6, 0x30, 0xC6, 0x18, 0xC3, 0x18, 0x63, 0x0C, 0x61, 0x8C, 0x7B, 0xC0, 0x10, 0x1F, 0xE7,
    0x9C, 0xC3, 0x30, 0xCC, 0x33, 0x0C, 0xC3, 0x39, 0x8F, 0xC3, 0x00, 0xC0, 0x30, 0x0C, 0x03, 0x03,
    0xF0, 0x3E, 0x67, 0xC0, 0xC0, 0xC0, 0xC0, 0xE0, 0xFF, 0x7E, 0x00, 0x9F, 0xEC, 0xCB, 0x32, 0x0C,
    0x03, 0x00, 0xC0, 0x30, 0x0C, 0x0F, 0x80, 0x7B, 0xCC, 0x63, 0x10, 0x6C, 0x1B, 0x07, 0x80, 0xE0,
    0x30, 0x0C, 0x03, 0x00, 0x80, 0x60, 0x10, 0x1C, 0x07, 0x00, 0x00, 0x03, 0x80, 0x70, 0x06, 0x00,
    0xC0, 0x18, 0x0F, 0xE3, 0x6E, 0xCC, 0xF9, 0x9F, 0x31, 0xE6, 0x3E, 0xCE, 0xDB, 0x8F, 0xE0, 0x60,
    0x0C, 0x01, 0x80, 0x30, 0x06, 0x01, 0xF0, 0xF7, 0x9B, 0x0F, 0x03, 0x81, 0xC0, 0xF0, 0xD8, 0xCE,
    0xFF, 0x80, 0x7B, 0xC6, 0x30, 0xC6, 0x18, 0xC3, 0x18, 0x63, 0x0C, 0x61, 0x8C, 0x7F, 0xE0, 0x1C,
    0x01, 0x00, 0x20, 0x00, 0xF7, 0x98, 0xC6, 0x31, 0x8C, 0x67, 0x1F, 0xC0, 0x30, 0x0C, 0x07, 0x80,
    0x7F, 0xFE, 0x63, 0x18, 0xC6, 0x31, 0x8C, 0x63, 0x18, 0xC6, 0x31, 0x8C, 0x63, 0x18, 0xC6, 0x7F,
    0xFE, 0x7F, 0xFE, 0x63, 0x30, 0xC6, 0x61, 0x8C, 0xC3, 0x19, 0x86, 0x33, 0x0C, 0x66, 0x18, 0xCC,
    0x7F, 0xFE, 0x00, 0x0C, 0x00, 0x10, 0x00, 0x20, 0x00, 0x00, 0x40, 0x1F, 0x8C, 0xC3, 0x30, 0x0C,
    0x03, 0xE0, 0xCC, 0x33, 0x0C, 0xCF, 0xE0, 0x78, 0xF1, 0x83, 0x0C, 0x18, 0x60, 0xC3, 0xE6, 0x19,
    0xB0, 0xCD, 0x86, 0x6C, 0xFE, 0xF8, 0x78, 0x30, 0x30, 0x30, 0x3E, 0x33, 0x33, 0x33, 0xFE, 0x7C,
    0xCE, 0x87, 0x03, 0x7F, 0x03, 0x87, 0xC6, 0x7C, 0x79, 0xF1, 0x99, 0xCD, 0x86, 0x6C, 0x33, 0xE1,
    0x9B, 0x0C, 0xD8, 0x66, 0xE6, 0xFB, 0xF0, 0x0F, 0xC3, 0x30, 0x66, 0x0E, 0xC0, 0xF8, 0x1B, 0x06,
    0x61, 0xCC, 0x73, 0xC0, 0x70, 0x30, 0x18, 0x18, 0x00, 0x3E, 0x66, 0xFE, 0xC0, 0xC0, 0xC0, 0xE2,
    0xFE, 0x7C, 0x00, 0xCD, 0x98, 0x00, 0x07, 0x99, 0xFF, 0xC1, 0x83, 0x07, 0x1F, 0xEF, 0x80, 0x10,
    0x1C, 0x07, 0x00, 0xC0, 0xFF, 0x0C, 0x03, 0x00, 0xFE, 0x39, 0xCC, 0x73, 0x0C, 0xC3, 0x30, 0xCC,
    0x33, 0x1F, 0xE6, 0x01, 0x80, 0xC0, 0x30, 0x18, 0x08, 0x00, 0x06, 0x0C, 0x0C, 0x18, 0x00, 0xFF,
    0x73, 0x31, 0x30, 0x30, 0x30, 0x30, 0x30, 0x78, 0x3E, 0x66, 0xC0, 0xF8, 0xDE, 0xC0, 0xE0, 0xF3,
    0x7E, 0x7D, 0xB6, 0x5C, 0x3C, 0x7C, 0xF3, 0x78, 0x00, 0xC3, 0x00, 0x00, 0xC7, 0x0C, 0x30, 0xC3,
    0x0C, 0x31, 0xF0, 0x03, 0x3C, 0xC0, 0x00, 0xC7, 0x0C, 0x30, 0xC3, 0x0C, 0x33, 0xE0, 0x31, 0x80,
    0x03, 0x38, 0xC6, 0x31, 0x8C, 0x63, 0x18, 0xC6, 0x31, 0x99, 0x80, 0x7F, 0xC0, 0x9C, 0x04, 0xC0,
    0x26, 0x01, 0x3F, 0x19, 0x9C, 0xCC, 0x7C, 0x67, 0xE7, 0xF0, 0x7B, 0xC1, 0x8C, 0x0C, 0x60, 0x63,
    0x03, 0xFF, 0x18, 0xCC, 0xC6, 0x66, 0x33, 0xFB, 0xF0, 0x00, 0x0E, 0x01, 0xC0, 0x18, 0x03, 0x01,
    0xFC, 0x0C, 0x01, 0x80, 0x3F, 0x87, 0x70, 0xC6, 0x18, 0xC3, 0x18, 0x63, 0x0C, 0x61, 0x8C, 0xFB,
    0xE0, 0x03, 0x00, 0xC0, 0x60, 0x10, 0x00, 0x1E, 0x73, 0x3C, 0xC8, 0x36, 0x0F, 0x83, 0x60, 0xCC,
    0x33, 0xBE, 0x70, 0x18, 0x03, 0x80, 0x30, 0x03, 0x00, 0x00, 0xF7, 0xCC, 0x61, 0x9C, 0x33, 0x86,
    0xB0, 0xF6, 0x1C, 0xC3, 0x19, 0xF7, 0xC0, 0x11, 0x0C, 0x43, 0xB0, 0x78, 0x00, 0x3D, 0xE6, 0x31,
    0xCC, 0x32, 0x0F, 0x81, 0xC0, 0x70, 0x1C, 0x02, 0x01, 0x80, 0x40, 0x30, 0x0C, 0x0E, 0x03, 0x80,
    0x7B, 0xC6, 0x30, 0xC6, 0x18, 0xC3, 0x18, 0x63, 0x0C, 0x61, 0x8C, 0x7F, 0xC1, 0xC0, 0x10, 0x02,
    0x00, 0x40, 0x1F, 0x80, 0x70, 0x11, 0x80, 0xFF, 0xE4, 0x63, 0x63, 0x08, 0x18, 0x00, 0xFE, 0x06,
    0x78, 0x31, 0xC1, 0x86, 0x0C, 0x30, 0x61, 0x87, 0x1C, 0x7F, 0xC0, 0x00, 0x1C, 0x0E, 0x03, 0x01,
    0x87, 0xFA, 0x65, 0x32, 0x18, 0x0C, 0x06, 0x03, 0xE1, 0x98, 0xCC, 0x66, 0x7E, 0x3F, 0xFF, 0xF0,
    0xF0, 0x0E, 0x01, 0xC0, 0xE0, 0x07, 0x0E, 0x00, 0x1C, 0xE0, 0x00, 0x7E, 0x00, 0x0F, 0xF8, 0x00,
    0x76, 0xE0, 0x07, 0x33, 0x80, 0x71, 0x8C, 0x03, 0x0C, 0x70, 0x38, 0x61, 0xC3, 0x87, 0x07, 0x38,
    0x7E, 0x3C, 0x7F, 0xFC, 0x1E, 0x38, 0x0F, 0x70, 0x07, 0xE0, 0x0F, 0xF0, 0x1D, 0xB0, 0x19, 0x98,
    0x31, 0x98, 0x77, 0xCE, 0x67, 0xE6, 0xF3, 0x8F, 0x71, 0x8C, 0x31, 0x9C, 0x39, 0x98, 0x19, 0x98,
    0x0D, 0xB0, 0x07, 0xE0, 0x01, 0x80, 0x01, 0x80, 0x01, 0x80, 0x01, 0x80, 0x03, 0x80, 0x07, 0xE0,
    0x1F, 0xE0, 0xE1, 0xC6, 0x03, 0x98, 0x07, 0xC0, 0x1F, 0xFC, 0x7F, 0xFF, 0xF0, 0x13, 0xC0, 0x0F,
    0x80, 0x3E, 0x01, 0x9C, 0x06, 0x38, 0x70, 0x7F, 0x80, 0x3E, 0x33, 0xB0, 0xFF, 0x7C, 0xFE, 0x0F,
    0x8F, 0xC6, 0x7E, 0x00, 0xFC, 0x1D, 0xE0, 0xF3, 0x03, 0x0E, 0x18, 0x38, 0x60, 0x61, 0x01, 0xCC,
    0x07, 0x30, 0x0C, 0x80, 0x3E, 0x00, 0x78, 0x01, 0xC0, 0x07, 0x00, 0x0C, 0x00, 0x20, 0x00, 0xF1,
    0xD8, 0xF7, 0x30, 0xC8, 0x36, 0x0F, 0x81, 0xC0, 0x70, 0x0C, 0x02, 0x00, 0x1B, 0x00, 0x7E, 0x00,
    0x6C, 0x00, 0x90, 0xFC, 0x1D, 0xE0, 0xF3, 0x03, 0x0E, 0x18, 0x38, 0x60, 0x61, 0x01, 0xCC, 0x07,
    0x30, 0x0C, 0x80, 0x3E, 0x00, 0x78, 0x01, 0xC0, 0x07, 0x00, 0x0C, 0x00, 0x20, 0x00, 0x6C, 0x1F,
    0x83, 0x60, 0x48, 0x00, 0x3C, 0x76, 0x3D, 0xCC, 0x32, 0x0D, 0x83, 0xE0, 0x70, 0x1C, 0x03, 0x00,
    0x80, 0x06, 0x00, 0x06, 0x20, 0x06, 0x60, 0x07, 0xC0, 0x00, 0x00, 0xFC, 0x3F, 0x30, 0x1C, 0x30,
    0x1C, 0x30, 0x3C, 0x30, 0x6C, 0x30, 0xCC, 0x31, 0x8C, 0x33, 0x0C, 0x36, 0x0C, 0x34, 0x0C, 0x3C,
    0x0C, 0x38, 0x0C, 0x30, 0x0C, 0xFC, 0x3F, 0x00, 0x07, 0x00, 0x06, 0x00, 0x06, 0x00, 0x0C, 0x00,
    0x04, 0x19, 0x03, 0x20, 0x6C, 0x07, 0x00, 0x00, 0xF7, 0xCC, 0x61, 0x9C, 0x33, 0x86, 0xB0, 0xE6,
    0x1C, 0xC3, 0x19, 0xF7, 0xC0, 0x38, 0x06, 0x00, 0xC0, 0x10, 0x7E, 0x03, 0x00, 0x60, 0x7F, 0x81,
    0x80, 0x30, 0x06, 0x00, 0xFE, 0x19, 0xE3, 0x1C, 0x61, 0x8C, 0x31, 0x86, 0x71, 0xDF, 0xF0, 0x00,
    0x1C, 0x0E, 0x03, 0x01, 0x87, 0xF2, 0x61, 0x30, 0x18, 0x0C, 0x06, 0x03, 0xE1, 0x98, 0xCC, 0x66,
    0x7E, 0x7F, 0x87, 0x38, 0x63, 0x8C, 0x31, 0xC6, 0x3C, 0xC6, 0xD8, 0xCE, 0x1F, 0x83, 0x18, 0x61,
    0x0C, 0x03, 0x80, 0xFC, 0x00, 0x10, 0x1F, 0xE7, 0x9C, 0xC3, 0x30, 0xCC, 0x33, 0x4C, 0xDB, 0x3B,
    0x8F, 0xC3, 0x18, 0xC2, 0x30, 0x0C, 0x03, 0x03, 0xF0, 0x00, 0x20, 0x0C, 0x03, 0xBF, 0xF3, 0x80,
    0x30, 0x06, 0x00, 0xC0, 0x18, 0x03, 0x00, 0x60, 0x0C, 0x01, 0x80, 0x30, 0x06, 0x01, 0xC0, 0x7E,
    0x00, 0x01, 0x03, 0xFF, 0x70, 0x30, 0x30, 0x30, 0x30, 0x30, 0x30, 0x78, 0x00, 0x0F, 0xFC, 0xE1,
    0x8C, 0x11, 0x80, 0x30, 0x06, 0x00, 0xC0, 0xFF, 0x03, 0x00, 0x60, 0x0C, 0x01, 0x80, 0x70, 0x1F,
    0x80, 0x00, 0xFF, 0x73, 0x31, 0x30, 0xFE, 0x30, 0x30, 0x30, 0x78, 0x00, 0x07, 0xFE, 0x38, 0x61,
    0x82, 0x18, 0x01, 0x80, 0x1F, 0xC1, 0x86, 0x18, 0x71, 0x87, 0x18, 0x31, 0x83, 0x18, 0x33, 0x87,
    0x7E, 0x70, 0x06, 0x00, 0x60, 0x0C, 0x03, 0x80, 0x70, 0x00, 0x7F, 0x98, 0xC4, 0x42, 0x01, 0xF8,
    0xCE, 0x47, 0x21, 0xFC, 0xC0, 0x60, 0x70, 0x30, 0x18, 0xD8, 0x78, 0x78, 0xFC, 0x79, 0xF0, 0xC3,
    0xE0, 0xC3, 0x0C, 0x01, 0x0C, 0x60, 0x06, 0x31, 0x80, 0x0C, 0xCC, 0x00, 0x3F, 0xF0, 0x01, 0xCD,
    0xE0, 0x06, 0x33, 0x80, 0x38, 0xC7, 0x01, 0xC3, 0x1E, 0x07, 0x0C, 0x38, 0x38, 0x70, 0x73, 0xC3,
    0xF0, 0xF0, 0x00, 0x01, 0xC0, 0x00, 0x03, 0x00, 0x00, 0x08, 0x00, 0x00, 0x20, 0x73, 0xCC, 0xE3,
    0x38, 0x66, 0x40, 0x6D, 0x00, 0xFE, 0x03, 0xB6, 0x06, 0x6C, 0x18, 0xCC, 0xF7, 0xDE, 0x00, 0x1C,
    0x00, 0x10, 0x00, 0x20, 0x3F, 0x18, 0xE6, 0x39, 0x06, 0x01, 0x80, 0xC1, 0xF0, 0x0E, 0x01, 0xC0,
    0x3C, 0x0D, 0x07, 0x63, 0x9F, 0xC0, 0x80, 0x70, 0x1C, 0x01, 0x00, 0xC0, 0x60, 0x7E, 0xCD, 0x18,
    0x33, 0xE0, 0xD1, 0xB3, 0x7C, 0x20, 0xE1, 0xC0, 0x81, 0x0C, 0x00, 0x7E, 0x78, 0xE1, 0xE1, 0x8C,
    0x06, 0x20, 0x18, 0x80, 0x66, 0x01, 0xF0, 0x06, 0xE0, 0x19, 0x80, 0x63, 0x01, 0x8C, 0x06, 0x38,
    0x38, 0x71, 0xF9, 0xE0, 0x03, 0xC0, 0x03, 0x00, 0x08, 0x00, 0x20, 0x00, 0x80, 0x79, 0xCC, 0xF3,
    0x20, 0xD8, 0x3C, 0x0D, 0x83, 0x70, 0xCC, 0xFB, 0xC0, 0x70, 0x08, 0x02, 0x7E, 0x1C, 0x38, 0x3C,
    0x1A, 0x20, 0x1A, 0x60, 0x1A, 0x60, 0x1A, 0xC0, 0x1F, 0xC0, 0x1A, 0xC0, 0x1A, 0x60, 0x1A, 0x60,
    0x1A, 0x70, 0x18, 0x30, 0x38, 0x38, 0x7E, 0x1E, 0x78, 0xE7, 0x3C, 0xE4, 0x1D, 0x03, 0xE0, 0x7E,
    0x0E, 0xC1, 0xCC, 0xF9, 0xE0, 0x7E, 0x00, 0x70, 0x78, 0x60, 0xF7, 0xFB, 0x01, 0x86, 0x03, 0x18,
    0x06, 0x70, 0x0F, 0xC0, 0x19, 0xC0, 0x31, 0x80, 0x63, 0x80, 0xC3, 0x01, 0x87, 0x07, 0x07, 0x1F,
    0x87, 0x80, 0x00, 0x03, 0x80, 0x38, 0x01, 0x80, 0x18, 0x0F, 0xE0, 0xD8, 0x09, 0x80, 0x98, 0xE1,
    0x9E, 0x19, 0x01, 0xB0, 0x1F, 0x01, 0xB0, 0x19, 0x81, 0x9C, 0x3C, 0xE0, 0x00, 0x00, 0x3F, 0xC7,
    0x11, 0x87, 0x98, 0xC2, 0x00, 0x63, 0x00, 0x31, 0x80, 0x19, 0x80, 0x0F, 0xC0, 0x06, 0x60, 0x03,
    0x38, 0x01, 0x8C, 0x00, 0xC7, 0x00, 0x61, 0x80, 0x70, 0xE0, 0x7E, 0x3C, 0x40, 0x03, 0xF3, 0xB3,
    0x3D, 0x99, 0x80, 0xD8, 0x07, 0xC0, 0x36, 0x01, 0x98, 0x0C, 0xE1, 0xF3, 0x80, 0xFC, 0x3F, 0x30,
    0x1C, 0x30, 0x0C, 0x30, 0x0C, 0x30, 0x0C, 0x30, 0x0C, 0x3F, 0xFC, 0x30, 0x0C, 0x30, 0x0C, 0x30,
    0x0C, 0x30, 0x0C, 0x30, 0x0C, 0x38, 0x1C, 0xFC, 0x3F, 0x00, 0x07, 0x00, 0x03, 0x00, 0x02, 0x00,
    0x02, 0x00, 0x02, 0x7B, 0xE6, 0x30, 0xC6, 0x18, 0xC3, 0xF8, 0x63, 0x0C, 0x61, 0x8C, 0xFB, 0xE0,
    0x0C, 0x01, 0x00, 0x20, 0xFC, 0x3F, 0xF3, 0x01, 0xC2, 0x30, 0x0C, 0x23, 0x00, 0xC0, 0x30, 0x0C,
    0x03, 0x00, 0xC0, 0x3F, 0xFC, 0x03, 0x00, 0xC0, 0x30, 0x0C, 0x03, 0x00, 0xC0, 0x30, 0x0C, 0x03,
    0x00, 0xC0, 0x38, 0x1C, 0x0F, 0xC3, 0xF0, 0x00, 0x01, 0xEF, 0xE3, 0x18, 0x8C, 0x62, 0x31, 0x80,
    0xFE, 0x03, 0x18, 0x0C, 0x60, 0x31, 0x83, 0xEF, 0x80, 0x7F, 0xFE, 0x00, 0xC0, 0xC0, 0x06, 0x06,
    0x00, 0x30, 0x30, 0x01, 0x81, 0x80, 0x0C, 0x0F, 0xF0, 0x60, 0x71, 0xC3, 0x03, 0x06, 0x18, 0x18,
    0x38, 0xC0, 0xC0, 0xC6, 0x06, 0x06, 0x30, 0x30, 0x33, 0x81, 0xC1, 0xBF, 0x3F, 0x8C, 0x00, 0x00,
    0xC0, 0x00, 0x06, 0x00, 0x00, 0x20, 0x00, 0x72, 0x00, 0x03, 0xE0, 0x7F, 0xE0, 0x63, 0x80, 0xC6,
    0x01, 0x8F, 0xE3, 0x1C, 0xE6, 0x30, 0xCC, 0x61, 0x98, 0xC3, 0x7B, 0xC6, 0x00, 0x0C, 0x00, 0x18,
    0x00, 0x30, 0x00, 0xC0, 0x19, 0x80, 0x3E, 0x00, 0x0F, 0xF0, 0xE1, 0xC7, 0x01, 0x18, 0x04, 0xC1,
    0xF3, 0x0C, 0xEC, 0x31, 0xB1, 0x86, 0xC6, 0x1B, 0x98, 0x6E, 0x71, 0x9C, 0xCE, 0x3B, 0xFC, 0x3F,
    0xE0, 0x3F, 0x0C, 0x43, 0x3C, 0x6E, 0xCD, 0x89, 0xB1, 0x3E, 0x67, 0xFE, 0x7F, 0xC0, 0x0F, 0xF1,
    0xC1, 0xDC, 0x06, 0xC0, 0x3C, 0x00, 0x60, 0x03, 0x00, 0x18, 0x00, 0xC0, 0x07, 0x00, 0x18, 0x02,
    0xE0, 0x33, 0xC3, 0x87, 0xF8, 0x04, 0x00, 0x70, 0x03, 0x80, 0x0C, 0x00, 0x20, 0x0E, 0x00, 0x3E,
    0xCF, 0x06, 0x0C, 0x18, 0x38, 0x7F, 0x7C, 0x20, 0xE1, 0xC0, 0x81, 0x0C, 0x00, 0x00, 0x01, 0x80,
    0x07, 0xFF, 0xF0, 0xC3, 0x83, 0x04, 0x0C, 0x00, 0x30, 0x00, 0xC0, 0x03, 0x00, 0x0C, 0x00, 0x30,
    0x00, 0xC0, 0x03, 0x00, 0x0C, 0x00, 0x70, 0x03, 0xF0, 0x01, 0xC0, 0x03, 0x00, 0x0C, 0x00, 0x20,
    0x00, 0x80, 0x00, 0x9F, 0xEC, 0xCB, 0x32, 0x0C, 0x03, 0x00, 0xC0, 0x30, 0x0C, 0x0F, 0xC0, 0x70,
    0x08, 0x02, 0x00, 0xFC, 0xFC, 0xE0, 0xC3, 0x86, 0x07, 0x10, 0x0C, 0xC0, 0x3A, 0x00, 0x78, 0x01,
    0xC0, 0x03, 0x00, 0x0C, 0x00, 0x30, 0x00, 0xC0, 0x07, 0x00, 0x3F, 0x00, 0xF3, 0xDC, 0x67, 0x30,
    0xCC, 0x32, 0x07, 0x81, 0xE0, 0x70, 0x0C, 0x03, 0x00, 0xC0, 0x30, 0x0C, 0x03, 0x03, 0xE0, 0xFC,
    0xFC, 0xE0, 0xC3, 0x86, 0x07, 0x10, 0x0E, 0xC0, 0x3E, 0x00, 0x78, 0x07, 0xF8, 0x03, 0x00, 0x0C,
    0x00, 0x30, 0x00, 0xC0, 0x07, 0x00, 0x3F, 0x00, 0xF3, 0xDC, 0x67, 0x30, 0xCC, 0x32, 0x07, 0x81,
    0xE0, 0x70, 0x7F, 0x03, 0x00, 0xC0, 0x30, 0x0C, 0x03, 0x03, 0xE0, 0xFE, 0x7E, 0x70, 0x70, 0x70,
    0xC0, 0x73, 0x00, 0xEC, 0x00, 0xF8, 0x00, 0xE0, 0x01, 0xC0, 0x07, 0xC0, 0x0D, 0xC0, 0x33, 0x80,
    0xC3, 0x83, 0x87, 0x9F, 0x9F, 0xC0, 0x03, 0x80, 0x03, 0x00, 0x04, 0x00, 0x08, 0x00, 0x10, 0x7B,
    0x8E, 0xC1, 0xE0, 0x78, 0x0E, 0x07, 0x81, 0xF0, 0xCC, 0x77, 0xC0, 0x70, 0x08, 0x02, 0x00, 0x00,
    0x0C, 0x00, 0x01, 0xFF, 0xFF, 0x23, 0x11, 0xC4, 0x62, 0x30, 0x0C, 0x06, 0x01, 0x80, 0xC0, 0x30,
    0x18, 0x06, 0x03, 0x00, 0xC0, 0x60, 0x18, 0x0C, 0x03, 0x01, 0x80, 0x60, 0x30, 0x0C, 0x06, 0x03,
    0x80, 0xE0, 0xFF, 0xFF, 0x00, 0x00, 0xE0, 0x00, 0x0C, 0x00, 0x01, 0x00, 0x00, 0x20, 0x00, 0x04,
    0x41, 0x03, 0xFF, 0xB3, 0xD9, 0x1A, 0xC0, 0xC6, 0x06, 0x30, 0x31, 0x81, 0x8C, 0x0C, 0x60, 0xFF,
    0xC0, 0x0E, 0x00, 0x20, 0x01, 0x00, 0x00, 0xFC, 0xFC, 0xC1, 0xC3, 0x03, 0x0C, 0x0C, 0x30, 0x30,
    0xC0, 0xC3, 0x8F, 0x07, 0xEC, 0x00, 0x30, 0x00, 0xC0, 0x03, 0x00, 0x0C, 0x00, 0x70, 0x03, 0xE0,
    0x01, 0x80, 0x02, 0x00, 0x08, 0x00, 0x20, 0x00, 0x80, 0xF7, 0xB1, 0x98, 0xCC, 0x66, 0x73, 0xF8,
    0x0C, 0x06, 0x07, 0x80, 0xC0, 0x40, 0x20, 0xFD, 0xFC, 0xC1, 0xC3, 0x23, 0x0C, 0x8C, 0x32, 0x30,
    0xC8, 0xC3, 0xAF, 0x07, 0xEC, 0x02, 0x30, 0x08, 0xC0, 0x23, 0x00, 0x0C, 0x00, 0x70, 0x03, 0xF0,
    0xF7, 0xDA, 0xC6, 0xB1, 0xAC, 0x6F, 0x1F, 0xC0, 0xB0, 0x2C, 0x07, 0xC0, 0x7E, 0x00, 0x60, 0x01,
    0x80, 0x06, 0x00, 0x18, 0x00, 0x7F, 0x01, 0x86, 0x06, 0x1C, 0x18, 0x70, 0x60, 0xC1, 0x83, 0x06,
    0x0C, 0x38, 0x71, 0xFB, 0xF0, 0x30, 0x0E, 0x01, 0xC0, 0x18, 0x03, 0x00, 0x60, 0x0C, 0x01, 0xFC,
    0x33, 0x86, 0x30, 0xC6, 0x18, 0xC3, 0x18, 0x63, 0x0C, 0x67, 0xDF, 0xC1, 0xF8, 0xC7, 0x0E, 0x86,
    0x06, 0x8C, 0x03, 0x7C, 0x03, 0x3F, 0xFF, 0x18, 0x00, 0x18, 0x00, 0x1C, 0x00, 0x1C, 0x00, 0x0C,
    0x03, 0x0E, 0x06, 0x07, 0x0E, 0x03, 0xFC, 0xC0, 0x33, 0xED, 0x99, 0xFE, 0x30, 0x0C, 0x03, 0x00,
    0xE2, 0x3F, 0x87, 0xC0, 0x01, 0x98, 0x01, 0x98, 0x00, 0x00, 0x00, 0x00, 0xC1, 0xF8, 0xC7, 0x0E,
    0x86, 0x06, 0x8C, 0x03, 0x7C, 0x03, 0x3F, 0xFF, 0x18, 0x00, 0x18, 0x00, 0x1C, 0x00, 0x1C, 0x00,
    0x0C, 0x03, 0x0E, 0x06, 0x07, 0x8E, 0x03, 0xFC, 0x00, 0x40, 0x00, 0x40, 0x00, 0x40, 0x00, 0x0C,
    0xC6, 0x60, 0x08, 0x06, 0x7B, 0x66, 0xFF, 0x30, 0x18, 0x0C, 0x07, 0x13, 0xF8, 0xF8, 0x10, 0x08,
    0x04, 0x00, 0x7E, 0x18, 0x18, 0x18, 0x18, 0x18, 0x18, 0x18, 0x18, 0x18, 0x18, 0x18, 0x38, 0x7E,
    0x00, 0xC0, 0x00, 0x07, 0x10, 0x00, 0x0C, 0xC0, 0x00, 0x3E, 0x00, 0x00, 0x00, 0x01, 0xE3, 0xF1,
    0xC7, 0xC3, 0x0F, 0x03, 0x0C, 0x20, 0x04, 0x31, 0x80, 0x18, 0xC4, 0x00, 0x33, 0x30, 0x00, 0xFF,
    0x80, 0x07, 0x37, 0x00, 0x18, 0xCE, 0x00, 0xE3, 0x18, 0x07, 0x0C, 0x70, 0x1C, 0x30, 0xE0, 0xE1,
    0xC1, 0xCF, 0x0F, 0xC3, 0x80, 0x06, 0x00, 0x0C, 0x80, 0x1F, 0x00, 0x00, 0x00, 0x00, 0x0E, 0x79,
    0x9C, 0x67, 0x0C, 0xC8, 0x0D, 0xA0, 0x1F, 0xE0, 0x76, 0xC0, 0xCD, 0x83, 0x19, 0x9E, 0xF9, 0xC0,
    0x7E, 0x39, 0xC3, 0xC6, 0x10, 0x31, 0x81, 0x88, 0x0C, 0xC0, 0x7F, 0x03, 0x1C, 0x18, 0x70, 0xC1,
    0xC6, 0x0E, 0x30, 0x33, 0x81, 0xBF, 0x0C, 0x00, 0x60, 0x06, 0x01, 0xB0, 0x0F, 0x00, 0x79, 0xCC,
    0xF3, 0x30, 0xD8, 0x3F, 0x0C, 0xE3, 0x1C, 0xC7, 0xF8, 0xC0, 0x30, 0x0C, 0x07, 0x01, 0x80, 0xE0,
    0x70, 0x1F, 0xFC, 0x08, 0x70, 0x10, 0xC0, 0x21, 0x80, 0x43, 0x00, 0x86, 0x03, 0x0C, 0x06, 0x18,
    0x0C, 0x30, 0x18, 0x60, 0x20, 0xC0, 0xC1, 0x8F, 0x83, 0xDE, 0x1F, 0x80, 0x07, 0x00, 0x0C, 0x00,
    0x18, 0x00, 0x20, 0x3F, 0xC1, 0x30, 0x26, 0x04, 0xC1, 0x98, 0x33, 0x06, 0x67, 0x8C, 0xF3, 0xC0,
    0x18, 0x03, 0x00, 0xC0, 0xFC, 0x3F, 0x30, 0x1C, 0x30, 0x0C, 0x30, 0x0C, 0x30, 0x0C, 0x30, 0x0C,
    0x3F, 0xFC, 0x30, 0x0C, 0x30, 0x0C, 0x30, 0x0C, 0x30, 0x0C, 0x30, 0x0C, 0x38, 0x0C, 0xFC, 0x0C,
    0x00, 0x0C, 0x00, 0x0C, 0x00, 0x18, 0x00, 0xD8, 0x00, 0xF0, 0x7B, 0xE6, 0x30, 0xC6, 0x18, 0xC3,
    0xF8, 0x63, 0x0C, 0x61, 0x8C, 0xF9, 0x80, 0x30, 0x06, 0x00, 0xC0, 0x18, 0x06, 0x01, 0x80, 0xFC,
    0x3F, 0x30, 0x1C, 0x30, 0x0C, 0x30, 0x0C, 0x30, 0x0C, 0x30, 0x0C, 0x3F, 0xFC, 0x30, 0x0C, 0x30,
    0x0C, 0x30, 0x0C, 0x30, 0x0C, 0x30, 0x0C, 0x38, 0x1C, 0xFC, 0x3F, 0x00, 0x07, 0x00, 0x06, 0x00,
    0x06, 0x00, 0x0C, 0x00, 0x0C, 0x7B, 0xE6, 0x30, 0xC6, 0x18, 0xC3, 0xF8, 0x63, 0x0C, 0x61, 0x8C,
    0xFB, 0xE0, 0x1C, 0x03, 0x00, 0x40, 0x08, 0xFD, 0xFC, 0xC1, 0xC3, 0x03, 0x0C, 0x0C, 0x30, 0x30,
    0xC0, 0xC3, 0x8F, 0x07, 0xEC, 0x00, 0x30, 0x00, 0xC0, 0x03, 0x00, 0x0C, 0x00, 0x70, 0x07, 0xF0,
    0x1C, 0x00, 0x60, 0x00, 0x80, 0x02, 0x00, 0x08, 0x00, 0xF7, 0x98, 0xC6, 0x31, 0x8C, 0x67, 0x1F,
    0xC0, 0x30, 0x0C, 0x1F, 0x83, 0x00, 0x80, 0x20, 0x7C, 0x03, 0xC3, 0x80, 0xE0, 0x70, 0x1C, 0x0F,
    0x03, 0x81, 0xE0, 0xF0, 0x2E, 0x16, 0x05, 0xC6, 0xC0, 0x98, 0x98, 0x13, 0xB3, 0x02, 0x74, 0x60,
    0xC7, 0x8C, 0x18, 0xE1, 0x83, 0x0C, 0x39, 0xF9, 0x1F, 0xC0, 0x00, 0x30, 0x00, 0x0E, 0x00, 0x01,
    0x80, 0x00, 0x30, 0x00, 0x04, 0x00, 0x78, 0x38, 0xE1, 0xC3, 0xC7, 0x0F, 0x3C, 0x2E, 0xB0, 0xBE,
    0xC2, 0x73, 0x09, 0xCC, 0xF3, 0x7C, 0x00, 0x70, 0x01, 0x80, 0x04, 0x11, 0xC7, 0x0C, 0x30, 0xC3,
    0x0C, 0x30, 0xC3, 0x0C, 0x30, 0xC3, 0x3E, 0x06, 0x00, 0x0C, 0x40, 0x19, 0x80, 0x1E, 0x00, 0x08,
    0x00, 0x30, 0x00, 0xE0, 0x01, 0xE0, 0x02, 0xC0, 0x0D, 0x80, 0x1B, 0x80, 0x63, 0x00, 0xC6, 0x01,
    0xFE, 0x06, 0x1C, 0x0C, 0x18, 0x38, 0x38, 0x70, 0x73, 0xF3, 0xF8, 0x64, 0x64, 0x7C, 0x00, 0x00,
    0x3C, 0xFC, 0xCC, 0x8C, 0x1C, 0x7C, 0xCC, 0xDC, 0xFF, 0x00, 0x00, 0x0C, 0xC0, 0x19, 0x80, 0x0C,
    0x00, 0x38, 0x00, 0x70, 0x00, 0xF0, 0x01, 0x60, 0x06, 0xC0, 0x0D, 0xC0, 0x31, 0x80, 0x63, 0x00,
    0xFF, 0x03, 0x06, 0x06, 0x0C, 0x1C, 0x1C, 0x38, 0x39, 0xF9, 0xFC, 0x00, 0x6C, 0x6C, 0x00, 0x00,
    0x3C, 0x7C, 0xCC, 0x8C, 0x1C, 0x7C, 0xCC, 0xDC, 0xFF, 0x03, 0xFF, 0xC0, 0x1E, 0x18, 0x03, 0xC1,
    0x00, 0xD8, 0x00, 0x1B, 0x00, 0x06, 0x62, 0x00, 0x8C, 0x40, 0x3F, 0xF8, 0x0C, 0x31, 0x01, 0x86,
    0x00, 0x60, 0xC0, 0x0C, 0x18, 0x33, 0x87, 0x07, 0xF9, 0xFF, 0x80, 0x3F, 0xD9, 0xDF, 0x33, 0x87,
    0xC3, 0xE0, 0xF8, 0x33, 0x0E, 0x7F, 0xF7, 0xC0, 0x1C, 0x01, 0xC8, 0x1D, 0x80, 0xF0, 0x00, 0x07,
    0xFE, 0x38, 0x61, 0x82, 0x18, 0x01, 0x80, 0x18, 0x81, 0xF8, 0x18, 0x81, 0x88, 0x18, 0x01, 0x80,
    0x18, 0x33, 0x86, 0x7F, 0xE0, 0x32, 0x36, 0x3C, 0x00, 0x00, 0x3E, 0x66, 0xFE, 0xC0, 0xC0, 0xC0,
    0xE2, 0xFE, 0x7C, 0x3F, 0x87, 0x1C, 0xC0, 0xE8, 0x07, 0x00, 0x70, 0x03, 0x00, 0x30, 0x03, 0xFF,
    0xFC, 0x03, 0xC0, 0x6E, 0x06, 0x70, 0xC3, 0xF8, 0x7E, 0x47, 0x03, 0x03, 0x03, 0x7F, 0x63, 0x66,
    0x3C, 0x19, 0x81, 0x98, 0x00, 0x00, 0x00, 0x3F, 0x87, 0x1C, 0xC0, 0xE8, 0x07, 0x00, 0x70, 0x03,
    0x00, 0x30, 0x03, 0xFF, 0xFC, 0x03, 0xC0, 0x6E, 0x06, 0x70, 0xC3, 0xF8, 0x00, 0x36, 0x36, 0x00,
    0x00, 0x7E, 0x47, 0x03, 0x03, 0x03, 0x7F, 0x63, 0x66, 0x3C, 0x00, 0xCC, 0x00, 0x03, 0x30, 0x00,
    0x00, 0x00, 0x00, 0x00, 0x00, 0x38, 0xFC, 0x78, 0xF0, 0xC3, 0xE0, 0x43, 0x0C, 0x01, 0x8C, 0x20,
    0x02, 0x31, 0x80, 0x0C, 0xCC, 0x00, 0x1F, 0xF0, 0x00, 0xEC, 0xE0, 0x07, 0x31, 0x80, 0x18, 0xC7,
    0x00, 0xE3, 0x0E, 0x07, 0x0C, 0x18, 0x38, 0x38, 0x71, 0xC3, 0xF0, 0xF0, 0x00, 0x00, 0x0D, 0x80,
    0x1B, 0x00, 0x00, 0x00, 0x00, 0x0E, 0x79, 0x9C, 0x67, 0x04, 0xC8, 0x09, 0xA0, 0x1F, 0xE0, 0x76,
    0xC0, 0xCD, 0x83, 0x19, 0x8E, 0x7B, 0xC0, 0x00, 0x0C, 0xC3, 0x30, 0x00, 0x1F, 0x1C, 0xE6, 0x19,
    0x86, 0x03, 0x8F, 0xC0, 0x10, 0x06, 0x00, 0xD0, 0x34, 0x1D, 0x87, 0x73, 0x9F, 0xC0, 0x00, 0xCD,
    0x98, 0x00, 0x0F, 0x9B, 0xA3, 0x0E, 0x78, 0x3E, 0x3C, 0xEF, 0x80, 0x40, 0x7F, 0xF0, 0xD0, 0xC0,
    0xC0, 0xE0, 0x78, 0x0E, 0x03, 0x80, 0xE0, 0x70, 0x7C, 0x37, 0x39, 0xF8, 0x00, 0xFF, 0xCE, 0x8E,
    0x1C, 0x18, 0x38, 0x3E, 0x07, 0x07, 0x03, 0x03, 0x07, 0x06, 0xCC, 0xF8, 0x07, 0xE0, 0x00, 0x00,
    0x00, 0x00, 0xFC, 0x3F, 0x30, 0x0C, 0x30, 0x1C, 0x30, 0x3C, 0x30, 0x6C, 0x30, 0xCC, 0x31, 0x8C,
    0x33, 0x0C, 0x36, 0x0C, 0x34, 0x0C, 0x38, 0x0C, 0x38, 0x0C, 0x30, 0x0C, 0xFC, 0x3F, 0x1F, 0x00,
    0x00, 0x00, 0x3D, 0xF3, 0x18, 0x67, 0x0C, 0xE1, 0xAC, 0x3D, 0x87, 0x30, 0xC6, 0x7D, 0xF0, 0x00,
    0x00, 0x06, 0x60, 0x06, 0x60, 0x00, 0x00, 0xFC, 0x3F, 0x30, 0x0C, 0x30, 0x1C, 0x30, 0x3C, 0x30,
    0x6C, 0x30, 0xCC, 0x31, 0x8C, 0x33, 0x0C, 0x32, 0x0C, 0x34, 0x0C, 0x38, 0x0C, 0x38, 0x0C, 0x30,
    0x0C, 0xFC, 0x3F, 0x00, 0x03, 0x60, 0x6C, 0x00, 0x00, 0x00, 0xF7, 0xCC, 0x61, 0x9C, 0x33, 0x86,
    0xB0, 0xF6, 0x1C, 0xC3, 0x19, 0xF7, 0xC0, 0x00, 0x00, 0x33, 0x00, 0xCC, 0x00, 0x00, 0x1F, 0xE0,
    0xE1, 0xC6, 0x03, 0x98, 0x07, 0xC0, 0x1F, 0x00, 0x3C, 0x00, 0xF0, 0x03, 0xC0, 0x0F, 0x80, 0x3E,
    0x01, 0x9C, 0x06, 0x38, 0x70, 0x7F, 0x80, 0x00, 0x1B, 0x0D, 0x80, 0x00, 0x01, 0xF1, 0x9D, 0xC7,
    0xC3, 0xE0, 0xF8, 0x7C, 0x7F, 0x33, 0xF0, 0x1F, 0xE0, 0xE1, 0xC6, 0x03, 0x98, 0x07, 0xC0, 0x1F,
    0x00, 0x3F, 0xFF, 0xF0, 0x03, 0xC0, 0x0F, 0x80, 0x3E, 0x01, 0x9C, 0x06, 0x38, 0x70, 0x7F, 0x80,
    0x3E, 0x33, 0xB0, 0xF8, 0x7F, 0xFE, 0x0F, 0x8F, 0xC6, 0x7E, 0x00, 0x00, 0x00, 0x33, 0x00, 0xCC,
    0x00, 0x00, 0x1F, 0xE0, 0xE1, 0xC6, 0x03, 0x98, 0x07, 0xC0, 0x1F, 0x00, 0x3F, 0xFF, 0xF0, 0x03,
    0xC0, 0x0F, 0x80, 0x3E, 0x01, 0x9C, 0x06, 0x38, 0x70, 0x7F, 0x80, 0x00, 0x1B, 0x0D, 0x80, 0x00,
    0x01, 0xF1, 0x9D, 0xC7, 0xC3, 0xFF, 0xF8, 0x7C, 0x7F, 0x33, 0xF0, 0x33, 0x06, 0x60, 0x00, 0x00,
    0x0F, 0xF1, 0xC7, 0x30, 0x34, 0x06, 0x00, 0x60, 0x1C, 0xFF, 0xBF, 0xB0, 0x07, 0x01, 0xE0, 0x36,
    0x0E, 0xE3, 0x8F, 0xE0, 0x01, 0x9B, 0x30, 0x00, 0x1F, 0xB3, 0xC3, 0x07, 0xFC, 0x1C, 0x3C, 0xDF,
    0x00, 0x0F, 0xE0, 0x00, 0x00, 0x00, 0x03, 0xE3, 0xE3, 0x81, 0x83, 0x06, 0x07, 0x0C, 0x06, 0x10,
    0x0E, 0x60, 0x1C, 0xC0, 0x1D, 0x00, 0x3E, 0x00, 0x38, 0x00, 0x70, 0x00, 0xC0, 0x09, 0x80, 0x1E,
    0x00, 0x38, 0x00, 0x1F, 0x80, 0x00, 0x01, 0xEF, 0x31, 0x8C, 0x41, 0xB0, 0x6C, 0x1E, 0x03, 0x80,
    0xC0, 0x30, 0x0C, 0x02, 0x01, 0x80, 0x40, 0x70, 0x1C, 0x00, 0x00, 0x00, 0x33, 0x00, 0xCC, 0x00,
    0x00, 0xFC, 0x7C, 0xE0, 0xC3, 0x83, 0x06, 0x08, 0x1C, 0x60, 0x31, 0x00, 0xEC, 0x03, 0xB0, 0x07,
    0x80, 0x1E, 0x00, 0x30, 0x00, 0xC0, 0x36, 0x00, 0xF8, 0x01, 0xC0, 0x00, 0x00, 0x06, 0x61, 0x98,
    0x00, 0x00, 0x1E, 0xF3, 0x18, 0xC4, 0x39, 0x06, 0xC1, 0xE0, 0x38, 0x0C, 0x03, 0x00, 0xC0, 0x20,
    0x18, 0x04, 0x07, 0x01, 0xC0, 0x03, 0xF0, 0x07, 0xC0, 0x1B, 0x00, 0x24, 0x07, 0xC7, 0xC7, 0x03,
    0x06, 0x0C, 0x0E, 0x18, 0x0C, 0x20, 0x1C, 0xC0, 0x39, 0x80, 0x3A, 0x00, 0x7C, 0x00, 0x70, 0x00,
    0xE0, 0x01, 0x80, 0x13, 0x00, 0x3C, 0x00, 0x70, 0x00, 0x06, 0xC3, 0xE0, 0xF8, 0x6C, 0x00, 0x1E,
    0xF3, 0x18, 0xC4, 0x1B, 0x06, 0xC1, 0xE0, 0x38, 0x0C, 0x03, 0x00, 0xC0, 0x20, 0x18, 0x04, 0x07,
    0x01, 0xC0, 0x00, 0x00, 0x33, 0x00, 0xCC, 0x00, 0x00, 0xFC, 0xFC, 0xE1, 0xC3, 0x03, 0x0C, 0x0C,
    0x30, 0x30, 0xE0, 0xC3, 0x8F, 0x07, 0xEC, 0x00, 0x30, 0x00, 0xC0, 0x03, 0x00, 0x0C, 0x00, 0x70,
    0x03, 0xF0, 0x00, 0x19, 0x86, 0x60, 0x00, 0x00, 0x3D, 0xE6, 0x31, 0x8C, 0x63, 0x19, 0xC7, 0xF0,
    0x0C, 0x03, 0x03, 0xE0, 0x00, 0x0F, 0xFC, 0xE0, 0x8C, 0x11, 0x80, 0x30, 0x06, 0x00, 0xC0, 0x18,
    0x03, 0x00, 0x60, 0x0C, 0x01, 0x80, 0x70, 0x1F, 0x80, 0x70, 0x06, 0x00, 0xC0, 0x10, 0x02, 0x00,
    0x00, 0xFF, 0x73, 0x31, 0x30, 0x30, 0x30, 0x30, 0x30, 0x7C, 0x1C, 0x08, 0x08, 0x00, 0x00, 0x00,
    0x66, 0x00, 0x0C, 0xC0, 0x00, 0x00, 0x07, 0xE1, 0xFC, 0x70, 0x0E, 0x06, 0x00, 0xC0, 0xC0, 0x18,
    0x18, 0x03, 0x03, 0x00, 0x60, 0x7F, 0x0C, 0x0C, 0xF1, 0x81, 0x86, 0x30, 0x30, 0xC6, 0x06, 0x18,
    0xC0, 0xC3, 0x18, 0x38, 0xE7, 0x0F, 0xF1, 0xF8, 0x00, 0x00, 0x6C, 0x03, 0x60, 0x00, 0x00, 0x00,
    0x3C, 0x78, 0xC1, 0x86, 0x0C, 0x30, 0x61, 0xF3, 0x0C, 0xD8, 0x66, 0xC3, 0x36, 0x7F, 0x7C, 0x00,
    0x03, 0xFF, 0x1C, 0x30, 0xC1, 0x0C, 0x00, 0xC0, 0x0C, 0x00, 0xC0, 0x3F, 0x80, 0xC0, 0x0C, 0x00,
    0xC0, 0x0C, 0x00, 0xC0, 0x0C, 0x00, 0xC0, 0x0C, 0x01, 0x80, 0xD8, 0x0F, 0x00, 0x00, 0x1F, 0xC6,
    0x63, 0x11, 0x83, 0xF8, 0x60, 0x30, 0x18, 0x0C, 0x06, 0x03, 0x03, 0x81, 0x80, 0xC0, 0xC0, 0x7E,
    0x3E, 0x1C, 0x1C, 0x0E, 0x18, 0x0E, 0x30, 0x07, 0x60, 0x03, 0xC0, 0x03, 0xC0, 0x01, 0xC0, 0x03,
    0xE0, 0x06, 0x70, 0x0C, 0x38, 0x0C, 0x38, 0x38, 0x1C, 0xFC, 0x1C, 0x00, 0x0C, 0x00, 0x0C, 0x00,
    0x1C, 0x00, 0x18, 0x00, 0x30, 0x00, 0xE0, 0xF7, 0x3B, 0x0F, 0x03, 0x81, 0xC0, 0xE0, 0xD8, 0xCE,
    0xF3, 0x01, 0x80, 0x40, 0x20, 0x30, 0x10, 0x38, 0xFE, 0x7E, 0x70, 0x30, 0x70, 0xC0, 0x73, 0x00,
    0xE6, 0x00, 0xF8, 0x0F, 0xFC, 0x01, 0xC0, 0x07, 0xC0, 0x09, 0xC0, 0x31, 0x80, 0xC3, 0x83, 0x87,
    0x9F, 0x9F, 0xC0, 0x7F, 0x8C, 0x83, 0xE0, 0x70, 0x7F, 0x87, 0x83, 0x60, 0xDC, 0xF7, 0x80, 0x78,
    0x79, 0xE3, 0xC7, 0x1C, 0x3C, 0xE1, 0xFF, 0x1F, 0xF1, 0xEF, 0x0E, 0x78, 0x71, 0xE3, 0x87, 0x3C,
    0x3D, 0xE0, 0xF0, 0xFE, 0x1F, 0xE0, 0x3E, 0x01, 0xC0, 0x38, 0x07, 0x00, 0xE0, 0x1C, 0x03, 0x80,
    0x73, 0xFF, 0x7F, 0xE0, 0x7C, 0x7E, 0x1E, 0x0E, 0x0E, 0x0E, 0x0E, 0x0E, 0x1E, 0x7E, 0xFE, 0xE7,
    0x00, 0xFF, 0xFF, 0xFC, 0x0E, 0x01, 0xC0, 0x38, 0x07, 0x00, 0xE0, 0x1C, 0x03, 0x80, 0x70, 0x0E,
    0x01, 0xC0, 0x7F, 0xDF, 0xFC, 0x07, 0x80, 0x70, 0x0E, 0xE1, 0xDC, 0x3B, 0x87, 0x70, 0xEE, 0x1D,
    0xC3, 0xB8, 0x70, 0xFF, 0xCE, 0x73, 0x9C, 0xE7, 0x39, 0xCE, 0x70, 0xFD, 0xF8, 0xF3, 0x87, 0x0E,
    0x1C, 0x38, 0x70, 0xE1, 0xE3, 0xC0, 0xFF, 0xCF, 0xFE, 0x79, 0xF7, 0x07, 0x70, 0x77, 0x07, 0x70,
    0x77, 0x07, 0x70, 0x77, 0x07, 0x70, 0x77, 0x07, 0xE7, 0xDC, 0xFF, 0x9F, 0xF0, 0x7E, 0x0F, 0xC1,
    0xF8, 0x3F, 0x07, 0xF1, 0xFF, 0xFD, 0xFF, 0x1F, 0xC0, 0xFF, 0xCE, 0x73, 0x9C, 0xE0, 0xFF, 0x3F,
    0xE0, 0x7C, 0x0F, 0x01, 0xC0, 0x70, 0x1C, 0x07, 0x01, 0xC0, 0x70, 0x1C, 0x07, 0x01, 0xC0, 0x70,
    0x1C, 0x07, 0xFE, 0x3F, 0xE0, 0xF8, 0x0F, 0x03, 0xC0, 0x70, 0x1C, 0x0F, 0x03, 0xC3, 0xEF, 0xFB,
    0xF8, 0xE0, 0x38, 0x0E, 0x03, 0x80, 0xFF, 0xFF, 0xF0, 0x38, 0x0E, 0x07, 0x81, 0xC0, 0x70, 0x3C,
    0x0E, 0x03, 0x81, 0xE0, 0x70, 0x7F, 0xE3, 0xFF, 0x8E, 0x3E, 0x70, 0x73, 0x83, 0x9C, 0x1C, 0xE0,
    0xE7, 0x07, 0x38, 0x39, 0xC1, 0xCF, 0xFE, 0x7F, 0xF0, 0xE7, 0xE7, 0xFF, 0x9F, 0xFC, 0xF0, 0xF7,
    0x83, 0x9C, 0x1D, 0xE0, 0xEE, 0x0F, 0x70, 0x7B, 0x8F, 0x9D, 0xF9, 0xEF, 0x80, 0xFF, 0xCE, 0x73,
    0x9C, 0xE7, 0x39, 0xCE, 0x73, 0x9C, 0xE7, 0xFB, 0xF3, 0xC7, 0x1C, 0x71, 0xC7, 0x1C, 0x7F, 0xFF,
    0xFF, 0xCF, 0xFE, 0x39, 0xF7, 0x07, 0x70, 0x77, 0x07, 0x70, 0x77, 0x07, 0x70, 0xF7, 0xFF, 0x3F,
    0xE1, 0xFC, 0x00, 0x1C, 0x1F, 0xC3, 0xB8, 0x77, 0x0E, 0xE1, 0xDE, 0x39, 0xCF, 0x39, 0xC7, 0x38,
    0xFF, 0x3F, 0xCF, 0xF1, 0xF0, 0x20, 0x00, 0x3F, 0x1F, 0xF3, 0xFF, 0x70, 0xFE, 0x1F, 0xC1, 0xFE,
    0x3B, 0xC7, 0x00, 0xE0, 0x1C, 0x03, 0x80, 0x70, 0x0E, 0x01, 0xC0, 0x38, 0x07, 0x3F, 0x1F, 0xF3,
    0xFF, 0x70, 0xFE, 0x1F, 0xE1, 0xFE, 0x3B, 0xCF, 0x01, 0xC0, 0xFB, 0xFE, 0x7F, 0x80, 0xF1, 0xEE,
    0x3D, 0xE7, 0x9C, 0xE3, 0x9C, 0x7F, 0x87, 0xE0, 0xF8, 0x1E, 0x01, 0xC0, 0x38, 0x07, 0x80, 0x70,
    0x0E, 0x01, 0xC0, 0x3C, 0x78, 0xEF, 0x1C, 0xF3, 0x8E, 0x71, 0xFC, 0x1F, 0x81, 0xE0, 0x3C, 0x03,
    0x80, 0x79, 0xFF, 0xBF, 0xF0, 0xFF, 0xFF, 0xFF, 0x00, 0xF0, 0x0E, 0x70, 0xE7, 0x1E, 0x71, 0xC7,
    0x1C, 0x71, 0xC7, 0x3C, 0x73, 0x87, 0x38, 0x70, 0x07, 0x00, 0x70, 0x07, 0x00, 0xFE, 0x7F, 0x83,
    0xE0, 0x70, 0x38, 0x1C, 0x0E, 0x07, 0x03, 0x81, 0xC0, 0xE0, 0x70, 0xE7, 0x3F, 0x39, 0xF9, 0xCF,
    0xDE, 0x7E, 0xE3, 0xFF, 0x1F, 0xF1, 0xFC, 0x0F, 0xF0, 0x73, 0xEF, 0x9F, 0xF8, 0x3F, 0x80, 0x7F,
    0xE3, 0xFF, 0x8F, 0x3E, 0x78, 0x73, 0xC3, 0x9E, 0x1C, 0xF0, 0xE7, 0x87, 0x3C, 0x39, 0xE1, 0xFE,
    0x0F, 0xF0, 0x70, 0x01, 0x00, 0x07, 0x00, 0x0E, 0x00, 0x1C, 0x00, 0x7C, 0x00, 0xD8, 0x01, 0x30,
    0x06, 0x70, 0x0C, 0x60, 0x1F, 0xE0, 0x61, 0xC0, 0xC1, 0x83, 0x83, 0x87, 0x07, 0x3F, 0x3F, 0x80,
    0x00, 0x00, 0x00, 0x06, 0x00, 0x0C, 0x00, 0x00, 0x00, 0x3C, 0xFC, 0xCC, 0x8C, 0x1C, 0x7C, 0xCC,
    0xDC, 0xFF, 0x00, 0x18, 0x18, 0x00, 0x03, 0xC0, 0x05, 0x80, 0x06, 0x00, 0x08, 0x00, 0x18, 0x00,
    0x70, 0x00, 0xE0, 0x01, 0xE0, 0x06, 0xC0, 0x0D, 0x80, 0x1B, 0x80, 0x67, 0x00, 0xC6, 0x01, 0xFE,
    0x06, 0x1C, 0x0C, 0x18, 0x38, 0x38, 0x70, 0x73, 0xF3, 0xF8, 0x78, 0x78, 0x30, 0x10, 0x00, 0x3C,
    0xFC, 0xCC, 0x8C, 0x1C, 0x7C, 0xCC, 0xDC, 0xFF, 0x00, 0x38, 0x03, 0xF0, 0x0F, 0x00, 0x33, 0x00,
    0x18, 0x00, 0x30, 0x00, 0xE0, 0x01, 0xE0, 0x06, 0xC0, 0x0D, 0x80, 0x1B, 0x80, 0x67, 0x00, 0xC6,
    0x01, 0xFE, 0x06, 0x1C, 0x0C, 0x18, 0x38, 0x38, 0x70, 0x73, 0xF3, 0xF8, 0x06, 0x06, 0x34, 0x78,
    0x6C, 0x44, 0x3C, 0xDC, 0xCC, 0x8C, 0x1C, 0x7C, 0xCC, 0xDC, 0xFF, 0x30, 0x00, 0x7B, 0x00, 0x0F,
    0x00, 0x33, 0x00, 0x18, 0x00, 0x30, 0x00, 0xE0, 0x01, 0xE0, 0x06, 0xC0, 0x0D, 0x80, 0x1B, 0x80,
    0x67, 0x00, 0xC6, 0x01, 0xFE, 0x06, 0x1C, 0x0C, 0x18, 0x38, 0x38, 0x70, 0x73, 0xF3, 0xF8, 0xC0,
    0x60, 0x1E, 0x07, 0x83, 0x61, 0x10, 0x78, 0xDC, 0x66, 0x23, 0x03, 0x87, 0xC6, 0x63, 0x71, 0xFE,
    0x00, 0x78, 0x00, 0xF0, 0x0E, 0xE0, 0x3F, 0x80, 0x4E, 0x00, 0x30, 0x00, 0xE0, 0x01, 0xE0, 0x02,
    0xC0, 0x0D, 0x80, 0x1B, 0x00, 0x67, 0x00, 0xC6, 0x01, 0xFC, 0x06, 0x1C, 0x0C, 0x18, 0x38, 0x38,
    0x70, 0x73, 0xF3, 0xF8, 0x1E, 0x1E, 0x3C, 0x78, 0x4C, 0x00, 0x3C, 0xDC, 0xCC, 0x8C, 0x1C, 0x7C,
    0xCC, 0xDC, 0xFF, 0x00, 0x00, 0x0F, 0xC0, 0x1F, 0x00, 0x1C, 0x00, 0x7C, 0x00, 0xCC, 0x00, 0x20,
    0x00, 0xC0, 0x03, 0x80, 0x07, 0x80, 0x0B, 0x00, 0x36, 0x00, 0x6E, 0x01, 0x9C, 0x03, 0x18, 0x07,
    0xF8, 0x18, 0x70, 0x30, 0x60, 0xE0, 0xE1, 0xC1, 0xCF, 0xCF, 0xE0, 0x04, 0x04, 0x7C, 0xF0, 0x30,
    0x78, 0x6C, 0x44, 0x3C, 0xDC, 0xCC, 0x8C, 0x1C, 0x7C, 0xCC, 0xDC, 0xFF, 0x01, 0x80, 0x0F, 0x80,
    0x19, 0x80, 0x08, 0x00, 0x38, 0x00, 0x70, 0x00, 0xE0, 0x03, 0xE0, 0x06, 0xC0, 0x09, 0x80, 0x33,
    0x80, 0x63, 0x00, 0xFF, 0x03, 0x0E, 0x06, 0x0C, 0x1C, 0x1C, 0x38, 0x39, 0xF9, 0xFC, 0x00, 0x00,
    0x00, 0x00, 0x30, 0x00, 0x60, 0x00, 0x00, 0x00, 0x10, 0x38, 0x3C, 0x6C, 0x00, 0x3C, 0xDC, 0xCC,
    0x8C, 0x1C, 0x7C, 0xCC, 0xDC, 0xFF, 0x00, 0x18, 0x18, 0x00, 0x00, 0xE0, 0x01, 0xC0, 0x04, 0x20,
    0x06, 0x60, 0x03, 0xC0, 0x01, 0x80, 0x01, 0x80, 0x03, 0x80, 0x03, 0xC0, 0x02, 0xC0, 0x06, 0xC0,
    0x06, 0xE0, 0x0C, 0xE0, 0x0C, 0x60, 0x0F, 0xF0, 0x18, 0x30, 0x18, 0x30, 0x38, 0x38, 0x38, 0x38,
    0xFC, 0x7E, 0x18, 0x18, 0x10, 0xC4, 0x6C, 0x78, 0x00, 0x3C, 0xFC, 0xCC, 0x8C, 0x1C, 0x7C, 0xCC,
    0xDC, 0xFF, 0x06, 0x00, 0x07, 0x00, 0x04, 0x20, 0x06, 0x60, 0x03, 0xC0, 0x01, 0x80, 0x01, 0x80,
    0x03, 0x80, 0x03, 0xC0, 0x02, 0xC0, 0x06, 0xC0, 0x06, 0xE0, 0x0C, 0xE0, 0x0C, 0x60, 0x0F, 0xF0,
    0x18, 0x30, 0x18, 0x30, 0x38, 0x38, 0x38, 0x38, 0xFC, 0x7E, 0x60, 0x60, 0x30, 0xD4, 0x6C, 0x78,
    0x00, 0x3C, 0xFC, 0xCC, 0x8C, 0x1C, 0x7C, 0xCC, 0xDC, 0xFF, 0x03, 0xC0, 0x03, 0xC0, 0x03, 0xC0,
    0x05, 0xA0, 0x06, 0xE0, 0x03, 0xE0, 0x01, 0x80, 0x01, 0x80, 0x03, 0x80, 0x03, 0xC0, 0x02, 0xC0,
    0x06, 0xC0, 0x06, 0xE0, 0x0C, 0xE0, 0x0C, 0x60, 0x0F, 0xF0, 0x18, 0x30, 0x18, 0x30, 0x38, 0x38,
    0x38, 0x38, 0xFC, 0x7E, 0x78, 0x78, 0x18, 0x7C, 0x7C, 0x00, 0x3C, 0x7C, 0xCC, 0x8C, 0x1C, 0x7C,
    0xCC, 0xCC, 0xFF, 0x00, 0x20, 0x07, 0xE0, 0x07, 0xC0, 0x04, 0x20, 0x06, 0x60, 0x07, 0xE0, 0x01,
    0x80, 0x01, 0x80, 0x03, 0x80, 0x03, 0xC0, 0x02, 0xC0, 0x06, 0xC0, 0x06, 0xE0, 0x0C, 0xE0, 0x0C,
    0x60, 0x0F, 0xF0, 0x18, 0x30, 0x18, 0x30, 0x38, 0x38, 0x38, 0x38, 0xFC, 0x7E, 0x7C, 0xF8, 0x44,
    0x6C, 0x7C, 0x10, 0x3C, 0x7C, 0xCC, 0x8C, 0x1C, 0x7C, 0xCC, 0xCC, 0xFF, 0x04, 0x20, 0x06, 0x60,
    0x03, 0xC0, 0x01, 0x80, 0x01, 0x80, 0x03, 0x80, 0x03, 0xC0, 0x02, 0xC0, 0x06, 0xC0, 0x06, 0xE0,
    0x04, 0xE0, 0x0C, 0x60, 0x0F, 0xF0, 0x18, 0x30, 0x18, 0x30, 0x18, 0x38, 0x38, 0x38, 0xFC, 0xFE,
    0x00, 0x00, 0x00, 0x00, 0x03, 0x00, 0x03, 0x00, 0x00, 0x00, 0x48, 0x91, 0xE0, 0x00, 0x0F, 0x3E,
    0x6C, 0x98, 0x73, 0xE6, 0xCD, 0x9F, 0xC0, 0x18, 0x30, 0x00, 0x7F, 0xE3, 0x86, 0x18, 0x21, 0x80,
    0x18, 0x01, 0x88, 0x1F, 0x81, 0x88, 0x18, 0x81, 0x80, 0x18, 0x01, 0x83, 0x38, 0x67, 0xFE, 0x00,
    0x00, 0x00, 0x06, 0x00, 0x60, 0x00, 0x00, 0x3E, 0x66, 0xFE, 0xC0, 0xC0, 0xC0, 0xE2, 0xFE, 0x7C,
    0x00, 0x00, 0x18, 0x18, 0x0F, 0x00, 0xF0, 0x07, 0x00, 0x20, 0x00, 0x07, 0xFE, 0x38, 0x61, 0x82,
    0x18, 0x01, 0x80, 0x18, 0x81, 0xF8, 0x18, 0x81, 0x88, 0x18, 0x01, 0x80, 0x18, 0x33, 0x86, 0x7F,
    0xE0, 0x3C, 0x2C, 0x18, 0x10, 0x00, 0x3E, 0x66, 0xFE, 0xC0, 0xC0, 0xC0, 0xE2, 0xFE, 0x7C, 0x00,
    0xC0, 0xF8, 0x1F, 0x00, 0x00, 0x7F, 0xE3, 0x86, 0x18, 0x21, 0x80, 0x18, 0x01, 0x88, 0x1F, 0x81,
    0x88, 0x18, 0x81, 0x80, 0x18, 0x01, 0x83, 0x38, 0x67, 0xFE, 0x02, 0x3E, 0x7C, 0x40, 0x00, 0x3E,
    0x66, 0xFE, 0xC0, 0xC0, 0xC0, 0xE2, 0xFE, 0x7C, 0x00, 0xE0, 0x5E, 0x1F, 0x03, 0xB8, 0x00, 0x07,
    0xFE, 0x38, 0x61, 0x82, 0x18, 0x01, 0x80, 0x18, 0x81, 0xF8, 0x18, 0x81, 0x88, 0x18, 0x01, 0x80,
    0x18, 0x33, 0x86, 0x7F, 0xE0, 0x03, 0x06, 0x1E, 0x38, 0x6C, 0x44, 0x3E, 0x66, 0xFE, 0xC0, 0xC0,
    0xC0, 0xE2, 0xFE, 0x7C, 0xE0, 0x07, 0x60, 0x1F, 0x01, 0x98, 0x00, 0x07, 0xFE, 0x38, 0x61, 0x82,
    0x18, 0x01, 0x80, 0x18, 0x81, 0xF8, 0x18, 0x81, 0x88, 0x18, 0x01, 0x80, 0x18, 0x33, 0x86, 0x7F,
    0xE0, 0xC0, 0x30, 0x1A, 0x03, 0x83, 0x61, 0x10, 0x7C, 0x66, 0x7F, 0x30, 0x18, 0x0C, 0x07, 0x13,
    0xF8, 0xF8, 0x01, 0xE0, 0x16, 0x0E, 0xC1, 0xF8, 0x10, 0x87, 0xFE, 0x38, 0x61, 0x82, 0x18, 0x01,
    0x80, 0x18, 0x81, 0xF8, 0x18, 0x81, 0x88, 0x18, 0x01, 0x80, 0x18, 0x33, 0x86, 0x7F, 0xE0, 0x0F,
    0x0B, 0x1E, 0x3C, 0x6C, 0x44, 0x3E, 0x66, 0xFE, 0xC0, 0xC0, 0xC0, 0xE2, 0xFE, 0x7C, 0x00, 0xC0,
    0xF8, 0x1F, 0x00, 0x60, 0x0F, 0x01, 0x98, 0x00, 0x07, 0xFE, 0x38, 0x61, 0x82, 0x18, 0x01, 0x80,
    0x18, 0x81, 0xF8, 0x18, 0x81, 0x88, 0x18, 0x01, 0x80, 0x18, 0x33, 0x86, 0x7F, 0xE0, 0x02, 0x06,
    0x3C, 0x78, 0x18, 0x3C, 0x6C, 0x44, 0x3E, 0x66, 0xFE, 0xC0, 0xC0, 0xC0, 0xE2, 0xFE, 0x7C, 0x07,
    0x00, 0xF8, 0x1D, 0xC0, 0x00, 0x7F, 0xE3, 0x86, 0x18, 0x21, 0x80, 0x18, 0x01, 0x88, 0x1F, 0x81,
    0x88, 0x18, 0x81, 0x80, 0x18, 0x01, 0x83, 0x38, 0x67, 0xFE, 0x00, 0x00, 0x00, 0x06, 0x00, 0x60,
    0x00, 0x00, 0x18, 0x18, 0x3C, 0x64, 0x00, 0x3E, 0x66, 0xFE, 0xC0, 0xC0, 0xC0, 0xE2, 0xFE, 0x7C,
    0x00, 0x00, 0x18, 0x18, 0x38, 0x2C, 0x18, 0x10, 0x00, 0x7E, 0x18, 0x18, 0x18, 0x18, 0x18, 0x18,
    0x18, 0x18, 0x18, 0x18, 0x18, 0x38, 0x7E, 0x79, 0x63, 0x08, 0x00, 0xC7, 0x0C, 0x30, 0xC3, 0x0C,
    0x33, 0xE0, 0x7E, 0x1C, 0x18, 0x18, 0x18, 0x18, 0x18, 0x18, 0x18, 0x18, 0x18, 0x18, 0x1C, 0x7E,
    0x00, 0x00, 0x18, 0x18, 0x00, 0x00, 0xC3, 0x00, 0x00, 0xC7, 0x0C, 0x30, 0xC3, 0x0C, 0x31, 0xF0,
    0x00, 0x30, 0xC0, 0x00, 0x1F, 0xE0, 0xE1, 0xC6, 0x03, 0x98, 0x07, 0xC0, 0x1F, 0x00, 0x3C, 0x00,
    0xF0, 0x03, 0xC0, 0x0F, 0x80, 0x3E, 0x01, 0x9C, 0x06, 0x38, 0x70, 0x7F, 0x80, 0x00, 0x00, 0x00,
    0x03, 0x00, 0x0C, 0x00, 0x3E, 0x33, 0xB0, 0xF8, 0x7C, 0x1E, 0x0F, 0x8F, 0xC6, 0x7E, 0x00, 0x00,
    0x03, 0x01, 0x80, 0x03, 0x80, 0x1E, 0x00, 0x18, 0x00, 0x40, 0x00, 0x00, 0x7F, 0x83, 0x87, 0x18,
    0x0E, 0x60, 0x1F, 0x00, 0x7C, 0x00, 0xF0, 0x03, 0xC0, 0x0F, 0x00, 0x3E, 0x00, 0xF8, 0x06, 0x70,
    0x18, 0xE1, 0xC1, 0xFE, 0x00, 0x3C, 0x1E, 0x06, 0x01, 0x00, 0x01, 0xF1, 0x9D, 0x87, 0xC3, 0xE0,
    0xF0, 0x7C, 0x7E, 0x33, 0xF0, 0x00, 0x30, 0x0D, 0xC0, 0x7C, 0x03, 0x30, 0x00, 0x00, 0x7F, 0x83,
    0x87, 0x18, 0x0E, 0x60, 0x1F, 0x00, 0x7C, 0x00, 0xF0, 0x03, 0xC0, 0x0F, 0x00, 0x3E, 0x00, 0xF8,
    0x06, 0x70, 0x18, 0xE1, 0xC1, 0xFE, 0x00, 0x03, 0x01, 0x86, 0x83, 0x83, 0x61, 0x10, 0xF8, 0xCE,
    0xC3, 0xE1, 0xF0, 0x78, 0x3E, 0x3F, 0x19, 0xF8, 0x30, 0x00, 0xEE, 0x00, 0x7C, 0x03, 0xB8, 0x00,
    0x00, 0x7F, 0x83, 0x87, 0x18, 0x0E, 0x60, 0x1F, 0x00, 0x7C, 0x00, 0xF0, 0x03, 0xC0, 0x0F, 0x00,
    0x3E, 0x00, 0xF8, 0x06, 0x70, 0x18, 0xE1, 0xC1, 0xFE, 0x00, 0xC0, 0x30, 0x1E, 0x07, 0x83, 0x61,
    0x10, 0xF8, 0xCE, 0xC3, 0xE1, 0xF0, 0x78, 0x3E, 0x3F, 0x19, 0xF8, 0x00, 0x70, 0x03, 0x60, 0x33,
    0x01, 0xE8, 0x0F, 0xC0, 0x21, 0x01, 0xFE, 0x0E, 0x1C, 0x60, 0x39, 0x80, 0x7C, 0x01, 0xF0, 0x03,
    0xC0, 0x0F, 0x00, 0x3C, 0x00, 0xF8, 0x03, 0xE0, 0x19, 0xC0, 0x63, 0x87, 0x07, 0xF8, 0x0F, 0x07,
    0x86, 0x83, 0xC3, 0x61, 0x10, 0xF8, 0xCE, 0xC3, 0xE1, 0xF0, 0x78, 0x3E, 0x3F, 0x19, 0xF8, 0x00,
    0xC0, 0x3F, 0x00, 0xF8, 0x00, 0xE0, 0x07, 0xC0, 0x33, 0x00, 0x00, 0x07, 0xF8, 0x38, 0x71, 0x80,
    0xE6, 0x01, 0xF0, 0x07, 0xC0, 0x0F, 0x00, 0x3C, 0x00, 0xF0, 0x03, 0xE0, 0x0F, 0x80, 0x67, 0x01,
    0x8E, 0x1C, 0x1F, 0xE0, 0x01, 0x01, 0x8F, 0x87, 0x81, 0x81, 0xE0, 0xD8, 0x44, 0x3E, 0x33, 0xB0,
    0xF8, 0x7C, 0x1E, 0x0F, 0x8F, 0xC6, 0x7E, 0x00, 0x03, 0x80, 0x1F, 0x00, 0xC4, 0x00, 0x00, 0x1F,
    0xE0, 0xE1, 0xC6, 0x03, 0x98, 0x07, 0xC0, 0x1F, 0x00, 0x3C, 0x00, 0xF0, 0x03, 0xC0, 0x0F, 0x80,
    0x3E, 0x01, 0x9C, 0x06, 0x38, 0x70, 0x7F, 0x80, 0x00, 0x00, 0x00, 0x03, 0x00, 0x0C, 0x00, 0x18,
    0x0E, 0x0F, 0x04, 0xC0, 0x01, 0xF1, 0x9D, 0x87, 0xC3, 0xE0, 0xF0, 0x7C, 0x7E, 0x33, 0xF0, 0x00,
    0x00, 0x18, 0x0C, 0x00, 0x00, 0xC0, 0x01, 0xC0, 0x03, 0x80, 0x03, 0x00, 0x00, 0x07, 0x1F, 0xF7,
    0x38, 0x7E, 0x70, 0x38, 0xE0, 0x1C, 0xC0, 0x1C, 0xC0, 0x0C, 0xC0, 0x0C, 0xC0, 0x0C, 0xC0, 0x0C,
    0xE0, 0x0C, 0x60, 0x18, 0x70, 0x18, 0x38, 0x70, 0x0F, 0xE0, 0x06, 0x03, 0x80, 0xC0, 0x63, 0x01,
    0xCF, 0xB6, 0x7B, 0x0E, 0xC3, 0xB0, 0x6C, 0x1B, 0x8E, 0xE3, 0x1F, 0x80, 0x0C, 0x00, 0x0E, 0x00,
    0x07, 0x00, 0x01, 0x00, 0x00, 0x07, 0x1F, 0xF7, 0x38, 0x7E, 0x70, 0x38, 0xE0, 0x1C, 0xC0, 0x1C,
    0xC0, 0x0C, 0xC0, 0x0C, 0xC0, 0x0C, 0xC0, 0x0C, 0xE0, 0x0C, 0x60, 0x18, 0x70, 0x18, 0x38, 0x70,
    0x0F, 0xE0, 0x30, 0x0C, 0x01, 0x80, 0x23, 0x01, 0xCF, 0xB6, 0x7B, 0x0E, 0xC3, 0xB0, 0x6C, 0x1B,
    0x8E, 0xE3, 0x1F, 0x80, 0x07, 0x80, 0x07, 0x80, 0x07, 0x80, 0x03, 0x00, 0x01, 0x07, 0x1F, 0xF7,
    0x38, 0x7E, 0x70, 0x38, 0xE0, 0x1C, 0xC0, 0x1C, 0xC0, 0x0C, 0xC0, 0x0C, 0xC0, 0x0C, 0xC0, 0x0C,
    0xE0, 0x0C, 0x60, 0x18, 0x70, 0x18, 0x38, 0x70, 0x0F, 0xE0, 0x3C, 0x0B, 0x01, 0x80, 0x23, 0x01,
    0xCF, 0xB6, 0x7F, 0x0E, 0xC3, 0xB0, 0x6C, 0x1B, 0x8E, 0xE3, 0x1F, 0x80, 0x00, 0x60, 0x07, 0xC0,
    0x0F, 0x80, 0x00, 0x07, 0x1F, 0xF7, 0x38, 0x7E, 0x70, 0x38, 0xE0, 0x1C, 0xC0, 0x1C, 0xC0, 0x0C,
    0xC0, 0x0C, 0xC0, 0x0C, 0xC0, 0x0C, 0xE0, 0x0C, 0x60, 0x18, 0x70, 0x18, 0x38, 0x70, 0x0F, 0xE0,
    0x01, 0x03, 0xC3, 0xE1, 0x87, 0x00, 0xCF, 0xB6, 0x7B, 0x0E, 0xC3, 0xB0, 0x6C, 0x1B, 0x8E, 0xE3,
    0x1F, 0x80, 0x00, 0x07, 0x1F, 0xF7, 0x38, 0x7E, 0x70, 0x38, 0xE0, 0x1C, 0xC0, 0x1C, 0xC0, 0x0C,
    0xC0, 0x0C, 0xC0, 0x0C, 0xC0, 0x0C, 0xE0, 0x0C, 0x60, 0x18, 0x70, 0x18, 0x38, 0x70, 0x0F, 0xE0,
    0x00, 0x00, 0x00, 0x00, 0x03, 0x00, 0x03, 0x00, 0x01, 0xC0, 0x33, 0xED, 0x9E, 0xC3, 0xB0, 0xEC,
    0x1B, 0x06, 0xE3, 0xB8, 0xC7, 0xE0, 0x00, 0x00, 0x06, 0x01, 0x80, 0xF8, 0x3E, 0x60, 0x30, 0xC0,
    0x61, 0x80, 0x43, 0x00, 0x86, 0x01, 0x0C, 0x02, 0x18, 0x04, 0x30, 0x18, 0x60, 0x30, 0xC0, 0x61,
    0xC0, 0x81, 0xC3, 0x01, 0xFC, 0x00, 0x00, 0x00, 0x00, 0x01, 0x80, 0x03, 0x00, 0x73, 0xC7, 0x1C,
    0x30, 0xC3, 0x0C, 0x30, 0xC3, 0x0C, 0x30, 0xC3, 0x9C, 0x3F, 0xE0, 0x00, 0x00, 0x00, 0x60, 0x06,
    0x00, 0x03, 0xC0, 0x05, 0x80, 0x07, 0x00, 0x0C, 0x00, 0x00, 0x1F, 0x07, 0xCC, 0x06, 0x18, 0x0C,
    0x30, 0x08, 0x60, 0x10, 0xC0, 0x21, 0x80, 0x43, 0x00, 0x86, 0x03, 0x0C, 0x06, 0x18, 0x0C, 0x38,
    0x10, 0x38, 0x60, 0x3F, 0x80, 0x1E, 0x01, 0xE0, 0x06, 0x00, 0x40, 0x00, 0x07, 0x3C, 0x71, 0xC3,
    0x0C, 0x30, 0xC3, 0x0C, 0x30, 0xC3, 0x0C, 0x39, 0xC3, 0xFE, 0x00, 0x40, 0x00, 0xE0, 0x01, 0xC3,
    0x01, 0x03, 0x00, 0x03, 0xF8, 0x3E, 0x30, 0x18, 0x30, 0x18, 0x30, 0x08, 0x30, 0x08, 0x30, 0x08,
    0x30, 0x08, 0x30, 0x08, 0x30, 0x18, 0x30, 0x18, 0x38, 0x18, 0x18, 0x10, 0x1E, 0x30, 0x0F, 0xE0,
    0x03, 0x00, 0x30, 0x06, 0x30, 0x43, 0x00, 0x37, 0x3E, 0x70, 0xC3, 0x0C, 0x30, 0xC3, 0x0C, 0x30,
    0xC3, 0x0C, 0x39, 0xC3, 0xFE, 0x00, 0x00, 0x06, 0x00, 0x07, 0x00, 0x03, 0x83, 0x00, 0x83, 0x00,
    0x03, 0xF8, 0x3E, 0x30, 0x18, 0x30, 0x18, 0x30, 0x08, 0x30, 0x08, 0x30, 0x08, 0x30, 0x08, 0x30,
    0x08, 0x30, 0x18, 0x30, 0x18, 0x38, 0x18, 0x18, 0x10, 0x1E, 0x30, 0x0F, 0xE0, 0x18, 0x01, 0xC0,
    0x0C, 0x30, 0x63, 0x00, 0x37, 0x3E, 0x70, 0xC3, 0x0C, 0x30, 0xC3, 0x0C, 0x30, 0xC3, 0x0C, 0x39,
    0xC3, 0xFE, 0x00, 0x00, 0x03, 0xC0, 0x02, 0xC0, 0x01, 0xC3, 0x01, 0x83, 0x00, 0x03, 0xF8, 0x3E,
    0x30, 0x18, 0x30, 0x18, 0x30, 0x08, 0x30, 0x08, 0x30, 0x08, 0x30, 0x08, 0x30, 0x08, 0x30, 0x18,
    0x30, 0x18, 0x38, 0x18, 0x18, 0x10, 0x1E, 0x30, 0x0F, 0xE0, 0x1E, 0x01, 0xE0, 0x04, 0x10, 0x03,
    0x00, 0x37, 0x3F, 0x70, 0xC3, 0x0C, 0x30, 0xC3, 0x0C, 0x30, 0xC3, 0x0C, 0x39, 0xC3, 0xFE, 0x00,
    0x00, 0x00, 0x30, 0x03, 0xE3, 0x07, 0xC3, 0x00, 0x03, 0xF8, 0x3E, 0x30, 0x18, 0x30, 0x18, 0x30,
    0x08, 0x30, 0x08, 0x30, 0x08, 0x30, 0x08, 0x30, 0x08, 0x30, 0x18, 0x30, 0x18, 0x38, 0x18, 0x18,
    0x10, 0x1E, 0x30, 0x0F, 0xE0, 0x00, 0x80, 0x78, 0x1F, 0x31, 0x03, 0x00, 0x37, 0x3E, 0x70, 0xC3,
    0x0C, 0x30, 0xC3, 0x0C, 0x30, 0xC3, 0x0C, 0x39, 0xC3, 0xFE, 0x00, 0x00, 0x00, 0x03, 0x00, 0x03,
    0x00, 0x03, 0xF8, 0x3E, 0x30, 0x18, 0x30, 0x18, 0x30, 0x08, 0x30, 0x08, 0x30, 0x08, 0x30, 0x08,
    0x30, 0x08, 0x30, 0x18, 0x30, 0x18, 0x38, 0x18, 0x18, 0x10, 0x1E, 0x30, 0x0F, 0xE0, 0x00, 0x00,
    0x00, 0x00, 0x01, 0x80, 0x01, 0x80, 0x00, 0x30, 0x03, 0x00, 0x37, 0x3E, 0x71, 0xC3, 0x0C, 0x30,
    0xC3, 0x0C, 0x30, 0xC3, 0x0C, 0x39, 0xC3, 0xFE, 0x00, 0x00, 0x00, 0x06, 0x00, 0x60, 0x0C, 0x00,
    0x38, 0x00, 0x60, 0x00, 0xC0, 0x00, 0x03, 0xF3, 0xF3, 0x83, 0x0E, 0x18, 0x1C, 0x40, 0x33, 0x00,
    0xE8, 0x01, 0xE0, 0x07, 0x00, 0x0C, 0x00, 0x30, 0x00, 0xC0, 0x03, 0x00, 0x1C, 0x00, 0xFC, 0x00,
    0x18, 0x07, 0x00, 0xC0, 0x18, 0x00, 0x1E, 0xF3, 0x18, 0xC4, 0x1B, 0x06, 0xC1, 0xE0, 0x38, 0x0C,
    0x03, 0x00, 0xC0, 0x20, 0x18, 0x04, 0x07, 0x01, 0xC0, 0x7C, 0x7C, 0xE0, 0xC1, 0xC3, 0x07, 0x18,
    0x0E, 0x40, 0x1B, 0x00, 0x78, 0x00, 0xC0, 0x03, 0x00, 0x0C, 0x00, 0x30, 0x00, 0xC0, 0x03, 0x80,
    0x3F, 0x00, 0x00, 0x00, 0x00, 0x03, 0x00, 0x0C, 0x00, 0x00, 0x00, 0xF3, 0x9C, 0xC3, 0x30, 0xC8,
    0x3E, 0x07, 0x01, 0xC0, 0x30, 0x08, 0x02, 0x01, 0x80, 0x40, 0x36, 0x39, 0x8E, 0x00, 0x07, 0x80,
    0x1E, 0x00, 0x38, 0x00, 0x40, 0x00, 0x03, 0xF3, 0xF3, 0x83, 0x0E, 0x18, 0x1C, 0x40, 0x33, 0x00,
    0xE8, 0x01, 0xE0, 0x07, 0x00, 0x0C, 0x00, 0x30, 0x00, 0xC0, 0x03, 0x00, 0x1C, 0x00, 0xFC, 0x00,
    0x0F, 0x01, 0x60, 0x18, 0x00, 0x00, 0x00, 0xF7, 0x8C, 0x61, 0xCC, 0x19, 0x03, 0x60, 0x78, 0x07,
    0x00, 0xE0, 0x18, 0x03, 0x00, 0x40, 0x18, 0x03, 0x01, 0xC0, 0x38, 0x00, 0x00, 0x60, 0x1F, 0x00,
    0xF8, 0x00, 0x00, 0xFC, 0xFC, 0xE0, 0xC3, 0x86, 0x07, 0x10, 0x0C, 0xC0, 0x3A, 0x00, 0x78, 0x01,
    0xC0, 0x03, 0x00, 0x0C, 0x00, 0x30, 0x00, 0xC0, 0x07, 0x00, 0x3F, 0x00, 0x00, 0x81, 0xE1, 0xF0,
    0x40, 0x00, 0x1E, 0xF3, 0x18, 0xC4, 0x1B, 0x06, 0xC1, 0xE0, 0x38, 0x0C, 0x03, 0x00, 0xC0, 0x20,
    0x18, 0x04, 0x07, 0x01, 0xC0, 0x3B, 0xE4, 0x00, 0x3B, 0xE4, 0x00, 0xFF, 0xEF, 0xF8, 0xFF, 0xC0,
    0xFF, 0xFF, 0xC0, 0xFF, 0xFF, 0xFF, 0xFF, 0xFF, 0xDE, 0xF7, 0xBD, 0xEF, 0x7B, 0xDE, 0xF7, 0xBD,
    0xEF, 0x7B, 0xDE, 0xF7, 0xBD, 0xEE, 0x40, 0x6C, 0x8C, 0xE6, 0x77, 0x31, 0x36, 0x77, 0x31, 0x36,
    0x76, 0xCC, 0x88, 0xCC, 0xEE, 0x66, 0x77, 0x77, 0x33, 0x11, 0x33, 0x6E, 0x77, 0x77, 0x33, 0x11,
    0x33, 0x6E, 0x10, 0x10, 0x10, 0x10, 0xD7, 0xFF, 0x10, 0x38, 0x38, 0x10, 0x10, 0x10, 0x10, 0x10,
    0x10, 0x10, 0x10, 0x10, 0x18, 0x18, 0x10, 0xFF, 0xD7, 0x38, 0x38, 0x10, 0x10, 0x18, 0x38, 0xD7,
    0xFF, 0x18, 0x18, 0x18, 0x77, 0xFF, 0xFF, 0xB8, 0x3C, 0x01, 0x8F, 0x18, 0x00, 0x0C, 0x63, 0xC6,
    0x30, 0xF0, 0x78, 0x60, 0x0F, 0xC6, 0x00, 0xCC, 0xC0, 0x0C, 0xC8, 0x00, 0xCD, 0x80, 0x0C, 0xF0,
    0x00, 0xEF, 0xF1, 0xE7, 0xFF, 0xB6, 0x05, 0x9E, 0x70, 0xD9, 0xE3, 0x19, 0x9E, 0x31, 0x99, 0xE3,
    0x31, 0x9B, 0x66, 0x0F, 0x3E, 0x60, 0x00, 0x00, 0x6D, 0xAC, 0x6D, 0xB6, 0xD2, 0xD8, 0x6D, 0xB6,
    0xDB, 0x69, 0x2D, 0xB0, 0xDD, 0xB2, 0xDB, 0xE6, 0xDB, 0x24, 0xDB, 0x7D, 0x9B, 0x6D, 0xB2, 0x48,
    0x0C, 0x63, 0x9C, 0xE1, 0xC3, 0x86, 0x0C, 0xC1, 0x87, 0x0E, 0x1C, 0xE7, 0x18, 0xC0, 0xCD, 0x9B,
    0x36, 0x6C, 0xD9, 0xB3, 0x66, 0xCC, 0x00, 0x07, 0x7E, 0xFD, 0xC0, 0xE7, 0x9C, 0xF6, 0xBD, 0xEC,
    0x42, 0x00, 0xC6, 0x30, 0xFF, 0x80, 0x00, 0x60, 0x18, 0x03, 0x00, 0xC0, 0x18, 0x06, 0x01, 0x80,
    0x30, 0x0C, 0x01, 0x80, 0x60, 0x18, 0x03, 0x00, 0xC0, 0x18, 0x06, 0x00, 0xE3, 0x9E, 0x78, 0x61,
    0x84, 0x10, 0x82, 0x71, 0xDE, 0x7B, 0x0C, 0x41, 0x08, 0x20, 0x00, 0x30, 0xC7, 0x1C, 0xC3, 0x00,
    0xE1, 0xF8, 0xC6, 0x61, 0x30, 0x99, 0xCD, 0xE6, 0xC3, 0x41, 0x20, 0x00, 0x0C, 0x77, 0x3B, 0x1C,
    0xCE, 0x67, 0xB0, 0x78, 0x1C, 0x0E, 0x1F, 0x1F, 0x8C, 0xC4, 0x02, 0x00, 0x1C, 0xCE, 0x77, 0x30,
    0xFF, 0x01, 0xFC, 0x1F, 0xE1, 0xFE, 0x1F, 0xE1, 0xFE, 0x1F, 0xE1, 0xFE, 0x1F, 0xE1, 0xFC, 0x1F,
    0x81, 0x80, 0x10, 0x01, 0x00, 0x10, 0x01, 0x70, 0x17, 0x81, 0x08, 0x19, 0x80, 0xF0, 0x10, 0x2B,
    0xF3, 0xC7, 0xCE, 0x84, 0x00, 0x6D, 0xB6, 0xDB, 0x6D, 0xE4, 0x96, 0xDB, 0x40, 0x38, 0xD9, 0xB6,
    0x6C, 0xCD, 0x9B, 0x3C, 0x60, 0x26, 0x66, 0x67, 0x08, 0x30, 0x61, 0xC5, 0x9F, 0xC6, 0x0C, 0x39,
    0xE7, 0x1E, 0x18, 0x61, 0x9C, 0x0C, 0x71, 0xC3, 0xEE, 0xD9, 0x9B, 0x3E, 0xFE, 0x31, 0x86, 0x30,
    0x86, 0x00, 0x7B, 0xEF, 0x9C, 0x7B, 0x6F, 0x9E, 0x38, 0xDB, 0x37, 0x67, 0xC1, 0x86, 0x38, 0x10,
    0x60, 0xC7, 0xF3, 0x06, 0x0C, 0x00, 0xFE, 0x7F, 0x00, 0x7F, 0x11, 0x88, 0xC6, 0x63, 0x0C, 0x63,
    0x0C, 0x20, 0x43, 0x0C, 0x63, 0x18, 0xC6, 0x33, 0x18, 0x80, 0x00, 0x7E, 0x76, 0x66, 0x66, 0x77,
    0x38, 0xD9, 0xB6, 0x6C, 0xCD, 0x9B, 0x3C, 0x77, 0x18, 0xC6, 0x33, 0xE0, 0x7B, 0x61, 0x86, 0x31,
    0x9F, 0xC0, 0x79, 0x61, 0x9E, 0x19, 0x67, 0x00, 0x00, 0x10, 0x61, 0xC5, 0x9F, 0xC6, 0x0C, 0x79,
    0x07, 0x8E, 0x18, 0x67, 0x00, 0x0C, 0x71, 0xC3, 0xEE, 0xD9, 0x9B, 0x3E, 0xFE, 0x31, 0x86, 0x30,
    0x86, 0x00, 0x7B, 0xEF, 0x9C, 0x7B, 0x6F, 0x9E, 0x38, 0xDB, 0x37, 0x67, 0xC1, 0x86, 0x38, 0x10,
    0x60, 0xC7, 0xF3, 0x06, 0x0C, 0x00, 0xFE, 0x7F, 0x00, 0x00, 0x7F, 0x11, 0x98, 0xC6, 0x63, 0x8C,
    0x63, 0x0C, 0x20, 0x43, 0x08, 0x63, 0x18, 0xC6, 0x31, 0x18, 0x80, 0x00, 0x38, 0xB0, 0x63, 0xCF,
    0x8F, 0x80, 0x39, 0xBF, 0xF0, 0x61, 0xE0, 0x38, 0xDB, 0x37, 0x66, 0xCF, 0x00, 0xFD, 0xE3, 0x1E,
    0xFC, 0xF2, 0x61, 0xBE, 0xDB, 0xC0, 0x60, 0x60, 0x60, 0x60, 0x7E, 0x76, 0x66, 0x66, 0x66, 0x77,
    0x00, 0x70, 0x60, 0x60, 0x60, 0x6E, 0x78, 0x78, 0x6C, 0x7F, 0x26, 0x66, 0x66, 0x66, 0x67, 0x00,
    0x1F, 0xE7, 0xF9, 0xB6, 0x6D, 0x9B, 0x67, 0xFC, 0x00, 0x7E, 0x76, 0x66, 0x66, 0x66, 0x77, 0x00,
    0x7E, 0x76, 0x66, 0x66, 0x76, 0x7C, 0x60, 0x60, 0x70, 0xF6, 0xB8, 0xEB, 0x78, 0x4F, 0xCC, 0xCE,
    0x70, 0x00, 0x90, 0x0D, 0x80, 0x6C, 0x1F, 0xE3, 0xB7, 0xB9, 0xAD, 0x8B, 0x78, 0xD8, 0xC7, 0x86,
    0x6C, 0x33, 0x41, 0x96, 0x0F, 0xB0, 0x3F, 0x05, 0xD8, 0x67, 0xC7, 0x3F, 0xF3, 0x60, 0x1A, 0x00,
    0x7F, 0xE7, 0x0C, 0x60, 0x8C, 0x01, 0x80, 0x31, 0x07, 0xE0, 0xC4, 0x18, 0x83, 0x03, 0xFE, 0x0C,
    0x03, 0x80, 0xFC, 0x00, 0x07, 0xC3, 0xB0, 0xC4, 0x70, 0x18, 0x06, 0x07, 0xF0, 0x60, 0x7F, 0x0E,
    0x03, 0x0C, 0xC3, 0x78, 0x7F, 0xFC, 0xF8, 0x03, 0x00, 0x30, 0x02, 0x0F, 0xFE, 0xEE, 0xE6, 0x66,
    0x66, 0x66, 0x66, 0x66, 0x66, 0x66, 0x66, 0x6F, 0xFF, 0x0C, 0x00, 0xC0, 0x0C, 0x00, 0x80, 0x7C,
    0x0F, 0x83, 0xC0, 0x40, 0x3C, 0x08, 0x07, 0x81, 0x00, 0xB8, 0x20, 0x13, 0x84, 0x1F, 0xFF, 0xF0,
    0x47, 0x10, 0x08, 0x72, 0x01, 0x07, 0x40, 0x20, 0x78, 0x04, 0x07, 0x01, 0xC0, 0xE0, 0x7C, 0x0C,
    0x00, 0x7F, 0x81, 0xC7, 0x06, 0x18, 0xFF, 0xF1, 0x86, 0x0C, 0x30, 0x63, 0x83, 0x38, 0x1F, 0x80,
    0xC0, 0x06, 0x00, 0x30, 0x03, 0x80, 0x3F, 0x00, 0x7F, 0xC0, 0x06, 0x38, 0x01, 0x8E, 0x00, 0x61,
    0x80, 0x18, 0x60, 0x06, 0x31, 0xF1, 0xF8, 0xEC, 0x7E, 0x39, 0x19, 0xCF, 0x06, 0x31, 0xF1, 0x8E,
    0x1C, 0x61, 0xC3, 0x38, 0x38, 0xDF, 0x87, 0xE0, 0xFF, 0xFF, 0xF7, 0x1D, 0x8C, 0x38, 0xD0, 0x83,
    0x8F, 0x18, 0x18, 0x71, 0x81, 0xC7, 0x10, 0x7F, 0xFF, 0xE0, 0xE7, 0x30, 0x0E, 0xFA, 0x00, 0x69,
    0xA0, 0x07, 0x9E, 0x00, 0x39, 0xC0, 0x03, 0x0C, 0x00, 0x30, 0xC0, 0x00, 0x00, 0x00, 0xFF, 0x1F,
    0xFE, 0x7E, 0x39, 0xF8, 0x67, 0xED, 0x9F, 0xB6, 0x7E, 0xD9, 0xFB, 0x67, 0xED, 0x9F, 0xB0, 0xFE,
    0xFF, 0xBB, 0xFE, 0xEF, 0xF0, 0x01, 0x01, 0xC0, 0x30, 0x7F, 0x03, 0x00, 0xC3, 0xF1, 0x9C, 0xC3,
    0x30, 0xCC, 0x33, 0x0C, 0xE7, 0x9F, 0xE0, 0x01, 0xFE, 0x3F, 0x00, 0x01, 0xFE, 0x07, 0x86, 0x0E,
    0x02, 0x0C, 0x02, 0x1C, 0x00, 0x7F, 0xF8, 0x1C, 0x00, 0x7F, 0xF8, 0x1C, 0x00, 0x1C, 0x00, 0x0E,
    0x03, 0x07, 0x06, 0x07, 0x8E, 0x01, 0xFC, 0x7E, 0x7E, 0x70, 0xE0, 0x63, 0x80, 0xCC, 0x01, 0x90,
    0x03, 0x40, 0x1F, 0xFF, 0x0F, 0x80, 0x1B, 0x80, 0x33, 0x80, 0x63, 0x80, 0xC7, 0x83, 0x87, 0x8F,
    0xCF, 0xC0, 0x00, 0x01, 0x80, 0x07, 0xFF, 0xF0, 0xC3, 0x83, 0x04, 0x0C, 0x40, 0x3F, 0x00, 0xF0,
    0x0F, 0x30, 0xEF, 0x80, 0x78, 0x0F, 0xC0, 0x33, 0x00, 0x0C, 0x00, 0x70, 0x03, 0xF0, 0x7F, 0x81,
    0xC7, 0x1F, 0xFE, 0x30, 0xC1, 0x86, 0x3F, 0xFC, 0x63, 0x83, 0x38, 0x1F, 0x80, 0xC0, 0x06, 0x00,
    0x30, 0x03, 0x80, 0x3F, 0x00, 0x01, 0x00, 0x04, 0x00, 0xFF, 0x0E, 0x4C, 0x71, 0x11, 0x84, 0x0E,
    0x10, 0x30, 0x40, 0xC1, 0x03, 0x07, 0xFC, 0x13, 0xB8, 0x4C, 0xE1, 0x31, 0xC4, 0xC3, 0x97, 0x83,
    0xF8, 0x01, 0x00, 0x04, 0x00, 0x7E, 0x0C, 0x61, 0x86, 0x00, 0xC0, 0x39, 0xFF, 0x87, 0xC7, 0xFE,
    0x70, 0x0C, 0x01, 0x82, 0x30, 0xC7, 0x18, 0x7E, 0x00, 0x01, 0x80, 0x0C, 0x03, 0xFC, 0x72, 0x77,
    0x11, 0xB0, 0x8F, 0x0C, 0x18, 0x60, 0xC3, 0x06, 0x18, 0x30, 0xC1, 0xC4, 0x06, 0x20, 0xB9, 0x0C,
    0xF8, 0xE1, 0xFE, 0x06, 0x00, 0x30, 0x00, 0xFF, 0xF0, 0x00, 0xC0, 0x3F, 0xFF, 0xC6, 0x28, 0x62,
    0x06, 0x00, 0x60, 0x06, 0x00, 0x60, 0x06, 0x00, 0x60, 0x0E, 0x01, 0xF8, 0xFF, 0xFF, 0xE0, 0xE0,
    0x38, 0xFF, 0xC3, 0x01, 0xC3, 0xC0, 0x70, 0x0E, 0x01, 0x80, 0x70, 0x0E, 0x01, 0xE0, 0x38, 0x7E,
    0x0E, 0x01, 0x80, 0x68, 0x3E, 0x3E, 0x01, 0xF1, 0xE0, 0x18, 0xC6, 0x31, 0x84, 0x63, 0x3F, 0x9F,
    0xC0, 0x07, 0xE0, 0x03, 0x00, 0x3F, 0x00, 0xFF, 0x83, 0x9B, 0x07, 0x33, 0x0C, 0x66, 0x18, 0xCC,
    0x31, 0x88, 0x63, 0x10, 0xDF, 0xA1, 0x80, 0x43, 0x01, 0x8E, 0x03, 0x3E, 0x0F, 0x80, 0x7F, 0x87,
    0x38, 0x63, 0x8C, 0x31, 0x86, 0x30, 0xC6, 0x18, 0xC6, 0x7F, 0x83, 0x01, 0xFF, 0x0C, 0x01, 0x80,
    0xFC, 0x00, 0x08, 0x00, 0x03, 0x00, 0x00, 0xE0, 0x00, 0x38, 0x00, 0x0F, 0xFF, 0xFE, 0xE0, 0x00,
    0x0E, 0x00, 0x00, 0xC0, 0x00, 0x08, 0x00, 0x00, 0x00, 0x04, 0x07, 0x07, 0xC7, 0xF7, 0x4C, 0x20,
    0x10, 0x08, 0x04, 0x02, 0x01, 0x00, 0x80, 0x40, 0x20, 0x10, 0x08, 0x04, 0x02, 0x00, 0x00, 0x02,
    0x00, 0x00, 0x60, 0x00, 0x0E, 0x00, 0x00, 0xEF, 0xFF, 0xFE, 0x00, 0x03, 0x80, 0x00, 0xE0, 0x00,
    0x18, 0x00, 0x02, 0x00, 0x08, 0x04, 0x02, 0x01, 0x00, 0x80, 0x40, 0x20, 0x10, 0x08, 0x04, 0x02,
    0x01, 0x00, 0x86, 0x4D, 0xFC, 0x7C, 0x1C, 0x0E, 0x02, 0x00, 0x08, 0x02, 0x03, 0x00, 0x60, 0xE0,
    0x0E, 0x38, 0x00, 0xEF, 0xFF, 0xFE, 0xE0, 0x03, 0x8E, 0x00, 0xE0, 0xC0, 0x18, 0x08, 0x02, 0x00,
    0x00, 0x04, 0x07, 0x07, 0xC7, 0xF7, 0x5C, 0x20, 0x10, 0x08, 0x04, 0x02, 0x01, 0x00, 0x80, 0x41,
    0xAC, 0xFE, 0x3E, 0x0E, 0x02, 0x00, 0x00, 0xE0, 0x00, 0xFE, 0x00, 0x7C, 0x00, 0x78, 0x00, 0x7C,
    0x00, 0x6E, 0x00, 0x47, 0x00, 0x03, 0x80, 0x01, 0xC0, 0x00, 0xE0, 0x00, 0x70, 0x00, 0x38, 0x00,
    0x1C, 0x00, 0x0E, 0x00, 0x07, 0x00, 0x03, 0x00, 0x03, 0x00, 0x1F, 0x80, 0x03, 0xC0, 0x01, 0xE0,
    0x01, 0xB0, 0x01, 0x98, 0x01, 0x8C, 0x01, 0x80, 0x01, 0x80, 0x01, 0x80, 0x01, 0x80, 0x01, 0x80,
    0x01, 0x80, 0x01, 0x80, 0x01, 0x80, 0x00, 0x80, 0x00, 0xC0, 0x00, 0xE0, 0x00, 0x70, 0x00, 0x30,
    0x00, 0x18, 0x00, 0x0C, 0x00, 0x06, 0x00, 0x03, 0x00, 0x01, 0x80, 0x00, 0xC6, 0x00, 0x66, 0x00,
    0x36, 0x00, 0x1E, 0x00, 0x3E, 0x00, 0xFE, 0x00, 0x06, 0x00, 0x03, 0x00, 0x07, 0x00, 0x0E, 0x00,
    0x1C, 0x00, 0x38, 0x00, 0x70, 0x00, 0xE0, 0x00, 0xC0, 0x01, 0x80, 0x43, 0x00, 0x46, 0x00, 0x6C,
    0x00, 0x78, 0x00, 0x70, 0x00, 0xFE, 0x00, 0xFC, 0x00, 0x00, 0x06, 0x00, 0x01, 0x80, 0x00, 0x30,
    0x00, 0x0C, 0x00, 0x81, 0x80, 0x30, 0x30, 0x0E, 0x0C, 0x03, 0x81, 0x80, 0xFF, 0xFF, 0xEE, 0x0C,
    0x00, 0xE1, 0x00, 0x0C, 0x60, 0x00, 0x8C, 0x00, 0x03, 0x00, 0x00, 0x60, 0x00, 0x08, 0x00, 0x00,
    0x06, 0x00, 0x01, 0x80, 0x00, 0x30, 0x00, 0x04, 0x00, 0x01, 0xA0, 0x00, 0x36, 0x00, 0x0C, 0xE0,
    0x01, 0x8E, 0xFF, 0xFF, 0xE0, 0x0C, 0x38, 0x01, 0x8E, 0x00, 0x61, 0x80, 0x0C, 0x00, 0x01, 0x00,
    0x00, 0x60, 0x00, 0x0C, 0x00, 0x08, 0x80, 0x03, 0x30, 0x00, 0xEE, 0x00, 0x3B, 0x80, 0x0F, 0xFF,
    0xFE, 0xEE, 0x00, 0x0E, 0xE0, 0x00, 0xCC, 0x00, 0x08, 0x80, 0x00, 0x00, 0x04, 0x07, 0x07, 0xC7,
    0xF7, 0x4C, 0x70, 0x7C, 0x7F, 0x35, 0x82, 0x01, 0x00, 0x80, 0x40, 0x20, 0x10, 0x08, 0x04, 0x02,
    0x00, 0x00, 0x62, 0x00, 0x06, 0x60, 0x00, 0xCE, 0x00, 0x0E, 0xEF, 0xFF, 0xFE, 0x00, 0x3B, 0x80,
    0x0E, 0xE0, 0x01, 0x98, 0x00, 0x62, 0x00, 0x08, 0x04, 0x02, 0x01, 0x00, 0x80, 0x40, 0x20, 0x10,
    0x08, 0x35, 0x9F, 0xC7, 0xC1, 0xC7, 0x5D, 0xFC, 0x7C, 0x1C, 0x04, 0x00, 0x00, 0x08, 0x00, 0x06,
    0x00, 0x23, 0x80, 0x19, 0xC0, 0x0C, 0xFF, 0xFE, 0x1C, 0x01, 0xC3, 0x80, 0x38, 0x60, 0x06, 0x08,
    0x00, 0x80, 0x00, 0x0C, 0x00, 0x01, 0x80, 0x00, 0x20, 0x00, 0x0C, 0x00, 0x81, 0xA0, 0x30, 0x66,
    0x0E, 0x0C, 0xE3, 0x81, 0x0E, 0xFF, 0xFF, 0xEE, 0x0C, 0x38, 0xE3, 0x0E, 0x0C, 0x61, 0x80, 0x88,
    0x00, 0x03, 0x00, 0x00, 0x60, 0x00, 0x18, 0x00, 0x08, 0x00, 0x03, 0x00, 0x00, 0xE0, 0x00, 0x3F,
    0xFF, 0xFE, 0x00, 0x01, 0xC0, 0x00, 0x0F, 0xFF, 0xF8, 0xC0, 0x00, 0x08, 0x00, 0x00, 0x00, 0x18,
    0x3C, 0x3E, 0x66, 0xE7, 0x24, 0x24, 0x24, 0x24, 0x24, 0x24, 0x24, 0x24, 0x24, 0x24, 0x24, 0x24,
    0x24, 0x00, 0x00, 0x00, 0x00, 0x60, 0x00, 0x0E, 0x7F, 0xFF, 0xE0, 0x00, 0x1E, 0x00, 0x03, 0xBF,
    0xFF, 0xE0, 0x00, 0x18, 0x00, 0x02, 0x00, 0x24, 0x24, 0x24, 0x24, 0x24, 0x24, 0x24, 0x24, 0x24,
    0x24, 0x24, 0x24, 0x24, 0xE7, 0x66, 0x7C, 0x3C, 0x18, 0x00, 0x00, 0x00, 0x03, 0x00, 0x00, 0xFF,
    0xFF, 0xB8, 0x00, 0x0F, 0xFF, 0xFE, 0xE0, 0x00, 0x0F, 0xFF, 0xF8, 0xC0, 0x00, 0x00, 0x00, 0x00,
    0x00, 0x63, 0xFF, 0xFE, 0x00, 0x00, 0xEF, 0xFF, 0xFE, 0x00, 0x03, 0xBF, 0xFF, 0xC0, 0x00, 0x10,
    0x78, 0x0E, 0x03, 0x80, 0xE0, 0x30, 0x1C, 0x7E, 0xEF, 0xE1, 0xE0, 0xF0, 0x7C, 0x3E, 0x1B, 0x98,
    0xF8, 0x00, 0xC0, 0xFE, 0x0E, 0x78, 0xE3, 0xEE, 0x1B, 0x61, 0x9F, 0x0C, 0x78, 0xC3, 0xC6, 0x3E,
    0x61, 0x9B, 0x1C, 0xFB, 0xC1, 0xFC, 0x0C, 0x00, 0xC0, 0x00, 0x01, 0x00, 0x1C, 0x00, 0xE0, 0x0F,
    0x00, 0x5C, 0x06, 0x60, 0x23, 0x83, 0x1C, 0x10, 0x61, 0x83, 0x8C, 0x1C, 0xC0, 0x67, 0xFF, 0xFF,
    0xFC, 0x7F, 0xF7, 0xFF, 0xB8, 0x0D, 0xC0, 0x66, 0x06, 0x38, 0x30, 0xC3, 0x07, 0x18, 0x39, 0x80,
    0xCC, 0x07, 0xC0, 0x3E, 0x00, 0xE0, 0x07, 0x00, 0x10, 0x00, 0x7F, 0xFF, 0x1F, 0xFF, 0x06, 0x03,
    0x03, 0x01, 0x81, 0x80, 0xC0, 0xC0, 0x60, 0x60, 0x30, 0x30, 0x18, 0x18, 0x0C, 0x0C, 0x06, 0x06,
    0x03, 0x03, 0x01, 0x81, 0x80, 0xE3, 0xF1, 0xFC, 0x00, 0x00, 0x7E, 0x3F, 0x9E, 0x0F, 0x06, 0x03,
    0x03, 0x01, 0x81, 0x80, 0xC0, 0xC0, 0x60, 0x60, 0x30, 0x30, 0x18, 0x18, 0x0C, 0x0C, 0x06, 0x06,
    0x03, 0x03, 0x01, 0x81, 0x80, 0xE3, 0xFF, 0xF8, 0x00, 0x00, 0x7F, 0xCF, 0x0C, 0xE1, 0x8E, 0x00,
    0xE0, 0x1E, 0x01, 0xC0, 0x1C, 0x03, 0x00, 0xC0, 0x30, 0x0E, 0x03, 0x86, 0x61, 0xDF, 0xF3, 0xFE,
    0xFF, 0xFF, 0xF8, 0x00, 0x1F, 0xFC, 0x10, 0x02, 0x00, 0x40, 0x08, 0x01, 0x07, 0xFF, 0x04, 0x00,
    0x80, 0x10, 0x02, 0x00, 0x40, 0x03, 0x03, 0x06, 0x06, 0x04, 0x0C, 0x0C, 0x18, 0x18, 0x30, 0x30,
    0x20, 0x60, 0x60, 0xC0, 0x80, 0xC0, 0x60, 0x60, 0x60, 0x30, 0x30, 0x18, 0x18, 0x08, 0x0C, 0x0C,
    0x06, 0x06, 0x03, 0x03, 0x01, 0x1B, 0x00, 0x01, 0xE0, 0x38, 0x0C, 0x01, 0x80, 0x20, 0x84, 0x39,
    0x83, 0x30, 0x66, 0x0E, 0x80, 0xD0, 0x1E, 0x03, 0xC0, 0x70, 0x06, 0x00, 0xC0, 0x00, 0x00, 0x00,
    0x01, 0xF1, 0xEF, 0xEF, 0xF3, 0xE3, 0x87, 0x06, 0x0E, 0x1C, 0x7C, 0xFF, 0x7F, 0x78, 0xF8, 0xBF,
    0xFF, 0xFF, 0xFF, 0xFF, 0x80, 0x08, 0x06, 0x03, 0x01, 0xA0, 0xF0, 0x78, 0x38, 0x1C, 0x0C, 0x06,
    0x07, 0x03, 0x81, 0xC1, 0xE0, 0xF0, 0xD8, 0x6C, 0x26, 0x03, 0x01, 0x80, 0x80, 0x00, 0x9F, 0xFF,
    0xFF, 0xFF, 0xFF, 0xFF, 0xFF, 0xFF, 0xFF, 0xFF, 0xB0, 0x12, 0x0F, 0x07, 0x83, 0xF1, 0xF8, 0xF8,
    0x7C, 0x3C, 0x1E, 0x0F, 0x07, 0x83, 0xC3, 0xE1, 0xF1, 0xF8, 0xFC, 0x5E, 0x0F, 0x07, 0x83, 0xC1,
    0x60, 0x00, 0x01, 0xE0, 0x6C, 0x08, 0x83, 0x00, 0x60, 0x0C, 0x01, 0x80, 0x30, 0x06, 0x00, 0xC0,
    0x18, 0x07, 0x00, 0xC0, 0x18, 0x03, 0x00, 0x60, 0xC8, 0x1E, 0x00, 0x6C, 0x00, 0x1B, 0x00, 0x20,
    0x7D, 0xF7, 0xC0, 0x00, 0x01, 0x01, 0x81, 0x80, 0x82, 0xC7, 0xFF, 0x7C, 0x60, 0x30, 0x30, 0x18,
    0x08, 0x00, 0x30, 0x7F, 0xF7, 0xC4, 0x0F, 0xBE, 0xF8, 0x00, 0x01, 0x80, 0xC0, 0x33, 0xFF, 0x06,
    0x03, 0x00, 0xC3, 0xFF, 0x18, 0x0C, 0x02, 0x00, 0x80, 0x00, 0x40, 0x78, 0x3C, 0x3E, 0x0E, 0x01,
    0xE0, 0x0F, 0x80, 0x3C, 0x01, 0xCF, 0xFB, 0xFF, 0x80, 0xC0, 0x1E, 0x00, 0xF8, 0x07, 0xC0, 0x1C,
    0x07, 0x83, 0xC3, 0xE0, 0xE0, 0x1F, 0xFB, 0xFF, 0x80, 0x00, 0xC3, 0x03, 0x8F, 0x0F, 0x3C, 0x3C,
    0xF0, 0xF3, 0xC0, 0xE3, 0x80, 0x79, 0xE0, 0x1E, 0x78, 0x07, 0x9E, 0x01, 0xC7, 0x00, 0x00, 0xC3,
    0x00, 0xF3, 0xC0, 0x3C, 0xF0, 0x0F, 0x3C, 0x03, 0xCF, 0x03, 0xC7, 0x0F, 0x1E, 0x3C, 0x78, 0x71,
    0xE0, 0xC3, 0x00, 0x00, 0x00, 0x00, 0x00, 0xC0, 0x2C, 0x1E, 0x0F, 0x0F, 0x0F, 0xC3, 0xE0, 0x78,
    0x07, 0x83, 0x78, 0xC7, 0x60, 0x18, 0x00, 0x00, 0x00, 0xCC, 0x23, 0xD8, 0x3E, 0x03, 0xC0, 0xFC,
    0x67, 0x1F, 0x07, 0x07, 0x03, 0xC0, 0x60, 0x18, 0x00, 0x1B, 0x00, 0x00, 0x19, 0x9B, 0x33, 0x00,
    0x00, 0x7C, 0x3F, 0x31, 0x9C, 0x0C, 0x60, 0x31, 0x80, 0xC6, 0x07, 0xFF, 0x0C, 0x60, 0x31, 0x80,
    0xC6, 0x03, 0x18, 0x0C, 0x60, 0x31, 0x80, 0xC6, 0x0F, 0xBE, 0x00, 0x0F, 0xC3, 0x38, 0xC3, 0x18,
    0x03, 0x00, 0x60, 0x1F, 0xF1, 0x8C, 0x31, 0x86, 0x30, 0xC6, 0x18, 0xC3, 0x18, 0x63, 0x3E, 0xF8,
    0x0F, 0x83, 0x30, 0xC6, 0x18, 0xC3, 0x18, 0x63, 0x3F, 0xE1, 0x8C, 0x31, 0x86, 0x30, 0xC6, 0x18,
    0xC3, 0x18, 0x63, 0x3E, 0xF8, 0x00, 0x3E, 0x07, 0xE3, 0x06, 0x71, 0x86, 0x30, 0x03, 0x18, 0x01,
    0x8C, 0x01, 0xFF, 0xF8, 0x63, 0x1C, 0x31, 0x86, 0x18, 0xC3, 0x0C, 0x61, 0x86, 0x30, 0xC3, 0x18,
    0x61, 0x8C, 0x33, 0xEF, 0xFC, 0x00, 0x7C, 0x0F, 0xCC, 0x19, 0xCC, 0x31, 0x8C, 0x31, 0x8C, 0x31,
    0x8C, 0x7F, 0xFC, 0x31, 0x8C, 0x31, 0x8C, 0x31, 0x8C, 0x31, 0x8C, 0x31, 0x8C, 0x31, 0x8C, 0x31,
    0x8C, 0xFB, 0xFF, 0x0F, 0x80, 0xCC, 0x0C, 0x60, 0x63, 0x03, 0x18, 0x18, 0xC1, 0xCF, 0xC6, 0x30,
    0x31, 0x81, 0x8C, 0x0C, 0x60, 0x63, 0x03, 0x18, 0x18, 0xE3, 0xE3, 0xC0, 0x1F, 0x81, 0xCE, 0x0C,
    0x30, 0x41, 0x83, 0x0C, 0x3E, 0xFD, 0x93, 0x0C, 0x18, 0x70, 0xC1, 0xE6, 0x07, 0x30, 0x19, 0x8C,
    0xCC, 0x3E, 0x7C, 0x00, 0x00, 0x01, 0x80, 0x03, 0xC0, 0x07, 0xE0, 0x0F, 0xF0, 0x1F, 0xF8, 0x3F,
    0xFC, 0x7F, 0xFE, 0xFF, 0x7F, 0x7F, 0xFE, 0x3F, 0xFC, 0x1F, 0xF8, 0x0F, 0xF0, 0x07, 0xE0, 0x03,
    0xC0, 0x01, 0x80, 0x00, 0x00,
};

static const EpdGlyph ebgaramond_10_regularGlyphs[] = {
    { 0, 0, 0, 0, 0, 0, 0 }, // U+0000
    { 0, 0, 67, 0, 0, 0, 0 }, // U+000D
    { 0, 0, 67, 0, 0, 0, 0 }, // U+0020
    { 3, 14, 83, 1, 14, 6, 0 }, // !
    { 4, 6, 110, 1, 14, 3, 6 }, // "
    { 9, 15, 156, 0, 13, 17, 9 }, // #
    { 8, 17, 147, 0, 15, 17, 26 }, // $
    { 13, 15, 217, 1, 14, 25, 43 }, // %
    { 15, 14, 252, 1, 14, 27, 68 }, // &
    { 2, 6, 67, 1, 14, 2, 95 }, // '
    { 5, 20, 105, 1, 15, 13, 97 }, // (
    { 5, 20, 105, 1, 15, 13, 110 }, // )
    { 7, 7, 113, 0, 14, 7, 123 }, // *
    { 12, 11, 197, 1, 11, 17, 130 }, // +
    { 4, 6, 77, 0, 3, 3, 147 }, // ,
    { 6, 3, 91, 0, 6, 3, 150 }, // -
    { 2, 3, 77, 1, 3, 1, 153 }, // .
    { 8, 16, 133, 0, 14, 16, 154 }, // /
    { 9, 14, 160, 1, 14, 16, 170 }, // 0
    { 8, 14, 160, 2, 14, 14, 186 }, // 1
    { 10, 14, 160, 0, 14, 18, 200 }, // 2
    { 9, 15, 160, 0, 14, 17, 218 }, // 3
    { 11, 14, 160, 0, 14, 20, 235 }, // 4
    { 8, 15, 160, 1, 14, 15, 255 }, // 5
    { 9, 15, 160, 1, 15, 17, 270 }, // 6
    { 11, 15, 160, 0, 15, 21, 287 }, // 7
    { 8, 14, 160, 1, 14, 14, 308 }, // 8
    { 9, 14, 160, 0, 14, 16, 322 }, // 9
    { 2, 9, 83, 1, 9, 3, 338 }, // :
    { 4, 12, 76, 0, 9, 6, 341 }, // ;
    { 10, 11, 187, 1, 11, 14, 347 }, // <
    { 10, 5, 189, 1, 8, 7, 361 }, // =
    { 10, 11, 187, 1, 10, 14, 368 }, // >
    { 5, 14, 125, 1, 14, 9, 382 }, // ?
    { 14, 14, 250, 1, 11, 25, 391 }, // @
    { 15, 15, 231, 0, 15, 29, 416 }, // A
    { 12, 14, 196, 0, 14, 21, 445 }, // B
    { 13, 14, 237, 1, 14, 23, 466 }, // C
    { 15, 14, 251, 0, 14, 27, 489 }, // D
    { 12, 14, 188, 0, 14, 21, 516 }, // E
    { 11, 14, 171, 0, 14, 20, 537 }, // F
    { 14, 14, 243, 1, 14, 25, 557 }, // G
    { 16, 14, 270, 1, 14, 28, 582 }, // H
    { 8, 14, 113, 0, 14, 14, 610 }, // I
    { 8, 19, 113, -1, 14, 19, 624 }, // J
    { 15, 14, 227, 0, 14, 27, 643 }, // K
    { 13, 14, 195, 0, 14, 23, 670 }, // L
    { 19, 15, 300, 0, 14, 36, 693 }, // M
    { 16, 14, 264, 0, 14, 28, 729 }, // N
    { 14, 14, 254, 1, 14, 25, 757 }, // O
    { 11, 14, 184, 0, 14, 20, 782 }, // P
    { 18, 20, 254, 1, 14, 45, 802 }, // Q
    { 16, 14, 238, 0, 14, 28, 847 }, // R
    { 9, 14, 155, 0, 14, 16, 875 }, // S
    { 14, 16, 223, 0, 16, 28, 891 }, // T
    { 15, 14, 246, 0, 14, 27, 919 }, // U
    { 15, 14, 224, 0, 14, 27, 946 }, // V
    { 20, 15, 305, 0, 14, 38, 973 }, // W
    { 15, 14, 236, 0, 14, 27, 1011 }, // X
    { 14, 14, 193, -1, 14, 25, 1038 }, // Y
    { 12, 15, 201, 0, 15, 23, 1063 }, // Z
    { 5, 20, 110, 2, 15, 13, 1086 }, // [
    { 8, 16, 133, 0, 14, 16, 1099 }, // <backslash>
    { 5, 20, 110, 0, 15, 13, 1115 }, // ]
    { 9, 7, 167, 1, 13, 8, 1128 }, // ^
    { 11, 1, 167, 0, -3, 2, 1136 }, // _
    { 4, 4, 67, 0, 14, 2, 1138 }, // `
    { 8, 9, 133, 1, 9, 9, 1140 }, // a
    { 11, 17, 172, 0, 16, 24, 1149 }, // b
    { 8, 9, 136, 1, 9, 9, 1173 }, // c
    { 10, 17, 169, 1, 16, 22, 1182 }, // d
    { 8, 9, 130, 1, 9, 9, 1204 }, // e
    { 9, 15, 106, 0, 15, 17, 1213 }, // f
    { 10, 15, 145, 1, 9, 19, 1230 }, // g
    { 11, 16, 172, 0, 16, 22, 1249 }, // h
    { 6, 14, 82, 0, 14, 11, 1271 }, // i
    { 5, 20, 75, -1, 14, 13, 1282 }, // j
    { 11, 16, 156, 0, 16, 22, 1295 }, // k
    { 6, 16, 80, 0, 16, 12, 1317 }, // l
    { 16, 9, 259, 0, 9, 18, 1329 }, // m
    { 12, 10, 176, 0, 10, 15, 1347 }, // n
    { 9, 9, 165, 1, 9, 11, 1362 }, // o
    { 10, 16, 173, 0, 10, 20, 1373 }, // p
    { 11, 16, 174, 1, 10, 22, 1393 }, // q
    { 8, 10, 111, 0, 10, 10, 1415 }, // r
    { 6, 9, 108, 0, 9, 7, 1425 }, // s
    { 7, 11, 105, 0, 11, 10, 1432 }, // t
    { 12, 9, 176, 0, 9, 14, 1442 }, // u
    { 10, 9, 146, 0, 9, 12, 1456 }, // v
    { 15, 9, 228, 0, 9, 17, 1468 }, // w
    { 9, 9, 143, 0, 9, 11, 1485 }, // x
    { 10, 15, 146, -1, 9, 19, 1496 }, // y
    { 8, 10, 126, 0, 10, 10, 1515 }, // z
    { 7, 19, 125, 1, 15, 17, 1525 }, // {
    { 2, 23, 87, 2, 16, 6, 1542 }, // |
    { 7, 20, 125, 0, 15, 18, 1548 }, // }
    { 9, 4, 167, 0, 9, 5, 1566 }, // ~
    { 0, 0, 67, 0, 0, 0, 1571 }, // U+00A0
    { 3, 15, 83, 1, 11, 6, 1571 }, // U+00A1
    { 8, 13, 141, 1, 13, 13, 1577 }, // U+00A2
    { 10, 15, 163, 0, 15, 19, 1590 }, // U+00A3
    { 10, 11, 169, 0, 12, 14, 1609 }, // U+00A4
    { 14, 14, 190, -1, 14, 25, 1623 }, // U+00A5
    { 2, 23, 87, 2, 16, 6, 1648 }, // U+00A6
    { 7, 17, 133, 1, 14, 15, 1654 }, // U+00A7
    { 6, 3, 100, 1, 14, 3, 1669 }, // U+00A8
    { 13, 13, 222, 1, 13, 22, 1672 }, // U+00A9
    { 7, 7, 103, 0, 11, 7, 1694 }, // U+00AA
    { 11, 9, 198, 1, 9, 13, 1701 }, // U+00AB
    { 12, 8, 200, 0, 8, 12, 1714 }, // U+00AC
    { 6, 3, 91, 0, 6, 3, 1726 }, // U+00AD
    { 13, 13, 222, 1, 13, 22, 1729 }, // U+00AE
    { 6, 1, 100, 0, 12, 1, 1751 }, // U+00AF
    { 5, 5, 97, 1, 14, 4, 1752 }, // U+00B0
    { 11, 13, 197, 1, 14, 18, 1756 }, // U+00B1
    { 6, 7, 100, 0, 17, 6, 1774 }, // U+00B2
    { 6, 8, 95, 0, 17, 6, 1780 }, // U+00B3
    { 4, 4, 67, 0, 14, 2, 1786 }, // U+00B4
    { 10, 15, 179, 2, 9, 19, 1788 }, // U+00B5
    { 12, 20, 198, 0, 14, 30, 1807 }, // U+00B6
    { 2, 3, 67, 1, 6, 1, 1837 }, // U+00B7
    { 4, 7, 67, 0, 0, 4, 1838 }, // U+00B8
    { 5, 8, 86, 0, 18, 5, 1842 }, // U+00B9
    { 7, 7, 103, 0, 11, 7, 1847 }, // U+00BA
    { 11, 9, 198, 1, 9, 13, 1854 }, // U+00BB
    { 14, 17, 219, 0, 15, 30, 1867 }, // U+00BC
    { 14, 17, 239, 0, 16, 30, 1897 }, // U+00BD
    { 14, 17, 211, 0, 15, 30, 1927 }, // U+00BE
    { 5, 15, 125, 1, 11, 10, 1957 }, // U+00BF
    { 15, 19, 231, 0, 19, 36, 1967 }, // U+00C0
    { 15, 19, 231, 0, 19, 36, 2003 }, // U+00C1
    { 15, 18, 231, 0, 18, 34, 2039 }, // U+00C2
    { 15, 18, 231, 0, 18, 34, 2073 }, // U+00C3
    { 15, 18, 231, 0, 18, 34, 2107 }, // U+00C4
    { 15, 19, 231, 0, 19, 36, 2141 }, // U+00C5
    { 19, 14, 291, 0, 14, 34, 2177 }, // U+00C6
    { 13, 20, 237, 1, 14, 33, 2211 }, // U+00C7
    { 12, 19, 188, 0, 19, 29, 2244 }, // U+00C8
    { 12, 19, 188, 0, 19, 29, 2273 }, // U+00C9
    { 12, 18, 188, 0, 18, 27, 2302 }, // U+00CA
    { 12, 18, 188, 0, 18, 27, 2329 }, // U+00CB
    { 8, 19, 113, 0, 19, 19, 2356 }, // U+00CC
    { 8, 19, 113, 0, 19, 19, 2375 }, // U+00CD
    { 8, 18, 113, 0, 18, 18, 2394 }, // U+00CE
    { 8, 18, 113, 0, 18, 18, 2412 }, // U+00CF
    { 15, 14, 251, 0, 14, 27, 2430 }, // U+00D0
    { 16, 19, 264, 0, 19, 38, 2457 }, // U+00D1
    { 14, 19, 254, 1, 19, 34, 2495 }, // U+00D2
    { 14, 19, 254, 1, 19, 34, 2529 }, // U+00D3
    { 14, 18, 254, 1, 18, 32, 2563 }, // U+00D4
    { 14, 18, 254, 1, 18, 32, 2595 }, // U+00D5
    { 14, 18, 254, 1, 18, 32, 2627 }, // U+00D6
    { 9, 9, 200, 2, 10, 11, 2659 }, // U+00D7
    { 15, 15, 258, 0, 15, 29, 2670 }, // U+00D8
    { 15, 19, 246, 0, 19, 36, 2699 }, // U+00D9
    { 15, 19, 246, 0, 19, 36, 2735 }, // U+00DA
    { 15, 18, 246, 0, 18, 34, 2771 }, // U+00DB
    { 15, 18, 246, 0, 18, 34, 2805 }, // U+00DC
    { 14, 19, 193, -1, 19, 34, 2839 }, // U+00DD
    { 11, 14, 186, 0, 14, 20, 2873 }, // U+00DE
    { 10, 15, 168, 0, 15, 19, 2893 }, // U+00DF
    { 8, 14, 133, 1, 14, 14, 2912 }, // U+00E0
    { 8, 14, 133, 1, 14, 14, 2926 }, // U+00E1
    { 8, 14, 133, 1, 14, 14, 2940 }, // U+00E2
    { 8, 14, 133, 1, 14, 14, 2954 }, // U+00E3
    { 8, 14, 133, 1, 14, 14, 2968 }, // U+00E4
    { 8, 14, 133, 1, 14, 14, 2982 }, // U+00E5
    { 11, 9, 186, 1, 9, 13, 2996 }, // U+00E6
    { 7, 15, 136, 1, 9, 14, 3009 }, // U+00E7
    { 8, 14, 130, 1, 14, 14, 3023 }, // U+00E8
    { 8, 14, 130, 1, 14, 14, 3037 }, // U+00E9
    { 8, 14, 130, 1, 14, 14, 3051 }, // U+00EA
    { 7, 14, 130, 1, 14, 13, 3065 }, // U+00EB
    { 6, 14, 82, 0, 14, 11, 3078 }, // U+00EC
    { 6, 14, 82, 0, 14, 11, 3089 }, // U+00ED
    { 6, 14, 82, 0, 14, 11, 3100 }, // U+00EE
    { 6, 14, 82, 0, 14, 11, 3111 }, // U+00EF
    { 9, 15, 162, 1, 15, 17, 3122 }, // U+00F0
    { 12, 13, 176, 0, 13, 20, 3139 }, // U+00F1
    { 9, 14, 165, 1, 14, 16, 3159 }, // U+00F2
    { 9, 14, 165, 1, 14, 16, 3175 }, // U+00F3
    { 9, 14, 165, 1, 14, 16, 3191 }, // U+00F4
    { 9, 14, 165, 1, 14, 16, 3207 }, // U+00F5
    { 9, 14, 165, 1, 14, 16, 3223 }, // U+00F6
    { 10, 9, 197, 1, 10, 12, 3239 }, // U+00F7
    { 10, 9, 162, 0, 9, 12, 3251 }, // U+00F8
    { 12, 14, 176, 0, 14, 21, 3263 }, // U+00F9
    { 12, 14, 176, 0, 14, 21, 3284 }, // U+00FA
    { 12, 14, 176, 0, 14, 21, 3305 }, // U+00FB
    { 12, 14, 176, 0, 14, 21, 3326 }, // U+00FC
    { 10, 20, 146, -1, 14, 25, 3347 }, // U+00FD
    { 10, 22, 168, 0, 16, 28, 3372 }, // U+00FE
    { 10, 20, 146, 0, 14, 25, 3400 }, // U+00FF
    { 15, 17, 231, 0, 17, 32, 3425 }, // U+0100
    { 8, 12, 133, 1, 12, 12, 3457 }, // U+0101
    { 16, 18, 231, 0, 18, 36, 3469 }, // U+0102
    { 7, 14, 133, 1, 14, 13, 3505 }, // U+0103
    { 16, 22, 231, -1, 16, 44, 3518 }, // U+0104
    { 8, 15, 133, 1, 9, 15, 3562 }, // U+0105
    { 13, 19, 237, 1, 19, 31, 3577 }, // U+0106
    { 8, 14, 136, 1, 14, 14, 3608 }, // U+0107
    { 13, 18, 237, 1, 18, 30, 3622 }, // U+0108
    { 8, 14, 136, 1, 14, 14, 3652 }, // U+0109
    { 13, 18, 237, 1, 18, 30, 3666 }, // U+010A
    { 7, 14, 136, 1, 14, 13, 3696 }, // U+010B
    { 13, 18, 237, 1, 18, 30, 3709 }, // U+010C
    { 8, 14, 136, 1, 14, 14, 3739 }, // U+010D
    { 15, 18, 251, 0, 18, 34, 3753 }, // U+010E
    { 10, 16, 173, 1, 15, 20, 3787 }, // U+010F
    { 15, 14, 251, 0, 14, 27, 3807 }, // U+0110
    { 10, 17, 169, 1, 16, 22, 3834 }, // U+0111
    { 12, 17, 188, 0, 17, 26, 3856 }, // U+0112
    { 8, 12, 130, 1, 12, 12, 3882 }, // U+0113
    { 12, 18, 188, 0, 18, 27, 3894 }, // U+0114
    { 8, 14, 130, 1, 14, 14, 3921 }, // U+0115
    { 12, 18, 188, 0, 18, 27, 3935 }, // U+0116
    { 8, 14, 130, 1, 14, 14, 3962 }, // U+0117
    { 12, 20, 178, 0, 14, 30, 3976 }, // U+0118
    { 7, 15, 128, 1, 9, 14, 4006 }, // U+0119
    { 12, 18, 188, 0, 18, 27, 4020 }, // U+011A
    { 8, 14, 130, 1, 14, 14, 4047 }, // U+011B
    { 14, 18, 243, 1, 18, 32, 4061 }, // U+011C
    { 10, 20, 145, 1, 14, 25, 4093 }, // U+011D
    { 14, 18, 243, 1, 18, 32, 4118 }, // U+011E
    { 10, 20, 145, 1, 14, 25, 4150 }, // U+011F
    { 14, 18, 243, 1, 18, 32, 4175 }, // U+0120
    { 10, 20, 145, 1, 14, 25, 4207 }, // U+0121
    { 14, 20, 243, 1, 14, 35, 4232 }, // U+0122
    { 10, 21, 145, 1, 15, 27, 4267 }, // U+0123
    { 16, 18, 270, 1, 18, 36, 4294 }, // U+0124
    { 12, 19, 172, -1, 19, 29, 4330 }, // U+0125
    { 16, 14, 270, 1, 14, 28, 4359 }, // U+0126
    { 11, 17, 173, 0, 17, 24, 4387 }, // U+0127
    { 8, 18, 113, 0, 18, 18, 4411 }, // U+0128
    { 7, 13, 82, 0, 13, 12, 4429 }, // U+0129
    { 8, 17, 113, 0, 17, 17, 4441 }, // U+012A
    { 6, 12, 82, 0, 12, 9, 4458 }, // U+012B
    { 8, 18, 113, 0, 18, 18, 4467 }, // U+012C
    { 6, 14, 82, 0, 14, 11, 4485 }, // U+012D
    { 8, 20, 113, 0, 14, 20, 4496 }, // U+012E
    { 6, 20, 82, 0, 14, 15, 4516 }, // U+012F
    { 8, 18, 113, -1, 18, 18, 4531 }, // U+0130
    { 6, 9, 82, 0, 9, 7, 4549 }, // U+0131
    { 14, 18, 227, 0, 14, 32, 4556 }, // U+0132
    { 9, 20, 154, 0, 14, 23, 4588 }, // U+0133
    { 8, 23, 113, -1, 18, 23, 4611 }, // U+0134
    { 7, 20, 75, -1, 14, 18, 4634 }, // U+0135
    { 15, 20, 227, 0, 14, 38, 4652 }, // U+0136
    { 10, 22, 156, 0, 16, 28, 4690 }, // U+0137
    { 11, 10, 158, 0, 10, 14, 4718 }, // U+0138
    { 13, 19, 195, 0, 19, 31, 4732 }, // U+0139
    { 6, 19, 80, 0, 19, 15, 4763 }, // U+013A
    { 13, 20, 195, 0, 14, 33, 4778 }, // U+013B
    { 6, 22, 80, 0, 16, 17, 4811 }, // U+013C
    { 13, 14, 195, 0, 14, 23, 4828 }, // U+013D
    { 6, 15, 85, 0, 15, 12, 4851 }, // U+013E
    { 13, 14, 195, 0, 14, 23, 4863 }, // U+013F
    { 7, 16, 111, 0, 16, 14, 4886 }, // U+0140
    { 13, 14, 195, 0, 14, 23, 4900 }, // U+0141
    { 6, 16, 93, 0, 16, 12, 4923 }, // U+0142
    { 16, 19, 264, 0, 19, 38, 4935 }, // U+0143
    { 12, 14, 176, 0, 14, 21, 4973 }, // U+0144
    { 16, 20, 257, 0, 14, 40, 4994 }, // U+0145
    { 12, 16, 176, 0, 10, 24, 5034 }, // U+0146
    { 16, 19, 264, 0, 19, 38, 5058 }, // U+0147
    { 12, 14, 176, 0, 14, 21, 5096 }, // U+0148
    { 14, 15, 203, -1, 15, 27, 5117 }, // U+0149
    { 16, 20, 257, 0, 14, 40, 5144 }, // U+014A
    { 10, 17, 171, 0, 10, 22, 5184 }, // U+014B
    { 14, 17, 254, 1, 17, 30, 5206 }, // U+014C
    { 9, 12, 165, 1, 12, 14, 5236 }, // U+014D
    { 14, 18, 254, 1, 18, 32, 5250 }, // U+014E
    { 9, 14, 165, 1, 14, 16, 5282 }, // U+014F
    { 14, 19, 254, 1, 19, 34, 5298 }, // U+0150
    { 9, 14, 165, 1, 14, 16, 5332 }, // U+0151
    { 19, 14, 316, 1, 14, 34, 5348 }, // U+0152
    { 15, 9, 253, 1, 9, 17, 5382 }, // U+0153
    { 16, 19, 238, 0, 19, 38, 5399 }, // U+0154
    { 8, 14, 111, 0, 14, 14, 5437 }, // U+0155
    { 16, 20, 238, 0, 14, 40, 5451 }, // U+0156
    { 7, 16, 111, 0, 10, 14, 5491 }, // U+0157
    { 16, 19, 238, 0, 19, 38, 5505 }, // U+0158
    { 8, 14, 111, 0, 14, 14, 5543 }, // U+0159
    { 9, 19, 155, 0, 19, 22, 5557 }, // U+015A
    { 7, 14, 108, 0, 14, 13, 5579 }, // U+015B
    { 9, 18, 155, 0, 18, 21, 5592 }, // U+015C
    { 6, 14, 108, 0, 14, 11, 5613 }, // U+015D
    { 9, 20, 155, 0, 14, 23, 5624 }, // U+015E
    { 6, 15, 108, 0, 9, 12, 5647 }, // U+015F
    { 9, 18, 155, 0, 18, 21, 5659 }, // U+0160
    { 6, 14, 108, 0, 14, 11, 5680 }, // U+0161
    { 14, 22, 223, 0, 16, 39, 5691 }, // U+0162
    { 7, 17, 105, 0, 11, 15, 5730 }, // U+0163
    { 14, 18, 223, 0, 18, 32, 5745 }, // U+0164
    { 7, 14, 105, 0, 14, 13, 5777 }, // U+0165
    { 14, 16, 223, 0, 16, 28, 5790 }, // U+0166
    { 7, 11, 117, 0, 11, 10, 5818 }, // U+0167
    { 15, 18, 246, 0, 18, 34, 5828 }, // U+0168
    { 12, 14, 176, 0, 14, 21, 5862 }, // U+0169
    { 15, 17, 246, 0, 17, 32, 5883 }, // U+016A
    { 12, 12, 176, 0, 12, 18, 5915 }, // U+016B
    { 15, 18, 246, 0, 18, 34, 5933 }, // U+016C
    { 12, 14, 176, 0, 14, 21, 5967 }, // U+016D
    { 15, 19, 246, 0, 19, 36, 5988 }, // U+016E
    { 12, 14, 176, 0, 14, 21, 6024 }, // U+016F
    { 15, 19, 246, 0, 19, 36, 6045 }, // U+0170
    { 12, 14, 176, 0, 14, 21, 6081 }, // U+0171
    { 15, 20, 246, 0, 14, 38, 6102 }, // U+0172
    { 12, 15, 176, 0, 9, 23, 6140 }, // U+0173
    { 20, 19, 305, 0, 18, 48, 6163 }, // U+0174
    { 15, 14, 228, 0, 14, 27, 6211 }, // U+0175
    { 14, 18, 193, -1, 18, 32, 6238 }, // U+0176
    { 10, 20, 146, -1, 14, 25, 6270 }, // U+0177
    { 14, 18, 193, 0, 18, 32, 6295 }, // U+0178
    { 12, 19, 201, 0, 19, 29, 6327 }, // U+0179
    { 8, 14, 126, 0, 14, 14, 6356 }, // U+017A
    { 12, 18, 201, 0, 18, 27, 6370 }, // U+017B
    { 8, 14, 126, 0, 14, 14, 6397 }, // U+017C
    { 12, 18, 201, 0, 18, 27, 6411 }, // U+017D
    { 8, 14, 126, 0, 14, 14, 6438 }, // U+017E
    { 10, 15, 87, 0, 15, 19, 6452 }, // U+017F
    { 16, 15, 254, 1, 15, 30, 6471 }, // U+01A0
    { 10, 11, 169, 1, 11, 14, 6501 }, // U+01A1
    { 16, 17, 246, 0, 17, 34, 6515 }, // U+01AF
    { 12, 13, 187, 0, 12, 20, 6549 }, // U+01B0
    { 29, 18, 452, 0, 18, 66, 6569 }, // U+01C4
    { 24, 14, 377, 0, 14, 42, 6635 }, // U+01C5
    { 18, 17, 294, 1, 16, 39, 6677 }, // U+01C6
    { 19, 18, 308, 0, 14, 43, 6716 }, // U+01C7
    { 16, 20, 267, 0, 14, 40, 6759 }, // U+01C8
    { 9, 22, 155, 0, 16, 25, 6799 }, // U+01C9
    { 23, 18, 377, 0, 14, 52, 6824 }, // U+01CA
    { 21, 20, 339, 0, 14, 53, 6876 }, // U+01CB
    { 14, 20, 243, 0, 14, 35, 6929 }, // U+01CC
    { 15, 18, 231, 0, 18, 34, 6964 }, // U+01CD
    { 8, 14, 133, 1, 14, 14, 6998 }, // U+01CE
    { 8, 18, 113, 0, 18, 18, 7012 }, // U+01CF
    { 6, 14, 82, 0, 14, 11, 7030 }, // U+01D0
    { 14, 18, 254, 1, 18, 32, 7041 }, // U+01D1
    { 9, 14, 165, 1, 14, 16, 7073 }, // U+01D2
    { 15, 18, 246, 0, 18, 34, 7089 }, // U+01D3
    { 12, 14, 176, 0, 14, 21, 7123 }, // U+01D4
    { 15, 20, 246, 0, 20, 38, 7144 }, // U+01D5
    { 12, 15, 176, 0, 15, 23, 7182 }, // U+01D6
    { 15, 21, 246, 0, 21, 40, 7205 }, // U+01D7
    { 12, 17, 176, 0, 17, 26, 7245 }, // U+01D8
    { 15, 21, 246, 0, 21, 40, 7271 }, // U+01D9
    { 12, 17, 176, 0, 17, 26, 7311 }, // U+01DA
    { 15, 21, 246, 0, 21, 40, 7337 }, // U+01DB
    { 12, 17, 176, 0, 17, 26, 7377 }, // U+01DC
    { 7, 9, 136, 1, 9, 8, 7403 }, // U+01DD
    { 15, 19, 231, 0, 19, 36, 7411 }, // U+01DE
    { 8, 15, 133, 1, 15, 15, 7447 }, // U+01DF
    { 16, 19, 231, -1, 19, 38, 7462 }, // U+01E0
    { 8, 15, 133, 1, 15, 15, 7500 }, // U+01E1
    { 19, 17, 291, 0, 17, 41, 7515 }, // U+01E2
    { 11, 12, 186, 1, 12, 17, 7556 }, // U+01E3
    { 14, 14, 243, 1, 14, 25, 7573 }, // U+01E4
    { 11, 15, 145, 0, 9, 21, 7598 }, // U+01E5
    { 14, 18, 243, 1, 18, 32, 7619 }, // U+01E6
    { 10, 20, 145, 1, 14, 25, 7651 }, // U+01E7
    { 15, 18, 227, 0, 18, 34, 7676 }, // U+01E8
    { 11, 18, 156, 0, 18, 25, 7710 }, // U+01E9
    { 14, 20, 254, 1, 14, 35, 7735 }, // U+01EA
    { 9, 15, 165, 1, 9, 17, 7770 }, // U+01EB
    { 14, 23, 254, 1, 17, 41, 7787 }, // U+01EC
    { 9, 18, 165, 1, 12, 21, 7828 }, // U+01ED
    { 9, 18, 172, 1, 18, 21, 7849 }, // U+01EE
    { 8, 20, 140, 0, 14, 20, 7870 }, // U+01EF
    { 6, 20, 75, -1, 14, 15, 7890 }, // U+01F0
    { 29, 15, 452, 0, 15, 55, 7905 }, // U+01F1
    { 24, 14, 377, 0, 14, 42, 7960 }, // U+01F2
    { 18, 17, 294, 1, 16, 39, 8002 }, // U+01F3
    { 14, 19, 243, 1, 19, 34, 8041 }, // U+01F4
    { 10, 20, 145, 1, 14, 25, 8075 }, // U+01F5
    { 18, 14, 300, 1, 14, 32, 8100 }, // U+01F6
    { 12, 18, 195, 0, 14, 27, 8132 }, // U+01F7
    { 16, 19, 264, 0, 19, 38, 8159 }, // U+01F8
    { 12, 14, 176, 0, 14, 21, 8197 }, // U+01F9
    { 15, 22, 231, 0, 22, 42, 8218 }, // U+01FA
    { 9, 17, 133, 0, 17, 20, 8260 }, // U+01FB
    { 19, 19, 291, 0, 19, 46, 8280 }, // U+01FC
    { 11, 14, 186, 1, 14, 20, 8326 }, // U+01FD
    { 15, 19, 258, 0, 19, 36, 8346 }, // U+01FE
    { 10, 14, 162, 0, 14, 18, 8382 }, // U+01FF
    { 15, 19, 231, 0, 19, 36, 8400 }, // U+0200
    { 9, 14, 133, 0, 14, 16, 8436 }, // U+0201
    { 16, 18, 231, 0, 18, 36, 8452 }, // U+0202
    { 7, 14, 133, 1, 14, 13, 8488 }, // U+0203
    { 12, 19, 188, 0, 19, 29, 8501 }, // U+0204
    { 8, 14, 130, 1, 14, 14, 8530 }, // U+0205
    { 12, 18, 188, 0, 18, 27, 8544 }, // U+0206
    { 8, 14, 130, 1, 14, 14, 8571 }, // U+0207
    { 9, 19, 113, -1, 19, 22, 8585 }, // U+0208
    { 8, 14, 82, -2, 14, 14, 8607 }, // U+0209
    { 8, 18, 113, 0, 18, 18, 8621 }, // U+020A
    { 6, 13, 82, 0, 13, 10, 8639 }, // U+020B
    { 14, 19, 254, 1, 19, 34, 8649 }, // U+020C
    { 9, 14, 165, 1, 14, 16, 8683 }, // U+020D
    { 14, 18, 254, 1, 18, 32, 8699 }, // U+020E
    { 9, 14, 165, 1, 14, 16, 8731 }, // U+020F
    { 16, 19, 238, 0, 19, 38, 8747 }, // U+0210
    { 8, 14, 111, 0, 14, 14, 8785 }, // U+0211
    { 16, 18, 238, 0, 18, 36, 8799 }, // U+0212
    { 7, 13, 111, 0, 13, 12, 8835 }, // U+0213
    { 15, 19, 246, 0, 19, 36, 8847 }, // U+0214
    { 12, 14, 176, 0, 14, 21, 8883 }, // U+0215
    { 15, 18, 246, 0, 18, 34, 8904 }, // U+0216
    { 12, 14, 176, 0, 14, 21, 8938 }, // U+0217
    { 9, 20, 155, 0, 14, 23, 8959 }, // U+0218
    { 6, 15, 108, 0, 9, 12, 8982 }, // U+0219
    { 14, 22, 223, 0, 16, 39, 8994 }, // U+021A
    { 7, 17, 105, 0, 11, 15, 9033 }, // U+021B
    { 11, 19, 175, 0, 14, 27, 9048 }, // U+021C
    { 7, 15, 140, 0, 9, 14, 9075 }, // U+021D
    { 16, 18, 270, 1, 18, 36, 9089 }, // U+021E
    { 11, 19, 172, 0, 19, 27, 9125 }, // U+021F
    { 4, 4, 0, -2, 14, 2, 9152 }, // U+0300
    { 4, 4, 0, -2, 14, 2, 9154 }, // U+0301
    { 6, 5, 0, -3, 15, 4, 9156 }, // U+0302
    { 7, 4, 0, -3, 14, 4, 9160 }, // U+0303
    { 6, 1, 0, -3, 12, 1, 9164 }, // U+0304
    { 10, 1, 0, -5, 12, 2, 9165 }, // U+0305
    { 4, 4, 0, -2, 14, 2, 9167 }, // U+0306
    { 2, 3, 0, -1, 14, 1, 9169 }, // U+0307
    { 6, 3, 0, -3, 14, 3, 9170 }, // U+0308
    { 4, 4, 0, -2, 15, 2, 9173 }, // U+0309
    { 4, 4, 0, -2, 14, 2, 9175 }, // U+030A
    { 6, 4, 0, -3, 14, 3, 9177 }, // U+030B
    { 6, 4, 0, -3, 14, 3, 9180 }, // U+030C
    { 1, 4, 0, 0, 15, 1, 9183 }, // U+030D
    { 3, 4, 0, -1, 15, 2, 9184 }, // U+030E
    { 6, 5, 0, -3, 14, 4, 9186 }, // U+030F
    { 7, 5, 0, -4, 15, 5, 9190 }, // U+0310
    { 4, 3, 0, -2, 13, 2, 9195 }, // U+0311
    { 3, 5, 0, -1, 15, 2, 9197 }, // U+0312
    { 3, 4, 0, -2, 14, 2, 9199 }, // U+0313
    { 3, 4, 0, -1, 14, 2, 9201 }, // U+0314
    { 3, 5, 0, -1, 15, 2, 9203 }, // U+0315
    { 4, 4, 0, -2, -1, 2, 9205 }, // U+0316
    { 4, 4, 0, -2, -1, 2, 9207 }, // U+0317
    { 4, 5, 0, -2, -1, 3, 9209 }, // U+0318
    { 4, 5, 0, -2, -1, 3, 9212 }, // U+0319
    { 4, 3, 0, -2, 15, 2, 9215 }, // U+031A
    { 4, 4, 0, -2, 12, 2, 9217 }, // U+031B
    { 3, 4, 0, -1, -2, 2, 9219 }, // U+031C
    { 5, 4, 0, -2, -1, 3, 9221 }, // U+031D
    { 5, 4, 0, -2, -2, 3, 9224 }, // U+031E
    { 5, 5, 0, -2, -1, 4, 9227 }, // U+031F
    { 4, 1, 0, -2, -3, 1, 9231 }, // U+0320
    { 6, 9, 0, -2, 3, 7, 9232 }, // U+0321
    { 5, 8, 0, 1, 2, 5, 9239 }, // U+0322
    { 2, 3, 0, -1, -1, 1, 9244 }, // U+0323
    { 6, 3, 0, -3, -1, 3, 9245 }, // U+0324
    { 4, 4, 0, -2, -2, 2, 9248 }, // U+0325
    { 3, 5, 0, -1, -1, 2, 9250 }, // U+0326
    { 4, 7, 0, -3, 0, 4, 9252 }, // U+0327
    { 5, 8, 0, -2, 1, 5, 9256 }, // U+0328
    { 1, 4, 0, 0, -1, 1, 9261 }, // U+0329
    { 5, 3, 0, -2, -3, 2, 9262 }, // U+032A
    { 6, 3, 0, -3, -2, 3, 9264 }, // U+032B
    { 6, 4, 0, -3, -1, 3, 9267 }, // U+032C
    { 6, 5, 0, -3, -1, 4, 9270 }, // U+032D
    { 4, 4, 0, -2, -1, 2, 9274 }, // U+032E
    { 4, 3, 0, -2, -2, 2, 9276 }, // U+032F
    { 7, 4, 0, -4, -1, 4, 9278 }, // U+0330
    { 6, 1, 0, -3, -2, 1, 9282 }, // U+0331
    { 10, 1, 0, -5, -2, 2, 9283 }, // U+0332
    { 10, 3, 0, -5, -2, 4, 9285 }, // U+0333
    { 9, 4, 0, -5, 9, 5, 9289 }, // U+0334
    { 8, 1, 0, -4, 9, 1, 9294 }, // U+0335
    { 10, 1, 0, -5, 9, 2, 9295 }, // U+0336
    { 8, 13, 0, -4, 12, 13, 9297 }, // U+0337
    { 8, 16, 0, -4, 15, 16, 9310 }, // U+0338
    { 3, 4, 0, -1, -2, 2, 9326 }, // U+0339
    { 5, 3, 0, -2, -2, 2, 9328 }, // U+033A
    { 3, 3, 0, -2, -3, 2, 9330 }, // U+033B
    { 6, 3, 0, -3, -3, 3, 9332 }, // U+033C
    { 4, 4, 0, -2, 15, 2, 9335 }, // U+033D
    { 2, 5, 0, -1, 15, 2, 9337 }, // U+033E
    { 4, 4, 0, -2, 14, 2, 9339 }, // U+0340
    { 4, 5, 0, -2, 15, 3, 9341 }, // U+0341
    { 6, 3, 0, -3, 13, 3, 9344 }, // U+0342
    { 3, 4, 0, -1, 14, 2, 9347 }, // U+0343
    { 6, 5, 0, -3, 16, 4, 9349 }, // U+0344
    { 3, 5, 0, -1, -1, 2, 9353 }, // U+0345
    { 0, 0, 0, 0, 0, 0, 9355 }, // U+034F
    { 3, 4, 0, -1, 14, 2, 9355 }, // U+0351
    { 4, 5, 0, -2, -1, 3, 9357 }, // U+0353
    { 3, 4, 0, -1, 14, 2, 9360 }, // U+0357
    { 14, 3, 0, -7, 19, 6, 9362 }, // U+035D
    { 14, 3, 0, -7, 18, 6, 9368 }, // U+0361
    { 4, 4, 0, 1, 14, 2, 9374 }, // U+0364
    { 12, 19, 188, 0, 19, 29, 9376 }, // U+0400
    { 12, 18, 188, 0, 18, 27, 9405 }, // U+0401
    { 14, 20, 250, 0, 15, 35, 9432 }, // U+0402
    { 11, 19, 172, 0, 19, 27, 9467 }, // U+0403
    { 12, 14, 217, 1, 14, 21, 9494 }, // U+0404
    { 9, 14, 155, 0, 14, 16, 9515 }, // U+0405
    { 8, 14, 113, 0, 14, 14, 9531 }, // U+0406
    { 8, 18, 113, 0, 18, 18, 9545 }, // U+0407
    { 8, 19, 113, -1, 14, 19, 9563 }, // U+0408
    { 19, 14, 317, 1, 14, 34, 9582 }, // U+0409
    { 19, 14, 323, 1, 14, 34, 9616 }, // U+040A
    { 16, 16, 254, 0, 16, 32, 9650 }, // U+040B
    { 15, 19, 220, 0, 19, 36, 9682 }, // U+040C
    { 16, 19, 268, 1, 19, 38, 9718 }, // U+040D
    { 15, 20, 212, -1, 19, 38, 9756 }, // U+040E
    { 17, 19, 264, 0, 14, 41, 9794 }, // U+040F
    { 15, 15, 231, 0, 15, 29, 9835 }, // U+0410
    { 11, 14, 196, 0, 14, 20, 9864 }, // U+0411
    { 12, 14, 196, 0, 14, 21, 9884 }, // U+0412
    { 11, 15, 172, 0, 15, 21, 9905 }, // U+0413
    { 14, 19, 235, 1, 14, 34, 9926 }, // U+0414
    { 12, 14, 188, 0, 14, 21, 9960 }, // U+0415
    { 22, 14, 327, -1, 14, 39, 9981 }, // U+0416
    { 10, 14, 170, 0, 14, 18, 10020 }, // U+0417
    { 16, 14, 268, 1, 14, 28, 10038 }, // U+0418
    { 16, 19, 268, 1, 19, 38, 10066 }, // U+0419
    { 15, 14, 220, 0, 14, 27, 10104 }, // U+041A
    { 15, 14, 237, 0, 14, 27, 10131 }, // U+041B
    { 19, 15, 300, 0, 14, 36, 10158 }, // U+041C
    { 16, 14, 270, 1, 14, 28, 10194 }, // U+041D
    { 14, 14, 254, 1, 14, 25, 10222 }, // U+041E
    { 17, 14, 276, 0, 14, 30, 10247 }, // U+041F
    { 11, 14, 184, 0, 14, 20, 10277 }, // U+0420
    { 13, 14, 237, 1, 14, 23, 10297 }, // U+0421
    { 14, 16, 223, 0, 16, 28, 10320 }, // U+0422
    { 15, 15, 212, -1, 14, 29, 10348 }, // U+0423
    { 14, 16, 254, 1, 16, 28, 10377 }, // U+0424
    { 15, 14, 236, 0, 14, 27, 10405 }, // U+0425
    { 16, 19, 259, 0, 14, 38, 10432 }, // U+0426
    { 14, 14, 226, 0, 14, 25, 10470 }, // U+0427
    { 22, 14, 345, 0, 14, 39, 10495 }, // U+0428
    { 22, 19, 345, 0, 14, 53, 10534 }, // U+0429
    { 13, 15, 219, 0, 15, 25, 10587 }, // U+042A
    { 19, 14, 292, 0, 14, 34, 10612 }, // U+042B
    { 11, 14, 189, 0, 14, 20, 10646 }, // U+042C
    { 12, 14, 217, 1, 14, 21, 10666 }, // U+042D
    { 20, 14, 343, 0, 14, 35, 10687 }, // U+042E
    { 15, 14, 224, -1, 14, 27, 10722 }, // U+042F
    { 8, 9, 133, 1, 9, 9, 10749 }, // U+0430
    { 8, 16, 158, 1, 16, 16, 10758 }, // U+0431
    { 9, 9, 141, 0, 9, 11, 10774 }, // U+0432
    { 8, 10, 118, 0, 10, 10, 10785 }, // U+0433
    { 10, 13, 152, 0, 9, 17, 10795 }, // U+0434
    { 8, 9, 130, 1, 9, 9, 10812 }, // U+0435
    { 15, 9, 234, 0, 9, 17, 10821 }, // U+0436
    { 7, 9, 127, 1, 9, 8, 10838 }, // U+0437
    { 11, 9, 176, 0, 9, 13, 10846 }, // U+0438
    { 11, 14, 176, 0, 14, 20, 10859 }, // U+0439
    { 10, 9, 159, 0, 9, 12, 10879 }, // U+043A
    { 11, 9, 160, -1, 9, 13, 10891 }, // U+043B
    { 14, 9, 208, 0, 9, 16, 10904 }, // U+043C
    { 11, 9, 174, 0, 9, 13, 10920 }, // U+043D
    { 9, 9, 165, 1, 9, 11, 10933 }, // U+043E
    { 11, 9, 168, 0, 9, 13, 10944 }, // U+043F
    { 10, 16, 173, 0, 10, 20, 10957 }, // U+0440
    { 8, 9, 136, 1, 9, 9, 10977 }, // U+0441
    { 10, 10, 137, 0, 10, 13, 10986 }, // U+0442
    { 10, 15, 146, -1, 9, 19, 10999 }, // U+0443
    { 11, 21, 195, 1, 15, 29, 11018 }, // U+0444
    { 9, 9, 143, 0, 9, 11, 11047 }, // U+0445
    { 11, 13, 171, 0, 9, 18, 11058 }, // U+0446
    { 10, 9, 149, 0, 9, 12, 11076 }, // U+0447
    { 15, 9, 231, 0, 9, 17, 11088 }, // U+0448
    { 15, 13, 231, 0, 9, 25, 11105 }, // U+0449
    { 10, 10, 159, 0, 10, 13, 11130 }, // U+044A
    { 13, 9, 204, 0, 9, 15, 11143 }, // U+044B
    { 8, 9, 135, 0, 9, 9, 11158 }, // U+044C
    { 8, 9, 136, 0, 9, 9, 11167 }, // U+044D
    { 13, 9, 220, 0, 9, 15, 11176 }, // U+044E
    { 11, 9, 149, -1, 9, 13, 11191 }, // U+044F
    { 8, 14, 130, 1, 14, 14, 11204 }, // U+0450
    { 7, 14, 130, 1, 14, 13, 11218 }, // U+0451
    { 10, 21, 162, 0, 16, 27, 11231 }, // U+0452
    { 8, 14, 118, 0, 14, 14, 11258 }, // U+0453
    { 8, 9, 137, 1, 9, 9, 11272 }, // U+0454
    { 6, 9, 108, 0, 9, 7, 11281 }, // U+0455
    { 6, 14, 82, 0, 14, 11, 11288 }, // U+0456
    { 6, 14, 82, 0, 14, 11, 11299 }, // U+0457
    { 5, 20, 75, -1, 14, 13, 11310 }, // U+0458
    { 13, 9, 206, 1, 9, 15, 11323 }, // U+0459
    { 13, 9, 215, 0, 9, 15, 11338 }, // U+045A
    { 11, 17, 173, 0, 17, 24, 11353 }, // U+045B
    { 10, 14, 159, 0, 14, 18, 11377 }, // U+045C
    { 11, 14, 176, 0, 14, 20, 11395 }, // U+045D
    { 10, 20, 146, 1, 14, 25, 11415 }, // U+045E
    { 11, 13, 166, 0, 9, 18, 11440 }, // U+045F
    { 13, 15, 223, 0, 15, 25, 11458 }, // U+0462
    { 9, 16, 156, 0, 16, 18, 11483 }, // U+0463
    { 21, 14, 321, -1, 14, 37, 11501 }, // U+046A
    { 16, 9, 227, -1, 9, 18, 11538 }, // U+046B
    { 16, 14, 248, 0, 14, 28, 11556 }, // U+0470
    { 14, 14, 254, 1, 14, 25, 11584 }, // U+0472
    { 9, 9, 165, 1, 9, 11, 11609 }, // U+0473
    { 14, 15, 215, 0, 14, 27, 11620 }, // U+0474
    { 10, 10, 153, 0, 9, 13, 11647 }, // U+0475
    { 14, 19, 215, 0, 18, 34, 11660 }, // U+0476
    { 10, 15, 153, 0, 14, 19, 11694 }, // U+0477
    { 16, 24, 268, 1, 19, 48, 11713 }, // U+048A
    { 11, 18, 176, 0, 14, 25, 11761 }, // U+048B
    { 11, 15, 196, 0, 15, 21, 11786 }, // U+048C
    { 9, 16, 156, 0, 16, 18, 11807 }, // U+048D
    { 11, 14, 184, 0, 14, 20, 11825 }, // U+048E
    { 10, 16, 173, 0, 10, 20, 11845 }, // U+048F
    { 11, 17, 168, 0, 17, 24, 11865 }, // U+0490
    { 8, 11, 117, 0, 11, 11, 11889 }, // U+0491
    { 11, 15, 172, 0, 15, 21, 11900 }, // U+0492
    { 8, 10, 118, 0, 10, 10, 11921 }, // U+0493
    { 12, 20, 214, 0, 15, 30, 11931 }, // U+0494
    { 9, 16, 150, 0, 10, 18, 11961 }, // U+0495
    { 22, 18, 326, -1, 14, 50, 11979 }, // U+0496
    { 15, 12, 234, 0, 9, 23, 12029 }, // U+0497
    { 10, 20, 170, 0, 14, 25, 12052 }, // U+0498
    { 7, 15, 127, 0, 9, 14, 12077 }, // U+0499
    { 14, 19, 220, 0, 14, 34, 12091 }, // U+049A
    { 10, 12, 159, 0, 9, 15, 12125 }, // U+049B
    { 16, 14, 240, 0, 14, 28, 12140 }, // U+049C
    { 11, 9, 172, 0, 9, 13, 12168 }, // U+049D
    { 15, 15, 234, 0, 15, 29, 12181 }, // U+049E
    { 12, 17, 181, 0, 17, 26, 12210 }, // U+049F
    { 17, 15, 249, 0, 15, 32, 12236 }, // U+04A0
    { 13, 10, 187, 0, 10, 17, 12268 }, // U+04A1
    { 16, 19, 270, 1, 14, 38, 12285 }, // U+04A2
    { 11, 12, 174, 0, 9, 17, 12323 }, // U+04A3
    { 20, 14, 322, 1, 14, 35, 12340 }, // U+04A4
    { 14, 10, 208, 0, 10, 18, 12375 }, // U+04A5
    { 21, 19, 343, 0, 14, 50, 12393 }, // U+04A6
    { 15, 15, 243, 0, 9, 29, 12443 }, // U+04A7
    { 14, 14, 245, 1, 14, 25, 12472 }, // U+04A8
    { 11, 9, 172, 1, 9, 13, 12497 }, // U+04A9
    { 13, 20, 237, 1, 14, 33, 12510 }, // U+04AA
    { 7, 15, 136, 1, 9, 14, 12543 }, // U+04AB
    { 14, 21, 223, 0, 16, 37, 12557 }, // U+04AC
    { 10, 13, 137, 0, 10, 17, 12594 }, // U+04AD
    { 14, 14, 193, -1, 14, 25, 12611 }, // U+04AE
    { 10, 15, 146, 0, 9, 19, 12636 }, // U+04AF
    { 14, 14, 193, -1, 14, 25, 12655 }, // U+04B0
    { 10, 15, 146, 0, 9, 19, 12680 }, // U+04B1
    { 15, 19, 236, 0, 14, 36, 12699 }, // U+04B2
    { 10, 12, 143, -1, 9, 15, 12735 }, // U+04B3
    { 19, 21, 295, 0, 16, 50, 12750 }, // U+04B4
    { 13, 14, 197, -1, 10, 23, 12800 }, // U+04B5
    { 14, 19, 226, 0, 14, 34, 12823 }, // U+04B6
    { 9, 12, 149, 0, 9, 14, 12857 }, // U+04B7
    { 14, 14, 228, 0, 14, 25, 12871 }, // U+04B8
    { 10, 9, 159, 0, 9, 12, 12896 }, // U+04B9
    { 14, 14, 220, 0, 14, 25, 12908 }, // U+04BA
    { 11, 16, 172, 0, 16, 22, 12933 }, // U+04BB
    { 16, 14, 267, 1, 14, 28, 12955 }, // U+04BC
    { 10, 10, 159, 1, 10, 13, 12983 }, // U+04BD
    { 16, 21, 267, 1, 18, 42, 12996 }, // U+04BE
    { 9, 17, 157, 1, 14, 20, 13038 }, // U+04BF
    { 8, 14, 113, 0, 14, 14, 13058 }, // U+04C0
    { 22, 19, 327, -1, 19, 53, 13072 }, // U+04C1
    { 15, 14, 234, 0, 14, 27, 13125 }, // U+04C2
    { 13, 18, 216, 0, 14, 30, 13152 }, // U+04C3
    { 10, 15, 156, 0, 9, 19, 13182 }, // U+04C4
    { 15, 18, 237, 0, 14, 34, 13201 }, // U+04C5
    { 11, 12, 160, -1, 9, 17, 13235 }, // U+04C6
    { 16, 19, 269, 1, 14, 38, 13252 }, // U+04C7
    { 11, 15, 172, 0, 9, 21, 13290 }, // U+04C8
    { 16, 19, 270, 1, 14, 38, 13311 }, // U+04C9
    { 11, 13, 174, 0, 9, 18, 13349 }, // U+04CA
    { 14, 19, 226, 0, 14, 34, 13367 }, // U+04CB
    { 10, 12, 149, 0, 9, 15, 13401 }, // U+04CC
    { 19, 19, 300, 0, 14, 46, 13416 }, // U+04CD
    { 14, 12, 208, 0, 9, 21, 13462 }, // U+04CE
    { 6, 16, 80, 0, 16, 12, 13483 }, // U+04CF
    { 15, 19, 231, 0, 19, 36, 13495 }, // U+04D0
    { 8, 14, 133, 1, 14, 14, 13531 }, // U+04D1
    { 15, 18, 231, 0, 18, 34, 13545 }, // U+04D2
    { 8, 14, 133, 1, 14, 14, 13579 }, // U+04D3
    { 19, 14, 291, 0, 14, 34, 13593 }, // U+04D4
    { 11, 9, 186, 1, 9, 13, 13627 }, // U+04D5
    { 12, 19, 188, 0, 19, 29, 13640 }, // U+04D6
    { 8, 14, 130, 1, 14, 14, 13669 }, // U+04D7
    { 12, 14, 222, 1, 14, 21, 13683 }, // U+04D8
    { 8, 9, 134, 0, 9, 9, 13704 }, // U+04D9
    { 12, 18, 222, 1, 18, 27, 13713 }, // U+04DA
    { 8, 14, 134, 0, 14, 14, 13740 }, // U+04DB
    { 22, 18, 327, -1, 18, 50, 13754 }, // U+04DC
    { 15, 14, 234, 0, 14, 27, 13804 }, // U+04DD
    { 10, 18, 170, 0, 18, 23, 13831 }, // U+04DE
    { 7, 14, 127, 0, 14, 13, 13854 }, // U+04DF
    { 9, 15, 172, 1, 15, 17, 13867 }, // U+04E0
    { 8, 16, 140, 0, 10, 16, 13884 }, // U+04E1
    { 16, 17, 268, 1, 17, 34, 13900 }, // U+04E2
    { 11, 12, 176, 0, 12, 17, 13934 }, // U+04E3
    { 16, 18, 268, 1, 18, 36, 13951 }, // U+04E4
    { 11, 14, 176, 0, 14, 20, 13987 }, // U+04E5
    { 14, 18, 254, 1, 18, 32, 14007 }, // U+04E6
    { 9, 14, 165, 1, 14, 16, 14039 }, // U+04E7
    { 14, 14, 254, 1, 14, 25, 14055 }, // U+04E8
    { 9, 9, 165, 1, 9, 11, 14080 }, // U+04E9
    { 14, 18, 254, 1, 18, 32, 14091 }, // U+04EA
    { 9, 14, 165, 1, 14, 16, 14123 }, // U+04EB
    { 11, 18, 217, 1, 18, 25, 14139 }, // U+04EC
    { 7, 14, 136, 1, 14, 13, 14164 }, // U+04ED
    { 15, 18, 212, -1, 17, 34, 14177 }, // U+04EE
    { 10, 18, 146, -1, 12, 23, 14211 }, // U+04EF
    { 14, 19, 212, 0, 18, 34, 14234 }, // U+04F0
    { 10, 20, 146, 0, 14, 25, 14268 }, // U+04F1
    { 15, 19, 212, -1, 18, 36, 14293 }, // U+04F2
    { 10, 20, 146, -1, 14, 25, 14329 }, // U+04F3
    { 14, 18, 226, 0, 18, 32, 14354 }, // U+04F4
    { 10, 14, 149, 0, 14, 18, 14386 }, // U+04F5
    { 11, 20, 172, 0, 15, 28, 14404 }, // U+04F6
    { 8, 13, 118, 0, 10, 13, 14432 }, // U+04F7
    { 19, 18, 292, 0, 18, 43, 14445 }, // U+04F8
    { 13, 14, 204, 0, 14, 23, 14488 }, // U+04F9
    { 12, 20, 172, -1, 15, 30, 14511 }, // U+04FA
    { 9, 16, 121, -1, 10, 18, 14541 }, // U+04FB
    { 16, 20, 236, -1, 14, 40, 14559 }, // U+04FC
    { 9, 15, 141, 0, 9, 17, 14599 }, // U+04FD
    { 15, 14, 242, 0, 14, 27, 14616 }, // U+04FE
    { 10, 9, 150, 0, 9, 12, 14643 }, // U+04FF
    { 13, 12, 209, 0, 12, 20, 14655 }, // U+05D0
    { 11, 12, 185, 1, 12, 17, 14675 }, // U+05D1
    { 8, 13, 128, 1, 12, 13, 14692 }, // U+05D2
    { 11, 12, 178, 0, 12, 17, 14705 }, // U+05D3
    { 11, 12, 207, 0, 12, 17, 14722 }, // U+05D4
    { 5, 12, 104, 0, 12, 8, 14739 }, // U+05D5
    { 7, 12, 113, 1, 12, 11, 14747 }, // U+05D6
    { 12, 12, 217, 1, 12, 18, 14758 }, // U+05D7
    { 11, 12, 208, 1, 12, 17, 14776 }, // U+05D8
    { 5, 8, 102, 0, 12, 5, 14793 }, // U+05D9
    { 10, 16, 178, 0, 12, 20, 14798 }, // U+05DA
    { 10, 12, 167, 0, 12, 15, 14818 }, // U+05DB
    { 10, 16, 173, 1, 16, 20, 14833 }, // U+05DC
    { 13, 12, 222, 0, 12, 20, 14853 }, // U+05DD
    { 13, 12, 219, 0, 12, 20, 14873 }, // U+05DE
    { 5, 16, 110, 1, 12, 10, 14893 }, // U+05DF
    { 6, 12, 126, 1, 12, 9, 14903 }, // U+05E0
    { 12, 12, 213, 0, 12, 18, 14912 }, // U+05E1
    { 11, 15, 197, 1, 13, 21, 14930 }, // U+05E2
    { 11, 16, 205, 1, 12, 22, 14951 }, // U+05E3
    { 11, 12, 198, 1, 12, 17, 14973 }, // U+05E4
    { 11, 16, 180, 0, 12, 22, 14990 }, // U+05E5
    { 11, 12, 186, 0, 12, 17, 15012 }, // U+05E6
    { 12, 16, 207, 1, 12, 24, 15029 }, // U+05E7
    { 9, 12, 171, 1, 12, 14, 15053 }, // U+05E8
    { 13, 12, 244, 1, 12, 20, 15067 }, // U+05E9
    { 13, 12, 225, 0, 12, 20, 15087 }, // U+05EA
    { 15, 20, 231, 0, 15, 38, 15107 }, // U+1EA0
    { 8, 13, 133, 1, 9, 13, 15145 }, // U+1EA1
    { 15, 19, 231, 0, 19, 36, 15158 }, // U+1EA2
    { 8, 14, 133, 1, 14, 14, 15194 }, // U+1EA3
    { 15, 19, 231, 0, 19, 36, 15208 }, // U+1EA4
    { 8, 15, 133, 1, 15, 15, 15244 }, // U+1EA5
    { 15, 19, 231, 0, 19, 36, 15259 }, // U+1EA6
    { 9, 15, 133, 0, 15, 17, 15295 }, // U+1EA7
    { 15, 19, 231, 0, 19, 36, 15312 }, // U+1EA8
    { 8, 15, 133, 1, 15, 15, 15348 }, // U+1EA9
    { 15, 21, 231, 0, 21, 40, 15363 }, // U+1EAA
    { 8, 17, 133, 1, 17, 17, 15403 }, // U+1EAB
    { 15, 23, 231, 0, 18, 44, 15420 }, // U+1EAC
    { 8, 18, 133, 1, 14, 18, 15464 }, // U+1EAD
    { 16, 20, 231, 0, 20, 40, 15482 }, // U+1EAE
    { 8, 16, 133, 1, 16, 16, 15522 }, // U+1EAF
    { 16, 20, 231, 0, 20, 40, 15538 }, // U+1EB0
    { 8, 16, 133, 1, 16, 16, 15578 }, // U+1EB1
    { 16, 21, 231, 0, 21, 42, 15594 }, // U+1EB2
    { 8, 15, 133, 1, 15, 15, 15636 }, // U+1EB3
    { 16, 21, 231, 0, 21, 42, 15651 }, // U+1EB4
    { 8, 15, 133, 1, 15, 15, 15693 }, // U+1EB5
    { 16, 23, 231, 0, 18, 46, 15708 }, // U+1EB6
    { 7, 18, 133, 1, 14, 16, 15754 }, // U+1EB7
    { 12, 19, 188, 0, 14, 29, 15770 }, // U+1EB8
    { 8, 13, 130, 1, 9, 13, 15799 }, // U+1EB9
    { 12, 19, 188, 0, 19, 29, 15812 }, // U+1EBA
    { 8, 14, 130, 1, 14, 14, 15841 }, // U+1EBB
    { 12, 18, 188, 0, 18, 27, 15855 }, // U+1EBC
    { 8, 14, 130, 1, 14, 14, 15882 }, // U+1EBD
    { 12, 19, 178, 0, 19, 29, 15896 }, // U+1EBE
    { 8, 15, 130, 1, 15, 15, 15925 }, // U+1EBF
    { 12, 19, 178, 0, 19, 29, 15940 }, // U+1EC0
    { 9, 15, 130, 0, 15, 17, 15969 }, // U+1EC1
    { 12, 19, 178, 0, 19, 29, 15986 }, // U+1EC2
    { 8, 15, 130, 1, 15, 15, 16015 }, // U+1EC3
    { 12, 21, 178, 0, 21, 32, 16030 }, // U+1EC4
    { 8, 17, 130, 1, 17, 17, 16062 }, // U+1EC5
    { 12, 23, 188, 0, 18, 35, 16079 }, // U+1EC6
    { 8, 18, 130, 1, 14, 18, 16114 }, // U+1EC7
    { 8, 19, 113, 0, 19, 19, 16132 }, // U+1EC8
    { 6, 14, 82, 0, 14, 11, 16151 }, // U+1EC9
    { 8, 19, 113, -1, 14, 19, 16162 }, // U+1ECA
    { 6, 19, 82, 0, 14, 15, 16181 }, // U+1ECB
    { 14, 18, 254, 1, 14, 32, 16196 }, // U+1ECC
    { 9, 13, 165, 1, 9, 15, 16228 }, // U+1ECD
    { 14, 19, 254, 1, 19, 34, 16243 }, // U+1ECE
    { 9, 14, 165, 1, 14, 16, 16277 }, // U+1ECF
    { 14, 19, 254, 1, 19, 34, 16293 }, // U+1ED0
    { 9, 15, 165, 1, 15, 17, 16327 }, // U+1ED1
    { 14, 19, 254, 1, 19, 34, 16344 }, // U+1ED2
    { 9, 15, 165, 1, 15, 17, 16378 }, // U+1ED3
    { 14, 20, 254, 1, 20, 35, 16395 }, // U+1ED4
    { 9, 15, 165, 1, 15, 17, 16430 }, // U+1ED5
    { 14, 21, 254, 1, 21, 37, 16447 }, // U+1ED6
    { 9, 17, 165, 1, 17, 20, 16484 }, // U+1ED7
    { 14, 22, 254, 1, 18, 39, 16504 }, // U+1ED8
    { 9, 18, 165, 1, 14, 21, 16543 }, // U+1ED9
    { 16, 19, 254, 1, 19, 38, 16564 }, // U+1EDA
    { 10, 14, 169, 1, 14, 18, 16602 }, // U+1EDB
    { 16, 19, 254, 1, 19, 38, 16620 }, // U+1EDC
    { 10, 14, 169, 1, 14, 18, 16658 }, // U+1EDD
    { 16, 19, 254, 1, 19, 38, 16676 }, // U+1EDE
    { 10, 14, 169, 1, 14, 18, 16714 }, // U+1EDF
    { 16, 18, 254, 1, 18, 36, 16732 }, // U+1EE0
    { 10, 14, 169, 1, 14, 18, 16768 }, // U+1EE1
    { 16, 19, 254, 1, 15, 38, 16786 }, // U+1EE2
    { 10, 15, 169, 1, 11, 19, 16824 }, // U+1EE3
    { 15, 18, 246, 0, 14, 34, 16843 }, // U+1EE4
    { 12, 13, 176, 0, 9, 20, 16877 }, // U+1EE5
    { 15, 19, 246, 0, 19, 36, 16897 }, // U+1EE6
    { 12, 14, 176, 0, 14, 21, 16933 }, // U+1EE7
    { 16, 19, 246, 0, 19, 38, 16954 }, // U+1EE8
    { 12, 15, 187, 0, 14, 23, 16992 }, // U+1EE9
    { 16, 19, 246, 0, 19, 38, 17015 }, // U+1EEA
    { 12, 15, 187, 0, 14, 23, 17053 }, // U+1EEB
    { 16, 19, 246, 0, 19, 38, 17076 }, // U+1EEC
    { 12, 15, 187, 0, 14, 23, 17114 }, // U+1EED
    { 16, 18, 246, 0, 18, 36, 17137 }, // U+1EEE
    { 12, 15, 187, 0, 14, 23, 17173 }, // U+1EEF
    { 16, 21, 246, 0, 17, 42, 17196 }, // U+1EF0
    { 12, 16, 187, 0, 12, 24, 17238 }, // U+1EF1
    { 14, 19, 193, -1, 19, 34, 17262 }, // U+1EF2
    { 10, 20, 146, -1, 14, 25, 17296 }, // U+1EF3
    { 14, 19, 193, -1, 14, 34, 17321 }, // U+1EF4
    { 10, 15, 146, 0, 9, 19, 17355 }, // U+1EF5
    { 14, 19, 193, -1, 19, 34, 17374 }, // U+1EF6
    { 11, 20, 146, 0, 14, 28, 17408 }, // U+1EF7
    { 14, 18, 193, -1, 18, 32, 17436 }, // U+1EF8
    { 10, 20, 146, -1, 14, 25, 17468 }, // U+1EF9
    { 0, 0, 167, 0, 0, 0, 17493 }, // U+2000
    { 0, 0, 333, 0, 0, 0, 17493 }, // U+2001
    { 0, 0, 167, 0, 0, 0, 17493 }, // U+2002
    { 0, 0, 333, 0, 0, 0, 17493 }, // U+2003
    { 0, 0, 111, 0, 0, 0, 17493 }, // U+2004
    { 0, 0, 83, 0, 0, 0, 17493 }, // U+2005
    { 0, 0, 55, 0, 0, 0, 17493 }, // U+2006
    { 0, 0, 176, 0, 0, 0, 17493 }, // U+2007
    { 0, 0, 76, 0, 0, 0, 17493 }, // U+2008
    { 0, 0, 33, 0, 0, 0, 17493 }, // U+2009
    { 0, 0, 3, 0, 0, 0, 17493 }, // U+200A
    { 0, 0, 0, 0, 0, 0, 17493 }, // U+200B
    { 0, 0, 0, 0, 0, 0, 17493 }, // U+200C
    { 0, 0, 0, 0, 0, 0, 17493 }, // U+200D
    { 0, 0, 111, 0, 0, 0, 17493 }, // U+200E
    { 0, 0, 111, 0, 0, 0, 17493 }, // U+200F
    { 6, 3, 91, 0, 6, 3, 17493 }, // U+2010
    { 6, 3, 91, 0, 6, 3, 17496 }, // U+2011
    { 11, 2, 176, 0, 5, 3, 17499 }, // U+2012
    { 10, 1, 183, 1, 5, 2, 17502 }, // U+2013
    { 18, 1, 317, 1, 5, 3, 17504 }, // U+2014
    { 40, 1, 666, 1, 5, 5, 17507 }, // U+2015
    { 5, 23, 135, 2, 16, 15, 17512 }, // U+2016
    { 4, 6, 81, 1, 15, 3, 17527 }, // U+2018
    { 4, 6, 81, 0, 15, 3, 17530 }, // U+2019
    { 4, 6, 81, 0, 3, 3, 17533 }, // U+201A
    { 8, 6, 139, 1, 15, 6, 17536 }, // U+201C
    { 8, 6, 139, 0, 15, 6, 17542 }, // U+201D
    { 8, 6, 139, 0, 3, 6, 17548 }, // U+201E
    { 8, 18, 147, 1, 14, 18, 17554 }, // U+2020
    { 8, 16, 147, 1, 14, 16, 17572 }, // U+2021
    { 5, 6, 116, 1, 11, 4, 17588 }, // U+2022
    { 2, 3, 77, 1, 3, 1, 17592 }, // U+2024
    { 7, 3, 153, 1, 3, 3, 17593 }, // U+2025
    { 12, 3, 229, 1, 3, 5, 17596 }, // U+2026
    { 2, 2, 59, 1, 9, 1, 17601 }, // U+2027
    { 0, 0, 0, 0, 0, 0, 17602 }, // U+202A
    { 20, 15, 321, 1, 14, 38, 17602 }, // U+2030
    { 3, 5, 59, 0, 14, 2, 17640 }, // U+2032
    { 6, 5, 105, 0, 14, 4, 17642 }, // U+2033
    { 9, 5, 151, 0, 14, 6, 17646 }, // U+2034
    { 3, 5, 59, 0, 14, 2, 17652 }, // U+2035
    { 6, 5, 105, 0, 14, 4, 17654 }, // U+2036
    { 9, 5, 151, 0, 14, 6, 17658 }, // U+2037
    { 6, 9, 128, 1, 9, 7, 17664 }, // U+2039
    { 6, 9, 128, 1, 9, 7, 17671 }, // U+203A
    { 7, 14, 148, 1, 14, 13, 17678 }, // U+203C
    { 5, 14, 127, 1, 14, 9, 17691 }, // U+203D
    { 9, 1, 167, 1, 13, 2, 17700 }, // U+203E
    { 11, 16, 17, -5, 14, 22, 17702 }, // U+2044
    { 11, 14, 220, 1, 14, 20, 17724 }, // U+2047
    { 9, 14, 180, 1, 14, 16, 17744 }, // U+2048
    { 9, 14, 195, 1, 14, 16, 17760 }, // U+2049
    { 12, 20, 198, 0, 14, 30, 17776 }, // U+204B
    { 7, 7, 113, 0, 7, 7, 17806 }, // U+204E
    { 12, 5, 197, 0, 14, 8, 17813 }, // U+2057
    { 0, 0, 0, 0, 0, 0, 17821 }, // U+2060
    { 7, 8, 100, 0, 17, 7, 17821 }, // U+2070
    { 4, 8, 67, 0, 14, 4, 17828 }, // U+2071
    { 7, 8, 100, 0, 17, 7, 17832 }, // U+2074
    { 6, 8, 100, 0, 17, 6, 17839 }, // U+2075
    { 7, 8, 100, 0, 17, 7, 17845 }, // U+2076
    { 6, 7, 100, 0, 16, 6, 17852 }, // U+2077
    { 6, 8, 100, 0, 17, 6, 17858 }, // U+2078
    { 7, 8, 100, 0, 17, 7, 17864 }, // U+2079
    { 7, 7, 134, 1, 16, 7, 17871 }, // U+207A
    { 8, 1, 126, 0, 13, 1, 17878 }, // U+207B
    { 8, 3, 134, 0, 14, 3, 17879 }, // U+207C
    { 5, 12, 69, 0, 19, 8, 17882 }, // U+207D
    { 5, 12, 69, -1, 18, 8, 17890 }, // U+207E
    { 8, 6, 126, 0, 12, 6, 17898 }, // U+207F
    { 7, 8, 100, 0, 5, 7, 17904 }, // U+2080
    { 5, 7, 86, 0, 4, 5, 17911 }, // U+2081
    { 6, 7, 100, 0, 4, 6, 17916 }, // U+2082
    { 6, 7, 95, 0, 4, 6, 17922 }, // U+2083
    { 7, 8, 100, 0, 5, 7, 17928 }, // U+2084
    { 6, 7, 100, 0, 4, 6, 17935 }, // U+2085
    { 7, 8, 100, 0, 5, 7, 17941 }, // U+2086
    { 6, 7, 100, 0, 4, 6, 17948 }, // U+2087
    { 6, 8, 100, 0, 5, 6, 17954 }, // U+2088
    { 7, 8, 100, 0, 5, 7, 17960 }, // U+2089
    { 7, 7, 134, 1, 4, 7, 17967 }, // U+208A
    { 8, 1, 125, 0, 1, 1, 17974 }, // U+208B
    { 8, 4, 134, 0, 3, 4, 17975 }, // U+208C
    { 5, 12, 69, 0, 6, 8, 17979 }, // U+208D
    { 5, 13, 69, -1, 6, 9, 17987 }, // U+208E
    { 7, 6, 100, 0, 3, 6, 17996 }, // U+2090
    { 6, 6, 86, 0, 3, 5, 18002 }, // U+2091
    { 7, 6, 103, 0, 2, 6, 18007 }, // U+2092
    { 6, 5, 100, 0, 2, 4, 18013 }, // U+2093
    { 6, 6, 87, 0, 3, 5, 18017 }, // U+2094
    { 8, 10, 126, 0, 7, 10, 18022 }, // U+2095
    { 8, 10, 117, 0, 7, 10, 18032 }, // U+2096
    { 4, 10, 67, 0, 7, 5, 18042 }, // U+2097
    { 10, 7, 179, 0, 4, 9, 18047 }, // U+2098
    { 8, 7, 126, 0, 4, 7, 18056 }, // U+2099
    { 8, 10, 116, 0, 4, 10, 18063 }, // U+209A
    { 5, 6, 76, 0, 3, 4, 18073 }, // U+209B
    { 4, 7, 76, 0, 4, 4, 18077 }, // U+209C
    { 13, 19, 237, 1, 17, 31, 18081 }, // U+20A1
    { 11, 14, 171, 0, 14, 20, 18112 }, // U+20A3
    { 10, 15, 163, 0, 15, 19, 18132 }, // U+20A4
    { 12, 16, 200, 0, 12, 24, 18151 }, // U+20A5
    { 19, 14, 275, -1, 14, 34, 18175 }, // U+20A6
    { 13, 14, 207, 0, 14, 23, 18209 }, // U+20A7
    { 18, 14, 290, 0, 14, 32, 18232 }, // U+20A8
    { 20, 15, 305, 0, 14, 38, 18264 }, // U+20A9
    { 14, 13, 268, 2, 13, 23, 18302 }, // U+20AA
    { 10, 17, 156, 1, 15, 22, 18325 }, // U+20AB
    { 16, 14, 236, -1, 14, 28, 18347 }, // U+20AC
    { 15, 14, 227, 0, 14, 27, 18375 }, // U+20AD
    { 14, 16, 223, 0, 16, 28, 18402 }, // U+20AE
    { 13, 14, 200, 0, 14, 23, 18430 }, // U+20B1
    { 14, 18, 243, 1, 16, 32, 18453 }, // U+20B2
    { 11, 14, 170, 0, 14, 20, 18485 }, // U+20B4
    { 13, 18, 237, 1, 16, 30, 18505 }, // U+20B5
    { 12, 14, 194, 1, 14, 21, 18535 }, // U+20B8
    { 10, 15, 158, 0, 14, 19, 18556 }, // U+20B9
    { 10, 14, 165, 0, 14, 18, 18575 }, // U+20BA
    { 15, 15, 246, 0, 15, 29, 18593 }, // U+20BC
    { 11, 14, 184, 0, 14, 20, 18622 }, // U+20BD
    { 19, 9, 333, 1, 11, 22, 18642 }, // U+2190
    { 9, 19, 147, 0, 15, 22, 18664 }, // U+2191
    { 19, 9, 333, 1, 11, 22, 18686 }, // U+2192
    { 9, 19, 146, 0, 14, 22, 18708 }, // U+2193
    { 19, 9, 333, 1, 11, 22, 18730 }, // U+2194
    { 9, 20, 133, 0, 15, 23, 18752 }, // U+2195
    { 16, 16, 267, 1, 13, 32, 18775 }, // U+2196
    { 17, 16, 270, 0, 12, 34, 18807 }, // U+2197
    { 16, 16, 267, 1, 12, 32, 18841 }, // U+2198
    { 16, 16, 270, 1, 13, 32, 18873 }, // U+2199
    { 19, 16, 333, 1, 14, 38, 18905 }, // U+219A
    { 19, 16, 333, 1, 14, 38, 18943 }, // U+219B
    { 19, 9, 334, 1, 11, 22, 18981 }, // U+219E
    { 9, 19, 146, 0, 15, 22, 19003 }, // U+219F
    { 19, 9, 334, 1, 11, 22, 19025 }, // U+21A0
    { 9, 19, 146, 0, 14, 22, 19047 }, // U+21A1
    { 18, 9, 307, 1, 11, 21, 19069 }, // U+21A2
    { 19, 16, 333, 1, 14, 38, 19090 }, // U+21AE
    { 19, 9, 333, 1, 12, 22, 19128 }, // U+21D0
    { 8, 19, 146, 1, 15, 19, 19150 }, // U+21D1
    { 19, 9, 333, 1, 12, 22, 19169 }, // U+21D2
    { 8, 19, 146, 1, 14, 19, 19191 }, // U+21D3
    { 19, 8, 334, 1, 11, 19, 19210 }, // U+21DA
    { 19, 8, 334, 1, 11, 19, 19229 }, // U+21DB
    { 9, 15, 162, 0, 15, 17, 19248 }, // U+2202
    { 13, 15, 230, 1, 13, 25, 19265 }, // U+2205
    { 13, 14, 225, 0, 14, 23, 19290 }, // U+2206
    { 13, 15, 225, 1, 14, 25, 19313 }, // U+2207
    { 17, 15, 276, 0, 14, 32, 19338 }, // U+220F
    { 17, 15, 276, 0, 14, 32, 19370 }, // U+2210
    { 11, 16, 164, -1, 14, 22, 19402 }, // U+2211
    { 11, 2, 200, 1, 6, 3, 19424 }, // U+2212
    { 11, 13, 197, 1, 13, 18, 19427 }, // U+2213
    { 8, 16, 133, 0, 14, 16, 19445 }, // U+2215
    { 8, 16, 133, 0, 14, 16, 19461 }, // U+2216
    { 3, 3, 67, 1, 6, 2, 19477 }, // U+2219
    { 11, 17, 120, 0, 14, 24, 19479 }, // U+221A
    { 14, 9, 250, 1, 9, 16, 19503 }, // U+221E
    { 2, 22, 87, 2, 15, 6, 19519 }, // U+2223
    { 9, 22, 87, -2, 15, 25, 19525 }, // U+2224
    { 4, 22, 127, 2, 15, 11, 19550 }, // U+2225
    { 9, 22, 127, -1, 15, 25, 19561 }, // U+2226
    { 11, 18, 104, -3, 14, 25, 19586 }, // U+222B
    { 3, 9, 83, 1, 8, 4, 19611 }, // U+2236
    { 9, 4, 167, 1, 9, 5, 19615 }, // U+223C
    { 9, 12, 167, 1, 13, 14, 19620 }, // U+2241
    { 9, 7, 167, 1, 9, 8, 19634 }, // U+2248
    { 10, 12, 189, 1, 11, 15, 19642 }, // U+2260
    { 11, 11, 197, 1, 11, 16, 19657 }, // U+2264
    { 11, 11, 197, 1, 11, 16, 19673 }, // U+2265
    { 16, 11, 286, 1, 10, 22, 19689 }, // U+226A
    { 16, 11, 286, 1, 10, 22, 19711 }, // U+226B
    { 10, 14, 187, 1, 12, 18, 19733 }, // U+226E
    { 10, 14, 187, 1, 12, 18, 19751 }, // U+226F
    { 3, 3, 67, 1, 6, 2, 19769 }, // U+22C5
    { 11, 3, 207, 1, 6, 5, 19771 }, // U+22EF
    { 14, 15, 192, 0, 15, 27, 19776 }, // U+FB00
    { 11, 15, 173, 0, 15, 21, 19803 }, // U+FB01
    { 11, 15, 169, 0, 15, 21, 19824 }, // U+FB02
    { 17, 15, 259, 0, 15, 32, 19845 }, // U+FB03
    { 16, 15, 254, 0, 15, 30, 19877 }, // U+FB04
    { 13, 15, 198, 0, 15, 25, 19907 }, // U+FB05
    { 13, 14, 207, 0, 14, 23, 19932 }, // U+FB06
    { 16, 17, 252, 0, 16, 34, 19955 }, // U+FFFD
};

static const EpdUnicodeInterval ebgaramond_10_regularIntervals[] = {
    { 0x0, 0x0, 0x0 },
    { 0xD, 0xD, 0x1 },
    { 0x20, 0x7E, 0x2 },
    { 0xA0, 0x17F, 0x61 },
    { 0x1A0, 0x1A1, 0x141 },
    { 0x1AF, 0x1B0, 0x143 },
    { 0x1C4, 0x21F, 0x145 },
    { 0x300, 0x33E, 0x1A1 },
    { 0x340, 0x345, 0x1E0 },
    { 0x34F, 0x34F, 0x1E6 },
    { 0x351, 0x351, 0x1E7 },
    { 0x353, 0x353, 0x1E8 },
    { 0x357, 0x357, 0x1E9 },
    { 0x35D, 0x35D, 0x1EA },
    { 0x361, 0x361, 0x1EB },
    { 0x364, 0x364, 0x1EC },
    { 0x400, 0x45F, 0x1ED },
    { 0x462, 0x463, 0x24D },
    { 0x46A, 0x46B, 0x24F },
    { 0x470, 0x470, 0x251 },
    { 0x472, 0x477, 0x252 },
    { 0x48A, 0x4FF, 0x258 },
    { 0x5D0, 0x5EA, 0x2CE },
    { 0x1EA0, 0x1EF9, 0x2E9 },
    { 0x2000, 0x2016, 0x343 },
    { 0x2018, 0x201A, 0x35A },
    { 0x201C, 0x201E, 0x35D },
    { 0x2020, 0x2022, 0x360 },
    { 0x2024, 0x2027, 0x363 },
    { 0x202A, 0x202A, 0x367 },
    { 0x2030, 0x2030, 0x368 },
    { 0x2032, 0x2037, 0x369 },
    { 0x2039, 0x203A, 0x36F },
    { 0x203C, 0x203E, 0x371 },
    { 0x2044, 0x2044, 0x374 },
    { 0x2047, 0x2049, 0x375 },
    { 0x204B, 0x204B, 0x378 },
    { 0x204E, 0x204E, 0x379 },
    { 0x2057, 0x2057, 0x37A },
    { 0x2060, 0x2060, 0x37B },
    { 0x2070, 0x2071, 0x37C },
    { 0x2074, 0x208E, 0x37E },
    { 0x2090, 0x209C, 0x399 },
    { 0x20A1, 0x20A1, 0x3A6 },
    { 0x20A3, 0x20AE, 0x3A7 },
    { 0x20B1, 0x20B2, 0x3B3 },
    { 0x20B4, 0x20B5, 0x3B5 },
    { 0x20B8, 0x20BA, 0x3B7 },
    { 0x20BC, 0x20BD, 0x3BA },
    { 0x2190, 0x219B, 0x3BC },
    { 0x219E, 0x21A2, 0x3C8 },
    { 0x21AE, 0x21AE, 0x3CD },
    { 0x21D0, 0x21D3, 0x3CE },
    { 0x21DA, 0x21DB, 0x3D2 },
    { 0x2202, 0x2202, 0x3D4 },
    { 0x2205, 0x2207, 0x3D5 },
    { 0x220F, 0x2213, 0x3D8 },
    { 0x2215, 0x2216, 0x3DD },
    { 0x2219, 0x221A, 0x3DF },
    { 0x221E, 0x221E, 0x3E1 },
    { 0x2223, 0x2226, 0x3E2 },
    { 0x222B, 0x222B, 0x3E6 },
    { 0x2236, 0x2236, 0x3E7 },
    { 0x223C, 0x223C, 0x3E8 },
    { 0x2241, 0x2241, 0x3E9 },
    { 0x2248, 0x2248, 0x3EA },
    { 0x2260, 0x2260, 0x3EB },
    { 0x2264, 0x2265, 0x3EC },
    { 0x226A, 0x226B, 0x3EE },
    { 0x226E, 0x226F, 0x3F0 },
    { 0x22C5, 0x22C5, 0x3F2 },
    { 0x22EF, 0x22EF, 0x3F3 },
    { 0xFB00, 0xFB06, 0x3F4 },
    { 0xFFFD, 0xFFFD, 0x3FB },
};

static const uint16_t ebgaramond_10_regularKernLeftCodepoints[] = {
    0x0026, 0x002A, 0x002C, 0x002D, 0x002E, 0x002F, 0x003A, 0x0041, 0x0042, 0x0043, 0x0044, 0x0045,
    0x0046, 0x0048, 0x0049, 0x004A, 0x004C, 0x004D, 0x004F, 0x0050, 0x0051, 0x0052, 0x0053, 0x0054,
    0x0056, 0x0057, 0x0058, 0x0059, 0x005C, 0x0061, 0x0062, 0x0063, 0x0064, 0x0065, 0x0066, 0x0067,
    0x0068, 0x006C, 0x006D, 0x006E, 0x006F, 0x0070, 0x0071, 0x0073, 0x0076, 0x0077, 0x0078, 0x0079,
    0x00A1, 0x00AB, 0x00B6, 0x00B7, 0x00BB, 0x00C0, 0x00C1, 0x00C2, 0x00C3, 0x00C4, 0x00C5, 0x00C6,
    0x00C7, 0x00C8, 0x00C9, 0x00CA, 0x00CB, 0x00CC, 0x00CD, 0x00CE, 0x00CF, 0x00D0, 0x00D2, 0x00D3,
    0x00D4, 0x00D5, 0x00D6, 0x00D8, 0x00DD, 0x00E0, 0x00E1, 0x00E2, 0x00E3, 0x00E4, 0x00E5, 0x00E6,
    0x00E7, 0x00E8, 0x00E9, 0x00EA, 0x00EB, 0x00F1, 0x00F2, 0x00F3, 0x00F4, 0x00F5, 0x00F6, 0x00F8,
    0x00FD, 0x00FE, 0x00FF, 0x0100, 0x0101, 0x0102, 0x0103, 0x0104, 0x0105, 0x0106, 0x0107, 0x0108,
    0x0109, 0x010A, 0x010B, 0x010C, 0x010D, 0x010E, 0x0110, 0x0111, 0x0112, 0x0113, 0x0114, 0x0115,
    0x0116, 0x0117, 0x0118, 0x0119, 0x011A, 0x011B, 0x011D, 0x011F, 0x0121, 0x0123, 0x0124, 0x0125,
    0x0126, 0x0127, 0x0128, 0x012A, 0x012C, 0x012E, 0x0130, 0x0132, 0x0134, 0x0139, 0x013A, 0x013B,
    0x013C, 0x013D, 0x013F, 0x0141, 0x0142, 0x0144, 0x0146, 0x0148, 0x0149, 0x014C, 0x014D, 0x014E,
    0x014F, 0x0150, 0x0151, 0x0152, 0x0153, 0x0154, 0x0156, 0x0158, 0x015A, 0x015B, 0x015C, 0x015D,
    0x015E, 0x015F, 0x0160, 0x0161, 0x0162, 0x0164, 0x0166, 0x0174, 0x0175, 0x0176, 0x0177, 0x0178,
    0x017F, 0x01A0, 0x01C7, 0x01CA, 0x01CD, 0x01CE, 0x01CF, 0x01D1, 0x01D2, 0x01DD, 0x01DE, 0x01DF,
    0x01E0, 0x01E1, 0x01E2, 0x01E3, 0x01E5, 0x01E7, 0x01EA, 0x01EB, 0x01EC, 0x01ED, 0x01EE, 0x01EF,
    0x01F5, 0x01F9, 0x01FA, 0x01FB, 0x01FC, 0x01FD, 0x01FE, 0x01FF, 0x0200, 0x0201, 0x0202, 0x0203,
    0x0204, 0x0205, 0x0206, 0x0207, 0x0208, 0x020A, 0x020C, 0x020D, 0x020E, 0x020F, 0x0210, 0x0212,
    0x0218, 0x0219, 0x021A, 0x021E, 0x021F, 0x0400, 0x0401, 0x0402, 0x0403, 0x0404, 0x0405, 0x0406,
    0x0407, 0x0408, 0x0409, 0x040A, 0x040B, 0x040C, 0x040D, 0x040E, 0x040F, 0x0410, 0x0411, 0x0412,
    0x0413, 0x0414, 0x0415, 0x0416, 0x0417, 0x0418, 0x0419, 0x041A, 0x041B, 0x041C, 0x041D, 0x041E,
    0x041F, 0x0420, 0x0421, 0x0422, 0x0423, 0x0424, 0x0425, 0x0426, 0x0427, 0x0428, 0x0429, 0x042A,
    0x042B, 0x042C, 0x042D, 0x042E, 0x042F, 0x0430, 0x0431, 0x0432, 0x0433, 0x0434, 0x0435, 0x0436,
    0x0437, 0x0438, 0x0439, 0x043A, 0x043B, 0x043C, 0x043D, 0x043E, 0x043F, 0x0440, 0x0441, 0x0442,
    0x0443, 0x0444, 0x0445, 0x0446, 0x0447, 0x0448, 0x0449, 0x044A, 0x044B, 0x044C, 0x044D, 0x044E,
    0x044F, 0x0450, 0x0451, 0x0452, 0x0453, 0x0454, 0x0455, 0x0459, 0x045A, 0x045B, 0x045C, 0x045D,
    0x045E, 0x045F, 0x0462, 0x0463, 0x046A, 0x046B, 0x0470, 0x0472, 0x0473, 0x0474, 0x0475, 0x0476,
    0x0477, 0x048A, 0x048B, 0x048C, 0x048D, 0x048E, 0x048F, 0x0490, 0x0491, 0x0492, 0x0493, 0x0494,
    0x0495, 0x0496, 0x0497, 0x0498, 0x0499, 0x049A, 0x049B, 0x049C, 0x049D, 0x049E, 0x049F, 0x04A0,
    0x04A1, 0x04A2, 0x04A3, 0x04A4, 0x04A5, 0x04A6, 0x04A7, 0x04A8, 0x04A9, 0x04AA, 0x04AB, 0x04AC,
    0x04AD, 0x04AE, 0x04AF, 0x04B0, 0x04B1, 0x04B2, 0x04B3, 0x04B4, 0x04B5, 0x04B6, 0x04B7, 0x04B8,
    0x04B9, 0x04BA, 0x04BB, 0x04BC, 0x04BD, 0x04BE, 0x04BF, 0x04C0, 0x04C1, 0x04C2, 0x04C3, 0x04C4,
    0x04C5, 0x04C6, 0x04C7, 0x04C8, 0x04C9, 0x04CA, 0x04CB, 0x04CC, 0x04CD, 0x04CE, 0x04D0, 0x04D1,
    0x04D2, 0x04D3, 0x04D4, 0x04D5, 0x04D6, 0x04D7, 0x04D8, 0x04D9, 0x04DA, 0x04DB, 0x04DC, 0x04DD,
    0x04DE, 0x04DF, 0x04E0, 0x04E1, 0x04E2, 0x04E3, 0x04E4, 0x04E5, 0x04E6, 0x04E7, 0x04E8, 0x04E9,
    0x04EA, 0x04EB, 0x04EC, 0x04ED, 0x04EE, 0x04EF, 0x04F0, 0x04F1, 0x04F2, 0x04F3, 0x04F4, 0x04F5,
    0x04F6, 0x04F7, 0x04F8, 0x04F9, 0x04FA, 0x04FB, 0x04FC, 0x04FD, 0x04FE, 0x04FF, 0x05D0, 0x05D1,
    0x05D2, 0x05D3, 0x05D5, 0x05D6, 0x05D8, 0x05D9, 0x05DB, 0x05DC, 0x05DE, 0x05E0, 0x05E1, 0x05E2,
    0x05E4, 0x05E6, 0x05E8, 0x05E9, 0x05EA, 0x1EA0, 0x1EA1, 0x1EA2, 0x1EA3, 0x1EA4, 0x1EA5, 0x1EA6,
    0x1EA7, 0x1EA8, 0x1EA9, 0x1EAA, 0x1EAB, 0x1EAC, 0x1EAD, 0x1EAE, 0x1EAF, 0x1EB0, 0x1EB1, 0x1EB2,
    0x1EB3, 0x1EB4, 0x1EB5, 0x1EB6, 0x1EB7, 0x1EB8, 0x1EB9, 0x1EBA, 0x1EBB, 0x1EBC, 0x1EBD, 0x1EBE,
    0x1EBF, 0x1EC0, 0x1EC1, 0x1EC2, 0x1EC3, 0x1EC4, 0x1EC5, 0x1EC6, 0x1EC7, 0x1EC8, 0x1ECA, 0x1ECC,
    0x1ECD, 0x1ECE, 0x1ECF, 0x1ED0, 0x1ED1, 0x1ED2, 0x1ED3, 0x1ED4, 0x1ED5, 0x1ED6, 0x1ED7, 0x1ED8,
    0x1ED9, 0x1EDA, 0x1EDC, 0x1EDE, 0x1EE0, 0x1EE2, 0x1EF2, 0x1EF3, 0x1EF4, 0x1EF5, 0x1EF6, 0x1EF7,
    0x1EF8, 0x1EF9, 0x2018, 0x2019, 0x201A, 0x201C, 0x201D, 0x201E, 0x2020, 0x2022,
};

static const uint8_t ebgaramond_10_regularKernLeftClassIds[] = {
      1,   2,   3,   4,   3,   5,   6,   7,   8,   9,  10,  11,  12,  13,  13,  14,
     15,  16,  10,  17,  10,  18,  19,  20,  21,  21,  22,  23,  24,  25,  26,  27,
     28,  29,  30,  31,  32,  28,  32,  32,  26,  26,  33,  34,  35,  35,  36,  35,
     37,  38,  39,  40,  41,   7,   7,   7,   7,   7,   7,  11,   9,  11,  11,  11,
     11,  13,  13,  13,  13,  10,  10,  10,  10,  10,  10,  10,  23,  25,  25,  25,
     25,  25,  25,  29,  27,  29,  29,  29,  29,  32,  26,  26,  26,  26,  26,  26,
     35,  26,  35,   7,  25,   7,  25,   7,  25,   9,  27,   9,  27,   9,  27,   9,
     27,  10,  10,  28,  11,  29,  11,  29,  11,  29,  11,  29,  11,  29,  31,  31,
     31,  31,  13,  32,  13,  32,  13,  13,  13,  13,  13,  14,  14,  15,  28,  15,
     28,  15,  15,  15,  28,  32,  32,  32,  32,  10,  26,  10,  26,  10,  26,  11,
     29,  18,  18,  18,  19,  34,  19,  34,  19,  34,  19,  34,  20,  20,  20,  21,
     35,  23,  35,  23,  42,  10,  14,  14,   7,  25,  13,  10,  26,  26,   7,  25,
      7,  25,  11,  29,  31,  31,  10,  26,  10,  26,  43,  44,  31,  32,   7,  25,
     11,  29,  10,  26,   7,  25,   7,  25,  11,  29,  11,  29,  13,  13,  10,  26,
     10,  26,  18,  18,  19,  34,  20,  13,  32,  11,  11,  45,  46,   9,  19,  13,
     13,  14,  47,  47,  48,  49,  13,  21,  13,   7,  50,   8,  46,  13,  11,  49,
      8,  13,  13,  49,  13,  16,  13,  10,  13,  17,   9,  20,  21,  51,  22,  13,
     13,  13,  13,  47,  13,  47,  10,  10,  13,  25,  26,  52,  53,  54,  29,  55,
     52,  54,  54,  55,  54,  54,  54,  26,  54,  26,  27,  56,  35,  26,  36,  54,
     54,  54,  54,  57,  54,  57,  26,  26,  54,  29,  29,  58,  53,  27,  34,  57,
     57,  32,  55,  54,  35,  54,  59,  60,  61,  62,  63,  10,  26,  21,  64,  21,
     64,  13,  54,  59,  60,  17,  26,  46,  65,  46,  53,  66,  67,  49,  55,   8,
     52,  49,  55,  49,  55,  49,  55,  49,  55,  13,  54,  20,  56,  68,  58,  69,
     70,   9,  27,  20,  56,  23,  35,  23,  35,  22,  36,  13,  54,  13,  54,  13,
     54,  71,  32,  72,  29,  72,  29,  13,  49,  55,  73,  74,  13,  54,  14,  75,
     13,  54,  13,  54,  16,  54,   7,  25,   7,  25,  11,  29,  11,  29,  10,  26,
     10,  26,  49,  55,   8,  52,  43,  44,  13,  54,  13,  54,  10,  26,  10,  26,
     10,  26,  10,  26,  21,  35,  21,  35,  21,  35,  13,  54,  46,  53,  13,  54,
     46,  53,  76,  77,  22,  36,  78,  79,  80,  81,  82,  83,  84,  85,  86,  87,
     88,  89,  90,  91,  92,  93,  94,  95,  96,   7,  25,   7,  25,   7,  25,   7,
     25,   7,  25,   7,  25,   7,  25,   7,  25,   7,  25,   7,  25,   7,  25,   7,
     25,  11,  29,  11,  29,  11,  29,  11,  29,  11,  29,  11,  29,  11,  29,  11,
     29,  13,  13,  10,  26,  10,  26,  10,  26,  10,  26,  10,  26,  10,  26,  10,
     26,  10,  10,  10,  10,  10,  23,  35,  23,  35,  23,  35,  23,  35,  97,  98,
      3,  97,  98,   3,  99, 100,
};

static const uint16_t ebgaramond_10_regularKernRightCodepoints[] = {
    0x0021, 0x0026, 0x0029, 0x002A, 0x002C, 0x002D, 0x002E, 0x002F, 0x003A, 0x003B, 0x003F, 0x0041,
    0x0042, 0x0043, 0x0044, 0x0045, 0x0046, 0x0047, 0x0048, 0x0049, 0x004B, 0x004C, 0x004D, 0x004E,
    0x004F, 0x0050, 0x0051, 0x0052, 0x0053, 0x0054, 0x0056, 0x0057, 0x0058, 0x0059, 0x005C, 0x005D,
    0x0061, 0x0062, 0x0063, 0x0064, 0x0065, 0x0068, 0x0069, 0x006A, 0x006B, 0x006C, 0x006D, 0x006E,
    0x006F, 0x0070, 0x0071, 0x0072, 0x0073, 0x0074, 0x0076, 0x0077, 0x0078, 0x0079, 0x007A, 0x007D,
    0x00AB, 0x00B7, 0x00BB, 0x00C0, 0x00C1, 0x00C2, 0x00C3, 0x00C4, 0x00C5, 0x00C6, 0x00C7, 0x00C8,
    0x00C9, 0x00CA, 0x00CB, 0x00CC, 0x00CD, 0x00CE, 0x00CF, 0x00D0, 0x00D1, 0x00D2, 0x00D3, 0x00D4,
    0x00D5, 0x00D6, 0x00D8, 0x00DD, 0x00DE, 0x00E0, 0x00E1, 0x00E2, 0x00E3, 0x00E4, 0x00E5, 0x00E6,
    0x00E7, 0x00E8, 0x00E9, 0x00EA, 0x00EB, 0x00EC, 0x00ED, 0x00EE, 0x00EF, 0x00F0, 0x00F1, 0x00F2,
    0x00F3, 0x00F4, 0x00F5, 0x00F6, 0x00F8, 0x00FD, 0x00FE, 0x00FF, 0x0100, 0x0101, 0x0102, 0x0103,
    0x0104, 0x0105, 0x0106, 0x0107, 0x0108, 0x0109, 0x010A, 0x010B, 0x010C, 0x010D, 0x010E, 0x010F,
    0x0110, 0x0111, 0x0112, 0x0113, 0x0114, 0x0115, 0x0116, 0x0117, 0x0118, 0x0119, 0x011A, 0x011B,
    0x011C, 0x011E, 0x0120, 0x0122, 0x0124, 0x0125, 0x0126, 0x0127, 0x0128, 0x0129, 0x012A, 0x012B,
    0x012C, 0x012D, 0x012E, 0x012F, 0x0130, 0x0131, 0x0132, 0x0133, 0x0135, 0x0136, 0x0137, 0x0138,
    0x0139, 0x013A, 0x013B, 0x013C, 0x013D, 0x013E, 0x013F, 0x0140, 0x0141, 0x0142, 0x0143, 0x0144,
    0x0145, 0x0146, 0x0147, 0x0148, 0x0149, 0x014A, 0x014B, 0x014C, 0x014D, 0x014E, 0x014F, 0x0150,
    0x0151, 0x0152, 0x0153, 0x0154, 0x0155, 0x0156, 0x0157, 0x0158, 0x0159, 0x015A, 0x015B, 0x015C,
    0x015D, 0x015E, 0x015F, 0x0160, 0x0161, 0x0162, 0x0163, 0x0164, 0x0165, 0x0166, 0x0167, 0x0174,
    0x0175, 0x0176, 0x0177, 0x0178, 0x017A, 0x017C, 0x017E, 0x01A0, 0x01A1, 0x01C4, 0x01C5, 0x01C6,
    0x01C7, 0x01C8, 0x01C9, 0x01CA, 0x01CB, 0x01CC, 0x01CD, 0x01CE, 0x01CF, 0x01D0, 0x01D1, 0x01D2,
    0x01DD, 0x01DE, 0x01DF, 0x01E0, 0x01E1, 0x01E2, 0x01E3, 0x01E4, 0x01E6, 0x01E8, 0x01E9, 0x01EA,
    0x01EB, 0x01EC, 0x01ED, 0x01EE, 0x01EF, 0x01F0, 0x01F1, 0x01F2, 0x01F3, 0x01F4, 0x01F6, 0x01F8,
    0x01F9, 0x01FA, 0x01FB, 0x01FC, 0x01FD, 0x01FE, 0x01FF, 0x0200, 0x0201, 0x0202, 0x0203, 0x0204,
    0x0205, 0x0206, 0x0207, 0x0208, 0x0209, 0x020A, 0x020B, 0x020C, 0x020D, 0x020E, 0x020F, 0x0210,
    0x0211, 0x0212, 0x0213, 0x0218, 0x0219, 0x021A, 0x021B, 0x021E, 0x021F, 0x0400, 0x0401, 0x0402,
    0x0403, 0x0404, 0x0405, 0x0406, 0x0407, 0x0409, 0x040A, 0x040B, 0x040C, 0x040D, 0x040E, 0x040F,
    0x0410, 0x0411, 0x0412, 0x0413, 0x0414, 0x0415, 0x0416, 0x0417, 0x0418, 0x0419, 0x041A, 0x041B,
    0x041C, 0x041D, 0x041E, 0x041F, 0x0420, 0x0421, 0x0422, 0x0423, 0x0424, 0x0425, 0x0426, 0x0427,
    0x0428, 0x0429, 0x042A, 0x042B, 0x042C, 0x042D, 0x042E, 0x042F, 0x0430, 0x0431, 0x0432, 0x0433,
    0x0434, 0x0435, 0x0436, 0x0437, 0x0438, 0x0439, 0x043A, 0x043B, 0x043C, 0x043D, 0x043E, 0x043F,
    0x0440, 0x0441, 0x0442, 0x0443, 0x0444, 0x0445, 0x0446, 0x0447, 0x0448, 0x0449, 0x044A, 0x044B,
    0x044C, 0x044D, 0x044E, 0x044F, 0x0450, 0x0451, 0x0452, 0x0453, 0x0454, 0x0455, 0x0456, 0x0457,
    0x0458, 0x0459, 0x045A, 0x045B, 0x045C, 0x045D, 0x045E, 0x045F, 0x0462, 0x0463, 0x046A, 0x046B,
    0x0470, 0x0472, 0x0473, 0x0474, 0x0475, 0x0476, 0x0477, 0x048A, 0x048B, 0x048C, 0x048D, 0x048E,
    0x048F, 0x0490, 0x0491, 0x0492, 0x0493, 0x0494, 0x0495, 0x0496, 0x0497, 0x0498, 0x0499, 0x049A,
    0x049B, 0x049C, 0x049D, 0x049E, 0x049F, 0x04A0, 0x04A1, 0x04A2, 0x04A3, 0x04A4, 0x04A5, 0x04A6,
    0x04A7, 0x04A8, 0x04A9, 0x04AA, 0x04AB, 0x04AC, 0x04AD, 0x04AE, 0x04AF, 0x04B0, 0x04B1, 0x04B2,
    0x04B3, 0x04B4, 0x04B5, 0x04B6, 0x04B7, 0x04B8, 0x04B9, 0x04BA, 0x04BB, 0x04BC, 0x04BD, 0x04BE,
    0x04BF, 0x04C0, 0x04C1, 0x04C2, 0x04C3, 0x04C4, 0x04C5, 0x04C6, 0x04C7, 0x04C8, 0x04C9, 0x04CA,
    0x04CB, 0x04CC, 0x04CD, 0x04CE, 0x04D0, 0x04D1, 0x04D2, 0x04D3, 0x04D4, 0x04D5, 0x04D6, 0x04D7,
    0x04D8, 0x04D9, 0x04DA, 0x04DB, 0x04DC, 0x04DD, 0x04DE, 0x04DF, 0x04E0, 0x04E1, 0x04E2, 0x04E3,
    0x04E4, 0x04E5, 0x04E6, 0x04E7, 0x04E8, 0x04E9, 0x04EA, 0x04EB, 0x04EC, 0x04ED, 0x04EE, 0x04EF,
    0x04F0, 0x04F1, 0x04F2, 0x04F3, 0x04F4, 0x04F5, 0x04F6, 0x04F7, 0x04F8, 0x04F9, 0x04FB, 0x04FC,
    0x04FD, 0x04FE, 0x04FF, 0x05D0, 0x05D1, 0x05D2, 0x05D3, 0x05D4, 0x05D6, 0x05D7, 0x05D8, 0x05D9,
    0x05DA, 0x05DB, 0x05DC, 0x05DD, 0x05DE, 0x05DF, 0x05E1, 0x05E2, 0x05E3, 0x05E4, 0x05E5, 0x05E7,
    0x05E8, 0x05E9, 0x05EA, 0x1EA0, 0x1EA1, 0x1EA2, 0x1EA3, 0x1EA4, 0x1EA5, 0x1EA6, 0x1EA7, 0x1EA8,
    0x1EA9, 0x1EAA, 0x1EAB, 0x1EAC, 0x1EAD, 0x1EAE, 0x1EAF, 0x1EB0, 0x1EB1, 0x1EB2, 0x1EB3, 0x1EB4,
    0x1EB5, 0x1EB6, 0x1EB7, 0x1EB8, 0x1EB9, 0x1EBA, 0x1EBB, 0x1EBC, 0x1EBD, 0x1EBE, 0x1EBF, 0x1EC0,
    0x1EC1, 0x1EC2, 0x1EC3, 0x1EC4, 0x1EC5, 0x1EC6, 0x1EC7, 0x1EC8, 0x1EC9, 0x1ECA, 0x1ECB, 0x1ECC,
    0x1ECD, 0x1ECE, 0x1ECF, 0x1ED0, 0x1ED1, 0x1ED2, 0x1ED3, 0x1ED4, 0x1ED5, 0x1ED6, 0x1ED7, 0x1ED8,
    0x1ED9, 0x1EDA, 0x1EDB, 0x1EDC, 0x1EDD, 0x1EDE, 0x1EDF, 0x1EE0, 0x1EE1, 0x1EE2, 0x1EE3, 0x1EF2,
    0x1EF3, 0x1EF4, 0x1EF5, 0x1EF6, 0x1EF7, 0x1EF8, 0x1EF9, 0x2018, 0x2019, 0x201A, 0x201C, 0x201D,
    0x201E, 0x2020, 0x2022, 0x203C, 0x203D, 0x2047, 0x2048, 0x2049,
};

static const uint8_t ebgaramond_10_regularKernRightClassIds[] = {
      1,   2,   3,   4,   5,   6,   5,   7,   8,   8,   9,  10,  11,  12,  11,  11,
     11,  12,  11,  11,  11,  11,  13,  11,  12,  11,  12,  11,  14,  15,  16,  16,
     17,  18,  19,   3,  20,  21,  22,  22,  22,  23,  24,  25,  23,  23,  26,  26,
     22,  26,  22,  26,  27,  28,  29,  29,  30,  31,  32,   3,  33,  34,  35,  10,
     10,  10,  10,  10,  10,  36,  12,  11,  11,  11,  11,  11,  11,  11,  11,  11,
     11,  12,  12,  12,  12,  12,  12,  18,  11,  20,  20,  20,  20,  20,  20,  20,
     22,  22,  22,  22,  22,  24,  24,  24,  24,  37,  26,  22,  22,  22,  22,  22,
     22,  31,  23,  31,  10,  20,  10,  20,  10,  20,  12,  22,  12,  22,  12,  22,
     12,  22,  11,  22,  11,  22,  11,  22,  11,  22,  11,  22,  11,  22,  11,  22,
     12,  12,  12,  12,  11,  23,  11,  23,  11,  24,  11,  24,  11,  24,  11,  24,
     11,  26,  11,  24,  38,  11,  23,  26,  11,  23,  11,  23,  11,  23,  11,  23,
     11,  23,  11,  26,  11,  26,  11,  26,  26,  11,  26,  12,  22,  12,  22,  12,
     22,  12,  22,  11,  26,  11,  26,  11,  26,  14,  27,  14,  27,  14,  27,  14,
     27,  15,  28,  15,  28,  15,  28,  16,  29,  18,  31,  18,  32,  32,  32,  12,
     22,  11,  11,  22,  11,  11,  23,  11,  11,  26,  10,  20,  11,  24,  12,  22,
     39,  10,  20,  10,  20,  36,  20,  12,  12,  11,  23,  12,  22,  12,  22,  40,
     32,  38,  11,  11,  22,  12,  11,  11,  26,  10,  20,  36,  20,  12,  22,  10,
     20,  10,  20,  11,  22,  11,  22,  11,  24,  11,  26,  12,  22,  12,  22,  11,
     26,  11,  26,  14,  27,  15,  28,  11,  23,  11,  11,  41,  11,  12,  14,  11,
     11,  42,  11,  41,  11,  11,  43,  11,  10,  11,  11,  11,  42,  11,  44,  40,
     11,  11,  11,  42,  13,  11,  12,  11,  11,  12,  15,  43,  45,  17,  11,  46,
     11,  11,  41,  11,  11,  40,  11,  47,  20,  48,  26,  26,  49,  22,  50,  51,
     26,  26,  26,  49,  52,  26,  22,  26,  26,  22,  53,  31,  22,  30,  26,  54,
     26,  26,  53,  26,  26,  51,  26,  55,  22,  22,  23,  26,  22,  27,  24,  24,
     56,  49,  26,  23,  26,  26,  31,  26,  57,  58,  59,  60,  61,  12,  22,  16,
     29,  16,  29,  11,  26,  62,  58,  11,  26,  11,  26,  11,  26,  11,  26,  44,
     50,  40,  51,  11,  26,  11,  26,  62,  58,  41,  53,  11,  26,  11,  26,  11,
     26,  12,  22,  12,  22,  15,  53,  18,  29,  18,  29,  17,  30,  41,  53,  46,
     54,  46,  54,  11,  23,  63,  64,  63,  64,  11,  44,  50,  11,  26,  42,  49,
     11,  26,  11,  26,  46,  54,  13,  52,  10,  20,  10,  20,  36,  20,  11,  22,
     65,  39,  65,  39,  44,  50,  40,  51,  40,  32,  11,  26,  11,  26,  12,  22,
     12,  22,  12,  22,  40,  51,  43,  31,  43,  31,  43,  31,  46,  54,  11,  26,
     11,  26,  66,  17,  30,  17,  30,  67,  68,  69,  70,  71,  72,  73,  74,  75,
     76,  77,  78,  79,  80,  81,  82,  83,  84,  85,  86,  87,  88,  89,  90,  10,
     20,  10,  20,  10,  20,  10,  20,  10,  20,  10,  20,  10,  20,  10,  20,  10,
     20,  10,  20,  10,  20,  10,  20,  11,  22,  11,  22,  11,  22,  11,  22,  11,
     22,  11,  22,  11,  22,  11,  22,  11,  24,  11,  24,  12,  22,  12,  22,  12,
     22,  12,  22,  12,  22,  12,  22,  12,  22,  12,  22,  12,  22,  12,  22,  12,
     22,  12,  22,  18,  31,  18,  31,  18,  31,  18,  31,  91,  92,   5,  91,  92,
      5,  93,  94,   1,   9,   9,   9,   1,
};

static const uint16_t ebgaramond_10_regularKernRowOffsets[] = {
        0,     8,    17,    33,    41,    61,    66,    93,   101,   102,   118,   124,   131,   134,   135,   139,
      147,   160,   164,   166,   207,   252,   266,   303,   315,   334,   352,   372,   373,   379,   384,   385,
      390,   392,   394,   405,   409,   411,   416,   435,   450,   467,   473,   477,   483,   495,   533,   553,
      565,   582,   588,   600,   614,   619,   620,   627,   631,   653,   663,   666,   669,   693,   702,   732,
      741,   744,   756,   757,   770,   772,   779,   797,   798,   799,   802,   803,   819,   821,   827,   832,
      839,   850,   856,   857,   866,   877,   883,   893,   899,   902,   909,   911,   919,   930,   940,   948,
      958,   963,   969,   973,   984,
};

static const uint8_t ebgaramond_10_regularKernSparseCols[] = {
     14,  15,  17,  21,  40,  42,  45,  50,   9,  19,  21,  41,  46,  48,  50,  54,
     58,  11,  14,  15,  17,  19,  21,  28,  30,  40,  42,  45,  47,  52,  53,  62,
     63,  14,  15,  16,  17,  42,  43,  45,  58,   9,  19,  21,  25,  26,  28,  29,
     30,  31,  38,  41,  46,  47,  48,  50,  52,  53,  54,  59,  63,  14,  15,  17,
     40,  45,   3,  11,  14,  15,  17,  18,  28,  30,  31,  32,  33,  40,  42,  44,
     45,  47,  52,  53,  56,  57,  60,  62,  63,  64,  91,  92,  93,  14,  15,  16,
     17,  35,  41,  42,  58,  44,   4,   6,   9,  14,  15,  16,  17,  35,  40,  41,
     42,  43,  46,  48,  58,  60,  19,  21,  27,  28,  30,  36,   9,  19,  21,  27,
     28,  30,  36,  47,  57,  63,  35,  14,  28,  30,  91,  19,  21,  27,  28,  30,
     36,  44,  60,   1,   4,   9,  19,  21,  32,  35,  36,  41,  46,  48,  54,  58,
      9,  14,  15,  17,  35,  58,   1,   4,   5,   6,   7,   9,  11,  15,  19,  21,
     24,  25,  26,  27,  28,  29,  30,  31,  32,  33,  34,  35,  36,  37,  38,  41,
     44,  46,  47,  48,  49,  50,  51,  52,  53,  54,  55,  59,  63,  65,  93,   1,
      4,   5,   6,   7,   9,  11,  13,  19,  21,  23,  24,  25,  26,  27,  28,  29,
     30,  31,  32,  33,  34,  35,  36,  37,  38,  39,  41,  44,  46,  47,  48,  49,
     50,  51,  52,  53,  54,  55,  57,  59,  63,  64,  65,  93,   5,  11,  30,  32,
     33,  40,  44,  47,  52,  53,  57,  63,  64,  93,   4,   5,   6,   7,   9,  11,
     14,  19,  21,  25,  26,  27,  28,  29,  30,  31,  32,  33,  34,  35,  36,  38,
     41,  44,  46,  47,  48,  49,  50,  51,  52,  53,  54,  57,  59,  63,  93,  14,
     15,  17,  28,  40,  42,  45,  53,  56,  60,  62,  63,   3,  14,  18,  24,  28,
     30,  31,  37,  47,  49,  50,  53,  55,  57,  59,  63,  65,  90,  91,   3,   4,
     18,  19,  22,  28,  29,  30,  31,  34,  48,  49,  50,  51,  54,  57,  59,  90,
      3,  18,  19,  21,  24,  25,  28,  29,  30,  31,  37,  48,  49,  50,  53,  54,
     55,  57,  59,  65,  91,  18,  21,  29,  49,  57,  59,  19,  20,  21,  23,  36,
     24,  18,  28,  30,  53,  63,  18,  19,  30,  91,   4,   6,   9,  19,  21,  32,
     36,  38,  48,  50,  54,  18,  19,  21,  50,  14,  17,  14,  15,  17,  21,  45,
      9,  11,  19,  21,  25,  26,  28,  29,  31,  38,  41,  48,  49,  50,  52,  53,
     54,  59,  63,   9,  14,  15,  16,  17,  40,  41,  42,  43,  45,  46,  49,  58,
     59,  62,   9,  14,  15,  16,  17,  28,  30,  40,  41,  42,  43,  45,  46,  48,
     49,  58,  62,   0,   2,   3,   8,  90,  91,   9,  35,  41,  54,  18,  19,  21,
     38,  50,  53,  14,  15,  17,  18,  28,  30,  40,  42,  45,  52,  57,  60,   1,
      4,   5,   6,   7,   9,  11,  19,  21,  24,  25,  26,  28,  29,  30,  31,  32,
     33,  34,  35,  37,  38,  41,  44,  46,  48,  49,  50,  51,  52,  53,  54,  55,
     57,  59,  63,  65,  93,   3,   9,  10,  14,  15,  16,  17,  18,  28,  35,  40,
     42,  45,  48,  56,  57,  60,  61,  62,  91,  11,  15,  17,  21,  25,  28,  40,
     47,  57,  60,  62,  63,   5,  11,  21,  28,  30,  31,  32,  33,  40,  44,  47,
     52,  53,  56,  57,  63,  93,   9,  11,  14,  35,  41,  43,   9,  12,  15,  16,
     17,  35,  40,  41,  43,  46,  58,  60,  18,  24,  28,  29,  30,  37,  48,  49,
     53,  54,  55,  57,  59,  65,   4,   6,  32,  48,  50,  18,   1,  18,  19,  21,
     32,  33,  50,   4,   6,  48,  54,   3,  18,  19,  24,  25,  28,  29,  30,  31,
     37,  48,  49,  50,  52,  53,  55,  57,  59,  63,  65,  90,  91,  18,  28,  29,
     30,  48,  49,  52,  53,  57,  59,  14,  15,  16,  28,  52,  59,   3,   5,  11,
     13,  14,  21,  28,  30,  31,  32,  33,  40,  44,  45,  47,  52,  53,  57,  60,
     62,  63,  64,  92,  93,  18,  19,  21,  24,  33,  37,  50,  55,  65,   6,   9,
     11,  19,  21,  24,  25,  26,  28,  29,  30,  31,  37,  38,  41,  44,  46,  47,
     48,  49,  50,  52,  53,  54,  55,  57,  58,  59,  63,  65,   4,   6,  19,  21,
     32,  48,  52,  54,  63,   6,  21,  48,  14,  15,  17,  18,  28,  30,  40,  42,
     45,  52,  57,  60,  28,  14,  15,  17,  18,  28,  40,  42,  45,  56,  60,  61,
     62,  91,  14,  15,  18,  28,  30,  48,  53,  57,  90,   3,  11,  14,  15,  17,
     18,  28,  30,  40,  42,  44,  45,  52,  56,  60,  62,  63,  91,  58,  11,  21,
     48,  54,  50,  11,  21,  25,  28,  29,  30,  31,  38,  47,  49,  50,  51,  52,
     53,  57,  63,  21,  50,  74,  76,  77,  84,  86,  88,  69,  75,  81,  84,  87,
     67,  73,  74,  76,  77,  79,  84,  67,  70,  73,  75,  76,  78,  79,  81,  83,
     84,  87,  67,  73,  78,  81,  84,  87,  67,  69,  73,  75,  76,  83,  84,  85,
     86,  87,  67,  70,  72,  73,  76,  78,  79,  81,  84,  87,  89,  73,  76,  79,
     81,  83,  84,  67,  68,  73,  75,  76,  81,  83,  84,  88,  89,  73,  76,  78,
     79,  81,  84,  73,  74,  76,  73,  75,  77,  81,  83,  84,  87,  73,  81,  75,
     76,  77,  80,  81,  83,  84,  88,  66,  67,  69,  70,  73,  74,  78,  79,  81,
     83,  84,  67,  73,  75,  76,  79,  81,  83,  84,  87,  89,  67,  73,  76,  78,
     81,  83,  84,  87,  69,  71,  74,  76,  77,  79,  81,  82,  84,  88,   9,  21,
     41,  46,  48,   9,  19,  21,  38,  41,  46,   9,  21,  41,  58,   9,  14,  15,
     16,  17,  41,  42,  43,  48,  54,  58,
};

static const int8_t ebgaramond_10_regularKernSparseValues[] = {
     -23,  -27,  -27,   -7,   -8,   -8,   -8,   -8,  -37,  -12,  -12,  -27,  -27,  -20,  -12,  -18,
      -8,  -10,  -25,  -33,  -33,   -5,   -8,  -20,  -17,  -20,   -8,  -47,   -8,  -15,  -15,  -37,
     -15,  -20,  -23,  -15,  -20,  -12,  -12,  -15,  -12,  -37,  -20,  -30,  -23,  -17,  -13,  -15,
     -12,  -15,  -20,  -30,  -27,  -10,  -30,  -15,  -12,  -12,  -23,  -15,  -12,  -25,  -33,  -27,
     -12,   -8,  -37,  -10,  -32,  -47,  -25,  -33,  -23,  -23,   -7,  -12,  -12,  -27,  -23,  -13,
     -33,   -8,  -12,  -15,  -20,  -10,  -37,  -27,  -22,   -7,  -37,  -12,  -18,   -7,  -10,   -3,
      -7,  -12,   -5,   -5,  -15,  -10,  -10,  -12,  -10,   -7,  -12,  -12,   -7,  -22,   -8,   -8,
      -8,  -12,  -10,   -8,  -17,   -8,   -8,   -8,   -7,  -10,  -10,   -8,  -25,  -10,  -10,   -7,
     -10,  -10,  -10,   -5,   -5,   -8,  -12,  -40,  -17,  -17,  -18,   -7,   -7,  -13,  -13,  -13,
      -7,   -8,   -5,   -8,  -25,  -30,  -17,  -17,  -12,  -32,  -17,  -20,  -20,   -8,   -8,  -13,
      13,  -33,  -38,  -27,   -5,   -3,  -13,  -25,  -20,  -30,  -25,  -28,   -7,   13,  -35,  -35,
     -20,  -33,  -33,  -33,  -33,  -30,  -33,  -33,  -30,  -30,  -27,  -33,   -2,  -20,  -37,  -10,
      -7,  -20,  -12,  -32,  -37,  -30,  -30,  -32,  -27,  -33,  -20,  -43,  -37,  -40,  -18,  -30,
     -33,  -23,  -38,  -33,  -43,  -12,  -10,  -33,  -33,   -7,  -10,  -30,  -37,  -27,  -33,  -37,
     -33,  -30,  -43,  -30,  -27,  -53,   -8,  -10,  -30,   -7,  -23,   -8,  -27,  -18,  -33,  -33,
     -33,  -30,  -20,  -23,  -42,  -10,   -7,  -33,  -23,   -8,  -30,  -18,  -15,  -12,   -7,  -17,
     -20,   -8,  -17,  -13,  -15,  -23,   -7,  -20,  -12,  -30,  -27,  -20,  -17,  -27,  -17,   -7,
      13,  -33,  -33,  -13,  -23,  -27,  -27,  -27,  -27,  -20,  -33,  -27,  -23,  -27,   -2,  -23,
     -12,  -17,  -10,  -12,  -23,  -23,  -23,  -15,  -12,  -22,  -23,   -7,  -30,  -20,  -15,  -30,
     -47,  -37,  -23,  -20,  -10,  -43,  -20,  -13,  -40,  -30,  -13,  -15,  -40,  -27,   -3,   -7,
      -3,   -7,   -3,   -5,   -5,   -3,   -7,   -3,  -12,   -5,   -8,   -3,  -15,   -8,  -17,   -8,
     -27,   -7,   -5,   -5,  -12,   -8,   -5,   -8,   -8,   -8,   -5,   -3,   -5,  -12,  -12,  -18,
      -8,  -20,   -5,   -7,   -8,   -5,   -7,   -8,   -7,   -8,   -8,   -8,   -5,   -5,   -3,   -3,
      -8,   -8,  -13,   -8,   -5,  -13,   -3,   -5,   -5,  -12,   -7,   -8,   23,   -8,   23,   23,
       8,  -30,   -8,  -13,   -7,   -5,  -27,   -5,   -3,   -5,  -23,  -20,  -17,   -5,   -8,  -15,
      -3,   -5,   -8,   -5,  -12,  -27,   -5,   -8,   -5,  -12,  -12,  -27,  -27,  -23,   -8,  -15,
     -27,   -8,  -17,  -15,  -15,  -15,  -15,  -17,  -15,  -15,   -7,  -17,  -15,  -17,  -15,  -15,
     -12,  -18,   -8,  -12,  -30,  -30,  -20,  -27,  -15,   -5,  -10,  -15,  -15,   -8,   -8,  -15,
      -8,  -15,  -12,  -30,  -40,  -17,  -33,  -15,  -12,  -15,   -8,  -15,  -12,  -22,  -12,  -12,
     -12,  -17,  -12,   45,   65,   55,   47,   53,   55,   -5,   -8,   -5,   -5,  -30,   -8,   -8,
      -5,  -10,   -3,  -37,  -27,  -15,  -13,   -7,   -7,  -28,  -23,  -22,   -5,   -8,   -8,  -12,
     -37,  -17,  -27,  -23,  -28,   -7,  -37,  -30,  -17,  -33,  -33,  -40,  -30,  -37,  -33,  -23,
     -30,  -30,  -30,  -17,  -33,  -23,  -12,  -13,  -47,  -35,  -43,  -35,  -43,  -38,  -33,  -23,
      -8,  -37,  -30,  -17,  -12,  -30,   -5,   -7,  -27,  -17,   -8,  -27,  -20,   -8,   -7,  -22,
     -13,  -23,   -5,  -20,  -12,  -27,   -7,  -13,  -18,   -3,  -20,  -13,   -8,   -8,  -13,  -13,
      -8,  -10,  -15,  -15,  -10,  -12,  -15,   -7,  -20,  -13,   -7,  -12,  -15,   -7,  -15,  -12,
     -12,  -15,  -12,  -12,  -15,  -15,  -10,    3,   -5,   -7,   -7,   -5,  -13,   -8,   -8,  -17,
     -17,  -27,   -8,  -10,  -10,  -12,  -22,   -8,  -30,   -5,   -7,   -5,   -5,   -5,   -5,   -7,
      -3,   -2,   -5,   -8,   -8,   -5,  -15,   -8,   -8,   -7,   -3,  -20,   -7,  -30,   -5,   -7,
     -12,   -8,   -3,  -15,   -8,   -8,   -8,  -18,  -30,   -5,   -7,   -5,  -17,  -10,  -13,  -15,
      -7,   -5,   -7,   -5,  -15,  -10,   -7,  -20,  -12,  -15,   -7,  -22,  -15,  -30,  -10,   -5,
     -12,   -5,   -5,   -7,   -7,  -12,   -5,  -18,  -13,  -12,  -15,  -12,   -8,   -8,  -12,  -17,
      -3,  -12,   -7,  -20,  -13,   -7,  -17,  -15,  -12,  -22,  -15,   -8,  -15,  -23,  -10,   -8,
     -12,  -20,   -5,  -12,  -22,  -30,  -12,  -12,   -8,   -8,   -8,   -5,   -8,   -8,  -37,  -37,
      -8,  -33,  -37,  -17,  -37,  -37,  -30,  -30,  -30,  -20,  -17,  -37,  -17,   -8,  -23,   -8,
     -40,  -27,  -37,  -23,  -18,  -37,  -17,   -7,   -8,  -37,  -30,  -17,  -20,  -12,   -5,   -3,
     -15,   -8,    7,   -5,    2,   -8,  -10,   -7,  -18,  -13,  -15,  -13,   -7,   -7,  -20,  -12,
     -13,   -5,   -8,   -8,   -7,  -30,  -25,  -20,  -30,   -3,  -10,  -12,  -23,  -12,  -20,   -5,
      -8,  -12,   -8,   -5,  -30,  -10,   -8,    2,   -5,   -7,  -12,  -23,   -3,  -37,  -27,  -23,
     -33,  -12,   -7,  -27,  -10,   -8,  -28,  -12,  -23,  -30,  -33,  -15,  -17,  -12,   -5,   -3,
       7,    2,   -5,  -17,  -17,   -8,  -20,  -17,  -15,  -13,  -17,  -15,   -7,  -13,  -12,  -15,
     -23,  -12,  -28,   -5,   -3,   -7,   -2,   -2,   -6,   -3,   -6,   -2,   -4,   -9,   -8,   -5,
       2,   -4,  -10,   -2,   -5,   -6,   -5,  -13,   -6,   -5,  -16,  -12,   -5,   -2,  -10,  -16,
     -11,  -10,   -4,   -5,   -3,   -3,   -7,   -5,   -4,   -4,   -7,   -9,   -1,   -6,   -6,   -4,
      -4,   -3,  -19,   -6,   -3,   -4,   -4,   -9,   -3,   -4,   -7,   -6,   -7,   -4,   -3,   -4,
      -5,   -8,   -8,  -13,   -2,   -5,  -10,   -8,   -4,  -13,   -5,    4,   -2,   -1,   -6,   -2,
      -6,   -7,   -9,   -4,   -4,   -5,   -2,  -10,   -2,   -2,   -7,   -2,   -5,   -3,   -5,   -4,
      -7,   -3,   -1,   -4,   -9,   -2,   -3,   -2,   -5,   -4,   -1,   -1,   -7,   -5,   -1,   -8,
      -1,   -8,  -13,   -7,   -7,   -4,   -3,   -6,   -9,   -6,   -7,   -7,   -8,   -2,   -9,   -3,
      -5,   -1,   -4,   -3,  -13,  -14,   -5,   -4,   -2,  -11,  -12,  -11,   -5,   -6,  -43,  -19,
     -27,  -15,  -18,  -43,  -30,  -30,   -7,  -30,  -23,  -12,   -8,   -8,  -12,  -18,  -18,  -15,
     -30,  -15,  -15,  -12,  -15,  -12,  -10,  -22,
};

static const EpdLigaturePair ebgaramond_10_regularLigaturePairs[] = {
    { 0x005E0030, 0x2070 }, // ^ 0 -> U+2070
    { 0x005E0031, 0x00B9 }, // ^ 1 -> U+00B9
    { 0x005E0032, 0x00B2 }, // ^ 2 -> U+00B2
    { 0x005E0033, 0x00B3 }, // ^ 3 -> U+00B3
    { 0x005E0034, 0x2074 }, // ^ 4 -> U+2074
    { 0x005E0035, 0x2075 }, // ^ 5 -> U+2075
    { 0x005E0036, 0x2076 }, // ^ 6 -> U+2076
    { 0x005E0037, 0x2077 }, // ^ 7 -> U+2077
    { 0x005E0038, 0x2078 }, // ^ 8 -> U+2078
    { 0x005E0039, 0x2079 }, // ^ 9 -> U+2079
    { 0x00660066, 0xFB00 }, // f f -> U+FB00
    { 0x00660069, 0xFB01 }, // f i -> U+FB01
    { 0x0066006C, 0xFB02 }, // f l -> U+FB02
    { 0xFB000069, 0xFB03 }, // U+FB00 i -> U+FB03
    { 0xFB00006C, 0xFB04 }, // U+FB00 l -> U+FB04
};

static const EpdFontData ebgaramond_10_regular = {
    ebgaramond_10_regularBitmaps,
    ebgaramond_10_regularGlyphs,
    ebgaramond_10_regularIntervals,
    74,
    27,
    21,
    -7,
    false,
    nullptr,
    0,
    nullptr,
    nullptr,  // kernLeftClasses: built-in fonts use the split arrays below
    nullptr,  // kernRightClasses
    ebgaramond_10_regularKernLeftCodepoints,
    ebgaramond_10_regularKernLeftClassIds,
    ebgaramond_10_regularKernRightCodepoints,
    ebgaramond_10_regularKernRightClassIds,
    nullptr,  // kernMatrix: built-in fonts use the sparse form below
    ebgaramond_10_regularKernRowOffsets,
    ebgaramond_10_regularKernSparseCols,
    ebgaramond_10_regularKernSparseValues,
    550,
    632,
    100,
    94,
    ebgaramond_10_regularLigaturePairs,
    15,
};
