/**
 * generated by fontconvert.py
 * name: ebgaramond_10_bold
 * size: 10
 * mode: 1-bit
 * Command used: fontconvert.py ebgaramond_10_bold 10 ../builtinFonts/source/EBGaramond/EBGaramond-Bold.ttf ../builtinFonts/source/NotoSansHebrew/NotoSansHebrew-UIBold.ttf --additional-intervals 0x05D0,0x05EA --force-autohint
 */
#pragma once
#include "EpdFontData.h"

static const uint8_t ebgaramond_10_boldBitmaps[21243] = {
    0xFF, 0xFF, 0xFF, 0xC8, 0x7F, 0xC0, 0xDB, 0x6D, 0xB6, 0x92, 0x40, 0x09, 0x82, 0x61, 0x98, 0x64,
    0x7F, 0xDF, 0xF3, 0x30, 0xC8, 0xFF, 0xBF, 0xE6, 0x61, 0x90, 0x6C, 0x13, 0x00, 0x06, 0x07, 0x0F,
    0xEF, 0xF7, 0x5B, 0xE5, 0xF0, 0xFC, 0x3F, 0x0F, 0xE3, 0xF9, 0x7E, 0xBF, 0xFD, 0xFC, 0x30, 0x18,
    0x00, 0x00, 0x31, 0xE1, 0x8F, 0xCE, 0x37, 0x30, 0xCD, 0x83, 0xB6, 0x0F, 0xF7, 0x1F, 0xFE, 0x06,
    0xD8, 0x33, 0x61, 0xCD, 0x86, 0x36, 0x30, 0xF8, 0xC1, 0xC0, 0x1F, 0x80, 0x3F, 0xC0, 0x39, 0xC0,
    0x3F, 0xC0, 0x3F, 0xBF, 0x1F, 0x1C, 0x7F, 0xB8, 0xE7, 0xF0, 0xE3, 0xE0, 0xE1, 0xE0, 0xF9, 0xF0,
    0xFF, 0x7F, 0x7E, 0x3E, 0xDB, 0x69, 0x00, 0x1C, 0xE3, 0x9C, 0x73, 0xCE, 0x38, 0xE3, 0x8E, 0x38,
    0xF1, 0xC7, 0x0C, 0x38, 0x71, 0xC0, 0xE3, 0x87, 0x0E, 0x38, 0xF3, 0xC7, 0x1C, 0x71, 0xCF, 0x3C,
    0xE3, 0x9E, 0x73, 0x8E, 0x00, 0x18, 0x5E, 0xFE, 0x7E, 0x7F, 0x7A, 0x18, 0x02, 0x00, 0x60, 0x06,
    0x00, 0x60, 0x06, 0x07, 0xFF, 0x06, 0x00, 0x60, 0x06, 0x00, 0x60, 0x06, 0x00, 0x7B, 0xDE, 0x33,
    0xF8, 0x3F, 0xFF, 0x00, 0xFF, 0x80, 0x03, 0x01, 0x81, 0xC0, 0xC0, 0x60, 0x60, 0x30, 0x30, 0x18,
    0x18, 0x0C, 0x0C, 0x06, 0x07, 0x03, 0x00, 0x3F, 0x1D, 0xE7, 0x3B, 0x8F, 0xE1, 0xF8, 0x7E, 0x1F,
    0x87, 0xE1, 0xFC, 0x77, 0x39, 0xEE, 0x3F, 0x00, 0x0C, 0x7E, 0x1F, 0x03, 0x81, 0xC0, 0xE0, 0x70,
    0x38, 0x1C, 0x0E, 0x07, 0x03, 0x83, 0xE7, 0xFC, 0x1F, 0x0F, 0xF1, 0x9E, 0x21, 0xC0, 0x38, 0x0F,
    0x01, 0xC0, 0x70, 0x0C, 0x03, 0x0C, 0xFF, 0x3F, 0xEF, 0xFC, 0x7E, 0x77, 0xB1, 0xC1, 0xE0, 0xE1,
    0xF1, 0xFC, 0x5F, 0x07, 0x81, 0xC0, 0xE8, 0xEE, 0xF7, 0xE0, 0x03, 0x00, 0x60, 0x06, 0x00, 0xC0,
    0x0C, 0x01, 0xB8, 0x13, 0x83, 0x38, 0x63, 0x87, 0xFE, 0xFF, 0xE0, 0x38, 0x07, 0x80, 0xFE, 0x00,
    0x0F, 0x8F, 0xCF, 0xE6, 0x03, 0xC1, 0xF8, 0xFE, 0x0F, 0x83, 0xC0, 0xE0, 0x70, 0x70, 0xF1, 0xF0,
    0x03, 0x87, 0x07, 0x07, 0x07, 0x83, 0x83, 0xDD, 0xFF, 0xFF, 0xF1, 0xF8, 0xFE, 0x7F, 0x73, 0xF0,
    0x7F, 0xCF, 0xFF, 0xFF, 0x60, 0xEC, 0x18, 0x06, 0x00, 0xC0, 0x30, 0x06, 0x01, 0x80, 0x30, 0x0C,
    0x03, 0x00, 0x60, 0x00, 0x3F, 0x7B, 0xF8, 0xFE, 0x7F, 0xFB, 0xF0, 0xFC, 0xFF, 0xE7, 0xF1, 0xF8,
    0xFE, 0xF7, 0xE0, 0x1F, 0x87, 0x79, 0xC7, 0xB8, 0xF7, 0x8E, 0xFD, 0xCF, 0xF8, 0xCF, 0x03, 0xC0,
    0x70, 0x1E, 0x07, 0x03, 0xC1, 0xE0, 0x00, 0xFF, 0x80, 0x3F, 0xE0, 0x73, 0x9C, 0x00, 0x19, 0xEF,
    0x39, 0xDC, 0xC0, 0x00, 0xE0, 0x78, 0x3C, 0x1E, 0x07, 0x00, 0xF0, 0x0F, 0x80, 0x7C, 0x03, 0xC0,
    0x0C, 0x7F, 0xF0, 0x00, 0x00, 0x00, 0x00, 0x07, 0xFF, 0x00, 0xE0, 0x0F, 0x00, 0xF8, 0x03, 0xC0,
    0x1E, 0x03, 0xC1, 0xE0, 0xF0, 0x78, 0x1C, 0x00, 0xF1, 0xF1, 0xF0, 0x30, 0xE3, 0xDF, 0xBE, 0x70,
    0xC0, 0x03, 0x87, 0x0E, 0x00, 0x07, 0xF8, 0x1E, 0x1C, 0x38, 0x06, 0x73, 0xFB, 0x67, 0x7B, 0x6E,
    0x73, 0xCC, 0x73, 0xCC, 0x73, 0x6E, 0xF6, 0x6F, 0xFC, 0x70, 0x00, 0x38, 0x06, 0x1E, 0x3C, 0x07,
    0xF0, 0x00, 0x00, 0x00, 0x70, 0x00, 0x78, 0x00, 0x7C, 0x00, 0x3F, 0x00, 0x1F, 0x80, 0x1B, 0xC0,
    0x0C, 0xF0, 0x06, 0x78, 0x07, 0xFC, 0x03, 0x0F, 0x03, 0x87, 0x81, 0x83, 0xC1, 0xC1, 0xF1, 0xF9,
    0xFC, 0xFF, 0xE7, 0x8F, 0x38, 0x73, 0x87, 0x38, 0x73, 0x9E, 0x3F, 0xE3, 0x9F, 0x38, 0xF3, 0x87,
    0x38, 0x73, 0x8F, 0x7D, 0xFF, 0xFC, 0x0F, 0xF8, 0xF1, 0xDE, 0x06, 0xE0, 0x1F, 0x00, 0x70, 0x03,
    0x80, 0x1C, 0x00, 0xE0, 0x07, 0x80, 0x3C, 0x02, 0xF0, 0x33, 0xC7, 0x87, 0xF8, 0xFF, 0xE0, 0xF1,
    0xF0, 0xE0, 0xF1, 0xC0, 0xE3, 0x81, 0xE7, 0x03, 0xCE, 0x03, 0x9C, 0x07, 0x38, 0x0E, 0x70, 0x3C,
    0xE0, 0x71, 0xC1, 0xE7, 0xC7, 0x9F, 0xFC, 0x00, 0xFF, 0xE7, 0x86, 0x38, 0x23, 0x82, 0x38, 0x03,
    0x8C, 0x38, 0xC3, 0xFC, 0x38, 0xC3, 0x80, 0x38, 0x23, 0x82, 0x78, 0x6F, 0xFE, 0xFF, 0xEF, 0x0C,
    0xE0, 0x9C, 0x13, 0x80, 0x71, 0x8E, 0x31, 0xFE, 0x38, 0xC7, 0x00, 0xE0, 0x1C, 0x07, 0x81, 0xFC,
    0x00, 0x0F, 0xF0, 0xF1, 0xE7, 0x81, 0x9C, 0x06, 0xF0, 0x03, 0x80, 0x0E, 0x00, 0x38, 0x7F, 0xE1,
    0xFB, 0xC1, 0xCF, 0x07, 0x1E, 0x1C, 0x3F, 0xF8, 0x3F, 0x80, 0xFE, 0x7F, 0x7C, 0x3C, 0x38, 0x1C,
    0x38, 0x1C, 0x38, 0x1C, 0x38, 0x1C, 0x38, 0x1C, 0x3F, 0xFC, 0x3F, 0xFC, 0x38, 0x1C, 0x38, 0x1C,
    0x38, 0x1C, 0x78, 0x1C, 0xFE, 0x7F, 0xFE, 0xF0, 0xE1, 0xC3, 0x87, 0x0E, 0x1C, 0x38, 0x70, 0xE1,
    0xC7, 0x9F, 0xC0, 0x1F, 0xC3, 0xC0, 0x70, 0x1C, 0x07, 0x01, 0xC0, 0x70, 0x1C, 0x07, 0x01, 0xC0,
    0x70, 0x1C, 0x07, 0x01, 0xC0, 0x71, 0x38, 0xEC, 0x3E, 0x00, 0xFE, 0xFE, 0x78, 0x38, 0x38, 0x60,
    0x38, 0xC0, 0x39, 0x80, 0x3B, 0x00, 0x3F, 0x80, 0x3F, 0x80, 0x3F, 0xC0, 0x3B, 0xE0, 0x39, 0xF0,
    0x38, 0xF8, 0x78, 0x7C, 0xFE, 0xFF, 0xFE, 0x07, 0xC0, 0x38, 0x03, 0x80, 0x38, 0x03, 0x80, 0x38,
    0x03, 0x80, 0x38, 0x03, 0x80, 0x38, 0x33, 0x83, 0x78, 0x6F, 0xFE, 0x7C, 0x07, 0xC7, 0xC1, 0xF0,
    0x78, 0x3C, 0x0F, 0x87, 0x81, 0xF1, 0xF0, 0x3E, 0x3E, 0x0D, 0xED, 0xC1, 0xBD, 0xB8, 0x33, 0xF7,
    0x06, 0x7C, 0xE0, 0xC7, 0x9C, 0x18, 0xE3, 0x83, 0x9C, 0x79, 0xF9, 0x3F, 0xC0, 0xFC, 0x1F, 0x9F,
    0x03, 0x87, 0xC1, 0x83, 0xF0, 0xC1, 0xFC, 0x60, 0xBF, 0x30, 0x4F, 0x98, 0x23, 0xEC, 0x10, 0xFE,
    0x18, 0x3F, 0x0C, 0x0F, 0x86, 0x03, 0xC3, 0x80, 0xF3, 0xF0, 0x38, 0x1F, 0xE0, 0xE3, 0xC7, 0x07,
    0xBC, 0x0E, 0xE0, 0x3F, 0x80, 0xFE, 0x01, 0xF8, 0x07, 0xF0, 0x1F, 0xC0, 0xFF, 0x03, 0x9E, 0x0E,
    0x3C, 0xF0, 0x7F, 0x00, 0xFF, 0xC7, 0x9E, 0x38, 0xF3, 0x87, 0x38, 0x73, 0x87, 0x38, 0xF3, 0x8E,
    0x3F, 0xC3, 0x80, 0x38, 0x03, 0x80, 0x7C, 0x0F, 0xE0, 0x1F, 0xC0, 0x0E, 0x3C, 0x07, 0x07, 0x81,
    0xC0, 0xE0, 0xE0, 0x3C, 0x38, 0x0F, 0x0E, 0x01, 0xC3, 0x80, 0x70, 0xE0, 0x1C, 0x3C, 0x07, 0x0F,
    0x03, 0xC1, 0xC0, 0xE0, 0x38, 0x70, 0x07, 0xF8, 0x00, 0x7C, 0x00, 0x0F, 0x80, 0x01, 0xF0, 0x00,
    0x1F, 0x00, 0x03, 0xF8, 0xFF, 0xC0, 0x79, 0xE0, 0x38, 0xE0, 0x38, 0xE0, 0x38, 0xE0, 0x39, 0xE0,
    0x3B, 0xC0, 0x3F, 0x80, 0x3B, 0xC0, 0x39, 0xC0, 0x39, 0xE0, 0x38, 0xF0, 0x78, 0x7E, 0xFE, 0x3E,
    0x1F, 0x8E, 0x77, 0x0D, 0xE3, 0x7C, 0x1F, 0x83, 0xF8, 0x7F, 0x0F, 0xF0, 0xFC, 0x1F, 0x87, 0xF3,
    0x9F, 0xC0, 0x60, 0x06, 0xFF, 0xFD, 0x8F, 0x3E, 0x1C, 0x30, 0x38, 0x00, 0x70, 0x00, 0xE0, 0x01,
    0xC0, 0x03, 0x80, 0x07, 0x00, 0x0E, 0x00, 0x1C, 0x00, 0x38, 0x00, 0xF8, 0x03, 0xF8, 0x00, 0xFE,
    0x3F, 0x7C, 0x0E, 0x38, 0x0C, 0x38, 0x0C, 0x38, 0x0C, 0x38, 0x0C, 0x38, 0x0C, 0x38, 0x0C, 0x38,
    0x0C, 0x38, 0x0C, 0x3C, 0x0C, 0x3E, 0x38, 0x1F, 0xF8, 0x0F, 0xE0, 0xFE, 0x7E, 0xF8, 0x38, 0xF0,
    0x61, 0xE1, 0x81, 0xE3, 0x03, 0xC6, 0x07, 0xD8, 0x07, 0xB0, 0x0F, 0x40, 0x0F, 0x80, 0x1F, 0x00,
    0x1C, 0x00, 0x38, 0x00, 0x60, 0x00, 0xFF, 0xFF, 0xFD, 0xF7, 0xD8, 0xC3, 0xCF, 0x62, 0x0F, 0xBF,
    0x18, 0x1E, 0x7C, 0x60, 0x79, 0xE3, 0x00, 0xF3, 0xCC, 0x03, 0xCF, 0x20, 0x07, 0xFF, 0x80, 0x1F,
    0xFC, 0x00, 0x3C, 0xF0, 0x00, 0xF3, 0xC0, 0x03, 0x86, 0x00, 0x06, 0x18, 0x00, 0xFF, 0x3F, 0x3E,
    0x1C, 0x1E, 0x18, 0x1F, 0x30, 0x0F, 0xE0, 0x07, 0xE0, 0x07, 0xC0, 0x03, 0xE0, 0x07, 0xF0, 0x0C,
    0xF0, 0x1C, 0xF8, 0x18, 0x7C, 0x78, 0x7E, 0xFC, 0xFF, 0xFF, 0x7E, 0x78, 0x70, 0xF8, 0xC0, 0xF1,
    0x80, 0xE6, 0x01, 0xE8, 0x01, 0xF0, 0x03, 0xC0, 0x03, 0x80, 0x07, 0x00, 0x0E, 0x00, 0x1C, 0x00,
    0x7C, 0x01, 0xFC, 0x00, 0x60, 0x03, 0xFF, 0x98, 0x7D, 0x83, 0xCC, 0x3E, 0x03, 0xE0, 0x1F, 0x01,
    0xF0, 0x0F, 0x00, 0xF8, 0x0F, 0x80, 0x7C, 0x27, 0xC1, 0x3C, 0x3B, 0xFF, 0xC0, 0xFE, 0x31, 0x8C,
    0x63, 0x18, 0xC6, 0x31, 0x8C, 0x63, 0x18, 0xC7, 0xFE, 0xC0, 0x70, 0x18, 0x0C, 0x03, 0x01, 0x80,
    0x60, 0x30, 0x0C, 0x06, 0x03, 0x80, 0xC0, 0x70, 0x18, 0x0C, 0xF8, 0x61, 0x86, 0x18, 0x61, 0x86,
    0x18, 0x61, 0x86, 0x18, 0x61, 0x86, 0x1B, 0xEF, 0x80, 0x04, 0x01, 0x80, 0x38, 0x0D, 0x83, 0x30,
    0x63, 0x18, 0x36, 0x06, 0xFF, 0xF8, 0x67, 0x1C, 0x61, 0x80, 0x3E, 0x3F, 0x3B, 0x91, 0xC3, 0xE7,
    0xF3, 0xB9, 0xFF, 0xFF, 0x00, 0x38, 0x0F, 0x00, 0xE0, 0x1C, 0x03, 0x80, 0x70, 0x0F, 0xF1, 0xCF,
    0x39, 0xE7, 0x1C, 0xE3, 0x9C, 0x73, 0x9E, 0x7B, 0x9F, 0xE0, 0x3F, 0x3B, 0xF8, 0x5C, 0x0E, 0x07,
    0x83, 0xFE, 0xFE, 0x3E, 0x00, 0x03, 0x80, 0xF0, 0x0E, 0x01, 0xC0, 0x38, 0x07, 0x0F, 0xE3, 0xBC,
    0xF3, 0x9C, 0x73, 0x8E, 0x71, 0xCF, 0x39, 0xEF, 0x1F, 0xF8, 0x18, 0x3E, 0x3B, 0xBF, 0xDC, 0x0E,
    0x07, 0x83, 0xEC, 0xFE, 0x3E, 0x00, 0x0F, 0xC7, 0x73, 0x8C, 0xE0, 0x38, 0x0E, 0x0F, 0xF0, 0xE0,
    0x38, 0x0E, 0x03, 0x80, 0xE0, 0x38, 0x0E, 0x0F, 0xE0, 0x3F, 0xFE, 0xF3, 0x8E, 0x71, 0xCF, 0x39,
    0xEE, 0x1F, 0x87, 0xC0, 0xFF, 0x8F, 0xFB, 0xFF, 0x60, 0xEE, 0x19, 0xFE, 0x0F, 0x00, 0x38, 0x03,
    0xC0, 0x0E, 0x00, 0x70, 0x03, 0x80, 0x1C, 0x00, 0xEF, 0x07, 0xFC, 0x39, 0xE1, 0xC7, 0x0E, 0x38,
    0x71, 0xC3, 0x8E, 0x1C, 0x71, 0xF7, 0xC0, 0x38, 0x70, 0xE0, 0x00, 0x03, 0x9F, 0x3C, 0x38, 0x70,
    0xE1, 0xC3, 0x8F, 0xC0, 0x1C, 0x71, 0xC0, 0x00, 0x33, 0xC7, 0x1C, 0x71, 0xC7, 0x1C, 0x71, 0xC7,
    0x3C, 0xE7, 0x18, 0x38, 0x03, 0xC0, 0x0E, 0x00, 0x70, 0x03, 0x80, 0x1C, 0x00, 0xE7, 0xC7, 0x38,
    0x3B, 0x01, 0xF8, 0x0F, 0xC0, 0x7F, 0x03, 0xBC, 0x1C, 0xF3, 0xFF, 0xC0, 0x38, 0xF0, 0xE1, 0xC3,
    0x87, 0x0E, 0x1C, 0x38, 0x70, 0xE1, 0xC3, 0x87, 0x3F, 0x00, 0x3B, 0xDE, 0x3F, 0xFF, 0x0E, 0x7B,
    0x87, 0x39, 0xC3, 0x9C, 0xE1, 0xCE, 0x70, 0xE7, 0x38, 0x73, 0x9E, 0x7F, 0xFF, 0x80, 0x3B, 0xC3,
    0xFF, 0x0E, 0x78, 0x71, 0xC3, 0x8E, 0x1C, 0x70, 0xE3, 0x87, 0x1C, 0x7D, 0xF0, 0x3F, 0x1D, 0xEE,
    0x3F, 0x87, 0xE1, 0xF8, 0x7F, 0x3D, 0xCE, 0x3F, 0x00, 0x7F, 0xCF, 0xFC, 0xE7, 0x9C, 0x73, 0x8E,
    0x71, 0xCE, 0x79, 0xEE, 0x3F, 0x87, 0x00, 0xE0, 0x1C, 0x03, 0x80, 0xFC, 0x00, 0x3F, 0xC7, 0x3C,
    0xF1, 0xCE, 0x1C, 0xE1, 0xCE, 0x1C, 0xF1, 0xCF, 0xFC, 0x7F, 0xC0, 0x1C, 0x01, 0xC0, 0x1C, 0x01,
    0xC0, 0x3E, 0x07, 0xE0, 0x3B, 0xBF, 0xCF, 0xE7, 0x03, 0x81, 0xC0, 0xE0, 0x70, 0x7E, 0x00, 0x3E,
    0xED, 0xCB, 0xE7, 0xE3, 0xF3, 0xF7, 0x7C, 0x18, 0x38, 0xFF, 0x38, 0x38, 0x38, 0x38, 0x38, 0x38,
    0x3D, 0x3F, 0x7B, 0xE3, 0xCF, 0x0E, 0x38, 0x71, 0xC3, 0x8E, 0x1C, 0x70, 0xF7, 0x87, 0xFF, 0x1F,
    0xE0, 0xFD, 0xEF, 0x38, 0xF6, 0x1E, 0xC1, 0xF0, 0x3E, 0x03, 0xC0, 0x70, 0x06, 0x00, 0x7D, 0xFF,
    0x1C, 0x73, 0x0F, 0x79, 0x83, 0xBE, 0x81, 0xF7, 0xC0, 0xFB, 0xE0, 0x38, 0xE0, 0x1C, 0x70, 0x04,
    0x10, 0x00, 0xFF, 0xCF, 0x30, 0xFC, 0x0F, 0x81, 0xE0, 0x7E, 0x0D, 0xE3, 0x3C, 0xFF, 0xE0, 0x00,
    0x7D, 0xE7, 0x38, 0xF6, 0x0E, 0xC1, 0xF0, 0x3E, 0x03, 0xC0, 0x70, 0x06, 0x01, 0x80, 0x30, 0x0E,
    0x07, 0x80, 0xF0, 0x1C, 0x00, 0x7F, 0xF7, 0xB3, 0xC3, 0xC3, 0xE1, 0xE5, 0xE7, 0xF7, 0xFF, 0x00,
    0x0F, 0x0F, 0x07, 0x03, 0x81, 0xC0, 0xE0, 0x70, 0x78, 0x78, 0x3C, 0x07, 0x03, 0x81, 0xC0, 0xE0,
    0x70, 0x38, 0x1C, 0x07, 0x80, 0xDF, 0xFF, 0xFF, 0xFF, 0xFF, 0xFF, 0xFF, 0xFC, 0x78, 0x1E, 0x07,
    0x03, 0x81, 0xC0, 0xE0, 0x70, 0x3C, 0x0F, 0x07, 0x87, 0x03, 0x81, 0xC0, 0xE0, 0x70, 0x38, 0x1C,
    0x3C, 0x00, 0x7C, 0xFF, 0xFC, 0xF8, 0xFF, 0x85, 0xBF, 0xFF, 0xFF, 0xC0, 0x0C, 0x06, 0x0F, 0xCF,
    0xEE, 0xF7, 0x63, 0xB1, 0xF2, 0xFF, 0x3F, 0x8F, 0x83, 0x01, 0x80, 0x07, 0xE0, 0xFE, 0x0E, 0x61,
    0xE6, 0x1E, 0x01, 0xE0, 0x7F, 0x81, 0xC0, 0x1C, 0x03, 0x83, 0x3C, 0x3F, 0xF3, 0xFF, 0xEC, 0x7C,
    0xFF, 0xEE, 0x39, 0x83, 0x30, 0x64, 0x04, 0xC1, 0x98, 0x33, 0x8E, 0xFF, 0xE0, 0xFF, 0x7E, 0x78,
    0x70, 0xF0, 0xC0, 0xF1, 0x80, 0xE6, 0x01, 0xEC, 0x01, 0xF0, 0x0F, 0xF8, 0x0F, 0xE0, 0x3F, 0xE0,
    0x0E, 0x00, 0x1C, 0x00, 0x7C, 0x01, 0xFE, 0x00, 0xFF, 0xFF, 0xFF, 0xF9, 0xFF, 0xFF, 0xFF, 0xFE,
    0x1F, 0x37, 0x70, 0x78, 0xFC, 0xFE, 0xDE, 0xEF, 0xE7, 0x73, 0x1B, 0x0F, 0x07, 0x46, 0x7C, 0x78,
    0xEF, 0xDF, 0xB8, 0x1F, 0xC1, 0xC7, 0x18, 0x0D, 0x9F, 0xBF, 0xCD, 0xDE, 0x26, 0xE0, 0x37, 0x89,
    0xFC, 0xDE, 0x7E, 0xD8, 0x0C, 0x71, 0xC1, 0xFC, 0x00, 0x3C, 0x6E, 0x5E, 0x7E, 0x7E, 0x7F, 0x00,
    0x00, 0x7E, 0x0C, 0x43, 0x98, 0xEE, 0x3B, 0x8E, 0xF1, 0xEE, 0x0E, 0xE0, 0xE6, 0x0C, 0x40, 0xFF,
    0xF0, 0x03, 0x00, 0x30, 0x03, 0x00, 0x30, 0x03, 0x00, 0x30, 0x3F, 0xFF, 0x00, 0x1F, 0xC1, 0xC7,
    0x18, 0x0D, 0xBF, 0x3C, 0xD9, 0xC6, 0xC6, 0x3C, 0x31, 0xF1, 0xCD, 0x9E, 0xF7, 0xD8, 0x0C, 0x71,
    0xC1, 0xFC, 0x00, 0xFF, 0xFC, 0x3C, 0xCF, 0x1A, 0x36, 0x67, 0x80, 0x02, 0x00, 0x60, 0x06, 0x00,
    0x60, 0x06, 0x07, 0xFF, 0x06, 0x00, 0x60, 0x06, 0x00, 0x60, 0x06, 0x00, 0x20, 0x7F, 0xF0, 0x3C,
    0x5E, 0x0E, 0x1C, 0x38, 0x7E, 0x7E, 0x7A, 0x63, 0x9E, 0x1E, 0xEF, 0x00, 0x31, 0xDC, 0xCC, 0x00,
    0xE7, 0x1C, 0xE3, 0x9C, 0x73, 0x8C, 0xF1, 0x9C, 0x3F, 0xF7, 0xFE, 0xBB, 0xD0, 0x02, 0x00, 0x60,
    0x0E, 0x01, 0xC0, 0x30, 0x00, 0x1F, 0xF1, 0xFC, 0x9F, 0xE1, 0xFF, 0x0F, 0xF8, 0x7F, 0xC3, 0xFE,
    0x1F, 0xF0, 0xFF, 0x83, 0xFC, 0x0F, 0xE0, 0x3F, 0x00, 0x18, 0x00, 0x40, 0x12, 0x03, 0xF0, 0x1E,
    0x80, 0x8C, 0x06, 0x60, 0x1E, 0x00, 0xFF, 0x80, 0x06, 0x6F, 0xB2, 0xE0, 0x39, 0xE3, 0x8E, 0x38,
    0xE7, 0x80, 0x3E, 0x77, 0x77, 0x77, 0x77, 0x3E, 0x00, 0x00, 0x7E, 0x46, 0x06, 0x30, 0x3B, 0x81,
    0xDE, 0x1E, 0xE1, 0xFE, 0x3B, 0x86, 0x30, 0x46, 0x00, 0x00, 0x00, 0x00, 0x63, 0x03, 0x1C, 0x18,
    0x30, 0x60, 0xC3, 0x03, 0x1C, 0x0C, 0x64, 0x7B, 0x30, 0x0D, 0xC0, 0x6F, 0x03, 0xAC, 0x0D, 0xFC,
    0x60, 0xC1, 0x83, 0x0C, 0x00, 0x00, 0x00, 0x00, 0x30, 0xC0, 0xC3, 0x83, 0x83, 0x06, 0x06, 0x18,
    0x0C, 0x70, 0x18, 0xC0, 0x7B, 0x7C, 0x0E, 0xB8, 0x18, 0x70, 0x60, 0xE0, 0xC3, 0x83, 0x0E, 0xCC,
    0x1F, 0x80, 0x00, 0x00, 0x00, 0xC7, 0x83, 0x36, 0x18, 0x38, 0xE1, 0xE3, 0x01, 0x98, 0x2E, 0xE4,
    0xF3, 0x30, 0x19, 0xC0, 0x6F, 0x03, 0x6C, 0x1B, 0xF8, 0x60, 0xC3, 0x03, 0x08, 0x00, 0x1C, 0x38,
    0x70, 0x00, 0x83, 0x9F, 0x7E, 0xF1, 0xC3, 0x03, 0xE3, 0xE3, 0xC0, 0x07, 0x00, 0x03, 0xC0, 0x00,
    0xE0, 0x00, 0x18, 0x00, 0x0E, 0x00, 0x0F, 0x00, 0x0F, 0x80, 0x07, 0xE0, 0x03, 0xF0, 0x03, 0x78,
    0x01, 0x9E, 0x00, 0xCF, 0x00, 0xFF, 0x80, 0x61, 0xE0, 0x70, 0xF0, 0x30, 0x78, 0x38, 0x3E, 0x3F,
    0x3F, 0x80, 0x00, 0x30, 0x00, 0x38, 0x00, 0x38, 0x00, 0x38, 0x00, 0x0E, 0x00, 0x0F, 0x00, 0x0F,
    0x80, 0x07, 0xE0, 0x03, 0xF0, 0x03, 0x78, 0x01, 0x9E, 0x00, 0xCF, 0x00, 0xFF, 0x80, 0x61, 0xE0,
    0x70, 0xF0, 0x30, 0x78, 0x38, 0x3E, 0x3F, 0x3F, 0x80, 0x01, 0xC0, 0x01, 0xF0, 0x01, 0xFC, 0x00,
    0x00, 0x00, 0x0E, 0x00, 0x0F, 0x00, 0x0F, 0x80, 0x07, 0xE0, 0x03, 0xF0, 0x03, 0x78, 0x01, 0x9E,
    0x00, 0xCF, 0x00, 0xFF, 0x80, 0x61, 0xE0, 0x70, 0xF0, 0x30, 0x78, 0x38, 0x3E, 0x3F, 0x3F, 0x80,
    0x00, 0x10, 0x01, 0xF8, 0x00, 0xFC, 0x00, 0xC0, 0x00, 0x0E, 0x00, 0x0F, 0x00, 0x0F, 0x80, 0x07,
    0xE0, 0x03, 0xF0, 0x03, 0x78, 0x01, 0x9E, 0x00, 0xCF, 0x00, 0xFF, 0x80, 0x61, 0xE0, 0x70, 0xF0,
    0x30, 0x78, 0x38, 0x3E, 0x3F, 0x3F, 0x80, 0x07, 0x70, 0x07, 0x70, 0x07, 0x70, 0x01, 0xC0, 0x03,
    0xE0, 0x03, 0xE0, 0x03, 0xE0, 0x06, 0xF0, 0x06, 0xF0, 0x06, 0xF0, 0x0C, 0x70, 0x0F, 0xF8, 0x1C,
    0x78, 0x18, 0x38, 0x18, 0x3C, 0x38, 0x3C, 0xFE, 0xFF, 0x03, 0xC0, 0x07, 0x80, 0x0F, 0x00, 0x1E,
    0x00, 0x1C, 0x00, 0x78, 0x00, 0xF0, 0x03, 0xF0, 0x07, 0xE0, 0x0D, 0xC0, 0x33, 0xC0, 0x67, 0x81,
    0xFF, 0x03, 0x0F, 0x06, 0x1E, 0x1C, 0x3C, 0x78, 0x7D, 0xF9, 0xFC, 0x00, 0xFF, 0xE0, 0x07, 0x86,
    0x00, 0xF8, 0x20, 0x0B, 0x82, 0x01, 0xB8, 0x00, 0x33, 0x8C, 0x03, 0x38, 0xC0, 0x7F, 0xFC, 0x06,
    0x38, 0xC0, 0xC3, 0x80, 0x0C, 0x38, 0x31, 0x83, 0x83, 0x3C, 0x78, 0x77, 0xEF, 0xFE, 0x0F, 0xF8,
    0xF1, 0xDE, 0x06, 0xE0, 0x1F, 0x00, 0x70, 0x03, 0x80, 0x1C, 0x00, 0xE0, 0x07, 0x80, 0x3C, 0x02,
    0xF0, 0x33, 0xC7, 0x87, 0xF8, 0x0C, 0x00, 0xF0, 0x07, 0x80, 0x0C, 0x03, 0xE0, 0x1C, 0x00, 0x18,
    0x03, 0xC0, 0x0E, 0x00, 0x60, 0xFF, 0xE7, 0x86, 0x38, 0x23, 0x82, 0x38, 0x03, 0x8C, 0x38, 0xC3,
    0xFC, 0x38, 0xC3, 0x80, 0x38, 0x23, 0x82, 0x78, 0x6F, 0xFE, 0x01, 0x80, 0x3C, 0x07, 0x00, 0x60,
    0xFF, 0xE7, 0x86, 0x38, 0x23, 0x82, 0x38, 0x03, 0x8C, 0x38, 0xC3, 0xFC, 0x38, 0xC3, 0x80, 0x38,
    0x23, 0x82, 0x78, 0x6F, 0xFE, 0x07, 0x00, 0xF8, 0x1F, 0xC1, 0x00, 0xFF, 0xE7, 0x86, 0x38, 0x23,
    0x82, 0x38, 0x03, 0x8C, 0x38, 0xC3, 0xFC, 0x38, 0xC3, 0x80, 0x38, 0x23, 0x82, 0x78, 0x6F, 0xFE,
    0x1D, 0xC1, 0xDC, 0x1D, 0xCF, 0xFE, 0x78, 0x63, 0x82, 0x38, 0x23, 0x80, 0x38, 0x43, 0x8C, 0x3F,
    0xC3, 0x8C, 0x38, 0x03, 0x82, 0x38, 0x27, 0x86, 0xFF, 0xE0, 0xE1, 0xE1, 0xC0, 0xCF, 0xEF, 0x0E,
    0x1C, 0x38, 0x70, 0xE1, 0xC3, 0x87, 0x0E, 0x1C, 0x79, 0xFC, 0x06, 0x0E, 0x1C, 0x30, 0xFE, 0x78,
    0x38, 0x38, 0x38, 0x38, 0x38, 0x38, 0x38, 0x38, 0x38, 0x38, 0x78, 0xFE, 0x1C, 0x3E, 0x7F, 0x00,
    0x7F, 0x3C, 0x1C, 0x1C, 0x1C, 0x1C, 0x1C, 0x1C, 0x1C, 0x1C, 0x1C, 0x1C, 0x3C, 0x7F, 0xEF, 0xDF,
    0xBF, 0xF7, 0x87, 0x0E, 0x1C, 0x38, 0x70, 0xE1, 0xC3, 0x87, 0x0E, 0x3C, 0xFE, 0xFF, 0xE0, 0xF1,
    0xF0, 0xE0, 0xF1, 0xC0, 0xE3, 0x81, 0xE7, 0x03, 0xFF, 0xC3, 0x9C, 0x07, 0x38, 0x0E, 0x70, 0x3C,
    0xE0, 0x71, 0xC1, 0xE7, 0xC7, 0x9F, 0xFC, 0x00, 0x00, 0x18, 0x00, 0xF8, 0x00, 0xFC, 0x00, 0x40,
    0x0F, 0xC1, 0xF9, 0xF0, 0x38, 0x7C, 0x18, 0x3F, 0x0C, 0x1F, 0xC6, 0x0B, 0xF3, 0x04, 0xF9, 0x82,
    0x3E, 0xC1, 0x0F, 0xE1, 0x83, 0xF0, 0xC0, 0xF8, 0x60, 0x3C, 0x38, 0x0F, 0x3F, 0x03, 0x80, 0x0C,
    0x00, 0x78, 0x00, 0x70, 0x00, 0xC0, 0x1F, 0xE0, 0xE3, 0xC7, 0x07, 0xBC, 0x0E, 0xE0, 0x3F, 0x80,
    0xFE, 0x01, 0xF8, 0x07, 0xF0, 0x1F, 0xC0, 0xFF, 0x03, 0x9E, 0x0E, 0x3C, 0xF0, 0x7F, 0x00, 0x00,
    0xC0, 0x07, 0x80, 0x38, 0x00, 0xC0, 0x1F, 0xE0, 0xE3, 0xC7, 0x07, 0xBC, 0x0E, 0xE0, 0x3F, 0x80,
    0xFE, 0x01, 0xF8, 0x07, 0xF0, 0x1F, 0xC0, 0xFF, 0x03, 0x9E, 0x0E, 0x3C, 0xF0, 0x7F, 0x00, 0x03,
    0x80, 0x1F, 0x00, 0xFE, 0x02, 0x08, 0x1F, 0xE0, 0xE3, 0xC7, 0x07, 0xBC, 0x0E, 0xE0, 0x3F, 0x80,
    0xFE, 0x01, 0xF8, 0x07, 0xF0, 0x1F, 0xC0, 0xFF, 0x03, 0x9E, 0x0E, 0x3C, 0xF0, 0x7F, 0x00, 0x00,
    0x60, 0x3F, 0x00, 0xFC, 0x02, 0x00, 0x1F, 0xE0, 0xE3, 0xC7, 0x07, 0xBC, 0x0E, 0xE0, 0x3F, 0x80,
    0xFE, 0x01, 0xF8, 0x07, 0xF0, 0x1F, 0xC0, 0xFF, 0x03, 0x9E, 0x0E, 0x3C, 0xF0, 0x7F, 0x00, 0x0E,
    0xE0, 0x3B, 0x80, 0xEE, 0x00, 0x00, 0x1F, 0xE0, 0xE3, 0xC7, 0x07, 0xBC, 0x0E, 0xE0, 0x3F, 0x80,
    0xFE, 0x01, 0xF8, 0x07, 0xF0, 0x1F, 0xC0, 0xFF, 0x03, 0x9E, 0x0E, 0x3C, 0xF0, 0x7F, 0x00, 0xC1,
    0xB1, 0xCF, 0xC3, 0xC1, 0xE1, 0xF9, 0x8F, 0x83, 0x00, 0x00, 0x3F, 0xCC, 0xE3, 0xFB, 0x83, 0xEF,
    0x07, 0x9C, 0x1F, 0xB8, 0x7F, 0x71, 0xEE, 0xE7, 0x1D, 0xFC, 0x3B, 0xF0, 0xF7, 0xC1, 0xC7, 0x83,
    0x9F, 0x9E, 0x37, 0xF0, 0x00, 0x06, 0x00, 0x07, 0x00, 0x03, 0x80, 0x00, 0xC0, 0xFE, 0x3F, 0x7C,
    0x0E, 0x38, 0x0C, 0x38, 0x0C, 0x38, 0x0C, 0x38, 0x0C, 0x38, 0x0C, 0x38, 0x0C, 0x38, 0x0C, 0x38,
    0x0C, 0x3C, 0x0C, 0x3E, 0x38, 0x1F, 0xF8, 0x0F, 0xE0, 0x00, 0x70, 0x00, 0xF0, 0x00, 0xE0, 0x01,
    0x80, 0xFE, 0x3F, 0x7C, 0x0E, 0x38, 0x0C, 0x38, 0x0C, 0x38, 0x0C, 0x38, 0x0C, 0x38, 0x0C, 0x38,
    0x0C, 0x38, 0x0C, 0x38, 0x0C, 0x3C, 0x0C, 0x3E, 0x38, 0x1F, 0xF8, 0x0F, 0xE0, 0x00, 0xC0, 0x03,
    0xF0, 0x07, 0xF8, 0x00, 0x00, 0xFE, 0x3F, 0x7C, 0x0E, 0x38, 0x0C, 0x38, 0x0C, 0x38, 0x0C, 0x38,
    0x0C, 0x38, 0x0C, 0x38, 0x0C, 0x38, 0x0C, 0x38, 0x0C, 0x3C, 0x0C, 0x3E, 0x38, 0x1F, 0xF8, 0x0F,
    0xE0, 0x07, 0x70, 0x07, 0x70, 0x07, 0x70, 0x00, 0x00, 0xFE, 0x3F, 0x7C, 0x0E, 0x38, 0x0C, 0x38,
    0x0C, 0x38, 0x0C, 0x38, 0x0C, 0x38, 0x0C, 0x38, 0x0C, 0x3C, 0x0C, 0x3C, 0x0C, 0x3C, 0x0C, 0x3E,
    0x18, 0x1F, 0xF8, 0x0F, 0xE0, 0x00, 0x30, 0x00, 0xE0, 0x03, 0x80, 0x0C, 0x0F, 0xF7, 0xE7, 0x87,
    0x0F, 0x8C, 0x0F, 0x18, 0x0E, 0x60, 0x1E, 0x80, 0x1F, 0x00, 0x3C, 0x00, 0x38, 0x00, 0x70, 0x00,
    0xE0, 0x01, 0xC0, 0x07, 0xC0, 0x1F, 0xC0, 0xFE, 0x07, 0x80, 0x3F, 0xC3, 0xDE, 0x38, 0xF3, 0x87,
    0x38, 0x73, 0x87, 0x38, 0xF3, 0xDE, 0x3F, 0xC3, 0x80, 0x7C, 0x0F, 0xF0, 0x07, 0xC1, 0xCE, 0x1C,
    0x63, 0x86, 0x38, 0xC3, 0x8C, 0xF9, 0x8F, 0xB8, 0x3B, 0xC3, 0x9E, 0x38, 0xF3, 0x87, 0x38, 0x33,
    0xBB, 0x7F, 0xE0, 0x70, 0x38, 0x0C, 0x03, 0x00, 0x81, 0xF1, 0xF9, 0xDC, 0x8E, 0x1F, 0x3F, 0x9D,
    0xCF, 0xFF, 0xF8, 0x0E, 0x07, 0x03, 0x03, 0x01, 0x01, 0xF1, 0xF9, 0xDC, 0x8E, 0x1F, 0x3F, 0x9D,
    0xCF, 0xFF, 0xF8, 0x18, 0x1E, 0x0F, 0x0C, 0xC6, 0x21, 0xF1, 0xF9, 0xDC, 0x8E, 0x1F, 0x3F, 0x9D,
    0xCF, 0xFF, 0xF8, 0x01, 0x0F, 0x8F, 0x88, 0x00, 0x01, 0xF1, 0xF9, 0xDC, 0x8E, 0x1F, 0x3F, 0x9D,
    0xCF, 0xFF, 0xF8, 0x73, 0x9C, 0xE7, 0x38, 0x00, 0x00, 0x07, 0xC7, 0xF3, 0x9C, 0x47, 0x07, 0xC7,
    0xF1, 0xDC, 0x7F, 0xDF, 0xF0, 0x3C, 0x16, 0x0F, 0x07, 0x80, 0x01, 0xF1, 0xF9, 0xDC, 0x8E, 0x1F,
    0x3F, 0x9D, 0xCF, 0xFF, 0xF8, 0x3F, 0xEF, 0xF7, 0xEE, 0x7C, 0xFE, 0x3F, 0x0F, 0xE0, 0xEF, 0x3F,
    0xFF, 0xF7, 0xE0, 0x3F, 0x3B, 0xF8, 0x5C, 0x0E, 0x07, 0x83, 0xFD, 0xFC, 0x7C, 0x0C, 0x0F, 0x07,
    0x80, 0xC1, 0xC0, 0x38, 0x1C, 0x07, 0x01, 0x80, 0x41, 0xF1, 0xDD, 0xFE, 0xE0, 0x70, 0x3C, 0x1F,
    0x67, 0xF1, 0xF0, 0x07, 0x03, 0x03, 0x81, 0x80, 0x81, 0xF1, 0xDD, 0xFE, 0xE0, 0x70, 0x3C, 0x1F,
    0x67, 0xF1, 0xF0, 0x0C, 0x0E, 0x07, 0x86, 0xC2, 0x21, 0xF1, 0xDD, 0xFE, 0xE0, 0x70, 0x3C, 0x1F,
    0x67, 0xF1, 0xF0, 0x77, 0x3B, 0x9D, 0xC0, 0x00, 0x01, 0xF1, 0xDD, 0xFE, 0xE0, 0x70, 0x3C, 0x1F,
    0x67, 0xF1, 0xF0, 0xE1, 0xC1, 0xC1, 0x81, 0x03, 0x1E, 0x3C, 0x38, 0x70, 0xE1, 0xC3, 0x9F, 0x80,
    0x0C, 0x38, 0x61, 0xC3, 0x03, 0x1E, 0x3C, 0x38, 0x70, 0xE1, 0xC3, 0x9F, 0x80, 0x30, 0x71, 0xE3,
    0x6C, 0xC3, 0x1E, 0x3C, 0x38, 0x70, 0xE1, 0xC3, 0x9F, 0x80, 0xEF, 0xDF, 0xB8, 0x00, 0x03, 0x9F,
    0x3C, 0x38, 0x70, 0xE1, 0xC3, 0x8F, 0xC0, 0x78, 0xC7, 0xF0, 0xF0, 0xFE, 0x37, 0x80, 0xF3, 0xFD,
    0xCF, 0xF3, 0xF8, 0x7E, 0x1F, 0x87, 0xF3, 0x9E, 0xE3, 0xF0, 0x04, 0xC0, 0x7E, 0x07, 0xE0, 0x20,
    0x03, 0xBC, 0x3F, 0xF0, 0xE7, 0x87, 0x1C, 0x38, 0xE1, 0xC7, 0x0E, 0x38, 0x71, 0xC7, 0xDF, 0x00,
    0x70, 0x0E, 0x01, 0x80, 0x70, 0x0C, 0x0F, 0xC7, 0x7B, 0x8F, 0xE1, 0xF8, 0x7E, 0x1F, 0xCF, 0x73,
    0x8F, 0xC0, 0x07, 0x01, 0xC0, 0x60, 0x30, 0x08, 0x0F, 0xC7, 0x7B, 0x8F, 0xE1, 0xF8, 0x7E, 0x1F,
    0xCF, 0x73, 0x8F, 0xC0, 0x0C, 0x03, 0x81, 0xE0, 0x6C, 0x11, 0x0F, 0xC7, 0x7B, 0x8F, 0xE1, 0xF8,
    0x7E, 0x1F, 0xCF, 0x73, 0x8F, 0xC0, 0x01, 0x07, 0xC3, 0xE1, 0x80, 0x00, 0x0F, 0xC7, 0x7B, 0x8F,
    0xE1, 0xF8, 0x7E, 0x1F, 0xCF, 0x73, 0x8F, 0xC0, 0x77, 0x1D, 0xC7, 0x70, 0x00, 0x00, 0x0F, 0xC7,
    0x7B, 0x8F, 0xE1, 0xF8, 0x7E, 0x1F, 0xCF, 0x73, 0x8F, 0xC0, 0x07, 0x00, 0x70, 0x07, 0x00, 0x00,
    0x7F, 0xF0, 0x00, 0x07, 0x00, 0x70, 0x07, 0x00, 0x3F, 0xDD, 0xFE, 0x3F, 0x9F, 0xEF, 0xFF, 0x7F,
    0x3F, 0xCE, 0xFF, 0x00, 0x1C, 0x00, 0xE0, 0x03, 0x80, 0x0C, 0x00, 0x20, 0x3D, 0xF1, 0xE7, 0x87,
    0x1C, 0x38, 0xE1, 0xC7, 0x0E, 0x38, 0x7B, 0xC3, 0xFF, 0x8F, 0xF0, 0x01, 0xC0, 0x0C, 0x00, 0xE0,
    0x06, 0x00, 0x20, 0x3D, 0xF1, 0xE7, 0x87, 0x1C, 0x38, 0xE1, 0xC7, 0x0E, 0x38, 0x7B, 0xC3, 0xFF,
    0x8F, 0xF0, 0x03, 0x00, 0x38, 0x01, 0xE0, 0x1B, 0x00, 0x88, 0x3D, 0xF1, 0xE7, 0x87, 0x1C, 0x38,
    0xE1, 0xC7, 0x0E, 0x38, 0x7B, 0xC3, 0xFF, 0x8F, 0xF0, 0x1D, 0xC0, 0xEE, 0x07, 0x70, 0x00, 0x00,
    0x00, 0x3D, 0xF1, 0xE7, 0x87, 0x1C, 0x38, 0xE1, 0xC7, 0x0E, 0x38, 0x7B, 0xC3, 0xFF, 0x8F, 0xF0,
    0x01, 0x80, 0x70, 0x0C, 0x03, 0x00, 0x40, 0xFB, 0xCE, 0x71, 0xEC, 0x1D, 0x83, 0xE0, 0x7C, 0x07,
    0x80, 0xE0, 0x0C, 0x03, 0x00, 0x60, 0x1C, 0x0F, 0x01, 0xE0, 0x38, 0x00, 0x38, 0x0F, 0x00, 0xE0,
    0x1C, 0x03, 0x80, 0x70, 0x0F, 0xF1, 0xFF, 0x39, 0xE7, 0x1C, 0xE3, 0x9C, 0x73, 0x9E, 0x7B, 0x8F,
    0xE1, 0xC0, 0x38, 0x07, 0x00, 0xE0, 0x7F, 0x00, 0x1D, 0xC3, 0xB8, 0x77, 0x00, 0x00, 0x00, 0xFB,
    0xCF, 0x31, 0xE4, 0x1D, 0x83, 0xF0, 0x3C, 0x07, 0x80, 0xE0, 0x0C, 0x01, 0x00, 0x60, 0x0C, 0x0F,
    0x01, 0xE0, 0x38, 0x00, 0x07, 0xF0, 0x07, 0xF0, 0x00, 0x00, 0x01, 0xC0, 0x01, 0xE0, 0x03, 0xE0,
    0x03, 0xE0, 0x06, 0xF0, 0x06, 0xF0, 0x06, 0xF0, 0x0C, 0x78, 0x0F, 0xF8, 0x1C, 0x78, 0x18, 0x3C,
    0x18, 0x3C, 0x38, 0x3E, 0xFE, 0xFF, 0x7F, 0x3F, 0x80, 0x00, 0x03, 0xE3, 0xF3, 0xB9, 0x1C, 0x3E,
    0x7F, 0x3B, 0x9F, 0xFF, 0xF8, 0x04, 0x20, 0x06, 0x60, 0x07, 0xE0, 0x03, 0xC0, 0x01, 0xC0, 0x03,
    0xC0, 0x03, 0xC0, 0x07, 0xE0, 0x07, 0xE0, 0x0C, 0xE0, 0x0C, 0xF0, 0x0C, 0xF0, 0x1F, 0xF0, 0x18,
    0x78, 0x38, 0x78, 0x30, 0x78, 0x78, 0x7C, 0xFC, 0xFF, 0x22, 0x1B, 0x0F, 0x87, 0xC0, 0x01, 0xF1,
    0xF9, 0xDC, 0x8E, 0x1F, 0x3F, 0x9D, 0xCF, 0xFF, 0xF8, 0x00, 0x40, 0x00, 0xF0, 0x00, 0xF8, 0x00,
    0x7C, 0x00, 0x3F, 0x00, 0x37, 0x80, 0x1B, 0xC0, 0x0C, 0xF0, 0x0C, 0x78, 0x07, 0xFE, 0x07, 0x0F,
    0x03, 0x07, 0x81, 0x83, 0xE3, 0xE1, 0xFB, 0xFB, 0xFE, 0x00, 0x38, 0x00, 0x38, 0x00, 0x1C, 0x00,
    0x0F, 0xC0, 0x07, 0xE0, 0x01, 0xE0, 0x3E, 0x3F, 0x3B, 0x91, 0xC3, 0xE7, 0xF3, 0xB9, 0xFF, 0xFF,
    0x03, 0x03, 0x81, 0x80, 0xF8, 0x7C, 0x1C, 0x00, 0xE0, 0x0F, 0x00, 0x70, 0x06, 0x00, 0xFF, 0x8F,
    0x1D, 0xE0, 0x6E, 0x01, 0xF0, 0x07, 0x00, 0x38, 0x01, 0xC0, 0x0E, 0x00, 0x78, 0x03, 0xC0, 0x2F,
    0x03, 0x3C, 0x78, 0x7F, 0x80, 0x07, 0x03, 0x83, 0x81, 0x80, 0x81, 0xF9, 0xDF, 0xC2, 0xE0, 0x70,
    0x3C, 0x1F, 0xF7, 0xF1, 0xF0, 0x03, 0x80, 0x3E, 0x03, 0xF8, 0x18, 0x40, 0xFF, 0x8F, 0x1D, 0xE0,
    0x6E, 0x01, 0xF0, 0x07, 0x00, 0x38, 0x01, 0xC0, 0x0E, 0x00, 0x78, 0x03, 0xC0, 0x2F, 0x03, 0x3C,
    0x78, 0x7F, 0x80, 0x0C, 0x0E, 0x07, 0x86, 0xE2, 0x31, 0xF9, 0xDF, 0xC2, 0xE0, 0x70, 0x3C, 0x1F,
    0xF7, 0xF1, 0xF0, 0x03, 0xC0, 0x1E, 0x00, 0xF0, 0x00, 0x00, 0xFF, 0x8F, 0x1D, 0xE0, 0x6E, 0x01,
    0xF0, 0x07, 0x00, 0x38, 0x01, 0xC0, 0x0E, 0x00, 0x78, 0x03, 0xC0, 0x2F, 0x03, 0x3C, 0x78, 0x7F,
    0x80, 0x1C, 0x0E, 0x07, 0x00, 0x00, 0x01, 0xF9, 0xDF, 0xC2, 0xE0, 0x70, 0x3C, 0x1F, 0xEF, 0xE3,
    0xE0, 0x0E, 0xE0, 0x3E, 0x00, 0xE0, 0x00, 0x00, 0xFF, 0x8F, 0x1D, 0xE0, 0x6E, 0x01, 0xF0, 0x07,
    0x00, 0x38, 0x01, 0xC0, 0x0E, 0x00, 0x78, 0x03, 0xC0, 0x2F, 0x03, 0x3C, 0x78, 0x7F, 0x80, 0x33,
    0x1F, 0x07, 0x81, 0x80, 0x81, 0xF9, 0xDD, 0xC0, 0xE0, 0x70, 0x3C, 0x1F, 0xF7, 0xF1, 0xF0, 0x0E,
    0xE0, 0x1F, 0xC0, 0x0E, 0x00, 0x00, 0x0F, 0xFE, 0x0F, 0x1F, 0x0E, 0x0F, 0x1C, 0x0E, 0x38, 0x1E,
    0x70, 0x3C, 0xE0, 0x39, 0xC0, 0x73, 0x80, 0xE7, 0x03, 0xCE, 0x07, 0x1C, 0x1E, 0x7C, 0x79, 0xFF,
    0xC0, 0x03, 0x98, 0x3C, 0xC0, 0xE6, 0x07, 0x30, 0x39, 0x01, 0xC0, 0xFE, 0x0E, 0xF0, 0xF3, 0x87,
    0x1C, 0x38, 0xE1, 0xC7, 0x0F, 0x38, 0x7B, 0xC1, 0xFF, 0x80, 0x60, 0xFF, 0xE0, 0xF1, 0xF0, 0xE0,
    0xF1, 0xC0, 0xE3, 0x81, 0xE7, 0x03, 0xFF, 0xC3, 0x9C, 0x07, 0x38, 0x0E, 0x70, 0x3C, 0xE0, 0x71,
    0xC1, 0xE7, 0xC7, 0x9F, 0xFC, 0x00, 0x03, 0x80, 0xF0, 0x0E, 0x0F, 0xF0, 0x38, 0x07, 0x0F, 0xE3,
    0xBC, 0xE3, 0x9C, 0x73, 0x8E, 0x71, 0xCF, 0x79, 0xFF, 0xDF, 0xE0, 0x1F, 0xC3, 0xFC, 0x00, 0x0F,
    0xFE, 0x78, 0x63, 0x82, 0x38, 0x23, 0x80, 0x38, 0xC3, 0x8C, 0x3F, 0xC3, 0x8C, 0x38, 0x03, 0x82,
    0x38, 0x27, 0x86, 0xFF, 0xE0, 0x7F, 0x3F, 0x80, 0x00, 0x03, 0xE3, 0xBB, 0xFD, 0xC0, 0xE0, 0x78,
    0x3E, 0xCF, 0xE3, 0xE0, 0x10, 0x81, 0x98, 0x1F, 0x80, 0xF0, 0xFF, 0xE7, 0x86, 0x38, 0x23, 0x82,
    0x38, 0x03, 0x8C, 0x38, 0xC3, 0xFC, 0x38, 0xC3, 0x80, 0x38, 0x23, 0x82, 0x78, 0x6F, 0xFE, 0x22,
    0x19, 0x0F, 0x87, 0xC0, 0x01, 0xF1, 0xDD, 0xFE, 0xE0, 0x70, 0x3C, 0x1F, 0x67, 0xF1, 0xF0, 0x0F,
    0x00, 0xF0, 0x0F, 0x00, 0x00, 0xFF, 0xE7, 0x86, 0x38, 0x23, 0x82, 0x38, 0x03, 0x8C, 0x38, 0xC3,
    0xFC, 0x38, 0xC3, 0x80, 0x38, 0x23, 0x82, 0x78, 0x6F, 0xFE, 0x1C, 0x0E, 0x07, 0x00, 0x00, 0x01,
    0xF1, 0xDD, 0xFE, 0xE0, 0x70, 0x3C, 0x1F, 0x67, 0xF1, 0xF0, 0xFF, 0xE7, 0x86, 0x38, 0x23, 0x82,
    0x38, 0x03, 0x8C, 0x3F, 0xC3, 0x8C, 0x38, 0xC3, 0x80, 0x38, 0x23, 0x82, 0x78, 0x6F, 0xFE, 0x01,
    0xC0, 0x38, 0x07, 0x00, 0x7E, 0x07, 0xE0, 0x3C, 0x3F, 0x77, 0xFF, 0xE0, 0xE0, 0xF1, 0xFF, 0x7E,
    0x3E, 0x0C, 0x1C, 0x18, 0x1F, 0x1F, 0x0E, 0x39, 0x81, 0xF8, 0x0F, 0x00, 0x00, 0xFF, 0xE7, 0x86,
    0x38, 0x23, 0x82, 0x38, 0x03, 0x8C, 0x38, 0xC3, 0xFC, 0x38, 0xC3, 0x80, 0x38, 0x23, 0x82, 0x78,
    0x6F, 0xFE, 0x33, 0x0F, 0x07, 0x81, 0x80, 0xC1, 0xF1, 0xDD, 0xFE, 0xE0, 0x70, 0x3C, 0x1F, 0x67,
    0xF1, 0xF0, 0x03, 0x80, 0x1F, 0x00, 0xFE, 0x02, 0x08, 0x0F, 0xF0, 0xF1, 0xE7, 0x81, 0x9C, 0x06,
    0xF0, 0x03, 0x80, 0x0E, 0x00, 0x38, 0x7F, 0xE1, 0xFB, 0xC1, 0xCF, 0x07, 0x1E, 0x1C, 0x3F, 0xF8,
    0x3F, 0x80, 0x0C, 0x03, 0xC0, 0x78, 0x19, 0x83, 0x30, 0x7F, 0xFD, 0xE7, 0x1C, 0xE3, 0x9E, 0x73,
    0xDC, 0x3F, 0x0F, 0x81, 0xFF, 0x1F, 0xF7, 0xFE, 0xC1, 0xDC, 0x33, 0xFC, 0x1E, 0x00, 0x04, 0x20,
    0x19, 0x80, 0x7E, 0x00, 0xF0, 0x0F, 0xF0, 0xF1, 0xE7, 0x81, 0x9C, 0x06, 0xF0, 0x03, 0x80, 0x0E,
    0x00, 0x38, 0x7F, 0xE0, 0xFB, 0xC1, 0xCF, 0x07, 0x1E, 0x1C, 0x3F, 0xF8, 0x3F, 0x80, 0x22, 0x06,
    0xC0, 0xF8, 0x0E, 0x00, 0x00, 0x7F, 0xFD, 0xE7, 0x1C, 0xE3, 0x9E, 0x73, 0xDC, 0x3F, 0x0F, 0x81,
    0xFF, 0x1F, 0xF7, 0xFE, 0xC3, 0xDC, 0x73, 0xFC, 0x1E, 0x00, 0x03, 0xC0, 0x0F, 0x00, 0x3C, 0x00,
    0x00, 0x0F, 0xF0, 0xF1, 0xE7, 0x81, 0x9C, 0x06, 0xF0, 0x03, 0x80, 0x0E, 0x00, 0x38, 0x7F, 0xE0,
    0xFB, 0xC1, 0xCF, 0x07, 0x1E, 0x1C, 0x3F, 0xF8, 0x3F, 0x80, 0x1C, 0x03, 0x80, 0x70, 0x00, 0x00,
    0x00, 0x7F, 0xFD, 0xE7, 0x1C, 0xE3, 0x9E, 0x73, 0xDC, 0x3F, 0x0F, 0x01, 0xFF, 0x1F, 0xF7, 0xFE,
    0xC1, 0xDC, 0x73, 0xFC, 0x1E, 0x00, 0x0F, 0xF0, 0xF1, 0xE7, 0x81, 0x9C, 0x06, 0xF0, 0x03, 0x80,
    0x0E, 0x00, 0x38, 0x7F, 0xE1, 0xFB, 0xC1, 0xCF, 0x07, 0x1E, 0x1C, 0x3F, 0xF8, 0x3F, 0x80, 0x30,
    0x01, 0xE0, 0x03, 0x80, 0x06, 0x00, 0x38, 0x00, 0x80, 0x0E, 0x03, 0x00, 0x70, 0x0F, 0x01, 0xE0,
    0x00, 0x0F, 0xFF, 0xBC, 0xE3, 0x9C, 0x73, 0xCE, 0x7B, 0x87, 0xE1, 0xF0, 0x3F, 0xE3, 0xFE, 0xFF,
    0xD8, 0x3B, 0x86, 0x7F, 0x83, 0xC0, 0x01, 0x80, 0x07, 0xE0, 0x0F, 0xF0, 0x00, 0x00, 0xFE, 0x7F,
    0x7C, 0x3C, 0x38, 0x1C, 0x38, 0x1C, 0x38, 0x1C, 0x38, 0x1C, 0x38, 0x1C, 0x3F, 0xFC, 0x3F, 0xFC,
    0x38, 0x1C, 0x38, 0x1C, 0x38, 0x1C, 0x78, 0x1C, 0xFE, 0x7F, 0x18, 0x00, 0xF0, 0x07, 0xE0, 0x31,
    0x80, 0x1C, 0x00, 0xF0, 0x01, 0xC0, 0x07, 0x00, 0x1C, 0x00, 0x70, 0x01, 0xDE, 0x07, 0xFC, 0x1C,
    0xF0, 0x71, 0xC1, 0xC7, 0x07, 0x1C, 0x1C, 0x70, 0x71, 0xC3, 0xEF, 0x80, 0xFE, 0x7F, 0x1E, 0x1E,
    0x0E, 0x07, 0x1F, 0xFF, 0xE7, 0xFF, 0xE1, 0xC0, 0xE0, 0xE0, 0x70, 0x7F, 0xF8, 0x38, 0x1C, 0x1C,
    0x0E, 0x0E, 0x07, 0x07, 0x03, 0x87, 0x83, 0xC7, 0xF3, 0xF8, 0x38, 0x03, 0xC0, 0x0E, 0x01, 0xFE,
    0x07, 0xE0, 0x1C, 0x00, 0xEF, 0x07, 0xFC, 0x3D, 0xE1, 0xC7, 0x0E, 0x38, 0x71, 0xC3, 0x8E, 0x1C,
    0x73, 0xF7, 0xC0, 0x02, 0x7E, 0xFC, 0x80, 0xFE, 0x78, 0x38, 0x38, 0x38, 0x38, 0x38, 0x38, 0x38,
    0x38, 0x38, 0x38, 0x78, 0xFE, 0x26, 0xFB, 0xF4, 0x01, 0x8F, 0x1E, 0x1C, 0x38, 0x70, 0xE1, 0xCF,
    0xC0, 0xFE, 0xFE, 0x00, 0xFE, 0x78, 0x38, 0x38, 0x38, 0x38, 0x38, 0x38, 0x38, 0x38, 0x38, 0x38,
    0x78, 0xFE, 0x7F, 0x7F, 0x00, 0x0C, 0x3C, 0x3C, 0x1C, 0x1C, 0x1C, 0x1C, 0x1C, 0x7E, 0x42, 0x66,
    0x7E, 0x3C, 0xFE, 0x38, 0x38, 0x38, 0x38, 0x38, 0x38, 0x38, 0x38, 0x38, 0x38, 0x38, 0x3C, 0xFF,
    0x44, 0xF9, 0xF0, 0x01, 0xCF, 0x1E, 0x1C, 0x38, 0x70, 0xE1, 0xC7, 0xE0, 0x7F, 0x3C, 0x1C, 0x1C,
    0x1C, 0x1C, 0x1C, 0x1C, 0x1C, 0x1C, 0x1C, 0x1C, 0x3E, 0xFF, 0x1C, 0x38, 0x38, 0x3F, 0x3F, 0x1E,
    0x38, 0x70, 0xE0, 0x00, 0x03, 0x1E, 0x3C, 0x38, 0x70, 0xE1, 0xC3, 0x9F, 0x8C, 0x38, 0x60, 0xF9,
    0xF1, 0xC0, 0x38, 0x70, 0xE0, 0x0F, 0xEF, 0x0E, 0x1C, 0x38, 0x70, 0xE1, 0xC3, 0x87, 0x0E, 0x1C,
    0x79, 0xFC, 0x18, 0xF1, 0xE1, 0xC3, 0x87, 0x0E, 0x1C, 0xFC, 0xFE, 0xFE, 0xF0, 0x78, 0xE0, 0xE1,
    0xC1, 0xC3, 0x83, 0x87, 0x07, 0x0E, 0x0E, 0x1C, 0x1C, 0x38, 0x38, 0x70, 0x70, 0xE0, 0xE1, 0xC1,
    0xC7, 0x83, 0x9F, 0xC7, 0x00, 0x0E, 0x01, 0x18, 0x07, 0x60, 0x0F, 0x80, 0x38, 0xE7, 0x1C, 0xE3,
    0x80, 0x00, 0x00, 0x39, 0xDF, 0x7B, 0xCF, 0x38, 0xE7, 0x1C, 0xE3, 0x9C, 0x73, 0x8E, 0xFD, 0xC0,
    0x38, 0x07, 0x01, 0xE0, 0x38, 0x0E, 0x01, 0x80, 0x07, 0x03, 0xE1, 0xFC, 0x00, 0x1F, 0xC3, 0xC0,
    0x70, 0x1C, 0x07, 0x01, 0xC0, 0x70, 0x1C, 0x07, 0x01, 0xC0, 0x70, 0x1C, 0x07, 0x01, 0xC0, 0x71,
    0x38, 0xEC, 0x3E, 0x00, 0x18, 0x38, 0xF1, 0xB6, 0x21, 0x8F, 0x1E, 0x1C, 0x38, 0x70, 0xE1, 0xC3,
    0x87, 0x0E, 0x3C, 0x71, 0xC3, 0x00, 0xFE, 0xFE, 0x78, 0x78, 0x38, 0xE0, 0x39, 0xC0, 0x3B, 0x80,
    0x3F, 0x00, 0x3F, 0x80, 0x3F, 0x80, 0x3B, 0xC0, 0x39, 0xE0, 0x38, 0xF0, 0x38, 0xF8, 0x78, 0x7C,
    0xFE, 0xFF, 0x03, 0x00, 0x07, 0x80, 0x03, 0x80, 0x01, 0x80, 0x03, 0x80, 0x02, 0x00, 0x38, 0x03,
    0xC0, 0x0E, 0x00, 0x70, 0x03, 0x80, 0x1C, 0x00, 0xE7, 0xC7, 0x38, 0x3B, 0x01, 0xF0, 0x0F, 0xC0,
    0x7F, 0x03, 0xBC, 0x1D, 0xF3, 0xFF, 0xC0, 0xC0, 0x0F, 0x00, 0x38, 0x00, 0xC0, 0x0E, 0x00, 0x40,
    0x00, 0x1B, 0xF7, 0x9C, 0x7B, 0x03, 0xF0, 0x3F, 0x03, 0xF8, 0x3B, 0xC3, 0x9E, 0x7F, 0xF0, 0x06,
    0x00, 0xE0, 0x1C, 0x03, 0x00, 0xFE, 0x07, 0xC0, 0x38, 0x03, 0x80, 0x38, 0x03, 0x80, 0x38, 0x03,
    0x80, 0x38, 0x03, 0x80, 0x38, 0x33, 0x83, 0x78, 0x6F, 0xFE, 0x0C, 0x3C, 0xF3, 0x03, 0x8F, 0x0E,
    0x1C, 0x38, 0x70, 0xE1, 0xC3, 0x87, 0x0E, 0x1C, 0x38, 0x73, 0xF0, 0xFE, 0x07, 0xC0, 0x38, 0x03,
    0x80, 0x38, 0x03, 0x80, 0x38, 0x03, 0x80, 0x38, 0x03, 0x80, 0x38, 0x33, 0x83, 0x78, 0x6F, 0xFE,
    0x0E, 0x00, 0xF0, 0x0F, 0x00, 0x30, 0x06, 0x00, 0xC0, 0x38, 0xF0, 0xE1, 0xC3, 0x87, 0x0E, 0x1C,
    0x38, 0x70, 0xE1, 0xC3, 0x87, 0x3F, 0x18, 0x78, 0x70, 0x61, 0xC2, 0x00, 0xFE, 0xC7, 0xCC, 0x38,
    0xC3, 0x8C, 0x38, 0x83, 0x80, 0x38, 0x03, 0x80, 0x38, 0x03, 0x80, 0x38, 0x33, 0x83, 0x78, 0x6F,
    0xFE, 0x3B, 0x7B, 0x3B, 0x3B, 0x3A, 0x38, 0x38, 0x38, 0x38, 0x38, 0x38, 0x38, 0x38, 0x38, 0xFC,
    0xFE, 0x07, 0xC0, 0x38, 0x03, 0x80, 0x38, 0x03, 0x9C, 0x39, 0xC3, 0x9C, 0x38, 0x03, 0x80, 0x38,
    0x33, 0x83, 0x78, 0x6F, 0xFE, 0x38, 0x3C, 0x0E, 0x07, 0x03, 0x81, 0xC0, 0xE0, 0x77, 0x3B, 0x9D,
    0xCE, 0x07, 0x03, 0x81, 0xC3, 0xF0, 0xFE, 0x07, 0xC0, 0x38, 0x03, 0x80, 0x38, 0x03, 0xB8, 0x3F,
    0x07, 0xE0, 0xF8, 0x03, 0x80, 0x38, 0x33, 0x83, 0x78, 0x6F, 0xFE, 0x38, 0xF0, 0xE1, 0xC3, 0x87,
    0xCF, 0xBC, 0xF8, 0x70, 0xE1, 0xC3, 0x87, 0x1F, 0x00, 0x00, 0x30, 0x00, 0x38, 0x00, 0x38, 0x00,
    0x30, 0x0F, 0xC1, 0xF9, 0xF0, 0x38, 0x7C, 0x18, 0x3F, 0x0C, 0x1F, 0xC6, 0x0B, 0xF3, 0x04, 0xF9,
    0x82, 0x3E, 0xC1, 0x0F, 0xE1, 0x83, 0xF0, 0xC0, 0xF8, 0x60, 0x3C, 0x38, 0x0F, 0x3F, 0x03, 0x80,
    0x01, 0xC0, 0x0E, 0x00, 0xE0, 0x06, 0x00, 0x20, 0x1D, 0xE1, 0xFF, 0x87, 0x3C, 0x38, 0xE1, 0xC7,
    0x0E, 0x38, 0x71, 0xC3, 0x8E, 0x3E, 0xF8, 0xFC, 0x0F, 0x9F, 0x03, 0x87, 0xC1, 0x83, 0xF0, 0xC1,
    0xFC, 0x60, 0xBF, 0x30, 0x4F, 0x98, 0x23, 0xEC, 0x10, 0xFE, 0x18, 0x3F, 0x0C, 0x0F, 0x86, 0x03,
    0xC3, 0x80, 0xF3, 0xF0, 0x38, 0x07, 0x00, 0x03, 0xC0, 0x01, 0xE0, 0x00, 0x30, 0x00, 0x30, 0x00,
    0x30, 0x00, 0x3B, 0xC3, 0xFF, 0x0E, 0x78, 0x71, 0xC3, 0x8E, 0x1C, 0x70, 0xE3, 0x87, 0x1C, 0x7F,
    0xF0, 0x30, 0x03, 0xC0, 0x0E, 0x00, 0x30, 0x03, 0x80, 0x10, 0x00, 0x03, 0xB8, 0x00, 0xF8, 0x00,
    0x38, 0x00, 0x00, 0x0F, 0xC1, 0xF9, 0xF0, 0x38, 0x7C, 0x18, 0x3F, 0x0C, 0x1F, 0xC6, 0x0B, 0xF3,
    0x04, 0xF9, 0x82, 0x3E, 0xC1, 0x0F, 0xE1, 0x83, 0xF0, 0xC0, 0xF8, 0x60, 0x3C, 0x38, 0x0F, 0x3F,
    0x03, 0x80, 0x0C, 0x80, 0x6C, 0x01, 0xE0, 0x0E, 0x00, 0x20, 0x1D, 0xE1, 0xFF, 0x87, 0x3C, 0x38,
    0xE1, 0xC7, 0x0E, 0x38, 0x71, 0xC3, 0x8E, 0x3E, 0xF8, 0x78, 0x00, 0xF0, 0x01, 0xE0, 0x00, 0xC0,
    0x03, 0x80, 0x0E, 0x00, 0x39, 0xFC, 0x07, 0xFC, 0x07, 0x38, 0x0C, 0x70, 0x18, 0xE0, 0x31, 0xC0,
    0x63, 0x80, 0xC7, 0x03, 0xDF, 0x00, 0xFC, 0x1F, 0x9F, 0x03, 0x8F, 0xC1, 0x87, 0xF0, 0xC3, 0xFC,
    0x61, 0xBF, 0x30, 0xCF, 0x98, 0x63, 0xEC, 0x30, 0xFE, 0x18, 0x3F, 0x0C, 0x0F, 0x86, 0x03, 0xC3,
    0x81, 0xE3, 0xF0, 0x70, 0x00, 0x18, 0x00, 0x0C, 0x00, 0x3E, 0x00, 0x3E, 0x00, 0x0E, 0x00, 0x3B,
    0xCF, 0xFC, 0xE7, 0x9C, 0x73, 0x8E, 0x71, 0xCE, 0x39, 0xC7, 0x7C, 0xE0, 0x1C, 0x03, 0x80, 0xE0,
    0x1C, 0x0F, 0x01, 0xC0, 0x0F, 0xE0, 0x3F, 0x80, 0x00, 0x07, 0xF8, 0x38, 0xF1, 0xC1, 0xEF, 0x03,
    0xB8, 0x0F, 0xE0, 0x3F, 0x80, 0x7E, 0x01, 0xFC, 0x07, 0xF0, 0x3F, 0xC0, 0xE7, 0x83, 0x8F, 0x3C,
    0x1F, 0xC0, 0x3F, 0x8F, 0xE0, 0x00, 0x00, 0x3F, 0x1D, 0xEE, 0x3F, 0x87, 0xE1, 0xF8, 0x7F, 0x3D,
    0xCE, 0x3F, 0x00, 0x04, 0x20, 0x19, 0x80, 0x7E, 0x00, 0xF0, 0x1F, 0xE0, 0xE3, 0xC7, 0x07, 0xBC,
    0x0E, 0xE0, 0x3F, 0x80, 0xFE, 0x01, 0xF8, 0x07, 0xF0, 0x1F, 0xC0, 0xFF, 0x03, 0x9E, 0x0E, 0x3C,
    0xF0, 0x7F, 0x00, 0x22, 0x0C, 0x83, 0xE0, 0xF8, 0x00, 0x0F, 0xC7, 0x7B, 0x8F, 0xE1, 0xF8, 0x7E,
    0x1F, 0xCF, 0x73, 0x8F, 0xC0, 0x03, 0xF0, 0x1F, 0xC0, 0xFE, 0x03, 0x60, 0x1F, 0xE0, 0xE3, 0xC7,
    0x07, 0xBC, 0x0E, 0xE0, 0x3F, 0x80, 0xFE, 0x01, 0xF8, 0x07, 0xF0, 0x1F, 0xC0, 0xFF, 0x03, 0x9E,
    0x0E, 0x3C, 0xF0, 0x7F, 0x00, 0x0F, 0xC3, 0xF1, 0xF8, 0x6C, 0x12, 0x0F, 0xC7, 0x7B, 0x8F, 0xE1,
    0xF8, 0x7E, 0x1F, 0xCF, 0x73, 0x8F, 0xC0, 0x0F, 0xFF, 0xE3, 0xCF, 0xC6, 0x70, 0x78, 0x27, 0x03,
    0x82, 0xE0, 0x38, 0x0E, 0x03, 0x8C, 0xE0, 0x3F, 0xCE, 0x03, 0x8C, 0xE0, 0x38, 0xCF, 0x03, 0x80,
    0xF0, 0x38, 0x37, 0x83, 0x83, 0x3C, 0x7C, 0x60, 0xFF, 0xFE, 0x3F, 0x7C, 0x77, 0xEE, 0xE3, 0xFE,
    0xE3, 0xC0, 0xE3, 0xC0, 0xE3, 0xE0, 0xF3, 0xF6, 0x77, 0xFE, 0x3F, 0x7C, 0x01, 0xC0, 0x03, 0xC0,
    0x03, 0x80, 0x06, 0x00, 0xFF, 0xC0, 0x79, 0xE0, 0x38, 0xE0, 0x38, 0xE0, 0x38, 0xE0, 0x39, 0xE0,
    0x3B, 0xC0, 0x3F, 0x80, 0x3B, 0xC0, 0x39, 0xC0, 0x39, 0xE0, 0x38, 0xF0, 0x78, 0x7E, 0xFE, 0x3E,
    0x03, 0x81, 0xC1, 0xC0, 0xC0, 0x41, 0xDD, 0xFE, 0x7F, 0x38, 0x1C, 0x0E, 0x07, 0x03, 0x83, 0xF0,
    0xFF, 0xC0, 0x79, 0xE0, 0x38, 0xE0, 0x38, 0xE0, 0x38, 0xE0, 0x39, 0xE0, 0x3B, 0xC0, 0x3F, 0x80,
    0x3B, 0xC0, 0x39, 0xC0, 0x39, 0xE0, 0x38, 0xF0, 0x78, 0x7E, 0xFE, 0x3E, 0x03, 0x00, 0x07, 0x80,
    0x03, 0x80, 0x01, 0x80, 0x03, 0x80, 0x02, 0x00, 0x3B, 0xBF, 0xCF, 0xE7, 0x03, 0x81, 0xC0, 0xE0,
    0x70, 0x7E, 0x1C, 0x0F, 0x07, 0x80, 0xC0, 0xC0, 0xC0, 0x1D, 0xC0, 0x0F, 0x80, 0x07, 0x00, 0x00,
    0x00, 0xFF, 0xC0, 0x79, 0xE0, 0x38, 0xE0, 0x38, 0xE0, 0x38, 0xE0, 0x39, 0xE0, 0x3B, 0xC0, 0x3F,
    0x80, 0x3B, 0xC0, 0x39, 0xC0, 0x39, 0xE0, 0x38, 0xF0, 0x78, 0x7E, 0xFE, 0x3E, 0x19, 0x0F, 0x83,
    0xC1, 0xC0, 0x41, 0xDD, 0xFE, 0x7F, 0x38, 0x1C, 0x0E, 0x07, 0x03, 0x83, 0xF0, 0x03, 0x80, 0xE0,
    0x70, 0x30, 0x1F, 0x8E, 0x77, 0x0D, 0xE3, 0x7C, 0x1F, 0x83, 0xF8, 0x7F, 0x0F, 0xF0, 0xFC, 0x1F,
    0x87, 0xF3, 0x9F, 0xC0, 0x06, 0x0E, 0x0C, 0x18, 0x10, 0x3E, 0x76, 0x72, 0x7C, 0x7E, 0x1E, 0xCE,
    0xEE, 0x7C, 0x06, 0x03, 0xE1, 0xFC, 0x42, 0x1F, 0x8E, 0x77, 0x0D, 0xE3, 0x7C, 0x1F, 0x83, 0xF8,
    0x7F, 0x0F, 0xF0, 0xFC, 0x1F, 0x87, 0xF3, 0x9F, 0xC0, 0x18, 0x38, 0xF3, 0xB6, 0x27, 0xDD, 0xB9,
    0x7C, 0xFC, 0x7E, 0x7E, 0xEF, 0x80, 0x1F, 0x8E, 0x77, 0x0D, 0xE3, 0x7C, 0x1F, 0x83, 0xF8, 0x7F,
    0x0F, 0xF0, 0xFC, 0x1F, 0x87, 0xF3, 0x9F, 0xC0, 0xC0, 0x78, 0x1E, 0x01, 0x81, 0xE0, 0x60, 0x3E,
    0xED, 0xCB, 0xE7, 0xE3, 0xF3, 0xF7, 0x7C, 0x30, 0xF1, 0xE0, 0xC7, 0x00, 0x3F, 0xC7, 0xE0, 0xE0,
    0x00, 0x1F, 0x8E, 0x77, 0x0D, 0xE3, 0x7C, 0x1F, 0x83, 0xF8, 0x7F, 0x0F, 0xF0, 0xFC, 0x1F, 0x87,
    0xF3, 0x9F, 0xC0, 0x66, 0x7C, 0xF0, 0xC0, 0x87, 0xDD, 0xBB, 0x7C, 0xFC, 0x7E, 0x7E, 0xEF, 0x80,
    0x60, 0x06, 0xFF, 0xFD, 0x8F, 0x3E, 0x1C, 0x30, 0x38, 0x00, 0x70, 0x00, 0xE0, 0x01, 0xC0, 0x03,
    0x80, 0x07, 0x00, 0x0E, 0x00, 0x1C, 0x00, 0x38, 0x00, 0xFC, 0x03, 0xF8, 0x01, 0x80, 0x07, 0x80,
    0x0F, 0x00, 0x06, 0x00, 0x3C, 0x00, 0x60, 0x00, 0x08, 0x18, 0x78, 0xFF, 0x38, 0x38, 0x38, 0x38,
    0x38, 0x38, 0x3F, 0x3F, 0x18, 0x1C, 0x3C, 0x0C, 0x38, 0x0E, 0xE0, 0x0F, 0xC0, 0x0E, 0x03, 0x00,
    0x37, 0xFF, 0xEC, 0x79, 0xF0, 0xE1, 0x81, 0xC0, 0x03, 0x80, 0x07, 0x00, 0x0E, 0x00, 0x1C, 0x00,
    0x38, 0x00, 0x70, 0x00, 0xE0, 0x01, 0xC0, 0x07, 0xC0, 0x1F, 0xC0, 0x01, 0x03, 0x03, 0x03, 0x02,
    0x1A, 0x38, 0xFF, 0x38, 0x38, 0x38, 0x38, 0x38, 0x38, 0x3D, 0x3F, 0x60, 0x06, 0xFF, 0xFD, 0x8F,
    0x3E, 0x1C, 0x30, 0x38, 0x00, 0x70, 0x00, 0xE0, 0x0F, 0xF8, 0x03, 0x80, 0x07, 0x00, 0x0E, 0x00,
    0x1C, 0x00, 0x38, 0x00, 0xF8, 0x03, 0xF8, 0x00, 0x18, 0x38, 0xFF, 0x38, 0x38, 0xFF, 0x7E, 0x38,
    0x38, 0x3D, 0x3F, 0x00, 0x30, 0x03, 0xF0, 0x07, 0xE0, 0x04, 0x00, 0xFE, 0x3F, 0x7C, 0x0E, 0x38,
    0x0C, 0x38, 0x0C, 0x38, 0x0C, 0x38, 0x0C, 0x38, 0x0C, 0x38, 0x0C, 0x38, 0x0C, 0x38, 0x0C, 0x3C,
    0x0C, 0x3E, 0x38, 0x1F, 0xF8, 0x0F, 0xE0, 0x00, 0x40, 0x7E, 0x07, 0xE0, 0x30, 0x00, 0x00, 0x3D,
    0xF1, 0xE7, 0x87, 0x1C, 0x38, 0xE1, 0xC7, 0x0E, 0x38, 0x7B, 0xC3, 0xFF, 0x8F, 0xF0, 0x07, 0xF8,
    0x07, 0xF0, 0x00, 0x00, 0xFE, 0x3F, 0x7C, 0x0E, 0x38, 0x0C, 0x38, 0x0C, 0x38, 0x0C, 0x38, 0x0C,
    0x38, 0x0C, 0x38, 0x0C, 0x38, 0x0C, 0x38, 0x0C, 0x3C, 0x0C, 0x3E, 0x38, 0x1F, 0xF8, 0x0F, 0xE0,
    0x1F, 0xC0, 0xFE, 0x00, 0x00, 0x00, 0x07, 0xBE, 0x3C, 0xF0, 0xE3, 0x87, 0x1C, 0x38, 0xE1, 0xC7,
    0x0F, 0x78, 0x7F, 0xF1, 0xFE, 0x00, 0x02, 0x10, 0x03, 0x30, 0x03, 0xF0, 0x01, 0xE0, 0xFE, 0x1F,
    0x7C, 0x0E, 0x38, 0x0C, 0x38, 0x0C, 0x38, 0x0C, 0x38, 0x0C, 0x38, 0x0C, 0x38, 0x0C, 0x38, 0x0C,
    0x38, 0x0C, 0x3C, 0x0C, 0x3E, 0x38, 0x1F, 0xF8, 0x0F, 0xE0, 0x08, 0x80, 0x6C, 0x03, 0xE0, 0x0E,
    0x00, 0x00, 0x3D, 0xF1, 0xE7, 0x87, 0x1C, 0x38, 0xE1, 0xC7, 0x0E, 0x38, 0x7B, 0xC3, 0xFF, 0x8F,
    0xF0, 0x01, 0xE0, 0x01, 0xE0, 0x01, 0xE0, 0x01, 0xE0, 0xFE, 0x3F, 0x7C, 0x0E, 0x38, 0x0C, 0x38,
    0x0C, 0x38, 0x0C, 0x38, 0x0C, 0x38, 0x0C, 0x38, 0x0C, 0x38, 0x0C, 0x38, 0x0C, 0x3C, 0x0C, 0x3E,
    0x38, 0x1F, 0xF8, 0x0F, 0xE0, 0x0F, 0x80, 0x6C, 0x03, 0x60, 0x1F, 0x00, 0x00, 0x3D, 0xF1, 0xE7,
    0x87, 0x1C, 0x38, 0xE1, 0xC7, 0x0E, 0x38, 0x7B, 0xC3, 0xFF, 0x8F, 0x70, 0x01, 0xD8, 0x01, 0xFC,
    0x03, 0xF0, 0x06, 0x40, 0xFE, 0x3F, 0x7C, 0x0E, 0x38, 0x0C, 0x38, 0x0C, 0x38, 0x0C, 0x38, 0x0C,
    0x38, 0x0C, 0x38, 0x0C, 0x38, 0x0C, 0x38, 0x0C, 0x3C, 0x0C, 0x3E, 0x38, 0x1F, 0xF8, 0x0F, 0xE0,
    0x03, 0x70, 0x3F, 0x01, 0xB0, 0x1B, 0x80, 0x98, 0x3D, 0xF1, 0xE7, 0x87, 0x1C, 0x38, 0xE1, 0xC7,
    0x0E, 0x38, 0x7B, 0xC3, 0xFF, 0x8F, 0xF0, 0xFE, 0x1F, 0x7C, 0x0E, 0x38, 0x0C, 0x38, 0x0C, 0x38,
    0x0C, 0x38, 0x0C, 0x38, 0x0C, 0x38, 0x0C, 0x38, 0x0C, 0x38, 0x0C, 0x3C, 0x0C, 0x3E, 0x38, 0x1F,
    0xF8, 0x0F, 0xE0, 0x01, 0xC0, 0x03, 0xC0, 0x03, 0x80, 0x03, 0xF0, 0x03, 0xF0, 0x01, 0xE0, 0x7B,
    0xE3, 0xCF, 0x0E, 0x38, 0x71, 0xC3, 0x8E, 0x1C, 0x70, 0xF7, 0x87, 0xFF, 0x1F, 0xE0, 0x0C, 0x00,
    0xE0, 0x06, 0x00, 0x3E, 0x01, 0xF0, 0x07, 0x00, 0x00, 0x1C, 0x00, 0x00, 0xF8, 0x00, 0x07, 0xF0,
    0x00, 0x00, 0x00, 0xFF, 0xFF, 0xFD, 0xF7, 0xD8, 0xC3, 0xCF, 0x62, 0x0F, 0xBF, 0x18, 0x1E, 0x7C,
    0x60, 0x79, 0xE3, 0x00, 0xF3, 0xCC, 0x03, 0xCF, 0x20, 0x07, 0xFF, 0x80, 0x1F, 0xFC, 0x00, 0x3C,
    0xF0, 0x00, 0xF3, 0xC0, 0x03, 0x86, 0x00, 0x06, 0x18, 0x00, 0x00, 0xC0, 0x00, 0xF0, 0x00, 0x78,
    0x00, 0x66, 0x00, 0x21, 0x03, 0xEF, 0xF8, 0xE3, 0x98, 0x7B, 0xCC, 0x1D, 0xF4, 0x0F, 0xBE, 0x07,
    0xDF, 0x01, 0xC7, 0x00, 0xE3, 0x80, 0x20, 0x80, 0x01, 0xC0, 0x07, 0xC0, 0x1F, 0xC0, 0x00, 0x0F,
    0xF7, 0xE7, 0x87, 0x0F, 0x8C, 0x0F, 0x18, 0x0E, 0x60, 0x1E, 0x80, 0x1F, 0x00, 0x3C, 0x00, 0x38,
    0x00, 0x70, 0x00, 0xE0, 0x01, 0xC0, 0x07, 0xC0, 0x1F, 0xC0, 0x06, 0x00, 0xE0, 0x3E, 0x06, 0xC0,
    0x88, 0xFB, 0xCE, 0x71, 0xEC, 0x1D, 0x83, 0xE0, 0x7C, 0x07, 0x80, 0xE0, 0x0C, 0x03, 0x00, 0x60,
    0x1C, 0x0F, 0x01, 0xE0, 0x38, 0x00, 0x07, 0x70, 0x0E, 0xE0, 0x1D, 0xC3, 0xFB, 0xF3, 0xE3, 0x83,
    0xC2, 0x07, 0x8C, 0x07, 0x90, 0x07, 0x60, 0x0F, 0x80, 0x0F, 0x00, 0x1C, 0x00, 0x38, 0x00, 0x70,
    0x00, 0xE0, 0x01, 0xE0, 0x0F, 0xE0, 0x00, 0xC0, 0x0E, 0x00, 0xE0, 0xCC, 0x07, 0xFF, 0x30, 0xFB,
    0x07, 0x98, 0x7C, 0x07, 0xC0, 0x3E, 0x03, 0xE0, 0x1E, 0x01, 0xF0, 0x1F, 0x00, 0xF8, 0x4F, 0x82,
    0x78, 0x77, 0xFF, 0x80, 0x07, 0x03, 0x83, 0x81, 0x80, 0x83, 0xFF, 0xBD, 0x9E, 0x1E, 0x1F, 0x0F,
    0x2F, 0x3F, 0xBF, 0xF8, 0x07, 0x80, 0x3C, 0x01, 0xE0, 0xC0, 0x07, 0xFF, 0xB0, 0xFB, 0x07, 0xD8,
    0x7C, 0x07, 0xC0, 0x3E, 0x03, 0xE0, 0x1F, 0x01, 0xF0, 0x1F, 0x00, 0xF8, 0x4F, 0x82, 0x78, 0x77,
    0xFF, 0x80, 0x1C, 0x0E, 0x07, 0x00, 0x00, 0x03, 0xFB, 0xBD, 0x9C, 0x1E, 0x1E, 0x0E, 0x4F, 0x2F,
    0x37, 0xF8, 0x1D, 0xC0, 0x7E, 0x01, 0xC0, 0xC0, 0x07, 0xFF, 0x30, 0xFB, 0x07, 0x98, 0x7C, 0x07,
    0xC0, 0x3E, 0x03, 0xE0, 0x1E, 0x01, 0xF0, 0x1F, 0x00, 0xF8, 0x4F, 0x82, 0x78, 0x77, 0xFF, 0x80,
    0x33, 0x1F, 0x07, 0x83, 0x80, 0xC3, 0xFF, 0xBD, 0x9E, 0x1E, 0x1F, 0x0F, 0x2F, 0x3F, 0xBF, 0xF8,
    0x07, 0xC3, 0x98, 0x71, 0x1C, 0x03, 0x80, 0x70, 0x3E, 0x03, 0xC0, 0x38, 0x07, 0x00, 0xE0, 0x1C,
    0x03, 0x80, 0x70, 0x1F, 0x80, 0x00, 0x03, 0x00, 0x07, 0x0F, 0xE7, 0x38, 0xFF, 0x70, 0x7E, 0x70,
    0x38, 0xE0, 0x3C, 0xE0, 0x3C, 0xE0, 0x1C, 0xE0, 0x1C, 0xF0, 0x1C, 0xF0, 0x3C, 0xF0, 0x38, 0x78,
    0x38, 0x3C, 0xF0, 0x1F, 0xC0, 0x00, 0x60, 0x1C, 0x03, 0x9F, 0xB7, 0x7F, 0xC7, 0xB8, 0xF7, 0x0E,
    0xE1, 0xDE, 0x79, 0xCE, 0x1F, 0x80, 0x00, 0x03, 0x80, 0x01, 0xC0, 0x00, 0x7F, 0xC7, 0xE7, 0xC1,
    0xC1, 0xC0, 0xC0, 0xE0, 0x60, 0x70, 0x30, 0x38, 0x18, 0x1C, 0x0C, 0x0E, 0x06, 0x07, 0x03, 0x03,
    0x81, 0x81, 0xE0, 0xC0, 0xF8, 0xE0, 0x3F, 0xE0, 0x0F, 0xE0, 0x00, 0x00, 0x18, 0x01, 0xC0, 0x06,
    0x00, 0x37, 0xBF, 0x3C, 0xF0, 0xE3, 0x87, 0x1C, 0x38, 0xE1, 0xC7, 0x0F, 0x78, 0x7F, 0xF1, 0xFE,
    0x00, 0x00, 0x00, 0x1D, 0xC0, 0x00, 0x01, 0xF8, 0x00, 0x00, 0x0F, 0x00, 0x00, 0x0E, 0x00, 0xFF,
    0xE0, 0xFF, 0xF7, 0x8F, 0x8E, 0x1E, 0x38, 0x3C, 0xC3, 0xE3, 0x81, 0xC8, 0x7C, 0x38, 0x1E, 0x07,
    0xC3, 0x81, 0xE0, 0xF8, 0x38, 0x0E, 0x0F, 0x03, 0x80, 0xE1, 0xF0, 0x38, 0x0E, 0x3E, 0x03, 0x81,
    0xE3, 0xE0, 0x38, 0x1C, 0x7C, 0x13, 0x83, 0xC7, 0x83, 0x7C, 0x78, 0xF8, 0x7F, 0xFE, 0x0F, 0xFE,
    0xFF, 0xE0, 0x33, 0x3C, 0x7C, 0x1F, 0x0E, 0x0F, 0x07, 0x87, 0x03, 0x83, 0x83, 0x81, 0xE0, 0x81,
    0xC0, 0xF3, 0xFC, 0xE0, 0x3B, 0xBC, 0x70, 0x1D, 0x9E, 0x38, 0x0E, 0x1E, 0x1C, 0x0F, 0x1F, 0x0E,
    0x07, 0x0F, 0x27, 0x07, 0x8F, 0x37, 0xC7, 0x8F, 0xBF, 0xFF, 0x07, 0xF8, 0x03, 0x80, 0x00, 0x78,
    0x66, 0x03, 0x87, 0xC0, 0x38, 0x3C, 0x03, 0x81, 0x80, 0x38, 0x10, 0x3F, 0x8F, 0xF7, 0x79, 0xDE,
    0xF3, 0x99, 0xEE, 0x38, 0x3C, 0xE3, 0x87, 0xCE, 0x38, 0x79, 0xF3, 0x8F, 0x3F, 0x78, 0xF7, 0x7F,
    0xFF, 0xE0, 0x30, 0x00, 0xFE, 0x0F, 0xEF, 0x80, 0x78, 0xE0, 0x0E, 0x1C, 0x01, 0xC3, 0x80, 0x38,
    0x70, 0x07, 0x0E, 0x00, 0xE1, 0xC0, 0x1C, 0x38, 0x03, 0x87, 0x00, 0x70, 0xE0, 0xCE, 0x1C, 0x19,
    0xC7, 0x86, 0x39, 0xFF, 0xC7, 0x00, 0x00, 0xE0, 0x01, 0x98, 0x00, 0x7E, 0x00, 0x07, 0x80, 0xFE,
    0x07, 0x3C, 0x07, 0x38, 0x07, 0x38, 0x00, 0x38, 0x00, 0x38, 0x03, 0x38, 0x0F, 0x38, 0x07, 0x38,
    0x07, 0x38, 0x07, 0x38, 0x17, 0x38, 0x37, 0x78, 0x67, 0xFF, 0xE7, 0x00, 0x07, 0x00, 0x07, 0x00,
    0x0F, 0x00, 0x0E, 0x00, 0x1C, 0x00, 0x18, 0x38, 0x0F, 0x1C, 0xE3, 0x9C, 0x73, 0x80, 0x70, 0x0E,
    0x19, 0xCF, 0x38, 0xE7, 0x1C, 0xE3, 0x9C, 0x73, 0x8E, 0x71, 0xFF, 0x38, 0x07, 0x00, 0xE0, 0x3C,
    0x07, 0x01, 0xC0, 0x30, 0xFC, 0x1F, 0xFF, 0x3E, 0x07, 0x1E, 0x1F, 0x06, 0x1C, 0x1F, 0x86, 0x1C,
    0x1F, 0xC6, 0x1C, 0x17, 0xE6, 0x1C, 0x13, 0xE6, 0x1C, 0x11, 0xF6, 0x1C, 0x10, 0xFE, 0x1C, 0x30,
    0x7E, 0x1C, 0x30, 0x3E, 0x1C, 0x30, 0x1E, 0x1C, 0x38, 0x0F, 0x1C, 0x7E, 0x07, 0x1C, 0x00, 0x00,
    0x1C, 0x00, 0x01, 0x98, 0x00, 0x01, 0xF0, 0x00, 0x01, 0xE0, 0xFC, 0x1F, 0xB9, 0xF0, 0x39, 0xC7,
    0xC1, 0x8E, 0x3F, 0x0C, 0x01, 0xFC, 0x60, 0x0B, 0xE3, 0x0C, 0x4F, 0x99, 0xE2, 0x3E, 0xC7, 0x10,
    0xFE, 0x38, 0x83, 0xF1, 0xCC, 0x0F, 0x8E, 0x60, 0x3C, 0x73, 0x80, 0xF3, 0xBE, 0x03, 0x9C, 0x00,
    0x00, 0xE0, 0x00, 0x07, 0x00, 0x00, 0x78, 0x00, 0x03, 0x80, 0x00, 0x38, 0x00, 0x01, 0x80, 0x00,
    0x07, 0x00, 0x07, 0x00, 0x07, 0x00, 0x00, 0x00, 0x00, 0x3B, 0xC3, 0x7F, 0xEF, 0x39, 0xE7, 0x38,
    0xE7, 0x38, 0xE7, 0x38, 0xE7, 0x38, 0xE7, 0x38, 0xE7, 0x7D, 0xF7, 0x00, 0x07, 0x00, 0x07, 0x00,
    0x0F, 0x00, 0x0E, 0x00, 0x1C, 0x00, 0x18, 0x07, 0x30, 0x01, 0xF8, 0x00, 0x78, 0x00, 0x00, 0x00,
    0x0E, 0x00, 0x0F, 0x00, 0x0F, 0x80, 0x07, 0xE0, 0x03, 0xF0, 0x03, 0x78, 0x01, 0x9E, 0x00, 0xCF,
    0x00, 0xFF, 0x80, 0x61, 0xE0, 0x70, 0xF0, 0x30, 0x78, 0x38, 0x3E, 0x3F, 0x3F, 0x80, 0x66, 0x1F,
    0x0F, 0x03, 0x80, 0x81, 0xF1, 0xF9, 0xDC, 0x8E, 0x1F, 0x3F, 0x9D, 0xCF, 0xFF, 0xF8, 0xEE, 0x7E,
    0x38, 0x00, 0xFE, 0x78, 0x38, 0x38, 0x38, 0x38, 0x38, 0x38, 0x38, 0x38, 0x38, 0x38, 0x78, 0xFE,
    0xCC, 0xF9, 0xE1, 0xC3, 0x03, 0x1E, 0x3C, 0x38, 0x70, 0xE1, 0xC3, 0x9F, 0x80, 0x1F, 0xE0, 0x3F,
    0x00, 0x38, 0x00, 0x00, 0x1F, 0xE0, 0xE3, 0xC7, 0x07, 0xBC, 0x0E, 0xE0, 0x3F, 0x80, 0xFE, 0x01,
    0xF8, 0x07, 0xF0, 0x1F, 0xC0, 0xFF, 0x03, 0x9E, 0x0E, 0x3C, 0xF0, 0x7F, 0x00, 0x33, 0x0F, 0x81,
    0xE0, 0x30, 0x0C, 0x0F, 0xC7, 0x7B, 0x8F, 0xE1, 0xF8, 0x7E, 0x1F, 0xCF, 0x73, 0x8F, 0xC0, 0x07,
    0x70, 0x03, 0xE0, 0x01, 0xC0, 0x00, 0x00, 0xFE, 0x3F, 0x7C, 0x0E, 0x38, 0x0C, 0x38, 0x0C, 0x38,
    0x0C, 0x38, 0x0C, 0x38, 0x0C, 0x38, 0x0C, 0x38, 0x0C, 0x38, 0x0C, 0x3C, 0x0C, 0x3E, 0x38, 0x1F,
    0xF8, 0x0F, 0xE0, 0x08, 0x80, 0x6C, 0x01, 0xC0, 0x0E, 0x00, 0x20, 0x3D, 0xF1, 0xE7, 0x87, 0x1C,
    0x38, 0xE1, 0xC7, 0x0E, 0x38, 0x7B, 0xC3, 0xFF, 0x8F, 0xF0, 0x07, 0xF0, 0x07, 0xF0, 0x07, 0x70,
    0x07, 0x70, 0x07, 0x70, 0x00, 0x00, 0xFE, 0x3F, 0x7C, 0x0E, 0x38, 0x0C, 0x38, 0x0C, 0x38, 0x0C,
    0x38, 0x0C, 0x38, 0x0C, 0x38, 0x0C, 0x3C, 0x0C, 0x3C, 0x0C, 0x3C, 0x0C, 0x3E, 0x18, 0x1F, 0xF8,
    0x0F, 0xE0, 0x1F, 0xC0, 0xFE, 0x07, 0x70, 0x3B, 0x81, 0xDC, 0x00, 0x00, 0x00, 0x0F, 0x7C, 0x79,
    0xE1, 0xC7, 0x0E, 0x38, 0x71, 0xC3, 0x8E, 0x1E, 0xF0, 0xFF, 0xE3, 0xFC, 0x00, 0x70, 0x00, 0xF0,
    0x01, 0xC0, 0x07, 0x70, 0x07, 0x70, 0x07, 0x70, 0x00, 0x00, 0xFE, 0x3F, 0x7C, 0x0E, 0x38, 0x0C,
    0x38, 0x0C, 0x38, 0x0C, 0x38, 0x0C, 0x38, 0x0C, 0x38, 0x0C, 0x3C, 0x0C, 0x3C, 0x0C, 0x3C, 0x0C,
    0x3E, 0x18, 0x1F, 0xF8, 0x0F, 0xE0, 0x01, 0x80, 0x1C, 0x00, 0xE0, 0x06, 0x00, 0x20, 0x0E, 0xE0,
    0x77, 0x03, 0xB8, 0x00, 0x03, 0xDF, 0x1E, 0x78, 0x71, 0xC3, 0x8E, 0x1C, 0x70, 0xE3, 0x87, 0xBC,
    0x3F, 0xF8, 0xFF, 0x00, 0x07, 0x70, 0x07, 0xF0, 0x01, 0xC0, 0x07, 0x70, 0x07, 0x70, 0x07, 0x70,
    0x00, 0x00, 0xFE, 0x3F, 0x7C, 0x0E, 0x38, 0x0C, 0x38, 0x0C, 0x38, 0x0C, 0x38, 0x0C, 0x38, 0x0C,
    0x38, 0x0C, 0x3C, 0x0C, 0x3C, 0x0C, 0x3C, 0x0C, 0x3E, 0x18, 0x1F, 0xF8, 0x0F, 0xE0, 0x11, 0x80,
    0xD8, 0x07, 0xC0, 0x1C, 0x00, 0x40, 0x0E, 0xE0, 0x77, 0x03, 0xB8, 0x00, 0x03, 0xDF, 0x1E, 0x78,
    0x71, 0xC3, 0x8E, 0x1C, 0x70, 0xE3, 0x87, 0xBC, 0x3F, 0xF8, 0xFF, 0x00, 0x06, 0x00, 0x07, 0x80,
    0x03, 0xC0, 0x07, 0x70, 0x07, 0x70, 0x07, 0x70, 0x00, 0x00, 0xFE, 0x3F, 0x7C, 0x0E, 0x38, 0x0C,
    0x38, 0x0C, 0x38, 0x0C, 0x38, 0x0C, 0x38, 0x0C, 0x38, 0x0C, 0x3C, 0x0C, 0x3C, 0x0C, 0x3C, 0x0C,
    0x3E, 0x18, 0x1F, 0xF8, 0x0F, 0xE0, 0x0C, 0x00, 0x60, 0x03, 0x80, 0x0C, 0x00, 0x60, 0x0E, 0xE0,
    0x77, 0x03, 0xB8, 0x00, 0x03, 0xDF, 0x1E, 0x78, 0x71, 0xC3, 0x8E, 0x1C, 0x70, 0xE3, 0x87, 0xBC,
    0x3F, 0xF8, 0xFF, 0x00, 0x7E, 0xFF, 0xFF, 0x87, 0x07, 0xFF, 0xC7, 0xEE, 0x7C, 0x07, 0xF0, 0x07,
    0xF0, 0x00, 0x00, 0x07, 0x70, 0x07, 0x70, 0x07, 0x70, 0x01, 0xC0, 0x03, 0xE0, 0x03, 0xE0, 0x03,
    0xE0, 0x06, 0xF0, 0x06, 0xF0, 0x06, 0xF0, 0x0C, 0x70, 0x0F, 0xF8, 0x1C, 0x78, 0x18, 0x38, 0x18,
    0x3C, 0x38, 0x3C, 0xFE, 0xFF, 0x3F, 0x8F, 0xE7, 0x39, 0xCE, 0x73, 0x80, 0x00, 0x00, 0x7C, 0x7F,
    0x39, 0xC4, 0x70, 0x7C, 0x7F, 0x1D, 0xC7, 0xFD, 0xFF, 0x07, 0xF0, 0x07, 0xF0, 0x01, 0xE0, 0x01,
    0xE0, 0x01, 0xE0, 0x00, 0x00, 0x00, 0xE0, 0x01, 0xE0, 0x03, 0xE0, 0x03, 0xE0, 0x03, 0xF0, 0x06,
    0xF0, 0x06, 0x70, 0x0C, 0x78, 0x0F, 0xF8, 0x0C, 0x78, 0x18, 0x3C, 0x18, 0x3C, 0x38, 0x3E, 0x7E,
    0xFF, 0x7F, 0x3F, 0x87, 0x03, 0x81, 0xC0, 0x00, 0x00, 0x7C, 0x7E, 0x77, 0x23, 0x87, 0xCF, 0xE7,
    0xF3, 0xFF, 0xFE, 0x00, 0x7F, 0x00, 0x07, 0xF0, 0x00, 0x00, 0x00, 0x0F, 0xFE, 0x00, 0x78, 0x60,
    0x0F, 0x82, 0x00, 0xB8, 0x20, 0x1B, 0x80, 0x03, 0x38, 0xC0, 0x33, 0x8C, 0x07, 0xFF, 0xC0, 0x63,
    0x8C, 0x0C, 0x38, 0x00, 0xC3, 0x83, 0x18, 0x38, 0x33, 0xC7, 0x87, 0x7E, 0xFF, 0xE0, 0x1F, 0xC1,
    0xFC, 0x00, 0x00, 0x00, 0x3F, 0xEF, 0xF7, 0xEE, 0x7C, 0xFE, 0x3F, 0x0F, 0xE0, 0xEF, 0x3F, 0xFF,
    0xF7, 0xE0, 0x0F, 0xF0, 0xF1, 0xE7, 0x83, 0x9C, 0x06, 0xF0, 0x03, 0x80, 0x0E, 0x00, 0x38, 0x7F,
    0xE1, 0xFF, 0xC1, 0xEF, 0x3F, 0xDE, 0xFE, 0x3C, 0xF8, 0x3F, 0x80, 0x1F, 0xF7, 0xBC, 0x71, 0xC7,
    0x1C, 0x79, 0xC7, 0xB8, 0x3F, 0x07, 0xC0, 0x7F, 0xC3, 0xFE, 0x77, 0xEF, 0xFF, 0x70, 0xC7, 0xF8,
    0x1E, 0x00, 0x0E, 0xE0, 0x1F, 0x00, 0x38, 0x00, 0x00, 0x0F, 0xF0, 0xF1, 0xE7, 0x81, 0x9C, 0x06,
    0xF0, 0x03, 0x80, 0x0E, 0x00, 0x38, 0x7F, 0xE1, 0xFB, 0xC1, 0xCF, 0x07, 0x1E, 0x1C, 0x3F, 0xF8,
    0x3F, 0x80, 0x33, 0x07, 0xC0, 0x78, 0x06, 0x00, 0xC0, 0x7F, 0xFD, 0xE7, 0x1C, 0xE3, 0x9E, 0x73,
    0xDC, 0x3F, 0x0F, 0x81, 0xFF, 0x1F, 0xF7, 0xFE, 0xC1, 0xDC, 0x33, 0xFC, 0x1E, 0x00, 0x0E, 0xE0,
    0x07, 0xC0, 0x03, 0x80, 0x00, 0x00, 0xFE, 0xFE, 0x78, 0x38, 0x38, 0x60, 0x38, 0xC0, 0x39, 0x80,
    0x3B, 0x00, 0x3F, 0x80, 0x3F, 0x80, 0x3F, 0xC0, 0x3B, 0xE0, 0x39, 0xF0, 0x38, 0xF8, 0x78, 0x7C,
    0xFE, 0xFF, 0x0F, 0xE0, 0x3C, 0x0E, 0xC0, 0xF0, 0x03, 0x80, 0x1C, 0x00, 0xE0, 0x07, 0x00, 0x39,
    0xF1, 0xCE, 0x0E, 0xC0, 0x7E, 0x03, 0xF0, 0x1F, 0xC0, 0xEF, 0x07, 0x3C, 0xFF, 0xF0, 0x1F, 0xE0,
    0xF3, 0xC7, 0x07, 0xBC, 0x0E, 0xE0, 0x3F, 0x80, 0xFE, 0x01, 0xF8, 0x07, 0xE0, 0x1F, 0xC0, 0xFF,
    0x03, 0x9E, 0x0E, 0x3C, 0xF0, 0x3F, 0x80, 0x1C, 0x00, 0xE0, 0x03, 0x80, 0x0F, 0xC0, 0x3F, 0x00,
    0x78, 0x3F, 0x1D, 0xEE, 0x3F, 0x8F, 0xE1, 0xF8, 0x7F, 0x3F, 0xCE, 0x7F, 0x03, 0x01, 0xC0, 0x60,
    0x1F, 0x07, 0xC0, 0xE0, 0x0F, 0xE0, 0x3F, 0x80, 0x00, 0x07, 0xF8, 0x3C, 0xF1, 0xC1, 0xEF, 0x03,
    0xB8, 0x0F, 0xE0, 0x3F, 0x80, 0x7E, 0x01, 0xF8, 0x07, 0xF0, 0x3F, 0xC0, 0xE7, 0x83, 0x8F, 0x3C,
    0x0F, 0xE0, 0x07, 0x00, 0x38, 0x00, 0xE0, 0x03, 0xF0, 0x0F, 0xC0, 0x1E, 0x00, 0x3F, 0x8F, 0xE0,
    0x00, 0x00, 0x3F, 0x1D, 0xEE, 0x3F, 0x8F, 0xE1, 0xF8, 0x7F, 0x3F, 0xCE, 0x7F, 0x03, 0x01, 0xC0,
    0x60, 0x1F, 0x07, 0xC0, 0xE0, 0x3B, 0x87, 0xC0, 0xE1, 0x80, 0x7F, 0xD8, 0xEC, 0x7B, 0x3C, 0x0E,
    0x07, 0x81, 0xF8, 0x0F, 0x03, 0xF0, 0x7C, 0x1F, 0x8F, 0xF3, 0x9F, 0xC0, 0x66, 0x1F, 0x0F, 0x03,
    0x80, 0x87, 0xFF, 0xBD, 0xBC, 0x1E, 0x1E, 0x0F, 0x0F, 0xE0, 0x78, 0x3C, 0x0E, 0x07, 0x87, 0xE3,
    0xBF, 0x8F, 0x00, 0x66, 0x7C, 0xF0, 0xE1, 0x81, 0x8F, 0x1E, 0x1C, 0x38, 0x70, 0xE1, 0xC3, 0x87,
    0x0E, 0x3C, 0x71, 0xC3, 0x00, 0x00, 0x00, 0xE0, 0x0F, 0xFE, 0x0F, 0xFF, 0x78, 0xF8, 0xE1, 0xE3,
    0x83, 0xCC, 0x3E, 0x38, 0x1C, 0x87, 0xC3, 0x81, 0xE0, 0x7C, 0x38, 0x1E, 0x0F, 0x83, 0x80, 0xE0,
    0xF0, 0x38, 0x0E, 0x1F, 0x03, 0x80, 0xE3, 0xE0, 0x38, 0x1E, 0x3E, 0x03, 0x81, 0xC7, 0xC1, 0x38,
    0x3C, 0x78, 0x37, 0xC7, 0x8F, 0x87, 0xFF, 0xE0, 0xFF, 0xE0, 0xFF, 0xE0, 0x00, 0x3C, 0x7C, 0x00,
    0x0E, 0x0F, 0x00, 0x07, 0x03, 0x80, 0x03, 0x81, 0xE0, 0x01, 0xC0, 0xF3, 0xFC, 0xE0, 0x3B, 0xBC,
    0x70, 0x1D, 0x9E, 0x38, 0x0E, 0x1E, 0x1C, 0x0F, 0x1F, 0x0E, 0x07, 0x0F, 0x27, 0x07, 0x8F, 0x37,
    0xC7, 0x8F, 0xBF, 0xFF, 0x07, 0xF8, 0x03, 0x80, 0x00, 0x78, 0x00, 0x03, 0x80, 0x00, 0x38, 0x00,
    0x03, 0x80, 0x00, 0x38, 0x00, 0x3F, 0x8F, 0xF7, 0x79, 0xDE, 0xF3, 0x99, 0xEE, 0x38, 0x3C, 0xE3,
    0x87, 0xCE, 0x38, 0x79, 0xF3, 0x8F, 0x3F, 0x78, 0xF7, 0x7F, 0xFF, 0xE0, 0x30, 0x00, 0x00, 0xE0,
    0x03, 0x80, 0x1C, 0x00, 0xC0, 0x0F, 0xF0, 0xF1, 0xE7, 0x81, 0x9C, 0x06, 0xF0, 0x03, 0x80, 0x0E,
    0x00, 0x38, 0x7F, 0xE1, 0xFB, 0xC1, 0xCF, 0x07, 0x1E, 0x1C, 0x3F, 0xF8, 0x3F, 0x80, 0x07, 0x00,
    0xE0, 0x38, 0x06, 0x00, 0x80, 0x7F, 0xFD, 0xE7, 0x1C, 0xE3, 0x9E, 0x73, 0xDC, 0x3F, 0x0F, 0x81,
    0xFF, 0x1F, 0xF7, 0xFE, 0xC1, 0xDC, 0x33, 0xFC, 0x1E, 0x00, 0xFE, 0x7F, 0x03, 0x81, 0xE0, 0x38,
    0x1C, 0x03, 0x81, 0xCC, 0x38, 0x1D, 0xE3, 0x81, 0xDE, 0x3F, 0xFD, 0xE3, 0xFF, 0xCF, 0x38, 0x1C,
    0xF3, 0x81, 0xC6, 0x38, 0x1C, 0x63, 0x81, 0xCE, 0x7C, 0x1E, 0xCF, 0xE0, 0xF8, 0xFB, 0xE7, 0xFF,
    0x3E, 0xF3, 0xC7, 0x38, 0x73, 0x87, 0x38, 0xE3, 0x8E, 0x39, 0xC3, 0x98, 0x3F, 0x03, 0xE0, 0x38,
    0x03, 0x80, 0x38, 0x03, 0x80, 0xFE, 0x0F, 0xE0, 0x07, 0x00, 0x03, 0xC0, 0x00, 0xE0, 0x00, 0x18,
    0x0F, 0xC1, 0xF9, 0xF0, 0x38, 0x7C, 0x18, 0x3F, 0x0C, 0x1F, 0xC6, 0x0B, 0xF3, 0x04, 0xF9, 0x82,
    0x3E, 0xC1, 0x0F, 0xE1, 0x83, 0xF0, 0xC0, 0xF8, 0x60, 0x3C, 0x38, 0x0F, 0x3F, 0x03, 0x80, 0x1C,
    0x00, 0xE0, 0x03, 0x80, 0x0C, 0x00, 0x20, 0x1D, 0xE1, 0xFF, 0x87, 0x3C, 0x38, 0xE1, 0xC7, 0x0E,
    0x38, 0x71, 0xC3, 0x8E, 0x3E, 0xF8, 0x00, 0xE0, 0x03, 0xC0, 0x0E, 0x00, 0x1E, 0x00, 0x3C, 0x00,
    0x78, 0x00, 0xF0, 0x00, 0xE0, 0x03, 0xC0, 0x07, 0x80, 0x1F, 0x80, 0x3F, 0x00, 0x6E, 0x01, 0x9E,
    0x03, 0x3C, 0x0F, 0xF8, 0x18, 0x78, 0x30, 0xF0, 0xE1, 0xE3, 0xC3, 0xEF, 0xCF, 0xE0, 0x0E, 0x0F,
    0x0F, 0x07, 0x82, 0xC1, 0xE0, 0xF0, 0x00, 0x3E, 0x3F, 0x3B, 0x91, 0xC3, 0xE7, 0xF3, 0xB9, 0xFF,
    0xFF, 0x00, 0x00, 0x03, 0x00, 0x00, 0x70, 0x00, 0x0E, 0x00, 0x01, 0x80, 0x00, 0xFF, 0xE0, 0x07,
    0x86, 0x00, 0xF8, 0x20, 0x0B, 0x82, 0x01, 0xB8, 0x00, 0x33, 0x8C, 0x03, 0x38, 0xC0, 0x7F, 0xFC,
    0x06, 0x38, 0xC0, 0xC3, 0x80, 0x0C, 0x38, 0x31, 0x83, 0x83, 0x3C, 0x78, 0x77, 0xEF, 0xFE, 0x01,
    0xC0, 0x38, 0x03, 0x00, 0x70, 0x06, 0x03, 0xFE, 0xFF, 0x7E, 0xE7, 0xCF, 0xE3, 0xF0, 0xFE, 0x0E,
    0xF3, 0xFF, 0xFF, 0x7E, 0x00, 0xC0, 0x03, 0xC0, 0x0E, 0x00, 0x18, 0x01, 0xFE, 0x67, 0x1F, 0xDC,
    0x1F, 0x78, 0x3C, 0xE0, 0xFD, 0xC3, 0xFB, 0x8F, 0x77, 0x38, 0xEF, 0xE1, 0xDF, 0x87, 0xBE, 0x0E,
    0x3C, 0x1C, 0xFC, 0xF1, 0xBF, 0x80, 0x07, 0x01, 0xC0, 0x60, 0x30, 0x08, 0x0F, 0xF7, 0x7F, 0x8F,
    0xE7, 0xFB, 0xFF, 0xDF, 0xCF, 0xF3, 0xBF, 0xC0, 0x1D, 0x80, 0x0F, 0xE0, 0x03, 0xF8, 0x00, 0x6E,
    0x00, 0x0E, 0x00, 0x0F, 0x00, 0x0F, 0x80, 0x07, 0xE0, 0x03, 0xF0, 0x03, 0x78, 0x01, 0x9E, 0x00,
    0xCF, 0x00, 0xFF, 0x80, 0x61, 0xE0, 0x70, 0xF0, 0x30, 0x78, 0x38, 0x3E, 0x3F, 0x3F, 0x80, 0xFC,
    0x3F, 0x06, 0xE0, 0xD8, 0x12, 0x07, 0xC7, 0x71, 0x9C, 0x07, 0x07, 0xC7, 0xF1, 0xDC, 0x7F, 0xDE,
    0xE0, 0x03, 0xC0, 0x07, 0xE0, 0x06, 0x60, 0x04, 0x20, 0x01, 0xC0, 0x03, 0xC0, 0x03, 0xC0, 0x07,
    0xE0, 0x07, 0xE0, 0x0C, 0xE0, 0x0C, 0xF0, 0x0C, 0xF0, 0x1F, 0xF0, 0x18, 0x78, 0x38, 0x78, 0x30,
    0x78, 0x78, 0x7C, 0xFC, 0xFF, 0x3E, 0x1F, 0x0D, 0x84, 0x43, 0xE3, 0xF3, 0xB9, 0x1C, 0x3E, 0x7F,
    0x3B, 0x9F, 0xFF, 0xF0, 0x6E, 0x0F, 0xF0, 0x3F, 0x01, 0x98, 0xFF, 0xE7, 0x86, 0x38, 0x23, 0x82,
    0x38, 0x03, 0x8C, 0x38, 0xC3, 0xFC, 0x38, 0xC3, 0x80, 0x38, 0x23, 0x82, 0x78, 0x6F, 0xFE, 0xFC,
    0x76, 0x1F, 0x86, 0xC1, 0x21, 0xF1, 0xDD, 0xFE, 0xE0, 0x70, 0x3C, 0x1F, 0x67, 0xF1, 0xF0, 0x0F,
    0x01, 0xF8, 0x19, 0x81, 0x08, 0xFF, 0xE7, 0x86, 0x38, 0x23, 0x82, 0x38, 0x03, 0x8C, 0x38, 0xC3,
    0xFC, 0x38, 0xC3, 0x80, 0x38, 0x23, 0x82, 0x78, 0x6F, 0xFE, 0x3E, 0x1F, 0x0D, 0x84, 0x43, 0xE3,
    0xBB, 0xFD, 0xC0, 0xE0, 0x78, 0x3E, 0xCF, 0xE3, 0xE0, 0xEC, 0x7F, 0x1F, 0xC3, 0x33, 0xF8, 0xF0,
    0x38, 0x1C, 0x0E, 0x07, 0x03, 0x81, 0xC0, 0xE0, 0x70, 0x38, 0x1C, 0x1E, 0x1F, 0xC0, 0xFC, 0x37,
    0x1F, 0x86, 0xC1, 0x20, 0x30, 0x78, 0x3C, 0x0E, 0x07, 0x03, 0x81, 0xC0, 0xE1, 0xF8, 0x3C, 0x7E,
    0x66, 0x42, 0xFE, 0x38, 0x38, 0x38, 0x38, 0x38, 0x38, 0x38, 0x38, 0x38, 0x38, 0x38, 0x3C, 0xFF,
    0x7C, 0xF9, 0xB2, 0x21, 0xCF, 0x9E, 0x1C, 0x38, 0x70, 0xE1, 0xC7, 0xE0, 0x37, 0x01, 0xFC, 0x01,
    0xF8, 0x03, 0x30, 0x1F, 0xE0, 0xE3, 0xC7, 0x07, 0xBC, 0x0E, 0xE0, 0x3F, 0x80, 0xFE, 0x01, 0xF8,
    0x07, 0xF0, 0x1F, 0xC0, 0xFF, 0x03, 0x9E, 0x0E, 0x3C, 0xF0, 0x7F, 0x00, 0x6E, 0x0F, 0xC0, 0xD8,
    0x19, 0x81, 0x10, 0x3F, 0x0E, 0xF3, 0x8F, 0x70, 0xEE, 0x1D, 0xC3, 0xBC, 0xF3, 0x9C, 0x3F, 0x00,
    0x03, 0xC0, 0x1F, 0x80, 0x66, 0x01, 0x08, 0x1F, 0xE0, 0xE3, 0xC7, 0x07, 0xBC, 0x0E, 0xE0, 0x3F,
    0x80, 0xFE, 0x01, 0xF8, 0x07, 0xF0, 0x1F, 0xC0, 0xFF, 0x03, 0x9E, 0x0E, 0x3C, 0xF0, 0x7F, 0x00,
    0x3E, 0x0F, 0x83, 0x60, 0x88, 0x3F, 0x1D, 0xEE, 0x3F, 0x87, 0xE1, 0xF8, 0x7F, 0x3D, 0xCE, 0x3F,
    0x00, 0x66, 0x00, 0x7F, 0x00, 0x3B, 0x80, 0x0D, 0x80, 0xFF, 0xC0, 0x79, 0xE0, 0x38, 0xE0, 0x38,
    0xE0, 0x38, 0xE0, 0x39, 0xE0, 0x3B, 0xC0, 0x3F, 0x80, 0x3B, 0xC0, 0x39, 0xC0, 0x39, 0xE0, 0x38,
    0xF0, 0x78, 0x7E, 0xFE, 0x3E, 0x6E, 0x3F, 0x1D, 0x86, 0xE1, 0x31, 0xDD, 0xFE, 0x7F, 0x38, 0x1C,
    0x0E, 0x07, 0x03, 0x83, 0xF0, 0x0F, 0x00, 0x1F, 0x80, 0x19, 0x80, 0x10, 0x80, 0xFF, 0xC0, 0x79,
    0xE0, 0x38, 0xE0, 0x38, 0xE0, 0x38, 0xE0, 0x39, 0xE0, 0x3B, 0xC0, 0x3F, 0x80, 0x3B, 0xC0, 0x39,
    0xC0, 0x39, 0xE0, 0x38, 0xF0, 0x78, 0x7E, 0xFE, 0x3E, 0x1F, 0x0F, 0x86, 0xC2, 0x23, 0xBB, 0xFC,
    0xFE, 0x70, 0x38, 0x1C, 0x0E, 0x07, 0x07, 0xE0, 0x1B, 0x80, 0x1F, 0xC0, 0x0E, 0xE0, 0x03, 0x60,
    0xFE, 0x3F, 0x7C, 0x0E, 0x38, 0x0C, 0x38, 0x0C, 0x38, 0x0C, 0x38, 0x0C, 0x38, 0x0C, 0x38, 0x0C,
    0x38, 0x0C, 0x38, 0x0C, 0x3C, 0x0C, 0x3E, 0x38, 0x1F, 0xF8, 0x0F, 0xE0, 0x7E, 0x03, 0xB0, 0x0F,
    0xC0, 0x36, 0x00, 0x90, 0x3D, 0xF1, 0xE7, 0x87, 0x1C, 0x38, 0xE1, 0xC7, 0x0E, 0x38, 0x7B, 0xC3,
    0xFF, 0x8F, 0xF0, 0x01, 0xE0, 0x03, 0xF0, 0x03, 0x30, 0x02, 0x10, 0xFE, 0x1F, 0x7C, 0x0E, 0x38,
    0x0C, 0x38, 0x0C, 0x38, 0x0C, 0x38, 0x0C, 0x38, 0x0C, 0x38, 0x0C, 0x38, 0x0C, 0x38, 0x0C, 0x3C,
    0x0C, 0x3E, 0x38, 0x1F, 0xF8, 0x0F, 0xE0, 0x0F, 0x80, 0x7C, 0x03, 0x60, 0x11, 0x07, 0xBE, 0x3C,
    0xF0, 0xE3, 0x87, 0x1C, 0x38, 0xE1, 0xC7, 0x0F, 0x78, 0x7F, 0xF1, 0xFE, 0x00, 0x1F, 0x8E, 0x77,
    0x0D, 0xE3, 0x7C, 0x1F, 0x83, 0xF8, 0x7F, 0x0F, 0xF0, 0xFC, 0x1F, 0x87, 0xF3, 0x9F, 0xC0, 0xC0,
    0x78, 0x0E, 0x01, 0x80, 0xE0, 0x20, 0x3E, 0xED, 0xCB, 0xE7, 0xE3, 0xF3, 0xF7, 0x7C, 0x70, 0xF1,
    0xE0, 0xC3, 0x0C, 0x00, 0x60, 0x06, 0xFF, 0xFD, 0x8F, 0x3E, 0x1C, 0x30, 0x38, 0x00, 0x70, 0x00,
    0xE0, 0x01, 0xC0, 0x03, 0x80, 0x07, 0x00, 0x0E, 0x00, 0x1C, 0x00, 0x38, 0x00, 0xF8, 0x03, 0xF8,
    0x01, 0x80, 0x03, 0x80, 0x07, 0x00, 0x06, 0x00, 0x0C, 0x00, 0x30, 0x00, 0x08, 0x0C, 0x1E, 0x1F,
    0xE3, 0x81, 0xC0, 0xE0, 0x70, 0x38, 0x1C, 0x0F, 0x47, 0xE1, 0xC0, 0xF0, 0x78, 0x0C, 0x0C, 0x0C,
    0x00, 0x7F, 0x87, 0x3C, 0x63, 0xC4, 0x1C, 0x01, 0xC0, 0x3C, 0x07, 0x81, 0xFC, 0x1F, 0xE1, 0x0F,
    0x00, 0xF0, 0x07, 0x00, 0x70, 0x0F, 0x00, 0xE0, 0x1C, 0xE7, 0x8F, 0xE0, 0x3E, 0x3F, 0xB3, 0xD0,
    0xE0, 0xE0, 0xF1, 0xFC, 0xCF, 0x07, 0x81, 0xC0, 0xE0, 0xE6, 0xE7, 0xE0, 0x0E, 0x70, 0x07, 0xE0,
    0x03, 0xC0, 0x00, 0x00, 0xFE, 0x7F, 0x7C, 0x3C, 0x38, 0x1C, 0x38, 0x1C, 0x38, 0x1C, 0x38, 0x1C,
    0x38, 0x1C, 0x3F, 0xFC, 0x3F, 0xFC, 0x38, 0x1C, 0x38, 0x1C, 0x38, 0x1C, 0x78, 0x1C, 0xFE, 0x7F,
    0x1F, 0xC0, 0x3C, 0x00, 0xC0, 0x70, 0x07, 0x80, 0x1C, 0x00, 0xE0, 0x07, 0x00, 0x38, 0x01, 0xDE,
    0x0F, 0xF8, 0x73, 0xC3, 0x8E, 0x1C, 0x70, 0xE3, 0x87, 0x1C, 0x38, 0xE3, 0xEF, 0x80, 0xCE, 0x63,
    0x30, 0x37, 0x6C, 0xC0, 0x30, 0xC7, 0x9E, 0xCC, 0x03, 0x3E, 0x7E, 0x40, 0xFF, 0xFC, 0xFF, 0x80,
    0x8F, 0xFE, 0xFF, 0x80, 0xEF, 0xDF, 0xB8, 0x7E, 0xCE, 0x60, 0x7B, 0xDE, 0xF0, 0x36, 0x77, 0x7E,
    0x6C, 0xD8, 0xC7, 0x37, 0x9E, 0x30, 0x7F, 0x5F, 0xFF, 0x6C, 0xEE, 0x7E, 0x36, 0x13, 0x1C, 0x1C,
    0xFD, 0xF7, 0x7E, 0x77, 0xF7, 0x10, 0x7C, 0xEF, 0xF0, 0xFF, 0x77, 0xE0, 0xFF, 0xEC, 0x70, 0xEF,
    0x77, 0xE0, 0xCE, 0x63, 0x30, 0x37, 0x6C, 0xC0, 0x00, 0xC7, 0xF1, 0x88, 0x02, 0x31, 0xFC, 0x20,
    0x78, 0xC2, 0x39, 0xCF, 0xE0, 0xFB, 0x70, 0x23, 0x19, 0xF7, 0x00, 0xFB, 0x18, 0x40, 0x01, 0x09,
    0xF2, 0x10, 0x78, 0x07, 0x07, 0x07, 0x07, 0x07, 0x07, 0x4F, 0xEE, 0xFC, 0xE1, 0xC3, 0x87, 0x1E,
    0xFF, 0xDF, 0x00, 0xFF, 0x80, 0xEF, 0xDF, 0xB8, 0x7B, 0xDE, 0xF0, 0xFF, 0x77, 0xE0, 0x06, 0x6F,
    0xB2, 0xE0, 0x33, 0x39, 0x8C, 0xFF, 0xC0, 0x7F, 0xFF, 0x14, 0x40, 0xDB, 0xFD, 0xF8, 0xC7, 0x37,
    0x9E, 0x30, 0x30, 0xC7, 0x9E, 0xCC, 0x8F, 0xFE, 0x77, 0xF7, 0x10, 0x02, 0xFF, 0xF4, 0x00, 0xFF,
    0xFC, 0xFF, 0x80, 0xFF, 0x80, 0x00, 0x1F, 0xF0, 0x7C, 0xFF, 0xFC, 0xF8, 0xFF, 0xFF, 0xC0, 0x03,
    0x06, 0x06, 0x0E, 0x0C, 0x1C, 0x18, 0x18, 0x30, 0x30, 0x60, 0x60, 0xC0, 0x03, 0x03, 0x06, 0x06,
    0x0C, 0x0C, 0x1C, 0x18, 0x38, 0x30, 0x30, 0x60, 0x60, 0xC0, 0xC0, 0xED, 0xF0, 0x47, 0x1F, 0xDF,
    0x7F, 0x3C, 0xFF, 0xFF, 0x74, 0x40, 0xFF, 0xFF, 0x00, 0xDB, 0x6C, 0xCE, 0x63, 0x30, 0x67, 0x66,
    0xC0, 0x02, 0x3A, 0x7C, 0x40, 0xFD, 0xF0, 0x08, 0x38, 0x70, 0xCF, 0xFF, 0xFB, 0x80, 0x0E, 0xEF,
    0xF0, 0xFB, 0x70, 0x5B, 0xDC, 0xF0, 0x00, 0xED, 0xF0, 0xC0, 0x0F, 0xE1, 0xF3, 0xFF, 0x00, 0x7F,
    0xFB, 0xE0, 0xF0, 0xFF, 0xDF, 0x18, 0x03, 0xC0, 0x0E, 0x00, 0x60, 0xFF, 0xE7, 0x86, 0x38, 0x23,
    0x82, 0x38, 0x03, 0x8C, 0x38, 0xC3, 0xFC, 0x38, 0xC3, 0x80, 0x38, 0x23, 0x82, 0x78, 0x6F, 0xFE,
    0x1D, 0xC1, 0xDC, 0x1D, 0xCF, 0xFE, 0x78, 0x63, 0x82, 0x38, 0x23, 0x80, 0x38, 0x43, 0x8C, 0x3F,
    0xC3, 0x8C, 0x38, 0x03, 0x82, 0x38, 0x27, 0x86, 0xFF, 0xE0, 0x60, 0x06, 0x7F, 0xFE, 0xE7, 0x0E,
    0xC7, 0x06, 0x07, 0x00, 0x07, 0x00, 0x07, 0xFC, 0x07, 0x9E, 0x07, 0x0F, 0x07, 0x07, 0x07, 0x07,
    0x07, 0x07, 0x07, 0x07, 0x0F, 0x87, 0x1F, 0xC7, 0x00, 0x0F, 0x00, 0x0E, 0x00, 0x1C, 0x00, 0x3C,
    0x00, 0x70, 0x01, 0x80, 0x78, 0x1C, 0x02, 0x0F, 0xFE, 0xF8, 0xCE, 0x09, 0xC1, 0x38, 0x07, 0x00,
    0xE0, 0x1C, 0x03, 0x80, 0x70, 0x0E, 0x01, 0xC0, 0x78, 0x1F, 0xC0, 0x0F, 0xF3, 0xE7, 0x78, 0x37,
    0x81, 0xF0, 0x0F, 0xFA, 0xFF, 0xEF, 0x9C, 0xF0, 0x0F, 0x80, 0xF8, 0x17, 0xC3, 0x3E, 0x71, 0xFE,
    0x1F, 0x8E, 0x77, 0x0D, 0xE3, 0x7C, 0x1F, 0x83, 0xF8, 0x7F, 0x0F, 0xF0, 0xFC, 0x1F, 0x87, 0xF3,
    0x9F, 0xC0, 0xFE, 0xF8, 0xE1, 0xC3, 0x87, 0x0E, 0x1C, 0x38, 0x70, 0xE1, 0xC7, 0x9F, 0xC0, 0xEF,
    0xDF, 0xBF, 0xF7, 0xC7, 0x0E, 0x1C, 0x38, 0x70, 0xE1, 0xC3, 0x87, 0x0E, 0x3C, 0xFE, 0x1F, 0xC3,
    0xC0, 0x70, 0x1C, 0x07, 0x01, 0xC0, 0x70, 0x1C, 0x07, 0x01, 0xC0, 0x70, 0x1C, 0x07, 0x01, 0xC0,
    0x71, 0xB8, 0xEC, 0x3E, 0x00, 0x1F, 0xFF, 0x00, 0x73, 0xC0, 0x06, 0x1C, 0x00, 0x61, 0xC0, 0x06,
    0x1C, 0x00, 0x61, 0xFC, 0x06, 0x1F, 0xE0, 0x61, 0xCF, 0x06, 0x1C, 0xF0, 0x61, 0xC7, 0x0C, 0x1C,
    0x77, 0xC1, 0xCF, 0xF8, 0x3C, 0xE7, 0x07, 0xFC, 0xFE, 0x7F, 0x03, 0xC3, 0xC0, 0x38, 0x1C, 0x03,
    0x81, 0xC0, 0x38, 0x1C, 0x03, 0x81, 0xC0, 0x3F, 0xFF, 0xE3, 0xFF, 0xCF, 0x38, 0x1C, 0xF3, 0x81,
    0xC7, 0x38, 0x1C, 0x73, 0x81, 0xCF, 0x7C, 0x3C, 0xEF, 0xE7, 0xFC, 0x60, 0x0C, 0x3F, 0xFE, 0x39,
    0xE7, 0x18, 0xE1, 0x88, 0x70, 0xC0, 0x38, 0x00, 0x1C, 0x00, 0x0F, 0xF8, 0x07, 0x9E, 0x03, 0x8F,
    0x01, 0xC3, 0x80, 0xE1, 0xC0, 0x70, 0xE0, 0x78, 0xF0, 0x7F, 0xFC, 0x00, 0x60, 0x01, 0xC0, 0x07,
    0x00, 0x18, 0x0F, 0xE7, 0xCF, 0x0F, 0x8E, 0x3E, 0x1C, 0x60, 0x39, 0x80, 0x77, 0x00, 0xFE, 0x01,
    0xDE, 0x03, 0xBE, 0x07, 0x3C, 0x0E, 0x7C, 0x1C, 0x78, 0x78, 0x79, 0xFC, 0xFC, 0x07, 0x00, 0x03,
    0x80, 0x00, 0xE0, 0x00, 0x18, 0x0F, 0xE3, 0xFB, 0xC0, 0xF0, 0xE0, 0x78, 0x70, 0x7C, 0x38, 0x7E,
    0x1C, 0x7F, 0x0E, 0x7B, 0x87, 0x79, 0xC3, 0xB8, 0xE1, 0xF8, 0x70, 0xF8, 0x38, 0x78, 0x1C, 0x7C,
    0x1E, 0x7F, 0x1F, 0xC0, 0x03, 0x10, 0x0E, 0x20, 0x1C, 0xC0, 0x1F, 0x00, 0x00, 0x0F, 0xFF, 0xCF,
    0x87, 0x0F, 0x0C, 0x1F, 0x18, 0x1E, 0x60, 0x3E, 0xC0, 0x3F, 0x00, 0x7E, 0x00, 0x78, 0x00, 0xF0,
    0x00, 0xC0, 0x19, 0x80, 0x3E, 0x00, 0x78, 0x00, 0x20, 0x00, 0xFE, 0x7F, 0x7C, 0x1E, 0x38, 0x1C,
    0x38, 0x1C, 0x38, 0x1C, 0x38, 0x1C, 0x38, 0x1C, 0x38, 0x1C, 0x38, 0x1C, 0x38, 0x1C, 0x38, 0x1C,
    0x38, 0x1C, 0x78, 0x1C, 0xFF, 0xFF, 0x01, 0xC0, 0x01, 0x80, 0x01, 0x80, 0x01, 0x80, 0x00, 0x80,
    0x00, 0x00, 0x00, 0x70, 0x00, 0x78, 0x00, 0x7C, 0x00, 0x3F, 0x00, 0x1F, 0x80, 0x1B, 0xC0, 0x0C,
    0xF0, 0x06, 0x78, 0x07, 0xFC, 0x03, 0x0F, 0x03, 0x87, 0x81, 0x83, 0xC1, 0xC1, 0xF1, 0xF9, 0xFC,
    0xFF, 0xE7, 0x86, 0x38, 0x23, 0x80, 0x38, 0x03, 0x98, 0x3F, 0xE3, 0x9F, 0x38, 0xF3, 0x87, 0x38,
    0x73, 0x8F, 0x7F, 0xEF, 0xFC, 0xFF, 0xE7, 0x8F, 0x38, 0x73, 0x87, 0x38, 0x73, 0x9E, 0x3F, 0xE3,
    0x9F, 0x38, 0xF3, 0x87, 0x38, 0x73, 0x8F, 0x7D, 0xFF, 0xFC, 0xFF, 0xEF, 0x8C, 0xE0, 0x9C, 0x13,
    0x80, 0x70, 0x0E, 0x01, 0xC0, 0x38, 0x07, 0x00, 0xE0, 0x1C, 0x07, 0x81, 0xFC, 0x00, 0x3F, 0xFC,
    0x39, 0xE0, 0x47, 0x01, 0x1C, 0x04, 0x70, 0x11, 0xC0, 0xC7, 0x03, 0x1C, 0x0C, 0x70, 0x31, 0xC0,
    0x87, 0x06, 0x1C, 0x30, 0x7F, 0xFF, 0xFE, 0x00, 0xF8, 0x03, 0x40, 0x05, 0x00, 0x10, 0x00, 0x00,
    0xFF, 0xE7, 0x86, 0x38, 0x23, 0x82, 0x38, 0x03, 0x8C, 0x38, 0xC3, 0xFC, 0x38, 0xC3, 0x80, 0x38,
    0x23, 0x82, 0x78, 0x6F, 0xFE, 0x78, 0xFE, 0x3C, 0xF8, 0x70, 0xF9, 0xF8, 0xE3, 0xF0, 0x31, 0xC6,
    0x00, 0x33, 0x98, 0x00, 0x77, 0x70, 0x00, 0xFF, 0xE0, 0x03, 0xDD, 0xE0, 0x0F, 0x3B, 0xE0, 0x1E,
    0x73, 0xC0, 0x78, 0xE7, 0xC1, 0xF1, 0xC7, 0xCF, 0xC7, 0xC7, 0xDF, 0x1F, 0xC7, 0xC0, 0x3F, 0x8E,
    0x79, 0x8F, 0x20, 0xE4, 0x1C, 0x07, 0x07, 0xE0, 0x0E, 0x00, 0xE8, 0x1D, 0x03, 0xB0, 0xF7, 0x3C,
    0x7F, 0x00, 0xFE, 0x3F, 0xBC, 0x0F, 0x0E, 0x07, 0x87, 0x07, 0xC3, 0x87, 0xE1, 0xC7, 0xF0, 0xE7,
    0xB8, 0x77, 0x9C, 0x3B, 0x8E, 0x1F, 0x87, 0x0F, 0x83, 0x87, 0x81, 0xC7, 0xC1, 0xE7, 0xF1, 0xFC,
    0x03, 0x00, 0x03, 0x88, 0x01, 0xC4, 0x00, 0xE6, 0x00, 0x3E, 0x07, 0xF1, 0xFD, 0xF0, 0x78, 0x78,
    0x3C, 0x3C, 0x1E, 0x1E, 0x1F, 0x0F, 0x1F, 0x87, 0x9D, 0xC3, 0xDC, 0xE1, 0xFC, 0x70, 0xFC, 0x38,
    0x7C, 0x1C, 0x3C, 0x0E, 0x3E, 0x0F, 0x3F, 0x8F, 0xE0, 0xFE, 0x7C, 0xF0, 0xF8, 0xE3, 0xE1, 0xC6,
    0x03, 0x98, 0x07, 0x70, 0x0F, 0xE0, 0x1D, 0xE0, 0x3B, 0xE0, 0x73, 0xC0, 0xE7, 0xC1, 0xC7, 0x87,
    0x87, 0x9F, 0xCF, 0xC0, 0x1F, 0xFE, 0x1C, 0xF8, 0x10, 0xE0, 0x21, 0xC0, 0x43, 0x80, 0x87, 0x03,
    0x0E, 0x06, 0x1C, 0x0C, 0x38, 0x18, 0x70, 0x20, 0xE6, 0xC1, 0xCF, 0x07, 0x9E, 0x1F, 0xC0, 0x7C,
    0x07, 0xC7, 0xC1, 0xF0, 0x78, 0x3C, 0x0F, 0x87, 0x81, 0xF1, 0xF0, 0x3E, 0x3E, 0x0D, 0xED, 0xC1,
    0xBD, 0xB8, 0x33, 0xF7, 0x06, 0x7C, 0xE0, 0xC7, 0x9C, 0x18, 0xE3, 0x83, 0x9C, 0x79, 0xF9, 0x3F,
    0xC0, 0xFE, 0x7F, 0x7C, 0x3C, 0x38, 0x1C, 0x38, 0x1C, 0x38, 0x1C, 0x38, 0x1C, 0x38, 0x1C, 0x3F,
    0xFC, 0x3F, 0xFC, 0x38, 0x1C, 0x38, 0x1C, 0x38, 0x1C, 0x78, 0x1C, 0xFE, 0x7F, 0x1F, 0xE0, 0xE3,
    0xC7, 0x07, 0xBC, 0x0E, 0xE0, 0x3F, 0x80, 0xFE, 0x01, 0xF8, 0x07, 0xF0, 0x1F, 0xC0, 0xFF, 0x03,
    0x9E, 0x0E, 0x3C, 0xF0, 0x7F, 0x00, 0xFF, 0xFF, 0x38, 0x1E, 0x38, 0x1C, 0x38, 0x1C, 0x38, 0x1C,
    0x38, 0x1C, 0x38, 0x1C, 0x38, 0x1C, 0x38, 0x1C, 0x38, 0x1C, 0x38, 0x1C, 0x38, 0x1C, 0x78, 0x3E,
    0xFE, 0x7F, 0xFF, 0xC7, 0x9E, 0x38, 0xF3, 0x87, 0x38, 0x73, 0x87, 0x38, 0xF3, 0x8E, 0x3F, 0xC3,
    0x80, 0x38, 0x03, 0x80, 0x7C, 0x0F, 0xE0, 0x0F, 0xF8, 0xF1, 0xDE, 0x06, 0xE0, 0x1F, 0x00, 0x70,
    0x03, 0x80, 0x1C, 0x00, 0xE0, 0x07, 0x80, 0x3C, 0x02, 0xF0, 0x33, 0xC7, 0x87, 0xF8, 0x60, 0x02,
    0xFF, 0xFD, 0x8F, 0x3E, 0x1C, 0x30, 0x38, 0x00, 0x70, 0x00, 0xE0, 0x01, 0xC0, 0x03, 0x80, 0x07,
    0x00, 0x0E, 0x00, 0x1C, 0x00, 0x38, 0x00, 0xF8, 0x03, 0xF8, 0x00, 0x7F, 0x7E, 0x7C, 0x38, 0x78,
    0x60, 0xF8, 0xC0, 0xF3, 0x01, 0xF6, 0x01, 0xF8, 0x03, 0xF0, 0x03, 0xC0, 0x07, 0x80, 0x06, 0x00,
    0xCC, 0x01, 0xF0, 0x03, 0xC0, 0x01, 0x00, 0x00, 0x0F, 0xE0, 0x03, 0x80, 0x1F, 0xF0, 0x7B, 0xBC,
    0xF3, 0x9E, 0xE3, 0x8E, 0xE3, 0x8E, 0xE3, 0x8E, 0xE3, 0x8E, 0xF3, 0x9E, 0x73, 0x9C, 0x7B, 0xBC,
    0x1F, 0xF0, 0x03, 0x80, 0x0F, 0xE0, 0xFF, 0x3F, 0x3E, 0x1C, 0x1E, 0x18, 0x1F, 0x30, 0x0F, 0xE0,
    0x07, 0xE0, 0x07, 0xC0, 0x03, 0xE0, 0x07, 0xF0, 0x0C, 0xF0, 0x1C, 0xF8, 0x18, 0x7C, 0x78, 0x7E,
    0xFC, 0xFF, 0xFE, 0x7F, 0x3C, 0x3C, 0x38, 0x1C, 0x38, 0x1C, 0x38, 0x1C, 0x38, 0x1C, 0x38, 0x1C,
    0x38, 0x1C, 0x38, 0x1C, 0x38, 0x1C, 0x38, 0x1C, 0x38, 0x1C, 0x78, 0x1E, 0xFF, 0xFF, 0x00, 0x07,
    0x00, 0x07, 0x00, 0x02, 0x00, 0x02, 0xFE, 0xFE, 0xF0, 0xF0, 0xE0, 0xE1, 0xC1, 0xC3, 0x83, 0x87,
    0x07, 0x0F, 0xBE, 0x0F, 0xFC, 0x07, 0x38, 0x00, 0x70, 0x00, 0xE0, 0x01, 0xC0, 0x07, 0x80, 0x1F,
    0xC0, 0xFF, 0xFF, 0xFB, 0xC3, 0xC7, 0x8E, 0x1C, 0x38, 0x70, 0xE1, 0xC3, 0x87, 0x0E, 0x1C, 0x38,
    0x70, 0xE1, 0xC3, 0x87, 0x0E, 0x1C, 0x38, 0x70, 0xE1, 0xC3, 0x87, 0x0E, 0x1C, 0x38, 0x70, 0xE1,
    0xC7, 0x87, 0x0F, 0x7F, 0xFF, 0xFC, 0xFF, 0xFF, 0xFD, 0xE1, 0xE3, 0xC3, 0x87, 0x0E, 0x0E, 0x1C,
    0x38, 0x38, 0x70, 0xE0, 0xE1, 0xC3, 0x83, 0x87, 0x0E, 0x0E, 0x1C, 0x38, 0x38, 0x70, 0xE0, 0xE1,
    0xC3, 0x83, 0x87, 0x0E, 0x0E, 0x1C, 0x38, 0x78, 0x70, 0xF3, 0xFF, 0xFF, 0xF0, 0x00, 0x01, 0xC0,
    0x00, 0x07, 0x00, 0x00, 0x18, 0x00, 0x00, 0x20, 0xFF, 0xC1, 0x9F, 0x03, 0x1C, 0x06, 0x38, 0x00,
    0x70, 0x00, 0xE0, 0x01, 0xFF, 0x03, 0xFF, 0x07, 0x1E, 0x0E, 0x1C, 0x1C, 0x38, 0x38, 0xF0, 0xF3,
    0xC3, 0xFF, 0x00, 0xFE, 0x0F, 0xEF, 0x80, 0xF0, 0xE0, 0x0E, 0x1C, 0x01, 0xC3, 0x80, 0x38, 0x70,
    0x07, 0x0F, 0xF8, 0xE1, 0xCF, 0x9C, 0x38, 0xF3, 0x87, 0x0E, 0x70, 0xE1, 0xCE, 0x1C, 0x79, 0xC7,
    0x9E, 0x79, 0xFF, 0x9F, 0xC0, 0xFE, 0x07, 0xC0, 0x38, 0x03, 0x80, 0x38, 0x03, 0x80, 0x3F, 0xE3,
    0x9F, 0x38, 0xF3, 0x87, 0x38, 0x73, 0x8F, 0x79, 0xEF, 0xFC, 0x7F, 0x87, 0x9F, 0x30, 0x3D, 0x81,
    0xF0, 0x07, 0x8F, 0x3C, 0xFF, 0xE6, 0xFF, 0x00, 0xFC, 0x07, 0xF0, 0x3D, 0xC3, 0xE7, 0x3E, 0x3F,
    0xC0, 0xFE, 0x3F, 0x87, 0x87, 0x3C, 0x38, 0xE1, 0xE3, 0x9E, 0x0F, 0x39, 0xE0, 0xF3, 0x9C, 0x0F,
    0x3F, 0xC0, 0x73, 0x9C, 0x07, 0x39, 0xE0, 0x73, 0x9E, 0x0F, 0x38, 0xE0, 0xE3, 0x8F, 0x0E, 0x7C,
    0x79, 0xCF, 0xE3, 0xF8, 0x07, 0xFE, 0x1E, 0xF0, 0x38, 0xE0, 0x71, 0xC0, 0xE3, 0x81, 0xE7, 0x01,
    0xCE, 0x01, 0xFC, 0x07, 0xB8, 0x1E, 0x70, 0x3C, 0xE0, 0xF1, 0xC3, 0xE7, 0x8F, 0x9F, 0xC0, 0x3E,
    0x3F, 0x3B, 0x91, 0xC3, 0xE7, 0xF3, 0xB9, 0xFF, 0xFF, 0x00, 0x01, 0x8F, 0xCF, 0xEF, 0xE7, 0x06,
    0x03, 0xFD, 0xEF, 0xE7, 0xF1, 0xF8, 0xFC, 0x7F, 0x3B, 0xB8, 0xF8, 0x7F, 0x8E, 0xF3, 0x9C, 0xEF,
    0x3F, 0xCE, 0xF3, 0x9C, 0xEF, 0x7F, 0x80, 0xFF, 0x39, 0x39, 0x38, 0x38, 0x38, 0x38, 0x38, 0xFE,
    0x7F, 0xC2, 0x70, 0x4E, 0x09, 0xC3, 0x38, 0x67, 0x0C, 0xE1, 0x9C, 0xFF, 0xF8, 0x1F, 0x01, 0x60,
    0x20, 0x00, 0x3E, 0x3B, 0xBF, 0xDC, 0x0E, 0x07, 0x83, 0xEC, 0xFE, 0x3E, 0x00, 0x7B, 0xF3, 0x9E,
    0x39, 0xE0, 0xCE, 0x60, 0x1B, 0xB0, 0x0F, 0xFC, 0x03, 0xBF, 0x81, 0xEE, 0xF0, 0xF3, 0x9C, 0x7B,
    0xF3, 0xC0, 0x7E, 0x6F, 0x47, 0x4F, 0x3E, 0x0F, 0xC7, 0xEF, 0x7E, 0x7D, 0xF1, 0xC7, 0x0E, 0x78,
    0x77, 0xC3, 0xEE, 0x1E, 0x70, 0xF3, 0x87, 0x1C, 0x7D, 0xF0, 0x0C, 0x80, 0x64, 0x03, 0xC0, 0x00,
    0x07, 0xFF, 0x1C, 0x70, 0xE7, 0x87, 0x7C, 0x3E, 0xE1, 0xE7, 0x0F, 0x38, 0x71, 0xC7, 0xDF, 0x00,
    0xFC, 0xE3, 0x9E, 0x39, 0xA3, 0xB0, 0x3F, 0x83, 0xF8, 0x3B, 0xC3, 0x9E, 0xFD, 0xF0, 0x3F, 0xE0,
    0x9C, 0x09, 0xC0, 0x9C, 0x19, 0xC1, 0x9C, 0x59, 0xCF, 0x1C, 0xF3, 0xE0, 0x00, 0x03, 0xE1, 0xF3,
    0x87, 0x0F, 0x3C, 0x7C, 0xF1, 0xFF, 0xC6, 0xF7, 0x1B, 0xDC, 0x66, 0x73, 0xDB, 0xE0, 0x7D, 0xF1,
    0xC7, 0x0E, 0x38, 0x71, 0xC3, 0xFE, 0x1C, 0x70, 0xE3, 0x87, 0x1C, 0x7D, 0xF0, 0x3F, 0x1D, 0xEE,
    0x3F, 0x87, 0xE1, 0xF8, 0x7F, 0x3D, 0xCE, 0x3F, 0x00, 0x7F, 0xF1, 0xC7, 0x0E, 0x38, 0x71, 0xC3,
    0x8E, 0x1C, 0x70, 0xE3, 0x87, 0x1C, 0x7D, 0xF0, 0x7F, 0xCF, 0xFC, 0xE7, 0x9C, 0x73, 0x8E, 0x71,
    0xCE, 0x79, 0xEE, 0x3F, 0x87, 0x00, 0xE0, 0x1C, 0x03, 0x80, 0xFC, 0x00, 0x3F, 0x3B, 0xF8, 0x5C,
    0x0E, 0x07, 0x83, 0xFE, 0xFE, 0x3E, 0x00, 0x40, 0x5F, 0xF6, 0xED, 0x3B, 0x4E, 0x03, 0x80, 0xE0,
    0x38, 0x0E, 0x0F, 0xC0, 0x7D, 0xE7, 0x38, 0xF6, 0x0E, 0xC1, 0xF0, 0x1E, 0x03, 0xC0, 0x70, 0x06,
    0x01, 0x80, 0x30, 0x3C, 0x07, 0x80, 0xE0, 0x00, 0x0E, 0x01, 0xE0, 0x0E, 0x00, 0xE0, 0x1F, 0x07,
    0xFC, 0xFE, 0xEE, 0xEF, 0xEE, 0x7E, 0xE7, 0xEE, 0xFF, 0xEE, 0x7F, 0xE3, 0xF8, 0x0E, 0x00, 0xE0,
    0x0E, 0x00, 0xE0, 0x1F, 0x00, 0xFF, 0xCF, 0x30, 0xFC, 0x0F, 0x81, 0xE0, 0x7E, 0x0D, 0xE3, 0x3C,
    0xFF, 0xE0, 0x00, 0x7F, 0xF3, 0x9C, 0x39, 0xC3, 0x9C, 0x39, 0xC3, 0x9C, 0x39, 0xC3, 0x9C, 0x7F,
    0xF0, 0x03, 0x00, 0x30, 0x03, 0x7F, 0xF1, 0xC7, 0x0E, 0x38, 0x71, 0xC3, 0xDE, 0x1F, 0xF0, 0x03,
    0x80, 0x1C, 0x03, 0xF0, 0x7F, 0xFF, 0x9C, 0xE7, 0x8E, 0x73, 0x87, 0x39, 0xC3, 0x9C, 0xE1, 0xCE,
    0x70, 0xE7, 0x38, 0x7F, 0xDE, 0x7F, 0xFF, 0x80, 0x7F, 0xFF, 0x9C, 0xE7, 0x8E, 0x73, 0x87, 0x39,
    0xC3, 0x9C, 0xE1, 0xCE, 0x70, 0xE7, 0x38, 0x7B, 0xDE, 0x7F, 0xFF, 0x80, 0x01, 0xC0, 0x00, 0x60,
    0x00, 0x30, 0x40, 0x07, 0xF0, 0xCE, 0x0C, 0xE0, 0x0F, 0xE0, 0xEF, 0x0E, 0x70, 0xE7, 0x0E, 0xF1,
    0xFE, 0x7C, 0x7E, 0x38, 0x1C, 0x38, 0x1C, 0x3F, 0x9C, 0x3B, 0xDC, 0x39, 0xDC, 0x39, 0xDC, 0x3B,
    0xDC, 0x7F, 0xBE, 0x7C, 0x0E, 0x03, 0x80, 0xFE, 0x3B, 0xCE, 0x73, 0x9C, 0xEF, 0x7F, 0x80, 0x7E,
    0x33, 0x91, 0xE8, 0x77, 0xF8, 0x1D, 0x1E, 0xCE, 0x3E, 0x00, 0xFC, 0xF8, 0x73, 0xB8, 0xEE, 0x79,
    0xDC, 0x73, 0xF8, 0xE7, 0x71, 0xCE, 0xF3, 0x9D, 0xEE, 0xFF, 0xF8, 0x0F, 0xF0, 0xF7, 0x07, 0x38,
    0x3D, 0xC0, 0xFE, 0x07, 0x70, 0x7B, 0x87, 0x9C, 0x7B, 0xF0, 0x38, 0x1C, 0x07, 0x01, 0x80, 0x41,
    0xF1, 0xDD, 0xFE, 0xE0, 0x70, 0x3C, 0x1F, 0x67, 0xF1, 0xF0, 0x77, 0x3B, 0x9D, 0xC0, 0x00, 0x01,
    0xF1, 0xDD, 0xFE, 0xE0, 0x70, 0x3C, 0x1F, 0x67, 0xF1, 0xF0, 0x00, 0x07, 0x01, 0xE0, 0x1C, 0x0F,
    0xF8, 0x70, 0x0E, 0x01, 0xFE, 0x3F, 0xE7, 0x3C, 0xE7, 0x9C, 0x73, 0x8E, 0x71, 0xCE, 0x7F, 0xEF,
    0x01, 0xC0, 0x30, 0x0E, 0x03, 0x80, 0x60, 0x07, 0x06, 0x0C, 0x0C, 0x08, 0xFF, 0x39, 0x39, 0x38,
    0x38, 0x38, 0x38, 0x38, 0xFE, 0x3E, 0x67, 0xE2, 0xFA, 0xEE, 0xE1, 0xFF, 0xFE, 0x7C, 0x3E, 0xED,
    0xCB, 0xE7, 0xE3, 0xF3, 0xF7, 0x7C, 0x38, 0x70, 0xE0, 0x00, 0x03, 0x9F, 0x1C, 0x38, 0x70, 0xE1,
    0xC3, 0x8F, 0xC0, 0xEF, 0xDF, 0xB8, 0x00, 0x03, 0x9F, 0x1C, 0x38, 0x70, 0xE1, 0xC3, 0x8F, 0xC0,
    0x1C, 0x71, 0xC0, 0x00, 0x33, 0xC7, 0x1C, 0x71, 0xC7, 0x1C, 0x71, 0xC7, 0x3C, 0xE7, 0x00, 0x3F,
    0xE0, 0x13, 0x80, 0x27, 0x00, 0x4F, 0xE0, 0x9F, 0xE3, 0x39, 0xFE, 0x73, 0xF8, 0xEF, 0xF3, 0xFC,
    0x7F, 0xF0, 0x73, 0x80, 0xE7, 0x01, 0xCF, 0xC3, 0xFD, 0xE7, 0x39, 0xCE, 0x73, 0x9C, 0xEF, 0x7F,
    0xFC, 0x38, 0x03, 0xC0, 0x0E, 0x01, 0xFE, 0x07, 0xE0, 0x1C, 0x00, 0xEF, 0x07, 0xFC, 0x3D, 0xE1,
    0xC7, 0x0E, 0x38, 0x71, 0xC3, 0x8E, 0x1C, 0x73, 0xF7, 0xC0, 0x01, 0x80, 0x38, 0x03, 0x00, 0x30,
    0x02, 0x0F, 0xCE, 0x39, 0xE3, 0x9A, 0x3B, 0x03, 0xF8, 0x3F, 0x83, 0xBC, 0x39, 0xEF, 0xDF, 0x1C,
    0x00, 0x60, 0x03, 0x80, 0x0C, 0x00, 0x20, 0x3E, 0xF8, 0xE3, 0x87, 0x3C, 0x3B, 0xE1, 0xF7, 0x0F,
    0x38, 0x79, 0xC3, 0x8E, 0x3E, 0xF8, 0x0C, 0x40, 0xCC, 0x0F, 0x80, 0x00, 0x00, 0x07, 0xFE, 0x3C,
    0xC3, 0xCC, 0x1F, 0x81, 0xF8, 0x0F, 0x00, 0xF0, 0x06, 0x00, 0x60, 0x04, 0x00, 0xC0, 0x7C, 0x07,
    0x80, 0x78, 0x00, 0x7D, 0xF1, 0xC7, 0x0E, 0x38, 0x71, 0xC3, 0x8E, 0x1C, 0x70, 0xE3, 0x87, 0x1C,
    0x7F, 0xF0, 0x38, 0x01, 0xC0, 0x04, 0x00, 0x1F, 0xC0, 0x3F, 0x00, 0x1C, 0x03, 0xFF, 0xE6, 0x71,
    0xD8, 0xE1, 0xB1, 0xC3, 0x03, 0x80, 0x07, 0xFC, 0x0E, 0x3C, 0x1C, 0x78, 0x38, 0x70, 0x71, 0xE1,
    0xE3, 0xC7, 0xFE, 0x00, 0x0C, 0x07, 0x80, 0xF0, 0x4E, 0x4F, 0xFD, 0xB9, 0x27, 0x20, 0xE0, 0x1C,
    0x03, 0xF0, 0x7F, 0x8E, 0xF1, 0xCE, 0x3B, 0xCF, 0xF0, 0x3F, 0xFF, 0xF8, 0x3E, 0x01, 0xC0, 0x1F,
    0x07, 0x00, 0x1F, 0x1C, 0x00, 0x1F, 0x70, 0x00, 0x1F, 0xC0, 0x00, 0xFF, 0xE0, 0x03, 0xFF, 0xE0,
    0x0F, 0xBB, 0xE0, 0x1E, 0x73, 0xC0, 0x7C, 0xE7, 0xC0, 0xF1, 0xC7, 0x87, 0xC7, 0x8F, 0x8F, 0x1F,
    0xCF, 0x80, 0x7F, 0xFF, 0x1F, 0x8E, 0x03, 0xEE, 0x01, 0xFF, 0x01, 0xFF, 0xC0, 0xEE, 0xE0, 0xE7,
    0x78, 0xF3, 0x9E, 0xF7, 0xF7, 0x80, 0x33, 0xF9, 0x9F, 0x3C, 0x7B, 0xF3, 0x9F, 0x9E, 0x73, 0xC1,
    0xCE, 0xF0, 0x1D, 0xDC, 0x03, 0xBB, 0x80, 0x3F, 0xE0, 0x00, 0xE0, 0x00, 0x1C, 0x00, 0x03, 0x80,
    0x00, 0x70, 0x00, 0x1E, 0x00, 0x07, 0xF0, 0x00, 0x1F, 0xE0, 0xE3, 0xC7, 0x07, 0xBC, 0x0E, 0xE0,
    0x3F, 0xFC, 0xFF, 0xFF, 0xFC, 0xFF, 0xF0, 0x1F, 0xC0, 0xFF, 0x03, 0x9E, 0x0E, 0x3C, 0xF0, 0x7F,
    0x00, 0x3F, 0x1C, 0xEE, 0x3F, 0x87, 0xFF, 0xF8, 0x7F, 0x3D, 0xEE, 0x3F, 0x00, 0xFF, 0x0E, 0xF8,
    0x3C, 0xF0, 0x61, 0xF1, 0x81, 0xE3, 0x03, 0xC4, 0x03, 0xD8, 0x07, 0xB0, 0x0F, 0xC0, 0x0F, 0x80,
    0x1F, 0x00, 0x1C, 0x00, 0x38, 0x00, 0x60, 0x00, 0xFC, 0xEF, 0x3C, 0xE6, 0x1F, 0x83, 0xF0, 0x3C,
    0x07, 0x80, 0x70, 0x0C, 0x00, 0x1B, 0x80, 0x3F, 0x80, 0x3F, 0x80, 0x1B, 0x0F, 0xF0, 0xEF, 0x83,
    0xCF, 0x06, 0x1F, 0x18, 0x1E, 0x30, 0x3C, 0x40, 0x3D, 0x80, 0x7B, 0x00, 0xFC, 0x00, 0xF8, 0x01,
    0xF0, 0x01, 0xC0, 0x03, 0x80, 0x06, 0x00, 0x7E, 0x0E, 0xC0, 0xDC, 0x0D, 0x80, 0x91, 0xF9, 0xDE,
    0x79, 0xCC, 0x3F, 0x07, 0xE0, 0x78, 0x0F, 0x00, 0xE0, 0x18, 0x00, 0x03, 0x00, 0x03, 0x88, 0x01,
    0xC4, 0x00, 0xE6, 0x00, 0x3E, 0x07, 0xF1, 0xFD, 0xF0, 0x78, 0x78, 0x3C, 0x3C, 0x1E, 0x1E, 0x1F,
    0x0F, 0x1F, 0x87, 0x9D, 0xC3, 0xDC, 0xE1, 0xFC, 0x70, 0xFC, 0x38, 0x7C, 0x1C, 0x3C, 0x0E, 0x3E,
    0x0F, 0xBF, 0x8F, 0xE0, 0x00, 0x60, 0x00, 0x30, 0x00, 0x30, 0x00, 0x18, 0x18, 0x80, 0xEC, 0x07,
    0xE0, 0x00, 0x07, 0xDF, 0x1C, 0x70, 0xE7, 0x87, 0x7C, 0x3E, 0xE1, 0xF7, 0x0F, 0x38, 0x71, 0xC7,
    0xDF, 0x00, 0x38, 0x01, 0xC0, 0x0C, 0x00, 0x60, 0x7F, 0x03, 0xF8, 0x07, 0x00, 0x38, 0x0F, 0xFC,
    0x0E, 0x00, 0x70, 0x03, 0xFC, 0x1F, 0xF0, 0xE3, 0xC7, 0x0E, 0x38, 0x71, 0xC7, 0x9E, 0x7D, 0xFF,
    0x80, 0x0C, 0x07, 0x80, 0xF0, 0x4E, 0x0F, 0xF9, 0xB8, 0x27, 0x00, 0xE0, 0x1C, 0x03, 0xF0, 0x7F,
    0x8E, 0xF1, 0xCE, 0x3B, 0xCF, 0xF0, 0xFF, 0xC7, 0x9E, 0x38, 0xF3, 0x87, 0x38, 0x73, 0xB7, 0x3B,
    0xF3, 0x9E, 0x3F, 0xC3, 0x8E, 0x38, 0x63, 0x80, 0x7C, 0x0F, 0xE0, 0x7F, 0xCF, 0xFC, 0xE7, 0x9C,
    0x73, 0x8E, 0x7D, 0xCF, 0xF9, 0xFE, 0x3F, 0x87, 0x38, 0xE3, 0x1C, 0x03, 0x80, 0xFC, 0x00, 0x00,
    0x60, 0x1F, 0xFF, 0xBC, 0x03, 0x80, 0x70, 0x0E, 0x01, 0xC0, 0x38, 0x07, 0x00, 0xE0, 0x1C, 0x03,
    0x80, 0x70, 0x1E, 0x07, 0xF0, 0x01, 0x01, 0xBF, 0xC7, 0x03, 0x81, 0xC0, 0xE0, 0x70, 0x38, 0x1C,
    0x3F, 0x80, 0xFF, 0xEF, 0x8C, 0xE1, 0x9C, 0x13, 0x80, 0x70, 0x0E, 0x07, 0xFC, 0x38, 0x07, 0x00,
    0xE0, 0x1C, 0x07, 0x81, 0xFC, 0x00, 0xFF, 0x39, 0x39, 0x38, 0xFF, 0x7E, 0x38, 0x38, 0xFE, 0xFF,
    0xF3, 0xE3, 0x8E, 0x0C, 0x70, 0x63, 0x80, 0x1F, 0xF0, 0xF3, 0xC7, 0x0F, 0x38, 0x39, 0xC1, 0xCE,
    0x0E, 0x70, 0x77, 0xC3, 0xFF, 0x3C, 0x01, 0xE0, 0x0E, 0x00, 0xE0, 0x1F, 0x00, 0xE0, 0xFF, 0x87,
    0x30, 0xE2, 0x1C, 0xC3, 0xFC, 0x7F, 0xCE, 0x79, 0xC7, 0xFC, 0xE0, 0x1C, 0x07, 0x80, 0xE1, 0xD8,
    0x3E, 0x00, 0x78, 0xFE, 0x3C, 0xF8, 0x70, 0xF9, 0xF8, 0xE3, 0xE0, 0x31, 0xC6, 0x00, 0x33, 0x98,
    0x00, 0x77, 0x70, 0x00, 0xFF, 0xE0, 0x03, 0xDD, 0xE0, 0x0F, 0x3B, 0xE0, 0x1E, 0x73, 0xC0, 0x78,
    0xE7, 0xC1, 0xF1, 0xC7, 0x8F, 0xC7, 0xCF, 0xDF, 0x1F, 0xCF, 0xC0, 0x00, 0x03, 0x80, 0x00, 0x07,
    0x00, 0x00, 0x0C, 0x00, 0x00, 0x08, 0x7B, 0xF3, 0x9E, 0x39, 0xE0, 0xCE, 0x60, 0x1B, 0xB0, 0x0F,
    0xFC, 0x03, 0xBF, 0x81, 0xEE, 0xF0, 0xF3, 0x9E, 0x7B, 0xF7, 0xC0, 0x00, 0x70, 0x00, 0x08, 0x00,
    0x02, 0x7F, 0x8E, 0x79, 0x87, 0x20, 0xE0, 0x3C, 0x3F, 0x00, 0x60, 0x0E, 0x00, 0xE8, 0x1D, 0x83,
    0xB0, 0xF7, 0x3C, 0x7F, 0x03, 0x00, 0x70, 0x1E, 0x00, 0xC0, 0x70, 0x00, 0x7E, 0x6F, 0x4F, 0x3F,
    0x0E, 0x87, 0xC7, 0xEF, 0x7E, 0x18, 0x3C, 0x3C, 0x0C, 0x38, 0xFE, 0x78, 0xF0, 0xF8, 0xE3, 0xE1,
    0xC6, 0x03, 0x98, 0x07, 0x70, 0x0F, 0xE0, 0x1D, 0xE0, 0x3B, 0xE0, 0x73, 0xC0, 0xE7, 0xC1, 0xC7,
    0x87, 0x87, 0xDF, 0xC7, 0xC0, 0x03, 0x80, 0x07, 0x00, 0x0C, 0x00, 0x08, 0xFC, 0xE3, 0x9E, 0x39,
    0xA3, 0xB0, 0x3F, 0x03, 0xF8, 0x3B, 0xC3, 0xBC, 0xFD, 0xF0, 0x0F, 0x00, 0x60, 0x02, 0x00, 0x20,
    0xFF, 0x1E, 0x3E, 0x1F, 0x0E, 0x4F, 0x87, 0x6C, 0x03, 0xB6, 0x01, 0xDF, 0x00, 0xFF, 0x80, 0x77,
    0xE0, 0x3B, 0xF0, 0x1D, 0xBC, 0x0E, 0x5E, 0x07, 0x07, 0x87, 0x83, 0xE7, 0xF8, 0xF8, 0xFE, 0x79,
    0xD3, 0xCF, 0xB4, 0x7F, 0x83, 0xFC, 0x1F, 0xF0, 0xFF, 0x87, 0x5E, 0xFC, 0x78, 0x7F, 0x00, 0x3F,
    0x0F, 0x07, 0x0F, 0x9F, 0xF7, 0xC1, 0xC6, 0x00, 0xE3, 0x00, 0x73, 0x80, 0x3F, 0xC0, 0x1D, 0xF0,
    0x0E, 0x78, 0x07, 0x3E, 0x03, 0x8F, 0x01, 0xC7, 0xC1, 0xE1, 0xF1, 0xFC, 0x7C, 0x1C, 0x01, 0xE0,
    0x0F, 0x01, 0x38, 0x0F, 0xF8, 0x6E, 0x02, 0x71, 0xD3, 0x9E, 0x1C, 0xD0, 0xEC, 0x07, 0xF0, 0x3F,
    0x81, 0xDE, 0x0E, 0x78, 0xFB, 0xE0, 0xFF, 0xCF, 0xB3, 0xC3, 0xEC, 0x71, 0xF3, 0x1C, 0x60, 0x07,
    0x38, 0x01, 0xDC, 0x00, 0x7F, 0x00, 0x1D, 0xE0, 0x07, 0x7C, 0x01, 0xCF, 0x00, 0x73, 0xE0, 0x1C,
    0x78, 0x0F, 0x1F, 0x07, 0xF3, 0xF0, 0x40, 0x01, 0xFC, 0xEC, 0xE7, 0xB3, 0x9A, 0x0E, 0xC0, 0x3F,
    0x80, 0xFE, 0x03, 0xBC, 0x0E, 0x78, 0xFD, 0xF0, 0xFE, 0x7F, 0x9C, 0x1F, 0x0E, 0x07, 0x07, 0x03,
    0x83, 0x81, 0xC1, 0xC0, 0xE0, 0xFF, 0xF0, 0x7F, 0xF8, 0x38, 0x1C, 0x1C, 0x0E, 0x0E, 0x07, 0x07,
    0x03, 0x87, 0xC3, 0xFF, 0xF3, 0xFC, 0x00, 0x0E, 0x00, 0x07, 0x00, 0x03, 0x00, 0x00, 0x80, 0x7D,
    0xF1, 0xC7, 0x0E, 0x38, 0x71, 0xC3, 0xFE, 0x1C, 0x70, 0xE3, 0x87, 0x1C, 0x7D, 0xF0, 0x01, 0x80,
    0x0C, 0x00, 0x60, 0x03, 0x00, 0x00, 0x00, 0x1F, 0xE7, 0xFF, 0x3C, 0x3C, 0x73, 0x81, 0xC3, 0x38,
    0x1C, 0x33, 0x81, 0xC0, 0x38, 0x1C, 0x03, 0x81, 0xC0, 0x3F, 0xFC, 0x03, 0xFF, 0xC0, 0x38, 0x1C,
    0x03, 0x81, 0xC0, 0x38, 0x1C, 0x07, 0x81, 0xC0, 0xFE, 0x7F, 0x00, 0x7D, 0xFC, 0xE3, 0x93, 0x8E,
    0x4E, 0x38, 0x3F, 0xE0, 0xE3, 0x83, 0x8E, 0x0E, 0x38, 0x7D, 0xF0, 0xFF, 0xFF, 0x01, 0xC0, 0xF0,
    0x0E, 0x07, 0x00, 0x70, 0x38, 0x03, 0x81, 0xC0, 0x1C, 0x0F, 0xF0, 0xE0, 0x79, 0xC7, 0x03, 0x8F,
    0x38, 0x1C, 0x39, 0xC0, 0xE1, 0xCE, 0x07, 0x0E, 0x70, 0x38, 0x77, 0xC3, 0xE3, 0xFF, 0x3F, 0x9C,
    0x00, 0x00, 0xE0, 0x00, 0x0E, 0x00, 0x06, 0x60, 0x00, 0x3B, 0x00, 0x01, 0xF0, 0x7F, 0xE0, 0x39,
    0xC0, 0x39, 0xDE, 0x39, 0xFF, 0x39, 0xEF, 0x39, 0xC7, 0x39, 0xC7, 0x39, 0xC7, 0x7F, 0xE7, 0x00,
    0x07, 0x00, 0x07, 0x00, 0x0E, 0x00, 0xEC, 0x00, 0xF8, 0x0F, 0xF0, 0x3C, 0xF0, 0xE0, 0x63, 0x80,
    0x4F, 0x00, 0x1C, 0x3F, 0x38, 0xEF, 0x73, 0x9E, 0xE7, 0x1D, 0xEE, 0x3B, 0xDE, 0xF3, 0xFD, 0xC3,
    0xFF, 0xE1, 0xFF, 0x80, 0x3F, 0x0E, 0xF3, 0x84, 0x73, 0xCE, 0xFD, 0xD9, 0xBF, 0x33, 0xFF, 0x3F,
    0xC0, 0x0F, 0xF8, 0xF1, 0xDE, 0x06, 0xE0, 0x1F, 0x00, 0x70, 0x03, 0x80, 0x1C, 0x00, 0xE0, 0x07,
    0x80, 0x3C, 0x02, 0xF0, 0x33, 0xC7, 0x87, 0xF8, 0x0C, 0x00, 0xF0, 0x07, 0x80, 0x0C, 0x03, 0xC0,
    0x3F, 0x3B, 0xF8, 0x5C, 0x0E, 0x07, 0x83, 0xFD, 0xFC, 0x7C, 0x0C, 0x0F, 0x07, 0x80, 0xC1, 0xC0,
    0x60, 0x02, 0xFF, 0xFD, 0x8F, 0x3E, 0x1C, 0x30, 0x38, 0x00, 0x70, 0x00, 0xE0, 0x01, 0xC0, 0x03,
    0x80, 0x07, 0x00, 0x0E, 0x00, 0x1C, 0x00, 0x38, 0x00, 0xFC, 0x03, 0xF8, 0x00, 0x30, 0x00, 0x60,
    0x00, 0xC0, 0x00, 0x80, 0x40, 0x5F, 0xF6, 0xED, 0x3B, 0x4E, 0x43, 0x80, 0xE0, 0x38, 0x0E, 0x0F,
    0xE0, 0x38, 0x0E, 0x01, 0x00, 0xFF, 0x7E, 0x78, 0x70, 0xF8, 0xC0, 0xF1, 0x80, 0xE6, 0x01, 0xE8,
    0x01, 0xF0, 0x03, 0xC0, 0x03, 0x80, 0x07, 0x00, 0x0E, 0x00, 0x1C, 0x00, 0x7C, 0x01, 0xFC, 0x00,
    0xFF, 0xEF, 0x31, 0xE6, 0x1E, 0x83, 0xF0, 0x3E, 0x07, 0x80, 0x70, 0x0E, 0x01, 0xC0, 0x38, 0x07,
    0x00, 0xE0, 0x7E, 0x00, 0xFF, 0x7E, 0x78, 0x70, 0xF8, 0xC0, 0xF1, 0x80, 0xF6, 0x01, 0xE8, 0x01,
    0xF0, 0x07, 0xF8, 0x07, 0xE0, 0x07, 0x00, 0x0E, 0x00, 0x1C, 0x00, 0x7C, 0x01, 0xFC, 0x00, 0xFF,
    0xEF, 0x31, 0xE6, 0x1E, 0x83, 0xF0, 0x3E, 0x07, 0x81, 0xFC, 0x7F, 0x81, 0xC0, 0x38, 0x07, 0x00,
    0xE0, 0x7E, 0x00, 0x7F, 0x9F, 0x8F, 0x87, 0x07, 0xC3, 0x01, 0xF3, 0x00, 0x7F, 0x00, 0x3F, 0x80,
    0x0F, 0x80, 0x07, 0xE0, 0x03, 0xF0, 0x03, 0x7C, 0x03, 0x1F, 0x03, 0x87, 0xC3, 0x83, 0xFB, 0xF3,
    0xFC, 0x00, 0x0E, 0x00, 0x07, 0x00, 0x03, 0x00, 0x00, 0x80, 0xFF, 0xC7, 0x30, 0xFC, 0x0F, 0x81,
    0xF0, 0x3E, 0x0D, 0xE3, 0xBE, 0xF7, 0xE0, 0x1C, 0x03, 0x80, 0x60, 0x04, 0x60, 0x30, 0x0F, 0xFF,
    0xFD, 0x9D, 0xCE, 0x63, 0x91, 0xC0, 0x70, 0x38, 0x0E, 0x07, 0x01, 0xC0, 0xE0, 0x38, 0x1C, 0x07,
    0x03, 0x80, 0xE0, 0x70, 0x1C, 0x0E, 0x03, 0x81, 0xC0, 0x70, 0x38, 0x1E, 0x07, 0x87, 0xFF, 0xF8,
    0x00, 0x07, 0x00, 0x00, 0xE0, 0x00, 0x08, 0x00, 0x01, 0x00, 0x40, 0x80, 0xFF, 0xF9, 0x3E, 0xE6,
    0x75, 0xC0, 0xE3, 0x81, 0xC7, 0x03, 0x8E, 0x07, 0x1C, 0x0E, 0x38, 0x3F, 0xFC, 0x00, 0x38, 0x00,
    0x30, 0x00, 0x60, 0xFE, 0xFE, 0xF0, 0xF0, 0xE0, 0xE1, 0xC1, 0xC3, 0x83, 0x87, 0x07, 0x0F, 0xBE,
    0x0F, 0xFC, 0x07, 0x38, 0x00, 0x70, 0x00, 0xE0, 0x01, 0xC0, 0x07, 0xC0, 0x1F, 0xC0, 0x03, 0x80,
    0x07, 0x00, 0x04, 0x00, 0x08, 0x7F, 0xF1, 0xC7, 0x0E, 0x38, 0x71, 0xC3, 0xDE, 0x1F, 0xF0, 0x03,
    0x80, 0x1C, 0x03, 0xF8, 0x01, 0x80, 0x0C, 0x00, 0x60, 0x01, 0x00, 0xFE, 0xFE, 0xF0, 0x78, 0xE4,
    0xE1, 0xD9, 0xC3, 0xB3, 0x87, 0x67, 0x0F, 0xFE, 0x0F, 0xFC, 0x07, 0x38, 0x06, 0x70, 0x04, 0xE0,
    0x01, 0xC0, 0x07, 0xC0, 0x1F, 0xC0, 0x7D, 0xF9, 0xD7, 0x0F, 0xB8, 0x7D, 0xC3, 0xFE, 0x1F, 0xF0,
    0x1B, 0x80, 0x5C, 0x01, 0xF8, 0xFE, 0x01, 0xF0, 0x03, 0x80, 0x0E, 0x00, 0x38, 0x00, 0xE0, 0x03,
    0xFE, 0x0F, 0xFC, 0x38, 0xF0, 0xE1, 0xC3, 0x87, 0x0E, 0x1C, 0x78, 0x73, 0xFF, 0xF0, 0x38, 0x03,
    0xC0, 0x0E, 0x00, 0x70, 0x03, 0x80, 0x1C, 0x00, 0xEF, 0x07, 0xFC, 0x39, 0xE1, 0xC7, 0x0E, 0x38,
    0x71, 0xC3, 0x8E, 0x1C, 0x71, 0xF7, 0xC0, 0xE1, 0xFC, 0xE7, 0x9E, 0xCF, 0x0F, 0xCE, 0x07, 0x7E,
    0x0F, 0x3F, 0xFF, 0x1C, 0x00, 0x1C, 0x00, 0x1C, 0x00, 0x1E, 0x02, 0x1E, 0x06, 0x0E, 0x06, 0x07,
    0x9E, 0x03, 0xFC, 0xC0, 0x19, 0xF3, 0xF7, 0x3F, 0xE3, 0x80, 0x70, 0x0F, 0x01, 0xF6, 0x1F, 0xC1,
    0xF0, 0x01, 0xDC, 0x01, 0xDC, 0x01, 0xDC, 0x00, 0x00, 0xE1, 0xFC, 0xE7, 0x9E, 0xCF, 0x0F, 0xCE,
    0x07, 0x7E, 0x0F, 0x3F, 0xFF, 0x1C, 0x00, 0x1C, 0x00, 0x1C, 0x00, 0x1E, 0x02, 0x1E, 0x06, 0x0E,
    0x06, 0x07, 0x9E, 0x03, 0xFC, 0x00, 0x60, 0x00, 0x60, 0x00, 0x20, 0x1D, 0xC3, 0xB8, 0x77, 0x40,
    0x0C, 0x01, 0x9F, 0x3F, 0x71, 0xFE, 0x38, 0x07, 0x00, 0xF0, 0x1F, 0xE1, 0xFC, 0x1F, 0x01, 0x80,
    0x30, 0x02, 0x00, 0xFE, 0xF8, 0xE1, 0xC3, 0x87, 0x0E, 0x1C, 0x38, 0x70, 0xE1, 0xC7, 0x9F, 0xC0,
    0x00, 0xE2, 0x00, 0x01, 0xCC, 0x00, 0x03, 0xB0, 0x00, 0x03, 0xE0, 0x00, 0x00, 0x00, 0x0F, 0x1F,
    0xC7, 0x9F, 0x0E, 0x1F, 0x3F, 0x1C, 0x7E, 0x06, 0x38, 0xC0, 0x06, 0x73, 0x00, 0x0E, 0xEE, 0x00,
    0x1F, 0xFC, 0x00, 0x7B, 0xBC, 0x01, 0xE7, 0x7C, 0x03, 0xCE, 0x78, 0x0F, 0x1C, 0xF8, 0x3E, 0x38,
    0xF9, 0xF8, 0xF8, 0xFB, 0xE3, 0xF8, 0xF8, 0x03, 0x10, 0x00, 0xCC, 0x00, 0x3E, 0x00, 0x00, 0x00,
    0x73, 0xF7, 0x9E, 0x71, 0xE1, 0x9C, 0xC0, 0x37, 0x60, 0x0F, 0xFC, 0x07, 0xF7, 0x03, 0xDD, 0xE0,
    0xE7, 0x3C, 0xFB, 0xF7, 0x80, 0xFE, 0x7B, 0xC3, 0xCE, 0x3E, 0x71, 0x83, 0x98, 0x1D, 0xC0, 0xFF,
    0x87, 0x3E, 0x38, 0x79, 0xC3, 0xCE, 0x1E, 0x70, 0x77, 0x83, 0xFF, 0x1C, 0x00, 0xE0, 0x67, 0x03,
    0xF0, 0x1F, 0x00, 0xFC, 0xE7, 0x3C, 0xEE, 0x1F, 0x83, 0xBC, 0x73, 0xCE, 0x79, 0xC7, 0xFE, 0xE0,
    0x1C, 0x07, 0x80, 0xE0, 0x1C, 0x07, 0x00, 0x1F, 0xFE, 0x1C, 0xF0, 0x10, 0xE0, 0x21, 0xC0, 0x43,
    0x80, 0x87, 0x03, 0x0E, 0x06, 0x1C, 0x0C, 0x38, 0x18, 0x70, 0x20, 0xE6, 0xC1, 0xCF, 0x07, 0xDE,
    0x1F, 0xC0, 0x03, 0x80, 0x06, 0x00, 0x1C, 0x00, 0x30, 0x3F, 0xE0, 0x9C, 0x09, 0xC0, 0x9C, 0x19,
    0xC1, 0x9C, 0x59, 0xCF, 0x1E, 0xF3, 0xF0, 0x0E, 0x00, 0xE0, 0x0C, 0xFE, 0x7F, 0x7C, 0x3C, 0x38,
    0x1C, 0x38, 0x1C, 0x38, 0x1C, 0x38, 0x1C, 0x38, 0x1C, 0x3F, 0xFC, 0x3F, 0xFC, 0x38, 0x1C, 0x38,
    0x1C, 0x38, 0x1C, 0x78, 0x1C, 0xFE, 0x1C, 0x00, 0x1C, 0x00, 0x1C, 0x01, 0x98, 0x03, 0xB0, 0x01,
    0xE0, 0x7D, 0xF1, 0xC7, 0x0E, 0x38, 0x7F, 0xC3, 0x8E, 0x1C, 0x70, 0xE3, 0x87, 0x1C, 0x7C, 0xE0,
    0x07, 0x00, 0x78, 0x03, 0x80, 0x1C, 0x01, 0xC0, 0xFE, 0x7F, 0x7C, 0x3C, 0x38, 0x1C, 0x38, 0x1C,
    0x38, 0x1C, 0x38, 0x1C, 0x38, 0x1C, 0x3F, 0xFC, 0x3F, 0xFC, 0x38, 0x1C, 0x38, 0x1C, 0x38, 0x1C,
    0x78, 0x1E, 0xFE, 0x7F, 0x00, 0x06, 0x00, 0x06, 0x00, 0x0C, 0x00, 0x0C, 0x7D, 0xF1, 0xC7, 0x0E,
    0x38, 0x71, 0xC3, 0xFE, 0x1C, 0x70, 0xE3, 0x87, 0x1C, 0x7D, 0xF0, 0x03, 0x80, 0x1C, 0x00, 0xC0,
    0x06, 0x00, 0xFE, 0xFE, 0xF0, 0xF0, 0xE0, 0xE1, 0xC1, 0xC3, 0x83, 0x87, 0x07, 0x0F, 0xBE, 0x0F,
    0xFC, 0x07, 0x38, 0x00, 0x70, 0x00, 0xE0, 0x01, 0xC0, 0x07, 0x80, 0x1F, 0xC0, 0x38, 0x00, 0x60,
    0x00, 0xC0, 0x00, 0x80, 0x7F, 0xF1, 0xC7, 0x0E, 0x38, 0x71, 0xC3, 0xDE, 0x1F, 0xF0, 0x03, 0x80,
    0x1C, 0x03, 0xF0, 0x1C, 0x00, 0xC0, 0x06, 0x00, 0x7C, 0x07, 0xC7, 0xC1, 0xF0, 0x78, 0x3C, 0x0F,
    0x87, 0x81, 0xF1, 0xF0, 0x3E, 0x3E, 0x0D, 0xED, 0xC1, 0xBD, 0xB8, 0x33, 0xF7, 0x06, 0x7C, 0xE0,
    0xC7, 0x9C, 0x18, 0xE3, 0x83, 0x9C, 0x79, 0xF9, 0x3F, 0x80, 0x00, 0x70, 0x00, 0x0C, 0x00, 0x01,
    0x80, 0x00, 0x30, 0x00, 0x03, 0xE1, 0xF3, 0x8F, 0x0F, 0x3C, 0x7C, 0xF1, 0xFF, 0xC6, 0xF7, 0x1B,
    0xDC, 0x66, 0x7B, 0xDF, 0xF0, 0x01, 0xC0, 0x06, 0x00, 0x38, 0x38, 0xF1, 0xE1, 0xC3, 0x87, 0x0E,
    0x1C, 0x38, 0x70, 0xE1, 0xC3, 0x87, 0x3F, 0x00, 0x06, 0x00, 0x07, 0x30, 0x07, 0x70, 0x07, 0xE0,
    0x00, 0x00, 0x01, 0xC0, 0x03, 0xE0, 0x03, 0xE0, 0x03, 0xE0, 0x06, 0xE0, 0x06, 0xF0, 0x0C, 0xF0,
    0x0C, 0x70, 0x0F, 0xF8, 0x18, 0x78, 0x18, 0x78, 0x38, 0x3C, 0x38, 0x3C, 0xFC, 0xFF, 0x60, 0x31,
    0x1D, 0x8F, 0x80, 0x01, 0xF3, 0xF9, 0xDC, 0x8E, 0x1F, 0x3F, 0x9D, 0xCF, 0xFF, 0xF8, 0x07, 0x70,
    0x07, 0x70, 0x07, 0x70, 0x01, 0xC0, 0x03, 0xE0, 0x03, 0xE0, 0x03, 0xE0, 0x06, 0xF0, 0x06, 0xF0,
    0x06, 0xF0, 0x0C, 0x70, 0x0F, 0xF8, 0x1C, 0x78, 0x18, 0x38, 0x18, 0x3C, 0x38, 0x3C, 0xFE, 0xFF,
    0x73, 0x9C, 0xE7, 0x38, 0x00, 0x00, 0x07, 0xC7, 0xF3, 0x9C, 0x47, 0x07, 0xC7, 0xF1, 0xDC, 0x7F,
    0xDF, 0xF0, 0x00, 0xFF, 0xE0, 0x07, 0x86, 0x00, 0xF8, 0x20, 0x0B, 0x82, 0x01, 0xB8, 0x00, 0x33,
    0x8C, 0x03, 0x38, 0xC0, 0x7F, 0xFC, 0x06, 0x38, 0xC0, 0xC3, 0x80, 0x0C, 0x38, 0x31, 0x83, 0x83,
    0x3C, 0x78, 0x77, 0xEF, 0xFE, 0x3F, 0xEF, 0xF7, 0xEE, 0x7C, 0xFE, 0x1F, 0x0F, 0xE0, 0xEF, 0x3F,
    0xFF, 0xF7, 0xE0, 0x18, 0x03, 0x8C, 0x39, 0xC1, 0xF8, 0x00, 0x0F, 0xFE, 0x78, 0x63, 0x82, 0x38,
    0x23, 0x80, 0x38, 0xC3, 0x8C, 0x3F, 0xC3, 0x8C, 0x38, 0x03, 0x82, 0x38, 0x27, 0x86, 0xFF, 0xE0,
    0x30, 0x19, 0x8E, 0x87, 0xC0, 0x01, 0xF1, 0xDD, 0xFE, 0xE0, 0x70, 0x3C, 0x1F, 0x67, 0xF1, 0xF0,
    0x1F, 0xC3, 0xCF, 0x18, 0x3C, 0xC0, 0xF4, 0x07, 0x80, 0x3C, 0x00, 0xE0, 0x07, 0xFF, 0xFF, 0x83,
    0xF8, 0x1D, 0xE0, 0xE7, 0x9E, 0x1F, 0xC0, 0x7E, 0xFF, 0xFF, 0x07, 0x07, 0xFF, 0xE7, 0xEE, 0x7C,
    0x39, 0xC1, 0xCE, 0x0E, 0x70, 0x00, 0x01, 0xFC, 0x3C, 0xF1, 0x83, 0xCC, 0x0F, 0x40, 0x78, 0x03,
    0xC0, 0x0E, 0x00, 0x7F, 0xFF, 0xF8, 0x3F, 0x81, 0xDE, 0x0E, 0x79, 0xE1, 0xFC, 0x00, 0xEE, 0xEE,
    0xEE, 0x00, 0x00, 0x7E, 0xFF, 0xFF, 0x07, 0x07, 0xFF, 0xEF, 0xEE, 0x7C, 0x00, 0xEE, 0x00, 0x01,
    0xDC, 0x00, 0x03, 0xB8, 0x00, 0x00, 0x00, 0x07, 0x8F, 0xE3, 0xCF, 0x87, 0x8F, 0x9F, 0x8E, 0x3F,
    0x03, 0x1C, 0x60, 0x03, 0x39, 0x80, 0x07, 0x77, 0x00, 0x0F, 0xFE, 0x00, 0x3D, 0xDE, 0x00, 0xFB,
    0xBE, 0x01, 0xE7, 0x3C, 0x07, 0x8E, 0x7C, 0x1F, 0x1C, 0x7C, 0xFC, 0x3C, 0x7D, 0xF1, 0xFC, 0x7C,
    0x07, 0x70, 0x03, 0xB8, 0x01, 0xDC, 0x00, 0x00, 0x00, 0x00, 0x03, 0x9F, 0xB9, 0xE7, 0x3C, 0x33,
    0x98, 0x0D, 0xD8, 0x07, 0xFC, 0x07, 0xF7, 0x07, 0xBB, 0xC3, 0x9C, 0xE7, 0xDF, 0xBC, 0x77, 0x1D,
    0xC7, 0x70, 0x00, 0x7F, 0x39, 0xEC, 0x3B, 0x0E, 0x83, 0x81, 0xC3, 0xF0, 0x0E, 0x03, 0xE0, 0x78,
    0x1F, 0x0F, 0xE7, 0x9F, 0xC0, 0xEF, 0xDF, 0xB8, 0x00, 0x1F, 0xF7, 0xC7, 0x9E, 0xFC, 0x7C, 0x7D,
    0xFF, 0x80, 0x7F, 0xD8, 0xEC, 0x7B, 0x3C, 0x0E, 0x07, 0x81, 0xF8, 0x0F, 0x03, 0xF0, 0x7C, 0x1F,
    0x8F, 0xF3, 0x9F, 0xC0, 0xFF, 0xF7, 0xB7, 0x83, 0xC3, 0xC1, 0xF1, 0xFC, 0x0F, 0x07, 0x81, 0xC0,
    0xF8, 0xEE, 0xF7, 0xE0, 0x07, 0xF0, 0x03, 0xF8, 0x00, 0x00, 0x1F, 0xC7, 0xF7, 0x81, 0xE1, 0xC0,
    0xF0, 0xE0, 0xF8, 0x70, 0xFC, 0x38, 0xFE, 0x1C, 0xF7, 0x0E, 0xF3, 0x87, 0x71, 0xC3, 0xF0, 0xE1,
    0xF0, 0x70, 0xF0, 0x38, 0xF8, 0x3C, 0xFE, 0x3F, 0x80, 0x1F, 0xC0, 0xFE, 0x00, 0x00, 0xFB, 0xE3,
    0x8E, 0x1C, 0xF0, 0xEF, 0x87, 0xDC, 0x3C, 0xE1, 0xE7, 0x0E, 0x38, 0xFB, 0xE0, 0x07, 0x70, 0x03,
    0xB8, 0x01, 0xDC, 0x1F, 0xC7, 0xF7, 0xC1, 0xE1, 0xC0, 0xF0, 0xE0, 0xF8, 0x70, 0xFC, 0x38, 0x7E,
    0x1C, 0x77, 0x0E, 0x73, 0x87, 0xF1, 0xC3, 0xF0, 0xE1, 0xF0, 0x70, 0xF0, 0x38, 0xF8, 0x3C, 0xFE,
    0x3F, 0x80, 0x1D, 0xC0, 0xEE, 0x07, 0x70, 0x00, 0x00, 0x00, 0x3E, 0xF8, 0xE3, 0x87, 0x3C, 0x3B,
    0xE1, 0xF7, 0x0F, 0x38, 0x79, 0xC3, 0x8E, 0x3E, 0xF8, 0x0E, 0xE0, 0x3B, 0x80, 0xEE, 0x00, 0x00,
    0x1F, 0xE0, 0xE3, 0xC7, 0x07, 0xBC, 0x0E, 0xE0, 0x3F, 0x80, 0xFE, 0x01, 0xF8, 0x07, 0xF0, 0x1F,
    0xC0, 0xFF, 0x03, 0x9E, 0x0E, 0x3C, 0xF0, 0x7F, 0x00, 0x77, 0x1D, 0xC7, 0x70, 0x00, 0x00, 0x0F,
    0xC7, 0x7B, 0x8F, 0xE1, 0xF8, 0x7E, 0x1F, 0xCF, 0x73, 0x8F, 0xC0, 0x1F, 0xE0, 0xE3, 0xC7, 0x07,
    0xBC, 0x0E, 0xE0, 0x3F, 0x80, 0xFF, 0xFF, 0xF8, 0x07, 0xF0, 0x1F, 0xC0, 0xFF, 0x03, 0x9E, 0x0E,
    0x3C, 0xF0, 0x7F, 0x00, 0x3F, 0x1D, 0xEE, 0x3F, 0x87, 0xFF, 0xF8, 0x7F, 0x3D, 0xCE, 0x3F, 0x00,
    0x0E, 0xE0, 0x3B, 0x80, 0xEE, 0x00, 0x00, 0x1F, 0xE0, 0xE3, 0xC7, 0x07, 0xBC, 0x0E, 0xE0, 0x3F,
    0x80, 0xFF, 0xFF, 0xF8, 0x07, 0xF0, 0x1F, 0xC0, 0xFF, 0x03, 0x9E, 0x0E, 0x3C, 0xF0, 0x7F, 0x00,
    0x77, 0x1D, 0xC7, 0x70, 0x00, 0x00, 0x0F, 0xC7, 0x7B, 0x8F, 0xE1, 0xFF, 0xFE, 0x1F, 0xCF, 0x73,
    0x8F, 0xC0, 0x3B, 0x81, 0xDC, 0x0E, 0xE0, 0x00, 0x07, 0xF8, 0x79, 0xF3, 0x03, 0xD8, 0x1F, 0x00,
    0x78, 0xF3, 0xCF, 0xFE, 0x6F, 0xF0, 0x0F, 0xC0, 0x7F, 0x03, 0xDC, 0x3E, 0x73, 0xE3, 0xFC, 0x00,
    0xEE, 0xEE, 0xEE, 0x00, 0x00, 0xFE, 0xCF, 0x87, 0x87, 0xFF, 0x07, 0x8F, 0xCE, 0x7C, 0x07, 0xF0,
    0x0F, 0xE0, 0x00, 0x03, 0xFB, 0xF3, 0xE1, 0xC3, 0xC3, 0x07, 0xC6, 0x07, 0x98, 0x0F, 0xB0, 0x0F,
    0xC0, 0x1F, 0x80, 0x1E, 0x00, 0x3C, 0x00, 0x30, 0x06, 0x60, 0x0F, 0x80, 0x1E, 0x00, 0x08, 0x00,
    0x1F, 0xC1, 0xFC, 0x00, 0x00, 0x00, 0x7D, 0xE3, 0x8C, 0x3D, 0xC1, 0xD8, 0x1F, 0x80, 0xF0, 0x0F,
    0x00, 0xE0, 0x06, 0x00, 0xC0, 0x0C, 0x07, 0xC0, 0x78, 0x07, 0x80, 0x07, 0x70, 0x0E, 0xE0, 0x1D,
    0xC0, 0x00, 0x07, 0xF7, 0xE7, 0xC3, 0x87, 0x86, 0x0F, 0x98, 0x0F, 0x30, 0x1F, 0x60, 0x1F, 0x80,
    0x3F, 0x00, 0x3C, 0x00, 0x78, 0x00, 0x60, 0x0C, 0xC0, 0x1F, 0x00, 0x3C, 0x00, 0x10, 0x00, 0x1D,
    0xC3, 0xB8, 0x77, 0x00, 0x00, 0x00, 0xFB, 0xCF, 0x31, 0xE4, 0x1D, 0x83, 0xE0, 0x3C, 0x07, 0x80,
    0x60, 0x0C, 0x03, 0x00, 0x60, 0x78, 0x0F, 0x01, 0xC0, 0x00, 0x00, 0xDC, 0x03, 0xF8, 0x0F, 0xC0,
    0x33, 0x07, 0xF7, 0xE7, 0xC3, 0x87, 0x86, 0x0F, 0x8C, 0x0F, 0x30, 0x1F, 0x60, 0x1F, 0x80, 0x3F,
    0x00, 0x3C, 0x00, 0x78, 0x00, 0x60, 0x0C, 0xC0, 0x1F, 0x00, 0x3C, 0x00, 0x10, 0x00, 0x07, 0xE0,
    0xFC, 0x3F, 0x06, 0xC0, 0x10, 0xFB, 0xCE, 0x71, 0xEC, 0x1D, 0x83, 0xE0, 0x3C, 0x07, 0x80, 0xE0,
    0x0C, 0x03, 0x00, 0x60, 0x78, 0x0F, 0x01, 0xC0, 0x00, 0x0E, 0xE0, 0x1D, 0xC0, 0x3B, 0x87, 0xF7,
    0xF7, 0x87, 0x87, 0x07, 0x0E, 0x0E, 0x1C, 0x1C, 0x38, 0x38, 0x7D, 0xF0, 0x7F, 0xE0, 0x39, 0xC0,
    0x03, 0x80, 0x07, 0x00, 0x0E, 0x00, 0x3C, 0x00, 0xFE, 0x1D, 0xC0, 0xEE, 0x07, 0x70, 0x00, 0x00,
    0x00, 0x3F, 0xF8, 0xE3, 0x87, 0x1C, 0x38, 0xE1, 0xEF, 0x0F, 0xF8, 0x01, 0xC0, 0x0E, 0x01, 0xF8,
    0xFF, 0xEF, 0x8C, 0xE0, 0x9C, 0x13, 0x80, 0x70, 0x0E, 0x01, 0xC0, 0x38, 0x07, 0x00, 0xE0, 0x1C,
    0x07, 0xE1, 0xFC, 0x01, 0x80, 0x30, 0x06, 0x00, 0x40, 0xFF, 0x39, 0x39, 0x38, 0x38, 0x38, 0x38,
    0x38, 0xFE, 0x0E, 0x06, 0x04, 0x03, 0xB8, 0x00, 0x77, 0x00, 0x0E, 0xE0, 0x7F, 0x07, 0xF7, 0xC0,
    0x78, 0x70, 0x07, 0x0E, 0x00, 0xE1, 0xC0, 0x1C, 0x38, 0x03, 0x87, 0xFC, 0x70, 0xE7, 0xCE, 0x1C,
    0x79, 0xC3, 0x87, 0x38, 0x70, 0xE7, 0x0E, 0x3C, 0xE3, 0xCF, 0x3C, 0xFF, 0xCF, 0xE0, 0x0E, 0xE0,
    0x0E, 0xE0, 0x0E, 0xE0, 0x00, 0x00, 0x00, 0x00, 0x7C, 0x7E, 0x38, 0x1C, 0x38, 0x1C, 0x3F, 0x9C,
    0x3B, 0xDC, 0x39, 0xDC, 0x39, 0xDC, 0x3B, 0xDC, 0x7F, 0xBE, 0x1F, 0xFC, 0x3E, 0x30, 0x70, 0x41,
    0xC1, 0x07, 0x00, 0x1C, 0x03, 0xFF, 0x01, 0xC0, 0x07, 0x00, 0x1C, 0x00, 0x70, 0x01, 0xC0, 0x07,
    0x00, 0x1C, 0x00, 0x70, 0x1B, 0x80, 0xEC, 0x03, 0xE0, 0x00, 0x7F, 0x8E, 0x47, 0x23, 0x87, 0xF9,
    0xF0, 0x70, 0x38, 0x1C, 0x0E, 0x0F, 0x07, 0x03, 0x83, 0x80, 0xFF, 0x3F, 0x3E, 0x1C, 0x1E, 0x18,
    0x1F, 0x30, 0x0F, 0xE0, 0x07, 0xC0, 0x07, 0xC0, 0x03, 0xE0, 0x07, 0xF0, 0x0D, 0xF8, 0x1C, 0xF8,
    0x38, 0x7C, 0x78, 0x3C, 0xFC, 0x3C, 0x00, 0x1C, 0x00, 0x1C, 0x00, 0x38, 0x00, 0xF8, 0x01, 0xE0,
    0x7F, 0xE7, 0xB0, 0xF6, 0x0F, 0x80, 0xF0, 0x3F, 0x0D, 0xE3, 0x9E, 0xF1, 0xC0, 0x38, 0x03, 0x00,
    0xE0, 0x38, 0x0E, 0x00, 0xFF, 0x3F, 0x3E, 0x1C, 0x1E, 0x18, 0x1F, 0x30, 0x0F, 0xE0, 0x07, 0xE0,
    0x3F, 0xFE, 0x3F, 0xFC, 0x07, 0xF0, 0x0C, 0xF0, 0x18, 0xF8, 0x38, 0x7C, 0x78, 0x7E, 0xFC, 0xFF,
    0x7F, 0xC7, 0x30, 0xFC, 0x0F, 0x87, 0xFC, 0xFF, 0x0D, 0xE3, 0xBE, 0xF7, 0xE0, 0x00, 0xFC, 0x7D,
    0xF9, 0xE3, 0xE7, 0x8F, 0xDE, 0x1F, 0xF8, 0xFF, 0xE7, 0xFF, 0x1F, 0xF0, 0xFB, 0xE3, 0xEF, 0x8F,
    0x9F, 0x3E, 0x7E, 0xF8, 0xF8, 0x7F, 0x07, 0xF8, 0x7F, 0xC7, 0xFC, 0x03, 0xC0, 0x3C, 0x03, 0xC0,
    0x3C, 0x03, 0xCF, 0xFF, 0xFF, 0xFF, 0xFF, 0xFF, 0xF0, 0x7E, 0x3F, 0x9F, 0xCF, 0xE0, 0xF0, 0x78,
    0x3C, 0x1E, 0x1F, 0x7F, 0xBF, 0xFF, 0xFF, 0x78, 0x00, 0xFF, 0xFF, 0xFF, 0xFF, 0xFF, 0xF0, 0x78,
    0x0F, 0x01, 0xE0, 0x3C, 0x07, 0x80, 0xF0, 0x1E, 0x03, 0xC0, 0x78, 0x7F, 0xC7, 0xFE, 0x7F, 0xF7,
    0xFF, 0x00, 0xF0, 0x0F, 0x78, 0xF7, 0x8F, 0x78, 0xF7, 0x8F, 0x78, 0xF7, 0x8F, 0x78, 0xF0, 0xFF,
    0xFF, 0xFF, 0x3C, 0xF3, 0xCF, 0x3C, 0xF3, 0xCF, 0x3C, 0xFF, 0xFF, 0xFF, 0xF7, 0x9F, 0x3E, 0x7C,
    0xF9, 0xF3, 0xE3, 0xE7, 0xC0, 0xFF, 0xE7, 0xFF, 0xBF, 0xFF, 0xFF, 0xF7, 0x87, 0xBC, 0x3D, 0xE1,
    0xEF, 0x0F, 0x78, 0x7B, 0xC3, 0xDE, 0x1E, 0xF0, 0xF7, 0x87, 0x80, 0xF7, 0xCF, 0x7E, 0xF7, 0xFF,
    0x7F, 0xF1, 0xFF, 0x0F, 0xF0, 0xFF, 0x9F, 0xF9, 0xFF, 0xFF, 0x7F, 0xE7, 0xFE, 0x1F, 0x80, 0xFF,
    0xFF, 0xFF, 0x3C, 0xF3, 0xCF, 0x7F, 0x8F, 0xF9, 0xFF, 0xBF, 0xF0, 0x1E, 0x03, 0xC0, 0x78, 0x0F,
    0x01, 0xE0, 0x3C, 0x07, 0x80, 0xF0, 0x1E, 0x03, 0xC0, 0x78, 0x0F, 0x01, 0xE0, 0xFF, 0x3F, 0xEF,
    0xFB, 0xFF, 0x07, 0xC0, 0xF0, 0x3C, 0x0F, 0x07, 0xFF, 0xFF, 0xFF, 0xFE, 0xFF, 0x00, 0x00, 0x1E,
    0x03, 0xC0, 0x78, 0x0F, 0xFF, 0xFF, 0xFF, 0xFF, 0xFE, 0x07, 0xC0, 0xF8, 0x1E, 0x07, 0xC0, 0xF8,
    0x1E, 0x07, 0xC0, 0xF8, 0x1E, 0x00, 0xFF, 0xE7, 0xFF, 0xBF, 0xFF, 0xFF, 0xF7, 0x87, 0xBC, 0x3D,
    0xE1, 0xEF, 0x0F, 0x78, 0x7B, 0xFF, 0xDF, 0xFE, 0xFF, 0xF7, 0xFF, 0x80, 0xFB, 0xF3, 0xFF, 0xE7,
    0xFF, 0xDF, 0xFF, 0x7E, 0x7C, 0xF0, 0xF7, 0xC3, 0xDF, 0x0F, 0x7C, 0x7D, 0xF7, 0xF7, 0xFF, 0x9E,
    0xFE, 0xFB, 0xE0, 0xFF, 0xFF, 0xFF, 0x3C, 0xF3, 0xCF, 0x3C, 0xF3, 0xCF, 0x3C, 0xF3, 0xCF, 0x3C,
    0x7C, 0xFD, 0xFB, 0xF1, 0xE3, 0xC7, 0x8F, 0x1F, 0xFF, 0xFF, 0xFF, 0xE0, 0x7F, 0xE7, 0xFF, 0xBF,
    0xFE, 0xFF, 0xF7, 0xCF, 0xBC, 0x3D, 0xE1, 0xEF, 0x0F, 0x7C, 0xFB, 0xFF, 0xDF, 0xFC, 0x7F, 0xE1,
    0xFC, 0x00, 0x00, 0x0F, 0x9F, 0xF9, 0xF7, 0x9F, 0x79, 0xF7, 0x9F, 0x7D, 0xF7, 0xDF, 0x7D, 0xE3,
    0xFE, 0x3F, 0xEF, 0xFC, 0xFF, 0x8F, 0xE0, 0xE0, 0x00, 0x3F, 0x87, 0xFE, 0xFF, 0xEF, 0xFF, 0xF1,
    0xFF, 0x8F, 0xFC, 0xF7, 0xCF, 0x3C, 0xF0, 0x0F, 0x00, 0xF0, 0x0F, 0x00, 0xF0, 0x0F, 0x00, 0xF0,
    0x0F, 0x00, 0xF0, 0x3F, 0x87, 0xFE, 0xFF, 0xEF, 0xFF, 0xF1, 0xFF, 0x8F, 0xFC, 0xF7, 0xCF, 0x3D,
    0xFF, 0xFF, 0xFF, 0xEF, 0xFC, 0xFF, 0x80, 0xF8, 0xF7, 0xC7, 0x9F, 0x7C, 0xFB, 0xE3, 0xDF, 0x1F,
    0xF8, 0xFF, 0x83, 0xFC, 0x1F, 0xC0, 0xF8, 0x07, 0xC0, 0x1E, 0x00, 0xF8, 0x07, 0xC0, 0x3E, 0x00,
    0xF0, 0x07, 0xC0, 0xFC, 0xF3, 0xE7, 0x8F, 0xBC, 0x7F, 0xE1, 0xFF, 0x0F, 0xF0, 0x3F, 0x80, 0xF8,
    0x07, 0xC3, 0xFF, 0x1F, 0xFC, 0xFF, 0xE7, 0xFE, 0x00, 0x7F, 0xFB, 0xFF, 0xEF, 0xFF, 0x9F, 0xFE,
    0x00, 0xF8, 0x03, 0xC7, 0x9F, 0x1E, 0x7C, 0x79, 0xF1, 0xE7, 0x87, 0xBE, 0x1E, 0xF8, 0x7B, 0xE1,
    0xE0, 0x07, 0x80, 0x1E, 0x00, 0x78, 0x00, 0x7F, 0x1F, 0xEF, 0xFD, 0xFF, 0x03, 0xC0, 0xF0, 0x3C,
    0x0F, 0x03, 0xC0, 0xF0, 0x3C, 0x0F, 0x03, 0xC0, 0xF7, 0xBF, 0xDE, 0xFF, 0x7B, 0xFD, 0xEF, 0xFF,
    0xBF, 0xFE, 0xFF, 0xF3, 0xFF, 0x9F, 0xF8, 0x7F, 0xFF, 0xF7, 0xFF, 0x8F, 0xFC, 0x1F, 0xE0, 0x7F,
    0xF1, 0xFF, 0xE7, 0xFF, 0xDF, 0xFF, 0x1E, 0x3C, 0x78, 0xF1, 0xE3, 0xC7, 0x8F, 0x1E, 0x3D, 0xF8,
    0xF7, 0xE3, 0xDF, 0x8F, 0x7C, 0x3C, 0x00, 0x00, 0x01, 0xC0, 0x03, 0xC0, 0x03, 0xE0, 0x07, 0xE0,
    0x07, 0xE0, 0x0D, 0xF0, 0x0C, 0xF0, 0x0C, 0xF0, 0x1F, 0xF8, 0x18, 0x78, 0x38, 0x78, 0x30, 0x7C,
    0x70, 0x7C, 0xFC, 0xFF, 0x00, 0x00, 0x07, 0x80, 0x07, 0x80, 0x07, 0x80, 0x3E, 0x3F, 0x3B, 0x91,
    0xC3, 0xE7, 0xF3, 0xB9, 0xFF, 0xFF, 0x00, 0x0E, 0x07, 0x03, 0x80, 0x03, 0xE0, 0x01, 0xF0, 0x00,
    0x30, 0x00, 0x18, 0x00, 0x0E, 0x00, 0x0F, 0x00, 0x0F, 0x80, 0x07, 0xE0, 0x03, 0xF0, 0x03, 0x78,
    0x01, 0x9E, 0x00, 0xCF, 0x00, 0xFF, 0x80, 0x61, 0xE0, 0x70, 0xF0, 0x30, 0x78, 0x38, 0x3E, 0x3F,
    0x3F, 0x80, 0x3C, 0x1E, 0x0F, 0x03, 0x00, 0x80, 0x00, 0xF8, 0xFC, 0xEE, 0x47, 0x0F, 0x9F, 0xCE,
    0xE7, 0xFF, 0xFC, 0x00, 0x06, 0x00, 0x07, 0x80, 0x77, 0x00, 0x7E, 0x00, 0x7F, 0x00, 0x07, 0x00,
    0x07, 0x80, 0x07, 0xC0, 0x03, 0xF0, 0x01, 0xF8, 0x01, 0xBC, 0x00, 0xCF, 0x00, 0x67, 0x80, 0x7F,
    0xC0, 0x30, 0xF0, 0x38, 0x78, 0x18, 0x3C, 0x1C, 0x1F, 0x1F, 0x9F, 0xC0, 0x03, 0x81, 0xC0, 0xC1,
    0xC1, 0xC1, 0xF0, 0xCC, 0x40, 0x3E, 0x3F, 0x3B, 0x91, 0xC3, 0xE7, 0xF3, 0xB9, 0xFF, 0xFF, 0x00,
    0x18, 0x00, 0x1E, 0x00, 0x07, 0xF0, 0x00, 0x7E, 0x00, 0x7F, 0x00, 0x07, 0x00, 0x07, 0x80, 0x07,
    0xC0, 0x03, 0xF0, 0x01, 0xF8, 0x01, 0xBC, 0x00, 0xCF, 0x00, 0x67, 0x80, 0x7F, 0xC0, 0x30, 0xF0,
    0x38, 0x78, 0x18, 0x3C, 0x1C, 0x1F, 0x1F, 0x9F, 0xC0, 0x60, 0x18, 0x03, 0x00, 0xF0, 0x0E, 0x07,
    0xC1, 0x30, 0x04, 0x1F, 0x0F, 0xC7, 0x71, 0x1C, 0x1F, 0x1F, 0xC7, 0x71, 0xFF, 0x7F, 0x80, 0x00,
    0x3C, 0x00, 0x7C, 0x01, 0xFC, 0x03, 0xF8, 0x07, 0xF0, 0x01, 0xC0, 0x03, 0xC0, 0x03, 0xE0, 0x07,
    0xE0, 0x07, 0xE0, 0x06, 0xE0, 0x0C, 0xF0, 0x0C, 0xF0, 0x1F, 0xF0, 0x18, 0x78, 0x18, 0x78, 0x30,
    0x78, 0x78, 0x7C, 0xFC, 0xFF, 0x0F, 0x87, 0xC6, 0xC7, 0x83, 0xE3, 0x31, 0x08, 0x7C, 0x7E, 0x77,
    0x23, 0x87, 0xCF, 0xE7, 0x73, 0xFF, 0xFE, 0x03, 0xF8, 0x01, 0xF8, 0x00, 0xB0, 0x00, 0x3C, 0x00,
    0x3F, 0x00, 0x31, 0xC0, 0x03, 0x80, 0x03, 0xC0, 0x03, 0xE0, 0x01, 0xF8, 0x00, 0xFC, 0x00, 0xDE,
    0x00, 0x67, 0x80, 0x33, 0xC0, 0x3F, 0xE0, 0x18, 0x78, 0x1C, 0x3C, 0x0C, 0x1E, 0x0E, 0x0F, 0x8F,
    0xCF, 0xE0, 0x01, 0x1F, 0x9F, 0x8C, 0x01, 0x81, 0xE0, 0xF8, 0xC4, 0x3E, 0x3F, 0x3B, 0x91, 0xC3,
    0xE7, 0xF3, 0xB9, 0xFF, 0xFF, 0x00, 0x01, 0xC0, 0x03, 0xE0, 0x07, 0xF0, 0x04, 0x00, 0x01, 0xC0,
    0x03, 0xC0, 0x03, 0xE0, 0x07, 0xE0, 0x07, 0xE0, 0x0D, 0xF0, 0x0C, 0xF0, 0x0C, 0xF0, 0x1F, 0xF8,
    0x18, 0x78, 0x38, 0x78, 0x30, 0x7C, 0x70, 0x7C, 0xFC, 0xFF, 0x00, 0x00, 0x07, 0x80, 0x07, 0x80,
    0x07, 0x80, 0x18, 0x1C, 0x0F, 0x0C, 0xC4, 0x61, 0xF1, 0xF9, 0xDC, 0x8E, 0x1F, 0x3F, 0x9D, 0xCF,
    0xFF, 0xF8, 0x00, 0x70, 0x38, 0x1C, 0x00, 0x00, 0x60, 0x00, 0xF0, 0x05, 0xE0, 0x06, 0x60, 0x07,
    0xE0, 0x03, 0xC0, 0x01, 0xC0, 0x03, 0xC0, 0x03, 0xC0, 0x07, 0xE0, 0x07, 0xE0, 0x0C, 0xE0, 0x0C,
    0xF0, 0x0C, 0xF0, 0x1F, 0xF0, 0x18, 0x78, 0x38, 0x78, 0x30, 0x78, 0x78, 0x7C, 0xFC, 0xFF, 0x0C,
    0x06, 0x06, 0x0F, 0xC7, 0xE1, 0xE0, 0x00, 0x7C, 0x7E, 0x77, 0x23, 0x87, 0xCF, 0xE7, 0x73, 0xFF,
    0xFE, 0x0E, 0x00, 0x0F, 0x00, 0x07, 0xA0, 0x06, 0x60, 0x07, 0xE0, 0x03, 0xC0, 0x01, 0xC0, 0x03,
    0xC0, 0x03, 0xC0, 0x07, 0xE0, 0x07, 0xE0, 0x0C, 0xE0, 0x0C, 0xF0, 0x0C, 0xF0, 0x1F, 0xF0, 0x18,
    0x78, 0x38, 0x78, 0x30, 0x78, 0x78, 0x7C, 0xFC, 0xFF, 0x30, 0x1C, 0x06, 0x0F, 0xC7, 0xE1, 0xE0,
    0x00, 0x7C, 0x7E, 0x77, 0x23, 0x87, 0xCF, 0xE7, 0x73, 0xFF, 0xFE, 0x07, 0xC0, 0x07, 0xC0, 0x05,
    0xA0, 0x07, 0xE0, 0x07, 0xE0, 0x03, 0xC0, 0x01, 0xC0, 0x03, 0xC0, 0x03, 0xC0, 0x07, 0xE0, 0x07,
    0xE0, 0x0C, 0xE0, 0x0C, 0xF0, 0x0C, 0xF0, 0x1F, 0xF0, 0x18, 0x78, 0x38, 0x78, 0x30, 0x78, 0x78,
    0x7C, 0xFC, 0xFF, 0x3E, 0x0F, 0x80, 0xC0, 0xB8, 0x3E, 0x07, 0x00, 0x00, 0x7C, 0x7F, 0x19, 0xC4,
    0x70, 0x7C, 0x7F, 0x1D, 0xC7, 0xFD, 0xFE, 0x00, 0x30, 0x07, 0xE0, 0x07, 0xE0, 0x04, 0x20, 0x06,
    0x60, 0x07, 0xE0, 0x03, 0xC0, 0x01, 0xC0, 0x03, 0xC0, 0x03, 0xC0, 0x07, 0xE0, 0x07, 0xE0, 0x0C,
    0xE0, 0x0C, 0xF0, 0x0C, 0xF0, 0x1F, 0xF0, 0x18, 0x78, 0x38, 0x78, 0x30, 0x78, 0x78, 0x7C, 0xFC,
    0xFF, 0x1F, 0x8F, 0xC2, 0x00, 0x88, 0x3E, 0x07, 0x00, 0x00, 0x7C, 0x7F, 0x19, 0xC4, 0x70, 0x7C,
    0x7F, 0x1D, 0xC7, 0xFD, 0xFE, 0x04, 0x20, 0x06, 0x60, 0x07, 0xE0, 0x03, 0xC0, 0x01, 0xC0, 0x03,
    0xC0, 0x03, 0xC0, 0x07, 0xE0, 0x07, 0xE0, 0x04, 0xE0, 0x0C, 0xF0, 0x0C, 0xF0, 0x1F, 0xF0, 0x18,
    0x78, 0x18, 0x78, 0x30, 0x78, 0x78, 0x7C, 0xFC, 0xFF, 0x00, 0x00, 0x07, 0x80, 0x07, 0x80, 0x07,
    0x80, 0x22, 0x13, 0x0F, 0x87, 0xC0, 0x01, 0xF1, 0xF9, 0xDC, 0x8E, 0x1F, 0x3F, 0x9D, 0xCF, 0xFF,
    0xF8, 0x00, 0x70, 0x38, 0x1C, 0x00, 0xFF, 0xE7, 0x86, 0x38, 0x23, 0x82, 0x38, 0x03, 0x8C, 0x38,
    0xC3, 0xFC, 0x38, 0xC3, 0x80, 0x38, 0x23, 0x82, 0x78, 0x6F, 0xFE, 0x00, 0x00, 0xF0, 0x0F, 0x00,
    0xF0, 0x3E, 0x3B, 0xBF, 0xDC, 0x0E, 0x07, 0x83, 0xEC, 0xFE, 0x3E, 0x00, 0x07, 0x03, 0x81, 0xC0,
    0x1F, 0x01, 0xF0, 0x06, 0x00, 0x60, 0xFF, 0xE7, 0x86, 0x38, 0x23, 0x82, 0x38, 0x03, 0x8C, 0x38,
    0xC3, 0xFC, 0x38, 0xC3, 0x80, 0x38, 0x23, 0x82, 0x78, 0x6F, 0xFE, 0x1E, 0x1B, 0x03, 0x81, 0x80,
    0x00, 0x00, 0xF8, 0xEE, 0xFF, 0x70, 0x38, 0x1E, 0x0F, 0xB3, 0xF8, 0xF8, 0x00, 0x81, 0xF8, 0x1F,
    0x83, 0x00, 0xFF, 0xE7, 0x86, 0x38, 0x23, 0x82, 0x38, 0x03, 0x8C, 0x38, 0xC3, 0xFC, 0x38, 0xC3,
    0x80, 0x38, 0x23, 0x82, 0x78, 0x6F, 0xFE, 0x01, 0x0F, 0x8F, 0x8C, 0x00, 0x01, 0xF1, 0xDD, 0xFE,
    0xE0, 0x70, 0x3C, 0x1F, 0x67, 0xF1, 0xF0, 0x00, 0x70, 0x07, 0x83, 0xB8, 0x3E, 0x03, 0xB8, 0x7F,
    0xF1, 0xE1, 0x87, 0x0C, 0x38, 0x21, 0xC0, 0x0E, 0x30, 0x71, 0x83, 0xFC, 0x1C, 0x60, 0xE0, 0x07,
    0x04, 0x38, 0x23, 0xC3, 0x3F, 0xF8, 0x01, 0x81, 0xC0, 0xC1, 0xC1, 0xC1, 0xF0, 0xCC, 0x40, 0x3E,
    0x3B, 0xBF, 0xDC, 0x0E, 0x07, 0x83, 0xEC, 0xFE, 0x3E, 0x00, 0x60, 0x07, 0x80, 0x1F, 0xC0, 0x1F,
    0x81, 0xDC, 0x3F, 0xF8, 0xF0, 0xC3, 0x82, 0x1C, 0x10, 0xE0, 0x07, 0x18, 0x38, 0xC1, 0xFE, 0x0E,
    0x30, 0x70, 0x03, 0x82, 0x1C, 0x11, 0xE1, 0x9F, 0xFC, 0xC0, 0x70, 0x18, 0x05, 0x81, 0xC1, 0xF0,
    0xCC, 0x40, 0x3E, 0x3B, 0xBF, 0xDC, 0x0E, 0x07, 0x83, 0xEC, 0xFE, 0x3E, 0x00, 0x01, 0xE0, 0x1F,
    0x0F, 0xE1, 0xFC, 0x3B, 0x8F, 0xFE, 0x78, 0x63, 0x82, 0x38, 0x23, 0x80, 0x38, 0xC3, 0x8C, 0x3F,
    0xC3, 0x8C, 0x38, 0x03, 0x82, 0x38, 0x27, 0x86, 0xFF, 0xE0, 0x07, 0x83, 0xC3, 0xC3, 0x83, 0xE1,
    0xB0, 0x88, 0x7C, 0x77, 0x7F, 0xB8, 0x1C, 0x0F, 0x07, 0xD9, 0xFC, 0x7C, 0x00, 0x81, 0xF8, 0x3F,
    0x02, 0xE0, 0x1F, 0x03, 0xB8, 0xFF, 0xE7, 0x86, 0x38, 0x23, 0x82, 0x38, 0x03, 0x8C, 0x38, 0xC3,
    0xFC, 0x38, 0xC3, 0x80, 0x38, 0x23, 0x82, 0x78, 0x6F, 0xFE, 0x01, 0x0F, 0x8F, 0x84, 0x01, 0xC0,
    0xE0, 0xF8, 0x46, 0x3E, 0x3B, 0xBF, 0xDC, 0x0E, 0x07, 0x83, 0xEC, 0xFE, 0x3E, 0x00, 0x07, 0x00,
    0xF8, 0x1F, 0xC1, 0x00, 0xFF, 0xE7, 0x86, 0x38, 0x23, 0x82, 0x38, 0x03, 0x8C, 0x38, 0xC3, 0xFC,
    0x38, 0xC3, 0x80, 0x38, 0x23, 0x82, 0x78, 0x6F, 0xFE, 0x00, 0x00, 0xF0, 0x0F, 0x00, 0xF0, 0x08,
    0x0E, 0x0F, 0x86, 0xC2, 0x21, 0xF1, 0xDD, 0xFE, 0xE0, 0x70, 0x3C, 0x1F, 0x67, 0xF1, 0xF0, 0x00,
    0x38, 0x1C, 0x0E, 0x00, 0x7C, 0x7C, 0x38, 0x10, 0xFE, 0x78, 0x38, 0x38, 0x38, 0x38, 0x38, 0x38,
    0x38, 0x38, 0x38, 0x38, 0x7C, 0xFE, 0x78, 0xF9, 0x71, 0xC1, 0x00, 0x06, 0x3C, 0x78, 0x70, 0xE1,
    0xC3, 0x87, 0x3F, 0x00, 0xFE, 0xF0, 0xE1, 0xC3, 0x87, 0x0E, 0x1C, 0x38, 0x70, 0xE1, 0xC7, 0x9F,
    0xC0, 0x1C, 0x38, 0x70, 0x38, 0x70, 0xE0, 0x00, 0x03, 0x1E, 0x3C, 0x38, 0x70, 0xE1, 0xC3, 0x8F,
    0xC0, 0x00, 0x38, 0x70, 0xE0, 0x1F, 0xC1, 0xCF, 0x1C, 0x3D, 0xE0, 0xFE, 0x07, 0xF0, 0x3F, 0x80,
    0xFC, 0x07, 0xE0, 0x3F, 0x83, 0xFC, 0x1C, 0xF0, 0xE3, 0xCE, 0x0F, 0xE0, 0x00, 0x00, 0xF0, 0x07,
    0x80, 0x3C, 0x00, 0x3F, 0x1D, 0xEE, 0x3F, 0x87, 0xE1, 0xF8, 0x7F, 0x3D, 0xCE, 0x3F, 0x00, 0x01,
    0xC0, 0x70, 0x1C, 0x00, 0x07, 0x80, 0x1F, 0x00, 0x38, 0x00, 0x40, 0x1F, 0xE0, 0xE3, 0xC7, 0x07,
    0xBC, 0x0E, 0xE0, 0x3F, 0x80, 0xFE, 0x01, 0xF8, 0x07, 0xF0, 0x1F, 0xC0, 0xFF, 0x03, 0x9E, 0x0E,
    0x3C, 0xF0, 0x7F, 0x00, 0x1E, 0x0F, 0xC1, 0xE0, 0x30, 0x04, 0x00, 0x03, 0xF1, 0xDE, 0xE3, 0xF8,
    0x7E, 0x1F, 0x87, 0xF3, 0xDC, 0xE3, 0xF0, 0x00, 0x38, 0x0D, 0xE0, 0x7C, 0x03, 0xF0, 0x18, 0x60,
    0x7F, 0x83, 0x8F, 0x1C, 0x1E, 0xF0, 0x3B, 0x80, 0xFE, 0x03, 0xF8, 0x07, 0xE0, 0x1F, 0xC0, 0x7F,
    0x03, 0xFC, 0x0E, 0x78, 0x38, 0xF3, 0xC1, 0xFC, 0x00, 0x01, 0xC0, 0x60, 0x18, 0x3C, 0x1C, 0x0F,
    0x83, 0x30, 0x80, 0x3F, 0x1D, 0xEE, 0x3F, 0x87, 0xE1, 0xF8, 0x7F, 0x3D, 0xCE, 0x3F, 0x00, 0x70,
    0x01, 0xEE, 0x00, 0x7C, 0x03, 0xF8, 0x0C, 0x60, 0x7F, 0x83, 0x8F, 0x1C, 0x1E, 0xF0, 0x3B, 0x80,
    0xFE, 0x03, 0xF8, 0x07, 0xE0, 0x1F, 0xC0, 0x7F, 0x03, 0xFC, 0x0E, 0x78, 0x38, 0xF3, 0xC1, 0xFC,
    0x00, 0xE0, 0x38, 0x06, 0x00, 0xB0, 0x1C, 0x0F, 0x83, 0x30, 0x80, 0x3F, 0x1D, 0xEE, 0x3F, 0x87,
    0xE1, 0xF8, 0x7F, 0x3D, 0xCE, 0x3F, 0x00, 0x00, 0xF8, 0x0F, 0xE0, 0x7F, 0x03, 0xF0, 0x08, 0x60,
    0x7F, 0x83, 0x8F, 0x1C, 0x1E, 0xF0, 0x3B, 0x80, 0xFE, 0x03, 0xF8, 0x07, 0xE0, 0x1F, 0xC0, 0x7F,
    0x03, 0xFC, 0x0E, 0x78, 0x38, 0xF3, 0xC1, 0xFC, 0x00, 0x07, 0xC1, 0xF0, 0xD8, 0x70, 0x3E, 0x0C,
    0xC2, 0x30, 0xFC, 0x77, 0xB8, 0xFE, 0x1F, 0x87, 0xE1, 0xFC, 0xF7, 0x38, 0xFC, 0x07, 0xE0, 0x3F,
    0x00, 0xB8, 0x01, 0xE0, 0x0F, 0xC0, 0x31, 0x81, 0xFE, 0x0E, 0x3C, 0x70, 0x7B, 0xC0, 0xEE, 0x03,
    0xF8, 0x0F, 0xE0, 0x1F, 0x80, 0x7F, 0x01, 0xFC, 0x0F, 0xF0, 0x39, 0xE0, 0xE3, 0xCF, 0x07, 0xF0,
    0x01, 0x07, 0x43, 0xE0, 0x80, 0x1C, 0x07, 0x83, 0xE0, 0x8C, 0x3F, 0x1D, 0xEE, 0x3F, 0x87, 0xE1,
    0xF8, 0x7F, 0x3D, 0xCE, 0x3F, 0x00, 0x07, 0x00, 0x7C, 0x07, 0xF0, 0x20, 0x81, 0xFC, 0x1C, 0xF1,
    0xC3, 0xDE, 0x0F, 0xE0, 0x7F, 0x03, 0xF8, 0x0F, 0xC0, 0x7E, 0x03, 0xF8, 0x3F, 0xC1, 0xCF, 0x0E,
    0x3C, 0xE0, 0xFE, 0x00, 0x00, 0x0F, 0x00, 0x78, 0x03, 0xC0, 0x0C, 0x03, 0x81, 0xE0, 0x6C, 0x11,
    0x0F, 0xC7, 0x7B, 0x8F, 0xE1, 0xF8, 0x7E, 0x1F, 0xCF, 0x73, 0x8F, 0xC0, 0x00, 0x70, 0x1C, 0x07,
    0x00, 0x00, 0xC0, 0x01, 0xC0, 0x03, 0x83, 0x06, 0x07, 0x0F, 0xE7, 0x38, 0xFF, 0x70, 0x7E, 0x70,
    0x38, 0xE0, 0x3C, 0xE0, 0x3C, 0xE0, 0x1C, 0xE0, 0x1C, 0xF0, 0x1C, 0xF0, 0x3C, 0xF0, 0x38, 0x78,
    0x38, 0x3C, 0xF0, 0x1F, 0xC0, 0x07, 0x00, 0xE0, 0x39, 0x86, 0x70, 0x8E, 0x7E, 0xDD, 0xFF, 0x1E,
    0xE3, 0xDC, 0x3B, 0x87, 0x79, 0xE7, 0x38, 0x7E, 0x00, 0x1C, 0x00, 0x1E, 0x00, 0x0E, 0x03, 0x03,
    0x07, 0x0F, 0xE7, 0x38, 0xFF, 0x70, 0x7E, 0x70, 0x38, 0xE0, 0x3C, 0xE0, 0x3C, 0xE0, 0x1C, 0xE0,
    0x1C, 0xF0, 0x1C, 0xF0, 0x3C, 0xF0, 0x38, 0x78, 0x38, 0x3C, 0xF0, 0x1F, 0xC0, 0x70, 0x07, 0x00,
    0xE1, 0x8C, 0x70, 0x8E, 0x7E, 0xDD, 0xFF, 0x1E, 0xE3, 0xDC, 0x3B, 0x87, 0x79, 0xE7, 0x38, 0x7E,
    0x00, 0x07, 0x80, 0x0F, 0x80, 0x03, 0x83, 0x03, 0x07, 0x0F, 0xE7, 0x38, 0xFF, 0x70, 0x7E, 0x70,
    0x38, 0xE0, 0x3C, 0xE0, 0x3C, 0xE0, 0x1C, 0xE0, 0x1C, 0xF0, 0x1C, 0xF0, 0x3C, 0xF0, 0x38, 0x78,
    0x38, 0x3C, 0xF0, 0x1F, 0xC0, 0x1E, 0x06, 0xE0, 0x38, 0x06, 0x70, 0x4E, 0x00, 0xCF, 0xDB, 0xBF,
    0xE3, 0xDC, 0x7B, 0x87, 0x70, 0xEF, 0x3C, 0xE7, 0x0F, 0xC0, 0x00, 0x60, 0x0F, 0xC0, 0x1F, 0xC2,
    0x10, 0x07, 0x0F, 0xE7, 0x38, 0xFF, 0x70, 0x7E, 0x70, 0x38, 0xE0, 0x3C, 0xE0, 0x3C, 0xE0, 0x1C,
    0xE0, 0x1C, 0xF0, 0x1C, 0xF0, 0x3C, 0xF0, 0x38, 0x78, 0x38, 0x3C, 0xF0, 0x1F, 0xC0, 0x01, 0x03,
    0xE0, 0xFB, 0xB0, 0x70, 0x06, 0x7E, 0xDD, 0xF7, 0x1E, 0xE3, 0xDC, 0x3B, 0x87, 0x79, 0xE7, 0x38,
    0x7E, 0x00, 0x00, 0x03, 0x00, 0x07, 0x0F, 0xE7, 0x38, 0xFF, 0x70, 0x7E, 0x70, 0x38, 0xE0, 0x3C,
    0xE0, 0x3C, 0xE0, 0x1C, 0xE0, 0x1C, 0xF0, 0x1C, 0xF0, 0x3C, 0xF0, 0x38, 0x78, 0x38, 0x3C, 0xF0,
    0x1F, 0xC0, 0x00, 0x00, 0x07, 0x80, 0x07, 0x80, 0x07, 0x80, 0x00, 0x60, 0x1C, 0x03, 0x9F, 0xB7,
    0x7F, 0xC7, 0xB8, 0xF7, 0x0E, 0xE1, 0xDE, 0x79, 0xCE, 0x1F, 0x80, 0x00, 0x38, 0x07, 0x00, 0xE0,
    0xFE, 0x3F, 0x7C, 0x0E, 0x38, 0x0C, 0x38, 0x0C, 0x38, 0x0C, 0x38, 0x0C, 0x38, 0x0C, 0x38, 0x0C,
    0x38, 0x0C, 0x38, 0x0C, 0x3C, 0x0C, 0x3E, 0x38, 0x1F, 0xF8, 0x0F, 0xE0, 0x00, 0x00, 0x03, 0xC0,
    0x03, 0xC0, 0x03, 0xC0, 0x7B, 0xE3, 0xCF, 0x0E, 0x38, 0x71, 0xC3, 0x8E, 0x1C, 0x70, 0xF7, 0x87,
    0xFF, 0x1F, 0xE0, 0x00, 0x01, 0xC0, 0x0E, 0x00, 0x70, 0x00, 0x03, 0xE0, 0x03, 0xE0, 0x00, 0xC0,
    0x00, 0x80, 0xFE, 0x3F, 0x7C, 0x0E, 0x38, 0x0C, 0x38, 0x0C, 0x38, 0x0C, 0x38, 0x0C, 0x38, 0x0C,
    0x38, 0x0C, 0x38, 0x0C, 0x38, 0x0C, 0x3C, 0x0C, 0x3E, 0x38, 0x1F, 0xF8, 0x0F, 0xE0, 0x0F, 0x80,
    0x7C, 0x00, 0xE0, 0x06, 0x00, 0x20, 0x00, 0x01, 0xEF, 0x8F, 0x3C, 0x38, 0xE1, 0xC7, 0x0E, 0x38,
    0x71, 0xC3, 0xDE, 0x1F, 0xFC, 0x7F, 0x80, 0x00, 0x70, 0x00, 0x79, 0xC0, 0x38, 0xE0, 0x30, 0x3F,
    0xE3, 0xF3, 0xE0, 0xE0, 0xE0, 0x60, 0x70, 0x30, 0x38, 0x18, 0x1C, 0x0C, 0x0E, 0x06, 0x07, 0x03,
    0x03, 0x81, 0x81, 0xC0, 0xC0, 0xF0, 0x60, 0x7C, 0x70, 0x1F, 0xF0, 0x07, 0xF0, 0x00, 0x01, 0xC0,
    0x0C, 0x00, 0xEE, 0x06, 0x70, 0x21, 0xBD, 0xF9, 0xE7, 0x87, 0x1C, 0x38, 0xE1, 0xC7, 0x0E, 0x38,
    0x7B, 0xC3, 0xFF, 0x8F, 0xF0, 0x06, 0x00, 0x03, 0x81, 0xC0, 0xE0, 0xE0, 0x18, 0x3F, 0xE3, 0xF3,
    0xE0, 0xE0, 0xE0, 0x60, 0x70, 0x30, 0x38, 0x18, 0x1C, 0x0C, 0x0E, 0x06, 0x07, 0x03, 0x03, 0x81,
    0x81, 0xC0, 0xC0, 0xF0, 0x60, 0x7C, 0x70, 0x1F, 0xF0, 0x07, 0xF0, 0x00, 0x1C, 0x00, 0xE0, 0x03,
    0x8E, 0x0C, 0x70, 0x21, 0xBD, 0xF9, 0xE7, 0x87, 0x1C, 0x38, 0xE1, 0xC7, 0x0E, 0x38, 0x7B, 0xC3,
    0xFF, 0x8F, 0xF0, 0x03, 0xC0, 0x01, 0xF1, 0xC0, 0x70, 0xE0, 0x10, 0x3F, 0xE3, 0xF3, 0xE0, 0xE0,
    0xE0, 0x60, 0x70, 0x30, 0x38, 0x18, 0x1C, 0x0C, 0x0E, 0x06, 0x07, 0x03, 0x03, 0x81, 0x81, 0xC0,
    0xC0, 0xF0, 0x60, 0x7C, 0x60, 0x1F, 0xF0, 0x07, 0xF0, 0x00, 0x0F, 0x80, 0x7C, 0x00, 0xE6, 0x06,
    0x70, 0x21, 0x80, 0x0D, 0xEF, 0xCF, 0x3C, 0x38, 0xE1, 0xC7, 0x0E, 0x38, 0x71, 0xC3, 0xDE, 0x1F,
    0xFC, 0x7F, 0x80, 0x00, 0x30, 0x01, 0xF1, 0xC1, 0xF8, 0xE0, 0x80, 0x3F, 0xE3, 0xF3, 0xE0, 0xE0,
    0xE0, 0x60, 0x70, 0x30, 0x38, 0x18, 0x1C, 0x0C, 0x0E, 0x06, 0x07, 0x03, 0x03, 0x81, 0x81, 0xC0,
    0xC0, 0xF0, 0x60, 0x7C, 0x70, 0x1F, 0xF0, 0x07, 0xF0, 0x00, 0x00, 0x40, 0x7E, 0xC3, 0xEE, 0x30,
    0x30, 0x01, 0xBD, 0xF9, 0xE7, 0x87, 0x1C, 0x38, 0xE1, 0xC7, 0x0E, 0x38, 0x7B, 0xC3, 0xFF, 0x8F,
    0xF0, 0x00, 0x03, 0x80, 0x01, 0xC0, 0x00, 0x7F, 0xC7, 0xE7, 0xC1, 0xC1, 0xC0, 0xC0, 0xE0, 0x60,
    0x70, 0x30, 0x38, 0x18, 0x1C, 0x0C, 0x0E, 0x06, 0x07, 0x03, 0x03, 0x81, 0x81, 0xE0, 0xC0, 0xF8,
    0xE0, 0x3F, 0xE0, 0x0F, 0xE0, 0x00, 0x00, 0x00, 0xF0, 0x00, 0x78, 0x00, 0x3C, 0x00, 0x00, 0x18,
    0x01, 0xC0, 0x06, 0x00, 0x37, 0xBF, 0x3C, 0xF0, 0xE3, 0x87, 0x1C, 0x38, 0xE1, 0xC7, 0x0F, 0x78,
    0x7F, 0xF1, 0xFE, 0x00, 0x00, 0x1C, 0x00, 0xE0, 0x07, 0x00, 0x07, 0x00, 0x0E, 0x00, 0x0E, 0x00,
    0x06, 0x0F, 0xF7, 0xE7, 0x87, 0x0F, 0x8C, 0x0F, 0x18, 0x0E, 0x60, 0x1E, 0x80, 0x1F, 0x00, 0x3C,
    0x00, 0x38, 0x00, 0x70, 0x00, 0xE0, 0x01, 0xC0, 0x07, 0xC0, 0x1F, 0xC0, 0x0E, 0x01, 0xC0, 0x1C,
    0x01, 0x80, 0x10, 0xFB, 0xCE, 0x71, 0xEC, 0x1D, 0x83, 0xE0, 0x7C, 0x07, 0x80, 0xE0, 0x0C, 0x03,
    0x00, 0x60, 0x1C, 0x0F, 0x01, 0xE0, 0x38, 0x00, 0xFF, 0x7E, 0x78, 0x70, 0xF8, 0xC0, 0xF1, 0x80,
    0xE6, 0x01, 0xE8, 0x01, 0xF0, 0x03, 0xC0, 0x03, 0x80, 0x07, 0x00, 0x0E, 0x00, 0x1C, 0x00, 0x7C,
    0x01, 0xFC, 0x00, 0x00, 0x01, 0xC0, 0x03, 0x80, 0x07, 0x00, 0xFF, 0xCF, 0x30, 0xE6, 0x1E, 0x81,
    0xF0, 0x3C, 0x03, 0x80, 0x70, 0x0C, 0x01, 0x80, 0x20, 0x0D, 0xCF, 0xB9, 0xE7, 0x18, 0x00, 0x03,
    0xE0, 0x0F, 0xC0, 0x07, 0x00, 0x04, 0x0F, 0xF7, 0xE7, 0x87, 0x0F, 0x8C, 0x0F, 0x18, 0x0E, 0x60,
    0x1E, 0x80, 0x1F, 0x00, 0x3C, 0x00, 0x38, 0x00, 0x70, 0x00, 0xE0, 0x01, 0xC0, 0x07, 0xC0, 0x1F,
    0xC0, 0x0F, 0x01, 0xF0, 0x0C, 0x03, 0x00, 0x00, 0x00, 0x1F, 0x79, 0xCE, 0x3D, 0x83, 0xB0, 0x7C,
    0x0F, 0x80, 0xF0, 0x1C, 0x01, 0x80, 0x60, 0x0C, 0x03, 0x81, 0xE0, 0x3C, 0x07, 0x00, 0x00, 0x10,
    0x07, 0xE0, 0x1F, 0x80, 0x20, 0x0F, 0xF7, 0xE7, 0x87, 0x0F, 0x8C, 0x0F, 0x18, 0x0E, 0x60, 0x1E,
    0x80, 0x1F, 0x00, 0x3C, 0x00, 0x38, 0x00, 0x70, 0x00, 0xE0, 0x01, 0xC0, 0x07, 0xC0, 0x1F, 0xC0,
    0x00, 0x41, 0xF8, 0x7E, 0x08, 0x00, 0x00, 0xFB, 0xCE, 0x71, 0xEC, 0x1D, 0x83, 0xE0, 0x7C, 0x07,
    0x80, 0xE0, 0x0C, 0x03, 0x00, 0x60, 0x1C, 0x0F, 0x01, 0xE0, 0x38, 0x00, 0x3F, 0xFF, 0x00, 0x3F,
    0xFF, 0x00, 0xFF, 0xFC, 0x7F, 0xF8, 0xFF, 0xFF, 0xF0, 0xFF, 0xFF, 0xFF, 0xFF, 0xFF, 0xFC, 0xCF,
    0xFF, 0xFF, 0xFF, 0xFF, 0xFF, 0xFF, 0xFF, 0xFF, 0xFF, 0xFF, 0xFF, 0xFF, 0xFF, 0xFF, 0xCC, 0x7F,
    0x31, 0xEF, 0x78, 0x7B, 0xDE, 0x33, 0xF8, 0x7B, 0xDE, 0x33, 0xF8, 0x77, 0xF7, 0x33, 0x1F, 0xEF,
    0xF7, 0xF8, 0x7F, 0xBF, 0xDF, 0xE3, 0x33, 0xBF, 0xB8, 0x7F, 0xBF, 0xDF, 0xE3, 0x33, 0xBF, 0xB8,
    0x0C, 0x06, 0x03, 0x01, 0x8E, 0xBF, 0xFC, 0x70, 0x3C, 0x1C, 0x0E, 0x07, 0x03, 0x81, 0xC0, 0x40,
    0x20, 0x10, 0x08, 0x00, 0x18, 0x0C, 0x06, 0x01, 0x0E, 0xBF, 0xFC, 0x60, 0x38, 0x18, 0x0C, 0x07,
    0x03, 0x0F, 0xFF, 0x5C, 0x60, 0x30, 0x18, 0x0C, 0x00, 0x7B, 0xFF, 0xFF, 0xFD, 0xE0, 0xFF, 0x80,
    0xE3, 0xF1, 0xF8, 0xE0, 0xE7, 0x3F, 0x39, 0xF9, 0xCE, 0xFD, 0x00, 0x00, 0x30, 0x03, 0xC3, 0x00,
    0x3F, 0x38, 0x01, 0xB9, 0x80, 0x0C, 0xD8, 0x00, 0x76, 0xC0, 0x03, 0xFD, 0xC0, 0x0F, 0xFF, 0x3C,
    0x06, 0xDB, 0xF0, 0x66, 0xD9, 0x87, 0x36, 0xCC, 0x31, 0xB7, 0x63, 0x0F, 0xBF, 0x18, 0x38, 0xF0,
    0x7F, 0x69, 0x00, 0x6F, 0xFD, 0xB6, 0x92, 0x40, 0x7F, 0xFD, 0xF6, 0xDB, 0xEB, 0x64, 0xA0, 0xDF,
    0xB6, 0x40, 0xDB, 0xFF, 0xDB, 0x6C, 0x90, 0xDB, 0x7F, 0xFF, 0xED, 0xB6, 0xD9, 0x24, 0x0C, 0x73,
    0x9C, 0xE3, 0xC3, 0x87, 0x0C, 0x40, 0xC0, 0xE0, 0xE1, 0xE3, 0xCE, 0x30, 0x40, 0xE7, 0xE7, 0xE7,
    0xE7, 0xE7, 0xE7, 0xE7, 0xE7, 0xC6, 0x42, 0x00, 0xE7, 0xE7, 0xE7, 0x71, 0xF1, 0xF3, 0xF7, 0x6F,
    0xDF, 0xBE, 0x70, 0xC0, 0x03, 0x87, 0x0E, 0x00, 0x7F, 0xE0, 0x00, 0x60, 0x18, 0x07, 0x00, 0xC0,
    0x30, 0x0E, 0x01, 0x80, 0x60, 0x1C, 0x03, 0x00, 0xC0, 0x18, 0x06, 0x01, 0x80, 0x00, 0xF1, 0xE7,
    0xDF, 0x9F, 0x7E, 0x0C, 0x30, 0xE1, 0x8F, 0x3D, 0xFB, 0xEF, 0xBE, 0x71, 0xC3, 0x04, 0x00, 0x00,
    0xE3, 0x87, 0x1C, 0x38, 0xE0, 0xF0, 0xFF, 0x9D, 0xF3, 0x83, 0x70, 0xEE, 0x3D, 0xDF, 0xBB, 0xE7,
    0x70, 0xCC, 0x18, 0x00, 0x38, 0x77, 0x0E, 0xE1, 0xC0, 0xEF, 0x3B, 0xEE, 0x7F, 0x83, 0xE0, 0xF8,
    0xFE, 0x7F, 0x9E, 0xC7, 0x31, 0x80, 0x03, 0x9C, 0xE7, 0x39, 0xC0, 0xFF, 0xC2, 0xFF, 0x03, 0xFC,
    0x1F, 0xF0, 0xFF, 0x87, 0xFC, 0x3F, 0xE1, 0xFF, 0x0F, 0xF8, 0x7F, 0x83, 0xF8, 0x1F, 0x80, 0x80,
    0x04, 0x00, 0x24, 0x01, 0x78, 0x0B, 0xC0, 0x42, 0x03, 0x30, 0x0F, 0x00, 0x10, 0x1E, 0xFE, 0x7C,
    0x7F, 0x7E, 0x18, 0x6D, 0xFF, 0xFF, 0xDB, 0x6D, 0xBE, 0x92, 0xC9, 0x2C, 0x7B, 0xFF, 0xFF, 0xFF,
    0xF7, 0x80, 0x63, 0x98, 0x0F, 0x79, 0xCE, 0x77, 0xC0, 0x04, 0x0C, 0x1C, 0x3C, 0x6C, 0xFE, 0x0C,
    0x0C, 0xFB, 0xEF, 0x3F, 0x3C, 0xEF, 0x00, 0x00, 0xE7, 0x3E, 0xFF, 0xFF, 0xFE, 0xFD, 0xFA, 0x20,
    0xC3, 0x04, 0x18, 0x00, 0x7D, 0xDB, 0xF3, 0xED, 0xFD, 0xFF, 0x00, 0x3C, 0xFD, 0xFB, 0xF1, 0xE7,
    0x3C, 0x00, 0x08, 0x18, 0x18, 0x7F, 0x18, 0x18, 0x18, 0xFF, 0x7F, 0x00, 0x00, 0x7F, 0x37, 0x6E,
    0xCC, 0xCC, 0xE6, 0x63, 0x8C, 0x67, 0x73, 0x37, 0x76, 0xEC, 0x00, 0x7F, 0x3F, 0xCE, 0xE7, 0x73,
    0xBB, 0xFC, 0x7B, 0xFF, 0xFF, 0xFF, 0xF7, 0x80, 0x39, 0xE3, 0x8E, 0x38, 0xE7, 0x80, 0x3C, 0x4E,
    0x0E, 0x1C, 0x38, 0x7E, 0x7E, 0x7A, 0x63, 0x9E, 0x1E, 0xEF, 0x00, 0x00, 0x0C, 0x1C, 0x3C, 0x6C,
    0xFE, 0x0C, 0x0C, 0xFB, 0xEF, 0x3F, 0x3C, 0xEF, 0x00, 0x1D, 0xCF, 0xBF, 0xFF, 0xFF, 0x80, 0xFD,
    0xFA, 0x20, 0xC3, 0x04, 0x18, 0x00, 0x7D, 0x9B, 0xF3, 0xED, 0xFD, 0xFF, 0x00, 0x3C, 0xFD, 0xFB,
    0xF1, 0xE7, 0x3C, 0x00, 0x08, 0x18, 0x18, 0x7F, 0x18, 0x18, 0x18, 0xFF, 0x7F, 0x00, 0x00, 0x7F,
    0x37, 0x6E, 0xCC, 0xCC, 0xCE, 0x67, 0x30, 0x8C, 0x66, 0x73, 0x33, 0x77, 0x6E, 0xC0, 0x39, 0xF3,
    0x71, 0xEF, 0xDF, 0xBF, 0x80, 0x7B, 0xBF, 0xF8, 0xE7, 0xF7, 0x80, 0x7D, 0xDF, 0xBF, 0x7E, 0xFD,
    0xDF, 0x00, 0xFF, 0x7E, 0x3C, 0x3C, 0x7E, 0xFF, 0x00, 0x79, 0xF0, 0xDF, 0x7D, 0xE0, 0xF0, 0x78,
    0x1C, 0x0E, 0x07, 0xE3, 0xF9, 0xDC, 0xEE, 0x77, 0x7F, 0x80, 0xF0, 0x78, 0x1C, 0x0E, 0x07, 0xF3,
    0xE1, 0xF0, 0xF8, 0x7E, 0x7F, 0xC0, 0x07, 0xBC, 0xE7, 0x39, 0xCE, 0x73, 0xBC, 0x00, 0x0F, 0xFE,
    0xFF, 0xE7, 0xEE, 0x7E, 0xE7, 0xEE, 0xFF, 0xF0, 0x00, 0x7F, 0x3F, 0xCE, 0xE7, 0x73, 0xBB, 0xFC,
    0x7F, 0xFF, 0x77, 0x77, 0x77, 0x7E, 0x70, 0x70, 0x70, 0xF8, 0x79, 0xB7, 0x9F, 0xFF, 0x77, 0x80,
    0x73, 0xF7, 0x1C, 0x71, 0xF7, 0xC0, 0x00, 0xD8, 0x0F, 0xC3, 0xFE, 0x3F, 0xF7, 0xB7, 0xB9, 0xB7,
    0xDB, 0x1C, 0xD8, 0xED, 0x87, 0x6C, 0x3F, 0xE1, 0xF6, 0x0F, 0xB0, 0xBF, 0x0C, 0xF9, 0xED, 0xFE,
    0x6C, 0x07, 0xE0, 0x00, 0x7F, 0xF3, 0xC3, 0x1C, 0x31, 0xC1, 0x1C, 0x01, 0xC6, 0x1C, 0x61, 0xFE,
    0x1C, 0x61, 0xC0, 0xFF, 0x81, 0xC0, 0x3C, 0x07, 0xF0, 0x07, 0xE0, 0xFE, 0x0E, 0x61, 0xE4, 0x1E,
    0x07, 0xF8, 0x1C, 0x07, 0xF8, 0x1C, 0x23, 0x83, 0x3C, 0x3F, 0xFB, 0xFF, 0xEC, 0x7C, 0x01, 0x80,
    0x1C, 0x00, 0xC0, 0xFF, 0xEF, 0xFF, 0x3B, 0xB9, 0xDD, 0xCE, 0xEE, 0x77, 0x73, 0xBB, 0x9D, 0xDD,
    0xFF, 0xF0, 0xE0, 0x06, 0x00, 0x30, 0x01, 0x80, 0xFC, 0x1F, 0x8F, 0x81, 0x81, 0xF0, 0x60, 0x7E,
    0x18, 0x1F, 0xC6, 0x05, 0xF9, 0x8F, 0xFF, 0xFC, 0xE7, 0xF8, 0x10, 0xFE, 0x0C, 0x1F, 0x83, 0x03,
    0xE0, 0xC0, 0x78, 0x38, 0x0F, 0x1F, 0x81, 0xC0, 0xFF, 0xC1, 0xE7, 0x83, 0x8F, 0x0E, 0x1C, 0xFF,
    0xFC, 0xE3, 0xC3, 0x8F, 0x0E, 0x38, 0x3F, 0xC0, 0xE0, 0x03, 0x80, 0x0E, 0x00, 0x7C, 0x03, 0xF8,
    0x00, 0xFF, 0xC0, 0x0F, 0x3C, 0x00, 0xE3, 0x80, 0x1C, 0x70, 0x03, 0x8E, 0x00, 0x73, 0xCF, 0x8E,
    0xE3, 0xB1, 0xFC, 0x72, 0x3B, 0xCF, 0x87, 0x3D, 0xF8, 0xE7, 0x8F, 0x1C, 0x7C, 0xF7, 0xC7, 0xDD,
    0xFC, 0x7F, 0x00, 0xFF, 0xFF, 0xFD, 0xF7, 0xD8, 0xC3, 0xCF, 0x62, 0x0F, 0xBF, 0x18, 0x1E, 0x7C,
    0x60, 0x79, 0xE3, 0x07, 0xFF, 0xFF, 0x03, 0xCF, 0x70, 0x07, 0xFF, 0x80, 0x1F, 0xFC, 0x00, 0x3C,
    0xF0, 0x00, 0xF3, 0xC0, 0x03, 0x86, 0x00, 0x06, 0x18, 0x00, 0xFF, 0x9F, 0xFF, 0xBF, 0xFF, 0x7F,
    0x8E, 0xFF, 0x6F, 0xFF, 0xDF, 0xFF, 0xBF, 0xFF, 0x7F, 0xFE, 0xFF, 0xFC, 0x7F, 0xFF, 0xFF, 0xFF,
    0xEF, 0xFF, 0x80, 0x00, 0x00, 0xF0, 0x1E, 0x01, 0xC1, 0xFC, 0x07, 0x0F, 0xE3, 0xBC, 0xE3, 0x9C,
    0x73, 0x8E, 0x71, 0xCF, 0x78, 0xFF, 0x80, 0x03, 0xFE, 0x7F, 0xC0, 0x01, 0xFE, 0x03, 0x8F, 0x07,
    0x03, 0x0E, 0x03, 0x1E, 0x00, 0x1F, 0xFC, 0x7C, 0x00, 0x1F, 0xF8, 0x7E, 0x00, 0x1E, 0x00, 0x1E,
    0x03, 0x0F, 0x03, 0x07, 0x8F, 0x01, 0xFE, 0xFE, 0xFE, 0x78, 0x38, 0x38, 0x60, 0x38, 0xC0, 0x39,
    0x80, 0x3B, 0x00, 0xFF, 0xFE, 0x3F, 0xC0, 0x3F, 0xC0, 0x3B, 0xE0, 0x39, 0xF0, 0x38, 0xF8, 0x78,
    0x7C, 0xFE, 0xFF, 0x60, 0x06, 0xFF, 0xFD, 0x8F, 0x3E, 0x1C, 0x30, 0x38, 0x00, 0x77, 0x00, 0xFC,
    0x07, 0xCC, 0x3F, 0xF8, 0x67, 0x80, 0x7E, 0x01, 0xDC, 0x00, 0x38, 0x00, 0xF8, 0x03, 0xF8, 0x00,
    0xFF, 0xC1, 0xE7, 0x83, 0x8F, 0x3F, 0xFF, 0x38, 0x73, 0xFF, 0xF3, 0x8F, 0x0E, 0x38, 0x3F, 0xC0,
    0xE0, 0x03, 0x80, 0x0E, 0x00, 0x7C, 0x03, 0xF8, 0x00, 0x01, 0x00, 0x7F, 0xC3, 0xF7, 0x1E, 0xCC,
    0xF3, 0x13, 0xCC, 0x0E, 0x30, 0x38, 0xC0, 0xE3, 0xFF, 0x8F, 0xEF, 0x37, 0x3C, 0xDC, 0x7B, 0x70,
    0xFF, 0xE0, 0xFE, 0x00, 0xC0, 0x01, 0x00, 0x3F, 0x0E, 0x71, 0x87, 0x21, 0xE0, 0x7D, 0xFF, 0xCF,
    0xE7, 0xFF, 0x7C, 0x0F, 0x09, 0xC1, 0x38, 0x67, 0x9C, 0x3F, 0x00, 0x01, 0x80, 0x7F, 0xC7, 0xCE,
    0xF2, 0x37, 0x30, 0xF9, 0x83, 0x8C, 0x1C, 0x60, 0xE3, 0x07, 0x18, 0x3C, 0xC1, 0xE4, 0x17, 0xE1,
    0x9F, 0x3C, 0x3F, 0xC0, 0xC0, 0x06, 0x00, 0xFF, 0xFA, 0x00, 0x58, 0x07, 0xFF, 0xFE, 0x73, 0x63,
    0x88, 0x1C, 0x00, 0xE0, 0x07, 0x00, 0x38, 0x01, 0xC0, 0x0E, 0x00, 0xF8, 0x0F, 0xE0, 0xFF, 0xFF,
    0xF8, 0x3C, 0x07, 0x8F, 0xFE, 0x1C, 0x3F, 0x03, 0xC0, 0x3C, 0x03, 0xC0, 0x7C, 0x07, 0x80, 0x7C,
    0x07, 0xC0, 0x70, 0xFE, 0x0F, 0x00, 0xE0, 0x1D, 0xC3, 0xF1, 0xF7, 0x0F, 0xC7, 0xC3, 0x38, 0x67,
    0x0C, 0xE1, 0x9C, 0x67, 0xF9, 0xFE, 0x00, 0x07, 0xF0, 0x01, 0xC0, 0x01, 0xC0, 0x0F, 0xE0, 0x1F,
    0xF8, 0x3F, 0xD8, 0x3D, 0xCC, 0x39, 0xCC, 0x39, 0xCC, 0x39, 0xCC, 0x3B, 0xFC, 0x3B, 0xFC, 0x38,
    0x0C, 0x7C, 0x0E, 0xFE, 0x1F, 0xFF, 0xC7, 0x9E, 0x38, 0xF3, 0x87, 0x38, 0x73, 0x87, 0x38, 0xF3,
    0x9E, 0xFF, 0xC3, 0x80, 0x38, 0x0F, 0xFC, 0x78, 0x0F, 0xE0, 0x02, 0x00, 0x00, 0x30, 0x00, 0x03,
    0x00, 0x00, 0x78, 0x00, 0x0F, 0xFF, 0xFF, 0xBF, 0xFF, 0xF8, 0x70, 0x00, 0x01, 0xC0, 0x00, 0x06,
    0x00, 0x00, 0x08, 0x0E, 0x07, 0x07, 0xC7, 0xF7, 0xDE, 0x62, 0x30, 0x18, 0x0C, 0x06, 0x03, 0x01,
    0x80, 0xC0, 0x60, 0x30, 0x18, 0x0C, 0x06, 0x00, 0x00, 0x03, 0x00, 0x00, 0x1C, 0x00, 0x00, 0x70,
    0x00, 0x01, 0xC7, 0xFF, 0xFF, 0xBF, 0xFF, 0xF8, 0x00, 0x07, 0x00, 0x00, 0x30, 0x00, 0x03, 0x00,
    0x08, 0x0C, 0x06, 0x03, 0x01, 0x80, 0xC0, 0x60, 0x30, 0x18, 0x0C, 0x06, 0x03, 0x01, 0x86, 0xCD,
    0xFC, 0x7C, 0x3E, 0x0E, 0x02, 0x00, 0x06, 0x03, 0x00, 0x70, 0x1C, 0x07, 0x00, 0x70, 0xF0, 0x01,
    0xCF, 0xFF, 0xFF, 0xBF, 0xFF, 0xF8, 0x70, 0x07, 0x01, 0xC0, 0x70, 0x06, 0x03, 0x00, 0x08, 0x0E,
    0x0F, 0x07, 0xC7, 0xF6, 0xCC, 0x60, 0x30, 0x18, 0x0C, 0x06, 0x03, 0x09, 0x9F, 0xD9, 0xF8, 0x7C,
    0x1C, 0x0E, 0x02, 0x00, 0xC0, 0x01, 0xFC, 0x03, 0xF8, 0x07, 0x80, 0x07, 0x80, 0x0F, 0x80, 0x13,
    0x80, 0x23, 0x80, 0x03, 0x80, 0x03, 0x80, 0x03, 0x80, 0x03, 0x80, 0x03, 0x80, 0x03, 0x80, 0x03,
    0x80, 0x03, 0x00, 0x0F, 0x00, 0x3F, 0x80, 0x07, 0xC0, 0x03, 0xE0, 0x03, 0xE0, 0x03, 0x90, 0x03,
    0x88, 0x03, 0x80, 0x03, 0x80, 0x03, 0x80, 0x03, 0x80, 0x03, 0x80, 0x03, 0x80, 0x03, 0x80, 0x01,
    0x80, 0x00, 0x80, 0x01, 0x80, 0x03, 0x80, 0x03, 0x80, 0x03, 0x80, 0x03, 0x80, 0x03, 0x80, 0x03,
    0x80, 0x03, 0x80, 0x03, 0x88, 0x03, 0x90, 0x03, 0xE0, 0x03, 0xE0, 0x0F, 0xC0, 0x3F, 0x80, 0x0F,
    0x00, 0x00, 0x00, 0x07, 0x00, 0x0E, 0x00, 0x1C, 0x00, 0x38, 0x00, 0x70, 0x00, 0xE0, 0x01, 0xC0,
    0x03, 0x80, 0x47, 0x00, 0x4E, 0x00, 0x7C, 0x00, 0xF8, 0x00, 0xF8, 0x00, 0xFE, 0x00, 0xF0, 0x00,
    0x00, 0x01, 0x80, 0x00, 0x1C, 0x00, 0x00, 0xC0, 0x04, 0x06, 0x00, 0x60, 0x60, 0x0E, 0x03, 0x00,
    0xE0, 0x30, 0x1F, 0xFF, 0xFF, 0x7F, 0xFF, 0xF0, 0xE0, 0xC0, 0x03, 0x0E, 0x00, 0x0C, 0x60, 0x00,
    0x07, 0x00, 0x00, 0x30, 0x00, 0x01, 0x80, 0x00, 0x00, 0x06, 0x00, 0x00, 0x30, 0x00, 0x03, 0x00,
    0x00, 0x1C, 0x00, 0x01, 0xB8, 0x00, 0x0C, 0xE0, 0x00, 0xE3, 0x8F, 0xFF, 0xFF, 0x7F, 0xFF, 0xF0,
    0x03, 0x0E, 0x00, 0x18, 0xE0, 0x01, 0x86, 0x00, 0x0C, 0x00, 0x00, 0xC0, 0x00, 0x06, 0x00, 0x00,
    0x06, 0x30, 0x00, 0x67, 0x00, 0x0E, 0xF0, 0x01, 0xFF, 0xFF, 0xF7, 0xFF, 0xFF, 0x0E, 0xE0, 0x00,
    0x31, 0x80, 0x00, 0xC6, 0x00, 0x08, 0x0E, 0x0F, 0x87, 0xC7, 0xF6, 0xEC, 0x70, 0x7C, 0x7F, 0x7D,
    0xE6, 0x23, 0x01, 0x80, 0xC0, 0x60, 0x30, 0x18, 0x0C, 0x00, 0x00, 0x23, 0x00, 0x01, 0xCC, 0x00,
    0x07, 0xB8, 0xFF, 0xFF, 0xF7, 0xFF, 0xFF, 0x00, 0x0C, 0xE0, 0x00, 0xC6, 0x00, 0x0C, 0x60, 0x08,
    0x0C, 0x06, 0x03, 0x01, 0x80, 0xC0, 0x61, 0x33, 0xFB, 0x3F, 0x8F, 0x83, 0x8D, 0x9B, 0xF9, 0xF8,
    0x78, 0x1C, 0x0C, 0x00, 0x02, 0x00, 0x00, 0xC0, 0x0C, 0x30, 0x03, 0x1E, 0x00, 0xCF, 0xFF, 0xF0,
    0xFF, 0xFF, 0x07, 0x00, 0x70, 0x70, 0x07, 0x06, 0x00, 0x60, 0x00, 0x03, 0x00, 0x00, 0x30, 0x00,
    0x01, 0x80, 0x04, 0x1C, 0x00, 0xE0, 0xF8, 0x0E, 0x0E, 0xE0, 0xE0, 0x63, 0x9F, 0xFF, 0xFF, 0x7F,
    0xFF, 0xF0, 0xE1, 0x8E, 0x03, 0x98, 0xE0, 0x04, 0xC4, 0x00, 0x0C, 0x00, 0x00, 0x60, 0x00, 0x06,
    0x00, 0x00, 0x00, 0x00, 0x00, 0x60, 0x00, 0x0C, 0x00, 0x01, 0xFF, 0xFF, 0x7F, 0xFF, 0xEF, 0x80,
    0x00, 0x3F, 0xFF, 0xF1, 0xC0, 0x00, 0x06, 0x00, 0x00, 0x20, 0x00, 0x0C, 0x03, 0x01, 0xE0, 0x7C,
    0x3F, 0x1D, 0xE7, 0x6C, 0xD8, 0x36, 0x0D, 0x83, 0x60, 0xD8, 0x36, 0x0D, 0x83, 0x60, 0xD8, 0x36,
    0x0D, 0x83, 0x60, 0x00, 0x04, 0x00, 0x00, 0x70, 0x00, 0x03, 0x87, 0xFF, 0xFC, 0x7F, 0xFF, 0xE0,
    0x00, 0x1F, 0x7F, 0xFF, 0xC0, 0x00, 0x30, 0x00, 0x06, 0x00, 0x12, 0x1B, 0x0D, 0x86, 0xC3, 0x61,
    0xB0, 0xD8, 0x6C, 0x36, 0x1B, 0x0D, 0x86, 0xCF, 0x6B, 0xBD, 0xDC, 0x7C, 0x1E, 0x06, 0x02, 0x00,
    0x00, 0x00, 0x00, 0x30, 0x00, 0x03, 0x80, 0x00, 0x3F, 0xFF, 0xE7, 0x80, 0x00, 0x7F, 0xFF, 0xF8,
    0xE0, 0x00, 0x03, 0xFF, 0xFE, 0x06, 0x00, 0x00, 0x10, 0x00, 0x00, 0x00, 0x02, 0x00, 0x00, 0x18,
    0x1F, 0xFF, 0xF0, 0x00, 0x01, 0xC7, 0xFF, 0xFF, 0x00, 0x00, 0x79, 0xFF, 0xFF, 0x00, 0x00, 0x70,
    0x00, 0x03, 0x00, 0x78, 0x07, 0x80, 0xF0, 0x1E, 0x07, 0x80, 0xF3, 0xFD, 0xCF, 0xF3, 0xF8, 0x7E,
    0x1F, 0xC7, 0xF3, 0x9E, 0xE3, 0xF0, 0x00, 0x20, 0x3F, 0x07, 0xF8, 0x79, 0xE7, 0x0F, 0xB0, 0xDF,
    0x86, 0x78, 0x73, 0xC3, 0x1F, 0x18, 0xF9, 0x8E, 0xEC, 0x67, 0xCF, 0x1F, 0xF0, 0x7E, 0x03, 0x00,
    0x01, 0x80, 0x3C, 0x01, 0xF0, 0x0F, 0x80, 0xFC, 0x06, 0xF0, 0x67, 0x83, 0x3C, 0x38, 0xF1, 0x87,
    0x9C, 0x3C, 0xC0, 0xF7, 0xFF, 0xFF, 0xFC, 0x7F, 0xF7, 0xFF, 0xDE, 0x06, 0xF0, 0x77, 0x83, 0x1E,
    0x18, 0xF1, 0x87, 0x8C, 0x1E, 0xC0, 0xF6, 0x03, 0xB0, 0x1F, 0x00, 0xF8, 0x03, 0x80, 0x18, 0x00,
    0x00, 0x00, 0xFF, 0xFF, 0x7E, 0x3E, 0x3C, 0x1C, 0x3C, 0x1C, 0x3C, 0x1C, 0x3C, 0x1C, 0x3C, 0x1C,
    0x3C, 0x1C, 0x3C, 0x1C, 0x3C, 0x1C, 0x3C, 0x3C, 0x3C, 0x3C, 0x7C, 0x3E, 0xFE, 0x7F, 0xFE, 0x7F,
    0x7E, 0x7E, 0x3C, 0x3C, 0x38, 0x3C, 0x38, 0x1C, 0x38, 0x1C, 0x38, 0x1C, 0x38, 0x1C, 0x38, 0x1C,
    0x38, 0x1C, 0x38, 0x1C, 0x38, 0x3C, 0x7C, 0x3E, 0xFF, 0xFF, 0x00, 0x00, 0x00, 0x03, 0xFF, 0x9F,
    0x1C, 0x78, 0x61, 0xE1, 0x0F, 0x80, 0x3E, 0x00, 0xF0, 0x03, 0xC0, 0x1C, 0x01, 0xC0, 0x1C, 0x21,
    0xC1, 0x8C, 0x18, 0xFF, 0xCF, 0xFE, 0x7F, 0xE0, 0xFF, 0xF3, 0xFF, 0x80, 0x3F, 0xE7, 0xFF, 0x02,
    0x00, 0x60, 0x06, 0x00, 0x60, 0x06, 0x07, 0xFF, 0x7F, 0xE0, 0x60, 0x06, 0x00, 0x60, 0x06, 0x00,
    0x00, 0x03, 0x01, 0x81, 0xC0, 0xC0, 0x60, 0x60, 0x30, 0x30, 0x18, 0x1C, 0x0C, 0x0E, 0x06, 0x03,
    0x03, 0x01, 0x00, 0xC0, 0x60, 0x18, 0x0C, 0x03, 0x01, 0x80, 0x60, 0x30, 0x1C, 0x06, 0x03, 0x80,
    0xC0, 0x60, 0x18, 0x0C, 0x02, 0x03, 0xBC, 0xE2, 0x00, 0x00, 0x78, 0x01, 0xE0, 0x07, 0x80, 0x30,
    0x00, 0xC1, 0xE3, 0x07, 0x8C, 0x1F, 0x60, 0x3D, 0x80, 0xF6, 0x01, 0xD8, 0x07, 0xC0, 0x1F, 0x00,
    0x3C, 0x00, 0xF0, 0x03, 0x80, 0x06, 0x00, 0x3E, 0x3E, 0x7F, 0x7E, 0xFF, 0xE7, 0xC7, 0xC3, 0x83,
    0xC1, 0xC3, 0xE3, 0xE7, 0xF7, 0xFE, 0xFE, 0x7C, 0x7C, 0x7F, 0xFF, 0xFF, 0xFF, 0xFF, 0xFF, 0xFF,
    0xF6, 0x00, 0x0C, 0x0E, 0x07, 0x03, 0xB1, 0xD8, 0xFC, 0x7C, 0x3E, 0x1E, 0x0F, 0x07, 0x03, 0x81,
    0xC1, 0xE0, 0xF0, 0xF8, 0x7C, 0x3E, 0x07, 0x03, 0x80, 0xC0, 0x00, 0x6D, 0xDF, 0xBF, 0x7E, 0xFD,
    0xFB, 0xF7, 0xEF, 0xDF, 0xBF, 0x7E, 0xFD, 0xFB, 0xF7, 0xEF, 0xDF, 0xBF, 0x76, 0xC0, 0x00, 0x1B,
    0x07, 0x70, 0xEE, 0x1D, 0xF3, 0xBE, 0x77, 0x8E, 0xE1, 0xDC, 0x3F, 0x87, 0xF0, 0xFE, 0x1D, 0xC3,
    0xB8, 0xF7, 0x1E, 0xE7, 0xDC, 0x3B, 0x87, 0x70, 0xEE, 0x1D, 0xC1, 0xB0, 0x01, 0xF0, 0x1D, 0x80,
    0xEC, 0x0F, 0x00, 0x78, 0x03, 0xC0, 0x1C, 0x00, 0xE0, 0x07, 0x00, 0x38, 0x01, 0xC0, 0x0E, 0x00,
    0xF0, 0x07, 0x80, 0x3C, 0x19, 0xC0, 0xEE, 0x03, 0xC0, 0x00, 0x6F, 0xFE, 0x00, 0xEF, 0xF6, 0x18,
    0x0F, 0xDD, 0xFF, 0x23, 0xE0, 0x00, 0xC0, 0x38, 0x06, 0x01, 0x81, 0xB0, 0xFD, 0xDF, 0xF2, 0x7E,
    0x1C, 0x03, 0x00, 0xC0, 0x18, 0x00, 0x00, 0x18, 0x0F, 0xCD, 0xFF, 0xA3, 0xE3, 0x82, 0xFD, 0xDF,
    0xF2, 0x3C, 0x00, 0xC0, 0x06, 0x00, 0x60, 0xFF, 0xE7, 0xFE, 0x03, 0x80, 0x18, 0x0F, 0xFE, 0x7F,
    0xE0, 0xC0, 0x06, 0x00, 0x60, 0x00, 0x00, 0x00, 0x07, 0x01, 0xE0, 0xF8, 0x3E, 0x07, 0x00, 0x3C,
    0x00, 0xF8, 0x03, 0xE0, 0x0F, 0x3F, 0xF7, 0xFF, 0x00, 0x07, 0x00, 0x7C, 0x00, 0xF8, 0x03, 0xE0,
    0x0E, 0x03, 0xE0, 0xF0, 0x7C, 0x07, 0x00, 0x7F, 0xEF, 0xFF, 0x00, 0x61, 0x80, 0xE3, 0xC1, 0xE7,
    0x83, 0xCF, 0x07, 0x9E, 0x03, 0x8E, 0x00, 0xF3, 0xC0, 0x1E, 0x7C, 0x03, 0xCF, 0x00, 0x71, 0xC0,
    0x00, 0x00, 0x61, 0x80, 0x3C, 0xF0, 0x0F, 0x9E, 0x01, 0xF3, 0xC0, 0x3E, 0x78, 0x0F, 0x3C, 0x1E,
    0x78, 0x3C, 0xF0, 0x79, 0xE0, 0x70, 0xC0, 0x00, 0x00, 0x00, 0x00, 0x80, 0x30, 0x07, 0x81, 0xE0,
    0x78, 0x3C, 0x1F, 0x83, 0xF0, 0x3C, 0x01, 0xE0, 0x6F, 0x0C, 0x73, 0x00, 0x60, 0x00, 0x00, 0x80,
    0x31, 0x06, 0x39, 0x83, 0xF0, 0x1F, 0x01, 0xF0, 0x7F, 0x0F, 0xC3, 0xE1, 0xE0, 0x3C, 0x03, 0x00,
    0x60, 0x00, 0x03, 0x9E, 0xE2, 0x00, 0x00, 0x01, 0xDE, 0xE7, 0xFF, 0x9D, 0xEE, 0x23, 0x10, 0x00,
    0x1F, 0x07, 0xF9, 0xC7, 0x3C, 0x67, 0x1C, 0x03, 0x8E, 0x01, 0xC7, 0x03, 0xFF, 0xF0, 0x71, 0xC0,
    0x38, 0xE0, 0x1C, 0x70, 0x0E, 0x38, 0x07, 0x1C, 0x03, 0x8E, 0x01, 0xC7, 0x81, 0xFF, 0xE0, 0x0F,
    0xC0, 0xEF, 0x0E, 0x38, 0x70, 0x03, 0x80, 0x1C, 0x33, 0xFF, 0x87, 0x1C, 0x38, 0xE1, 0xC7, 0x0E,
    0x38, 0x71, 0xC3, 0x8E, 0x1C, 0x71, 0xFF, 0xE0, 0x0F, 0xE0, 0xEF, 0x0F, 0x38, 0x71, 0xC3, 0x8E,
    0x1C, 0x73, 0xFF, 0x87, 0x1C, 0x38, 0xE1, 0xC7, 0x0E, 0x38, 0x71, 0xC3, 0x8E, 0x1C, 0x71, 0xFF,
    0xC0, 0x00, 0x1F, 0x80, 0xFF, 0x3C, 0x1C, 0xF1, 0xC3, 0x8E, 0x08, 0x38, 0xE0, 0x03, 0x8F, 0x0C,
    0xFF, 0xFF, 0xC3, 0x8E, 0x3C, 0x38, 0xE1, 0xC3, 0x8E, 0x1C, 0x38, 0xE1, 0xC3, 0x8E, 0x1C, 0x38,
    0xE1, 0xC3, 0x8E, 0x1C, 0x7F, 0xFF, 0xE0, 0x00, 0x1F, 0xC0, 0xFF, 0xBC, 0x1C, 0xF1, 0xC3, 0x8E,
    0x1C, 0x38, 0xE1, 0xC3, 0x8E, 0x1C, 0xFF, 0xFF, 0xC3, 0x8E, 0x1C, 0x38, 0xE1, 0xC3, 0x8E, 0x1C,
    0x38, 0xE1, 0xC3, 0x8E, 0x1C, 0x38, 0xE1, 0xC3, 0x8E, 0x1C, 0x7F, 0xFF, 0xE0, 0x0F, 0xC0, 0x3B,
    0xC0, 0xF3, 0x81, 0xC7, 0x03, 0x8E, 0x07, 0x1C, 0x3E, 0x7F, 0x1C, 0x70, 0x38, 0xE0, 0x71, 0xC0,
    0xE3, 0x81, 0xC7, 0x03, 0x8E, 0x07, 0x1F, 0x9F, 0x9F, 0x00, 0x0F, 0xE0, 0x1C, 0xF0, 0x18, 0x70,
    0x10, 0x70, 0x1C, 0x70, 0x7F, 0xFE, 0x76, 0x70, 0x70, 0x70, 0x7C, 0x70, 0x3E, 0x70, 0x5E, 0x70,
    0xCE, 0x70, 0xEE, 0x7E, 0x7C, 0x7E, 0x00, 0x80, 0x00, 0xE0, 0x00, 0xF8, 0x00, 0xCE, 0x00, 0xE3,
    0x80, 0xFF, 0xE0, 0xFF, 0xF8, 0xFF, 0x3E, 0xFF, 0x3F, 0xBF, 0xBF, 0x8F, 0xFF, 0x83, 0xFF, 0x80,
    0xF7, 0x80, 0x33, 0x80, 0x0F, 0x80, 0x03, 0x80, 0x00, 0x80, 0x00,
};

static const EpdGlyph ebgaramond_10_boldGlyphs[] = {
    { 0, 0, 0, 0, 0, 0, 0 }, // U+0000
    { 0, 0, 79, 0, 0, 0, 0 }, // U+000D
    { 0, 0, 79, 0, 0, 0, 0 }, // U+0020
    { 3, 14, 97, 1, 14, 6, 0 }, // !
    { 6, 6, 133, 1, 14, 5, 6 }, // "
    { 10, 14, 161, 1, 12, 18, 11 }, // #
    { 9, 17, 154, 0, 15, 20, 29 }, // $
    { 14, 14, 234, 1, 14, 25, 49 }, // %
    { 16, 13, 266, 1, 13, 26, 74 }, // &
    { 3, 6, 79, 1, 14, 3, 100 }, // '
    { 6, 19, 101, 1, 15, 15, 103 }, // (
    { 6, 19, 101, 0, 15, 15, 118 }, // )
    { 8, 7, 119, 0, 15, 7, 133 }, // *
    { 12, 11, 200, 0, 11, 17, 140 }, // +
    { 5, 6, 82, 0, 3, 4, 157 }, // ,
    { 6, 3, 105, 1, 6, 3, 161 }, // -
    { 3, 3, 82, 1, 3, 2, 164 }, // .
    { 9, 15, 135, 0, 14, 17, 166 }, // /
    { 10, 13, 176, 1, 13, 17, 183 }, // 0
    { 9, 14, 176, 1, 14, 16, 200 }, // 1
    { 11, 13, 176, 1, 13, 18, 216 }, // 2
    { 9, 14, 176, 1, 13, 16, 234 }, // 3
    { 12, 14, 176, 0, 14, 21, 250 }, // 4
    { 9, 15, 176, 1, 14, 17, 271 }, // 5
    { 9, 14, 176, 1, 14, 16, 288 }, // 6
    { 11, 14, 176, 1, 14, 20, 304 }, // 7
    { 9, 13, 176, 1, 13, 15, 324 }, // 8
    { 11, 14, 176, 0, 13, 20, 339 }, // 9
    { 3, 9, 94, 1, 9, 4, 359 }, // :
    { 5, 12, 82, 0, 9, 8, 363 }, // ;
    { 11, 10, 180, 0, 10, 14, 371 }, // <
    { 13, 5, 210, 0, 8, 9, 385 }, // =
    { 11, 10, 180, 0, 10, 14, 394 }, // >
    { 7, 14, 132, 1, 14, 13, 408 }, // ?
    { 16, 14, 260, 0, 11, 28, 421 }, // @
    { 17, 15, 240, -1, 15, 32, 449 }, // A
    { 12, 14, 209, 0, 14, 21, 481 }, // B
    { 13, 14, 236, 1, 14, 23, 502 }, // C
    { 15, 14, 255, 0, 14, 27, 525 }, // D
    { 12, 14, 192, 0, 14, 21, 552 }, // E
    { 11, 14, 182, 0, 14, 20, 573 }, // F
    { 14, 14, 240, 1, 14, 25, 593 }, // G
    { 16, 14, 267, 0, 14, 28, 618 }, // H
    { 7, 14, 121, 0, 14, 13, 646 }, // I
    { 10, 18, 123, -2, 14, 23, 659 }, // J
    { 16, 14, 254, 0, 14, 28, 682 }, // K
    { 12, 14, 195, 0, 14, 21, 710 }, // L
    { 19, 14, 306, 0, 14, 34, 731 }, // M
    { 17, 14, 270, 0, 14, 30, 765 }, // N
    { 14, 14, 253, 1, 14, 25, 795 }, // O
    { 12, 14, 202, 0, 14, 21, 820 }, // P
    { 18, 19, 253, 1, 14, 43, 841 }, // Q
    { 16, 14, 253, 0, 14, 28, 884 }, // R
    { 10, 14, 165, 0, 14, 18, 912 }, // S
    { 15, 15, 232, 0, 15, 29, 930 }, // T
    { 16, 14, 248, 0, 14, 28, 959 }, // U
    { 15, 14, 235, 0, 14, 27, 987 }, // V
    { 22, 14, 340, 0, 14, 39, 1014 }, // W
    { 16, 14, 250, 0, 14, 28, 1053 }, // X
    { 15, 14, 218, -1, 14, 27, 1081 }, // Y
    { 13, 15, 199, 0, 15, 25, 1108 }, // Z
    { 5, 19, 119, 2, 15, 12, 1133 }, // [
    { 9, 15, 135, 0, 14, 17, 1145 }, // <backslash>
    { 6, 19, 119, 0, 15, 15, 1162 }, // ]
    { 11, 8, 171, 0, 13, 11, 1177 }, // ^
    { 13, 1, 197, 0, -3, 2, 1188 }, // _
    { 5, 5, 79, 0, 14, 4, 1190 }, // `
    { 9, 9, 146, 1, 9, 11, 1194 }, // a
    { 11, 15, 181, -1, 15, 21, 1205 }, // b
    { 9, 9, 137, 1, 9, 11, 1226 }, // c
    { 11, 16, 184, 1, 15, 22, 1237 }, // d
    { 9, 9, 139, 1, 9, 11, 1259 }, // e
    { 10, 15, 120, 0, 15, 19, 1270 }, // f
    { 11, 15, 167, 1, 9, 21, 1289 }, // g
    { 13, 15, 186, 0, 15, 25, 1310 }, // h
    { 7, 14, 98, -1, 14, 13, 1335 }, // i
    { 6, 20, 89, -2, 14, 15, 1348 }, // j
    { 13, 15, 182, 0, 15, 25, 1363 }, // k
    { 7, 15, 95, 0, 15, 14, 1388 }, // l
    { 17, 9, 269, 0, 9, 20, 1402 }, // m
    { 13, 9, 189, 0, 9, 15, 1422 }, // n
    { 10, 9, 168, 1, 9, 12, 1437 }, // o
    { 11, 14, 184, 0, 9, 20, 1449 }, // p
    { 12, 15, 179, 1, 9, 23, 1469 }, // q
    { 9, 9, 138, 0, 9, 11, 1492 }, // r
    { 7, 9, 120, 0, 9, 8, 1503 }, // s
    { 8, 11, 125, 0, 11, 11, 1511 }, // t
    { 13, 9, 184, 0, 9, 15, 1522 }, // u
    { 11, 9, 161, 0, 9, 13, 1537 }, // v
    { 17, 9, 251, -1, 9, 20, 1550 }, // w
    { 11, 10, 168, 0, 9, 14, 1570 }, // x
    { 11, 15, 160, 0, 9, 21, 1584 }, // y
    { 9, 9, 146, 0, 9, 11, 1605 }, // z
    { 9, 18, 124, 0, 15, 21, 1616 }, // {
    { 3, 21, 92, 2, 15, 8, 1637 }, // |
    { 9, 18, 124, -1, 15, 21, 1645 }, // }
    { 10, 3, 182, 1, 8, 4, 1666 }, // ~
    { 0, 0, 79, 0, 0, 0, 1670 }, // U+00A0
    { 3, 14, 97, 1, 10, 6, 1670 }, // U+00A1
    { 9, 13, 145, 1, 11, 15, 1676 }, // U+00A2
    { 12, 14, 189, 0, 14, 21, 1691 }, // U+00A3
    { 11, 9, 170, 0, 10, 13, 1712 }, // U+00A4
    { 15, 14, 218, -1, 14, 27, 1725 }, // U+00A5
    { 3, 21, 92, 2, 15, 8, 1752 }, // U+00A6
    { 8, 16, 148, 1, 14, 16, 1760 }, // U+00A7
    { 7, 3, 118, 1, 13, 3, 1776 }, // U+00A8
    { 13, 13, 227, 1, 13, 22, 1779 }, // U+00A9
    { 8, 9, 117, 0, 12, 9, 1801 }, // U+00AA
    { 11, 9, 194, 1, 9, 13, 1810 }, // U+00AB
    { 12, 7, 207, 0, 8, 11, 1823 }, // U+00AC
    { 6, 3, 105, 1, 6, 3, 1834 }, // U+00AD
    { 13, 13, 229, 1, 13, 22, 1837 }, // U+00AE
    { 7, 2, 118, 0, 13, 2, 1859 }, // U+00AF
    { 7, 6, 116, 0, 14, 6, 1861 }, // U+00B0
    { 12, 13, 200, 0, 14, 20, 1867 }, // U+00B1
    { 8, 7, 114, 0, 16, 7, 1887 }, // U+00B2
    { 6, 7, 98, 0, 16, 6, 1894 }, // U+00B3
    { 5, 5, 79, 0, 14, 4, 1900 }, // U+00B4
    { 11, 15, 186, 1, 9, 21, 1904 }, // U+00B5
    { 13, 20, 209, 1, 14, 33, 1925 }, // U+00B6
    { 3, 3, 85, 1, 6, 2, 1958 }, // U+00B7
    { 4, 7, 91, 1, 2, 4, 1960 }, // U+00B8
    { 6, 7, 83, 0, 16, 6, 1964 }, // U+00B9
    { 8, 9, 109, 0, 12, 9, 1970 }, // U+00BA
    { 12, 9, 194, 0, 9, 14, 1979 }, // U+00BB
    { 14, 16, 215, 0, 15, 28, 1993 }, // U+00BC
    { 15, 15, 240, 0, 15, 29, 2021 }, // U+00BD
    { 14, 16, 220, 0, 15, 28, 2050 }, // U+00BE
    { 7, 14, 132, 1, 10, 13, 2078 }, // U+00BF
    { 17, 18, 240, -1, 18, 39, 2091 }, // U+00C0
    { 17, 18, 240, -1, 18, 39, 2130 }, // U+00C1
    { 17, 18, 240, -1, 18, 39, 2169 }, // U+00C2
    { 17, 18, 240, -1, 18, 39, 2208 }, // U+00C3
    { 16, 17, 240, -1, 17, 34, 2247 }, // U+00C4
    { 15, 18, 240, 0, 18, 34, 2281 }, // U+00C5
    { 20, 14, 303, -1, 14, 35, 2315 }, // U+00C6
    { 13, 20, 236, 1, 14, 33, 2350 }, // U+00C7
    { 12, 18, 192, 0, 18, 27, 2383 }, // U+00C8
    { 12, 18, 192, 0, 18, 27, 2410 }, // U+00C9
    { 12, 18, 192, 0, 18, 27, 2437 }, // U+00CA
    { 12, 17, 192, 0, 17, 26, 2464 }, // U+00CB
    { 7, 18, 121, 0, 18, 16, 2490 }, // U+00CC
    { 8, 18, 121, 0, 18, 18, 2506 }, // U+00CD
    { 8, 18, 121, -1, 18, 18, 2524 }, // U+00CE
    { 7, 17, 121, 1, 17, 15, 2542 }, // U+00CF
    { 15, 14, 255, 0, 14, 27, 2557 }, // U+00D0
    { 17, 18, 270, 0, 18, 39, 2584 }, // U+00D1
    { 14, 18, 253, 1, 18, 32, 2623 }, // U+00D2
    { 14, 18, 253, 1, 18, 32, 2655 }, // U+00D3
    { 14, 18, 253, 1, 18, 32, 2687 }, // U+00D4
    { 14, 18, 253, 1, 18, 32, 2719 }, // U+00D5
    { 14, 18, 253, 1, 18, 32, 2751 }, // U+00D6
    { 9, 8, 180, 1, 9, 9, 2783 }, // U+00D7
    { 15, 15, 254, 1, 15, 29, 2792 }, // U+00D8
    { 16, 18, 248, 0, 18, 36, 2821 }, // U+00D9
    { 16, 18, 248, 0, 18, 36, 2857 }, // U+00DA
    { 16, 18, 248, 0, 18, 36, 2893 }, // U+00DB
    { 16, 18, 248, 0, 18, 36, 2929 }, // U+00DC
    { 15, 18, 218, -1, 18, 34, 2965 }, // U+00DD
    { 12, 14, 197, 0, 14, 21, 2999 }, // U+00DE
    { 12, 15, 193, 0, 15, 23, 3020 }, // U+00DF
    { 9, 14, 146, 1, 14, 16, 3043 }, // U+00E0
    { 9, 14, 146, 1, 14, 16, 3059 }, // U+00E1
    { 9, 14, 146, 1, 14, 16, 3075 }, // U+00E2
    { 9, 14, 146, 1, 14, 16, 3091 }, // U+00E3
    { 10, 14, 146, 0, 14, 18, 3107 }, // U+00E4
    { 9, 14, 146, 1, 14, 16, 3125 }, // U+00E5
    { 12, 9, 208, 1, 9, 14, 3141 }, // U+00E6
    { 9, 14, 137, 1, 9, 16, 3155 }, // U+00E7
    { 9, 14, 139, 1, 14, 16, 3171 }, // U+00E8
    { 9, 14, 139, 1, 14, 16, 3187 }, // U+00E9
    { 9, 14, 139, 1, 14, 16, 3203 }, // U+00EA
    { 9, 14, 139, 1, 14, 16, 3219 }, // U+00EB
    { 7, 14, 98, 0, 14, 13, 3235 }, // U+00EC
    { 7, 14, 98, 0, 14, 13, 3248 }, // U+00ED
    { 7, 14, 98, 0, 14, 13, 3261 }, // U+00EE
    { 7, 14, 98, 0, 14, 13, 3274 }, // U+00EF
    { 10, 15, 171, 1, 15, 19, 3287 }, // U+00F0
    { 13, 13, 189, 0, 13, 22, 3306 }, // U+00F1
    { 10, 14, 168, 1, 14, 18, 3328 }, // U+00F2
    { 10, 14, 168, 1, 14, 18, 3346 }, // U+00F3
    { 10, 14, 168, 1, 14, 18, 3364 }, // U+00F4
    { 10, 14, 168, 1, 14, 18, 3382 }, // U+00F5
    { 10, 14, 168, 1, 14, 18, 3400 }, // U+00F6
    { 12, 9, 200, 0, 10, 14, 3418 }, // U+00F7
    { 10, 9, 167, 1, 9, 12, 3432 }, // U+00F8
    { 13, 14, 184, 0, 14, 23, 3444 }, // U+00F9
    { 13, 14, 184, 0, 14, 23, 3467 }, // U+00FA
    { 13, 14, 184, 0, 14, 23, 3490 }, // U+00FB
    { 13, 14, 184, 0, 14, 23, 3513 }, // U+00FC
    { 11, 20, 160, 0, 14, 28, 3536 }, // U+00FD
    { 11, 20, 183, 0, 15, 28, 3564 }, // U+00FE
    { 11, 20, 160, 0, 14, 28, 3592 }, // U+00FF
    { 16, 17, 240, -1, 17, 34, 3620 }, // U+0100
    { 9, 13, 146, 1, 13, 15, 3654 }, // U+0101
    { 16, 18, 240, 0, 18, 36, 3669 }, // U+0102
    { 9, 14, 146, 1, 14, 16, 3705 }, // U+0103
    { 17, 21, 240, -1, 15, 45, 3721 }, // U+0104
    { 9, 15, 146, 1, 9, 17, 3766 }, // U+0105
    { 13, 18, 236, 1, 18, 30, 3783 }, // U+0106
    { 9, 14, 137, 1, 14, 16, 3813 }, // U+0107
    { 13, 18, 236, 1, 18, 30, 3829 }, // U+0108
    { 9, 14, 137, 1, 14, 16, 3859 }, // U+0109
    { 13, 18, 236, 1, 18, 30, 3875 }, // U+010A
    { 9, 14, 137, 1, 14, 16, 3905 }, // U+010B
    { 13, 18, 236, 1, 18, 30, 3921 }, // U+010C
    { 9, 14, 137, 1, 14, 16, 3951 }, // U+010D
    { 15, 18, 255, 0, 18, 34, 3967 }, // U+010E
    { 13, 16, 193, 1, 15, 26, 4001 }, // U+010F
    { 15, 14, 255, 0, 14, 27, 4027 }, // U+0110
    { 11, 15, 184, 1, 15, 21, 4054 }, // U+0111
    { 12, 17, 192, 0, 17, 26, 4075 }, // U+0112
    { 9, 13, 139, 1, 13, 15, 4101 }, // U+0113
    { 12, 18, 192, 0, 18, 27, 4116 }, // U+0114
    { 9, 14, 139, 1, 14, 16, 4143 }, // U+0115
    { 12, 18, 192, 0, 18, 27, 4159 }, // U+0116
    { 9, 14, 139, 1, 14, 16, 4186 }, // U+0117
    { 12, 20, 188, 0, 14, 30, 4202 }, // U+0118
    { 8, 15, 139, 1, 9, 15, 4232 }, // U+0119
    { 12, 18, 192, 0, 18, 27, 4247 }, // U+011A
    { 9, 14, 139, 1, 14, 16, 4274 }, // U+011B
    { 14, 18, 240, 1, 18, 32, 4290 }, // U+011C
    { 11, 20, 167, 1, 14, 28, 4322 }, // U+011D
    { 14, 18, 240, 1, 18, 32, 4350 }, // U+011E
    { 11, 20, 167, 1, 14, 28, 4382 }, // U+011F
    { 14, 18, 240, 1, 18, 32, 4410 }, // U+0120
    { 11, 20, 167, 1, 14, 28, 4442 }, // U+0121
    { 14, 20, 240, 1, 14, 35, 4470 }, // U+0122
    { 11, 21, 167, 1, 15, 29, 4505 }, // U+0123
    { 16, 18, 267, 0, 18, 36, 4534 }, // U+0124
    { 14, 19, 186, -1, 19, 34, 4570 }, // U+0125
    { 17, 14, 267, 0, 14, 30, 4604 }, // U+0126
    { 13, 15, 187, 0, 15, 25, 4634 }, // U+0127
    { 8, 18, 121, 0, 18, 18, 4659 }, // U+0128
    { 7, 13, 98, 0, 13, 12, 4677 }, // U+0129
    { 8, 17, 121, 0, 17, 17, 4689 }, // U+012A
    { 8, 12, 98, -1, 12, 12, 4706 }, // U+012B
    { 8, 18, 121, 0, 18, 18, 4718 }, // U+012C
    { 7, 13, 98, 0, 13, 12, 4736 }, // U+012D
    { 8, 20, 121, 0, 14, 20, 4748 }, // U+012E
    { 7, 20, 98, 0, 14, 18, 4768 }, // U+012F
    { 7, 18, 121, 0, 18, 16, 4786 }, // U+0130
    { 7, 9, 98, 0, 9, 8, 4802 }, // U+0131
    { 15, 18, 244, 0, 14, 34, 4810 }, // U+0132
    { 11, 20, 183, -1, 14, 28, 4844 }, // U+0133
    { 10, 22, 123, -2, 18, 28, 4872 }, // U+0134
    { 7, 20, 89, -2, 14, 18, 4900 }, // U+0135
    { 16, 20, 254, 0, 14, 40, 4918 }, // U+0136
    { 13, 21, 182, 0, 15, 35, 4958 }, // U+0137
    { 12, 9, 192, 0, 9, 14, 4993 }, // U+0138
    { 12, 18, 195, 0, 18, 27, 5007 }, // U+0139
    { 7, 19, 95, 0, 19, 17, 5034 }, // U+013A
    { 12, 20, 195, 0, 14, 30, 5051 }, // U+013B
    { 7, 21, 95, 0, 15, 19, 5081 }, // U+013C
    { 12, 14, 195, 0, 14, 21, 5100 }, // U+013D
    { 8, 15, 103, 0, 15, 15, 5121 }, // U+013E
    { 12, 14, 195, 0, 14, 21, 5136 }, // U+013F
    { 9, 15, 135, 0, 15, 17, 5157 }, // U+0140
    { 12, 14, 195, 0, 14, 21, 5174 }, // U+0141
    { 7, 15, 97, 0, 15, 14, 5195 }, // U+0142
    { 17, 18, 270, 0, 18, 39, 5209 }, // U+0143
    { 13, 14, 189, 0, 14, 23, 5248 }, // U+0144
    { 17, 20, 264, 0, 14, 43, 5271 }, // U+0145
    { 13, 15, 189, 0, 9, 25, 5314 }, // U+0146
    { 17, 18, 270, 0, 18, 39, 5339 }, // U+0147
    { 13, 14, 189, 0, 14, 23, 5378 }, // U+0148
    { 15, 15, 222, 0, 15, 29, 5401 }, // U+0149
    { 17, 19, 264, 0, 14, 41, 5430 }, // U+014A
    { 11, 15, 184, 0, 9, 21, 5471 }, // U+014B
    { 14, 17, 253, 1, 17, 30, 5492 }, // U+014C
    { 10, 13, 168, 1, 13, 17, 5522 }, // U+014D
    { 14, 18, 253, 1, 18, 32, 5539 }, // U+014E
    { 10, 14, 168, 1, 14, 18, 5571 }, // U+014F
    { 14, 18, 253, 1, 18, 32, 5589 }, // U+0150
    { 10, 14, 168, 1, 14, 18, 5621 }, // U+0151
    { 20, 14, 329, 1, 14, 35, 5639 }, // U+0152
    { 16, 9, 254, 1, 9, 18, 5674 }, // U+0153
    { 16, 18, 253, 0, 18, 36, 5692 }, // U+0154
    { 9, 14, 138, 0, 14, 16, 5728 }, // U+0155
    { 16, 20, 253, 0, 14, 40, 5744 }, // U+0156
    { 9, 15, 138, 0, 9, 17, 5784 }, // U+0157
    { 16, 18, 253, 0, 18, 36, 5801 }, // U+0158
    { 9, 14, 138, 0, 14, 16, 5837 }, // U+0159
    { 10, 18, 165, 0, 18, 23, 5853 }, // U+015A
    { 8, 14, 120, 0, 14, 14, 5876 }, // U+015B
    { 10, 18, 165, 0, 18, 23, 5890 }, // U+015C
    { 7, 14, 120, 0, 14, 13, 5913 }, // U+015D
    { 10, 20, 162, 0, 14, 25, 5926 }, // U+015E
    { 7, 14, 120, 0, 9, 13, 5951 }, // U+015F
    { 10, 18, 165, 0, 18, 23, 5964 }, // U+0160
    { 7, 14, 120, 0, 14, 13, 5987 }, // U+0161
    { 15, 21, 232, 0, 15, 40, 6000 }, // U+0162
    { 8, 17, 125, 0, 12, 17, 6040 }, // U+0163
    { 15, 18, 232, 0, 18, 34, 6057 }, // U+0164
    { 8, 16, 125, 0, 16, 16, 6091 }, // U+0165
    { 15, 15, 232, 0, 15, 29, 6107 }, // U+0166
    { 8, 11, 130, 0, 11, 11, 6136 }, // U+0167
    { 16, 18, 248, 0, 18, 36, 6147 }, // U+0168
    { 13, 14, 184, 0, 14, 23, 6183 }, // U+0169
    { 16, 17, 248, 0, 17, 34, 6206 }, // U+016A
    { 13, 13, 184, 0, 13, 22, 6240 }, // U+016B
    { 16, 18, 248, 0, 18, 36, 6262 }, // U+016C
    { 13, 14, 184, 0, 14, 23, 6298 }, // U+016D
    { 16, 18, 248, 0, 18, 36, 6321 }, // U+016E
    { 13, 14, 184, 0, 14, 23, 6357 }, // U+016F
    { 16, 18, 248, 0, 18, 36, 6380 }, // U+0170
    { 13, 14, 184, 0, 14, 23, 6416 }, // U+0171
    { 16, 20, 248, 0, 14, 40, 6439 }, // U+0172
    { 13, 15, 184, 0, 9, 25, 6479 }, // U+0173
    { 22, 18, 340, 0, 18, 50, 6504 }, // U+0174
    { 17, 14, 251, -1, 14, 30, 6554 }, // U+0175
    { 15, 18, 218, -1, 18, 34, 6584 }, // U+0176
    { 11, 20, 160, 0, 14, 28, 6618 }, // U+0177
    { 15, 17, 218, -1, 17, 32, 6646 }, // U+0178
    { 13, 18, 199, 0, 18, 30, 6678 }, // U+0179
    { 9, 14, 146, 0, 14, 16, 6708 }, // U+017A
    { 13, 18, 199, 0, 18, 30, 6724 }, // U+017B
    { 9, 14, 146, 0, 14, 16, 6754 }, // U+017C
    { 13, 18, 199, 0, 18, 30, 6770 }, // U+017D
    { 9, 14, 146, 0, 14, 16, 6800 }, // U+017E
    { 11, 15, 100, 0, 15, 21, 6816 }, // U+017F
    { 16, 16, 253, 1, 16, 32, 6837 }, // U+01A0
    { 11, 12, 181, 1, 12, 17, 6869 }, // U+01A1
    { 17, 17, 248, 0, 17, 37, 6886 }, // U+01AF
    { 13, 13, 200, 0, 13, 22, 6923 }, // U+01B0
    { 28, 18, 454, 0, 18, 63, 6945 }, // U+01C4
    { 25, 14, 401, 0, 14, 44, 7008 }, // U+01C5
    { 20, 16, 330, 1, 15, 40, 7052 }, // U+01C6
    { 19, 18, 312, 0, 14, 43, 7092 }, // U+01C7
    { 16, 20, 281, 0, 14, 40, 7135 }, // U+01C8
    { 11, 21, 184, 0, 15, 29, 7175 }, // U+01C9
    { 24, 18, 383, 0, 14, 54, 7204 }, // U+01CA
    { 21, 20, 350, 0, 14, 53, 7258 }, // U+01CB
    { 16, 20, 273, 0, 14, 40, 7311 }, // U+01CC
    { 17, 18, 240, -1, 18, 39, 7351 }, // U+01CD
    { 9, 14, 146, 1, 14, 16, 7390 }, // U+01CE
    { 8, 18, 121, 0, 18, 18, 7406 }, // U+01CF
    { 7, 14, 98, 0, 14, 13, 7424 }, // U+01D0
    { 14, 18, 253, 1, 18, 32, 7437 }, // U+01D1
    { 10, 14, 168, 1, 14, 18, 7469 }, // U+01D2
    { 16, 18, 248, 0, 18, 36, 7487 }, // U+01D3
    { 13, 14, 184, 0, 14, 23, 7523 }, // U+01D4
    { 16, 20, 248, 0, 20, 40, 7546 }, // U+01D5
    { 13, 16, 184, 0, 16, 26, 7586 }, // U+01D6
    { 16, 21, 248, 0, 21, 42, 7612 }, // U+01D7
    { 13, 18, 184, 0, 18, 30, 7654 }, // U+01D8
    { 16, 21, 248, 0, 21, 42, 7684 }, // U+01D9
    { 13, 18, 184, 0, 18, 30, 7726 }, // U+01DA
    { 16, 21, 248, 0, 21, 42, 7756 }, // U+01DB
    { 13, 18, 184, 0, 18, 30, 7798 }, // U+01DC
    { 8, 9, 140, 1, 9, 9, 7828 }, // U+01DD
    { 16, 20, 240, -1, 20, 40, 7837 }, // U+01DE
    { 10, 16, 146, 0, 16, 20, 7877 }, // U+01DF
    { 16, 20, 240, -1, 20, 40, 7897 }, // U+01E0
    { 9, 16, 146, 1, 16, 18, 7937 }, // U+01E1
    { 20, 17, 303, -1, 17, 43, 7955 }, // U+01E2
    { 12, 13, 208, 1, 13, 20, 7998 }, // U+01E3
    { 14, 14, 245, 1, 14, 25, 8018 }, // U+01E4
    { 12, 15, 167, 0, 9, 23, 8043 }, // U+01E5
    { 14, 18, 240, 1, 18, 32, 8066 }, // U+01E6
    { 11, 20, 167, 1, 14, 28, 8098 }, // U+01E7
    { 16, 18, 254, 0, 18, 36, 8126 }, // U+01E8
    { 13, 17, 182, 0, 17, 28, 8162 }, // U+01E9
    { 14, 20, 253, 1, 14, 35, 8190 }, // U+01EA
    { 10, 15, 168, 1, 9, 19, 8225 }, // U+01EB
    { 14, 23, 253, 1, 17, 41, 8244 }, // U+01EC
    { 10, 19, 168, 1, 13, 24, 8285 }, // U+01ED
    { 10, 18, 183, 0, 18, 23, 8309 }, // U+01EE
    { 9, 20, 152, 1, 14, 23, 8332 }, // U+01EF
    { 7, 20, 89, -2, 14, 18, 8355 }, // U+01F0
    { 28, 15, 454, 0, 15, 53, 8373 }, // U+01F1
    { 25, 14, 401, 0, 14, 44, 8426 }, // U+01F2
    { 20, 16, 330, 1, 15, 40, 8470 }, // U+01F3
    { 14, 18, 240, 1, 18, 32, 8510 }, // U+01F4
    { 11, 20, 167, 1, 14, 28, 8542 }, // U+01F5
    { 20, 14, 318, 0, 14, 35, 8570 }, // U+01F6
    { 12, 18, 206, 0, 14, 27, 8605 }, // U+01F7
    { 17, 18, 270, 0, 18, 39, 8632 }, // U+01F8
    { 13, 14, 189, 0, 14, 23, 8671 }, // U+01F9
    { 15, 21, 240, 0, 21, 40, 8694 }, // U+01FA
    { 9, 17, 146, 1, 17, 20, 8734 }, // U+01FB
    { 20, 18, 303, -1, 18, 45, 8754 }, // U+01FC
    { 12, 14, 208, 1, 14, 21, 8799 }, // U+01FD
    { 15, 18, 254, 1, 18, 34, 8820 }, // U+01FE
    { 10, 14, 167, 1, 14, 18, 8854 }, // U+01FF
    { 17, 18, 240, -1, 18, 39, 8872 }, // U+0200
    { 10, 14, 146, 0, 14, 18, 8911 }, // U+0201
    { 16, 18, 240, 0, 18, 36, 8929 }, // U+0202
    { 9, 13, 146, 1, 13, 15, 8965 }, // U+0203
    { 12, 18, 192, 0, 18, 27, 8980 }, // U+0204
    { 9, 14, 139, 1, 14, 16, 9007 }, // U+0205
    { 12, 18, 192, 0, 18, 27, 9023 }, // U+0206
    { 9, 13, 139, 1, 13, 15, 9050 }, // U+0207
    { 9, 18, 121, -2, 18, 21, 9065 }, // U+0208
    { 9, 14, 98, -2, 14, 16, 9086 }, // U+0209
    { 8, 18, 121, 0, 18, 18, 9102 }, // U+020A
    { 7, 13, 98, 0, 13, 12, 9120 }, // U+020B
    { 14, 18, 253, 1, 18, 32, 9132 }, // U+020C
    { 11, 14, 168, 0, 14, 20, 9164 }, // U+020D
    { 14, 18, 253, 1, 18, 32, 9184 }, // U+020E
    { 10, 13, 168, 1, 13, 17, 9216 }, // U+020F
    { 16, 18, 253, 0, 18, 36, 9233 }, // U+0210
    { 9, 14, 138, 0, 14, 16, 9269 }, // U+0211
    { 16, 18, 253, 0, 18, 36, 9285 }, // U+0212
    { 9, 13, 138, 0, 13, 15, 9321 }, // U+0213
    { 16, 18, 248, 0, 18, 36, 9336 }, // U+0214
    { 13, 14, 184, 0, 14, 23, 9372 }, // U+0215
    { 16, 18, 248, 0, 18, 36, 9395 }, // U+0216
    { 13, 13, 184, 0, 13, 22, 9431 }, // U+0217
    { 10, 20, 162, 0, 14, 25, 9453 }, // U+0218
    { 7, 15, 120, 0, 9, 14, 9478 }, // U+0219
    { 15, 21, 232, 0, 15, 40, 9492 }, // U+021A
    { 9, 18, 125, 0, 12, 21, 9532 }, // U+021B
    { 12, 18, 185, 0, 14, 27, 9553 }, // U+021C
    { 9, 14, 145, 0, 9, 16, 9580 }, // U+021D
    { 16, 18, 267, 0, 18, 36, 9596 }, // U+021E
    { 13, 18, 186, 0, 18, 30, 9632 }, // U+021F
    { 4, 5, 0, -2, 14, 3, 9662 }, // U+0300
    { 4, 5, 0, -2, 14, 3, 9665 }, // U+0301
    { 6, 5, 0, -3, 14, 4, 9668 }, // U+0302
    { 8, 4, 0, -4, 13, 4, 9672 }, // U+0303
    { 7, 2, 0, -4, 12, 2, 9676 }, // U+0304
    { 9, 1, 0, -4, 12, 2, 9678 }, // U+0305
    { 5, 3, 0, -3, 13, 2, 9680 }, // U+0306
    { 3, 3, 0, -2, 13, 2, 9682 }, // U+0307
    { 7, 3, 0, -3, 13, 3, 9684 }, // U+0308
    { 5, 4, 0, -3, 14, 3, 9687 }, // U+0309
    { 5, 4, 0, -3, 14, 3, 9690 }, // U+030A
    { 8, 5, 0, -4, 15, 5, 9693 }, // U+030B
    { 6, 5, 0, -3, 14, 4, 9698 }, // U+030C
    { 2, 4, 0, -1, 14, 1, 9702 }, // U+030D
    { 4, 4, 0, -2, 14, 2, 9703 }, // U+030E
    { 8, 5, 0, -4, 15, 5, 9705 }, // U+030F
    { 8, 5, 0, -4, 14, 5, 9710 }, // U+0310
    { 5, 4, 0, -2, 13, 3, 9715 }, // U+0311
    { 4, 5, 0, -2, 15, 3, 9718 }, // U+0312
    { 4, 5, 0, -2, 15, 3, 9721 }, // U+0313
    { 4, 5, 0, -2, 15, 3, 9724 }, // U+0314
    { 4, 5, 0, -2, 15, 3, 9727 }, // U+0315
    { 4, 5, 0, -2, 0, 3, 9730 }, // U+0316
    { 4, 5, 0, -2, 0, 3, 9733 }, // U+0317
    { 5, 6, 0, -2, 0, 4, 9736 }, // U+0318
    { 5, 6, 0, -3, 0, 4, 9740 }, // U+0319
    { 5, 3, 0, -3, 14, 2, 9744 }, // U+031A
    { 5, 4, 0, -3, 11, 3, 9746 }, // U+031B
    { 3, 4, 0, -1, -2, 2, 9749 }, // U+031C
    { 5, 5, 0, -2, -1, 4, 9751 }, // U+031D
    { 5, 4, 0, -2, -2, 3, 9755 }, // U+031E
    { 5, 6, 0, -2, 0, 4, 9758 }, // U+031F
    { 6, 1, 0, -3, -3, 1, 9762 }, // U+0320
    { 8, 9, 0, -3, 3, 9, 9763 }, // U+0321
    { 7, 8, 0, 1, 1, 7, 9772 }, // U+0322
    { 3, 3, 0, -1, -2, 2, 9779 }, // U+0323
    { 7, 3, 0, -3, -1, 3, 9781 }, // U+0324
    { 5, 4, 0, -3, -2, 3, 9784 }, // U+0325
    { 4, 5, 0, -1, -1, 3, 9787 }, // U+0326
    { 4, 7, 0, -2, 2, 4, 9790 }, // U+0327
    { 5, 7, 0, -2, 1, 5, 9794 }, // U+0328
    { 2, 4, 0, -1, -1, 1, 9799 }, // U+0329
    { 6, 3, 0, -3, -3, 3, 9800 }, // U+032A
    { 7, 3, 0, -4, -2, 3, 9803 }, // U+032B
    { 6, 5, 0, -3, 0, 4, 9806 }, // U+032C
    { 6, 5, 0, -3, 0, 4, 9810 }, // U+032D
    { 5, 3, 0, -3, -2, 2, 9814 }, // U+032E
    { 5, 4, 0, -3, -1, 3, 9816 }, // U+032F
    { 7, 4, 0, -4, -1, 4, 9819 }, // U+0330
    { 7, 2, 0, -3, -1, 2, 9823 }, // U+0331
    { 9, 1, 0, -4, -2, 2, 9825 }, // U+0332
    { 9, 4, 0, -4, -1, 5, 9827 }, // U+0333
    { 10, 3, 0, -5, 8, 4, 9832 }, // U+0334
    { 8, 1, 0, -4, 8, 1, 9836 }, // U+0335
    { 10, 1, 0, -5, 8, 2, 9837 }, // U+0336
    { 8, 13, 0, -4, 12, 13, 9839 }, // U+0337
    { 8, 15, 0, -4, 14, 15, 9852 }, // U+0338
    { 3, 4, 0, -1, -1, 2, 9867 }, // U+0339
    { 6, 4, 0, -3, -2, 3, 9869 }, // U+033A
    { 6, 4, 0, -3, -2, 3, 9872 }, // U+033B
    { 7, 3, 0, -3, -2, 3, 9875 }, // U+033C
    { 4, 5, 0, -2, 15, 3, 9878 }, // U+033D
    { 3, 5, 0, -1, 15, 2, 9881 }, // U+033E
    { 4, 5, 0, -2, 14, 3, 9883 }, // U+0340
    { 4, 5, 0, -2, 14, 3, 9886 }, // U+0341
    { 8, 4, 0, -4, 14, 4, 9889 }, // U+0342
    { 3, 4, 0, -1, 14, 2, 9893 }, // U+0343
    { 7, 7, 0, -3, 17, 7, 9895 }, // U+0344
    { 4, 5, 0, -2, 0, 3, 9902 }, // U+0345
    { 0, 0, 0, 0, 0, 0, 9905 }, // U+034F
    { 3, 4, 0, -1, 13, 2, 9905 }, // U+0351
    { 5, 5, 0, -3, -1, 4, 9907 }, // U+0353
    { 3, 4, 0, -1, 14, 2, 9911 }, // U+0357
    { 14, 3, 0, -7, 18, 6, 9913 }, // U+035D
    { 14, 2, 0, -7, 17, 4, 9919 }, // U+0361
    { 4, 4, 0, 1, 14, 2, 9923 }, // U+0364
    { 12, 18, 192, 0, 18, 27, 9925 }, // U+0400
    { 12, 17, 192, 0, 17, 26, 9952 }, // U+0401
    { 16, 20, 273, 0, 15, 40, 9978 }, // U+0402
    { 11, 18, 176, 0, 18, 25, 10018 }, // U+0403
    { 12, 14, 220, 1, 14, 21, 10043 }, // U+0404
    { 10, 14, 165, 0, 14, 18, 10064 }, // U+0405
    { 7, 14, 121, 0, 14, 13, 10082 }, // U+0406
    { 7, 17, 121, 1, 17, 15, 10095 }, // U+0407
    { 10, 18, 123, -2, 14, 23, 10110 }, // U+0408
    { 20, 14, 332, 0, 14, 35, 10133 }, // U+0409
    { 20, 14, 341, 0, 14, 35, 10168 }, // U+040A
    { 17, 15, 270, 0, 15, 32, 10203 }, // U+040B
    { 15, 18, 235, 0, 18, 34, 10235 }, // U+040C
    { 17, 18, 276, 0, 18, 39, 10269 }, // U+040D
    { 15, 20, 224, -1, 19, 38, 10308 }, // U+040E
    { 16, 19, 261, 0, 14, 38, 10346 }, // U+040F
    { 17, 15, 240, -1, 15, 32, 10384 }, // U+0410
    { 12, 14, 210, 0, 14, 21, 10416 }, // U+0411
    { 12, 14, 209, 0, 14, 21, 10437 }, // U+0412
    { 11, 14, 176, 0, 14, 20, 10458 }, // U+0413
    { 14, 19, 239, 1, 14, 34, 10478 }, // U+0414
    { 12, 14, 192, 0, 14, 21, 10512 }, // U+0415
    { 23, 14, 348, -1, 14, 41, 10533 }, // U+0416
    { 11, 14, 186, 0, 14, 20, 10574 }, // U+0417
    { 17, 14, 276, 0, 14, 30, 10594 }, // U+0418
    { 17, 19, 276, 0, 19, 41, 10624 }, // U+0419
    { 15, 14, 235, 0, 14, 27, 10665 }, // U+041A
    { 15, 14, 247, 1, 14, 27, 10692 }, // U+041B
    { 19, 14, 306, 0, 14, 34, 10719 }, // U+041C
    { 16, 14, 267, 0, 14, 28, 10753 }, // U+041D
    { 14, 14, 253, 1, 14, 25, 10781 }, // U+041E
    { 16, 14, 263, 0, 14, 28, 10806 }, // U+041F
    { 12, 14, 202, 0, 14, 21, 10834 }, // U+0420
    { 13, 14, 236, 1, 14, 23, 10855 }, // U+0421
    { 15, 15, 232, 0, 15, 29, 10878 }, // U+0422
    { 15, 15, 224, -1, 14, 29, 10907 }, // U+0423
    { 16, 15, 266, 1, 15, 30, 10936 }, // U+0424
    { 16, 14, 250, 0, 14, 28, 10966 }, // U+0425
    { 16, 18, 261, 0, 14, 36, 10994 }, // U+0426
    { 15, 14, 243, 0, 14, 27, 11030 }, // U+0427
    { 21, 14, 350, 0, 14, 37, 11057 }, // U+0428
    { 22, 18, 350, 0, 14, 50, 11094 }, // U+0429
    { 15, 14, 247, 0, 14, 27, 11144 }, // U+042A
    { 19, 14, 309, 0, 14, 34, 11171 }, // U+042B
    { 12, 14, 205, 0, 14, 21, 11205 }, // U+042C
    { 13, 14, 221, 1, 14, 23, 11226 }, // U+042D
    { 20, 14, 345, 0, 14, 35, 11249 }, // U+042E
    { 15, 14, 238, -1, 14, 27, 11284 }, // U+042F
    { 9, 9, 146, 1, 9, 11, 11311 }, // U+0430
    { 9, 15, 167, 1, 15, 17, 11322 }, // U+0431
    { 10, 9, 161, 0, 9, 12, 11339 }, // U+0432
    { 8, 9, 132, 0, 9, 9, 11351 }, // U+0433
    { 11, 13, 176, 0, 9, 18, 11360 }, // U+0434
    { 9, 9, 139, 1, 9, 11, 11378 }, // U+0435
    { 18, 9, 268, -1, 9, 21, 11389 }, // U+0436
    { 8, 9, 140, 0, 9, 9, 11410 }, // U+0437
    { 13, 9, 196, 0, 9, 15, 11419 }, // U+0438
    { 13, 13, 196, 0, 13, 22, 11434 }, // U+0439
    { 12, 9, 184, 0, 9, 14, 11456 }, // U+043A
    { 12, 9, 184, 0, 9, 14, 11470 }, // U+043B
    { 14, 10, 225, 0, 10, 18, 11484 }, // U+043C
    { 13, 9, 193, 0, 9, 15, 11502 }, // U+043D
    { 10, 9, 168, 1, 9, 12, 11517 }, // U+043E
    { 13, 9, 188, 0, 9, 15, 11529 }, // U+043F
    { 11, 14, 184, 0, 9, 20, 11544 }, // U+0440
    { 9, 9, 137, 1, 9, 11, 11564 }, // U+0441
    { 10, 10, 150, -1, 10, 13, 11575 }, // U+0442
    { 11, 14, 160, 0, 9, 20, 11588 }, // U+0443
    { 12, 19, 202, 1, 14, 29, 11608 }, // U+0444
    { 11, 10, 168, 0, 9, 14, 11637 }, // U+0445
    { 12, 12, 195, 0, 9, 18, 11651 }, // U+0446
    { 13, 9, 188, -1, 9, 15, 11669 }, // U+0447
    { 17, 9, 270, 0, 9, 20, 11684 }, // U+0448
    { 17, 12, 275, 0, 9, 26, 11704 }, // U+0449
    { 12, 10, 185, 0, 10, 15, 11730 }, // U+044A
    { 16, 9, 240, 0, 9, 18, 11745 }, // U+044B
    { 10, 9, 156, 0, 9, 12, 11763 }, // U+044C
    { 9, 9, 141, 0, 9, 11, 11775 }, // U+044D
    { 15, 9, 242, 0, 9, 17, 11786 }, // U+044E
    { 13, 9, 178, -1, 9, 15, 11803 }, // U+044F
    { 9, 14, 139, 1, 14, 16, 11818 }, // U+0450
    { 9, 14, 139, 1, 14, 16, 11834 }, // U+0451
    { 11, 21, 177, 0, 16, 29, 11850 }, // U+0452
    { 8, 14, 132, 0, 14, 14, 11879 }, // U+0453
    { 8, 9, 139, 1, 9, 9, 11893 }, // U+0454
    { 7, 9, 120, 0, 9, 8, 11902 }, // U+0455
    { 7, 14, 98, -1, 14, 13, 11910 }, // U+0456
    { 7, 14, 98, 0, 14, 13, 11923 }, // U+0457
    { 6, 19, 89, -2, 14, 15, 11936 }, // U+0458
    { 15, 9, 239, 0, 9, 17, 11951 }, // U+0459
    { 15, 9, 245, 0, 9, 17, 11968 }, // U+045A
    { 13, 15, 187, 0, 15, 25, 11985 }, // U+045B
    { 12, 14, 184, 0, 14, 21, 12010 }, // U+045C
    { 13, 14, 196, 0, 14, 23, 12031 }, // U+045D
    { 12, 19, 160, 0, 14, 29, 12054 }, // U+045E
    { 13, 12, 188, 0, 9, 20, 12083 }, // U+045F
    { 15, 15, 245, 0, 15, 29, 12103 }, // U+0462
    { 11, 15, 180, 0, 15, 21, 12132 }, // U+0463
    { 23, 14, 341, -1, 14, 41, 12153 }, // U+046A
    { 17, 9, 266, 0, 9, 20, 12194 }, // U+046B
    { 19, 14, 287, -1, 14, 34, 12214 }, // U+0470
    { 14, 14, 253, 1, 14, 25, 12248 }, // U+0472
    { 10, 9, 172, 1, 9, 12, 12273 }, // U+0473
    { 15, 14, 235, 0, 14, 27, 12285 }, // U+0474
    { 11, 9, 168, 0, 9, 13, 12312 }, // U+0475
    { 15, 18, 235, 0, 18, 34, 12325 }, // U+0476
    { 11, 14, 168, 0, 14, 20, 12359 }, // U+0477
    { 17, 23, 276, 0, 19, 49, 12379 }, // U+048A
    { 13, 17, 196, 0, 13, 28, 12428 }, // U+048B
    { 13, 15, 216, 0, 15, 25, 12456 }, // U+048C
    { 11, 15, 180, 0, 15, 21, 12481 }, // U+048D
    { 12, 14, 202, 0, 14, 21, 12502 }, // U+048E
    { 11, 14, 184, 0, 9, 20, 12523 }, // U+048F
    { 11, 16, 177, 0, 16, 22, 12543 }, // U+0490
    { 9, 11, 131, 0, 11, 13, 12565 }, // U+0491
    { 11, 14, 177, 0, 14, 20, 12578 }, // U+0492
    { 8, 9, 137, 0, 9, 9, 12598 }, // U+0493
    { 13, 19, 228, 0, 14, 31, 12607 }, // U+0494
    { 11, 14, 171, 0, 9, 20, 12638 }, // U+0495
    { 23, 18, 348, -1, 14, 52, 12658 }, // U+0496
    { 18, 12, 268, -1, 9, 27, 12710 }, // U+0497
    { 11, 19, 186, 0, 14, 27, 12737 }, // U+0498
    { 8, 14, 140, 0, 9, 14, 12764 }, // U+0499
    { 15, 18, 235, 0, 14, 34, 12778 }, // U+049A
    { 12, 13, 184, 0, 9, 20, 12812 }, // U+049B
    { 17, 14, 258, 0, 14, 30, 12832 }, // U+049C
    { 13, 9, 203, 0, 9, 15, 12862 }, // U+049D
    { 17, 15, 255, 0, 15, 32, 12877 }, // U+049E
    { 13, 15, 206, 0, 15, 25, 12909 }, // U+049F
    { 18, 14, 278, 0, 14, 32, 12934 }, // U+04A0
    { 14, 10, 212, 0, 10, 18, 12966 }, // U+04A1
    { 17, 18, 270, 0, 14, 39, 12984 }, // U+04A2
    { 13, 13, 193, 0, 9, 22, 13023 }, // U+04A3
    { 20, 15, 319, 0, 15, 38, 13045 }, // U+04A4
    { 14, 9, 224, 0, 9, 16, 13083 }, // U+04A5
    { 21, 19, 351, 0, 14, 50, 13099 }, // U+04A6
    { 16, 14, 257, 0, 9, 28, 13149 }, // U+04A7
    { 15, 14, 242, 1, 14, 27, 13177 }, // U+04A8
    { 11, 9, 178, 1, 9, 13, 13204 }, // U+04A9
    { 13, 19, 236, 1, 14, 31, 13217 }, // U+04AA
    { 9, 14, 137, 1, 9, 16, 13248 }, // U+04AB
    { 15, 19, 232, 0, 15, 36, 13264 }, // U+04AC
    { 10, 13, 150, -1, 10, 17, 13300 }, // U+04AD
    { 15, 14, 218, -1, 14, 27, 13317 }, // U+04AE
    { 11, 14, 161, 0, 9, 20, 13344 }, // U+04AF
    { 15, 14, 218, -1, 14, 27, 13364 }, // U+04B0
    { 11, 14, 161, 0, 9, 20, 13391 }, // U+04B1
    { 17, 18, 250, -1, 14, 39, 13411 }, // U+04B2
    { 11, 13, 168, 0, 9, 18, 13450 }, // U+04B3
    { 19, 19, 308, 0, 15, 46, 13468 }, // U+04B4
    { 15, 13, 233, 0, 10, 25, 13514 }, // U+04B5
    { 15, 18, 244, 0, 14, 34, 13539 }, // U+04B6
    { 13, 13, 188, -1, 9, 22, 13573 }, // U+04B7
    { 15, 14, 250, 0, 14, 27, 13595 }, // U+04B8
    { 13, 9, 197, -1, 9, 15, 13622 }, // U+04B9
    { 14, 14, 242, 0, 14, 25, 13637 }, // U+04BA
    { 13, 15, 186, 0, 15, 25, 13662 }, // U+04BB
    { 16, 14, 268, 1, 14, 28, 13687 }, // U+04BC
    { 11, 10, 168, 1, 10, 14, 13715 }, // U+04BD
    { 16, 21, 268, 1, 18, 42, 13729 }, // U+04BE
    { 11, 17, 167, 1, 14, 24, 13771 }, // U+04BF
    { 7, 14, 121, 0, 14, 13, 13795 }, // U+04C0
    { 23, 19, 348, -1, 19, 55, 13808 }, // U+04C1
    { 18, 13, 268, 0, 13, 30, 13863 }, // U+04C2
    { 13, 18, 229, 0, 14, 30, 13893 }, // U+04C3
    { 11, 14, 177, 0, 9, 20, 13923 }, // U+04C4
    { 15, 18, 247, 1, 14, 34, 13943 }, // U+04C5
    { 12, 12, 184, 0, 9, 18, 13977 }, // U+04C6
    { 16, 19, 263, 0, 14, 38, 13995 }, // U+04C7
    { 13, 14, 190, 0, 9, 23, 14033 }, // U+04C8
    { 16, 18, 267, 0, 14, 36, 14056 }, // U+04C9
    { 13, 13, 193, 0, 9, 22, 14092 }, // U+04CA
    { 15, 18, 243, 0, 14, 34, 14114 }, // U+04CB
    { 13, 12, 188, -1, 9, 20, 14148 }, // U+04CC
    { 19, 18, 306, 0, 14, 43, 14168 }, // U+04CD
    { 14, 13, 225, 0, 10, 23, 14211 }, // U+04CE
    { 7, 15, 95, 0, 15, 14, 14234 }, // U+04CF
    { 16, 19, 240, -1, 19, 38, 14248 }, // U+04D0
    { 9, 14, 146, 1, 14, 16, 14286 }, // U+04D1
    { 16, 17, 240, -1, 17, 34, 14302 }, // U+04D2
    { 10, 14, 146, 0, 14, 18, 14336 }, // U+04D3
    { 20, 14, 303, -1, 14, 35, 14354 }, // U+04D4
    { 12, 9, 208, 1, 9, 14, 14389 }, // U+04D5
    { 12, 19, 192, 0, 19, 29, 14403 }, // U+04D6
    { 9, 14, 139, 1, 14, 16, 14432 }, // U+04D7
    { 13, 14, 224, 1, 14, 23, 14448 }, // U+04D8
    { 8, 9, 140, 1, 9, 9, 14471 }, // U+04D9
    { 13, 18, 224, 1, 18, 30, 14480 }, // U+04DA
    { 8, 14, 140, 1, 14, 14, 14510 }, // U+04DB
    { 23, 18, 348, -1, 18, 52, 14524 }, // U+04DC
    { 17, 14, 268, 0, 14, 30, 14576 }, // U+04DD
    { 10, 18, 186, 1, 18, 23, 14606 }, // U+04DE
    { 7, 14, 140, 1, 14, 13, 14629 }, // U+04DF
    { 10, 14, 183, 0, 14, 18, 14642 }, // U+04E0
    { 9, 14, 152, 1, 9, 16, 14660 }, // U+04E1
    { 17, 17, 276, 0, 17, 37, 14676 }, // U+04E2
    { 13, 12, 196, 0, 12, 20, 14713 }, // U+04E3
    { 17, 17, 276, 0, 17, 37, 14733 }, // U+04E4
    { 13, 14, 196, 0, 14, 23, 14770 }, // U+04E5
    { 14, 18, 253, 1, 18, 32, 14793 }, // U+04E6
    { 10, 14, 168, 1, 14, 18, 14825 }, // U+04E7
    { 14, 14, 253, 1, 14, 25, 14843 }, // U+04E8
    { 10, 9, 168, 1, 9, 12, 14868 }, // U+04E9
    { 14, 18, 253, 1, 18, 32, 14880 }, // U+04EA
    { 10, 14, 168, 1, 14, 18, 14912 }, // U+04EB
    { 13, 18, 221, 1, 18, 30, 14930 }, // U+04EC
    { 8, 14, 141, 1, 14, 14, 14960 }, // U+04ED
    { 15, 18, 224, -1, 17, 34, 14974 }, // U+04EE
    { 12, 18, 160, 0, 13, 27, 15008 }, // U+04EF
    { 15, 19, 224, -1, 18, 36, 15035 }, // U+04F0
    { 11, 19, 160, 0, 14, 27, 15071 }, // U+04F1
    { 15, 19, 224, -1, 18, 36, 15098 }, // U+04F2
    { 11, 19, 160, 0, 14, 27, 15134 }, // U+04F3
    { 15, 17, 243, 0, 17, 32, 15161 }, // U+04F4
    { 13, 14, 188, -1, 14, 23, 15193 }, // U+04F5
    { 11, 18, 176, 0, 14, 25, 15216 }, // U+04F6
    { 8, 12, 132, 0, 9, 12, 15241 }, // U+04F7
    { 19, 17, 309, 0, 17, 41, 15253 }, // U+04F8
    { 16, 14, 240, 0, 14, 28, 15294 }, // U+04F9
    { 14, 18, 182, -2, 14, 32, 15322 }, // U+04FA
    { 9, 14, 133, -1, 9, 16, 15354 }, // U+04FB
    { 16, 19, 250, 0, 14, 38, 15370 }, // U+04FC
    { 11, 14, 158, 0, 9, 20, 15408 }, // U+04FD
    { 16, 14, 257, 0, 14, 28, 15428 }, // U+04FE
    { 11, 10, 175, 0, 9, 14, 15456 }, // U+04FF
    { 14, 13, 223, 0, 13, 23, 15470 }, // U+05D0
    { 12, 13, 192, 0, 13, 20, 15493 }, // U+05D1
    { 9, 14, 143, 0, 13, 16, 15513 }, // U+05D2
    { 11, 13, 186, 0, 13, 18, 15529 }, // U+05D3
    { 12, 13, 216, 0, 13, 20, 15547 }, // U+05D4
    { 6, 13, 118, 0, 13, 10, 15567 }, // U+05D5
    { 7, 13, 129, 1, 13, 12, 15577 }, // U+05D6
    { 13, 13, 225, 0, 13, 22, 15589 }, // U+05D7
    { 12, 13, 217, 1, 13, 20, 15611 }, // U+05D8
    { 6, 8, 117, 0, 13, 6, 15631 }, // U+05D9
    { 11, 17, 185, 0, 13, 24, 15637 }, // U+05DA
    { 10, 13, 170, 0, 13, 17, 15661 }, // U+05DB
    { 11, 17, 185, 1, 17, 24, 15678 }, // U+05DC
    { 13, 13, 227, 1, 13, 22, 15702 }, // U+05DD
    { 14, 13, 235, 0, 13, 23, 15724 }, // U+05DE
    { 6, 17, 119, 0, 13, 13, 15747 }, // U+05DF
    { 7, 13, 136, 0, 13, 12, 15760 }, // U+05E0
    { 13, 13, 226, 0, 13, 22, 15772 }, // U+05E1
    { 12, 15, 210, 1, 14, 23, 15794 }, // U+05E2
    { 12, 17, 215, 1, 13, 26, 15817 }, // U+05E3
    { 12, 13, 208, 1, 13, 20, 15843 }, // U+05E4
    { 13, 17, 201, 0, 13, 28, 15863 }, // U+05E5
    { 13, 13, 199, 0, 13, 22, 15891 }, // U+05E6
    { 14, 17, 216, 0, 13, 30, 15913 }, // U+05E7
    { 10, 13, 176, 0, 13, 17, 15943 }, // U+05E8
    { 14, 13, 262, 1, 13, 23, 15960 }, // U+05E9
    { 14, 13, 237, 0, 13, 23, 15983 }, // U+05EA
    { 16, 19, 240, 0, 15, 38, 16006 }, // U+1EA0
    { 9, 13, 146, 1, 9, 15, 16044 }, // U+1EA1
    { 17, 18, 240, -1, 18, 39, 16059 }, // U+1EA2
    { 9, 15, 146, 1, 15, 17, 16098 }, // U+1EA3
    { 17, 19, 240, -1, 19, 41, 16115 }, // U+1EA4
    { 9, 17, 146, 1, 17, 20, 16156 }, // U+1EA5
    { 17, 19, 240, -1, 19, 41, 16176 }, // U+1EA6
    { 10, 17, 146, 0, 17, 22, 16217 }, // U+1EA7
    { 16, 19, 240, 0, 19, 38, 16239 }, // U+1EA8
    { 9, 16, 146, 1, 16, 18, 16277 }, // U+1EA9
    { 17, 20, 240, -1, 20, 43, 16295 }, // U+1EAA
    { 9, 17, 146, 1, 17, 20, 16338 }, // U+1EAB
    { 16, 22, 240, 0, 18, 44, 16358 }, // U+1EAC
    { 9, 18, 146, 1, 14, 21, 16402 }, // U+1EAD
    { 16, 20, 240, 0, 20, 40, 16423 }, // U+1EAE
    { 9, 16, 146, 1, 16, 18, 16463 }, // U+1EAF
    { 16, 20, 240, 0, 20, 40, 16481 }, // U+1EB0
    { 9, 16, 146, 1, 16, 18, 16521 }, // U+1EB1
    { 16, 20, 240, 0, 20, 40, 16539 }, // U+1EB2
    { 10, 16, 146, 0, 16, 20, 16579 }, // U+1EB3
    { 16, 21, 240, 0, 21, 42, 16599 }, // U+1EB4
    { 10, 16, 146, 0, 16, 20, 16641 }, // U+1EB5
    { 16, 22, 240, 0, 18, 44, 16661 }, // U+1EB6
    { 9, 18, 146, 1, 14, 21, 16705 }, // U+1EB7
    { 12, 18, 192, 0, 14, 27, 16726 }, // U+1EB8
    { 9, 13, 139, 1, 9, 15, 16753 }, // U+1EB9
    { 12, 18, 192, 0, 18, 27, 16768 }, // U+1EBA
    { 9, 15, 139, 1, 15, 17, 16795 }, // U+1EBB
    { 12, 18, 192, 0, 18, 27, 16812 }, // U+1EBC
    { 9, 14, 139, 1, 14, 16, 16839 }, // U+1EBD
    { 13, 19, 188, 0, 19, 31, 16855 }, // U+1EBE
    { 9, 17, 139, 1, 17, 20, 16886 }, // U+1EBF
    { 13, 19, 188, -1, 19, 31, 16906 }, // U+1EC0
    { 9, 17, 139, 1, 17, 20, 16937 }, // U+1EC1
    { 12, 19, 188, 0, 19, 29, 16957 }, // U+1EC2
    { 9, 16, 139, 1, 16, 18, 16986 }, // U+1EC3
    { 12, 20, 188, 0, 20, 30, 17004 }, // U+1EC4
    { 9, 17, 139, 1, 17, 20, 17034 }, // U+1EC5
    { 12, 22, 192, 0, 18, 33, 17054 }, // U+1EC6
    { 9, 18, 139, 1, 14, 21, 17087 }, // U+1EC7
    { 8, 18, 121, 0, 18, 18, 17108 }, // U+1EC8
    { 7, 15, 98, 0, 15, 14, 17126 }, // U+1EC9
    { 7, 18, 121, 0, 14, 16, 17140 }, // U+1ECA
    { 7, 19, 98, -1, 14, 17, 17156 }, // U+1ECB
    { 13, 18, 253, 1, 14, 30, 17173 }, // U+1ECC
    { 10, 13, 168, 1, 9, 17, 17203 }, // U+1ECD
    { 14, 18, 253, 1, 18, 32, 17220 }, // U+1ECE
    { 10, 15, 168, 1, 15, 19, 17252 }, // U+1ECF
    { 14, 19, 253, 1, 19, 34, 17271 }, // U+1ED0
    { 10, 17, 168, 1, 17, 22, 17305 }, // U+1ED1
    { 14, 19, 253, 1, 19, 34, 17327 }, // U+1ED2
    { 10, 17, 168, 1, 17, 22, 17361 }, // U+1ED3
    { 14, 19, 253, 1, 19, 34, 17383 }, // U+1ED4
    { 10, 16, 168, 1, 16, 20, 17417 }, // U+1ED5
    { 14, 20, 253, 1, 20, 35, 17437 }, // U+1ED6
    { 10, 17, 168, 1, 17, 22, 17472 }, // U+1ED7
    { 13, 22, 253, 1, 18, 36, 17494 }, // U+1ED8
    { 10, 18, 168, 1, 14, 23, 17530 }, // U+1ED9
    { 16, 18, 253, 1, 18, 36, 17553 }, // U+1EDA
    { 11, 14, 181, 1, 14, 20, 17589 }, // U+1EDB
    { 16, 18, 253, 1, 18, 36, 17609 }, // U+1EDC
    { 11, 14, 181, 1, 14, 20, 17645 }, // U+1EDD
    { 16, 18, 253, 1, 18, 36, 17665 }, // U+1EDE
    { 11, 15, 181, 1, 15, 21, 17701 }, // U+1EDF
    { 16, 18, 253, 1, 18, 36, 17722 }, // U+1EE0
    { 11, 14, 181, 1, 14, 20, 17758 }, // U+1EE1
    { 16, 20, 253, 1, 16, 40, 17778 }, // U+1EE2
    { 11, 16, 181, 1, 12, 22, 17818 }, // U+1EE3
    { 16, 18, 248, 0, 14, 36, 17840 }, // U+1EE4
    { 13, 13, 184, 0, 9, 22, 17876 }, // U+1EE5
    { 16, 18, 248, 0, 18, 36, 17898 }, // U+1EE6
    { 13, 15, 184, 0, 15, 25, 17934 }, // U+1EE7
    { 17, 18, 248, 0, 18, 39, 17959 }, // U+1EE8
    { 13, 14, 200, 0, 14, 23, 17998 }, // U+1EE9
    { 17, 18, 248, 0, 18, 39, 18021 }, // U+1EEA
    { 13, 14, 200, 0, 14, 23, 18060 }, // U+1EEB
    { 17, 18, 248, 0, 18, 39, 18083 }, // U+1EEC
    { 13, 15, 200, 0, 15, 25, 18122 }, // U+1EED
    { 17, 18, 248, 0, 18, 39, 18147 }, // U+1EEE
    { 13, 14, 200, 0, 14, 23, 18186 }, // U+1EEF
    { 17, 21, 248, 0, 17, 45, 18209 }, // U+1EF0
    { 13, 17, 200, 0, 13, 28, 18254 }, // U+1EF1
    { 15, 18, 218, -1, 18, 34, 18282 }, // U+1EF2
    { 11, 20, 160, 0, 14, 28, 18316 }, // U+1EF3
    { 15, 18, 218, -1, 14, 34, 18344 }, // U+1EF4
    { 11, 15, 160, 0, 9, 21, 18378 }, // U+1EF5
    { 15, 18, 218, -1, 18, 34, 18399 }, // U+1EF6
    { 11, 21, 160, 0, 15, 29, 18433 }, // U+1EF7
    { 15, 18, 218, -1, 18, 34, 18462 }, // U+1EF8
    { 11, 20, 160, 0, 14, 28, 18496 }, // U+1EF9
    { 0, 0, 194, 0, 0, 0, 18524 }, // U+2000
    { 0, 0, 224, 0, 0, 0, 18524 }, // U+2001
    { 0, 0, 194, 0, 0, 0, 18524 }, // U+2002
    { 0, 0, 224, 0, 0, 0, 18524 }, // U+2003
    { 0, 0, 184, 0, 0, 0, 18524 }, // U+2004
    { 0, 0, 179, 0, 0, 0, 18524 }, // U+2005
    { 0, 0, 174, 0, 0, 0, 18524 }, // U+2006
    { 0, 0, 196, 0, 0, 0, 18524 }, // U+2007
    { 0, 0, 178, 0, 0, 0, 18524 }, // U+2008
    { 0, 0, 170, 0, 0, 0, 18524 }, // U+2009
    { 0, 0, 165, 0, 0, 0, 18524 }, // U+200A
    { 0, 0, 164, 0, 0, 0, 18524 }, // U+200B
    { 0, 0, 164, 0, 0, 0, 18524 }, // U+200C
    { 0, 0, 164, 0, 0, 0, 18524 }, // U+200D
    { 0, 0, 184, 0, 0, 0, 18524 }, // U+200E
    { 0, 0, 184, 0, 0, 0, 18524 }, // U+200F
    { 6, 3, 105, 1, 6, 3, 18524 }, // U+2010
    { 6, 3, 105, 1, 6, 3, 18527 }, // U+2011
    { 14, 1, 219, 0, 5, 2, 18530 }, // U+2012
    { 13, 1, 211, 0, 5, 2, 18532 }, // U+2013
    { 20, 1, 320, 0, 5, 3, 18534 }, // U+2014
    { 46, 1, 735, 0, 5, 6, 18537 }, // U+2015
    { 6, 21, 151, 2, 15, 16, 18543 }, // U+2016
    { 5, 6, 80, 1, 15, 4, 18559 }, // U+2018
    { 5, 6, 80, 0, 15, 4, 18563 }, // U+2019
    { 5, 6, 80, 0, 3, 4, 18567 }, // U+201A
    { 9, 6, 146, 1, 15, 7, 18571 }, // U+201C
    { 9, 6, 146, 0, 15, 7, 18578 }, // U+201D
    { 9, 6, 146, 0, 3, 7, 18585 }, // U+201E
    { 9, 17, 162, 1, 14, 20, 18592 }, // U+2020
    { 9, 18, 162, 1, 14, 21, 18612 }, // U+2021
    { 6, 6, 124, 1, 10, 5, 18633 }, // U+2022
    { 3, 3, 82, 1, 3, 2, 18638 }, // U+2024
    { 9, 3, 170, 1, 3, 4, 18640 }, // U+2025
    { 13, 3, 249, 1, 3, 5, 18644 }, // U+2026
    { 3, 3, 66, 1, 9, 2, 18649 }, // U+2027
    { 0, 0, 164, 0, 0, 0, 18651 }, // U+202A
    { 21, 14, 340, 1, 14, 37, 18651 }, // U+2030
    { 3, 6, 63, 1, 14, 3, 18688 }, // U+2032
    { 6, 6, 109, 1, 14, 5, 18691 }, // U+2033
    { 9, 6, 155, 1, 14, 7, 18696 }, // U+2034
    { 3, 6, 63, 0, 14, 3, 18703 }, // U+2035
    { 6, 6, 109, 0, 14, 5, 18706 }, // U+2036
    { 9, 6, 155, 0, 14, 7, 18711 }, // U+2037
    { 6, 9, 124, 1, 9, 7, 18718 }, // U+2039
    { 7, 9, 124, 0, 9, 8, 18725 }, // U+203A
    { 8, 14, 173, 1, 14, 14, 18733 }, // U+203C
    { 7, 14, 131, 1, 14, 13, 18747 }, // U+203D
    { 12, 1, 190, 0, 13, 2, 18760 }, // U+203E
    { 11, 14, 17, -5, 14, 20, 18762 }, // U+2044
    { 13, 14, 231, 1, 14, 23, 18782 }, // U+2047
    { 11, 14, 204, 1, 14, 20, 18805 }, // U+2048
    { 10, 14, 203, 1, 14, 18, 18825 }, // U+2049
    { 13, 20, 209, 0, 14, 33, 18843 }, // U+204B
    { 8, 7, 119, 0, 6, 7, 18876 }, // U+204E
    { 12, 6, 201, 1, 14, 9, 18883 }, // U+2057
    { 0, 0, 164, 0, 0, 0, 18892 }, // U+2060
    { 6, 7, 114, 1, 16, 6, 18892 }, // U+2070
    { 5, 10, 80, 0, 16, 7, 18898 }, // U+2071
    { 8, 8, 111, 0, 17, 8, 18905 }, // U+2074
    { 6, 7, 96, 1, 16, 6, 18913 }, // U+2075
    { 6, 8, 105, 1, 17, 6, 18919 }, // U+2076
    { 7, 7, 102, 0, 16, 7, 18925 }, // U+2077
    { 7, 7, 105, 1, 16, 7, 18932 }, // U+2078
    { 7, 7, 112, 0, 16, 7, 18939 }, // U+2079
    { 8, 7, 139, 0, 16, 7, 18946 }, // U+207A
    { 8, 1, 129, 0, 13, 1, 18953 }, // U+207B
    { 8, 4, 133, 0, 15, 4, 18954 }, // U+207C
    { 4, 12, 66, 1, 18, 6, 18958 }, // U+207D
    { 4, 12, 66, 0, 18, 6, 18964 }, // U+207E
    { 9, 7, 141, 0, 13, 8, 18970 }, // U+207F
    { 6, 7, 114, 1, 4, 6, 18978 }, // U+2080
    { 6, 7, 83, 0, 4, 6, 18984 }, // U+2081
    { 8, 7, 114, 0, 4, 7, 18990 }, // U+2082
    { 6, 7, 98, 0, 4, 6, 18997 }, // U+2083
    { 8, 8, 111, 0, 5, 8, 19003 }, // U+2084
    { 6, 7, 96, 1, 4, 6, 19011 }, // U+2085
    { 6, 7, 105, 1, 4, 6, 19017 }, // U+2086
    { 7, 7, 102, 0, 4, 7, 19023 }, // U+2087
    { 7, 7, 105, 1, 4, 7, 19030 }, // U+2088
    { 7, 7, 112, 0, 4, 7, 19037 }, // U+2089
    { 8, 7, 139, 0, 4, 7, 19044 }, // U+208A
    { 8, 1, 129, 0, 1, 1, 19051 }, // U+208B
    { 8, 4, 133, 0, 3, 4, 19052 }, // U+208C
    { 4, 13, 66, 1, 7, 7, 19056 }, // U+208D
    { 4, 13, 66, 0, 7, 7, 19063 }, // U+208E
    { 7, 7, 113, 1, 4, 7, 19070 }, // U+2090
    { 6, 7, 108, 1, 4, 6, 19077 }, // U+2091
    { 7, 7, 127, 1, 4, 7, 19083 }, // U+2092
    { 8, 7, 124, 0, 3, 7, 19090 }, // U+2093
    { 6, 6, 101, 0, 1, 5, 19097 }, // U+2094
    { 9, 10, 138, 0, 7, 12, 19102 }, // U+2095
    { 9, 10, 141, 0, 7, 12, 19114 }, // U+2096
    { 5, 11, 77, 0, 8, 7, 19126 }, // U+2097
    { 12, 7, 197, 0, 4, 11, 19133 }, // U+2098
    { 9, 7, 141, 0, 4, 8, 19144 }, // U+2099
    { 8, 10, 137, 0, 3, 10, 19152 }, // U+209A
    { 6, 7, 94, 0, 4, 6, 19162 }, // U+209B
    { 6, 7, 96, 0, 4, 6, 19168 }, // U+209C
    { 13, 18, 236, 1, 16, 30, 19174 }, // U+20A1
    { 12, 14, 188, 0, 14, 21, 19204 }, // U+20A3
    { 12, 14, 189, 0, 14, 21, 19225 }, // U+20A4
    { 13, 16, 215, 0, 12, 26, 19246 }, // U+20A5
    { 18, 14, 276, 0, 14, 32, 19272 }, // U+20A6
    { 14, 14, 223, 0, 14, 25, 19304 }, // U+20A7
    { 19, 14, 307, 0, 14, 34, 19329 }, // U+20A8
    { 22, 14, 340, 0, 14, 39, 19363 }, // U+20A9
    { 15, 13, 291, 1, 13, 25, 19402 }, // U+20AA
    { 11, 17, 167, 1, 15, 24, 19427 }, // U+20AB
    { 16, 14, 246, -1, 14, 28, 19451 }, // U+20AC
    { 16, 14, 254, 0, 14, 28, 19479 }, // U+20AD
    { 15, 15, 232, 0, 15, 29, 19507 }, // U+20AE
    { 14, 14, 213, 0, 14, 25, 19536 }, // U+20B1
    { 14, 17, 240, 1, 15, 30, 19561 }, // U+20B2
    { 11, 14, 184, 0, 14, 20, 19591 }, // U+20B4
    { 13, 17, 236, 1, 15, 28, 19611 }, // U+20B5
    { 13, 14, 203, 0, 14, 23, 19639 }, // U+20B8
    { 11, 15, 176, 0, 14, 21, 19662 }, // U+20B9
    { 11, 14, 183, 0, 14, 20, 19683 }, // U+20BA
    { 16, 15, 248, 0, 15, 30, 19703 }, // U+20BC
    { 12, 14, 205, 0, 14, 21, 19733 }, // U+20BD
    { 21, 9, 337, 0, 11, 24, 19754 }, // U+2190
    { 9, 19, 149, 0, 15, 22, 19778 }, // U+2191
    { 21, 9, 337, 0, 11, 24, 19800 }, // U+2192
    { 9, 19, 149, 0, 15, 22, 19824 }, // U+2193
    { 21, 9, 336, 0, 11, 24, 19846 }, // U+2194
    { 9, 19, 146, 0, 14, 22, 19870 }, // U+2195
    { 15, 16, 256, 1, 12, 30, 19892 }, // U+2196
    { 17, 15, 260, 0, 12, 32, 19922 }, // U+2197
    { 15, 17, 256, 0, 13, 32, 19954 }, // U+2198
    { 16, 15, 260, 0, 12, 30, 19986 }, // U+2199
    { 21, 15, 337, 0, 14, 40, 20016 }, // U+219A
    { 21, 15, 337, 0, 14, 40, 20056 }, // U+219B
    { 21, 8, 337, 0, 10, 21, 20096 }, // U+219E
    { 9, 18, 149, 0, 14, 21, 20117 }, // U+219F
    { 21, 8, 337, 0, 10, 21, 20138 }, // U+21A0
    { 9, 18, 149, 0, 14, 21, 20159 }, // U+21A1
    { 19, 9, 310, 0, 11, 22, 20180 }, // U+21A2
    { 21, 15, 336, 0, 14, 40, 20202 }, // U+21AE
    { 20, 10, 322, 0, 11, 25, 20242 }, // U+21D0
    { 10, 19, 149, 0, 15, 24, 20267 }, // U+21D1
    { 20, 9, 322, 0, 11, 23, 20291 }, // U+21D2
    { 9, 19, 149, 0, 14, 22, 20314 }, // U+21D3
    { 21, 10, 335, 0, 12, 27, 20336 }, // U+21DA
    { 21, 9, 335, 0, 11, 24, 20363 }, // U+21DB
    { 10, 15, 171, 0, 15, 19, 20387 }, // U+2202
    { 13, 16, 226, 0, 14, 26, 20406 }, // U+2205
    { 13, 14, 217, 0, 14, 23, 20432 }, // U+2206
    { 13, 15, 229, 1, 14, 25, 20455 }, // U+2207
    { 16, 15, 263, 0, 15, 30, 20480 }, // U+220F
    { 16, 15, 263, 0, 14, 30, 20510 }, // U+2210
    { 13, 17, 185, -1, 15, 28, 20540 }, // U+2211
    { 13, 2, 204, 0, 6, 4, 20568 }, // U+2212
    { 12, 14, 200, 0, 13, 21, 20572 }, // U+2213
    { 9, 16, 135, 0, 14, 18, 20593 }, // U+2215
    { 9, 16, 135, 0, 14, 18, 20611 }, // U+2216
    { 5, 5, 80, 0, 7, 4, 20629 }, // U+2219
    { 14, 17, 145, -1, 14, 30, 20633 }, // U+221A
    { 16, 9, 273, 1, 9, 18, 20663 }, // U+221E
    { 3, 22, 92, 1, 15, 9, 20681 }, // U+2223
    { 9, 22, 92, -2, 15, 25, 20690 }, // U+2224
    { 7, 22, 146, 1, 15, 20, 20715 }, // U+2225
    { 11, 21, 146, -1, 15, 29, 20735 }, // U+2226
    { 13, 18, 124, -3, 14, 30, 20764 }, // U+222B
    { 4, 10, 94, 1, 9, 5, 20794 }, // U+2236
    { 11, 4, 182, 0, 9, 6, 20799 }, // U+223C
    { 11, 13, 182, 0, 13, 18, 20805 }, // U+2241
    { 11, 8, 182, 0, 10, 11, 20823 }, // U+2248
    { 13, 12, 210, 0, 11, 20, 20834 }, // U+2260
    { 12, 12, 199, 0, 12, 18, 20854 }, // U+2264
    { 12, 12, 199, 0, 12, 18, 20872 }, // U+2265
    { 17, 11, 279, 0, 10, 24, 20890 }, // U+226A
    { 17, 11, 279, 0, 10, 24, 20914 }, // U+226B
    { 11, 14, 180, 0, 12, 20, 20938 }, // U+226E
    { 11, 14, 180, 0, 12, 20, 20958 }, // U+226F
    { 5, 5, 85, 0, 7, 4, 20978 }, // U+22C5
    { 14, 5, 225, 0, 7, 9, 20982 }, // U+22EF
    { 17, 15, 221, 0, 15, 32, 20991 }, // U+FB00
    { 13, 15, 197, 0, 15, 25, 21023 }, // U+FB01
    { 13, 15, 201, 0, 15, 25, 21048 }, // U+FB02
    { 20, 15, 298, 0, 15, 38, 21073 }, // U+FB03
    { 20, 15, 302, 0, 15, 38, 21111 }, // U+FB04
    { 15, 15, 223, 0, 15, 29, 21149 }, // U+FB05
    { 16, 14, 238, 0, 14, 28, 21178 }, // U+FB06
    { 17, 17, 267, 0, 15, 37, 21206 }, // U+FFFD
};

static const EpdUnicodeInterval ebgaramond_10_boldIntervals[] = {
    { 0x0, 0x0, 0x0 },
    { 0xD, 0xD, 0x1 },
    { 0x20, 0x7E, 0x2 },
    { 0xA0, 0x17F, 0x61 },
    { 0x1A0, 0x1A1, 0x141 },
    { 0x1AF, 0x1B0, 0x143 },
    { 0x1C4, 0x21F, 0x145 },
    { 0x300, 0x33E, 0x1A1 },
    { 0x340, 0x345, 0x1E0 },
    { 0x34F, 0x34F, 0x1E6 },
    { 0x351, 0x351, 0x1E7 },
    { 0x353, 0x353, 0x1E8 },
    { 0x357, 0x357, 0x1E9 },
    { 0x35D, 0x35D, 0x1EA },
    { 0x361, 0x361, 0x1EB },
    { 0x364, 0x364, 0x1EC },
    { 0x400, 0x45F, 0x1ED },
    { 0x462, 0x463, 0x24D },
    { 0x46A, 0x46B, 0x24F },
    { 0x470, 0x470, 0x251 },
    { 0x472, 0x477, 0x252 },
    { 0x48A, 0x4FF, 0x258 },
    { 0x5D0, 0x5EA, 0x2CE },
    { 0x1EA0, 0x1EF9, 0x2E9 },
    { 0x2000, 0x2016, 0x343 },
    { 0x2018, 0x201A, 0x35A },
    { 0x201C, 0x201E, 0x35D },
    { 0x2020, 0x2022, 0x360 },
    { 0x2024, 0x2027, 0x363 },
    { 0x202A, 0x202A, 0x367 },
    { 0x2030, 0x2030, 0x368 },
    { 0x2032, 0x2037, 0x369 },
    { 0x2039, 0x203A, 0x36F },
    { 0x203C, 0x203E, 0x371 },
    { 0x2044, 0x2044, 0x374 },
    { 0x2047, 0x2049, 0x375 },
    { 0x204B, 0x204B, 0x378 },
    { 0x204E, 0x204E, 0x379 },
    { 0x2057, 0x2057, 0x37A },
    { 0x2060, 0x2060, 0x37B },
    { 0x2070, 0x2071, 0x37C },
    { 0x2074, 0x208E, 0x37E },
    { 0x2090, 0x209C, 0x399 },
    { 0x20A1, 0x20A1, 0x3A6 },
    { 0x20A3, 0x20AE, 0x3A7 },
    { 0x20B1, 0x20B2, 0x3B3 },
    { 0x20B4, 0x20B5, 0x3B5 },
    { 0x20B8, 0x20BA, 0x3B7 },
    { 0x20BC, 0x20BD, 0x3BA },
    { 0x2190, 0x219B, 0x3BC },
    { 0x219E, 0x21A2, 0x3C8 },
    { 0x21AE, 0x21AE, 0x3CD },
    { 0x21D0, 0x21D3, 0x3CE },
    { 0x21DA, 0x21DB, 0x3D2 },
    { 0x2202, 0x2202, 0x3D4 },
    { 0x2205, 0x2207, 0x3D5 },
    { 0x220F, 0x2213, 0x3D8 },
    { 0x2215, 0x2216, 0x3DD },
    { 0x2219, 0x221A, 0x3DF },
    { 0x221E, 0x221E, 0x3E1 },
    { 0x2223, 0x2226, 0x3E2 },
    { 0x222B, 0x222B, 0x3E6 },
    { 0x2236, 0x2236, 0x3E7 },
    { 0x223C, 0x223C, 0x3E8 },
    { 0x2241, 0x2241, 0x3E9 },
    { 0x2248, 0x2248, 0x3EA },
    { 0x2260, 0x2260, 0x3EB },
    { 0x2264, 0x2265, 0x3EC },
    { 0x226A, 0x226B, 0x3EE },
    { 0x226E, 0x226F, 0x3F0 },
    { 0x22C5, 0x22C5, 0x3F2 },
    { 0x22EF, 0x22EF, 0x3F3 },
    { 0xFB00, 0xFB06, 0x3F4 },
    { 0xFFFD, 0xFFFD, 0x3FB },
};

static const uint16_t ebgaramond_10_boldKernLeftCodepoints[] = {
    0x0026, 0x0028, 0x002A, 0x002C, 0x002D, 0x002E, 0x002F, 0x003A, 0x0040, 0x0041, 0x0042, 0x0043,
    0x0044, 0x0045, 0x0046, 0x0047, 0x0048, 0x0049, 0x004A, 0x004B, 0x004C, 0x004D, 0x004E, 0x004F,
    0x0050, 0x0051, 0x0052, 0x0053, 0x0054, 0x0055, 0x0056, 0x0057, 0x0058, 0x0059, 0x005A, 0x005B,
    0x005C, 0x0061, 0x0062, 0x0063, 0x0064, 0x0065, 0x0066, 0x0067, 0x0068, 0x0069, 0x006B, 0x006C,
    0x006D, 0x006E, 0x006F, 0x0070, 0x0071, 0x0072, 0x0073, 0x0074, 0x0075, 0x0076, 0x0077, 0x0078,
    0x0079, 0x00A1, 0x00A7, 0x00AB, 0x00AE, 0x00B6, 0x00B7, 0x00BB, 0x00BF, 0x00C0, 0x00C1, 0x00C2,
    0x00C3, 0x00C4, 0x00C5, 0x00C6, 0x00C7, 0x00C8, 0x00C9, 0x00CA, 0x00CB, 0x00CC, 0x00CD, 0x00CE,
    0x00CF, 0x00D0, 0x00D1, 0x00D2, 0x00D3, 0x00D4, 0x00D5, 0x00D6, 0x00D8, 0x00D9, 0x00DA, 0x00DB,
    0x00DC, 0x00DD, 0x00DE, 0x00DF, 0x00E0, 0x00E1, 0x00E2, 0x00E3, 0x00E4, 0x00E5, 0x00E6, 0x00E7,
    0x00E8, 0x00E9, 0x00EA, 0x00EB, 0x00EC, 0x00ED, 0x00EE, 0x00EF, 0x00F1, 0x00F2, 0x00F3, 0x00F4,
    0x00F5, 0x00F6, 0x00F8, 0x00F9, 0x00FA, 0x00FB, 0x00FC, 0x00FD, 0x00FE, 0x00FF, 0x0100, 0x0101,
    0x0102, 0x0103, 0x0104, 0x0105, 0x0106, 0x0107, 0x0108, 0x0109, 0x010A, 0x010B, 0x010C, 0x010D,
    0x010E, 0x010F, 0x0110, 0x0111, 0x0112, 0x0113, 0x0114, 0x0115, 0x0116, 0x0117, 0x0118, 0x0119,
    0x011A, 0x011B, 0x011C, 0x011D, 0x011E, 0x011F, 0x0120, 0x0121, 0x0122, 0x0123, 0x0124, 0x0125,
    0x0126, 0x0127, 0x0128, 0x012A, 0x012C, 0x012D, 0x012E, 0x0130, 0x0131, 0x0132, 0x0134, 0x0136,
    0x0137, 0x0138, 0x0139, 0x013A, 0x013B, 0x013C, 0x013D, 0x013E, 0x013F, 0x0141, 0x0142, 0x0143,
    0x0144, 0x0145, 0x0146, 0x0147, 0x0148, 0x0149, 0x014A, 0x014C, 0x014D, 0x014E, 0x014F, 0x0150,
    0x0151, 0x0152, 0x0153, 0x0154, 0x0155, 0x0156, 0x0157, 0x0158, 0x0159, 0x015A, 0x015B, 0x015C,
    0x015D, 0x015E, 0x015F, 0x0160, 0x0161, 0x0162, 0x0163, 0x0164, 0x0166, 0x0167, 0x0168, 0x0169,
    0x016A, 0x016B, 0x016C, 0x016D, 0x016E, 0x016F, 0x0170, 0x0171, 0x0172, 0x0173, 0x0174, 0x0175,
    0x0176, 0x0177, 0x0178, 0x0179, 0x017B, 0x017D, 0x017F, 0x01A0, 0x01AF, 0x01C4, 0x01C7, 0x01CA,
    0x01CD, 0x01CE, 0x01CF, 0x01D0, 0x01D1, 0x01D2, 0x01D3, 0x01D4, 0x01D5, 0x01D6, 0x01D7, 0x01D8,
    0x01D9, 0x01DA, 0x01DB, 0x01DC, 0x01DD, 0x01DE, 0x01DF, 0x01E0, 0x01E1, 0x01E2, 0x01E3, 0x01E4,
    0x01E5, 0x01E6, 0x01E7, 0x01E8, 0x01E9, 0x01EA, 0x01EB, 0x01EC, 0x01ED, 0x01EE, 0x01EF, 0x01F1,
    0x01F4, 0x01F5, 0x01F6, 0x01F7, 0x01F8, 0x01F9, 0x01FA, 0x01FB, 0x01FC, 0x01FD, 0x01FE, 0x01FF,
    0x0200, 0x0201, 0x0202, 0x0203, 0x0204, 0x0205, 0x0206, 0x0207, 0x0208, 0x0209, 0x020A, 0x020B,
    0x020C, 0x020D, 0x020E, 0x020F, 0x0210, 0x0211, 0x0212, 0x0213, 0x0214, 0x0215, 0x0216, 0x0217,
    0x0218, 0x0219, 0x021A, 0x021B, 0x021E, 0x021F, 0x0400, 0x0401, 0x0402, 0x0403, 0x0404, 0x0405,
    0x0406, 0x0407, 0x0408, 0x0409, 0x040A, 0x040B, 0x040C, 0x040D, 0x040E, 0x040F, 0x0410, 0x0411,
    0x0412, 0x0413, 0x0414, 0x0415, 0x0416, 0x0417, 0x0418, 0x0419, 0x041A, 0x041B, 0x041C, 0x041D,
    0x041E, 0x041F, 0x0420, 0x0421, 0x0422, 0x0423, 0x0424, 0x0425, 0x0426, 0x0427, 0x0428, 0x0429,
    0x042A, 0x042B, 0x042C, 0x042D, 0x042E, 0x042F, 0x0430, 0x0431, 0x0432, 0x0433, 0x0434, 0x0435,
    0x0436, 0x0437, 0x0438, 0x0439, 0x043A, 0x043B, 0x043C, 0x043D, 0x043E, 0x043F, 0x0440, 0x0441,
    0x0442, 0x0443, 0x0444, 0x0445, 0x0446, 0x0447, 0x0448, 0x0449, 0x044A, 0x044B, 0x044C, 0x044D,
    0x044E, 0x044F, 0x0450, 0x0451, 0x0452, 0x0453, 0x0454, 0x0455, 0x0456, 0x0457, 0x0459, 0x045A,
    0x045B, 0x045C, 0x045D, 0x045E, 0x045F, 0x0462, 0x0463, 0x046A, 0x046B, 0x0470, 0x0472, 0x0473,
    0x0474, 0x0475, 0x0476, 0x0477, 0x048A, 0x048B, 0x048C, 0x048D, 0x048E, 0x048F, 0x0490, 0x0491,
    0x0492, 0x0493, 0x0494, 0x0495, 0x0496, 0x0497, 0x0498, 0x0499, 0x049A, 0x049B, 0x049C, 0x049D,
    0x049E, 0x049F, 0x04A0, 0x04A1, 0x04A2, 0x04A3, 0x04A4, 0x04A5, 0x04A6, 0x04A7, 0x04A8, 0x04A9,
    0x04AA, 0x04AB, 0x04AC, 0x04AD, 0x04AE, 0x04AF, 0x04B0, 0x04B1, 0x04B2, 0x04B3, 0x04B4, 0x04B5,
    0x04B6, 0x04B7, 0x04B8, 0x04B9, 0x04BA, 0x04BB, 0x04BC, 0x04BD, 0x04BE, 0x04BF, 0x04C0, 0x04C1,
    0x04C2, 0x04C3, 0x04C4, 0x04C5, 0x04C6, 0x04C7, 0x04C8, 0x04C9, 0x04CA, 0x04CB, 0x04CC, 0x04CD,
    0x04CE, 0x04D0, 0x04D1, 0x04D2, 0x04D3, 0x04D4, 0x04D5, 0x04D6, 0x04D7, 0x04D8, 0x04D9, 0x04DA,
    0x04DB, 0x04DC, 0x04DD, 0x04DE, 0x04DF, 0x04E0, 0x04E1, 0x04E2, 0x04E3, 0x04E4, 0x04E5, 0x04E6,
    0x04E7, 0x04E8, 0x04E9, 0x04EA, 0x04EB, 0x04EC, 0x04ED, 0x04EE, 0x04EF, 0x04F0, 0x04F1, 0x04F2,
    0x04F3, 0x04F4, 0x04F5, 0x04F6, 0x04F7, 0x04F8, 0x04F9, 0x04FA, 0x04FB, 0x04FC, 0x04FD, 0x04FE,
    0x04FF, 0x05D0, 0x05D1, 0x05D2, 0x05D3, 0x05D5, 0x05D8, 0x05D9, 0x05DB, 0x05DC, 0x05DE, 0x05E0,
    0x05E1, 0x05E2, 0x05E4, 0x05E6, 0x05E8, 0x05E9, 0x05EA, 0x1EA0, 0x1EA1, 0x1EA2, 0x1EA3, 0x1EA4,
    0x1EA5, 0x1EA6, 0x1EA7, 0x1EA8, 0x1EA9, 0x1EAA, 0x1EAB, 0x1EAC, 0x1EAD, 0x1EAE, 0x1EAF, 0x1EB0,
    0x1EB1, 0x1EB2, 0x1EB3, 0x1EB4, 0x1EB5, 0x1EB6, 0x1EB7, 0x1EB8, 0x1EB9, 0x1EBA, 0x1EBB, 0x1EBC,
    0x1EBD, 0x1EBE, 0x1EBF, 0x1EC0, 0x1EC1, 0x1EC2, 0x1EC3, 0x1EC4, 0x1EC5, 0x1EC6, 0x1EC7, 0x1EC8,
    0x1EC9, 0x1ECA, 0x1ECB, 0x1ECC, 0x1ECD, 0x1ECE, 0x1ECF, 0x1ED0, 0x1ED1, 0x1ED2, 0x1ED3, 0x1ED4,
    0x1ED5, 0x1ED6, 0x1ED7, 0x1ED8, 0x1ED9, 0x1EDA, 0x1EDC, 0x1EDE, 0x1EE0, 0x1EE2, 0x1EE4, 0x1EE5,
    0x1EE6, 0x1EE7, 0x1EE8, 0x1EEA, 0x1EEC, 0x1EEE, 0x1EF0, 0x1EF2, 0x1EF3, 0x1EF4, 0x1EF5, 0x1EF6,
    0x1EF7, 0x1EF8, 0x1EF9, 0x2018, 0x2019, 0x201A, 0x201C, 0x201D, 0x201E, 0x2020, 0x2022, 0x203A,
};

static const uint8_t ebgaramond_10_boldKernLeftClassIds[] = {
      1,   2,   3,   4,   5,   4,   6,   7,   8,   9,  10,  11,  12,  13,  14,  15,
     16,  16,  17,  18,  19,  20,  21,  12,  22,  12,  23,  24,  25,  26,  27,  27,
     28,  29,  30,  31,  32,  33,  34,  35,  36,  37,  38,  39,  40,  41,  42,  36,
     40,  40,  34,  34,  43,  44,  45,  46,  41,  47,  47,  48,  47,  49,  50,  51,
     52,  53,  54,  55,  56,   9,   9,   9,   9,   9,   9,  13,  11,  13,  13,  13,
     13,  16,  16,  16,  16,  12,  21,  12,  12,  12,  12,  12,  12,  26,  26,  26,
     26,  29,  57,  58,  33,  33,  33,  33,  33,  33,  37,  35,  37,  37,  37,  37,
     41,  41,  41,  41,  40,  34,  34,  34,  34,  34,  34,  41,  41,  41,  41,  47,
     34,  47,   9,  33,   9,  33,   9,  33,  11,  35,  11,  35,  11,  35,  11,  35,
     12,  59,  12,  36,  13,  37,  13,  37,  13,  37,  13,  37,  13,  37,  15,  39,
     15,  39,  15,  39,  15,  39,  16,  40,  16,  40,  16,  16,  16,  41,  16,  16,
     41,  17,  17,  18,  42,  42,  19,  36,  19,  36,  19,  59,  19,  19,  36,  21,
     40,  21,  40,  21,  40,  40,  21,  12,  34,  12,  34,  12,  34,  13,  37,  23,
     44,  23,  44,  23,  44,  24,  45,  24,  45,  24,  45,  24,  45,  25,  46,  25,
     25,  46,  26,  41,  26,  41,  26,  41,  26,  41,  26,  41,  26,  41,  27,  47,
     29,  47,  29,  30,  30,  30,  60,  12,  26,  30,  17,  17,   9,  33,  16,  41,
     12,  34,  26,  41,  26,  41,  26,  41,  26,  41,  26,  41,  34,   9,  33,   9,
     33,  13,  37,  15,  39,  15,  39,  18,  42,  12,  34,  12,  34,  61,  62,  30,
     15,  39,  63,  64,  21,  40,   9,  33,  13,  37,  12,  34,   9,  33,   9,  33,
     13,  37,  13,  37,  16,  41,  16,  41,  12,  34,  12,  34,  23,  44,  23,  44,
     26,  41,  26,  41,  24,  45,  25,  46,  16,  40,  13,  13,  65,  66,  11,  24,
     16,  16,  17,  67,  67,  68,  69,  16,  27,  16,   9,  70,  10,  66,  16,  13,
     69,  10,  16,  16,  69,  16,  20,  16,  12,  16,  22,  11,  25,  27,  71,  28,
     16,  16,  16,  16,  67,  16,  67,  12,  12,  16,  33,  34,  72,  73,  74,  37,
     75,  72,  74,  74,  75,  74,  76,  74,  34,  74,  34,  35,  77,  47,  34,  48,
     74,  74,  74,  74,  78,  74,  78,  34,  34,  74,  37,  37,  79,  73,  35,  45,
     41,  41,  78,  78,  40,  75,  74,  47,  74,  80,  81,  82,  83,  84,  12,  34,
     27,  85,  27,  85,  16,  74,  80,  81,  22,  34,  66,  86,  66,  73,  87,  88,
     69,  75,  10,  72,  69,  75,  69,  75,  69,  75,  69,  75,  16,  74,  25,  77,
     89,  79,  90,  91,  11,  35,  25,  77,  29,  47,  29,  47,  28,  48,  16,  74,
     16,  74,  16,  74,  92,  40,  93,  37,  93,  37,  16,  69,  75,  94,  95,  16,
     74,  17,  96,  16,  74,  16,  74,  20,  76,   9,  33,   9,  33,  13,  37,  13,
     37,  12,  34,  12,  34,  69,  75,  10,  72,  61,  62,  16,  74,  16,  74,  12,
     34,  12,  34,  12,  34,  12,  34,  27,  47,  27,  47,  27,  47,  16,  74,  66,
     73,  16,  74,  66,  73,  97,  98,  28,  48,  99, 100, 101, 102, 103, 104, 105,
    106, 107, 108, 109, 110, 111, 112, 113, 114, 115, 116,   9,  33,   9,  33,   9,
     33,   9,  33,   9,  33,   9,  33,   9,  33,   9,  33,   9,  33,   9,  33,   9,
     33,   9,  33,  13,  37,  13,  37,  13,  37,  13,  37,  13,  37,  13,  37,  13,
     37,  13,  37,  16,  41,  16,  41,  12,  34,  12,  34,  12,  34,  12,  34,  12,
     34,  12,  34,  12,  34,  12,  12,  12,  12,  12,  26,  41,  26,  41,  26,  26,
     26,  26,  26,  29,  47,  29,  47,  29,  47,  29,  47, 117, 118,   4, 117, 118,
      4, 119, 120, 121,
};

static const uint16_t ebgaramond_10_boldKernRightCodepoints[] = {
    0x0021, 0x0026, 0x0029, 0x002A, 0x002C, 0x002D, 0x002E, 0x002F, 0x003A, 0x003B, 0x003F, 0x0040,
    0x0041, 0x0042, 0x0043, 0x0044, 0x0045, 0x0046, 0x0047, 0x0048, 0x0049, 0x004A, 0x004B, 0x004C,
    0x004D, 0x004E, 0x004F, 0x0050, 0x0051, 0x0052, 0x0053, 0x0054, 0x0055, 0x0056, 0x0057, 0x0058,
    0x0059, 0x005C, 0x005D, 0x0061, 0x0062, 0x0063, 0x0064, 0x0065, 0x0066, 0x0067, 0x0068, 0x0069,
    0x006A, 0x006B, 0x006C, 0x006D, 0x006E, 0x006F, 0x0070, 0x0071, 0x0072, 0x0073, 0x0074, 0x0075,
    0x0076, 0x0077, 0x0078, 0x0079, 0x007A, 0x007D, 0x00A7, 0x00AB, 0x00AE, 0x00B6, 0x00B7, 0x00BB,
    0x00C0, 0x00C1, 0x00C2, 0x00C3, 0x00C4, 0x00C5, 0x00C6, 0x00C7, 0x00C8, 0x00C9, 0x00CA, 0x00CB,
    0x00CC, 0x00CD, 0x00CE, 0x00CF, 0x00D0, 0x00D1, 0x00D2, 0x00D3, 0x00D4, 0x00D5, 0x00D6, 0x00D8,
    0x00D9, 0x00DA, 0x00DB, 0x00DC, 0x00DD, 0x00DE, 0x00DF, 0x00E0, 0x00E1, 0x00E2, 0x00E3, 0x00E4,
    0x00E5, 0x00E6, 0x00E7, 0x00E8, 0x00E9, 0x00EA, 0x00EB, 0x00EC, 0x00ED, 0x00EE, 0x00EF, 0x00F0,
    0x00F1, 0x00F2, 0x00F3, 0x00F4, 0x00F5, 0x00F6, 0x00F8, 0x00F9, 0x00FA, 0x00FB, 0x00FC, 0x00FD,
    0x00FE, 0x00FF, 0x0100, 0x0101, 0x0102, 0x0103, 0x0104, 0x0105, 0x0106, 0x0107, 0x0108, 0x0109,
    0x010A, 0x010B, 0x010C, 0x010D, 0x010E, 0x010F, 0x0110, 0x0111, 0x0112, 0x0113, 0x0114, 0x0115,
    0x0116, 0x0117, 0x0118, 0x0119, 0x011A, 0x011B, 0x011C, 0x011D, 0x011E, 0x011F, 0x0120, 0x0121,
    0x0122, 0x0123, 0x0124, 0x0125, 0x0126, 0x0127, 0x0128, 0x0129, 0x012A, 0x012B, 0x012C, 0x012D,
    0x012E, 0x012F, 0x0130, 0x0131, 0x0132, 0x0133, 0x0134, 0x0135, 0x0136, 0x0137, 0x0138, 0x0139,
    0x013A, 0x013B, 0x013C, 0x013D, 0x013E, 0x013F, 0x0140, 0x0141, 0x0142, 0x0143, 0x0144, 0x0145,
    0x0146, 0x0147, 0x0148, 0x0149, 0x014A, 0x014B, 0x014C, 0x014D, 0x014E, 0x014F, 0x0150, 0x0151,
    0x0152, 0x0153, 0x0154, 0x0155, 0x0156, 0x0157, 0x0158, 0x0159, 0x015A, 0x015B, 0x015C, 0x015D,
    0x015E, 0x015F, 0x0160, 0x0161, 0x0162, 0x0163, 0x0164, 0x0165, 0x0166, 0x0167, 0x0168, 0x0169,
    0x016A, 0x016B, 0x016C, 0x016D, 0x016E, 0x016F, 0x0170, 0x0171, 0x0172, 0x0173, 0x0174, 0x0175,
    0x0176, 0x0177, 0x0178, 0x017A, 0x017C, 0x017E, 0x017F, 0x01A0, 0x01A1, 0x01AF, 0x01B0, 0x01C4,
    0x01C5, 0x01C6, 0x01C7, 0x01C8, 0x01C9, 0x01CA, 0x01CB, 0x01CC, 0x01CD, 0x01CE, 0x01CF, 0x01D0,
    0x01D1, 0x01D2, 0x01D3, 0x01D4, 0x01D5, 0x01D6, 0x01D7, 0x01D8, 0x01D9, 0x01DA, 0x01DB, 0x01DC,
    0x01DD, 0x01DE, 0x01DF, 0x01E0, 0x01E1, 0x01E2, 0x01E3, 0x01E4, 0x01E5, 0x01E6, 0x01E7, 0x01E8,
    0x01E9, 0x01EA, 0x01EB, 0x01EC, 0x01ED, 0x01EE, 0x01EF, 0x01F0, 0x01F1, 0x01F2, 0x01F3, 0x01F4,
    0x01F5, 0x01F6, 0x01F8, 0x01F9, 0x01FA, 0x01FB, 0x01FC, 0x01FD, 0x01FE, 0x01FF, 0x0200, 0x0201,
    0x0202, 0x0203, 0x0204, 0x0205, 0x0206, 0x0207, 0x0208, 0x0209, 0x020A, 0x020B, 0x020C, 0x020D,
    0x020E, 0x020F, 0x0210, 0x0211, 0x0212, 0x0213, 0x0214, 0x0215, 0x0216, 0x0217, 0x0218, 0x0219,
    0x021A, 0x021B, 0x021E, 0x021F, 0x0400, 0x0401, 0x0402, 0x0403, 0x0404, 0x0405, 0x0406, 0x0407,
    0x0408, 0x0409, 0x040A, 0x040B, 0x040C, 0x040D, 0x040E, 0x040F, 0x0410, 0x0411, 0x0412, 0x0413,
    0x0414, 0x0415, 0x0416, 0x0417, 0x0418, 0x0419, 0x041A, 0x041B, 0x041C, 0x041D, 0x041E, 0x041F,
    0x0420, 0x0421, 0x0422, 0x0423, 0x0424, 0x0425, 0x0426, 0x0427, 0x0428, 0x0429, 0x042A, 0x042B,
    0x042C, 0x042D, 0x042E, 0x042F, 0x0430, 0x0431, 0x0432, 0x0433, 0x0434, 0x0435, 0x0436, 0x0437,
    0x0438, 0x0439, 0x043A, 0x043B, 0x043C, 0x043D, 0x043E, 0x043F, 0x0440, 0x0441, 0x0442, 0x0443,
    0x0444, 0x0445, 0x0446, 0x0447, 0x0448, 0x0449, 0x044A, 0x044B, 0x044C, 0x044D, 0x044E, 0x044F,
    0x0450, 0x0451, 0x0452, 0x0453, 0x0454, 0x0455, 0x0456, 0x0457, 0x0458, 0x0459, 0x045A, 0x045B,
    0x045C, 0x045D, 0x045E, 0x045F, 0x0462, 0x0463, 0x046A, 0x046B, 0x0470, 0x0472, 0x0473, 0x0474,
    0x0475, 0x0476, 0x0477, 0x048A, 0x048B, 0x048C, 0x048D, 0x048E, 0x048F, 0x0490, 0x0491, 0x0492,
    0x0493, 0x0494, 0x0495, 0x0496, 0x0497, 0x0498, 0x0499, 0x049A, 0x049B, 0x049C, 0x049D, 0x049E,
    0x049F, 0x04A0, 0x04A1, 0x04A2, 0x04A3, 0x04A4, 0x04A5, 0x04A6, 0x04A7, 0x04A8, 0x04A9, 0x04AA,
    0x04AB, 0x04AC, 0x04AD, 0x04AE, 0x04AF, 0x04B0, 0x04B1, 0x04B2, 0x04B3, 0x04B4, 0x04B5, 0x04B6,
    0x04B7, 0x04B8, 0x04B9, 0x04BA, 0x04BB, 0x04BC, 0x04BD, 0x04BE, 0x04BF, 0x04C0, 0x04C1, 0x04C2,
    0x04C3, 0x04C4, 0x04C5, 0x04C6, 0x04C7, 0x04C8, 0x04C9, 0x04CA, 0x04CB, 0x04CC, 0x04CD, 0x04CE,
    0x04D0, 0x04D1, 0x04D2, 0x04D3, 0x04D4, 0x04D5, 0x04D6, 0x04D7, 0x04D8, 0x04D9, 0x04DA, 0x04DB,
    0x04DC, 0x04DD, 0x04DE, 0x04DF, 0x04E0, 0x04E1, 0x04E2, 0x04E3, 0x04E4, 0x04E5, 0x04E6, 0x04E7,
    0x04E8, 0x04E9, 0x04EA, 0x04EB, 0x04EC, 0x04ED, 0x04EE, 0x04EF, 0x04F0, 0x04F1, 0x04F2, 0x04F3,
    0x04F4, 0x04F5, 0x04F6, 0x04F7, 0x04F8, 0x04F9, 0x04FA, 0x04FB, 0x04FC, 0x04FD, 0x04FE, 0x04FF,
    0x05D1, 0x05D2, 0x05D3, 0x05D4, 0x05D6, 0x05D7, 0x05D8, 0x05D9, 0x05DA, 0x05DB, 0x05DC, 0x05DD,
    0x05DE, 0x05E1, 0x05E2, 0x05E3, 0x05E4, 0x05E7, 0x05E8, 0x05E9, 0x05EA, 0x1EA0, 0x1EA1, 0x1EA2,
    0x1EA3, 0x1EA4, 0x1EA5, 0x1EA6, 0x1EA7, 0x1EA8, 0x1EA9, 0x1EAA, 0x1EAB, 0x1EAC, 0x1EAD, 0x1EAE,
    0x1EAF, 0x1EB0, 0x1EB1, 0x1EB2, 0x1EB3, 0x1EB4, 0x1EB5, 0x1EB6, 0x1EB7, 0x1EB8, 0x1EB9, 0x1EBA,
    0x1EBB, 0x1EBC, 0x1EBD, 0x1EBE, 0x1EBF, 0x1EC0, 0x1EC1, 0x1EC2, 0x1EC3, 0x1EC4, 0x1EC5, 0x1EC6,
    0x1EC7, 0x1EC8, 0x1EC9, 0x1ECA, 0x1ECB, 0x1ECC, 0x1ECD, 0x1ECE, 0x1ECF, 0x1ED0, 0x1ED1, 0x1ED2,
    0x1ED3, 0x1ED4, 0x1ED5, 0x1ED6, 0x1ED7, 0x1ED8, 0x1ED9, 0x1EDA, 0x1EDB, 0x1EDC, 0x1EDD, 0x1EDE,
    0x1EDF, 0x1EE0, 0x1EE1, 0x1EE2, 0x1EE3, 0x1EE4, 0x1EE5, 0x1EE6, 0x1EE7, 0x1EE8, 0x1EE9, 0x1EEA,
    0x1EEB, 0x1EEC, 0x1EED, 0x1EEE, 0x1EEF, 0x1EF0, 0x1EF1, 0x1EF2, 0x1EF3, 0x1EF4, 0x1EF5, 0x1EF6,
    0x1EF7, 0x1EF8, 0x1EF9, 0x2018, 0x2019, 0x201A, 0x201C, 0x201D, 0x201E, 0x2020, 0x2022, 0x2039,
    0x203C, 0x203D, 0x2047, 0x2048, 0x2049,
};

static const uint8_t ebgaramond_10_boldKernRightClassIds[] = {
      1,   2,   3,   4,   5,   6,   5,   7,   8,   8,   9,  10,  11,  12,  13,  12,
     12,  12,  13,  12,  12,  14,  12,  12,  15,  12,  13,  12,  13,  12,  16,  17,
     18,  19,  19,  20,  21,  22,   3,  23,  24,  25,  25,  25,  26,  27,  28,  29,
     30,  28,  28,  31,  31,  25,  31,  25,  31,  32,  33,  34,  35,  35,  36,  37,
     38,   3,  39,  40,  41,  42,  43,  44,  11,  11,  11,  11,  11,  11,  45,  13,
     12,  12,  12,  12,  12,  12,  12,  12,  12,  12,  13,  13,  13,  13,  13,  13,
     18,  18,  18,  18,  21,  12,  26,  23,  23,  23,  23,  23,  23,  23,  25,  25,
     25,  25,  25,  29,  29,  29,  29,  46,  31,  25,  25,  25,  25,  25,  25,  34,
     34,  34,  34,  37,  28,  37,  11,  23,  11,  23,  11,  23,  13,  25,  13,  25,
     13,  25,  13,  25,  12,  25,  12,  25,  12,  25,  12,  25,  12,  25,  12,  25,
     12,  25,  13,  27,  13,  27,  13,  27,  13,  27,  12,  28,  12,  28,  12,  29,
     12,  29,  12,  29,  12,  29,  12,  31,  12,  29,  14,  47,  12,  28,  31,  12,
     28,  12,  28,  12,  28,  12,  28,  12,  28,  12,  31,  12,  31,  12,  31,  31,
     12,  31,  13,  25,  13,  25,  13,  25,  13,  25,  12,  31,  12,  31,  12,  31,
     16,  32,  16,  32,  16,  32,  16,  32,  17,  33,  17,  33,  17,  33,  18,  34,
     18,  34,  18,  34,  18,  34,  18,  34,  18,  34,  19,  35,  21,  37,  21,  38,
     38,  38,  26,  13,  25,  18,  34,  12,  12,  25,  12,  12,  28,  12,  12,  31,
     11,  23,  12,  29,  13,  25,  18,  34,  18,  34,  18,  34,  18,  34,  18,  34,
     48,  11,  23,  11,  23,  45,  23,  13,  27,  13,  27,  12,  28,  13,  25,  13,
     25,  49,  38,  47,  12,  12,  25,  13,  27,  12,  12,  31,  11,  23,  45,  23,
     13,  25,  11,  23,  11,  23,  12,  25,  12,  25,  12,  29,  12,  31,  13,  25,
     13,  25,  12,  31,  12,  31,  18,  34,  18,  34,  16,  32,  17,  33,  12,  28,
     12,  12,  50,  12,  13,  16,  12,  12,  14,  51,  12,  50,  12,  12,  52,  12,
     11,  12,  12,  12,  51,  12,  53,  49,  12,  12,  12,  51,  15,  12,  13,  12,
     12,  13,  17,  52,  54,  20,  12,  55,  12,  12,  50,  12,  12,  49,  12,  56,
     23,  57,  31,  31,  58,  25,  59,  60,  31,  31,  31,  58,  61,  31,  25,  31,
     31,  25,  62,  37,  25,  36,  31,  63,  31,  31,  62,  31,  31,  60,  31,  64,
     25,  25,  28,  31,  25,  32,  29,  29,  65,  58,  31,  28,  31,  31,  37,  31,
     66,  67,  68,  69,  70,  13,  25,  19,  35,  19,  35,  12,  31,  71,  67,  12,
     31,  12,  31,  12,  31,  12,  31,  53,  59,  49,  60,  12,  31,  12,  31,  71,
     67,  50,  62,  12,  31,  12,  31,  12,  31,  13,  25,  13,  25,  17,  62,  21,
     35,  21,  35,  20,  36,  50,  62,  55,  63,  55,  63,  12,  28,  72,  73,  72,
     73,  12,  53,  59,  12,  31,  51,  58,  12,  31,  12,  31,  55,  63,  15,  61,
     11,  23,  11,  23,  45,  23,  12,  25,  74,  48,  74,  48,  53,  59,  49,  60,
     49,  38,  12,  31,  12,  31,  13,  25,  13,  25,  13,  25,  49,  60,  52,  37,
     52,  37,  52,  37,  55,  63,  12,  31,  12,  31,  14,  75,  20,  36,  20,  36,
     76,  77,  78,  79,  80,  81,  82,  83,  84,  85,  86,  87,  88,  89,  90,  91,
     92,  93,  94,  95,  96,  11,  23,  11,  23,  11,  23,  11,  23,  11,  23,  11,
     23,  11,  23,  11,  23,  11,  23,  11,  23,  11,  23,  11,  23,  12,  25,  12,
     25,  12,  25,  12,  25,  12,  25,  12,  25,  12,  25,  12,  25,  12,  29,  12,
     29,  13,  25,  13,  25,  13,  25,  13,  25,  13,  25,  13,  25,  13,  25,  13,
     25,  13,  25,  13,  25,  13,  25,  13,  25,  18,  34,  18,  34,  18,  34,  18,
     34,  18,  34,  18,  34,  18,  34,  21,  37,  21,  37,  21,  37,  21,  37,  97,
     98,   5,  97,  98,   5,  99, 100, 101,   1,   9,   9,   9,   1,
};

static const uint16_t ebgaramond_10_boldKernRowOffsets[] = {
        0,     8,    10,    19,    35,    44,    68,    75,    80,   116,   129,   141,   161,   167,   183,   190,
      194,   205,   218,   228,   238,   253,   270,   286,   290,   339,   355,   410,   432,   486,   487,   489,
      505,   527,   554,   579,   585,   600,   625,   633,   645,   648,   654,   658,   663,   668,   669,   686,
      695,   701,   702,   709,   714,   737,   755,   775,   779,   783,   789,   795,   801,   814,   822,   828,
      836,   851,   893,   917,   932,   950,   969,   984,   998,  1006,  1008,  1015,  1016,  1020,  1043,  1056,
     1064,  1069,  1096,  1107,  1138,  1147,  1151,  1166,  1169,  1183,  1186,  1194,  1214,  1215,  1216,  1218,
     1221,  1251,  1253,  1259,  1261,  1265,  1274,  1280,  1285,  1296,  1302,  1310,  1315,  1317,  1322,  1323,
     1330,  1336,  1345,  1353,  1361,  1367,  1377,  1386,  1398,  1403,
};

static const uint8_t ebgaramond_10_boldKernSparseCols[] = {
     16,  18,  20,  24,  49,  51,  54,  59,  12,  13,  10,  22,  24,  50,  55,  57,
     59,  63,  67,  12,  16,  18,  20,  22,  24,  34,  36,  49,  51,  54,  56,  61,
     62,  71,  72,  16,  18,  19,  20,  51,  52,  54,  67,  71,  10,  22,  24,  26,
     30,  31,  32,  33,  34,  35,  36,  37,  47,  50,  55,  56,  57,  58,  59,  61,
     62,  63,  68,  72,  16,  18,  20,  49,  51,  54,  71,  10,  16,  18,  19,  20,
      3,  11,  12,  16,  17,  18,  20,  21,  24,  33,  34,  36,  37,  38,  39,  40,
     42,  48,  49,  51,  53,  54,  56,  61,  62,  65,  66,  69,  71,  72,  73,  96,
     97,  98,  99, 100,  10,  13,  16,  18,  19,  20,  44,  50,  51,  52,  54,  63,
     67,  10,  19,  20,  22,  32,  33,  34,  36,  48,  50,  53,  72,   2,   4,   6,
     10,  12,  13,  16,  18,  19,  20,  44,  49,  50,  51,  52,  55,  57,  59,  67,
     69,  22,  24,  32,  34,  36,  45,   4,   6,  10,  22,  24,  26,  30,  31,  32,
     33,  34,  35,  36,  45,  47, 100,  13,  16,  18,  19,  20,  30,  44,  33,  56,
     66,  72,  22,  24,  26,  27,  28,  30,  31,  33,  34,  35,  44,  12,  16,  24,
     32,  33,  34,  36,  40,  42,  45,  73,  99, 100,   3,  16,  18,  20,  21,  24,
     34,  36,  97,  99,  22,  24,  32,  33,  34,  36,  40,  45,  53,  69,   4,  10,
     22,  24,  27,  28,  29,  30,  31,  35,  45,  46,  48,  64,  74,   1,   4,   6,
     10,  19,  22,  24,  26,  31,  39,  44,  45,  50,  55,  57,  63,  67,   2,  10,
     12,  16,  17,  18,  20,  21,  32,  33,  34,  36,  42,  96,  99, 100,  24,  25,
     44,  67,   1,   4,   5,   6,   7,   9,  10,  12,  18,  20,  22,  24,  25,  26,
     28,  29,  30,  31,  32,  33,  34,  35,  36,  37,  39,  42,  43,  44,  45,  46,
     47,  50,  53,  55,  56,  57,  58,  59,  60,  61,  62,  63,  64,  68,  72,  73,
     74,  99, 100,  10,  13,  22,  24,  25,  26,  27,  28,  29,  30,  31,  36,  37,
     46,  64,  74,   1,   4,   5,   6,   7,   9,  10,  12,  15,  22,  24,  25,  26,
     27,  28,  29,  30,  31,  32,  33,  34,  35,  36,  37,  38,  39,  40,  42,  43,
     44,  45,  46,  47,  48,  50,  53,  55,  56,  57,  58,  59,  60,  61,  62,  63,
     64,  65,  66,  68,  72,  73,  74,  98,  99, 100,   5,   9,  12,  24,  33,  34,
     36,  39,  40,  42,  48,  49,  53,  56,  61,  62,  66,  72,  73,  98,  99, 100,
      1,   4,   5,   6,   7,   9,  10,  12,  15,  16,  22,  24,  25,  26,  27,  28,
     29,  30,  31,  32,  33,  34,  35,  36,  37,  39,  40,  42,  43,  44,  45,  46,
     47,  48,  50,  53,  55,  56,  57,  58,  59,  60,  61,  62,  63,  64,  66,  68,
     72,  73,  74,  98,  99, 100,  36,  34,  36,  12,  16,  17,  18,  20,  32,  34,
     36,  49,  51,  54,  62,  65,  69,  71,  72,   3,  16,  18,  20,  21,  29,  34,
     36,  37,  46,  56,  58,  59,  61,  62,  64,  66,  68,  72,  74,  96,  97,   3,
      4,  10,  13,  14,  16,  18,  20,  21,  22,  23,  27,  32,  34,  35,  36,  37,
     43,  57,  58,  59,  60,  63,  66,  68,  96,  97,   3,  14,  16,  18,  20,  21,
     22,  24,  27,  29,  30,  34,  35,  36,  37,  46,  57,  58,  59,  62,  63,  64,
     66,  68,  74,  24,  32,  33,  34,  36,  97,  14,  16,  18,  20,  21,  23,  24,
     34,  35,  57,  58,  63,  66,  68,  96,   0,   1,   2,   3,   4,   8,  11,  12,
     16,  21,  22,  23,  24,  26,  27,  28,  29,  45,  46,  47,  64,  74,  96,  97,
     98,  18,  20,  21,  24,  29,  46,  64,  74,   3,  16,  18,  20,  21,  23,  32,
     34,  36,  62,  66,  72,  16,  18,  21,  18,  24,  39,  42,  45,  47,  21,  22,
     23,  37,   4,   6,  18,  24,  39,  16,  18,  21,  36,  97,  21,   2,   4,   6,
      9,  10,  22,  24,  26,  27,  31,  39,  42,  45,  47,  57,  59,  63,  21,  22,
     24,  26,  39,  42,  45,  47,  59,  13,  16,  18,  20,  51,  71,  18,  16,  18,
     20,  24,  49,  51,  54,  10,  13,  18,  19,  20,  10,  12,  22,  24,  30,  31,
     34,  35,  36,  37,  47,  50,  53,  55,  57,  58,  59,  60,  61,  62,  63,  68,
     72,  10,  16,  18,  19,  20,  34,  35,  49,  50,  51,  52,  54,  55,  57,  58,
     67,  68,  71,  10,  16,  18,  19,  20,  34,  35,  36,  49,  50,  51,  52,  54,
     55,  57,  58,  63,  67,  68,  71,  13,  18,  20,  51,  10,  18,  19,  20,  30,
     32,  33,  34,  35,  36,  23,  27,  29,  46,  64,  74,   0,   2,   3,   8,  96,
     97,  10,  13,  22,  30,  32,  34,  35,  36,  44,  48,  50,  55,  63,  21,  22,
     23,  24,  37,  47,  59,  62,  10,  13,  16,  18,  19,  20,  10,  14,  19,  22,
     24,  26,  31,  37,  16,  18,  20,  21,  34,  36,  48,  49,  51,  54,  61,  66,
     69,  71,  72,   1,   3,   4,   5,   6,   7,  10,  12,  22,  24,  29,  30,  31,
     34,  35,  36,  37,  39,  42,  43,  44,  46,  47,  50,  53,  55,  56,  57,  58,
     59,  60,  61,  62,  63,  64,  66,  68,  71,  72,  74,  97,  99,   3,  10,  11,
     16,  18,  19,  20,  21,  34,  36,  41,  44,  49,  50,  51,  53,  54,  57,  65,
     66,  69,  70,  71,  97,  12,  18,  20,  24,  30,  34,  36,  49,  51,  54,  56,
     66,  69,  71,  72,   5,  12,  24,  34,  36,  37,  39,  42,  49,  53,  56,  61,
     62,  65,  66,  72,  73,  99,  10,  12,  16,  18,  19,  20,  34,  36,  44,  48,
     49,  50,  51,  52,  54,  55,  58,  66,  67,  10,  14,  16,  18,  19,  20,  44,
     49,  50,  52,  55,  59,  63,  67,  69,  21,  29,  34,  35,  36,  46,  57,  58,
     62,  63,  64,  66,  68,  74,   4,   6,  21,  39,  41,  57,  59,  63,  21,  62,
      1,  21,  22,  24,  39,  42,  59,  21,   4,   6,  57,  63,   3,  21,  22,  29,
     30,  34,  35,  36,  37,  46,  56,  57,  58,  59,  61,  62,  64,  66,  68,  72,
     74,  96,  97,   3,  21,  34,  35,  36,  57,  58,  61,  62,  66,  68,  72,  97,
     16,  18,  19,  20,  34,  49,  51,  66,  34,  57,  61,  68,  72,   3,   5,  12,
     15,  16,  24,  34,  36,  37,  38,  39,  42,  48,  49,  53,  54,  56,  61,  62,
     65,  66,  69,  71,  72,  73,  98,  99,  21,  22,  24,  29,  39,  42,  46,  56,
     59,  64,  74,   6,  10,  12,  22,  24,  29,  30,  31,  34,  35,  36,  37,  46,
     47,  50,  53,  55,  56,  57,  58,  59,  60,  61,  62,  63,  64,  66,  67,  68,
     72,  74,   4,   6,  22,  24,  39,  42,  57,  61,  63,   6,  24,  57,  63,  16,
     18,  20,  21,  34,  36,  48,  49,  51,  54,  61,  66,  69,  71,  72,  34,  36,
     62,   3,  16,  18,  20,  21,  34,  49,  51,  54,  65,  69,  70,  71,  97,  16,
     18,  49,  21,  34,  36,  61,  62,  66,  72,  96,   3,  12,  16,  18,  20,  21,
     34,  36,  49,  51,  53,  54,  61,  65,  66,  69,  71,  72,  97,  98,  67,  12,
     24,  57,  35,  57,  59,  10,  12,  22,  24,  28,  29,  30,  31,  34,  35,  36,
     37,  46,  47,  48,  50,  53,  56,  57,  58,  59,  60,  61,  62,  63,  64,  66,
     68,  72,  74,  24,  59,  82,  84,  85,  91,  92,  94,  88,  91,  75,  82,  85,
     87,  75,  78,  81,  83,  84,  88,  90,  91,  93,  75,  81,  86,  88,  91,  93,
     77,  81,  83,  90,  91,  75,  78,  80,  81,  84,  86,  87,  88,  91,  93,  95,
     81,  83,  87,  88,  90,  91,  75,  76,  81,  83,  84,  90,  91,  95,  81,  84,
     87,  88,  91,  81,  82,  81,  83,  85,  88,  93,  81,  83,  84,  85,  88,  90,
     91,  94,  78,  81,  82,  87,  88,  91,  75,  81,  83,  87,  88,  90,  91,  93,
     95,  75,  81,  84,  86,  88,  91,  92,  93,  77,  79,  82,  85,  87,  88,  89,
     94,  10,  24,  31,  50,  55,  57,  10,  22,  24,  26,  30,  31,  47,  50,  55,
     57,  10,  18,  19,  20,  24,  50,  57,  63,  67,  10,  16,  18,  19,  20,  50,
     51,  52,  55,  57,  63,  67,  10,  16,  18,  19,  20,
};

static const int8_t ebgaramond_10_boldKernSparseValues[] = {
     -22,  -20,  -23,   -5,   -1,  -12,   -1,   -1,   -5,   25,  -31,   -6,   -2,  -24,   -5,  -16,
      -2,  -20,   -1,   -9,  -40,  -47,  -31,   -4,   -4,  -28,  -25,  -28,   -1,  -44,   -1,  -12,
     -22,  -31,  -16,  -21,  -19,  -15,  -23,   -2,   -9,   -3,   -9,   -7,  -37,  -21,  -27,  -16,
     -21,  -15,  -10,   -7,   -2,   -3,  -12,  -12,  -20,  -30,  -24,   -2,  -33,  -10,  -22,   -2,
     -12,  -27,  -12,   -9,  -25,  -33,  -27,  -16,  -11,   -1,  -10,   -5,  -16,  -22,   -7,  -27,
     -31,   -4,   -7,  -32,  -14,  -41,  -25,  -25,   -5,   -4,  -26,  -23,   -1,   -7,  -14,  -12,
     -12,   -3,  -24,  -21,   -9,  -31,  -14,  -12,  -20,  -23,  -15,  -37,  -29,  -23,   -7,  -19,
     -34,  -14,  -20,  -12,   -5,   -7,   -1,   -9,   -6,   -9,   -5,   -8,   -6,   -4,   -3,   -5,
      -3,   -3,   -4,   -7,   -4,   -5,   -4,   -7,  -10,   -7,   -5,   -2,   -5,   -5,   -9,   -9,
     -14,    7,   -4,   -7,  -14,  -14,  -11,  -16,   -1,  -21,  -11,  -12,  -18,   -8,    5,  -13,
      -1,   -1,   -1,   -7,  -10,  -10,   -8,  -27,  -12,  -26,   -7,  -10,  -10,   -4,  -11,   -7,
      -5,  -10,   -5,  -10,  -10,   -5,   -8,   -7,   -7,  -10,   -5,   -5,   -4,   -8,   -5,   -1,
      -5,   -1,   -5,   -4,   -5,   -2,   -4,   -3,  -10,   -8,   -5,   -7,   -2,  -16,   -7,   -7,
      -4,   -8,  -25,  -19,  -23,  -19,   -8,   -5,  -25,  -22,  -25,  -37,  -25,  -25,  -18,    5,
     -17,  -17,  -18,  -12,   -7,   -7,  -13,   -8,  -13,  -13,   -7,   -7,   -6,   -1,   -8,   -4,
      -5,   -8,   -2,   -7,   -5,   -4,  -10,  -11,   -5,   -5,   -5,   -5,   -5,   -1,  -32,  -19,
     -27,   -5,   -8,  -10,   -7,   -8,  -14,  -39,   -8,  -28,  -25,   -1,  -14,  -13,  -10,    2,
     -10,  -33,   -5,  -38,  -27,  -25,   -4,   -5,  -19,  -19,  -12,  -19,  -22,  -19,    4,   -5,
      -1,   -1,  -12,  -40,  -21,  -18,  -25,  -16,  -28,   -7,   13,    4,  -35,  -32,   -4,  -23,
      -7,   -6,  -20,  -28,  -33,  -23,  -33,  -30,  -33,  -31,  -25,  -27,  -14,  -33,   -2,   -6,
     -34,  -21,   -8,  -28,  -12,  -30,  -31,  -30,  -25,  -21,  -27,  -36,   -6,  -38,  -42,   -4,
     -24,  -16,  -22,  -21,   -5,   -8,   -8,   -7,  -10,  -10,   -7,   -5,   -4,  -11,  -11,  -10,
      -5,   -5,   -5,  -26,  -47,  -19,  -38,  -33,  -25,  -46,  -14,   -9,  -36,  -39,  -16,  -27,
     -11,   -9,   -9,  -30,  -39,  -27,  -25,  -33,  -31,  -33,  -31,  -12,  -38,  -12,  -29,  -21,
     -51,   -8,   -9,  -35,   -5,  -32,  -10,  -29,  -28,  -50,  -33,  -36,  -35,  -24,  -23,  -46,
      -9,   -8,  -11,  -33,  -26,  -10,  -34,  -10,  -16,  -22,  -15,   -7,  -14,   -7,   -7,  -18,
     -26,  -22,  -12,  -15,   -5,   -7,  -18,  -16,  -15,  -25,  -11,  -34,  -14,   -7,  -23,  -16,
     -15,  -29,  -23,  -22,  -27,  -25,  -28,  -11,   -4,    2,  -29,  -33,  -12,  -25,  -10,   -5,
     -14,  -22,  -30,  -34,  -19,  -27,  -25,  -27,  -25,  -31,   -8,  -29,  -26,  -31,   -9,  -14,
     -29,   -4,  -17,  -17,  -20,  -21,  -29,  -34,  -29,  -26,  -23,  -26,  -37,  -14,   -5,  -30,
     -20,   -7,  -14,  -10,  -12,  -22,  -14,   -5,   -5,   -4,  -25,  -16,  -36,  -34,  -10,  -21,
      -8,   -4,   -2,   -8,  -20,   -2,   -7,   -5,  -13,  -15,  -40,  -25,  -25,  -14,   -1,   -8,
      -9,   -7,   -1,   -1,   -1,   -1,   -3,   -9,   -1,   -8,   -1,  -10,   -1,  -12,   -1,   -3,
      -4,   -5,  -11,   -7,  -29,  -33,  -27,  -21,   -1,   -8,   -5,   -3,   -5,   -9,   -6,   -1,
      -1,  -10,   -6,   -1,   -1,   -9,   -2,   -9,  -20,  -10,   -1,   -5,  -29,  -25,  -27,  -16,
      -5,   -1,   -3,   -1,   -1,   -1,   -7,   -1,   -1,   -1,   -8,   -1,   -1,   -1,   -6,   -1,
      -1,   -8,   -1,   -5,   -5,   -3,   -5,   -4,   -5,   -4,  -29,  -30,  -33,  -19,   -4,   -1,
      -4,   -5,   -8,   -1,   -4,   -2,   -9,  -10,   30,    5,   38,   46,   -5,   33,   19,   11,
      33,   41,   -6,   23,   -8,   -4,   18,   23,   19,   23,   19,   -4,   19,   19,   22,   36,
      25,  -16,  -25,  -10,   -3,   15,    7,    7,    7,  -12,  -30,  -30,  -33,  -22,   -4,   -5,
      -8,   -9,   -9,   -4,  -10,  -12,  -14,  -12,  -15,   -7,  -10,   -8,   -7,   -4,  -14,   -4,
      -4,   -4,  -19,  -12,  -15,   -4,  -10,  -23,  -26,  -12,   -2,   -5,   -5,   -5,  -23,  -16,
      -3,  -26,   -8,   -6,   -8,   -5,   -3,  -12,   -7,   -3,   -4,  -15,   -1,  -19,  -17,   -1,
      -8,   -4,  -12,  -10,   -3,   -4,   -1,   16,   -9,  -23,  -27,  -10,   -7,   -5,  -14,  -21,
     -26,   -1,  -12,  -10,   -3,  -16,   -8,  -12,  -15,  -12,  -24,  -11,  -15,  -19,  -20,  -15,
     -15,  -17,  -14,  -15,  -15,  -14,  -10,  -19,  -25,  -15,  -17,  -10,  -12,  -15,   -2,  -17,
      -8,  -12,  -27,  -29,  -15,  -29,   -7,  -10,  -25,  -10,  -14,  -12,  -15,  -14,  -10,  -11,
     -12,  -11,   -3,  -14,  -30,  -37,  -22,  -31,  -12,  -12,   -9,  -25,   -1,  -20,  -14,  -26,
     -21,   -9,  -12,  -10,  -15,  -10,  -12,   16,  -19,  -25,  -10,  -12,  -12,  -18,  -18,   -5,
     -10,   -5,  -12,   -5,  -10,   16,   16,   10,   10,   10,   10,   45,   65,   55,   47,   53,
      55,   -6,   -5,   -4,   -4,   -7,  -12,   -8,  -10,   -8,   -5,   -5,   -7,   -1,  -16,   -1,
      -1,   -4,   -4,   -1,   -2,   -1,  -12,   -5,  -12,  -19,   -5,  -25,  -25,   -4,   -3,   -5,
      -7,   -4,   -5,   -5,  -34,  -39,  -12,   -2,  -11,   -8,   -5,  -35,  -29,  -30,   -1,  -11,
     -18,  -23,  -11,  -12,    8,  -28,  -17,  -24,  -21,  -28,   -7,  -31,  -30,  -25,  -28,  -31,
     -32,  -30,  -26,  -33,  -29,  -27,  -18,  -30,  -25,  -31,  -23,   -8,  -19,   -4,  -47,  -35,
     -43,  -17,  -43,  -38,  -33,  -32,  -14,  -37,    8,  -38,  -25,   11,   -2,  -19,   -4,   -1,
     -21,  -25,  -11,  -29,   -4,   -8,   -5,    8,   -1,  -33,   -5,  -16,    5,  -18,   -5,  -20,
      -6,  -32,  -11,  -13,  -16,   -1,  -28,  -24,   -1,   -1,  -15,  -18,  -22,  -16,  -22,  -11,
      -2,   -3,  -22,  -13,   -9,  -12,   -7,  -20,  -20,   -1,  -14,  -12,   -1,  -12,   -2,  -12,
     -22,   -2,  -12,  -25,   -7,  -16,   -7,    3,   -9,   -5,   -5,   -5,   -5,  -11,   -8,   -5,
      -8,   -9,   -5,   -6,   -8,   -5,   -4,   -7,   -5,   -9,   -6,   -7,  -11,  -18,  -17,  -21,
      -8,  -14,  -11,  -16,    8,   -5,  -19,   -1,  -27,   -1,   -7,   -1,   -6,   -1,   -1,   -1,
      -5,   -3,   -1,   -1,   -7,   -1,   -3,   -1,  -14,   -1,    8,   -9,   -1,   -7,  -15,   -4,
      -1,  -16,   -5,   -5,  -12,  -11,   -1,   -4,  -12,   -1,  -11,   -6,  -18,  -33,   -1,   -1,
      -4,  -22,   -6,  -17,   -8,   -1,   -7,   -4,   -4,   -1,  -11,  -11,   -1,  -19,   -9,  -16,
      -1,  -16,  -15,  -15,  -30,  -15,   -1,   -9,   -1,   -1,   -1,   -9,  -17,   -1,  -12,  -10,
      -3,  -19,   -2,  -19,   -7,  -11,   -7,   -7,  -16,   -7,  -12,   -8,  -12,   -1,   -9,  -13,
      -1,   -8,   -1,  -27,  -23,   -1,   -7,  -15,  -12,   -7,  -19,  -19,  -14,  -11,  -15,  -22,
     -22,  -14,  -14,  -10,  -23,   -8,  -12,  -18,   -5,   -6,   -9,   -1,  -10,  -11,   -1,   -5,
      -1,   -1,   -1,  -31,  -37,   -1,  -39,  -34,  -19,  -28,  -34,  -22,  -25,  -19,  -31,  -19,
     -34,  -28,   -1,  -23,   -8,  -32,  -27,  -37,  -11,  -16,  -20,  -48,   -8,   -1,  -14,  -28,
     -11,  -19,  -28,   -2,   -4,   -1,   -3,   -4,  -14,    7,   -8,   -1,   -6,   -9,  -10,  -18,
     -27,  -12,   -2,  -11,   -8,   -5,  -21,  -19,  -19,   -1,  -11,  -18,  -15,  -11,  -14,   -8,
     -14,  -12,  -27,  -30,  -25,   -5,   -6,  -18,  -16,  -18,  -20,  -23,   -1,   -1,   -2,   -1,
      -6,   -4,  -27,  -14,   -8,   -5,   -8,  -14,   -5,   -2,  -26,   -6,  -48,  -38,  -34,   -6,
     -21,   -1,  -35,  -24,   -1,  -34,   -2,  -29,  -12,  -35,  -36,  -16,  -22,  -12,   -9,   -5,
      -1,    5,   -3,   -4,   -1,  -12,  -25,  -16,  -22,  -10,   -8,   -1,  -16,  -28,  -17,  -33,
     -27,   -8,  -25,  -10,  -12,  -15,  -25,   -5,  -15,  -15,  -21,  -20,  -27,   -7,   -8,  -14,
     -14,  -35,   -8,   -4,   -1,   -7,   -4,   -1,   -5,   -3,   -5,   -6,   -6,    3,   -7,   -4,
      -3,  -13,   -5,   -2,  -15,  -10,   -8,  -15,  -10,   -8,   -7,   -4,   -3,   -5,   -7,   -8,
      -2,   -7,  -13,   -8,   -3,  -17,   -6,   -6,   -7,   -7,   -8,   -6,   -7,   -7,   -6,   -6,
      -1,   -1,   -3,   -3,   -5,   -7,  -13,   -3,   -2,  -10,   -7,  -14,   -3,   -2,   -2,   -7,
      -6,   -9,   -8,   -3,   -5,   -3,  -10,   -3,   -3,   -9,   -5,   -5,   -7,   -5,   -7,  -10,
      -3,   -6,   -2,   -2,   -6,   -2,   -5,   -6,  -13,   -7,  -12,   -5,  -10,   -8,  -11,   -7,
      -7,   -9,   -3,  -10,   -5,   -9,   -7,    1,   -6,  -13,  -13,   -5,   -3,  -11,  -11,  -10,
      -5,  -38,  -13,  -14,  -21,  -22,  -18,  -43,  -30,  -30,  -12,  -10,  -11,  -14,  -30,  -26,
     -12,  -14,  -10,   -7,  -10,   -1,  -18,   -7,   -5,  -12,  -20,  -16,  -15,  -23,  -12,  -20,
     -12,  -16,  -15,  -14,  -14,  -18,  -12,  -22,  -22,  -16,  -22,
};

static const EpdLigaturePair ebgaramond_10_boldLigaturePairs[] = {
    { 0x005E0030, 0x2070 }, // ^ 0 -> U+2070
    { 0x005E0031, 0x00B9 }, // ^ 1 -> U+00B9
    { 0x005E0032, 0x00B2 }, // ^ 2 -> U+00B2
    { 0x005E0033, 0x00B3 }, // ^ 3 -> U+00B3
    { 0x005E0034, 0x2074 }, // ^ 4 -> U+2074
    { 0x005E0035, 0x2075 }, // ^ 5 -> U+2075
    { 0x005E0036, 0x2076 }, // ^ 6 -> U+2076
    { 0x005E0037, 0x2077 }, // ^ 7 -> U+2077
    { 0x005E0038, 0x2078 }, // ^ 8 -> U+2078
    { 0x005E0039, 0x2079 }, // ^ 9 -> U+2079
    { 0x00660066, 0xFB00 }, // f f -> U+FB00
    { 0x00660069, 0xFB01 }, // f i -> U+FB01
    { 0x0066006C, 0xFB02 }, // f l -> U+FB02
    { 0xFB000069, 0xFB03 }, // U+FB00 i -> U+FB03
    { 0xFB00006C, 0xFB04 }, // U+FB00 l -> U+FB04
};

static const EpdFontData ebgaramond_10_bold = {
    ebgaramond_10_boldBitmaps,
    ebgaramond_10_boldGlyphs,
    ebgaramond_10_boldIntervals,
    74,
    27,
    21,
    -7,
    false,
    nullptr,
    0,
    nullptr,
    nullptr,  // kernLeftClasses: built-in fonts use the split arrays below
    nullptr,  // kernRightClasses
    ebgaramond_10_boldKernLeftCodepoints,
    ebgaramond_10_boldKernLeftClassIds,
    ebgaramond_10_boldKernRightCodepoints,
    ebgaramond_10_boldKernRightClassIds,
    nullptr,  // kernMatrix: built-in fonts use the sparse form below
    ebgaramond_10_boldKernRowOffsets,
    ebgaramond_10_boldKernSparseCols,
    ebgaramond_10_boldKernSparseValues,
    660,
    701,
    121,
    101,
    ebgaramond_10_boldLigaturePairs,
    15,
};
