/**
 * generated by fontconvert.py
 * name: notoserif_16_bold
 * size: 16
 * mode: 2-bit  compressed: true
 * Command used: fontconvert.py notoserif_16_bold 16 ../builtinFonts/source/NotoSerif/NotoSerif-Bold.ttf --2bit --compress --pnum --force-autohint --zopfli
 */
#pragma once
#include "EpdFontData.h"

static const uint8_t notoserif_16_boldBitmaps[36225] = {
    0xB5, 0x98, 0x3F, 0xCC, 0xE7, 0xC6, 0x79, 0xE7, 0x3F, 0x24, 0x6D, 0x11, 0x07, 0x1A, 0x37, 0x57,
    0xDC, 0x01, 0x87, 0x13, 0xCE, 0x6C, 0x7D, 0x85, 0xC5, 0x1E, 0xD8, 0x7D, 0x87, 0xE7, 0x26, 0xA5,
    0xDC, 0xA5, 0x48, 0x91, 0x26, 0xBD, 0xDA, 0x14, 0xAF, 0x4C, 0x1A, 0x2E, 0x52, 0xA4, 0x59, 0x20,
    0x3D, 0x90, 0xBE, 0x08, 0x52, 0xB8, 0x10, 0x90, 0x57, 0xE6, 0x48, 0x2A, 0x5C, 0xB8, 0x30, 0x03,
    0x23, 0x69, 0x5C, 0x88, 0x31, 0xD6, 0x4D, 0x1A, 0x8D, 0x2D, 0x3A, 0xA2, 0x6C, 0x92, 0xDF, 0xF0,
    0x99, 0xC1, 0xEE, 0xBE, 0x9B, 0xDD, 0xD5, 0x5F, 0x9B, 0xE2, 0x7C, 0xBE, 0xBF, 0xD5, 0xFC, 0x79,
    0x9E, 0x79, 0xE6, 0xEF, 0x4B, 0xBF, 0xFA, 0x68, 0xFF, 0x75, 0xB1, 0x5B, 0xBA, 0xA5, 0x5D, 0xDA,
    0xD9, 0xCD, 0x2E, 0xE4, 0xFF, 0x9A, 0xD0, 0x8C, 0x00, 0x6E, 0xCE, 0x65, 0xDC, 0x3C, 0xFD, 0xB3,
    0xC6, 0x29, 0xA8, 0x1F, 0xAE, 0xE4, 0x83, 0xF0, 0xE3, 0x94, 0x52, 0xD7, 0xFF, 0x80, 0x8E, 0x87,
    0xB4, 0x57, 0xA2, 0x09, 0xB7, 0xE0, 0xC6, 0xBB, 0x0B, 0xFD, 0x06, 0x2D, 0xEB, 0x85, 0x22, 0xC2,
    0x1B, 0x65, 0xC4, 0x4B, 0x0A, 0x09, 0xFF, 0xEB, 0xDD, 0x3F, 0xFF, 0x75, 0xCF, 0x6D, 0x1D, 0xE0,
    0x1D, 0xC3, 0x66, 0xC6, 0x56, 0x37, 0x52, 0x44, 0xD7, 0x23, 0x49, 0x19, 0xD5, 0x7C, 0xC3, 0x85,
    0x87, 0x50, 0x87, 0xDC, 0xFA, 0x85, 0xD4, 0xFA, 0xF8, 0x4E, 0x36, 0x01, 0x55, 0xC8, 0xA9, 0xFE,
    0x17, 0x0A, 0x69, 0x69, 0x3E, 0xF9, 0x70, 0x6B, 0x7F, 0xF1, 0xC1, 0xEE, 0x3F, 0x78, 0xFF, 0x4A,
    0xEF, 0xAD, 0xFE, 0x17, 0x01, 0xFF, 0x87, 0x40, 0xAB, 0x80, 0xD3, 0x46, 0x29, 0x8D, 0x0C, 0x8A,
    0xD4, 0xDA, 0xA9, 0x3E, 0x3A, 0xFF, 0x5B, 0xF5, 0x81, 0x6E, 0xAA, 0xF7, 0x34, 0x54, 0xC1, 0xD2,
    0xE9, 0x7F, 0xF4, 0xFE, 0xDE, 0x7E, 0xF2, 0x61, 0xAC, 0xAD, 0xDC, 0xEB, 0xF3, 0xB3, 0xF6, 0x2D,
    0x15, 0x23, 0xA5, 0x46, 0x1A, 0x6B, 0x2E, 0xE2, 0x7A, 0xFC, 0x07, 0x3B, 0x1D, 0x0C, 0xFF, 0xFF,
    0xB0, 0xDE, 0x4F, 0x9C, 0xDC, 0x81, 0x10, 0x6B, 0x92, 0x2A, 0x26, 0xA9, 0xE7, 0x24, 0xEE, 0x7D,
    0x8D, 0x13, 0x67, 0xEB, 0x14, 0xAF, 0x0A, 0x37, 0xDE, 0x9C, 0xDC, 0x6F, 0xAF, 0x9F, 0xAD, 0xE2,
    0x36, 0x71, 0x96, 0xFA, 0x61, 0x14, 0x82, 0x6A, 0x49, 0x52, 0x87, 0x24, 0x6E, 0x4C, 0xD2, 0x92,
    0xE4, 0x26, 0x59, 0xE1, 0x36, 0xD9, 0x64, 0x4B, 0x1E, 0x14, 0x11, 0xA7, 0x48, 0xB5, 0x24, 0xEF,
    0x5E, 0xD3, 0x23, 0x80, 0x4E, 0xBB, 0xC9, 0xF0, 0xFE, 0x69, 0x22, 0xF4, 0x12, 0xB1, 0x26, 0x60,
    0x7A, 0x7F, 0x33, 0xF1, 0xBF, 0x9C, 0x4D, 0xDA, 0x13, 0x2F, 0x18, 0x92, 0x58, 0x14, 0xFC, 0x4C,
    0xBB, 0x69, 0xF1, 0x3D, 0x43, 0xF4, 0xDB, 0x00, 0xD3, 0xEC, 0xCE, 0x13, 0x14, 0x2A, 0xED, 0x26,
    0x68, 0x03, 0xCD, 0x0C, 0x07, 0x4C, 0x0B, 0xAD, 0xAC, 0x24, 0x5E, 0x33, 0xDD, 0x51, 0x1E, 0xDA,
    0x68, 0xA4, 0x65, 0x50, 0xE0, 0xAD, 0x13, 0xA7, 0x30, 0xCD, 0x53, 0x18, 0x82, 0x0F, 0x7E, 0xF4,
    0x63, 0xD7, 0x77, 0xB4, 0xA4, 0xE7, 0xAF, 0xA9, 0x57, 0xBA, 0x19, 0xF5, 0xE5, 0x49, 0xB3, 0xE3,
    0x56, 0xBA, 0x88, 0x8F, 0x0C, 0x0B, 0xD3, 0x8C, 0x66, 0x14, 0x9E, 0x7F, 0x67, 0xA6, 0xD9, 0x72,
    0x7D, 0xB4, 0x92, 0x6E, 0xB5, 0x5A, 0xD5, 0x01, 0x02, 0x3F, 0xD3, 0xAC, 0xF0, 0x0E, 0xE9, 0x59,
    0xE0, 0x04, 0x1F, 0x70, 0x91, 0x7A, 0xA7, 0x14, 0xA8, 0x47, 0x81, 0x29, 0xE4, 0xFA, 0xAF, 0x7C,
    0xB3, 0x6D, 0x05, 0xF3, 0x4A, 0x54, 0xD9, 0xAB, 0x19, 0xC1, 0x0A, 0x3D, 0xD0, 0x06, 0x70, 0x81,
    0xEF, 0xB8, 0x71, 0xF6, 0xEE, 0xCF, 0xE2, 0xF4, 0xCB, 0xB7, 0xD6, 0xD7, 0xA5, 0x47, 0x0C, 0x2B,
    0xA6, 0xF6, 0x6F, 0xFB, 0xFF, 0x57, 0xFE, 0x23, 0x2B, 0x97, 0xCB, 0xF3, 0xD2, 0x24, 0x69, 0xB7,
    0xF4, 0xAA, 0xFC, 0x36, 0xF8, 0xC5, 0x96, 0x62, 0x13, 0xAB, 0x58, 0xCD, 0x4D, 0xF8, 0x01, 0x7F,
    0x05, 0x48, 0x21, 0xBF, 0xBE, 0xBF, 0x24, 0x98, 0x52, 0xCD, 0x54, 0x81, 0x3A, 0xD0, 0x8C, 0xB8,
    0x3E, 0xD5, 0x85, 0x37, 0xE0, 0x21, 0x3C, 0x80, 0x5B, 0xB8, 0x83, 0x0D, 0x56, 0x8A, 0x48, 0x69,
    0xF3, 0xC6, 0x6A, 0x58, 0xF1, 0x80, 0x4B, 0x35, 0x5A, 0xE8, 0xE0, 0xC6, 0x6A, 0x3C, 0x2B, 0x4E,
    0xF7, 0x29, 0x94, 0x52, 0xA0, 0xD9, 0xDB, 0x48, 0x1B, 0xDD, 0xC6, 0xE5, 0xCD, 0x8E, 0x5F, 0xEA,
    0x83, 0x61, 0xA9, 0x4E, 0xA6, 0xB9, 0x12, 0x7A, 0x0E, 0xFD, 0x4B, 0x40, 0xC2, 0x64, 0xB0, 0x6A,
    0xA9, 0x81, 0xDC, 0x94, 0x35, 0x9A, 0x9B, 0xB7, 0x75, 0x9A, 0x4D, 0x72, 0x65, 0xD2, 0x5D, 0x49,
    0x07, 0xCD, 0x95, 0xF4, 0xF3, 0x2B, 0xB9, 0x83, 0xEF, 0x5C, 0x89, 0xAF, 0x9A, 0xDA, 0x13, 0x27,
    0xC9, 0x52, 0x31, 0x7D, 0x4A, 0x2B, 0xCD, 0xC3, 0xEC, 0x57, 0x8D, 0xED, 0xAE, 0xDE, 0xED, 0xC2,
    0x1D, 0x03, 0x6E, 0x2F, 0xAE, 0x04, 0xED, 0x06, 0x3E, 0xC2, 0x30, 0x83, 0x46, 0xCA, 0x13, 0xEA,
    0x0D, 0xDA, 0x19, 0x86, 0x9E, 0xE2, 0xE0, 0x9B, 0x55, 0xC4, 0xB9, 0x40, 0xE7, 0x61, 0xD0, 0xF3,
    0x4F, 0x6A, 0x3F, 0x19, 0x60, 0x58, 0xFC, 0x8A, 0x99, 0xC0, 0x6C, 0x60, 0x46, 0x30, 0x2B, 0x64,
    0x33, 0xB4, 0x2B, 0xE0, 0x17, 0x92, 0x95, 0x42, 0x1B, 0x17, 0x34, 0x02, 0xD3, 0x4A, 0x76, 0x9B,
    0x5A, 0x40, 0x95, 0xD1, 0xDF, 0x5E, 0x60, 0xA7, 0x16, 0x27, 0xCD, 0xC1, 0x34, 0x76, 0x1B, 0xDE,
    0x0C, 0xBD, 0x26, 0x8B, 0x1B, 0x7E, 0x7D, 0x52, 0x57, 0x17, 0x2A, 0x43, 0x3D, 0x5C, 0x70, 0x96,
    0xF1, 0x7F, 0x0D, 0x0F, 0x0C, 0x3F, 0x36, 0xC4, 0x0B, 0xD5, 0x7C, 0xA1, 0x0E, 0x17, 0x1C, 0x17,
    0xBE, 0x6D, 0x78, 0x60, 0x78, 0xC7, 0x20, 0x49, 0x31, 0x21, 0xB5, 0x7C, 0x1F, 0xD3, 0x8E, 0x19,
    0x0E, 0x09, 0x8D, 0xB4, 0xF3, 0x0C, 0x2E, 0xA1, 0xE7, 0x16, 0x07, 0x0F, 0x0C, 0x64, 0xB4, 0x09,
    0x4F, 0x83, 0xF3, 0x4D, 0x86, 0xED, 0xA5, 0xBD, 0x7C, 0x0A, 0x1E, 0x18, 0xDE, 0xA6, 0x3E, 0x73,
    0xD4, 0xFC, 0xE8, 0x57, 0xAB, 0x1B, 0x48, 0x21, 0xA6, 0xD1, 0x08, 0x93, 0x36, 0xAA, 0xA3, 0x39,
    0x68, 0xB6, 0xEA, 0xA0, 0x8D, 0xE5, 0x4E, 0x17, 0xCB, 0x35, 0x87, 0xD5, 0x06, 0x90, 0xC9, 0xA0,
    0x7F, 0x3D, 0x7B, 0x52, 0x5F, 0xB4, 0xD9, 0x78, 0xCC, 0xCD, 0x79, 0xA1, 0xBE, 0x3F, 0x71, 0x27,
    0xC3, 0xB0, 0x54, 0xC2, 0xC7, 0x0B, 0x5D, 0xAC, 0x4F, 0xDC, 0xDA, 0xEC, 0xD4, 0xBB, 0xDB, 0x28,
    0xCC, 0x67, 0xBA, 0x13, 0xF4, 0xEC, 0x39, 0x25, 0x1D, 0x3B, 0xE5, 0xBE, 0x52, 0x6D, 0x91, 0x26,
    0x7E, 0x1F, 0xB7, 0xE4, 0x89, 0xE2, 0x03, 0x0C, 0x23, 0x08, 0x38, 0xA1, 0x3C, 0xA0, 0xDA, 0xA1,
    0xD9, 0xC0, 0x45, 0x68, 0x17, 0xF0, 0x33, 0x0C, 0x01, 0x94, 0x8B, 0x95, 0x27, 0x69, 0x3B, 0xE3,
    0xAD, 0xB3, 0xA7, 0x94, 0x22, 0xEE, 0xA8, 0x77, 0xDA, 0xAD, 0x38, 0xD3, 0x70, 0xDC, 0xC7, 0xCE,
    0x49, 0x7B, 0x96, 0x16, 0xF2, 0x9F, 0x3D, 0x59, 0x3B, 0xDE, 0x30, 0xC9, 0xB6, 0xC5, 0xE1, 0xA0,
    0x8B, 0x4E, 0x0C, 0x73, 0xA5, 0x51, 0xA1, 0x50, 0x50, 0xE0, 0x1E, 0xC6, 0x61, 0x29, 0x45, 0xB7,
    0xD5, 0xB6, 0xC2, 0xB4, 0x26, 0x93, 0x17, 0x36, 0xD2, 0x01, 0x40, 0xBB, 0x75, 0x0B, 0xDE, 0x96,
    0xE6, 0xB0, 0x34, 0xBB, 0xC5, 0xE9, 0x48, 0x21, 0xBA, 0x8F, 0xE5, 0xC2, 0x10, 0x6B, 0xF5, 0x7E,
    0x6B, 0xD5, 0x3B, 0xFD, 0x41, 0x7D, 0x31, 0xFD, 0x9D, 0x80, 0xEA, 0x19, 0xCE, 0xBC, 0x9A, 0xBF,
    0x45, 0xB3, 0x73, 0x83, 0x5B, 0xF1, 0xB4, 0x91, 0x2E, 0x0C, 0x01, 0x27, 0x8B, 0x8A, 0x16, 0xB8,
    0xB7, 0x91, 0x3D, 0xF7, 0xDC, 0xCF, 0x79, 0x76, 0x2D, 0xE1, 0xB9, 0xE7, 0x9B, 0x74, 0x29, 0xA7,
    0x8D, 0x55, 0x2C, 0x97, 0x2A, 0x74, 0xFD, 0xDD, 0xB3, 0xCC, 0xEF, 0x40, 0xB9, 0x41, 0x17, 0x29,
    0xD4, 0xD3, 0xDA, 0x18, 0x8E, 0xB8, 0x0D, 0xA6, 0x00, 0xCA, 0x4B, 0x8F, 0xFA, 0xCC, 0xF3, 0xC4,
    0xFC, 0xCC, 0x73, 0xA5, 0x59, 0xC9, 0x27, 0xC9, 0x37, 0x9E, 0xEE, 0xD0, 0x2F, 0x79, 0xEE, 0xE7,
    0xCD, 0xC0, 0xD3, 0xDA, 0x5B, 0x5E, 0xCE, 0x66, 0x2F, 0xD9, 0xA5, 0x5D, 0x73, 0x9B, 0xC3, 0x9C,
    0x8C, 0xF9, 0x25, 0x8D, 0x74, 0xB7, 0x82, 0xE5, 0x5E, 0xC2, 0x08, 0xBC, 0xA6, 0xB4, 0x96, 0xC7,
    0x69, 0x19, 0x16, 0x85, 0x2E, 0xED, 0x4C, 0xED, 0x98, 0x76, 0xA3, 0x94, 0xF2, 0xCA, 0x9B, 0xD2,
    0x91, 0x9F, 0xFF, 0x69, 0x43, 0x0E, 0x74, 0xC0, 0xFF, 0x79, 0x2E, 0x68, 0xA0, 0xF0, 0x2C, 0xA5,
    0xB0, 0x96, 0xD3, 0x69, 0x32, 0x48, 0xAB, 0x75, 0xB9, 0x7F, 0xCD, 0x3C, 0x58, 0xA0, 0x0B, 0x4C,
    0x40, 0xBD, 0x94, 0x3B, 0xC3, 0xAF, 0xDF, 0x8B, 0x75, 0xAC, 0xD7, 0x21, 0x6C, 0x6E, 0x6E, 0x43,
    0x17, 0x6E, 0xBB, 0xD1, 0xF7, 0x7E, 0x7C, 0xE0, 0x11, 0x97, 0xFC, 0xA0, 0x38, 0x19, 0xFA, 0x07,
    0xEF, 0x96, 0x07, 0x03, 0x0F, 0xF6, 0x6A, 0x67, 0xCA, 0x22, 0x6E, 0x4D, 0x4E, 0xDE, 0xB9, 0xA4,
    0x38, 0x89, 0x7B, 0x79, 0x94, 0x67, 0xB9, 0xEC, 0xA8, 0xF1, 0x4D, 0x78, 0x97, 0xE1, 0x68, 0xC5,
    0x40, 0xB3, 0x94, 0x8F, 0xB3, 0x3B, 0xD0, 0x86, 0x24, 0x4D, 0xB4, 0x38, 0xA7, 0xD5, 0xC1, 0xDB,
    0x30, 0x3D, 0xE6, 0x2F, 0x2C, 0x5A, 0x92, 0x7A, 0x5B, 0x08, 0xFA, 0xFB, 0x54, 0x68, 0x37, 0xE2,
    0xCE, 0x5C, 0x53, 0x49, 0x7C, 0x2A, 0xC1, 0x43, 0x8D, 0x26, 0x77, 0x0A, 0x26, 0x6B, 0x5A, 0xEB,
    0x45, 0x4C, 0x8B, 0xBF, 0x5A, 0x7C, 0x34, 0x99, 0x2D, 0xD4, 0x34, 0xC1, 0x62, 0x89, 0x1B, 0x93,
    0xB4, 0x7D, 0x73, 0xA6, 0x46, 0x24, 0xB2, 0xF4, 0x70, 0x97, 0x62, 0x4B, 0xBE, 0xE3, 0x14, 0xF9,
    0x8E, 0x53, 0x45, 0x18, 0x22, 0xB5, 0xC9, 0x9A, 0x86, 0x72, 0x3A, 0x90, 0x82, 0xBB, 0xD2, 0x53,
    0xD1, 0x63, 0xA6, 0x8B, 0x63, 0x2D, 0xA6, 0xB4, 0x75, 0x6C, 0x17, 0xDA, 0xFD, 0x82, 0x7B, 0x8A,
    0xD6, 0xD0, 0xAD, 0x95, 0x0A, 0xDB, 0x67, 0x74, 0x72, 0x41, 0xA3, 0x2D, 0xA2, 0xF5, 0x49, 0x91,
    0xFA, 0xBC, 0x50, 0xE9, 0x39, 0xD4, 0x06, 0x77, 0xD4, 0x62, 0xD8, 0x24, 0x69, 0x96, 0xF4, 0x69,
    0x1A, 0x4F, 0xE8, 0xA4, 0xA5, 0xD0, 0xA3, 0xC1, 0x96, 0xB1, 0xB3, 0x3D, 0xAA, 0xDE, 0xBB, 0x48,
    0x65, 0xBD, 0x2F, 0xFA, 0x61, 0x79, 0xBA, 0xF5, 0x25, 0x84, 0x17, 0x91, 0x72, 0x53, 0x39, 0x9F,
    0x10, 0x21, 0x2D, 0x8F, 0x6F, 0xD9, 0x52, 0xB8, 0x2D, 0x34, 0xD7, 0x69, 0x4A, 0xDA, 0x94, 0xFB,
    0x94, 0x6C, 0x77, 0x32, 0x17, 0x30, 0x6F, 0x76, 0x92, 0x77, 0xC6, 0x32, 0xF5, 0x03, 0x05, 0xE3,
    0x34, 0x1B, 0x87, 0x68, 0xF4, 0x5F, 0x80, 0x43, 0xE2, 0xB4, 0x3C, 0x6D, 0xA1, 0x48, 0xCC, 0xAF,
    0x3B, 0x92, 0xAD, 0x7C, 0x16, 0x05, 0xE3, 0x06, 0x32, 0x99, 0x0C, 0x66, 0x7E, 0xB3, 0x2A, 0x06,
    0x12, 0x56, 0x03, 0x2F, 0x40, 0x7A, 0x02, 0x78, 0x25, 0xBE, 0x6B, 0xB8, 0x49, 0xA8, 0x05, 0xA7,
    0xD9, 0x38, 0x65, 0x78, 0xCE, 0x64, 0xF9, 0xCC, 0xDA, 0x3B, 0x4F, 0xC1, 0xAB, 0xEC, 0x8E, 0x19,
    0x02, 0x3E, 0x1B, 0xE9, 0x34, 0x93, 0x94, 0x01, 0xC5, 0xA4, 0x47, 0x69, 0x8C, 0x0F, 0xD0, 0xFC,
    0xBA, 0xA8, 0x4E, 0xCA, 0x74, 0x8F, 0x40, 0x7D, 0x17, 0xE1, 0xC8, 0x23, 0x96, 0x47, 0x30, 0x0F,
    0x26, 0xCA, 0x0C, 0xCF, 0xD1, 0x6B, 0xD7, 0x6C, 0x9C, 0x66, 0x1A, 0x85, 0x61, 0xA1, 0x52, 0xEF,
    0x23, 0x69, 0x42, 0x1A, 0x5D, 0x1E, 0xCC, 0xD3, 0x58, 0xE8, 0xF1, 0x45, 0xB3, 0x7B, 0x9A, 0x0F,
    0xE7, 0x23, 0xA4, 0x3D, 0x4D, 0xF3, 0x2C, 0xE6, 0xE6, 0xB4, 0x91, 0x07, 0xF0, 0x4B, 0x89, 0xA4,
    0x7B, 0x02, 0xFE, 0x2B, 0x48, 0xB6, 0xCE, 0xF3, 0x2E, 0x29, 0x3D, 0x4D, 0x9A, 0x37, 0x5F, 0xF6,
    0x6D, 0x9E, 0x54, 0x77, 0x52, 0xB4, 0x94, 0xEF, 0x36, 0xF1, 0x4F, 0x97, 0xA6, 0x05, 0x14, 0xA8,
    0xD5, 0x33, 0x1D, 0x30, 0x3D, 0x82, 0x64, 0x7E, 0xCF, 0xAC, 0x35, 0x16, 0x4A, 0x6B, 0x28, 0x0D,
    0x47, 0xB9, 0x19, 0x9B, 0xC5, 0xD8, 0x8D, 0xC6, 0x9F, 0x70, 0xB1, 0xDC, 0x8C, 0x2E, 0x1A, 0x87,
    0xCD, 0xA8, 0x23, 0x51, 0xC6, 0xBF, 0x91, 0x95, 0xAC, 0x34, 0x5F, 0x44, 0xD1, 0x98, 0x87, 0xCC,
    0x1F, 0xC6, 0x56, 0x46, 0xA7, 0x50, 0xDB, 0xC4, 0x5C, 0x25, 0x15, 0xB2, 0x87, 0x2E, 0x11, 0x43,
    0x8A, 0xB4, 0x15, 0xFB, 0xFA, 0xF8, 0xEF, 0x86, 0x6F, 0x1B, 0xDE, 0x78, 0xF9, 0xDA, 0xB2, 0xA0,
    0x28, 0x26, 0xBD, 0xD0, 0x68, 0xA3, 0x90, 0x75, 0x7E, 0x27, 0xA7, 0x83, 0xEA, 0xA3, 0x4B, 0x3F,
    0x39, 0xA9, 0x3F, 0xBC, 0xF4, 0x63, 0xE1, 0x7E, 0x9E, 0xB4, 0x77, 0x6F, 0x5E, 0xFA, 0x1B, 0x8D,
    0x9D, 0xBB, 0x34, 0x2A, 0xDC, 0x24, 0x9D, 0xE6, 0x87, 0x49, 0x87, 0xE5, 0x2E, 0xA9, 0x8F, 0x5B,
    0xD2, 0xEE, 0x77, 0x31, 0x69, 0x7B, 0x66, 0x75, 0x5A, 0x92, 0x36, 0x0A, 0x49, 0x6B, 0x65, 0xAD,
    0xD4, 0x27, 0x2D, 0xC5, 0xA5, 0xCD, 0xCA, 0x49, 0x77, 0x22, 0xF5, 0x47, 0x25, 0xC5, 0x4B, 0xEF,
    0xB2, 0x42, 0x3E, 0x04, 0x4C, 0x1A, 0xCD, 0x56, 0xB2, 0xB2, 0x68, 0xC7, 0xEC, 0xB7, 0xC9, 0x99,
    0xE4, 0x13, 0xF5, 0x26, 0xBF, 0x55, 0x30, 0x89, 0x5A, 0x92, 0x0C, 0x6B, 0x92, 0x6E, 0x4F, 0xE2,
    0x94, 0xA4, 0xD2, 0x8F, 0x4C, 0x0A, 0xFD, 0xC2, 0x84, 0xE9, 0xE3, 0x24, 0xFE, 0x0F, 0x49, 0x9C,
    0x92, 0x34, 0x59, 0xAA, 0x2C, 0x28, 0xE6, 0xEB, 0x45, 0x44, 0x0A, 0x74, 0x59, 0x5C, 0x24, 0xFF,
    0x55, 0xC0, 0x20, 0xCD, 0x94, 0x7A, 0xD4, 0x6D, 0x34, 0x07, 0xD5, 0x99, 0x2F, 0x42, 0xB6, 0xFE,
    0x51, 0x30, 0x4E, 0xF3, 0xB4, 0xC0, 0xB0, 0x4C, 0x33, 0xF8, 0xA8, 0xF0, 0x0A, 0xCE, 0xC6, 0x29,
    0x33, 0x95, 0xCF, 0x75, 0x73, 0x3B, 0x2E, 0xB5, 0x99, 0xDB, 0xCF, 0xB6, 0xB2, 0xDD, 0xEC, 0x83,
    0x9D, 0x90, 0x06, 0x8D, 0x8D, 0x0A, 0xA5, 0x1B, 0xF6, 0xFA, 0xE2, 0x09, 0xF9, 0x0C, 0xED, 0x96,
    0x2F, 0xE1, 0x4A, 0x2B, 0x41, 0xEA, 0x2F, 0x3C, 0xFE, 0x72, 0xDB, 0xE7, 0xFD, 0xCE, 0x17, 0xC9,
    0xA1, 0x3A, 0x39, 0x97, 0x1D, 0xED, 0xEE, 0x75, 0x7E, 0xB8, 0xDF, 0xF9, 0x2F, 0x18, 0x82, 0x21,
    0xA6, 0x5A, 0xB9, 0xF3, 0xA1, 0x5B, 0x41, 0xA3, 0xDB, 0x29, 0xF3, 0x96, 0xB2, 0x83, 0xFE, 0x7D,
    0x8A, 0xD0, 0x4A, 0x3D, 0x30, 0x6D, 0x00, 0x3E, 0x73, 0x37, 0xB6, 0x89, 0x4E, 0xC6, 0x4A, 0xB3,
    0x89, 0x4E, 0xE3, 0xEB, 0x67, 0x3E, 0x68, 0x8D, 0x5A, 0x68, 0x9E, 0x1C, 0xB4, 0xEE, 0x30, 0xD6,
    0x2F, 0x6C, 0x5F, 0x75, 0xE6, 0xF9, 0x6C, 0x17, 0x1F, 0xD6, 0x7C, 0xEC, 0x24, 0x72, 0xB1, 0xCE,
    0x9B, 0x81, 0xC2, 0xBD, 0xCD, 0x60, 0x35, 0xFA, 0xDD, 0xD8, 0xE5, 0xBA, 0xEA, 0x1B, 0x8D, 0xB5,
    0x66, 0x69, 0x2F, 0xB5, 0x5D, 0xA4, 0xDB, 0x78, 0x5D, 0x8F, 0x28, 0xA4, 0x8D, 0x66, 0x6B, 0x4E,
    0xDA, 0xB9, 0x10, 0x3E, 0x90, 0xF0, 0x2E, 0x7E, 0x06, 0xFC, 0x0A, 0x74, 0xEA, 0xC1, 0x69, 0x35,
    0x6B, 0x4F, 0xFE, 0x06, 0xA1, 0x49, 0x1D, 0x1A, 0x2C, 0xCB, 0xB6, 0xB4, 0x14, 0x27, 0xF0, 0x61,
    0x48, 0xE8, 0xF1, 0xE3, 0x10, 0x98, 0xF0, 0xE9, 0xF2, 0x22, 0x45, 0x3B, 0x6B, 0x7A, 0xA6, 0xD4,
    0xEF, 0xCC, 0x9F, 0xA0, 0xE0, 0x96, 0xBB, 0x8B, 0xD5, 0x3D, 0x96, 0xCB, 0xFF, 0xB8, 0x48, 0x8F,
    0x91, 0x3F, 0x0A, 0x67, 0xA0, 0x54, 0x04, 0xBC, 0x14, 0x32, 0x91, 0x54, 0x49, 0x99, 0xB6, 0xB8,
    0xBB, 0xB9, 0x52, 0x8F, 0x0B, 0x95, 0xF8, 0xA3, 0xB2, 0xC7, 0x8D, 0xE9, 0x4A, 0xDF, 0xA3, 0x80,
    0x87, 0x61, 0x2B, 0x0F, 0x68, 0xA5, 0x95, 0x1C, 0x13, 0x69, 0xAF, 0xB4, 0x67, 0x3A, 0x8D, 0x74,
    0xA9, 0x56, 0xDB, 0x57, 0xF6, 0x9B, 0x42, 0x81, 0x9B, 0xD4, 0x89, 0x5B, 0x98, 0x16, 0xEE, 0x60,
    0x88, 0xAC, 0x36, 0x34, 0x45, 0x84, 0x6E, 0x2B, 0x23, 0xB6, 0xAA, 0xE6, 0x8B, 0x47, 0x1D, 0xA0,
    0x56, 0x93, 0x76, 0x76, 0xD7, 0x43, 0xA9, 0xBF, 0x04, 0x0A, 0xFD, 0x03, 0x80, 0x0E, 0xE3, 0xB4,
    0xDF, 0x9B, 0xAC, 0xAB, 0xB1, 0x8D, 0x46, 0xB7, 0x60, 0x9E, 0x24, 0xBB, 0xB2, 0x1F, 0x7E, 0xAC,
    0x24, 0xF3, 0xC7, 0x07, 0xBA, 0xA5, 0x56, 0xCF, 0x30, 0x93, 0x7B, 0xA4, 0x98, 0x3B, 0x65, 0x3F,
    0xDA, 0xBE, 0x50, 0x28, 0xB4, 0xD1, 0x81, 0xE6, 0xD2, 0x2A, 0xE6, 0xEB, 0xDE, 0xC1, 0x8D, 0xB9,
    0x5A, 0xFF, 0xF2, 0xE4, 0x6D, 0xF0, 0xB1, 0xF9, 0xA9, 0xB8, 0x33, 0x9B, 0xEE, 0x47, 0xEA, 0x37,
    0x68, 0xF7, 0xF6, 0x7B, 0x0A, 0xAB, 0x39, 0xDF, 0xA1, 0xF7, 0xA2, 0xF9, 0x7F, 0x83, 0x7E, 0x15,
    0xA1, 0x39, 0x1F, 0x32, 0x7C, 0xBC, 0x40, 0xA5, 0x3B, 0xFC, 0x27, 0x33, 0x54, 0x66, 0x40, 0x01,
    0x4A, 0xAD, 0x98, 0x53, 0x14, 0xE6, 0x84, 0x7A, 0x40, 0x91, 0x5A, 0x00, 0x53, 0x3A, 0x0F, 0x81,
    0x21, 0x50, 0x9E, 0xE0, 0xA5, 0x52, 0x7B, 0x66, 0xA5, 0x15, 0x3F, 0x5B, 0x59, 0xDF, 0xE3, 0x37,
    0x73, 0xA9, 0x3D, 0xD8, 0x20, 0xED, 0xCB, 0x54, 0xFA, 0xDB, 0x60, 0x6D, 0x7E, 0x94, 0xD6, 0xF3,
    0x79, 0x6F, 0x25, 0xE7, 0xDF, 0xB9, 0x7D, 0x59, 0x99, 0xDF, 0x68, 0x81, 0x7A, 0x9E, 0xCC, 0xF3,
    0xD1, 0x0A, 0x79, 0xDC, 0x09, 0x77, 0xD4, 0xEA, 0xD3, 0x69, 0x1E, 0x9A, 0x9D, 0x5A, 0xEB, 0xA4,
    0xD1, 0x4B, 0x99, 0xB2, 0x91, 0xDD, 0x33, 0x5B, 0xCD, 0x0C, 0x73, 0x6D, 0x83, 0xDB, 0x97, 0x0A,
    0x39, 0x6E, 0x3C, 0x84, 0x29, 0xF2, 0x0E, 0x79, 0x58, 0x6D, 0xEB, 0x5C, 0x9E, 0x0D, 0x68, 0x1E,
    0xCA, 0xB7, 0x5E, 0x18, 0xC4, 0x35, 0x31, 0xBE, 0x82, 0xEB, 0x93, 0x92, 0x79, 0xFD, 0x65, 0x7A,
    0xF3, 0x25, 0x63, 0x64, 0x58, 0x3D, 0x28, 0xDE, 0x98, 0xD3, 0x0F, 0x6D, 0x19, 0xFF, 0x3F, 0x9C,
    0x9E, 0x74, 0x7D, 0xD8, 0xB0, 0xCC, 0xBC, 0x81, 0x59, 0x26, 0xE4, 0xCC, 0xE3, 0xBF, 0x66, 0xFE,
    0x6F, 0xCB, 0x7C, 0x60, 0x99, 0x0F, 0x2C, 0xF3, 0x76, 0xD8, 0x28, 0x76, 0x49, 0x7A, 0x82, 0xC5,
    0xDE, 0x15, 0xCD, 0x28, 0x7C, 0xED, 0x37, 0x0D, 0x62, 0x6E, 0x13, 0xC8, 0x1F, 0x85, 0x6F, 0xE1,
    0x01, 0x16, 0xC3, 0x37, 0xA0, 0x05, 0x07, 0xAE, 0xA7, 0x19, 0xA9, 0x03, 0xD5, 0xF5, 0xCE, 0x94,
    0x0B, 0x16, 0xD6, 0xF8, 0x45, 0x2B, 0xE4, 0x83, 0xDF, 0x86, 0xE7, 0x8F, 0xF3, 0x5A, 0x53, 0x4A,
    0x2F, 0x40, 0x69, 0xB4, 0x01, 0xA6, 0x79, 0xF2, 0x37, 0x19, 0xDD, 0x2D, 0xF0, 0xF0, 0x06, 0xB8,
    0x6D, 0x81, 0xCD, 0x8D, 0x14, 0xB1, 0x09, 0x54, 0x4B, 0xFA, 0x96, 0x5B, 0xDA, 0x92, 0x63, 0xA5,
    0xED, 0xB9, 0xC3, 0x9B, 0xEB, 0x0F, 0x31, 0x05, 0x94, 0x1F, 0x0D, 0x91, 0x76, 0xA3, 0xDE, 0x61,
    0x82, 0x76, 0x4C, 0xDF, 0x7C, 0x6A, 0x69, 0xC1, 0x6D, 0x7E, 0xC3, 0x45, 0xB7, 0x53, 0x1B, 0xE0,
    0x09, 0x8A, 0xB4, 0xE0, 0x0D, 0xC3, 0xE6, 0x76, 0xA6, 0xE5, 0x82, 0x66, 0x43, 0x48, 0x68, 0x77,
    0xA6, 0xD9, 0xEF, 0x0C, 0xBF, 0xD3, 0x49, 0xA7, 0x9F, 0x6A, 0xAE, 0xCF, 0x4A, 0xB3, 0x04, 0x24,
    0x34, 0xAF, 0x3E, 0xB2, 0x9B, 0xB3, 0xAF, 0x34, 0x68, 0xA9, 0xB4, 0xFA, 0xAD, 0xB2, 0x06, 0x2B,
    0x8D, 0xCD, 0x51, 0xA9, 0xAF, 0x4F, 0x83, 0x2A, 0x51, 0xBD, 0x00, 0xCB, 0x30, 0x9C, 0xB9, 0xB0,
    0x55, 0x6B, 0xB4, 0xFA, 0x55, 0x87, 0xD7, 0xA2, 0xFD, 0x6A, 0xD4, 0xBA, 0x55, 0x49, 0xD1, 0xED,
    0xDD, 0xEE, 0x2F, 0xDA, 0x17, 0xAC, 0x69, 0x6E, 0xA2, 0xE6, 0x02, 0x05, 0x9E, 0x4F, 0x33, 0xE4,
    0xE3, 0x9C, 0x6F, 0xD8, 0xA7, 0x4F, 0x77, 0x14, 0xBB, 0xD5, 0xB5, 0x36, 0xC0, 0x2B, 0x90, 0x51,
    0x19, 0x78, 0x11, 0xD3, 0xA2, 0xD0, 0xE8, 0xB0, 0x40, 0xB4, 0x0A, 0x3E, 0x56, 0x0A, 0xC3, 0x52,
    0x2A, 0x4C, 0x73, 0xA1, 0xA0, 0x84, 0xC0, 0x8B, 0xB0, 0x8C, 0xC9, 0x60, 0x85, 0x73, 0x35, 0x6B,
    0x20, 0x36, 0x3A, 0x06, 0x15, 0xD3, 0xE2, 0x75, 0x39, 0x00, 0x55, 0x1A, 0x9B, 0xBD, 0xDD, 0xE8,
    0x62, 0x73, 0xE0, 0x97, 0xFA, 0xC9, 0x07, 0xF7, 0x60, 0x90, 0x32, 0xEE, 0xBB, 0x34, 0x03, 0xD3,
    0x92, 0x97, 0xF8, 0xB7, 0xE8, 0x36, 0xBE, 0x8B, 0x3B, 0x8B, 0x9D, 0x52, 0x5A, 0xA1, 0xB3, 0x5E,
    0xD5, 0x5A, 0x18, 0xB4, 0xA3, 0x0F, 0x8E, 0x52, 0xDF, 0xDB, 0x2B, 0xF1, 0xFD, 0x2B, 0x61, 0x49,
    0x52, 0xB0, 0x64, 0xBF, 0xBF, 0x5C, 0xEA, 0x69, 0xF2, 0x91, 0x99, 0x12, 0xD0, 0x2C, 0xBC, 0xF5,
    0xE9, 0xB0, 0x56, 0xD2, 0xEF, 0x57, 0x77, 0xB4, 0xEB, 0x3F, 0x76, 0x6B, 0xB3, 0xE3, 0x63, 0x7D,
    0x62, 0xFD, 0x7D, 0x82, 0x5A, 0x74, 0x6B, 0x7D, 0xE2, 0x76, 0xB7, 0x93, 0x22, 0x8F, 0x9D, 0x78,
    0x79, 0xEA, 0x07, 0xC0, 0xCD, 0x06, 0xE9, 0x31, 0xB5, 0x74, 0x52, 0x48, 0xEA, 0xDD, 0x85, 0x30,
    0x04, 0xA6, 0x20, 0xF0, 0x19, 0xEA, 0x99, 0xFA, 0x61, 0xAE, 0x4F, 0x3A, 0x69, 0xA5, 0x54, 0xBA,
    0x4B, 0x00, 0x64, 0x36, 0x89, 0xD5, 0x2B, 0x59, 0x9B, 0x55, 0x75, 0x5A, 0x2E, 0x4E, 0x5A, 0x2F,
    0xCE, 0x3E, 0xED, 0xD5, 0x9D, 0xF9, 0xD5, 0xB7, 0x89, 0xCE, 0xC8, 0x97, 0x62, 0xA3, 0xD1, 0x9D,
    0x4C, 0xDA, 0x9D, 0x42, 0x66, 0x91, 0xB2, 0xF2, 0x5B, 0xEC, 0xE4, 0x47, 0xB2, 0xD7, 0xE5, 0xFB,
    0xDC, 0x67, 0xBE, 0xB5, 0x15, 0x1B, 0x95, 0x0E, 0x0B, 0x7C, 0x8F, 0x42, 0x7E, 0xED, 0x77, 0x7A,
    0x5A, 0x85, 0xF6, 0x6B, 0xEC, 0x4C, 0x85, 0xC6, 0x4A, 0x7D, 0x73, 0x32, 0x6D, 0x4C, 0x23, 0x12,
    0x40, 0xA6, 0xFB, 0x9C, 0x18, 0x56, 0xDA, 0x9F, 0x92, 0x69, 0x36, 0x0E, 0x18, 0x77, 0x63, 0x15,
    0x8D, 0x2E, 0x18, 0xBB, 0xC4, 0x21, 0x1A, 0xB5, 0x19, 0x3F, 0x3C, 0x8C, 0xB5, 0x72, 0x3B, 0xE3,
    0x45, 0x34, 0x53, 0x8B, 0x29, 0x5A, 0x7F, 0xFD, 0x81, 0xB4, 0xE7, 0x8E, 0x17, 0xC6, 0x14, 0xAE,
    0x57, 0x47, 0xE9, 0x8B, 0xC7, 0x50, 0xA7, 0xF5, 0xF5, 0x31, 0x3A, 0xBD, 0x3E, 0xD0, 0x89, 0x93,
    0xF4, 0x91, 0x6C, 0x9B, 0x09, 0x3A, 0x2A, 0x8D, 0xD7, 0x3B, 0x6C, 0xA5, 0xAD, 0x09, 0x3B, 0x79,
    0xB3, 0x46, 0xBE, 0xBA, 0xD6, 0xD6, 0xCE, 0xA5, 0xD6, 0xA9, 0x0D, 0x2D, 0x52, 0xF4, 0xEA, 0x75,
    0x3C, 0xD1, 0xE1, 0xB4, 0xA9, 0x38, 0xA4, 0xA9, 0xD8, 0xFC, 0x49, 0xA6, 0xE2, 0xE6, 0x34, 0x67,
    0xDA, 0x36, 0x97, 0x57, 0x9D, 0x3B, 0xDC, 0x4E, 0x5E, 0x93, 0x4B, 0xA9, 0x7E, 0x9A, 0x2D, 0xC8,
    0x33, 0xAF, 0xDA, 0xBF, 0x2E, 0xA4, 0x22, 0xA9, 0x70, 0x67, 0xD5, 0x52, 0x03, 0xA5, 0x14, 0xF3,
    0x2E, 0x33, 0xED, 0xCD, 0xC1, 0x74, 0x0C, 0xD6, 0xCF, 0x65, 0x5A, 0x6A, 0x05, 0xBF, 0x9A, 0xEF,
    0xCF, 0xBE, 0x8B, 0x7E, 0x2E, 0x52, 0x61, 0xAB, 0x66, 0x0D, 0x54, 0x1A, 0x2C, 0x84, 0xAF, 0x1F,
    0x2F, 0x3D, 0x4C, 0x6A, 0x83, 0xD3, 0x08, 0xD2, 0x4E, 0x06, 0xD3, 0xE2, 0xCF, 0xC6, 0xE2, 0x69,
    0x5B, 0xEB, 0xF2, 0x75, 0xF7, 0xE6, 0xBC, 0xCD, 0x17, 0xD3, 0xFC, 0x8A, 0x93, 0x80, 0xC2, 0x50,
    0x69, 0x01, 0xE9, 0x4C, 0x90, 0xC5, 0x40, 0x87, 0x17, 0xEE, 0x9C, 0x6C, 0x42, 0xFD, 0x4A, 0x7D,
    0xA5, 0x20, 0x1B, 0xBE, 0xED, 0x65, 0xFD, 0xF8, 0xC2, 0x7D, 0x2B, 0xA6, 0x8D, 0x56, 0xEA, 0x87,
    0x30, 0x04, 0xD1, 0x06, 0xE1, 0x7A, 0x8D, 0xDF, 0x40, 0x1B, 0x0C, 0x5A, 0xE8, 0x74, 0x52, 0x4B,
    0x81, 0x4E, 0x0B, 0xC5, 0x14, 0x1F, 0xD0, 0xC6, 0x1D, 0x17, 0x4F, 0xDC, 0x32, 0x8D, 0x43, 0xF0,
    0x12, 0xAF, 0xE9, 0x31, 0x78, 0x18, 0x40, 0x34, 0x42, 0xE9, 0xF9, 0x82, 0x0B, 0xA8, 0xD4, 0x0F,
    0x91, 0xE8, 0x7E, 0x3F, 0xA9, 0xD0, 0x4E, 0x66, 0x23, 0xBA, 0x3C, 0xD7, 0xBE, 0x0A, 0xF3, 0xBC,
    0x1E, 0x3B, 0x9B, 0x45, 0x61, 0x48, 0x3D, 0xFD, 0xE8, 0x84, 0x49, 0x3F, 0xD3, 0xC2, 0xEB, 0x47,
    0x9D, 0x57, 0x8A, 0x12, 0x5A, 0x51, 0xAF, 0xCD, 0x49, 0xB5, 0xD4, 0xA2, 0x9A, 0x6D, 0x45, 0x87,
    0x52, 0xA3, 0x1B, 0x51, 0x70, 0xA0, 0xB9, 0x83, 0x61, 0xB9, 0x01, 0x1F, 0x1F, 0x40, 0xB7, 0xDE,
    0x41, 0xBB, 0x6F, 0xE0, 0x8E, 0x08, 0x8D, 0x2E, 0xD4, 0x9A, 0xF3, 0xA9, 0x6E, 0xD6, 0x18, 0xB4,
    0x55, 0x73, 0xAB, 0xE5, 0xD2, 0x66, 0xB9, 0xB4, 0x51, 0xEF, 0x62, 0x79, 0x26, 0xDF, 0x56, 0xCC,
    0x23, 0xBA, 0x8D, 0xFC, 0xD5, 0x64, 0x2F, 0x22, 0x68, 0xF4, 0x7B, 0x69, 0x1A, 0xFE, 0xE9, 0xAC,
    0xD2, 0x1D, 0xE2, 0x3F, 0x54, 0x07, 0xF0, 0xFF, 0xF6, 0x1B, 0x35, 0xA6, 0xBF, 0x5D, 0xF4, 0x66,
    0x0F, 0xDD, 0xC7, 0xF3, 0xF4, 0x73, 0xA0, 0xFD, 0x24, 0x0C, 0x1F, 0x02, 0x79, 0x27, 0x23, 0x87,
    0x2A, 0x0F, 0x6E, 0x6B, 0x5A, 0x9D, 0xB8, 0xD5, 0x74, 0xA7, 0x89, 0xE0, 0xB5, 0x4F, 0xCA, 0x34,
    0x4F, 0x2D, 0x4B, 0xC1, 0x05, 0xEB, 0x54, 0x07, 0x74, 0xDB, 0xDB, 0x80, 0x3B, 0x53, 0x0D, 0x2D,
    0xE4, 0xC9, 0x67, 0x8C, 0xA9, 0xCD, 0xDD, 0x72, 0xDF, 0x3C, 0x81, 0x9B, 0x4A, 0x3D, 0xDC, 0xA1,
    0x99, 0x62, 0x65, 0x8A, 0x34, 0x1B, 0x3A, 0x98, 0xF4, 0xA6, 0x14, 0x32, 0xA5, 0x45, 0x67, 0x42,
    0x2B, 0x5C, 0x6C, 0x4E, 0x9A, 0xB9, 0xBE, 0x10, 0xAC, 0xF3, 0x7D, 0xA9, 0xBE, 0x05, 0x85, 0x1B,
    0x98, 0xC2, 0x43, 0x73, 0xE0, 0x16, 0x7C, 0xDC, 0x2C, 0xAA, 0x11, 0xDC, 0xEF, 0x53, 0x40, 0x17,
    0xB3, 0x1A, 0x9E, 0x06, 0xB4, 0x07, 0x04, 0x70, 0x1A, 0x0E, 0xA0, 0x4C, 0x9D, 0x5D, 0x81, 0x36,
    0x42, 0x31, 0x05, 0xF0, 0xEA, 0x2F, 0x3C, 0xE6, 0x82, 0x74, 0xA6, 0xD4, 0xB7, 0xFB, 0xC3, 0x34,
    0x64, 0x5A, 0xFE, 0xA7, 0xF5, 0xA8, 0x92, 0x0D, 0x99, 0x8D, 0x9D, 0xD9, 0x04, 0xCD, 0x94, 0xF9,
    0x68, 0x70, 0xEE, 0xC0, 0x75, 0x1B, 0x9D, 0x5F, 0x8B, 0x41, 0xF9, 0xB1, 0x29, 0x1D, 0xE8, 0x6C,
    0x38, 0xD7, 0x54, 0x16, 0x85, 0xCF, 0x4C, 0x66, 0xA2, 0x11, 0x68, 0xCB, 0xA9, 0x56, 0x9F, 0x03,
    0xF9, 0x99, 0x69, 0xC6, 0xDA, 0x37, 0x3B, 0x66, 0x2F, 0x7E, 0xDE, 0x33, 0xAD, 0x30, 0x09, 0x9B,
    0xDA, 0xA0, 0xF0, 0xF9, 0x69, 0x5A, 0xC0, 0x27, 0x6F, 0xCC, 0xBB, 0x80, 0xFF, 0x62, 0x9D, 0xB1,
    0xF6, 0xCD, 0xCE, 0xB4, 0x41, 0xB3, 0xE2, 0xFD, 0x89, 0xBF, 0xED, 0xC2, 0xCD, 0x8F, 0xEB, 0xF5,
    0xDD, 0x88, 0xF6, 0x48, 0xB7, 0xFC, 0x27, 0xD5, 0x9A, 0x3D, 0x90, 0xE5, 0xC6, 0x75, 0xB6, 0x1F,
    0xA0, 0xF5, 0x0D, 0x3E, 0x2F, 0x54, 0x6A, 0x05, 0xA6, 0x03, 0xD1, 0x65, 0x38, 0x70, 0x40, 0xAB,
    0x44, 0x22, 0x51, 0xB8, 0xB3, 0x0D, 0x5B, 0x01, 0x03, 0x07, 0x66, 0x95, 0xBD, 0xE5, 0x94, 0x81,
    0x02, 0x17, 0x93, 0x55, 0xE8, 0x60, 0x86, 0x40, 0xD9, 0x81, 0xD3, 0x71, 0x22, 0xA7, 0x0C, 0x94,
    0xD8, 0x09, 0x15, 0x38, 0x60, 0xB0, 0x5C, 0x34, 0xA5, 0x40, 0x81, 0x03, 0xA3, 0x4A, 0x81, 0x43,
    0xC1, 0x16, 0x73, 0xB5, 0x48, 0x58, 0x04, 0xC9, 0x06, 0x8E, 0x71, 0x1A, 0x73, 0xE7, 0x87, 0xB3,
    0x43, 0x93, 0xA2, 0x3D, 0x4B, 0xF6, 0xA0, 0x9F, 0xF7, 0x4E, 0xDF, 0xEE, 0x3E, 0xEF, 0xE9, 0xBB,
    0xC0, 0x34, 0x70, 0xD7, 0x0E, 0x2E, 0xE8, 0x8F, 0x1D, 0x00, 0xCA, 0xAE, 0xF4, 0xA5, 0xB7, 0xFA,
    0x33, 0xD8, 0xA1, 0x1A, 0xAA, 0xB1, 0x1A, 0xEB, 0x50, 0x07, 0xB7, 0xFF, 0x4C, 0x10, 0x48, 0xF5,
    0x91, 0x9C, 0x19, 0x91, 0xD9, 0x2E, 0x1F, 0x2C, 0x6E, 0x7A, 0x7F, 0x69, 0xC3, 0x7B, 0xB1, 0x1F,
    0xDE, 0x9B, 0x64, 0x08, 0x88, 0xBF, 0x5E, 0xB5, 0xAD, 0x1F, 0x03, 0x6D, 0x08, 0x5F, 0x73, 0x53,
    0xF8, 0x8E, 0x5D, 0x7F, 0x1D, 0x8D, 0x48, 0xE0, 0x91, 0x74, 0x10, 0xB8, 0xA8, 0xCF, 0xCB, 0x19,
    0x99, 0x48, 0xC4, 0x2C, 0xA5, 0x50, 0x4E, 0x46, 0xB0, 0x21, 0x5B, 0x15, 0x3F, 0xDA, 0x00, 0x14,
    0x33, 0x60, 0x22, 0x20, 0x22, 0x7E, 0x07, 0x7D, 0x07, 0xB4, 0x1E, 0x70, 0x97, 0x68, 0x80, 0xD7,
    0x01, 0x26, 0xE8, 0x8C, 0x7C, 0x98, 0xFB, 0x4A, 0x7B, 0xBB, 0x84, 0x1F, 0x8A, 0x34, 0xDF, 0xA5,
    0x5C, 0xB8, 0x28, 0x7F, 0x08, 0xFE, 0xED, 0xF6, 0x97, 0xC1, 0x89, 0x6C, 0x79, 0xB7, 0x4D, 0x85,
    0xED, 0x8E, 0x29, 0xFC, 0x7D, 0x4C, 0xAA, 0xFA, 0xBA, 0xC6, 0x76, 0xD5, 0xF6, 0x9E, 0xF6, 0xD1,
    0xBE, 0xDB, 0x98, 0xCE, 0x49, 0x90, 0x98, 0x50, 0x4A, 0x57, 0x06, 0x23, 0x8D, 0xF1, 0xB9, 0x34,
    0x45, 0x87, 0x78, 0x0B, 0xBD, 0xAF, 0xC0, 0x8D, 0xC7, 0x50, 0x85, 0xC7, 0x60, 0xA7, 0x09, 0x8A,
    0x8F, 0x02, 0x18, 0x19, 0x31, 0xEA, 0x25, 0x01, 0xB4, 0x2A, 0x9E, 0xD6, 0x46, 0x2E, 0x23, 0x38,
    0x91, 0x1D, 0xE1, 0x6A, 0x21, 0x95, 0xEB, 0x6D, 0x59, 0x3F, 0x63, 0x45, 0x1A, 0x37, 0xB4, 0xBE,
    0x6F, 0xAA, 0x41, 0xB0, 0x5A, 0x3B, 0x69, 0xBE, 0x46, 0x3F, 0x80, 0x5B, 0xA0, 0x92, 0x81, 0xD7,
    0x65, 0x21, 0xD6, 0xD2, 0xC5, 0x4C, 0xC2, 0x42, 0x35, 0xF7, 0x9D, 0x89, 0xED, 0x94, 0xC5, 0x4A,
    0x9A, 0x58, 0xC8, 0x34, 0xD3, 0x4B, 0xA0, 0x14, 0x4F, 0x1A, 0x55, 0x8D, 0x2F, 0x51, 0x84, 0x27,
    0x98, 0x20, 0x98, 0x51, 0x9A, 0x62, 0xE8, 0xC7, 0xCA, 0xD7, 0x22, 0x1C, 0xC9, 0xBB, 0x68, 0x39,
    0xCD, 0x26, 0x31, 0x71, 0x3B, 0xB6, 0x17, 0x9C, 0x97, 0xAC, 0x5F, 0x1B, 0x34, 0x9C, 0x68, 0x53,
    0x7F, 0x96, 0x0B, 0x98, 0x09, 0x2A, 0x4F, 0xE9, 0xCB, 0xD5, 0x04, 0x2A, 0x5A, 0xF1, 0x33, 0x0F,
    0xB2, 0xA5, 0x1C, 0x4F, 0x38, 0x31, 0xC1, 0x0C, 0xC7, 0xBC, 0x55, 0x8C, 0x59, 0xF3, 0x12, 0x53,
    0xE9, 0xA1, 0x22, 0x58, 0x0F, 0xF6, 0x13, 0x32, 0x1D, 0x44, 0xBD, 0xE9, 0x00, 0x78, 0x49, 0x87,
    0xF3, 0xEA, 0x31, 0x0F, 0xF2, 0x25, 0x1F, 0x4E, 0xA8, 0xE8, 0xC5, 0x4F, 0x94, 0xFE, 0xF9, 0xC5,
    0x04, 0xCC, 0xAC, 0x61, 0xD5, 0xC4, 0xD1, 0x7A, 0x69, 0x89, 0xDD, 0x20, 0x50, 0xCA, 0x80, 0xFB,
    0xF7, 0x09, 0xF7, 0x27, 0x11, 0xB2, 0x48, 0x29, 0x91, 0xF6, 0x1F, 0x22, 0x6B, 0x16, 0x59, 0xB2,
    0x4D, 0x4D, 0xA4, 0x7D, 0x73, 0xA5, 0x9A, 0xDA, 0x6E, 0x0B, 0x34, 0x66, 0x9B, 0xBB, 0x22, 0xD4,
    0x9D, 0x1D, 0x7A, 0xDC, 0x3B, 0x2B, 0xF2, 0x72, 0x44, 0xCA, 0x39, 0xA9, 0xFE, 0xAE, 0xED, 0xFA,
    0xBE, 0xF6, 0xD3, 0xFE, 0x00, 0x22, 0x12, 0xB4, 0x02, 0x4F, 0xAD, 0x22, 0x7E, 0x3F, 0x3E, 0xD3,
    0xFA, 0x81, 0xAE, 0x9F, 0x95, 0x85, 0x89, 0xE3, 0x2C, 0x56, 0x7E, 0x5B, 0x3F, 0xA2, 0x19, 0xB7,
    0xF5, 0xDB, 0x24, 0x6C, 0xEB, 0xA7, 0x62, 0x09, 0xC4, 0x72, 0x50, 0x11, 0x69, 0x92, 0x44, 0x52,
    0xE3, 0x29, 0x56, 0xBB, 0xD4, 0x54, 0x3A, 0xC0, 0x76, 0xDB, 0xFA, 0x69, 0xCF, 0x6D, 0xFD, 0xB2,
    0x6D, 0xDC, 0x89, 0x4E, 0xFD, 0xCE, 0x32, 0xA5, 0x40, 0x45, 0xD0, 0xB0, 0x9F, 0xBA, 0x7E, 0x72,
    0x5E, 0x80, 0x62, 0x6D, 0x6A, 0x19, 0x5A, 0x13, 0x62, 0x36, 0x47, 0xA2, 0x1E, 0xD9, 0xDC, 0x16,
    0x61, 0x6B, 0xD4, 0xB1, 0x96, 0xA7, 0x56, 0x11, 0x89, 0x5A, 0x6F, 0x7B, 0xFF, 0xB2, 0x5C, 0xF6,
    0x3D, 0xFA, 0x27, 0x9C, 0xF8, 0x27, 0xD5, 0xF8, 0xD8, 0x86, 0xFB, 0x36, 0x60, 0x47, 0xF5, 0xE8,
    0xE0, 0x31, 0x79, 0xC0, 0x76, 0xDF, 0x39, 0xE6, 0x7E, 0xEA, 0xAA, 0x47, 0x29, 0x4D, 0xFB, 0xAB,
    0xB0, 0x14, 0x73, 0x34, 0xF1, 0x77, 0xCD, 0x4C, 0x19, 0xF2, 0xBE, 0x29, 0xA4, 0xA3, 0x9C, 0x30,
    0xF1, 0x9B, 0x26, 0x06, 0x13, 0xE7, 0x72, 0xEA, 0xFB, 0xB1, 0x5A, 0xC9, 0xA5, 0x2B, 0x56, 0xEC,
    0x84, 0xF3, 0xBC, 0x0D, 0xE2, 0x8D, 0xFC, 0x56, 0x28, 0x04, 0x19, 0x14, 0xA3, 0x15, 0x24, 0xD4,
    0x82, 0xC8, 0x47, 0xE2, 0x3F, 0x96, 0x20, 0xF3, 0xD4, 0x77, 0xF5, 0x3C, 0x01, 0xCC, 0x8A, 0xA8,
    0x58, 0x14, 0xD2, 0x28, 0x02, 0xD0, 0x8E, 0x40, 0xDD, 0x01, 0xB9, 0xE6, 0x6B, 0x37, 0xCC, 0x4E,
    0xC2, 0x03, 0x36, 0xDC, 0xA7, 0x7D, 0x0A, 0xDC, 0x05, 0x2A, 0x45, 0xA1, 0xE0, 0x39, 0x05, 0x5F,
    0x08, 0xC7, 0x90, 0x07, 0xD7, 0xE0, 0x82, 0x8B, 0x09, 0xAE, 0x11, 0xAF, 0x3F, 0xAE, 0x31, 0xBE,
    0x18, 0x8A, 0x85, 0x16, 0x47, 0xDF, 0x2F, 0xC9, 0x32, 0x42, 0x21, 0xBC, 0x2E, 0x9C, 0x08, 0xDF,
    0x14, 0x78, 0xDA, 0xF1, 0x7B, 0xF2, 0x8A, 0x93, 0xF0, 0xDC, 0xC3, 0x57, 0x80, 0x23, 0x39, 0xAB,
    0x7F, 0x38, 0xB7, 0x2C, 0x0B, 0x4F, 0x16, 0xDA, 0xFD, 0x78, 0xC2, 0x93, 0xAD, 0xA5, 0xFE, 0xC7,
    0x39, 0x97, 0xB3, 0xE3, 0x2C, 0x50, 0x37, 0x11, 0xEB, 0x5F, 0xA7, 0x0C, 0xAE, 0x33, 0xB1, 0x1A,
    0x73, 0xB1, 0x13, 0x52, 0xCE, 0xAA, 0xFA, 0xBB, 0xB6, 0xEB, 0xFB, 0xDA, 0x4F, 0xFB, 0x9F, 0x97,
    0x2C, 0x42, 0x39, 0x50, 0x46, 0xB0, 0x9E, 0xD3, 0x08, 0x75, 0xC3, 0x77, 0x23, 0xB8, 0x7D, 0xD1,
    0xDF, 0x4E, 0x92, 0xCD, 0x49, 0x4C, 0x48, 0x52, 0x8C, 0x49, 0xAC, 0x4F, 0x52, 0x75, 0xF7, 0x3A,
    0x22, 0x8E, 0xDA, 0x13, 0x79, 0x1D, 0xE7, 0xB3, 0x85, 0x88, 0x78, 0x27, 0xBF, 0x9E, 0xF2, 0x7F,
    0xF3, 0xCF, 0x3D, 0xFC, 0x8B, 0x50, 0xFC, 0xB9, 0x87, 0x62, 0xF8, 0x86, 0xF5, 0x1A, 0xE6, 0x3B,
    0x2A, 0x55, 0xF3, 0x03, 0x15, 0x87, 0x88, 0xC0, 0xE9, 0x2E, 0xBB, 0x8B, 0x2C, 0x24, 0x31, 0x23,
    0x46, 0x22, 0x59, 0x43, 0xF6, 0xF0, 0x2F, 0xF9, 0x6B, 0xF8, 0x16, 0x98, 0xDD, 0x59, 0x1D, 0x75,
    0x08, 0x27, 0x11, 0xE2, 0x6E, 0x70, 0xBA, 0x66, 0x70, 0xB8, 0x66, 0xB0, 0x49, 0xE2, 0x4A, 0x51,
    0x9F, 0xA7, 0x4E, 0x02, 0x91, 0xD8, 0x97, 0x31, 0x5B, 0xB2, 0xE9, 0x89, 0x89, 0x4E, 0xDE, 0x0F,
    0x0F, 0x4C, 0x7C, 0xEE, 0xE1, 0x5F, 0x0D, 0x98, 0x39, 0x85, 0x2E, 0x02, 0x3A, 0xCC, 0x0E, 0x7B,
    0xB4, 0x06, 0x8E, 0xE1, 0x31, 0xE7, 0xA7, 0x0E, 0x4C, 0xD8, 0xEE, 0xEB, 0xFA, 0xF2, 0x94, 0xDF,
    0xC7, 0x0C, 0x88, 0x44, 0x4A, 0x9F, 0x64, 0x2F, 0x1A, 0xEB, 0x5E, 0x87, 0xC6, 0xAA, 0x3C, 0x5B,
    0x2C, 0x5C, 0x43, 0xD4, 0xAB, 0x24, 0x9C, 0x6C, 0xA2, 0xCB, 0x5A, 0xCC, 0xC9, 0x7C, 0x15, 0xF2,
    0x09, 0x0A, 0x69, 0x4C, 0x50, 0x19, 0xCB, 0x21, 0xBD, 0x97, 0xCC, 0x13, 0xEB, 0xE6, 0xDB, 0xFC,
    0x98, 0xE8, 0xE8, 0x99, 0x8B, 0xF9, 0xED, 0x4C, 0xE8, 0x65, 0x8C, 0xA6, 0xA5, 0x5E, 0xFF, 0x74,
    0xFA, 0x86, 0x03, 0x4C, 0xB8, 0xAF, 0x52, 0x8E, 0x3F, 0x56, 0xB1, 0xEF, 0x0C, 0x2A, 0xF5, 0xDF,
    0x77, 0x2A, 0xCE, 0x8A, 0x04, 0x78, 0x72, 0xEF, 0x9F, 0xFB, 0x37, 0x60, 0x5F, 0xBB, 0x7C, 0x4E,
    0x62, 0x02, 0x56, 0x82, 0xAE, 0xEE, 0xFF, 0x7B, 0xF8, 0x4A, 0x4A, 0xD8, 0xC6, 0xCB, 0xAA, 0xBF,
    0x1F, 0x4A, 0xF6, 0x0A, 0x98, 0x31, 0x8D, 0x48, 0xED, 0x6D, 0xC0, 0x48, 0x43, 0xA5, 0xD3, 0x05,
    0xE8, 0x47, 0x90, 0x01, 0xC4, 0x6B, 0x2D, 0x27, 0x19, 0xCA, 0xA5, 0x1D, 0xED, 0x52, 0x4F, 0x75,
    0x2C, 0x44, 0x26, 0x1E, 0xAD, 0x0D, 0xDB, 0xB5, 0x48, 0x8B, 0x91, 0x24, 0x48, 0x97, 0xA4, 0x1E,
    0x80, 0xCB, 0x60, 0xAF, 0x72, 0xB3, 0x94, 0x31, 0x89, 0x5D, 0x93, 0x54, 0x92, 0xC4, 0x49, 0xA3,
    0x72, 0xBC, 0x4F, 0xF3, 0x58, 0xBC, 0xCA, 0xD4, 0x0F, 0x40, 0x16, 0xDC, 0x88, 0xFA, 0x75, 0x41,
    0x65, 0xA8, 0x27, 0xA0, 0xF4, 0x9A, 0x13, 0xB6, 0x4B, 0x52, 0x35, 0xE5, 0x9A, 0x26, 0x11, 0x39,
    0x97, 0x26, 0x7D, 0xB0, 0x3A, 0x5B, 0x4C, 0x79, 0x64, 0x73, 0x4A, 0xC9, 0xEC, 0xC9, 0x16, 0x2A,
    0x13, 0xD5, 0x04, 0xFD, 0x82, 0x88, 0xB7, 0x5B, 0x3D, 0x17, 0xE0, 0x5B, 0x3F, 0xDA, 0x3D, 0x85,
    0x24, 0xBD, 0x57, 0x66, 0xBB, 0x5D, 0x33, 0x25, 0xC9, 0x9B, 0xAF, 0x62, 0x62, 0x47, 0x7B, 0x5E,
    0x76, 0x39, 0x77, 0x96, 0xE4, 0x49, 0xE5, 0x81, 0x7C, 0x36, 0x41, 0xE5, 0x8C, 0x57, 0xBF, 0x82,
    0x89, 0xF5, 0xCD, 0x0B, 0x80, 0x91, 0xF1, 0x31, 0x50, 0x88, 0xCC, 0x80, 0xFD, 0x89, 0x04, 0xE0,
    0x5E, 0x53, 0x77, 0x5F, 0xBD, 0x8C, 0xB2, 0xA9, 0x18, 0x00, 0x13, 0x6D, 0xB8, 0x94, 0xD4, 0x78,
    0x5B, 0xB1, 0xD7, 0x32, 0xAA, 0xAF, 0x65, 0x74, 0xBA, 0x67, 0x34, 0x5F, 0xCD, 0x28, 0x0F, 0xED,
    0x95, 0x8C, 0x8A, 0x3D, 0x23, 0xEB, 0xAB, 0x2B, 0x19, 0xD5, 0xD7, 0x32, 0x6A, 0x9F, 0x96, 0xD1,
    0xF4, 0x99, 0x33, 0xA2, 0x58, 0xD0, 0x52, 0xED, 0x96, 0x1E, 0x94, 0x5E, 0xE5, 0xBE, 0xB9, 0x2A,
    0x7F, 0x50, 0x36, 0x2A, 0x56, 0xB8, 0x22, 0xF5, 0x3E, 0xC0, 0x89, 0xDF, 0x53, 0x49, 0xF2, 0x38,
    0xE5, 0xC0, 0xDC, 0xEE, 0xEB, 0xE2, 0x54, 0x4C, 0xA8, 0x67, 0x95, 0xD1, 0xC6, 0x2B, 0x1F, 0x8E,
    0x4F, 0x39, 0x54, 0x8D, 0xB9, 0xFC, 0x54, 0x92, 0x74, 0xEC, 0xFB, 0x9C, 0x3D, 0x95, 0x21, 0x7D,
    0x38, 0xED, 0x88, 0x99, 0xC0, 0x85, 0x94, 0x91, 0xDB, 0x53, 0x69, 0x6F, 0xA6, 0xB2, 0x51, 0x24,
    0x42, 0x79, 0xAE, 0x7C, 0x20, 0xE4, 0x11, 0xB2, 0xF7, 0x25, 0x4D, 0x67, 0x7E, 0x2E, 0xBA, 0x50,
    0x94, 0x3F, 0xDD, 0xD5, 0x7E, 0xEF, 0x3C, 0x15, 0xB3, 0xEB, 0xF1, 0xB9, 0xC6, 0x5D, 0xB3, 0xC9,
    0x24, 0x43, 0x66, 0xDC, 0xB5, 0xF0, 0x7B, 0xBB, 0xED, 0x76, 0xAD, 0x45, 0x92, 0xBA, 0xA4, 0x3A,
    0xE3, 0xDE, 0x3E, 0x27, 0xBD, 0x67, 0x42, 0xD2, 0xAA, 0x18, 0x93, 0xD6, 0x55, 0xA0, 0x14, 0xE8,
    0x45, 0x90, 0xBD, 0xB0, 0x33, 0xEF, 0xD7, 0x34, 0xD9, 0x98, 0xC9, 0x59, 0x3B, 0x17, 0x0B, 0x36,
    0xDA, 0x99, 0x22, 0xD6, 0x9A, 0xAF, 0x1B, 0xC9, 0x9A, 0x76, 0x04, 0xD2, 0xD2, 0x4A, 0x82, 0xBF,
    0x89, 0xF4, 0x6E, 0xEA, 0xE7, 0x12, 0x02, 0x60, 0x67, 0xF8, 0x7A, 0xB1, 0xC0, 0x49, 0x26, 0x43,
    0x31, 0xAB, 0xD1, 0x91, 0x5C, 0x3E, 0x04, 0xAA, 0x94, 0x80, 0xF6, 0x7C, 0xFE, 0xB0, 0xE9, 0x4B,
    0xC8, 0xF2, 0x19, 0x8C, 0x04, 0xF6, 0x7F, 0x4E, 0xAF, 0x75, 0x87, 0x59, 0x75, 0xC9, 0x31, 0xA9,
    0x5B, 0xAF, 0xB8, 0xF7, 0x89, 0x7D, 0xB0, 0xCC, 0xBD, 0xA2, 0x10, 0xCC, 0x6C, 0x84, 0x4C, 0x41,
    0xC2, 0xA4, 0xE0, 0x06, 0x44, 0x0E, 0x80, 0x5B, 0xF1, 0xA2, 0xE2, 0x41, 0x42, 0x21, 0xB0, 0x6A,
    0x8C, 0x55, 0x14, 0xEC, 0x7F, 0xE8, 0xF6, 0x13, 0x22, 0x00, 0x6D, 0x07, 0x2C, 0x40, 0x76, 0xF6,
    0xAC, 0xAD, 0x65, 0xEA, 0xAC, 0x90, 0x06, 0xAC, 0x78, 0x70, 0x7F, 0x16, 0x48, 0xF7, 0x6E, 0x9C,
    0xF1, 0xC2, 0x33, 0xB6, 0x56, 0x35, 0xA7, 0xE0, 0xBC, 0xEC, 0xD8, 0x7F, 0x85, 0x67, 0xBC, 0x60,
    0xDF, 0x3E, 0x83, 0x7A, 0x82, 0x22, 0x42, 0x26, 0xE7, 0x77, 0x1A, 0x47, 0x1D, 0x87, 0xE2, 0x44,
    0xBC, 0xD6, 0x5C, 0x02, 0x88, 0xFF, 0xC2, 0x55, 0xE7, 0x39, 0xCC, 0x99, 0xFE, 0x19, 0x55, 0xCB,
    0xF9, 0x06, 0xAB, 0x23, 0x5B, 0xAE, 0xFF, 0x0B, 0x12, 0x91, 0x54, 0x4B, 0xF1, 0x18, 0xE1, 0x0B,
    0x57, 0x9D, 0xE7, 0x30, 0x27, 0xAF, 0x35, 0x20, 0x23, 0x46, 0x26, 0xEC, 0x7F, 0x2C, 0xD4, 0x8D,
    0xEB, 0x5E, 0xD0, 0xC4, 0xEF, 0x20, 0xEF, 0xD3, 0x6C, 0x11, 0x23, 0xDB, 0xB1, 0xBD, 0xE0, 0x50,
    0x24, 0x95, 0x52, 0xBC, 0x11, 0x3E, 0xE7, 0xA1, 0x89, 0x49, 0x2A, 0xBD, 0xC8, 0xDA, 0xF0, 0x48,
    0x44, 0x26, 0x72, 0xF1, 0xD5, 0x0A, 0x9A, 0x42, 0xB7, 0x91, 0x7E, 0x54, 0xBA, 0xA0, 0xAC, 0x27,
    0x65, 0x15, 0x95, 0xF6, 0x9C, 0xEA, 0xEC, 0xC0, 0xAB, 0xED, 0x97, 0x3D, 0xEB, 0xF9, 0x72, 0x86,
    0x76, 0x54, 0xA6, 0xC3, 0x48, 0x93, 0x8B, 0xAF, 0x17, 0x5A, 0x11, 0x19, 0xE9, 0x45, 0xAF, 0x72,
    0x87, 0x0D, 0x48, 0x7E, 0xB1, 0x01, 0x99, 0x80, 0xF2, 0xF6, 0x0D, 0x88, 0x88, 0x56, 0xBF, 0x1D,
    0x2A, 0xA5, 0x0C, 0xE9, 0x9E, 0x5C, 0x02, 0xE9, 0x5A, 0x1E, 0x77, 0x59, 0x93, 0x7C, 0x20, 0x8D,
    0xCA, 0x7B, 0xE2, 0x55, 0x82, 0x8C, 0x49, 0xDA, 0x29, 0x49, 0x1D, 0x93, 0x58, 0x49, 0x62, 0xE4,
    0xEF, 0x54, 0x32, 0xF9, 0xB9, 0x0A, 0xFD, 0xFB, 0x49, 0xDC, 0xC7, 0x49, 0xAC, 0x24, 0x29, 0x77,
    0x31, 0xBB, 0x20, 0x41, 0x23, 0xD3, 0x06, 0x44, 0x73, 0xDE, 0xC5, 0x06, 0x70, 0xD3, 0xE5, 0xA6,
    0xC2, 0xAC, 0xEC, 0x39, 0x2A, 0x2B, 0xCF, 0x8D, 0x6B, 0x1F, 0x70, 0x94, 0xD6, 0xA1, 0x15, 0x19,
    0xC8, 0xE5, 0xAC, 0x9E, 0x29, 0x17, 0x1D, 0x57, 0xCD, 0x64, 0xD2, 0x38, 0x8D, 0xE4, 0x95, 0xFD,
    0xD0, 0x8F, 0xD0, 0x8E, 0xFD, 0x00, 0x2E, 0x88, 0xBF, 0x85, 0x83, 0xB2, 0x4F, 0xDC, 0xFB, 0xEF,
    0x63, 0xF7, 0x79, 0x6C, 0x9A, 0x73, 0x9F, 0x7F, 0x8F, 0x95, 0xE2, 0x1E, 0x3C, 0x80, 0xBE, 0xC6,
    0x48, 0xC3, 0x61, 0xD3, 0x61, 0x83, 0xD2, 0x75, 0xCA, 0x17, 0xF8, 0xF2, 0x3A, 0xD7, 0x11, 0x20,
    0x53, 0xB2, 0x1F, 0x01, 0x3B, 0xF6, 0x40, 0xDD, 0x55, 0x1D, 0xFC, 0x31, 0x47, 0xDD, 0x97, 0xD5,
    0x79, 0x31, 0x67, 0x6F, 0x40, 0x2D, 0xDF, 0x1B, 0xC1, 0xA5, 0xF6, 0xC7, 0x95, 0x74, 0xF0, 0xFD,
    0x7C, 0x61, 0x2F, 0x5F, 0x5A, 0xE7, 0x43, 0xD5, 0x80, 0x0D, 0xCE, 0x1F, 0xA8, 0x2D, 0xFF, 0xA3,
    0xE7, 0xA1, 0x9A, 0x29, 0x25, 0x79, 0x5E, 0x92, 0xE7, 0x98, 0x3C, 0xCF, 0xC9, 0xF3, 0x94, 0x3C,
    0x87, 0xE4, 0xED, 0x53, 0xD9, 0x27, 0xEE, 0xFD, 0xF7, 0xB1, 0xFB, 0x3C, 0x36, 0xCD, 0xB9, 0xCF,
    0x9F, 0x62, 0x5D, 0xF7, 0x0C, 0xBC, 0x48, 0x36, 0xB8, 0xA6, 0x08, 0x76, 0xA8, 0xBC, 0x99, 0x5A,
    0x58, 0xCF, 0x6F, 0xDD, 0xEB, 0x01, 0xFA, 0x89, 0x3C, 0x2E, 0x94, 0xA3, 0x6B, 0xF4, 0x79, 0xED,
    0x03, 0x4C, 0xF8, 0xFF, 0xD0, 0x01, 0x1C, 0x2B, 0x38, 0x41, 0x77, 0x67, 0xFF, 0x92, 0x66, 0x0D,
    0x64, 0xD2, 0x3D, 0x8A, 0xE8, 0x76, 0x70, 0xC5, 0xCE, 0x54, 0xE9, 0x13, 0x70, 0xE2, 0xDD, 0xC8,
    0x69, 0xFA, 0x04, 0xA2, 0x7E, 0x02, 0x79, 0xD0, 0xF5, 0x36, 0xA3, 0xB2, 0xF4, 0xCA, 0xAA, 0x51,
    0x3A, 0x36, 0x0E, 0xA7, 0x89, 0x51, 0xB3, 0xF9, 0xCF, 0x40, 0x3B, 0xB6, 0xBF, 0x1C, 0x35, 0x9B,
    0x74, 0xC9, 0xAC, 0xA4, 0xF9, 0x64, 0x36, 0xA2, 0xD9, 0x64, 0xBF, 0xD1, 0x6C, 0x8C, 0x47, 0x4B,
    0x29, 0x0D, 0xEA, 0x2A, 0xFD, 0xD6, 0x0E, 0x97, 0x67, 0x6D, 0x3E, 0x2B, 0xF9, 0xA3, 0x1B, 0x9B,
    0x07, 0x23, 0xB2, 0xB3, 0x94, 0x81, 0x7A, 0x30, 0xD2, 0x60, 0xBD, 0x11, 0xFE, 0x57, 0xD9, 0x60,
    0xBB, 0x5C, 0x3A, 0xAA, 0x06, 0xF1, 0x38, 0x68, 0xE7, 0x7C, 0xD9, 0x9F, 0x06, 0x5F, 0x3C, 0xAD,
    0xC6, 0x85, 0x4B, 0xD3, 0xD2, 0x5C, 0x6C, 0x5F, 0xCB, 0xA0, 0x3C, 0x6A, 0xBE, 0xBC, 0xCE, 0xCB,
    0x78, 0x79, 0x9F, 0xE5, 0xA4, 0x03, 0x56, 0x3B, 0x80, 0x99, 0x4C, 0x80, 0xBC, 0xE3, 0xFB, 0x5F,
    0x56, 0xE7, 0x7A, 0x27, 0x7C, 0xB8, 0x2D, 0x56, 0xDE, 0x7A, 0x6F, 0x2C, 0x12, 0x8D, 0xC8, 0xCE,
    0x52, 0xBA, 0xE4, 0x99, 0x67, 0xB4, 0xDA, 0x7C, 0xFB, 0x8D, 0x8B, 0x8B, 0x7C, 0x96, 0x56, 0xDB,
    0x2C, 0x00, 0x76, 0x54, 0xFE, 0xCE, 0x4D, 0xE7, 0x56, 0xE2, 0xCE, 0x4A, 0x06, 0xDA, 0xA1, 0x50,
    0xFF, 0xBA, 0xFB, 0xA0, 0x06, 0x19, 0x38, 0x86, 0x3E, 0xF0, 0x16, 0xB8, 0x29, 0x0B, 0x50, 0x45,
    0x33, 0x82, 0x5D, 0x0A, 0x0F, 0x85, 0xD8, 0x06, 0x72, 0x79, 0x04, 0x20, 0x8B, 0xB2, 0x8F, 0xA0,
    0x5D, 0x13, 0xC3, 0x2D, 0x9C, 0x2E, 0x7A, 0x5A, 0x91, 0x70, 0x4E, 0x11, 0x61, 0x47, 0x29, 0xDD,
    0xE5, 0x56, 0xFC, 0x5D, 0x85, 0x74, 0x46, 0x32, 0x19, 0x8D, 0xE0, 0x26, 0x23, 0xEA, 0x41, 0xB0,
    0x4F, 0x41, 0x35, 0x6B, 0x97, 0xA0, 0x9D, 0x07, 0x1D, 0x76, 0x98, 0x00, 0x76, 0x94, 0xE2, 0xB9,
    0x0C, 0x94, 0x96, 0x8C, 0xFD, 0x5E, 0x55, 0x93, 0xAC, 0x67, 0x32, 0xF1, 0x65, 0x24, 0x97, 0xA6,
    0x58, 0xAF, 0xED, 0x06, 0x7B, 0xA1, 0x55, 0x9A, 0xF5, 0x21, 0x46, 0xCA, 0x89, 0x8D, 0x36, 0x5C,
    0xE1, 0x9C, 0x28, 0xCD, 0xC6, 0x42, 0x26, 0xD4, 0x41, 0x9A, 0xC1, 0x89, 0xDF, 0x58, 0x24, 0xEF,
    0xB4, 0xC1, 0xC8, 0x3D, 0xAA, 0x8D, 0x15, 0x56, 0xD9, 0xD8, 0xAD, 0xDD, 0xFA, 0xCA, 0xBF, 0x29,
    0xE5, 0x47, 0xD2, 0x88, 0xD0, 0xCF, 0xBB, 0x53, 0xA4, 0x03, 0x9C, 0x3F, 0x9C, 0xE0, 0xD9, 0xC4,
    0xD5, 0xA2, 0x4F, 0x46, 0x0B, 0xB5, 0x6D, 0x67, 0x37, 0x63, 0x83, 0x8D, 0x14, 0x0A, 0x38, 0x20,
    0x13, 0x89, 0x54, 0x8A, 0x76, 0xB6, 0x91, 0x7E, 0xDC, 0x20, 0x83, 0xC2, 0x27, 0x54, 0x71, 0xFF,
    0x3B, 0xD0, 0xFE, 0x97, 0xAC, 0xD4, 0xF2, 0x33, 0x19, 0x8A, 0xD5, 0xC8, 0x00, 0x6E, 0xBA, 0xB8,
    0x39, 0x6F, 0x20, 0x8F, 0x40, 0x31, 0xDC, 0x12, 0x3C, 0x5E, 0x0F, 0xFE, 0x4D, 0x05, 0x8A, 0xD7,
    0xDE, 0x8C, 0x58, 0x0D, 0xEE, 0x6E, 0x0B, 0x2E, 0x4F, 0x0B, 0x5E, 0x46, 0xA0, 0x5A, 0x01, 0xD7,
    0x36, 0x10, 0xED, 0x40, 0x1E, 0xF2, 0x70, 0x37, 0x99, 0xB7, 0xCD, 0x09, 0x99, 0x84, 0x88, 0x11,
    0x99, 0x29, 0x74, 0x5B, 0x7D, 0xD4, 0xD4, 0xDD, 0x9D, 0x04, 0x4F, 0xD7, 0x15, 0xBD, 0xC4, 0x24,
    0x5C, 0x5E, 0x66, 0xEE, 0x26, 0xF3, 0x54, 0x8A, 0xE5, 0xF0, 0xD8, 0xEC, 0xB8, 0xF4, 0xE9, 0x59,
    0x59, 0x7A, 0x95, 0xDA, 0xF4, 0xDD, 0xFF, 0x33, 0x2F, 0x1F, 0xA8, 0x97, 0x9F, 0xAA, 0x97, 0x5C,
    0x86, 0xAC, 0xFF, 0x30, 0xD3, 0x69, 0x45, 0x7E, 0x21, 0x2B, 0xD5, 0xE4, 0xE4, 0x1D, 0xE9, 0xEA,
    0x60, 0x85, 0x7E, 0x28, 0x47, 0xBB, 0xD2, 0xA6, 0xAB, 0x0F, 0x2E, 0x68, 0x94, 0x4D, 0x32, 0xD1,
    0x12, 0xAA, 0x5D, 0x52, 0x2C, 0xF6, 0x68, 0x68, 0xBC, 0x05, 0x34, 0xE2, 0x9A, 0xA4, 0x12, 0xF0,
    0xFD, 0x50, 0x4B, 0x97, 0x0F, 0x6D, 0x78, 0x22, 0xE9, 0xAB, 0xF6, 0xC9, 0x89, 0x34, 0x47, 0xD2,
    0xE9, 0x17, 0xEE, 0x9A, 0x97, 0x11, 0x09, 0x36, 0xD6, 0xD1, 0x6D, 0x6C, 0xC7, 0x32, 0x6E, 0x71,
    0x83, 0x0C, 0xD9, 0xCD, 0x1B, 0xD0, 0x61, 0x3F, 0x4D, 0xDA, 0xC0, 0xD7, 0xDC, 0xC4, 0x7D, 0xBB,
    0x64, 0x51, 0xC7, 0xEA, 0x1C, 0x18, 0x0F, 0xC5, 0x0C, 0x47, 0x1A, 0xD8, 0x9D, 0xD7, 0x27, 0xD0,
    0x47, 0x34, 0x03, 0x23, 0x40, 0x26, 0xFE, 0xF0, 0x78, 0xAB, 0x9C, 0x80, 0x2C, 0x7E, 0x62, 0x89,
    0xC1, 0xEC, 0x67, 0x59, 0x35, 0x53, 0x87, 0x72, 0xC1, 0x8D, 0xC5, 0x4A, 0x3F, 0x5C, 0x7C, 0x0D,
    0x2A, 0x72, 0x80, 0x87, 0x73, 0x0C, 0x87, 0x6B, 0xBF, 0x0B, 0x7C, 0x9D, 0x7A, 0xE6, 0x45, 0xEC,
    0x9A, 0x45, 0x72, 0x91, 0x09, 0xEA, 0xB5, 0xD9, 0x2F, 0xC0, 0xC9, 0x06, 0x48, 0x03, 0x26, 0x02,
    0xE5, 0x78, 0x47, 0xC1, 0xF7, 0x27, 0x5C, 0xA2, 0x1D, 0xDB, 0x8E, 0x4C, 0x4F, 0x71, 0x33, 0xE6,
    0xD3, 0x9D, 0x04, 0xBF, 0xFD, 0x2C, 0xBB, 0x83, 0xE0, 0x7D, 0xD0, 0xE6, 0x62, 0x81, 0x1E, 0xAA,
    0x8E, 0x54, 0x74, 0xFF, 0xAB, 0x93, 0xFA, 0x4C, 0x3C, 0x9F, 0x7A, 0x64, 0xDA, 0x6D, 0x74, 0x22,
    0xDB, 0x91, 0x4E, 0x80, 0x89, 0xDE, 0x67, 0x0B, 0x66, 0x64, 0x2F, 0xC9, 0x14, 0x56, 0x28, 0x04,
    0xF3, 0xA9, 0x47, 0xA1, 0xDD, 0xBA, 0xFD, 0xDB, 0x7B, 0x35, 0x9D, 0xC9, 0x44, 0xF1, 0x9B, 0x05,
    0xEB, 0xDB, 0xE6, 0x01, 0xA5, 0xE7, 0xBC, 0x58, 0x09, 0xA9, 0xA2, 0xB5, 0x0D, 0xE0, 0x3E, 0x63,
    0xD5, 0xBE, 0x32, 0x63, 0x45, 0xBC, 0xBD, 0xF9, 0x6C, 0xE6, 0x0B, 0x65, 0xAE, 0xC5, 0xBC, 0xC1,
    0x0F, 0x30, 0xF2, 0xB2, 0x46, 0x92, 0x01, 0x4A, 0x41, 0x5F, 0x79, 0x58, 0xEA, 0x00, 0x67, 0xE5,
    0x0C, 0x18, 0x5D, 0xE8, 0x8F, 0x35, 0x59, 0x11, 0xAA, 0x58, 0x4A, 0xE7, 0x82, 0x11, 0xDF, 0x8E,
    0x99, 0xF8, 0x7E, 0x40, 0xBC, 0x24, 0xF8, 0xEB, 0x18, 0xD8, 0xDF, 0xED, 0xB4, 0x5F, 0xA3, 0x23,
    0xB0, 0x4B, 0x19, 0x31, 0x22, 0x61, 0xBF, 0xEA, 0x51, 0x4E, 0x66, 0x50, 0xFB, 0x2F, 0x7B, 0x0D,
    0x2A, 0x1B, 0xE7, 0x5A, 0x80, 0x37, 0xF2, 0xC8, 0xB5, 0xD2, 0xAE, 0xC5, 0xDA, 0xD0, 0x4A, 0x2D,
    0x23, 0xA5, 0xF4, 0x69, 0x57, 0x30, 0xB8, 0x79, 0xA3, 0xAF, 0x75, 0xC6, 0xA6, 0x4A, 0xB4, 0x4A,
    0x3E, 0x17, 0x4B, 0xE9, 0xEC, 0x4A, 0x2F, 0xB3, 0x95, 0x61, 0x67, 0xB9, 0x02, 0xB9, 0x34, 0x1A,
    0xD6, 0x1F, 0x36, 0x7B, 0xF9, 0xCD, 0x3D, 0x43, 0xCA, 0xC3, 0x2E, 0x36, 0x92, 0x72, 0x73, 0xE3,
    0x36, 0xA6, 0x1F, 0x32, 0xE9, 0x0E, 0xAB, 0x71, 0xCB, 0x92, 0x68, 0x97, 0xD4, 0xB9, 0xD6, 0x61,
    0x69, 0x82, 0x5C, 0x24, 0x1C, 0x2E, 0x28, 0x55, 0x3C, 0x6C, 0xEE, 0xA4, 0x83, 0xF4, 0x29, 0x9B,
    0xF1, 0x8E, 0x82, 0xDB, 0x88, 0xBE, 0x02, 0xDA, 0x8B, 0x0B, 0x4A, 0xC8, 0xC3, 0xDD, 0x04, 0xEF,
    0x9B, 0xFB, 0xFB, 0xF7, 0x81, 0xA5, 0xC8, 0x84, 0xFD, 0x5B, 0x09, 0xDC, 0xA3, 0xED, 0xEE, 0x24,
    0xF8, 0x6D, 0x57, 0xB3, 0xBB, 0xC9, 0xBC, 0x6A, 0xC0, 0xF9, 0x54, 0xD3, 0x6B, 0x9E, 0xFE, 0x5F,
    0x89, 0xB8, 0x5A, 0x6E, 0x8E, 0xA9, 0xD5, 0xE2, 0x89, 0x5A, 0x9C, 0xD3, 0x89, 0x76, 0xB0, 0x58,
    0xA8, 0x45, 0xAB, 0x16, 0x1F, 0xA8, 0xA7, 0xBF, 0x51, 0x84, 0x0D, 0x3F, 0x19, 0x37, 0xFC, 0xCC,
    0x6F, 0xF8, 0x45, 0x23, 0xBE, 0x5F, 0xD5, 0x62, 0x54, 0x8B, 0xD3, 0xC1, 0x62, 0x91, 0xB2, 0x7D,
    0x73, 0x6D, 0xA8, 0xD0, 0x22, 0xA3, 0xB2, 0x0E, 0x57, 0xBE, 0x8E, 0x5D, 0x81, 0x9B, 0xA6, 0x7B,
    0xC9, 0x24, 0x9E, 0xB3, 0x14, 0xEA, 0xFD, 0x64, 0xFB, 0x6D, 0xD8, 0x54, 0xCA, 0xAE, 0xD6, 0xF5,
    0xF2, 0x6D, 0x04, 0x91, 0x5F, 0xAD, 0x1A, 0xE0, 0x5F, 0x65, 0xE4, 0xF9, 0xA5, 0xD8, 0xA8, 0xEF,
    0x5C, 0x3C, 0xF2, 0xB4, 0xB3, 0xB2, 0xF6, 0xCA, 0x53, 0x9E, 0xA5, 0x2B, 0x19, 0x50, 0x6B, 0x01,
    0x28, 0x3F, 0x88, 0x40, 0xE5, 0x7B, 0xE0, 0x01, 0x55, 0xF3, 0xEC, 0x5C, 0xED, 0x5F, 0xEA, 0x38,
    0x2F, 0x07, 0xEE, 0x2D, 0x37, 0x4B, 0x2F, 0xB9, 0x44, 0xE5, 0x5D, 0xB8, 0xD2, 0x08, 0x60, 0xE3,
    0x61, 0x0B, 0xD7, 0xDF, 0xB8, 0x49, 0x13, 0x19, 0x65, 0x4D, 0xA8, 0x04, 0x1B, 0xCA, 0x95, 0x72,
    0x28, 0x36, 0x78, 0x8D, 0xD2, 0xE4, 0xD2, 0x54, 0x20, 0xFE, 0x01, 0xF4, 0xFE, 0x18, 0xDA, 0xF1,
    0x04, 0x5C, 0x98, 0xA1, 0x9E, 0x02, 0xD8, 0x8F, 0x36, 0x94, 0x1A, 0xA7, 0x10, 0x0F, 0x46, 0xB1,
    0x5F, 0xDF, 0x05, 0x60, 0x55, 0x2C, 0x1C, 0xEE, 0xCF, 0x26, 0xA0, 0x0A, 0x90, 0xF5, 0x1E, 0x9C,
    0x76, 0x73, 0xEF, 0xA2, 0x7E, 0x0F, 0xB0, 0x8A, 0x42, 0x61, 0x3E, 0x89, 0x72, 0xD9, 0xD0, 0xA6,
    0xBF, 0xB1, 0xFD, 0x68, 0xC4, 0xBB, 0x49, 0xF3, 0x9F, 0x6F, 0xBD, 0xCD, 0xBE, 0x81, 0xD4, 0x39,
    0x0D, 0x1B, 0xFB, 0xB0, 0x4F, 0xB5, 0x4F, 0x7A, 0x33, 0x5A, 0xB1, 0x7B, 0xE9, 0x40, 0x24, 0x9E,
    0xE3, 0x33, 0x7D, 0x87, 0x37, 0xB6, 0xAB, 0xE2, 0xEA, 0x4A, 0xCA, 0xE5, 0x4A, 0x76, 0x69, 0x25,
    0x5F, 0x82, 0x7E, 0xD0, 0x95, 0x0C, 0x69, 0x25, 0xDF, 0x82, 0x6A, 0x0E, 0x60, 0xE3, 0x86, 0x72,
    0xBD, 0xB6, 0x92, 0xD9, 0xE7, 0x5D, 0xC9, 0xFF, 0x06, 0xD5, 0x9B, 0x31, 0xAC, 0xE5, 0xC6, 0xB9,
    0xDF, 0x7F, 0x24, 0x85, 0x25, 0x22, 0x1A, 0x19, 0x15, 0xAF, 0xF0, 0x93, 0x0C, 0xB3, 0x79, 0x85,
    0x5E, 0x02, 0x9B, 0x3D, 0x20, 0x89, 0xB4, 0x5D, 0xB8, 0x48, 0x11, 0x17, 0x0E, 0x90, 0xD2, 0x85,
    0x8A, 0xC0, 0xCD, 0xF6, 0x80, 0x64, 0xD2, 0x56, 0xE1, 0x32, 0xDB, 0x57, 0x2E, 0x54, 0xC4, 0x6A,
    0xE2, 0x22, 0x40, 0x1C, 0x78, 0x25, 0x32, 0x4E, 0xE1, 0x22, 0x85, 0x19, 0xBB, 0x74, 0x61, 0xDA,
    0x50, 0xEF, 0x89, 0xC5, 0xD8, 0x94, 0x3C, 0x87, 0xFF, 0x9C, 0x6F, 0xC8, 0xB3, 0xF7, 0xDC, 0x7B,
    0xF7, 0xAE, 0x77, 0xB5, 0x57, 0xBB, 0xFB, 0x3E, 0x1C, 0xFE, 0xBE, 0xC5, 0x21, 0x39, 0x33, 0xFF,
    0xFF, 0x7C, 0xF7, 0x90, 0x43, 0x51, 0x64, 0xD2, 0x00, 0x5B, 0xBA, 0x29, 0x8A, 0x60, 0xC4, 0x1D,
    0x8C, 0x94, 0x32, 0x52, 0x6F, 0xE9, 0x0D, 0x75, 0x96, 0x7E, 0xBE, 0x9D, 0x3E, 0xF7, 0x23, 0x90,
    0xF8, 0x7A, 0x02, 0xB2, 0xB1, 0xF6, 0x96, 0x86, 0x6A, 0x06, 0x8A, 0xAE, 0x0C, 0x80, 0xC3, 0x59,
    0xFA, 0x2A, 0xC5, 0x1A, 0x1B, 0x91, 0xF6, 0xD4, 0xC0, 0x7F, 0x23, 0xB5, 0xD6, 0x3C, 0x89, 0x06,
    0x12, 0x0F, 0x1A, 0xC9, 0x26, 0xE8, 0x3D, 0xF9, 0x08, 0xFD, 0x4C, 0x39, 0x81, 0x0E, 0x48, 0x83,
    0x93, 0x86, 0x3D, 0xC1, 0x2E, 0xE0, 0x9A, 0x8A, 0xBB, 0x6B, 0x43, 0x2E, 0x4D, 0xB8, 0xA5, 0x5E,
    0x70, 0xDE, 0x05, 0x72, 0x03, 0x9C, 0x90, 0x48, 0x81, 0xD2, 0xD0, 0x2E, 0x2E, 0xD0, 0x4F, 0x47,
    0x68, 0x34, 0x0C, 0x11, 0x65, 0xA0, 0x1F, 0xEB, 0x40, 0xFB, 0xFF, 0xB4, 0x52, 0xE9, 0x57, 0x1A,
    0xF3, 0x35, 0xD3, 0x48, 0x72, 0x8F, 0x7B, 0x40, 0xE6, 0x53, 0x0F, 0xA4, 0x21, 0x9F, 0x00, 0xF6,
    0xEE, 0x5B, 0x35, 0x96, 0x8A, 0xE5, 0x11, 0x5E, 0xAE, 0x97, 0xBD, 0x6C, 0x6E, 0xF6, 0x72, 0x33,
    0x71, 0x3A, 0x79, 0xB9, 0x00, 0xC5, 0xB0, 0x8D, 0xBF, 0x89, 0x53, 0x52, 0x3E, 0xCC, 0xCB, 0xFB,
    0x9B, 0x97, 0x33, 0x9C, 0x79, 0xE9, 0xA1, 0xF5, 0xD8, 0x58, 0xEB, 0x99, 0xD2, 0x43, 0x7F, 0xD5,
    0x4B, 0x37, 0xE4, 0x03, 0x85, 0x2F, 0x3B, 0xF3, 0x12, 0x12, 0x59, 0x07, 0xD5, 0xC4, 0x55, 0x57,
    0xB3, 0xE8, 0x6A, 0x30, 0x57, 0x67, 0x17, 0x36, 0x6B, 0x53, 0xFF, 0xB4, 0xAE, 0x3E, 0xD2, 0x9D,
    0x37, 0x37, 0x77, 0xEE, 0x3F, 0xC2, 0x9D, 0xB1, 0x9A, 0xCF, 0xDC, 0xE9, 0x62, 0x2A, 0x9B, 0x9B,
    0xDD, 0x09, 0x9B, 0x3B, 0xCB, 0xC9, 0x9D, 0x58, 0x69, 0x66, 0xD2, 0x4C, 0x39, 0x3F, 0xC4, 0x1D,
    0x80, 0x62, 0x34, 0x52, 0x47, 0xF2, 0x61, 0x24, 0xE1, 0x52, 0xD2, 0x7F, 0x30, 0xD2, 0xAE, 0x46,
    0x5E, 0x3B, 0x5C, 0xB7, 0xAC, 0x0C, 0x14, 0xDE, 0x8C, 0xFA, 0xD9, 0xA5, 0x6A, 0x4C, 0xCD, 0xB2,
    0xCA, 0xD0, 0x9A, 0xAB, 0x9A, 0x0C, 0xC3, 0x03, 0x8C, 0x95, 0x59, 0xD6, 0x9B, 0x65, 0xBF, 0x36,
    0xCB, 0x0A, 0xB3, 0xAC, 0x6A, 0xF6, 0x8E, 0xD3, 0x19, 0x4C, 0xC4, 0x09, 0xEB, 0x7F, 0x84, 0x44,
    0xB6, 0x27, 0xD6, 0x8C, 0x49, 0x24, 0x35, 0xF1, 0xF9, 0x01, 0x70, 0x1E, 0xA8, 0x3B, 0xE0, 0x9F,
    0x39, 0x8F, 0xB4, 0x5F, 0xB1, 0x21, 0x4C, 0x89, 0xEE, 0xB5, 0x4B, 0x7E, 0xC0, 0x05, 0xB7, 0x90,
    0x87, 0xCA, 0x93, 0xD9, 0x9F, 0x75, 0xD2, 0xB4, 0x13, 0x10, 0xDD, 0x57, 0xC4, 0x70, 0x1D, 0x71,
    0x6F, 0x3C, 0xAE, 0x8E, 0xF0, 0x80, 0x5B, 0xE0, 0x4B, 0xD6, 0xF5, 0x3B, 0x89, 0xC6, 0x7C, 0xA1,
    0x36, 0x3B, 0x52, 0x7D, 0x0A, 0xB4, 0x5B, 0x79, 0xA6, 0x82, 0x7C, 0x01, 0x37, 0x5E, 0xAA, 0xB5,
    0x4C, 0xF2, 0x2E, 0x54, 0xA1, 0x3E, 0xB2, 0x9D, 0x8A, 0xD0, 0x8F, 0x85, 0xD7, 0x98, 0xA0, 0x81,
    0xCB, 0xDB, 0x68, 0x1D, 0xC7, 0xD6, 0x5E, 0xAA, 0x67, 0xDE, 0x70, 0x87, 0x24, 0xD8, 0xB9, 0xD6,
    0xC6, 0x49, 0xBD, 0x87, 0xFC, 0x6F, 0xB1, 0x8B, 0x03, 0xD4, 0xE6, 0xDD, 0xDB, 0xDC, 0x69, 0x9E,
    0xAF, 0xFC, 0x72, 0x81, 0xFA, 0x00, 0x6B, 0x4F, 0xB6, 0x94, 0x43, 0x31, 0x66, 0xFE, 0xF6, 0xE5,
    0x97, 0xC3, 0x36, 0x90, 0x73, 0xC4, 0xEF, 0x78, 0xDE, 0xB3, 0x9F, 0x7B, 0x70, 0xE1, 0x62, 0xCB,
    0x3D, 0xD7, 0xE4, 0x1F, 0xCE, 0xE5, 0xE7, 0x4F, 0x2E, 0xFF, 0x5D, 0x5C, 0x47, 0xD5, 0xB5, 0xE0,
    0xFE, 0x70, 0x80, 0x5C, 0xCB, 0x5E, 0x0C, 0x68, 0xBC, 0x22, 0xBF, 0x31, 0xF9, 0xF3, 0x51, 0x7E,
    0x15, 0xF2, 0x03, 0xB9, 0xC9, 0xCF, 0xA6, 0xCA, 0x9F, 0xC4, 0x3C, 0x85, 0xFC, 0xAF, 0x3C, 0x90,
    0x3F, 0x9B, 0xFC, 0x31, 0xCA, 0xB7, 0xD9, 0xCE, 0xE6, 0x72, 0x64, 0x6D, 0x1B, 0xEA, 0x15, 0xCA,
    0xF0, 0xA8, 0xE2, 0x5F, 0xFA, 0xB1, 0x98, 0x34, 0xF2, 0x38, 0xF2, 0x97, 0x07, 0xF2, 0xFF, 0x91,
    0x3B, 0x1D, 0x94, 0x5D, 0xD5, 0x99, 0xBD, 0x2B, 0x26, 0x3E, 0x76, 0x23, 0x6F, 0xFC, 0x37, 0x1D,
    0x97, 0x42, 0xB2, 0x79, 0xE9, 0x25, 0x8D, 0xE4, 0xA2, 0x0D, 0x64, 0x22, 0x97, 0x31, 0x55, 0x77,
    0x24, 0x1A, 0x8C, 0xFD, 0x68, 0x6C, 0xBD, 0xB1, 0x7E, 0x0C, 0xB6, 0x91, 0xFD, 0xF4, 0xA0, 0x85,
    0x24, 0x72, 0xFB, 0xB8, 0x43, 0xEC, 0x6B, 0x46, 0x92, 0x06, 0xE3, 0x02, 0x50, 0x6B, 0x50, 0xE4,
    0x01, 0x32, 0xFD, 0x72, 0x01, 0xF4, 0xBF, 0x7C, 0xE4, 0xC9, 0xF0, 0x8D, 0xFD, 0x74, 0x64, 0xA1,
    0xC3, 0x91, 0x65, 0x28, 0x8F, 0xB4, 0x3E, 0x07, 0xDA, 0x29, 0x3D, 0xB2, 0x1F, 0x93, 0x23, 0x15,
    0x79, 0xE3, 0x27, 0xEE, 0xED, 0x8D, 0x76, 0xD6, 0xA9, 0x85, 0xD8, 0x9A, 0xB7, 0x96, 0x5B, 0x91,
    0xF4, 0x53, 0x2D, 0x73, 0x66, 0x6D, 0xB8, 0x2B, 0x69, 0x26, 0xD5, 0x50, 0xAE, 0xA0, 0x21, 0x55,
    0x87, 0x9D, 0x3F, 0x11, 0xCF, 0x34, 0x56, 0x33, 0xF1, 0x7C, 0xA3, 0xDB, 0x59, 0x4B, 0xC3, 0x89,
    0xE7, 0xDF, 0x5F, 0x1C, 0x59, 0x2D, 0x17, 0x2D, 0xB4, 0x93, 0x31, 0x7E, 0x32, 0x35, 0xA9, 0x86,
    0xEA, 0x40, 0x2B, 0x69, 0xA2, 0xB7, 0x39, 0xDA, 0xFC, 0xD9, 0x91, 0x1A, 0x38, 0x22, 0x93, 0x14,
    0x71, 0x51, 0x95, 0x89, 0xB9, 0x13, 0xCD, 0xA9, 0x16, 0xA7, 0x21, 0x0A, 0x8B, 0x1A, 0xA3, 0x5C,
    0x45, 0x0C, 0x5C, 0x82, 0x7D, 0xD7, 0x1B, 0xEC, 0xB8, 0xED, 0x8C, 0xCA, 0x9C, 0x88, 0x46, 0x6C,
    0x3E, 0xD4, 0x0A, 0x6C, 0xB8, 0x56, 0x3F, 0x5A, 0x7A, 0x83, 0x15, 0xCD, 0x62, 0x13, 0x6D, 0x20,
    0x62, 0x36, 0x70, 0x0D, 0xD2, 0x09, 0x70, 0x23, 0xBE, 0x66, 0x78, 0x2B, 0x22, 0x17, 0xAC, 0xD6,
    0xC7, 0x2A, 0xC3, 0xA9, 0x63, 0xBF, 0xE3, 0xFC, 0x6F, 0x88, 0xD3, 0x95, 0xB7, 0x5C, 0xA8, 0x7C,
    0x71, 0xA0, 0x9E, 0xF2, 0x75, 0x2B, 0x5E, 0x0D, 0x06, 0xE9, 0x84, 0x01, 0x76, 0x8C, 0x40, 0xBF,
    0xFF, 0xF9, 0xFE, 0x2B, 0x9B, 0x93, 0xAF, 0xE2, 0xD6, 0x6F, 0x7C, 0x48, 0x2A, 0xCD, 0x50, 0xA9,
    0x83, 0x2F, 0x1F, 0x77, 0xF0, 0x26, 0x35, 0x54, 0xCD, 0x47, 0xE0, 0x14, 0x20, 0xB7, 0xBD, 0xF4,
    0xDD, 0xF3, 0x75, 0x23, 0x1B, 0x53, 0x4F, 0x3A, 0x17, 0x13, 0x48, 0xE3, 0x7E, 0x3F, 0x5A, 0x2C,
    0x7C, 0x6E, 0x5F, 0xC6, 0xC7, 0xF6, 0xA5, 0x01, 0x5A, 0xAE, 0xFF, 0x28, 0xB6, 0xCF, 0xBB, 0x40,
    0x72, 0x0F, 0xB8, 0x70, 0x0E, 0xFB, 0xEE, 0x96, 0x4B, 0xE5, 0x4B, 0x66, 0xC9, 0xD7, 0x70, 0x6B,
    0x12, 0x4E, 0x96, 0xAC, 0xCD, 0x73, 0xD1, 0xFB, 0xB8, 0x37, 0x86, 0xBB, 0xE8, 0xD1, 0x44, 0xCF,
    0x26, 0x3A, 0x5C, 0x13, 0x7D, 0x5D, 0xF9, 0x2E, 0xDA, 0x50, 0x7B, 0x5E, 0xA2, 0x9A, 0xF9, 0xCA,
    0x26, 0x3A, 0x93, 0x02, 0xDC, 0xD5, 0x04, 0xAC, 0x40, 0x36, 0x9F, 0x6E, 0x99, 0xDD, 0xF0, 0x00,
    0xD3, 0x2B, 0x90, 0xCB, 0xEF, 0xBE, 0xBD, 0xCD, 0x3F, 0xC2, 0x0F, 0x08, 0x50, 0xFD, 0x78, 0x06,
    0xA7, 0x11, 0x32, 0x75, 0x90, 0x7C, 0xF0, 0x9C, 0x8B, 0xC6, 0x2E, 0xCE, 0x64, 0xB3, 0x1B, 0x88,
    0x97, 0x67, 0x6A, 0x53, 0x54, 0x86, 0xDB, 0xFC, 0x3B, 0xBA, 0xB9, 0x68, 0x30, 0x57, 0x81, 0x36,
    0x18, 0xF5, 0x11, 0x90, 0x85, 0xAA, 0x31, 0xFB, 0x8A, 0x01, 0x5E, 0x6D, 0x92, 0x8E, 0x4B, 0x91,
    0xF4, 0xBA, 0x07, 0x95, 0x74, 0x00, 0x8D, 0xAF, 0x89, 0x6C, 0x25, 0x55, 0xE3, 0x02, 0xA8, 0xA9,
    0x3C, 0x1C, 0xAC, 0x33, 0xA0, 0x9D, 0x38, 0xCD, 0x1E, 0xDA, 0x38, 0x5C, 0x62, 0xAD, 0xA0, 0xD1,
    0xD8, 0x8F, 0x14, 0x76, 0x05, 0x20, 0x53, 0x53, 0xFB, 0x23, 0xA9, 0x66, 0xA3, 0x0B, 0xC6, 0x7C,
    0x35, 0x26, 0xFA, 0xF8, 0x48, 0xEB, 0x77, 0xB5, 0x31, 0xAC, 0xF7, 0xB0, 0xDD, 0xA6, 0x01, 0x68,
    0xDB, 0x8E, 0x24, 0x38, 0x5B, 0xC6, 0x67, 0x33, 0xA7, 0x28, 0x26, 0xEE, 0x7E, 0xDA, 0xCE, 0x99,
    0xF4, 0xD9, 0xEC, 0x0E, 0xE5, 0xFC, 0xB3, 0x6A, 0xB6, 0xB2, 0xF3, 0xF9, 0x7A, 0x44, 0xA6, 0x13,
    0x72, 0xEB, 0x2E, 0x5F, 0x71, 0x21, 0xF6, 0x27, 0x0F, 0xBD, 0xAD, 0xA3, 0x26, 0xC0, 0x2C, 0xC0,
    0x8D, 0x06, 0xE9, 0x63, 0x72, 0xEB, 0x3D, 0x91, 0xD4, 0xB8, 0x23, 0x86, 0x76, 0xA0, 0x1F, 0x04,
    0xF5, 0x8E, 0x86, 0xBE, 0x69, 0xC7, 0x7C, 0xA5, 0xDA, 0xAE, 0xD9, 0x66, 0xAF, 0xAD, 0x74, 0x6D,
    0x28, 0x65, 0x87, 0x9D, 0xDE, 0x9C, 0x16, 0xBB, 0xDC, 0xFD, 0x98, 0x2D, 0x6E, 0xB0, 0x77, 0x35,
    0xD7, 0x72, 0x35, 0xD9, 0x0A, 0x9B, 0xBD, 0xFF, 0x03, 0xB3, 0x97, 0x67, 0x64, 0x6F, 0x36, 0x64,
    0x9E, 0xD4, 0x17, 0x13, 0xC9, 0xC5, 0xAF, 0xFB, 0x6B, 0x9F, 0xF2, 0x10, 0x7B, 0x57, 0xB3, 0x77,
    0x31, 0x7B, 0x0F, 0xD1, 0xCF, 0x67, 0x68, 0x6F, 0x3C, 0xDB, 0x2C, 0xB9, 0xCA, 0xED, 0x7B, 0xE0,
    0x45, 0xAD, 0xDE, 0x1B, 0xAE, 0x14, 0x2F, 0x54, 0xF5, 0x5E, 0xD8, 0x15, 0x6E, 0xB0, 0x4B, 0xD1,
    0xAE, 0xF7, 0xFF, 0xBE, 0x5D, 0xC6, 0xDD, 0x2E, 0x63, 0x3B, 0x91, 0xAB, 0x7B, 0x7C, 0xBB, 0x1E,
    0x16, 0xCE, 0x1B, 0xCB, 0xC1, 0x58, 0x77, 0x91, 0x06, 0xDE, 0x89, 0xFC, 0xBA, 0xE1, 0x5D, 0x4E,
    0x17, 0x27, 0x43, 0xB6, 0xBC, 0x60, 0xF6, 0x72, 0xE7, 0x7D, 0x2C, 0xCA, 0xC3, 0xF9, 0x13, 0xA8,
    0x35, 0x4A, 0xCA, 0xE6, 0xCC, 0x03, 0x69, 0xC7, 0xDB, 0x5C, 0x09, 0x29, 0x38, 0x69, 0xD8, 0x53,
    0xA1, 0x8E, 0x7E, 0x61, 0x5B, 0x00, 0x3D, 0x51, 0x92, 0x74, 0x96, 0xA0, 0xFE, 0x1C, 0x69, 0xEB,
    0xFD, 0xCA, 0x90, 0x78, 0x35, 0xCE, 0x58, 0x3B, 0x1B, 0xB5, 0x59, 0xAF, 0x68, 0x7A, 0xD5, 0xC5,
    0x47, 0x65, 0x23, 0x7B, 0xF4, 0xBA, 0x60, 0x11, 0x99, 0xDD, 0xC8, 0xDC, 0x8C, 0x57, 0xA5, 0xE9,
    0xC8, 0x5E, 0xF3, 0x91, 0x63, 0xBD, 0x10, 0x57, 0x0C, 0x47, 0x36, 0x65, 0xA4, 0x33, 0xF2, 0x24,
    0x34, 0x09, 0x6E, 0xA5, 0xB7, 0xA1, 0x0F, 0x1B, 0xA5, 0xB8, 0xA8, 0xDF, 0x53, 0xAA, 0x91, 0x6A,
    0x65, 0x5B, 0x41, 0x9D, 0x92, 0x62, 0xF8, 0x3D, 0x9D, 0xEF, 0x3B, 0x4B, 0x92, 0xCE, 0x92, 0x7D,
    0xF9, 0xE4, 0x29, 0xDB, 0x7A, 0xBF, 0x3C, 0x24, 0x09, 0x40, 0xD7, 0x6C, 0x93, 0x34, 0x6C, 0xBC,
    0x6A, 0x5E, 0x71, 0x30, 0xD6, 0xFB, 0xC2, 0xCD, 0x2C, 0x1C, 0xE2, 0xAC, 0x77, 0xAD, 0x91, 0xFA,
    0x49, 0x98, 0x1F, 0x39, 0xE3, 0xD4, 0xD5, 0x0B, 0xD2, 0x5C, 0xAB, 0xDB, 0x58, 0xCC, 0x69, 0x57,
    0xEB, 0xDB, 0x43, 0x2F, 0x75, 0x4B, 0x25, 0x7E, 0x72, 0x67, 0xE1, 0x14, 0xB5, 0x34, 0xD8, 0x96,
    0xCA, 0x9B, 0xB2, 0xA7, 0xDE, 0xAC, 0x9D, 0x53, 0x9B, 0xF9, 0xC2, 0x58, 0xEA, 0x47, 0xA3, 0xFD,
    0xFB, 0xDD, 0x52, 0xCD, 0x7F, 0x4A, 0x0F, 0x9C, 0xC2, 0xC9, 0xC7, 0x0D, 0xDB, 0x5A, 0x0F, 0xF5,
    0x63, 0x6E, 0x76, 0xAC, 0x16, 0xAC, 0x9C, 0x6D, 0xAB, 0x15, 0xCE, 0xD7, 0xA0, 0x8A, 0x51, 0x68,
    0xC8, 0xC4, 0x93, 0x7E, 0x0A, 0x0D, 0x8A, 0x01, 0xC4, 0xB9, 0xF4, 0xA7, 0x36, 0xED, 0xE3, 0x44,
    0xFE, 0xF7, 0x5A, 0xC8, 0x65, 0xEE, 0x4B, 0x41, 0x0A, 0xDF, 0xE3, 0x9F, 0x02, 0xF7, 0x3F, 0x4A,
    0x97, 0x5A, 0xBE, 0xD4, 0x98, 0xAE, 0xB7, 0x39, 0xC2, 0x99, 0xFB, 0x1F, 0x26, 0x4B, 0xAB, 0xB9,
    0xD4, 0x78, 0x67, 0x6D, 0xCE, 0xC7, 0x59, 0x3C, 0x56, 0x53, 0x4D, 0x6C, 0xCA, 0xC6, 0x79, 0x3B,
    0x8E, 0x55, 0x10, 0x48, 0x3D, 0xD9, 0xF6, 0x39, 0x7C, 0x37, 0xD1, 0xC2, 0xDD, 0x39, 0x09, 0x17,
    0x07, 0x27, 0x81, 0xA7, 0xF1, 0x93, 0x0F, 0xAD, 0xE5, 0x62, 0xC4, 0x0D, 0xF1, 0xF3, 0xE9, 0xF7,
    0x72, 0x79, 0xFA, 0x89, 0xC3, 0xC5, 0xF1, 0x1C, 0xB8, 0xDD, 0x4A, 0xF8, 0x7C, 0x43, 0x95, 0x64,
    0x25, 0xBF, 0xA7, 0x42, 0x03, 0x3A, 0x5D, 0x07, 0x9E, 0x75, 0x32, 0x29, 0x96, 0x24, 0x9D, 0x25,
    0xE0, 0x94, 0xDA, 0x4B, 0xA9, 0x1F, 0x8D, 0x89, 0x06, 0x4B, 0x85, 0x1A, 0x4B, 0x0A, 0xC4, 0x74,
    0x0F, 0x6C, 0x3A, 0xE7, 0xF8, 0xE3, 0x7C, 0x81, 0xF8, 0xDD, 0xB9, 0xED, 0x28, 0x44, 0x38, 0x51,
    0x85, 0x3C, 0x1E, 0xF7, 0xC4, 0xC8, 0x0D, 0x4E, 0x9D, 0x33, 0x3B, 0x77, 0x00, 0x57, 0x50, 0x1A,
    0xAA, 0x19, 0xE8, 0x3D, 0x64, 0x1A, 0x8E, 0xF8, 0x94, 0x78, 0x91, 0xAB, 0x67, 0xD0, 0x81, 0x34,
    0xF4, 0xE4, 0x53, 0x35, 0xB8, 0xEE, 0xE2, 0x16, 0xCE, 0x49, 0xDE, 0x36, 0xFA, 0x60, 0x2E, 0x7C,
    0x71, 0x5B, 0x3F, 0x81, 0x06, 0x72, 0x35, 0xF4, 0x07, 0xE8, 0xEF, 0x11, 0xBF, 0x4B, 0x34, 0x93,
    0xFF, 0x25, 0xE0, 0x86, 0x96, 0xB7, 0x28, 0xBA, 0x6B, 0xBF, 0x88, 0xFD, 0x2D, 0x8E, 0xA1, 0x9D,
    0x40, 0x23, 0xB9, 0x3A, 0xEA, 0x15, 0xEA, 0x7B, 0x20, 0xC9, 0x29, 0x6C, 0xCC, 0xD5, 0x25, 0x1A,
    0x33, 0xC1, 0xCA, 0x91, 0xE9, 0x62, 0x2C, 0x26, 0x63, 0xD5, 0x19, 0x3F, 0xE2, 0xC8, 0x74, 0x31,
    0x3A, 0x6F, 0x6C, 0x17, 0xA3, 0x0E, 0x91, 0x32, 0xFE, 0x58, 0x76, 0x64, 0xA6, 0xF1, 0x48, 0xE4,
    0x8D, 0xFD, 0x62, 0xAC, 0x0F, 0xC6, 0x52, 0x46, 0xA7, 0x21, 0x57, 0x97, 0x69, 0x96, 0x94, 0xC8,
    0x82, 0x4A, 0x3C, 0x24, 0xB2, 0x60, 0xCC, 0x67, 0x63, 0x31, 0x19, 0xDD, 0x60, 0x2C, 0x1B, 0x90,
    0xE0, 0x44, 0x17, 0x99, 0xDD, 0xC8, 0x4C, 0xE1, 0x01, 0xE9, 0x47, 0x63, 0x8B, 0x31, 0x18, 0x33,
    0x6F, 0x74, 0x83, 0xB1, 0x8A, 0x6C, 0xBD, 0x51, 0x8B, 0xF1, 0xF7, 0x07, 0x63, 0x2E, 0x63, 0x16,
    0xD5, 0x6D, 0x1E, 0xD2, 0xFB, 0x78, 0x75, 0x3D, 0x20, 0x59, 0x75, 0x1E, 0x99, 0xA8, 0xE3, 0x21,
    0x51, 0x0D, 0xC6, 0xBA, 0x89, 0x34, 0xF0, 0x6E, 0xE4, 0x02, 0xC8, 0x46, 0xB5, 0xD3, 0xC5, 0xB1,
    0xE5, 0xBB, 0xCF, 0x2C, 0x0F, 0x1F, 0x5B, 0x3F, 0x19, 0x35, 0x1B, 0xFF, 0x14, 0x8C, 0x6E, 0x35,
    0x66, 0x6A, 0x6C, 0x76, 0x62, 0x8D, 0xA1, 0x38, 0xB6, 0x36, 0x8E, 0xAD, 0x8A, 0x63, 0xB3, 0x49,
    0xE7, 0x83, 0x0E, 0x4C, 0x03, 0xC5, 0x0A, 0x94, 0xF3, 0xE9, 0x9E, 0xFC, 0x9F, 0x38, 0x0F, 0x49,
    0x3B, 0x0A, 0xC5, 0x13, 0x78, 0x7A, 0xFC, 0x6B, 0xC3, 0x57, 0x0D, 0x5F, 0x7F, 0xE8, 0x23, 0xAA,
    0x3B, 0x3F, 0xC5, 0x1D, 0xA8, 0x66, 0xDA, 0x81, 0x95, 0x74, 0xBE, 0x74, 0x69, 0xC8, 0x3E, 0xD7,
    0xE7, 0xFC, 0x47, 0xF8, 0x79, 0x48, 0xBA, 0x1A, 0xEA, 0x0C, 0x40, 0x72, 0xF1, 0x20, 0x6E, 0xBA,
    0x55, 0x95, 0x9C, 0x22, 0x3D, 0x90, 0x05, 0x32, 0x4F, 0x3E, 0xE2, 0x3A, 0x24, 0xA5, 0x66, 0x41,
    0xB6, 0x14, 0xEA, 0x32, 0x6F, 0x67, 0x8D, 0x47, 0x14, 0xDD, 0xE7, 0x13, 0xFE, 0xD2, 0x15, 0xE1,
    0xD7, 0xD5, 0x1B, 0xB2, 0x60, 0x1D, 0x3A, 0xE5, 0x3E, 0x53, 0x31, 0x64, 0x72, 0x4D, 0x26, 0x78,
    0x9A, 0x2D, 0x17, 0xA6, 0x15, 0x29, 0xD8, 0xF6, 0x24, 0x75, 0x9A, 0xFB, 0xEB, 0x17, 0x96, 0xDC,
    0xFF, 0x7D, 0x59, 0x3F, 0xB8, 0x26, 0x0B, 0x6C, 0x73, 0x8F, 0x3D, 0x6C, 0xBB, 0x44, 0xBA, 0x70,
    0xB1, 0x65, 0xF3, 0xAD, 0xC8, 0x4A, 0x87, 0x23, 0xEE, 0x1A, 0x56, 0x8E, 0x98, 0x0C, 0x8D, 0x9D,
    0x01, 0xB4, 0x86, 0xFF, 0x6E, 0xF8, 0x96, 0xE1, 0xF1, 0x64, 0x3D, 0xB2, 0x06, 0xBF, 0x92, 0x29,
    0x64, 0x71, 0xB9, 0x5F, 0x8A, 0x5E, 0xFC, 0xE2, 0x91, 0x35, 0xF8, 0xF2, 0xFB, 0x58, 0x54, 0xB3,
    0x91, 0x76, 0x34, 0xA2, 0xC8, 0x74, 0xD9, 0x52, 0xC7, 0xD5, 0xD8, 0x44, 0x0F, 0xD2, 0x60, 0xA9,
    0xD0, 0x48, 0x31, 0x93, 0x69, 0xBB, 0x83, 0x54, 0xD8, 0xD2, 0x1A, 0xD3, 0x5F, 0xD5, 0x58, 0xFA,
    0xB3, 0x06, 0x4B, 0x5E, 0x53, 0x4C, 0xED, 0x1C, 0x53, 0x15, 0x62, 0x72, 0x8A, 0x29, 0xD3, 0x7B,
    0x96, 0x12, 0xFD, 0xD6, 0x12, 0xFD, 0x27, 0x31, 0xD5, 0x7F, 0x8B, 0xC9, 0x29, 0xA6, 0x22, 0xA6,
    0x53, 0x5F, 0xC8, 0x5B, 0xCF, 0xB4, 0x1E, 0x69, 0xA0, 0xDA, 0x92, 0xF3, 0x00, 0x1A, 0xD8, 0x7D,
    0xA6, 0x08, 0x00, 0xE5, 0x64, 0xAC, 0x1B, 0x2E, 0x45, 0xBB, 0xDA, 0x22, 0xB8, 0x8D, 0x8B, 0xE0,
    0xE2, 0x0B, 0x59, 0x04, 0x2F, 0x4E, 0xE3, 0xC6, 0x17, 0xDE, 0xB6, 0x1B, 0x22, 0x5B, 0x8C, 0xE4,
    0x9E, 0xB3, 0xF7, 0x68, 0xDC, 0xB0, 0xA5, 0x67, 0x6D, 0x22, 0x0F, 0x89, 0xFA, 0xEC, 0x89, 0x55,
    0x6B, 0xE0, 0x7E, 0xE4, 0x6C, 0x48, 0xEE, 0xF1, 0xB6, 0x65, 0x33, 0xCD, 0xF6, 0xBB, 0xD1, 0x52,
    0xA5, 0xC6, 0x52, 0xB1, 0x1A, 0x49, 0xFF, 0xCB, 0xBF, 0xC0, 0x1A, 0xAF, 0xE3, 0x1C, 0xB8, 0xB1,
    0x05, 0xB2, 0xCF, 0x0E, 0x26, 0x55, 0x51, 0x71, 0x3F, 0x3D, 0xBF, 0x1A, 0x2F, 0x3B, 0x2C, 0xEA,
    0xE9, 0x7C, 0xA9, 0x52, 0x6D, 0xA9, 0xD8, 0x52, 0xFA, 0x89, 0x96, 0x6A, 0x26, 0xFB, 0xAD, 0x16,
    0x89, 0xB2, 0xAB, 0x25, 0x35, 0x1F, 0x52, 0x2A, 0xD3, 0xF0, 0x1D, 0xDC, 0x9A, 0xC8, 0x64, 0x05,
    0x9E, 0x26, 0x95, 0x01, 0x8D, 0x50, 0xAF, 0x68, 0x22, 0x97, 0x06, 0xAD, 0x7B, 0xBA, 0x32, 0xAF,
    0x66, 0xC9, 0xF2, 0x98, 0xF3, 0xEA, 0x63, 0xAA, 0x97, 0x98, 0xCA, 0x43, 0x4C, 0xC5, 0xA5, 0x79,
    0x65, 0x9F, 0xD7, 0x76, 0x9B, 0xD7, 0x4A, 0xE7, 0xF3, 0x9A, 0x6D, 0x29, 0xD9, 0x12, 0xFD, 0x36,
    0xAF, 0xF5, 0x69, 0x42, 0x2D, 0x9D, 0xFE, 0xC6, 0xB2, 0xCB, 0x69, 0x32, 0x92, 0x6F, 0xC9, 0x8D,
    0x46, 0xDA, 0xC1, 0x98, 0xA9, 0x89, 0x69, 0x01, 0xAD, 0xC5, 0xE1, 0x88, 0x5A, 0x9D, 0x93, 0x34,
    0xE6, 0x1A, 0xE4, 0xED, 0x69, 0xD4, 0x11, 0xD4, 0x8F, 0x8D, 0xDC, 0x60, 0xB7, 0xCA, 0x5E, 0xF2,
    0x3B, 0x80, 0x2B, 0x68, 0x0D, 0xFD, 0x08, 0x69, 0x34, 0x7B, 0xE5, 0x88, 0x8F, 0xC1, 0x49, 0x9C,
    0x78, 0x3D, 0xEE, 0x6C, 0xEF, 0x8C, 0x49, 0x23, 0xA9, 0xEE, 0x55, 0x0B, 0xC5, 0x81, 0x6C, 0xA5,
    0x5C, 0x48, 0xD4, 0x58, 0xB3, 0x1A, 0x8C, 0xFD, 0x68, 0xF5, 0xDB, 0x4E, 0xD6, 0x7C, 0xED, 0x35,
    0xDC, 0xC0, 0xD1, 0xD8, 0x6F, 0x8C, 0xC7, 0x6F, 0xE7, 0x1A, 0x35, 0xB8, 0xD8, 0x66, 0x6C, 0x7F,
    0xEF, 0x2B, 0xF6, 0xBB, 0x8F, 0xE1, 0x51, 0x2F, 0x1D, 0x34, 0x64, 0xF6, 0x9D, 0x3B, 0xB8, 0xB0,
    0x5B, 0x32, 0xA5, 0x6A, 0xFA, 0x31, 0x51, 0xA7, 0x11, 0x0D, 0x1A, 0xAE, 0x23, 0xEE, 0x88, 0x87,
    0xC4, 0x83, 0x2B, 0x3B, 0x2D, 0x36, 0x90, 0xC6, 0xE6, 0xAB, 0xB5, 0x01, 0xD7, 0xE4, 0x03, 0x14,
    0xE3, 0x0D, 0xFF, 0xD5, 0xEA, 0xC5, 0x35, 0x2B, 0x9B, 0x52, 0x4F, 0xBA, 0x14, 0x13, 0x48, 0xC3,
    0xC5, 0x3B, 0x09, 0xCF, 0xC6, 0x36, 0xF4, 0xE3, 0x00, 0xC9, 0xB6, 0x84, 0x0D, 0xE5, 0x08, 0xC5,
    0x54, 0x37, 0x50, 0x76, 0xE1, 0x05, 0xAF, 0x31, 0xE7, 0xD5, 0x50, 0xFF, 0x66, 0x85, 0xF6, 0x5B,
    0x0B, 0x1C, 0xDC, 0x44, 0xEA, 0xCB, 0xE6, 0xD9, 0xD8, 0x96, 0xF4, 0x92, 0xE4, 0xA9, 0x15, 0x73,
    0xA2, 0x7B, 0x85, 0xC8, 0x7D, 0xBE, 0x3D, 0x71, 0xF3, 0x6E, 0xB1, 0x9C, 0xFA, 0xDA, 0x5B, 0x4E,
    0xBE, 0xB3, 0x65, 0x13, 0x68, 0xD9, 0x24, 0x6E, 0x59, 0x96, 0xB5, 0xA2, 0xE1, 0x2C, 0xC3, 0x45,
    0x1E, 0x2F, 0x8E, 0x3F, 0x3F, 0x7F, 0x6F, 0xEF, 0x1F, 0xAA, 0x2D, 0xBF, 0xB3, 0xF5, 0xC7, 0xFD,
    0xAD, 0x7F, 0xC2, 0x36, 0x9E, 0x34, 0x50, 0xC9, 0x22, 0xD8, 0x78, 0x63, 0xBE, 0xBB, 0x52, 0xAD,
    0x58, 0x67, 0xFF, 0x47, 0x9A, 0x4C, 0x96, 0x42, 0xB9, 0x44, 0x6B, 0x7C, 0x71, 0xA0, 0x9D, 0x52,
    0x4D, 0xD9, 0x8A, 0xA9, 0x1F, 0x33, 0x11, 0xAD, 0xB0, 0x3C, 0x20, 0xE9, 0x72, 0x1E, 0xE0, 0x22,
    0x8F, 0xF6, 0x21, 0x9E, 0x37, 0x41, 0x74, 0xD9, 0xF3, 0x25, 0xCC, 0xBB, 0x85, 0xAF, 0xC5, 0x7E,
    0xD6, 0x24, 0x3A, 0xF8, 0x67, 0x69, 0x8E, 0x33, 0xB3, 0xDD, 0x20, 0x24, 0x1F, 0x18, 0x73, 0x01,
    0xB8, 0xC5, 0x58, 0x8F, 0xC6, 0x8F, 0x0C, 0xBC, 0xCF, 0xF5, 0x17, 0xF0, 0x22, 0xE3, 0x85, 0x96,
    0x36, 0x10, 0xE7, 0xC6, 0x98, 0x5F, 0x5F, 0x0C, 0x6E, 0x5C, 0x2F, 0x2E, 0xA8, 0xED, 0x7C, 0xA4,
    0xD4, 0x45, 0x72, 0x64, 0xBE, 0x3F, 0xA0, 0x19, 0xCE, 0x1E, 0xD0, 0xCC, 0xC6, 0x3A, 0x18, 0xAB,
    0xED, 0x5C, 0x35, 0x85, 0xBA, 0x5C, 0xA3, 0x14, 0x52, 0x2D, 0x47, 0x52, 0x2D, 0xFB, 0x4D, 0x80,
    0x3A, 0xAC, 0x3C, 0xA1, 0x98, 0x81, 0xB2, 0xE3, 0x2C, 0x14, 0x8A, 0x03, 0x3A, 0xD4, 0xC2, 0xAD,
    0xBD, 0x9A, 0x5C, 0x7F, 0x54, 0x93, 0x69, 0x10, 0x99, 0x9A, 0x6D, 0xBE, 0x1E, 0x07, 0xB9, 0xC1,
    0x59, 0x3F, 0x52, 0x88, 0xB8, 0x6E, 0xC3, 0x72, 0x61, 0x43, 0xB1, 0x3E, 0xCA, 0x8C, 0xE2, 0x70,
    0x66, 0x86, 0x7F, 0xA8, 0x19, 0xE9, 0xF9, 0xD3, 0xAA, 0xF6, 0xEC, 0x69, 0x95, 0x13, 0x85, 0xBA,
    0xE2, 0xDC, 0x86, 0xBB, 0xCB, 0xCD, 0x37, 0x8B, 0x6D, 0x67, 0xEC, 0x0D, 0x84, 0xC8, 0xF9, 0x8B,
    0xF4, 0xE4, 0x5A, 0xAC, 0xA7, 0x67, 0x0B, 0xD9, 0x6C, 0x98, 0x80, 0x7C, 0xD8, 0x6A, 0xEA, 0x55,
    0xAB, 0xAF, 0x58, 0x61, 0xD5, 0x7B, 0x4B, 0x6C, 0x69, 0x8A, 0x2D, 0x0F, 0xB1, 0x1E, 0x5F, 0xD8,
    0x92, 0xCB, 0xA7, 0xCC, 0x2E, 0x14, 0x6E, 0x84, 0xFE, 0xC1, 0x4B, 0x37, 0x2E, 0x3C, 0x9B, 0x92,
    0x83, 0xE2, 0x41, 0x77, 0x95, 0x3F, 0xDD, 0x1E, 0x69, 0x5B, 0xC5, 0x9E, 0xC7, 0x6B, 0xBA, 0x47,
    0x22, 0x1D, 0x28, 0x96, 0x5C, 0x94, 0x23, 0xA2, 0x1E, 0xF8, 0xD0, 0x00, 0xF5, 0x68, 0x98, 0x4F,
    0xCB, 0x03, 0xA7, 0x19, 0x32, 0x73, 0x87, 0x5E, 0x33, 0x14, 0x5A, 0xD9, 0x2F, 0x80, 0xB9, 0xBA,
    0x97, 0x41, 0x43, 0x0D, 0xF5, 0xD0, 0x46, 0x74, 0xD4, 0x5D, 0x3B, 0xD2, 0x53, 0x2F, 0xF9, 0x81,
    0x42, 0xF2, 0x24, 0xFD, 0x76, 0x0D, 0x9B, 0x48, 0xCD, 0xD6, 0x03, 0x38, 0x7F, 0x69, 0x09, 0x9A,
    0xF4, 0x0B, 0xA5, 0xD4, 0xB4, 0x43, 0x3B, 0x88, 0x72, 0x10, 0xAE, 0x89, 0xC2, 0x16, 0xEB, 0x67,
    0xA2, 0xDA, 0x6F, 0x5B, 0xA9, 0x34, 0x91, 0xF4, 0xFE, 0x1D, 0x4A, 0x1F, 0x70, 0x7E, 0xC5, 0x4D,
    0x7D, 0xD7, 0x0E, 0xB5, 0xC4, 0x1D, 0x7D, 0x7C, 0x52, 0x2F, 0xB3, 0xFD, 0x4F, 0x03, 0x7C, 0x54,
    0x78, 0x92, 0x25, 0x59, 0x6C, 0xF1, 0xF3, 0xFA, 0x43, 0xE4, 0x2F, 0x14, 0x4B, 0xB1, 0x52, 0x8E,
    0x89, 0xC9, 0xDF, 0x3D, 0x78, 0x32, 0xF9, 0x89, 0xC9, 0xAF, 0x2E, 0xE4, 0x37, 0x26, 0x7F, 0x38,
    0xC9, 0x77, 0x17, 0xF2, 0xF7, 0x07, 0xE7, 0xD9, 0x67, 0x21, 0xAE, 0x55, 0xAA, 0xC6, 0x75, 0x8F,
    0x96, 0xFF, 0xD2, 0x8D, 0xF2, 0xDF, 0xB8, 0x41, 0xFE, 0xB9, 0xAC, 0x7C, 0x7D, 0x30, 0xAB, 0xBD,
    0xE1, 0x5D, 0x93, 0xF5, 0xCA, 0xED, 0xCB, 0x4A, 0x3D, 0xFB, 0x6F, 0x6B, 0xDA, 0x77, 0xE7, 0xAF,
    0xC9, 0xBD, 0x52, 0x75, 0xD0, 0x0A, 0xA8, 0x97, 0x5B, 0x94, 0x58, 0xED, 0xAB, 0xAA, 0x7F, 0xBB,
    0x00, 0x21, 0x6E, 0x49, 0xBA, 0xAD, 0x5C, 0x62, 0x71, 0x79, 0xEE, 0x43, 0x48, 0x67, 0x68, 0xDD,
    0x04, 0xB5, 0x86, 0xBD, 0x20, 0x0A, 0x3D, 0xE7, 0x3F, 0x80, 0x1A, 0xD7, 0xD9, 0xCC, 0x5B, 0x05,
    0x58, 0x25, 0xD0, 0x4F, 0xB7, 0xFE, 0x07, 0xD0, 0x4B, 0xD2, 0xB4, 0xF1, 0x23, 0x34, 0xB8, 0xE9,
    0xFE, 0x91, 0xD9, 0x19, 0xD3, 0xE9, 0x95, 0x23, 0x69, 0x30, 0x72, 0x6B, 0x4C, 0x34, 0x81, 0x0D,
    0xB3, 0x33, 0xCF, 0xE3, 0x57, 0x25, 0x16, 0xD5, 0x18, 0x39, 0x1B, 0x93, 0x60, 0xC4, 0x98, 0xA4,
    0x46, 0x9B, 0x35, 0xE2, 0xBC, 0xC1, 0xAB, 0xD0, 0x82, 0xC8, 0x85, 0x62, 0x3C, 0xDE, 0xC3, 0xE4,
    0x26, 0xD5, 0xDF, 0x90, 0xA8, 0x3E, 0xC5, 0x81, 0x8B, 0xCB, 0x58, 0x82, 0x7D, 0xBE, 0xB9, 0x20,
    0x8F, 0x3A, 0xBE, 0xCC, 0x9D, 0x06, 0xCA, 0xA6, 0x3E, 0xB2, 0xF8, 0xC3, 0x21, 0xF6, 0x3B, 0x03,
    0x68, 0x34, 0x7E, 0xBF, 0xE1, 0x3C, 0x9E, 0x8F, 0x87, 0x63, 0xF4, 0xC1, 0x73, 0x72, 0x6F, 0x23,
    0xD9, 0x0C, 0xB9, 0x87, 0x62, 0xA4, 0x76, 0x1D, 0xAD, 0x03, 0x6D, 0xA5, 0x2C, 0xC9, 0xB6, 0xCF,
    0xF5, 0x50, 0x3A, 0xD5, 0x0F, 0x41, 0xC2, 0x4C, 0x93, 0xC5, 0xB0, 0xF1, 0x80, 0x86, 0x72, 0x58,
    0x8E, 0x2C, 0x86, 0xF9, 0xC8, 0x7C, 0xF0, 0xA6, 0x79, 0xB8, 0x69, 0xDC, 0x99, 0x24, 0xBF, 0xF1,
    0xC9, 0x35, 0xA7, 0x9A, 0xD8, 0x64, 0x9C, 0x18, 0xEC, 0x93, 0x05, 0xCA, 0x80, 0x62, 0xB8, 0xC0,
    0xF9, 0x47, 0x3A, 0xFC, 0x57, 0xFD, 0xF4, 0xCA, 0x97, 0xEE, 0x40, 0xA1, 0x6F, 0x64, 0x12, 0xED,
    0xA7, 0xD0, 0x37, 0xAF, 0xC7, 0xAA, 0xBA, 0x0F, 0xB9, 0x14, 0xC0, 0xFD, 0x48, 0x1E, 0x5E, 0xA6,
    0x1A, 0xB8, 0x1E, 0xB1, 0xC8, 0xB4, 0xB1, 0xD0, 0x48, 0x35, 0x66, 0x6A, 0x70, 0x43, 0x26, 0x6E,
    0x95, 0x0D, 0xAE, 0xB3, 0x22, 0x2F, 0x1B, 0x93, 0x5E, 0x43, 0xBB, 0xA4, 0x07, 0x28, 0xA5, 0x99,
    0xFD, 0x67, 0x34, 0x5F, 0xD2, 0x09, 0x2A, 0x7D, 0x7B, 0x84, 0x56, 0x1A, 0xE0, 0x7E, 0xA9, 0x06,
    0xDE, 0x4F, 0x0F, 0x57, 0xAB, 0x33, 0x51, 0xD8, 0x59, 0x88, 0x6A, 0xBB, 0xD1, 0xF9, 0x3C, 0x6C,
    0x4A, 0x63, 0x57, 0x05, 0x52, 0x0D, 0x6D, 0x00, 0xE9, 0x4F, 0xAB, 0x75, 0xF0, 0xBF, 0x35, 0xF1,
    0xDA, 0x21, 0x3F, 0x12, 0xC9, 0x13, 0xF9, 0x62, 0xBB, 0xB7, 0x45, 0xAD, 0xB0, 0xF1, 0x59, 0x39,
    0x96, 0x9C, 0x1C, 0xFB, 0x75, 0x74, 0xAC, 0x38, 0x32, 0x3E, 0x26, 0x20, 0x9D, 0xF3, 0x09, 0xDB,
    0x3D, 0x9E, 0xAE, 0x13, 0xF6, 0x82, 0xEB, 0x8B, 0xED, 0x61, 0x8D, 0x03, 0xAA, 0xEE, 0x07, 0x80,
    0x8B, 0x1E, 0xE6, 0xFB, 0x63, 0xD4, 0xEE, 0x79, 0x56, 0xE0, 0x16, 0xE5, 0x6C, 0x6C, 0x0F, 0xC6,
    0xA5, 0x32, 0x7A, 0x77, 0xC1, 0xA5, 0xBA, 0xD8, 0x5B, 0xF8, 0x17, 0xBC, 0x4A, 0x13, 0x35, 0xD1,
    0xDB, 0x11, 0x70, 0x3F, 0xF4, 0x46, 0x8C, 0xF6, 0xEF, 0xFD, 0x7B, 0x3B, 0xE6, 0xAA, 0xE7, 0x99,
    0xC2, 0xCE, 0x42, 0xD4, 0x5F, 0x40, 0x0D, 0xFF, 0xE7, 0xE8, 0xB9, 0x3B, 0x92, 0x62, 0xEE, 0x07,
    0x28, 0x27, 0x01, 0xF5, 0x7B, 0x01, 0x58, 0x73, 0xAB, 0xEA, 0xC5, 0x75, 0x2F, 0x76, 0x0D, 0xA3,
    0x7F, 0x17, 0x20, 0x5D, 0x9D, 0x87, 0x6C, 0xA9, 0x06, 0x70, 0x53, 0x0B, 0x94, 0x4D, 0x78, 0x7E,
    0x35, 0x7C, 0xCD, 0x9F, 0xE9, 0xF9, 0xF9, 0x93, 0x9D, 0xBD, 0x90, 0x52, 0x19, 0xA8, 0xCF, 0xD9,
    0x19, 0xE3, 0x75, 0x87, 0x3B, 0xBA, 0xD9, 0xA5, 0x5B, 0xAF, 0xBA, 0xE2, 0x48, 0xA8, 0x1A, 0x80,
    0x60, 0x48, 0x67, 0x63, 0xE6, 0xCF, 0x78, 0xF8, 0x2E, 0x90, 0x68, 0x01, 0xB8, 0x3B, 0x1B, 0xF9,
    0x7E, 0xC7, 0x16, 0x9A, 0xB6, 0x9C, 0x6D, 0xBB, 0x4F, 0xB7, 0x79, 0xB1, 0xCD, 0x7D, 0x99, 0xF9,
    0x7A, 0xBC, 0x09, 0xBC, 0x1E, 0x52, 0xA0, 0x6C, 0xE2, 0x04, 0x05, 0xEA, 0x2E, 0x93, 0x9C, 0x3A,
    0xEA, 0x81, 0x6A, 0xCA, 0xD5, 0xD0, 0x8E, 0xBB, 0xB7, 0xF2, 0xBB, 0xBD, 0xF2, 0x94, 0x4D, 0xA2,
    0xC1, 0x86, 0x52, 0x81, 0xC6, 0xD4, 0x4E, 0x84, 0x7E, 0xCA, 0x74, 0xE0, 0x2D, 0x68, 0x7D, 0xFE,
    0xBB, 0x95, 0x77, 0xA1, 0xF6, 0xC5, 0xAF, 0xC4, 0x7D, 0xA8, 0x67, 0xF7, 0x9E, 0x9A, 0x05, 0xCA,
    0x50, 0x7E, 0x53, 0xC3, 0x0C, 0x2E, 0x54, 0xE8, 0x7F, 0x7A, 0x70, 0x87, 0xB7, 0xD0, 0x1F, 0x3D,
    0x14, 0xEB, 0x9B, 0xB4, 0x9F, 0x4C, 0xA6, 0xE1, 0x3E, 0xF5, 0x5F, 0xC7, 0x4D, 0x4C, 0xA5, 0x01,
    0x52, 0xCD, 0xD8, 0xA0, 0x48, 0x6C, 0x10, 0x6A, 0x00, 0x79, 0x72, 0x71, 0xF6, 0xC8, 0x91, 0x76,
    0x20, 0x5D, 0x37, 0xC9, 0xBB, 0x07, 0xED, 0x6E, 0xC1, 0xDA, 0x1B, 0xC9, 0xE6, 0x72, 0xB0, 0x5C,
    0x74, 0xE9, 0xC4, 0xB5, 0x68, 0xB5, 0x64, 0x63, 0xA9, 0xE9, 0x98, 0x8B, 0xE9, 0x98, 0x0B, 0x35,
    0xCE, 0xA7, 0xDB, 0x53, 0x8E, 0x19, 0x9B, 0x36, 0x6B, 0x77, 0x7B, 0x7C, 0x1C, 0x12, 0x0F, 0xEA,
    0xEA, 0x90, 0x5A, 0x1E, 0x7E, 0xB1, 0x66, 0xA3, 0x0D, 0xE4, 0x2F, 0xCA, 0x07, 0xA8, 0xFF, 0xF0,
    0x7F, 0x55, 0x58, 0xFE, 0xF3, 0xA4, 0x7F, 0xDF, 0x40, 0xF5, 0xC9, 0xD8, 0xFF, 0x1A, 0x28, 0xFF,
    0x3A, 0xB4, 0xBF, 0x87, 0xFD, 0xF5, 0x23, 0xF6, 0x7A, 0xC2, 0x64, 0x94, 0x96, 0xB3, 0x15, 0x37,
    0x5B, 0x0E, 0x14, 0x1E, 0xD8, 0xDF, 0xF4, 0xAE, 0x17, 0xA3, 0xEC, 0x8C, 0x74, 0x69, 0x1B, 0xC8,
    0x47, 0x37, 0xC2, 0x9D, 0x26, 0xB9, 0x77, 0xFD, 0xCD, 0xF5, 0xB0, 0xB1, 0xD4, 0x48, 0x3B, 0xE6,
    0xEA, 0xA8, 0x9A, 0x54, 0xC3, 0x36, 0x4B, 0xBC, 0x09, 0xBD, 0xE7, 0xE7, 0x36, 0x1B, 0x36, 0xFE,
    0x32, 0x64, 0x93, 0xD9, 0x6F, 0x63, 0xCE, 0xE5, 0x1A, 0xB3, 0xF9, 0xEE, 0x83, 0xBE, 0xE8, 0x83,
    0xB1, 0x9E, 0x23, 0xFD, 0x0D, 0x9C, 0x1F, 0x1C, 0xE9, 0x24, 0x7F, 0x62, 0xAA, 0x6E, 0xFF, 0x1D,
    0x2F, 0x7F, 0xE7, 0xA1, 0x4E, 0x02, 0x2C, 0x54, 0x97, 0x06, 0x3B, 0x69, 0x8D, 0x28, 0x85, 0xF3,
    0xC5, 0x4A, 0x31, 0xE6, 0x47, 0x0C, 0xE6, 0x76, 0x93, 0xAA, 0x29, 0x41, 0xC3, 0x5B, 0xD0, 0x0F,
    0x6F, 0x42, 0x3B, 0xBD, 0x63, 0x3D, 0x2E, 0x50, 0xCD, 0xD6, 0xC9, 0x67, 0x47, 0x14, 0x9A, 0xAC,
    0x8F, 0x01, 0x32, 0x43, 0xBA, 0x15, 0x05, 0xC0, 0x6A, 0x88, 0x76, 0x45, 0x77, 0x67, 0xA0, 0xF4,
    0x90, 0xF4, 0x36, 0x27, 0x6A, 0x8E, 0xF8, 0x18, 0x20, 0x99, 0xCB, 0xC6, 0xCC, 0xAE, 0x87, 0x8D,
    0xA7, 0x6F, 0x2C, 0x1E, 0x69, 0x6C, 0x3F, 0x5A, 0xB7, 0x75, 0x34, 0xB6, 0x8D, 0xC6, 0x7E, 0x18,
    0x8D, 0x5D, 0xCC, 0x8F, 0xF4, 0xCC, 0xD8, 0xE2, 0xD6, 0x8D, 0x25, 0xFD, 0x80, 0x4B, 0xAF, 0x81,
    0x0D, 0x27, 0xBD, 0x3F, 0xE1, 0x2C, 0x6A, 0x49, 0x61, 0x43, 0x47, 0x3B, 0xD7, 0x20, 0xFF, 0x96,
    0xF9, 0xF4, 0x26, 0xB9, 0xBA, 0x7F, 0xC6, 0x09, 0xA8, 0x03, 0xD0, 0x2E, 0xD8, 0x4E, 0x33, 0x71,
    0xC4, 0x76, 0xB2, 0xEF, 0x3C, 0x5C, 0xDD, 0xF9, 0x65, 0xDB, 0xF9, 0x86, 0xED, 0x7C, 0xC3, 0x76,
    0xBE, 0xD3, 0x2E, 0x24, 0x41, 0x92, 0x36, 0x6C, 0x43, 0x6E, 0x47, 0x50, 0x43, 0xB6, 0x40, 0x31,
    0x9E, 0x0F, 0x67, 0x8D, 0x5B, 0x53, 0x86, 0x37, 0xA9, 0xFD, 0x1B, 0x68, 0xFA, 0x87, 0x44, 0x03,
    0x99, 0xCC, 0x26, 0x33, 0x6C, 0xD3, 0xAD, 0x31, 0x96, 0x8E, 0xD5, 0x80, 0x3B, 0xE0, 0xAA, 0x85,
    0xAA, 0x9E, 0x93, 0x56, 0x7B, 0x3C, 0xC6, 0xFF, 0x97, 0x7A, 0x5D, 0xBE, 0xE6, 0x9A, 0xF4, 0x81,
    0x7C, 0x67, 0xF2, 0xCB, 0x07, 0xF2, 0xFB, 0x05, 0x92, 0x07, 0xF2, 0x0B, 0x93, 0x5F, 0x3E, 0x90,
    0xDF, 0x9F, 0xCB, 0x7F, 0xBD, 0xB8, 0x22, 0x3F, 0x5C, 0x96, 0x9F, 0xC5, 0x9F, 0xB4, 0x8B, 0x2D,
    0x9B, 0xAF, 0xCB, 0xA7, 0x3E, 0xCA, 0x6F, 0x4D, 0xFE, 0xF8, 0x8A, 0x15, 0x6D, 0xBE, 0xCB, 0xAF,
    0x16, 0x68, 0x2F, 0xE4, 0xE7, 0xA2, 0x74, 0x07, 0xCA, 0x6A, 0xA1, 0x6E, 0xE7, 0xA4, 0xD7, 0x1E,
    0xBC, 0xCD, 0xCB, 0x50, 0xD3, 0x82, 0xFB, 0x4D, 0x80, 0x7C, 0xFB, 0x53, 0x1B, 0xE3, 0x02, 0xFE,
    0xF9, 0xCE, 0x7E, 0x36, 0x25, 0x33, 0xA1, 0x98, 0x68, 0xFB, 0x2E, 0x3A, 0x58, 0x84, 0xDB, 0x9F,
    0x7D, 0x7B, 0xBA, 0x53, 0x6B, 0x45, 0xBF, 0x54, 0xA2, 0x66, 0xCD, 0xD4, 0xBC, 0x9F, 0x09, 0x9E,
    0x6E, 0x6B, 0x28, 0x34, 0x20, 0x29, 0x6E, 0xFF, 0x1F, 0xBC, 0xD4, 0x21, 0xE8, 0xDE, 0x46, 0x18,
    0x06, 0xF0, 0x27, 0x39, 0xDA, 0x88, 0x88, 0xF3, 0x4C, 0xC4, 0xAB, 0x78, 0x51, 0x2E, 0xDE, 0xCF,
    0x9B, 0xF9, 0x7A, 0xB1, 0x26, 0x30, 0xCF, 0xEA, 0xF5, 0xBC, 0x17, 0x65, 0x77, 0x6C, 0xB2, 0x62,
    0x81, 0xCA, 0x99, 0x88, 0x7A, 0x8E, 0x35, 0xB0, 0x94, 0x26, 0x79, 0xD6, 0x7B, 0xEF, 0xBD, 0x83,
    0x7E, 0xF0, 0x2F, 0xA3, 0x83, 0xBD, 0xB4, 0xEF, 0xF3, 0x83, 0xFC, 0x93, 0x7C, 0x79, 0xBE, 0x8F,
    0x20, 0xCD, 0x10, 0x24, 0x5C, 0xC4, 0x73, 0x7E, 0x4C, 0x31, 0x93, 0xEB, 0x10, 0x5B, 0xBE, 0x1E,
    0x8F, 0x2E, 0xF6, 0x17, 0xCC, 0x6D, 0xB6, 0xE1, 0x40, 0xC3, 0x3E, 0xB8, 0x08, 0xF0, 0x46, 0x0A,
    0xBF, 0xC3, 0x6F, 0xC0, 0xBC, 0xC1, 0xAF, 0x72, 0x36, 0xC3, 0x57, 0x62, 0x95, 0xF0, 0x39, 0xF4,
    0x3C, 0xB9, 0xCA, 0x2A, 0xC1, 0x00, 0x9B, 0xEE, 0x30, 0x41, 0xEE, 0x07, 0xC8, 0xDD, 0x01, 0xF9,
    0x2C, 0x80, 0x7C, 0xB2, 0x3C, 0xAF, 0x64, 0x73, 0x91, 0x1D, 0xF0, 0xF2, 0x9E, 0x7C, 0x30, 0x64,
    0x1C, 0x83, 0xBD, 0xEC, 0x35, 0x4C, 0x63, 0x34, 0x7C, 0x01, 0xB7, 0xB5, 0xDC, 0xE1, 0xD7, 0x86,
    0x01, 0x5C, 0xC1, 0xF0, 0xD4, 0x3F, 0x3D, 0x9A, 0xFE, 0x72, 0x91, 0xB3, 0x26, 0xA4, 0x2B, 0x00,
    0xF6, 0xEA, 0x4F, 0xA0, 0x25, 0x23, 0x80, 0xF1, 0x9E, 0x90, 0xA7, 0x39, 0x24, 0xCC, 0x4D, 0xD2,
    0xF0, 0x77, 0x4A, 0xFC, 0xC6, 0x8E, 0x0B, 0x86, 0xE0, 0xE5, 0xC4, 0xF0, 0x22, 0xC7, 0x1B, 0x89,
    0x3F, 0x37, 0x89, 0x7B, 0x92, 0x08, 0xF8, 0xCF, 0x31, 0xC1, 0x2E, 0x68, 0xD3, 0xFD, 0x16, 0x69,
    0xC0, 0xA5, 0x96, 0x8E, 0xE6, 0x02, 0x30, 0x90, 0x3B, 0x80, 0xC6, 0xD7, 0x8F, 0x3B, 0x2C, 0x12,
    0x6E, 0xCB, 0x11, 0x3D, 0x5B, 0x9E, 0x63, 0x8E, 0x3E, 0xF6, 0x84, 0x3B, 0xCD, 0x6A, 0x08, 0x7B,
    0xF6, 0x21, 0xC5, 0xF5, 0x2B, 0x52, 0xF0, 0xBD, 0xC4, 0x89, 0x7F, 0x17, 0xD3, 0x20, 0xB1, 0x8C,
    0xD2, 0x58, 0x98, 0x3F, 0x07, 0x48, 0xDE, 0x00, 0x66, 0xBE, 0xE5, 0x0A, 0x7C, 0x77, 0x75, 0x29,
    0xF2, 0xB4, 0x0B, 0x7E, 0x28, 0x36, 0xBB, 0x89, 0xC5, 0xB8, 0x87, 0x50, 0xED, 0x38, 0x55, 0x0F,
    0x57, 0x25, 0x9E, 0xFF, 0x82, 0x27, 0x87, 0xE4, 0x47, 0xC0, 0x90, 0x64, 0xF0, 0x24, 0x57, 0x75,
    0x47, 0xCC, 0x27, 0xCC, 0x81, 0x8E, 0x93, 0x21, 0x3A, 0xC2, 0x44, 0x58, 0xC2, 0x30, 0x15, 0x69,
    0x36, 0xB8, 0x33, 0x19, 0x0C, 0x66, 0xC5, 0xBC, 0x8B, 0xFD, 0xDA, 0x2E, 0x60, 0x14, 0xCF, 0x11,
    0x30, 0x0C, 0x62, 0x17, 0x81, 0x8E, 0x4B, 0xB5, 0x25, 0xAA, 0xDD, 0x59, 0x8D, 0xF9, 0xA8, 0x06,
    0x63, 0xB5, 0xE1, 0x0A, 0xBD, 0xA6, 0x5C, 0x46, 0xEC, 0x37, 0x58, 0x22, 0x9B, 0x01, 0xEE, 0x42,
    0xB3, 0x18, 0xA2, 0x61, 0x48, 0x97, 0x31, 0xC1, 0x30, 0x1F, 0x8A, 0xD9, 0xFD, 0x25, 0x97, 0xE9,
    0xE4, 0xB9, 0x76, 0xE8, 0x6F, 0x8F, 0x64, 0x80, 0x65, 0x0A, 0x92, 0x07, 0xD4, 0xC8, 0x73, 0xE0,
    0x47, 0x15, 0x5E, 0x35, 0x87, 0x36, 0x85, 0xF1, 0x6D, 0x44, 0x2E, 0x0A, 0x96, 0x01, 0xB9, 0x27,
    0x18, 0x4E, 0xC8, 0x35, 0xA5, 0xD1, 0x96, 0x0A, 0xC1, 0x60, 0x49, 0x2E, 0xB9, 0xA3, 0xCA, 0x39,
    0xDA, 0xB5, 0xA3, 0x3E, 0xA5, 0x9D, 0xEC, 0x55, 0x08, 0x77, 0x28, 0x9F, 0x61, 0x8E, 0x4A, 0x80,
    0xA1, 0xD0, 0x70, 0x29, 0xEC, 0x58, 0xBB, 0xB1, 0x67, 0xAD, 0xC6, 0x1D, 0xB5, 0x19, 0x1F, 0x01,
    0x2D, 0x86, 0xA1, 0xF4, 0x62, 0x38, 0x95, 0x5A, 0x7A, 0xD6, 0x56, 0xEC, 0x59, 0x4B, 0x71, 0xB5,
    0x93, 0xCC, 0x14, 0xA1, 0xD9, 0xF1, 0x06, 0x22, 0xBC, 0x6A, 0x77, 0xE4, 0x2F, 0x78, 0xFC, 0x79,
    0x03, 0x00, 0x29, 0x72, 0x51, 0x19, 0x42, 0xA5, 0x53, 0xE4, 0x37, 0xAD, 0xA2, 0xE7, 0xA5, 0x1A,
    0xCE, 0x81, 0x41, 0x8A, 0x70, 0xD1, 0x30, 0x48, 0x0F, 0xF3, 0xD6, 0x32, 0x48, 0x0D, 0xF2, 0x3A,
    0x92, 0x16, 0x98, 0x84, 0xFA, 0x12, 0x92, 0xC6, 0xB3, 0x7A, 0x42, 0x35, 0x9C, 0x45, 0x6E, 0x87,
    0x9E, 0xE1, 0xB7, 0x66, 0xF2, 0x49, 0x4D, 0x7A, 0xFC, 0x39, 0xDD, 0xC3, 0x70, 0xEA, 0x82, 0xDB,
    0x3B, 0x86, 0xFE, 0x46, 0x1F, 0x86, 0xFB, 0xA5, 0x8F, 0xC3, 0xF5, 0xFD, 0xCB, 0xD0, 0xF3, 0x9C,
    0x29, 0xCF, 0xDB, 0xF8, 0xCD, 0x65, 0x91, 0x04, 0x2C, 0x19, 0x2B, 0x7A, 0x79, 0x4E, 0x7F, 0xEA,
    0x63, 0xBA, 0xF8, 0xBF, 0xC3, 0x3E, 0x02, 0x43, 0x81, 0x2B, 0x3F, 0x0A, 0x9F, 0xE0, 0x49, 0x32,
    0x81, 0x05, 0x32, 0x5F, 0x83, 0xDF, 0x1E, 0xBE, 0xB3, 0x8E, 0x93, 0x1E, 0xB9, 0xA0, 0x78, 0xAD,
    0x80, 0xD3, 0x43, 0x5A, 0x13, 0x58, 0x33, 0x97, 0xE4, 0x26, 0x43, 0xC8, 0x7C, 0x91, 0x03, 0xC3,
    0x17, 0xD9, 0x6A, 0xE2, 0xDB, 0xF2, 0x99, 0xA6, 0x7D, 0xC8, 0x41, 0xD3, 0x81, 0x21, 0x57, 0xC2,
    0x90, 0x1B, 0x61, 0xA0, 0x26, 0xD2, 0x3C, 0x95, 0x8D, 0xA6, 0xD1, 0x0A, 0xFA, 0x5B, 0x0B, 0x38,
    0x34, 0x17, 0x90, 0x30, 0x3B, 0x09, 0x7B, 0xDA, 0xB4, 0x8C, 0x2E, 0xB3, 0x1B, 0x02, 0x28, 0x8B,
    0x67, 0x59, 0x63, 0x5A, 0xF6, 0x1B, 0x56, 0x97, 0xEF, 0xB1, 0xD8, 0x93, 0x3C, 0x75, 0x01, 0x78,
    0x58, 0x43, 0x5A, 0xE3, 0x0E, 0xC0, 0xEB, 0x0B, 0x18, 0xE6, 0x23, 0x48, 0x80, 0xFC, 0x83, 0x8C,
    0x64, 0x50, 0xF5, 0x5C, 0xD1, 0xEF, 0x70, 0x37, 0x0C, 0x23, 0x4C, 0x4C, 0xE7, 0x1B, 0x9E, 0x55,
    0x77, 0xD1, 0xDF, 0x9C, 0x54, 0x7F, 0x31, 0xA8, 0x22, 0xB7, 0xA2, 0x79, 0x2F, 0x1A, 0xCF, 0x22,
    0xCB, 0x22, 0xC3, 0x9F, 0x54, 0x0D, 0xDF, 0xA9, 0xE0, 0x3F, 0x14, 0xB9, 0x4F, 0x45, 0x96, 0x45,
    0x7D, 0x95, 0xA9, 0x42, 0x56, 0xBF, 0x03, 0xB3, 0x88, 0x0C, 0x18, 0xAB, 0xAC, 0x48, 0x47, 0xA5,
    0x65, 0x3C, 0xCA, 0xED, 0x45, 0x73, 0x54, 0xB4, 0x5C, 0x55, 0x8E, 0x28, 0x7A, 0x8F, 0xCA, 0x49,
    0xC1, 0x90, 0x7B, 0x0C, 0x09, 0x21, 0xA3, 0xE7, 0x26, 0x2D, 0x4E, 0x5A, 0x22, 0xB4, 0xC3, 0x84,
    0x4F, 0xB7, 0x54, 0x11, 0xCC, 0x07, 0x4E, 0x19, 0x31, 0xFD, 0x6F, 0xD3, 0xF2, 0xD1, 0x44, 0x24,
    0xB8, 0x43, 0x61, 0x2F, 0x45, 0x47, 0x81, 0x76, 0x97, 0x00, 0xBE, 0x53, 0xCC, 0x1F, 0x14, 0x23,
    0x15, 0xB6, 0xA0, 0x2B, 0x68, 0x0B, 0x20, 0xD0, 0xCE, 0x18, 0xB4, 0xB2, 0x0C, 0x9B, 0x80, 0x3C,
    0x4F, 0xA3, 0x29, 0x68, 0xA9, 0x25, 0xF4, 0x2C, 0xAD, 0x1C, 0x05, 0xAF, 0x15, 0x56, 0x5B, 0x74,
    0xF1, 0x31, 0xEB, 0xF1, 0x87, 0x99, 0xEF, 0xEE, 0x9E, 0x3A, 0xC6, 0x99, 0x23, 0xB7, 0xCF, 0xD9,
    0xFF, 0xD3, 0xBE, 0xD5, 0xC3, 0xCA, 0x6D, 0x5C, 0xDD, 0x4B, 0xD2, 0x7E, 0xC4, 0x27, 0x16, 0xE3,
    0xD6, 0x9F, 0x00, 0xB3, 0xB5, 0x0D, 0x7C, 0x1F, 0xDB, 0x14, 0xB6, 0x48, 0xC7, 0x7D, 0x5F, 0x26,
    0x45, 0x8A, 0x20, 0x8D, 0xDB, 0x14, 0x96, 0xC9, 0x20, 0x45, 0x8A, 0x14, 0x51, 0x5F, 0xB9, 0x70,
    0x11, 0xBB, 0x71, 0x8A, 0x54, 0x81, 0x9E, 0xC8, 0x44, 0x85, 0x8B, 0x14, 0xA1, 0x9C, 0x1E, 0xA6,
    0x1D, 0xF5, 0x21, 0x10, 0x3A, 0xA2, 0x9C, 0x21, 0x6F, 0xF6, 0xDC, 0x03, 0xEE, 0x1B, 0xBD, 0xD5,
    0x2A, 0xFA, 0xD7, 0x93, 0x91, 0x81, 0xF6, 0xDC, 0xD5, 0x2E, 0x1F, 0x39, 0x73, 0xC8, 0x99, 0x39,
    0xE7, 0xCE, 0xAC, 0xB6, 0x50, 0xA0, 0x63, 0xA2, 0x7D, 0x39, 0x73, 0x3A, 0x28, 0x3C, 0x22, 0xD4,
    0x12, 0xA3, 0x63, 0x94, 0x27, 0x8A, 0x99, 0x36, 0x6E, 0x35, 0x65, 0x37, 0x3B, 0xED, 0xCF, 0xE2,
    0x83, 0xEB, 0x5F, 0x33, 0x8A, 0xF6, 0xC0, 0xFD, 0xFC, 0x5E, 0xAC, 0xC2, 0x38, 0x88, 0xC4, 0xD7,
    0xE4, 0xC7, 0xF8, 0x6A, 0x4A, 0xC7, 0x40, 0x9B, 0x95, 0xCA, 0xF6, 0x2F, 0xC7, 0xC5, 0x58, 0xE6,
    0x79, 0x08, 0xCF, 0x95, 0x6B, 0x28, 0xE7, 0xDE, 0xE5, 0x85, 0xAE, 0xF3, 0x5E, 0x4C, 0xF0, 0x03,
    0x12, 0x8D, 0x26, 0x4F, 0x93, 0xA1, 0x1C, 0x11, 0x7A, 0xEB, 0xF1, 0x59, 0xC7, 0x71, 0xA0, 0xB1,
    0x90, 0x57, 0xD9, 0x2A, 0x9C, 0xBD, 0x19, 0x70, 0xB6, 0xEB, 0xAC, 0x36, 0xA7, 0x49, 0xE8, 0x72,
    0xE8, 0xBD, 0x91, 0xCA, 0x0A, 0x61, 0x92, 0x7C, 0xB2, 0x81, 0x5E, 0x6D, 0x76, 0xEE, 0x94, 0x21,
    0x19, 0xE2, 0x51, 0x64, 0xC6, 0x1D, 0xAC, 0xEB, 0x8A, 0x6D, 0x06, 0x95, 0x41, 0x81, 0xAB, 0x80,
    0x74, 0x1C, 0xC4, 0xF9, 0x72, 0x16, 0x37, 0x39, 0x2F, 0x6E, 0xDC, 0x41, 0x0C, 0xB0, 0xA3, 0x23,
    0x55, 0x2F, 0x39, 0xA0, 0x9E, 0x9D, 0x97, 0x76, 0xD8, 0x81, 0xF6, 0x80, 0xCE, 0x20, 0xF7, 0xD2,
    0xF6, 0xA5, 0x97, 0xFA, 0x5B, 0x5D, 0xA5, 0xD0, 0x2F, 0xB4, 0x4F, 0xD7, 0x44, 0xFB, 0x37, 0xE5,
    0xA4, 0x29, 0xAA, 0xB2, 0x71, 0x5F, 0x43, 0x20, 0x61, 0x5E, 0x1F, 0x44, 0x7E, 0x56, 0x05, 0xAA,
    0x57, 0x3B, 0xBC, 0x62, 0xA5, 0x46, 0x7A, 0xD2, 0x17, 0xCE, 0xB3, 0x9D, 0xF3, 0x8A, 0xE4, 0x4D,
    0xDE, 0xB5, 0x92, 0xDE, 0xF1, 0xF6, 0xB9, 0xB4, 0x7B, 0x49, 0xC3, 0x11, 0xCB, 0xAE, 0x49, 0x02,
    0xA5, 0x7C, 0xC8, 0x17, 0x8E, 0xD5, 0x59, 0x1C, 0xC9, 0x85, 0x1B, 0xC9, 0x3A, 0x74, 0x0F, 0x0C,
    0x34, 0xE9, 0xB7, 0xA0, 0x36, 0x56, 0xE3, 0x56, 0x47, 0xE0, 0xDB, 0xE8, 0x60, 0x41, 0xA1, 0xB1,
    0xA3, 0xCB, 0xA3, 0xE5, 0xA3, 0xFF, 0x33, 0xBB, 0x59, 0x51, 0x28, 0xD2, 0x26, 0xD2, 0x33, 0xD2,
    0x40, 0x6A, 0x77, 0x04, 0x7B, 0x60, 0x6B, 0xC8, 0xE3, 0xF9, 0xB7, 0x3C, 0x0F, 0x0D, 0x26, 0xCF,
    0xCF, 0x6B, 0xF1, 0xBA, 0xAC, 0x43, 0x32, 0xC4, 0x93, 0x44, 0x3E, 0x1B, 0x44, 0xDA, 0xBA, 0x11,
    0x29, 0xF4, 0xD8, 0x63, 0x01, 0xAA, 0x16, 0xF6, 0x41, 0xA5, 0x65, 0x34, 0xF7, 0x68, 0x46, 0x52,
    0xBB, 0x43, 0xB0, 0x2F, 0xEC, 0x10, 0x3B, 0x18, 0xF6, 0x92, 0x27, 0xA0, 0xB9, 0x34, 0x6F, 0x99,
    0x8C, 0x78, 0x80, 0xA3, 0xC5, 0xFA, 0x5A, 0xFD, 0xA3, 0x4E, 0x50, 0x81, 0x6A, 0x3F, 0x4B, 0xC7,
    0xBF, 0x3D, 0x30, 0x3A, 0x89, 0x2A, 0x11, 0x73, 0x5F, 0xD1, 0x9B, 0x2F, 0x84, 0x40, 0x78, 0xAA,
    0x08, 0xAF, 0x69, 0x56, 0xB3, 0xA2, 0xD3, 0x94, 0x7A, 0x8E, 0x97, 0xCD, 0x67, 0xD2, 0x66, 0x5E,
    0x95, 0x02, 0x9D, 0xA8, 0x59, 0x50, 0xD9, 0x3B, 0x14, 0xD2, 0x9B, 0x88, 0xBE, 0xA7, 0xB4, 0x1A,
    0xA9, 0x27, 0x4A, 0x06, 0xED, 0x40, 0xFF, 0xF8, 0xE8, 0x88, 0x01, 0x94, 0x6E, 0x73, 0x33, 0x9B,
    0xAA, 0x7F, 0x5F, 0x71, 0x81, 0x3F, 0xEB, 0x60, 0x4E, 0x73, 0x38, 0xE3, 0x69, 0xDC, 0x90, 0x25,
    0x9A, 0x52, 0xF8, 0x2F, 0xEF, 0xC6, 0x0D, 0xF9, 0xC9, 0x41, 0x51, 0x08, 0x1C, 0x25, 0x42, 0xFE,
    0x81, 0x61, 0x79, 0x31, 0x0C, 0xB3, 0x94, 0xEA, 0xF7, 0x78, 0x58, 0xF2, 0xEA, 0x2A, 0xBE, 0xED,
    0x94, 0xC8, 0x4F, 0x9E, 0x3D, 0xF3, 0xD1, 0xC6, 0xFC, 0x5F, 0x8C, 0xF9, 0xCC, 0x98, 0xCF, 0x27,
    0xAB, 0x6F, 0x0F, 0x6C, 0x2B, 0xE6, 0x4C, 0x80, 0xD7, 0x5E, 0x5A, 0xFE, 0x3F, 0x03, 0xC6, 0x2A,
    0x82, 0x4A, 0x03, 0xDD, 0x00, 0x2C, 0xAA, 0x17, 0x7C, 0x17, 0x8E, 0x3F, 0xFF, 0xC9, 0x98, 0xA2,
    0x8A, 0x4B, 0xD1, 0xED, 0xE7, 0xEC, 0x7C, 0xE1, 0x8C, 0xFD, 0x92, 0xDE, 0x85, 0xD7, 0xE5, 0x75,
    0xCB, 0x67, 0x9D, 0xC2, 0xC5, 0xD9, 0x38, 0x13, 0x87, 0xE3, 0xCC, 0x85, 0xBC, 0x0B, 0xA9, 0xA7,
    0xF0, 0x04, 0x4A, 0x5D, 0x01, 0x5D, 0xF7, 0x52, 0xF7, 0x05, 0x4A, 0x95, 0x72, 0x00, 0xBA, 0x11,
    0x18, 0xFB, 0x20, 0x2D, 0x7B, 0x11, 0xEF, 0x42, 0xD4, 0xDE, 0x45, 0x13, 0x9A, 0xB2, 0x6A, 0xC7,
    0x1F, 0x48, 0x3E, 0xBF, 0x66, 0x02, 0x35, 0x5D, 0x45, 0x98, 0x6E, 0xDA, 0x97, 0x2E, 0xB1, 0x57,
    0xDB, 0xA7, 0x6B, 0x3D, 0x64, 0xBE, 0x1C, 0xDD, 0x9C, 0xCF, 0xE5, 0x98, 0x2A, 0xD2, 0x70, 0x77,
    0xC3, 0xDB, 0x31, 0x06, 0x21, 0x9C, 0x57, 0x78, 0x1B, 0x19, 0xB6, 0x0F, 0x8F, 0x15, 0xE7, 0xC3,
    0xD4, 0x66, 0xA1, 0xA1, 0x67, 0xFB, 0x03, 0x55, 0xF2, 0xB7, 0xDA, 0x99, 0x3C, 0xD6, 0x1E, 0x3C,
    0x0F, 0xAD, 0xA9, 0x64, 0x4A, 0x7B, 0xA4, 0x7C, 0x4C, 0x1E, 0xE7, 0x1E, 0xA1, 0x72, 0x08, 0x85,
    0x84, 0x2A, 0xB9, 0xA6, 0x4A, 0x9E, 0xA9, 0x92, 0x27, 0xCA, 0x41, 0x66, 0xDC, 0x93, 0x81, 0x2A,
    0x79, 0x30, 0x0B, 0x99, 0x43, 0xC6, 0x9D, 0x57, 0xC9, 0x82, 0x02, 0x42, 0x08, 0xE7, 0x0A, 0x5A,
    0xC6, 0x56, 0x02, 0xC2, 0x86, 0x42, 0x22, 0xA5, 0xA6, 0x9C, 0xE7, 0x72, 0xA6, 0x68, 0x4E, 0x01,
    0x22, 0x4F, 0xA8, 0x9C, 0x8F, 0xD3, 0x1F, 0x94, 0x74, 0x0A, 0xB9, 0x65, 0xC0, 0x87, 0xC7, 0xE9,
    0x5F, 0xEF, 0xA5, 0xBF, 0x42, 0xB8, 0x4A, 0xFA, 0x67, 0xD2, 0x4F, 0x93, 0x12, 0x8F, 0xF5, 0x78,
    0x66, 0x52, 0xD2, 0xBE, 0x98, 0xAD, 0x33, 0x93, 0xFE, 0xC6, 0xEC, 0x50, 0x51, 0xDD, 0x87, 0xFE,
    0xEB, 0x12, 0x9D, 0x99, 0x94, 0x78, 0x26, 0xFD, 0xD4, 0xCE, 0x29, 0x02, 0x4C, 0xCA, 0xA3, 0xD2,
    0x8F, 0x26, 0x05, 0x84, 0xF2, 0xBF, 0x4F, 0x9F, 0xFE, 0x7F, 0x81, 0xFE, 0x9B, 0x01, 0xFD, 0xA4,
    0x9C, 0xF1, 0x78, 0x71, 0x36, 0x54, 0xC1, 0x5D, 0x33, 0xCA, 0x1D, 0xB5, 0x41, 0x22, 0xFA, 0x87,
    0x1A, 0x0F, 0xC9, 0x5F, 0x15, 0xB4, 0x48, 0x76, 0x93, 0xD1, 0xBD, 0x4F, 0xF2, 0x8B, 0x84, 0xF1,
    0x5D, 0x46, 0xF1, 0x8C, 0xD1, 0x84, 0x2E, 0xDA, 0x48, 0x32, 0x30, 0xA6, 0x36, 0x5C, 0x81, 0x74,
    0xC6, 0x02, 0x74, 0xEF, 0x69, 0xC7, 0x19, 0xF9, 0xF9, 0x6C, 0xF1, 0x52, 0x32, 0x5A, 0xCC, 0xD3,
    0xC1, 0x62, 0x91, 0x8F, 0x66, 0xFB, 0x5B, 0x55, 0x51, 0x16, 0x21, 0x06, 0x3A, 0x2B, 0x08, 0x61,
    0xD9, 0x0D, 0x24, 0x11, 0x98, 0x55, 0xFD, 0x4A, 0x57, 0xC9, 0xA7, 0x52, 0xFF, 0xA8, 0x4D, 0x31,
    0x3A, 0x95, 0xB6, 0xCF, 0x06, 0xB7, 0x4A, 0x3D, 0xC0, 0x18, 0xE3, 0xD6, 0xD2, 0x9A, 0x47, 0x8A,
    0x32, 0xE6, 0x0C, 0x46, 0xB7, 0x90, 0x70, 0x01, 0xE5, 0x0B, 0x42, 0xE7, 0x56, 0x0B, 0xB0, 0xC9,
    0x5D, 0xDB, 0x17, 0xDA, 0xC4, 0x7D, 0x3D, 0xDE, 0xD0, 0x21, 0xEF, 0x0A, 0x9D, 0x4A, 0xD5, 0xEA,
    0x44, 0x9B, 0x13, 0xBD, 0x8D, 0xCB, 0xEB, 0x35, 0x6B, 0xEE, 0x82, 0xBF, 0xCE, 0x94, 0x36, 0xC6,
    0x7A, 0xBE, 0x4A, 0x01, 0x4B, 0x4B, 0x77, 0x6F, 0xD5, 0xC0, 0x73, 0x06, 0x54, 0x62, 0x47, 0x44,
    0xAB, 0x88, 0xC8, 0x97, 0xC1, 0x94, 0x60, 0x04, 0xAD, 0x8D, 0x1A, 0xB8, 0x19, 0xF5, 0xC5, 0x04,
    0xE4, 0xF8, 0x9A, 0xAE, 0xC0, 0x48, 0x6F, 0x1B, 0x71, 0xAA, 0xAB, 0x4D, 0x02, 0x66, 0xE0, 0xB2,
    0x41, 0x3E, 0x58, 0x4B, 0x1C, 0xBB, 0x4E, 0x6E, 0xC9, 0xE7, 0xDF, 0x15, 0x53, 0x86, 0x86, 0x33,
    0xF1, 0x4D, 0xE0, 0x7F, 0x8B, 0x29, 0x5B, 0xC5, 0xF9, 0x7C, 0x73, 0x3B, 0x2D, 0x2C, 0xD4, 0x60,
    0x06, 0xDF, 0xD2, 0x28, 0x00, 0xD5, 0x59, 0x52, 0x74, 0x97, 0x48, 0xF9, 0xF8, 0xEB, 0x50, 0xF7,
    0x52, 0x0E, 0x8A, 0x99, 0x8F, 0x50, 0x49, 0xDD, 0xD5, 0xFD, 0x89, 0x4A, 0x81, 0x83, 0x39, 0x17,
    0xB9, 0x1E, 0x1D, 0x29, 0x9D, 0x70, 0xA6, 0x68, 0x2D, 0x2C, 0x8F, 0xCD, 0x47, 0x61, 0x01, 0xBA,
    0x59, 0xC2, 0x12, 0x10, 0xB8, 0x82, 0x17, 0x2C, 0x05, 0xE1, 0x8D, 0x11, 0x78, 0xD7, 0x08, 0x94,
    0xFF, 0x48, 0x20, 0x91, 0x04, 0x02, 0x5B, 0xA3, 0xD1, 0x08, 0xAC, 0x98, 0xB3, 0x2E, 0x26, 0xE0,
    0x83, 0x09, 0x4C, 0x7A, 0x58, 0xCD, 0xD9, 0xF5, 0xB4, 0x9A, 0x87, 0x19, 0x08, 0xD0, 0x7B, 0xB7,
    0x06, 0xBD, 0xDF, 0x81, 0xDE, 0x09, 0xF4, 0x7A, 0xF0, 0xB9, 0x1E, 0xD2, 0x9B, 0x82, 0x5E, 0xBB,
    0xDE, 0x71, 0x7A, 0x6F, 0x83, 0xDE, 0x55, 0x40, 0x6F, 0xE5, 0xC0, 0x71, 0xDD, 0x49, 0xDB, 0x29,
    0x27, 0x66, 0x40, 0x25, 0x6D, 0x55, 0xF7, 0x29, 0x3A, 0xBC, 0x4E, 0x12, 0x2B, 0xE8, 0x3D, 0xA9,
    0x90, 0xFF, 0x49, 0xC7, 0x74, 0x84, 0x31, 0xCD, 0xBB, 0x3D, 0xBD, 0xC5, 0x02, 0xBC, 0xF4, 0xC9,
    0x81, 0x25, 0x75, 0xEA, 0x89, 0xA9, 0x36, 0x91, 0x9A, 0x48, 0x31, 0x06, 0xE2, 0x19, 0x98, 0x0D,
    0xC0, 0xA2, 0x01, 0xDE, 0x90, 0x1D, 0xC6, 0x33, 0xD0, 0x8D, 0xC0, 0x7A, 0x06, 0xEA, 0x62, 0xA8,
    0xC0, 0x5F, 0x29, 0x8E, 0x4C, 0xB4, 0xC7, 0xF1, 0x3A, 0x02, 0xDB, 0x19, 0x58, 0x2E, 0xC0, 0x5C,
    0x81, 0x0E, 0xB9, 0xF0, 0x26, 0xD1, 0x49, 0x55, 0xD9, 0xDB, 0x30, 0x94, 0xBF, 0x29, 0x97, 0x2C,
    0xD5, 0x59, 0x9A, 0x52, 0x07, 0xAF, 0x09, 0xD7, 0x45, 0x95, 0x37, 0xB6, 0x3B, 0xAB, 0xF3, 0x19,
    0x3A, 0xC3, 0xE4, 0x28, 0x26, 0xEA, 0x37, 0x44, 0x87, 0x07, 0xD6, 0x02, 0xF4, 0xC0, 0x64, 0x04,
    0xBA, 0x0E, 0x58, 0x18, 0xD6, 0x23, 0x50, 0x67, 0xE0, 0x57, 0x0B, 0x30, 0x55, 0x9E, 0xC7, 0x18,
    0xD0, 0x1E, 0xF2, 0xA3, 0x45, 0xD6, 0xA5, 0x29, 0x31, 0xFA, 0x23, 0x1D, 0xBE, 0xC3, 0x48, 0x9B,
    0x0B, 0x93, 0x13, 0x01, 0x89, 0x00, 0xF1, 0x80, 0x78, 0x02, 0x26, 0x63, 0x80, 0xF4, 0x75, 0x1C,
    0x29, 0x8B, 0xF9, 0x99, 0x26, 0x48, 0x40, 0x2D, 0x6B, 0x73, 0x0A, 0xF0, 0x7B, 0x58, 0x23, 0xE3,
    0x8A, 0xA9, 0x92, 0x60, 0x0E, 0xDA, 0x30, 0x2C, 0x2F, 0x11, 0xB3, 0xAF, 0x84, 0xCC, 0x86, 0xD2,
    0x07, 0xF0, 0x9C, 0x72, 0x52, 0x83, 0x4D, 0xB3, 0xA8, 0x01, 0x2B, 0xBC, 0x87, 0x86, 0x79, 0x5D,
    0xAA, 0xE8, 0x68, 0x42, 0x2B, 0x6E, 0x24, 0x93, 0x48, 0xF9, 0x9B, 0x1E, 0xAC, 0x37, 0x94, 0xD6,
    0x12, 0x7D, 0x7A, 0x5E, 0x17, 0x74, 0x7B, 0xA8, 0x5C, 0x23, 0x8B, 0x38, 0x49, 0xA6, 0x1D, 0xB8,
    0x7E, 0x3B, 0xB5, 0xDF, 0x28, 0x70, 0x7A, 0x0D, 0x60, 0x59, 0x25, 0x6D, 0x38, 0x10, 0x9B, 0x68,
    0x05, 0xDB, 0x97, 0x00, 0x25, 0xA0, 0x36, 0x68, 0xA4, 0x1E, 0x6A, 0x34, 0xAB, 0x98, 0x52, 0xAD,
    0x32, 0x05, 0x6F, 0xED, 0xDA, 0x40, 0xEE, 0x4E, 0x22, 0x8B, 0xE9, 0xDC, 0xCF, 0x3B, 0xF6, 0x71,
    0x49, 0x97, 0xF3, 0xB5, 0xDA, 0xC3, 0x8A, 0xE6, 0x7A, 0xD4, 0x6A, 0xDC, 0x41, 0xD6, 0xD1, 0xE3,
    0xD3, 0xDC, 0x44, 0xF3, 0xBE, 0x6A, 0xB8, 0x7F, 0x39, 0x68, 0x7A, 0xB5, 0x65, 0xFD, 0xF0, 0x8D,
    0x36, 0xDB, 0x12, 0x43, 0x08, 0xAF, 0x02, 0x4A, 0x40, 0x5D, 0xC5, 0x5A, 0xD5, 0x9D, 0xDD, 0x1E,
    0xA4, 0x93, 0x21, 0xD2, 0x60, 0x4D, 0xA4, 0x84, 0x7E, 0xEC, 0x6B, 0x49, 0xBE, 0x83, 0x38, 0xA3,
    0x40, 0x3F, 0x48, 0xCB, 0xB6, 0xD0, 0x8A, 0x4F, 0xE9, 0x55, 0x0F, 0xC2, 0xE1, 0xA7, 0x91, 0x72,
    0xE5, 0x9A, 0xC7, 0xE1, 0xC6, 0x89, 0xFF, 0x6E, 0x9C, 0x20, 0x27, 0x56, 0x48, 0x89, 0x15, 0x32,
    0x82, 0xF2, 0xFD, 0xDF, 0x22, 0x21, 0x28, 0xE1, 0xBB, 0x64, 0xFF, 0x4E, 0x0E, 0xDE, 0x7D, 0x5F,
    0xB6, 0x48, 0x6C, 0xB5, 0x8F, 0xC2, 0x74, 0xDF, 0x08, 0x2C, 0x1A, 0xE0, 0x5B, 0x80, 0xA0, 0x9C,
    0xD3, 0xE5, 0x97, 0x43, 0x5D, 0x8E, 0x81, 0x55, 0x64, 0x79, 0x4E, 0xB2, 0x92, 0xDD, 0xCD, 0x4E,
    0x07, 0x65, 0x6B, 0x0B, 0xCC, 0x92, 0x77, 0x17, 0x4A, 0x56, 0x52, 0x26, 0xE2, 0x94, 0xC1, 0x3B,
    0xF4, 0x43, 0xF4, 0xFA, 0xAD, 0xAF, 0x3F, 0xEE, 0x3B, 0xB8, 0x2C, 0x2C, 0x74, 0x05, 0xEF, 0xF8,
    0x6D, 0x3B, 0x09, 0xDF, 0xE1, 0xDF, 0x63, 0xBE, 0x9B, 0xD8, 0x35, 0x2B, 0x88, 0x05, 0xBB, 0x3F,
    0x8D, 0x64, 0x2B, 0x3A, 0xBD, 0xAA, 0x82, 0x82, 0x55, 0xEC, 0x9D, 0x5C, 0xC6, 0xD3, 0xD0, 0xFA,
    0x13, 0xED, 0xA5, 0x5D, 0x0A, 0x5D, 0x24, 0x5B, 0x4E, 0x31, 0x7A, 0x72, 0x21, 0xDB, 0xB6, 0x1A,
    0x02, 0xEB, 0x01, 0xE7, 0x02, 0xE3, 0x44, 0xB9, 0x07, 0x6B, 0xE2, 0xC0, 0x11, 0x04, 0x68, 0x6D,
    0x89, 0x6C, 0x20, 0xE1, 0xBF, 0x74, 0xDD, 0x3F, 0x11, 0xAC, 0x63, 0x64, 0x83, 0x44, 0x4E, 0x09,
    0x3D, 0x00, 0xEF, 0x3E, 0x40, 0xD0, 0xA6, 0x40, 0xCE, 0xD5, 0x10, 0x9F, 0x7B, 0x94, 0xF8, 0xB3,
    0x7B, 0x56, 0x84, 0xEB, 0x4E, 0xCE, 0x7A, 0x00, 0x94, 0xBC, 0x95, 0x9F, 0xCA, 0xF9, 0x82, 0xA6,
    0x33, 0x7D, 0x81, 0xC0, 0xFD, 0x18, 0xDB, 0x66, 0x8C, 0x44, 0x3D, 0xC3, 0x6A, 0x81, 0x7B, 0x30,
    0xB8, 0x01, 0x83, 0xBB, 0x2F, 0x10, 0xEA, 0xC9, 0x42, 0xE1, 0x2D, 0x38, 0x45, 0xE0, 0xAE, 0x01,
    0x6E, 0xB7, 0xD8, 0xF6, 0x5A, 0x70, 0xA3, 0x05, 0xE7, 0x21, 0x0B, 0x19, 0x43, 0xC2, 0x20, 0x3A,
    0x6E, 0x3B, 0x2B, 0x50, 0x97, 0x82, 0x01, 0xD5, 0x2F, 0xAC, 0x79, 0xD9, 0x12, 0xA4, 0x64, 0xCB,
    0x8E, 0xDD, 0xE2, 0x3E, 0x2B, 0xF9, 0x62, 0xEB, 0xF8, 0xC2, 0x55, 0x7C, 0xAE, 0xE1, 0x73, 0x05,
    0x1F, 0x29, 0x47, 0xC3, 0xC7, 0x48, 0x57, 0x72, 0xAD, 0x9E, 0x2B, 0xF4, 0x44, 0x11, 0xF9, 0xDF,
    0x4F, 0xC2, 0xBD, 0x1C, 0x34, 0x27, 0xD1, 0x02, 0x64, 0x97, 0x63, 0x39, 0x13, 0x2E, 0xB9, 0x56,
    0x08, 0x57, 0xB2, 0x0E, 0xE1, 0x9D, 0x24, 0x0C, 0xF9, 0xE7, 0x15, 0x6F, 0x6B, 0x78, 0xE4, 0xFF,
    0x6B, 0x63, 0x87, 0x70, 0x9C, 0xB9, 0xCE, 0x01, 0x68, 0xB6, 0x4E, 0x13, 0x8F, 0x76, 0x59, 0xDB,
    0xDE, 0x8B, 0xAC, 0x16, 0x93, 0x44, 0x9D, 0x91, 0x94, 0x37, 0x49, 0xB0, 0xD8, 0x5E, 0xAB, 0xE2,
    0x34, 0xA7, 0x1C, 0x5F, 0xBC, 0x8D, 0x63, 0xF1, 0xC4, 0xD9, 0x89, 0x79, 0x2C, 0x77, 0xFF, 0x3C,
    0x16, 0x9A, 0xC7, 0xA1, 0x4F, 0x2B, 0x5A, 0x06, 0x89, 0x2B, 0xC0, 0xCC, 0x1A, 0xB2, 0x25, 0x68,
    0x80, 0x01, 0xFE, 0xDB, 0xA0, 0x05, 0xC1, 0xD3, 0x46, 0xBF, 0x9F, 0xE1, 0xA9, 0xCE, 0x7D, 0x31,
    0x4B, 0x3E, 0x81, 0xCB, 0xC7, 0x4D, 0x6B, 0xDD, 0xD9, 0xA7, 0xB5, 0xB6, 0xBD, 0x32, 0x6F, 0x7F,
    0x0C, 0x84, 0xC8, 0x02, 0xA2, 0x97, 0x91, 0x7D, 0xF2, 0x2D, 0x6E, 0x60, 0xBC, 0xF4, 0xFD, 0x4A,
    0x77, 0xA5, 0x1A, 0x26, 0x42, 0x8B, 0x21, 0x58, 0xA4, 0x10, 0x2F, 0x17, 0x2C, 0xF9, 0xC5, 0x19,
    0x13, 0xDD, 0x6E, 0xDF, 0x11, 0xDC, 0x48, 0x2F, 0x02, 0x7C, 0x13, 0x00, 0x32, 0x0D, 0x3F, 0xC4,
    0xF0, 0x75, 0xF7, 0xF7, 0xF6, 0xD0, 0x8E, 0xB8, 0x9D, 0x1F, 0x78, 0xFC, 0x8D, 0x5B, 0x91, 0x13,
    0xCA, 0x31, 0xA5, 0x42, 0xD3, 0x94, 0x83, 0x5C, 0x35, 0xA3, 0xE7, 0x61, 0xF4, 0xE2, 0x11, 0xB6,
    0x2E, 0x19, 0x80, 0x59, 0x07, 0xCC, 0x2B, 0x60, 0x69, 0x46, 0xEF, 0xAA, 0x21, 0x9A, 0xD5, 0x7E,
    0x33, 0xC2, 0x6C, 0xFC, 0x6D, 0xC0, 0xE3, 0xA4, 0x9D, 0x55, 0xBE, 0x82, 0xD1, 0x53, 0xCE, 0xFB,
    0x3D, 0x7A, 0x92, 0xC9, 0xC5, 0xE8, 0x9F, 0x18, 0x80, 0xD9, 0x2F, 0x39, 0xFA, 0x70, 0xA2, 0x32,
    0xA3, 0xB0, 0x9C, 0xEB, 0xDD, 0x6F, 0xC0, 0xC8, 0x7D, 0xC8, 0x84, 0x81, 0x5B, 0xB2, 0xBD, 0x91,
    0x4B, 0x61, 0xE4, 0x1C, 0x8C, 0xDC, 0x15, 0x38, 0xB7, 0x9F, 0x03, 0xC6, 0x1D, 0xFC, 0x69, 0xD8,
    0xC1, 0x17, 0xDD, 0x0E, 0xBE, 0xAA, 0xB4, 0x6B, 0x57, 0x18, 0x39, 0x0F, 0x23, 0x37, 0x6D, 0x46,
    0x2E, 0x35, 0x4F, 0xF8, 0xF9, 0x5A, 0x49, 0x2E, 0x28, 0xFA, 0xEB, 0x19, 0xA1, 0xBC, 0x49, 0x45,
    0x33, 0x70, 0x2E, 0x98, 0xCA, 0x0A, 0xD1, 0x67, 0xDD, 0x4B, 0xB7, 0x8F, 0xA7, 0x45, 0x4B, 0xCA,
    0x5B, 0x0B, 0x9E, 0x84, 0x1A, 0x23, 0x4B, 0x81, 0xF1, 0x29, 0xEB, 0x9F, 0xCB, 0x3E, 0x1E, 0x91,
    0x8C, 0xE6, 0xA0, 0x26, 0x1F, 0xF4, 0x07, 0xF1, 0x9C, 0x1A, 0x03, 0x63, 0x3C, 0x3E, 0x15, 0x3A,
    0xC7, 0x80, 0xCE, 0xAE, 0x98, 0x03, 0x3A, 0x2B, 0xEB, 0x40, 0xB9, 0xDC, 0x8F, 0x4E, 0xDA, 0xD0,
    0x89, 0x74, 0xD2, 0x4F, 0x92, 0xCE, 0x60, 0xC1, 0xE7, 0x90, 0x4E, 0xC9, 0x66, 0x61, 0x73, 0xF0,
    0x05, 0x9B, 0x92, 0x0C, 0x6C, 0xC8, 0xB3, 0x59, 0x5D, 0x08, 0xE8, 0xCC, 0x47, 0x85, 0x5E, 0xAD,
    0x1B, 0x89, 0x7D, 0xDE, 0x8B, 0xDC, 0xC0, 0x8D, 0xCF, 0xDF, 0x9B, 0xEF, 0xCD, 0x2F, 0xEA, 0xDC,
    0x02, 0xE0, 0xA1, 0x66, 0xA8, 0x21, 0x80, 0x18, 0x4C, 0x00, 0x39, 0x00, 0xD5, 0x0D, 0x44, 0x8E,
    0xC2, 0xFF, 0x01, 0xAE, 0x18, 0x60, 0x48, 0x5C, 0x71, 0x8D, 0x55, 0x01, 0xE5, 0x97, 0x8A, 0x87,
    0xAB, 0xAD, 0xF0, 0x70, 0x75, 0x22, 0x4B, 0x06, 0xFE, 0xE2, 0x49, 0x82, 0x72, 0x19, 0x77, 0x4E,
    0x15, 0xC3, 0x6F, 0xBA, 0x4A, 0x86, 0x3E, 0xE8, 0xE6, 0x48, 0x9B, 0x62, 0xB2, 0x5C, 0x12, 0x40,
    0x75, 0x03, 0x90, 0x49, 0x98, 0xB6, 0xBC, 0x0E, 0xB4, 0x81, 0xC0, 0x96, 0x54, 0x89, 0x36, 0xB5,
    0x48, 0x0B, 0x1B, 0x91, 0x41, 0x43, 0xC6, 0xC8, 0xC1, 0xE4, 0x96, 0x64, 0xD2, 0x49, 0xE4, 0x14,
    0x3D, 0x63, 0x96, 0x0F, 0x5F, 0x2C, 0x25, 0x78, 0xEC, 0xF7, 0x4F, 0x09, 0x14, 0x00, 0xB2, 0xBA,
    0xFD, 0xF9, 0xA7, 0x44, 0xB6, 0x4E, 0x97, 0xCF, 0x52, 0x8C, 0xD9, 0x82, 0x81, 0x6C, 0xA5, 0x90,
    0xD5, 0x0E, 0xA0, 0x4A, 0x08, 0x73, 0x25, 0xBD, 0xCD, 0x0F, 0x64, 0xE8, 0x7F, 0x40, 0xCE, 0x1B,
    0xE2, 0xD6, 0xF7, 0x4E, 0x25, 0x56, 0x34, 0xBF, 0x80, 0x4E, 0xFE, 0x72, 0x15, 0x37, 0x6A, 0x95,
    0xCC, 0x65, 0x27, 0xDE, 0x0D, 0xB8, 0x17, 0x21, 0x19, 0xF6, 0xCA, 0x68, 0x9B, 0x9F, 0xF4, 0x85,
    0xF3, 0x6C, 0xE7, 0x6C, 0x6F, 0x2E, 0x52, 0xDC, 0x52, 0x8C, 0x33, 0x4D, 0x3C, 0xE7, 0x9D, 0x9C,
    0x26, 0xE3, 0x39, 0xE1, 0x4B, 0xC5, 0x92, 0x3E, 0xC2, 0xF9, 0x53, 0xA5, 0xFC, 0x56, 0xF5, 0x78,
    0xC5, 0x6B, 0x95, 0x6B, 0x5F, 0xEA, 0xB4, 0xBB, 0xCF, 0x33, 0x74, 0x02, 0x8A, 0x5A, 0xC9, 0x8C,
    0xB3, 0x47, 0xFC, 0x87, 0xFA, 0xAB, 0x95, 0x13, 0x9C, 0x79, 0xA8, 0x75, 0xF2, 0xB1, 0x1F, 0xCF,
    0xCE, 0x2C, 0xE0, 0xEA, 0xA1, 0x4E, 0x55, 0xD9, 0xA9, 0xBC, 0xAA, 0x4F, 0x3C, 0x46, 0xF8, 0x68,
    0x75, 0xA0, 0xBD, 0x7E, 0xDF, 0x9B, 0xBF, 0xC4, 0x08, 0x94, 0x0E, 0x85, 0xB0, 0x5C, 0xD0, 0x7C,
    0x6B, 0xFB, 0x85, 0x17, 0x29, 0x6E, 0xAD, 0xD6, 0x9F, 0x45, 0xEC, 0x2E, 0xCA, 0xF5, 0xB4, 0x7F,
    0x2E, 0x99, 0xD4, 0x4D, 0x5D, 0xA9, 0x67, 0x17, 0x24, 0x61, 0x50, 0xB9, 0x9D, 0xEB, 0x30, 0x98,
    0xA7, 0xDD, 0x05, 0xA5, 0xED, 0xF8, 0xA4, 0xF0, 0x1C, 0x68, 0x73, 0xA3, 0x65, 0x92, 0xE7, 0xB2,
    0x87, 0x60, 0x32, 0xB9, 0x57, 0x27, 0x33, 0x37, 0x01, 0x1D, 0xFE, 0xEE, 0xCB, 0x10, 0x8E, 0x8D,
    0x29, 0x4B, 0x9C, 0x0D, 0x98, 0x1E, 0x3C, 0xD0, 0xE9, 0x81, 0x7D, 0xAE, 0x27, 0xA1, 0xD8, 0x06,
    0x72, 0xA5, 0x86, 0x6B, 0x4F, 0x5D, 0xB0, 0xF6, 0x34, 0x01, 0x4B, 0x0F, 0x2C, 0xF8, 0xB7, 0xE8,
    0x18, 0x4D, 0xAA, 0x3D, 0x7A, 0xAF, 0xCE, 0x3B, 0x94, 0x62, 0xAE, 0x21, 0x4A, 0x8A, 0x61, 0xB5,
    0xD9, 0xAC, 0xC2, 0x6C, 0xD6, 0x89, 0x7C, 0x94, 0x0E, 0x61, 0x65, 0x7D, 0xB6, 0x88, 0x2E, 0xA5,
    0x8A, 0x5B, 0x5B, 0xAD, 0x52, 0xFD, 0x06, 0xD9, 0x81, 0xCE, 0x7A, 0x1A, 0x55, 0xFC, 0xC3, 0x40,
    0x0A, 0x70, 0x9C, 0x7C, 0x3C, 0x81, 0x3F, 0x66, 0xC1, 0x57, 0x93, 0x7D, 0xC7, 0x3D, 0x09, 0x1F,
    0x99, 0x2C, 0xCE, 0x9F, 0x27, 0x61, 0xC3, 0x23, 0x10, 0x26, 0x97, 0x67, 0xD4, 0x5B, 0x2B, 0x89,
    0x14, 0x7F, 0x6E, 0x13, 0xCA, 0x90, 0x8C, 0x0F, 0x22, 0xEC, 0xEB, 0xA7, 0x46, 0x98, 0xFE, 0x12,
    0x58, 0x62, 0x5C, 0xA0, 0x8A, 0x94, 0xC4, 0xE7, 0x8D, 0x40, 0x80, 0x70, 0x68, 0xB8, 0xA8, 0xDB,
    0x6E, 0xDD, 0x84, 0x44, 0x41, 0xEA, 0x0B, 0xF4, 0x8D, 0x35, 0x33, 0x4D, 0xF1, 0x43, 0x9A, 0xF7,
    0xAB, 0x2F, 0x72, 0xDB, 0x6D, 0x36, 0x9F, 0x89, 0x62, 0xB3, 0xFF, 0xB1, 0xAD, 0xBE, 0x24, 0x13,
    0xC6, 0x8C, 0xF8, 0x63, 0xF9, 0xF8, 0x62, 0xF2, 0x09, 0x64, 0xD7, 0x61, 0x56, 0x62, 0x31, 0x67,
    0x59, 0x00, 0xC5, 0xBD, 0x20, 0x3E, 0x33, 0xA0, 0x5E, 0x43, 0xBF, 0x98, 0x25, 0x9B, 0xB3, 0x55,
    0xF2, 0x3E, 0x52, 0xE4, 0xAC, 0x0C, 0x4E, 0xA5, 0xEC, 0xF7, 0x4A, 0x12, 0x7C, 0x3B, 0x34, 0x26,
    0xB1, 0x2C, 0x4D, 0x8B, 0xB7, 0x99, 0xAE, 0xDB, 0xAD, 0xC0, 0x7A, 0x3C, 0x06, 0xFB, 0x02, 0x29,
    0xAF, 0xDA, 0xA0, 0x92, 0xB2, 0x41, 0xBA, 0x56, 0xCA, 0x19, 0xD6, 0x58, 0x75, 0x24, 0x11, 0xE7,
    0x8B, 0x1B, 0xB7, 0x0C, 0x08, 0xB7, 0x92, 0xD2, 0x65, 0x83, 0x2F, 0x58, 0x69, 0xAC, 0x68, 0xD5,
    0x9D, 0x4A, 0xDE, 0xA9, 0xB8, 0x4A, 0x9B, 0x57, 0x44, 0x6D, 0x02, 0x19, 0xA4, 0xD0, 0x55, 0x52,
    0xCB, 0xC0, 0xD9, 0x3A, 0xD7, 0xF8, 0x8E, 0xE4, 0x23, 0xCC, 0xD7, 0x2A, 0x6E, 0x68, 0x9B, 0x1A,
    0x82, 0x58, 0xE8, 0xEC, 0x83, 0x52, 0xA3, 0xEE, 0x22, 0x82, 0x8A, 0xCF, 0x42, 0xF3, 0x62, 0x83,
    0x14, 0xF1, 0x06, 0xE6, 0xAB, 0xE1, 0x3A, 0x34, 0x64, 0x80, 0xF1, 0xF0, 0xDA, 0x0E, 0xA5, 0x12,
    0xA0, 0x3C, 0x0D, 0xA4, 0x97, 0x53, 0xEB, 0x54, 0x68, 0x02, 0xF1, 0x7E, 0x85, 0xD9, 0x87, 0x1A,
    0x20, 0xA7, 0x86, 0x33, 0x00, 0x15, 0x37, 0xAE, 0x5A, 0x0C, 0x3B, 0x6A, 0xE5, 0x21, 0x65, 0x5B,
    0xAC, 0xBF, 0x10, 0x55, 0x29, 0xBE, 0x0B, 0x2E, 0xD2, 0x49, 0x59, 0x49, 0x6D, 0xD9, 0xA3, 0x89,
    0x77, 0x29, 0xC7, 0xFD, 0xAA, 0xA7, 0x1C, 0x96, 0x2A, 0x53, 0xB1, 0xB4, 0x70, 0x5B, 0x61, 0xA4,
    0x05, 0x88, 0x18, 0x64, 0x0B, 0x4D, 0x06, 0xB2, 0x12, 0x20, 0x12, 0xC4, 0xB6, 0x93, 0x08, 0xBD,
    0x23, 0x7A, 0xC5, 0xE1, 0x82, 0x25, 0x81, 0x39, 0x30, 0x1E, 0x42, 0x87, 0xC9, 0xB3, 0x50, 0xDB,
    0x5F, 0x46, 0x47, 0x6F, 0xD1, 0xD0, 0x4F, 0xC5, 0x88, 0xBA, 0x2D, 0x85, 0x6A, 0xD5, 0xDE, 0xD2,
    0x4E, 0xAB, 0x7A, 0x54, 0xE8, 0x8C, 0xDD, 0xEB, 0x64, 0xFF, 0xFB, 0x90, 0xB6, 0xC3, 0x82, 0x08,
    0xAA, 0x12, 0xE1, 0x99, 0xA4, 0x5E, 0x81, 0xC1, 0x9B, 0x69, 0x1C, 0xF1, 0xCA, 0x3D, 0xEB, 0x5A,
    0x4E, 0xC2, 0x09, 0xA4, 0x91, 0x0F, 0x16, 0xBB, 0x14, 0x66, 0x2A, 0x7A, 0x6D, 0xA6, 0x0E, 0x7F,
    0x62, 0x79, 0x8B, 0xD4, 0x28, 0x5E, 0x8A, 0xF0, 0x47, 0x49, 0xF9, 0xD1, 0x1F, 0x25, 0xA9, 0x7A,
    0xB3, 0xBA, 0x0C, 0xC8, 0xDD, 0xB7, 0xDB, 0x92, 0xDB, 0x23, 0x05, 0x55, 0x0D, 0x02, 0x3E, 0x7C,
    0xF4, 0xC0, 0xAB, 0x9F, 0xAB, 0x92, 0xBC, 0x25, 0x27, 0xF6, 0x33, 0x0A, 0x93, 0x85, 0xC3, 0x0D,
    0xB4, 0x31, 0xFC, 0xDD, 0x4C, 0x3B, 0x9C, 0x8D, 0x3F, 0x67, 0x98, 0x19, 0x26, 0x47, 0x31, 0x35,
    0x69, 0x56, 0x80, 0xCF, 0x67, 0x91, 0xC7, 0x46, 0xD5, 0x3B, 0xE2, 0xBF, 0x01, 0x8D, 0x94, 0x01,
    0x84, 0x1D, 0xC1, 0x19, 0xC7, 0x7F, 0xEF, 0x6D, 0x9A, 0x4D, 0xBB, 0x71, 0x13, 0x1C, 0x12, 0x49,
    0x3B, 0x50, 0x44, 0xE5, 0xCC, 0x21, 0x08, 0xDE, 0xDD, 0x6C, 0x13, 0x40, 0x21, 0x08, 0x28, 0x34,
    0x08, 0x50, 0x1C, 0xC0, 0xE1, 0xDD, 0xED, 0x0A, 0x14, 0x25, 0x0A, 0x00, 0x88, 0xB6, 0x85, 0x42,
    0x8E, 0x16, 0x87, 0x77, 0xB7, 0x93, 0x06, 0x05, 0x58, 0x0D, 0x2D, 0xC0, 0x6A, 0x0B, 0x44, 0x75,
    0xCA, 0x70, 0x1B, 0xF6, 0xBD, 0xAF, 0xB3, 0x6F, 0xEF, 0xDD, 0xBD, 0x5E, 0xEF, 0xC8, 0xFC, 0xBF,
    0xF9, 0xFB, 0xE6, 0xDB, 0xFF, 0xFB, 0xE6, 0x33, 0xF3, 0xBD, 0xB1, 0x1E, 0xD5, 0x91, 0x2C, 0xA0,
    0xCA, 0x51, 0x2E, 0x91, 0x3C, 0x9B, 0xA3, 0x03, 0xB6, 0xE4, 0x04, 0x46, 0xE2, 0x48, 0xA4, 0x41,
    0x9D, 0x05, 0x4C, 0x39, 0xE7, 0x00, 0x43, 0x16, 0xC6, 0xA5, 0x5D, 0x64, 0xAE, 0x12, 0x29, 0x5B,
    0x23, 0xBC, 0x4F, 0x5B, 0x00, 0x11, 0x1F, 0x6D, 0xF0, 0x86, 0x11, 0x98, 0x9E, 0x8C, 0xDA, 0x42,
    0x82, 0x96, 0xFA, 0xF6, 0x22, 0xB7, 0xB9, 0xB8, 0x1E, 0x36, 0x3F, 0x18, 0x05, 0x49, 0xBA, 0x68,
    0xD1, 0x01, 0x13, 0x64, 0xEE, 0x0B, 0x2C, 0xA7, 0x69, 0x48, 0x5D, 0xEA, 0x40, 0x87, 0x62, 0xDE,
    0x1A, 0xAF, 0x5A, 0x53, 0xCC, 0x75, 0x48, 0x3A, 0xDB, 0x64, 0xA1, 0x28, 0x75, 0xBD, 0xC0, 0x3E,
    0x6F, 0x39, 0x49, 0x1A, 0x76, 0xD1, 0xB9, 0x76, 0xA7, 0xA4, 0x67, 0x2D, 0x63, 0xF1, 0x20, 0x8E,
    0x6E, 0x18, 0xF6, 0x12, 0xC5, 0xA7, 0x39, 0xA6, 0x11, 0x32, 0x5F, 0x94, 0xE3, 0x4E, 0x39, 0x0E,
    0x12, 0x3F, 0x9A, 0x93, 0x48, 0x6F, 0xD1, 0x09, 0x4C, 0x67, 0x1C, 0x17, 0xE3, 0xBE, 0xC0, 0xF1,
    0x82, 0x68, 0xD1, 0x89, 0xF5, 0xC6, 0xAA, 0xE3, 0x27, 0xE0, 0x28, 0xF5, 0x86, 0x09, 0x33, 0x84,
    0xBE, 0xF2, 0xCA, 0x99, 0x5C, 0x97, 0xB6, 0xB1, 0xDE, 0x78, 0xE5, 0x13, 0x9F, 0xD4, 0x99, 0x3B,
    0xE4, 0x0D, 0x60, 0xF2, 0xCA, 0x49, 0x0F, 0x66, 0x4C, 0xE2, 0x2A, 0xF5, 0x1C, 0xC1, 0xF5, 0xDA,
    0x1F, 0xBD, 0xC7, 0xB4, 0x64, 0x1D, 0x63, 0x81, 0x22, 0x27, 0x73, 0xFC, 0xBE, 0x1C, 0x4B, 0x99,
    0x2C, 0x50, 0x2D, 0xBA, 0x66, 0x17, 0xF0, 0xF8, 0x2A, 0x82, 0x88, 0x68, 0xCB, 0xDD, 0x3D, 0xE7,
    0xA7, 0xEB, 0xA2, 0xA1, 0xAE, 0x9A, 0x76, 0xD6, 0x5B, 0x9F, 0xF9, 0xC4, 0x67, 0x75, 0x91, 0xBF,
    0x02, 0x5D, 0x04, 0xDF, 0x16, 0x5A, 0xD1, 0x43, 0xBC, 0x78, 0x96, 0xAC, 0x58, 0x61, 0xB5, 0x02,
    0xE9, 0xA4, 0x63, 0x72, 0x8E, 0x59, 0xD1, 0x15, 0xC1, 0xD4, 0x9E, 0x01, 0x2D, 0x55, 0xB0, 0x41,
    0x37, 0x37, 0x5D, 0x5F, 0x7F, 0x59, 0x41, 0xAF, 0x2E, 0x4B, 0xD7, 0x26, 0x2A, 0x76, 0x99, 0x91,
    0xB8, 0xB4, 0x4E, 0xE7, 0x14, 0x58, 0xAA, 0x6A, 0x5E, 0x34, 0x59, 0x6D, 0x39, 0xA1, 0x8B, 0x58,
    0x8C, 0x0A, 0xC9, 0x16, 0xDD, 0x72, 0x5C, 0xB4, 0x4B, 0x8B, 0xF1, 0xA8, 0x68, 0xDB, 0x77, 0xEF,
    0x3E, 0xDD, 0x7A, 0x62, 0xA5, 0x55, 0x9F, 0xFD, 0x1B, 0x1E, 0x1C, 0x72, 0x6A, 0xDE, 0xB6, 0x4A,
    0x7C, 0x22, 0x6E, 0x24, 0xCB, 0x73, 0x92, 0x5A, 0x7D, 0xF1, 0xF6, 0xC7, 0x5D, 0x87, 0xFD, 0xDF,
    0x16, 0xBB, 0x7A, 0x83, 0xDF, 0xD2, 0xA9, 0x7E, 0x7D, 0x02, 0xAC, 0xC7, 0x6F, 0x48, 0xD0, 0x7F,
    0x77, 0xFD, 0x5C, 0xA9, 0x07, 0x7D, 0xCF, 0x30, 0x02, 0xB2, 0x12, 0x2A, 0x47, 0x3A, 0x87, 0xA2,
    0x21, 0x59, 0x80, 0xF1, 0x60, 0x73, 0xB8, 0xC3, 0x6A, 0x24, 0x0E, 0x32, 0x07, 0x2A, 0x07, 0x0D,
    0xEC, 0x02, 0x13, 0x60, 0x06, 0x04, 0x18, 0x79, 0x48, 0x9A, 0xEB, 0x65, 0xD3, 0x4B, 0xD9, 0xF8,
    0x5C, 0x96, 0xAE, 0xC9, 0xCC, 0x9A, 0xAC, 0x05, 0x36, 0x01, 0x08, 0xCC, 0xD1, 0x28, 0x0C, 0x73,
    0x02, 0xC3, 0x59, 0xB7, 0x18, 0x59, 0x1B, 0x43, 0x70, 0xF0, 0x81, 0xEC, 0x1F, 0xDE, 0x48, 0xFB,
    0x6C, 0xEB, 0xC9, 0xF6, 0xA3, 0xBB, 0xF7, 0x6E, 0xDD, 0x82, 0xFB, 0x8F, 0x77, 0x67, 0xCA, 0x67,
    0x8D, 0x69, 0x9F, 0x3C, 0x03, 0xCD, 0x09, 0x9E, 0xC0, 0x8C, 0x5D, 0x54, 0xC4, 0x21, 0xC7, 0xDC,
    0x74, 0x90, 0x36, 0xA0, 0x3A, 0xC6, 0x8B, 0xF3, 0x86, 0x1F, 0x89, 0x4B, 0x84, 0x6C, 0xD5, 0xED,
    0xD7, 0x1D, 0xB3, 0x2E, 0xFB, 0x76, 0x4E, 0x7D, 0xD2, 0xD8, 0x72, 0x13, 0x74, 0x0E, 0xC6, 0x71,
    0x60, 0x7F, 0x96, 0x8B, 0xB5, 0x4E, 0x76, 0xAC, 0x3B, 0x98, 0xC4, 0xE0, 0x0F, 0x41, 0xDC, 0x12,
    0x75, 0x15, 0x4C, 0xF3, 0xFF, 0xED, 0x74, 0x53, 0x45, 0xEB, 0xEF, 0x04, 0xAC, 0xFE, 0x6B, 0x0C,
    0xBA, 0xA4, 0x24, 0xFB, 0xF2, 0x27, 0x67, 0xE5, 0x85, 0x2B, 0x62, 0x4D, 0xA1, 0x10, 0x7C, 0xD5,
    0x42, 0x00, 0xEE, 0x01, 0x45, 0x0E, 0xE2, 0x86, 0x19, 0xFD, 0xEC, 0x6B, 0xEA, 0x6C, 0xD4, 0x45,
    0x2D, 0xED, 0xC3, 0x16, 0xCF, 0x35, 0x9A, 0xEB, 0x5B, 0xE9, 0xDA, 0x78, 0x3C, 0xEB, 0x47, 0x19,
    0x95, 0xB8, 0x42, 0x5C, 0x74, 0xE2, 0x12, 0xB2, 0xDC, 0x34, 0x7B, 0x8D, 0x72, 0x03, 0x00, 0x40,
    0x6A, 0xEB, 0x95, 0x0C, 0xEC, 0x01, 0xD4, 0x8A, 0x93, 0x12, 0xF5, 0x9E, 0x3F, 0xBC, 0xE3, 0x7B,
    0x6C, 0x1C, 0x6D, 0x1C, 0xC1, 0x06, 0x44, 0x5E, 0x39, 0x91, 0xCF, 0x95, 0x0D, 0x64, 0x2B, 0x1E,
    0x22, 0xFD, 0x57, 0x45, 0xCF, 0x97, 0xE2, 0xC8, 0xBF, 0xEA, 0xB3, 0x7D, 0xD7, 0xF7, 0xAC, 0xD6,
    0xF7, 0x5A, 0xAF, 0xC1, 0xD1, 0x62, 0xEA, 0xD4, 0x9B, 0xE6, 0x2B, 0x35, 0xE8, 0xA2, 0xED, 0x1F,
    0xA0, 0xF8, 0xF4, 0x1B, 0x69, 0x0E, 0xC7, 0xA1, 0x65, 0xF6, 0xDB, 0x57, 0x8F, 0xC7, 0x72, 0xF9,
    0x00, 0xC3, 0x64, 0xA2, 0x43, 0xD6, 0x28, 0xBF, 0x33, 0xDD, 0xDC, 0x64, 0x7B, 0xEC, 0xAB, 0x72,
    0x4E, 0x55, 0xDE, 0xF6, 0x6C, 0x2F, 0x93, 0x35, 0xAB, 0x64, 0xAF, 0x79, 0xC0, 0x21, 0x16, 0x1D,
    0x2C, 0x49, 0x5B, 0xE5, 0x3A, 0x9C, 0xB9, 0xC3, 0xD1, 0xDF, 0xEB, 0xD7, 0x89, 0xF3, 0x57, 0x7B,
    0xFB, 0xF2, 0xA5, 0xC2, 0xF3, 0xE8, 0x37, 0xB9, 0xF9, 0x50, 0x8E, 0x5B, 0x22, 0xDF, 0xFF, 0x75,
    0x1F, 0xD1, 0x7F, 0x0E, 0x85, 0xCC, 0xC3, 0xC1, 0x0F, 0xFC, 0x44, 0x45, 0x8E, 0x7E, 0x8C, 0x6C,
    0xF0, 0x7D, 0x4C, 0x67, 0x5B, 0x9E, 0x72, 0x34, 0x05, 0x48, 0x6A, 0x03, 0xA0, 0xCA, 0xAC, 0x01,
    0x4E, 0x19, 0x2D, 0x5E, 0xF2, 0xF3, 0x00, 0x46, 0x44, 0x4A, 0x18, 0x55, 0xF2, 0x4F, 0xF8, 0x76,
    0x25, 0x00, 0x72, 0x31, 0xAE, 0x2C, 0x47, 0xF2, 0x15, 0xD8, 0xC9, 0x44, 0x16, 0x39, 0x33, 0x33,
    0x74, 0xF0, 0x6E, 0xFF, 0x53, 0x69, 0xA6, 0x30, 0xFA, 0x10, 0xC3, 0xFC, 0x54, 0x7E, 0x07, 0x3C,
    0x14, 0xE9, 0xF3, 0x0D, 0x59, 0xD2, 0xB8, 0xD5, 0x77, 0xAA, 0x5A, 0xD7, 0x40, 0x1A, 0x76, 0x00,
    0x98, 0x01, 0xE4, 0x00, 0x47, 0xBD, 0xA6, 0x5B, 0xD2, 0x72, 0x09, 0x90, 0x9B, 0xB0, 0x3F, 0x65,
    0x62, 0xBA, 0x30, 0x09, 0xD3, 0xC2, 0xEA, 0x66, 0x7F, 0xDF, 0x4F, 0xA4, 0xF3, 0xEC, 0xDF, 0xD1,
    0x01, 0x54, 0x04, 0x58, 0xD4, 0x0A, 0xB9, 0xAD, 0x75, 0xD8, 0xDF, 0xEA, 0x1F, 0xF8, 0xA0, 0xF7,
    0xB7, 0x74, 0xB0, 0xDA, 0xA9, 0xD4, 0xA9, 0x64, 0x65, 0x3F, 0x71, 0xE9, 0x99, 0x37, 0xCD, 0xF1,
    0x1F, 0xFD, 0x4B, 0x4F, 0xE0, 0x78, 0xD3, 0x34, 0xA3, 0x0E, 0x26, 0xBD, 0x99, 0x29, 0xC7, 0x33,
    0xFC, 0xE4, 0xDC, 0x8E, 0x0F, 0x30, 0x7B, 0x79, 0x01, 0x6A, 0xB0, 0x22, 0x57, 0xBF, 0x5C, 0xCB,
    0xF4, 0xC2, 0xD9, 0xCF, 0xDE, 0x16, 0x7B, 0x4E, 0xFD, 0xE2, 0x2F, 0x8D, 0x4A, 0x3E, 0xFA, 0x8B,
    0xF9, 0xE2, 0xA3, 0xB7, 0x9F, 0xFF, 0xD3, 0xD9, 0x43, 0xF5, 0xEE, 0xA2, 0xAC, 0x26, 0x21, 0xC3,
    0x7A, 0xC5, 0x0A, 0x99, 0x07, 0xFB, 0x37, 0xAF, 0x9E, 0xBB, 0xEC, 0x6D, 0x9E, 0x7E, 0x22, 0xF9,
    0x2B, 0x7D, 0x21, 0xD1, 0xDE, 0x60, 0xFF, 0xDD, 0x64, 0x9F, 0xF2, 0xF1, 0xBF, 0xA0, 0x23, 0xD9,
    0x63, 0x43, 0xB9, 0x62, 0xCF, 0xFF, 0x17, 0xDC, 0x9B, 0x3F, 0xB0, 0xE5, 0xC8, 0x75, 0xDE, 0x0F,
    0x80, 0xE5, 0xA0, 0x6C, 0x54, 0xA9, 0x37, 0xA0, 0xCA, 0x2A, 0x4F, 0x49, 0x70, 0xE0, 0x2A, 0xAB,
    0x5C, 0xF2, 0x22, 0x71, 0xC8, 0x9D, 0x06, 0xB9, 0x55, 0xDE, 0xC0, 0xC1, 0x2A, 0xB4, 0xCB, 0x01,
    0x1D, 0x30, 0xB2, 0xAB, 0x3C, 0x0A, 0x1C, 0xCE, 0x2C, 0x60, 0x2A, 0x70, 0xC8, 0xE7, 0x2A, 0xE7,
    0xDC, 0x80, 0x89, 0x98, 0xAC, 0x02, 0x05, 0x5B, 0xE5, 0x37, 0x0B, 0xAC, 0x36, 0x60, 0xE0, 0x60,
    0x41, 0x31, 0x70, 0xC8, 0xB6, 0xF4, 0x5C, 0xB2, 0xCB, 0x01, 0x7B, 0x49, 0x58, 0xC2, 0x90, 0x0D,
    0x7C, 0xEE, 0xEF, 0x34, 0x2E, 0xDE, 0x7D, 0xF3, 0xDE, 0xEC, 0xCC, 0xFE, 0xD3, 0x8A, 0xEA, 0x77,
    0xEF, 0xEF, 0x3B, 0xEF, 0xA2, 0xD1, 0xDD, 0x68, 0x00, 0xDD, 0xA7, 0x0F, 0xEE, 0x95, 0x1F, 0xF6,
    0x22, 0xD2, 0xB9, 0x88, 0x7A, 0x8E, 0x28, 0x42, 0x84, 0x0C, 0xC4, 0x3D, 0x49, 0x09, 0x00, 0x16,
    0x45, 0x89, 0xB6, 0x5C, 0x0A, 0xB4, 0x19, 0x21, 0xD7, 0xF8, 0x0E, 0x21, 0xB7, 0x00, 0x9C, 0xD0,
    0xCA, 0x73, 0xF1, 0xE0, 0xC0, 0xDB, 0x2C, 0x79, 0x63, 0x45, 0x09, 0xF5, 0xD4, 0xB5, 0x62, 0x3D,
    0xC6, 0x04, 0xFD, 0xF7, 0x3A, 0x0D, 0x00, 0x42, 0x47, 0xE4, 0x18, 0xEF, 0x85, 0x0C, 0xA3, 0x28,
    0x2E, 0x0F, 0xFC, 0x2E, 0x21, 0xB7, 0x00, 0xF4, 0x44, 0xAB, 0xFF, 0x3E, 0x0F, 0xF5, 0x01, 0x9B,
    0x47, 0x0C, 0xAC, 0x08, 0xC3, 0x01, 0x27, 0xBB, 0xBC, 0x2F, 0x98, 0x2A, 0x27, 0x97, 0x51, 0x8A,
    0x67, 0xE5, 0x3B, 0x51, 0xB2, 0x0B, 0x91, 0x28, 0x22, 0xB7, 0xE5, 0xCF, 0x70, 0x45, 0x01, 0xB0,
    0xCB, 0x18, 0xC5, 0x65, 0x70, 0x9A, 0x65, 0xF0, 0x2A, 0x76, 0x97, 0xF9, 0x86, 0xF8, 0x73, 0x19,
    0x9C, 0x64, 0x70, 0xDA, 0x54, 0xC0, 0x6C, 0xA2, 0xC2, 0xA2, 0xF3, 0x3F, 0x8A, 0x30, 0xEB, 0xE9,
    0xCC, 0xDA, 0x31, 0x82, 0xFF, 0xC9, 0xC5, 0xD9, 0x89, 0xF5, 0x0A, 0x9E, 0x58, 0xCF, 0xEE, 0x27,
    0xE4, 0x1A, 0xEF, 0x10, 0xF2, 0xB9, 0x51, 0xA1, 0xD7, 0xDA, 0x76, 0x48, 0x36, 0x6C, 0x22, 0x0D,
    0xD8, 0xEA, 0xB6, 0x59, 0xCA, 0x55, 0x4C, 0x30, 0x8B, 0x94, 0xA1, 0xF1, 0x52, 0xCC, 0xD6, 0x4B,
    0xDE, 0xEB, 0x05, 0x39, 0x4C, 0x11, 0xB8, 0x06, 0xE0, 0x88, 0xE9, 0xEC, 0xB3, 0xC1, 0xED, 0x57,
    0xAF, 0xF6, 0x86, 0x34, 0x8B, 0xC8, 0x2B, 0x3C, 0xE4, 0x6F, 0x94, 0xE8, 0xF3, 0x90, 0x01, 0x98,
    0x59, 0xD1, 0x14, 0xAB, 0x7C, 0x2A, 0x72, 0x1F, 0xBD, 0x64, 0xC0, 0x22, 0xD5, 0x5C, 0x6E, 0x52,
    0x4F, 0x02, 0x69, 0x46, 0x19, 0xD8, 0x35, 0x8F, 0xC5, 0x4E, 0xF2, 0xAA, 0xF6, 0xB0, 0x34, 0x5B,
    0x44, 0xCD, 0xD3, 0x53, 0x01, 0xAD, 0xE4, 0x80, 0x17, 0xE9, 0x10, 0x44, 0xEE, 0x01, 0xDC, 0x8E,
    0x9E, 0x07, 0x36, 0x66, 0x22, 0x18, 0x1B, 0xF6, 0x6C, 0xA7, 0x68, 0xC5, 0xF6, 0x9D, 0x96, 0x37,
    0xE7, 0xAB, 0x18, 0xC0, 0xF3, 0x48, 0x5B, 0x01, 0x42, 0x7C, 0x55, 0xE8, 0x0B, 0xB4, 0x9F, 0xE1,
    0x15, 0x77, 0x4C, 0x25, 0x3C, 0xCE, 0x66, 0x14, 0x01, 0x05, 0x0D, 0x61, 0xFA, 0xC2, 0x4A, 0x36,
    0xC0, 0xC8, 0xB7, 0x74, 0x8B, 0x88, 0x9D, 0xBF, 0xA4, 0xB7, 0xD7, 0xB7, 0x9E, 0x2E, 0x8C, 0x7A,
    0x65, 0x74, 0xAB, 0xC8, 0xA0, 0xB7, 0x08, 0xD3, 0x99, 0x16, 0x53, 0x86, 0x89, 0x3A, 0x66, 0x18,
    0x3F, 0xA5, 0xF2, 0xC4, 0x95, 0x54, 0xF4, 0xAA, 0x63, 0xE7, 0x93, 0x9A, 0x90, 0xB4, 0x5A, 0xA5,
    0xA2, 0x96, 0x10, 0x73, 0xD2, 0x3E, 0x69, 0xBD, 0xAB, 0x6D, 0xA9, 0x5B, 0x06, 0xD1, 0xFC, 0xDD,
    0x26, 0xBA, 0x7F, 0x17, 0x44, 0xCB, 0xEB, 0x16, 0xF9, 0x07, 0x2C, 0xBF, 0x9E, 0x64, 0x00, 0x16,
    0x01, 0x82, 0xD5, 0x76, 0x1F, 0x46, 0x89, 0x5E, 0x6F, 0x65, 0x3D, 0x4C, 0x4C, 0x9F, 0xC3, 0x60,
    0xFA, 0x3F, 0x27, 0x03, 0xD3, 0xBE, 0xA9, 0x5B, 0x76, 0xC3, 0xAC, 0xBB, 0x51, 0x62, 0x37, 0x8A,
    0x6B, 0xA3, 0xBD, 0x65, 0x1C, 0x99, 0x8F, 0xDD, 0x53, 0x53, 0xA7, 0xE6, 0x74, 0x14, 0x98, 0x76,
    0xE3, 0xA9, 0xEC, 0xA3, 0xDC, 0xA1, 0xA7, 0xE1, 0x2E, 0x8D, 0x70, 0x77, 0xE8, 0x31, 0xE4, 0x69,
    0xE3, 0xEF, 0x54, 0x1D, 0xF6, 0x8E, 0x71, 0x4F, 0x75, 0xA4, 0xBA, 0x1C, 0x2E, 0xE5, 0x83, 0x4F,
    0xDA, 0x7D, 0x0A, 0x65, 0x5F, 0x77, 0xB3, 0x8E, 0x7D, 0xD2, 0x61, 0x3C, 0x54, 0xE4, 0x1F, 0xFE,
    0x20, 0x22, 0xE5, 0x15, 0xF4, 0x11, 0xC5, 0x4A, 0xD3, 0x38, 0xF2, 0xEF, 0xCB, 0x29, 0xE9, 0x4D,
    0x10, 0x12, 0xD9, 0x21, 0x7A, 0x4B, 0x89, 0xF6, 0x6D, 0x3E, 0x93, 0xA5, 0x23, 0xEB, 0x9E, 0xB4,
    0x42, 0x06, 0xF2, 0x8D, 0x99, 0x7C, 0x6B, 0x21, 0xB1, 0x2A, 0xA1, 0x9F, 0xA0, 0x8D, 0x7C, 0x53,
    0xAF, 0xF3, 0x6F, 0x41, 0xF7, 0xC5, 0x4C, 0x0E, 0x81, 0xB4, 0x1B, 0x59, 0x83, 0xAC, 0x30, 0x96,
    0xAC, 0xCE, 0x03, 0x41, 0xB0, 0x91, 0xF7, 0x91, 0x46, 0x6F, 0x96, 0xA4, 0x22, 0x43, 0xAF, 0xD2,
    0x4C, 0x2A, 0x85, 0x57, 0x91, 0x7F, 0x2B, 0x37, 0x0F, 0x00, 0xA3, 0x8A, 0x16, 0x28, 0xFB, 0x25,
    0x62, 0xE7, 0x3B, 0x04, 0x2A, 0x45, 0x92, 0x2A, 0x49, 0x63, 0x55, 0x1E, 0xA9, 0x7C, 0x73, 0x56,
    0x79, 0x63, 0x52, 0x79, 0xAB, 0x57, 0x79, 0x5B, 0x54, 0x42, 0x12, 0x9F, 0x64, 0xA4, 0xDC, 0x59,
    0x51, 0x95, 0x1A, 0x71, 0xB3, 0x65, 0x92, 0x7B, 0x5E, 0x29, 0xC6, 0x17, 0x21, 0x72, 0xA9, 0x22,
    0x4B, 0x60, 0x16, 0x91, 0x87, 0x9B, 0xCE, 0xEF, 0x77, 0x9E, 0x12, 0xC3, 0x6A, 0xC6, 0x32, 0xB2,
    0x69, 0x0B, 0xCE, 0x7D, 0x7A, 0xC6, 0x1F, 0x0B, 0xE7, 0xC9, 0x4B, 0x11, 0xBB, 0xC8, 0x2C, 0xD2,
    0x84, 0xDC, 0x73, 0xC6, 0x63, 0xF9, 0x15, 0xAA, 0x51, 0xB4, 0xE5, 0x22, 0x39, 0xBE, 0xDF, 0x6A,
    0x79, 0xDA, 0x91, 0x2B, 0x69, 0x03, 0x59, 0xCF, 0xA4, 0xF1, 0x64, 0xE5, 0x22, 0x5E, 0xAD, 0x47,
    0x6E, 0x44, 0xAF, 0x14, 0x61, 0x99, 0x69, 0xE3, 0x9D, 0x3D, 0x3C, 0xA4, 0x43, 0xED, 0xFC, 0x57,
    0x25, 0x25, 0x65, 0x16, 0x68, 0x1A, 0x77, 0xD1, 0x09, 0x4C, 0x5B, 0xBD, 0xA8, 0x14, 0xFE, 0x5C,
    0x72, 0xA7, 0x92, 0x25, 0xA9, 0x82, 0x8A, 0x49, 0x52, 0x6F, 0x2A, 0x16, 0x2A, 0x0F, 0xD0, 0x52,
    0x9E, 0xA0, 0xA7, 0xCC, 0x18, 0xB9, 0x9B, 0xD7, 0x49, 0x39, 0xF7, 0x9D, 0xD7, 0x51, 0xDA, 0x52,
    0xCA, 0xB1, 0x61, 0x4D, 0x66, 0xAC, 0x03, 0xA5, 0x57, 0x9F, 0xA3, 0x11, 0xB3, 0x69, 0x59, 0x40,
    0x94, 0x0E, 0x60, 0x69, 0x4F, 0xF4, 0x7A, 0x11, 0x1D, 0x45, 0x25, 0x53, 0x6F, 0x46, 0xDB, 0x05,
    0xAF, 0x32, 0xCC, 0x62, 0x28, 0x41, 0xF6, 0xF9, 0xE8, 0x10, 0x60, 0x52, 0x94, 0x68, 0x6B, 0x1D,
    0xCE, 0x0E, 0xE4, 0x44, 0x76, 0x71, 0xDB, 0xF9, 0x7C, 0x87, 0x00, 0x2F, 0x65, 0x30, 0x8B, 0xF5,
    0x11, 0xCD, 0x12, 0x51, 0x87, 0xDB, 0xD0, 0x0D, 0xD6, 0x6B, 0xE6, 0x6F, 0x73, 0x37, 0x00, 0x57,
    0xC4, 0xFF, 0x3E, 0x0D, 0x51, 0x25, 0xBE, 0x39, 0x78, 0x61, 0xD6, 0x40, 0x9A, 0xC4, 0xF5, 0x8C,
    0xE1, 0x9A, 0x8D, 0x27, 0x87, 0xF1, 0x6C, 0x50, 0x98, 0x44, 0xAB, 0x21, 0xAB, 0x95, 0x2C, 0x70,
    0xCE, 0xF4, 0x92, 0x83, 0xD5, 0x26, 0xA5, 0xD6, 0xF5, 0xEE, 0xC9, 0xED, 0x79, 0xFA, 0x15, 0x3A,
    0x6C, 0x60, 0x4A, 0xD4, 0xA9, 0x73, 0x4A, 0x13, 0xEE, 0x0D, 0x96, 0xB7, 0x58, 0xF5, 0xD7, 0x34,
    0xED, 0x19, 0x85, 0xAC, 0x95, 0xAF, 0x29, 0x1F, 0x28, 0x5F, 0x57, 0x5E, 0x2A, 0x17, 0x32, 0xF3,
    0x64, 0xA1, 0xC4, 0x79, 0xEA, 0x45, 0x32, 0x6C, 0xD7, 0x37, 0x72, 0xB3, 0x9C, 0xDD, 0xCE, 0x89,
    0x5F, 0xED, 0xDA, 0xC5, 0xEA, 0x68, 0x1E, 0x79, 0x18, 0x39, 0xC7, 0xD9, 0xB6, 0xDC, 0x44, 0x3A,
    0xE1, 0xEC, 0xCB, 0xF1, 0xAA, 0x8F, 0x46, 0x35, 0x89, 0x98, 0x49, 0x5D, 0x0F, 0xDE, 0xA3, 0xD1,
    0xB0, 0x22, 0x92, 0x2D, 0xD1, 0x08, 0x7A, 0xFB, 0x95, 0xC8, 0x67, 0x1A, 0xB6, 0x44, 0xE9, 0xD5,
    0xF8, 0x11, 0xCC, 0x7C, 0x2C, 0x81, 0x98, 0x39, 0x2A, 0x56, 0x9D, 0x2C, 0xE2, 0xA6, 0xE4, 0x7D,
    0xBC, 0x09, 0x0E, 0x50, 0x62, 0xA2, 0x14, 0x3A, 0x24, 0x84, 0x12, 0xEA, 0x90, 0x58, 0x96, 0x0C,
    0xDE, 0x65, 0xAC, 0x8B, 0xFE, 0x1E, 0x1C, 0x2B, 0x5D, 0xA5, 0x48, 0x9E, 0x10, 0x5F, 0x7D, 0xA5,
    0xD3, 0x12, 0x36, 0x01, 0x42, 0x81, 0x80, 0x2B, 0x1A, 0xF2, 0x30, 0x64, 0x03, 0x2E, 0xA4, 0x66,
    0x6D, 0x83, 0x2B, 0xD1, 0x82, 0xE7, 0x19, 0xAD, 0x80, 0x1E, 0x30, 0xA6, 0xAF, 0x89, 0x1C, 0xAB,
    0xA8, 0x1C, 0xFB, 0x08, 0x54, 0xA3, 0x27, 0x16, 0xE1, 0x67, 0xAD, 0x30, 0xDF, 0x69, 0x42, 0xB6,
    0x8A, 0xF9, 0x1B, 0x44, 0xE0, 0xBF, 0x1B, 0x37, 0x80, 0x59, 0x3A, 0xBD, 0xD5, 0x59, 0x11, 0xAB,
    0xFC, 0xF5, 0x99, 0xDD, 0xE4, 0xF7, 0x33, 0x1E, 0x63, 0xE9, 0x8B, 0x45, 0xAF, 0xC5, 0x32, 0x50,
    0x82, 0xA1, 0x14, 0x80, 0x97, 0x34, 0xD1, 0xFD, 0xDA, 0x4D, 0xDB, 0x7F, 0xEB, 0xFC, 0x23, 0x30,
    0xED, 0x2C, 0x26, 0x61, 0x11, 0xA3, 0x60, 0x7A, 0x29, 0x96, 0xCF, 0x61, 0xA5, 0x34, 0x89, 0x3D,
    0x59, 0x2B, 0x6D, 0x1B, 0x99, 0xA5, 0xEB, 0x72, 0x53, 0x72, 0x06, 0x73, 0xDD, 0x22, 0x16, 0xA8,
    0x27, 0x12, 0x7A, 0x4B, 0xC1, 0xAB, 0xEA, 0x00, 0xBD, 0x44, 0xDD, 0xB4, 0xDB, 0x73, 0xAC, 0xAA,
    0xC5, 0xCF, 0xA2, 0xFE, 0x6A, 0x93, 0xF2, 0xA3, 0xA8, 0xBF, 0x80, 0x54, 0xBB, 0x9A, 0xEF, 0x45,
    0xFD, 0x39, 0xFA, 0xDA, 0x44, 0xFD, 0x18, 0x63, 0x43, 0xF5, 0x98, 0x5E, 0x57, 0x1D, 0xDC, 0x23,
    0xD5, 0xCE, 0x5F, 0xAA, 0xDA, 0x79, 0x56, 0x6D, 0x9E, 0x7A, 0xD5, 0x1A, 0x4E, 0xD5, 0x60, 0x52,
    0xAD, 0x30, 0xAA, 0x96, 0xE8, 0x55, 0x0B, 0xB4, 0xBB, 0x4A, 0xD4, 0xD2, 0x67, 0x1B, 0xE7, 0x79,
    0x40, 0x02, 0xAF, 0xC7, 0x43, 0x6F, 0x3B, 0x37, 0xCB, 0xE7, 0xF0, 0x4E, 0x00, 0x1C, 0xF2, 0x59,
    0x4B, 0xA9, 0xD8, 0x88, 0x5B, 0x37, 0xD8, 0x3D, 0x4E, 0x84, 0x62, 0x75, 0x4D, 0x8F, 0xBE, 0x5E,
    0xA4, 0x5C, 0xA5, 0xD8, 0xC4, 0x2C, 0x92, 0xE9, 0xBC, 0x2B, 0x18, 0x6D, 0xE4, 0x30, 0x71, 0x99,
    0xD9, 0xB9, 0x21, 0xD2, 0x7A, 0x4C, 0xCF, 0x70, 0x3E, 0xA3, 0x4F, 0x4C, 0x39, 0xD3, 0x5E, 0xA9,
    0x84, 0x54, 0x5A, 0x2A, 0x39, 0xD5, 0x92, 0x6A, 0x4C, 0xB5, 0xA7, 0x96, 0xDC, 0x74, 0xBD, 0xD4,
    0x1F, 0xFB, 0xAA, 0x9D, 0x42, 0xED, 0xB7, 0xF9, 0xD6, 0xFD, 0x9B, 0xFC, 0x19, 0x8E, 0x1E, 0xFF,
    0x02, 0x8E, 0xB7, 0xD8, 0x7C, 0x72, 0x7E, 0xCC, 0x35, 0xD6, 0x1B, 0xFF, 0xD6, 0x67, 0x5E, 0xD1,
    0x69, 0x4A, 0x7C, 0xE7, 0x05, 0xAE, 0x43, 0xF9, 0xA2, 0x58, 0x4F, 0x75, 0x1D, 0xEB, 0xF1, 0xD6,
    0x4B, 0x26, 0xB7, 0x63, 0x3D, 0x77, 0x23, 0xC5, 0x7A, 0xFC, 0xCB, 0xC5, 0x7A, 0xD2, 0x8A, 0x35,
    0x31, 0xAD, 0x5A, 0x75, 0x8D, 0x7A, 0x83, 0x5F, 0x8F, 0xCC, 0xDA, 0x54, 0xFA, 0x17, 0xCC, 0x0C,
    0xDA, 0x4E, 0x60, 0x4C, 0xBC, 0xB5, 0x98, 0xE9, 0xF4, 0x1E, 0xB3, 0xAD, 0x0E, 0xC4, 0x42, 0x8F,
    0xEA, 0x89, 0xBA, 0xC1, 0x81, 0x97, 0x65, 0xA6, 0x8B, 0x99, 0xE2, 0xD6, 0x62, 0xC6, 0xA4, 0xC5,
    0x8C, 0xDC, 0xB9, 0x98, 0x69, 0x5E, 0xBC, 0x98, 0xB1, 0xE1, 0xD8, 0xA8, 0xCD, 0xBA, 0xA1, 0x79,
    0x6A, 0xBE, 0xCE, 0xDE, 0x5C, 0x37, 0x27, 0xE7, 0x37, 0xDB, 0xA3, 0x0E, 0x15, 0xBE, 0x89, 0xB1,
    0x5B, 0xA4, 0x59, 0x32, 0x1D, 0x5F, 0xAC, 0x8F, 0x5A, 0x40, 0x06, 0x17, 0x35, 0x47, 0x8F, 0x29,
    0x6A, 0x7C, 0xBD, 0x48, 0x4F, 0xF9, 0x4F, 0xFB, 0x37, 0x41, 0xCB, 0x3B, 0xCA, 0xDF, 0xEB, 0x4B,
    0xF5, 0x5F, 0x1D, 0xED, 0x49, 0xED, 0xBB, 0xDD, 0x6E, 0x32, 0x47, 0x48, 0xCC, 0xE1, 0xB9, 0x40,
    0x8E, 0xB4, 0xBA, 0x24, 0x7C, 0xAC, 0xCB, 0xB7, 0x45, 0xC4, 0x20, 0xF7, 0xEC, 0xBF, 0xFF, 0x3C,
    0xB1, 0x98, 0x9F, 0xF6, 0x47, 0xFF, 0x75, 0xA9, 0xE7, 0x12, 0x91, 0x4A, 0x6D, 0x23, 0x7F, 0xA9,
    0x1E, 0x8C, 0x87, 0x17, 0x29, 0xA7, 0x6E, 0xE6, 0xA2, 0x86, 0x99, 0xAC, 0xAE, 0x69, 0x2E, 0xA5,
    0xA4, 0x1B, 0xA9, 0xFE, 0x52, 0x88, 0xF4, 0x1D, 0x7A, 0x0B, 0x0C, 0xCA, 0x9B, 0x77, 0x5D, 0x1A,
    0xC2, 0xBE, 0xFA, 0x45, 0x22, 0xE5, 0xDD, 0x9B, 0x8B, 0x44, 0xA6, 0x2E, 0x89, 0x49, 0x52, 0x25,
    0x29, 0x93, 0x14, 0xE7, 0xF2, 0x05, 0xAE, 0x7E, 0x7B, 0x4A, 0x8E, 0x91, 0x92, 0x61, 0xCE, 0xD2,
    0xBC, 0x09, 0x4A, 0x93, 0x24, 0x1B, 0x7E, 0x10, 0xB7, 0x31, 0xBD, 0x84, 0x0C, 0x33, 0xC9, 0x26,
    0xED, 0x92, 0x62, 0x57, 0x35, 0xD0, 0x5F, 0x5B, 0x1C, 0x20, 0x52, 0x60, 0xA9, 0x48, 0x71, 0xFF,
    0xC1, 0xFD, 0x1A, 0x5A, 0x5E, 0xBE, 0x8D, 0x94, 0x9E, 0xB6, 0x38, 0xA5, 0xFE, 0xEF, 0xEE, 0xF1,
    0xBA, 0xE3, 0x78, 0xD1, 0xE3, 0xB0, 0x64, 0x4F, 0xC3, 0x61, 0xD5, 0x87, 0x65, 0x0E, 0xAB, 0x3A,
    0xAC, 0xF2, 0x0E, 0xAB, 0x38, 0x2C, 0x11, 0x00, 0xEB, 0x89, 0xDB, 0x1B, 0x2C, 0x5F, 0x97, 0x85,
    0x32, 0x9F, 0xF1, 0xF7, 0x95, 0x72, 0x93, 0xB8, 0x52, 0x42, 0x52, 0x88, 0x41, 0x74, 0xAA, 0x24,
    0x9B, 0x99, 0xAC, 0xC3, 0x73, 0xB8, 0x1C, 0x79, 0x34, 0x3F, 0xC7, 0x3D, 0x1E, 0xE8, 0x76, 0xFD,
    0x80, 0x83, 0x56, 0x38, 0xA9, 0xCE, 0xA7, 0x15, 0xFA, 0x7D, 0x72, 0x95, 0x97, 0x57, 0x5C, 0xED,
    0x8A, 0x56, 0xB5, 0x1D, 0x5C, 0x52, 0x3B, 0x27, 0xAD, 0x43, 0x52, 0xF3, 0xAC, 0xAE, 0x77, 0x7F,
    0x5E, 0x2F, 0x49, 0xAD, 0x8F, 0xCA, 0xD5, 0xDF, 0x54, 0xA5, 0x33, 0xD3, 0xA6, 0xF6, 0x5E, 0x1D,
    0xED, 0x56, 0xB0, 0xE5, 0x2F, 0x70, 0x16, 0xB4, 0x91, 0xDA, 0x42, 0x36, 0xEF, 0xD3, 0x7A, 0x25,
    0x6D, 0x8A, 0xD5, 0xB4, 0x5A, 0xB5, 0x3C, 0xC4, 0x85, 0x94, 0xC0, 0xAA, 0x53, 0x54, 0x6F, 0x9D,
    0x58, 0x67, 0x27, 0xA9, 0xE7, 0x7A, 0x14, 0x13, 0xB2, 0x36, 0x85, 0xBA, 0xCA, 0xED, 0x00, 0x98,
    0x1B, 0x52, 0x11, 0xFA, 0xEF, 0x39, 0xAA, 0x8D, 0x58, 0xEF, 0xB7, 0x62, 0x82, 0x6D, 0xA5, 0x5E,
    0xBA, 0x91, 0xCE, 0xE1, 0x24, 0xDD, 0x64, 0x17, 0x5D, 0xCA, 0x63, 0x11, 0x19, 0xD0, 0xEB, 0xBA,
    0xF8, 0x1E, 0xEB, 0xA7, 0x31, 0x00, 0x2D, 0x8F, 0x9B, 0x0D, 0x74, 0xA9, 0xEB, 0xC4, 0x9C, 0x4E,
    0x78, 0xB9, 0x1E, 0xE7, 0x3C, 0x9D, 0x0D, 0xC9, 0xF5, 0xB8, 0x93, 0x27, 0x4B, 0x63, 0x14, 0xC1,
    0x78, 0x66, 0xE0, 0xA6, 0x31, 0xE9, 0xC5, 0x42, 0xE3, 0xC8, 0x73, 0xA7, 0x31, 0x9C, 0x0A, 0xEC,
    0xB4, 0x8A, 0xF3, 0x4A, 0xEB, 0x53, 0x33, 0x2A, 0x6D, 0x98, 0x0E, 0x14, 0xCC, 0xC6, 0xC6, 0x77,
    0x6C, 0xFC, 0x71, 0x38, 0x92, 0x0D, 0xB4, 0x6B, 0x90, 0xDD, 0x52, 0x9E, 0x1E, 0x1B, 0xE4, 0xE8,
    0xD3, 0x55, 0x70, 0x27, 0xD3, 0x56, 0xC1, 0x48, 0x76, 0x33, 0x59, 0xA7, 0x7B, 0x44, 0x59, 0xE1,
    0x4D, 0xA4, 0xA0, 0x84, 0x48, 0xB3, 0x92, 0x76, 0x21, 0xE1, 0x23, 0x33, 0xE8, 0xF5, 0xA9, 0xFB,
    0x56, 0xE8, 0xE3, 0xAB, 0xD3, 0xF8, 0xC3, 0x70, 0x45, 0xEA, 0x93, 0xB4, 0x1A, 0xE0, 0x79, 0x6D,
    0x16, 0xB1, 0xA3, 0x09, 0x52, 0x13, 0x74, 0x92, 0x14, 0x6C, 0xF1, 0x2A, 0x06, 0x11, 0x76, 0x31,
    0x8C, 0x50, 0x44, 0x60, 0xBA, 0x46, 0x1D, 0xE1, 0xED, 0x2A, 0x1D, 0xFE, 0x7A, 0x93, 0x06, 0x1F,
    0x62, 0x2A, 0xB7, 0x22, 0x79, 0x15, 0xBD, 0x88, 0xDC, 0xE7, 0xE2, 0x82, 0x13, 0x53, 0x44, 0xBE,
    0x5F, 0x1A, 0xB3, 0xD4, 0xDB, 0x7F, 0x15, 0xB1, 0xCC, 0xF4, 0x80, 0x19, 0x1F, 0x55, 0xB8, 0x90,
    0xF7, 0x58, 0xD1, 0x2F, 0x79, 0x2D, 0xC2, 0x0B, 0x46, 0x38, 0x19, 0x26, 0xC2, 0xE9, 0xD3, 0x88,
    0x67, 0x30, 0x10, 0x1D, 0xB7, 0x5A, 0xCF, 0x46, 0x70, 0x8F, 0x2A, 0x14, 0xEC, 0x2B, 0x04, 0x91,
    0x06, 0x17, 0x29, 0xBA, 0xB7, 0x2F, 0x20, 0xBE, 0x09, 0xAF, 0x27, 0x8C, 0x98, 0x0F, 0x8B, 0xC0,
    0x58, 0x30, 0x5F, 0x44, 0x3A, 0xB9, 0xCF, 0x0B, 0x68, 0x76, 0x33, 0xA7, 0xFA, 0xE9, 0x54, 0xE8,
    0xC6, 0x77, 0x05, 0x79, 0xBF, 0x84, 0x3C, 0x88, 0xEF, 0xD7, 0xF6, 0xF7, 0x2B, 0xEC, 0xF8, 0x4F,
    0x7A, 0x57, 0xE9, 0x72, 0xD0, 0xB7, 0x01, 0x00, 0x85, 0x3C, 0x12, 0x38, 0xF9, 0x86, 0x60, 0x7A,
    0x16, 0x8F, 0x0E, 0xBC, 0x47, 0xCC, 0x27, 0x64, 0x3E, 0xA2, 0x50, 0xB8, 0x08, 0x5D, 0x64, 0xE3,
    0x48, 0x5B, 0x2B, 0x19, 0x82, 0xC6, 0x81, 0x22, 0x6A, 0x1F, 0x61, 0x14, 0x2E, 0xA2, 0x12, 0x49,
    0x01, 0x13, 0x61, 0x6F, 0x39, 0x31, 0x8B, 0x59, 0xA4, 0xF1, 0xD5, 0x2A, 0xD6, 0xD1, 0xF9, 0x9C,
    0x22, 0xA0, 0x00, 0xD0, 0x2A, 0xEE, 0x5A, 0x34, 0x58, 0x2F, 0xAF, 0xD0, 0x3F, 0xFE, 0x6D, 0xFA,
    0x6F, 0x97, 0x2C, 0x8A, 0x0E, 0x76, 0xAC, 0xD9, 0xE2, 0x23, 0x04, 0x8B, 0xF1, 0xA4, 0xF9, 0x96,
    0xC1, 0x55, 0xCB, 0xFE, 0xA0, 0x6B, 0x12, 0x69, 0xA2, 0x72, 0x7E, 0x31, 0x23, 0xA6, 0xB7, 0x45,
    0xA4, 0x70, 0xF8, 0x31, 0x1B, 0x9B, 0xCF, 0xF8, 0x09, 0xB5, 0x4C, 0x13, 0x47, 0xEA, 0x1F, 0xB6,
    0x3F, 0x7E, 0x8E, 0x9E, 0x35, 0xE2, 0xCF, 0x58, 0xFF, 0x30, 0x61, 0x82, 0x2E, 0x23, 0x4F, 0x8F,
    0xEC, 0x30, 0x59, 0x7A, 0xBB, 0x19, 0x5C, 0x8D, 0xB6, 0x4B, 0xE1, 0x14, 0x3F, 0xB8, 0xA8, 0xD9,
    0xE0, 0xB9, 0xA4, 0xB4, 0x40, 0x8F, 0x7E, 0xF0, 0x10, 0xEB, 0xDF, 0x17, 0x3B, 0xFF, 0xE6, 0xF5,
    0x43, 0xD3, 0x5E, 0xB0, 0x44, 0x89, 0xAA, 0xEE, 0x4F, 0xB3, 0xBC, 0x22, 0x75, 0x78, 0x14, 0xDF,
    0x1C, 0xF4, 0x78, 0x45, 0x58, 0x60, 0x62, 0x19, 0x80, 0x3F, 0x5E, 0x15, 0xDA, 0x66, 0xE5, 0x09,
    0xAD, 0xC3, 0x35, 0xAD, 0x12, 0x64, 0xA1, 0x34, 0xDF, 0x27, 0x1F, 0xD4, 0xE4, 0xA2, 0x74, 0xCA,
    0x5E, 0x29, 0x07, 0xB5, 0xB4, 0x1B, 0xE5, 0x4B, 0x2D, 0xAF, 0xB3, 0x8F, 0xC5, 0x92, 0xFD, 0x10,
    0x59, 0x6B, 0x9F, 0xE4, 0x70, 0x72, 0x9E, 0xFE, 0x46, 0x5B, 0x05, 0xFC, 0x02, 0x41, 0x11, 0xB7,
    0x0D, 0x1C, 0x94, 0x9E, 0x48, 0xC4, 0xC2, 0xA2, 0x5D, 0x44, 0x35, 0x46, 0xD4, 0x04, 0x26, 0xC2,
    0xF3, 0x5F, 0x6E, 0x35, 0xAB, 0xD6, 0x1E, 0x91, 0xC6, 0x32, 0x8C, 0x2C, 0x80, 0x45, 0xDA, 0x8D,
    0xED, 0xDE, 0x0A, 0x00, 0x50, 0x48, 0xCD, 0xD3, 0x60, 0x3E, 0x11, 0xF5, 0x81, 0x86, 0x78, 0x3B,
    0x22, 0x5B, 0x23, 0x10, 0x88, 0x45, 0x86, 0x19, 0xDE, 0x00, 0xB6, 0x37, 0xC9, 0x2D, 0xD7, 0x45,
    0xE2, 0x24, 0x35, 0xDB, 0xED, 0xA4, 0xD1, 0xB8, 0x97, 0x58, 0xB4, 0xC5, 0xCF, 0x16, 0xF9, 0x6F,
    0x51, 0x3E, 0x0A, 0xF2, 0x0B, 0xCA, 0x9A, 0xFD, 0x45, 0x94, 0x1F, 0xA1, 0xF8, 0x49, 0x94, 0x0F,
    0xF1, 0xC6, 0x87, 0x51, 0xFE, 0x14, 0xFF, 0xFD, 0x0F, 0xA3, 0x8C, 0xF8, 0x69, 0x41, 0x19, 0x36,
    0x95, 0x6E, 0x55, 0xB1, 0x41, 0xA5, 0x9E, 0xA3, 0x54, 0x93, 0x61, 0x78, 0x08, 0xA1, 0x72, 0x16,
    0x01, 0x21, 0x6E, 0x4D, 0x9D, 0x85, 0x91, 0xD4, 0x43, 0xB6, 0xC7, 0xD9, 0x79, 0x2E, 0x81, 0x9D,
    0x2F, 0xC8, 0x99, 0xCE, 0xCE, 0x79, 0xF9, 0x1A, 0x14, 0xCE, 0x81, 0x45, 0x74, 0x24, 0x6C, 0xBC,
    0xA0, 0xB7, 0x11, 0xE3, 0x70, 0x8C, 0xA2, 0xCF, 0x85, 0x66, 0xD1, 0xCC, 0xBA, 0x9B, 0x09, 0xC5,
    0x96, 0x8A, 0x92, 0x06, 0xAD, 0x80, 0x69, 0x4C, 0xAC, 0x20, 0x76, 0xD1, 0xEB, 0x6A, 0xFE, 0xFC,
    0xE4, 0x51, 0x74, 0xCB, 0x8D, 0xA3, 0x40, 0xA8, 0xB6, 0x16, 0x6B, 0x07, 0x57, 0xC1, 0x71, 0x22,
    0x1B, 0x4D, 0xD0, 0xA8, 0x5B, 0xC9, 0xE7, 0x37, 0xEA, 0x60, 0x3C, 0x1F, 0x9A, 0x25, 0x65, 0xD6,
    0xDD, 0x1C, 0xBD, 0xB2, 0x81, 0x53, 0xE0, 0xFD, 0x8D, 0x35, 0xCA, 0x5D, 0x60, 0x23, 0x92, 0xA7,
    0x91, 0x20, 0x0F, 0xD1, 0x73, 0x34, 0x33, 0xC1, 0xAC, 0x8D, 0x2F, 0x57, 0xEB, 0x8B, 0x30, 0xB8,
    0x42, 0xE3, 0x5A, 0x77, 0xBD, 0x07, 0xA7, 0x23, 0xC7, 0x2B, 0x36, 0x8E, 0x85, 0x66, 0x95, 0x27,
    0x05, 0x30, 0x33, 0x1C, 0xAD, 0x0B, 0x30, 0xC5, 0x65, 0x89, 0xCC, 0xBF, 0x57, 0x42, 0x12, 0xFE,
    0x63, 0xC4, 0x1F, 0x3F, 0xBF, 0x39, 0x2F, 0x6E, 0xA2, 0xD5, 0x70, 0x47, 0x62, 0x81, 0x51, 0xC2,
    0xFE, 0x74, 0x47, 0xE7, 0x05, 0x36, 0x26, 0xD7, 0xB0, 0x5B, 0xC1, 0xB1, 0x76, 0x29, 0x47, 0x8D,
    0x95, 0xF7, 0x74, 0xBD, 0x8C, 0x3A, 0xD9, 0xB5, 0xF2, 0xB1, 0xC8, 0x3E, 0x49, 0x08, 0x96, 0xEB,
    0xC5, 0x9F, 0x55, 0x36, 0x13, 0x69, 0x46, 0x65, 0xAF, 0x6C, 0x49, 0x4B, 0x64, 0x6B, 0xDA, 0x55,
    0x39, 0x6B, 0x01, 0x8E, 0xEC, 0x5A, 0xB2, 0x40, 0x38, 0x13, 0x69, 0x92, 0xD4, 0xCF, 0x97, 0xFB,
    0x60, 0xFD, 0x59, 0x5A, 0x88, 0x54, 0x5B, 0x1D, 0xBA, 0x59, 0xEA, 0xA5, 0x66, 0x78, 0xDF, 0x7A,
    0x4E, 0xBE, 0xD2, 0x39, 0x4A, 0x3B, 0x4C, 0x75, 0xC8, 0xD1, 0x23, 0x4A, 0x86, 0xF1, 0x4E, 0x19,
    0x9C, 0x66, 0xD9, 0x77, 0xD8, 0x77, 0xAF, 0x43, 0x1D, 0x74, 0x04, 0xD2, 0xA2, 0x93, 0x4F, 0xA0,
    0xD5, 0x3E, 0xDD, 0x1B, 0xF1, 0x22, 0x69, 0x56, 0xB2, 0x00, 0xFC, 0x21, 0x7A, 0x6F, 0xEF, 0x2C,
    0x30, 0x72, 0x8A, 0x8D, 0x1C, 0x35, 0xCE, 0xC9, 0x3D, 0xE6, 0xCB, 0x48, 0xB3, 0x79, 0x3D, 0x81,
    0x93, 0x0E, 0xDC, 0xA3, 0xEE, 0xAC, 0x33, 0xB0, 0x76, 0x78, 0xFD, 0x16, 0x8B, 0x7D, 0x5B, 0xCF,
    0xEF, 0xC2, 0xCD, 0x9C, 0xCE, 0xBD, 0x98, 0x59, 0xD4, 0x3F, 0xD0, 0x75, 0x77, 0xE2, 0xCD, 0x41,
    0xA4, 0xFB, 0xE2, 0x6E, 0xBF, 0xC4, 0x77, 0xCF, 0x6E, 0x6F, 0x3D, 0x8F, 0x4A, 0xA3, 0x2C, 0x95,
    0xC5, 0x19, 0x73, 0xA5, 0xC8, 0xA7, 0x6D, 0x95, 0xFA, 0x5E, 0xEC, 0x86, 0xFD, 0x1C, 0x44, 0xDE,
    0xDF, 0x68, 0x8B, 0xD8, 0x5B, 0xEC, 0x96, 0xD4, 0xD3, 0x63, 0xA2, 0xD6, 0x02, 0xF8, 0x93, 0x72,
    0xF6, 0x98, 0x23, 0x4A, 0x48, 0xE7, 0x23, 0xBE, 0x6C, 0x7D, 0x17, 0x9A, 0x5C, 0x12, 0xF8, 0xBF,
    0x25, 0xED, 0xF1, 0xD8, 0x55, 0x34, 0x95, 0xBB, 0x66, 0xBB, 0xCA, 0x49, 0xFF, 0x78, 0xD7, 0x3F,
    0x78, 0x46, 0x85, 0xFB, 0x2A, 0x9D, 0xC8, 0x62, 0x36, 0xEE, 0x62, 0xD6, 0x67, 0x28, 0x3B, 0x81,
    0x0B, 0x65, 0xE0, 0x27, 0x25, 0xC8, 0x1C, 0x7D, 0x64, 0x86, 0xF1, 0x9C, 0xC7, 0xE7, 0x25, 0x74,
    0xB9, 0xC3, 0x95, 0x11, 0xF7, 0x3D, 0x3C, 0x5E, 0x95, 0x0A, 0xED, 0xBE, 0x36, 0x11, 0xC1, 0xF4,
    0x1C, 0xC1, 0x55, 0x12, 0xA8, 0x64, 0x18, 0x29, 0x3A, 0x97, 0x69, 0x47, 0xDC, 0x16, 0xDD, 0x46,
    0x3F, 0xF0, 0x83, 0x74, 0xAE, 0xDE, 0x22, 0x70, 0xB5, 0x57, 0x2B, 0x0A, 0xD6, 0xFC, 0x9C, 0x81,
    0x16, 0x57, 0x04, 0x44, 0xEB, 0xD2, 0xD2, 0xB4, 0xE4, 0x1B, 0x18, 0x9C, 0x6E, 0x7D, 0xF7, 0x58,
    0x23, 0x73, 0x61, 0x67, 0xF9, 0x4F, 0x3F, 0x4C, 0xC9, 0xBD, 0xAC, 0x97, 0xDF, 0x14, 0x13, 0xE4,
    0xF4, 0xD6, 0x07, 0xBB, 0x58, 0x4F, 0xFF, 0xFF, 0x56, 0x7C, 0x5F, 0x4A, 0x3D, 0x33, 0xDC, 0x8B,
    0x76, 0x18, 0x2D, 0xA0, 0x65, 0x00, 0x3E, 0x87, 0xA3, 0x34, 0xD8, 0xD8, 0x4A, 0x8C, 0x6C, 0x44,
    0x0E, 0xB1, 0xAE, 0x84, 0x4E, 0xE8, 0x25, 0xAA, 0x4D, 0x9A, 0x45, 0xFD, 0xA9, 0x3A, 0x1C, 0x82,
    0x1B, 0x62, 0xCE, 0xE4, 0xD8, 0xA1, 0x4C, 0xBB, 0x17, 0x2C, 0x6C, 0x2F, 0x1A, 0xF0, 0x16, 0x9B,
    0x44, 0xB9, 0x07, 0xA7, 0xC3, 0x21, 0xB2, 0xE4, 0x85, 0xF5, 0x70, 0xD5, 0x76, 0x2C, 0xF2, 0x0E,
    0xE8, 0x67, 0x69, 0x69, 0x0D, 0x44, 0x58, 0x9C, 0xFC, 0x07, 0x9E, 0x18, 0x1D, 0x98, 0x4B, 0xD0,
    0xB5, 0xA7, 0xBF, 0x8F, 0xC5, 0xF0, 0xAC, 0x47, 0xE4, 0x7F, 0x74, 0x3C, 0xA4, 0x1E, 0xC6, 0xD3,
    0x6A, 0x24, 0xD7, 0x19, 0xE7, 0x3B, 0x92, 0xD2, 0x97, 0xBC, 0x20, 0xC9, 0xE6, 0x72, 0x92, 0x22,
    0x18, 0xAF, 0x48, 0xFF, 0x32, 0x7D, 0xF1, 0x95, 0x2F, 0xF2, 0x3B, 0x37, 0x2A, 0x57, 0xDF, 0x49,
    0x24, 0xC1, 0x10, 0x25, 0x01, 0x60, 0x54, 0xDC, 0xB8, 0xFA, 0xCA, 0xA7, 0x11, 0x16, 0xFD, 0xEE,
    0xB1, 0x4C, 0xA0, 0x3B, 0xA9, 0xD7, 0x9C, 0x9D, 0x5F, 0x16, 0x15, 0x07, 0x59, 0xC0, 0xEF, 0x10,
    0x91, 0x33, 0xF8, 0x34, 0xC9, 0x6B, 0x8B, 0xD5, 0x63, 0x90, 0x1A, 0x12, 0x71, 0x15, 0xF1, 0x4F,
    0x2F, 0xD2, 0xE3, 0x22, 0xB4, 0x92, 0xAF, 0x22, 0xE5, 0x9C, 0x26, 0x80, 0x94, 0xBE, 0xB0, 0x15,
    0xEF, 0xEE, 0x5A, 0x2D, 0x66, 0xD9, 0x5D, 0x2B, 0x57, 0x84, 0x61, 0xCA, 0x2F, 0x0E, 0x77, 0x2A,
    0xE5, 0xBB, 0xCB, 0xB5, 0xFA, 0x67, 0x66, 0x95, 0xCB, 0x93, 0x6B, 0x95, 0x0D, 0x8B, 0xD4, 0x40,
    0xCB, 0xAF, 0x06, 0x0F, 0x52, 0x8F, 0x10, 0x93, 0x22, 0x35, 0x4F, 0x45, 0x3A, 0x5C, 0x09, 0xEF,
    0xA0, 0x12, 0x18, 0xA3, 0xE1, 0x24, 0x83, 0xFF, 0x3D, 0xA9, 0x7D, 0x10, 0xE3, 0x37, 0x31, 0x6E,
    0x68, 0xED, 0x71, 0xCF, 0x65, 0x41, 0x74, 0x55, 0x42, 0x46, 0x3B, 0x25, 0x80, 0xAF, 0x8A, 0x9F,
    0xBF, 0xF8, 0x55, 0xED, 0x71, 0xBA, 0x60, 0x0B, 0x8F, 0x8F, 0x82, 0xBE, 0x68, 0x7F, 0x9E, 0xA2,
    0xA4, 0xE9, 0x05, 0x3E, 0xBD, 0x68, 0x6B, 0xAA, 0xE1, 0x0D, 0xBC, 0x0C, 0x5E, 0xBA, 0xCF, 0xF4,
    0x1A, 0x5C, 0x8A, 0x63, 0x75, 0xAB, 0x0C, 0x17, 0x92, 0x96, 0x5A, 0x27, 0x91, 0x3A, 0x79, 0x70,
    0x46, 0x30, 0x7D, 0x82, 0x60, 0x4B, 0x02, 0xC7, 0x1D, 0x26, 0x3B, 0xAB, 0xD4, 0x41, 0x17, 0xF4,
    0x26, 0xC8, 0xDB, 0x94, 0x35, 0x5B, 0x29, 0x01, 0x41, 0xB7, 0x61, 0xD1, 0x9C, 0xF0, 0x15, 0xF7,
    0xD3, 0x15, 0xD9, 0xB6, 0xBB, 0x0E, 0x72, 0x68, 0x72, 0x1F, 0x24, 0x39, 0x0A, 0x9F, 0xA8, 0x4C,
    0xFD, 0xAE, 0xBB, 0xC3, 0x61, 0xD6, 0xA4, 0x11, 0xAA, 0xC5, 0xA1, 0xED, 0xAE, 0xC7, 0x76, 0xD6,
    0xC3, 0xFC, 0x5A, 0x2F, 0xE6, 0x5D, 0xFB, 0x74, 0x7B, 0xEE, 0xAC, 0x94, 0xA5, 0x12, 0xC0, 0xB8,
    0x33, 0x7D, 0x72, 0xB0, 0xDC, 0x48, 0x8B, 0x51, 0xF4, 0x6E, 0x8D, 0x1C, 0xE1, 0x23, 0xDB, 0xCE,
    0x7F, 0xF6, 0x95, 0x90, 0xDD, 0xBF, 0x2D, 0x3C, 0x26, 0x8A, 0xE4, 0x3F, 0x3C, 0x05, 0x56, 0x8D,
    0x3A, 0x8C, 0x3A, 0xD0, 0xB4, 0x11, 0x97, 0x72, 0x96, 0xBE, 0xBC, 0x55, 0xB9, 0xFC, 0xBB, 0x8B,
    0x6B, 0x97, 0xCC, 0x04, 0x32, 0xDF, 0xE4, 0xDA, 0xD5, 0xAF, 0xC6, 0xAF, 0x2E, 0x16, 0x21, 0x5F,
    0x8B, 0x7F, 0xD2, 0x88, 0xE1, 0x03, 0xDF, 0x7A, 0x14, 0x3B, 0x75, 0xA3, 0x18, 0x40, 0x24, 0xFB,
    0xE1, 0x0F, 0xE4, 0x3A, 0x0D, 0xF0, 0x16, 0x8A, 0x0A, 0x92, 0xFB, 0x22, 0xC2, 0xE5, 0x5C, 0xB4,
    0x0B, 0xFA, 0x32, 0x62, 0x34, 0xAD, 0x74, 0xCE, 0x70, 0x78, 0x7C, 0x8D, 0x7E, 0xFB, 0xEB, 0x3C,
    0xD2, 0x47, 0x22, 0x55, 0x58, 0x78, 0x8A, 0xBD, 0x48, 0x41, 0x64, 0x69, 0xBC, 0x1F, 0x4F, 0x0F,
    0x49, 0x6C, 0x4B, 0xB0, 0x82, 0xC7, 0x84, 0x86, 0xAD, 0x16, 0xCD, 0x4B, 0xB8, 0x93, 0xBF, 0xFF,
    0xBE, 0x88, 0x7C, 0x79, 0xEE, 0xBB, 0xAE, 0xC5, 0x6F, 0xAC, 0xCE, 0xB5, 0x9D, 0xC7, 0xF9, 0xB1,
    0x84, 0xBC, 0xA6, 0xFC, 0xED, 0x83, 0xF9, 0xC6, 0xC6, 0x65, 0xAB, 0xD4, 0x91, 0xFA, 0xBC, 0xD8,
    0x62, 0x12, 0xB8, 0x0C, 0xFD, 0xAB, 0x69, 0x84, 0xB1, 0xA3, 0x74, 0x33, 0x07, 0x0D, 0xF6, 0x6B,
    0x60, 0x4D, 0x66, 0x14, 0xDE, 0xE7, 0x81, 0x86, 0x7A, 0x16, 0x6A, 0x6C, 0xB4, 0x0D, 0xEF, 0x47,
    0xDA, 0x75, 0x2B, 0x45, 0x34, 0x20, 0xB5, 0x68, 0x94, 0x1E, 0xAC, 0x3F, 0x47, 0xDF, 0xA0, 0x7D,
    0x5D, 0xE7, 0x1B, 0x8B, 0xFE, 0x91, 0x76, 0xE2, 0x13, 0x8C, 0x0B, 0x8D, 0x69, 0xC1, 0x07, 0x3A,
    0x29, 0xFD, 0xB9, 0xC7, 0x4F, 0xF4, 0xE2, 0xFE, 0x85, 0x1B, 0xFE, 0x72, 0xA4, 0xF1, 0xAB, 0xB1,
    0x43, 0x9F, 0x7E, 0x16, 0x62, 0x91, 0xC6, 0x3F, 0xB1, 0x1B, 0x0D, 0x83, 0xB4, 0xA6, 0xD4, 0x76,
    0x9C, 0xAE, 0x4C, 0xE3, 0x45, 0xAA, 0x45, 0xBA, 0x89, 0xC1, 0x20, 0x3A, 0x39, 0x82, 0xFE, 0x9F,
    0xA0, 0xAD, 0xF5, 0x58, 0x30, 0x1A, 0x3D, 0x82, 0x61, 0xAA, 0x16, 0xAA, 0x75, 0x65, 0xD0, 0xEB,
    0xC6, 0x17, 0x2B, 0xD7, 0xB5, 0xF5, 0x9C, 0x6F, 0x6C, 0xB4, 0x59, 0x32, 0x48, 0xC3, 0xF2, 0x72,
    0x6D, 0x72, 0x19, 0x4A, 0x6D, 0x71, 0xB1, 0x1A, 0x8C, 0x73, 0xD4, 0xED, 0x35, 0xCB, 0xF6, 0xE6,
    0x78, 0x64, 0xFF, 0x62, 0xD2, 0xC5, 0x6F, 0xA3, 0x8D, 0x84, 0xD3, 0x89, 0x94, 0x15, 0x05, 0xEA,
    0xA0, 0xED, 0x29, 0x80, 0x90, 0x98, 0x9A, 0xAF, 0x4D, 0x3E, 0x08, 0x00, 0xD3, 0xCE, 0xC5, 0xAC,
    0xC5, 0x44, 0x77, 0x3B, 0x9B, 0xE4, 0x9D, 0xB8, 0xF5, 0xE2, 0xC8, 0x09, 0x5C, 0x29, 0x77, 0x77,
    0x5B, 0x3B, 0x7F, 0x70, 0xA4, 0xF5, 0x67, 0x9C, 0xAF, 0xED, 0x8E, 0x64, 0x9E, 0x9A, 0xF9, 0x0B,
    0x00, 0x9B, 0x90, 0xEF, 0xDC, 0xF6, 0x44, 0x6E, 0xE1, 0xF9, 0xDE, 0xC9, 0x2D, 0xE0, 0x97, 0x04,
    0xD4, 0x41, 0x9E, 0x23, 0x9A, 0x10, 0x51, 0x1F, 0x68, 0x96, 0x4A, 0x7D, 0xF2, 0xFD, 0xCA, 0x7C,
    0x7A, 0xCC, 0xFE, 0xD4, 0x0A, 0x58, 0xF4, 0x4B, 0x79, 0x53, 0xB5, 0xE9, 0x73, 0x49, 0xC9, 0x11,
    0xB5, 0x58, 0x25, 0xA3, 0x56, 0x41, 0x24, 0x44, 0xE5, 0x98, 0xD7, 0x46, 0xD5, 0x93, 0x1C, 0xB5,
    0xD9, 0xD5, 0x26, 0x65, 0x9A, 0x77, 0x5D, 0x8E, 0xCF, 0xEF, 0xD0, 0x66, 0x49, 0x5A, 0x87, 0xA4,
    0x66, 0xD7, 0x8A, 0x2E, 0x5F, 0xD4, 0xF8, 0x12, 0xA3, 0xED, 0x70, 0x32, 0x68, 0xBB, 0x80, 0x75,
    0x6F, 0xE7, 0x4C, 0xA5, 0xC7, 0x01, 0xF8, 0x5D, 0x38, 0x82, 0x1A, 0x3E, 0x30, 0xD3, 0x03, 0xB5,
    0xDE, 0x50, 0x3A, 0x57, 0x2D, 0xEA, 0xFC, 0x56, 0x4E, 0x45, 0xE4, 0x10, 0x00, 0xE1, 0x90, 0x67,
    0xB6, 0xC9, 0xE0, 0x54, 0xE8, 0xE3, 0x68, 0x61, 0xF2, 0x7B, 0x2C, 0x7A, 0xCD, 0xC2, 0x5E, 0xD1,
    0x5E, 0x2D, 0xAF, 0x3D, 0x61, 0x2A, 0xA1, 0x12, 0x33, 0x25, 0x19, 0x29, 0x4D, 0xA7, 0xF2, 0xC0,
    0x3A, 0xCA, 0x63, 0xEB, 0x29, 0xA1, 0x99, 0x29, 0x4B, 0xBD, 0x68, 0x64, 0x3D, 0x1D, 0x34, 0xDD,
    0xDA, 0xD4, 0x26, 0xDD, 0x5B, 0xA5, 0x7E, 0xEB, 0xE7, 0xE8, 0x45, 0x1A, 0xF3, 0x31, 0x4B, 0x7B,
    0x60, 0x3C, 0x9B, 0xF6, 0xC8, 0xF8, 0x41, 0xD7, 0x84, 0xBE, 0xF3, 0x92, 0x79, 0xE3, 0xB9, 0x74,
    0x8F, 0xD2, 0x04, 0x29, 0x9C, 0xF1, 0xBC, 0xFF, 0x29, 0x10, 0x04, 0xC3, 0x46, 0xEE, 0xB2, 0x3F,
    0xD4, 0x91, 0xC1, 0x91, 0x50, 0x4F, 0x1F, 0xDA, 0xFD, 0xFF, 0x83, 0xF5, 0x57, 0x1F, 0xEA, 0x5C,
    0xF6, 0xDD, 0xDD, 0xE5, 0x68, 0x4F, 0x5F, 0xE6, 0xE9, 0xC0, 0x3A, 0x17, 0xB0, 0xE5, 0x9E, 0xCC,
    0x1D, 0x67, 0xA8, 0x62, 0x84, 0x09, 0x52, 0x8D, 0x5C, 0xC4, 0xD4, 0x91, 0x68, 0xE1, 0x61, 0xE1,
    0x77, 0x22, 0x1C, 0xB7, 0x52, 0xD8, 0x6F, 0xB0, 0x52, 0x8F, 0x84, 0x56, 0x91, 0x4A, 0xEF, 0x77,
    0xEB, 0x31, 0xC6, 0xDD, 0x5A, 0x30, 0xED, 0xD6, 0x0C, 0x97, 0xAC, 0xDC, 0x0F, 0x3E, 0x59, 0x85,
    0xB3, 0x73, 0xB2, 0xCA, 0xC9, 0x86, 0x64, 0x55, 0x63, 0xBD, 0xD2, 0xD2, 0xB4, 0x1D, 0x16, 0xD2,
    0x56, 0x6B, 0x3F, 0x8C, 0xA4, 0xF5, 0xC0, 0xFE, 0x29, 0x46, 0xB5, 0x2E, 0xED, 0x07, 0xBB, 0x15,
    0xEC, 0x08, 0x47, 0x2B, 0x9B, 0xED, 0xD8, 0x79, 0x5A, 0xB9, 0xB7, 0x63, 0x8A, 0x86, 0x14, 0xD1,
    0x6A, 0x16, 0x5A, 0xA5, 0xB3, 0x63, 0x9A, 0xF6, 0x0C, 0x2D, 0xF0, 0x88, 0xC0, 0x7D, 0xE1, 0xCF,
    0x2D, 0x8D, 0x0D, 0x09, 0xB5, 0x59, 0xD2, 0x35, 0x60, 0x43, 0xBA, 0x24, 0x86, 0x2D, 0xE9, 0x53,
    0xA8, 0xE6, 0x1E, 0x3D, 0xB5, 0x70, 0xC3, 0x48, 0x2D, 0x47, 0x3B, 0x45, 0x65, 0xF2, 0xBB, 0xCE,
    0x51, 0x63, 0x93, 0x3F, 0x0A, 0xD4, 0x47, 0xBB, 0xBE, 0x67, 0x7F, 0xB4, 0x51, 0x7D, 0x3C, 0xA8,
    0xA8, 0xB9, 0x8F, 0x87, 0xD4, 0x1B, 0x94, 0xD4, 0x09, 0xB0, 0xC1, 0x7E, 0x84, 0x70, 0x52, 0x31,
    0xA9, 0xBC, 0x43, 0xD5, 0xE1, 0x9F, 0x74, 0xC8, 0x4F, 0x31, 0x43, 0x4C, 0x62, 0xF7, 0x90, 0xE2,
    0x13, 0x6A, 0x1D, 0xF2, 0x85, 0x5A, 0x6D, 0xA5, 0xA7, 0x16, 0x78, 0x6B, 0xA4, 0x0A, 0xD0, 0x53,
    0xEE, 0x01, 0x3A, 0x73, 0xEB, 0x22, 0x8B, 0x9B, 0xBF, 0xBF, 0x62, 0x14, 0x31, 0x9B, 0x09, 0xD6,
    0x73, 0x77, 0x13, 0xD8, 0x01, 0x76, 0x8E, 0xBA, 0x48, 0xBA, 0xF5, 0x02, 0x2F, 0x36, 0x13, 0x8A,
    0x35, 0x8D, 0xBE, 0x39, 0x24, 0xA7, 0x66, 0x68, 0xD3, 0x9D, 0x8E, 0xBE, 0x82, 0x44, 0x1D, 0xA6,
    0x2E, 0x14, 0xC0, 0x68, 0xC3, 0xE0, 0xA8, 0x55, 0x10, 0xAB, 0xB7, 0xE4, 0x2E, 0xCC, 0x53, 0xE8,
    0x41, 0xE8, 0xBA, 0x87, 0x0F, 0xBB, 0xD3, 0x85, 0xBC, 0x52, 0xEC, 0x5F, 0xCF, 0x94, 0x87, 0xF8,
    0x7F, 0x3A, 0x94, 0x03, 0x8E, 0x9F, 0xE1, 0xDD, 0x59, 0x64, 0xF8, 0x10, 0x6F, 0x05, 0x11, 0xFC,
    0x21, 0xDE, 0xE4, 0xF8, 0xF5, 0x46, 0xFC, 0x93, 0x02, 0x05, 0xBE, 0x15, 0x85, 0xA3, 0x1B, 0x7A,
    0x8D, 0x5F, 0xF3, 0x49, 0x95, 0x85, 0x8F, 0xD5, 0x4F, 0x51, 0xAA, 0x00, 0xA4, 0x06, 0x60, 0x94,
    0x33, 0x33, 0x66, 0xD4, 0xC9, 0x2D, 0x7D, 0xE3, 0x97, 0x93, 0xAA, 0x58, 0xA1, 0xA9, 0xEF, 0x35,
    0x99, 0x19, 0xC6, 0x7C, 0x49, 0xA6, 0x0C, 0xBE, 0xF4, 0xBB, 0x69, 0x97, 0x7A, 0xDA, 0xCD, 0x7A,
    0xB5, 0xFD, 0x6E, 0x56, 0x80, 0xA8, 0x49, 0xAC, 0x6A, 0xA6, 0x74, 0x75, 0x6D, 0x6E, 0x29, 0x43,
    0x1D, 0xEC, 0xC7, 0x48, 0x15, 0x5B, 0x6F, 0x7D, 0x37, 0xD2, 0xD4, 0xC7, 0x02, 0xD6, 0xA9, 0x89,
    0xD1, 0xFA, 0xC6, 0xD3, 0xCC, 0x68, 0x9A, 0x99, 0x66, 0x7C, 0xF1, 0x44, 0xD0, 0xD4, 0x11, 0xAC,
    0x54, 0x53, 0xA7, 0xA3, 0x62, 0xE3, 0x01, 0x35, 0x21, 0x9A, 0x39, 0x5A, 0x60, 0xC5, 0x6C, 0x00,
    0x81, 0xA7, 0x79, 0x41, 0xB3, 0xF1, 0x3A, 0x98, 0x02, 0x90, 0xC3, 0x30, 0x5A, 0x90, 0xA8, 0xEF,
    0xC8, 0x19, 0x6C, 0xA6, 0x21, 0x70, 0xC6, 0xA9, 0x61, 0x17, 0xDB, 0xAB, 0x61, 0xD6, 0xED, 0xB4,
    0xC8, 0x0C, 0x84, 0x26, 0x77, 0x32, 0x74, 0x77, 0x7D, 0x70, 0x28, 0xDA, 0x2C, 0xFC, 0x58, 0x8B,
    0xED, 0x26, 0x4C, 0x29, 0xB4, 0x33, 0x62, 0x1A, 0x68, 0xE8, 0xA9, 0x71, 0x15, 0x72, 0x64, 0x70,
    0x76, 0x06, 0xEA, 0xCD, 0x20, 0xD4, 0x00, 0x9A, 0x39, 0x1A, 0xF1, 0xE3, 0x25, 0x0F, 0x22, 0x6F,
    0x9B, 0x88, 0x7A, 0xDB, 0x7F, 0xDD, 0x93, 0xB1, 0x26, 0x83, 0x81, 0x0F, 0xC5, 0xF5, 0xA9, 0x71,
    0x86, 0xB1, 0x73, 0xEC, 0x20, 0x97, 0x9E, 0x71, 0x62, 0x14, 0x51, 0x64, 0x69, 0x08, 0x12, 0x11,
    0x0E, 0xC4, 0x1D, 0x7A, 0x62, 0x49, 0x43, 0xD5, 0x5D, 0x5F, 0xDB, 0xDF, 0xAD, 0xE3, 0xF7, 0x77,
    0xF2, 0x6D, 0x8C, 0xD9, 0x80, 0x2D, 0xC5, 0xDF, 0x1A, 0xCD, 0x34, 0x26, 0x0C, 0x3D, 0x63, 0x39,
    0xCE, 0x40, 0x23, 0x47, 0x57, 0xA5, 0x46, 0x99, 0x5B, 0xD3, 0xD7, 0x53, 0xC1, 0x01, 0x6D, 0x5B,
    0xE8, 0xA0, 0x70, 0xBF, 0xDE, 0xFE, 0x4F, 0x2E, 0xBD, 0x3A, 0x6F, 0x5B, 0x3B, 0xD7, 0x5A, 0x3E,
    0x8B, 0xA7, 0xF7, 0xB7, 0x49, 0x7C, 0xB7, 0xE9, 0xFF, 0xFA, 0x14, 0xB2, 0x5A, 0x93, 0x6D, 0x83,
    0xFC, 0x1B, 0x5D, 0xB7, 0xB5, 0x76, 0xBB, 0x10, 0x88, 0x48, 0xD0, 0x77, 0x35, 0xBF, 0x9F, 0x21,
    0x58, 0x60, 0xAD, 0xB6, 0x96, 0x2B, 0x91, 0x57, 0x07, 0x06, 0xDA, 0x3E, 0xC0, 0xD6, 0x25, 0x5D,
    0xB9, 0x8C, 0x58, 0xB2, 0xFD, 0x0B, 0xB1, 0x19, 0xC6, 0xCF, 0xAA, 0x39, 0x7A, 0x3B, 0x47, 0x08,
    0x46, 0x5D, 0xC7, 0xC9, 0x30, 0xD9, 0xB9, 0xDC, 0xD8, 0x4F, 0x76, 0x6E, 0x16, 0xBD, 0xBA, 0xA1,
    0x5D, 0xF8, 0xEF, 0xF5, 0x82, 0x4E, 0x3D, 0xF8, 0x89, 0xDA, 0x2D, 0x2A, 0x06, 0x18, 0xCF, 0x55,
    0xFC, 0xCB, 0x71, 0x08, 0xE2, 0x5F, 0x57, 0x76, 0x52, 0x92, 0x7D, 0x11, 0x59, 0x8F, 0x64, 0xA5,
    0x2C, 0x95, 0xC5, 0x27, 0xB2, 0xEC, 0x8B, 0x55, 0xBC, 0xA1, 0xE7, 0xE3, 0x6B, 0x11, 0xF4, 0xFE,
    0xB1, 0x48, 0xF7, 0xF4, 0xAF, 0x16, 0x6D, 0x90, 0x4B, 0xDF, 0xEF, 0xD5, 0x1A, 0x3F, 0x15, 0xF3,
    0xF3, 0x6F, 0x71, 0xB7, 0xF5, 0xC2, 0x16, 0x16, 0x9B, 0x4E, 0x1A, 0xC7, 0xB7, 0xB8, 0x9D, 0x48,
    0x77, 0xFA, 0x16, 0xF7, 0x24, 0x7A, 0x63, 0xFC, 0x80, 0x04, 0x5A, 0xE5, 0x2F, 0x31, 0xD3, 0x9B,
    0x8D, 0x9C, 0x32, 0x74, 0xA7, 0x6F, 0x71, 0x4F, 0xCF, 0xF9, 0x16, 0x77, 0x60, 0x45, 0xE5, 0xC6,
    0x5A, 0x32, 0x4C, 0x0F, 0x97, 0xBD, 0xF6, 0xD4, 0x12, 0x75, 0x5C, 0x34, 0x62, 0x63, 0x42, 0xB5,
    0x4A, 0xE3, 0x35, 0x94, 0x99, 0xA1, 0x1F, 0x34, 0x62, 0xA8, 0xF8, 0x59, 0x7F, 0xFA, 0x21, 0xDA,
    0xF4, 0x84, 0x38, 0x6D, 0x18, 0xF4, 0x66, 0xF2, 0x31, 0x73, 0xE3, 0x0B, 0x68, 0x01, 0x67, 0x01,
    0x3D, 0x80, 0x15, 0xAB, 0x94, 0xBA, 0xA6, 0x12, 0xA3, 0x17, 0x8D, 0x34, 0x6F, 0xF6, 0x05, 0x7A,
    0x79, 0x20, 0xE9, 0x47, 0x4F, 0xE9, 0x06, 0x5B, 0x92, 0x43, 0x32, 0xEB, 0x5D, 0x95, 0xA5, 0x7B,
    0x2D, 0x77, 0x51, 0x9A, 0xA5, 0x98, 0x74, 0x5A, 0x2A, 0x47, 0x11, 0xD6, 0x41, 0xA9, 0x56, 0x9D,
    0xBB, 0x4A, 0x18, 0x39, 0x1E, 0x96, 0x49, 0x8E, 0xFF, 0x40, 0x11, 0x3C, 0x49, 0x12, 0x54, 0x86,
    0xE5, 0xB8, 0xB4, 0x28, 0x5E, 0xA5, 0x4E, 0x62, 0x26, 0xD9, 0xA7, 0xEA, 0x3E, 0x32, 0xC3, 0x64,
    0xE8, 0x86, 0x4F, 0xE5, 0x26, 0xA5, 0x6B, 0x0B, 0x9D, 0x64, 0x72, 0xB4, 0xA6, 0x15, 0x1E, 0xA2,
    0x8E, 0x15, 0x0F, 0x58, 0xE2, 0xA4, 0x4F, 0xFD, 0xDD, 0x23, 0xD2, 0xBF, 0xC7, 0xE2, 0x66, 0x96,
    0x6E, 0x9E, 0x7A, 0x72, 0x73, 0xC7, 0xE3, 0xA4, 0x02, 0xA3, 0xB6, 0x8B, 0xCC, 0x52, 0x70, 0xF5,
    0x43, 0x6D, 0x95, 0xFD, 0xF1, 0x46, 0x31, 0x5E, 0x97, 0x80, 0xF9, 0x52, 0x33, 0x87, 0x5C, 0x96,
    0x4E, 0x6E, 0xA6, 0x5F, 0x9B, 0x4E, 0xAC, 0xE6, 0x81, 0xBE, 0x5B, 0x68, 0xF8, 0xCF, 0x56, 0x69,
    0xD5, 0xDF, 0x4A, 0x3F, 0x8D, 0x4C, 0x05, 0xA5, 0xF4, 0x37, 0xDD, 0xDD, 0x0C, 0x1F, 0xEE, 0xA9,
    0x03, 0x5A, 0x35, 0x58, 0x87, 0x75, 0xC9, 0xE4, 0x12, 0x73, 0x51, 0x8B, 0x5A, 0xAE, 0xC9, 0xD4,
    0xE9, 0x33, 0x99, 0x74, 0x73, 0x39, 0x5E, 0x56, 0x70, 0x9D, 0x93, 0x0C, 0xDF, 0xA3, 0x39, 0xD1,
    0x73, 0xC6, 0x07, 0xF0, 0xFA, 0x65, 0x19, 0xB6, 0x53, 0x7F, 0x8B, 0x9B, 0x4C, 0xEB, 0xE5, 0x3D,
    0x35, 0x35, 0xF6, 0x36, 0xEF, 0x66, 0x1D, 0x32, 0xAF, 0xA6, 0xFA, 0x3F, 0x6E, 0x37, 0xCB, 0xAD,
    0x98, 0x44, 0x0B, 0x1B, 0x0B, 0x94, 0xA3, 0x68, 0x15, 0x7D, 0x8E, 0x7F, 0xD9, 0xA7, 0x8A, 0x5B,
    0xC1, 0xF7, 0x8E, 0xE6, 0x0C, 0x3F, 0x3D, 0x1A, 0xD9, 0xAD, 0x42, 0x55, 0xFF, 0x2A, 0x1C, 0x07,
    0x54, 0x2F, 0xC7, 0x61, 0x9A, 0xF9, 0x38, 0x78, 0x3D, 0x17, 0x29, 0x55, 0xEE, 0x30, 0xCD, 0x28,
    0xB7, 0xBF, 0x44, 0x2A, 0x56, 0x8E, 0xB4, 0x1D, 0x56, 0x15, 0x4E, 0x56, 0x01, 0x7F, 0x98, 0x5B,
    0x2B, 0x69, 0xF0, 0xE8, 0xE0, 0x3B, 0x14, 0x80, 0x57, 0x83, 0x63, 0x40, 0x05, 0x29, 0x67, 0xEB,
    0xE9, 0x5F, 0x49, 0xE1, 0x38, 0x3E, 0x7C, 0x17, 0x6D, 0x39, 0x0D, 0x8E, 0x4F, 0x7C, 0xFA, 0x6A,
    0x1F, 0x54, 0x46, 0xD3, 0xAB, 0x31, 0x4C, 0xB5, 0xD0, 0x98, 0xAC, 0x6F, 0x92, 0xD1, 0xF8, 0xD7,
    0xD5, 0x18, 0xEB, 0xE5, 0x51, 0x32, 0x4C, 0x58, 0x84, 0xBB, 0x8F, 0xE5, 0x3A, 0x8B, 0x0E, 0x38,
    0x6C, 0x8A, 0x0E, 0x3A, 0x39, 0x5C, 0x1A, 0x78, 0x04, 0xA3, 0x0E, 0x3E, 0x6A, 0xE8, 0x00, 0x24,
    0xDD, 0xE9, 0xC8, 0xBA, 0x5D, 0x05, 0xBB, 0x66, 0xEB, 0x6E, 0x14, 0x61, 0x37, 0xAA, 0xF9, 0x94,
    0xD7, 0x25, 0xAD, 0xB1, 0xEF, 0xDD, 0x2C, 0x67, 0x9D, 0x57, 0xA7, 0x8E, 0xC5, 0x85, 0x48, 0x97,
    0xEE, 0xCD, 0x9F, 0xFD, 0x8A, 0x83, 0x6B, 0xE5, 0x06, 0x06, 0x57, 0xC5, 0xFA, 0x66, 0xE6, 0x99,
    0xB0, 0x9E, 0xB7, 0x19, 0xCB, 0xAA, 0xD6, 0x81, 0xDC, 0xD2, 0x5A, 0xF2, 0x93, 0x99, 0x72, 0xA6,
    0xBD, 0x52, 0x09, 0xA9, 0xB4, 0x54, 0x72, 0x09, 0xD6, 0x92, 0x01, 0xB1, 0xC6, 0x54, 0x7B, 0x6A,
    0x49, 0x6A, 0x55, 0x72, 0xEB, 0x25, 0xA3, 0xA9, 0x17, 0x72, 0x8A, 0x78, 0x62, 0x15, 0xB3, 0xFE,
    0x15, 0xE7, 0x0D, 0x51, 0xEF, 0x47, 0x7F, 0x17, 0x64, 0x3D, 0xA6, 0x73, 0xCC, 0x07, 0xBC, 0x42,
    0xB3, 0x30, 0x22, 0xED, 0x74, 0x37, 0x16, 0xD0, 0x97, 0xC0, 0xC6, 0x42, 0xB9, 0xF4, 0x5A, 0x53,
    0x45, 0x4C, 0x8D, 0x93, 0x94, 0xB0, 0xB5, 0xAA, 0x39, 0xAB, 0x64, 0x2A, 0xA6, 0x87, 0xC9, 0x28,
    0xC7, 0xFF, 0xB2, 0x3E, 0xD3, 0xDB, 0xF9, 0xC9, 0x90, 0xF7, 0xE4, 0x99, 0xC7, 0xA1, 0x65, 0x2B,
    0x37, 0xD2, 0x7D, 0x5C, 0xA4, 0xC5, 0x35, 0xB0, 0xE4, 0xBA, 0x34, 0x5A, 0xCB, 0x50, 0xAE, 0xFA,
    0x2D, 0xCE, 0x7C, 0xAD, 0x96, 0x1C, 0xBC, 0x41, 0xD6, 0x72, 0xFF, 0x22, 0xCD, 0x92, 0xEF, 0x07,
    0xDA, 0xCA, 0xAB, 0x32, 0x4C, 0xC3, 0x24, 0x69, 0x85, 0x80, 0x64, 0x74, 0x87, 0xE1, 0x3F, 0x95,
    0x31, 0xB8, 0xBD, 0x9C, 0xC1, 0x53, 0xF5, 0x72, 0x15, 0x71, 0xA2, 0x4E, 0x0F, 0xFB, 0x22, 0xD7,
    0x68, 0x68, 0x11, 0x5F, 0x1A, 0xC1, 0xAE, 0xE3, 0x6B, 0x63, 0x5F, 0xA0, 0xDE, 0xBF, 0x2F, 0x1B,
    0x8A, 0xF4, 0xD3, 0x29, 0x1E, 0xCE, 0x53, 0x3D, 0x50, 0xA5, 0x48, 0x03, 0xA7, 0x6A, 0x81, 0x9E,
    0x7A, 0x59, 0x25, 0xFD, 0x93, 0x7F, 0xFC, 0x50, 0xF5, 0xB8, 0x68, 0x87, 0x5D, 0x9B, 0x5D, 0xBF,
    0xB1, 0xAB, 0x93, 0xBB, 0xD2, 0xC3, 0x45, 0xEE, 0xA7, 0x85, 0xB0, 0xA4, 0x27, 0x66, 0xCD, 0x7F,
    0xDA, 0xAA, 0x20, 0x8D, 0x37, 0xDF, 0x0D, 0xC5, 0x26, 0xD6, 0x99, 0x96, 0x0B, 0xB1, 0xC1, 0xFD,
    0x3D, 0xF9, 0x5D, 0x7D, 0x2C, 0x28, 0x3A, 0x95, 0xBC, 0xAC, 0x6A, 0x87, 0xD0, 0xF5, 0x73, 0xB1,
    0x1D, 0x85, 0x9E, 0x83, 0xB7, 0xD5, 0x8F, 0x09, 0x7B, 0x4F, 0x00, 0xFF, 0x17, 0x70, 0xFA, 0xCC,
    0x6E, 0xF7, 0x93, 0x8E, 0x67, 0xE0, 0x03, 0xF6, 0x43, 0xFE, 0xE7, 0x26, 0x1B, 0xD5, 0x78, 0x55,
    0xE4, 0xFC, 0xB4, 0x67, 0xDB, 0xFE, 0xBB, 0x20, 0x83, 0x51, 0x63, 0x9E, 0x62, 0xE1, 0x64, 0xF0,
    0x32, 0x68, 0xF0, 0xB3, 0x9B, 0xE9, 0x59, 0xDB, 0x85, 0xAF, 0x7A, 0x94, 0xE6, 0x14, 0xF3, 0xAC,
    0x57, 0xBE, 0xF6, 0x98, 0xE7, 0x46, 0xA3, 0x02, 0x5F, 0x1A, 0xFC, 0xE4, 0xCB, 0xB4, 0x69, 0x05,
    0xD4, 0xD6, 0xDA, 0x76, 0x83, 0xBE, 0xD1, 0x83, 0xA9, 0xD3, 0x4C, 0x83, 0xD1, 0x62, 0x7C, 0x44,
    0x63, 0x7A, 0x8C, 0xE9, 0x52, 0xCF, 0x77, 0x18, 0x9C, 0x4E, 0xA7, 0x1F, 0xCF, 0xDD, 0xC7, 0x3A,
    0xAB, 0xFD, 0xDC, 0xC7, 0xF8, 0xA7, 0x06, 0x3F, 0x5D, 0x8C, 0x7F, 0xEA, 0xF9, 0x1B, 0x1B, 0xF4,
    0x69, 0xC4, 0xD8, 0x03, 0x88, 0x38, 0x45, 0x06, 0xD9, 0x1F, 0xFB, 0x18, 0x5A, 0xCD, 0x47, 0x1F,
    0x1C, 0x5D, 0xC0, 0x1E, 0xC8, 0x47, 0xEA, 0x3F, 0xFA, 0x9A, 0xF4, 0x72, 0x2B, 0x55, 0x8B, 0x58,
    0x27, 0x56, 0x3A, 0xED, 0xDF, 0x21, 0x06, 0x4B, 0x7B, 0x33, 0xEF, 0xC1, 0xD2, 0x65, 0x0F, 0x96,
    0x06, 0x6A, 0x0A, 0x92, 0xF6, 0xD4, 0x8D, 0x5A, 0xCF, 0x19, 0xA4, 0x6E, 0x39, 0x43, 0xA0, 0xD5,
    0x60, 0x69, 0x86, 0xFE, 0x01, 0xE7, 0xBB, 0x42, 0x8F, 0xB0, 0xD8, 0x0C, 0xA6, 0xF7, 0xA2, 0xA2,
    0xB1, 0x2E, 0x05, 0x4B, 0x9B, 0x9F, 0xA7, 0x60, 0x69, 0xAD, 0x07, 0x05, 0x6F, 0x4E, 0xC1, 0xD2,
    0x95, 0x3A, 0xB4, 0xD5, 0x7C, 0xFE, 0x93, 0x36, 0x41, 0x6B, 0x17, 0xD6, 0xC9, 0x45, 0x7E, 0x15,
    0x1A, 0x2F, 0xA5, 0xFE, 0xA4, 0xAD, 0xED, 0x9C, 0x76, 0xDB, 0x4B, 0xFE, 0xA4, 0x8D, 0x38, 0xD6,
    0x54, 0xA9, 0xAF, 0x2A, 0xE8, 0x85, 0xF5, 0xBF, 0xFE, 0xB5, 0x48, 0x87, 0x55, 0xA4, 0x22, 0xC4,
    0x3C, 0x0F, 0x75, 0xBA, 0xC6, 0x83, 0x82, 0x03, 0x45, 0x54, 0x6F, 0x16, 0x1B, 0xAC, 0xAF, 0x43,
    0xE7, 0xCC, 0x32, 0x38, 0xE3, 0x5E, 0xF0, 0xA5, 0x30, 0xAD, 0xBD, 0x5E, 0x73, 0x29, 0x01, 0x9E,
    0x1A, 0x91, 0xF2, 0x05, 0x6F, 0x91, 0xAF, 0x13, 0x0F, 0xF6, 0x47, 0x0B, 0xBF, 0x21, 0x8B, 0x48,
    0xF3, 0xE7, 0x9E, 0x1B, 0x8F, 0x9F, 0xF4, 0xD5, 0xCB, 0xE9, 0x47, 0x55, 0x97, 0xF5, 0xF4, 0x75,
    0x59, 0xF2, 0xD1, 0x7E, 0xCB, 0x8B, 0x34, 0x7F, 0x39, 0x9D, 0x3C, 0x95, 0x8E, 0xD9, 0xEC, 0x1A,
    0xF1, 0x64, 0xE8, 0x45, 0x16, 0x06, 0x14, 0x7C, 0x96, 0x06, 0xF2, 0xE3, 0x1B, 0x3C, 0x7B, 0x65,
    0xB6, 0x03, 0x80, 0x2D, 0xA4, 0x9A, 0xEF, 0xCF, 0x72, 0x0F, 0x9B, 0x00, 0x10, 0x2C, 0xA6, 0xDF,
    0xDA, 0x72, 0x7C, 0xB4, 0xCE, 0x7F, 0xD2, 0x64, 0x8F, 0x65, 0x90, 0x5A, 0x7E, 0x47, 0x16, 0x69,
    0xA5, 0x5A, 0x59, 0xFF, 0x53, 0xB9, 0xBC, 0x07, 0x1F, 0xE4, 0xBE, 0x97, 0xBD, 0x51, 0x87, 0x43,
    0x74, 0x98, 0xBE, 0x6A, 0x4F, 0xA6, 0x2B, 0x7A, 0x79, 0x7E, 0xBA, 0xBF, 0x1C, 0xD4, 0xDD, 0x49,
    0xDD, 0x9D, 0x2C, 0xDB, 0xB4, 0x3B, 0x39, 0xCA, 0x17, 0x9A, 0xAA, 0xE5, 0x50, 0x8B, 0xA3, 0xF9,
    0x73, 0x99, 0xDA, 0x3A, 0x57, 0xBD, 0xDB, 0xBB, 0xCB, 0xE5, 0xFD, 0x17, 0x51, 0xDD, 0x7C, 0xD0,
    0x6E, 0x42, 0x82, 0x03, 0x72, 0xD5, 0x2A, 0x5F, 0xF2, 0x30, 0xAB, 0xAB, 0xA4, 0x47, 0x21, 0x9A,
    0xE6, 0x3B, 0xBB, 0x3A, 0x73, 0x27, 0xAB, 0x98, 0x4E, 0x56, 0x79, 0x58, 0xD5, 0xF8, 0x8C, 0xDB,
    0xF6, 0x1B, 0x87, 0xD7, 0x66, 0x5A, 0x69, 0x5A, 0x91, 0x3F, 0x48, 0x99, 0x92, 0xB3, 0x56, 0x38,
    0xD9, 0xAF, 0xC1, 0x3C, 0x05, 0xD7, 0x59, 0x41, 0x20, 0x16, 0x6D, 0x01, 0xD1, 0xA6, 0x51, 0xF7,
    0xD3, 0xA5, 0x8B, 0x43, 0xB1, 0x1F, 0xDB, 0xD6, 0x76, 0x21, 0x59, 0x98, 0xEF, 0xED, 0xD6, 0xC3,
    0x20, 0xBF, 0x25, 0x29, 0xFD, 0x2B, 0xF9, 0xAC, 0xE9, 0xD5, 0xE3, 0x1E, 0x7B, 0x44, 0x3C, 0x21,
    0xFE, 0x7F, 0x75, 0x57, 0x00, 0x69, 0x49, 0x96, 0x9E, 0x4F, 0xDD, 0xEA, 0xED, 0xCA, 0x6E, 0xA1,
    0x16, 0x83, 0x30, 0xB1, 0x15, 0x2C, 0x16, 0xE9, 0x29, 0x08, 0x06, 0xEF, 0x75, 0x55, 0x67, 0xC2,
    0x92, 0xC6, 0x2C, 0x08, 0xC0, 0x04, 0x40, 0x22, 0x12, 0x04, 0x8D, 0xD7, 0x5D, 0x15, 0x83, 0xC1,
    0x20, 0x00, 0x08, 0x36, 0x18, 0x48, 0x60, 0x17, 0x83, 0xC6, 0x9B, 0xAE, 0x8A, 0xC5, 0x20, 0x48,
    0xAD, 0x20, 0x80, 0x2D, 0xB2, 0x48, 0xC0, 0x14, 0x6A, 0xED, 0xDD, 0x55, 0x55, 0x7F, 0xCE, 0xF7,
    0xFD, 0x75, 0xEA, 0x9E, 0xFB, 0xEE, 0xBB, 0xEF, 0xDD, 0xEE, 0x7E, 0x33, 0x3D, 0x7D, 0xF4, 0xFD,
    0xBE, 0x52, 0xB7, 0xFA, 0xDD, 0xAA, 0xBF, 0x4E, 0x9D, 0x3A, 0xE7, 0x9C, 0xFF, 0xFF, 0xFE, 0x69,
    0x9D, 0x5A, 0x2F, 0xD7, 0x6E, 0x59, 0x6E, 0xE8, 0x0D, 0x11, 0x75, 0x9C, 0xCC, 0xFC, 0xA1, 0x31,
    0x31, 0x23, 0xDA, 0x17, 0x5B, 0x85, 0x6E, 0x8B, 0xA4, 0xE6, 0x5A, 0x4A, 0x6A, 0x5C, 0x79, 0x40,
    0x74, 0xF2, 0x05, 0xAA, 0xD1, 0x63, 0xC2, 0x21, 0xEA, 0x41, 0x63, 0x02, 0x32, 0xB2, 0x44, 0x86,
    0xFE, 0xDF, 0xDB, 0xA3, 0x3A, 0xD4, 0x2B, 0x75, 0x7E, 0xAD, 0x8A, 0x7D, 0x7B, 0xB8, 0x2A, 0x94,
    0x17, 0x4A, 0xAE, 0x93, 0xF1, 0xED, 0xF4, 0x6A, 0xDF, 0x3D, 0x25, 0x61, 0xBB, 0xBB, 0x94, 0x94,
    0x98, 0x57, 0xFA, 0x8A, 0x02, 0x4A, 0x71, 0x18, 0x6D, 0xE5, 0xAF, 0x96, 0xDD, 0x1A, 0x95, 0xF5,
    0x3B, 0x80, 0x06, 0x13, 0x69, 0x98, 0xC9, 0x91, 0x80, 0xAC, 0x45, 0x3C, 0x27, 0xC2, 0x71, 0x2E,
    0x50, 0xEF, 0x7F, 0xBF, 0xC9, 0xA5, 0x3A, 0x17, 0xD5, 0x1E, 0x1D, 0x89, 0x1F, 0x9B, 0xFC, 0xD3,
    0xFD, 0x73, 0xC0, 0xDF, 0x22, 0x7E, 0xEC, 0x43, 0x44, 0xCF, 0x3C, 0xD6, 0xA8, 0xF6, 0xC2, 0xC2,
    0x96, 0x75, 0x10, 0x90, 0x02, 0xBE, 0x7B, 0x4B, 0x54, 0x7B, 0x3D, 0xBE, 0x3B, 0x99, 0x7A, 0xAA,
    0xA5, 0xC1, 0x90, 0xB8, 0x8F, 0xD0, 0xFF, 0x8D, 0x96, 0x00, 0xB9, 0x64, 0xDC, 0x87, 0x89, 0xE0,
    0xEF, 0x8B, 0x00, 0x8F, 0x7F, 0x6A, 0xE1, 0x63, 0x19, 0x22, 0xF9, 0x25, 0xD6, 0xCF, 0x6A, 0x3C,
    0x3D, 0xEF, 0x0A, 0xEF, 0x3C, 0x20, 0x6E, 0x2C, 0x84, 0xC5, 0xCE, 0x38, 0x89, 0x9E, 0xC1, 0xA8,
    0x80, 0xC2, 0x46, 0x3E, 0x6A, 0x5C, 0x35, 0x48, 0x00, 0x19, 0xEC, 0x22, 0x0A, 0x11, 0xCF, 0xFE,
    0xAE, 0xE1, 0x88, 0x49, 0x50, 0x7A, 0x7E, 0x38, 0x88, 0x09, 0x71, 0x93, 0xF8, 0x49, 0x8E, 0x77,
    0x20, 0x4E, 0xF2, 0xC3, 0xBA, 0x5D, 0xC1, 0xE7, 0xB3, 0xD7, 0xA8, 0xEB, 0xC7, 0xAF, 0xC7, 0xF9,
    0x91, 0x25, 0xCE, 0x8F, 0x6C, 0xF7, 0xB9, 0x17, 0xE9, 0xF7, 0xFC, 0x9C, 0x74, 0xFE, 0x0B, 0xF2,
    0x0A, 0xF8, 0x6B, 0x8A, 0xCF, 0x89, 0x4F, 0x88, 0x3F, 0x24, 0x1A, 0x73, 0x53, 0xA8, 0x69, 0x8B,
    0x3D, 0xDA, 0xC0, 0xC6, 0x33, 0xD0, 0x09, 0xFB, 0x35, 0xC4, 0x16, 0x58, 0x77, 0xC0, 0xB2, 0x57,
    0xC4, 0x45, 0xF1, 0x81, 0x59, 0x51, 0x07, 0x70, 0xC4, 0xD6, 0x3C, 0xE5, 0x3C, 0xC1, 0xCC, 0x79,
    0x22, 0x29, 0x42, 0x6A, 0x9B, 0x1C, 0x0A, 0x5C, 0xCC, 0x0A, 0x89, 0x98, 0x67, 0x5C, 0x8A, 0x5B,
    0xE1, 0x1E, 0xC0, 0x38, 0xA8, 0xAF, 0xB8, 0xA4, 0xEE, 0xFC, 0x01, 0xB3, 0x2D, 0x9F, 0xE0, 0x04,
    0x2D, 0x9C, 0xC8, 0xA8, 0x80, 0x4A, 0xEC, 0xE0, 0x01, 0x5E, 0x64, 0x2F, 0xD0, 0x09, 0x5E, 0x1C,
    0x22, 0x28, 0xE1, 0x37, 0xE3, 0x14, 0x3A, 0x93, 0x76, 0x34, 0x64, 0xD6, 0xE4, 0x8B, 0x45, 0xBB,
    0x9C, 0xE2, 0x58, 0xA1, 0xF4, 0x67, 0x89, 0x45, 0x13, 0xFF, 0x7B, 0x77, 0x2F, 0x6A, 0xEC, 0x46,
    0x62, 0x0A, 0x03, 0x3D, 0x30, 0xF5, 0x23, 0xE9, 0x43, 0xD1, 0xD1, 0xE1, 0xE7, 0x76, 0xE3, 0x73,
    0x8E, 0x15, 0xED, 0x06, 0x0D, 0xF0, 0x83, 0x50, 0x96, 0x06, 0xF4, 0x63, 0x89, 0x2B, 0x1D, 0x7F,
    0x2E, 0x6F, 0x09, 0xAE, 0x7E, 0xD3, 0xEA, 0xF6, 0x2B, 0x0D, 0x05, 0x0D, 0x85, 0x3E, 0xA1, 0x68,
    0x3C, 0x60, 0x2E, 0x3A, 0x6A, 0xD1, 0x86, 0xB0, 0x32, 0x4E, 0x9A, 0xA6, 0xC7, 0x25, 0xA8, 0x8F,
    0x8A, 0x2E, 0x31, 0x85, 0x3A, 0xEA, 0x5A, 0x4E, 0xB5, 0xD2, 0xEA, 0x10, 0xC8, 0xA8, 0xFA, 0x8A,
    0x94, 0x1E, 0x60, 0x89, 0xDC, 0x46, 0xA0, 0x1B, 0xBE, 0xCF, 0xD4, 0x85, 0xDB, 0x38, 0x3B, 0xBE,
    0x61, 0xED, 0x13, 0x0B, 0xDC, 0xFA, 0xF3, 0x11, 0x5C, 0x8F, 0xE7, 0xEF, 0x19, 0xD9, 0x06, 0xC3,
    0xF3, 0x3F, 0x48, 0x70, 0x82, 0xED, 0x1F, 0x9B, 0xB0, 0x29, 0x7B, 0x34, 0x11, 0x9B, 0xB6, 0xEC,
    0x53, 0x76, 0x52, 0xCB, 0x5E, 0x83, 0x19, 0xCB, 0x7E, 0x5C, 0xC6, 0x61, 0x6E, 0xB1, 0x9D, 0xAE,
    0x96, 0x63, 0x09, 0xE9, 0x03, 0xCE, 0x7E, 0xE4, 0x58, 0x0A, 0xEA, 0x4A, 0xAC, 0xA6, 0x1B, 0x28,
    0x5F, 0x26, 0x18, 0xCF, 0xD3, 0xD5, 0x13, 0x6D, 0x53, 0xBD, 0x0D, 0xA5, 0x2D, 0x27, 0xFE, 0xAE,
    0xD4, 0x1D, 0x38, 0x96, 0x2B, 0xD3, 0x68, 0xE9, 0xC2, 0xC9, 0x2D, 0xBC, 0x46, 0xF0, 0x8E, 0x86,
    0xED, 0x68, 0xDE, 0x6D, 0x04, 0x8B, 0xC1, 0x16, 0x1A, 0x54, 0x4B, 0xC0, 0xB5, 0x2B, 0x55, 0x9C,
    0x31, 0xA8, 0xFD, 0x95, 0x2A, 0x15, 0x0A, 0xF9, 0x0E, 0xAE, 0xE0, 0x19, 0x65, 0x5E, 0xB0, 0xC5,
    0xE7, 0x41, 0xF0, 0x57, 0x70, 0xDB, 0x2A, 0xD5, 0x96, 0xE2, 0xCC, 0x51, 0x30, 0xAC, 0x46, 0xCF,
    0x57, 0x28, 0xDD, 0xD8, 0x2A, 0x1A, 0x38, 0xE2, 0x63, 0xEC, 0x69, 0xDE, 0x62, 0x4D, 0x2F, 0x1D,
    0x33, 0x7A, 0x68, 0x64, 0xB4, 0x0D, 0xE6, 0x7C, 0xFC, 0x95, 0x29, 0x75, 0x9A, 0x4E, 0xA6, 0xC9,
    0xF2, 0x6C, 0xD2, 0xB1, 0xAE, 0xCA, 0x01, 0xCF, 0x53, 0x84, 0xA7, 0x29, 0x46, 0x7F, 0xB4, 0x77,
    0xEB, 0x53, 0xBC, 0xE7, 0xD4, 0xAD, 0xCC, 0xD4, 0xE9, 0x3C, 0x6B, 0x81, 0xF4, 0xA6, 0xDD, 0x30,
    0x0E, 0x34, 0x6A, 0x3A, 0x8B, 0x09, 0x9D, 0x4B, 0x7E, 0xC0, 0x06, 0xE1, 0x8C, 0xF8, 0x84, 0xD8,
    0x03, 0xFF, 0xAC, 0x05, 0xFE, 0xB8, 0x02, 0x4A, 0x47, 0x1C, 0x81, 0x8F, 0x85, 0xDF, 0xEA, 0x32,
    0xA9, 0x34, 0xC0, 0xBA, 0xF3, 0xA2, 0xD4, 0x3D, 0x01, 0xBB, 0x58, 0x34, 0x68, 0xB9, 0xD1, 0x1A,
    0xAA, 0xD5, 0xD3, 0xAB, 0x9B, 0x8A, 0x97, 0x5E, 0x95, 0x3C, 0x3B, 0x40, 0x3A, 0x85, 0xCF, 0xC0,
    0x04, 0x0E, 0x55, 0xD5, 0x7B, 0x09, 0x2A, 0xC8, 0xC5, 0x7D, 0x63, 0x91, 0x43, 0xC2, 0x4D, 0x07,
    0x0C, 0x1B, 0x60, 0x6A, 0x80, 0x52, 0x11, 0x07, 0xEE, 0x99, 0x80, 0xB1, 0x00, 0x43, 0xA9, 0x70,
    0x3C, 0x5D, 0x00, 0x19, 0x66, 0x22, 0xE8, 0x60, 0xD3, 0x09, 0xBC, 0xB1, 0x18, 0x6B, 0x37, 0xB4,
    0x26, 0x66, 0x07, 0x01, 0x20, 0x8A, 0xA1, 0x87, 0x46, 0x57, 0x0E, 0xB6, 0xA4, 0x6C, 0x62, 0x2D,
    0xA9, 0x79, 0xE1, 0x66, 0xF8, 0x13, 0x50, 0xD8, 0xDD, 0x03, 0x45, 0x74, 0xBC, 0xB8, 0x48, 0x0A,
    0x52, 0x6A, 0x48, 0xE7, 0x4A, 0xCF, 0x49, 0xCF, 0x7A, 0x92, 0x6C, 0x95, 0xA4, 0xE0, 0x4E, 0x69,
    0x79, 0x88, 0xF4, 0xA4, 0x7C, 0x20, 0x65, 0x23, 0x29, 0x99, 0x8D, 0x5A, 0x98, 0x14, 0xEA, 0x7D,
    0x08, 0xA4, 0xE5, 0x49, 0xC8, 0xB0, 0xAC, 0xA8, 0x17, 0xA0, 0xFB, 0x20, 0x4C, 0x70, 0x58, 0x0C,
    0xA5, 0x4D, 0xA4, 0x88, 0x3F, 0xA6, 0x30, 0xDC, 0xA6, 0x89, 0xE4, 0xCC, 0x9E, 0x87, 0xC5, 0xE7,
    0xC0, 0xF3, 0x1E, 0x98, 0xB7, 0x40, 0xE9, 0x88, 0x13, 0xF7, 0x48, 0x81, 0x6F, 0xA5, 0xC1, 0x91,
    0xD2, 0x19, 0xF6, 0xA2, 0x96, 0x1E, 0x68, 0xC2, 0xA9, 0x38, 0xBA, 0xEA, 0xF4, 0xFC, 0x95, 0x9E,
    0x0F, 0x5A, 0x07, 0xAC, 0x07, 0x2A, 0x7A, 0x0D, 0x94, 0x54, 0x04, 0xC6, 0xC5, 0xDF, 0xA3, 0xDF,
    0x4C, 0xBB, 0x3D, 0xE0, 0x89, 0xBF, 0xBF, 0xAB, 0x6F, 0x8F, 0x0E, 0xEB, 0xDB, 0xE4, 0xD7, 0x37,
    0x5E, 0xA1, 0xB4, 0xC0, 0xBA, 0x07, 0xE6, 0xDB, 0x9D, 0xFA, 0x41, 0x32, 0x2F, 0x73, 0x4F, 0xAC,
    0xE1, 0x5A, 0xDB, 0x27, 0xE0, 0xBB, 0xD3, 0x0D, 0x9E, 0xAD, 0x0E, 0xB9, 0x87, 0xB8, 0x99, 0x81,
    0xBA, 0xFE, 0xAE, 0x35, 0xED, 0xC9, 0x77, 0x77, 0x35, 0xAD, 0x05, 0x86, 0xD5, 0xAE, 0xA6, 0xCD,
    0xC5, 0xAE, 0xA6, 0x25, 0x93, 0xD6, 0x31, 0x1E, 0xA9, 0xCE, 0x27, 0x5A, 0xD3, 0xEA, 0x7E, 0xF5,
    0x6C, 0xED, 0x53, 0xD6, 0xB4, 0x0D, 0x50, 0xCD, 0xA4, 0x76, 0x9A, 0x43, 0x1A, 0x6A, 0x4B, 0x4B,
    0xFD, 0xBC, 0xA7, 0xA9, 0xBE, 0x0F, 0x4A, 0x0C, 0xA5, 0x17, 0x1F, 0x18, 0x67, 0x2D, 0x35, 0x97,
    0xB3, 0x97, 0x1A, 0xCC, 0x59, 0x4C, 0x4D, 0xB6, 0xD8, 0xCC, 0x19, 0x4D, 0xAD, 0x46, 0x42, 0x3B,
    0xA2, 0x76, 0x5B, 0x0C, 0xB7, 0x58, 0x6E, 0x31, 0x9D, 0x51, 0xDB, 0x19, 0x35, 0x9E, 0x51, 0xEB,
    0xD5, 0xA0, 0xBA, 0x02, 0x85, 0xD2, 0xBE, 0x08, 0xA4, 0xB3, 0x95, 0x07, 0x32, 0xE8, 0x69, 0x50,
    0x80, 0xCE, 0x8C, 0x79, 0x62, 0x09, 0xD5, 0xD8, 0x52, 0x4F, 0xFA, 0xB2, 0x21, 0x49, 0xA7, 0x34,
    0xE9, 0x4E, 0x29, 0x40, 0x70, 0x10, 0xC2, 0x91, 0xD2, 0x91, 0xCA, 0x81, 0xA4, 0x8E, 0x46, 0x6D,
    0x8A, 0x06, 0x95, 0x81, 0xCB, 0x20, 0x53, 0x1F, 0x57, 0x0F, 0xCB, 0x87, 0x57, 0x21, 0x5B, 0x1C,
    0xBD, 0xF2, 0x5F, 0x89, 0xAE, 0x95, 0xE7, 0x43, 0xC9, 0x94, 0x92, 0xE3, 0x72, 0x37, 0x3E, 0x1D,
    0x8C, 0xF1, 0x12, 0x29, 0x32, 0x9D, 0x47, 0x9D, 0x6E, 0x40, 0x11, 0x87, 0x37, 0x1E, 0xC9, 0xE7,
    0x52, 0x0E, 0xC6, 0x78, 0x31, 0x31, 0x24, 0x06, 0x44, 0x73, 0x0C, 0x97, 0x2B, 0x94, 0xCE, 0x31,
    0xAD, 0x3F, 0xC4, 0x9D, 0xDA, 0x21, 0x3C, 0xC2, 0x9B, 0x56, 0xD9, 0x98, 0xE3, 0x6C, 0x8B, 0xC7,
    0xDC, 0xFF, 0xEA, 0xEC, 0x6E, 0x88, 0xBB, 0x23, 0x1E, 0x73, 0x9C, 0xA0, 0x44, 0xEB, 0x4E, 0x61,
    0x4F, 0xE3, 0x04, 0x7B, 0x64, 0x16, 0x32, 0x2B, 0x89, 0xF8, 0x64, 0x92, 0x5B, 0x48, 0x4D, 0xBD,
    0xD8, 0x7A, 0x47, 0xDA, 0xE9, 0xD9, 0x6D, 0x84, 0xAA, 0xE1, 0xB6, 0x6C, 0xF4, 0x77, 0xB4, 0x81,
    0x26, 0x48, 0x37, 0xC4, 0xC9, 0x26, 0xC5, 0xE2, 0x8E, 0x91, 0x46, 0x37, 0xD6, 0x6E, 0x3B, 0x6E,
    0x94, 0x6E, 0xA4, 0xDB, 0x65, 0x23, 0x19, 0x0F, 0x36, 0x26, 0xBD, 0xD5, 0x76, 0x43, 0x44, 0x72,
    0xC1, 0x0A, 0xE1, 0xBA, 0x61, 0xB4, 0x70, 0x63, 0x37, 0xE5, 0x19, 0x37, 0xEA, 0x97, 0x63, 0x20,
    0x5A, 0xD8, 0x71, 0xA3, 0xD7, 0x17, 0x29, 0x97, 0x2C, 0xC0, 0x30, 0x28, 0x8F, 0x55, 0xA7, 0x08,
    0xCF, 0x3C, 0xE4, 0x84, 0x6F, 0x13, 0x17, 0xE7, 0x70, 0x1A, 0xCB, 0x5C, 0x29, 0xBB, 0x38, 0x88,
    0x58, 0x94, 0x03, 0x69, 0xC8, 0x46, 0x5A, 0xE5, 0xBA, 0x53, 0x2E, 0x7B, 0xBE, 0xF3, 0x2D, 0xAB,
    0x2F, 0xFA, 0x8E, 0x0D, 0xCB, 0xCA, 0x6C, 0xBA, 0x3A, 0x9D, 0x6A, 0x8E, 0x60, 0x48, 0xCE, 0x58,
    0xB2, 0x7F, 0x88, 0x25, 0x32, 0xE1, 0x38, 0xD9, 0x5D, 0x10, 0x97, 0x43, 0x83, 0x5A, 0x0A, 0x6C,
    0x2F, 0xB2, 0xE3, 0x6D, 0xC0, 0x17, 0x99, 0x33, 0xD6, 0xFD, 0x99, 0x42, 0x6A, 0xB9, 0xA6, 0x57,
    0x90, 0x0F, 0xED, 0xA9, 0x74, 0x1B, 0x89, 0x46, 0x0C, 0xAB, 0xE6, 0x70, 0x86, 0xC7, 0xD4, 0x14,
    0x8A, 0xA5, 0xE4, 0x80, 0x0A, 0x8F, 0x38, 0x3E, 0x88, 0xE7, 0x90, 0x83, 0xA0, 0x99, 0x5E, 0x5D,
    0xA1, 0xC0, 0xB1, 0x64, 0xD8, 0xC0, 0x05, 0x0F, 0xCE, 0x7E, 0x5F, 0x0D, 0x06, 0x47, 0x69, 0xBA,
    0x87, 0x4C, 0x9D, 0x41, 0x45, 0x1E, 0x55, 0xE8, 0x6B, 0xAA, 0xA3, 0x10, 0x3A, 0x04, 0xE6, 0x7B,
    0x3C, 0x5B, 0x0D, 0xEB, 0x98, 0x77, 0x37, 0x32, 0xD7, 0x91, 0x5D, 0x57, 0x8A, 0x35, 0xDA, 0x2F,
    0xE5, 0xD3, 0xC9, 0xC8, 0x7F, 0x49, 0x28, 0x0E, 0xFF, 0xDB, 0x62, 0xA1, 0x58, 0x73, 0x4F, 0xF9,
    0x3F, 0x40, 0xEB, 0x34, 0xF7, 0xC9, 0x64, 0xD2, 0xBE, 0xFE, 0x8F, 0xD1, 0x5A, 0x27, 0x97, 0x9E,
    0xA1, 0xCC, 0x6D, 0x61, 0xDE, 0x95, 0xAF, 0xF4, 0x27, 0x7F, 0x56, 0xF9, 0x82, 0x7D, 0xD5, 0xD5,
    0xE4, 0x0C, 0xBA, 0xBA, 0xF1, 0x5A, 0x82, 0x7D, 0x23, 0x05, 0xFB, 0x8A, 0x60, 0x0C, 0x64, 0xAE,
    0x07, 0x1D, 0x69, 0xAA, 0x0F, 0x4E, 0x56, 0x58, 0x88, 0x5B, 0xD7, 0xF0, 0x11, 0x22, 0x00, 0xFF,
    0xD8, 0x8B, 0xC2, 0xEC, 0x16, 0x36, 0xB2, 0x31, 0xEF, 0x93, 0x53, 0x17, 0x36, 0xFE, 0x30, 0xDF,
    0x9A, 0x8B, 0x44, 0xFE, 0x79, 0x8B, 0xB7, 0x2F, 0x2B, 0x35, 0x5D, 0x3F, 0x87, 0xFD, 0x5E, 0x38,
    0x7D, 0xB4, 0xDA, 0xBD, 0x08, 0x05, 0x46, 0x07, 0x35, 0x5B, 0x8B, 0x51, 0x33, 0x58, 0x0C, 0x17,
    0xFC, 0xC9, 0xD7, 0xAC, 0x1B, 0x48, 0x05, 0x1A, 0xE2, 0x41, 0x8C, 0x73, 0x7C, 0xA4, 0x8B, 0xAB,
    0xE8, 0xF4, 0xF4, 0x09, 0x63, 0x32, 0xC5, 0xCD, 0x90, 0x4C, 0x11, 0x20, 0x6C, 0xAC, 0xB3, 0xFE,
    0xA6, 0x62, 0x3B, 0x78, 0x32, 0x64, 0xC2, 0x87, 0xA7, 0x27, 0x60, 0xE7, 0x7A, 0x5B, 0x02, 0x80,
    0x39, 0x00, 0x16, 0x26, 0xA4, 0x18, 0x15, 0x9D, 0x6C, 0x7B, 0x65, 0xB2, 0x02, 0x1E, 0x29, 0x19,
    0x2F, 0xF3, 0x7C, 0x95, 0x6D, 0x1F, 0xF6, 0x64, 0xDB, 0xDB, 0x9D, 0xD2, 0xE1, 0x47, 0xEC, 0x84,
    0xD4, 0x3B, 0xE7, 0x9B, 0x52, 0xAB, 0xFD, 0x70, 0x3B, 0x72, 0xE4, 0x92, 0xF0, 0x8C, 0x89, 0x1C,
    0x37, 0x10, 0x12, 0xB8, 0x1B, 0x47, 0x16, 0x3A, 0xF8, 0x64, 0x34, 0x0C, 0xAD, 0x09, 0xA4, 0x8A,
    0x2B, 0x0D, 0xAD, 0x81, 0x0F, 0x86, 0xC9, 0xBB, 0xF7, 0x2C, 0xF4, 0xE7, 0x68, 0x06, 0x2E, 0xE0,
    0x6A, 0xF2, 0xDC, 0xC2, 0x38, 0xA0, 0x35, 0xD1, 0x70, 0x19, 0x40, 0xCB, 0xCE, 0xD0, 0x71, 0xD0,
    0xE3, 0x72, 0x11, 0xC2, 0x11, 0x8B, 0xA4, 0x45, 0x78, 0x92, 0x45, 0x66, 0xB5, 0x48, 0x52, 0xE0,
    0x66, 0xFC, 0x8C, 0x16, 0x99, 0x80, 0xF5, 0xE8, 0xAE, 0x59, 0xDD, 0x20, 0x88, 0x77, 0x6D, 0x91,
    0xC4, 0x98, 0x72, 0x67, 0x91, 0xFE, 0x0C, 0xED, 0xCF, 0xE5, 0x62, 0x91, 0x98, 0x16, 0xF1, 0xA3,
    0x88, 0xB8, 0xD4, 0xDF, 0x06, 0x80, 0x1B, 0x2D, 0x72, 0xA0, 0xDA, 0x98, 0x37, 0x3B, 0xD5, 0xC6,
    0x0B, 0x5C, 0x3F, 0xAC, 0x90, 0x88, 0x7A, 0x39, 0x7F, 0xD2, 0x50, 0xB5, 0x91, 0xED, 0xE0, 0x7C,
    0x55, 0xB5, 0x31, 0x9D, 0x0F, 0x54, 0x1B, 0x39, 0x24, 0xE2, 0xAB, 0x22, 0xA9, 0x72, 0x55, 0x6D,
    0x9C, 0x30, 0x7A, 0x8D, 0xC5, 0x50, 0xB5, 0xB1, 0x8A, 0x80, 0x9D, 0xAF, 0xDA, 0xE8, 0x79, 0x16,
    0xE4, 0xC4, 0x94, 0x98, 0x1C, 0xC1, 0x03, 0x49, 0x05, 0xBA, 0x40, 0xA4, 0x15, 0x8C, 0xF5, 0x90,
    0x2D, 0x9D, 0x2F, 0xA9, 0xA0, 0xEE, 0x58, 0x8A, 0x1D, 0xF7, 0x50, 0xE9, 0x88, 0x8F, 0xD8, 0xF9,
    0x4E, 0x52, 0x01, 0x2E, 0x1B, 0x1D, 0x96, 0xDB, 0x64, 0xBB, 0x27, 0xA9, 0xC0, 0xDF, 0xBB, 0x51,
    0xE6, 0xC0, 0x47, 0x4E, 0xE6, 0xD0, 0xB4, 0x8E, 0x5F, 0x84, 0xF2, 0xC8, 0x1A, 0xB9, 0xBD, 0x0C,
    0x85, 0x23, 0x01, 0xF0, 0x85, 0xE5, 0xE7, 0x0B, 0xBF, 0x63, 0xF9, 0x9D, 0x60, 0x99, 0x28, 0xFD,
    0x26, 0x39, 0x22, 0xB7, 0x46, 0xB4, 0xAC, 0xCC, 0x12, 0x5C, 0x9D, 0x46, 0xCA, 0x6E, 0x9B, 0x4E,
    0xD2, 0xCB, 0x1D, 0x17, 0x1A, 0xF3, 0xE1, 0xD2, 0x9A, 0x7E, 0xC8, 0x87, 0x8B, 0x50, 0x0A, 0x4B,
    0x67, 0x96, 0xFE, 0x25, 0x1F, 0x7E, 0xE4, 0x46, 0x09, 0xAF, 0x41, 0x35, 0xA8, 0x8A, 0x05, 0x65,
    0x5C, 0x68, 0xCF, 0xA1, 0xE7, 0x72, 0x6F, 0xF6, 0xEE, 0xEC, 0x38, 0xB9, 0x84, 0x31, 0x8A, 0xB1,
    0x14, 0x8B, 0xCE, 0x80, 0xB4, 0xA7, 0x60, 0xB8, 0x60, 0x65, 0x71, 0x83, 0xFF, 0xE8, 0x82, 0xB4,
    0x72, 0x20, 0x9C, 0x6C, 0x4E, 0x7A, 0xE3, 0x74, 0xAB, 0x98, 0xEA, 0x2B, 0x3C, 0x09, 0xFE, 0xC8,
    0x25, 0x13, 0x93, 0xCD, 0x1A, 0x73, 0x77, 0x1C, 0x05, 0x0D, 0x57, 0x2C, 0x8B, 0xB3, 0xC2, 0x47,
    0x08, 0x8A, 0xF8, 0x75, 0x4A, 0xBB, 0x1D, 0x62, 0x36, 0x3B, 0x11, 0x13, 0xE2, 0xE9, 0x23, 0xA3,
    0x57, 0x96, 0x2C, 0x7D, 0x54, 0x90, 0x3E, 0x68, 0x7C, 0xFA, 0x18, 0xB4, 0x91, 0x5F, 0x80, 0x8C,
    0xFC, 0x16, 0x2E, 0x8F, 0x68, 0x6C, 0x41, 0xA9, 0x08, 0x7D, 0xA1, 0xFE, 0xA6, 0xD5, 0xAE, 0x7E,
    0x73, 0x9C, 0x82, 0xE2, 0x88, 0x64, 0xE9, 0x89, 0xA2, 0x29, 0x67, 0x0E, 0x31, 0xAD, 0x44, 0x9C,
    0xEA, 0x55, 0x9E, 0x24, 0x53, 0x79, 0x12, 0x7C, 0xEB, 0xF0, 0x47, 0x47, 0xE4, 0x49, 0xFC, 0xD9,
    0x94, 0x4A, 0x87, 0x27, 0x27, 0xE0, 0x5F, 0x2C, 0x42, 0x8D, 0xA2, 0xD8, 0x84, 0x9C, 0x83, 0xC0,
    0xB7, 0xD2, 0xA9, 0xF5, 0x4E, 0x41, 0xBD, 0x07, 0x3A, 0x48, 0x51, 0xD4, 0xDE, 0x78, 0x49, 0x8C,
    0x6E, 0x39, 0x87, 0x1F, 0x73, 0x0C, 0xF5, 0x77, 0xD2, 0x59, 0xAC, 0x65, 0x60, 0x23, 0x4E, 0x19,
    0x5E, 0xCE, 0x65, 0x56, 0x29, 0xB0, 0x78, 0x79, 0xE4, 0xCA, 0xEB, 0x84, 0x58, 0x87, 0x14, 0xD3,
    0xD8, 0xA3, 0xC5, 0x65, 0xF0, 0xB3, 0xA6, 0xA6, 0xC9, 0xE8, 0xCA, 0x6F, 0xEA, 0x06, 0x0B, 0x25,
    0xF8, 0x48, 0x63, 0xD4, 0xC9, 0x9F, 0x6B, 0x41, 0x65, 0xF7, 0x34, 0x9E, 0xF1, 0x92, 0x1C, 0x93,
    0xC9, 0xA3, 0x17, 0xA4, 0x41, 0xAF, 0x75, 0xB8, 0xAF, 0xB4, 0x38, 0x45, 0xAD, 0x34, 0x93, 0x62,
    0x21, 0x45, 0x4A, 0x21, 0x6F, 0x0C, 0x1B, 0xC7, 0xA0, 0xA5, 0xDF, 0x71, 0x6A, 0x29, 0x73, 0xD1,
    0xDD, 0x32, 0x2F, 0xB3, 0xE5, 0x1C, 0x23, 0xB4, 0xB4, 0xDF, 0x84, 0xC3, 0x1F, 0x49, 0x71, 0x86,
    0x41, 0x4A, 0x03, 0x57, 0xD0, 0xBA, 0x1B, 0x13, 0x8C, 0xA0, 0x66, 0x62, 0xA9, 0xE2, 0x2F, 0xC4,
    0xE5, 0xE9, 0x4A, 0x7C, 0x9C, 0x80, 0xB8, 0x48, 0x4E, 0x17, 0x87, 0xEC, 0x41, 0x27, 0x2A, 0x5E,
    0xED, 0x9C, 0x68, 0x0F, 0x6C, 0x12, 0x4F, 0x1C, 0x07, 0x6C, 0x44, 0x67, 0xE4, 0x9D, 0x4D, 0x1A,
    0x73, 0x83, 0x4D, 0xE6, 0x97, 0xB6, 0x49, 0xA8, 0xB4, 0x91, 0x8A, 0x2C, 0x1D, 0x6D, 0x52, 0x4E,
    0xB4, 0x49, 0xAA, 0x93, 0xB0, 0x6E, 0x88, 0x97, 0xE9, 0x41, 0xD1, 0xE4, 0x37, 0xC7, 0x2E, 0x59,
    0xDA, 0x42, 0xBD, 0xA3, 0xBB, 0xB6, 0x5E, 0xBC, 0x5A, 0x8F, 0xB1, 0xCD, 0x69, 0xB3, 0xFA, 0x21,
    0x2F, 0xC9, 0x2F, 0x9A, 0x9D, 0x1F, 0xE3, 0x33, 0xE2, 0xF9, 0x75, 0x73, 0xE9, 0xC2, 0x12, 0xBD,
    0x6A, 0x4E, 0xB7, 0xC8, 0x49, 0x3C, 0xD3, 0x75, 0xE4, 0x1D, 0xF7, 0x42, 0x7A, 0xA8, 0x1B, 0x93,
    0xF3, 0x02, 0xB6, 0x57, 0xBB, 0x76, 0x65, 0x74, 0xE3, 0xFE, 0xBF, 0xA1, 0x3E, 0xAD, 0x85, 0x61,
    0x8B, 0x62, 0x71, 0xDD, 0xD8, 0x70, 0xD6, 0x56, 0x33, 0x98, 0x84, 0x2E, 0x83, 0x49, 0xE8, 0x32,
    0x98, 0x84, 0x2E, 0x83, 0x49, 0xB8, 0x64, 0x30, 0x19, 0x43, 0xD1, 0x17, 0xE1, 0x8B, 0x50, 0xF4,
    0x16, 0xE4, 0x1F, 0x48, 0xD8, 0x73, 0xE3, 0x17, 0x12, 0x1F, 0xCB, 0x60, 0x62, 0xBF, 0xD2, 0xB6,
    0xC9, 0x1E, 0xCC, 0x0C, 0x26, 0x96, 0x68, 0xBA, 0x0C, 0xA3, 0x6A, 0xF6, 0x22, 0xF1, 0x97, 0x6B,
    0xA6, 0x0B, 0xC2, 0x6F, 0x31, 0x83, 0x09, 0x7E, 0x9D, 0x19, 0x4C, 0x42, 0x97, 0xC1, 0x24, 0x5A,
    0x4C, 0x61, 0x84, 0xBD, 0x4C, 0xF5, 0x13, 0x80, 0x5B, 0x8E, 0x49, 0x57, 0x81, 0xB0, 0xA4, 0x21,
    0x57, 0x19, 0x39, 0xE5, 0xCD, 0xD2, 0x30, 0xD0, 0x83, 0x72, 0x5C, 0x2A, 0xF2, 0x99, 0x93, 0x8A,
    0x2C, 0x54, 0x2A, 0x32, 0x3E, 0x22, 0x15, 0x19, 0xDE, 0x91, 0x54, 0x64, 0x6F, 0x39, 0x38, 0x3A,
    0x7D, 0xFF, 0x73, 0xCE, 0x49, 0x73, 0xC2, 0xD8, 0x00, 0x1F, 0x1C, 0x2C, 0x17, 0x75, 0xC0, 0xC7,
    0x15, 0x50, 0xB6, 0xAF, 0xBB, 0xAE, 0x3C, 0x3A, 0xF4, 0xD7, 0x95, 0x1B, 0x54, 0x6F, 0xCC, 0xEC,
    0xF9, 0xEB, 0xCA, 0x5D, 0xE2, 0xAF, 0x2B, 0xFB, 0xCB, 0x45, 0x9C, 0xC7, 0x7F, 0x40, 0xAF, 0x87,
    0x27, 0xF7, 0xD6, 0x49, 0xFC, 0xB0, 0x05, 0xC6, 0x95, 0xAE, 0x2C, 0x03, 0x55, 0x5B, 0xF7, 0x2F,
    0x75, 0x61, 0x23, 0xDF, 0xEE, 0xA6, 0x51, 0xE3, 0x19, 0xA8, 0xFF, 0xD4, 0xF1, 0x18, 0xC6, 0x93,
    0xDE, 0xE1, 0xAE, 0x15, 0x89, 0x2C, 0xBE, 0x6B, 0x58, 0x85, 0xF9, 0xE8, 0xD6, 0x55, 0xBA, 0x75,
    0x51, 0x46, 0x99, 0xB6, 0x24, 0x6B, 0x56, 0x4E, 0x59, 0x49, 0xD3, 0x8B, 0x68, 0xEE, 0x90, 0x97,
    0xA1, 0xE8, 0x06, 0x8A, 0x95, 0x92, 0x85, 0x2A, 0x52, 0xAA, 0x94, 0x17, 0xA0, 0x40, 0x0C, 0xA8,
    0x9C, 0x95, 0x46, 0xF6, 0xD4, 0x34, 0xE5, 0x48, 0x95, 0xB6, 0xA0, 0xC2, 0xEF, 0x88, 0x65, 0x4A,
    0x0F, 0x95, 0x9E, 0x2A, 0x8D, 0x3E, 0x05, 0x9F, 0xF9, 0x6F, 0x70, 0x3C, 0x07, 0x1C, 0x23, 0x9D,
    0x80, 0xA9, 0x87, 0x19, 0xF1, 0x19, 0x30, 0x98, 0x80, 0x7A, 0xF7, 0x29, 0x65, 0x69, 0x96, 0x18,
    0xBC, 0x0A, 0xB8, 0x3B, 0xB7, 0xCC, 0x3B, 0xB3, 0xA7, 0xBB, 0x13, 0x0A, 0x14, 0x3F, 0x3B, 0xEA,
    0x44, 0xF6, 0x06, 0x96, 0x0D, 0xBC, 0xD5, 0x03, 0x10, 0x57, 0xE7, 0x7A, 0x47, 0xBE, 0xFA, 0x7C,
    0x47, 0x81, 0x8A, 0x1A, 0x6F, 0x22, 0x5D, 0x93, 0xAE, 0x8B, 0x8D, 0xD0, 0x9B, 0x35, 0x9E, 0xB4,
    0x2D, 0xE9, 0xD5, 0x53, 0xB8, 0x38, 0xF0, 0x10, 0x4B, 0xEF, 0x6E, 0xF5, 0x20, 0xE6, 0x0A, 0xAE,
    0x48, 0xEF, 0x70, 0xFF, 0xCD, 0x14, 0x10, 0x93, 0x02, 0x95, 0x3C, 0xAB, 0x18, 0x45, 0xC1, 0xAA,
    0x9E, 0x70, 0xE9, 0x15, 0xCA, 0x44, 0xB7, 0xDB, 0xFE, 0x0D, 0xAF, 0xDC, 0xB4, 0x0B, 0xF9, 0xEB,
    0x31, 0x91, 0x52, 0x52, 0x91, 0x52, 0xDF, 0x73, 0xCF, 0xD1, 0x0B, 0xF3, 0x8D, 0xC8, 0x99, 0xB6,
    0x44, 0x6F, 0xF8, 0x1D, 0x11, 0x93, 0x6A, 0x77, 0x62, 0x99, 0x77, 0x5A, 0xE5, 0xD7, 0x35, 0xDC,
    0x9B, 0x5F, 0x63, 0xB8, 0x97, 0xB7, 0xBB, 0x13, 0x7C, 0x78, 0xBC, 0x5B, 0xF2, 0x0D, 0x0C, 0xF7,
    0x72, 0x7F, 0xB8, 0x47, 0xDC, 0xEA, 0x60, 0x8F, 0xD8, 0xDE, 0x3C, 0xED, 0xC1, 0x73, 0x23, 0xF8,
    0x29, 0x98, 0x02, 0x97, 0x7A, 0xC9, 0x7D, 0xBE, 0xB2, 0x1F, 0xAB, 0xFE, 0x1D, 0xFD, 0x6A, 0xD4,
    0xD4, 0x4B, 0x3F, 0x5D, 0xF8, 0x23, 0xCB, 0x36, 0xA4, 0x3C, 0x4D, 0x2D, 0xF7, 0xD2, 0xBC, 0xB7,
    0xF0, 0x39, 0xB9, 0xEC, 0x2E, 0xC8, 0x79, 0xFF, 0x7C, 0xE1, 0x81, 0x9C, 0xFE, 0xAE, 0x27, 0x27,
    0x73, 0xA7, 0x2C, 0x2D, 0x39, 0x96, 0x86, 0xCC, 0x41, 0x09, 0xB9, 0x20, 0x6F, 0xB4, 0x16, 0x0D,
    0x66, 0x36, 0xAC, 0x41, 0xC5, 0x84, 0x77, 0xB0, 0xE5, 0x4B, 0xB0, 0xD9, 0xEB, 0xA6, 0x6E, 0x7A,
    0xE5, 0x70, 0xE1, 0xA8, 0x53, 0x4E, 0xDA, 0x85, 0x1B, 0x12, 0x3D, 0xFE, 0x2A, 0x95, 0x0D, 0x6E,
    0x9C, 0x6C, 0x70, 0xAE, 0xA1, 0x61, 0x25, 0x64, 0x83, 0x07, 0xCA, 0x06, 0xFF, 0xCA, 0xC9, 0x06,
    0x6F, 0x28, 0x1B, 0x3C, 0x2F, 0xB2, 0xC1, 0x91, 0xCA, 0x06, 0xFF, 0xD3, 0x07, 0x9E, 0x6C, 0xB0,
    0xCC, 0xA4, 0x72, 0x24, 0xE5, 0x5B, 0x52, 0xB6, 0x2F, 0x1B, 0xDC, 0x96, 0xD0, 0x7A, 0x88, 0x1A,
    0x4B, 0x7B, 0x53, 0x1D, 0x5B, 0x62, 0x30, 0xF8, 0x67, 0x1E, 0x29, 0x25, 0x0B, 0x75, 0x77, 0xD5,
    0xBF, 0x7D, 0x69, 0x5F, 0x65, 0xB6, 0x89, 0xA4, 0x89, 0x94, 0xED, 0x65, 0xBB, 0x7C, 0x2A, 0x05,
    0xE8, 0x52, 0xFF, 0xDF, 0x96, 0x14, 0x30, 0xE2, 0x89, 0x37, 0x1C, 0xD4, 0x91, 0xE2, 0x76, 0xC9,
    0x76, 0xC9, 0xBF, 0x96, 0x2E, 0xD9, 0x2E, 0x8B, 0xF8, 0x30, 0xDB, 0xE5, 0xC4, 0x41, 0x8B, 0xCB,
    0x76, 0x49, 0xCD, 0x5B, 0xF6, 0x9A, 0xA5, 0xA7, 0x53, 0x51, 0xBD, 0x88, 0x64, 0x5C, 0xCD, 0x76,
    0x19, 0x14, 0x01, 0xA4, 0x3C, 0xC2, 0x0E, 0x79, 0x01, 0x71, 0x4C, 0xDA, 0x2F, 0x03, 0xF8, 0xBF,
    0xFE, 0x57, 0xE3, 0x15, 0xBE, 0x5C, 0xE8, 0xDC, 0x9C, 0xC1, 0x4D, 0x2B, 0xC3, 0x09, 0x25, 0xD7,
    0x28, 0xE2, 0xA7, 0x37, 0x2A, 0xE2, 0xD7, 0x5D, 0x36, 0x99, 0xF2, 0x37, 0x35, 0x14, 0xF1, 0xBF,
    0x74, 0x8A, 0xF8, 0xD4, 0x1D, 0x74, 0xC6, 0x74, 0xC4, 0x9D, 0x5A, 0x8E, 0xDB, 0x54, 0xF6, 0x6D,
    0x5A, 0x81, 0x9E, 0xAB, 0x4D, 0x87, 0xEB, 0x6C, 0xDA, 0xE6, 0x03, 0x97, 0x35, 0x4E, 0xB5, 0xE9,
    0x88, 0x71, 0x14, 0xC8, 0xF8, 0x19, 0x44, 0x69, 0xCC, 0x48, 0xC5, 0x02, 0x12, 0xD0, 0x81, 0x4D,
    0x6F, 0xD7, 0x55, 0xA4, 0x39, 0x63, 0x0E, 0xF0, 0x10, 0xB0, 0x9F, 0xF6, 0x10, 0x74, 0xE9, 0xEE,
    0xC4, 0x9C, 0x4E, 0x4C, 0xD4, 0x7C, 0x6F, 0x61, 0xF3, 0x5B, 0x29, 0x36, 0x96, 0x03, 0xFB, 0x50,
    0x1A, 0xCB, 0x78, 0x1C, 0xCD, 0x25, 0x54, 0x67, 0x94, 0x13, 0xFB, 0x40, 0x62, 0xEC, 0x96, 0x85,
    0x5A, 0x2B, 0xCF, 0x17, 0xBE, 0x5C, 0x78, 0x20, 0xA3, 0xEA, 0x53, 0x14, 0x2E, 0x6C, 0xC1, 0xAC,
    0x34, 0x16, 0xF9, 0x73, 0xE4, 0x4C, 0x99, 0xB1, 0x69, 0xE0, 0xE7, 0xE4, 0xEF, 0x98, 0x9E, 0x9C,
    0x86, 0xCA, 0x59, 0xD4, 0x91, 0xF3, 0x84, 0x0E, 0x30, 0xA6, 0xF6, 0xE6, 0x62, 0x89, 0x41, 0x3D,
    0x05, 0xF2, 0x6B, 0xFC, 0xD5, 0xAF, 0x64, 0x86, 0x75, 0xA4, 0x82, 0xBF, 0x21, 0xDA, 0xF6, 0xD6,
    0x5A, 0x68, 0x36, 0x39, 0x57, 0x2B, 0x76, 0x14, 0xD4, 0xEC, 0x01, 0xA4, 0x42, 0xA2, 0xAD, 0x70,
    0x87, 0x48, 0xD2, 0x3A, 0x9A, 0x95, 0xC4, 0x98, 0xAA, 0xC6, 0x0A, 0xE8, 0xA6, 0x2B, 0xFB, 0x67,
    0xD2, 0xC5, 0x76, 0x7B, 0x8B, 0xDE, 0xED, 0x7D, 0xA9, 0xEE, 0xCB, 0x56, 0x47, 0xB1, 0x3A, 0x82,
    0xE5, 0xE8, 0x55, 0x1E, 0xA9, 0xF7, 0x89, 0x8E, 0x58, 0x0F, 0xB3, 0x7C, 0x86, 0xD7, 0xF9, 0x08,
    0xFF, 0xE4, 0x35, 0xB2, 0x7C, 0x9E, 0xEF, 0xB2, 0x7C, 0x46, 0x16, 0xBC, 0x2C, 0x9F, 0x6C, 0x81,
    0xD8, 0xFE, 0xB0, 0xF5, 0x61, 0xD5, 0x42, 0xC5, 0x63, 0xBB, 0xF3, 0x52, 0x92, 0x9D, 0xC5, 0xAD,
    0x92, 0x9D, 0x7F, 0x84, 0x15, 0xCA, 0x73, 0x93, 0xCC, 0xC1, 0xE8, 0xC9, 0x0B, 0xE8, 0x2C, 0x90,
    0x3A, 0x80, 0x65, 0xAC, 0x0B, 0x79, 0x81, 0x55, 0x86, 0x3F, 0x75, 0x6B, 0x3F, 0xA9, 0x3F, 0xBD,
    0x23, 0xC0, 0x70, 0x1F, 0x45, 0x7F, 0x54, 0xB1, 0xE5, 0x1E, 0x0F, 0xEB, 0x0E, 0xA3, 0xA5, 0xD2,
    0xA2, 0x8A, 0x76, 0x8D, 0x26, 0xB3, 0x38, 0x60, 0x03, 0x4A, 0x2B, 0xB3, 0x51, 0xA7, 0xE9, 0x69,
    0x09, 0x51, 0x65, 0xEA, 0xB5, 0x54, 0x10, 0x65, 0x57, 0xF6, 0x4F, 0x4C, 0xBA, 0xFD, 0x3E, 0xDB,
    0x87, 0x78, 0x95, 0x3F, 0x59, 0x4B, 0x1B, 0xF1, 0x53, 0xB7, 0xD1, 0x5C, 0x76, 0x31, 0x96, 0x73,
    0xB7, 0xE9, 0x90, 0xF5, 0x54, 0xC2, 0x2C, 0xED, 0xF0, 0x50, 0x53, 0xDC, 0x4B, 0x38, 0x3A, 0xD4,
    0x3D, 0x7E, 0xF1, 0xAF, 0x3D, 0xD5, 0x6B, 0xAF, 0x70, 0xED, 0xEF, 0xBF, 0xA1, 0x6B, 0x8F, 0xDA,
    0xB4, 0x48, 0xFA, 0xBC, 0xC1, 0x07, 0xDB, 0xC6, 0x2B, 0xBE, 0x5D, 0xFE, 0xE1, 0x75, 0xEC, 0xE2,
    0xD9, 0x41, 0xCD, 0xE2, 0x6F, 0xE8, 0x57, 0x87, 0xE5, 0x6B, 0xC9, 0x46, 0xEB, 0xE6, 0x72, 0x3E,
    0x39, 0x21, 0x1B, 0x6D, 0xB4, 0x64, 0xA3, 0x9D, 0x5F, 0x29, 0x1B, 0x6D, 0x71, 0x2C, 0x1B, 0x2D,
    0x6C, 0xFE, 0x74, 0xE9, 0x5D, 0x88, 0xCF, 0xDC, 0x7F, 0xBC, 0x7C, 0xDB, 0xD2, 0x7E, 0xE8, 0x8D,
    0xE3, 0x6D, 0x24, 0xEC, 0xDF, 0xC7, 0x93, 0x72, 0xEE, 0x9A, 0x3B, 0xCF, 0xB9, 0x7B, 0x63, 0x7D,
    0xBE, 0xA3, 0x44, 0x25, 0x34, 0x60, 0xB3, 0x0F, 0x18, 0x3D, 0x8D, 0x26, 0x31, 0x61, 0x6F, 0x21,
    0x69, 0xDC, 0xD8, 0x64, 0x74, 0x3D, 0xCA, 0x64, 0xA6, 0xB8, 0xF7, 0x74, 0xAD, 0x30, 0xD1, 0xF7,
    0x38, 0xB9, 0x0C, 0x28, 0xE9, 0xBF, 0x5E, 0x61, 0xF2, 0x16, 0x73, 0x2C, 0x39, 0x3B, 0xB0, 0xBC,
    0x6B, 0xB8, 0x36, 0xFD, 0x21, 0x1F, 0x18, 0x39, 0xBC, 0xDD, 0xFB, 0xDD, 0x8C, 0x35, 0x9E, 0xB7,
    0xDD, 0x75, 0xC0, 0x13, 0x67, 0x58, 0xA0, 0x2E, 0x4D, 0xB8, 0x99, 0x5D, 0x85, 0x96, 0x10, 0x30,
    0x8C, 0x1A, 0x50, 0x16, 0x81, 0x54, 0x65, 0x45, 0x35, 0xEB, 0x64, 0xD4, 0x04, 0x46, 0x41, 0xFD,
    0xFB, 0x75, 0xBC, 0xE2, 0xD3, 0xDB, 0x97, 0xCB, 0xDF, 0x82, 0x31, 0x3E, 0xBE, 0xB1, 0xC0, 0xB8,
    0xDB, 0x7B, 0xAC, 0x6F, 0x9B, 0x6D, 0xD3, 0xE2, 0x29, 0x57, 0xFE, 0xC5, 0x21, 0xF7, 0xB0, 0xBC,
    0x41, 0x3B, 0x6B, 0x43, 0x80, 0x26, 0xC1, 0x21, 0xF7, 0xF8, 0x65, 0x5F, 0xDC, 0xA9, 0xA5, 0x7E,
    0x2F, 0x45, 0x11, 0x26, 0xA6, 0xE8, 0x1D, 0xF9, 0x6C, 0x6C, 0x99, 0xA2, 0x77, 0xA0, 0xB8, 0x53,
    0xCF, 0x86, 0xF3, 0x2A, 0x0E, 0x8A, 0xFE, 0xFE, 0x9A, 0xA8, 0xFF, 0x4B, 0xFF, 0x82, 0xFE, 0x35,
    0xFD, 0xCB, 0xFA, 0x2B, 0xFC, 0x45, 0x5F, 0xDC, 0xE9, 0x44, 0x4D, 0xF5, 0x82, 0x73, 0x0E, 0x54,
    0x51, 0xA1, 0xB7, 0x9E, 0x2A, 0xAC, 0xD4, 0x9D, 0xAA, 0x3D, 0x78, 0xD0, 0x12, 0x7C, 0xFD, 0xA7,
    0xE0, 0xB8, 0xFE, 0xD3, 0x09, 0x4A, 0x57, 0xB5, 0x53, 0xBA, 0xC2, 0xCC, 0xAF, 0x53, 0xBA, 0x52,
    0x44, 0x51, 0x3C, 0x2D, 0x5F, 0xF1, 0x70, 0x3C, 0x5F, 0xB1, 0x1A, 0xE3, 0xC8, 0x95, 0xFA, 0x4A,
    0x57, 0x0E, 0x6C, 0x69, 0x09, 0xDE, 0x95, 0x02, 0xF2, 0xEE, 0xD8, 0x95, 0xBE, 0x6C, 0xD5, 0xE0,
    0xA9, 0x46, 0x33, 0x7C, 0xF9, 0x93, 0x91, 0xD6, 0xD8, 0xD2, 0x1A, 0x03, 0xAD, 0x81, 0x5B, 0xED,
    0x57, 0x0D, 0xDF, 0x1A, 0x6F, 0xA4, 0x6A, 0xDC, 0xBD, 0xC1, 0x6E, 0x7A, 0xEB, 0xBF, 0x4A, 0x3E,
    0xC3, 0xF8, 0xE5, 0xF2, 0x19, 0x66, 0xD7, 0xE5, 0x33, 0x64, 0xCF, 0x29, 0xE9, 0x85, 0x1F, 0x6C,
    0xFB, 0x65, 0x3F, 0x7F, 0x44, 0x76, 0x98, 0x3F, 0xA2, 0x3E, 0x2D, 0x7F, 0x84, 0x4E, 0x67, 0xF8,
    0xE8, 0x95, 0x83, 0x54, 0xC9, 0xD9, 0x9E, 0xBB, 0x5C, 0xA0, 0xEE, 0x72, 0xD2, 0x9B, 0x8B, 0x9D,
    0xBB, 0x5C, 0xE0, 0xA5, 0x4A, 0xD6, 0x28, 0x9E, 0x0F, 0xEF, 0x30, 0x55, 0x72, 0x22, 0xE2, 0x01,
    0x4B, 0x89, 0x21, 0xAA, 0x85, 0x4C, 0x90, 0x9A, 0x13, 0x7D, 0x0B, 0x48, 0x75, 0x57, 0x21, 0x6E,
    0x38, 0x57, 0x7F, 0x62, 0xF4, 0x3C, 0x20, 0xD5, 0x0D, 0xC8, 0xB6, 0x0F, 0x60, 0x8E, 0x33, 0xDC,
    0x82, 0xF7, 0x71, 0xBF, 0x3E, 0x5F, 0xA5, 0xBA, 0xBB, 0x55, 0xAA, 0x1B, 0x90, 0x57, 0x00, 0xE3,
    0xE0, 0x0B, 0xB7, 0x4A, 0x12, 0x0D, 0xA8, 0x10, 0x1D, 0x3B, 0x76, 0x2E, 0xE8, 0x3F, 0x18, 0xF0,
    0x70, 0x85, 0x63, 0xDE, 0x38, 0xE4, 0x9E, 0xE3, 0x96, 0x6C, 0x99, 0x74, 0xBA, 0x59, 0x46, 0x88,
    0x39, 0x6D, 0xF8, 0x05, 0xDD, 0x51, 0xA8, 0xA0, 0x18, 0x6C, 0xD7, 0xA4, 0xD3, 0xB3, 0x5A, 0x32,
    0x6E, 0x9D, 0xF0, 0x69, 0xB0, 0xB8, 0xDF, 0x09, 0xAF, 0x7D, 0xDE, 0x19, 0x28, 0xDD, 0xEE, 0x2C,
    0x19, 0x11, 0xD3, 0x56, 0xD5, 0x60, 0x88, 0x85, 0xF3, 0xD0, 0xE3, 0x15, 0xF0, 0x0D, 0xC6, 0x97,
    0x19, 0xE1, 0xEA, 0x0B, 0xAD, 0x94, 0x21, 0x17, 0x02, 0x56, 0xF0, 0x06, 0xEA, 0x66, 0x71, 0x4D,
    0x33, 0x90, 0x26, 0xA6, 0xDA, 0x4B, 0x65, 0xEA, 0x8E, 0x36, 0x4D, 0x2D, 0x0C, 0xD6, 0xA6, 0x29,
    0x6C, 0x9A, 0x8C, 0x4F, 0x50, 0xC1, 0xD5, 0xA6, 0x00, 0x0D, 0x59, 0xD9, 0xD3, 0x40, 0x2F, 0x57,
    0xB7, 0xA6, 0xC9, 0x39, 0x06, 0xC4, 0xF4, 0x9C, 0xDC, 0xB7, 0xA9, 0x29, 0xBF, 0xE4, 0x80, 0x33,
    0x19, 0x60, 0xF8, 0xB4, 0xE5, 0x3C, 0x55, 0x81, 0xF9, 0xA9, 0x4B, 0xE3, 0x97, 0x6F, 0x5F, 0x3A,
    0xEF, 0x70, 0x4A, 0x7B, 0x13, 0x6F, 0xF3, 0x06, 0x69, 0x23, 0xEC, 0x57, 0xFF, 0x88, 0x06, 0x25,
    0xEC, 0xF7, 0x4E, 0xB9, 0x13, 0x78, 0x96, 0xD7, 0x53, 0x32, 0x9B, 0xB8, 0x8F, 0x2D, 0x30, 0xD3,
    0x26, 0x97, 0xCC, 0x0B, 0xBC, 0x9B, 0x16, 0xAD, 0xB9, 0xBA, 0x39, 0x87, 0x61, 0x2E, 0x61, 0xE8,
    0x2D, 0x4E, 0x04, 0x27, 0xFE, 0x7B, 0x0B, 0xB1, 0xEA, 0x73, 0xF1, 0xDC, 0xAB, 0x75, 0x64, 0xA1,
    0x3A, 0x69, 0xBE, 0x65, 0xC3, 0xC1, 0x9D, 0x79, 0xDD, 0x2C, 0xBE, 0x99, 0x39, 0xFD, 0x47, 0x6E,
    0xEF, 0xA4, 0xBD, 0x45, 0xC9, 0xA6, 0x4F, 0xEE, 0xA4, 0xBD, 0x81, 0x14, 0x54, 0x22, 0x3D, 0x01,
    0x59, 0xE6, 0x7A, 0x34, 0x4E, 0x80, 0x00, 0x60, 0x08, 0x7F, 0x75, 0xA7, 0x12, 0x00, 0xA3, 0x82,
    0x0B, 0x17, 0x25, 0x5C, 0xAE, 0xAB, 0x02, 0x67, 0x3E, 0xB0, 0xC8, 0x52, 0xB0, 0x2C, 0x87, 0xFE,
    0xB4, 0xFD, 0xA4, 0xCB, 0xC7, 0xDC, 0xF6, 0x89, 0x35, 0x72, 0x88, 0x1F, 0x55, 0x52, 0x1B, 0x97,
    0x1F, 0x3A, 0xBB, 0xF2, 0xD9, 0xB5, 0x91, 0xDA, 0x3E, 0xFA, 0xCC, 0xFD, 0x07, 0xE5, 0x6D, 0x4F,
    0xBD, 0xAC, 0x95, 0x4F, 0x6B, 0xA2, 0x47, 0xDC, 0x79, 0x6D, 0x79, 0xB3, 0x79, 0xAE, 0xDE, 0x8C,
    0xB2, 0x03, 0xE7, 0xC7, 0x8D, 0x0F, 0xF7, 0x32, 0xF7, 0x96, 0x4A, 0x58, 0x89, 0xBB, 0xA3, 0xE2,
    0x0F, 0xEF, 0x9D, 0x26, 0xFE, 0x50, 0xB9, 0xEF, 0xF9, 0x03, 0xFA, 0x49, 0xF5, 0x9D, 0x9E, 0x4D,
    0xEA, 0xB8, 0x1E, 0x77, 0x8B, 0x0F, 0xBC, 0xA3, 0xC5, 0x0B, 0xDE, 0x80, 0x0C, 0xFD, 0xE0, 0x9F,
    0x1A, 0x1E, 0xCE, 0x75, 0x11, 0xE1, 0x6A, 0x20, 0x5D, 0xE1, 0x9D, 0x2F, 0xBC, 0x7B, 0x67, 0x98,
    0x72, 0x3F, 0x79, 0xA1, 0x00, 0xD9, 0xE8, 0x3A, 0x8F, 0x78, 0x75, 0x89, 0xA7, 0x4F, 0x3C, 0x1B,
    0xE6, 0x8A, 0x87, 0xE6, 0xEA, 0x66, 0x77, 0xA9, 0x6E, 0xD8, 0x74, 0xA3, 0x34, 0x11, 0xA8, 0x37,
    0xEA, 0x19, 0x6F, 0x6A, 0x25, 0x96, 0xE4, 0x80, 0x68, 0x37, 0xCF, 0x5B, 0x8F, 0xB6, 0xA3, 0xF5,
    0x72, 0x19, 0x6B, 0x59, 0x10, 0x71, 0xCC, 0xFD, 0xEA, 0x4B, 0xD8, 0xD3, 0xD2, 0xE3, 0x05, 0x3B,
    0xA4, 0x1A, 0x62, 0xD7, 0x79, 0xEB, 0xD3, 0xFD, 0x9A, 0x8B, 0x31, 0xF9, 0x74, 0x36, 0x6E, 0xF5,
    0xE3, 0x82, 0x5F, 0x6F, 0xB9, 0xC2, 0x63, 0x11, 0x8E, 0x9A, 0x8F, 0xA9, 0x37, 0xF0, 0xA9, 0xC8,
    0xF5, 0x6B, 0xC2, 0x41, 0x0C, 0x0C, 0xA5, 0x22, 0xF2, 0x79, 0xA7, 0xDB, 0x4C, 0x20, 0x93, 0x22,
    0x8C, 0x9D, 0xB5, 0x06, 0x58, 0xC0, 0xD4, 0x0F, 0x69, 0xBE, 0x4B, 0x18, 0x3A, 0xE8, 0xE9, 0x7B,
    0xC6, 0x78, 0x86, 0xFF, 0x6C, 0xF6, 0xDF, 0xCC, 0x74, 0x7C, 0x55, 0x74, 0x9D, 0x9B, 0x1A, 0x9B,
    0xC1, 0x6F, 0xE8, 0x1E, 0xD4, 0xE1, 0xF5, 0x90, 0x30, 0x46, 0x36, 0xA3, 0x55, 0xBE, 0x30, 0x0C,
    0x74, 0xE2, 0x54, 0x26, 0xB0, 0x77, 0x21, 0x07, 0x8D, 0x45, 0xDA, 0xA7, 0xB0, 0x58, 0x0A, 0x0E,
    0xA0, 0x95, 0x1A, 0x58, 0xA9, 0xEC, 0x53, 0xDE, 0x4E, 0xDC, 0xFF, 0xC4, 0x05, 0x60, 0x8E, 0x0B,
    0x9A, 0xC0, 0xB7, 0xD2, 0x87, 0x57, 0xAC, 0x14, 0xAC, 0x56, 0x1A, 0x0D, 0x05, 0xAE, 0x9B, 0x9A,
    0xF8, 0xFF, 0xDD, 0x9A, 0x01, 0x84, 0x2D, 0x59, 0x7A, 0xC7, 0x7F, 0x55, 0x67, 0xF2, 0x4A, 0xBA,
    0x12, 0x27, 0xD8, 0x10, 0x19, 0x9B, 0x0A, 0x06, 0xBD, 0xEC, 0x4C, 0x01, 0xC0, 0xEB, 0x57, 0xB5,
    0x19, 0x0C, 0x82, 0x2C, 0x00, 0x20, 0x18, 0x04, 0x18, 0xD8, 0x30, 0x78, 0xF3, 0xAA, 0x36, 0xC1,
    0x22, 0xD8, 0x06, 0x82, 0xC0, 0x60, 0x30, 0x02, 0x81, 0xE0, 0xE1, 0xCD, 0xAB, 0x33, 0x33, 0x08,
    0x06, 0xA9, 0x5D, 0x21, 0x08, 0x52, 0x61, 0x01, 0x98, 0x13, 0x6A, 0xA8, 0xCD, 0x56, 0xD5, 0x17,
    0xE7, 0x7C, 0xA6, 0xD4, 0x75, 0xE7, 0xBE, 0xE9, 0xED, 0xED, 0xDE, 0xEE, 0xDE, 0x4F, 0xFB, 0x7F,
    0xBA, 0x6E, 0xDD, 0x7B, 0xEB, 0xFE, 0xFE, 0x5F, 0x9D, 0xF3, 0xDD, 0xAF, 0x1B, 0xB2, 0x19, 0x00,
    0xBB, 0x6A, 0x92, 0x98, 0x4A, 0xA9, 0x01, 0x2E, 0xA4, 0x05, 0x78, 0xDA, 0x39, 0x80, 0xA9, 0xE9,
    0x01, 0x7C, 0xE5, 0x81, 0x54, 0x93, 0xE9, 0x8B, 0x09, 0xC8, 0x9C, 0x9D, 0x01, 0xDB, 0xDA, 0x05,
    0x28, 0xEA, 0x7C, 0x8D, 0x2F, 0x22, 0x02, 0x54, 0x22, 0x52, 0xC3, 0x0B, 0x12, 0x71, 0x30, 0x83,
    0x38, 0x92, 0x09, 0xA4, 0x27, 0xF5, 0xD0, 0x78, 0x4C, 0x48, 0x23, 0xC5, 0x08, 0xDD, 0x82, 0x88,
    0xB3, 0x22, 0x4E, 0x34, 0xC1, 0x61, 0x64, 0x3E, 0x26, 0x3B, 0x73, 0x9C, 0xF4, 0xB1, 0xF7, 0xD6,
    0x9A, 0x4C, 0x64, 0xC0, 0x4E, 0xD5, 0x84, 0xF5, 0x76, 0x26, 0x0B, 0x02, 0x5F, 0x4B, 0x22, 0x32,
    0x53, 0x04, 0x69, 0x26, 0x3B, 0xD3, 0x0D, 0x76, 0x46, 0xFA, 0x20, 0x2E, 0x4A, 0x31, 0xD3, 0xF5,
    0xD5, 0x4C, 0xF3, 0x95, 0xAC, 0x94, 0xF2, 0x85, 0xF4, 0xD9, 0x9A, 0x4B, 0x4F, 0x0C, 0x1B, 0x72,
    0xE5, 0x77, 0xA2, 0xC7, 0xB6, 0xC8, 0x97, 0x3D, 0xC2, 0x37, 0x0B, 0x07, 0xF0, 0x9A, 0x8D, 0x89,
    0xA2, 0x8D, 0xA9, 0x8B, 0x9A, 0x8C, 0x9A, 0x3C, 0x31, 0x2E, 0xD9, 0x45, 0x7E, 0x60, 0x4B, 0x21,
    0x31, 0x55, 0x07, 0xB6, 0xBC, 0x90, 0x9D, 0x2D, 0x89, 0x57, 0x3F, 0x0E, 0x6C, 0xC9, 0xBF, 0xC9,
    0x96, 0xEA, 0xD5, 0xB6, 0x74, 0x83, 0xFA, 0xE1, 0x23, 0xCE, 0x4A, 0x6D, 0x69, 0x8E, 0x6C, 0x09,
    0x47, 0x69, 0x56, 0xE0, 0xFD, 0x06, 0xA0, 0x02, 0xF8, 0x00, 0x30, 0x63, 0x10, 0x07, 0xA4, 0x2D,
    0xC0, 0xAD, 0x58, 0xF2, 0x6F, 0xC1, 0x12, 0xA3, 0x96, 0xE4, 0x83, 0x92, 0x6A, 0x83, 0xCC, 0x17,
    0xCA, 0xFE, 0xCF, 0x01, 0x5E, 0x46, 0xF6, 0xE9, 0x94, 0xF9, 0x90, 0x2E, 0xF9, 0x6B, 0x34, 0xAE,
    0x85, 0x79, 0xEC, 0x7A, 0xC5, 0x3C, 0x00, 0x66, 0x50, 0xCC, 0x7D, 0x39, 0x1E, 0x60, 0x9E, 0x4F,
    0x63, 0x4E, 0xA5, 0x3D, 0xAC, 0xFE, 0x0D, 0xF3, 0xAB, 0xAB, 0x3F, 0x1F, 0xF4, 0xC3, 0xE5, 0xE1,
    0xA3, 0x15, 0xEB, 0x1B, 0x50, 0x95, 0x2D, 0x4C, 0x79, 0x8F, 0x19, 0xD2, 0x11, 0xE0, 0xD6, 0x31,
    0x27, 0x4A, 0x89, 0x67, 0x9A, 0xEC, 0x5F, 0xC5, 0xDF, 0x93, 0xF7, 0x14, 0x57, 0x17, 0x31, 0x27,
    0x1B, 0xE6, 0x77, 0x1F, 0x1C, 0xE6, 0x66, 0xBB, 0x35, 0xB3, 0xCF, 0x04, 0xF8, 0x47, 0x71, 0x60,
    0xBF, 0x18, 0xA0, 0x0A, 0x84, 0x27, 0x3E, 0x61, 0x17, 0xAF, 0xCB, 0x65, 0x00, 0x39, 0x61, 0x56,
    0xBB, 0x62, 0x66, 0x23, 0x24, 0x41, 0x60, 0x93, 0x46, 0x24, 0x38, 0x21, 0x14, 0xAB, 0x11, 0xCA,
    0xC9, 0x08, 0xD5, 0x18, 0xC4, 0x47, 0xC9, 0x84, 0x72, 0xB4, 0x42, 0xB1, 0x34, 0xD2, 0xE6, 0xF2,
    0xBF, 0x32, 0x26, 0xD2, 0xCA, 0x08, 0xA0, 0x68, 0x92, 0xFF, 0x74, 0x31, 0x67, 0x21, 0x3D, 0xFA,
    0xB8, 0xA8, 0x09, 0xDE, 0x7F, 0x3F, 0x52, 0x6B, 0x22, 0xAE, 0x25, 0x8F, 0x80, 0x7C, 0x3A, 0xDD,
    0x08, 0x6D, 0x7F, 0x40, 0xFB, 0xDA, 0x6B, 0x47, 0x7F, 0xA5, 0xB5, 0x83, 0x44, 0x80, 0xE4, 0x27,
    0x4E, 0x3F, 0x61, 0x3E, 0xBF, 0x05, 0x85, 0x9C, 0x6F, 0x95, 0x3D, 0x60, 0x86, 0x64, 0xBA, 0x8D,
    0xCA, 0x5E, 0xD8, 0x2A, 0x7B, 0x08, 0x95, 0x3D, 0x40, 0x53, 0xBF, 0x0F, 0xA4, 0xE2, 0xE3, 0xBA,
    0xF5, 0x73, 0x89, 0x45, 0xDC, 0x96, 0x2D, 0x5B, 0x10, 0x09, 0x40, 0xD5, 0xD5, 0x91, 0xBC, 0xED,
    0x95, 0xFC, 0x88, 0xC6, 0xC3, 0x5B, 0x55, 0x9A, 0xCB, 0xE7, 0xA4, 0x22, 0x1E, 0xF3, 0x69, 0xE7,
    0xF6, 0xD7, 0x5C, 0xAC, 0x5C, 0x6D, 0x7D, 0x29, 0x4F, 0xB8, 0xD0, 0x5D, 0x73, 0x19, 0x7F, 0xF4,
    0xD1, 0x7E, 0x23, 0xAF, 0x84, 0x83, 0xF5, 0x7B, 0xD0, 0x85, 0xE5, 0xC3, 0xD3, 0xA4, 0x35, 0x15,
    0xEB, 0xFE, 0xE9, 0x17, 0x52, 0x2B, 0xE9, 0x56, 0x49, 0xBB, 0x48, 0xBA, 0x39, 0x20, 0x5D, 0x29,
    0xE9, 0x62, 0xDA, 0x93, 0xB6, 0xCB, 0x21, 0x69, 0x02, 0x69, 0xA3, 0xA4, 0xD3, 0x40, 0x7A, 0xDC,
    0x48, 0xCB, 0x10, 0x49, 0x77, 0x3E, 0x92, 0x96, 0x6F, 0xEB, 0x5E, 0x0A, 0x3D, 0x52, 0xF9, 0xE3,
    0xA4, 0x8F, 0x91, 0x8F, 0x40, 0x11, 0x2F, 0xA0, 0x01, 0x66, 0xEB, 0x30, 0x83, 0xF1, 0x6C, 0x71,
    0x97, 0x0D, 0x4E, 0x59, 0xC7, 0xF4, 0x24, 0x2A, 0x63, 0xD4, 0xCB, 0x1F, 0x5F, 0x02, 0x4C, 0x59,
    0x3C, 0xA5, 0xD3, 0xCF, 0x5C, 0xAA, 0x03, 0xC9, 0x47, 0x0F, 0xF0, 0xE6, 0xD0, 0x5D, 0x6E, 0x02,
    0xD2, 0x01, 0xD2, 0x4F, 0xDF, 0x71, 0x24, 0x83, 0x6D, 0x61, 0xED, 0x6A, 0x6D, 0x79, 0xE2, 0x13,
    0x77, 0xF1, 0x2F, 0xC7, 0x86, 0xA4, 0x37, 0xD4, 0xDE, 0x54, 0x28, 0x25, 0x05, 0x6F, 0x9C, 0x22,
    0xFF, 0xC1, 0xEF, 0x16, 0x72, 0xDD, 0x5E, 0x4B, 0x80, 0xBC, 0x85, 0xD4, 0xDD, 0x29, 0xF2, 0x4C,
    0xDF, 0xE9, 0x0F, 0x9F, 0x12, 0xE3, 0xF1, 0xBE, 0x55, 0xF7, 0x9F, 0xF6, 0x4A, 0x3E, 0xC2, 0x6A,
    0x14, 0xDD, 0xEB, 0x0B, 0xDF, 0xBA, 0x13, 0x2C, 0x07, 0xE4, 0x35, 0x7D, 0x70, 0x75, 0xF2, 0xC5,
    0x75, 0xC9, 0x77, 0xDF, 0x42, 0xDE, 0x7A, 0xE0, 0xBB, 0xF1, 0xA3, 0x06, 0x49, 0x46, 0x48, 0x3F,
    0xFB, 0x3C, 0xE0, 0x37, 0x0E, 0xC6, 0xA2, 0x85, 0x46, 0x80, 0x62, 0xBA, 0x35, 0xFC, 0xBF, 0x0A,
    0xF8, 0x3F, 0x0F, 0xF8, 0xD3, 0x58, 0xF1, 0xC9, 0x00, 0x20, 0x3F, 0x8F, 0x38, 0xBE, 0x12, 0xA7,
    0x5F, 0x36, 0x6B, 0x80, 0x1F, 0xBE, 0x86, 0x86, 0x5A, 0x62, 0x9C, 0x76, 0x42, 0xAD, 0x9A, 0xA1,
    0xC0, 0xA7, 0x5F, 0xD3, 0x85, 0xC7, 0xEA, 0xC2, 0xF3, 0x57, 0xB8, 0xE0, 0xD4, 0x85, 0x56, 0x5D,
    0xA8, 0xD5, 0x05, 0x4E, 0xBB, 0x30, 0x92, 0x04, 0x17, 0xFC, 0x81, 0x0B, 0x43, 0x4C, 0x85, 0x3F,
    0xB9, 0x4B, 0x74, 0x6F, 0xF7, 0xA4, 0xE1, 0x37, 0xF3, 0x33, 0xA9, 0x49, 0xEA, 0xD7, 0x82, 0xFF,
    0x59, 0x58, 0xFE, 0xF3, 0x60, 0x69, 0x59, 0x43, 0xB7, 0xBF, 0x13, 0x4E, 0x6F, 0xCA, 0xE9, 0x75,
    0x37, 0xE5, 0x5F, 0x1D, 0xDC, 0x09, 0xC9, 0x87, 0x5C, 0x02, 0x66, 0x4C, 0x3D, 0x90, 0x2E, 0x99,
    0x1A, 0x23, 0x4E, 0x71, 0xD7, 0x27, 0x70, 0x5F, 0x7F, 0xA4, 0x30, 0x7C, 0xD3, 0x48, 0xA1, 0xD6,
    0xFE, 0x93, 0xD3, 0x23, 0x85, 0x11, 0x14, 0xF7, 0x7E, 0xA4, 0x30, 0x68, 0xFF, 0xE9, 0x6F, 0x62,
    0xA4, 0x60, 0x5D, 0xEE, 0xC8, 0x87, 0xB2, 0xC5, 0x88, 0x40, 0x22, 0x0B, 0x50, 0x0E, 0x47, 0x36,
    0x98, 0x68, 0xC3, 0x1C, 0xEE, 0x88, 0xD1, 0xCE, 0x9B, 0x17, 0xB7, 0xB9, 0x29, 0x8B, 0x88, 0x4C,
    0x5D, 0x90, 0x4C, 0x30, 0x93, 0x11, 0x92, 0x20, 0x44, 0x19, 0x83, 0x70, 0x24, 0x22, 0x5F, 0x0B,
    0x9C, 0x94, 0x37, 0x83, 0x3C, 0x89, 0x92, 0x09, 0xAC, 0xE1, 0x3D, 0x56, 0x09, 0xC2, 0x2E, 0x96,
    0xE3, 0x27, 0xB3, 0x44, 0x1A, 0x7C, 0x4D, 0xA3, 0x98, 0x28, 0x7D, 0xBE, 0x50, 0x0D, 0xD9, 0x4A,
    0xD7, 0x1B, 0x41, 0x5C, 0x10, 0x11, 0x15, 0xA2, 0x21, 0x2A, 0x3D, 0xD0, 0x0D, 0xFA, 0xF9, 0xFE,
    0x80, 0x72, 0xE2, 0x02, 0xBB, 0x26, 0x33, 0xA9, 0xC8, 0x08, 0xE5, 0x5A, 0xEF, 0x1D, 0x3B, 0xA8,
    0x71, 0x3D, 0xA6, 0x91, 0x4A, 0x0D, 0x99, 0x0C, 0x90, 0xBF, 0xE3, 0x21, 0x31, 0x1E, 0x88, 0xC5,
    0x5B, 0x3A, 0xE0, 0x62, 0x5B, 0xD5, 0xDF, 0x40, 0xE3, 0x2E, 0x20, 0x96, 0xDB, 0xFC, 0xE4, 0x47,
    0xDB, 0xFC, 0x84, 0x4F, 0x4E, 0xCC, 0x4F, 0x6E, 0x0F, 0x67, 0xD1, 0x9F, 0xD5, 0x74, 0x4B, 0x51,
    0x23, 0x22, 0xA1, 0x3B, 0x5E, 0x48, 0x2E, 0x63, 0x0F, 0xCA, 0x1D, 0xC2, 0xE9, 0xEA, 0xC7, 0x18,
    0x19, 0x5E, 0x90, 0x8B, 0x4C, 0xD8, 0xBF, 0x13, 0xCF, 0x19, 0x8D, 0xE2, 0xB8, 0x0E, 0x92, 0xFE,
    0x34, 0x92, 0x37, 0x8F, 0x90, 0x80, 0x99, 0xB4, 0x60, 0x8C, 0xD8, 0x1A, 0x2B, 0xFF, 0x01, 0xD5,
    0x3F, 0x0C, 0xF0, 0x49, 0x32, 0xC1, 0x25, 0xE7, 0x77, 0x0B, 0x67, 0x37, 0x12, 0xB2, 0xF3, 0x13,
    0xA8, 0xE4, 0x0D, 0xE8, 0xAA, 0x96, 0x74, 0xCA, 0x07, 0xB2, 0x3E, 0x19, 0x7F, 0x2B, 0x98, 0x9E,
    0x6D, 0x6D, 0x69, 0xF6, 0xB9, 0x00, 0x3F, 0x15, 0x07, 0xE5, 0x86, 0xE9, 0x43, 0xFE, 0xE4, 0x6E,
    0x31, 0xBD, 0xDC, 0x5A, 0xCA, 0x78, 0x7D, 0x89, 0x5E, 0xDF, 0x17, 0x03, 0x3C, 0x4B, 0x27, 0x92,
    0x89, 0x0F, 0x0E, 0x47, 0x3A, 0x2D, 0xC4, 0x91, 0x8E, 0x64, 0x2B, 0xF9, 0x9C, 0x4A, 0x6D, 0xA7,
    0x44, 0xDA, 0x72, 0x44, 0x5C, 0xE5, 0x83, 0x88, 0x88, 0xCA, 0x6E, 0x15, 0x1E, 0x81, 0x72, 0xD2,
    0x15, 0xC8, 0x90, 0xAF, 0xE4, 0xB5, 0x91, 0xB6, 0x81, 0x4E, 0x16, 0xC8, 0xE5, 0x12, 0xA0, 0x72,
    0xC0, 0xDF, 0x7A, 0x1D, 0xF4, 0xA6, 0xFF, 0x9C, 0xF5, 0xE4, 0xF2, 0x05, 0x14, 0xFF, 0x3D, 0x40,
    0x63, 0x26, 0x98, 0x78, 0x79, 0x8A, 0x55, 0xBA, 0x61, 0xE2, 0x79, 0x90, 0x1F, 0x9D, 0x62, 0xD5,
    0xAA, 0xBC, 0x8A, 0xD5, 0x77, 0x83, 0xBC, 0xB5, 0xB1, 0x7A, 0xB9, 0x2F, 0xA9, 0xC3, 0x81, 0x8C,
    0x9D, 0x4B, 0xA8, 0xE4, 0x1C, 0xBA, 0xCA, 0x6D, 0x75, 0x35, 0x01, 0xDC, 0xE0, 0x8A, 0xF4, 0xFB,
    0x01, 0xDD, 0x9F, 0x61, 0xD7, 0x1F, 0x7C, 0xF2, 0x75, 0x5D, 0x49, 0x0B, 0x65, 0xFF, 0x26, 0xC8,
    0xF4, 0x98, 0xC4, 0x77, 0x13, 0xC9, 0x65, 0x31, 0xA0, 0x91, 0x09, 0x60, 0xBF, 0x74, 0x50, 0x19,
    0x0F, 0x13, 0x2F, 0xD0, 0xF8, 0x6D, 0x96, 0xD9, 0xB3, 0xA3, 0xA5, 0xEA, 0xF2, 0x39, 0x46, 0xC4,
    0x93, 0xFD, 0xB8, 0x73, 0xC0, 0xD6, 0x3B, 0x94, 0x82, 0xDE, 0x97, 0x49, 0xE4, 0x37, 0x9C, 0xBA,
    0x2F, 0xA7, 0x8D, 0x5F, 0xFF, 0x0A, 0x7E, 0x57, 0x5F, 0xBE, 0x92, 0x8F, 0x37, 0x56, 0x12, 0x58,
    0xFD, 0xE5, 0x00, 0x73, 0x1A, 0x57, 0xAE, 0xBF, 0x61, 0x8B, 0xFB, 0xDA, 0x38, 0xE8, 0x14, 0x4A,
    0x80, 0xA6, 0x69, 0x49, 0x66, 0xDB, 0xEB, 0xF8, 0xE3, 0xE6, 0x4A, 0xEF, 0x34, 0x3A, 0x0D, 0x33,
    0x1E, 0xF5, 0x16, 0x7A, 0x0C, 0xC2, 0xAA, 0x20, 0xBD, 0xCD, 0x3C, 0x26, 0x36, 0xF4, 0x65, 0xFC,
    0xE6, 0xFA, 0x14, 0x6D, 0x24, 0x24, 0x46, 0x1E, 0xAF, 0xE0, 0xD7, 0xFD, 0xC9, 0xC5, 0x49, 0x0C,
    0x20, 0x5F, 0x29, 0xA5, 0xFD, 0x7E, 0xE1, 0xB0, 0x8E, 0xB2, 0x4E, 0x46, 0x12, 0x0F, 0x3F, 0xD4,
    0xB7, 0x40, 0x04, 0x2B, 0x64, 0xDF, 0xF6, 0x82, 0x59, 0x38, 0xAD, 0x15, 0x99, 0xE3, 0xCF, 0xCD,
    0x5C, 0x98, 0x7A, 0xB4, 0x3D, 0xC4, 0x42, 0x32, 0xB3, 0xFD, 0x9A, 0xCC, 0xC0, 0xF5, 0x2F, 0x12,
    0x80, 0xA3, 0x17, 0x7C, 0x24, 0xBF, 0x04, 0x1A, 0x91, 0x9E, 0x54, 0x2E, 0xCB, 0x89, 0x7C, 0xC1,
    0xAC, 0x14, 0x13, 0x89, 0xD4, 0x95, 0x07, 0x5D, 0x8E, 0xBB, 0x3E, 0x38, 0xDB, 0x0C, 0x5D, 0x1F,
    0xEC, 0x15, 0x77, 0x42, 0xE3, 0xA3, 0x7A, 0x8E, 0x9E, 0xAF, 0xCF, 0xD5, 0xD7, 0xB1, 0xF1, 0x35,
    0xF5, 0xF5, 0xF5, 0xBD, 0xF4, 0x7D, 0xF5, 0x1A, 0x0E, 0x07, 0x78, 0x95, 0x3F, 0x50, 0x3D, 0xBE,
    0x7D, 0x07, 0xF0, 0xD8, 0xC5, 0xCE, 0xE8, 0xAC, 0x7F, 0x48, 0xA5, 0xEE, 0xFA, 0x44, 0x5A, 0xE9,
    0x11, 0x27, 0xEE, 0x58, 0xE2, 0x03, 0xF1, 0x94, 0x78, 0x72, 0xE9, 0x8D, 0xE8, 0x0B, 0xA4, 0x22,
    0xFE, 0x6A, 0x95, 0xD9, 0xF5, 0x40, 0x2A, 0x23, 0x60, 0x7E, 0x16, 0x51, 0xD6, 0x51, 0x89, 0xAA,
    0x03, 0x8D, 0xA2, 0x8D, 0x0A, 0x80, 0x65, 0x8B, 0xFB, 0x43, 0x38, 0xD7, 0xA9, 0x6B, 0x0D, 0x8F,
    0x23, 0x4D, 0x1B, 0xA4, 0xAC, 0x21, 0x09, 0x8F, 0x26, 0x3E, 0x88, 0x4E, 0x80, 0x0F, 0x51, 0xE7,
    0x37, 0x8E, 0xFA, 0x4F, 0xA3, 0x56, 0x51, 0x5F, 0x00, 0x9D, 0xF7, 0x01, 0xEF, 0x2F, 0x6B, 0xC8,
    0xFC, 0x1A, 0x59, 0x96, 0x2D, 0x7C, 0x8F, 0x47, 0x91, 0xE9, 0x7D, 0x84, 0xB9, 0x6F, 0x12, 0x2F,
    0xA0, 0x8C, 0x4D, 0x62, 0xD9, 0x92, 0xE8, 0x5C, 0x5F, 0x37, 0xA3, 0x5B, 0x87, 0x79, 0xA6, 0x33,
    0x02, 0x07, 0x60, 0x06, 0x74, 0xC0, 0xE2, 0x81, 0x3F, 0x96, 0x89, 0x07, 0x03, 0xB3, 0x01, 0x28,
    0xB7, 0x56, 0x97, 0x7F, 0x3A, 0x68, 0x25, 0x39, 0x6A, 0x25, 0x2F, 0x41, 0x64, 0xC6, 0xC8, 0x5F,
    0x08, 0x76, 0xD6, 0x97, 0xEF, 0xFA, 0x72, 0x0C, 0x6F, 0x3A, 0x52, 0xF9, 0xCA, 0x1F, 0x4B, 0x7C,
    0x20, 0x9E, 0x12, 0x4F, 0xCE, 0xC3, 0xD3, 0x8C, 0xBC, 0x2D, 0xD0, 0xC9, 0xBC, 0xB5, 0x92, 0xF9,
    0xB8, 0x9B, 0x4C, 0x3E, 0xDE, 0xEA, 0x53, 0xFE, 0x67, 0x80, 0x44, 0xBE, 0x6A, 0xC1, 0x7C, 0x15,
    0x97, 0x86, 0xBE, 0x01, 0x2A, 0x8A, 0xFB, 0x8A, 0xF4, 0xB8, 0xE3, 0x7C, 0x0B, 0x4A, 0x39, 0xDF,
    0x8A, 0x74, 0xFB, 0x13, 0xE0, 0xED, 0x17, 0x29, 0xD9, 0x64, 0x7A, 0x28, 0x24, 0x5C, 0xCC, 0x45,
    0x21, 0x35, 0x9C, 0xA7, 0x0B, 0x5B, 0x88, 0x07, 0xD2, 0x75, 0xCF, 0xD5, 0x3A, 0x34, 0xEE, 0x8A,
    0x6E, 0xF1, 0x6A, 0xBA, 0xFB, 0xA6, 0xB4, 0x3D, 0x6A, 0x4A, 0x1B, 0x6D, 0x4A, 0x8F, 0xFE, 0xBE,
    0x77, 0x9B, 0xFB, 0x57, 0x35, 0x00, 0x74, 0xE3, 0x86, 0x32, 0x1F, 0x1B, 0xA0, 0x74, 0xC5, 0xE9,
    0x7B, 0xFF, 0xC1, 0xEC, 0xFB, 0x8A, 0x76, 0x8D, 0x4D, 0x6B, 0x0D, 0xB1, 0x69, 0xF5, 0xA9, 0x67,
    0x8B, 0x3B, 0x6C, 0x0D, 0xB4, 0xF1, 0xC5, 0x48, 0x3C, 0x35, 0xD3, 0xBA, 0xB6, 0x3E, 0xA6, 0x4A,
    0xA9, 0x9F, 0x1F, 0xFF, 0x79, 0x32, 0x7C, 0xF8, 0x90, 0x02, 0x89, 0xC2, 0x47, 0x2C, 0x99, 0x8F,
    0x8C, 0xCC, 0x10, 0x4D, 0xC8, 0x23, 0x7F, 0x59, 0x89, 0x28, 0x47, 0x94, 0x2B, 0x0A, 0x19, 0x71,
    0xAF, 0x48, 0x7A, 0x4A, 0xA7, 0x49, 0x9F, 0x87, 0x1A, 0x82, 0x3A, 0x82, 0x5A, 0x82, 0x7A, 0x82,
    0x9A, 0x02, 0xEA, 0xCA, 0x66, 0x4B, 0x31, 0xB3, 0xB9, 0x20, 0x2D, 0x90, 0x2C, 0x00, 0xC6, 0xA3,
    0x93, 0x07, 0xA9, 0xA3, 0xBA, 0x80, 0x5E, 0x5C, 0x60, 0x5F, 0x39, 0xBB, 0xD8, 0xA5, 0x88, 0x18,
    0x9F, 0x44, 0xFC, 0x13, 0x01, 0xAE, 0x23, 0x72, 0x3E, 0xF9, 0xA3, 0x8F, 0x46, 0x1B, 0xD4, 0x34,
    0xA2, 0x11, 0xBA, 0x10, 0xA9, 0x15, 0x5B, 0x99, 0x8F, 0xFB, 0xE1, 0xB1, 0x59, 0x89, 0xD1, 0xD5,
    0x7B, 0xBA, 0xC9, 0xE5, 0xC3, 0xC3, 0x9D, 0xAF, 0xDB, 0x60, 0x15, 0x1A, 0x07, 0x60, 0x87, 0x78,
    0x68, 0xBC, 0x4B, 0xDC, 0xDA, 0xF8, 0x6A, 0xE7, 0xBB, 0xB5, 0xBE, 0xD4, 0x9A, 0xD0, 0x94, 0x7B,
    0x65, 0x5D, 0x6B, 0x8A, 0xCA, 0xD9, 0x43, 0x82, 0xAF, 0x9D, 0xB1, 0xB6, 0xC6, 0x68, 0x6F, 0x8C,
    0x75, 0x5B, 0x53, 0x92, 0xE8, 0x7E, 0xEA, 0xF9, 0x4E, 0x6C, 0x90, 0x4F, 0x1A, 0xD1, 0x06, 0x8C,
    0xD5, 0xED, 0x18, 0x91, 0x4D, 0xB1, 0xAA, 0x4B, 0x79, 0x7B, 0x88, 0x57, 0x2A, 0x0E, 0x78, 0x51,
    0x48, 0x0B, 0xBC, 0xBB, 0x6D, 0xA6, 0x0F, 0xAF, 0xEE, 0xE3, 0x24, 0x5A, 0x47, 0xD1, 0x3A, 0x8B,
    0xD6, 0x61, 0x34, 0x67, 0xBC, 0xD7, 0x7E, 0xEF, 0x0E, 0xEB, 0xFE, 0x61, 0x41, 0xBC, 0xFA, 0x7F,
    0xBF, 0x00, 0xCF, 0xA2, 0x4A, 0xCB, 0x86, 0xB5, 0x8B, 0x58, 0xCB, 0x1D, 0xD6, 0x8B, 0x08, 0x68,
    0xBC, 0x05, 0xAC, 0xDB, 0xBE, 0x69, 0xE7, 0xBD, 0x6E, 0xC7, 0x45, 0xC4, 0x88, 0xA8, 0xE6, 0xD2,
    0x53, 0xF6, 0x46, 0x6A, 0xAC, 0x33, 0xC2, 0x8D, 0x6A, 0x8D, 0x6D, 0x53, 0x69, 0x29, 0x6A, 0xC4,
    0x51, 0x41, 0x33, 0xA5, 0x0B, 0x14, 0x22, 0x23, 0x24, 0xDD, 0xEE, 0x72, 0x33, 0xFF, 0x4D, 0x97,
    0xAB, 0xC7, 0x3B, 0x49, 0x64, 0x56, 0x25, 0x17, 0xCA, 0x19, 0x23, 0xD8, 0xEB, 0x68, 0x5D, 0x04,
    0x6D, 0xCB, 0xF8, 0x0F, 0x50, 0xCD, 0x4C, 0x22, 0xF2, 0xE5, 0x0A, 0x9D, 0xFC, 0x54, 0x06, 0x5E,
    0x5F, 0x72, 0x19, 0xAE, 0xD4, 0x29, 0x51, 0xEA, 0xBC, 0x62, 0x01, 0x78, 0xDE, 0x00, 0xFC, 0x51,
    0x05, 0x40, 0x54, 0x9D, 0x21, 0xA5, 0x7D, 0x54, 0x17, 0x8F, 0xB4, 0x68, 0xDC, 0x27, 0xF2, 0xA1,
    0x94, 0xE2, 0xAA, 0x10, 0xF4, 0x27, 0x9E, 0x90, 0xA2, 0xE6, 0x3D, 0xC0, 0x93, 0xDD, 0xD7, 0xB3,
    0xEF, 0xA0, 0x11, 0x50, 0x19, 0x99, 0x55, 0xC9, 0x85, 0xEA, 0xD6, 0xBC, 0xB0, 0x32, 0x6C, 0xD0,
    0x69, 0xFA, 0xDD, 0x2A, 0x65, 0x96, 0xFD, 0x8E, 0xF8, 0x68, 0xAB, 0xA1, 0x64, 0x42, 0xDB, 0x95,
    0x48, 0xF7, 0x73, 0x85, 0xFC, 0x99, 0x64, 0x81, 0x82, 0xEB, 0x14, 0xCC, 0x85, 0xA6, 0x17, 0x31,
    0xFD, 0xD7, 0x10, 0xD3, 0x5A, 0xEB, 0x41, 0x7E, 0xC3, 0xA4, 0xD0, 0x89, 0xD4, 0x5B, 0x14, 0x7B,
    0xE0, 0x1E, 0x3B, 0x3A, 0x05, 0xBF, 0xD5, 0x7C, 0x2A, 0x6E, 0xD7, 0x5A, 0xD9, 0x29, 0xA6, 0xD2,
    0xC5, 0xF4, 0x01, 0xE4, 0xB5, 0x56, 0xD3, 0xA0, 0xC9, 0x77, 0x92, 0xCA, 0x5C, 0x6A, 0xCA, 0x7D,
    0xE4, 0x6E, 0x86, 0x08, 0x32, 0x77, 0x21, 0x2D, 0x1D, 0x21, 0xC9, 0x2F, 0x94, 0x2E, 0x57, 0x49,
    0xEA, 0x80, 0x5A, 0x80, 0x7A, 0x00, 0xE8, 0x84, 0x9B, 0x26, 0xFC, 0xE1, 0x1E, 0x5E, 0x5F, 0xB2,
    0x90, 0x72, 0xD9, 0x5F, 0x34, 0xCD, 0xB0, 0x6F, 0xBF, 0xD3, 0x89, 0x18, 0xE7, 0x0F, 0xD0, 0x07,
    0x19, 0x14, 0xBC, 0xDF, 0xFF, 0x7F, 0x0D, 0xAB, 0xA6, 0xA2, 0xBE, 0x6F, 0x3E, 0xE8, 0xBA, 0xA3,
    0x0B, 0x8F, 0xAE, 0x3C, 0xBB, 0xA5, 0x07, 0x4D, 0xBA, 0xF8, 0x90, 0xF6, 0x9A, 0x9C, 0x1E, 0x6C,
    0x1F, 0x92, 0x2B, 0xBA, 0x30, 0x61, 0x64, 0x88, 0xE9, 0xEF, 0xD5, 0x9D, 0x54, 0x53, 0xD6, 0xB3,
    0xAD, 0x4E, 0x70, 0x01, 0x67, 0x75, 0x5C, 0x9F, 0xAA, 0x7E, 0xF3, 0xC8, 0xA8, 0x47, 0xE6, 0xD0,
    0xA3, 0xE2, 0x16, 0x3C, 0xFA, 0x52, 0x3D, 0xFA, 0x77, 0xF5, 0xC8, 0x86, 0x44, 0x57, 0x9F, 0x03,
    0x46, 0xC6, 0xA7, 0x40, 0x26, 0x32, 0xA3, 0xED, 0x16, 0x70, 0x46, 0xE9, 0xD8, 0xC7, 0x43, 0x72,
    0x25, 0x9B, 0xD2, 0x01, 0x28, 0xE5, 0x9D, 0x1E, 0x68, 0xB6, 0xE6, 0xB8, 0x06, 0x3E, 0x4A, 0x97,
    0xE8, 0x03, 0x07, 0x3E, 0xA4, 0x32, 0x57, 0x77, 0x77, 0xAF, 0x3C, 0x2C, 0xBA, 0x57, 0xFD, 0x2F,
    0x2E, 0x8D, 0xA2, 0x3D, 0x5C, 0x97, 0x62, 0x6F, 0x54, 0xC6, 0xA4, 0xAC, 0xCB, 0xD9, 0xF4, 0x7B,
    0xD6, 0x2F, 0x6F, 0xAB, 0xE6, 0xF3, 0x90, 0xAE, 0xDE, 0x19, 0xA7, 0x1F, 0x47, 0x15, 0x00, 0x74,
    0xA8, 0x57, 0xF4, 0xBB, 0xCF, 0xF6, 0x2E, 0x07, 0x21, 0x32, 0x5B, 0x99, 0x55, 0x0B, 0xE9, 0x69,
    0xFA, 0xE0, 0x5D, 0x59, 0xA7, 0xE2, 0x28, 0x41, 0x7A, 0x2E, 0xA0, 0xF3, 0x3C, 0x87, 0x6A, 0x4C,
    0x3C, 0x14, 0xB3, 0x19, 0xC0, 0x2E, 0x99, 0x83, 0x4C, 0x6C, 0x0D, 0xA9, 0xBC, 0x07, 0x20, 0x0B,
    0x40, 0xA7, 0xD3, 0x96, 0x31, 0xAA, 0x3F, 0xA1, 0xE3, 0x76, 0xA6, 0x15, 0xF1, 0xAA, 0xF1, 0xBD,
    0xF4, 0x0C, 0xDD, 0x26, 0x92, 0x15, 0xA0, 0xAC, 0x0F, 0x2E, 0x76, 0x90, 0x35, 0x4A, 0x21, 0x58,
    0x9F, 0xAF, 0xE4, 0x7D, 0xB6, 0xA2, 0x0E, 0xD4, 0xA9, 0xD4, 0x05, 0x88, 0x7B, 0x02, 0x9D, 0xBB,
    0x80, 0x66, 0x78, 0x0A, 0x95, 0x9F, 0xA0, 0x1C, 0x3D, 0xD8, 0xFF, 0xF3, 0x10, 0xFB, 0xCF, 0x4C,
    0x1C, 0x98, 0x20, 0x3A, 0xA8, 0x90, 0x6D, 0x4B, 0x5A, 0x80, 0x74, 0x06, 0xB2, 0x11, 0x28, 0x3C,
    0x24, 0x9D, 0xD3, 0x6F, 0xD4, 0x54, 0xBF, 0xB8, 0x5F, 0xB8, 0x0E, 0xC2, 0xF6, 0xDF, 0xF4, 0x5C,
    0x3D, 0xDE, 0xC8, 0x58, 0x49, 0x14, 0x2B, 0x6D, 0x3E, 0x19, 0xC1, 0x78, 0x23, 0x75, 0xD6, 0x27,
    0xE2, 0x72, 0x87, 0x38, 0xDB, 0xD2, 0x0C, 0x45, 0x78, 0x4A, 0x19, 0x58, 0x5D, 0x80, 0x9D, 0x9E,
    0x82, 0x9D, 0x9F, 0x43, 0xB6, 0x8C, 0x60, 0x56, 0x0F, 0xA9, 0x0C, 0xA8, 0x49, 0x04, 0x26, 0x34,
    0x2D, 0x50, 0x01, 0x74, 0x11, 0x9D, 0xED, 0x49, 0xE7, 0xCA, 0x93, 0x8F, 0xF1, 0x2B, 0x60, 0xE5,
    0x4B, 0x69, 0x6D, 0x5F, 0x4E, 0x68, 0x6C, 0x4D, 0x3D, 0x4D, 0x44, 0xFD, 0xAF, 0xFB, 0xA6, 0xFE,
    0x19, 0x0A, 0x7E, 0xDB, 0x7D, 0x32, 0xAD, 0xE5, 0xFA, 0x37, 0x2D, 0xD3, 0xF5, 0x16, 0xB8, 0x77,
    0x3D, 0x18, 0x99, 0xC0, 0x7C, 0x3A, 0x03, 0x04, 0x49, 0x63, 0xBD, 0xD4, 0x41, 0x00, 0x7E, 0x0F,
    0x8D, 0x03, 0xF4, 0xD9, 0x64, 0xA4, 0x8E, 0xE8, 0xCD, 0x1E, 0x7D, 0x37, 0x58, 0xA8, 0x7C, 0xA1,
    0xE8, 0x29, 0xA6, 0xC7, 0x01, 0xFD, 0xFB, 0x27, 0xD0, 0xCB, 0x21, 0xFA, 0xE6, 0xA0, 0x6A, 0xF3,
    0x51, 0x7B, 0x47, 0x4A, 0x69, 0x41, 0xD1, 0xF3, 0x92, 0x77, 0xE3, 0x4E, 0x3F, 0x41, 0xAE, 0x1F,
    0xE3, 0x1D, 0x19, 0xE0, 0x8C, 0xA6, 0xBE, 0xAF, 0x2B, 0x41, 0x31, 0xE4, 0x35, 0xCD, 0xF1, 0x3F,
    0x1B, 0xDE, 0xA7, 0x95, 0xE0, 0xFF, 0x01, 0xB5, 0x98, 0x01, 0x84, 0x25, 0xD9, 0x15, 0x86, 0xBF,
    0x57, 0x65, 0xA7, 0x44, 0x25, 0x6E, 0x40, 0xC4, 0x4E, 0x76, 0x2B, 0x58, 0x24, 0x91, 0x49, 0x35,
    0x82, 0xA0, 0xBB, 0x6F, 0x8D, 0xC1, 0x62, 0x61, 0x01, 0x2C, 0x24, 0x58, 0x60, 0x31, 0x41, 0x10,
    0xF4, 0x74, 0x55, 0x0C, 0x02, 0xC8, 0x20, 0x00, 0xCC, 0x60, 0x42, 0x04, 0x76, 0x31, 0x08, 0x7A,
    0x52, 0x77, 0x66, 0x10, 0x12, 0xA4, 0x12, 0x08, 0x16, 0x29, 0xD9, 0x25, 0x42, 0x70, 0x65, 0x2A,
    0xD4, 0x4E, 0xEA, 0xBD, 0x93, 0x7B, 0xD4, 0xF5, 0xFA, 0x55, 0x9B, 0x69, 0x4F, 0x8F, 0x9C, 0x73,
    0xEB, 0xF4, 0xB9, 0xE7, 0xFC, 0x75, 0xCE, 0xB9, 0xBF, 0xF7, 0xEE, 0xBE, 0x9D, 0x83, 0x57, 0xC9,
    0x3B, 0xD7, 0xDE, 0x7A, 0x2B, 0x7B, 0x94, 0x74, 0x99, 0x7F, 0xFB, 0x5F, 0xDF, 0xFF, 0x03, 0x6E,
    0x4F, 0x6D, 0xE0, 0x11, 0xDC, 0xC0, 0x0A, 0x07, 0x37, 0x38, 0xF8, 0x09, 0x07, 0xF7, 0x38, 0xE0,
    0xEA, 0x0B, 0x58, 0x55, 0x59, 0xF5, 0x16, 0xB5, 0xDC, 0xC8, 0xF2, 0x5B, 0xC9, 0x5D, 0xD2, 0x3D,
    0x15, 0x11, 0x77, 0x61, 0x01, 0x48, 0x14, 0xE2, 0x46, 0x13, 0x31, 0xC5, 0x6E, 0xDE, 0x6F, 0x9D,
    0x4B, 0x52, 0xDE, 0xF0, 0xFF, 0x5E, 0xB1, 0x9F, 0x27, 0xCA, 0xCE, 0xFE, 0x93, 0xCC, 0x97, 0xD5,
    0x21, 0x67, 0x08, 0xE2, 0xC4, 0xB5, 0xAE, 0xAC, 0x8A, 0xC6, 0xF6, 0xD6, 0x97, 0xDE, 0xF8, 0xD4,
    0xA7, 0x5D, 0xEE, 0x4E, 0xF9, 0x10, 0x98, 0xA3, 0xD6, 0xE7, 0x8B, 0x68, 0x59, 0xB5, 0x4E, 0x54,
    0x39, 0xE3, 0x30, 0xEC, 0x32, 0xCF, 0x27, 0xCC, 0xF2, 0x20, 0x71, 0x79, 0x5F, 0xB8, 0x92, 0xC7,
    0x9C, 0xE0, 0x39, 0x4B, 0x3C, 0x92, 0x4E, 0xC8, 0x33, 0xD1, 0x87, 0xF6, 0xA9, 0x04, 0xFC, 0x63,
    0x8A, 0xE6, 0x14, 0xDB, 0x4B, 0x63, 0xBD, 0xB8, 0xD2, 0xB7, 0xCE, 0x78, 0xEB, 0x52, 0x6F, 0x5C,
    0xDA, 0x99, 0x2A, 0x77, 0x25, 0xA7, 0xAB, 0x91, 0x0F, 0x93, 0x7B, 0x00, 0x0B, 0xAC, 0x3E, 0xB9,
    0x2F, 0x5F, 0x85, 0xD5, 0xDA, 0xDA, 0x63, 0xDB, 0x4F, 0x7B, 0xEB, 0x0C, 0x3A, 0x8B, 0xCE, 0xA4,
    0xB3, 0xE9, 0x8C, 0xA8, 0x58, 0x17, 0x9F, 0x06, 0xCA, 0x06, 0x8A, 0x0A, 0x0A, 0x78, 0x68, 0x56,
    0x0F, 0x24, 0x72, 0xF5, 0xE2, 0x87, 0x1F, 0x78, 0xCA, 0x6A, 0xC6, 0xD5, 0x9D, 0x3E, 0xEA, 0x6F,
    0x1F, 0x7D, 0x4F, 0xF3, 0xF1, 0xDD, 0xF9, 0x31, 0xAF, 0x78, 0xBE, 0xC4, 0xCE, 0x7B, 0x33, 0xFE,
    0x97, 0x66, 0xF5, 0xA3, 0x97, 0xF7, 0x8A, 0xB8, 0x8B, 0xF5, 0xCA, 0x66, 0x67, 0x86, 0x86, 0x7B,
    0x05, 0xDB, 0xF7, 0x37, 0xF7, 0x3F, 0xF2, 0x8A, 0x9F, 0x6B, 0x34, 0x33, 0xE6, 0x3B, 0x0D, 0xF9,
    0x06, 0x2B, 0xAE, 0x95, 0x5E, 0xC4, 0x6F, 0x57, 0xD8, 0x86, 0x60, 0x48, 0x35, 0x30, 0x82, 0x34,
    0xC8, 0x88, 0x48, 0x23, 0x9A, 0xAD, 0x64, 0x40, 0x2A, 0x06, 0xD0, 0x4A, 0x95, 0x38, 0x55, 0x5B,
    0xD9, 0x2A, 0xF3, 0xE2, 0xCC, 0x24, 0xF1, 0xD1, 0xBD, 0xAD, 0xD2, 0x21, 0x40, 0x74, 0x8B, 0xB8,
    0xE5, 0x9F, 0x98, 0xDB, 0x29, 0x20, 0xD5, 0x01, 0xBC, 0xFE, 0x02, 0x5A, 0x21, 0x23, 0x65, 0x7F,
    0x45, 0x16, 0xB2, 0xEF, 0x6B, 0x56, 0x2E, 0x34, 0xD7, 0xC8, 0xCA, 0xC1, 0x95, 0x17, 0xD4, 0x3B,
    0xB3, 0xD7, 0xB2, 0x72, 0xEC, 0xA7, 0x24, 0xD2, 0x90, 0x3B, 0x54, 0x0A, 0xF1, 0x98, 0x0A, 0x15,
    0xFB, 0x6C, 0xA2, 0x04, 0x95, 0xFA, 0xE6, 0x9A, 0xA3, 0xD9, 0x6D, 0xD9, 0x70, 0x36, 0xBB, 0x82,
    0x30, 0x6C, 0xDD, 0xD4, 0x6F, 0xDD, 0xAC, 0xDB, 0xBA, 0xE6, 0xC9, 0x6F, 0xF4, 0xB3, 0xA2, 0xAF,
    0x15, 0xB9, 0xF4, 0x89, 0x8C, 0x5A, 0xEC, 0xB8, 0x7C, 0x36, 0xE6, 0x7E, 0xA3, 0x2D, 0x4E, 0xEC,
    0xCD, 0xC9, 0x74, 0xB5, 0x36, 0x1E, 0x03, 0xA8, 0x74, 0xB6, 0x49, 0xE4, 0x67, 0x5E, 0x10, 0xEB,
    0xAC, 0x83, 0xB4, 0xDF, 0xBA, 0x99, 0xDB, 0xBA, 0xA6, 0xD9, 0xBA, 0x05, 0x5B, 0xF7, 0x98, 0x58,
    0x01, 0x4E, 0xB4, 0x4D, 0xD1, 0xD5, 0x15, 0x8C, 0xDA, 0xC6, 0x78, 0x81, 0x95, 0xC7, 0x88, 0x4F,
    0x65, 0xD2, 0xB2, 0xE8, 0xA9, 0xDB, 0x7E, 0xF7, 0xF0, 0xCB, 0xF3, 0x2F, 0x29, 0x58, 0xB2, 0xB0,
    0x24, 0x62, 0xC9, 0xC5, 0x82, 0x8E, 0x05, 0x23, 0x0B, 0x52, 0xDE, 0x7C, 0xC0, 0xB5, 0x5F, 0x13,
    0x79, 0xA1, 0xDD, 0x50, 0x4A, 0x13, 0xA9, 0x49, 0x26, 0xDB, 0xB4, 0xA6, 0x8F, 0xEC, 0xA4, 0x43,
    0xE1, 0xD6, 0x99, 0x8F, 0x04, 0xE5, 0xDE, 0xFC, 0x7D, 0x4A, 0xC7, 0xC8, 0x91, 0xF1, 0xE6, 0xF9,
    0x94, 0x4E, 0x91, 0xA6, 0xED, 0x2E, 0x73, 0xBB, 0x3B, 0xD3, 0xEC, 0xEE, 0x0A, 0x76, 0x77, 0xC7,
    0x9C, 0xD7, 0x8C, 0xAC, 0x65, 0x43, 0xF1, 0xE7, 0x60, 0x22, 0x71, 0xE9, 0x64, 0x5D, 0x80, 0x47,
    0xEE, 0x10, 0xC1, 0x8A, 0x23, 0xD2, 0x57, 0x8E, 0x7A, 0x09, 0x98, 0xB5, 0x99, 0x8A, 0xA1, 0xF4,
    0x65, 0x67, 0x9D, 0xE5, 0x58, 0xF7, 0x21, 0xA2, 0x31, 0x8D, 0x6A, 0x5C, 0x33, 0x9A, 0xD3, 0xAC,
    0xE6, 0x23, 0x22, 0x62, 0x22, 0x4A, 0x71, 0x11, 0xA9, 0xD8, 0x88, 0xE6, 0x14, 0x3B, 0x94, 0xA3,
    0x19, 0xB3, 0x30, 0xCA, 0x6A, 0xCD, 0x9A, 0x53, 0x3B, 0x68, 0x44, 0x63, 0x1A, 0xD5, 0xB8, 0x66,
    0x34, 0xA7, 0x59, 0xCD, 0x47, 0x44, 0xC4, 0x28, 0x2A, 0xE2, 0x22, 0x32, 0x62, 0x15, 0xAD, 0xFA,
    0x6D, 0xA0, 0xAD, 0x40, 0x1C, 0x89, 0x74, 0xA4, 0xCF, 0x3D, 0xE6, 0x2F, 0x03, 0x85, 0x9B, 0xB0,
    0xD5, 0x63, 0x6A, 0x2C, 0x6B, 0xCA, 0x8A, 0x93, 0xD5, 0x98, 0x7A, 0xD3, 0x5B, 0x27, 0xCA, 0x68,
    0x63, 0x9D, 0xE9, 0x53, 0xBF, 0x1A, 0x39, 0x39, 0x0A, 0x59, 0xE3, 0x72, 0x9F, 0x4E, 0x89, 0x20,
    0x89, 0xA4, 0x53, 0xEE, 0x8D, 0x2B, 0xAB, 0x23, 0xA0, 0xE8, 0xE0, 0x10, 0xEB, 0xF1, 0x6D, 0xB0,
    0xE9, 0x58, 0x3A, 0x1B, 0x6A, 0x64, 0xDE, 0x74, 0xB6, 0x59, 0x4D, 0xB0, 0x86, 0xBA, 0x4A, 0x07,
    0x05, 0x2A, 0x34, 0x1B, 0xEA, 0x8A, 0xFA, 0xE6, 0x66, 0x9D, 0x0E, 0xE2, 0xEA, 0x41, 0x2F, 0xC4,
    0xB2, 0x57, 0xAB, 0xBE, 0xBD, 0xB9, 0x0E, 0x71, 0xF4, 0x76, 0x84, 0xC2, 0x99, 0x0E, 0x5A, 0xD2,
    0x91, 0x64, 0x82, 0x0D, 0xB9, 0x2F, 0x42, 0xCD, 0xB9, 0xFE, 0xDC, 0x6B, 0xEE, 0x0B, 0x0A, 0x54,
    0x4E, 0xAC, 0x3F, 0xD7, 0x52, 0xB5, 0x9F, 0xB5, 0x08, 0xAA, 0xED, 0x8D, 0xAA, 0x5B, 0x6A, 0xAE,
    0xDA, 0xE4, 0x0D, 0x51, 0x14, 0xB3, 0x5B, 0x47, 0xF7, 0x49, 0xBB, 0xA9, 0xB0, 0x22, 0x03, 0x32,
    0xE4, 0x1B, 0xC4, 0x25, 0xD2, 0xD4, 0xF7, 0x07, 0x71, 0xAB, 0xC2, 0x8B, 0xC3, 0x9C, 0x9B, 0x7F,
    0x4B, 0x83, 0xF9, 0x4C, 0xC0, 0xC8, 0x08, 0xB9, 0x74, 0xC1, 0x7C, 0x01, 0x64, 0xDD, 0xD6, 0x38,
    0x76, 0xC5, 0x68, 0xCC, 0xFA, 0x85, 0xD1, 0x98, 0x8A, 0x44, 0x39, 0x01, 0x48, 0xBB, 0x12, 0xCD,
    0x35, 0x79, 0x0F, 0xFC, 0x8E, 0xD5, 0xE6, 0x7D, 0x3E, 0x1A, 0xA0, 0x14, 0x91, 0x06, 0x56, 0xAD,
    0x7C, 0x0E, 0xF0, 0x81, 0xFC, 0x0A, 0xB8, 0x2E, 0xA2, 0x5B, 0x51, 0x21, 0x0B, 0xC8, 0x37, 0x5A,
    0x65, 0x5F, 0xE9, 0x3F, 0x42, 0xE5, 0x0C, 0xF0, 0x90, 0x74, 0xF3, 0x40, 0x46, 0xF9, 0x06, 0x34,
    0xA9, 0xDD, 0x06, 0x58, 0x79, 0xED, 0x19, 0xD3, 0x0E, 0xF4, 0xF5, 0x23, 0x0F, 0x3F, 0x7D, 0x04,
    0xFE, 0x90, 0xA4, 0xBF, 0x41, 0xEA, 0x0C, 0x4A, 0x9D, 0x09, 0xDE, 0xF7, 0x42, 0xE4, 0x10, 0xFC,
    0x6F, 0x21, 0xAC, 0xED, 0x11, 0x8C, 0x43, 0xE5, 0x1B, 0xB9, 0x7B, 0x00, 0x60, 0xDF, 0xBD, 0xEB,
    0x01, 0xEA, 0x7F, 0x7C, 0x3C, 0x32, 0xCF, 0x79, 0x0F, 0x34, 0xA0, 0x5B, 0x28, 0x75, 0x6C, 0xC5,
    0xFD, 0xF5, 0xFE, 0x00, 0x60, 0xF3, 0xA7, 0x8A, 0xE7, 0xEB, 0xB9, 0x7B, 0x7F, 0xA7, 0x9E, 0x7E,
    0x34, 0x8C, 0x9F, 0x77, 0x79, 0xCF, 0x3B, 0xA6, 0xB9, 0xF7, 0xE5, 0xAC, 0xFB, 0xE6, 0xB1, 0xB9,
    0xD5, 0x17, 0xB7, 0x9E, 0x0E, 0xF5, 0xA7, 0xB7, 0xBD, 0xFD, 0xEC, 0x4F, 0xD3, 0x6D, 0x91, 0xFE,
    0xBA, 0x56, 0x6C, 0x07, 0xB4, 0x83, 0x76, 0xD3, 0x7D, 0xFB, 0xE9, 0xED, 0xC1, 0x3E, 0xFF, 0xDB,
    0x64, 0xCD, 0xBB, 0xBE, 0xB8, 0xFB, 0x74, 0xF8, 0x56, 0x78, 0xFF, 0x2B, 0x59, 0xF7, 0xE3, 0xB9,
    0x5E, 0xA7, 0xF5, 0xC1, 0xF4, 0x17, 0x7F, 0xCE, 0x46, 0xDA, 0x06, 0x48, 0x22, 0x37, 0x79, 0xA4,
    0xAE, 0x54, 0xEA, 0x96, 0xE9, 0xAC, 0x8B, 0xB4, 0x55, 0x60, 0x81, 0x3B, 0xC0, 0x14, 0x59, 0xED,
    0x23, 0xAB, 0xCD, 0x4C, 0xFA, 0x31, 0x20, 0xD2, 0xEB, 0x1A, 0x90, 0x0E, 0x71, 0x97, 0xAD, 0x88,
    0xBC, 0x1C, 0xD3, 0x21, 0x3E, 0x22, 0x21, 0x9E, 0x23, 0x89, 0xB9, 0xCB, 0x96, 0x22, 0xF7, 0x80,
    0x25, 0x3B, 0x94, 0x5C, 0x93, 0x91, 0x55, 0xBB, 0x01, 0x2B, 0xD2, 0x18, 0x6D, 0xD8, 0xF6, 0x75,
    0x6F, 0xC7, 0x62, 0x42, 0x5C, 0x39, 0x58, 0x9F, 0x6D, 0x90, 0xA6, 0x98, 0x6C, 0x9F, 0x0A, 0x45,
    0x63, 0xA6, 0x5C, 0x1D, 0x08, 0x79, 0xB6, 0x4E, 0xA6, 0x8E, 0x1D, 0xD0, 0xEB, 0x96, 0x50, 0x60,
    0x8E, 0xEA, 0x15, 0x4C, 0xDD, 0x13, 0x21, 0xF1, 0xD7, 0x99, 0xF9, 0x5C, 0xB1, 0xCC, 0xF4, 0x52,
    0x02, 0xB9, 0x3A, 0x6F, 0xEA, 0x2C, 0x0D, 0x2F, 0x13, 0x5B, 0xC5, 0x0F, 0xA4, 0x38, 0xB0, 0xFE,
    0x65, 0xCE, 0x16, 0x73, 0x4D, 0x06, 0xC2, 0xB0, 0x7A, 0x96, 0x49, 0x0F, 0x62, 0x26, 0x3D, 0x85,
    0x99, 0xF4, 0x08, 0x66, 0x2C, 0x1B, 0x13, 0x2C, 0x84, 0x53, 0x0C, 0x50, 0xA8, 0xC5, 0x0E, 0x59,
    0xB0, 0xB5, 0xCF, 0x3C, 0x2B, 0x71, 0xC1, 0xE6, 0x6B, 0x52, 0x8F, 0xED, 0x51, 0x0B, 0x69, 0x4F,
    0x19, 0x2D, 0x49, 0x7F, 0x71, 0xB0, 0x80, 0x17, 0x87, 0x99, 0x76, 0xED, 0x1C, 0xB7, 0xC3, 0xAA,
    0xFD, 0x02, 0xEB, 0x0B, 0x91, 0xCE, 0xFA, 0x7A, 0x2C, 0x46, 0xEB, 0x5B, 0x9F, 0xAF, 0x4B, 0x5F,
    0x77, 0x99, 0x94, 0xFD, 0xF5, 0x2E, 0x0D, 0x56, 0x89, 0x29, 0x66, 0xDB, 0x81, 0x59, 0x9B, 0x4E,
    0xE7, 0x32, 0x4E, 0x27, 0x0A, 0x36, 0x91, 0x2A, 0x58, 0x33, 0xA0, 0xD6, 0x91, 0xCF, 0xB6, 0xC1,
    0x34, 0x17, 0x6F, 0xA1, 0xC2, 0x61, 0xFD, 0x85, 0x15, 0xE3, 0x0F, 0xE1, 0x6B, 0xB2, 0x23, 0x6D,
    0x78, 0xAC, 0xC8, 0x26, 0x93, 0x7F, 0xDE, 0x89, 0x9F, 0xFA, 0x89, 0x78, 0x69, 0xC4, 0x2F, 0x47,
    0xBF, 0xBC, 0x3C, 0xB4, 0x5D, 0x11, 0xBF, 0x28, 0x36, 0x7E, 0xE4, 0x77, 0x5F, 0x7D, 0x88, 0x88,
    0xAC, 0xD1, 0xC2, 0x4D, 0xE6, 0x44, 0xBA, 0x34, 0x98, 0x5E, 0x8D, 0xBF, 0x60, 0x62, 0x22, 0x42,
    0x9A, 0x60, 0x36, 0xA4, 0xEE, 0x3F, 0xEF, 0x07, 0xE3, 0xB9, 0xBA, 0x19, 0x20, 0x77, 0x6B, 0x10,
    0x27, 0x7E, 0x36, 0x89, 0x88, 0x28, 0xF7, 0xF2, 0xC0, 0x8A, 0x3B, 0xA4, 0x55, 0x23, 0x17, 0xCC,
    0x36, 0x11, 0x20, 0x47, 0x28, 0xD8, 0x27, 0x6A, 0xC2, 0x33, 0xF2, 0x71, 0xB0, 0x55, 0xEA, 0x42,
    0x4A, 0x4D, 0xAF, 0xC6, 0xBF, 0xC4, 0xF4, 0x99, 0x42, 0x44, 0xC1, 0xFA, 0x5A, 0xBC, 0x7C, 0x1C,
    0xE1, 0x52, 0xEA, 0xF4, 0x82, 0xD2, 0xCB, 0x4A, 0x2F, 0x2E, 0xEA, 0x01, 0xFD, 0xAB, 0x7B, 0x8D,
    0xEB, 0xA5, 0xA5, 0x38, 0xC5, 0x9F, 0xFF, 0x9F, 0x02, 0x0B, 0x79, 0x83, 0xDA, 0x89, 0x6A, 0xB3,
    0xE6, 0x8C, 0x23, 0x4C, 0x97, 0x78, 0xBE, 0xAA, 0x5F, 0xD7, 0x0A, 0x4A, 0xED, 0x96, 0x6C, 0xAA,
    0x6B, 0x52, 0xE5, 0x1E, 0x8A, 0xAE, 0x6C, 0x20, 0x1D, 0x8E, 0x01, 0x26, 0x5E, 0x5B, 0xE6, 0x3A,
    0x73, 0xCD, 0xB9, 0xFE, 0xDC, 0x6B, 0xEE, 0x1B, 0x67, 0xB8, 0xC2, 0x59, 0x81, 0x2B, 0x72, 0x74,
    0x22, 0x6E, 0x14, 0x37, 0xC8, 0x13, 0x6F, 0x6F, 0xF5, 0xA4, 0x1D, 0x99, 0xC3, 0x34, 0x98, 0x8A,
    0x52, 0xC7, 0xE5, 0x10, 0xCE, 0x60, 0x04, 0x4F, 0xE2, 0x49, 0x7B, 0xCD, 0xE7, 0x4F, 0x26, 0x73,
    0x57, 0x8A, 0x54, 0xCA, 0x54, 0x8E, 0x56, 0xFA, 0x7D, 0xB7, 0x76, 0x83, 0x3D, 0x29, 0xDD, 0xF1,
    0xA3, 0x6C, 0x78, 0xEC, 0x91, 0xC9, 0x53, 0xF6, 0x44, 0x89, 0xFF, 0x15, 0xAE, 0x45, 0xA4, 0x53,
    0x6E, 0xB9, 0x3E, 0x62, 0x3A, 0x8D, 0x70, 0x04, 0x90, 0xBB, 0x77, 0x50, 0x58, 0xA3, 0x53, 0x25,
    0xE6, 0x09, 0xE6, 0xBD, 0xDF, 0xBB, 0xF2, 0x8F, 0xBF, 0xE8, 0xB3, 0xFF, 0xB6, 0x15, 0x32, 0xF1,
    0xA2, 0x7D, 0x71, 0x26, 0x22, 0xD3, 0xA6, 0x7D, 0x31, 0xE9, 0x5E, 0xE3, 0x45, 0xC8, 0x9B, 0xF7,
    0x7E, 0xEE, 0x12, 0xF3, 0x34, 0x5E, 0x7A, 0xAC, 0x81, 0x54, 0x16, 0x46, 0x63, 0x8B, 0x1B, 0x0F,
    0x71, 0x0B, 0xA3, 0xB1, 0x28, 0xAF, 0x2A, 0x60, 0xD6, 0x51, 0xA7, 0x59, 0x8B, 0x61, 0xD6, 0xD2,
    0x47, 0xED, 0x66, 0xB5, 0x2E, 0x2A, 0x3B, 0xBF, 0x63, 0x83, 0x42, 0x0D, 0xB1, 0xDF, 0xD2, 0xD6,
    0x8B, 0xD1, 0x4E, 0x35, 0x8A, 0x34, 0xC1, 0xAE, 0xC4, 0xCD, 0xFE, 0x1C, 0x5F, 0xC8, 0x25, 0xD5,
    0xF6, 0xAC, 0xB3, 0xC7, 0x3C, 0xFB, 0x4C, 0xF5, 0xF2, 0xEF, 0xD7, 0x42, 0x16, 0x98, 0xBD, 0xBA,
    0x2E, 0x7A, 0xD7, 0x7B, 0x32, 0xA2, 0xB2, 0x3F, 0x47, 0x77, 0xF0, 0x59, 0x27, 0x78, 0xE3, 0xCF,
    0x8D, 0xC6, 0x3A, 0xF0, 0x70, 0x6E, 0x24, 0x88, 0x17, 0x35, 0x8B, 0xC4, 0x25, 0x05, 0x2E, 0x32,
    0x72, 0x71, 0xBF, 0x8C, 0x9D, 0x7B, 0xF5, 0xD6, 0x5B, 0x22, 0x76, 0x7D, 0x91, 0x8C, 0x34, 0x6A,
    0xF4, 0xF7, 0x50, 0xB0, 0x72, 0x90, 0x1D, 0xA4, 0xB3, 0xDA, 0xFD, 0xFF, 0x79, 0x00, 0x2B, 0x94,
    0x6B, 0xCC, 0x44, 0x36, 0x90, 0xF6, 0xAC, 0x1C, 0xBC, 0xE6, 0x02, 0x1A, 0xAD, 0x93, 0x7A, 0xF2,
    0x01, 0x33, 0x69, 0x7D, 0x2B, 0xAF, 0x57, 0xB3, 0xD1, 0x6A, 0x6F, 0x7F, 0x97, 0x1F, 0x18, 0xB5,
    0x99, 0x7F, 0xDD, 0x39, 0x85, 0xAB, 0xB1, 0xFC, 0x3F, 0x85, 0x52, 0x01, 0x84, 0x5D, 0x47, 0x14,
    0x3D, 0xEF, 0x4D, 0xEC, 0x94, 0x4F, 0x27, 0x88, 0x2A, 0xC1, 0x14, 0x50, 0x44, 0x1F, 0x40, 0xCB,
    0xDA, 0x79, 0xAB, 0x08, 0x20, 0x81, 0x28, 0x82, 0x2D, 0x00, 0xC5, 0x06, 0x45, 0xAA, 0x9B, 0x9D,
    0x97, 0x00, 0x14, 0x16, 0x08, 0x82, 0x42, 0xC1, 0x87, 0x06, 0x45, 0x91, 0xFD, 0xEF, 0xB5, 0x01,
    0x04, 0x3B, 0x11, 0xED, 0x02, 0xBC, 0x56, 0x0B, 0xE0, 0x5F, 0xED, 0x44, 0x5F, 0xDA, 0x99, 0xB9,
    0x9D, 0xC9, 0xCF, 0xE7, 0x2F, 0x5F, 0xFB, 0xE6, 0x9C, 0xEF, 0xCE, 0x99, 0x7B, 0xFF, 0x98, 0xE3,
    0x54, 0x73, 0x28, 0x1E, 0xCD, 0xD3, 0xC9, 0x56, 0xA1, 0x47, 0x64, 0x24, 0x06, 0xAF, 0x91, 0x7A,
    0xA4, 0xAC, 0x9B, 0x07, 0x41, 0x33, 0xD5, 0xDC, 0xCD, 0x06, 0xE5, 0x66, 0x1D, 0xD0, 0xBB, 0xC6,
    0xA9, 0x0B, 0xAB, 0xF1, 0x7D, 0x00, 0x00, 0x45, 0x30, 0x04, 0x4B, 0x58, 0x52, 0x7D, 0x46, 0xF2,
    0x06, 0x29, 0x45, 0xD7, 0x14, 0xDD, 0x55, 0xC4, 0xCC, 0xF3, 0x6F, 0xFF, 0x2E, 0x0D, 0x87, 0x2F,
    0xC1, 0x8C, 0x5B, 0xB7, 0x34, 0x53, 0xF3, 0x1A, 0xBB, 0x78, 0xBC, 0x8B, 0xF7, 0x76, 0x81, 0x3D,
    0xEE, 0x4C, 0x4F, 0x90, 0x13, 0x44, 0xB8, 0x22, 0x42, 0x10, 0x21, 0x4A, 0xDF, 0xF3, 0x78, 0x35,
    0xB5, 0x55, 0xEF, 0x66, 0xFF, 0x78, 0xBD, 0x3F, 0xED, 0x81, 0x8E, 0x80, 0x27, 0x40, 0xE2, 0x2E,
    0x09, 0x0A, 0x98, 0x02, 0xC2, 0x13, 0x84, 0x63, 0x04, 0x53, 0x7B, 0xBD, 0x1C, 0x6B, 0x6E, 0x99,
    0xC3, 0x0A, 0x84, 0xEF, 0xC6, 0x8A, 0x20, 0x46, 0xC8, 0x01, 0xAA, 0x43, 0x03, 0xEC, 0x01, 0xA7,
    0xA8, 0x02, 0x84, 0x87, 0x24, 0xEC, 0x9C, 0x60, 0x87, 0x5D, 0xB3, 0x0C, 0x76, 0xFF, 0xF5, 0xC3,
    0xDB, 0x64, 0x5F, 0x4C, 0x9A, 0xBB, 0x9A, 0x47, 0x9D, 0x45, 0xF1, 0xC6, 0x8D, 0x7E, 0x3F, 0x9A,
    0xE5, 0x24, 0xF9, 0x64, 0x27, 0xA1, 0x59, 0x3A, 0xFB, 0x31, 0xF5, 0x95, 0x67, 0x84, 0x15, 0xEC,
    0x83, 0xD0, 0xA4, 0xB0, 0xF3, 0xCD, 0x04, 0xF8, 0xCB, 0x35, 0xDD, 0x95, 0xA3, 0xED, 0x3B, 0xFD,
    0x0A, 0xD8, 0xBD, 0x80, 0xF9, 0x62, 0xCE, 0xCC, 0xB8, 0x28, 0xF2, 0xEB, 0x0F, 0x40, 0xF1, 0x67,
    0x3E, 0xC7, 0xFA, 0xCB, 0x75, 0xD1, 0x2F, 0xE1, 0x48, 0x78, 0xE5, 0x4C, 0x67, 0xDB, 0x1E, 0x7C,
    0x61, 0xF5, 0x30, 0x6D, 0x33, 0xA8, 0xB1, 0x9E, 0x70, 0x0D, 0x68, 0x71, 0x0F, 0xCD, 0x30, 0x23,
    0x31, 0xD5, 0xA1, 0x8A, 0x48, 0xEB, 0x36, 0x24, 0xA4, 0x2A, 0xD4, 0x41, 0x92, 0x72, 0x06, 0x9F,
    0x03, 0xB0, 0xBF, 0x46, 0xA8, 0xC4, 0xAD, 0xF2, 0xB6, 0x53, 0x64, 0x86, 0x6D, 0xB4, 0xC1, 0x50,
    0x1F, 0x8D, 0x07, 0x90, 0xED, 0xD4, 0x0F, 0xC7, 0x6C, 0xED, 0x71, 0x15, 0x4E, 0x11, 0x62, 0x41,
    0x5C, 0xA3, 0x28, 0xC7, 0xD5, 0x54, 0x8C, 0x7F, 0x54, 0x8C, 0xC7, 0x29, 0x44, 0x44, 0x13, 0x71,
    0x14, 0x71, 0x39, 0x02, 0xDB, 0x81, 0x77, 0xF8, 0xA6, 0x61, 0x02, 0x30, 0x4B, 0xAD, 0x3D, 0x70,
    0x0B, 0x49, 0xA7, 0x92, 0xDE, 0x95, 0x84, 0xD9, 0x08, 0x35, 0xA0, 0x01, 0x8E, 0x50, 0xE5, 0xDD,
    0x70, 0xED, 0x03, 0xEC, 0xA6, 0x79, 0x60, 0x2E, 0x58, 0xF7, 0x8F, 0x51, 0x50, 0x10, 0xFE, 0x7D,
    0x41, 0x90, 0x04, 0x3D, 0x48, 0x6E, 0x71, 0x9B, 0x50, 0x4F, 0xA8, 0xC2, 0xE3, 0x2A, 0x78, 0x31,
    0x2D, 0x0E, 0x46, 0x9D, 0x00, 0xE5, 0xD0, 0x38, 0x58, 0x87, 0xA5, 0x13, 0x67, 0x4E, 0xDE, 0x70,
    0x4A, 0xB9, 0x5D, 0xE5, 0xEE, 0x2A, 0xC7, 0xCC, 0xF9, 0x74, 0x85, 0x55, 0x1E, 0x37, 0xC2, 0x78,
    0x67, 0x15, 0x46, 0xC3, 0xDD, 0x47, 0x57, 0xDF, 0xFC, 0xED, 0x95, 0x2A, 0x84, 0x2A, 0x44, 0xE1,
    0xFB, 0xDB, 0x25, 0x8C, 0x00, 0x2A, 0x76, 0xB3, 0x73, 0xDF, 0xD4, 0x7E, 0xAF, 0x1A, 0xEF, 0x01,
    0xA7, 0x28, 0x79, 0xE4, 0x4F, 0x28, 0xD6, 0x53, 0xCC, 0x46, 0x55, 0xD9, 0x96, 0x92, 0x47, 0x75,
    0xFE, 0x9F, 0x79, 0xD4, 0x2D, 0x4C, 0x19, 0x46, 0x28, 0xF7, 0x88, 0x62, 0x00, 0x00, 0xD4, 0xEC,
    0xF4, 0xF9, 0x64, 0x10, 0x2C, 0xA2, 0xBD, 0x1F, 0xCC, 0x5F, 0x5E, 0x71, 0x27, 0x4A, 0x24, 0xA7,
    0x5E, 0x86, 0x58, 0x15, 0xF3, 0x17, 0x08, 0xE6, 0x21, 0x49, 0xEE, 0x00, 0xC8, 0x84, 0xE6, 0x91,
    0x3B, 0x16, 0x6F, 0x6E, 0xCF, 0x48, 0x55, 0xB0, 0xD7, 0x83, 0x4E, 0x01, 0xD5, 0x84, 0xDA, 0x5F,
    0x16, 0x74, 0x47, 0x8E, 0xF7, 0x0E, 0x4A, 0x2A, 0xB7, 0x07, 0xF0, 0xE8, 0xA2, 0x8E, 0xB5, 0xBE,
    0x51, 0x00, 0x1B, 0xFA, 0x5B, 0x78, 0x22, 0x48, 0x0D, 0xA6, 0xB5, 0x58, 0x20, 0x6E, 0xAC, 0x94,
    0xF7, 0x16, 0xA6, 0x53, 0x4E, 0x78, 0x1C, 0xE1, 0xD2, 0xCD, 0x12, 0xCC, 0x6E, 0x36, 0x0A, 0x5F,
    0x4F, 0x55, 0x40, 0xC0, 0xBA, 0x31, 0xD7, 0x39, 0x98, 0x5E, 0x94, 0x60, 0xE2, 0x7B, 0x00, 0x33,
    0x6E, 0xCD, 0xD7, 0x63, 0x23, 0x09, 0x92, 0x34, 0x93, 0xBD, 0x4E, 0x49, 0x52, 0xCC, 0x98, 0x91,
    0xFD, 0x6C, 0xD2, 0x2F, 0x62, 0x79, 0xE6, 0x41, 0x79, 0xE6, 0xA9, 0xF0, 0xCC, 0x7E, 0x95, 0xA6,
    0x04, 0x58, 0xDC, 0x69, 0x7E, 0x1E, 0x77, 0xB8, 0xCD, 0x68, 0x1E, 0x92, 0xAD, 0xA6, 0xCD, 0x94,
    0x2E, 0x10, 0xB2, 0x92, 0xF5, 0x7C, 0x6A, 0xD8, 0x90, 0x8E, 0xFA, 0x44, 0x84, 0xB7, 0x01, 0xFE,
    0x10, 0x30, 0x04, 0x34, 0x23, 0xF0, 0xA5, 0x07, 0x9E, 0x47, 0x88, 0xCE, 0x42, 0x3F, 0xB7, 0xCE,
    0xFE, 0xC9, 0xA4, 0x13, 0xBE, 0x38, 0x1C, 0x6E, 0xCE, 0x46, 0x08, 0xC2, 0xEA, 0x42, 0x91, 0x41,
    0x0B, 0x39, 0x9A, 0x83, 0x61, 0x96, 0x50, 0x66, 0x75, 0xA6, 0x5C, 0xF3, 0x8F, 0x04, 0x19, 0x6D,
    0x27, 0x7D, 0x33, 0x48, 0xD2, 0x5B, 0xA9, 0x5F, 0xE9, 0xD1, 0xB0, 0x9E, 0x78, 0x00, 0x6C, 0xA6,
    0x5E, 0xF3, 0x29, 0x43, 0xFF, 0x10, 0x73, 0x3D, 0xE6, 0xBA, 0x83, 0x3E, 0x6B, 0xA1, 0x79, 0x80,
    0x5E, 0x96, 0xBD, 0x87, 0xFE, 0x31, 0xC2, 0x8E, 0xDC, 0x72, 0x68, 0x06, 0x76, 0x87, 0x4E, 0x6D,
    0x5D, 0x87, 0x9E, 0x43, 0xFF, 0x2C, 0x36, 0x0E, 0xCD, 0x2B, 0x3E, 0xF7, 0x50, 0xA3, 0x79, 0x10,
    0x90, 0xFD, 0xDD, 0xFF, 0xBF, 0xDF, 0xC6, 0x9B, 0xFB, 0x09, 0x7D, 0x30, 0xBF, 0x70, 0x67, 0x9F,
    0x4D, 0x65, 0xBE, 0x4C, 0x97, 0xD3, 0x76, 0x1B, 0x73, 0xFF, 0x49, 0xEE, 0x26, 0xFE, 0xCA, 0xC3,
    0xBE, 0x8C, 0xD0, 0xCE, 0x42, 0x0F, 0xA6, 0xB0, 0xDD, 0xE0, 0x4A, 0x2F, 0xE7, 0x67, 0x1E, 0x7A,
    0xE3, 0xBD, 0xF6, 0x37, 0x80, 0x03, 0x70, 0x75, 0x82, 0x3D, 0x44, 0x54, 0x60, 0xA0, 0xF7, 0x68,
    0x18, 0x35, 0x77, 0x9F, 0xEA, 0x81, 0x54, 0x17, 0x0F, 0xD1, 0x4C, 0x10, 0x03, 0xE4, 0x50, 0x46,
    0x98, 0x71, 0xF8, 0x53, 0x2E, 0xB6, 0x40, 0xFD, 0x8E, 0x9A, 0xF1, 0x2F, 0x9D, 0xD7, 0x01, 0x84,
    0x26, 0xC9, 0xDD, 0x06, 0xF0, 0xA7, 0xBA, 0xD6, 0xF4, 0x77, 0xFA, 0x73, 0xB5, 0x48, 0x02, 0x17,
    0xD7, 0x00, 0x27, 0xDC, 0x35, 0x80, 0xF0, 0xE6, 0xAA, 0x09, 0x81, 0x83, 0x05, 0x02, 0xC8, 0x22,
    0x20, 0xC1, 0x42, 0xC4, 0x91, 0xBD, 0x74, 0x83, 0x04, 0x60, 0x20, 0x00, 0x2E, 0x80, 0xB8, 0xE0,
    0x4E, 0x1C, 0x24, 0x36, 0x57, 0xB5, 0x3B, 0xE4, 0xC2, 0x61, 0xEB, 0x6E, 0x01, 0x87, 0x6B, 0x76,
    0xB8, 0x48, 0xC8, 0xD5, 0x65, 0x3A, 0xD9, 0x5E, 0x5B, 0xD5, 0x4F, 0xAA, 0xAA, 0xDF, 0xD9, 0x9B,
    0x79, 0x27, 0x71, 0x97, 0x2D, 0x33, 0xBF, 0xE7, 0xFF, 0xD6, 0xBF, 0xAB, 0xAB, 0xA6, 0x8D, 0x36,
    0x83, 0x8E, 0x3D, 0x50, 0x91, 0x1E, 0x50, 0xB1, 0x5D, 0x00, 0xED, 0x9B, 0x19, 0x18, 0xA6, 0xA3,
    0x11, 0x30, 0x0E, 0x00, 0x68, 0x37, 0x49, 0x2E, 0x7B, 0x9D, 0x0A, 0xD5, 0x62, 0x92, 0x58, 0x86,
    0x29, 0x39, 0xEB, 0x39, 0x09, 0x15, 0xB3, 0x15, 0x49, 0x8E, 0xB8, 0x55, 0x44, 0x9E, 0xB9, 0xE2,
    0xED, 0xE2, 0x1D, 0xE0, 0xED, 0xF5, 0xAD, 0x00, 0x90, 0x4C, 0x36, 0x4D, 0x6E, 0xAA, 0xC4, 0xF3,
    0xCF, 0x03, 0x95, 0x61, 0x8F, 0x81, 0xF4, 0x15, 0xEF, 0x0C, 0xA1, 0x89, 0x3B, 0x1D, 0xDB, 0xF9,
    0xF5, 0x9F, 0x45, 0xED, 0xDF, 0xFD, 0x69, 0x18, 0xA6, 0x77, 0x7E, 0x37, 0x19, 0xE7, 0x3D, 0xE8,
    0xA6, 0xC4, 0xDD, 0x0F, 0x27, 0xF0, 0xDE, 0x3D, 0x07, 0x9E, 0x9C, 0x58, 0xF0, 0x41, 0xC2, 0x7C,
    0xFA, 0xCB, 0x11, 0xC3, 0xA3, 0xD7, 0x7A, 0x68, 0x36, 0xF8, 0xBF, 0x96, 0x0A, 0x2F, 0x37, 0x7C,
    0x53, 0xC4, 0xAA, 0xEC, 0x36, 0x90, 0x13, 0x5E, 0xE5, 0x0A, 0xEC, 0x76, 0x00, 0x5E, 0x7F, 0x3D,
    0xF1, 0x93, 0x77, 0x13, 0x37, 0x6F, 0x22, 0x6F, 0xBE, 0xF6, 0xE8, 0x48, 0x2F, 0x78, 0xDC, 0x85,
    0x3A, 0xA2, 0x09, 0x6A, 0x81, 0x5C, 0x3A, 0x0F, 0x79, 0xAC, 0x27, 0x00, 0x43, 0xC6, 0x38, 0x34,
    0x9E, 0x0F, 0xF8, 0x76, 0xA0, 0x1D, 0x3E, 0x4F, 0x68, 0xB7, 0x24, 0xEC, 0x0D, 0x3A, 0x6D, 0x61,
    0x0A, 0x53, 0x42, 0xFB, 0xCC, 0x9C, 0x50, 0x41, 0xDB, 0x6F, 0x36, 0xD4, 0xF6, 0x76, 0x45, 0xFE,
    0x69, 0xC6, 0x40, 0x3A, 0x1C, 0xF1, 0x31, 0x48, 0xD2, 0x9A, 0x4C, 0x4D, 0x74, 0x56, 0x12, 0x2A,
    0xD3, 0x64, 0xEA, 0x0C, 0x70, 0x05, 0x2E, 0x85, 0xC3, 0x06, 0x49, 0x5B, 0x38, 0x6C, 0x34, 0x1C,
    0x4B, 0x77, 0x0F, 0x5E, 0xA0, 0x83, 0x20, 0x03, 0x64, 0x6C, 0x88, 0x66, 0xCE, 0x9B, 0xFA, 0x6A,
    0x4D, 0x88, 0x5F, 0x27, 0x80, 0x34, 0x97, 0x90, 0xE1, 0xD2, 0x4D, 0x05, 0x01, 0xE0, 0xF2, 0x46,
    0x28, 0x73, 0x11, 0x80, 0x08, 0x40, 0x2F, 0x3D, 0x2A, 0xAB, 0x72, 0x47, 0x9F, 0xD3, 0x7F, 0x1B,
    0x3F, 0x8E, 0x78, 0x3A, 0xE4, 0xB4, 0x4F, 0xBB, 0x65, 0xB3, 0x4F, 0xD5, 0x03, 0x5C, 0x9B, 0xB5,
    0x35, 0xA7, 0x29, 0x35, 0xC9, 0x15, 0x8A, 0x65, 0xA0, 0xA6, 0x65, 0x94, 0x1C, 0xD3, 0xD7, 0xB0,
    0x54, 0xB4, 0x92, 0xD0, 0xB3, 0xD8, 0xD2, 0xE3, 0x99, 0x72, 0xC8, 0x59, 0x13, 0x9C, 0x53, 0x2A,
    0x8E, 0x5C, 0xC0, 0x89, 0xFC, 0x07, 0xD9, 0x33, 0x92, 0x67, 0x25, 0x81, 0xFA, 0xC2, 0xE9, 0x4A,
    0x16, 0x81, 0x57, 0x8A, 0x9A, 0x16, 0x9A, 0x3E, 0x7D, 0xE5, 0x10, 0x5C, 0x20, 0x22, 0xC0, 0x00,
    0x04, 0x80, 0xDC, 0xC7, 0x98, 0x23, 0xD0, 0x95, 0x18, 0x7C, 0x0A, 0x96, 0xE1, 0xF7, 0x81, 0x20,
    0xD9, 0xE7, 0x5E, 0x45, 0x7B, 0xB5, 0x87, 0x36, 0xE4, 0x1E, 0x9A, 0xB5, 0x84, 0x64, 0x09, 0xB1,
    0x05, 0xCC, 0x16, 0x3A, 0xA0, 0x8A, 0x48, 0x97, 0x22, 0x9F, 0xA5, 0xD9, 0x42, 0x96, 0x9B, 0x9D,
    0x02, 0x39, 0xD8, 0x03, 0x0D, 0x05, 0x27, 0xA0, 0x3C, 0xBD, 0x12, 0xED, 0xB2, 0x45, 0x28, 0xA1,
    0xCE, 0x43, 0x6D, 0x93, 0x6D, 0x8E, 0x6E, 0xD6, 0x65, 0xC1, 0xE7, 0x4C, 0x21, 0x78, 0x9F, 0x94,
    0xE4, 0xAA, 0x4A, 0x1C, 0x83, 0xB9, 0x87, 0xAF, 0x16, 0x35, 0x47, 0xC0, 0x8C, 0x86, 0x2B, 0xA0,
    0x9F, 0x90, 0x04, 0x9A, 0x24, 0xFF, 0x82, 0x3C, 0x48, 0xE6, 0x7E, 0x39, 0xA4, 0xF1, 0xC0, 0xD3,
    0x63, 0x3E, 0x3D, 0xE1, 0xF9, 0x19, 0x1B, 0x8E, 0x5B, 0x31, 0x70, 0x2E, 0x85, 0x60, 0x1D, 0xCA,
    0x0F, 0x23, 0x83, 0xC8, 0x85, 0xF6, 0x32, 0x60, 0x49, 0x85, 0xB1, 0x72, 0xC5, 0x8D, 0x7C, 0x5E,
    0x48, 0x3A, 0xA4, 0x22, 0x40, 0x94, 0x0F, 0xCD, 0x0A, 0x18, 0x4E, 0x92, 0x92, 0x3D, 0x5A, 0x06,
    0xC9, 0x8A, 0x16, 0xC2, 0xAC, 0x92, 0xA0, 0x03, 0x1A, 0xE6, 0xE5, 0x5E, 0x5A, 0x91, 0x0B, 0xBD,
    0x28, 0x8B, 0x5C, 0xB4, 0x51, 0x4D, 0x58, 0x1B, 0xF6, 0x8A, 0xAF, 0x2D, 0x75, 0x60, 0x5E, 0xF8,
    0x90, 0xF4, 0xA9, 0x80, 0x99, 0x6E, 0xAD, 0x7D, 0x2E, 0xB4, 0x95, 0xE4, 0xD3, 0x42, 0x71, 0xC4,
    0x30, 0xA1, 0x9D, 0x6A, 0xF6, 0x30, 0x1E, 0xCA, 0xE6, 0x2D, 0x99, 0x8A, 0xB1, 0xE2, 0x28, 0x38,
    0xA3, 0xED, 0x05, 0x6D, 0xF5, 0x28, 0xA0, 0x03, 0xE8, 0xE4, 0xC3, 0x00, 0x0D, 0x98, 0x49, 0x3E,
    0x88, 0x78, 0x15, 0x18, 0x7C, 0x7D, 0x6F, 0xC5, 0x1B, 0xE0, 0x95, 0x81, 0x76, 0x69, 0x61, 0xC6,
    0x19, 0x50, 0xE1, 0x15, 0x0C, 0x77, 0xCB, 0x7B, 0xFC, 0x3B, 0xD0, 0x1F, 0xA5, 0xA2, 0x59, 0x77,
    0xE8, 0x1E, 0x4E, 0x80, 0xE4, 0x6D, 0xB4, 0x8F, 0x5C, 0x2E, 0x16, 0xA8, 0x27, 0x16, 0xA8, 0xE8,
    0x91, 0x0F, 0x05, 0x91, 0x8A, 0x7C, 0x28, 0x80, 0x13, 0x24, 0x01, 0xC0, 0xB8, 0x7D, 0x31, 0x58,
    0x54, 0x2B, 0xCE, 0x07, 0xC9, 0x19, 0xB4, 0x24, 0xD9, 0xA7, 0xC8, 0xED, 0x12, 0xAD, 0x2B, 0xA1,
    0xFC, 0x17, 0x51, 0xFD, 0xA6, 0x84, 0x0C, 0x5F, 0x21, 0x80, 0x83, 0x18, 0x73, 0x54, 0xEC, 0x29,
    0xD7, 0xB7, 0xDE, 0x26, 0x28, 0x49, 0x86, 0x2D, 0x8E, 0x01, 0x68, 0xDA, 0x3D, 0x55, 0x06, 0x89,
    0xDC, 0x2A, 0x94, 0x8F, 0x05, 0x61, 0x26, 0xDA, 0x86, 0x91, 0xB6, 0x5B, 0x14, 0xAD, 0xF6, 0x92,
    0x76, 0x98, 0x2A, 0x5A, 0xE3, 0x04, 0x2D, 0x0B, 0x16, 0x17, 0x29, 0x73, 0xA5, 0x5B, 0xAE, 0x2B,
    0x2B, 0xBA, 0xD0, 0xD2, 0x37, 0x8C, 0x03, 0xD3, 0xFD, 0x34, 0xF1, 0x74, 0x28, 0x92, 0xBE, 0x80,
    0x32, 0x84, 0x59, 0x80, 0x96, 0x1C, 0x31, 0x38, 0xE3, 0xC0, 0x5E, 0xBB, 0xAA, 0xBC, 0xC6, 0x23,
    0x5E, 0x44, 0x1D, 0x01, 0x34, 0x19, 0x92, 0x76, 0x43, 0x05, 0x60, 0x83, 0xE4, 0x1E, 0xF5, 0xF4,
    0xBA, 0x7A, 0x4D, 0x48, 0x26, 0x2A, 0xF6, 0x18, 0x41, 0x2B, 0x1C, 0xF4, 0xDC, 0x38, 0x28, 0x72,
    0x84, 0x30, 0x8F, 0xA1, 0xC9, 0x13, 0xF2, 0x3C, 0x04, 0x27, 0x0C, 0x33, 0x40, 0x8B, 0x61, 0x2C,
    0x11, 0x91, 0xA3, 0x9A, 0x4B, 0x34, 0xAE, 0x84, 0xEE, 0x4B, 0x44, 0xE4, 0x38, 0x09, 0x49, 0x43,
    0x92, 0xEB, 0x3E, 0xF6, 0xE7, 0x03, 0xF8, 0x21, 0x7D, 0x0E, 0xCB, 0xB9, 0x84, 0x0E, 0x25, 0x3A,
    0x96, 0x50, 0xEC, 0x73, 0xD4, 0xB4, 0x39, 0x2A, 0xFA, 0xB2, 0x3B, 0x23, 0x34, 0x69, 0x07, 0xDA,
    0x1C, 0x0D, 0x6D, 0xB9, 0xE7, 0xB4, 0xF9, 0x5E, 0x5E, 0x36, 0xDD, 0x49, 0xCA, 0x0B, 0x56, 0xD3,
    0xF5, 0xE4, 0xF5, 0x1E, 0xE0, 0xBD, 0xB2, 0x1F, 0xA7, 0x6C, 0x4C, 0x08, 0xBA, 0x64, 0x4B, 0x7B,
    0x13, 0x20, 0x3F, 0xF6, 0xC0, 0x29, 0x39, 0x02, 0x28, 0x27, 0x3A, 0xA2, 0x4D, 0x0E, 0xC5, 0x58,
    0xBC, 0x51, 0x44, 0x59, 0x95, 0x4F, 0x84, 0x72, 0x98, 0x73, 0x01, 0x8C, 0x45, 0xA0, 0x9E, 0xF6,
    0x45, 0x6B, 0xF7, 0x85, 0x29, 0xE2, 0xC8, 0xF0, 0x74, 0xFB, 0xFC, 0xD9, 0xCA, 0x52, 0x9C, 0xAA,
    0x59, 0xBB, 0x52, 0x75, 0xBE, 0xF5, 0xA5, 0xD0, 0x93, 0x0A, 0xA5, 0x18, 0x6C, 0xB3, 0x15, 0xB4,
    0xF5, 0xBA, 0x15, 0xA3, 0x64, 0x4E, 0xC1, 0x7E, 0x2B, 0x2A, 0xA2, 0x14, 0xD9, 0x83, 0x22, 0x2D,
    0xA9, 0x4B, 0xD1, 0xC4, 0x54, 0x08, 0x8E, 0x68, 0xF2, 0x9B, 0x5D, 0x71, 0x81, 0x0A, 0x50, 0x51,
    0x7F, 0x14, 0xA1, 0x72, 0x3D, 0x58, 0xB6, 0x9C, 0xD1, 0xCD, 0x1C, 0x69, 0xE8, 0xA1, 0x7D, 0x2A,
    0xE6, 0xCE, 0x83, 0x77, 0x69, 0xD7, 0x79, 0x88, 0x35, 0x2B, 0x7E, 0x14, 0xCD, 0xAA, 0xB9, 0x48,
    0xA6, 0xCE, 0xE9, 0x51, 0x3E, 0x87, 0x19, 0xB1, 0xDF, 0x06, 0xD8, 0x6F, 0xB3, 0x0D, 0x15, 0x0E,
    0x8B, 0x6E, 0xD9, 0x17, 0xDA, 0xEF, 0x8B, 0x6F, 0x1D, 0x97, 0x30, 0x0E, 0x90, 0x0C, 0x80, 0xF2,
    0x11, 0x68, 0xAD, 0x06, 0xF4, 0x01, 0xEE, 0xE7, 0x89, 0xE9, 0x8F, 0x40, 0xE7, 0x03, 0xD0, 0xFE,
    0x6B, 0x06, 0x14, 0x3D, 0xD0, 0xD0, 0xA1, 0xBC, 0xE7, 0x9F, 0x2B, 0xEF, 0xD5, 0x8A, 0x16, 0xFA,
    0x84, 0x0E, 0xE6, 0x6F, 0xF4, 0x20, 0xE9, 0xE5, 0x13, 0x76, 0x4B, 0xFD, 0x70, 0x55, 0x41, 0xDD,
    0x0D, 0x4D, 0xEC, 0xFA, 0x77, 0xE4, 0x0A, 0x5C, 0x97, 0x04, 0xAE, 0x89, 0xC4, 0x1D, 0x10, 0x22,
    0x64, 0x56, 0xAC, 0x00, 0xBF, 0x1B, 0x80, 0x81, 0x33, 0xD0, 0xB0, 0xD7, 0xE4, 0x63, 0x20, 0x49,
    0x07, 0x41, 0xBB, 0xFD, 0xD2, 0xAB, 0x80, 0x8B, 0xBF, 0x6E, 0xA0, 0x95, 0x44, 0xB2, 0xE6, 0xE1,
    0xBC, 0x0A, 0x48, 0x0E, 0x3E, 0x49, 0x8E, 0xD9, 0x53, 0x24, 0x2D, 0xBE, 0x4C, 0xC1, 0xE9, 0xCA,
    0x6F, 0x95, 0x3C, 0x54, 0x18, 0x1E, 0x03, 0x2D, 0xB9, 0x02, 0x7C, 0xF0, 0x31, 0x47, 0xB9, 0xCA,
    0x7B, 0x79, 0x53, 0x69, 0x39, 0x76, 0x5E, 0xDA, 0x15, 0x3A, 0x09, 0x0C, 0x53, 0xD6, 0xB8, 0x2C,
    0x37, 0xED, 0x25, 0xC9, 0x85, 0x2E, 0x9B, 0xAE, 0xF9, 0x80, 0x63, 0xBA, 0xFE, 0x84, 0xBD, 0xF6,
    0x49, 0x74, 0x73, 0x56, 0x85, 0x6C, 0xBD, 0x66, 0x05, 0x3F, 0x4D, 0xA2, 0x2B, 0xFB, 0x0A, 0xB3,
    0x1E, 0x1F, 0x9C, 0xAD, 0xEA, 0xB3, 0x6A, 0xC9, 0x76, 0x21, 0xAB, 0x63, 0x76, 0x58, 0xB3, 0x7F,
    0x60, 0xF6, 0x9F, 0xEC, 0x01, 0xE1, 0x69, 0x01, 0x39, 0x99, 0xAC, 0x1B, 0x1C, 0xD0, 0x58, 0xED,
    0xC1, 0x0B, 0x03, 0x1D, 0xDA, 0x00, 0xBC, 0x0A, 0x15, 0x2E, 0xCF, 0x2F, 0x90, 0x84, 0x98, 0x93,
    0xE5, 0xCF, 0x3F, 0xDA, 0xA4, 0xA0, 0x6D, 0xE7, 0x54, 0xCF, 0xA4, 0xD5, 0xE4, 0x26, 0x5E, 0xE0,
    0x31, 0x40, 0xC6, 0x7C, 0xA9, 0x19, 0x65, 0x40, 0xEB, 0xAA, 0x05, 0xCA, 0xE3, 0x7A, 0x06, 0x68,
    0x3D, 0x49, 0x86, 0x02, 0x60, 0x68, 0xD1, 0x90, 0xC0, 0xC0, 0x05, 0x5F, 0x34, 0x1A, 0xF6, 0xD8,
    0xBF, 0x45, 0x3D, 0xA4, 0xCB, 0xF8, 0xC6, 0xA3, 0x9E, 0x65, 0xBE, 0x95, 0x60, 0x6F, 0x26, 0x0C,
    0xE4, 0x58, 0xFE, 0xB8, 0x06, 0x14, 0x2E, 0x52, 0x99, 0x15, 0xE8, 0xC8, 0x49, 0xF0, 0xCD, 0x61,
    0xA9, 0xA3, 0x52, 0x41, 0x2D, 0xAA, 0x0E, 0x9D, 0x57, 0xD2, 0xEB, 0x49, 0x89, 0x7E, 0x98, 0x14,
    0x60, 0x5C, 0x82, 0x05, 0x7B, 0x95, 0xD2, 0x2D, 0xD7, 0xE9, 0x82, 0x4F, 0xA4, 0xBB, 0xE0, 0xFF,
    0xD3, 0xFD, 0x70, 0x5B, 0xF0, 0x93, 0x7A, 0x81, 0x26, 0x27, 0x54, 0x07, 0x27, 0x38, 0x4A, 0x19,
    0x54, 0xF8, 0x4F, 0x5C, 0xF8, 0x01, 0xCB, 0xC7, 0x67, 0x27, 0x26, 0x1A, 0x5E, 0x53, 0x41, 0x32,
    0xCF, 0x98, 0xA5, 0x3C, 0x76, 0x41, 0x46, 0x34, 0x4B, 0xC3, 0xFC, 0xCC, 0xD9, 0x77, 0x16, 0xEC,
    0xB5, 0xC5, 0x0A, 0xED, 0xF0, 0x43, 0xE8, 0x19, 0x40, 0xB7, 0x26, 0x14, 0x4F, 0x81, 0x9A, 0xEC,
    0xF3, 0x8A, 0x19, 0xE8, 0x18, 0x81, 0x8A, 0x04, 0xD0, 0x72, 0xCC, 0xA5, 0x05, 0x60, 0xAC, 0x7E,
    0x23, 0x68, 0xFB, 0xE8, 0x93, 0x1F, 0x68, 0x7B, 0x76, 0x5F, 0xE9, 0x3E, 0x61, 0x30, 0xDC, 0x57,
    0x01, 0x1D, 0xE9, 0x21, 0x49, 0x40, 0xDE, 0x57, 0x7B, 0xAA, 0xEF, 0x3D, 0x07, 0x90, 0xA4, 0x2D,
    0x60, 0x3F, 0x2E, 0xCE, 0xC5, 0x74, 0x72, 0x3B, 0xAB, 0x50, 0x5B, 0x9F, 0x4E, 0xBE, 0x01, 0x15,
    0x80, 0xFF, 0x8D, 0x6E, 0x05, 0x24, 0xE9, 0x37, 0x06, 0x92, 0x30, 0x19, 0xDC, 0x8A, 0x00, 0x14,
    0x13, 0x75, 0xE2, 0xEB, 0xDF, 0xE7, 0xAF, 0xB6, 0xC6, 0x8F, 0x7E, 0xCB, 0xBF, 0x96, 0xB9, 0x7D,
    0x57, 0x47, 0xE0, 0x1B, 0x9C, 0x01, 0xC3, 0x11, 0x18, 0x96, 0x3C, 0x15, 0xCE, 0x9B, 0x0D, 0x7B,
    0x40, 0xD2, 0x9E, 0xBF, 0x14, 0x38, 0x9F, 0xB7, 0xBB, 0xAD, 0xED, 0x01, 0x61, 0x3C, 0x34, 0x89,
    0x8D, 0x6A, 0xBB, 0xCE, 0x16, 0x6E, 0x24, 0xDE, 0x9F, 0x12, 0x1C, 0xB7, 0xB5, 0x2F, 0xD0, 0xDE,
    0x04, 0xF9, 0xC1, 0x84, 0x29, 0xCF, 0x09, 0x9E, 0x02, 0x2D, 0x6D, 0xD7, 0x93, 0xD6, 0x58, 0x97,
    0x98, 0x40, 0xDB, 0xF8, 0x84, 0x2C, 0x4C, 0x19, 0x97, 0xE7, 0x6C, 0x45, 0x37, 0xF4, 0x9A, 0x8C,
    0x48, 0x4C, 0x68, 0xCB, 0x51, 0xD6, 0xC4, 0xD2, 0xF5, 0x80, 0x6F, 0x7E, 0xC1, 0x71, 0xA9, 0xC9,
    0xD9, 0x90, 0x0C, 0x9A, 0xB3, 0x78, 0xAF, 0x79, 0x62, 0xD1, 0x21, 0x3F, 0xD6, 0x3D, 0x7F, 0xFE,
    0x5A, 0xE2, 0xEF, 0xBB, 0x17, 0x21, 0xB9, 0xEE, 0x20, 0x9F, 0x7C, 0xB6, 0xA0, 0x3D, 0x49, 0x87,
    0x19, 0xAC, 0x40, 0x95, 0x2E, 0x86, 0x78, 0xE0, 0x70, 0x0D, 0x95, 0xC7, 0x0E, 0x22, 0x8A, 0x08,
    0x18, 0x06, 0xA0, 0xE3, 0x0C, 0x1C, 0x71, 0x44, 0x9A, 0x06, 0x70, 0xD5, 0x8E, 0x8F, 0x81, 0x8A,
    0xE4, 0x84, 0x66, 0x7D, 0xC3, 0x2C, 0x68, 0x97, 0x9D, 0x8A, 0xD0, 0x7E, 0x27, 0x09, 0x3D, 0xED,
    0x2A, 0xF6, 0xC6, 0xED, 0x04, 0xC7, 0xA2, 0xA5, 0xDB, 0x21, 0x69, 0x9F, 0x49, 0xF2, 0x18, 0x89,
    0x15, 0x0D, 0x2B, 0x8E, 0x92, 0xA0, 0x4B, 0x0C, 0x3E, 0xA1, 0x2F, 0x33, 0x4C, 0x09, 0x5A, 0xC9,
    0x23, 0xF6, 0x24, 0x23, 0xF2, 0xDA, 0xCB, 0xFF, 0x3C, 0x6F, 0x7C, 0xD9, 0x3F, 0xCF, 0x38, 0xB3,
    0x07, 0x1E, 0x71, 0x49, 0x1A, 0xD2, 0x41, 0xC6, 0xB3, 0xF4, 0x18, 0x95, 0x3F, 0x7B, 0x7F, 0x45,
    0x67, 0xCF, 0xEE, 0x11, 0x7A, 0x3C, 0xB3, 0xEC, 0x4D, 0x9F, 0x65, 0xBA, 0xDE, 0x20, 0xFB, 0xFB,
    0x24, 0x80, 0x4B, 0x9A, 0xE2, 0xD0, 0x67, 0xB5, 0xCD, 0xB6, 0x2E, 0x5B, 0xFB, 0xAC, 0x08, 0x59,
    0x92, 0x0C, 0xB8, 0x2A, 0x5E, 0x7A, 0x09, 0xC0, 0x6E, 0xB7, 0x87, 0x5C, 0x7B, 0x18, 0x72, 0x86,
    0x0A, 0x6D, 0x4C, 0xD4, 0x4C, 0x48, 0x5E, 0xA5, 0x0E, 0x89, 0x36, 0x5D, 0x47, 0xF6, 0x19, 0x97,
    0x3F, 0x2E, 0xB9, 0x11, 0x13, 0xF2, 0xBF, 0x2E, 0x5B, 0x13, 0x6D, 0xD9, 0x7D, 0x2E, 0xBB, 0x5D,
    0xD8, 0x7C, 0x3B, 0xCB, 0xAD, 0xB5, 0x97, 0xE4, 0xAC, 0xA2, 0x8A, 0x9D, 0xAF, 0xA3, 0x9E, 0x64,
    0x34, 0x4E, 0xCE, 0x74, 0x00, 0xED, 0xC1, 0xB7, 0x03, 0xCC, 0x04, 0x0C, 0x1E, 0xD7, 0xF4, 0x8C,
    0x97, 0xD5, 0x2A, 0x62, 0x5E, 0x9B, 0xEF, 0x81, 0x0B, 0x43, 0x93, 0x21, 0x7F, 0xE7, 0xFA, 0xDF,
    0xFB, 0xFF, 0xFF, 0xFF, 0x1F, 0x10, 0x5E, 0xB5, 0x6A, 0xD5, 0x0A, 0x00, 0xCD, 0x93, 0x01, 0xA6,
    0xE4, 0x40, 0x10, 0x86, 0xFF, 0xA4, 0x79, 0x83, 0xB0, 0x39, 0x42, 0x5F, 0x60, 0x99, 0x23, 0x24,
    0x4F, 0x0E, 0xD6, 0xD9, 0x1B, 0xBC, 0x1B, 0xF5, 0xF0, 0xB0, 0x58, 0xC8, 0x11, 0x06, 0x73, 0x80,
    0x87, 0xB7, 0xC4, 0xEA, 0xE4, 0xDB, 0xAD, 0xD2, 0x5E, 0x8C, 0x05, 0x98, 0x5D, 0xAF, 0x94, 0xFA,
    0x6A, 0xF4, 0xA4, 0xFC, 0x55, 0xD5, 0xAD, 0x13, 0x2F, 0x4F, 0xDC, 0x34, 0xF0, 0x3E, 0xB0, 0x89,
    0x1F, 0x85, 0xEF, 0x5B, 0xC3, 0xF4, 0x93, 0x69, 0x0D, 0x3C, 0x4F, 0x48, 0x01, 0x85, 0x03, 0xB8,
    0xCD, 0x15, 0x01, 0x9D, 0xEA, 0xD9, 0x03, 0x31, 0x5A, 0xCD, 0x8E, 0x4B, 0xCF, 0x2C, 0x28, 0x40,
    0x85, 0xD4, 0x64, 0x5E, 0xA4, 0x08, 0x45, 0xCA, 0xD7, 0xB4, 0x49, 0xCC, 0xFD, 0xA6, 0x96, 0xB1,
    0x7B, 0xF7, 0xAF, 0x55, 0x23, 0x66, 0x35, 0x86, 0x07, 0xB9, 0x2B, 0xAB, 0xC2, 0xA0, 0x7C, 0xB8,
    0xA9, 0xC2, 0x55, 0xE1, 0xAA, 0x70, 0x55, 0xB8, 0xAA, 0xFB, 0x0A, 0x40, 0x8D, 0x0F, 0x55, 0x15,
    0x5C, 0x55, 0xE7, 0xAA, 0x06, 0x0A, 0x1E, 0x6D, 0xB5, 0x3E, 0x2E, 0x5B, 0xEE, 0x19, 0x8A, 0x6C,
    0xBD, 0x79, 0x49, 0x9B, 0x7C, 0xC1, 0x63, 0x5F, 0xE4, 0x2B, 0x96, 0x8F, 0xCE, 0x5C, 0x3A, 0x12,
    0xAA, 0x1D, 0x49, 0xF8, 0x9F, 0xEE, 0xA3, 0xFE, 0x98, 0xF6, 0xFD, 0xC0, 0xAB, 0xD7, 0x06, 0xA9,
    0x0D, 0x5A, 0xC2, 0xEB, 0xCA, 0x72, 0x46, 0x2D, 0xCF, 0xD6, 0xA0, 0x97, 0x9A, 0xBC, 0x4E, 0xF8,
    0xCB, 0x71, 0x3B, 0x92, 0x4F, 0xD1, 0xE0, 0x9B, 0x7B, 0x4D, 0xD4, 0xE4, 0x5F, 0x92, 0xA2, 0xA5,
    0x4A, 0xD7, 0xB8, 0x4B, 0xCC, 0x27, 0xBF, 0x57, 0x5E, 0xA1, 0xF6, 0x15, 0xFF, 0xD5, 0xD5, 0xAA,
    0xF7, 0xAA, 0xE5, 0xDB, 0xF1, 0x96, 0xCE, 0xBB, 0xD4, 0x71, 0x93, 0xA4, 0x0C, 0xB3, 0xD4, 0x30,
    0xA6, 0x55, 0x0A, 0x9B, 0x62, 0x91, 0x42, 0x51, 0xEF, 0xF0, 0x5F, 0xCD, 0xA6, 0xE4, 0xAF, 0x23,
    0x40, 0x89, 0xF0, 0x0A, 0x25, 0x2D, 0xE9, 0xD2, 0x17, 0xA1, 0xE8, 0xD0, 0x17, 0x19, 0x66, 0x39,
    0x56, 0x47, 0x62, 0x31, 0x44, 0x76, 0x43, 0x0B, 0xF6, 0x4F, 0x45, 0xAE, 0x06, 0xE5, 0xB7, 0x3F,
    0xF8, 0xAA, 0x68, 0x28, 0xEA, 0x0D, 0xBB, 0x7A, 0x3B, 0xCB, 0x73, 0xBA, 0x74, 0x68, 0x00, 0x05,
    0xF6, 0x27, 0x53, 0x99, 0x6F, 0xBF, 0x01, 0x24, 0x8E, 0xC1, 0xAD, 0x03, 0x21, 0x0C, 0x05, 0xCD,
    0xFE, 0x03, 0x47, 0x4A, 0x70, 0x09, 0x94, 0xB0, 0xBF, 0x93, 0x74, 0x12, 0xD2, 0x59, 0x5C, 0x02,
    0x25, 0x50, 0x82, 0x0F, 0x39, 0xEC, 0x81, 0xEC, 0x8B, 0x1F, 0x80, 0xD0, 0x08, 0x8D, 0x46, 0xB6,
    0x88, 0x24, 0xD9, 0x27, 0xDB, 0xA6, 0xFA, 0x66, 0x9B, 0x0B, 0x09, 0xD8, 0x1A, 0xB0, 0xA5, 0x01,
    0x27, 0x9F, 0x72, 0x4C, 0xEA, 0xEB, 0x78, 0x9D, 0xD4, 0x5E, 0x86, 0x1A, 0xEB, 0x12, 0x37, 0xEA,
    0xFB, 0xE1, 0x65, 0xB2, 0x86, 0x17, 0xB0, 0xC6, 0x28, 0x30, 0x0D, 0x5A, 0x85, 0x9F, 0xC1, 0xFF,
    0x37, 0xA6, 0x02, 0xD7, 0x1F, 0xF0, 0xC9, 0xF1, 0x2A, 0xD0, 0x53, 0xFC, 0x5B, 0x28, 0x69, 0xE4,
    0x77, 0x8D, 0x0B, 0xB5, 0xC6, 0x87, 0x8E, 0x79, 0x6C, 0xD7, 0x7A, 0x5D, 0x27, 0xA9, 0x7D, 0x2F,
    0x9C, 0x47, 0x35, 0x32, 0xDD, 0xF8, 0x0D, 0xE6, 0x7E, 0xB8, 0x7F, 0x10, 0xFE, 0x83, 0xF9, 0x17,
    0x00,
};

static const EpdGlyph notoserif_16_boldGlyphs[] = {
    { 0, 0, 0, 0, 0, 0, 0 }, // U+0000
    { 0, 0, 139, 0, 0, 0, 0 }, // U+000D
    { 0, 0, 139, 0, 0, 0, 0 }, // U+0020
    { 7, 23, 204, 3, 23, 41, 0 }, // !
    { 13, 9, 271, 2, 23, 30, 41 }, // "
    { 17, 23, 301, 1, 23, 98, 71 }, // #
    { 16, 28, 301, 1, 25, 112, 169 }, // $
    { 28, 23, 483, 1, 23, 161, 281 }, // %
    { 25, 23, 427, 1, 23, 144, 442 }, // &
    { 6, 9, 155, 2, 23, 14, 586 }, // '
    { 11, 31, 214, 2, 26, 86, 600 }, // (
    { 11, 31, 214, 1, 26, 86, 686 }, // )
    { 15, 13, 268, 1, 25, 49, 772 }, // *
    { 15, 14, 301, 2, 19, 53, 821 }, // +
    { 7, 11, 157, 1, 5, 20, 874 }, // ,
    { 9, 3, 165, 1, 10, 7, 894 }, // -
    { 6, 5, 157, 2, 5, 8, 901 }, // .
    { 10, 29, 154, 0, 25, 73, 909 }, // /
    { 17, 24, 310, 2, 24, 102, 982 }, // 0
    { 16, 24, 270, 1, 24, 96, 1084 }, // 1
    { 16, 24, 283, 1, 24, 96, 1180 }, // 2
    { 17, 24, 287, 1, 24, 102, 1276 }, // 3
    { 18, 24, 296, 1, 24, 108, 1378 }, // 4
    { 17, 24, 283, 1, 24, 102, 1486 }, // 5
    { 17, 24, 299, 2, 24, 102, 1588 }, // 6
    { 16, 24, 289, 2, 24, 96, 1690 }, // 7
    { 17, 24, 309, 1, 24, 102, 1786 }, // 8
    { 17, 24, 299, 1, 24, 102, 1888 }, // 9
    { 6, 18, 162, 2, 18, 27, 1990 }, // :
    { 7, 23, 162, 1, 18, 41, 2017 }, // ;
    { 15, 18, 301, 2, 21, 68, 2058 }, // <
    { 15, 9, 301, 2, 16, 34, 2126 }, // =
    { 15, 18, 301, 2, 21, 68, 2160 }, // >
    { 15, 23, 293, 1, 23, 87, 2228 }, // ?
    { 28, 27, 491, 2, 23, 189, 2315 }, // @
    { 25, 23, 402, 1, 23, 144, 2504 }, // A
    { 20, 23, 358, 1, 23, 115, 2648 }, // B
    { 19, 23, 357, 2, 23, 110, 2763 }, // C
    { 23, 23, 409, 1, 23, 133, 2873 }, // D
    { 20, 23, 348, 1, 23, 115, 3006 }, // E
    { 19, 23, 331, 1, 23, 110, 3121 }, // F
    { 23, 23, 411, 2, 23, 133, 3231 }, // G
    { 25, 23, 437, 1, 23, 144, 3364 }, // H
    { 12, 23, 214, 1, 23, 69, 3508 }, // I
    { 14, 31, 211, -1, 23, 109, 3577 }, // J
    { 24, 23, 391, 1, 23, 138, 3686 }, // K
    { 20, 23, 349, 1, 23, 115, 3824 }, // L
    { 30, 23, 508, 1, 23, 173, 3939 }, // M
    { 25, 23, 420, 1, 23, 144, 4112 }, // N
    { 23, 23, 420, 2, 23, 133, 4256 }, // O
    { 20, 23, 340, 1, 23, 115, 4389 }, // P
    { 23, 31, 420, 2, 23, 179, 4504 }, // Q
    { 23, 23, 380, 1, 23, 133, 4683 }, // R
    { 17, 23, 309, 1, 23, 98, 4816 }, // S
    { 22, 23, 348, 0, 23, 127, 4914 }, // T
    { 24, 23, 398, 1, 23, 138, 5041 }, // U
    { 23, 23, 372, 0, 23, 133, 5179 }, // V
    { 36, 23, 569, 0, 23, 207, 5312 }, // W
    { 24, 23, 391, 0, 23, 138, 5519 }, // X
    { 23, 23, 370, 0, 23, 133, 5657 }, // Y
    { 19, 23, 356, 1, 23, 110, 5790 }, // Z
    { 10, 31, 221, 3, 25, 78, 5900 }, // [
    { 10, 29, 154, 0, 25, 73, 5978 }, // <backslash>
    { 10, 31, 221, 1, 25, 78, 6051 }, // ]
    { 17, 15, 298, 1, 24, 64, 6129 }, // ^
    { 16, 3, 245, 0, -2, 12, 6193 }, // _
    { 9, 5, 178, 1, 25, 12, 6205 }, // `
    { 18, 18, 320, 1, 18, 81, 6217 }, // a
    { 20, 25, 346, 1, 25, 125, 6298 }, // b
    { 15, 18, 281, 2, 18, 68, 6423 }, // c
    { 20, 25, 346, 2, 25, 125, 6491 }, // d
    { 17, 18, 305, 2, 18, 77, 6616 }, // e
    { 16, 25, 217, 1, 25, 100, 6693 }, // f
    { 19, 27, 299, 1, 19, 129, 6793 }, // g
    { 21, 25, 356, 0, 25, 132, 6922 }, // h
    { 11, 25, 188, 1, 25, 69, 7054 }, // i
    { 10, 33, 184, -1, 25, 83, 7123 }, // j
    { 21, 25, 340, 1, 25, 132, 7206 }, // k
    { 11, 25, 188, 1, 25, 69, 7338 }, // l
    { 32, 18, 526, 1, 18, 144, 7407 }, // m
    { 22, 18, 356, 0, 18, 99, 7551 }, // n
    { 18, 18, 327, 2, 18, 81, 7650 }, // o
    { 20, 26, 344, 1, 18, 130, 7731 }, // p
    { 20, 26, 346, 2, 18, 130, 7861 }, // q
    { 17, 18, 279, 1, 18, 77, 7991 }, // r
    { 14, 18, 256, 1, 18, 63, 8068 }, // s
    { 12, 22, 216, 1, 22, 66, 8131 }, // t
    { 22, 18, 356, 0, 18, 99, 8197 }, // u
    { 20, 18, 323, 1, 18, 90, 8296 }, // v
    { 30, 18, 456, -1, 18, 135, 8386 }, // w
    { 21, 18, 344, 0, 18, 95, 8521 }, // x
    { 20, 26, 309, 0, 18, 130, 8616 }, // y
    { 16, 18, 282, 1, 18, 72, 8746 }, // z
    { 13, 29, 236, 1, 25, 95, 8818 }, // {
    { 3, 33, 301, 8, 25, 25, 8913 }, // |
    { 13, 29, 236, 0, 25, 95, 8938 }, // }
    { 16, 6, 301, 1, 15, 24, 9033 }, // ~
    { 0, 0, 139, 0, 0, 0, 0 }, // U+00A0
    { 7, 23, 204, 3, 18, 41, 0 }, // U+00A1
    { 16, 23, 301, 2, 23, 92, 41 }, // U+00A2
    { 17, 24, 298, 1, 23, 102, 133 }, // U+00A3
    { 15, 15, 301, 2, 20, 57, 235 }, // U+00A4
    { 19, 23, 301, -1, 23, 110, 292 }, // U+00A5
    { 3, 33, 301, 8, 25, 25, 402 }, // U+00A6
    { 15, 30, 290, 2, 25, 113, 427 }, // U+00A7
    { 11, 4, 308, 4, 24, 11, 540 }, // U+00A8
    { 25, 25, 451, 2, 25, 157, 551 }, // U+00A9
    { 13, 12, 224, 1, 25, 39, 708 }, // U+00AA
    { 14, 13, 295, 2, 15, 46, 747 }, // U+00AB
    { 15, 9, 301, 2, 14, 34, 793 }, // U+00AC
    { 9, 3, 165, 1, 10, 7, 827 }, // U+00AD
    { 25, 25, 451, 2, 25, 157, 834 }, // U+00AE
    { 16, 3, 245, 0, 28, 12, 991 }, // U+00AF
    { 11, 11, 213, 1, 24, 31, 1003 }, // U+00B0
    { 15, 19, 301, 2, 19, 72, 1034 }, // U+00B1
    { 11, 15, 213, 1, 28, 42, 1106 }, // U+00B2
    { 11, 15, 213, 1, 28, 42, 1148 }, // U+00B3
    { 9, 5, 178, 1, 25, 12, 1190 }, // U+00B4
    { 19, 26, 355, 3, 18, 124, 1202 }, // U+00B5
    { 19, 29, 334, 1, 25, 138, 1326 }, // U+00B6
    { 6, 5, 157, 2, 14, 8, 1464 }, // U+00B7
    { 8, 8, 178, 1, 0, 16, 1472 }, // U+00B8
    { 10, 16, 213, 1, 28, 40, 1488 }, // U+00B9
    { 12, 12, 233, 1, 25, 36, 1528 }, // U+00BA
    { 15, 13, 295, 2, 15, 49, 1564 }, // U+00BB
    { 28, 25, 448, 0, 24, 175, 1613 }, // U+00BC
    { 27, 24, 448, 0, 24, 162, 1788 }, // U+00BD
    { 26, 26, 448, 1, 25, 169, 1950 }, // U+00BE
    { 16, 24, 293, 2, 18, 96, 2119 }, // U+00BF
    { 25, 31, 402, 1, 31, 194, 2215 }, // U+00C0
    { 25, 31, 402, 1, 31, 194, 2409 }, // U+00C1
    { 25, 31, 402, 1, 31, 194, 2603 }, // U+00C2
    { 25, 30, 402, 1, 30, 188, 2797 }, // U+00C3
    { 25, 30, 402, 1, 30, 188, 2985 }, // U+00C4
    { 25, 29, 402, 1, 29, 182, 3173 }, // U+00C5
    { 32, 23, 530, 0, 23, 184, 3355 }, // U+00C6
    { 19, 31, 357, 2, 23, 148, 3539 }, // U+00C7
    { 20, 31, 348, 1, 31, 155, 3687 }, // U+00C8
    { 20, 31, 348, 1, 31, 155, 3842 }, // U+00C9
    { 20, 31, 348, 1, 31, 155, 3997 }, // U+00CA
    { 20, 30, 348, 1, 30, 150, 4152 }, // U+00CB
    { 13, 31, 214, 0, 31, 101, 4302 }, // U+00CC
    { 13, 31, 214, 1, 31, 101, 4403 }, // U+00CD
    { 14, 31, 214, 0, 31, 109, 4504 }, // U+00CE
    { 12, 30, 214, 1, 30, 90, 4613 }, // U+00CF
    { 24, 23, 409, 0, 23, 138, 4703 }, // U+00D0
    { 25, 30, 420, 1, 30, 188, 4841 }, // U+00D1
    { 23, 31, 420, 2, 31, 179, 5029 }, // U+00D2
    { 23, 31, 420, 2, 31, 179, 5208 }, // U+00D3
    { 23, 31, 420, 2, 31, 179, 5387 }, // U+00D4
    { 23, 31, 420, 2, 31, 179, 5566 }, // U+00D5
    { 23, 30, 420, 2, 30, 173, 5745 }, // U+00D6
    { 15, 14, 301, 2, 19, 53, 5918 }, // U+00D7
    { 23, 26, 420, 2, 25, 150, 5971 }, // U+00D8
    { 24, 31, 398, 1, 31, 186, 6121 }, // U+00D9
    { 24, 31, 398, 1, 31, 186, 6307 }, // U+00DA
    { 24, 31, 398, 1, 31, 186, 6493 }, // U+00DB
    { 24, 30, 398, 1, 30, 180, 6679 }, // U+00DC
    { 23, 31, 370, 0, 31, 179, 6859 }, // U+00DD
    { 20, 23, 340, 1, 23, 115, 7038 }, // U+00DE
    { 22, 25, 376, 1, 25, 138, 7153 }, // U+00DF
    { 18, 25, 320, 1, 25, 113, 7291 }, // U+00E0
    { 18, 25, 320, 1, 25, 113, 7404 }, // U+00E1
    { 18, 25, 320, 1, 25, 113, 7517 }, // U+00E2
    { 18, 25, 320, 1, 25, 113, 7630 }, // U+00E3
    { 18, 25, 320, 1, 25, 113, 7743 }, // U+00E4
    { 18, 28, 320, 1, 28, 126, 7856 }, // U+00E5
    { 27, 18, 467, 1, 18, 122, 7982 }, // U+00E6
    { 15, 26, 281, 2, 18, 98, 8104 }, // U+00E7
    { 17, 25, 305, 2, 25, 107, 8202 }, // U+00E8
    { 17, 25, 305, 2, 25, 107, 8309 }, // U+00E9
    { 17, 25, 305, 2, 25, 107, 8416 }, // U+00EA
    { 17, 25, 305, 2, 25, 107, 8523 }, // U+00EB
    { 12, 25, 188, 0, 25, 75, 8630 }, // U+00EC
    { 12, 25, 188, 1, 25, 75, 8705 }, // U+00ED
    { 14, 25, 188, -1, 25, 88, 8780 }, // U+00EE
    { 12, 25, 188, 0, 25, 75, 8868 }, // U+00EF
    { 18, 26, 327, 2, 26, 117, 8943 }, // U+00F0
    { 22, 25, 356, 0, 25, 138, 9060 }, // U+00F1
    { 18, 25, 327, 2, 25, 113, 9198 }, // U+00F2
    { 18, 25, 327, 2, 25, 113, 9311 }, // U+00F3
    { 18, 25, 327, 2, 25, 113, 9424 }, // U+00F4
    { 18, 25, 327, 2, 25, 113, 9537 }, // U+00F5
    { 18, 25, 327, 2, 25, 113, 9650 }, // U+00F6
    { 15, 17, 301, 2, 20, 64, 9763 }, // U+00F7
    { 18, 20, 327, 2, 19, 90, 9827 }, // U+00F8
    { 22, 25, 356, 0, 25, 138, 9917 }, // U+00F9
    { 22, 25, 356, 0, 25, 138, 10055 }, // U+00FA
    { 22, 25, 356, 0, 25, 138, 10193 }, // U+00FB
    { 22, 25, 356, 0, 25, 138, 10331 }, // U+00FC
    { 20, 33, 309, 0, 25, 165, 10469 }, // U+00FD
    { 20, 33, 344, 1, 25, 165, 10634 }, // U+00FE
    { 20, 33, 309, 0, 25, 165, 10799 }, // U+00FF
    { 25, 28, 402, 1, 28, 175, 0 }, // U+0100
    { 18, 23, 320, 1, 23, 104, 175 }, // U+0101
    { 25, 31, 402, 1, 31, 194, 279 }, // U+0102
    { 18, 25, 320, 1, 25, 113, 473 }, // U+0103
    { 25, 31, 402, 1, 23, 194, 586 }, // U+0104
    { 18, 26, 320, 1, 18, 117, 780 }, // U+0105
    { 19, 31, 357, 2, 31, 148, 897 }, // U+0106
    { 15, 25, 281, 2, 25, 94, 1045 }, // U+0107
    { 19, 31, 357, 2, 31, 148, 1139 }, // U+0108
    { 15, 25, 281, 2, 25, 94, 1287 }, // U+0109
    { 19, 31, 357, 2, 31, 148, 1381 }, // U+010A
    { 15, 25, 281, 2, 25, 94, 1529 }, // U+010B
    { 19, 31, 357, 2, 31, 148, 1623 }, // U+010C
    { 15, 25, 281, 2, 25, 94, 1771 }, // U+010D
    { 23, 31, 409, 1, 31, 179, 1865 }, // U+010E
    { 24, 25, 346, 2, 25, 150, 2044 }, // U+010F
    { 24, 23, 409, 0, 23, 138, 2194 }, // U+0110
    { 20, 25, 346, 2, 25, 125, 2332 }, // U+0111
    { 20, 28, 348, 1, 28, 140, 2457 }, // U+0112
    { 17, 23, 305, 2, 23, 98, 2597 }, // U+0113
    { 20, 31, 348, 1, 31, 155, 2695 }, // U+0114
    { 17, 25, 305, 2, 25, 107, 2850 }, // U+0115
    { 20, 30, 348, 1, 30, 150, 2957 }, // U+0116
    { 17, 25, 305, 2, 25, 107, 3107 }, // U+0117
    { 20, 31, 348, 1, 23, 155, 3214 }, // U+0118
    { 17, 26, 304, 2, 18, 111, 3369 }, // U+0119
    { 20, 31, 348, 1, 31, 155, 3480 }, // U+011A
    { 17, 25, 305, 2, 25, 107, 3635 }, // U+011B
    { 23, 31, 411, 2, 31, 179, 3742 }, // U+011C
    { 19, 33, 299, 1, 25, 157, 3921 }, // U+011D
    { 23, 31, 411, 2, 31, 179, 4078 }, // U+011E
    { 19, 33, 299, 1, 25, 157, 4257 }, // U+011F
    { 23, 31, 411, 2, 31, 179, 4414 }, // U+0120
    { 19, 33, 299, 1, 25, 157, 4593 }, // U+0121
    { 23, 31, 411, 2, 23, 179, 4750 }, // U+0122
    { 19, 33, 299, 1, 25, 157, 4929 }, // U+0123
    { 25, 31, 437, 1, 31, 194, 5086 }, // U+0124
    { 21, 32, 356, 0, 32, 168, 5280 }, // U+0125
    { 26, 23, 437, 1, 23, 150, 5448 }, // U+0126
    { 21, 25, 356, 1, 25, 132, 5598 }, // U+0127
    { 13, 30, 214, 1, 30, 98, 5730 }, // U+0128
    { 14, 25, 188, -1, 25, 88, 5828 }, // U+0129
    { 12, 28, 214, 1, 28, 84, 5916 }, // U+012A
    { 11, 23, 188, 1, 23, 64, 6000 }, // U+012B
    { 12, 31, 214, 1, 31, 93, 6064 }, // U+012C
    { 11, 25, 188, 1, 25, 69, 6157 }, // U+012D
    { 12, 31, 214, 1, 23, 93, 6226 }, // U+012E
    { 11, 33, 188, 1, 25, 91, 6319 }, // U+012F
    { 12, 31, 214, 1, 31, 93, 6410 }, // U+0130
    { 11, 18, 188, 1, 18, 50, 6503 }, // U+0131
    { 25, 31, 426, 1, 23, 194, 6553 }, // U+0132
    { 20, 33, 372, 1, 25, 165, 6747 }, // U+0133
    { 15, 39, 211, -1, 31, 147, 6912 }, // U+0134
    { 13, 33, 184, -2, 25, 108, 7059 }, // U+0135
    { 24, 31, 391, 1, 23, 186, 7167 }, // U+0136
    { 21, 33, 340, 1, 25, 174, 7353 }, // U+0137
    { 21, 18, 340, 1, 18, 95, 7527 }, // U+0138
    { 20, 31, 349, 1, 31, 155, 7622 }, // U+0139
    { 12, 32, 188, 1, 32, 96, 7777 }, // U+013A
    { 20, 31, 349, 1, 23, 155, 7873 }, // U+013B
    { 11, 33, 188, 1, 25, 91, 8028 }, // U+013C
    { 20, 23, 349, 1, 23, 115, 8119 }, // U+013D
    { 16, 25, 188, 1, 25, 100, 8234 }, // U+013E
    { 20, 23, 349, 1, 23, 115, 8334 }, // U+013F
    { 16, 25, 250, 1, 25, 100, 8449 }, // U+0140
    { 20, 23, 349, 1, 23, 115, 8549 }, // U+0141
    { 11, 25, 188, 1, 25, 69, 8664 }, // U+0142
    { 25, 31, 420, 1, 31, 194, 8733 }, // U+0143
    { 22, 25, 356, 0, 25, 138, 8927 }, // U+0144
    { 25, 31, 420, 1, 23, 194, 9065 }, // U+0145
    { 22, 26, 356, 0, 18, 143, 9259 }, // U+0146
    { 25, 31, 420, 1, 31, 194, 9402 }, // U+0147
    { 22, 25, 356, 0, 25, 138, 9596 }, // U+0148
    { 28, 23, 456, 0, 23, 161, 9734 }, // U+0149
    { 25, 31, 420, 1, 23, 194, 9895 }, // U+014A
    { 19, 26, 356, 1, 18, 124, 10089 }, // U+014B
    { 23, 28, 420, 2, 28, 161, 10213 }, // U+014C
    { 18, 23, 327, 2, 23, 104, 10374 }, // U+014D
    { 23, 31, 420, 2, 31, 179, 10478 }, // U+014E
    { 18, 25, 327, 2, 25, 113, 10657 }, // U+014F
    { 23, 31, 420, 2, 31, 179, 10770 }, // U+0150
    { 18, 25, 327, 2, 25, 113, 10949 }, // U+0151
    { 31, 23, 543, 2, 23, 179, 11062 }, // U+0152
    { 29, 18, 499, 2, 18, 131, 11241 }, // U+0153
    { 23, 31, 380, 1, 31, 179, 11372 }, // U+0154
    { 17, 25, 279, 1, 25, 107, 11551 }, // U+0155
    { 23, 31, 380, 1, 23, 179, 11658 }, // U+0156
    { 17, 26, 279, 1, 18, 111, 11837 }, // U+0157
    { 23, 31, 380, 1, 31, 179, 11948 }, // U+0158
    { 17, 25, 279, 1, 25, 107, 12127 }, // U+0159
    { 17, 31, 309, 1, 31, 132, 12234 }, // U+015A
    { 14, 25, 256, 1, 25, 88, 12366 }, // U+015B
    { 17, 31, 309, 1, 31, 132, 12454 }, // U+015C
    { 14, 25, 256, 1, 25, 88, 12586 }, // U+015D
    { 17, 31, 309, 1, 23, 132, 12674 }, // U+015E
    { 14, 26, 256, 1, 18, 91, 12806 }, // U+015F
    { 17, 31, 309, 1, 31, 132, 12897 }, // U+0160
    { 14, 25, 256, 1, 25, 88, 13029 }, // U+0161
    { 22, 31, 348, 0, 23, 171, 13117 }, // U+0162
    { 12, 30, 216, 1, 22, 90, 13288 }, // U+0163
    { 22, 31, 348, 0, 31, 171, 13378 }, // U+0164
    { 15, 25, 216, 1, 25, 94, 13549 }, // U+0165
    { 21, 23, 348, 1, 23, 121, 13643 }, // U+0166
    { 12, 22, 216, 1, 22, 66, 13764 }, // U+0167
    { 24, 31, 398, 1, 31, 186, 13830 }, // U+0168
    { 22, 25, 356, 0, 25, 138, 14016 }, // U+0169
    { 24, 28, 398, 1, 28, 168, 14154 }, // U+016A
    { 22, 23, 356, 0, 23, 127, 14322 }, // U+016B
    { 24, 31, 398, 1, 31, 186, 14449 }, // U+016C
    { 22, 25, 356, 0, 25, 138, 14635 }, // U+016D
    { 24, 34, 398, 1, 34, 204, 14773 }, // U+016E
    { 22, 28, 356, 0, 28, 154, 14977 }, // U+016F
    { 24, 31, 398, 1, 31, 186, 15131 }, // U+0170
    { 22, 25, 356, 0, 25, 138, 15317 }, // U+0171
    { 24, 31, 404, 1, 23, 186, 15455 }, // U+0172
    { 22, 26, 356, 0, 18, 143, 15641 }, // U+0173
    { 36, 31, 569, 0, 31, 279, 15784 }, // U+0174
    { 30, 25, 456, -1, 25, 188, 16063 }, // U+0175
    { 23, 31, 370, 0, 31, 179, 16251 }, // U+0176
    { 20, 33, 309, 0, 25, 165, 16430 }, // U+0177
    { 23, 30, 370, 0, 30, 173, 16595 }, // U+0178
    { 19, 31, 356, 1, 31, 148, 16768 }, // U+0179
    { 16, 25, 282, 1, 25, 100, 16916 }, // U+017A
    { 19, 31, 356, 1, 31, 148, 17016 }, // U+017B
    { 16, 25, 282, 1, 25, 100, 17164 }, // U+017C
    { 19, 31, 356, 1, 31, 148, 17264 }, // U+017D
    { 16, 25, 282, 1, 25, 100, 17412 }, // U+017E
    { 16, 25, 209, 1, 25, 100, 17512 }, // U+017F
    { 27, 25, 450, 2, 25, 169, 0 }, // U+01A0
    { 21, 21, 357, 2, 21, 111, 169 }, // U+01A1
    { 28, 25, 455, 1, 25, 175, 280 }, // U+01AF
    { 26, 21, 415, 0, 21, 137, 455 }, // U+01B0
    { 45, 31, 765, 1, 31, 349, 592 }, // U+01C4
    { 41, 25, 692, 1, 25, 257, 941 }, // U+01C5
    { 37, 25, 628, 2, 25, 232, 1198 }, // U+01C6
    { 34, 31, 545, 1, 23, 264, 1430 }, // U+01C7
    { 30, 33, 533, 1, 25, 248, 1694 }, // U+01C8
    { 20, 33, 372, 1, 25, 165, 1942 }, // U+01C9
    { 38, 31, 617, 1, 23, 295, 2107 }, // U+01CA
    { 34, 33, 605, 1, 25, 281, 2402 }, // U+01CB
    { 31, 33, 540, 0, 25, 256, 2683 }, // U+01CC
    { 25, 31, 402, 1, 31, 194, 2939 }, // U+01CD
    { 18, 25, 320, 1, 25, 113, 3133 }, // U+01CE
    { 14, 31, 214, 0, 31, 109, 3246 }, // U+01CF
    { 13, 25, 188, -1, 25, 82, 3355 }, // U+01D0
    { 23, 31, 420, 2, 31, 179, 3437 }, // U+01D1
    { 18, 25, 327, 2, 25, 113, 3616 }, // U+01D2
    { 24, 31, 398, 1, 31, 186, 3729 }, // U+01D3
    { 22, 25, 356, 0, 25, 138, 3915 }, // U+01D4
    { 24, 34, 398, 1, 34, 204, 4053 }, // U+01D5
    { 22, 29, 356, 0, 29, 160, 4257 }, // U+01D6
    { 24, 35, 398, 1, 35, 210, 4417 }, // U+01D7
    { 22, 30, 356, 0, 30, 165, 4627 }, // U+01D8
    { 24, 35, 398, 1, 35, 210, 4792 }, // U+01D9
    { 22, 30, 356, 0, 30, 165, 5002 }, // U+01DA
    { 24, 35, 398, 1, 35, 210, 5167 }, // U+01DB
    { 22, 30, 356, 0, 30, 165, 5377 }, // U+01DC
    { 16, 18, 305, 1, 18, 72, 5542 }, // U+01DD
    { 25, 34, 402, 1, 34, 213, 5614 }, // U+01DE
    { 18, 29, 320, 1, 29, 131, 5827 }, // U+01DF
    { 25, 34, 402, 1, 34, 213, 5958 }, // U+01E0
    { 18, 29, 320, 1, 29, 131, 6171 }, // U+01E1
    { 32, 28, 530, 0, 28, 224, 6302 }, // U+01E2
    { 27, 23, 467, 1, 23, 156, 6526 }, // U+01E3
    { 23, 23, 411, 2, 23, 133, 6682 }, // U+01E4
    { 19, 27, 299, 1, 19, 129, 6815 }, // U+01E5
    { 23, 31, 411, 2, 31, 179, 6944 }, // U+01E6
    { 19, 33, 299, 1, 25, 157, 7123 }, // U+01E7
    { 24, 31, 391, 1, 31, 186, 7280 }, // U+01E8
    { 21, 32, 340, 1, 32, 168, 7466 }, // U+01E9
    { 23, 31, 420, 2, 23, 179, 7634 }, // U+01EA
    { 18, 26, 327, 2, 18, 117, 7813 }, // U+01EB
    { 23, 36, 420, 2, 28, 207, 7930 }, // U+01EC
    { 18, 31, 327, 2, 23, 140, 8137 }, // U+01ED
    { 19, 31, 329, 1, 31, 148, 8277 }, // U+01EE
    { 18, 33, 298, 0, 25, 149, 8425 }, // U+01EF
    { 13, 33, 184, -2, 25, 108, 8574 }, // U+01F0
    { 45, 23, 765, 1, 23, 259, 8682 }, // U+01F1
    { 41, 23, 692, 1, 23, 236, 8941 }, // U+01F2
    { 37, 25, 628, 2, 25, 232, 9177 }, // U+01F3
    { 23, 31, 411, 2, 31, 179, 9409 }, // U+01F4
    { 19, 33, 299, 1, 25, 157, 9588 }, // U+01F5
    { 37, 23, 610, 1, 23, 213, 9745 }, // U+01F6
    { 22, 31, 389, 1, 23, 171, 9958 }, // U+01F7
    { 25, 31, 420, 1, 31, 194, 10129 }, // U+01F8
    { 22, 25, 356, 0, 25, 138, 10323 }, // U+01F9
    { 25, 32, 402, 1, 32, 200, 10461 }, // U+01FA
    { 18, 32, 320, 1, 32, 144, 10661 }, // U+01FB
    { 32, 31, 530, 0, 31, 248, 10805 }, // U+01FC
    { 27, 25, 467, 1, 25, 169, 11053 }, // U+01FD
    { 23, 32, 420, 2, 31, 184, 11222 }, // U+01FE
    { 18, 26, 327, 2, 25, 117, 11406 }, // U+01FF
    { 25, 30, 402, 1, 30, 188, 11523 }, // U+0200
    { 18, 25, 320, 1, 25, 113, 11711 }, // U+0201
    { 25, 30, 402, 1, 30, 188, 11824 }, // U+0202
    { 18, 25, 320, 1, 25, 113, 12012 }, // U+0203
    { 20, 30, 348, 1, 30, 150, 12125 }, // U+0204
    { 18, 25, 305, 1, 25, 113, 12275 }, // U+0205
    { 20, 30, 348, 1, 30, 150, 12388 }, // U+0206
    { 17, 25, 305, 2, 25, 107, 12538 }, // U+0207
    { 16, 30, 214, -3, 30, 120, 12645 }, // U+0208
    { 15, 25, 188, -3, 25, 94, 12765 }, // U+0209
    { 12, 30, 214, 1, 30, 90, 12859 }, // U+020A
    { 11, 25, 188, 1, 25, 69, 12949 }, // U+020B
    { 23, 31, 420, 2, 31, 179, 13018 }, // U+020C
    { 18, 25, 327, 2, 25, 113, 13197 }, // U+020D
    { 23, 31, 420, 2, 31, 179, 13310 }, // U+020E
    { 18, 25, 327, 2, 25, 113, 13489 }, // U+020F
    { 23, 30, 378, 1, 30, 173, 13602 }, // U+0210
    { 17, 25, 279, 1, 25, 107, 13775 }, // U+0211
    { 23, 30, 378, 1, 30, 173, 13882 }, // U+0212
    { 17, 25, 279, 1, 25, 107, 14055 }, // U+0213
    { 24, 31, 398, 1, 31, 186, 14162 }, // U+0214
    { 22, 25, 356, 0, 25, 138, 14348 }, // U+0215
    { 24, 31, 398, 1, 31, 186, 14486 }, // U+0216
    { 22, 25, 356, 0, 25, 138, 14672 }, // U+0217
    { 17, 31, 309, 1, 23, 132, 14810 }, // U+0218
    { 14, 26, 256, 1, 18, 91, 14942 }, // U+0219
    { 22, 31, 348, 0, 23, 171, 15033 }, // U+021A
    { 12, 29, 216, 1, 21, 87, 15204 }, // U+021B
    { 18, 29, 328, 2, 23, 131, 15291 }, // U+021C
    { 15, 27, 288, 2, 18, 102, 15422 }, // U+021D
    { 25, 31, 437, 1, 31, 194, 15524 }, // U+021E
    { 21, 32, 356, 0, 32, 168, 15718 }, // U+021F
    { 10, 5, 0, -16, 25, 13, 0 }, // U+0300
    { 9, 5, 0, -11, 25, 12, 13 }, // U+0301
    { 13, 5, 0, -16, 25, 17, 25 }, // U+0302
    { 13, 5, 0, -17, 25, 17, 42 }, // U+0303
    { 10, 3, 0, -5, 23, 8, 59 }, // U+0304
    { 16, 3, 0, -8, 28, 12, 67 }, // U+0305
    { 11, 5, 0, -5, 25, 14, 79 }, // U+0306
    { 6, 5, 0, -3, 26, 8, 93 }, // U+0307
    { 11, 4, 0, -5, 24, 11, 101 }, // U+0308
    { 8, 9, 0, -14, 28, 18, 112 }, // U+0309
    { 8, 8, 0, -4, 28, 16, 130 }, // U+030A
    { 14, 5, 0, -7, 25, 18, 146 }, // U+030B
    { 13, 5, 0, -17, 25, 17, 164 }, // U+030C
    { 3, 6, 0, -1, 25, 5, 181 }, // U+030D
    { 8, 6, 0, -4, 25, 12, 186 }, // U+030E
    { 14, 5, 0, -19, 25, 18, 198 }, // U+030F
    { 11, 9, 0, -5, 29, 25, 216 }, // U+0310
    { 11, 5, 0, -5, 25, 14, 241 }, // U+0311
    { 6, 11, 0, -3, 24, 17, 255 }, // U+0312
    { 7, 11, 0, -3, 23, 20, 272 }, // U+0313
    { 6, 11, 0, -3, 23, 17, 292 }, // U+0314
    { 7, 11, 0, -3, 23, 20, 309 }, // U+0315
    { 10, 6, 0, -5, -2, 15, 329 }, // U+0316
    { 10, 6, 0, -5, -2, 15, 344 }, // U+0317
    { 6, 6, 0, -3, -1, 9, 359 }, // U+0318
    { 5, 6, 0, -2, -1, 8, 368 }, // U+0319
    { 9, 9, 197, 1, 25, 21, 376 }, // U+031A
    { 7, 8, 0, -3, 25, 14, 397 }, // U+031B
    { 4, 8, 0, -2, 0, 8, 411 }, // U+031C
    { 6, 5, 0, -3, -2, 8, 419 }, // U+031D
    { 6, 6, 0, -3, 0, 9, 427 }, // U+031E
    { 6, 6, 0, -3, -2, 9, 436 }, // U+031F
    { 7, 3, 0, -3, -2, 6, 445 }, // U+0320
    { 8, 8, 0, -4, 2, 16, 451 }, // U+0321
    { 7, 8, 0, -3, 2, 14, 467 }, // U+0322
    { 6, 5, 0, -13, -2, 8, 481 }, // U+0323
    { 11, 4, 0, -5, -2, 11, 489 }, // U+0324
    { 8, 8, 0, -4, 0, 16, 500 }, // U+0325
    { 6, 5, 0, -3, -2, 8, 516 }, // U+0326
    { 8, 8, 0, -4, 0, 16, 524 }, // U+0327
    { 8, 8, 0, -4, 0, 16, 540 }, // U+0328
    { 3, 6, 0, -1, -1, 5, 556 }, // U+0329
    { 12, 6, 0, -6, -1, 18, 561 }, // U+032A
    { 11, 4, 0, -6, -2, 11, 579 }, // U+032B
    { 12, 6, 0, -6, -1, 18, 590 }, // U+032C
    { 12, 5, 0, -6, -2, 15, 608 }, // U+032D
    { 11, 5, 0, -5, -2, 14, 623 }, // U+032E
    { 11, 5, 0, -5, -2, 14, 637 }, // U+032F
    { 13, 5, 0, -6, -2, 17, 651 }, // U+0330
    { 10, 3, 0, -5, -3, 8, 668 }, // U+0331
    { 14, 3, 0, -7, -3, 11, 676 }, // U+0332
    { 14, 6, 0, -7, -1, 21, 687 }, // U+0333
    { 13, 5, 0, -6, 12, 17, 708 }, // U+0334
    { 13, 3, 0, -6, 11, 10, 725 }, // U+0335
    { 22, 3, 0, -11, 11, 17, 735 }, // U+0336
    { 14, 9, 0, -7, 14, 32, 752 }, // U+0337
    { 14, 29, 0, -7, 26, 102, 784 }, // U+0338
    { 5, 8, 0, -2, 0, 10, 886 }, // U+0339
    { 12, 5, 0, -6, -2, 15, 896 }, // U+033A
    { 12, 6, 0, -6, -2, 18, 911 }, // U+033B
    { 11, 6, 0, -6, -1, 17, 929 }, // U+033C
    { 8, 8, 0, -4, 26, 16, 946 }, // U+033D
    { 5, 10, 0, -2, 29, 13, 962 }, // U+033E
    { 14, 6, 0, -7, 31, 21, 975 }, // U+033F
    { 10, 5, 0, -6, 25, 13, 996 }, // U+0340
    { 10, 5, 0, -4, 25, 13, 1009 }, // U+0341
    { 13, 5, 0, -6, 25, 17, 1022 }, // U+0342
    { 7, 7, 0, -3, 26, 13, 1039 }, // U+0343
    { 13, 7, 0, -6, 26, 23, 1052 }, // U+0344
    { 7, 6, 0, 2, -2, 11, 1075 }, // U+0345
    { 12, 6, 0, -6, 26, 18, 1086 }, // U+0346
    { 14, 6, 0, -7, -1, 21, 1104 }, // U+0347
    { 8, 6, 0, -4, -2, 12, 1125 }, // U+0348
    { 7, 6, 0, -3, -2, 11, 1137 }, // U+0349
    { 13, 9, 0, -6, 27, 30, 1148 }, // U+034A
    { 13, 13, 0, -6, 32, 43, 1178 }, // U+034B
    { 13, 11, 0, -6, 30, 36, 1221 }, // U+034C
    { 10, 6, 0, -5, -1, 15, 1257 }, // U+034D
    { 7, 8, 0, -3, 0, 14, 1272 }, // U+034E
    { 24, 25, 0, -12, 25, 150, 1286 }, // U+034F
    { 6, 7, 0, -3, 26, 11, 1436 }, // U+0350
    { 4, 8, 0, -2, 28, 8, 1447 }, // U+0351
    { 11, 9, 0, -5, 28, 25, 1455 }, // U+0352
    { 8, 7, 0, -4, -1, 14, 1480 }, // U+0353
    { 6, 7, 0, -3, -1, 11, 1494 }, // U+0354
    { 6, 7, 0, -3, -1, 11, 1505 }, // U+0355
    { 14, 7, 0, -7, -1, 25, 1516 }, // U+0356
    { 5, 8, 0, -2, 28, 10, 1541 }, // U+0357
    { 6, 5, 0, 3, 26, 8, 1551 }, // U+0358
    { 10, 7, 0, -5, -1, 18, 1559 }, // U+0359
    { 12, 7, 0, -6, -1, 21, 1577 }, // U+035A
    { 8, 6, 0, -4, 26, 12, 1598 }, // U+035B
    { 26, 6, 0, -13, -1, 39, 1610 }, // U+035C
    { 26, 6, 0, -13, 26, 39, 1649 }, // U+035D
    { 20, 3, 0, -10, 24, 15, 1688 }, // U+035E
    { 20, 3, 0, -10, -2, 15, 1703 }, // U+035F
    { 28, 5, 0, -14, 25, 35, 1718 }, // U+0360
    { 28, 6, 0, -14, 27, 42, 1753 }, // U+0361
    { 20, 6, 0, -10, -1, 30, 1795 }, // U+0362
    { 8, 7, 0, -3, 27, 14, 1825 }, // U+0363
    { 8, 7, 0, -3, 27, 14, 1839 }, // U+0364
    { 6, 11, 0, -3, 31, 17, 1853 }, // U+0365
    { 8, 7, 0, -3, 27, 14, 1870 }, // U+0366
    { 11, 7, 0, -5, 27, 20, 1884 }, // U+0367
    { 7, 7, 0, -3, 27, 13, 1904 }, // U+0368
    { 9, 10, 0, -4, 30, 23, 1917 }, // U+0369
    { 11, 10, 0, -5, 30, 28, 1940 }, // U+036A
    { 15, 7, 0, -7, 27, 27, 1968 }, // U+036B
    { 8, 7, 0, -4, 27, 14, 1995 }, // U+036C
    { 7, 10, 0, -3, 29, 18, 2009 }, // U+036D
    { 10, 8, 0, -5, 28, 20, 2027 }, // U+036E
    { 11, 7, 0, -5, 27, 20, 2047 }, // U+036F
    { 20, 31, 348, 1, 31, 155, 0 }, // U+0400
    { 20, 30, 348, 0, 30, 150, 155 }, // U+0401
    { 27, 24, 439, 0, 24, 162, 305 }, // U+0402
    { 18, 31, 318, 1, 31, 140, 467 }, // U+0403
    { 19, 24, 351, 1, 24, 114, 607 }, // U+0404
    { 17, 24, 310, 1, 24, 102, 721 }, // U+0405
    { 11, 24, 210, 1, 24, 66, 823 }, // U+0406
    { 11, 30, 210, 1, 30, 83, 889 }, // U+0407
    { 13, 32, 211, -1, 24, 104, 972 }, // U+0408
    { 32, 24, 519, 0, 24, 192, 1076 }, // U+0409
    { 33, 24, 551, 1, 24, 198, 1268 }, // U+040A
    { 29, 24, 474, 0, 24, 174, 1466 }, // U+040B
    { 24, 31, 389, 1, 31, 186, 1640 }, // U+040C
    { 25, 31, 439, 1, 31, 194, 1826 }, // U+040D
    { 23, 31, 373, 0, 31, 179, 2020 }, // U+040E
    { 25, 30, 429, 1, 24, 188, 2199 }, // U+040F
    { 25, 24, 399, 0, 24, 150, 2387 }, // U+0410
    { 19, 24, 340, 1, 24, 114, 2537 }, // U+0411
    { 21, 24, 370, 1, 24, 126, 2651 }, // U+0412
    { 18, 24, 318, 1, 24, 108, 2777 }, // U+0413
    { 24, 31, 401, 1, 24, 186, 2885 }, // U+0414
    { 20, 24, 348, 1, 24, 120, 3071 }, // U+0415
    { 35, 24, 552, 0, 24, 210, 3191 }, // U+0416
    { 19, 24, 331, 1, 24, 114, 3401 }, // U+0417
    { 25, 24, 439, 1, 24, 150, 3515 }, // U+0418
    { 25, 31, 439, 1, 31, 194, 3665 }, // U+0419
    { 24, 24, 389, 1, 24, 144, 3859 }, // U+041A
    { 24, 24, 400, 0, 24, 144, 4003 }, // U+041B
    { 30, 24, 517, 1, 24, 180, 4147 }, // U+041C
    { 25, 24, 434, 1, 24, 150, 4327 }, // U+041D
    { 23, 24, 412, 2, 24, 138, 4477 }, // U+041E
    { 25, 24, 429, 1, 24, 150, 4615 }, // U+041F
    { 20, 24, 340, 1, 24, 120, 4765 }, // U+0420
    { 19, 24, 351, 1, 24, 114, 4885 }, // U+0421
    { 22, 24, 358, 0, 24, 132, 4999 }, // U+0422
    { 23, 24, 373, 0, 24, 138, 5131 }, // U+0423
    { 29, 25, 503, 1, 25, 182, 5269 }, // U+0424
    { 24, 24, 390, 0, 24, 144, 5451 }, // U+0425
    { 25, 31, 430, 1, 24, 194, 5595 }, // U+0426
    { 25, 24, 419, 1, 24, 150, 5789 }, // U+0427
    { 37, 24, 608, 1, 24, 222, 5939 }, // U+0428
    { 37, 32, 611, 1, 24, 296, 6161 }, // U+0429
    { 23, 24, 394, 1, 24, 138, 6457 }, // U+042A
    { 31, 24, 525, 1, 24, 186, 6595 }, // U+042B
    { 20, 24, 340, 1, 24, 120, 6781 }, // U+042C
    { 20, 24, 351, 1, 24, 120, 6901 }, // U+042D
    { 34, 24, 575, 1, 24, 204, 7021 }, // U+042E
    { 23, 24, 373, 0, 24, 138, 7225 }, // U+042F
    { 18, 18, 316, 1, 18, 81, 7363 }, // U+0430
    { 18, 26, 323, 1, 26, 117, 7444 }, // U+0431
    { 19, 18, 323, 1, 18, 86, 7561 }, // U+0432
    { 16, 18, 268, 1, 18, 72, 7647 }, // U+0433
    { 20, 25, 333, 1, 18, 125, 7719 }, // U+0434
    { 17, 18, 301, 1, 18, 77, 7844 }, // U+0435
    { 30, 18, 471, 0, 18, 135, 7921 }, // U+0436
    { 15, 18, 270, 1, 18, 68, 8056 }, // U+0437
    { 22, 18, 362, 1, 18, 99, 8124 }, // U+0438
    { 22, 25, 362, 1, 25, 138, 8223 }, // U+0439
    { 20, 18, 331, 1, 18, 90, 8361 }, // U+043A
    { 20, 18, 333, 0, 18, 90, 8451 }, // U+043B
    { 27, 18, 454, 1, 18, 122, 8541 }, // U+043C
    { 21, 18, 359, 1, 18, 95, 8663 }, // U+043D
    { 18, 18, 323, 1, 18, 81, 8758 }, // U+043E
    { 21, 18, 354, 1, 18, 95, 8839 }, // U+043F
    { 20, 26, 344, 1, 18, 130, 8934 }, // U+0440
    { 16, 18, 279, 1, 18, 72, 9064 }, // U+0441
    { 18, 18, 296, 0, 18, 81, 9136 }, // U+0442
    { 21, 26, 323, -1, 18, 137, 9217 }, // U+0443
    { 25, 33, 432, 1, 25, 207, 9354 }, // U+0444
    { 21, 18, 346, 1, 18, 95, 9561 }, // U+0445
    { 21, 25, 357, 1, 18, 132, 9656 }, // U+0446
    { 21, 18, 352, 1, 18, 95, 9788 }, // U+0447
    { 30, 18, 506, 1, 18, 135, 9883 }, // U+0448
    { 30, 25, 508, 1, 18, 188, 10018 }, // U+0449
    { 21, 18, 354, 1, 18, 95, 10206 }, // U+044A
    { 28, 18, 467, 1, 18, 126, 10301 }, // U+044B
    { 18, 18, 304, 1, 18, 81, 10427 }, // U+044C
    { 16, 18, 279, 1, 18, 72, 10508 }, // U+044D
    { 27, 18, 460, 1, 18, 122, 10580 }, // U+044E
    { 20, 18, 325, 0, 18, 90, 10702 }, // U+044F
    { 17, 26, 301, 1, 26, 111, 10792 }, // U+0450
    { 17, 25, 301, 1, 25, 107, 10903 }, // U+0451
    { 19, 33, 336, 1, 25, 157, 11010 }, // U+0452
    { 16, 26, 269, 1, 26, 104, 11167 }, // U+0453
    { 16, 18, 279, 1, 18, 72, 11271 }, // U+0454
    { 14, 18, 256, 1, 18, 63, 11343 }, // U+0455
    { 11, 25, 188, 1, 25, 69, 11406 }, // U+0456
    { 11, 25, 188, 1, 25, 69, 11475 }, // U+0457
    { 10, 33, 177, -1, 25, 83, 11544 }, // U+0458
    { 28, 18, 445, 0, 18, 126, 11627 }, // U+0459
    { 29, 18, 471, 1, 18, 131, 11753 }, // U+045A
    { 21, 25, 352, 1, 25, 132, 11884 }, // U+045B
    { 20, 26, 334, 1, 26, 130, 12016 }, // U+045C
    { 22, 26, 362, 1, 26, 143, 12146 }, // U+045D
    { 20, 34, 323, 0, 26, 170, 12289 }, // U+045E
    { 21, 24, 354, 1, 18, 126, 12459 }, // U+045F
    { 33, 24, 548, -1, 24, 198, 12585 }, // U+0460
    { 29, 18, 479, 0, 18, 131, 12783 }, // U+0461
    { 23, 24, 382, 1, 24, 138, 12914 }, // U+0462
    { 19, 25, 322, 1, 25, 119, 13052 }, // U+0463
    { 32, 24, 550, 1, 24, 192, 13171 }, // U+0464
    { 27, 18, 457, 1, 18, 122, 13363 }, // U+0465
    { 26, 24, 423, 1, 24, 156, 13485 }, // U+0466
    { 22, 18, 356, 0, 18, 99, 13641 }, // U+0467
    { 38, 24, 623, 1, 24, 228, 13740 }, // U+0468
    { 31, 18, 511, 1, 18, 140, 13968 }, // U+0469
    { 32, 24, 491, 0, 24, 192, 14108 }, // U+046A
    { 27, 18, 424, 0, 18, 122, 14300 }, // U+046B
    { 43, 24, 693, 1, 24, 258, 14422 }, // U+046C
    { 36, 18, 584, 1, 18, 162, 14680 }, // U+046D
    { 19, 35, 329, 1, 28, 167, 14842 }, // U+046E
    { 16, 29, 282, 1, 22, 116, 15009 }, // U+046F
    { 32, 24, 521, 0, 24, 192, 15125 }, // U+0470
    { 22, 33, 378, 0, 25, 182, 15317 }, // U+0471
    { 23, 24, 420, 2, 24, 138, 15499 }, // U+0472
    { 18, 18, 331, 2, 18, 81, 15637 }, // U+0473
    { 25, 24, 396, 0, 24, 150, 15718 }, // U+0474
    { 22, 18, 341, 0, 18, 99, 15868 }, // U+0475
    { 25, 31, 396, 0, 31, 194, 15967 }, // U+0476
    { 22, 25, 342, 0, 25, 138, 16161 }, // U+0477
    { 42, 32, 695, 2, 24, 336, 16299 }, // U+0478
    { 36, 26, 600, 2, 18, 234, 16635 }, // U+0479
    { 24, 28, 441, 2, 26, 168, 16869 }, // U+047A
    { 19, 22, 343, 2, 20, 105, 17037 }, // U+047B
    { 34, 35, 599, 2, 35, 298, 17142 }, // U+047C
    { 29, 30, 514, 2, 30, 218, 17440 }, // U+047D
    { 33, 29, 548, -1, 29, 240, 17658 }, // U+047E
    { 29, 24, 479, 0, 24, 174, 17898 }, // U+047F
    { 19, 32, 357, 2, 24, 152, 18072 }, // U+0480
    { 15, 26, 281, 2, 18, 98, 18224 }, // U+0481
    { 18, 22, 325, 1, 21, 99, 18322 }, // U+0482
    { 12, 6, 0, -6, 24, 18, 18421 }, // U+0483
    { 13, 5, 0, -6, 25, 17, 18439 }, // U+0484
    { 4, 6, 0, -2, 26, 6, 18456 }, // U+0485
    { 5, 6, 0, -2, 26, 8, 18462 }, // U+0486
    { 14, 4, 0, -7, 29, 14, 18470 }, // U+0487
    { 41, 37, 0, -20, 27, 380, 18484 }, // U+0488
    { 39, 39, 0, -20, 28, 381, 18864 }, // U+0489
    { 26, 38, 440, 1, 31, 247, 19245 }, // U+048A
    { 22, 32, 362, 1, 25, 176, 19492 }, // U+048B
    { 20, 25, 340, 1, 25, 125, 19668 }, // U+048C
    { 19, 21, 322, 1, 21, 100, 19793 }, // U+048D
    { 20, 24, 340, 1, 24, 120, 19893 }, // U+048E
    { 20, 26, 344, 1, 18, 130, 20013 }, // U+048F
    { 17, 29, 292, 1, 29, 124, 20143 }, // U+0490
    { 14, 22, 244, 1, 22, 77, 20267 }, // U+0491
    { 19, 24, 315, 1, 24, 114, 20344 }, // U+0492
    { 16, 18, 271, 1, 18, 72, 20458 }, // U+0493
    { 22, 32, 383, 1, 24, 176, 20530 }, // U+0494
    { 19, 26, 328, 1, 18, 124, 20706 }, // U+0495
    { 36, 32, 577, 0, 24, 288, 20830 }, // U+0496
    { 32, 25, 511, 0, 18, 200, 21118 }, // U+0497
    { 19, 31, 329, 1, 24, 148, 21318 }, // U+0498
    { 16, 25, 282, 1, 18, 100, 21466 }, // U+0499
    { 24, 32, 403, 1, 24, 192, 21566 }, // U+049A
    { 21, 26, 354, 1, 18, 137, 21758 }, // U+049B
    { 25, 24, 403, 1, 24, 150, 21895 }, // U+049C
    { 22, 18, 358, 1, 18, 99, 22045 }, // U+049D
    { 24, 24, 384, 1, 24, 144, 22144 }, // U+049E
    { 21, 25, 342, 1, 25, 132, 22288 }, // U+049F
    { 28, 24, 443, 1, 24, 168, 22420 }, // U+04A0
    { 26, 18, 410, 0, 18, 117, 22588 }, // U+04A1
    { 25, 32, 437, 1, 24, 200, 22705 }, // U+04A2
    { 22, 26, 368, 1, 18, 143, 22905 }, // U+04A3
    { 30, 24, 495, 1, 24, 180, 23048 }, // U+04A4
    { 26, 18, 436, 1, 18, 117, 23228 }, // U+04A5
    { 36, 32, 601, 1, 24, 288, 23345 }, // U+04A6
    { 30, 26, 498, 1, 18, 195, 23633 }, // U+04A7
    { 26, 25, 452, 2, 24, 163, 23828 }, // U+04A8
    { 22, 19, 381, 2, 18, 105, 23991 }, // U+04A9
    { 19, 31, 357, 2, 24, 148, 24096 }, // U+04AA
    { 15, 25, 281, 2, 18, 94, 24244 }, // U+04AB
    { 21, 32, 348, 1, 24, 168, 24338 }, // U+04AC
    { 17, 26, 302, 1, 18, 111, 24506 }, // U+04AD
    { 23, 24, 370, 0, 24, 138, 24617 }, // U+04AE
    { 20, 26, 323, 0, 18, 130, 24755 }, // U+04AF
    { 23, 24, 370, 0, 24, 138, 24885 }, // U+04B0
    { 20, 26, 323, 0, 18, 130, 25023 }, // U+04B1
    { 24, 32, 402, 0, 24, 192, 25153 }, // U+04B2
    { 21, 26, 344, 1, 18, 137, 25345 }, // U+04B3
    { 32, 31, 529, 0, 24, 248, 25482 }, // U+04B4
    { 28, 26, 463, 1, 18, 182, 25730 }, // U+04B5
    { 24, 32, 416, 1, 24, 192, 25912 }, // U+04B6
    { 22, 26, 363, 1, 18, 143, 26104 }, // U+04B7
    { 25, 24, 417, 1, 24, 150, 26247 }, // U+04B8
    { 21, 18, 352, 1, 18, 95, 26397 }, // U+04B9
    { 24, 24, 416, 1, 24, 144, 26492 }, // U+04BA
    { 21, 25, 356, 0, 25, 132, 26636 }, // U+04BB
    { 27, 24, 456, 1, 24, 162, 26768 }, // U+04BC
    { 22, 18, 376, 1, 18, 99, 26930 }, // U+04BD
    { 27, 30, 456, 1, 24, 203, 27029 }, // U+04BE
    { 22, 25, 375, 1, 18, 138, 27232 }, // U+04BF
    { 12, 24, 214, 1, 24, 72, 27370 }, // U+04C0
    { 35, 31, 552, 0, 31, 272, 27442 }, // U+04C1
    { 30, 25, 471, 0, 25, 188, 27714 }, // U+04C2
    { 23, 32, 388, 1, 24, 184, 27902 }, // U+04C3
    { 21, 26, 352, 1, 18, 137, 28086 }, // U+04C4
    { 25, 31, 400, 0, 24, 194, 28223 }, // U+04C5
    { 21, 25, 333, 0, 18, 132, 28417 }, // U+04C6
    { 25, 32, 437, 1, 24, 200, 28549 }, // U+04C7
    { 22, 26, 368, 1, 18, 143, 28749 }, // U+04C8
    { 26, 31, 437, 1, 24, 202, 28892 }, // U+04C9
    { 22, 25, 359, 1, 18, 138, 29094 }, // U+04CA
    { 24, 32, 416, 1, 24, 192, 29232 }, // U+04CB
    { 22, 26, 363, 1, 18, 143, 29424 }, // U+04CC
    { 31, 31, 517, 1, 24, 241, 29567 }, // U+04CD
    { 28, 25, 454, 1, 18, 175, 29808 }, // U+04CE
    { 12, 24, 214, 1, 24, 72, 29983 }, // U+04CF
    { 25, 31, 402, 1, 31, 194, 30055 }, // U+04D0
    { 18, 26, 320, 1, 26, 117, 30249 }, // U+04D1
    { 25, 30, 402, 1, 30, 188, 30366 }, // U+04D2
    { 18, 25, 320, 1, 25, 113, 30554 }, // U+04D3
    { 32, 24, 530, 0, 24, 192, 30667 }, // U+04D4
    { 27, 18, 467, 1, 18, 122, 30859 }, // U+04D5
    { 20, 31, 348, 1, 31, 155, 30981 }, // U+04D6
    { 17, 26, 305, 2, 26, 111, 31136 }, // U+04D7
    { 21, 24, 388, 2, 24, 126, 31247 }, // U+04D8
    { 16, 18, 305, 1, 18, 72, 31373 }, // U+04D9
    { 21, 30, 388, 2, 30, 158, 31445 }, // U+04DA
    { 16, 25, 305, 1, 25, 100, 31603 }, // U+04DB
    { 35, 30, 552, 0, 30, 263, 31703 }, // U+04DC
    { 30, 25, 471, 0, 25, 188, 31966 }, // U+04DD
    { 19, 30, 334, 1, 30, 143, 32154 }, // U+04DE
    { 15, 25, 270, 1, 25, 94, 32297 }, // U+04DF
    { 19, 24, 329, 1, 24, 114, 32391 }, // U+04E0
    { 18, 26, 298, 0, 18, 117, 32505 }, // U+04E1
    { 25, 28, 439, 1, 28, 175, 32622 }, // U+04E2
    { 22, 23, 362, 1, 23, 127, 32797 }, // U+04E3
    { 25, 30, 439, 1, 30, 188, 32924 }, // U+04E4
    { 22, 25, 362, 1, 25, 138, 33112 }, // U+04E5
    { 23, 30, 420, 2, 30, 173, 33250 }, // U+04E6
    { 18, 25, 327, 2, 25, 113, 33423 }, // U+04E7
    { 23, 24, 420, 2, 24, 138, 33536 }, // U+04E8
    { 18, 18, 327, 2, 18, 81, 33674 }, // U+04E9
    { 23, 30, 420, 2, 30, 173, 33755 }, // U+04EA
    { 18, 25, 327, 2, 25, 113, 33928 }, // U+04EB
    { 20, 30, 351, 1, 30, 150, 34041 }, // U+04EC
    { 16, 25, 279, 1, 25, 100, 34191 }, // U+04ED
    { 23, 29, 373, 0, 29, 167, 34291 }, // U+04EE
    { 20, 30, 309, -1, 22, 150, 34458 }, // U+04EF
    { 23, 30, 373, 0, 30, 173, 34608 }, // U+04F0
    { 20, 32, 309, -1, 24, 160, 34781 }, // U+04F1
    { 23, 31, 373, 0, 31, 179, 34941 }, // U+04F2
    { 20, 33, 309, 0, 25, 165, 35120 }, // U+04F3
    { 25, 30, 417, 1, 30, 188, 35285 }, // U+04F4
    { 21, 25, 352, 1, 25, 132, 35473 }, // U+04F5
    { 18, 32, 315, 1, 24, 144, 35605 }, // U+04F6
    { 16, 26, 271, 1, 18, 104, 35749 }, // U+04F7
    { 31, 30, 525, 1, 30, 233, 35853 }, // U+04F8
    { 28, 25, 467, 1, 25, 175, 36086 }, // U+04F9
    { 19, 31, 315, 1, 24, 148, 36261 }, // U+04FA
    { 16, 25, 271, 1, 18, 100, 36409 }, // U+04FB
    { 25, 31, 391, 0, 24, 194, 36509 }, // U+04FC
    { 22, 25, 344, 0, 18, 138, 36703 }, // U+04FD
    { 24, 24, 390, 0, 24, 144, 36841 }, // U+04FE
    { 21, 18, 344, 0, 18, 95, 36985 }, // U+04FF
    { 25, 30, 402, 1, 23, 188, 0 }, // U+1EA0
    { 18, 24, 320, 1, 18, 108, 188 }, // U+1EA1
    { 25, 34, 402, 1, 34, 213, 296 }, // U+1EA2
    { 18, 27, 320, 1, 27, 122, 509 }, // U+1EA3
    { 25, 32, 402, 1, 32, 200, 631 }, // U+1EA4
    { 18, 27, 320, 1, 27, 122, 831 }, // U+1EA5
    { 25, 32, 402, 1, 32, 200, 953 }, // U+1EA6
    { 19, 27, 320, 0, 27, 129, 1153 }, // U+1EA7
    { 25, 33, 402, 1, 33, 207, 1282 }, // U+1EA8
    { 18, 28, 320, 1, 28, 126, 1489 }, // U+1EA9
    { 25, 35, 402, 1, 35, 219, 1615 }, // U+1EAA
    { 18, 29, 320, 1, 29, 131, 1834 }, // U+1EAB
    { 25, 38, 402, 1, 31, 238, 1965 }, // U+1EAC
    { 18, 31, 320, 1, 25, 140, 2203 }, // U+1EAD
    { 25, 33, 402, 1, 33, 207, 2343 }, // U+1EAE
    { 18, 28, 320, 1, 28, 126, 2550 }, // U+1EAF
    { 25, 33, 402, 1, 33, 207, 2676 }, // U+1EB0
    { 18, 28, 320, 1, 28, 126, 2883 }, // U+1EB1
    { 25, 34, 402, 1, 34, 213, 3009 }, // U+1EB2
    { 18, 29, 320, 1, 29, 131, 3222 }, // U+1EB3
    { 25, 35, 402, 1, 35, 219, 3353 }, // U+1EB4
    { 18, 30, 320, 1, 30, 135, 3572 }, // U+1EB5
    { 25, 38, 402, 1, 31, 238, 3707 }, // U+1EB6
    { 18, 31, 320, 1, 25, 140, 3945 }, // U+1EB7
    { 20, 30, 348, 1, 23, 150, 4085 }, // U+1EB8
    { 17, 24, 305, 2, 18, 102, 4235 }, // U+1EB9
    { 20, 34, 348, 1, 34, 170, 4337 }, // U+1EBA
    { 17, 27, 305, 2, 27, 115, 4507 }, // U+1EBB
    { 20, 30, 348, 1, 30, 150, 4622 }, // U+1EBC
    { 17, 25, 305, 2, 25, 107, 4772 }, // U+1EBD
    { 20, 32, 348, 1, 32, 160, 4879 }, // U+1EBE
    { 18, 27, 305, 2, 27, 122, 5039 }, // U+1EBF
    { 20, 32, 348, 1, 32, 160, 5161 }, // U+1EC0
    { 18, 27, 305, 1, 27, 122, 5321 }, // U+1EC1
    { 20, 33, 348, 1, 33, 165, 5443 }, // U+1EC2
    { 17, 28, 305, 2, 28, 119, 5608 }, // U+1EC3
    { 20, 35, 348, 1, 35, 175, 5727 }, // U+1EC4
    { 17, 29, 305, 2, 29, 124, 5902 }, // U+1EC5
    { 20, 38, 348, 1, 31, 190, 6026 }, // U+1EC6
    { 17, 31, 305, 2, 25, 132, 6216 }, // U+1EC7
    { 12, 34, 214, 1, 34, 102, 6348 }, // U+1EC8
    { 11, 28, 188, 1, 28, 77, 6450 }, // U+1EC9
    { 12, 30, 214, 1, 23, 90, 6527 }, // U+1ECA
    { 11, 32, 188, 1, 25, 88, 6617 }, // U+1ECB
    { 23, 29, 420, 2, 23, 167, 6705 }, // U+1ECC
    { 18, 24, 327, 2, 18, 108, 6872 }, // U+1ECD
    { 23, 33, 420, 2, 33, 190, 6980 }, // U+1ECE
    { 18, 27, 327, 2, 27, 122, 7170 }, // U+1ECF
    { 23, 33, 420, 2, 33, 190, 7292 }, // U+1ED0
    { 18, 27, 327, 2, 27, 122, 7482 }, // U+1ED1
    { 23, 33, 420, 2, 33, 190, 7604 }, // U+1ED2
    { 19, 27, 327, 1, 27, 129, 7794 }, // U+1ED3
    { 23, 34, 420, 2, 34, 196, 7923 }, // U+1ED4
    { 18, 28, 327, 2, 28, 126, 8119 }, // U+1ED5
    { 23, 35, 420, 2, 35, 202, 8245 }, // U+1ED6
    { 18, 29, 327, 2, 29, 131, 8447 }, // U+1ED7
    { 23, 37, 420, 2, 31, 213, 8578 }, // U+1ED8
    { 18, 31, 327, 2, 25, 140, 8791 }, // U+1ED9
    { 27, 31, 450, 2, 31, 210, 8931 }, // U+1EDA
    { 21, 25, 357, 2, 25, 132, 9141 }, // U+1EDB
    { 27, 31, 450, 2, 31, 210, 9273 }, // U+1EDC
    { 21, 25, 357, 2, 25, 132, 9483 }, // U+1EDD
    { 27, 33, 450, 2, 33, 223, 9615 }, // U+1EDE
    { 21, 27, 357, 2, 27, 142, 9838 }, // U+1EDF
    { 27, 31, 450, 2, 31, 210, 9980 }, // U+1EE0
    { 21, 25, 357, 2, 25, 132, 10190 }, // U+1EE1
    { 27, 31, 450, 2, 25, 210, 10322 }, // U+1EE2
    { 21, 27, 357, 2, 21, 142, 10532 }, // U+1EE3
    { 24, 29, 398, 1, 23, 174, 10674 }, // U+1EE4
    { 22, 24, 356, 0, 18, 132, 10848 }, // U+1EE5
    { 24, 33, 398, 1, 33, 198, 10980 }, // U+1EE6
    { 22, 27, 356, 0, 27, 149, 11178 }, // U+1EE7
    { 28, 31, 455, 1, 31, 217, 11327 }, // U+1EE8
    { 26, 25, 415, 0, 25, 163, 11544 }, // U+1EE9
    { 28, 31, 455, 1, 31, 217, 11707 }, // U+1EEA
    { 26, 25, 415, 0, 25, 163, 11924 }, // U+1EEB
    { 28, 33, 455, 1, 33, 231, 12087 }, // U+1EEC
    { 26, 27, 415, 0, 27, 176, 12318 }, // U+1EED
    { 28, 31, 455, 1, 31, 217, 12494 }, // U+1EEE
    { 26, 25, 415, 0, 25, 163, 12711 }, // U+1EEF
    { 28, 31, 455, 1, 25, 217, 12874 }, // U+1EF0
    { 26, 27, 415, 0, 21, 176, 13091 }, // U+1EF1
    { 23, 31, 370, 0, 31, 179, 13267 }, // U+1EF2
    { 20, 33, 309, 0, 25, 165, 13446 }, // U+1EF3
    { 23, 30, 370, 0, 23, 173, 13611 }, // U+1EF4
    { 20, 26, 309, -1, 18, 130, 13784 }, // U+1EF5
    { 23, 34, 370, 0, 34, 196, 13914 }, // U+1EF6
    { 20, 35, 309, -1, 27, 175, 14110 }, // U+1EF7
    { 23, 30, 370, 0, 30, 173, 14285 }, // U+1EF8
    { 20, 33, 309, 0, 25, 165, 14458 }, // U+1EF9
    { 0, 0, 267, 0, 0, 0, 0 }, // U+2000
    { 0, 0, 533, 0, 0, 0, 0 }, // U+2001
    { 0, 0, 267, 0, 0, 0, 0 }, // U+2002
    { 0, 0, 533, 0, 0, 0, 0 }, // U+2003
    { 0, 0, 178, 0, 0, 0, 0 }, // U+2004
    { 0, 0, 133, 0, 0, 0, 0 }, // U+2005
    { 0, 0, 89, 0, 0, 0, 0 }, // U+2006
    { 0, 0, 301, 0, 0, 0, 0 }, // U+2007
    { 0, 0, 157, 0, 0, 0, 0 }, // U+2008
    { 0, 0, 89, 0, 0, 0, 0 }, // U+2009
    { 0, 0, 53, 0, 0, 0, 0 }, // U+200A
    { 0, 0, 0, 0, 0, 0, 0 }, // U+200B
    { 2, 25, 0, -1, 21, 13, 0 }, // U+200C
    { 8, 27, 0, -4, 23, 54, 13 }, // U+200D
    { 9, 28, 0, -1, 23, 63, 67 }, // U+200E
    { 8, 28, 0, -7, 23, 56, 130 }, // U+200F
    { 9, 3, 165, 1, 10, 7, 186 }, // U+2010
    { 9, 3, 165, 1, 10, 7, 193 }, // U+2011
    { 16, 3, 301, 2, 14, 12, 200 }, // U+2012
    { 17, 3, 267, 0, 11, 13, 212 }, // U+2013
    { 34, 3, 533, 0, 11, 26, 225 }, // U+2014
    { 34, 3, 533, 0, 11, 26, 251 }, // U+2015
    { 9, 33, 298, 5, 25, 75, 277 }, // U+2016
    { 14, 6, 219, 0, -1, 21, 352 }, // U+2017
    { 6, 11, 149, 2, 24, 17, 373 }, // U+2018
    { 7, 11, 149, 1, 23, 20, 390 }, // U+2019
    { 7, 11, 157, 1, 5, 20, 410 }, // U+201A
    { 6, 11, 149, 2, 23, 17, 430 }, // U+201B
    { 13, 11, 261, 2, 24, 36, 447 }, // U+201C
    { 14, 11, 261, 1, 23, 39, 483 }, // U+201D
    { 14, 11, 261, 1, 5, 39, 522 }, // U+201E
    { 13, 11, 261, 2, 23, 36, 561 }, // U+201F
    { 14, 29, 255, 1, 25, 102, 597 }, // U+2020
    { 14, 29, 255, 1, 25, 102, 699 }, // U+2021
    { 10, 10, 213, 2, 16, 25, 801 }, // U+2022
    { 11, 11, 267, 3, 17, 31, 826 }, // U+2023
    { 6, 5, 157, 2, 14, 8, 857 }, // U+2024
    { 15, 5, 307, 2, 14, 19, 865 }, // U+2025
    { 26, 5, 487, 2, 5, 33, 884 }, // U+2026
    { 6, 5, 157, 2, 12, 8, 917 }, // U+2027
    { 0, 0, 320, 0, 0, 0, 925 }, // U+2028
    { 0, 0, 320, 0, 0, 0, 925 }, // U+2029
    { 9, 25, 0, -1, 20, 57, 925 }, // U+202A
    { 8, 25, 0, -7, 20, 50, 982 }, // U+202B
    { 8, 27, 0, -4, 23, 54, 1032 }, // U+202C
    { 9, 28, 0, -5, 23, 63, 1086 }, // U+202D
    { 8, 28, 0, -4, 23, 56, 1149 }, // U+202E
    { 0, 0, 89, 0, 0, 0, 1205 }, // U+202F
    { 41, 23, 699, 1, 23, 236, 1205 }, // U+2030
    { 55, 23, 923, 1, 23, 317, 1441 }, // U+2031
    { 8, 8, 134, 0, 23, 16, 1758 }, // U+2032
    { 16, 8, 262, 0, 23, 32, 1774 }, // U+2033
    { 24, 8, 390, 0, 23, 48, 1806 }, // U+2034
    { 8, 8, 134, 0, 23, 16, 1854 }, // U+2035
    { 16, 8, 262, 0, 23, 32, 1870 }, // U+2036
    { 24, 8, 390, 0, 23, 48, 1902 }, // U+2037
    { 13, 10, 235, 1, 2, 33, 1950 }, // U+2038
    { 8, 13, 188, 2, 15, 26, 1983 }, // U+2039
    { 8, 13, 188, 2, 15, 26, 2009 }, // U+203A
    { 24, 23, 437, 2, 23, 138, 2035 }, // U+203B
    { 15, 23, 335, 3, 23, 87, 2173 }, // U+203C
    { 18, 23, 328, 1, 23, 104, 2260 }, // U+203D
    { 16, 3, 245, 0, 28, 12, 2364 }, // U+203E
    { 26, 6, 0, -13, -1, 39, 2376 }, // U+203F
    { 28, 6, 0, -14, 27, 42, 2415 }, // U+2040
    { 15, 23, 240, 0, 23, 87, 2457 }, // U+2041
    { 32, 25, 533, 1, 25, 200, 2544 }, // U+2042
    { 9, 5, 193, 2, 14, 12, 2744 }, // U+2043
    { 16, 23, 33, -7, 23, 92, 2756 }, // U+2044
    { 10, 31, 221, 3, 25, 78, 2848 }, // U+2045
    { 10, 31, 221, 1, 25, 78, 2926 }, // U+2046
    { 33, 23, 568, 1, 23, 190, 3004 }, // U+2047
    { 24, 23, 450, 1, 23, 138, 3194 }, // U+2048
    { 24, 23, 453, 3, 23, 138, 3332 }, // U+2049
    { 16, 25, 325, 1, 19, 100, 3470 }, // U+204A
    { 18, 29, 334, 1, 25, 131, 3570 }, // U+204B
    { 18, 12, 329, 1, 18, 54, 3701 }, // U+204C
    { 18, 12, 329, 1, 18, 54, 3755 }, // U+204D
    { 15, 13, 268, 1, 18, 49, 3809 }, // U+204E
    { 6, 23, 162, 2, 18, 35, 3858 }, // U+204F
    { 24, 23, 411, 1, 23, 138, 3893 }, // U+2050
    { 15, 27, 268, 1, 25, 102, 4031 }, // U+2051
    { 12, 23, 215, 1, 23, 69, 4133 }, // U+2052
    { 16, 6, 298, 1, 15, 24, 4202 }, // U+2053
    { 26, 7, 0, -13, 0, 46, 4226 }, // U+2054
    { 15, 15, 288, 1, 19, 57, 4272 }, // U+2055
    { 17, 18, 336, 2, 18, 77, 4329 }, // U+2056
    { 32, 8, 517, 0, 23, 64, 4406 }, // U+2057
    { 21, 18, 408, 2, 18, 95, 4470 }, // U+2058
    { 21, 18, 408, 2, 18, 95, 4565 }, // U+2059
    { 6, 23, 162, 2, 23, 35, 4660 }, // U+205A
    { 21, 23, 408, 2, 23, 121, 4695 }, // U+205B
    { 18, 18, 372, 3, 18, 81, 4816 }, // U+205C
    { 6, 23, 162, 2, 23, 35, 4897 }, // U+205D
    { 6, 23, 162, 2, 23, 35, 4932 }, // U+205E
    { 0, 0, 118, 0, 0, 0, 4967 }, // U+205F
    { 0, 0, 320, 0, 0, 0, 4967 }, // U+2060
    { 0, 0, 320, 0, 0, 0, 4967 }, // U+2061
    { 0, 0, 320, 0, 0, 0, 4967 }, // U+2062
    { 0, 0, 320, 0, 0, 0, 4967 }, // U+2063
    { 0, 0, 320, 0, 0, 0, 4967 }, // U+2064
    { 0, 0, 0, 0, 0, 0, 4967 }, // U+2066
    { 0, 0, 0, 0, 0, 0, 4967 }, // U+2067
    { 0, 0, 0, 0, 0, 0, 4967 }, // U+2068
    { 0, 0, 0, 0, 0, 0, 4967 }, // U+2069
    { 8, 28, 0, -4, 23, 56, 4967 }, // U+206A
    { 8, 28, 0, -5, 23, 56, 5023 }, // U+206B
    { 9, 27, 0, -4, 23, 61, 5079 }, // U+206C
    { 9, 28, 0, -4, 24, 63, 5140 }, // U+206D
    { 9, 27, 0, -4, 23, 61, 5203 }, // U+206E
    { 8, 28, 0, -4, 23, 56, 5264 }, // U+206F
    { 12, 15, 213, 1, 28, 45, 0 }, // U+2070
    { 8, 15, 122, 0, 25, 30, 45 }, // U+2071
    { 12, 16, 213, 1, 28, 48, 75 }, // U+2074
    { 11, 15, 213, 1, 28, 42, 123 }, // U+2075
    { 11, 15, 213, 1, 28, 42, 165 }, // U+2076
    { 11, 15, 213, 1, 27, 42, 207 }, // U+2077
    { 12, 15, 213, 1, 28, 45, 249 }, // U+2078
    { 11, 15, 213, 1, 28, 42, 294 }, // U+2079
    { 12, 12, 213, 1, 26, 36, 336 }, // U+207A
    { 12, 3, 213, 1, 21, 9, 372 }, // U+207B
    { 12, 7, 213, 1, 23, 21, 381 }, // U+207C
    { 7, 21, 133, 2, 30, 37, 402 }, // U+207D
    { 8, 21, 133, -1, 30, 42, 439 }, // U+207E
    { 15, 11, 231, 0, 21, 42, 481 }, // U+207F
    { 12, 16, 213, 1, 13, 48, 523 }, // U+2080
    { 10, 15, 213, 1, 12, 38, 571 }, // U+2081
    { 11, 16, 213, 1, 13, 44, 609 }, // U+2082
    { 11, 16, 213, 1, 13, 44, 653 }, // U+2083
    { 12, 15, 213, 1, 12, 45, 697 }, // U+2084
    { 11, 15, 213, 1, 12, 42, 742 }, // U+2085
    { 11, 16, 213, 1, 13, 44, 784 }, // U+2086
    { 11, 15, 213, 1, 12, 42, 828 }, // U+2087
    { 12, 16, 213, 1, 13, 48, 870 }, // U+2088
    { 11, 16, 213, 1, 13, 44, 918 }, // U+2089
    { 12, 12, 213, 1, 9, 36, 962 }, // U+208A
    { 12, 3, 213, 1, 5, 9, 998 }, // U+208B
    { 12, 8, 213, 1, 8, 24, 1007 }, // U+208C
    { 7, 21, 133, 2, 14, 37, 1031 }, // U+208D
    { 8, 21, 133, -1, 14, 42, 1068 }, // U+208E
    { 12, 11, 208, 1, 8, 33, 1110 }, // U+2090
    { 11, 11, 198, 1, 8, 31, 1143 }, // U+2091
    { 12, 11, 213, 1, 8, 33, 1174 }, // U+2092
    { 14, 11, 224, 0, 8, 39, 1207 }, // U+2093
    { 11, 11, 198, 1, 8, 31, 1246 }, // U+2094
    { 15, 15, 231, 0, 12, 57, 1277 }, // U+2095
    { 13, 15, 221, 1, 12, 49, 1334 }, // U+2096
    { 8, 15, 122, 1, 12, 30, 1383 }, // U+2097
    { 21, 11, 342, 0, 8, 58, 1413 }, // U+2098
    { 14, 11, 231, 0, 8, 39, 1471 }, // U+2099
    { 13, 16, 223, 1, 8, 52, 1510 }, // U+209A
    { 9, 11, 166, 1, 8, 25, 1562 }, // U+209B
    { 9, 14, 141, 1, 11, 32, 1587 }, // U+209C
    { 23, 23, 411, 1, 23, 133, 0 }, // U+20A0
    { 20, 28, 357, 2, 25, 140, 133 }, // U+20A1
    { 19, 23, 357, 2, 23, 110, 273 }, // U+20A2
    { 17, 23, 301, 1, 23, 98, 383 }, // U+20A3
    { 17, 24, 301, 1, 23, 102, 481 }, // U+20A4
    { 32, 26, 526, 1, 22, 208, 583 }, // U+20A5
    { 26, 23, 420, 1, 23, 150, 791 }, // U+20A6
    { 28, 23, 480, 1, 23, 161, 941 }, // U+20A7
    { 36, 23, 615, 1, 23, 207, 1102 }, // U+20A8
    { 36, 23, 569, 0, 23, 207, 1309 }, // U+20A9
    { 25, 20, 476, 2, 20, 125, 1516 }, // U+20AA
    { 20, 30, 346, 2, 25, 150, 1641 }, // U+20AB
    { 18, 23, 298, 1, 23, 104, 1791 }, // U+20AC
    { 25, 23, 391, 0, 23, 144, 1895 }, // U+20AD
    { 22, 23, 348, 0, 23, 127, 2039 }, // U+20AE
    { 36, 34, 590, 1, 27, 306, 2166 }, // U+20AF
    { 20, 31, 339, -1, 23, 155, 2472 }, // U+20B0
    { 22, 23, 340, 0, 23, 127, 2627 }, // U+20B1
    { 23, 29, 411, 2, 26, 167, 2754 }, // U+20B2
    { 24, 23, 402, 1, 23, 138, 2921 }, // U+20B3
    { 19, 23, 309, 0, 23, 110, 3059 }, // U+20B4
    { 19, 29, 357, 2, 26, 138, 3169 }, // U+20B5
    { 19, 23, 316, 1, 23, 110, 3307 }, // U+20B6
    { 17, 27, 301, 1, 23, 115, 3417 }, // U+20B7
    { 17, 23, 301, 1, 23, 98, 3532 }, // U+20B8
    { 17, 24, 298, 1, 24, 102, 3630 }, // U+20B9
    { 18, 23, 301, 1, 23, 104, 3732 }, // U+20BA
    { 20, 23, 348, 1, 23, 115, 3836 }, // U+20BB
    { 22, 22, 419, 3, 22, 121, 3951 }, // U+20BC
    { 18, 23, 315, 1, 23, 104, 4072 }, // U+20BD
    { 21, 25, 373, 2, 25, 132, 4176 }, // U+20BE
    { 17, 29, 301, 1, 26, 124, 4308 }, // U+20BF
    { 16, 24, 281, 1, 18, 96, 4432 }, // U+20C0
    { 15, 3, 306, 2, 13, 12, 0 }, // U+2212
    { 28, 25, 406, 1, 25, 175, 0 }, // U+FB00
    { 23, 25, 383, 1, 25, 144, 175 }, // U+FB01
    { 23, 25, 383, 1, 25, 144, 319 }, // U+FB02
    { 35, 25, 573, 1, 25, 219, 463 }, // U+FB03
    { 34, 25, 573, 1, 25, 213, 682 }, // U+FB04
    { 24, 25, 402, 1, 25, 150, 895 }, // U+FB05
    { 28, 25, 463, 1, 25, 175, 1045 }, // U+FB06
    { 32, 31, 533, 1, 26, 248, 0 }, // U+FFFD
};

static const EpdUnicodeInterval notoserif_16_boldIntervals[] = {
    { 0x0, 0x0, 0x0 },
    { 0xD, 0xD, 0x1 },
    { 0x20, 0x7E, 0x2 },
    { 0xA0, 0x17F, 0x61 },
    { 0x1A0, 0x1A1, 0x141 },
    { 0x1AF, 0x1B0, 0x143 },
    { 0x1C4, 0x21F, 0x145 },
    { 0x300, 0x36F, 0x1A1 },
    { 0x400, 0x4FF, 0x211 },
    { 0x1EA0, 0x1EF9, 0x311 },
    { 0x2000, 0x2064, 0x36B },
    { 0x2066, 0x2071, 0x3D0 },
    { 0x2074, 0x208E, 0x3DC },
    { 0x2090, 0x209C, 0x3F7 },
    { 0x20A0, 0x20C0, 0x404 },
    { 0x2212, 0x2212, 0x425 },
    { 0xFB00, 0xFB06, 0x426 },
    { 0xFFFD, 0xFFFD, 0x42D },
};

static const EpdFontGroup notoserif_16_boldGroups[] = {
    { 0, 3655, 9727, 97, 0 },
    { 3655, 3394, 11728, 96, 97 },
    { 7049, 4416, 18764, 128, 193 },
    { 11465, 4212, 16969, 96, 321 },
    { 15677, 1114, 2298, 112, 417 },
    { 16791, 11131, 39397, 256, 529 },
    { 27922, 2933, 15633, 90, 785 },
    { 30855, 1906, 5823, 111, 875 },
    { 32761, 947, 1738, 42, 986 },
    { 33708, 2036, 4800, 33, 1028 },
    { 35744, 12, 12, 1, 1061 },
    { 35756, 331, 1250, 7, 1062 },
    { 36087, 138, 248, 1, 1069 },
};

static const uint16_t notoserif_16_boldKernLeftCodepoints[] = {
    0x0022, 0x0026, 0x0027, 0x002A, 0x002C, 0x002E, 0x0040, 0x0041, 0x0042, 0x0044, 0x0045, 0x0046,
    0x0047, 0x004B, 0x004C, 0x004E, 0x004F, 0x0050, 0x0051, 0x0052, 0x0053, 0x0054, 0x0055, 0x0056,
    0x0057, 0x0058, 0x0059, 0x0061, 0x0062, 0x0065, 0x0066, 0x0067, 0x0068, 0x006B, 0x006D, 0x006E,
    0x006F, 0x0070, 0x0072, 0x0073, 0x0076, 0x0077, 0x0079, 0x00A1, 0x00BF, 0x00C0, 0x00C1, 0x00C2,
    0x00C3, 0x00C4, 0x00C5, 0x00C6, 0x00C8, 0x00C9, 0x00CA, 0x00CB, 0x00D0, 0x00D1, 0x00D2, 0x00D3,
    0x00D4, 0x00D5, 0x00D6, 0x00D8, 0x00D9, 0x00DA, 0x00DB, 0x00DC, 0x00DD, 0x00DE, 0x00DF, 0x00E0,
    0x00E1, 0x00E2, 0x00E3, 0x00E4, 0x00E5, 0x00E6, 0x00E8, 0x00E9, 0x00EA, 0x00EB, 0x00F0, 0x00F1,
    0x00F2, 0x00F3, 0x00F4, 0x00F5, 0x00F6, 0x00F8, 0x00FD, 0x00FE, 0x00FF, 0x0100, 0x0102, 0x0104,
    0x010E, 0x010F, 0x0110, 0x0112, 0x0113, 0x0114, 0x0115, 0x0116, 0x0117, 0x0118, 0x0119, 0x011A,
    0x011B, 0x011C, 0x011E, 0x0120, 0x0122, 0x0125, 0x0127, 0x0129, 0x0136, 0x0137, 0x0138, 0x0139,
    0x013B, 0x013E, 0x0141, 0x0143, 0x0144, 0x0145, 0x0146, 0x0147, 0x0148, 0x0149, 0x014B, 0x014C,
    0x014D, 0x014E, 0x014F, 0x0150, 0x0151, 0x0152, 0x0153, 0x0154, 0x0155, 0x0156, 0x0157, 0x0158,
    0x0159, 0x015A, 0x015B, 0x015C, 0x015D, 0x015E, 0x015F, 0x0160, 0x0161, 0x0162, 0x0164, 0x0165,
    0x0166, 0x0168, 0x016A, 0x016C, 0x016E, 0x0170, 0x0172, 0x0174, 0x0175, 0x0176, 0x0177, 0x0178,
    0x01A0, 0x01A1, 0x01AF, 0x01B0, 0x01FA, 0x01FC, 0x01FD, 0x01FE, 0x01FF, 0x0218, 0x0219, 0x021A,
    0x0402, 0x0409, 0x040A, 0x040E, 0x0423, 0x042A, 0x042C, 0x0431, 0x043E, 0x0440, 0x0444, 0x044D,
    0x044E, 0x0457, 0x0460, 0x0462, 0x0465, 0x0466, 0x0468, 0x046A, 0x046C, 0x046E, 0x046F, 0x0472,
    0x0473, 0x0474, 0x0476, 0x0478, 0x0479, 0x047A, 0x047B, 0x047C, 0x047D, 0x047E, 0x0481, 0x048C,
    0x048D, 0x048E, 0x048F, 0x0490, 0x0491, 0x0493, 0x0494, 0x0496, 0x0497, 0x0498, 0x0499, 0x049A,
    0x049B, 0x049C, 0x049D, 0x049E, 0x049F, 0x04A0, 0x04A1, 0x04A3, 0x04A4, 0x04A5, 0x04A6, 0x04A8,
    0x04AB, 0x04AC, 0x04AD, 0x04B2, 0x04B3, 0x04B5, 0x04B7, 0x04BA, 0x04BC, 0x04BD, 0x04BE, 0x04BF,
    0x04C3, 0x04C6, 0x04D0, 0x04D1, 0x04D2, 0x04D3, 0x04D4, 0x04D5, 0x04D6, 0x04D7, 0x04D8, 0x04D9,
    0x04DA, 0x04DB, 0x04E0, 0x04E6, 0x04E7, 0x04E8, 0x04E9, 0x04EA, 0x04EB, 0x04ED, 0x04EE, 0x04EF,
    0x04F0, 0x04F1, 0x04F2, 0x04F3, 0x04F6, 0x04F7, 0x04FB, 0x04FC, 0x04FD, 0x04FE, 0x04FF, 0x1EA0,
    0x1EA1, 0x1EA2, 0x1EA3, 0x1EA4, 0x1EA5, 0x1EA6, 0x1EA7, 0x1EA8, 0x1EA9, 0x1EAA, 0x1EAB, 0x1EAC,
    0x1EAD, 0x1EAE, 0x1EAF, 0x1EB0, 0x1EB1, 0x1EB2, 0x1EB3, 0x1EB4, 0x1EB5, 0x1EB6, 0x1EB7, 0x1EB8,
    0x1EB9, 0x1EBA, 0x1EBB, 0x1EBC, 0x1EBD, 0x1EBE, 0x1EBF, 0x1EC0, 0x1EC1, 0x1EC2, 0x1EC3, 0x1EC4,
    0x1EC5, 0x1EC6, 0x1EC7, 0x1ECC, 0x1ECD, 0x1ECE, 0x1ECF, 0x1ED0, 0x1ED1, 0x1ED2, 0x1ED3, 0x1ED4,
    0x1ED5, 0x1ED6, 0x1ED7, 0x1ED8, 0x1ED9, 0x1EDA, 0x1EDB, 0x1EDC, 0x1EDD, 0x1EDE, 0x1EDF, 0x1EE0,
    0x1EE1, 0x1EE2, 0x1EE3, 0x1EE4, 0x1EE6, 0x1EE8, 0x1EE9, 0x1EEA, 0x1EEB, 0x1EEC, 0x1EED, 0x1EEE,
    0x1EEF, 0x1EF0, 0x1EF1, 0x1EF2, 0x1EF3, 0x1EF4, 0x1EF5, 0x1EF6, 0x1EF7, 0x1EF8, 0x1EF9, 0x2018,
    0x2019, 0x201A, 0x201C, 0x201D, 0x201E, 0x2026, 0x207D, 0x208D, 0xFB00,
};

static const uint8_t notoserif_16_boldKernLeftClassIds[] = {
      1,   2,   1,   3,   4,   4,   5,   6,   7,   8,   9,  10,  11,  12,  13,  14,
      8,   3,   8,  15,  16,  17,  18,  19,  20,  21,  22,  23,  24,  25,  26,  27,
     23,  28,  23,  23,  24,  24,  29,  30,  31,  32,  33,  34,  35,  36,  36,  36,
     36,  36,  36,   9,   9,   9,   9,   9,   8,  14,   8,   8,   8,   8,   8,   8,
     18,  18,  18,  18,  22,   8,  24,  23,  23,  23,  23,  23,  23,  25,  25,  25,
     25,  25,  24,  23,  24,  24,  24,  24,  24,  24,  33,  24,  33,   6,  36,  36,
      8,  37,   8,   9,  25,   9,  25,   9,  25,   9,  25,   9,  25,  11,  11,  11,
     11,  23,  23,  38,  12,  28,  28,  13,  13,  37,  13,  14,  23,  14,  23,  14,
     23,  23,  23,   8,  24,   8,  24,   8,  24,   9,  25,  15,  29,  15,  29,  15,
     29,  16,  30,  16,  30,  16,  30,  16,  30,  17,  17,  39,  17,  18,  18,  18,
     18,  18,  18,  20,  32,  22,  33,  22,  40,  41,  42,  43,   6,   9,  25,   8,
     24,  16,  30,  17,  44,  45,  45,  46,  46,  45,  45,  47,  48,  48,  49,  49,
     49,  50,  51,  52,  53,  54,  54,  55,  55,  56,  24,  51,  48,  57,  57,  33,
     58,  51,  48,  51,  24,  51,  53,  52,  24,  59,  48,  60,  61,  61,  62,  55,
     63,  56,  48,  55,  63,  55,  63,  55,  63,  55,  63,  64,  60,  61,  62,  51,
     53,  60,  61,  65,  63,  64,  64,  62,  51,  48,  51,  48,  62,  64,  54,  23,
     54,  23,  66,  48,  66,  48,  51,  48,  51,  48,  56,  51,  48,  51,  48,  51,
     48,  48,  46,  58,  46,  58,  46,  58,  60,  61,  61,  65,  63,  65,  63,  36,
     23,  36,  23,  36,  23,  36,  23,  36,  23,  36,  23,  36,  23,  36,  23,  36,
     23,  36,  23,  36,  23,  36,  23,   9,  25,   9,  25,   9,  25,   9,  25,   9,
     25,   9,  25,   9,  25,   9,  25,   8,  24,   8,  24,   8,  24,   8,  24,   8,
     24,   8,  24,   8,  24,  40,  41,  40,  41,  40,  41,  40,  41,  40,  41,  18,
     18,  42,  43,  42,  43,  42,  43,  42,  43,  42,  43,  22,  33,  22,  33,  22,
     33,  22,  33,  67,  68,   4,  67,  68,   4,   4,  69,  70,  26,
};

static const uint16_t notoserif_16_boldKernRightCodepoints[] = {
    0x0021, 0x0022, 0x0026, 0x0027, 0x0029, 0x002A, 0x002C, 0x002E, 0x003A, 0x003B, 0x003F, 0x0040,
    0x0041, 0x0042, 0x0043, 0x0044, 0x0045, 0x0046, 0x0047, 0x0048, 0x0049, 0x004A, 0x004B, 0x004C,
    0x004D, 0x004E, 0x004F, 0x0050, 0x0051, 0x0052, 0x0053, 0x0054, 0x0055, 0x0056, 0x0057, 0x0058,
    0x0059, 0x005A, 0x005D, 0x0061, 0x0062, 0x0063, 0x0064, 0x0065, 0x0067, 0x0068, 0x0069, 0x006B,
    0x006C, 0x006D, 0x006E, 0x006F, 0x0070, 0x0071, 0x0072, 0x0073, 0x0074, 0x0075, 0x0076, 0x0077,
    0x0078, 0x0079, 0x007A, 0x007D, 0x00AB, 0x00B7, 0x00BB, 0x00C0, 0x00C1, 0x00C2, 0x00C3, 0x00C4,
    0x00C5, 0x00C6, 0x00C7, 0x00C8, 0x00C9, 0x00CA, 0x00CB, 0x00CC, 0x00CD, 0x00CE, 0x00CF, 0x00D0,
    0x00D1, 0x00D2, 0x00D3, 0x00D4, 0x00D5, 0x00D6, 0x00D8, 0x00D9, 0x00DA, 0x00DB, 0x00DC, 0x00DD,
    0x00DE, 0x00E0, 0x00E1, 0x00E2, 0x00E3, 0x00E4, 0x00E5, 0x00E6, 0x00E7, 0x00E8, 0x00E9, 0x00EA,
    0x00EB, 0x00EC, 0x00ED, 0x00EE, 0x00EF, 0x00F0, 0x00F1, 0x00F2, 0x00F3, 0x00F4, 0x00F5, 0x00F6,
    0x00F8, 0x00F9, 0x00FA, 0x00FB, 0x00FC, 0x00FD, 0x00FE, 0x00FF, 0x0100, 0x0101, 0x0102, 0x0103,
    0x0104, 0x0105, 0x0106, 0x0107, 0x0108, 0x0109, 0x010A, 0x010B, 0x010C, 0x010D, 0x010E, 0x010F,
    0x0110, 0x0111, 0x0112, 0x0113, 0x0114, 0x0115, 0x0116, 0x0117, 0x0118, 0x0119, 0x011A, 0x011B,
    0x011C, 0x011D, 0x011E, 0x011F, 0x0120, 0x0121, 0x0122, 0x0123, 0x0124, 0x0125, 0x0126, 0x0127,
    0x0128, 0x0129, 0x012A, 0x012B, 0x012C, 0x012D, 0x012E, 0x012F, 0x0130, 0x0132, 0x0133, 0x0134,
    0x0136, 0x0137, 0x0138, 0x0139, 0x013A, 0x013B, 0x013C, 0x013D, 0x013E, 0x013F, 0x0140, 0x0141,
    0x0142, 0x0143, 0x0144, 0x0145, 0x0146, 0x0147, 0x0148, 0x014A, 0x014B, 0x014C, 0x014D, 0x014E,
    0x014F, 0x0150, 0x0151, 0x0152, 0x0153, 0x0154, 0x0155, 0x0156, 0x0157, 0x0158, 0x015A, 0x015B,
    0x015C, 0x015D, 0x015E, 0x015F, 0x0160, 0x0161, 0x0162, 0x0163, 0x0164, 0x0165, 0x0166, 0x0167,
    0x0168, 0x0169, 0x016A, 0x016B, 0x016C, 0x016D, 0x016E, 0x016F, 0x0170, 0x0171, 0x0172, 0x0173,
    0x0174, 0x0175, 0x0176, 0x0177, 0x0178, 0x0179, 0x017A, 0x017B, 0x017C, 0x017D, 0x017E, 0x01A0,
    0x01A1, 0x01AF, 0x01B0, 0x01FA, 0x01FB, 0x01FC, 0x01FD, 0x01FE, 0x01FF, 0x0218, 0x0219, 0x021A,
    0x021B, 0x0402, 0x040B, 0x040E, 0x0416, 0x0422, 0x0423, 0x0425, 0x0427, 0x042A, 0x042F, 0x0431,
    0x0436, 0x0443, 0x0445, 0x0447, 0x0451, 0x0456, 0x0457, 0x045E, 0x0460, 0x0462, 0x0466, 0x046A,
    0x046E, 0x0472, 0x0473, 0x0478, 0x0479, 0x047A, 0x047B, 0x047C, 0x047D, 0x047E, 0x0480, 0x0481,
    0x0496, 0x0498, 0x0499, 0x04A0, 0x04A1, 0x04A8, 0x04A9, 0x04AA, 0x04AB, 0x04AC, 0x04AD, 0x04B2,
    0x04B4, 0x04B5, 0x04B6, 0x04B7, 0x04B8, 0x04B9, 0x04C1, 0x04C2, 0x04CB, 0x04CC, 0x04D0, 0x04D2,
    0x04D4, 0x04D5, 0x04D7, 0x04D8, 0x04D9, 0x04DA, 0x04DC, 0x04DD, 0x04E0, 0x04E1, 0x04E6, 0x04E7,
    0x04E8, 0x04E9, 0x04EA, 0x04EB, 0x04EE, 0x04EF, 0x04F0, 0x04F1, 0x04F2, 0x04F3, 0x04F4, 0x04F5,
    0x04FC, 0x04FE, 0x1EA0, 0x1EA1, 0x1EA2, 0x1EA3, 0x1EA4, 0x1EA5, 0x1EA6, 0x1EA7, 0x1EA8, 0x1EA9,
    0x1EAA, 0x1EAB, 0x1EAC, 0x1EAD, 0x1EAE, 0x1EAF, 0x1EB0, 0x1EB1, 0x1EB2, 0x1EB3, 0x1EB4, 0x1EB5,
    0x1EB6, 0x1EB7, 0x1EB8, 0x1EB9, 0x1EBA, 0x1EBB, 0x1EBC, 0x1EBD, 0x1EBE, 0x1EBF, 0x1EC0, 0x1EC1,
    0x1EC2, 0x1EC3, 0x1EC4, 0x1EC5, 0x1EC6, 0x1EC7, 0x1EC9, 0x1ECB, 0x1ECC, 0x1ECD, 0x1ECE, 0x1ECF,
    0x1ED0, 0x1ED1, 0x1ED2, 0x1ED3, 0x1ED4, 0x1ED5, 0x1ED6, 0x1ED7, 0x1ED8, 0x1ED9, 0x1EDA, 0x1EDB,
    0x1EDC, 0x1EDD, 0x1EDE, 0x1EDF, 0x1EE0, 0x1EE1, 0x1EE2, 0x1EE3, 0x1EE4, 0x1EE5, 0x1EE6, 0x1EE7,
    0x1EE8, 0x1EE9, 0x1EEA, 0x1EEB, 0x1EEC, 0x1EED, 0x1EEE, 0x1EEF, 0x1EF0, 0x1EF1, 0x1EF2, 0x1EF3,
    0x1EF4, 0x1EF5, 0x1EF6, 0x1EF7, 0x1EF8, 0x1EF9, 0x2018, 0x2019, 0x201A, 0x201C, 0x201D, 0x201E,
    0x2026, 0x2039, 0x203A, 0x207E, 0x208E,
};

static const uint8_t notoserif_16_boldKernRightClassIds[] = {
      1,   2,   3,   2,   4,   5,   6,   7,   8,   8,   9,  10,  11,  12,  13,  12,
     12,  12,  13,  12,  12,  14,  12,  12,  12,  12,  13,  12,  13,  12,  15,  16,
     17,  18,  19,  20,  21,  22,   4,  23,  24,  25,  25,  25,  26,  24,  27,  24,
     24,  27,  27,  25,  27,  25,  27,  28,  29,  30,  31,  32,  33,  34,  35,   4,
     36,  37,  36,  11,  11,  11,  11,  11,  11,  38,  13,  12,  12,  12,  12,  12,
     12,  12,  12,  12,  12,  13,  13,  13,  13,  13,  13,  17,  17,  17,  17,  21,
     12,  23,  23,  23,  23,  23,  23,  23,  25,  25,  25,  25,  25,  39,  27,  39,
     39,  25,  27,  25,  25,  25,  25,  25,  25,  30,  30,  30,  30,  34,  24,  34,
     11,  23,  11,  23,  11,  23,  13,  25,  13,  25,  13,  25,  13,  25,  12,  25,
     12,  25,  12,  25,  12,  25,  12,  25,  12,  25,  12,  25,  13,  25,  13,  25,
     13,  25,  13,  25,  12,  24,  12,  24,  12,  40,  12,  39,  12,  39,  12,  27,
     12,  12,  27,  14,  12,  24,  27,  12,  24,  12,  24,  12,  24,  12,  24,  12,
     24,  12,  27,  12,  27,  12,  27,  12,  27,  13,  25,  13,  25,  13,  25,  13,
     25,  12,  27,  12,  27,  12,  15,  28,  15,  28,  15,  28,  15,  28,  16,  29,
     16,  29,  16,  29,  17,  30,  17,  30,  17,  30,  17,  30,  17,  30,  17,  30,
     19,  32,  21,  34,  21,  22,  35,  22,  35,  22,  35,  13,  25,  17,  30,  11,
     23,  38,  23,  13,  25,  15,  28,  16,  29,  41,  41,  42,  41,  41,  42,  41,
     43,  41,  44,  45,  46,  47,  46,  48,  49,  50,  51,  47,  52,  16,  53,  54,
     55,  52,  56,  52,  56,  52,  56,  52,  25,  52,  52,  56,  54,  55,  57,  58,
     59,  52,  56,  52,  56,  58,  59,  54,  58,  59,  60,  61,  43,  48,  41,  46,
     60,  61,  53,  53,  38,  62,  56,  52,  62,  52,  41,  46,  55,  35,  52,  56,
     52,  56,  52,  56,  42,  63,  42,  63,  42,  63,  43,  48,  54,  54,  11,  23,
     11,  23,  11,  23,  11,  23,  11,  23,  11,  23,  11,  23,  11,  23,  11,  23,
     11,  23,  11,  23,  11,  23,  12,  25,  12,  25,  12,  25,  12,  25,  12,  25,
     12,  25,  12,  25,  12,  25,  27,  27,  13,  25,  13,  25,  13,  25,  13,  25,
     13,  25,  13,  25,  13,  25,  13,  25,  13,  25,  13,  25,  13,  25,  13,  25,
     17,  30,  17,  30,  17,  30,  17,  30,  17,  30,  17,  30,  17,  30,  21,  34,
     21,  34,  21,  34,  21,  34,  64,   5,   7,  64,   5,   7,   7,  36,  36,  65,
     66,
};

static const uint16_t notoserif_16_boldKernRowOffsets[] = {
        0,     5,    10,    16,    32,    34,    50,    64,    77,    80,    89,    95,   101,   113,   114,   125,
      137,   148,   153,   165,   176,   180,   194,   199,   205,   208,   213,   214,   216,   220,   222,   225,
      228,   231,   234,   239,   255,   271,   272,   278,   297,   306,   322,   328,   338,   339,   342,   349,
      352,   356,   358,   365,   371,   372,   390,   404,   413,   427,   429,   433,   447,   451,   458,   462,
      463,   474,   475,   478,   485,   486,   487,
};

static const uint8_t notoserif_16_boldKernSparseCols[] = {
     10,  24,  25,  37,  52,   8,  15,  17,  18,  20,   2,   5,   6,  10,  37,  52,
      8,  12,  15,  16,  17,  18,  20,  30,  31,  33,  51,  57,  58,  59,  60,  62,
     10,  20,   1,   4,   8,  12,  15,  16,  17,  18,  20,  24,  25,  29,  30,  31,
     33,  63,   4,   8,  10,  15,  17,  18,  19,  20,  21,  31,  33,  37,  52,  57,
      5,   6,   8,  10,  15,  17,  18,  19,  20,  37,  52,  53,  57,  17,  18,  20,
      2,   5,   6,   9,  10,  22,  24,  25,  37,   8,  15,  17,  18,  20,  37,  12,
     24,  25,  29,  31,  33,   1,   4,   8,  15,  17,  18,  20,  30,  31,  33,  36,
     63,  35,   4,   8,  12,  15,  16,  17,  18,  20,  30,  31,  33,   8,  10,  15,
     17,  18,  19,  20,  31,  33,  37,  52,  57,   2,   5,   6,   9,  10,  12,  22,
     24,  25,  27,  37,   5,   6,   9,  10,  37,   2,   5,   6,   9,  10,  12,  22,
     24,  25,  27,  37,  52,   5,   6,   9,  10,  12,  22,  24,  25,  27,  34,  37,
     12,  14,  31,  33,   2,   5,   6,   9,  10,  12,  14,  22,  24,  25,  27,  34,
     37,  52,   1,  33,  59,  60,  62,  17,  18,  20,  33,  59,  62,  17,  18,  20,
      1,   3,   4,  38,  39,  18,  24,  25,   4,   5,   6,  22,  20,  59,   5,   6,
     10,   5,   6,  10,   5,   6,  10,  17,  18,  20,   8,  15,  17,  18,  20,   1,
      4,   8,  12,  15,  16,  17,  18,  20,  24,  25,  29,  30,  31,  33,  63,   0,
      1,   3,   4,   8,  11,  13,  15,  16,  17,  18,  19,  20,  21,  23,  63,  39,
      0,   1,   3,   8,  23,  63,   5,   6,   7,   8,  10,  15,  17,  18,  20,  22,
     24,  25,  26,  27,  28,  30,  31,  32,  33,   4,   5,   6,  26,  28,  29,  30,
     31,  33,   5,   6,   7,  10,  12,  22,  24,  25,  26,  27,  28,  29,  30,  31,
     33,  34,   4,   5,   6,  26,  28,  30,   1,   8,  15,  41,  42,  45,  46,  47,
     57,  63,  57,  48,  49,  50,   8,  15,  40,  41,  57,  59,  60,  57,  59,  60,
     42,  57,  59,  60,  42,  63,   5,   6,  37,  52,  53,  57,  59,   1,   4,  57,
     59,  60,  63,  59,   1,   4,   8,  12,  15,  17,  20,  24,  25,  29,  31,  33,
     51,  57,  58,  59,  60,  63,  12,  24,  25,  29,  31,  33,  44,  51,  54,  55,
     58,  59,  60,  62,   5,   6,  31,  33,  37,  52,  53,  58,  59,   5,   6,  12,
     22,  24,  25,  27,  37,  51,  52,  54,  55,  56,  61,   5,   6,   5,   6,  37,
     52,   5,   6,  12,  22,  24,  25,  27,  37,  43,  51,  52,  55,  56,  61,   4,
      5,   6,  52,   1,   4,   8,  15,  57,  59,  62,  24,  25,  55,  61,   3,  12,
     24,  25,  29,  31,  33,  51,  54,  58,  59,  62,  58,  10,  37,  52,  10,  12,
     22,  24,  25,  27,  39,  64,  65,
};

static const int8_t notoserif_16_boldKernSparseValues[] = {
     -43,  -11,  -32,  -64,  -43,  -16,  -16,  -21,  -21,  -16,   -5,  -64,  -64,  -27,  -43,  -27,
     -48,  -11,  -48,  -11,  -59,  -48,  -43,  -37,  -32,  -27,  -11,  -48,  -37,  -43,  -27,  -27,
     -16,   -5,  -43,  -37,  -32,  -11,  -32,  -11,  -43,  -37,  -37,  -11,  -11,  -11,  -32,  -16,
     -27,  -37,  -11,  -11,  -11,  -11,  -21,  -16,  -11,  -21,  -11,   -5,  -11,  -16,  -11,  -11,
     -11,  -11,  -11,  -11,  -11,  -11,  -11,  -11,  -16,  -27,  -11,  -11,  -11,  -11,  -11,  -11,
     -11,  -64,  -64,  -21,  -37,  -21,  -21,  -21,  -59,  -11,  -11,  -11,  -11,  -11,  -11,  -11,
     -11,  -11,  -11,  -16,  -16,  -32,  -43,  -37,  -37,  -27,  -27,  -32,  -11,   -5,  -16,  -11,
     -43,   -5,  -11,  -11,  -11,  -11,   -5,  -16,  -16,  -16,   -5,   -5,  -11,  -11,  -11,  -11,
     -11,  -11,  -11,  -11,   -5,  -11,  -11,  -11,  -11,   -5,  -48,  -48,  -16,  -32,  -11,  -16,
     -20,  -20,   -3,  -43,  -11,  -11,   -5,  -11,  -21,  -16,  -59,  -59,  -27,  -43,  -11,  -32,
     -32,  -32,  -21,  -69,  -43,  -48,  -48,  -27,  -37,  -11,  -34,  -32,  -32,  -27,  -16,  -69,
     -11,   -5,  -16,  -27,   -5,  -43,  -43,  -21,  -37,  -16,  -11,  -32,  -37,  -37,  -32,  -11,
     -48,  -37,  -21,  -11,  -16,  -11,  -11,  -32,  -32,  -37,  -11,  -16,  -11,  -32,  -32,  -32,
      43,   48,   43,   21,   21,  -11,  -11,  -11,   16,  -76,  -76,  -11,  -32,  -11,  -27,  -37,
     -32,  -37,  -37,  -16,  -48,  -48,  -27,  -16,  -11,  -16,  -11,  -11,  -27,  -27,  -27,  -43,
     -37,  -32,  -11,  -32,  -11,  -43,  -37,  -37,  -11,  -11,  -11,  -27,  -16,  -27,  -37,   33,
      42,   67,   21,   69,   27,   32,   27,   37,   43,   37,   37,   53,   21,   48,   14,   32,
      12,   23,   45,   20,   22,    3,  -11,  -11,   -5,   11,  -21,   11,   11,   11,   11,  -11,
     -11,  -11,   -5,  -11,   -5,  -11,  -11,  -11,  -11,   11,  -11,  -11,   11,   16,   11,   16,
      16,   16,  -11,  -11,   -5,  -32,  -11,  -27,  -27,  -27,  -16,  -32,   -5,  -16,  -11,  -11,
     -11,  -16,   11,   -5,   -5,   11,   16,   16,  -30,   -2,   -2,  -28,  -21,   -5,  -21,  -16,
     -16,  -11,  -16,  -29,  -10,    1,   -9,   -9,  -11,   -5,  -16,  -16,   -5,  -16,  -16,   -5,
     -16,  -16,  -16,   -5,   -5,   -2,  -11,  -11,  -27,  -11,  -11,  -11,  -11,  -16,  -27,  -16,
     -16,  -11,  -16,  -16,  -43,  -37,  -32,  -11,  -32,  -43,  -37,  -11,  -11,  -11,  -16,  -27,
     -11,  -32,  -21,  -48,  -21,  -37,  -11,  -11,  -11,  -11,  -16,  -16,  -11,  -11,  -11,  -11,
     -16,  -11,  -11,  -11,  -11,  -11,   -5,  -11,  -16,  -11,  -11,  -11,  -21,  -53,  -53,  -11,
     -32,  -32,  -32,  -21,  -69,  -11,  -53,  -11,  -21,  -16,  -21,  -48,  -48,  -64,  -64,  -43,
     -27,  -48,  -48,  -11,  -16,  -16,  -16,   -5,  -43,  -11,  -11,  -32,  -16,  -16,  -16,   16,
     -37,  -37,  -16,  -32,  -37,  -37,  -37,  -37,  -37,  -16,  -11,  -11,  -11,  -11,   11,  -11,
     -11,  -11,  -11,  -16,  -27,  -11,  -11,  -21,  -11,  -16,  -11,  -37,  -75,  -37,  -53,  -11,
     -16,  -21,  -21,  -27,    5,   42,   42,
};

static const EpdLigaturePair notoserif_16_boldLigaturePairs[] = {
    { 0x00660066, 0xFB00 }, // f f -> U+FB00
    { 0x00660069, 0xFB01 }, // f i -> U+FB01
    { 0x0066006C, 0xFB02 }, // f l -> U+FB02
    { 0xFB000069, 0xFB03 }, // U+FB00 i -> U+FB03
    { 0xFB00006C, 0xFB04 }, // U+FB00 l -> U+FB04
};

static const EpdFontData notoserif_16_bold = {
    notoserif_16_boldBitmaps,
    notoserif_16_boldGlyphs,
    notoserif_16_boldIntervals,
    18,
    45,
    36,
    -10,
    true,
    notoserif_16_boldGroups,
    13,
    nullptr,
    nullptr,  // kernLeftClasses: built-in fonts use the split arrays below
    nullptr,  // kernRightClasses
    notoserif_16_boldKernLeftCodepoints,
    notoserif_16_boldKernLeftClassIds,
    notoserif_16_boldKernRightCodepoints,
    notoserif_16_boldKernRightClassIds,
    nullptr,  // kernMatrix: built-in fonts use the sparse form below
    notoserif_16_boldKernRowOffsets,
    notoserif_16_boldKernSparseCols,
    notoserif_16_boldKernSparseValues,
    381,
    449,
    70,
    66,
    notoserif_16_boldLigaturePairs,
    5,
};
