/**
 * generated by fontconvert.py
 * name: notoserif_14_regular
 * size: 14
 * mode: 2-bit  compressed: true
 * Command used: fontconvert.py notoserif_14_regular 14 ../builtinFonts/source/NotoSerif/NotoSerif-Regular.ttf --2bit --compress --pnum --force-autohint --zopfli
 */
#pragma once
#include "EpdFontData.h"

static const uint8_t notoserif_14_regularBitmaps[30565] = {
    0xAD, 0x98, 0x01, 0xA4, 0x25, 0x59, 0x7E, 0xFF, 0x3F, 0x55, 0x67, 0xA6, 0xEB, 0xBF, 0xFF, 0x9A,
    0x79, 0x67, 0x20, 0x88, 0x99, 0xEE, 0x0A, 0x20, 0x32, 0xAF, 0xA7, 0xA0, 0xF1, 0xC4, 0xEB, 0x7B,
    0x2A, 0x59, 0x2C, 0xB2, 0x6C, 0x90, 0x49, 0x48, 0xAC, 0x01, 0x48, 0xB2, 0xE1, 0x0D, 0x5A, 0xB6,
    0xF1, 0xEE, 0xBB, 0x27, 0x16, 0xB0, 0x64, 0x1B, 0x49, 0x16, 0x60, 0x30, 0x88, 0xF7, 0xC8, 0x7D,
    0xA4, 0x31, 0xE1, 0xBE, 0x57, 0x67, 0xA7, 0x31, 0x58, 0x4C, 0x65, 0x22, 0x41, 0x96, 0x4C, 0x85,
    0xDE, 0x64, 0xBC, 0xDE, 0x98, 0xB3, 0x99, 0x5A, 0x53, 0x7D, 0xF7, 0xDC, 0x3A, 0x39, 0xE7, 0x78,
    0xAF, 0xF5, 0x4C, 0x5E, 0x6F, 0x4F, 0x67, 0xF6, 0xD6, 0xEF, 0xFB, 0xF9, 0xDD, 0xAA, 0xFB, 0x3B,
    0xBF, 0x73, 0x4E, 0x55, 0x9D, 0x73, 0xEB, 0x94, 0xFB, 0xEC, 0x07, 0xE6, 0xDE, 0xCF, 0x0F, 0xA4,
    0x99, 0x95, 0xE6, 0x66, 0xB0, 0xC2, 0xEC, 0x16, 0x7A, 0x5B, 0x04, 0x6B, 0xB8, 0x9E, 0x1B, 0xB6,
    0x85, 0x61, 0x57, 0x68, 0x76, 0xA2, 0x8A, 0x86, 0x5B, 0x25, 0xCA, 0x7B, 0xF7, 0x1B, 0xEB, 0xE5,
    0xDF, 0x62, 0xB7, 0xA0, 0xBF, 0x4A, 0xD6, 0x6D, 0x93, 0x9B, 0xA8, 0x5D, 0x8E, 0xCE, 0x4E, 0xDF,
    0xF2, 0xDE, 0xDB, 0xA2, 0x39, 0xA6, 0x24, 0xCA, 0x22, 0xE9, 0xD9, 0xCA, 0x3A, 0xAE, 0x06, 0xF1,
    0x02, 0x49, 0xEC, 0xDD, 0xA1, 0x98, 0x36, 0x54, 0x5F, 0x57, 0xA8, 0x17, 0xAA, 0x20, 0x19, 0xF4,
    0x1C, 0xF5, 0xD7, 0x41, 0xFE, 0x04, 0x8A, 0x09, 0x68, 0x7B, 0xA8, 0x5C, 0x88, 0x6F, 0x83, 0x6A,
    0x7D, 0xFB, 0x05, 0x69, 0x5C, 0x52, 0xA5, 0x4F, 0x5F, 0x50, 0xA8, 0x8F, 0x37, 0x5C, 0xF1, 0x77,
    0x1E, 0xE5, 0x4C, 0x7A, 0x0E, 0x8A, 0x0D, 0x58, 0xEA, 0x65, 0x93, 0x77, 0xCC, 0x4B, 0x23, 0x0C,
    0xAB, 0xA2, 0x2B, 0x1B, 0x9C, 0xE8, 0x25, 0x81, 0xF6, 0x7A, 0xE2, 0x6E, 0xE2, 0xDD, 0xC8, 0xDE,
    0x2E, 0xBA, 0xFD, 0xE2, 0x83, 0x0F, 0xD6, 0x83, 0x92, 0xF7, 0xEE, 0x75, 0xAB, 0xCA, 0x97, 0xBF,
    0x63, 0xE6, 0xD9, 0x5F, 0xC9, 0x70, 0x5A, 0xE0, 0xBA, 0x34, 0x0A, 0x76, 0x13, 0xEF, 0x26, 0xDA,
    0x78, 0x3C, 0xEF, 0x4A, 0x33, 0x47, 0x18, 0xD1, 0xAD, 0x28, 0x9B, 0x7C, 0x3D, 0x20, 0x61, 0xD1,
    0xB1, 0x18, 0x01, 0xB1, 0x6E, 0x81, 0xB2, 0xAF, 0x34, 0x48, 0x23, 0xCD, 0x05, 0x4B, 0x23, 0x35,
    0x88, 0xBE, 0x02, 0x32, 0x7B, 0x1B, 0xC0, 0x6B, 0xE9, 0x28, 0x02, 0x3F, 0xA2, 0x7A, 0xBF, 0x97,
    0x0D, 0x4A, 0x0C, 0x12, 0x4E, 0xD8, 0x6C, 0x81, 0x43, 0x7D, 0x33, 0xB2, 0x72, 0x91, 0xC5, 0x18,
    0x99, 0x39, 0x98, 0x93, 0x79, 0x50, 0x4D, 0xB9, 0x34, 0xC8, 0xF5, 0x69, 0xB9, 0x6E, 0xB2, 0xB6,
    0x17, 0x5E, 0x1F, 0xCC, 0x6E, 0xDE, 0xDC, 0xDD, 0xDE, 0x06, 0xAE, 0xF1, 0x8E, 0xE8, 0x4B, 0x53,
    0xA1, 0xB8, 0xC9, 0x3E, 0x2B, 0xDC, 0x67, 0xB6, 0x55, 0xD8, 0xE6, 0xCC, 0xA8, 0x91, 0xBA, 0xE8,
    0xB2, 0x21, 0x04, 0x3D, 0x0F, 0x77, 0x79, 0x8D, 0x52, 0x8B, 0x3E, 0xB3, 0x8C, 0x29, 0xE0, 0x26,
    0xB3, 0xB0, 0xA9, 0xF3, 0x2D, 0x7E, 0x9F, 0xA7, 0x54, 0x43, 0x6E, 0x8B, 0x90, 0xFB, 0x36, 0xBF,
    0x4B, 0x88, 0x81, 0x5D, 0xB8, 0xB1, 0xFD, 0x15, 0xDA, 0x57, 0x5A, 0x5E, 0xF6, 0x0F, 0xA1, 0x6D,
    0xA2, 0x8F, 0xFB, 0xE9, 0x38, 0xBB, 0x9C, 0xC7, 0x5D, 0x2E, 0xEF, 0xBD, 0x39, 0x3C, 0x3D, 0xD4,
    0x97, 0xFD, 0x56, 0xA1, 0x8C, 0x32, 0xA5, 0x11, 0xBA, 0xE0, 0x1A, 0xB7, 0x80, 0x14, 0xEF, 0xE7,
    0xC1, 0x28, 0x1A, 0x4A, 0x90, 0xB0, 0x05, 0x57, 0x61, 0x1B, 0x76, 0xE0, 0x06, 0xBC, 0x09, 0x16,
    0x7A, 0xB2, 0x8E, 0xDC, 0x20, 0x82, 0xE9, 0x4B, 0x62, 0x77, 0x63, 0x78, 0x4C, 0x79, 0x0C, 0x16,
    0x68, 0x7B, 0x8A, 0x9F, 0x39, 0xA4, 0xAE, 0xA9, 0x03, 0x67, 0xC4, 0x2B, 0x5C, 0x74, 0x2B, 0x44,
    0xEF, 0x10, 0xF6, 0x49, 0x5A, 0x51, 0xF4, 0x31, 0x2E, 0xC6, 0xC7, 0x72, 0xB1, 0xBC, 0x08, 0x79,
    0x62, 0x3E, 0x6A, 0x68, 0x29, 0x3C, 0x0B, 0xC5, 0x4A, 0xF1, 0x92, 0x82, 0x2F, 0x66, 0xBF, 0xE2,
    0x7F, 0xAC, 0xBC, 0x8F, 0xF7, 0x77, 0xFD, 0xFD, 0x91, 0x03, 0x4E, 0x58, 0xA1, 0x92, 0x7E, 0x3D,
    0x08, 0x66, 0xC0, 0x1C, 0x70, 0x90, 0x59, 0x10, 0x1D, 0x94, 0x1A, 0xAE, 0x01, 0xFB, 0x40, 0x3C,
    0x64, 0x40, 0xA6, 0x51, 0x29, 0xCC, 0x3F, 0xBC, 0xFE, 0x86, 0xF1, 0xDE, 0x27, 0x15, 0x21, 0xA7,
    0xFA, 0x97, 0x91, 0xD3, 0xB0, 0xB9, 0xF3, 0x9C, 0xCF, 0x05, 0x91, 0xF2, 0x8D, 0x50, 0x74, 0x10,
    0x62, 0xF8, 0x03, 0x07, 0x2C, 0x80, 0x3A, 0xDD, 0xC5, 0x17, 0x3A, 0x46, 0x6A, 0x4B, 0xDD, 0x38,
    0x0E, 0x58, 0x84, 0xB6, 0x95, 0x5E, 0x9F, 0xC7, 0x79, 0xC8, 0x83, 0xC4, 0x02, 0xB6, 0x14, 0xBC,
    0x12, 0xB4, 0x13, 0x74, 0xAC, 0xC8, 0x3A, 0x85, 0x30, 0x8A, 0x12, 0xC5, 0xB5, 0xA0, 0xDD, 0xA0,
    0x77, 0x82, 0xBC, 0xF7, 0xEE, 0xF5, 0xD7, 0x17, 0xBF, 0x07, 0x8A, 0x47, 0x7A, 0xDE, 0xDF, 0x47,
    0x7A, 0x27, 0xBD, 0x27, 0x6A, 0x8B, 0x92, 0x17, 0x11, 0x41, 0x70, 0x95, 0x90, 0xF6, 0x5C, 0xB5,
    0xEF, 0xB9, 0xFE, 0xFB, 0x8F, 0xDA, 0xD8, 0x80, 0x34, 0x8F, 0xEB, 0x25, 0xA4, 0xBE, 0x4D, 0xDD,
    0xEC, 0x73, 0x80, 0xFA, 0x9B, 0x31, 0x8E, 0x31, 0xD8, 0x1B, 0xC8, 0x1F, 0xB6, 0x84, 0x81, 0xD1,
    0x54, 0x48, 0x66, 0x3C, 0xC7, 0x4D, 0x60, 0x75, 0x2E, 0xD7, 0xF6, 0xF8, 0x7F, 0xDE, 0x30, 0xA1,
    0x70, 0x54, 0xDA, 0x21, 0x4D, 0xD4, 0x2A, 0x68, 0x1E, 0x34, 0x4B, 0x37, 0x47, 0xD5, 0xC4, 0x9B,
    0xA3, 0x48, 0x97, 0xB8, 0xE3, 0xFC, 0xBC, 0x6A, 0x8B, 0x6C, 0x3A, 0x2A, 0x0C, 0xAF, 0x41, 0xCA,
    0xBA, 0x0F, 0x8C, 0xC0, 0x00, 0xB9, 0x05, 0xD1, 0x07, 0x19, 0x28, 0x83, 0xA4, 0x86, 0x0A, 0xA8,
    0x1F, 0x0B, 0x75, 0xA4, 0xD0, 0xCC, 0x02, 0xED, 0xFD, 0x90, 0x7F, 0xA2, 0xD2, 0x75, 0x53, 0x23,
    0x8D, 0xBA, 0x50, 0xA8, 0xB9, 0x32, 0x15, 0xA5, 0xDD, 0x27, 0xF3, 0x1D, 0xB4, 0x03, 0xC5, 0x07,
    0x9E, 0x1A, 0x15, 0xDB, 0xD7, 0x3B, 0x8A, 0x47, 0xB7, 0xE5, 0x09, 0x45, 0x1F, 0xCB, 0xC8, 0x1F,
    0xB7, 0x21, 0xF6, 0x7E, 0x90, 0x46, 0xFE, 0xC7, 0x80, 0x4A, 0x23, 0x3B, 0xB2, 0xBE, 0xE8, 0xE3,
    0xA3, 0x7E, 0x1E, 0x50, 0x9B, 0xFA, 0x2F, 0x5A, 0x53, 0xFA, 0xEF, 0x19, 0x5E, 0x92, 0x17, 0x0D,
    0x6D, 0x82, 0x80, 0x19, 0xBF, 0xC6, 0x3E, 0x3B, 0x84, 0x1C, 0x7F, 0xD4, 0x51, 0x4E, 0x90, 0x06,
    0x21, 0x00, 0xA4, 0xEF, 0x55, 0x13, 0x07, 0x6B, 0x8C, 0x7F, 0xFC, 0x73, 0xF9, 0x20, 0xA6, 0x81,
    0x52, 0xC3, 0x29, 0x94, 0x03, 0x2C, 0x1A, 0x8A, 0xE8, 0x34, 0x38, 0x92, 0x8F, 0xFB, 0xF1, 0x78,
    0xFA, 0x3D, 0xC5, 0xA5, 0x78, 0x9A, 0xC3, 0xC3, 0x43, 0x1D, 0xCF, 0x3A, 0x9F, 0xFB, 0x5C, 0x1C,
    0x6F, 0x80, 0x47, 0x45, 0xED, 0x45, 0xD1, 0x1E, 0xB2, 0x09, 0xA8, 0x35, 0x4C, 0x71, 0xFF, 0xF1,
    0xAA, 0x53, 0xBC, 0x06, 0x4A, 0xDF, 0x2C, 0x1E, 0x0C, 0x13, 0x2B, 0xC7, 0x6C, 0x1F, 0x45, 0xB4,
    0x03, 0x38, 0x21, 0x1B, 0x29, 0x6D, 0x0C, 0x1D, 0xC1, 0x5E, 0x18, 0x00, 0xD9, 0x80, 0x70, 0xD1,
    0xC2, 0x17, 0x78, 0xD9, 0xF7, 0x90, 0xFB, 0xC3, 0x09, 0xAA, 0x9E, 0xD2, 0xB0, 0x80, 0xCC, 0x86,
    0xD2, 0x70, 0x5B, 0xD8, 0x2B, 0xD3, 0x9B, 0xF1, 0x9F, 0xE4, 0xC8, 0x5E, 0xAD, 0x9A, 0x8D, 0xE8,
    0xB7, 0x54, 0x3E, 0x88, 0x4E, 0xCE, 0x84, 0x0D, 0x3C, 0x29, 0xBB, 0xC2, 0xC8, 0x95, 0x34, 0x85,
    0xD9, 0x72, 0xD2, 0x94, 0xFA, 0x6A, 0xA0, 0xD4, 0xDB, 0x91, 0xCD, 0xAE, 0x2B, 0x4D, 0xAD, 0xEF,
    0x3A, 0xD1, 0x7F, 0xFB, 0xDD, 0x7E, 0x95, 0xF9, 0x7F, 0xF4, 0x7A, 0xCE, 0xAF, 0x9E, 0x4F, 0x06,
    0x50, 0x69, 0x00, 0xD9, 0xC3, 0xFF, 0x23, 0xDF, 0xC0, 0x3B, 0xB0, 0x38, 0x5B, 0x76, 0x70, 0xC5,
    0x8F, 0x00, 0x8A, 0xC4, 0x06, 0xA0, 0x35, 0x00, 0x3E, 0x32, 0xFB, 0x51, 0x0F, 0xE4, 0xF7, 0x2C,
    0x20, 0xEE, 0x0D, 0x40, 0xF9, 0x5B, 0x23, 0x20, 0x71, 0xC0, 0x35, 0x36, 0xC0, 0x75, 0x16, 0x90,
    0x46, 0x2C, 0xDC, 0xA6, 0xD6, 0x90, 0xCE, 0x3D, 0x3F, 0x7B, 0xFD, 0x8D, 0x8E, 0xBC, 0xA3, 0xEC,
    0xD3, 0x04, 0x6B, 0x29, 0x34, 0xF9, 0x80, 0x0C, 0x74, 0x2C, 0x3F, 0xE2, 0x55, 0xAF, 0xBD, 0x43,
    0xC5, 0xC1, 0xF1, 0x90, 0xE5, 0x7A, 0xD9, 0x09, 0x1B, 0xB7, 0x6C, 0x0C, 0xA1, 0xEE, 0x5C, 0x63,
    0xD8, 0x1F, 0xD2, 0xF1, 0xF5, 0x52, 0x0B, 0xEF, 0xB5, 0xB0, 0x79, 0xD8, 0x67, 0x3F, 0x68, 0x16,
    0xA4, 0x1E, 0x53, 0xDC, 0x77, 0xCB, 0xF5, 0xD1, 0xE0, 0xFD, 0x14, 0xFF, 0x5E, 0xEE, 0x30, 0x2D,
    0x47, 0xD1, 0xE7, 0x1B, 0xA9, 0xD9, 0xD4, 0xB0, 0x9A, 0x01, 0xFB, 0x17, 0x03, 0xF9, 0x12, 0xAD,
    0x80, 0x39, 0x10, 0xE3, 0x6A, 0x40, 0x6A, 0xBE, 0x52, 0xF4, 0xDC, 0xCC, 0xA6, 0xA3, 0x31, 0xE4,
    0xD3, 0x71, 0x10, 0x13, 0x2A, 0x88, 0x83, 0x87, 0x45, 0x84, 0x34, 0x01, 0x45, 0x1F, 0x90, 0xDB,
    0x80, 0xD8, 0x54, 0x18, 0x23, 0xDC, 0x93, 0x30, 0x5E, 0xC4, 0xE5, 0x36, 0x95, 0xBD, 0xC8, 0xB2,
    0xE0, 0x8D, 0x98, 0xD9, 0x7B, 0x7F, 0x27, 0xC2, 0xED, 0xAD, 0x0F, 0x63, 0xFC, 0x6E, 0xD0, 0xF6,
    0xB9, 0x9E, 0x0B, 0xE2, 0x91, 0xD6, 0x87, 0xF1, 0x84, 0xC4, 0xA2, 0x5C, 0xA2, 0xF2, 0x5C, 0xB2,
    0x0A, 0xA9, 0x7D, 0xFA, 0x78, 0xB7, 0x3C, 0xCF, 0x19, 0x75, 0x69, 0xCE, 0xA0, 0x98, 0x33, 0xE4,
    0x6E, 0xE2, 0xF7, 0x27, 0x69, 0x39, 0x69, 0x42, 0x18, 0x5C, 0xF1, 0xF7, 0xA1, 0x3D, 0xF4, 0x88,
    0x81, 0x5A, 0x4B, 0x83, 0x34, 0x35, 0x94, 0xCC, 0x00, 0xE6, 0x00, 0x2B, 0x00, 0xF7, 0x79, 0xE4,
    0xDE, 0x39, 0xB2, 0x76, 0x58, 0x11, 0xE7, 0xCD, 0x88, 0x59, 0x44, 0x1D, 0x91, 0xB2, 0x88, 0x21,
    0x20, 0x64, 0x6E, 0x0D, 0xA5, 0xFF, 0x08, 0xEF, 0x83, 0x99, 0xE5, 0x14, 0x6B, 0x16, 0x96, 0x2F,
    0x6A, 0xEB, 0xC3, 0xA3, 0x40, 0xEF, 0x7D, 0xE0, 0x33, 0x5A, 0xAA, 0x4B, 0xFB, 0x54, 0xAF, 0xF7,
    0xCB, 0x49, 0xD8, 0xA7, 0x6D, 0xCB, 0xC9, 0x7B, 0xE9, 0xED, 0xFF, 0xF7, 0x3D, 0x8A, 0x2F, 0x65,
    0xB3, 0x34, 0x9D, 0x38, 0xF6, 0x2C, 0xA7, 0x4D, 0xEA, 0x7B, 0x48, 0x4E, 0xDB, 0x0B, 0x8B, 0x22,
    0x60, 0x37, 0xC2, 0x06, 0xA4, 0x61, 0x55, 0x12, 0xB0, 0x1D, 0x71, 0x2B, 0xE0, 0xA7, 0x63, 0xC0,
    0x27, 0x9B, 0x80, 0x8D, 0x0F, 0x18, 0x17, 0x1A, 0x61, 0xEB, 0x2E, 0x40, 0xA6, 0x12, 0x2E, 0x20,
    0x9B, 0x02, 0xF0, 0x4D, 0xCC, 0xD7, 0x85, 0xCC, 0xD5, 0xE8, 0x3D, 0xF9, 0x26, 0x80, 0xB0, 0x87,
    0xB0, 0xFF, 0x27, 0x6D, 0x9D, 0xEB, 0x5A, 0xD0, 0x6B, 0x95, 0xCD, 0x4E, 0xBD, 0xF7, 0x93, 0x77,
    0x20, 0xBD, 0x59, 0x6E, 0x40, 0x4E, 0x5A, 0x4C, 0x50, 0x5B, 0x84, 0x07, 0x15, 0xDC, 0x87, 0x0D,
    0xDF, 0x0E, 0xEE, 0x7D, 0xCD, 0xDF, 0x47, 0x67, 0xF8, 0x24, 0xB8, 0xF7, 0xBA, 0xEC, 0x9F, 0x82,
    0xBB, 0x67, 0xE3, 0xA4, 0x23, 0xDE, 0xB5, 0xE2, 0x3B, 0xC1, 0xFD, 0x60, 0x28, 0xBE, 0x1A, 0x9C,
    0x71, 0xA5, 0x88, 0x6E, 0xB5, 0x95, 0xDC, 0xFC, 0x6A, 0x72, 0x6A, 0x3B, 0xB9, 0x7A, 0x27, 0xB9,
    0x6A, 0x48, 0x4E, 0xDA, 0xE4, 0xCA, 0x3E, 0xB8, 0xE5, 0x58, 0x74, 0xF5, 0xA4, 0xBD, 0x0B, 0xB1,
    0xDE, 0x78, 0x8B, 0xF2, 0xCB, 0x81, 0x57, 0x27, 0xE1, 0xC0, 0x8A, 0x29, 0xC2, 0x37, 0x01, 0x1F,
    0x9A, 0x80, 0x1F, 0xF6, 0x01, 0xF7, 0x86, 0x80, 0x1F, 0xB8, 0x00, 0x33, 0x45, 0xA8, 0x26, 0xA0,
    0x32, 0x01, 0xB2, 0x0F, 0x10, 0x43, 0x40, 0xEE, 0x02, 0x98, 0x22, 0x54, 0x44, 0x1D, 0x21, 0xED,
    0x72, 0xA4, 0xB0, 0xDE, 0x91, 0x5B, 0x5E, 0x9E, 0x1A, 0xC2, 0xDC, 0x31, 0x50, 0xF4, 0x9C, 0x20,
    0x35, 0x35, 0x8A, 0xE0, 0x67, 0x50, 0x98, 0x15, 0x88, 0x2E, 0xA2, 0x77, 0x01, 0xF6, 0x32, 0xA4,
    0x5F, 0x53, 0x5C, 0x2A, 0x91, 0xCA, 0xA6, 0x2C, 0x29, 0x5F, 0xCA, 0x9C, 0xEA, 0x38, 0x9F, 0x3F,
    0xCD, 0x25, 0xF3, 0xE7, 0xE7, 0xE6, 0xD1, 0xA2, 0x17, 0xEB, 0x56, 0x8B, 0x10, 0xFF, 0xD4, 0xA1,
    0x7D, 0x49, 0xE3, 0xEB, 0xF3, 0xC6, 0x97, 0x66, 0x7E, 0x79, 0xE3, 0x2F, 0xEF, 0xC1, 0x1C, 0x8A,
    0x4E, 0x81, 0x34, 0x55, 0x43, 0xD5, 0x94, 0x86, 0x19, 0xE2, 0xE1, 0x95, 0x11, 0x16, 0xBE, 0x83,
    0xCC, 0x01, 0x24, 0x9C, 0x00, 0x2C, 0x00, 0x94, 0x06, 0xE4, 0x43, 0x20, 0x6B, 0x53, 0xFF, 0xD2,
    0x1F, 0x04, 0xB1, 0x7F, 0x01, 0x8C, 0x11, 0xEE, 0x7F, 0x23, 0x1B, 0x62, 0x48, 0x8F, 0x58, 0x2F,
    0x1B, 0x84, 0x4F, 0x6D, 0x98, 0x22, 0x16, 0x4D, 0x40, 0x6D, 0x02, 0x64, 0x1F, 0x50, 0x0E, 0x8F,
    0x8D, 0x85, 0x38, 0xB6, 0x3A, 0xEF, 0xA9, 0x2C, 0xED, 0x48, 0xB1, 0x6E, 0x89, 0xCF, 0x50, 0x35,
    0xA5, 0x51, 0x14, 0x8D, 0x02, 0xA2, 0x6A, 0x03, 0x72, 0x00, 0xE1, 0x35, 0x31, 0x8E, 0xC2, 0x03,
    0x8B, 0x78, 0xB4, 0x87, 0xC2, 0x6E, 0x23, 0xEC, 0x7E, 0xEC, 0x6D, 0xEC, 0x6C, 0x13, 0xFA, 0x7A,
    0x36, 0x91, 0xFB, 0xFB, 0xB4, 0xDE, 0x7B, 0x73, 0x7A, 0x14, 0x2E, 0xCF, 0x3B, 0x71, 0xC0, 0x1E,
    0x0B, 0x9B, 0x27, 0xC4, 0xB6, 0xC0, 0x97, 0x47, 0xBC, 0x60, 0x78, 0x6F, 0x82, 0xE2, 0x7D, 0x3D,
    0x51, 0xAF, 0xD3, 0x9D, 0xFF, 0xCB, 0x41, 0x3E, 0x50, 0x68, 0x36, 0x54, 0xA0, 0xCE, 0x1C, 0x69,
    0x3D, 0x9D, 0x2A, 0x6A, 0xD7, 0x61, 0x00, 0xC9, 0x9E, 0xDC, 0x16, 0x01, 0xDD, 0x45, 0xB0, 0xD0,
    0xD9, 0x48, 0xD9, 0xE0, 0x90, 0x70, 0xC2, 0x35, 0x58, 0xB0, 0x0D, 0x8A, 0x5D, 0xA8, 0xF5, 0xAD,
    0xB4, 0x3C, 0x88, 0xB0, 0x50, 0xFC, 0x7B, 0x17, 0xA7, 0x2A, 0x13, 0xA1, 0x21, 0xFB, 0x79, 0x03,
    0x78, 0x80, 0x53, 0x80, 0x39, 0x78, 0x4F, 0xA9, 0x85, 0xB7, 0xA1, 0x2E, 0x69, 0xF2, 0xB6, 0x97,
    0x3D, 0xB2, 0x23, 0xDD, 0xFE, 0x55, 0xCF, 0x75, 0x84, 0x45, 0xA5, 0xD9, 0x70, 0x20, 0xF9, 0x7C,
    0xE4, 0xCF, 0x07, 0x6E, 0x83, 0xE3, 0x78, 0xE4, 0x38, 0x7A, 0x1B, 0x0C, 0x4E, 0xE8, 0x83, 0xC1,
    0x41, 0xD6, 0x05, 0x03, 0x95, 0x1B, 0x25, 0x0C, 0xA8, 0xAF, 0x26, 0x4F, 0xF5, 0x1D, 0x5D, 0x7D,
    0x4D, 0x83, 0x7C, 0xAF, 0x91, 0xDF, 0x6D, 0x40, 0xFE, 0x10, 0xF9, 0x3E, 0x50, 0xFE, 0x5B, 0x34,
    0x28, 0xFE, 0x2B, 0x1A, 0x08, 0x17, 0x0D, 0x72, 0x17, 0x0D, 0xB2, 0x31, 0x1A, 0x71, 0x52, 0x19,
    0x6A, 0xAF, 0xDB, 0x3E, 0xDF, 0x50, 0xC3, 0xC4, 0x2E, 0x28, 0x6E, 0x41, 0xAD, 0x7B, 0x90, 0xEF,
    0x1A, 0x10, 0x9F, 0x36, 0x90, 0x4F, 0x00, 0x0E, 0x60, 0x0E, 0xE0, 0x81, 0xFC, 0x43, 0x0D, 0xC5,
    0x77, 0x3B, 0x90, 0xC2, 0xC2, 0x76, 0x3E, 0xC2, 0x6D, 0x36, 0x90, 0x1E, 0x31, 0x7A, 0x94, 0xAE,
    0x1F, 0xE6, 0x7E, 0x5C, 0x4C, 0xC2, 0x3B, 0xEF, 0xD3, 0xD9, 0x88, 0xA7, 0xC2, 0x22, 0xD3, 0xA4,
    0x4B, 0x88, 0x7F, 0x05, 0x1C, 0x37, 0xE0, 0x80, 0x63, 0x50, 0x4D, 0x4C, 0x75, 0xCF, 0x40, 0xF9,
    0x5E, 0x03, 0xE2, 0x63, 0x2E, 0x86, 0xD8, 0xD3, 0xF1, 0xAA, 0x7F, 0x0B, 0x94, 0xB7, 0x41, 0xDE,
    0xA9, 0xC3, 0x23, 0x17, 0xCF, 0xED, 0x0E, 0xB2, 0xDF, 0xA1, 0x32, 0x31, 0x35, 0xB4, 0xA4, 0x6C,
    0x62, 0x84, 0xD2, 0x82, 0xEC, 0x40, 0x19, 0x58, 0x00, 0x13, 0xE4, 0x0E, 0x8A, 0x01, 0xA4, 0xE5,
    0x85, 0xDA, 0xF0, 0x8A, 0xD2, 0x6C, 0xFB, 0xBF, 0x7E, 0x7D, 0xE5, 0x43, 0x3E, 0x3F, 0xF8, 0xB7,
    0x1D, 0x5F, 0x7C, 0xDB, 0xE0, 0x87, 0xC3, 0xB7, 0x2D, 0x1C, 0xC3, 0x2D, 0xD8, 0x81, 0x5D, 0xD8,
    0x86, 0xAB, 0xB0, 0x05, 0x12, 0x4A, 0x28, 0x1A, 0x84, 0x46, 0x18, 0x72, 0x43, 0xD6, 0x41, 0x0F,
    0xA9, 0x00, 0x37, 0x60, 0x27, 0x45, 0xBF, 0xF2, 0x99, 0xE8, 0xD6, 0x7D, 0xCB, 0xF1, 0x0C, 0x5B,
    0xEE, 0x5A, 0xF7, 0xA7, 0x6F, 0x53, 0x02, 0xB2, 0x81, 0xDA, 0xC0, 0x6F, 0x76, 0x70, 0xD7, 0x82,
    0x3D, 0x26, 0xEB, 0x76, 0x10, 0x66, 0x3B, 0xE4, 0xDD, 0x42, 0x22, 0xB9, 0x46, 0xA1, 0xE3, 0x62,
    0xFA, 0x36, 0x59, 0x1F, 0x96, 0x1A, 0xE9, 0x45, 0xD7, 0x1F, 0xB3, 0xA0, 0x6A, 0x0A, 0x43, 0x7F,
    0xC5, 0x77, 0xD4, 0x67, 0x0E, 0xC5, 0x3C, 0x68, 0xC6, 0xF3, 0x81, 0x44, 0xFD, 0x61, 0x4B, 0xE5,
    0x3D, 0x0B, 0xAD, 0x38, 0x41, 0xE1, 0x1E, 0x69, 0xC1, 0x49, 0xE6, 0x51, 0x47, 0x75, 0x57, 0x8E,
    0x55, 0xDF, 0x5A, 0xD8, 0xBB, 0x74, 0xD6, 0x6E, 0xB5, 0xF8, 0xF4, 0xC8, 0x0A, 0x87, 0x13, 0x03,
    0xF3, 0x47, 0x4F, 0xC6, 0x97, 0x6B, 0x26, 0x46, 0x4E, 0x62, 0xEC, 0xDE, 0x83, 0x23, 0xDB, 0x86,
    0x55, 0x42, 0xE6, 0x3B, 0x79, 0xE6, 0x6A, 0x4E, 0x0E, 0xB8, 0xB9, 0x62, 0xC7, 0xC1, 0xE7, 0x6C,
    0x05, 0x33, 0xA8, 0x9B, 0x17, 0xCB, 0xF5, 0x2A, 0x6B, 0x7B, 0x32, 0x6F, 0xA0, 0x0D, 0x92, 0x9F,
    0x51, 0xEE, 0xBF, 0x61, 0xE4, 0xD9, 0xC7, 0x46, 0xA1, 0xD2, 0x32, 0x71, 0x85, 0x34, 0xEE, 0x72,
    0x9D, 0x2F, 0x97, 0xAB, 0x18, 0x1B, 0xCA, 0xFC, 0x28, 0xDC, 0xE0, 0x5F, 0x9B, 0xB2, 0xB6, 0xA3,
    0x3C, 0x73, 0xD4, 0x28, 0x6E, 0x52, 0x37, 0xAB, 0xF3, 0x65, 0xE7, 0x74, 0xB8, 0x4C, 0xAF, 0x25,
    0x1C, 0x70, 0xA1, 0x13, 0x60, 0x46, 0x46, 0xA5, 0x4B, 0xCA, 0xF5, 0x69, 0x5A, 0x0E, 0x53, 0x8F,
    0x4C, 0x6D, 0x6E, 0x6B, 0x61, 0xE3, 0x43, 0x6D, 0x30, 0xEF, 0xED, 0xD1, 0xFA, 0xAD, 0x2F, 0xF6,
    0xB4, 0xA7, 0xBD, 0x37, 0x59, 0xFB, 0x7D, 0x5B, 0xAC, 0xA7, 0xBB, 0x52, 0xEF, 0xBF, 0x54, 0x3F,
    0xF6, 0x5A, 0xAB, 0x0E, 0xAA, 0x9A, 0x59, 0x6A, 0x77, 0xEE, 0x07, 0xF2, 0x7F, 0x6D, 0x28, 0x01,
    0x09, 0x94, 0xF1, 0xBF, 0x34, 0xBD, 0x34, 0xF1, 0xFD, 0x8C, 0xF2, 0xF1, 0xF7, 0x3E, 0xFD, 0x09,
    0xD2, 0xA8, 0xB3, 0x36, 0x3D, 0x25, 0xB7, 0x16, 0xD8, 0x7B, 0xE2, 0x4C, 0xFE, 0x53, 0xAF, 0x11,
    0x9F, 0x2E, 0x2D, 0xC2, 0xC5, 0x59, 0x74, 0x20, 0xE6, 0x78, 0x56, 0xEC, 0x4D, 0x78, 0xDD, 0x7A,
    0x7C, 0x57, 0x36, 0xF1, 0x39, 0xBA, 0x6C, 0x00, 0xBC, 0x59, 0x18, 0xF9, 0x84, 0xAD, 0x5D, 0x7B,
    0x9F, 0xF7, 0xF1, 0x5F, 0x35, 0xEF, 0x01, 0x94, 0xAD, 0xAD, 0x78, 0xFA, 0xD6, 0x97, 0xA6, 0x6D,
    0x1E, 0x3E, 0xAD, 0x4F, 0x56, 0xFA, 0x80, 0x72, 0x22, 0x96, 0x08, 0x28, 0x74, 0x40, 0x45, 0xC0,
    0x6E, 0xC4, 0x10, 0xF0, 0x89, 0x0B, 0xF0, 0x53, 0xC0, 0xA8, 0x88, 0xBF, 0x9A, 0x00, 0xD9, 0xC5,
    0x60, 0x1B, 0x90, 0xC7, 0x3E, 0x35, 0xB1, 0x4F, 0xBA, 0x36, 0xDE, 0x2E, 0x43, 0xDD, 0x5F, 0xEC,
    0x39, 0x5C, 0x85, 0xFB, 0x7A, 0xD1, 0x53, 0x3F, 0x58, 0xFE, 0xF7, 0x03, 0x17, 0xCF, 0xA9, 0xE7,
    0x04, 0x31, 0xB0, 0x41, 0xA5, 0x53, 0xF5, 0xE5, 0x5D, 0x3A, 0xD7, 0xAA, 0x6F, 0x7D, 0xE3, 0x3B,
    0x35, 0x2C, 0x42, 0x7D, 0xA1, 0xB6, 0x5F, 0xDA, 0xF5, 0x8B, 0xC3, 0xAC, 0x5C, 0x6F, 0xA8, 0x9B,
    0x8B, 0xFB, 0xAE, 0xE8, 0xDC, 0xE5, 0x6F, 0x19, 0xFB, 0xD5, 0xF9, 0x9B, 0xC5, 0x18, 0x5B, 0xAE,
    0x27, 0x62, 0xD9, 0xB6, 0x6F, 0xF5, 0xDE, 0x7F, 0x3E, 0xFB, 0x9C, 0x20, 0x7E, 0x1E, 0xCA, 0x84,
    0x7B, 0xF1, 0xB2, 0x27, 0xC3, 0xD0, 0x3A, 0x42, 0x77, 0x09, 0x63, 0xD5, 0xCB, 0xB3, 0x07, 0x6B,
    0x85, 0xEA, 0x9E, 0x6D, 0x9C, 0x7F, 0x68, 0xF2, 0x49, 0x1A, 0xB8, 0x44, 0x79, 0xBB, 0x46, 0x78,
    0x1F, 0xA6, 0x01, 0xDA, 0xBF, 0x6C, 0x1B, 0x39, 0xD4, 0x8D, 0xB4, 0x57, 0x91, 0x1D, 0x48, 0xF3,
    0x74, 0x85, 0xD2, 0x78, 0x0F, 0x85, 0x6F, 0xD4, 0x51, 0xBF, 0xCA, 0xAD, 0x23, 0x58, 0x33, 0x81,
    0xEA, 0x91, 0x13, 0x99, 0x0F, 0x6E, 0x20, 0x1F, 0xDF, 0xC4, 0x59, 0xC6, 0x31, 0x1F, 0x16, 0xCB,
    0x3E, 0x3E, 0xE1, 0xEA, 0xF3, 0xD7, 0xBF, 0x95, 0x49, 0x0B, 0xCC, 0x33, 0x2D, 0x0D, 0xBF, 0xD8,
    0xCA, 0x0E, 0xB1, 0xD6, 0xB4, 0x7A, 0x61, 0x65, 0x5C, 0xA2, 0x95, 0xCF, 0x7E, 0xA5, 0x23, 0x32,
    0x47, 0x36, 0x0A, 0x07, 0xFE, 0xEF, 0x16, 0x77, 0xA8, 0x87, 0x45, 0xE7, 0x5D, 0xE9, 0x75, 0x3B,
    0x5E, 0x99, 0x1A, 0x69, 0x78, 0x87, 0x80, 0x63, 0x8A, 0x8E, 0x1E, 0xD1, 0x67, 0x1D, 0xB9, 0xCD,
    0x0D, 0xD9, 0x20, 0x34, 0xB8, 0x02, 0x58, 0x49, 0x60, 0xFE, 0x22, 0xA0, 0xB6, 0x81, 0x7A, 0x07,
    0xA8, 0xEE, 0x02, 0xD2, 0x02, 0x65, 0x0F, 0xCA, 0xB3, 0x8F, 0xB7, 0xF5, 0xC4, 0x09, 0x69, 0xED,
    0x38, 0x21, 0x63, 0xC5, 0x9E, 0x2D, 0xF2, 0x21, 0xFF, 0xB8, 0xB9, 0x0A, 0xA3, 0xF8, 0x9E, 0xDE,
    0x8E, 0x19, 0xBF, 0x61, 0x76, 0x60, 0x55, 0x16, 0xDD, 0x0D, 0x98, 0x6F, 0x89, 0xFE, 0x18, 0x66,
    0x57, 0x85, 0xED, 0x63, 0xFA, 0xCC, 0x76, 0x50, 0xED, 0xF0, 0xD0, 0x80, 0xBC, 0xCB, 0x14, 0x9D,
    0x65, 0xA1, 0x53, 0x35, 0x0A, 0x28, 0xBA, 0xE8, 0x94, 0xAF, 0x3D, 0xF5, 0xF4, 0xF2, 0x14, 0xB2,
    0x8B, 0x3E, 0x26, 0xD5, 0x70, 0x20, 0x81, 0xFA, 0xCF, 0x2E, 0xDA, 0x25, 0x12, 0x46, 0x60, 0xEB,
    0x04, 0xD8, 0x56, 0xC0, 0x9B, 0xD2, 0x40, 0x5F, 0xF4, 0x88, 0x4E, 0x8C, 0xEC, 0x8D, 0xAF, 0x7A,
    0xDD, 0x3A, 0xE5, 0xCD, 0x67, 0xCE, 0xC7, 0x8A, 0xD2, 0x70, 0x37, 0x84, 0x60, 0x63, 0x92, 0x9E,
    0x6C, 0xC8, 0x0D, 0x38, 0x11, 0xB0, 0x2A, 0x1A, 0x98, 0x95, 0x40, 0xBD, 0x05, 0xC8, 0x6F, 0x46,
    0xFC, 0x04, 0x28, 0x46, 0x40, 0x0C, 0x40, 0x6E, 0x23, 0x7A, 0x20, 0x16, 0xA0, 0xD4, 0x40, 0xD5,
    0x00, 0x07, 0xC0, 0xAB, 0x0E, 0x50, 0x77, 0x22, 0xBC, 0x9F, 0x1D, 0x4E, 0x3B, 0xB8, 0x1B, 0xF9,
    0x48, 0x61, 0x91, 0x1D, 0xB5, 0x46, 0xC1, 0x86, 0x3C, 0x5D, 0x39, 0xD9, 0x8B, 0xCA, 0x14, 0xAA,
    0x29, 0xFD, 0x61, 0xEB, 0xD3, 0x92, 0x81, 0xC5, 0x5B, 0x9C, 0x80, 0xBB, 0xCC, 0x46, 0xF2, 0x81,
    0xBD, 0x8E, 0x56, 0xC7, 0x64, 0xD9, 0x08, 0xEE, 0x09, 0x76, 0x0A, 0xB5, 0xE5, 0xF9, 0xB7, 0xEC,
    0x2F, 0xFA, 0x84, 0x34, 0xDF, 0xB2, 0xE4, 0x4F, 0x49, 0x73, 0x9F, 0x72, 0x44, 0x35, 0x4F, 0x8C,
    0x19, 0x11, 0x03, 0x6D, 0xCF, 0x9F, 0x40, 0xD9, 0xD3, 0x5F, 0x3B, 0xC9, 0xBA, 0x5D, 0xF9, 0xDB,
    0x66, 0x47, 0x3C, 0xD0, 0xB7, 0x38, 0xE5, 0x7F, 0x00, 0xCD, 0x99, 0x01, 0x84, 0x25, 0xD9, 0x7A,
    0xC7, 0x7F, 0x55, 0x67, 0x66, 0x2A, 0x99, 0x9A, 0x37, 0x67, 0x31, 0x89, 0xB7, 0x6F, 0x76, 0xFA,
    0x3E, 0x2C, 0x92, 0x9D, 0x9D, 0xAE, 0xC5, 0x62, 0x70, 0xFB, 0x9E, 0x9A, 0xC0, 0x43, 0xE2, 0xBD,
    0x81, 0xC0, 0x23, 0x16, 0x12, 0xE2, 0x09, 0xB3, 0x18, 0x0C, 0xBA, 0xE7, 0x9E, 0x97, 0x20, 0x80,
    0x34, 0x02, 0xC0, 0x1B, 0x04, 0xFB, 0xBA, 0x93, 0xBD, 0x13, 0x1A, 0x23, 0xB9, 0xDD, 0x75, 0x36,
    0x8D, 0x45, 0xB0, 0xB5, 0x16, 0x8B, 0x84, 0xAD, 0x24, 0x8F, 0x7D, 0x7A, 0x23, 0x7B, 0x76, 0xDF,
    0x0D, 0xB5, 0x3D, 0xE7, 0xDE, 0x93, 0x73, 0xCE, 0x76, 0xCF, 0x74, 0xB7, 0x7E, 0x36, 0x93, 0xF4,
    0x98, 0x3D, 0xF7, 0x7C, 0xBF, 0xAA, 0xFB, 0x9D, 0xFA, 0xBE, 0xEF, 0x7F, 0xAA, 0xAB, 0xAA, 0xEB,
    0x56, 0xAD, 0x79, 0xBF, 0x06, 0xEE, 0x78, 0xE3, 0x12, 0xB1, 0x37, 0xEB, 0xA5, 0x77, 0x83, 0x3F,
    0x18, 0x8F, 0x2E, 0xA9, 0xB5, 0x4B, 0x37, 0xA6, 0x97, 0x70, 0xC7, 0x7B, 0xF0, 0xAC, 0x5D, 0x42,
    0x5D, 0x2A, 0xE4, 0xBF, 0x56, 0xC2, 0x3B, 0x96, 0xEB, 0xC3, 0xC0, 0x9E, 0x62, 0xBF, 0x41, 0x9A,
    0x41, 0x5D, 0xD5, 0x65, 0xAD, 0x28, 0x51, 0x40, 0x05, 0x0C, 0x34, 0xC1, 0x0F, 0x93, 0xBD, 0x07,
    0x78, 0x6F, 0xC9, 0x2D, 0x64, 0x3D, 0xE0, 0x0E, 0xAC, 0x27, 0xF9, 0xC4, 0x3A, 0x2F, 0x0D, 0xFC,
    0xFA, 0xC3, 0xC6, 0xFB, 0xEE, 0x76, 0xD6, 0xD4, 0xDF, 0x27, 0x67, 0xDA, 0xFC, 0xAC, 0xAE, 0xF6,
    0xE6, 0x48, 0x86, 0xDC, 0xE0, 0x5A, 0xA0, 0x3C, 0xB0, 0xCB, 0x2C, 0x05, 0x8F, 0xD4, 0x53, 0x94,
    0xF7, 0x6C, 0xBD, 0x5C, 0xD6, 0x00, 0xCD, 0xBC, 0xF4, 0x7A, 0xDC, 0x5F, 0x58, 0xD4, 0xB2, 0xE3,
    0x11, 0xA2, 0x23, 0xD5, 0xEB, 0x42, 0xC1, 0xDC, 0x80, 0x13, 0x1A, 0xD6, 0x4A, 0x40, 0x5D, 0x06,
    0x06, 0x7F, 0x06, 0xC8, 0x47, 0x20, 0x92, 0xAE, 0xCD, 0xFD, 0x07, 0x20, 0x2C, 0x69, 0x2D, 0xF9,
    0xD2, 0xD7, 0xA3, 0x98, 0x2C, 0x34, 0x78, 0x6F, 0xB0, 0x47, 0x1A, 0xC0, 0x31, 0x47, 0xEE, 0x35,
    0xF2, 0x33, 0xCB, 0x32, 0x3D, 0xC3, 0x64, 0x0F, 0x83, 0x81, 0x02, 0xAA, 0x0E, 0xD4, 0x02, 0xFE,
    0xDE, 0x77, 0xD8, 0x41, 0x8F, 0xCD, 0x17, 0x38, 0x14, 0xE3, 0x7A, 0x80, 0x9A, 0x49, 0x4A, 0xFF,
    0x43, 0xF0, 0x0E, 0x06, 0x33, 0xC8, 0x1C, 0xB0, 0xCA, 0x77, 0x19, 0x1E, 0x7C, 0x6E, 0xA2, 0x6E,
    0x59, 0xA4, 0x6F, 0xC9, 0xFE, 0x04, 0xB6, 0xCA, 0xDA, 0x49, 0x13, 0x08, 0x3F, 0xBE, 0x0D, 0x0C,
    0xFC, 0x02, 0xD8, 0xA9, 0xAF, 0x76, 0x88, 0x0E, 0xA6, 0xC8, 0xFA, 0xB7, 0x6F, 0x2F, 0xB3, 0x9C,
    0x79, 0x57, 0xD6, 0xC3, 0xA2, 0x1B, 0x09, 0x73, 0x57, 0xEA, 0x6B, 0x79, 0xFB, 0xB0, 0x82, 0xAC,
    0xB3, 0x0A, 0x48, 0xC4, 0x1E, 0x63, 0x05, 0x74, 0x5B, 0x83, 0x9A, 0xAC, 0xBD, 0x29, 0xCD, 0x45,
    0x61, 0x86, 0x62, 0x7F, 0xBB, 0xD0, 0x92, 0xA6, 0x93, 0x14, 0x06, 0x56, 0xC8, 0x7A, 0xF2, 0x19,
    0xA8, 0xBD, 0x46, 0x43, 0xEE, 0x7F, 0x01, 0x65, 0xCF, 0xCA, 0x12, 0xAF, 0x4B, 0x90, 0x5C, 0xF5,
    0xEC, 0x48, 0x5C, 0xEA, 0xD3, 0x8A, 0xEA, 0xE3, 0x16, 0xFB, 0x4A, 0xDE, 0xDE, 0x2B, 0xDF, 0xB3,
    0x95, 0xE8, 0x76, 0xA4, 0x71, 0x95, 0x0E, 0x0C, 0xEB, 0xC1, 0x13, 0xFC, 0x61, 0x74, 0x63, 0x63,
    0xA3, 0xF6, 0xDE, 0x1B, 0x10, 0xA7, 0x1B, 0x3E, 0xB4, 0x5F, 0x3B, 0xD1, 0x9F, 0xFC, 0xBC, 0x0E,
    0x13, 0x55, 0xBE, 0x0F, 0x13, 0x15, 0x76, 0x3B, 0x4C, 0x54, 0x58, 0x15, 0x26, 0x1A, 0x18, 0x26,
    0x2A, 0xEC, 0x88, 0xC8, 0x29, 0xD6, 0x0A, 0xDF, 0x45, 0x3E, 0x36, 0x91, 0x5F, 0x5A, 0xBA, 0x2D,
    0x61, 0xFB, 0x30, 0xD1, 0x14, 0x35, 0xAC, 0x7A, 0xF5, 0x97, 0x5A, 0x2A, 0x37, 0xF8, 0xFC, 0xD7,
    0x4E, 0x34, 0x28, 0x7D, 0x10, 0xA4, 0xD8, 0xB2, 0x67, 0xD4, 0xF0, 0xA8, 0xAC, 0xAD, 0x30, 0x5F,
    0xF7, 0xB0, 0x1E, 0x3C, 0xC1, 0xCF, 0x90, 0x53, 0x2D, 0x4E, 0x70, 0x63, 0x67, 0x43, 0x9F, 0x3A,
    0x0E, 0x40, 0x4A, 0xAF, 0xE3, 0x76, 0x40, 0xD5, 0xB3, 0x53, 0xE1, 0xA4, 0x7E, 0x24, 0x35, 0xA1,
    0x0F, 0x6A, 0x96, 0x61, 0x15, 0x6C, 0x14, 0x37, 0xC0, 0xAC, 0xE5, 0x26, 0x6D, 0x49, 0xB9, 0x40,
    0xFD, 0xBE, 0x19, 0x89, 0xEE, 0x86, 0xE8, 0x10, 0x2D, 0xB2, 0xCE, 0xE6, 0x70, 0xD5, 0x20, 0xEC,
    0x4B, 0xB9, 0x7D, 0x43, 0xD8, 0x61, 0xD9, 0x0E, 0x16, 0x00, 0xF9, 0xBA, 0x6C, 0x07, 0xF5, 0x0A,
    0x0F, 0x71, 0xA8, 0x67, 0xB4, 0x31, 0x0B, 0x3C, 0xFE, 0xB3, 0x9F, 0xB5, 0x5F, 0xCE, 0x0B, 0x6B,
    0x81, 0x43, 0xEB, 0x01, 0x0F, 0x34, 0xC0, 0x0A, 0x50, 0x78, 0xEF, 0x2B, 0xFF, 0xD9, 0x4C, 0xF9,
    0x5D, 0x33, 0x3E, 0x61, 0xEA, 0xC0, 0x06, 0xC1, 0xF2, 0x60, 0x88, 0x67, 0xB4, 0x72, 0xB7, 0xC3,
    0xEF, 0x7A, 0x7E, 0x72, 0x6B, 0x23, 0x5D, 0xCB, 0xB8, 0x8C, 0xEC, 0xF2, 0x1E, 0x47, 0xBF, 0x39,
    0xF3, 0x9A, 0x57, 0xC9, 0x7A, 0x06, 0x3D, 0xAB, 0x3D, 0x9C, 0xD6, 0xB3, 0x39, 0xCA, 0x9B, 0x72,
    0xCE, 0x48, 0xEA, 0x69, 0xD1, 0x3A, 0xD1, 0x39, 0x61, 0x53, 0xEF, 0xC2, 0xD7, 0x91, 0x8C, 0x43,
    0x0F, 0xAF, 0x31, 0x94, 0xF5, 0x72, 0x61, 0xE4, 0x9F, 0xDB, 0x32, 0x8E, 0xEF, 0x04, 0x86, 0xF5,
    0xE0, 0x09, 0xFE, 0x30, 0xCA, 0x2A, 0xBC, 0x41, 0xE1, 0x60, 0x9D, 0xFB, 0x81, 0x86, 0x2B, 0x8E,
    0x5C, 0x83, 0x43, 0x10, 0x79, 0x31, 0xF1, 0x52, 0xE2, 0xEF, 0x24, 0xBE, 0x71, 0x41, 0x07, 0x3E,
    0x90, 0x26, 0xD0, 0xA8, 0xC0, 0xDC, 0x34, 0x71, 0x4F, 0xDC, 0xFA, 0xC4, 0x40, 0x29, 0x3E, 0x08,
    0xFC, 0x4E, 0x29, 0x03, 0x5F, 0xBF, 0x16, 0xF9, 0xA6, 0xF2, 0x1E, 0x1E, 0xBE, 0x36, 0xD9, 0x83,
    0x96, 0xE0, 0xC9, 0x0D, 0xD5, 0x2F, 0x11, 0x1A, 0xE5, 0x98, 0x92, 0x75, 0x14, 0x2E, 0xFA, 0xD6,
    0x5C, 0xF4, 0xBD, 0xE4, 0x28, 0x01, 0xC7, 0xE5, 0xC4, 0x1B, 0x89, 0xC3, 0xC4, 0xAD, 0xC4, 0x2F,
    0xFC, 0x3A, 0x2E, 0xFF, 0xF8, 0xF1, 0x0C, 0x27, 0x3E, 0x68, 0x1D, 0xAE, 0xF8, 0x81, 0x71, 0xCA,
    0x7F, 0x00, 0x0E, 0xAE, 0x41, 0x0F, 0x43, 0x32, 0x0B, 0x77, 0x11, 0x06, 0x2C, 0x12, 0xB2, 0x96,
    0x21, 0x08, 0x93, 0xD9, 0x4B, 0x14, 0xBA, 0xD8, 0xFB, 0x5B, 0x24, 0xD2, 0xBB, 0xEC, 0x6F, 0x00,
    0x06, 0x5E, 0xB3, 0x85, 0xFA, 0x41, 0x87, 0x45, 0x09, 0x9B, 0xB7, 0x9C, 0x17, 0x5D, 0x0C, 0x2D,
    0x4C, 0x59, 0xC3, 0xBB, 0x29, 0xC1, 0xA2, 0xBE, 0x06, 0x94, 0xDD, 0x10, 0x10, 0xF6, 0xEE, 0xF9,
    0xFA, 0xFB, 0xC2, 0xDA, 0x81, 0x79, 0x53, 0xFC, 0x5B, 0xA7, 0xCC, 0x68, 0xB2, 0x6B, 0x26, 0x61,
    0x6F, 0x17, 0x3F, 0x8D, 0x73, 0x97, 0xE2, 0x47, 0x81, 0x4B, 0x17, 0xD3, 0x1E, 0x78, 0x25, 0xF2,
    0xE6, 0x91, 0x3D, 0xD0, 0x1D, 0xEC, 0x81, 0x49, 0x87, 0xD0, 0x78, 0xCB, 0x1A, 0xF8, 0xD4, 0xD7,
    0x00, 0x00, 0x86, 0x87, 0x7D, 0x95, 0xDC, 0x21, 0x5B, 0x14, 0xEC, 0x80, 0x3B, 0xE8, 0xDF, 0x75,
    0x54, 0x6B, 0xA8, 0xEA, 0xD6, 0xBC, 0xF0, 0x33, 0x7E, 0x0B, 0x2E, 0x6A, 0x92, 0x36, 0x92, 0x36,
    0x00, 0x7A, 0x00, 0x6E, 0x00, 0x70, 0x9E, 0xA7, 0x4D, 0x91, 0x58, 0x03, 0x34, 0x06, 0xC0, 0x47,
    0x66, 0xFF, 0xD2, 0x01, 0xF9, 0xAE, 0x05, 0xC4, 0xEE, 0x0C, 0x28, 0x6F, 0xF5, 0x80, 0xC4, 0x01,
    0x4B, 0xCC, 0x53, 0xB2, 0x71, 0xD2, 0xA6, 0x80, 0x7B, 0x54, 0x1A, 0xD2, 0xD9, 0xCD, 0x7F, 0xFF,
    0xE1, 0x5B, 0x2D, 0x79, 0x1B, 0xEB, 0x0B, 0x83, 0xB0, 0x14, 0x9A, 0x7C, 0x86, 0x0C, 0x74, 0x4C,
    0x7E, 0xC9, 0x75, 0xAF, 0xBD, 0x43, 0xA5, 0x3A, 0xEF, 0x00, 0xE4, 0x3D, 0x80, 0xE8, 0x00, 0x4A,
    0x4D, 0x2A, 0x00, 0x70, 0xE5, 0x5B, 0xA3, 0xF3, 0x35, 0x00, 0x1A, 0xFD, 0xA4, 0xAE, 0xF8, 0x77,
    0x9B, 0xC4, 0x3E, 0x02, 0x7E, 0x23, 0x7C, 0xBE, 0x1D, 0x3A, 0xCB, 0xFE, 0x02, 0xB0, 0xDC, 0xBC,
    0x0B, 0xBC, 0x5A, 0xF6, 0x00, 0xF0, 0x2D, 0xD1, 0x56, 0xE8, 0x2D, 0x40, 0x1A, 0x07, 0x07, 0xEB,
    0xC0, 0xE9, 0x0A, 0xC7, 0x47, 0x14, 0x7E, 0xFE, 0x54, 0xA1, 0x78, 0xFF, 0x88, 0xC2, 0xDF, 0x7B,
    0x36, 0x85, 0xDD, 0x81, 0xC2, 0xC2, 0x52, 0x18, 0x44, 0x52, 0x28, 0x1C, 0xCD, 0x51, 0x85, 0xA9,
    0x2E, 0xF9, 0xE3, 0x54, 0xCB, 0xD8, 0xA7, 0xFC, 0xB0, 0x03, 0xF0, 0xE6, 0x74, 0x85, 0x9F, 0x46,
    0x66, 0x1F, 0x75, 0x49, 0x9B, 0x05, 0x8A, 0x9F, 0x26, 0x85, 0x3C, 0x55, 0x78, 0x8D, 0xFB, 0x4F,
    0xB4, 0xAD, 0xA2, 0x6A, 0x68, 0xBC, 0xD7, 0x49, 0x9B, 0x21, 0xEB, 0x28, 0xDB, 0x03, 0x6D, 0x69,
    0x1F, 0x52, 0x6A, 0x44, 0x9F, 0xF6, 0xDE, 0xE2, 0x50, 0x5B, 0x80, 0xF7, 0x1D, 0x41, 0xED, 0xC6,
    0xA4, 0x03, 0x31, 0x26, 0xEF, 0xA0, 0x54, 0x31, 0x9A, 0x6B, 0x0A, 0x3A, 0x18, 0x2A, 0xA8, 0xE1,
    0xAE, 0x02, 0xC0, 0xA6, 0x45, 0xD6, 0xA6, 0x85, 0x30, 0x6A, 0xE3, 0x1D, 0x28, 0x6A, 0xE5, 0xE7,
    0x20, 0x51, 0x00, 0x83, 0x8D, 0x06, 0x52, 0x66, 0x80, 0xBB, 0x28, 0x00, 0x8B, 0x4A, 0x61, 0x28,
    0xB8, 0x29, 0x4C, 0x5A, 0x94, 0x1A, 0x05, 0x8F, 0xEE, 0xB4, 0x59, 0xC3, 0x85, 0xDE, 0xBB, 0x32,
    0x68, 0xE9, 0xB9, 0xEA, 0xD7, 0x59, 0x4C, 0x7A, 0xD1, 0xE5, 0x73, 0xA9, 0x99, 0x57, 0x30, 0x1D,
    0x01, 0xAB, 0xC0, 0x14, 0x70, 0xA7, 0x58, 0xF4, 0xAF, 0x01, 0x23, 0xA0, 0x02, 0xA4, 0xE6, 0x37,
    0x8B, 0x8E, 0x95, 0x6C, 0xB1, 0x19, 0xF3, 0x69, 0x72, 0x03, 0xC2, 0x01, 0x63, 0x40, 0x25, 0xE3,
    0xB5, 0x39, 0x0C, 0x66, 0xF0, 0xA7, 0xC0, 0xCE, 0x41, 0x60, 0xA9, 0x49, 0xDB, 0x72, 0x1B, 0x80,
    0xA0, 0xC7, 0xDD, 0xD9, 0xDF, 0x70, 0xC2, 0x32, 0x0C, 0xF6, 0xFA, 0x81, 0x9D, 0x0B, 0xC6, 0x13,
    0xDB, 0xDF, 0xD0, 0xC2, 0x7B, 0x13, 0xD7, 0x4F, 0xB1, 0xF2, 0xC0, 0xE4, 0xC0, 0x32, 0xF6, 0xA1,
    0xC1, 0xF7, 0x00, 0x75, 0xA0, 0xDA, 0x82, 0x30, 0x90, 0xF1, 0xFC, 0xEA, 0xE5, 0xEB, 0x50, 0xCE,
    0x40, 0x3A, 0x18, 0x8D, 0x60, 0x4B, 0xD6, 0xDC, 0xCE, 0xEA, 0xE7, 0x56, 0x2F, 0xDE, 0x5D, 0x3B,
    0x69, 0xD2, 0xF2, 0xB0, 0x9D, 0x5E, 0xEB, 0x95, 0x67, 0xAC, 0x55, 0x9C, 0xAC, 0xF5, 0x3D, 0xA8,
    0x34, 0xA5, 0x21, 0xB7, 0xB0, 0x05, 0x57, 0x00, 0x94, 0x37, 0xE1, 0xDC, 0xC3, 0xF1, 0xAC, 0x3D,
    0x44, 0x85, 0x58, 0x5E, 0x66, 0x85, 0x29, 0x36, 0x37, 0x79, 0x52, 0x3D, 0x59, 0x08, 0xFB, 0x4D,
    0x9F, 0xC9, 0xC2, 0x7B, 0xFE, 0x98, 0xCC, 0x21, 0x16, 0xC8, 0xBF, 0x62, 0x59, 0xE8, 0x57, 0xA9,
    0xFF, 0xFF, 0x5A, 0x1E, 0x2D, 0x3B, 0xF5, 0x68, 0x09, 0x78, 0x16, 0x25, 0xA1, 0x2D, 0x6A, 0x26,
    0xFB, 0x93, 0x19, 0xC2, 0x32, 0x8F, 0x50, 0x11, 0xD2, 0x04, 0x94, 0x11, 0x45, 0x17, 0x20, 0x12,
    0xEC, 0xE6, 0xFE, 0x3B, 0xC2, 0x7A, 0xEF, 0x62, 0x30, 0x4F, 0x91, 0x46, 0x8B, 0xF6, 0x30, 0x42,
    0xEA, 0xC3, 0x2C, 0x73, 0xDE, 0x8A, 0x99, 0x53, 0x0D, 0x8A, 0xD9, 0x45, 0x58, 0x6A, 0xFE, 0x0E,
    0xAE, 0x1C, 0xFB, 0xAF, 0xE0, 0x2D, 0xCA, 0x87, 0xAD, 0xAE, 0x2F, 0x84, 0x03, 0x2B, 0x16, 0x11,
    0xBE, 0x0E, 0xF8, 0xC4, 0x04, 0xFC, 0x73, 0x17, 0xB0, 0x3B, 0x0B, 0x78, 0xCF, 0x05, 0x98, 0x45,
    0x84, 0xAA, 0x03, 0x06, 0x26, 0x40, 0x76, 0x01, 0x62, 0x16, 0x90, 0xBB, 0x00, 0x16, 0x11, 0x2A,
    0xA2, 0x8A, 0x90, 0x76, 0xD2, 0x53, 0x58, 0xEF, 0xC8, 0x2D, 0xBF, 0x0B, 0x50, 0xD5, 0x40, 0x69,
    0x80, 0xBC, 0x03, 0xB8, 0xCB, 0xD1, 0x76, 0x35, 0x28, 0x0D, 0x17, 0x82, 0x19, 0x45, 0xC7, 0x36,
    0x52, 0x53, 0xA1, 0x08, 0xCB, 0x11, 0x14, 0x66, 0x0A, 0xA2, 0x8D, 0xE8, 0x5C, 0x80, 0x3D, 0x0D,
    0x69, 0x34, 0xA2, 0x4D, 0x11, 0x29, 0x36, 0x65, 0x49, 0xF9, 0x52, 0xE6, 0x54, 0xE3, 0xE0, 0xF6,
    0xA8, 0x8A, 0x18, 0x01, 0xF4, 0x40, 0xD6, 0xBE, 0x18, 0x2D, 0xE9, 0x86, 0x53, 0x38, 0xA0, 0xF4,
    0xC0, 0x40, 0x6A, 0xB8, 0x97, 0xB7, 0x2F, 0x44, 0xCB, 0xCB, 0x00, 0xBE, 0x7D, 0x9B, 0xEC, 0xBD,
    0x45, 0x47, 0xA6, 0x2B, 0xFD, 0x42, 0x64, 0xDC, 0x28, 0x35, 0x28, 0x69, 0xE0, 0x46, 0xA1, 0x01,
    0x78, 0x11, 0x32, 0x5E, 0x02, 0xB6, 0x90, 0xAC, 0x84, 0x8F, 0xAC, 0x67, 0x88, 0x8F, 0x5A, 0xF0,
    0x35, 0xDC, 0x27, 0x2E, 0xE3, 0xF7, 0xE8, 0x8F, 0xE3, 0x71, 0xBB, 0xB4, 0x3D, 0x50, 0xC0, 0x55,
    0xFF, 0xC3, 0x98, 0xC7, 0x51, 0xB4, 0x2C, 0x90, 0x35, 0xBE, 0x56, 0xE4, 0x9F, 0x98, 0x15, 0xC4,
    0xFB, 0x41, 0x9C, 0x8C, 0xE5, 0x97, 0xA2, 0x9A, 0x61, 0xC4, 0xDD, 0x08, 0x1B, 0x90, 0xB7, 0x01,
    0x42, 0x07, 0x94, 0x51, 0xE1, 0x12, 0xA2, 0x5D, 0x1B, 0x46, 0x85, 0x77, 0x91, 0x7A, 0x60, 0xA9,
    0x28, 0xA3, 0x42, 0xB1, 0xD8, 0xB4, 0x14, 0x83, 0xA0, 0xF0, 0x32, 0x00, 0x17, 0x6A, 0x88, 0x95,
    0x20, 0xB3, 0x00, 0xAB, 0x00, 0x4B, 0xC7, 0x2F, 0xE8, 0xF1, 0x24, 0x5F, 0x50, 0xED, 0x0B, 0x8B,
    0x30, 0x67, 0x83, 0x7C, 0x46, 0xA1, 0x99, 0x33, 0x00, 0xB5, 0xE7, 0xE0, 0x82, 0x5F, 0x07, 0xB2,
    0x07, 0x80, 0xE8, 0x00, 0xA9, 0x81, 0x65, 0x80, 0xBB, 0x2F, 0x48, 0xCB, 0x6B, 0x00, 0x8D, 0x86,
    0xEC, 0xB1, 0x01, 0xF1, 0xA1, 0x85, 0x92, 0x9B, 0x2F, 0x44, 0x4B, 0xA9, 0xB7, 0x40, 0x1A, 0xF7,
    0xF4, 0xC6, 0xF7, 0x85, 0xC8, 0x20, 0x8F, 0x28, 0x9F, 0xFC, 0x79, 0x46, 0x00, 0xF7, 0x00, 0x6E,
    0x3F, 0xD1, 0x22, 0xBC, 0x6D, 0xF6, 0xF3, 0xA6, 0x93, 0x16, 0x89, 0xB0, 0x5C, 0x26, 0xEF, 0x79,
    0x05, 0x1C, 0x6F, 0xC2, 0x7D, 0x1E, 0x82, 0xAA, 0x5B, 0x90, 0xBB, 0x06, 0xCA, 0xF7, 0x6B, 0x10,
    0x9F, 0x03, 0x99, 0x03, 0xF8, 0x66, 0x5C, 0xF7, 0x0F, 0x40, 0x79, 0x8B, 0xF7, 0x86, 0xC9, 0x42,
    0x3F, 0xBD, 0x69, 0xF0, 0x0B, 0xC4, 0xFE, 0xA4, 0x15, 0x36, 0x7E, 0xB2, 0x5E, 0x58, 0xDC, 0x09,
    0x0B, 0xBE, 0x3C, 0x8C, 0x95, 0xAD, 0xF0, 0xBE, 0x16, 0xFB, 0xEB, 0x87, 0xB1, 0x31, 0x4F, 0xCA,
    0x47, 0xE9, 0x6B, 0x68, 0x36, 0x6D, 0x94, 0xE3, 0xE2, 0xD0, 0x5A, 0xC4, 0x28, 0x81, 0xB1, 0x2D,
    0x3D, 0xD7, 0xAD, 0xFA, 0x39, 0xC2, 0x4E, 0x8F, 0x5F, 0x12, 0x76, 0x22, 0x54, 0x1B, 0x30, 0x70,
    0x01, 0xB9, 0x0F, 0x40, 0xE9, 0x83, 0x7F, 0xC5, 0x5D, 0xC0, 0x17, 0x11, 0xD6, 0x0E, 0xF4, 0x1D,
    0xBB, 0x68, 0xF0, 0xB6, 0xEA, 0x29, 0x2C, 0xE4, 0x33, 0x60, 0x15, 0x58, 0x02, 0x32, 0x80, 0xB8,
    0xA7, 0x5B, 0xAA, 0x3D, 0x87, 0x62, 0x2D, 0xD8, 0x88, 0xF3, 0x81, 0x44, 0xFB, 0x71, 0xC3, 0xC0,
    0x7B, 0xC6, 0x5A, 0xB1, 0x7D, 0xE2, 0xD9, 0xD3, 0x76, 0xE6, 0x51, 0x9B, 0x55, 0x5B, 0xF6, 0x83,
    0x8E, 0xAC, 0x07, 0xD1, 0x41, 0xA9, 0x53, 0x5E, 0x38, 0x91, 0xB7, 0xDE, 0x4E, 0x79, 0x2F, 0x06,
    0x42, 0xB2, 0x30, 0xE6, 0x51, 0xEB, 0xDF, 0x90, 0x57, 0x01, 0xDE, 0x90, 0xFF, 0xAA, 0x4B, 0x47,
    0xE1, 0x79, 0xCE, 0x9D, 0x89, 0xDE, 0xF2, 0xAB, 0x92, 0xA5, 0x66, 0xCE, 0x95, 0x6C, 0x1D, 0xE0,
    0x4C, 0x72, 0x46, 0x7D, 0xD2, 0x38, 0xE2, 0x12, 0x38, 0xB3, 0xBC, 0x8C, 0x6B, 0xB2, 0xC7, 0x1D,
    0xC2, 0xD8, 0x64, 0xF9, 0x87, 0x16, 0xBC, 0x81, 0x97, 0xCF, 0x26, 0x7F, 0x88, 0xAF, 0x66, 0x21,
    0xC3, 0x62, 0xBF, 0x41, 0xD5, 0xE3, 0x56, 0x1A, 0x85, 0xD2, 0x45, 0x1B, 0xF3, 0x88, 0x8E, 0x48,
    0x1B, 0x72, 0x6D, 0x6C, 0xDA, 0x81, 0x0F, 0xCD, 0x2A, 0xAD, 0x20, 0x65, 0x04, 0x77, 0xC8, 0x9A,
    0x98, 0xD7, 0x50, 0x6F, 0xF3, 0x69, 0x97, 0x19, 0xB5, 0xF9, 0x4F, 0x8B, 0x89, 0x2E, 0xE7, 0x54,
    0x5F, 0x91, 0xF9, 0x56, 0xEE, 0xB9, 0xAA, 0x5E, 0xBB, 0xCF, 0xCA, 0x94, 0x9B, 0x0E, 0x4E, 0xF4,
    0x29, 0x8C, 0xA0, 0xAA, 0xBF, 0x53, 0xEE, 0x4F, 0xB3, 0xA6, 0xE3, 0x75, 0x50, 0x5F, 0xFF, 0xAE,
    0x8C, 0x3D, 0x9B, 0xB4, 0x99, 0xAF, 0x8B, 0xC3, 0x97, 0x14, 0x6B, 0x80, 0x04, 0x32, 0x00, 0xC8,
    0x9A, 0x96, 0x72, 0xCF, 0x51, 0xA1, 0x58, 0x09, 0x39, 0xA6, 0x48, 0xED, 0x90, 0x66, 0xB1, 0x31,
    0x31, 0x41, 0xAC, 0x71, 0xC0, 0xA1, 0x6D, 0x03, 0x23, 0x32, 0x06, 0xBA, 0xA4, 0xDC, 0xDF, 0x81,
    0xE6, 0x17, 0x90, 0x39, 0x10, 0x16, 0x4A, 0x03, 0x4B, 0xC0, 0x95, 0x33, 0xCA, 0x3B, 0xAE, 0x49,
    0x07, 0xEE, 0x7F, 0x74, 0xE9, 0x79, 0xCB, 0x39, 0xCE, 0x9D, 0x49, 0xDE, 0xB2, 0x4E, 0x07, 0x59,
    0x5A, 0x02, 0xC0, 0xD9, 0xE8, 0x55, 0x1A, 0x69, 0xC8, 0x2D, 0xDC, 0x03, 0x00, 0x2A, 0xC7, 0xD5,
    0x67, 0xFA, 0x65, 0x53, 0xC1, 0x2A, 0x58, 0x72, 0x03, 0x00, 0x34, 0x96, 0x3B, 0x16, 0xF1, 0xCD,
    0x9D, 0xC9, 0x02, 0xEF, 0xC9, 0x1D, 0xC5, 0x1C, 0xF9, 0x23, 0x86, 0x42, 0xFF, 0xDF, 0x34, 0x6C,
    0x95, 0x3A, 0xBE, 0x80, 0x39, 0x72, 0x03, 0xA6, 0x2C, 0x83, 0xFF, 0x8D, 0x86, 0x19, 0xD5, 0x22,
    0x66, 0xC8, 0x00, 0xD1, 0x95, 0x64, 0x3B, 0xDB, 0x20, 0x3B, 0x18, 0x5B, 0xB0, 0x53, 0xA8, 0x47,
    0x80, 0xAC, 0xB3, 0xE6, 0x73, 0x23, 0xF7, 0xBD, 0xA9, 0xEA, 0x41, 0x7B, 0x9F, 0xB2, 0xDB, 0xA6,
    0xE8, 0x1C, 0xC2, 0x1E, 0xB1, 0xF8, 0x3D, 0xFA, 0xDB, 0x11, 0x65, 0xDC, 0xAE, 0x2E, 0xF7, 0xE7,
    0xC4, 0xE3, 0x9A, 0x4A, 0xBF, 0x0D, 0xFF, 0xB0, 0xDF, 0x41, 0x7B, 0xEC, 0x2E, 0x75, 0xFC, 0xA1,
    0xD7, 0x54, 0x9F, 0x4D, 0x2C, 0xC2, 0xE5, 0xB3, 0x28, 0x26, 0xA6, 0x7A, 0x56, 0xDC, 0x59, 0xE0,
    0x75, 0xE3, 0xF1, 0xAD, 0x38, 0x3C, 0x59, 0x56, 0x4E, 0x9E, 0x2C, 0x1D, 0x51, 0x4C, 0x14, 0x35,
    0x42, 0x9A, 0x69, 0x10, 0x79, 0x20, 0xD8, 0x9E, 0xB0, 0x6E, 0x7A, 0x6C, 0x02, 0x8B, 0x14, 0x0B,
    0x73, 0xC8, 0x66, 0x20, 0x5A, 0x90, 0xC0, 0xB9, 0x33, 0xCA, 0xAB, 0x34, 0x34, 0x86, 0xEC, 0x4B,
    0x8B, 0x30, 0xAB, 0x64, 0x9C, 0x3B, 0x93, 0xBC, 0xC5, 0x57, 0x05, 0x97, 0x9B, 0x05, 0xE7, 0xB2,
    0xBF, 0x06, 0xCE, 0x46, 0x6B, 0x79, 0xFC, 0x2A, 0x7F, 0x66, 0x79, 0xB9, 0x01, 0x28, 0xD2, 0xF2,
    0xC4, 0x83, 0x0D, 0x13, 0x5F, 0x41, 0xF1, 0xB4, 0x9D, 0xD8, 0x36, 0x37, 0x59, 0xF3, 0xA9, 0x2E,
    0xF7, 0x3C, 0x55, 0xAD, 0x42, 0x6D, 0x15, 0x6A, 0xFF, 0x63, 0xEB, 0xB2, 0x8F, 0x3A, 0x27, 0x76,
    0xAD, 0x2B, 0x43, 0xCD, 0xA5, 0x60, 0xC3, 0x60, 0x5B, 0xE1, 0xC0, 0xEC, 0x8A, 0x56, 0x99, 0x50,
    0x5B, 0x0F, 0x6A, 0x19, 0x6A, 0xDF, 0x68, 0x3A, 0x6E, 0x02, 0xDC, 0x07, 0x18, 0xD4, 0x40, 0x61,
    0x80, 0xAC, 0xE3, 0x48, 0x1B, 0x5B, 0xE9, 0xB8, 0x63, 0xCB, 0x38, 0x03, 0x9E, 0x19, 0x99, 0x23,
    0xEB, 0x85, 0x03, 0xFF, 0xEE, 0x78, 0x9D, 0x6A, 0x36, 0x6E, 0x61, 0xF0, 0xE4, 0x5E, 0xEE, 0x11,
    0xC0, 0xF3, 0xAD, 0x96, 0xF7, 0x40, 0xE1, 0x00, 0xF9, 0x16, 0x30, 0x14, 0xE6, 0x39, 0x56, 0x3B,
    0xE5, 0xA7, 0xE0, 0x73, 0xAC, 0x76, 0xF2, 0x91, 0xC0, 0xF1, 0x5F, 0xE1, 0xDE, 0x95, 0x5E, 0x37,
    0xE9, 0xFD, 0xBB, 0x61, 0x4A, 0x69, 0xD8, 0x42, 0xB4, 0xD8, 0x98, 0xAF, 0x23, 0x9B, 0x7D, 0xFD,
    0x12, 0x3E, 0x60, 0x5A, 0xD4, 0x30, 0x2A, 0x81, 0xEA, 0x32, 0x20, 0xFF, 0x28, 0xE2, 0x3F, 0x81,
    0xA2, 0x07, 0xC4, 0x0C, 0xC8, 0x6D, 0x44, 0x07, 0xC4, 0x00, 0x4A, 0x7D, 0x78, 0xBC, 0xDC, 0x07,
    0xAE, 0x3B, 0x40, 0xAD, 0x03, 0x8D, 0x85, 0x3B, 0xA7, 0x3E, 0x61, 0x6B, 0xB4, 0xF8, 0xD5, 0xA6,
    0x15, 0x0E, 0x17, 0xF2, 0xAD, 0x09, 0xCB, 0x28, 0x98, 0x3A, 0xDD, 0xC2, 0x58, 0xCF, 0x76, 0xDA,
    0xF6, 0x71, 0x88, 0xF9, 0xC2, 0x6B, 0x71, 0x4A, 0xCE, 0x3B, 0x0B, 0x68, 0x7C, 0x0D, 0xCB, 0x79,
    0x4B, 0x0A, 0x4B, 0x6B, 0x27, 0x5A, 0xE3, 0x73, 0x6F, 0xEE, 0xCC, 0xB3, 0x46, 0x97, 0x96, 0x95,
    0x18, 0x38, 0x24, 0x9F, 0xF1, 0x26, 0x38, 0xDE, 0x86, 0x29, 0x1D, 0xDC, 0x27, 0x26, 0xC8, 0x0C,
    0x0C, 0xFE, 0x42, 0x83, 0xDC, 0x05, 0x8A, 0x8F, 0x01, 0xF1, 0x5F, 0x40, 0xEE, 0x00, 0x12, 0x66,
    0x00, 0x16, 0xC8, 0x9E, 0xEE, 0x89, 0x88, 0x0A, 0xB8, 0x3A, 0x07, 0xAA, 0x0E, 0xF8, 0x1F, 0xC5,
    0x9A, 0x0B, 0x88, 0x1C, 0x47, 0x7A, 0xC7, 0x7F, 0xDD, 0x65, 0xAB, 0x73, 0xEA, 0x3B, 0x95, 0x00,
    0x1F, 0xC4, 0x27, 0x59, 0x1D, 0x20, 0x40, 0x38, 0xEF, 0xAA, 0x03, 0x08, 0x10, 0xB0, 0xDA, 0x2E,
    0x62, 0xC0, 0x10, 0x1E, 0x27, 0x20, 0xE6, 0x71, 0x10, 0xEE, 0x78, 0xC7, 0x3C, 0x22, 0x03, 0x26,
    0x08, 0x90, 0x76, 0x0A, 0xCC, 0x3B, 0x10, 0x8B, 0x47, 0x08, 0x6F, 0x04, 0x31, 0x70, 0xAC, 0x42,
    0x46, 0xC0, 0x02, 0x22, 0xEC, 0x6A, 0x2A, 0x36, 0x60, 0xC0, 0x90, 0xB4, 0x0F, 0x42, 0x20, 0x07,
    0xB9, 0x26, 0x67, 0xE0, 0x58, 0x27, 0xB8, 0xE4, 0xEB, 0x90, 0xF1, 0xB8, 0xA7, 0x2B, 0xF5, 0x31,
    0x33, 0x3B, 0xEB, 0x5D, 0xBD, 0x56, 0xDA, 0x95, 0x6A, 0xEA, 0xFB, 0x57, 0xEF, 0x74, 0xD7, 0x57,
    0xFF, 0xFF, 0xF7, 0xD5, 0xD4, 0x4C, 0x6F, 0x35, 0xA7, 0x37, 0x6F, 0x03, 0x3A, 0x78, 0x0E, 0x94,
    0x6A, 0x86, 0x06, 0x60, 0xE4, 0x00, 0x82, 0x60, 0xF2, 0xAB, 0x06, 0x48, 0x3F, 0xF5, 0x80, 0xFA,
    0xA4, 0x05, 0xF2, 0x3F, 0x19, 0x03, 0x3A, 0xE9, 0x80, 0x0B, 0x4C, 0x81, 0x55, 0x46, 0xC0, 0x1A,
    0x15, 0x70, 0x9D, 0xCA, 0x42, 0x08, 0xD2, 0xF9, 0x7F, 0xDF, 0xB9, 0x56, 0x93, 0xD6, 0xE8, 0x06,
    0xE5, 0xD0, 0x9E, 0xCC, 0x92, 0xB7, 0x68, 0x4B, 0xD6, 0x31, 0xFC, 0x2D, 0x65, 0xB0, 0xA1, 0xA3,
    0x0A, 0x4E, 0xE8, 0x08, 0xB1, 0x45, 0x39, 0x15, 0x6A, 0xCA, 0xDD, 0x8E, 0x8A, 0x9B, 0x54, 0xAC,
    0xF3, 0x6A, 0x44, 0xC4, 0x7E, 0x3A, 0xA2, 0x08, 0x81, 0x81, 0xAD, 0xD8, 0xA1, 0xA2, 0xDB, 0xB3,
    0x01, 0x3B, 0x49, 0xA0, 0xBA, 0x53, 0xD6, 0xF9, 0xB8, 0x6C, 0x78, 0x85, 0xB3, 0x80, 0xE6, 0x3D,
    0x20, 0xDB, 0xAD, 0x81, 0x24, 0x98, 0xE7, 0x55, 0xCC, 0x52, 0xF1, 0xCA, 0x53, 0x29, 0xCE, 0x45,
    0x31, 0x59, 0x8B, 0x36, 0x07, 0x15, 0x2B, 0xD6, 0x48, 0xDD, 0x3D, 0x08, 0x1E, 0x7E, 0x64, 0x1E,
    0xAA, 0xBC, 0x60, 0x1D, 0x38, 0xAC, 0xFC, 0xFE, 0x41, 0xE5, 0x88, 0xF2, 0x22, 0x2A, 0xD7, 0xCD,
    0xB1, 0xE4, 0x71, 0x70, 0x48, 0xD5, 0xE0, 0x50, 0x1E, 0x45, 0x95, 0x45, 0x7D, 0x57, 0x15, 0x90,
    0x34, 0x00, 0xB9, 0x05, 0x28, 0x0E, 0x85, 0xB9, 0x08, 0x88, 0xC8, 0x7E, 0xA9, 0xD3, 0xEC, 0x20,
    0x19, 0x3E, 0x1D, 0x91, 0xB9, 0x9D, 0x0A, 0x81, 0x6A, 0x77, 0x74, 0x48, 0xE7, 0x36, 0x8B, 0x0C,
    0x17, 0x0D, 0xDC, 0x03, 0xD5, 0x40, 0xEE, 0x40, 0x8B, 0xD5, 0x90, 0x05, 0x33, 0xCB, 0xF3, 0x69,
    0x0B, 0xA5, 0x85, 0x75, 0x60, 0x0C, 0x49, 0xCD, 0x5E, 0x39, 0x17, 0x6E, 0xD1, 0x0F, 0xC7, 0xAA,
    0x49, 0xA7, 0xDA, 0x32, 0x2D, 0x61, 0x7B, 0x1D, 0xB8, 0x01, 0x6C, 0x03, 0x1D, 0x87, 0x6D, 0x1B,
    0xB8, 0xC9, 0xCC, 0x5B, 0x09, 0xA2, 0xFB, 0x7B, 0x59, 0xC3, 0x95, 0xA4, 0xBF, 0x33, 0x8E, 0xFE,
    0x2C, 0x69, 0x4B, 0xD6, 0x48, 0x92, 0x57, 0xE1, 0x2C, 0x40, 0x12, 0x6A, 0xBD, 0xDB, 0x95, 0xEC,
    0x6C, 0x70, 0x65, 0x9B, 0xB5, 0x0E, 0x0E, 0xD4, 0x6D, 0xC4, 0x5B, 0x69, 0x7E, 0x90, 0x4F, 0xB6,
    0x93, 0x51, 0x43, 0x72, 0x1B, 0x89, 0x25, 0xBA, 0x87, 0x8B, 0xDA, 0xF0, 0x7E, 0xEA, 0x4E, 0x94,
    0x71, 0x65, 0x18, 0xB9, 0xE4, 0xEB, 0x26, 0xB3, 0x5B, 0x09, 0xAF, 0x1C, 0x62, 0x7C, 0xF9, 0xC9,
    0x8C, 0xD9, 0xDA, 0x37, 0x9E, 0x1C, 0x73, 0xB2, 0x31, 0xBE, 0x00, 0x95, 0x54, 0x39, 0x80, 0x67,
    0x61, 0x7C, 0x57, 0x39, 0xAE, 0x14, 0xA0, 0x77, 0x20, 0x1B, 0x43, 0x7A, 0x7B, 0x3F, 0xDB, 0x4E,
    0x35, 0xC9, 0x82, 0xED, 0xBD, 0x67, 0x60, 0xFB, 0x83, 0xFD, 0x6C, 0x73, 0x73, 0x39, 0xFD, 0xDC,
    0x13, 0x1C, 0x03, 0xC3, 0x0F, 0x9F, 0x69, 0x46, 0x5C, 0xE5, 0x2A, 0xAC, 0x29, 0x07, 0x45, 0x61,
    0x20, 0xEF, 0x01, 0xD5, 0x01, 0xC9, 0x47, 0x00, 0x40, 0x08, 0xC1, 0x32, 0x9C, 0xDC, 0xE9, 0x50,
    0x9E, 0x81, 0x80, 0x76, 0x11, 0xB2, 0x26, 0x42, 0xEA, 0x23, 0x24, 0x6D, 0x04, 0xC6, 0x02, 0xDD,
    0xA3, 0x60, 0xBC, 0xB8, 0x4E, 0x7A, 0x48, 0xDF, 0xB9, 0x97, 0x01, 0x3F, 0x13, 0xCF, 0x21, 0x84,
    0x5B, 0x42, 0xFE, 0x63, 0x0F, 0xA3, 0x4F, 0x1A, 0xD0, 0x9F, 0x38, 0x01, 0x13, 0xE1, 0x53, 0x22,
    0x38, 0xD2, 0xF0, 0x13, 0x87, 0xDE, 0xFD, 0xCA, 0x51, 0x51, 0x39, 0x36, 0x28, 0x1D, 0xDB, 0x72,
    0xA2, 0x7B, 0x2C, 0xC8, 0x25, 0xB2, 0xC6, 0xCD, 0xBA, 0x45, 0x07, 0xBF, 0xFA, 0x86, 0x34, 0xBC,
    0xDD, 0x13, 0x42, 0x6F, 0xA2, 0xAC, 0x61, 0x2B, 0x8A, 0xA6, 0x02, 0xD5, 0x9E, 0xB6, 0x7C, 0x4F,
    0xA0, 0x12, 0x50, 0xFE, 0xCE, 0xE4, 0x17, 0xCA, 0x87, 0xD0, 0x29, 0x61, 0xBF, 0x0F, 0xE4, 0x6C,
    0x56, 0x2F, 0x7A, 0x68, 0xBB, 0xF0, 0x32, 0xE5, 0x67, 0xE2, 0x59, 0xC6, 0x00, 0x82, 0x83, 0x91,
    0x13, 0x15, 0xE8, 0x10, 0x38, 0x3D, 0xDC, 0x95, 0x63, 0x11, 0xA4, 0x77, 0x7F, 0xED, 0x84, 0x97,
    0xA8, 0x11, 0xA6, 0xDD, 0x23, 0x4C, 0xCE, 0x89, 0x08, 0xB9, 0x36, 0x4A, 0x98, 0xA4, 0x7D, 0x16,
    0xD8, 0xDC, 0x84, 0x10, 0x60, 0x99, 0xA7, 0xEE, 0xDA, 0x64, 0x53, 0xC2, 0x7D, 0x23, 0xDA, 0xDA,
    0xDC, 0x5E, 0x8B, 0xC6, 0x9E, 0x4D, 0x36, 0x51, 0x21, 0x18, 0x39, 0x3E, 0x6C, 0xE4, 0x22, 0x42,
    0xAC, 0xF0, 0x0C, 0x42, 0x2C, 0x07, 0xBF, 0x30, 0x93, 0x51, 0x4D, 0xBE, 0xDB, 0x51, 0x52, 0x71,
    0x85, 0xD2, 0x44, 0x5E, 0x56, 0xF8, 0xF5, 0x9B, 0x43, 0x27, 0x6B, 0xF8, 0xFE, 0xC9, 0xBB, 0x03,
    0xAC, 0x93, 0x50, 0x1A, 0x4D, 0x3E, 0xD9, 0x41, 0x66, 0x1B, 0x26, 0x01, 0x9F, 0xC3, 0xC6, 0x0E,
    0x14, 0xED, 0xE3, 0xB8, 0xAF, 0x44, 0x7B, 0xE5, 0x00, 0x77, 0x13, 0xB9, 0xBB, 0xC7, 0x70, 0x17,
    0x5B, 0x72, 0xE7, 0x0F, 0xC8, 0xED, 0xCF, 0x51, 0xC1, 0xC1, 0xBB, 0x1C, 0x9F, 0x86, 0xA4, 0x59,
    0x0E, 0x9C, 0x34, 0x87, 0x35, 0x2C, 0xF8, 0x1F, 0x83, 0x06, 0x56, 0x81, 0x6A, 0x6E, 0xAB, 0xCF,
    0xA7, 0xA1, 0xB0, 0x79, 0xD4, 0x70, 0x1F, 0x46, 0x5F, 0x3C, 0x8C, 0xEB, 0xF9, 0x87, 0x70, 0xB5,
    0x8F, 0xE1, 0x9A, 0x1D, 0xE2, 0x4A, 0x5A, 0x83, 0x36, 0x50, 0xEE, 0x23, 0x5D, 0x4E, 0x21, 0x9B,
    0x2E, 0xF9, 0xAE, 0x0B, 0x5F, 0xB6, 0x29, 0x84, 0xAF, 0x98, 0xF0, 0x8D, 0xBC, 0x37, 0xCD, 0xFE,
    0x45, 0x6F, 0x1D, 0x28, 0x4C, 0x16, 0xF9, 0x8E, 0x60, 0xD4, 0x41, 0x56, 0xCB, 0x1B, 0x50, 0xB1,
    0xB4, 0x62, 0x57, 0x5C, 0x83, 0x49, 0x60, 0x4B, 0xC3, 0x95, 0x2B, 0x50, 0x8C, 0x41, 0x7B, 0x48,
    0x6F, 0x1D, 0x25, 0x27, 0xF6, 0x28, 0x39, 0xC9, 0x59, 0x41, 0x7D, 0xEE, 0xE1, 0xDB, 0x1A, 0x06,
    0x16, 0x7E, 0x78, 0x3C, 0x39, 0x81, 0x77, 0x01, 0x02, 0xCC, 0xA6, 0x6C, 0xFE, 0x41, 0x03, 0xAB,
    0xBC, 0xCF, 0xBE, 0x72, 0x2A, 0x7C, 0x01, 0xA3, 0xCD, 0x80, 0x6A, 0x29, 0xAD, 0xAC, 0x27, 0xAE,
    0x84, 0x9C, 0x75, 0x80, 0x9B, 0xCC, 0xA3, 0x47, 0x77, 0x10, 0xD2, 0xD0, 0x75, 0x24, 0xA3, 0x76,
    0x1B, 0x59, 0x48, 0x04, 0xD6, 0x91, 0xBE, 0x02, 0xE2, 0xC5, 0xA9, 0x36, 0x42, 0xF4, 0x3C, 0x72,
    0xE4, 0xE1, 0xB7, 0x50, 0x4A, 0xAC, 0x1D, 0x7C, 0xDB, 0x90, 0x34, 0x5B, 0xA4, 0x66, 0x65, 0xAE,
    0xF1, 0xEF, 0x7C, 0x36, 0xE9, 0xB7, 0xB4, 0xBD, 0x71, 0x56, 0x72, 0x59, 0xCD, 0x5F, 0xA2, 0xB9,
    0x30, 0xEB, 0xC8, 0x4A, 0x95, 0x86, 0x96, 0xF4, 0x3F, 0x0C, 0x39, 0xA0, 0x81, 0x3C, 0x7C, 0x83,
    0xC4, 0x37, 0x0B, 0xA1, 0x59, 0x27, 0xF7, 0x1D, 0x6A, 0x61, 0xCD, 0x0E, 0xDA, 0xC9, 0x4F, 0x30,
    0xD1, 0xC5, 0x19, 0xFE, 0x18, 0x34, 0x77, 0x21, 0xFB, 0xB2, 0x86, 0x24, 0x98, 0x87, 0x4B, 0xF7,
    0x54, 0x22, 0xBD, 0x70, 0x42, 0xFF, 0xD8, 0xA5, 0xAB, 0x28, 0x55, 0xB9, 0x35, 0x92, 0x49, 0x0B,
    0x83, 0x1A, 0x60, 0x2E, 0xFD, 0x97, 0x73, 0xE9, 0x37, 0xA3, 0xF4, 0xEA, 0x78, 0xA5, 0x73, 0x01,
    0xA0, 0xDA, 0x03, 0xF9, 0x13, 0x78, 0x29, 0xA9, 0x97, 0xB1, 0x2B, 0xB1, 0x25, 0x8F, 0x13, 0x4E,
    0xFD, 0x0B, 0x14, 0x07, 0x00, 0x1B, 0x7B, 0x1E, 0xC7, 0x00, 0x1E, 0x48, 0x6A, 0x01, 0x07, 0xCA,
    0x41, 0x6E, 0x41, 0x1B, 0x28, 0xCC, 0xC9, 0x4B, 0xE7, 0x5D, 0x00, 0x02, 0x40, 0x12, 0x2C, 0xA0,
    0xFE, 0xBD, 0x06, 0x32, 0xE3, 0x81, 0x57, 0x78, 0x8D, 0x79, 0x09, 0x21, 0x56, 0x37, 0xEC, 0x19,
    0xF6, 0x56, 0x79, 0x9E, 0xB6, 0x4E, 0x36, 0xEF, 0x44, 0x0C, 0x21, 0x44, 0x3C, 0x62, 0x9D, 0x8D,
    0x35, 0x1B, 0x57, 0x32, 0x03, 0x59, 0x07, 0xE8, 0xBF, 0x04, 0xD6, 0x72, 0x03, 0x67, 0x93, 0x08,
    0x00, 0x23, 0x0F, 0x5C, 0x13, 0x50, 0x0F, 0x83, 0x07, 0xC1, 0xA2, 0xFE, 0x6F, 0xE8, 0x51, 0x5D,
    0xDA, 0x8A, 0x27, 0x89, 0xC4, 0x51, 0xE1, 0x5A, 0x4F, 0xB0, 0xA3, 0x40, 0xA8, 0x1F, 0x1F, 0x89,
    0x20, 0xC5, 0xDD, 0x89, 0xBA, 0x27, 0xF6, 0x24, 0x22, 0x11, 0x1C, 0x30, 0x12, 0xD0, 0x02, 0xE2,
    0x8E, 0xE1, 0xEE, 0xED, 0xF9, 0x9F, 0xFA, 0xE3, 0xDE, 0xA0, 0xFF, 0x65, 0xD8, 0xA0, 0x5B, 0xE5,
    0xD1, 0x4D, 0x32, 0x96, 0x13, 0x02, 0x74, 0x4F, 0x0D, 0xA3, 0x6F, 0x08, 0x36, 0x4C, 0x09, 0xAE,
    0xB4, 0xEF, 0xFF, 0xD3, 0xC4, 0xD7, 0x65, 0x0D, 0x00, 0x55, 0x70, 0x6F, 0x06, 0x4B, 0xC7, 0x51,
    0x6B, 0xEC, 0x15, 0xFB, 0x16, 0xCD, 0xCA, 0x7A, 0x7F, 0xEF, 0xBD, 0x73, 0x0D, 0x00, 0xE4, 0x81,
    0x53, 0x01, 0xAA, 0x27, 0xD7, 0xD3, 0xA1, 0xD1, 0xC1, 0x6F, 0x6E, 0x86, 0x00, 0x10, 0xC2, 0xB0,
    0x57, 0xFE, 0x49, 0xAF, 0x61, 0x1F, 0xC2, 0xE6, 0x26, 0xB3, 0x2E, 0x40, 0xE5, 0x29, 0x9E, 0x26,
    0xDC, 0x2D, 0x65, 0x2F, 0x64, 0xAF, 0x26, 0x3E, 0xDF, 0xD8, 0x29, 0xDA, 0xA3, 0x8D, 0xE8, 0xB2,
    0x46, 0x2F, 0x7A, 0x8D, 0xFC, 0xB5, 0xC7, 0x5E, 0xFB, 0xF4, 0x5E, 0x93, 0x26, 0xB7, 0x05, 0x15,
    0x95, 0x29, 0xA6, 0x59, 0x97, 0x1B, 0x59, 0x5E, 0x72, 0x03, 0x10, 0xDC, 0xC0, 0xE9, 0x47, 0xBC,
    0x46, 0x93, 0x10, 0x52, 0xA7, 0x4D, 0x29, 0x3D, 0x29, 0xBB, 0xAC, 0x4B, 0x6B, 0xF1, 0x98, 0xD6,
    0x47, 0xD3, 0xF4, 0x64, 0x1D, 0x1F, 0x86, 0x78, 0xF0, 0xA7, 0xA1, 0x51, 0x9E, 0x8A, 0xE3, 0x86,
    0x61, 0x6F, 0x2A, 0x42, 0xB0, 0x15, 0xC0, 0x12, 0xD6, 0x01, 0x76, 0x80, 0xA4, 0x5B, 0x7C, 0xFA,
    0x37, 0x0C, 0xB9, 0x49, 0x6B, 0xB9, 0x89, 0x12, 0x93, 0x63, 0xE6, 0x25, 0xB8, 0xCA, 0x0F, 0x5C,
    0x29, 0xEF, 0x1F, 0xC9, 0x46, 0x13, 0xE5, 0x43, 0x50, 0x1E, 0xF6, 0xAC, 0x81, 0xAC, 0x06, 0xED,
    0x60, 0x64, 0x60, 0x0C, 0xAF, 0xC3, 0x00, 0x82, 0x55, 0xBF, 0x71, 0xB9, 0x6D, 0xBE, 0xC7, 0x59,
    0x40, 0x07, 0x1F, 0x67, 0x2D, 0x15, 0xCF, 0x55, 0xD7, 0x45, 0x62, 0xD2, 0x89, 0xBC, 0xFB, 0x06,
    0x35, 0x26, 0x9F, 0x52, 0x14, 0x5C, 0x56, 0x0E, 0x00, 0x8A, 0x8E, 0x73, 0x1D, 0x1C, 0xB5, 0x8E,
    0x49, 0x5A, 0x11, 0x73, 0xCD, 0x71, 0x1F, 0x42, 0x40, 0xF2, 0xC7, 0x68, 0x2F, 0x7F, 0x6B, 0x02,
    0x3E, 0x82, 0x72, 0x11, 0x72, 0x22, 0xAC, 0x08, 0xBC, 0x2F, 0xAB, 0xE9, 0x38, 0xC2, 0xEF, 0xA6,
    0x11, 0xA6, 0x21, 0xC2, 0x78, 0x60, 0x51, 0xBE, 0xAC, 0x23, 0x68, 0x2F, 0x3D, 0xBA, 0x08, 0x49,
    0x1F, 0x81, 0x60, 0xC4, 0x5F, 0x1D, 0x3D, 0x17, 0xE3, 0x10, 0x48, 0xA7, 0xEC, 0x2B, 0x1D, 0xC0,
    0x18, 0x48, 0xF6, 0xBE, 0xFF, 0x52, 0xF7, 0xC4, 0xA5, 0xDC, 0xEB, 0x20, 0x84, 0xC4, 0xBD, 0x6A,
    0x22, 0x64, 0x32, 0x78, 0x41, 0x84, 0x35, 0x81, 0x56, 0xA8, 0x75, 0x11, 0x42, 0x2F, 0xD4, 0x2A,
    0xE4, 0xAC, 0x93, 0x6E, 0xC2, 0x2F, 0x13, 0x7E, 0xA9, 0x2C, 0xE5, 0x46, 0x96, 0x72, 0x5B, 0xBA,
    0x43, 0x84, 0xDA, 0x05, 0xA1, 0xB4, 0x06, 0x94, 0x10, 0x92, 0x21, 0xAF, 0x1D, 0xE3, 0x90, 0xA7,
    0x81, 0x12, 0x58, 0x03, 0xB6, 0x80, 0x06, 0x12, 0x03, 0x00, 0x21, 0xC0, 0x50, 0xDC, 0xF8, 0x67,
    0xB2, 0x33, 0x73, 0xBB, 0x10, 0xED, 0x62, 0xE1, 0x93, 0xFB, 0x21, 0x84, 0x9E, 0x12, 0x6E, 0x80,
    0x17, 0x45, 0x29, 0x00, 0xC1, 0x23, 0xDF, 0x85, 0xCF, 0x52, 0x85, 0x5D, 0x08, 0x27, 0xC3, 0x73,
    0x51, 0x54, 0x03, 0xCA, 0x41, 0x66, 0xA3, 0x01, 0xA7, 0x91, 0xD9, 0xE9, 0x95, 0x7F, 0xBA, 0xC5,
    0x0A, 0x90, 0xB8, 0xD7, 0x99, 0xCB, 0x8D, 0x26, 0x84, 0xA4, 0x1D, 0xF6, 0xA9, 0x97, 0x45, 0x4F,
    0x66, 0x73, 0xB4, 0xE7, 0x66, 0x1A, 0x1E, 0xF8, 0xE1, 0x83, 0x46, 0x7D, 0xED, 0xD4, 0xD7, 0x56,
    0xFD, 0xEE, 0x84, 0xE2, 0x77, 0x3D, 0x5A, 0x37, 0xB7, 0xEB, 0x07, 0xCE, 0x9D, 0x8A, 0x76, 0x7A,
    0xC1, 0xAE, 0xF0, 0x6C, 0x08, 0xAB, 0x27, 0x65, 0x35, 0x3A, 0xE9, 0xA4, 0xCA, 0xC1, 0xB3, 0xB0,
    0xFA, 0x43, 0xD4, 0x83, 0x16, 0x15, 0x2C, 0x6A, 0x0C, 0xB9, 0x87, 0x91, 0x87, 0xDF, 0x1C, 0x8E,
    0x95, 0xD8, 0xC5, 0x25, 0xAB, 0x43, 0x99, 0x7B, 0xA0, 0xBE, 0x55, 0x5D, 0xE6, 0x07, 0xFE, 0xEF,
    0x0F, 0x65, 0x2E, 0xF9, 0x88, 0x99, 0x3B, 0xF2, 0x1A, 0xD0, 0x06, 0x58, 0x03, 0x38, 0x0B, 0x8B,
    0xA9, 0x5B, 0x85, 0x61, 0xCB, 0x9B, 0xBD, 0xEA, 0xC0, 0xAB, 0x5E, 0x20, 0x98, 0x08, 0xBF, 0x76,
    0x11, 0x3E, 0x6B, 0x22, 0x7C, 0xD2, 0x46, 0xF8, 0xE7, 0x2E, 0x82, 0xEB, 0x05, 0x2A, 0x13, 0xA1,
    0x70, 0x11, 0x74, 0x13, 0x41, 0xB5, 0x11, 0xD2, 0x2E, 0x02, 0xBD, 0x40, 0x25, 0x50, 0x0A, 0x68,
    0x3F, 0x1C, 0x93, 0xF9, 0xD0, 0x91, 0x7A, 0xD0, 0x0E, 0xA8, 0x00, 0x6E, 0x00, 0x34, 0x00, 0x06,
    0x00, 0x18, 0x7C, 0x1E, 0x2C, 0xE5, 0x97, 0xC7, 0xF6, 0x8B, 0xF2, 0x05, 0xCA, 0x5A, 0x96, 0xE5,
    0x97, 0xA8, 0x08, 0x64, 0x0B, 0xC0, 0x1F, 0xBF, 0x36, 0x96, 0x65, 0xDF, 0x72, 0xDF, 0x00, 0xA9,
    0x03, 0x94, 0x05, 0x5E, 0xE5, 0xF7, 0x20, 0xB3, 0xD7, 0x21, 0xFD, 0x2F, 0x0F, 0x04, 0x07, 0x0C,
    0x2C, 0xF0, 0xA3, 0x17, 0x9E, 0xF8, 0xCB, 0x42, 0x4B, 0x6B, 0x03, 0x59, 0x0F, 0xA4, 0x1D, 0xC0,
    0xD5, 0x13, 0x4A, 0x7C, 0x01, 0x40, 0xE5, 0x00, 0x4A, 0x41, 0x32, 0xC7, 0x22, 0x2A, 0x64, 0x55,
    0x3B, 0x68, 0x58, 0x3D, 0x37, 0xF9, 0xB2, 0xE3, 0x36, 0x81, 0x1D, 0x60, 0x4A, 0x05, 0x74, 0xCF,
    0x82, 0x89, 0x20, 0xF2, 0x4B, 0xBC, 0xA1, 0x0A, 0xAE, 0x6A, 0x0F, 0x06, 0x35, 0x1C, 0x08, 0xAA,
    0xFF, 0x6E, 0x50, 0x47, 0x02, 0x95, 0x5D, 0x04, 0x35, 0xF7, 0x11, 0xD4, 0x38, 0x42, 0xD2, 0x45,
    0x60, 0xB4, 0x17, 0xD4, 0x42, 0x20, 0x97, 0xA0, 0x2A, 0x09, 0x6A, 0xE2, 0x01, 0x96, 0xD0, 0x00,
    0x89, 0x80, 0x72, 0xC0, 0x35, 0x0B, 0xDC, 0x47, 0x22, 0x7B, 0x2D, 0x06, 0x56, 0xE2, 0x2A, 0x61,
    0x55, 0xFE, 0xE9, 0x2C, 0xC6, 0xB2, 0x1B, 0x85, 0x43, 0x5B, 0x17, 0x63, 0x24, 0x97, 0x14, 0x0D,
    0x5C, 0x34, 0xA2, 0x16, 0x7E, 0xBC, 0x69, 0xD9, 0x57, 0xCE, 0xF5, 0x86, 0xA4, 0xBF, 0xD3, 0x92,
    0x35, 0xEC, 0xA0, 0x2D, 0x25, 0x15, 0xB1, 0x5D, 0x97, 0x1C, 0x6C, 0x83, 0xAA, 0x05, 0x9A, 0x2E,
    0x82, 0x7F, 0x18, 0xC8, 0xD9, 0x46, 0xA0, 0x96, 0x1E, 0x4E, 0xFA, 0x5A, 0xF1, 0x32, 0xF3, 0x27,
    0x9E, 0x67, 0x63, 0x28, 0x99, 0x56, 0x9B, 0xBF, 0x60, 0x51, 0x92, 0x51, 0x43, 0x3E, 0x99, 0x52,
    0x1A, 0xB9, 0x77, 0xCF, 0xDD, 0x0E, 0x59, 0xDD, 0xC9, 0x40, 0x28, 0x7F, 0xC0, 0x1A, 0x39, 0x57,
    0x91, 0x3B, 0xB9, 0x36, 0x9F, 0xF4, 0xD2, 0x17, 0x2E, 0x25, 0x6E, 0xB1, 0x65, 0x32, 0x34, 0x90,
    0x4D, 0x79, 0x29, 0xB2, 0xCC, 0x79, 0xD2, 0xFA, 0xFA, 0x62, 0x67, 0xF7, 0xF8, 0xE4, 0x65, 0x7E,
    0x0A, 0xFA, 0xF3, 0x31, 0x14, 0x6F, 0x79, 0xB8, 0x92, 0x3B, 0xD8, 0xD2, 0x2F, 0x45, 0x23, 0x03,
    0x5D, 0x33, 0x2D, 0x6C, 0xD2, 0xAE, 0x23, 0x3E, 0x73, 0xD3, 0x70, 0x58, 0xA3, 0x76, 0xDB, 0x8F,
    0xD1, 0x28, 0xE7, 0xD6, 0x0F, 0x6A, 0x3C, 0x17, 0x62, 0x31, 0x49, 0xBF, 0xD9, 0x6F, 0x8E, 0x4C,
    0xD6, 0xD0, 0xA1, 0x8D, 0xB6, 0x74, 0x64, 0xA6, 0x82, 0x0E, 0x15, 0xDD, 0xD2, 0x01, 0x3B, 0xB3,
    0x66, 0x5B, 0x1A, 0xB1, 0x45, 0x13, 0x42, 0x2B, 0x4D, 0xBF, 0x79, 0x7B, 0xF9, 0xE6, 0xFE, 0x2B,
    0x6F, 0xCC, 0x9A, 0x2B, 0xB3, 0xA6, 0x44, 0x1A, 0x27, 0x23, 0x90, 0x38, 0x19, 0x0F, 0xE5, 0x92,
    0xFE, 0xA7, 0xD3, 0x77, 0xAE, 0xB9, 0x19, 0x17, 0x17, 0x69, 0x65, 0xBD, 0x88, 0x2A, 0x87, 0x75,
    0xA4, 0xBA, 0xAD, 0x7C, 0x24, 0xDD, 0x26, 0xE3, 0x48, 0xDF, 0xD3, 0x89, 0x18, 0x04, 0x27, 0x9B,
    0x82, 0x21, 0x08, 0x7A, 0xD8, 0x8F, 0xF1, 0xCA, 0x16, 0xD6, 0xD1, 0x63, 0xCE, 0x46, 0x0F, 0x3B,
    0xBC, 0x2F, 0xDE, 0xBE, 0x6C, 0xA2, 0xE7, 0x53, 0xC1, 0xC0, 0xBB, 0x00, 0x53, 0x20, 0x19, 0x23,
    0xF1, 0x07, 0x32, 0x03, 0xBC, 0xCA, 0xBC, 0x84, 0xF0, 0x0D, 0xB2, 0x23, 0x56, 0x2F, 0x76, 0xB8,
    0x18, 0x3F, 0x62, 0x09, 0x4D, 0xDA, 0xF9, 0x6F, 0xF1, 0xC9, 0x70, 0xF6, 0xF9, 0x42, 0xF9, 0x5E,
    0x60, 0x60, 0x22, 0x94, 0x2E, 0x82, 0x6E, 0x22, 0xE4, 0xED, 0xBE, 0xFB, 0x11, 0xB9, 0xBF, 0xA9,
    0x43, 0xA0, 0xF0, 0xE4, 0x0D, 0x14, 0x56, 0xC8, 0xC2, 0x16, 0x60, 0x00, 0x40, 0xB6, 0xE5, 0x46,
    0x7F, 0x33, 0x32, 0xBA, 0x2D, 0x8D, 0xF6, 0x6F, 0xA0, 0x6B, 0xD0, 0xEE, 0xC9, 0x36, 0x9A, 0x40,
    0x08, 0x2F, 0x52, 0xC0, 0xB2, 0x28, 0x2F, 0x50, 0x0B, 0xB8, 0x45, 0x44, 0x4F, 0x1F, 0x83, 0x16,
    0x00, 0x98, 0xBF, 0x6F, 0x41, 0x03, 0x6F, 0x00, 0x2B, 0x00, 0x46, 0x72, 0xE6, 0x2F, 0x02, 0xD7,
    0xEF, 0x01, 0xA5, 0x07, 0x64, 0x00, 0x4E, 0x99, 0x17, 0x9D, 0xCB, 0x3F, 0x4A, 0x1A, 0x74, 0x6E,
    0xC9, 0x02, 0xA4, 0x1D, 0xF0, 0x67, 0xC0, 0xB1, 0xE8, 0xFF, 0x0B, 0x40, 0xD8, 0x78, 0xC8, 0x1C,
    0x9C, 0x61, 0x59, 0x46, 0x63, 0xB2, 0xC9, 0x08, 0x6D, 0x0B, 0x57, 0x92, 0xBB, 0x8A, 0xCC, 0xEC,
    0xED, 0x37, 0x89, 0x9F, 0x16, 0x54, 0xB0, 0xC8, 0x75, 0x08, 0x31, 0x06, 0xF2, 0x6E, 0x03, 0x99,
    0x5F, 0x41, 0xF9, 0x1B, 0xA8, 0xE6, 0xA6, 0x2C, 0x7D, 0x46, 0xBB, 0x62, 0xB7, 0x27, 0x0D, 0x5F,
    0x40, 0x5E, 0x53, 0x18, 0xAE, 0xC0, 0x16, 0x18, 0x90, 0x8E, 0xA6, 0xBA, 0xD3, 0x6C, 0xA7, 0xBE,
    0x23, 0x56, 0xD3, 0x43, 0xD5, 0xA0, 0x7B, 0x92, 0xD0, 0xC8, 0x08, 0xE9, 0xF8, 0x3D, 0x3A, 0xCF,
    0x78, 0x9C, 0xB6, 0x83, 0x61, 0x23, 0xAB, 0x95, 0x04, 0xBF, 0xA8, 0x61, 0xDD, 0x43, 0x7B, 0x83,
    0xB4, 0x3E, 0x73, 0xB2, 0x8C, 0xA7, 0xB1, 0x21, 0xFB, 0xCC, 0xE9, 0xA4, 0x79, 0x85, 0xB3, 0xCF,
    0xC0, 0xF8, 0x44, 0x58, 0x9D, 0x9F, 0x77, 0xCE, 0xF6, 0xDD, 0xBC, 0x0C, 0x6B, 0x08, 0xE6, 0xE8,
    0xFC, 0x1C, 0x49, 0xB7, 0xEF, 0x7F, 0x90, 0x53, 0xF2, 0x96, 0xD4, 0x5D, 0x40, 0xC2, 0xCB, 0x86,
    0x87, 0xB2, 0x86, 0xD3, 0x76, 0x7F, 0x88, 0xCD, 0x71, 0x8A, 0x59, 0x4D, 0x1A, 0xFD, 0xB6, 0x53,
    0x81, 0x64, 0x3A, 0x9F, 0xD8, 0x22, 0x61, 0x58, 0x8B, 0x84, 0xC4, 0x77, 0xD4, 0x87, 0x25, 0xFC,
    0xFC, 0xBB, 0x12, 0x46, 0xB2, 0xB6, 0xDF, 0xBF, 0x33, 0x19, 0xBA, 0x7B, 0x72, 0xF7, 0x7B, 0x77,
    0x0E, 0xA9, 0x43, 0x79, 0x78, 0x7E, 0x38, 0x37, 0x05, 0x42, 0x70, 0x90, 0x38, 0x20, 0x1D, 0x03,
    0x6C, 0x00, 0x54, 0x73, 0x90, 0xB0, 0xCD, 0xD4, 0x63, 0x91, 0x71, 0x1D, 0x85, 0x93, 0x2E, 0xC3,
    0x5D, 0xAB, 0x1D, 0x8F, 0xAF, 0x79, 0x8D, 0x9A, 0x58, 0x82, 0xE5, 0x3D, 0x18, 0x40, 0x31, 0x3F,
    0x91, 0x8E, 0x8C, 0x9A, 0xC2, 0xD5, 0xC4, 0xC0, 0xF5, 0x3C, 0xC2, 0xC5, 0x8B, 0x80, 0xEE, 0x80,
    0xAC, 0x05, 0x92, 0x5B, 0x00, 0xC0, 0x61, 0xFD, 0xE9, 0xB1, 0xEA, 0x1F, 0xF6, 0x76, 0xAE, 0x9F,
    0x16, 0x3C, 0x49, 0x9D, 0x7C, 0xEC, 0xD4, 0x27, 0xE6, 0xC8, 0x12, 0x47, 0x36, 0xC4, 0x62, 0xFB,
    0x48, 0xD5, 0x7A, 0xE5, 0x33, 0x01, 0x65, 0x9B, 0x48, 0xD5, 0x3E, 0x72, 0x74, 0x1D, 0x42, 0xC7,
    0xE9, 0xF8, 0x6C, 0xC8, 0x11, 0xA9, 0x3E, 0x36, 0x0F, 0x91, 0x44, 0xF1, 0x6F, 0x8F, 0x24, 0x29,
    0x91, 0x95, 0x40, 0x7F, 0x1F, 0xCE, 0x57, 0xFF, 0x00, 0xAF, 0x65, 0x0D, 0xCB, 0x12, 0x02, 0x55,
    0x18, 0xF6, 0x94, 0x13, 0x59, 0xF3, 0xDD, 0xF1, 0x40, 0xDA, 0x92, 0x59, 0xA6, 0x14, 0x50, 0xED,
    0x76, 0x70, 0x2A, 0xDC, 0x82, 0xC1, 0xAD, 0x06, 0x26, 0xA1, 0x06, 0xF3, 0x3A, 0xFB, 0xCA, 0xC0,
    0xEB, 0x8E, 0x6B, 0x3E, 0xEF, 0x44, 0xF3, 0x91, 0x21, 0xE9, 0x48, 0xC6, 0xAA, 0x83, 0xF0, 0x8F,
    0x83, 0x5B, 0x94, 0xED, 0xA0, 0x46, 0x85, 0x0E, 0xF9, 0xF9, 0xFE, 0x52, 0x54, 0x2E, 0x6E, 0x5B,
    0x4E, 0x4C, 0x60, 0x55, 0xF3, 0x83, 0xD9, 0xAE, 0xF7, 0x7B, 0xCB, 0x5D, 0xEF, 0x97, 0x22, 0xF5,
    0x92, 0x72, 0xB0, 0x9A, 0x5B, 0xD0, 0x01, 0x48, 0x3E, 0xE2, 0x24, 0x45, 0x33, 0x30, 0x90, 0x7E,
    0xDB, 0x80, 0x72, 0x7E, 0x01, 0x9F, 0x7B, 0x20, 0x38, 0xE0, 0xF5, 0x3D, 0xF9, 0x4E, 0xE4, 0x9B,
    0x93, 0x97, 0x9F, 0xB5, 0x40, 0x71, 0x1F, 0x58, 0xD3, 0x0B, 0x58, 0x2D, 0x00, 0xDD, 0xED, 0x5F,
    0xCE, 0x06, 0xBE, 0x38, 0xDE, 0xE9, 0x4D, 0x5F, 0x58, 0x92, 0xAE, 0x02, 0xF9, 0x06, 0x22, 0x73,
    0x2D, 0xE8, 0xF4, 0xE5, 0x7C, 0xA6, 0x95, 0xEF, 0x20, 0xFF, 0xA5, 0x30, 0x78, 0xAB, 0x81, 0x8B,
    0xB9, 0x85, 0xCB, 0x67, 0x4E, 0xE8, 0x83, 0xFD, 0x82, 0x64, 0xD5, 0xC0, 0x2A, 0x40, 0x0B, 0xA4,
    0xDF, 0x5D, 0x90, 0xD3, 0xFE, 0x16, 0x30, 0xA8, 0x8F, 0x3B, 0xAB, 0x1E, 0x24, 0x83, 0x68, 0x0B,
    0x94, 0x00, 0x15, 0x02, 0x06, 0x28, 0x02, 0x70, 0xAA, 0x47, 0xD0, 0x02, 0x40, 0x51, 0x03, 0x40,
    0xE5, 0x01, 0x60, 0x7B, 0x1B, 0x80, 0xA4, 0x59, 0x9D, 0xB5, 0xE6, 0xD5, 0xEF, 0xCE, 0x86, 0xDC,
    0xAA, 0xE0, 0x47, 0x13, 0xE4, 0x5B, 0xB8, 0xD1, 0x0D, 0xBA, 0x9E, 0xDD, 0x38, 0x17, 0x0D, 0xAB,
    0x28, 0x2F, 0x7E, 0xD6, 0x50, 0xED, 0xAC, 0x4D, 0xC7, 0xFC, 0x55, 0xCB, 0x75, 0xE8, 0xB8, 0x3B,
    0xE6, 0xAE, 0xB4, 0x3E, 0x56, 0xD8, 0xA1, 0x89, 0x15, 0x36, 0x92, 0x3A, 0x56, 0xA8, 0x52, 0x57,
    0x29, 0x07, 0xD5, 0x5B, 0xB3, 0xB6, 0xF8, 0xC0, 0x16, 0x6F, 0x5B, 0xD0, 0x9F, 0x1A, 0xFD, 0xD7,
    0x06, 0xF4, 0x67, 0xE8, 0x7F, 0x05, 0xF2, 0xFF, 0x94, 0x0A, 0xD9, 0xFF, 0x48, 0x05, 0xD5, 0x49,
    0x85, 0xB4, 0x93, 0x0A, 0xC9, 0x58, 0x2A, 0x40, 0x0F, 0x40, 0x1A, 0x0C, 0x40, 0xF6, 0xA9, 0x03,
    0xB8, 0x80, 0xE7, 0x40, 0xA9, 0x02, 0x37, 0x08, 0xBE, 0xEC, 0xD9, 0x99, 0xED, 0x7F, 0xF5, 0x68,
    0x89, 0x6A, 0xE0, 0x0C, 0x69, 0x9B, 0x7E, 0x65, 0xDE, 0x80, 0xB1, 0xFA, 0xD0, 0xAE, 0x40, 0x97,
    0xFD, 0xC4, 0x5D, 0x86, 0xED, 0x3C, 0xAB, 0x2F, 0xC1, 0xCD, 0x33, 0xAA, 0xB9, 0x0B, 0xEB, 0x6F,
    0x28, 0xDF, 0x40, 0xB5, 0x92, 0xF8, 0x1A, 0x8A, 0xCB, 0x7C, 0xE3, 0x40, 0x6F, 0xD1, 0x4B, 0xE3,
    0x19, 0x58, 0xC8, 0x1B, 0x2A, 0x20, 0xAB, 0x91, 0x86, 0x8F, 0x80, 0x64, 0x0A, 0xA8, 0x00, 0xE4,
    0x1F, 0x5A, 0xB8, 0xA0, 0x6A, 0x78, 0x8D, 0xAB, 0x8B, 0x20, 0x2B, 0x89, 0xB0, 0x84, 0xD7, 0x23,
    0x64, 0x84, 0xCA, 0x98, 0xF3, 0xD0, 0x71, 0x09, 0x36, 0x24, 0x8E, 0x95, 0xA9, 0xE7, 0x4F, 0xA9,
    0xE6, 0x9F, 0x1A, 0x50, 0x5F, 0x01, 0x49, 0x07, 0xF0, 0x64, 0x78, 0x33, 0xDC, 0x16, 0xDD, 0x1E,
    0x54, 0xBB, 0x58, 0x62, 0x2E, 0x96, 0xC0, 0x56, 0x66, 0x59, 0x96, 0xD0, 0xE5, 0xC1, 0x8E, 0xC6,
    0xA7, 0x7A, 0xA3, 0x1D, 0xDB, 0xE4, 0x8E, 0x2D, 0x54, 0x8D, 0x17, 0x42, 0x0D, 0x49, 0x9B, 0x3A,
    0xE8, 0x94, 0x83, 0xED, 0xCC, 0xC0, 0x7A, 0x0E, 0x94, 0x67, 0x00, 0xFD, 0xE7, 0x02, 0xFF, 0x0D,
    0x64, 0x63, 0x40, 0xED, 0x4D, 0xFD, 0xB4, 0x01, 0xA4, 0x03, 0xB9, 0x05, 0x0A, 0x03, 0x6C, 0x08,
    0x9F, 0x0E, 0xA8, 0x6E, 0x21, 0x34, 0x12, 0x89, 0xA5, 0xF2, 0x70, 0x41, 0x8E, 0xF6, 0x95, 0x65,
    0x5C, 0x12, 0x99, 0x76, 0x7B, 0x71, 0x69, 0x0F, 0xC4, 0x05, 0x89, 0xCB, 0x07, 0xCF, 0x19, 0x17,
    0x7E, 0x2C, 0xD4, 0x96, 0xFF, 0x46, 0x54, 0x16, 0x5E, 0x05, 0x90, 0xF3, 0xA1, 0xAB, 0x36, 0xEF,
    0x74, 0x32, 0xC7, 0x2F, 0xA3, 0x9B, 0xCB, 0x14, 0x4E, 0xD2, 0x01, 0x23, 0x64, 0xA4, 0xBD, 0xDD,
    0x11, 0x5D, 0x43, 0xE5, 0x60, 0x00, 0xF4, 0x90, 0x76, 0x90, 0xB5, 0xA0, 0x3D, 0xDF, 0x2F, 0x1D,
    0xE7, 0x2B, 0xCB, 0x4A, 0xF8, 0xDB, 0x77, 0xB6, 0x43, 0xF4, 0x27, 0x2A, 0xD4, 0xE2, 0xC9, 0xFA,
    0xC5, 0x28, 0xEB, 0x9B, 0xFD, 0x65, 0xBA, 0x4B, 0xE9, 0x98, 0xCC, 0x8B, 0xB3, 0xD2, 0x52, 0xC1,
    0x54, 0x1C, 0x29, 0x8F, 0x6E, 0x54, 0xE1, 0xB2, 0xCA, 0xE4, 0x61, 0x73, 0x14, 0x42, 0x38, 0xFC,
    0x50, 0xE8, 0x41, 0xB6, 0x59, 0xBB, 0x86, 0xB0, 0x2D, 0xE7, 0x6C, 0x03, 0x24, 0xD3, 0x25, 0xDB,
    0xA2, 0x99, 0xB3, 0x35, 0x4B, 0xB6, 0xE3, 0x39, 0xDB, 0x3A, 0xB2, 0x75, 0x4B, 0xB6, 0x87, 0x9E,
    0x51, 0x5F, 0xB0, 0x4D, 0xBA, 0x4B, 0x6A, 0x4C, 0x2E, 0x6C, 0xA9, 0x2C, 0x03, 0x98, 0x32, 0xA7,
    0xDF, 0xA8, 0x52, 0xD8, 0xEA, 0x39, 0x5B, 0x9B, 0x98, 0xFD, 0x8F, 0x4C, 0x4A, 0x1F, 0xD2, 0x5B,
    0x27, 0x16, 0x5F, 0x65, 0x57, 0x92, 0x07, 0x9E, 0x91, 0xD0, 0x7A, 0xB6, 0xF8, 0x0A, 0xCB, 0xFB,
    0xA3, 0xA4, 0xAD, 0x94, 0xFF, 0xFD, 0xA3, 0x6F, 0x99, 0xDA, 0x10, 0xDC, 0xFF, 0x03, 0xD5, 0x9A,
    0x01, 0x84, 0x26, 0x49, 0x9A, 0xFE, 0x7F, 0x99, 0xD1, 0xDD, 0x49, 0xA7, 0xE9, 0x68, 0xCC, 0xFF,
    0xEF, 0xEC, 0xEC, 0x74, 0x0E, 0x0E, 0xCC, 0x54, 0x4D, 0x1E, 0x0E, 0x8D, 0xEA, 0x8A, 0xDC, 0x5B,
    0x2C, 0x8E, 0xDB, 0x85, 0x85, 0x83, 0x39, 0x1C, 0x2C, 0x47, 0x2D, 0x0A, 0xCD, 0x75, 0xF5, 0x97,
    0xBB, 0x87, 0x03, 0xEE, 0x1A, 0x38, 0x80, 0xC6, 0xE0, 0x54, 0x71, 0xDF, 0xA0, 0xD0, 0x67, 0xAB,
    0x3A, 0x63, 0x66, 0x30, 0x18, 0xC8, 0xBD, 0xC1, 0x71, 0x8B, 0xC9, 0x75, 0x7B, 0x76, 0xD4, 0x62,
    0x62, 0x6C, 0x9E, 0xCB, 0xAE, 0x8B, 0xCA, 0xB8, 0x8C, 0x88, 0xEF, 0xAB, 0xFA, 0x94, 0x9E, 0x9E,
    0xA9, 0xDD, 0xEA, 0xEE, 0xD9, 0xA8, 0x8C, 0xE7, 0xCD, 0xEA, 0xFC, 0x22, 0xE2, 0x79, 0xDE, 0xCE,
    0x2F, 0xE3, 0x7D, 0xDF, 0x2C, 0x80, 0xAC, 0xE6, 0x35, 0xF7, 0x40, 0x6A, 0xC6, 0x3D, 0x2B, 0x75,
    0xD6, 0xD1, 0xFC, 0x79, 0x2D, 0x6B, 0xCA, 0x4F, 0x29, 0x41, 0x0E, 0x6C, 0x42, 0x66, 0x38, 0x00,
    0xB1, 0x44, 0xFB, 0x4C, 0xF4, 0x9F, 0xE9, 0x02, 0xB6, 0x61, 0xAC, 0x46, 0x81, 0xAC, 0xF1, 0x73,
    0x42, 0xD6, 0x71, 0x08, 0xC9, 0xB8, 0xD7, 0x03, 0xAF, 0x8D, 0x15, 0x00, 0x57, 0x00, 0xE5, 0x7B,
    0xD2, 0x74, 0x32, 0x3F, 0x3E, 0xB9, 0x51, 0x56, 0xC5, 0xDF, 0x6C, 0x22, 0xBB, 0x03, 0x32, 0x6D,
    0x11, 0xDD, 0xA2, 0x9B, 0x95, 0xEE, 0xAF, 0xB5, 0x9B, 0xE4, 0x7A, 0xFA, 0x6C, 0x95, 0x1F, 0x8F,
    0x4C, 0x63, 0x01, 0x48, 0x5B, 0xE7, 0x68, 0x3E, 0x34, 0xF3, 0x91, 0xAD, 0xF7, 0x3B, 0x61, 0x10,
    0xBA, 0xF5, 0xF8, 0x81, 0xF6, 0x78, 0x82, 0x47, 0x7D, 0x09, 0x98, 0xF6, 0x64, 0x35, 0x9C, 0x50,
    0x00, 0xEA, 0xC8, 0x02, 0xD7, 0xDC, 0x03, 0x4E, 0x05, 0x51, 0x06, 0x98, 0x19, 0x69, 0xE5, 0x96,
    0xC9, 0xED, 0x0D, 0xEF, 0xA1, 0xB5, 0x09, 0x5C, 0xEB, 0xCF, 0xF8, 0x5A, 0x90, 0x58, 0x92, 0x41,
    0x9C, 0x80, 0xFB, 0x97, 0xD9, 0x43, 0xCA, 0x7E, 0x66, 0x00, 0xE0, 0x0D, 0x7E, 0x00, 0x00, 0xEB,
    0x42, 0x03, 0x80, 0xFC, 0x7E, 0x05, 0x00, 0x99, 0x23, 0xB6, 0xD4, 0xB2, 0x68, 0xEF, 0x72, 0xDA,
    0x9C, 0x73, 0x35, 0x72, 0xC2, 0xF9, 0xF1, 0x9E, 0x45, 0x1E, 0xED, 0x3A, 0x61, 0x98, 0x21, 0xE1,
    0x44, 0x18, 0xA4, 0xBE, 0x81, 0xB0, 0xC2, 0x90, 0x75, 0x37, 0xC8, 0x8C, 0x30, 0xA4, 0xE6, 0x0A,
    0xD2, 0x7B, 0x31, 0xE9, 0xA1, 0xF4, 0x2E, 0x64, 0x80, 0x59, 0xE5, 0x4F, 0x2C, 0x38, 0xE2, 0x49,
    0x6A, 0x17, 0x27, 0x62, 0x58, 0x9C, 0x48, 0xB3, 0x38, 0x29, 0x5A, 0xE2, 0x28, 0x55, 0x13, 0xE7,
    0x69, 0x20, 0xCC, 0x9C, 0x8C, 0x10, 0xD6, 0x12, 0x16, 0x11, 0x56, 0xCF, 0x7B, 0xB2, 0xC8, 0xA7,
    0x23, 0x2F, 0x3C, 0x43, 0xD5, 0xF2, 0x8E, 0x73, 0xEE, 0x01, 0x6A, 0x42, 0x00, 0xE8, 0xF2, 0xA8,
    0x82, 0x7B, 0x1B, 0x04, 0x15, 0x94, 0x3D, 0x61, 0x94, 0x1F, 0x16, 0xE6, 0x81, 0xC5, 0xCC, 0xB0,
    0x58, 0x4B, 0x3A, 0xA7, 0xC3, 0xEA, 0x72, 0xB7, 0xA9, 0x03, 0x9F, 0x1B, 0xA8, 0xC8, 0xF0, 0x15,
    0x1E, 0xC7, 0x13, 0x92, 0x53, 0x15, 0xFD, 0xE2, 0x24, 0xEF, 0x96, 0x72, 0xF4, 0x52, 0x45, 0x75,
    0x4E, 0x05, 0x76, 0xA9, 0x62, 0x40, 0x87, 0xD5, 0x33, 0x93, 0xE8, 0xA8, 0xA2, 0x4D, 0x75, 0x54,
    0x71, 0xB4, 0xA7, 0x97, 0x2A, 0x34, 0x89, 0xD3, 0x5E, 0x04, 0x34, 0x9A, 0xBB, 0x1B, 0x80, 0xD4,
    0xBC, 0xDD, 0x47, 0x2B, 0xBB, 0x68, 0xAF, 0x56, 0xD1, 0x02, 0xA9, 0xFB, 0xBE, 0xF6, 0xF4, 0xE5,
    0xD1, 0xE7, 0x7A, 0x62, 0xAF, 0x15, 0x4A, 0x7B, 0xF2, 0x3B, 0x94, 0xDA, 0x73, 0x3F, 0x40, 0x6A,
    0x4F, 0x7D, 0x41, 0x32, 0xDA, 0xBC, 0x8B, 0xB6, 0xD0, 0xD1, 0xAA, 0x2A, 0xDA, 0xC7, 0x04, 0x9B,
    0x58, 0xC2, 0x38, 0xD1, 0xA3, 0xEF, 0x53, 0xEA, 0x7C, 0xA2, 0xAC, 0xAA, 0xBF, 0xD5, 0x85, 0x16,
    0x5A, 0xBA, 0x8F, 0x07, 0xCF, 0x33, 0x1D, 0xB3, 0x13, 0x6F, 0x9D, 0x03, 0xE9, 0xFC, 0xF7, 0x89,
    0xEB, 0xCE, 0xDF, 0x0A, 0xA0, 0x78, 0x4E, 0xE6, 0x95, 0x55, 0xC3, 0xEB, 0xD1, 0xAC, 0xA3, 0x28,
    0x4C, 0x72, 0x88, 0xC2, 0x39, 0x77, 0x82, 0x02, 0xE0, 0x9C, 0xD9, 0x8C, 0xE6, 0x30, 0xA0, 0x97,
    0x07, 0x6C, 0x19, 0x00, 0xEE, 0x57, 0x00, 0xB0, 0xEF, 0x1C, 0x60, 0xBD, 0x10, 0x6C, 0x58, 0x73,
    0x3F, 0x20, 0x67, 0x28, 0xAD, 0xC7, 0x3C, 0x20, 0x5F, 0x17, 0xAF, 0x04, 0xBC, 0x71, 0x1E, 0x79,
    0x1B, 0x3B, 0xD1, 0x7E, 0x8C, 0x75, 0xCE, 0x8D, 0x44, 0x4A, 0xAB, 0x38, 0x00, 0x24, 0xFD, 0x19,
    0x83, 0xB2, 0x0D, 0x74, 0x71, 0x26, 0x6D, 0xE7, 0x46, 0x2C, 0x7E, 0xD2, 0xD6, 0x5F, 0x8D, 0x5D,
    0x4D, 0xBF, 0x97, 0x53, 0xBF, 0xD8, 0xCF, 0x7C, 0x14, 0xC6, 0xB9, 0x38, 0xC3, 0xA2, 0x77, 0x90,
    0xB5, 0x20, 0x35, 0x34, 0x15, 0x0C, 0x38, 0x83, 0x72, 0xD2, 0xD9, 0x79, 0xCF, 0x5B, 0xE3, 0x75,
    0xF7, 0x99, 0xB0, 0x60, 0x50, 0x88, 0x71, 0x61, 0x5D, 0x15, 0xED, 0xA7, 0x3A, 0xDA, 0x8F, 0xBB,
    0x68, 0x3F, 0xEC, 0xA3, 0x7D, 0xDF, 0x46, 0xAB, 0xC7, 0x85, 0x55, 0x55, 0xB4, 0x85, 0x8E, 0x56,
    0x76, 0xD1, 0x8A, 0x3E, 0xDA, 0xD4, 0x46, 0xCB, 0xB8, 0xB0, 0x6A, 0x61, 0xCB, 0x85, 0x95, 0xDE,
    0xCE, 0x07, 0x32, 0x6F, 0x9D, 0x25, 0xF5, 0x16, 0x80, 0x2F, 0xB5, 0x3B, 0xC4, 0x66, 0x59, 0xBD,
    0x01, 0x4E, 0xEF, 0x00, 0xF6, 0x83, 0x4C, 0xA2, 0x4A, 0x6C, 0x14, 0xB9, 0x1F, 0x35, 0x2E, 0x24,
    0x46, 0x85, 0x85, 0x0D, 0x02, 0x73, 0x1B, 0xF5, 0x59, 0x2F, 0xCF, 0x1B, 0xFD, 0x38, 0x1A, 0x2F,
    0xCE, 0x46, 0x6D, 0x36, 0x4A, 0xB3, 0x51, 0x99, 0xF5, 0xC2, 0x82, 0x61, 0x8C, 0x46, 0x45, 0x53,
    0x46, 0x23, 0x27, 0x13, 0x35, 0xD9, 0x28, 0x29, 0x52, 0x3D, 0x67, 0x06, 0xCE, 0xEE, 0x0D, 0x84,
    0x89, 0x62, 0x74, 0xD4, 0x12, 0x90, 0x5B, 0x2B, 0xBA, 0x23, 0xDE, 0x62, 0xA5, 0xCD, 0x7E, 0xEE,
    0x6A, 0xE1, 0xB6, 0x7E, 0x33, 0x37, 0xA9, 0x13, 0x36, 0xED, 0x51, 0xA2, 0xC7, 0x4E, 0x68, 0x7E,
    0x77, 0xDC, 0x1A, 0x71, 0xB5, 0x6A, 0x1C, 0xAE, 0x5D, 0x5D, 0x77, 0x15, 0x37, 0x03, 0x1E, 0x00,
    0xE4, 0x3D, 0x80, 0x7C, 0xC0, 0x55, 0xAE, 0x00, 0x59, 0x7D, 0x0F, 0x48, 0xBF, 0x30, 0x00, 0xAE,
    0x05, 0x50, 0x1A, 0xE0, 0x5B, 0x9C, 0x35, 0x15, 0xB1, 0x02, 0x68, 0x34, 0x80, 0xF3, 0x98, 0xFC,
    0xA2, 0x03, 0xD2, 0x0F, 0x0D, 0x84, 0xFB, 0x0D, 0xF2, 0xEF, 0x0C, 0x80, 0xC4, 0x06, 0xDD, 0x27,
    0xC0, 0x3A, 0x33, 0x60, 0x03, 0x05, 0xDC, 0xA5, 0xAC, 0xC1, 0x39, 0xA7, 0xE1, 0xBF, 0x7F, 0xF8,
    0x4E, 0x4B, 0xDA, 0x92, 0x77, 0x8B, 0xAD, 0x3B, 0xAB, 0x49, 0x7B, 0xE4, 0x84, 0x96, 0xF9, 0x67,
    0xBC, 0xE5, 0x6A, 0x67, 0x51, 0x4E, 0xE7, 0xD5, 0x6D, 0xC4, 0x2F, 0x0D, 0x38, 0x1D, 0x29, 0xFC,
    0x3F, 0x20, 0x6C, 0xEA, 0x2D, 0xC5, 0x91, 0x45, 0x55, 0x3B, 0x28, 0x36, 0x29, 0x50, 0xE0, 0xFB,
    0x5F, 0x36, 0x14, 0xCE, 0x31, 0xAB, 0x15, 0x87, 0x28, 0xEC, 0x69, 0x9F, 0x71, 0x98, 0x38, 0xD4,
    0x5E, 0xD9, 0xE6, 0x43, 0xD1, 0xFD, 0x31, 0xD5, 0xBA, 0xA8, 0xE5, 0x3F, 0x22, 0x46, 0x12, 0x0B,
    0x7F, 0x0D, 0xF8, 0xF5, 0xA6, 0x85, 0xB1, 0x5C, 0xF0, 0xF0, 0x74, 0xA7, 0xB1, 0xB7, 0x53, 0x3D,
    0xED, 0xF7, 0xD9, 0x78, 0xB6, 0xC7, 0x97, 0x96, 0xD7, 0x2E, 0x32, 0x03, 0x37, 0xA9, 0xE0, 0x4E,
    0xA6, 0x41, 0xBE, 0x03, 0x64, 0x27, 0x40, 0x3A, 0xB0, 0xD2, 0x7C, 0x78, 0x16, 0x23, 0x35, 0x1F,
    0xB4, 0xC5, 0xF8, 0x4D, 0x31, 0xD9, 0x10, 0xD5, 0x85, 0x00, 0xCF, 0x43, 0x17, 0xF6, 0xBF, 0xA7,
    0x41, 0xB8, 0xEA, 0xA1, 0x0D, 0x23, 0xC2, 0x58, 0x3F, 0x4B, 0x9C, 0xCF, 0xCF, 0x1C, 0xD7, 0xC8,
    0xAA, 0x35, 0xD2, 0xAE, 0x87, 0xA6, 0x03, 0xA5, 0xE1, 0x2A, 0x00, 0x21, 0xA2, 0x9B, 0xA2, 0x41,
    0x7C, 0x84, 0xB7, 0x89, 0xD4, 0x3E, 0xE2, 0x5B, 0x89, 0x04, 0xBF, 0x3A, 0x1A, 0xBC, 0xCA, 0xAB,
    0x90, 0xD5, 0xFB, 0x90, 0xFE, 0xB6, 0x03, 0x9C, 0x06, 0x66, 0x15, 0xAB, 0xE1, 0x10, 0xCA, 0xCD,
    0x47, 0xCA, 0xE3, 0x10, 0xD4, 0x5D, 0x0E, 0xC4, 0xC8, 0xF0, 0x84, 0x22, 0xC6, 0x85, 0x31, 0x2C,
    0xBC, 0x2B, 0x6A, 0xB8, 0x55, 0x00, 0xB9, 0x05, 0x44, 0xCF, 0x4A, 0xF3, 0x41, 0x22, 0x3E, 0x48,
    0x5C, 0x09, 0xFE, 0x2E, 0x1A, 0x24, 0xDA, 0x10, 0x24, 0x3E, 0xF0, 0x41, 0x62, 0xCB, 0xB5, 0xDD,
    0x77, 0x41, 0x3A, 0xCB, 0x4A, 0xCB, 0xBD, 0x23, 0xA4, 0xB6, 0xD1, 0x25, 0x2F, 0xC3, 0x07, 0x6F,
    0xEE, 0xD6, 0xA0, 0x9C, 0x66, 0xA5, 0xAD, 0xE7, 0x35, 0x28, 0xA9, 0x61, 0x3D, 0xAB, 0x9F, 0x9B,
    0x4B, 0x54, 0xBB, 0x08, 0x83, 0xD3, 0x9E, 0xB8, 0xF3, 0x21, 0x01, 0x5E, 0xFD, 0x46, 0xF8, 0x05,
    0xA9, 0x81, 0x02, 0xE0, 0x0E, 0xC0, 0x36, 0xC0, 0x0F, 0x5E, 0xA0, 0x73, 0x56, 0xBF, 0x29, 0xFF,
    0xDB, 0x01, 0x4D, 0x0D, 0xBC, 0xF9, 0x8D, 0x70, 0xCE, 0x6D, 0xA1, 0xA1, 0x90, 0x15, 0xE4, 0x23,
    0xE0, 0x79, 0xC3, 0xC3, 0x17, 0xE9, 0x9C, 0x6B, 0x35, 0x90, 0x75, 0xA7, 0x1B, 0xF2, 0x06, 0xC0,
    0xD5, 0x6F, 0x84, 0x73, 0x14, 0x80, 0x0C, 0xFC, 0x34, 0x90, 0xB4, 0x00, 0x37, 0x5F, 0xA0, 0x73,
    0xAE, 0xB9, 0x1A, 0xB5, 0xD7, 0xB3, 0xCD, 0x21, 0x91, 0x4E, 0x51, 0x79, 0x46, 0xBE, 0xEF, 0xEE,
    0xCE, 0xB5, 0xDF, 0x84, 0x2D, 0xB2, 0xF6, 0xFD, 0x80, 0xA2, 0xDA, 0xA1, 0x44, 0xB1, 0x83, 0x3C,
    0x1A, 0x48, 0x5C, 0xBD, 0x78, 0x48, 0xC5, 0xE7, 0xD5, 0xCA, 0x73, 0x2A, 0xBA, 0x75, 0xC5, 0xAF,
    0xE7, 0x63, 0x84, 0xF8, 0x14, 0x77, 0x35, 0xC0, 0xE7, 0x1A, 0x48, 0x7F, 0xD1, 0x02, 0xE2, 0x23,
    0x03, 0x64, 0x7F, 0xE7, 0x31, 0xFF, 0xB3, 0xF3, 0x31, 0xC2, 0x06, 0xF7, 0x03, 0x2A, 0xE0, 0x11,
    0xAA, 0x02, 0x4F, 0x8F, 0x64, 0x8A, 0x11, 0xF4, 0x59, 0x8C, 0x90, 0x85, 0x18, 0x41, 0xF4, 0xC8,
    0x09, 0x2D, 0xCD, 0x4A, 0x8C, 0xE0, 0x69, 0x46, 0xC2, 0x40, 0xA4, 0x17, 0x88, 0x7A, 0x0B, 0x67,
    0xF1, 0x42, 0xE9, 0xE3, 0x05, 0x62, 0xBC, 0x70, 0xF5, 0x82, 0xF1, 0x02, 0xD2, 0x19, 0xE0, 0xFA,
    0xEE, 0x43, 0xCE, 0xB5, 0xF5, 0xA8, 0x7F, 0xE5, 0x7C, 0x35, 0xF5, 0x99, 0x05, 0x6C, 0xAA, 0xE8,
    0x91, 0x10, 0x35, 0xE9, 0xE0, 0x91, 0xCE, 0xE3, 0xC2, 0x23, 0x3D, 0x20, 0x93, 0xE8, 0x11, 0x8F,
    0x6B, 0x3C, 0x06, 0x36, 0xC2, 0xE0, 0xBB, 0x4B, 0x8F, 0xD4, 0xF0, 0x5F, 0x3F, 0xDC, 0x0A, 0x1E,
    0x91, 0xED, 0x22, 0x10, 0xCF, 0x6A, 0xF2, 0x1E, 0x59, 0x91, 0x0F, 0xDE, 0x23, 0xE5, 0xD2, 0x23,
    0x9E, 0x66, 0x24, 0xBC, 0x42, 0x52, 0x45, 0x7B, 0x39, 0x1E, 0x29, 0x3B, 0xA2, 0xCF, 0xBD, 0x4F,
    0xFE, 0x99, 0xF3, 0x2D, 0x14, 0x06, 0x3A, 0x78, 0xCB, 0xED, 0xCE, 0x3B, 0xC8, 0x67, 0xA4, 0x7E,
    0x80, 0x22, 0xE9, 0x60, 0x5D, 0x41, 0x07, 0x1B, 0x0A, 0x2A, 0xD8, 0x57, 0x00, 0x98, 0x60, 0xD2,
    0x36, 0x18, 0xA1, 0x95, 0x9F, 0x34, 0xAF, 0x94, 0x3B, 0x01, 0x89, 0x02, 0x78, 0x7B, 0xB7, 0x59,
    0xCC, 0x0C, 0xB0, 0x8F, 0x02, 0x30, 0xA8, 0x30, 0x0C, 0x15, 0x9F, 0x49, 0xDE, 0xE4, 0xB5, 0x37,
    0x8F, 0xB6, 0xDA, 0xA4, 0xE1, 0xDA, 0xE0, 0xAC, 0x2F, 0xAC, 0x0C, 0x88, 0xC0, 0x36, 0x3D, 0x47,
    0xD6, 0xBB, 0xA1, 0xEC, 0x29, 0x8F, 0xC6, 0xE3, 0x06, 0x55, 0xCD, 0x5A, 0xA9, 0x15, 0xAA, 0xCE,
    0x5A, 0xEF, 0x0E, 0xD1, 0xE1, 0xD1, 0x4C, 0x2E, 0xD9, 0xDD, 0x33, 0x85, 0x9B, 0x9A, 0x51, 0xB5,
    0x82, 0xE0, 0x18, 0xB0, 0x4B, 0xAC, 0x3C, 0xCE, 0x34, 0xD5, 0x21, 0xBF, 0xEE, 0x12, 0xAD, 0xF6,
    0x3E, 0x18, 0xE7, 0x75, 0x7E, 0x42, 0xF9, 0xC4, 0x2F, 0xF0, 0x2B, 0x68, 0x76, 0x1D, 0xA2, 0xA7,
    0xAC, 0xA5, 0x46, 0xEA, 0x12, 0x72, 0x36, 0x01, 0x76, 0x4E, 0x03, 0x73, 0x7B, 0x1E, 0x52, 0x67,
    0x2D, 0x49, 0xD3, 0x1F, 0x80, 0xD4, 0x3B, 0x1E, 0x36, 0xBD, 0xC7, 0x4B, 0xAE, 0xCF, 0x3F, 0x0B,
    0xB3, 0x88, 0x7E, 0x82, 0x69, 0xE6, 0x46, 0x93, 0xBB, 0xCF, 0x48, 0x9A, 0x7F, 0x32, 0xD9, 0xF1,
    0xB8, 0x2F, 0xEB, 0x7B, 0x37, 0x4B, 0x36, 0x51, 0x8B, 0x9F, 0x12, 0xC5, 0x32, 0x52, 0x4B, 0x5D,
    0x4F, 0xFA, 0x1F, 0x15, 0x39, 0x20, 0x81, 0xDC, 0x3D, 0x41, 0x38, 0xA7, 0x33, 0xE7, 0xBA, 0x4D,
    0x32, 0x63, 0xAF, 0xEF, 0x0D, 0x56, 0xFA, 0x85, 0x45, 0x77, 0x88, 0xD4, 0xEA, 0xC8, 0x45, 0xFE,
    0xAF, 0xB3, 0x0D, 0xF9, 0x4F, 0x3B, 0x10, 0x4E, 0x03, 0x0E, 0xE0, 0x47, 0x00, 0xF0, 0x34, 0x89,
    0xF5, 0xEF, 0x2A, 0xD1, 0x43, 0xE9, 0xE1, 0x69, 0x12, 0x45, 0xBD, 0x46, 0xD2, 0x19, 0xF8, 0xD9,
    0x22, 0x24, 0x2D, 0x2B, 0x80, 0x4B, 0x90, 0x9E, 0xAF, 0x86, 0xAD, 0x0B, 0xE9, 0x4D, 0xD4, 0x75,
    0x85, 0x9B, 0x20, 0x13, 0x03, 0xD9, 0x47, 0x1A, 0x52, 0x57, 0x9D, 0xD7, 0xEF, 0x1C, 0xA1, 0x10,
    0xD3, 0x74, 0xC2, 0xC4, 0xFB, 0x65, 0xC3, 0x83, 0x99, 0x20, 0x24, 0x37, 0x39, 0x13, 0xAC, 0x79,
    0xD8, 0x06, 0xF1, 0xC5, 0x00, 0xE2, 0xB7, 0x27, 0x20, 0x4E, 0x1C, 0x88, 0x61, 0x56, 0x23, 0x4C,
    0xD9, 0x4E, 0x20, 0xC3, 0x88, 0xF0, 0x44, 0x1F, 0x27, 0xC0, 0x55, 0x7E, 0xBE, 0x76, 0x3E, 0x52,
    0x0C, 0xCE, 0x91, 0x9E, 0xB0, 0x2F, 0x6A, 0xD8, 0x94, 0x80, 0x3C, 0x04, 0x32, 0x0B, 0x24, 0x0F,
    0x89, 0xAD, 0x31, 0xCB, 0xDC, 0x5A, 0x3C, 0x15, 0xA4, 0xF3, 0x5C, 0xFC, 0xCC, 0xA2, 0x9B, 0x20,
    0xF3, 0xEB, 0x16, 0x4C, 0xB0, 0xE1, 0xA1, 0xF7, 0xAC, 0x2C, 0x08, 0x37, 0x7A, 0x56, 0x0A, 0x7F,
    0x55, 0xFB, 0x61, 0x9E, 0x5A, 0xE6, 0xA9, 0xA5, 0x96, 0xAD, 0xB1, 0x72, 0x75, 0xE3, 0xEA, 0x52,
    0xBF, 0xB0, 0x3C, 0x04, 0x02, 0xFD, 0x16, 0xC8, 0x35, 0x20, 0x4F, 0x21, 0x3F, 0xAE, 0x20, 0x71,
    0xD5, 0xEF, 0x9F, 0x92, 0xAC, 0x03, 0x03, 0xA4, 0xC6, 0x13, 0x8B, 0x36, 0x19, 0x1F, 0xC2, 0x56,
    0xF7, 0xF4, 0xF0, 0xF8, 0x25, 0x68, 0x97, 0xE7, 0xB5, 0xE3, 0xB5, 0xC7, 0x07, 0x5A, 0x7C, 0xB4,
    0x3D, 0x2D, 0x3D, 0xCB, 0xF5, 0xE1, 0x33, 0x7C, 0xE1, 0xAF, 0xA9, 0x8B, 0xF8, 0xA2, 0x4E, 0x60,
    0x5F, 0xC2, 0xE6, 0x0E, 0xC8, 0x01, 0x32, 0xC3, 0xB2, 0x49, 0xE7, 0xCC, 0xD4, 0x3B, 0x59, 0x65,
    0xFA, 0x15, 0x24, 0x57, 0xD8, 0x00, 0xDE, 0x83, 0xB4, 0x85, 0xBC, 0x86, 0x5B, 0x80, 0x7A, 0x02,
    0x6F, 0x36, 0x3A, 0x0E, 0x4C, 0x06, 0xC0, 0xFA, 0xFE, 0x47, 0x60, 0x77, 0xC0, 0xDE, 0x27, 0xE9,
    0x55, 0x9D, 0x99, 0xE2, 0xB8, 0xA9, 0x53, 0x37, 0x90, 0xB3, 0x8D, 0xF8, 0xB7, 0x0E, 0x9C, 0x86,
    0x19, 0xAB, 0x9B, 0x4B, 0xE8, 0x77, 0xD8, 0xE0, 0x36, 0xFB, 0xBC, 0x91, 0x74, 0x20, 0x34, 0x48,
    0x22, 0xFF, 0xBB, 0xC0, 0x13, 0xC0, 0xF5, 0x90, 0x8E, 0x80, 0xAA, 0xA0, 0xA8, 0x41, 0xEA, 0xD5,
    0xFE, 0x57, 0xC8, 0xBA, 0xA7, 0xC4, 0x72, 0xC8, 0x6C, 0xAF, 0x27, 0x77, 0x35, 0xB7, 0x53, 0x5D,
    0xC8, 0xCA, 0x7F, 0x4D, 0x2C, 0xB1, 0x15, 0x31, 0x89, 0xBF, 0xE8, 0x31, 0x90, 0x84, 0x7A, 0xF5,
    0x96, 0xE6, 0xF1, 0x1F, 0x78, 0x85, 0x3F, 0x90, 0x07, 0x08, 0xE4, 0x01, 0xC2, 0x87, 0x81, 0x3F,
    0x94, 0xC2, 0x3E, 0x00, 0xCD, 0xC2, 0xCA, 0x67, 0xD8, 0x97, 0x5F, 0xD8, 0x0F, 0xF2, 0x16, 0x64,
    0x4A, 0x80, 0x8D, 0x98, 0x77, 0xAE, 0xB6, 0xA7, 0xC7, 0x14, 0x97, 0xBF, 0xE1, 0x7A, 0x9D, 0xA4,
    0x06, 0x32, 0x0D, 0x12, 0xF8, 0x36, 0xCF, 0x7D, 0xC3, 0x75, 0x8E, 0xE0, 0x85, 0xF9, 0x38, 0x1D,
    0x35, 0x08, 0xE3, 0x0F, 0x2E, 0x6E, 0x43, 0xB4, 0xE6, 0xB4, 0x38, 0x9E, 0x62, 0xB7, 0x29, 0x57,
    0x88, 0xFF, 0x6E, 0xB9, 0x80, 0x4D, 0x0D, 0x83, 0xB7, 0xC9, 0x90, 0x1A, 0xCF, 0x87, 0x66, 0xDE,
    0xE2, 0x9C, 0x7F, 0x36, 0x83, 0x6B, 0x67, 0x3D, 0xF3, 0x4F, 0x8E, 0x1C, 0xC2, 0x51, 0x68, 0x61,
    0xC9, 0x5A, 0x7F, 0x23, 0x77, 0x61, 0x82, 0x2F, 0x81, 0xCC, 0x5F, 0xCD, 0xC3, 0x7D, 0xEB, 0xA1,
    0x64, 0x82, 0xFB, 0x1E, 0xEC, 0xF2, 0x43, 0x45, 0x3D, 0xC1, 0x21, 0x08, 0xD7, 0x81, 0x38, 0x89,
    0x82, 0x9E, 0x0E, 0x9E, 0x51, 0xA0, 0x03, 0xD7, 0xAA, 0x65, 0x01, 0x25, 0x31, 0x00, 0x77, 0x01,
    0x5E, 0x67, 0xA5, 0x85, 0x12, 0x7B, 0x28, 0xB0, 0x87, 0xF2, 0xBA, 0x18, 0x3D, 0xB8, 0x0A, 0x13,
    0x0A, 0xEB, 0xA1, 0xAC, 0x1E, 0x8A, 0xEA, 0xA1, 0xA4, 0x2E, 0xF4, 0xE8, 0x41, 0x55, 0x13, 0x14,
    0x7A, 0x02, 0xD9, 0x4D, 0x20, 0xFA, 0x09, 0x52, 0x3B, 0x01, 0xA3, 0x07, 0xE5, 0xA1, 0xF4, 0x20,
    0x4D, 0x28, 0x9E, 0xC7, 0xD2, 0x79, 0x51, 0x2F, 0xB7, 0xEA, 0xB4, 0x03, 0xD8, 0x3E, 0x5F, 0x01,
    0xA7, 0x9C, 0x0A, 0xE0, 0x84, 0xFA, 0xB7, 0xE8, 0x83, 0xF2, 0x8B, 0x42, 0xA8, 0x79, 0x87, 0x92,
    0x37, 0xA4, 0x03, 0x4B, 0xED, 0x48, 0x00, 0x5E, 0x3D, 0xCB, 0x45, 0x63, 0xDD, 0x44, 0x68, 0x73,
    0x8A, 0xE9, 0xCF, 0x3B, 0x00, 0xA7, 0x57, 0xB2, 0xD6, 0x1A, 0xE0, 0x37, 0x1A, 0x48, 0x3E, 0x69,
    0xCF, 0x6A, 0xDA, 0x3F, 0xE9, 0x81, 0x9C, 0x01, 0xB8, 0xC1, 0x41, 0x70, 0xE8, 0xE6, 0x69, 0xA6,
    0x3A, 0x73, 0xAE, 0x82, 0x90, 0xA3, 0x26, 0x1D, 0x79, 0x4B, 0xAA, 0xC9, 0x96, 0xD5, 0xEC, 0xBC,
    0x46, 0x0C, 0xA1, 0x8E, 0x3D, 0x2E, 0x32, 0x32, 0x92, 0x77, 0x41, 0x2C, 0xBE, 0x49, 0x37, 0x22,
    0x49, 0x4F, 0x31, 0x99, 0x08, 0x7A, 0x62, 0xBE, 0xA7, 0xBF, 0xEC, 0xA0, 0xD1, 0x70, 0xE5, 0x92,
    0x72, 0x56, 0xE0, 0x5B, 0x15, 0x00, 0x2A, 0x9A, 0x9D, 0x80, 0xF4, 0xC4, 0x5C, 0x2B, 0x9A, 0x2F,
    0x4F, 0xDB, 0x44, 0x4C, 0xDB, 0xF2, 0x98, 0xB6, 0xBD, 0xBE, 0x9A, 0xB6, 0xB1, 0xBD, 0x9A, 0xB6,
    0x25, 0xAB, 0x69, 0x1B, 0xD9, 0x6A, 0xDA, 0x46, 0xB1, 0x9A, 0xB6, 0xB1, 0xBD, 0x9A, 0xB6, 0x25,
    0xCF, 0x4C, 0xDB, 0xF2, 0x90, 0xB6, 0x81, 0x85, 0xE8, 0xBA, 0xE8, 0xBC, 0xE8, 0x3E, 0xB8, 0xF2,
    0xE2, 0x52, 0x38, 0xAE, 0xD7, 0x40, 0xE9, 0x61, 0x13, 0x60, 0x88, 0xDC, 0x4F, 0x5B, 0x06, 0xAF,
    0xB9, 0xBF, 0xF0, 0x71, 0x9B, 0x7F, 0x08, 0x30, 0x22, 0x2B, 0x5C, 0xA5, 0x48, 0x3F, 0xD5, 0x77,
    0x10, 0x1F, 0xB5, 0x07, 0x48, 0x1F, 0xEE, 0xDD, 0x12, 0xC6, 0xB2, 0xE1, 0x61, 0xDB, 0x83, 0x99,
    0x20, 0x6D, 0x27, 0x10, 0xF5, 0x04, 0xB9, 0x8F, 0x08, 0x6F, 0x21, 0xDA, 0x9D, 0x0D, 0x32, 0xAD,
    0xB6, 0x91, 0x75, 0x61, 0x28, 0xC9, 0x3B, 0x0E, 0x11, 0xE3, 0x9E, 0x21, 0x2B, 0xC6, 0x6A, 0xA1,
    0x3D, 0x1D, 0x40, 0x98, 0xB3, 0xB8, 0xEA, 0x26, 0x40, 0xA2, 0x93, 0xE6, 0xD7, 0x75, 0x7E, 0xE4,
    0x28, 0x2B, 0x55, 0x6D, 0xA2, 0xF4, 0x01, 0x3F, 0x6B, 0x6D, 0xF2, 0x49, 0x67, 0xC5, 0x87, 0xD3,
    0x02, 0xD3, 0x22, 0x9E, 0x81, 0x27, 0xB0, 0x2F, 0xBA, 0xC3, 0x2E, 0x6B, 0x95, 0xCE, 0x75, 0x59,
    0x17, 0x95, 0x3C, 0x1E, 0x59, 0x6F, 0x3A, 0x6E, 0x03, 0xC9, 0xA0, 0x00, 0x0E, 0x8A, 0xA0, 0x36,
    0x38, 0x5C, 0xA6, 0xF1, 0xEB, 0xB3, 0xFD, 0xCD, 0x78, 0x25, 0xA4, 0xA4, 0xA6, 0xF8, 0x6E, 0x4B,
    0xFE, 0xBE, 0x21, 0x6D, 0x1F, 0xC1, 0x7B, 0x6B, 0x00, 0x7E, 0x5F, 0x23, 0x3B, 0x6E, 0x90, 0xED,
    0xA4, 0x48, 0xCB, 0x3A, 0xD3, 0x8B, 0x48, 0xEF, 0xFF, 0xCF, 0xFD, 0xA6, 0xA3, 0x8B, 0x4E, 0xEA,
    0x72, 0xBA, 0xA2, 0x58, 0xF6, 0x62, 0xFA, 0x7D, 0xA6, 0xE5, 0xD1, 0xC7, 0x7D, 0x3A, 0x66, 0x43,
    0x4C, 0xE8, 0x16, 0x09, 0x6E, 0x5E, 0x3F, 0x04, 0x24, 0x7F, 0x02, 0x00, 0xCF, 0x52, 0xFE, 0xF9,
    0x8A, 0xF2, 0x8F, 0x4C, 0x28, 0xEB, 0xF4, 0x67, 0x85, 0xAE, 0xE4, 0x4C, 0xF9, 0x1A, 0x0D, 0x70,
    0x1B, 0x15, 0xBF, 0x07, 0x0B, 0xE5, 0xA1, 0xAC, 0x13, 0x1E, 0x1F, 0xB2, 0x5B, 0x96, 0x75, 0xAA,
    0x45, 0x59, 0x27, 0xB3, 0xCC, 0x57, 0xCA, 0x3A, 0x89, 0xAB, 0xC8, 0x8E, 0x5A, 0x64, 0xF5, 0x63,
    0x4F, 0xED, 0xD2, 0x4A, 0x39, 0xC5, 0xDF, 0x77, 0xE4, 0x1F, 0x18, 0x44, 0x37, 0x80, 0xB9, 0x03,
    0x77, 0x25, 0x10, 0xE8, 0xD9, 0xAD, 0xE3, 0x5D, 0xEB, 0x33, 0xDA, 0xA9, 0xAF, 0x2D, 0xFA, 0x95,
    0xA9, 0x73, 0xDA, 0x8F, 0x77, 0x6B, 0x11, 0xA3, 0x3D, 0x9E, 0xD2, 0xF3, 0x45, 0x97, 0x85, 0x61,
    0xE6, 0xA6, 0x76, 0x5F, 0x6A, 0xCA, 0xAC, 0x43, 0xFE, 0xD4, 0x20, 0xF4, 0x23, 0x30, 0x6B, 0x00,
    0xB0, 0xD5, 0x93, 0x1E, 0x37, 0xE4, 0x5A, 0x6A, 0x59, 0xE5, 0x6D, 0x89, 0xE8, 0x14, 0xC2, 0xA8,
    0xE9, 0x6B, 0xAB, 0xFC, 0x97, 0x16, 0x58, 0xF6, 0x32, 0x16, 0x33, 0xAB, 0xAC, 0x4B, 0x75, 0x3A,
    0xCE, 0xEB, 0x58, 0x67, 0x79, 0x00, 0xCA, 0xC2, 0xFE, 0x2D, 0xE8, 0x72, 0x80, 0xF3, 0x1A, 0xEE,
    0x45, 0x1D, 0x4F, 0xD5, 0x50, 0x5D, 0x44, 0xC3, 0xD9, 0xFF, 0xC3, 0x1B, 0x48, 0x6E, 0xAE, 0xE4,
    0x5E, 0x2D, 0xF9, 0x91, 0xA5, 0x44, 0x71, 0x87, 0xB2, 0x3A, 0x88, 0x25, 0x56, 0x3D, 0x9E, 0x96,
    0x5C, 0x61, 0xD9, 0x0F, 0x81, 0x4D, 0x12, 0xCA, 0x4A, 0x92, 0x1F, 0x1F, 0x86, 0xDC, 0x6B, 0xF2,
    0x4D, 0x99, 0x69, 0xF9, 0x41, 0x27, 0x5A, 0x83, 0xB9, 0x0D, 0x08, 0x67, 0xD3, 0x66, 0x40, 0xEA,
    0x8B, 0x1E, 0xD3, 0xA8, 0x69, 0xEC, 0xA1, 0xD4, 0x2A, 0xD7, 0xF2, 0xBB, 0x5D, 0xA6, 0x4D, 0xD2,
    0xFD, 0x29, 0x90, 0x3A, 0x9D, 0x34, 0x17, 0x98, 0xE1, 0xDA, 0x03, 0x65, 0x1F, 0xDD, 0x32, 0x59,
    0x74, 0xE5, 0x7C, 0xFC, 0x3A, 0x7F, 0xD6, 0xE0, 0xDC, 0xB5, 0x07, 0x28, 0xCB, 0xA3, 0x5B, 0xC4,
    0x81, 0x80, 0x32, 0x14, 0x06, 0xF1, 0x95, 0x47, 0x4F, 0x39, 0xD6, 0xCA, 0xE9, 0x2C, 0x26, 0xCF,
    0x3B, 0xC0, 0x50, 0x02, 0x1B, 0xB2, 0x86, 0x1B, 0xE9, 0x4B, 0xC9, 0xC2, 0x0F, 0x8B, 0x1A, 0x95,
    0x6B, 0x26, 0x3F, 0x92, 0x69, 0x43, 0xD2, 0x6D, 0x5C, 0xCE, 0x9B, 0x50, 0x1F, 0x13, 0x20, 0x1D,
    0xF1, 0x75, 0x80, 0x4F, 0x3D, 0xE1, 0x26, 0xD5, 0x0B, 0x96, 0xC7, 0xAC, 0x25, 0x39, 0xEE, 0x11,
    0x7A, 0x03, 0x51, 0x7D, 0xFB, 0xD2, 0x2A, 0x09, 0x4A, 0x56, 0x50, 0x7E, 0x4F, 0x83, 0xFC, 0xB0,
    0xF5, 0x34, 0x0C, 0xC4, 0xBB, 0x1A, 0xC0, 0xB9, 0x27, 0x30, 0x3F, 0x9E, 0xB7, 0xCB, 0xC0, 0x97,
    0xE1, 0xCB, 0x5E, 0x6F, 0xF4, 0x8B, 0x92, 0xD5, 0xF1, 0xBC, 0x42, 0xB8, 0xA0, 0x6D, 0xF4, 0x30,
    0xAB, 0x26, 0x28, 0xF5, 0x04, 0xB2, 0x9B, 0x20, 0xEF, 0x57, 0xCA, 0x67, 0xBE, 0x1C, 0xD7, 0x3A,
    0x47, 0x61, 0x36, 0x65, 0x4D, 0x91, 0xE9, 0xC5, 0x03, 0xA7, 0x07, 0xB3, 0x01, 0x80, 0x9A, 0x22,
    0xD1, 0xF2, 0x3F, 0xE7, 0xAD, 0x38, 0xC9, 0x5B, 0x61, 0xB3, 0x4A, 0xF4, 0x20, 0xCC, 0x57, 0xF7,
    0x72, 0xAC, 0x51, 0x4E, 0xC7, 0x07, 0x0E, 0xCA, 0x02, 0xFB, 0x6F, 0x03, 0x6D, 0x0E, 0xC0, 0xA5,
    0xC8, 0x73, 0xCF, 0x96, 0xE7, 0x56, 0xE4, 0xF1, 0xA3, 0xB8, 0x65, 0xE5, 0xDF, 0xE9, 0x78, 0x85,
    0xF7, 0xCE, 0x08, 0x7C, 0x6F, 0xA4, 0xF9, 0x87, 0xA6, 0x92, 0xBD, 0xAA, 0x64, 0xB7, 0x8E, 0x6C,
    0x41, 0xEA, 0xAF, 0xEE, 0xCD, 0x31, 0x38, 0x07, 0xDC, 0x53, 0xA1, 0xD6, 0xA8, 0xA1, 0xC8, 0x5A,
    0xC8, 0x7F, 0x62, 0x20, 0xD5, 0xDB, 0x2F, 0xE3, 0x85, 0x9A, 0xDF, 0x9B, 0xE2, 0xE6, 0x94, 0x98,
    0x7B, 0x9E, 0xDA, 0x2D, 0xE0, 0xF5, 0xFC, 0x79, 0xBD, 0xA6, 0x8F, 0x41, 0xB3, 0xF3, 0x7A, 0xEB,
    0xBB, 0x20, 0x58, 0x7B, 0x19, 0xA2, 0xC9, 0x4E, 0x80, 0x62, 0x5E, 0xC5, 0x08, 0x99, 0x37, 0xD2,
    0xE7, 0xF1, 0xC6, 0x70, 0xAE, 0x16, 0xAF, 0x53, 0x9B, 0x21, 0x06, 0x4F, 0x75, 0xA1, 0x4B, 0x72,
    0xAD, 0xC8, 0xAA, 0xD3, 0xED, 0x56, 0x83, 0xEC, 0x41, 0xB8, 0x1A, 0xFF, 0x39, 0x32, 0x07, 0xCC,
    0x34, 0xC8, 0x0E, 0x32, 0xB3, 0x86, 0x30, 0xF7, 0x10, 0xDD, 0x8E, 0x7F, 0x08, 0x54, 0x52, 0x17,
    0x47, 0x23, 0xA9, 0xAF, 0x50, 0xC0, 0xE2, 0xBE, 0xAA, 0xA0, 0x00, 0xD6, 0x81, 0x0D, 0x3F, 0xBC,
    0x52, 0x7B, 0xDD, 0x41, 0x6A, 0x2C, 0xD3, 0x51, 0x8D, 0xA0, 0x3A, 0xE4, 0x48, 0xE2, 0x26, 0xD3,
    0x93, 0x0E, 0x3F, 0xC6, 0x1A, 0x86, 0x21, 0xED, 0x67, 0xF3, 0x2E, 0x96, 0x41, 0xB1, 0xD0, 0x93,
    0x18, 0x92, 0x10, 0x29, 0x35, 0x7E, 0x37, 0x7D, 0xBC, 0x77, 0x3C, 0xD7, 0x8F, 0x7C, 0x8D, 0xFD,
    0x3D, 0x61, 0xD2, 0x08, 0x5E, 0x20, 0xBF, 0x37, 0xC4, 0xC2, 0x83, 0x73, 0x9A, 0x95, 0x16, 0xAF,
    0xB6, 0x1E, 0x34, 0x90, 0x55, 0x40, 0x0E, 0x50, 0xE3, 0xD7, 0xD5, 0x14, 0xDA, 0x0F, 0x99, 0x1F,
    0xD5, 0x5F, 0xB9, 0xB9, 0xE6, 0x2D, 0xE2, 0xB8, 0xA6, 0xA9, 0x17, 0xCA, 0x06, 0xF0, 0xBB, 0x0A,
    0xA9, 0x0E, 0x15, 0x90, 0xF2, 0xA8, 0xA9, 0x1A, 0xA4, 0x3E, 0x21, 0xEB, 0x6C, 0xF4, 0x6D, 0xB8,
    0xFF, 0x21, 0xD7, 0x50, 0xD4, 0x24, 0x27, 0xB0, 0x65, 0x48, 0x9E, 0x3C, 0x26, 0xFC, 0x4E, 0xDE,
    0xFA, 0xEB, 0xE7, 0xFE, 0x90, 0xB0, 0x8B, 0xCE, 0x2F, 0x6B, 0x18, 0x21, 0xEF, 0x49, 0x9A, 0x9A,
    0x59, 0x0F, 0xFF, 0x4A, 0x6C, 0xB9, 0xAB, 0xD4, 0xDC, 0xD8, 0x64, 0xE8, 0xB1, 0xEF, 0x61, 0x23,
    0x15, 0x3F, 0xBE, 0xAC, 0x33, 0x57, 0xA7, 0xFE, 0xB5, 0xE4, 0x01, 0x6C, 0x82, 0x02, 0x15, 0x4E,
    0x0E, 0xC1, 0x13, 0xA2, 0xD0, 0xA9, 0x7F, 0x00, 0xF1, 0x2B, 0xE0, 0x0A, 0xAF, 0x06, 0x77, 0x04,
    0xF7, 0xFC, 0x7B, 0x0B, 0xE0, 0x2A, 0x00, 0x4F, 0x6E, 0xB5, 0xC5, 0xC2, 0x4E, 0x2C, 0xEB, 0x08,
    0xC3, 0xD7, 0x3D, 0x7C, 0xF9, 0x26, 0x16, 0x73, 0x10, 0x17, 0x3C, 0xE2, 0x5A, 0x71, 0xDD, 0xB8,
    0xBB, 0xCA, 0x73, 0x7F, 0xB1, 0xF0, 0x35, 0xDF, 0x9D, 0x7C, 0xE1, 0x6A, 0xC4, 0xFF, 0x5C, 0x5A,
    0xD1, 0xE2, 0xFF, 0x00, 0x6D, 0x93, 0x31, 0x6C, 0x1C, 0x45, 0x14, 0x86, 0xBF, 0xBB, 0x8D, 0xBD,
    0x26, 0x7B, 0xF1, 0x58, 0xE0, 0x26, 0xD2, 0xF9, 0x96, 0x22, 0x45, 0x08, 0x17, 0xDF, 0x49, 0x58,
    0x91, 0x89, 0xCE, 0xBB, 0x43, 0xD2, 0x4B, 0x57, 0x50, 0x11, 0x21, 0x52, 0x12, 0x94, 0xC2, 0x85,
    0x8B, 0x28, 0xF2, 0xDD, 0xAE, 0x44, 0x49, 0x73, 0xF4, 0x29, 0x5C, 0xA4, 0x80, 0x4B, 0x14, 0x5F,
    0x71, 0x48, 0x27, 0x38, 0xDB, 0x83, 0xE8, 0x95, 0x71, 0x4F, 0xB1, 0x02, 0x51, 0x33, 0xA0, 0x93,
    0x58, 0xC2, 0xC6, 0xCB, 0x6C, 0xD6, 0x07, 0x8E, 0x95, 0xF7, 0x66, 0xDF, 0xBC, 0x79, 0xFF, 0x9B,
    0x37, 0xF3, 0xDE, 0xDB, 0xB9, 0x47, 0x88, 0x88, 0x1D, 0xCD, 0xA8, 0x3A, 0x10, 0xDA, 0x97, 0x5B,
    0x8C, 0xA8, 0x0C, 0x70, 0x53, 0xC4, 0x94, 0x2D, 0x9F, 0xB1, 0x13, 0x2F, 0x4A, 0xA2, 0xD9, 0x46,
    0x92, 0x9B, 0x81, 0xAF, 0x87, 0xC3, 0x3C, 0x1F, 0x16, 0x22, 0xD7, 0xAE, 0x11, 0xFD, 0x03, 0x7F,
    0x36, 0xCE, 0xB2, 0xF1, 0xD8, 0x93, 0x99, 0x50, 0x56, 0x2E, 0xCA, 0x68, 0xB6, 0xBD, 0x4B, 0xA7,
    0x92, 0xBA, 0x03, 0x97, 0x2A, 0x8B, 0x32, 0x34, 0xB3, 0x5D, 0xD3, 0x31, 0x9D, 0xC3, 0xD4, 0xD7,
    0x8E, 0x79, 0xE9, 0x1D, 0xA7, 0xE2, 0x4B, 0xB3, 0xEE, 0xAA, 0x4D, 0x41, 0xB7, 0x22, 0x1F, 0x78,
    0xB2, 0x15, 0x20, 0x32, 0x1C, 0x83, 0x79, 0x9D, 0x42, 0xA1, 0xFC, 0xDB, 0x89, 0xF7, 0xA3, 0xA9,
    0x26, 0x13, 0x46, 0xCD, 0xAA, 0xDD, 0x7D, 0xEB, 0x38, 0x71, 0xC7, 0xCB, 0xC1, 0x54, 0x98, 0xC5,
    0x41, 0x98, 0x8D, 0x1B, 0xDA, 0x85, 0xAA, 0x6A, 0xB0, 0xC1, 0x88, 0x94, 0xDC, 0xF2, 0x16, 0x3E,
    0xA1, 0x0A, 0x95, 0xA7, 0x9C, 0xD8, 0x95, 0x0D, 0x76, 0xC0, 0xDA, 0x0A, 0x24, 0x65, 0xC4, 0x06,
    0x0D, 0x1C, 0xC5, 0x1B, 0x7C, 0x3E, 0x27, 0xC2, 0x97, 0x16, 0x4B, 0xCA, 0x2A, 0x74, 0x18, 0x59,
    0xCF, 0x27, 0x2A, 0x57, 0x8E, 0x65, 0xC3, 0x0B, 0x99, 0xC7, 0x06, 0xC3, 0x17, 0xDF, 0x1E, 0xE5,
    0x88, 0x39, 0x7B, 0x52, 0x94, 0x51, 0xE8, 0xD1, 0x65, 0x21, 0x98, 0x19, 0x73, 0xB0, 0xF6, 0x56,
    0x81, 0xB0, 0xBF, 0x97, 0x9B, 0xA1, 0xFD, 0xE6, 0xBE, 0x85, 0xA5, 0x5C, 0x15, 0x56, 0x4E, 0xF9,
    0xED, 0x24, 0xD2, 0xA1, 0x9C, 0x2F, 0x53, 0x19, 0xE9, 0x96, 0x7A, 0xAD, 0x9E, 0x2D, 0x7D, 0x38,
    0x7B, 0x55, 0xBD, 0x59, 0x4B, 0x07, 0xBD, 0xDD, 0x71, 0x02, 0xCB, 0x88, 0xA4, 0x9A, 0x92, 0x91,
    0x3E, 0x99, 0xE5, 0xB1, 0x67, 0x1B, 0x36, 0x25, 0xB3, 0x7C, 0xF4, 0xD8, 0x9F, 0x99, 0x82, 0xAE,
    0x0D, 0xBF, 0x09, 0xF3, 0x6C, 0x93, 0x4E, 0x9B, 0xFA, 0x0A, 0x17, 0x64, 0x2C, 0x95, 0x52, 0x3F,
    0xFC, 0x13, 0x87, 0x21, 0x2B, 0xC8, 0x2D, 0x57, 0x89, 0xCF, 0x70, 0x5F, 0x62, 0x63, 0x54, 0x1E,
    0xE3, 0x64, 0x78, 0x27, 0xF8, 0x42, 0x6E, 0x56, 0xD5, 0xBC, 0xA3, 0xF3, 0xE2, 0xBE, 0xB9, 0xEF,
    0x96, 0xAC, 0x02, 0x94, 0xCB, 0xD7, 0x9D, 0xF6, 0x72, 0x9B, 0xB6, 0x25, 0x3B, 0x5B, 0x0D, 0x24,
    0xD5, 0x84, 0x56, 0x5C, 0x79, 0x89, 0xA7, 0xE9, 0xC3, 0x0E, 0x25, 0x5D, 0x80, 0x26, 0x6C, 0xC2,
    0x18, 0x0C, 0x95, 0x84, 0xAA, 0x2A, 0x3A, 0xE3, 0x49, 0x04, 0x34, 0x0A, 0x90, 0x4E, 0xE1, 0x7D,
    0x16, 0x74, 0xCF, 0x83, 0x8C, 0x00, 0xE8, 0x66, 0xEB, 0x42, 0x1C, 0xCC, 0x6C, 0xAA, 0x6D, 0x6A,
    0x1B, 0x34, 0x83, 0xE1, 0xD4, 0xE6, 0x5F, 0x56, 0xC1, 0x5A, 0xEC, 0xB8, 0x39, 0x7C, 0x6A, 0xF5,
    0xCB, 0x97, 0x89, 0x8E, 0xE2, 0xE3, 0x63, 0x65, 0x09, 0x76, 0x92, 0x50, 0xF9, 0x32, 0x54, 0xDB,
    0x1A, 0x16, 0x7A, 0xC6, 0xEC, 0xAE, 0x8B, 0xF5, 0xC9, 0xB9, 0xDC, 0x4E, 0xDF, 0x86, 0x62, 0xB4,
    0x38, 0x10, 0xAA, 0x45, 0x87, 0x84, 0xB3, 0xF9, 0x5E, 0x0F, 0xC5, 0x45, 0x5B, 0xE2, 0x4D, 0x38,
    0x64, 0x3C, 0x9D, 0x64, 0x93, 0x6C, 0x3C, 0x7A, 0x40, 0x97, 0xAC, 0x60, 0x72, 0xD9, 0xE7, 0x5C,
    0x2F, 0xCE, 0xC5, 0x37, 0xFF, 0xD1, 0x50, 0x16, 0x7F, 0x5A, 0xC1, 0x5C, 0x60, 0xF1, 0x3E, 0x51,
    0x5A, 0x1C, 0xF1, 0xF5, 0xEF, 0xBA, 0xA2, 0x00, 0x18, 0x43, 0x66, 0xA5, 0x3D, 0x7D, 0xB5, 0x38,
    0xFD, 0xC8, 0x14, 0x8F, 0x72, 0x6E, 0x6C, 0xC5, 0x57, 0xBE, 0x9F, 0xED, 0xE8, 0x28, 0xB1, 0xF0,
    0xD9, 0xEB, 0x01, 0x4B, 0x4B, 0x04, 0xFB, 0x44, 0xB9, 0xAC, 0x5F, 0x02, 0xA8, 0x20, 0xE2, 0xD0,
    0x08, 0x55, 0x72, 0x1E, 0xE7, 0x2A, 0x54, 0x2F, 0xE4, 0x30, 0x7E, 0x5F, 0x19, 0xC0, 0xB1, 0x72,
    0xD5, 0xCA, 0x3D, 0xE7, 0x69, 0x52, 0x8D, 0xF9, 0x50, 0xDE, 0x01, 0x6B, 0x58, 0x00, 0xBA, 0x54,
    0x24, 0x26, 0xA1, 0xFA, 0xD3, 0xA9, 0xE7, 0x9F, 0x0A, 0x3E, 0x50, 0x7F, 0x48, 0x78, 0x47, 0x19,
    0x8B, 0xDE, 0x56, 0x58, 0x54, 0xCD, 0xFD, 0x8B, 0xBD, 0x24, 0x45, 0x9C, 0xD3, 0x98, 0xE5, 0xAE,
    0xF2, 0xAC, 0xF2, 0x5C, 0xCD, 0x01, 0xBE, 0xF6, 0xF5, 0x01, 0x9A, 0xE6, 0xC4, 0x98, 0x49, 0xB3,
    0xF8, 0xEF, 0x26, 0x0D, 0xE3, 0xDE, 0x3A, 0x76, 0x4C, 0x55, 0xAF, 0xC8, 0xEF, 0x92, 0x96, 0x6D,
    0x51, 0xA4, 0xEF, 0x0E, 0x80, 0x81, 0xA7, 0x4F, 0x38, 0xC1, 0xD3, 0x0C, 0xCE, 0xEE, 0xBC, 0x8B,
    0xE9, 0x7F, 0x64, 0xBC, 0x5F, 0x52, 0xFF, 0xD7, 0xAC, 0xE7, 0x7E, 0x7A, 0x57, 0x88, 0x07, 0x3D,
    0x21, 0x7A, 0x3B, 0xC5, 0x2B, 0x72, 0xD4, 0x8D, 0x47, 0xAD, 0xB4, 0x95, 0xDE, 0x78, 0xE4, 0xA8,
    0xD6, 0x57, 0xC9, 0xE1, 0xC9, 0xD4, 0x6C, 0xAF, 0xD9, 0x61, 0x15, 0xBB, 0x5C, 0x65, 0x83, 0x87,
    0x83, 0x23, 0x5B, 0xE1, 0xAA, 0x92, 0x00, 0x2B, 0xDB, 0x00, 0xFA, 0x3A, 0xE0, 0xC6, 0x9E, 0x86,
    0x3E, 0x95, 0x7C, 0xB8, 0x6F, 0x60, 0x31, 0xFF, 0x1B, 0xDE, 0xEC, 0xD3, 0x83, 0x33, 0x3E, 0x43,
    0x4B, 0x71, 0x6E, 0x49, 0xFD, 0xAF, 0x71, 0x4F, 0xC2, 0x92, 0x9B, 0xE7, 0x03, 0x3A, 0x0D, 0xEE,
    0xE4, 0x43, 0xB3, 0x81, 0x9D, 0x62, 0x2A, 0x9F, 0x7C, 0x0C, 0x44, 0x79, 0xAE, 0x71, 0x7F, 0x63,
    0xE1, 0x80, 0x06, 0xE0, 0xC9, 0x1D, 0xA0, 0xA2, 0x25, 0x40, 0x17, 0x4A, 0x5A, 0x28, 0x22, 0xEF,
    0xCB, 0x32, 0x1E, 0x5C, 0x04, 0x00, 0x5F, 0xAF, 0x1B, 0xDA, 0xBE, 0xB9, 0x39, 0xBA, 0x39, 0x69,
    0x75, 0x84, 0x0A, 0x92, 0xF6, 0x76, 0x68, 0xDA, 0x04, 0x7B, 0x42, 0xD5, 0x68, 0xD2, 0xA1, 0x46,
    0xC9, 0xEB, 0x84, 0x78, 0x49, 0x30, 0x69, 0xD7, 0xDB, 0xB5, 0x76, 0x3D, 0x98, 0x78, 0xC9, 0xD5,
    0xAB, 0xEC, 0x76, 0xA8, 0xD7, 0xA9, 0xD5, 0x28, 0x46, 0x1D, 0xF1, 0x0C, 0xEF, 0x39, 0x42, 0x07,
    0xA6, 0xBD, 0xD2, 0xE6, 0x55, 0x14, 0xCD, 0x2E, 0xDC, 0x47, 0xFC, 0x4C, 0x30, 0xA5, 0x5D, 0xA7,
    0x5D, 0x2B, 0x64, 0xF0, 0x0C, 0xF1, 0x9C, 0xAB, 0x14, 0x60, 0xBD, 0x8B, 0x48, 0xB9, 0xD4, 0x9C,
    0x87, 0xA9, 0x11, 0x2C, 0x13, 0x09, 0xAE, 0x74, 0xBB, 0x04, 0x7F, 0xA5, 0xAC, 0x5D, 0x2F, 0xA0,
    0xDA, 0xFC, 0xB3, 0x68, 0x01, 0x5B, 0x7C, 0xF0, 0xD0, 0xAC, 0x6D, 0x97, 0x97, 0x0B, 0x88, 0x24,
    0x76, 0x0E, 0xE3, 0xF9, 0x75, 0x45, 0xEC, 0xCA, 0x7E, 0x8B, 0xA6, 0xD5, 0x97, 0x58, 0x5E, 0xC5,
    0x7D, 0x17, 0x67, 0x40, 0x55, 0x71, 0xED, 0x3D, 0xC2, 0x3E, 0xCB, 0x57, 0x28, 0x96, 0x9A, 0xA5,
    0x0D, 0x7A, 0x01, 0xFD, 0x88, 0x7F, 0x01, 0xCD, 0x7D, 0x0F, 0xA8, 0x1D, 0xD7, 0x99, 0xDF, 0x6F,
    0x66, 0x2C, 0xCD, 0x6E, 0x26, 0xD6, 0xB8, 0x60, 0xB3, 0xE9, 0x2A, 0xD2, 0x04, 0x08, 0xE0, 0xB6,
    0xB2, 0xC7, 0x80, 0x81, 0xB7, 0xF4, 0xE9, 0xCD, 0x24, 0x01, 0x02, 0x5D, 0x68, 0xC4, 0xE2, 0x67,
    0x41, 0x45, 0xF7, 0x19, 0x28, 0x50, 0x60, 0xDB, 0x2B, 0x40, 0xDB, 0x6A, 0x59, 0xBD, 0x37, 0xD3,
    0x04, 0x08, 0xB0, 0xB4, 0x08, 0x96, 0x6D, 0x01, 0x43, 0x63, 0xFE, 0x15, 0x48, 0x5A, 0x22, 0x88,
    0x0A, 0x0A, 0x7D, 0x57, 0x77, 0x6C, 0x41, 0x03, 0x98, 0xC6, 0x93, 0xC6, 0x8E, 0x81, 0xB4, 0x78,
    0x92, 0xC8, 0x09, 0xB4, 0xE9, 0x66, 0x9C, 0xCC, 0xB3, 0xE7, 0xDA, 0x33, 0xF7, 0xF4, 0xFB, 0x7D,
    0x33, 0x6F, 0x98, 0x77, 0xF5, 0xAE, 0xF4, 0xAC, 0x3F, 0x71, 0x8E, 0xEE, 0xF9, 0x7D, 0xF7, 0xCD,
    0x9D, 0xF9, 0xCE, 0x9F, 0x39, 0xE7, 0x3B, 0xDF, 0xF9, 0xCE, 0x77, 0x8E, 0xF0, 0xCF, 0x01, 0xEC,
    0x48, 0x0C, 0x25, 0x7A, 0x29, 0x60, 0xE7, 0x00, 0xCE, 0x81, 0xC1, 0x18, 0xD3, 0x04, 0x1F, 0x7E,
    0xB3, 0x71, 0x4A, 0xAC, 0x4B, 0x3C, 0x23, 0xF1, 0xB3, 0x12, 0x71, 0x20, 0x1A, 0x93, 0x39, 0x7B,
    0x9B, 0x31, 0xBF, 0x2F, 0x45, 0x4B, 0xA2, 0x27, 0xD1, 0x97, 0x18, 0x08, 0x9F, 0x99, 0x91, 0x80,
    0x1B, 0x92, 0x48, 0xE3, 0x67, 0x4A, 0xBB, 0xF0, 0xC8, 0xD2, 0x22, 0xE4, 0xB8, 0x79, 0x7E, 0xEF,
    0x42, 0x8E, 0x1B, 0x4E, 0x29, 0x25, 0xBB, 0xE6, 0x94, 0x96, 0x22, 0x72, 0xBC, 0x24, 0x78, 0xB5,
    0x63, 0xB0, 0x84, 0xEF, 0x9B, 0x5A, 0x70, 0xB1, 0x39, 0x8B, 0x41, 0x96, 0x19, 0xD1, 0x2D, 0x88,
    0xAB, 0x3E, 0x6E, 0xDE, 0xDF, 0xB9, 0xB5, 0xF8, 0xC2, 0x8C, 0x85, 0xB9, 0x55, 0x01, 0xF8, 0x7B,
    0x12, 0xA7, 0x12, 0x6B, 0xC0, 0x2E, 0x00, 0x27, 0x05, 0xAC, 0xA1, 0xB4, 0x75, 0xF0, 0xE1, 0xB7,
    0x6A, 0xA7, 0x64, 0xC6, 0xB0, 0xD6, 0xC7, 0xCF, 0x4B, 0xC4, 0xC7, 0x8D, 0x93, 0x36, 0x86, 0x31,
    0x19, 0x70, 0xD2, 0x5C, 0xC5, 0xE2, 0x42, 0xE3, 0xE4, 0x56, 0xEB, 0xC7, 0x98, 0x86, 0xC0, 0x3F,
    0x3B, 0x0B, 0xE0, 0x8A, 0xC4, 0x5D, 0x89, 0x8D, 0xA6, 0xBB, 0x40, 0xBB, 0xF9, 0x02, 0xBF, 0x6B,
    0xE4, 0xF5, 0x6D, 0x89, 0x51, 0xD7, 0x00, 0x58, 0x82, 0xC7, 0xA5, 0xA4, 0x67, 0xAD, 0xC5, 0x3F,
    0xA9, 0x85, 0x5F, 0x8A, 0x59, 0x0D, 0x77, 0x3E, 0x8B, 0xFD, 0xD4, 0xCF, 0x42, 0x78, 0x59, 0x04,
    0x37, 0xE6, 0xBD, 0x51, 0x0C, 0x84, 0x39, 0xE0, 0xB7, 0x7C, 0x2B, 0x39, 0x90, 0xC8, 0x17, 0xD7,
    0xC4, 0x40, 0x92, 0x01, 0x7E, 0x01, 0xB8, 0xE5, 0x19, 0xC9, 0xDD, 0x15, 0x89, 0xDB, 0x70, 0x8B,
    0x48, 0x38, 0x07, 0xEF, 0xCE, 0x60, 0x9B, 0xDB, 0x30, 0x66, 0xD2, 0x3A, 0xE5, 0xBD, 0xFE, 0x4D,
    0x5A, 0x63, 0x6E, 0x3C, 0xDB, 0x44, 0x37, 0x9E, 0x85, 0x86, 0xA3, 0x3F, 0xE5, 0x9B, 0xF2, 0xB8,
    0xC9, 0x11, 0xE1, 0x81, 0x3E, 0x1B, 0xFA, 0xEA, 0x1A, 0x9C, 0x2C, 0x71, 0x33, 0x86, 0xC3, 0xE6,
    0x09, 0x20, 0xF9, 0xE6, 0xB7, 0x6F, 0x0B, 0xF1, 0xE1, 0x67, 0x47, 0x26, 0x66, 0xAE, 0xE4, 0xAD,
    0x49, 0xA6, 0x17, 0x9D, 0x12, 0x27, 0x84, 0xD8, 0x15, 0x4E, 0x0B, 0x41, 0xDD, 0x91, 0x06, 0x67,
    0x3B, 0xB2, 0xDE, 0x91, 0x5D, 0xFD, 0xCD, 0xAE, 0xF4, 0x4E, 0x53, 0x0A, 0x71, 0x0B, 0x93, 0x23,
    0x7C, 0x6B, 0x96, 0x26, 0xB1, 0x6D, 0x4C, 0x0D, 0x63, 0x24, 0x53, 0x7C, 0xFB, 0xD6, 0x6C, 0x8E,
    0xAE, 0xF5, 0x7D, 0x2C, 0x62, 0x24, 0xCC, 0x21, 0xDD, 0x69, 0x4B, 0x72, 0xC6, 0x8B, 0x02, 0x4A,
    0xAC, 0x5A, 0x09, 0x9A, 0xD5, 0x84, 0xB7, 0xE8, 0x03, 0x4C, 0x5D, 0x1E, 0xD7, 0xBC, 0xCC, 0xC1,
    0xFE, 0x96, 0xB1, 0xBF, 0x6D, 0x65, 0x6C, 0xD6, 0x4E, 0xC6, 0x9E, 0x66, 0x2B, 0x5A, 0x19, 0x5E,
    0x12, 0x4C, 0x57, 0xF4, 0xB7, 0x4A, 0xFB, 0x9B, 0xD1, 0x2B, 0x61, 0xDF, 0xEB, 0x8E, 0x84, 0x5B,
    0x8B, 0xD8, 0x9F, 0xB3, 0xF9, 0xFB, 0x06, 0xB0, 0x5F, 0x21, 0x3B, 0xAF, 0x20, 0x06, 0x29, 0x71,
    0x83, 0x80, 0x1B, 0x8A, 0x57, 0x47, 0xB2, 0x06, 0xA6, 0x91, 0x9A, 0x43, 0x52, 0x61, 0x48, 0x70,
    0x1D, 0xC4, 0x92, 0xE8, 0x64, 0x44, 0x1F, 0xC4, 0x75, 0xC5, 0x92, 0x68, 0x2A, 0xE2, 0x5E, 0x4B,
    0x2C, 0x67, 0x8A, 0x51, 0x77, 0x67, 0x41, 0x74, 0x2B, 0xA2, 0xDD, 0x10, 0x61, 0x14, 0xA3, 0x8C,
    0x18, 0x14, 0x4C, 0xCB, 0x5B, 0x30, 0x5D, 0x6B, 0x06, 0x1C, 0x8F, 0x21, 0xC1, 0xCD, 0x89, 0x76,
    0x39, 0xCA, 0xE1, 0x33, 0x8A, 0xC7, 0xC6, 0xF9, 0x8C, 0x4C, 0x26, 0xCF, 0x06, 0x8B, 0x78, 0x59,
    0xE0, 0x28, 0x06, 0x8A, 0xFF, 0x50, 0xF1, 0x37, 0x44, 0xE7, 0x16, 0xD1, 0x73, 0x88, 0xA7, 0x14,
    0x2F, 0x2B, 0x16, 0xC4, 0xDF, 0x64, 0x44, 0x03, 0x62, 0xA3, 0x58, 0x61, 0x89, 0x6D, 0x97, 0x56,
    0x97, 0x2E, 0x02, 0x9C, 0x05, 0x22, 0x44, 0x02, 0x3F, 0x58, 0x00, 0x1E, 0xA5, 0x22, 0x9E, 0x1A,
    0xD7, 0xE1, 0x64, 0x8E, 0xAD, 0xDB, 0xBE, 0x3C, 0x99, 0xB9, 0x02, 0xB1, 0xF0, 0xF3, 0x60, 0x35,
    0x78, 0x1C, 0x68, 0xF1, 0x59, 0x20, 0xC1, 0x1A, 0x45, 0xC5, 0x45, 0x20, 0xC8, 0x0A, 0x0A, 0x97,
    0x1C, 0x70, 0x7F, 0xCA, 0x2A, 0xFB, 0x20, 0x06, 0x6C, 0x43, 0x3E, 0x0B, 0xC2, 0x2E, 0xE1, 0x0A,
    0xA1, 0x02, 0x2C, 0x53, 0x10, 0x32, 0x00, 0x37, 0xFB, 0x84, 0xB4, 0x12, 0x26, 0x5D, 0x25, 0x3C,
    0xFA, 0x8F, 0xB7, 0xB7, 0x79, 0xBE, 0x86, 0x61, 0xC8, 0x60, 0x99, 0x14, 0x9A, 0x13, 0x86, 0x6D,
    0xC5, 0xF5, 0x11, 0x3E, 0xA9, 0x18, 0x29, 0x26, 0x31, 0x71, 0x96, 0x11, 0x7F, 0x45, 0xB4, 0x7E,
    0x5C, 0x08, 0xCA, 0x3B, 0x21, 0x7E, 0xAD, 0x12, 0xF4, 0xBE, 0x50, 0x0B, 0xFA, 0x68, 0x04, 0x4F,
    0xEB, 0xD8, 0x70, 0x06, 0x3B, 0x64, 0xA6, 0x2C, 0x76, 0xBE, 0x39, 0x8B, 0x01, 0x4D, 0x16, 0x05,
    0x5B, 0xB7, 0x9D, 0xE9, 0xB8, 0xD3, 0x0D, 0x40, 0x29, 0x28, 0x0E, 0x04, 0x6B, 0x4C, 0x6E, 0xE3,
    0xA4, 0xBC, 0xA6, 0x86, 0xAF, 0xA9, 0x1B, 0x4A, 0xBE, 0xC9, 0x1E, 0x79, 0x79, 0x34, 0x94, 0x2C,
    0x0F, 0x9C, 0xA9, 0xB3, 0x77, 0xA1, 0x92, 0xEF, 0x8D, 0xC4, 0x1D, 0x89, 0xD1, 0x52, 0x9C, 0x4A,
    0xEF, 0x6C, 0xBC, 0xBD, 0x49, 0x69, 0xCC, 0x22, 0x96, 0x88, 0xE0, 0xC3, 0x6F, 0x17, 0xD2, 0xA0,
    0xF4, 0x99, 0x51, 0x94, 0x74, 0x6C, 0x91, 0x13, 0x27, 0x73, 0xE1, 0x19, 0x0B, 0xCF, 0x72, 0x35,
    0x4F, 0xBD, 0xD6, 0x78, 0x92, 0x2E, 0x79, 0x3E, 0x8A, 0x21, 0x4F, 0x85, 0x18, 0x85, 0x72, 0xA5,
    0xA2, 0x75, 0x04, 0x27, 0x0E, 0xC2, 0xA9, 0x01, 0xCE, 0x10, 0xD6, 0x07, 0xB8, 0x4C, 0xB8, 0x4E,
    0x50, 0xB9, 0x56, 0x08, 0x38, 0x99, 0x80, 0x9B, 0x0A, 0x6C, 0xFD, 0x8D, 0x08, 0x47, 0xC3, 0xC0,
    0x56, 0x3A, 0xAB, 0x05, 0xC2, 0x52, 0xC0, 0x27, 0x78, 0x05, 0x21, 0x15, 0xB0, 0x1F, 0x85, 0xEE,
    0x12, 0x35, 0xBE, 0x91, 0x0F, 0x82, 0xEA, 0xB8, 0xB9, 0xED, 0xB6, 0x14, 0x14, 0x11, 0x9C, 0x02,
    0xB8, 0x2E, 0xD4, 0x4D, 0xBB, 0x26, 0xE3, 0x03, 0x12, 0x23, 0x6D, 0x8B, 0x6E, 0x1A, 0xC9, 0x6F,
    0xD4, 0x34, 0x22, 0x2B, 0xD7, 0xAE, 0x14, 0xB9, 0x59, 0xAF, 0x6B, 0x90, 0xDA, 0xF3, 0xE4, 0x42,
    0xC9, 0xFB, 0xCA, 0xC8, 0xA9, 0xF8, 0x5C, 0x1E, 0x59, 0x0D, 0x4B, 0x94, 0x45, 0xDA, 0xBA, 0x23,
    0xFE, 0x8B, 0x21, 0xDF, 0x23, 0xB9, 0x06, 0xAB, 0x21, 0xFF, 0x02, 0x4E, 0xC5, 0xF4, 0x24, 0x83,
    0x9A, 0x7E, 0x83, 0x24, 0x93, 0xFC, 0xC0, 0xA4, 0x0B, 0x48, 0xFE, 0xE4, 0x46, 0x8E, 0x3E, 0xFE,
    0x3C, 0x49, 0xA3, 0xCC, 0x2B, 0xE4, 0x86, 0x32, 0x18, 0x4A, 0xE6, 0x6A, 0x97, 0x57, 0xE5, 0x32,
    0xAC, 0x81, 0x63, 0x93, 0x14, 0x64, 0x04, 0x8B, 0xF5, 0xD8, 0x30, 0xFE, 0xA1, 0xC4, 0x44, 0xA3,
    0x5D, 0x45, 0x99, 0x3C, 0x3B, 0x9F, 0xA4, 0xD6, 0xAC, 0xFE, 0x9D, 0x90, 0x7B, 0x5A, 0x1F, 0x40,
    0x48, 0xC9, 0xD7, 0x8B, 0x3E, 0x3C, 0xF5, 0x3B, 0x22, 0x99, 0x3F, 0xD9, 0xF1, 0x6B, 0xA9, 0xD3,
    0x1D, 0x19, 0x4E, 0x10, 0x4E, 0x0F, 0x70, 0x76, 0xE8, 0x83, 0xBB, 0x02, 0xAA, 0xE9, 0x98, 0x92,
    0x90, 0x23, 0x99, 0x27, 0xEC, 0xDF, 0x46, 0x95, 0xCB, 0x72, 0xB2, 0xA0, 0x6A, 0x79, 0xD5, 0x31,
    0x80, 0xD7, 0xC8, 0x85, 0x18, 0x27, 0x84, 0xBC, 0x23, 0xFD, 0x59, 0xC8, 0x1B, 0xC2, 0x43, 0xC8,
    0xEB, 0x05, 0xD6, 0x84, 0x7C, 0xAF, 0xC4, 0x45, 0x21, 0xA2, 0x7C, 0x97, 0x42, 0x5E, 0xAB, 0x91,
    0x0B, 0xC9, 0x1A, 0x3B, 0x23, 0x69, 0x1D, 0x25, 0x89, 0x1B, 0x93, 0x44, 0x1E, 0x48, 0xC2, 0x7F,
    0xA7, 0x24, 0xF8, 0xDF, 0x4A, 0xFC, 0x46, 0x89, 0x57, 0x2B, 0x71, 0x2A, 0x21, 0x13, 0x11, 0x80,
    0x92, 0xBA, 0x69, 0xAC, 0xC2, 0x37, 0xE5, 0xF2, 0x7B, 0x3F, 0xE2, 0xC7, 0x18, 0x23, 0x28, 0xC3,
    0xCA, 0x11, 0xEF, 0x5F, 0xF1, 0xDE, 0x29, 0xF4, 0x61, 0x2D, 0x2E, 0x54, 0x54, 0x1E, 0x76, 0xA8,
    0xE2, 0x84, 0x71, 0xC4, 0x4E, 0xB6, 0x01, 0x78, 0xD9, 0x94, 0x5D, 0x4E, 0xDF, 0xDE, 0x4A, 0xD8,
    0x15, 0x28, 0xF4, 0x3E, 0x7D, 0x42, 0x9F, 0x55, 0x2E, 0x5E, 0x81, 0xED, 0x8E, 0xB3, 0xA6, 0x61,
    0x18, 0x32, 0x11, 0x45, 0xDF, 0x6A, 0xF1, 0xDB, 0x19, 0x73, 0xBB, 0xF1, 0xBD, 0x1B, 0xEB, 0xA9,
    0x4A, 0x06, 0x1F, 0xCE, 0xB2, 0x4E, 0xA5, 0x57, 0x5D, 0xB3, 0x39, 0x18, 0x79, 0x8D, 0xFF, 0x82,
    0xDC, 0x31, 0x0B, 0xA9, 0xD8, 0xF8, 0xA8, 0x93, 0xA3, 0xDA, 0x29, 0xAC, 0xD6, 0x4F, 0xD1, 0x86,
    0xC0, 0xEE, 0x86, 0x8E, 0xE8, 0xC3, 0xE4, 0x68, 0x39, 0x0E, 0x93, 0xA3, 0x8D, 0xFD, 0xC9, 0x51,
    0x8A, 0xDF, 0x77, 0x0B, 0x3C, 0x63, 0x2D, 0x5E, 0xD4, 0xC9, 0x91, 0xAA, 0xBB, 0xAA, 0xED, 0x5E,
    0x67, 0x9F, 0x53, 0x5D, 0x57, 0xE1, 0x09, 0x49, 0xB9, 0xCB, 0xD2, 0x83, 0x00, 0x75, 0x5B, 0x30,
    0xF3, 0x83, 0xAE, 0x35, 0xA1, 0xAE, 0xE5, 0x65, 0xAE, 0x00, 0x75, 0x2D, 0x9F, 0x42, 0xFA, 0x14,
    0xD0, 0x62, 0x7D, 0xD0, 0xB5, 0xAE, 0x51, 0xF3, 0x2D, 0x01, 0xFF, 0x55, 0xEA, 0x5A, 0x3F, 0xBB,
    0xB7, 0xAE, 0xC5, 0x84, 0x06, 0x5D, 0x0B, 0x8E, 0x69, 0x04, 0x2D, 0xD1, 0x2F, 0x58, 0x63, 0x52,
    0x65, 0xD6, 0x62, 0xEB, 0x47, 0x0D, 0xBC, 0xDC, 0xCF, 0x22, 0x84, 0xB1, 0x9F, 0xB1, 0xAD, 0xF9,
    0x99, 0x97, 0x4F, 0x05, 0xD9, 0xDA, 0x38, 0x09, 0xB8, 0x13, 0xA7, 0xC4, 0x62, 0x47, 0xEF, 0x8C,
    0xF4, 0x29, 0x5F, 0x39, 0xD8, 0x73, 0xFF, 0xB5, 0x06, 0x98, 0x18, 0x93, 0xB3, 0x7C, 0x04, 0x2B,
    0xB9, 0xDD, 0xA7, 0xAB, 0x92, 0xAD, 0x92, 0xE6, 0x97, 0xE4, 0x76, 0x83, 0x70, 0x28, 0xD7, 0x75,
    0x20, 0x4C, 0x39, 0x96, 0xDC, 0xCA, 0x00, 0xF7, 0x17, 0x31, 0xE0, 0x68, 0x41, 0x9A, 0x41, 0x2F,
    0x33, 0x12, 0xED, 0x77, 0xF8, 0xEB, 0x57, 0x72, 0xE0, 0x04, 0x2B, 0x6F, 0xDD, 0xAE, 0x21, 0x4F,
    0xB6, 0x40, 0x89, 0x84, 0xE3, 0x66, 0x94, 0x06, 0x95, 0x35, 0xBB, 0x9D, 0xB4, 0x92, 0xD4, 0x27,
    0xA3, 0x52, 0xEE, 0xC5, 0xBD, 0x4A, 0x29, 0x21, 0x54, 0xF4, 0x14, 0x9D, 0x11, 0xDA, 0x8A, 0x48,
    0xB5, 0x17, 0x64, 0x92, 0xBD, 0xFB, 0xC8, 0xA1, 0x55, 0x13, 0x61, 0xE2, 0x89, 0x60, 0x68, 0x3E,
    0x12, 0xC4, 0x0B, 0x0E, 0x11, 0x77, 0x47, 0x49, 0x4B, 0x50, 0x93, 0xF6, 0x4C, 0xA9, 0x35, 0x64,
    0x9B, 0xBC, 0xCB, 0x41, 0x04, 0x81, 0x4F, 0x98, 0xB2, 0x16, 0x93, 0x41, 0x35, 0xFF, 0x9D, 0xCF,
    0xA7, 0xBE, 0xEF, 0xE1, 0x8D, 0x03, 0x61, 0x4F, 0xBD, 0x9E, 0x3A, 0x3D, 0xB5, 0x97, 0x28, 0xDF,
    0xBE, 0x01, 0x16, 0x32, 0xBE, 0xA2, 0xA4, 0x02, 0x55, 0x0C, 0x10, 0x13, 0x30, 0x02, 0x33, 0x47,
    0x6F, 0x59, 0xC8, 0xBA, 0x89, 0x79, 0x25, 0x80, 0x9A, 0xD0, 0x1C, 0x84, 0x7A, 0x7F, 0x90, 0x75,
    0x0B, 0xB5, 0x22, 0x38, 0x9D, 0x0D, 0x01, 0x7D, 0x4F, 0xE8, 0xBB, 0x02, 0x24, 0x1E, 0x85, 0x18,
    0xBD, 0xBB, 0x57, 0xFF, 0x55, 0x26, 0x2B, 0x99, 0x76, 0x64, 0xA3, 0x23, 0xD1, 0x61, 0x64, 0x63,
    0x7C, 0xA7, 0xCA, 0xF6, 0xC9, 0xDE, 0xA4, 0x50, 0xD9, 0xBF, 0x60, 0x5E, 0x3A, 0x9B, 0xC6, 0x4A,
    0xD5, 0x9F, 0x49, 0x8F, 0xA7, 0x1D, 0xD3, 0x9E, 0x65, 0x34, 0x8A, 0xFC, 0x7B, 0x4A, 0xE6, 0x9E,
    0x70, 0x26, 0x5B, 0xEA, 0x94, 0xBE, 0xE8, 0x96, 0x91, 0x08, 0xA5, 0x28, 0xB6, 0xAA, 0x00, 0x68,
    0x46, 0xB2, 0x3D, 0xD2, 0x18, 0x18, 0x83, 0x63, 0x9B, 0xC9, 0xF0, 0x77, 0xF7, 0xDB, 0xF6, 0xDF,
    0x05, 0x76, 0x77, 0x80, 0x3A, 0x81, 0x5D, 0x46, 0x99, 0x9B, 0x07, 0xF3, 0x7D, 0x2B, 0x16, 0x95,
    0x12, 0x66, 0x75, 0xF6, 0xEF, 0x1B, 0xEA, 0x4D, 0x35, 0x02, 0xA9, 0x13, 0xB7, 0x80, 0x97, 0x39,
    0x7C, 0x6D, 0x4E, 0x21, 0xE3, 0x53, 0x0A, 0x4E, 0x96, 0xC2, 0x18, 0x96, 0xA8, 0x11, 0xE4, 0x59,
    0x77, 0xA4, 0x91, 0xEA, 0x57, 0xB2, 0x97, 0x90, 0xF0, 0xE2, 0x98, 0x84, 0xDD, 0x9D, 0x41, 0xF7,
    0x9C, 0xDF, 0x71, 0xF1, 0x3A, 0x9E, 0x4E, 0x97, 0x82, 0xC5, 0xF4, 0xA8, 0x02, 0x4A, 0xEA, 0xC6,
    0xE0, 0xB8, 0xE4, 0x45, 0xC0, 0x94, 0x88, 0xFE, 0xCF, 0xEC, 0x2A, 0x5A, 0x44, 0xB0, 0x6B, 0x6D,
    0x8D, 0x77, 0x82, 0x5D, 0x09, 0xA0, 0x21, 0x24, 0x57, 0x05, 0x3C, 0x63, 0x04, 0x98, 0x13, 0x3F,
    0x8F, 0x80, 0x28, 0xE5, 0x0F, 0x10, 0x58, 0xA8, 0xCA, 0x2F, 0xE0, 0xF1, 0x89, 0x49, 0x21, 0x66,
    0x35, 0x13, 0xAB, 0x79, 0xAD, 0x40, 0xF8, 0x73, 0xF9, 0x21, 0xDE, 0x51, 0x35, 0xF9, 0xB8, 0x44,
    0x74, 0x91, 0x79, 0x40, 0xF4, 0x56, 0xA2, 0xD3, 0x88, 0x66, 0x88, 0x09, 0xA6, 0x90, 0xEB, 0x2F,
    0x4F, 0x72, 0xAF, 0x0E, 0x4A, 0x00, 0x39, 0xAC, 0x49, 0x86, 0xC4, 0x48, 0x3B, 0x9C, 0xC3, 0xBF,
    0x0D, 0x84, 0xFD, 0x94, 0xFA, 0x92, 0x8C, 0x07, 0xDF, 0x11, 0x4B, 0xE1, 0x7F, 0x8B, 0x83, 0x74,
    0x21, 0x25, 0x6D, 0x55, 0xA9, 0x71, 0xCA, 0xE5, 0xB8, 0x3B, 0x58, 0x16, 0xBD, 0x2C, 0x90, 0x7B,
    0xDD, 0x77, 0x6F, 0x02, 0xB3, 0xDB, 0x98, 0x99, 0x05, 0xC2, 0xBD, 0x49, 0xC6, 0x57, 0x31, 0xD8,
    0x05, 0xF5, 0x7B, 0x20, 0x69, 0xB5, 0xD2, 0x66, 0x27, 0xE9, 0xF0, 0xDB, 0xE8, 0x77, 0x3E, 0x33,
    0x33, 0x2D, 0x65, 0x4B, 0xF2, 0x56, 0xE2, 0x67, 0xBE, 0x7E, 0x3C, 0xE9, 0x52, 0x7E, 0x86, 0x43,
    0x3F, 0xC9, 0x1E, 0x2B, 0xDE, 0x97, 0x07, 0x8E, 0xEF, 0x9D, 0x6F, 0x21, 0x5C, 0x0E, 0xC4, 0xA2,
    0x8B, 0x56, 0x2E, 0x51, 0x72, 0x63, 0x4B, 0x74, 0x98, 0x72, 0x2C, 0x6F, 0x52, 0xF2, 0xBE, 0x25,
    0x02, 0xC2, 0x74, 0x3A, 0x6E, 0x54, 0xE9, 0x94, 0x52, 0x67, 0x94, 0x6E, 0xDE, 0xD9, 0x89, 0x6D,
    0x6B, 0x96, 0xC3, 0x93, 0x3A, 0x0E, 0x11, 0x61, 0x03, 0x41, 0xBC, 0x0B, 0x3F, 0x65, 0x47, 0x66,
    0xA4, 0x4C, 0x69, 0x37, 0x37, 0x63, 0x55, 0x54, 0x46, 0x16, 0x5C, 0xA9, 0x85, 0xD8, 0x9B, 0x77,
    0xF5, 0x60, 0x4A, 0xD3, 0x44, 0x4D, 0x92, 0x27, 0x55, 0x50, 0x79, 0x1C, 0x80, 0x63, 0x3B, 0xF7,
    0xB3, 0x53, 0x2A, 0x52, 0xD6, 0x80, 0x75, 0x3F, 0x2B, 0x81, 0xD3, 0xFE, 0x6B, 0x39, 0xC7, 0x08,
    0x53, 0x00, 0xD1, 0xD6, 0xDB, 0x25, 0x30, 0xF5, 0x5F, 0x6D, 0x40, 0xFB, 0x7C, 0x0B, 0xBB, 0xE2,
    0x90, 0xED, 0xCA, 0xFD, 0x61, 0xEA, 0xE7, 0x1C, 0xC2, 0x93, 0x34, 0xA9, 0xDC, 0x7A, 0x01, 0xD3,
    0x58, 0xAD, 0xE8, 0x3F, 0xC9, 0xCB, 0x65, 0x63, 0x35, 0x15, 0x9A, 0x27, 0xD0, 0xC0, 0xAA, 0x20,
    0x95, 0x6A, 0x62, 0xEB, 0xC5, 0x4A, 0x2D, 0xA7, 0xD1, 0xE7, 0x58, 0xAE, 0xA8, 0xC1, 0x34, 0x79,
    0xB9, 0xF6, 0xA8, 0x2C, 0x39, 0xA6, 0x0C, 0x5B, 0xCB, 0xE4, 0x07, 0x5A, 0xE3, 0x4C, 0xC0, 0x31,
    0x02, 0x3E, 0xFF, 0x5C, 0x17, 0x78, 0xAF, 0x14, 0xF8, 0x20, 0x13, 0xD0, 0xE6, 0x77, 0xB0, 0x11,
    0x2B, 0x03, 0x65, 0x85, 0x2B, 0x4E, 0xAE, 0x7D, 0x05, 0x98, 0x79, 0x3A, 0xD0, 0xA5, 0xC3, 0xBA,
    0x05, 0x30, 0x33, 0x3E, 0x53, 0x3B, 0xFE, 0x80, 0xA9, 0x91, 0x81, 0xB2, 0x22, 0xC8, 0x9F, 0x6E,
    0x4B, 0x06, 0x85, 0x80, 0x9B, 0x0A, 0x9C, 0x00, 0xB9, 0x10, 0x54, 0x30, 0x55, 0x02, 0x7B, 0xAA,
    0x67, 0xEF, 0x10, 0xA2, 0x98, 0x09, 0x65, 0x02, 0x5E, 0xC1, 0xC7, 0x2A, 0x61, 0x80, 0x05, 0x66,
    0xC2, 0x88, 0xD2, 0xD7, 0x64, 0xD6, 0x74, 0xD3, 0xC4, 0x58, 0x47, 0x83, 0xA3, 0xC0, 0x65, 0x42,
    0x25, 0x60, 0x97, 0x02, 0x89, 0x42, 0xE6, 0x9A, 0x38, 0x8A, 0x03, 0x93, 0xCD, 0x1A, 0xDA, 0x27,
    0x84, 0x3F, 0x4C, 0x21, 0x25, 0xB1, 0x0D, 0x9C, 0xEE, 0xF3, 0xAB, 0xD4, 0x4D, 0x38, 0x4B, 0xF2,
    0x23, 0xC1, 0xFC, 0x44, 0xC4, 0x39, 0xD2, 0x19, 0xC1, 0x5B, 0xE5, 0x9A, 0xE0, 0x6B, 0xF5, 0x25,
    0xC1, 0xAC, 0x29, 0x89, 0x37, 0x73, 0x62, 0x92, 0x11, 0x29, 0x03, 0xC2, 0x2A, 0xB0, 0x4C, 0x31,
    0x6B, 0x7C, 0xD7, 0xD4, 0x2C, 0x7F, 0x21, 0xE5, 0x97, 0xFE, 0xCA, 0x84, 0x0F, 0x05, 0x63, 0x04,
    0xF6, 0x36, 0x57, 0xFC, 0x4A, 0x50, 0x06, 0xCA, 0x8A, 0x2D, 0xD4, 0x93, 0x1E, 0xCB, 0x9E, 0xBB,
    0xC1, 0xB9, 0xCB, 0x8A, 0x5E, 0x2E, 0xB1, 0x90, 0xDF, 0x72, 0xDE, 0x13, 0xC6, 0x41, 0xCC, 0x67,
    0xAC, 0x59, 0xA1, 0x96, 0x66, 0xE9, 0xB2, 0x9B, 0x7D, 0x7E, 0xEE, 0x0F, 0x46, 0xF9, 0x99, 0xC9,
    0x3F, 0x84, 0xBF, 0xA0, 0x24, 0x6F, 0x90, 0xB0, 0x1D, 0x84, 0xD4, 0xB0, 0x83, 0x54, 0x47, 0xD5,
    0xD5, 0xC0, 0x5B, 0x78, 0x33, 0x9C, 0x16, 0x3B, 0xD2, 0x90, 0x74, 0x28, 0x98, 0xE5, 0xAB, 0x75,
    0xFA, 0xA0, 0xD5, 0xD6, 0x19, 0x83, 0xC5, 0xF0, 0xDF, 0x6D, 0xC3, 0x38, 0xDA, 0x40, 0x38, 0xE5,
    0x5C, 0x16, 0x4B, 0x1F, 0x76, 0x22, 0x48, 0x3E, 0x5C, 0x6F, 0xEF, 0xA6, 0x68, 0xAE, 0x52, 0xE4,
    0x7A, 0xBA, 0xF5, 0x56, 0x7D, 0xDD, 0xCF, 0x2E, 0x5F, 0x93, 0x3E, 0xCC, 0x48, 0x31, 0x74, 0xAF,
    0xC8, 0xC1, 0xCF, 0x36, 0xEC, 0xB4, 0x9E, 0x91, 0xFE, 0x6B, 0x2F, 0xE0, 0x17, 0xB8, 0x41, 0x61,
    0x73, 0xBD, 0x33, 0x18, 0xD8, 0x95, 0x55, 0xC0, 0xAA, 0xED, 0x8C, 0xDD, 0x49, 0x60, 0xC7, 0x8D,
    0x81, 0xC8, 0x07, 0x10, 0xFE, 0x63, 0x01, 0xFF, 0xBF, 0x08, 0x78, 0x8D, 0x80, 0x5B, 0xEF, 0x97,
    0xC2, 0x52, 0xC8, 0xF7, 0x95, 0x18, 0x37, 0x15, 0x08, 0x78, 0xEF, 0x82, 0xA0, 0xF7, 0x16, 0xD8,
    0x0F, 0x11, 0xFF, 0xFE, 0x03, 0x02, 0x0E, 0x81, 0x89, 0xB9, 0x0D, 0x67, 0xDE, 0xCE, 0x28, 0xDA,
    0x28, 0x6F, 0x1A, 0xF6, 0x9E, 0xC6, 0xAE, 0x76, 0xD1, 0x58, 0x75, 0x03, 0xF9, 0xB7, 0x04, 0x53,
    0xFE, 0xA0, 0xB7, 0xE8, 0xCD, 0xFA, 0x98, 0x32, 0x50, 0x56, 0xC0, 0xAA, 0x84, 0x4E, 0x9A, 0x58,
    0xA7, 0x18, 0x12, 0x43, 0x83, 0xA0, 0x3D, 0x39, 0x97, 0x92, 0xAB, 0x0C, 0x61, 0xF6, 0x37, 0xB4,
    0xBC, 0x7F, 0xB6, 0x6F, 0xDC, 0x73, 0x14, 0x6A, 0x81, 0x13, 0x6A, 0xA4, 0x8D, 0x04, 0x2E, 0xAA,
    0x1A, 0x46, 0x7B, 0x6C, 0xCE, 0x57, 0xCE, 0x99, 0xCA, 0xAC, 0x11, 0x86, 0x34, 0xD3, 0x65, 0x22,
    0x18, 0x4D, 0xAC, 0xBA, 0xD6, 0x7D, 0x42, 0xF2, 0xD6, 0x66, 0xAB, 0x0A, 0xE3, 0xA0, 0xDC, 0x39,
    0x04, 0x9B, 0x60, 0x11, 0xA0, 0x90, 0x26, 0x6C, 0xAE, 0xC1, 0xDD, 0x7B, 0x62, 0x25, 0x60, 0xB5,
    0xC7, 0x1B, 0x20, 0x31, 0x02, 0x56, 0x7C, 0x48, 0x75, 0xE8, 0x62, 0x5D, 0x60, 0x0A, 0x36, 0xFF,
    0xD7, 0xBB, 0xBE, 0xFD, 0xE5, 0x9E, 0x67, 0x83, 0x87, 0x4A, 0xA4, 0x9B, 0xB6, 0x9B, 0xEC, 0x67,
    0x0C, 0x85, 0x91, 0x2A, 0xD3, 0xFA, 0x0A, 0x5A, 0xAD, 0x31, 0xBD, 0xE9, 0x21, 0x12, 0xD6, 0xE4,
    0x79, 0x49, 0x31, 0x1E, 0xEB, 0xDE, 0x7E, 0x36, 0xD6, 0xB8, 0xED, 0x8E, 0x58, 0x1D, 0x41, 0x4F,
    0x52, 0x2A, 0x4F, 0xF3, 0x24, 0x07, 0x95, 0xB0, 0x42, 0x62, 0x2E, 0x31, 0x1D, 0x14, 0x1B, 0x53,
    0x20, 0x7A, 0x91, 0xCA, 0xCC, 0x8E, 0xC4, 0xF1, 0xBF, 0x9B, 0x96, 0x79, 0xB1, 0x71, 0x0D, 0x07,
    0x0A, 0xE8, 0xA0, 0x03, 0x1D, 0x75, 0xF8, 0xD8, 0x4A, 0x34, 0x0B, 0xA2, 0x68, 0x1C, 0xBC, 0xE2,
    0x16, 0x44, 0xA7, 0x5C, 0x46, 0xAF, 0x88, 0xA8, 0xC9, 0xFC, 0x77, 0x72, 0x6E, 0x75, 0x0C, 0x02,
    0xC2, 0x76, 0xA5, 0x56, 0xAC, 0xFC, 0xEE, 0xD4, 0x6C, 0xBC, 0x41, 0xB3, 0x91, 0xF6, 0xCA, 0x11,
    0x1B, 0xF5, 0x75, 0x8A, 0x96, 0x0D, 0x2D, 0x57, 0x44, 0x3D, 0x74, 0x33, 0xD1, 0xEF, 0x1B, 0x17,
    0xB1, 0x5D, 0x61, 0xB7, 0xB1, 0xAA, 0xE4, 0x42, 0x71, 0x72, 0x81, 0xD9, 0xC2, 0xA2, 0x50, 0xAC,
    0x29, 0x73, 0xA9, 0xC3, 0x52, 0x18, 0xEE, 0xA8, 0xEE, 0x49, 0x69, 0xDD, 0xC9, 0xE7, 0x1E, 0x8D,
    0xE2, 0x9E, 0x62, 0x39, 0x60, 0xA1, 0x77, 0xE6, 0x2C, 0x0D, 0x9F, 0xA2, 0xFC, 0x56, 0x6E, 0x3D,
    0x67, 0x4C, 0xCC, 0xC2, 0x99, 0x6F, 0xD5, 0x5E, 0xE1, 0x67, 0xE3, 0x7F, 0x5E, 0x4E, 0xC1, 0xEA,
    0x67, 0x98, 0xB1, 0xB3, 0x6E, 0x65, 0xD8, 0xE5, 0x82, 0x23, 0x5F, 0x6E, 0xF7, 0x5B, 0x98, 0x25,
    0xF5, 0x4D, 0xC8, 0xB3, 0xFB, 0xB6, 0xE4, 0x2B, 0xBA, 0x98, 0x02, 0xB8, 0x18, 0xC2, 0x83, 0x6A,
    0x4F, 0x5E, 0x7A, 0x83, 0x77, 0x2B, 0x05, 0x1E, 0x94, 0xAF, 0x13, 0xBB, 0xF3, 0x89, 0xF2, 0x45,
    0x6F, 0x6D, 0x99, 0xF4, 0xF2, 0x99, 0x6D, 0x6E, 0xEB, 0xAD, 0x73, 0xFA, 0xDD, 0x7F, 0xCD, 0xC4,
    0xFE, 0xF7, 0xB7, 0x0A, 0xBF, 0x94, 0xD2, 0x17, 0x2C, 0x31, 0x9A, 0xA3, 0xC4, 0xA4, 0x46, 0x63,
    0xDA, 0x65, 0xEB, 0x15, 0x6B, 0x86, 0x35, 0x14, 0xE4, 0x6A, 0x81, 0xB7, 0xAF, 0xC2, 0xCF, 0x25,
    0xC3, 0x38, 0x0B, 0x5C, 0x83, 0x86, 0x8F, 0xAD, 0xEA, 0xF6, 0x23, 0x16, 0x38, 0x62, 0xED, 0xE2,
    0xC9, 0x46, 0xD3, 0xD1, 0x42, 0x63, 0x18, 0xB1, 0x36, 0x60, 0x85, 0xB1, 0xE7, 0xED, 0x4D, 0xE5,
    0x66, 0x2A, 0x27, 0x2F, 0x17, 0x53, 0xAB, 0x6C, 0x20, 0x9F, 0xD8, 0xC4, 0xB4, 0x57, 0xFB, 0x26,
    0xE6, 0x02, 0x5F, 0x50, 0xC3, 0x6E, 0x2E, 0xA2, 0x29, 0xD1, 0xD4, 0x76, 0xBD, 0x73, 0xA1, 0x94,
    0xD6, 0x69, 0x6B, 0xD3, 0xB5, 0x0B, 0x55, 0xE0, 0xCA, 0xC9, 0x3D, 0x5D, 0x03, 0xC4, 0x39, 0xE0,
    0xF4, 0x51, 0xEE, 0x1D, 0xF3, 0x8D, 0xCA, 0x60, 0xE5, 0xBD, 0xE3, 0xE9, 0x80, 0x9F, 0x25, 0xF1,
    0x1C, 0xAA, 0xA6, 0xC1, 0x9A, 0x9E, 0x5F, 0xC4, 0xD0, 0xA5, 0x9D, 0xBB, 0xA1, 0x31, 0xA9, 0xA0,
    0x4C, 0x4D, 0x05, 0x39, 0x1D, 0xBC, 0xAC, 0xD2, 0xA8, 0x22, 0xDA, 0x25, 0x31, 0x29, 0x79, 0x3D,
    0xC9, 0x82, 0xBD, 0xAD, 0x32, 0x8A, 0x13, 0x23, 0xE3, 0x07, 0x45, 0xA1, 0xAA, 0x21, 0x31, 0xF4,
    0xEE, 0xD5, 0x68, 0x24, 0xA4, 0x8E, 0x08, 0xB6, 0x6E, 0xEA, 0x6B, 0xD5, 0x44, 0x34, 0xCB, 0x68,
    0xD7, 0xC2, 0x4D, 0xEE, 0x21, 0x67, 0x13, 0x0F, 0xED, 0x0D, 0x13, 0x82, 0x4F, 0x60, 0x93, 0xD3,
    0x36, 0xA7, 0x7F, 0x6A, 0xAB, 0x03, 0x9B, 0x1D, 0xD8, 0xEE, 0xC0, 0x86, 0x77, 0x3F, 0xA3, 0x57,
    0x0D, 0x13, 0x73, 0xF6, 0x94, 0x03, 0x9F, 0x62, 0xB2, 0x21, 0x81, 0x3D, 0x00, 0xD5, 0xD8, 0xB4,
    0xA1, 0xE1, 0x61, 0x2B, 0xD3, 0xF8, 0xFB, 0x00, 0x48, 0x7B, 0xDB, 0x8A, 0x6A, 0x27, 0xB8, 0x84,
    0x51, 0x78, 0x84, 0xB3, 0x0F, 0x73, 0xE7, 0xEC, 0x23, 0x31, 0xAE, 0xC9, 0xC2, 0xB9, 0x65, 0x62,
    0x97, 0xEB, 0x32, 0x0E, 0xC1, 0xAE, 0x98, 0xA3, 0x06, 0x25, 0xB0, 0x8B, 0x02, 0xD8, 0xB1, 0x73,
    0x8A, 0xDF, 0x0C, 0x08, 0xBE, 0x9C, 0x02, 0xFE, 0x5F, 0x31, 0xF7, 0x6F, 0x08, 0x38, 0xAD, 0x80,
    0xDD, 0x08, 0xA0, 0x26, 0x54, 0x04, 0xD5, 0xB7, 0x8A, 0xFD, 0x21, 0xCC, 0x4F, 0x39, 0x7E, 0x43,
    0x60, 0x01, 0x90, 0x33, 0xB0, 0xA4, 0xA0, 0xDF, 0x27, 0xA8, 0x46, 0xAD, 0xBA, 0x35, 0xDC, 0x96,
    0x49, 0x0E, 0x89, 0x0F, 0xA0, 0xA5, 0xF4, 0x68, 0x4F, 0x75, 0x8A, 0xA8, 0x41, 0x90, 0xB9, 0xF5,
    0xDF, 0x69, 0x29, 0x5B, 0x1A, 0xCC, 0x78, 0xFD, 0x0A, 0x22, 0xB0, 0xD4, 0xBC, 0xA1, 0x12, 0x12,
    0x64, 0x76, 0x2D, 0xC4, 0xCF, 0xAC, 0x86, 0x24, 0x17, 0xB2, 0x26, 0xF7, 0x49, 0x29, 0x2F, 0xC9,
    0x7D, 0x52, 0xCB, 0xD7, 0xF8, 0x4E, 0x23, 0xD5, 0x43, 0x1F, 0xE7, 0xCA, 0xA5, 0x55, 0x9F, 0x09,
    0xBF, 0x48, 0x5D, 0x74, 0x2D, 0xF8, 0x5A, 0x2A, 0xE4, 0xA2, 0xFF, 0x3A, 0x80, 0x69, 0xE1, 0x7F,
    0x5F, 0x48, 0x92, 0xA9, 0x76, 0x19, 0xA5, 0x5E, 0x05, 0x68, 0x4A, 0x4A, 0x9C, 0x1C, 0x49, 0x1C,
    0x0A, 0xD9, 0xCA, 0x82, 0x98, 0x8D, 0x8A, 0xEB, 0xB9, 0x76, 0xE9, 0x09, 0x5A, 0xD4, 0xF1, 0xD4,
    0x56, 0x24, 0xB8, 0x6B, 0x97, 0x16, 0xBD, 0x9B, 0x2A, 0x3B, 0x43, 0xE4, 0xD4, 0x4E, 0x86, 0xD0,
    0xDD, 0x75, 0x63, 0x04, 0xFF, 0x68, 0xDB, 0x07, 0xFC, 0x7F, 0xBB, 0xF1, 0x0C, 0xE0, 0xFD, 0x32,
    0x5C, 0x03, 0xDC, 0x2A, 0x28, 0xD1, 0x35, 0x39, 0x08, 0x3B, 0xF5, 0x00, 0xA2, 0xF8, 0xDF, 0x1B,
    0xDB, 0xDF, 0x66, 0xEC, 0x4B, 0xA2, 0x93, 0x97, 0x10, 0xA5, 0xFC, 0x22, 0x15, 0xC4, 0xE7, 0x0E,
    0x5A, 0xE7, 0x6A, 0x81, 0xB7, 0x66, 0x31, 0x38, 0xAC, 0xA9, 0xE9, 0xED, 0xCE, 0x29, 0x84, 0x5E,
    0x93, 0xDA, 0x99, 0xC9, 0x7D, 0x92, 0x46, 0x3F, 0x44, 0xB0, 0x8B, 0xAE, 0x30, 0x80, 0x31, 0xCD,
    0xF3, 0x7B, 0xE7, 0xB0, 0x62, 0x8D, 0xFF, 0x90, 0x15, 0x13, 0xBB, 0x9A, 0xEC, 0x5D, 0xA0, 0x21,
    0x2C, 0x56, 0x21, 0x7E, 0x5B, 0xD7, 0x94, 0xFE, 0x93, 0xE1, 0x53, 0xDB, 0x88, 0x62, 0x21, 0x15,
    0xBA, 0x6A, 0xC3, 0x09, 0x08, 0x51, 0xBD, 0x9E, 0x95, 0x47, 0xE2, 0x8F, 0x89, 0x91, 0x10, 0x4B,
    0xBF, 0xDC, 0x7A, 0x6B, 0x73, 0xE9, 0x37, 0x3E, 0x90, 0x2B, 0x71, 0x49, 0x94, 0x19, 0x89, 0x5D,
    0x2A, 0x41, 0x0D, 0x9B, 0x09, 0xED, 0xC0, 0x8B, 0x99, 0xBA, 0x28, 0x01, 0xC6, 0xEC, 0xDB, 0xD1,
    0x82, 0x96, 0x39, 0x5A, 0x24, 0xBA, 0xE0, 0xE3, 0xE7, 0x64, 0xE1, 0xE5, 0x64, 0x7B, 0x3C, 0x26,
    0x02, 0x8A, 0x9A, 0x7A, 0xA3, 0x89, 0xBF, 0x80, 0xF1, 0x75, 0x4D, 0xB9, 0x4F, 0x91, 0x85, 0x45,
    0x2E, 0xDC, 0x6E, 0x5E, 0xA0, 0x25, 0x51, 0xB4, 0x18, 0xE0, 0x2C, 0x18, 0x66, 0x8A, 0x86, 0x60,
    0xBD, 0x93, 0x0A, 0xDA, 0x6F, 0x68, 0xB6, 0xBF, 0x9E, 0x0B, 0xBA, 0x2A, 0xC2, 0x7D, 0x9B, 0xF8,
    0xB8, 0xEA, 0x14, 0xA1, 0x69, 0x04, 0xFF, 0xA8, 0x9D, 0x52, 0x92, 0x34, 0x1B, 0x82, 0xD7, 0x9A,
    0x48, 0xB0, 0x68, 0x68, 0x94, 0xCB, 0x1B, 0x8A, 0xA2, 0x4C, 0x31, 0x6D, 0x68, 0xF3, 0x8B, 0xD5,
    0x31, 0x4A, 0xB0, 0x42, 0x92, 0x37, 0x5E, 0x0B, 0x53, 0x36, 0xA1, 0x41, 0xD7, 0x40, 0xB5, 0xB1,
    0x9E, 0x20, 0xC3, 0x33, 0xBB, 0x02, 0x6B, 0x64, 0x77, 0x91, 0xDC, 0x5E, 0x09, 0xFA, 0x15, 0x1E,
    0xFB, 0x9D, 0x1F, 0xE7, 0x70, 0xBE, 0x72, 0xAB, 0x80, 0xEB, 0xDF, 0x2A, 0xF1, 0x29, 0xFF, 0xD5,
    0x1A, 0x8F, 0x53, 0xAD, 0x38, 0xE3, 0x67, 0x52, 0x18, 0x11, 0xD2, 0xA9, 0xF1, 0x6F, 0x75, 0xD6,
    0x51, 0x3F, 0xEE, 0x2C, 0xA4, 0xA1, 0x96, 0x1D, 0x88, 0xF2, 0x8E, 0xFE, 0x65, 0xD1, 0xD1, 0xEF,
    0x94, 0x1D, 0xFD, 0x49, 0xA5, 0xD4, 0xCA, 0x1A, 0xA5, 0x4E, 0x36, 0x55, 0xEA, 0xC6, 0x14, 0xA8,
    0x86, 0x01, 0x9C, 0xAF, 0xFF, 0x69, 0x32, 0x49, 0x79, 0xFD, 0x54, 0xE4, 0x67, 0xA4, 0x67, 0x22,
    0x2F, 0x27, 0x5D, 0x8B, 0x9C, 0x82, 0xF4, 0x7A, 0x6F, 0xB8, 0x2D, 0x23, 0x5D, 0x58, 0xB0, 0x8A,
    0x08, 0x6A, 0xEF, 0xCC, 0x23, 0x4C, 0x85, 0x3A, 0x42, 0x67, 0x92, 0x9F, 0xA0, 0x8A, 0x2C, 0x93,
    0xD2, 0x6F, 0x21, 0xF2, 0x4C, 0xC1, 0xB7, 0x9A, 0x31, 0x97, 0x91, 0xF2, 0xFA, 0xCB, 0x92, 0xF8,
    0x6B, 0xC5, 0x82, 0x5C, 0xEC, 0x4C, 0xB5, 0xC4, 0x74, 0xBB, 0xCB, 0x09, 0xDF, 0x6A, 0x32, 0x91,
    0xB7, 0x2D, 0x99, 0x48, 0x29, 0x88, 0xD9, 0x39, 0x2E, 0x47, 0xD4, 0x32, 0x4B, 0x49, 0x9E, 0x52,
    0xD9, 0xA9, 0x26, 0x1F, 0xD5, 0x91, 0xB7, 0x30, 0xA6, 0x89, 0x7C, 0x83, 0x2E, 0xFB, 0x37, 0x37,
    0x37, 0xFF, 0xA5, 0x2A, 0x59, 0xEB, 0xDA, 0xE5, 0x2A, 0xCE, 0x3B, 0xED, 0x82, 0x22, 0x51, 0x5D,
    0x1F, 0x1A, 0x56, 0x15, 0xD5, 0x15, 0x09, 0x81, 0x4E, 0x7A, 0xD4, 0xD2, 0x15, 0xFC, 0xE2, 0xFD,
    0x06, 0x88, 0xBE, 0x54, 0x4E, 0x05, 0x9D, 0x72, 0x43, 0xF8, 0xA8, 0xE5, 0xB5, 0x55, 0xC3, 0x6B,
    0x43, 0xBB, 0x2B, 0xBB, 0x90, 0xE4, 0xA4, 0x12, 0xD4, 0x56, 0xE9, 0xE5, 0x41, 0x11, 0xCC, 0x9D,
    0x2A, 0x11, 0xE9, 0x68, 0xB5, 0xAA, 0x16, 0xD8, 0xF3, 0xCD, 0x0B, 0x29, 0xC7, 0x3F, 0x66, 0x40,
    0xD3, 0x67, 0xF2, 0x3F, 0x65, 0xEA, 0xEA, 0x10, 0x69, 0x16, 0x40, 0x13, 0x05, 0xB1, 0x5D, 0x45,
    0xD4, 0x7E, 0x23, 0x57, 0xBA, 0xBA, 0x54, 0xA9, 0x9F, 0x47, 0xB6, 0x30, 0x8D, 0x44, 0xCB, 0xFE,
    0xC2, 0x2C, 0x6D, 0x17, 0x8E, 0x29, 0x12, 0x9A, 0x4C, 0xC9, 0x52, 0x2B, 0x6C, 0x73, 0x73, 0xAB,
    0x5B, 0x75, 0x4F, 0x11, 0x80, 0x5F, 0xBC, 0x1C, 0x67, 0xF5, 0x8B, 0x76, 0x54, 0x22, 0x1A, 0xBB,
    0x7F, 0xD7, 0x37, 0xDD, 0xFD, 0x46, 0xF0, 0x15, 0xE8, 0x17, 0x76, 0xA6, 0xFD, 0xD7, 0x5B, 0x41,
    0xDD, 0xFB, 0x7E, 0xF1, 0x7E, 0x0B, 0x65, 0xF8, 0xA5, 0x32, 0xD1, 0x2F, 0x21, 0x4B, 0xDB, 0xDB,
    0xE2, 0xC3, 0x54, 0xC5, 0x80, 0x94, 0x59, 0x13, 0xDD, 0xED, 0x07, 0x59, 0x34, 0x2C, 0x73, 0x6F,
    0xA1, 0x77, 0x99, 0xB4, 0xFE, 0xAB, 0xF8, 0xA2, 0xCB, 0x60, 0x61, 0xD3, 0x54, 0x1F, 0xA5, 0x91,
    0x49, 0x67, 0xB1, 0xA1, 0xA6, 0x61, 0xE4, 0x07, 0xFF, 0xAD, 0xCD, 0xA4, 0xEB, 0x86, 0x57, 0xF8,
    0x60, 0x65, 0xF5, 0x86, 0xFE, 0x9C, 0x24, 0xF2, 0x63, 0x92, 0x60, 0xD1, 0x67, 0xAE, 0xE0, 0xE2,
    0x01, 0xDF, 0x83, 0x24, 0xF8, 0xB5, 0x72, 0x4A, 0xD2, 0xCD, 0x7A, 0x42, 0xF9, 0xC4, 0xF2, 0x52,
    0x24, 0x47, 0x9C, 0x69, 0x50, 0x20, 0x4C, 0x7E, 0xDD, 0x9C, 0x6C, 0xDD, 0xCA, 0x7C, 0x50, 0x84,
    0xA6, 0x1B, 0x18, 0xDD, 0x34, 0x81, 0xF5, 0x93, 0x77, 0x81, 0x59, 0x2A, 0x31, 0x46, 0x60, 0x6A,
    0x24, 0x71, 0xC2, 0x11, 0x2C, 0xAD, 0xF9, 0x26, 0x24, 0x3E, 0x21, 0x11, 0xAC, 0x45, 0x35, 0x2D,
    0x4F, 0x61, 0x7D, 0xAB, 0xA0, 0x5A, 0xD1, 0xFB, 0x69, 0xF9, 0x39, 0xDB, 0xCA, 0x41, 0x09, 0xEA,
    0x15, 0xEC, 0x54, 0xD6, 0xB7, 0x0C, 0x42, 0x73, 0x1B, 0x37, 0x47, 0xFA, 0xB4, 0xD8, 0x5F, 0xF2,
    0x90, 0x82, 0xF7, 0x9C, 0x0E, 0xC2, 0xF0, 0x70, 0x03, 0xCE, 0xAD, 0x37, 0x55, 0x9E, 0x58, 0x0B,
    0x20, 0xF8, 0x55, 0x01, 0x76, 0x8F, 0x1D, 0x34, 0x78, 0x46, 0x9F, 0xA8, 0x95, 0xBD, 0x6D, 0x62,
    0xE0, 0xC5, 0x6A, 0x7F, 0x32, 0x30, 0x8A, 0x53, 0xE0, 0x42, 0x8D, 0xC0, 0x5C, 0x65, 0xF6, 0x87,
    0x74, 0x16, 0xC7, 0xB5, 0x25, 0xC4, 0xD6, 0x39, 0x0F, 0x0C, 0x49, 0x19, 0x19, 0xC7, 0xC4, 0x41,
    0x79, 0x72, 0xEE, 0xB4, 0xFD, 0x4B, 0xF8, 0x18, 0xC4, 0xA6, 0xEF, 0x02, 0x6D, 0x3B, 0x9D, 0x88,
    0x6C, 0x3A, 0x79, 0x99, 0xFC, 0xF5, 0x7B, 0x4C, 0xD3, 0x33, 0xA6, 0xD6, 0xBA, 0xAC, 0x88, 0xF2,
    0xC8, 0x6A, 0x32, 0x69, 0x95, 0x18, 0xA3, 0xE4, 0xF7, 0x09, 0xFE, 0x5D, 0x60, 0x26, 0xEF, 0x32,
    0x9F, 0x94, 0xBE, 0x47, 0x71, 0xCE, 0x3C, 0xF8, 0xA8, 0x09, 0x57, 0x08, 0xEB, 0x07, 0x61, 0x6D,
    0x80, 0x4B, 0x04, 0x11, 0xDF, 0xBE, 0x95, 0xA3, 0xF1, 0xDD, 0x14, 0xD1, 0x37, 0x6E, 0x72, 0x49,
    0xA3, 0x50, 0xA6, 0xF7, 0x82, 0xB1, 0x67, 0xC4, 0x36, 0x45, 0x64, 0xC0, 0x6A, 0xF6, 0xD2, 0xB3,
    0x80, 0x9B, 0xD1, 0xED, 0x21, 0x27, 0x14, 0x2D, 0xF5, 0x23, 0x73, 0x61, 0xEE, 0x97, 0x0D, 0x92,
    0x8F, 0x04, 0xAC, 0x65, 0xCF, 0x88, 0x7C, 0xF0, 0x8C, 0x48, 0xFD, 0x14, 0x21, 0xDC, 0x83, 0x9E,
    0x11, 0x9C, 0xB8, 0x72, 0x0A, 0x1B, 0xA2, 0x33, 0x5C, 0xEE, 0xF6, 0x86, 0xCB, 0x56, 0x4A, 0xB8,
    0x98, 0xFC, 0x71, 0xD9, 0x38, 0xE4, 0xEA, 0x30, 0xEA, 0x34, 0xB9, 0x37, 0x5C, 0xA6, 0x7C, 0x46,
    0xCD, 0xF2, 0x06, 0x48, 0x30, 0x99, 0xC3, 0x32, 0x31, 0xBD, 0xAB, 0xFE, 0xA7, 0xFA, 0x56, 0x69,
    0xDF, 0xF0, 0x55, 0x95, 0x3B, 0x01, 0x58, 0x6C, 0x44, 0x00, 0xF5, 0x25, 0x36, 0x94, 0x35, 0xC1,
    0x44, 0xD5, 0xD9, 0x08, 0xD7, 0x54, 0xB5, 0xD6, 0xC1, 0x2A, 0xCB, 0x89, 0xAF, 0x65, 0x82, 0xDE,
    0x0F, 0x89, 0xCE, 0xCF, 0x52, 0xF4, 0xCB, 0xFD, 0xB0, 0x3E, 0x02, 0xC3, 0x42, 0xB1, 0x55, 0xBC,
    0x22, 0xD1, 0x50, 0x61, 0x4B, 0x6E, 0xE3, 0x2F, 0x72, 0x3F, 0x03, 0xD7, 0x91, 0xAC, 0x8C, 0x53,
    0xF9, 0x4C, 0x65, 0x31, 0xA5, 0x66, 0x0C, 0xAB, 0xF6, 0x98, 0xF6, 0x09, 0x26, 0x7D, 0x4A, 0x60,
    0xE7, 0x0C, 0x13, 0x66, 0x1E, 0x42, 0x66, 0x21, 0xD0, 0xB4, 0x09, 0x3A, 0xDC, 0x37, 0xAA, 0xE7,
    0x6F, 0xA8, 0x06, 0x10, 0xE8, 0xC8, 0xEF, 0xFD, 0x9B, 0x52, 0x15, 0xFE, 0x41, 0xFD, 0xFE, 0x64,
    0x4B, 0xCC, 0xD1, 0x14, 0xEE, 0x0F, 0x6A, 0xC0, 0xE6, 0x3B, 0x46, 0xF5, 0xAC, 0xC0, 0xBA, 0x24,
    0xDF, 0x87, 0x47, 0x51, 0x29, 0xE1, 0x02, 0x1A, 0xAC, 0xF6, 0x02, 0xFF, 0xE4, 0xD5, 0x4E, 0x91,
    0x46, 0x10, 0xF7, 0x2E, 0xA4, 0x91, 0x7E, 0xC8, 0x09, 0x08, 0x7D, 0x93, 0x99, 0x7A, 0x0A, 0x04,
    0x5F, 0x37, 0x71, 0x52, 0x34, 0x6C, 0x7A, 0x0D, 0x23, 0x8B, 0x3C, 0x85, 0x1F, 0xEB, 0x97, 0x1D,
    0x04, 0xD0, 0x2F, 0x11, 0x9E, 0xED, 0xBE, 0x04, 0xF1, 0x7A, 0xF7, 0xC5, 0xCF, 0xAE, 0x60, 0x97,
    0x4F, 0x79, 0x19, 0x4D, 0x3B, 0x34, 0x38, 0x14, 0x25, 0x36, 0x80, 0x10, 0xF6, 0x7B, 0x45, 0x97,
    0x96, 0xF5, 0x3E, 0x67, 0xFF, 0xAC, 0x92, 0x8F, 0xB2, 0x3E, 0x3F, 0x49, 0x2A, 0x39, 0xA4, 0x0F,
    0x46, 0x14, 0x6B, 0x9E, 0x05, 0xD0, 0x87, 0x8D, 0x9E, 0x62, 0x9D, 0x30, 0x38, 0x28, 0x0F, 0x33,
    0x82, 0x91, 0x81, 0xD7, 0x9A, 0x65, 0x4A, 0xE1, 0xCC, 0xF5, 0xAF, 0x22, 0x59, 0x38, 0x26, 0x93,
    0xE6, 0x1E, 0xD6, 0x96, 0x89, 0xA5, 0xE9, 0x7F, 0xBD, 0x10, 0x2E, 0xD2, 0x0D, 0x6E, 0x91, 0x4E,
    0x65, 0x84, 0x2C, 0x71, 0x49, 0x35, 0x88, 0x0A, 0xA5, 0xD2, 0x5D, 0x14, 0x4A, 0xB7, 0xAD, 0x5C,
    0x29, 0x27, 0x45, 0xA4, 0x81, 0x93, 0x2A, 0xF5, 0xFF, 0x2A, 0xE6, 0x73, 0x05, 0x67, 0x47, 0xEC,
    0x4E, 0xCE, 0xDF, 0x02, 0x6A, 0x8D, 0x6A, 0xA0, 0x5D, 0xD1, 0x12, 0xAA, 0xB6, 0x95, 0x1A, 0x5D,
    0x28, 0x15, 0x61, 0xF7, 0xD4, 0xC9, 0xC7, 0xEB, 0xEE, 0x7C, 0x56, 0xC9, 0xF1, 0x56, 0x09, 0xFC,
    0x42, 0x09, 0x99, 0xD8, 0x0B, 0x81, 0xC4, 0x54, 0xB0, 0xB9, 0x6A, 0xEC, 0x15, 0x4D, 0x98, 0x06,
    0x29, 0xA5, 0x81, 0x4E, 0x43, 0xC9, 0x71, 0xCA, 0x1A, 0x50, 0xF9, 0x4E, 0x68, 0x0E, 0x83, 0x5D,
    0xFE, 0xAA, 0xF7, 0x6D, 0xF0, 0x09, 0x3E, 0x5B, 0x04, 0x99, 0x70, 0xF1, 0x4A, 0xE9, 0x2D, 0xC2,
    0x99, 0xAA, 0x9B, 0x29, 0x34, 0xB5, 0x3E, 0x5D, 0x3F, 0x03, 0x5D, 0x7A, 0x5D, 0x6A, 0x4D, 0xAF,
    0xBF, 0x91, 0x45, 0xAC, 0x0C, 0x79, 0x7E, 0xB7, 0x4B, 0xA6, 0x59, 0x8E, 0xBC, 0xBE, 0x03, 0xBB,
    0xE2, 0x7D, 0xBE, 0xDC, 0xAF, 0x53, 0x93, 0xF0, 0xF6, 0x50, 0x42, 0x0D, 0x61, 0xA1, 0xE4, 0xCF,
    0x67, 0x31, 0x49, 0xD1, 0xD9, 0xDF, 0xE3, 0xFA, 0x09, 0x12, 0xEC, 0x2A, 0xE2, 0x69, 0x45, 0x5C,
    0x54, 0xB4, 0x52, 0x0C, 0x41, 0x72, 0x63, 0x99, 0x94, 0xBE, 0x82, 0xEE, 0xFB, 0x25, 0xFC, 0x34,
    0xF2, 0xA4, 0x89, 0x05, 0x78, 0xD6, 0x8B, 0x37, 0xB0, 0x81, 0xC7, 0x2C, 0x84, 0xDA, 0x8E, 0xD5,
    0x00, 0x06, 0x6D, 0xAF, 0x4A, 0xB2, 0xA3, 0x93, 0xA9, 0x92, 0xB4, 0xE7, 0x12, 0x91, 0x84, 0x7C,
    0x33, 0x6C, 0xB7, 0x7E, 0xE6, 0xA8, 0xF9, 0x78, 0x3E, 0x31, 0x2F, 0xB3, 0x9D, 0xCE, 0x8F, 0x1B,
    0xCD, 0xDB, 0xBE, 0x26, 0xFD, 0xCC, 0xE4, 0x2A, 0xF0, 0xBC, 0xDD, 0x02, 0x4F, 0xEC, 0x3E, 0xD6,
    0xF7, 0x73, 0x7C, 0x96, 0xF0, 0x3C, 0x21, 0xC7, 0x28, 0xD8, 0x0B, 0x6B, 0x96, 0xFA, 0x6F, 0x7F,
    0xEF, 0xFD, 0x32, 0xC2, 0xDB, 0xD9, 0xEE, 0x36, 0x6E, 0x65, 0xDB, 0xCC, 0xF3, 0x86, 0x4E, 0x23,
    0x57, 0x02, 0xB3, 0xB7, 0xB3, 0x81, 0x27, 0xB1, 0x1B, 0x62, 0x1D, 0xB5, 0xFF, 0x73, 0xF3, 0x72,
    0x69, 0x9B, 0xAF, 0x0E, 0xF9, 0x00, 0x87, 0xE9, 0x8C, 0x79, 0xD9, 0x3A, 0x1F, 0x0B, 0xF9, 0xF4,
    0x31, 0x07, 0x4B, 0xA1, 0x9F, 0x23, 0x27, 0xB5, 0xCE, 0x91, 0xFF, 0xA4, 0x9F, 0x23, 0x2F, 0xBA,
    0x39, 0x72, 0xD2, 0xCF, 0x91, 0x63, 0x9D, 0x23, 0x87, 0xE9, 0xDD, 0xE6, 0xC8, 0xEE, 0x68, 0x8E,
    0xEC, 0x74, 0x73, 0x64, 0xBB, 0xD2, 0x39, 0xB2, 0x55, 0x3F, 0xDF, 0xCD, 0x91, 0xAF, 0xF9, 0xDF,
    0x83, 0x90, 0x6E, 0x8E, 0x3C, 0xEB, 0xE6, 0xC8, 0xC9, 0x81, 0x39, 0xF2, 0x86, 0x76, 0x03, 0x5D,
    0xA3, 0x83, 0xF5, 0xEE, 0xDE, 0x75, 0x00, 0xD9, 0xB9, 0xE7, 0x30, 0x0E, 0x61, 0x4A, 0xFF, 0x91,
    0x7F, 0xC0, 0x89, 0x5F, 0x63, 0x57, 0xAA, 0xC6, 0xA9, 0x47, 0x33, 0x76, 0x2D, 0xE2, 0x06, 0x6A,
    0x5C, 0xD6, 0xC5, 0xFC, 0xEB, 0x08, 0xB1, 0x0B, 0x4E, 0x77, 0x16, 0x28, 0x68, 0x40, 0xB2, 0x33,
    0xE9, 0xDE, 0x13, 0x27, 0x85, 0xFB, 0x76, 0xF0, 0xC7, 0x80, 0xF3, 0xB7, 0xFE, 0x7F, 0x04, 0xEC,
    0xC6, 0x63, 0x5A, 0x8D, 0x26, 0x5F, 0x39, 0x63, 0x17, 0x3C, 0xB4, 0x7E, 0xAA, 0xFB, 0x93, 0xAE,
    0x1C, 0xC5, 0x05, 0x6F, 0x3A, 0x72, 0xD3, 0x50, 0xCB, 0x47, 0x01, 0x0E, 0xC8, 0xE4, 0xC7, 0xAB,
    0x77, 0x46, 0x3A, 0x28, 0xFB, 0xA6, 0xB1, 0x4C, 0xEE, 0xFF, 0x5C, 0xBA, 0xDC, 0xF6, 0x0E, 0xCE,
    0x4E, 0xF1, 0xF4, 0xA1, 0x0B, 0x6C, 0x1B, 0x2A, 0x0E, 0xBC, 0xBD, 0x6B, 0xD6, 0x6C, 0x85, 0x37,
    0x95, 0x06, 0x3B, 0x57, 0x31, 0xB2, 0xE6, 0xA5, 0x48, 0xBE, 0x01, 0x78, 0x0B, 0xC0, 0x62, 0xE2,
    0xA6, 0x80, 0xFD, 0xEB, 0xE6, 0x09, 0x27, 0x5F, 0x3B, 0x2B, 0x3F, 0x45, 0xEF, 0xF4, 0x16, 0x19,
    0x6A, 0xA5, 0x94, 0x22, 0xEF, 0x35, 0xF2, 0xD4, 0x67, 0xE0, 0xA5, 0x63, 0xDB, 0xF4, 0xE5, 0xA7,
    0x36, 0x1B, 0x63, 0xEA, 0x7A, 0x30, 0x17, 0xCD, 0xF2, 0xD9, 0xFC, 0xDA, 0x22, 0x5E, 0x8B, 0x81,
    0x2B, 0x4D, 0x79, 0xF9, 0xF7, 0x71, 0x36, 0x3A, 0x71, 0xE6, 0x25, 0xED, 0x1F, 0x73, 0xFC, 0x51,
    0x52, 0x3F, 0x67, 0xB7, 0x4F, 0xE0, 0xB1, 0x03, 0x8D, 0xDA, 0x74, 0x14, 0xDE, 0x8B, 0x99, 0x52,
    0x3C, 0x8E, 0x02, 0x87, 0x86, 0x84, 0xD7, 0x83, 0x1A, 0x78, 0xF7, 0x32, 0xE7, 0xB3, 0x7F, 0x0A,
    0x2B, 0x63, 0x4F, 0xB9, 0xE8, 0xE2, 0xFE, 0x42, 0x58, 0xF5, 0xE4, 0xBB, 0xFF, 0x82, 0x14, 0xFF,
    0xF5, 0xCF, 0x0A, 0x8F, 0x14, 0xC5, 0x09, 0x3C, 0x60, 0xD0, 0xAC, 0xFA, 0x47, 0xCE, 0x2A, 0x75,
    0xEB, 0xE5, 0x4A, 0xB8, 0xBA, 0x3C, 0x6C, 0x5D, 0x5E, 0x1E, 0xBF, 0x50, 0x11, 0x06, 0x23, 0x21,
    0xD6, 0xF6, 0x87, 0x89, 0xB3, 0xFA, 0xB2, 0x5F, 0x01, 0x82, 0x7D, 0x39, 0xE3, 0xA7, 0xDA, 0x99,
    0xFA, 0x41, 0x5D, 0xA7, 0x55, 0x59, 0x2F, 0x2D, 0xAD, 0x18, 0xF7, 0x0A, 0xF1, 0x3E, 0x59, 0x74,
    0xAF, 0x79, 0x8E, 0x59, 0x97, 0x90, 0xC9, 0x8F, 0x77, 0x5F, 0x2E, 0x94, 0xE8, 0xA4, 0x31, 0xC9,
    0x51, 0xC3, 0x67, 0xF6, 0x17, 0x5E, 0xAF, 0xF4, 0xB9, 0xC4, 0x8E, 0xC4, 0x44, 0xD5, 0x0E, 0x6A,
    0x1C, 0x40, 0x43, 0xED, 0x97, 0x35, 0x51, 0xC3, 0xCD, 0xFA, 0x22, 0xDB, 0xD9, 0x50, 0xE4, 0xF1,
    0xC8, 0xA8, 0xED, 0x7A, 0xBC, 0x32, 0x66, 0xE9, 0x7E, 0x16, 0x1F, 0x11, 0x31, 0x33, 0x5A, 0xCB,
    0xF5, 0x8A, 0x3D, 0x49, 0x27, 0x3B, 0x87, 0xB1, 0x12, 0x03, 0xDA, 0x8A, 0xAE, 0xE2, 0x69, 0xC5,
    0xCB, 0x44, 0xAB, 0x24, 0x3A, 0x19, 0xD1, 0x07, 0x71, 0x5D, 0xB1, 0x24, 0xFE, 0x26, 0x23, 0x9A,
    0x98, 0xD8, 0x82, 0x58, 0x11, 0xC7, 0x9C, 0x35, 0xAD, 0xAB, 0x9A, 0x6E, 0x81, 0x41, 0xC0, 0xDB,
    0x23, 0xAF, 0x49, 0x37, 0x25, 0xFA, 0x31, 0x31, 0xC0, 0xDD, 0x3D, 0x43, 0x92, 0x87, 0xE7, 0x19,
    0xA2, 0xAC, 0xB4, 0xED, 0x1F, 0x58, 0x0D, 0x57, 0xF0, 0x52, 0xCD, 0x91, 0x7D, 0xF5, 0x30, 0x03,
    0x5E, 0x23, 0x06, 0xBC, 0x17, 0xEE, 0xB6, 0x8E, 0x97, 0x2F, 0xBB, 0x3E, 0x8F, 0xDD, 0x9E, 0x27,
    0xF2, 0xBB, 0x31, 0xF3, 0x87, 0x6C, 0x18, 0x9C, 0x43, 0xF8, 0x66, 0x7D, 0xBA, 0xD5, 0xC1, 0xFB,
    0x18, 0x5F, 0x91, 0x67, 0xFF, 0x5C, 0xAE, 0x87, 0xA5, 0xC4, 0xAC, 0xDB, 0xFC, 0xF3, 0x45, 0xB9,
    0x1F, 0xF9, 0x2A, 0x97, 0xEB, 0x59, 0x31, 0x4B, 0x83, 0x0F, 0x5E, 0x2E, 0x39, 0x98, 0x3B, 0x35,
    0xA6, 0x4E, 0x35, 0xDA, 0x24, 0xB4, 0x1C, 0xAB, 0xB5, 0x1D, 0xA7, 0x3E, 0x35, 0x75, 0x1A, 0x4F,
    0x66, 0x50, 0xF2, 0xCC, 0x7B, 0xA6, 0x90, 0xEB, 0xD7, 0x96, 0x37, 0x33, 0x05, 0x6D, 0xEF, 0x3D,
    0x01, 0x50, 0x42, 0x5E, 0x93, 0x58, 0xB2, 0x3D, 0x1B, 0x63, 0xA4, 0x5E, 0x36, 0xCF, 0x2D, 0xE7,
    0xE5, 0x81, 0xF6, 0xD3, 0xC2, 0x03, 0x7C, 0x20, 0x10, 0xE6, 0xC2, 0xFB, 0x68, 0x5E, 0xEC, 0xB1,
    0xBA, 0x30, 0x9A, 0x66, 0xB2, 0xF7, 0xE2, 0xF2, 0x76, 0xA0, 0xC7, 0xEE, 0xDD, 0x10, 0x56, 0x67,
    0x46, 0xF3, 0x30, 0x11, 0x2D, 0x40, 0x3F, 0xC7, 0x35, 0x39, 0xFE, 0x20, 0x5E, 0xA6, 0xAB, 0xF2,
    0x50, 0x41, 0x32, 0x51, 0xF1, 0xD2, 0x25, 0xC2, 0xF3, 0x03, 0x60, 0x19, 0xD8, 0xEA, 0xD8, 0xEC,
    0x0A, 0xF5, 0x63, 0x14, 0xC0, 0xCD, 0xA1, 0xAD, 0xD3, 0x18, 0x73, 0xA7, 0x1F, 0x8C, 0x24, 0xE2,
    0x4B, 0x1A, 0x34, 0x6B, 0xF7, 0x82, 0x32, 0x88, 0xAD, 0xA2, 0x7B, 0x62, 0x47, 0x1D, 0x10, 0x38,
    0x44, 0xD3, 0x9E, 0xD2, 0xED, 0x26, 0x88, 0x25, 0xF3, 0x71, 0xE7, 0xFC, 0xE6, 0x68, 0x1C, 0xCA,
    0xA8, 0x7B, 0x50, 0x13, 0xE1, 0xEF, 0x15, 0xCB, 0x8D, 0x5E, 0x12, 0x69, 0x24, 0x8D, 0x7D, 0x5D,
    0xA0, 0xC6, 0xE7, 0xAC, 0x0A, 0xB4, 0x28, 0x53, 0x85, 0x58, 0x4C, 0x52, 0x84, 0x73, 0x04, 0xB9,
    0x6B, 0x2A, 0xEE, 0x55, 0xAA, 0x2C, 0x93, 0xBB, 0x0B, 0x9C, 0xE5, 0xB6, 0xA8, 0x13, 0xA7, 0xF1,
    0xE4, 0x09, 0xA1, 0xEB, 0x8F, 0x41, 0xF7, 0x2B, 0x5F, 0x54, 0x79, 0x11, 0x75, 0x63, 0x64, 0x1E,
    0x59, 0x19, 0xE9, 0xB5, 0xC8, 0x49, 0x49, 0x9F, 0x8F, 0x5C, 0x12, 0x3C, 0x13, 0x9D, 0x22, 0xB1,
    0x7A, 0xA7, 0x01, 0xA7, 0xDF, 0x2E, 0xE5, 0x17, 0x91, 0x5D, 0xB3, 0x7C, 0xF2, 0xBC, 0xAA, 0x86,
    0xC2, 0x4F, 0x45, 0x6E, 0xBF, 0x41, 0xA8, 0x15, 0xA4, 0x9B, 0x67, 0x23, 0xD4, 0xCF, 0xE0, 0xF6,
    0xDB, 0xA5, 0x26, 0x85, 0xE4, 0xC7, 0x5E, 0xC4, 0xB3, 0x58, 0xF2, 0x87, 0x64, 0x85, 0xEB, 0xAF,
    0xD5, 0x53, 0x2C, 0xD3, 0x34, 0x4C, 0x23, 0x83, 0x59, 0xBC, 0x5D, 0x06, 0xAD, 0xFD, 0xE3, 0xEC,
    0x39, 0xE9, 0x04, 0xAE, 0x9D, 0xE2, 0xD3, 0x4E, 0xF9, 0x38, 0xD9, 0x38, 0xE5, 0x19, 0xDD, 0x52,
    0x58, 0xB2, 0x64, 0xF8, 0xE1, 0x7B, 0x39, 0xD4, 0x9E, 0xA3, 0xF9, 0xFB, 0x0F, 0x7B, 0x33, 0x21,
    0x3B, 0x6A, 0xD1, 0x53, 0x93, 0x4F, 0x0E, 0x7B, 0x64, 0xC4, 0xAB, 0xC0, 0x8A, 0xB6, 0xE8, 0x3C,
    0x16, 0xB4, 0x98, 0x5D, 0x5D, 0x20, 0x32, 0xDC, 0xE4, 0x3C, 0x1E, 0x20, 0x7A, 0x72, 0xED, 0x30,
    0xF2, 0x92, 0x3A, 0xD3, 0xBE, 0x3B, 0x4B, 0xC3, 0xD8, 0xCB, 0xF9, 0xBE, 0x37, 0x24, 0x3E, 0xB6,
    0xBC, 0xE1, 0x4B, 0xEE, 0xC1, 0x53, 0x49, 0xBF, 0xE1, 0xCB, 0x1E, 0x36, 0x7C, 0x7D, 0x56, 0xE2,
    0x95, 0xFD, 0xD9, 0x4B, 0xEC, 0x16, 0x81, 0xF0, 0xB1, 0xCD, 0x9C, 0x12, 0xBC, 0x1F, 0x8C, 0x4A,
    0x8D, 0x9A, 0x93, 0x20, 0x17, 0xCA, 0x72, 0xA5, 0xD1, 0xCB, 0xE5, 0xAE, 0xD5, 0xDC, 0x40, 0xF3,
    0x24, 0x1A, 0x1D, 0xD7, 0x0A, 0xD7, 0xA4, 0x83, 0xA3, 0xE1, 0xC5, 0x91, 0xA3, 0x61, 0x60, 0x52,
    0x5C, 0xD2, 0x8D, 0xB4, 0xBE, 0x7E, 0x02, 0x58, 0x9C, 0x26, 0xC0, 0x18, 0x78, 0xE5, 0xA4, 0xC5,
    0x1F, 0xB1, 0x71, 0x5D, 0x7D, 0x9E, 0x3B, 0x91, 0x59, 0x1D, 0x10, 0x38, 0x46, 0xF8, 0x34, 0xE1,
    0x49, 0xC2, 0xE7, 0x08, 0xA9, 0x80, 0x69, 0x04, 0x58, 0x97, 0xB4, 0x04, 0x0B, 0xB8, 0xB9, 0x56,
    0xA0, 0x9A, 0x36, 0x87, 0x25, 0xB3, 0x1D, 0x42, 0x18, 0x0B, 0x67, 0x7F, 0x6E, 0x4C, 0xAF, 0x98,
    0x85, 0x04, 0x9F, 0xE0, 0x0E, 0xE0, 0x10, 0x6C, 0x63, 0x70, 0x53, 0x3A, 0xA8, 0xF3, 0x4E, 0xCC,
    0x6E, 0xBC, 0x9F, 0xEE, 0xF3, 0x84, 0x8B, 0x02, 0xEF, 0x65, 0xC3, 0xCA, 0xA7, 0x9A, 0x6C, 0x23,
    0x42, 0x30, 0xAC, 0x7C, 0xBA, 0x85, 0x80, 0xF6, 0x70, 0x50, 0x62, 0x23, 0xCC, 0xC8, 0x7D, 0xE4,
    0x25, 0xB4, 0xE4, 0x2A, 0x64, 0x0C, 0xDC, 0x4A, 0x6E, 0x3E, 0xB5, 0x2B, 0x0F, 0x5D, 0x7C, 0x5A,
    0x40, 0x2D, 0xBA, 0x99, 0x8C, 0xBA, 0xB7, 0x62, 0x81, 0xD7, 0x21, 0xF0, 0x3F, 0x08, 0xBF, 0x24,
    0x30, 0x5D, 0x63, 0x04, 0x3E, 0x30, 0xBC, 0xE5, 0x8D, 0x82, 0xF7, 0x95, 0x02, 0xAF, 0xD5, 0x02,
    0x59, 0xAB, 0xC3, 0x24, 0x21, 0x52, 0x91, 0x90, 0x0D, 0x85, 0x5E, 0x08, 0x84, 0xA9, 0xFC, 0xF9,
    0x41, 0x41, 0xCB, 0xBE, 0x80, 0x83, 0xCC, 0xF9, 0xCD, 0xF7, 0xC9, 0xF4, 0x7F, 0x0D, 0x9C, 0x17,
    0xCA, 0x39, 0x25, 0xE7, 0x8C, 0x89, 0x97, 0x64, 0xCF, 0x9A, 0xB4, 0xB5, 0x26, 0x17, 0x2C, 0x56,
    0xC2, 0x61, 0x3E, 0x28, 0x05, 0x7C, 0x2E, 0xE2, 0xFC, 0x2B, 0x96, 0x36, 0x13, 0xB0, 0x63, 0xF9,
    0xC1, 0x86, 0x48, 0xCB, 0xDF, 0x63, 0x95, 0x28, 0x7C, 0x4E, 0x61, 0xA8, 0xB5, 0x5A, 0xDF, 0xD6,
    0xE1, 0x15, 0xA6, 0xED, 0x5D, 0x68, 0x4B, 0x88, 0x98, 0x50, 0x78, 0x9B, 0x95, 0x53, 0x0F, 0x8B,
    0x6D, 0xB8, 0x40, 0x70, 0x08, 0xC6, 0x64, 0x4C, 0x28, 0xEE, 0xFF, 0xEC, 0x85, 0xA1, 0xF3, 0x0D,
    0x29, 0xF4, 0xA7, 0x0E, 0xBE, 0xB2, 0x97, 0x56, 0xBE, 0xB2, 0xF4, 0x60, 0x0E, 0x68, 0x36, 0xB7,
    0xF4, 0x95, 0x75, 0x9E, 0x38, 0x49, 0xFA, 0xDD, 0xE4, 0xB6, 0xF5, 0x8B, 0xFC, 0x5A, 0x04, 0xF7,
    0x0B, 0x19, 0x05, 0x16, 0x20, 0x78, 0x46, 0x71, 0x4D, 0xF1, 0x1A, 0xD1, 0x2A, 0x88, 0x4E, 0x46,
    0xF4, 0x62, 0xA2, 0xA9, 0x88, 0xE7, 0x1B, 0x22, 0x8C, 0x62, 0x12, 0x13, 0xA3, 0x8C, 0xE8, 0x17,
    0x44, 0xAF, 0x24, 0x3A, 0x35, 0xD1, 0x5E, 0xE8, 0x8A, 0x9F, 0xC9, 0x6D, 0x49, 0x37, 0x28, 0x67,
    0x74, 0xDD, 0xC5, 0x77, 0xB7, 0x2A, 0x6F, 0x82, 0x6B, 0x7E, 0xF6, 0xD9, 0x4F, 0xB1, 0xC7, 0x3E,
    0x0F, 0xE2, 0x2B, 0xC4, 0x57, 0x33, 0xE2, 0xF7, 0x40, 0x34, 0x05, 0xF1, 0xED, 0x9A, 0x98, 0xB5,
    0x8A, 0x91, 0x62, 0x18, 0x13, 0xFD, 0x8C, 0xE8, 0x95, 0xC2, 0xBF, 0x72, 0x16, 0xDA, 0x5F, 0x66,
    0xF1, 0x78, 0x67, 0xCD, 0xA3, 0xDF, 0x1F, 0xB7, 0xBC, 0x71, 0x4C, 0xF5, 0xBF, 0x3B, 0x77, 0xD3,
    0x8C, 0x31, 0x35, 0xC6, 0x35, 0x8D, 0xBC, 0x0E, 0x73, 0x5B, 0xDB, 0xC2, 0x61, 0xC0, 0xEC, 0x30,
    0x37, 0x09, 0x56, 0xDE, 0x42, 0x06, 0x6F, 0x2A, 0x2B, 0x00, 0x16, 0x01, 0x57, 0x08, 0xEB, 0x07,
    0xE1, 0x69, 0xCD, 0x97, 0x61, 0x1E, 0x39, 0x78, 0xB3, 0x55, 0x28, 0x7A, 0x8A, 0xEE, 0xA3, 0xAE,
    0x0F, 0x3D, 0x96, 0xA1, 0x60, 0x5E, 0xCF, 0x17, 0x9A, 0xED, 0x31, 0xC6, 0x8A, 0xE8, 0x91, 0x45,
    0xEE, 0xCA, 0xAC, 0x57, 0x56, 0xA3, 0x56, 0x1D, 0xC8, 0xB9, 0x11, 0xD4, 0xC7, 0x20, 0xDA, 0xD1,
    0xD6, 0x5C, 0xA8, 0xAA, 0x06, 0xF7, 0x49, 0xCD, 0xBC, 0xA3, 0x6F, 0xCD, 0x72, 0xA5, 0x99, 0x5B,
    0x75, 0x14, 0x6D, 0x4F, 0xA3, 0x9E, 0x86, 0xB1, 0xD2, 0x7D, 0xA5, 0x44, 0x3E, 0xCB, 0x54, 0xCF,
    0xC4, 0x10, 0xAA, 0xE5, 0x17, 0x0A, 0x0D, 0x41, 0x3A, 0xB2, 0xFF, 0x39, 0x29, 0x0B, 0x03, 0xFE,
    0x38, 0x55, 0x9A, 0x5B, 0x35, 0xA9, 0x38, 0x6A, 0x15, 0xA4, 0x98, 0x2D, 0xA0, 0xE5, 0x2B, 0xB5,
    0x78, 0xA6, 0xD3, 0xE3, 0x1B, 0xDC, 0x93, 0x18, 0x93, 0x92, 0xB4, 0x17, 0xFA, 0x41, 0x62, 0xDA,
    0x91, 0xA8, 0x23, 0x41, 0x3A, 0xF6, 0x54, 0x64, 0x4E, 0x5D, 0x73, 0x95, 0x19, 0xF5, 0x4D, 0xD9,
    0xE7, 0x73, 0x9F, 0xA4, 0x02, 0xBF, 0x87, 0x20, 0x1E, 0x4E, 0x07, 0xC0, 0x06, 0xB6, 0x49, 0xC2,
    0x1F, 0x55, 0x24, 0xAE, 0x49, 0xD5, 0x04, 0x42, 0x45, 0x2B, 0x85, 0x5B, 0xEC, 0x3F, 0x13, 0xC1,
    0x6D, 0xE5, 0xD6, 0x60, 0x2B, 0x9E, 0x62, 0x83, 0x0B, 0x14, 0xDB, 0x6E, 0xDE, 0x60, 0xD7, 0x29,
    0xD4, 0x43, 0x68, 0x09, 0x76, 0x09, 0xDB, 0x98, 0x3A, 0xC5, 0x06, 0x76, 0xDC, 0x3C, 0x44, 0xE4,
    0x67, 0x7E, 0x1A, 0x6E, 0xC5, 0x6E, 0xE1, 0x2F, 0x40, 0x6B, 0x0D, 0xD3, 0x68, 0x4F, 0xED, 0x2F,
    0xA0, 0x22, 0x06, 0x17, 0x40, 0xE6, 0x2F, 0x69, 0x2D, 0x46, 0x98, 0xA5, 0x53, 0xE7, 0x83, 0xB2,
    0x71, 0xF3, 0xBA, 0xF1, 0xB3, 0x66, 0x1C, 0x77, 0xFD, 0xBC, 0xD9, 0xF6, 0x7E, 0x5A, 0x45, 0xF2,
    0x7B, 0xF0, 0x45, 0x93, 0xBB, 0x7B, 0x26, 0xC5, 0x4C, 0x9B, 0xCB, 0x13, 0x87, 0x6C, 0xC6, 0xBC,
    0x71, 0x2F, 0x4B, 0xD0, 0x74, 0x7C, 0x52, 0x4D, 0xDC, 0x9F, 0x54, 0x53, 0x61, 0x6A, 0x19, 0xD3,
    0x9D, 0x54, 0xA3, 0xC2, 0xF2, 0x3A, 0x6B, 0xAB, 0x8F, 0x57, 0xFA, 0x09, 0x72, 0x8C, 0xDE, 0x12,
    0x84, 0xA9, 0x5A, 0x82, 0x3E, 0xBF, 0xC2, 0xD5, 0xFA, 0x58, 0x98, 0x9D, 0xF2, 0x4C, 0x43, 0x17,
    0xBF, 0xD3, 0xD0, 0x15, 0x8A, 0x8C, 0x1F, 0x37, 0xA3, 0x88, 0x7D, 0x0C, 0x46, 0xFD, 0xFB, 0xB8,
    0xDB, 0x93, 0x6A, 0x54, 0xA6, 0x43, 0x9D, 0x82, 0x8E, 0x13, 0x0F, 0x0E, 0xD4, 0xF4, 0x7B, 0x21,
    0x16, 0xAC, 0x76, 0xFF, 0x65, 0x36, 0xEA, 0xB9, 0xB8, 0x81, 0x73, 0x1B, 0x47, 0x21, 0x31, 0xF7,
    0xB3, 0xCF, 0x1F, 0xC9, 0x0D, 0x3C, 0xD9, 0xEB, 0x86, 0x77, 0x24, 0xFB, 0xCE, 0xDA, 0xA3, 0xF8,
    0x29, 0xED, 0xD1, 0x65, 0x32, 0xB7, 0x26, 0xB9, 0x5F, 0xC2, 0x87, 0x9E, 0x52, 0x63, 0xD7, 0x1C,
    0x93, 0x5A, 0xAC, 0xF1, 0xA1, 0x6B, 0xD4, 0x7D, 0xF3, 0x7E, 0x1B, 0xA6, 0xF7, 0x36, 0xC7, 0xC7,
    0x5F, 0x01, 0xAA, 0x5F, 0x01, 0xCD, 0x3D, 0xE1, 0x0F, 0xD8, 0x85, 0x22, 0x53, 0xC2, 0x34, 0x6E,
    0xE7, 0x87, 0x1E, 0xFB, 0x39, 0xFD, 0xD0, 0x73, 0xFA, 0xA1, 0x17, 0xE8, 0x7C, 0x03, 0x60, 0x55,
    0x83, 0x1F, 0xFA, 0x2E, 0x95, 0xC2, 0x1D, 0x0F, 0xFB, 0xCE, 0xE8, 0x6C, 0x84, 0xFE, 0x7F, 0x26,
    0xD4, 0x02, 0x6E, 0x75, 0x84, 0x1A, 0x15, 0x30, 0x06, 0xAB, 0xCA, 0x46, 0x6D, 0x74, 0x54, 0xB6,
    0x02, 0x08, 0x5E, 0x63, 0xD9, 0x6E, 0xED, 0x97, 0xCD, 0x3E, 0x58, 0x36, 0x63, 0x04, 0x37, 0xDB,
    0x17, 0x0E, 0x29, 0xDB, 0xB9, 0x87, 0x56, 0xB6, 0xA6, 0xB7, 0xEB, 0x0C, 0x87, 0x46, 0xC0, 0xA2,
    0x32, 0xB2, 0xB2, 0x6C, 0x91, 0xC9, 0x66, 0xB5, 0xD8, 0x62, 0xC4, 0x62, 0xDF, 0xC2, 0x8F, 0x71,
    0x13, 0xA7, 0x59, 0x98, 0x75, 0xB6, 0x22, 0x29, 0x96, 0xFF, 0x93, 0x02, 0x34, 0x63, 0x1C, 0xD8,
    0x02, 0x9C, 0x10, 0x4C, 0xAA, 0x9B, 0x66, 0xE9, 0x02, 0x53, 0x02, 0xBE, 0x53, 0xA1, 0x5B, 0xBA,
    0xBE, 0x2C, 0x2C, 0xA0, 0x4A, 0x5E, 0x81, 0x30, 0x0B, 0xE6, 0x48, 0xF6, 0x92, 0x85, 0x65, 0xCC,
    0xF0, 0xA0, 0x4F, 0xF0, 0x96, 0x34, 0xDB, 0xC8, 0x04, 0x26, 0x0E, 0x5A, 0xAF, 0x05, 0x4D, 0xC7,
    0x77, 0x3A, 0xD5, 0x57, 0x87, 0x39, 0xD5, 0xC7, 0x83, 0x53, 0x7D, 0x39, 0x38, 0xD5, 0x9B, 0x73,
    0x74, 0xAA, 0x2F, 0xC9, 0x9D, 0x60, 0x13, 0xB0, 0x04, 0xAF, 0xB0, 0x13, 0xCC, 0x4C, 0xBB, 0xF5,
    0xA3, 0x7A, 0xD2, 0x4A, 0x47, 0x10, 0x4F, 0x4B, 0x76, 0x85, 0x7D, 0x64, 0x73, 0x7F, 0xD8, 0x28,
    0xFE, 0x59, 0x9B, 0xE7, 0xDB, 0xDE, 0x6D, 0x66, 0xA8, 0x0A, 0xF8, 0x8A, 0xAE, 0xA2, 0x33, 0x42,
    0x5B, 0x6E, 0x7B, 0xDD, 0x34, 0x32, 0x87, 0x7C, 0xD5, 0xBC, 0xC9, 0x15, 0xAD, 0x08, 0x45, 0x64,
    0x0B, 0xE6, 0x91, 0x25, 0x88, 0xFB, 0xFA, 0x58, 0x66, 0x73, 0x33, 0x79, 0xD3, 0x65, 0x16, 0x1A,
    0x0C, 0x7A, 0x07, 0xAE, 0x28, 0xAE, 0xDF, 0x81, 0x4F, 0x3F, 0xC8, 0x26, 0x62, 0xBB, 0xD6, 0xFA,
    0x5F, 0x58, 0x33, 0xC1, 0xD0, 0xFC, 0x50, 0x10, 0xE7, 0x8E, 0xB4, 0x89, 0x98, 0x62, 0xEC, 0xA8,
    0xCA, 0x98, 0x5A, 0xD0, 0x02, 0x8E, 0x81, 0x77, 0xF7, 0x4B, 0xB4, 0xEB, 0x93, 0xBA, 0xC1, 0x49,
    0xE0, 0xD8, 0x61, 0xC2, 0xC5, 0x65, 0x07, 0x0C, 0x86, 0x56, 0x03, 0x6B, 0x45, 0xAB, 0x39, 0x4A,
    0x7D, 0x3C, 0xAD, 0xB8, 0x3E, 0xA0, 0x5D, 0x13, 0xAD, 0xC5, 0xFA, 0xC9, 0xB2, 0xF3, 0xF8, 0xE3,
    0x88, 0xF8, 0xD7, 0x77, 0x73, 0x05, 0x7E, 0xFA, 0xD0, 0x4D, 0xD5, 0x77, 0xD9, 0xB8, 0xF1, 0x0A,
    0xA1, 0x14, 0xA8, 0x04, 0xEC, 0xF6, 0xBD, 0xA6, 0x97, 0x35, 0x7F, 0x58, 0x09, 0xA0, 0x1C, 0xE0,
    0xDC, 0xB0, 0x71, 0x43, 0x58, 0x19, 0xA3, 0xB5, 0x7D, 0xEF, 0xC1, 0xE5, 0xBD, 0x19, 0xB5, 0xF3,
    0x77, 0x27, 0x99, 0x53, 0xC3, 0xCB, 0xB5, 0x5C, 0x47, 0x00, 0xEA, 0x91, 0xAD, 0xAA, 0x91, 0x60,
    0x50, 0xE3, 0x75, 0xB0, 0x3A, 0xA1, 0x19, 0x27, 0x76, 0x17, 0xE4, 0xC1, 0xDA, 0xAE, 0xA4, 0x1C,
    0xF7, 0xE5, 0x7D, 0x1A, 0xB4, 0x30, 0xF1, 0xCC, 0xC0, 0xE4, 0xD0, 0xBD, 0xB5, 0xD0, 0xCD, 0xAD,
    0xFD, 0x76, 0x55, 0x37, 0x87, 0x9F, 0xB2, 0x2F, 0x7A, 0xD9, 0x93, 0x41, 0x0C, 0xB7, 0xD8, 0xD5,
    0x95, 0xD5, 0x86, 0x58, 0x2E, 0x14, 0xC3, 0x4E, 0x5F, 0x4B, 0x36, 0x37, 0x37, 0xCF, 0xF1, 0x11,
    0xA0, 0xC7, 0x50, 0x31, 0x88, 0x89, 0xFE, 0x78, 0xE7, 0x7D, 0x09, 0xA4, 0xB0, 0x1A, 0xFD, 0x33,
    0xFA, 0x9B, 0x19, 0xBA, 0xB5, 0x23, 0x50, 0x05, 0x50, 0x37, 0x7F, 0xF5, 0xF3, 0x7F, 0x7A, 0x03,
    0x61, 0xDC, 0x6C, 0x4B, 0xF2, 0xCD, 0x2E, 0x67, 0x42, 0x8D, 0x80, 0xBA, 0x6B, 0x59, 0xF4, 0xF6,
    0x1F, 0xB5, 0xC4, 0xE9, 0x90, 0x22, 0xB7, 0x12, 0x40, 0xF7, 0x12, 0x60, 0x76, 0x5B, 0xB9, 0x0E,
    0xA5, 0xB1, 0x6A, 0x68, 0xC6, 0x11, 0x68, 0x69, 0x54, 0x8F, 0x85, 0x97, 0xAF, 0x87, 0x2C, 0x53,
    0x57, 0x9A, 0x0E, 0x6F, 0xDE, 0xA3, 0x4C, 0x71, 0x97, 0x10, 0xD1, 0xCF, 0x89, 0x9C, 0x8A, 0x65,
    0xB4, 0x56, 0x87, 0x29, 0x74, 0x1B, 0xAC, 0xEE, 0xEF, 0x01, 0x78, 0x69, 0xC8, 0x23, 0xAE, 0x8F,
    0x96, 0x7C, 0x9F, 0xEB, 0xF1, 0x7E, 0x4A, 0xBC, 0x4B, 0xD8, 0x26, 0x44, 0xB0, 0x81, 0x20, 0x0F,
    0x00, 0x57, 0x13, 0x9D, 0x55, 0x9A, 0xB1, 0x15, 0x36, 0x10, 0x81, 0xA3, 0x1F, 0xE5, 0x07, 0x1C,
    0x1B, 0x4E, 0xD8, 0x8A, 0x3A, 0x9A, 0x19, 0xA5, 0x9E, 0xA9, 0x95, 0xE2, 0x29, 0x8C, 0xC2, 0xCA,
    0x43, 0x93, 0xAA, 0xA5, 0x43, 0x93, 0x02, 0xA1, 0xEB, 0x64, 0xD3, 0x1F, 0x9A, 0xE4, 0x88, 0x74,
    0x2E, 0x46, 0x87, 0x26, 0xD1, 0x0A, 0x98, 0x8F, 0xAC, 0x80, 0x9E, 0xC8, 0xF0, 0x7A, 0xE9, 0xD0,
    0x24, 0xB3, 0x6F, 0x05, 0x8C, 0x81, 0xC5, 0x61, 0x87, 0x26, 0x55, 0xF0, 0x57, 0x1C, 0x9A, 0x04,
    0x3B, 0xF3, 0x63, 0xB6, 0x69, 0xB6, 0x46, 0x7A, 0x15, 0x02, 0x60, 0xDD, 0x8D, 0x57, 0x96, 0xC6,
    0x1B, 0x78, 0xDD, 0x8C, 0x6A, 0xB9, 0x25, 0xB7, 0x9F, 0x06, 0xE7, 0xED, 0xEB, 0xFB, 0x1B, 0x78,
    0x4F, 0xF8, 0xAF, 0x15, 0x6A, 0xA1, 0x2E, 0x75, 0x03, 0x6F, 0x35, 0xDA, 0xC0, 0x7B, 0xF3, 0x1E,
    0x1B, 0x78, 0x69, 0x69, 0x19, 0x8C, 0x2C, 0xD9, 0x2B, 0x34, 0xB2, 0x40, 0x2C, 0xCB, 0x83, 0x35,
    0xEC, 0x33, 0x84, 0xE7, 0xF6, 0xED, 0x1C, 0x1F, 0x7E, 0x28, 0x20, 0xC9, 0xF0, 0x96, 0x56, 0x00,
    0x49, 0x67, 0x04, 0x12, 0xF0, 0x73, 0x01, 0xB7, 0x58, 0x92, 0x1F, 0xC1, 0x5C, 0xC0, 0x18, 0x01,
    0xAD, 0x5E, 0x68, 0x0F, 0x7E, 0x5E, 0x4F, 0x22, 0x60, 0xE3, 0x68, 0x10, 0xF5, 0x1D, 0xC2, 0x33,
    0x57, 0x61, 0x68, 0xEB, 0x9C, 0xD0, 0xD2, 0xC9, 0x59, 0x71, 0xDA, 0xE7, 0x60, 0x8D, 0x70, 0x4D,
    0xE0, 0xD7, 0xB9, 0x1A, 0x90, 0xE8, 0x79, 0xDC, 0x4D, 0xAB, 0xDA, 0x83, 0xE6, 0x69, 0x3F, 0x25,
    0x64, 0x41, 0x37, 0xE7, 0x13, 0x00, 0x7A, 0x48, 0xF1, 0x18, 0xFB, 0xBD, 0x4E, 0xA0, 0xCE, 0x62,
    0x4A, 0xF3, 0x68, 0xA5, 0x53, 0xA7, 0xDE, 0xEF, 0xB4, 0x3B, 0xC6, 0x08, 0x3E, 0x6F, 0xFF, 0xD8,
    0x78, 0x42, 0xF1, 0xF4, 0x08, 0xCF, 0x2A, 0xAE, 0x2B, 0xEE, 0x12, 0xED, 0x8A, 0x68, 0x4A, 0xC5,
    0x1C, 0xC9, 0x87, 0xD0, 0x93, 0x8D, 0xE2, 0x41, 0x85, 0x82, 0xAF, 0x78, 0x5A, 0xF1, 0xEC, 0x68,
    0xF4, 0xDE, 0xC5, 0xC3, 0xDE, 0x23, 0xAC, 0xB3, 0x5E, 0x01, 0x37, 0x66, 0xE2, 0x43, 0xDA, 0x27,
    0x08, 0xA7, 0xF0, 0x49, 0x58, 0x6E, 0x88, 0xFB, 0x4D, 0xA4, 0x47, 0xB7, 0xD8, 0x17, 0xCF, 0x97,
    0xB4, 0x16, 0x5B, 0x44, 0xFB, 0x92, 0x53, 0x67, 0x8D, 0x18, 0xEC, 0x37, 0x6F, 0x3E, 0x98, 0xFD,
    0x46, 0xC0, 0x18, 0x65, 0x3E, 0x82, 0x0D, 0x60, 0x8D, 0xAD, 0xE4, 0x0A, 0xEB, 0x51, 0xAC, 0xCE,
    0x6C, 0x9D, 0x31, 0x3E, 0x21, 0xA3, 0xD6, 0x55, 0x4D, 0xB7, 0x3C, 0x7C, 0xC9, 0xD3, 0x1B, 0x2F,
    0x79, 0xF6, 0x8B, 0x9A, 0xD4, 0xA3, 0x1E, 0x74, 0x7B, 0xF6, 0xD5, 0x03, 0x8B, 0x9A, 0xF6, 0xC1,
    0x2D, 0xBE, 0x9A, 0x5C, 0x80, 0x4F, 0x5C, 0xAF, 0x6C, 0xC1, 0x30, 0xD4, 0xCC, 0xB2, 0x56, 0x09,
    0x24, 0xE6, 0x2B, 0x0F, 0x45, 0xAF, 0xD4, 0x71, 0x5B, 0xEB, 0x43, 0x8B, 0xAE, 0x5D, 0xE5, 0x71,
    0xC2, 0xA7, 0x0F, 0xC2, 0xEF, 0x01, 0xA6, 0x01, 0x7C, 0x6D, 0x25, 0x7A, 0x36, 0xD8, 0x02, 0x08,
    0xD9, 0x06, 0xA0, 0x67, 0xC0, 0xBD, 0x13, 0xE3, 0x5F, 0x0B, 0x79, 0x23, 0xC5, 0x77, 0x48, 0x32,
    0xFC, 0x4C, 0xC8, 0xF7, 0x72, 0xEB, 0x87, 0x42, 0x6E, 0x15, 0xF6, 0x2D, 0x21, 0xAF, 0x95, 0xCE,
    0xD7, 0x84, 0xBC, 0x5A, 0xB9, 0x5F, 0x12, 0x92, 0x35, 0x9E, 0x43, 0xB2, 0x7B, 0x42, 0xC9, 0xF6,
    0x29, 0x25, 0xD1, 0x19, 0x25, 0xE1, 0x9A, 0x92, 0xA0, 0x52, 0xE2, 0x97, 0x4A, 0xBC, 0x82, 0xED,
    0xE6, 0xB6, 0x9B, 0x07, 0x8B, 0xD4, 0x34, 0x72, 0xAF, 0xC9, 0xC7, 0x9B, 0x5D, 0x9D, 0x8E, 0x78,
    0xE9, 0x48, 0xE8, 0x20, 0x50, 0xC4, 0x06, 0x12, 0xD6, 0x42, 0xA3, 0xC7, 0x07, 0xDC, 0x7E, 0xA8,
    0xC7, 0x07, 0xDC, 0x4E, 0x1A, 0x9F, 0x46, 0x52, 0x86, 0xE7, 0x15, 0xAF, 0x29, 0x96, 0x04, 0xBB,
    0x20, 0x3A, 0x39, 0xD1, 0xCD, 0x3E, 0x86, 0x56, 0x70, 0x0C, 0xE7, 0xB4, 0xC7, 0x36, 0xC4, 0xAF,
    0x12, 0x3D, 0x43, 0x5E, 0xBD, 0xAE, 0x80, 0x91, 0x30, 0xDD, 0x51, 0x9C, 0x29, 0xFE, 0x2A, 0x16,
    0xB0, 0xBA, 0x6D, 0x1F, 0xAF, 0x0F, 0x9B, 0x3F, 0xE0, 0x8D, 0x36, 0x7F, 0x9C, 0x52, 0x2B, 0xE0,
    0x19, 0xE5, 0xBC, 0xA6, 0xED, 0xEC, 0x52, 0x7F, 0x08, 0xA9, 0x11, 0x7C, 0x77, 0x33, 0x89, 0x61,
    0xAB, 0xC6, 0xE6, 0xA8, 0xF6, 0xE6, 0xC6, 0xAA, 0x97, 0x42, 0x57, 0xFC, 0xDE, 0xC4, 0xD6, 0x1C,
    0x6A, 0x15, 0x45, 0x80, 0x35, 0x9D, 0x83, 0x87, 0x3F, 0x68, 0x98, 0xB5, 0x21, 0x63, 0xF4, 0x66,
    0x0E, 0x46, 0x07, 0xA7, 0x04, 0xCB, 0x07, 0xA7, 0x5C, 0x8D, 0x56, 0x1C, 0x9C, 0x12, 0xEA, 0xC1,
    0x29, 0xDC, 0x8F, 0x3A, 0x78, 0xD1, 0xF1, 0xFB, 0x72, 0x38, 0xDA, 0x69, 0xA4, 0xC4, 0x8A, 0x1C,
    0xBE, 0x38, 0x3E, 0x8D, 0xB4, 0x15, 0x7C, 0x06, 0xC9, 0x60, 0x6F, 0xBC, 0xAC, 0x8A, 0xA4, 0xD1,
    0x2E, 0x27, 0x06, 0xDE, 0x8C, 0xD2, 0xC0, 0x1B, 0x9D, 0x46, 0xCA, 0xA5, 0x44, 0x5D, 0xF8, 0x1C,
    0x9F, 0x46, 0xBA, 0x6A, 0xE3, 0xEC, 0xDD, 0x8E, 0x8C, 0x71, 0x57, 0x1E, 0x19, 0x33, 0x2A, 0x39,
    0xA8, 0x80, 0x16, 0xC0, 0x1F, 0xCC, 0x36, 0x2F, 0x08, 0x71, 0x23, 0x6D, 0x3E, 0xD2, 0x22, 0x21,
    0xE4, 0x54, 0x47, 0xD6, 0x85, 0xF0, 0x95, 0x75, 0xA4, 0x54, 0x62, 0xE5, 0x4A, 0xD8, 0x21, 0x5A,
    0x5D, 0x0D, 0xDE, 0x7C, 0xA1, 0xF7, 0x70, 0x61, 0x99, 0x49, 0xC8, 0x99, 0xE4, 0x2F, 0x36, 0x13,
    0x7D, 0x4C, 0x2F, 0xDA, 0x39, 0xC9, 0xF3, 0x4E, 0x46, 0xB2, 0xE6, 0xA5, 0x24, 0x37, 0x26, 0xB9,
    0x35, 0xC3, 0xF1, 0xDA, 0x34, 0x1E, 0x0D, 0x10, 0xC7, 0x4D, 0x3E, 0xA9, 0xA4, 0x50, 0x8B, 0xF9,
    0x0C, 0x51, 0x9C, 0x64, 0x54, 0xB6, 0xA2, 0xD4, 0xCB, 0x8F, 0xAB, 0xED, 0x64, 0xBC, 0xE7, 0xDB,
    0x55, 0x25, 0x5E, 0x8A, 0x28, 0x4A, 0x3C, 0x0B, 0x09, 0x34, 0xFB, 0x18, 0x13, 0x93, 0x0C, 0x98,
    0xE2, 0xFF, 0x16, 0x92, 0xD7, 0x97, 0x5F, 0x5B, 0x6C, 0xA5, 0x5E, 0x4B, 0x7F, 0x69, 0x9C, 0x3B,
    0x06, 0xDD, 0x7F, 0x52, 0x87, 0x19, 0x66, 0x8B, 0x41, 0x37, 0xEC, 0xDC, 0x0B, 0x36, 0x07, 0xF7,
    0x02, 0xC6, 0xFB, 0x3C, 0x6D, 0xD4, 0x0F, 0x4A, 0x24, 0xCC, 0x5C, 0x80, 0xB3, 0xBA, 0xB2, 0xCD,
    0xE3, 0x2E, 0x55, 0xB5, 0x7E, 0xEA, 0xCE, 0xFD, 0xCE, 0x67, 0x47, 0xFB, 0x9D, 0x17, 0xDF, 0xFC,
    0xB6, 0xEE, 0x77, 0x5E, 0xB2, 0xD0, 0x0E, 0xFB, 0x9D, 0xBD, 0x7E, 0xBF, 0x33, 0xED, 0xF0, 0xF0,
    0x65, 0xEE, 0x89, 0x67, 0x60, 0x57, 0xC3, 0xBC, 0x61, 0x83, 0x10, 0x12, 0xFC, 0x98, 0x90, 0x12,
    0xC8, 0x50, 0x77, 0x50, 0x6F, 0x91, 0xAD, 0xDF, 0xC1, 0x2E, 0xF9, 0x09, 0xE7, 0x30, 0xDE, 0xE9,
    0x27, 0x01, 0x3B, 0x54, 0xE8, 0x1A, 0x78, 0xB9, 0xF0, 0xB3, 0xE7, 0xC2, 0x59, 0xEB, 0x8A, 0x2E,
    0xA2, 0xE1, 0xCB, 0x35, 0x2E, 0x61, 0xC8, 0x46, 0x4C, 0xC6, 0xE4, 0xC1, 0xA8, 0xAC, 0x95, 0xB3,
    0x9F, 0xB2, 0x10, 0xDB, 0xFD, 0x16, 0x6E, 0xFF, 0xE7, 0x35, 0x2C, 0x4A, 0x79, 0x3D, 0x67, 0xBC,
    0x89, 0xA0, 0xDF, 0x96, 0xC3, 0x6F, 0xAD, 0x18, 0xDE, 0x57, 0x0B, 0x75, 0x59, 0x27, 0x1D, 0x87,
    0x71, 0xF1, 0x9E, 0xB8, 0x9F, 0xE2, 0x0D, 0x1D, 0x52, 0x33, 0xD4, 0xFF, 0xBD, 0x3A, 0xDC, 0xD7,
    0xE9, 0xB3, 0xD7, 0x54, 0xA6, 0x47, 0xF6, 0xC7, 0x3D, 0x7D, 0x76, 0x71, 0xFF, 0xA7, 0xCF, 0x4A,
    0x7A, 0xCF, 0xA2, 0x5F, 0x77, 0xD5, 0xEF, 0x77, 0x86, 0x07, 0x3B, 0x09, 0xA9, 0xF6, 0x75, 0xE1,
    0x5B, 0x27, 0x52, 0x85, 0x4E, 0xA4, 0xB2, 0xE5, 0x89, 0x94, 0x36, 0x98, 0x26, 0xBA, 0xA3, 0xE1,
    0x3C, 0x82, 0x93, 0x71, 0xD9, 0x2E, 0xA4, 0x79, 0x8C, 0x5B, 0xC7, 0xA1, 0xE7, 0x30, 0xD1, 0x37,
    0x72, 0xC5, 0x39, 0x4C, 0xBE, 0x31, 0xA5, 0xC4, 0xC2, 0x8F, 0xDD, 0xF4, 0x71, 0xF8, 0x78, 0x4C,
    0x5F, 0x5F, 0xD9, 0xE9, 0x7A, 0x5E, 0x0C, 0xB0, 0x10, 0xC9, 0x9C, 0xEE, 0x1B, 0xD9, 0xB2, 0xFB,
    0xC6, 0x67, 0x24, 0x6E, 0x4B, 0xEC, 0xDD, 0x37, 0xCA, 0x60, 0x8F, 0xEE, 0x1B, 0xB5, 0x0A, 0x50,
    0xC6, 0xB3, 0xC2, 0x6B, 0x0D, 0xD7, 0xF1, 0x79, 0xAB, 0xA0, 0xC4, 0x55, 0x7E, 0x3A, 0xB5, 0x59,
    0xDF, 0x3F, 0x6D, 0x32, 0x07, 0x2E, 0x34, 0xBD, 0xF5, 0x34, 0xD4, 0xD6, 0x3B, 0x8E, 0x9F, 0x43,
    0x90, 0x56, 0x08, 0xD1, 0x60, 0x07, 0x92, 0x5B, 0x48, 0x76, 0xA1, 0x61, 0x38, 0x98, 0x92, 0xC2,
    0xFB, 0x77, 0xE2, 0x6C, 0x74, 0x0D, 0xFA, 0xE5, 0xA9, 0xCD, 0xF8, 0x51, 0x6E, 0x34, 0xBF, 0xF7,
    0x88, 0xFF, 0x49, 0x57, 0xC5, 0xB3, 0x54, 0x2A, 0xB9, 0x79, 0x54, 0xBF, 0x0D, 0xE1, 0xD1, 0x1C,
    0xC4, 0x75, 0xF7, 0xD4, 0x96, 0xB7, 0x81, 0xA5, 0x2A, 0x06, 0x85, 0x0E, 0x07, 0xE4, 0xEA, 0x36,
    0xB0, 0xD5, 0xA7, 0xE4, 0x1E, 0x75, 0x1B, 0xD8, 0x2A, 0x35, 0x67, 0xD8, 0x1E, 0x76, 0xAF, 0x73,
    0xAD, 0x56, 0x6C, 0x0F, 0x5B, 0xB1, 0x8F, 0xCD, 0x5F, 0xDE, 0xC7, 0xA6, 0x99, 0x55, 0xAD, 0x42,
    0x06, 0x9A, 0xF3, 0x47, 0x2C, 0xC0, 0xF4, 0x08, 0xFB, 0xD8, 0x18, 0x3B, 0xB6, 0xE7, 0xEF, 0x9E,
    0xD1, 0xA3, 0xBC, 0x87, 0x47, 0x5F, 0x0C, 0xBB, 0xB8, 0xA1, 0x8F, 0x90, 0x8E, 0xC3, 0x83, 0x16,
    0x6F, 0x85, 0x4C, 0x7F, 0x24, 0x27, 0x49, 0x3E, 0x6B, 0x17, 0x91, 0x53, 0x0A, 0xA2, 0x0F, 0x2B,
    0x4F, 0xEA, 0xB1, 0x56, 0x9C, 0xD4, 0xD3, 0x05, 0xF6, 0x0E, 0x49, 0xF7, 0xDC, 0x41, 0xC9, 0x40,
    0x63, 0x09, 0x0F, 0x0E, 0xAE, 0xE0, 0x66, 0x6E, 0x0D, 0x37, 0x76, 0x1A, 0xF8, 0xB0, 0x5A, 0xCA,
    0xE5, 0x05, 0xCE, 0xEC, 0x1F, 0x1C, 0x9C, 0x5E, 0x07, 0x02, 0x0E, 0x84, 0xFE, 0x0F, 0xA8, 0x5D,
    0xFF, 0x46, 0x0F, 0x0E, 0x4E, 0xF7, 0xBD, 0xEC, 0xCD, 0x60, 0xDE, 0xBE, 0x42, 0xA8, 0x75, 0x41,
    0x80, 0x90, 0x03, 0x3A, 0x6C, 0xAF, 0x96, 0x87, 0x2D, 0x8F, 0xC2, 0xA8, 0x85, 0x8D, 0x57, 0xD2,
    0xA6, 0x45, 0xB0, 0x4B, 0x54, 0x1C, 0xEB, 0xF6, 0x37, 0x32, 0x6F, 0x73, 0x0A, 0xB8, 0xC1, 0xF1,
    0x22, 0x64, 0x53, 0xF2, 0xBF, 0x02, 0x81, 0x37, 0x04, 0xDC, 0xFF, 0x27, 0xE0, 0x34, 0x02, 0x76,
    0x73, 0xE0, 0x28, 0x0C, 0xFB, 0xC0, 0x51, 0x18, 0x08, 0x75, 0x3B, 0xD7, 0xB0, 0xE9, 0x49, 0xAB,
    0x52, 0xAA, 0xB4, 0xFB, 0xB6, 0x14, 0x46, 0x67, 0x29, 0x17, 0xAC, 0x92, 0x02, 0x9E, 0x9A, 0x10,
    0x99, 0xA1, 0x53, 0x40, 0xC3, 0x2A, 0xD9, 0xD1, 0x2A, 0x81, 0x9E, 0xA5, 0x5C, 0xB0, 0x4A, 0x38,
    0x34, 0xFE, 0x7A, 0xD5, 0x59, 0xCA, 0x97, 0x75, 0xC1, 0x69, 0xF9, 0xFF, 0xAD, 0xB8, 0x47, 0x36,
    0x66, 0x0B, 0x9B, 0xF5, 0x62, 0xCD, 0x58, 0x2F, 0x67, 0xFA, 0x23, 0x42, 0xE8, 0x9F, 0x8B, 0x1A,
    0x17, 0x99, 0x8D, 0x82, 0xD9, 0xC8, 0x81, 0xC8, 0x66, 0xBD, 0x7C, 0x29, 0xED, 0xDD, 0xB2, 0xBC,
    0xD7, 0x0F, 0xD4, 0x8B, 0xD5, 0xAC, 0x38, 0x22, 0xC4, 0x3B, 0xA4, 0x5E, 0xEC, 0x3A, 0xE9, 0x3B,
    0x98, 0xF7, 0x6A, 0x05, 0xF8, 0x5F, 0xCA, 0x81, 0x67, 0xDC, 0xF1, 0xDB, 0xFA, 0xED, 0x1D, 0x34,
    0xCD, 0x6E, 0x07, 0x2F, 0x6F, 0x00, 0xD9, 0xFE, 0x0D, 0x6C, 0x50, 0x59, 0xBC, 0xEC, 0x63, 0x14,
    0x46, 0xE7, 0xD5, 0x65, 0x5C, 0x4B, 0xCF, 0x30, 0xAC, 0xA5, 0x5B, 0x4B, 0x6B, 0xE9, 0xB1, 0x30,
    0xF0, 0x58, 0xCC, 0x13, 0x02, 0xFE, 0x3F, 0x25, 0xFC, 0x72, 0x38, 0xAF, 0xAE, 0x12, 0xB0, 0x4B,
    0xC2, 0xC1, 0xCA, 0xF1, 0xF7, 0xCD, 0x03, 0x34, 0x01, 0x21, 0xBA, 0x2A, 0x70, 0xB4, 0xC1, 0xF6,
    0x93, 0x3C, 0x99, 0xF9, 0xEE, 0x62, 0xF7, 0x61, 0x9F, 0x0D, 0x37, 0x76, 0x64, 0x1F, 0xCD, 0x36,
    0x1F, 0x7B, 0x20, 0xAF, 0xFA, 0x40, 0xA2, 0x23, 0xD1, 0x96, 0x68, 0x49, 0x04, 0xA3, 0xFA, 0xB5,
    0xA4, 0x5B, 0x7B, 0x5B, 0x92, 0x73, 0x57, 0xA2, 0xC3, 0x18, 0x1F, 0x85, 0xEF, 0xD6, 0x98, 0xAF,
    0x4B, 0xDE, 0xA3, 0x68, 0xA7, 0x9C, 0xCF, 0x79, 0x44, 0x3D, 0x2B, 0xAB, 0xFF, 0xEB, 0xD0, 0xF0,
    0x3B, 0x78, 0x18, 0xF2, 0x91, 0xA6, 0x37, 0x8F, 0xFE, 0xD8, 0x39, 0xD3, 0x04, 0x0F, 0x69, 0x37,
    0x43, 0xB0, 0xB8, 0x8A, 0x99, 0x4A, 0x82, 0x51, 0xFC, 0x93, 0xA2, 0x13, 0x0C, 0x49, 0x3C, 0xEC,
    0x72, 0xF0, 0xEF, 0xBD, 0xCB, 0x81, 0x75, 0x94, 0xC1, 0xD9, 0xFF, 0x7C, 0x39, 0x83, 0x89, 0xB1,
    0xA3, 0xEE, 0x30, 0x8D, 0x8C, 0x9F, 0xE1, 0x21, 0xEE, 0x30, 0xD7, 0xEF, 0xED, 0x0E, 0x93, 0x0F,
    0xEE, 0x30, 0x35, 0x8D, 0x61, 0x2D, 0xA5, 0xFB, 0x0C, 0x28, 0x75, 0x2B, 0x27, 0xC2, 0x9C, 0xEE,
    0x30, 0xF3, 0xC1, 0x1D, 0xC6, 0x3F, 0x00, 0xC7, 0xF8, 0x7A, 0xBC, 0x56, 0x65, 0x4E, 0x7F, 0xC6,
    0xA4, 0xF7, 0xE0, 0x67, 0x4C, 0xA6, 0x7A, 0xC6, 0x24, 0xEF, 0x3C, 0x08, 0x7F, 0x9C, 0xED, 0x0F,
    0xCE, 0x0B, 0x16, 0xDA, 0xD4, 0x27, 0x4D, 0xEF, 0x03, 0x44, 0x09, 0x7B, 0x86, 0x85, 0xBE, 0xC4,
    0x42, 0x17, 0xFD, 0x66, 0x79, 0xE7, 0xA3, 0xDE, 0x59, 0x4B, 0xD7, 0x25, 0xAC, 0xCD, 0x19, 0x15,
    0x05, 0x13, 0xF7, 0xE7, 0xE0, 0xB8, 0x5F, 0xE6, 0x38, 0xC7, 0x1C, 0xAD, 0x5B, 0x35, 0x0B, 0x3D,
    0x05, 0xF6, 0xB5, 0xEF, 0x34, 0x98, 0x5B, 0xB3, 0x8A, 0xDB, 0xBA, 0x9B, 0xE5, 0xA3, 0x33, 0x6B,
    0x16, 0x6B, 0x5B, 0x8B, 0x75, 0x46, 0xC0, 0xAF, 0x24, 0xB2, 0x1D, 0x1C, 0x3B, 0x3F, 0x7F, 0x01,
    0xF0, 0x9A, 0xA1, 0x58, 0x01, 0x8B, 0xA5, 0xC6, 0x43, 0x1E, 0x99, 0x7A, 0x7B, 0xFF, 0xE8, 0xCC,
    0xFF, 0x0F, 0xCD, 0xD8, 0x01, 0x84, 0x25, 0xF9, 0x76, 0xC7, 0xF1, 0x4F, 0x55, 0xF5, 0x6C, 0x8D,
    0xAD, 0x9D, 0xAE, 0xC1, 0x84, 0x9D, 0xDD, 0xDE, 0xB9, 0x20, 0xBC, 0xEC, 0xF6, 0xCC, 0x0D, 0x82,
    0x15, 0x3D, 0x5D, 0xF5, 0x5E, 0x10, 0x2C, 0x76, 0x83, 0x40, 0x22, 0x12, 0x04, 0x21, 0x61, 0x16,
    0x8B, 0xC1, 0xEE, 0xDE, 0x7A, 0x22, 0x36, 0x90, 0x68, 0x04, 0x00, 0x83, 0x80, 0x9D, 0x48, 0x8F,
    0x68, 0x0C, 0xE9, 0xD9, 0x5B, 0xBB, 0xFB, 0x78, 0x80, 0x54, 0xBC, 0x00, 0x21, 0xA9, 0x6C, 0x42,
    0x62, 0xE7, 0xB1, 0x95, 0xE4, 0x3E, 0xB9, 0xDB, 0xAA, 0x6F, 0xA5, 0x6B, 0xAE, 0x2E, 0x3D, 0xB3,
    0xD3, 0xAF, 0xDF, 0xEC, 0xF6, 0xCC, 0xF4, 0x5C, 0xE7, 0xC7, 0xA8, 0xAA, 0x7F, 0xD5, 0xEF, 0xFB,
    0x3F, 0xE7, 0x9C, 0xAA, 0xE6, 0x1A, 0xC8, 0xC0, 0x24, 0x87, 0xAE, 0x84, 0xFF, 0x2C, 0x11, 0x7E,
    0x5E, 0x23, 0xFA, 0xBC, 0x41, 0xFC, 0xFD, 0x19, 0x52, 0x2D, 0x56, 0xED, 0xE2, 0xAA, 0x0F, 0xB1,
    0x21, 0xC3, 0x4D, 0xE3, 0x9C, 0x69, 0xD7, 0x15, 0xFC, 0xEC, 0xB7, 0x7F, 0xBF, 0x14, 0x54, 0x92,
    0x4A, 0x54, 0x8A, 0x1A, 0x71, 0x21, 0x9C, 0x49, 0x0E, 0x74, 0x6E, 0xFB, 0xBF, 0xBC, 0xD1, 0x15,
    0x5D, 0x2B, 0xEB, 0x4A, 0x00, 0xE0, 0x2A, 0xC8, 0x18, 0xF4, 0x2A, 0x5E, 0xE8, 0x2A, 0xE3, 0x2F,
    0x5B, 0x99, 0x0F, 0x64, 0x36, 0x9D, 0x93, 0x21, 0xE3, 0x77, 0xA6, 0x46, 0x5D, 0x67, 0x52, 0x64,
    0xEE, 0xC9, 0xB4, 0x43, 0x4C, 0xDC, 0x0B, 0x3A, 0xD9, 0xED, 0x71, 0x95, 0xCC, 0x47, 0xF5, 0xB0,
    0x50, 0x66, 0x19, 0x57, 0x11, 0x74, 0x05, 0xA2, 0xFB, 0x0D, 0x02, 0x0D, 0x84, 0x0D, 0x8C, 0x0B,
    0x58, 0x07, 0x6B, 0xC0, 0xD1, 0xA7, 0xCA, 0x61, 0x5A, 0xC2, 0x57, 0x25, 0x82, 0x7F, 0x1E, 0xF8,
    0x1C, 0xE8, 0x0C, 0xC9, 0x0F, 0xE6, 0x03, 0xA5, 0x2B, 0xF6, 0x71, 0xD5, 0xE4, 0x28, 0xA5, 0x82,
    0xAE, 0xEB, 0xCA, 0x25, 0x25, 0x61, 0x25, 0xA9, 0x07, 0x4A, 0xA2, 0x99, 0xB4, 0x10, 0xB6, 0x0F,
    0x53, 0xBA, 0x4C, 0xD0, 0x55, 0xC2, 0x1F, 0x36, 0x68, 0x88, 0x6B, 0xC6, 0x39, 0x6B, 0x78, 0x19,
    0xDF, 0x89, 0xD2, 0xE8, 0x80, 0x52, 0x5A, 0xC3, 0x2D, 0x08, 0x6B, 0xBC, 0x1E, 0x17, 0x98, 0xFE,
    0x19, 0xC2, 0xFF, 0xA9, 0x91, 0x14, 0x3B, 0x38, 0xEF, 0xFC, 0xF1, 0x44, 0xE8, 0x06, 0x22, 0xC2,
    0xA3, 0x44, 0xBE, 0xFF, 0x04, 0x44, 0xAA, 0x47, 0x89, 0x84, 0x8F, 0x25, 0x22, 0x6C, 0x88, 0x4A,
    0x59, 0x4A, 0xF7, 0x23, 0xE1, 0x17, 0xB5, 0x24, 0xBF, 0x09, 0x9C, 0x42, 0xCE, 0x84, 0xC5, 0x80,
    0x82, 0x9D, 0xD7, 0xE1, 0xD2, 0xB4, 0x60, 0xA0, 0x71, 0xF7, 0x2C, 0xD1, 0xB8, 0x8E, 0xF4, 0x30,
    0x0D, 0xDF, 0x6E, 0xB9, 0x76, 0x8D, 0x9D, 0xB8, 0x00, 0x70, 0x63, 0x5F, 0xB8, 0xD8, 0x2E, 0xA3,
    0x26, 0xAE, 0xA2, 0x26, 0xAA, 0xBD, 0x13, 0x35, 0x1C, 0xC4, 0xB9, 0xDB, 0x4D, 0xD0, 0x75, 0x4D,
    0x3C, 0x8F, 0x9A, 0xE4, 0xE0, 0x48, 0x5A, 0x1E, 0x46, 0xDC, 0x24, 0xD5, 0xA8, 0x89, 0xF6, 0xFE,
    0x6E, 0xDF, 0xF4, 0x87, 0x8B, 0xC1, 0xD8, 0x1B, 0x25, 0x44, 0x25, 0x7E, 0x69, 0x15, 0xA6, 0x7F,
    0x8E, 0xF0, 0xFF, 0x2A, 0x24, 0xC5, 0x1D, 0xAC, 0xB8, 0xF4, 0x6D, 0x98, 0x9C, 0x50, 0x33, 0xD9,
    0x37, 0x98, 0xA4, 0x3D, 0x13, 0xF1, 0x91, 0x9A, 0x89, 0x7A, 0x26, 0xC6, 0x43, 0x86, 0xB8, 0x8C,
    0x69, 0x41, 0x54, 0x12, 0x17, 0xB2, 0x35, 0xBA, 0xD2, 0x32, 0x53, 0xDE, 0x3B, 0xB5, 0x4C, 0x11,
    0x36, 0x17, 0x90, 0xDC, 0x5B, 0xC3, 0x85, 0x64, 0x8E, 0xF3, 0xC1, 0x16, 0xBC, 0x6E, 0x70, 0x1C,
    0x7D, 0xD1, 0x60, 0xD5, 0x06, 0x70, 0x36, 0xB2, 0x26, 0x9C, 0xAD, 0x49, 0xB6, 0x77, 0xAD, 0xC6,
    0x0D, 0x90, 0x59, 0x12, 0xFA, 0xB7, 0xE6, 0x54, 0x6B, 0x89, 0xCB, 0xC3, 0x6C, 0x19, 0x78, 0xD4,
    0x48, 0xF2, 0x47, 0xAB, 0xE8, 0xCC, 0xCF, 0x22, 0x19, 0xA6, 0xA5, 0xE0, 0x7F, 0x6B, 0x71, 0xB1,
    0xE3, 0x9C, 0x15, 0x9E, 0xD6, 0x8C, 0x12, 0xDC, 0x82, 0xA8, 0x82, 0x34, 0xC7, 0xB9, 0x4B, 0x97,
    0x58, 0x6E, 0x8E, 0xA8, 0x6B, 0x60, 0x5A, 0x9C, 0xA5, 0x9C, 0x12, 0xD5, 0xC4, 0x05, 0xAB, 0x24,
    0xDE, 0x14, 0x97, 0x3B, 0xC2, 0xAE, 0x1E, 0x1E, 0xF3, 0x51, 0x56, 0x23, 0x9B, 0x3C, 0x71, 0xC5,
    0x15, 0xC3, 0xB8, 0xE6, 0x26, 0x9C, 0x5B, 0x39, 0xE3, 0x5C, 0xA2, 0x06, 0x3B, 0x58, 0x7F, 0x8A,
    0x5C, 0xFC, 0x32, 0xE8, 0x0A, 0xF8, 0x8D, 0x12, 0x92, 0x1C, 0xD6, 0x21, 0xF5, 0x26, 0xE2, 0x2F,
    0x7F, 0x2E, 0x9D, 0x89, 0xE1, 0xE8, 0xE1, 0xFB, 0x4D, 0x85, 0xE8, 0xC7, 0x35, 0xA2, 0x3F, 0x6D,
    0x1E, 0xDB, 0xAB, 0xD7, 0xBF, 0x51, 0x79, 0x03, 0x9D, 0xF2, 0x18, 0x3A, 0x73, 0xD3, 0x23, 0x74,
    0x4C, 0x72, 0xFE, 0xB8, 0x24, 0x2A, 0x79, 0x8D, 0x64, 0xE5, 0x4D, 0x51, 0x79, 0x47, 0xD0, 0x55,
    0x5C, 0x76, 0x7A, 0x84, 0x82, 0xAD, 0x15, 0xC4, 0xFB, 0x6B, 0x58, 0x1D, 0x0D, 0xBD, 0xDA, 0x8A,
    0x93, 0x09, 0x3D, 0xE7, 0x5E, 0xFD, 0xD2, 0xB2, 0x57, 0x87, 0x0D, 0x48, 0x3C, 0x25, 0x42, 0xE7,
    0x5C, 0x44, 0xEA, 0x5D, 0x3D, 0x89, 0x0A, 0x41, 0x97, 0x03, 0x27, 0x77, 0xE9, 0xFB, 0xDF, 0xE8,
    0xD2, 0x3F, 0x38, 0xDA, 0xA5, 0x5B, 0x5C, 0xF5, 0xC9, 0xD1, 0xB9, 0x7E, 0xA4, 0x4B, 0xDF, 0x28,
    0x05, 0x95, 0xB4, 0x12, 0x95, 0x92, 0x9E, 0x84, 0x78, 0x26, 0xC9, 0xC5, 0xF3, 0xE5, 0x5C, 0x7F,
    0x82, 0x2E, 0x1D, 0xD9, 0x10, 0x96, 0x77, 0xE9, 0x1A, 0x5E, 0xC9, 0x9F, 0x88, 0xCE, 0x27, 0x8F,
    0xD2, 0x31, 0xBC, 0x23, 0x3F, 0xB6, 0x4B, 0x77, 0x5D, 0xD7, 0xDE, 0xD8, 0xFB, 0xB8, 0x8D, 0x1A,
    0x1B, 0x07, 0xB1, 0x7E, 0x10, 0x6B, 0x07, 0xB1, 0x72, 0x10, 0x86, 0xD8, 0xFB, 0xB8, 0x88, 0xBA,
    0x65, 0x17, 0x78, 0x4C, 0x24, 0xCB, 0x90, 0x8E, 0x1A, 0x93, 0xEE, 0xE0, 0x1F, 0x80, 0xA0, 0x36,
    0x9C, 0x18, 0xD4, 0x82, 0x69, 0x25, 0xF9, 0xB2, 0x35, 0x96, 0xB9, 0x6E, 0x9C, 0xEF, 0x4A, 0x8B,
    0x56, 0x5A, 0x2E, 0x3E, 0xDE, 0x2E, 0xFB, 0x84, 0x6A, 0x71, 0x18, 0xF7, 0xB0, 0x29, 0x30, 0x2A,
    0x12, 0xC9, 0xDE, 0x27, 0x4C, 0xFF, 0xC3, 0xE3, 0x9E, 0x5F, 0x32, 0xE7, 0xDA, 0x94, 0x8B, 0x29,
    0xC6, 0x84, 0x73, 0xC2, 0x92, 0xA0, 0xC4, 0xD3, 0xF1, 0x77, 0xEC, 0xF7, 0xCC, 0x3A, 0x5E, 0x06,
    0xDF, 0xCA, 0xEB, 0x78, 0xF0, 0x5A, 0x33, 0xC9, 0xB7, 0x82, 0xFB, 0x7B, 0x65, 0x50, 0x4C, 0x73,
    0x3C, 0xEA, 0xE5, 0xFD, 0xC1, 0xCF, 0x37, 0xBD, 0xE4, 0x27, 0x78, 0x49, 0x8F, 0x7A, 0x49, 0xBE,
    0x4E, 0x0E, 0xF0, 0xED, 0xBB, 0x18, 0x6C, 0x01, 0x9C, 0xC6, 0x3E, 0xBD, 0x02, 0xD7, 0x09, 0xB7,
    0x76, 0x48, 0x66, 0x39, 0xD7, 0x36, 0x70, 0x33, 0x45, 0x1E, 0xE4, 0x06, 0x3F, 0x7A, 0x43, 0x7A,
    0x37, 0x7A, 0x3B, 0x83, 0xAC, 0xF4, 0x62, 0x90, 0xE5, 0x26, 0xE9, 0x9D, 0x89, 0x1A, 0x8E, 0x93,
    0x64, 0x90, 0x54, 0x6F, 0x51, 0xEF, 0x11, 0x41, 0x43, 0x54, 0x99, 0xBC, 0x45, 0xF7, 0x23, 0xD1,
    0x17, 0xC3, 0x2B, 0xE2, 0xA9, 0x18, 0xFE, 0x1E, 0xC6, 0xFA, 0x7E, 0xB1, 0xC5, 0x5B, 0xB3, 0xDE,
    0xEC, 0xD2, 0xEB, 0x3B, 0x41, 0x7E, 0x4C, 0x12, 0xAE, 0x7F, 0xD7, 0x24, 0xBC, 0x8E, 0x11, 0xE2,
    0x8F, 0x66, 0xBC, 0xDD, 0xB2, 0x39, 0x7E, 0xF8, 0xA3, 0xE9, 0xD5, 0x7D, 0x3E, 0xD9, 0x2E, 0xC3,
    0x26, 0x6A, 0xA2, 0x2A, 0x9C, 0x25, 0xA5, 0x79, 0x5A, 0x6A, 0xD3, 0x2F, 0x3F, 0x6E, 0xD3, 0xAE,
    0x6B, 0xD3, 0x92, 0xC3, 0x48, 0x2A, 0xA2, 0xDA, 0xC5, 0x60, 0xEE, 0x8E, 0xE9, 0xED, 0x5A, 0xB2,
    0xC8, 0x89, 0x67, 0xBC, 0xB8, 0x8B, 0x0D, 0xC1, 0x6F, 0xD5, 0x92, 0x9F, 0x15, 0xC6, 0xEF, 0x2F,
    0x7D, 0xE5, 0xC1, 0x69, 0x25, 0x64, 0xFC, 0xA8, 0x2F, 0x2E, 0x63, 0x72, 0xF8, 0xE1, 0x93, 0x9B,
    0xBC, 0x44, 0xBF, 0xEB, 0xC3, 0x87, 0xCF, 0x77, 0x28, 0xB0, 0x7C, 0x55, 0xB2, 0xB7, 0x2B, 0x98,
    0xD6, 0x5C, 0x0B, 0x4A, 0x7F, 0xFF, 0x93, 0x42, 0x35, 0xA5, 0x78, 0x99, 0xF0, 0x16, 0xE9, 0x9C,
    0xEB, 0xD7, 0x68, 0xE2, 0x1C, 0x9E, 0xD6, 0xDE, 0x45, 0xB3, 0x97, 0xA4, 0xD3, 0x5D, 0x17, 0xE2,
    0xC6, 0x30, 0x85, 0x7A, 0x8F, 0xFF, 0xD8, 0x48, 0x6D, 0x9C, 0x62, 0x21, 0xDE, 0x22, 0x9A, 0x93,
    0xB4, 0x8C, 0xAF, 0x70, 0x33, 0xC9, 0x87, 0x9C, 0x7C, 0x86, 0x8D, 0x5F, 0x86, 0xAE, 0x10, 0xFE,
    0x7B, 0x2D, 0x29, 0xEE, 0x5A, 0xB1, 0x02, 0x4F, 0x65, 0x20, 0x24, 0xF3, 0x6B, 0xD3, 0x8B, 0xA9,
    0x71, 0x38, 0x0F, 0xCB, 0xA0, 0xA4, 0xEB, 0xB6, 0x17, 0x51, 0x73, 0xD2, 0x6F, 0x7B, 0xD1, 0x75,
    0xA3, 0x7A, 0xB3, 0xBD, 0xB8, 0xE1, 0x6E, 0x54, 0x47, 0x79, 0x80, 0x69, 0x73, 0xE3, 0xE7, 0x9E,
    0xFF, 0x8B, 0xAF, 0x0C, 0x61, 0xD5, 0xFF, 0x2F, 0xAC, 0x92, 0x3C, 0x2D, 0xD3, 0x32, 0xC9, 0xA1,
    0x2B, 0x27, 0x65, 0x7A, 0xCC, 0x6F, 0xBA, 0xD7, 0x75, 0x30, 0x9C, 0xFF, 0x6A, 0x57, 0xD0, 0xDD,
    0x9E, 0x8B, 0x6B, 0x99, 0xB4, 0x90, 0x96, 0x19, 0x51, 0xB5, 0x49, 0xD8, 0xDC, 0x23, 0x98, 0xED,
    0x62, 0xDE, 0x1E, 0x4A, 0xFB, 0xB0, 0xCC, 0x1F, 0x1C, 0xFD, 0x80, 0x60, 0xF6, 0xE0, 0x8A, 0x31,
    0x51, 0xF5, 0x60, 0x95, 0x7E, 0xBD, 0xE5, 0xCA, 0xCB, 0x7B, 0x00, 0x3B, 0xD0, 0x0E, 0xB2, 0x43,
    0x5F, 0x35, 0xC9, 0xDE, 0xBE, 0x71, 0x3E, 0xCA, 0x37, 0xA5, 0xE5, 0xAE, 0xB8, 0x6A, 0x45, 0xF5,
    0x41, 0x34, 0x8F, 0x44, 0xDD, 0x1F, 0xDB, 0x94, 0x94, 0xFD, 0xB9, 0xC9, 0xDE, 0x42, 0x7F, 0x2D,
    0xB8, 0xC2, 0xB0, 0x5B, 0x57, 0x10, 0x2F, 0x90, 0x6E, 0x17, 0xAC, 0x44, 0x25, 0x92, 0x12, 0xD3,
    0xE1, 0x01, 0xEE, 0x0C, 0xDD, 0x6C, 0x91, 0x0B, 0x16, 0xB7, 0x67, 0xE2, 0xDA, 0x3D, 0x69, 0x61,
    0x2C, 0x23, 0x2D, 0x36, 0x89, 0xCB, 0x5D, 0xA2, 0xAA, 0x97, 0xBA, 0x25, 0x6A, 0x1E, 0x27, 0x0F,
    0x8E, 0xF6, 0x52, 0x3D, 0xB8, 0xE2, 0xC1, 0xB5, 0xFD, 0x2A, 0xCB, 0xF5, 0xFA, 0x95, 0x97, 0xF7,
    0x70, 0x19, 0x5D, 0xC5, 0xA7, 0xC3, 0x6C, 0x67, 0x94, 0xF3, 0x1A, 0xCE, 0xC3, 0xA9, 0x80, 0x48,
    0x0B, 0x5C, 0x21, 0x6C, 0xDF, 0x24, 0x59, 0xBC, 0xC3, 0xE8, 0xED, 0x9C, 0x9B, 0x61, 0x05, 0xCF,
    0xDC, 0x34, 0x33, 0xA2, 0x5A, 0xF6, 0x51, 0x6E, 0xFA, 0x4F, 0x82, 0xFF, 0x6E, 0xC4, 0xC5, 0x06,
    0x4E, 0xC7, 0xF0, 0x18, 0x92, 0x1C, 0xE1, 0x67, 0x2D, 0x7E, 0x77, 0xC1, 0xD2, 0xF0, 0x9B, 0xCF,
    0xC7, 0x70, 0x8B, 0xEB, 0x48, 0xD2, 0x5A, 0x30, 0x9E, 0xF1, 0xFE, 0xFB, 0x82, 0x3A, 0x05, 0xE0,
    0xC6, 0x5C, 0xB8, 0x98, 0xE6, 0x49, 0x15, 0x57, 0x69, 0x11, 0x35, 0x63, 0xC1, 0x2C, 0x63, 0x9E,
    0xD1, 0x3E, 0x12, 0xF3, 0xFE, 0x58, 0x5A, 0x84, 0x4D, 0x7F, 0xEE, 0xC1, 0x35, 0x45, 0x7F, 0x2D,
    0xFE, 0x0A, 0xD1, 0x3E, 0x82, 0x94, 0xE5, 0x5E, 0xFF, 0xF5, 0x0E, 0x71, 0xFB, 0x0E, 0xE9, 0x0D,
    0x5C, 0x8F, 0x0B, 0xFE, 0x40, 0xF1, 0x8C, 0xAD, 0x73, 0x19, 0xD9, 0x72, 0xBE, 0x8A, 0x0A, 0xD9,
    0x5F, 0x30, 0x2D, 0x4F, 0x7D, 0xCF, 0x8D, 0x8A, 0x3B, 0xFC, 0xFA, 0x5E, 0xC5, 0x9D, 0x71, 0x01,
    0x88, 0x5A, 0x24, 0x0B, 0x8C, 0xD2, 0x9C, 0xF7, 0x82, 0xE7, 0xB2, 0xFB, 0xE1, 0xFC, 0x82, 0x78,
    0xFB, 0x6F, 0xBC, 0x18, 0xCE, 0x60, 0x49, 0x63, 0x5A, 0x09, 0xEB, 0x46, 0x9C, 0xAF, 0x9F, 0x1E,
    0x02, 0x7F, 0x88, 0x60, 0x1F, 0xF1, 0x57, 0x48, 0x7F, 0xB3, 0x64, 0x23, 0x68, 0x00, 0xF0, 0xFC,
    0xBB, 0xFA, 0xD1, 0x3F, 0x09, 0x46, 0xC5, 0x5D, 0x81, 0x15, 0x3C, 0xA5, 0x6E, 0xEF, 0xC5, 0x02,
    0xC6, 0x05, 0x6C, 0x82, 0x39, 0x3C, 0x9C, 0x07, 0xE2, 0xC2, 0xAB, 0xDD, 0x56, 0x5A, 0x5A, 0xDC,
    0x6E, 0x7B, 0x27, 0xA6, 0x6F, 0x3D, 0xD8, 0xC8, 0x7F, 0x35, 0x26, 0x9D, 0xDB, 0x24, 0x6E, 0xEC,
    0x12, 0x1D, 0x6A, 0x7B, 0x9C, 0x0E, 0xE7, 0xD4, 0x7A, 0xAD, 0x3C, 0x48, 0x8D, 0x65, 0x5E, 0x2D,
    0x53, 0x6C, 0x99, 0x1D, 0xCB, 0xF4, 0x18, 0xDA, 0xE1, 0x3E, 0xC1, 0x8C, 0xA8, 0x22, 0xC5, 0x8A,
    0x4D, 0x64, 0x07, 0xBE, 0xD2, 0x03, 0x26, 0xAB, 0x07, 0x3E, 0xFF, 0x64, 0x53, 0xDA, 0xFB, 0x2E,
    0x7B, 0xFF, 0xCB, 0x38, 0x99, 0x89, 0x5F, 0x01, 0xE3, 0x1C, 0x92, 0x12, 0xC2, 0x1A, 0xBC, 0x77,
    0xA6, 0xFC, 0x47, 0x0D, 0xC1, 0x1C, 0xD7, 0x91, 0x22, 0x38, 0x25, 0xFF, 0xF1, 0xC2, 0xE1, 0xB8,
    0x77, 0x3E, 0x2A, 0x21, 0x2E, 0x61, 0x92, 0xC3, 0x5D, 0x70, 0x07, 0x5C, 0x7C, 0xEE, 0x14, 0x1C,
    0xFF, 0x2A, 0x70, 0xDE, 0x79, 0xD9, 0xA9, 0x10, 0xB9, 0x0C, 0xBA, 0xEA, 0x5D, 0x82, 0x4F, 0x17,
    0x35, 0x41, 0x31, 0x2E, 0xCE, 0x52, 0x2E, 0xC4, 0x5F, 0xC7, 0x56, 0xA7, 0xFB, 0x56, 0x82, 0xAD,
    0xD7, 0x78, 0xC8, 0xF5, 0x85, 0x03, 0x27, 0x7F, 0xB4, 0x29, 0xAD, 0x9E, 0xD8, 0xF5, 0x19, 0xF0,
    0x05, 0xB0, 0x03, 0x5A, 0x06, 0xDD, 0x01, 0x56, 0x38, 0x79, 0x8F, 0xBF, 0x6D, 0x27, 0xEC, 0xBA,
    0x32, 0xEB, 0xB6, 0x17, 0xC5, 0x78, 0x2F, 0x6A, 0x44, 0xE5, 0xE9, 0x48, 0x38, 0x13, 0x17, 0xF6,
    0x8D, 0xC8, 0xBE, 0x6C, 0x79, 0xA1, 0xDB, 0xC2, 0x70, 0x7B, 0xD9, 0x20, 0x57, 0x98, 0x34, 0x49,
    0xEB, 0x46, 0x13, 0xF7, 0x4F, 0xEE, 0x89, 0x25, 0x68, 0x05, 0xF3, 0xA8, 0xA5, 0xFB, 0xDB, 0xC9,
    0x96, 0xF1, 0x6C, 0x52, 0x01, 0x6E, 0x42, 0x3B, 0xC8, 0x4D, 0x98, 0x16, 0x84, 0xF7, 0x1B, 0x02,
    0x0D, 0xC2, 0x06, 0xE3, 0x02, 0x1B, 0xB0, 0x0E, 0xE8, 0x3A, 0x3D, 0x12, 0x4F, 0x1F, 0x49, 0xB0,
    0x85, 0x64, 0x81, 0x0B, 0x23, 0x48, 0xE1, 0x43, 0x98, 0x41, 0x05, 0x39, 0xE8, 0x31, 0x8D, 0x7A,
    0x4C, 0xC9, 0xE9, 0x61, 0x0A, 0xB7, 0x20, 0xA9, 0x20, 0x2D, 0xE0, 0xFA, 0xD1, 0xB4, 0x03, 0x84,
    0x55, 0xD7, 0x99, 0x7E, 0xDE, 0x1C, 0x00, 0xB9, 0xF1, 0x69, 0xFD, 0xC0, 0x4B, 0xD5, 0xEB, 0x67,
    0x65, 0xAF, 0xFB, 0x7A, 0x2D, 0x4F, 0x41, 0x97, 0x80, 0x96, 0x84, 0x96, 0x88, 0x96, 0x8C, 0x18,
    0x15, 0xD8, 0x84, 0xBB, 0x50, 0x5B, 0x81, 0x31, 0x8C, 0x27, 0x4D, 0xDA, 0xA6, 0x3D, 0x95, 0xD5,
    0xDE, 0xE8, 0xFA, 0x81, 0x74, 0xF5, 0x93, 0x52, 0xD9, 0xD7, 0x53, 0xB9, 0xD5, 0x53, 0x69, 0xBC,
    0x90, 0x1B, 0x66, 0x41, 0xD8, 0x30, 0xF0, 0x58, 0x3B, 0x5B, 0x54, 0x3E, 0x84, 0x51, 0x8E, 0xB8,
    0x44, 0xF0, 0x74, 0xA9, 0x98, 0x16, 0x08, 0xEF, 0xD7, 0x08, 0x34, 0x10, 0x34, 0x30, 0xAE, 0x0C,
    0x79, 0xB3, 0x0E, 0x56, 0x96, 0x6C, 0x26, 0x3D, 0x1B, 0xE3, 0xE7, 0xC2, 0xE6, 0xC4, 0xB2, 0xBA,
    0x4C, 0x2E, 0xB3, 0x44, 0x35, 0x5A, 0xA2, 0xBA, 0x30, 0xA0, 0xAA, 0xBE, 0x13, 0xAA, 0xA0, 0x80,
    0x74, 0xBE, 0x86, 0xB5, 0x6C, 0x17, 0x97, 0xE2, 0xFA, 0x4C, 0xA5, 0xCE, 0x64, 0xAB, 0x66, 0xAF,
    0xAB, 0xC8, 0x2F, 0x7B, 0x0D, 0x03, 0x8A, 0xF4, 0x08, 0x8A, 0xEF, 0x7D, 0x77, 0x14, 0x96, 0x66,
    0xCB, 0xAC, 0x37, 0x5B, 0x3C, 0x9F, 0x5C, 0x00, 0x5C, 0x01, 0x19, 0x83, 0x5E, 0x01, 0x1E, 0x2E,
    0x9B, 0xA4, 0x07, 0x10, 0xB7, 0xAB, 0xA7, 0x94, 0x0B, 0xC7, 0x4E, 0xA2, 0x57, 0x86, 0xBE, 0x16,
    0x97, 0x43, 0xA3, 0xD9, 0x81, 0x4B, 0xC3, 0x10, 0x8A, 0xBA, 0x66, 0xBA, 0x17, 0x4E, 0xEB, 0xB4,
    0x91, 0x8A, 0x1A, 0xAB, 0xC2, 0xB9, 0x35, 0x5A, 0xBF, 0xC6, 0x87, 0xEE, 0x90, 0xE5, 0x15, 0xE9,
    0xE7, 0x25, 0xC9, 0x8F, 0x73, 0xA2, 0xAF, 0x10, 0xB4, 0x70, 0xB2, 0xBC, 0xD1, 0xDD, 0x22, 0xEB,
    0x1A, 0xF6, 0x07, 0x26, 0x49, 0xF1, 0x8D, 0x2F, 0xA0, 0xAE, 0x4D, 0xBA, 0x62, 0x3A, 0x7F, 0x61,
    0x91, 0xA7, 0xA5, 0x5D, 0x49, 0x69, 0x47, 0x54, 0x69, 0x44, 0x8D, 0x5A, 0x30, 0x0B, 0x4B, 0xDA,
    0xA8, 0x64, 0x37, 0xCE, 0xD9, 0x4C, 0x30, 0x5E, 0x45, 0xFA, 0x7B, 0x48, 0x7F, 0x8A, 0x78, 0x8E,
    0x68, 0x76, 0xE8, 0x32, 0xAC, 0x11, 0x95, 0x48, 0x0A, 0x8C, 0x72, 0x7C, 0x88, 0x37, 0x5A, 0x64,
    0x5B, 0xCF, 0xD4, 0x39, 0x8E, 0xFF, 0x1C, 0x9D, 0x2E, 0xA2, 0xAE, 0xBC, 0xF1, 0x75, 0xD8, 0x15,
    0x49, 0xE3, 0x03, 0x51, 0xE3, 0x7D, 0x61, 0x63, 0x47, 0x30, 0xD7, 0xD0, 0xAA, 0xF9, 0x20, 0xAC,
    0xC8, 0xA2, 0x92, 0x71, 0x54, 0x90, 0x7E, 0x84, 0xF4, 0x1F, 0x10, 0xFF, 0x0B, 0xA2, 0x16, 0x61,
    0x0B, 0x33, 0x68, 0x10, 0x2C, 0xED, 0xEF, 0x90, 0x94, 0x2D, 0x63, 0x73, 0xAF, 0xEE, 0xBB, 0x68,
    0x5C, 0x43, 0xB8, 0x40, 0xBC, 0x5D, 0x12, 0x2C, 0x11, 0x95, 0xF8, 0x04, 0xEE, 0xC0, 0xBB, 0x70,
    0x32, 0xA1, 0x89, 0x81, 0xD0, 0x67, 0x25, 0xC9, 0x4F, 0x72, 0xA2, 0xEE, 0x5B, 0x11, 0x4A, 0xE6,
    0x58, 0x9D, 0x62, 0x25, 0x85, 0x6B, 0x08, 0xE6, 0x43, 0x96, 0x14, 0x80, 0xE9, 0x7E, 0xDC, 0x15,
    0x37, 0xE6, 0x61, 0x97, 0x27, 0xB5, 0x5D, 0x51, 0x6D, 0x47, 0xD4, 0x68, 0x04, 0x33, 0x35, 0x6D,
    0x58, 0xB1, 0x1B, 0x95, 0x6C, 0x46, 0x05, 0xE3, 0x24, 0x67, 0xF4, 0x36, 0xD2, 0xBF, 0x44, 0xFC,
    0xD3, 0x81, 0xD5, 0x1C, 0x41, 0x73, 0x28, 0x61, 0x85, 0xA8, 0x44, 0x5A, 0x20, 0xC3, 0xAB, 0x2D,
    0x4B, 0x56, 0xD2, 0xFA, 0x65, 0x36, 0x17, 0x77, 0xF9, 0xD5, 0x51, 0x0D, 0xCF, 0xBC, 0x70, 0x26,
    0xC5, 0xBB, 0xDC, 0xDF, 0xAB, 0x05, 0xC5, 0xA4, 0x78, 0xBE, 0x35, 0xF3, 0xFF, 0x9D, 0x57, 0x01,
    0x84, 0x64, 0xC9, 0x19, 0xFE, 0xDE, 0xAB, 0x4B, 0xEA, 0xA2, 0x76, 0xA7, 0x06, 0x01, 0x76, 0xA7,
    0x5F, 0x70, 0x88, 0x35, 0xB3, 0x3D, 0xA1, 0xD1, 0x4E, 0xF7, 0xBC, 0xBA, 0x5B, 0x01, 0x27, 0x04,
    0x11, 0x11, 0x10, 0x04, 0xE7, 0x12, 0xD2, 0x68, 0x2C, 0xA6, 0xB7, 0xDF, 0x3A, 0x04, 0x12, 0x16,
    0x0B, 0x24, 0x58, 0x32, 0xC7, 0x5E, 0x6F, 0xD8, 0xC6, 0x90, 0x48, 0x7A, 0xB6, 0x6B, 0x32, 0x08,
    0x40, 0xE5, 0xE0, 0x40, 0x78, 0x61, 0x03, 0x37, 0x24, 0x25, 0x3A, 0xBC, 0xBD, 0xAB, 0xEE, 0xCA,
    0xFF, 0xEA, 0x4D, 0xF7, 0x3C, 0x9D, 0x71, 0xD3, 0x7B, 0x5F, 0xD5, 0xF7, 0xD7, 0x5F, 0xFF, 0x5F,
    0x55, 0xFF, 0xFF, 0xD9, 0xE9, 0x99, 0xDE, 0xED, 0xFD, 0x2B, 0x01, 0xFC, 0xA4, 0xD5, 0xCE, 0x65,
    0x26, 0xB3, 0x34, 0xFF, 0x5D, 0x8B, 0xE1, 0xFA, 0x41, 0xD0, 0xE8, 0xDD, 0x99, 0xA4, 0xF3, 0xFD,
    0xD6, 0xBE, 0xD9, 0x57, 0xFB, 0xB8, 0x6E, 0x6C, 0x03, 0x60, 0xB8, 0x89, 0x83, 0xA7, 0x43, 0xB7,
    0x7B, 0x43, 0xDC, 0x88, 0x6E, 0xE0, 0xFA, 0xF1, 0x06, 0xE0, 0x09, 0x95, 0x1D, 0x8D, 0x46, 0x4F,
    0x68, 0xB1, 0xB4, 0x3E, 0xA5, 0xD5, 0x8D, 0x2A, 0x64, 0xBE, 0x82, 0x5E, 0xDF, 0xDB, 0xAF, 0x8C,
    0xAA, 0x18, 0x00, 0xB2, 0xA1, 0x7C, 0xAC, 0x1B, 0x68, 0x61, 0x8C, 0x02, 0x9E, 0x46, 0x17, 0x09,
    0x52, 0x9D, 0x6A, 0xA1, 0x59, 0xC6, 0x55, 0x03, 0x7D, 0xA0, 0x1E, 0x41, 0x15, 0xE9, 0x86, 0xB3,
    0x05, 0xC6, 0x68, 0x51, 0x84, 0x69, 0x94, 0xE0, 0xBA, 0xBF, 0x13, 0x9B, 0x16, 0x53, 0x63, 0x81,
    0x42, 0x66, 0x5E, 0x5A, 0x9A, 0x5D, 0x66, 0x92, 0xC8, 0xA6, 0x67, 0x8E, 0xA6, 0xD0, 0x13, 0x96,
    0xB5, 0xB9, 0xEA, 0x35, 0x22, 0xD3, 0x97, 0x0A, 0xC0, 0x7A, 0x0A, 0x97, 0x29, 0xBA, 0x58, 0xBD,
    0x40, 0x4F, 0xD1, 0x83, 0x2D, 0xAE, 0xE8, 0x71, 0x2A, 0x01, 0xC2, 0x09, 0x70, 0x18, 0x66, 0xE7,
    0x62, 0x7E, 0xD4, 0x7E, 0xDF, 0x7B, 0xF7, 0xB8, 0xF3, 0x23, 0x74, 0x42, 0xF6, 0x45, 0xB0, 0x83,
    0xEA, 0xCC, 0x97, 0xCE, 0xB7, 0x00, 0x07, 0xFC, 0x31, 0xCC, 0x7E, 0x39, 0x17, 0x7F, 0x72, 0x34,
    0x4B, 0xDF, 0x2D, 0x53, 0xFB, 0xCB, 0x59, 0x0B, 0x1E, 0xF5, 0xCB, 0x8A, 0x47, 0xAD, 0xF7, 0xC3,
    0xAD, 0x70, 0x6C, 0x02, 0xFC, 0x14, 0xC9, 0x6C, 0xE8, 0xA6, 0x0B, 0x1F, 0x30, 0x5D, 0x0C, 0x5D,
    0x32, 0x03, 0x60, 0x80, 0x39, 0xE0, 0x0D, 0xFC, 0x1C, 0xDE, 0x67, 0x64, 0xC9, 0x9F, 0x87, 0x38,
    0x61, 0xE0, 0xFD, 0x60, 0x40, 0x16, 0x9E, 0x26, 0x39, 0x34, 0xC3, 0x0E, 0x3E, 0x98, 0xB0, 0x2D,
    0xCF, 0xDC, 0xF9, 0x38, 0x5D, 0xEC, 0x63, 0xB3, 0xB1, 0x8D, 0x0F, 0x9E, 0x7A, 0x87, 0x1B, 0x1B,
    0x8E, 0x37, 0xBC, 0xBB, 0x1C, 0x0C, 0xD7, 0x0F, 0xEA, 0xC5, 0x57, 0x95, 0xDE, 0x26, 0x0F, 0xFA,
    0xFA, 0x31, 0x5A, 0xF5, 0x33, 0xFA, 0xFD, 0x66, 0x35, 0xF8, 0x1C, 0xB0, 0x20, 0x34, 0x9F, 0xAB,
    0xD8, 0x80, 0x30, 0x10, 0x9A, 0x69, 0x10, 0x26, 0xDC, 0x08, 0x05, 0x82, 0x63, 0xB9, 0x44, 0xE5,
    0xD8, 0xBD, 0xA5, 0xD3, 0x59, 0x3A, 0xC7, 0xB8, 0x38, 0x63, 0x87, 0x26, 0xF2, 0xEA, 0x90, 0x7F,
    0xF2, 0xC9, 0x7F, 0x67, 0xFC, 0xD3, 0x3C, 0x95, 0x67, 0x67, 0xE6, 0x50, 0x3E, 0xB4, 0x89, 0x17,
    0xEF, 0xE9, 0x6E, 0x82, 0x22, 0x7A, 0x2C, 0xA5, 0x3E, 0x68, 0xC2, 0x01, 0x7B, 0x52, 0xA7, 0x69,
    0xE9, 0x74, 0x96, 0xCE, 0xF1, 0xD2, 0xB1, 0x17, 0x67, 0x62, 0x23, 0xF4, 0x20, 0x51, 0x05, 0x98,
    0x66, 0xF9, 0x84, 0xDE, 0x81, 0x50, 0xF1, 0xE7, 0x33, 0x7E, 0x9E, 0x43, 0x02, 0xA1, 0xD6, 0xAA,
    0xF9, 0x7A, 0xFF, 0x75, 0x09, 0x75, 0x15, 0x75, 0x21, 0x75, 0x2D, 0x75, 0x39, 0x75, 0x45, 0x75,
    0x51, 0x75, 0x5D, 0xE2, 0x53, 0xB3, 0x92, 0x26, 0xDF, 0xB9, 0x54, 0xD7, 0xC4, 0x6C, 0x25, 0x30,
    0x45, 0xB1, 0xD2, 0x58, 0x97, 0x59, 0x57, 0x5A, 0x17, 0x4B, 0xE7, 0x57, 0x7A, 0x9B, 0xD1, 0xAC,
    0x94, 0x6C, 0x4A, 0xC9, 0xF2, 0xDD, 0x4B, 0xD5, 0xE2, 0xDC, 0xAC, 0x84, 0xD3, 0x4C, 0xB2, 0x44,
    0x35, 0xD1, 0x45, 0x07, 0x6D, 0xF4, 0x90, 0x7C, 0x68, 0x93, 0x7B, 0xB6, 0xC9, 0x4C, 0x97, 0xEB,
    0x0E, 0x57, 0x6D, 0x81, 0xDE, 0x56, 0x19, 0x7C, 0x40, 0xD1, 0x43, 0x0A, 0x4F, 0x28, 0x3E, 0xA3,
    0x84, 0xA5, 0x4C, 0xDE, 0xDB, 0x8A, 0x74, 0x8A, 0x14, 0x09, 0xA4, 0x12, 0x8A, 0x65, 0xB1, 0x4E,
    0x85, 0x4E, 0xB9, 0x49, 0x58, 0x4E, 0x82, 0x84, 0xB2, 0x2C, 0x1B, 0xC7, 0xBA, 0x45, 0xC1, 0x82,
    0xA2, 0x8E, 0xC2, 0x87, 0x14, 0xEF, 0x52, 0x62, 0x8F, 0x32, 0x5B, 0x94, 0x12, 0x50, 0x80, 0x45,
    0x4C, 0x9D, 0x16, 0xE0, 0x3F, 0x87, 0xDC, 0xC2, 0x8E, 0x40, 0x87, 0x67, 0xF7, 0x99, 0x46, 0xCE,
    0xB4, 0xC8, 0x9A, 0x78, 0x01, 0x47, 0x6C, 0x42, 0x64, 0x65, 0x6C, 0x8C, 0x0E, 0xEE, 0x42, 0x66,
    0x22, 0x67, 0x56, 0xE4, 0x32, 0xBB, 0x4B, 0xFB, 0x31, 0x80, 0x06, 0xB1, 0x87, 0x14, 0x4C, 0x0D,
    0xC8, 0x4A, 0x95, 0xA8, 0x06, 0xBA, 0x60, 0x06, 0x98, 0xD1, 0x0C, 0x4E, 0x97, 0xC2, 0x20, 0x1E,
    0x02, 0x60, 0x7F, 0xB3, 0xC0, 0x31, 0xBE, 0xD0, 0x3C, 0x73, 0x48, 0x21, 0x34, 0x59, 0x25, 0xF4,
    0x71, 0xF4, 0x85, 0xE1, 0x19, 0xB8, 0x29, 0x00, 0x34, 0x71, 0x00, 0x60, 0x42, 0x49, 0xB0, 0x1C,
    0xB1, 0xA5, 0xAA, 0x0D, 0x0C, 0x68, 0x90, 0x62, 0xD5, 0x0A, 0xB5, 0xAA, 0xBA, 0x8E, 0xD9, 0xCD,
    0x27, 0x02, 0x06, 0xFC, 0xE2, 0x17, 0x26, 0x39, 0xB1, 0x7F, 0x89, 0xE6, 0xE7, 0x53, 0x0C, 0x95,
    0xD4, 0x03, 0xAA, 0xDD, 0x49, 0xA9, 0x5C, 0x4A, 0x27, 0xC3, 0x2A, 0x0C, 0x52, 0x99, 0x21, 0x3D,
    0x00, 0xD2, 0x19, 0x51, 0x01, 0xE4, 0x2E, 0xB9, 0x42, 0x42, 0xF1, 0x54, 0x57, 0x24, 0x7F, 0xF9,
    0x27, 0x4A, 0x81, 0xB0, 0xDD, 0x03, 0xC1, 0xEC, 0x01, 0xE0, 0x99, 0x30, 0xC0, 0x03, 0x44, 0x7E,
    0xF4, 0xDC, 0x02, 0x5F, 0xF7, 0xAF, 0x00, 0x44, 0x3F, 0xFE, 0x01, 0x80, 0xA1, 0xF7, 0x06, 0xFC,
    0x9F, 0xF8, 0xDA, 0x49, 0x10, 0x25, 0x54, 0xBF, 0x4C, 0x99, 0xF0, 0xC2, 0xF7, 0x01, 0x01, 0x60,
    0x8B, 0xB8, 0x4B, 0x6C, 0x13, 0xC7, 0xC4, 0x1C, 0x88, 0x35, 0xC0, 0xB2, 0x2A, 0x2D, 0x89, 0x4D,
    0x54, 0x3D, 0xFE, 0x41, 0x03, 0xFF, 0x31, 0x88, 0x8D, 0x05, 0xD3, 0xC7, 0x10, 0xAA, 0x03, 0x89,
    0x3D, 0x1A, 0x12, 0x1D, 0xDA, 0x1D, 0x53, 0x14, 0xC0, 0x04, 0x01, 0xF7, 0x83, 0x7D, 0xD2, 0xBF,
    0x0D, 0xC2, 0xFC, 0x3B, 0x73, 0x10, 0x7E, 0xF1, 0xE7, 0x97, 0x20, 0x44, 0x0B, 0x84, 0x9D, 0x7F,
    0x59, 0xCB, 0xE5, 0xFD, 0xDD, 0xDA, 0xBD, 0xEA, 0x95, 0x26, 0x10, 0x5B, 0xA0, 0x01, 0x44, 0x39,
    0x76, 0x6F, 0x0A, 0xF6, 0xD0, 0x8C, 0xD3, 0x5F, 0x0F, 0xEF, 0xCD, 0xFE, 0x3A, 0xBB, 0xE5, 0x5F,
    0x45, 0x53, 0xFF, 0x08, 0xC3, 0x0C, 0xBC, 0xC0, 0xAD, 0xC5, 0xAB, 0xE8, 0xC5, 0xBF, 0x1F, 0xA5,
    0xDF, 0x0B, 0xB9, 0x6F, 0xDF, 0xE4, 0xF1, 0x43, 0xD3, 0xAB, 0xEE, 0x2D, 0x5F, 0xF1, 0x2B, 0x20,
    0xF4, 0x29, 0x54, 0x25, 0x6E, 0x8F, 0xD8, 0x21, 0x1E, 0x13, 0x2D, 0x48, 0xDC, 0x57, 0x4A, 0xFB,
    0x99, 0x3F, 0x72, 0xF8, 0xFF, 0xB1, 0x78, 0xE2, 0xED, 0x55, 0xF1, 0x39, 0xDD, 0x18, 0x1D, 0x4D,
    0xDD, 0xCF, 0x1C, 0xAE, 0x18, 0x77, 0xDC, 0xF0, 0xCA, 0x78, 0xEC, 0xA6, 0xEE, 0x83, 0x23, 0xE1,
    0x15, 0xA6, 0x33, 0x0C, 0xCF, 0x67, 0x7C, 0x31, 0x55, 0x0B, 0x4C, 0x64, 0x2E, 0xB4, 0xC3, 0x81,
    0xD4, 0xF4, 0x61, 0x44, 0xCA, 0x35, 0xB3, 0x40, 0x0A, 0x94, 0xCB, 0x03, 0x80, 0xE7, 0xC0, 0x09,
    0x20, 0x0C, 0xA2, 0x02, 0x48, 0x32, 0x08, 0x8A, 0x4F, 0x81, 0xA1, 0x02, 0x9F, 0x01, 0x14, 0x93,
    0x59, 0xD0, 0x26, 0xB1, 0xBE, 0xD4, 0x81, 0x68, 0x06, 0x24, 0x0A, 0xCC, 0x01, 0xA9, 0xBE, 0x58,
    0x96, 0x41, 0x6A, 0x89, 0xD9, 0xE1, 0xB9, 0x65, 0x96, 0xDA, 0x61, 0x96, 0x9A, 0x61, 0x96, 0x5A,
    0x09, 0x8D, 0x84, 0x36, 0x4A, 0x73, 0x42, 0x26, 0x72, 0x64, 0x84, 0x25, 0x33, 0xCC, 0xC8, 0x14,
    0x20, 0x63, 0x51, 0x37, 0xF5, 0x82, 0x34, 0x99, 0xA3, 0x52, 0xC1, 0x84, 0xAD, 0xC3, 0xB4, 0x80,
    0x2B, 0x75, 0xBB, 0xA0, 0xBA, 0xD4, 0xEC, 0x4A, 0xC5, 0x0E, 0xB8, 0x34, 0x3C, 0x27, 0x23, 0x35,
    0x99, 0x54, 0x39, 0xC4, 0x0E, 0x74, 0xDF, 0x94, 0x46, 0xD7, 0xCC, 0x25, 0xCA, 0x0F, 0x28, 0x3C,
    0xA4, 0xAD, 0x4C, 0xD8, 0x3E, 0x42, 0xA4, 0xBC, 0xF7, 0x7A, 0x4A, 0xBC, 0xB5, 0xF8, 0x4D, 0xB6,
    0xFA, 0x27, 0x0F, 0x6C, 0x10, 0xF7, 0x88, 0x5D, 0x62, 0xE7, 0x82, 0xF7, 0x57, 0x3F, 0x25, 0x81,
    0x51, 0xC9, 0x7C, 0xF5, 0x13, 0x13, 0xC8, 0x33, 0xD0, 0x9B, 0x79, 0xF2, 0x99, 0x77, 0xEC, 0xD4,
    0x2F, 0x88, 0x7E, 0x8D, 0x65, 0x6C, 0x4E, 0x2C, 0x88, 0x86, 0x9D, 0x1A, 0x6C, 0xCE, 0x1C, 0xE2,
    0xD4, 0xC2, 0x9F, 0x7A, 0x35, 0x52, 0x23, 0x08, 0xEF, 0x5D, 0xEA, 0x9F, 0x9B, 0xA9, 0x97, 0xF0,
    0x6B, 0x2C, 0x63, 0x43, 0x2F, 0x55, 0x93, 0xCE, 0x44, 0xD5, 0xF7, 0xDD, 0x2C, 0x39, 0xF7, 0x96,
    0x9D, 0xF9, 0x82, 0xE8, 0xD6, 0x58, 0xF0, 0x33, 0x3F, 0x2B, 0xFB, 0x1E, 0x8D, 0x3E, 0x5E, 0x49,
    0x6E, 0xED, 0x7E, 0x03, 0xD3, 0xDB, 0x53, 0xD0, 0xE7, 0x10, 0x98, 0xAA, 0xB0, 0xD2, 0x3E, 0xC4,
    0x29, 0x1F, 0xCE, 0x0D, 0xE0, 0xE1, 0xC9, 0xAE, 0xE1, 0x8A, 0x2F, 0xAF, 0x74, 0xFD, 0x11, 0xB0,
    0x18, 0xCD, 0xC1, 0x0D, 0x92, 0x2C, 0x01, 0xE2, 0x3C, 0x7C, 0xEA, 0xBE, 0x05, 0xE0, 0x2D, 0xBC,
    0x0E, 0xB6, 0x89, 0xDF, 0x0C, 0x77, 0xC3, 0x2B, 0xE1, 0xBD, 0xF0, 0x72, 0xA8, 0xF1, 0x3A, 0xED,
    0x13, 0x5E, 0xEB, 0xBC, 0x50, 0x63, 0xA9, 0x73, 0x79, 0xAA, 0xC5, 0x3D, 0x0D, 0xA6, 0xC0, 0x01,
    0x09, 0xDC, 0x04, 0x76, 0x81, 0x36, 0xD0, 0x07, 0xC6, 0x40, 0x8E, 0x88, 0x92, 0x34, 0xB3, 0x90,
    0xE7, 0xD9, 0x4D, 0xA9, 0x77, 0xA5, 0x6E, 0xF3, 0x4C, 0xE4, 0xC8, 0x1B, 0x27, 0x91, 0xE9, 0xC8,
    0x77, 0x75, 0x9B, 0x9D, 0x67, 0x7D, 0xBC, 0xD8, 0xEC, 0xD7, 0xF8, 0x5D, 0xE0, 0xCD, 0x9D, 0x37,
    0xD1, 0xDC, 0x39, 0x80, 0xFC, 0xD5, 0x04, 0xF1, 0xDF, 0x73, 0x3C, 0x1E, 0x7E, 0x37, 0xF3, 0xDE,
    0xEB, 0x8F, 0x86, 0x3F, 0xCC, 0xE2, 0x7F, 0xE5, 0x90, 0xBF, 0x9D, 0x94, 0xF9, 0x70, 0x0E, 0x77,
    0xAF, 0xF8, 0xDB, 0x72, 0x81, 0x01, 0xD1, 0x07, 0x06, 0x7F, 0x85, 0xF5, 0xF3, 0xC9, 0x2F, 0xFF,
    0x31, 0x3B, 0x49, 0xDE, 0xFB, 0x8B, 0x75, 0x4D, 0xF1, 0x61, 0x5E, 0x74, 0xE5, 0x3D, 0x6D, 0x3B,
    0x92, 0x7E, 0x06, 0xDB, 0x3B, 0xFC, 0x1D, 0xD3, 0xBB, 0x2D, 0x62, 0x0D, 0x6E, 0x00, 0x69, 0x2B,
    0x92, 0x5F, 0x2B, 0x31, 0xF0, 0x80, 0x2F, 0x39, 0xA8, 0x55, 0x59, 0x3B, 0x7F, 0xFD, 0xB9, 0x6B,
    0xDE, 0x1D, 0x78, 0x5A, 0xEA, 0x08, 0x81, 0xAB, 0x2F, 0x5F, 0xDF, 0x5C, 0xC0, 0xD5, 0x0D, 0x1C,
    0x33, 0x7D, 0xEC, 0x98, 0x76, 0x25, 0x4B, 0x1F, 0x4C, 0x63, 0xC9, 0xD1, 0xB3, 0xCF, 0x8E, 0xBC,
    0xF7, 0xAE, 0x1E, 0x5B, 0x3F, 0xBF, 0x6C, 0x74, 0xB9, 0x06, 0xA7, 0x24, 0x82, 0xA9, 0xD9, 0xD1,
    0xD3, 0xE5, 0xF7, 0xF6, 0x67, 0xC1, 0xBB, 0x7E, 0xDC, 0x19, 0xA5, 0x7E, 0x9F, 0x95, 0xE3, 0xED,
    0x67, 0x9B, 0xFD, 0x2F, 0x61, 0x5A, 0xA4, 0xB6, 0x69, 0xA4, 0x16, 0x8A, 0x61, 0x93, 0x01, 0xA2,
    0x50, 0x52, 0x37, 0x4D, 0x6A, 0xA7, 0xC5, 0x66, 0x37, 0x38, 0x1A, 0xBA, 0xD7, 0xEF, 0xF5, 0x1B,
    0x9A, 0x6F, 0x54, 0x63, 0x04, 0x8F, 0xD7, 0xD3, 0xFD, 0x3F, 0x7D, 0x92, 0x2F, 0x8C, 0xDC, 0x46,
    0x14, 0x87, 0xBF, 0x5B, 0xB7, 0x19, 0xA9, 0xA3, 0xDC, 0x0B, 0x28, 0x68, 0xD5, 0x36, 0x2E, 0x2C,
    0x68, 0xCE, 0x81, 0x07, 0x7C, 0xF6, 0xA8, 0x1C, 0x84, 0x93, 0x04, 0x94, 0xF7, 0xC0, 0x81, 0x03,
    0xFB, 0xC7, 0x2D, 0x29, 0x28, 0x09, 0x2A, 0x2E, 0x47, 0x0B, 0x0A, 0x02, 0xDC, 0xDB, 0xC7, 0x42,
    0x47, 0xE5, 0xC0, 0x1C, 0xB4, 0x96, 0xBA, 0xAA, 0xE6, 0x24, 0xEF, 0xBA, 0x63, 0xBB, 0xB7, 0xD2,
    0xAE, 0x92, 0xE8, 0x7D, 0xB2, 0x66, 0xDE, 0xBD, 0x7B, 0xFE, 0x79, 0xF5, 0x01, 0x26, 0x90, 0xBD,
    0x24, 0xB7, 0x5A, 0x1B, 0xED, 0x12, 0x1F, 0x92, 0x66, 0x22, 0x9E, 0xEB, 0xC4, 0xCF, 0x8D, 0x5E,
    0x88, 0xB3, 0x3B, 0x00, 0x41, 0x00, 0x58, 0x21, 0x27, 0xB5, 0x69, 0xF8, 0x1C, 0x96, 0xB0, 0x67,
    0x76, 0x87, 0x29, 0x78, 0x5C, 0x70, 0x59, 0x70, 0x5D, 0xD0, 0xF7, 0x1D, 0x05, 0x03, 0x2B, 0x97,
    0xF4, 0x5A, 0xF6, 0x44, 0x9E, 0x27, 0x3C, 0x87, 0x6B, 0x58, 0xDD, 0xF3, 0xFD, 0x0F, 0x0E, 0x51,
    0xAC, 0xBE, 0xB2, 0xDA, 0x4A, 0x15, 0x32, 0xCA, 0x0E, 0x00, 0x78, 0xB4, 0x27, 0x7D, 0xE9, 0x72,
    0x71, 0xF3, 0x8F, 0x09, 0xD0, 0xEF, 0xD8, 0x65, 0x2E, 0x88, 0x86, 0x98, 0xD5, 0xEA, 0x5C, 0xAA,
    0x8B, 0x94, 0x29, 0x59, 0xDF, 0x6B, 0xC4, 0x27, 0x95, 0x1A, 0x38, 0x87, 0xAF, 0x20, 0x87, 0x1B,
    0x68, 0x39, 0x6B, 0x98, 0x29, 0x49, 0xC5, 0x23, 0x80, 0x61, 0xBE, 0x48, 0xAB, 0x5A, 0x86, 0x0D,
    0x4B, 0x71, 0xD9, 0x6E, 0xE8, 0x5C, 0xAC, 0xE2, 0xD5, 0x8F, 0xDF, 0xDC, 0x2C, 0xAC, 0xA6, 0x7B,
    0x98, 0x86, 0xB7, 0x14, 0x05, 0xB5, 0x10, 0x62, 0x30, 0xAB, 0x9D, 0xD5, 0x45, 0xAA, 0x59, 0x3F,
    0xA4, 0x45, 0xAA, 0x57, 0xC2, 0xCD, 0x15, 0xE5, 0x16, 0x00, 0x3D, 0xA2, 0xEF, 0xDB, 0xB3, 0xE3,
    0x2B, 0x30, 0x3D, 0x01, 0x0E, 0xE7, 0x17, 0xC6, 0xA7, 0xAE, 0x60, 0x4E, 0x4D, 0x47, 0x60, 0xAA,
    0x8E, 0x9A, 0x05, 0x25, 0xA2, 0x67, 0x1E, 0x5E, 0x53, 0x93, 0x21, 0x95, 0xD5, 0xC4, 0x27, 0xCD,
    0xA1, 0xBC, 0xD1, 0x18, 0xD4, 0x2D, 0x68, 0x00, 0xE0, 0xAE, 0xAC, 0xD2, 0x5F, 0x1B, 0xA1, 0x3D,
    0x21, 0x73, 0xDB, 0x8D, 0xDF, 0x9B, 0x7B, 0x32, 0x71, 0x57, 0x46, 0xEB, 0xC4, 0x77, 0xC3, 0x67,
    0xB6, 0x0F, 0x34, 0xB1, 0x13, 0xFB, 0xF1, 0xAF, 0x66, 0x07, 0x73, 0x4C, 0xC7, 0xB2, 0xE3, 0xD3,
    0x0E, 0xDE, 0x43, 0xD9, 0x6B, 0x1A, 0x78, 0x93, 0xB9, 0x76, 0xF8, 0x05, 0x14, 0xA9, 0x48, 0xE1,
    0x0A, 0x7E, 0x67, 0xE6, 0xB1, 0x54, 0xDF, 0xA0, 0x7D, 0x1F, 0x39, 0x8C, 0xE9, 0x30, 0x96, 0x3A,
    0x16, 0xC8, 0x16, 0x32, 0x87, 0xE8, 0x13, 0xD1, 0xD8, 0x0F, 0x19, 0x59, 0x80, 0x12, 0x36, 0x9C,
    0xF5, 0x24, 0x1B, 0x6C, 0xC9, 0xE3, 0x92, 0xCB, 0x92, 0xEB, 0x72, 0x34, 0xA7, 0x64, 0xE2, 0x1D,
    0xE6, 0x04, 0x9E, 0x8C, 0xAB, 0x18, 0xF7, 0x4F, 0xE6, 0x64, 0x81, 0xD9, 0x9E, 0xA7, 0xE9, 0xE8,
    0xCC, 0x47, 0x74, 0xB0, 0x1F, 0x9D, 0xE9, 0x44, 0x23, 0xB5, 0x68, 0x3E, 0x3A, 0x63, 0xC2, 0xB1,
    0x30, 0xF2, 0x20, 0xCC, 0x25, 0xAC, 0xA1, 0x61, 0xE6, 0x49, 0x14, 0xE3, 0xB0, 0xF7, 0x2C, 0xAD,
    0xAB, 0x13, 0xED, 0x12, 0xDD, 0xD8, 0xD1, 0x96, 0x3D, 0xD9, 0xAA, 0xAA, 0x6D, 0xEC, 0x0C, 0x2C,
    0x8D, 0xFB, 0x22, 0x60, 0xB7, 0x5C, 0x5D, 0x50, 0x0B, 0x9D, 0x54, 0xD3, 0xBB, 0xA2, 0x27, 0xE9,
    0xDF, 0x8A, 0x8C, 0x9E, 0xA4, 0x83, 0x27, 0x59, 0x03, 0xED, 0x11, 0xD1, 0x81, 0x93, 0x6B, 0x04,
    0x38, 0x91, 0xE4, 0xB5, 0xD1, 0x94, 0x82, 0x05, 0x35, 0xDD, 0xA1, 0x0E, 0x8E, 0x54, 0x89, 0xE7,
    0x05, 0x34, 0xFC, 0x41, 0xE6, 0x44, 0xCD, 0xE4, 0x48, 0xFB, 0x7F, 0x35, 0xC6, 0x5B, 0x95, 0xAA,
    0x60, 0x8B, 0x23, 0x0D, 0xE4, 0x4F, 0xF9, 0x4C, 0x40, 0x48, 0x7B, 0xDE, 0x3C, 0x38, 0xB2, 0xCE,
    0xC8, 0x7E, 0x51, 0xBB, 0xBD, 0x7C, 0xB6, 0x96, 0x56, 0xA6, 0x54, 0x6B, 0xF2, 0x4F, 0x6C, 0xB0,
    0x81, 0x5C, 0x58, 0x1B, 0xD7, 0x26, 0x55, 0x9B, 0xE8, 0x48, 0x15, 0xAF, 0xB1, 0x69, 0x03, 0xE5,
    0x3F, 0x9D, 0x51, 0x3F, 0xFB, 0xB3, 0xE2, 0x5F, 0xC8, 0xA1, 0x80, 0xB7, 0x6E, 0xF6, 0x9D, 0xB7,
    0x67, 0xED, 0xEA, 0xED, 0x2E, 0x6B, 0x7E, 0xCB, 0x39, 0x47, 0x18, 0x36, 0x4A, 0x7B, 0x7E, 0xFB,
    0x6D, 0xDA, 0x6C, 0x40, 0x0E, 0x94, 0x95, 0xFC, 0x78, 0x2A, 0xEC, 0xC4, 0xC6, 0xEF, 0x8E, 0x26,
    0xED, 0x56, 0x12, 0x15, 0x83, 0x7C, 0x89, 0xCC, 0x91, 0xBF, 0x10, 0x41, 0x8C, 0xCA, 0x2C, 0x4E,
    0xD6, 0x3D, 0xF2, 0x9E, 0xEA, 0x9B, 0xE5, 0xEA, 0xE7, 0x80, 0xFC, 0x14, 0x9E, 0x31, 0x2E, 0xFE,
    0xF0, 0x23, 0xBE, 0x55, 0xFC, 0xDD, 0xEA, 0x43, 0xA9, 0xF6, 0x31, 0x73, 0x15, 0xCF, 0xB7, 0xC2,
    0xA5, 0x90, 0x8F, 0xC4, 0xC3, 0xCD, 0xE0, 0x5F, 0xFC, 0x47, 0x98, 0xD8, 0x34, 0x64, 0x7E, 0x7D,
    0xDD, 0x7E, 0x1D, 0x28, 0x2B, 0xD3, 0x72, 0xAB, 0x79, 0x73, 0x5B, 0x7A, 0x83, 0xB0, 0xDA, 0x9E,
    0xA4, 0x74, 0x49, 0xF8, 0x0F, 0x95, 0x96, 0x01, 0xA4, 0x25, 0xD7, 0x19, 0xC7, 0x7F, 0x33, 0x27,
    0xC9, 0x68, 0xE6, 0xED, 0x9B, 0x85, 0x16, 0xCD, 0xA6, 0xB7, 0x28, 0xDA, 0xDD, 0x95, 0x79, 0x92,
    0xC5, 0xA3, 0x6F, 0xDF, 0x0C, 0x41, 0x01, 0x59, 0x34, 0xA0, 0x25, 0x50, 0x90, 0xE2, 0x2D, 0x82,
    0x62, 0xEF, 0x7B, 0xD3, 0x06, 0x01, 0xE4, 0x51, 0x00, 0x74, 0x69, 0xB0, 0xEE, 0xE2, 0x2E, 0x4D,
    0x2B, 0xDA, 0xFB, 0xDE, 0x9C, 0xF6, 0x51, 0x08, 0x32, 0x6D, 0x04, 0xA4, 0x64, 0x2A, 0xC1, 0x7A,
    0x0F, 0x39, 0x49, 0xA7, 0x76, 0xF6, 0xEE, 0x79, 0xF3, 0xF5, 0x7C, 0xE6, 0xE6, 0xD9, 0x6C, 0x92,
    0xA6, 0x9D, 0x7B, 0xFE, 0xBF, 0xFF, 0x9C, 0xEF, 0x9C, 0x33, 0x73, 0xEF, 0xFB, 0xCE, 0x3B, 0xE7,
    0x44, 0x75, 0x0B, 0xE9, 0x71, 0x0F, 0x39, 0x37, 0xE0, 0x2A, 0x57, 0x60, 0x01, 0xE0, 0x51, 0x7C,
    0x7B, 0x36, 0xC3, 0xE7, 0x22, 0x78, 0xE3, 0x12, 0x16, 0xC6, 0x19, 0xA6, 0xC6, 0x45, 0x14, 0xC6,
    0x41, 0x76, 0xB2, 0xBC, 0x45, 0x24, 0xE2, 0x41, 0xAB, 0x9F, 0x43, 0x64, 0x03, 0x62, 0x45, 0x62,
    0xC9, 0x45, 0x2C, 0xD1, 0x51, 0x45, 0x7C, 0x54, 0x62, 0x4E, 0x4A, 0xF6, 0xC4, 0x99, 0x7B, 0x2F,
    0xF8, 0xEC, 0xB5, 0xF5, 0xD3, 0x3C, 0x39, 0x77, 0x70, 0x35, 0xBD, 0xF0, 0xE6, 0x62, 0xFD, 0x02,
    0xFE, 0xDC, 0x65, 0xFC, 0x85, 0xCD, 0xA0, 0x2B, 0xF8, 0xCB, 0x1B, 0xF8, 0xCD, 0xEB, 0x2C, 0xAE,
    0xDC, 0x61, 0xBA, 0xD1, 0x52, 0x5C, 0x6F, 0x98, 0x38, 0x7B, 0x2E, 0xFD, 0xC4, 0x5E, 0x8D, 0xE4,
    0xA4, 0xE7, 0x44, 0xAA, 0xE8, 0xA8, 0x24, 0x56, 0xBD, 0x06, 0x3C, 0x25, 0xFB, 0x0C, 0x73, 0x6F,
    0xDA, 0xE8, 0x34, 0xAB, 0x38, 0xCD, 0xE1, 0x95, 0x6D, 0xE0, 0x06, 0xB0, 0xB8, 0xF8, 0xCB, 0x9F,
    0xF9, 0xE2, 0xFD, 0x53, 0x9F, 0xF4, 0x07, 0xDE, 0x74, 0xAF, 0x78, 0xE3, 0x50, 0x2D, 0x82, 0xA6,
    0x41, 0xDB, 0x41, 0x79, 0x50, 0xF6, 0xAA, 0x3B, 0x97, 0x7C, 0xE8, 0xC2, 0xF3, 0x1F, 0xF4, 0x3C,
    0x25, 0x95, 0x88, 0xB8, 0xF9, 0xF2, 0xB6, 0x0B, 0x4D, 0xAA, 0x3B, 0x41, 0xD7, 0x83, 0xCE, 0x07,
    0xF1, 0x39, 0x89, 0x94, 0x66, 0x39, 0x3B, 0xAB, 0x8B, 0x38, 0x6E, 0x2F, 0x6F, 0x7E, 0xAE, 0xCF,
    0x7C, 0xA8, 0x10, 0xB1, 0x50, 0xF7, 0x24, 0xCB, 0x9A, 0xCC, 0x4E, 0xCA, 0x9C, 0xB4, 0x2C, 0x48,
    0x29, 0x80, 0x1C, 0xC8, 0xAA, 0x20, 0xCB, 0xD9, 0xF8, 0xA8, 0x83, 0xD9, 0x70, 0x13, 0xAD, 0xE3,
    0x81, 0x0E, 0x62, 0x07, 0x66, 0x9F, 0xF3, 0x13, 0xD9, 0xBF, 0x53, 0x8B, 0xB4, 0xD7, 0xA2, 0xBA,
    0x04, 0xF8, 0xAE, 0x02, 0xEE, 0x8C, 0xD6, 0x28, 0x88, 0x2D, 0x14, 0x7F, 0x93, 0x57, 0xA5, 0x25,
    0x3F, 0x99, 0xDF, 0x3B, 0xF1, 0x18, 0x1F, 0x0B, 0x07, 0x98, 0x8E, 0x53, 0x0A, 0x8C, 0xC3, 0x7F,
    0xB5, 0x45, 0xA3, 0xC5, 0xA3, 0x99, 0xD1, 0xD2, 0xD1, 0xD6, 0x47, 0xBB, 0xA0, 0xB6, 0x33, 0x6C,
    0x49, 0x55, 0xB4, 0xB5, 0xBC, 0x22, 0x4D, 0xD1, 0x9D, 0x7D, 0x85, 0x56, 0x41, 0x64, 0x95, 0x85,
    0x8B, 0xC5, 0xE5, 0x7D, 0x54, 0xB7, 0xC6, 0x93, 0x61, 0x06, 0x85, 0x28, 0x3E, 0xAE, 0x02, 0xDE,
    0xB1, 0x01, 0x6F, 0xB7, 0x19, 0x12, 0x2E, 0x7F, 0xFB, 0x78, 0x98, 0xDF, 0x32, 0xD6, 0x9F, 0x55,
    0x6B, 0xAD, 0x4E, 0x5E, 0xC7, 0xD8, 0xEC, 0x83, 0x80, 0x44, 0x02, 0x8C, 0x22, 0x52, 0x20, 0xE4,
    0xF7, 0xD9, 0xA3, 0x18, 0x28, 0x10, 0xF9, 0x08, 0x98, 0x2F, 0x6B, 0xC0, 0xB8, 0xCC, 0x2A, 0x93,
    0x46, 0x69, 0x5A, 0x94, 0x6E, 0xE4, 0x63, 0xCA, 0xF6, 0x32, 0xDA, 0xBA, 0xA5, 0x3D, 0xFF, 0xEC,
    0x03, 0x77, 0x5E, 0x10, 0x67, 0xC4, 0x3F, 0x39, 0xDC, 0x34, 0xCB, 0x12, 0x8D, 0xF0, 0xB5, 0x9C,
    0xDC, 0x87, 0xDD, 0x6B, 0x9A, 0xD9, 0x89, 0x13, 0xB9, 0xCF, 0xF8, 0x7A, 0xCB, 0xEA, 0x6D, 0x6A,
    0x51, 0x87, 0x1A, 0xFD, 0x68, 0x3E, 0x92, 0x46, 0x6B, 0xD9, 0x71, 0x1F, 0xAC, 0xCB, 0x75, 0x1A,
    0xC6, 0xAE, 0x60, 0xD3, 0xB8, 0xD4, 0x16, 0x60, 0x24, 0xE4, 0xA6, 0xC2, 0x3C, 0xF0, 0x64, 0x3D,
    0xC6, 0x9D, 0x62, 0xA4, 0x32, 0xAE, 0x86, 0xBD, 0x30, 0x20, 0xB4, 0xC4, 0xA7, 0xC6, 0xE5, 0x16,
    0x0E, 0xC3, 0xF7, 0x6E, 0x2F, 0x50, 0x84, 0x71, 0x6E, 0x8B, 0x6D, 0xCD, 0xD1, 0x36, 0x07, 0xF3,
    0x21, 0x92, 0xDF, 0x9C, 0xF4, 0x22, 0xEC, 0xFC, 0x55, 0xF6, 0x0B, 0xB1, 0x71, 0x8B, 0xF8, 0x7C,
    0x08, 0x8F, 0x60, 0xDE, 0x9B, 0x5E, 0x93, 0x9F, 0xDA, 0xA8, 0x27, 0xE9, 0x49, 0x4B, 0x3C, 0xA9,
    0xA6, 0x84, 0x00, 0x75, 0x0E, 0x58, 0x3F, 0xE0, 0x3B, 0x50, 0x70, 0x61, 0x97, 0xCB, 0xEA, 0x97,
    0x0B, 0xB6, 0x20, 0x2F, 0x37, 0x73, 0x36, 0xA9, 0x45, 0xF4, 0x1A, 0xBE, 0xF9, 0xD2, 0x7B, 0xBF,
    0x7F, 0xE9, 0xBD, 0x7F, 0xFF, 0x98, 0xCC, 0xBA, 0x50, 0x20, 0x69, 0xDA, 0xC4, 0xB6, 0x60, 0xFE,
    0xD9, 0x84, 0x12, 0xFC, 0x53, 0x1B, 0x0A, 0xC4, 0xF7, 0xAA, 0xF8, 0x5F, 0x15, 0x44, 0x0F, 0xCA,
    0x50, 0x00, 0xD1, 0x02, 0xD4, 0x5A, 0x80, 0x5D, 0x2D, 0xCC, 0x66, 0xD7, 0xF8, 0x81, 0xC8, 0x40,
    0xE1, 0xC9, 0x6D, 0x40, 0xDA, 0x04, 0x98, 0x56, 0xE1, 0x0A, 0xFF, 0xF8, 0xF3, 0x01, 0xD9, 0xD1,
    0x97, 0xE0, 0x2F, 0x0A, 0x8B, 0x82, 0x6D, 0xC5, 0x54, 0xE1, 0x7D, 0xF6, 0xDE, 0x4F, 0x3A, 0x9F,
    0x89, 0x54, 0x20, 0x16, 0xEA, 0xA0, 0x10, 0x0F, 0x01, 0x9E, 0x9C, 0x1F, 0xEB, 0x7D, 0x2C, 0x2F,
    0xD8, 0xEC, 0xF8, 0x03, 0x5B, 0x50, 0xD8, 0x5D, 0x72, 0xBB, 0x08, 0x31, 0xFF, 0x15, 0xD2, 0xB6,
    0x29, 0x13, 0xED, 0xDB, 0x64, 0xC7, 0xEF, 0x2F, 0xE3, 0x21, 0x11, 0x56, 0x57, 0x21, 0xE2, 0x2F,
    0xCE, 0x66, 0xB7, 0x48, 0x87, 0x92, 0xBD, 0x79, 0x43, 0x9F, 0x84, 0x74, 0xEA, 0xF4, 0x8A, 0x4B,
    0x9D, 0x7A, 0xE9, 0xF8, 0x66, 0x44, 0x7A, 0xE6, 0xC7, 0x6F, 0xE8, 0x7D, 0xF0, 0x0A, 0x91, 0x46,
    0xEF, 0xB5, 0x9D, 0x71, 0x8A, 0x42, 0xD4, 0x01, 0x9E, 0x3B, 0x14, 0xB7, 0x5B, 0x9E, 0x90, 0x32,
    0x64, 0xAF, 0xF0, 0x5C, 0x92, 0x2A, 0xEF, 0xC1, 0x6B, 0x77, 0x25, 0xCA, 0xAD, 0xB1, 0xA7, 0x32,
    0xB6, 0xCA, 0xA4, 0x54, 0x3E, 0x0D, 0xBC, 0x3C, 0x1C, 0xCE, 0x4A, 0x44, 0xC6, 0x1F, 0x5F, 0x5B,
    0x02, 0x27, 0x2D, 0xE0, 0xD3, 0x4E, 0x69, 0xBC, 0x32, 0x12, 0x25, 0x75, 0xA5, 0x2C, 0x1A, 0x65,
    0xD6, 0xE9, 0xBB, 0x92, 0x81, 0x42, 0x2C, 0x75, 0xA9, 0xB9, 0xB6, 0x87, 0xB7, 0x97, 0x73, 0xFB,
    0x96, 0x71, 0xC6, 0x86, 0xE5, 0x2F, 0x1E, 0xC1, 0x6A, 0x62, 0x5F, 0x0B, 0xB8, 0xE7, 0x02, 0x06,
    0x20, 0x75, 0x10, 0x89, 0x3B, 0x8F, 0xF9, 0xF5, 0xA7, 0x1A, 0x93, 0x12, 0x92, 0x0E, 0xA8, 0xB5,
    0xF6, 0xA1, 0xB6, 0x3E, 0xB2, 0x4B, 0xE8, 0x92, 0x88, 0x88, 0xE5, 0xA1, 0x6B, 0x63, 0xB4, 0xA8,
    0x19, 0x3D, 0xA9, 0x94, 0x3C, 0x25, 0xF7, 0xD1, 0xE8, 0x50, 0xD7, 0x1A, 0x88, 0xB9, 0x91, 0xB4,
    0x00, 0xF4, 0x71, 0x87, 0x36, 0x74, 0x78, 0xB4, 0xC1, 0xB1, 0x50, 0x37, 0x2D, 0xBB, 0xEA, 0x49,
    0xC3, 0xB6, 0x7A, 0x6A, 0x29, 0xD4, 0xB3, 0xCF, 0xBC, 0x1A, 0x7D, 0x52, 0x8E, 0xED, 0x13, 0xD8,
    0x7D, 0x7C, 0x1F, 0x72, 0x38, 0xC8, 0x3D, 0x1A, 0xF4, 0x6F, 0x3D, 0x03, 0x57, 0x89, 0x7A, 0x97,
    0x51, 0xDC, 0xC0, 0x7C, 0x12, 0x7C, 0xE9, 0x49, 0xFF, 0x1E, 0xDC, 0x1E, 0x90, 0xFF, 0xAA, 0x9B,
    0xF0, 0xE0, 0xC3, 0xE3, 0xC1, 0x0C, 0x0B, 0x8A, 0xB2, 0x6E, 0xC3, 0xFA, 0x35, 0x7E, 0x63, 0xAB,
    0x1C, 0xD3, 0x3A, 0xBE, 0x6A, 0xE5, 0xE5, 0xE8, 0x93, 0x95, 0x17, 0x0A, 0xF2, 0x06, 0x86, 0x8E,
    0xD8, 0x6D, 0x62, 0xDC, 0xD6, 0x43, 0xD2, 0xFA, 0x15, 0xE2, 0xEE, 0x0E, 0x51, 0xDF, 0xC2, 0xA9,
    0x85, 0xBA, 0x84, 0x02, 0xCA, 0x9C, 0xC8, 0xE6, 0xA5, 0x69, 0x0B, 0x9B, 0x74, 0x0F, 0xEC, 0xFA,
    0xE1, 0x51, 0x7B, 0xB9, 0x78, 0xDE, 0x5D, 0x79, 0x26, 0x74, 0x5E, 0x8B, 0x7A, 0xC0, 0xAB, 0x58,
    0x0F, 0x9A, 0xA8, 0xE8, 0xC8, 0x4E, 0x5A, 0x62, 0x9D, 0x4E, 0x03, 0x5C, 0x1A, 0xE6, 0x2D, 0xF8,
    0xB8, 0x0B, 0xC0, 0x23, 0x9A, 0xE4, 0x97, 0x87, 0x59, 0x5D, 0xE1, 0x99, 0x12, 0xEE, 0x0E, 0x2B,
    0xD1, 0x98, 0xB6, 0x6A, 0x3F, 0x07, 0xC3, 0xBC, 0x01, 0x4D, 0x01, 0x9E, 0xFF, 0x82, 0x4B, 0x72,
    0x13, 0x0A, 0x71, 0x67, 0x79, 0x54, 0x3C, 0xA1, 0x2B, 0x72, 0xFD, 0x47, 0xC1, 0x74, 0x1B, 0x79,
    0x95, 0xD9, 0x8D, 0xCC, 0xE6, 0x6C, 0xA4, 0x6C, 0x6B, 0xEB, 0x54, 0xB1, 0x50, 0xF8, 0x47, 0xF1,
    0x9C, 0x78, 0xCF, 0xB3, 0x75, 0x17, 0x5A, 0x27, 0x76, 0x4A, 0x18, 0xB6, 0xAD, 0xC8, 0x15, 0x99,
    0x0D, 0x30, 0x5D, 0x00, 0xB5, 0xAE, 0xB5, 0xA9, 0xDC, 0x7D, 0xF8, 0x95, 0x4C, 0x15, 0xB5, 0x42,
    0x80, 0xE8, 0xE3, 0x12, 0xE2, 0x77, 0x2C, 0x98, 0xD7, 0x03, 0x92, 0x1F, 0xB5, 0x90, 0x19, 0x07,
    0xEB, 0xA6, 0x43, 0xF4, 0x7A, 0x71, 0xFA, 0xE2, 0xE9, 0x8B, 0x6C, 0x72, 0xC0, 0x6C, 0x39, 0x93,
    0x99, 0x86, 0x24, 0x6A, 0xC8, 0xCB, 0xD8, 0x32, 0xA9, 0x4C, 0x45, 0x66, 0x93, 0x92, 0xB4, 0xC9,
    0x02, 0x5C, 0x7D, 0x97, 0xF9, 0x20, 0x1E, 0x11, 0xEA, 0x6E, 0xB5, 0x95, 0x87, 0x4F, 0xA5, 0xFF,
    0xEF, 0xC6, 0x81, 0x2A, 0x69, 0x45, 0xC4, 0xCF, 0x66, 0x72, 0x97, 0x54, 0xD0, 0x7E, 0x5A, 0x9F,
    0x2F, 0x67, 0xB7, 0x72, 0x0B, 0xC5, 0x98, 0xC8, 0x26, 0x07, 0x37, 0x29, 0x63, 0x17, 0x9E, 0xDE,
    0x9A, 0xA1, 0xB6, 0xEC, 0x9C, 0x02, 0x1B, 0xAA, 0xD5, 0x71, 0xA6, 0xEE, 0x4D, 0xFB, 0x6C, 0x38,
    0xCE, 0x6C, 0x9C, 0xE6, 0x6C, 0x2C, 0xF4, 0x4F, 0x76, 0x23, 0x68, 0x11, 0xE4, 0xBF, 0x44, 0x1A,
    0x9F, 0x06, 0x69, 0xBF, 0x3C, 0x28, 0x8C, 0xFB, 0x46, 0xD2, 0x6E, 0x5C, 0x8D, 0x86, 0x3F, 0xE9,
    0x71, 0xA6, 0xFA, 0xEC, 0xD9, 0xC6, 0x15, 0x5F, 0x90, 0xE8, 0x4E, 0xBB, 0xAC, 0x6F, 0xE9, 0xFD,
    0xFF, 0xA7, 0xC9, 0x5D, 0xE3, 0x12, 0xBF, 0x3A, 0xD6, 0x94, 0x59, 0xA5, 0x39, 0xD2, 0x7D, 0x2C,
    0xA9, 0x0A, 0x40, 0x95, 0x5B, 0xC8, 0x7A, 0x30, 0x52, 0xA1, 0xFD, 0x48, 0xA5, 0x84, 0x3D, 0x8D,
    0xB6, 0x60, 0xDC, 0xF4, 0x0F, 0xEF, 0xBA, 0x8F, 0x0F, 0x7F, 0xE7, 0x8E, 0xD6, 0x9E, 0x6B, 0x7F,
    0xBB, 0xF6, 0x43, 0x5B, 0xAC, 0xED, 0x91, 0x48, 0x87, 0x59, 0xDB, 0x50, 0x11, 0x3D, 0x76, 0x1E,
    0x11, 0x71, 0xB3, 0xD9, 0xEC, 0x26, 0xAB, 0x4B, 0xEB, 0xC3, 0xFC, 0xD8, 0xB9, 0xCC, 0x5E, 0x6F,
    0xC3, 0x7C, 0x68, 0x82, 0xCA, 0xCC, 0x9E, 0x27, 0xB3, 0x7C, 0x9D, 0xE2, 0x7A, 0x89, 0x11, 0xA1,
    0x10, 0xE9, 0x2E, 0xD6, 0xCB, 0x37, 0x30, 0x1D, 0x44, 0x1E, 0xF0, 0x63, 0x4C, 0xCF, 0x5C, 0x78,
    0x88, 0x7A, 0x48, 0x1C, 0x17, 0x6B, 0x4B, 0xF1, 0xD1, 0xEA, 0x77, 0x34, 0x1A, 0x02, 0xD3, 0xAF,
    0x86, 0xD4, 0x8C, 0x09, 0xCD, 0x43, 0x87, 0x44, 0xC7, 0x5B, 0x5D, 0x43, 0xC1, 0xB3, 0xD2, 0x63,
    0x41, 0x6F, 0x81, 0x54, 0xDA, 0xCC, 0xA1, 0xFF, 0x3E, 0xFB, 0x43, 0x07, 0x52, 0x32, 0xF1, 0x71,
    0xD3, 0xFB, 0xB4, 0x2B, 0x7D, 0xEC, 0xF1, 0xDC, 0x08, 0xDA, 0x5A, 0xE9, 0x17, 0xF8, 0xC8, 0x5D,
    0x92, 0xB9, 0x2D, 0x64, 0x20, 0x6F, 0x80, 0x43, 0x07, 0xB8, 0x4D, 0xC5, 0xE5, 0x6F, 0x95, 0xBC,
    0x39, 0x11, 0x4F, 0x31, 0x94, 0x39, 0x4F, 0xFC, 0x94, 0xB4, 0x62, 0x0D, 0x63, 0x1F, 0xC6, 0xBB,
    0x01, 0x99, 0xBC, 0x5D, 0xB2, 0xBE, 0x3B, 0xC0, 0xD6, 0xF7, 0x3A, 0xF0, 0x80, 0xF9, 0x07, 0x10,
    0x9D, 0x03, 0x48, 0x49, 0xC0, 0x54, 0x59, 0x49, 0xB4, 0xAC, 0x81, 0xBC, 0x03, 0x1C, 0x5F, 0xC0,
    0x8E, 0xEC, 0x63, 0xEE, 0xDF, 0xF3, 0xBA, 0xD3, 0xEF, 0x91, 0xE3, 0x26, 0xD5, 0x36, 0x4E, 0xF7,
    0x43, 0x97, 0x36, 0x0B, 0x5C, 0xD2, 0x7A, 0x9C, 0x51, 0x18, 0xF7, 0xF5, 0xD0, 0x33, 0x12, 0xF3,
    0xE5, 0xDC, 0x1A, 0xA7, 0x9F, 0xA8, 0xD3, 0x93, 0x50, 0x90, 0x1F, 0x15, 0xF5, 0x63, 0x7C, 0xD2,
    0x88, 0x08, 0x3F, 0x5F, 0xEE, 0xFF, 0x6F, 0x67, 0x6A, 0xB3, 0xC6, 0xC3, 0xD8, 0x19, 0x4A, 0xCC,
    0x83, 0x97, 0x3A, 0xB2, 0xA3, 0xB5, 0x29, 0xB9, 0x59, 0x9B, 0x70, 0xD5, 0xAC, 0x65, 0xE5, 0xC2,
    0xAC, 0x25, 0xA5, 0x5F, 0x21, 0x7E, 0x74, 0x09, 0x9B, 0x2A, 0xC6, 0xED, 0xE0, 0x6C, 0x01, 0x8F,
    0x5B, 0x80, 0x03, 0x40, 0xC2, 0x35, 0x82, 0xB5, 0x0D, 0x15, 0x85, 0xDC, 0x27, 0x75, 0x3B, 0x95,
    0x1E, 0xDB, 0x74, 0xBB, 0x0F, 0x5A, 0x7D, 0xF4, 0x3E, 0x69, 0xF4, 0xFC, 0x69, 0x96, 0x87, 0x18,
    0x19, 0x18, 0xEB, 0xB1, 0x3B, 0xFB, 0xB5, 0x8F, 0xFC, 0xE2, 0x7C, 0x39, 0x6F, 0x42, 0xAA, 0xCF,
    0x9E, 0x4D, 0x98, 0xF2, 0x51, 0xDD, 0x66, 0xCB, 0xD3, 0xBC, 0x2C, 0xB6, 0x99, 0x2C, 0x78, 0xDA,
    0xC3, 0x23, 0xE5, 0x00, 0xB6, 0x21, 0xAF, 0x92, 0x74, 0x79, 0x10, 0x3A, 0x9F, 0x1D, 0x47, 0xC2,
    0x69, 0xE4, 0x3F, 0x63, 0x00, 0x02, 0xFB, 0xFF, 0xFF, 0x3F, 0x80, 0x30, 0x00, 0xAD, 0x90, 0x01,
    0x66, 0xFC, 0x40, 0x14, 0xC6, 0xBF, 0x4C, 0xFE, 0x7F, 0x4B, 0x83, 0x39, 0xC0, 0xA2, 0x07, 0x28,
    0x72, 0x84, 0xF4, 0x3E, 0x3D, 0xC4, 0xCE, 0x51, 0x02, 0xD0, 0x0D, 0xD2, 0x03, 0xD4, 0xCE, 0x1C,
    0x21, 0x47, 0x18, 0x14, 0xD5, 0xC2, 0x20, 0x48, 0xC7, 0xEC, 0xBC, 0xBE, 0x79, 0x95, 0xA5, 0x0B,
    0x48, 0x37, 0xF8, 0x3D, 0xEF, 0xF3, 0xE2, 0xFB, 0xE6, 0xC3, 0xFE, 0xAC, 0xC8, 0xE0, 0x64, 0xF5,
    0x67, 0xA8, 0xE6, 0xB6, 0x55, 0x5E, 0x85, 0x7F, 0x1D, 0x50, 0x07, 0x5C, 0x48, 0xFC, 0x65, 0x3C,
    0xC5, 0xA3, 0x7D, 0x5E, 0xF5, 0x3F, 0x73, 0xCC, 0x77, 0xF4, 0x0E, 0x22, 0x4D, 0x09, 0x68, 0x68,
    0x02, 0x0E, 0x43, 0x42, 0xB5, 0x54, 0x09, 0x2A, 0xC0, 0x97, 0x2B, 0x08, 0x8A, 0x7B, 0x2A, 0xE6,
    0xA9, 0xAC, 0x1B, 0x71, 0x66, 0xBF, 0x86, 0xFA, 0x62, 0x17, 0xD8, 0x8D, 0x8A, 0x1B, 0x63, 0x81,
    0x2D, 0x6E, 0x1D, 0xEA, 0x0B, 0x88, 0x42, 0x87, 0x21, 0xF6, 0xB2, 0x6E, 0xC4, 0x41, 0x5E, 0xE7,
    0xC5, 0x8D, 0xFB, 0x85, 0xCD, 0xE0, 0x82, 0x77, 0xD1, 0x3A, 0x6E, 0x58, 0x9B, 0x7B, 0xC7, 0x15,
    0xB7, 0xF8, 0x2F, 0xF7, 0xC0, 0x3A, 0x48, 0x3E, 0x57, 0x6A, 0x3E, 0x8E, 0x4E, 0x44, 0x7D, 0xD3,
    0x31, 0x49, 0x2A, 0x1B, 0x25, 0x17, 0x91, 0x24, 0x23, 0x27, 0xC9, 0xE8, 0x57, 0xB2, 0xEB, 0xDF,
    0x25, 0x98, 0x76, 0x43, 0x49, 0xB6, 0x8A, 0xB7, 0x1D, 0xD7, 0xC9, 0xBE, 0x00, 0x1C, 0x46, 0x07,
    0x2C, 0xB5, 0x87, 0x0A, 0x7C, 0x55, 0xFF, 0xA0, 0x29, 0xE8, 0x88, 0x97, 0x87, 0xD8, 0x8B, 0xB6,
    0x05, 0x6A, 0xC6, 0x98, 0x4D, 0xEE, 0x89, 0x5C, 0x1B, 0x00, 0xFB, 0x06, 0xA0, 0x8E, 0x27, 0x66,
    0x33, 0x69, 0x03, 0x0E, 0xA4, 0xDD, 0xCA, 0xC6, 0xB5, 0x0E, 0x3B, 0x9A, 0xF8, 0xB6, 0x1B, 0xC2,
    0xF8, 0x61, 0x5E, 0x55, 0x60, 0x3D, 0xC1, 0x0B, 0xC1, 0xCC, 0xC2, 0xCE, 0x17, 0xEA, 0x5C, 0x58,
    0x91, 0x67, 0x42, 0xCF, 0x85, 0x6A, 0x61, 0xBE, 0x20, 0x31, 0x03, 0x16, 0xE6, 0xA2, 0xE6, 0x66,
    0xE2, 0xF7, 0xF9, 0x3A, 0x9A, 0x7D, 0x7E, 0x84, 0x35, 0xDF, 0x3C, 0x8D, 0xA1, 0x11, 0x42, 0x31,
    0x10, 0x05, 0x33, 0x39, 0x81, 0x40, 0xA4, 0x04, 0x4A, 0xC0, 0xE2, 0xFE, 0xD0, 0x04, 0xD5, 0x20,
    0xE2, 0x68, 0x2B, 0x9E, 0x26, 0xCE, 0xE0, 0x91, 0x11, 0xE1, 0x96, 0x7B, 0x9F, 0x19, 0x4E, 0xDC,
    0x8A, 0x9D, 0x79, 0x5B, 0xFE, 0x77, 0xF9, 0x21, 0xF6, 0x6F, 0x74, 0xA1, 0xE1, 0xC2, 0xC6, 0x14,
    0xE2, 0x16, 0x52, 0x5E, 0x4E, 0x3D, 0xD5, 0xB8, 0x1F, 0x3C, 0xD5, 0x08, 0x4B, 0xC9, 0x2B, 0x6A,
    0x14, 0x83, 0xA8, 0xF4, 0x06, 0x1F, 0xC3, 0x37, 0x98, 0x47, 0x66, 0xC2, 0xCF, 0xAC, 0x06, 0x57,
    0x78, 0x1B, 0x3C, 0x60, 0x14, 0x78, 0x82, 0x96, 0x61, 0xA9, 0x93, 0x4A, 0x55, 0x63, 0x28, 0x54,
    0xD9, 0xB3, 0x75, 0x09, 0xED, 0xBB, 0xD9, 0x1F, 0x40, 0x14, 0x44, 0x0A, 0x68, 0x15, 0xC4, 0x9D,
    0x36, 0x08, 0x97, 0x03, 0x00,
};

static const EpdGlyph notoserif_14_regularGlyphs[] = {
    { 0, 0, 0, 0, 0, 0, 0 }, // U+0000
    { 0, 0, 121, 0, 0, 0, 0 }, // U+000D
    { 0, 0, 121, 0, 0, 0, 0 }, // U+0020
    { 4, 21, 155, 3, 21, 21, 0 }, // !
    { 10, 7, 190, 1, 21, 18, 21 }, // "
    { 15, 21, 261, 1, 21, 79, 39 }, // #
    { 13, 25, 261, 2, 22, 82, 118 }, // $
    { 24, 21, 418, 1, 21, 126, 200 }, // %
    { 21, 21, 346, 1, 21, 111, 326 }, // &
    { 4, 7, 103, 1, 21, 7, 437 }, // '
    { 8, 27, 161, 2, 23, 54, 444 }, // (
    { 8, 27, 161, 0, 23, 54, 498 }, // )
    { 13, 11, 233, 1, 22, 36, 552 }, // *
    { 13, 13, 261, 2, 17, 43, 588 }, // +
    { 5, 9, 117, 0, 4, 12, 631 }, // ,
    { 8, 3, 145, 1, 10, 6, 643 }, // -
    { 4, 4, 117, 2, 4, 4, 649 }, // .
    { 9, 26, 134, 0, 22, 59, 653 }, // /
    { 14, 21, 270, 2, 21, 74, 712 }, // 0
    { 12, 21, 214, 0, 21, 63, 786 }, // 1
    { 13, 21, 231, 1, 21, 69, 849 }, // 2
    { 13, 21, 239, 1, 21, 69, 918 }, // 3
    { 15, 21, 258, 1, 21, 79, 987 }, // 4
    { 13, 21, 239, 1, 21, 69, 1066 }, // 5
    { 13, 21, 257, 2, 21, 69, 1135 }, // 6
    { 13, 21, 240, 1, 21, 69, 1204 }, // 7
    { 14, 21, 260, 1, 21, 74, 1273 }, // 8
    { 13, 21, 257, 1, 21, 69, 1347 }, // 9
    { 4, 16, 133, 2, 16, 16, 1416 }, // :
    { 5, 21, 133, 1, 16, 27, 1432 }, // ;
    { 13, 15, 261, 2, 18, 49, 1459 }, // <
    { 13, 8, 261, 2, 15, 26, 1508 }, // =
    { 13, 15, 261, 2, 18, 49, 1534 }, // >
    { 12, 21, 221, 1, 21, 63, 1583 }, // ?
    { 24, 25, 430, 2, 21, 150, 1646 }, // @
    { 21, 21, 329, 0, 21, 111, 1796 }, // A
    { 16, 21, 305, 1, 21, 84, 1907 }, // B
    { 16, 21, 287, 2, 21, 84, 1991 }, // C
    { 19, 21, 339, 1, 21, 100, 2075 }, // D
    { 16, 21, 291, 1, 21, 84, 2175 }, // E
    { 15, 21, 275, 1, 21, 79, 2259 }, // F
    { 19, 21, 333, 2, 21, 100, 2338 }, // G
    { 21, 21, 370, 1, 21, 111, 2438 }, // H
    { 8, 21, 171, 1, 21, 42, 2549 }, // I
    { 10, 28, 167, -1, 21, 70, 2591 }, // J
    { 20, 21, 327, 1, 21, 105, 2661 }, // K
    { 16, 21, 291, 1, 21, 84, 2766 }, // L
    { 25, 21, 438, 1, 21, 132, 2850 }, // M
    { 20, 21, 356, 1, 21, 105, 2982 }, // N
    { 18, 21, 346, 2, 21, 95, 3087 }, // O
    { 15, 21, 282, 1, 21, 79, 3182 }, // P
    { 18, 28, 346, 2, 21, 126, 3261 }, // Q
    { 18, 21, 306, 1, 21, 95, 3387 }, // R
    { 14, 21, 254, 1, 21, 74, 3482 }, // S
    { 17, 21, 286, 0, 21, 90, 3556 }, // T
    { 20, 21, 335, 1, 21, 105, 3646 }, // U
    { 20, 21, 315, 0, 21, 105, 3751 }, // V
    { 30, 21, 489, 1, 21, 158, 3856 }, // W
    { 19, 21, 308, 0, 21, 100, 4014 }, // X
    { 18, 21, 292, 0, 21, 95, 4114 }, // Y
    { 15, 21, 276, 1, 21, 79, 4209 }, // Z
    { 7, 27, 168, 3, 22, 48, 4288 }, // [
    { 9, 26, 134, 0, 22, 59, 4336 }, // <backslash>
    { 7, 27, 168, 1, 22, 48, 4395 }, // ]
    { 14, 13, 261, 1, 21, 46, 4443 }, // ^
    { 14, 2, 214, 0, -2, 7, 4489 }, // _
    { 6, 5, 128, 1, 23, 8, 4496 }, // `
    { 14, 16, 263, 1, 16, 56, 4504 }, // a
    { 16, 22, 287, 0, 22, 88, 4560 }, // b
    { 12, 16, 230, 2, 16, 48, 4648 }, // c
    { 16, 22, 287, 2, 22, 88, 4696 }, // d
    { 13, 16, 250, 2, 16, 52, 4784 }, // e
    { 12, 22, 172, 1, 22, 66, 4836 }, // f
    { 15, 23, 251, 1, 16, 87, 4902 }, // g
    { 18, 22, 296, 0, 22, 99, 4989 }, // h
    { 8, 22, 149, 1, 22, 44, 5088 }, // i
    { 6, 29, 140, 0, 22, 44, 5132 }, // j
    { 18, 22, 273, 0, 22, 99, 5176 }, // k
    { 8, 22, 145, 1, 22, 44, 5275 }, // l
    { 27, 16, 441, 0, 16, 108, 5319 }, // m
    { 18, 16, 301, 0, 16, 72, 5427 }, // n
    { 14, 16, 269, 2, 16, 56, 5499 }, // o
    { 16, 23, 287, 0, 16, 92, 5555 }, // p
    { 16, 23, 287, 2, 16, 92, 5647 }, // q
    { 13, 16, 220, 1, 16, 52, 5739 }, // r
    { 11, 16, 211, 1, 16, 44, 5791 }, // s
    { 9, 20, 164, 1, 20, 45, 5835 }, // t
    { 18, 16, 296, 0, 16, 72, 5880 }, // u
    { 17, 16, 270, 1, 16, 68, 5952 }, // v
    { 26, 16, 402, -1, 16, 104, 6020 }, // w
    { 17, 16, 270, 0, 16, 68, 6124 }, // x
    { 17, 23, 264, 0, 16, 98, 6192 }, // y
    { 12, 16, 239, 1, 16, 48, 6290 }, // z
    { 10, 27, 200, 1, 22, 68, 6338 }, // {
    { 2, 29, 261, 7, 22, 15, 6406 }, // |
    { 11, 27, 200, 1, 22, 75, 6421 }, // }
    { 14, 5, 261, 1, 13, 18, 6496 }, // ~
    { 0, 0, 121, 0, 0, 0, 0 }, // U+00A0
    { 4, 21, 155, 3, 16, 21, 0 }, // U+00A1
    { 12, 21, 261, 2, 21, 63, 21 }, // U+00A2
    { 14, 21, 261, 1, 21, 74, 84 }, // U+00A3
    { 13, 13, 261, 2, 17, 43, 158 }, // U+00A4
    { 17, 21, 261, 0, 21, 90, 201 }, // U+00A5
    { 2, 29, 261, 7, 22, 15, 291 }, // U+00A6
    { 13, 26, 254, 2, 22, 85, 306 }, // U+00A7
    { 9, 3, 269, 4, 22, 7, 391 }, // U+00A8
    { 22, 22, 394, 2, 22, 121, 398 }, // U+00A9
    { 10, 10, 178, 1, 21, 25, 519 }, // U+00AA
    { 12, 11, 240, 2, 13, 33, 544 }, // U+00AB
    { 13, 8, 261, 2, 12, 26, 577 }, // U+00AC
    { 8, 3, 145, 1, 10, 6, 603 }, // U+00AD
    { 22, 22, 394, 2, 22, 121, 609 }, // U+00AE
    { 14, 2, 214, 0, 24, 7, 730 }, // U+00AF
    { 9, 9, 187, 1, 21, 21, 737 }, // U+00B0
    { 13, 17, 261, 2, 17, 56, 758 }, // U+00B1
    { 9, 14, 187, 1, 25, 32, 814 }, // U+00B2
    { 10, 15, 187, 0, 25, 38, 846 }, // U+00B3
    { 6, 5, 128, 1, 23, 8, 884 }, // U+00B4
    { 14, 23, 287, 3, 16, 81, 892 }, // U+00B5
    { 16, 26, 288, 1, 22, 104, 973 }, // U+00B6
    { 4, 4, 117, 2, 12, 4, 1077 }, // U+00B7
    { 7, 8, 155, 2, 1, 14, 1081 }, // U+00B8
    { 9, 13, 187, 1, 24, 30, 1095 }, // U+00B9
    { 10, 10, 185, 1, 21, 25, 1125 }, // U+00BA
    { 12, 11, 240, 2, 13, 33, 1150 }, // U+00BB
    { 24, 21, 392, 0, 21, 126, 1183 }, // U+00BC
    { 24, 21, 392, 0, 21, 126, 1309 }, // U+00BD
    { 24, 22, 392, 0, 22, 132, 1435 }, // U+00BE
    { 12, 22, 221, 1, 16, 66, 1567 }, // U+00BF
    { 21, 28, 329, 0, 28, 147, 1633 }, // U+00C0
    { 21, 28, 329, 0, 28, 147, 1780 }, // U+00C1
    { 21, 28, 329, 0, 28, 147, 1927 }, // U+00C2
    { 21, 26, 329, 0, 26, 137, 2074 }, // U+00C3
    { 21, 27, 329, 0, 27, 142, 2211 }, // U+00C4
    { 21, 26, 329, 0, 26, 137, 2353 }, // U+00C5
    { 27, 21, 444, 0, 21, 142, 2490 }, // U+00C6
    { 16, 28, 287, 2, 21, 112, 2632 }, // U+00C7
    { 16, 28, 291, 1, 28, 112, 2744 }, // U+00C8
    { 16, 28, 291, 1, 28, 112, 2856 }, // U+00C9
    { 16, 28, 291, 1, 28, 112, 2968 }, // U+00CA
    { 16, 27, 291, 1, 27, 108, 3080 }, // U+00CB
    { 9, 28, 171, 0, 28, 63, 3188 }, // U+00CC
    { 8, 28, 171, 1, 28, 56, 3251 }, // U+00CD
    { 10, 28, 171, 0, 28, 70, 3307 }, // U+00CE
    { 8, 27, 171, 1, 27, 54, 3377 }, // U+00CF
    { 18, 21, 339, 1, 21, 95, 3431 }, // U+00D0
    { 20, 26, 356, 1, 26, 130, 3526 }, // U+00D1
    { 18, 28, 346, 2, 28, 126, 3656 }, // U+00D2
    { 18, 28, 346, 2, 28, 126, 3782 }, // U+00D3
    { 18, 28, 346, 2, 28, 126, 3908 }, // U+00D4
    { 18, 27, 346, 2, 27, 122, 4034 }, // U+00D5
    { 18, 27, 346, 2, 27, 122, 4156 }, // U+00D6
    { 13, 13, 261, 2, 17, 43, 4278 }, // U+00D7
    { 18, 23, 346, 2, 22, 104, 4321 }, // U+00D8
    { 20, 28, 335, 1, 28, 140, 4425 }, // U+00D9
    { 20, 28, 335, 1, 28, 140, 4565 }, // U+00DA
    { 20, 28, 335, 1, 28, 140, 4705 }, // U+00DB
    { 20, 27, 335, 1, 27, 135, 4845 }, // U+00DC
    { 18, 28, 292, 0, 28, 126, 4980 }, // U+00DD
    { 15, 21, 282, 1, 21, 79, 5106 }, // U+00DE
    { 17, 22, 302, 0, 22, 94, 5185 }, // U+00DF
    { 14, 22, 263, 1, 22, 77, 5279 }, // U+00E0
    { 14, 22, 263, 1, 22, 77, 5356 }, // U+00E1
    { 14, 22, 263, 1, 22, 77, 5433 }, // U+00E2
    { 14, 21, 263, 1, 21, 74, 5510 }, // U+00E3
    { 14, 22, 263, 1, 22, 77, 5584 }, // U+00E4
    { 14, 24, 263, 1, 24, 84, 5661 }, // U+00E5
    { 22, 16, 393, 1, 16, 88, 5745 }, // U+00E6
    { 12, 23, 230, 2, 16, 69, 5833 }, // U+00E7
    { 13, 22, 250, 2, 22, 72, 5902 }, // U+00E8
    { 13, 22, 250, 2, 22, 72, 5974 }, // U+00E9
    { 13, 22, 250, 2, 22, 72, 6046 }, // U+00EA
    { 13, 22, 250, 2, 22, 72, 6118 }, // U+00EB
    { 9, 22, 149, 0, 22, 50, 6190 }, // U+00EC
    { 9, 22, 149, 1, 22, 50, 6240 }, // U+00ED
    { 9, 22, 149, 0, 22, 50, 6290 }, // U+00EE
    { 9, 22, 149, 1, 22, 50, 6340 }, // U+00EF
    { 14, 23, 269, 2, 23, 81, 6390 }, // U+00F0
    { 18, 21, 301, 0, 21, 95, 6471 }, // U+00F1
    { 14, 22, 269, 2, 22, 77, 6566 }, // U+00F2
    { 14, 22, 269, 2, 22, 77, 6643 }, // U+00F3
    { 14, 22, 269, 2, 22, 77, 6720 }, // U+00F4
    { 14, 21, 269, 2, 21, 74, 6797 }, // U+00F5
    { 14, 22, 269, 2, 22, 77, 6871 }, // U+00F6
    { 13, 14, 261, 2, 17, 46, 6948 }, // U+00F7
    { 14, 18, 269, 2, 17, 63, 6994 }, // U+00F8
    { 18, 22, 296, 0, 22, 99, 7057 }, // U+00F9
    { 18, 22, 296, 0, 22, 99, 7156 }, // U+00FA
    { 18, 22, 296, 0, 22, 99, 7255 }, // U+00FB
    { 18, 22, 296, 0, 22, 99, 7354 }, // U+00FC
    { 17, 29, 264, 0, 22, 124, 7453 }, // U+00FD
    { 16, 29, 287, 0, 22, 116, 7577 }, // U+00FE
    { 17, 29, 264, 0, 22, 124, 7693 }, // U+00FF
    { 21, 25, 329, 0, 25, 132, 0 }, // U+0100
    { 14, 20, 263, 1, 20, 70, 132 }, // U+0101
    { 21, 27, 329, 0, 27, 142, 202 }, // U+0102
    { 14, 22, 263, 1, 22, 77, 344 }, // U+0103
    { 21, 28, 329, 0, 21, 147, 421 }, // U+0104
    { 14, 23, 263, 1, 16, 81, 568 }, // U+0105
    { 16, 28, 287, 2, 28, 112, 649 }, // U+0106
    { 12, 22, 230, 2, 22, 66, 761 }, // U+0107
    { 16, 28, 287, 2, 28, 112, 827 }, // U+0108
    { 12, 22, 230, 2, 22, 66, 939 }, // U+0109
    { 16, 28, 287, 2, 28, 112, 1005 }, // U+010A
    { 12, 22, 230, 2, 22, 66, 1117 }, // U+010B
    { 16, 27, 287, 2, 27, 108, 1183 }, // U+010C
    { 12, 22, 230, 2, 22, 66, 1291 }, // U+010D
    { 19, 28, 339, 1, 28, 133, 1357 }, // U+010E
    { 19, 22, 287, 2, 22, 105, 1490 }, // U+010F
    { 18, 21, 339, 1, 21, 95, 1595 }, // U+0110
    { 16, 22, 287, 2, 22, 88, 1690 }, // U+0111
    { 16, 25, 291, 1, 25, 100, 1778 }, // U+0112
    { 13, 20, 250, 2, 20, 65, 1878 }, // U+0113
    { 16, 27, 291, 1, 27, 108, 1943 }, // U+0114
    { 13, 22, 250, 2, 22, 72, 2051 }, // U+0115
    { 16, 27, 291, 1, 27, 108, 2123 }, // U+0116
    { 13, 22, 250, 2, 22, 72, 2231 }, // U+0117
    { 16, 28, 291, 1, 21, 112, 2303 }, // U+0118
    { 13, 23, 250, 2, 16, 75, 2415 }, // U+0119
    { 16, 28, 291, 1, 28, 112, 2490 }, // U+011A
    { 13, 22, 250, 2, 22, 72, 2602 }, // U+011B
    { 19, 28, 333, 2, 28, 133, 2674 }, // U+011C
    { 15, 29, 251, 1, 22, 109, 2807 }, // U+011D
    { 19, 27, 333, 2, 27, 129, 2916 }, // U+011E
    { 15, 29, 251, 1, 22, 109, 3045 }, // U+011F
    { 19, 28, 333, 2, 28, 133, 3154 }, // U+0120
    { 15, 29, 251, 1, 22, 109, 3287 }, // U+0121
    { 19, 27, 333, 2, 21, 129, 3396 }, // U+0122
    { 15, 29, 251, 1, 22, 109, 3525 }, // U+0123
    { 21, 28, 370, 1, 28, 147, 3634 }, // U+0124
    { 18, 28, 296, 0, 28, 126, 3781 }, // U+0125
    { 21, 21, 370, 1, 21, 111, 3907 }, // U+0126
    { 18, 22, 296, 1, 22, 99, 4018 }, // U+0127
    { 11, 26, 171, 1, 26, 72, 4117 }, // U+0128
    { 11, 21, 149, -1, 21, 58, 4189 }, // U+0129
    { 8, 25, 171, 1, 25, 50, 4247 }, // U+012A
    { 9, 20, 149, 0, 20, 45, 4297 }, // U+012B
    { 8, 27, 171, 1, 27, 54, 4342 }, // U+012C
    { 8, 22, 149, 1, 22, 44, 4396 }, // U+012D
    { 8, 28, 171, 1, 21, 56, 4440 }, // U+012E
    { 8, 29, 149, 1, 22, 58, 4496 }, // U+012F
    { 8, 27, 171, 1, 27, 54, 4554 }, // U+0130
    { 8, 16, 149, 1, 16, 32, 4608 }, // U+0131
    { 18, 28, 325, 1, 21, 126, 4640 }, // U+0132
    { 14, 29, 289, 1, 22, 102, 4766 }, // U+0133
    { 11, 35, 167, -1, 28, 97, 4868 }, // U+0134
    { 10, 29, 140, -1, 22, 73, 4965 }, // U+0135
    { 20, 28, 327, 1, 21, 140, 5038 }, // U+0136
    { 18, 29, 273, 0, 22, 131, 5178 }, // U+0137
    { 18, 16, 273, 0, 16, 72, 5309 }, // U+0138
    { 16, 28, 291, 1, 28, 112, 5381 }, // U+0139
    { 9, 28, 145, 1, 28, 63, 5493 }, // U+013A
    { 16, 28, 291, 1, 21, 112, 5556 }, // U+013B
    { 8, 29, 145, 1, 22, 58, 5668 }, // U+013C
    { 16, 21, 291, 1, 21, 84, 5726 }, // U+013D
    { 11, 22, 145, 1, 22, 61, 5810 }, // U+013E
    { 16, 21, 291, 1, 21, 84, 5871 }, // U+013F
    { 11, 22, 173, 1, 22, 61, 5955 }, // U+0140
    { 16, 21, 291, 1, 21, 84, 6016 }, // U+0141
    { 8, 22, 151, 1, 22, 44, 6100 }, // U+0142
    { 20, 28, 356, 1, 28, 140, 6144 }, // U+0143
    { 18, 22, 301, 0, 22, 99, 6284 }, // U+0144
    { 20, 28, 356, 1, 21, 140, 6383 }, // U+0145
    { 18, 23, 301, 0, 16, 104, 6523 }, // U+0146
    { 20, 28, 356, 1, 28, 140, 6627 }, // U+0147
    { 18, 22, 301, 0, 22, 99, 6767 }, // U+0148
    { 23, 21, 364, 0, 21, 121, 6866 }, // U+0149
    { 20, 28, 356, 1, 21, 140, 6987 }, // U+014A
    { 15, 23, 296, 0, 16, 87, 7127 }, // U+014B
    { 18, 25, 346, 2, 25, 113, 7214 }, // U+014C
    { 14, 20, 269, 2, 20, 70, 7327 }, // U+014D
    { 18, 27, 346, 2, 27, 122, 7397 }, // U+014E
    { 14, 22, 269, 2, 22, 77, 7519 }, // U+014F
    { 18, 28, 346, 2, 28, 126, 7596 }, // U+0150
    { 14, 22, 269, 2, 22, 77, 7722 }, // U+0151
    { 25, 21, 448, 2, 21, 132, 7799 }, // U+0152
    { 23, 16, 422, 2, 16, 92, 7931 }, // U+0153
    { 18, 28, 306, 1, 28, 126, 8023 }, // U+0154
    { 13, 22, 220, 1, 22, 72, 8149 }, // U+0155
    { 18, 28, 306, 1, 21, 126, 8221 }, // U+0156
    { 13, 23, 220, 1, 16, 75, 8347 }, // U+0157
    { 18, 28, 306, 1, 28, 126, 8422 }, // U+0158
    { 13, 22, 220, 1, 22, 72, 8548 }, // U+0159
    { 14, 28, 254, 1, 28, 98, 8620 }, // U+015A
    { 11, 22, 211, 1, 22, 61, 8718 }, // U+015B
    { 14, 28, 254, 1, 28, 98, 8779 }, // U+015C
    { 11, 22, 211, 1, 22, 61, 8877 }, // U+015D
    { 14, 28, 254, 1, 21, 98, 8938 }, // U+015E
    { 11, 23, 211, 1, 16, 64, 9036 }, // U+015F
    { 14, 27, 254, 1, 27, 95, 9100 }, // U+0160
    { 11, 22, 211, 1, 22, 61, 9195 }, // U+0161
    { 17, 28, 286, 0, 21, 119, 9256 }, // U+0162
    { 9, 27, 164, 1, 20, 61, 9375 }, // U+0163
    { 17, 28, 286, 0, 28, 119, 9436 }, // U+0164
    { 11, 22, 164, 1, 22, 61, 9555 }, // U+0165
    { 17, 21, 286, 1, 21, 90, 9616 }, // U+0166
    { 9, 20, 164, 1, 20, 45, 9706 }, // U+0167
    { 20, 27, 335, 1, 27, 135, 9751 }, // U+0168
    { 18, 21, 296, 0, 21, 95, 9886 }, // U+0169
    { 20, 25, 335, 1, 25, 125, 9981 }, // U+016A
    { 18, 20, 296, 0, 20, 90, 10106 }, // U+016B
    { 20, 27, 335, 1, 27, 135, 10196 }, // U+016C
    { 18, 22, 296, 0, 22, 99, 10331 }, // U+016D
    { 20, 29, 335, 1, 29, 145, 10430 }, // U+016E
    { 18, 24, 296, 0, 24, 108, 10575 }, // U+016F
    { 20, 28, 335, 1, 28, 140, 10683 }, // U+0170
    { 18, 22, 296, 0, 22, 99, 10823 }, // U+0171
    { 20, 28, 338, 1, 21, 140, 10922 }, // U+0172
    { 18, 23, 296, 0, 16, 104, 11062 }, // U+0173
    { 30, 28, 489, 1, 28, 210, 11166 }, // U+0174
    { 26, 22, 402, -1, 22, 143, 11376 }, // U+0175
    { 18, 28, 292, 0, 28, 126, 11519 }, // U+0176
    { 17, 29, 264, 0, 22, 124, 11645 }, // U+0177
    { 18, 27, 292, 0, 27, 122, 11769 }, // U+0178
    { 15, 28, 276, 1, 28, 105, 11891 }, // U+0179
    { 12, 22, 239, 1, 22, 66, 11996 }, // U+017A
    { 15, 27, 276, 1, 27, 102, 12062 }, // U+017B
    { 12, 22, 239, 1, 22, 66, 12164 }, // U+017C
    { 15, 28, 276, 1, 28, 105, 12230 }, // U+017D
    { 12, 22, 239, 1, 22, 66, 12335 }, // U+017E
    { 12, 22, 166, 1, 22, 66, 12401 }, // U+017F
    { 21, 22, 363, 2, 22, 116, 0 }, // U+01A0
    { 16, 19, 283, 2, 19, 76, 116 }, // U+01A1
    { 22, 22, 363, 1, 22, 121, 192 }, // U+01AF
    { 20, 19, 316, 0, 19, 95, 313 }, // U+01B0
    { 36, 28, 616, 1, 28, 252, 408 }, // U+01C4
    { 33, 22, 578, 1, 22, 182, 660 }, // U+01C5
    { 29, 22, 525, 2, 22, 160, 842 }, // U+01C6
    { 26, 28, 457, 1, 21, 182, 1002 }, // U+01C7
    { 23, 29, 431, 1, 22, 167, 1184 }, // U+01C8
    { 14, 29, 285, 1, 22, 102, 1351 }, // U+01C9
    { 31, 28, 523, 1, 21, 217, 1453 }, // U+01CA
    { 27, 29, 496, 1, 22, 196, 1670 }, // U+01CB
    { 24, 29, 441, 0, 22, 174, 1866 }, // U+01CC
    { 21, 28, 329, 0, 28, 147, 2040 }, // U+01CD
    { 14, 22, 263, 1, 22, 77, 2187 }, // U+01CE
    { 10, 28, 171, 0, 28, 70, 2264 }, // U+01CF
    { 10, 22, 149, 0, 22, 55, 2334 }, // U+01D0
    { 18, 28, 346, 2, 28, 126, 2389 }, // U+01D1
    { 14, 22, 269, 2, 22, 77, 2515 }, // U+01D2
    { 20, 28, 335, 1, 28, 140, 2592 }, // U+01D3
    { 18, 22, 296, 0, 22, 99, 2732 }, // U+01D4
    { 20, 30, 335, 1, 30, 150, 2831 }, // U+01D5
    { 18, 25, 296, 0, 25, 113, 2981 }, // U+01D6
    { 20, 31, 335, 1, 31, 155, 3094 }, // U+01D7
    { 18, 26, 296, 0, 26, 117, 3249 }, // U+01D8
    { 20, 31, 335, 1, 31, 155, 3366 }, // U+01D9
    { 18, 26, 296, 0, 26, 117, 3521 }, // U+01DA
    { 20, 31, 335, 1, 31, 155, 3638 }, // U+01DB
    { 18, 26, 296, 0, 26, 117, 3793 }, // U+01DC
    { 13, 16, 250, 1, 16, 52, 3910 }, // U+01DD
    { 21, 29, 329, 0, 29, 153, 3962 }, // U+01DE
    { 14, 25, 263, 1, 25, 88, 4115 }, // U+01DF
    { 21, 29, 329, 0, 29, 153, 4203 }, // U+01E0
    { 14, 25, 263, 1, 25, 88, 4356 }, // U+01E1
    { 27, 25, 444, 0, 25, 169, 4444 }, // U+01E2
    { 22, 20, 393, 1, 20, 110, 4613 }, // U+01E3
    { 19, 21, 333, 2, 21, 100, 4723 }, // U+01E4
    { 15, 23, 251, 1, 16, 87, 4823 }, // U+01E5
    { 19, 27, 333, 2, 27, 129, 4910 }, // U+01E6
    { 15, 29, 251, 1, 22, 109, 5039 }, // U+01E7
    { 20, 28, 327, 1, 28, 140, 5148 }, // U+01E8
    { 18, 28, 273, 0, 28, 126, 5288 }, // U+01E9
    { 18, 28, 346, 2, 21, 126, 5414 }, // U+01EA
    { 14, 23, 269, 2, 16, 81, 5540 }, // U+01EB
    { 18, 32, 346, 2, 25, 144, 5621 }, // U+01EC
    { 14, 27, 269, 2, 20, 95, 5765 }, // U+01ED
    { 15, 28, 281, 1, 28, 105, 5860 }, // U+01EE
    { 13, 29, 255, 1, 22, 95, 5965 }, // U+01EF
    { 10, 29, 140, -1, 22, 73, 6060 }, // U+01F0
    { 36, 21, 616, 1, 21, 189, 6133 }, // U+01F1
    { 33, 21, 578, 1, 21, 174, 6322 }, // U+01F2
    { 29, 22, 525, 2, 22, 160, 6496 }, // U+01F3
    { 19, 28, 333, 2, 28, 133, 6656 }, // U+01F4
    { 15, 29, 251, 1, 22, 109, 6789 }, // U+01F5
    { 29, 21, 497, 1, 21, 153, 6898 }, // U+01F6
    { 18, 28, 324, 1, 21, 126, 7051 }, // U+01F7
    { 20, 28, 356, 1, 28, 140, 7177 }, // U+01F8
    { 18, 22, 301, 0, 22, 99, 7317 }, // U+01F9
    { 21, 28, 329, 0, 28, 147, 7416 }, // U+01FA
    { 14, 29, 263, 1, 29, 102, 7563 }, // U+01FB
    { 27, 28, 444, 0, 28, 189, 7665 }, // U+01FC
    { 22, 22, 393, 1, 22, 121, 7854 }, // U+01FD
    { 18, 29, 346, 2, 28, 131, 7975 }, // U+01FE
    { 14, 23, 269, 2, 22, 81, 8106 }, // U+01FF
    { 21, 27, 329, 0, 27, 142, 8187 }, // U+0200
    { 15, 22, 263, 0, 22, 83, 8329 }, // U+0201
    { 21, 27, 329, 0, 27, 142, 8412 }, // U+0202
    { 14, 22, 263, 1, 22, 77, 8554 }, // U+0203
    { 16, 27, 291, 1, 27, 108, 8631 }, // U+0204
    { 14, 22, 250, 1, 22, 77, 8739 }, // U+0205
    { 16, 27, 291, 1, 27, 108, 8816 }, // U+0206
    { 13, 22, 250, 2, 22, 72, 8924 }, // U+0207
    { 11, 27, 171, -2, 27, 75, 8996 }, // U+0208
    { 11, 22, 149, -2, 22, 61, 9071 }, // U+0209
    { 8, 27, 171, 1, 27, 54, 9132 }, // U+020A
    { 9, 22, 149, 1, 22, 50, 9186 }, // U+020B
    { 18, 28, 346, 2, 28, 126, 9236 }, // U+020C
    { 14, 22, 269, 2, 22, 77, 9362 }, // U+020D
    { 18, 27, 346, 2, 27, 122, 9439 }, // U+020E
    { 14, 22, 269, 2, 22, 77, 9561 }, // U+020F
    { 18, 27, 306, 1, 27, 122, 9638 }, // U+0210
    { 14, 22, 220, 0, 22, 77, 9760 }, // U+0211
    { 18, 27, 306, 1, 27, 122, 9837 }, // U+0212
    { 13, 22, 220, 1, 22, 72, 9959 }, // U+0213
    { 20, 28, 335, 1, 28, 140, 10031 }, // U+0214
    { 18, 22, 296, 0, 22, 99, 10171 }, // U+0215
    { 20, 27, 335, 1, 27, 135, 10270 }, // U+0216
    { 18, 22, 296, 0, 22, 99, 10405 }, // U+0217
    { 14, 27, 254, 1, 21, 95, 10504 }, // U+0218
    { 11, 22, 211, 1, 16, 61, 10599 }, // U+0219
    { 17, 28, 286, 0, 21, 119, 10660 }, // U+021A
    { 9, 26, 164, 1, 20, 59, 10779 }, // U+021B
    { 14, 27, 282, 2, 21, 95, 10838 }, // U+021C
    { 12, 23, 231, 1, 16, 69, 10933 }, // U+021D
    { 21, 28, 370, 1, 28, 147, 11002 }, // U+021E
    { 18, 28, 296, 0, 28, 126, 11149 }, // U+021F
    { 7, 5, 0, -13, 23, 9, 0 }, // U+0300
    { 6, 5, 0, -9, 23, 8, 9 }, // U+0301
    { 9, 5, 0, -13, 23, 12, 17 }, // U+0302
    { 11, 4, 0, -14, 22, 11, 29 }, // U+0303
    { 8, 2, 0, -4, 20, 4, 40 }, // U+0304
    { 12, 2, 0, -6, 24, 6, 44 }, // U+0305
    { 8, 4, 0, -4, 22, 8, 50 }, // U+0306
    { 3, 4, 0, -2, 23, 3, 58 }, // U+0307
    { 9, 3, 0, -4, 22, 7, 61 }, // U+0308
    { 8, 8, 0, -12, 25, 16, 68 }, // U+0309
    { 7, 7, 0, -3, 24, 13, 84 }, // U+030A
    { 12, 5, 0, -5, 23, 15, 97 }, // U+030B
    { 9, 5, 0, -13, 23, 12, 112 }, // U+030C
    { 2, 5, 0, -1, 22, 3, 124 }, // U+030D
    { 6, 5, 0, -3, 22, 8, 127 }, // U+030E
    { 12, 5, 0, -16, 23, 15, 135 }, // U+030F
    { 8, 7, 0, -4, 24, 14, 150 }, // U+0310
    { 8, 4, 0, -4, 22, 8, 164 }, // U+0311
    { 5, 9, 0, -2, 22, 12, 172 }, // U+0312
    { 5, 9, 0, -3, 21, 12, 184 }, // U+0313
    { 5, 9, 0, -2, 21, 12, 196 }, // U+0314
    { 5, 9, 0, -3, 21, 12, 208 }, // U+0315
    { 6, 5, 0, -3, -2, 8, 220 }, // U+0316
    { 6, 5, 0, -3, -2, 8, 228 }, // U+0317
    { 5, 5, 0, -2, -1, 7, 236 }, // U+0318
    { 5, 5, 0, -2, -1, 7, 243 }, // U+0319
    { 8, 7, 161, 0, 23, 14, 250 }, // U+031A
    { 5, 7, 0, -3, 23, 9, 264 }, // U+031B
    { 4, 7, 0, -2, 0, 7, 273 }, // U+031C
    { 6, 5, 0, -3, -1, 8, 280 }, // U+031D
    { 6, 5, 0, -3, -1, 8, 288 }, // U+031E
    { 6, 6, 0, -3, -1, 9, 296 }, // U+031F
    { 6, 2, 0, -3, -2, 3, 305 }, // U+0320
    { 6, 7, 0, -6, 1, 11, 308 }, // U+0321
    { 6, 7, 0, 0, 1, 11, 319 }, // U+0322
    { 3, 4, 0, -10, -1, 3, 330 }, // U+0323
    { 9, 3, 0, -4, -2, 7, 333 }, // U+0324
    { 7, 6, 0, -3, -1, 11, 340 }, // U+0325
    { 4, 5, 0, -2, -1, 5, 351 }, // U+0326
    { 7, 8, 0, -3, 1, 14, 356 }, // U+0327
    { 7, 7, 0, -3, 0, 13, 370 }, // U+0328
    { 2, 5, 0, -1, -1, 3, 383 }, // U+0329
    { 11, 5, 0, -6, -2, 14, 386 }, // U+032A
    { 9, 4, 0, -5, -1, 9, 400 }, // U+032B
    { 10, 5, 0, -5, -1, 13, 409 }, // U+032C
    { 10, 5, 0, -5, -1, 13, 422 }, // U+032D
    { 8, 4, 0, -4, -2, 8, 435 }, // U+032E
    { 8, 4, 0, -4, -2, 8, 443 }, // U+032F
    { 11, 4, 0, -5, -1, 11, 451 }, // U+0330
    { 8, 2, 0, -4, -2, 4, 462 }, // U+0331
    { 12, 2, 0, -6, -2, 6, 466 }, // U+0332
    { 12, 5, 0, -6, -1, 15, 472 }, // U+0333
    { 11, 4, 0, -5, 10, 11, 487 }, // U+0334
    { 10, 2, 0, -5, 9, 5, 498 }, // U+0335
    { 18, 2, 0, -9, 9, 9, 503 }, // U+0336
    { 10, 8, 0, -5, 12, 20, 512 }, // U+0337
    { 12, 26, 0, -6, 23, 78, 532 }, // U+0338
    { 4, 7, 0, -2, 0, 7, 610 }, // U+0339
    { 11, 5, 0, -6, -2, 14, 617 }, // U+033A
    { 11, 6, 0, -6, -1, 17, 631 }, // U+033B
    { 9, 4, 0, -5, -1, 9, 648 }, // U+033C
    { 6, 7, 0, -3, 23, 11, 657 }, // U+033D
    { 4, 9, 0, -2, 26, 9, 668 }, // U+033E
    { 12, 5, 0, -6, 27, 15, 677 }, // U+033F
    { 6, 5, 0, -4, 23, 8, 692 }, // U+0340
    { 6, 5, 0, -2, 23, 8, 700 }, // U+0341
    { 11, 4, 0, -5, 22, 11, 708 }, // U+0342
    { 4, 6, 0, -3, 23, 6, 719 }, // U+0343
    { 11, 6, 0, -5, 23, 17, 725 }, // U+0344
    { 5, 5, 0, 2, -2, 7, 742 }, // U+0345
    { 11, 5, 0, -6, 23, 14, 749 }, // U+0346
    { 12, 5, 0, -6, -1, 15, 763 }, // U+0347
    { 6, 5, 0, -3, -1, 8, 778 }, // U+0348
    { 5, 5, 0, -2, -2, 7, 786 }, // U+0349
    { 11, 7, 0, -5, 23, 20, 793 }, // U+034A
    { 11, 10, 0, -5, 27, 28, 813 }, // U+034B
    { 11, 8, 0, -5, 25, 22, 841 }, // U+034C
    { 9, 6, 0, -4, -1, 14, 863 }, // U+034D
    { 7, 7, 0, -3, 0, 13, 877 }, // U+034E
    { 21, 21, 0, -10, 21, 111, 890 }, // U+034F
    { 6, 6, 0, -3, 23, 9, 1001 }, // U+0350
    { 3, 6, 0, -1, 24, 5, 1010 }, // U+0351
    { 8, 7, 0, -4, 25, 14, 1015 }, // U+0352
    { 6, 7, 0, -3, -1, 11, 1029 }, // U+0353
    { 6, 6, 0, -3, -1, 9, 1040 }, // U+0354
    { 6, 6, 0, -3, -1, 9, 1049 }, // U+0355
    { 12, 6, 0, -6, -1, 18, 1058 }, // U+0356
    { 4, 6, 0, -2, 24, 6, 1076 }, // U+0357
    { 3, 4, 0, 3, 23, 3, 1082 }, // U+0358
    { 8, 6, 0, -4, -1, 12, 1085 }, // U+0359
    { 12, 6, 0, -5, -1, 18, 1097 }, // U+035A
    { 6, 6, 0, -3, 23, 9, 1115 }, // U+035B
    { 22, 6, 0, -11, 0, 33, 1124 }, // U+035C
    { 22, 6, 0, -11, 23, 33, 1157 }, // U+035D
    { 17, 2, 0, -8, 20, 9, 1190 }, // U+035E
    { 17, 2, 0, -8, -2, 9, 1199 }, // U+035F
    { 24, 4, 0, -12, 22, 24, 1208 }, // U+0360
    { 22, 6, 0, -11, 24, 33, 1232 }, // U+0361
    { 18, 6, 0, -8, -1, 27, 1265 }, // U+0362
    { 7, 7, 0, -3, 25, 13, 1292 }, // U+0363
    { 6, 7, 0, -3, 25, 11, 1305 }, // U+0364
    { 5, 9, 0, -2, 27, 12, 1316 }, // U+0365
    { 7, 7, 0, -3, 25, 13, 1328 }, // U+0366
    { 9, 8, 0, -4, 26, 18, 1341 }, // U+0367
    { 6, 7, 0, -3, 25, 11, 1359 }, // U+0368
    { 9, 9, 0, -4, 27, 21, 1370 }, // U+0369
    { 9, 10, 0, -4, 28, 23, 1391 }, // U+036A
    { 13, 8, 0, -6, 26, 26, 1414 }, // U+036B
    { 7, 8, 0, -3, 26, 14, 1440 }, // U+036C
    { 5, 9, 0, -2, 27, 12, 1454 }, // U+036D
    { 9, 7, 0, -4, 25, 16, 1466 }, // U+036E
    { 9, 8, 0, -4, 26, 18, 1482 }, // U+036F
    { 16, 28, 293, 1, 28, 112, 0 }, // U+0400
    { 16, 27, 293, 1, 27, 108, 112 }, // U+0401
    { 22, 21, 369, 0, 21, 116, 220 }, // U+0402
    { 15, 28, 263, 1, 28, 105, 336 }, // U+0403
    { 16, 21, 286, 2, 21, 84, 441 }, // U+0404
    { 14, 21, 257, 1, 21, 74, 525 }, // U+0405
    { 8, 21, 173, 1, 21, 42, 599 }, // U+0406
    { 8, 27, 173, 1, 27, 54, 641 }, // U+0407
    { 10, 28, 168, -1, 21, 70, 695 }, // U+0408
    { 27, 21, 450, 1, 21, 142, 765 }, // U+0409
    { 27, 21, 475, 1, 21, 142, 907 }, // U+040A
    { 24, 21, 398, 0, 21, 126, 1049 }, // U+040B
    { 21, 28, 329, 1, 28, 147, 1175 }, // U+040C
    { 21, 28, 377, 1, 28, 147, 1322 }, // U+040D
    { 19, 27, 303, 0, 27, 129, 1469 }, // U+040E
    { 21, 27, 367, 1, 21, 142, 1598 }, // U+040F
    { 21, 21, 329, 0, 21, 111, 1740 }, // U+0410
    { 16, 21, 294, 1, 21, 84, 1851 }, // U+0411
    { 16, 21, 306, 1, 21, 84, 1935 }, // U+0412
    { 15, 21, 263, 1, 21, 79, 2019 }, // U+0413
    { 20, 27, 346, 1, 21, 135, 2098 }, // U+0414
    { 16, 21, 293, 1, 21, 84, 2233 }, // U+0415
    { 30, 21, 457, 0, 21, 158, 2317 }, // U+0416
    { 15, 21, 278, 1, 21, 79, 2475 }, // U+0417
    { 21, 21, 377, 1, 21, 111, 2554 }, // U+0418
    { 21, 27, 377, 1, 27, 142, 2665 }, // U+0419
    { 21, 21, 329, 1, 21, 111, 2807 }, // U+041A
    { 20, 21, 342, 1, 21, 105, 2918 }, // U+041B
    { 26, 21, 446, 1, 21, 137, 3023 }, // U+041C
    { 21, 21, 372, 1, 21, 111, 3160 }, // U+041D
    { 18, 21, 345, 2, 21, 95, 3271 }, // U+041E
    { 21, 21, 367, 1, 21, 111, 3366 }, // U+041F
    { 15, 21, 285, 1, 21, 79, 3477 }, // U+0420
    { 16, 21, 286, 2, 21, 84, 3556 }, // U+0421
    { 17, 21, 291, 0, 21, 90, 3640 }, // U+0422
    { 19, 21, 303, 0, 21, 100, 3730 }, // U+0423
    { 22, 21, 401, 1, 21, 116, 3830 }, // U+0424
    { 19, 21, 310, 0, 21, 100, 3946 }, // U+0425
    { 21, 27, 367, 1, 21, 142, 4046 }, // U+0426
    { 21, 21, 353, 1, 21, 111, 4188 }, // U+0427
    { 29, 21, 501, 1, 21, 153, 4299 }, // U+0428
    { 29, 27, 501, 1, 21, 196, 4452 }, // U+0429
    { 19, 21, 335, 1, 21, 100, 4648 }, // U+042A
    { 25, 21, 427, 1, 21, 132, 4748 }, // U+042B
    { 16, 21, 289, 1, 21, 84, 4880 }, // U+042C
    { 16, 21, 293, 1, 21, 84, 4964 }, // U+042D
    { 27, 21, 476, 1, 21, 142, 5048 }, // U+042E
    { 18, 21, 307, 0, 21, 95, 5190 }, // U+042F
    { 14, 16, 266, 1, 16, 56, 5285 }, // U+0430
    { 14, 23, 272, 1, 23, 81, 5341 }, // U+0431
    { 14, 16, 258, 1, 16, 56, 5422 }, // U+0432
    { 12, 16, 222, 1, 16, 48, 5478 }, // U+0433
    { 16, 22, 288, 1, 16, 88, 5526 }, // U+0434
    { 13, 16, 250, 1, 16, 52, 5614 }, // U+0435
    { 24, 16, 373, 0, 16, 96, 5666 }, // U+0436
    { 12, 16, 222, 1, 16, 48, 5762 }, // U+0437
    { 18, 16, 315, 1, 16, 72, 5810 }, // U+0438
    { 18, 22, 315, 1, 22, 99, 5882 }, // U+0439
    { 17, 16, 276, 1, 16, 68, 5981 }, // U+043A
    { 17, 16, 286, 0, 16, 68, 6049 }, // U+043B
    { 23, 16, 385, 1, 16, 92, 6117 }, // U+043C
    { 18, 16, 313, 1, 16, 72, 6209 }, // U+043D
    { 14, 16, 270, 1, 16, 56, 6281 }, // U+043E
    { 18, 16, 308, 1, 16, 72, 6337 }, // U+043F
    { 17, 23, 297, 1, 16, 98, 6409 }, // U+0440
    { 12, 16, 230, 1, 16, 48, 6507 }, // U+0441
    { 15, 16, 247, 0, 16, 60, 6555 }, // U+0442
    { 17, 23, 266, 0, 16, 98, 6615 }, // U+0443
    { 19, 30, 338, 1, 23, 143, 6713 }, // U+0444
    { 17, 16, 270, 0, 16, 68, 6856 }, // U+0445
    { 17, 22, 308, 1, 16, 94, 6924 }, // U+0446
    { 18, 16, 295, 0, 16, 72, 7018 }, // U+0447
    { 26, 16, 440, 1, 16, 104, 7090 }, // U+0448
    { 25, 22, 440, 1, 16, 138, 7194 }, // U+0449
    { 16, 16, 289, 1, 16, 64, 7332 }, // U+044A
    { 22, 16, 383, 1, 16, 88, 7396 }, // U+044B
    { 14, 16, 251, 1, 16, 56, 7484 }, // U+044C
    { 12, 16, 231, 1, 16, 48, 7540 }, // U+044D
    { 22, 16, 386, 1, 16, 88, 7588 }, // U+044E
    { 16, 16, 266, 0, 16, 64, 7676 }, // U+044F
    { 13, 23, 250, 1, 23, 75, 7740 }, // U+0450
    { 13, 22, 250, 1, 22, 72, 7815 }, // U+0451
    { 15, 30, 282, 1, 23, 113, 7887 }, // U+0452
    { 12, 23, 222, 1, 23, 69, 8000 }, // U+0453
    { 12, 16, 230, 1, 16, 48, 8069 }, // U+0454
    { 11, 16, 211, 1, 16, 44, 8117 }, // U+0455
    { 8, 22, 161, 1, 22, 44, 8161 }, // U+0456
    { 8, 22, 161, 1, 22, 44, 8205 }, // U+0457
    { 6, 29, 151, 1, 22, 44, 8249 }, // U+0458
    { 23, 16, 368, 0, 16, 92, 8293 }, // U+0459
    { 23, 16, 396, 1, 16, 92, 8385 }, // U+045A
    { 18, 23, 308, 1, 23, 104, 8477 }, // U+045B
    { 17, 23, 276, 1, 23, 98, 8581 }, // U+045C
    { 18, 23, 315, 1, 23, 104, 8679 }, // U+045D
    { 17, 29, 266, 0, 22, 124, 8783 }, // U+045E
    { 18, 22, 308, 1, 16, 99, 8907 }, // U+045F
    { 28, 21, 458, 0, 21, 147, 9006 }, // U+0460
    { 23, 16, 379, 0, 16, 92, 9153 }, // U+0461
    { 18, 21, 311, 0, 21, 95, 9245 }, // U+0462
    { 15, 23, 278, 1, 23, 87, 9340 }, // U+0463
    { 25, 21, 425, 1, 21, 132, 9427 }, // U+0464
    { 22, 16, 371, 1, 16, 88, 9559 }, // U+0465
    { 21, 21, 323, 0, 21, 111, 9647 }, // U+0466
    { 17, 16, 275, 1, 16, 68, 9758 }, // U+0467
    { 30, 21, 489, 1, 21, 158, 9826 }, // U+0468
    { 24, 16, 388, 1, 16, 96, 9984 }, // U+0469
    { 24, 21, 367, -1, 21, 126, 10080 }, // U+046A
    { 20, 16, 328, 1, 16, 80, 10206 }, // U+046B
    { 33, 21, 531, 1, 21, 174, 10286 }, // U+046C
    { 27, 16, 441, 1, 16, 108, 10460 }, // U+046D
    { 14, 33, 281, 2, 26, 116, 10568 }, // U+046E
    { 13, 26, 228, 1, 19, 85, 10684 }, // U+046F
    { 25, 21, 386, 0, 21, 132, 10769 }, // U+0470
    { 19, 30, 324, 0, 23, 143, 10901 }, // U+0471
    { 18, 21, 346, 2, 21, 95, 11044 }, // U+0472
    { 14, 16, 269, 2, 16, 56, 11139 }, // U+0473
    { 21, 21, 324, 0, 21, 111, 11195 }, // U+0474
    { 18, 16, 274, 1, 16, 72, 11306 }, // U+0475
    { 21, 27, 324, 0, 27, 142, 11378 }, // U+0476
    { 18, 23, 274, 1, 23, 104, 11520 }, // U+0477
    { 35, 28, 574, 2, 21, 245, 11624 }, // U+0478
    { 29, 23, 487, 2, 16, 167, 11869 }, // U+0479
    { 19, 25, 365, 2, 23, 119, 12036 }, // U+047A
    { 15, 19, 297, 2, 17, 72, 12155 }, // U+047B
    { 25, 31, 458, 2, 31, 194, 12227 }, // U+047C
    { 20, 27, 368, 1, 27, 135, 12421 }, // U+047D
    { 28, 27, 458, 0, 27, 189, 12556 }, // U+047E
    { 23, 21, 379, -1, 21, 121, 12745 }, // U+047F
    { 16, 28, 287, 2, 21, 112, 12866 }, // U+0480
    { 12, 23, 230, 2, 16, 69, 12978 }, // U+0481
    { 16, 20, 284, 1, 19, 80, 13047 }, // U+0482
    { 11, 5, 0, -5, 21, 14, 13127 }, // U+0483
    { 11, 5, 0, -5, 22, 14, 13141 }, // U+0484
    { 4, 6, 0, -2, 23, 6, 13155 }, // U+0485
    { 4, 6, 0, -2, 23, 6, 13161 }, // U+0486
    { 12, 5, 0, -6, 27, 15, 13167 }, // U+0487
    { 36, 33, 0, -18, 25, 297, 13182 }, // U+0488
    { 34, 35, 0, -17, 25, 298, 13479 }, // U+0489
    { 22, 33, 378, 1, 27, 182, 13777 }, // U+048A
    { 18, 28, 315, 1, 22, 126, 13959 }, // U+048B
    { 15, 23, 282, 1, 23, 87, 14085 }, // U+048C
    { 15, 19, 278, 1, 19, 72, 14172 }, // U+048D
    { 15, 21, 282, 1, 21, 79, 14244 }, // U+048E
    { 16, 23, 287, 0, 16, 92, 14323 }, // U+048F
    { 14, 25, 254, 1, 25, 88, 14415 }, // U+0490
    { 12, 19, 208, 1, 19, 57, 14503 }, // U+0491
    { 15, 21, 262, 1, 21, 79, 14560 }, // U+0492
    { 12, 16, 214, 1, 16, 48, 14639 }, // U+0493
    { 17, 28, 307, 1, 21, 119, 14687 }, // U+0494
    { 15, 23, 256, 1, 16, 87, 14806 }, // U+0495
    { 29, 27, 483, 0, 21, 196, 14893 }, // U+0496
    { 26, 22, 429, 0, 16, 143, 15089 }, // U+0497
    { 15, 28, 281, 1, 21, 105, 15232 }, // U+0498
    { 12, 23, 228, 1, 16, 69, 15337 }, // U+0499
    { 20, 27, 346, 1, 21, 135, 15406 }, // U+049A
    { 17, 22, 300, 1, 16, 94, 15541 }, // U+049B
    { 20, 21, 341, 1, 21, 105, 15635 }, // U+049C
    { 18, 16, 301, 1, 16, 72, 15740 }, // U+049D
    { 19, 21, 327, 1, 21, 100, 15812 }, // U+049E
    { 17, 23, 287, 1, 23, 98, 15912 }, // U+049F
    { 23, 21, 366, 0, 21, 121, 16010 }, // U+04A0
    { 21, 16, 330, 0, 16, 84, 16131 }, // U+04A1
    { 21, 27, 370, 1, 21, 142, 16215 }, // U+04A2
    { 19, 22, 321, 1, 16, 105, 16357 }, // U+04A3
    { 24, 21, 410, 1, 21, 126, 16462 }, // U+04A4
    { 22, 16, 365, 1, 16, 88, 16588 }, // U+04A5
    { 29, 28, 492, 1, 21, 203, 16676 }, // U+04A6
    { 25, 23, 414, 1, 16, 144, 16879 }, // U+04A7
    { 20, 23, 345, 2, 21, 115, 17023 }, // U+04A8
    { 16, 17, 291, 2, 16, 68, 17138 }, // U+04A9
    { 16, 28, 287, 2, 21, 112, 17206 }, // U+04AA
    { 12, 23, 230, 2, 16, 69, 17318 }, // U+04AB
    { 17, 27, 286, 1, 21, 115, 17387 }, // U+04AC
    { 15, 22, 255, 1, 16, 83, 17502 }, // U+04AD
    { 18, 21, 292, 0, 21, 95, 17585 }, // U+04AE
    { 17, 23, 270, 1, 16, 98, 17680 }, // U+04AF
    { 18, 21, 292, 0, 21, 95, 17778 }, // U+04B0
    { 17, 23, 270, 1, 16, 98, 17873 }, // U+04B1
    { 20, 27, 330, 0, 21, 135, 17971 }, // U+04B2
    { 18, 22, 286, 0, 16, 99, 18106 }, // U+04B3
    { 24, 27, 417, 1, 21, 162, 18205 }, // U+04B4
    { 23, 22, 380, 1, 16, 127, 18367 }, // U+04B5
    { 21, 27, 353, 1, 21, 142, 18494 }, // U+04B6
    { 18, 22, 299, 0, 16, 99, 18636 }, // U+04B7
    { 21, 21, 353, 1, 21, 111, 18735 }, // U+04B8
    { 18, 16, 295, 0, 16, 72, 18846 }, // U+04B9
    { 20, 21, 353, 1, 21, 105, 18918 }, // U+04BA
    { 18, 23, 296, 0, 23, 104, 19023 }, // U+04BB
    { 22, 21, 377, 1, 21, 116, 19127 }, // U+04BC
    { 17, 16, 298, 1, 16, 68, 19243 }, // U+04BD
    { 22, 27, 377, 1, 21, 149, 19311 }, // U+04BE
    { 17, 22, 298, 1, 16, 94, 19460 }, // U+04BF
    { 8, 21, 171, 1, 21, 42, 19554 }, // U+04C0
    { 30, 27, 457, 0, 27, 203, 19596 }, // U+04C1
    { 24, 22, 373, 0, 22, 132, 19799 }, // U+04C2
    { 18, 28, 324, 1, 21, 126, 19931 }, // U+04C3
    { 17, 23, 286, 1, 16, 98, 20057 }, // U+04C4
    { 21, 27, 341, 1, 21, 142, 20155 }, // U+04C5
    { 17, 22, 286, 0, 16, 94, 20297 }, // U+04C6
    { 21, 28, 365, 1, 21, 147, 20391 }, // U+04C7
    { 19, 23, 317, 1, 16, 110, 20538 }, // U+04C8
    { 22, 27, 370, 1, 21, 149, 20648 }, // U+04C9
    { 18, 22, 313, 1, 16, 99, 20797 }, // U+04CA
    { 21, 27, 353, 1, 21, 142, 20896 }, // U+04CB
    { 18, 23, 299, 0, 16, 104, 21038 }, // U+04CC
    { 26, 27, 438, 1, 21, 176, 21142 }, // U+04CD
    { 23, 22, 385, 1, 16, 127, 21318 }, // U+04CE
    { 8, 21, 171, 1, 21, 42, 21445 }, // U+04CF
    { 21, 27, 329, 0, 27, 142, 21487 }, // U+04D0
    { 14, 22, 263, 1, 22, 77, 21629 }, // U+04D1
    { 21, 27, 329, 0, 27, 142, 21706 }, // U+04D2
    { 14, 22, 263, 1, 22, 77, 21848 }, // U+04D3
    { 27, 21, 444, 0, 21, 142, 21925 }, // U+04D4
    { 22, 16, 393, 1, 16, 88, 22067 }, // U+04D5
    { 16, 27, 291, 1, 27, 108, 22155 }, // U+04D6
    { 13, 22, 250, 2, 22, 72, 22263 }, // U+04D7
    { 17, 21, 322, 2, 21, 90, 22335 }, // U+04D8
    { 13, 16, 250, 1, 16, 52, 22425 }, // U+04D9
    { 17, 27, 322, 2, 27, 115, 22477 }, // U+04DA
    { 13, 22, 250, 1, 22, 72, 22592 }, // U+04DB
    { 30, 27, 457, 0, 27, 203, 22664 }, // U+04DC
    { 24, 22, 373, 0, 22, 132, 22867 }, // U+04DD
    { 15, 27, 278, 1, 27, 102, 22999 }, // U+04DE
    { 12, 22, 222, 1, 22, 66, 23101 }, // U+04DF
    { 15, 21, 281, 1, 21, 79, 23167 }, // U+04E0
    { 13, 23, 255, 1, 16, 75, 23246 }, // U+04E1
    { 21, 25, 377, 1, 25, 132, 23321 }, // U+04E2
    { 18, 21, 315, 1, 21, 95, 23453 }, // U+04E3
    { 21, 27, 377, 1, 27, 142, 23548 }, // U+04E4
    { 18, 22, 315, 1, 22, 99, 23690 }, // U+04E5
    { 18, 27, 346, 2, 27, 122, 23789 }, // U+04E6
    { 14, 22, 269, 2, 22, 77, 23911 }, // U+04E7
    { 18, 21, 346, 2, 21, 95, 23988 }, // U+04E8
    { 14, 16, 269, 2, 16, 56, 24083 }, // U+04E9
    { 18, 27, 346, 2, 27, 122, 24139 }, // U+04EA
    { 14, 22, 269, 2, 22, 77, 24261 }, // U+04EB
    { 16, 27, 293, 1, 27, 108, 24338 }, // U+04EC
    { 12, 22, 231, 1, 22, 66, 24446 }, // U+04ED
    { 19, 26, 303, 0, 26, 124, 24512 }, // U+04EE
    { 17, 28, 264, 0, 21, 119, 24636 }, // U+04EF
    { 19, 27, 303, 0, 27, 129, 24755 }, // U+04F0
    { 17, 29, 264, 0, 22, 124, 24884 }, // U+04F1
    { 19, 28, 303, 0, 28, 133, 25008 }, // U+04F2
    { 17, 30, 264, 0, 23, 128, 25141 }, // U+04F3
    { 21, 27, 353, 1, 27, 142, 25269 }, // U+04F4
    { 18, 22, 295, 0, 22, 99, 25411 }, // U+04F5
    { 15, 27, 262, 1, 21, 102, 25510 }, // U+04F6
    { 13, 22, 214, 0, 16, 72, 25612 }, // U+04F7
    { 25, 27, 427, 1, 27, 169, 25684 }, // U+04F8
    { 22, 22, 383, 1, 22, 121, 25853 }, // U+04F9
    { 15, 27, 262, 1, 21, 102, 25974 }, // U+04FA
    { 12, 22, 214, 1, 16, 66, 26076 }, // U+04FB
    { 20, 27, 308, 0, 21, 135, 26142 }, // U+04FC
    { 17, 22, 270, 0, 16, 94, 26277 }, // U+04FD
    { 19, 21, 308, 0, 21, 100, 26371 }, // U+04FE
    { 17, 16, 270, 0, 16, 68, 26471 }, // U+04FF
    { 21, 27, 329, 0, 21, 142, 0 }, // U+1EA0
    { 14, 21, 263, 1, 16, 74, 142 }, // U+1EA1
    { 21, 29, 329, 0, 29, 153, 216 }, // U+1EA2
    { 14, 25, 263, 1, 25, 88, 369 }, // U+1EA3
    { 21, 29, 329, 0, 29, 153, 457 }, // U+1EA4
    { 15, 24, 263, 1, 24, 90, 610 }, // U+1EA5
    { 21, 29, 329, 0, 29, 153, 700 }, // U+1EA6
    { 16, 24, 263, -1, 24, 96, 853 }, // U+1EA7
    { 21, 30, 329, 0, 30, 158, 949 }, // U+1EA8
    { 14, 26, 263, 1, 26, 91, 1107 }, // U+1EA9
    { 21, 31, 329, 0, 31, 163, 1198 }, // U+1EAA
    { 14, 26, 263, 1, 26, 91, 1361 }, // U+1EAB
    { 21, 34, 329, 0, 28, 179, 1452 }, // U+1EAC
    { 14, 27, 263, 1, 22, 95, 1631 }, // U+1EAD
    { 21, 30, 329, 0, 30, 158, 1726 }, // U+1EAE
    { 14, 25, 263, 1, 25, 88, 1884 }, // U+1EAF
    { 21, 30, 329, 0, 30, 158, 1972 }, // U+1EB0
    { 14, 25, 263, 1, 25, 88, 2130 }, // U+1EB1
    { 21, 31, 329, 0, 31, 163, 2218 }, // U+1EB2
    { 14, 26, 263, 1, 26, 91, 2381 }, // U+1EB3
    { 21, 31, 329, 0, 31, 163, 2472 }, // U+1EB4
    { 14, 26, 263, 1, 26, 91, 2635 }, // U+1EB5
    { 21, 33, 329, 0, 27, 174, 2726 }, // U+1EB6
    { 14, 27, 263, 1, 22, 95, 2900 }, // U+1EB7
    { 16, 27, 291, 1, 21, 108, 2995 }, // U+1EB8
    { 13, 21, 250, 2, 16, 69, 3103 }, // U+1EB9
    { 16, 29, 291, 1, 29, 116, 3172 }, // U+1EBA
    { 13, 25, 250, 2, 25, 82, 3288 }, // U+1EBB
    { 16, 26, 291, 1, 26, 104, 3370 }, // U+1EBC
    { 13, 21, 250, 2, 21, 69, 3474 }, // U+1EBD
    { 17, 29, 291, 1, 29, 124, 3543 }, // U+1EBE
    { 15, 24, 250, 2, 24, 90, 3667 }, // U+1EBF
    { 16, 29, 291, 1, 29, 116, 3757 }, // U+1EC0
    { 15, 24, 250, 0, 24, 90, 3873 }, // U+1EC1
    { 16, 30, 291, 1, 30, 120, 3963 }, // U+1EC2
    { 13, 26, 250, 2, 26, 85, 4083 }, // U+1EC3
    { 16, 31, 291, 1, 31, 124, 4168 }, // U+1EC4
    { 13, 26, 250, 2, 26, 85, 4292 }, // U+1EC5
    { 16, 34, 291, 1, 28, 136, 4377 }, // U+1EC6
    { 13, 27, 250, 2, 22, 88, 4513 }, // U+1EC7
    { 8, 29, 171, 1, 29, 58, 4601 }, // U+1EC8
    { 8, 24, 149, 1, 24, 48, 4659 }, // U+1EC9
    { 8, 27, 171, 1, 21, 54, 4707 }, // U+1ECA
    { 8, 28, 149, 1, 22, 56, 4761 }, // U+1ECB
    { 19, 26, 346, 2, 21, 124, 4817 }, // U+1ECC
    { 14, 21, 269, 2, 16, 74, 4941 }, // U+1ECD
    { 18, 29, 346, 2, 29, 131, 5015 }, // U+1ECE
    { 14, 25, 269, 2, 25, 88, 5146 }, // U+1ECF
    { 18, 29, 346, 2, 29, 131, 5234 }, // U+1ED0
    { 15, 24, 269, 2, 24, 90, 5365 }, // U+1ED1
    { 18, 29, 346, 2, 29, 131, 5455 }, // U+1ED2
    { 15, 24, 269, 1, 24, 90, 5586 }, // U+1ED3
    { 18, 31, 346, 2, 31, 140, 5676 }, // U+1ED4
    { 14, 26, 269, 2, 26, 91, 5816 }, // U+1ED5
    { 18, 31, 346, 2, 31, 140, 5907 }, // U+1ED6
    { 14, 26, 269, 2, 26, 91, 6047 }, // U+1ED7
    { 19, 33, 346, 2, 28, 157, 6138 }, // U+1ED8
    { 14, 27, 269, 2, 22, 95, 6295 }, // U+1ED9
    { 21, 28, 363, 2, 28, 147, 6390 }, // U+1EDA
    { 16, 22, 283, 2, 22, 88, 6537 }, // U+1EDB
    { 21, 28, 363, 2, 28, 147, 6625 }, // U+1EDC
    { 16, 22, 283, 2, 22, 88, 6772 }, // U+1EDD
    { 21, 29, 363, 2, 29, 153, 6860 }, // U+1EDE
    { 16, 25, 283, 2, 25, 100, 7013 }, // U+1EDF
    { 21, 27, 363, 2, 27, 142, 7113 }, // U+1EE0
    { 16, 21, 283, 2, 21, 84, 7255 }, // U+1EE1
    { 21, 27, 363, 2, 22, 142, 7339 }, // U+1EE2
    { 16, 24, 283, 2, 19, 96, 7481 }, // U+1EE3
    { 20, 26, 335, 1, 21, 130, 7577 }, // U+1EE4
    { 18, 21, 296, 0, 16, 95, 7707 }, // U+1EE5
    { 20, 29, 335, 1, 29, 145, 7802 }, // U+1EE6
    { 18, 25, 296, 0, 25, 113, 7947 }, // U+1EE7
    { 22, 28, 363, 1, 28, 154, 8060 }, // U+1EE8
    { 20, 22, 316, 0, 22, 110, 8214 }, // U+1EE9
    { 22, 28, 363, 1, 28, 154, 8324 }, // U+1EEA
    { 20, 22, 316, 0, 22, 110, 8478 }, // U+1EEB
    { 22, 29, 363, 1, 29, 160, 8588 }, // U+1EEC
    { 20, 25, 316, 0, 25, 125, 8748 }, // U+1EED
    { 22, 27, 363, 1, 27, 149, 8873 }, // U+1EEE
    { 20, 21, 316, 0, 21, 105, 9022 }, // U+1EEF
    { 22, 27, 363, 1, 22, 149, 9127 }, // U+1EF0
    { 20, 24, 316, 0, 19, 120, 9276 }, // U+1EF1
    { 18, 28, 292, 0, 28, 126, 9396 }, // U+1EF2
    { 17, 29, 264, 0, 22, 124, 9522 }, // U+1EF3
    { 18, 27, 292, 0, 21, 122, 9646 }, // U+1EF4
    { 17, 23, 264, 0, 16, 98, 9768 }, // U+1EF5
    { 18, 29, 292, 0, 29, 131, 9866 }, // U+1EF6
    { 17, 31, 264, 0, 24, 132, 9997 }, // U+1EF7
    { 18, 26, 292, 0, 26, 117, 10129 }, // U+1EF8
    { 17, 28, 264, 0, 21, 119, 10246 }, // U+1EF9
    { 0, 0, 233, 0, 0, 0, 0 }, // U+2000
    { 0, 0, 467, 0, 0, 0, 0 }, // U+2001
    { 0, 0, 233, 0, 0, 0, 0 }, // U+2002
    { 0, 0, 467, 0, 0, 0, 0 }, // U+2003
    { 0, 0, 155, 0, 0, 0, 0 }, // U+2004
    { 0, 0, 117, 0, 0, 0, 0 }, // U+2005
    { 0, 0, 78, 0, 0, 0, 0 }, // U+2006
    { 0, 0, 261, 0, 0, 0, 0 }, // U+2007
    { 0, 0, 117, 0, 0, 0, 0 }, // U+2008
    { 0, 0, 77, 0, 0, 0, 0 }, // U+2009
    { 0, 0, 47, 0, 0, 0, 0 }, // U+200A
    { 0, 0, 0, 0, 0, 0, 0 }, // U+200B
    { 2, 23, 0, -1, 19, 12, 0 }, // U+200C
    { 7, 25, 0, -3, 21, 44, 12 }, // U+200D
    { 8, 26, 0, -1, 22, 52, 56 }, // U+200E
    { 7, 26, 0, -6, 22, 46, 108 }, // U+200F
    { 8, 3, 145, 1, 10, 6, 154 }, // U+2010
    { 8, 3, 145, 1, 10, 6, 160 }, // U+2011
    { 14, 2, 261, 1, 12, 7, 166 }, // U+2012
    { 15, 2, 233, 0, 9, 8, 173 }, // U+2013
    { 29, 2, 467, 0, 9, 15, 181 }, // U+2014
    { 29, 2, 467, 0, 9, 15, 196 }, // U+2015
    { 6, 29, 261, 5, 22, 44, 211 }, // U+2016
    { 12, 5, 192, 0, -1, 15, 255 }, // U+2017
    { 5, 9, 117, 2, 22, 12, 270 }, // U+2018
    { 5, 9, 117, 0, 21, 12, 282 }, // U+2019
    { 5, 9, 117, 0, 4, 12, 294 }, // U+201A
    { 5, 9, 117, 2, 21, 12, 306 }, // U+201B
    { 11, 9, 210, 2, 22, 25, 318 }, // U+201C
    { 11, 9, 210, 0, 21, 25, 343 }, // U+201D
    { 11, 9, 210, 0, 4, 25, 368 }, // U+201E
    { 11, 9, 210, 2, 21, 25, 393 }, // U+201F
    { 11, 26, 209, 1, 22, 72, 418 }, // U+2020
    { 11, 26, 209, 1, 22, 72, 490 }, // U+2021
    { 8, 9, 169, 1, 15, 18, 562 }, // U+2022
    { 10, 11, 233, 3, 16, 28, 580 }, // U+2023
    { 4, 4, 117, 2, 12, 4, 608 }, // U+2024
    { 12, 4, 250, 2, 12, 12, 612 }, // U+2025
    { 20, 4, 400, 2, 4, 20, 624 }, // U+2026
    { 4, 4, 117, 2, 10, 4, 644 }, // U+2027
    { 0, 0, 280, 0, 0, 0, 648 }, // U+2028
    { 0, 0, 280, 0, 0, 0, 648 }, // U+2029
    { 8, 23, 0, -1, 19, 46, 648 }, // U+202A
    { 7, 23, 0, -6, 19, 41, 694 }, // U+202B
    { 7, 24, 0, -3, 20, 42, 735 }, // U+202C
    { 8, 25, 0, -4, 21, 50, 777 }, // U+202D
    { 7, 25, 0, -3, 21, 44, 827 }, // U+202E
    { 0, 0, 77, 0, 0, 0, 871 }, // U+202F
    { 35, 21, 603, 1, 21, 184, 871 }, // U+2030
    { 47, 21, 787, 1, 21, 247, 1055 }, // U+2031
    { 5, 7, 88, 0, 21, 9, 1302 }, // U+2032
    { 11, 7, 175, 0, 21, 20, 1311 }, // U+2033
    { 16, 7, 263, 0, 21, 28, 1331 }, // U+2034
    { 5, 7, 88, 0, 21, 9, 1359 }, // U+2035
    { 11, 7, 175, 0, 21, 20, 1368 }, // U+2036
    { 16, 7, 263, 0, 21, 28, 1388 }, // U+2037
    { 10, 9, 187, 1, 2, 23, 1416 }, // U+2038
    { 6, 11, 155, 2, 13, 17, 1439 }, // U+2039
    { 6, 11, 155, 2, 13, 17, 1456 }, // U+203A
    { 22, 21, 382, 2, 21, 116, 1473 }, // U+203B
    { 10, 21, 261, 3, 21, 53, 1589 }, // U+203C
    { 14, 21, 252, 1, 21, 74, 1642 }, // U+203D
    { 14, 2, 214, 0, 24, 7, 1716 }, // U+203E
    { 22, 6, 0, -11, 0, 33, 1723 }, // U+203F
    { 22, 6, 0, -11, 24, 33, 1756 }, // U+2040
    { 14, 21, 210, 0, 21, 74, 1789 }, // U+2041
    { 27, 22, 467, 1, 22, 149, 1863 }, // U+2042
    { 8, 5, 169, 1, 13, 10, 2012 }, // U+2043
    { 14, 21, 29, -6, 21, 74, 2022 }, // U+2044
    { 7, 27, 168, 3, 22, 48, 2096 }, // U+2045
    { 7, 27, 168, 1, 22, 48, 2144 }, // U+2046
    { 26, 21, 446, 1, 21, 137, 2192 }, // U+2047
    { 19, 21, 358, 1, 21, 100, 2329 }, // U+2048
    { 18, 21, 354, 3, 21, 95, 2429 }, // U+2049
    { 13, 22, 261, 1, 17, 72, 2524 }, // U+204A
    { 16, 26, 288, 1, 22, 104, 2596 }, // U+204B
    { 15, 11, 279, 1, 16, 42, 2700 }, // U+204C
    { 15, 11, 279, 1, 16, 42, 2742 }, // U+204D
    { 13, 11, 233, 1, 16, 36, 2784 }, // U+204E
    { 5, 21, 133, 2, 16, 27, 2820 }, // U+204F
    { 19, 21, 341, 1, 21, 100, 2847 }, // U+2050
    { 13, 23, 233, 1, 22, 75, 2947 }, // U+2051
    { 11, 21, 154, -1, 21, 58, 3022 }, // U+2052
    { 14, 5, 261, 1, 13, 18, 3080 }, // U+2053
    { 22, 6, 0, -11, -1, 33, 3098 }, // U+2054
    { 13, 13, 252, 1, 17, 43, 3131 }, // U+2055
    { 13, 16, 287, 2, 16, 52, 3174 }, // U+2056
    { 20, 7, 323, 0, 21, 35, 3226 }, // U+2057
    { 16, 16, 331, 2, 16, 64, 3261 }, // U+2058
    { 16, 16, 331, 2, 16, 64, 3325 }, // U+2059
    { 4, 21, 134, 2, 21, 21, 3389 }, // U+205A
    { 16, 21, 331, 2, 21, 84, 3410 }, // U+205B
    { 15, 16, 325, 2, 16, 60, 3494 }, // U+205C
    { 4, 21, 134, 2, 21, 21, 3554 }, // U+205D
    { 4, 21, 134, 2, 21, 21, 3575 }, // U+205E
    { 0, 0, 104, 0, 0, 0, 3596 }, // U+205F
    { 0, 0, 280, 0, 0, 0, 3596 }, // U+2060
    { 0, 0, 280, 0, 0, 0, 3596 }, // U+2061
    { 0, 0, 280, 0, 0, 0, 3596 }, // U+2062
    { 0, 0, 280, 0, 0, 0, 3596 }, // U+2063
    { 0, 0, 280, 0, 0, 0, 3596 }, // U+2064
    { 0, 0, 0, 0, 0, 0, 3596 }, // U+2066
    { 0, 0, 0, 0, 0, 0, 3596 }, // U+2067
    { 0, 0, 0, 0, 0, 0, 3596 }, // U+2068
    { 0, 0, 0, 0, 0, 0, 3596 }, // U+2069
    { 7, 25, 0, -3, 21, 44, 3596 }, // U+206A
    { 8, 25, 0, -4, 21, 50, 3640 }, // U+206B
    { 7, 24, 0, -3, 20, 42, 3690 }, // U+206C
    { 7, 25, 0, -3, 21, 44, 3732 }, // U+206D
    { 7, 25, 0, -3, 21, 44, 3776 }, // U+206E
    { 7, 25, 0, -3, 21, 44, 3820 }, // U+206F
    { 10, 15, 187, 1, 25, 38, 0 }, // U+2070
    { 6, 14, 97, 0, 22, 21, 38 }, // U+2071
    { 11, 13, 187, 1, 24, 36, 59 }, // U+2074
    { 9, 14, 187, 1, 24, 32, 95 }, // U+2075
    { 9, 15, 187, 1, 25, 34, 127 }, // U+2076
    { 9, 13, 187, 1, 24, 30, 161 }, // U+2077
    { 10, 15, 187, 1, 25, 38, 191 }, // U+2078
    { 9, 15, 187, 1, 25, 34, 229 }, // U+2079
    { 10, 10, 183, 1, 22, 25, 263 }, // U+207A
    { 10, 1, 183, 1, 18, 3, 288 }, // U+207B
    { 10, 7, 183, 1, 20, 18, 291 }, // U+207C
    { 6, 18, 117, 2, 26, 27, 309 }, // U+207D
    { 6, 18, 117, 0, 26, 27, 336 }, // U+207E
    { 12, 11, 196, 0, 19, 33, 363 }, // U+207F
    { 10, 13, 187, 1, 10, 33, 396 }, // U+2080
    { 9, 13, 187, 1, 10, 30, 429 }, // U+2081
    { 9, 13, 187, 1, 10, 30, 459 }, // U+2082
    { 9, 13, 187, 1, 10, 30, 489 }, // U+2083
    { 11, 13, 187, 1, 10, 36, 519 }, // U+2084
    { 9, 13, 187, 1, 10, 30, 555 }, // U+2085
    { 9, 13, 187, 1, 10, 30, 585 }, // U+2086
    { 9, 13, 187, 1, 10, 30, 615 }, // U+2087
    { 9, 13, 187, 1, 10, 30, 645 }, // U+2088
    { 9, 13, 187, 1, 10, 30, 675 }, // U+2089
    { 10, 10, 183, 1, 8, 25, 705 }, // U+208A
    { 10, 1, 183, 1, 3, 3, 730 }, // U+208B
    { 10, 6, 183, 1, 6, 15, 733 }, // U+208C
    { 6, 19, 117, 2, 13, 29, 748 }, // U+208D
    { 6, 19, 117, 0, 13, 29, 777 }, // U+208E
    { 10, 10, 171, 1, 7, 25, 806 }, // U+2090
    { 8, 10, 162, 1, 7, 20, 831 }, // U+2091
    { 9, 10, 175, 1, 7, 23, 851 }, // U+2092
    { 12, 10, 175, -1, 7, 30, 874 }, // U+2093
    { 8, 10, 162, 1, 7, 20, 904 }, // U+2094
    { 12, 14, 193, 0, 11, 42, 924 }, // U+2095
    { 12, 14, 177, 0, 11, 42, 966 }, // U+2096
    { 6, 14, 94, 0, 11, 21, 1008 }, // U+2097
    { 18, 10, 287, 0, 7, 45, 1029 }, // U+2098
    { 12, 10, 196, 0, 7, 30, 1074 }, // U+2099
    { 11, 14, 186, 0, 7, 39, 1104 }, // U+209A
    { 7, 10, 137, 1, 7, 18, 1143 }, // U+209B
    { 7, 12, 107, 0, 9, 21, 1161 }, // U+209C
    { 17, 21, 309, 1, 21, 90, 0 }, // U+20A0
    { 16, 24, 287, 2, 22, 96, 90 }, // U+20A1
    { 16, 21, 287, 2, 21, 84, 186 }, // U+20A2
    { 14, 21, 261, 1, 21, 74, 270 }, // U+20A3
    { 14, 21, 261, 1, 21, 74, 344 }, // U+20A4
    { 27, 23, 441, 0, 20, 156, 418 }, // U+20A5
    { 19, 21, 309, 1, 21, 100, 574 }, // U+20A6
    { 23, 21, 382, 1, 21, 121, 674 }, // U+20A7
    { 28, 21, 477, 1, 21, 147, 795 }, // U+20A8
    { 32, 21, 489, 0, 21, 168, 942 }, // U+20A9
    { 20, 18, 416, 3, 18, 90, 1110 }, // U+20AA
    { 16, 26, 287, 2, 22, 104, 1200 }, // U+20AB
    { 14, 21, 261, 1, 21, 74, 1304 }, // U+20AC
    { 21, 21, 327, 0, 21, 111, 1378 }, // U+20AD
    { 17, 21, 261, 0, 21, 90, 1489 }, // U+20AE
    { 29, 31, 467, 1, 25, 225, 1579 }, // U+20AF
    { 15, 28, 261, 0, 21, 105, 1804 }, // U+20B0
    { 17, 21, 282, 0, 21, 90, 1909 }, // U+20B1
    { 19, 25, 333, 2, 23, 119, 1999 }, // U+20B2
    { 20, 21, 329, 0, 21, 105, 2118 }, // U+20B3
    { 15, 21, 254, 1, 21, 79, 2223 }, // U+20B4
    { 16, 25, 287, 2, 23, 100, 2302 }, // U+20B5
    { 16, 21, 277, 1, 21, 84, 2402 }, // U+20B6
    { 14, 24, 261, 1, 21, 84, 2486 }, // U+20B7
    { 14, 21, 261, 1, 21, 74, 2570 }, // U+20B8
    { 15, 21, 261, 1, 21, 79, 2644 }, // U+20B9
    { 15, 21, 261, 1, 21, 79, 2723 }, // U+20BA
    { 17, 21, 305, 1, 21, 90, 2802 }, // U+20BB
    { 18, 20, 367, 3, 20, 90, 2892 }, // U+20BC
    { 15, 21, 275, 1, 21, 79, 2982 }, // U+20BD
    { 17, 22, 314, 1, 22, 94, 3061 }, // U+20BE
    { 15, 26, 261, 0, 23, 98, 3155 }, // U+20BF
    { 12, 20, 230, 1, 16, 60, 3253 }, // U+20C0
    { 14, 3, 270, 1, 12, 11, 0 }, // U+2212
    { 22, 22, 330, 1, 22, 121, 0 }, // U+FB00
    { 18, 22, 309, 1, 22, 99, 121 }, // U+FB01
    { 18, 22, 309, 1, 22, 99, 220 }, // U+FB02
    { 28, 22, 468, 1, 22, 154, 319 }, // U+FB03
    { 28, 22, 467, 1, 22, 154, 473 }, // U+FB04
    { 19, 22, 312, 1, 22, 105, 627 }, // U+FB05
    { 21, 22, 369, 1, 22, 116, 732 }, // U+FB06
    { 28, 28, 467, 1, 23, 196, 0 }, // U+FFFD
};

static const EpdUnicodeInterval notoserif_14_regularIntervals[] = {
    { 0x0, 0x0, 0x0 },
    { 0xD, 0xD, 0x1 },
    { 0x20, 0x7E, 0x2 },
    { 0xA0, 0x17F, 0x61 },
    { 0x1A0, 0x1A1, 0x141 },
    { 0x1AF, 0x1B0, 0x143 },
    { 0x1C4, 0x21F, 0x145 },
    { 0x300, 0x36F, 0x1A1 },
    { 0x400, 0x4FF, 0x211 },
    { 0x1EA0, 0x1EF9, 0x311 },
    { 0x2000, 0x2064, 0x36B },
    { 0x2066, 0x2071, 0x3D0 },
    { 0x2074, 0x208E, 0x3DC },
    { 0x2090, 0x209C, 0x3F7 },
    { 0x20A0, 0x20C0, 0x404 },
    { 0x2212, 0x2212, 0x425 },
    { 0xFB00, 0xFB06, 0x426 },
    { 0xFFFD, 0xFFFD, 0x42D },
};

static const EpdFontGroup notoserif_14_regularGroups[] = {
    { 0, 3097, 7167, 97, 0 },
    { 3097, 2806, 8660, 96, 97 },
    { 5903, 3551, 13458, 128, 193 },
    { 9454, 3590, 12257, 96, 321 },
    { 13044, 1027, 1733, 112, 417 },
    { 14071, 9483, 28797, 256, 529 },
    { 23554, 2427, 11389, 90, 785 },
    { 25981, 1629, 4235, 111, 875 },
    { 27610, 715, 1412, 42, 986 },
    { 28325, 1806, 3543, 33, 1028 },
    { 30131, 10, 12, 1, 1061 },
    { 30141, 301, 902, 7, 1062 },
    { 30442, 123, 196, 1, 1069 },
};

static const uint16_t notoserif_14_regularKernLeftCodepoints[] = {
    0x0022, 0x0026, 0x0027, 0x002A, 0x002C, 0x002E, 0x0040, 0x0041, 0x0042, 0x0044, 0x0045, 0x0046,
    0x0047, 0x004B, 0x004C, 0x004E, 0x004F, 0x0050, 0x0051, 0x0052, 0x0053, 0x0054, 0x0055, 0x0056,
    0x0057, 0x0058, 0x0059, 0x0061, 0x0062, 0x0065, 0x0066, 0x0067, 0x0068, 0x006B, 0x006D, 0x006E,
    0x006F, 0x0070, 0x0072, 0x0073, 0x0076, 0x0077, 0x0079, 0x00A1, 0x00BF, 0x00C0, 0x00C1, 0x00C2,
    0x00C3, 0x00C4, 0x00C5, 0x00C6, 0x00C8, 0x00C9, 0x00CA, 0x00CB, 0x00D0, 0x00D1, 0x00D2, 0x00D3,
    0x00D4, 0x00D5, 0x00D6, 0x00D8, 0x00D9, 0x00DA, 0x00DB, 0x00DC, 0x00DD, 0x00DE, 0x00DF, 0x00E0,
    0x00E1, 0x00E2, 0x00E3, 0x00E4, 0x00E5, 0x00E6, 0x00E8, 0x00E9, 0x00EA, 0x00EB, 0x00F0, 0x00F1,
    0x00F2, 0x00F3, 0x00F4, 0x00F5, 0x00F6, 0x00F8, 0x00FD, 0x00FE, 0x00FF, 0x0100, 0x0102, 0x0104,
    0x010E, 0x010F, 0x0110, 0x0112, 0x0113, 0x0114, 0x0115, 0x0116, 0x0117, 0x0118, 0x0119, 0x011A,
    0x011B, 0x011C, 0x011E, 0x0120, 0x0122, 0x0125, 0x0127, 0x0129, 0x0136, 0x0137, 0x0138, 0x0139,
    0x013B, 0x013E, 0x0141, 0x0143, 0x0144, 0x0145, 0x0146, 0x0147, 0x0148, 0x0149, 0x014B, 0x014C,
    0x014D, 0x014E, 0x014F, 0x0150, 0x0151, 0x0152, 0x0153, 0x0154, 0x0155, 0x0156, 0x0157, 0x0158,
    0x0159, 0x015A, 0x015B, 0x015C, 0x015D, 0x015E, 0x015F, 0x0160, 0x0161, 0x0162, 0x0164, 0x0165,
    0x0166, 0x0168, 0x016A, 0x016C, 0x016E, 0x0170, 0x0172, 0x0174, 0x0175, 0x0176, 0x0177, 0x0178,
    0x01A0, 0x01A1, 0x01AF, 0x01B0, 0x01FA, 0x01FC, 0x01FD, 0x01FE, 0x01FF, 0x0218, 0x0219, 0x021A,
    0x0402, 0x0409, 0x040A, 0x040E, 0x0423, 0x042A, 0x042C, 0x0431, 0x043E, 0x0440, 0x0444, 0x044D,
    0x044E, 0x0457, 0x0460, 0x0462, 0x0465, 0x0466, 0x0468, 0x046A, 0x046C, 0x046E, 0x046F, 0x0472,
    0x0473, 0x0474, 0x0476, 0x0478, 0x0479, 0x047A, 0x047B, 0x047C, 0x047D, 0x047E, 0x0481, 0x048C,
    0x048D, 0x048E, 0x048F, 0x0490, 0x0491, 0x0493, 0x0494, 0x0496, 0x0497, 0x0498, 0x0499, 0x049A,
    0x049B, 0x049C, 0x049D, 0x049E, 0x049F, 0x04A0, 0x04A1, 0x04A3, 0x04A4, 0x04A5, 0x04A6, 0x04A8,
    0x04AB, 0x04AC, 0x04AD, 0x04B2, 0x04B3, 0x04B5, 0x04B7, 0x04BA, 0x04BC, 0x04BD, 0x04BE, 0x04BF,
    0x04C3, 0x04C6, 0x04D0, 0x04D1, 0x04D2, 0x04D3, 0x04D4, 0x04D5, 0x04D6, 0x04D7, 0x04D8, 0x04D9,
    0x04DA, 0x04DB, 0x04E0, 0x04E6, 0x04E7, 0x04E8, 0x04E9, 0x04EA, 0x04EB, 0x04ED, 0x04EE, 0x04EF,
    0x04F0, 0x04F1, 0x04F2, 0x04F3, 0x04F6, 0x04F7, 0x04FB, 0x04FC, 0x04FD, 0x04FE, 0x04FF, 0x1EA0,
    0x1EA1, 0x1EA2, 0x1EA3, 0x1EA4, 0x1EA5, 0x1EA6, 0x1EA7, 0x1EA8, 0x1EA9, 0x1EAA, 0x1EAB, 0x1EAC,
    0x1EAD, 0x1EAE, 0x1EAF, 0x1EB0, 0x1EB1, 0x1EB2, 0x1EB3, 0x1EB4, 0x1EB5, 0x1EB6, 0x1EB7, 0x1EB8,
    0x1EB9, 0x1EBA, 0x1EBB, 0x1EBC, 0x1EBD, 0x1EBE, 0x1EBF, 0x1EC0, 0x1EC1, 0x1EC2, 0x1EC3, 0x1EC4,
    0x1EC5, 0x1EC6, 0x1EC7, 0x1ECC, 0x1ECD, 0x1ECE, 0x1ECF, 0x1ED0, 0x1ED1, 0x1ED2, 0x1ED3, 0x1ED4,
    0x1ED5, 0x1ED6, 0x1ED7, 0x1ED8, 0x1ED9, 0x1EDA, 0x1EDB, 0x1EDC, 0x1EDD, 0x1EDE, 0x1EDF, 0x1EE0,
    0x1EE1, 0x1EE2, 0x1EE3, 0x1EE4, 0x1EE6, 0x1EE8, 0x1EE9, 0x1EEA, 0x1EEB, 0x1EEC, 0x1EED, 0x1EEE,
    0x1EEF, 0x1EF0, 0x1EF1, 0x1EF2, 0x1EF3, 0x1EF4, 0x1EF5, 0x1EF6, 0x1EF7, 0x1EF8, 0x1EF9, 0x2018,
    0x2019, 0x201A, 0x201C, 0x201D, 0x201E, 0x2026, 0x207D, 0x208D, 0xFB00,
};

static const uint8_t notoserif_14_regularKernLeftClassIds[] = {
      1,   2,   1,   3,   4,   4,   5,   6,   7,   8,   9,  10,  11,  12,  13,  14,
      8,   3,   8,  15,  16,  17,  18,  19,  20,  21,  22,  23,  24,  25,  26,  27,
     23,  28,  23,  23,  24,  24,  29,  30,  31,  32,  33,  34,  35,  36,  36,  36,
     36,  36,  36,   9,   9,   9,   9,   9,   8,  14,   8,   8,   8,   8,   8,   8,
     18,  18,  18,  18,  22,   8,  24,  23,  23,  23,  23,  23,  23,  25,  25,  25,
     25,  25,  24,  23,  24,  24,  24,  24,  24,  24,  33,  24,  33,   6,  36,  36,
      8,  37,   8,   9,  25,   9,  25,   9,  25,   9,  25,   9,  25,  11,  11,  11,
     11,  23,  23,  38,  12,  28,  28,  13,  13,  37,  13,  14,  23,  14,  23,  14,
     23,  23,  23,   8,  24,   8,  24,   8,  24,   9,  25,  15,  29,  15,  29,  15,
     29,  16,  30,  16,  30,  16,  30,  16,  30,  17,  17,  39,  17,  18,  18,  18,
     18,  18,  18,  20,  32,  22,  33,  22,  40,  41,  42,  43,   6,   9,  25,   8,
     24,  16,  30,  17,  44,  45,  45,  46,  46,  45,  45,  47,  48,  48,  49,  49,
     49,  50,  51,  52,  53,  54,  54,  55,  55,  56,  24,  51,  48,  57,  57,  33,
     58,  51,  48,  51,  24,  51,  53,  52,  24,  59,  48,  60,  61,  61,  62,  55,
     63,  56,  48,  55,  63,  55,  63,  55,  63,  55,  63,  64,  60,  61,  62,  51,
     53,  60,  61,  65,  63,  64,  64,  62,  51,  48,  51,  48,  62,  64,  54,  23,
     54,  23,  66,  48,  66,  48,  51,  48,  51,  48,  56,  51,  48,  51,  48,  51,
     48,  48,  46,  58,  46,  58,  46,  58,  60,  61,  61,  65,  63,  65,  63,  36,
     23,  36,  23,  36,  23,  36,  23,  36,  23,  36,  23,  36,  23,  36,  23,  36,
     23,  36,  23,  36,  23,  36,  23,   9,  25,   9,  25,   9,  25,   9,  25,   9,
     25,   9,  25,   9,  25,   9,  25,   8,  24,   8,  24,   8,  24,   8,  24,   8,
     24,   8,  24,   8,  24,  40,  41,  40,  41,  40,  41,  40,  41,  40,  41,  18,
     18,  42,  43,  42,  43,  42,  43,  42,  43,  42,  43,  22,  33,  22,  33,  22,
     33,  22,  33,  67,  68,   4,  67,  68,   4,   4,  69,  70,  26,
};

static const uint16_t notoserif_14_regularKernRightCodepoints[] = {
    0x0021, 0x0022, 0x0026, 0x0027, 0x0029, 0x002A, 0x002C, 0x002E, 0x003A, 0x003B, 0x003F, 0x0040,
    0x0041, 0x0042, 0x0043, 0x0044, 0x0045, 0x0046, 0x0047, 0x0048, 0x0049, 0x004A, 0x004B, 0x004C,
    0x004D, 0x004E, 0x004F, 0x0050, 0x0051, 0x0052, 0x0053, 0x0054, 0x0055, 0x0056, 0x0057, 0x0058,
    0x0059, 0x005A, 0x005D, 0x0061, 0x0062, 0x0063, 0x0064, 0x0065, 0x0067, 0x0068, 0x0069, 0x006B,
    0x006C, 0x006D, 0x006E, 0x006F, 0x0070, 0x0071, 0x0072, 0x0073, 0x0074, 0x0075, 0x0076, 0x0077,
    0x0078, 0x0079, 0x007A, 0x007D, 0x00AB, 0x00B7, 0x00BB, 0x00C0, 0x00C1, 0x00C2, 0x00C3, 0x00C4,
    0x00C5, 0x00C6, 0x00C7, 0x00C8, 0x00C9, 0x00CA, 0x00CB, 0x00CC, 0x00CD, 0x00CE, 0x00CF, 0x00D0,
    0x00D1, 0x00D2, 0x00D3, 0x00D4, 0x00D5, 0x00D6, 0x00D8, 0x00D9, 0x00DA, 0x00DB, 0x00DC, 0x00DD,
    0x00DE, 0x00E0, 0x00E1, 0x00E2, 0x00E3, 0x00E4, 0x00E5, 0x00E6, 0x00E7, 0x00E8, 0x00E9, 0x00EA,
    0x00EB, 0x00EC, 0x00ED, 0x00EE, 0x00EF, 0x00F0, 0x00F1, 0x00F2, 0x00F3, 0x00F4, 0x00F5, 0x00F6,
    0x00F8, 0x00F9, 0x00FA, 0x00FB, 0x00FC, 0x00FD, 0x00FE, 0x00FF, 0x0100, 0x0101, 0x0102, 0x0103,
    0x0104, 0x0105, 0x0106, 0x0107, 0x0108, 0x0109, 0x010A, 0x010B, 0x010C, 0x010D, 0x010E, 0x010F,
    0x0110, 0x0111, 0x0112, 0x0113, 0x0114, 0x0115, 0x0116, 0x0117, 0x0118, 0x0119, 0x011A, 0x011B,
    0x011C, 0x011D, 0x011E, 0x011F, 0x0120, 0x0121, 0x0122, 0x0123, 0x0124, 0x0125, 0x0126, 0x0127,
    0x0128, 0x0129, 0x012A, 0x012B, 0x012C, 0x012D, 0x012E, 0x012F, 0x0130, 0x0132, 0x0133, 0x0134,
    0x0136, 0x0137, 0x0138, 0x0139, 0x013A, 0x013B, 0x013C, 0x013D, 0x013E, 0x013F, 0x0140, 0x0141,
    0x0142, 0x0143, 0x0144, 0x0145, 0x0146, 0x0147, 0x0148, 0x014A, 0x014B, 0x014C, 0x014D, 0x014E,
    0x014F, 0x0150, 0x0151, 0x0152, 0x0153, 0x0154, 0x0155, 0x0156, 0x0157, 0x0158, 0x015A, 0x015B,
    0x015C, 0x015D, 0x015E, 0x015F, 0x0160, 0x0161, 0x0162, 0x0163, 0x0164, 0x0165, 0x0166, 0x0167,
    0x0168, 0x0169, 0x016A, 0x016B, 0x016C, 0x016D, 0x016E, 0x016F, 0x0170, 0x0171, 0x0172, 0x0173,
    0x0174, 0x0175, 0x0176, 0x0177, 0x0178, 0x0179, 0x017A, 0x017B, 0x017C, 0x017D, 0x017E, 0x01A0,
    0x01A1, 0x01AF, 0x01B0, 0x01FA, 0x01FB, 0x01FC, 0x01FD, 0x01FE, 0x01FF, 0x0218, 0x0219, 0x021A,
    0x021B, 0x0402, 0x040B, 0x040E, 0x0416, 0x0422, 0x0423, 0x0425, 0x0427, 0x042A, 0x042F, 0x0431,
    0x0436, 0x0443, 0x0445, 0x0447, 0x0451, 0x0456, 0x045E, 0x0460, 0x0462, 0x0466, 0x046A, 0x046E,
    0x0472, 0x0473, 0x0478, 0x0479, 0x047A, 0x047B, 0x047C, 0x047D, 0x047E, 0x0480, 0x0481, 0x0496,
    0x0498, 0x0499, 0x04A0, 0x04A1, 0x04A8, 0x04A9, 0x04AA, 0x04AB, 0x04AC, 0x04AD, 0x04B2, 0x04B4,
    0x04B5, 0x04B6, 0x04B7, 0x04B8, 0x04B9, 0x04C1, 0x04C2, 0x04CB, 0x04CC, 0x04D0, 0x04D2, 0x04D4,
    0x04D5, 0x04D7, 0x04D8, 0x04D9, 0x04DA, 0x04DC, 0x04DD, 0x04E0, 0x04E1, 0x04E6, 0x04E7, 0x04E8,
    0x04E9, 0x04EA, 0x04EB, 0x04EE, 0x04EF, 0x04F0, 0x04F1, 0x04F2, 0x04F3, 0x04F4, 0x04F5, 0x04FC,
    0x04FE, 0x1EA0, 0x1EA1, 0x1EA2, 0x1EA3, 0x1EA4, 0x1EA5, 0x1EA6, 0x1EA7, 0x1EA8, 0x1EA9, 0x1EAA,
    0x1EAB, 0x1EAC, 0x1EAD, 0x1EAE, 0x1EAF, 0x1EB0, 0x1EB1, 0x1EB2, 0x1EB3, 0x1EB4, 0x1EB5, 0x1EB6,
    0x1EB7, 0x1EB8, 0x1EB9, 0x1EBA, 0x1EBB, 0x1EBC, 0x1EBD, 0x1EBE, 0x1EBF, 0x1EC0, 0x1EC1, 0x1EC2,
    0x1EC3, 0x1EC4, 0x1EC5, 0x1EC6, 0x1EC7, 0x1EC9, 0x1ECB, 0x1ECC, 0x1ECD, 0x1ECE, 0x1ECF, 0x1ED0,
    0x1ED1, 0x1ED2, 0x1ED3, 0x1ED4, 0x1ED5, 0x1ED6, 0x1ED7, 0x1ED8, 0x1ED9, 0x1EDA, 0x1EDB, 0x1EDC,
    0x1EDD, 0x1EDE, 0x1EDF, 0x1EE0, 0x1EE1, 0x1EE2, 0x1EE3, 0x1EE4, 0x1EE5, 0x1EE6, 0x1EE7, 0x1EE8,
    0x1EE9, 0x1EEA, 0x1EEB, 0x1EEC, 0x1EED, 0x1EEE, 0x1EEF, 0x1EF0, 0x1EF1, 0x1EF2, 0x1EF3, 0x1EF4,
    0x1EF5, 0x1EF6, 0x1EF7, 0x1EF8, 0x1EF9, 0x2018, 0x2019, 0x201A, 0x201C, 0x201D, 0x201E, 0x2026,
    0x2039, 0x203A, 0x207E, 0x208E,
};

static const uint8_t notoserif_14_regularKernRightClassIds[] = {
      1,   2,   3,   2,   4,   5,   6,   7,   8,   8,   9,  10,  11,  12,  13,  12,
     12,  12,  13,  12,  12,  14,  12,  12,  12,  12,  13,  12,  13,  12,  15,  16,
     17,  18,  19,  20,  21,  22,   4,  23,  24,  25,  25,  25,  26,  24,  27,  24,
     24,  27,  27,  25,  27,  25,  27,  28,  29,  30,  31,  32,  33,  34,  35,   4,
     36,  37,  36,  11,  11,  11,  11,  11,  11,  38,  13,  12,  12,  12,  12,  12,
     12,  12,  12,  12,  12,  13,  13,  13,  13,  13,  13,  17,  17,  17,  17,  21,
     12,  23,  23,  23,  23,  23,  23,  23,  25,  25,  25,  25,  25,  39,  27,  39,
     39,  25,  27,  25,  25,  25,  25,  25,  25,  30,  30,  30,  30,  34,  24,  34,
     11,  23,  11,  23,  11,  23,  13,  25,  13,  25,  13,  25,  13,  25,  12,  25,
     12,  25,  12,  25,  12,  25,  12,  25,  12,  25,  12,  25,  13,  25,  13,  25,
     13,  25,  13,  25,  12,  24,  12,  24,  12,  40,  12,  39,  12,  39,  12,  27,
     12,  12,  27,  14,  12,  24,  27,  12,  24,  12,  24,  12,  24,  12,  24,  12,
     24,  12,  27,  12,  27,  12,  27,  12,  27,  13,  25,  13,  25,  13,  25,  13,
     25,  12,  27,  12,  27,  12,  15,  28,  15,  28,  15,  28,  15,  28,  16,  29,
     16,  29,  16,  29,  17,  30,  17,  30,  17,  30,  17,  30,  17,  30,  17,  30,
     19,  32,  21,  34,  21,  22,  35,  22,  35,  22,  35,  13,  25,  17,  30,  11,
     23,  38,  23,  13,  25,  15,  28,  16,  29,  41,  41,  42,  41,  41,  42,  41,
     43,  41,  44,  45,  46,  47,  46,  48,  49,  50,  47,  51,  16,  52,  53,  54,
     51,  55,  51,  55,  51,  55,  51,  25,  51,  51,  55,  53,  54,  56,  57,  58,
     51,  55,  51,  55,  57,  58,  53,  57,  58,  59,  60,  43,  48,  41,  46,  59,
     60,  52,  52,  38,  61,  55,  51,  61,  51,  41,  46,  54,  35,  51,  55,  51,
     55,  51,  55,  42,  62,  42,  62,  42,  62,  43,  48,  53,  53,  11,  23,  11,
     23,  11,  23,  11,  23,  11,  23,  11,  23,  11,  23,  11,  23,  11,  23,  11,
     23,  11,  23,  11,  23,  12,  25,  12,  25,  12,  25,  12,  25,  12,  25,  12,
     25,  12,  25,  12,  25,  27,  27,  13,  25,  13,  25,  13,  25,  13,  25,  13,
     25,  13,  25,  13,  25,  13,  25,  13,  25,  13,  25,  13,  25,  13,  25,  17,
     30,  17,  30,  17,  30,  17,  30,  17,  30,  17,  30,  17,  30,  21,  34,  21,
     34,  21,  34,  21,  34,  63,   5,   7,  63,   5,   7,   7,  36,  36,  64,  65,
};

static const uint16_t notoserif_14_regularKernRowOffsets[] = {
        0,     5,    10,    16,    32,    34,    50,    64,    77,    80,    89,    95,   101,   113,   114,   125,
      137,   148,   153,   165,   176,   180,   194,   199,   205,   208,   213,   214,   216,   220,   222,   225,
      228,   231,   234,   239,   255,   271,   272,   276,   295,   304,   320,   326,   335,   336,   338,   343,
      346,   350,   352,   359,   365,   366,   384,   398,   407,   421,   423,   427,   441,   445,   452,   456,
      457,   468,   469,   472,   479,   480,   481,
};

static const uint8_t notoserif_14_regularKernSparseCols[] = {
     10,  24,  25,  37,  51,   8,  15,  17,  18,  20,   2,   5,   6,  10,  37,  51,
      8,  12,  15,  16,  17,  18,  20,  30,  31,  33,  50,  56,  57,  58,  59,  61,
     10,  20,   1,   4,   8,  12,  15,  16,  17,  18,  20,  24,  25,  29,  30,  31,
     33,  62,   4,   8,  10,  15,  17,  18,  19,  20,  21,  31,  33,  37,  51,  56,
      5,   6,   8,  10,  15,  17,  18,  19,  20,  37,  51,  52,  56,  17,  18,  20,
      2,   5,   6,   9,  10,  22,  24,  25,  37,   8,  15,  17,  18,  20,  37,  12,
     24,  25,  29,  31,  33,   1,   4,   8,  15,  17,  18,  20,  30,  31,  33,  36,
     62,  35,   4,   8,  12,  15,  16,  17,  18,  20,  30,  31,  33,   8,  10,  15,
     17,  18,  19,  20,  31,  33,  37,  51,  56,   2,   5,   6,   9,  10,  12,  22,
     24,  25,  27,  37,   5,   6,   9,  10,  37,   2,   5,   6,   9,  10,  12,  22,
     24,  25,  27,  37,  51,   5,   6,   9,  10,  12,  22,  24,  25,  27,  34,  37,
     12,  14,  31,  33,   2,   5,   6,   9,  10,  12,  14,  22,  24,  25,  27,  34,
     37,  51,   1,  33,  58,  59,  61,  17,  18,  20,  33,  58,  61,  17,  18,  20,
      1,   3,   4,  38,  39,  18,  24,  25,   4,   5,   6,  22,  20,  58,   5,   6,
     10,   5,   6,  10,   5,   6,  10,  17,  18,  20,   8,  15,  17,  18,  20,   1,
      4,   8,  12,  15,  16,  17,  18,  20,  24,  25,  29,  30,  31,  33,  62,   0,
      1,   3,   4,   8,  11,  13,  15,  16,  17,  18,  19,  20,  21,  23,  62,  39,
      1,   3,   8,  23,   5,   6,   7,   8,  10,  15,  17,  18,  20,  22,  24,  25,
     26,  27,  28,  30,  31,  32,  33,   4,   5,   6,  26,  28,  29,  30,  31,  33,
      5,   6,   7,  10,  12,  22,  24,  25,  26,  27,  28,  29,  30,  31,  33,  34,
      4,   5,   6,  26,  28,  30,   1,   8,  15,  42,  45,  46,  47,  56,  62,  56,
     48,  49,  40,  41,  56,  58,  59,  56,  58,  59,  42,  56,  58,  59,  42,  62,
      5,   6,  37,  51,  52,  56,  58,   1,   4,  56,  58,  59,  62,  58,   1,   4,
      8,  12,  15,  17,  20,  24,  25,  29,  31,  33,  50,  56,  57,  58,  59,  62,
     12,  24,  25,  29,  31,  33,  44,  50,  53,  54,  57,  58,  59,  61,   5,   6,
     31,  33,  37,  51,  52,  57,  58,   5,   6,  12,  22,  24,  25,  27,  37,  50,
     51,  53,  54,  55,  60,   5,   6,   5,   6,  37,  51,   5,   6,  12,  22,  24,
     25,  27,  37,  43,  50,  51,  54,  55,  60,   4,   5,   6,  51,   1,   4,   8,
     15,  56,  58,  61,  24,  25,  54,  60,   3,  12,  24,  25,  29,  31,  33,  50,
     53,  57,  58,  61,  57,  10,  37,  51,  10,  12,  22,  24,  25,  27,  39,  63,
     64,
};

static const int8_t notoserif_14_regularKernSparseValues[] = {
     -37,   -9,  -28,  -56,  -37,  -14,  -14,  -19,  -19,  -14,   -5,  -56,  -56,  -23,  -37,  -23,
     -42,   -9,  -42,   -9,  -51,  -42,  -37,  -33,  -28,  -23,   -9,  -42,  -33,  -37,  -23,  -23,
     -14,   -5,  -37,  -33,  -28,   -9,  -28,   -9,  -37,  -33,  -33,   -9,   -9,   -9,  -28,  -14,
     -23,  -33,   -9,   -9,   -9,   -9,  -19,  -14,   -9,  -19,   -9,   -5,   -9,  -14,   -9,   -9,
      -9,   -9,   -9,   -9,   -9,   -9,   -9,   -9,  -14,  -23,   -9,   -9,   -9,   -9,   -9,   -9,
      -9,  -56,  -56,  -19,  -33,  -19,  -19,  -19,  -51,   -9,   -9,   -9,   -9,   -9,   -9,   -9,
      -9,   -9,   -9,  -14,  -14,  -28,  -37,  -33,  -33,  -23,  -23,  -28,   -9,   -5,  -14,   -9,
     -37,   -5,   -9,   -9,   -9,   -9,   -5,  -14,  -14,  -14,   -5,   -5,   -9,   -9,   -9,   -9,
      -9,   -9,   -9,   -9,   -5,   -9,   -9,   -9,   -9,   -5,  -42,  -42,  -14,  -28,   -9,  -14,
     -23,  -23,   -2,  -37,   -9,   -9,   -5,   -9,  -19,  -14,  -51,  -51,  -23,  -37,   -9,  -28,
     -28,  -28,  -19,  -61,  -37,  -42,  -42,  -23,  -33,   -9,  -33,  -28,  -28,  -23,  -14,  -61,
      -9,   -5,  -14,  -23,   -5,  -37,  -37,  -19,  -33,  -14,   -9,  -28,  -33,  -33,  -28,   -9,
     -42,  -33,  -19,   -9,  -14,   -9,   -9,  -28,  -28,  -33,   -9,  -14,   -9,  -28,  -28,  -28,
      37,   42,   37,   19,   19,   -9,   -9,   -9,   14,  -61,  -61,   -9,  -28,   -9,  -23,  -33,
     -28,  -33,  -33,  -14,  -42,  -42,  -23,  -14,   -9,  -14,   -9,   -9,  -23,  -23,  -23,  -37,
     -33,  -28,   -9,  -28,   -9,  -37,  -33,  -33,   -9,   -9,   -9,  -23,  -14,  -23,  -33,    9,
      23,   37,   19,   51,   23,   28,   23,   33,   37,   33,   33,   47,   19,   42,    5,   28,
       9,   23,    9,   19,   -9,   -9,   -5,    9,  -19,    9,    9,    9,    9,   -9,   -9,   -9,
      -5,   -9,   -5,   -9,   -9,   -9,   -9,    9,   -9,   -9,    9,   14,    9,   14,   14,   14,
      -9,   -9,   -5,  -28,   -9,  -23,  -23,  -23,  -14,  -28,   -5,  -14,   -9,   -9,   -9,  -14,
       9,   -5,   -5,    9,   14,   14,  -19,   -5,   -5,  -19,   -5,  -19,  -14,  -14,  -23,  -14,
     -26,  -14,   -9,   -5,  -14,  -14,   -5,  -14,  -14,   -5,  -14,  -14,  -14,   -5,   -5,   -5,
      -9,   -9,  -23,   -9,   -9,   -9,   -9,  -14,  -23,  -14,  -14,   -9,  -14,  -14,  -37,  -33,
     -28,   -9,  -28,  -37,  -33,   -9,   -9,   -9,  -14,  -23,   -9,  -28,  -19,  -42,  -19,  -33,
      -9,   -9,   -9,   -9,  -14,  -14,   -9,   -9,   -9,   -9,  -14,   -9,   -9,   -9,   -9,   -9,
      -5,   -9,  -14,   -9,   -9,   -9,  -19,  -47,  -47,   -9,  -28,  -28,  -28,  -19,  -61,   -9,
     -47,   -9,  -19,  -14,  -19,  -42,  -42,  -56,  -56,  -37,  -23,  -42,  -42,   -9,  -14,  -14,
     -14,   -5,  -37,   -9,   -9,  -28,  -14,  -14,  -14,   14,  -33,  -33,  -14,  -28,  -33,  -33,
     -33,  -33,  -33,  -14,   -9,   -9,   -9,   -9,    9,   -9,   -9,   -9,   -9,  -14,  -23,   -9,
      -9,  -19,   -9,  -14,   -9,  -33,  -65,  -33,  -47,   -9,  -14,  -19,  -19,  -23,    5,   23,
      23,
};

static const EpdLigaturePair notoserif_14_regularLigaturePairs[] = {
    { 0x00660066, 0xFB00 }, // f f -> U+FB00
    { 0x00660069, 0xFB01 }, // f i -> U+FB01
    { 0x0066006C, 0xFB02 }, // f l -> U+FB02
    { 0xFB000069, 0xFB03 }, // U+FB00 i -> U+FB03
    { 0xFB00006C, 0xFB04 }, // U+FB00 l -> U+FB04
};

static const EpdFontData notoserif_14_regular = {
    notoserif_14_regularBitmaps,
    notoserif_14_regularGlyphs,
    notoserif_14_regularIntervals,
    18,
    40,
    32,
    -9,
    true,
    notoserif_14_regularGroups,
    13,
    nullptr,
    nullptr,  // kernLeftClasses: built-in fonts use the split arrays below
    nullptr,  // kernRightClasses
    notoserif_14_regularKernLeftCodepoints,
    notoserif_14_regularKernLeftClassIds,
    notoserif_14_regularKernRightCodepoints,
    notoserif_14_regularKernRightClassIds,
    nullptr,  // kernMatrix: built-in fonts use the sparse form below
    notoserif_14_regularKernRowOffsets,
    notoserif_14_regularKernSparseCols,
    notoserif_14_regularKernSparseValues,
    381,
    448,
    70,
    65,
    notoserif_14_regularLigaturePairs,
    5,
};
