/**
 * generated by fontconvert.py
 * name: notosansui_10_bold
 * size: 10
 * mode: 1-bit
 * Command used: fontconvert.py notosansui_10_bold 10 ../builtinFonts/source/NotoSans/NotoSans-Bold.ttf ../builtinFonts/source/NotoSansHebrew/NotoSansHebrew-Bold.ttf --additional-intervals 0x05D0,0x05EA --force-autohint
 */
#pragma once
#include "EpdFontData.h"

static const uint8_t notosansui_10_boldBitmaps[24197] = {
    0xFF, 0xFF, 0xFF, 0xFF, 0xFF, 0x00, 0xEF, 0xE0, 0xFF, 0xFF, 0xE7, 0xE7, 0xE7, 0x0E, 0xE0, 0x77,
    0x03, 0xB8, 0x1D, 0xC7, 0xFF, 0xBF, 0xFD, 0xFF, 0xE3, 0xB8, 0xFF, 0xF7, 0xFF, 0xBF, 0xFC, 0x77,
    0x03, 0xB8, 0x1D, 0xC0, 0xEE, 0x00, 0x0C, 0x03, 0xE1, 0xFF, 0x7F, 0xEF, 0xD9, 0xF8, 0x3F, 0x03,
    0xF8, 0x3F, 0x81, 0xF8, 0x3F, 0xC6, 0xFF, 0xFD, 0xFF, 0xBF, 0xE0, 0x60, 0x0C, 0x00, 0x7C, 0x1C,
    0x3F, 0x87, 0x0F, 0xE3, 0x83, 0xB9, 0xE0, 0xEE, 0x70, 0x3B, 0xBC, 0x0E, 0xEE, 0xF3, 0xFF, 0x7E,
    0x7D, 0xDF, 0x8E, 0xE6, 0x60, 0x7B, 0x9C, 0x1C, 0x7E, 0x0F, 0x1F, 0x83, 0x87, 0xE1, 0xE0, 0xF0,
    0x3F, 0x80, 0xFF, 0x81, 0xFF, 0x03, 0xDE, 0x07, 0xBC, 0x0F, 0xF8, 0x0F, 0xE0, 0x3F, 0x8F, 0xFF,
    0xBD, 0xEF, 0xFB, 0xCF, 0xE7, 0x8F, 0xCF, 0xFF, 0x8F, 0xFF, 0x8F, 0xEF, 0x80, 0xFF, 0xEE, 0xE0,
    0x1C, 0x79, 0xE3, 0xCF, 0x1E, 0x3C, 0x78, 0xF1, 0xE3, 0xC7, 0x8F, 0x1E, 0x3C, 0x3C, 0x78, 0x78,
    0x70, 0xF0, 0xE1, 0xE1, 0xC3, 0xC7, 0x8F, 0x1E, 0x1E, 0x3C, 0x78, 0xE3, 0xC7, 0x8F, 0x1C, 0x78,
    0xE3, 0xC0, 0x0E, 0x01, 0xC0, 0x38, 0x3F, 0xFF, 0xFF, 0xFF, 0xC7, 0xC1, 0xFC, 0x3B, 0xC7, 0x70,
    0x00, 0x00, 0x0E, 0x03, 0x80, 0xE3, 0xFF, 0xFF, 0xFF, 0xF0, 0xE0, 0x38, 0x0E, 0x03, 0x80, 0x7B,
    0xDC, 0xEE, 0x00, 0xFF, 0xFE, 0xEF, 0xE0, 0x07, 0x83, 0x83, 0xC1, 0xE0, 0xE0, 0xF0, 0x78, 0x38,
    0x3C, 0x1C, 0x1E, 0x0F, 0x07, 0x07, 0x83, 0xC0, 0x3F, 0x0F, 0xF3, 0xFF, 0x79, 0xEF, 0x3D, 0xE3,
    0xBC, 0x7F, 0x8F, 0xF1, 0xFE, 0x3B, 0xCF, 0x79, 0xE7, 0xFC, 0xFF, 0x0F, 0xC0, 0x0F, 0x8F, 0xCF,
    0xEF, 0xF7, 0x79, 0x3C, 0x1E, 0x0F, 0x07, 0x83, 0xC1, 0xE0, 0xF0, 0x78, 0x3C, 0x1E, 0x1F, 0x8F,
    0xFD, 0xFF, 0x98, 0xF0, 0x1E, 0x03, 0xC0, 0x78, 0x1E, 0x07, 0xC1, 0xF0, 0x7C, 0x1E, 0x07, 0xFE,
    0xFF, 0xDF, 0xF8, 0x7F, 0x9F, 0xFB, 0xFF, 0x20, 0xF0, 0x3C, 0x7F, 0x8F, 0xC1, 0xFE, 0x07, 0xC0,
    0x38, 0x07, 0xC1, 0xEF, 0xFD, 0xFF, 0x3F, 0xC0, 0x07, 0xC0, 0xF8, 0x3F, 0x07, 0xE1, 0xFC, 0x77,
    0x8E, 0xF3, 0x9E, 0xF3, 0xDF, 0xFF, 0xFF, 0xFF, 0xF0, 0x3C, 0x07, 0x80, 0xF0, 0xFF, 0xDF, 0xFB,
    0xFE, 0x78, 0x0F, 0x01, 0xFE, 0x3F, 0xF7, 0xFE, 0x03, 0xC0, 0x3C, 0x07, 0xC1, 0xEF, 0xFD, 0xFF,
    0x3F, 0xC0, 0x1F, 0x87, 0xF1, 0xFE, 0x3C, 0x0F, 0x01, 0xFF, 0x3F, 0xF7, 0xFE, 0xF3, 0xDE, 0x3F,
    0xC7, 0xF9, 0xEF, 0xFC, 0xFF, 0x0F, 0xC0, 0xFF, 0xFF, 0xFF, 0xFF, 0x80, 0xF0, 0x3C, 0x07, 0x81,
    0xE0, 0x3C, 0x0F, 0x01, 0xE0, 0x7C, 0x0F, 0x01, 0xE0, 0x78, 0x0F, 0x00, 0x7F, 0xBF, 0xFF, 0xFF,
    0xCF, 0xF3, 0xFF, 0xF7, 0xF8, 0xFC, 0x7F, 0xBC, 0xFF, 0x3F, 0xCF, 0xFF, 0xFF, 0xF7, 0xF0, 0x3F,
    0x87, 0xFC, 0xFF, 0xEF, 0x1E, 0xF0, 0xEF, 0x0F, 0xFB, 0xFF, 0xFF, 0x7F, 0xE3, 0xDE, 0x01, 0xE0,
    0x3E, 0x7F, 0xC7, 0xF8, 0x7F, 0x00, 0xEF, 0xFE, 0x00, 0x00, 0x0E, 0xFE, 0x73, 0xDE, 0xE0, 0x00,
    0x00, 0x00, 0x1C, 0xE7, 0x73, 0x80, 0x00, 0x40, 0x70, 0x7C, 0x3F, 0x3F, 0x3F, 0x0F, 0x03, 0xF8,
    0x3F, 0x83, 0xF0, 0x3C, 0x03, 0xFF, 0xFF, 0xFF, 0xFC, 0x00, 0xFF, 0xFF, 0xFF, 0xFC, 0x80, 0x38,
    0x0F, 0x83, 0xF0, 0x3F, 0x03, 0xF0, 0x3C, 0x7F, 0x7F, 0x3F, 0x0F, 0x03, 0x00, 0x7F, 0x9F, 0xF9,
    0xFF, 0x30, 0xF0, 0x1E, 0x07, 0x81, 0xF0, 0x78, 0x0E, 0x03, 0x80, 0x30, 0x00, 0x01, 0xC0, 0x3C,
    0x07, 0x00, 0x07, 0xF8, 0x0F, 0xFF, 0x0F, 0xFF, 0xCF, 0xFF, 0xE7, 0x7F, 0xFF, 0x7F, 0xDF, 0xB8,
    0xEF, 0xDC, 0x77, 0xEE, 0x3B, 0xF7, 0x3D, 0xFB, 0xFF, 0xFD, 0xFF, 0xEF, 0x7D, 0xE3, 0xC0, 0x01,
    0xFF, 0xE0, 0x7F, 0xF0, 0x0F, 0xF8, 0x00, 0x07, 0xC0, 0x1F, 0x80, 0x3F, 0x00, 0x7F, 0x01, 0xFE,
    0x03, 0xDC, 0x07, 0x3C, 0x1E, 0x78, 0x3F, 0xF8, 0x7F, 0xF1, 0xFF, 0xE3, 0xC1, 0xEF, 0x83, 0xDE,
    0x07, 0xBC, 0x0F, 0x80, 0xFF, 0xDF, 0xFF, 0xFF, 0xF8, 0xFF, 0x1F, 0xE7, 0xFF, 0xF7, 0xFE, 0xFF,
    0xFE, 0x3F, 0xC7, 0xF8, 0xFF, 0xFF, 0xFF, 0xBF, 0xE0, 0x1F, 0xE3, 0xFF, 0x7F, 0xEF, 0x82, 0xF0,
    0x0F, 0x00, 0xF0, 0x0F, 0x00, 0xF0, 0x0F, 0x00, 0xF0, 0x0F, 0x82, 0x7F, 0xE3, 0xFE, 0x1F, 0xE0,
    0xFF, 0x87, 0xFE, 0x3F, 0xF9, 0xE3, 0xEF, 0x0F, 0x78, 0x7B, 0xC1, 0xFE, 0x0F, 0xF0, 0x7F, 0x87,
    0xBC, 0x3D, 0xE3, 0xEF, 0xFE, 0x7F, 0xE3, 0xFE, 0x00, 0xFF, 0xFF, 0xFF, 0xFE, 0x0F, 0x07, 0xFB,
    0xFD, 0xFE, 0xF0, 0x78, 0x3C, 0x1E, 0x0F, 0xFF, 0xFF, 0xFE, 0xFF, 0xFF, 0xFF, 0xFE, 0x0F, 0x07,
    0x83, 0xFD, 0xFE, 0xFF, 0x78, 0x3C, 0x1E, 0x0F, 0x07, 0x83, 0xC0, 0x0F, 0xF1, 0xFF, 0x9F, 0xFC,
    0xF0, 0x0F, 0x00, 0x78, 0x03, 0xCF, 0xFE, 0x7F, 0xF3, 0xFF, 0x83, 0xFC, 0x1F, 0xF0, 0xF7, 0xFF,
    0x9F, 0xFC, 0x7F, 0xC0, 0xF0, 0x7F, 0x83, 0xFC, 0x1F, 0xE0, 0xFF, 0x07, 0xFF, 0xFF, 0xFF, 0xFF,
    0xFF, 0xF0, 0x7F, 0x83, 0xFC, 0x1F, 0xE0, 0xFF, 0x07, 0xF8, 0x3F, 0xC1, 0xE0, 0xFF, 0xFD, 0xF3,
    0xC7, 0x8F, 0x1E, 0x3C, 0x78, 0xF1, 0xE3, 0xC7, 0xDF, 0xFF, 0x80, 0x0F, 0x0F, 0x0F, 0x0F, 0x0F,
    0x0F, 0x0F, 0x0F, 0x0F, 0x0F, 0x0F, 0x0F, 0x0F, 0x0F, 0x0F, 0x0F, 0x1E, 0xFE, 0xFE, 0xF8, 0xF0,
    0xF7, 0x8F, 0x3C, 0xF1, 0xEF, 0x8F, 0xF8, 0x7F, 0x83, 0xF8, 0x1F, 0xE0, 0xFF, 0x07, 0xBC, 0x3D,
    0xF1, 0xE7, 0x8F, 0x3E, 0x78, 0xF3, 0xC3, 0xC0, 0xF0, 0x78, 0x3C, 0x1E, 0x0F, 0x07, 0x83, 0xC1,
    0xE0, 0xF0, 0x78, 0x3C, 0x1E, 0x0F, 0xFF, 0xFF, 0xFE, 0xF8, 0x1F, 0xF8, 0x1F, 0xFC, 0x3F, 0xFC,
    0x3F, 0xFC, 0x3F, 0xFE, 0x7F, 0xFE, 0x7F, 0xFE, 0x7F, 0xFE, 0x7F, 0xF7, 0xEF, 0xF7, 0xEF, 0xF7,
    0xEF, 0xF7, 0xCF, 0xF3, 0xCF, 0xF3, 0xCF, 0xF8, 0x3F, 0xE0, 0xFF, 0xC3, 0xFF, 0x0F, 0xFE, 0x3F,
    0xFC, 0xFF, 0xF3, 0xFD, 0xEF, 0xF7, 0xBF, 0xCF, 0xFF, 0x3F, 0xFC, 0x7F, 0xF1, 0xFF, 0xC3, 0xFF,
    0x0F, 0xC0, 0x1F, 0xE0, 0xFF, 0xC7, 0xFF, 0xBE, 0x1F, 0xF0, 0x3F, 0xC0, 0xFF, 0x03, 0xFC, 0x0F,
    0xF0, 0x3F, 0xC0, 0xFF, 0x03, 0xFE, 0x1F, 0x7F, 0xF8, 0xFF, 0xC1, 0xFE, 0x00, 0xFF, 0x1F, 0xFB,
    0xFF, 0x79, 0xEF, 0x1F, 0xE7, 0xBD, 0xF7, 0xFE, 0xFF, 0x9F, 0xC3, 0xC0, 0x78, 0x0F, 0x01, 0xE0,
    0x3C, 0x00, 0x1F, 0xE0, 0xFF, 0xC7, 0xFF, 0xBE, 0x1F, 0xF0, 0x3F, 0xC0, 0xFF, 0x03, 0xFC, 0x0F,
    0xF0, 0x3F, 0xC0, 0xFF, 0x03, 0xFE, 0x1F, 0x7F, 0xF8, 0xFF, 0xC1, 0xFE, 0x00, 0x7C, 0x00, 0xF8,
    0x01, 0xF0, 0x03, 0xC0, 0xFF, 0x8F, 0xFC, 0xFF, 0xCF, 0x3E, 0xF1, 0xEF, 0x3C, 0xFF, 0xCF, 0xF8,
    0xFF, 0x0F, 0x78, 0xF7, 0x8F, 0x3C, 0xF3, 0xEF, 0x1E, 0xF1, 0xF0, 0x3F, 0xDF, 0xFF, 0xFF, 0xC2,
    0xF0, 0x3E, 0x0F, 0xE1, 0xFE, 0x1F, 0xC1, 0xF0, 0x3F, 0x0F, 0xFF, 0xFF, 0xEF, 0xF0, 0xFF, 0xFF,
    0xFF, 0xFF, 0x87, 0x80, 0xF0, 0x1E, 0x03, 0xC0, 0x78, 0x0F, 0x01, 0xE0, 0x3C, 0x07, 0x80, 0xF0,
    0x1E, 0x03, 0xC0, 0xF0, 0x7F, 0x83, 0xFC, 0x1F, 0xE0, 0xFF, 0x07, 0xF8, 0x3F, 0xC1, 0xFE, 0x0F,
    0xF0, 0x7F, 0x83, 0xFC, 0x3F, 0xF1, 0xEF, 0xFF, 0x3F, 0xF0, 0xFF, 0x00, 0xF0, 0x3F, 0xC1, 0xEF,
    0x07, 0x9E, 0x1E, 0x78, 0x71, 0xE3, 0xC3, 0xCF, 0x0F, 0x38, 0x3D, 0xE0, 0x7F, 0x81, 0xFC, 0x07,
    0xF0, 0x0F, 0xC0, 0x3E, 0x00, 0xF8, 0x00, 0xF0, 0xF0, 0x77, 0x87, 0x87, 0xBC, 0x3E, 0x3C, 0xE3,
    0xF1, 0xE7, 0x9F, 0x8E, 0x3C, 0xFC, 0xF1, 0xE7, 0xF7, 0x87, 0x7F, 0xBC, 0x3B, 0x9D, 0xC1, 0xFC,
    0xFE, 0x0F, 0xE7, 0xF0, 0x3F, 0x3F, 0x81, 0xF0, 0xF8, 0x0F, 0x87, 0xC0, 0x7C, 0x3E, 0x00, 0xF8,
    0x7D, 0xE1, 0xE3, 0xCF, 0x0F, 0x7C, 0x1F, 0xE0, 0x7F, 0x00, 0xFC, 0x03, 0xE0, 0x0F, 0xC0, 0x7F,
    0x81, 0xFE, 0x0F, 0x3C, 0x7C, 0xF9, 0xE1, 0xEF, 0x07, 0xC0, 0xF0, 0x7B, 0xE1, 0xE7, 0x8F, 0x0F,
    0x3C, 0x3D, 0xE0, 0x7F, 0x81, 0xFC, 0x03, 0xE0, 0x0F, 0x80, 0x1E, 0x00, 0x78, 0x01, 0xE0, 0x07,
    0x80, 0x1E, 0x00, 0x78, 0x00, 0xFF, 0xFF, 0xFF, 0xFF, 0x81, 0xE0, 0x7C, 0x0F, 0x03, 0xC0, 0xF8,
    0x1E, 0x07, 0x81, 0xF0, 0x3C, 0x0F, 0xFF, 0xFF, 0xFF, 0xF8, 0xFF, 0xFF, 0xEF, 0x7B, 0xDE, 0xF7,
    0xBD, 0xEF, 0x7B, 0xDE, 0xFF, 0xFE, 0xF0, 0x78, 0x1C, 0x0F, 0x07, 0x81, 0xC0, 0xF0, 0x38, 0x1C,
    0x0F, 0x03, 0x81, 0xE0, 0xF0, 0x38, 0x1E, 0xFF, 0xFF, 0xF8, 0xF1, 0xE3, 0xC7, 0x8F, 0x1E, 0x3C,
    0x78, 0xF1, 0xE3, 0xC7, 0x8F, 0xFF, 0xFF, 0xF8, 0x0E, 0x00, 0xF0, 0x1F, 0x01, 0xF8, 0x1F, 0x83,
    0xBC, 0x39, 0xC7, 0x1E, 0x70, 0xEE, 0x0F, 0xFF, 0xFF, 0xC0, 0x78, 0xF0, 0xF0, 0xF0, 0x3F, 0x8F,
    0xF9, 0xFF, 0x00, 0xF3, 0xFE, 0xFF, 0xFF, 0xFF, 0x8F, 0xF3, 0xFF, 0xFF, 0xFF, 0xBE, 0xF0, 0xF0,
    0x1E, 0x03, 0xC0, 0x78, 0x0F, 0xF9, 0xFF, 0xBF, 0xFF, 0x8F, 0xF1, 0xFE, 0x3F, 0xC7, 0xF8, 0xFF,
    0x1F, 0xFF, 0xFF, 0xF7, 0xFC, 0x3F, 0x9F, 0xEF, 0xFB, 0xC0, 0xF0, 0x3C, 0x0F, 0x03, 0xC0, 0xF0,
    0xBF, 0xE7, 0xF8, 0xFE, 0x01, 0xE0, 0x3C, 0x07, 0x80, 0xF3, 0xFE, 0xFF, 0xFF, 0xFF, 0x8F, 0xF1,
    0xFE, 0x3F, 0xC7, 0xF8, 0xFF, 0x1F, 0xFF, 0xDF, 0xF9, 0xF7, 0x3F, 0x87, 0xFC, 0xFF, 0xEF, 0x1E,
    0xFF, 0xFF, 0xFF, 0xFF, 0xFF, 0x00, 0xF0, 0x0F, 0xFE, 0x7F, 0xE3, 0xFC, 0x1F, 0x8F, 0xE7, 0xF9,
    0xE0, 0xFF, 0x3F, 0xCF, 0xF1, 0xE0, 0x78, 0x1E, 0x07, 0x81, 0xE0, 0x78, 0x1E, 0x07, 0x81, 0xE0,
    0x3E, 0xEF, 0xFF, 0xFF, 0xF8, 0xFF, 0x1F, 0xE3, 0xFC, 0x7F, 0x8F, 0xF1, 0xFF, 0xFD, 0xFF, 0x9F,
    0xF0, 0x1F, 0x03, 0xFF, 0xFF, 0xFE, 0xFF, 0x80, 0xF0, 0x1E, 0x03, 0xC0, 0x78, 0x0F, 0xF9, 0xFF,
    0xBF, 0xF7, 0x9F, 0xF1, 0xFE, 0x3F, 0xC7, 0xF8, 0xFF, 0x1F, 0xE3, 0xFC, 0x7F, 0x8F, 0xEF, 0xE0,
    0xFF, 0xFF, 0xFF, 0xFF, 0xFF, 0xFF, 0x1C, 0x3C, 0x70, 0x01, 0xE3, 0xC7, 0x8F, 0x1E, 0x3C, 0x78,
    0xF1, 0xE3, 0xC7, 0x8F, 0x1E, 0x7F, 0xF7, 0xEF, 0x80, 0xF0, 0x0F, 0x00, 0xF0, 0x0F, 0x00, 0xF1,
    0xEF, 0x3C, 0xF7, 0x8F, 0xF8, 0xFF, 0x0F, 0xE0, 0xFF, 0x0F, 0xF8, 0xF7, 0x8F, 0x3C, 0xF3, 0xEF,
    0x1E, 0xFF, 0xFF, 0xFF, 0xFF, 0xFF, 0xFF, 0xFF, 0xFF, 0xEF, 0x9F, 0x3F, 0xFF, 0xEF, 0xFF, 0xFB,
    0xCF, 0x9F, 0xF1, 0xE3, 0xFC, 0x78, 0xFF, 0x1E, 0x3F, 0xC7, 0x8F, 0xF1, 0xE3, 0xFC, 0x78, 0xFF,
    0x1E, 0x3F, 0xC7, 0x8F, 0xEF, 0x9F, 0xFB, 0xFF, 0x79, 0xFF, 0x1F, 0xE3, 0xFC, 0x7F, 0x8F, 0xF1,
    0xFE, 0x3F, 0xC7, 0xF8, 0xF0, 0x3F, 0x8F, 0xFB, 0xFF, 0xF8, 0xFF, 0x1F, 0xE3, 0xFC, 0x7F, 0x8F,
    0xF1, 0xFF, 0xFD, 0xFF, 0x1F, 0xC0, 0xEF, 0x9F, 0xFB, 0xFF, 0xF8, 0xFF, 0x1F, 0xE3, 0xFC, 0x7F,
    0x8F, 0xF1, 0xFF, 0xFF, 0xFF, 0x7F, 0xCF, 0x01, 0xE0, 0x3C, 0x07, 0x80, 0xF0, 0x00, 0x3E, 0xEF,
    0xFF, 0xFF, 0xF8, 0xFF, 0x1F, 0xE3, 0xFC, 0x7F, 0x8F, 0xF1, 0xFF, 0xFD, 0xFF, 0x9F, 0xF0, 0x1E,
    0x03, 0xC0, 0x78, 0x0F, 0x01, 0xE0, 0xEF, 0xFF, 0xFF, 0xF0, 0xF0, 0xF0, 0xF0, 0xF0, 0xF0, 0xF0,
    0xF0, 0xF0, 0x7F, 0xFF, 0xFF, 0xFE, 0x0F, 0xC7, 0xF8, 0xFE, 0x1F, 0x87, 0xFF, 0xFF, 0xFF, 0xE0,
    0x18, 0x38, 0x38, 0xFF, 0xFF, 0xFF, 0x78, 0x78, 0x78, 0x78, 0x78, 0x78, 0x3F, 0x3F, 0x1F, 0xF1,
    0xFE, 0x3F, 0xC7, 0xF8, 0xFF, 0x1F, 0xE3, 0xFC, 0x7F, 0x9F, 0xF3, 0xFF, 0xFF, 0xFF, 0xBE, 0xF0,
    0xF0, 0xFF, 0x0F, 0x71, 0xE7, 0x9E, 0x79, 0xE3, 0x9C, 0x3F, 0xC3, 0xFC, 0x1F, 0x81, 0xF8, 0x1F,
    0x00, 0xF0, 0xF1, 0xF1, 0xCF, 0x3E, 0x79, 0xE7, 0xCF, 0x3C, 0xF9, 0xE3, 0xBB, 0xB8, 0x7F, 0x7F,
    0x0F, 0xEF, 0xE1, 0xFD, 0xF8, 0x1F, 0x3F, 0x03, 0xE3, 0xE0, 0x7C, 0x7C, 0x0F, 0x8F, 0x00, 0xF8,
    0xF7, 0x9E, 0x7F, 0xE3, 0xFC, 0x1F, 0x81, 0xF8, 0x1F, 0x81, 0xFC, 0x3F, 0xC7, 0x9E, 0x79, 0xEF,
    0x0F, 0xF0, 0xF7, 0x87, 0x9E, 0x3C, 0xF3, 0xC3, 0x9E, 0x1E, 0xF0, 0xF7, 0x03, 0xF8, 0x1F, 0x80,
    0x7C, 0x03, 0xE0, 0x1E, 0x00, 0xF0, 0x0F, 0x81, 0xF8, 0x0F, 0xC0, 0x7C, 0x00, 0xFF, 0xFF, 0xFF,
    0xE1, 0xE1, 0xF0, 0xF0, 0xF0, 0xF8, 0x78, 0x7F, 0xFF, 0xFF, 0xF0, 0x0F, 0x1F, 0x1F, 0x1E, 0x1E,
    0x1E, 0x1E, 0x3E, 0xFC, 0xF8, 0xFC, 0x3C, 0x1E, 0x1E, 0x1E, 0x1E, 0x1F, 0x1F, 0x0F, 0xFF, 0xFF,
    0xFF, 0xFF, 0xFF, 0xFF, 0xFF, 0xFE, 0xF0, 0xF8, 0xFC, 0x3C, 0x3C, 0x3C, 0x3C, 0x3C, 0x3F, 0x1F,
    0x3F, 0x3E, 0x3C, 0x3C, 0x3C, 0x3C, 0xFC, 0xF8, 0xF8, 0x78, 0x7F, 0xFF, 0xFF, 0x7F, 0x00, 0x00,
    0xEF, 0xFE, 0x00, 0xFF, 0xFF, 0xFF, 0xFF, 0xFF, 0x0C, 0x07, 0xC7, 0xFD, 0xFE, 0xF9, 0xBC, 0x0F,
    0x03, 0xC0, 0xF0, 0x3C, 0x0F, 0xF9, 0xFE, 0x3F, 0x83, 0x00, 0xC0, 0x1F, 0xE7, 0xFC, 0xFF, 0x3C,
    0x07, 0x81, 0xFF, 0x3F, 0xE7, 0xFC, 0x78, 0x0F, 0x01, 0xE0, 0x3C, 0x0F, 0xFF, 0xFF, 0xFF, 0xF8,
    0x40, 0xBF, 0xFF, 0xFD, 0xFE, 0x73, 0x9C, 0x67, 0x39, 0xFE, 0xFF, 0xFF, 0xF4, 0x08, 0xF0, 0xFF,
    0x1E, 0x71, 0xE7, 0x9C, 0x3B, 0xC3, 0xF8, 0x1F, 0x03, 0xFC, 0x3F, 0xC1, 0xE0, 0x3F, 0xC3, 0xFC,
    0x3F, 0xC1, 0xE0, 0x1E, 0x00, 0xFF, 0xFF, 0xFF, 0x00, 0x0F, 0xFF, 0xFF, 0xFE, 0x7F, 0xFF, 0xFF,
    0xE0, 0xF8, 0xFE, 0xFF, 0xE7, 0xE7, 0xFF, 0x7E, 0x0F, 0x87, 0xFF, 0xFF, 0xFE, 0xEF, 0xFF, 0xB8,
    0x07, 0xF0, 0x1F, 0xF8, 0x38, 0x0C, 0x33, 0xE6, 0x67, 0xF7, 0x6F, 0x23, 0x6E, 0x03, 0xCC, 0x03,
    0xCC, 0x03, 0x4E, 0x03, 0x6E, 0x23, 0x67, 0xE3, 0x33, 0xE6, 0x38, 0x0E, 0x1E, 0x3C, 0x0F, 0xF0,
    0x00, 0x80, 0xFD, 0xF8, 0x77, 0xEF, 0xDF, 0xBF, 0x32, 0x18, 0xC3, 0xDE, 0x7B, 0xE7, 0xBC, 0xF7,
    0x8F, 0x78, 0x7B, 0xC7, 0xBE, 0x3D, 0xE1, 0x8C, 0xFF, 0xDF, 0xFF, 0xFF, 0x80, 0x70, 0x0E, 0x01,
    0xC0, 0x38, 0xFF, 0xFE, 0x07, 0xF0, 0x1F, 0xF8, 0x38, 0x0C, 0x30, 0x06, 0x67, 0xE7, 0x67, 0xF3,
    0x66, 0x33, 0xC6, 0x73, 0xC7, 0xE3, 0x47, 0xE3, 0x66, 0x73, 0x66, 0x73, 0x36, 0x3E, 0x38, 0x0E,
    0x1E, 0x3C, 0x0F, 0xF0, 0x00, 0x80, 0xFF, 0xFF, 0xFF, 0xFF, 0x80, 0x38, 0xFB, 0xFF, 0x7C, 0x7F,
    0xFF, 0xBE, 0x0E, 0x03, 0x80, 0xE3, 0xFF, 0xFF, 0xFF, 0xF0, 0xE0, 0x38, 0x0E, 0x03, 0x8F, 0xFF,
    0xFF, 0xFF, 0xC0, 0x00, 0x7E, 0x7F, 0x7F, 0x0F, 0x1E, 0x3C, 0x78, 0x7F, 0x7F, 0x7E, 0xFF, 0x7F,
    0x3E, 0x3E, 0x0F, 0xEF, 0xFF, 0xFE, 0x1E, 0x79, 0xE3, 0x80, 0xF1, 0xFE, 0x3F, 0xC7, 0xF8, 0xFF,
    0x1F, 0xE3, 0xFC, 0x7F, 0x9F, 0xF3, 0xFF, 0xFF, 0xFF, 0xFF, 0xFF, 0x01, 0xE0, 0x3C, 0x07, 0x80,
    0xF0, 0x00, 0x3F, 0xEF, 0xFD, 0xFF, 0xFF, 0xBF, 0xF7, 0xFE, 0xFF, 0xDF, 0xFB, 0x7F, 0x6F, 0xEC,
    0xFD, 0x85, 0xB0, 0x36, 0x06, 0xC0, 0xD8, 0x1B, 0x03, 0x60, 0x6C, 0x0D, 0x81, 0xB0, 0xEF, 0xFE,
    0x71, 0xE1, 0xFE, 0xF8, 0x3D, 0xFF, 0xD7, 0x1C, 0x71, 0xC7, 0x1C, 0x7D, 0xFF, 0xBE, 0x3E, 0xFF,
    0xDF, 0x1C, 0x31, 0x87, 0xBC, 0x7D, 0xE3, 0xDE, 0x1E, 0xF1, 0xEF, 0x3D, 0xE7, 0xDE, 0x7B, 0xC3,
    0x18, 0x3C, 0x1C, 0x3E, 0x1E, 0x3F, 0x0E, 0x0B, 0x8F, 0x01, 0xC7, 0x00, 0xE7, 0x00, 0x77, 0x9C,
    0x3B, 0x9E, 0x1F, 0xDF, 0x01, 0xCF, 0x81, 0xCF, 0xC0, 0xEE, 0xE0, 0xE7, 0xF8, 0x73, 0xFC, 0x70,
    0x1C, 0x3C, 0x1C, 0x1F, 0x0F, 0x0F, 0xC3, 0x81, 0x71, 0xC0, 0x1C, 0x70, 0x07, 0x38, 0x01, 0xCF,
    0xF8, 0x77, 0x7E, 0x1F, 0xDB, 0x80, 0xE0, 0xE0, 0x70, 0x70, 0x1C, 0x3C, 0x0E, 0x1F, 0xC3, 0x87,
    0xF1, 0xC1, 0xFC, 0x78, 0x3C, 0xFC, 0x38, 0xDC, 0x78, 0x1C, 0x70, 0x7C, 0xF0, 0x7C, 0xE0, 0x1D,
    0xE0, 0x9F, 0xCE, 0xFF, 0xDE, 0xFF, 0xBE, 0x07, 0xBE, 0x07, 0x7E, 0x0F, 0xEE, 0x0E, 0xFF, 0x1C,
    0xFF, 0x1C, 0x0E, 0x0E, 0x07, 0x81, 0xE0, 0x38, 0x00, 0x03, 0x00, 0xE0, 0x70, 0x3C, 0x1F, 0x0F,
    0x83, 0xC0, 0xF0, 0x3C, 0xEF, 0xF9, 0xFF, 0x3F, 0x00, 0x0F, 0x00, 0x0F, 0x00, 0x0F, 0x00, 0x0E,
    0x00, 0x00, 0x00, 0xF8, 0x03, 0xF0, 0x07, 0xE0, 0x0F, 0xE0, 0x3F, 0xC0, 0x7B, 0x80, 0xE7, 0x83,
    0xCF, 0x07, 0xFF, 0x0F, 0xFE, 0x3F, 0xFC, 0x78, 0x3D, 0xF0, 0x7B, 0xC0, 0xF7, 0x81, 0xF0, 0x01,
    0xF0, 0x07, 0xC0, 0x0E, 0x00, 0x38, 0x00, 0x00, 0x00, 0xF8, 0x03, 0xF0, 0x07, 0xE0, 0x0F, 0xE0,
    0x3F, 0xC0, 0x7B, 0x80, 0xE7, 0x83, 0xCF, 0x07, 0xFF, 0x0F, 0xFE, 0x3F, 0xFC, 0x78, 0x3D, 0xF0,
    0x7B, 0xC0, 0xF7, 0x81, 0xF0, 0x07, 0xC0, 0x1F, 0x80, 0x7F, 0x80, 0xE3, 0x80, 0x00, 0x00, 0xF8,
    0x03, 0xF0, 0x07, 0xE0, 0x0F, 0xE0, 0x3F, 0xC0, 0x7B, 0x80, 0xE7, 0x83, 0xCF, 0x07, 0xFF, 0x0F,
    0xFE, 0x3F, 0xFC, 0x78, 0x3D, 0xF0, 0x7B, 0xC0, 0xF7, 0x81, 0xF0, 0x0F, 0x70, 0x3F, 0xE0, 0x7F,
    0x80, 0xCE, 0x00, 0x00, 0x00, 0xF8, 0x03, 0xF0, 0x07, 0xE0, 0x0F, 0xE0, 0x3F, 0xC0, 0x7B, 0x80,
    0xE7, 0x83, 0xCF, 0x07, 0xFF, 0x0F, 0xFE, 0x3F, 0xFC, 0x78, 0x3D, 0xF0, 0x7B, 0xC0, 0xF7, 0x81,
    0xF0, 0x0E, 0xE0, 0x1F, 0xC0, 0x3B, 0x80, 0x00, 0x00, 0x00, 0x00, 0xF8, 0x01, 0xF0, 0x03, 0xE0,
    0x0F, 0xE0, 0x1D, 0xC0, 0x3B, 0x80, 0xF7, 0x81, 0xEF, 0x07, 0xFF, 0x0F, 0xFE, 0x1F, 0xFC, 0x78,
    0x3C, 0xF0, 0x79, 0xE0, 0xF7, 0x80, 0xF0, 0x07, 0x80, 0x0F, 0x80, 0x1B, 0x00, 0x36, 0x00, 0x7C,
    0x00, 0xF8, 0x03, 0xF8, 0x07, 0xF0, 0x0E, 0xE0, 0x3D, 0xE0, 0x7B, 0xC0, 0xF3, 0x83, 0xFF, 0x87,
    0xFF, 0x0F, 0xFE, 0x3C, 0x1E, 0x78, 0x3C, 0xF0, 0x7F, 0xC0, 0x78, 0x03, 0xFF, 0xE0, 0x7F, 0xFC,
    0x1F, 0xFF, 0x83, 0xDE, 0x00, 0x73, 0xC0, 0x1E, 0x7F, 0xC3, 0x8F, 0xF8, 0xF1, 0xFF, 0x1F, 0xFC,
    0x07, 0xFF, 0x80, 0xFF, 0xF0, 0x3C, 0x1E, 0x07, 0x83, 0xFE, 0xE0, 0x7F, 0xFC, 0x0F, 0xF8, 0x1F,
    0xE3, 0xFF, 0x7F, 0xEF, 0x82, 0xF0, 0x0F, 0x00, 0xF0, 0x0F, 0x00, 0xF0, 0x0F, 0x00, 0xF0, 0x0F,
    0x82, 0x7F, 0xE3, 0xFE, 0x1F, 0xE0, 0x70, 0x07, 0x80, 0x38, 0x0F, 0x80, 0xF8, 0xF8, 0x3E, 0x07,
    0x01, 0xC0, 0x07, 0xFF, 0xFF, 0xFF, 0xF0, 0x78, 0x3F, 0xDF, 0xEF, 0xF7, 0x83, 0xC1, 0xE0, 0xF0,
    0x7F, 0xFF, 0xFF, 0xF0, 0x0F, 0x0F, 0x0F, 0x07, 0x00, 0x07, 0xFF, 0xFF, 0xFF, 0xF0, 0x78, 0x3F,
    0xDF, 0xEF, 0xF7, 0x83, 0xC1, 0xE0, 0xF0, 0x7F, 0xFF, 0xFF, 0xF0, 0x3E, 0x3F, 0x3D, 0xDC, 0x70,
    0x07, 0xFF, 0xFF, 0xFF, 0xF0, 0x78, 0x3F, 0xDF, 0xEF, 0xF7, 0x83, 0xC1, 0xE0, 0xF0, 0x7F, 0xFF,
    0xFF, 0xF0, 0x77, 0x7B, 0xDD, 0xC0, 0x00, 0x07, 0xFF, 0xFF, 0xFF, 0xF0, 0x78, 0x3F, 0xDF, 0xFF,
    0xFF, 0x83, 0xC1, 0xE0, 0xF0, 0x7F, 0xFF, 0xFF, 0xF0, 0xF8, 0x7C, 0x1C, 0x0E, 0x00, 0x7F, 0x7F,
    0x3E, 0x3C, 0x3C, 0x3C, 0x3C, 0x3C, 0x3C, 0x3C, 0x3C, 0x3C, 0x3E, 0x7F, 0x7F, 0x1F, 0x3C, 0x78,
    0x70, 0x00, 0xFE, 0xFE, 0x7C, 0x78, 0x78, 0x78, 0x78, 0x78, 0x78, 0x78, 0x78, 0x78, 0x7C, 0xFE,
    0xFE, 0x3E, 0x3F, 0xBD, 0xFC, 0x70, 0x03, 0xF9, 0xFC, 0x7C, 0x3C, 0x1E, 0x0F, 0x07, 0x83, 0xC1,
    0xE0, 0xF0, 0x78, 0x3C, 0x1F, 0x1F, 0xCF, 0xE0, 0xEF, 0xFF, 0xB8, 0x00, 0x1F, 0xFF, 0xBE, 0x3C,
    0x78, 0xF1, 0xE3, 0xC7, 0x8F, 0x1E, 0x3C, 0xFB, 0xFF, 0xF0, 0x7F, 0xC1, 0xFF, 0xC7, 0xFF, 0x9E,
    0x1F, 0x78, 0x3D, 0xE0, 0xFF, 0xE3, 0xFF, 0x8F, 0xFE, 0x3D, 0xE0, 0xF7, 0x83, 0xDE, 0x1E, 0x7F,
    0xF9, 0xFF, 0xC7, 0xFC, 0x00, 0x0F, 0xE0, 0x7F, 0x81, 0xFC, 0x06, 0x60, 0x00, 0x03, 0xE0, 0xFF,
    0x83, 0xFF, 0x0F, 0xFC, 0x3F, 0xF8, 0xFF, 0xF3, 0xFF, 0xCF, 0xF7, 0xBF, 0xDE, 0xFF, 0x3F, 0xFC,
    0xFF, 0xF1, 0xFF, 0xC7, 0xFF, 0x0F, 0xFC, 0x3F, 0x0F, 0x00, 0x3C, 0x00, 0x78, 0x00, 0xF0, 0x00,
    0x00, 0x00, 0x01, 0xFE, 0x0F, 0xFC, 0x7F, 0xFB, 0xE1, 0xFF, 0x03, 0xFC, 0x0F, 0xF0, 0x3F, 0xC0,
    0xFF, 0x03, 0xFC, 0x0F, 0xF0, 0x3F, 0xE1, 0xF7, 0xFF, 0x8F, 0xFC, 0x1F, 0xE0, 0x01, 0xE0, 0x07,
    0x80, 0x3C, 0x01, 0xE0, 0x00, 0x00, 0x00, 0x01, 0xFE, 0x0F, 0xFC, 0x7F, 0xFB, 0xE1, 0xFF, 0x03,
    0xFC, 0x0F, 0xF0, 0x3F, 0xC0, 0xFF, 0x03, 0xFC, 0x0F, 0xF0, 0x3F, 0xE1, 0xF7, 0xFF, 0x8F, 0xFC,
    0x1F, 0xE0, 0x07, 0x80, 0x3F, 0x01, 0xFE, 0x07, 0x38, 0x00, 0x00, 0x00, 0x01, 0xFE, 0x0F, 0xFC,
    0x7F, 0xFB, 0xE1, 0xFF, 0x03, 0xFC, 0x0F, 0xF0, 0x3F, 0xC0, 0xFF, 0x03, 0xFC, 0x0F, 0xF0, 0x3F,
    0xE1, 0xF7, 0xFF, 0x8F, 0xFC, 0x1F, 0xE0, 0x0E, 0x30, 0x7D, 0xC1, 0xFE, 0x06, 0xF8, 0x19, 0xC0,
    0x00, 0x01, 0xFE, 0x0F, 0xFC, 0x7F, 0xFB, 0xE1, 0xFF, 0x03, 0xFC, 0x0F, 0xF0, 0x3F, 0xC0, 0xFF,
    0x03, 0xFC, 0x0F, 0xF0, 0x3F, 0xE1, 0xF7, 0xFF, 0x8F, 0xFC, 0x1F, 0xE0, 0x1C, 0xE0, 0x7F, 0x81,
    0xCE, 0x00, 0x00, 0x00, 0x00, 0x7F, 0x83, 0xFF, 0x1F, 0xFE, 0xF8, 0x7F, 0xC0, 0xFF, 0x03, 0xFC,
    0x07, 0xF0, 0x1F, 0xC0, 0x7F, 0x03, 0xFC, 0x0F, 0xF8, 0x7D, 0xFF, 0xE3, 0xFF, 0x07, 0xF8, 0x40,
    0x38, 0x6F, 0x3D, 0xFE, 0x3F, 0x07, 0x83, 0xF1, 0xFE, 0xF3, 0xD8, 0x60, 0x00, 0x00, 0x10, 0x7F,
    0xE3, 0xFF, 0x9F, 0xFE, 0xF8, 0xFF, 0xC7, 0xFF, 0x1F, 0xFC, 0xEF, 0xF7, 0xBF, 0xDC, 0xFF, 0xE3,
    0xFF, 0x8F, 0xFC, 0x7D, 0xFF, 0xE7, 0xFF, 0x1F, 0xF8, 0x20, 0x00, 0x3C, 0x00, 0xF0, 0x03, 0xC0,
    0x0E, 0x00, 0x00, 0x00, 0x03, 0xC1, 0xFE, 0x0F, 0xF0, 0x7F, 0x83, 0xFC, 0x1F, 0xE0, 0xFF, 0x07,
    0xF8, 0x3F, 0xC1, 0xFE, 0x0F, 0xF0, 0xFF, 0xC7, 0xBF, 0xFC, 0xFF, 0xC3, 0xFC, 0x00, 0x03, 0xC0,
    0x3C, 0x03, 0xC0, 0x1C, 0x00, 0x00, 0x00, 0x03, 0xC1, 0xFE, 0x0F, 0xF0, 0x7F, 0x83, 0xFC, 0x1F,
    0xE0, 0xFF, 0x07, 0xF8, 0x3F, 0xC1, 0xFE, 0x0F, 0xF0, 0xFF, 0xC7, 0xBF, 0xFC, 0xFF, 0xC3, 0xFC,
    0x00, 0x0F, 0x00, 0xFC, 0x0F, 0xF0, 0x73, 0x80, 0x00, 0x00, 0x03, 0xC1, 0xFE, 0x0F, 0xF0, 0x7F,
    0x83, 0xFC, 0x1F, 0xE0, 0xFF, 0x07, 0xF8, 0x3F, 0xC1, 0xFE, 0x0F, 0xF0, 0xFF, 0xC7, 0xBF, 0xFC,
    0xFF, 0xC3, 0xFC, 0x00, 0x39, 0xC1, 0xFE, 0x0E, 0x70, 0x00, 0x00, 0x00, 0x78, 0x3F, 0xC1, 0xFE,
    0x0F, 0xF0, 0x7F, 0x83, 0xFC, 0x1F, 0xE0, 0xFF, 0x07, 0xF8, 0x3F, 0xC1, 0xFE, 0x1F, 0xF8, 0xF7,
    0xFF, 0x9F, 0xF8, 0x7F, 0x80, 0x01, 0xE0, 0x0F, 0x00, 0x78, 0x01, 0xC0, 0x00, 0x03, 0xC1, 0xEF,
    0x87, 0x9E, 0x3C, 0x3C, 0xF0, 0xF7, 0x81, 0xFE, 0x07, 0xF0, 0x0F, 0x80, 0x3E, 0x00, 0x78, 0x01,
    0xE0, 0x07, 0x80, 0x1E, 0x00, 0x78, 0x01, 0xE0, 0xF0, 0x1E, 0x03, 0xFC, 0x7F, 0xEF, 0xFD, 0xE7,
    0xBC, 0x7F, 0x8F, 0xF3, 0xDF, 0xFB, 0xFE, 0x7F, 0x8F, 0x01, 0xE0, 0x3C, 0x00, 0x3F, 0x83, 0xFF,
    0x3F, 0xF9, 0xE3, 0xCF, 0x1E, 0x79, 0xF3, 0xDF, 0x1E, 0xF0, 0xF7, 0xC7, 0xBF, 0x3C, 0x7D, 0xE1,
    0xEF, 0x07, 0xFF, 0xFB, 0xFF, 0xDF, 0xFC, 0x3E, 0x03, 0xC0, 0x1C, 0x00, 0x03, 0xF8, 0xFF, 0x9F,
    0xF0, 0x0F, 0x3F, 0xEF, 0xFF, 0xFF, 0xF8, 0xFF, 0x3F, 0xFF, 0xFF, 0xFB, 0xEF, 0x07, 0xC1, 0xF0,
    0x38, 0x00, 0x03, 0xF8, 0xFF, 0x9F, 0xF1, 0x1F, 0x01, 0xEF, 0xFF, 0xFF, 0xF8, 0xFF, 0x3F, 0xFF,
    0xFF, 0xFB, 0xEF, 0x1F, 0x07, 0xF1, 0xEF, 0x00, 0x03, 0xF8, 0xFF, 0x9F, 0xF0, 0x0F, 0x3F, 0xEF,
    0xFF, 0xFF, 0xF8, 0xFF, 0x3F, 0xFF, 0xFF, 0xFB, 0xEF, 0x3F, 0xCF, 0xF9, 0xFE, 0x31, 0x83, 0xF8,
    0xFF, 0x9F, 0xF0, 0x0F, 0x3F, 0xEF, 0xFF, 0xFF, 0xF8, 0xFF, 0x3F, 0xFF, 0xFF, 0xFB, 0xEF, 0x3B,
    0x8F, 0x78, 0xEE, 0x00, 0x03, 0xF8, 0xFF, 0x9F, 0xF0, 0x0F, 0x3F, 0xEF, 0xFF, 0xFF, 0xF8, 0xFF,
    0x3F, 0xFF, 0xFF, 0xFB, 0xEF, 0x1F, 0x03, 0xE0, 0x6C, 0x0D, 0x81, 0xF0, 0x08, 0x0F, 0xE3, 0xFE,
    0x7F, 0xC0, 0x3C, 0xFF, 0xBF, 0xFF, 0xFF, 0xE3, 0xFC, 0xFF, 0xFF, 0xFF, 0xEF, 0xBC, 0x7F, 0x7E,
    0x1F, 0xFF, 0xC7, 0xFF, 0xF8, 0x0F, 0x9E, 0x3F, 0xFF, 0xDF, 0xFF, 0xFF, 0xFF, 0xFF, 0xCF, 0x00,
    0xF3, 0xE0, 0x3F, 0xFF, 0xEF, 0xFF, 0xF9, 0xF9, 0xFC, 0x3F, 0x9F, 0xEF, 0xFB, 0xC0, 0xF0, 0x3C,
    0x0F, 0x03, 0xC0, 0xF0, 0xBF, 0xE7, 0xF8, 0xFE, 0x0C, 0x07, 0x80, 0x70, 0x78, 0x1E, 0x00, 0x3E,
    0x01, 0xF0, 0x07, 0x80, 0x00, 0x3F, 0x87, 0xFC, 0xFF, 0xEF, 0x1E, 0xFF, 0xFF, 0xFF, 0xFF, 0xFF,
    0x00, 0xF0, 0x0F, 0xFE, 0x7F, 0xE3, 0xFC, 0x07, 0xC0, 0xF8, 0x1E, 0x00, 0x00, 0x3F, 0x87, 0xFC,
    0xFF, 0xEF, 0x1E, 0xFF, 0xFF, 0xFF, 0xFF, 0xFF, 0x00, 0xF0, 0x0F, 0xFE, 0x7F, 0xE3, 0xFC, 0x1F,
    0x03, 0xF8, 0x7B, 0xC0, 0x00, 0x3F, 0x87, 0xFC, 0xFF, 0xEF, 0x1E, 0xFF, 0xFF, 0xFF, 0xFF, 0xFF,
    0x00, 0xF0, 0x0F, 0xFE, 0x7F, 0xE3, 0xFC, 0x3B, 0x83, 0xFC, 0x3B, 0x80, 0x00, 0x3F, 0x87, 0xFC,
    0xFF, 0xEF, 0x1E, 0xFF, 0xFF, 0xFF, 0xFF, 0xFF, 0x00, 0xF0, 0x0F, 0xFE, 0x7F, 0xE3, 0xFC, 0xF8,
    0x78, 0x78, 0x03, 0xC7, 0x8F, 0x1E, 0x3C, 0x78, 0xF1, 0xE3, 0xC7, 0x8F, 0x1E, 0x3E, 0x79, 0xC0,
    0x07, 0x8F, 0x1E, 0x3C, 0x78, 0xF1, 0xE3, 0xC7, 0x8F, 0x1E, 0x3C, 0x3E, 0x3F, 0xBD, 0xE0, 0x01,
    0xE0, 0xF0, 0x78, 0x3C, 0x1E, 0x0F, 0x07, 0x83, 0xC1, 0xE0, 0xF0, 0x78, 0x3C, 0xEF, 0xFF, 0xB8,
    0x03, 0xC7, 0x8F, 0x1E, 0x3C, 0x78, 0xF1, 0xE3, 0xC7, 0x8F, 0x1E, 0x00, 0x03, 0xB0, 0x7F, 0x07,
    0xC1, 0xF8, 0x3F, 0x84, 0x71, 0xFF, 0x7F, 0xFF, 0xFF, 0xC7, 0xF8, 0xFF, 0x1F, 0xE3, 0xFC, 0x7F,
    0xFE, 0x7F, 0xC7, 0xF0, 0x3D, 0xCF, 0xF1, 0xFE, 0x33, 0x8E, 0xF9, 0xFF, 0xBF, 0xF7, 0x9F, 0xF1,
    0xFE, 0x3F, 0xC7, 0xF8, 0xFF, 0x1F, 0xE3, 0xFC, 0x7F, 0x8F, 0x3E, 0x03, 0xE0, 0x1C, 0x00, 0x03,
    0xF8, 0xFF, 0xBF, 0xFF, 0x8F, 0xF1, 0xFE, 0x3F, 0xC7, 0xF8, 0xFF, 0x1F, 0xFF, 0xDF, 0xF1, 0xFC,
    0x07, 0xC0, 0xF0, 0x38, 0x00, 0x03, 0xF8, 0xFF, 0xBF, 0xFF, 0x8F, 0xF1, 0xFE, 0x3F, 0xC7, 0xF8,
    0xFF, 0x1F, 0xFF, 0xDF, 0xF1, 0xFC, 0x1F, 0x07, 0xF1, 0xEF, 0x00, 0x03, 0xF8, 0xFF, 0xBF, 0xFF,
    0x8F, 0xF1, 0xFE, 0x3F, 0xC7, 0xF8, 0xFF, 0x1F, 0xFF, 0xDF, 0xF1, 0xFC, 0x3E, 0xC7, 0xF9, 0xFE,
    0x31, 0x83, 0xF8, 0xFF, 0xBF, 0xFF, 0x8F, 0xF1, 0xFE, 0x3F, 0xC7, 0xF8, 0xFF, 0x1F, 0xFF, 0xDF,
    0xF1, 0xFC, 0x3B, 0x8F, 0x78, 0xEE, 0x00, 0x03, 0xF8, 0xFF, 0xBF, 0xFF, 0x8F, 0xF1, 0xFE, 0x3F,
    0xC7, 0xF8, 0xFF, 0x1F, 0xFF, 0xDF, 0xF1, 0xFC, 0x0E, 0x03, 0xC0, 0xE3, 0xFF, 0xFF, 0xFF, 0xF0,
    0x00, 0x38, 0x0F, 0x03, 0x80, 0x00, 0x07, 0xF9, 0xFF, 0x7F, 0xFF, 0x3F, 0xEF, 0xFF, 0xFF, 0xFF,
    0xFD, 0xFF, 0xBF, 0xFF, 0xBF, 0xE7, 0xF8, 0x40, 0x00, 0x3C, 0x03, 0xC0, 0x3C, 0x00, 0x0F, 0x1F,
    0xE3, 0xFC, 0x7F, 0x8F, 0xF1, 0xFE, 0x3F, 0xC7, 0xF9, 0xFF, 0x3F, 0xFF, 0xFF, 0xFB, 0xEF, 0x07,
    0x81, 0xE0, 0x78, 0x00, 0x0F, 0x1F, 0xE3, 0xFC, 0x7F, 0x8F, 0xF1, 0xFE, 0x3F, 0xC7, 0xF9, 0xFF,
    0x3F, 0xFF, 0xFF, 0xFB, 0xEF, 0x1E, 0x07, 0xE1, 0xCE, 0x00, 0x0F, 0x1F, 0xE3, 0xFC, 0x7F, 0x8F,
    0xF1, 0xFE, 0x3F, 0xC7, 0xF9, 0xFF, 0x3F, 0xFF, 0xFF, 0xFB, 0xEF, 0x3B, 0x8F, 0x78, 0xEE, 0x00,
    0x0F, 0x1F, 0xE3, 0xFC, 0x7F, 0x8F, 0xF1, 0xFE, 0x3F, 0xC7, 0xF9, 0xFF, 0x3F, 0xFF, 0xFF, 0xFB,
    0xEF, 0x03, 0xE0, 0x3C, 0x03, 0xC0, 0x00, 0x0F, 0x0F, 0x78, 0x79, 0xE3, 0xCF, 0x3C, 0x39, 0xE1,
    0xEF, 0x0F, 0x70, 0x3F, 0x81, 0xF8, 0x07, 0xC0, 0x3E, 0x01, 0xE0, 0x0F, 0x00, 0xF8, 0x1F, 0x80,
    0xFC, 0x07, 0xC0, 0x00, 0xF0, 0x1E, 0x03, 0xC0, 0x78, 0x0F, 0xF9, 0xFF, 0xBF, 0xFF, 0x8F, 0xF1,
    0xFE, 0x3F, 0xC7, 0xF8, 0xFF, 0x1F, 0xFF, 0xFF, 0xF7, 0xFC, 0xF0, 0x1E, 0x03, 0xC0, 0x78, 0x0F,
    0x00, 0x1D, 0xC0, 0xFE, 0x07, 0x70, 0x00, 0x07, 0x8F, 0x3C, 0x79, 0xE3, 0xC7, 0x9C, 0x3D, 0xE0,
    0xEF, 0x07, 0x70, 0x3F, 0x80, 0xFC, 0x07, 0xC0, 0x1E, 0x00, 0xF0, 0x07, 0x00, 0x78, 0x1F, 0x80,
    0xFC, 0x07, 0xC0, 0x00, 0x0F, 0xE0, 0x1F, 0xC0, 0x3F, 0x80, 0x00, 0x00, 0x7C, 0x00, 0xF8, 0x03,
    0xF8, 0x07, 0xF0, 0x0E, 0xE0, 0x3D, 0xE0, 0x7B, 0xC0, 0xE3, 0xC3, 0xFF, 0x87, 0xFF, 0x1F, 0xFF,
    0x3C, 0x1E, 0x78, 0x3D, 0xF0, 0x3F, 0xC0, 0x78, 0x3F, 0x87, 0xF0, 0xFE, 0x1F, 0xC7, 0xFC, 0xFF,
    0x80, 0x79, 0xFF, 0x7F, 0xFF, 0xFF, 0xC7, 0xF9, 0xFF, 0xFF, 0xFF, 0xDF, 0x78, 0x0C, 0x30, 0x0E,
    0x70, 0x0F, 0xF0, 0x07, 0xE0, 0x03, 0xC0, 0x00, 0x00, 0x07, 0xC0, 0x07, 0xE0, 0x07, 0xE0, 0x0F,
    0xE0, 0x0F, 0xF0, 0x1E, 0xF0, 0x1E, 0x70, 0x1E, 0x78, 0x3F, 0xF8, 0x3F, 0xF8, 0x3F, 0xFC, 0x78,
    0x3C, 0x78, 0x3E, 0x78, 0x1E, 0xF8, 0x1E, 0x31, 0xC7, 0xF8, 0x7E, 0x07, 0x83, 0xF8, 0xFF, 0x8F,
    0xF0, 0x0F, 0x3F, 0xEF, 0xFF, 0xFF, 0xFC, 0xFF, 0x3F, 0xFF, 0xFF, 0xFB, 0xFF, 0x03, 0xE0, 0x07,
    0xE0, 0x07, 0xE0, 0x07, 0xF0, 0x0F, 0xF0, 0x0F, 0x70, 0x0E, 0x78, 0x1E, 0x78, 0x1F, 0xF8, 0x3F,
    0xFC, 0x3F, 0xFC, 0x3C, 0x1C, 0x78, 0x1E, 0x78, 0x1E, 0x78, 0x1E, 0x00, 0x0C, 0x00, 0x1C, 0x00,
    0x1E, 0x00, 0x1E, 0x00, 0x1E, 0x3F, 0x8F, 0xF9, 0xFF, 0x00, 0xF3, 0xFE, 0xFF, 0xFF, 0xFF, 0x8F,
    0xF3, 0xFF, 0xFF, 0xFF, 0xBE, 0xF0, 0x1C, 0x07, 0x00, 0xF0, 0x1E, 0x03, 0xC0, 0x01, 0xE0, 0x3E,
    0x07, 0x80, 0x70, 0x00, 0x00, 0x00, 0x1F, 0xE3, 0xFF, 0x7F, 0xEF, 0x82, 0xF0, 0x0F, 0x00, 0xF0,
    0x0F, 0x00, 0xF0, 0x0F, 0x00, 0xF0, 0x0F, 0x82, 0x7F, 0xE3, 0xFE, 0x1F, 0xE0, 0x07, 0xC3, 0xC1,
    0xE0, 0x00, 0x3F, 0x9F, 0xEF, 0xFB, 0xC0, 0xF0, 0x3C, 0x0F, 0x03, 0xC0, 0xF0, 0xBF, 0xE7, 0xF8,
    0xFE, 0x07, 0x80, 0xF8, 0x1F, 0xC3, 0xDE, 0x00, 0x00, 0x00, 0x1F, 0xE3, 0xFF, 0x7F, 0xEF, 0x82,
    0xF0, 0x0F, 0x00, 0xF0, 0x0F, 0x00, 0xF0, 0x0F, 0x00, 0xF0, 0x0F, 0x82, 0x7F, 0xE3, 0xFE, 0x1F,
    0xE0, 0x1F, 0x0F, 0xE7, 0x3C, 0x00, 0x3F, 0x9F, 0xEF, 0xFB, 0xC0, 0xF0, 0x3C, 0x0F, 0x03, 0xC0,
    0xF0, 0xBF, 0xE7, 0xF8, 0xFE, 0x07, 0x00, 0x78, 0x07, 0x00, 0x00, 0x00, 0x01, 0xFE, 0x3F, 0xF7,
    0xFE, 0xF8, 0x2F, 0x00, 0xF0, 0x0F, 0x00, 0xF0, 0x0F, 0x00, 0xF0, 0x0F, 0x00, 0xF8, 0x27, 0xFE,
    0x3F, 0xE1, 0xFE, 0x0E, 0x07, 0x80, 0xE0, 0x00, 0x3F, 0x9F, 0xEF, 0xFB, 0xC0, 0xF0, 0x3C, 0x0F,
    0x03, 0xC0, 0xF0, 0xBF, 0xE7, 0xF8, 0xFE, 0x38, 0x61, 0xDE, 0x1F, 0xC0, 0xF8, 0x00, 0x00, 0x00,
    0x1F, 0xE3, 0xFF, 0x7F, 0xEF, 0x82, 0xF0, 0x0F, 0x00, 0xF0, 0x0F, 0x00, 0xF0, 0x0F, 0x00, 0xF0,
    0x0F, 0x82, 0x7F, 0xE3, 0xFE, 0x1F, 0xE0, 0x73, 0xCF, 0xE1, 0xF0, 0x00, 0x3F, 0x9F, 0xEF, 0xFB,
    0xC0, 0xF0, 0x3C, 0x0F, 0x03, 0xC0, 0xF0, 0xBF, 0xE7, 0xF8, 0xFE, 0x79, 0xE1, 0xFE, 0x07, 0xE0,
    0x1E, 0x00, 0x00, 0x7F, 0xC3, 0xFF, 0x1F, 0xFC, 0xF1, 0xF7, 0x87, 0xBC, 0x3D, 0xE0, 0xFF, 0x07,
    0xF8, 0x3F, 0xC3, 0xDE, 0x1E, 0xF1, 0xF7, 0xFF, 0x3F, 0xF1, 0xFF, 0x00, 0x01, 0xEF, 0x01, 0xEE,
    0x01, 0xEE, 0x01, 0xE0, 0x3F, 0xE0, 0x7F, 0xE0, 0xFF, 0xE0, 0xF1, 0xE0, 0xF1, 0xE0, 0xF1, 0xE0,
    0xF1, 0xE0, 0xF1, 0xE0, 0xF1, 0xE0, 0xFF, 0xE0, 0x7F, 0xE0, 0x3E, 0xE0, 0x7F, 0xC1, 0xFF, 0xC7,
    0xFF, 0x9E, 0x1F, 0x78, 0x3D, 0xE0, 0xFF, 0xE3, 0xFF, 0x8F, 0xFE, 0x3D, 0xE0, 0xF7, 0x83, 0xDE,
    0x1E, 0x7F, 0xF9, 0xFF, 0xC7, 0xFC, 0x00, 0x01, 0xE0, 0xFF, 0x0F, 0xF0, 0xFF, 0x3F, 0xE7, 0xFE,
    0xFF, 0xEF, 0x1E, 0xF1, 0xEF, 0x1E, 0xF1, 0xEF, 0x1E, 0xF1, 0xEF, 0xFE, 0x7F, 0xE3, 0xEE, 0x7F,
    0x3F, 0x9F, 0xC0, 0x0F, 0xFF, 0xFF, 0xFF, 0xE0, 0xF0, 0x7F, 0xBF, 0xDF, 0xEF, 0x07, 0x83, 0xC1,
    0xE0, 0xFF, 0xFF, 0xFF, 0xE0, 0x3F, 0x83, 0xF8, 0x3F, 0x83, 0xF8, 0x7F, 0xCF, 0xFE, 0xF1, 0xEF,
    0xFF, 0xFF, 0xFF, 0xFF, 0xF0, 0x0F, 0x00, 0xFF, 0xE7, 0xFE, 0x3F, 0xC0, 0x61, 0xB9, 0xDF, 0xE7,
    0xE1, 0xE0, 0x03, 0xFF, 0xFF, 0xFF, 0xF8, 0x3C, 0x1F, 0xFF, 0xFF, 0xFF, 0xC1, 0xE0, 0xF0, 0x78,
    0x3F, 0xFF, 0xFF, 0xF8, 0x71, 0x87, 0xF8, 0x3F, 0x01, 0xE0, 0x3F, 0x87, 0xFC, 0xFF, 0xEF, 0x1E,
    0xFF, 0xFF, 0xFF, 0xFF, 0xFF, 0x00, 0xF0, 0x0F, 0xFC, 0x7F, 0xC3, 0xFC, 0x1C, 0x1E, 0x07, 0x00,
    0x00, 0x07, 0xFF, 0xFF, 0xFF, 0xF0, 0x78, 0x3F, 0xDF, 0xEF, 0xF7, 0x83, 0xC1, 0xE0, 0xF0, 0x7F,
    0xFF, 0xFF, 0xF0, 0x0E, 0x01, 0xE0, 0x0E, 0x00, 0x00, 0x3F, 0x87, 0xFC, 0xFF, 0xEF, 0x1E, 0xFF,
    0xFF, 0xFF, 0xFF, 0xFF, 0x00, 0xF0, 0x0F, 0xFE, 0x7F, 0xE3, 0xFC, 0xFF, 0xFF, 0xFF, 0xFE, 0x0F,
    0x07, 0xFF, 0xFF, 0xFF, 0xF0, 0x78, 0x3C, 0x1E, 0x0F, 0xFF, 0xFF, 0xFE, 0x06, 0x07, 0x03, 0xC1,
    0xE0, 0xF0, 0x3F, 0x87, 0xFC, 0xFF, 0xEF, 0x1E, 0xFF, 0xFF, 0xFF, 0xFF, 0xFF, 0x00, 0xF0, 0x0F,
    0xFE, 0x7F, 0xE3, 0xFE, 0x03, 0x80, 0x30, 0x07, 0xE0, 0x3E, 0x03, 0xE0, 0xF7, 0xBF, 0x8F, 0x87,
    0xC0, 0x07, 0xFF, 0xFF, 0xFF, 0xF0, 0x78, 0x3F, 0xDF, 0xEF, 0xF7, 0x83, 0xC1, 0xE0, 0xF0, 0x7F,
    0xFF, 0xFF, 0xF0, 0x79, 0xE3, 0xFC, 0x1F, 0x80, 0x00, 0x3F, 0x87, 0xFC, 0xFF, 0xEF, 0x1E, 0xFF,
    0xFF, 0xFF, 0xFF, 0xFF, 0x00, 0xF0, 0x0F, 0xFE, 0x7F, 0xE3, 0xFC, 0x07, 0x80, 0x7E, 0x07, 0xF8,
    0x39, 0xC0, 0x00, 0x00, 0x00, 0x3F, 0xC7, 0xFE, 0x7F, 0xF3, 0xC0, 0x3C, 0x01, 0xE0, 0x0F, 0x3F,
    0xF9, 0xFF, 0xCF, 0xFE, 0x0F, 0xF0, 0x7F, 0xC3, 0xDF, 0xFE, 0x7F, 0xF1, 0xFF, 0x00, 0x1F, 0x07,
    0xF1, 0xEF, 0x00, 0x03, 0xEE, 0xFF, 0xFF, 0xFF, 0x8F, 0xF1, 0xFE, 0x3F, 0xC7, 0xF8, 0xFF, 0x1F,
    0xFF, 0xDF, 0xF9, 0xFF, 0x01, 0xF0, 0x3F, 0xFF, 0xFF, 0xEF, 0xF8, 0x18, 0x60, 0xFF, 0x07, 0xF8,
    0x1F, 0x80, 0x00, 0x00, 0x00, 0x3F, 0xC7, 0xFE, 0x7F, 0xF3, 0xC0, 0x3C, 0x01, 0xE0, 0x0F, 0x3F,
    0xF9, 0xFF, 0xCF, 0xFE, 0x0F, 0xF0, 0x7F, 0xC3, 0xDF, 0xFE, 0x7F, 0xF1, 0xFF, 0x00, 0x31, 0xC7,
    0xF8, 0x7E, 0x07, 0x83, 0xEE, 0xFF, 0xFF, 0xFF, 0x8F, 0xF1, 0xFE, 0x3F, 0xC7, 0xF8, 0xFF, 0x1F,
    0xFF, 0xDF, 0xF9, 0xFF, 0x01, 0xE8, 0x3F, 0xFF, 0xFF, 0xE7, 0xF8, 0x03, 0x80, 0x3C, 0x00, 0xE0,
    0x00, 0x00, 0x00, 0x07, 0xF8, 0xFF, 0xCF, 0xFE, 0x78, 0x07, 0x80, 0x3C, 0x01, 0xE7, 0xFF, 0x3F,
    0xF9, 0xFF, 0xC1, 0xFE, 0x0F, 0xF8, 0x7B, 0xFF, 0xCF, 0xFE, 0x3F, 0xE0, 0x0E, 0x03, 0xC0, 0x38,
    0x00, 0x03, 0xEE, 0xFF, 0xFF, 0xFF, 0x8F, 0xF1, 0xFE, 0x3F, 0xC7, 0xF8, 0xFF, 0x1F, 0xFF, 0xDF,
    0xF9, 0xFF, 0x01, 0xF0, 0x3F, 0xFF, 0xFF, 0xEF, 0xF8, 0x0F, 0xF1, 0xFF, 0x9F, 0xFC, 0xF0, 0x0F,
    0x00, 0x78, 0x03, 0xCF, 0xDE, 0x7F, 0xF3, 0xFF, 0x83, 0xFC, 0x1F, 0xF0, 0xF7, 0xFF, 0x9F, 0xFC,
    0x7F, 0xC0, 0x00, 0x00, 0x00, 0x3C, 0x01, 0xC0, 0x0E, 0x00, 0x07, 0x01, 0xE0, 0x38, 0x00, 0x03,
    0xEE, 0xFF, 0xFF, 0xFF, 0x8F, 0xF1, 0xFE, 0x3F, 0xC7, 0xF8, 0xFF, 0x1F, 0xFF, 0xDF, 0xF9, 0xFF,
    0x01, 0xF0, 0x3F, 0xFF, 0xFF, 0xEF, 0xF8, 0x0F, 0x00, 0xFC, 0x0F, 0xF0, 0x73, 0x80, 0x00, 0x78,
    0x3F, 0xC1, 0xFE, 0x0F, 0xF0, 0x7F, 0x83, 0xFF, 0xFF, 0xFF, 0xFF, 0xFF, 0xF8, 0x3F, 0xC1, 0xFE,
    0x0F, 0xF0, 0x7F, 0x83, 0xFC, 0x1F, 0xE0, 0xF0, 0x3E, 0x01, 0xFC, 0x07, 0x70, 0x38, 0xE0, 0x00,
    0x00, 0x78, 0x01, 0xE0, 0x07, 0x80, 0x1E, 0x00, 0x7F, 0xC1, 0xFF, 0x87, 0xFE, 0x1E, 0x7C, 0x78,
    0xF1, 0xE3, 0xC7, 0x8F, 0x1E, 0x3C, 0x78, 0xF1, 0xE3, 0xC7, 0x8F, 0x1E, 0x3C, 0x78, 0x3C, 0xFF,
    0xFF, 0xFF, 0xFF, 0xFF, 0xFF, 0x78, 0x3C, 0x7F, 0xFC, 0x7F, 0xFC, 0x7F, 0xFC, 0x78, 0x3C, 0x78,
    0x3C, 0x78, 0x3C, 0x78, 0x3C, 0x78, 0x3C, 0x78, 0x3C, 0x78, 0x3C, 0x78, 0x07, 0xF8, 0x3F, 0xC1,
    0xFE, 0x07, 0xBE, 0x3F, 0xF9, 0xFF, 0xCF, 0x9F, 0x7C, 0x7B, 0xC3, 0xDE, 0x1E, 0xF0, 0xF7, 0x87,
    0xBC, 0x3D, 0xE1, 0xEF, 0x0F, 0x7D, 0xDF, 0xEF, 0xFB, 0x1C, 0x00, 0x0F, 0xE3, 0xF8, 0x7C, 0x1E,
    0x07, 0x81, 0xE0, 0x78, 0x1E, 0x07, 0x81, 0xE0, 0x78, 0x1E, 0x07, 0xC3, 0xF8, 0xFE, 0x7D, 0xBF,
    0xFF, 0xF8, 0xC1, 0xE0, 0xF0, 0x78, 0x3C, 0x1E, 0x0F, 0x07, 0x83, 0xC1, 0xE0, 0xF0, 0x78, 0x3C,
    0xFF, 0xFF, 0xF8, 0x0F, 0xFF, 0xDF, 0x3C, 0x78, 0xF1, 0xE3, 0xC7, 0x8F, 0x1E, 0x3C, 0x7D, 0xFF,
    0xF8, 0xFF, 0xFF, 0xFB, 0xC7, 0x8F, 0x1E, 0x3C, 0x78, 0xF1, 0xE3, 0xC7, 0x8F, 0x1E, 0x00, 0xC3,
    0xE7, 0xFF, 0x7E, 0x3C, 0x00, 0xFE, 0xFE, 0x7C, 0x3C, 0x3C, 0x3C, 0x3C, 0x3C, 0x3C, 0x3C, 0x3C,
    0x3C, 0x7C, 0xFE, 0xFE, 0xE7, 0xFF, 0x7E, 0x3C, 0x3C, 0x3C, 0x3C, 0x3C, 0x3C, 0x3C, 0x3C, 0x3C,
    0x3C, 0x3C, 0x3C, 0x3C, 0xFF, 0xFD, 0xF9, 0xE3, 0xC7, 0x8F, 0x1E, 0x3C, 0x78, 0xF1, 0xE7, 0xFF,
    0xFF, 0x87, 0x1C, 0x3C, 0x78, 0xF0, 0x7F, 0x70, 0xFF, 0xFF, 0xFF, 0xFF, 0xFF, 0xFF, 0x7E, 0xFF,
    0xF0, 0x38, 0xF0, 0xE0, 0x00, 0x1F, 0xFF, 0xBE, 0x78, 0xF1, 0xE3, 0xC7, 0x8F, 0x1E, 0x3C, 0x78,
    0xFB, 0xFF, 0xF0, 0xFF, 0xFF, 0xFF, 0xFF, 0xFF, 0xFF, 0xFE, 0x7F, 0xF3, 0xDF, 0x1E, 0xF0, 0xF7,
    0x87, 0xBC, 0x3D, 0xE1, 0xEF, 0x0F, 0x78, 0x7B, 0xC3, 0xDE, 0x1E, 0xF0, 0xF7, 0xC7, 0xFF, 0x3F,
    0xF9, 0xE0, 0x0F, 0x00, 0x78, 0x1F, 0xC0, 0xFC, 0x07, 0x80, 0xE3, 0xBC, 0xFE, 0x38, 0x00, 0xF3,
    0xFC, 0xFF, 0x3F, 0xCF, 0xF3, 0xFC, 0xFF, 0x3F, 0xCF, 0xF3, 0xFC, 0xFF, 0x3F, 0xCF, 0x03, 0xC1,
    0xF1, 0xF8, 0x7E, 0x1F, 0x00, 0x1F, 0x0F, 0xE7, 0xBD, 0xC7, 0x00, 0x03, 0xC0, 0xF0, 0x3C, 0x0F,
    0x03, 0xC0, 0xF0, 0x3C, 0x0F, 0x03, 0xC0, 0xF0, 0x3C, 0x0F, 0x03, 0xC0, 0xF0, 0x3C, 0x0F, 0x07,
    0x8F, 0xE3, 0xF8, 0xF8, 0x00, 0x3E, 0x3F, 0xBD, 0xE0, 0x01, 0xE0, 0xF0, 0x78, 0x3C, 0x1E, 0x0F,
    0x07, 0x83, 0xC1, 0xE0, 0xF0, 0x78, 0x3C, 0x1E, 0x1F, 0x3F, 0x1F, 0x8F, 0x80, 0xF1, 0xFF, 0x1E,
    0xF3, 0xCF, 0x78, 0xFF, 0x8F, 0xF0, 0xFE, 0x0F, 0xE0, 0xFF, 0x0F, 0xF8, 0xF7, 0x8F, 0x3C, 0xF3,
    0xEF, 0x1E, 0xF1, 0xF0, 0x00, 0x00, 0x00, 0xE0, 0x1E, 0x01, 0xC0, 0xF0, 0x0F, 0x00, 0xF0, 0x0F,
    0x00, 0xF3, 0xEF, 0x3C, 0xF7, 0x8F, 0xF0, 0xFE, 0x0F, 0xE0, 0xFF, 0x0F, 0xF0, 0xF7, 0x8F, 0x7C,
    0xF3, 0xCF, 0x1E, 0x00, 0x00, 0x00, 0x1E, 0x01, 0xC0, 0x1C, 0x00, 0xF1, 0xEF, 0x3C, 0xF7, 0xCF,
    0x78, 0xFF, 0x0F, 0xE0, 0xFF, 0x0F, 0xF8, 0xF7, 0x8F, 0x3C, 0xF3, 0xEF, 0x1E, 0x1E, 0x0F, 0x07,
    0x81, 0x80, 0x00, 0x1E, 0x07, 0x81, 0xE0, 0x78, 0x1E, 0x07, 0x81, 0xE0, 0x78, 0x1E, 0x07, 0x81,
    0xE0, 0x78, 0x1F, 0xF7, 0xFD, 0xFF, 0x1E, 0x79, 0xE3, 0x80, 0x0F, 0x1E, 0x3C, 0x78, 0xF1, 0xE3,
    0xC7, 0x8F, 0x1E, 0x3C, 0x78, 0xF1, 0xE3, 0xC7, 0x80, 0xF0, 0x78, 0x3C, 0x1E, 0x0F, 0x07, 0x83,
    0xC1, 0xE0, 0xF0, 0x78, 0x3C, 0x1E, 0x0F, 0xFF, 0xFF, 0xFE, 0x00, 0x00, 0x0F, 0x07, 0x03, 0x00,
    0x7B, 0xDE, 0xF7, 0xBD, 0xEF, 0x7B, 0xDE, 0xF7, 0xBD, 0xEF, 0x00, 0x1E, 0xE7, 0x00, 0xF3, 0xFC,
    0xEF, 0x3B, 0xC0, 0xF0, 0x3C, 0x0F, 0x03, 0xC0, 0xF0, 0x3C, 0x0F, 0x03, 0xC0, 0xFF, 0xBF, 0xEF,
    0xF8, 0xFF, 0xFE, 0xFE, 0xF0, 0xF0, 0xF0, 0xF0, 0xF0, 0xF0, 0xF0, 0xF0, 0xF0, 0xF0, 0xF0, 0xF0,
    0xF0, 0xF0, 0x78, 0x3C, 0x1E, 0x0F, 0x07, 0x9F, 0xDF, 0xE7, 0xF0, 0x78, 0x3C, 0x1E, 0x0F, 0xFF,
    0xFF, 0xFE, 0xF1, 0xE3, 0xC7, 0x8F, 0x1E, 0x3F, 0xFF, 0xFF, 0xE3, 0xC7, 0x8F, 0x1E, 0x3C, 0x78,
    0x3C, 0x07, 0x80, 0xF0, 0x1E, 0x03, 0xE0, 0x7E, 0x0F, 0xC3, 0xF0, 0xFC, 0x1F, 0x80, 0xF0, 0x1E,
    0x03, 0xFE, 0x7F, 0xCF, 0xF8, 0x3C, 0x3C, 0x3C, 0x3C, 0x3C, 0x3C, 0x3E, 0x3E, 0x7E, 0xFC, 0xFC,
    0x7C, 0x3C, 0x3C, 0x3C, 0x3C, 0x03, 0xE0, 0x0F, 0x00, 0x78, 0x01, 0x80, 0x00, 0x03, 0xE0, 0xFF,
    0x83, 0xFF, 0x0F, 0xFC, 0x3F, 0xF8, 0xFF, 0xF3, 0xFF, 0xCF, 0xF7, 0xBF, 0xDE, 0xFF, 0x3F, 0xFC,
    0xFF, 0xF1, 0xFF, 0xC7, 0xFF, 0x0F, 0xFC, 0x3F, 0x07, 0x81, 0xE0, 0x78, 0x00, 0x0E, 0xF9, 0xFF,
    0xBF, 0xF7, 0x9F, 0xF1, 0xFE, 0x3F, 0xC7, 0xF8, 0xFF, 0x1F, 0xE3, 0xFC, 0x7F, 0x8F, 0xF8, 0x3F,
    0xE0, 0xFF, 0xC3, 0xFF, 0x0F, 0xFE, 0x3F, 0xFC, 0xFF, 0xF3, 0xFD, 0xEF, 0xF7, 0xBF, 0xCF, 0xFF,
    0x3F, 0xFC, 0x7F, 0xF1, 0xFF, 0xC3, 0xFF, 0x0F, 0xC0, 0x00, 0x00, 0x00, 0x1C, 0x00, 0x70, 0x01,
    0x80, 0xEF, 0x9F, 0xFB, 0xFF, 0x79, 0xFF, 0x1F, 0xE3, 0xFC, 0x7F, 0x8F, 0xF1, 0xFE, 0x3F, 0xC7,
    0xF8, 0xF0, 0x00, 0x00, 0x03, 0x80, 0xE0, 0x1C, 0x00, 0x1C, 0xE0, 0x7F, 0x00, 0xF8, 0x01, 0xE0,
    0x00, 0x03, 0xE0, 0xFF, 0x83, 0xFF, 0x0F, 0xFC, 0x3F, 0xF8, 0xFF, 0xF3, 0xFF, 0xCF, 0xF7, 0xBF,
    0xDE, 0xFF, 0x3F, 0xFC, 0xFF, 0xF1, 0xFF, 0xC7, 0xFF, 0x0F, 0xFC, 0x3F, 0x7B, 0xC7, 0xF0, 0x7C,
    0x00, 0x0E, 0xF9, 0xFF, 0xBF, 0xF7, 0x9F, 0xF1, 0xFE, 0x3F, 0xC7, 0xF8, 0xFF, 0x1F, 0xE3, 0xFC,
    0x7F, 0x8F, 0x78, 0x00, 0x78, 0x00, 0x70, 0x00, 0x77, 0x7C, 0x77, 0xFE, 0x07, 0xFE, 0x07, 0x9F,
    0x07, 0x8F, 0x07, 0x8F, 0x07, 0x8F, 0x07, 0x8F, 0x07, 0x8F, 0x07, 0x8F, 0x07, 0x8F, 0x07, 0x8F,
    0xF8, 0x3F, 0xF0, 0xFF, 0xC3, 0xFF, 0x8F, 0xFF, 0x3F, 0xFC, 0xFF, 0xFB, 0xFD, 0xEF, 0xF3, 0xFF,
    0xCF, 0xFF, 0x1F, 0xFC, 0x7F, 0xF0, 0xFF, 0xC1, 0xFF, 0x07, 0xC0, 0x0F, 0x00, 0x78, 0x0F, 0xE0,
    0x3F, 0x00, 0xF8, 0xEF, 0x9F, 0xFB, 0xFF, 0x79, 0xFF, 0x1F, 0xE3, 0xFC, 0x7F, 0x8F, 0xF1, 0xFE,
    0x3F, 0xC7, 0xF8, 0xF0, 0x1E, 0x03, 0xC3, 0xF0, 0x7E, 0x0F, 0x80, 0x0F, 0xE0, 0x3F, 0x80, 0xFE,
    0x00, 0x00, 0x1F, 0xE0, 0xFF, 0xC7, 0xFF, 0xBE, 0x1F, 0xF0, 0x3F, 0xC0, 0xFF, 0x01, 0xFC, 0x07,
    0xF0, 0x1F, 0xC0, 0xFF, 0x03, 0xFE, 0x1F, 0x7F, 0xF8, 0xFF, 0xC1, 0xFE, 0x00, 0x3F, 0x87, 0xF0,
    0xFE, 0x1F, 0xC7, 0xFD, 0xFF, 0xFC, 0x7F, 0x8F, 0xF1, 0xFE, 0x3F, 0xC7, 0xF8, 0xFF, 0xFE, 0xFF,
    0x8F, 0xE0, 0x18, 0x60, 0x7F, 0x81, 0xFE, 0x03, 0xF0, 0x00, 0x00, 0x00, 0x01, 0xFE, 0x0F, 0xFC,
    0x7F, 0xFB, 0xE1, 0xFF, 0x03, 0xFC, 0x0F, 0xF0, 0x3F, 0xC0, 0xFF, 0x03, 0xFC, 0x0F, 0xF0, 0x3F,
    0xE1, 0xF7, 0xFF, 0x8F, 0xFC, 0x1F, 0xE0, 0x31, 0xC7, 0xF8, 0x7E, 0x07, 0x83, 0xF8, 0xFF, 0xBF,
    0xFF, 0x8F, 0xF1, 0xFE, 0x3F, 0xC7, 0xF8, 0xFF, 0x1F, 0xFF, 0xDF, 0xF1, 0xFC, 0x1F, 0xF0, 0x7F,
    0x83, 0xB8, 0x00, 0x00, 0x00, 0x00, 0x7F, 0x83, 0xFF, 0x1F, 0xFE, 0xF8, 0x7F, 0xC0, 0xFF, 0x03,
    0xFC, 0x0F, 0xF0, 0x3F, 0xC0, 0xFF, 0x03, 0xFC, 0x0F, 0xF8, 0x7D, 0xFF, 0xE3, 0xFF, 0x07, 0xF8,
    0x3F, 0xCF, 0xF1, 0xDC, 0x00, 0x03, 0xF8, 0xFF, 0xBF, 0xFF, 0x8F, 0xF1, 0xFE, 0x3F, 0xC7, 0xF8,
    0xFF, 0x1F, 0xFF, 0xDF, 0xF1, 0xFC, 0x1F, 0xFF, 0xCF, 0xFF, 0xF7, 0xFF, 0xFF, 0xE1, 0xE0, 0xF0,
    0x78, 0x3C, 0x1F, 0xFF, 0x07, 0xFF, 0xC1, 0xFF, 0xF0, 0x78, 0x3C, 0x1E, 0x0F, 0x07, 0x83, 0xE1,
    0xE0, 0x7F, 0xFF, 0xCF, 0xFF, 0xF1, 0xFF, 0xFC, 0x3F, 0x3F, 0x8F, 0xFF, 0xFB, 0xFF, 0xFF, 0xF8,
    0xF8, 0xFF, 0x1F, 0xFF, 0xE3, 0xFF, 0xFC, 0x7F, 0xFF, 0x8F, 0x00, 0xF1, 0xF0, 0x1F, 0xFF, 0xFD,
    0xFF, 0xFF, 0x9F, 0xDF, 0xE0, 0x07, 0x80, 0xF0, 0x0E, 0x01, 0xC0, 0x00, 0x0F, 0xF8, 0xFF, 0xCF,
    0xFC, 0xF3, 0xEF, 0x1E, 0xF3, 0xCF, 0xFC, 0xFF, 0x8F, 0xF0, 0xF7, 0x8F, 0x78, 0xF3, 0xCF, 0x3E,
    0xF1, 0xEF, 0x1F, 0x0F, 0x1E, 0x3C, 0x00, 0xEF, 0xFF, 0xFF, 0xF0, 0xF0, 0xF0, 0xF0, 0xF0, 0xF0,
    0xF0, 0xF0, 0xF0, 0xFF, 0x0F, 0xFC, 0xFF, 0xCF, 0x3C, 0xF1, 0xEF, 0x3C, 0xF7, 0xCF, 0xFC, 0xFF,
    0x0F, 0xF8, 0xF7, 0x8F, 0x3C, 0xF3, 0xEF, 0x1E, 0xF1, 0xF0, 0x00, 0x00, 0x00, 0xE0, 0x0E, 0x01,
    0xC0, 0x77, 0xBF, 0xDF, 0xEF, 0x07, 0x83, 0xC1, 0xE0, 0xF0, 0x78, 0x3C, 0x1E, 0x0F, 0x00, 0x00,
    0x01, 0xE0, 0xE0, 0x70, 0x00, 0x73, 0xC7, 0xF8, 0x3F, 0x01, 0xE0, 0x00, 0x0F, 0xF8, 0xFF, 0xCF,
    0xFC, 0xF3, 0xEF, 0x1E, 0xF3, 0xCF, 0xFC, 0xFF, 0x8F, 0xF0, 0xF7, 0x8F, 0x78, 0xF3, 0xCF, 0x3E,
    0xF1, 0xEF, 0x1F, 0xF3, 0xDF, 0xE3, 0xF0, 0x00, 0x77, 0x9F, 0xE7, 0xF9, 0xE0, 0x78, 0x1E, 0x07,
    0x81, 0xE0, 0x78, 0x1E, 0x07, 0x81, 0xE0, 0x07, 0x83, 0xE1, 0xE0, 0xF0, 0x00, 0x00, 0x03, 0xFD,
    0xFF, 0xFF, 0xFC, 0x2F, 0x03, 0xE0, 0xFE, 0x1F, 0xE1, 0xFC, 0x1F, 0x03, 0xF0, 0xFF, 0xFF, 0xFE,
    0xFF, 0x00, 0x0F, 0x8F, 0x87, 0x00, 0x07, 0xFF, 0xFF, 0xFF, 0xE0, 0xFC, 0x7F, 0x8F, 0xE1, 0xF8,
    0x7F, 0xFF, 0xFF, 0xFE, 0x1E, 0x0F, 0xC7, 0xFB, 0xCF, 0x00, 0x00, 0x03, 0xFD, 0xFF, 0xFF, 0xFC,
    0x2F, 0x03, 0xE0, 0xFE, 0x1F, 0xE1, 0xFC, 0x1F, 0x03, 0xF0, 0xFF, 0xFF, 0xFE, 0xFF, 0x00, 0x1F,
    0x0F, 0xE7, 0xBC, 0x00, 0x3F, 0xDF, 0xF7, 0xFD, 0xE0, 0x7E, 0x1F, 0xE1, 0xFC, 0x1F, 0x43, 0xDF,
    0xF7, 0xFD, 0xFE, 0x3F, 0xDF, 0xFF, 0xFF, 0xC2, 0xF0, 0x3E, 0x0F, 0xE1, 0xFE, 0x1F, 0xC1, 0xF0,
    0x3F, 0x0F, 0xFF, 0xFF, 0xEF, 0xF0, 0x70, 0x1E, 0x03, 0x83, 0xE0, 0xF8, 0x7F, 0xFF, 0xFF, 0xDE,
    0x0F, 0xC7, 0xF8, 0xFE, 0x1F, 0x87, 0xFF, 0xFF, 0xFF, 0xE1, 0x80, 0xE0, 0x38, 0x78, 0x3C, 0x00,
    0xE1, 0xDE, 0xF3, 0xF8, 0xFC, 0x00, 0x00, 0x03, 0xFD, 0xFF, 0xFF, 0xFC, 0x2F, 0x03, 0xE0, 0xFE,
    0x1F, 0xE1, 0xFC, 0x1F, 0x03, 0xF0, 0xFF, 0xFF, 0xFE, 0xFF, 0x00, 0x7B, 0xC7, 0xF0, 0x7C, 0x00,
    0x03, 0xFC, 0xFF, 0x9F, 0xF3, 0xC0, 0x7E, 0x0F, 0xF0, 0x7F, 0x03, 0xE4, 0x3C, 0xFF, 0x9F, 0xF3,
    0xFC, 0xFF, 0xFF, 0xFF, 0xFF, 0x87, 0x80, 0xF0, 0x1E, 0x03, 0xC0, 0x78, 0x0F, 0x01, 0xE0, 0x3C,
    0x07, 0x80, 0xF0, 0x1E, 0x03, 0xC0, 0x70, 0x0F, 0x00, 0xE0, 0x7C, 0x0F, 0x80, 0x18, 0x38, 0x38,
    0xFF, 0xFF, 0xFF, 0x78, 0x78, 0x78, 0x78, 0x78, 0x78, 0x3F, 0x3F, 0x1F, 0x0E, 0x0F, 0x07, 0x1F,
    0x1F, 0x79, 0xC7, 0xF8, 0x7E, 0x07, 0x80, 0x01, 0xFF, 0xFF, 0xFF, 0xFF, 0x0F, 0x01, 0xE0, 0x3C,
    0x07, 0x80, 0xF0, 0x1E, 0x03, 0xC0, 0x78, 0x0F, 0x01, 0xE0, 0x3C, 0x07, 0x80, 0x00, 0xF1, 0x8E,
    0x38, 0xE3, 0x80, 0xFF, 0x0F, 0xF0, 0xFF, 0x07, 0x80, 0x78, 0x07, 0x80, 0x78, 0x07, 0x80, 0x78,
    0x03, 0xF0, 0x3F, 0x01, 0xF0, 0xFF, 0xFF, 0xFF, 0xFF, 0x87, 0x80, 0xF0, 0x1E, 0x0F, 0xF1, 0xFE,
    0x3F, 0xC1, 0xE0, 0x3C, 0x07, 0x80, 0xF0, 0x1E, 0x03, 0xC0, 0x30, 0x78, 0x78, 0xFF, 0xFF, 0xFF,
    0x78, 0xFF, 0xFF, 0xFE, 0x78, 0x78, 0x7F, 0x7F, 0x3F, 0x18, 0xC1, 0xFE, 0x1F, 0xF0, 0xFF, 0x06,
    0x30, 0x00, 0x03, 0xC1, 0xFE, 0x0F, 0xF0, 0x7F, 0x83, 0xFC, 0x1F, 0xE0, 0xFF, 0x07, 0xF8, 0x3F,
    0xC1, 0xFE, 0x0F, 0xF0, 0xFF, 0xC7, 0xBF, 0xFC, 0xFF, 0xC3, 0xFC, 0x00, 0x3D, 0xCF, 0xF1, 0xFE,
    0x33, 0x8F, 0x1F, 0xE3, 0xFC, 0x7F, 0x8F, 0xF1, 0xFE, 0x3F, 0xC7, 0xF9, 0xFF, 0x3F, 0xFF, 0xFF,
    0xFB, 0xEF, 0x1F, 0xC0, 0xFE, 0x07, 0xF0, 0x00, 0x0F, 0x07, 0xF8, 0x3F, 0xC1, 0xFE, 0x0F, 0xF0,
    0x7F, 0x83, 0xFC, 0x1F, 0xE0, 0xFF, 0x07, 0xF8, 0x3F, 0xC3, 0xFF, 0x1E, 0xFF, 0xF3, 0xFF, 0x0F,
    0xF0, 0x3F, 0x87, 0xF0, 0xFE, 0x78, 0xFF, 0x1F, 0xE3, 0xFC, 0x7F, 0x8F, 0xF1, 0xFE, 0x3F, 0xCF,
    0xF9, 0xFF, 0xFF, 0xFF, 0xDF, 0x38, 0x30, 0xC1, 0xFE, 0x0F, 0xF0, 0x3F, 0x00, 0x00, 0x00, 0x03,
    0xC1, 0xFE, 0x0F, 0xF0, 0x7F, 0x83, 0xFC, 0x1F, 0xE0, 0xFF, 0x07, 0xF8, 0x3F, 0xC1, 0xFE, 0x0F,
    0xF0, 0xFF, 0xC7, 0xBF, 0xFC, 0xFF, 0xC3, 0xFC, 0x00, 0x33, 0xC7, 0xF8, 0x7E, 0x07, 0x8F, 0x1F,
    0xE3, 0xFC, 0x7F, 0x8F, 0xF1, 0xFE, 0x3F, 0xC7, 0xF9, 0xFF, 0x3F, 0xFF, 0xFF, 0xFB, 0xE7, 0x0F,
    0x00, 0xFC, 0x06, 0x60, 0x3F, 0x00, 0xF0, 0x02, 0x00, 0x00, 0x1E, 0x0F, 0xF0, 0x7F, 0x83, 0xFC,
    0x1F, 0xE0, 0xFF, 0x07, 0xF8, 0x3F, 0xC1, 0xFE, 0x0F, 0xF0, 0x7F, 0x87, 0xFE, 0x3D, 0xFF, 0xE7,
    0xFE, 0x1F, 0xE0, 0x1F, 0x03, 0xE0, 0x6C, 0x0D, 0x81, 0xF0, 0x08, 0x3C, 0x7F, 0x8F, 0xF1, 0xFE,
    0x3F, 0xC7, 0xF8, 0xFF, 0x1F, 0xE7, 0xFC, 0xFF, 0xFF, 0xFF, 0xEF, 0xDC, 0x1F, 0xE1, 0xFE, 0x1D,
    0xC0, 0x00, 0x00, 0x00, 0x78, 0x3F, 0xC1, 0xFE, 0x0F, 0xF0, 0x7F, 0x83, 0xFC, 0x1F, 0xE0, 0xFF,
    0x07, 0xF8, 0x3F, 0xC1, 0xFE, 0x1F, 0xF8, 0xF7, 0xFF, 0x9F, 0xF8, 0x7F, 0x80, 0x3F, 0xCF, 0xF3,
    0xF8, 0x00, 0x0F, 0x1F, 0xE3, 0xFC, 0x7F, 0x8F, 0xF1, 0xFE, 0x3F, 0xC7, 0xF9, 0xFF, 0x3F, 0xFF,
    0xFF, 0xFB, 0xEF, 0xF0, 0x7F, 0x83, 0xFC, 0x1F, 0xE0, 0xFF, 0x07, 0xF8, 0x3F, 0xC1, 0xFE, 0x0F,
    0xF0, 0x7F, 0x83, 0xFC, 0x3F, 0xF1, 0xEF, 0xFF, 0x3F, 0xF0, 0xFF, 0x00, 0x70, 0x03, 0x80, 0x1F,
    0x00, 0xF8, 0x07, 0xC0, 0xF3, 0xFC, 0xFF, 0x3F, 0xCF, 0xF3, 0xFC, 0xFF, 0x3F, 0xCF, 0xF3, 0xFF,
    0xFF, 0xFD, 0xF7, 0x03, 0x80, 0xC0, 0x3C, 0x0F, 0x03, 0xC0, 0x00, 0xF0, 0x00, 0x0F, 0xC0, 0x00,
    0xFF, 0x00, 0x06, 0x38, 0x00, 0x00, 0x00, 0x78, 0x78, 0x3B, 0xC3, 0xC3, 0xDE, 0x1F, 0x1E, 0x71,
    0xF8, 0xF3, 0xCF, 0xC7, 0x1E, 0x7E, 0x78, 0xF3, 0xFB, 0xC3, 0xBF, 0xDE, 0x1D, 0xCE, 0xE0, 0xFE,
    0x7F, 0x07, 0xF3, 0xF8, 0x1F, 0x9F, 0xC0, 0xF8, 0x7C, 0x07, 0xC3, 0xE0, 0x3E, 0x1F, 0x00, 0x01,
    0xF0, 0x00, 0x7F, 0x00, 0x1E, 0xF0, 0x00, 0x00, 0x0F, 0x1F, 0x1C, 0xF3, 0xE7, 0x9E, 0x7C, 0xF3,
    0xCF, 0x9E, 0x3B, 0xBB, 0x87, 0xF7, 0xF0, 0xFE, 0xFE, 0x1F, 0xDF, 0x81, 0xF3, 0xF0, 0x3E, 0x3E,
    0x07, 0xC7, 0xC0, 0xF8, 0xF0, 0x0F, 0x80, 0x3F, 0x01, 0xDE, 0x0E, 0x38, 0x00, 0x03, 0xC1, 0xEF,
    0x87, 0x9E, 0x3C, 0x3C, 0xF0, 0xF7, 0x81, 0xFE, 0x07, 0xF0, 0x0F, 0x80, 0x3E, 0x00, 0x78, 0x01,
    0xE0, 0x07, 0x80, 0x1E, 0x00, 0x78, 0x01, 0xE0, 0x0F, 0x80, 0xFE, 0x0E, 0x78, 0x00, 0x0F, 0x0F,
    0x78, 0x79, 0xE3, 0xCF, 0x3C, 0x39, 0xE1, 0xEF, 0x0F, 0x70, 0x3F, 0x81, 0xF8, 0x07, 0xC0, 0x3E,
    0x01, 0xE0, 0x0F, 0x00, 0xF8, 0x1F, 0x80, 0xFC, 0x07, 0xC0, 0x00, 0x1D, 0xC0, 0xFE, 0x07, 0x70,
    0x00, 0x00, 0x00, 0x78, 0x3D, 0xE3, 0xCF, 0x1E, 0x3D, 0xE1, 0xEF, 0x07, 0xF0, 0x3F, 0x80, 0xF8,
    0x07, 0xC0, 0x1E, 0x00, 0xF0, 0x07, 0x80, 0x3C, 0x01, 0xE0, 0x0F, 0x00, 0x07, 0xC1, 0xF0, 0x38,
    0x0E, 0x00, 0x01, 0xFF, 0xFF, 0xFF, 0xFF, 0x03, 0xC0, 0xF8, 0x1E, 0x07, 0x81, 0xF0, 0x3C, 0x0F,
    0x03, 0xE0, 0x78, 0x1F, 0xFF, 0xFF, 0xFF, 0xF0, 0x0F, 0x8F, 0x87, 0x00, 0x0F, 0xFF, 0xFF, 0xFE,
    0x1E, 0x1F, 0x0F, 0x0F, 0x0F, 0x87, 0x87, 0xFF, 0xFF, 0xFF, 0x0E, 0x01, 0xE0, 0x38, 0x00, 0x00,
    0x01, 0xFF, 0xFF, 0xFF, 0xFF, 0x03, 0xC0, 0xF8, 0x1E, 0x07, 0x81, 0xF0, 0x3C, 0x0F, 0x03, 0xE0,
    0x78, 0x1F, 0xFF, 0xFF, 0xFF, 0xF0, 0x1C, 0x0F, 0x07, 0x00, 0x0F, 0xFF, 0xFF, 0xFE, 0x1E, 0x1F,
    0x0F, 0x0F, 0x0F, 0x87, 0x87, 0xFF, 0xFF, 0xFF, 0x79, 0xE7, 0xF8, 0x7E, 0x07, 0x80, 0x01, 0xFF,
    0xFF, 0xFF, 0xFF, 0x03, 0xC0, 0xF8, 0x1E, 0x07, 0x81, 0xF0, 0x3C, 0x0F, 0x03, 0xE0, 0x78, 0x1F,
    0xFF, 0xFF, 0xFF, 0xF0, 0xF3, 0xDF, 0xC3, 0xE0, 0x00, 0xFF, 0xBF, 0xEF, 0xF8, 0x3C, 0x1F, 0x07,
    0x83, 0xC1, 0xF0, 0x78, 0x3F, 0xEF, 0xFB, 0xFE, 0x7F, 0xFF, 0xFF, 0x8F, 0x1E, 0x3C, 0x78, 0xF1,
    0xE3, 0xC7, 0x8F, 0x1E, 0x3C, 0x78, 0x00, 0x07, 0x8F, 0xF3, 0xCF, 0xFF, 0xCF, 0xFF, 0xEF, 0x87,
    0xE7, 0x81, 0xE3, 0xC0, 0xF1, 0xE0, 0x3C, 0xF0, 0x1E, 0x78, 0x0F, 0x3C, 0x0F, 0x1E, 0x07, 0x8F,
    0x87, 0xC3, 0xFF, 0xC0, 0xFF, 0xC0, 0x3F, 0xC0, 0x00, 0x3C, 0x00, 0xF3, 0xFB, 0xDF, 0xFE, 0xFF,
    0xF3, 0xC7, 0x8F, 0x1E, 0x3C, 0x78, 0xF1, 0xE3, 0xC7, 0x8F, 0x1E, 0x3F, 0xF8, 0x7F, 0xC0, 0xFE,
    0x00, 0x00, 0x07, 0xF8, 0x3F, 0xFC, 0x1F, 0xDE, 0x0F, 0xEF, 0x07, 0xC7, 0x83, 0xC3, 0xC1, 0xE1,
    0xE0, 0xF0, 0xF0, 0x78, 0x78, 0x3C, 0x3C, 0x1E, 0x1E, 0x1F, 0x0F, 0x0F, 0x07, 0xFF, 0x81, 0xFF,
    0x80, 0x7F, 0x80, 0x00, 0x0E, 0x00, 0x0E, 0xF1, 0xFE, 0xF1, 0xFE, 0xF1, 0xFC, 0xF1, 0xF0, 0xF1,
    0xE0, 0xF1, 0xE0, 0xF1, 0xE0, 0xF3, 0xE0, 0xF3, 0xE0, 0xFF, 0xE0, 0xFF, 0xE0, 0x7D, 0xE0, 0x00,
    0x01, 0xE7, 0x00, 0x00, 0x7F, 0x80, 0x00, 0x1F, 0x80, 0x00, 0x07, 0x80, 0x00, 0x00, 0x07, 0xFC,
    0x1F, 0xFF, 0xFF, 0x0F, 0xFF, 0xFF, 0xC7, 0xFF, 0xF1, 0xF0, 0x0F, 0x78, 0x78, 0x0F, 0xBC, 0x3C,
    0x07, 0x9E, 0x0F, 0x07, 0x8F, 0x07, 0x87, 0xC7, 0x83, 0xC3, 0xC3, 0xC3, 0xC3, 0xC1, 0xE1, 0xE3,
    0xE0, 0xF1, 0xF1, 0xE0, 0x7F, 0xF1, 0xFF, 0xFF, 0xF0, 0xFF, 0xFF, 0xF0, 0x7F, 0xF0, 0x00, 0x03,
    0xCF, 0xFF, 0x81, 0xFE, 0xFF, 0xC0, 0xFC, 0xFF, 0xE0, 0x70, 0xF1, 0xF3, 0xFE, 0xF0, 0xF3, 0xFE,
    0xF0, 0xF3, 0xFE, 0xF0, 0x78, 0x3C, 0xF0, 0x78, 0x7C, 0xF0, 0x78, 0x78, 0xF0, 0xF0, 0xF0, 0xF0,
    0xF1, 0xF0, 0xF1, 0xF1, 0xE0, 0xFF, 0xE3, 0xFE, 0xFF, 0xC3, 0xFE, 0xFF, 0x83, 0xFE, 0x01, 0xE7,
    0x9C, 0x03, 0xC7, 0xF0, 0x07, 0x87, 0xC0, 0x0F, 0x00, 0x03, 0xFE, 0x7F, 0xCF, 0xFC, 0xFF, 0xBF,
    0xF9, 0xFF, 0x78, 0xF0, 0x3C, 0xF1, 0xE0, 0xF9, 0xE3, 0xC1, 0xE3, 0xC7, 0x87, 0x87, 0x8F, 0x1F,
    0x0F, 0x1E, 0x3C, 0x1F, 0xFC, 0xFF, 0x9F, 0xF9, 0xFF, 0x1F, 0x73, 0xFE, 0xF0, 0x1F, 0xE0, 0x3F,
    0xC0, 0x7F, 0x80, 0xFF, 0x01, 0xFE, 0x03, 0xFC, 0x07, 0xF8, 0x0F, 0xF0, 0x1F, 0xE0, 0x3F, 0xC0,
    0x7F, 0x80, 0xFF, 0xF9, 0xFF, 0xFB, 0xFF, 0xF7, 0x80, 0x0F, 0x00, 0x1E, 0x01, 0xFC, 0x03, 0xF0,
    0x07, 0x80, 0x00, 0x0F, 0xE0, 0x3F, 0xC0, 0x3F, 0x80, 0x0F, 0x01, 0xFE, 0x03, 0xFC, 0x07, 0xF8,
    0x0F, 0xF0, 0x1F, 0xE0, 0x3F, 0xC0, 0x7F, 0x80, 0xFF, 0x01, 0xFF, 0xFB, 0xFF, 0xF7, 0xFF, 0xEF,
    0x00, 0x1E, 0x00, 0x3C, 0x01, 0xF8, 0x03, 0xF0, 0x07, 0xC0, 0xF3, 0xBC, 0xFF, 0x3B, 0xC0, 0xF3,
    0xFC, 0xFF, 0x3F, 0xCF, 0xF3, 0xFC, 0xFF, 0x3F, 0xCF, 0xF3, 0xFC, 0xFF, 0x3F, 0xCF, 0x03, 0xC1,
    0xF1, 0xF8, 0x7E, 0x1F, 0x00, 0xF8, 0x3C, 0x7F, 0xC1, 0xE3, 0xFF, 0x0F, 0x1F, 0xF8, 0x78, 0xFF,
    0xE3, 0xC7, 0xFF, 0x9E, 0x3F, 0xFC, 0xF1, 0xFE, 0xF7, 0x8F, 0xF7, 0xBC, 0x7F, 0x9F, 0xE3, 0xFC,
    0xFF, 0x1F, 0xE3, 0xF8, 0xFF, 0x1F, 0xC7, 0xF8, 0x7E, 0x3F, 0xC3, 0xF1, 0xE0, 0x00, 0x1E, 0x00,
    0x00, 0xF0, 0x00, 0x3F, 0x80, 0x01, 0xF8, 0x00, 0x0F, 0x00, 0x00, 0x00, 0x7F, 0x83, 0xCF, 0xF8,
    0x3C, 0x7F, 0xC3, 0xC0, 0xFE, 0x3C, 0xFF, 0xE3, 0xCF, 0xFF, 0x3C, 0xFF, 0xF3, 0xCF, 0xF7, 0xBC,
    0xFF, 0x7B, 0xCF, 0xF3, 0xFC, 0xFF, 0x3F, 0xCF, 0xF1, 0xFC, 0xFF, 0x1F, 0xCF, 0xF0, 0xFC, 0xFF,
    0x0F, 0xCF, 0x00, 0x00, 0xF0, 0x00, 0x0F, 0x00, 0x03, 0xF0, 0x00, 0x3F, 0x00, 0x03, 0xE0, 0x00,
    0x03, 0x80, 0x03, 0xC0, 0x00, 0xE0, 0x00, 0x0E, 0xF8, 0x7F, 0xFE, 0x3F, 0xFF, 0x1F, 0xE7, 0xCF,
    0xF1, 0xE7, 0xF8, 0xF3, 0xFC, 0x79, 0xFE, 0x3C, 0xFF, 0x1E, 0x7F, 0x8F, 0x3F, 0xC7, 0x9F, 0xE3,
    0xCF, 0x00, 0x07, 0x80, 0x03, 0xC0, 0x0F, 0xE0, 0x07, 0xF0, 0x03, 0xF0, 0x1C, 0x70, 0x1F, 0xC0,
    0x3F, 0x00, 0x3E, 0x00, 0x00, 0x00, 0xF8, 0x03, 0xF0, 0x07, 0xE0, 0x0F, 0xE0, 0x3F, 0xC0, 0x7B,
    0x80, 0xE7, 0x83, 0xCF, 0x07, 0xFF, 0x0F, 0xFE, 0x3F, 0xFC, 0x78, 0x3D, 0xF0, 0x7B, 0xC0, 0xF7,
    0x81, 0xF0, 0x7B, 0xC7, 0xF0, 0x7C, 0x00, 0x03, 0xF8, 0xFF, 0x9F, 0xF0, 0x0F, 0x3F, 0xEF, 0xFF,
    0xFF, 0xFC, 0xFF, 0x3F, 0xFF, 0xFF, 0xFB, 0xFF, 0xE3, 0x9F, 0xC7, 0xF0, 0xF8, 0x00, 0x1F, 0xC7,
    0xF0, 0xF8, 0x3C, 0x0F, 0x03, 0xC0, 0xF0, 0x3C, 0x0F, 0x03, 0xC0, 0xF0, 0x3C, 0x0F, 0x87, 0xF1,
    0xFC, 0xF3, 0x9F, 0xC3, 0xE0, 0x00, 0x1E, 0x07, 0x81, 0xE0, 0x78, 0x1E, 0x07, 0x81, 0xE0, 0x78,
    0x1E, 0x07, 0x81, 0xE0, 0x78, 0x1C, 0x70, 0x7B, 0xC0, 0xFE, 0x01, 0xF0, 0x00, 0x00, 0x00, 0x01,
    0xFE, 0x0F, 0xFC, 0x7F, 0xFB, 0xE1, 0xFF, 0x03, 0xFC, 0x0F, 0xF0, 0x3F, 0xC0, 0xFF, 0x03, 0xFC,
    0x0F, 0xF0, 0x3F, 0xE1, 0xF7, 0xFF, 0x8F, 0xFC, 0x1F, 0xE0, 0x79, 0xC7, 0xF0, 0x7C, 0x00, 0x03,
    0xF8, 0xFF, 0xBF, 0xFF, 0x8F, 0xF1, 0xFE, 0x3F, 0xC7, 0xF8, 0xFF, 0x1F, 0xFF, 0xDF, 0xF1, 0xFC,
    0x30, 0xE1, 0xEE, 0x07, 0xE0, 0x1F, 0x00, 0x00, 0x00, 0x03, 0xC1, 0xFE, 0x0F, 0xF0, 0x7F, 0x83,
    0xFC, 0x1F, 0xE0, 0xFF, 0x07, 0xF8, 0x3F, 0xC1, 0xFE, 0x0F, 0xF0, 0xFF, 0xC7, 0xBF, 0xFC, 0xFF,
    0xC3, 0xFC, 0x00, 0x7B, 0xC7, 0xF0, 0x7C, 0x00, 0x0F, 0x1F, 0xE3, 0xFC, 0x7F, 0x8F, 0xF1, 0xFE,
    0x3F, 0xC7, 0xF9, 0xFF, 0x3F, 0xFF, 0xFF, 0xFB, 0xEF, 0x1F, 0xC0, 0xFE, 0x07, 0xF0, 0x3B, 0x81,
    0xFC, 0x0E, 0xE0, 0x00, 0x00, 0x00, 0xF0, 0x7F, 0x83, 0xFC, 0x1F, 0xE0, 0xFF, 0x07, 0xF8, 0x3F,
    0xC1, 0xFE, 0x0F, 0xF0, 0x7F, 0x83, 0xFC, 0x3F, 0xF1, 0xEF, 0xFF, 0x3F, 0xF0, 0xFF, 0x00, 0x3F,
    0x8F, 0xF1, 0xFE, 0x00, 0x03, 0xB8, 0xFF, 0x0E, 0xE7, 0x8F, 0xF1, 0xFE, 0x3F, 0xC7, 0xF8, 0xFF,
    0x1F, 0xE3, 0xFC, 0xFF, 0x9F, 0xFF, 0xFF, 0xFD, 0xF3, 0x80, 0x03, 0xE0, 0x1E, 0x01, 0xC0, 0x3B,
    0x81, 0xFE, 0x0E, 0xE0, 0x00, 0x00, 0x00, 0xF0, 0x7F, 0x83, 0xFC, 0x1F, 0xE0, 0xFF, 0x07, 0xF8,
    0x3F, 0xC1, 0xFE, 0x0F, 0xF0, 0x7F, 0x83, 0xFC, 0x3F, 0xF1, 0xEF, 0xFF, 0x3F, 0xF0, 0xFF, 0x00,
    0x07, 0xC0, 0xE0, 0x38, 0x00, 0x03, 0xB8, 0xFF, 0x0E, 0xE7, 0x8F, 0xF1, 0xFE, 0x3F, 0xC7, 0xF8,
    0xFF, 0x1F, 0xE3, 0xFC, 0xFF, 0x9F, 0xFF, 0xFF, 0xFD, 0xF3, 0x80, 0x3D, 0xE0, 0xFE, 0x03, 0xE0,
    0x3B, 0x81, 0xFE, 0x0E, 0xE0, 0x00, 0x00, 0x00, 0xF0, 0x7F, 0x83, 0xFC, 0x1F, 0xE0, 0xFF, 0x07,
    0xF8, 0x3F, 0xC1, 0xFE, 0x0F, 0xF0, 0x7F, 0x83, 0xFC, 0x3F, 0xF1, 0xEF, 0xFF, 0x3F, 0xF0, 0xFF,
    0x00, 0x7B, 0x87, 0xE0, 0x78, 0x00, 0x03, 0xB8, 0xFF, 0x0E, 0xE7, 0x8F, 0xF1, 0xFE, 0x3F, 0xC7,
    0xF8, 0xFF, 0x1F, 0xE3, 0xFC, 0xFF, 0x9F, 0xFF, 0xFF, 0xFD, 0xF3, 0x80, 0x3E, 0x00, 0xF0, 0x01,
    0xC0, 0x3B, 0x81, 0xFE, 0x0E, 0xE0, 0x00, 0x00, 0x00, 0xF0, 0x7F, 0x83, 0xFC, 0x1F, 0xE0, 0xFF,
    0x07, 0xF8, 0x3F, 0xC1, 0xFE, 0x0F, 0xF0, 0x7F, 0x83, 0xFC, 0x3F, 0xF1, 0xEF, 0xFF, 0x3F, 0xF0,
    0xFF, 0x00, 0x7C, 0x07, 0x80, 0x38, 0x00, 0x03, 0xB8, 0xFF, 0x0E, 0xE7, 0x8F, 0xF1, 0xFE, 0x3F,
    0xC7, 0xF8, 0xFF, 0x1F, 0xE3, 0xFC, 0xFF, 0x9F, 0xFF, 0xFF, 0xFD, 0xF3, 0x80, 0x7F, 0x1F, 0xF3,
    0xFF, 0x01, 0xE0, 0x1D, 0xFF, 0xFF, 0xFF, 0xFE, 0xF3, 0xDF, 0xF9, 0xFE, 0x1F, 0x80, 0x0F, 0xE0,
    0x1F, 0xE0, 0x3F, 0xC0, 0x00, 0x00, 0xEE, 0x01, 0xFE, 0x03, 0xB8, 0x00, 0x00, 0x07, 0xC0, 0x0F,
    0x80, 0x3F, 0x80, 0x7F, 0x00, 0xEE, 0x03, 0xDE, 0x07, 0xBC, 0x0E, 0x3C, 0x3F, 0xF8, 0x7F, 0xF0,
    0xFF, 0xF3, 0xC1, 0xE7, 0x83, 0xDF, 0x03, 0xFC, 0x07, 0x80, 0x3F, 0x8F, 0xF9, 0xFF, 0x00, 0x03,
    0xB8, 0xF7, 0x8E, 0xE3, 0xFC, 0x7F, 0xCF, 0xF8, 0x07, 0x9F, 0xF7, 0xFF, 0xFF, 0xFC, 0x7F, 0x9F,
    0xFF, 0xFF, 0xFD, 0xFB, 0x80, 0x0F, 0xE0, 0x1F, 0xC0, 0x3F, 0x80, 0x00, 0x00, 0x38, 0x00, 0xF0,
    0x00, 0xE0, 0x00, 0x00, 0x07, 0xC0, 0x1F, 0x80, 0x3F, 0x80, 0x7F, 0x01, 0xEF, 0x03, 0xDE, 0x07,
    0x3C, 0x1E, 0x3C, 0x3F, 0xF8, 0x7F, 0xF1, 0xFF, 0xF3, 0xC1, 0xE7, 0x83, 0xDE, 0x03, 0xFC, 0x07,
    0x80, 0x3F, 0x87, 0xF0, 0xFE, 0x00, 0x00, 0xE0, 0x3C, 0x03, 0x81, 0xFC, 0x7F, 0xCF, 0xF8, 0x07,
    0x9F, 0xF7, 0xFF, 0xFF, 0xFC, 0x7F, 0x9F, 0xFF, 0xFF, 0xFD, 0xF7, 0x80, 0x00, 0xFE, 0x00, 0x0F,
    0xE0, 0x00, 0xFE, 0x00, 0x00, 0x00, 0x01, 0xFF, 0xF0, 0x1F, 0xFF, 0x03, 0xFF, 0xF0, 0x3B, 0xC0,
    0x07, 0xBC, 0x00, 0x7B, 0xFE, 0x0F, 0x3F, 0xE0, 0xF3, 0xFE, 0x1F, 0xFC, 0x01, 0xFF, 0xC0, 0x1F,
    0xFC, 0x03, 0xC3, 0xC0, 0x38, 0x3F, 0xF7, 0x83, 0xFF, 0x78, 0x3F, 0xF0, 0x07, 0xF0, 0x01, 0xFC,
    0x00, 0x7F, 0x01, 0xFD, 0xF8, 0x7F, 0xFF, 0x1F, 0xFF, 0xE0, 0x3E, 0x78, 0xFF, 0xFF, 0x7F, 0xFF,
    0xFF, 0xFF, 0xFF, 0x3C, 0x03, 0xCF, 0x80, 0xFF, 0xFF, 0xBF, 0xFF, 0xE7, 0xE7, 0xF0, 0x0F, 0xF0,
    0xFF, 0xC7, 0xFF, 0x1E, 0x00, 0xF0, 0x03, 0xC7, 0xCF, 0x1F, 0xBC, 0x7E, 0xF0, 0x7B, 0xC7, 0xFF,
    0x1F, 0xFE, 0x7F, 0x7F, 0xF8, 0xFF, 0xE1, 0xFF, 0x00, 0x3E, 0xE7, 0xFE, 0xFF, 0xEF, 0x1E, 0xF1,
    0xEF, 0x1E, 0xF1, 0xEF, 0x1E, 0xFF, 0xE7, 0xFE, 0x3F, 0xE0, 0x1E, 0x0F, 0xF0, 0xFF, 0xFF, 0xEF,
    0xFC, 0x7F, 0x80, 0x38, 0x70, 0xFF, 0x03, 0xF0, 0x0F, 0x80, 0x00, 0x00, 0x00, 0x3F, 0xC7, 0xFE,
    0x7F, 0xF3, 0xC0, 0x3C, 0x01, 0xE0, 0x0F, 0x3F, 0xF9, 0xFF, 0xCF, 0xFE, 0x0F, 0xF0, 0x7F, 0xC3,
    0xDF, 0xFE, 0x7F, 0xF1, 0xFF, 0x00, 0x79, 0xE7, 0xF8, 0x7E, 0x00, 0x03, 0xEE, 0xFF, 0xFF, 0xFF,
    0x8F, 0xF1, 0xFE, 0x3F, 0xC7, 0xF8, 0xFF, 0x1F, 0xFF, 0xDF, 0xF9, 0xFF, 0x01, 0xF0, 0x3F, 0xFF,
    0xFF, 0xEF, 0xF8, 0x79, 0xC1, 0xFE, 0x07, 0xE0, 0x1E, 0x00, 0x00, 0x78, 0x7B, 0xC7, 0x9E, 0x78,
    0xF7, 0xC7, 0xFC, 0x3F, 0xC1, 0xFC, 0x0F, 0xF0, 0x7F, 0x83, 0xDE, 0x1E, 0xF8, 0xF3, 0xC7, 0x9F,
    0x3C, 0x79, 0xE1, 0xE0, 0xF3, 0x80, 0xFF, 0x00, 0xFC, 0x00, 0xF0, 0x00, 0x00, 0x03, 0xC0, 0x07,
    0x80, 0x0F, 0x00, 0x1E, 0x00, 0x3C, 0x78, 0x79, 0xE0, 0xF7, 0x81, 0xFF, 0x03, 0xFC, 0x07, 0xF0,
    0x0F, 0xF0, 0x1F, 0xF0, 0x3D, 0xE0, 0x79, 0xE0, 0xF3, 0xE1, 0xE3, 0xC0, 0x1F, 0xE0, 0xFF, 0xC7,
    0xFF, 0xBE, 0x1F, 0xF0, 0x3F, 0xC0, 0xFF, 0x03, 0xFC, 0x0F, 0xF0, 0x3F, 0xC0, 0xFF, 0x03, 0xFE,
    0x1F, 0x7F, 0xF8, 0xFF, 0xC1, 0xFE, 0x01, 0xC0, 0x07, 0x00, 0x1E, 0x00, 0x78, 0x01, 0xE0, 0x3F,
    0x8F, 0xFB, 0xFF, 0xF8, 0xFF, 0x1F, 0xE3, 0xFC, 0x7F, 0x8F, 0xF1, 0xFF, 0xFD, 0xFF, 0x1F, 0xC0,
    0xC0, 0x38, 0x07, 0x80, 0xF0, 0x0E, 0x00, 0x0F, 0xE0, 0x3F, 0x80, 0xFE, 0x00, 0x00, 0x1F, 0xE0,
    0xFF, 0xC7, 0xFF, 0xBE, 0x1F, 0xF0, 0x3F, 0xC0, 0xFF, 0x01, 0xFC, 0x07, 0xF0, 0x1F, 0xC0, 0xFF,
    0x03, 0xFE, 0x1F, 0x7F, 0xF8, 0xFF, 0xC1, 0xFE, 0x01, 0xC0, 0x07, 0x00, 0x1E, 0x00, 0x78, 0x01,
    0xE0, 0x3F, 0x87, 0xF0, 0xFE, 0x1F, 0xC7, 0xFD, 0xFF, 0xFC, 0x7F, 0x8F, 0xF0, 0xFE, 0x1F, 0xC7,
    0xF8, 0xFF, 0xFE, 0xFF, 0x8F, 0xE0, 0x70, 0x0E, 0x01, 0xE0, 0x3C, 0x07, 0x80, 0x71, 0xE3, 0xBC,
    0x1F, 0x81, 0xF0, 0x00, 0x00, 0x00, 0x7F, 0xE7, 0xFE, 0x7F, 0xE0, 0x7C, 0x0F, 0x81, 0xE0, 0x3F,
    0x83, 0xFE, 0x1F, 0xE0, 0x1E, 0x00, 0xFC, 0x1E, 0xFF, 0xEF, 0xFC, 0xFF, 0x80, 0x79, 0xE3, 0xFC,
    0x1F, 0x80, 0x00, 0x7F, 0xE7, 0xFE, 0x7F, 0xE0, 0x7C, 0x0F, 0x81, 0xF0, 0x1F, 0x03, 0xFC, 0x3F,
    0xE0, 0x3E, 0x01, 0xE0, 0x0F, 0x00, 0xF8, 0x1E, 0xFF, 0xEF, 0xFC, 0xFF, 0x80, 0xF3, 0x9F, 0xC3,
    0xE0, 0x00, 0x1E, 0x07, 0x81, 0xE0, 0x78, 0x1E, 0x07, 0x81, 0xE0, 0x78, 0x1E, 0x07, 0x81, 0xE0,
    0x78, 0x1E, 0x0F, 0x8F, 0xC3, 0xF0, 0xF8, 0x00, 0xFF, 0x83, 0xFF, 0xFF, 0xE1, 0xFF, 0xFF, 0xF8,
    0xFF, 0xFE, 0x3E, 0x01, 0xEF, 0x0F, 0x01, 0xF7, 0x87, 0x80, 0xF3, 0xC1, 0xE0, 0xF1, 0xE0, 0xF0,
    0xF8, 0xF0, 0x78, 0x78, 0x78, 0x78, 0x78, 0x3C, 0x3C, 0x7C, 0x1E, 0x3E, 0x3C, 0x0F, 0xFE, 0x3F,
    0xFF, 0xFE, 0x1F, 0xFF, 0xFE, 0x0F, 0xFE, 0xFF, 0x80, 0x01, 0xFF, 0x80, 0x03, 0xFF, 0x80, 0x07,
    0x8F, 0x9F, 0xFF, 0x0F, 0x3F, 0xFE, 0x1E, 0x7F, 0xFC, 0x1E, 0x0F, 0x78, 0x3C, 0x3E, 0xF0, 0x78,
    0x79, 0xE1, 0xE1, 0xE3, 0xC3, 0xC7, 0xC7, 0x8F, 0x8F, 0x0F, 0xFE, 0x3F, 0xFF, 0xF8, 0x7F, 0xFF,
    0xE0, 0xFF, 0x80, 0x01, 0xE0, 0x00, 0x07, 0x80, 0x00, 0x1E, 0x00, 0x00, 0x78, 0x00, 0x3F, 0xE7,
    0xFD, 0xFF, 0x9F, 0xFF, 0xFE, 0x7F, 0xFC, 0x78, 0x1E, 0xF1, 0xE0, 0xFB, 0xC7, 0x83, 0xCF, 0x1E,
    0x1E, 0x3C, 0x78, 0xF8, 0xF1, 0xE3, 0xC3, 0xFF, 0x9F, 0xF7, 0xFE, 0x7F, 0xCF, 0xB9, 0xFF, 0x01,
    0xE0, 0x1E, 0x01, 0xE0, 0x0E, 0x00, 0x00, 0x00, 0x00, 0x3F, 0xC7, 0xFE, 0x7F, 0xF3, 0xC0, 0x3C,
    0x01, 0xE0, 0x0F, 0x3F, 0xF9, 0xFF, 0xCF, 0xFE, 0x0F, 0xF0, 0x7F, 0xC3, 0xDF, 0xFE, 0x7F, 0xF1,
    0xFF, 0x00, 0x07, 0xC0, 0xF0, 0x38, 0x00, 0x03, 0xEE, 0xFF, 0xFF, 0xFF, 0x8F, 0xF1, 0xFE, 0x3F,
    0xC7, 0xF8, 0xFF, 0x1F, 0xFF, 0xDF, 0xF9, 0xFF, 0x01, 0xF0, 0x3F, 0xFF, 0xFF, 0xEF, 0xF8, 0xF0,
    0xF0, 0x1E, 0x1E, 0x03, 0xC3, 0xC0, 0x78, 0x78, 0xFF, 0x0F, 0x1F, 0xFF, 0xE3, 0xFF, 0xFC, 0x7F,
    0xFF, 0x8F, 0xF0, 0xF1, 0xFE, 0x1E, 0x3F, 0xC3, 0xC7, 0xF8, 0x79, 0xEF, 0x0F, 0xFD, 0xE0, 0xFF,
    0x3C, 0x0F, 0xC0, 0xEF, 0xCF, 0xFE, 0xFF, 0xEF, 0x9E, 0xF0, 0xFF, 0x0F, 0xF0, 0xFF, 0x1E, 0xF1,
    0xEF, 0x3E, 0xF7, 0xCF, 0xF8, 0xFF, 0x0F, 0xE0, 0xF8, 0x0F, 0x00, 0xF0, 0x0F, 0x00, 0xF0, 0x0F,
    0x00, 0x0F, 0x00, 0x3C, 0x00, 0x78, 0x00, 0x60, 0x00, 0x03, 0xE0, 0xFF, 0x83, 0xFF, 0x0F, 0xFC,
    0x3F, 0xF8, 0xFF, 0xF3, 0xFF, 0xCF, 0xF7, 0xBF, 0xDE, 0xFF, 0x3F, 0xFC, 0xFF, 0xF1, 0xFF, 0xC7,
    0xFF, 0x0F, 0xFC, 0x3F, 0x3C, 0x03, 0xC0, 0x3C, 0x00, 0x0E, 0xF9, 0xFF, 0xBF, 0xF7, 0x9F, 0xF1,
    0xFE, 0x3F, 0xC7, 0xF8, 0xFF, 0x1F, 0xE3, 0xFC, 0x7F, 0x8F, 0x01, 0xE0, 0x07, 0x80, 0x0E, 0x00,
    0x3E, 0x00, 0x7C, 0x00, 0xD8, 0x01, 0xF0, 0x03, 0xE0, 0x0F, 0xE0, 0x1F, 0xC0, 0x3F, 0x80, 0xF7,
    0x81, 0xEF, 0x03, 0xDE, 0x0F, 0x1E, 0x1F, 0xFC, 0x3F, 0xF8, 0xFF, 0xF9, 0xE0, 0xF3, 0xC1, 0xEF,
    0x01, 0xE0, 0x07, 0x81, 0xE0, 0x30, 0x0F, 0x81, 0xF0, 0x36, 0x07, 0xC0, 0xF8, 0x00, 0x07, 0xF1,
    0xFF, 0x3F, 0xE0, 0x1E, 0x7F, 0xDF, 0xFF, 0xFF, 0xF9, 0xFE, 0x7F, 0xFF, 0xFF, 0xF7, 0xDE, 0x00,
    0x3E, 0x00, 0x07, 0x80, 0x01, 0xE0, 0x00, 0x70, 0x00, 0x00, 0x00, 0x07, 0xFF, 0xC0, 0xFF, 0xF8,
    0x3F, 0xFF, 0x07, 0xBC, 0x00, 0xE7, 0x80, 0x3C, 0xFF, 0x87, 0x1F, 0xF1, 0xE3, 0xFE, 0x3F, 0xF8,
    0x0F, 0xFF, 0x01, 0xFF, 0xE0, 0x78, 0x3C, 0x0F, 0x07, 0xFD, 0xC0, 0xFF, 0xF8, 0x1F, 0xF0, 0x00,
    0xF0, 0x00, 0x78, 0x00, 0x3C, 0x00, 0x00, 0x00, 0x7F, 0x7E, 0x1F, 0xFF, 0xC7, 0xFF, 0xF8, 0x0F,
    0x9E, 0x3F, 0xFF, 0xDF, 0xFF, 0xFF, 0xFF, 0xFF, 0xCF, 0x00, 0xF3, 0xE0, 0x3F, 0xFF, 0xEF, 0xFF,
    0xF9, 0xF9, 0xFC, 0x01, 0xF0, 0x07, 0x80, 0x3C, 0x01, 0xE0, 0x00, 0x00, 0x00, 0x61, 0xFF, 0x8F,
    0xFE, 0x7F, 0xFB, 0xE3, 0xFF, 0x1F, 0xFC, 0x7F, 0xF3, 0xBF, 0xDE, 0xFF, 0x73, 0xFF, 0x8F, 0xFE,
    0x3F, 0xF1, 0xF7, 0xFF, 0x9F, 0xFC, 0x7F, 0xE0, 0x80, 0x00, 0x07, 0x81, 0xE0, 0x78, 0x00, 0x03,
    0xFC, 0xFF, 0xBF, 0xFF, 0x9F, 0xF7, 0xFF, 0xFF, 0xFF, 0xFE, 0xFF, 0xDF, 0xFF, 0xDF, 0xF3, 0xFC,
    0x20, 0x00, 0x7B, 0x80, 0x7F, 0x80, 0x7B, 0x80, 0x00, 0x00, 0x00, 0x00, 0xF8, 0x03, 0xF0, 0x07,
    0xE0, 0x0F, 0xE0, 0x3F, 0xC0, 0x7B, 0x80, 0xE7, 0x83, 0xCF, 0x07, 0xFF, 0x0F, 0xFE, 0x3F, 0xFC,
    0x78, 0x3D, 0xF0, 0x7B, 0xC0, 0xF7, 0x81, 0xF0, 0x7F, 0x83, 0xB8, 0x1D, 0xC0, 0x00, 0x1F, 0xC3,
    0xFE, 0x3F, 0xE0, 0x0F, 0x1F, 0xF3, 0xFF, 0x7F, 0xF7, 0xCF, 0x79, 0xF7, 0xFF, 0x7F, 0xF3, 0xFF,
    0x03, 0xC0, 0x07, 0xE0, 0x0F, 0xF0, 0x0E, 0x70, 0x0C, 0x30, 0x00, 0x00, 0x03, 0xE0, 0x07, 0xE0,
    0x07, 0xE0, 0x0F, 0xF0, 0x0F, 0xF0, 0x0F, 0x70, 0x1E, 0x78, 0x1E, 0x78, 0x1F, 0xF8, 0x3F, 0xFC,
    0x3F, 0xFC, 0x3C, 0x3C, 0x78, 0x1E, 0x78, 0x1E, 0x78, 0x1E, 0x1F, 0x07, 0xF1, 0xFF, 0x30, 0xE3,
    0xF8, 0xFF, 0x9F, 0xF0, 0x0F, 0x3F, 0xEF, 0xFF, 0xFF, 0xF8, 0xFF, 0x3F, 0xFF, 0xFF, 0xFB, 0xEF,
    0x7F, 0x07, 0x70, 0x77, 0x00, 0x00, 0x00, 0x7F, 0xCF, 0xF9, 0xFF, 0x3C, 0x07, 0x80, 0xFF, 0x1F,
    0xE3, 0xFC, 0x78, 0x0F, 0x01, 0xE0, 0x3C, 0x07, 0xFC, 0xFF, 0x9F, 0xF0, 0x77, 0x83, 0xDC, 0x07,
    0x70, 0x00, 0x01, 0xFC, 0x1F, 0xF1, 0xFF, 0xCF, 0x1E, 0x7F, 0xFB, 0xFF, 0xDF, 0xFE, 0xF0, 0x07,
    0x80, 0x3F, 0xF8, 0xFF, 0xC3, 0xFC, 0x1C, 0x3F, 0x1F, 0xDC, 0xEE, 0x30, 0x03, 0xFF, 0xFF, 0xFF,
    0xF8, 0x3C, 0x1F, 0xEF, 0xF7, 0xFB, 0xC1, 0xE0, 0xF0, 0x78, 0x3F, 0xFF, 0xFF, 0xF8, 0x1F, 0x83,
    0xFC, 0x7F, 0xC6, 0x0C, 0x3F, 0x87, 0xFC, 0xFF, 0xEF, 0x1E, 0xFF, 0xFF, 0xFF, 0xFF, 0xFF, 0x00,
    0xF0, 0x0F, 0xFE, 0x7F, 0xE3, 0xFC, 0x7F, 0x8E, 0xE1, 0xDC, 0x00, 0x00, 0x07, 0xF1, 0xFC, 0x3E,
    0x0F, 0x03, 0xC0, 0xF0, 0x3C, 0x0F, 0x03, 0xC0, 0xF0, 0x3C, 0x0F, 0x03, 0xE1, 0xFC, 0x7F, 0xFF,
    0x3B, 0x8E, 0xE0, 0x00, 0xF0, 0x78, 0x3C, 0x1E, 0x0F, 0x07, 0x83, 0xC1, 0xE0, 0xF0, 0x78, 0x3C,
    0x1E, 0x1C, 0x3F, 0x9F, 0xDE, 0x7C, 0x38, 0x01, 0xFC, 0xFE, 0x3E, 0x1E, 0x0F, 0x07, 0x83, 0xC1,
    0xE0, 0xF0, 0x78, 0x3C, 0x1E, 0x0F, 0x8F, 0xE7, 0xF0, 0x3F, 0x3F, 0xBF, 0xE8, 0x31, 0xE0, 0xF0,
    0x78, 0x3C, 0x1E, 0x0F, 0x07, 0x83, 0xC1, 0xE0, 0xF0, 0x78, 0x3C, 0x7F, 0x80, 0xFF, 0x01, 0xDC,
    0x00, 0x00, 0x00, 0x00, 0x7F, 0x83, 0xFF, 0x1F, 0xFE, 0xF8, 0x7F, 0xC0, 0xFF, 0x03, 0xFC, 0x0F,
    0xF0, 0x3F, 0xC0, 0xFF, 0x03, 0xFC, 0x0F, 0xF8, 0x7D, 0xFF, 0xE3, 0xFF, 0x07, 0xF8, 0xFF, 0x0E,
    0xE0, 0xEE, 0x00, 0x03, 0xF8, 0xFF, 0xBF, 0xFF, 0x8F, 0xF1, 0xFE, 0x3F, 0xC7, 0xF8, 0xFF, 0x1F,
    0xFF, 0xDF, 0xF1, 0xFC, 0x07, 0x80, 0x3F, 0x01, 0xFE, 0x07, 0x38, 0x18, 0x60, 0x00, 0x01, 0xFE,
    0x0F, 0xFC, 0x7F, 0xFB, 0xE1, 0xFF, 0x03, 0xFC, 0x0F, 0xF0, 0x3F, 0xC0, 0xFF, 0x03, 0xFC, 0x0F,
    0xF0, 0x3F, 0xE1, 0xF7, 0xFF, 0x8F, 0xFC, 0x1F, 0xE0, 0x1F, 0x07, 0xF1, 0xFF, 0x30, 0x63, 0xF8,
    0xFF, 0xBF, 0xFF, 0x8F, 0xF1, 0xFE, 0x3F, 0xC7, 0xF8, 0xFF, 0x1F, 0xFF, 0xDF, 0xF1, 0xFC, 0xFF,
    0x03, 0xFC, 0x0E, 0xE0, 0x00, 0x00, 0x00, 0x3F, 0xE1, 0xFF, 0x8F, 0xFC, 0x79, 0xF3, 0xC7, 0x9E,
    0x78, 0xFF, 0xC7, 0xFC, 0x3F, 0xC1, 0xEF, 0x0F, 0x78, 0x79, 0xE3, 0xCF, 0x9E, 0x3C, 0xF1, 0xF0,
    0xFF, 0x1D, 0xC3, 0xB8, 0x00, 0x3B, 0xCF, 0xF3, 0xFC, 0xF0, 0x3C, 0x0F, 0x03, 0xC0, 0xF0, 0x3C,
    0x0F, 0x03, 0xC0, 0xF0, 0x1E, 0x03, 0xF0, 0x7F, 0x87, 0x38, 0x61, 0x80, 0x00, 0xFF, 0x8F, 0xFC,
    0xFF, 0xCF, 0x3E, 0xF1, 0xEF, 0x3C, 0xFF, 0xCF, 0xF8, 0xFF, 0x0F, 0x78, 0xF7, 0x8F, 0x3C, 0xF3,
    0xEF, 0x1E, 0xF1, 0xF0, 0x3F, 0x3F, 0xBF, 0xEC, 0x37, 0x7B, 0xFD, 0xFC, 0xF0, 0x78, 0x3C, 0x1E,
    0x0F, 0x07, 0x83, 0xC1, 0xE0, 0xF0, 0xFF, 0x03, 0xFC, 0x0E, 0xE0, 0x00, 0x00, 0x00, 0x78, 0x3F,
    0xC1, 0xFE, 0x0F, 0xF0, 0x7F, 0x83, 0xFC, 0x1F, 0xE0, 0xFF, 0x07, 0xF8, 0x3F, 0xC1, 0xFE, 0x1F,
    0xF8, 0xF7, 0xFF, 0x9F, 0xF8, 0x7F, 0x80, 0x7F, 0x03, 0xF8, 0x1F, 0x80, 0x00, 0x78, 0xF7, 0x8F,
    0x78, 0xF7, 0x8F, 0x78, 0xF7, 0x8F, 0x78, 0xF7, 0x9F, 0x79, 0xF7, 0xFF, 0x7F, 0xF3, 0xEF, 0x0F,
    0x00, 0xFC, 0x0F, 0xF0, 0x73, 0x83, 0x0C, 0x00, 0x03, 0xC1, 0xFE, 0x0F, 0xF0, 0x7F, 0x83, 0xFC,
    0x1F, 0xE0, 0xFF, 0x07, 0xF8, 0x3F, 0xC1, 0xFE, 0x0F, 0xF0, 0xFF, 0xC7, 0xBF, 0xFC, 0xFF, 0xC3,
    0xFC, 0x00, 0x3F, 0x07, 0xF1, 0xFE, 0x30, 0xCF, 0x1F, 0xE3, 0xFC, 0x7F, 0x8F, 0xF1, 0xFE, 0x3F,
    0xC7, 0xF9, 0xFF, 0x3F, 0xFF, 0xFF, 0xFB, 0xEF, 0x3F, 0xDF, 0xFF, 0xFF, 0xC2, 0xF0, 0x3E, 0x0F,
    0xE1, 0xFE, 0x1F, 0xC1, 0xF0, 0x3F, 0x0F, 0xFF, 0xFF, 0xEF, 0xF0, 0x00, 0x00, 0x07, 0x81, 0xC0,
    0x70, 0x7F, 0xFF, 0xFF, 0xFE, 0x0F, 0xC7, 0xF8, 0xFE, 0x1F, 0x87, 0xFF, 0xFF, 0xFF, 0xE0, 0x00,
    0x00, 0x70, 0x38, 0x38, 0x00, 0xFF, 0xFF, 0xFF, 0xFF, 0x87, 0x80, 0xF0, 0x1E, 0x03, 0xC0, 0x78,
    0x0F, 0x01, 0xE0, 0x3C, 0x07, 0x80, 0xF0, 0x1E, 0x03, 0xC0, 0x00, 0x00, 0x01, 0xE0, 0x38, 0x07,
    0x00, 0x38, 0x38, 0xFF, 0xFF, 0xFF, 0x78, 0x78, 0x78, 0x78, 0x78, 0x78, 0x3F, 0x3F, 0x1F, 0x00,
    0x00, 0x1E, 0x1C, 0x1C, 0x7F, 0xCF, 0xFE, 0xFF, 0xE6, 0x1F, 0x00, 0xF0, 0x1E, 0x0F, 0xE3, 0xFC,
    0x3F, 0xE1, 0x9E, 0x00, 0xF0, 0x0F, 0x01, 0xE0, 0x1E, 0x07, 0xE1, 0xFC, 0xFF, 0x8F, 0xE0, 0xF8,
    0x0C, 0x00, 0xFF, 0x3F, 0xEF, 0xF8, 0x0F, 0x07, 0x83, 0xE3, 0xF0, 0xFC, 0x3F, 0x80, 0xE0, 0x3C,
    0x1E, 0x0F, 0x8F, 0xEF, 0xF3, 0xF0, 0xF0, 0x00, 0x00, 0x39, 0xE1, 0xFE, 0x07, 0xE0, 0x1E, 0x00,
    0x00, 0x78, 0x3F, 0xC1, 0xFE, 0x0F, 0xF0, 0x7F, 0x83, 0xFF, 0xFF, 0xFF, 0xFF, 0xFF, 0xF8, 0x3F,
    0xC1, 0xFE, 0x0F, 0xF0, 0x7F, 0x83, 0xFC, 0x1F, 0xE0, 0xF0, 0xF3, 0x81, 0xFC, 0x03, 0xF0, 0x07,
    0x80, 0x00, 0x00, 0x78, 0x01, 0xE0, 0x07, 0x80, 0x1E, 0x00, 0x7F, 0xC1, 0xFF, 0x87, 0xFE, 0x1E,
    0x7C, 0x78, 0xF1, 0xE3, 0xC7, 0x8F, 0x1E, 0x3C, 0x78, 0xF1, 0xE3, 0xC7, 0x8F, 0x1E, 0x3C, 0x78,
    0xF8, 0xF0, 0x70, 0x3E, 0x79, 0xE7, 0x80, 0x1E, 0x0F, 0xC7, 0xF1, 0xCE, 0x39, 0x9F, 0xE7, 0xFB,
    0xBC, 0xFF, 0xFF, 0xF8, 0xFF, 0xFF, 0xFF, 0xE0, 0xC3, 0xFF, 0xFF, 0x7E, 0xEF, 0xE0, 0xEF, 0xFF,
    0xB8, 0xF7, 0x9E, 0xEF, 0x30, 0xFF, 0xF7, 0xBF, 0x90, 0x3F, 0xDF, 0xEF, 0xF0, 0x61, 0xDE, 0xE3,
    0xF8, 0x7C, 0xDB, 0x60, 0xCF, 0x3C, 0xF3, 0xFF, 0x3B, 0x8E, 0xE0, 0x1C, 0x1E, 0xFF, 0xE3, 0x7F,
    0x7E, 0x3C, 0x7E, 0xFF, 0xE7, 0xC3, 0x73, 0xBD, 0xEE, 0x00, 0x77, 0xBD, 0xCE, 0x00, 0xE7, 0xBC,
    0xE7, 0x00, 0x77, 0xBD, 0xCE, 0x00, 0xF8, 0xF0, 0xF0, 0xF0, 0x3C, 0xF9, 0xE7, 0x00, 0x3F, 0x73,
    0xC7, 0xFD, 0x80, 0xFF, 0xC6, 0x31, 0x84, 0x3D, 0xEF, 0xBC, 0xE0, 0xFF, 0x7E, 0x26, 0x6F, 0xF0,
    0xFF, 0x62, 0x6F, 0xF6, 0xFF, 0x39, 0xCE, 0x7F, 0xFF, 0xC0, 0xE7, 0x39, 0xCF, 0xFD, 0xE0, 0xEF,
    0xE0, 0xEF, 0xFF, 0xB8, 0xFF, 0xF7, 0xBF, 0x90, 0x7F, 0xE0, 0x71, 0xE1, 0xFE, 0xF8, 0x7E, 0xEF,
    0xFF, 0xDB, 0x60, 0xFF, 0xFF, 0xC3, 0x41, 0x93, 0xFF, 0xF8, 0x71, 0xDE, 0xE3, 0xF8, 0x7C, 0x1E,
    0x0F, 0xC7, 0xF9, 0xCE, 0xC3, 0xFF, 0xFF, 0x7E, 0x3C, 0x7E, 0xFF, 0xE7, 0xC3, 0x39, 0x9F, 0xE7,
    0xFB, 0xBC, 0xFF, 0xFF, 0xF8, 0xFF, 0xFF, 0xF0, 0xFF, 0xFF, 0xC0, 0x1F, 0xFF, 0xF8, 0x38, 0xDF,
    0xF7, 0xF9, 0xBE, 0xFF, 0xFF, 0xFF, 0xE0, 0xFF, 0xFF, 0xFF, 0xFF, 0xFF, 0xF8, 0x06, 0x0F, 0x3E,
    0xFC, 0xF0, 0x60, 0x01, 0xC0, 0x60, 0x38, 0x0E, 0x07, 0x01, 0xC0, 0x60, 0x38, 0x0E, 0x03, 0x01,
    0xC0, 0x70, 0x38, 0x0E, 0x03, 0x01, 0xC0, 0x70, 0x38, 0x00, 0xDD, 0xFC, 0x41, 0xC3, 0xC3, 0xFF,
    0x7F, 0xFF, 0xFF, 0xF0, 0x7F, 0xF7, 0xF8, 0xFF, 0xFB, 0x91, 0x49, 0xE7, 0x9E, 0x48, 0x6D, 0xB7,
    0xC0, 0xFF, 0xFF, 0xC0, 0x1F, 0xFF, 0xF8, 0xF0, 0xF0, 0xF0, 0xF0, 0x1E, 0x79, 0xE3, 0x80, 0x39,
    0xDF, 0xF7, 0xF9, 0xBE, 0x77, 0x8C, 0xE2, 0x00, 0x0F, 0x1D, 0xFF, 0xFF, 0xFE, 0x70, 0xEE, 0xFF,
    0xFF, 0xFF, 0xFC, 0x0D, 0x01, 0xFF, 0xFF, 0xC0, 0x1F, 0xFF, 0xF8, 0xCF, 0x3C, 0xF3, 0xF7, 0x31,
    0x0C, 0x7F, 0xFF, 0xFE, 0x30, 0x1C, 0x0F, 0x07, 0x0F, 0xBF, 0xFF, 0xF8, 0x70, 0x3C, 0x1C, 0x00,
    0x73, 0xFF, 0xDE, 0x7B, 0xFF, 0xDE, 0x00, 0x66, 0xFF, 0x7E, 0x24, 0x23, 0x9C, 0xC6, 0x00, 0xF3,
    0xCF, 0xF1, 0xCF, 0xC0, 0x83, 0x02, 0x20, 0x04, 0x10, 0x08, 0x08, 0xC0, 0x03, 0xD0, 0x0B, 0xC0,
    0x03, 0x08, 0x08, 0x04, 0x10, 0x02, 0x20, 0xC0, 0x83, 0xC0, 0x03, 0xF3, 0xCF, 0x71, 0xCF, 0xCF,
    0xFC, 0xFF, 0x7E, 0x7E, 0x7F, 0xFF, 0xDF, 0x1C, 0x0F, 0xFF, 0xF0, 0x7E, 0xE7, 0xCF, 0xFC, 0xC6,
    0xFE, 0xFF, 0xCF, 0xDD, 0xFC, 0xEF, 0xE0, 0x31, 0xE7, 0x9E, 0x00, 0xFF, 0xFE, 0x4F, 0xFF, 0xE0,
    0x4C, 0xFF, 0x30, 0x60, 0x01, 0x9E, 0x01, 0xE3, 0xFF, 0xF0, 0x7F, 0xF8, 0x0F, 0xFC, 0x00, 0x60,
    0x01, 0x9E, 0x01, 0xE3, 0xFF, 0xF0, 0x7F, 0xF8, 0x0F, 0xFC, 0x00, 0xFF, 0xFF, 0xFF, 0xC0, 0xFF,
    0xFF, 0xFF, 0xC0, 0x1F, 0x01, 0x9F, 0xFF, 0xE7, 0xFF, 0xFB, 0x8F, 0xFC, 0x03, 0xF0, 0x07, 0xFF,
    0x83, 0xFF, 0xF1, 0xF8, 0x7E, 0x70, 0x03, 0x80, 0x00, 0x00, 0x00, 0x03, 0x3F, 0xFF, 0xDF, 0xFF,
    0xF0, 0x00, 0x60, 0x00, 0x20, 0x7B, 0xDF, 0xF7, 0x80, 0x07, 0xB7, 0xFC, 0x7C, 0xCF, 0xFC, 0x7D,
    0xBC, 0xDB, 0x7C, 0x06, 0xF7, 0xBF, 0xBC, 0x7B, 0x30, 0xD7, 0x80, 0x0C, 0x37, 0xDB, 0xCD, 0xB7,
    0xC0, 0xC6, 0x3F, 0xFD, 0xEF, 0x60, 0xFF, 0xFF, 0xDB, 0xDB, 0xDB, 0xFE, 0xCC, 0xC0, 0x4F, 0xCC,
    0xC7, 0x00, 0xCD, 0xB7, 0x9E, 0x38, 0xFD, 0xE3, 0x9E, 0xFC, 0x78, 0x1E, 0x07, 0x01, 0xC0, 0x07,
    0xFF, 0xFF, 0xFF, 0xF0, 0x78, 0x3F, 0xFF, 0xFF, 0xFF, 0x83, 0xC1, 0xE0, 0xF0, 0x7F, 0xFF, 0xFF,
    0xF0, 0x77, 0x7B, 0xDD, 0xC0, 0x00, 0x07, 0xFF, 0xFF, 0xFF, 0xF0, 0x78, 0x3F, 0xFF, 0xFF, 0xFF,
    0x83, 0xC1, 0xE0, 0xF0, 0x7F, 0xFF, 0xFF, 0xF0, 0xFF, 0xE1, 0xFF, 0xC3, 0xFF, 0x80, 0xF0, 0x01,
    0xE0, 0x03, 0xFF, 0x07, 0xFF, 0x0F, 0xFE, 0x1E, 0x3C, 0x3C, 0x3C, 0x78, 0x78, 0xF1, 0xE1, 0xEF,
    0xC3, 0xDF, 0x87, 0xBE, 0x00, 0x07, 0x87, 0x83, 0x83, 0x80, 0x07, 0xFF, 0xFF, 0xFF, 0xF0, 0x78,
    0x3C, 0x1E, 0x0F, 0x07, 0x83, 0xC1, 0xE0, 0xF0, 0x78, 0x3C, 0x1E, 0x00, 0x1F, 0xE3, 0xFF, 0x7F,
    0xEF, 0x80, 0xF0, 0x0F, 0xFC, 0xFF, 0xCF, 0xFC, 0xF0, 0x0F, 0x00, 0xF0, 0x0F, 0x82, 0x7F, 0xE3,
    0xFE, 0x1F, 0xE0, 0x3F, 0xDF, 0xFF, 0xFF, 0xC2, 0xF0, 0x3E, 0x0F, 0xE1, 0xFE, 0x1F, 0xC1, 0xF0,
    0x3E, 0x0F, 0xFF, 0xFF, 0xEF, 0xF0, 0xFF, 0xFF, 0xFF, 0xFF, 0xFF, 0xFF, 0xFF, 0xF0, 0xFD, 0xFF,
    0xF0, 0x00, 0x0F, 0x1E, 0x3C, 0x78, 0xF1, 0xE3, 0xC7, 0x8F, 0x1E, 0x3C, 0x78, 0xF1, 0xE3, 0xC0,
    0x0F, 0x0F, 0x0F, 0x0F, 0x0F, 0x0F, 0x0F, 0x0F, 0x0F, 0x0F, 0x0F, 0x0F, 0x0F, 0x0F, 0x0F, 0x0E,
    0x1E, 0xFE, 0xFC, 0xF8, 0x1F, 0xF8, 0x00, 0xFF, 0xC0, 0x07, 0xFE, 0x00, 0x3C, 0xF0, 0x01, 0xE7,
    0x80, 0x0F, 0x3F, 0xE0, 0x79, 0xFF, 0x83, 0xCF, 0xFE, 0x3E, 0x78, 0xF1, 0xF3, 0xC3, 0xCF, 0x1E,
    0x1E, 0x78, 0xF1, 0xEF, 0xC7, 0xFF, 0x7E, 0x3F, 0xF3, 0xE1, 0xFF, 0x00, 0xF0, 0xF0, 0x0F, 0x0F,
    0x00, 0xF0, 0xF0, 0x0F, 0x0F, 0x00, 0xF0, 0xF0, 0x0F, 0xFF, 0xF0, 0xFF, 0xFF, 0xCF, 0xFF, 0xFE,
    0xF0, 0xF3, 0xEF, 0x0F, 0x0E, 0xF0, 0xF0, 0xFF, 0x0F, 0x1E, 0xF0, 0xFF, 0xEF, 0x0F, 0xFE, 0xF0,
    0xFF, 0x80, 0xFF, 0xE1, 0xFF, 0xC3, 0xFF, 0x80, 0xF0, 0x01, 0xE0, 0x03, 0xFE, 0x07, 0xFE, 0x0F,
    0xFE, 0x1F, 0x3C, 0x3C, 0x38, 0x78, 0x78, 0xF0, 0xF1, 0xE1, 0xE3, 0xC3, 0xC7, 0x87, 0x80, 0x07,
    0xC0, 0x3C, 0x03, 0x80, 0x18, 0x00, 0x00, 0x78, 0x7B, 0xC7, 0x9E, 0x7C, 0xF3, 0xC7, 0xBC, 0x3F,
    0xC1, 0xFE, 0x0F, 0xF0, 0x7B, 0xC3, 0xDE, 0x1E, 0x78, 0xF3, 0xE7, 0x8F, 0x3C, 0x3D, 0xE1, 0xF0,
    0x1F, 0x00, 0x78, 0x01, 0xE0, 0x07, 0x00, 0x00, 0x78, 0x7F, 0xC3, 0xFE, 0x3F, 0xF1, 0xFF, 0x9F,
    0xFC, 0xFF, 0xEF, 0xFF, 0x77, 0xFF, 0xBF, 0xF9, 0xFF, 0xCF, 0xFC, 0x7F, 0xE3, 0xFE, 0x1F, 0xF0,
    0xF0, 0x1E, 0x70, 0x3D, 0xE0, 0x3F, 0xC0, 0x3F, 0x00, 0x00, 0x00, 0x00, 0x1E, 0x0F, 0x3C, 0x1E,
    0x3C, 0x38, 0x78, 0xF0, 0x71, 0xE0, 0xF7, 0x81, 0xEF, 0x01, 0xFC, 0x03, 0xF8, 0x03, 0xE0, 0x07,
    0xC0, 0x0F, 0x80, 0xFE, 0x01, 0xF8, 0x03, 0xE0, 0x00, 0xF0, 0x7F, 0x83, 0xFC, 0x1F, 0xE0, 0xFF,
    0x07, 0xF8, 0x3F, 0xC1, 0xFE, 0x0F, 0xF0, 0x7F, 0x83, 0xFC, 0x1F, 0xE0, 0xFF, 0xFF, 0xFF, 0xFF,
    0xFF, 0xE1, 0xE0, 0x0F, 0x00, 0x78, 0x00, 0x07, 0xC0, 0x1F, 0x80, 0x3F, 0x00, 0x7F, 0x01, 0xFE,
    0x03, 0xDC, 0x07, 0x3C, 0x1E, 0x78, 0x3F, 0xF8, 0x7F, 0xF1, 0xFF, 0xE3, 0xC1, 0xEF, 0x83, 0xDE,
    0x07, 0xBC, 0x0F, 0x80, 0xFF, 0xDF, 0xFB, 0xFF, 0x78, 0x0F, 0x01, 0xFE, 0x3F, 0xF7, 0xFF, 0xF3,
    0xFE, 0x3F, 0xC7, 0xF8, 0xFF, 0xFF, 0xFF, 0xBF, 0xE0, 0xFF, 0xDF, 0xFF, 0xFF, 0xF8, 0xFF, 0x1F,
    0xE7, 0xFF, 0xF7, 0xFE, 0xFF, 0xFE, 0x3F, 0xC7, 0xF8, 0xFF, 0xFF, 0xFF, 0xBF, 0xE0, 0xFF, 0xFF,
    0xFF, 0xFE, 0x0F, 0x07, 0x83, 0xC1, 0xE0, 0xF0, 0x78, 0x3C, 0x1E, 0x0F, 0x07, 0x83, 0xC0, 0x1F,
    0xFC, 0x1F, 0xFC, 0x1F, 0xFC, 0x1C, 0x3C, 0x1C, 0x3C, 0x1C, 0x3C, 0x1C, 0x3C, 0x1C, 0x3C, 0x1C,
    0x3C, 0x1C, 0x3C, 0x3C, 0x3C, 0x38, 0x3C, 0xFF, 0xFF, 0xFF, 0xFF, 0xFF, 0xFF, 0xF0, 0x0F, 0xF0,
    0x0F, 0xF0, 0x0F, 0xE0, 0x07, 0xFF, 0xFF, 0xFF, 0xFE, 0x0F, 0x07, 0xFF, 0xFF, 0xFF, 0xF0, 0x78,
    0x3C, 0x1E, 0x0F, 0xFF, 0xFF, 0xFE, 0x78, 0x78, 0xF3, 0xC3, 0xC7, 0x8F, 0x1E, 0x78, 0x3C, 0xF7,
    0x81, 0xF7, 0xFC, 0x07, 0xFF, 0xC0, 0x1F, 0xFC, 0x01, 0xFF, 0xF0, 0x0F, 0x7F, 0x80, 0xF3, 0xDE,
    0x0F, 0x9E, 0xF8, 0x78, 0xF3, 0xC7, 0xC7, 0x9F, 0x3C, 0x3C, 0x7B, 0xC1, 0xE3, 0xE0, 0x7F, 0xC7,
    0xFE, 0x7F, 0xE0, 0x0F, 0x01, 0xE1, 0xFE, 0x3F, 0xC3, 0xFC, 0x03, 0xE0, 0x1E, 0x00, 0xF4, 0x1E,
    0x7F, 0xE7, 0xFC, 0x7F, 0x80, 0xF0, 0xFF, 0x87, 0xFC, 0x7F, 0xE3, 0xFF, 0x3F, 0xF9, 0xFF, 0xDF,
    0xFE, 0xEF, 0xFF, 0x7F, 0xF3, 0xFF, 0x9F, 0xF8, 0xFF, 0xC7, 0xFC, 0x3F, 0xE1, 0xE0, 0x3D, 0xE1,
    0xFF, 0x07, 0xF0, 0x00, 0x00, 0x00, 0x78, 0x7F, 0xC3, 0xFE, 0x3F, 0xF1, 0xFF, 0x9F, 0xFC, 0xFF,
    0xEF, 0xFF, 0x77, 0xFF, 0xBF, 0xF9, 0xFF, 0xCF, 0xFC, 0x7F, 0xE3, 0xFE, 0x1F, 0xF0, 0xF0, 0xF0,
    0xF7, 0x8F, 0x3C, 0xF1, 0xE7, 0x8F, 0x78, 0x7F, 0x83, 0xFC, 0x1F, 0xE0, 0xF7, 0x87, 0xBC, 0x3C,
    0xF1, 0xE7, 0xCF, 0x1E, 0x78, 0xFB, 0xC3, 0xC0, 0x1F, 0xFC, 0x7F, 0xF1, 0xFF, 0xC7, 0x8F, 0x1E,
    0x3C, 0x78, 0xF1, 0xE3, 0xC7, 0x8F, 0x1C, 0x3C, 0xF0, 0xF3, 0xC3, 0xCF, 0x0F, 0xFC, 0x3F, 0xE0,
    0xFF, 0x83, 0xC0, 0xF8, 0x1F, 0xF8, 0x1F, 0xFC, 0x3F, 0xFC, 0x3F, 0xFC, 0x3F, 0xFE, 0x7F, 0xFE,
    0x7F, 0xFE, 0x7F, 0xFE, 0x7F, 0xF7, 0xEF, 0xF7, 0xEF, 0xF7, 0xEF, 0xF7, 0xCF, 0xF3, 0xCF, 0xF3,
    0xCF, 0xF0, 0x7F, 0x83, 0xFC, 0x1F, 0xE0, 0xFF, 0x07, 0xFF, 0xFF, 0xFF, 0xFF, 0xFF, 0xF0, 0x7F,
    0x83, 0xFC, 0x1F, 0xE0, 0xFF, 0x07, 0xF8, 0x3F, 0xC1, 0xE0, 0x1F, 0xE0, 0xFF, 0xC7, 0xFF, 0xBE,
    0x1F, 0xF0, 0x3F, 0xC0, 0xFF, 0x03, 0xFC, 0x0F, 0xF0, 0x3F, 0xC0, 0xFF, 0x03, 0xFE, 0x1F, 0x7F,
    0xF8, 0xFF, 0xC1, 0xFE, 0x00, 0xFF, 0xFF, 0xFF, 0xFF, 0xFF, 0xE0, 0xFF, 0x07, 0xF8, 0x3F, 0xC1,
    0xFE, 0x0F, 0xF0, 0x7F, 0x83, 0xFC, 0x1F, 0xE0, 0xFF, 0x07, 0xF8, 0x3F, 0xC1, 0xE0, 0xFF, 0x1F,
    0xFB, 0xFF, 0x79, 0xEF, 0x1F, 0xE7, 0xBD, 0xF7, 0xFE, 0xFF, 0x9F, 0xC3, 0xC0, 0x78, 0x0F, 0x01,
    0xE0, 0x3C, 0x00, 0x1F, 0xE3, 0xFF, 0x7F, 0xEF, 0x80, 0xF0, 0x0F, 0x00, 0xF0, 0x0F, 0x00, 0xF0,
    0x0F, 0x00, 0xF0, 0x0F, 0x80, 0x7F, 0xE3, 0xFE, 0x1F, 0xE0, 0xFF, 0xFF, 0xFF, 0xFF, 0x87, 0x80,
    0xF0, 0x1E, 0x03, 0xC0, 0x78, 0x0F, 0x01, 0xE0, 0x3C, 0x07, 0x80, 0xF0, 0x1E, 0x03, 0xC0, 0x78,
    0x3C, 0xF0, 0x78, 0xF0, 0xE1, 0xE3, 0xC1, 0xC7, 0x83, 0xDE, 0x07, 0xBC, 0x07, 0xF0, 0x0F, 0xE0,
    0x0F, 0x80, 0x1F, 0x00, 0x3E, 0x03, 0xF8, 0x07, 0xE0, 0x0F, 0x80, 0x00, 0x03, 0xC0, 0x0F, 0xFE,
    0x1F, 0xFF, 0x8F, 0xFF, 0xEF, 0xBC, 0xFF, 0x9E, 0x3F, 0xCF, 0x1F, 0xE7, 0x8F, 0xF3, 0xC7, 0xF9,
    0xE7, 0xDF, 0xFF, 0xCF, 0xFF, 0xC1, 0xFF, 0xC0, 0x1E, 0x00, 0x0F, 0x00, 0x78, 0x3C, 0xF0, 0xF0,
    0xF1, 0xE1, 0xF7, 0x81, 0xFF, 0x01, 0xFC, 0x03, 0xF0, 0x03, 0xE0, 0x0F, 0xC0, 0x3F, 0xC0, 0x7F,
    0xC1, 0xE7, 0x87, 0xC7, 0x8F, 0x0F, 0xBC, 0x0F, 0x00, 0xF0, 0x79, 0xE0, 0xF3, 0xC1, 0xE7, 0x83,
    0xCF, 0x07, 0x9E, 0x0F, 0x3C, 0x1E, 0x78, 0x3C, 0xF0, 0x79, 0xE0, 0xF3, 0xC1, 0xE7, 0x83, 0xCF,
    0xFF, 0xFF, 0xFF, 0xFF, 0xFF, 0x80, 0x0F, 0x00, 0x1E, 0x00, 0x3C, 0x00, 0x70, 0xF0, 0xFF, 0x0F,
    0xF0, 0xFF, 0x0F, 0xF0, 0xFF, 0x0F, 0xF9, 0xFF, 0xFF, 0x7F, 0xF3, 0xFF, 0x00, 0xF0, 0x0F, 0x00,
    0xF0, 0x0F, 0x00, 0xF0, 0xF1, 0xE1, 0xFE, 0x3C, 0x3F, 0xC7, 0x87, 0xF8, 0xF0, 0xFF, 0x1E, 0x1F,
    0xE3, 0xC3, 0xFC, 0x78, 0x7F, 0x8F, 0x0F, 0xF1, 0xE1, 0xFE, 0x3C, 0x3F, 0xC7, 0x87, 0xF8, 0xF0,
    0xFF, 0xFF, 0xFF, 0xFF, 0xFF, 0xFF, 0xFF, 0xF8, 0xF1, 0xE1, 0xE7, 0x8F, 0x0F, 0x3C, 0x78, 0x79,
    0xE3, 0xC3, 0xCF, 0x1E, 0x1E, 0x78, 0xF0, 0xF3, 0xC7, 0x87, 0x9E, 0x3C, 0x3C, 0xF1, 0xE1, 0xE7,
    0x8F, 0x0F, 0x3C, 0x78, 0x79, 0xE3, 0xC3, 0xCF, 0xFF, 0xFF, 0xFF, 0xFF, 0xFF, 0xFF, 0xFF, 0xE0,
    0x00, 0x0F, 0x00, 0x00, 0x78, 0x00, 0x03, 0xC0, 0x00, 0x1C, 0xFF, 0x01, 0xFE, 0x03, 0xFC, 0x00,
    0x78, 0x00, 0xF0, 0x01, 0xFF, 0x03, 0xFF, 0x07, 0xFF, 0x0F, 0x1E, 0x1E, 0x3C, 0x3C, 0x78, 0x78,
    0xF0, 0xFF, 0xE1, 0xFF, 0x83, 0xFE, 0x00, 0xF0, 0x0F, 0xF0, 0x0F, 0xF0, 0x0F, 0xF0, 0x0F, 0xF0,
    0x0F, 0xFF, 0x0F, 0xFF, 0x8F, 0xFF, 0xCF, 0xF3, 0xCF, 0xF1, 0xEF, 0xF1, 0xEF, 0xF3, 0xCF, 0xFF,
    0xCF, 0xFF, 0x8F, 0xFF, 0x0F, 0xF0, 0x1E, 0x03, 0xC0, 0x78, 0x0F, 0x01, 0xFF, 0x3F, 0xF7, 0xFF,
    0xF1, 0xFE, 0x3F, 0xC7, 0xF8, 0xFF, 0xFF, 0xFF, 0xBF, 0xE0, 0x7F, 0x83, 0xFE, 0x1F, 0xF8, 0x03,
    0xE0, 0x0F, 0x1F, 0xF8, 0xFF, 0xC7, 0xFF, 0x00, 0x78, 0x07, 0x80, 0x3C, 0x83, 0xE7, 0xFE, 0x3F,
    0xE1, 0xFE, 0x00, 0xF0, 0xFE, 0x1E, 0x3F, 0xF3, 0xCF, 0xFE, 0x7B, 0xE1, 0xEF, 0x78, 0x3D, 0xFF,
    0x07, 0xBF, 0xE0, 0x7F, 0xFC, 0x0F, 0xF7, 0x81, 0xFE, 0xF0, 0x7B, 0xDE, 0x0F, 0x79, 0xE3, 0xEF,
    0x3F, 0xF9, 0xE3, 0xFF, 0x3C, 0x3F, 0x80, 0x0F, 0xF8, 0xFF, 0xCF, 0xFE, 0x78, 0xF3, 0xC7, 0x9E,
    0x3C, 0xFF, 0xE3, 0xFF, 0x0F, 0xF8, 0x7B, 0xC7, 0x9E, 0x7C, 0xF3, 0xC7, 0xBE, 0x3D, 0xE1, 0xE0,
    0x7F, 0x8F, 0xF9, 0xFF, 0x00, 0xE7, 0xFF, 0xFF, 0xFF, 0xFF, 0x8F, 0xF3, 0xFF, 0xFF, 0xFF, 0xBE,
    0xF0, 0x07, 0xC1, 0xFC, 0x3F, 0xE7, 0xF8, 0xF8, 0x0F, 0x70, 0xFF, 0xCF, 0xFE, 0xFB, 0xEF, 0x1E,
    0xF0, 0xFF, 0x0F, 0xF0, 0xEF, 0x1E, 0x7F, 0xE7, 0xFC, 0x3F, 0x80, 0xFF, 0xBF, 0xFF, 0xFF, 0xCF,
    0xFF, 0xFF, 0xEF, 0xFF, 0xCF, 0xF3, 0xFF, 0xFF, 0xFF, 0xFE, 0xFF, 0xFF, 0xFF, 0xF0, 0xF0, 0xF0,
    0xF0, 0xF0, 0xF0, 0xF0, 0xF0, 0xF0, 0x7F, 0xF1, 0xFF, 0xC7, 0xFF, 0x1E, 0x3C, 0x78, 0xF1, 0xE3,
    0xC7, 0x8F, 0x1E, 0x3C, 0x78, 0xF3, 0xFF, 0xEF, 0xFF, 0xFF, 0xFF, 0xF0, 0x3F, 0xC0, 0xFE, 0x03,
    0x80, 0x3F, 0x8F, 0xFB, 0xFF, 0xF8, 0xFF, 0xFF, 0xFF, 0xFF, 0xFF, 0x80, 0xF0, 0x1F, 0xFD, 0xFF,
    0x9F, 0xE0, 0x78, 0xF3, 0xCF, 0x1E, 0x78, 0xF3, 0xDE, 0x0F, 0x7F, 0x81, 0xFF, 0xF0, 0x1F, 0xFC,
    0x03, 0xFF, 0xC0, 0xF7, 0xF8, 0x3E, 0xF7, 0x87, 0x9E, 0xF1, 0xE3, 0xCF, 0x7C, 0x79, 0xF0, 0x7F,
    0x8F, 0xF9, 0xFF, 0x00, 0xE1, 0xFC, 0x7F, 0x0F, 0xF0, 0x1E, 0x01, 0xEF, 0xF9, 0xFF, 0x3F, 0xC0,
    0xF1, 0xFE, 0x7F, 0xCF, 0xFB, 0xFF, 0x7F, 0xFF, 0xFF, 0xFF, 0xEF, 0xFD, 0xFF, 0x3F, 0xE7, 0xF8,
    0xF0, 0x73, 0xCF, 0x79, 0xFE, 0x1F, 0xC0, 0xE1, 0xE3, 0xFC, 0xFF, 0x9F, 0xF7, 0xFE, 0xFF, 0xFF,
    0xFF, 0xFF, 0xDF, 0xFB, 0xFE, 0x7F, 0xCF, 0xF1, 0xE0, 0xF1, 0xEF, 0x3C, 0xF3, 0xCF, 0x78, 0xFF,
    0x0F, 0xF0, 0xFF, 0x0F, 0xF0, 0xF7, 0x8F, 0x7C, 0xF3, 0xEF, 0x1E, 0x1F, 0xF1, 0xFF, 0x1F, 0xF1,
    0xEF, 0x1E, 0xF1, 0xEF, 0x1C, 0xF3, 0xCF, 0x3C, 0xFF, 0xCF, 0xFC, 0xFF, 0x8F, 0xF8, 0x7F, 0xF0,
    0xFF, 0xF1, 0xFF, 0xE7, 0xFF, 0xCF, 0xFF, 0xDF, 0xFF, 0xF7, 0xFF, 0xEF, 0xF7, 0xDF, 0xEF, 0x3F,
    0xDE, 0x7F, 0x9C, 0xF0, 0xF1, 0xFE, 0x3F, 0xC7, 0xF8, 0xFF, 0x1F, 0xFF, 0xFF, 0xFF, 0xFF, 0xF1,
    0xFE, 0x3F, 0xC7, 0xF8, 0xF0, 0x3F, 0x87, 0xFC, 0xFF, 0xEF, 0x1E, 0xF1, 0xEF, 0x0F, 0xF0, 0xFF,
    0x1E, 0xF1, 0xEF, 0xFE, 0x7F, 0xC3, 0xF8, 0xFF, 0xFF, 0xFF, 0xFF, 0xF8, 0xFF, 0x1F, 0xE3, 0xFC,
    0x7F, 0x8F, 0xF1, 0xFE, 0x3F, 0xC7, 0xF8, 0xF0, 0xEF, 0x9F, 0xFB, 0xFF, 0xF8, 0xFF, 0x1F, 0xE3,
    0xFC, 0x7F, 0x8F, 0xF1, 0xFF, 0xFF, 0xFF, 0x7F, 0xCF, 0x01, 0xE0, 0x3C, 0x07, 0x80, 0xF0, 0x00,
    0x3F, 0x9F, 0xEF, 0xFB, 0xC0, 0xF0, 0x3C, 0x0F, 0x03, 0xC0, 0xF0, 0x3F, 0xE7, 0xF8, 0xFE, 0xFF,
    0xFF, 0xFF, 0xFC, 0x78, 0x1E, 0x07, 0x81, 0xE0, 0x78, 0x1E, 0x07, 0x81, 0xE0, 0x78, 0xF0, 0x7B,
    0xC7, 0x9E, 0x3C, 0xF1, 0xC3, 0xDE, 0x1E, 0xF0, 0xF7, 0x03, 0xF8, 0x1F, 0xC0, 0x7C, 0x03, 0xE0,
    0x1F, 0x00, 0xF0, 0x07, 0x81, 0xF8, 0x0F, 0xC0, 0x7C, 0x00, 0x03, 0x80, 0x03, 0xC0, 0x03, 0xC0,
    0x03, 0xC0, 0x03, 0xC0, 0x1F, 0xF0, 0x7F, 0xFC, 0x7F, 0xFE, 0xF3, 0xDE, 0xF3, 0xDE, 0xF3, 0xCF,
    0xF3, 0xCF, 0xF3, 0xDE, 0xF3, 0xDE, 0x7F, 0xFE, 0x7F, 0xFC, 0x1F, 0xF0, 0x03, 0xC0, 0x03, 0xC0,
    0x03, 0xC0, 0x03, 0xC0, 0x03, 0xC0, 0xF8, 0xF3, 0xCF, 0x0F, 0x78, 0x7F, 0x81, 0xFC, 0x07, 0xC0,
    0x7E, 0x03, 0xF8, 0x3F, 0xC3, 0xEF, 0x1E, 0x7D, 0xF1, 0xE0, 0xF1, 0xEF, 0x1E, 0xF1, 0xEF, 0x1E,
    0xF1, 0xEF, 0x1E, 0xF1, 0xEF, 0x1E, 0xF1, 0xEF, 0xFF, 0xFF, 0xFF, 0xFF, 0x00, 0xF0, 0x0F, 0x00,
    0xF0, 0x07, 0xF1, 0xFE, 0x3F, 0xC7, 0xF8, 0xFF, 0x1F, 0xFF, 0xFF, 0xFB, 0xFF, 0x01, 0xE0, 0x3C,
    0x07, 0x80, 0xF0, 0xF3, 0xC7, 0xF9, 0xE3, 0xFC, 0xF1, 0xFE, 0x78, 0xFF, 0x3C, 0x7F, 0x9E, 0x3F,
    0xCF, 0x1F, 0xE7, 0x8F, 0xF3, 0xC7, 0xFF, 0xFF, 0xFF, 0xFF, 0xFF, 0xFF, 0xF0, 0xF3, 0xC7, 0x9E,
    0x78, 0xF3, 0xCF, 0x1E, 0x79, 0xE3, 0xCF, 0x3C, 0x79, 0xE7, 0x8F, 0x3C, 0xF1, 0xE7, 0x9E, 0x3C,
    0xF3, 0xC7, 0x9F, 0xFF, 0xFB, 0xFF, 0xFF, 0xFF, 0xFF, 0xF0, 0x00, 0x1E, 0x00, 0x03, 0xC0, 0x00,
    0x70, 0xFE, 0x07, 0xF0, 0x3F, 0x80, 0x3C, 0x01, 0xFF, 0x0F, 0xFC, 0x7F, 0xE3, 0xCF, 0x1E, 0x78,
    0xFF, 0xC7, 0xFE, 0x3F, 0xE0, 0xF0, 0x1F, 0xE0, 0x3F, 0xC0, 0x7F, 0x80, 0xFF, 0xF9, 0xFF, 0xFB,
    0xFF, 0xF7, 0xF9, 0xEF, 0xF3, 0xDF, 0xFF, 0xBF, 0xFF, 0x7F, 0xFC, 0xF0, 0xF0, 0x3C, 0x0F, 0x03,
    0xC0, 0xFF, 0xBF, 0xFF, 0xFF, 0xCF, 0xF3, 0xFF, 0xFF, 0xFF, 0xFE, 0x7F, 0x0F, 0xF1, 0xFF, 0x01,
    0xE3, 0xFC, 0x7F, 0xCF, 0xF8, 0x1E, 0x03, 0xCF, 0xF9, 0xFE, 0x3F, 0x80, 0xF1, 0xF8, 0xF3, 0xFC,
    0xF7, 0xFE, 0xF7, 0x9E, 0xFF, 0x0E, 0xFF, 0x0F, 0xFF, 0x0F, 0xF7, 0x9E, 0xF7, 0x9E, 0xF7, 0xFE,
    0xF3, 0xFC, 0xF1, 0xF8, 0x3F, 0xEF, 0xFD, 0xFF, 0xBC, 0xF7, 0x9E, 0xFF, 0xDF, 0xF9, 0xFF, 0x3D,
    0xEF, 0xBD, 0xE7, 0xF8, 0xF0, 0x3C, 0x03, 0xC0, 0x3C, 0x03, 0x80, 0x00, 0x7F, 0x1F, 0xF7, 0xFF,
    0xF1, 0xFF, 0xFF, 0xFF, 0xFF, 0xFF, 0x01, 0xE0, 0x3F, 0xFB, 0xFF, 0x3F, 0xC0, 0x3B, 0x87, 0x70,
    0xEE, 0x1F, 0xC7, 0xFD, 0xFF, 0xFC, 0x7F, 0xFF, 0xFF, 0xFF, 0xFF, 0xC0, 0x78, 0x0F, 0xFE, 0xFF,
    0xCF, 0xF0, 0x38, 0x07, 0x80, 0xFF, 0x0F, 0xF0, 0xFF, 0x07, 0xBC, 0x7F, 0xE7, 0xFF, 0x7C, 0xF7,
    0xCF, 0x78, 0xF7, 0x8F, 0x78, 0xF7, 0x8F, 0x78, 0xF7, 0x8F, 0x78, 0xF0, 0x0F, 0x00, 0xF0, 0x3F,
    0x07, 0xF0, 0x3E, 0x0F, 0x0F, 0x1E, 0x3C, 0x00, 0xFF, 0xFF, 0xFF, 0xF0, 0xF0, 0xF0, 0xF0, 0xF0,
    0xF0, 0xF0, 0xF0, 0xF0, 0x3F, 0x9F, 0xEF, 0xFB, 0xC0, 0xFF, 0x3F, 0xCF, 0xF3, 0xC0, 0xF0, 0x3F,
    0xE7, 0xF8, 0xFE, 0x7F, 0xFF, 0xFF, 0xFE, 0x0F, 0xC7, 0xF8, 0xFE, 0x1F, 0x87, 0xFF, 0xFF, 0xFF,
    0xE0, 0xEF, 0xE0, 0xFF, 0xFF, 0xFF, 0xFF, 0xFF, 0xFF, 0xDB, 0xFD, 0x80, 0x79, 0xE7, 0x9E, 0x79,
    0xE7, 0x9E, 0x79, 0xE7, 0x9E, 0x1C, 0x3C, 0x70, 0x00, 0x03, 0xC7, 0x8F, 0x1E, 0x3C, 0x78, 0xF1,
    0xE3, 0xC7, 0x8F, 0x1E, 0x3C, 0xFF, 0xEF, 0xDF, 0x00, 0x1F, 0xF0, 0x03, 0xFE, 0x00, 0x7F, 0xC0,
    0x0F, 0x7F, 0x81, 0xEF, 0xF8, 0x3D, 0xFF, 0x87, 0xBC, 0xF0, 0xE7, 0x8F, 0x3C, 0xF3, 0xDF, 0x9F,
    0xFB, 0xF3, 0xFF, 0x7C, 0x7F, 0xC0, 0xF1, 0xE0, 0x78, 0xF0, 0x3C, 0x78, 0x1E, 0x3C, 0x0F, 0xFF,
    0xE7, 0xFF, 0xFB, 0xFF, 0xFF, 0xE3, 0xCF, 0xF1, 0xE7, 0xF8, 0xFF, 0xFC, 0x7F, 0xFE, 0x3F, 0xE0,
    0x38, 0x07, 0x80, 0xFF, 0x0F, 0xF0, 0xFF, 0x07, 0x80, 0x7F, 0xE7, 0xFF, 0x7F, 0xF7, 0xCF, 0x7C,
    0xF7, 0x8F, 0x78, 0xF7, 0x8F, 0x78, 0xF7, 0x8F, 0x78, 0xF0, 0x03, 0xC0, 0x78, 0x0F, 0x00, 0xE0,
    0x00, 0x0F, 0x1E, 0xF3, 0xCF, 0x3C, 0xF7, 0x8F, 0xF0, 0xFF, 0x0F, 0xF0, 0xFF, 0x0F, 0x78, 0xF7,
    0xCF, 0x3C, 0xF1, 0xE0, 0x3C, 0x07, 0x80, 0x78, 0x07, 0x80, 0x01, 0xE3, 0xFC, 0xFF, 0x9F, 0xF7,
    0xFE, 0xFF, 0xFF, 0xFF, 0xFF, 0xDF, 0xFB, 0xFE, 0x7F, 0xCF, 0xF1, 0xE0, 0x3C, 0xE1, 0xEF, 0x07,
    0xF0, 0x3F, 0x80, 0x70, 0x78, 0x3D, 0xE3, 0xCF, 0x1E, 0x78, 0xE1, 0xEF, 0x0F, 0x78, 0x7B, 0x81,
    0xFC, 0x0F, 0xE0, 0x3E, 0x01, 0xF0, 0x0F, 0x80, 0x78, 0x03, 0xC0, 0xFC, 0x07, 0xE0, 0x3E, 0x00,
    0xF1, 0xFE, 0x3F, 0xC7, 0xF8, 0xFF, 0x1F, 0xE3, 0xFC, 0x7F, 0x8F, 0xF1, 0xFF, 0xFF, 0xFF, 0xFF,
    0xF1, 0xE0, 0x3C, 0x07, 0x80, 0xF1, 0xE1, 0xFE, 0x1C, 0x3F, 0xC3, 0xC7, 0xF8, 0x78, 0xFF, 0x0F,
    0x1F, 0xE1, 0xE3, 0xFC, 0x7C, 0x7B, 0xCF, 0xCF, 0x79, 0xF9, 0xCF, 0x7F, 0x78, 0xFE, 0xEF, 0x1F,
    0xDF, 0xC1, 0xFB, 0xF8, 0x3F, 0x3E, 0x03, 0xC7, 0xC0, 0xF1, 0xE3, 0xFC, 0x78, 0xEF, 0x1E, 0x7B,
    0xC7, 0x9E, 0xF1, 0xE7, 0x9C, 0x79, 0xE7, 0xBF, 0x71, 0xEF, 0xFC, 0x3F, 0xFF, 0x0F, 0xDF, 0x81,
    0xF3, 0xE0, 0x78, 0xF0, 0x3C, 0x07, 0xFE, 0x3F, 0xF1, 0xFF, 0x83, 0xC0, 0x1F, 0xE0, 0xFF, 0xC7,
    0xFF, 0x3C, 0xF9, 0xE1, 0xCF, 0x0E, 0x78, 0xF3, 0xFF, 0x9F, 0xF8, 0xFF, 0x80, 0x3C, 0x01, 0xE0,
    0x3F, 0xE1, 0xFF, 0x0F, 0xF8, 0x1E, 0x00, 0xFF, 0x87, 0xFE, 0x3F, 0xF9, 0xE3, 0xCF, 0x1E, 0x7F,
    0xF3, 0xFF, 0x9F, 0xF8, 0xF0, 0x7F, 0xBC, 0x7F, 0xEF, 0x3F, 0xFB, 0xCF, 0x00, 0xF7, 0x80, 0x3F,
    0xFF, 0x8F, 0xFF, 0xE3, 0xFF, 0xF8, 0xF7, 0x80, 0x3D, 0xE0, 0x0F, 0x7C, 0x03, 0xCF, 0x82, 0xF3,
    0xFF, 0xBC, 0x7F, 0xEF, 0x0F, 0xF8, 0xF0, 0xFF, 0xE7, 0xFF, 0xCF, 0xF7, 0xBC, 0x0F, 0xFF, 0x9F,
    0xFF, 0x3F, 0xFE, 0x7B, 0xC0, 0xF7, 0x81, 0xE7, 0xFF, 0xCF, 0xFF, 0x87, 0xF0, 0x03, 0xE0, 0x03,
    0xF8, 0x01, 0xFC, 0x00, 0xEE, 0x00, 0xF7, 0x80, 0x71, 0xC0, 0x3F, 0xF0, 0x3F, 0xF8, 0x1F, 0xFC,
    0x1E, 0xFF, 0x0F, 0x7F, 0x87, 0x3D, 0xC7, 0x9E, 0xF3, 0xCF, 0x79, 0xC7, 0x9E, 0x07, 0xC0, 0x1F,
    0xC0, 0x3F, 0x80, 0x77, 0x01, 0xE7, 0x03, 0xFE, 0x0F, 0xFE, 0x1D, 0xFC, 0x3B, 0xF8, 0xF7, 0xF9,
    0xCF, 0x77, 0x9E, 0xF0, 0xF0, 0x7C, 0x0F, 0x0F, 0xC0, 0xF0, 0xFE, 0x0F, 0x1E, 0xE0, 0xF1, 0xCF,
    0x0F, 0xFF, 0xF0, 0xFF, 0xFF, 0x0F, 0xFF, 0xF8, 0xF3, 0xFB, 0x8F, 0x7F, 0xBC, 0xF7, 0x7B, 0xCF,
    0x77, 0x9C, 0xFF, 0x79, 0xEF, 0xF7, 0x9E, 0xFE, 0x78, 0xE0, 0xF0, 0xF8, 0x3C, 0x3F, 0x0F, 0x1F,
    0xC3, 0xC7, 0x70, 0xF1, 0xDE, 0x3F, 0xFF, 0x8F, 0xFF, 0xF3, 0xDF, 0xFC, 0xF7, 0x7F, 0x3D, 0xDF,
    0xEF, 0xF7, 0xBB, 0xF9, 0xEF, 0x3F, 0xFE, 0x1F, 0xFF, 0x0F, 0xFF, 0x83, 0xC7, 0x80, 0xF7, 0x80,
    0x3F, 0x80, 0x3F, 0xE0, 0x3F, 0xF8, 0x3F, 0xFC, 0x1E, 0xFF, 0x0F, 0x7B, 0x8F, 0x3D, 0xE7, 0x9E,
    0xF3, 0xCF, 0x7B, 0xC7, 0x9E, 0x7F, 0xF3, 0xFF, 0x9F, 0xFC, 0x7B, 0xC1, 0xFC, 0x0F, 0xE0, 0xFF,
    0x8F, 0xFE, 0x7F, 0x73, 0xFB, 0xBB, 0xDF, 0xDE, 0x70, 0xF3, 0xFF, 0xE7, 0x9F, 0xFF, 0x3C, 0xFF,
    0xF1, 0xE3, 0xC7, 0x8F, 0x0F, 0x78, 0x7F, 0xFF, 0x83, 0xFF, 0xFE, 0x1F, 0xFF, 0xF8, 0xF3, 0xFF,
    0xE7, 0x9F, 0xEF, 0x3D, 0xEF, 0x79, 0xEF, 0x79, 0xEF, 0x7B, 0xCF, 0x7F, 0xDE, 0x7B, 0xFC, 0xF1,
    0xE0, 0xF7, 0xFF, 0x7B, 0xFF, 0xBD, 0xFF, 0x9E, 0x7B, 0xCF, 0xFF, 0xC7, 0xFF, 0xE3, 0xFF, 0xF9,
    0xEF, 0xFE, 0xF7, 0xF7, 0x7B, 0xFB, 0xBF, 0xBD, 0xFF, 0xDE, 0x70, 0x39, 0xE3, 0xFE, 0x1F, 0x83,
    0xF8, 0xFF, 0xCF, 0xFE, 0x71, 0xE0, 0x0E, 0x01, 0xE3, 0xFE, 0x3F, 0x83, 0xFE, 0x03, 0xF0, 0x0F,
    0x00, 0xF0, 0x0F, 0x3F, 0xF7, 0xFE, 0xFF, 0xCF, 0x00, 0xF0, 0x0F, 0xFC, 0x7F, 0xC3, 0xFC, 0x71,
    0xC7, 0x7C, 0x7C, 0x3F, 0xC7, 0xFC, 0xFF, 0x80, 0x78, 0x7E, 0x1F, 0x83, 0xF8, 0x0F, 0x00, 0xF3,
    0xFC, 0xFF, 0xBF, 0xE7, 0x80, 0xF0, 0x1F, 0xF3, 0xFE, 0x1F, 0xC0, 0xF7, 0x9F, 0xEF, 0x3F, 0xDE,
    0x7F, 0xBC, 0xFF, 0x79, 0xFE, 0xF3, 0xFD, 0xE7, 0xFB, 0xCF, 0xFF, 0xFE, 0xFF, 0xF8, 0xFF, 0xE0,
    0x3C, 0x00, 0x78, 0x00, 0xF0, 0x01, 0xE0, 0x00, 0x07, 0x80, 0x0F, 0x00, 0x1E, 0x00, 0x3C, 0x00,
    0x78, 0x1E, 0xF3, 0xFD, 0xE7, 0xFB, 0xCF, 0xF7, 0x9F, 0xEF, 0x3F, 0xDE, 0x7F, 0xBC, 0xFF, 0x79,
    0xFE, 0xF3, 0xFF, 0xFF, 0xBF, 0xFE, 0x3F, 0xF8, 0x0F, 0x00, 0x1E, 0x00, 0x3C, 0x00, 0x78, 0x00,
    0xF0, 0x00, 0x1F, 0xE0, 0x7F, 0xE1, 0xFF, 0xE7, 0xC1, 0xEF, 0x03, 0xDF, 0xFF, 0xBF, 0xFF, 0xFF,
    0xFF, 0xF0, 0x1F, 0xE0, 0x7B, 0xC0, 0xF7, 0xC3, 0xE7, 0xFF, 0x87, 0xFE, 0x07, 0xF8, 0x00, 0x3F,
    0x8F, 0xFB, 0xFF, 0xF8, 0xFF, 0xFF, 0xFF, 0xFF, 0xFF, 0x8F, 0xF1, 0xFF, 0xFD, 0xFF, 0x1F, 0xC0,
    0xF0, 0x1F, 0xE0, 0x7D, 0xE0, 0xFB, 0xC3, 0xC7, 0x87, 0x87, 0x8E, 0x0F, 0x3C, 0x1E, 0x78, 0x1E,
    0xE0, 0x3F, 0xC0, 0x7F, 0x80, 0x7E, 0x00, 0xFC, 0x01, 0xF8, 0x01, 0xE0, 0x00, 0xF0, 0x7B, 0xC3,
    0xDE, 0x3E, 0xF1, 0xE3, 0x9E, 0x1E, 0xF0, 0xF7, 0x03, 0xF8, 0x1F, 0xC0, 0x7C, 0x03, 0xE0, 0x1F,
    0x00, 0x7B, 0x80, 0x7F, 0x80, 0x7B, 0x80, 0x00, 0x00, 0x00, 0x1E, 0x03, 0xFC, 0x0F, 0xBC, 0x1F,
    0x78, 0x78, 0xF0, 0xF0, 0xF1, 0xC1, 0xE7, 0x83, 0xCF, 0x03, 0xDC, 0x07, 0xF8, 0x0F, 0xF0, 0x0F,
    0xC0, 0x1F, 0x80, 0x3F, 0x00, 0x3C, 0x00, 0x7F, 0x81, 0xDC, 0x07, 0x70, 0x00, 0x0F, 0x07, 0xBC,
    0x3D, 0xE3, 0xEF, 0x1E, 0x39, 0xE1, 0xEF, 0x0F, 0x70, 0x3F, 0x81, 0xFC, 0x07, 0xC0, 0x3E, 0x01,
    0xF0, 0x1F, 0xC0, 0x00, 0x07, 0xFE, 0x00, 0x01, 0xFF, 0xC0, 0x00, 0x7C, 0x3D, 0xE1, 0xEF, 0x07,
    0xBE, 0x3D, 0xE0, 0xF3, 0xC7, 0xBC, 0x0F, 0x79, 0xE7, 0x81, 0xE7, 0x3C, 0xF0, 0x3C, 0xF7, 0x9E,
    0x0F, 0x1F, 0xE3, 0xC1, 0xE1, 0xFC, 0x7C, 0x3C, 0x3F, 0x07, 0xFF, 0x03, 0xE0, 0x7F, 0xE0, 0x7C,
    0x07, 0xF0, 0x0F, 0x00, 0x00, 0x01, 0xE0, 0x00, 0x00, 0x3C, 0x00, 0x00, 0x3F, 0x00, 0x00, 0x07,
    0xE0, 0x00, 0x00, 0xF0, 0x00, 0x3F, 0x9F, 0x0F, 0x7F, 0xCF, 0x0F, 0xFF, 0xEF, 0x1E, 0xF1, 0xE7,
    0x9E, 0xF1, 0xE7, 0x9C, 0xF1, 0xE7, 0xBC, 0xF1, 0xE3, 0xFC, 0xF1, 0xE3, 0xF8, 0xF1, 0xE1, 0xF8,
    0xFF, 0xE1, 0xF8, 0x7F, 0xC1, 0xF0, 0x3F, 0x80, 0xF0, 0x00, 0x00, 0xF0, 0x00, 0x01, 0xE0, 0x00,
    0x0F, 0xE0, 0x00, 0x0F, 0xC0, 0x00, 0x0F, 0x80, 0x03, 0x80, 0x1F, 0xC0, 0xFF, 0xE3, 0xFF, 0xE7,
    0xFF, 0xDE, 0x03, 0xFC, 0x07, 0xF8, 0x0F, 0xF0, 0x1F, 0xE0, 0x3F, 0xC0, 0x7F, 0x80, 0xFF, 0x01,
    0xEF, 0xFF, 0x9F, 0xFF, 0x1F, 0xFC, 0x0F, 0xE0, 0x07, 0x00, 0x07, 0x00, 0xFE, 0x1F, 0xF9, 0xFF,
    0xEF, 0xFF, 0x78, 0x7B, 0xC1, 0xFE, 0x0F, 0xF0, 0xF7, 0xFF, 0x9F, 0xFC, 0xFF, 0xC1, 0xFC, 0x03,
    0x80, 0x00, 0xE0, 0x00, 0x0F, 0xC0, 0x00, 0xFF, 0x80, 0x07, 0x7C, 0x00, 0x3F, 0xE0, 0x00, 0x38,
    0x00, 0x01, 0xC0, 0x00, 0x0E, 0x00, 0x00, 0xE0, 0x00, 0xFC, 0x7E, 0x1F, 0xF3, 0xF8, 0xFF, 0x1F,
    0xEF, 0x80, 0x0F, 0x78, 0x00, 0x7B, 0xC0, 0x03, 0xDE, 0x00, 0x0F, 0xF0, 0x70, 0x7F, 0x87, 0x83,
    0xBC, 0x3C, 0x3D, 0xE1, 0xE1, 0xEF, 0x8F, 0x1F, 0x3F, 0xFF, 0xF0, 0xFF, 0xFF, 0x83, 0xFB, 0xF0,
    0x07, 0xE0, 0x03, 0xFE, 0x00, 0xFF, 0x80, 0x3F, 0xE0, 0x01, 0xC0, 0x00, 0x70, 0x00, 0x38, 0x00,
    0x00, 0x00, 0x3F, 0x3E, 0x1F, 0xCF, 0xCF, 0xE3, 0xFB, 0xC0, 0x1E, 0xF0, 0x07, 0xBC, 0x70, 0xFF,
    0x1E, 0x3F, 0xC7, 0x9E, 0xF1, 0xE7, 0xBF, 0xFF, 0xE7, 0xFF, 0xF0, 0xFC, 0xF8, 0x07, 0xF8, 0x00,
    0xFF, 0x00, 0x19, 0xE0, 0x00, 0x00, 0x00, 0x00, 0x01, 0xE3, 0xC3, 0xFC, 0x38, 0x7F, 0x87, 0x0F,
    0xF0, 0xF1, 0xFE, 0x1E, 0x3F, 0xC7, 0xC7, 0xF8, 0xF8, 0xF7, 0x9F, 0x1E, 0xF7, 0xE7, 0x9E, 0xFE,
    0xF1, 0xFF, 0xFE, 0x3F, 0xBF, 0x83, 0xF7, 0xF0, 0x7C, 0x7C, 0x07, 0x8F, 0x80, 0x07, 0xF8, 0x01,
    0xFE, 0x00, 0x69, 0x83, 0xC7, 0x8F, 0xF1, 0xE3, 0xBC, 0x78, 0xEF, 0x1E, 0x7B, 0xC7, 0x9E, 0x71,
    0xE7, 0x9E, 0xFD, 0xE7, 0xBF, 0x70, 0xFF, 0xFC, 0x3F, 0x7E, 0x07, 0xCF, 0x81, 0xE3, 0xC0, 0x0F,
    0xF1, 0xFF, 0xDF, 0xFC, 0xF0, 0x2F, 0x00, 0x78, 0x03, 0xC0, 0x1E, 0x00, 0xF0, 0x07, 0x80, 0x3C,
    0x01, 0xF0, 0x07, 0xFE, 0x1F, 0xF0, 0x7F, 0x80, 0x3C, 0x01, 0xE0, 0x0F, 0x00, 0x78, 0x03, 0xC0,
    0x3F, 0x9F, 0xEF, 0xFB, 0xC0, 0xF0, 0x3C, 0x0F, 0x03, 0xC0, 0xF9, 0x3F, 0xE7, 0xF8, 0x7E, 0x07,
    0x81, 0xE0, 0x78, 0x1E, 0x07, 0x80, 0x00, 0x80, 0x38, 0x66, 0x0F, 0xC0, 0xF0, 0x0F, 0x83, 0xFE,
    0x62, 0xFC, 0x0F, 0x80, 0xF8, 0x1B, 0x87, 0x30, 0xC0, 0x00, 0x00, 0x03, 0xFF, 0xFF, 0xC0, 0x0F,
    0x3F, 0xDF, 0xEF, 0x30, 0xEE, 0xCE, 0x77, 0x37, 0x78, 0x7F, 0xBF, 0xD9, 0xE0, 0x00, 0x3C, 0x00,
    0x00, 0x7E, 0x00, 0x00, 0x66, 0x00, 0x00, 0x00, 0x00, 0x1E, 0x00, 0x78, 0x3F, 0x00, 0xFC, 0x11,
    0x00, 0x44, 0x00, 0x00, 0x00, 0x00, 0x00, 0x00, 0x00, 0x00, 0x00, 0x78, 0x00, 0x1F, 0xFC, 0x00,
    0x1F, 0x04, 0x00, 0x11, 0x00, 0x00, 0x00, 0x00, 0x00, 0x00, 0x00, 0x00, 0x00, 0x1E, 0x00, 0x78,
    0x3F, 0x00, 0x7C, 0x33, 0x00, 0xCC, 0x00, 0x00, 0x00, 0x00, 0x3C, 0x00, 0x00, 0x7E, 0x00, 0x00,
    0x02, 0x00, 0x00, 0x18, 0x00, 0x00, 0x30, 0x00, 0x60, 0xE0, 0x00, 0xC1, 0x80, 0x81, 0xC0, 0x07,
    0x81, 0x80, 0x1E, 0x03, 0x80, 0x30, 0x02, 0x00, 0x00, 0x00, 0x00, 0x00, 0x00, 0x00, 0x02, 0x00,
    0x00, 0x47, 0x80, 0x00, 0xE7, 0x00, 0x01, 0xE2, 0x00, 0x00, 0x40, 0x00, 0x00, 0x00, 0x00, 0x00,
    0x00, 0x00, 0x00, 0x00, 0x00, 0x80, 0x38, 0x03, 0x80, 0xF0, 0x03, 0x03, 0x81, 0x83, 0x00, 0x07,
    0x06, 0x00, 0x0C, 0x00, 0x00, 0x18, 0x00, 0x38, 0x70, 0x0F, 0x3C, 0x03, 0xFF, 0x00, 0x7F, 0x80,
    0x00, 0x00, 0x00, 0x00, 0x0F, 0x07, 0xE3, 0xC1, 0xF8, 0xF0, 0xFE, 0x3C, 0x7F, 0x8F, 0x1F, 0xE3,
    0xCF, 0x78, 0xF3, 0xDE, 0x3D, 0xE7, 0x8F, 0xF1, 0xE3, 0xFC, 0x78, 0xFE, 0x1E, 0x3F, 0x87, 0x8F,
    0xC1, 0xFF, 0xE0, 0x7F, 0xF8, 0x1F, 0x80, 0x01, 0xE0, 0x00, 0x78, 0x00, 0x3E, 0x00, 0x0F, 0x00,
    0x70, 0xE0, 0x79, 0xE0, 0x7F, 0xE0, 0x3F, 0xC0, 0x00, 0x00, 0xF1, 0xF0, 0xF1, 0xF0, 0xF3, 0xF0,
    0xF7, 0xF0, 0xF7, 0xF0, 0xFF, 0xF0, 0xFF, 0xF0, 0xFE, 0xF0, 0xFC, 0xF0, 0xFC, 0xFE, 0xF8, 0xFE,
    0xF8, 0xFE, 0x00, 0x1E, 0x00, 0x1C, 0x00, 0x1C, 0x00, 0x3C, 0x78, 0x0F, 0xF0, 0xFF, 0x0F, 0xF0,
    0x78, 0x07, 0xF0, 0x7F, 0xE7, 0xFF, 0x79, 0xF7, 0x8F, 0x78, 0xF7, 0x8F, 0x7F, 0xF7, 0xFE, 0x7F,
    0xC0, 0x38, 0x07, 0x80, 0xFF, 0x8F, 0xF8, 0xFF, 0x87, 0x80, 0x78, 0x07, 0x80, 0x78, 0x07, 0xFC,
    0x7F, 0xE7, 0xFF, 0x78, 0xF7, 0x87, 0x7F, 0xF7, 0xFF, 0x7F, 0xE0, 0xFF, 0x1F, 0xFB, 0xFF, 0x79,
    0xEF, 0x1F, 0xFF, 0xBF, 0xF7, 0xFE, 0xFF, 0x9F, 0xF3, 0xC6, 0x78, 0x0F, 0x01, 0xE0, 0x3C, 0x00,
    0xEF, 0x9F, 0xFB, 0xFF, 0xF8, 0xFF, 0x1F, 0xE3, 0xFC, 0xFF, 0xBF, 0xF7, 0xFF, 0xFF, 0xFF, 0x7F,
    0xFF, 0x0D, 0xE0, 0x3C, 0x07, 0x80, 0xF0, 0x00, 0x01, 0xC0, 0xF0, 0x3C, 0x0F, 0xFF, 0xFF, 0xFF,
    0xFF, 0xC0, 0xF0, 0x3C, 0x0F, 0x03, 0xC0, 0xF0, 0x3C, 0x0F, 0x03, 0xC0, 0xF0, 0x3C, 0x0F, 0x00,
    0x0F, 0x0F, 0x0F, 0xFF, 0xFF, 0xFF, 0xF0, 0xF0, 0xF0, 0xF0, 0xF0, 0xF0, 0xF0, 0xF0, 0xF0, 0x7F,
    0xEF, 0xFD, 0xFF, 0xBC, 0x07, 0x80, 0xF0, 0x3F, 0xE7, 0xFC, 0xFF, 0x8F, 0x01, 0xE0, 0x3C, 0x07,
    0x80, 0xF0, 0x1E, 0x00, 0x7F, 0xDF, 0xF7, 0xFD, 0xE0, 0x78, 0x3F, 0xCF, 0xF3, 0xFC, 0x78, 0x1E,
    0x07, 0x81, 0xE0, 0xFF, 0x87, 0xFC, 0x3F, 0xE1, 0xE0, 0x0F, 0x00, 0x78, 0x03, 0xFE, 0x1F, 0xF8,
    0xFF, 0xE7, 0x8F, 0xBC, 0x3D, 0xE1, 0xEF, 0x07, 0xF8, 0x3F, 0xC3, 0xC0, 0x1E, 0x00, 0xF0, 0xFF,
    0x07, 0xF8, 0x3F, 0x80, 0xFF, 0x9F, 0xF3, 0xFC, 0x78, 0x0F, 0x01, 0xFE, 0x3F, 0xE7, 0xFE, 0xF3,
    0xDE, 0x7B, 0xC7, 0xF8, 0xF0, 0x3C, 0x07, 0x8F, 0xF1, 0xFC, 0x3F, 0x00, 0x78, 0x78, 0xF0, 0xF1,
    0xE3, 0xC3, 0xC7, 0x9E, 0x07, 0x9E, 0xF0, 0x0F, 0x7B, 0xC0, 0x3D, 0xFE, 0x00, 0x7F, 0xF0, 0x01,
    0xFF, 0xC0, 0x07, 0xFF, 0x80, 0x3D, 0xFE, 0x01, 0xE7, 0xBC, 0x07, 0x9E, 0xF8, 0x3C, 0x79, 0xFD,
    0xE1, 0xE3, 0xF7, 0x87, 0x8F, 0xC0, 0x00, 0x0F, 0x00, 0x00, 0x3C, 0x00, 0x00, 0xF0, 0x00, 0x03,
    0xC0, 0x00, 0x07, 0x78, 0xF3, 0xE7, 0xCF, 0x3C, 0x3C, 0xF7, 0x81, 0xEF, 0xF0, 0x0F, 0xFF, 0x00,
    0xFF, 0xE0, 0x0F, 0xFF, 0x01, 0xEF, 0xF0, 0x3E, 0xF7, 0x83, 0xCF, 0x7F, 0x78, 0xF3, 0xFF, 0x0F,
    0x1F, 0x00, 0x00, 0xF0, 0x00, 0x0F, 0x00, 0x00, 0xF0, 0x00, 0x0F, 0x7F, 0x9F, 0xFD, 0xFF, 0x80,
    0xF0, 0x1E, 0x07, 0xCF, 0xF1, 0xFE, 0x3F, 0xE0, 0x3C, 0x07, 0x80, 0xFF, 0xFF, 0xFF, 0xBF, 0xE0,
    0x38, 0x03, 0x01, 0xF0, 0x3C, 0x07, 0x80, 0x7F, 0x3F, 0xE7, 0xF8, 0x0E, 0x3F, 0x8F, 0xC3, 0xF8,
    0x1E, 0x03, 0xFF, 0xEF, 0xFB, 0xFC, 0x0E, 0x01, 0x81, 0xF0, 0x78, 0x1E, 0x00, 0xF1, 0xF3, 0xC7,
    0x8F, 0x3C, 0x3D, 0xE0, 0xF7, 0x83, 0xFC, 0x0F, 0xE0, 0x3F, 0x80, 0xFF, 0x03, 0xFC, 0x0F, 0x78,
    0x3D, 0xF0, 0xF3, 0xFF, 0xC7, 0xFF, 0x1F, 0xC0, 0x0F, 0x00, 0x3C, 0x00, 0xF0, 0x03, 0xC0, 0x0E,
    0xF1, 0xE7, 0x9E, 0x3D, 0xE1, 0xFF, 0x0F, 0xF0, 0x7F, 0x03, 0xFC, 0x1F, 0xF0, 0xF7, 0x87, 0xBF,
    0xFC, 0xFF, 0xE3, 0xF0, 0x07, 0x80, 0x3C, 0x01, 0xE0, 0x0F, 0xF0, 0xF7, 0xEF, 0x3F, 0xF9, 0xFF,
    0x8F, 0xF8, 0x7F, 0x83, 0xF8, 0x1F, 0xC0, 0xFF, 0x07, 0xFC, 0x3F, 0xF1, 0xFF, 0x8F, 0xFE, 0x78,
    0xFB, 0xC3, 0xC0, 0xF1, 0xEF, 0xFE, 0xFF, 0xCF, 0xF8, 0xFF, 0x0F, 0xE0, 0xFF, 0x0F, 0xF8, 0xFF,
    0x8F, 0xFC, 0xFF, 0xEF, 0x1F, 0x78, 0x7B, 0xF3, 0xCF, 0xDF, 0x3F, 0x78, 0x7B, 0xC1, 0xFE, 0x07,
    0xF8, 0x1F, 0xE0, 0x7F, 0xC1, 0xEF, 0x07, 0x9E, 0x1E, 0x7C, 0x78, 0xF1, 0xE1, 0xE7, 0x87, 0xC0,
    0x78, 0x03, 0xFC, 0x0F, 0xF0, 0x3F, 0xC0, 0x78, 0x79, 0xE3, 0xC7, 0x9E, 0x1E, 0xF8, 0x7B, 0xC1,
    0xFE, 0x07, 0xF8, 0x1E, 0xF0, 0x79, 0xE1, 0xE7, 0xC7, 0x8F, 0x9E, 0x1E, 0xFF, 0x0F, 0x7F, 0x8F,
    0x3F, 0xCF, 0x01, 0xEF, 0x80, 0xF7, 0x80, 0x7F, 0x80, 0x3F, 0x80, 0x1F, 0xC0, 0x0F, 0xF0, 0x07,
    0xFC, 0x03, 0xDE, 0x01, 0xE7, 0x80, 0xF3, 0xE0, 0x78, 0xF8, 0x3C, 0x3C, 0xFF, 0x1E, 0xFF, 0x3C,
    0xFF, 0x78, 0x0F, 0xF0, 0x0F, 0xF0, 0x0F, 0xE0, 0x0F, 0xE0, 0x0F, 0xF0, 0x0F, 0x78, 0x0F, 0x7C,
    0x0F, 0x3C, 0x0F, 0x1E, 0xF0, 0x78, 0xF0, 0x78, 0xF0, 0x78, 0xF0, 0x78, 0xF0, 0x78, 0xFF, 0xF8,
    0xFF, 0xF8, 0xFF, 0xF8, 0xF0, 0x78, 0xF0, 0x78, 0xF0, 0x78, 0xF0, 0x78, 0xF0, 0x7F, 0xF0, 0x7F,
    0xF0, 0x7F, 0x00, 0x0F, 0x00, 0x0F, 0x00, 0x0F, 0x00, 0x0F, 0xF1, 0xE7, 0x8F, 0x3C, 0x79, 0xE3,
    0xCF, 0xFE, 0x7F, 0xF3, 0xFF, 0x9E, 0x3C, 0xF1, 0xE7, 0x8F, 0xFC, 0x7F, 0xE3, 0xF0, 0x03, 0x80,
    0x1C, 0x00, 0xE0, 0x07, 0xF0, 0x7F, 0xF0, 0x7F, 0xF0, 0x7F, 0xF0, 0x78, 0xF0, 0x78, 0xFF, 0xF8,
    0xFF, 0xF8, 0xFF, 0xF8, 0xF0, 0x78, 0xF0, 0x78, 0xF0, 0x78, 0xF0, 0x78, 0xF0, 0x78, 0xF0, 0x78,
    0xF0, 0x78, 0xF1, 0xFF, 0xC7, 0xFF, 0x1F, 0xFC, 0x78, 0xFF, 0xE3, 0xFF, 0x8F, 0xFE, 0x3C, 0x78,
    0xF1, 0xE3, 0xC7, 0x8F, 0x1E, 0x3C, 0x78, 0xFF, 0xF0, 0x07, 0xFF, 0x80, 0x3F, 0xFC, 0x01, 0xE1,
    0xE0, 0x0F, 0x0F, 0x00, 0x78, 0x78, 0x03, 0xC3, 0xFE, 0x1E, 0x1F, 0xFC, 0xF0, 0xFF, 0xE7, 0x87,
    0x8F, 0xBC, 0x3C, 0x3D, 0xE1, 0xE1, 0xEF, 0x0F, 0x07, 0xF8, 0x78, 0x3F, 0xC3, 0xC3, 0xC0, 0x00,
    0x1E, 0x00, 0x00, 0xF0, 0x00, 0xFF, 0x80, 0x07, 0xF8, 0x00, 0x3F, 0x80, 0xFF, 0xE0, 0x7F, 0xF0,
    0x3F, 0xF8, 0x1E, 0x3C, 0x0F, 0x1E, 0x07, 0x8F, 0xE3, 0xC7, 0xF9, 0xE3, 0xFE, 0xF1, 0xEF, 0x78,
    0xF7, 0xBC, 0x79, 0xFE, 0x3C, 0xF0, 0x00, 0xF0, 0x00, 0x78, 0x03, 0xFC, 0x01, 0xFC, 0x00, 0xFC,
    0x00, 0x1F, 0x80, 0x7F, 0x01, 0xFE, 0x07, 0xCF, 0xCF, 0x3F, 0xDE, 0x7F, 0xBC, 0xFF, 0x7B, 0xDE,
    0xF7, 0xBD, 0xE7, 0x7B, 0xCF, 0xF7, 0xDF, 0xC7, 0xFF, 0x87, 0xFF, 0xC7, 0xFF, 0x80, 0x0F, 0x3E,
    0x07, 0xE0, 0xFF, 0xCF, 0x7E, 0xF7, 0xEF, 0x7E, 0xF7, 0x7F, 0x7E, 0xF7, 0xEF, 0xFE, 0x7F, 0xF3,
    0xFF, 0x00, 0x70, 0x1F, 0xE3, 0xFF, 0x7F, 0xEF, 0x82, 0xF0, 0x0F, 0x00, 0xF0, 0x0F, 0x00, 0xF0,
    0x0F, 0x00, 0xF0, 0x0F, 0x80, 0x7F, 0xE3, 0xFE, 0x1F, 0xE0, 0x38, 0x03, 0x80, 0xF8, 0x0F, 0x80,
    0xF8, 0x3F, 0x9F, 0xEF, 0xFB, 0xC0, 0xF0, 0x3C, 0x0F, 0x03, 0xC0, 0xF0, 0xBF, 0xE7, 0xF8, 0xFE,
    0x0E, 0x01, 0x81, 0xF0, 0x78, 0x1E, 0x00, 0xFF, 0xFF, 0xFF, 0xFF, 0x87, 0x80, 0xF0, 0x1E, 0x03,
    0xC0, 0x78, 0x0F, 0x01, 0xE0, 0x3C, 0x07, 0x80, 0xFE, 0x1F, 0xC3, 0xF8, 0x0F, 0x01, 0xE0, 0x3C,
    0x07, 0x80, 0xFF, 0xFF, 0xFF, 0xFF, 0x8F, 0x01, 0xE0, 0x3C, 0x07, 0x80, 0xF0, 0x1E, 0x03, 0xF8,
    0x7F, 0x0F, 0xE0, 0x1C, 0x03, 0x80, 0x70, 0x0E, 0xF0, 0x7B, 0xE1, 0xE7, 0x8F, 0x0F, 0x3C, 0x3D,
    0xE0, 0x7F, 0x81, 0xFC, 0x03, 0xE0, 0x0F, 0x80, 0x1E, 0x00, 0x78, 0x01, 0xE0, 0x07, 0x80, 0x1E,
    0x00, 0x78, 0x00, 0xF8, 0x7B, 0xC7, 0x9E, 0x3C, 0x79, 0xE3, 0xDE, 0x1E, 0xF0, 0x7F, 0x83, 0xF8,
    0x1F, 0xC0, 0x7C, 0x03, 0xE0, 0x1F, 0x00, 0x78, 0x03, 0xC0, 0x1E, 0x00, 0xF0, 0x07, 0x80, 0xF0,
    0x7D, 0xE1, 0xE7, 0x8F, 0x8F, 0x3C, 0x3D, 0xE0, 0x7F, 0x81, 0xFC, 0x03, 0xE0, 0x0F, 0x80, 0xFF,
    0xC3, 0xFF, 0x0F, 0xFC, 0x07, 0x80, 0x1E, 0x00, 0x78, 0x00, 0xF8, 0x7B, 0xC7, 0x9E, 0x3C, 0xF9,
    0xE3, 0xDE, 0x1E, 0xF0, 0x77, 0x83, 0xF8, 0x1F, 0xC0, 0x7C, 0x03, 0xE0, 0x1F, 0x03, 0xFE, 0x1F,
    0xF0, 0xFF, 0x80, 0xF0, 0x07, 0x80, 0x78, 0x3E, 0x1E, 0x1E, 0x0F, 0x9E, 0x03, 0xCF, 0x00, 0xFF,
    0x00, 0x7F, 0x00, 0x1F, 0x80, 0x0F, 0x80, 0x07, 0xE0, 0x07, 0xF8, 0x07, 0xBC, 0x03, 0xCF, 0x03,
    0xC7, 0xF9, 0xE1, 0xFD, 0xE0, 0x7E, 0x00, 0x0F, 0x00, 0x07, 0x80, 0x03, 0xC0, 0x01, 0xE0, 0xF8,
    0xF1, 0xE7, 0x87, 0xFE, 0x0F, 0xF0, 0x1F, 0x80, 0x7E, 0x01, 0xF8, 0x0F, 0xF0, 0x3F, 0xE1, 0xE7,
    0xF7, 0x9F, 0xFC, 0x3F, 0x00, 0x3C, 0x00, 0xF0, 0x03, 0xC0, 0x0F, 0xFF, 0xEF, 0x1F, 0xFD, 0xE3,
    0xFF, 0xBC, 0x0F, 0x07, 0x81, 0xE0, 0xF0, 0x3C, 0x1E, 0x07, 0x83, 0xC0, 0xF0, 0x78, 0x1E, 0x0F,
    0x03, 0xC1, 0xE0, 0x78, 0x3C, 0x0F, 0x07, 0x81, 0xFF, 0xFE, 0x3F, 0xFF, 0xC7, 0xFF, 0xF8, 0x00,
    0x0F, 0x00, 0x01, 0xE0, 0x00, 0x3C, 0x00, 0x07, 0x80, 0x00, 0x70, 0xFF, 0xF8, 0xFF, 0xF8, 0xFF,
    0xF8, 0x3C, 0x78, 0x3C, 0x78, 0x3C, 0x78, 0x3C, 0x78, 0x3C, 0x78, 0x3C, 0x78, 0x3F, 0xFF, 0x3F,
    0xFF, 0x3F, 0xFF, 0x00, 0x07, 0x00, 0x07, 0x00, 0x07, 0x00, 0x07, 0x00, 0x07, 0xF0, 0x78, 0xF0,
    0x78, 0xF0, 0x78, 0xF0, 0x78, 0xF0, 0x78, 0xF0, 0x78, 0xF0, 0xF8, 0xFF, 0xF8, 0xFF, 0xF8, 0x7F,
    0xF8, 0x00, 0x78, 0x00, 0x78, 0x00, 0x7F, 0x00, 0x7F, 0x00, 0x7F, 0x00, 0x0F, 0x00, 0x0F, 0x00,
    0x0F, 0x00, 0x0F, 0xF1, 0xE3, 0xC7, 0x8F, 0x1E, 0x3C, 0x78, 0xF1, 0xE3, 0xCF, 0x8F, 0xFE, 0x1F,
    0xF8, 0x1D, 0xE0, 0x07, 0xF0, 0x1F, 0xC0, 0x7F, 0x00, 0x1C, 0x00, 0x70, 0x01, 0xC0, 0x07, 0xF0,
    0x7F, 0x83, 0xFC, 0x1F, 0xE0, 0xFF, 0x67, 0xFB, 0x3F, 0xD9, 0xFF, 0xFF, 0xFF, 0xFB, 0xFF, 0xC1,
    0x9E, 0x0C, 0xF0, 0x67, 0x80, 0x3C, 0x01, 0xE0, 0xF1, 0xFE, 0x3F, 0xC7, 0xF8, 0xFF, 0xDF, 0xFF,
    0xFF, 0xFB, 0xFF, 0x3D, 0xE1, 0xBC, 0x37, 0x80, 0xF0, 0xF0, 0x07, 0x80, 0x3C, 0x01, 0xE0, 0x0F,
    0x7C, 0x7F, 0xF3, 0xFF, 0xDF, 0x9E, 0xF0, 0x7F, 0x83, 0xFC, 0x1F, 0xE0, 0xFF, 0x07, 0xF8, 0x3F,
    0xC1, 0xE0, 0xF0, 0x1E, 0x03, 0xC0, 0x78, 0x0F, 0xF9, 0xFF, 0xBF, 0xF7, 0x9E, 0xF1, 0xFE, 0x3F,
    0xC7, 0xF8, 0xFF, 0x1F, 0xE3, 0xFC, 0x7F, 0x8F, 0x01, 0xFE, 0x00, 0xFF, 0xC0, 0x7F, 0xFB, 0xDE,
    0x0F, 0xFF, 0x03, 0xFF, 0xFF, 0xFF, 0xFF, 0xFD, 0xFF, 0xFF, 0x0F, 0x00, 0x03, 0xC0, 0x00, 0x78,
    0x00, 0x1E, 0x07, 0x03, 0xFF, 0xC0, 0xFF, 0xF0, 0x0F, 0xF0, 0x07, 0xF0, 0x3F, 0xE0, 0xFF, 0xFF,
    0x8F, 0xFF, 0xFF, 0xFF, 0xFF, 0xFF, 0xC7, 0x80, 0x1E, 0x00, 0x3F, 0xF0, 0xFF, 0xC0, 0xFE, 0x01,
    0xFE, 0x00, 0xFF, 0xC0, 0x7F, 0xFB, 0xDE, 0x0F, 0xFF, 0x03, 0xFF, 0xFF, 0xFF, 0xFF, 0xFD, 0xFF,
    0xFF, 0x0F, 0x00, 0x03, 0xC0, 0x00, 0x78, 0x0C, 0x1F, 0x1F, 0x03, 0xFF, 0xC0, 0x7F, 0xE0, 0x0F,
    0xF0, 0x01, 0xE0, 0x00, 0x78, 0x00, 0x1E, 0x00, 0x07, 0x80, 0x07, 0xF0, 0x3F, 0xE0, 0xFF, 0xFF,
    0x8F, 0xFF, 0xFF, 0xFF, 0xFF, 0xFF, 0xC7, 0x80, 0x1E, 0x00, 0x7C, 0x70, 0xFF, 0xC1, 0xFF, 0x01,
    0xE0, 0x07, 0x80, 0x1E, 0x00, 0x78, 0xFF, 0xFD, 0xF3, 0xC7, 0x8F, 0x1E, 0x3C, 0x78, 0xF1, 0xE3,
    0xC7, 0xDF, 0xFF, 0x80, 0x03, 0xCE, 0x00, 0x1E, 0x70, 0x00, 0x7F, 0x80, 0x01, 0xF8, 0x00, 0x00,
    0x00, 0x00, 0x00, 0x01, 0xE1, 0xE3, 0xCF, 0x0F, 0x1E, 0x3C, 0x79, 0xE0, 0xF3, 0xDE, 0x07, 0xDF,
    0xF0, 0x1F, 0xFF, 0x00, 0x7F, 0xF0, 0x07, 0xFF, 0xC0, 0x3D, 0xFE, 0x03, 0xCF, 0x78, 0x3E, 0x7B,
    0xE1, 0xE3, 0xCF, 0x1F, 0x1E, 0x7C, 0xF0, 0xF1, 0xEF, 0x07, 0x8F, 0x80, 0x07, 0x1C, 0x00, 0xF7,
    0x80, 0x1F, 0xF0, 0x01, 0xFC, 0x00, 0x0E, 0x00, 0xF1, 0xE7, 0x9E, 0x3C, 0xF1, 0xE7, 0xBC, 0x1E,
    0xFF, 0x03, 0xFF, 0xE0, 0x3F, 0xF8, 0x07, 0xFF, 0x81, 0xEF, 0xF0, 0x7D, 0xEF, 0x0F, 0x3D, 0xE3,
    0xC7, 0x9E, 0xF8, 0xF3, 0xE0, 0xF0, 0xF7, 0x8F, 0x3C, 0xF9, 0xEF, 0x8F, 0x78, 0x7F, 0x83, 0xF8,
    0x1F, 0xF8, 0xFF, 0xF7, 0xFF, 0xBC, 0x3F, 0xE0, 0xFF, 0x07, 0xF8, 0x3F, 0xC1, 0xE0, 0x0F, 0x08,
    0xF8, 0x7F, 0x83, 0xFC, 0x1F, 0x80, 0xF3, 0xEF, 0x3C, 0xF7, 0x8F, 0xF0, 0xFF, 0x0F, 0xF0, 0xFF,
    0xCF, 0xFE, 0xF3, 0xEF, 0x1E, 0xF0, 0xFF, 0x0F, 0x01, 0xE0, 0x1E, 0x1F, 0xE1, 0xFC, 0x1F, 0x80,
    0x0F, 0xFE, 0x03, 0xFF, 0x80, 0xFF, 0xE0, 0x3C, 0x78, 0x0E, 0x1E, 0x03, 0x87, 0x81, 0xE1, 0xE0,
    0x78, 0x78, 0x1E, 0x1E, 0x07, 0x87, 0x81, 0xE1, 0xE0, 0xF0, 0x78, 0xFC, 0x1F, 0xFF, 0x07, 0xFF,
    0x81, 0xF8, 0x00, 0x0E, 0x00, 0x07, 0x80, 0x01, 0xE0, 0x00, 0xF0, 0x1F, 0xF8, 0x1F, 0xF8, 0x1F,
    0xF8, 0x1C, 0x78, 0x1C, 0x78, 0x1C, 0x78, 0x1C, 0x78, 0x3C, 0x78, 0x3C, 0x78, 0xF8, 0x7E, 0xF8,
    0x7E, 0xF0, 0x7E, 0x00, 0x0E, 0x00, 0x1E, 0x00, 0x1E, 0x00, 0x1C, 0x00, 0x1C, 0xF0, 0x7F, 0x83,
    0xFC, 0x1F, 0xE0, 0xFF, 0x07, 0xFF, 0xFF, 0xFF, 0xFF, 0xFF, 0xF0, 0x7F, 0x83, 0xFC, 0x1F, 0xE0,
    0xFF, 0x07, 0xF8, 0x3F, 0xC1, 0xE0, 0x1E, 0x00, 0xF0, 0xFF, 0x87, 0xF8, 0x3F, 0x80, 0xF1, 0xFE,
    0x3F, 0xC7, 0xF8, 0xFF, 0xFF, 0xFF, 0xFF, 0xFF, 0x8F, 0xF1, 0xFE, 0x3F, 0xC7, 0xF8, 0xF0, 0x1C,
    0x07, 0x87, 0xF0, 0xFC, 0x1F, 0x00, 0xF0, 0x78, 0xF0, 0x78, 0xF0, 0x78, 0xF0, 0x78, 0xF0, 0x78,
    0xFF, 0xF8, 0xFF, 0xF8, 0xFF, 0xF8, 0xF0, 0x78, 0xF0, 0x78, 0xF0, 0x78, 0xF0, 0x78, 0xF0, 0x7F,
    0xF0, 0x7F, 0xF0, 0x7E, 0x00, 0x0E, 0x00, 0x1E, 0x00, 0x1E, 0x00, 0x3C, 0xF1, 0xE3, 0xC7, 0x8F,
    0x1E, 0x3C, 0x78, 0xFF, 0xE3, 0xFF, 0x8F, 0xFE, 0x3C, 0x78, 0xF1, 0xE3, 0xC7, 0xEF, 0x1F, 0xBC,
    0x7E, 0x00, 0x38, 0x01, 0xE0, 0x07, 0x00, 0x1C, 0xF0, 0x7F, 0x83, 0xFC, 0x1F, 0xE0, 0xFF, 0x07,
    0xF8, 0x3F, 0xC3, 0xFF, 0xFF, 0xFF, 0xFB, 0xFF, 0xC0, 0x1E, 0x00, 0xF0, 0x3F, 0x81, 0xFC, 0x0F,
    0xE0, 0x78, 0x03, 0xC0, 0x1E, 0x00, 0xF0, 0xF1, 0xFE, 0x3F, 0xC7, 0xF8, 0xFF, 0x1F, 0xE7, 0xFF,
    0xFB, 0xFF, 0x1D, 0xE0, 0xFC, 0x1F, 0x83, 0xF0, 0x78, 0x0F, 0x01, 0xE0, 0x3C, 0xF8, 0x1F, 0x0F,
    0x81, 0xF0, 0xFC, 0x3F, 0x0F, 0xC3, 0xF0, 0xFC, 0x3F, 0x0F, 0xE7, 0xF0, 0xFE, 0x7F, 0x0F, 0xE7,
    0xF0, 0xFF, 0xFF, 0x0F, 0x7E, 0xF0, 0xF7, 0xEF, 0x0F, 0x7E, 0xF0, 0xF7, 0xCF, 0xFF, 0x3C, 0xFE,
    0xF3, 0xCF, 0xE0, 0x00, 0x1E, 0x00, 0x01, 0xE0, 0x00, 0x3C, 0x00, 0x03, 0xC0, 0xF8, 0x7E, 0x3E,
    0x1F, 0x8F, 0xC7, 0xE3, 0xF3, 0xF8, 0xFE, 0xFE, 0x3F, 0xBF, 0x8F, 0xFD, 0xE3, 0xFF, 0x78, 0xF7,
    0xDE, 0x3D, 0xE7, 0xEF, 0x79, 0xFB, 0xCE, 0x7E, 0x00, 0x03, 0x80, 0x01, 0xE0, 0x00, 0x70, 0x00,
    0x3C, 0xFF, 0xFD, 0xF3, 0xC7, 0x8F, 0x1E, 0x3C, 0x78, 0xF1, 0xE3, 0xC7, 0xDF, 0xFF, 0x80, 0x1E,
    0xF0, 0x3F, 0xC0, 0x3F, 0x80, 0x00, 0x00, 0x00, 0x00, 0xF8, 0x03, 0xF0, 0x07, 0xE0, 0x0F, 0xE0,
    0x3F, 0xC0, 0x7B, 0x80, 0xE7, 0x83, 0xCF, 0x07, 0xFF, 0x0F, 0xFE, 0x3F, 0xFC, 0x78, 0x3D, 0xF0,
    0x7B, 0xC0, 0xF7, 0x81, 0xF0, 0x39, 0xC7, 0x78, 0xFF, 0x0F, 0xC0, 0xF0, 0x7F, 0x1F, 0xF3, 0xFE,
    0x01, 0xE3, 0xFD, 0xFF, 0xFF, 0xFF, 0x1F, 0xE7, 0xFF, 0xFF, 0xFF, 0x7D, 0xE0, 0x0E, 0xE0, 0x1F,
    0xC0, 0x3B, 0x80, 0x00, 0x00, 0x00, 0x00, 0xF8, 0x01, 0xF0, 0x03, 0xE0, 0x0F, 0xE0, 0x1D, 0xC0,
    0x3B, 0x80, 0xF7, 0x81, 0xEF, 0x07, 0xFF, 0x0F, 0xFE, 0x1F, 0xFC, 0x78, 0x3C, 0xF0, 0x79, 0xE0,
    0xF7, 0x80, 0xF0, 0x3B, 0x87, 0x70, 0xEE, 0x00, 0x03, 0xF8, 0xFF, 0x9F, 0xF0, 0x0F, 0x1F, 0xEF,
    0xFF, 0xFF, 0xF8, 0xFF, 0x3F, 0xFF, 0xFF, 0xFB, 0xEF, 0x03, 0xFF, 0xE0, 0x7F, 0xFC, 0x1F, 0xFF,
    0x83, 0xDE, 0x00, 0x73, 0xC0, 0x1E, 0x7F, 0xC3, 0x8F, 0xF8, 0xF1, 0xFF, 0x1F, 0xFC, 0x07, 0xFF,
    0x80, 0xFF, 0xF0, 0x3C, 0x1E, 0x07, 0x83, 0xFE, 0xE0, 0x7F, 0xFC, 0x0F, 0xF8, 0x7F, 0x7E, 0x1F,
    0xFF, 0xC7, 0xFF, 0xF8, 0x0F, 0x9E, 0x3F, 0xFF, 0x9F, 0xFF, 0xFF, 0xFF, 0xFF, 0xCF, 0x00, 0xF3,
    0xE0, 0x3F, 0xFF, 0xEF, 0xFF, 0xF9, 0xF9, 0xFC, 0xE7, 0xFF, 0x9F, 0x80, 0x00, 0x07, 0xFF, 0xFF,
    0xFF, 0xF0, 0x78, 0x3F, 0xDF, 0xEF, 0xF7, 0x83, 0xC1, 0xE0, 0xF0, 0x7F, 0xFF, 0xFF, 0xF0, 0x79,
    0xE7, 0xBC, 0x3F, 0xC3, 0xF8, 0x0F, 0x03, 0xF8, 0x7F, 0xCF, 0xFE, 0xF1, 0xEF, 0xFE, 0xFF, 0xFF,
    0xFF, 0xF0, 0x0F, 0x00, 0xFF, 0xE7, 0xFE, 0x3F, 0xC0, 0x3F, 0xE3, 0xFF, 0xCF, 0xFF, 0xB8, 0x1F,
    0x00, 0x3C, 0x00, 0xFF, 0xFF, 0xFF, 0xFF, 0xFF, 0xFF, 0xC0, 0xFF, 0x03, 0xFE, 0x1F, 0x7F, 0xF8,
    0xFF, 0xC1, 0xFE, 0x00, 0x7F, 0x1F, 0xF3, 0xFF, 0x01, 0xE0, 0x1D, 0xFF, 0xFF, 0xFF, 0xFE, 0xF3,
    0xDF, 0xF9, 0xFE, 0x1F, 0x80, 0x1C, 0xE0, 0x73, 0x81, 0xCE, 0x00, 0x00, 0x00, 0x00, 0xFF, 0x8F,
    0xFF, 0x3F, 0xFE, 0xE0, 0x78, 0x00, 0xF0, 0x01, 0xFF, 0xFF, 0xFF, 0xFF, 0xFF, 0xFF, 0x03, 0xFC,
    0x0F, 0xF8, 0x7D, 0xFF, 0xE3, 0xFF, 0x07, 0xF8, 0x73, 0x8E, 0x71, 0xCE, 0x00, 0x00, 0x01, 0xFE,
    0x3F, 0xE7, 0xFE, 0x03, 0xC0, 0x3B, 0xFF, 0xFF, 0xFF, 0xFD, 0xE7, 0xBF, 0xF3, 0xFC, 0x3F, 0x00,
    0x01, 0xDC, 0x00, 0x0F, 0xE0, 0x00, 0x77, 0x00, 0x00, 0x00, 0x00, 0x00, 0x00, 0x3C, 0x3C, 0x78,
    0xF1, 0xE7, 0x87, 0x8F, 0x3C, 0x1E, 0x7B, 0xC0, 0x7B, 0xFC, 0x03, 0xFF, 0xE0, 0x0F, 0xFE, 0x00,
    0x7F, 0xF0, 0x07, 0xBF, 0xC0, 0x7D, 0xEF, 0x03, 0xCF, 0x78, 0x3C, 0x79, 0xE1, 0xE3, 0xCF, 0x1E,
    0x1E, 0x3D, 0xF0, 0xF1, 0xF0, 0x03, 0xB8, 0x00, 0x7F, 0x00, 0x0E, 0xE0, 0x00, 0x00, 0x07, 0x8F,
    0x3C, 0x79, 0xEF, 0x0F, 0x3D, 0xE0, 0xF7, 0xF8, 0x0F, 0xFE, 0x01, 0xFF, 0xC0, 0x3F, 0xF8, 0x0F,
    0x7F, 0x81, 0xEF, 0xF0, 0x79, 0xEF, 0x1F, 0x3D, 0xF3, 0xC7, 0x9E, 0x3B, 0x87, 0xF0, 0xEE, 0x00,
    0x00, 0x00, 0xFF, 0x3F, 0xFB, 0xFF, 0x01, 0xE0, 0x3C, 0xFF, 0x9F, 0xC3, 0xFC, 0x07, 0xC0, 0x78,
    0x0F, 0x81, 0xFF, 0xFF, 0xFF, 0x7F, 0xC0, 0x77, 0x1F, 0xC7, 0x70, 0x00, 0x00, 0x3F, 0xCF, 0xFB,
    0xFE, 0x03, 0x8F, 0xE3, 0xF0, 0xFE, 0x07, 0x80, 0xFF, 0xFB, 0xFE, 0xFF, 0x00, 0x7F, 0xE7, 0xFE,
    0x7F, 0xE0, 0x7C, 0x0F, 0x81, 0xE0, 0x3F, 0x83, 0xFE, 0x1F, 0xE0, 0x1E, 0x00, 0xFC, 0x1E, 0xFF,
    0xEF, 0xFC, 0xFF, 0x80, 0x7F, 0xE7, 0xFE, 0x7F, 0xE0, 0x7C, 0x0F, 0x81, 0xF0, 0x1F, 0x03, 0xFC,
    0x3F, 0xE0, 0x3E, 0x01, 0xE0, 0x0F, 0x00, 0xE8, 0x1E, 0xFF, 0xEF, 0xFC, 0xFF, 0x80, 0x1F, 0xC0,
    0xFE, 0x07, 0xF0, 0x00, 0x0F, 0x0F, 0xF8, 0x7F, 0xC7, 0xFE, 0x3F, 0xF3, 0xFF, 0x9F, 0xFD, 0xFF,
    0xEE, 0xFF, 0xF7, 0xFF, 0x3F, 0xF9, 0xFF, 0x8F, 0xFC, 0x7F, 0xC3, 0xFE, 0x1E, 0x3F, 0x87, 0xF0,
    0xFE, 0x78, 0xFF, 0x3F, 0xE7, 0xFD, 0xFF, 0xBF, 0xFF, 0xFF, 0xFF, 0xF7, 0xFE, 0xFF, 0x9F, 0xF3,
    0xFC, 0x78, 0x1D, 0xC0, 0xEE, 0x07, 0x70, 0x00, 0x00, 0x00, 0x78, 0x7F, 0xC3, 0xFE, 0x3F, 0xF1,
    0xFF, 0x9F, 0xFC, 0xFF, 0xEF, 0xFF, 0x77, 0xFF, 0xBF, 0xF9, 0xFF, 0xCF, 0xFC, 0x7F, 0xE3, 0xFE,
    0x1F, 0xF0, 0xF0, 0x3B, 0x87, 0x70, 0xEE, 0x00, 0x0F, 0x1F, 0xE7, 0xFC, 0xFF, 0xBF, 0xF7, 0xFF,
    0xFF, 0xFF, 0xFE, 0xFF, 0xDF, 0xF3, 0xFE, 0x7F, 0x8F, 0x1C, 0xE0, 0x73, 0x80, 0xCE, 0x00, 0x00,
    0x00, 0x00, 0x7F, 0x83, 0xFF, 0x1F, 0xFE, 0xF8, 0x7F, 0xC0, 0xFF, 0x03, 0xFC, 0x07, 0xF0, 0x1F,
    0xC0, 0x7F, 0x03, 0xFC, 0x0F, 0xF8, 0x7D, 0xFF, 0xE3, 0xFF, 0x07, 0xF8, 0x3B, 0x87, 0x70, 0xEE,
    0x00, 0x00, 0x00, 0x7F, 0x1F, 0xF7, 0xFF, 0xF1, 0xFE, 0x3F, 0xC7, 0xF8, 0xFF, 0x1F, 0xE3, 0xFF,
    0xFB, 0xFE, 0x3F, 0x80, 0x1F, 0xE0, 0x7F, 0xE1, 0xFF, 0xE7, 0xC1, 0xEF, 0x03, 0xDF, 0xFF, 0xBF,
    0xFF, 0xFF, 0xFF, 0xF0, 0x1F, 0xE0, 0x7B, 0xC0, 0xF7, 0xC3, 0xE7, 0xFF, 0x87, 0xFE, 0x07, 0xF8,
    0x00, 0x3F, 0x8F, 0xFB, 0xFF, 0xF8, 0xFF, 0xFF, 0xFF, 0xFF, 0xFF, 0x8F, 0xF1, 0xFF, 0xFD, 0xFF,
    0x1F, 0xC0, 0x1C, 0xE0, 0x39, 0xC0, 0x33, 0x80, 0x00, 0x00, 0x00, 0x03, 0xFC, 0x0F, 0xFC, 0x3F,
    0xFC, 0xF8, 0x3D, 0xE0, 0x7B, 0xFF, 0xF7, 0xFF, 0xFF, 0xFF, 0xFE, 0x03, 0xFC, 0x0F, 0x78, 0x1E,
    0xF8, 0x7C, 0xFF, 0xF0, 0xFF, 0xC0, 0xFF, 0x00, 0x3B, 0x87, 0x70, 0xEE, 0x00, 0x00, 0x00, 0x7F,
    0x1F, 0xF7, 0xFF, 0xF1, 0xFF, 0xFF, 0xFF, 0xFF, 0xFF, 0x1F, 0xE3, 0xFF, 0xFB, 0xFE, 0x3F, 0x80,
    0x3B, 0x81, 0xFC, 0x0E, 0xE0, 0x00, 0x00, 0x00, 0x3F, 0xC1, 0xFF, 0x0F, 0xFC, 0x01, 0xF0, 0x07,
    0x87, 0xFC, 0x7F, 0xE3, 0xFF, 0x80, 0x3C, 0x03, 0xC0, 0x1E, 0x41, 0xF3, 0xFF, 0x1F, 0xF0, 0xFF,
    0x00, 0x77, 0x1F, 0xC7, 0x70, 0x00, 0x00, 0x3F, 0xCF, 0xF9, 0xFF, 0x03, 0xCF, 0xF3, 0xFC, 0xFF,
    0x03, 0xC0, 0xFF, 0xFF, 0xFE, 0xFF, 0x00, 0x0F, 0xE0, 0x1F, 0xC0, 0x3F, 0x80, 0x00, 0x07, 0x83,
    0xCF, 0x07, 0x8F, 0x0E, 0x1E, 0x3C, 0x1C, 0x78, 0x3D, 0xE0, 0x3B, 0xC0, 0x7F, 0x00, 0xFE, 0x00,
    0xF8, 0x01, 0xF0, 0x03, 0xE0, 0x3F, 0x80, 0x7E, 0x00, 0xF8, 0x00, 0x1F, 0xC0, 0xFE, 0x07, 0xF1,
    0xE0, 0xF7, 0x8F, 0x3C, 0x79, 0xE3, 0xC7, 0xBC, 0x3D, 0xE0, 0xEE, 0x07, 0xF0, 0x3F, 0x80, 0xF8,
    0x07, 0xC0, 0x1E, 0x01, 0xE0, 0x0F, 0x03, 0xF0, 0x1F, 0x80, 0xF8, 0x00, 0x1D, 0xC0, 0xFE, 0x07,
    0x70, 0x00, 0x00, 0x00, 0x78, 0x3D, 0xC1, 0xEF, 0x1E, 0x38, 0xF1, 0xE7, 0x87, 0x78, 0x3B, 0xC0,
    0xFC, 0x07, 0xE0, 0x3F, 0x00, 0xF0, 0x0F, 0x83, 0xF8, 0x1F, 0x80, 0xF8, 0x00, 0x1D, 0xC0, 0xFE,
    0x07, 0x70, 0x00, 0x00, 0x00, 0x3C, 0x79, 0xE3, 0xCF, 0x1E, 0x3C, 0xE1, 0xEF, 0x07, 0x78, 0x3B,
    0x81, 0xFC, 0x07, 0xE0, 0x3E, 0x00, 0xF0, 0x07, 0x80, 0x38, 0x03, 0xC0, 0xFC, 0x07, 0xE0, 0x3E,
    0x00, 0x03, 0xFC, 0x0F, 0xF0, 0x3D, 0xC0, 0x00, 0x00, 0x00, 0x0F, 0x07, 0x9E, 0x0F, 0x1E, 0x1C,
    0x3C, 0x78, 0x38, 0xF0, 0x7B, 0xC0, 0xF7, 0x80, 0xFE, 0x01, 0xFC, 0x01, 0xF0, 0x03, 0xE0, 0x07,
    0xC0, 0x7F, 0x00, 0xFC, 0x01, 0xF0, 0x00, 0x0F, 0xF0, 0xFF, 0x0F, 0x70, 0x00, 0x0F, 0x0F, 0x78,
    0x79, 0xE3, 0xCF, 0x3C, 0x39, 0xE1, 0xEF, 0x0F, 0x70, 0x3F, 0x81, 0xF8, 0x07, 0xC0, 0x3E, 0x01,
    0xE0, 0x0F, 0x00, 0xF8, 0x1F, 0x80, 0xFC, 0x07, 0xC0, 0x00, 0x39, 0xC3, 0x9C, 0x39, 0xC0, 0x00,
    0x00, 0x0F, 0x0F, 0xF0, 0xFF, 0x0F, 0xF0, 0xFF, 0x0F, 0xF0, 0xFF, 0x9F, 0xFF, 0xF7, 0xFF, 0x3F,
    0xF0, 0x0F, 0x00, 0xF0, 0x0F, 0x00, 0xF0, 0x0F, 0x73, 0x8E, 0x71, 0xCE, 0x00, 0x0F, 0x1F, 0xE3,
    0xFC, 0x7F, 0x8F, 0xF1, 0xFF, 0xFF, 0xFF, 0xBF, 0xF0, 0x1E, 0x03, 0xC0, 0x78, 0x0F, 0xFF, 0xFF,
    0xFF, 0xFF, 0xC0, 0xF0, 0x3C, 0x0F, 0x03, 0xC0, 0xF0, 0x3C, 0x0F, 0x03, 0xC0, 0xFE, 0x3F, 0x8F,
    0xE0, 0x78, 0x1E, 0x07, 0x81, 0xE0, 0xFF, 0xFF, 0xFF, 0xF0, 0xF0, 0xF0, 0xF0, 0xF0, 0xF0, 0xFE,
    0xFE, 0xFE, 0x1E, 0x1E, 0x1E, 0x1E, 0x0E, 0xE0, 0x0E, 0xE0, 0x0E, 0xE0, 0x00, 0x00, 0x00, 0x00,
    0xF0, 0x0F, 0xF0, 0x0F, 0xF0, 0x0F, 0xF0, 0x0F, 0xF0, 0x0F, 0xFF, 0x0F, 0xFF, 0x8F, 0xFF, 0xCF,
    0xF3, 0xCF, 0xF1, 0xEF, 0xF1, 0xEF, 0xF3, 0xCF, 0xFF, 0xCF, 0xFF, 0x8F, 0xFF, 0x0F, 0x1C, 0xE0,
    0x39, 0xC0, 0x73, 0x80, 0x00, 0x0F, 0x01, 0xFE, 0x03, 0xFC, 0x07, 0xF8, 0x0F, 0xFF, 0x9F, 0xFF,
    0xBF, 0xFF, 0x7F, 0x9E, 0xFF, 0x3D, 0xFF, 0xFB, 0xFF, 0xF7, 0xFF, 0xCF, 0x7F, 0xEF, 0xFD, 0xFF,
    0xBC, 0x07, 0x80, 0xF0, 0x3F, 0xE7, 0xFC, 0xFF, 0x8F, 0x01, 0xE0, 0x3C, 0x07, 0xF0, 0xFE, 0x1F,
    0xC0, 0x78, 0x0F, 0x07, 0xE1, 0xFC, 0x3F, 0x00, 0x7F, 0xDF, 0xF7, 0xFD, 0xE0, 0x78, 0x3F, 0xCF,
    0xF3, 0xFC, 0x78, 0x1F, 0x87, 0xE1, 0xF8, 0x0E, 0x03, 0x83, 0xE0, 0xF8, 0x3C, 0x00, 0xF8, 0x7C,
    0x78, 0x78, 0x3C, 0xF8, 0x3E, 0xF0, 0x1F, 0xE0, 0x0F, 0xE0, 0x0F, 0xC0, 0x07, 0xC0, 0x0F, 0xC0,
    0x1F, 0xE0, 0x1F, 0xF0, 0x3C, 0xF0, 0x7C, 0x7F, 0x78, 0x7F, 0xF8, 0x3F, 0x00, 0x0F, 0x00, 0x0F,
    0x00, 0x7E, 0x00, 0x7E, 0x00, 0x7C, 0xF1, 0xF1, 0xE7, 0x87, 0xFE, 0x0F, 0xF0, 0x1F, 0x80, 0x7E,
    0x01, 0xF8, 0x0F, 0xE0, 0x3F, 0xC1, 0xEF, 0xE7, 0x9F, 0xFC, 0x3F, 0x00, 0x3C, 0x00, 0xF0, 0x0F,
    0x80, 0x3E, 0x00, 0xF0, 0x7C, 0x3E, 0x3C, 0x3C, 0x3E, 0x7C, 0x1E, 0x78, 0x0F, 0xF0, 0x0F, 0xF0,
    0x3F, 0xFC, 0x3F, 0xFC, 0x3F, 0xFC, 0x0F, 0xF0, 0x1F, 0xF0, 0x1E, 0x78, 0x3E, 0x7C, 0x7C, 0x3E,
    0x78, 0x1E, 0xF0, 0xF7, 0x9E, 0x7F, 0xE3, 0xFC, 0x3F, 0x87, 0xFE, 0x7F, 0xE7, 0xFE, 0x3F, 0xC7,
    0xFE, 0x79, 0xEF, 0x0F, 0x7C, 0x3C, 0xF0, 0xF3, 0xE3, 0xC7, 0xDE, 0x1F, 0x78, 0xFF, 0xE3, 0xFF,
    0x1E, 0xF8, 0x79, 0xE1, 0xE7, 0xC7, 0x0F, 0x3C, 0x1E, 0xF0, 0x7C, 0x7F, 0x87, 0xFC, 0x7F, 0xC0,
    0x3C, 0x01, 0xE0, 0x1E, 0x01, 0xE0, 0x1E, 0x01, 0xE0, 0x1E, 0xFF, 0xFF, 0xFF, 0xFF, 0xF0, 0x7C,
    0x7E, 0x7E, 0x0E, 0x0F, 0x0F, 0x0F, 0x0F, 0x0F, 0x3F, 0xFF, 0xFF, 0xE7, 0x00, 0xFF, 0xFF, 0xFE,
    0xFF, 0xE0, 0x3C, 0x03, 0xC0, 0x3C, 0x03, 0xC0, 0x3C, 0x03, 0xC0, 0x3C, 0x03, 0xC0, 0x3C, 0x03,
    0xC0, 0x7F, 0xE3, 0xFF, 0xBF, 0xFC, 0x01, 0xE0, 0x07, 0x80, 0x3D, 0xE1, 0xEF, 0x0F, 0x78, 0x7B,
    0xC3, 0xDE, 0x1E, 0xF0, 0xF7, 0x87, 0x80, 0xFF, 0xFF, 0xCF, 0x3C, 0xF3, 0xCF, 0x3C, 0xF3, 0xCF,
    0x3C, 0xFF, 0xFF, 0xF9, 0xE7, 0x8F, 0x1E, 0x3C, 0x78, 0xF1, 0xE3, 0xC7, 0x80, 0x7F, 0xF1, 0xFF,
    0xE7, 0xFF, 0x8F, 0x1E, 0x3C, 0x3C, 0xF0, 0xF3, 0xC3, 0xCF, 0x0F, 0x3C, 0x3C, 0xF0, 0xF3, 0xC3,
    0xCF, 0x0F, 0x3C, 0x3C, 0xF7, 0xCF, 0x7E, 0xF7, 0xFF, 0x0F, 0xF0, 0xFF, 0x0F, 0xF0, 0xFF, 0x0F,
    0xF0, 0xFF, 0x9F, 0x7F, 0xE7, 0xFE, 0x1F, 0x80, 0xFF, 0xFF, 0xCF, 0x3C, 0xF3, 0xC0, 0xFF, 0x1F,
    0xFB, 0xFF, 0x01, 0xE0, 0x1E, 0x03, 0xC0, 0x78, 0x0F, 0x01, 0xE0, 0x3C, 0x07, 0x80, 0xF0, 0x1E,
    0x03, 0xC0, 0x78, 0x0F, 0x01, 0xE0, 0xFF, 0x1F, 0xF3, 0xFF, 0x01, 0xE0, 0x3C, 0x03, 0x80, 0x78,
    0x0E, 0x03, 0xC0, 0x7B, 0xFF, 0x7F, 0xCF, 0xF0, 0x20, 0x1E, 0x03, 0xC0, 0x78, 0x0F, 0xFF, 0xFF,
    0xFF, 0xF0, 0x1E, 0x03, 0xC0, 0xF0, 0x1E, 0x03, 0xC0, 0xF0, 0x1E, 0x03, 0xC0, 0xF0, 0x1E, 0x00,
    0x7F, 0xF1, 0xFF, 0xE7, 0xFF, 0x8F, 0x1E, 0x3C, 0x3C, 0xF0, 0xF3, 0xC3, 0xCF, 0x0F, 0x3C, 0x3C,
    0xF0, 0xF3, 0xFF, 0xCF, 0xFF, 0x3F, 0xFC, 0x73, 0xF0, 0xFF, 0xF1, 0xFF, 0xF1, 0xF1, 0xE3, 0xC3,
    0xC7, 0x83, 0x8F, 0x07, 0x9E, 0x0E, 0x3C, 0x3C, 0xF0, 0x79, 0xEF, 0xF3, 0xDF, 0xC7, 0xBF, 0x00,
    0xFF, 0xFF, 0xCF, 0x3C, 0xF3, 0xCF, 0x3C, 0xF3, 0xCF, 0x3C, 0xF3, 0xCF, 0x3C, 0xF9, 0xFB, 0xF0,
    0xF1, 0xE3, 0xC7, 0x8F, 0x1E, 0x3F, 0xFF, 0xFF, 0xE0, 0xFF, 0xE7, 0xFF, 0xBF, 0xFE, 0x70, 0xF7,
    0x87, 0xBC, 0x3D, 0xE1, 0xEF, 0x0F, 0x78, 0x7B, 0xC7, 0xDF, 0xFC, 0x7F, 0xE1, 0xFC, 0x00, 0x00,
    0x03, 0xC3, 0xDE, 0x1E, 0xF0, 0xF7, 0x87, 0x9E, 0x3C, 0xF3, 0xC7, 0x9E, 0x3C, 0xF1, 0xEF, 0x87,
    0xF9, 0xFF, 0x8F, 0xF8, 0x7E, 0x03, 0x00, 0x00, 0x3F, 0x87, 0xFC, 0xFF, 0xEF, 0x1E, 0xF1, 0xEF,
    0x0E, 0xF8, 0xF7, 0x8F, 0x38, 0xF0, 0x0F, 0x00, 0xF0, 0x0F, 0x00, 0xF0, 0x0F, 0x00, 0xF0, 0x0F,
    0x00, 0xF0, 0x3F, 0x87, 0xFC, 0xFF, 0xEF, 0x1E, 0xF1, 0xEF, 0x0E, 0xF8, 0xF7, 0x9E, 0x39, 0xE0,
    0x3E, 0xFF, 0xCF, 0xFC, 0xFF, 0x00, 0xF0, 0xF7, 0x8F, 0x78, 0xF7, 0xCE, 0x3D, 0xE3, 0xDE, 0x1F,
    0xC1, 0xFC, 0x1F, 0x80, 0xF0, 0x0F, 0x00, 0xF0, 0x0F, 0x00, 0x78, 0x07, 0x80, 0x78, 0x07, 0x80,
    0x78, 0xF7, 0xCF, 0x3C, 0xF3, 0xEF, 0x1F, 0xE0, 0xFE, 0x0F, 0xC0, 0x78, 0x07, 0xC0, 0x3C, 0x7F,
    0xE7, 0xFE, 0x7F, 0xE0, 0xFF, 0xFF, 0xFF, 0xFF, 0xFE, 0x01, 0xE0, 0x0F, 0x00, 0x79, 0xE3, 0xCF,
    0x3C, 0x79, 0xE3, 0xCF, 0x1E, 0xF0, 0xF7, 0x87, 0xBC, 0x3C, 0x01, 0xE0, 0x0F, 0x00, 0x78, 0x00,
    0x7F, 0x8F, 0xF9, 0xFF, 0x01, 0xE0, 0x1E, 0x03, 0xC0, 0x78, 0x0F, 0x01, 0xE0, 0x3C, 0x07, 0x80,
    0xF0, 0x1E, 0xF7, 0xBF, 0xDE, 0xFF, 0x73, 0xFF, 0xCF, 0xFF, 0x3F, 0xFC, 0xFF, 0xE3, 0xBF, 0x1E,
    0xF0, 0x7B, 0xE3, 0xE7, 0xFF, 0x0F, 0xF8, 0x1F, 0xC0, 0x7F, 0xF1, 0xFF, 0xF7, 0xFF, 0xC7, 0x8F,
    0x1E, 0x3C, 0x78, 0xF1, 0xE3, 0xC7, 0x8F, 0x1E, 0x3C, 0x70, 0xF7, 0xC3, 0xDF, 0x0F, 0xF8, 0x3C,
    0x07, 0xC0, 0x0F, 0x80, 0x3F, 0x80, 0x7F, 0x00, 0xEE, 0x03, 0xDE, 0x07, 0xBC, 0x0E, 0x38, 0x3F,
    0xF8, 0x7F, 0xF0, 0xFF, 0xE3, 0xC1, 0xE7, 0x83, 0xCF, 0x07, 0xFC, 0x07, 0x80, 0x00, 0x03, 0x80,
    0x07, 0x80, 0x0E, 0x00, 0x3F, 0x8F, 0xF9, 0xFF, 0x00, 0xF3, 0xFE, 0xFF, 0xFF, 0xFF, 0x8F, 0xF3,
    0xFF, 0xFF, 0xFF, 0xBE, 0xF0, 0x00, 0x1C, 0x07, 0x80, 0x70, 0x07, 0x80, 0x1E, 0x00, 0x3C, 0x00,
    0xE0, 0x07, 0x80, 0x0C, 0x00, 0x00, 0x01, 0xE0, 0x0F, 0xC0, 0x3F, 0x00, 0xFC, 0x07, 0xF8, 0x1F,
    0xE0, 0x73, 0x83, 0xCF, 0x0F, 0xFC, 0x3F, 0xF1, 0xFF, 0xE7, 0x87, 0x9E, 0x1E, 0xF0, 0x3F, 0xC0,
    0xF0, 0x1F, 0x03, 0xE0, 0x1C, 0x07, 0x80, 0xE0, 0x08, 0x0F, 0xE3, 0xFE, 0x7F, 0xC0, 0x3C, 0xFF,
    0xBF, 0xFF, 0xFF, 0xE3, 0xFC, 0xFF, 0xFF, 0xFF, 0xEF, 0xDC, 0x00, 0x1C, 0x0F, 0x70, 0x3F, 0xC0,
    0x7F, 0x01, 0xCE, 0x00, 0x00, 0x01, 0xF0, 0x07, 0xE0, 0x0F, 0xC0, 0x1F, 0xC0, 0x7F, 0x80, 0xF7,
    0x01, 0xCF, 0x07, 0x9E, 0x0F, 0xFE, 0x1F, 0xFC, 0x7F, 0xF8, 0xF0, 0x7B, 0xE0, 0xF7, 0x81, 0xEF,
    0x03, 0xE0, 0x00, 0x70, 0x03, 0x87, 0xF8, 0x7F, 0x07, 0x38, 0x00, 0x00, 0xFE, 0x0F, 0xF8, 0x7F,
    0xC0, 0x0F, 0x0F, 0xF8, 0xFF, 0xCF, 0xFE, 0x78, 0xF3, 0xCF, 0x9F, 0xFC, 0xFF, 0xE3, 0xEF, 0x00,
    0xF0, 0x00, 0xEF, 0x00, 0xFF, 0x00, 0x7F, 0x01, 0xC6, 0x00, 0x00, 0x01, 0xF0, 0x07, 0xE0, 0x0F,
    0xC0, 0x1F, 0xC0, 0x7F, 0x80, 0xF7, 0x01, 0xCF, 0x07, 0x9E, 0x0F, 0xFE, 0x1F, 0xFC, 0x7F, 0xF8,
    0xF0, 0x7B, 0xE0, 0xF7, 0x81, 0xEF, 0x03, 0xE0, 0xE0, 0x03, 0x80, 0x0F, 0xF0, 0x1F, 0xC1, 0xEE,
    0x00, 0x00, 0x3F, 0x83, 0xFE, 0x1F, 0xF0, 0x03, 0xC3, 0xFE, 0x3F, 0xF3, 0xFF, 0x9E, 0x3C, 0xF3,
    0xE7, 0xFF, 0x3F, 0xF8, 0xFB, 0xC0, 0x00, 0x1C, 0x00, 0x1C, 0x03, 0xDC, 0x07, 0xE0, 0x0F, 0x70,
    0x0E, 0x30, 0x00, 0x00, 0x03, 0xE0, 0x07, 0xE0, 0x07, 0xE0, 0x07, 0xF0, 0x0F, 0xF0, 0x0F, 0x70,
    0x0E, 0x78, 0x1E, 0x78, 0x1F, 0xF8, 0x3F, 0xFC, 0x3F, 0xFC, 0x3C, 0x1C, 0x78, 0x1E, 0x78, 0x1E,
    0x78, 0x1F, 0x00, 0xE0, 0x0F, 0x00, 0x71, 0xFE, 0x3F, 0x87, 0x38, 0x00, 0x03, 0xF8, 0x7F, 0xC7,
    0xFC, 0x01, 0xE3, 0xFE, 0x7F, 0xEF, 0xFE, 0xF1, 0xEF, 0x3E, 0xFF, 0xEF, 0xFE, 0x7D, 0xE0, 0x07,
    0xB0, 0x1F, 0xE0, 0x37, 0x80, 0x1E, 0x00, 0x7E, 0x01, 0xDE, 0x00, 0x00, 0x00, 0x00, 0x07, 0xC0,
    0x1F, 0x80, 0x3F, 0x00, 0x7F, 0x01, 0xFE, 0x03, 0xDC, 0x07, 0x3C, 0x1E, 0x78, 0x3F, 0xF8, 0x7F,
    0xF1, 0xFF, 0xE3, 0xC1, 0xEF, 0x83, 0xDE, 0x07, 0xBC, 0x0F, 0x80, 0x1E, 0xC7, 0xF8, 0xDE, 0x07,
    0x81, 0xF8, 0x73, 0x80, 0x01, 0xFC, 0x7F, 0xCF, 0xF8, 0x07, 0x9F, 0xF7, 0xFF, 0xFF, 0xFC, 0x7F,
    0x9F, 0xFF, 0xFF, 0xFD, 0xF7, 0x80, 0x07, 0xC0, 0x0F, 0xC0, 0x3B, 0xC0, 0xE3, 0x80, 0x00, 0x00,
    0xF8, 0x01, 0xF0, 0x07, 0xF0, 0x0F, 0xE0, 0x1D, 0xC0, 0x7B, 0xC0, 0xF7, 0x81, 0xC7, 0x07, 0xFF,
    0x0F, 0xFE, 0x1F, 0xFC, 0x78, 0x3C, 0xF0, 0x79, 0xE0, 0xFF, 0x80, 0xF0, 0x00, 0x00, 0x70, 0x00,
    0xF0, 0x01, 0xC0, 0x1F, 0x07, 0xF1, 0xEF, 0x00, 0x03, 0xF8, 0xFF, 0x9F, 0xF0, 0x0F, 0x3F, 0xEF,
    0xFF, 0xFF, 0xF8, 0xFF, 0x3F, 0xFF, 0xFF, 0xFB, 0xEF, 0x00, 0x01, 0xC0, 0x78, 0x07, 0x00, 0x00,
    0xE0, 0x01, 0xC0, 0x0F, 0xB0, 0x07, 0xF0, 0x03, 0xE0, 0x00, 0x00, 0x00, 0x00, 0x03, 0xE0, 0x07,
    0xE0, 0x07, 0xE0, 0x07, 0xF0, 0x0F, 0xF0, 0x0F, 0x70, 0x0E, 0x78, 0x1E, 0x78, 0x1F, 0xF8, 0x1F,
    0xFC, 0x3F, 0xFC, 0x3C, 0x1E, 0x7C, 0x1E, 0x78, 0x1E, 0x78, 0x1F, 0x07, 0x00, 0xE0, 0x38, 0x18,
    0xE3, 0xF8, 0x3E, 0x00, 0x01, 0xFC, 0x7F, 0xCF, 0xF8, 0x07, 0x9F, 0xF7, 0xFF, 0xFF, 0xFE, 0x7F,
    0x9F, 0xFF, 0xFF, 0xFD, 0xFF, 0x80, 0x07, 0x00, 0x06, 0x00, 0x77, 0x80, 0x7F, 0x00, 0x7C, 0x00,
    0x00, 0x00, 0x00, 0x03, 0xE0, 0x0F, 0xC0, 0x1F, 0x80, 0x3F, 0x80, 0xFF, 0x01, 0xEE, 0x03, 0x9E,
    0x0F, 0x3C, 0x1F, 0xFC, 0x3F, 0xF8, 0xFF, 0xF1, 0xE0, 0xF7, 0xC1, 0xEF, 0x03, 0xDE, 0x07, 0xC0,
    0x1C, 0x03, 0x80, 0x38, 0x18, 0xE3, 0xF8, 0x3E, 0x00, 0x01, 0xFC, 0x7F, 0xCF, 0xF8, 0x07, 0x9F,
    0xF7, 0xFF, 0xFF, 0xFE, 0x7F, 0x9F, 0xFF, 0xFF, 0xFD, 0xFF, 0x80, 0x03, 0x80, 0x03, 0x00, 0x7F,
    0x80, 0x7F, 0x00, 0x7C, 0x00, 0x00, 0x00, 0x00, 0x03, 0xE0, 0x07, 0xC0, 0x1F, 0xC0, 0x3F, 0x80,
    0x77, 0x01, 0xEF, 0x03, 0xDE, 0x0F, 0x1C, 0x1F, 0xFC, 0x3F, 0xF8, 0xFF, 0xF1, 0xE0, 0xF3, 0xC1,
    0xEF, 0x03, 0xDE, 0x03, 0xC0, 0x0E, 0x01, 0xC0, 0x38, 0x38, 0xC3, 0xF8, 0x3E, 0x00, 0x01, 0xFC,
    0x7F, 0xCF, 0xF8, 0x07, 0x9F, 0xF7, 0xFF, 0xFF, 0xFE, 0x7F, 0x9F, 0xFF, 0xFF, 0xFD, 0xFF, 0x80,
    0x07, 0xB0, 0x0F, 0xE0, 0x3B, 0xC0, 0x71, 0x80, 0x7F, 0x00, 0x7C, 0x00, 0x00, 0x00, 0x00, 0x07,
    0xC0, 0x0F, 0xC0, 0x1F, 0x80, 0x7F, 0x00, 0xEF, 0x03, 0xDE, 0x07, 0x9C, 0x0E, 0x3C, 0x3F, 0xF8,
    0x7F, 0xF0, 0xFF, 0xF3, 0xC1, 0xE7, 0x83, 0xCF, 0x03, 0xFC, 0x07, 0x80, 0x1E, 0xC7, 0xF8, 0xDE,
    0x1C, 0xE3, 0xFC, 0x3F, 0x00, 0x01, 0xFC, 0x7F, 0xCF, 0xF8, 0x07, 0x9F, 0xF7, 0xFF, 0xFF, 0xFE,
    0x7F, 0x9F, 0xFF, 0xFF, 0xFD, 0xFF, 0x80, 0x0C, 0x30, 0x1C, 0xE0, 0x3F, 0xC0, 0x3F, 0x00, 0x3C,
    0x00, 0x00, 0x01, 0xF0, 0x03, 0xE0, 0x0F, 0xE0, 0x1F, 0xC0, 0x3B, 0x80, 0xF7, 0x81, 0xEF, 0x03,
    0x8F, 0x0F, 0xFE, 0x1F, 0xFC, 0x3F, 0xFC, 0xF0, 0x79, 0xE0, 0xF3, 0xC0, 0xFF, 0x01, 0xE0, 0x00,
    0x00, 0xE0, 0x01, 0xE0, 0x03, 0x80, 0x39, 0xC7, 0xF8, 0x7E, 0x07, 0x83, 0xF8, 0xFF, 0x8F, 0xF0,
    0x0F, 0x3F, 0xEF, 0xFF, 0xFF, 0xFC, 0xFF, 0x3F, 0xFF, 0xFF, 0xFB, 0xFF, 0x00, 0x01, 0xC0, 0x78,
    0x07, 0x00, 0xFF, 0xFF, 0xFF, 0xFE, 0x0F, 0x07, 0xFB, 0xFD, 0xFE, 0xF0, 0x78, 0x3C, 0x1E, 0x0F,
    0xFF, 0xFF, 0xFE, 0x00, 0x38, 0x1E, 0x0E, 0x00, 0x3F, 0x87, 0xFC, 0xFF, 0xEF, 0x1E, 0xFF, 0xFF,
    0xFF, 0xFF, 0xFF, 0x00, 0xF0, 0x0F, 0xFE, 0x7F, 0xE3, 0xFC, 0x00, 0x00, 0xE0, 0x0F, 0x00, 0xE0,
    0x7C, 0x3E, 0x07, 0x83, 0x83, 0xC0, 0xC0, 0x01, 0xFF, 0xFF, 0xFF, 0xFC, 0x1E, 0x0F, 0xF7, 0xFB,
    0xFD, 0xE0, 0xF0, 0x78, 0x3C, 0x1F, 0xFF, 0xFF, 0xFC, 0x1F, 0x01, 0xF0, 0x07, 0x00, 0xF0, 0x0E,
    0x00, 0x40, 0x3F, 0x87, 0xFC, 0xFF, 0xEF, 0x1E, 0xFF, 0xFF, 0xFF, 0xFF, 0xFF, 0x00, 0xF0, 0x0F,
    0xFE, 0x7F, 0xE3, 0xFC, 0x7B, 0xFF, 0xFF, 0xD9, 0xC0, 0x07, 0xFF, 0xFF, 0xFF, 0xF0, 0x78, 0x3F,
    0xDF, 0xEF, 0xF7, 0x83, 0xC1, 0xE0, 0xF0, 0x7F, 0xFF, 0xFF, 0xF0, 0x3E, 0xE7, 0xFC, 0x7F, 0xC6,
    0x38, 0x3F, 0x87, 0xFC, 0xFF, 0xEF, 0x1E, 0xFF, 0xFF, 0xFF, 0xFF, 0xFF, 0x00, 0xF0, 0x0F, 0xFE,
    0x7F, 0xE3, 0xFC, 0x00, 0xF1, 0xEE, 0x3F, 0xC7, 0xF0, 0x63, 0x80, 0x00, 0x7F, 0xC7, 0xFC, 0x7F,
    0xC7, 0x80, 0x78, 0x07, 0xF8, 0x7F, 0x87, 0xF8, 0x78, 0x07, 0x80, 0x78, 0x07, 0x80, 0x7F, 0xC7,
    0xFC, 0x7F, 0xC0, 0x00, 0x38, 0x03, 0x87, 0xD8, 0x77, 0x07, 0x1C, 0x00, 0x00, 0xFE, 0x0F, 0xF8,
    0xFF, 0xE7, 0x8F, 0x3F, 0xFD, 0xFF, 0xEF, 0xFF, 0x78, 0x03, 0xC0, 0x1F, 0xFC, 0x7F, 0xE1, 0xFE,
    0x00, 0x70, 0x03, 0xFE, 0x07, 0xF0, 0x1D, 0xC1, 0xC6, 0x00, 0x00, 0x3F, 0xE1, 0xFF, 0x0F, 0xF8,
    0x78, 0x03, 0xC0, 0x1F, 0xE0, 0xFF, 0x07, 0xF8, 0x3C, 0x01, 0xE0, 0x0F, 0x00, 0x78, 0x03, 0xFE,
    0x1F, 0xF0, 0xFF, 0x80, 0xF0, 0x01, 0xC0, 0x03, 0xFC, 0x03, 0xB8, 0x1C, 0x70, 0x00, 0x00, 0xFE,
    0x07, 0xFC, 0x3F, 0xF8, 0xF1, 0xE3, 0xFF, 0xCF, 0xFF, 0x3F, 0xFC, 0xF0, 0x03, 0xC0, 0x0F, 0xFE,
    0x1F, 0xF8, 0x3F, 0xC0, 0x01, 0xE0, 0x3C, 0xFF, 0x1F, 0xC7, 0x70, 0xC7, 0x00, 0x03, 0xFE, 0x7F,
    0xCF, 0xF9, 0xE0, 0x3C, 0x07, 0xF8, 0xFF, 0x1F, 0xE3, 0xC0, 0x78, 0x0F, 0x01, 0xE0, 0x3F, 0xE7,
    0xFC, 0xFF, 0x80, 0x00, 0xF0, 0x07, 0x00, 0x31, 0xF6, 0x3F, 0x87, 0x9C, 0x00, 0x03, 0xF8, 0x7F,
    0xCF, 0xFE, 0xF1, 0xEF, 0xFF, 0xFF, 0xFF, 0xFF, 0xF0, 0x0F, 0x00, 0xFF, 0xE7, 0xFE, 0x3F, 0xC0,
    0x7B, 0x3F, 0xB3, 0x87, 0x87, 0xE7, 0xB8, 0x00, 0x00, 0xFF, 0xFF, 0xFF, 0xFE, 0x0F, 0x07, 0xFB,
    0xFD, 0xFE, 0xF0, 0x78, 0x3C, 0x1E, 0x0F, 0xFF, 0xFF, 0xFE, 0x1F, 0xE3, 0xFC, 0x00, 0x00, 0xF8,
    0x1F, 0xC3, 0x9E, 0x00, 0x03, 0xF8, 0x7F, 0xCF, 0xFE, 0xF1, 0xEF, 0xFF, 0xFF, 0xFF, 0xFF, 0xF0,
    0x0F, 0x00, 0xFF, 0xE7, 0xFE, 0x3F, 0xC0, 0x3C, 0x3F, 0x3F, 0xDC, 0xE0, 0x07, 0xFF, 0xFF, 0xFF,
    0xF0, 0x78, 0x3F, 0xDF, 0xEF, 0xF7, 0x83, 0xC1, 0xE0, 0xF0, 0x7F, 0xFF, 0xFF, 0xF0, 0x01, 0xC0,
    0xF0, 0x70, 0x1F, 0x03, 0xF8, 0x7B, 0xC0, 0x00, 0x3F, 0x87, 0xFC, 0xFF, 0xEF, 0x1E, 0xFF, 0xFF,
    0xFF, 0xFF, 0xFF, 0x00, 0xF0, 0x0F, 0xFE, 0x7F, 0xE3, 0xFC, 0x00, 0x00, 0xE0, 0x0F, 0x00, 0xE0,
    0x79, 0xF0, 0xF1, 0xC7, 0x86, 0x00, 0x7F, 0xFE, 0xF9, 0xE3, 0xC7, 0x8F, 0x1E, 0x3C, 0x78, 0xF1,
    0xE3, 0xEF, 0xFF, 0xC0, 0xFB, 0xE1, 0x9E, 0x70, 0x07, 0x9E, 0x79, 0xE7, 0x9E, 0x79, 0xE7, 0x9E,
    0x79, 0xE0, 0xFF, 0xFD, 0xF3, 0xC7, 0x8F, 0x1E, 0x3C, 0x78, 0xF1, 0xE3, 0xC7, 0xDF, 0xFF, 0x80,
    0x70, 0xF1, 0xC0, 0xEF, 0xE0, 0xFF, 0xFF, 0xFF, 0xFF, 0xFF, 0xFF, 0x0E, 0xFE, 0x1F, 0xF0, 0x7F,
    0xF1, 0xFF, 0xF7, 0xC1, 0xEF, 0x01, 0xFE, 0x03, 0xFC, 0x07, 0xF8, 0x0F, 0xF0, 0x1F, 0xE0, 0x3F,
    0xC0, 0x7F, 0xC1, 0xE7, 0xFF, 0xC7, 0xFF, 0x07, 0xF8, 0x00, 0x00, 0x03, 0x80, 0x0F, 0x00, 0x0E,
    0x00, 0x3F, 0x8F, 0xFB, 0xFF, 0xF8, 0xFF, 0x1F, 0xE3, 0xFC, 0x7F, 0x8F, 0xF1, 0xFF, 0xFD, 0xFF,
    0x1F, 0xC0, 0x00, 0x1C, 0x07, 0x80, 0x70, 0x07, 0x80, 0x1F, 0x00, 0x1C, 0x00, 0x70, 0x03, 0xC0,
    0x0E, 0x00, 0x00, 0x07, 0xF8, 0x3F, 0xF1, 0xFF, 0xEF, 0x87, 0xFC, 0x0F, 0xF0, 0x3F, 0xC0, 0xFF,
    0x03, 0xFC, 0x0F, 0xF0, 0x3F, 0xC0, 0xFF, 0x87, 0xDF, 0xFE, 0x3F, 0xF0, 0x7F, 0x80, 0x1F, 0x03,
    0xE0, 0x1C, 0x07, 0x80, 0xE0, 0x08, 0x0F, 0xE3, 0xFE, 0xFF, 0xFE, 0x3F, 0xC7, 0xF8, 0xFF, 0x1F,
    0xE3, 0xFC, 0x7F, 0xFF, 0x7F, 0xC7, 0xF0, 0x00, 0x1C, 0x1E, 0xE0, 0xFB, 0x83, 0xF0, 0x1D, 0xE0,
    0x63, 0x80, 0x00, 0x07, 0xF8, 0x3F, 0xF1, 0xFF, 0xEF, 0x87, 0xFC, 0x0F, 0xF0, 0x3F, 0xC0, 0xFF,
    0x03, 0xFC, 0x0F, 0xF0, 0x3F, 0xC0, 0xFF, 0x87, 0xDF, 0xFE, 0x3F, 0xF0, 0x7F, 0x80, 0x00, 0x70,
    0x07, 0x87, 0xF0, 0x77, 0x07, 0x18, 0x00, 0x00, 0xFE, 0x0F, 0xF8, 0xFF, 0xE7, 0x8F, 0x3C, 0x79,
    0xE3, 0xCF, 0x1E, 0x78, 0xF3, 0xC7, 0x9F, 0xFC, 0x7F, 0xC1, 0xFC, 0x00, 0xE0, 0x03, 0xDE, 0x07,
    0xF8, 0x03, 0xF0, 0x1D, 0xE0, 0x63, 0x80, 0x00, 0x07, 0xF8, 0x3F, 0xF1, 0xFF, 0xEF, 0x87, 0xFC,
    0x0F, 0xF0, 0x3F, 0xC0, 0xFF, 0x03, 0xFC, 0x0F, 0xF0, 0x3F, 0xC0, 0xFF, 0x87, 0xDF, 0xFE, 0x3F,
    0xF0, 0x7F, 0x80, 0xF0, 0x03, 0x80, 0x0F, 0xF0, 0x1D, 0xC1, 0xC7, 0x00, 0x00, 0x3F, 0x83, 0xFE,
    0x3F, 0xF9, 0xE3, 0xCF, 0x1E, 0x78, 0xF3, 0xC7, 0x9E, 0x3C, 0xF1, 0xE7, 0xFF, 0x1F, 0xF0, 0x7F,
    0x00, 0x00, 0x78, 0x00, 0xE0, 0x01, 0x81, 0xEC, 0x0F, 0xE0, 0x77, 0x81, 0xCE, 0x00, 0x00, 0x1F,
    0xE0, 0xFF, 0xC7, 0xFF, 0xBE, 0x1F, 0xF0, 0x3F, 0xC0, 0xFF, 0x03, 0xFC, 0x0F, 0xF0, 0x3F, 0xC0,
    0xFF, 0x03, 0xFE, 0x1F, 0x7F, 0xF8, 0xFF, 0xC1, 0xFE, 0x00, 0x00, 0xE0, 0x0F, 0x00, 0x71, 0xFE,
    0x3F, 0x87, 0x38, 0x00, 0x03, 0xF8, 0x7F, 0xCF, 0xFE, 0xF1, 0xEF, 0x1E, 0xF1, 0xEF, 0x1E, 0xF1,
    0xEF, 0x1E, 0xFF, 0xE7, 0xFC, 0x3F, 0x80, 0x0F, 0xF0, 0x3F, 0x80, 0xDE, 0x00, 0xF0, 0x07, 0xE0,
    0x3B, 0xC0, 0x00, 0x00, 0x00, 0x1F, 0xE0, 0xFF, 0xC7, 0xFF, 0xBE, 0x1F, 0xF0, 0x3F, 0xC0, 0xFF,
    0x03, 0xFC, 0x0F, 0xF0, 0x3F, 0xC0, 0xFF, 0x03, 0xFE, 0x1F, 0x7F, 0xF8, 0xFF, 0xC1, 0xFE, 0x00,
    0x1F, 0xC7, 0xF8, 0x00, 0x07, 0x81, 0xF8, 0x73, 0x80, 0x01, 0xFC, 0x7F, 0xDF, 0xFF, 0xC7, 0xF8,
    0xFF, 0x1F, 0xE3, 0xFC, 0x7F, 0x8F, 0xFF, 0xEF, 0xF8, 0xFE, 0x00, 0x03, 0x80, 0x0F, 0x80, 0x3F,
    0x80, 0xF7, 0x80, 0x00, 0x00, 0x00, 0x07, 0xFC, 0x1F, 0xFC, 0x7F, 0xFD, 0xF0, 0x7B, 0xC0, 0x7F,
    0x80, 0xFF, 0x01, 0xFE, 0x03, 0xFC, 0x07, 0xF8, 0x0F, 0xF0, 0x1F, 0xF0, 0x79, 0xFF, 0xF1, 0xFF,
    0xC1, 0xFE, 0x00, 0x00, 0x00, 0xE0, 0x03, 0xC0, 0x03, 0x80, 0x1F, 0x07, 0xF1, 0xEF, 0x00, 0x03,
    0xF8, 0xFF, 0xBF, 0xFF, 0x8F, 0xF1, 0xFE, 0x3F, 0xC7, 0xF8, 0xFF, 0x1F, 0xFF, 0xDF, 0xF1, 0xFC,
    0x00, 0x01, 0xC0, 0x78, 0x07, 0x00, 0x01, 0xF0, 0x00, 0xF0, 0x00, 0xF0, 0x00, 0xF0, 0x00, 0x00,
    0x00, 0x00, 0x3C, 0x7F, 0x9E, 0x7F, 0xFE, 0x7F, 0xFF, 0x7C, 0x3F, 0x3C, 0x0F, 0x1E, 0x07, 0x8F,
    0x01, 0xE7, 0x80, 0xF3, 0xC0, 0x79, 0xE0, 0x78, 0xF0, 0x3C, 0x7C, 0x3E, 0x1F, 0xFE, 0x07, 0xFE,
    0x01, 0xFE, 0x00, 0x07, 0xC0, 0x3E, 0x00, 0xE3, 0xC0, 0x0F, 0x3F, 0xBD, 0xFF, 0xEF, 0xFF, 0xBC,
    0x78, 0xF1, 0xE3, 0xC7, 0x8F, 0x1E, 0x3C, 0x78, 0xF1, 0xE3, 0xFF, 0x87, 0xFC, 0x0F, 0xE0, 0x1E,
    0x00, 0x07, 0x80, 0x01, 0xE0, 0x00, 0x78, 0x00, 0x00, 0x00, 0x00, 0x3C, 0x7F, 0x9E, 0x7F, 0xFE,
    0x7F, 0xFF, 0x7C, 0x3F, 0x3C, 0x0F, 0x1E, 0x07, 0x8F, 0x01, 0xE7, 0x80, 0xF3, 0xC0, 0x79, 0xE0,
    0x78, 0xF0, 0x3C, 0x7C, 0x3E, 0x1F, 0xFE, 0x07, 0xFE, 0x01, 0xFE, 0x00, 0x3C, 0x00, 0x78, 0x00,
    0xF3, 0xC0, 0x0F, 0x3F, 0xBD, 0xFF, 0xEF, 0xFF, 0xBC, 0x78, 0xF1, 0xE3, 0xC7, 0x8F, 0x1E, 0x3C,
    0x78, 0xF1, 0xE3, 0xFF, 0x87, 0xFC, 0x0F, 0xE0, 0x0F, 0x80, 0x07, 0xC0, 0x00, 0xF0, 0x00, 0x70,
    0x00, 0x78, 0x00, 0x38, 0x00, 0x00, 0x1E, 0x3F, 0xCF, 0x3F, 0xFF, 0x3F, 0xFF, 0xBE, 0x1F, 0x9E,
    0x07, 0x8F, 0x03, 0xC7, 0x80, 0xF3, 0xC0, 0x79, 0xE0, 0x3C, 0xF0, 0x3C, 0x78, 0x1E, 0x3E, 0x1F,
    0x0F, 0xFF, 0x03, 0xFF, 0x00, 0xFF, 0x00, 0x1F, 0x00, 0x7C, 0x00, 0x70, 0x03, 0xC0, 0x0E, 0x3C,
    0x10, 0xF3, 0xFB, 0xDF, 0xFE, 0xFF, 0xF3, 0xC7, 0x8F, 0x1E, 0x3C, 0x78, 0xF1, 0xE3, 0xC7, 0x8F,
    0x1E, 0x3F, 0xF8, 0x7F, 0xC0, 0xFE, 0x00, 0x0E, 0x30, 0x0F, 0xF8, 0x07, 0xFC, 0x03, 0x7C, 0x01,
    0x8C, 0x00, 0x00, 0x3C, 0x7F, 0x9E, 0x7F, 0xFE, 0x7F, 0xFF, 0x7C, 0x3F, 0x3C, 0x0F, 0x1E, 0x07,
    0x8F, 0x01, 0xE7, 0x80, 0xF3, 0xC0, 0x79, 0xE0, 0x78, 0xF0, 0x3C, 0x7C, 0x3E, 0x1F, 0xFE, 0x07,
    0xFE, 0x01, 0xFE, 0x00, 0x3E, 0xC0, 0xFF, 0x07, 0xF8, 0x18, 0xCF, 0x3F, 0xBD, 0xFF, 0xFF, 0xFF,
    0xBC, 0x78, 0xF1, 0xE3, 0xC7, 0x8F, 0x1E, 0x3C, 0x78, 0xF1, 0xE3, 0xFF, 0x87, 0xFC, 0x0F, 0xE0,
    0x00, 0x07, 0x8F, 0xF3, 0xCF, 0xFF, 0xCF, 0xFF, 0xEF, 0x87, 0xE7, 0x81, 0xE3, 0xC0, 0xF1, 0xE0,
    0x3C, 0xF0, 0x1E, 0x78, 0x0F, 0x3C, 0x0F, 0x1E, 0x07, 0x8F, 0x87, 0xC3, 0xFF, 0xC0, 0xFF, 0xC0,
    0x3F, 0xC0, 0x00, 0x00, 0x01, 0xC0, 0x01, 0xE0, 0x00, 0x70, 0x00, 0x00, 0x3C, 0x00, 0xF3, 0xFB,
    0xDF, 0xFE, 0xFF, 0xF3, 0xC7, 0x8F, 0x1E, 0x3C, 0x78, 0xF1, 0xE3, 0xC7, 0x8F, 0x1E, 0x3F, 0xF8,
    0x7F, 0xC0, 0xFE, 0x00, 0x00, 0x03, 0x80, 0x0F, 0x00, 0x38, 0x00, 0xF0, 0x7F, 0x83, 0xFC, 0x1F,
    0xE0, 0xFF, 0x07, 0xF8, 0x3F, 0xC1, 0xFE, 0x0F, 0xF0, 0x7F, 0x83, 0xFC, 0x3F, 0xF1, 0xEF, 0xFF,
    0x3F, 0xF0, 0xFF, 0x00, 0x00, 0x0E, 0x00, 0x78, 0x03, 0x80, 0xF1, 0xFE, 0x3F, 0xC7, 0xF8, 0xFF,
    0x1F, 0xE3, 0xFC, 0x7F, 0x9F, 0xF3, 0xFF, 0xFF, 0xFF, 0xBE, 0xF0, 0x00, 0x1C, 0x07, 0x80, 0x70,
    0x1E, 0x00, 0xF8, 0x01, 0xC0, 0x0E, 0x00, 0xF0, 0x07, 0x00, 0x00, 0x1E, 0x0F, 0xF0, 0x7F, 0x83,
    0xFC, 0x1F, 0xE0, 0xFF, 0x07, 0xF8, 0x3F, 0xC1, 0xFE, 0x0F, 0xF0, 0x7F, 0x87, 0xFE, 0x3D, 0xFF,
    0xE7, 0xFE, 0x1F, 0xE0, 0x1F, 0x03, 0xE0, 0x1C, 0x07, 0x80, 0xE0, 0x00, 0x3C, 0x7F, 0x8F, 0xF1,
    0xFE, 0x3F, 0xC7, 0xF8, 0xFF, 0x1F, 0xE7, 0xFC, 0xFF, 0xFF, 0xFF, 0xEF, 0xDC, 0x03, 0xC0, 0x01,
    0xE0, 0x01, 0xE0, 0x01, 0xE0, 0x00, 0x00, 0x00, 0x00, 0x3F, 0xC1, 0xFF, 0xE0, 0xFE, 0xF0, 0x7F,
    0x78, 0x3E, 0x3C, 0x1E, 0x1E, 0x0F, 0x0F, 0x07, 0x87, 0x83, 0xC3, 0xC1, 0xE1, 0xE0, 0xF0, 0xF0,
    0xF8, 0x78, 0x78, 0x3F, 0xFC, 0x0F, 0xFC, 0x03, 0xFC, 0x00, 0x07, 0x80, 0x0F, 0x00, 0x1E, 0x0E,
    0x00, 0x0E, 0xF1, 0xFE, 0xF1, 0xFE, 0xF1, 0xFC, 0xF1, 0xF0, 0xF1, 0xE0, 0xF1, 0xE0, 0xF1, 0xE0,
    0xF3, 0xE0, 0xF3, 0xE0, 0xFF, 0xE0, 0xFF, 0xE0, 0x7D, 0xE0, 0x3C, 0x00, 0x1F, 0x00, 0x03, 0xC0,
    0x00, 0xE0, 0x00, 0x00, 0x00, 0x00, 0x3F, 0xC1, 0xFF, 0xE0, 0xFE, 0xF0, 0x7F, 0x78, 0x3E, 0x3C,
    0x1E, 0x1E, 0x0F, 0x0F, 0x07, 0x87, 0x83, 0xC3, 0xC1, 0xE1, 0xE0, 0xF0, 0xF0, 0xF8, 0x78, 0x78,
    0x3F, 0xFC, 0x0F, 0xFC, 0x03, 0xFC, 0x00, 0x7C, 0x00, 0x1E, 0x00, 0x0E, 0x0E, 0x00, 0x0E, 0xF1,
    0xFE, 0xF1, 0xFE, 0xF1, 0xFC, 0xF1, 0xF0, 0xF1, 0xE0, 0xF1, 0xE0, 0xF1, 0xE0, 0xF3, 0xE0, 0xF3,
    0xE0, 0xFF, 0xE0, 0xFF, 0xE0, 0x7D, 0xE0, 0x1E, 0x00, 0x0F, 0x80, 0x01, 0xC0, 0x00, 0xE0, 0x00,
    0xF0, 0x00, 0x70, 0x00, 0x00, 0x1F, 0xE0, 0xFF, 0xF0, 0x7F, 0x78, 0x3F, 0xBC, 0x1F, 0x1E, 0x0F,
    0x0F, 0x07, 0x87, 0x83, 0xC3, 0xC1, 0xE1, 0xE0, 0xF0, 0xF0, 0x78, 0x78, 0x7C, 0x3C, 0x3C, 0x1F,
    0xFE, 0x07, 0xFE, 0x01, 0xFE, 0x00, 0x1F, 0x00, 0x1F, 0x00, 0x07, 0x00, 0x0F, 0x00, 0x0E, 0x0E,
    0x00, 0x1E, 0xF1, 0xFE, 0xF1, 0xFC, 0xF1, 0xFC, 0xF1, 0xF0, 0xF1, 0xE0, 0xF1, 0xE0, 0xF1, 0xE0,
    0xF3, 0xE0, 0xF3, 0xE0, 0xFF, 0xE0, 0xFF, 0xE0, 0x7C, 0xE0, 0x1C, 0xC0, 0x1F, 0x70, 0x0F, 0xF0,
    0x06, 0xF8, 0x03, 0x38, 0x00, 0x00, 0x3F, 0xC1, 0xFF, 0xE0, 0xFE, 0xF0, 0x7F, 0x78, 0x3E, 0x3C,
    0x1E, 0x1E, 0x0F, 0x0F, 0x07, 0x87, 0x83, 0xC3, 0xC1, 0xE1, 0xE0, 0xF0, 0xF0, 0xF8, 0x78, 0x78,
    0x3F, 0xFC, 0x0F, 0xFC, 0x03, 0xFC, 0x00, 0x3D, 0xC0, 0x7F, 0x80, 0x7F, 0x80, 0x67, 0x0F, 0xF1,
    0xFE, 0xF1, 0xFE, 0xF1, 0xFC, 0xF1, 0xF0, 0xF1, 0xE0, 0xF1, 0xE0, 0xF1, 0xE0, 0xF3, 0xE0, 0xF3,
    0xE0, 0xFF, 0xE0, 0xFF, 0xE0, 0x7D, 0xE0, 0x00, 0x07, 0xF8, 0x3F, 0xFC, 0x1F, 0xDE, 0x0F, 0xEF,
    0x07, 0xC7, 0x83, 0xC3, 0xC1, 0xE1, 0xE0, 0xF0, 0xF0, 0x78, 0x78, 0x3C, 0x3C, 0x1E, 0x1E, 0x1F,
    0x0F, 0x0F, 0x07, 0xFF, 0x81, 0xFF, 0x80, 0x7F, 0x80, 0x00, 0x00, 0x07, 0x00, 0x07, 0x80, 0x01,
    0xC0, 0x00, 0x00, 0x0E, 0x00, 0x0E, 0xF1, 0xFE, 0xF1, 0xFE, 0xF1, 0xFC, 0xF1, 0xF0, 0xF1, 0xE0,
    0xF1, 0xE0, 0xF1, 0xE0, 0xF3, 0xE0, 0xF3, 0xE0, 0xFF, 0xE0, 0xFF, 0xE0, 0x7D, 0xE0, 0x00, 0x00,
    0x0E, 0x00, 0x1E, 0x00, 0x0E, 0x00, 0x1F, 0x00, 0x3C, 0x00, 0x78, 0x00, 0xF0, 0x00, 0x03, 0xC1,
    0xEF, 0x87, 0x9E, 0x3C, 0x3C, 0xF0, 0xF7, 0x81, 0xFE, 0x07, 0xF0, 0x0F, 0x80, 0x3E, 0x00, 0x78,
    0x01, 0xE0, 0x07, 0x80, 0x1E, 0x00, 0x78, 0x01, 0xE0, 0x1E, 0x00, 0x78, 0x00, 0xE0, 0x00, 0x0F,
    0x0F, 0x78, 0x79, 0xE3, 0xCF, 0x3C, 0x39, 0xE1, 0xEF, 0x0F, 0x70, 0x3F, 0x81, 0xF8, 0x07, 0xC0,
    0x3E, 0x01, 0xE0, 0x0F, 0x00, 0xF8, 0x1F, 0x80, 0xFC, 0x07, 0xC0, 0x00, 0xF0, 0x7B, 0xE1, 0xE7,
    0x8F, 0x0F, 0x3C, 0x3D, 0xE0, 0x7F, 0x81, 0xFC, 0x03, 0xE0, 0x0F, 0x80, 0x1E, 0x00, 0x78, 0x01,
    0xE0, 0x07, 0x80, 0x1E, 0x00, 0x78, 0x00, 0x00, 0x07, 0x00, 0x1E, 0x00, 0x70, 0x00, 0xF0, 0xFF,
    0x0F, 0x79, 0xE7, 0x9E, 0x39, 0xE3, 0xDC, 0x3F, 0xC1, 0xF8, 0x1F, 0x80, 0xF8, 0x0F, 0x00, 0xF0,
    0x0F, 0x01, 0xEE, 0x7E, 0xF7, 0xCE, 0x78, 0x00, 0x0F, 0x00, 0x7C, 0x00, 0xE0, 0x07, 0x00, 0x78,
    0x03, 0x80, 0x00, 0x1E, 0x0F, 0xF8, 0xFB, 0xC7, 0x8F, 0x7C, 0x7B, 0xC1, 0xFE, 0x0F, 0xE0, 0x3E,
    0x01, 0xF0, 0x07, 0x80, 0x3C, 0x01, 0xE0, 0x0F, 0x00, 0x78, 0x03, 0xC0, 0x0F, 0x80, 0x7C, 0x00,
    0x60, 0x0F, 0x00, 0x70, 0x00, 0x01, 0xE1, 0xEF, 0x1E, 0x78, 0xF1, 0xE7, 0x8F, 0x38, 0x3B, 0xC1,
    0xFE, 0x0F, 0xE0, 0x3F, 0x01, 0xF8, 0x07, 0x80, 0x3C, 0x01, 0xC0, 0x1E, 0x07, 0xF0, 0x3F, 0x01,
    0xF0, 0x00, 0x1F, 0x60, 0x7F, 0x83, 0xFE, 0x0C, 0x60, 0x00, 0x03, 0xC1, 0xEF, 0x87, 0x9E, 0x3C,
    0x3C, 0xF0, 0xF7, 0x81, 0xFE, 0x07, 0xF0, 0x0F, 0x80, 0x3E, 0x00, 0x78, 0x01, 0xE0, 0x07, 0x80,
    0x1E, 0x00, 0x78, 0x01, 0xE0, 0x1E, 0xE1, 0xFF, 0x0F, 0xF0, 0x67, 0x0F, 0x0F, 0x78, 0x79, 0xE3,
    0xCF, 0x3C, 0x39, 0xE1, 0xEF, 0x0F, 0x70, 0x3F, 0x81, 0xF8, 0x07, 0xC0, 0x3E, 0x01, 0xE0, 0x0F,
    0x00, 0xF8, 0x1F, 0x80, 0xFC, 0x07, 0xC0, 0x00, 0x31, 0xBF, 0x6A, 0x42, 0x10, 0x84, 0x21, 0x08,
    0x42, 0x10, 0x84, 0x00, 0x23, 0x3E, 0xD2, 0x84, 0x21, 0x08, 0x42, 0x10, 0x84, 0x21, 0x08, 0x40,
    0xFF, 0xFE, 0xFF, 0xFE, 0xFF, 0xFF, 0xFF, 0xFC, 0xFF, 0xFF, 0xFF, 0xE0, 0xFF, 0xFF, 0xFF, 0xFF,
    0xFF, 0xFF, 0xFF, 0x80, 0xFF, 0xFF, 0xFF, 0xFF, 0xFF, 0xFF, 0xFF, 0x80, 0xE7, 0xE7, 0xE7, 0xE7,
    0xE7, 0xE7, 0xE7, 0xE7, 0xE7, 0xE7, 0xE7, 0xE7, 0xE7, 0xE7, 0xE7, 0xE7, 0xE7, 0xE7, 0xE7, 0xE7,
    0xE7, 0xFF, 0xFF, 0xC0, 0x1F, 0xFF, 0xF8, 0x7B, 0x9D, 0xEF, 0x00, 0x7B, 0xBD, 0xEE, 0x00, 0x7B,
    0xDC, 0xEE, 0x00, 0xF7, 0x9C, 0xE7, 0x80, 0x7B, 0x9C, 0xE7, 0x7B, 0xDE, 0xF7, 0x00, 0x7B, 0x9D,
    0xEF, 0x7B, 0xDC, 0xE7, 0x00, 0x7B, 0xDE, 0xE7, 0x39, 0xDE, 0xE7, 0x00, 0xF7, 0x3D, 0xE7, 0x79,
    0xCE, 0x7B, 0x80, 0x3C, 0x0E, 0x07, 0x03, 0x0F, 0xFF, 0xFF, 0xFE, 0x38, 0x1C, 0x0E, 0x07, 0x03,
    0x81, 0xC0, 0xE0, 0x70, 0x38, 0x3C, 0x3C, 0x18, 0xFF, 0xFF, 0xFF, 0x18, 0x3C, 0x3C, 0x18, 0xFF,
    0xFF, 0xFF, 0x18, 0x3C, 0x3C, 0x7B, 0xFF, 0xFF, 0xFF, 0xF7, 0x80, 0x01, 0x83, 0x87, 0xCF, 0xDF,
    0xBE, 0x70, 0x80, 0xEF, 0xE0, 0xE3, 0xBC, 0xFE, 0x38, 0xE3, 0x8E, 0xF3, 0xCF, 0xE3, 0x8E, 0xEF,
    0xFE, 0xFC, 0x21, 0x08, 0x42, 0x10, 0x84, 0x21, 0x08, 0x42, 0x10, 0xF8, 0x42, 0x10, 0x84, 0x21,
    0x08, 0x42, 0x10, 0x84, 0x21, 0xFF, 0xFF, 0xFF, 0x90, 0x84, 0x21, 0x08, 0x42, 0x10, 0x84, 0x21,
    0x00, 0xFC, 0x21, 0x0F, 0x90, 0x84, 0x21, 0x08, 0x42, 0x10, 0x84, 0x21, 0x00, 0xF8, 0x42, 0x1F,
    0x90, 0x84, 0x21, 0x08, 0x42, 0x10, 0x84, 0x21, 0x00, 0x7C, 0x1C, 0x00, 0x3F, 0x87, 0x00, 0x0F,
    0xE3, 0x80, 0x03, 0xB9, 0xE0, 0x00, 0xEE, 0x70, 0x00, 0x3B, 0xBC, 0x00, 0x0E, 0xEE, 0xF0, 0xF3,
    0xFF, 0x7E, 0x7E, 0x7D, 0xDF, 0x9F, 0x8E, 0xE6, 0x66, 0x60, 0x7B, 0x9F, 0x9C, 0x1C, 0x7E, 0x7E,
    0x0F, 0x1F, 0x9F, 0x83, 0x87, 0xE7, 0xE1, 0xE0, 0xF0, 0xF0, 0x7C, 0x1C, 0x00, 0x00, 0x3F, 0x8F,
    0x00, 0x00, 0x0F, 0xE3, 0x80, 0x00, 0x03, 0xB9, 0xC0, 0x00, 0x00, 0xEE, 0x70, 0x00, 0x00, 0x3B,
    0xB8, 0x00, 0x00, 0x0F, 0xEF, 0xF9, 0xF9, 0xFB, 0xFF, 0xFF, 0xFF, 0xFF, 0x7D, 0xFF, 0xFF, 0xFF,
    0xC0, 0xEE, 0x7E, 0x7E, 0x70, 0x7B, 0x9F, 0x9F, 0x9C, 0x1C, 0xFF, 0xEF, 0xFF, 0x0E, 0x3F, 0xFF,
    0xFF, 0xC3, 0x87, 0xE7, 0xE7, 0xE1, 0xC1, 0xF9, 0xF9, 0xF8, 0x1E, 0x38, 0xE1, 0xC7, 0x0C, 0x00,
    0x1E, 0xE3, 0xDC, 0x39, 0xC7, 0x38, 0x77, 0x00, 0x1E, 0xEF, 0x3D, 0xCE, 0x39, 0xDC, 0x73, 0x9C,
    0x77, 0x38, 0xF1, 0xC7, 0x8E, 0x18, 0x70, 0xF7, 0x0E, 0xF1, 0xEE, 0x1C, 0xE1, 0xDC, 0xF7, 0x78,
    0xEF, 0x71, 0xEE, 0x71, 0xCE, 0xE1, 0xDC, 0xE0, 0x18, 0x1E, 0x0F, 0x07, 0xC7, 0x63, 0x3B, 0x8C,
    0x18, 0x79, 0xF3, 0xCF, 0x1E, 0x1E, 0x3E, 0x3C, 0x30, 0x30, 0xF1, 0xF1, 0xE1, 0xE3, 0xCF, 0x3E,
    0x78, 0x60, 0x63, 0x84, 0xF3, 0xDE, 0x7B, 0xBE, 0x3C, 0x78, 0x1F, 0xF0, 0xEF, 0xEE, 0xF7, 0xCF,
    0xE7, 0xCE, 0x0F, 0xE0, 0x1E, 0xF0, 0x3C, 0x78, 0x78, 0x3C, 0x73, 0x9E, 0xE3, 0xCE, 0x63, 0x84,
    0xF3, 0xFC, 0xFF, 0x3F, 0xCF, 0xF3, 0xFC, 0xFF, 0x3F, 0xCF, 0xF3, 0xFC, 0xF0, 0x00, 0x00, 0xE3,
    0xBC, 0xFE, 0x38, 0x7F, 0xBF, 0xF7, 0xFD, 0x7F, 0x1F, 0xC7, 0xF1, 0xF8, 0x7C, 0x1C, 0x07, 0x00,
    0x00, 0x00, 0x1C, 0x07, 0x81, 0xC0, 0xFF, 0xFF, 0xFF, 0xFF, 0x80, 0x40, 0x16, 0x01, 0x98, 0x1C,
    0x7F, 0xC1, 0xFC, 0x00, 0x1F, 0xC1, 0xFF, 0x18, 0x1D, 0x80, 0x64, 0x01, 0x00, 0x03, 0x81, 0x81,
    0xC0, 0xC0, 0xE0, 0x60, 0x70, 0x30, 0x1C, 0x1E, 0x0F, 0x8E, 0xC6, 0x77, 0x18, 0x00, 0x38, 0x00,
    0x00, 0x38, 0x00, 0x00, 0x38, 0x00, 0x03, 0xFF, 0x80, 0x03, 0xFF, 0x80, 0x03, 0xFF, 0x80, 0x00,
    0x7C, 0x00, 0x00, 0xFE, 0x00, 0x00, 0xEF, 0x00, 0x0E, 0xEE, 0xF0, 0x1E, 0x00, 0xF0, 0x0E, 0x00,
    0xE0, 0xCC, 0xC6, 0x66, 0xFF, 0xC7, 0xFE, 0xFF, 0xC7, 0xFE, 0x3F, 0x01, 0xF8, 0x3F, 0x01, 0xF8,
    0x7F, 0x83, 0xFC, 0x7B, 0x83, 0x9C, 0x13, 0x00, 0x90, 0xFF, 0xFE, 0x00, 0xE0, 0x38, 0x0F, 0x01,
    0xC0, 0x78, 0x0E, 0x03, 0xC0, 0x70, 0x1C, 0x03, 0x80, 0xE0, 0x1C, 0x07, 0x01, 0xE0, 0x38, 0x00,
    0xFF, 0xFF, 0xCE, 0x73, 0x9C, 0xFF, 0xFF, 0xCE, 0x73, 0x9C, 0xFF, 0xFE, 0xFF, 0xFF, 0xF8, 0xF1,
    0xE3, 0xC7, 0x8F, 0xFF, 0xFF, 0xF8, 0xF1, 0xE3, 0xC7, 0x8F, 0xFF, 0xFF, 0xF8, 0x7F, 0x9F, 0xE7,
    0xFE, 0xFF, 0x9F, 0xF7, 0xFE, 0xC3, 0xD1, 0xF0, 0x1E, 0x0F, 0x81, 0xE0, 0x78, 0x1F, 0x07, 0xC1,
    0xE0, 0x7C, 0x0E, 0x03, 0x80, 0xE0, 0x3C, 0x03, 0x00, 0xE0, 0x00, 0x00, 0x01, 0xC0, 0x78, 0x0F,
    0x03, 0xC0, 0x70, 0x1E, 0x00, 0x7F, 0x9F, 0xFF, 0xBD, 0xFF, 0x7A, 0x0F, 0xF0, 0x3D, 0xE0, 0x7B,
    0xC1, 0xE7, 0x87, 0x8F, 0x0E, 0x1E, 0x38, 0x3C, 0x00, 0x00, 0x00, 0x01, 0xC0, 0xE3, 0xC3, 0xC7,
    0x03, 0x80, 0xF7, 0xF9, 0xEF, 0xFB, 0xDF, 0xF7, 0x90, 0xFF, 0x03, 0xDE, 0x07, 0xBC, 0x1E, 0x78,
    0x78, 0xF0, 0xE1, 0xE1, 0xC0, 0x00, 0x00, 0x00, 0x0E, 0x0E, 0x1E, 0x3C, 0x38, 0x38, 0x00, 0xFF,
    0xFF, 0xFF, 0xFC, 0x0E, 0x07, 0x81, 0xC0, 0xF0, 0x38, 0x1E, 0x0F, 0x03, 0xC1, 0xE0, 0xFF, 0x9F,
    0xFB, 0xFF, 0x6F, 0xFD, 0xFF, 0xBF, 0xF7, 0xFE, 0xFF, 0xDF, 0xDB, 0xFB, 0x7E, 0x6D, 0x0D, 0x81,
    0xB0, 0x36, 0x06, 0xC0, 0xD8, 0x1B, 0x03, 0x60, 0x6C, 0x00, 0x3F, 0xEF, 0xFF, 0xFF, 0xFF, 0x3F,
    0xE7, 0xFC, 0xFF, 0x9F, 0xF3, 0xFE, 0x7F, 0xFD, 0xFF, 0x8F, 0xF0, 0xFF, 0x9F, 0xFB, 0xFF, 0xE7,
    0xFC, 0xFF, 0x9F, 0xF3, 0xFE, 0x7F, 0xCF, 0xFF, 0xFF, 0xFF, 0x7F, 0x80, 0x0E, 0x01, 0xC0, 0x38,
    0x3F, 0xFF, 0xFF, 0xFF, 0xC7, 0xC1, 0xFC, 0x3B, 0xC7, 0x70, 0x00, 0x00, 0xEF, 0xFE, 0x00, 0x00,
    0x00, 0xEE, 0xF7, 0x70, 0x1F, 0xC1, 0xFF, 0x18, 0x1D, 0x80, 0x64, 0x01, 0x00, 0x00, 0x00, 0x00,
    0x00, 0x00, 0x00, 0x00, 0x00, 0x00, 0x00, 0x00, 0x00, 0x00, 0x00, 0x00, 0x00, 0x00, 0x00, 0x02,
    0x00, 0xB0, 0x0C, 0xC0, 0xE3, 0xFE, 0x0F, 0xE0, 0x0E, 0x01, 0xC0, 0x38, 0x3F, 0xFF, 0xFF, 0xFF,
    0xC7, 0xC1, 0xFC, 0x3B, 0xC7, 0x70, 0x00, 0x07, 0x00, 0xE0, 0x1C, 0x1F, 0xFF, 0xFF, 0xFF, 0xE3,
    0xE0, 0xFE, 0x1D, 0xE3, 0x98, 0x00, 0x00, 0x73, 0x9E, 0xE7, 0x38, 0x1C, 0x07, 0x03, 0x80, 0xE0,
    0x38, 0x1C, 0x07, 0x03, 0x80, 0xE0, 0x3B, 0x9C, 0xF7, 0x38, 0x0F, 0x00, 0x31, 0xFF, 0x81, 0x9F,
    0xFF, 0xFC, 0xE7, 0xFF, 0xC6, 0x01, 0xFC, 0x00, 0x1F, 0xC1, 0xFF, 0x18, 0x1D, 0x80, 0x64, 0x01,
    0x00, 0x0C, 0x1B, 0x67, 0xF9, 0xFE, 0x3F, 0x3F, 0xFF, 0xFC, 0xFC, 0x7F, 0x9B, 0x60, 0xC0, 0x03,
    0x80, 0xF0, 0x38, 0x00, 0x00, 0x38, 0x0F, 0x03, 0x80, 0x00, 0x00, 0x00, 0x00, 0x00, 0x03, 0x80,
    0xF0, 0x38, 0x1F, 0xEE, 0xF3, 0xDD, 0xEE, 0x3B, 0xDD, 0xC7, 0x3B, 0x9C, 0x77, 0x3B, 0x80, 0x03,
    0x80, 0x03, 0xC0, 0x03, 0x80, 0x00, 0x00, 0x00, 0x00, 0xE0, 0x0E, 0xF0, 0x0F, 0xE0, 0x0E, 0x00,
    0x00, 0x00, 0x00, 0x00, 0x00, 0x00, 0x00, 0x03, 0x80, 0x03, 0xC0, 0x03, 0x80, 0xE0, 0x0E, 0xF0,
    0x0F, 0xE0, 0x0E, 0x00, 0x00, 0x00, 0x00, 0x03, 0x80, 0x03, 0xC0, 0x03, 0x80, 0x00, 0x00, 0x00,
    0x00, 0x00, 0x00, 0x00, 0x00, 0xE0, 0x0E, 0xF0, 0x0F, 0xE0, 0x0E, 0xEF, 0xE0, 0x00, 0x00, 0x00,
    0x00, 0xEF, 0xE0, 0x07, 0x00, 0x78, 0x03, 0xC0, 0x0E, 0x00, 0x00, 0x00, 0x03, 0x80, 0xFE, 0x0F,
    0xF0, 0x7F, 0x01, 0xC0, 0x00, 0x00, 0x00, 0x00, 0x00, 0x00, 0x1C, 0x01, 0xE0, 0x07, 0x00, 0x01,
    0xC0, 0x39, 0xCE, 0x79, 0xDE, 0x79, 0xDE, 0x39, 0xCE, 0x01, 0xC0, 0x01, 0xC0, 0xFF, 0xFF, 0xFF,
    0xFF, 0xFF, 0xFF, 0x01, 0xC0, 0x01, 0xC0, 0x39, 0xCE, 0x79, 0xDE, 0x79, 0xDE, 0x39, 0xCE, 0x01,
    0xC0, 0xEF, 0xE0, 0x00, 0xEF, 0xFE, 0x00, 0x0E, 0xFE, 0xEF, 0xEE, 0xFE, 0x0E, 0xFE, 0x00, 0xEF,
    0xE0, 0xF9, 0x08, 0x4F, 0x90, 0x84, 0x21, 0x08, 0x42, 0x10, 0x84, 0x21, 0x00, 0xFC, 0x63, 0x1F,
    0x90, 0x84, 0x21, 0x08, 0x42, 0x10, 0x84, 0x21, 0x00, 0xFF, 0xDC, 0xE2, 0x10, 0x84, 0x21, 0x08,
    0x42, 0x10, 0x84, 0x21, 0x00, 0x23, 0x9D, 0xFF, 0x90, 0x84, 0x21, 0x08, 0x42, 0x10, 0x84, 0x21,
    0x00, 0x23, 0xB6, 0xE2, 0x10, 0x84, 0x21, 0x08, 0x42, 0x10, 0x84, 0x21, 0x00, 0xE1, 0x08, 0x4F,
    0x90, 0x84, 0x21, 0x08, 0x42, 0x10, 0x84, 0x21, 0x00, 0x00, 0xFB, 0xFF, 0x7E, 0xFD, 0xFB, 0xFF,
    0xFE, 0xF8, 0xD8, 0x6D, 0xB6, 0xD8, 0x1E, 0x3C, 0xFB, 0xF6, 0xFD, 0xFF, 0xFF, 0x0E, 0x1C, 0x01,
    0xFB, 0xF6, 0x0F, 0xDF, 0xC7, 0xFF, 0xFF, 0xF8, 0x3E, 0xFF, 0xF7, 0xFF, 0xFD, 0xFF, 0xFF, 0x7C,
    0x01, 0xFF, 0xF8, 0x71, 0xE3, 0x8F, 0x1C, 0x78, 0xE0, 0x01, 0xFF, 0xFF, 0x7F, 0xEF, 0xBF, 0xF7,
    0xFF, 0xFD, 0xF0, 0x7D, 0xFF, 0xFF, 0xFF, 0xFF, 0xDF, 0xFE, 0xF8, 0x30, 0xCF, 0xFF, 0x30, 0xC0,
    0xFF, 0xF0, 0xFF, 0xF0, 0x3F, 0xFC, 0x76, 0xEE, 0xCC, 0xCC, 0xEE, 0x67, 0xE6, 0x77, 0x33, 0x33,
    0x77, 0x6E, 0xFF, 0xFF, 0xFF, 0x7E, 0xFD, 0xFB, 0x80, 0x00, 0xFB, 0xFF, 0x7E, 0xFD, 0xFB, 0xFF,
    0xFE, 0xF8, 0x3D, 0xFF, 0xD7, 0x1C, 0x71, 0xC7, 0x1C, 0x00, 0x7E, 0x7F, 0x7F, 0x0F, 0x1E, 0x3C,
    0x7F, 0x7F, 0x7F, 0x7E, 0xFF, 0x7F, 0x3E, 0x3E, 0x1F, 0xFF, 0xFF, 0xFE, 0x1E, 0x3C, 0xFB, 0xF6,
    0xFF, 0xFF, 0xFF, 0x0E, 0x1C, 0x79, 0xFB, 0xF7, 0x0F, 0xDF, 0xC7, 0xFF, 0xFF, 0xF8, 0x3E, 0xFF,
    0xF7, 0xFF, 0xFD, 0xFF, 0xFF, 0x7C, 0xFF, 0xFF, 0xF8, 0x71, 0xE3, 0x8F, 0x1C, 0x78, 0xE0, 0x01,
    0xFF, 0xFF, 0x7F, 0xEF, 0xBF, 0xF7, 0xFF, 0xFD, 0xF0, 0x00, 0xFB, 0xFF, 0x7E, 0xFF, 0xFF, 0xFF,
    0x7F, 0xFB, 0xE0, 0x30, 0xCF, 0xFF, 0x30, 0xC0, 0xFF, 0xFF, 0xC0, 0xFF, 0xF0, 0x3F, 0xFC, 0x76,
    0xEE, 0xCC, 0xCC, 0xEE, 0x67, 0xE6, 0x77, 0x33, 0x33, 0x77, 0x6E, 0x7E, 0xFC, 0x3F, 0xFF, 0xFF,
    0xFF, 0x80, 0x7D, 0xFF, 0xFF, 0xFF, 0xFF, 0xDF, 0x80, 0x7C, 0xFE, 0xEE, 0xC6, 0xEE, 0xFE, 0x7C,
    0xE7, 0x7E, 0x7C, 0x3C, 0x7C, 0x7E, 0xE7, 0xFD, 0xFF, 0xFF, 0xFF, 0xFF, 0xDF, 0x00, 0xE1, 0xC3,
    0x87, 0xFF, 0xFF, 0xFB, 0xF7, 0xEF, 0xDC, 0xE0, 0xE0, 0xE0, 0xEF, 0xFE, 0xFC, 0xFC, 0xFC, 0xEE,
    0xE7, 0xFF, 0xFF, 0xFF, 0xFC, 0xFD, 0xEF, 0xFF, 0xFF, 0xFE, 0xEF, 0xEE, 0xFE, 0xEF, 0xEE, 0xF0,
    0xFF, 0xFF, 0xFF, 0x7E, 0xFD, 0xFB, 0x80, 0xFD, 0xFF, 0xFF, 0x7F, 0xFF, 0xFF, 0x70, 0xE1, 0xC0,
    0xFF, 0xEF, 0x3E, 0x3F, 0xFF, 0x80, 0x61, 0x8F, 0xBE, 0xE3, 0x8E, 0x3E, 0x78, 0x3F, 0x0F, 0xE3,
    0xFC, 0x78, 0x0F, 0xFF, 0xFF, 0xFF, 0xFF, 0xF8, 0xFF, 0xEF, 0xFC, 0x7F, 0x87, 0x80, 0xFE, 0x1F,
    0xC3, 0xF8, 0x03, 0x60, 0x7E, 0x1F, 0xF7, 0xFE, 0x7E, 0xEF, 0xEC, 0xF7, 0xCF, 0xF8, 0xFD, 0x8F,
    0xD8, 0xFD, 0x8F, 0xF8, 0xFF, 0x27, 0xFE, 0x3F, 0xE1, 0xFE, 0x1B, 0x01, 0xE0, 0x1F, 0xE7, 0xFD,
    0xFF, 0xFC, 0x0F, 0x01, 0xEE, 0xFD, 0xFF, 0xBF, 0xF7, 0x9E, 0xF3, 0xDE, 0x7F, 0xC7, 0xFE, 0x7F,
    0xC7, 0xF8, 0x7F, 0xEF, 0xFD, 0xFF, 0xBC, 0x07, 0x80, 0xF0, 0x1F, 0xF3, 0xFE, 0x7F, 0xCF, 0x03,
    0xFC, 0x7F, 0x8F, 0xF0, 0xF0, 0x1E, 0x00, 0x1F, 0xE7, 0xFC, 0xFF, 0x3C, 0x07, 0x81, 0xFF, 0x3F,
    0xE7, 0xFC, 0xFF, 0x9F, 0xF1, 0xE0, 0x3C, 0x0F, 0xFF, 0xFF, 0xFF, 0xF8, 0x00, 0x18, 0x00, 0x0E,
    0x00, 0x03, 0x83, 0xBF, 0xFC, 0xFF, 0xFF, 0xBF, 0xFF, 0xEF, 0x3E, 0x7F, 0xC7, 0x8F, 0xF1, 0xE3,
    0xFC, 0x78, 0xFF, 0x3E, 0x3F, 0xCF, 0x8F, 0xF7, 0xE3, 0xFD, 0xF8, 0xFF, 0xFE, 0x3C, 0x38, 0x00,
    0x0C, 0x00, 0x07, 0x00, 0x00, 0x78, 0xE7, 0x8E, 0x78, 0xE7, 0xCE, 0x7C, 0xEF, 0xFF, 0xFF, 0xF7,
    0xEE, 0xFF, 0xFF, 0xFF, 0x77, 0xE7, 0x7E, 0x73, 0xE7, 0x3E, 0x73, 0xE0, 0xFE, 0x00, 0xFF, 0x80,
    0xFF, 0x80, 0xF7, 0x98, 0xF3, 0xF8, 0xF3, 0xF8, 0xFF, 0xFF, 0xFF, 0xFF, 0xFF, 0x7F, 0xFC, 0x78,
    0xF0, 0x78, 0xF0, 0x78, 0xF0, 0x3F, 0xF0, 0x3F, 0xF0, 0x1F, 0xFF, 0x00, 0x7F, 0xC0, 0x3F, 0xE0,
    0x1E, 0xF3, 0xFF, 0x7B, 0xFF, 0xBD, 0xFF, 0xFE, 0xF1, 0xFE, 0x7C, 0xFE, 0x3F, 0x7F, 0x8F, 0xFF,
    0xC1, 0xFE, 0xF0, 0xFF, 0x7B, 0xFF, 0xBF, 0xFF, 0xCF, 0xFC, 0xE3, 0x8F, 0xC7, 0x1F, 0x9F, 0x3F,
    0xBE, 0xF7, 0x7D, 0xCE, 0xFB, 0xBF, 0xFF, 0xFF, 0xFF, 0x7E, 0xFC, 0xFD, 0xF8, 0xFB, 0xE1, 0xF7,
    0xC3, 0xC7, 0x87, 0x8F, 0x0F, 0x1E, 0x00, 0xFF, 0x8F, 0xFF, 0xCF, 0xFF, 0xEF, 0xFF, 0xEF, 0xFF,
    0xEF, 0xFF, 0xEF, 0xFF, 0xEF, 0xFF, 0xEF, 0xFF, 0xEF, 0xFF, 0xEF, 0xFF, 0xEF, 0xFF, 0x0F, 0xFF,
    0xFF, 0xFF, 0xFE, 0xFF, 0xFC, 0x01, 0xE0, 0xFF, 0x0F, 0xF0, 0xFF, 0x3F, 0xE7, 0xFE, 0xFF, 0xEF,
    0x1E, 0xF1, 0xEF, 0x1E, 0xF1, 0xEF, 0x1E, 0xF1, 0xEF, 0xFE, 0x7F, 0xE3, 0xEE, 0x00, 0x00, 0x00,
    0x7F, 0xC7, 0xFC, 0x0F, 0xE1, 0xFE, 0x3F, 0xE7, 0xC0, 0x78, 0x0F, 0xF8, 0xFF, 0x87, 0x80, 0xFF,
    0x0F, 0xF0, 0x78, 0x03, 0xC0, 0x3F, 0xE1, 0xFE, 0x0F, 0xE0, 0x78, 0xF7, 0x9E, 0x7B, 0xE7, 0xBC,
    0x7F, 0x87, 0xF0, 0xFF, 0xEF, 0xFE, 0x7F, 0x87, 0xF8, 0x7B, 0xC7, 0xBC, 0x79, 0xE7, 0x9F, 0x78,
    0xF0, 0xFF, 0xFF, 0xFF, 0xFF, 0x87, 0xE0, 0xFC, 0x1F, 0x03, 0xC1, 0xFE, 0x7F, 0xC5, 0xF0, 0x7C,
    0x1F, 0x87, 0xF0, 0x5E, 0x03, 0xC0, 0xFF, 0x80, 0x0F, 0xFE, 0x00, 0x7F, 0xE0, 0x03, 0xDF, 0x00,
    0x3C, 0xF0, 0x03, 0xC7, 0x80, 0x38, 0x78, 0x07, 0x87, 0xBE, 0x78, 0xF7, 0xF7, 0x8F, 0xFF, 0x79,
    0xFF, 0x77, 0x3E, 0xE7, 0xFF, 0xFE, 0x7F, 0xFD, 0xFF, 0xFF, 0x1F, 0xE0, 0x01, 0xC0, 0x00, 0x1C,
    0x00, 0x01, 0xC0, 0x00, 0x3C, 0x00, 0x03, 0xC0, 0x07, 0xE0, 0xFF, 0x0F, 0xF0, 0xFF, 0x0F, 0xF0,
    0xFF, 0x0F, 0xF0, 0x7E, 0x07, 0xE1, 0x3C, 0x3B, 0xC3, 0xFE, 0x7F, 0xE7, 0xEF, 0xEC, 0xF0, 0x4F,
    0x00, 0xF0, 0x3F, 0x03, 0xF0, 0x3E, 0x7F, 0x87, 0xFC, 0x7F, 0xEF, 0xFF, 0xFF, 0xF7, 0x9E, 0xFF,
    0xFF, 0xFF, 0x7F, 0xE7, 0xFC, 0x7F, 0x87, 0x80, 0x78, 0x07, 0x80, 0x78, 0x00, 0x03, 0x00, 0x7F,
    0x8F, 0xFC, 0xFF, 0xE7, 0xB0, 0x79, 0x83, 0xCC, 0x1E, 0x7F, 0xF3, 0xFF, 0x9F, 0xFC, 0xDF, 0xE6,
    0xFF, 0xB7, 0xBF, 0xFC, 0xFF, 0xE3, 0xFE, 0x03, 0x00, 0x18, 0x00, 0x07, 0xC0, 0x0F, 0x80, 0x1F,
    0x00, 0x7F, 0x00, 0xEE, 0x0F, 0xFF, 0x9F, 0xFF, 0x0F, 0x38, 0x7F, 0xFC, 0xFF, 0xF8, 0xF1, 0xE1,
    0xC1, 0xC7, 0x83, 0xCF, 0x07, 0x9C, 0x07, 0x00, 0x7F, 0xCF, 0xFD, 0xFF, 0x90, 0xF0, 0x1F, 0xFF,
    0xFF, 0xF9, 0xFE, 0xFF, 0xFF, 0xFF, 0xC0, 0x7C, 0x17, 0xFE, 0xFF, 0xCF, 0xF8, 0x07, 0x01, 0xFF,
    0x3F, 0xF7, 0xFE, 0xFB, 0x2F, 0x30, 0xF3, 0x0F, 0x30, 0xF3, 0x0F, 0x30, 0xF3, 0x0F, 0x30, 0xFB,
    0x27, 0xFE, 0x3F, 0xE1, 0xFE, 0x03, 0x00, 0x30, 0x1C, 0xE0, 0xF3, 0x87, 0xFF, 0xFF, 0xFF, 0xFF,
    0xFC, 0xF7, 0x83, 0xDE, 0x0F, 0x78, 0x3D, 0xE0, 0xF7, 0x83, 0xDE, 0x0F, 0x3F, 0x3C, 0xFC, 0xF1,
    0xF0, 0x01, 0xFE, 0x0F, 0xFC, 0x1F, 0xF8, 0x3C, 0x20, 0x78, 0x00, 0xF8, 0x01, 0xFC, 0x01, 0xFE,
    0x00, 0xFE, 0x00, 0x7D, 0xFF, 0xFF, 0xDF, 0xF7, 0xB7, 0xE7, 0xFF, 0x8F, 0xFE, 0x19, 0xB0, 0x13,
    0x60, 0xFF, 0xFF, 0xFF, 0xFF, 0x80, 0x0F, 0xFF, 0xFF, 0xFF, 0xF8, 0x78, 0x0F, 0x01, 0xE0, 0x3C,
    0x07, 0x80, 0xF0, 0x1E, 0x03, 0xC0, 0xFF, 0xFF, 0xCF, 0x9F, 0xFF, 0xFF, 0xFC, 0xF9, 0xF8, 0xF8,
    0x78, 0x1E, 0x0F, 0x03, 0xC1, 0xF0, 0x78, 0x3C, 0x03, 0xD8, 0x3F, 0x87, 0xF0, 0xFD, 0x8F, 0xF8,
    0x7F, 0x0F, 0xCE, 0xFC, 0xF3, 0xCE, 0x3C, 0xE3, 0xDE, 0x3F, 0xC3, 0xF8, 0x3F, 0x00, 0x7C, 0x00,
    0x37, 0x00, 0x39, 0x80, 0x0F, 0xFF, 0xE7, 0xFF, 0xF9, 0xFF, 0xFC, 0x19, 0x06, 0x0D, 0xF3, 0x07,
    0xFD, 0x83, 0xFF, 0xC3, 0xC8, 0x83, 0xF0, 0x01, 0xBF, 0xE0, 0x0F, 0xF0, 0x03, 0xF8, 0x01, 0xE0,
    0x00, 0xF0, 0x00, 0x78, 0x00, 0x3C, 0x00, 0xFF, 0x81, 0xFF, 0xF1, 0xFF, 0xFD, 0xFB, 0xFE, 0xF1,
    0xEF, 0x78, 0xF7, 0xBC, 0x79, 0xFE, 0x3C, 0xFF, 0x00, 0x7F, 0x80, 0x3F, 0xC0, 0x1E, 0x3F, 0xE1,
    0xFF, 0x8F, 0xFC, 0x79, 0xF3, 0xC7, 0x9E, 0x7B, 0xFF, 0xDF, 0xFE, 0xFF, 0xC1, 0xE0, 0x3F, 0xE1,
    0xFF, 0x0F, 0xF8, 0x1E, 0x00, 0xF0, 0x00, 0x07, 0x80, 0x3F, 0xC0, 0xFF, 0xC3, 0xFF, 0xCF, 0xFF,
    0xDE, 0xF7, 0xBD, 0xEF, 0x7B, 0xCF, 0xF7, 0x9F, 0xE0, 0x03, 0xC0, 0x07, 0x80, 0x07, 0x80, 0x0F,
    0xFF, 0x1F, 0xFE, 0x3F, 0xFC, 0x6C, 0x1B, 0x06, 0xC3, 0xFC, 0xFF, 0xBF, 0xEF, 0x7B, 0xDE, 0xFF,
    0xBF, 0xCF, 0xFB, 0xDE, 0xF3, 0xFC, 0xFF, 0x7B, 0xFE, 0xFF, 0xBF, 0xC6, 0xC1, 0xB0, 0x3F, 0x9F,
    0xEF, 0xFB, 0xC0, 0xF0, 0x3C, 0x0F, 0x03, 0xC0, 0xF0, 0xBF, 0xE7, 0xF8, 0xFE, 0x00, 0x3F, 0xEF,
    0xFB, 0xFE, 0x7F, 0xE7, 0xFE, 0x7F, 0xE0, 0x1F, 0x9F, 0x8F, 0xEF, 0xE7, 0xF7, 0xF9, 0xE1, 0xE0,
    0xFF, 0xFF, 0x3F, 0xFF, 0xCF, 0xFF, 0xF1, 0xE1, 0xE0, 0x78, 0x78, 0x1E, 0x1E, 0x07, 0x87, 0x81,
    0xE1, 0xE0, 0x78, 0x78, 0x1E, 0x1E, 0x07, 0x87, 0x81, 0xE1, 0xE0, 0x1F, 0xF1, 0xFF, 0xDF, 0xFC,
    0xF0, 0x0F, 0xF7, 0xFF, 0xBF, 0xFD, 0xEF, 0x0F, 0x78, 0x7B, 0xC3, 0xDE, 0x1E, 0xF0, 0xF7, 0x87,
    0xBC, 0x3D, 0xE1, 0xEF, 0x0F, 0x1F, 0xF9, 0xFF, 0xDF, 0xFE, 0xF0, 0xFF, 0xF7, 0xFF, 0xBF, 0xFD,
    0xEF, 0x0F, 0x78, 0x7B, 0xC3, 0xDE, 0x1E, 0xF0, 0xF7, 0x87, 0xBC, 0x3D, 0xE1, 0xEF, 0x0F, 0x1F,
    0x9F, 0xF1, 0xFD, 0xFF, 0xDF, 0xDF, 0xFC, 0xF0, 0xF0, 0x0F, 0xFF, 0xF7, 0xFF, 0xFF, 0xBF, 0xFF,
    0xFD, 0xEF, 0x0F, 0x0F, 0x78, 0x78, 0x7B, 0xC3, 0xC3, 0xDE, 0x1E, 0x1E, 0xF0, 0xF0, 0xF7, 0x87,
    0x87, 0xBC, 0x3C, 0x3D, 0xE1, 0xE1, 0xEF, 0x0F, 0x0F, 0x1F, 0x9F, 0x79, 0xFD, 0xFB, 0xDF, 0xDF,
    0xDE, 0xF0, 0xF0, 0xFF, 0xFF, 0xE7, 0xFF, 0xFF, 0x3F, 0xFF, 0xF9, 0xEF, 0x0F, 0x0F, 0x78, 0x78,
    0x7B, 0xC3, 0xC3, 0xDE, 0x1E, 0x1E, 0xF0, 0xF0, 0xF7, 0x87, 0x87, 0xBC, 0x3C, 0x3D, 0xE1, 0xE1,
    0xEF, 0x0F, 0x0F, 0x3F, 0xC1, 0xFF, 0x8F, 0xFE, 0x3C, 0x78, 0xF3, 0xFF, 0xCF, 0xFF, 0x3F, 0xFC,
    0x78, 0xF1, 0xE3, 0xC7, 0x8F, 0x1E, 0x3C, 0x78, 0xF1, 0xE3, 0xC3, 0xFF, 0x0F, 0xFC, 0x1F, 0x07,
    0xF8, 0x03, 0xFF, 0x00, 0xFF, 0xE0, 0x38, 0x78, 0x7F, 0xBF, 0xFF, 0xEF, 0xFF, 0xF3, 0xFF, 0xC0,
    0x78, 0xFC, 0x1E, 0x3F, 0xC7, 0x83, 0xF9, 0xE0, 0x3E, 0x78, 0x07, 0x9E, 0x3F, 0xE7, 0xFF, 0xF9,
    0xFF, 0xFC, 0x3F, 0x00, 0x00, 0x00, 0x06, 0x00, 0x00, 0xF0, 0x00, 0x1F, 0xC0, 0x03, 0xFE, 0x00,
    0x78, 0xF0, 0x0F, 0x07, 0x81, 0xFF, 0x3C, 0x3F, 0xF7, 0xE7, 0xFE, 0x7F, 0x7F, 0xCF, 0xF7, 0xF9,
    0xFE, 0x3F, 0x9F, 0xC1, 0xFF, 0xF8, 0x0F, 0xFF, 0x00, 0x79, 0xE0, 0x03, 0x9C, 0x00, 0x1F, 0x80,
    0x00, 0xF0, 0x00, 0x06, 0x00,
};

static const EpdGlyph notosansui_10_boldGlyphs[] = {
    { 0, 0, 0, 0, 0, 0, 0 }, // U+0000
    { 0, 0, 87, 0, 0, 0, 0 }, // U+000D
    { 0, 0, 87, 0, 0, 0, 0 }, // U+0020
    { 4, 15, 94, 1, 15, 8, 0 }, // !
    { 8, 5, 160, 1, 15, 5, 8 }, // "
    { 13, 15, 215, 1, 15, 25, 13 }, // #
    { 11, 17, 191, 1, 16, 24, 38 }, // $
    { 18, 15, 301, 1, 15, 34, 62 }, // %
    { 15, 15, 250, 1, 15, 29, 96 }, // &
    { 4, 5, 89, 1, 15, 3, 125 }, // '
    { 7, 19, 113, 1, 15, 17, 128 }, // (
    { 7, 19, 113, 1, 15, 17, 145 }, // )
    { 11, 11, 181, 0, 16, 16, 162 }, // *
    { 10, 10, 191, 1, 12, 13, 178 }, // +
    { 5, 5, 95, 0, 2, 4, 191 }, // ,
    { 5, 3, 107, 1, 7, 2, 195 }, // -
    { 4, 3, 94, 1, 3, 2, 197 }, // .
    { 9, 15, 138, 0, 15, 17, 199 }, // /
    { 11, 15, 191, 1, 15, 21, 216 }, // 0
    { 9, 15, 191, 0, 15, 17, 237 }, // 1
    { 11, 15, 191, 0, 15, 21, 254 }, // 2
    { 11, 15, 191, 1, 15, 21, 275 }, // 3
    { 11, 15, 191, 1, 15, 21, 296 }, // 4
    { 11, 15, 191, 1, 15, 21, 317 }, // 5
    { 11, 15, 191, 1, 15, 21, 338 }, // 6
    { 11, 15, 191, 1, 15, 21, 359 }, // 7
    { 10, 15, 191, 1, 15, 19, 380 }, // 8
    { 12, 15, 191, 1, 15, 23, 399 }, // 9
    { 4, 12, 94, 1, 12, 6, 422 }, // :
    { 5, 15, 95, 0, 12, 10, 428 }, // ;
    { 10, 12, 191, 1, 14, 15, 438 }, // <
    { 10, 7, 191, 1, 11, 9, 453 }, // =
    { 10, 12, 191, 1, 14, 15, 462 }, // >
    { 11, 15, 159, 0, 15, 21, 477 }, // ?
    { 17, 17, 299, 1, 15, 37, 498 }, // @
    { 15, 15, 231, 0, 15, 29, 535 }, // A
    { 11, 15, 222, 2, 15, 21, 564 }, // B
    { 12, 15, 214, 1, 15, 23, 585 }, // C
    { 13, 15, 244, 2, 15, 25, 608 }, // D
    { 9, 15, 187, 2, 15, 17, 633 }, // E
    { 9, 15, 183, 2, 15, 17, 650 }, // F
    { 13, 15, 241, 1, 15, 25, 667 }, // G
    { 13, 15, 255, 2, 15, 25, 692 }, // H
    { 7, 15, 130, 1, 15, 14, 717 }, // I
    { 8, 20, 110, -2, 15, 20, 731 }, // J
    { 13, 15, 221, 2, 15, 25, 751 }, // K
    { 9, 15, 186, 2, 15, 17, 776 }, // L
    { 16, 15, 314, 2, 15, 30, 793 }, // M
    { 14, 15, 271, 2, 15, 27, 823 }, // N
    { 14, 15, 264, 1, 15, 27, 850 }, // O
    { 11, 15, 207, 2, 15, 21, 877 }, // P
    { 14, 19, 264, 1, 15, 34, 898 }, // Q
    { 12, 15, 219, 2, 15, 23, 932 }, // R
    { 10, 15, 184, 1, 15, 19, 955 }, // S
    { 11, 15, 192, 1, 15, 21, 974 }, // T
    { 13, 15, 252, 2, 15, 25, 995 }, // U
    { 14, 15, 217, 0, 15, 27, 1020 }, // V
    { 21, 15, 322, 0, 15, 40, 1047 }, // W
    { 14, 15, 223, 0, 15, 27, 1087 }, // X
    { 14, 15, 209, 0, 15, 27, 1114 }, // Y
    { 11, 15, 193, 1, 15, 21, 1141 }, // Z
    { 5, 19, 110, 1, 15, 12, 1162 }, // [
    { 9, 15, 138, 0, 15, 17, 1174 }, // <backslash>
    { 7, 19, 110, 0, 15, 17, 1191 }, // ]
    { 12, 10, 191, 0, 15, 15, 1208 }, // ^
    { 9, 2, 137, 0, -2, 3, 1223 }, // _
    { 7, 4, 122, 0, 17, 4, 1226 }, // `
    { 11, 12, 200, 1, 12, 17, 1230 }, // a
    { 11, 16, 211, 2, 16, 22, 1247 }, // b
    { 10, 12, 172, 1, 12, 15, 1269 }, // c
    { 11, 16, 211, 1, 16, 22, 1284 }, // d
    { 12, 12, 199, 1, 12, 18, 1306 }, // e
    { 10, 16, 129, 1, 16, 20, 1324 }, // f
    { 11, 17, 211, 1, 12, 24, 1344 }, // g
    { 11, 16, 217, 2, 16, 22, 1368 }, // h
    { 4, 16, 100, 2, 16, 8, 1390 }, // i
    { 7, 21, 99, -1, 16, 19, 1398 }, // j
    { 12, 16, 207, 2, 16, 24, 1417 }, // k
    { 4, 16, 99, 2, 16, 8, 1441 }, // l
    { 18, 12, 325, 2, 12, 27, 1449 }, // m
    { 11, 12, 217, 2, 12, 17, 1476 }, // n
    { 11, 12, 208, 1, 12, 17, 1493 }, // o
    { 11, 17, 211, 2, 12, 24, 1510 }, // p
    { 11, 17, 211, 1, 12, 24, 1534 }, // q
    { 8, 12, 149, 2, 12, 12, 1558 }, // r
    { 9, 12, 167, 1, 12, 14, 1570 }, // s
    { 8, 15, 145, 1, 15, 15, 1584 }, // t
    { 11, 12, 217, 1, 12, 17, 1599 }, // u
    { 12, 12, 190, 0, 12, 18, 1616 }, // v
    { 19, 12, 285, -1, 12, 29, 1634 }, // w
    { 12, 12, 193, 0, 12, 18, 1663 }, // x
    { 13, 17, 190, 0, 12, 28, 1681 }, // y
    { 9, 12, 164, 1, 12, 14, 1709 }, // z
    { 8, 19, 131, 0, 15, 19, 1723 }, // {
    { 3, 21, 184, 5, 16, 8, 1742 }, // |
    { 8, 19, 131, 1, 15, 19, 1750 }, // }
    { 10, 5, 191, 1, 10, 7, 1769 }, // ~
    { 0, 0, 87, 0, 0, 0, 1776 }, // U+00A0
    { 4, 16, 95, 1, 12, 8, 1776 }, // U+00A1
    { 10, 15, 191, 1, 15, 19, 1784 }, // U+00A2
    { 11, 15, 191, 1, 15, 21, 1803 }, // U+00A3
    { 10, 11, 189, 1, 13, 14, 1824 }, // U+00A4
    { 12, 15, 191, 0, 15, 23, 1838 }, // U+00A5
    { 3, 21, 184, 5, 16, 8, 1861 }, // U+00A6
    { 8, 16, 162, 1, 16, 16, 1869 }, // U+00A7
    { 7, 3, 198, 3, 16, 3, 1885 }, // U+00A8
    { 16, 17, 277, 0, 16, 34, 1888 }, // U+00A9
    { 7, 8, 127, 1, 15, 7, 1922 }, // U+00AA
    { 12, 10, 205, 1, 11, 15, 1929 }, // U+00AB
    { 11, 7, 191, 1, 9, 10, 1944 }, // U+00AC
    { 5, 3, 107, 1, 7, 2, 1954 }, // U+00AD
    { 16, 17, 277, 0, 16, 34, 1956 }, // U+00AE
    { 11, 3, 167, 0, 19, 5, 1990 }, // U+00AF
    { 7, 8, 141, 1, 16, 7, 1995 }, // U+00B0
    { 10, 13, 191, 1, 13, 17, 2002 }, // U+00B1
    { 8, 10, 126, 0, 19, 10, 2019 }, // U+00B2
    { 8, 9, 127, 0, 18, 9, 2029 }, // U+00B3
    { 7, 4, 122, 0, 17, 4, 2038 }, // U+00B4
    { 11, 17, 218, 2, 12, 24, 2042 }, // U+00B5
    { 11, 20, 216, 1, 16, 28, 2066 }, // U+00B6
    { 4, 4, 94, 1, 10, 2, 2094 }, // U+00B7
    { 6, 5, 88, 0, 0, 4, 2096 }, // U+00B8
    { 6, 9, 127, 0, 18, 7, 2100 }, // U+00B9
    { 7, 8, 129, 1, 15, 7, 2107 }, // U+00BA
    { 12, 10, 205, 0, 11, 15, 2114 }, // U+00BB
    { 17, 15, 277, 0, 15, 32, 2129 }, // U+00BC
    { 18, 15, 291, 0, 15, 34, 2161 }, // U+00BD
    { 16, 16, 282, 1, 16, 32, 2195 }, // U+00BE
    { 10, 17, 159, 1, 12, 22, 2227 }, // U+00BF
    { 15, 20, 231, 0, 20, 38, 2249 }, // U+00C0
    { 15, 20, 231, 0, 20, 38, 2287 }, // U+00C1
    { 15, 20, 231, 0, 20, 38, 2325 }, // U+00C2
    { 15, 20, 231, 0, 20, 38, 2363 }, // U+00C3
    { 15, 20, 231, 0, 20, 38, 2401 }, // U+00C4
    { 15, 19, 231, 0, 19, 36, 2439 }, // U+00C5
    { 19, 15, 317, 0, 15, 36, 2475 }, // U+00C6
    { 12, 20, 214, 1, 15, 30, 2511 }, // U+00C7
    { 9, 20, 187, 2, 20, 23, 2541 }, // U+00C8
    { 9, 20, 187, 2, 20, 23, 2564 }, // U+00C9
    { 9, 20, 187, 2, 20, 23, 2587 }, // U+00CA
    { 9, 20, 187, 2, 20, 23, 2610 }, // U+00CB
    { 8, 20, 130, 0, 20, 20, 2633 }, // U+00CC
    { 8, 20, 130, 1, 20, 20, 2653 }, // U+00CD
    { 9, 20, 130, 0, 20, 23, 2673 }, // U+00CE
    { 7, 20, 130, 1, 20, 18, 2696 }, // U+00CF
    { 14, 15, 244, 1, 15, 27, 2714 }, // U+00D0
    { 14, 20, 268, 2, 20, 35, 2741 }, // U+00D1
    { 14, 21, 264, 1, 21, 37, 2776 }, // U+00D2
    { 14, 21, 264, 1, 21, 37, 2813 }, // U+00D3
    { 14, 21, 264, 1, 21, 37, 2850 }, // U+00D4
    { 14, 21, 264, 1, 21, 37, 2887 }, // U+00D5
    { 14, 20, 264, 1, 20, 35, 2924 }, // U+00D6
    { 10, 11, 191, 1, 13, 14, 2959 }, // U+00D7
    { 14, 17, 264, 1, 16, 30, 2973 }, // U+00D8
    { 13, 21, 252, 2, 21, 35, 3003 }, // U+00D9
    { 13, 21, 252, 2, 21, 35, 3038 }, // U+00DA
    { 13, 21, 252, 2, 21, 35, 3073 }, // U+00DB
    { 13, 20, 252, 2, 20, 33, 3108 }, // U+00DC
    { 14, 20, 209, 0, 20, 35, 3141 }, // U+00DD
    { 11, 15, 209, 2, 15, 21, 3176 }, // U+00DE
    { 13, 16, 235, 2, 16, 26, 3197 }, // U+00DF
    { 11, 16, 200, 1, 16, 22, 3223 }, // U+00E0
    { 11, 16, 200, 1, 16, 22, 3245 }, // U+00E1
    { 11, 16, 200, 1, 16, 22, 3267 }, // U+00E2
    { 11, 16, 200, 1, 16, 22, 3289 }, // U+00E3
    { 11, 16, 200, 1, 16, 22, 3311 }, // U+00E4
    { 11, 18, 200, 1, 18, 25, 3333 }, // U+00E5
    { 18, 12, 306, 1, 12, 27, 3358 }, // U+00E6
    { 10, 17, 172, 1, 12, 22, 3385 }, // U+00E7
    { 12, 16, 199, 1, 16, 24, 3407 }, // U+00E8
    { 12, 16, 199, 1, 16, 24, 3431 }, // U+00E9
    { 12, 16, 199, 1, 16, 24, 3455 }, // U+00EA
    { 12, 16, 199, 1, 16, 24, 3479 }, // U+00EB
    { 7, 16, 100, 0, 16, 14, 3503 }, // U+00EC
    { 7, 16, 100, 1, 16, 14, 3517 }, // U+00ED
    { 9, 16, 100, -1, 16, 18, 3531 }, // U+00EE
    { 7, 16, 100, 0, 16, 14, 3549 }, // U+00EF
    { 11, 18, 209, 1, 18, 25, 3563 }, // U+00F0
    { 11, 16, 217, 2, 16, 22, 3588 }, // U+00F1
    { 11, 16, 208, 1, 16, 22, 3610 }, // U+00F2
    { 11, 16, 208, 1, 16, 22, 3632 }, // U+00F3
    { 11, 16, 208, 1, 16, 22, 3654 }, // U+00F4
    { 11, 16, 208, 1, 16, 22, 3676 }, // U+00F5
    { 11, 16, 208, 1, 16, 22, 3698 }, // U+00F6
    { 10, 10, 191, 1, 12, 13, 3720 }, // U+00F7
    { 11, 14, 206, 1, 13, 20, 3733 }, // U+00F8
    { 11, 16, 217, 1, 16, 22, 3753 }, // U+00F9
    { 11, 16, 217, 1, 16, 22, 3775 }, // U+00FA
    { 11, 16, 217, 1, 16, 22, 3797 }, // U+00FB
    { 11, 16, 217, 1, 16, 22, 3819 }, // U+00FC
    { 13, 21, 190, 0, 16, 35, 3841 }, // U+00FD
    { 11, 21, 211, 2, 16, 29, 3876 }, // U+00FE
    { 13, 21, 190, -1, 16, 35, 3905 }, // U+00FF
    { 15, 19, 231, 0, 19, 36, 3940 }, // U+0100
    { 11, 15, 200, 1, 15, 21, 3976 }, // U+0101
    { 16, 21, 231, -1, 21, 42, 3997 }, // U+0102
    { 11, 16, 200, 1, 16, 22, 4039 }, // U+0103
    { 16, 20, 231, -1, 15, 40, 4061 }, // U+0104
    { 11, 17, 200, 1, 12, 24, 4101 }, // U+0105
    { 12, 21, 214, 1, 21, 32, 4125 }, // U+0106
    { 10, 16, 172, 1, 16, 20, 4157 }, // U+0107
    { 12, 21, 214, 1, 21, 32, 4177 }, // U+0108
    { 10, 16, 172, 1, 16, 20, 4209 }, // U+0109
    { 12, 20, 214, 1, 20, 30, 4229 }, // U+010A
    { 10, 16, 172, 1, 16, 20, 4259 }, // U+010B
    { 12, 21, 214, 1, 21, 32, 4279 }, // U+010C
    { 10, 16, 172, 1, 16, 20, 4311 }, // U+010D
    { 13, 20, 244, 2, 20, 33, 4331 }, // U+010E
    { 16, 16, 211, 1, 16, 32, 4364 }, // U+010F
    { 14, 15, 244, 1, 15, 27, 4396 }, // U+0110
    { 12, 16, 215, 1, 16, 24, 4423 }, // U+0111
    { 9, 19, 187, 2, 19, 22, 4447 }, // U+0112
    { 12, 15, 199, 1, 15, 23, 4469 }, // U+0113
    { 9, 21, 187, 2, 21, 24, 4492 }, // U+0114
    { 12, 16, 199, 1, 16, 24, 4516 }, // U+0115
    { 9, 20, 187, 2, 20, 23, 4540 }, // U+0116
    { 12, 16, 199, 1, 16, 24, 4563 }, // U+0117
    { 9, 20, 187, 2, 15, 23, 4587 }, // U+0118
    { 12, 17, 197, 1, 12, 26, 4610 }, // U+0119
    { 9, 20, 187, 2, 20, 23, 4636 }, // U+011A
    { 12, 16, 199, 1, 16, 24, 4659 }, // U+011B
    { 13, 21, 241, 1, 21, 35, 4683 }, // U+011C
    { 11, 21, 211, 1, 16, 29, 4718 }, // U+011D
    { 13, 21, 241, 1, 21, 35, 4747 }, // U+011E
    { 11, 21, 211, 1, 16, 29, 4782 }, // U+011F
    { 13, 20, 241, 1, 20, 33, 4811 }, // U+0120
    { 11, 21, 211, 1, 16, 29, 4844 }, // U+0121
    { 13, 20, 241, 1, 15, 33, 4873 }, // U+0122
    { 11, 21, 211, 1, 16, 29, 4906 }, // U+0123
    { 13, 20, 255, 2, 20, 33, 4935 }, // U+0124
    { 14, 21, 217, -1, 21, 37, 4968 }, // U+0125
    { 16, 15, 255, 0, 15, 30, 5005 }, // U+0126
    { 13, 16, 219, 1, 16, 26, 5035 }, // U+0127
    { 10, 20, 130, -1, 20, 25, 5061 }, // U+0128
    { 9, 16, 100, -1, 16, 18, 5086 }, // U+0129
    { 7, 19, 130, 1, 19, 17, 5104 }, // U+012A
    { 7, 15, 100, 0, 15, 14, 5121 }, // U+012B
    { 8, 21, 130, 1, 21, 21, 5135 }, // U+012C
    { 8, 16, 100, -1, 16, 16, 5156 }, // U+012D
    { 7, 20, 130, 1, 15, 18, 5172 }, // U+012E
    { 4, 21, 100, 1, 16, 11, 5190 }, // U+012F
    { 7, 20, 130, 1, 20, 18, 5201 }, // U+0130
    { 4, 12, 100, 2, 12, 6, 5219 }, // U+0131
    { 13, 20, 241, 1, 15, 33, 5225 }, // U+0132
    { 10, 21, 203, 2, 16, 27, 5258 }, // U+0133
    { 10, 25, 110, -2, 20, 32, 5285 }, // U+0134
    { 9, 21, 99, -1, 16, 24, 5317 }, // U+0135
    { 12, 20, 220, 2, 15, 30, 5341 }, // U+0136
    { 12, 21, 207, 2, 16, 32, 5371 }, // U+0137
    { 12, 12, 207, 2, 12, 18, 5403 }, // U+0138
    { 10, 20, 186, 1, 20, 25, 5421 }, // U+0139
    { 7, 21, 99, 1, 21, 19, 5446 }, // U+013A
    { 9, 20, 186, 2, 15, 23, 5465 }, // U+013B
    { 5, 21, 99, 1, 16, 14, 5488 }, // U+013C
    { 10, 15, 186, 2, 15, 19, 5502 }, // U+013D
    { 8, 16, 99, 2, 16, 16, 5521 }, // U+013E
    { 9, 15, 186, 2, 15, 17, 5537 }, // U+013F
    { 7, 16, 123, 2, 16, 14, 5554 }, // U+0140
    { 11, 15, 188, 0, 15, 21, 5568 }, // U+0141
    { 8, 16, 102, 0, 16, 16, 5589 }, // U+0142
    { 14, 20, 268, 2, 20, 35, 5605 }, // U+0143
    { 11, 16, 217, 2, 16, 22, 5640 }, // U+0144
    { 14, 20, 268, 2, 15, 35, 5662 }, // U+0145
    { 11, 17, 217, 2, 12, 24, 5697 }, // U+0146
    { 14, 20, 268, 2, 20, 35, 5721 }, // U+0147
    { 11, 16, 217, 2, 16, 22, 5756 }, // U+0148
    { 16, 15, 258, -1, 15, 30, 5778 }, // U+0149
    { 14, 20, 271, 2, 15, 35, 5808 }, // U+014A
    { 11, 17, 217, 2, 12, 24, 5843 }, // U+014B
    { 14, 19, 264, 1, 19, 34, 5867 }, // U+014C
    { 11, 15, 208, 1, 15, 21, 5901 }, // U+014D
    { 14, 21, 264, 1, 21, 37, 5922 }, // U+014E
    { 11, 16, 208, 1, 16, 22, 5959 }, // U+014F
    { 14, 20, 264, 1, 20, 35, 5981 }, // U+0150
    { 11, 16, 208, 1, 16, 22, 6016 }, // U+0151
    { 18, 15, 324, 1, 15, 34, 6038 }, // U+0152
    { 19, 12, 326, 1, 12, 29, 6072 }, // U+0153
    { 12, 20, 219, 2, 20, 30, 6101 }, // U+0154
    { 8, 16, 149, 2, 16, 16, 6131 }, // U+0155
    { 12, 20, 219, 2, 15, 30, 6147 }, // U+0156
    { 9, 17, 149, 1, 12, 20, 6177 }, // U+0157
    { 12, 20, 219, 2, 20, 30, 6197 }, // U+0158
    { 10, 16, 149, 1, 16, 20, 6227 }, // U+0159
    { 10, 21, 184, 1, 21, 27, 6247 }, // U+015A
    { 9, 16, 167, 1, 16, 18, 6274 }, // U+015B
    { 10, 21, 184, 1, 21, 27, 6292 }, // U+015C
    { 10, 16, 167, 0, 16, 20, 6319 }, // U+015D
    { 10, 20, 184, 1, 15, 25, 6339 }, // U+015E
    { 9, 17, 167, 1, 12, 20, 6364 }, // U+015F
    { 10, 21, 184, 1, 21, 27, 6384 }, // U+0160
    { 11, 16, 167, 0, 16, 22, 6411 }, // U+0161
    { 11, 20, 192, 1, 15, 28, 6433 }, // U+0162
    { 8, 20, 145, 1, 15, 20, 6461 }, // U+0163
    { 11, 20, 192, 1, 20, 28, 6481 }, // U+0164
    { 12, 16, 145, 1, 16, 24, 6509 }, // U+0165
    { 11, 15, 192, 1, 15, 21, 6533 }, // U+0166
    { 8, 15, 145, 1, 15, 15, 6554 }, // U+0167
    { 13, 21, 252, 2, 21, 35, 6569 }, // U+0168
    { 11, 16, 217, 1, 16, 22, 6604 }, // U+0169
    { 13, 19, 252, 2, 19, 31, 6626 }, // U+016A
    { 11, 15, 217, 1, 15, 21, 6657 }, // U+016B
    { 13, 21, 252, 2, 21, 35, 6678 }, // U+016C
    { 11, 16, 217, 1, 16, 22, 6713 }, // U+016D
    { 13, 22, 252, 2, 22, 36, 6735 }, // U+016E
    { 11, 18, 217, 1, 18, 25, 6771 }, // U+016F
    { 13, 20, 252, 2, 20, 33, 6796 }, // U+0170
    { 11, 16, 217, 1, 16, 22, 6829 }, // U+0171
    { 13, 20, 252, 2, 15, 33, 6851 }, // U+0172
    { 10, 17, 217, 1, 12, 22, 6884 }, // U+0173
    { 21, 20, 322, 0, 20, 53, 6906 }, // U+0174
    { 19, 16, 287, -1, 16, 38, 6959 }, // U+0175
    { 14, 20, 209, 0, 20, 35, 6997 }, // U+0176
    { 13, 21, 190, 0, 16, 35, 7032 }, // U+0177
    { 13, 20, 209, 0, 20, 33, 7067 }, // U+0178
    { 11, 20, 193, 1, 20, 28, 7100 }, // U+0179
    { 9, 16, 164, 1, 16, 18, 7128 }, // U+017A
    { 11, 20, 193, 1, 20, 28, 7146 }, // U+017B
    { 9, 16, 164, 1, 16, 18, 7174 }, // U+017C
    { 11, 20, 193, 1, 20, 28, 7192 }, // U+017D
    { 10, 16, 164, 1, 16, 20, 7220 }, // U+017E
    { 7, 16, 128, 2, 16, 14, 7240 }, // U+017F
    { 17, 16, 274, 1, 16, 34, 7254 }, // U+01A0
    { 14, 14, 227, 1, 14, 25, 7288 }, // U+01A1
    { 17, 16, 295, 2, 16, 34, 7313 }, // U+01AF
    { 16, 14, 252, 1, 14, 28, 7347 }, // U+01B0
    { 25, 20, 436, 2, 20, 63, 7375 }, // U+01C4
    { 24, 16, 408, 2, 16, 48, 7438 }, // U+01C5
    { 23, 16, 375, 1, 16, 46, 7486 }, // U+01C6
    { 15, 20, 299, 2, 15, 38, 7532 }, // U+01C7
    { 15, 21, 290, 2, 16, 40, 7570 }, // U+01C8
    { 10, 21, 203, 2, 16, 27, 7610 }, // U+01C9
    { 21, 20, 381, 2, 15, 53, 7637 }, // U+01CA
    { 20, 21, 373, 2, 16, 53, 7690 }, // U+01CB
    { 17, 21, 321, 2, 16, 45, 7743 }, // U+01CC
    { 15, 20, 231, 0, 20, 38, 7788 }, // U+01CD
    { 11, 16, 200, 1, 16, 22, 7826 }, // U+01CE
    { 10, 20, 130, 0, 20, 25, 7848 }, // U+01CF
    { 10, 16, 100, -1, 16, 20, 7873 }, // U+01D0
    { 14, 21, 264, 1, 21, 37, 7893 }, // U+01D1
    { 11, 16, 208, 1, 16, 22, 7930 }, // U+01D2
    { 13, 21, 252, 2, 21, 35, 7952 }, // U+01D3
    { 11, 16, 217, 1, 16, 22, 7987 }, // U+01D4
    { 13, 23, 252, 2, 23, 38, 8009 }, // U+01D5
    { 11, 19, 217, 1, 19, 27, 8047 }, // U+01D6
    { 13, 23, 252, 2, 23, 38, 8074 }, // U+01D7
    { 11, 19, 217, 1, 19, 27, 8112 }, // U+01D8
    { 13, 23, 252, 2, 23, 38, 8139 }, // U+01D9
    { 11, 19, 217, 1, 19, 27, 8177 }, // U+01DA
    { 13, 23, 252, 2, 23, 38, 8204 }, // U+01DB
    { 11, 19, 217, 1, 19, 27, 8242 }, // U+01DC
    { 11, 12, 199, 1, 12, 17, 8269 }, // U+01DD
    { 15, 23, 231, 0, 23, 44, 8286 }, // U+01DE
    { 11, 19, 200, 1, 19, 27, 8330 }, // U+01DF
    { 15, 23, 231, 0, 23, 44, 8357 }, // U+01E0
    { 11, 19, 200, 1, 19, 27, 8401 }, // U+01E1
    { 20, 19, 317, -1, 19, 48, 8428 }, // U+01E2
    { 18, 15, 306, 1, 15, 34, 8476 }, // U+01E3
    { 14, 15, 241, 1, 15, 27, 8510 }, // U+01E4
    { 12, 17, 212, 1, 12, 26, 8537 }, // U+01E5
    { 13, 21, 241, 1, 21, 35, 8563 }, // U+01E6
    { 11, 21, 211, 1, 16, 29, 8598 }, // U+01E7
    { 13, 20, 220, 2, 20, 33, 8627 }, // U+01E8
    { 15, 21, 207, -1, 21, 40, 8660 }, // U+01E9
    { 14, 20, 264, 1, 15, 35, 8700 }, // U+01EA
    { 11, 17, 208, 1, 12, 24, 8735 }, // U+01EB
    { 14, 24, 264, 1, 19, 42, 8759 }, // U+01EC
    { 11, 20, 208, 1, 15, 28, 8801 }, // U+01ED
    { 12, 21, 197, 0, 21, 32, 8829 }, // U+01EE
    { 12, 21, 194, 0, 16, 32, 8861 }, // U+01EF
    { 10, 21, 99, -1, 16, 27, 8893 }, // U+01F0
    { 25, 15, 436, 2, 15, 47, 8920 }, // U+01F1
    { 23, 15, 408, 2, 15, 44, 8967 }, // U+01F2
    { 22, 16, 375, 1, 16, 44, 9011 }, // U+01F3
    { 13, 21, 241, 1, 21, 35, 9055 }, // U+01F4
    { 11, 21, 211, 1, 16, 29, 9090 }, // U+01F5
    { 19, 15, 349, 2, 15, 36, 9119 }, // U+01F6
    { 12, 20, 225, 2, 15, 30, 9155 }, // U+01F7
    { 14, 20, 268, 2, 20, 35, 9185 }, // U+01F8
    { 11, 16, 217, 2, 16, 22, 9220 }, // U+01F9
    { 15, 21, 230, 0, 21, 40, 9242 }, // U+01FA
    { 11, 21, 200, 1, 21, 29, 9282 }, // U+01FB
    { 19, 20, 317, 0, 20, 48, 9311 }, // U+01FC
    { 18, 16, 306, 1, 16, 36, 9359 }, // U+01FD
    { 14, 22, 264, 1, 21, 39, 9395 }, // U+01FE
    { 11, 17, 206, 1, 16, 24, 9434 }, // U+01FF
    { 15, 20, 231, 0, 20, 38, 9458 }, // U+0200
    { 12, 16, 200, 0, 16, 24, 9496 }, // U+0201
    { 16, 21, 231, -1, 21, 42, 9520 }, // U+0202
    { 11, 16, 200, 1, 16, 22, 9562 }, // U+0203
    { 11, 20, 187, 0, 20, 28, 9584 }, // U+0204
    { 13, 16, 199, 0, 16, 26, 9612 }, // U+0205
    { 9, 21, 187, 2, 21, 24, 9638 }, // U+0206
    { 12, 16, 199, 1, 16, 24, 9662 }, // U+0207
    { 10, 20, 130, -2, 20, 25, 9686 }, // U+0208
    { 9, 16, 100, -2, 16, 18, 9711 }, // U+0209
    { 9, 21, 130, 0, 21, 24, 9729 }, // U+020A
    { 9, 16, 100, -1, 16, 18, 9753 }, // U+020B
    { 14, 20, 264, 1, 20, 35, 9771 }, // U+020C
    { 11, 16, 208, 1, 16, 22, 9806 }, // U+020D
    { 14, 21, 264, 1, 21, 37, 9828 }, // U+020E
    { 11, 16, 208, 1, 16, 22, 9865 }, // U+020F
    { 13, 20, 219, 1, 20, 33, 9887 }, // U+0210
    { 10, 16, 149, 0, 16, 20, 9920 }, // U+0211
    { 12, 21, 219, 2, 21, 32, 9940 }, // U+0212
    { 9, 16, 149, 1, 16, 18, 9972 }, // U+0213
    { 13, 20, 252, 2, 20, 33, 9990 }, // U+0214
    { 12, 16, 217, 0, 16, 24, 10023 }, // U+0215
    { 13, 21, 252, 2, 21, 35, 10047 }, // U+0216
    { 11, 16, 217, 1, 16, 22, 10082 }, // U+0217
    { 10, 20, 184, 1, 15, 25, 10104 }, // U+0218
    { 9, 17, 167, 1, 12, 20, 10129 }, // U+0219
    { 11, 20, 192, 1, 15, 28, 10149 }, // U+021A
    { 8, 19, 145, 1, 14, 19, 10177 }, // U+021B
    { 12, 20, 210, 1, 15, 30, 10196 }, // U+021C
    { 10, 18, 169, 1, 12, 23, 10226 }, // U+021D
    { 13, 20, 255, 2, 20, 33, 10249 }, // U+021E
    { 14, 21, 217, -1, 21, 37, 10282 }, // U+021F
    { 7, 4, 0, -12, 17, 4, 10319 }, // U+0300
    { 7, 4, 0, -8, 17, 4, 10323 }, // U+0301
    { 10, 4, 0, -5, 17, 5, 10327 }, // U+0302
    { 10, 4, 0, -12, 17, 5, 10332 }, // U+0303
    { 7, 3, 0, -3, 16, 3, 10337 }, // U+0304
    { 9, 3, 0, -4, 19, 4, 10340 }, // U+0305
    { 8, 4, 0, -4, 17, 4, 10344 }, // U+0306
    { 4, 3, 0, -2, 16, 2, 10348 }, // U+0307
    { 7, 3, 0, -4, 16, 3, 10350 }, // U+0308
    { 5, 6, 0, -9, 18, 4, 10353 }, // U+0309
    { 5, 6, 0, -3, 18, 4, 10357 }, // U+030A
    { 10, 3, 0, -4, 16, 4, 10361 }, // U+030B
    { 10, 4, 0, -5, 17, 5, 10365 }, // U+030C
    { 3, 4, 0, -1, 17, 2, 10370 }, // U+030D
    { 6, 4, 0, -3, 17, 3, 10372 }, // U+030E
    { 9, 3, 0, -12, 16, 4, 10375 }, // U+030F
    { 8, 6, 0, -4, 19, 6, 10379 }, // U+0310
    { 8, 5, 0, -4, 17, 5, 10385 }, // U+0311
    { 5, 5, 0, -2, 15, 4, 10390 }, // U+0312
    { 5, 5, 0, -2, 15, 4, 10394 }, // U+0313
    { 5, 5, 0, -2, 15, 4, 10398 }, // U+0314
    { 5, 5, 0, -2, 15, 4, 10402 }, // U+0315
    { 7, 4, 0, -4, 0, 4, 10406 }, // U+0316
    { 7, 4, 0, -3, 0, 4, 10410 }, // U+0317
    { 4, 4, 0, -2, -1, 2, 10414 }, // U+0318
    { 5, 4, 0, -3, -1, 3, 10416 }, // U+0319
    { 5, 6, 100, 0, 16, 4, 10419 }, // U+031A
    { 6, 5, 0, -2, 16, 4, 10423 }, // U+031B
    { 3, 5, 0, -1, 0, 2, 10427 }, // U+031C
    { 4, 5, 0, -2, 0, 3, 10429 }, // U+031D
    { 4, 4, 0, -2, -1, 2, 10432 }, // U+031E
    { 4, 4, 0, -2, -1, 2, 10434 }, // U+031F
    { 4, 2, 0, -2, -2, 1, 10436 }, // U+0320
    { 5, 7, 0, -5, 2, 5, 10437 }, // U+0321
    { 5, 7, 0, 0, 2, 5, 10442 }, // U+0322
    { 4, 3, 0, -9, -2, 2, 10447 }, // U+0323
    { 7, 3, 0, -4, -1, 3, 10449 }, // U+0324
    { 5, 6, 0, -3, 0, 4, 10452 }, // U+0325
    { 4, 3, 0, -2, -2, 2, 10456 }, // U+0326
    { 6, 5, 0, -3, 0, 4, 10458 }, // U+0327
    { 4, 6, 0, -2, 1, 3, 10462 }, // U+0328
    { 3, 4, 0, -1, -1, 2, 10465 }, // U+0329
    { 8, 4, 0, -4, -1, 4, 10467 }, // U+032A
    { 7, 3, 0, -4, -1, 3, 10471 }, // U+032B
    { 10, 4, 0, -5, 0, 5, 10474 }, // U+032C
    { 10, 4, 0, -5, 0, 5, 10479 }, // U+032D
    { 8, 4, 0, -4, -1, 4, 10484 }, // U+032E
    { 8, 5, 0, -4, 0, 5, 10488 }, // U+032F
    { 10, 4, 0, -5, 0, 5, 10493 }, // U+0330
    { 7, 3, 0, -3, -1, 3, 10498 }, // U+0331
    { 10, 2, 0, -5, -2, 3, 10501 }, // U+0332
    { 9, 5, 0, -5, -1, 6, 10504 }, // U+0333
    { 10, 4, 0, -5, 8, 5, 10510 }, // U+0334
    { 9, 3, 0, -4, 8, 4, 10515 }, // U+0335
    { 15, 3, 0, -8, 8, 6, 10519 }, // U+0336
    { 8, 6, 0, -4, 9, 6, 10525 }, // U+0337
    { 10, 18, 0, -5, 17, 23, 10531 }, // U+0338
    { 3, 5, 0, -1, 0, 2, 10554 }, // U+0339
    { 8, 5, 0, -4, 0, 5, 10556 }, // U+033A
    { 9, 5, 0, -5, -1, 6, 10561 }, // U+033B
    { 8, 3, 0, -4, -1, 3, 10567 }, // U+033C
    { 6, 5, 0, -3, 17, 4, 10570 }, // U+033D
    { 3, 6, 0, -2, 18, 3, 10574 }, // U+033E
    { 9, 5, 0, -5, 21, 6, 10577 }, // U+033F
    { 7, 4, 0, -5, 17, 4, 10583 }, // U+0340
    { 7, 4, 0, -2, 17, 4, 10587 }, // U+0341
    { 10, 4, 0, -5, 17, 5, 10591 }, // U+0342
    { 5, 5, 0, -3, 17, 4, 10596 }, // U+0343
    { 11, 4, 0, -4, 17, 6, 10600 }, // U+0344
    { 4, 4, 0, -1, -1, 2, 10606 }, // U+0345
    { 10, 4, 0, -5, 16, 5, 10608 }, // U+0346
    { 9, 5, 0, -5, -1, 6, 10613 }, // U+0347
    { 6, 4, 0, -3, -1, 3, 10619 }, // U+0348
    { 4, 4, 0, -2, -1, 2, 10622 }, // U+0349
    { 8, 5, 0, -4, 17, 5, 10624 }, // U+034A
    { 9, 9, 0, -4, 21, 11, 10629 }, // U+034B
    { 8, 6, 0, -4, 19, 6, 10640 }, // U+034C
    { 8, 5, 0, -4, 0, 5, 10646 }, // U+034D
    { 5, 5, 0, -2, 0, 4, 10651 }, // U+034E
    { 16, 16, 0, -8, 15, 32, 10655 }, // U+034F
    { 4, 4, 0, -2, 17, 2, 10687 }, // U+0350
    { 3, 5, 0, -1, 18, 2, 10689 }, // U+0351
    { 8, 5, 0, -4, 18, 5, 10691 }, // U+0352
    { 4, 5, 0, -2, 0, 3, 10696 }, // U+0353
    { 4, 4, 0, -2, -1, 2, 10699 }, // U+0354
    { 4, 4, 0, -2, -1, 2, 10701 }, // U+0355
    { 8, 4, 0, -4, -1, 4, 10703 }, // U+0356
    { 3, 5, 0, -1, 18, 2, 10707 }, // U+0357
    { 4, 3, 0, 2, 16, 2, 10709 }, // U+0358
    { 6, 5, 0, -3, -1, 4, 10711 }, // U+0359
    { 7, 5, 0, -4, 0, 5, 10715 }, // U+035A
    { 4, 5, 0, -2, 17, 3, 10720 }, // U+035B
    { 18, 5, 0, -9, 0, 12, 10723 }, // U+035C
    { 18, 5, 0, -9, 18, 12, 10735 }, // U+035D
    { 13, 2, 0, -6, 15, 4, 10747 }, // U+035E
    { 13, 2, 0, -6, -2, 4, 10751 }, // U+035F
    { 18, 4, 0, -9, 17, 9, 10755 }, // U+0360
    { 18, 5, 0, -9, 20, 12, 10764 }, // U+0361
    { 17, 6, 0, -8, 0, 13, 10776 }, // U+0362
    { 5, 5, 0, -3, 18, 4, 10789 }, // U+0363
    { 5, 6, 0, -2, 19, 4, 10793 }, // U+0364
    { 2, 7, 0, -1, 20, 2, 10797 }, // U+0365
    { 6, 5, 0, -3, 18, 4, 10799 }, // U+0366
    { 5, 6, 0, -3, 19, 4, 10803 }, // U+0367
    { 5, 5, 0, -2, 18, 4, 10807 }, // U+0368
    { 6, 7, 0, -3, 20, 6, 10811 }, // U+0369
    { 5, 7, 0, -3, 20, 5, 10817 }, // U+036A
    { 8, 5, 0, -4, 18, 5, 10822 }, // U+036B
    { 4, 5, 0, -2, 18, 3, 10827 }, // U+036C
    { 4, 7, 0, -2, 19, 4, 10830 }, // U+036D
    { 6, 5, 0, -3, 18, 4, 10834 }, // U+036E
    { 6, 5, 0, -3, 18, 4, 10838 }, // U+036F
    { 9, 20, 187, 2, 20, 23, 10842 }, // U+0400
    { 9, 20, 187, 2, 20, 23, 10865 }, // U+0401
    { 15, 15, 255, 1, 15, 29, 10888 }, // U+0402
    { 9, 20, 188, 2, 20, 23, 10917 }, // U+0403
    { 12, 15, 217, 1, 15, 23, 10940 }, // U+0404
    { 10, 15, 182, 1, 15, 19, 10963 }, // U+0405
    { 4, 15, 108, 2, 15, 8, 10982 }, // U+0406
    { 7, 20, 110, 1, 20, 18, 10990 }, // U+0407
    { 8, 20, 110, -2, 15, 20, 11008 }, // U+0408
    { 21, 15, 345, 1, 15, 40, 11028 }, // U+0409
    { 20, 15, 354, 2, 15, 38, 11068 }, // U+040A
    { 15, 15, 259, 1, 15, 29, 11106 }, // U+040B
    { 13, 20, 228, 2, 20, 33, 11135 }, // U+040C
    { 13, 20, 264, 2, 20, 33, 11168 }, // U+040D
    { 15, 21, 215, -1, 21, 40, 11201 }, // U+040E
    { 13, 18, 255, 2, 15, 30, 11241 }, // U+040F
    { 15, 15, 231, 0, 15, 29, 11271 }, // U+0410
    { 11, 15, 216, 2, 15, 21, 11300 }, // U+0411
    { 11, 15, 221, 2, 15, 21, 11321 }, // U+0412
    { 9, 15, 188, 2, 15, 17, 11342 }, // U+0413
    { 16, 19, 259, 1, 15, 38, 11359 }, // U+0414
    { 9, 15, 187, 2, 15, 17, 11397 }, // U+0415
    { 21, 15, 332, 0, 15, 40, 11414 }, // U+0416
    { 12, 15, 198, 0, 15, 23, 11454 }, // U+0417
    { 13, 15, 264, 2, 15, 25, 11477 }, // U+0418
    { 13, 20, 264, 2, 20, 33, 11502 }, // U+0419
    { 13, 15, 231, 2, 15, 25, 11535 }, // U+041A
    { 14, 15, 244, 1, 15, 27, 11560 }, // U+041B
    { 16, 15, 314, 2, 15, 30, 11587 }, // U+041C
    { 13, 15, 257, 2, 15, 25, 11617 }, // U+041D
    { 14, 15, 259, 1, 15, 27, 11642 }, // U+041E
    { 13, 15, 254, 2, 15, 25, 11669 }, // U+041F
    { 11, 15, 208, 2, 15, 21, 11694 }, // U+0420
    { 12, 15, 215, 1, 15, 23, 11715 }, // U+0421
    { 11, 15, 192, 1, 15, 21, 11738 }, // U+0422
    { 15, 15, 215, -1, 15, 29, 11759 }, // U+0423
    { 17, 15, 301, 1, 15, 32, 11788 }, // U+0424
    { 15, 15, 222, 0, 15, 29, 11820 }, // U+0425
    { 15, 19, 259, 2, 15, 36, 11849 }, // U+0426
    { 12, 15, 240, 1, 15, 23, 11885 }, // U+0427
    { 19, 15, 356, 2, 15, 36, 11908 }, // U+0428
    { 21, 19, 358, 2, 15, 50, 11944 }, // U+0429
    { 15, 15, 251, 0, 15, 29, 11994 }, // U+042A
    { 16, 15, 307, 2, 15, 30, 12023 }, // U+042B
    { 11, 15, 215, 2, 15, 21, 12053 }, // U+042C
    { 13, 15, 219, 0, 15, 25, 12074 }, // U+042D
    { 19, 15, 339, 2, 15, 36, 12099 }, // U+042E
    { 13, 15, 227, 0, 15, 25, 12135 }, // U+042F
    { 11, 12, 199, 1, 12, 17, 12160 }, // U+0430
    { 12, 17, 208, 1, 17, 26, 12177 }, // U+0431
    { 10, 12, 199, 2, 12, 15, 12203 }, // U+0432
    { 8, 12, 158, 2, 12, 12, 12218 }, // U+0433
    { 14, 15, 212, 1, 12, 27, 12230 }, // U+0434
    { 11, 12, 195, 1, 12, 17, 12257 }, // U+0435
    { 19, 12, 289, 0, 12, 29, 12274 }, // U+0436
    { 11, 12, 172, 0, 12, 17, 12303 }, // U+0437
    { 11, 12, 225, 2, 12, 17, 12320 }, // U+0438
    { 11, 17, 225, 2, 17, 24, 12337 }, // U+0439
    { 12, 12, 205, 2, 12, 18, 12361 }, // U+043A
    { 12, 12, 208, 0, 12, 18, 12379 }, // U+043B
    { 15, 12, 279, 2, 12, 23, 12397 }, // U+043C
    { 11, 12, 219, 2, 12, 17, 12420 }, // U+043D
    { 12, 12, 207, 1, 12, 18, 12437 }, // U+043E
    { 11, 12, 217, 2, 12, 17, 12455 }, // U+043F
    { 11, 17, 212, 2, 12, 24, 12472 }, // U+0440
    { 10, 12, 175, 1, 12, 15, 12496 }, // U+0441
    { 10, 12, 168, 1, 12, 15, 12511 }, // U+0442
    { 13, 17, 190, 0, 12, 28, 12526 }, // U+0443
    { 16, 22, 270, 1, 17, 44, 12554 }, // U+0444
    { 13, 12, 192, 0, 12, 20, 12598 }, // U+0445
    { 12, 16, 217, 2, 12, 24, 12618 }, // U+0446
    { 11, 12, 212, 1, 12, 17, 12642 }, // U+0447
    { 17, 12, 318, 2, 12, 26, 12659 }, // U+0448
    { 19, 15, 318, 2, 12, 36, 12685 }, // U+0449
    { 13, 12, 224, 1, 12, 20, 12721 }, // U+044A
    { 15, 12, 285, 2, 12, 23, 12741 }, // U+044B
    { 10, 12, 197, 2, 12, 15, 12764 }, // U+044C
    { 11, 12, 175, 0, 12, 17, 12779 }, // U+044D
    { 16, 12, 284, 2, 12, 24, 12796 }, // U+044E
    { 11, 12, 202, 0, 12, 17, 12820 }, // U+044F
    { 11, 17, 195, 1, 17, 24, 12837 }, // U+0450
    { 11, 15, 195, 1, 15, 21, 12861 }, // U+0451
    { 12, 22, 218, 0, 17, 33, 12882 }, // U+0452
    { 8, 17, 160, 2, 17, 17, 12915 }, // U+0453
    { 10, 12, 175, 1, 12, 15, 12932 }, // U+0454
    { 9, 12, 166, 1, 12, 14, 12947 }, // U+0455
    { 4, 16, 103, 2, 16, 8, 12961 }, // U+0456
    { 6, 16, 100, 1, 16, 12, 12969 }, // U+0457
    { 7, 22, 99, -1, 17, 20, 12981 }, // U+0458
    { 19, 12, 299, 0, 12, 29, 13001 }, // U+0459
    { 17, 12, 309, 2, 12, 26, 13030 }, // U+045A
    { 12, 17, 218, 0, 17, 26, 13056 }, // U+045B
    { 12, 17, 205, 2, 17, 26, 13082 }, // U+045C
    { 11, 17, 225, 2, 17, 24, 13108 }, // U+045D
    { 13, 22, 190, 0, 17, 36, 13132 }, // U+045E
    { 11, 15, 217, 2, 12, 21, 13168 }, // U+045F
    { 19, 15, 318, 1, 15, 36, 13189 }, // U+0460
    { 18, 12, 295, 1, 12, 27, 13225 }, // U+0461
    { 13, 15, 224, 0, 15, 25, 13252 }, // U+0462
    { 13, 14, 222, 1, 14, 23, 13277 }, // U+0463
    { 18, 15, 317, 2, 15, 34, 13300 }, // U+0464
    { 15, 12, 268, 2, 12, 23, 13334 }, // U+0465
    { 17, 15, 243, -1, 15, 32, 13357 }, // U+0466
    { 15, 12, 213, -1, 12, 23, 13389 }, // U+0467
    { 20, 15, 335, 2, 15, 38, 13412 }, // U+0468
    { 18, 12, 301, 2, 12, 27, 13450 }, // U+0469
    { 17, 15, 268, 0, 15, 32, 13477 }, // U+046A
    { 13, 12, 208, 0, 12, 20, 13509 }, // U+046B
    { 21, 15, 358, 2, 15, 40, 13529 }, // U+046C
    { 17, 12, 293, 2, 12, 26, 13569 }, // U+046D
    { 12, 24, 211, 1, 19, 36, 13595 }, // U+046E
    { 11, 20, 185, 1, 15, 28, 13631 }, // U+046F
    { 15, 15, 294, 2, 15, 29, 13659 }, // U+0470
    { 15, 22, 281, 1, 17, 42, 13688 }, // U+0471
    { 15, 15, 264, 1, 15, 29, 13730 }, // U+0472
    { 11, 12, 206, 1, 12, 17, 13759 }, // U+0473
    { 15, 15, 239, 0, 15, 29, 13776 }, // U+0474
    { 13, 12, 202, 0, 12, 20, 13805 }, // U+0475
    { 15, 20, 239, 0, 20, 38, 13825 }, // U+0476
    { 13, 16, 202, 0, 16, 26, 13863 }, // U+0477
    { 27, 20, 440, 1, 15, 68, 13889 }, // U+0478
    { 24, 17, 392, 1, 12, 51, 13957 }, // U+0479
    { 15, 18, 277, 1, 17, 34, 14008 }, // U+047A
    { 13, 14, 228, 1, 13, 23, 14042 }, // U+047B
    { 21, 24, 363, 1, 24, 63, 14065 }, // U+047C
    { 18, 20, 319, 1, 20, 45, 14128 }, // U+047D
    { 19, 20, 319, 1, 20, 48, 14173 }, // U+047E
    { 18, 15, 295, 1, 15, 34, 14221 }, // U+047F
    { 13, 20, 226, 1, 15, 33, 14255 }, // U+0480
    { 10, 17, 175, 1, 12, 22, 14288 }, // U+0481
    { 11, 15, 203, 1, 14, 21, 14310 }, // U+0482
    { 8, 4, 0, -10, 16, 4, 14331 }, // U+0483
    { 9, 4, 0, -10, 17, 5, 14335 }, // U+0484
    { 4, 4, 0, -7, 17, 2, 14340 }, // U+0485
    { 4, 4, 0, -8, 17, 2, 14342 }, // U+0486
    { 9, 4, 0, -4, 20, 5, 14344 }, // U+0487
    { 24, 23, 0, -12, 17, 69, 14349 }, // U+0488
    { 23, 24, 0, -11, 18, 69, 14418 }, // U+0489
    { 18, 25, 305, 2, 21, 57, 14487 }, // U+048A
    { 16, 21, 267, 2, 17, 42, 14544 }, // U+048B
    { 12, 15, 213, 1, 15, 23, 14586 }, // U+048C
    { 12, 17, 205, 1, 17, 26, 14609 }, // U+048D
    { 11, 15, 209, 2, 15, 21, 14635 }, // U+048E
    { 11, 17, 211, 2, 12, 24, 14656 }, // U+048F
    { 10, 19, 193, 2, 19, 24, 14680 }, // U+0490
    { 8, 15, 171, 2, 15, 15, 14704 }, // U+0491
    { 11, 15, 186, 1, 15, 21, 14719 }, // U+0492
    { 10, 12, 164, 1, 12, 15, 14740 }, // U+0493
    { 13, 20, 245, 2, 15, 33, 14755 }, // U+0494
    { 11, 17, 201, 2, 12, 24, 14788 }, // U+0495
    { 22, 20, 343, -1, 15, 55, 14812 }, // U+0496
    { 20, 16, 312, 0, 12, 40, 14867 }, // U+0497
    { 11, 20, 198, 0, 15, 28, 14907 }, // U+0498
    { 10, 17, 172, 0, 12, 22, 14935 }, // U+0499
    { 14, 20, 252, 2, 15, 35, 14957 }, // U+049A
    { 13, 16, 219, 2, 12, 26, 14992 }, // U+049B
    { 13, 15, 223, 2, 15, 25, 15018 }, // U+049C
    { 12, 12, 206, 2, 12, 18, 15043 }, // U+049D
    { 14, 15, 231, 1, 15, 27, 15061 }, // U+049E
    { 14, 16, 209, 1, 16, 28, 15088 }, // U+049F
    { 17, 15, 244, 0, 15, 32, 15116 }, // U+04A0
    { 16, 12, 232, 0, 12, 24, 15148 }, // U+04A1
    { 16, 19, 280, 2, 15, 38, 15172 }, // U+04A2
    { 13, 16, 248, 2, 12, 26, 15210 }, // U+04A3
    { 16, 15, 278, 2, 15, 30, 15236 }, // U+04A4
    { 14, 12, 253, 2, 12, 21, 15266 }, // U+04A5
    { 21, 20, 375, 2, 15, 53, 15287 }, // U+04A6
    { 17, 17, 296, 2, 12, 37, 15340 }, // U+04A7
    { 15, 16, 259, 1, 15, 30, 15377 }, // U+04A8
    { 12, 13, 219, 1, 12, 20, 15407 }, // U+04A9
    { 12, 20, 214, 1, 15, 30, 15427 }, // U+04AA
    { 10, 17, 172, 1, 12, 22, 15457 }, // U+04AB
    { 11, 19, 193, 1, 15, 27, 15479 }, // U+04AC
    { 11, 16, 183, 1, 12, 22, 15506 }, // U+04AD
    { 14, 15, 209, 0, 15, 27, 15528 }, // U+04AE
    { 13, 17, 191, -1, 12, 28, 15555 }, // U+04AF
    { 14, 15, 209, 0, 15, 27, 15583 }, // U+04B0
    { 13, 17, 191, -1, 12, 28, 15610 }, // U+04B1
    { 17, 19, 248, -1, 15, 41, 15638 }, // U+04B2
    { 14, 16, 211, 0, 12, 28, 15679 }, // U+04B3
    { 19, 20, 310, 1, 15, 48, 15707 }, // U+04B4
    { 16, 17, 264, 1, 12, 34, 15755 }, // U+04B5
    { 16, 19, 268, 1, 15, 38, 15789 }, // U+04B6
    { 14, 16, 242, 1, 12, 28, 15827 }, // U+04B7
    { 13, 15, 245, 1, 15, 25, 15855 }, // U+04B8
    { 11, 12, 220, 1, 12, 17, 15880 }, // U+04B9
    { 13, 15, 245, 2, 15, 25, 15897 }, // U+04BA
    { 11, 16, 217, 2, 16, 22, 15922 }, // U+04BB
    { 18, 15, 316, 0, 15, 34, 15944 }, // U+04BC
    { 14, 12, 236, 0, 12, 21, 15978 }, // U+04BD
    { 18, 19, 316, 0, 15, 43, 15999 }, // U+04BE
    { 14, 16, 236, 0, 12, 28, 16042 }, // U+04BF
    { 7, 15, 130, 1, 15, 14, 16070 }, // U+04C0
    { 21, 21, 333, 0, 21, 56, 16084 }, // U+04C1
    { 19, 17, 289, 0, 17, 41, 16140 }, // U+04C2
    { 13, 20, 253, 2, 15, 33, 16181 }, // U+04C3
    { 12, 17, 218, 2, 12, 26, 16214 }, // U+04C4
    { 18, 19, 279, 0, 15, 43, 16240 }, // U+04C5
    { 16, 17, 242, 0, 12, 34, 16283 }, // U+04C6
    { 13, 20, 255, 2, 15, 33, 16317 }, // U+04C7
    { 11, 17, 221, 2, 12, 24, 16350 }, // U+04C8
    { 16, 19, 286, 2, 15, 38, 16374 }, // U+04C9
    { 14, 16, 248, 2, 12, 28, 16412 }, // U+04CA
    { 13, 19, 245, 1, 15, 31, 16440 }, // U+04CB
    { 11, 16, 219, 1, 12, 22, 16471 }, // U+04CC
    { 20, 19, 345, 2, 15, 48, 16493 }, // U+04CD
    { 18, 16, 309, 2, 12, 36, 16541 }, // U+04CE
    { 7, 15, 130, 1, 15, 14, 16577 }, // U+04CF
    { 15, 20, 231, 0, 20, 38, 16591 }, // U+04D0
    { 11, 17, 200, 1, 17, 24, 16629 }, // U+04D1
    { 15, 20, 231, -1, 20, 38, 16653 }, // U+04D2
    { 11, 16, 200, 1, 16, 22, 16691 }, // U+04D3
    { 19, 15, 317, 0, 15, 36, 16713 }, // U+04D4
    { 18, 12, 306, 1, 12, 27, 16749 }, // U+04D5
    { 9, 20, 187, 2, 20, 23, 16776 }, // U+04D6
    { 12, 17, 199, 1, 17, 26, 16799 }, // U+04D7
    { 14, 15, 272, 2, 15, 27, 16825 }, // U+04D8
    { 11, 12, 199, 1, 12, 17, 16852 }, // U+04D9
    { 14, 20, 272, 2, 20, 35, 16869 }, // U+04DA
    { 11, 17, 199, 1, 17, 24, 16904 }, // U+04DB
    { 21, 20, 333, 0, 20, 53, 16928 }, // U+04DC
    { 19, 16, 289, -1, 16, 38, 16981 }, // U+04DD
    { 11, 20, 198, 0, 20, 28, 17019 }, // U+04DE
    { 10, 17, 172, 0, 17, 22, 17047 }, // U+04DF
    { 12, 15, 197, 0, 15, 23, 17069 }, // U+04E0
    { 12, 17, 194, 0, 12, 26, 17092 }, // U+04E1
    { 13, 19, 264, 2, 19, 31, 17118 }, // U+04E2
    { 11, 15, 225, 2, 15, 21, 17149 }, // U+04E3
    { 13, 20, 264, 2, 20, 33, 17170 }, // U+04E4
    { 11, 16, 225, 2, 16, 22, 17203 }, // U+04E5
    { 14, 20, 264, 1, 20, 35, 17225 }, // U+04E6
    { 11, 17, 208, 1, 17, 24, 17260 }, // U+04E7
    { 15, 15, 264, 1, 15, 29, 17284 }, // U+04E8
    { 11, 12, 208, 1, 12, 17, 17313 }, // U+04E9
    { 15, 20, 264, 1, 20, 38, 17330 }, // U+04EA
    { 11, 17, 208, 1, 17, 24, 17368 }, // U+04EB
    { 13, 20, 217, 0, 20, 33, 17392 }, // U+04EC
    { 10, 17, 175, 0, 17, 22, 17425 }, // U+04ED
    { 15, 19, 215, -1, 19, 36, 17447 }, // U+04EE
    { 13, 20, 190, 0, 15, 33, 17483 }, // U+04EF
    { 13, 20, 215, 0, 20, 33, 17516 }, // U+04F0
    { 13, 22, 190, -1, 17, 36, 17549 }, // U+04F1
    { 15, 20, 215, -1, 20, 38, 17585 }, // U+04F2
    { 13, 21, 190, 0, 16, 35, 17623 }, // U+04F3
    { 12, 20, 240, 1, 20, 30, 17658 }, // U+04F4
    { 11, 16, 212, 1, 16, 22, 17688 }, // U+04F5
    { 10, 19, 187, 2, 15, 24, 17710 }, // U+04F6
    { 8, 16, 159, 2, 12, 16, 17734 }, // U+04F7
    { 16, 20, 307, 2, 20, 40, 17750 }, // U+04F8
    { 15, 16, 285, 2, 16, 30, 17790 }, // U+04F9
    { 11, 20, 186, 1, 15, 28, 17820 }, // U+04FA
    { 10, 17, 164, 1, 12, 22, 17848 }, // U+04FB
    { 16, 20, 243, 0, 15, 40, 17870 }, // U+04FC
    { 14, 17, 215, 0, 12, 30, 17910 }, // U+04FD
    { 16, 15, 223, -1, 15, 30, 17940 }, // U+04FE
    { 12, 12, 193, 0, 12, 18, 17970 }, // U+04FF
    { 14, 13, 225, 0, 13, 23, 17988 }, // U+05D0
    { 12, 13, 198, 0, 13, 20, 18011 }, // U+05D1
    { 8, 14, 137, 1, 13, 14, 18031 }, // U+05D2
    { 12, 13, 190, 0, 13, 20, 18045 }, // U+05D3
    { 13, 13, 219, 0, 13, 22, 18065 }, // U+05D4
    { 6, 13, 113, 0, 13, 10, 18087 }, // U+05D5
    { 7, 13, 124, 0, 13, 12, 18097 }, // U+05D6
    { 14, 13, 229, 0, 13, 23, 18109 }, // U+05D7
    { 12, 13, 220, 1, 13, 20, 18132 }, // U+05D8
    { 6, 8, 111, 0, 13, 6, 18152 }, // U+05D9
    { 11, 17, 190, 1, 13, 24, 18158 }, // U+05DA
    { 11, 13, 176, 0, 13, 18, 18182 }, // U+05DB
    { 11, 17, 185, 1, 17, 24, 18200 }, // U+05DC
    { 14, 13, 234, 0, 13, 23, 18224 }, // U+05DD
    { 15, 13, 234, 0, 13, 25, 18247 }, // U+05DE
    { 6, 17, 118, 0, 13, 13, 18272 }, // U+05DF
    { 7, 13, 135, 1, 13, 12, 18285 }, // U+05E0
    { 13, 13, 227, 0, 13, 22, 18297 }, // U+05E1
    { 13, 15, 210, 0, 14, 25, 18319 }, // U+05E2
    { 12, 17, 218, 1, 13, 26, 18344 }, // U+05E3
    { 12, 13, 209, 1, 13, 20, 18370 }, // U+05E4
    { 12, 17, 196, 0, 13, 26, 18390 }, // U+05E5
    { 12, 13, 197, 0, 13, 20, 18416 }, // U+05E6
    { 13, 17, 218, 0, 13, 28, 18436 }, // U+05E7
    { 11, 13, 181, 0, 13, 18, 18464 }, // U+05E8
    { 14, 13, 262, 1, 13, 23, 18482 }, // U+05E9
    { 14, 13, 241, 0, 13, 23, 18505 }, // U+05EA
    { 15, 19, 231, -1, 15, 36, 18528 }, // U+1EA0
    { 11, 16, 200, 1, 12, 22, 18564 }, // U+1EA1
    { 14, 22, 231, 0, 22, 39, 18586 }, // U+1EA2
    { 11, 18, 200, 1, 18, 25, 18625 }, // U+1EA3
    { 15, 21, 231, 0, 21, 40, 18650 }, // U+1EA4
    { 13, 18, 200, 1, 18, 30, 18690 }, // U+1EA5
    { 15, 21, 231, 0, 21, 40, 18720 }, // U+1EA6
    { 13, 18, 200, -1, 18, 30, 18760 }, // U+1EA7
    { 16, 22, 231, -1, 22, 44, 18790 }, // U+1EA8
    { 12, 19, 200, 1, 19, 29, 18834 }, // U+1EA9
    { 15, 23, 231, 0, 23, 44, 18863 }, // U+1EAA
    { 11, 19, 200, 1, 19, 27, 18907 }, // U+1EAB
    { 15, 24, 231, -1, 20, 45, 18934 }, // U+1EAC
    { 11, 20, 200, 1, 16, 28, 18979 }, // U+1EAD
    { 16, 22, 231, -1, 22, 44, 19007 }, // U+1EAE
    { 11, 19, 200, 1, 19, 27, 19051 }, // U+1EAF
    { 15, 22, 231, 0, 22, 42, 19078 }, // U+1EB0
    { 11, 19, 200, 1, 19, 27, 19120 }, // U+1EB1
    { 15, 22, 231, 0, 22, 42, 19147 }, // U+1EB2
    { 11, 19, 200, 1, 19, 27, 19189 }, // U+1EB3
    { 15, 23, 231, -1, 23, 44, 19216 }, // U+1EB4
    { 11, 19, 200, 1, 19, 27, 19260 }, // U+1EB5
    { 15, 25, 231, 0, 21, 47, 19287 }, // U+1EB6
    { 11, 20, 200, 1, 16, 28, 19334 }, // U+1EB7
    { 9, 19, 187, 2, 15, 22, 19362 }, // U+1EB8
    { 12, 16, 199, 1, 12, 24, 19384 }, // U+1EB9
    { 9, 22, 187, 2, 22, 25, 19408 }, // U+1EBA
    { 12, 18, 199, 1, 18, 27, 19433 }, // U+1EBB
    { 9, 20, 187, 2, 20, 23, 19460 }, // U+1EBC
    { 12, 16, 199, 1, 16, 24, 19483 }, // U+1EBD
    { 12, 21, 187, 1, 21, 32, 19507 }, // U+1EBE
    { 13, 18, 199, 1, 18, 30, 19539 }, // U+1EBF
    { 13, 21, 187, -2, 21, 35, 19569 }, // U+1EC0
    { 14, 18, 199, -1, 18, 32, 19604 }, // U+1EC1
    { 11, 22, 187, 1, 22, 31, 19636 }, // U+1EC2
    { 12, 19, 199, 1, 19, 29, 19667 }, // U+1EC3
    { 9, 23, 187, 2, 23, 26, 19696 }, // U+1EC4
    { 12, 19, 199, 1, 19, 29, 19722 }, // U+1EC5
    { 9, 24, 187, 2, 20, 27, 19751 }, // U+1EC6
    { 12, 20, 199, 1, 16, 30, 19778 }, // U+1EC7
    { 7, 22, 130, 1, 22, 20, 19808 }, // U+1EC8
    { 6, 18, 100, 1, 18, 14, 19828 }, // U+1EC9
    { 7, 19, 130, 1, 15, 17, 19842 }, // U+1ECA
    { 4, 20, 100, 2, 16, 10, 19859 }, // U+1ECB
    { 15, 19, 264, 1, 15, 36, 19869 }, // U+1ECC
    { 11, 16, 208, 1, 12, 22, 19905 }, // U+1ECD
    { 14, 22, 264, 1, 22, 39, 19927 }, // U+1ECE
    { 11, 18, 208, 1, 18, 25, 19966 }, // U+1ECF
    { 14, 22, 264, 1, 22, 39, 19991 }, // U+1ED0
    { 13, 18, 208, 1, 18, 30, 20030 }, // U+1ED1
    { 14, 22, 264, 1, 22, 39, 20060 }, // U+1ED2
    { 13, 18, 208, -1, 18, 30, 20099 }, // U+1ED3
    { 14, 23, 264, 1, 23, 41, 20129 }, // U+1ED4
    { 12, 19, 208, 1, 19, 29, 20170 }, // U+1ED5
    { 14, 23, 264, 1, 23, 41, 20199 }, // U+1ED6
    { 11, 19, 208, 1, 19, 27, 20240 }, // U+1ED7
    { 15, 25, 264, 1, 21, 47, 20267 }, // U+1ED8
    { 11, 20, 208, 1, 16, 28, 20314 }, // U+1ED9
    { 17, 21, 274, 1, 21, 45, 20342 }, // U+1EDA
    { 14, 16, 227, 1, 16, 28, 20387 }, // U+1EDB
    { 17, 21, 274, 1, 21, 45, 20415 }, // U+1EDC
    { 14, 16, 227, 1, 16, 28, 20460 }, // U+1EDD
    { 17, 22, 274, 1, 22, 47, 20488 }, // U+1EDE
    { 14, 18, 227, 1, 18, 32, 20535 }, // U+1EDF
    { 17, 21, 274, 1, 21, 45, 20567 }, // U+1EE0
    { 14, 16, 227, 1, 16, 28, 20612 }, // U+1EE1
    { 17, 20, 274, 1, 16, 43, 20640 }, // U+1EE2
    { 14, 18, 227, 1, 14, 32, 20683 }, // U+1EE3
    { 13, 19, 252, 2, 15, 31, 20715 }, // U+1EE4
    { 11, 16, 217, 1, 12, 22, 20746 }, // U+1EE5
    { 13, 22, 252, 2, 22, 36, 20768 }, // U+1EE6
    { 11, 18, 217, 1, 18, 25, 20804 }, // U+1EE7
    { 17, 21, 295, 2, 21, 45, 20829 }, // U+1EE8
    { 16, 16, 252, 1, 16, 32, 20874 }, // U+1EE9
    { 17, 21, 295, 2, 21, 45, 20906 }, // U+1EEA
    { 16, 16, 252, 1, 16, 32, 20951 }, // U+1EEB
    { 17, 22, 295, 2, 22, 47, 20983 }, // U+1EEC
    { 16, 18, 252, 1, 18, 36, 21030 }, // U+1EED
    { 17, 21, 295, 2, 21, 45, 21066 }, // U+1EEE
    { 16, 16, 252, 1, 16, 32, 21111 }, // U+1EEF
    { 17, 20, 295, 2, 16, 43, 21143 }, // U+1EF0
    { 16, 18, 252, 1, 14, 36, 21186 }, // U+1EF1
    { 14, 20, 209, 0, 20, 35, 21222 }, // U+1EF2
    { 13, 21, 190, 0, 16, 35, 21257 }, // U+1EF3
    { 14, 19, 209, 0, 15, 34, 21292 }, // U+1EF4
    { 12, 17, 190, 0, 12, 26, 21326 }, // U+1EF5
    { 13, 22, 209, 0, 22, 36, 21352 }, // U+1EF6
    { 13, 23, 190, -1, 18, 38, 21388 }, // U+1EF7
    { 14, 20, 209, 0, 20, 35, 21426 }, // U+1EF8
    { 13, 21, 190, 0, 16, 35, 21461 }, // U+1EF9
    { 0, 0, 167, 0, 0, 0, 21496 }, // U+2000
    { 0, 0, 333, 0, 0, 0, 21496 }, // U+2001
    { 0, 0, 167, 0, 0, 0, 21496 }, // U+2002
    { 0, 0, 333, 0, 0, 0, 21496 }, // U+2003
    { 0, 0, 111, 0, 0, 0, 21496 }, // U+2004
    { 0, 0, 83, 0, 0, 0, 21496 }, // U+2005
    { 0, 0, 56, 0, 0, 0, 21496 }, // U+2006
    { 0, 0, 191, 0, 0, 0, 21496 }, // U+2007
    { 0, 0, 94, 0, 0, 0, 21496 }, // U+2008
    { 0, 0, 55, 0, 0, 0, 21496 }, // U+2009
    { 0, 0, 33, 0, 0, 0, 21496 }, // U+200A
    { 0, 0, 0, 0, 0, 0, 21496 }, // U+200B
    { 0, 0, 0, 0, 0, 0, 21496 }, // U+200C
    { 0, 0, 0, 0, 0, 0, 21496 }, // U+200D
    { 5, 18, 0, 0, 15, 12, 21496 }, // U+200E
    { 5, 18, 0, -4, 15, 12, 21508 }, // U+200F
    { 5, 3, 107, 1, 7, 2, 21520 }, // U+2010
    { 5, 3, 107, 1, 7, 2, 21522 }, // U+2011
    { 10, 3, 192, 1, 9, 4, 21524 }, // U+2012
    { 9, 3, 167, 1, 8, 4, 21528 }, // U+2013
    { 19, 3, 333, 1, 8, 8, 21532 }, // U+2014
    { 19, 3, 333, 1, 8, 8, 21540 }, // U+2015
    { 8, 21, 184, 2, 16, 21, 21548 }, // U+2016
    { 9, 5, 137, 0, -1, 6, 21569 }, // U+2017
    { 5, 5, 72, 0, 15, 4, 21575 }, // U+2018
    { 5, 5, 72, 0, 15, 4, 21579 }, // U+2019
    { 5, 5, 95, 0, 3, 4, 21583 }, // U+201A
    { 5, 5, 72, 0, 15, 4, 21587 }, // U+201B
    { 10, 5, 148, 0, 15, 7, 21591 }, // U+201C
    { 10, 5, 148, 0, 15, 7, 21598 }, // U+201D
    { 10, 5, 171, 0, 2, 7, 21605 }, // U+201E
    { 10, 5, 148, 0, 15, 7, 21612 }, // U+201F
    { 9, 16, 171, 1, 16, 18, 21619 }, // U+2020
    { 8, 16, 173, 1, 16, 16, 21637 }, // U+2021
    { 6, 7, 125, 1, 12, 6, 21653 }, // U+2022
    { 7, 9, 125, 1, 13, 8, 21659 }, // U+2023
    { 4, 3, 167, 3, 3, 2, 21667 }, // U+2024
    { 10, 3, 192, 1, 3, 4, 21669 }, // U+2025
    { 16, 3, 285, 1, 3, 6, 21673 }, // U+2026
    { 4, 4, 94, 1, 8, 2, 21679 }, // U+2027
    { 0, 0, 200, 0, 0, 0, 21681 }, // U+2028
    { 0, 0, 200, 0, 0, 0, 21681 }, // U+2029
    { 5, 16, 0, 0, 13, 10, 21681 }, // U+202A
    { 5, 16, 0, -4, 13, 10, 21691 }, // U+202B
    { 5, 18, 0, -2, 15, 12, 21701 }, // U+202C
    { 5, 18, 0, -2, 15, 12, 21713 }, // U+202D
    { 5, 18, 0, -2, 15, 12, 21725 }, // U+202E
    { 0, 0, 55, 0, 0, 0, 21737 }, // U+202F
    { 26, 15, 427, 1, 15, 49, 21737 }, // U+2030
    { 34, 15, 556, 1, 15, 64, 21786 }, // U+2031
    { 7, 6, 101, 0, 15, 6, 21850 }, // U+2032
    { 12, 5, 175, 0, 15, 8, 21856 }, // U+2033
    { 16, 5, 248, 0, 15, 10, 21864 }, // U+2034
    { 6, 6, 141, 1, 15, 5, 21874 }, // U+2035
    { 11, 5, 214, 1, 15, 7, 21879 }, // U+2036
    { 15, 5, 288, 1, 15, 10, 21886 }, // U+2037
    { 9, 7, 136, 0, 2, 8, 21896 }, // U+2038
    { 7, 10, 122, 1, 11, 9, 21904 }, // U+2039
    { 7, 10, 122, 0, 11, 9, 21913 }, // U+203A
    { 16, 15, 283, 1, 15, 30, 21922 }, // U+203B
    { 10, 15, 190, 1, 15, 19, 21952 }, // U+203C
    { 10, 15, 159, 0, 15, 19, 21971 }, // U+203D
    { 11, 3, 167, 0, 19, 5, 21990 }, // U+203E
    { 13, 5, 203, 0, 0, 9, 21995 }, // U+203F
    { 13, 5, 203, 0, 17, 9, 22004 }, // U+2040
    { 9, 14, 141, 0, 9, 16, 22013 }, // U+2041
    { 24, 20, 373, 0, 16, 60, 22029 }, // U+2042
    { 5, 3, 107, 1, 7, 2, 22089 }, // U+2043
    { 11, 15, 43, -4, 15, 21, 22091 }, // U+2044
    { 5, 19, 110, 2, 15, 12, 22112 }, // U+2045
    { 7, 19, 110, 0, 15, 17, 22124 }, // U+2046
    { 21, 15, 316, 0, 15, 40, 22141 }, // U+2047
    { 15, 15, 254, 0, 15, 29, 22181 }, // U+2048
    { 15, 15, 254, 1, 15, 29, 22210 }, // U+2049
    { 10, 12, 196, 1, 12, 15, 22239 }, // U+204A
    { 11, 20, 216, 2, 16, 28, 22254 }, // U+204B
    { 11, 12, 218, 1, 12, 17, 22282 }, // U+204C
    { 11, 12, 218, 2, 12, 17, 22299 }, // U+204D
    { 11, 11, 181, 0, 6, 16, 22316 }, // U+204E
    { 4, 15, 95, 1, 12, 8, 22332 }, // U+204F
    { 13, 22, 200, 0, 17, 36, 22340 }, // U+2050
    { 11, 22, 181, 0, 16, 31, 22376 }, // U+2051
    { 10, 15, 141, 0, 15, 19, 22407 }, // U+2052
    { 21, 5, 333, 0, 9, 14, 22426 }, // U+2053
    { 13, 5, 200, 0, -1, 9, 22440 }, // U+2054
    { 10, 11, 187, 1, 11, 14, 22449 }, // U+2055
    { 10, 15, 193, 1, 15, 19, 22463 }, // U+2056
    { 20, 5, 312, 0, 15, 13, 22482 }, // U+2057
    { 16, 15, 291, 1, 15, 30, 22495 }, // U+2058
    { 16, 15, 291, 1, 15, 30, 22525 }, // U+2059
    { 4, 15, 95, 1, 15, 8, 22555 }, // U+205A
    { 13, 17, 231, 1, 17, 28, 22563 }, // U+205B
    { 16, 17, 284, 1, 16, 34, 22591 }, // U+205C
    { 4, 16, 94, 1, 16, 8, 22625 }, // U+205D
    { 4, 15, 95, 1, 15, 8, 22633 }, // U+205E
    { 0, 0, 74, 0, 0, 0, 22641 }, // U+205F
    { 0, 0, 200, 0, 0, 0, 22641 }, // U+2060
    { 0, 0, 200, 0, 0, 0, 22641 }, // U+2061
    { 0, 0, 200, 0, 0, 0, 22641 }, // U+2062
    { 0, 0, 200, 0, 0, 0, 22641 }, // U+2063
    { 0, 0, 200, 0, 0, 0, 22641 }, // U+2064
    { 0, 0, 0, 0, 0, 0, 22641 }, // U+2066
    { 0, 0, 0, 0, 0, 0, 22641 }, // U+2067
    { 0, 0, 0, 0, 0, 0, 22641 }, // U+2068
    { 0, 0, 0, 0, 0, 0, 22641 }, // U+2069
    { 5, 18, 0, -2, 15, 12, 22641 }, // U+206A
    { 5, 18, 0, -2, 15, 12, 22653 }, // U+206B
    { 5, 18, 0, -2, 15, 12, 22665 }, // U+206C
    { 5, 18, 0, -2, 15, 12, 22677 }, // U+206D
    { 5, 18, 0, -2, 15, 12, 22689 }, // U+206E
    { 5, 18, 0, -2, 15, 12, 22701 }, // U+206F
    { 7, 10, 126, 1, 18, 9, 22713 }, // U+2070
    { 3, 10, 65, 1, 16, 4, 22722 }, // U+2071
    { 7, 10, 127, 1, 18, 9, 22726 }, // U+2074
    { 7, 10, 127, 1, 19, 9, 22735 }, // U+2075
    { 7, 9, 127, 1, 17, 8, 22744 }, // U+2076
    { 7, 10, 127, 1, 19, 9, 22752 }, // U+2077
    { 7, 11, 127, 1, 19, 10, 22761 }, // U+2078
    { 7, 9, 127, 1, 17, 8, 22771 }, // U+2079
    { 6, 6, 120, 1, 15, 5, 22779 }, // U+207A
    { 6, 2, 120, 1, 13, 2, 22784 }, // U+207B
    { 6, 5, 120, 1, 15, 4, 22786 }, // U+207C
    { 4, 12, 81, 1, 19, 6, 22790 }, // U+207D
    { 4, 12, 81, 0, 19, 6, 22796 }, // U+207E
    { 7, 7, 141, 1, 13, 7, 22802 }, // U+207F
    { 7, 10, 127, 1, 7, 9, 22809 }, // U+2080
    { 6, 9, 127, 0, 6, 7, 22818 }, // U+2081
    { 8, 10, 127, 0, 7, 10, 22825 }, // U+2082
    { 8, 9, 127, 0, 6, 9, 22835 }, // U+2083
    { 7, 10, 127, 1, 7, 9, 22844 }, // U+2084
    { 7, 10, 127, 1, 7, 9, 22853 }, // U+2085
    { 7, 9, 127, 1, 6, 8, 22862 }, // U+2086
    { 7, 10, 127, 1, 7, 9, 22870 }, // U+2087
    { 7, 11, 127, 1, 8, 10, 22879 }, // U+2088
    { 7, 11, 127, 1, 8, 10, 22889 }, // U+2089
    { 6, 6, 120, 1, 5, 5, 22899 }, // U+208A
    { 6, 3, 120, 1, 3, 3, 22904 }, // U+208B
    { 6, 5, 120, 1, 4, 4, 22907 }, // U+208C
    { 4, 12, 81, 1, 8, 6, 22911 }, // U+208D
    { 4, 12, 81, 0, 8, 6, 22917 }, // U+208E
    { 7, 7, 130, 1, 5, 7, 22923 }, // U+2090
    { 7, 7, 129, 1, 5, 7, 22930 }, // U+2091
    { 8, 7, 135, 1, 5, 7, 22937 }, // U+2092
    { 8, 7, 125, 0, 5, 7, 22944 }, // U+2093
    { 7, 7, 129, 1, 5, 7, 22951 }, // U+2094
    { 7, 10, 141, 1, 8, 9, 22958 }, // U+2095
    { 8, 10, 132, 1, 8, 10, 22967 }, // U+2096
    { 3, 10, 65, 1, 8, 4, 22977 }, // U+2097
    { 12, 7, 211, 1, 5, 11, 22981 }, // U+2098
    { 7, 7, 141, 1, 5, 7, 22992 }, // U+2099
    { 7, 10, 137, 1, 5, 9, 22999 }, // U+209A
    { 6, 7, 109, 1, 5, 6, 23008 }, // U+209B
    { 6, 9, 91, 1, 7, 7, 23014 }, // U+209C
    { 11, 15, 191, 1, 15, 21, 23021 }, // U+20A0
    { 12, 18, 203, 1, 16, 27, 23042 }, // U+20A1
    { 11, 15, 191, 1, 15, 21, 23069 }, // U+20A2
    { 11, 15, 191, 1, 15, 21, 23090 }, // U+20A3
    { 11, 15, 191, 1, 15, 21, 23111 }, // U+20A4
    { 18, 18, 325, 2, 15, 41, 23132 }, // U+20A5
    { 12, 15, 191, 1, 15, 23, 23173 }, // U+20A6
    { 16, 15, 297, 2, 15, 30, 23196 }, // U+20A7
    { 17, 15, 306, 2, 15, 32, 23226 }, // U+20A8
    { 15, 15, 246, 1, 15, 29, 23258 }, // U+20A9
    { 16, 15, 306, 2, 15, 30, 23287 }, // U+20AA
    { 12, 20, 215, 1, 16, 30, 23317 }, // U+20AB
    { 12, 15, 191, 1, 15, 23, 23347 }, // U+20AC
    { 12, 15, 191, 1, 15, 23, 23370 }, // U+20AD
    { 11, 15, 191, 1, 15, 21, 23393 }, // U+20AE
    { 20, 20, 337, 0, 15, 50, 23414 }, // U+20AF
    { 12, 20, 203, 0, 15, 30, 23464 }, // U+20B0
    { 12, 15, 191, 1, 15, 23, 23494 }, // U+20B1
    { 13, 18, 245, 1, 16, 30, 23517 }, // U+20B2
    { 15, 15, 217, 0, 15, 29, 23547 }, // U+20B3
    { 11, 15, 191, 1, 15, 21, 23576 }, // U+20B4
    { 12, 18, 212, 1, 16, 27, 23597 }, // U+20B5
    { 14, 14, 232, 0, 14, 25, 23624 }, // U+20B6
    { 15, 17, 244, 0, 15, 32, 23649 }, // U+20B7
    { 11, 15, 191, 1, 15, 21, 23681 }, // U+20B8
    { 9, 15, 191, 1, 15, 17, 23702 }, // U+20B9
    { 12, 15, 191, 1, 15, 23, 23719 }, // U+20BA
    { 17, 15, 271, 0, 15, 32, 23742 }, // U+20BB
    { 17, 15, 291, 1, 15, 32, 23774 }, // U+20BC
    { 13, 15, 200, 0, 15, 25, 23806 }, // U+20BD
    { 15, 16, 263, 1, 16, 30, 23831 }, // U+20BE
    { 10, 20, 191, 2, 18, 25, 23861 }, // U+20BF
    { 10, 16, 175, 1, 12, 20, 23886 }, // U+20C0
    { 12, 3, 194, 0, 9, 5, 23906 }, // U+2212
    { 18, 16, 257, 1, 16, 36, 23911 }, // U+FB00
    { 13, 16, 228, 1, 16, 26, 23947 }, // U+FB01
    { 13, 16, 231, 1, 16, 26, 23973 }, // U+FB02
    { 21, 16, 357, 1, 16, 42, 23999 }, // U+FB03
    { 21, 16, 360, 1, 16, 42, 24041 }, // U+FB04
    { 14, 16, 261, 2, 16, 28, 24083 }, // U+FB05
    { 18, 16, 310, 1, 16, 36, 24111 }, // U+FB06
    { 20, 20, 333, 0, 17, 50, 24147 }, // U+FFFD
};

static const EpdUnicodeInterval notosansui_10_boldIntervals[] = {
    { 0x0, 0x0, 0x0 },
    { 0xD, 0xD, 0x1 },
    { 0x20, 0x7E, 0x2 },
    { 0xA0, 0x17F, 0x61 },
    { 0x1A0, 0x1A1, 0x141 },
    { 0x1AF, 0x1B0, 0x143 },
    { 0x1C4, 0x21F, 0x145 },
    { 0x300, 0x36F, 0x1A1 },
    { 0x400, 0x4FF, 0x211 },
    { 0x5D0, 0x5EA, 0x311 },
    { 0x1EA0, 0x1EF9, 0x32C },
    { 0x2000, 0x2064, 0x386 },
    { 0x2066, 0x2071, 0x3EB },
    { 0x2074, 0x208E, 0x3F7 },
    { 0x2090, 0x209C, 0x412 },
    { 0x20A0, 0x20C0, 0x41F },
    { 0x2212, 0x2212, 0x440 },
    { 0xFB00, 0xFB06, 0x441 },
    { 0xFFFD, 0xFFFD, 0x448 },
};

static const uint16_t notosansui_10_boldKernLeftCodepoints[] = {
    0x0022, 0x0026, 0x0027, 0x0028, 0x002C, 0x002D, 0x002E, 0x003A, 0x0041, 0x0042, 0x0043, 0x0044,
    0x0045, 0x0046, 0x004B, 0x004C, 0x004F, 0x0050, 0x0051, 0x0052, 0x0054, 0x0055, 0x0056, 0x0057,
    0x0058, 0x0059, 0x005A, 0x005B, 0x005F, 0x0061, 0x0062, 0x0063, 0x0065, 0x0066, 0x0068, 0x006D,
    0x006E, 0x006F, 0x0070, 0x0072, 0x0074, 0x0076, 0x0077, 0x0078, 0x0079, 0x007B, 0x00A1, 0x00AB,
    0x00BB, 0x00BF, 0x00C0, 0x00C1, 0x00C2, 0x00C3, 0x00C4, 0x00C5, 0x00C6, 0x00C7, 0x00C8, 0x00C9,
    0x00CA, 0x00CB, 0x00D0, 0x00D2, 0x00D3, 0x00D4, 0x00D5, 0x00D6, 0x00D8, 0x00D9, 0x00DA, 0x00DB,
    0x00DC, 0x00DD, 0x00DE, 0x00E0, 0x00E1, 0x00E2, 0x00E3, 0x00E4, 0x00E5, 0x00E6, 0x00E8, 0x00E9,
    0x00EA, 0x00EB, 0x00EE, 0x00EF, 0x00F0, 0x00F2, 0x00F3, 0x00F4, 0x00F5, 0x00F6, 0x00F8, 0x00FD,
    0x00FE, 0x00FF, 0x0100, 0x0101, 0x0102, 0x0103, 0x0104, 0x0105, 0x0106, 0x0108, 0x010A, 0x010C,
    0x010E, 0x010F, 0x0110, 0x0112, 0x0113, 0x0114, 0x0115, 0x0116, 0x0117, 0x0118, 0x0119, 0x011A,
    0x011B, 0x0125, 0x0129, 0x012B, 0x012E, 0x0136, 0x0138, 0x0139, 0x013B, 0x013D, 0x013E, 0x013F,
    0x0141, 0x0144, 0x0146, 0x0149, 0x014B, 0x014C, 0x014D, 0x014E, 0x014F, 0x0150, 0x0151, 0x0152,
    0x0153, 0x0155, 0x0157, 0x0159, 0x0162, 0x0163, 0x0164, 0x0165, 0x0166, 0x0167, 0x0168, 0x016A,
    0x016C, 0x016E, 0x0170, 0x0172, 0x0174, 0x0175, 0x0176, 0x0177, 0x0178, 0x0179, 0x017B, 0x017D,
    0x01A0, 0x01A1, 0x01AF, 0x01B0, 0x01FA, 0x01FB, 0x01FC, 0x01FD, 0x01FE, 0x020B, 0x021A, 0x021B,
    0x0400, 0x0401, 0x0402, 0x0403, 0x0404, 0x0405, 0x0409, 0x040A, 0x040B, 0x040C, 0x040E, 0x0410,
    0x0411, 0x0412, 0x0413, 0x0414, 0x0415, 0x0416, 0x0417, 0x041A, 0x041E, 0x0420, 0x0421, 0x0422,
    0x0423, 0x0424, 0x0425, 0x0426, 0x0429, 0x042A, 0x042C, 0x042D, 0x042E, 0x0430, 0x0431, 0x0432,
    0x0433, 0x0434, 0x0435, 0x0436, 0x0437, 0x0438, 0x0439, 0x043A, 0x043B, 0x043C, 0x043D, 0x043E,
    0x043F, 0x0440, 0x0441, 0x0442, 0x0443, 0x0444, 0x0445, 0x0446, 0x0447, 0x0448, 0x0449, 0x044A,
    0x044B, 0x044C, 0x044D, 0x044E, 0x044F, 0x0450, 0x0451, 0x0452, 0x0453, 0x0454, 0x0455, 0x0457,
    0x0458, 0x0459, 0x045A, 0x045B, 0x045C, 0x045D, 0x045E, 0x045F, 0x0460, 0x0461, 0x0462, 0x0463,
    0x0464, 0x0465, 0x0466, 0x0467, 0x0468, 0x0469, 0x046E, 0x0471, 0x0472, 0x0473, 0x0474, 0x0475,
    0x0476, 0x0477, 0x0478, 0x0479, 0x047A, 0x047B, 0x047C, 0x047D, 0x047E, 0x047F, 0x0480, 0x048A,
    0x048B, 0x048C, 0x048D, 0x048E, 0x048F, 0x0490, 0x0491, 0x0492, 0x0493, 0x0496, 0x0497, 0x0498,
    0x0499, 0x049A, 0x049B, 0x049C, 0x049D, 0x049E, 0x049F, 0x04A0, 0x04A1, 0x04A2, 0x04A3, 0x04A4,
    0x04A5, 0x04A9, 0x04AA, 0x04AB, 0x04AC, 0x04AD, 0x04AE, 0x04AF, 0x04B0, 0x04B1, 0x04B2, 0x04B3,
    0x04B4, 0x04B5, 0x04B6, 0x04B7, 0x04BC, 0x04BD, 0x04BE, 0x04BF, 0x04C1, 0x04C2, 0x04C5, 0x04C6,
    0x04C9, 0x04CA, 0x04CD, 0x04CE, 0x04D0, 0x04D1, 0x04D2, 0x04D3, 0x04D4, 0x04D5, 0x04D6, 0x04D7,
    0x04D8, 0x04D9, 0x04DA, 0x04DB, 0x04DC, 0x04DD, 0x04DE, 0x04DF, 0x04E3, 0x04E5, 0x04E6, 0x04E7,
    0x04E8, 0x04E9, 0x04EA, 0x04EB, 0x04EC, 0x04ED, 0x04EE, 0x04EF, 0x04F0, 0x04F1, 0x04F2, 0x04F3,
    0x04F5, 0x04F6, 0x04F7, 0x04F9, 0x04FA, 0x04FB, 0x04FC, 0x04FD, 0x04FE, 0x04FF, 0x05D0, 0x05D1,
    0x05D2, 0x05D3, 0x05D5, 0x05D6, 0x05D8, 0x05D9, 0x05DB, 0x05DC, 0x05DE, 0x05E0, 0x05E1, 0x05E2,
    0x05E4, 0x05E6, 0x05E8, 0x05E9, 0x05EA, 0x1EA0, 0x1EA1, 0x1EA2, 0x1EA3, 0x1EA4, 0x1EA5, 0x1EA6,
    0x1EA7, 0x1EA8, 0x1EA9, 0x1EAA, 0x1EAB, 0x1EAC, 0x1EAD, 0x1EAE, 0x1EAF, 0x1EB0, 0x1EB1, 0x1EB2,
    0x1EB3, 0x1EB4, 0x1EB5, 0x1EB6, 0x1EB7, 0x1EB8, 0x1EB9, 0x1EBA, 0x1EBB, 0x1EBC, 0x1EBD, 0x1EBE,
    0x1EBF, 0x1EC0, 0x1EC1, 0x1EC2, 0x1EC3, 0x1EC4, 0x1EC5, 0x1EC6, 0x1EC7, 0x1ECC, 0x1ECD, 0x1ECE,
    0x1ECF, 0x1ED0, 0x1ED1, 0x1ED2, 0x1ED3, 0x1ED4, 0x1ED5, 0x1ED6, 0x1ED7, 0x1ED8, 0x1ED9, 0x1EDA,
    0x1EDB, 0x1EDC, 0x1EDD, 0x1EDE, 0x1EDF, 0x1EE0, 0x1EE1, 0x1EE2, 0x1EE3, 0x1EE4, 0x1EE6, 0x1EE8,
    0x1EE9, 0x1EEA, 0x1EEB, 0x1EEC, 0x1EED, 0x1EEE, 0x1EEF, 0x1EF0, 0x1EF1, 0x1EF2, 0x1EF3, 0x1EF4,
    0x1EF5, 0x1EF6, 0x1EF7, 0x1EF8, 0x1EF9, 0x2013, 0x2014, 0x2015, 0x2018, 0x2019, 0x201A, 0x201C,
    0x201D, 0x201E, 0x2039, 0x203A, 0xFB00,
};

static const uint8_t notosansui_10_boldKernLeftClassIds[] = {
      1,   2,   1,   3,   4,   5,   4,   6,   7,   8,   9,  10,  11,  12,   9,  13,
     10,  14,  10,  15,  16,  17,  18,  18,   9,  19,  20,   3,  21,  22,  23,  24,
     23,  25,  22,  22,  22,  23,  23,  26,  24,  27,  27,  28,  27,   3,  29,  30,
     31,  32,   7,   7,   7,   7,   7,   7,  11,   9,  11,  11,  11,  11,  10,  10,
     10,  10,  10,  10,  10,  17,  17,  17,  17,  19,  14,  22,  22,  22,  22,  22,
     22,  23,  23,  23,  23,  23,  33,  33,  23,  23,  23,  23,  23,  23,  23,  27,
     23,  27,   7,  22,   7,  22,  34,  22,   9,   9,   9,   9,  10,  35,  10,  11,
     23,  11,  23,  11,  23,  11,  23,  11,  23,  22,  36,  33,  37,   9,  28,  13,
     13,  13,  35,  13,  13,  22,  22,  22,  22,  10,  23,  10,  23,  10,  23,  11,
     23,  26,  26,  26,  16,  24,  16,  38,  16,  24,  17,  17,  17,  17,  17,  17,
     18,  27,  19,  27,  19,  20,  20,  20,  39,  40,  41,  42,   7,  22,  11,  23,
     10,  33,  16,  24,  43,  43,  44,  45,  46,  47,  48,  48,  44,  49,  50,  51,
     52,  53,  45,  54,  43,  49,  53,  49,  55,  56,  46,  45,  50,  57,  49,  54,
     54,  48,  48,  55,  55,  58,  59,  60,  61,  62,  63,  64,  60,  65,  65,  64,
     65,  65,  65,  63,  65,  63,  66,  61,  67,  63,  64,  62,  65,  65,  62,  68,
     65,  68,  63,  63,  65,  63,  63,  69,  70,  66,  71,  72,  73,  68,  68,  74,
     64,  65,  67,  65,  55,  75,  76,  68,  46,  66,  51,  77,  51,  77,  78,  63,
     55,  63,  50,  75,  50,  75,  67,  67,  55,  63,  55,  63,  55,  75,  46,  54,
     62,  76,  68,  56,  63,  79,  80,  81,  82,  83,  84,  78,  60,  83,  84,  49,
     64,  49,  64,  49,  64,  54,  62,  81,  80,  63,  46,  66,  79,  80,  85,  86,
     85,  86,  83,  84,  54,  62,  54,  62,  87,  88,  87,  88,  49,  64,  54,  62,
     54,  62,  54,  62,  51,  58,  51,  58,  43,  88,  43,  88,  55,  63,  55,  63,
     49,  64,  78,  60,  65,  65,  55,  63,  55,  63,  55,  63,  55,  63,  50,  67,
     50,  67,  50,  67,  65,  79,  80,  65,  81,  82,  83,  84,  49,  84,  89,  90,
     91,  92,  93,  94,  95,  96,  97,  98,  99, 100, 101, 102, 103, 104, 105, 106,
    107,   7,  22,   7,  22,   7,  22,   7,  22,   7,  22,   7,  22,   7,  22,   7,
     22,   7,  22,   7,  22,   7,  22,   7,  22,  11,  23,  11,  23,  11,  23,  11,
     23,  11,  23,  11,  23,  11,  23,  11,  23,  10,  23,  10,  23,  10,  23,  10,
     23,  10,  23,  10,  23,  10,  23,  39,  40,  39,  40,  39,  40,  39,  40,  39,
     40,  17,  17,  41,  42,  41,  42,  41,  42,  41,  42,  41,  42,  19,  27,  19,
     27,  19,  27,  19,  27,   5,   5,   5,   1,   1,   4,   1,   1,   4,  30,  31,
     25,
};

static const uint16_t notosansui_10_boldKernRightCodepoints[] = {
    0x0021, 0x0022, 0x0026, 0x0027, 0x0029, 0x002C, 0x002D, 0x002E, 0x003A, 0x003B, 0x003F, 0x0041,
    0x0043, 0x0047, 0x0049, 0x004A, 0x004F, 0x0051, 0x0054, 0x0055, 0x0056, 0x0057, 0x0058, 0x0059,
    0x005A, 0x005D, 0x0061, 0x0062, 0x0063, 0x0064, 0x0065, 0x0066, 0x0067, 0x0068, 0x006A, 0x006B,
    0x006C, 0x006D, 0x006E, 0x006F, 0x0070, 0x0071, 0x0072, 0x0073, 0x0074, 0x0075, 0x0076, 0x0077,
    0x0078, 0x0079, 0x007A, 0x007D, 0x00AB, 0x00BB, 0x00C0, 0x00C1, 0x00C2, 0x00C3, 0x00C4, 0x00C5,
    0x00C6, 0x00C7, 0x00D2, 0x00D3, 0x00D4, 0x00D5, 0x00D6, 0x00D8, 0x00D9, 0x00DA, 0x00DB, 0x00DC,
    0x00DD, 0x00E0, 0x00E1, 0x00E2, 0x00E3, 0x00E4, 0x00E5, 0x00E6, 0x00E7, 0x00E8, 0x00E9, 0x00EA,
    0x00EB, 0x00F2, 0x00F3, 0x00F4, 0x00F5, 0x00F6, 0x00F8, 0x00F9, 0x00FA, 0x00FB, 0x00FC, 0x00FD,
    0x00FE, 0x00FF, 0x0100, 0x0101, 0x0102, 0x0103, 0x0104, 0x0105, 0x0106, 0x0107, 0x0108, 0x0109,
    0x010A, 0x010B, 0x010C, 0x010D, 0x010F, 0x0111, 0x0113, 0x0115, 0x0117, 0x0119, 0x011B, 0x011C,
    0x011D, 0x011E, 0x011F, 0x0120, 0x0121, 0x0122, 0x0123, 0x0125, 0x0127, 0x0129, 0x0137, 0x0138,
    0x013A, 0x013C, 0x013E, 0x0140, 0x0144, 0x0146, 0x014B, 0x014C, 0x014D, 0x014E, 0x014F, 0x0150,
    0x0151, 0x0152, 0x0153, 0x0155, 0x0157, 0x015B, 0x015F, 0x0162, 0x0163, 0x0164, 0x0165, 0x0166,
    0x0167, 0x0168, 0x0169, 0x016A, 0x016B, 0x016C, 0x016D, 0x016E, 0x016F, 0x0170, 0x0171, 0x0172,
    0x0173, 0x0174, 0x0175, 0x0176, 0x0177, 0x0178, 0x0179, 0x017A, 0x017B, 0x017C, 0x017D, 0x017E,
    0x01A0, 0x01A1, 0x01AF, 0x01B0, 0x01FA, 0x01FB, 0x01FC, 0x01FD, 0x01FE, 0x01FF, 0x0219, 0x021A,
    0x021B, 0x0402, 0x0404, 0x0405, 0x0408, 0x0409, 0x040B, 0x040E, 0x0410, 0x0414, 0x0416, 0x0417,
    0x041B, 0x041E, 0x0421, 0x0422, 0x0423, 0x0424, 0x0425, 0x0427, 0x042A, 0x042D, 0x042F, 0x0430,
    0x0431, 0x0432, 0x0433, 0x0434, 0x0435, 0x0436, 0x0437, 0x0438, 0x0439, 0x043A, 0x043B, 0x043C,
    0x043D, 0x043E, 0x043F, 0x0440, 0x0441, 0x0442, 0x0443, 0x0444, 0x0445, 0x0446, 0x0447, 0x0448,
    0x0449, 0x044A, 0x044B, 0x044C, 0x044D, 0x044E, 0x044F, 0x0450, 0x0451, 0x0452, 0x0453, 0x0454,
    0x0455, 0x0457, 0x0458, 0x0459, 0x045A, 0x045B, 0x045C, 0x045D, 0x045E, 0x045F, 0x0460, 0x0461,
    0x0462, 0x0465, 0x0466, 0x0467, 0x0469, 0x046D, 0x046E, 0x0470, 0x0472, 0x0473, 0x0474, 0x0475,
    0x0476, 0x0477, 0x0478, 0x0479, 0x047A, 0x047B, 0x047C, 0x047D, 0x047E, 0x047F, 0x0480, 0x0481,
    0x048B, 0x048C, 0x048D, 0x048F, 0x0491, 0x0492, 0x0495, 0x0496, 0x0497, 0x0498, 0x0499, 0x049B,
    0x049D, 0x049F, 0x04A0, 0x04A1, 0x04A3, 0x04A5, 0x04A7, 0x04A8, 0x04A9, 0x04AA, 0x04AB, 0x04AC,
    0x04AD, 0x04AE, 0x04AF, 0x04B0, 0x04B1, 0x04B2, 0x04B3, 0x04B4, 0x04B5, 0x04B6, 0x04B7, 0x04B8,
    0x04B9, 0x04BB, 0x04BC, 0x04BD, 0x04BE, 0x04BF, 0x04C1, 0x04C2, 0x04C4, 0x04C5, 0x04C6, 0x04C8,
    0x04CA, 0x04CB, 0x04CC, 0x04CE, 0x04D0, 0x04D1, 0x04D2, 0x04D3, 0x04D4, 0x04D5, 0x04D7, 0x04D8,
    0x04D9, 0x04DA, 0x04DB, 0x04DC, 0x04DD, 0x04DE, 0x04DF, 0x04E3, 0x04E5, 0x04E6, 0x04E7, 0x04E8,
    0x04E9, 0x04EA, 0x04EB, 0x04EC, 0x04ED, 0x04EE, 0x04EF, 0x04F0, 0x04F1, 0x04F2, 0x04F3, 0x04F4,
    0x04F5, 0x04F7, 0x04F9, 0x04FA, 0x04FC, 0x04FD, 0x04FE, 0x04FF, 0x05D0, 0x05D1, 0x05D2, 0x05D3,
    0x05D4, 0x05D6, 0x05D7, 0x05D8, 0x05D9, 0x05DA, 0x05DB, 0x05DC, 0x05DD, 0x05DE, 0x05E1, 0x05E2,
    0x05E3, 0x05E4, 0x05E5, 0x05E7, 0x05E8, 0x05E9, 0x05EA, 0x1EA0, 0x1EA1, 0x1EA2, 0x1EA3, 0x1EA4,
    0x1EA5, 0x1EA6, 0x1EA7, 0x1EA8, 0x1EA9, 0x1EAA, 0x1EAB, 0x1EAC, 0x1EAD, 0x1EAE, 0x1EAF, 0x1EB0,
    0x1EB1, 0x1EB2, 0x1EB3, 0x1EB4, 0x1EB5, 0x1EB6, 0x1EB7, 0x1EB9, 0x1EBB, 0x1EBD, 0x1EBF, 0x1EC1,
    0x1EC3, 0x1EC5, 0x1EC7, 0x1ECC, 0x1ECD, 0x1ECE, 0x1ECF, 0x1ED0, 0x1ED1, 0x1ED2, 0x1ED3, 0x1ED4,
    0x1ED5, 0x1ED6, 0x1ED7, 0x1ED8, 0x1ED9, 0x1EDA, 0x1EDB, 0x1EDC, 0x1EDD, 0x1EDE, 0x1EDF, 0x1EE0,
    0x1EE1, 0x1EE2, 0x1EE3, 0x1EE4, 0x1EE5, 0x1EE6, 0x1EE7, 0x1EE8, 0x1EE9, 0x1EEA, 0x1EEB, 0x1EEC,
    0x1EED, 0x1EEE, 0x1EEF, 0x1EF0, 0x1EF1, 0x1EF2, 0x1EF4, 0x1EF5, 0x1EF6, 0x1EF7, 0x1EF8, 0x1EF9,
    0x2013, 0x2014, 0x2015, 0x2018, 0x2019, 0x201A, 0x201C, 0x201D, 0x201E, 0x2026, 0x2039, 0x203A,
    0xFB00, 0xFB01, 0xFB02, 0xFB03, 0xFB04,
};

static const uint8_t notosansui_10_boldKernRightClassIds[] = {
      1,   2,   3,   2,   4,   5,   6,   5,   7,   7,   8,   9,  10,  10,  11,  12,
     10,  10,  13,  14,  15,  15,  16,  17,  18,   4,  19,  20,  21,  21,  21,  22,
     23,  20,  24,  20,  20,  25,  25,  21,  25,  21,  25,  26,  22,  25,  27,  27,
     27,  27,  28,   4,  29,  30,   9,   9,   9,   9,   9,   9,  31,  10,  10,  10,
     10,  10,  10,  10,  14,  14,  14,  14,  17,  21,  19,  19,  19,  19,  19,  19,
     21,  21,  21,  21,  21,  21,  21,  21,  21,  21,  21,  25,  25,  25,  25,  27,
     20,  27,   9,  19,   9,  19,   9,  19,  10,  21,  10,  21,  10,  21,  10,  21,
     21,  21,  21,  21,  21,  21,  21,  10,  23,  10,  23,  10,  23,  10,  23,  20,
     32,  33,  20,  25,  20,  20,  20,  20,  25,  25,  25,  10,  21,  10,  21,  10,
     21,  10,  21,  25,  25,  26,  26,  13,  22,  13,  22,  13,  22,  14,  25,  14,
     25,  14,  25,  14,  25,  14,  25,  14,  25,  15,  27,  17,  27,  17,  18,  28,
     18,  28,  18,  28,  10,  21,  14,  25,   9,  19,  31,  19,  10,  21,  26,  13,
     22,  34,  35,  36,  37,  38,  34,  39,  40,  41,  42,  43,  38,  35,  35,  34,
     39,  44,  42,  45,  34,  43,  46,  47,  48,  49,  49,  50,  51,  52,  53,  49,
     49,  49,  54,  49,  49,  51,  49,  49,  51,  55,  56,  51,  52,  49,  57,  49,
     49,  55,  49,  49,  53,  49,  58,  51,  51,  59,  49,  51,  60,  61,  62,  54,
     49,  59,  49,  49,  56,  49,  63,  64,  65,  66,  40,  50,  66,  66,  43,  45,
     63,  47,  67,  64,  67,  64,  63,  47,  63,  47,  63,  47,  63,  64,  63,  47,
     66,  65,  59,  66,  66,  65,  66,  42,  52,  43,  53,  66,  66,  59,  68,  55,
     66,  66,  66,  63,  47,  63,  47,  34,  55,  69,  70,  69,  70,  42,  52,  68,
     55,  45,  57,  45,  57,  66,  71,  72,  71,  72,  42,  52,  66,  73,  50,  66,
     66,  45,  57,  66,  40,  74,  40,  74,  40,  74,  47,  75,  74,  75,  74,  42,
     52,  43,  53,  49,  49,  63,  47,  63,  47,  63,  47,  43,  53,  39,  56,  39,
     56,  39,  56,  45,  57,  66,  49,  65,  42,  52,  42,  52,  76,  77,  78,  79,
     80,  81,  82,  83,  84,  85,  86,  87,  88,  89,  90,  91,  92,  93,  94,  95,
     96,  97,  98,   9,  19,   9,  19,   9,  19,   9,  19,   9,  19,   9,  19,   9,
     19,   9,  19,   9,  19,   9,  19,   9,  19,   9,  19,  21,  21,  21,  21,  21,
     21,  21,  21,  10,  21,  10,  21,  10,  21,  10,  21,  10,  21,  10,  21,  10,
     21,  10,  21,  10,  21,  10,  21,  10,  21,  10,  21,  14,  25,  14,  25,  14,
     25,  14,  25,  14,  25,  14,  25,  14,  25,  17,  17,  27,  17,  27,  17,  27,
      6,   6,   6,  99,   2,   5,  99,   2,   5,   5,  29,  30,  22,  22,  22,  22,
     22,
};

static const uint16_t notosansui_10_boldKernRowOffsets[] = {
        0,    29,    32,    37,    54,    61,    66,    72,    73,    75,    82,    83,    87,    93,   100,   101,
      117,   119,   130,   143,   145,   146,   147,   150,   151,   154,   159,   162,   163,   167,   173,   182,
      186,   187,   193,   200,   202,   203,   208,   214,   217,   227,   230,   231,   244,   269,   275,   277,
      288,   303,   332,   351,   353,   357,   369,   385,   402,   420,   426,   438,   446,   457,   469,   481,
      493,   495,   499,   511,   529,   535,   549,   553,   557,   559,   564,   566,   573,   581,   584,   609,
      616,   632,   635,   640,   642,   654,   656,   659,   662,   668,   673,   680,   691,   697,   698,   707,
      718,   724,   734,   739,   742,   749,   751,   758,   765,   775,   782,   792,
};

static const uint8_t notosansui_10_boldKernSparseCols[] = {
      8,  12,  14,  16,  18,  20,  22,  24,  25,  30,  32,  33,  37,  38,  39,  40,
     41,  43,  46,  49,  52,  53,  54,  55,  58,  60,  67,  72,  73,  12,  14,  16,
     11,  23,  36,  43,  61,   9,  12,  13,  14,  16,  33,  36,  38,  43,  44,  54,
     56,  62,  66,  67,  68,  70,  12,  33,  38,  41,  51,  54,  67,  33,  41,  43,
     44,  56,   1,   9,  11,  12,  14,  16,   4,   9,  28,   4,   8,  12,  14,  15,
     16,  17,  11,   3,   4,   7,   8,   1,   9,  12,  13,  14,  16,   2,   4,   8,
     15,  17,  28,  30,  28,   2,   4,   5,   7,   8,   9,  12,  18,  20,  22,  24,
     25,  26,  27,  28,  29,   4,   8,   4,   7,   8,   9,  18,  20,  22,  24,  25,
     28,  29,   2,   4,   7,   8,   9,  18,  20,  22,  24,  25,  27,  28,  29,   9,
     28,  11,   1,   1,  26,  27,   1,   1,   3,   4,   1,   4,  18,  20,  22,   1,
      4,   7,  20,  11,  12,  14,  16,  12,  14,  16,  33,  39,  67,  12,  14,  15,
     16,  33,  38,  41,  44,  67,  11,  12,  14,  16,   3,   1,   9,  11,  12,  14,
     16,   0,   1,   3,   7,  19,  31,  98,   3,  32,  11,   0,   1,   3,   7,  98,
      8,  10,  12,  14,  15,  16,  19,  21,  26,   8,   9,  10,  12,  14,  15,  16,
     18,  20,  22,  19,  21,  26,  36,   1,  33,  38,  44,  54,  55,  56,  64,  66,
     67,  68,  69,  98,   1,   4,   5,   6,  29,  33,  34,  37,  39,  40,  43,  46,
     47,  48,  49,  50,  51,  52,  53,  54,  55,  56,  57,  59,  67,  28,  34,  43,
     56,  62,  70,   4,  43,   1,   4,  33,  38,  44,  51,  54,  55,  57,  67,  98,
      1,   5,   6,  28,  34,  43,  44,  46,  47,  50,  54,  55,  56,  62,  70,   1,
      4,   5,   6,  28,  29,  34,  35,  37,  39,  40,  43,  45,  46,  47,  48,  49,
     50,  51,  52,  53,  56,  57,  58,  59,  62,  70,  71,  72,   1,  29,  33,  34,
     36,  38,  43,  44,  50,  54,  55,  56,  64,  66,  67,  68,  70,  74,  98,  51,
     55,   3,  51,  56,  57,   4,  36,  37,  40,  43,  44,  49,  53,  54,  55,  56,
     61,   4,  33,  37,  38,  39,  40,  41,  42,  49,  51,  53,  57,  66,  67,  68,
     72,   4,   5,   6,  28,  29,  37,  38,  39,  40,  41,  43,  46,  49,  50,  53,
     57,  72,   1,   3,   4,   6,  33,  35,  37,  38,  39,  40,  41,  42,  45,  49,
     51,  53,  57,  67,   1,  33,  38,  51,  54,  55,   1,  33,  38,  39,  41,  45,
     49,  51,  54,  55,  56,  57,   3,  33,  38,  41,  45,  51,  54,  55,   1,   4,
      5,  37,  39,  40,  41,  49,  50,  53,  98,   1,   4,  33,  36,  37,  40,  44,
     49,  53,  54,  56,  61,   1,  33,  38,  39,  41,  45,  49,  51,  54,  55,  56,
     57,   5,  33,  34,  38,  43,  44,  46,  50,  56,  57,  71,  98,  33,  58,   1,
     33,  50,  57,   1,   4,  37,  39,  40,  41,  46,  49,  50,  53,  57,  98,   1,
      6,  33,  38,  39,  41,  43,  44,  45,  51,  54,  55,  56,  57,  63,  69,  71,
     98,   1,  33,  36,  54,  55,  61,   1,   4,   5,  37,  38,  39,  40,  41,  49,
     50,  53,  58,  60,  98,  33,  38,  45,  57,   1,  33,  58,  60,  36,  61,   1,
     33,  36,  54,  55,   4,  49,   1,  33,  44,  54,  66,  67,  68,   1,  46,  54,
     55,  56,  63,  69,  71,   4,  66,  68,   4,   5,  28,  29,  33,  34,  37,  39,
     40,  43,  46,  49,  51,  52,  54,  55,  56,  62,  63,  65,  69,  70,  71,  72,
     73,   4,   5,  39,  46,  49,  50,  53,   4,   5,  33,  39,  46,  49,  51,  52,
     56,  58,  62,  65,  67,  70,  71,  72,   4,  46,  49,  54,  56,  62,  70,  71,
     46,  56,   4,  39,  46,  49,  56,  58,  62,  65,  71,  72,  73,  74,   4,  49,
     33,  66,  68,   1,  51,  55,  83,  85,  86,  92,  94,  96,  78,  84,  89,  92,
     95,  76,  82,  83,  85,  86,  88,  92,  76,  79,  82,  84,  85,  87,  88,  89,
     91,  92,  95,  76,  82,  87,  89,  92,  95,  76,  78,  82,  84,  85,  91,  92,
     93,  94,  95,  76,  79,  81,  82,  85,  87,  88,  89,  92,  95,  97,  82,  85,
     88,  89,  91,  92,  76,  77,  82,  84,  85,  89,  91,  92,  96,  97,  85,  87,
     88,  89,  92,  82,  83,  85,  82,  84,  86,  89,  91,  92,  95,  82,  89,  84,
     85,  86,  89,  91,  92,  96,  75,  76,  78,  83,  87,  89,  92,  76,  82,  84,
     85,  88,  89,  91,  92,  95,  97,  76,  82,  85,  87,  89,  92,  95,  78,  80,
     83,  85,  86,  88,  89,  90,  92,  96,
};

static const int8_t notosansui_10_boldKernSparseValues[] = {
     -23,    7,    7,    3,  -13,  -20,  -10,  -10,  -10,  -27,   23,    7,  -10,    7,  -23,  -20,
       7,   -3,  -13,  -23,    7,  -17,   10,    7,   10,   10,    7,  -20,   -7,  -20,   -7,  -10,
      30,   13,   33,  -10,   20,  -17,  -23,   -7,  -20,  -20,  -17,   20,   -7,  -13,  -27,  -13,
     -20,  -17,  -20,  -23,  -20,  -20,  -13,  -13,   -7,   -3,   -3,   -7,  -13,   -4,   -1,   -1,
      -1,   -1,  -23,   -7,   17,  -23,  -13,  -20,   -3,   -7,   -7,  -13,   -7,  -10,   -3,   -7,
      -3,   -3,   20,    7,  -20,    7,   -7,  -27,   -7,   -7,   -3,   -7,  -10,   -3,  -43,  -17,
      -7,   -3,   -7,  -10,   -3,   -7,  -20,  -13,    7,  -23,   -7,    7,  -27,  -23,  -23,  -17,
     -20,   -7,  -13,  -20,  -10,   -7,   -3,  -17,    7,  -13,   -3,   -7,   -7,   -3,   -3,   -3,
     -10,   -3,  -10,  -20,    7,  -20,   -7,  -17,  -17,  -17,  -10,  -13,   -7,  -27,  -10,   -3,
      -7,   32,   -3,   -3,   -7,   -3,    7,   20,   13,   -7,   13,  -53,   -7,   -7,   -3,   13,
     -13,    7,   -7,   17,   -7,   -3,  -10,  -10,   -3,  -10,  -10,   -3,   -3,  -20,  -10,   -7,
     -27,  -20,   -7,   -7,   -7,  -13,   33,  -13,  -10,  -13,   17,  -23,   -7,   37,  -23,  -13,
     -20,   39,   35,   48,   44,   10,   23,   31,   17,   39,   17,   44,   45,   54,   47,   31,
      -7,    7,   20,   23,   17,   20,    7,   13,   17,  -10,   -3,    7,   23,   23,   17,   20,
     -10,   -7,   -7,    7,   17,   17,   17,  -23,  -17,   -7,  -10,   -7,   -7,   -7,   -7,  -13,
     -20,  -17,   -7,  -10,    7,  -17,  -13,  -10,  -10,    7,   -7,   -8,  -23,   -8,  -12,  -13,
      -7,  -10,  -13,  -13,   -3,   -3,  -10,   -3,   -3,  -10,  -13,   -7,    3,   -7,   -7,  -10,
      -7,   -7,   -7,   -7,   -3,  -30,   -3,  -20,   -7,  -10,   -7,   -7,   -7,   -7,  -10,  -20,
       7,   -3,   -3,   -7,   -7,  -13,   -3,   -3,   -7,   -7,   -3,   -3,   -7,   -7,  -17,    7,
     -23,   -7,   -3,  -17,   -7,  -13,   -7,  -26,  -40,  -35,  -10,  -12,  -17,  -13,   -3,  -31,
     -24,  -10,   -7,  -17,   -7,  -17,   17,  -10,   -3,   -7,  -10,  -17,  -23,   -3,  -23,   -7,
      17,   -6,  -12,  -20,   -3,  -10,   -7,  -10,   -7,  -13,  -17,  -20,  -17,   -3,  -13,   -3,
      -3,   -3,   -3,   -5,   -3,   10,   30,   10,   13,   -3,   -8,   10,   10,   -3,   10,   -7,
      23,  -13,   -7,   -3,  -13,   -7,   -3,   -7,   -3,   -3,   -5,   -3,   -3,   -3,   -3,   -3,
      -7,  -43,   -3,   -3,   -7,   -3,  -20,   -7,  -17,  -20,   -7,   -3,   -8,  -17,   -3,  -13,
      -3,  -20,   -3,   -4,  -13,   -3,  -12,   -3,   -6,  -10,  -12,  -10,  -13,  -10,   -3,   -8,
      -5,   -5,   -3,   -7,   -3,  -13,  -11,   -7,   -3,   -3,   -2,  -20,  -12,   -3,  -10,   -7,
      -3,   -7,   -3,  -10,   -3,   -3,   -1,  -10,   -3,   -3,   -3,   -7,   -3,   -3,   10,  -13,
      -7,   -7,  -10,  -10,   -3,  -13,   -3,  -10,   13,   -3,    7,  -10,   33,    7,   10,   -5,
       7,    8,   -5,  -10,   20,   -2,  -13,  -12,   -3,   -7,   -7,   -3,   -7,   -3,  -10,   -3,
      -3,   -3,   -3,   -5,   -3,   -5,   -3,   -7,   -7,   -7,   -3,   -7,   10,  -10,   -1,    7,
      -7,   -3,   -3,    7,  -13,   -7,   -7,  -10,   -3,   -3,  -17,  -10,  -17,  -10,   13,  -27,
      -3,  -20,   -7,   -3,   -3,   -3,  -23,   -7,   -7,  -20,  -15,  -13,   -7,   -7,  -10,   -7,
     -10,   -3,  -13,   27,  -10,  -17,    7,   10,  -13,   -7,   -7,    8,  -10,  -10,   -3,  -13,
      -3,  -10,    8,    8,   13,   -7,  -10,   -3,   -7,   10,    7,   14,    5,   10,    7,   -3,
     -13,   13,  -10,  -17,  -13,   -7,  -13,  -13,  -13,   -7,  -10,   -7,  -10,  -23,   -7,  -17,
     -10,  -10,   -7,   -7,   -7,  -13,   -3,   -3,  -20,  -13,  -20,  -10,    7,   -7,  -13,  -23,
     -17,  -10,  -23,  -20,   -7,   -7,  -13,  -13,  -17,   -7,   -7,  -17,  -13,  -17,  -23,  -17,
     -27,  -17,   -7,  -10,   -3,  -13,   -3,  -10,  -17,   -7,    7,  -20,  -13,  -17,   -7,   -7,
     -17,    7,   -7,  -10,    7,   -7,  -10,  -13,  -10,   -7,  -10,   -7,  -17,   -7,  -17,   -7,
      -3,   -3,  -20,  -20,  -17,  -17,  -13,    7,   -7,  -10,  -13,  -13,  -13,   -3,  -13,   -3,
      -7,   -3,   -3,   -3,   -7,   -3,   -7,   -4,   -1,   -7,   -3,   -7,   -2,   -2,   -8,   -8,
      -3,    3,   -2,   -8,   -2,   -4,   -5,   -3,  -13,   -7,   -2,  -17,  -11,   -3,   -2,   -8,
     -17,  -11,  -11,   -4,   -4,   -3,   -5,   -7,   -7,   -2,   -2,   -7,  -12,   -1,   -7,   -5,
      -2,   -2,   -2,  -20,   -7,   -5,   -5,   -5,  -10,   -5,   -5,   -7,   -7,   -7,   -2,   -2,
      -4,   -4,   -7,   -7,  -13,   -2,   -2,  -10,   -7,   -2,  -15,   -4,    3,   -1,   -7,   -2,
      -7,   -8,   -9,   -4,   -6,   -3,   -2,  -10,   -2,   -2,   -4,   -2,   -7,   -5,   -3,   -5,
      -7,   -5,   -5,  -12,   -2,   -5,   -2,   -3,   -2,   -7,   -3,   -8,   -7,  -13,   -7,  -10,
      -2,   -5,   -7,  -10,   -7,   -7,   -8,   -9,   -2,   -9,   -5,   -7,   -5,   -5,  -16,  -17,
      -6,   -2,   -2,  -12,  -13,  -13,   -3,   -7,
};

static const EpdLigaturePair notosansui_10_boldLigaturePairs[] = {
    { 0x00660066, 0xFB00 }, // f f -> U+FB00
    { 0x00660069, 0xFB01 }, // f i -> U+FB01
    { 0x0066006C, 0xFB02 }, // f l -> U+FB02
    { 0xFB000069, 0xFB03 }, // U+FB00 i -> U+FB03
    { 0xFB00006C, 0xFB04 }, // U+FB00 l -> U+FB04
};

static const EpdFontData notosansui_10_bold = {
    notosansui_10_boldBitmaps,
    notosansui_10_boldGlyphs,
    notosansui_10_boldIntervals,
    19,
    28,
    23,
    -7,
    false,
    nullptr,
    0,
    nullptr,
    nullptr,  // kernLeftClasses: built-in fonts use the split arrays below
    nullptr,  // kernRightClasses
    notosansui_10_boldKernLeftCodepoints,
    notosansui_10_boldKernLeftClassIds,
    notosansui_10_boldKernRightCodepoints,
    notosansui_10_boldKernRightClassIds,
    nullptr,  // kernMatrix: built-in fonts use the sparse form below
    notosansui_10_boldKernRowOffsets,
    notosansui_10_boldKernSparseCols,
    notosansui_10_boldKernSparseValues,
    497,
    497,
    107,
    99,
    notosansui_10_boldLigaturePairs,
    5,
};
