/**
 * generated by fontconvert.py
 * name: notoserif_12_italic
 * size: 12
 * mode: 2-bit  compressed: true
 * Command used: fontconvert.py notoserif_12_italic 12 ../builtinFonts/source/NotoSerif/NotoSerif-Italic.ttf --2bit --compress --pnum --force-autohint --zopfli
 */
#pragma once
#include "EpdFontData.h"

static const uint8_t notoserif_12_italicBitmaps[28951] = {
    0x95, 0x98, 0x01, 0x84, 0x25, 0x5B, 0x7E, 0xFF, 0x3F, 0xA7, 0xCE, 0xDB, 0xA9, 0xDD, 0xAD, 0xED,
    0x3E, 0x83, 0x7D, 0xF6, 0xEF, 0x3F, 0xD3, 0x73, 0x16, 0xC1, 0x43, 0x4F, 0xD7, 0x8A, 0x89, 0xDC,
    0x70, 0xAB, 0xEA, 0x24, 0x8F, 0x40, 0x90, 0xC1, 0xCE, 0xDB, 0x30, 0xE8, 0x05, 0x04, 0xA2, 0x1B,
    0x13, 0x3A, 0x54, 0xF7, 0x3D, 0x2C, 0x80, 0x30, 0xC8, 0x26, 0x08, 0xB2, 0x58, 0x00, 0xD2, 0x91,
    0x09, 0x4D, 0x6A, 0xA6, 0x8F, 0x37, 0x58, 0x24, 0xD9, 0xD4, 0xEE, 0xEE, 0xCB, 0x62, 0x25, 0x6A,
    0x77, 0x67, 0x6C, 0x48, 0x62, 0x4F, 0x36, 0x35, 0x52, 0xE3, 0x55, 0x77, 0xA5, 0x7E, 0xF3, 0xAE,
    0xB9, 0x7A, 0xCC, 0x13, 0xA9, 0x7B, 0x7E, 0xDF, 0xDB, 0xB7, 0xEF, 0x3D, 0xDF, 0xDF, 0xF7, 0x77,
    0xCE, 0xEF, 0xFC, 0x7E, 0xB7, 0x2E, 0x23, 0x83, 0x8A, 0x49, 0x4C, 0x3A, 0xDD, 0xEA, 0xA0, 0x43,
    0xEA, 0x53, 0x97, 0x91, 0xB1, 0x0D, 0x40, 0xC1, 0x09, 0x4B, 0x8E, 0x73, 0xEA, 0x3D, 0x8E, 0x6E,
    0xF3, 0x68, 0xC9, 0xE9, 0x82, 0x6F, 0xDD, 0x81, 0x2C, 0x09, 0x6C, 0x6B, 0xCF, 0x4E, 0x0A, 0xBB,
    0x19, 0x66, 0x9A, 0xE2, 0x67, 0xFE, 0xE6, 0x0F, 0xEE, 0x72, 0xBA, 0x0B, 0xDD, 0x02, 0xDA, 0x3B,
    0xA8, 0x70, 0x48, 0x12, 0x4E, 0x59, 0x4D, 0x93, 0xFB, 0xD2, 0xBD, 0x8F, 0x48, 0x55, 0x78, 0x3D,
    0x6D, 0x4B, 0x3B, 0x6E, 0x66, 0x00, 0x5F, 0x01, 0x0E, 0xE1, 0xC6, 0x25, 0x3C, 0xFE, 0x71, 0x50,
    0xF1, 0x69, 0x9B, 0xFC, 0xE4, 0x69, 0x48, 0x7E, 0x12, 0x48, 0x7E, 0xE9, 0x51, 0x93, 0x83, 0x73,
    0x0F, 0xB6, 0x87, 0xEC, 0x02, 0x3E, 0x5F, 0xF1, 0xDE, 0x56, 0xCE, 0xD1, 0x17, 0x2C, 0xF5, 0xCD,
    0x3D, 0xAA, 0xF7, 0x1A, 0xCC, 0xD4, 0xA1, 0xFE, 0x68, 0x43, 0xC5, 0x5D, 0x50, 0x97, 0x24, 0x81,
    0xF4, 0xC7, 0x73, 0x30, 0x18, 0x1D, 0xB6, 0xE1, 0xB6, 0x0E, 0xBB, 0xB0, 0xD4, 0xE1, 0x01, 0x82,
    0x1D, 0x1C, 0xA5, 0x4F, 0xC3, 0x8C, 0xD9, 0xEF, 0xFC, 0xD6, 0xC0, 0xC2, 0x6C, 0xDF, 0xBA, 0xC5,
    0xB2, 0x58, 0x2E, 0x0D, 0xB6, 0x3F, 0x7D, 0x64, 0x40, 0x75, 0xD1, 0x38, 0x74, 0x88, 0x06, 0x32,
    0xD5, 0x59, 0xD8, 0x51, 0xDD, 0x6D, 0x58, 0x12, 0x97, 0x10, 0x79, 0x11, 0x51, 0x2D, 0xB9, 0x87,
    0x64, 0xF2, 0x60, 0xFE, 0x2C, 0x42, 0x49, 0x0F, 0x05, 0x02, 0xC8, 0x4B, 0xD5, 0x81, 0xFD, 0xBC,
    0x03, 0xDB, 0x99, 0x41, 0x4D, 0x9D, 0x79, 0x98, 0x7D, 0xBF, 0xBF, 0x85, 0x75, 0xE3, 0x2E, 0x25,
    0xE5, 0x82, 0x02, 0x1B, 0x67, 0xC8, 0x3A, 0x4A, 0x74, 0x24, 0xC7, 0x0C, 0x98, 0x8F, 0x9A, 0x27,
    0x4E, 0x4D, 0x0F, 0xAB, 0xB6, 0xAE, 0x1F, 0x9D, 0x9E, 0xB6, 0xE0, 0x48, 0x03, 0x7B, 0x70, 0x46,
    0x12, 0xE5, 0x4F, 0xE3, 0xB1, 0x50, 0x41, 0x01, 0x35, 0x34, 0x30, 0xC2, 0x20, 0x83, 0x5E, 0x06,
    0x8F, 0xE0, 0x0C, 0x96, 0x70, 0x1B, 0x0C, 0x24, 0x1E, 0x00, 0xE0, 0x3D, 0x30, 0x90, 0x7A, 0x74,
    0x20, 0x69, 0x51, 0x1D, 0x2A, 0xCA, 0x48, 0x64, 0xA0, 0x3B, 0x64, 0xB4, 0x64, 0xE2, 0x03, 0xE3,
    0xC8, 0xA1, 0x80, 0x81, 0xA4, 0x23, 0xF3, 0x14, 0x70, 0x1D, 0xF8, 0x0C, 0xEF, 0x18, 0xCC, 0x36,
    0xD9, 0xDF, 0xFF, 0x3F, 0x2E, 0x2F, 0xFE, 0xFF, 0xF9, 0x9F, 0x54, 0x7F, 0xE9, 0xBF, 0xF8, 0x6B,
    0x3D, 0x0F, 0x1E, 0x88, 0xE3, 0xEB, 0xB0, 0xB8, 0x32, 0x56, 0xD3, 0xC5, 0xBB, 0xC7, 0x5F, 0x65,
    0xF3, 0x1F, 0x2C, 0xB9, 0xB7, 0x41, 0xFB, 0x94, 0x1D, 0xBE, 0x05, 0xC0, 0x6A, 0x7C, 0xF7, 0xEE,
    0xDE, 0xAA, 0x80, 0xD4, 0x41, 0x06, 0x6C, 0x01, 0xBB, 0xC0, 0x1D, 0xE0, 0x14, 0xE8, 0x40, 0x05,
    0xD0, 0x1E, 0x52, 0x60, 0x1B, 0xD8, 0x01, 0x96, 0x9B, 0x8F, 0xD0, 0x42, 0xB2, 0xFE, 0x48, 0x06,
    0x6C, 0x03, 0x37, 0x81, 0x05, 0xF0, 0x65, 0x80, 0xBC, 0x43, 0xBD, 0x68, 0xD0, 0x61, 0x0F, 0xE3,
    0x2C, 0x16, 0x43, 0x89, 0x61, 0x89, 0xA1, 0xC6, 0xD2, 0x60, 0x19, 0xC8, 0x67, 0xDB, 0xA3, 0xA7,
    0xA0, 0x67, 0x49, 0xCF, 0x19, 0x67, 0x44, 0xEA, 0xA4, 0x25, 0xBF, 0xEF, 0x48, 0x07, 0x80, 0x9E,
    0x2C, 0x72, 0x12, 0xF5, 0xCF, 0x3A, 0xF5, 0x7E, 0x4B, 0x3A, 0x8F, 0xB0, 0x59, 0x31, 0x0B, 0x39,
    0x54, 0x50, 0xAE, 0xB7, 0x47, 0x5D, 0xBA, 0x6A, 0x8A, 0x64, 0x97, 0xF0, 0x64, 0x3F, 0xD0, 0xEB,
    0x4E, 0x45, 0xDD, 0xD1, 0xCE, 0x86, 0x6E, 0x21, 0xF5, 0x60, 0x80, 0x25, 0x70, 0x0A, 0x3A, 0x80,
    0x59, 0xCB, 0xEE, 0xE4, 0x5D, 0xCD, 0x0E, 0x86, 0x6A, 0x9A, 0x58, 0x4D, 0x97, 0x08, 0x0F, 0x27,
    0xF7, 0x5B, 0x06, 0x1D, 0x89, 0x49, 0xE4, 0x5B, 0x3A, 0x0A, 0x0F, 0xE2, 0x9E, 0x13, 0xB0, 0x11,
    0xD4, 0x63, 0x20, 0x77, 0x60, 0xBC, 0xD8, 0x3B, 0xB3, 0x2D, 0xB1, 0x14, 0x94, 0xE4, 0x7F, 0x3A,
    0x90, 0x4E, 0x1E, 0x44, 0x37, 0x26, 0x40, 0x15, 0xE0, 0xE3, 0x40, 0xF2, 0x8F, 0x9E, 0xEC, 0x77,
    0x1D, 0x3B, 0x16, 0x16, 0x39, 0x74, 0x7B, 0xE8, 0x50, 0x92, 0x51, 0x70, 0x9B, 0x5A, 0xFC, 0x47,
    0x18, 0x80, 0x5E, 0x0C, 0xD2, 0x97, 0x70, 0x3E, 0x39, 0xAA, 0x29, 0xB0, 0x9A, 0xAD, 0x53, 0x81,
    0xA0, 0xFC, 0x8C, 0x24, 0x1E, 0xB4, 0x83, 0x74, 0x7A, 0xC8, 0xB5, 0xDF, 0x1E, 0x80, 0x06, 0x28,
    0x37, 0x46, 0xC1, 0x21, 0x35, 0x3D, 0x3D, 0x8F, 0xE7, 0x50, 0xEC, 0x25, 0x90, 0x4A, 0x5C, 0xFB,
    0x5E, 0xC5, 0x34, 0xE8, 0x36, 0x75, 0x59, 0x00, 0xE3, 0x20, 0x07, 0xCA, 0x55, 0x4B, 0xF5, 0xBD,
    0x9E, 0x63, 0x1A, 0x6A, 0x79, 0x50, 0xCC, 0xB6, 0x9C, 0x4D, 0x70, 0xA0, 0x50, 0x11, 0x33, 0xF3,
    0x24, 0x97, 0x88, 0x4E, 0x37, 0x1B, 0x0F, 0x28, 0xF8, 0x3A, 0x35, 0x8E, 0x08, 0x49, 0x07, 0x3A,
    0x40, 0xE6, 0xC1, 0x02, 0x05, 0x50, 0x03, 0xFD, 0xE6, 0x2D, 0xF3, 0xC6, 0x5B, 0xD8, 0x0B, 0xB8,
    0xD8, 0xF7, 0x49, 0xD4, 0xB3, 0x9E, 0x4F, 0x4A, 0xE3, 0x2B, 0x8C, 0x06, 0x86, 0x05, 0xCC, 0x9A,
    0xD4, 0xC7, 0x3D, 0xC6, 0x5D, 0x50, 0x50, 0xD1, 0x60, 0x39, 0xC3, 0xCC, 0x66, 0x45, 0x1F, 0xF9,
    0x07, 0x03, 0xD7, 0x26, 0x0F, 0x37, 0x06, 0xB8, 0x38, 0x40, 0xC7, 0xCC, 0xA7, 0x21, 0x0D, 0x66,
    0x46, 0xE3, 0xC4, 0xB2, 0xD9, 0x4C, 0xC8, 0xDA, 0x95, 0x4F, 0xA6, 0xBF, 0x58, 0x47, 0x5A, 0x01,
    0xC7, 0x40, 0xC3, 0xAF, 0xD0, 0xB3, 0xD0, 0x1D, 0xE5, 0xBE, 0x27, 0x1B, 0x40, 0x45, 0x3D, 0x3F,
    0x92, 0x8E, 0x2B, 0xD7, 0x1E, 0x15, 0x05, 0xD4, 0x8C, 0x8C, 0x9C, 0x71, 0xE5, 0xCA, 0xBC, 0xB0,
    0x27, 0x41, 0xFB, 0x8C, 0x3B, 0x00, 0x00, 0xB7, 0x51, 0x03, 0x36, 0x70, 0x41, 0xD6, 0x72, 0x02,
    0x95, 0x23, 0x8D, 0x70, 0x02, 0x59, 0x07, 0x0D, 0x7C, 0x0E, 0x00, 0xE4, 0xCC, 0xDE, 0xFB, 0x2A,
    0xF0, 0xC6, 0xCB, 0x07, 0x90, 0x3B, 0x74, 0x0F, 0x27, 0x90, 0xCA, 0x14, 0x21, 0x34, 0x2D, 0x8F,
    0x91, 0x1A, 0x06, 0x5F, 0x07, 0x64, 0x33, 0xA9, 0xEE, 0x87, 0x46, 0xC7, 0x47, 0x2A, 0x7E, 0xE5,
    0x93, 0xF2, 0xA2, 0x5B, 0x8C, 0xE7, 0x58, 0x26, 0x65, 0xB0, 0x0D, 0x5B, 0x00, 0x00, 0x05, 0x3C,
    0x81, 0x1A, 0xE0, 0xE0, 0x12, 0xC8, 0x9E, 0xDF, 0xEF, 0xA0, 0x84, 0x33, 0xE8, 0x61, 0x07, 0xDD,
    0xDA, 0x9F, 0x67, 0x64, 0xFE, 0xE2, 0x44, 0x3B, 0xA3, 0xBB, 0xDB, 0xDA, 0xDF, 0x4E, 0xC3, 0x52,
    0xFB, 0xA5, 0xF1, 0xAF, 0xD0, 0xCD, 0x78, 0x64, 0x39, 0x12, 0xE4, 0x4C, 0xBB, 0x19, 0xFB, 0x8C,
    0x23, 0x43, 0xBF, 0xCD, 0xD2, 0x7C, 0xA3, 0x5E, 0xB2, 0xD4, 0x17, 0x26, 0xB2, 0xC7, 0x75, 0xC0,
    0x00, 0x90, 0xB6, 0x28, 0x8F, 0xBA, 0xE0, 0x00, 0xB0, 0xD3, 0x33, 0x36, 0x57, 0x0F, 0x24, 0x02,
    0x7A, 0x00, 0x4C, 0x03, 0xEC, 0xD4, 0xC0, 0x42, 0xE0, 0xB4, 0x00, 0xBA, 0x19, 0x92, 0x50, 0x42,
    0xEA, 0x66, 0x30, 0xE4, 0x42, 0x31, 0xC1, 0x02, 0x0B, 0xA7, 0x18, 0xA7, 0xDA, 0x19, 0xB4, 0x94,
    0x84, 0x1B, 0xCF, 0x38, 0x68, 0x57, 0x63, 0x32, 0xF5, 0x4C, 0xE2, 0x65, 0xFF, 0xA3, 0x4B, 0x30,
    0x3E, 0x77, 0x18, 0x27, 0x65, 0x9C, 0x19, 0x72, 0xAC, 0x9B, 0xA1, 0x82, 0x52, 0x0D, 0x50, 0x4D,
    0x2D, 0x1C, 0x7F, 0xD0, 0x43, 0x43, 0x03, 0x03, 0x85, 0x40, 0x09, 0x72, 0x02, 0x54, 0xA4, 0x21,
    0x89, 0x6A, 0xE0, 0xC6, 0x8B, 0xFB, 0x1D, 0x52, 0x12, 0x40, 0x4D, 0xDD, 0x7C, 0xB0, 0x47, 0x46,
    0x1A, 0x1D, 0xA9, 0xB3, 0xC0, 0x97, 0x8D, 0xDF, 0x64, 0xD4, 0x09, 0xF0, 0x18, 0x68, 0xD8, 0x58,
    0x0D, 0x94, 0x40, 0xEE, 0xB4, 0xCB, 0x9E, 0x1F, 0xC0, 0x79, 0x0F, 0xD3, 0xD4, 0x8B, 0xC2, 0x73,
    0x87, 0xF1, 0x59, 0x90, 0x10, 0x3A, 0x2C, 0x49, 0x24, 0x47, 0xF5, 0x08, 0x50, 0x0A, 0x14, 0x22,
    0xA3, 0x26, 0x11, 0x2D, 0x3A, 0x32, 0xA0, 0xBB, 0x19, 0xB2, 0x40, 0x8F, 0xF1, 0x2A, 0x52, 0x89,
    0xC2, 0x71, 0x56, 0x78, 0xB0, 0x56, 0x38, 0x33, 0x4F, 0x81, 0x83, 0x8F, 0xF6, 0x3D, 0xC6, 0x6B,
    0x27, 0xCC, 0x08, 0xB3, 0x00, 0x90, 0xB3, 0x56, 0xB3, 0x8E, 0xFD, 0x9E, 0x83, 0x06, 0x60, 0x04,
    0x58, 0xD7, 0xDC, 0x77, 0xC4, 0xE9, 0xAE, 0x38, 0x5D, 0x90, 0x76, 0xAA, 0x9F, 0x99, 0xA7, 0xB8,
    0x66, 0xDE, 0x7F, 0x93, 0x59, 0xAD, 0x49, 0xF7, 0x00, 0x8A, 0xB7, 0x30, 0xAF, 0x49, 0x81, 0x08,
    0x28, 0x81, 0x44, 0xE0, 0xC6, 0x4B, 0x98, 0x99, 0x1D, 0xA0, 0x64, 0x49, 0xEC, 0x37, 0x27, 0x18,
    0xA9, 0x9C, 0x8E, 0x58, 0xB2, 0x00, 0x18, 0x7F, 0x45, 0xF2, 0x31, 0x40, 0x83, 0x9D, 0x5C, 0x43,
    0x7A, 0x41, 0xC3, 0x7A, 0x8B, 0xA8, 0x91, 0xF3, 0x2B, 0x90, 0x3B, 0xDD, 0x4A, 0x5A, 0x07, 0x38,
    0x17, 0xFE, 0xE9, 0x42, 0x4F, 0x91, 0xFD, 0x67, 0xEA, 0xFC, 0xAE, 0xB0, 0x15, 0x60, 0x1C, 0x35,
    0x58, 0x68, 0x20, 0x87, 0x01, 0xC1, 0x1E, 0x4A, 0x61, 0x43, 0x8A, 0xAF, 0x88, 0xFF, 0x5A, 0x84,
    0x46, 0x08, 0x19, 0xD0, 0xAD, 0x60, 0x1A, 0xA0, 0x17, 0x59, 0x2A, 0x0A, 0x53, 0x22, 0x38, 0xAF,
    0x3B, 0xAB, 0x96, 0xD5, 0xA4, 0xA7, 0x5E, 0x7C, 0xCD, 0x8E, 0xAE, 0xF4, 0xA6, 0x7C, 0xD3, 0x9B,
    0x68, 0x36, 0xDF, 0x1B, 0x3E, 0x39, 0xA6, 0x32, 0x77, 0x02, 0x99, 0xAA, 0xCE, 0x1F, 0x42, 0xC9,
    0xA6, 0x26, 0x36, 0xBC, 0xEE, 0x00, 0x4A, 0x2C, 0x22, 0x33, 0x78, 0xDD, 0xC8, 0x02, 0xA2, 0x04,
    0x23, 0xE6, 0x11, 0x87, 0x58, 0x20, 0x5F, 0x53, 0x34, 0xF0, 0x41, 0x84, 0x73, 0x8F, 0xA8, 0xCA,
    0xA6, 0x59, 0x97, 0x7E, 0x29, 0xBB, 0x26, 0x87, 0xC5, 0x80, 0x65, 0x09, 0x39, 0xDD, 0x0C, 0xA9,
    0x87, 0xF2, 0x16, 0x50, 0x9C, 0x03, 0x27, 0x13, 0xF0, 0x44, 0x28, 0x07, 0xE1, 0xEE, 0xD3, 0x76,
    0x06, 0x1D, 0x51, 0x31, 0xE9, 0xD1, 0x9F, 0x64, 0x1A, 0x97, 0x6E, 0xD6, 0x9D, 0x7B, 0x89, 0x57,
    0x02, 0xC6, 0x84, 0xB5, 0x02, 0x07, 0x39, 0x62, 0x6F, 0x0F, 0x66, 0xE0, 0xB3, 0xF4, 0xDC, 0x54,
    0x91, 0x45, 0x12, 0x79, 0x70, 0xE3, 0xC5, 0x07, 0x51, 0x12, 0x8B, 0x79, 0x30, 0x75, 0xEC, 0x47,
    0x92, 0xC9, 0x61, 0x7A, 0xF4, 0x08, 0x5B, 0x3D, 0xE6, 0x0C, 0x6E, 0x0E, 0xEC, 0x0C, 0xB0, 0x7B,
    0xC6, 0xA2, 0x87, 0xDD, 0x86, 0xBF, 0x8A, 0xB0, 0xA8, 0xF9, 0x69, 0x84, 0x3B, 0x75, 0xF2, 0x61,
    0x07, 0x87, 0x85, 0x7E, 0xBF, 0x95, 0x72, 0x61, 0x74, 0x80, 0xAE, 0xDC, 0x49, 0xE5, 0x29, 0x5F,
    0x64, 0x01, 0xDA, 0xFC, 0xD4, 0x78, 0x54, 0xB0, 0x9D, 0x71, 0x24, 0xC1, 0x04, 0x0B, 0x37, 0x7E,
    0x68, 0xDC, 0xEA, 0x21, 0xAB, 0xD1, 0x24, 0xAF, 0x3C, 0x87, 0x44, 0x9C, 0xB7, 0xEA, 0xC4, 0x61,
    0x24, 0xED, 0x45, 0xC1, 0x02, 0x76, 0x46, 0xEE, 0x20, 0x1E, 0x0F, 0x67, 0x2C, 0x39, 0x85, 0x45,
    0x8E, 0x78, 0xB5, 0x5E, 0x9C, 0x9A, 0x20, 0x3E, 0xD3, 0xEF, 0x89, 0x2F, 0xFD, 0x4B, 0xC1, 0xE4,
    0xBF, 0x3D, 0xB4, 0x4C, 0x0E, 0x15, 0x38, 0x17, 0x77, 0x54, 0xE2, 0x4D, 0x70, 0x35, 0x72, 0x0B,
    0x48, 0xA6, 0x87, 0x20, 0xDF, 0x0B, 0x18, 0x29, 0x59, 0xE7, 0x39, 0xC6, 0x1B, 0x3F, 0x43, 0x0E,
    0x26, 0x54, 0x60, 0xFC, 0xB1, 0xC0, 0x63, 0xB0, 0xAE, 0x81, 0x9C, 0x19, 0x4A, 0x81, 0x63, 0x6A,
    0x18, 0x28, 0x49, 0xD6, 0x13, 0xB3, 0xE7, 0x4F, 0x80, 0xF3, 0x0E, 0x98, 0xA6, 0x16, 0xF6, 0xFF,
    0x69, 0x94, 0x99, 0xC2, 0xE1, 0x2C, 0x58, 0xA4, 0xD8, 0xAD, 0x01, 0x4A, 0x2A, 0x28, 0x38, 0x86,
    0xFA, 0x5A, 0x0F, 0xE7, 0x93, 0x87, 0x0B, 0xB7, 0x39, 0xA0, 0x57, 0xCE, 0xE6, 0x8B, 0xF5, 0xD9,
    0xFC, 0x54, 0xCD, 0xEE, 0xAA, 0xE6, 0x70, 0xC2, 0x9B, 0x9A, 0xAB, 0xD7, 0x9A, 0x47, 0x0A, 0xA4,
    0xAA, 0x91, 0xB6, 0x48, 0x41, 0x26, 0x99, 0x06, 0x20, 0x77, 0x80, 0x15, 0x30, 0xAF, 0x20, 0x00,
    0xE9, 0x73, 0x07, 0xEA, 0xDC, 0xC1, 0xBA, 0x86, 0x3F, 0x61, 0xED, 0xC6, 0x19, 0xC7, 0xBA, 0x86,
    0x9B, 0xD7, 0x11, 0x95, 0x50, 0xA8, 0x41, 0xA4, 0x7A, 0x78, 0x7C, 0x00, 0x8C, 0x9B, 0xE4, 0x7D,
    0x75, 0x56, 0x75, 0x47, 0x12, 0xB5, 0x9C, 0x36, 0x75, 0x21, 0x11, 0xAD, 0x20, 0xBB, 0x74, 0x3C,
    0x99, 0x37, 0x5C, 0xFA, 0x7C, 0xA7, 0x3A, 0xDD, 0x22, 0xD5, 0x97, 0xA4, 0x07, 0x2E, 0x81, 0x55,
    0x0B, 0xD9, 0x00, 0xEA, 0x12, 0xA8, 0xB8, 0x8E, 0x75, 0xA7, 0x58, 0x7A, 0x2C, 0x0D, 0x25, 0xD5,
    0xAB, 0xEF, 0x75, 0x0F, 0x31, 0x73, 0x3D, 0xC4, 0x7E, 0xF0, 0xE2, 0x80, 0x5D, 0xDD, 0x6D, 0xB3,
    0xD0, 0xDD, 0x16, 0xD7, 0x75, 0xFB, 0x0E, 0xA4, 0x01, 0x36, 0x05, 0x4C, 0xE4, 0x82, 0x05, 0xC8,
    0xAF, 0x96, 0xE0, 0x02, 0xA0, 0x06, 0x68, 0x80, 0x6B, 0xB3, 0x2C, 0xF2, 0x29, 0x48, 0x34, 0x6A,
    0x8A, 0xF6, 0x05, 0x2B, 0x97, 0x06, 0x76, 0xC9, 0x04, 0x8C, 0x67, 0x21, 0x70, 0x47, 0xE8, 0x0E,
    0xB1, 0x70, 0x4A, 0x0E, 0x91, 0x12, 0x3A, 0x0A, 0x68, 0xA9, 0x51, 0x61, 0x86, 0x24, 0xD0, 0xA0,
    0xFD, 0x0C, 0x29, 0x14, 0x6C, 0x43, 0xFE, 0xCD, 0x33, 0xB8, 0x36, 0x4B, 0x66, 0x1A, 0xF5, 0x14,
    0x0E, 0x7E, 0xA8, 0x9E, 0xC8, 0xF6, 0x1D, 0x31, 0xC3, 0xA9, 0x40, 0x4B, 0x16, 0x74, 0x98, 0x21,
    0x75, 0xA4, 0xC1, 0x30, 0xC3, 0x4D, 0xD0, 0xED, 0x42, 0xE0, 0x14, 0x74, 0xD7, 0x82, 0xFE, 0x69,
    0x80, 0xE4, 0x67, 0x0E, 0xD4, 0xC7, 0x80, 0xDA, 0x74, 0x8C, 0x08, 0x9C, 0x8F, 0x1C, 0x31, 0xC5,
    0xFC, 0x19, 0x03, 0x07, 0x0F, 0x8D, 0x57, 0x23, 0xDB, 0x52, 0x71, 0x46, 0xD1, 0x1E, 0xD2, 0x91,
    0x05, 0x59, 0xD8, 0x6E, 0x38, 0x9D, 0x9F, 0x6E, 0xD6, 0x74, 0xF3, 0xD3, 0xB2, 0x4E, 0x02, 0x69,
    0x78, 0x50, 0x6B, 0x4F, 0x1A, 0x62, 0x91, 0x89, 0xDF, 0xB6, 0xD8, 0x06, 0xFD, 0xFD, 0x50, 0xEC,
    0x82, 0xFE, 0x81, 0x2B, 0x44, 0xC2, 0x8F, 0x29, 0x45, 0xC4, 0x7F, 0x50, 0x76, 0xA0, 0x47, 0xF2,
    0x00, 0xBA, 0x27, 0xF7, 0x20, 0x1D, 0x13, 0xA0, 0xBA, 0xCC, 0x26, 0xB0, 0x7D, 0xF2, 0x12, 0x74,
    0x4C, 0x5A, 0x79, 0x27, 0x15, 0xA9, 0xC3, 0x0E, 0xC0, 0xB8, 0x00, 0x38, 0xEE, 0x00, 0x2A, 0x0F,
    0x90, 0xB3, 0xF9, 0xFB, 0x3C, 0x00, 0xC9, 0x77, 0x5A, 0x20, 0xD3, 0x11, 0xD8, 0x4D, 0x04, 0x1F,
    0x31, 0x40, 0xD2, 0x31, 0xC2, 0x8D, 0x67, 0x6A, 0x72, 0x54, 0xA3, 0x99, 0x02, 0xD5, 0x94, 0x4E,
    0xC1, 0x3E, 0x53, 0x4F, 0x48, 0x5B, 0x8E, 0xD0, 0x11, 0x49, 0xB1, 0x24, 0x40, 0x9F, 0x02, 0xE3,
    0x16, 0x50, 0x2F, 0x80, 0xE2, 0x14, 0x10, 0xAD, 0x58, 0x07, 0x6B, 0x9D, 0x6F, 0x6E, 0xFE, 0x7A,
    0xDF, 0xED, 0xD4, 0x02, 0xE7, 0xD3, 0xE4, 0x79, 0x79, 0x6F, 0x05, 0x2D, 0x8F, 0x51, 0x41, 0x0D,
    0x28, 0x27, 0x8A, 0x30, 0x81, 0xF5, 0xE4, 0xC7, 0x80, 0x1A, 0x80, 0xB7, 0xFF, 0xFF, 0x1D, 0x74,
    0xC7, 0x02, 0x13, 0xB8, 0x43, 0x75, 0xEF, 0x5E, 0x5C, 0xF7, 0xEE, 0x55, 0xCF, 0xEA, 0x2E, 0xCD,
    0xA6, 0x01, 0xA9, 0xD7, 0xB7, 0xA1, 0x2D, 0x69, 0x78, 0xCB, 0x7D, 0xD5, 0xDE, 0xA6, 0x77, 0x09,
    0xF7, 0x79, 0xE4, 0x5D, 0xC7, 0x1D, 0xB9, 0x16, 0xF3, 0xF5, 0xDE, 0xAE, 0x5C, 0x37, 0xE5, 0xDA,
    0xDA, 0xFA, 0x2C, 0xF9, 0xC8, 0x67, 0xC6, 0x35, 0x39, 0xFF, 0x47, 0xF2, 0x46, 0x64, 0x57, 0x03,
    0xEF, 0xDE, 0x85, 0x2F, 0xC2, 0x12, 0x8E, 0xE1, 0x17, 0xA8, 0xEF, 0xA0, 0x9F, 0x7A, 0xFD, 0x9B,
    0x21, 0xA3, 0xDB, 0xE2, 0x74, 0x97, 0xC5, 0x82, 0xDD, 0x43, 0xB6, 0x00, 0xE9, 0xD2, 0xFE, 0xDD,
    0x7B, 0xF7, 0x28, 0xB0, 0x64, 0x2E, 0xF1, 0xE4, 0x3F, 0x43, 0xBD, 0x5C, 0x91, 0x06, 0x29, 0x0E,
    0x7B, 0xE4, 0x14, 0x14, 0xEB, 0xDB, 0x96, 0x86, 0x86, 0x41, 0x1E, 0xAA, 0x67, 0x48, 0x7A, 0x9A,
    0xCF, 0xF5, 0x94, 0x0F, 0x5E, 0x7A, 0xDB, 0x3E, 0x71, 0xD9, 0x08, 0x6A, 0xDC, 0xF4, 0x5A, 0x22,
    0xA8, 0xFF, 0xBC, 0x20, 0xF9, 0xF9, 0x81, 0xD3, 0xFF, 0x6A, 0xBC, 0x8E, 0x59, 0x48, 0xDB, 0xD9,
    0x42, 0x16, 0xE4, 0x4B, 0xBE, 0x54, 0x3D, 0x83, 0xC5, 0x52, 0xB1, 0x47, 0x4D, 0x49, 0x4F, 0xF5,
    0xE7, 0x2D, 0xBF, 0x7A, 0x09, 0xE4, 0x5D, 0xF2, 0x62, 0xCC, 0x42, 0x6D, 0x59, 0x96, 0x5C, 0x3F,
    0xBE, 0xFA, 0x63, 0x41, 0x03, 0x35, 0x3E, 0xFF, 0x5A, 0x48, 0x2F, 0x81, 0xAA, 0x05, 0x1B, 0xD8,
    0xF4, 0x71, 0x4F, 0xFE, 0x0B, 0x77, 0x35, 0x82, 0x52, 0x62, 0xF8, 0x5F, 0x23, 0x40, 0xBC, 0xF6,
    0x59, 0x18, 0x2D, 0x63, 0xC9, 0x70, 0xAC, 0x63, 0x63, 0xC3, 0x74, 0xC1, 0xF8, 0x16, 0xAF, 0xE9,
    0x05, 0x90, 0x1F, 0x00, 0xB5, 0x01, 0xCE, 0x00, 0x7A, 0xE0, 0xC6, 0x14, 0xE0, 0xDA, 0x0B, 0x07,
    0x49, 0x07, 0xE8, 0x57, 0xD0, 0x0A, 0x04, 0x58, 0x17, 0xB3, 0x75, 0x1D, 0x5B, 0x83, 0x45, 0xE0,
    0xEA, 0xB7, 0x3E, 0x01, 0x6A, 0x58, 0x13, 0x47, 0xE0, 0x4B, 0x2D, 0xB0, 0x72, 0x00, 0x00, 0x50,
    0x71, 0x6D, 0xFA, 0x17, 0xF2, 0x7D, 0x4F, 0x9D, 0x06, 0x7A, 0x1D, 0x88, 0x69, 0x50, 0x31, 0xF3,
    0x2A, 0x1A, 0x18, 0x0A, 0xA8, 0x7A, 0x78, 0x04, 0xE2, 0x59, 0x3F, 0x07, 0x69, 0x14, 0xD7, 0xFE,
    0x6D, 0xA2, 0xC0, 0xBA, 0x47, 0x18, 0x17, 0x31, 0xF4, 0xEC, 0x71, 0x72, 0x6F, 0x20, 0x93, 0x1A,
    0xDC, 0x43, 0x1A, 0x41, 0x45, 0x10, 0xF1, 0x22, 0x5B, 0x7F, 0x38, 0xA2, 0xBF, 0xBB, 0x22, 0xFD,
    0xB6, 0x25, 0xEB, 0x2C, 0xE6, 0xD5, 0x92, 0x96, 0x58, 0x0A, 0xF6, 0x58, 0xCE, 0x56, 0x53, 0xD0,
    0xB0, 0xE4, 0x8C, 0x9A, 0x61, 0xC6, 0xC7, 0x0F, 0x07, 0x2A, 0x27, 0xFD, 0x40, 0x75, 0x00, 0xAB,
    0x60, 0x65, 0xBB, 0xBD, 0x71, 0x06, 0xCB, 0x1E, 0x25, 0x92, 0x4C, 0x4B, 0xCA, 0x43, 0xEB, 0xA1,
    0x86, 0x11, 0x8E, 0x00, 0x00, 0x1B, 0x49, 0x37, 0xD9, 0x8E, 0xFE, 0x24, 0xDB, 0xFD, 0x3A, 0xDB,
    0x0D, 0xD8, 0xAB, 0xD9, 0x7E, 0x06, 0x91, 0x2F, 0x75, 0xAC, 0xDC, 0xDB, 0xC5, 0x87, 0xF3, 0xA8,
    0xC3, 0xEA, 0x61, 0x1A, 0x96, 0x64, 0x3E, 0x62, 0xDE, 0xF7, 0x98, 0x5B, 0x60, 0x57, 0x48, 0x8A,
    0x90, 0x1B, 0x4F, 0x91, 0x06, 0x96, 0xBA, 0xA3, 0x4E, 0x7A, 0xCE, 0xB8, 0x60, 0x20, 0xC7, 0xF6,
    0x69, 0x54, 0xF2, 0xCB, 0x62, 0xA7, 0x5B, 0x2D, 0xF9, 0xBA, 0x16, 0x9F, 0xB3, 0x47, 0x41, 0xB1,
    0x16, 0xBF, 0xFA, 0x70, 0xD4, 0x3D, 0xF6, 0xBB, 0xAB, 0x9D, 0x86, 0xEC, 0xDB, 0xF6, 0xCB, 0x05,
    0xA6, 0xB3, 0x7E, 0xC6, 0x90, 0xBB, 0x19, 0x5D, 0x45, 0x8D, 0xA5, 0xA0, 0x41, 0x16, 0x6A, 0xA0,
    0xA4, 0xA6, 0x47, 0x5E, 0x47, 0x59, 0x2E, 0x15, 0xA9, 0x19, 0x66, 0x3C, 0xA3, 0xE7, 0xA5, 0x1F,
    0x66, 0x3C, 0x61, 0xE6, 0x14, 0x46, 0xE1, 0xC3, 0xBC, 0x65, 0xB9, 0xCB, 0x4F, 0x59, 0x6E, 0x0E,
    0x3A, 0x92, 0x17, 0x0D, 0x99, 0xAF, 0xB0, 0x58, 0x4A, 0xAC, 0x78, 0x77, 0x0D, 0x96, 0x91, 0x5C,
    0xBC, 0xCF, 0x26, 0x33, 0x1B, 0x6A, 0x15, 0xC9, 0xEF, 0x07, 0x24, 0x83, 0xD3, 0x31, 0xF7, 0x6A,
    0xFC, 0x51, 0xC7, 0xDF, 0xAA, 0xC8, 0x85, 0xEA, 0x19, 0xE9, 0xE9, 0x55, 0xAF, 0x24, 0xFE, 0xF9,
    0xA1, 0x5F, 0xAD, 0x41, 0x1A, 0x74, 0x30, 0x5E, 0x4E, 0x53, 0xF6, 0x7C, 0xC4, 0x9C, 0xB7, 0x18,
    0x07, 0x06, 0xB0, 0xC0, 0x1E, 0x88, 0x02, 0xAA, 0x0E, 0xC8, 0x7F, 0xEE, 0xDE, 0xAC, 0x1D, 0x6F,
    0x3F, 0x79, 0x71, 0x3E, 0x79, 0x91, 0x93, 0x3F, 0x8C, 0xD8, 0xEF, 0xBF, 0xDE, 0xAE, 0xCD, 0x21,
    0xCE, 0x3A, 0x30, 0x03, 0xE7, 0xDF, 0xE8, 0xF7, 0xFF, 0xB8, 0xC9, 0x0E, 0x8F, 0x4C, 0x7B, 0xDD,
    0x84, 0x4D, 0xC9, 0x2B, 0xA1, 0x80, 0x25, 0xEB, 0x24, 0x18, 0x80, 0xF3, 0x4E, 0x3F, 0x1F, 0x32,
    0x5F, 0x1B, 0x77, 0x27, 0xF3, 0x48, 0x1A, 0x5D, 0x42, 0x15, 0x48, 0xBB, 0xEB, 0x2A, 0x3E, 0x50,
    0xF1, 0x28, 0xE9, 0xCA, 0xFB, 0x21, 0xBB, 0x80, 0x43, 0xE8, 0x48, 0x5B, 0xAA, 0x89, 0x1B, 0x1F,
    0x7D, 0x6A, 0x7A, 0x2D, 0x91, 0x51, 0xFE, 0x1E, 0xA6, 0x63, 0x15, 0x32, 0x6F, 0xC3, 0xFA, 0xB7,
    0x0F, 0x6F, 0x31, 0x2E, 0xC7, 0xB0, 0xB7, 0xDE, 0x96, 0x82, 0x92, 0x66, 0xC6, 0x91, 0x65, 0x32,
    0x52, 0x7F, 0xEE, 0x8C, 0xF2, 0xF7, 0x1F, 0x3F, 0xB4, 0x6D, 0xE5, 0x56, 0x92, 0x36, 0x3E, 0xF7,
    0xF3, 0x6C, 0xF9, 0x15, 0x65, 0x36, 0xED, 0x74, 0x48, 0xD1, 0xED, 0xF6, 0x6C, 0x5F, 0x20, 0xE9,
    0x16, 0x24, 0xF1, 0x10, 0x15, 0x5B, 0xD4, 0x7F, 0x79, 0x98, 0x80, 0x11, 0x70, 0x22, 0x3D, 0x0D,
    0xB7, 0x66, 0xA7, 0x21, 0xD7, 0x61, 0x7E, 0xD2, 0x21, 0x17, 0xF8, 0xF5, 0xB0, 0xA5, 0xC3, 0x5F,
    0x87, 0x9B, 0x3A, 0xFC, 0x20, 0x2C, 0xF4, 0x87, 0x4F, 0xC3, 0xA1, 0x7E, 0xFA, 0x7E, 0xDB, 0xEA,
    0xBF, 0x9B, 0xBB, 0xBC, 0xFE, 0x07, 0xFD, 0x23, 0xF4, 0xBF, 0xEB, 0x7F, 0x46, 0xF7, 0x7A, 0x40,
    0x77, 0x3A, 0x02, 0x40, 0x32, 0xAA, 0x51, 0x35, 0xBA, 0xA3, 0xCC, 0x1C, 0xF9, 0x0E, 0x98, 0x23,
    0xC8, 0x22, 0xA4, 0x2D, 0xA4, 0x1D, 0xDC, 0x8A, 0xB0, 0xE8, 0x21, 0x0E, 0x24, 0x6D, 0x8D, 0xF5,
    0xB3, 0x74, 0xF2, 0x80, 0x68, 0xE0, 0x46, 0x6B, 0x5A, 0x21, 0x9B, 0x21, 0x26, 0x2D, 0x2A, 0xEA,
    0x00, 0xBD, 0xF6, 0x30, 0xA4, 0x0E, 0x9A, 0x0C, 0xA8, 0xB7, 0x80, 0x62, 0x17, 0xD8, 0x3B, 0x04,
    0x6C, 0x07, 0x98, 0x20, 0xE0, 0x80, 0x6D, 0x80, 0x25, 0x40, 0x04, 0xC4, 0xE9, 0xBB, 0x2B, 0x07,
    0x79, 0x0F, 0x30, 0x4D, 0x5E, 0x3D, 0x3F, 0x70, 0x89, 0x2F, 0x49, 0x18, 0x21, 0x59, 0xEB, 0x32,
    0x1E, 0x2A, 0xA0, 0x01, 0xD5, 0x83, 0xEE, 0x52, 0x4C, 0xD8, 0x26, 0xFF, 0xE6, 0x31, 0xD5, 0x34,
    0x4A, 0x50, 0x98, 0x1F, 0x62, 0xD7, 0xDB, 0x75, 0xE5, 0xBE, 0xB0, 0x27, 0xED, 0x58, 0x81, 0x0D,
    0xE8, 0x16, 0x19, 0x57, 0xDB, 0xA6, 0x0C, 0x4F, 0x3A, 0xC0, 0x75, 0xBA, 0x4F, 0xBB, 0xC8, 0x03,
    0x69, 0x7C, 0xB3, 0xBB, 0x0B, 0x93, 0x0C, 0x79, 0xC9, 0x05, 0xE9, 0x33, 0x8C, 0xBB, 0x7A, 0x67,
    0xBA, 0x16, 0xA1, 0x23, 0x55, 0xCB, 0x75, 0x00, 0x6C, 0xBB, 0xFD, 0x1B, 0x8F, 0xB6, 0x0E, 0xF7,
    0x76, 0x4F, 0xD3, 0x1E, 0xF8, 0x1F, 0xBD, 0xD9, 0x01, 0xA4, 0x25, 0xFB, 0x7D, 0x07, 0xF0, 0xCF,
    0xCC, 0xE4, 0xBD, 0x49, 0x32, 0xD9, 0x3B, 0x4F, 0x65, 0xA5, 0xEC, 0xEE, 0xCE, 0xC3, 0xC3, 0x2B,
    0x67, 0xEF, 0x79, 0xB8, 0xDA, 0x13, 0xCE, 0x39, 0x67, 0x92, 0x20, 0xB4, 0xDA, 0x2C, 0xDE, 0x26,
    0x48, 0xDB, 0x2D, 0xA0, 0x20, 0x7B, 0x71, 0x71, 0xCB, 0xB9, 0x39, 0x93, 0x17, 0x04, 0x45, 0x1F,
    0x24, 0x45, 0x5B, 0xDA, 0x2A, 0x45, 0x95, 0x8B, 0xC5, 0xAA, 0xB3, 0x7B, 0xFF, 0x7D, 0x41, 0x80,
    0x9A, 0x48, 0x93, 0x94, 0xC2, 0x54, 0x5E, 0x0A, 0x45, 0x27, 0x35, 0xAB, 0xE7, 0xC5, 0xB9, 0x77,
    0x7A, 0xA6, 0x6F, 0xAD, 0x7D, 0x12, 0x4D, 0x5F, 0x6F, 0xDD, 0x99, 0xDF, 0xEF, 0xEB, 0xFE, 0xE7,
    0x3F, 0xBF, 0xEF, 0xF7, 0xFB, 0x77, 0x67, 0xFE, 0xE3, 0xFF, 0x3F, 0xBA, 0x68, 0x13, 0x6F, 0xB4,
    0x10, 0x85, 0x38, 0x24, 0x55, 0x52, 0xA5, 0x65, 0x26, 0x97, 0x2B, 0xCC, 0xCD, 0x9D, 0x58, 0x93,
    0x94, 0x43, 0xAC, 0xBA, 0xF8, 0x3B, 0xEB, 0xEC, 0xD7, 0xA7, 0xC5, 0xB5, 0x83, 0xD9, 0x27, 0x2C,
    0x6F, 0x5A, 0x8F, 0x6C, 0x5F, 0xB7, 0x39, 0xB0, 0x7D, 0xC3, 0xFA, 0xB0, 0x5C, 0xFC, 0x65, 0x28,
    0x7A, 0x71, 0x4D, 0x10, 0x05, 0xA2, 0xB3, 0x46, 0xF6, 0x83, 0x8D, 0xC2, 0xD2, 0xCC, 0xC4, 0x94,
    0xE7, 0x39, 0x23, 0xED, 0xCF, 0x45, 0x5F, 0x79, 0x93, 0x7D, 0xDC, 0xC1, 0x14, 0xC7, 0x68, 0x48,
    0xFA, 0xAA, 0x1E, 0xF7, 0x7D, 0xF5, 0xC9, 0xF8, 0xDC, 0x2B, 0x3E, 0x3A, 0x3B, 0x3B, 0xC9, 0x7F,
    0xD0, 0xED, 0x39, 0xBA, 0x69, 0x72, 0xD3, 0x68, 0x87, 0x7B, 0x0E, 0xF2, 0xAF, 0xB5, 0xFB, 0xFD,
    0xFA, 0x35, 0x9F, 0xC0, 0x78, 0x9B, 0x6F, 0x8B, 0x77, 0xD3, 0x2E, 0xAD, 0x93, 0x90, 0x34, 0xA9,
    0xB8, 0xBD, 0x26, 0x6A, 0x27, 0x74, 0xA7, 0xBC, 0x17, 0x38, 0x2B, 0x15, 0xFD, 0xD6, 0x4B, 0x27,
    0x77, 0x59, 0xB2, 0xE8, 0x3B, 0xD7, 0xDF, 0xBB, 0x4B, 0x47, 0xD4, 0xF1, 0xA9, 0xF7, 0x86, 0x6B,
    0xA5, 0xE6, 0xF9, 0x01, 0x2F, 0x36, 0xD3, 0x73, 0xE6, 0xF7, 0x2B, 0xA7, 0x69, 0xD0, 0x26, 0xBB,
    0x8C, 0xE8, 0x70, 0x4E, 0xD4, 0xD7, 0x92, 0x7C, 0x23, 0x8B, 0x2E, 0xE4, 0x16, 0xB2, 0x90, 0x4B,
    0xBA, 0x5C, 0xD4, 0x5F, 0x63, 0xBC, 0x21, 0x6D, 0xD1, 0xE1, 0xA1, 0x43, 0xA7, 0x8E, 0xB5, 0x66,
    0x69, 0x50, 0x5C, 0x00, 0x47, 0xA3, 0xCD, 0xEC, 0xE1, 0x14, 0xB8, 0xD1, 0xBF, 0xCD, 0xE3, 0x7B,
    0x6B, 0x49, 0x2D, 0x2F, 0xF3, 0xB8, 0x7F, 0x2B, 0x8C, 0xF2, 0x3F, 0xAE, 0x9B, 0xC9, 0x9D, 0xA8,
    0x3E, 0x3C, 0x9C, 0x72, 0x70, 0xBA, 0x64, 0x72, 0x7A, 0xCC, 0xEB, 0xEF, 0xC3, 0xD0, 0xFC, 0xEF,
    0x8E, 0x83, 0x99, 0x57, 0x0E, 0x47, 0xF9, 0x67, 0xEA, 0x76, 0x2F, 0xD9, 0x95, 0xA5, 0x95, 0xAC,
    0xF4, 0x5E, 0xF4, 0x98, 0xA2, 0xAF, 0x81, 0xE8, 0xA2, 0xCA, 0x3E, 0x5F, 0xDD, 0xCE, 0xCA, 0x69,
    0x6E, 0x99, 0x3B, 0x2E, 0x1C, 0xEF, 0x5B, 0xFE, 0xAE, 0xFD, 0x2F, 0x54, 0x0E, 0x46, 0x9A, 0xD3,
    0xE4, 0x9D, 0x3A, 0xFF, 0x8D, 0x30, 0x1F, 0x5B, 0x2E, 0xCC, 0x0B, 0x79, 0x56, 0x66, 0x49, 0x95,
    0x7C, 0x2D, 0x60, 0xD5, 0x9F, 0x5F, 0xBF, 0xF7, 0x3B, 0x5C, 0x7B, 0x21, 0x3E, 0xC2, 0x6A, 0x7B,
    0xFD, 0xEE, 0xCF, 0xB5, 0xBE, 0xEA, 0x3F, 0x1B, 0x46, 0xC5, 0x97, 0x76, 0xD6, 0xB3, 0xCF, 0x34,
    0x87, 0x87, 0x3B, 0x38, 0x38, 0xCD, 0x3E, 0x17, 0x26, 0xA7, 0xD9, 0xC5, 0xCE, 0x75, 0x76, 0x7F,
    0x80, 0x2F, 0x94, 0x93, 0xC3, 0xEC, 0xF3, 0xE1, 0xE0, 0x20, 0xFF, 0x6C, 0x7B, 0x38, 0x5A, 0xB5,
    0xDB, 0x76, 0xEF, 0x7A, 0xF9, 0x4B, 0x3F, 0xD7, 0x3A, 0x83, 0x85, 0xBE, 0xBC, 0x7E, 0xEF, 0x1E,
    0x8A, 0xE6, 0x0F, 0x96, 0xED, 0xB5, 0x66, 0xAF, 0xDD, 0x3B, 0x1E, 0x8D, 0x3B, 0x4C, 0x3E, 0x10,
    0x83, 0xD7, 0x93, 0x37, 0x3F, 0x70, 0x11, 0x5C, 0xBF, 0xF7, 0xE6, 0xAE, 0x2B, 0xBA, 0x90, 0x7E,
    0x27, 0x64, 0x49, 0x1D, 0x27, 0x41, 0x1A, 0xE4, 0x8C, 0x68, 0x25, 0xA1, 0xBC, 0x1D, 0x97, 0xAB,
    0x7E, 0x77, 0x1B, 0x67, 0x55, 0xF2, 0xBD, 0x26, 0x7D, 0xAB, 0x8D, 0x92, 0x46, 0x56, 0x39, 0xA7,
    0xA8, 0xA4, 0xE1, 0xB5, 0x34, 0x4C, 0xF3, 0xAA, 0x38, 0x87, 0xA4, 0x4D, 0x43, 0x6E, 0xC2, 0xD4,
    0x23, 0x4B, 0x9B, 0x1D, 0x76, 0x36, 0x5A, 0x5D, 0xD4, 0x46, 0x6D, 0xDC, 0x44, 0x6D, 0xD2, 0xC4,
    0x4D, 0x52, 0x27, 0x4D, 0x12, 0x92, 0x3A, 0x0D, 0x69, 0x9D, 0x57, 0x59, 0x3D, 0xAE, 0xF2, 0xA7,
    0x7F, 0xF3, 0x4F, 0x7B, 0x67, 0x9F, 0xEB, 0x6E, 0xE1, 0x0E, 0x66, 0x58, 0x94, 0x2C, 0x2A, 0xC6,
    0xC8, 0xFA, 0xBE, 0x59, 0x5C, 0x3C, 0x28, 0xCF, 0xCE, 0x6F, 0x39, 0x3B, 0xBF, 0xA9, 0xDF, 0xE5,
    0xD9, 0xB3, 0x5C, 0xED, 0x72, 0xBC, 0xCB, 0x97, 0xFF, 0xF6, 0x26, 0xD7, 0xFE, 0x37, 0x79, 0x8B,
    0x3B, 0xB7, 0xC5, 0xE7, 0x45, 0xE3, 0xCD, 0x97, 0xCA, 0xE5, 0xF9, 0xF6, 0x58, 0x19, 0x85, 0xB8,
    0xF5, 0xC8, 0xB1, 0x6E, 0x51, 0x83, 0xE3, 0x74, 0x73, 0xA7, 0x33, 0xB8, 0x1E, 0xFC, 0x86, 0x24,
    0x64, 0xE1, 0x6C, 0x1B, 0x3D, 0x31, 0x3C, 0x2D, 0x49, 0x98, 0x25, 0x61, 0x9A, 0x86, 0x65, 0x16,
    0xA6, 0x79, 0x39, 0xDD, 0x97, 0x75, 0x92, 0xB8, 0x4A, 0xFE, 0xBE, 0x8E, 0xEB, 0x56, 0xFB, 0xC8,
    0x66, 0xA9, 0x5B, 0x27, 0xDF, 0x6D, 0x77, 0xFF, 0xDD, 0x5B, 0xB9, 0x83, 0x11, 0xE0, 0x91, 0xB4,
    0xBC, 0xD1, 0xD9, 0xF3, 0xCB, 0x9D, 0x29, 0xAD, 0x23, 0x51, 0xAB, 0xB1, 0x93, 0x08, 0x92, 0x3A,
    0xB3, 0x83, 0xBD, 0xA8, 0x19, 0xB8, 0x9B, 0x34, 0x9C, 0xE6, 0xF5, 0xD9, 0xB6, 0xF9, 0xB5, 0x20,
    0x09, 0xDF, 0x0B, 0xB2, 0xF8, 0x1B, 0xC1, 0xAD, 0x8F, 0x67, 0x95, 0x69, 0xD1, 0x6F, 0x9C, 0xCA,
    0x45, 0xB5, 0xB1, 0x24, 0x44, 0x7D, 0x88, 0xB8, 0x57, 0x7A, 0xA6, 0x91, 0x0D, 0x76, 0x6E, 0x0D,
    0x1A, 0x13, 0x5A, 0xAD, 0xA8, 0x8D, 0xEA, 0x41, 0xA3, 0x92, 0xD4, 0xB9, 0x1D, 0x8C, 0x1E, 0xD4,
    0x49, 0xF8, 0x74, 0xD7, 0xA5, 0xE1, 0x27, 0xF5, 0xA3, 0xB3, 0x8B, 0x50, 0x3E, 0x94, 0x94, 0x5A,
    0xB9, 0xB8, 0x36, 0x92, 0x95, 0x8E, 0x8C, 0x68, 0x9D, 0xBE, 0x3A, 0x4C, 0x80, 0xBF, 0x97, 0x96,
    0x79, 0x5F, 0x47, 0x5E, 0x7A, 0xA6, 0x11, 0xF5, 0xA5, 0x3F, 0xCF, 0x7E, 0x58, 0x47, 0x75, 0x96,
    0xD4, 0x49, 0x15, 0x25, 0x21, 0xA7, 0x28, 0x47, 0xA2, 0xAD, 0x09, 0x0F, 0xCA, 0x96, 0xEC, 0x9D,
    0xF0, 0xC9, 0x37, 0xB2, 0x6F, 0x94, 0x9B, 0x65, 0xF1, 0x5B, 0x49, 0x37, 0x3E, 0x1F, 0x5D, 0x6B,
    0x39, 0x7A, 0xAD, 0xA5, 0xF9, 0x8B, 0x56, 0xF2, 0xCE, 0x5B, 0x8D, 0x2C, 0xED, 0x2F, 0xEC, 0x49,
    0x82, 0xA9, 0x2C, 0x38, 0xB5, 0x6A, 0x95, 0xAE, 0xDF, 0x95, 0xD4, 0xD2, 0x46, 0xD6, 0x48, 0x02,
    0x20, 0x25, 0x23, 0xE7, 0x64, 0xE8, 0x29, 0x4A, 0x33, 0xD6, 0x6C, 0x54, 0x5D, 0xD4, 0x6C, 0xE2,
    0xE6, 0xAB, 0x59, 0x28, 0x2E, 0xC0, 0xC0, 0x64, 0x60, 0x40, 0x03, 0x87, 0x3E, 0x70, 0x74, 0x88,
    0x07, 0x48, 0x36, 0xC8, 0xD7, 0xB8, 0xB5, 0xC4, 0x64, 0x80, 0xD3, 0x19, 0x9A, 0x19, 0x71, 0x98,
    0x93, 0x96, 0x73, 0x72, 0x63, 0x8A, 0xBE, 0x67, 0xA2, 0xE0, 0x54, 0x5E, 0x46, 0xF5, 0x0E, 0x92,
    0x20, 0xAF, 0x6E, 0xBC, 0xEB, 0x41, 0xBD, 0xDA, 0xC6, 0x7D, 0x87, 0xB4, 0x46, 0x5E, 0x62, 0x06,
    0xA7, 0x57, 0xA5, 0xFB, 0x18, 0x51, 0x8F, 0xF4, 0x0F, 0x4B, 0x6E, 0xC5, 0xE1, 0x8A, 0x74, 0x21,
    0x6D, 0x5E, 0xE3, 0xD6, 0xFA, 0x90, 0xD7, 0xC6, 0xF5, 0xD5, 0xE8, 0xEE, 0x5E, 0x29, 0xF2, 0x6F,
    0xD4, 0x64, 0xC9, 0x55, 0x0E, 0x35, 0xDE, 0x22, 0xBD, 0x8F, 0xBD, 0x74, 0x80, 0x04, 0x59, 0x86,
    0xE4, 0x1C, 0xF1, 0xE6, 0xFF, 0xA2, 0xFB, 0xE9, 0x7B, 0x0F, 0xFE, 0x47, 0xDD, 0xBE, 0xEF, 0x5B,
    0x7C, 0xE5, 0xE9, 0x17, 0x5B, 0xFC, 0x6A, 0xAB, 0xC1, 0x8F, 0x1A, 0x35, 0xF1, 0xB7, 0x6B, 0x25,
    0xE9, 0xE7, 0x03, 0xEC, 0x65, 0x01, 0x46, 0x59, 0x80, 0xA3, 0xBC, 0xDF, 0xA0, 0xC9, 0xBF, 0x79,
    0x97, 0x24, 0x14, 0x90, 0x0D, 0x7A, 0xDC, 0xBE, 0xF7, 0x55, 0x98, 0x98, 0x43, 0x6B, 0x26, 0x15,
    0xD7, 0x96, 0xF6, 0x64, 0x75, 0xB4, 0x75, 0xC7, 0x6A, 0x9B, 0xF7, 0xFD, 0x96, 0xA8, 0x6F, 0x8C,
    0xBF, 0xB5, 0xB5, 0xB5, 0x4E, 0x5A, 0xCB, 0x2C, 0x78, 0x35, 0xAF, 0x18, 0x63, 0x81, 0x81, 0xE6,
    0x31, 0xD6, 0x2F, 0xE4, 0x12, 0x73, 0x8C, 0xCB, 0xA4, 0xCC, 0x7E, 0xFC, 0x80, 0xB3, 0x8E, 0x6B,
    0x28, 0x4A, 0xD2, 0x40, 0x12, 0x44, 0xF7, 0x4B, 0xF1, 0x39, 0xAC, 0x61, 0x06, 0x39, 0x24, 0x25,
    0x00, 0x86, 0x91, 0x07, 0x0F, 0xBE, 0x7F, 0xBF, 0x92, 0x57, 0x49, 0x29, 0x2F, 0x13, 0x0A, 0xF1,
    0x00, 0x18, 0xC3, 0x1C, 0x16, 0x7D, 0xCD, 0xC9, 0xBD, 0x92, 0x35, 0x6C, 0x61, 0x03, 0x9D, 0x8F,
    0x88, 0x5A, 0x23, 0x71, 0x6B, 0x22, 0x6D, 0xA2, 0xCE, 0xAA, 0xEF, 0x5B, 0xD8, 0x32, 0x74, 0x91,
    0x54, 0xD8, 0x73, 0x45, 0xBA, 0x69, 0x83, 0xBC, 0xC5, 0xF4, 0x08, 0xCD, 0xCD, 0x2B, 0xD2, 0x6D,
    0x8F, 0x89, 0xDA, 0x35, 0x9A, 0xA3, 0xAB, 0x91, 0x1C, 0x93, 0x97, 0x92, 0x40, 0x0D, 0xE8, 0xCF,
    0xDD, 0x7F, 0x57, 0x5E, 0xC9, 0x4B, 0x05, 0xE3, 0x21, 0xCC, 0x99, 0xB1, 0x64, 0xCD, 0x66, 0x08,
    0x9D, 0xA8, 0x1D, 0xD8, 0x6E, 0x3C, 0xDD, 0x31, 0x61, 0x81, 0x35, 0x51, 0x43, 0x52, 0xE2, 0x39,
    0x9B, 0x81, 0x6E, 0xE0, 0x1B, 0x08, 0x15, 0x18, 0x3F, 0xCB, 0x39, 0x66, 0x58, 0x62, 0x8D, 0xCD,
    0xB3, 0xEC, 0x0C, 0xDC, 0x03, 0xF9, 0xC0, 0x3E, 0xD0, 0x0F, 0x0D, 0xD9, 0xC6, 0xED, 0xA9, 0xA3,
    0x8F, 0x5F, 0xCA, 0xE7, 0x74, 0x8F, 0x93, 0x31, 0x93, 0xDB, 0xFF, 0xFF, 0x1E, 0xFB, 0xBE, 0xE3,
    0xFE, 0xF7, 0xCF, 0x4A, 0x79, 0x95, 0x05, 0x79, 0x99, 0x34, 0x0A, 0x71, 0x6B, 0x2C, 0xEA, 0x0C,
    0x60, 0xBE, 0x83, 0xAC, 0xBF, 0x88, 0xDA, 0xE8, 0xF1, 0x9B, 0x71, 0x6B, 0x2D, 0x69, 0x6D, 0x24,
    0x8D, 0x8D, 0x2C, 0xE8, 0xE4, 0x55, 0xD4, 0x5A, 0x88, 0xDB, 0x68, 0xBB, 0xE3, 0x7D, 0xD0, 0xEC,
    0x88, 0x2F, 0x00, 0x48, 0x9B, 0x4F, 0xE2, 0xDA, 0xFA, 0x0D, 0xBC, 0x56, 0xD4, 0x3E, 0x70, 0xF4,
    0x21, 0xEE, 0x1B, 0xF7, 0xEB, 0xE8, 0xAB, 0xA5, 0xBC, 0x35, 0x22, 0xEF, 0x4C, 0xB8, 0xB5, 0x75,
    0xC0, 0x68, 0xED, 0x90, 0xD1, 0xDC, 0x29, 0x93, 0xB1, 0x96, 0x83, 0xA2, 0x6A, 0x38, 0xCC, 0x43,
    0xCD, 0x69, 0xFA, 0xDD, 0x40, 0x93, 0xFC, 0xC7, 0x80, 0xF1, 0x7F, 0x56, 0xD4, 0xFA, 0x52, 0x14,
    0x9C, 0x95, 0xE2, 0x60, 0xC1, 0x8D, 0x7F, 0x1C, 0x70, 0xB5, 0x75, 0xFB, 0x17, 0x4E, 0x08, 0x71,
    0xFF, 0x36, 0xE3, 0x6F, 0x6D, 0xD8, 0x9A, 0x4B, 0x5A, 0x85, 0x2C, 0xC8, 0xAB, 0xBC, 0xDA, 0xC1,
    0x98, 0x3C, 0x2C, 0xC8, 0xAB, 0x93, 0x01, 0x1E, 0x53, 0x94, 0x6B, 0xC6, 0xD6, 0xCC, 0x07, 0x38,
    0xB1, 0x64, 0x63, 0x2E, 0x7E, 0x56, 0x98, 0xFD, 0xF8, 0x09, 0xCE, 0x1A, 0x88, 0x5B, 0x24, 0x35,
    0x72, 0x78, 0xDD, 0x15, 0xE9, 0x16, 0x15, 0x16, 0x01, 0x3F, 0x69, 0x48, 0xAA, 0xC3, 0x2B, 0xD2,
    0x85, 0x68, 0xFB, 0x12, 0xC9, 0x83, 0x4F, 0xF0, 0xB1, 0xB4, 0xBB, 0x1A, 0xDD, 0xA8, 0x39, 0x22,
    0x6E, 0x37, 0x44, 0xF5, 0x43, 0x70, 0x35, 0xBA, 0x4C, 0x4D, 0x6F, 0xEB, 0xD2, 0xAF, 0xD7, 0xD1,
    0xBF, 0x95, 0x4E, 0x78, 0x22, 0xFE, 0x61, 0xB5, 0x5B, 0x7D, 0xDD, 0x71, 0x7C, 0xE0, 0x75, 0x20,
    0x19, 0x2C, 0xFC, 0xD9, 0x60, 0x61, 0xCB, 0xD6, 0x13, 0x49, 0xEB, 0xDF, 0x65, 0x21, 0xF9, 0xA3,
    0x9D, 0x85, 0x6C, 0xB0, 0x70, 0x73, 0xB0, 0x70, 0x30, 0x58, 0x68, 0x76, 0x16, 0xE2, 0xB0, 0xB3,
    0x90, 0x0E, 0x16, 0xAE, 0x0D, 0x16, 0x26, 0x83, 0x85, 0x53, 0x1B, 0x8B, 0x30, 0x58, 0x28, 0x07,
    0xEF, 0x83, 0x85, 0x3B, 0x83, 0x85, 0x57, 0x41, 0xD2, 0x20, 0x6A, 0xE1, 0x08, 0x46, 0xBC, 0xB8,
    0x8E, 0x8B, 0xFA, 0xB6, 0x78, 0x6A, 0x55, 0xA6, 0xC1, 0x48, 0x36, 0x40, 0x5E, 0x99, 0x0C, 0x70,
    0x20, 0x2F, 0x1D, 0x2A, 0x38, 0x35, 0xA6, 0x35, 0xA7, 0x31, 0xA3, 0xB6, 0x14, 0x05, 0x4B, 0x71,
    0xB0, 0x96, 0x54, 0xD6, 0x52, 0x66, 0xF6, 0x18, 0x7F, 0xF3, 0x11, 0x2F, 0xF7, 0x6F, 0x3F, 0x17,
    0xCE, 0x2B, 0xEC, 0xC3, 0xD1, 0x55, 0xE9, 0x2E, 0xE0, 0xAC, 0x22, 0xFE, 0x51, 0x20, 0x2D, 0x9B,
    0xAB, 0xD1, 0x4D, 0x3F, 0x1B, 0xC8, 0xBF, 0xDD, 0x90, 0x0D, 0x7F, 0xE1, 0x6A, 0x74, 0x5F, 0x58,
    0x00, 0xDC, 0xF9, 0x99, 0x85, 0xC7, 0xA2, 0x4F, 0xFB, 0x50, 0xBC, 0x1B, 0x3D, 0x91, 0xD6, 0x8E,
    0x25, 0xAD, 0x46, 0xDC, 0xC6, 0x81, 0x2E, 0xC5, 0xF6, 0x1A, 0x96, 0x13, 0xCC, 0x4E, 0x31, 0x0E,
    0x28, 0x4A, 0x8C, 0x61, 0x01, 0x73, 0x98, 0xC1, 0x12, 0x2F, 0x5F, 0x94, 0x14, 0x7D, 0x8D, 0xFE,
    0xE2, 0x85, 0x2F, 0x4D, 0x5F, 0x29, 0xBE, 0xD8, 0x19, 0x5B, 0x1B, 0x9B, 0x0F, 0xA7, 0x99, 0xB9,
    0xA5, 0x99, 0xB5, 0xA5, 0xCD, 0x70, 0x66, 0xAD, 0xBE, 0x2F, 0xA3, 0xA7, 0x2F, 0x7E, 0x69, 0x9E,
    0xBF, 0x82, 0xC5, 0xF7, 0x3B, 0x43, 0x01, 0x6B, 0x53, 0x36, 0x96, 0xF2, 0xAE, 0xD8, 0x7A, 0xB9,
    0x7B, 0x7C, 0x57, 0xD4, 0xB6, 0xC4, 0x3F, 0x69, 0x49, 0xFE, 0x65, 0x80, 0x7A, 0x4B, 0x1A, 0x16,
    0x95, 0x2C, 0x64, 0xB5, 0xAC, 0x8A, 0x5B, 0x79, 0x65, 0x07, 0xBF, 0xA9, 0x55, 0xDC, 0x8E, 0x5A,
    0xE3, 0xFC, 0x4F, 0x6A, 0xF3, 0xF8, 0x82, 0x19, 0x4C, 0x61, 0x0D, 0x1D, 0x3E, 0xD5, 0x60, 0x55,
    0xC2, 0x12, 0xFB, 0xC8, 0x10, 0x95, 0xC0, 0xF8, 0x47, 0xA2, 0xF7, 0x56, 0xD2, 0x30, 0x96, 0x97,
    0xFB, 0xC6, 0x66, 0x66, 0xA6, 0x96, 0x96, 0xD6, 0xD6, 0x36, 0xC3, 0x19, 0x75, 0x36, 0x71, 0x67,
    0xFD, 0xB1, 0xCE, 0xFC, 0xE8, 0xBD, 0xAA, 0xA8, 0x9F, 0x94, 0xCC, 0xF1, 0x88, 0xA8, 0x26, 0x76,
    0x39, 0xAE, 0xA4, 0x25, 0xEF, 0x98, 0x4E, 0x79, 0xFB, 0xA3, 0x97, 0xE3, 0x5A, 0x7D, 0xBD, 0x8C,
    0x7E, 0x78, 0x81, 0x4B, 0x7A, 0x7A, 0x38, 0xA5, 0x5B, 0x72, 0x3A, 0xB9, 0x3C, 0x17, 0x64, 0x0D,
    0xB3, 0x25, 0x07, 0x37, 0x99, 0x8C, 0xC8, 0xDB, 0xCB, 0xF3, 0x3E, 0xA8, 0xC7, 0x4D, 0xFC, 0xF4,
    0xC9, 0xD3, 0x2E, 0x0B, 0x45, 0xD8, 0x16, 0x65, 0x61, 0xBB, 0x30, 0xB7, 0x39, 0x31, 0x8B, 0xDB,
    0xB5, 0xE5, 0xEE, 0xA2, 0xB3, 0x73, 0x1B, 0x5B, 0x03, 0x05, 0x9B, 0x78, 0xCB, 0x3A, 0x59, 0xAA,
    0x16, 0xBF, 0x3D, 0xFE, 0x52, 0xC8, 0x9A, 0xF4, 0x82, 0x81, 0x63, 0x9B, 0x85, 0x65, 0x61, 0x3A,
    0xF7, 0xCA, 0x09, 0x6B, 0x86, 0x82, 0x21, 0xAC, 0x59, 0xAA, 0x76, 0xF7, 0x0E, 0x77, 0xD6, 0xA2,
    0x8E, 0x25, 0x53, 0xD7, 0x3B, 0xE3, 0x9A, 0x19, 0x05, 0x69, 0x29, 0x2A, 0x31, 0x50, 0x0D, 0x66,
    0xB6, 0x85, 0xED, 0x60, 0x23, 0x69, 0xD7, 0x45, 0xE8, 0xCF, 0x6D, 0x7F, 0x96, 0xCA, 0x8C, 0x4E,
    0x1C, 0xBC, 0xEC, 0xC3, 0x15, 0xA6, 0x8D, 0xA2, 0x75, 0x7C, 0xAC, 0xFA, 0xE8, 0x87, 0x2B, 0x7C,
    0x38, 0xDD, 0xF5, 0x3B, 0x9D, 0xF0, 0xE1, 0x14, 0x0B, 0x59, 0x15, 0x07, 0x77, 0x59, 0x85, 0x22,
    0x64, 0x55, 0x5E, 0xE5, 0x65, 0xAE, 0xB0, 0x6F, 0x6E, 0x66, 0x6A, 0x6A, 0x7E, 0x58, 0x54, 0xC6,
    0x2C, 0x45, 0x8D, 0x08, 0xAC, 0x82, 0x22, 0xC8, 0x2A, 0xF9, 0x2E, 0x4A, 0x39, 0x05, 0xFB, 0xCC,
    0x99, 0x31, 0x1D, 0x62, 0x57, 0xA6, 0xA8, 0xD8, 0x4A, 0xCE, 0xDD, 0xCE, 0xBD, 0x12, 0x41, 0xD1,
    0x4A, 0x5B, 0x71, 0x23, 0xD9, 0x45, 0x2D, 0x09, 0xD2, 0x0F, 0xF2, 0x0C, 0xF1, 0xA7, 0xD2, 0xC6,
    0xF1, 0x9D, 0xF5, 0xFC, 0x68, 0xC4, 0x2F, 0xF0, 0xF5, 0x0A, 0x1E, 0x67, 0xE4, 0x1B, 0xB2, 0x96,
    0xE3, 0x47, 0x94, 0x53, 0xEC, 0xB3, 0xEA, 0x25, 0x3F, 0x3E, 0x93, 0x57, 0x0B, 0x63, 0x85, 0x99,
    0xC2, 0x52, 0x61, 0x6D, 0x6C, 0x63, 0x6E, 0x63, 0x66, 0x6B, 0x6D, 0x19, 0xB5, 0x16, 0x5F, 0xAE,
    0x65, 0x17, 0x58, 0xBD, 0x55, 0x79, 0xE1, 0xFD, 0x5A, 0xBD, 0xB3, 0x55, 0xFC, 0xC3, 0x4A, 0xF6,
    0x57, 0x85, 0xBC, 0xD9, 0x65, 0x18, 0xCB, 0xCB, 0xF9, 0xC0, 0x66, 0xDF, 0xF4, 0xF9, 0xAC, 0xF8,
    0x7C, 0xAB, 0xD2, 0xE3, 0xB7, 0x37, 0x16, 0xA5, 0x39, 0x72, 0xA4, 0x15, 0x51, 0x05, 0x3C, 0x68,
    0xC4, 0x4F, 0xD7, 0xB2, 0x6A, 0xA1, 0x50, 0x98, 0xBF, 0xEF, 0xA7, 0x5C, 0x2B, 0x6C, 0x5F, 0xF0,
    0xB4, 0x7E, 0xE6, 0x69, 0xFC, 0xE5, 0x20, 0x3D, 0xE7, 0xF9, 0x5C, 0x14, 0xD7, 0xC4, 0x2E, 0xC7,
    0x95, 0x36, 0xE4, 0x2D, 0xC7, 0x93, 0x61, 0x2E, 0xBA, 0x1C, 0xD7, 0xEA, 0xAD, 0xE7, 0x73, 0xD1,
    0xA5, 0x78, 0x1E, 0x4E, 0xD9, 0xCC, 0x78, 0x38, 0xBA, 0x3C, 0xD7, 0xEB, 0x9C, 0x30, 0x05, 0x78,
    0xB6, 0xBF, 0xFE, 0x26, 0x7C, 0xB0, 0xF7, 0x55, 0x34, 0x6E, 0xFC, 0x34, 0x78, 0xFC, 0xA0, 0x8C,
    0x9B, 0x3C, 0xA4, 0x61, 0x11, 0xF2, 0xEA, 0xAF, 0x43, 0x11, 0x7F, 0xA7, 0x1E, 0xA7, 0xBB, 0xD6,
    0xB5, 0x2C, 0xCC, 0x27, 0x79, 0x35, 0x3F, 0xCD, 0xCB, 0x71, 0x18, 0x2B, 0xCA, 0xA5, 0xFC, 0x07,
    0xAD, 0x5F, 0xE9, 0x4B, 0x87, 0x70, 0x82, 0x02, 0x69, 0x49, 0x54, 0x82, 0x55, 0xC8, 0xAA, 0x22,
    0xE4, 0x65, 0xB6, 0xCB, 0xBC, 0x2A, 0xEC, 0x2A, 0xE5, 0xF6, 0x9F, 0x3D, 0x2E, 0x33, 0x73, 0x6B,
    0x33, 0x5B, 0xD3, 0x78, 0x6B, 0xF9, 0xB1, 0x47, 0xE6, 0xBF, 0xFF, 0xF8, 0xED, 0xA2, 0x5E, 0x94,
    0x2C, 0x9E, 0x7F, 0x6E, 0x44, 0x2E, 0xC7, 0x95, 0xB4, 0xE4, 0x8F, 0x98, 0x8E, 0xB8, 0xFB, 0xD2,
    0xE5, 0xB8, 0xA6, 0xF9, 0xB3, 0x55, 0xE9, 0x1E, 0x2E, 0xE9, 0xEB, 0xC5, 0x8D, 0xCD, 0x16, 0x4A,
    0xC0, 0x22, 0xA4, 0xC1, 0x8D, 0x3A, 0xAF, 0x25, 0x4D, 0xB2, 0x83, 0x36, 0xAE, 0x45, 0x6D, 0x12,
    0xE8, 0x92, 0x8A, 0x4D, 0x5A, 0xB2, 0xCE, 0xB0, 0xBC, 0x86, 0xD9, 0x08, 0xFB, 0x6F, 0xA0, 0x68,
    0x90, 0x87, 0x67, 0xC4, 0xF6, 0x60, 0x0A, 0x2D, 0xD2, 0x9A, 0xEB, 0xAB, 0x92, 0x71, 0x87, 0xB8,
    0xC7, 0x13, 0xCC, 0x9E, 0xE5, 0x14, 0xCB, 0x55, 0xE9, 0xEF, 0xFE, 0xB9, 0xF6, 0xD3, 0xA4, 0xB1,
    0x8D, 0xDB, 0xA8, 0xDB, 0x65, 0x1B, 0x0F, 0x7B, 0xF5, 0xED, 0xFB, 0xBF, 0x2E, 0xA4, 0xBB, 0x33,
    0x1F, 0x86, 0x2B, 0xAF, 0x66, 0xF2, 0x7F, 0xDD, 0xC8, 0xCF, 0x2A, 0x05, 0xF6, 0x5F, 0xA0, 0x1A,
    0x44, 0x56, 0x01, 0xA6, 0x39, 0x66, 0x05, 0xA6, 0x7B, 0xE0, 0x12, 0x03, 0x3C, 0xFC, 0x70, 0x03,
    0xFC, 0x2F, 0xC5, 0xDA, 0x0B, 0x88, 0x1D, 0xF9, 0x95, 0xDF, 0xF1, 0x4F, 0x55, 0xCD, 0xA8, 0x66,
    0xA7, 0x2C, 0x95, 0x00, 0x1B, 0x13, 0xF4, 0x28, 0xF3, 0x1E, 0xA0, 0x47, 0x35, 0x40, 0x43, 0x1A,
    0xB8, 0x8F, 0x62, 0x17, 0x30, 0xB0, 0x3C, 0x0C, 0x58, 0xF6, 0xC2, 0x00, 0x4A, 0x78, 0x06, 0x08,
    0xDB, 0x02, 0x14, 0x10, 0x70, 0xA5, 0x5B, 0x64, 0x78, 0x87, 0x10, 0x11, 0x62, 0xF3, 0x0A, 0x20,
    0xC0, 0x10, 0xDE, 0x28, 0x44, 0x24, 0x02, 0xAE, 0xA6, 0xFF, 0xD8, 0x84, 0x05, 0x9C, 0x98, 0x72,
    0x26, 0xB3, 0x0B, 0x0C, 0x49, 0x2A, 0xDE, 0x11, 0x01, 0xB2, 0x61, 0x2B, 0xA6, 0x94, 0xDC, 0x81,
    0xDB, 0xAA, 0xDC, 0x62, 0x2E, 0x1E, 0x75, 0xD3, 0x78, 0xAC, 0xD1, 0x23, 0xE8, 0xD6, 0x41, 0x34,
    0xF4, 0xA9, 0xEF, 0xEF, 0x9C, 0xFF, 0xFF, 0xFC, 0xCF, 0xF9, 0xF7, 0x05, 0xE4, 0x43, 0xE0, 0xED,
    0xEB, 0x15, 0x40, 0x8F, 0xB8, 0x47, 0xB2, 0x46, 0xBE, 0xC2, 0x95, 0x05, 0x0E, 0x46, 0xF3, 0x60,
    0x8A, 0x76, 0x4A, 0x1C, 0x66, 0xA4, 0xD5, 0x8C, 0x5C, 0x49, 0x31, 0x0C, 0x1C, 0x28, 0x78, 0x20,
    0xAF, 0xA2, 0x66, 0x6B, 0x92, 0x20, 0xAF, 0x2F, 0x7D, 0xEE, 0xB0, 0x59, 0x6E, 0xE2, 0xA1, 0x07,
    0x47, 0xCF, 0xF8, 0xCE, 0x0F, 0x81, 0xF2, 0xAF, 0x45, 0x5F, 0x2C, 0xA5, 0xA1, 0x94, 0x57, 0xD7,
    0x94, 0xA6, 0xA6, 0x26, 0x16, 0x16, 0x56, 0x56, 0xD6, 0xE3, 0xBF, 0xA8, 0xB7, 0x8E, 0x7B, 0xAB,
    0x3F, 0xEA, 0xCD, 0x6E, 0x7D, 0x51, 0x17, 0xCD, 0xC7, 0x15, 0x6F, 0xA9, 0x78, 0x57, 0x20, 0xFD,
    0x7E, 0x4D, 0xFC, 0x0C, 0x78, 0xDD, 0xFC, 0x37, 0xDF, 0xE5, 0x60, 0x8F, 0xA2, 0x83, 0x97, 0xD4,
    0x70, 0x8A, 0xF2, 0xC2, 0x0A, 0x97, 0x4F, 0x52, 0x36, 0x27, 0x29, 0x47, 0xC0, 0x2B, 0xCA, 0xAF,
    0xA3, 0x24, 0xAB, 0x30, 0x81, 0x87, 0xD0, 0xC3, 0xE3, 0x0A, 0x65, 0xF8, 0x46, 0xBC, 0xBF, 0x7E,
    0x46, 0x5A, 0x93, 0x7B, 0xEE, 0xF9, 0x17, 0x3B, 0x70, 0x2B, 0xF4, 0x24, 0xCD, 0xC8, 0xC9, 0x3B,
    0x40, 0x34, 0xB4, 0xCA, 0x9F, 0x6E, 0x6C, 0xAC, 0x92, 0xCE, 0xED, 0x2C, 0x90, 0xD7, 0x94, 0x98,
    0xE3, 0x2E, 0x1E, 0x63, 0xF5, 0xDC, 0xB3, 0xC0, 0x0C, 0x65, 0x95, 0x54, 0xD9, 0x93, 0x3F, 0xE7,
    0xE8, 0x73, 0xCC, 0xF0, 0x88, 0xA8, 0x21, 0x06, 0x94, 0xAD, 0xF8, 0xE9, 0x46, 0x16, 0x16, 0x0A,
    0x13, 0x33, 0xFB, 0xEE, 0x60, 0x85, 0x0D, 0xD6, 0x58, 0xDB, 0xF9, 0x54, 0x2B, 0x7F, 0x1C, 0xA4,
    0xCF, 0x20, 0x0F, 0x94, 0x0D, 0x0F, 0x3B, 0x71, 0xD8, 0xC7, 0x59, 0xAC, 0x8B, 0x2C, 0xF8, 0xDE,
    0x8B, 0xB1, 0x1E, 0x72, 0xD4, 0x93, 0x74, 0xB2, 0xB5, 0xF7, 0xF7, 0xFC, 0xBD, 0xB7, 0x19, 0x31,
    0xB7, 0x94, 0x5B, 0xC8, 0xC2, 0x64, 0xE6, 0xE2, 0x1D, 0x56, 0x6C, 0x58, 0xB3, 0x66, 0x65, 0x64,
    0xDB, 0xA2, 0x6D, 0xC9, 0x76, 0xD1, 0x0D, 0x64, 0x35, 0xBC, 0x72, 0xB0, 0xB8, 0x19, 0xD9, 0x92,
    0x06, 0x2F, 0x08, 0x76, 0x39, 0x1E, 0xC9, 0x0A, 0xA4, 0x1B, 0x24, 0xDD, 0x69, 0xBC, 0x91, 0xCF,
    0x08, 0x68, 0x24, 0x34, 0x22, 0x1A, 0x19, 0x95, 0x30, 0x87, 0xBB, 0x76, 0x9C, 0x56, 0x27, 0xCD,
    0x02, 0x66, 0x76, 0xB4, 0x46, 0xDC, 0x91, 0x17, 0x59, 0xD4, 0x48, 0x7E, 0x59, 0x89, 0x8F, 0xF1,
    0xB3, 0xB3, 0xB3, 0xEE, 0xE2, 0x1F, 0x98, 0xF5, 0x0B, 0x51, 0x20, 0xFD, 0x27, 0x15, 0xC9, 0x31,
    0xA2, 0x35, 0x00, 0x0C, 0x43, 0xCF, 0x8D, 0x4F, 0x8F, 0x2A, 0x79, 0x9D, 0x05, 0x79, 0x95, 0xB4,
    0x0A, 0x71, 0xA7, 0x14, 0xF5, 0x46, 0x63, 0x36, 0x9A, 0xA9, 0x68, 0xD4, 0x17, 0x77, 0x46, 0xA5,
    0xD6, 0x92, 0xD6, 0x5A, 0x16, 0xF4, 0xF2, 0x3A, 0xEA, 0xCC, 0xC5, 0x5D, 0xB4, 0x71, 0xE9, 0xE9,
    0x61, 0x6B, 0x39, 0x3C, 0x83, 0xF9, 0x27, 0x0D, 0xC5, 0x2F, 0x6A, 0xD2, 0x5F, 0x22, 0xFB, 0x0F,
    0x76, 0x7B, 0xE0, 0x6F, 0xAB, 0x71, 0x0F, 0x1A, 0x37, 0xA1, 0x71, 0x17, 0x52, 0x9A, 0x31, 0x35,
    0x65, 0x61, 0xC1, 0xCA, 0x8A, 0xB5, 0xB5, 0x71, 0x2F, 0x1A, 0x37, 0xA3, 0x71, 0x37, 0x32, 0x6E,
    0x47, 0x63, 0xFD, 0xF8, 0x83, 0xC1, 0xB3, 0xE1, 0x59, 0xD4, 0x45, 0x8F, 0x7F, 0xF8, 0x42, 0xE0,
    0x0D, 0x97, 0x82, 0x7C, 0xD8, 0x88, 0x6E, 0xDC, 0x1B, 0x11, 0xB7, 0xCC, 0x5B, 0xE4, 0xA3, 0x5D,
    0xD9, 0x98, 0x99, 0xEF, 0xCA, 0xC6, 0xCA, 0xC2, 0xC6, 0xAE, 0x6C, 0xC4, 0xBB, 0xB2, 0x71, 0xBE,
    0x77, 0xF7, 0xD6, 0x17, 0x61, 0x8B, 0x09, 0x30, 0x6C, 0x70, 0xFD, 0x07, 0x60, 0x24, 0x1F, 0x82,
    0xC3, 0x4F, 0x6F, 0xD4, 0xF2, 0x3A, 0xA9, 0x46, 0x72, 0x23, 0x39, 0x05, 0x94, 0x30, 0x83, 0xF9,
    0xD0, 0x70, 0xE7, 0x7A, 0xC5, 0x0A, 0x36, 0xB0, 0x86, 0xDE, 0x5B, 0xA2, 0xCE, 0x9E, 0xB8, 0x73,
    0x20, 0x6D, 0xA3, 0xDE, 0x72, 0x18, 0x3A, 0x30, 0x1C, 0xEF, 0x8E, 0x97, 0x71, 0x91, 0xF7, 0x59,
    0xD8, 0x14, 0x36, 0x33, 0xEB, 0x3B, 0x49, 0xB7, 0x2A, 0xC2, 0x70, 0x6C, 0x73, 0xC6, 0x22, 0xAF,
    0xDF, 0x42, 0xF3, 0x1E, 0x1E, 0xDC, 0xDC, 0xC9, 0xC7, 0x6B, 0xA7, 0xBD, 0x7F, 0xDE, 0xAD, 0x3D,
    0x65, 0x8B, 0x33, 0x80, 0xE3, 0x1D, 0xF0, 0x59, 0xBB, 0x32, 0xAB, 0x90, 0x07, 0xE4, 0xD5, 0x9B,
    0x61, 0x4D, 0x82, 0xAC, 0x91, 0x06, 0xBC, 0x48, 0x70, 0x5F, 0x27, 0x92, 0xAB, 0xF0, 0x10, 0x51,
    0x87, 0xB8, 0x45, 0xF4, 0xB4, 0xC2, 0xB2, 0x7A, 0x11, 0xC2, 0x87, 0x92, 0x20, 0x1D, 0x3F, 0x92,
    0x4F, 0x45, 0xC7, 0xEC, 0xAA, 0xDE, 0xD5, 0xB3, 0xAA, 0xDE, 0xEB, 0x54, 0x94, 0xEE, 0xAA, 0x5E,
    0x74, 0xBA, 0xEA, 0xF5, 0xB6, 0x4A, 0x14, 0x36, 0x66, 0xD6, 0xB6, 0x62, 0x6C, 0xD5, 0x18, 0x8E,
    0xD9, 0xFC, 0xDE, 0xB3, 0x4E, 0xD9, 0xE0, 0x61, 0xE7, 0xC4, 0x71, 0x87, 0xE8, 0xA8, 0xA7, 0xF8,
    0xC9, 0xC0, 0xC6, 0xBC, 0x4A, 0x3A, 0x85, 0x2C, 0x20, 0xAF, 0x4F, 0x48, 0xB8, 0x03, 0x2B, 0xC5,
    0x50, 0xAD, 0xA4, 0xC7, 0x56, 0x23, 0xF6, 0x6A, 0xC4, 0x5E, 0x48, 0x5A, 0xB3, 0xD1, 0x94, 0x55,
    0xD2, 0xC8, 0x9E, 0x7C, 0x18, 0x38, 0xFA, 0x02, 0xEE, 0x12, 0x0D, 0xA4, 0x1F, 0xD5, 0xDE, 0x52,
    0x61, 0xEE, 0xDC, 0xF0, 0x5F, 0x95, 0x37, 0x6A, 0x8B, 0x34, 0xE8, 0x93, 0xA0, 0x4B, 0x43, 0xD4,
    0x65, 0x75, 0xD4, 0xE5, 0xAC, 0xA7, 0xCC, 0x7B, 0x1E, 0x92, 0x04, 0x92, 0x27, 0xC4, 0xC3, 0xDA,
    0xB9, 0xFF, 0x39, 0x98, 0x2A, 0xAA, 0x87, 0xF2, 0xAA, 0x93, 0xEB, 0x5D, 0x73, 0xF7, 0xFA, 0x5A,
    0x36, 0xDC, 0x23, 0x0A, 0xEF, 0x61, 0x54, 0xA4, 0xBD, 0x8F, 0x65, 0x7D, 0x52, 0xDB, 0xFA, 0xA4,
    0xB6, 0xAB, 0xAF, 0x4A, 0x5B, 0xEA, 0xBE, 0xE4, 0x8F, 0x83, 0x68, 0x00, 0xB8, 0xE6, 0xDC, 0xF1,
    0xD1, 0x56, 0xDB, 0xBF, 0x7F, 0x65, 0xDA, 0xA4, 0x35, 0xF2, 0x80, 0xAC, 0x06, 0x6F, 0x28, 0x6F,
    0x53, 0xDC, 0xC5, 0x04, 0xBC, 0x96, 0xBC, 0x9D, 0x4D, 0xFF, 0xCE, 0xD9, 0xF4, 0xCF, 0x49, 0x38,
    0xB7, 0x93, 0x30, 0x1E, 0xBF, 0xCE, 0xA6, 0x87, 0xBF, 0xC3, 0x0E, 0xFF, 0x16, 0x3C, 0x80, 0x00,
    0x12, 0x5C, 0xC0, 0x1E, 0xBE, 0xFD, 0x7A, 0xB4, 0x31, 0x07, 0x43, 0x85, 0xE4, 0x93, 0x80, 0x77,
    0x35, 0x00, 0xC0, 0x70, 0x9C, 0x0C, 0x9D, 0x1B, 0x9F, 0x47, 0x47, 0x3F, 0x90, 0xD7, 0xA6, 0xE4,
    0x95, 0x05, 0x05, 0x2B, 0x4A, 0xD6, 0x94, 0xF4, 0xCC, 0x44, 0x1D, 0xF3, 0x61, 0xE8, 0xC6, 0x12,
    0xF2, 0xE3, 0x8E, 0x95, 0xA4, 0x65, 0x2D, 0x69, 0x58, 0x4B, 0x03, 0x63, 0x51, 0x10, 0x75, 0xF2,
    0x5A, 0x3C, 0x5A, 0x97, 0x9E, 0x5A, 0x36, 0x96, 0x43, 0x32, 0xF4, 0x58, 0x11, 0x1F, 0x93, 0xFE,
    0x37, 0x2E, 0xA4, 0x95, 0x6F, 0x47, 0x15, 0xE4, 0x3D, 0x69, 0x47, 0xD4, 0x11, 0xB7, 0x24, 0x0D,
    0xC9, 0xCF, 0x37, 0x92, 0x5F, 0x2D, 0xA5, 0x3F, 0x2B, 0x64, 0x6D, 0x21, 0xDF, 0x1D, 0xF2, 0x85,
    0xA9, 0x6B, 0x26, 0xAE, 0x59, 0x98, 0x5A, 0x99, 0x78, 0x64, 0x61, 0xED, 0x91, 0xC7, 0xF7, 0xD6,
    0xE6, 0x95, 0xB3, 0xF5, 0x88, 0x87, 0xB1, 0x44, 0x46, 0x87, 0xD7, 0xAF, 0x1F, 0x57, 0xAF, 0x4A,
    0xCF, 0xC8, 0x7D, 0xAE, 0x1B, 0x5D, 0x74, 0xBE, 0xFB, 0xA4, 0xB2, 0xE3, 0x96, 0xFE, 0xEA, 0xAE,
    0xEC, 0x61, 0x29, 0x6F, 0xCA, 0x53, 0xDC, 0x23, 0xF3, 0xD9, 0xDC, 0xA0, 0xAC, 0x6A, 0xFF, 0xEA,
    0x37, 0xB5, 0x30, 0x3C, 0x9F, 0x1F, 0x5B, 0x35, 0xE4, 0x35, 0x79, 0x45, 0x81, 0x72, 0xF7, 0xCC,
    0x30, 0xC5, 0x02, 0x2B, 0xAC, 0x77, 0x4F, 0xBF, 0x8B, 0x65, 0x67, 0xE4, 0xB5, 0x1C, 0x28, 0xDA,
    0xFB, 0xFF, 0x68, 0xA8, 0x81, 0xA2, 0x93, 0x76, 0xE2, 0x56, 0xD2, 0x4A, 0x9A, 0xDD, 0x49, 0x93,
    0xD5, 0xF2, 0x5A, 0x5E, 0xC9, 0x19, 0x3F, 0xFF, 0x52, 0xDA, 0x02, 0xCB, 0x61, 0x9C, 0x8E, 0x5F,
    0x29, 0xCD, 0x68, 0x47, 0x97, 0xCB, 0x50, 0x84, 0xAC, 0xCE, 0xEB, 0xBC, 0xCA, 0x15, 0xAE, 0x99,
    0x99, 0x9A, 0x98, 0x98, 0xDD, 0x2C, 0x6A, 0xDF, 0x8B, 0xD8, 0x7F, 0x97, 0xBD, 0xCB, 0xE4, 0xFD,
    0x2B, 0x8F, 0xC8, 0x07, 0xE9, 0xC1, 0x95, 0xA2, 0xE7, 0x6B, 0x28, 0x86, 0xE3, 0xED, 0xCB, 0x76,
    0xA1, 0x29, 0x28, 0x29, 0x99, 0x31, 0x65, 0xC1, 0x8A, 0x35, 0x6B, 0x7A, 0x51, 0x27, 0xEE, 0x8C,
    0xEB, 0x63, 0x10, 0xB5, 0xB2, 0x4A, 0x4E, 0x31, 0x0E, 0xA5, 0xD2, 0x9E, 0x85, 0x8D, 0xDB, 0x50,
    0x74, 0x69, 0x17, 0xB7, 0x49, 0x9B, 0x34, 0x49, 0x48, 0x7F, 0xF7, 0xDE, 0x5C, 0xFE, 0x37, 0x69,
    0x7B, 0xD5, 0x6D, 0xBD, 0xCE, 0x71, 0x55, 0x06, 0x51, 0x2B, 0x19, 0xD3, 0x04, 0xE0, 0x1B, 0xB1,
    0x7C, 0x9D, 0xBA, 0xF9, 0x50, 0x6D, 0x9D, 0x7E, 0xF7, 0x0B, 0xF2, 0x3A, 0xE9, 0x18, 0x7B, 0x76,
    0x0A, 0x49, 0x43, 0x29, 0x0D, 0x94, 0xB2, 0xC0, 0x4C, 0x5E, 0x33, 0x95, 0x57, 0x2C, 0x14, 0x58,
    0x29, 0xB1, 0xDE, 0xD9, 0x19, 0x7A, 0x53, 0xC6, 0x9A, 0x48, 0xDC, 0x59, 0x19, 0x09, 0xD6, 0x46,
    0x88, 0x35, 0xE8, 0x21, 0xEE, 0x20, 0x69, 0x21, 0x0D, 0x88, 0x0E, 0x2B, 0xA4, 0x6B, 0x44, 0x5D,
    0xDC, 0x24, 0x5D, 0xD2, 0x46, 0x6D, 0xD2, 0x00, 0x2C, 0xC3, 0xD1, 0x56, 0xC1, 0x61, 0x9D, 0x8D,
    0x0A, 0xEA, 0x5C, 0x5E, 0x15, 0x72, 0xD7, 0x14, 0x66, 0xAE, 0x99, 0x9A, 0x99, 0x98, 0x5A, 0x98,
    0x78, 0x64, 0x32, 0x82, 0xDC, 0xEC, 0x15, 0xF5, 0xA9, 0x72, 0x92, 0x05, 0xD1, 0x21, 0xF1, 0x1A,
    0xB2, 0x40, 0xD9, 0xF2, 0xA8, 0x13, 0x35, 0x07, 0x00, 0xC6, 0x2D, 0x1D, 0x1D, 0xDD, 0x3B, 0x7B,
    0x11, 0xF5, 0x44, 0xCF, 0x2D, 0xA2, 0x64, 0xE7, 0x37, 0x0D, 0x64, 0x81, 0x3C, 0x9C, 0x5E, 0x8F,
    0x4C, 0xB1, 0xE2, 0x47, 0x1D, 0x47, 0x35, 0xA2, 0x0D, 0xE9, 0x31, 0x57, 0x73, 0x2E, 0x46, 0x40,
    0xD1, 0x91, 0x9E, 0xF2, 0x99, 0x84, 0x9D, 0xDF, 0xFA, 0x2B, 0x9F, 0x39, 0x0A, 0x5C, 0x73, 0x12,
    0xEF, 0x11, 0x3A, 0xBE, 0xDB, 0xB2, 0xAC, 0x30, 0x1C, 0x67, 0xC3, 0x36, 0x9D, 0xC9, 0x17, 0x63,
    0x36, 0x1B, 0x63, 0xCE, 0x15, 0x26, 0x94, 0x5A, 0xCA, 0xB4, 0x66, 0x76, 0x15, 0xD3, 0x23, 0xDC,
    0x1D, 0xF0, 0x71, 0x5E, 0xB3, 0x1E, 0xF9, 0xFB, 0xB4, 0xA1, 0x4F, 0xBA, 0x31, 0x0B, 0xBD, 0xE4,
    0xCB, 0x01, 0xCC, 0xB3, 0x6A, 0x39, 0x28, 0x6B, 0x20, 0xAA, 0x90, 0x04, 0xA4, 0x15, 0x2E, 0xC0,
    0xB7, 0x38, 0xBB, 0x82, 0x87, 0xA3, 0x2E, 0x09, 0xCB, 0x7B, 0x69, 0x98, 0xC8, 0xEA, 0x4E, 0xFE,
    0x27, 0xB5, 0xFC, 0x2A, 0xC5, 0xD2, 0x38, 0x6D, 0x2A, 0xC7, 0xEA, 0x9C, 0x06, 0x93, 0xA4, 0xB5,
    0x88, 0x7B, 0x8F, 0x1C, 0x5B, 0x2B, 0x81, 0x1F, 0x10, 0x37, 0x24, 0x35, 0x29, 0xCE, 0x33, 0xAE,
    0x83, 0xAE, 0xD8, 0xFA, 0xCB, 0xEA, 0xB3, 0xFD, 0xCD, 0xCF, 0xF6, 0x67, 0x97, 0xA0, 0x8A, 0x09,
    0xEE, 0x9F, 0x51, 0x47, 0xC2, 0x2E, 0x6F, 0xD5, 0xD7, 0xD5, 0x91, 0x77, 0xF4, 0x2E, 0x47, 0x9D,
    0x83, 0xB8, 0x73, 0xEB, 0xD2, 0xD3, 0x1F, 0x75, 0x63, 0x8B, 0x2C, 0xE9, 0xA4, 0x41, 0xCE, 0x1E,
    0x17, 0xA1, 0xE8, 0xA5, 0x9D, 0xE8, 0xCC, 0x12, 0xBB, 0xAB, 0x0A, 0x4A, 0xAE, 0x31, 0x65, 0xCA,
    0x84, 0xD9, 0x4D, 0x45, 0xFD, 0xEA, 0x90, 0xE0, 0x6D, 0xE4, 0xB8, 0x82, 0xF7, 0xF0, 0x01, 0xD1,
    0x50, 0x59, 0x52, 0x70, 0x8D, 0xD9, 0xEE, 0xDD, 0x16, 0x3C, 0xA2, 0xE7, 0x4B, 0xE6, 0x2F, 0xB1,
    0x9B, 0x1D, 0x76, 0xF2, 0x3F, 0x44, 0x6B, 0x38, 0x47, 0xCE, 0x15, 0xDE, 0xE3, 0x03, 0x23, 0xEA,
    0xB5, 0x2D, 0xEA, 0x44, 0x1E, 0xF6, 0xE5, 0xD5, 0xFD, 0x6F, 0x8A, 0x5A, 0xF4, 0x8F, 0xD2, 0xAE,
    0x8B, 0xFE, 0x77, 0x88, 0xFF, 0xBA, 0x7A, 0x95, 0xB1, 0xBA, 0x6D, 0x6A, 0x63, 0xE1, 0xD1, 0x73,
    0x00, 0x6F, 0x9D, 0x0D, 0xE0, 0xEC, 0x64, 0x7D, 0x14, 0xF2, 0xEF, 0x37, 0x79, 0x12, 0x5E, 0x1C,
    0xE0, 0x5D, 0x66, 0x0B, 0xE6, 0x0D, 0x8F, 0x49, 0x37, 0x9C, 0xFF, 0x3D, 0x11, 0x48, 0x8F, 0x45,
    0x9B, 0x5D, 0x16, 0xAC, 0x9F, 0x4B, 0xC4, 0x6F, 0x24, 0xCF, 0x24, 0xBD, 0x22, 0x38, 0x0A, 0xFE,
    0xF4, 0xCB, 0x80, 0x54, 0x27, 0x0E, 0xE7, 0x3C, 0x40, 0x01, 0x0E, 0x40, 0x0B, 0x00, 0x18, 0x42,
    0x3C, 0xB4, 0x6E, 0x34, 0xD1, 0xDD, 0x4A, 0xDE, 0xD9, 0x23, 0xEF, 0x1D, 0x70, 0x65, 0x63, 0x9F,
    0xBD, 0x95, 0x9B, 0xEC, 0xCD, 0x3C, 0xE0, 0xA0, 0xD4, 0xB1, 0x5F, 0xD4, 0x2D, 0x37, 0xF3, 0xD0,
    0xF0, 0x20, 0xFD, 0x75, 0xA0, 0x4D, 0x7E, 0x3B, 0xDA, 0xF8, 0xFF, 0xD6, 0x34, 0x86, 0x4A, 0x14,
    0x1C, 0x55, 0xE2, 0x60, 0xCE, 0xA5, 0xFF, 0x3C, 0xDA, 0xE5, 0xC6, 0x55, 0x28, 0x2A, 0xA6, 0x68,
    0x89, 0x2A, 0xB0, 0xFC, 0xF9, 0x46, 0xF1, 0xAB, 0xA5, 0xEC, 0x67, 0x85, 0xFC, 0x8C, 0x36, 0x6E,
    0xE6, 0xEC, 0x76, 0xE8, 0xCD, 0x72, 0x03, 0x3F, 0x00, 0x1D, 0xC4, 0x01, 0x92, 0x0A, 0xCE, 0xBD,
    0x94, 0x0E, 0xB8, 0x4F, 0xD4, 0x12, 0x07, 0x92, 0x8A, 0x73, 0x20, 0x0E, 0xB7, 0xE0, 0xB7, 0x2D,
    0x1C, 0xD5, 0x30, 0xFF, 0xFF, 0x96, 0xBB, 0xDD, 0x98, 0xFF, 0xD9, 0x6E, 0xCC, 0xFF, 0xA1, 0x97,
    0xD1, 0x9C, 0xD5, 0xC8, 0x1B, 0xA4, 0x0D, 0xA2, 0x80, 0xE4, 0x9F, 0xF5, 0xCB, 0xEA, 0xFD, 0xF4,
    0xB7, 0x9F, 0x85, 0x8B, 0xD1, 0xFF, 0x49, 0x1A, 0xD1, 0x66, 0x6B, 0xE2, 0x2E, 0x0D, 0x92, 0x76,
    0x34, 0x4D, 0x56, 0x4B, 0x43, 0x3E, 0x9A, 0xBC, 0x92, 0xD5, 0x05, 0x79, 0x35, 0x1A, 0x05, 0x85,
    0xE2, 0xCF, 0x14, 0xB2, 0xF6, 0x0D, 0xAF, 0x8A, 0xF3, 0xE0, 0x32, 0x98, 0x80, 0x87, 0xF0, 0xE3,
    0x16, 0x8E, 0xAA, 0x17, 0x89, 0xD0, 0xDA, 0x42, 0xEF, 0x91, 0xCE, 0xFA, 0xE4, 0x19, 0x49, 0x56,
    0x8B, 0x0E, 0x49, 0xD6, 0xCF, 0xF5, 0x21, 0xCF, 0xDF, 0x4C, 0xC6, 0xC3, 0x3D, 0xCA, 0x9F, 0xAE,
    0xD9, 0x98, 0xD9, 0x0D, 0xA8, 0xF2, 0x3A, 0xAF, 0xB7, 0xA6, 0x24, 0x0F, 0x73, 0xF2, 0xFA, 0xCE,
    0x68, 0x1E, 0x53, 0x54, 0x2B, 0x4A, 0x2B, 0x66, 0x56, 0xDC, 0xB1, 0x60, 0x6D, 0x26, 0xDE, 0xFD,
    0x62, 0xF6, 0xE4, 0x63, 0x1C, 0xB5, 0x9C, 0xFE, 0xD3, 0x97, 0xC3, 0xF1, 0x5A, 0x67, 0x25, 0xAB,
    0xE7, 0x0A, 0x85, 0x51, 0xC7, 0x62, 0xF4, 0xA7, 0xB0, 0x51, 0x8E, 0x5E, 0xAC, 0x47, 0x3D, 0x56,
    0x16, 0x51, 0xA7, 0xFC, 0x30, 0x48, 0x8F, 0xA1, 0x7A, 0x0B, 0xCD, 0x2D, 0x2C, 0x1B, 0x00, 0x5E,
    0x3B, 0xFF, 0x07, 0xEF, 0x72, 0x70, 0x99, 0xA2, 0x87, 0x97, 0xD4, 0x90, 0xFF, 0x45, 0xC3, 0xB5,
    0xBC, 0xE2, 0xF6, 0x04, 0xCD, 0x83, 0x37, 0xA3, 0x21, 0xFD, 0xA4, 0x93, 0xFF, 0x69, 0x30, 0xBD,
    0xCA, 0x83, 0xFD, 0x97, 0xD3, 0x30, 0xCE, 0xB8, 0x1B, 0xE5, 0x4F, 0x3E, 0xBE, 0xBE, 0xB2, 0xB1,
    0xB0, 0x97, 0x74, 0x56, 0xDE, 0xCB, 0x82, 0xB5, 0x8B, 0x79, 0xAD, 0xA7, 0x14, 0xF5, 0xCC, 0x45,
    0x1D, 0x77, 0xC6, 0x5F, 0xF0, 0x58, 0xF2, 0xE4, 0x87, 0x56, 0x92, 0x86, 0x95, 0x34, 0xB0, 0x1A,
    0x11, 0x2D, 0xE4, 0x41, 0x35, 0x95, 0xD7, 0x42, 0x21, 0xAF, 0xE2, 0x90, 0x3D, 0x39, 0xBC, 0xFE,
    0x61, 0xED, 0x68, 0x18, 0x86, 0x6A, 0xCB, 0x98, 0xAD, 0x47, 0xCA, 0x3B, 0x77, 0x47, 0xCE, 0xAE,
    0x1C, 0x49, 0x9B, 0x72, 0x64, 0x0D, 0x73, 0x77, 0x14, 0xF5, 0x48, 0x57, 0x7C, 0xBF, 0x1F, 0x89,
    0x87, 0xDA, 0x58, 0x17, 0x8C, 0x16, 0x2B, 0x47, 0x58, 0x44, 0x43, 0xF5, 0xED, 0x2D, 0xFB, 0x67,
    0x4F, 0x1E, 0x48, 0x9F, 0x45, 0x43, 0x0D, 0x77, 0xA0, 0x47, 0xDC, 0x20, 0x75, 0xF2, 0x8A, 0xF3,
    0x73, 0x6E, 0x7C, 0xFA, 0xB1, 0x5D, 0xC8, 0xAB, 0xBC, 0x52, 0x8C, 0x78, 0xE3, 0x9E, 0x33, 0x02,
    0x98, 0x99, 0x31, 0x8D, 0xD6, 0x2C, 0x87, 0x9A, 0xC7, 0x87, 0xD8, 0x7C, 0xD5, 0xDF, 0x66, 0x41,
    0xD4, 0x25, 0xAD, 0xB8, 0x4B, 0xC6, 0xE1, 0x28, 0x3A, 0xB6, 0x1C, 0xAA, 0x25, 0x51, 0x2F, 0x09,
    0x72, 0xBE, 0x0D, 0x47, 0x1F, 0xF5, 0x37, 0xFE, 0xE9, 0x2A, 0xBB, 0x79, 0x3B, 0x6F, 0x2E, 0xE6,
    0xC1, 0x6E, 0xD4, 0x3A, 0xDD, 0x2F, 0x59, 0xBF, 0x4E, 0xA4, 0x33, 0xBB, 0xED, 0x77, 0xE1, 0x5B,
    0xC8, 0xD6, 0xF3, 0xEA, 0xED, 0xF5, 0x67, 0xC1, 0xBF, 0x4B, 0x6B, 0xC7, 0x11, 0x1B, 0xF4, 0x44,
    0x5F, 0x33, 0x48, 0xC0, 0xDB, 0xB8, 0x8A, 0x09, 0xF6, 0x71, 0x1F, 0x9C, 0x8F, 0x03, 0x59, 0x81,
    0x64, 0x83, 0xA4, 0x7B, 0x33, 0x81, 0xDF, 0xCF, 0xB8, 0xB2, 0x20, 0xEF, 0x38, 0x57, 0xDB, 0x45,
    0xDF, 0x36, 0xFC, 0xB6, 0xF1, 0xB7, 0x4D, 0xC0, 0x57, 0xCD, 0xD5, 0xA9, 0xD6, 0x72, 0xF2, 0xDC,
    0x00, 0xB4, 0x66, 0x07, 0x9D, 0x05, 0x72, 0x4C, 0xF0, 0x3D, 0x20, 0x7B, 0x56, 0xF9, 0xF8, 0xC3,
    0x26, 0xEA, 0x92, 0x71, 0xAE, 0x6C, 0x92, 0x86, 0xA4, 0x25, 0xEE, 0xF1, 0x0C, 0xCB, 0x86, 0x6C,
    0x4D, 0xF4, 0x0C, 0x73, 0x17, 0x15, 0xD5, 0x03, 0x85, 0xB5, 0xC2, 0xCA, 0xCC, 0xFC, 0xA7, 0x6B,
    0xE9, 0x70, 0x0F, 0x73, 0x3C, 0xDA, 0x9D, 0xE4, 0x80, 0xA3, 0x46, 0xF2, 0xA4, 0x97, 0xD5, 0x0B,
    0x79, 0x35, 0x4E, 0x25, 0xFB, 0xD2, 0x8E, 0xF8, 0x19, 0xE6, 0x81, 0xB4, 0x25, 0xEA, 0xEC, 0x47,
    0x9D, 0xDB, 0x71, 0x6B, 0xF6, 0x61, 0x90, 0x1D, 0xC3, 0x0C, 0x03, 0xC9, 0x5F, 0xD5, 0x2E, 0x44,
    0x01, 0xCF, 0xB1, 0xDE, 0xD8, 0xB1, 0x8E, 0x33, 0xB0, 0xEA, 0x0F, 0x61, 0xED, 0x4F, 0xB3, 0xA6,
    0xAD, 0xA2, 0x73, 0xFB, 0xB6, 0x7B, 0xEF, 0xC0, 0x51, 0x9B, 0x3C, 0x59, 0x6F, 0x21, 0xF3, 0x6A,
    0x3F, 0xAB, 0xA5, 0xDD, 0x08, 0x38, 0xF2, 0xA5, 0xED, 0xC5, 0xA8, 0xBB, 0x15, 0x75, 0x5B, 0xB6,
    0x2D, 0xDA, 0x48, 0xF6, 0xAA, 0x00, 0x6E, 0xE2, 0x0E, 0x0A, 0x14, 0xBC, 0x7D, 0x87, 0xBC, 0x7F,
    0x21, 0x92, 0x46, 0xD4, 0x33, 0x61, 0xE2, 0x3B, 0xBD, 0xB2, 0xC1, 0xFD, 0x2B, 0x1C, 0x3C, 0xA4,
    0x6C, 0x29, 0xEA, 0x57, 0x1E, 0xB4, 0x83, 0x8C, 0xAB, 0x27, 0x16, 0xE3, 0xC8, 0x6B, 0x0B, 0xBC,
    0x4B, 0xF0, 0xBE, 0xAC, 0x76, 0x3A, 0xC1, 0xB6, 0xE0, 0x6E, 0x9D, 0x4A, 0x70, 0x3E, 0x0C, 0x83,
    0xE2, 0x47, 0x4F, 0x0F, 0xED, 0x25, 0xED, 0x05, 0x07, 0x49, 0x7B, 0xDE, 0xC5, 0xA4, 0x79, 0x8B,
    0x34, 0xF0, 0xDC, 0xED, 0x78, 0x5E, 0xA1, 0xE0, 0xF4, 0xDF, 0x69, 0x4C, 0x61, 0x01, 0x2B, 0x44,
    0xC7, 0x28, 0x87, 0x80, 0x06, 0xD6, 0x30, 0xD9, 0x19, 0x6F, 0xAF, 0x50, 0xB4, 0x70, 0x99, 0x03,
    0x51, 0x2F, 0x1F, 0xC2, 0xB9, 0xA7, 0xD5, 0xD7, 0xDC, 0xF0, 0xFD, 0xAD, 0x64, 0x2D, 0xA9, 0xA4,
    0x0D, 0x1D, 0x9D, 0x1F, 0x37, 0x8E, 0x2A, 0x84, 0x3D, 0xFC, 0xEB, 0x0E, 0xCB, 0x80, 0x39, 0x00,
    0xDF, 0x48, 0x5A, 0xF9, 0xFB, 0xA4, 0x9D, 0x7B, 0x56, 0xED, 0xA4, 0x71, 0x9B, 0xCE, 0xDF, 0x0F,
    0xFE, 0xFB, 0x88, 0x34, 0x1F, 0x5C, 0xFA, 0xF4, 0x04, 0xF3, 0xA9, 0xB1, 0x75, 0xC2, 0xEC, 0xCF,
    0xE4, 0xED, 0xEF, 0x90, 0xFE, 0xDC, 0x88, 0x64, 0x7F, 0x44, 0x92, 0x34, 0x4E, 0x23, 0x15, 0xC3,
    0x50, 0x7B, 0xFB, 0xF0, 0xFA, 0x0B, 0x20, 0x9D, 0x1D, 0xCF, 0x33, 0xD8, 0xC6, 0xCF, 0x4F, 0x25,
    0x6B, 0x40, 0xDC, 0xBF, 0xC3, 0xBB, 0x77, 0xDF, 0xE3, 0x5B, 0x79, 0x07, 0x80, 0xE5, 0x10, 0x0D,
    0x5D, 0xF1, 0xD4, 0xB2, 0x4A, 0x83, 0x3D, 0xD9, 0x68, 0xF2, 0xDA, 0xC1, 0x68, 0xC6, 0x31, 0xDA,
    0x4D, 0x05, 0x0F, 0x94, 0x74, 0x66, 0xB4, 0xA6, 0x34, 0x16, 0xA2, 0x60, 0x21, 0x0E, 0x56, 0x92,
    0xDA, 0x4A, 0xCA, 0xD4, 0x05, 0xCA, 0x9F, 0x3C, 0xE2, 0xDC, 0x97, 0xE5, 0xE9, 0x9F, 0xD7, 0xFE,
    0x72, 0x00, 0xB0, 0x0C, 0x59, 0x5D, 0x84, 0xBC, 0xCA, 0xB6, 0x4F, 0x5E, 0x17, 0xF2, 0xAA, 0xDC,
    0xDD, 0x9A, 0x4D, 0x77, 0xB7, 0x66, 0x2B, 0x53, 0x1B, 0x93, 0x78, 0x63, 0xF1, 0x47, 0x8F, 0xCC,
    0xFE, 0xC1, 0xE3, 0x7B, 0x45, 0x33, 0xAF, 0x80, 0x6C, 0x68, 0x89, 0xAE, 0x57, 0xAF, 0x9D, 0xFA,
    0xC4, 0xFD, 0xF2, 0x4B, 0x50, 0x47, 0x2E, 0x92, 0x68, 0x48, 0xFE, 0x71, 0x20, 0x1A, 0xBC, 0x99,
    0xA8, 0x7F, 0x90, 0x32, 0xB9, 0x42, 0xDE, 0xBF, 0xA2, 0xC8, 0x3B, 0xAA, 0x88, 0xFF, 0x32, 0x10,
    0xD7, 0xA3, 0xF9, 0x79, 0xC0, 0x50, 0xBD, 0x19, 0x35, 0x90, 0x75, 0xBC, 0xFF, 0x0F, 0x39, 0xF8,
    0x16, 0x7B, 0x7B, 0xAF, 0x48, 0xD9, 0x9D, 0x39, 0xFA, 0x15, 0xC9, 0xAF, 0x5B, 0xB2, 0xE4, 0x0D,
    0xE9, 0x49, 0x7E, 0xD3, 0xC9, 0x3E, 0x6A, 0x5C, 0xCD, 0xD9, 0x7F, 0xEF, 0xA5, 0x34, 0xBC, 0x46,
    0xCA, 0x09, 0x74, 0x88, 0x1B, 0x24, 0x0D, 0xE2, 0xA7, 0x70, 0xF4, 0x12, 0xBC, 0x3C, 0xFC, 0xEA,
    0x86, 0x7A, 0x7C, 0x92, 0x4F, 0x89, 0x8E, 0x61, 0x0E, 0x0C, 0x15, 0xC4, 0x9F, 0x04, 0xC8, 0x34,
    0x00, 0x00, 0x47, 0x1B, 0xB7, 0x0D, 0x5D, 0xF9, 0xB9, 0xB5, 0xC3, 0x7B, 0x79, 0x1D, 0x6D, 0x5C,
    0x90, 0xD7, 0xC9, 0x66, 0x54, 0x1E, 0xD2, 0x8D, 0x03, 0x59, 0xB8, 0xB0, 0xF2, 0x40, 0x16, 0x2E,
    0x2F, 0xB4, 0xB2, 0x30, 0x59, 0xC4, 0x41, 0x1A, 0x6E, 0x2D, 0x92, 0x5A, 0x1A, 0xBA, 0x69, 0x46,
    0x1A, 0x9A, 0xE9, 0x05, 0x92, 0xFF, 0x14, 0xA6, 0x7B, 0x24, 0x9F, 0x54, 0xD3, 0x03, 0x92, 0xCF,
    0xCC, 0x1E, 0x90, 0xFC, 0x2F, 0xB3, 0x96, 0x64, 0xA3, 0x0C, 0x24, 0xBD, 0xB2, 0x26, 0xEE, 0x94,
    0x20, 0xEE, 0x91, 0x6D, 0xF0, 0xFE, 0xFB, 0xEC, 0xBE, 0xBE, 0xC6, 0x3C, 0xA4, 0xE1, 0x6A, 0x11,
    0xF2, 0x50, 0x26, 0xA1, 0x08, 0x79, 0x12, 0xCA, 0xD1, 0xFC, 0xDD, 0x70, 0x3E, 0x09, 0xFF, 0x26,
    0x5C, 0x4E, 0xC2, 0x27, 0xE1, 0x20, 0xF9, 0xF9, 0x2F, 0xC2, 0xCD, 0xE4, 0x17, 0x7F, 0xD2, 0x34,
    0xC9, 0x2F, 0xB7, 0x2F, 0x4E, 0xFE, 0x63, 0xF2, 0x57, 0x92, 0xBF, 0x49, 0xFE, 0x8B, 0xA4, 0x4F,
    0xD6, 0x92, 0x36, 0xE9, 0x00, 0xEE, 0xC2, 0x80, 0xE4, 0x2F, 0x2A, 0x27, 0x5A, 0x31, 0xE6, 0x43,
    0x3A, 0x84, 0xE2, 0xF3, 0xE8, 0x63, 0x69, 0xE3, 0xB6, 0xA4, 0xD3, 0x8A, 0xBB, 0x38, 0xD0, 0xA7,
    0xD8, 0x9C, 0xC7, 0xE2, 0x00, 0xD3, 0x07, 0x28, 0x03, 0x8A, 0x0A, 0x25, 0xCC, 0x4F, 0x9F, 0x2D,
    0xBB, 0x63, 0xA5, 0x18, 0x9A, 0xAF, 0xB4, 0xAD, 0xF0, 0xFE, 0x15, 0x5C, 0x8C, 0x7C, 0x25, 0xCE,
    0xA5, 0x26, 0x6F, 0x46, 0xCA, 0xAD, 0xE9, 0xE2, 0x46, 0xD4, 0x25, 0x81, 0x3E, 0xA9, 0x59, 0xA7,
    0x15, 0xAB, 0x0C, 0x8B, 0xF3, 0x18, 0x23, 0xEA, 0xDA, 0x07, 0x28, 0xDA, 0x13, 0xDF, 0xBD, 0xB9,
    0xE0, 0xB9, 0x65, 0x35, 0xE2, 0xFB, 0xCE, 0xB2, 0xA2, 0xEC, 0x21, 0xFB, 0xE3, 0x40, 0xFE, 0x51,
    0x33, 0xFE, 0xEF, 0x4D, 0xE9, 0x8D, 0x7A, 0x24, 0x0D, 0xB2, 0x0A, 0x97, 0x01, 0x60, 0x1C, 0x28,
    0x6B, 0x5F, 0x5C, 0x5F, 0xD2, 0x78, 0x2C, 0x0A, 0xD1, 0x5A, 0x54, 0x25, 0xDD, 0x4E, 0x91, 0x39,
    0x3C, 0x46, 0xB4, 0xC6, 0xD9, 0x3F, 0x7F, 0x4B, 0xD2, 0x3A, 0x90, 0x07, 0xFB, 0xE6, 0xD7, 0xAF,
    0x77, 0x76, 0xB7, 0xE0, 0x25, 0x16, 0x27, 0x2E, 0x24, 0x0D, 0x43, 0x1D, 0x3D, 0x39, 0xAC, 0xE2,
    0x7A, 0x26, 0xB6, 0x21, 0xEE, 0x48, 0x1B, 0xF2, 0x9A, 0x39, 0x56, 0x23, 0x2D, 0x49, 0x9B, 0xCA,
    0xC3, 0x05, 0xE5, 0x4F, 0xEE, 0x98, 0x0F, 0x1B, 0x5C, 0x85, 0x39, 0x5C, 0x03, 0x6F, 0x48, 0xC3,
    0x6E, 0xA8, 0x13, 0xB5, 0xF0, 0x92, 0x1A, 0xF6, 0x33, 0xBC, 0x3F, 0x41, 0xDE, 0x21, 0x6B, 0xDE,
    0x90, 0x86, 0x70, 0x9B, 0x7F, 0xDB, 0x32, 0xAF, 0xF9, 0xCE, 0x4B, 0x6A, 0x48, 0x8F, 0x51, 0x1E,
    0x62, 0x92, 0x63, 0xF5, 0x0E, 0xD6, 0xD0, 0x23, 0xEA, 0x4E, 0x7C, 0xF5, 0x2A, 0x69, 0x76, 0xE6,
    0xCC, 0xEE, 0x34, 0xFF, 0xBD, 0x8D, 0xF7, 0x23, 0xE8, 0xF1, 0xDD, 0x16, 0xCB, 0x0A, 0xFF, 0x0F,
    0xD5, 0xD9, 0x01, 0xA4, 0x25, 0x59, 0x1E, 0x1E, 0xF0, 0x5F, 0x55, 0xF5, 0x74, 0xED, 0x4E, 0x4D,
    0xBF, 0x9A, 0xB0, 0x63, 0xB3, 0xA6, 0xA7, 0x6B, 0x01, 0x23, 0x5E, 0xBF, 0x0A, 0x5A, 0xBC, 0xF0,
    0x6E, 0xDD, 0x4A, 0x16, 0x8B, 0x20, 0x83, 0x9D, 0x19, 0x4C, 0xE8, 0x20, 0x08, 0x56, 0xFA, 0xA1,
    0x57, 0x5A, 0xDC, 0xD7, 0xB7, 0xD6, 0x62, 0x11, 0x91, 0x16, 0x99, 0x59, 0x10, 0x16, 0x83, 0x00,
    0x3A, 0x0C, 0x9A, 0xDC, 0xEE, 0x77, 0xCC, 0x62, 0xB1, 0x6C, 0x6A, 0x57, 0x76, 0x03, 0x44, 0xC9,
    0x74, 0x0B, 0x82, 0xAD, 0x44, 0xB5, 0xBD, 0xCD, 0xED, 0x57, 0x71, 0xCB, 0x1D, 0xCF, 0xB3, 0x2D,
    0xB2, 0xDB, 0x3B, 0x3D, 0xC9, 0xD5, 0x75, 0xEE, 0xE9, 0xC7, 0xE5, 0xFB, 0x9C, 0xFF, 0xF9, 0xFF,
    0xBF, 0xEF, 0x2B, 0xB8, 0x46, 0x3C, 0xDE, 0x2B, 0x29, 0x3F, 0x59, 0xE7, 0x6C, 0x54, 0x57, 0x25,
    0xBD, 0xA2, 0x93, 0x05, 0x79, 0xB3, 0xFB, 0x57, 0x92, 0x07, 0x73, 0xF2, 0xC6, 0xC9, 0xB4, 0x3E,
    0xA4, 0xA8, 0xAD, 0x28, 0x59, 0x51, 0xB1, 0xE2, 0x84, 0x05, 0x6B, 0x2A, 0x71, 0x4F, 0x21, 0x0B,
    0x64, 0x4F, 0x1E, 0xC1, 0x69, 0x07, 0x7C, 0x0B, 0x15, 0x2A, 0xB7, 0xBA, 0xEB, 0xF1, 0xD3, 0xD5,
    0x61, 0xD6, 0xCC, 0xBB, 0x42, 0xA1, 0x52, 0x38, 0x51, 0xD4, 0x2B, 0x85, 0x8D, 0xD2, 0x5A, 0x65,
    0x6D, 0x66, 0x65, 0x65, 0x11, 0xF5, 0xCA, 0x8F, 0x82, 0xF4, 0x39, 0x70, 0xB4, 0x1C, 0xA3, 0xE7,
    0x77, 0x8B, 0xA7, 0x16, 0xB3, 0x34, 0xD8, 0x3F, 0xCC, 0x82, 0x83, 0x2E, 0x6F, 0xCC, 0xE4, 0x8D,
    0x1B, 0xF2, 0xDA, 0xB1, 0x82, 0xFB, 0x4A, 0x7A, 0x15, 0x9D, 0x19, 0xAD, 0x85, 0x28, 0x58, 0x88,
    0x83, 0x95, 0xA4, 0xB1, 0x92, 0x32, 0xB3, 0x47, 0xF9, 0xF1, 0x03, 0x2E, 0x8F, 0xF7, 0x40, 0x04,
    0x79, 0x98, 0x96, 0x65, 0xC8, 0x7E, 0xDA, 0x14, 0x21, 0xFF, 0x97, 0xB2, 0x90, 0xFF, 0x7B, 0x79,
    0x53, 0xD4, 0xF2, 0xBA, 0x24, 0x77, 0x40, 0x61, 0xC6, 0x81, 0x19, 0x95, 0x15, 0x33, 0x1B, 0x8E,
    0xE2, 0x0D, 0x8B, 0x6F, 0x3E, 0xA0, 0xFA, 0xA7, 0x0F, 0xEF, 0x29, 0xDA, 0x79, 0x0D, 0x88, 0x9B,
    0xDB, 0x80, 0xFF, 0xD6, 0x02, 0x4E, 0x1B, 0xC0, 0x5D, 0x2F, 0xF8, 0x8C, 0xE3, 0x20, 0x1B, 0xC7,
    0x8D, 0x9B, 0xBF, 0x3B, 0xAD, 0xF3, 0x8F, 0x3F, 0x1C, 0xE4, 0x4D, 0x16, 0xF6, 0xA4, 0x9D, 0xBC,
    0x4E, 0xBA, 0x37, 0x14, 0x8D, 0x42, 0xDC, 0xFF, 0x4D, 0x73, 0x0A, 0xD1, 0xC0, 0x86, 0x72, 0xBB,
    0x89, 0x07, 0xAA, 0xED, 0x26, 0xED, 0x98, 0x89, 0x7A, 0x45, 0x60, 0x21, 0xEE, 0xCD, 0xB1, 0x92,
    0xF4, 0x36, 0xD8, 0x48, 0xBA, 0x78, 0xC0, 0x5A, 0x16, 0xB2, 0x0E, 0xC3, 0x96, 0x64, 0x50, 0x47,
    0xBD, 0xB9, 0xB9, 0xB8, 0x89, 0x7B, 0x1B, 0x1B, 0x49, 0x93, 0x76, 0x6F, 0x77, 0xF1, 0x5A, 0x56,
    0x2F, 0xC7, 0x33, 0xC9, 0x38, 0x8E, 0x80, 0x77, 0xD3, 0x7A, 0x82, 0x6A, 0xEF, 0xBA, 0x09, 0xAA,
    0x6C, 0x30, 0x41, 0x15, 0xDF, 0x33, 0x41, 0x85, 0x09, 0x6A, 0x3E, 0xEE, 0x10, 0x5E, 0xFB, 0x60,
    0x30, 0x6D, 0xF6, 0x93, 0xCE, 0x04, 0xF5, 0xCD, 0x3C, 0xEC, 0xA0, 0x96, 0x76, 0x50, 0x4F, 0xEC,
    0xA0, 0xAE, 0xB1, 0xDE, 0x42, 0xED, 0x77, 0x50, 0xD3, 0xB0, 0x83, 0x9A, 0xD7, 0x6F, 0x9A, 0xA0,
    0x56, 0x8E, 0xC5, 0x7D, 0xB4, 0xB1, 0xD2, 0x79, 0xFB, 0xE9, 0xAD, 0x2E, 0x7A, 0xF6, 0x41, 0x6B,
    0x07, 0x35, 0x60, 0xDE, 0x6A, 0xF7, 0x29, 0x82, 0xFF, 0xD0, 0x93, 0x06, 0xF3, 0x40, 0x16, 0xFC,
    0x2D, 0xE4, 0x0D, 0x94, 0x7F, 0xA8, 0x4F, 0xC7, 0x10, 0x3D, 0x5B, 0x7A, 0x7A, 0x33, 0xA4, 0xA1,
    0x14, 0x4A, 0x79, 0x5D, 0xA9, 0x4F, 0x94, 0x2A, 0xD6, 0x66, 0x66, 0x92, 0xDE, 0xC2, 0x42, 0x16,
    0xAC, 0xAC, 0x14, 0xB5, 0xB5, 0xB5, 0x8A, 0x75, 0x34, 0xD8, 0xB0, 0x8E, 0x87, 0xB8, 0x4F, 0xAC,
    0xAE, 0x0C, 0x69, 0x9B, 0xAA, 0x6E, 0x3F, 0xFB, 0x4F, 0xBF, 0xBB, 0xA9, 0x68, 0xEF, 0x16, 0xE3,
    0x19, 0xE3, 0x73, 0xD1, 0xF6, 0x3C, 0x1F, 0xB3, 0x6C, 0xE5, 0x81, 0x82, 0xBC, 0xA6, 0xA4, 0xA8,
    0xA9, 0x28, 0x31, 0xA3, 0xC4, 0x09, 0x15, 0x16, 0xCC, 0xB0, 0x62, 0x81, 0x35, 0x2B, 0x0C, 0xAC,
    0x89, 0x7A, 0xD6, 0xBE, 0x11, 0xF7, 0x0C, 0xAE, 0xC6, 0xBD, 0xA8, 0x77, 0x98, 0x74, 0xE2, 0xDE,
    0xED, 0xA4, 0xF5, 0xF6, 0xD3, 0x0F, 0xFA, 0x34, 0x58, 0x8E, 0x63, 0x9F, 0x05, 0xD8, 0x11, 0x95,
    0xD7, 0xA0, 0x00, 0x2A, 0xF0, 0x37, 0xD6, 0x60, 0xDE, 0x02, 0xAE, 0x6F, 0xD1, 0xAA, 0x26, 0xB0,
    0x33, 0x79, 0x38, 0xFF, 0x5D, 0x51, 0xCB, 0xD6, 0x4A, 0x2E, 0x4F, 0xAB, 0x41, 0x85, 0xDE, 0x6C,
    0x02, 0xB4, 0x20, 0xEE, 0xAC, 0x48, 0x3A, 0x6B, 0x92, 0x76, 0x8B, 0x30, 0x09, 0x06, 0xFB, 0x69,
    0xD8, 0xE2, 0xCB, 0x9A, 0x2D, 0xBC, 0xBC, 0xDE, 0xA2, 0xCB, 0xEB, 0x2D, 0xB8, 0x02, 0x14, 0xE0,
    0x00, 0xCC, 0xC0, 0x0A, 0x13, 0x47, 0xE6, 0x8D, 0x62, 0x88, 0xDB, 0xB4, 0x4F, 0xBA, 0xA8, 0x4F,
    0xDA, 0xB8, 0x23, 0xD9, 0x3E, 0xED, 0x69, 0x48, 0xC2, 0xAD, 0x26, 0x0D, 0x79, 0x9D, 0x35, 0xB9,
    0xBC, 0x2E, 0xE4, 0x0E, 0x14, 0x2A, 0xA5, 0x99, 0x03, 0x47, 0x66, 0x16, 0x66, 0x1E, 0x38, 0xB2,
    0x56, 0x1D, 0x0F, 0x8A, 0xA6, 0x27, 0xEA, 0x27, 0x98, 0x92, 0x96, 0x2C, 0x88, 0x6E, 0x11, 0xAF,
    0x31, 0x86, 0x78, 0xFC, 0x62, 0x1C, 0xDC, 0x6C, 0xA3, 0xBB, 0x7F, 0x6F, 0x79, 0x4F, 0xDE, 0xDB,
    0x57, 0x91, 0x0F, 0x0E, 0xCD, 0x78, 0x67, 0xE3, 0x86, 0x05, 0xFB, 0x2B, 0xC7, 0x56, 0xEC, 0x57,
    0xEE, 0xDB, 0x70, 0x58, 0xEA, 0xAD, 0xB9, 0x51, 0x34, 0x9D, 0x81, 0xE3, 0x3C, 0xB4, 0x51, 0xCF,
    0xFD, 0xF4, 0x37, 0x21, 0xEE, 0xE9, 0x92, 0xFF, 0x15, 0x92, 0x8E, 0x2E, 0xFE, 0x63, 0x93, 0xB4,
    0xB4, 0xC6, 0x3A, 0x6D, 0x45, 0xC1, 0x69, 0x9D, 0x06, 0x71, 0x30, 0x97, 0x05, 0x6F, 0xFF, 0x67,
    0x73, 0x79, 0x63, 0xB9, 0x71, 0x4D, 0x5E, 0x03, 0x05, 0xA0, 0x04, 0x54, 0x80, 0x15, 0xF0, 0xC1,
    0x70, 0xB1, 0x99, 0xB0, 0x98, 0x68, 0x74, 0xAB, 0x89, 0x45, 0x7D, 0x67, 0x22, 0x81, 0xBD, 0x2D,
    0x07, 0xAE, 0x6E, 0xDC, 0xD8, 0xFE, 0x65, 0xE1, 0x38, 0xED, 0xBD, 0x5B, 0xB9, 0x1F, 0xF7, 0x13,
    0xFE, 0xB8, 0x73, 0x23, 0x6F, 0xBA, 0xA4, 0x75, 0x9C, 0x85, 0x36, 0x09, 0x13, 0xF8, 0x34, 0x4C,
    0xD8, 0xB3, 0xA0, 0x8D, 0xFE, 0xD8, 0x64, 0xCD, 0x84, 0x3C, 0xAF, 0x27, 0xE0, 0xF9, 0x84, 0x5B,
    0xB1, 0x85, 0x5D, 0x2A, 0x27, 0xD4, 0x2A, 0x60, 0x06, 0x1C, 0x5D, 0x80, 0x3A, 0x80, 0x6F, 0x77,
    0x60, 0x59, 0x83, 0x34, 0x40, 0x1E, 0x20, 0x6D, 0x00, 0x60, 0xF9, 0xF9, 0x26, 0x1A, 0x15, 0xBF,
    0x5E, 0x5A, 0xCA, 0x3E, 0x2D, 0x1C, 0xC8, 0xBB, 0x42, 0x25, 0x0F, 0xA5, 0xD9, 0x74, 0x33, 0x8F,
    0x14, 0x66, 0x16, 0xD3, 0x31, 0x3F, 0x50, 0x59, 0xEC, 0x46, 0xC6, 0x30, 0xFD, 0xBF, 0xB7, 0xB0,
    0x8E, 0x7A, 0x0F, 0x3C, 0xFC, 0x37, 0x9D, 0xB5, 0xF9, 0xF7, 0x5A, 0x48, 0x5A, 0x48, 0x03, 0x64,
    0x0D, 0xE4, 0x10, 0x9D, 0x40, 0x3A, 0x80, 0xEE, 0x2A, 0x6E, 0x0F, 0x98, 0xB7, 0x28, 0x6A, 0x00,
    0x30, 0x20, 0x1E, 0x90, 0xAC, 0x91, 0xAF, 0xF0, 0xCE, 0x02, 0x87, 0x0B, 0xDC, 0x9F, 0xA1, 0x9B,
    0x11, 0x87, 0x8A, 0xB4, 0xAE, 0xC8, 0x95, 0x14, 0xE3, 0xC8, 0xA1, 0x82, 0xFB, 0xF2, 0x3A, 0x6A,
    0xE5, 0x75, 0x12, 0xE4, 0xCD, 0xDB, 0x8F, 0xDD, 0x6A, 0x97, 0x9B, 0x78, 0x1C, 0xA4, 0x51, 0x27,
    0xF9, 0x55, 0x23, 0x3A, 0xC3, 0xA7, 0x40, 0xF9, 0x85, 0x6D, 0x47, 0x4A, 0xA7, 0x5E, 0x74, 0xA0,
    0x34, 0x33, 0x73, 0x64, 0x61, 0x61, 0x65, 0x65, 0x6D, 0x3D, 0x75, 0x9E, 0x75, 0x3C, 0x58, 0x7D,
    0x73, 0xD8, 0x36, 0x9C, 0xA6, 0x68, 0x1F, 0xD5, 0x92, 0xFA, 0xBE, 0xF8, 0x97, 0x81, 0x11, 0x1B,
    0x00, 0xC6, 0xE7, 0xA6, 0x2B, 0x9D, 0x37, 0xE4, 0x35, 0x05, 0xCA, 0xDD, 0x53, 0x61, 0x86, 0x05,
    0x56, 0x58, 0xEF, 0x9E, 0x61, 0x77, 0x5F, 0x7A, 0xDE, 0x7E, 0xCA, 0x72, 0x24, 0x69, 0xEE, 0x47,
    0xFF, 0x3D, 0x18, 0xF9, 0x16, 0x2C, 0x83, 0x22, 0xC8, 0x26, 0xB5, 0x90, 0xD7, 0x72, 0x0A, 0x0E,
    0xA8, 0x98, 0x71, 0xC4, 0x11, 0xD5, 0xB1, 0xA2, 0xD9, 0xCD, 0x8B, 0x69, 0x56, 0xC8, 0x07, 0xA4,
    0x1D, 0x00, 0x93, 0x1A, 0x99, 0xC4, 0x08, 0x1B, 0xD5, 0x24, 0x45, 0x4C, 0x4A, 0x64, 0x12, 0x22,
    0x93, 0x0E, 0x99, 0x64, 0xC8, 0xA4, 0x42, 0x26, 0x11, 0xB2, 0xA2, 0xB4, 0xA2, 0xB2, 0xE2, 0xC4,
    0x82, 0xB5, 0x4A, 0xBC, 0xFB, 0xE1, 0xA4, 0x3E, 0x9C, 0x76, 0x48, 0xA3, 0x56, 0xF2, 0xAB, 0x5A,
    0xF4, 0x1C, 0x9F, 0x02, 0xB7, 0x3A, 0xF1, 0xD3, 0x95, 0xAC, 0x99, 0xDB, 0x69, 0x10, 0x8B, 0xFF,
    0x2B, 0x0D, 0x72, 0xBC, 0x87, 0xA3, 0x3B, 0x28, 0x7A, 0xE4, 0x01, 0x00, 0xCB, 0x31, 0x1A, 0xFB,
    0xE2, 0xA9, 0x65, 0xBD, 0x15, 0x27, 0xB2, 0xED, 0x92, 0x37, 0x0E, 0x5F, 0x5E, 0x9C, 0x98, 0x0E,
    0xF5, 0xBF, 0x34, 0x9C, 0xE1, 0x07, 0x60, 0x19, 0xB2, 0xA6, 0xD8, 0x76, 0xBF, 0x90, 0xD7, 0x79,
    0x53, 0xC8, 0xEB, 0x72, 0xD7, 0x01, 0x67, 0x0E, 0xCC, 0x54, 0x56, 0x66, 0x36, 0x5B, 0x5D, 0xB2,
    0x95, 0x25, 0x93, 0x2A, 0x39, 0x17, 0x25, 0xC9, 0xD8, 0x13, 0xBD, 0xFF, 0x1E, 0x20, 0xFD, 0x71,
    0x4B, 0xF6, 0x8B, 0x6E, 0xDA, 0xBD, 0x1A, 0x4A, 0x50, 0x8E, 0x8D, 0xD7, 0xDE, 0x07, 0x8E, 0x72,
    0x4E, 0x4A, 0x0E, 0xF7, 0x5E, 0x92, 0x5E, 0x34, 0x20, 0x69, 0x91, 0xD5, 0x78, 0x07, 0xC9, 0x8F,
    0x3B, 0xD2, 0xCF, 0xFB, 0x69, 0xF7, 0x8A, 0xE8, 0xBD, 0x5E, 0x53, 0x62, 0x81, 0x0E, 0x35, 0x47,
    0xD7, 0x58, 0x6C, 0x29, 0xBE, 0xF3, 0x72, 0x14, 0xA3, 0x70, 0x88, 0xFF, 0xD9, 0x61, 0xD9, 0x60,
    0xFE, 0xF5, 0x50, 0xBC, 0x14, 0xD5, 0xF6, 0x32, 0xD2, 0x0D, 0x49, 0x0F, 0x1C, 0xED, 0xED, 0x4E,
    0xF1, 0xDA, 0xCB, 0x51, 0x4C, 0x7A, 0xE8, 0xE1, 0x10, 0xAE, 0x7E, 0x3D, 0x14, 0xBF, 0x83, 0x1C,
    0x69, 0x43, 0x14, 0x76, 0xA7, 0x98, 0x33, 0x2B, 0xD8, 0x7F, 0xB9, 0x42, 0x8D, 0xC6, 0x26, 0xFB,
    0x59, 0xFF, 0x86, 0x35, 0x2B, 0x16, 0x2C, 0x9C, 0x6E, 0xD2, 0xA7, 0x9B, 0xB2, 0x5E, 0xCF, 0xA2,
    0x7E, 0x91, 0x74, 0x8B, 0x34, 0x54, 0xB7, 0x14, 0x03, 0x40, 0x3A, 0x4E, 0x57, 0xB6, 0x26, 0x4B,
    0x02, 0xF9, 0x4F, 0xDB, 0x69, 0xF7, 0x4A, 0x06, 0x14, 0xCC, 0xC7, 0xDA, 0x5B, 0x5F, 0x5E, 0xD6,
    0x6B, 0xAC, 0xE6, 0x53, 0x25, 0xBF, 0xD4, 0xB0, 0xBA, 0xD0, 0x8C, 0x6A, 0xDC, 0x81, 0x95, 0x69,
    0xF7, 0xB5, 0x30, 0x4B, 0x02, 0x69, 0x20, 0x69, 0x5E, 0x9E, 0xD9, 0xF9, 0xE0, 0xC5, 0xFB, 0x3F,
    0xB8, 0xE0, 0xF0, 0xC6, 0x1E, 0xFF, 0xEC, 0xE9, 0x07, 0x3D, 0xFE, 0x4E, 0xAF, 0xC3, 0x17, 0x9D,
    0x96, 0xF8, 0x17, 0xAD, 0x9A, 0xF4, 0xFB, 0x01, 0xF6, 0xB2, 0x00, 0xFB, 0xD3, 0x97, 0xDB, 0xF9,
    0xB8, 0x46, 0x97, 0x7F, 0xFC, 0x1E, 0x49, 0x28, 0x20, 0x1B, 0x47, 0xB8, 0xF6, 0xFE, 0x5D, 0x38,
    0x54, 0x41, 0x6F, 0x26, 0x15, 0xB7, 0x16, 0xF6, 0x64, 0x6D, 0xB4, 0x71, 0xDD, 0x72, 0x93, 0x8F,
    0xE3, 0x06, 0x60, 0xDA, 0xED, 0xFA, 0x3F, 0xB7, 0xDA, 0xB2, 0x8B, 0x9F, 0x3E, 0x7A, 0x3A, 0x64,
    0xA1, 0x08, 0x9B, 0xA2, 0x2E, 0x6C, 0xE6, 0x2A, 0xEB, 0x13, 0xB3, 0xB8, 0x5F, 0x59, 0x14, 0x61,
    0xE3, 0xF4, 0xB9, 0xB5, 0x8D, 0x89, 0xB2, 0x75, 0xBC, 0x61, 0x95, 0x2C, 0x34, 0xF3, 0x7F, 0x54,
    0x7E, 0x18, 0xB2, 0x2E, 0x3D, 0x23, 0x3A, 0x1D, 0x28, 0x3E, 0x1E, 0xD9, 0x98, 0xD7, 0xBB, 0x19,
    0x8E, 0xBC, 0x41, 0x09, 0x15, 0x9C, 0xC0, 0x4A, 0x31, 0xD6, 0x2B, 0xE9, 0x73, 0x2B, 0x51, 0x6F,
    0x25, 0xEE, 0x2D, 0x9C, 0x9E, 0xA9, 0x7C, 0xFB, 0xB1, 0xB2, 0x4E, 0x5A, 0xD9, 0x93, 0x8F, 0x02,
    0xA7, 0xCF, 0x00, 0xCC, 0x5D, 0x1E, 0xFF, 0xAB, 0xF2, 0x66, 0x63, 0x91, 0x06, 0x43, 0x12, 0xF4,
    0x5B, 0x67, 0x91, 0x35, 0x51, 0x9F, 0xB3, 0x9E, 0x31, 0x1F, 0xF8, 0x8C, 0x24, 0x90, 0x3C, 0x21,
    0x1A, 0xD7, 0xB2, 0x8F, 0x4F, 0x1D, 0xC9, 0xEB, 0xCF, 0xF2, 0xB1, 0xEF, 0x5F, 0xBB, 0x59, 0x7F,
    0xE6, 0x40, 0xF5, 0xC1, 0x5A, 0x36, 0x5D, 0xF0, 0x2B, 0x71, 0x20, 0xFB, 0x87, 0x48, 0x36, 0x88,
    0x07, 0x00, 0xBC, 0x3C, 0x1F, 0x49, 0xA7, 0xDA, 0x2E, 0x7F, 0xC2, 0xE7, 0xFE, 0x3B, 0x1C, 0x0D,
    0x14, 0x2D, 0xAF, 0xD5, 0x7F, 0x09, 0xB7, 0x78, 0x5C, 0xBB, 0xFC, 0x3F, 0x46, 0x33, 0x45, 0xFD,
    0x99, 0xBC, 0xEE, 0xE5, 0x06, 0x07, 0xEE, 0xBE, 0xBF, 0xE3, 0x26, 0x69, 0x6E, 0x13, 0x4D, 0x99,
    0xC3, 0x58, 0xE3, 0xAE, 0x0B, 0x55, 0x99, 0x8D, 0x6E, 0x3E, 0x4E, 0x9E, 0xC9, 0x9B, 0xA4, 0x95,
    0xD7, 0x39, 0x85, 0x23, 0x4A, 0x1D, 0x65, 0xDA, 0x50, 0x5D, 0xC3, 0xEC, 0x14, 0x77, 0x47, 0x3C,
    0xCA, 0x1B, 0xD6, 0x79, 0x60, 0x48, 0x5B, 0x86, 0xA4, 0x17, 0xF5, 0xF1, 0x20, 0xE9, 0xA3, 0xCD,
    0x56, 0x1E, 0x9E, 0xD5, 0xCB, 0x51, 0xD9, 0x50, 0x7F, 0x8B, 0xF6, 0x3E, 0xFF, 0xB1, 0x65, 0x5E,
    0xF3, 0x1D, 0x90, 0x0F, 0xA4, 0x17, 0x0D, 0x98, 0x24, 0x9C, 0xF6, 0x49, 0x58, 0xDE, 0x4B, 0xC3,
    0x91, 0xAC, 0xE9, 0xE5, 0xDF, 0x6B, 0xE4, 0xD7, 0x28, 0x96, 0x93, 0x29, 0x57, 0xE6, 0x8D, 0x59,
    0x1A, 0x1C, 0x25, 0x9D, 0x45, 0x3C, 0x78, 0xE0, 0xB9, 0xB5, 0xF2, 0xAB, 0x54, 0x8B, 0xD7, 0xE0,
    0x0E, 0xF4, 0xBB, 0x85, 0x67, 0x35, 0xE6, 0xCD, 0x5F, 0xAE, 0x1B, 0xE3, 0xF6, 0x5C, 0x73, 0x17,
    0xC8, 0xFF, 0x2D, 0xE9, 0xC0, 0x0B, 0xB5, 0x18, 0xBE, 0x3E, 0x82, 0x70, 0x7A, 0xC6, 0x5B, 0x3F,
    0xC0, 0x57, 0x41, 0xF8, 0x78, 0x8F, 0xA3, 0x07, 0x94, 0xDD, 0x05, 0xF5, 0x7C, 0x3A, 0x6E, 0x8C,
    0x63, 0xAF, 0x4D, 0x1A, 0xF5, 0x1E, 0x6E, 0x13, 0x07, 0xF6, 0x30, 0x1F, 0x78, 0xEB, 0x14, 0x79,
    0x43, 0x16, 0xB6, 0xCF, 0x25, 0x59, 0xB8, 0x23, 0x0F, 0x2B, 0x45, 0xF3, 0xD0, 0xDC, 0xFC, 0x93,
    0xCD, 0x6E, 0x62, 0xDF, 0xC8, 0x70, 0xFD, 0x01, 0xF2, 0xCE, 0xEE, 0x6E, 0xC1, 0x7C, 0x5C, 0x6F,
    0x97, 0x81, 0xDB, 0x51, 0xCB, 0xCF, 0xD3, 0x9D, 0x36, 0xE4, 0x36, 0xA2, 0x16, 0x69, 0x8D, 0x7C,
    0xC0, 0x6B, 0x8F, 0xA0, 0xA8, 0x91, 0x85, 0xDD, 0x22, 0xDD, 0xED, 0xBE, 0x21, 0x6F, 0x1C, 0x29,
    0xA8, 0xCC, 0x76, 0x87, 0x74, 0x79, 0x6C, 0xA0, 0xDD, 0xE7, 0x47, 0x1D, 0xF3, 0x86, 0xB7, 0x80,
    0xA2, 0x27, 0x9D, 0x3C, 0x94, 0x5D, 0x70, 0x71, 0x3E, 0x63, 0xB2, 0xE6, 0xDC, 0x8E, 0xE5, 0x28,
    0x70, 0x70, 0xD1, 0x8E, 0x79, 0x80, 0x7E, 0xB2, 0xCE, 0x96, 0xF5, 0xFF, 0x0F, 0xD9, 0xE0, 0x84,
    0x10, 0x13, 0x40, 0x4C, 0xF8, 0x30, 0xC1, 0x73, 0x1E, 0x07, 0xDA, 0xA5, 0x81, 0x76, 0x61, 0xA0,
    0x5D, 0x16, 0xB8, 0x8B, 0x02, 0xCF, 0x93, 0xC0, 0x5D, 0x10, 0xB8, 0xCB, 0x01, 0xCF, 0x63, 0xC0,
    0x5D, 0x0A, 0xF8, 0x65, 0x08, 0xF8, 0x65, 0x06, 0xF8, 0x65, 0x04, 0x78, 0x9E, 0x00, 0xCE, 0x5B,
    0x50, 0x04, 0x90, 0x06, 0x90, 0x05, 0x5E, 0x61, 0x00, 0x78, 0xEE, 0x4A, 0xE4, 0x35, 0xF6, 0xBD,
    0xA2, 0x41, 0x93, 0x05, 0x0A, 0xDC, 0x41, 0xED, 0x2B, 0x19, 0x34, 0xE3, 0xF3, 0xA9, 0x83, 0xDD,
    0x7C, 0x1C, 0x9D, 0xBE, 0xC7, 0x14, 0xC7, 0x93, 0xD7, 0x16, 0x28, 0x58, 0xA1, 0x64, 0x8D, 0x92,
    0x01, 0x95, 0xA8, 0xC7, 0x7C, 0x1C, 0xFB, 0xD3, 0x33, 0x27, 0xEF, 0x7F, 0xD8, 0x17, 0x8F, 0xAD,
    0x24, 0x5D, 0x16, 0xAC, 0x25, 0x6D, 0xDE, 0x58, 0x4B, 0x43, 0xDE, 0x18, 0x6C, 0x65, 0x75, 0xD4,
    0xCB, 0x42, 0x29, 0xD9, 0x7E, 0x55, 0xDB, 0x51, 0x93, 0x3E, 0xD9, 0x58, 0x8E, 0xA2, 0xD3, 0x96,
    0x79, 0xBF, 0xEC, 0x7C, 0xFB, 0x8B, 0x4F, 0x36, 0x92, 0xE7, 0x4E, 0x24, 0xBD, 0x4A, 0xDA, 0x99,
    0x4B, 0x77, 0xD1, 0x5A, 0x25, 0x6F, 0xB6, 0x4B, 0x6D, 0xA5, 0x60, 0x2A, 0xBC, 0x5E, 0x25, 0xE9,
    0x54, 0x13, 0x5A, 0x15, 0x8B, 0x68, 0xCD, 0x2A, 0x6B, 0x79, 0xFE, 0x10, 0x63, 0x63, 0xC2, 0x28,
    0xEE, 0x91, 0x4C, 0x4B, 0x87, 0x62, 0xD8, 0xF5, 0x47, 0x94, 0x20, 0xAF, 0x21, 0x09, 0xA0, 0x75,
    0xF1, 0x33, 0xA5, 0x71, 0xA6, 0x30, 0x6E, 0x97, 0xC5, 0x4D, 0x71, 0xE2, 0x14, 0x26, 0xEE, 0xA2,
    0xC4, 0x29, 0x48, 0xDC, 0xC5, 0x88, 0x53, 0x88, 0x68, 0x8A, 0x10, 0x4D, 0x19, 0x9C, 0x29, 0x82,
    0x33, 0x85, 0x87, 0xA6, 0x00, 0xCE, 0x94, 0xBF, 0x4D, 0xF1, 0x9B, 0x29, 0x34, 0x34, 0x85, 0x6F,
    0x28, 0x91, 0xD5, 0xC4, 0x01, 0xB5, 0x5D, 0x8E, 0xA6, 0xF8, 0xF5, 0x94, 0xA1, 0x4D, 0x09, 0x5A,
    0xBE, 0x2B, 0xEB, 0x62, 0x17, 0x90, 0x56, 0x16, 0x66, 0x56, 0x53, 0x66, 0xB6, 0xB0, 0xDE, 0xE6,
    0x65, 0xF7, 0xD6, 0xE6, 0x35, 0xA2, 0x7B, 0x48, 0x03, 0xAE, 0xC1, 0x77, 0x11, 0x6F, 0x90, 0x7D,
    0x84, 0xBD, 0x04, 0xAF, 0xA7, 0x48, 0xCE, 0x10, 0xAF, 0x91, 0xAC, 0xF1, 0xFA, 0x0A, 0x57, 0x2F,
    0xC8, 0xF2, 0xA8, 0x9D, 0x91, 0x34, 0x15, 0x99, 0x92, 0x7C, 0x52, 0xE4, 0x4A, 0x93, 0x22, 0xF7,
    0x42, 0x45, 0x7E, 0x79, 0xD7, 0x16, 0x0F, 0x70, 0x1B, 0x0D, 0x69, 0xCF, 0x3B, 0x3F, 0x64, 0xFF,
    0x0A, 0xEF, 0x5E, 0xE1, 0x9D, 0x7D, 0xB2, 0xE1, 0xE5, 0x15, 0xFA, 0x02, 0x18, 0x9C, 0x1F, 0xA2,
    0xD7, 0x01, 0xFE, 0x9F, 0xD1, 0xEB, 0x27, 0xD0, 0xEF, 0x10, 0x7A, 0xCD, 0x5F, 0x55, 0xB4, 0xEF,
    0x4A, 0xBC, 0x45, 0x0E, 0xEF, 0x02, 0x90, 0x10, 0x8F, 0xFF, 0x8E, 0xF2, 0x93, 0x0D, 0x1B, 0x8F,
    0x24, 0xBD, 0x3F, 0xC8, 0x42, 0xF2, 0xAF, 0x9B, 0xBC, 0xC9, 0xF2, 0xA6, 0x74, 0x35, 0x0F, 0xF3,
    0x6D, 0x76, 0x7C, 0xA2, 0xCB, 0x9B, 0x87, 0x71, 0x28, 0xEA, 0x55, 0xAA, 0xB4, 0xBA, 0xA2, 0xB2,
    0x3A, 0x74, 0x62, 0x71, 0xDF, 0xDA, 0x3C, 0xC4, 0xBD, 0xA2, 0xCE, 0x82, 0x7C, 0xAB, 0x43, 0xAE,
    0x9F, 0x76, 0x7C, 0x17, 0xCE, 0xCF, 0xF9, 0x33, 0x34, 0x70, 0xEC, 0xED, 0x67, 0xC1, 0xC3, 0x5B,
    0x4D, 0xDC, 0xE5, 0xDB, 0x56, 0x1C, 0xF2, 0xE6, 0x9F, 0x87, 0x22, 0xFA, 0x65, 0x5B, 0x26, 0xDF,
    0x0F, 0xF3, 0xBD, 0x2C, 0x54, 0xFB, 0x79, 0x53, 0x1D, 0xE7, 0x75, 0x19, 0x4A, 0x45, 0xBD, 0x90,
    0xFF, 0xBE, 0x77, 0x7D, 0xAC, 0x1D, 0x83, 0x61, 0x85, 0xC5, 0x0C, 0xD7, 0x72, 0xA4, 0x49, 0xF3,
    0x2A, 0x5C, 0x64, 0xF6, 0x8B, 0x56, 0xF2, 0x9B, 0x9E, 0xFE, 0x33, 0x0E, 0xF7, 0x5F, 0xBE, 0x2E,
    0x89, 0xCE, 0x90, 0xFE, 0xAC, 0xE1, 0x4A, 0x14, 0xB8, 0xA4, 0xFE, 0x8A, 0x39, 0xC8, 0x06, 0xAE,
    0xFF, 0x90, 0xE3, 0x2B, 0xF0, 0x72, 0x1C, 0xCA, 0xBC, 0x26, 0xFF, 0x7E, 0x20, 0xF9, 0xBC, 0x45,
    0x77, 0xDF, 0xC5, 0xDB, 0x14, 0xDC, 0xFA, 0xDD, 0xCD, 0x46, 0xDE, 0x24, 0xF5, 0x16, 0x0A, 0x85,
    0x98, 0xC2, 0x85, 0x79, 0x37, 0x1F, 0x5B, 0x4E, 0xDE, 0xAF, 0x59, 0xC1, 0x06, 0xD6, 0x30, 0xB8,
    0x24, 0xEA, 0xED, 0x8B, 0x7B, 0x87, 0xD2, 0x2E, 0x1A, 0xA6, 0x77, 0x5D, 0xF2, 0x9F, 0x86, 0xE4,
    0xF3, 0x2E, 0xEA, 0x7A, 0xB7, 0x0F, 0x61, 0x7B, 0x3F, 0x86, 0x2C, 0x6C, 0x0A, 0x9B, 0xED, 0xBD,
    0x88, 0xFB, 0x55, 0x11, 0xC6, 0xE7, 0xD6, 0xEC, 0x52, 0x17, 0x4D, 0xF9, 0x61, 0x48, 0xCF, 0x00,
    0x8A, 0x0E, 0x3F, 0xBA, 0x8D, 0xF6, 0x2A, 0xEA, 0xAF, 0x1C, 0xB0, 0xAC, 0xF3, 0x77, 0x17, 0x7E,
    0xFE, 0x06, 0x97, 0x5E, 0x00, 0x38, 0xD9, 0x01, 0xDE, 0xFC, 0x09, 0xE0, 0xE4, 0xB7, 0x7D, 0xD4,
    0x0F, 0xEE, 0x1C, 0xB9, 0xBA, 0x77, 0x9E, 0x33, 0xDC, 0x7C, 0xBC, 0xCB, 0xE1, 0x0B, 0x4A, 0x4A,
    0x2A, 0x66, 0x2C, 0x58, 0xD9, 0xD1, 0x1E, 0x44, 0xBD, 0xB8, 0xDF, 0x8E, 0xD1, 0xE5, 0x68, 0x56,
    0x2A, 0xF2, 0x3A, 0xFD, 0x49, 0x88, 0x42, 0x87, 0x68, 0x64, 0x79, 0x31, 0xC0, 0x5F, 0xF0, 0x60,
    0xF7, 0x43, 0x3D, 0x3D, 0xCF, 0x82, 0xBB, 0x40, 0xBC, 0x61, 0xEF, 0x26, 0xEF, 0x26, 0x7F, 0xF5,
    0xF7, 0x0C, 0xF1, 0x73, 0xF9, 0x47, 0xAE, 0x26, 0x35, 0x7F, 0xDE, 0x7B, 0x86, 0x17, 0xD4, 0xDE,
    0x2B, 0x31, 0x56, 0x53, 0x0F, 0xF8, 0xED, 0x79, 0x0F, 0x78, 0x19, 0xFB, 0x04, 0x98, 0x37, 0x78,
    0xD2, 0x91, 0x34, 0xC7, 0x44, 0xDE, 0xFC, 0xAA, 0x39, 0xC8, 0x3A, 0xDB, 0x7A, 0x9C, 0x0A, 0xD2,
    0xA5, 0x97, 0xE3, 0x50, 0x4C, 0x76, 0xED, 0x27, 0x81, 0xF8, 0x37, 0x1D, 0xEE, 0xDF, 0xBE, 0xD8,
    0x03, 0x1E, 0x6F, 0x2D, 0xC2, 0x23, 0x3B, 0xC8, 0xF5, 0x54, 0xB5, 0x79, 0xA3, 0x94, 0xD7, 0x4A,
    0x05, 0x95, 0x8A, 0x59, 0xB4, 0x66, 0x39, 0x36, 0x3C, 0xBC, 0x85, 0xCD, 0x79, 0x08, 0x91, 0x05,
    0x51, 0x3F, 0xBD, 0xF3, 0x4E, 0xB6, 0xD5, 0x1C, 0x3D, 0xB7, 0x1C, 0xEB, 0xA5, 0xB2, 0x90, 0xFF,
    0x83, 0x66, 0x7B, 0xF4, 0xED, 0x7D, 0x9C, 0xFE, 0x64, 0xB8, 0xF9, 0xAF, 0x56, 0xD9, 0xF1, 0x9D,
    0xBC, 0xDD, 0x9A, 0x8B, 0xDD, 0xDD, 0x78, 0x51, 0x7D, 0x03, 0xCA, 0x80, 0x27, 0x3D, 0x71, 0xF3,
    0xB7, 0x5F, 0x09, 0x60, 0xCB, 0x26, 0x7A, 0xD2, 0x26, 0xF5, 0x71, 0xE4, 0xCD, 0x3F, 0x0F, 0xF0,
    0x7A, 0x81, 0xD9, 0x01, 0xF2, 0xAC, 0x26, 0xF9, 0xFB, 0xAF, 0xE6, 0x6D, 0x54, 0xF6, 0xCB, 0x20,
    0xF9, 0x6D, 0x37, 0x55, 0xBA, 0x1B, 0xFB, 0x2F, 0xFF, 0x36, 0x8A, 0xD3, 0x9A, 0xF8, 0xF7, 0x81,
    0x54, 0xFB, 0x4A, 0x38, 0x9C, 0x4F, 0xBB, 0xD7, 0xE1, 0xE5, 0x38, 0x64, 0x67, 0xB5, 0x47, 0x37,
    0xDB, 0xA8, 0x4F, 0xFA, 0xA4, 0x8B, 0xBA, 0xA4, 0x35, 0x59, 0xDD, 0x78, 0xC0, 0x19, 0x96, 0x2D,
    0xD9, 0x7A, 0x37, 0xD3, 0xE7, 0xDE, 0x54, 0xD4, 0xF7, 0x15, 0x06, 0x85, 0x95, 0xCA, 0xFC, 0x93,
    0xB5, 0x74, 0x02, 0x85, 0x7F, 0x8C, 0x9E, 0xA8, 0x25, 0x6E, 0x48, 0xE0, 0xB4, 0x4D, 0x9E, 0xAC,
    0xB3, 0x66, 0x91, 0xD7, 0x87, 0x59, 0x23, 0xED, 0xC5, 0x67, 0xCC, 0x83, 0xB4, 0x13, 0xF5, 0x37,
    0xA2, 0xFE, 0x4E, 0xDC, 0x55, 0x1F, 0x85, 0xEC, 0x39, 0x44, 0x8D, 0x24, 0x48, 0x6B, 0xAF, 0xF3,
    0xC6, 0xA4, 0xB7, 0x47, 0xC5, 0x07, 0x4F, 0x6F, 0xD9, 0x4F, 0xBA, 0x3D, 0x87, 0x49, 0x77, 0xC5,
    0x9B, 0x49, 0x7B, 0xE9, 0x3C, 0xCE, 0x20, 0x6F, 0x90, 0xD7, 0x28, 0xA0, 0xBC, 0x38, 0xD3, 0x66,
    0xB0, 0x80, 0x15, 0x2E, 0x9F, 0xD5, 0x94, 0x63, 0x00, 0x78, 0x0F, 0x7A, 0x13, 0x60, 0x92, 0x06,
    0x09, 0xB8, 0xC4, 0xA1, 0x68, 0x90, 0x8F, 0xE1, 0xF2, 0xD3, 0x3A, 0xEE, 0x24, 0x9D, 0xA4, 0x9D,
    0xB0, 0x5D, 0xEC, 0xE3, 0x39, 0xF9, 0x27, 0x92, 0x35, 0xBC, 0x4E, 0xCE, 0x3E, 0x37, 0x38, 0x46,
    0x3C, 0xB6, 0x53, 0x9F, 0x3B, 0x71, 0xE2, 0x81, 0xCA, 0x67, 0x66, 0x38, 0xC1, 0x86, 0xB8, 0xA7,
    0x6C, 0x6C, 0x69, 0x1F, 0x14, 0x81, 0xA4, 0x23, 0xEE, 0xCF, 0x9F, 0xA4, 0x27, 0xDD, 0xA5, 0x4C,
    0x4B, 0xE2, 0x35, 0xCB, 0x46, 0xF9, 0x98, 0x7F, 0x02, 0xC5, 0x9A, 0x67, 0xB7, 0x44, 0x5D, 0xDE,
    0xC4, 0x6D, 0x16, 0xD4, 0xD9, 0x6E, 0x60, 0x9D, 0x90, 0x76, 0xDC, 0x1D, 0xA8, 0x17, 0xA8, 0x2E,
    0xA6, 0x32, 0x56, 0xC4, 0x03, 0x59, 0xCB, 0x23, 0x6E, 0x75, 0x3C, 0x06, 0xBA, 0xAB, 0x70, 0x7B,
    0x80, 0x79, 0x0B, 0x45, 0x0D, 0x00, 0x3B, 0xA7, 0xBC, 0x33, 0xCA, 0x93, 0xF3, 0xDC, 0xD9, 0xE4,
    0x82, 0x15, 0x25, 0x6B, 0x4A, 0x86, 0x9D, 0x45, 0x9E, 0x1C, 0xB2, 0xC9, 0x20, 0x9B, 0xFC, 0xB1,
    0xC9, 0x1E, 0x9B, 0xDC, 0x31, 0x83, 0xA9, 0xA3, 0xC8, 0x1B, 0xF1, 0x76, 0x9D, 0x46, 0x7A, 0x6B,
    0x39, 0x26, 0xE3, 0x80, 0xFA, 0x12, 0xFD, 0x1D, 0xFE, 0xC5, 0x14, 0x48, 0xFD, 0x1F, 0x63, 0xD8,
    0xCF, 0x37, 0x92, 0x5F, 0x2F, 0xA5, 0x9F, 0x16, 0xB2, 0x17, 0xF8, 0xC4, 0x03, 0x2F, 0xF6, 0x89,
    0xFF, 0x1B, 0x65, 0x93, 0x01, 0x64, 0x24, 0x57, 0x18, 0xC7, 0x7F, 0xB3, 0x7B, 0x67, 0x7A, 0x99,
    0xEC, 0x4E, 0x9C, 0xA6, 0x0D, 0xD9, 0xDD, 0x09, 0x82, 0x0D, 0xB3, 0xD9, 0x87, 0xC9, 0x99, 0xD4,
    0x6E, 0xE6, 0x01, 0x40, 0x09, 0x6E, 0x0B, 0xA5, 0xDD, 0x02, 0x50, 0x6E, 0xD4, 0x1E, 0x5B, 0xD2,
    0xDB, 0x69, 0x0F, 0x05, 0x18, 0x14, 0x00, 0xA3, 0x4A, 0x01, 0x5D, 0xA4, 0x1A, 0xE4, 0xEC, 0x2B,
    0x28, 0x0A, 0xEF, 0x7A, 0x00, 0xF0, 0x8E, 0x03, 0xC0, 0xF4, 0x6C, 0x2B, 0xC7, 0xE6, 0xA6, 0x99,
    0x1B, 0x24, 0xD1, 0x67, 0x3C, 0xDF, 0xBC, 0xFF, 0xFF, 0xFF, 0xBD, 0xF9, 0xFE, 0xDF, 0x37, 0x11,
    0x2E, 0x76, 0x62, 0x29, 0x5B, 0xB9, 0x72, 0x40, 0x46, 0x3D, 0x77, 0x96, 0xBD, 0xC1, 0xBC, 0x01,
    0xB8, 0x66, 0x7C, 0x50, 0xE8, 0x71, 0x94, 0x00, 0xB0, 0x78, 0xBB, 0xF9, 0xB0, 0xDA, 0x37, 0x2C,
    0x84, 0x8D, 0xDF, 0xC6, 0x5D, 0x02, 0x9C, 0xAD, 0x4E, 0xC3, 0xF6, 0x79, 0x34, 0x6D, 0x43, 0x5F,
    0x3F, 0xCE, 0xC9, 0x1D, 0xD5, 0x62, 0x0B, 0xE8, 0xAB, 0x5F, 0xE7, 0x46, 0xCC, 0xE7, 0x91, 0x86,
    0xFA, 0xCB, 0xA5, 0xF3, 0x54, 0x77, 0x5C, 0x02, 0x9F, 0xC0, 0xC1, 0x3F, 0xC1, 0xCD, 0x71, 0x14,
    0x22, 0x2E, 0x29, 0xB1, 0x99, 0x6B, 0xA3, 0x8E, 0xFA, 0x78, 0xAE, 0xB4, 0x9F, 0x2A, 0x4B, 0x19,
    0x4B, 0xD7, 0xCD, 0xFD, 0xE7, 0x62, 0x6D, 0xD0, 0xAA, 0x2E, 0x71, 0x96, 0x87, 0x5F, 0x1E, 0xDF,
    0x83, 0x9A, 0x6A, 0x12, 0x32, 0xE5, 0x09, 0x33, 0xF6, 0x71, 0x12, 0x57, 0x3B, 0xBA, 0xA6, 0x6A,
    0xCA, 0x21, 0x04, 0xF6, 0x17, 0x97, 0xB9, 0x99, 0xB4, 0xFF, 0x77, 0x7E, 0xCE, 0x10, 0x97, 0xBA,
    0xB4, 0x75, 0x59, 0xE4, 0x1C, 0x2B, 0xA9, 0x25, 0x33, 0xF9, 0xA1, 0xAC, 0xB3, 0x45, 0x97, 0x48,
    0x1D, 0x30, 0x06, 0xA2, 0x8B, 0xCD, 0x09, 0x82, 0x98, 0x8C, 0xB4, 0x17, 0x79, 0x6B, 0x7E, 0x0A,
    0x0E, 0x87, 0xC4, 0x04, 0xF8, 0x40, 0x0D, 0x9B, 0x35, 0x16, 0x6A, 0x53, 0x42, 0x94, 0x6F, 0xCB,
    0x35, 0xEE, 0x51, 0x9E, 0xCD, 0x74, 0x47, 0x36, 0xB8, 0x03, 0x2C, 0xCC, 0x15, 0x26, 0x88, 0x99,
    0x63, 0x22, 0xD5, 0x97, 0x55, 0x38, 0x67, 0x21, 0x23, 0x4E, 0xCE, 0xA7, 0xEF, 0x6C, 0xEA, 0x81,
    0x6B, 0x86, 0xD3, 0xA0, 0x15, 0x86, 0x5E, 0x0E, 0x2E, 0x6D, 0x42, 0x62, 0x90, 0x96, 0xAA, 0xE5,
    0x9C, 0x31, 0x65, 0x19, 0x69, 0xB0, 0x92, 0x0E, 0x03, 0x4E, 0x18, 0xD2, 0x37, 0xD0, 0xF2, 0xC3,
    0x00, 0xF0, 0x8A, 0x8B, 0xDE, 0xE8, 0x34, 0x40, 0x08, 0x76, 0xBE, 0xFD, 0x8E, 0x17, 0x7F, 0xF0,
    0xEC, 0x12, 0x20, 0x6B, 0x87, 0xA7, 0x7D, 0xE3, 0x25, 0xD6, 0x12, 0x7B, 0x85, 0xDB, 0x23, 0x74,
    0x80, 0xB8, 0x11, 0xF8, 0x5E, 0x7E, 0xD3, 0x3D, 0x3C, 0x9D, 0x3E, 0x28, 0x54, 0x3A, 0x93, 0x37,
    0x5A, 0xCA, 0xAC, 0x58, 0x6D, 0x8E, 0xCA, 0x00, 0xB7, 0x28, 0xE4, 0xDD, 0xD1, 0x08, 0x80, 0xA8,
    0x78, 0x4B, 0x79, 0x5C, 0xA9, 0x0E, 0x0A, 0x95, 0x95, 0xAA, 0x0A, 0x31, 0x9B, 0x23, 0x09, 0x94,
    0xD2, 0xA2, 0xB8, 0x62, 0x55, 0x34, 0x2C, 0x85, 0xA3, 0x78, 0x86, 0xA3, 0x19, 0xC2, 0x0E, 0x50,
    0xED, 0x31, 0x60, 0xA0, 0xA6, 0xA0, 0x2E, 0xC1, 0x05, 0x5A, 0x40, 0x08, 0xCC, 0x01, 0x0D, 0x75,
    0x05, 0x36, 0xD0, 0x04, 0x7C, 0x20, 0x00, 0x72, 0xB0, 0x4A, 0x45, 0x02, 0x0E, 0xD0, 0x00, 0x06,
    0x80, 0x00, 0x00, 0xA0, 0x81, 0x53, 0xF6, 0x94, 0x21, 0xD0, 0xA2, 0xEB, 0x13, 0x1C, 0x8D, 0xF2,
    0xA8, 0xC8, 0x2B, 0xA3, 0xF6, 0x46, 0x93, 0x00, 0x71, 0xF5, 0x5A, 0x7D, 0xAB, 0xF7, 0x39, 0x07,
    0xFF, 0x26, 0xE3, 0xBF, 0x12, 0x00, 0xB6, 0x94, 0x9B, 0x78, 0x3C, 0x48, 0xC0, 0xC2, 0x63, 0xC0,
    0x80, 0x1E, 0x4D, 0x7A, 0x9C, 0x56, 0xF5, 0x5D, 0x56, 0x85, 0x2F, 0x4A, 0x63, 0x8E, 0xBF, 0x61,
    0x1F, 0x87, 0x5A, 0x52, 0xCB, 0x6D, 0xE5, 0x12, 0xC2, 0xED, 0x3F, 0xA3, 0x43, 0x1F, 0x87, 0x06,
    0xBB, 0xB0, 0x01, 0x27, 0x4C, 0xCF, 0xCC, 0xF9, 0xEB, 0x7C, 0xFA, 0xDC, 0x90, 0x30, 0x38, 0x79,
    0x76, 0x04, 0x44, 0x45, 0x7E, 0x38, 0xCA, 0x63, 0xCC, 0x31, 0x69, 0xE5, 0xEC, 0xCD, 0xFC, 0xAD,
    0xAE, 0x1F, 0x84, 0x41, 0x10, 0x43, 0xC1, 0x36, 0xE5, 0x50, 0xF1, 0x1E, 0xEE, 0xB2, 0xBC, 0xE1,
    0x8B, 0x42, 0xD6, 0x24, 0x00, 0x3E, 0x0C, 0xA1, 0x8B, 0x63, 0x76, 0xF6, 0x2E, 0x32, 0xD1, 0x57,
    0x64, 0x58, 0x39, 0x18, 0x00, 0xE7, 0x22, 0xD8, 0x9B, 0x19, 0x00, 0xF0, 0x4C, 0xFA, 0xB8, 0x50,
    0x00, 0xB4, 0xB6, 0x66, 0xAB, 0x83, 0x09, 0x58, 0x78, 0xB2, 0x2F, 0x9B, 0xB4, 0xE9, 0x01, 0x40,
    0x51, 0x5F, 0xB9, 0xF9, 0x2B, 0x8E, 0xAD, 0xB9, 0x06, 0x62, 0xDD, 0xF8, 0x99, 0x18, 0x00, 0xC6,
    0xA4, 0xD4, 0x12, 0xBA, 0x54, 0x00, 0x10, 0xBF, 0x80, 0xF5, 0x2A, 0x2A, 0x01, 0xAE, 0x79, 0xEF,
    0x64, 0xD7, 0xBC, 0x77, 0x49, 0x47, 0xD6, 0xC3, 0xBB, 0xC7, 0x29, 0x47, 0x38, 0xEA, 0x88, 0x14,
    0xBC, 0x30, 0x9E, 0xF8, 0x80, 0x7D, 0xD1, 0xF9, 0x2C, 0xB0, 0xEF, 0xFF, 0x5E, 0xD7, 0x75, 0xB5,
    0x21, 0xF7, 0xF5, 0x95, 0xFB, 0xAA, 0xAB, 0x81, 0xF1, 0xB6, 0x8E, 0xD8, 0xD6, 0x8C, 0x03, 0xFA,
    0xA9, 0x9D, 0xF7, 0x93, 0x80, 0xAC, 0x9E, 0xF4, 0xBF, 0x57, 0xCE, 0x9F, 0xEA, 0xC9, 0xC7, 0x26,
    0xF3, 0x63, 0x5A, 0x4D, 0xA7, 0x39, 0xE5, 0x64, 0x35, 0x25, 0xE9, 0x29, 0x7B, 0x75, 0xA4, 0xEB,
    0xD3, 0x1A, 0x80, 0xF7, 0x8B, 0x3C, 0xFC, 0x47, 0xC5, 0x99, 0x0E, 0xFE, 0x56, 0xFD, 0x22, 0x01,
    0xDE, 0x27, 0x20, 0x52, 0x1F, 0x28, 0x4B, 0x02, 0x90, 0x01, 0x41, 0x08, 0x96, 0x76, 0x53, 0x1E,
    0x61, 0x2D, 0x8A, 0x57, 0x5C, 0xAF, 0x18, 0xD8, 0xF5, 0xC1, 0x32, 0xCE, 0x0F, 0x3C, 0x92, 0x5C,
    0xA3, 0xD5, 0x5C, 0x5F, 0x56, 0x63, 0x7D, 0x3B, 0x06, 0xBB, 0x48, 0xB1, 0xE9, 0x7D, 0x52, 0x48,
    0x9F, 0x18, 0xBB, 0xC8, 0xB9, 0xB9, 0xB6, 0x8B, 0x37, 0x58, 0x6F, 0x46, 0x9F, 0x2A, 0x47, 0xC2,
    0x24, 0x00, 0x5A, 0x37, 0xE1, 0xDD, 0x59, 0x51, 0xB6, 0x7C, 0x14, 0x03, 0x80, 0x63, 0xDA, 0x71,
    0x30, 0x8E, 0xD3, 0xAF, 0xF4, 0xF0, 0x14, 0xC0, 0x4B, 0x0E, 0xD5, 0x8F, 0xAA, 0xC0, 0x30, 0x03,
    0x68, 0x31, 0x11, 0x42, 0x8C, 0xA7, 0x94, 0xCC, 0x5E, 0x2C, 0xC4, 0xD5, 0x63, 0xA2, 0x04, 0x60,
    0x20, 0xBA, 0x62, 0x67, 0x2C, 0xF4, 0x47, 0x3F, 0x75, 0xC7, 0x95, 0x2E, 0x43, 0xF3, 0xB2, 0xD2,
    0xC1, 0x94, 0x5D, 0x27, 0xBF, 0x9D, 0xBB, 0xC7, 0x3A, 0x8D, 0xBC, 0x13, 0x77, 0x77, 0x82, 0x63,
    0x91, 0x8A, 0x53, 0x00, 0x86, 0xAF, 0x75, 0xE7, 0xEB, 0x6C, 0x3D, 0x48, 0xB7, 0x84, 0xDA, 0x1D,
    0x2B, 0x91, 0xE5, 0x00, 0xFC, 0xA6, 0x0E, 0x55, 0x80, 0x20, 0x66, 0x0C, 0xDC, 0xD9, 0x9D, 0x88,
    0x54, 0x9F, 0x01, 0x13, 0xD1, 0x8D, 0x5B, 0x3B, 0xEB, 0x1B, 0xEB, 0xB2, 0xC9, 0x1D, 0xC0, 0x0F,
    0x1B, 0x99, 0x9D, 0xD8, 0x72, 0x4F, 0xE5, 0x06, 0xFE, 0x03, 0xCD, 0xBC, 0x0F, 0x88, 0x26, 0x47,
    0x7A, 0xDF, 0xFF, 0xE9, 0xAE, 0xBD, 0x6D, 0x9D, 0x5A, 0x3B, 0xB5, 0xBF, 0x1F, 0xC2, 0xE7, 0x64,
    0x76, 0xB7, 0x04, 0x18, 0x90, 0x61, 0x76, 0x5A, 0x90, 0x4D, 0x18, 0xC7, 0x6F, 0x77, 0x97, 0x4E,
    0x10, 0x41, 0x4C, 0xB0, 0x80, 0x9C, 0x05, 0xC8, 0x78, 0x05, 0x18, 0x30, 0xE0, 0xDC, 0xAC, 0xC3,
    0x06, 0x16, 0x78, 0xDF, 0x7D, 0x5B, 0x32, 0x60, 0xE0, 0x82, 0xD9, 0x10, 0x4E, 0x07, 0x38, 0x26,
    0x02, 0x0C, 0x84, 0xBF, 0x99, 0x38, 0x0B, 0x8C, 0x71, 0xCF, 0x4E, 0x49, 0x22, 0x18, 0x72, 0x24,
    0xEE, 0x75, 0xA2, 0x13, 0x21, 0x90, 0xEB, 0xBB, 0x5B, 0xF9, 0x00, 0x9B, 0x5C, 0xD9, 0xEE, 0xB5,
    0x7A, 0xEF, 0x7A, 0xA6, 0x33, 0x4F, 0x6D, 0xFB, 0xF5, 0xAB, 0x61, 0xAD, 0x5B, 0xEB, 0x24, 0x9D,
    0x7B, 0xA6, 0x9E, 0x5A, 0x89, 0xE9, 0xEA, 0xE7, 0x5B, 0xFD, 0xD4, 0xF3, 0xA7, 0x9E, 0xA7, 0x1A,
    0xE6, 0x00, 0xDB, 0x00, 0x1A, 0x40, 0x59, 0xD6, 0xAE, 0x71, 0x1C, 0x1D, 0xFA, 0xDD, 0x57, 0x2A,
    0x74, 0xA5, 0x2C, 0xDA, 0x9E, 0x10, 0x63, 0x63, 0xC8, 0x60, 0x22, 0x05, 0x40, 0x39, 0x36, 0xB0,
    0x00, 0xA8, 0x01, 0xFA, 0x15, 0xE9, 0x78, 0x82, 0xC8, 0xB3, 0x45, 0xEC, 0xD9, 0x21, 0xB9, 0xFF,
    0x0B, 0x1D, 0xCB, 0x71, 0xF4, 0x80, 0xBF, 0x0C, 0x74, 0x05, 0xB0, 0xB7, 0xF5, 0x99, 0x3C, 0x52,
    0x9F, 0x8C, 0xCC, 0xA5, 0x17, 0x7C, 0xC6, 0x96, 0x6A, 0x37, 0xD8, 0x51, 0xCD, 0x39, 0x9E, 0x49,
    0xDC, 0x13, 0x90, 0x3A, 0x40, 0x57, 0x42, 0xBE, 0xD7, 0x83, 0xB9, 0xB5, 0xB4, 0x64, 0xA4, 0x8E,
    0x8C, 0xA4, 0xA1, 0x40, 0xB5, 0xE4, 0x42, 0xE6, 0x24, 0x0D, 0x35, 0xA9, 0x63, 0x40, 0x57, 0x67,
    0x8F, 0xB8, 0x49, 0x39, 0xBE, 0x73, 0x0F, 0x60, 0x00, 0x79, 0x1E, 0xA8, 0x0A, 0xD8, 0xE0, 0x14,
    0xA2, 0xEA, 0x04, 0xD1, 0x55, 0x8B, 0xAE, 0x12, 0xD0, 0x36, 0x01, 0x63, 0xCF, 0x82, 0xF9, 0x30,
    0xA2, 0x1C, 0x60, 0xBE, 0x42, 0x34, 0xAC, 0x21, 0x42, 0x10, 0x4D, 0x4F, 0xD8, 0xEC, 0x80, 0xE5,
    0x68, 0x81, 0x68, 0x6C, 0x30, 0x6F, 0x0C, 0xD4, 0xD4, 0xB1, 0x67, 0x9E, 0x34, 0x9C, 0xD7, 0x4E,
    0x06, 0x87, 0x32, 0x4C, 0x51, 0xCF, 0x4D, 0x60, 0xB1, 0xD6, 0x72, 0xA0, 0x04, 0x8C, 0x55, 0x36,
    0xBD, 0xF7, 0x65, 0x38, 0xBC, 0x07, 0xE9, 0x31, 0x2C, 0xAE, 0x3A, 0x3A, 0xD5, 0x44, 0x5E, 0x39,
    0x79, 0x8C, 0xB4, 0xA8, 0x07, 0x8E, 0x81, 0xB2, 0x01, 0xDD, 0x41, 0x7C, 0x04, 0x61, 0xC4, 0x92,
    0x2B, 0x64, 0xEC, 0x53, 0x30, 0x27, 0x27, 0x3B, 0x99, 0xE2, 0xB3, 0x63, 0x05, 0xE3, 0x11, 0xE6,
    0x1E, 0xDA, 0xA1, 0xE5, 0x9D, 0x61, 0x20, 0x83, 0x02, 0x72, 0x98, 0x43, 0x0D, 0x03, 0xF4, 0xD0,
    0x09, 0x9A, 0xD8, 0x0B, 0x92, 0xE5, 0x08, 0x97, 0x35, 0x14, 0xC6, 0x72, 0x79, 0x35, 0x6D, 0x61,
    0x24, 0x19, 0x4A, 0xC6, 0x92, 0xC1, 0x30, 0xD2, 0x80, 0x0C, 0x28, 0x26, 0x18, 0x73, 0xA0, 0x06,
    0x06, 0xA0, 0x07, 0x3A, 0x88, 0x02, 0xE7, 0xC8, 0xC8, 0x61, 0x68, 0xF4, 0xD8, 0x10, 0x1D, 0x5B,
    0x18, 0x80, 0xEE, 0xC3, 0x7F, 0xA4, 0x5A, 0x50, 0x0D, 0x24, 0x0E, 0xD2, 0xA9, 0xE9, 0x0A, 0xF4,
    0x23, 0x9E, 0x25, 0xAD, 0x06, 0x7A, 0xC2, 0xED, 0x2F, 0x37, 0x20, 0xA3, 0x12, 0x84, 0x8A, 0xE8,
    0xFE, 0xCB, 0x1E, 0x68, 0x93, 0x06, 0xA2, 0x46, 0xC6, 0x8B, 0x9D, 0x8C, 0xA6, 0x2A, 0x19, 0x4F,
    0x59, 0x19, 0x31, 0xC1, 0x8C, 0xB7, 0x48, 0xC9, 0xCE, 0xF6, 0x6C, 0x90, 0xB1, 0xE0, 0x22, 0x05,
    0x05, 0x33, 0x72, 0x4A, 0x6E, 0x30, 0xA7, 0xC0, 0x53, 0x53, 0xC4, 0x9E, 0x9E, 0xFA, 0xD0, 0xD1,
    0x47, 0xFD, 0x58, 0xC5, 0xDD, 0x2B, 0xED, 0x82, 0x6C, 0x3C, 0x96, 0x39, 0x49, 0xC7, 0x56, 0xA6,
    0x25, 0x00, 0xD2, 0x8E, 0x81, 0xC0, 0x6C, 0x0F, 0x18, 0x4B, 0x27, 0x5D, 0xE0, 0x8E, 0x2C, 0xE0,
    0x0B, 0x92, 0x1B, 0xC4, 0x60, 0x1C, 0x3B, 0x58, 0x90, 0xDC, 0x5D, 0x12, 0xE4, 0x57, 0x57, 0x0C,
    0xA4, 0xC2, 0x62, 0x8F, 0xAE, 0x52, 0x47, 0x87, 0xB6, 0xDA, 0x45, 0x1E, 0x83, 0xAE, 0x62, 0x4F,
    0x46, 0xC9, 0x66, 0x17, 0x1D, 0x9E, 0x1D, 0x58, 0x8E, 0xC9, 0x38, 0xDE, 0x7A, 0xBC, 0xD5, 0x33,
    0x3E, 0x5C, 0x3D, 0x90, 0xA1, 0x2B, 0xC2, 0x12, 0x2A, 0x84, 0xE4, 0xC2, 0xED, 0x1C, 0x5D, 0x51,
    0x0B, 0xC3, 0x03, 0x86, 0xB3, 0x47, 0x64, 0xB7, 0xCA, 0xD1, 0x95, 0x81, 0xDF, 0x95, 0xE4, 0x07,
    0x29, 0xAF, 0x60, 0x5D, 0x12, 0xB4, 0x48, 0x55, 0xD2, 0xA1, 0x5D, 0x52, 0xA1, 0xED, 0x25, 0x41,
    0x7B, 0x03, 0x4C, 0xD4, 0x42, 0x96, 0x54, 0x50, 0x5C, 0x02, 0xCA, 0x63, 0x60, 0x51, 0x02, 0xB5,
    0xA9, 0x60, 0xD0, 0x0E, 0x7A, 0xC1, 0xDF, 0xC5, 0x41, 0xDE, 0x06, 0x62, 0xCF, 0x81, 0x48, 0x46,
    0x59, 0x2D, 0x47, 0x4C, 0x33, 0x71, 0x1E, 0x44, 0x00, 0xF0, 0x00, 0x5C, 0x01, 0x3E, 0xFC, 0x74,
    0x35, 0x76, 0x22, 0x89, 0xCB, 0x5B, 0x68, 0x41, 0x23, 0xFC, 0x2F, 0x84, 0x83, 0x68, 0x00, 0x43,
    0x32, 0x40, 0xC6, 0xE5, 0x01, 0x0A, 0x6E, 0xF7, 0x90, 0xC7, 0x4D, 0x07, 0xF3, 0x34, 0xF2, 0x50,
    0xCF, 0x62, 0x0F, 0x83, 0x17, 0x26, 0x7E, 0x50, 0x29, 0x11, 0x19, 0x92, 0x86, 0xA8, 0x27, 0x71,
    0xC2, 0x8C, 0x76, 0xC2, 0xCD, 0x6E, 0xC3, 0x72, 0x8C, 0xC6, 0x01, 0x3E, 0xC7, 0x79, 0xD8, 0xE6,
    0x4D, 0xC8, 0x5E, 0xAC, 0x40, 0x1F, 0x03, 0xBC, 0xC4, 0xC4, 0xC8, 0x90, 0x8C, 0x36, 0x6B, 0xA2,
    0x23, 0xB4, 0x43, 0xEE, 0x8D, 0x1A, 0x52, 0xA7, 0x1C, 0xAA, 0x49, 0x40, 0x5E, 0x09, 0xB1, 0xDF,
    0x82, 0xC8, 0x0B, 0x84, 0xFE, 0x4D, 0xE0, 0x81, 0x03, 0x0E, 0x2D, 0x50, 0x02, 0xCC, 0x00, 0x76,
    0x00, 0xE1, 0x8D, 0x43, 0x07, 0xDC, 0x9C, 0x30, 0x26, 0xA3, 0x17, 0xB1, 0x1A, 0x6D, 0x78, 0x4F,
    0x01, 0x63, 0x2D, 0x18, 0xE9, 0xC1, 0x40, 0x07, 0x59, 0xB8, 0xAB, 0x08, 0x34, 0x47, 0x70, 0xCD,
    0x11, 0x5C, 0x35, 0xAA, 0x11, 0x9A, 0x38, 0xE8, 0x49, 0x1D, 0xC8, 0x7B, 0x22, 0xF2, 0xE8, 0x2A,
    0x60, 0xB4, 0x28, 0x4F, 0x66, 0x59, 0x8A, 0x10, 0x4E, 0x1A, 0x84, 0xA8, 0x5B, 0x9B, 0xF2, 0x06,
    0x20, 0x72, 0x00, 0xD0, 0x01, 0xB1, 0x90, 0xA4, 0x07, 0x36, 0xF6, 0x81, 0x0B, 0x35, 0xB0, 0x33,
    0x07, 0xF6, 0x84, 0xB4, 0x39, 0x28, 0x97, 0x43, 0x62, 0x0B, 0xD0, 0x94, 0x90, 0x8D, 0x23, 0xFC,
    0xCC, 0x97, 0x76, 0x61, 0x4F, 0x5E, 0x4C, 0x23, 0x46, 0xC3, 0xA1, 0xAB, 0xCD, 0x86, 0xDD, 0x66,
    0x39, 0xC4, 0xA3, 0x47, 0xA4, 0x17, 0xFD, 0xEE, 0x2E, 0x22, 0xEF, 0x02, 0xF0, 0x49, 0x30, 0x30,
    0x91, 0x6D, 0x80, 0x72, 0xB4, 0x90, 0x7F, 0x21, 0x40, 0xEB, 0xA1, 0xA6, 0x86, 0x7D, 0x21, 0xBD,
    0x90, 0x8E, 0x41, 0x50, 0x75, 0xC4, 0x5E, 0x79, 0x94, 0xDF, 0x75, 0x2C, 0xC7, 0x07, 0xC0, 0x38,
    0xB6, 0xA0, 0xBF, 0x71, 0x24, 0x23, 0x97, 0x32, 0x72, 0x06, 0x26, 0x10, 0x32, 0xC8, 0xC8, 0xA1,
    0x88, 0x3A, 0x19, 0xDE, 0xC1, 0xE2, 0x6C, 0x17, 0x46, 0x16, 0xB2, 0x80, 0x5E, 0x48, 0xC7, 0x42,
    0x46, 0xAE, 0x89, 0x7D, 0xD4, 0xA1, 0xFC, 0x2B, 0x2D, 0xCB, 0xF1, 0xF8, 0x53, 0xB5, 0x1B, 0x32,
    0x74, 0x0F, 0xFA, 0x4B, 0xBB, 0x15, 0x68, 0x32, 0x60, 0x83, 0x02, 0xB8, 0x10, 0xE8, 0x16, 0x39,
    0xB0, 0xC3, 0x1C, 0xB8, 0x4E, 0x0D, 0xEC, 0xD1, 0x03, 0x2D, 0x1D, 0x44, 0x8D, 0xA0, 0x51, 0x4E,
    0x06, 0x56, 0x56, 0x46, 0xD6, 0x41, 0x12, 0x2E, 0x06, 0x49, 0x98, 0x91, 0x38, 0xE8, 0x48, 0x9B,
    0xA0, 0x31, 0x8E, 0xD0, 0x15, 0xD4, 0x5C, 0x02, 0x66, 0x6C, 0x85, 0x51, 0x77, 0x80, 0x2B, 0x3C,
    0x27, 0xF4, 0xD3, 0x74, 0x30, 0x96, 0x5D, 0x39, 0x26, 0x23, 0x98, 0x66, 0xB3, 0x8B, 0x7B, 0xE1,
    0x38, 0x69, 0xD4, 0xA4, 0x9F, 0x53, 0x00, 0x9F, 0xBA, 0x2D, 0x84, 0x0B, 0x5D, 0xDD, 0x06, 0xD8,
    0xD2, 0x5F, 0x6C, 0x00, 0x2E, 0x9A, 0xD4, 0x42, 0x50, 0x9B, 0x00, 0x1C, 0x95, 0xA6, 0x0A, 0x52,
    0x59, 0xA4, 0x0E, 0x48, 0x9B, 0x3C, 0x69, 0x00, 0x53, 0xCD, 0x95, 0x07, 0x96, 0xD4, 0x41, 0x9C,
    0x07, 0x7A, 0x06, 0x50, 0x9E, 0x9E, 0x03, 0xC8, 0x9A, 0xE4, 0x88, 0xD2, 0x72, 0x47, 0xE4, 0xCA,
    0x34, 0x90, 0x1D, 0x11, 0x3D, 0xB8, 0xEA, 0x54, 0x9B, 0x34, 0xEA, 0x84, 0x46, 0xD5, 0x64, 0x7E,
    0x90, 0x51, 0xB7, 0x21, 0xEB, 0x80, 0x03, 0xC0, 0xD8, 0xC9, 0x0C, 0xB9, 0x9F, 0x42, 0xBB, 0x1B,
    0xE8, 0x6A, 0x4E, 0x49, 0xF9, 0xD5, 0x81, 0x64, 0xBC, 0xF5, 0xD9, 0x6A, 0x24, 0x22, 0xCE, 0x03,
    0x9A, 0xE7, 0x84, 0xBE, 0xD5, 0x00, 0x49, 0x10, 0x20, 0x5E, 0xFA, 0x31, 0x68, 0xC8, 0x4F, 0xD3,
    0x16, 0x88, 0xB0, 0x5A, 0xB1, 0xE3, 0x1D, 0xD0, 0xAA, 0x16, 0xA2, 0x20, 0x2D, 0xB1, 0x13, 0xAA,
    0xAA, 0xC4, 0x81, 0xB2, 0xA9, 0x83, 0x04, 0x5D, 0x41, 0x2A, 0x28, 0xD9, 0xC0, 0x00, 0x17, 0xC9,
    0x80, 0x59, 0xA0, 0x37, 0x28, 0x00, 0x4F, 0x0E, 0xE2, 0x91, 0x05, 0x3D, 0x5B, 0xC3, 0x28, 0xDE,
    0x22, 0x0B, 0xCC, 0xE8, 0x60, 0xF4, 0xA1, 0x99, 0x8E, 0xA0, 0x71, 0x3B, 0xD4, 0x11, 0x6C, 0xF4,
    0xA4, 0x35, 0x5C, 0xEC, 0x39, 0x57, 0x07, 0x9D, 0x37, 0xEB, 0x61, 0xAB, 0xE6, 0x7A, 0x17, 0x94,
    0xDF, 0xB7, 0x3C, 0x5C, 0xC9, 0xA3, 0xB7, 0x3D, 0x5C, 0xCB, 0xD5, 0xEB, 0x1E, 0xF6, 0x8A, 0x54,
    0xD8, 0xF4, 0xE5, 0x39, 0xE1, 0xB0, 0xCD, 0x66, 0xC2, 0x62, 0x63, 0xAE, 0xA7, 0x8E, 0xC8, 0x99,
    0x56, 0xD4, 0xAF, 0xD3, 0x62, 0xE9, 0x37, 0x1B, 0x5D, 0xC9, 0x14, 0x76, 0x3A, 0x1A, 0x3B, 0xC2,
    0xFB, 0x0A, 0xDA, 0xFE, 0x30, 0x68, 0xFB, 0x1C, 0x41, 0x32, 0x07, 0xF3, 0x50, 0xE7, 0x43, 0x0F,
    0x59, 0xA0, 0x05, 0x04, 0xBD, 0x25, 0xFC, 0x2E, 0x50, 0x1E, 0x6A, 0xE4, 0x91, 0x43, 0x10, 0xDB,
    0x9E, 0x69, 0xA5, 0x8B, 0xB6, 0x17, 0x2A, 0xEF, 0xAB, 0x0A, 0x3E, 0x9D, 0xBC, 0xAF, 0x78, 0xEC,
    0x21, 0x16, 0x81, 0xCD, 0xBE, 0xDA, 0x43, 0x4D, 0x41, 0xEC, 0x31, 0x24, 0x4D, 0x70, 0x35, 0xD0,
    0x95, 0xB1, 0x93, 0xC6, 0x14, 0x62, 0xAA, 0x9B, 0xC2, 0xC2, 0x02, 0x32, 0x16, 0x50, 0x0A, 0x59,
    0x90, 0x43, 0x4F, 0x19, 0x6E, 0x94, 0xB9, 0x4F, 0xDE, 0xBF, 0x09, 0xC1, 0x61, 0x65, 0x1C, 0x83,
    0x4B, 0xFF, 0xEE, 0x97, 0xEE, 0xC8, 0x00, 0x1F, 0x6D, 0xB3, 0xE2, 0x47, 0xDA, 0xAC, 0xE1, 0xC3,
    0x36, 0xAB, 0x62, 0x65, 0xB3, 0x8C, 0x0D, 0x28, 0x6E, 0xB1, 0x1C, 0x45, 0xB4, 0x99, 0x34, 0xFC,
    0xB0, 0xD2, 0xF0, 0x06, 0x8C, 0x0D, 0xFE, 0xED, 0x09, 0xC9, 0xC8, 0xA0, 0xA0, 0x84, 0x9C, 0x83,
    0x49, 0xC3, 0x1F, 0x8E, 0xD5, 0x27, 0xE2, 0xBF, 0xC3, 0xE3, 0xF8, 0xEF, 0x93, 0x6F, 0xF6, 0x45,
    0xBF, 0xCB, 0x96, 0xF2, 0xE2, 0x9B, 0xB5, 0xE7, 0x78, 0x46, 0x35, 0x4F, 0x10, 0x20, 0xAE, 0x3B,
    0x68, 0x96, 0x30, 0xFA, 0x0F, 0x31, 0x21, 0x9F, 0x3B, 0xB2, 0x90, 0x8D, 0xEE, 0x53, 0xF5, 0x3A,
    0x28, 0x07, 0x60, 0xB3, 0x81, 0xCD, 0xF1, 0xD8, 0x72, 0xFC, 0xF3, 0x5F, 0x6B, 0x93, 0x56, 0xD3,
    0xEB, 0xCA, 0xB0, 0xC8, 0xC8, 0x28, 0x0A, 0x0A, 0x8A, 0x9B, 0xE4, 0x14, 0x0B, 0xE6, 0x2C, 0x0A,
    0xE6, 0xD4, 0x05, 0xFB, 0x51, 0x9F, 0xD1, 0x27, 0x3E, 0x6D, 0xBA, 0xAC, 0x8A, 0xC6, 0x20, 0x66,
    0x1E, 0x48, 0x3A, 0xA0, 0x3C, 0x12, 0x72, 0x9C, 0x8E, 0x60, 0x1E, 0x6A, 0x7D, 0x1F, 0x37, 0x10,
    0xFB, 0xC4, 0x42, 0xD4, 0x6F, 0x00, 0x0C, 0x3B, 0x00, 0x0B, 0x0F, 0x50, 0x3A, 0x80, 0xCC, 0x02,
    0x94, 0x15, 0xC0, 0xF7, 0x1C, 0xA0, 0xFE, 0xA0, 0x01, 0x52, 0xE5, 0x81, 0xAD, 0x30, 0xFA, 0x6D,
    0xE4, 0x39, 0x2D, 0x03, 0x6C, 0xB6, 0xB2, 0x6C, 0xCB, 0x41, 0x8F, 0xEE, 0xB3, 0xF5, 0x9D, 0x26,
    0xA0, 0xB0, 0x4E, 0x5B, 0x00, 0x1E, 0xCA, 0xAA, 0x17, 0x97, 0xDD, 0x26, 0x0D, 0x39, 0x69, 0xF0,
    0xB7, 0x1D, 0xB5, 0x8C, 0xD5, 0xA3, 0x6D, 0x20, 0xC1, 0xCF, 0x97, 0xD5, 0xDA, 0x24, 0x9E, 0x78,
    0xFC, 0x41, 0x0B, 0x81, 0x87, 0x95, 0x9C, 0xAC, 0x0B, 0xCB, 0xB2, 0x81, 0x78, 0xEC, 0x05, 0x63,
    0x36, 0x8A, 0xE2, 0x32, 0xF7, 0xD2, 0x4E, 0xD4, 0x98, 0x16, 0xF3, 0xD5, 0x05, 0x87, 0xA4, 0x11,
    0x4C, 0xC6, 0x26, 0x2E, 0x96, 0x5E, 0x44, 0xA3, 0x25, 0x38, 0xFF, 0x32, 0x6A, 0x21, 0x7F, 0xE1,
    0x20, 0xC7, 0x84, 0x61, 0xE7, 0x64, 0xC2, 0x12, 0x35, 0xE5, 0xE4, 0x16, 0xC8, 0x5F, 0x40, 0x1F,
    0xFE, 0x02, 0xBA, 0xF0, 0x17, 0x04, 0x5F, 0xA8, 0x08, 0x60, 0x7B, 0xE9, 0x95, 0xF4, 0x37, 0x61,
    0x39, 0xCA, 0xD5, 0xFC, 0x78, 0xF9, 0xC9, 0x27, 0x7E, 0x16, 0x4C, 0xFC, 0xB4, 0x00, 0x90, 0x34,
    0x00, 0xA0, 0xDC, 0x87, 0xFB, 0xB8, 0x9A, 0x7A, 0x2B, 0xAB, 0x14, 0xF3, 0x62, 0xC7, 0x56, 0xE2,
    0xD8, 0x49, 0x1D, 0xCF, 0xAC, 0x62, 0x4D, 0x69, 0x63, 0x45, 0x76, 0xB6, 0xA3, 0xA0, 0x26, 0x27,
    0x67, 0x1E, 0xFE, 0x25, 0x6D, 0x41, 0x4F, 0x4D, 0x17, 0x9F, 0xFC, 0x5C, 0x6D, 0xCA, 0xF1, 0x48,
    0xF0, 0xA3, 0x03, 0x7C, 0x02, 0xFA, 0x0A, 0x02, 0x78, 0x1E, 0x62, 0x27, 0x40, 0x87, 0x80, 0x1C,
    0x04, 0x78, 0x39, 0x0A, 0x6E, 0xF1, 0x6D, 0x03, 0x6C, 0x7A, 0xE9, 0x6A, 0x6A, 0xB9, 0x75, 0xA0,
    0x0E, 0x98, 0xA9, 0x03, 0x64, 0x86, 0x80, 0x98, 0x3E, 0x00, 0x56, 0xBE, 0x80, 0x4D, 0xBF, 0xFB,
    0xD6, 0x68, 0xC5, 0xDB, 0xD5, 0x63, 0xB3, 0x16, 0x99, 0x57, 0xA7, 0x23, 0xF3, 0xF0, 0x20, 0x79,
    0x0A, 0x73, 0x19, 0x6F, 0xFA, 0x09, 0xDC, 0x33, 0xC8, 0x98, 0x32, 0xA0, 0x78, 0xCE, 0xC1, 0x71,
    0x36, 0xE2, 0x0F, 0x19, 0xA7, 0x5A, 0xE5, 0x95, 0x8B, 0xBA, 0xA8, 0xA2, 0x07, 0x86, 0x55, 0x2B,
    0xC7, 0x01, 0xA2, 0x1E, 0xA2, 0x8E, 0x29, 0x5C, 0xFF, 0x29, 0x52, 0xF1, 0x87, 0xAC, 0x4C, 0x4E,
    0xF9, 0x0B, 0x1D, 0xE9, 0x68, 0x03, 0x3F, 0xBB, 0xF7, 0x84, 0xA5, 0x60, 0x1D, 0xB4, 0x33, 0x56,
    0x8B, 0x67, 0xB0, 0x20, 0x71, 0x18, 0xDB, 0xA3, 0x1A, 0x4C, 0xEC, 0x51, 0x2D, 0x99, 0x0A, 0x5D,
    0x91, 0x34, 0xD2, 0x89, 0x3F, 0x9E, 0xB4, 0x2C, 0xB4, 0x0B, 0xBB, 0x3A, 0xDA, 0x91, 0xBA, 0xE0,
    0x29, 0x68, 0x47, 0xAF, 0xE5, 0x5E, 0xBA, 0xD4, 0x51, 0x12, 0xF9, 0xC4, 0x51, 0x23, 0xCC, 0xC7,
    0x9D, 0x68, 0xEF, 0xA3, 0xAB, 0x0E, 0xF1, 0x1A, 0x1E, 0x00, 0xEC, 0x8E, 0x47, 0xA8, 0x07, 0x57,
    0x1B, 0x82, 0xAD, 0x35, 0x56, 0x5B, 0x32, 0x0C, 0x64, 0x64, 0x42, 0x0A, 0x30, 0xB6, 0x08, 0x5E,
    0x23, 0xC4, 0x63, 0x70, 0x10, 0x6B, 0x61, 0xB3, 0x87, 0xCC, 0x76, 0x70, 0x33, 0xF2, 0x30, 0x08,
    0x83, 0x9D, 0xF2, 0xC1, 0x59, 0x65, 0x69, 0x97, 0x23, 0x98, 0x07, 0x8E, 0x83, 0xDD, 0x2A, 0xF6,
    0xBA, 0x4A, 0x9C, 0xB6, 0xBA, 0xD2, 0x18, 0x0C, 0x25, 0xDB, 0x14, 0x14, 0x41, 0x48, 0x16, 0x22,
    0x2C, 0xD1, 0x40, 0xAE, 0xE6, 0x64, 0xBF, 0xB8, 0x78, 0x29, 0x6D, 0xB3, 0x0A, 0x78, 0x93, 0xE8,
    0x3F, 0x36, 0x64, 0x63, 0x15, 0x8D, 0xBF, 0x43, 0xF0, 0x30, 0x81, 0xA7, 0xB2, 0x96, 0x9F, 0xBE,
    0x5F, 0xF3, 0xB3, 0x55, 0x46, 0x89, 0xE1, 0x26, 0xDA, 0x4A, 0x30, 0x3E, 0x60, 0xA4, 0xD1, 0x93,
    0x05, 0xF1, 0xAE, 0x99, 0x33, 0xA7, 0x23, 0x7B, 0xB9, 0x21, 0x39, 0x06, 0x36, 0x7B, 0xF8, 0xBD,
    0x25, 0xAA, 0x11, 0x13, 0x6C, 0x42, 0x7C, 0x93, 0x45, 0x3D, 0xE5, 0x58, 0x51, 0x9C, 0xED, 0xC8,
    0x27, 0x81, 0x15, 0x8E, 0x32, 0xE6, 0xE8, 0xBB, 0x1D, 0xF1, 0x58, 0x11, 0x1D, 0x56, 0xC9, 0x1B,
    0xFE, 0x0C, 0x3D, 0xF4, 0x44, 0x1D, 0x69, 0x1B, 0x1D, 0x5B, 0xDD, 0x52, 0x40, 0x3D, 0xFD, 0x56,
    0xE5, 0xCB, 0x2E, 0x3D, 0x06, 0x80, 0xAC, 0x83, 0xA7, 0x6F, 0xAE, 0x79, 0xBF, 0xC1, 0xD5, 0x6A,
    0x10, 0xFE, 0xB3, 0x0F, 0x9A, 0xA8, 0xDF, 0x15, 0xB7, 0xBD, 0x91, 0x25, 0x6E, 0x48, 0x5C, 0x11,
    0x5A, 0xEA, 0x72, 0xB4, 0xCD, 0x31, 0xD3, 0xD3, 0xF7, 0xD1, 0x6F, 0xB4, 0xC4, 0xC7, 0x36, 0x18,
    0xD9, 0xDF, 0xBB, 0xA9, 0xDA, 0x2C, 0x75, 0x99, 0xB6, 0x45, 0x46, 0x5D, 0x26, 0xBE, 0x1C, 0x6D,
    0x01, 0x39, 0x14, 0x90, 0xF1, 0x8C, 0x7E, 0xD7, 0x47, 0x63, 0x15, 0x1D, 0x33, 0x8F, 0x8F, 0x48,
    0xAE, 0x56, 0xFB, 0xFA, 0x2A, 0x67, 0x12, 0xD7, 0x5D, 0xD6, 0xA0, 0x1A, 0x3F, 0x3F, 0x03, 0xEA,
    0xAE, 0xBF, 0x0D, 0xA8, 0x3F, 0xF2, 0x5E, 0xBA, 0xE0, 0x09, 0x91, 0xFC, 0x8F, 0x6F, 0x87, 0xEE,
    0xD7, 0xC5, 0x19, 0x23, 0x7D, 0x51, 0xBA, 0xA7, 0x75, 0x22, 0xDD, 0x8D, 0xCB, 0xE9, 0x6B, 0xFE,
    0x69, 0x16, 0xFB, 0xDA, 0x3E, 0xB8, 0x46, 0xD6, 0x68, 0x32, 0x99, 0x89, 0x26, 0x7D, 0xB7, 0xD3,
    0xD4, 0x4F, 0x52, 0x43, 0x47, 0xDC, 0x32, 0x06, 0x6C, 0x91, 0x07, 0x7F, 0x2D, 0xF2, 0x5D, 0xEC,
    0x0F, 0x5E, 0x71, 0xE6, 0x88, 0x43, 0xA7, 0xAD, 0x99, 0xDE, 0xB5, 0x78, 0x19, 0x9A, 0x6D, 0x4C,
    0x40, 0x96, 0xB3, 0xCD, 0x3C, 0xCC, 0xF5, 0x8C, 0x9E, 0x79, 0x7C, 0xD2, 0x3E, 0xDF, 0x51, 0xFC,
    0xCA, 0x41, 0x65, 0x9A, 0xD2, 0x72, 0x3E, 0x82, 0x1B, 0x09, 0x1C, 0x6C, 0x41, 0xE9, 0x21, 0x02,
    0xE0, 0x63, 0x8F, 0xB7, 0x74, 0x87, 0xAD, 0x71, 0xA5, 0x4D, 0xAB, 0x1D, 0x74, 0xD5, 0xA2, 0x5F,
    0xA8, 0xD0, 0x1B, 0x60, 0x8E, 0x61, 0x3B, 0x83, 0x5C, 0x57, 0xE4, 0xA9, 0x63, 0xA6, 0x5A, 0xE6,
    0xB1, 0x67, 0x9F, 0x23, 0x7A, 0x96, 0x50, 0x8E, 0x1D, 0x9B, 0xAF, 0x79, 0x12, 0xB1, 0x31, 0xB1,
    0x67, 0x43, 0xB5, 0x3C, 0xA5, 0x1A, 0x2E, 0x28, 0xC7, 0x4E, 0xE2, 0xB8, 0x92, 0x3A, 0xF6, 0x74,
    0x15, 0x35, 0xDA, 0x8A, 0x4C, 0x8F, 0x56, 0xFF, 0xBB, 0x03, 0x92, 0x8E, 0xB2, 0x21, 0x13, 0xC3,
    0xCA, 0x12, 0x92, 0x30, 0x3D, 0xA9, 0x8F, 0x8F, 0x61, 0xC3, 0xAB, 0x05, 0x3C, 0xE5, 0x37, 0x66,
    0x70, 0xA1, 0xBB, 0x30, 0x87, 0x9D, 0xEE, 0xCA, 0x3E, 0x3C, 0xB7, 0xBF, 0xD7, 0xC3, 0xDE, 0xC2,
    0x75, 0x44, 0xCD, 0xB2, 0xF2, 0x24, 0xAE, 0xC4, 0x33, 0xDA, 0x9C, 0x07, 0xD5, 0x01, 0x3B, 0xDC,
    0x61, 0xE9, 0x74, 0x25, 0xD8, 0x53, 0xC1, 0x5E, 0x05, 0xB9, 0x45, 0x53, 0x60, 0xC6, 0xA3, 0x20,
    0xA7, 0x45, 0xC0, 0xBF, 0x4F, 0xC0, 0x4F, 0xCF, 0x3E, 0x07, 0x55, 0x4F, 0x69, 0x83, 0xBC, 0x3F,
    0xD8, 0x45, 0xB5, 0xB2, 0x3F, 0x26, 0x5C, 0xAA, 0x26, 0x43, 0x35, 0x6B, 0x12, 0x27, 0xCD, 0x16,
    0x64, 0x04, 0x79, 0x7F, 0xC3, 0x13, 0x8B, 0x7A, 0x7C, 0x7B, 0xC0, 0xFC, 0xF7, 0x25, 0xE9, 0xEF,
    0x18, 0x74, 0x63, 0xD0, 0x2E, 0x0B, 0x7F, 0x65, 0xC2, 0x5C, 0xCF, 0xA6, 0xE7, 0xD5, 0x9C, 0x7E,
    0x5E, 0x32, 0x64, 0x55, 0x34, 0xBC, 0xD7, 0xF2, 0xFB, 0x91, 0xE7, 0x88, 0x8E, 0x9E, 0x8E, 0x2E,
    0xEA, 0x22, 0x1F, 0xF9, 0xB8, 0x8D, 0xBD, 0x6A, 0x54, 0xAB, 0x9A, 0xC4, 0x29, 0x27, 0x7A, 0x20,
    0x23, 0x7D, 0x7F, 0x40, 0xF4, 0x70, 0x50, 0xBD, 0x84, 0xC6, 0x36, 0x08, 0xE7, 0x94, 0xED, 0xDA,
    0x7A, 0x6D, 0xC5, 0xC8, 0x6D, 0xA0, 0xED, 0xA4, 0x9A, 0x4F, 0x6D, 0x66, 0x16, 0x84, 0x45, 0xC0,
    0xC9, 0x2A, 0x20, 0x1A, 0x2B, 0xE1, 0x5F, 0x75, 0x82, 0xE0, 0xEF, 0xCD, 0x05, 0xC3, 0x33, 0xB9,
    0xA0, 0xA8, 0x04, 0x6D, 0x66, 0x05, 0x6F, 0xC9, 0x3C, 0x60, 0xA9, 0x03, 0x9A, 0x3E, 0xE0, 0x09,
    0xAB, 0x1F, 0xCF, 0x8C, 0xFD, 0x28, 0x28, 0xFD, 0x13, 0xBA, 0x4F, 0xC7, 0xFD, 0x4A, 0x40, 0xDC,
    0x21, 0xE9, 0xB9, 0x1D, 0x0D, 0x0C, 0xCC, 0x99, 0x91, 0x87, 0x49, 0xD8, 0x21, 0xE3, 0x1A, 0x86,
    0x16, 0x6D, 0x1B, 0xD2, 0xD7, 0x2B, 0x92, 0x77, 0x40, 0xFD, 0x57, 0x50, 0x7F, 0x0A, 0xF1, 0xB4,
    0x3B, 0x1B, 0x85, 0x68, 0x0B, 0x36, 0xE0, 0xFF, 0xAB, 0x83, 0x48, 0x93, 0x55, 0xAC, 0xAE, 0xA5,
    0x83, 0xE8, 0xCF, 0x3D, 0x28, 0xD7, 0x42, 0xBA, 0xF2, 0x6C, 0x35, 0x90, 0x7D, 0x6F, 0x69, 0x79,
    0xB0, 0xFC, 0x2D, 0xA7, 0xDA, 0x42, 0xDE, 0x61, 0x1E, 0x7B, 0x6D, 0x67, 0xB1, 0xCF, 0x44, 0x52,
    0x4B, 0xF6, 0x63, 0x5F, 0xD0, 0x2B, 0x9F, 0xD3, 0xA9, 0x26, 0xC7, 0x27, 0x2E, 0x8F, 0xBC, 0xAE,
    0x8A, 0xB8, 0xCD, 0x30, 0xAF, 0xDC, 0xAF, 0x49, 0x3E, 0xF8, 0x5E, 0xCB, 0xBA, 0xDF, 0x6C, 0x61,
    0x4B, 0x03, 0x45, 0x0E, 0xE8, 0x16, 0x44, 0x53, 0x77, 0xD1, 0x90, 0x34, 0xCC, 0x35, 0x14, 0x5B,
    0x90, 0x5D, 0x07, 0xDD, 0x86, 0x1B, 0xD0, 0x0E, 0xB2, 0x16, 0xFE, 0xA5, 0x27, 0x6A, 0x3B, 0x94,
    0xEB, 0x43, 0x58, 0x73, 0x4C, 0x59, 0x7D, 0x8C, 0xE5, 0x78, 0xCB, 0x34, 0x85, 0x03, 0x1C, 0xA8,
    0x0A, 0x96, 0x96, 0xF8, 0x08, 0x42, 0x48, 0x0A, 0x65, 0x93, 0x56, 0x12, 0xDC, 0x89, 0x90, 0x26,
    0xCE, 0x90, 0x8A, 0x98, 0x57, 0xDB, 0x41, 0xEC, 0xD2, 0xD7, 0x0E, 0x50, 0xC7, 0x35, 0x20, 0x6D,
    0x7F, 0x6A, 0x07, 0x2F, 0xC1, 0xC4, 0x07, 0xC2, 0xC9, 0x76, 0x58, 0x1A, 0xF2, 0x7A, 0x03, 0x95,
    0x57, 0x1B, 0x38, 0x9A, 0x07, 0x9E, 0xF6, 0xD9, 0x5E, 0xBD, 0xE4, 0x4E, 0x38, 0x8B, 0xBD, 0xF0,
    0x96, 0xF8, 0x13, 0xEE, 0xFA, 0x0D, 0x4F, 0xF1, 0xCB, 0x07, 0xBF, 0x76, 0xDF, 0x9A, 0x26, 0xAB,
    0xEE, 0xF0, 0x49, 0x8E, 0xF9, 0x97, 0x55, 0x18, 0xB3, 0x5A, 0xA5, 0xA3, 0x48, 0x01, 0xB8, 0x03,
    0xA0, 0x7A, 0x98, 0xDE, 0x39, 0x9F, 0x07, 0x33, 0x0E, 0xDB, 0xCF, 0x77, 0x3B, 0x89, 0x7B, 0x2E,
    0x23, 0x18, 0x69, 0x92, 0xB1, 0xD5, 0xAF, 0x0D, 0xDA, 0x16, 0x9A, 0x52, 0x53, 0x68, 0x9B, 0x27,
    0xEF, 0xF6, 0xD1, 0xE1, 0xAD, 0x43, 0xC7, 0xE8, 0x4C, 0xC5, 0x6E, 0x15, 0xFC, 0x03, 0x6D, 0xD1,
    0x18, 0x30, 0x93, 0xB1, 0x1E, 0xAB, 0x82, 0x22, 0xF1, 0x39, 0x39, 0xFD, 0x8C, 0x19, 0xC3, 0x5C,
    0xB8, 0x13, 0xFB, 0xDA, 0xD5, 0x98, 0x97, 0xDB, 0xC5, 0x4B, 0x67, 0x8F, 0x6D, 0x56, 0x1D, 0x3A,
    0x8C, 0x23, 0x8C, 0x20, 0xBF, 0x72, 0xEF, 0x78, 0xEB, 0xC4, 0x0E, 0xE6, 0x0C, 0x39, 0xF5, 0x09,
    0x2D, 0xE8, 0xCD, 0xD7, 0x7C, 0x3C, 0xDA, 0x68, 0xAC, 0xD2, 0x6F, 0x74, 0xFA, 0x04, 0x17, 0x39,
    0xE1, 0x37, 0x1A, 0x8F, 0x26, 0xCB, 0x47, 0x7F, 0x2D, 0xF6, 0x5D, 0xD2, 0x1C, 0xEC, 0x5A, 0xD3,
    0xB3, 0x74, 0xC9, 0x11, 0xC6, 0x15, 0x57, 0x5D, 0x5A, 0x75, 0xAA, 0xD1, 0xAF, 0xFB, 0xD8, 0xEB,
    0x17, 0x9A, 0x13, 0x92, 0xBA, 0xD8, 0x9B, 0xB1, 0x8A, 0x7D, 0xA6, 0x2B, 0xD5, 0x16, 0xA2, 0x8B,
    0x72, 0x79, 0xD7, 0x33, 0x5D, 0x69, 0x3B, 0x4F, 0xDD, 0x36, 0xFB, 0xEA, 0xFD, 0x7D, 0x7A, 0x0E,
    0x6F, 0xC1, 0xE6, 0x78, 0x8B, 0x3B, 0x2F, 0xFB, 0xA8, 0x53, 0x0F, 0xD5, 0x46, 0x48, 0xE4, 0x24,
    0x8E, 0xA3, 0xB4, 0x12, 0x78, 0x64, 0xC6, 0xB2, 0x30, 0xD0, 0x1B, 0x62, 0x2F, 0x46, 0xD4, 0xFC,
    0xF3, 0xD2, 0xA6, 0x2D, 0xC6, 0x92, 0x56, 0xC4, 0x0E, 0xDE, 0x04, 0x80, 0xC7, 0x37, 0x9E, 0xAB,
    0xD4, 0xCD, 0xD6, 0x06, 0xB0, 0xBA, 0x9B, 0x93, 0xDB, 0x51, 0x6D, 0x46, 0x3A, 0x29, 0xC1, 0x8C,
    0x9A, 0x93, 0x31, 0x82, 0x7F, 0x58, 0x3C, 0x5A, 0x01, 0x01, 0x98, 0x8E, 0xC4, 0x13, 0xC9, 0xDF,
    0x79, 0xD5, 0xA2, 0x1A, 0xD4, 0xDB, 0x43, 0xF2, 0xDF, 0x6E, 0xA6, 0x7B, 0x46, 0x37, 0x99, 0x0E,
    0xDC, 0x18, 0xF2, 0x6D, 0xE6, 0xB9, 0xFC, 0xEE, 0xCF, 0xE8, 0xE7, 0x74, 0xFB, 0x91, 0x17, 0xC5,
    0x13, 0x3F, 0xBC, 0xC1, 0x09, 0x98, 0xAB, 0x44, 0x3D, 0xB0, 0x80, 0x8E, 0xB8, 0x21, 0x01, 0x80,
    0xC7, 0xF7, 0x49, 0x4E, 0x69, 0xD1, 0x73, 0xAC, 0xB4, 0xE8, 0x58, 0x3D, 0x42, 0x8B, 0xFE, 0xD4,
    0x04, 0xC2, 0x72, 0x22, 0x67, 0xC9, 0x37, 0xBC, 0x66, 0xDF, 0x70, 0xCD, 0x58, 0x74, 0x8B, 0x3A,
    0x82, 0xC3, 0x8A, 0xB4, 0x39, 0xAF, 0x5A, 0x1F, 0x37, 0x5E, 0xB9, 0xC5, 0x55, 0x6B, 0x1E, 0x10,
    0xB5, 0xCA, 0xC7, 0x2D, 0x93, 0x9D, 0x36, 0x4E, 0xDE, 0xA8, 0xC6, 0x90, 0x51, 0x04, 0x55, 0x39,
    0x67, 0x4E, 0xFE, 0x52, 0x56, 0x99, 0xED, 0xB2, 0xBC, 0x74, 0xF9, 0x87, 0xFF, 0x1D, 0x91, 0x47,
    0x89, 0xCE, 0x59, 0x57, 0x93, 0x18, 0x47, 0xBA, 0x12, 0x57, 0x30, 0xB0, 0x0D, 0xE1, 0x3D, 0x32,
    0x83, 0x39, 0xEC, 0x43, 0x07, 0x1D, 0xAB, 0x09, 0xDC, 0xAC, 0x38, 0x08, 0x40, 0x3D, 0xB0, 0xF9,
    0xBA, 0xD0, 0x24, 0x16, 0x1A, 0x76, 0x9B, 0xD8, 0x50, 0x0D, 0xF0, 0x94, 0x72, 0xC0, 0x85, 0x64,
    0xEC, 0x60, 0x27, 0x7D, 0xEB, 0x20, 0x6C, 0xA2, 0x96, 0xB0, 0x27, 0x56, 0x36, 0x6A, 0x84, 0x26,
    0x2E, 0xAD, 0x0A, 0x46, 0xAB, 0xDE, 0x1F, 0x38, 0x80, 0xC3, 0x46, 0x2C, 0xB2, 0xC5, 0x38, 0x03,
    0xA9, 0x10, 0xD1, 0x54, 0xC1, 0x7B, 0x43, 0x93, 0x83, 0x91, 0x0D, 0xB8, 0x8C, 0x7A, 0xB3, 0x2D,
    0x44, 0x49, 0xE7, 0x62, 0x4C, 0x82, 0x7A, 0x98, 0x53, 0xAB, 0x76, 0x9F, 0xE2, 0x15, 0xD7, 0x93,
    0x1E, 0x31, 0xC9, 0x09, 0x89, 0x47, 0x98, 0x0E, 0x8C, 0x4E, 0x3B, 0xA9, 0x22, 0x2D, 0x9C, 0x88,
    0x0B, 0x27, 0xF2, 0x82, 0x6E, 0xB2, 0x53, 0x36, 0x78, 0x4E, 0xCE, 0xA3, 0x6D, 0x30, 0xFC, 0x0A,
    0x4C, 0x01, 0x3E, 0x89, 0x85, 0x33, 0x00, 0xF0, 0xB1, 0xFD, 0xA0, 0x39, 0xB0, 0x0D, 0x68, 0x40,
    0x55, 0xC0, 0x8F, 0xE6, 0x8F, 0x11, 0xD9, 0xF3, 0x24, 0xD5, 0x73, 0x24, 0x77, 0x1B, 0xD4, 0x08,
    0x9C, 0x07, 0xF8, 0xC4, 0xED, 0xEB, 0xC7, 0xE2, 0xEF, 0x6E, 0x69, 0x79, 0x12, 0xB8, 0x04, 0xD4,
    0x53, 0xB4, 0xD6, 0x40, 0x6C, 0x09, 0xE1, 0x77, 0xDC, 0x96, 0x5E, 0xF9, 0xA4, 0xFB, 0xFF, 0x7D,
    0x48, 0x6F, 0x74, 0xB1, 0x0F, 0xFE, 0x8D, 0xC7, 0xD3, 0x3F, 0xA4, 0x74, 0x51, 0xCB, 0x3E, 0x5D,
    0xEC, 0xA8, 0xA3, 0x4E, 0x55, 0xD4, 0xAA, 0x4B, 0xA1, 0xDE, 0xE8, 0xCF, 0xC1, 0xFC, 0x42, 0xBF,
    0x05, 0xF3, 0x2B, 0xFD, 0x35, 0x98, 0xB7, 0x7D, 0x03, 0x0B, 0xF7, 0x83, 0x60, 0x09, 0x47, 0xE0,
    0x26, 0x03, 0x30, 0xA7, 0x83, 0xCC, 0x16, 0xCC, 0x37, 0xDD, 0x36, 0xB9, 0x6A, 0x0C, 0x79, 0xDC,
    0x1A, 0x66, 0x71, 0xAB, 0x99, 0x45, 0x5E, 0x73, 0x5D, 0x88, 0xC7, 0x67, 0xCF, 0x37, 0xF8, 0xE5,
    0x0B, 0x0E, 0xFF, 0xF5, 0x9F, 0x83, 0x0F, 0xBE, 0xF2, 0xDB, 0x30, 0xA6, 0x3D, 0x0C, 0x49, 0x0B,
    0xB7, 0x93, 0x6A, 0x8A, 0x6E, 0xFF, 0x27, 0xE8, 0x4A, 0x24, 0xD2, 0x5D, 0xCE, 0x92, 0xEA, 0x4A,
    0x16, 0x57, 0xE7, 0x8B, 0x08, 0x0A, 0x60, 0x39, 0x56, 0x2C, 0x92, 0x8E, 0x9A, 0x81, 0x9E, 0x9A,
    0x9E, 0x45, 0xD4, 0x51, 0x47, 0x9E, 0x41, 0x9D, 0xE0, 0xDB, 0xF4, 0xAF, 0x34, 0x92, 0xBC, 0x11,
    0x6F, 0x30, 0xB8, 0x83, 0xC1, 0x1F, 0x44, 0x37, 0x42, 0x5C, 0x46, 0x10, 0x47, 0x8C, 0x28, 0xC2,
    0x6D, 0xF2, 0xB4, 0x29, 0x44, 0x6E, 0x72, 0xB9, 0x7F, 0x46, 0x2D, 0xB2, 0x3E, 0x17, 0x59, 0x2F,
    0x83, 0xAC, 0x87, 0x8C, 0x2F, 0x59, 0x08, 0xB7, 0xA3, 0x07, 0xBB, 0x36, 0x64, 0x6A, 0xC3, 0x52,
    0xCE, 0x48, 0x2D, 0x86, 0x05, 0x67, 0x20, 0x63, 0x00, 0xC8, 0xA2, 0x0E, 0x08, 0xC9, 0xE3, 0x29,
    0xE3, 0x0B, 0x2C, 0x04, 0x16, 0xD4, 0x2A, 0x74, 0xBD, 0x6A, 0xD6, 0xBA, 0x4E, 0xB5, 0x40, 0xE4,
    0xC3, 0x0D, 0x27, 0xA4, 0xE7, 0x9A, 0x68, 0xEE, 0x9B, 0xFF, 0x44, 0x36, 0x6F, 0xC3, 0xC3, 0x97,
    0x2E, 0x3A, 0x14, 0x17, 0xFA, 0x6B, 0x3E, 0xAD, 0x0A, 0x71, 0x92, 0x6A, 0x1A, 0x6D, 0x3B, 0xD0,
    0x91, 0x47, 0x66, 0xE7, 0x98, 0x6D, 0x19, 0x24, 0x9F, 0x08, 0x32, 0xE1, 0x30, 0x8F, 0xBC, 0x92,
    0x95, 0xF5, 0x4B, 0xF4, 0x98, 0xD5, 0xCE, 0xA7, 0x12, 0x92, 0x0A, 0x39, 0xD7, 0x01, 0x5B, 0x3D,
    0x70, 0xAD, 0x06, 0xDA, 0x39, 0x44, 0x6E, 0x0E, 0x4A, 0xA6, 0x3E, 0x2D, 0x72, 0xB8, 0x98, 0x17,
    0xB0, 0x33, 0xCB, 0xE0, 0xDA, 0x3C, 0x83, 0xB6, 0x36, 0xC4, 0xAE, 0x37, 0x36, 0xA9, 0x3A, 0xF1,
    0xE9, 0xFD, 0x6E, 0xB3, 0xFC, 0x96, 0x1F, 0xFD, 0xCA, 0xAF, 0xE5, 0x9B, 0x96, 0xE8, 0xEB, 0x16,
    0x95, 0x54, 0x3C, 0x99, 0x38, 0xCC, 0xE8, 0xF8, 0x87, 0x7F, 0xD1, 0xF0, 0xBB, 0xDF, 0x6E, 0x79,
    0xE7, 0x8F, 0xDA, 0xF8, 0xD7, 0xDF, 0xF2, 0x89, 0x7A, 0xCB, 0x9B, 0x17, 0x5F, 0xEF, 0xCB, 0xAF,
    0x7C, 0x65, 0x90, 0x59, 0x8D, 0x43, 0x1E, 0x3D, 0x70, 0x25, 0x33, 0x2A, 0x9D, 0xE5, 0xA2, 0xC0,
    0x82, 0x9D, 0x0E, 0x32, 0xD8, 0xEB, 0x43, 0xD7, 0xEC, 0x43, 0x41, 0xEC, 0x6A, 0xC2, 0xAC, 0x0E,
    0xB0, 0xE0, 0xD2, 0x62, 0x0E, 0x35, 0x17, 0x66, 0x39, 0xF4, 0x5C, 0x99, 0x17, 0xD2, 0xED, 0xED,
    0x17, 0xD0, 0x45, 0x4D, 0x9F, 0x11, 0x79, 0x55, 0x75, 0x19, 0xB1, 0x4F, 0x9F, 0xF7, 0xC6, 0x6E,
    0x76, 0xD9, 0x6B, 0x7E, 0x59, 0x2D, 0xC7, 0xC3, 0x3F, 0xFA, 0xD6, 0xD8, 0x2E, 0x1D, 0x1D, 0xC6,
    0xC5, 0x3D, 0x69, 0xA5, 0xE6, 0xE8, 0xEA, 0xDC, 0x0C, 0x6D, 0xB7, 0x72, 0x34, 0xCF, 0x6D, 0x4F,
    0xB3, 0x1A, 0xFF, 0xE1, 0x55, 0x72, 0xF5, 0xF3, 0x9A, 0x3C, 0xD5, 0xDA, 0xCE, 0x9E, 0xBA, 0xA4,
    0xAB, 0xF9, 0x6C, 0x3B, 0xAD, 0xF6, 0xEB, 0xDC, 0x34, 0xDF, 0x1F, 0x66, 0xA5, 0x47, 0x85, 0xC4,
    0x99, 0xF2, 0xC2, 0x7E, 0xD4, 0xB1, 0x0D, 0x0C, 0xDC, 0x00, 0x16, 0x51, 0x0B, 0x94, 0x89, 0x03,
    0xCC, 0x55, 0x80, 0x74, 0x00, 0xA2, 0x71, 0xAC, 0x20, 0xFD, 0xEE, 0x77, 0x05, 0xEA, 0xC9, 0x84,
    0x40, 0x96, 0x38, 0x0F, 0x8B, 0xD4, 0x75, 0x30, 0xE8, 0xAA, 0x23, 0xEA, 0xB4, 0xED, 0x51, 0x5E,
    0xD3, 0x63, 0x9A, 0xE5, 0xAD, 0x03, 0x96, 0x5F, 0x1C, 0x7D, 0x16, 0x36, 0xAE, 0xE4, 0x39, 0xC1,
    0xBA, 0xA6, 0x96, 0xE8, 0x61, 0xE5, 0xCE, 0x6D, 0xE0, 0x66, 0x03, 0xA9, 0xBC, 0xB7, 0xCC, 0x18,
    0x98, 0x5F, 0xD2, 0x96, 0x7E, 0x5B, 0x0A, 0x08, 0xF2, 0x13, 0x70, 0xED, 0x2C, 0x71, 0xDA, 0x1D,
    0x88, 0x1F, 0x3E, 0x3E, 0xDF, 0x85, 0xBC, 0x83, 0x30, 0x61, 0xEE, 0x29, 0xF1, 0x39, 0x64, 0x40,
    0x4F, 0x0E, 0x72, 0x0F, 0x1D, 0x18, 0xA8, 0xE3, 0x06, 0x32, 0x28, 0x52, 0x1B, 0xFA, 0xEC, 0x32,
    0x50, 0x80, 0xEE, 0x27, 0x99, 0x1E, 0x2D, 0x2C, 0xD0, 0xEF, 0xBD, 0xD7, 0x40, 0x4D, 0x96, 0xBC,
    0xDD, 0x42, 0x4F, 0x91, 0x8A, 0x99, 0xEA, 0xA9, 0xF5, 0xF3, 0x1E, 0x3A, 0x7A, 0x11, 0x50, 0x91,
    0x6C, 0x13, 0xCA, 0x4C, 0x92, 0x36, 0x8B, 0x64, 0xDF, 0xC6, 0xB8, 0xA5, 0x3D, 0x62, 0x39, 0xDE,
    0x51, 0x63, 0xBB, 0x64, 0xE9, 0x96, 0x27, 0xDC, 0x18, 0xB7, 0x40, 0x1C, 0x67, 0x71, 0x52, 0x45,
    0xEB, 0x79, 0xB4, 0x4D, 0xDF, 0x71, 0x68, 0xD4, 0xF7, 0x08, 0x36, 0xA9, 0x65, 0x3B, 0xEE, 0xEF,
    0x77, 0x22, 0xE0, 0xBE, 0x26, 0x4F, 0xDF, 0xF2, 0x73, 0x66, 0xFA, 0xB5, 0x76, 0xC6, 0xBC, 0x8C,
    0xDB, 0x9C, 0xFD, 0x83, 0xC4, 0x67, 0xF6, 0xFB, 0x5D, 0x16, 0x92, 0x4C, 0x40, 0xE4, 0x16, 0xF0,
    0xBB, 0x0D, 0x94, 0x90, 0x88, 0xDB, 0xF5, 0x46, 0xC7, 0x82, 0x9A, 0x9A, 0x05, 0xD7, 0xD7, 0xEB,
    0x56, 0xA2, 0x0E, 0xD2, 0x06, 0x73, 0x04, 0xEC, 0x56, 0x90, 0xB4, 0xA0, 0xFE, 0xAA, 0x34, 0xC5,
    0x87, 0xFF, 0xC6, 0x38, 0x76, 0x8F, 0xD1, 0xDF, 0xB7, 0xAB, 0xF8, 0xAD, 0x8C, 0x0E, 0xAD, 0x0E,
    0x2F, 0x33, 0xB1, 0x4C, 0x17, 0x4F, 0xC6, 0x1E, 0xF5, 0x9B, 0x96, 0x68, 0x80, 0xEC, 0x18, 0x6A,
    0xED, 0x10, 0xD7, 0xEF, 0x55, 0xE5, 0x20, 0x71, 0x84, 0xC9, 0xEC, 0xE0, 0x73, 0x0B, 0xC0, 0xC0,
    0x2A, 0x7A, 0x2C, 0xE1, 0x27, 0x44, 0xD5, 0x58, 0x0A, 0x60, 0x06, 0x14, 0x67, 0x87, 0x10, 0x23,
    0xC3, 0x05, 0xC6, 0xD7, 0xC7, 0xB7, 0x46, 0xBB, 0x6B, 0xEF, 0xC4, 0x0F, 0xD0, 0xC1, 0xC2, 0x99,
    0xA0, 0x4C, 0xB2, 0xA0, 0x44, 0x0A, 0xBA, 0xC4, 0x91, 0x47, 0x3E, 0x75, 0x48, 0x94, 0x55, 0x05,
    0xAD, 0x0B, 0x85, 0x04, 0xCB, 0x64, 0x2F, 0xDC, 0xED, 0x21, 0x94, 0x8E, 0x40, 0xEA, 0x00, 0x74,
    0x15, 0xA8, 0x05, 0x30, 0x81, 0x2E, 0x6F, 0x01, 0x6A, 0xF4, 0x00, 0x44, 0x00, 0x49, 0x80, 0x03,
    0x70, 0x6E, 0x45, 0x2E, 0x80, 0xA9, 0xB6, 0x72, 0x4A, 0xB7, 0xB3, 0x24, 0x71, 0x3B, 0xE2, 0x92,
    0x5D, 0x4F, 0xD1, 0xD5, 0x5E, 0x82, 0xB6, 0xFE, 0x84, 0x70, 0x42, 0x0C, 0xED, 0x93, 0x64, 0x51,
    0xF3, 0x14, 0x59, 0xDC, 0xFC, 0x24, 0x99, 0x72, 0xCF, 0x61, 0xD4, 0x5B, 0x0D, 0xFA, 0x4F, 0xBE,
    0x09, 0xD1, 0xE1, 0xBD, 0xF5, 0x28, 0xF1, 0x74, 0xFE, 0x43, 0xC8, 0x94, 0xAD, 0xFA, 0x52, 0x1F,
    0x64, 0x0A, 0x91, 0x52, 0x82, 0xF3, 0xA4, 0x45, 0x58, 0x33, 0xD0, 0xAE, 0x3C, 0xBC, 0x65, 0xAA,
    0x9B, 0xB2, 0x96, 0x6A, 0xC8, 0x6C, 0x0D, 0x25, 0x35, 0x14, 0x42, 0x0E, 0x98, 0x4F, 0x37, 0x7A,
    0x0C, 0xDA, 0x91, 0x3E, 0xCC, 0x56, 0xB5, 0xC0, 0x6E, 0x4B, 0x7C, 0xBF, 0x26, 0xAD, 0x4A, 0x0C,
    0x86, 0x02, 0xC3, 0xCD, 0xD6, 0xD8, 0x83, 0x45, 0x46, 0x9F, 0x8E, 0x72, 0xD7, 0xB4, 0xF7, 0x56,
    0x8B, 0xFA, 0x24, 0x7B, 0xC5, 0x91, 0x1C, 0xC1, 0x38, 0x90, 0x36, 0x59, 0xC3, 0xCF, 0x54, 0xBA,
    0xA2, 0x45, 0x57, 0x91, 0xB0, 0xA3, 0x2A, 0x52, 0x97, 0x10, 0xA2, 0x7B, 0x12, 0x77, 0x41, 0xC8,
    0x0E, 0xA8, 0xE6, 0x9A, 0x90, 0x16, 0xD4, 0xB7, 0x1C, 0xA8, 0xEF, 0x54, 0x10, 0x7F, 0x17, 0x88,
    0x8E, 0x85, 0x0C, 0x00, 0x81, 0x74, 0xC0, 0xD2, 0x72, 0x60, 0x2A, 0xF5, 0xBF, 0x64, 0xA0, 0xC4,
    0x9D, 0x3B, 0x69, 0x5B, 0x28, 0x77, 0x05, 0xD5, 0xEC, 0xA1, 0xDA, 0x86, 0xF8, 0xDB, 0x8E, 0xE8,
    0x2F, 0x2C, 0xD1, 0x0F, 0x80, 0xA3, 0xE9, 0xCE, 0x5B, 0xC0, 0x3C, 0x07, 0xB6, 0x0D, 0xA0, 0x93,
    0x0A, 0xD4, 0x6B, 0x8E, 0xD5, 0xF5, 0x29, 0xF2, 0x1B, 0xFB, 0x0E, 0xFA, 0x39, 0xCC, 0x2E, 0xC1,
    0x46, 0x0A, 0x00, 0x3F, 0x0A, 0x8E, 0x93, 0x60, 0x0E, 0x80, 0xE2, 0xE5, 0x16, 0x20, 0xEA, 0xE8,
    0x01, 0xC4, 0x91, 0x03, 0x42, 0x22, 0x7B, 0x69, 0xB7, 0x31, 0x96, 0xC2, 0x54, 0x25, 0x25, 0x94,
    0xA9, 0xD3, 0x14, 0x50, 0x24, 0x4E, 0xB3, 0x80, 0x42, 0xB9, 0x8D, 0x90, 0xF0, 0x53, 0xCD, 0x45,
    0x6A, 0xA8, 0xE3, 0x76, 0x4B, 0xFA, 0x41, 0x72, 0x61, 0xB5, 0x8C, 0xE8, 0xF7, 0x98, 0xA3, 0x3C,
    0xBE, 0x21, 0x27, 0x71, 0xFC, 0xA5, 0x23, 0x93, 0x11, 0x0F, 0x2D, 0xE9, 0xBB, 0x07, 0x70, 0x53,
    0xC4, 0xB2, 0x81, 0x19, 0x00, 0x70, 0x1B, 0x00, 0xA2, 0xF6, 0xC3, 0x29, 0x04, 0x03, 0x00, 0x5F,
    0xAA, 0x01, 0x08, 0xA1, 0x1E, 0x2C, 0x9B, 0x91, 0xB9, 0x7A, 0xBF, 0x5F, 0x72, 0xA0, 0xAB, 0x5C,
    0x93, 0x67, 0x12, 0xEA, 0x5E, 0x2E, 0x4E, 0x68, 0x35, 0x9B, 0x0B, 0xB3, 0xB3, 0x5A, 0x58, 0xBD,
    0x3E, 0x08, 0xA3, 0xBE, 0x17, 0x36, 0x9B, 0x9E, 0x3A, 0xFE, 0x8E, 0xAB, 0xE9, 0xA2, 0x0F, 0xAC,
    0xAC, 0xE6, 0xE3, 0x20, 0x69, 0x83, 0xC8, 0xDA, 0xF4, 0xF0, 0x76, 0xF5, 0x60, 0xB4, 0x05, 0xC8,
    0x01, 0x7E, 0xA1, 0x83, 0x55, 0x8C, 0x66, 0xC3, 0xD3, 0x09, 0x4A, 0x82, 0x3B, 0x59, 0x66, 0xE3,
    0x4E, 0xDE, 0x6F, 0x43, 0xD2, 0x68, 0x27, 0x51, 0x9F, 0x3D, 0x21, 0x25, 0x28, 0x7F, 0x13, 0x54,
    0xBB, 0x80, 0xA4, 0xAD, 0x21, 0x6D, 0x6A, 0xD0, 0xAE, 0x06, 0x53, 0xD5, 0xAB, 0x04, 0x6F, 0x49,
    0xD4, 0xA3, 0xBF, 0xF2, 0x95, 0x16, 0x15, 0x94, 0x7B, 0xD9, 0x4E, 0x8F, 0x20, 0x6E, 0x61, 0xB3,
    0x13, 0xBB, 0x45, 0xF2, 0xDD, 0x6F, 0x3A, 0x31, 0x3F, 0x25, 0xAA, 0xCD, 0xC3, 0xFE, 0xB9, 0x6A,
    0x87, 0x93, 0xD6, 0x93, 0x34, 0x3D, 0xA9, 0xEB, 0x11, 0xDF, 0xA4, 0xA4, 0x58, 0x48, 0x62, 0xC4,
    0x87, 0x7A, 0x3F, 0xF6, 0x59, 0x5D, 0x61, 0x43, 0x98, 0x27, 0x7F, 0xE2, 0x08, 0x60, 0xC6, 0x0A,
    0x16, 0x17, 0x01, 0x78, 0x76, 0x85, 0x1C, 0x00, 0xD2, 0x21, 0x1E, 0x2D, 0x8B, 0x5D, 0xFD, 0xB5,
    0x36, 0xF2, 0xE7, 0x36, 0xF0, 0xAA, 0x01, 0x3A, 0xED, 0x80, 0x3E, 0xF0, 0xD6, 0x67, 0x08, 0x2D,
    0x03, 0x2D, 0x02, 0x5D, 0x04, 0x21, 0x9A, 0x07, 0x51, 0xAD, 0x01, 0x15, 0x68, 0xD2, 0x08, 0x4D,
    0xDD, 0x82, 0x27, 0x42, 0x1A, 0x20, 0xA7, 0xC4, 0xBC, 0x31, 0x7E, 0xB5, 0x27, 0x3E, 0x7E, 0x3E,
    0x68, 0x46, 0x00, 0xEE, 0x00, 0xF1, 0x6F, 0xB4, 0xA0, 0x58, 0x02, 0x9A, 0x89, 0x90, 0x06, 0xFE,
    0x58, 0xBF, 0x0E, 0x9F, 0x3F, 0x26, 0x79, 0xEF, 0x0F, 0xFE, 0xB7, 0xD3, 0x5F, 0xFC, 0xBA, 0x6A,
    0x8A, 0xF8, 0x37, 0xC4, 0x08, 0x11, 0xB7, 0x73, 0x10, 0xD7, 0x31, 0x4C, 0x0B, 0xAA, 0xE9, 0x40,
    0xB9, 0x0E, 0x52, 0x21, 0xDA, 0xEE, 0xC7, 0x2E, 0xA3, 0xB8, 0x2A, 0x3A, 0xA8, 0xCF, 0x56, 0x50,
    0x11, 0xC3, 0x0E, 0x77, 0xEF, 0x3A, 0xA0, 0xAA, 0x2A, 0xD6, 0xAF, 0xCF, 0xD2, 0x79, 0x27, 0x95,
    0xB7, 0x9F, 0xFC, 0xDC, 0x93, 0xAC, 0xAE, 0x4F, 0xCA, 0xA1, 0x8F, 0xC6, 0x96, 0xEC, 0x8D, 0x81,
    0x81, 0x5A, 0x79, 0xE6, 0x53, 0xDE, 0x8D, 0x6C, 0x2D, 0xBD, 0x7E, 0x00, 0xD4, 0x6B, 0x6D, 0xBE,
    0x0A, 0xEC, 0x21, 0xBD, 0x27, 0x41, 0xFD, 0xE9, 0xE2, 0x50, 0x1B, 0x4C, 0x57, 0x28, 0x0E, 0xC8,
    0xDA, 0xF8, 0xFE, 0x90, 0xBA, 0xB9, 0x61, 0x56, 0xC0, 0x62, 0xAD, 0xCA, 0xB5, 0x87, 0x1A, 0xE6,
    0x62, 0x52, 0x48, 0x8E, 0xA6, 0x80, 0x9B, 0x7A, 0x8A, 0xB9, 0xF1, 0x00, 0xC0, 0x39, 0x20, 0x87,
    0xF6, 0x06, 0x1C, 0x79, 0x30, 0x2D, 0xA8, 0x1E, 0xD2, 0x43, 0x2B, 0x2A, 0xF6, 0xC6, 0x65, 0x58,
    0xD6, 0x90, 0x74, 0x41, 0x31, 0xA2, 0xBE, 0xD9, 0x90, 0xBE, 0xE6, 0xD0, 0xC0, 0xE7, 0x59, 0x5D,
    0xA8, 0xE6, 0x70, 0x74, 0xF7, 0xBF, 0xC4, 0x4B, 0x93, 0x94, 0x54, 0xCB, 0xF7, 0x9B, 0x3B, 0xB4,
    0xC0, 0xE5, 0x7C, 0x67, 0x83, 0xD9, 0xF6, 0xB9, 0x1D, 0x08, 0x3E, 0xEF, 0xBF, 0x3A, 0x6C, 0x6E,
    0xA5, 0x0D, 0xEB, 0x57, 0x78, 0x28, 0xC0, 0x95, 0x5F, 0x05, 0x80, 0x97, 0x9E, 0x60, 0xED, 0x5A,
    0x56, 0xA0, 0x06, 0xA2, 0xBB, 0x6D, 0xD0, 0xBD, 0x51, 0xF5, 0x0C, 0x3C, 0x11, 0x5B, 0x1E, 0xF3,
    0x0A, 0x83, 0xA3, 0x7D, 0x18, 0x9C, 0x9D, 0xAD, 0x57, 0xC3, 0xE0, 0xCF, 0x7C, 0x9E, 0xC7, 0xBD,
    0xE4, 0xF9, 0x71, 0x0F, 0xE1, 0xF9, 0x9B, 0xC4, 0xD5, 0x35, 0x78, 0x4A, 0x59, 0x00, 0x3E, 0x1A,
    0x47, 0x78, 0xD4, 0x5A, 0x0C, 0x3E, 0xB9, 0x4C, 0xA4, 0x00, 0x80, 0x06, 0xE0, 0x39, 0x0C, 0x81,
    0x35, 0xB6, 0xE1, 0x55, 0xC8, 0x81, 0xA4, 0x9B, 0x1C, 0xA4, 0xE9, 0xB5, 0x17, 0x40, 0x02, 0x9C,
    0xE1, 0x87, 0x5E, 0xDF, 0xB7, 0x00, 0xBF, 0xC7, 0xB2, 0x05, 0x38, 0x6C, 0xCE, 0x86, 0xFE, 0xEF,
    0x7B, 0x1E, 0xE7, 0x92, 0xF1, 0x63, 0x0B, 0x17, 0x01, 0xDD, 0x40, 0x36, 0xE1, 0xD7, 0x96, 0x28,
    0x84, 0x0C, 0x0E, 0x2C, 0xDA, 0xC6, 0x0E, 0x40, 0x43, 0x35, 0xF5, 0x6B, 0x0A, 0x0D, 0xB6, 0x58,
    0xBB, 0x22, 0x9E, 0x02, 0x34, 0x3B, 0x42, 0x9F, 0x6F, 0x09, 0x35, 0x5C, 0x1F, 0x51, 0xE5, 0x5A,
    0xAD, 0xD5, 0x70, 0x11, 0x3C, 0x4A, 0xA6, 0x1A, 0xAE, 0x1E, 0x0A, 0xF6, 0x3A, 0xC8, 0xD5, 0x5B,
    0x1D, 0xCC, 0x37, 0x42, 0x0D, 0xD7, 0x8D, 0xD8, 0xC3, 0x83, 0x46, 0xB5, 0x30, 0xDA, 0x55, 0x65,
    0x4D, 0xE4, 0x49, 0x4F, 0xD7, 0x70, 0xC5, 0xE3, 0xD1, 0x1A, 0x7B, 0x57, 0x00, 0xF0, 0x00, 0xD1,
    0x9A, 0xDD, 0x39, 0x3B, 0xF1, 0x76, 0x9E, 0x26, 0xA8, 0x95, 0xDE, 0x40, 0xD9, 0xAD, 0x6D, 0x6A,
    0xA5, 0x0F, 0xF3, 0x3A, 0x27, 0x6D, 0xCA, 0xEB, 0xAC, 0xF6, 0x29, 0xB6, 0xC9, 0xA7, 0x04, 0xFA,
    0xC0, 0x2C, 0x1E, 0x98, 0x7F, 0x6E, 0x5F, 0xF6, 0x28, 0x5E, 0x32, 0x4D, 0xD9, 0x40, 0xEC, 0x82,
    0x00, 0xA0, 0x81, 0xCB, 0xC0, 0x1C, 0xE2, 0x0A, 0x92, 0xD5, 0xE2, 0x0E, 0x41, 0xD2, 0xE9, 0x4A,
    0xF3, 0xD0, 0xCA, 0xBF, 0x39, 0xEA, 0x8F, 0xD7, 0xA2, 0xFE, 0xF5, 0x02, 0x73, 0x69, 0xE5, 0xD8,
    0xB0, 0xDA, 0x9B, 0x72, 0xD3, 0xA3, 0xC6, 0x0E, 0xFD, 0xDA, 0xC1, 0xC4, 0xB7, 0xF0, 0x6F, 0xD0,
    0x55, 0x11, 0xF2, 0x3A, 0xD1, 0xD8, 0x4C, 0xD5, 0x46, 0xE6, 0xBF, 0xAC, 0x57, 0x1B, 0x4D, 0x85,
    0x46, 0x13, 0x81, 0xE2, 0x5C, 0x09, 0x79, 0x7A, 0x00, 0xF3, 0x24, 0x54, 0x1B, 0xB5, 0x30, 0x70,
    0x0D, 0x7A, 0x9E, 0xF9, 0x9B, 0xAB, 0x8D, 0x3E, 0x9C, 0x69, 0x8A, 0x3A, 0x86, 0xB5, 0x4C, 0xD3,
    0xC9, 0x8F, 0x6A, 0x4F, 0x7E, 0xEE, 0xBE, 0xE8, 0xD4, 0x5B, 0x7F, 0x58, 0x25, 0x6E, 0x0C, 0x1C,
    0xE9, 0xC3, 0x3F, 0x45, 0xDB, 0x0D, 0x0C, 0xD1, 0xE9, 0x4C, 0x13, 0x00, 0x96, 0x30, 0x89, 0xA0,
    0x2C, 0x90, 0x5A, 0xC2, 0xC6, 0x83, 0x39, 0x55, 0x70, 0x04, 0x90, 0x7D, 0x64, 0xCD, 0x6A, 0xFF,
    0x18, 0x35, 0xAB, 0x4F, 0xC3, 0x15, 0xD8, 0x5B, 0x8E, 0xDE, 0x38, 0xD2, 0xEA, 0x87, 0xEC, 0x6A,
    0xF6, 0xC0, 0x18, 0xDE, 0xA7, 0x33, 0x1F, 0x2A, 0xA0, 0x25, 0x9A, 0xF8, 0x28, 0x27, 0x66, 0xD0,
    0xE3, 0x00, 0x1C, 0x3C, 0x3E, 0x33, 0x12, 0x18, 0x26, 0xFE, 0xCB, 0x71, 0x7B, 0x4E, 0xB5, 0x92,
    0xDE, 0x4C, 0x1C, 0xE3, 0x18, 0x58, 0xB2, 0xA7, 0x59, 0xFA, 0x21, 0x3C, 0xAC, 0x17, 0xB8, 0x5A,
    0x58, 0x7C, 0xC1, 0x13, 0x84, 0x8C, 0x9E, 0x1C, 0x3A, 0x8A, 0x40, 0x84, 0x87, 0x82, 0x58, 0xC8,
    0x66, 0x47, 0x2E, 0x3C, 0x2C, 0x56, 0xDC, 0x76, 0x24, 0x55, 0x58, 0x66, 0xA1, 0x40, 0x6E, 0x19,
    0x42, 0x9D, 0xD3, 0x1C, 0xA2, 0x1C, 0xC9, 0xD8, 0xA4, 0xAF, 0x75, 0xDA, 0xCE, 0xB5, 0xCD, 0x35,
    0x85, 0xA1, 0xD8, 0xA6, 0x28, 0x98, 0x8E, 0x66, 0x3C, 0x4B, 0x37, 0x8F, 0xDB, 0xE2, 0x6A, 0xB5,
    0xF9, 0x00, 0x4A, 0xBB, 0x1C, 0x23, 0x49, 0x47, 0x6F, 0xDE, 0x4B, 0x8F, 0x79, 0xB5, 0x4D, 0xDC,
    0xC5, 0x73, 0x70, 0x4D, 0xB6, 0x41, 0xC3, 0x4E, 0xEF, 0x35, 0xE0, 0x59, 0x6D, 0x1B, 0xE0, 0x82,
    0x89, 0x2B, 0x20, 0x35, 0x29, 0x88, 0x24, 0x8E, 0x80, 0xEA, 0x0A, 0x13, 0x16, 0xD6, 0xEC, 0xE1,
    0xBA, 0x9A, 0xAB, 0x06, 0xB2, 0x10, 0x39, 0x12, 0x36, 0x77, 0xA1, 0x16, 0xC1, 0x0B, 0x3E, 0x32,
    0x3D, 0x89, 0x57, 0x3D, 0x0B, 0xCA, 0xAA, 0x0C, 0xA5, 0x98, 0x20, 0xF7, 0xAE, 0xBB, 0xC0, 0xE1,
    0x11, 0x93, 0x8C, 0x81, 0x22, 0x3A, 0x66, 0xC6, 0x21, 0xC9, 0x2B, 0x6E, 0x9E, 0xFC, 0x96, 0x7B,
    0x42, 0x35, 0xFB, 0x1B, 0xCA, 0x11, 0xB7, 0xB7, 0x67, 0x4A, 0x14, 0x8F, 0xBF, 0x01, 0xD2, 0x75,
    0x40, 0xFC, 0x67, 0xDE, 0x4B, 0x27, 0x9E, 0x8E, 0x04, 0x19, 0xDF, 0x6E, 0x81, 0xE4, 0x9D, 0xB7,
    0x5B, 0x38, 0xAF, 0x43, 0x06, 0xDF, 0x9B, 0xE4, 0x2D, 0xFF, 0x04, 0xFD, 0x3C, 0xAD, 0x1E, 0xFC,
    0x2A, 0xA5, 0x6C, 0x5E, 0xF7, 0x80, 0x20, 0x5D, 0xEF, 0xD8, 0x63, 0xCD, 0x4F, 0xFC, 0x42, 0x33,
    0x85, 0x1F, 0xB0, 0x79, 0x0C, 0x47, 0xAF, 0x34, 0xB2, 0x82, 0xE2, 0x36, 0xEA, 0xB8, 0x35, 0xD5,
    0xAB, 0x90, 0x34, 0x84, 0xE2, 0xAD, 0x0E, 0xA2, 0x3B, 0x80, 0xA9, 0x40, 0x07, 0x65, 0x73, 0x05,
    0xED, 0xF6, 0xD1, 0xEE, 0x80, 0xCC, 0x96, 0x5F, 0x3D, 0x22, 0x1D, 0x5B, 0xD8, 0x02, 0x36, 0x00,
    0x0D, 0x5C, 0x82, 0x78, 0x60, 0xCA, 0x59, 0xB4, 0xC9, 0xBB, 0xBD, 0x64, 0x7B, 0xC2, 0xAB, 0x22,
    0x92, 0xDC, 0x12, 0xA1, 0x7A, 0xE0, 0x3C, 0xDD, 0x1E, 0xBE, 0x8F, 0xFD, 0x9D, 0xCD, 0xC6, 0x1C,
    0x07, 0x0E, 0x77, 0x60, 0x06, 0x37, 0x48, 0x3B, 0xA2, 0x50, 0x1B, 0x13, 0x0F, 0x98, 0x7B, 0x1B,
    0xFF, 0x02, 0x5D, 0x3D, 0xFB, 0x04, 0xDA, 0x5E, 0x03, 0x83, 0xF0, 0x15, 0x57, 0xB0, 0x9D, 0x00,
    0xC5, 0xC5, 0x20, 0x7C, 0xC0, 0x62, 0xB7, 0x82, 0x3A, 0x75, 0xD0, 0x27, 0x6E, 0xDA, 0x20, 0x14,
    0x8F, 0x4F, 0xF4, 0x83, 0x00, 0xEA, 0x45, 0xF8, 0xEE, 0x48, 0x6D, 0x4A, 0xE6, 0x80, 0x44, 0x88,
    0xAA, 0x56, 0xC4, 0x0A, 0x61, 0xE9, 0x92, 0xD6, 0xB8, 0xCB, 0x7B, 0xA9, 0xBB, 0xF6, 0xAA, 0xAE,
    0x1C, 0xFA, 0x05, 0x8B, 0xFE, 0xA7, 0x60, 0xB6, 0x20, 0x3B, 0x06, 0x91, 0x8C, 0x3C, 0x59, 0x6D,
    0x99, 0x4F, 0x1A, 0x35, 0x78, 0x18, 0xD2, 0x2C, 0xA4, 0xC0, 0x06, 0x44, 0x0B, 0x48, 0x3A, 0x81,
    0xC0, 0x21, 0xB2, 0x69, 0xF4, 0x5B, 0x56, 0x36, 0xCB, 0x62, 0xD0, 0xF6, 0x59, 0xC0, 0x5C, 0xB8,
    0x06, 0x64, 0x5B, 0x0D, 0xB0, 0xFD, 0x8F, 0x1D, 0x50, 0x94, 0x4C, 0xAA, 0x1A, 0x16, 0xBF, 0xDF,
    0x00, 0xF5, 0x7F, 0x6E, 0x81, 0x3E, 0x94, 0x6B, 0x74, 0x77, 0x3B, 0xA1, 0xB6, 0x07, 0x51, 0xDB,
    0x08, 0xA2, 0x05, 0x84, 0x12, 0x60, 0x42, 0x0D, 0x30, 0x4B, 0x17, 0x77, 0xC6, 0x6D, 0xCC, 0x4F,
    0x5E, 0xD0, 0xD3, 0xFA, 0x5F, 0xBF, 0x89, 0xFE, 0xA5, 0x0A, 0x9D, 0x81, 0x19, 0x2D, 0xDB, 0x3F,
    0xEB, 0x28, 0xFE, 0x41, 0x4B, 0xFE, 0x6B, 0x7E, 0x4A, 0x1F, 0xD4, 0xD4, 0x94, 0xB6, 0xC7, 0xB8,
    0xD5, 0x34, 0x7F, 0x59, 0xA6, 0xF9, 0xA9, 0x68, 0x1C, 0x64, 0x9A, 0xED, 0x34, 0xCD, 0x64, 0x8F,
    0x31, 0xCD, 0x2A, 0x6C, 0x58, 0xAD, 0xA6, 0x99, 0x63, 0x64, 0x9A, 0x2B, 0x38, 0x9D, 0xEC, 0x70,
    0x6B, 0x06, 0x25, 0x6D, 0x13, 0xF7, 0xD3, 0x7B, 0x69, 0xF5, 0xE6, 0x79, 0xFD, 0x7A, 0x85, 0x7E,
    0x11, 0xF4, 0x85, 0x29, 0x39, 0x61, 0x2A, 0x8A, 0xD4, 0x89, 0xEB, 0xCC, 0x4C, 0xDC, 0x5E, 0xB1,
    0x56, 0x1C, 0xD1, 0x93, 0x59, 0x3D, 0x1E, 0x47, 0x47, 0x97, 0xD3, 0x7B, 0x4F, 0xFE, 0xD2, 0xD3,
    0xA9, 0x7B, 0xF6, 0x0C, 0x61, 0x39, 0x87, 0xC5, 0x6C, 0x62, 0x07, 0x99, 0x5A, 0xE7, 0x96, 0xFC,
    0x6A, 0x45, 0xF0, 0x9A, 0xA9, 0x93, 0x06, 0xFA, 0x35, 0xA1, 0xE8, 0x84, 0xDB, 0x81, 0xCD, 0xFB,
    0x4C, 0x42, 0x21, 0xC4, 0xDE, 0x2E, 0x78, 0xAF, 0xBA, 0x95, 0xAB, 0x08, 0x66, 0xE7, 0x10, 0xEF,
    0x1F, 0xD8, 0x6F, 0x81, 0xB1, 0x03, 0xEE, 0x0F, 0x80, 0x2F, 0x04, 0x4E, 0x06, 0x71, 0xAB, 0x25,
    0x5A, 0xD4, 0xA1, 0x9E, 0xB4, 0x43, 0xB9, 0x68, 0x38, 0x55, 0xA0, 0x5C, 0xAD, 0x15, 0x28, 0x43,
    0x0D, 0x19, 0xF4, 0x81, 0x76, 0x04, 0xC5, 0xF8, 0xA8, 0x02, 0xE5, 0xFE, 0x11, 0x05, 0xCA, 0xBA,
    0x3A, 0x55, 0xA0, 0xAC, 0xC6, 0x1E, 0x20, 0xEA, 0xD6, 0x62, 0xEF, 0x6B, 0x6B, 0xF4, 0x25, 0x96,
    0x4E, 0x35, 0xC6, 0x25, 0x0F, 0xCB, 0x40, 0xAA, 0xB4, 0x5A, 0x4F, 0x8C, 0x64, 0xE3, 0x48, 0x31,
    0x39, 0x1C, 0xB3, 0x55, 0x62, 0xA9, 0x78, 0xB5, 0xC7, 0xF8, 0x69, 0x88, 0x37, 0x81, 0xC9, 0xED,
    0x90, 0x49, 0x3C, 0x26, 0x20, 0x1B, 0x2B, 0x81, 0x76, 0xC7, 0x3C, 0xC4, 0x96, 0x10, 0xC0, 0x25,
    0x13, 0xBA, 0x09, 0xDE, 0x84, 0x6F, 0x02, 0x38, 0x21, 0x9C, 0x20, 0x4E, 0x18, 0x27, 0x90, 0x13,
    0xCA, 0x09, 0xE6, 0x84, 0x73, 0x02, 0x3A, 0x21, 0x0D, 0x50, 0x3B, 0x04, 0x8D, 0x58, 0xCE, 0xE4,
    0xAE, 0x4F, 0xAB, 0xD4, 0xBD, 0x29, 0x80, 0x6E, 0x09, 0x22, 0x04, 0x92, 0xD8, 0x0B, 0xD8, 0x26,
    0x23, 0x20, 0x0A, 0x24, 0xE0, 0x0A, 0xC0, 0xD8, 0x3F, 0x41, 0x16, 0x76, 0x85, 0x61, 0xAA, 0xC1,
    0x34, 0x8E, 0x70, 0x08, 0xAD, 0xA2, 0x07, 0xF4, 0xA3, 0x4E, 0x9F, 0x65, 0x81, 0x4F, 0x8A, 0xC0,
    0x27, 0x39, 0xC9, 0x78, 0x0F, 0xE6, 0x24, 0x6F, 0x1D, 0xAE, 0x0E, 0xA1, 0xF5, 0x48, 0xF5, 0x82,
    0x74, 0x56, 0xB5, 0x74, 0x18, 0x54, 0x1B, 0xF9, 0x70, 0x67, 0xEC, 0x91, 0x78, 0x3F, 0x54, 0xB4,
    0xAA, 0x66, 0x39, 0xA6, 0x63, 0x1B, 0x80, 0x82, 0x9E, 0x3A, 0x0B, 0xDC, 0xA6, 0x04, 0xE8, 0xA9,
    0x01, 0xC9, 0x7E, 0x03, 0x98, 0xE3, 0x87, 0x25, 0xB3, 0x18, 0xA7, 0x3A, 0xF1, 0x99, 0x9B, 0xF0,
    0x18, 0xC4, 0x69, 0x44, 0x0B, 0xCF, 0x06, 0x3D, 0x4A, 0xA1, 0xC4, 0x8B, 0xBE, 0xC0, 0xD0, 0x87,
    0xEC, 0x56, 0x28, 0xD1, 0x09, 0x39, 0xC2, 0x7D, 0x66, 0xCC, 0xC3, 0x12, 0x5F, 0x77, 0x04, 0xAE,
    0x09, 0xA8, 0x4E, 0x78, 0x38, 0xD8, 0xB5, 0x90, 0x85, 0xF2, 0x76, 0x2B, 0xD1, 0x5D, 0x05, 0x3D,
    0xA0, 0x7C, 0xDA, 0x93, 0xBA, 0x22, 0x47, 0x57, 0x83, 0x21, 0x8B, 0xBC, 0xA1, 0x54, 0x27, 0x64,
    0xA1, 0xDA, 0x8C, 0x83, 0xA4, 0xC9, 0x64, 0x0D, 0x95, 0xB2, 0xF6, 0x6F, 0x0A, 0xA9, 0x99, 0x27,
    0x4D, 0x4F, 0xA1, 0xBE, 0xE3, 0x31, 0x6A, 0x74, 0xA4, 0x7F, 0x7C, 0x0C, 0x1C, 0x1E, 0x3F, 0x05,
    0xA4, 0x3D, 0x00, 0x90, 0x79, 0xE2, 0xFB, 0xAF, 0x92, 0x3A, 0x30, 0xDC, 0xA1, 0x50, 0xEF, 0xB9,
    0x85, 0x7E, 0xC1, 0xD5, 0x46, 0xB9, 0x21, 0x4B, 0x5C, 0xBF, 0x9D, 0x9E, 0x34, 0x5D, 0xD5, 0xC6,
    0x30, 0xD7, 0x0B, 0xB2, 0xAB, 0x1D, 0x67, 0x45, 0xC8, 0xE0, 0x63, 0xC5, 0xBE, 0xF5, 0x2A, 0xF6,
    0x55, 0x56, 0xDF, 0xDB, 0x25, 0x1E, 0x3B, 0xD8, 0x00, 0x52, 0x0B, 0x89, 0x0D, 0x3D, 0xC7, 0x00,
    0x3C, 0x46, 0xEC, 0xBB, 0x4A, 0xA7, 0x4B, 0x34, 0x0E, 0xD7, 0x85, 0xEA, 0x16, 0x40, 0x87, 0xF7,
    0x13, 0x4A, 0xD6, 0xA5, 0x8A, 0xFC, 0x8A, 0x1C, 0x27, 0x3C, 0xAF, 0x9A, 0x33, 0xA7, 0x4B, 0xD6,
    0x1F, 0xD7, 0x83, 0x3C, 0x7B, 0xC4, 0x54, 0xB2, 0x8E, 0x39, 0x65, 0x9D, 0xAC, 0x10, 0x80, 0x08,
    0x58, 0x95, 0x39, 0x5D, 0xFC, 0xA4, 0xCA, 0x9C, 0x96, 0x0E, 0x20, 0x5E, 0xAB, 0x56, 0x49, 0x00,
    0xD0, 0x10, 0xAC, 0x18, 0xA0, 0x7A, 0xE4, 0x2C, 0x92, 0x33, 0x2D, 0x77, 0x48, 0x1A, 0xAE, 0xA3,
    0x3C, 0x2D, 0xB1, 0x8F, 0x1D, 0x74, 0x09, 0x30, 0x04, 0x55, 0xB9, 0x03, 0xE4, 0x7B, 0x40, 0x16,
    0x70, 0x58, 0xD6, 0x3C, 0xD5, 0x53, 0xA0, 0xC3, 0x1E, 0x97, 0x09, 0xF1, 0x02, 0x97, 0x97, 0x94,
    0x06, 0xA3, 0xD1, 0xDA, 0x5E, 0xD2, 0x76, 0x2B, 0xAD, 0x66, 0xA9, 0xBB, 0x9E, 0xB8, 0x36, 0x79,
    0xDB, 0xA9, 0xAF, 0x5B, 0xF5, 0x7F, 0x84, 0x81, 0xD8, 0xA3, 0x1A, 0x26, 0x57, 0xD0, 0x91, 0xB6,
    0xE8, 0xC7, 0xE3, 0xAA, 0x5E, 0x71, 0x55, 0xAE, 0x73, 0x85, 0x1E, 0x8F, 0x3E, 0x82, 0xAB, 0xD2,
    0xA5, 0x92, 0x4A, 0x76, 0xC9, 0xC9, 0x8F, 0x92, 0x9F, 0x26, 0xA9, 0x54, 0x93, 0x8A, 0xC6, 0x3F,
    0x69, 0x17, 0x89, 0xFC, 0xCE, 0x49, 0xDB, 0x83, 0x3F, 0x6B, 0xE0, 0x83, 0xA0, 0x1E, 0xA1, 0x9E,
    0xEA, 0x0E, 0x3A, 0x60, 0xB2, 0x78, 0xA1, 0x86, 0xFF, 0xF8, 0x23, 0x8B, 0xFA, 0x2F, 0xAE, 0x15,
    0xF5, 0xB7, 0xAB, 0x42, 0x7E, 0x32, 0x56, 0xFF, 0xE6, 0xD0, 0x01, 0xF1, 0xA3, 0x8B, 0xFA, 0xA3,
    0x53, 0x45, 0xFD, 0x2D, 0x40, 0xDA, 0xAC, 0xDC, 0x4F, 0xE2, 0xB5, 0x17, 0x1C, 0x5B, 0xE2, 0x21,
    0x92, 0xF5, 0xD4, 0x84, 0x2C, 0x55, 0x76, 0x11, 0xF4, 0x0D, 0x48, 0x27, 0x7F, 0x2F, 0x69, 0xE1,
    0x92, 0x87, 0x9D, 0x0E, 0x7C, 0x4F, 0xDC, 0xCC, 0xD9, 0xAC, 0x0A, 0xBB, 0x24, 0x73, 0x10, 0x39,
    0x88, 0xD7, 0xBC, 0x9C, 0x2F, 0x07, 0x78, 0x7A, 0x1C, 0xFF, 0x7C, 0xEC, 0xCD, 0xCF, 0x7D, 0xC3,
    0x2F, 0x6F, 0x6D, 0xA5, 0xAE, 0xCD, 0xC4, 0xC3, 0x6E, 0x0A, 0xCE, 0x6B, 0x6B, 0x73, 0x30, 0x96,
    0x39, 0x64, 0x50, 0x07, 0x3A, 0x40, 0x01, 0x3D, 0xE4, 0xD0, 0x11, 0xFC, 0xC1, 0xA9, 0xEE, 0x89,
    0x61, 0xCD, 0xF6, 0x75, 0x04, 0x4F, 0x98, 0xC4, 0xF1, 0x05, 0x2F, 0x68, 0xA6, 0xDC, 0x25, 0x44,
    0x81, 0x32, 0x03, 0x60, 0x67, 0xCD, 0xC1, 0x7D, 0x0E, 0x80, 0x67, 0x42, 0xE4, 0xE0, 0xB6, 0x77,
    0x4D, 0x5A, 0xED, 0x6C, 0xA7, 0xBA, 0xBA, 0x92, 0x3F, 0xA9, 0xED, 0xF9, 0x1C, 0x03, 0x73, 0x21,
    0x35, 0xDB, 0xC1, 0x1E, 0x40, 0xC7, 0x82, 0xE9, 0x58, 0x64, 0x5C, 0x9F, 0x90, 0x27, 0xE7, 0xF0,
    0xE0, 0xFA, 0xE2, 0x25, 0x96, 0x55, 0xE6, 0x99, 0x0C, 0x20, 0x0D, 0x01, 0x38, 0x28, 0x21, 0x57,
    0x2D, 0x70, 0xC4, 0xE1, 0xC9, 0xCB, 0x6C, 0xC3, 0x39, 0xE6, 0x53, 0x47, 0x14, 0x0C, 0x74, 0x64,
    0x04, 0x1B, 0x10, 0x0B, 0x51, 0x2D, 0xE1, 0xF4, 0x52, 0x32, 0xFE, 0x89, 0xE3, 0x23, 0x94, 0xC3,
    0xF2, 0x16, 0x04, 0x33, 0x27, 0xB7, 0x01, 0x81, 0xB4, 0x13, 0x03, 0x50, 0x51, 0xB6, 0xB1, 0xDF,
    0x6C, 0xE3, 0x56, 0x35, 0xAA, 0x09, 0xE2, 0x28, 0x86, 0xBD, 0x92, 0x26, 0x74, 0x69, 0xE3, 0xF1,
    0xDF, 0x4F, 0x63, 0x65, 0x53, 0x33, 0xFF, 0x61, 0x52, 0xC3, 0x57, 0xA6, 0xD9, 0xD9, 0x0B, 0xC2,
    0xC2, 0x17, 0x1C, 0x2C, 0xED, 0x23, 0xCE, 0x5B, 0x08, 0x11, 0x30, 0xB6, 0x47, 0x7F, 0xD1, 0xF5,
    0x52, 0x2E, 0xD2, 0x9D, 0x90, 0xE7, 0x3D, 0xFA, 0xBD, 0xC4, 0x93, 0x84, 0xC8, 0x7E, 0xF7, 0xDF,
    0x36, 0xB0, 0x21, 0x38, 0xCE, 0x09, 0x8E, 0x0B, 0x42, 0xCE, 0x04, 0x30, 0xBB, 0xD3, 0x79, 0x8B,
    0x47, 0x96, 0xF5, 0xFD, 0xE6, 0x36, 0xFA, 0x9F, 0x15, 0xA4, 0xBF, 0x3D, 0x95, 0xF5, 0x6D, 0xD5,
    0xB0, 0xB3, 0x0F, 0x57, 0xFE, 0xBA, 0xAC, 0x8F, 0xB0, 0x20, 0xCD, 0xBD, 0x8F, 0xD4, 0x9C, 0xBB,
    0x12, 0xDE, 0xDD, 0xDB, 0xB5, 0xD3, 0xE9, 0x10, 0x61, 0xB9, 0x0F, 0x44, 0xEE, 0x99, 0x4E, 0x87,
    0x18, 0x1B, 0xA6, 0xFE, 0x04, 0xDC, 0xF2, 0x25, 0x39, 0xFD, 0xED, 0x4F, 0xBB, 0xA1, 0x71, 0xCB,
    0x87, 0x6B, 0x6E, 0x1E, 0xAB, 0xEE, 0x75, 0x9F, 0xA9, 0xE6, 0xE6, 0x56, 0x2F, 0xDC, 0x86, 0xEA,
    0xFD, 0x60, 0xB2, 0x95, 0xA7, 0x43, 0x0B, 0x0F, 0x19, 0xF4, 0x37, 0x0A, 0xE2, 0xAE, 0xAB, 0x49,
    0xDA, 0x7E, 0x38, 0x99, 0xDD, 0x72, 0x1C, 0xEF, 0x11, 0x77, 0x30, 0x11, 0x4F, 0xE0, 0x01, 0xE8,
    0x00, 0x7A, 0x22, 0x58, 0xB0, 0x01, 0xE6, 0xDF, 0xD4, 0x53, 0x0A, 0x8F, 0x65, 0x83, 0xFA, 0x63,
    0x8F, 0xB6, 0xDD, 0x99, 0x8C, 0x6E, 0x96, 0x47, 0xFE, 0x46, 0xAD, 0xDA, 0x45, 0x9F, 0x55, 0xD9,
    0xD8, 0x13, 0xF5, 0x40, 0x37, 0xB5, 0x81, 0x8A, 0xE2, 0xE5, 0x8A, 0xF4, 0x88, 0x4F, 0x87, 0xA3,
    0x54, 0x38, 0x8A, 0x07, 0x80, 0xEE, 0xC3, 0x32, 0xE9, 0xF8, 0x78, 0xAC, 0xEA, 0x23, 0x48, 0x9A,
    0x55, 0xC0, 0x84, 0x02, 0x12, 0x56, 0x1F, 0x5F, 0xA8, 0x98, 0xEA, 0x12, 0x4F, 0x7F, 0x7C, 0x81,
    0xFE, 0x51, 0x1F, 0x5F, 0x80, 0x08, 0x00, 0xD0, 0x34, 0x84, 0xFE, 0x37, 0x2A, 0x80, 0x30, 0x25,
    0x00, 0x58, 0x56, 0xD7, 0xDF, 0xBD, 0x63, 0xB5, 0x13, 0x7B, 0x21, 0xEB, 0x87, 0xE4, 0x12, 0x5B,
    0x98, 0x3C, 0x33, 0xE0, 0x3C, 0xAB, 0xEB, 0x53, 0x2F, 0xF4, 0xFF, 0xC8, 0x70, 0x3B, 0x44, 0x56,
    0x96, 0xE9, 0x78, 0xAA, 0xC8, 0xC4, 0xCD, 0x57, 0x06, 0xA8, 0xB9, 0x49, 0x90, 0xB2, 0xB0, 0xF6,
    0x84, 0x54, 0xC1, 0x87, 0x0F, 0xA7, 0xBF, 0x12, 0xF9, 0x7F, 0x12, 0x9A, 0x02, 0x94, 0x00, 0x0B,
    0xE2, 0x86, 0x3E, 0x78, 0xC7, 0xC4, 0x0F, 0xAE, 0x56, 0xB0, 0x7C, 0x00, 0x21, 0xE6, 0x96, 0x48,
    0xD0, 0xBD, 0xF9, 0x8C, 0x7E, 0x4D, 0x62, 0x6E, 0xD0, 0xE7, 0xC0, 0x1C, 0x36, 0x64, 0xCF, 0x0F,
    0xD3, 0x71, 0x11, 0xC3, 0x0C, 0xCD, 0x1C, 0x4D, 0x8D, 0xA1, 0x5F, 0x6D, 0xE7, 0xE5, 0x5C, 0x60,
    0x4E, 0x3E, 0x1D, 0xF9, 0x48, 0x8F, 0x57, 0xDF, 0x60, 0xE1, 0x52, 0x7C, 0x04, 0x9C, 0x0B, 0x02,
    0x7E, 0x41, 0x09, 0x7D, 0x56, 0xB5, 0x20, 0xCE, 0x1A, 0xF0, 0x5C, 0xE2, 0x80, 0x93, 0x87, 0x02,
    0x8D, 0x16, 0xEA, 0x42, 0xEC, 0xE1, 0xB4, 0x05, 0x65, 0x0D, 0x90, 0xAE, 0x9D, 0x2C, 0xDF, 0x22,
    0x87, 0x2B, 0xB7, 0x59, 0x40, 0xE9, 0xC5, 0x4F, 0xC8, 0x2A, 0x1D, 0x66, 0x19, 0x9A, 0x95, 0x95,
    0x25, 0xB1, 0x00, 0x1A, 0x26, 0xE6, 0xE0, 0x27, 0x09, 0x42, 0x07, 0xEF, 0xF7, 0xC4, 0x55, 0x87,
    0xC2, 0x93, 0x46, 0x3E, 0xB0, 0x75, 0x41, 0xB5, 0x27, 0x2C, 0x35, 0x5C, 0x49, 0x1C, 0xD7, 0x4E,
    0x5A, 0x9B, 0xBA, 0x0F, 0x5C, 0xEA, 0x46, 0x9B, 0xFE, 0xDF, 0x05, 0x6A, 0x00, 0xB6, 0x84, 0xDD,
    0xC9, 0x9B, 0x08, 0x31, 0xF3, 0xDF, 0x2E, 0xBA, 0xEC, 0x1E, 0x3B, 0xBA, 0x5C, 0x3B, 0xFE, 0xAA,
    0x2D, 0xD3, 0x4B, 0x83, 0x12, 0x80, 0x1C, 0x22, 0x17, 0xA4, 0xB8, 0x89, 0x3D, 0xF2, 0xE6, 0x1C,
    0x20, 0xAA, 0x18, 0xE3, 0xE9, 0x92, 0xBF, 0x2A, 0xF5, 0x7F, 0x68, 0x9E, 0xDA, 0x60, 0x9E, 0xC6,
    0x51, 0x4C, 0x93, 0xD3, 0x36, 0xC4, 0x9D, 0x36, 0xC4, 0x9D, 0x98, 0x10, 0xA2, 0x15, 0x6B, 0x5F,
    0x40, 0xD9, 0x62, 0x5F, 0x32, 0x62, 0x14, 0xAF, 0x84, 0x77, 0xF7, 0x19, 0x46, 0xCF, 0xC3, 0x9A,
    0x07, 0x71, 0x0D, 0x80, 0x16, 0x20, 0x6E, 0x80, 0x70, 0x2F, 0x9C, 0x65, 0x15, 0x43, 0x07, 0x2C,
    0xEB, 0x31, 0xF4, 0x38, 0x06, 0x2C, 0x39, 0xC5, 0x7A, 0x0C, 0xCD, 0x3E, 0xE5, 0xB5, 0x29, 0x86,
    0x6E, 0x40, 0xAD, 0x6F, 0xD9, 0x7F, 0x4A, 0x5E, 0x43, 0xB0, 0x6F, 0x69, 0x03, 0xA4, 0x00, 0x1B,
    0x00, 0x4F, 0x01, 0x5C, 0x00, 0x38, 0x03, 0x1F, 0xE9, 0x3A, 0xA4, 0xA7, 0x5D, 0x07, 0x0A, 0x90,
    0xB9, 0x4F, 0xC6, 0x36, 0x8C, 0xAA, 0x81, 0x73, 0xD3, 0x68, 0x5B, 0xC0, 0xD3, 0x4C, 0x07, 0xC0,
    0x5B, 0x8C, 0x0F, 0xA9, 0x69, 0xDD, 0x05, 0x59, 0x3D, 0xD7, 0xA1, 0xF7, 0xE1, 0x42, 0xCF, 0xC5,
    0x1E, 0xB6, 0xF6, 0xD9, 0xE9, 0x82, 0x99, 0xFF, 0x4F, 0x1E, 0x76, 0xE6, 0x88, 0x2A, 0xBA, 0x32,
    0x8F, 0xDF, 0x6E, 0xC3, 0x01, 0xF0, 0x17, 0x1A, 0xD8, 0xCB, 0xB5, 0x72, 0xD0, 0x16, 0x17, 0x13,
    0xE9, 0xB2, 0x1D, 0x41, 0xD8, 0x64, 0x7B, 0xBA, 0x22, 0x1C, 0x00, 0xB7, 0xE1, 0x00, 0xB8, 0x81,
    0xCD, 0x46, 0x5B, 0x39, 0xCD, 0x3C, 0x68, 0x71, 0x2F, 0xD6, 0x9C, 0x3D, 0x3C, 0x00, 0x51, 0xB3,
    0xBE, 0xD9, 0x9A, 0x5A, 0x00, 0x9E, 0x04, 0xB2, 0x20, 0xD8, 0x89, 0x27, 0x73, 0xA8, 0x8E, 0xB2,
    0x12, 0x3A, 0x5A, 0xD2, 0x3E, 0xFE, 0x26, 0x9C, 0xDB, 0x4F, 0xAE, 0xC2, 0x85, 0x7A, 0x63, 0x1B,
    0x9E, 0x9D, 0x6F, 0x15, 0x70, 0x65, 0x76, 0x3D, 0x17, 0xF6, 0xDA, 0x39, 0xB4, 0xA5, 0x9B, 0xF3,
    0x81, 0x2B, 0x6D, 0x8D, 0xD4, 0x3A, 0xDE, 0x7C, 0x73, 0xC1, 0x05, 0xB2, 0xB5, 0x6F, 0x7D, 0xA8,
    0xB5, 0xA5, 0x7E, 0x09, 0x80, 0xD9, 0xC7, 0xB5, 0x61, 0x11, 0xE7, 0x21, 0xA9, 0xAE, 0x41, 0x7A,
    0xD7, 0x81, 0x1A, 0x4F, 0xA9, 0xFE, 0x95, 0xAD, 0x56, 0x3D, 0xA0, 0x6B, 0xE0, 0xE2, 0x7C, 0xF5,
    0x51, 0x91, 0x1C, 0x08, 0x39, 0x74, 0x57, 0xAC, 0x3E, 0x2A, 0x92, 0x81, 0x48, 0x28, 0x3B, 0x18,
    0xD8, 0x13, 0x6E, 0x4E, 0x7F, 0x54, 0x24, 0x1A, 0xBB, 0x33, 0xC0, 0x4C, 0xD9, 0xA0, 0xD3, 0xB3,
    0x0E, 0x22, 0xA6, 0x2B, 0xFB, 0x2E, 0xD1, 0xFD, 0x25, 0x49, 0x70, 0x85, 0x82, 0x94, 0xAF, 0x4A,
    0xB5, 0xC3, 0x89, 0x48, 0xF9, 0x89, 0x3A, 0xFA, 0xB8, 0xA3, 0x96, 0x32, 0xDA, 0x5F, 0x7E, 0x50,
    0x99, 0xE6, 0x8E, 0x85, 0xF4, 0x05, 0x27, 0xF6, 0xB7, 0x81, 0x54, 0x39, 0xE0, 0x53, 0x87, 0xC0,
    0xED, 0x19, 0x74, 0x73, 0xD8, 0xDB, 0x81, 0x1F, 0x99, 0x7D, 0xC6, 0xA0, 0x4C, 0xD8, 0xEE, 0xCE,
    0x4A, 0xF7, 0x8F, 0x3C, 0x2D, 0xF0, 0x9D, 0x96, 0x06, 0xE2, 0x77, 0x1A, 0x2C, 0x24, 0x2F, 0x3A,
    0x80, 0x8D, 0x34, 0x74, 0x5B, 0xA1, 0xE3, 0xBA, 0x0E, 0x72, 0x29, 0x22, 0x0B, 0xCA, 0x19, 0x80,
    0x54, 0x78, 0x87, 0x8B, 0x14, 0x00, 0x3B, 0x14, 0x44, 0xE0, 0xC9, 0x49, 0x88, 0x1B, 0xE6, 0x6C,
    0x90, 0x36, 0xD1, 0xC0, 0x65, 0x11, 0xEB, 0x10, 0xDA, 0xEC, 0xB6, 0xB2, 0x1D, 0x71, 0xE7, 0x7E,
    0x97, 0x3A, 0xE3, 0x06, 0x63, 0x0D, 0x43, 0x49, 0x41, 0xBF, 0x20, 0x8F, 0x7D, 0xCD, 0xDC, 0xB8,
    0x81, 0xC3, 0x23, 0x7A, 0x06, 0x02, 0x04, 0xFA, 0x78, 0x80, 0x5A, 0xCD, 0xA9, 0x8A, 0x5F, 0xCC,
    0x5E, 0x96, 0xDD, 0xD4, 0x63, 0x78, 0x3A, 0x02, 0x6E, 0x24, 0xC0, 0xC1, 0x05, 0xA0, 0xF4, 0x40,
    0x04, 0xC0, 0xCA, 0x2E, 0x1A, 0x67, 0xFE, 0xFA, 0x6B, 0x25, 0x60, 0x88, 0x85, 0x3C, 0xEE, 0xD7,
    0x4A, 0xCE, 0x10, 0x79, 0x9E, 0x25, 0xF6, 0x5C, 0x21, 0x69, 0xA3, 0xE9, 0x6B, 0x25, 0xE7, 0x23,
    0x6E, 0x3F, 0xC9, 0xB0, 0xC5, 0xB2, 0xE5, 0x73, 0xAB, 0xCD, 0x15, 0xC1, 0x32, 0x18, 0x06, 0x41,
    0x71, 0x82, 0xC1, 0xB8, 0xF1, 0x88, 0x61, 0x6D, 0x73, 0xE5, 0x84, 0x6B, 0xE1, 0x79, 0x73, 0xB4,
    0x1C, 0xBC, 0xEC, 0x69, 0x18, 0xD6, 0x8E, 0x25, 0x94, 0x4C, 0x4D, 0xF6, 0x83, 0xA2, 0xE3, 0x97,
    0x6E, 0xA6, 0x2D, 0x07, 0x99, 0x95, 0xD1, 0xA2, 0x2E, 0x47, 0x79, 0x09, 0x5A, 0x0A, 0x32, 0x6B,
    0xBE, 0x3A, 0x04, 0xBF, 0x59, 0x0E, 0xAC, 0xBC, 0xEC, 0x9F, 0x58, 0x0D, 0xCF, 0x9C, 0xE5, 0x90,
    0xDC, 0x1B, 0x8C, 0xED, 0xF3, 0xC8, 0xCF, 0x55, 0x3B, 0x4F, 0x5C, 0xB1, 0x8B, 0xE9, 0x20, 0x76,
    0x5E, 0x5C, 0x26, 0x94, 0xF3, 0xAC, 0x5F, 0x9F, 0x10, 0x27, 0x22, 0x95, 0xFD, 0x62, 0x25, 0x93,
    0x8F, 0xCF, 0x18, 0x70, 0x71, 0xD2, 0x5F, 0x85, 0xB6, 0x10, 0xFE, 0x9B, 0xE9, 0xFA, 0x3B, 0xED,
    0xC5, 0x4E, 0x33, 0x29, 0x93, 0x2A, 0x5D, 0xD5, 0x02, 0xC0, 0x67, 0xEA, 0xBE, 0x6E, 0x24, 0x96,
    0x4C, 0x57, 0x5C, 0x12, 0x88, 0xAB, 0xEB, 0x93, 0xFB, 0x72, 0x8D, 0xDF, 0x89, 0xBA, 0x9A, 0xF6,
    0x06, 0x00, 0x3C, 0xFE, 0xB1, 0x58, 0x0E, 0xC7, 0x01, 0xC1, 0xD4, 0xA8, 0x0A, 0xBB, 0x01, 0x5C,
    0x87, 0xD8, 0xC1, 0x06, 0x12, 0xCC, 0x12, 0xD2, 0x6B, 0xD3, 0xA1, 0x61, 0x69, 0x67, 0x48, 0xE5,
    0xE1, 0x4E, 0x5C, 0x84, 0x83, 0x89, 0x81, 0xB3, 0xC2, 0x40, 0x39, 0xF6, 0x27, 0xAD, 0xE3, 0x7A,
    0xD4, 0xF0, 0x66, 0x62, 0xE1, 0x22, 0x61, 0xAC, 0xA8, 0x99, 0xDC, 0x8C, 0x7B, 0xF0, 0xB9, 0x63,
    0x26, 0x20, 0x61, 0x2C, 0x48, 0xA6, 0x31, 0x75, 0x15, 0xCE, 0xB1, 0x91, 0x87, 0x0F, 0x9A, 0x84,
    0xCF, 0xDD, 0x4D, 0x97, 0x1E, 0x9B, 0x1F, 0xDF, 0x47, 0xC3, 0x00, 0x96, 0xE3, 0x8F, 0x5A, 0x1E,
    0x51, 0x41, 0xFA, 0x45, 0x87, 0xD4, 0x86, 0x37, 0x84, 0x7F, 0xFF, 0xF8, 0x10, 0xCD, 0x34, 0x2C,
    0x32, 0xD8, 0xD9, 0xF8, 0xD1, 0x51, 0x45, 0xAD, 0x88, 0x8A, 0xEF, 0x21, 0x6A, 0x6E, 0x73, 0xFA,
    0x5A, 0x7D, 0x9E, 0x66, 0xAA, 0xDB, 0x5D, 0x15, 0xFC, 0x56, 0xAB, 0x82, 0x5F, 0xD0, 0xD5, 0x42,
    0xC8, 0x81, 0x80, 0xAD, 0x21, 0x5B, 0x15, 0xFC, 0x2E, 0x98, 0x43, 0x4F, 0x4E, 0x1C, 0x6E, 0x5C,
    0x2F, 0xF8, 0x0D, 0x66, 0xB5, 0xCF, 0xE1, 0xF6, 0x16, 0x00, 0xB0, 0x5E, 0x04, 0x9C, 0xAD, 0x8A,
    0x80, 0xE7, 0x61, 0x4C, 0xC3, 0x40, 0xC6, 0xA3, 0x8B, 0x80, 0x1F, 0x9F, 0x4B, 0xC9, 0x78, 0x08,
    0x97, 0xD9, 0x63, 0x72, 0xF9, 0x68, 0x8E, 0x16, 0x18, 0x2B, 0x59, 0xFC, 0x8F, 0xE2, 0xE8, 0x93,
    0x99, 0xD5, 0x15, 0xBF, 0x9F, 0xF8, 0xAC, 0x3E, 0x16, 0x86, 0x47, 0x2B, 0xBB, 0x4F, 0xEC, 0xB3,
    0x14, 0xA7, 0x95, 0xDD, 0x63, 0x1F, 0x06, 0x9D, 0xB8, 0x18, 0x1D, 0xAB, 0xEB, 0x53, 0xFF, 0x00,
    0x20, 0x00, 0x64, 0x6B, 0x2A, 0x0D, 0x4A, 0x97, 0x38, 0xD2, 0x46, 0x37, 0xC8, 0xF9, 0x73, 0x62,
    0x1F, 0x8B, 0x66, 0x56, 0x0E, 0x3A, 0x55, 0x41, 0x9F, 0x58, 0xA8, 0x35, 0x30, 0x0F, 0x05, 0x8C,
    0x5B, 0xC0, 0xF6, 0x35, 0xC0, 0xB4, 0x80, 0x76, 0x42, 0x2C, 0xB0, 0xB1, 0x7A, 0xB0, 0x07, 0x54,
    0x03, 0x4F, 0x87, 0xEC, 0x59, 0x07, 0xA0, 0x65, 0x24, 0x93, 0x3A, 0xD0, 0x49, 0xF5, 0x59, 0xE2,
    0x9D, 0x69, 0x20, 0x37, 0xC0, 0x6C, 0x83, 0xCF, 0x18, 0x34, 0xC3, 0x62, 0xAA, 0x67, 0x4F, 0x44,
    0xD7, 0x9E, 0x4B, 0x3F, 0x2B, 0xD0, 0x61, 0xC1, 0x26, 0xEF, 0xB4, 0xA0, 0x53, 0x0B, 0x3B, 0x17,
    0x3F, 0x6B, 0xE4, 0xEA, 0xB5, 0x16, 0xD2, 0x77, 0x3C, 0x24, 0xAF, 0x35, 0xAC, 0xAE, 0x4F, 0xF3,
    0xD3, 0x45, 0xA7, 0xCF, 0x27, 0xF3, 0xF1, 0x4F, 0xCD, 0x3F, 0x46, 0x25, 0xD7, 0xC7, 0x2D, 0x6D,
    0xCB, 0x00, 0x34, 0x40, 0x60, 0xF3, 0x1C, 0xC0, 0x13, 0x9C, 0x2E, 0xE2, 0x3A, 0xA3, 0x1C, 0xC9,
    0xE9, 0xCA, 0x37, 0x32, 0x4B, 0xE9, 0xE1, 0x1A, 0xEC, 0x41, 0x4B, 0xEC, 0xB8, 0xEA, 0xB8, 0x03,
    0x80, 0x9F, 0x01, 0x88, 0x1A, 0x02, 0xF0, 0x3B, 0x9C, 0xBE, 0x7E, 0xBC, 0x1F, 0x12, 0x8A, 0x1B,
    0x0F, 0xEA, 0x5B, 0x21, 0x9C, 0x58, 0x77, 0x77, 0x3F, 0x99, 0x83, 0xFA, 0x9F, 0x5E, 0xF1, 0x1F,
    0x0A, 0x20, 0x01, 0xD8, 0x00, 0x54, 0xB0, 0xD1, 0x1D, 0x8F, 0x57, 0x15, 0x98, 0xDD, 0x62, 0xFD,
    0x75, 0x95, 0x8E, 0xCC, 0x7E, 0x86, 0xC9, 0xCD, 0x06, 0x00, 0xB7, 0xB6, 0x0B, 0x13, 0x68, 0x80,
    0xC5, 0x4D, 0x3E, 0x6E, 0x72, 0xB3, 0x09, 0xC3, 0x85, 0xA6, 0x2A, 0xC2, 0x70, 0x07, 0x7F, 0x6B,
    0x54, 0x12, 0x09, 0xBB, 0x1F, 0x86, 0xEA, 0xFA, 0xA3, 0x50, 0xB9, 0x53, 0x7C, 0x6F, 0x80, 0x9E,
    0x81, 0x9E, 0x72, 0x6E, 0xC2, 0xB7, 0x7E, 0x24, 0xDF, 0xEE, 0xFF, 0x01, 0xC5, 0xD9, 0x01, 0x84,
    0x24, 0xF9, 0xF5, 0x07, 0xF0, 0x4F, 0x55, 0xED, 0x6E, 0xED, 0x4E, 0xEF, 0x6E, 0x1D, 0xEE, 0xFF,
    0x87, 0xBD, 0xD9, 0x0A, 0x2E, 0x6C, 0x98, 0x9D, 0x5E, 0xEC, 0xC5, 0x84, 0xE9, 0xEE, 0x72, 0x21,
    0x27, 0x00, 0x88, 0x43, 0xC8, 0x06, 0x10, 0x24, 0xB7, 0x83, 0x0D, 0x83, 0xDE, 0x9D, 0x8A, 0xC3,
    0x85, 0x83, 0x15, 0x92, 0x20, 0x21, 0x07, 0x22, 0x48, 0x18, 0x2C, 0x86, 0xF4, 0xEE, 0x16, 0x42,
    0x10, 0xA4, 0x92, 0x93, 0x2C, 0x20, 0x25, 0x7B, 0x01, 0x90, 0x3A, 0xFA, 0xA2, 0x8F, 0x9E, 0xE9,
    0xF4, 0xFC, 0x24, 0x6D, 0x5D, 0xD6, 0xB9, 0xBB, 0xE9, 0xE9, 0x33, 0xD3, 0x1A, 0xBA, 0xAB, 0xDE,
    0xA7, 0xBF, 0xCF, 0xFB, 0xE9, 0xD7, 0x18, 0x23, 0x1E, 0x23, 0x99, 0x20, 0x1B, 0x61, 0x7D, 0x88,
    0xAD, 0x21, 0xF6, 0x7B, 0x68, 0x7A, 0xC4, 0x55, 0x9F, 0xB4, 0xE8, 0x93, 0xE9, 0x92, 0xCF, 0x66,
    0x6C, 0xC9, 0xD9, 0x97, 0x15, 0x51, 0x2D, 0x2B, 0x92, 0x4A, 0x56, 0x5E, 0x79, 0xCF, 0xED, 0x7A,
    0x6F, 0x1A, 0xCF, 0xC6, 0x80, 0x16, 0xF1, 0x18, 0x51, 0x8B, 0xEE, 0x53, 0xD1, 0x87, 0x7B, 0xD2,
    0xAA, 0x2B, 0x2B, 0x36, 0x75, 0xF5, 0xF4, 0x6C, 0x1B, 0x1A, 0x1A, 0x19, 0x99, 0x1C, 0xFF, 0x45,
    0x63, 0x93, 0x78, 0x6C, 0x74, 0x61, 0xAC, 0x7F, 0xE7, 0xC3, 0x32, 0xAF, 0x1F, 0x15, 0x10, 0xB5,
    0xC4, 0x2D, 0x51, 0x03, 0xC0, 0xE3, 0x82, 0xE8, 0x49, 0x85, 0xA4, 0x42, 0xB7, 0xC0, 0x1D, 0xD8,
    0x01, 0x4E, 0x59, 0x97, 0x4E, 0xB8, 0xF4, 0x3D, 0x5C, 0x27, 0x3A, 0x20, 0x29, 0x49, 0xE0, 0x64,
    0xD2, 0x4E, 0x89, 0x6B, 0xEB, 0x70, 0x74, 0x07, 0xC9, 0xDF, 0xE0, 0x6A, 0x5C, 0x02, 0x9E, 0xB5,
    0x05, 0x5C, 0xD0, 0x09, 0x3C, 0xC1, 0x27, 0x00, 0x05, 0xA1, 0x40, 0x14, 0x8C, 0x02, 0x52, 0x50,
    0x0A, 0x4C, 0xC1, 0x49, 0x80, 0x0A, 0x52, 0x81, 0x2A, 0x58, 0x2D, 0xB0, 0xDB, 0x68, 0xA5, 0x7F,
    0x2F, 0xE5, 0x63, 0x76, 0xB7, 0x29, 0xCE, 0x9C, 0x50, 0xDA, 0xC0, 0xCE, 0x35, 0x5C, 0x3B, 0x0A,
    0xCC, 0x85, 0xD2, 0x69, 0xC7, 0x97, 0x21, 0x29, 0x89, 0x7E, 0xDF, 0x58, 0x1E, 0x08, 0xF0, 0x10,
    0xBE, 0x05, 0xEB, 0x18, 0xED, 0x10, 0x1F, 0xA1, 0xF3, 0x5A, 0xC1, 0xF9, 0xA8, 0x58, 0x45, 0x67,
    0x4A, 0x1B, 0xCE, 0xEE, 0x60, 0x5F, 0xFA, 0xB4, 0x58, 0x32, 0x31, 0x6E, 0x6F, 0x92, 0xDE, 0xBD,
    0xC1, 0x85, 0xAC, 0x7E, 0x56, 0x1D, 0xFF, 0x53, 0x70, 0x72, 0xC6, 0x4A, 0x9C, 0xF9, 0x9F, 0x4B,
    0xAF, 0xCC, 0x60, 0xC1, 0x5E, 0xA2, 0xF5, 0x21, 0xA2, 0x19, 0xD2, 0xB7, 0x0B, 0xD6, 0xE3, 0x0A,
    0x80, 0x15, 0xCF, 0xCD, 0xA4, 0x25, 0x1B, 0xB3, 0xBD, 0xCD, 0xFD, 0xF3, 0x27, 0x75, 0xF1, 0x00,
    0x13, 0x8C, 0x41, 0x52, 0x21, 0x83, 0x6B, 0x58, 0x53, 0x91, 0x7E, 0xB5, 0x24, 0x3E, 0xB2, 0x1A,
    0xF1, 0x55, 0x6C, 0xA1, 0xE6, 0x46, 0xCA, 0xC6, 0x7A, 0xD0, 0xE2, 0x84, 0xD2, 0xA8, 0x86, 0x7D,
    0xB8, 0x89, 0xB5, 0xA8, 0x22, 0x9D, 0x95, 0x44, 0x87, 0xAB, 0x91, 0x2D, 0xE6, 0x4C, 0xC5, 0xCD,
    0x0E, 0xDD, 0x43, 0x3A, 0xED, 0x12, 0x64, 0xC0, 0x3D, 0x78, 0x1D, 0x52, 0xE8, 0xE1, 0xC2, 0x0B,
    0x15, 0xE9, 0xAB, 0xD5, 0x0A, 0xD3, 0x43, 0x3C, 0x26, 0xFA, 0x2E, 0xAE, 0xA1, 0xE1, 0xC6, 0xD7,
    0x96, 0x98, 0x22, 0x88, 0xC6, 0x37, 0x49, 0x9E, 0x9D, 0x39, 0x9C, 0x55, 0xAE, 0xDE, 0x2A, 0xFB,
    0x53, 0xE5, 0x95, 0xC7, 0xC0, 0x0B, 0x51, 0xC8, 0xD5, 0xC6, 0x4B, 0x4B, 0xB2, 0x9E, 0x51, 0xB0,
    0xA6, 0x22, 0x7D, 0xAD, 0x5C, 0xAD, 0x0B, 0x88, 0x5A, 0xC4, 0x2D, 0xA2, 0x06, 0x3B, 0x6B, 0x6C,
    0x6D, 0x90, 0x2F, 0xA7, 0x69, 0x93, 0x9A, 0xA4, 0x09, 0xCF, 0xCC, 0x66, 0xB3, 0xCA, 0xED, 0xBF,
    0xDC, 0x2A, 0x65, 0x65, 0x52, 0x1C, 0x57, 0x45, 0x2E, 0x26, 0x87, 0x2E, 0xF4, 0x61, 0x30, 0xAB,
    0xB9, 0xFB, 0x8D, 0x82, 0x11, 0x4C, 0x61, 0x02, 0x63, 0x67, 0x44, 0xAD, 0x0D, 0x71, 0x6B, 0x4B,
    0xDA, 0x44, 0x63, 0x7B, 0xB3, 0x59, 0x0B, 0xC0, 0xB3, 0x97, 0xBA, 0x0A, 0xDD, 0x26, 0xFE, 0x60,
    0xDC, 0xA9, 0xA6, 0xB9, 0x69, 0xDF, 0xE4, 0x6E, 0xD2, 0x8E, 0xF2, 0x6A, 0x76, 0x68, 0xCA, 0x84,
    0x11, 0x43, 0x65, 0xF7, 0xF5, 0x2A, 0x3D, 0x82, 0xAC, 0x90, 0x97, 0x32, 0x00, 0x79, 0x83, 0xAF,
    0x3C, 0x80, 0x3B, 0x38, 0xD7, 0xE0, 0x32, 0x5C, 0x02, 0xA7, 0x0D, 0xCA, 0x5B, 0x5F, 0x3A, 0x60,
    0xD7, 0xB9, 0x56, 0x87, 0x0B, 0x3E, 0xAD, 0x07, 0x1E, 0xC5, 0xC4, 0xBF, 0x78, 0x8B, 0x24, 0x9E,
    0xC2, 0xE9, 0x57, 0xFE, 0xF8, 0x35, 0xC9, 0xCF, 0x0E, 0x01, 0xA1, 0x62, 0xF3, 0x92, 0xCD, 0x6B,
    0x96, 0x9B, 0xEA, 0x9B, 0x98, 0x97, 0x6D, 0x5E, 0xB7, 0xD9, 0x21, 0x53, 0x4C, 0x30, 0xC2, 0x50,
    0x69, 0x5E, 0xBD, 0x50, 0x3E, 0x76, 0x89, 0x7F, 0xD0, 0x90, 0x3D, 0x2D, 0xE8, 0x8F, 0xD1, 0x6C,
    0xAC, 0x06, 0xC1, 0x2E, 0x1A, 0x9D, 0x77, 0x4B, 0x79, 0xCB, 0x83, 0x2D, 0x8A, 0x33, 0x27, 0x03,
    0x65, 0x90, 0xBE, 0x5A, 0x12, 0xFD, 0xB1, 0xB1, 0x5A, 0x50, 0x46, 0x5A, 0x88, 0xFF, 0x50, 0xCB,
    0xDB, 0x39, 0x26, 0x58, 0x3E, 0x7D, 0x33, 0xE9, 0x34, 0x38, 0xBB, 0x0F, 0xEF, 0x90, 0xBE, 0x5B,
    0x90, 0xB7, 0xD8, 0xDD, 0x45, 0x79, 0xFE, 0xB4, 0x15, 0x8B, 0x22, 0x42, 0x0D, 0xD1, 0x71, 0x3C,
    0x96, 0x16, 0x0F, 0x90, 0xBF, 0x5A, 0xF0, 0xE5, 0x77, 0xF1, 0xED, 0x87, 0x0B, 0x75, 0x8D, 0xE0,
    0xBC, 0xB3, 0xB5, 0x3A, 0x67, 0xF7, 0xCD, 0xC2, 0xF7, 0x8F, 0xB0, 0xA8, 0x62, 0x89, 0xD6, 0xB4,
    0x41, 0xD6, 0x62, 0xFB, 0x0E, 0x9A, 0x97, 0x00, 0x7C, 0x3E, 0x63, 0x3A, 0x6D, 0xE4, 0xAD, 0xDD,
    0x5D, 0xE5, 0xF9, 0x13, 0x4D, 0xED, 0x64, 0x6A, 0xED, 0x0D, 0xAE, 0x8A, 0x46, 0xE2, 0x4A, 0x5C,
    0xC2, 0xEC, 0xD0, 0xAD, 0xF7, 0x64, 0x65, 0x78, 0x29, 0x5D, 0xBA, 0xF4, 0xE9, 0x31, 0x64, 0xC4,
    0x84, 0x09, 0x63, 0x51, 0x2B, 0x6E, 0x5D, 0xF9, 0xC0, 0xDE, 0x0C, 0xF1, 0x61, 0x7A, 0x4B, 0x66,
    0x14, 0x55, 0x51, 0xC9, 0x5E, 0x95, 0x57, 0x9D, 0x32, 0x2B, 0xB3, 0x22, 0x93, 0xDB, 0xD4, 0xD7,
    0xB3, 0x6D, 0x5B, 0x7F, 0x27, 0x2F, 0x3F, 0xEB, 0x1D, 0x20, 0x2D, 0x65, 0x95, 0x4E, 0xC9, 0xD0,
    0xD4, 0x2E, 0xE4, 0x6D, 0xDA, 0xC6, 0x4D, 0xD2, 0x24, 0x75, 0x52, 0xA5, 0x8B, 0x9B, 0x66, 0xB2,
    0x9F, 0xA7, 0x0D, 0x43, 0x23, 0xBB, 0xC4, 0xB3, 0xFB, 0x74, 0x7F, 0x32, 0x11, 0x72, 0x4F, 0x5A,
    0xB9, 0x4E, 0x25, 0x2B, 0xB3, 0x52, 0x56, 0x76, 0xC9, 0xAA, 0x01, 0x59, 0x79, 0x97, 0xAC, 0x7C,
    0x48, 0x5E, 0x8C, 0xE8, 0x1A, 0xD1, 0x37, 0xE2, 0xAE, 0x21, 0x13, 0x7D, 0xF1, 0x7F, 0xDE, 0xD8,
    0xF9, 0xC7, 0x23, 0x3C, 0x6E, 0x00, 0xAE, 0x43, 0x1F, 0x7A, 0x70, 0xFB, 0xB8, 0xD1, 0x46, 0x3A,
    0xE5, 0x40, 0x2E, 0xD7, 0x97, 0x1B, 0x86, 0x6B, 0xE6, 0xA6, 0xBA, 0xE1, 0x4A, 0x13, 0x3D, 0x23,
    0x23, 0xC3, 0xA8, 0xD5, 0xFD, 0x66, 0x25, 0x3D, 0x04, 0x92, 0x9A, 0xB4, 0x21, 0xA9, 0x00, 0x74,
    0x6B, 0xBC, 0xD2, 0xC2, 0xFE, 0xE2, 0x60, 0x2D, 0x70, 0x11, 0x38, 0x6D, 0x5D, 0x3A, 0xE1, 0xF2,
    0x47, 0xD7, 0x38, 0x05, 0x27, 0x94, 0xDE, 0x27, 0x68, 0xD7, 0x3A, 0x18, 0xFC, 0x0E, 0xEF, 0xD7,
    0x24, 0xE5, 0x0E, 0xAC, 0x42, 0x36, 0x44, 0x2B, 0x7D, 0x5A, 0xCA, 0xDB, 0xC5, 0x57, 0xE2, 0x13,
    0xA9, 0x5E, 0x86, 0x0D, 0xC8, 0xD6, 0x10, 0x0D, 0xAA, 0x15, 0xAB, 0x9E, 0xDD, 0xDB, 0x2C, 0x4D,
    0x05, 0xC8, 0x4B, 0xFC, 0x7F, 0x85, 0xB8, 0x62, 0xED, 0x32, 0x06, 0x3F, 0xC4, 0x6F, 0x2B, 0xE2,
    0xBA, 0x21, 0xF6, 0x85, 0x95, 0xF4, 0xA3, 0x34, 0x1C, 0x69, 0x78, 0x27, 0x2C, 0x6F, 0x96, 0xEB,
    0xBC, 0xF7, 0x75, 0xA2, 0x27, 0x13, 0x80, 0xAC, 0xC0, 0xA0, 0xC2, 0xBF, 0x6A, 0xE2, 0xBA, 0x5D,
    0x99, 0xF3, 0xF9, 0xCB, 0x9B, 0x65, 0x59, 0xF3, 0x12, 0xC1, 0xF5, 0x7E, 0x73, 0x92, 0xFE, 0x3C,
    0xF9, 0xB4, 0x0C, 0xAE, 0xEC, 0xD8, 0xB5, 0xC5, 0xFD, 0xF3, 0x2C, 0x75, 0x82, 0xC6, 0x2D, 0x24,
    0x35, 0x64, 0xE0, 0x1A, 0x00, 0xB8, 0x1A, 0xB4, 0xDD, 0xC0, 0xCD, 0x82, 0xF7, 0xA5, 0x00, 0x6E,
    0x04, 0xB1, 0xF0, 0x2F, 0x98, 0x05, 0xB4, 0xA0, 0x16, 0xD8, 0x82, 0x5B, 0x80, 0x0B, 0x72, 0x81,
    0x2E, 0xD8, 0x05, 0xBC, 0xA0, 0x5F, 0xF0, 0xFB, 0x38, 0x20, 0xAE, 0x89, 0x5D, 0x47, 0x7F, 0x6E,
    0xDD, 0x9C, 0x5B, 0x37, 0xE6, 0xD6, 0xE6, 0xBF, 0xD6, 0xBB, 0x9F, 0xC8, 0x3A, 0x02, 0x3D, 0x90,
    0x81, 0xA4, 0xF8, 0x1C, 0x6D, 0x7D, 0x64, 0x48, 0x4B, 0xA2, 0xF2, 0x84, 0x36, 0xA0, 0x5B, 0x5B,
    0x9C, 0x7D, 0xF6, 0xE1, 0x5C, 0x03, 0x59, 0x01, 0x17, 0xC1, 0x99, 0x15, 0x3B, 0x3F, 0xE6, 0x4C,
    0xEC, 0x11, 0xCC, 0xD7, 0x4F, 0x60, 0x8E, 0xA6, 0x67, 0x91, 0xDC, 0xBE, 0x88, 0x0B, 0xE9, 0xF8,
    0x73, 0xCC, 0x73, 0xEF, 0xCD, 0x22, 0x7E, 0x72, 0x04, 0x27, 0x76, 0xAD, 0x3E, 0x21, 0xE4, 0x60,
    0x00, 0xAE, 0x02, 0x5E, 0x44, 0x9F, 0x85, 0x66, 0xEB, 0xB3, 0x68, 0xA2, 0x86, 0xA4, 0x25, 0x6E,
    0xD8, 0x9B, 0x45, 0xB3, 0x36, 0xFF, 0xC0, 0x5E, 0x91, 0x56, 0x36, 0x74, 0x2A, 0x1B, 0xB2, 0xD2,
    0x96, 0xAC, 0x74, 0x53, 0x56, 0xD8, 0x91, 0xB3, 0xAF, 0x4B, 0xAB, 0x4F, 0xA3, 0x47, 0x6D, 0x28,
    0xAA, 0x0C, 0xC5, 0x95, 0x91, 0xA4, 0x34, 0x92, 0xD2, 0x73, 0x99, 0xEE, 0x8F, 0x0F, 0x38, 0x37,
    0xBB, 0x0F, 0xD0, 0x22, 0x9A, 0x40, 0x8B, 0xBD, 0xAA, 0x53, 0xE6, 0x55, 0x56, 0x74, 0xE6, 0x8F,
    0xAC, 0xCC, 0x65, 0x45, 0x57, 0x66, 0x53, 0xAE, 0x67, 0x53, 0x4F, 0xDF, 0x48, 0xCF, 0xD4, 0x76,
    0x3C, 0x35, 0xBC, 0x70, 0xA0, 0xFF, 0x9D, 0x87, 0xF7, 0xF3, 0x7A, 0xF0, 0xBC, 0xA5, 0x36, 0xEC,
    0x95, 0x78, 0x52, 0x21, 0xAE, 0x70, 0xA5, 0xC4, 0x16, 0xDC, 0x00, 0xA7, 0xAE, 0x4B, 0xA7, 0xAC,
    0xBD, 0x81, 0x75, 0xA2, 0x03, 0xE2, 0x92, 0xB8, 0xE0, 0x44, 0xD2, 0xA4, 0x41, 0x56, 0x62, 0x13,
    0xEE, 0x00, 0x60, 0x7B, 0xEE, 0x39, 0xBC, 0x37, 0xF7, 0x0C, 0x7B, 0xC7, 0x9E, 0xAD, 0x4E, 0x65,
    0xB3, 0xC9, 0x4A, 0xBD, 0x65, 0x78, 0x06, 0x70, 0x80, 0xA8, 0x46, 0xA4, 0x53, 0x22, 0xAB, 0xE6,
    0x90, 0xB7, 0xAA, 0xB9, 0xE4, 0xAD, 0x63, 0xCA, 0x6F, 0xCC, 0x2D, 0xF7, 0x03, 0x26, 0x68, 0xE4,
    0xFA, 0x82, 0x27, 0x80, 0x82, 0x28, 0x90, 0x82, 0x29, 0xA0, 0x2C, 0x54, 0x44, 0xED, 0x42, 0xB4,
    0xB1, 0x22, 0xD6, 0x00, 0xB2, 0x02, 0x49, 0x05, 0xC5, 0x72, 0x59, 0xCF, 0xEF, 0xC3, 0x0A, 0x3D,
    0xB8, 0x01, 0x2F, 0x9C, 0x2A, 0x70, 0xD1, 0x88, 0x42, 0x27, 0x5A, 0x47, 0x74, 0x80, 0xB8, 0x44,
    0x5C, 0x64, 0xD5, 0xC2, 0x5B, 0x1E, 0x7B, 0xCD, 0xBD, 0xBF, 0xFE, 0x5F, 0x6F, 0xEF, 0x53, 0x78,
    0xE3, 0xF1, 0x79, 0xD6, 0xEE, 0x5D, 0xE3, 0x62, 0xD6, 0xAE, 0x28, 0xC6, 0x1F, 0x95, 0xFC, 0x75,
    0x06, 0x96, 0x9E, 0xE0, 0xA9, 0xC7, 0x33, 0x84, 0x29, 0xEC, 0x02, 0x11, 0x7C, 0x24, 0x99, 0xB7,
    0xCD, 0x1D, 0xBF, 0x3A, 0x76, 0x14, 0x9F, 0x39, 0x99, 0xB1, 0x67, 0xA7, 0xAD, 0x4E, 0x85, 0xA4,
    0x86, 0x16, 0x6E, 0x02, 0xC0, 0x60, 0x96, 0xCE, 0xAA, 0xFC, 0xBD, 0xE8, 0x91, 0xB4, 0xB6, 0x2B,
    0x69, 0x35, 0xE2, 0x36, 0xAE, 0x18, 0xA7, 0x98, 0x5E, 0xC2, 0x70, 0x0B, 0xBD, 0x7D, 0x74, 0x2B,
    0xE4, 0x05, 0xBA, 0x30, 0x80, 0x3E, 0xF4, 0x60, 0x88, 0x73, 0x47, 0x05, 0xF9, 0xAC, 0x86, 0x2E,
    0x74, 0x0A, 0xC4, 0x15, 0x14, 0x80, 0x41, 0x95, 0x56, 0xAE, 0xD4, 0x59, 0xED, 0x78, 0xDF, 0x21,
    0x69, 0xE3, 0x5A, 0xD4, 0x26, 0x15, 0xE3, 0xA4, 0x64, 0x92, 0x16, 0x8C, 0x3A, 0x18, 0x5E, 0x42,
    0x6F, 0x03, 0x9B, 0x3B, 0xC8, 0x9B, 0xC5, 0xE7, 0x55, 0xE0, 0x32, 0x6C, 0x43, 0x8B, 0xB4, 0xE6,
    0xFF, 0xF6, 0x0A, 0xBA, 0xE3, 0x53, 0x66, 0x3D, 0xFF, 0x47, 0x94, 0x4F, 0xC8, 0xCA, 0x30, 0x5C,
    0x47, 0x6F, 0xFB, 0x63, 0x59, 0x57, 0xD1, 0x0E, 0x48, 0xEB, 0x4D, 0x5F, 0x5C, 0xB0, 0x00, 0x33,
    0xC4, 0x3F, 0x2D, 0x91, 0x94, 0xE8, 0xC2, 0x03, 0x78, 0x07, 0x56, 0xC1, 0x8F, 0x0F, 0x91, 0xDE,
    0x82, 0x0C, 0x46, 0x88, 0x2A, 0x44, 0xE5, 0xEA, 0x42, 0x06, 0xD2, 0xF6, 0x45, 0x2E, 0x8D, 0x6E,
    0xF0, 0x72, 0x5E, 0xAF, 0xAA, 0xB3, 0xEB, 0x8A, 0x5F, 0xCE, 0x0A, 0x58, 0x9D, 0xF7, 0xDF, 0x95,
    0x97, 0x01, 0x84, 0x25, 0xC9, 0x19, 0xC7, 0x7F, 0xDD, 0x95, 0xBB, 0xBA, 0x9B, 0xBA, 0xD7, 0xB5,
    0xD8, 0x21, 0x2E, 0x33, 0xAF, 0x03, 0x61, 0x5D, 0xDE, 0xCC, 0x9B, 0xC4, 0x1C, 0x8F, 0xF4, 0x4C,
    0x57, 0x6E, 0x9D, 0xC3, 0x61, 0x1F, 0x32, 0x81, 0x3D, 0xF6, 0x10, 0x1C, 0x22, 0x3B, 0x58, 0x4C,
    0x72, 0x6F, 0xE6, 0x35, 0x87, 0xE0, 0x60, 0x81, 0x00, 0x8C, 0xB8, 0x95, 0x10, 0xE4, 0x61, 0x30,
    0xE4, 0xED, 0x4E, 0x6D, 0x16, 0x01, 0xA4, 0x45, 0x72, 0x90, 0x13, 0x7D, 0x77, 0x49, 0x08, 0xB8,
    0x4A, 0xBC, 0xC8, 0xDB, 0x78, 0x33, 0x9D, 0xAA, 0xF5, 0x9A, 0x96, 0x4D, 0x76, 0xEE, 0xBE, 0xFA,
    0x7F, 0xF5, 0x75, 0xD5, 0x7C, 0xDF, 0x57, 0xFF, 0xD1, 0xDF, 0x7C, 0xD5, 0x33, 0x3C, 0x7E, 0x5A,
    0xE0, 0xED, 0xBB, 0xAF, 0x5A, 0x4D, 0x6A, 0x7E, 0x54, 0xAE, 0xF0, 0xEC, 0x01, 0xC2, 0x50, 0x9E,
    0xB9, 0x7B, 0xE5, 0x4F, 0x8B, 0x63, 0x9E, 0x3D, 0x00, 0x24, 0x6B, 0xE4, 0xF3, 0xF5, 0x77, 0x56,
    0xAE, 0x71, 0xD9, 0x00, 0xC6, 0x8B, 0xD5, 0x61, 0x33, 0x43, 0x5D, 0xD7, 0xAC, 0xEE, 0xED, 0x01,
    0x90, 0xD7, 0x75, 0xE5, 0x9F, 0x0D, 0x34, 0x4B, 0x2F, 0xCE, 0xEF, 0x78, 0x19, 0xFE, 0xCF, 0xCD,
    0xC9, 0xF6, 0x17, 0x1D, 0x00, 0xFD, 0xBA, 0xE6, 0xB9, 0xBD, 0xEF, 0x2C, 0xF3, 0x9D, 0xB3, 0x1A,
    0x9E, 0x89, 0x6C, 0xC2, 0x35, 0x06, 0x1C, 0x31, 0x66, 0x93, 0x3E, 0xB9, 0x49, 0x0B, 0x69, 0x14,
    0x3D, 0x2A, 0x20, 0xA5, 0x5F, 0xA4, 0x56, 0x14, 0x92, 0x75, 0x8E, 0x81, 0xCD, 0xF1, 0xB9, 0x3B,
    0xDE, 0xEE, 0x42, 0x08, 0xDC, 0x4F, 0x44, 0x71, 0x6D, 0x85, 0x41, 0xC2, 0x51, 0x5A, 0x8C, 0x53,
    0xBB, 0xA9, 0x8A, 0xBE, 0xB2, 0xF9, 0x8D, 0x32, 0xFD, 0x71, 0x25, 0xBF, 0x5D, 0xAA, 0xD8, 0xF6,
    0x14, 0xD5, 0x00, 0x20, 0x95, 0xB6, 0xFF, 0x7E, 0x95, 0xFE, 0xC6, 0x89, 0xA2, 0x92, 0x91, 0x5D,
    0x97, 0xE6, 0xF8, 0x1A, 0x80, 0x0F, 0xF1, 0x81, 0xE7, 0xB9, 0x71, 0x19, 0x7E, 0x67, 0xBB, 0x43,
    0x57, 0x16, 0x00, 0xDA, 0xA0, 0x21, 0x81, 0x75, 0x58, 0xE3, 0xEA, 0x97, 0xAF, 0xE6, 0xF5, 0xFC,
    0x6B, 0xDB, 0xDF, 0xE3, 0x00, 0xE6, 0x30, 0x23, 0x72, 0x01, 0x71, 0x49, 0x6C, 0x03, 0x44, 0x81,
    0x30, 0x08, 0x90, 0xB0, 0x02, 0x2F, 0xC2, 0x97, 0x00, 0x66, 0x80, 0x03, 0x2A, 0xC0, 0x12, 0xDD,
    0xFB, 0xB0, 0x88, 0xEB, 0xDA, 0x46, 0xA2, 0x00, 0x69, 0x41, 0x5B, 0x90, 0xC0, 0xF3, 0x84, 0x10,
    0xE8, 0x00, 0x9B, 0xC0, 0x2E, 0x90, 0xC1, 0x2B, 0x3F, 0xFC, 0x80, 0xFC, 0x57, 0x33, 0xD8, 0x02,
    0x26, 0x80, 0x5B, 0xEA, 0x5D, 0x48, 0xAB, 0x7C, 0x3E, 0x5E, 0x9C, 0x2D, 0xC6, 0x8B, 0x7C, 0x9E,
    0x56, 0xC0, 0x36, 0xE4, 0x86, 0x7C, 0x46, 0x5E, 0x93, 0x5F, 0x90, 0x57, 0xEC, 0xC2, 0x57, 0x61,
    0x74, 0xBE, 0x38, 0x18, 0xE1, 0xCE, 0xE3, 0xD9, 0x42, 0xCC, 0x0E, 0x22, 0x37, 0x8A, 0x9C, 0x28,
    0xCF, 0xC5, 0x4C, 0x55, 0xD3, 0xC8, 0x49, 0xBB, 0x91, 0x1F, 0x65, 0x70, 0x36, 0xBB, 0x37, 0x3C,
    0xE6, 0xB2, 0x01, 0x30, 0x9E, 0xAF, 0xBE, 0xC3, 0xE5, 0x05, 0x47, 0xED, 0x9A, 0xF1, 0xEC, 0xA2,
    0x7F, 0x8E, 0xE0, 0xFB, 0x07, 0x63, 0xB1, 0xDE, 0xBE, 0x6C, 0x2E, 0xF7, 0x5D, 0xDD, 0x67, 0x8B,
    0xAD, 0xCB, 0x7D, 0xA3, 0x0B, 0x62, 0x0B, 0xC8, 0x3F, 0x16, 0xD2, 0x00, 0x5A, 0xD8, 0x04, 0x60,
    0x43, 0xD8, 0x1E, 0x40, 0x26, 0xEC, 0x9D, 0xA5, 0xAD, 0x00, 0x0E, 0xE4, 0x23, 0x4B, 0xB0, 0xEA,
    0xCD, 0xD7, 0xE6, 0x8C, 0xCD, 0x40, 0x27, 0xDD, 0x6E, 0xFC, 0x49, 0x99, 0xED, 0x64, 0x99, 0x96,
    0x85, 0x4B, 0x67, 0x93, 0x13, 0xAD, 0x71, 0x44, 0x95, 0xD3, 0x37, 0x70, 0x08, 0xEB, 0x74, 0x37,
    0x72, 0xA8, 0xA8, 0x4A, 0x37, 0xE2, 0x8A, 0xF5, 0xA8, 0xDA, 0xF0, 0xC9, 0xC9, 0x70, 0x59, 0xA8,
    0x22, 0xC7, 0x3F, 0x9D, 0xBE, 0x4D, 0x54, 0xD2, 0x2F, 0xE4, 0xBC, 0xE1, 0xD3, 0x62, 0xD4, 0x70,
    0x6A, 0xB3, 0x6A, 0x78, 0xB5, 0x99, 0x35, 0xDC, 0xDA, 0xEC, 0x94, 0x6B, 0xF8, 0xED, 0x64, 0x0D,
    0xC3, 0x93, 0x8D, 0x86, 0xA3, 0xEB, 0x2E, 0x59, 0xFE, 0xBD, 0xEA, 0x2E, 0x79, 0xFE, 0xA3, 0xDC,
    0x5C, 0x32, 0xFD, 0xD4, 0xEE, 0x2C, 0xB9, 0x3E, 0xB2, 0xA3, 0x25, 0xDB, 0xF7, 0xEC, 0x6C, 0xC9,
    0x37, 0xFA, 0x6B, 0xD5, 0x30, 0x1E, 0x1B, 0x5D, 0x68, 0xBA, 0xF4, 0x18, 0xB0, 0x85, 0x7E, 0xAF,
    0xD4, 0xD2, 0x76, 0x95, 0xE9, 0x69, 0x06, 0xEB, 0x6C, 0xF5, 0xFC, 0xCE, 0xEF, 0x9C, 0x96, 0x8F,
    0xCA, 0xAE, 0xBA, 0x6E, 0x7B, 0x5A, 0x9A, 0xC1, 0xBA, 0xF2, 0xDB, 0x1D, 0xA6, 0x59, 0xD6, 0xEB,
    0x74, 0xA6, 0xBB, 0x64, 0x7D, 0x32, 0x8D, 0xF7, 0xEF, 0x28, 0x3A, 0x82, 0xE9, 0xAE, 0x36, 0x59,
    0xDF, 0xAB, 0x27, 0xDB, 0xD3, 0xA2, 0xE8, 0x28, 0xAF, 0x22, 0xB2, 0x58, 0xE2, 0x0A, 0xE1, 0x50,
    0x03, 0x3A, 0x6B, 0xF4, 0x12, 0x06, 0x0A, 0xB6, 0xA9, 0x84, 0xD5, 0xEC, 0x32, 0xF2, 0xAA, 0x51,
    0x88, 0x42, 0x20, 0x6C, 0x5C, 0xE2, 0x98, 0x33, 0x13, 0xA5, 0x32, 0xEB, 0x6C, 0x03, 0x33, 0xC8,
    0x98, 0x47, 0xA5, 0x66, 0xA6, 0x0A, 0x61, 0xD9, 0x04, 0xC7, 0x09, 0x64, 0xDE, 0x15, 0xFD, 0xA6,
    0x21, 0x13, 0xE7, 0x71, 0x75, 0xE8, 0x43, 0x5C, 0x16, 0xFB, 0x27, 0xD4, 0x0D, 0x20, 0xBC, 0x29,
    0x4E, 0x08, 0xAF, 0x93, 0x0C, 0x59, 0xA0, 0xE9, 0x32, 0x93, 0xC5, 0x93, 0x54, 0x30, 0x03, 0x16,
    0xA9, 0x61, 0xDE, 0x27, 0x72, 0x7D, 0x62, 0xB7, 0x4B, 0x5C, 0xED, 0x20, 0xCA, 0x0C, 0x61, 0x47,
    0x5E, 0x0F, 0x90, 0xC5, 0x09, 0xD2, 0x4C, 0x50, 0x38, 0x14, 0x15, 0x09, 0x25, 0x8D, 0xEC, 0x48,
    0xCB, 0x91, 0x2E, 0xC9, 0x54, 0x81, 0xBC, 0x20, 0xBF, 0x69, 0xA7, 0xC2, 0x9D, 0x44, 0xEE, 0x9B,
    0x1F, 0x3B, 0xF1, 0x89, 0x13, 0x8F, 0x4A, 0xF1, 0xDB, 0x42, 0x9E, 0x23, 0x2B, 0x14, 0x68, 0x48,
    0x68, 0x02, 0xE1, 0x01, 0x8C, 0x00, 0x60, 0x5C, 0xD7, 0xA6, 0xE9, 0xD2, 0x6C, 0x03, 0x6B, 0xEB,
    0xC0, 0x44, 0xFE, 0x99, 0x9B, 0x05, 0xE3, 0x7A, 0x4E, 0x4B, 0xBE, 0x52, 0x3F, 0x26, 0x7A, 0xBC,
    0x77, 0xD3, 0x26, 0xC0, 0xFE, 0x13, 0x67, 0x00, 0xA0, 0x07, 0x03, 0x98, 0x40, 0xB5, 0xEC, 0x54,
    0x0A, 0x12, 0xD8, 0x80, 0x5D, 0x78, 0x17, 0x3E, 0x2D, 0xA2, 0x5F, 0xDB, 0xD0, 0x17, 0x99, 0x24,
    0x0C, 0xD6, 0xE8, 0x0D, 0x48, 0x80, 0x21, 0x80, 0x71, 0x40, 0x54, 0x95, 0x00, 0x8F, 0x1F, 0x16,
    0x40, 0xFA, 0x99, 0x85, 0xE8, 0x97, 0x7F, 0x33, 0x20, 0xFE, 0x35, 0x03, 0x62, 0xD1, 0x37, 0x80,
    0x52, 0x00, 0x1A, 0x20, 0x89, 0x48, 0x78, 0x41, 0x07, 0xA4, 0x9D, 0x00, 0xF9, 0xD1, 0xF7, 0x3D,
    0x38, 0x5B, 0x78, 0xE4, 0x17, 0x78, 0xEC, 0x7E, 0xAB, 0xF4, 0x60, 0x6B, 0x1E, 0x30, 0xD9, 0x22,
    0x80, 0x00, 0x00, 0xF2, 0xF3, 0xD0, 0xDA, 0xEA, 0x39, 0x30, 0x00, 0x1C, 0x81, 0x38, 0xC2, 0x80,
    0x06, 0x7A, 0xC0, 0x1D, 0xA0, 0x82, 0xB0, 0x2D, 0x0D, 0x24, 0x40, 0x06, 0x4C, 0x80, 0x0A, 0x84,
    0x05, 0x05, 0xAC, 0x2F, 0x13, 0x30, 0x9E, 0x71, 0x34, 0x64, 0x0A, 0xED, 0xDE, 0xED, 0x10, 0x15,
    0xA2, 0x44, 0x5A, 0x64, 0x8D, 0xFA, 0x3D, 0xBA, 0x40, 0x1B, 0x52, 0xE8, 0xC3, 0x26, 0xEC, 0xC2,
    0x0E, 0x8C, 0xE0, 0x3E, 0x9C, 0x39, 0x56, 0x0D, 0xF4, 0x17, 0x3C, 0xBF, 0x58, 0x66, 0xE1, 0xA9,
    0x2C, 0xCA, 0xC6, 0xB5, 0xE5, 0x56, 0x93, 0x25, 0x24, 0x6A, 0x65, 0x99, 0x12, 0x2D, 0xC8, 0xE7,
    0xAC, 0x0E, 0x91, 0x17, 0xCB, 0xA2, 0xC8, 0x6F, 0x85, 0xBA, 0x98, 0x8A, 0xCA, 0x97, 0xC6, 0x2C,
    0x76, 0x5B, 0x91, 0xDB, 0x8F, 0x1D, 0x4F, 0x80, 0x28, 0x03, 0x74, 0x11, 0x70, 0x88, 0x87, 0xAC,
    0x02, 0x14, 0x01, 0x09, 0x01, 0x1D, 0x02, 0xDA, 0xB2, 0xD3, 0x54, 0xD0, 0x7D, 0x18, 0x05, 0x84,
    0x83, 0xFA, 0x84, 0xA3, 0xF0, 0x27, 0xED, 0xE2, 0x0F, 0xDA, 0xC1, 0x9F, 0x33, 0x82, 0x38, 0x4C,
    0xA2, 0x3C, 0x05, 0x5D, 0xCC, 0xE0, 0x10, 0x17, 0xF2, 0x57, 0x28, 0x28, 0x49, 0x88, 0x2C, 0x9D,
    0x30, 0xB5, 0x93, 0x2B, 0xCB, 0x03, 0xB4, 0x65, 0x84, 0x36, 0xB0, 0x88, 0xEA, 0x82, 0xB9, 0xFE,
    0xD0, 0x45, 0xAE, 0xCF, 0x22, 0x76, 0x1B, 0x8C, 0xE2, 0xEA, 0x25, 0x46, 0xA2, 0x84, 0xA9, 0xB0,
    0x30, 0xF3, 0x93, 0xA8, 0x64, 0x41, 0x6A, 0xA4, 0x89, 0xE6, 0x28, 0x62, 0x8B, 0x42, 0x14, 0x24,
    0x08, 0xD3, 0xCE, 0x1C, 0xF2, 0x1D, 0xD1, 0x2F, 0xC8, 0x48, 0x61, 0xC8, 0xD5, 0xB3, 0x7A, 0x91,
    0xD7, 0x53, 0x18, 0x04, 0x70, 0x07, 0x26, 0xE0, 0xA0, 0x22, 0x2A, 0x03, 0x42, 0x21, 0x7B, 0x14,
    0x48, 0x13, 0xD0, 0xFA, 0x23, 0xAA, 0xEB, 0x0B, 0x6E, 0xDD, 0xAC, 0xAD, 0x52, 0x75, 0x29, 0x55,
    0x5D, 0xB5, 0x34, 0xAC, 0xAD, 0x57, 0x23, 0xD5, 0xCF, 0x91, 0x8A, 0xCF, 0xA5, 0x5A, 0x15, 0xD4,
    0x6A, 0xC6, 0x6A, 0x34, 0x44, 0xD5, 0x75, 0x99, 0x9F, 0xFF, 0xC0, 0xE4, 0x8B, 0x1E, 0xE3, 0xFF,
    0xD2, 0x7C, 0xB1, 0x89, 0xF6, 0x3F, 0x67, 0x75, 0xCF, 0x8C, 0x3D, 0x87, 0xF4, 0x27, 0x75, 0x21,
    0xAE, 0xD7, 0xD6, 0x6B, 0xD9, 0x52, 0xAB, 0xDE, 0xA8, 0xED, 0xB8, 0xAE, 0x83, 0x1B, 0x5C, 0x81,
    0x0D, 0xB2, 0x1E, 0xFD, 0x6B, 0x57, 0xC5, 0xBF, 0xE7, 0xDF, 0xBD, 0xF8, 0xE0, 0xEC, 0x01, 0x6F,
    0xFF, 0xAC, 0xE2, 0x63, 0x17, 0x55, 0x30, 0x44, 0x99, 0xD4, 0xA6, 0x56, 0x1B, 0xDA, 0x42, 0x9F,
    0x31, 0x0F, 0x98, 0xB0, 0xCF, 0x36, 0x09, 0xC0, 0xED, 0xC7, 0xC8, 0xBF, 0xDC, 0xB4, 0x5D, 0x38,
    0x39, 0x80, 0xDE, 0x31, 0xAC, 0x70, 0x89, 0x1C, 0xC3, 0x8B, 0xC1, 0x37, 0xC4, 0xF8, 0xD8, 0x32,
    0xE4, 0x80, 0x21, 0x18, 0x07, 0xAE, 0x82, 0xE9, 0xC3, 0x02, 0xFD, 0x59, 0x19, 0xFD, 0xE2, 0xB1,
    0xF1, 0xD4, 0x88, 0xAE, 0xDF, 0x32, 0xC8, 0x37, 0x0C, 0xCA, 0x40, 0x84, 0x8F, 0x86, 0x17, 0x34,
    0xA4, 0x1D, 0x50, 0x1F, 0xF5, 0xA0, 0x5E, 0xF0, 0xF5, 0x8B, 0x21, 0xBB, 0xEF, 0x16, 0x5C, 0xF9,
    0xC6, 0x0C, 0x26, 0xFB, 0xE0, 0x00, 0x40, 0x0B, 0x93, 0xBE, 0x8F, 0x4E, 0xE0, 0xA5, 0xA6, 0x1B,
    0xED, 0x2F, 0x1B, 0x52, 0x64, 0x09, 0xAF, 0xD2, 0x20, 0x41, 0x41, 0x07, 0xD6, 0x32, 0x06, 0x87,
    0x6C, 0x67, 0x00, 0xBA, 0x54, 0x1B, 0xA7, 0xC9, 0x76, 0x77, 0x6D, 0x5F, 0xCE, 0xAF, 0x3C, 0xDD,
    0xE8, 0x0C, 0x9C, 0xB4, 0x1A, 0x5D, 0x8F, 0x95, 0xDE, 0x96, 0x7E, 0xEB, 0x34, 0xFE, 0x53, 0x79,
    0xE5, 0xEC, 0xF5, 0x71, 0x5D, 0x5F, 0x3D, 0x7B, 0xDD, 0x3F, 0xEB, 0xB7, 0xE6, 0x7E, 0x9F, 0x1E,
    0x30, 0x82, 0xF3, 0x30, 0x03, 0x30, 0x85, 0x05, 0x9C, 0xD2, 0x92, 0xC6, 0x21, 0x5C, 0x6C, 0xF3,
    0x70, 0xB3, 0x39, 0x7F, 0xB5, 0x3D, 0xAC, 0x7A, 0x5A, 0xBE, 0x66, 0xFD, 0xE5, 0x26, 0x0A, 0x7F,
    0xBB, 0x09, 0xD0, 0x05, 0x68, 0x1B, 0x6C, 0xAB, 0x80, 0x63, 0x77, 0x84, 0x70, 0xC1, 0xD2, 0x96,
    0x96, 0xEF, 0x14, 0x51, 0x2E, 0x90, 0xD5, 0xA9, 0xB7, 0x34, 0x92, 0x02, 0x7D, 0x13, 0x6C, 0x5B,
    0x68, 0x7C, 0x83, 0x1D, 0xDD, 0x1F, 0xD1, 0x92, 0xB0, 0x6C, 0x47, 0xF1, 0xFF, 0x23, 0x79, 0x5A,
    0x68, 0xC7, 0x8E, 0x12, 0x51, 0x4E, 0x13, 0x51, 0x05, 0x4B, 0x02, 0x6D, 0x3D, 0x0B, 0xFF, 0x15,
    0xDC, 0xDA, 0x33, 0xCD, 0xBA, 0xED, 0x7B, 0xF8, 0xE0, 0x10, 0x20, 0x98, 0xA5, 0x9D, 0x2E, 0x4E,
    0x99, 0x2E, 0xA6, 0x10, 0xE6, 0xE5, 0xD4, 0x7C, 0xA2, 0x35, 0xF6, 0x92, 0x4F, 0xC0, 0x7D, 0xBB,
    0x65, 0xB7, 0x2E, 0xF7, 0x3D, 0xAB, 0x72, 0xDB, 0x2F, 0x34, 0x2B, 0x97, 0x0E, 0xBC, 0xB7, 0x26,
    0x35, 0xB9, 0x1D, 0x97, 0xB7, 0xEF, 0x5E, 0xE2, 0xEB, 0xF5, 0x95, 0xE2, 0xF8, 0xF8, 0x55, 0x7B,
    0x79, 0x66, 0xB8, 0xE0, 0x65, 0x3E, 0xDF, 0x6F, 0xF6, 0x1F, 0x4D, 0x91, 0x01, 0x84, 0x24, 0x47,
    0x18, 0x85, 0xBF, 0xEE, 0x8A, 0x2D, 0x77, 0x95, 0xEE, 0x3A, 0x04, 0xC8, 0xCC, 0xF4, 0x21, 0x58,
    0xF4, 0xF4, 0x2E, 0x1A, 0x8D, 0xEA, 0x9D, 0xB2, 0xB0, 0x00, 0x01, 0x20, 0x08, 0x00, 0x70, 0x06,
    0x83, 0x45, 0xEF, 0x6E, 0x5D, 0x0E, 0x10, 0xE4, 0x12, 0x80, 0xC0, 0x01, 0x20, 0x62, 0x30, 0x18,
    0xE4, 0x76, 0x2A, 0x82, 0x00, 0xB4, 0x04, 0x20, 0xA4, 0x01, 0x08, 0xD1, 0x61, 0x30, 0x62, 0x67,
    0xFB, 0xBA, 0xED, 0xAC, 0xBD, 0x7A, 0x0F, 0xAF, 0xFE, 0xFA, 0xAB, 0xEA, 0x7F, 0x1E, 0x1B, 0x2B,
    0xFE, 0xAC, 0xF5, 0x79, 0x93, 0x04, 0x6D, 0x16, 0xB6, 0x65, 0xD8, 0x18, 0x51, 0x1B, 0xE1, 0x8D,
    0x74, 0x59, 0x82, 0xDA, 0x01, 0x28, 0x62, 0xE0, 0x8A, 0xB4, 0x47, 0x41, 0xCE, 0x82, 0x79, 0x8F,
    0x33, 0x50, 0x96, 0x13, 0xCB, 0x86, 0xE0, 0x6F, 0x64, 0x46, 0x54, 0x92, 0x97, 0x6C, 0xBA, 0x9A,
    0x0A, 0xD6, 0xA8, 0x0E, 0x20, 0xEC, 0x1A, 0x41, 0x7D, 0x04, 0xCF, 0x40, 0xDF, 0xF3, 0x4C, 0x3B,
    0xA4, 0xEF, 0x59, 0x48, 0x5F, 0x6A, 0x9B, 0xEC, 0x01, 0x82, 0x7B, 0xD4, 0xB7, 0x36, 0x91, 0x18,
    0xB8, 0xDE, 0xF1, 0xFE, 0x8C, 0x75, 0xC2, 0x36, 0x61, 0x95, 0x51, 0x19, 0x92, 0x16, 0xE0, 0xA6,
    0xE3, 0x6D, 0x8C, 0x1B, 0x41, 0x0E, 0x2D, 0xA1, 0x47, 0x58, 0x34, 0xA4, 0x90, 0x03, 0xC0, 0xC6,
    0x89, 0x3F, 0x1A, 0xF5, 0xBA, 0x51, 0xBF, 0xD6, 0xE2, 0x1F, 0x1B, 0xDE, 0xA3, 0xBF, 0x76, 0xA5,
    0xF4, 0xBD, 0x97, 0x52, 0x39, 0xBD, 0x07, 0x08, 0x77, 0x7D, 0x91, 0x4C, 0xD9, 0xBE, 0x62, 0x94,
    0x3B, 0x4B, 0xAC, 0xEE, 0x20, 0xE1, 0xA5, 0x61, 0xB5, 0x66, 0x56, 0x03, 0x04, 0xFE, 0xC0, 0xAE,
    0xB3, 0xA1, 0x7F, 0xDA, 0x6E, 0xBA, 0xA1, 0xC2, 0x61, 0x3D, 0xE9, 0x69, 0xB0, 0x95, 0xBE, 0x77,
    0x42, 0x89, 0xE1, 0x11, 0x53, 0x34, 0xD2, 0x01, 0x84, 0x2E, 0x68, 0x58, 0x51, 0x1D, 0x0E, 0x2A,
    0x2E, 0xD9, 0x06, 0xAD, 0xA8, 0xB5, 0xBD, 0xE2, 0x4B, 0xDE, 0x5F, 0x91, 0x7D, 0xC7, 0x34, 0xC6,
    0x44, 0xE4, 0x23, 0xE6, 0x29, 0xCB, 0x94, 0x26, 0xB1, 0xDC, 0x22, 0xDF, 0x78, 0x2D, 0xEA, 0x2C,
    0x6C, 0x4A, 0x31, 0x44, 0x52, 0x09, 0x5F, 0xF5, 0x66, 0x94, 0x2D, 0xC7, 0xA8, 0x2D, 0x8C, 0x83,
    0xBD, 0xAE, 0xA8, 0x58, 0xB3, 0xED, 0xD1, 0x06, 0x6D, 0xD8, 0xCC, 0xF6, 0x83, 0xE9, 0x8B, 0xFE,
    0x9A, 0x47, 0x7A, 0x94, 0x65, 0x02, 0x0B, 0x82, 0x1A, 0x15, 0xDA, 0xB3, 0xAF, 0x06, 0x07, 0xC1,
    0xC6, 0xCA, 0xDF, 0x6A, 0x25, 0x1A, 0x44, 0x8D, 0xB2, 0xC1, 0x1E, 0xB4, 0x45, 0xF9, 0x53, 0xE5,
    0x0A, 0x4D, 0xB2, 0x03, 0x0D, 0x33, 0xE8, 0x08, 0x7F, 0x46, 0x95, 0x8C, 0x0C, 0xA7, 0x86, 0xAE,
    0xF3, 0xAC, 0x61, 0x8B, 0xBA, 0x47, 0x74, 0xB5, 0xE8, 0xFC, 0x73, 0xFC, 0xA7, 0x10, 0xEF, 0xF9,
    0x64, 0xB8, 0xEE, 0x5E, 0x28, 0xB7, 0x50, 0xB6, 0x1A, 0x5E, 0x20, 0xB8, 0x45, 0x5D, 0xD8, 0xC9,
    0xD1, 0x21, 0xCC, 0x5F, 0x32, 0x56, 0x8F, 0x61, 0x5E, 0x1A, 0x92, 0x86, 0x93, 0xCE, 0xCF, 0x3A,
    0x77, 0x2A, 0x79, 0x11, 0xC1, 0x31, 0x9C, 0x42, 0x73, 0xC8, 0x33, 0x86, 0x94, 0xC3, 0x90, 0xFA,
    0xBC, 0xD6, 0x6F, 0xBC, 0xFC, 0x97, 0xDE, 0x54, 0x72, 0x62, 0x8D, 0xEA, 0xFD, 0x3B, 0xA3, 0x51,
    0x3B, 0x8E, 0xB6, 0x4C, 0x26, 0xF4, 0xBA, 0x1A, 0x88, 0x39, 0x41, 0xDD, 0x42, 0xC9, 0xBB, 0x8A,
    0xFF, 0x5A, 0x6E, 0x1C, 0xBC, 0x3B, 0x70, 0xD6, 0xF9, 0x47, 0x7D, 0xD8, 0xF6, 0xE4, 0x71, 0x3D,
    0xE8, 0x2A, 0x6C, 0xFB, 0x00, 0xC9, 0x28, 0x31, 0x54, 0x03, 0x30, 0x3D, 0x26, 0x28, 0x1B, 0x58,
    0xA0, 0x66, 0x85, 0xA1, 0x24, 0x1B, 0xC0, 0x74, 0x68, 0x63, 0x1D, 0xB4, 0xB2, 0x3E, 0xE1, 0x0B,
    0xC2, 0xFF, 0x6D, 0xAC, 0x30, 0x8A, 0x3C, 0x66, 0x39, 0x1E, 0xD2, 0x9B, 0xFF, 0x44, 0x96, 0xD8,
    0xF0, 0x2E, 0x1A, 0x17, 0xE6, 0xE6, 0xED, 0x92, 0x25, 0x97, 0x9F, 0x25, 0x4D, 0x78, 0x47, 0xA4,
    0x28, 0xA4, 0x5D, 0x48, 0xBB, 0x54, 0x2C, 0x63, 0x16, 0x29, 0x49, 0x83, 0xFA, 0xA6, 0x09, 0x7F,
    0x87, 0xBF, 0x60, 0x05, 0x5B, 0x44, 0x45, 0x3C, 0xA6, 0xD2, 0x36, 0x69, 0x5E, 0x16, 0xA4, 0xEA,
    0xAE, 0x28, 0xDA, 0x45, 0xDB, 0xDC, 0xD8, 0xC4, 0x22, 0x41, 0x41, 0xFC, 0x8A, 0xF8, 0x82, 0x89,
    0x24, 0x55, 0x1C, 0xC7, 0xE4, 0x11, 0xF9, 0x98, 0xB9, 0x76, 0x4F, 0x0D, 0xBA, 0x8E, 0x22, 0x46,
    0xA7, 0x4C, 0x6B, 0xA6, 0x2D, 0xF9, 0x82, 0xDC, 0xF4, 0x0D, 0x24, 0x56, 0xA2, 0x88, 0xE9, 0xCF,
    0x48, 0x31, 0x14, 0xE4, 0x64, 0x5C, 0xBF, 0xFA, 0xDC, 0xC5, 0x17, 0x3F, 0xF8, 0x89, 0x3C, 0xF7,
    0xA9, 0x12, 0xAE, 0x88, 0x85, 0xCD, 0x23, 0x49, 0x3E, 0x92, 0xCC, 0x47, 0xA2, 0xBE, 0xFE, 0xE8,
    0xBB, 0xE2, 0xA3, 0xEF, 0xF4, 0x8F, 0x4E, 0x7C, 0xEF, 0xE5, 0xEB, 0x5A, 0x05, 0xF5, 0xF3, 0xD0,
    0x47, 0xC2, 0x45, 0x43, 0xFA, 0xA4, 0x50, 0x40, 0x0E, 0xD7, 0xA0, 0xB6, 0xC7, 0xC7, 0x05, 0x89,
    0x0D, 0x1B, 0x37, 0x6F, 0xE6, 0x33, 0x17, 0x20, 0x50, 0xCC, 0x9A, 0x87, 0x09, 0x8A, 0x87, 0x09,
    0xEC, 0x07, 0x55, 0x95, 0x01, 0x88, 0x1D, 0x47, 0x1D, 0x87, 0xBF, 0xD9, 0xC9, 0x65, 0x6B, 0xB6,
    0xC9, 0x44, 0x28, 0xB4, 0x78, 0xD7, 0x8C, 0x80, 0x40, 0x80, 0xF0, 0xF6, 0x6C, 0x4F, 0x88, 0xF8,
    0x76, 0xDF, 0xD8, 0x0A, 0x45, 0x04, 0x39, 0xA0, 0x47, 0x85, 0x00, 0x07, 0x14, 0x40, 0x84, 0xF2,
    0x0E, 0x0C, 0x10, 0x75, 0xEF, 0xDE, 0xD6, 0x02, 0x02, 0x16, 0x8C, 0x08, 0x2D, 0xA8, 0x42, 0xA0,
    0x58, 0xA0, 0x95, 0x5A, 0xA4, 0x85, 0x13, 0xF6, 0xFA, 0xA6, 0x2D, 0x88, 0x4A, 0xD5, 0x45, 0x7B,
    0x2D, 0x20, 0xE8, 0x50, 0x2E, 0x02, 0xA8, 0xB8, 0xC2, 0x5C, 0xDD, 0x67, 0xF6, 0x6E, 0xDC, 0xCD,
    0x19, 0x34, 0x0F, 0xBE, 0xEF, 0xB7, 0x6F, 0x60, 0x96, 0x19, 0xFE, 0xF3, 0xDF, 0x61, 0xEA, 0x90,
    0x87, 0x2D, 0xAA, 0xBC, 0x4A, 0x0A, 0x8C, 0x81, 0x42, 0x87, 0x76, 0x37, 0xDE, 0x7F, 0xCD, 0x4B,
    0xBB, 0xEA, 0xE3, 0x72, 0x75, 0x37, 0x29, 0xC9, 0x95, 0x41, 0x85, 0x60, 0xD0, 0x1B, 0xA0, 0x81,
    0x11, 0xEB, 0x64, 0x58, 0x8A, 0xC8, 0xCA, 0x10, 0x4A, 0xE4, 0x0A, 0xC8, 0x8B, 0x90, 0x1C, 0xC3,
    0x1B, 0x33, 0x2B, 0xFF, 0xFE, 0xB0, 0x55, 0xCF, 0x3E, 0x69, 0xF5, 0xBD, 0x37, 0xC8, 0x1E, 0xA8,
    0x29, 0x2E, 0x5A, 0xAA, 0x35, 0x4B, 0xFB, 0xC9, 0x12, 0xFF, 0x50, 0xCF, 0x93, 0x06, 0xFF, 0x3D,
    0xD8, 0xFD, 0x03, 0x14, 0xBF, 0xB8, 0x87, 0xF4, 0xD7, 0xBB, 0xC4, 0xC1, 0x11, 0xFD, 0x90, 0x93,
    0x57, 0x3D, 0x00, 0xE2, 0x3E, 0xE0, 0x74, 0xB8, 0x4E, 0xFA, 0x84, 0x17, 0x9E, 0x56, 0xD6, 0x34,
    0xAA, 0x84, 0x14, 0xC8, 0x27, 0xDF, 0xAE, 0x0B, 0xFD, 0xA2, 0xAB, 0x92, 0xEF, 0xDA, 0x36, 0xB1,
    0xB4, 0xAA, 0xC4, 0x2B, 0xF0, 0x1A, 0xDA, 0x0B, 0x50, 0x8C, 0x04, 0x79, 0x76, 0x06, 0x75, 0x54,
    0x21, 0x82, 0x83, 0x10, 0x8E, 0x99, 0x6E, 0x6C, 0xA3, 0x78, 0x10, 0xCD, 0x0A, 0x23, 0x4E, 0x91,
    0xDD, 0xD9, 0x30, 0x30, 0x0F, 0x86, 0xC5, 0x06, 0x78, 0xA0, 0x81, 0x34, 0xD4, 0x9C, 0xBE, 0x69,
    0x90, 0x35, 0x03, 0xE8, 0x43, 0x08, 0xC7, 0x00, 0x73, 0x47, 0xF2, 0x5E, 0x8B, 0xA6, 0x20, 0xE3,
    0x32, 0x63, 0xCE, 0xF7, 0x70, 0x87, 0x38, 0x1C, 0x21, 0x76, 0x1E, 0x87, 0x11, 0xA8, 0xD0, 0xB1,
    0xB4, 0xBD, 0x0E, 0x63, 0xC0, 0x81, 0x0C, 0xE6, 0xBA, 0x0E, 0xA1, 0xFC, 0x44, 0x74, 0x04, 0x20,
    0x00, 0x88, 0x01, 0x38, 0x0B, 0xC0, 0x0A, 0xCC, 0xDE, 0xEA, 0x3E, 0xE3, 0xD1, 0xBF, 0x9D, 0xED,
    0x55, 0x24, 0xAF, 0x69, 0x97, 0xA1, 0x9C, 0xB6, 0xBD, 0x6D, 0x6A, 0x7A, 0x9B, 0x09, 0x05, 0x9A,
    0x8C, 0x8A, 0x11, 0x63, 0x5A, 0x72, 0x2A, 0x3C, 0x19, 0x1D, 0x0D, 0xE3, 0xA8, 0x15, 0x0D, 0x85,
    0x1C, 0xBC, 0x7B, 0xCE, 0xB3, 0x28, 0xDB, 0x15, 0xCF, 0x0E, 0xAC, 0x01, 0xB0, 0x05, 0x40, 0x30,
    0x93, 0x8E, 0xA9, 0x5D, 0x3E, 0x40, 0x59, 0x69, 0xD0, 0xB5, 0x84, 0x91, 0x8B, 0xE1, 0xD3, 0x4D,
    0x02, 0x6B, 0xFE, 0x1C, 0x49, 0x08, 0xA1, 0x59, 0x7A, 0x7D, 0xEF, 0x29, 0xA3, 0xFB, 0xA7, 0x7A,
    0xE9, 0xE6, 0x6C, 0xDB, 0x50, 0xA7, 0x6B, 0x08, 0xAB, 0xAE, 0x0E, 0x6A, 0x88, 0xCA, 0xA4, 0x41,
    0x9A, 0xD8, 0x0D, 0xF3, 0x6B, 0x66, 0x3E, 0xB2, 0x30, 0x0B, 0x35, 0xA0, 0xDF, 0xEB, 0x80, 0xD8,
    0xE6, 0x40, 0x62, 0x53, 0x40, 0x95, 0xB7, 0x6D, 0x06, 0x6B, 0xF2, 0x8F, 0x0C, 0xAE, 0x56, 0x60,
    0x14, 0xFB, 0x0A, 0x26, 0xE1, 0x99, 0xE0, 0xC8, 0x10, 0x3F, 0x37, 0x14, 0xF0, 0x1A, 0x54, 0xD0,
    0x40, 0xCB, 0x60, 0x8F, 0x70, 0x88, 0xC1, 0xDC, 0x7F, 0x64, 0xC4, 0x61, 0x39, 0x09, 0x96, 0xB9,
    0x11, 0x21, 0x5C, 0x07, 0x98, 0x3E, 0xD7, 0x02, 0x68, 0xAA, 0x93, 0xC8, 0x00, 0x46, 0x64, 0x51,
    0x28, 0xC9, 0x28, 0xD4, 0xF3, 0x8E, 0x31, 0xED, 0x08, 0x47, 0x11, 0xBB, 0x0C, 0xC3, 0xFC, 0x98,
    0x1C, 0x58, 0x54, 0xE8, 0x12, 0x7C, 0x46, 0xD2, 0x42, 0x93, 0x23, 0x02, 0xA2, 0x49, 0x41, 0x97,
    0x51, 0xA3, 0x4D, 0x99, 0x58, 0xE9, 0xD4, 0xD3, 0x75, 0x6C, 0x65, 0xAD, 0xDE, 0x74, 0x89, 0xD1,
    0x87, 0xB1, 0x5F, 0x4C, 0x09, 0x41, 0x74, 0xA9, 0x27, 0x0D, 0x5C, 0x60, 0xD2, 0x25, 0x0B, 0x72,
    0x96, 0x0F, 0xA4, 0x63, 0x86, 0x2C, 0xFB, 0x08, 0x24, 0xC8, 0x46, 0x04, 0xCE, 0x11, 0x35, 0xF2,
    0xA7, 0x5C, 0xEA, 0x23, 0xD6, 0x5C, 0xEE, 0xE3, 0x9C, 0xE6, 0x55, 0x66, 0x61, 0xF8, 0x95, 0xC2,
    0x8F, 0xF5, 0x23, 0x16, 0xD1, 0x5C, 0x55, 0x8F, 0x96, 0xE0, 0x1B, 0xF5, 0x05, 0xC0, 0xD7, 0xEA,
    0x8B, 0xC0, 0x87, 0x56, 0xFD, 0x04, 0xB8, 0x65, 0xD4, 0x2E, 0x10, 0x48, 0x1A, 0xE0, 0x88, 0xC4,
    0x01, 0x15, 0x89, 0x05, 0x00, 0x66, 0xC1, 0x4B, 0xB7, 0xBD, 0xB1, 0x23, 0x5D, 0x81, 0x1E, 0xA4,
    0x9E, 0xE9, 0x95, 0xF4, 0xBA, 0x30, 0x48, 0x27, 0x6F, 0xDF, 0xA5, 0xD3, 0xC3, 0x18, 0xF2, 0xB6,
    0xEA, 0x5E, 0xB1, 0x2D, 0xF4, 0xC6, 0xD4, 0x14, 0x3A, 0x2C, 0x00, 0xE5, 0x81, 0xD3, 0x0D, 0xC8,
    0x10, 0x80, 0x27, 0x0E, 0x00, 0x59, 0x43, 0x72, 0xCB, 0xC2, 0xCE, 0x74, 0x58, 0x6A, 0x62, 0x91,
    0xB5, 0x2A, 0x51, 0x56, 0x19, 0x94, 0x51, 0x90, 0xA2, 0x61, 0x42, 0x0A, 0x39, 0xF9, 0xA0, 0x3D,
    0x4E, 0x94, 0xCA, 0x6D, 0xD0, 0x3F, 0xCA, 0xB7, 0x88, 0x7D, 0x5A, 0x02, 0x00, 0x00, 0xF3, 0x10,
    0xE0, 0x2B, 0x2F, 0xBD, 0x04, 0x30, 0x77, 0xC4, 0x7F, 0x69, 0xD1, 0x54, 0x64, 0x5C, 0x65, 0x17,
    0x68, 0x20, 0xEA, 0x49, 0x43, 0x47, 0xBC, 0xBF, 0x4E, 0x6C, 0x61, 0x28, 0xF6, 0xF2, 0xBE, 0x21,
    0xB1, 0x30, 0x30, 0x8C, 0x49, 0x27, 0x10, 0x8B, 0xA7, 0x20, 0x3D, 0x80, 0x70, 0x94, 0x76, 0x6C,
    0x1E, 0xA8, 0x03, 0x54, 0x79, 0x7B, 0x61, 0x63, 0xD0, 0x34, 0x90, 0xCA, 0xB2, 0xD7, 0x05, 0x20,
    0xBF, 0x06, 0x2A, 0x84, 0xC0, 0xD2, 0xDE, 0xDE, 0xE3, 0x50, 0xE5, 0x40, 0x3B, 0x19, 0xA4, 0x0D,
    0x78, 0x75, 0x7B, 0x77, 0xF5, 0x50, 0xA9, 0x86, 0xE5, 0x43, 0xB9, 0x60, 0x16, 0x78, 0x63, 0x98,
    0xD1, 0xEA, 0x2B, 0xFB, 0xFE, 0x52, 0x6C, 0xAF, 0xAE, 0x25, 0x76, 0xEB, 0xBC, 0x2A, 0xCF, 0xA3,
    0x3E, 0x0F, 0xBA, 0x85, 0x99, 0x21, 0x39, 0x86, 0x7B, 0xF2, 0x2F, 0xC3, 0xC4, 0x11, 0x1D, 0x41,
    0xDE, 0xC1, 0xF9, 0x16, 0xF0, 0x20, 0x7A, 0xEE, 0x5F, 0xC0, 0x2C, 0x18, 0x40, 0x00, 0xC0, 0x19,
    0x00, 0xB8, 0x04, 0x40, 0x1A, 0x4A, 0x20, 0xBA, 0xF9, 0xA1, 0x67, 0x48, 0x97, 0x01, 0x48, 0xAB,
    0x01, 0x62, 0xAB, 0x00, 0x12, 0x93, 0x94, 0x80, 0x22, 0xFE, 0x6F, 0x58, 0x40, 0x9F, 0xC4, 0xE8,
    0x64, 0x30, 0x23, 0x29, 0x81, 0x31, 0xEA, 0xB1, 0x16, 0x0A, 0xD4, 0xB9, 0x4D, 0xB8, 0xC6, 0xE8,
    0x52, 0x6C, 0x26, 0x9E, 0xF1, 0x38, 0x2E, 0x7F, 0xDC, 0xE0, 0xC7, 0x89, 0x79, 0xF1, 0x4F, 0x57,
    0xEA, 0x9D, 0x29, 0x93, 0xE8, 0x98, 0x9F, 0xB5, 0x00, 0x34, 0x00, 0xE0, 0x00, 0x88, 0x4E, 0x42,
    0xD6, 0x27, 0x61, 0x01, 0x71, 0x04, 0xF1, 0x0F, 0x0C, 0x4A, 0x96, 0xA8, 0xC8, 0xF6, 0xF4, 0x29,
    0x07, 0x40, 0x7D, 0x0B, 0x92, 0xDF, 0x80, 0xFC, 0x5B, 0x8F, 0x07, 0xD1, 0x20, 0x3F, 0xDB, 0x12,
    0xBF, 0xDD, 0xA1, 0xFE, 0x98, 0x71, 0xB1, 0x9B, 0xB0, 0x7A, 0x4D, 0x73, 0x63, 0x55, 0x19, 0x48,
    0x4A, 0x88, 0x4B, 0xD6, 0x7A, 0xAE, 0xC5, 0x86, 0x7C, 0x13, 0x92, 0x16, 0x86, 0xF6, 0x3D, 0x69,
    0x5E, 0x65, 0x76, 0x90, 0x21, 0x04, 0x27, 0xA6, 0xFD, 0x81, 0x64, 0x42, 0xCA, 0x50, 0x2D, 0x2B,
    0xFA, 0xC3, 0x0D, 0x05, 0x15, 0x54, 0xB1, 0x87, 0x10, 0x4A, 0x58, 0x00, 0xC2, 0x0F, 0x6A, 0x80,
    0x68, 0x90, 0x74, 0x80, 0x3E, 0x04, 0xE6, 0x01, 0x80, 0x33, 0x40, 0x14, 0x5A, 0x18, 0x9D, 0x9D,
    0x83, 0x5F, 0x99, 0x18, 0xE9, 0x2E, 0x6A, 0x12, 0xBB, 0x06, 0xDA, 0xAC, 0x42, 0x4A, 0xAF, 0x9C,
    0x2D, 0xD8, 0xE6, 0x06, 0x54, 0x84, 0x60, 0x2A, 0xDE, 0xEA, 0xA8, 0xC4, 0x9B, 0x4D, 0xAF, 0x6F,
    0x36, 0x6C, 0x47, 0xCF, 0x38, 0x72, 0xF9, 0xA8, 0x23, 0x7D, 0x54, 0xD6, 0xA8, 0x5B, 0x57, 0x2C,
    0x22, 0x2C, 0x80, 0x73, 0x00, 0x67, 0x01, 0xC0, 0x03, 0x44, 0x83, 0x91, 0x2D, 0x80, 0xAA, 0x00,
    0x1E, 0x2C, 0x00, 0x2E, 0x0F, 0xE6, 0xD5, 0x0C, 0x86, 0xDD, 0x05, 0x90, 0x36, 0x07, 0x62, 0x33,
    0x58, 0x91, 0x42, 0xD2, 0x0F, 0x77, 0x88, 0xAF, 0x6D, 0x4C, 0x1F, 0x87, 0x57, 0x51, 0x06, 0x51,
    0x0F, 0x96, 0x16, 0x55, 0xB2, 0x7C, 0xC0, 0xB4, 0x66, 0xD6, 0x45, 0xC1, 0x43, 0x14, 0x0C, 0xFA,
    0xF9, 0x86, 0x0C, 0xCF, 0x98, 0x16, 0x06, 0x84, 0x57, 0x21, 0x1C, 0x2D, 0x6D, 0xCC, 0xDF, 0x25,
    0x39, 0x86, 0xB9, 0x63, 0x32, 0x1C, 0xDA, 0x9B, 0x1B, 0xEB, 0xAA, 0x04, 0x6D, 0x4E, 0x50, 0x65,
    0x5C, 0xC6, 0x37, 0x67, 0x30, 0x3F, 0x00, 0xCE, 0x82, 0x08, 0x8E, 0xF4, 0x95, 0x8E, 0xEE, 0x62,
    0x25, 0x9B, 0xB5, 0x22, 0xB1, 0xAB, 0x1F, 0x57, 0xE5, 0x2A, 0x29, 0x5B, 0x4C, 0xB8, 0xC1, 0x0E,
    0x35, 0x7B, 0x58, 0x2A, 0xD1, 0x13, 0x95, 0x03, 0x14, 0xD2, 0x90, 0x4B, 0x48, 0x1F, 0x93, 0x26,
    0xF9, 0xC7, 0x14, 0xE6, 0x1E, 0xEE, 0xE5, 0x84, 0x26, 0x43, 0x34, 0x63, 0x22, 0x57, 0x20, 0xEB,
    0x8A, 0x59, 0x08, 0xCD, 0xF2, 0xFE, 0xC2, 0x24, 0x65, 0x83, 0x7A, 0xBA, 0xE7, 0x11, 0x87, 0x92,
    0x0E, 0x2D, 0x6B, 0x46, 0xD2, 0x92, 0xC7, 0x96, 0x2C, 0x29, 0x19, 0xAB, 0x92, 0xA2, 0x67, 0x57,
    0xBD, 0x4B, 0x2B, 0x8F, 0x20, 0x39, 0x36, 0xEC, 0x5C, 0x71, 0xF8, 0xA8, 0x89, 0x1A, 0xE1, 0xA4,
    0xC3, 0xC8, 0x06, 0x22, 0x0F, 0x1C, 0x03, 0x93, 0x1A, 0x92, 0x16, 0xC4, 0xED, 0x3F, 0x80, 0x36,
    0xD9, 0xBF, 0xBE, 0x63, 0x5E, 0xFE, 0xFA, 0xEF, 0xF8, 0xFE, 0x43, 0xAF, 0xB0, 0xFD, 0xD5, 0x0E,
    0x7D, 0xEB, 0x3A, 0x2B, 0x2F, 0xC0, 0xCA, 0xFB, 0xA0, 0x86, 0x3B, 0x6C, 0x63, 0x63, 0x1D, 0x20,
    0x0D, 0xC1, 0x65, 0x9B, 0xCF, 0xD5, 0x6B, 0xCA, 0xD8, 0x2D, 0x8D, 0x5D, 0x4F, 0x29, 0x19, 0xC1,
    0x5D, 0xF7, 0x7F, 0x05, 0xDC, 0x69, 0xE0, 0xE6, 0xA4, 0x81, 0x27, 0xC1, 0x10, 0x87, 0x50, 0x8B,
    0xCD, 0x7D, 0x83, 0x74, 0x10, 0x35, 0x9C, 0x79, 0xF9, 0xDF, 0xE6, 0x63, 0x3D, 0x48, 0x07, 0x89,
    0x85, 0x29, 0xCC, 0x3C, 0x6C, 0x73, 0x67, 0x55, 0xA0, 0x2C, 0xC4, 0x35, 0xC8, 0x06, 0x44, 0x07,
    0x4C, 0x0D, 0x84, 0x0E, 0xA6, 0xEF, 0x82, 0x32, 0x3D, 0x80, 0xBE, 0x00, 0xA9, 0x87, 0x37, 0x20,
    0xAE, 0x1E, 0x80, 0x9D, 0xE1, 0x59, 0x98, 0xA4, 0x95, 0xEE, 0x94, 0x8F, 0x1A, 0x1A, 0x1A, 0xD1,
    0x13, 0x39, 0x51, 0xCB, 0x5A, 0xDA, 0xE5, 0xC3, 0x29, 0xF3, 0x70, 0x80, 0xAE, 0xE1, 0xF5, 0x06,
    0xDC, 0x56, 0xCF, 0x37, 0x02, 0xB3, 0xC5, 0x13, 0xF6, 0xD4, 0x0D, 0x1C, 0x75, 0x8F, 0xC5, 0x89,
    0x5F, 0xAE, 0xD7, 0xE2, 0xF8, 0x03, 0x1B, 0xFD, 0x79, 0x4E, 0xF2, 0xB9, 0xCB, 0xA4, 0x06, 0x5E,
    0x00, 0xA4, 0x39, 0x85, 0xB4, 0x67, 0x11, 0x37, 0x2B, 0x98, 0x39, 0x60, 0x89, 0xBB, 0xCE, 0xF3,
    0xBD, 0x40, 0x1C, 0x1C, 0xEC, 0x3C, 0xD5, 0x81, 0xBF, 0x3C, 0x41, 0xD6, 0x6B, 0x9A, 0xD8, 0xF6,
    0x7D, 0xAC, 0xCC, 0x96, 0x32, 0x9A, 0x1B, 0xCA, 0xA4, 0xD4, 0xCA, 0xE4, 0xBD, 0xC8, 0xB0, 0x9A,
    0x42, 0xD8, 0x11, 0x45, 0x54, 0x66, 0xEC, 0x4A, 0x93, 0xE1, 0x25, 0x05, 0xCC, 0x83, 0x83, 0xCD,
    0xFD, 0x3D, 0x48, 0xCA, 0x14, 0x86, 0x99, 0x28, 0x34, 0xE8, 0x41, 0x29, 0x39, 0xE4, 0x14, 0x90,
    0x9D, 0xF6, 0xC4, 0x21, 0x94, 0x88, 0x3D, 0x80, 0x5D, 0x40, 0x85, 0x06, 0x96, 0x0E, 0xCD, 0xFF,
    0x77, 0xF8, 0xF2, 0x21, 0x77, 0xBE, 0xA5, 0x7C, 0x14, 0x78, 0xF8, 0x04, 0xE6, 0x35, 0xC9, 0x5F,
    0x5B, 0x46, 0xBF, 0xAA, 0xA8, 0xDE, 0xB9, 0x8A, 0x7F, 0x87, 0xE8, 0x9F, 0xCF, 0x22, 0x3F, 0xF8,
    0x12, 0xF2, 0xF7, 0xF7, 0x11, 0x5B, 0xFE, 0x47, 0xCD, 0x9D, 0xF2, 0x41, 0x07, 0x4C, 0xAE, 0x33,
    0x09, 0x47, 0xCC, 0x42, 0x07, 0xDC, 0x57, 0xC2, 0x45, 0x0B, 0x9F, 0xB2, 0xCC, 0x83, 0x45, 0xBF,
    0xEF, 0x51, 0x65, 0x87, 0x32, 0x15, 0x9A, 0x8A, 0x94, 0x8E, 0x54, 0x78, 0xF2, 0xB8, 0x66, 0x12,
    0x60, 0x7B, 0xD3, 0x52, 0x49, 0x47, 0x1B, 0x35, 0x03, 0x78, 0xD9, 0xD7, 0x49, 0xBA, 0xA8, 0x49,
    0xFA, 0x1A, 0xCD, 0xCD, 0x24, 0xB4, 0xC3, 0xAB, 0xE0, 0xA1, 0x92, 0xFF, 0x00, 0xAB, 0xFF, 0xB3,
    0xFF, 0x0F, 0x00, 0xB5, 0xD3, 0x21, 0xAC, 0xD3, 0x50, 0x18, 0xC5, 0xF1, 0xFF, 0xDA, 0x84, 0x86,
    0x5C, 0x51, 0x39, 0x81, 0xA8, 0xC1, 0xB2, 0x1A, 0xE4, 0xD6, 0xDD, 0x04, 0x81, 0x37, 0x00, 0x99,
    0x78, 0x06, 0x8F, 0x45, 0x8C, 0xC7, 0xF5, 0x3E, 0xC1, 0xE2, 0x15, 0xB2, 0xE2, 0x25, 0xDC, 0x04,
    0x9F, 0xD4, 0xE0, 0xAF, 0x99, 0xBF, 0xA2, 0x24, 0x13, 0xBC, 0x95, 0x1D, 0xBE, 0x9B, 0x3C, 0x3C,
    0xC1, 0x1C, 0x31, 0xB1, 0xF3, 0xEB, 0x77, 0x5A, 0x68, 0xEE, 0xDD, 0x19, 0xFA, 0xF7, 0xC3, 0x2D,
    0x6C, 0x1F, 0x9F, 0x9F, 0xC1, 0x48, 0x06, 0xE6, 0x55, 0x86, 0x27, 0xCB, 0xB2, 0x78, 0x1E, 0xFD,
    0x7C, 0x7D, 0x82, 0x2A, 0xD5, 0x11, 0xEA, 0xD4, 0x28, 0x27, 0xA7, 0x8C, 0x6D, 0x80, 0x26, 0xB6,
    0x1E, 0x5C, 0x68, 0x81, 0xD6, 0x77, 0x28, 0x37, 0x40, 0xC7, 0x80, 0x72, 0x07, 0x6C, 0xD8, 0x02,
    0x3B, 0x8E, 0x28, 0x47, 0xE0, 0xC8, 0x0C, 0xA5, 0x2A, 0x57, 0x09, 0xD6, 0xD3, 0x21, 0xC2, 0x27,
    0x7F, 0x01, 0xA0, 0x5A, 0x02, 0x74, 0x87, 0x0C, 0xDB, 0x7A, 0x82, 0x11, 0x89, 0x40, 0xA0, 0x49,
    0x9E, 0x48, 0x25, 0x48, 0x9D, 0xDC, 0x35, 0xA6, 0x36, 0xC8, 0xE2, 0x45, 0x91, 0xA4, 0x13, 0xA1,
    0x37, 0x87, 0x00, 0x25, 0x36, 0xEC, 0xDF, 0xB1, 0xA3, 0x9D, 0x10, 0x49, 0x96, 0xF2, 0xC7, 0x19,
    0xD5, 0xA3, 0xF6, 0x52, 0x3E, 0xAA, 0x7C, 0x86, 0xAD, 0x8E, 0x30, 0x2A, 0xE6, 0x2A, 0x5D, 0xCB,
    0xBF, 0xA7, 0x6B, 0xF9, 0x8B, 0x89, 0x52, 0xAE, 0x98, 0xDC, 0x43, 0xB9, 0xFF, 0xF7, 0x72, 0xED,
    0xB1, 0x78, 0x34, 0xC8, 0x4D, 0x44, 0x8B, 0xB8, 0x50, 0xEE, 0x24, 0x44, 0xC6, 0x46, 0x59, 0x22,
    0x5A, 0xE5, 0x26, 0x68, 0x16, 0x15, 0x0B, 0xD3, 0xDA, 0x30, 0x9D, 0x2D, 0xD3, 0xDB, 0x34, 0x83,
    0x6D, 0xB3, 0xB3, 0x71, 0xB6, 0x06, 0x3B, 0xDA, 0x3C, 0x47, 0xC3, 0xDD, 0x81, 0x7E, 0xFA, 0xF8,
    0x05, 0x2D, 0xD4, 0x07, 0x9B, 0xA8, 0x6C, 0x64, 0xCF, 0x5F, 0x56, 0x2A, 0x33, 0x95, 0x9D, 0x0A,
    0xF7, 0xF2, 0xD5, 0xB8, 0x19, 0x71, 0xEB, 0x84, 0xB8, 0xF5, 0x84, 0xB8, 0x75, 0x44, 0xDC, 0x97,
    0xC6, 0x75, 0x85, 0x1B, 0x8C, 0xEB, 0xFF, 0xE6, 0x76, 0xC6, 0xDD, 0xFC, 0x5F, 0x6E, 0xA5, 0xDB,
    0xD2, 0x7D, 0x4E, 0xC0, 0x8E, 0x0C, 0xDC, 0xAD, 0x94, 0xE7, 0x26, 0x01, 0xF3, 0x7E, 0xF1, 0xAC,
    0xF2, 0xFA, 0x07, 0xD7, 0x6C, 0x22, 0x54, 0xC9, 0x45, 0xEC, 0x05, 0x53, 0x7A, 0x64, 0x04, 0xA4,
    0x06, 0xDD, 0x18, 0x74, 0x62, 0x10, 0xD9, 0x78, 0xD0, 0xD3, 0xBF, 0x81, 0x01, 0x37, 0xAB, 0xC4,
    0x68, 0x80, 0x29, 0x0D, 0xB9, 0x4E, 0x3C, 0x4C, 0x8E, 0x16, 0x87, 0xDB, 0x57, 0x49, 0x12, 0x32,
    0x90, 0x2D, 0xB5, 0xF7, 0xB7, 0xB9, 0x5F, 0x62, 0x7D, 0xFA, 0xD5, 0x9C, 0x70, 0x41, 0x5F, 0x43,
    0xEB, 0x9F, 0xD6, 0x11, 0x17, 0x68, 0x22, 0x4D, 0x46, 0x47, 0xBD, 0x20, 0xE1, 0x3E, 0xFE, 0x11,
    0xA6, 0x16, 0xF9, 0x3B, 0x78, 0xBE, 0xCA, 0x3D, 0x7C, 0xA8, 0x52, 0x0F, 0xC3, 0x21, 0x76, 0x6F,
    0x71, 0xF7, 0x52, 0xFD, 0x06, 0x14, 0x89, 0x55, 0x19, 0x03, 0x41, 0x0C, 0x84, 0xA7, 0xF8, 0x1A,
    0x09, 0xA7, 0xA4, 0xDF, 0x81, 0x91, 0x5A, 0x59, 0x5F, 0xA5, 0x48, 0x89, 0x83, 0x32, 0xC3, 0xDF,
    0x0D, 0x0D, 0x4A, 0x63, 0xE5, 0x58, 0x49, 0x6C, 0x23, 0x91, 0x47, 0x85, 0x09, 0x3F, 0x65, 0xDC,
    0xD4, 0x62, 0x31, 0x1F, 0x42, 0xFA, 0x98, 0x3F, 0x34, 0x61, 0xE9, 0x3F, 0x19, 0x38, 0xA5, 0x85,
    0x42, 0xEC, 0x60, 0xC2, 0xA3, 0xE5, 0xD1, 0x70, 0x30, 0x2E, 0xE0, 0xD5, 0x82, 0x04, 0x7C, 0xA4,
    0xF6, 0xC5, 0x41, 0xB2, 0x68, 0x5D, 0x9A, 0x44, 0x2B, 0x49, 0xD7, 0x75, 0x62, 0x7B, 0x48, 0x34,
    0x4F, 0x9C, 0xE8, 0x3F, 0x18, 0x00, 0x00,
};

static const EpdGlyph notoserif_12_italicGlyphs[] = {
    { 0, 0, 0, 0, 0, 0, 0 }, // U+0000
    { 0, 0, 104, 0, 0, 0, 0 }, // U+000D
    { 0, 0, 104, 0, 0, 0, 0 }, // U+0020
    { 7, 18, 133, 1, 18, 32, 0 }, // !
    { 9, 6, 163, 3, 18, 14, 32 }, // "
    { 14, 18, 224, 0, 18, 63, 46 }, // #
    { 14, 22, 224, 0, 19, 77, 109 }, // $
    { 21, 18, 358, 1, 18, 95, 186 }, // %
    { 19, 18, 297, 0, 18, 86, 281 }, // &
    { 4, 6, 88, 3, 18, 6, 367 }, // '
    { 10, 24, 138, 1, 20, 60, 373 }, // (
    { 10, 24, 138, -2, 20, 60, 433 }, // )
    { 12, 11, 200, 2, 20, 33, 493 }, // *
    { 12, 11, 224, 1, 15, 33, 526 }, // +
    { 5, 8, 100, -1, 3, 10, 559 }, // ,
    { 8, 3, 124, 0, 9, 6, 569 }, // -
    { 4, 3, 100, 0, 3, 3, 575 }, // .
    { 13, 23, 115, -3, 19, 75, 578 }, // /
    { 13, 18, 224, 1, 18, 59, 653 }, // 0
    { 11, 18, 184, -1, 18, 50, 712 }, // 1
    { 14, 18, 224, -1, 18, 63, 762 }, // 2
    { 14, 18, 224, -1, 18, 63, 825 }, // 3
    { 15, 18, 224, -1, 18, 68, 888 }, // 4
    { 14, 18, 224, 0, 18, 63, 956 }, // 5
    { 13, 18, 224, 1, 18, 59, 1019 }, // 6
    { 13, 18, 224, 2, 18, 59, 1078 }, // 7
    { 14, 18, 224, 0, 18, 63, 1137 }, // 8
    { 13, 18, 224, 0, 18, 59, 1200 }, // 9
    { 7, 14, 114, 0, 14, 25, 1259 }, // :
    { 8, 19, 114, -1, 14, 38, 1284 }, // ;
    { 12, 14, 224, 1, 16, 42, 1322 }, // <
    { 12, 8, 224, 1, 13, 24, 1364 }, // =
    { 12, 14, 224, 1, 16, 42, 1388 }, // >
    { 11, 18, 200, 3, 18, 50, 1430 }, // ?
    { 21, 22, 368, 1, 18, 116, 1480 }, // @
    { 19, 18, 282, -2, 18, 86, 1596 }, // A
    { 17, 18, 262, -1, 18, 77, 1682 }, // B
    { 16, 18, 251, 1, 18, 72, 1759 }, // C
    { 19, 18, 290, -1, 18, 86, 1831 }, // D
    { 17, 18, 249, -1, 18, 77, 1917 }, // E
    { 17, 18, 236, -1, 18, 77, 1994 }, // F
    { 17, 18, 286, 1, 18, 77, 2071 }, // G
    { 23, 18, 317, -1, 18, 104, 2148 }, // H
    { 12, 18, 147, -1, 18, 54, 2252 }, // I
    { 15, 24, 143, -4, 18, 90, 2306 }, // J
    { 20, 18, 280, -1, 18, 90, 2396 }, // K
    { 16, 18, 249, -1, 18, 72, 2486 }, // L
    { 26, 18, 375, -1, 18, 117, 2558 }, // M
    { 22, 18, 305, -1, 18, 99, 2675 }, // N
    { 17, 18, 297, 1, 18, 77, 2774 }, // O
    { 17, 18, 248, -1, 18, 77, 2851 }, // P
    { 17, 24, 297, 1, 18, 102, 2928 }, // Q
    { 17, 18, 266, -1, 18, 77, 3030 }, // R
    { 14, 18, 218, 0, 18, 63, 3107 }, // S
    { 17, 18, 245, 1, 18, 77, 3170 }, // T
    { 18, 18, 292, 2, 18, 81, 3247 }, // U
    { 18, 18, 270, 2, 18, 81, 3328 }, // V
    { 27, 18, 418, 2, 18, 122, 3409 }, // W
    { 21, 18, 264, -2, 18, 95, 3531 }, // X
    { 17, 18, 250, 1, 18, 77, 3626 }, // Y
    { 17, 18, 242, -1, 18, 77, 3703 }, // Z
    { 11, 24, 144, 0, 19, 66, 3780 }, // [
    { 4, 23, 115, 2, 19, 23, 3846 }, // <backslash>
    { 12, 24, 144, -2, 19, 72, 3869 }, // ]
    { 12, 12, 224, 1, 19, 36, 3941 }, // ^
    { 13, 3, 184, -3, -1, 10, 3977 }, // _
    { 5, 4, 112, 3, 20, 5, 3987 }, // `
    { 14, 14, 232, 1, 14, 49, 3992 }, // a
    { 13, 19, 225, 0, 19, 62, 4041 }, // b
    { 12, 14, 195, 1, 14, 42, 4103 }, // c
    { 14, 19, 232, 1, 19, 67, 4145 }, // d
    { 11, 14, 197, 1, 14, 39, 4212 }, // e
    { 17, 25, 127, -4, 19, 107, 4251 }, // f
    { 16, 22, 222, -1, 16, 88, 4358 }, // g
    { 14, 19, 240, 1, 19, 67, 4446 }, // h
    { 7, 19, 122, 1, 19, 34, 4513 }, // i
    { 12, 25, 116, -4, 19, 75, 4547 }, // j
    { 14, 19, 228, 1, 19, 67, 4622 }, // k
    { 7, 19, 122, 1, 19, 34, 4689 }, // l
    { 21, 14, 358, 1, 14, 74, 4723 }, // m
    { 14, 14, 240, 1, 14, 49, 4797 }, // n
    { 13, 14, 230, 1, 14, 46, 4846 }, // o
    { 15, 20, 231, -1, 14, 75, 4892 }, // p
    { 13, 20, 224, 1, 14, 65, 4967 }, // q
    { 11, 14, 187, 1, 14, 39, 5032 }, // r
    { 11, 14, 186, 0, 14, 39, 5071 }, // s
    { 9, 17, 147, 1, 17, 39, 5110 }, // t
    { 14, 14, 240, 1, 14, 49, 5149 }, // u
    { 13, 15, 215, 0, 14, 49, 5198 }, // v
    { 20, 15, 328, 0, 14, 75, 5247 }, // w
    { 15, 14, 218, -1, 14, 53, 5322 }, // x
    { 18, 20, 211, -5, 14, 90, 5375 }, // y
    { 13, 14, 204, -1, 14, 46, 5465 }, // z
    { 12, 24, 171, 1, 19, 72, 5511 }, // {
    { 2, 25, 224, 6, 19, 13, 5583 }, // |
    { 12, 24, 171, -2, 19, 72, 5596 }, // }
    { 12, 6, 224, 1, 12, 18, 5668 }, // ~
    { 0, 0, 104, 0, 0, 0, 0 }, // U+00A0
    { 7, 19, 133, 0, 14, 34, 0 }, // U+00A1
    { 12, 18, 224, 2, 18, 54, 34 }, // U+00A2
    { 15, 18, 224, -1, 18, 68, 88 }, // U+00A3
    { 12, 12, 224, 1, 15, 36, 156 }, // U+00A4
    { 16, 18, 224, 1, 18, 72, 192 }, // U+00A5
    { 2, 25, 224, 6, 19, 13, 264 }, // U+00A6
    { 14, 23, 218, 0, 19, 81, 277 }, // U+00A7
    { 8, 3, 231, 5, 19, 6, 358 }, // U+00A8
    { 19, 20, 338, 1, 19, 95, 364 }, // U+00A9
    { 10, 9, 157, 1, 19, 23, 459 }, // U+00AA
    { 12, 10, 206, 1, 12, 30, 482 }, // U+00AB
    { 12, 8, 224, 1, 11, 24, 512 }, // U+00AC
    { 8, 3, 124, 0, 9, 6, 536 }, // U+00AD
    { 19, 20, 338, 1, 19, 95, 542 }, // U+00AE
    { 13, 3, 184, 2, 22, 10, 637 }, // U+00AF
    { 8, 9, 160, 3, 19, 18, 647 }, // U+00B0
    { 12, 15, 224, 1, 15, 45, 665 }, // U+00B1
    { 10, 12, 160, 1, 21, 30, 710 }, // U+00B2
    { 10, 12, 160, 1, 21, 30, 740 }, // U+00B3
    { 7, 4, 105, 2, 20, 7, 770 }, // U+00B4
    { 16, 20, 242, -1, 14, 80, 777 }, // U+00B5
    { 14, 23, 247, 1, 19, 81, 857 }, // U+00B6
    { 4, 4, 114, 2, 11, 4, 938 }, // U+00B7
    { 7, 8, 133, 0, 1, 14, 942 }, // U+00B8
    { 7, 12, 160, 2, 22, 21, 956 }, // U+00B9
    { 10, 9, 159, 1, 19, 23, 977 }, // U+00BA
    { 12, 10, 206, 0, 12, 30, 1000 }, // U+00BB
    { 19, 20, 349, 2, 19, 95, 1030 }, // U+00BC
    { 19, 20, 349, 2, 19, 95, 1125 }, // U+00BD
    { 20, 20, 349, 1, 19, 100, 1220 }, // U+00BE
    { 10, 20, 200, 0, 14, 50, 1320 }, // U+00BF
    { 19, 24, 282, -2, 24, 114, 1370 }, // U+00C0
    { 19, 24, 282, -2, 24, 114, 1484 }, // U+00C1
    { 19, 24, 282, -2, 24, 114, 1598 }, // U+00C2
    { 19, 24, 282, -2, 24, 114, 1712 }, // U+00C3
    { 19, 23, 282, -2, 23, 110, 1826 }, // U+00C4
    { 19, 24, 282, -2, 24, 114, 1936 }, // U+00C5
    { 27, 18, 380, -2, 18, 122, 2050 }, // U+00C6
    { 16, 24, 251, 1, 18, 96, 2172 }, // U+00C7
    { 17, 24, 249, -1, 24, 102, 2268 }, // U+00C8
    { 17, 24, 249, -1, 24, 102, 2370 }, // U+00C9
    { 17, 24, 249, -1, 24, 102, 2472 }, // U+00CA
    { 17, 23, 249, -1, 23, 98, 2574 }, // U+00CB
    { 12, 24, 147, -1, 24, 72, 2672 }, // U+00CC
    { 13, 24, 147, -1, 24, 78, 2744 }, // U+00CD
    { 12, 24, 147, -1, 24, 72, 2822 }, // U+00CE
    { 13, 23, 147, -1, 23, 75, 2894 }, // U+00CF
    { 19, 18, 290, -1, 18, 86, 2969 }, // U+00D0
    { 22, 24, 305, -1, 24, 132, 3055 }, // U+00D1
    { 17, 24, 297, 1, 24, 102, 3187 }, // U+00D2
    { 17, 24, 297, 1, 24, 102, 3289 }, // U+00D3
    { 17, 24, 297, 1, 24, 102, 3391 }, // U+00D4
    { 17, 24, 297, 1, 24, 102, 3493 }, // U+00D5
    { 17, 24, 297, 1, 24, 102, 3595 }, // U+00D6
    { 12, 12, 224, 1, 15, 36, 3697 }, // U+00D7
    { 17, 20, 297, 1, 19, 85, 3733 }, // U+00D8
    { 18, 24, 292, 2, 24, 108, 3818 }, // U+00D9
    { 18, 24, 292, 2, 24, 108, 3926 }, // U+00DA
    { 18, 24, 292, 2, 24, 108, 4034 }, // U+00DB
    { 18, 24, 292, 2, 24, 108, 4142 }, // U+00DC
    { 17, 24, 250, 1, 24, 102, 4250 }, // U+00DD
    { 16, 18, 242, -1, 18, 72, 4352 }, // U+00DE
    { 19, 25, 251, -4, 19, 119, 4424 }, // U+00DF
    { 14, 19, 232, 1, 19, 67, 4543 }, // U+00E0
    { 14, 19, 232, 1, 19, 67, 4610 }, // U+00E1
    { 14, 19, 232, 1, 19, 67, 4677 }, // U+00E2
    { 14, 18, 232, 1, 18, 63, 4744 }, // U+00E3
    { 14, 19, 232, 1, 19, 67, 4807 }, // U+00E4
    { 14, 22, 232, 1, 22, 77, 4874 }, // U+00E5
    { 19, 14, 325, 1, 14, 67, 4951 }, // U+00E6
    { 12, 20, 195, 1, 14, 60, 5018 }, // U+00E7
    { 11, 19, 197, 1, 19, 53, 5078 }, // U+00E8
    { 12, 19, 197, 1, 19, 57, 5131 }, // U+00E9
    { 12, 19, 197, 1, 19, 57, 5188 }, // U+00EA
    { 12, 19, 197, 1, 19, 57, 5245 }, // U+00EB
    { 7, 19, 122, 1, 19, 34, 5302 }, // U+00EC
    { 9, 19, 122, 1, 19, 43, 5336 }, // U+00ED
    { 9, 19, 122, 0, 19, 43, 5379 }, // U+00EE
    { 8, 19, 122, 1, 19, 38, 5422 }, // U+00EF
    { 13, 20, 230, 1, 20, 65, 5460 }, // U+00F0
    { 14, 18, 240, 1, 18, 63, 5525 }, // U+00F1
    { 13, 19, 230, 1, 19, 62, 5588 }, // U+00F2
    { 13, 19, 230, 1, 19, 62, 5650 }, // U+00F3
    { 13, 19, 230, 1, 19, 62, 5712 }, // U+00F4
    { 13, 18, 230, 1, 18, 59, 5774 }, // U+00F5
    { 13, 19, 230, 1, 19, 62, 5833 }, // U+00F6
    { 12, 13, 224, 1, 16, 39, 5895 }, // U+00F7
    { 15, 17, 230, 0, 16, 64, 5934 }, // U+00F8
    { 14, 19, 240, 1, 19, 67, 5998 }, // U+00F9
    { 14, 19, 240, 1, 19, 67, 6065 }, // U+00FA
    { 14, 19, 240, 1, 19, 67, 6132 }, // U+00FB
    { 14, 19, 240, 1, 19, 67, 6199 }, // U+00FC
    { 18, 25, 211, -5, 19, 113, 6266 }, // U+00FD
    { 14, 25, 225, -1, 19, 88, 6379 }, // U+00FE
    { 18, 25, 211, -5, 19, 113, 6467 }, // U+00FF
    { 19, 22, 282, -2, 22, 105, 0 }, // U+0100
    { 14, 18, 232, 1, 18, 63, 105 }, // U+0101
    { 19, 24, 282, -2, 24, 114, 168 }, // U+0102
    { 14, 19, 232, 1, 19, 67, 282 }, // U+0103
    { 19, 24, 282, -2, 18, 114, 349 }, // U+0104
    { 14, 20, 232, 1, 14, 70, 463 }, // U+0105
    { 16, 24, 251, 1, 24, 96, 533 }, // U+0106
    { 13, 19, 195, 1, 19, 62, 629 }, // U+0107
    { 16, 24, 251, 1, 24, 96, 691 }, // U+0108
    { 12, 19, 195, 1, 19, 57, 787 }, // U+0109
    { 16, 24, 251, 1, 24, 96, 844 }, // U+010A
    { 12, 19, 195, 1, 19, 57, 940 }, // U+010B
    { 18, 24, 251, 1, 24, 108, 997 }, // U+010C
    { 14, 19, 195, 1, 19, 67, 1105 }, // U+010D
    { 19, 24, 290, -1, 24, 114, 1172 }, // U+010E
    { 18, 19, 232, 1, 19, 86, 1286 }, // U+010F
    { 19, 18, 290, -1, 18, 86, 1372 }, // U+0110
    { 16, 19, 231, 1, 19, 76, 1458 }, // U+0111
    { 17, 22, 249, -1, 22, 94, 1534 }, // U+0112
    { 12, 18, 197, 1, 18, 54, 1628 }, // U+0113
    { 17, 24, 249, -1, 24, 102, 1682 }, // U+0114
    { 12, 19, 197, 1, 19, 57, 1784 }, // U+0115
    { 17, 23, 249, -1, 23, 98, 1841 }, // U+0116
    { 11, 19, 197, 1, 19, 53, 1939 }, // U+0117
    { 17, 24, 249, -1, 18, 102, 1992 }, // U+0118
    { 11, 20, 197, 1, 14, 55, 2094 }, // U+0119
    { 17, 24, 249, -1, 24, 102, 2149 }, // U+011A
    { 14, 19, 197, 1, 19, 67, 2251 }, // U+011B
    { 17, 24, 286, 1, 24, 102, 2318 }, // U+011C
    { 16, 25, 222, -1, 19, 100, 2420 }, // U+011D
    { 17, 24, 286, 1, 24, 102, 2520 }, // U+011E
    { 16, 25, 222, -1, 19, 100, 2622 }, // U+011F
    { 17, 24, 286, 1, 24, 102, 2722 }, // U+0120
    { 16, 25, 222, -1, 19, 100, 2824 }, // U+0121
    { 17, 24, 286, 1, 18, 102, 2924 }, // U+0122
    { 16, 25, 222, -1, 19, 100, 3026 }, // U+0123
    { 23, 24, 317, -1, 24, 138, 3126 }, // U+0124
    { 14, 25, 240, 1, 25, 88, 3264 }, // U+0125
    { 23, 18, 317, -1, 18, 104, 3352 }, // U+0126
    { 14, 19, 240, 1, 19, 67, 3456 }, // U+0127
    { 14, 24, 147, -1, 24, 84, 3523 }, // U+0128
    { 10, 18, 122, 0, 18, 45, 3607 }, // U+0129
    { 13, 22, 147, -1, 22, 72, 3652 }, // U+012A
    { 8, 18, 122, 1, 18, 36, 3724 }, // U+012B
    { 13, 24, 147, -1, 24, 78, 3760 }, // U+012C
    { 8, 19, 122, 1, 19, 38, 3838 }, // U+012D
    { 12, 24, 147, -1, 18, 72, 3876 }, // U+012E
    { 8, 25, 122, 0, 19, 50, 3948 }, // U+012F
    { 12, 24, 147, -1, 24, 72, 3998 }, // U+0130
    { 7, 14, 122, 1, 14, 25, 4070 }, // U+0131
    { 21, 24, 290, -1, 18, 126, 4095 }, // U+0132
    { 14, 25, 238, 1, 19, 88, 4221 }, // U+0133
    { 15, 30, 143, -4, 24, 113, 4309 }, // U+0134
    { 13, 25, 116, -4, 19, 82, 4422 }, // U+0135
    { 20, 24, 280, -1, 18, 120, 4504 }, // U+0136
    { 14, 25, 228, 1, 19, 88, 4624 }, // U+0137
    { 14, 14, 228, 1, 14, 49, 4712 }, // U+0138
    { 16, 24, 249, -1, 24, 96, 4761 }, // U+0139
    { 11, 25, 122, 1, 25, 69, 4857 }, // U+013A
    { 16, 24, 249, -1, 18, 96, 4926 }, // U+013B
    { 9, 25, 122, -1, 19, 57, 5022 }, // U+013C
    { 16, 18, 249, -1, 18, 72, 5079 }, // U+013D
    { 11, 19, 122, 1, 19, 53, 5151 }, // U+013E
    { 16, 18, 249, -1, 18, 72, 5204 }, // U+013F
    { 10, 19, 158, 1, 19, 48, 5276 }, // U+0140
    { 16, 18, 249, -1, 18, 72, 5324 }, // U+0141
    { 9, 19, 130, 0, 19, 43, 5396 }, // U+0142
    { 22, 24, 305, -1, 24, 132, 5439 }, // U+0143
    { 14, 19, 240, 1, 19, 67, 5571 }, // U+0144
    { 22, 24, 305, -1, 18, 132, 5638 }, // U+0145
    { 14, 20, 240, 1, 14, 70, 5770 }, // U+0146
    { 22, 24, 305, -1, 24, 132, 5840 }, // U+0147
    { 14, 19, 240, 1, 19, 67, 5972 }, // U+0148
    { 19, 18, 308, 0, 18, 86, 6039 }, // U+0149
    { 22, 24, 305, -1, 18, 132, 6125 }, // U+014A
    { 13, 20, 225, 1, 14, 65, 6257 }, // U+014B
    { 17, 22, 297, 1, 22, 94, 6322 }, // U+014C
    { 13, 18, 230, 1, 18, 59, 6416 }, // U+014D
    { 17, 24, 297, 1, 24, 102, 6475 }, // U+014E
    { 13, 19, 230, 1, 19, 62, 6577 }, // U+014F
    { 18, 24, 297, 1, 24, 108, 6639 }, // U+0150
    { 15, 19, 230, 1, 19, 72, 6747 }, // U+0151
    { 24, 18, 385, 1, 18, 108, 6819 }, // U+0152
    { 21, 14, 345, 1, 14, 74, 6927 }, // U+0153
    { 17, 24, 266, -1, 24, 102, 7001 }, // U+0154
    { 11, 19, 187, 1, 19, 53, 7103 }, // U+0155
    { 17, 24, 266, -1, 18, 102, 7156 }, // U+0156
    { 13, 20, 187, -1, 14, 65, 7258 }, // U+0157
    { 18, 24, 266, -1, 24, 108, 7323 }, // U+0158
    { 13, 19, 187, 1, 19, 62, 7431 }, // U+0159
    { 15, 24, 218, 0, 24, 90, 7493 }, // U+015A
    { 13, 19, 186, 0, 19, 62, 7583 }, // U+015B
    { 14, 24, 218, 0, 24, 84, 7645 }, // U+015C
    { 12, 19, 186, 0, 19, 57, 7729 }, // U+015D
    { 14, 24, 218, 0, 18, 84, 7786 }, // U+015E
    { 11, 20, 186, 0, 14, 55, 7870 }, // U+015F
    { 16, 24, 218, 0, 24, 96, 7925 }, // U+0160
    { 13, 19, 186, 0, 19, 62, 8021 }, // U+0161
    { 17, 24, 245, 1, 18, 102, 8083 }, // U+0162
    { 10, 23, 147, 0, 17, 58, 8185 }, // U+0163
    { 17, 24, 245, 1, 24, 102, 8243 }, // U+0164
    { 11, 19, 147, 1, 19, 53, 8345 }, // U+0165
    { 17, 18, 245, 1, 18, 77, 8398 }, // U+0166
    { 10, 17, 147, 0, 17, 43, 8475 }, // U+0167
    { 18, 24, 292, 2, 24, 108, 8518 }, // U+0168
    { 14, 18, 240, 1, 18, 63, 8626 }, // U+0169
    { 18, 22, 292, 2, 22, 99, 8689 }, // U+016A
    { 14, 18, 240, 1, 18, 63, 8788 }, // U+016B
    { 18, 24, 292, 2, 24, 108, 8851 }, // U+016C
    { 14, 19, 240, 1, 19, 67, 8959 }, // U+016D
    { 18, 26, 292, 2, 26, 117, 9026 }, // U+016E
    { 14, 22, 240, 1, 22, 77, 9143 }, // U+016F
    { 18, 24, 292, 2, 24, 108, 9220 }, // U+0170
    { 15, 19, 240, 1, 19, 72, 9328 }, // U+0171
    { 18, 24, 292, 2, 18, 108, 9400 }, // U+0172
    { 14, 20, 240, 1, 14, 70, 9508 }, // U+0173
    { 27, 24, 418, 2, 24, 162, 9578 }, // U+0174
    { 20, 20, 328, 0, 19, 100, 9740 }, // U+0175
    { 17, 24, 250, 1, 24, 102, 9840 }, // U+0176
    { 18, 25, 211, -5, 19, 113, 9942 }, // U+0177
    { 17, 23, 250, 1, 23, 98, 10055 }, // U+0178
    { 17, 24, 242, -1, 24, 102, 10153 }, // U+0179
    { 13, 19, 204, -1, 19, 62, 10255 }, // U+017A
    { 17, 24, 242, -1, 24, 102, 10317 }, // U+017B
    { 13, 19, 204, -1, 19, 62, 10419 }, // U+017C
    { 17, 24, 242, -1, 24, 102, 10481 }, // U+017D
    { 15, 19, 204, -1, 19, 72, 10583 }, // U+017E
    { 17, 25, 120, -4, 19, 107, 10655 }, // U+017F
    { 21, 19, 311, 1, 19, 100, 0 }, // U+01A0
    { 16, 17, 243, 1, 17, 68, 100 }, // U+01A1
    { 20, 19, 311, 2, 19, 95, 168 }, // U+01AF
    { 17, 17, 261, 1, 17, 73, 263 }, // U+01B0
    { 35, 24, 532, -1, 24, 210, 336 }, // U+01C4
    { 33, 19, 494, -1, 19, 157, 546 }, // U+01C5
    { 28, 19, 436, 1, 19, 133, 703 }, // U+01C6
    { 27, 24, 392, -1, 18, 162, 836 }, // U+01C7
    { 24, 25, 366, -1, 19, 150, 998 }, // U+01C8
    { 14, 25, 238, 1, 19, 88, 1148 }, // U+01C9
    { 31, 24, 448, -1, 18, 186, 1236 }, // U+01CA
    { 28, 25, 422, -1, 19, 175, 1422 }, // U+01CB
    { 22, 25, 356, 1, 19, 138, 1597 }, // U+01CC
    { 20, 24, 282, -2, 24, 120, 1735 }, // U+01CD
    { 14, 19, 232, 1, 19, 67, 1855 }, // U+01CE
    { 15, 24, 147, -1, 24, 90, 1922 }, // U+01CF
    { 11, 19, 122, 1, 19, 53, 2012 }, // U+01D0
    { 17, 24, 297, 1, 24, 102, 2065 }, // U+01D1
    { 14, 19, 230, 1, 19, 67, 2167 }, // U+01D2
    { 18, 24, 292, 2, 24, 108, 2234 }, // U+01D3
    { 15, 19, 240, 1, 19, 72, 2342 }, // U+01D4
    { 18, 27, 292, 2, 27, 122, 2414 }, // U+01D5
    { 14, 22, 240, 1, 22, 77, 2536 }, // U+01D6
    { 18, 27, 292, 2, 27, 122, 2613 }, // U+01D7
    { 14, 23, 240, 1, 23, 81, 2735 }, // U+01D8
    { 18, 27, 292, 2, 27, 122, 2816 }, // U+01D9
    { 14, 23, 240, 1, 23, 81, 2938 }, // U+01DA
    { 18, 27, 292, 2, 27, 122, 3019 }, // U+01DB
    { 14, 23, 240, 1, 23, 81, 3141 }, // U+01DC
    { 12, 14, 197, 0, 14, 42, 3222 }, // U+01DD
    { 19, 26, 282, -2, 26, 124, 3264 }, // U+01DE
    { 14, 22, 232, 1, 22, 77, 3388 }, // U+01DF
    { 19, 26, 282, -2, 26, 124, 3465 }, // U+01E0
    { 14, 22, 232, 1, 22, 77, 3589 }, // U+01E1
    { 27, 22, 380, -2, 22, 149, 3666 }, // U+01E2
    { 19, 18, 325, 1, 18, 86, 3815 }, // U+01E3
    { 17, 18, 286, 1, 18, 77, 3901 }, // U+01E4
    { 16, 22, 222, -1, 16, 88, 3978 }, // U+01E5
    { 18, 24, 286, 1, 24, 108, 4066 }, // U+01E6
    { 16, 25, 222, -1, 19, 100, 4174 }, // U+01E7
    { 20, 24, 280, -1, 24, 120, 4274 }, // U+01E8
    { 15, 25, 228, 1, 25, 94, 4394 }, // U+01E9
    { 17, 24, 297, 1, 18, 102, 4488 }, // U+01EA
    { 13, 20, 230, 1, 14, 65, 4590 }, // U+01EB
    { 17, 29, 297, 1, 23, 124, 4655 }, // U+01EC
    { 13, 24, 230, 1, 18, 78, 4779 }, // U+01ED
    { 16, 24, 241, 0, 24, 96, 4857 }, // U+01EE
    { 17, 25, 219, -2, 19, 107, 4953 }, // U+01EF
    { 16, 25, 116, -4, 19, 100, 5060 }, // U+01F0
    { 35, 18, 532, -1, 18, 158, 5160 }, // U+01F1
    { 31, 18, 494, -1, 18, 140, 5318 }, // U+01F2
    { 26, 19, 436, 1, 19, 124, 5458 }, // U+01F3
    { 17, 24, 286, 1, 24, 102, 5582 }, // U+01F4
    { 16, 25, 222, -1, 19, 100, 5684 }, // U+01F5
    { 28, 18, 416, -1, 18, 126, 5784 }, // U+01F6
    { 20, 24, 296, -2, 18, 120, 5910 }, // U+01F7
    { 22, 24, 305, -1, 24, 132, 6030 }, // U+01F8
    { 14, 19, 240, 1, 19, 67, 6162 }, // U+01F9
    { 19, 25, 282, -2, 25, 119, 6229 }, // U+01FA
    { 14, 26, 232, 1, 26, 91, 6348 }, // U+01FB
    { 27, 24, 380, -2, 24, 162, 6439 }, // U+01FC
    { 19, 19, 325, 1, 19, 91, 6601 }, // U+01FD
    { 17, 25, 297, 1, 24, 107, 6692 }, // U+01FE
    { 15, 20, 230, 0, 19, 75, 6799 }, // U+01FF
    { 19, 24, 282, -2, 24, 114, 6874 }, // U+0200
    { 14, 19, 232, 1, 19, 67, 6988 }, // U+0201
    { 19, 24, 282, -2, 24, 114, 7055 }, // U+0202
    { 14, 19, 232, 1, 19, 67, 7169 }, // U+0203
    { 17, 24, 249, -1, 24, 102, 7236 }, // U+0204
    { 11, 19, 197, 1, 19, 53, 7338 }, // U+0205
    { 17, 24, 249, -1, 24, 102, 7391 }, // U+0206
    { 12, 19, 197, 1, 19, 57, 7493 }, // U+0207
    { 12, 24, 147, -1, 24, 72, 7550 }, // U+0208
    { 10, 19, 122, -2, 19, 48, 7622 }, // U+0209
    { 13, 24, 147, -1, 24, 78, 7670 }, // U+020A
    { 9, 19, 122, 1, 19, 43, 7748 }, // U+020B
    { 17, 24, 297, 1, 24, 102, 7791 }, // U+020C
    { 13, 19, 230, 1, 19, 62, 7893 }, // U+020D
    { 17, 24, 297, 1, 24, 102, 7955 }, // U+020E
    { 13, 19, 230, 1, 19, 62, 8057 }, // U+020F
    { 17, 24, 266, -1, 24, 102, 8119 }, // U+0210
    { 11, 19, 187, 1, 19, 53, 8221 }, // U+0211
    { 17, 24, 266, -1, 24, 102, 8274 }, // U+0212
    { 11, 19, 187, 1, 19, 53, 8376 }, // U+0213
    { 18, 24, 292, 2, 24, 108, 8429 }, // U+0214
    { 14, 19, 240, 1, 19, 67, 8537 }, // U+0215
    { 18, 24, 292, 2, 24, 108, 8604 }, // U+0216
    { 14, 19, 240, 1, 19, 67, 8712 }, // U+0217
    { 14, 24, 218, 0, 18, 84, 8779 }, // U+0218
    { 11, 20, 186, 0, 14, 55, 8863 }, // U+0219
    { 17, 24, 245, 1, 18, 102, 8918 }, // U+021A
    { 10, 23, 147, 0, 17, 58, 9020 }, // U+021B
    { 16, 23, 241, -1, 18, 92, 9078 }, // U+021C
    { 13, 20, 188, -2, 14, 65, 9170 }, // U+021D
    { 23, 24, 317, -1, 24, 138, 9235 }, // U+021E
    { 16, 25, 240, 1, 25, 100, 9373 }, // U+021F
    { 6, 4, 0, -10, 20, 6, 0 }, // U+0300
    { 6, 4, 0, -6, 20, 6, 6 }, // U+0301
    { 8, 4, 0, -2, 20, 8, 12 }, // U+0302
    { 10, 5, 0, -11, 20, 13, 20 }, // U+0303
    { 8, 3, 0, -2, 18, 6, 33 }, // U+0304
    { 8, 3, 0, -1, 22, 6, 39 }, // U+0305
    { 9, 5, 0, -2, 20, 12, 45 }, // U+0306
    { 3, 3, 0, 1, 19, 3, 57 }, // U+0307
    { 8, 3, 0, -2, 19, 6, 60 }, // U+0308
    { 6, 7, 0, -9, 22, 11, 66 }, // U+0309
    { 7, 7, 0, -1, 22, 13, 77 }, // U+030A
    { 11, 4, 0, -2, 20, 11, 90 }, // U+030B
    { 9, 4, 0, 0, 20, 9, 101 }, // U+030C
    { 3, 4, 0, 1, 19, 3, 110 }, // U+030D
    { 6, 4, 0, -1, 19, 6, 113 }, // U+030E
    { 10, 4, 0, -11, 20, 10, 119 }, // U+030F
    { 8, 7, 0, -2, 22, 14, 129 }, // U+0310
    { 8, 4, 0, -2, 20, 8, 143 }, // U+0311
    { 6, 8, 0, -1, 19, 12, 151 }, // U+0312
    { 6, 8, 0, -2, 18, 12, 163 }, // U+0313
    { 4, 8, 0, 0, 18, 8, 175 }, // U+0314
    { 6, 8, 0, -2, 18, 12, 183 }, // U+0315
    { 5, 4, 0, -4, -2, 5, 195 }, // U+0316
    { 6, 4, 0, -5, -2, 6, 200 }, // U+0317
    { 5, 5, 0, -4, -1, 7, 206 }, // U+0318
    { 6, 5, 0, -5, -1, 8, 213 }, // U+0319
    { 7, 7, 125, 2, 20, 13, 221 }, // U+031A
    { 4, 6, 0, -1, 20, 6, 234 }, // U+031B
    { 5, 7, 0, -4, 0, 9, 240 }, // U+031C
    { 6, 5, 0, -5, -1, 8, 249 }, // U+031D
    { 6, 5, 0, -5, 0, 8, 257 }, // U+031E
    { 6, 6, 0, -5, -1, 9, 265 }, // U+031F
    { 6, 3, 0, -5, -2, 5, 274 }, // U+0320
    { 7, 6, 0, -6, 1, 11, 279 }, // U+0321
    { 5, 6, 0, -2, 1, 8, 290 }, // U+0322
    { 4, 3, 0, -11, -2, 3, 298 }, // U+0323
    { 8, 3, 0, -6, -1, 6, 301 }, // U+0324
    { 7, 7, 0, -6, 0, 13, 307 }, // U+0325
    { 5, 4, 0, -5, -2, 5, 320 }, // U+0326
    { 7, 8, 0, -5, 1, 14, 325 }, // U+0327
    { 6, 7, 0, -5, 0, 11, 339 }, // U+0328
    { 4, 4, 0, -4, -1, 4, 350 }, // U+0329
    { 11, 5, 0, -8, -1, 14, 354 }, // U+032A
    { 9, 4, 0, -6, -1, 9, 368 }, // U+032B
    { 8, 4, 0, -4, -2, 8, 377 }, // U+032C
    { 9, 4, 0, -7, -2, 9, 385 }, // U+032D
    { 8, 5, 0, -6, -1, 10, 394 }, // U+032E
    { 8, 4, 0, -6, -1, 8, 404 }, // U+032F
    { 10, 5, 0, -7, 0, 13, 412 }, // U+0330
    { 8, 3, 0, -6, -1, 6, 425 }, // U+0331
    { 12, 3, 0, -13, -1, 9, 431 }, // U+0332
    { 13, 6, 0, -14, -1, 20, 440 }, // U+0333
    { 10, 5, 0, -5, 10, 13, 460 }, // U+0334
    { 10, 3, 0, -5, 9, 8, 473 }, // U+0335
    { 17, 3, 0, -8, 9, 13, 481 }, // U+0336
    { 10, 7, 0, -5, 11, 18, 494 }, // U+0337
    { 15, 23, 0, -7, 20, 87, 512 }, // U+0338
    { 5, 7, 0, -5, 0, 9, 599 }, // U+0339
    { 11, 4, 0, -8, -2, 11, 608 }, // U+033A
    { 11, 6, 0, -8, -1, 17, 619 }, // U+033B
    { 9, 5, 0, -7, -1, 12, 636 }, // U+033C
    { 6, 6, 0, -1, 20, 9, 648 }, // U+033D
    { 5, 8, 0, 0, 23, 10, 657 }, // U+033E
    { 12, 6, 0, -3, 25, 18, 667 }, // U+033F
    { 5, 4, 0, -1, 20, 5, 685 }, // U+0340
    { 7, 4, 0, -1, 20, 7, 690 }, // U+0341
    { 10, 5, 0, -3, 20, 13, 697 }, // U+0342
    { 5, 5, 0, 0, 20, 7, 710 }, // U+0343
    { 10, 6, 0, -3, 20, 15, 717 }, // U+0344
    { 4, 4, 0, -1, -2, 4, 732 }, // U+0345
    { 11, 5, 0, -3, 20, 14, 736 }, // U+0346
    { 12, 6, 0, -8, 0, 18, 750 }, // U+0347
    { 7, 4, 0, -6, -1, 7, 768 }, // U+0348
    { 5, 5, 0, -4, -1, 7, 775 }, // U+0349
    { 10, 6, 0, -3, 20, 15, 782 }, // U+034A
    { 11, 9, 0, -3, 24, 25, 797 }, // U+034B
    { 11, 8, 0, -3, 23, 22, 822 }, // U+034C
    { 8, 5, 0, -6, -1, 10, 844 }, // U+034D
    { 6, 6, 0, -5, 0, 9, 854 }, // U+034E
    { 18, 20, 0, -9, 19, 90, 863 }, // U+034F
    { 5, 5, 0, -1, 20, 7, 953 }, // U+0350
    { 4, 7, 0, 0, 22, 7, 960 }, // U+0351
    { 8, 7, 0, -2, 23, 14, 967 }, // U+0352
    { 6, 6, 0, -5, -1, 9, 981 }, // U+0353
    { 6, 5, 0, -5, -1, 8, 990 }, // U+0354
    { 6, 5, 0, -5, -1, 8, 998 }, // U+0355
    { 11, 5, 0, -7, -1, 14, 1006 }, // U+0356
    { 4, 7, 0, 0, 22, 7, 1020 }, // U+0357
    { 4, 3, 0, 4, 19, 3, 1027 }, // U+0358
    { 8, 6, 0, -4, -1, 12, 1030 }, // U+0359
    { 10, 7, 0, -7, 0, 18, 1042 }, // U+035A
    { 6, 5, 0, -1, 20, 8, 1060 }, // U+035B
    { 19, 6, 0, -11, 0, 29, 1068 }, // U+035C
    { 20, 6, 0, -7, 21, 30, 1097 }, // U+035D
    { 16, 3, 0, -6, 18, 12, 1127 }, // U+035E
    { 16, 3, 0, -10, -1, 12, 1139 }, // U+035F
    { 21, 5, 0, -8, 20, 27, 1151 }, // U+0360
    { 20, 6, 0, -8, 22, 30, 1178 }, // U+0361
    { 16, 5, 0, -10, -1, 20, 1208 }, // U+0362
    { 7, 8, 0, -1, 23, 14, 1228 }, // U+0363
    { 5, 8, 0, 0, 23, 10, 1242 }, // U+0364
    { 4, 10, 0, 1, 25, 10, 1252 }, // U+0365
    { 7, 8, 0, -1, 23, 14, 1262 }, // U+0366
    { 7, 7, 0, -1, 23, 13, 1276 }, // U+0367
    { 6, 8, 0, 0, 23, 12, 1289 }, // U+0368
    { 7, 10, 0, -1, 25, 18, 1301 }, // U+0369
    { 7, 10, 0, -1, 25, 18, 1319 }, // U+036A
    { 11, 8, 0, -3, 23, 22, 1337 }, // U+036B
    { 6, 8, 0, 0, 23, 12, 1359 }, // U+036C
    { 4, 8, 0, 1, 23, 8, 1371 }, // U+036D
    { 7, 8, 0, -1, 23, 14, 1379 }, // U+036E
    { 7, 8, 0, -1, 23, 14, 1393 }, // U+036F
    { 17, 24, 251, -1, 24, 102, 0 }, // U+0400
    { 17, 23, 251, -1, 23, 98, 102 }, // U+0401
    { 18, 18, 320, 1, 18, 81, 200 }, // U+0402
    { 17, 24, 226, -1, 24, 102, 281 }, // U+0403
    { 16, 18, 245, 1, 18, 72, 383 }, // U+0404
    { 14, 18, 220, 0, 18, 63, 455 }, // U+0405
    { 12, 18, 148, -1, 18, 54, 518 }, // U+0406
    { 13, 23, 148, -1, 23, 75, 572 }, // U+0407
    { 14, 24, 144, -3, 18, 84, 647 }, // U+0408
    { 24, 18, 386, -1, 18, 108, 731 }, // U+0409
    { 26, 18, 407, -1, 18, 117, 839 }, // U+040A
    { 19, 18, 341, 1, 18, 86, 956 }, // U+040B
    { 20, 24, 282, -1, 24, 120, 1042 }, // U+040C
    { 23, 24, 323, -1, 24, 138, 1162 }, // U+040D
    { 17, 24, 260, 2, 24, 102, 1300 }, // U+040E
    { 22, 23, 315, -1, 18, 127, 1402 }, // U+040F
    { 19, 18, 282, -2, 18, 86, 1529 }, // U+0410
    { 17, 18, 252, -1, 18, 77, 1615 }, // U+0411
    { 17, 18, 262, -1, 18, 77, 1692 }, // U+0412
    { 17, 18, 226, -1, 18, 77, 1769 }, // U+0413
    { 23, 23, 297, -3, 18, 133, 1846 }, // U+0414
    { 17, 18, 251, -1, 18, 77, 1979 }, // U+0415
    { 29, 18, 392, -2, 18, 131, 2056 }, // U+0416
    { 14, 18, 238, 0, 18, 63, 2187 }, // U+0417
    { 23, 18, 323, -1, 18, 104, 2250 }, // U+0418
    { 23, 24, 323, -1, 24, 138, 2354 }, // U+0419
    { 20, 18, 282, -1, 18, 90, 2492 }, // U+041A
    { 21, 18, 293, -1, 18, 95, 2582 }, // U+041B
    { 27, 18, 382, -1, 18, 122, 2677 }, // U+041C
    { 23, 18, 319, -1, 18, 104, 2799 }, // U+041D
    { 17, 18, 296, 1, 18, 77, 2903 }, // U+041E
    { 22, 18, 315, -1, 18, 99, 2980 }, // U+041F
    { 17, 18, 244, -1, 18, 77, 3079 }, // U+0420
    { 16, 18, 245, 1, 18, 72, 3156 }, // U+0421
    { 17, 18, 249, 1, 18, 77, 3228 }, // U+0422
    { 17, 18, 260, 2, 18, 77, 3305 }, // U+0423
    { 20, 18, 344, 1, 18, 90, 3382 }, // U+0424
    { 21, 18, 266, -2, 18, 95, 3472 }, // U+0425
    { 22, 23, 315, -1, 18, 127, 3567 }, // U+0426
    { 19, 18, 303, 2, 18, 86, 3694 }, // U+0427
    { 30, 18, 429, -1, 18, 135, 3780 }, // U+0428
    { 30, 23, 429, -1, 18, 173, 3915 }, // U+0429
    { 16, 18, 287, 1, 18, 72, 4088 }, // U+042A
    { 26, 18, 366, -1, 18, 117, 4160 }, // U+042B
    { 16, 18, 248, -1, 18, 72, 4277 }, // U+042C
    { 15, 18, 251, 0, 18, 68, 4349 }, // U+042D
    { 26, 18, 408, -1, 18, 117, 4417 }, // U+042E
    { 20, 18, 259, -2, 18, 90, 4534 }, // U+042F
    { 14, 14, 228, 0, 14, 49, 4624 }, // U+0430
    { 14, 20, 232, 1, 20, 70, 4673 }, // U+0431
    { 13, 14, 212, 0, 14, 46, 4743 }, // U+0432
    { 11, 14, 181, 0, 14, 39, 4789 }, // U+0433
    { 14, 21, 230, 0, 21, 74, 4828 }, // U+0434
    { 12, 14, 197, 0, 14, 42, 4902 }, // U+0435
    { 25, 14, 368, -1, 14, 88, 4944 }, // U+0436
    { 11, 14, 192, 0, 14, 39, 5032 }, // U+0437
    { 14, 14, 237, 1, 14, 49, 5071 }, // U+0438
    { 14, 20, 237, 1, 20, 70, 5120 }, // U+0439
    { 14, 14, 232, 1, 14, 49, 5190 }, // U+043A
    { 16, 14, 236, -1, 14, 56, 5239 }, // U+043B
    { 21, 14, 328, -1, 14, 74, 5295 }, // U+043C
    { 14, 14, 238, 1, 14, 49, 5369 }, // U+043D
    { 14, 14, 230, 0, 14, 49, 5418 }, // U+043E
    { 14, 14, 239, 1, 14, 49, 5467 }, // U+043F
    { 15, 20, 228, -1, 14, 75, 5516 }, // U+0440
    { 13, 14, 195, 0, 14, 46, 5591 }, // U+0441
    { 21, 14, 358, 1, 14, 74, 5637 }, // U+0442
    { 16, 20, 217, -2, 14, 80, 5711 }, // U+0443
    { 19, 27, 305, 0, 21, 129, 5791 }, // U+0444
    { 15, 14, 212, -1, 14, 53, 5920 }, // U+0445
    { 14, 20, 238, 1, 14, 70, 5973 }, // U+0446
    { 14, 14, 225, 0, 14, 49, 6043 }, // U+0447
    { 21, 14, 356, 1, 14, 74, 6092 }, // U+0448
    { 21, 20, 356, 1, 14, 105, 6166 }, // U+0449
    { 12, 14, 208, 0, 14, 42, 6271 }, // U+044A
    { 18, 14, 306, 1, 14, 63, 6313 }, // U+044B
    { 11, 14, 210, 1, 14, 39, 6376 }, // U+044C
    { 12, 14, 200, 0, 14, 42, 6415 }, // U+044D
    { 18, 14, 320, 1, 14, 63, 6457 }, // U+044E
    { 15, 14, 228, -1, 14, 53, 6520 }, // U+044F
    { 12, 20, 197, 0, 20, 60, 6573 }, // U+0450
    { 13, 19, 197, 0, 19, 62, 6633 }, // U+0451
    { 12, 27, 224, 1, 21, 81, 6695 }, // U+0452
    { 12, 20, 181, 0, 20, 60, 6776 }, // U+0453
    { 13, 14, 195, 0, 14, 46, 6836 }, // U+0454
    { 11, 14, 181, 0, 14, 39, 6882 }, // U+0455
    { 6, 20, 118, 1, 20, 30, 6921 }, // U+0456
    { 8, 20, 118, 1, 20, 40, 6951 }, // U+0457
    { 11, 26, 113, -3, 20, 72, 6991 }, // U+0458
    { 21, 14, 324, -1, 14, 74, 7063 }, // U+0459
    { 19, 14, 326, 1, 14, 67, 7137 }, // U+045A
    { 14, 21, 239, 1, 21, 74, 7204 }, // U+045B
    { 14, 20, 232, 1, 20, 70, 7278 }, // U+045C
    { 14, 20, 237, 1, 20, 70, 7348 }, // U+045D
    { 16, 26, 217, -2, 20, 104, 7418 }, // U+045E
    { 14, 20, 237, 1, 14, 70, 7522 }, // U+045F
    { 23, 18, 385, 1, 18, 104, 7592 }, // U+0460
    { 20, 14, 320, 0, 14, 70, 7696 }, // U+0461
    { 16, 18, 245, -1, 18, 72, 7766 }, // U+0462
    { 19, 14, 322, 1, 14, 67, 7838 }, // U+0463
    { 25, 18, 364, -1, 18, 113, 7905 }, // U+0464
    { 19, 14, 306, 1, 14, 67, 8018 }, // U+0465
    { 19, 18, 276, -2, 18, 86, 8085 }, // U+0466
    { 16, 14, 231, -2, 14, 56, 8171 }, // U+0467
    { 26, 18, 414, -1, 18, 117, 8227 }, // U+0468
    { 18, 14, 320, 1, 14, 63, 8344 }, // U+0469
    { 22, 18, 315, -2, 18, 99, 8407 }, // U+046A
    { 19, 14, 281, -2, 14, 67, 8506 }, // U+046B
    { 29, 18, 453, -1, 18, 131, 8573 }, // U+046C
    { 21, 14, 364, 1, 14, 74, 8704 }, // U+046D
    { 16, 29, 241, -1, 22, 116, 8778 }, // U+046E
    { 14, 23, 190, -2, 18, 81, 8894 }, // U+046F
    { 21, 18, 331, 3, 18, 95, 8975 }, // U+0470
    { 17, 26, 283, 1, 20, 111, 9070 }, // U+0471
    { 17, 18, 297, 1, 18, 77, 9181 }, // U+0472
    { 13, 14, 230, 1, 14, 46, 9258 }, // U+0473
    { 18, 18, 278, 2, 18, 81, 9304 }, // U+0474
    { 16, 14, 234, 0, 14, 56, 9385 }, // U+0475
    { 18, 24, 278, 2, 24, 108, 9441 }, // U+0476
    { 16, 20, 234, 0, 20, 80, 9549 }, // U+0477
    { 29, 24, 474, 1, 18, 174, 9629 }, // U+0478
    { 24, 20, 400, 1, 14, 120, 9803 }, // U+0479
    { 18, 21, 313, 1, 19, 95, 9923 }, // U+047A
    { 14, 17, 254, 1, 16, 60, 10018 }, // U+047B
    { 23, 27, 393, 1, 27, 156, 10078 }, // U+047C
    { 18, 24, 316, 1, 24, 108, 10234 }, // U+047D
    { 23, 24, 385, 1, 24, 138, 10342 }, // U+047E
    { 20, 18, 320, 0, 18, 90, 10480 }, // U+047F
    { 16, 24, 251, 1, 18, 96, 10570 }, // U+0480
    { 12, 20, 195, 1, 14, 60, 10666 }, // U+0481
    { 13, 18, 244, 1, 17, 59, 10726 }, // U+0482
    { 10, 5, 0, -3, 19, 13, 10785 }, // U+0483
    { 10, 5, 0, -3, 20, 13, 10798 }, // U+0484
    { 4, 5, 0, 0, 20, 5, 10811 }, // U+0485
    { 4, 5, 0, 0, 20, 5, 10816 }, // U+0486
    { 10, 5, 0, -2, 24, 13, 10821 }, // U+0487
    { 32, 29, 0, -16, 22, 232, 10834 }, // U+0488
    { 30, 31, 0, -15, 23, 233, 11066 }, // U+0489
    { 23, 31, 321, -1, 25, 179, 11299 }, // U+048A
    { 14, 26, 240, 1, 21, 91, 11478 }, // U+048B
    { 16, 20, 245, -1, 20, 80, 11569 }, // U+048C
    { 13, 17, 211, 0, 17, 56, 11649 }, // U+048D
    { 17, 18, 248, -1, 18, 77, 11705 }, // U+048E
    { 15, 20, 231, -1, 14, 75, 11782 }, // U+048F
    { 17, 22, 218, -1, 22, 94, 11857 }, // U+0490
    { 11, 17, 178, 1, 17, 47, 11951 }, // U+0491
    { 17, 18, 224, -1, 18, 77, 11998 }, // U+0492
    { 12, 14, 183, 0, 14, 42, 12075 }, // U+0493
    { 17, 24, 263, -1, 18, 102, 12117 }, // U+0494
    { 12, 20, 208, 0, 14, 60, 12219 }, // U+0495
    { 28, 23, 411, -2, 18, 161, 12279 }, // U+0496
    { 26, 20, 404, 0, 14, 130, 12440 }, // U+0497
    { 15, 24, 241, 0, 18, 90, 12570 }, // U+0498
    { 12, 20, 190, 0, 14, 60, 12660 }, // U+0499
    { 20, 23, 296, -1, 18, 115, 12720 }, // U+049A
    { 15, 20, 242, 1, 14, 75, 12835 }, // U+049B
    { 21, 18, 292, -1, 18, 95, 12910 }, // U+049C
    { 15, 14, 254, 1, 14, 53, 13005 }, // U+049D
    { 20, 18, 280, -1, 18, 90, 13058 }, // U+049E
    { 15, 21, 242, 1, 21, 79, 13148 }, // U+049F
    { 20, 18, 314, 1, 18, 90, 13227 }, // U+04A0
    { 17, 14, 283, 1, 14, 60, 13317 }, // U+04A1
    { 23, 23, 317, -1, 18, 133, 13377 }, // U+04A2
    { 15, 20, 252, 1, 14, 75, 13510 }, // U+04A3
    { 25, 18, 351, -1, 18, 113, 13585 }, // U+04A4
    { 19, 14, 302, 1, 14, 67, 13698 }, // U+04A5
    { 26, 24, 422, -1, 18, 156, 13765 }, // U+04A6
    { 20, 20, 343, 1, 14, 100, 13921 }, // U+04A7
    { 17, 20, 292, 1, 18, 85, 14021 }, // U+04A8
    { 14, 15, 244, 1, 14, 53, 14106 }, // U+04A9
    { 16, 24, 251, 1, 18, 96, 14159 }, // U+04AA
    { 12, 20, 195, 1, 14, 60, 14255 }, // U+04AB
    { 17, 24, 245, 1, 18, 102, 14315 }, // U+04AC
    { 21, 20, 358, 1, 14, 105, 14417 }, // U+04AD
    { 17, 18, 250, 1, 18, 77, 14522 }, // U+04AE
    { 12, 20, 220, 1, 14, 60, 14599 }, // U+04AF
    { 17, 18, 250, 1, 18, 77, 14659 }, // U+04B0
    { 13, 20, 220, 0, 14, 65, 14736 }, // U+04B1
    { 21, 23, 264, -2, 18, 121, 14801 }, // U+04B2
    { 16, 20, 218, -1, 14, 80, 14922 }, // U+04B3
    { 23, 24, 357, 1, 18, 138, 15002 }, // U+04B4
    { 18, 20, 294, 0, 14, 90, 15140 }, // U+04B5
    { 18, 23, 302, 2, 18, 104, 15230 }, // U+04B6
    { 15, 20, 244, 0, 14, 75, 15334 }, // U+04B7
    { 19, 18, 303, 2, 18, 86, 15409 }, // U+04B8
    { 14, 14, 225, 0, 14, 49, 15495 }, // U+04B9
    { 19, 18, 302, -1, 18, 86, 15544 }, // U+04BA
    { 14, 21, 240, 1, 21, 74, 15630 }, // U+04BB
    { 19, 18, 319, 1, 18, 86, 15704 }, // U+04BC
    { 15, 14, 240, 0, 14, 53, 15790 }, // U+04BD
    { 19, 23, 319, 1, 18, 110, 15843 }, // U+04BE
    { 15, 19, 240, 0, 14, 72, 15953 }, // U+04BF
    { 12, 18, 147, -1, 18, 54, 16025 }, // U+04C0
    { 29, 24, 392, -2, 24, 174, 16079 }, // U+04C1
    { 25, 20, 368, -1, 20, 125, 16253 }, // U+04C2
    { 20, 24, 278, -1, 18, 120, 16378 }, // U+04C3
    { 15, 20, 245, 1, 14, 75, 16498 }, // U+04C4
    { 21, 24, 281, -2, 18, 126, 16573 }, // U+04C5
    { 16, 19, 257, 0, 14, 76, 16699 }, // U+04C6
    { 23, 24, 316, -1, 18, 138, 16775 }, // U+04C7
    { 15, 20, 247, 0, 14, 75, 16913 }, // U+04C8
    { 23, 24, 317, -1, 18, 138, 16988 }, // U+04C9
    { 15, 19, 252, 1, 14, 72, 17126 }, // U+04CA
    { 18, 24, 302, 2, 18, 108, 17198 }, // U+04CB
    { 14, 20, 244, 0, 14, 70, 17306 }, // U+04CC
    { 26, 24, 375, -1, 18, 156, 17376 }, // U+04CD
    { 22, 19, 360, 0, 14, 105, 17532 }, // U+04CE
    { 12, 18, 147, -1, 18, 54, 17637 }, // U+04CF
    { 19, 24, 282, -2, 24, 114, 17691 }, // U+04D0
    { 14, 20, 232, 1, 20, 70, 17805 }, // U+04D1
    { 19, 23, 282, -2, 23, 110, 17875 }, // U+04D2
    { 14, 19, 232, 1, 19, 67, 17985 }, // U+04D3
    { 27, 18, 380, -2, 18, 122, 18052 }, // U+04D4
    { 19, 14, 325, 1, 14, 67, 18174 }, // U+04D5
    { 17, 24, 249, -1, 24, 102, 18241 }, // U+04D6
    { 11, 20, 197, 1, 20, 55, 18343 }, // U+04D7
    { 16, 18, 267, 0, 18, 72, 18398 }, // U+04D8
    { 12, 14, 197, 0, 14, 42, 18470 }, // U+04D9
    { 16, 24, 267, 0, 24, 96, 18512 }, // U+04DA
    { 12, 19, 197, 0, 19, 57, 18608 }, // U+04DB
    { 29, 23, 392, -2, 23, 167, 18665 }, // U+04DC
    { 25, 19, 368, -1, 19, 119, 18832 }, // U+04DD
    { 14, 24, 238, 0, 24, 84, 18951 }, // U+04DE
    { 12, 19, 192, 0, 19, 57, 19035 }, // U+04DF
    { 15, 18, 241, 0, 18, 68, 19092 }, // U+04E0
    { 15, 20, 219, -2, 14, 75, 19160 }, // U+04E1
    { 23, 22, 323, -1, 22, 127, 19235 }, // U+04E2
    { 14, 18, 240, 1, 18, 63, 19362 }, // U+04E3
    { 23, 23, 323, -1, 23, 133, 19425 }, // U+04E4
    { 14, 19, 240, 1, 19, 67, 19558 }, // U+04E5
    { 17, 24, 297, 1, 24, 102, 19625 }, // U+04E6
    { 13, 19, 230, 1, 19, 62, 19727 }, // U+04E7
    { 17, 18, 297, 1, 18, 77, 19789 }, // U+04E8
    { 13, 14, 230, 1, 14, 46, 19866 }, // U+04E9
    { 17, 24, 297, 1, 24, 102, 19912 }, // U+04EA
    { 13, 19, 230, 1, 19, 62, 20014 }, // U+04EB
    { 15, 24, 251, 0, 24, 90, 20076 }, // U+04EC
    { 12, 19, 200, 0, 19, 57, 20166 }, // U+04ED
    { 17, 23, 260, 2, 23, 98, 20223 }, // U+04EE
    { 18, 24, 211, -5, 18, 108, 20321 }, // U+04EF
    { 17, 24, 260, 2, 24, 102, 20429 }, // U+04F0
    { 18, 25, 211, -5, 19, 113, 20531 }, // U+04F1
    { 17, 24, 260, 2, 24, 102, 20644 }, // U+04F2
    { 19, 26, 211, -5, 20, 124, 20746 }, // U+04F3
    { 19, 23, 303, 2, 23, 110, 20870 }, // U+04F4
    { 14, 19, 225, 0, 19, 67, 20980 }, // U+04F5
    { 17, 23, 224, -1, 18, 98, 21047 }, // U+04F6
    { 12, 20, 183, 0, 14, 60, 21145 }, // U+04F7
    { 26, 23, 366, -1, 23, 150, 21205 }, // U+04F8
    { 18, 19, 306, 1, 19, 86, 21355 }, // U+04F9
    { 17, 23, 224, -1, 18, 98, 21441 }, // U+04FA
    { 12, 19, 183, 0, 14, 57, 21539 }, // U+04FB
    { 21, 23, 264, -2, 18, 121, 21596 }, // U+04FC
    { 16, 19, 218, -1, 14, 76, 21717 }, // U+04FD
    { 21, 18, 264, -2, 18, 95, 21793 }, // U+04FE
    { 15, 14, 218, -1, 14, 53, 21888 }, // U+04FF
    { 19, 22, 282, -2, 18, 105, 0 }, // U+1EA0
    { 14, 18, 232, 1, 14, 63, 105 }, // U+1EA1
    { 19, 26, 282, -2, 26, 124, 168 }, // U+1EA2
    { 14, 22, 232, 1, 22, 77, 292 }, // U+1EA3
    { 21, 25, 282, -2, 25, 132, 369 }, // U+1EA4
    { 16, 21, 232, 1, 21, 84, 501 }, // U+1EA5
    { 19, 25, 282, -2, 25, 119, 585 }, // U+1EA6
    { 14, 21, 232, 1, 21, 74, 704 }, // U+1EA7
    { 20, 27, 282, -2, 27, 135, 778 }, // U+1EA8
    { 15, 23, 232, 1, 23, 87, 913 }, // U+1EA9
    { 19, 28, 282, -2, 28, 133, 1000 }, // U+1EAA
    { 14, 24, 232, 1, 24, 84, 1133 }, // U+1EAB
    { 19, 28, 282, -2, 24, 133, 1217 }, // U+1EAC
    { 14, 23, 232, 1, 19, 81, 1350 }, // U+1EAD
    { 19, 26, 282, -2, 26, 124, 1431 }, // U+1EAE
    { 14, 22, 232, 1, 22, 77, 1555 }, // U+1EAF
    { 19, 26, 282, -2, 26, 124, 1632 }, // U+1EB0
    { 14, 22, 232, 1, 22, 77, 1756 }, // U+1EB1
    { 19, 28, 282, -2, 28, 133, 1833 }, // U+1EB2
    { 14, 24, 232, 1, 24, 84, 1966 }, // U+1EB3
    { 19, 28, 282, -2, 28, 133, 2050 }, // U+1EB4
    { 14, 24, 232, 1, 24, 84, 2183 }, // U+1EB5
    { 19, 29, 282, -2, 24, 138, 2267 }, // U+1EB6
    { 14, 23, 232, 1, 19, 81, 2405 }, // U+1EB7
    { 17, 23, 249, -1, 18, 98, 2486 }, // U+1EB8
    { 11, 18, 197, 1, 14, 50, 2584 }, // U+1EB9
    { 17, 26, 249, -1, 26, 111, 2634 }, // U+1EBA
    { 11, 22, 197, 1, 22, 61, 2745 }, // U+1EBB
    { 17, 24, 249, -1, 24, 102, 2806 }, // U+1EBC
    { 13, 18, 197, 1, 18, 59, 2908 }, // U+1EBD
    { 20, 25, 249, -1, 25, 125, 2967 }, // U+1EBE
    { 16, 21, 197, 1, 21, 84, 3092 }, // U+1EBF
    { 17, 25, 249, -1, 25, 107, 3176 }, // U+1EC0
    { 12, 21, 197, 1, 21, 63, 3283 }, // U+1EC1
    { 18, 27, 249, -1, 27, 122, 3346 }, // U+1EC2
    { 14, 23, 197, 1, 23, 81, 3468 }, // U+1EC3
    { 17, 28, 249, -1, 28, 119, 3549 }, // U+1EC4
    { 13, 24, 197, 1, 24, 78, 3668 }, // U+1EC5
    { 17, 29, 249, -1, 24, 124, 3746 }, // U+1EC6
    { 12, 23, 197, 1, 19, 69, 3870 }, // U+1EC7
    { 12, 26, 147, -1, 26, 78, 3939 }, // U+1EC8
    { 8, 22, 122, 1, 22, 44, 4017 }, // U+1EC9
    { 12, 23, 147, -1, 18, 69, 4061 }, // U+1ECA
    { 8, 23, 122, 0, 19, 46, 4130 }, // U+1ECB
    { 17, 22, 297, 1, 18, 94, 4176 }, // U+1ECC
    { 13, 18, 230, 1, 14, 59, 4270 }, // U+1ECD
    { 17, 26, 297, 1, 26, 111, 4329 }, // U+1ECE
    { 13, 22, 230, 1, 22, 72, 4440 }, // U+1ECF
    { 19, 26, 297, 1, 26, 124, 4512 }, // U+1ED0
    { 16, 21, 230, 1, 21, 84, 4636 }, // U+1ED1
    { 17, 26, 297, 1, 26, 111, 4720 }, // U+1ED2
    { 13, 21, 230, 1, 21, 69, 4831 }, // U+1ED3
    { 17, 28, 297, 1, 28, 119, 4900 }, // U+1ED4
    { 15, 23, 230, 1, 23, 87, 5019 }, // U+1ED5
    { 17, 28, 297, 1, 28, 119, 5106 }, // U+1ED6
    { 13, 24, 230, 1, 24, 78, 5225 }, // U+1ED7
    { 17, 28, 297, 1, 24, 119, 5303 }, // U+1ED8
    { 13, 23, 230, 1, 19, 75, 5422 }, // U+1ED9
    { 21, 24, 311, 1, 24, 126, 5497 }, // U+1EDA
    { 16, 19, 243, 1, 19, 76, 5623 }, // U+1EDB
    { 21, 24, 311, 1, 24, 126, 5699 }, // U+1EDC
    { 16, 19, 243, 1, 19, 76, 5825 }, // U+1EDD
    { 21, 26, 311, 1, 26, 137, 5901 }, // U+1EDE
    { 16, 22, 243, 1, 22, 88, 6038 }, // U+1EDF
    { 21, 24, 311, 1, 24, 126, 6126 }, // U+1EE0
    { 16, 18, 243, 1, 18, 72, 6252 }, // U+1EE1
    { 21, 23, 311, 1, 19, 121, 6324 }, // U+1EE2
    { 16, 21, 243, 1, 17, 84, 6445 }, // U+1EE3
    { 18, 22, 292, 2, 18, 99, 6529 }, // U+1EE4
    { 14, 18, 240, 1, 14, 63, 6628 }, // U+1EE5
    { 18, 26, 292, 2, 26, 117, 6691 }, // U+1EE6
    { 14, 22, 240, 1, 22, 77, 6808 }, // U+1EE7
    { 20, 24, 311, 2, 24, 120, 6885 }, // U+1EE8
    { 17, 19, 261, 1, 19, 81, 7005 }, // U+1EE9
    { 20, 24, 311, 2, 24, 120, 7086 }, // U+1EEA
    { 17, 19, 261, 1, 19, 81, 7206 }, // U+1EEB
    { 20, 26, 311, 2, 26, 130, 7287 }, // U+1EEC
    { 17, 22, 261, 1, 22, 94, 7417 }, // U+1EED
    { 20, 24, 311, 2, 24, 120, 7511 }, // U+1EEE
    { 17, 18, 261, 1, 18, 77, 7631 }, // U+1EEF
    { 20, 23, 311, 2, 19, 115, 7708 }, // U+1EF0
    { 17, 21, 261, 1, 17, 90, 7823 }, // U+1EF1
    { 17, 24, 250, 1, 24, 102, 7913 }, // U+1EF2
    { 18, 25, 211, -5, 19, 113, 8015 }, // U+1EF3
    { 17, 23, 250, 1, 18, 98, 8128 }, // U+1EF4
    { 18, 20, 211, -5, 14, 90, 8226 }, // U+1EF5
    { 17, 26, 250, 1, 26, 111, 8316 }, // U+1EF6
    { 18, 28, 211, -5, 22, 126, 8427 }, // U+1EF7
    { 17, 24, 250, 1, 24, 102, 8553 }, // U+1EF8
    { 18, 24, 211, -5, 18, 108, 8655 }, // U+1EF9
    { 0, 0, 200, 0, 0, 0, 0 }, // U+2000
    { 0, 0, 400, 0, 0, 0, 0 }, // U+2001
    { 0, 0, 200, 0, 0, 0, 0 }, // U+2002
    { 0, 0, 400, 0, 0, 0, 0 }, // U+2003
    { 0, 0, 133, 0, 0, 0, 0 }, // U+2004
    { 0, 0, 100, 0, 0, 0, 0 }, // U+2005
    { 0, 0, 67, 0, 0, 0, 0 }, // U+2006
    { 0, 0, 224, 0, 0, 0, 0 }, // U+2007
    { 0, 0, 100, 0, 0, 0, 0 }, // U+2008
    { 0, 0, 66, 0, 0, 0, 0 }, // U+2009
    { 0, 0, 40, 0, 0, 0, 0 }, // U+200A
    { 0, 0, 0, 0, 0, 0, 0 }, // U+200B
    { 2, 20, 0, -1, 17, 10, 0 }, // U+200C
    { 6, 22, 0, -3, 19, 33, 10 }, // U+200D
    { 7, 23, 0, -1, 19, 41, 43 }, // U+200E
    { 7, 23, 0, -6, 19, 41, 84 }, // U+200F
    { 8, 3, 124, 0, 9, 6, 125 }, // U+2010
    { 8, 3, 124, 0, 9, 6, 131 }, // U+2011
    { 13, 3, 224, 1, 11, 10, 137 }, // U+2012
    { 14, 3, 200, -1, 8, 11, 147 }, // U+2013
    { 27, 3, 400, -1, 8, 21, 158 }, // U+2014
    { 27, 3, 400, -1, 8, 21, 179 }, // U+2015
    { 7, 25, 224, 4, 19, 44, 200 }, // U+2016
    { 13, 6, 164, -3, 0, 20, 244 }, // U+2017
    { 6, 8, 100, 2, 19, 12, 264 }, // U+2018
    { 5, 8, 100, 2, 18, 10, 276 }, // U+2019
    { 5, 8, 100, -1, 3, 10, 286 }, // U+201A
    { 4, 8, 100, 3, 18, 8, 296 }, // U+201B
    { 11, 8, 180, 2, 19, 22, 304 }, // U+201C
    { 10, 8, 180, 2, 18, 20, 326 }, // U+201D
    { 10, 8, 180, -1, 3, 20, 346 }, // U+201E
    { 9, 8, 180, 3, 18, 18, 366 }, // U+201F
    { 11, 23, 179, 1, 19, 64, 384 }, // U+2020
    { 14, 23, 179, -1, 19, 81, 448 }, // U+2021
    { 8, 7, 145, 1, 12, 14, 529 }, // U+2022
    { 9, 9, 200, 3, 14, 21, 543 }, // U+2023
    { 4, 4, 114, 2, 11, 4, 564 }, // U+2024
    { 11, 4, 214, 2, 11, 11, 568 }, // U+2025
    { 18, 3, 343, 1, 3, 14, 579 }, // U+2026
    { 4, 4, 100, 1, 9, 4, 593 }, // U+2027
    { 0, 0, 240, 0, 0, 0, 597 }, // U+2028
    { 0, 0, 240, 0, 0, 0, 597 }, // U+2029
    { 7, 21, 0, -1, 17, 37, 597 }, // U+202A
    { 7, 21, 0, -6, 17, 37, 634 }, // U+202B
    { 6, 21, 0, -3, 17, 32, 671 }, // U+202C
    { 6, 22, 0, -3, 18, 33, 703 }, // U+202D
    { 6, 22, 0, -3, 18, 33, 736 }, // U+202E
    { 0, 0, 66, 0, 0, 0, 769 }, // U+202F
    { 30, 18, 514, 1, 18, 135, 769 }, // U+2030
    { 40, 18, 669, 1, 18, 180, 904 }, // U+2031
    { 5, 6, 88, 2, 18, 8, 1084 }, // U+2032
    { 10, 6, 163, 2, 18, 15, 1092 }, // U+2033
    { 15, 6, 238, 2, 18, 23, 1107 }, // U+2034
    { 4, 6, 88, 3, 18, 6, 1130 }, // U+2035
    { 9, 6, 163, 3, 18, 14, 1136 }, // U+2036
    { 13, 6, 238, 3, 18, 20, 1150 }, // U+2037
    { 9, 7, 160, -1, 1, 16, 1170 }, // U+2038
    { 7, 10, 133, 1, 12, 18, 1186 }, // U+2039
    { 7, 10, 133, 0, 12, 18, 1204 }, // U+203A
    { 18, 18, 328, 1, 18, 81, 1222 }, // U+203B
    { 13, 18, 224, 1, 18, 59, 1303 }, // U+203C
    { 11, 18, 200, 3, 18, 50, 1362 }, // U+203D
    { 13, 3, 184, 2, 22, 10, 1412 }, // U+203E
    { 20, 6, 0, -19, 0, 30, 1422 }, // U+203F
    { 20, 6, 0, -15, 22, 30, 1452 }, // U+2040
    { 12, 18, 180, -2, 18, 54, 1482 }, // U+2041
    { 24, 21, 400, 0, 20, 126, 1536 }, // U+2042
    { 8, 4, 145, 1, 11, 8, 1662 }, // U+2043
    { 15, 18, 25, -7, 18, 68, 1670 }, // U+2044
    { 11, 24, 144, 0, 19, 66, 1738 }, // U+2045
    { 12, 24, 144, -2, 19, 72, 1804 }, // U+2046
    { 22, 18, 391, 3, 18, 99, 1876 }, // U+2047
    { 17, 18, 315, 3, 18, 77, 1975 }, // U+2048
    { 20, 18, 312, 1, 18, 90, 2052 }, // U+2049
    { 12, 20, 224, 1, 15, 60, 2142 }, // U+204A
    { 14, 23, 247, 2, 19, 81, 2202 }, // U+204B
    { 14, 10, 239, 1, 14, 35, 2283 }, // U+204C
    { 14, 10, 239, 1, 14, 35, 2318 }, // U+204D
    { 11, 11, 200, 1, 15, 31, 2353 }, // U+204E
    { 5, 19, 114, 1, 14, 24, 2384 }, // U+204F
    { 16, 18, 292, 2, 18, 72, 2408 }, // U+2050
    { 14, 22, 200, 0, 20, 77, 2480 }, // U+2051
    { 9, 18, 132, 0, 18, 41, 2557 }, // U+2052
    { 12, 6, 224, 1, 12, 18, 2598 }, // U+2053
    { 20, 6, 0, -5, 0, 30, 2616 }, // U+2054
    { 12, 11, 216, 1, 14, 33, 2646 }, // U+2055
    { 12, 14, 246, 1, 14, 42, 2679 }, // U+2056
    { 19, 6, 314, 2, 18, 29, 2721 }, // U+2057
    { 15, 14, 284, 1, 14, 53, 2750 }, // U+2058
    { 14, 14, 284, 1, 14, 49, 2803 }, // U+2059
    { 4, 18, 115, 2, 18, 18, 2852 }, // U+205A
    { 14, 18, 284, 2, 18, 63, 2870 }, // U+205B
    { 14, 14, 279, 1, 14, 49, 2933 }, // U+205C
    { 4, 18, 115, 2, 18, 18, 2982 }, // U+205D
    { 4, 18, 115, 2, 18, 18, 3000 }, // U+205E
    { 0, 0, 89, 0, 0, 0, 3018 }, // U+205F
    { 0, 0, 240, 0, 0, 0, 3018 }, // U+2060
    { 0, 0, 240, 0, 0, 0, 3018 }, // U+2061
    { 0, 0, 240, 0, 0, 0, 3018 }, // U+2062
    { 0, 0, 240, 0, 0, 0, 3018 }, // U+2063
    { 0, 0, 240, 0, 0, 0, 3018 }, // U+2064
    { 0, 0, 240, 0, 0, 0, 3018 }, // U+2066
    { 0, 0, 240, 0, 0, 0, 3018 }, // U+2067
    { 0, 0, 240, 0, 0, 0, 3018 }, // U+2068
    { 0, 0, 240, 0, 0, 0, 3018 }, // U+2069
    { 6, 22, 0, -3, 18, 33, 3018 }, // U+206A
    { 6, 22, 0, -3, 18, 33, 3051 }, // U+206B
    { 6, 21, 0, -3, 18, 32, 3084 }, // U+206C
    { 6, 22, 0, -3, 19, 33, 3116 }, // U+206D
    { 6, 22, 0, -3, 19, 33, 3149 }, // U+206E
    { 6, 22, 0, -3, 18, 33, 3182 }, // U+206F
    { 10, 12, 160, 1, 21, 30, 0 }, // U+2070
    { 5, 12, 79, 2, 19, 15, 30 }, // U+2071
    { 10, 12, 160, 1, 21, 30, 45 }, // U+2074
    { 10, 12, 160, 1, 21, 30, 75 }, // U+2075
    { 9, 12, 160, 2, 21, 27, 105 }, // U+2076
    { 9, 11, 160, 3, 20, 25, 132 }, // U+2077
    { 10, 12, 160, 1, 21, 30, 157 }, // U+2078
    { 9, 12, 160, 2, 21, 27, 187 }, // U+2079
    { 9, 8, 157, 2, 18, 18, 214 }, // U+207A
    { 9, 1, 157, 2, 16, 3, 232 }, // U+207B
    { 9, 6, 157, 2, 17, 14, 235 }, // U+207C
    { 8, 16, 100, 2, 23, 32, 249 }, // U+207D
    { 8, 16, 100, -1, 23, 32, 281 }, // U+207E
    { 9, 8, 156, 2, 15, 18, 313 }, // U+207F
    { 10, 11, 160, -1, 9, 28, 331 }, // U+2080
    { 8, 11, 160, -1, 9, 22, 359 }, // U+2081
    { 10, 11, 160, -1, 9, 28, 381 }, // U+2082
    { 10, 11, 160, -1, 9, 28, 409 }, // U+2083
    { 10, 11, 160, -1, 9, 28, 437 }, // U+2084
    { 10, 11, 160, -1, 9, 28, 465 }, // U+2085
    { 9, 11, 160, 0, 9, 25, 493 }, // U+2086
    { 9, 11, 160, 0, 9, 25, 518 }, // U+2087
    { 10, 11, 160, -1, 9, 28, 543 }, // U+2088
    { 9, 11, 160, 0, 9, 25, 571 }, // U+2089
    { 10, 8, 157, -1, 6, 20, 596 }, // U+208A
    { 10, 1, 157, -1, 3, 3, 616 }, // U+208B
    { 10, 5, 157, -1, 5, 13, 619 }, // U+208C
    { 8, 16, 100, 0, 11, 32, 632 }, // U+208D
    { 8, 16, 100, -4, 11, 32, 664 }, // U+208E
    { 10, 8, 150, -1, 6, 20, 696 }, // U+2090
    { 8, 8, 128, -1, 6, 16, 716 }, // U+2091
    { 9, 8, 149, -1, 6, 18, 732 }, // U+2092
    { 10, 8, 142, -2, 6, 20, 750 }, // U+2093
    { 8, 8, 128, -1, 6, 16, 770 }, // U+2094
    { 10, 11, 156, -1, 9, 28, 786 }, // U+2095
    { 10, 11, 148, -1, 9, 28, 814 }, // U+2096
    { 5, 11, 79, -1, 9, 14, 842 }, // U+2097
    { 14, 8, 233, -1, 6, 28, 856 }, // U+2098
    { 10, 8, 156, -1, 6, 20, 884 }, // U+2099
    { 10, 12, 150, -2, 6, 30, 904 }, // U+209A
    { 7, 8, 121, -1, 6, 14, 934 }, // U+209B
    { 6, 11, 96, -1, 9, 17, 948 }, // U+209C
    { 15, 18, 256, 1, 18, 68, 0 }, // U+20A0
    { 14, 22, 224, 1, 19, 77, 68 }, // U+20A1
    { 15, 18, 241, 1, 18, 68, 145 }, // U+20A2
    { 16, 18, 224, -1, 18, 72, 213 }, // U+20A3
    { 15, 18, 224, -1, 18, 68, 285 }, // U+20A4
    { 21, 20, 358, 1, 18, 105, 353 }, // U+20A5
    { 20, 18, 276, -1, 18, 90, 458 }, // U+20A6
    { 22, 18, 328, -2, 18, 99, 548 }, // U+20A7
    { 26, 18, 408, -1, 18, 117, 647 }, // U+20A8
    { 28, 18, 418, 1, 18, 126, 764 }, // U+20A9
    { 18, 16, 357, 2, 16, 72, 890 }, // U+20AA
    { 17, 23, 231, 0, 19, 98, 962 }, // U+20AB
    { 15, 18, 224, 0, 18, 68, 1060 }, // U+20AC
    { 19, 18, 260, -1, 18, 86, 1128 }, // U+20AD
    { 15, 18, 224, 1, 18, 68, 1214 }, // U+20AE
    { 25, 26, 400, -1, 21, 163, 1282 }, // U+20AF
    { 13, 24, 224, -1, 18, 78, 1445 }, // U+20B0
    { 18, 18, 248, -1, 18, 81, 1523 }, // U+20B1
    { 17, 21, 286, 1, 19, 90, 1604 }, // U+20B2
    { 21, 18, 282, -2, 18, 95, 1694 }, // U+20B3
    { 16, 18, 220, -1, 18, 72, 1789 }, // U+20B4
    { 16, 21, 251, 1, 19, 84, 1861 }, // U+20B5
    { 14, 18, 220, 1, 18, 63, 1945 }, // U+20B6
    { 14, 20, 224, 0, 18, 70, 2008 }, // U+20B7
    { 15, 18, 224, 1, 18, 68, 2078 }, // U+20B8
    { 14, 18, 224, 1, 18, 63, 2146 }, // U+20B9
    { 14, 18, 224, -1, 18, 63, 2209 }, // U+20BA
    { 14, 18, 261, 2, 18, 63, 2272 }, // U+20BB
    { 17, 18, 314, 1, 18, 77, 2335 }, // U+20BC
    { 17, 18, 236, -1, 18, 77, 2412 }, // U+20BD
    { 15, 21, 224, 0, 21, 79, 2489 }, // U+20BE
    { 16, 23, 224, -2, 21, 92, 2568 }, // U+20BF
    { 8, 2, 124, 0, 8, 4, 0 }, // U+2212
    { 24, 25, 246, -4, 19, 150, 0 }, // U+FB00
    { 19, 25, 238, -4, 19, 119, 150 }, // U+FB01
    { 19, 25, 237, -4, 19, 119, 269 }, // U+FB02
    { 26, 25, 356, -4, 19, 163, 388 }, // U+FB03
    { 27, 25, 356, -4, 19, 169, 551 }, // U+FB04
    { 21, 25, 263, -4, 19, 132, 720 }, // U+FB05
    { 21, 19, 333, 0, 19, 100, 852 }, // U+FB06
    { 23, 24, 400, 1, 19, 138, 0 }, // U+FFFD
};

static const EpdUnicodeInterval notoserif_12_italicIntervals[] = {
    { 0x0, 0x0, 0x0 },
    { 0xD, 0xD, 0x1 },
    { 0x20, 0x7E, 0x2 },
    { 0xA0, 0x17F, 0x61 },
    { 0x1A0, 0x1A1, 0x141 },
    { 0x1AF, 0x1B0, 0x143 },
    { 0x1C4, 0x21F, 0x145 },
    { 0x300, 0x36F, 0x1A1 },
    { 0x400, 0x4FF, 0x211 },
    { 0x1EA0, 0x1EF9, 0x311 },
    { 0x2000, 0x2064, 0x36B },
    { 0x2066, 0x2071, 0x3D0 },
    { 0x2074, 0x208E, 0x3DC },
    { 0x2090, 0x209C, 0x3F7 },
    { 0x20A0, 0x20BF, 0x404 },
    { 0x2212, 0x2212, 0x424 },
    { 0xFB00, 0xFB06, 0x425 },
    { 0xFFFD, 0xFFFD, 0x42C },
};

static const EpdFontGroup notoserif_12_italicGroups[] = {
    { 0, 3206, 6331, 97, 0 },
    { 3206, 2588, 7282, 96, 97 },
    { 5794, 3438, 11931, 128, 193 },
    { 9232, 3330, 10313, 96, 321 },
    { 12562, 984, 1610, 112, 417 },
    { 13546, 8994, 23807, 256, 529 },
    { 22540, 1747, 9671, 90, 785 },
    { 24287, 1659, 3604, 111, 875 },
    { 25946, 728, 1153, 42, 986 },
    { 26674, 1739, 2908, 32, 1028 },
    { 28413, 6, 4, 1, 1060 },
    { 28419, 434, 1014, 7, 1061 },
    { 28853, 98, 144, 1, 1068 },
};

static const uint16_t notoserif_12_italicKernLeftCodepoints[] = {
    0x0022, 0x0026, 0x0027, 0x0028, 0x002A, 0x002C, 0x002D, 0x002E, 0x0041, 0x0042, 0x0043, 0x0044,
    0x0045, 0x0046, 0x0047, 0x004A, 0x004B, 0x004C, 0x004E, 0x004F, 0x0050, 0x0051, 0x0052, 0x0053,
    0x0054, 0x0055, 0x0056, 0x0057, 0x0058, 0x0059, 0x005B, 0x005F, 0x0061, 0x0062, 0x0063, 0x0065,
    0x0066, 0x0068, 0x006B, 0x006D, 0x006E, 0x006F, 0x0070, 0x0071, 0x0072, 0x0073, 0x0076, 0x0077,
    0x0079, 0x007A, 0x007B, 0x00A1, 0x00AB, 0x00BF, 0x00C0, 0x00C1, 0x00C2, 0x00C3, 0x00C4, 0x00C5,
    0x00C6, 0x00C7, 0x00C8, 0x00C9, 0x00CA, 0x00CB, 0x00D0, 0x00D1, 0x00D2, 0x00D3, 0x00D4, 0x00D5,
    0x00D6, 0x00D8, 0x00D9, 0x00DA, 0x00DB, 0x00DC, 0x00DD, 0x00DE, 0x00DF, 0x00E0, 0x00E1, 0x00E2,
    0x00E3, 0x00E4, 0x00E5, 0x00E6, 0x00E7, 0x00E8, 0x00E9, 0x00EA, 0x00EB, 0x00F0, 0x00F1, 0x00F2,
    0x00F3, 0x00F4, 0x00F5, 0x00F6, 0x00F8, 0x00F9, 0x00FA, 0x00FB, 0x00FC, 0x00FD, 0x00FE, 0x00FF,
    0x0100, 0x0101, 0x0102, 0x0103, 0x0104, 0x0105, 0x0106, 0x0107, 0x0108, 0x0109, 0x010A, 0x010B,
    0x010C, 0x010D, 0x010E, 0x010F, 0x0110, 0x0112, 0x0113, 0x0114, 0x0115, 0x0116, 0x0117, 0x0118,
    0x0119, 0x011A, 0x011B, 0x011C, 0x011E, 0x0120, 0x0122, 0x0125, 0x0127, 0x0132, 0x0134, 0x0136,
    0x0137, 0x0138, 0x0139, 0x013B, 0x013D, 0x013E, 0x0141, 0x0143, 0x0144, 0x0145, 0x0146, 0x0147,
    0x0148, 0x0149, 0x014A, 0x014B, 0x014C, 0x014D, 0x014E, 0x014F, 0x0150, 0x0151, 0x0152, 0x0153,
    0x0154, 0x0155, 0x0156, 0x0157, 0x0158, 0x0159, 0x015A, 0x015B, 0x015C, 0x015D, 0x015E, 0x015F,
    0x0160, 0x0161, 0x0162, 0x0164, 0x0166, 0x0168, 0x0169, 0x016A, 0x016B, 0x016C, 0x016D, 0x016E,
    0x016F, 0x0170, 0x0171, 0x0172, 0x0173, 0x0174, 0x0175, 0x0176, 0x0177, 0x0178, 0x017A, 0x017C,
    0x017E, 0x01A0, 0x01A1, 0x01AF, 0x01B0, 0x01FA, 0x01FB, 0x01FC, 0x01FD, 0x01FE, 0x01FF, 0x0218,
    0x0219, 0x021A, 0x0400, 0x0401, 0x0402, 0x0403, 0x0404, 0x0405, 0x0406, 0x0407, 0x0408, 0x0409,
    0x040A, 0x040B, 0x040C, 0x040D, 0x040E, 0x040F, 0x0410, 0x0411, 0x0412, 0x0413, 0x0414, 0x0415,
    0x0416, 0x0417, 0x0418, 0x0419, 0x041A, 0x041B, 0x041C, 0x041D, 0x041E, 0x041F, 0x0420, 0x0421,
    0x0422, 0x0423, 0x0424, 0x0425, 0x0426, 0x0427, 0x0428, 0x0429, 0x042A, 0x042B, 0x042C, 0x042D,
    0x042E, 0x042F, 0x0430, 0x0431, 0x0432, 0x0433, 0x0434, 0x0435, 0x0436, 0x0437, 0x0438, 0x0439,
    0x043A, 0x043B, 0x043C, 0x043D, 0x043E, 0x043F, 0x0440, 0x0441, 0x0442, 0x0443, 0x0444, 0x0445,
    0x0446, 0x0447, 0x0448, 0x0449, 0x044A, 0x044B, 0x044C, 0x044D, 0x044E, 0x044F, 0x0450, 0x0451,
    0x0452, 0x0453, 0x0454, 0x0455, 0x0456, 0x0457, 0x0458, 0x0459, 0x045A, 0x045B, 0x045C, 0x045D,
    0x045E, 0x045F, 0x0460, 0x0461, 0x0462, 0x0464, 0x0465, 0x0466, 0x0468, 0x046A, 0x046C, 0x046E,
    0x046F, 0x0470, 0x0471, 0x0472, 0x0473, 0x0474, 0x0475, 0x0476, 0x0477, 0x0478, 0x0479, 0x047A,
    0x047B, 0x047C, 0x047D, 0x047E, 0x047F, 0x0480, 0x0481, 0x048A, 0x048B, 0x048C, 0x048E, 0x048F,
    0x0490, 0x0491, 0x0492, 0x0493, 0x0494, 0x0496, 0x0497, 0x0498, 0x0499, 0x049A, 0x049B, 0x049C,
    0x049D, 0x049E, 0x049F, 0x04A0, 0x04A1, 0x04A2, 0x04A3, 0x04A4, 0x04A6, 0x04AA, 0x04AB, 0x04AC,
    0x04AD, 0x04AE, 0x04AF, 0x04B0, 0x04B1, 0x04B2, 0x04B3, 0x04B4, 0x04B5, 0x04B6, 0x04B7, 0x04B8,
    0x04B9, 0x04BA, 0x04BB, 0x04BC, 0x04BD, 0x04BE, 0x04BF, 0x04C1, 0x04C2, 0x04C3, 0x04C5, 0x04C6,
    0x04C7, 0x04C9, 0x04CA, 0x04CC, 0x04CD, 0x04CE, 0x04D0, 0x04D1, 0x04D2, 0x04D3, 0x04D4, 0x04D5,
    0x04D6, 0x04D7, 0x04D8, 0x04D9, 0x04DA, 0x04DB, 0x04DC, 0x04DD, 0x04DE, 0x04DF, 0x04E0, 0x04E1,
    0x04E2, 0x04E3, 0x04E4, 0x04E5, 0x04E6, 0x04E7, 0x04E8, 0x04E9, 0x04EA, 0x04EB, 0x04EC, 0x04ED,
    0x04EE, 0x04EF, 0x04F0, 0x04F1, 0x04F2, 0x04F3, 0x04F4, 0x04F5, 0x04F6, 0x04F7, 0x04F8, 0x04F9,
    0x04FA, 0x04FB, 0x04FC, 0x04FD, 0x04FE, 0x04FF, 0x1EA0, 0x1EA1, 0x1EA2, 0x1EA3, 0x1EA4, 0x1EA5,
    0x1EA6, 0x1EA7, 0x1EA8, 0x1EA9, 0x1EAA, 0x1EAB, 0x1EAC, 0x1EAD, 0x1EAE, 0x1EAF, 0x1EB0, 0x1EB1,
    0x1EB2, 0x1EB3, 0x1EB4, 0x1EB5, 0x1EB6, 0x1EB7, 0x1EB8, 0x1EB9, 0x1EBA, 0x1EBB, 0x1EBC, 0x1EBD,
    0x1EBE, 0x1EBF, 0x1EC0, 0x1EC1, 0x1EC2, 0x1EC3, 0x1EC4, 0x1EC5, 0x1EC6, 0x1EC7, 0x1ECC, 0x1ECD,
    0x1ECE, 0x1ECF, 0x1ED0, 0x1ED1, 0x1ED2, 0x1ED3, 0x1ED4, 0x1ED5, 0x1ED6, 0x1ED7, 0x1ED8, 0x1ED9,
    0x1EDA, 0x1EDB, 0x1EDC, 0x1EDD, 0x1EDE, 0x1EDF, 0x1EE0, 0x1EE1, 0x1EE2, 0x1EE3, 0x1EE4, 0x1EE5,
    0x1EE6, 0x1EE7, 0x1EE8, 0x1EE9, 0x1EEA, 0x1EEB, 0x1EEC, 0x1EED, 0x1EEE, 0x1EEF, 0x1EF0, 0x1EF1,
    0x1EF2, 0x1EF3, 0x1EF4, 0x1EF5, 0x1EF6, 0x1EF7, 0x1EF8, 0x1EF9, 0x2013, 0x2014, 0x2015, 0x2018,
    0x2019, 0x201A, 0x201C, 0x201D, 0x201E, 0x2039, 0x207D, 0x208D, 0x2090, 0x2092, 0xFB00,
};

static const uint8_t notoserif_12_italicKernLeftClassIds[] = {
      1,   2,   1,   3,   4,   5,   6,   5,   7,   8,   9,  10,  11,  12,  13,  14,
     15,  16,  17,  10,  18,  10,  19,  20,  21,  22,  23,  24,  25,  26,   3,  27,
     28,  29,  30,  30,  31,  28,  32,  28,  28,  29,  29,  33,  34,  35,  36,  37,
     38,  39,   3,  40,  41,  42,  43,  43,  43,  43,  43,  43,  11,   9,  11,  11,
     11,  11,  10,  17,  10,  10,  10,  10,  10,  10,  22,  22,  22,  22,  26,  10,
     35,  28,  28,  28,  28,  28,  28,  30,  30,  30,  30,  30,  30,  29,  28,  29,
     29,  29,  29,  29,  29,  28,  28,  28,  28,  38,  29,  38,   7,  28,  43,  28,
     43,  28,   9,  30,   9,  30,   9,  30,   9,  30,  10,  44,  10,  11,  30,  11,
     30,  11,  30,  11,  30,  11,  30,  13,  13,  13,  13,  28,  28,  14,  14,  15,
     32,  32,  16,  16,  45,  44,  16,  17,  28,  17,  28,  17,  28,  28,  14,  28,
     10,  29,  10,  29,  10,  29,  11,  30,  19,  34,  19,  34,  19,  34,  20,  35,
     20,  35,  20,  35,  20,  35,  21,  21,  21,  22,  28,  22,  28,  22,  28,  22,
     28,  22,  28,  22,  28,  24,  37,  26,  38,  26,  39,  39,  39,  46,  47,  48,
     49,   7,  28,  11,  30,  10,  29,  20,  35,  21,  50,  50,  51,  52,  53,  54,
     55,  55,  56,  57,  57,  58,  59,  55,  60,  55,  61,  62,  63,  52,  64,  50,
     59,  63,  55,  55,  59,  55,  55,  55,  65,  55,  66,  53,  52,  60,  67,  68,
     64,  55,  55,  64,  57,  55,  57,  65,  65,  55,  69,  70,  71,  72,  73,  74,
     75,  71,  69,  69,  76,  69,  69,  69,  77,  78,  77,  79,  78,  80,  77,  76,
     81,  69,  69,  81,  82,  69,  82,  77,  77,  69,  74,  74,  83,  72,  79,  84,
     69,  85,  86,  82,  82,  78,  76,  69,  80,  69,  65,  87,  57,  53,  72,  61,
     61,  88,  88,  63,  72,  89,  90,  65,  71,  60,  90,  60,  90,  91,  80,  65,
     71,  65,  71,  65,  87,  53,  72,  64,  81,  57,  66,  71,  92,  93,  92,  93,
     58,  59,  79,  63,  72,  59,  79,  59,  79,  59,  79,  59,  79,  64,  81,  92,
     58,  53,  72,  92,  81,  89,  90,  89,  90,  68,  76,  64,  81,  64,  81,  55,
     69,  58,  82,  94,  74,  94,  74,  59,  79,  58,  64,  81,  56,  64,  81,  81,
     64,  81,  61,  81,  61,  81,  50,  74,  50,  74,  65,  71,  65,  71,  59,  79,
     63,  71,  63,  95,  55,  81,  55,  81,  65,  71,  65,  71,  65,  71,  65,  77,
     60,  80,  60,  80,  60,  80,  55,  69,  92,  93,  55,  69,  92,  93,  68,  76,
     68,  96,  43,  28,  43,  28,  43,  28,  43,  28,  43,  28,  43,  28,  43,  28,
     43,  28,  43,  28,  43,  28,  43,  28,  43,  28,  11,  30,  11,  30,  11,  30,
     11,  30,  11,  30,  11,  30,  11,  30,  11,  30,  10,  29,  10,  29,  10,  29,
     10,  29,  10,  29,  10,  29,  10,  97,  46,  47,  46,  47,  46,  47,  46,  47,
     46,  47,  22,  28,  22,  28,  48,  49,  48,  49,  48,  49,  48,  49,  48,  49,
     26,  38,  26,  38,  26,  38,  26,  38,   6,   6,   6,  98,  99,   5,  98,  99,
      5,  41, 100, 101, 102, 103,  31,
};

static const uint16_t notoserif_12_italicKernRightCodepoints[] = {
    0x0022, 0x0026, 0x0027, 0x0029, 0x002A, 0x002C, 0x002D, 0x002E, 0x003A, 0x003B, 0x003F, 0x0041,
    0x0042, 0x0043, 0x0044, 0x0045, 0x0046, 0x0047, 0x0048, 0x0049, 0x004A, 0x004B, 0x004C, 0x004D,
    0x004E, 0x004F, 0x0050, 0x0051, 0x0052, 0x0053, 0x0054, 0x0055, 0x0056, 0x0057, 0x0058, 0x0059,
    0x005A, 0x005C, 0x005D, 0x005F, 0x0061, 0x0062, 0x0063, 0x0064, 0x0065, 0x0067, 0x0068, 0x0069,
    0x006B, 0x006C, 0x006D, 0x006E, 0x006F, 0x0070, 0x0071, 0x0072, 0x0073, 0x0074, 0x0075, 0x0076,
    0x0077, 0x0078, 0x0079, 0x007A, 0x007D, 0x00A9, 0x00AE, 0x00BB, 0x00C0, 0x00C1, 0x00C2, 0x00C3,
    0x00C4, 0x00C5, 0x00C6, 0x00C7, 0x00C8, 0x00C9, 0x00CA, 0x00CB, 0x00CC, 0x00CD, 0x00CE, 0x00CF,
    0x00D0, 0x00D1, 0x00D2, 0x00D3, 0x00D4, 0x00D5, 0x00D6, 0x00D8, 0x00D9, 0x00DA, 0x00DB, 0x00DC,
    0x00DD, 0x00DE, 0x00E0, 0x00E1, 0x00E2, 0x00E3, 0x00E4, 0x00E5, 0x00E6, 0x00E7, 0x00E8, 0x00E9,
    0x00EA, 0x00EB, 0x00EC, 0x00ED, 0x00EE, 0x00EF, 0x00F0, 0x00F1, 0x00F2, 0x00F3, 0x00F4, 0x00F5,
    0x00F6, 0x00F8, 0x00F9, 0x00FA, 0x00FB, 0x00FC, 0x00FD, 0x00FE, 0x00FF, 0x0100, 0x0101, 0x0102,
    0x0103, 0x0104, 0x0105, 0x0106, 0x0107, 0x0108, 0x0109, 0x010A, 0x010B, 0x010C, 0x010D, 0x010E,
    0x010F, 0x0110, 0x0111, 0x0112, 0x0113, 0x0114, 0x0115, 0x0116, 0x0117, 0x0118, 0x0119, 0x011A,
    0x011B, 0x011C, 0x011D, 0x011E, 0x011F, 0x0120, 0x0121, 0x0122, 0x0123, 0x0124, 0x0125, 0x0126,
    0x0127, 0x0128, 0x0129, 0x012A, 0x012B, 0x012C, 0x012D, 0x012E, 0x012F, 0x0130, 0x0132, 0x0133,
    0x0134, 0x0136, 0x0137, 0x0138, 0x0139, 0x013A, 0x013B, 0x013C, 0x013D, 0x013E, 0x013F, 0x0140,
    0x0141, 0x0142, 0x0143, 0x0144, 0x0145, 0x0146, 0x0147, 0x0148, 0x0149, 0x014A, 0x014B, 0x014C,
    0x014D, 0x014E, 0x014F, 0x0150, 0x0151, 0x0152, 0x0153, 0x0154, 0x0155, 0x0156, 0x0157, 0x0158,
    0x0159, 0x015A, 0x015B, 0x015C, 0x015D, 0x015E, 0x015F, 0x0160, 0x0161, 0x0163, 0x0165, 0x0167,
    0x0168, 0x0169, 0x016A, 0x016B, 0x016C, 0x016D, 0x016E, 0x016F, 0x0170, 0x0171, 0x0172, 0x0173,
    0x0174, 0x0175, 0x0176, 0x0177, 0x0178, 0x0179, 0x017A, 0x017B, 0x017C, 0x017D, 0x017E, 0x01A0,
    0x01A1, 0x01AF, 0x01B0, 0x01FA, 0x01FB, 0x01FC, 0x01FD, 0x01FE, 0x01FF, 0x0218, 0x0219, 0x021B,
    0x021E, 0x0400, 0x0401, 0x0402, 0x0403, 0x0404, 0x0405, 0x0406, 0x0407, 0x0408, 0x0409, 0x040A,
    0x040B, 0x040C, 0x040D, 0x040E, 0x040F, 0x0410, 0x0411, 0x0412, 0x0413, 0x0414, 0x0415, 0x0416,
    0x0417, 0x0418, 0x0419, 0x041A, 0x041B, 0x041C, 0x041D, 0x041E, 0x041F, 0x0420, 0x0421, 0x0422,
    0x0423, 0x0424, 0x0425, 0x0426, 0x0427, 0x0428, 0x0429, 0x042A, 0x042B, 0x042C, 0x042D, 0x042E,
    0x042F, 0x0430, 0x0431, 0x0432, 0x0433, 0x0434, 0x0435, 0x0436, 0x0437, 0x0438, 0x0439, 0x043A,
    0x043B, 0x043C, 0x043D, 0x043E, 0x043F, 0x0440, 0x0441, 0x0442, 0x0443, 0x0444, 0x0445, 0x0446,
    0x0447, 0x0448, 0x0449, 0x044A, 0x044B, 0x044C, 0x044D, 0x044E, 0x044F, 0x0450, 0x0451, 0x0452,
    0x0453, 0x0454, 0x0455, 0x0456, 0x0457, 0x0458, 0x0459, 0x045A, 0x045B, 0x045C, 0x045D, 0x045E,
    0x045F, 0x0460, 0x0461, 0x0466, 0x046A, 0x046E, 0x0470, 0x0471, 0x0472, 0x0473, 0x0474, 0x0475,
    0x0476, 0x0477, 0x0478, 0x0479, 0x047A, 0x047B, 0x047C, 0x047D, 0x047E, 0x047F, 0x0480, 0x0481,
    0x048B, 0x048F, 0x0496, 0x0497, 0x0498, 0x0499, 0x049F, 0x04A0, 0x04A1, 0x04A8, 0x04A9, 0x04AA,
    0x04AB, 0x04AC, 0x04AE, 0x04AF, 0x04B0, 0x04B1, 0x04B2, 0x04B3, 0x04B4, 0x04B5, 0x04B6, 0x04B7,
    0x04B8, 0x04B9, 0x04C1, 0x04C2, 0x04C5, 0x04C6, 0x04CB, 0x04CC, 0x04CE, 0x04D0, 0x04D1, 0x04D2,
    0x04D3, 0x04D4, 0x04D5, 0x04D7, 0x04D9, 0x04DB, 0x04DC, 0x04DD, 0x04DE, 0x04DF, 0x04E0, 0x04E2,
    0x04E3, 0x04E4, 0x04E5, 0x04E6, 0x04E7, 0x04E8, 0x04E9, 0x04EA, 0x04EB, 0x04EC, 0x04ED, 0x04EE,
    0x04EF, 0x04F0, 0x04F1, 0x04F2, 0x04F3, 0x04F4, 0x04F5, 0x04F8, 0x04F9, 0x04FC, 0x04FD, 0x04FE,
    0x1EA0, 0x1EA1, 0x1EA2, 0x1EA3, 0x1EA4, 0x1EA5, 0x1EA6, 0x1EA7, 0x1EA8, 0x1EA9, 0x1EAA, 0x1EAB,
    0x1EAC, 0x1EAD, 0x1EAE, 0x1EAF, 0x1EB0, 0x1EB1, 0x1EB2, 0x1EB3, 0x1EB4, 0x1EB5, 0x1EB6, 0x1EB7,
    0x1EB8, 0x1EB9, 0x1EBA, 0x1EBB, 0x1EBC, 0x1EBD, 0x1EBE, 0x1EBF, 0x1EC0, 0x1EC1, 0x1EC2, 0x1EC3,
    0x1EC4, 0x1EC5, 0x1EC6, 0x1EC7, 0x1EC9, 0x1ECB, 0x1ECC, 0x1ECD, 0x1ECE, 0x1ECF, 0x1ED0, 0x1ED1,
    0x1ED2, 0x1ED3, 0x1ED4, 0x1ED5, 0x1ED6, 0x1ED7, 0x1ED8, 0x1ED9, 0x1EDA, 0x1EDB, 0x1EDC, 0x1EDD,
    0x1EDE, 0x1EDF, 0x1EE0, 0x1EE1, 0x1EE2, 0x1EE3, 0x1EE4, 0x1EE5, 0x1EE6, 0x1EE7, 0x1EE8, 0x1EE9,
    0x1EEA, 0x1EEB, 0x1EEC, 0x1EED, 0x1EEE, 0x1EEF, 0x1EF0, 0x1EF1, 0x1EF2, 0x1EF3, 0x1EF4, 0x1EF5,
    0x1EF6, 0x1EF7, 0x1EF8, 0x1EF9, 0x2013, 0x2014, 0x2015, 0x2018, 0x2019, 0x201A, 0x201C, 0x201D,
    0x201E, 0x2026, 0x203A, 0x207E, 0x208E,
};

static const uint8_t notoserif_12_italicKernRightClassIds[] = {
      1,   2,   1,   3,   4,   5,   6,   7,   8,   8,   9,  10,  11,  12,  11,  11,
     11,  12,  11,  11,  11,  11,  11,  11,  11,  12,  11,  12,  11,  13,  14,  15,
     16,  17,  18,  19,  20,  21,   3,  22,  23,  24,  25,  25,  25,  26,  24,  27,
     24,  28,  29,  29,  25,  29,  25,  29,  30,  31,  32,  33,  34,  35,  36,  37,
      3,  38,  38,  39,  10,  10,  10,  10,  10,  10,  40,  12,  11,  11,  11,  11,
     11,  11,  11,  11,  11,  11,  12,  12,  12,  12,  12,  12,  15,  15,  15,  15,
     19,  11,  23,  23,  23,  23,  23,  23,  23,  25,  25,  25,  25,  25,  27,  27,
     27,  27,  25,  29,  25,  25,  25,  25,  25,  25,  32,  32,  32,  32,  36,  24,
     36,  10,  23,  10,  23,  10,  23,  12,  25,  12,  25,  12,  25,  12,  25,  11,
     25,  11,  25,  11,  25,  11,  25,  11,  25,  11,  25,  11,  25,  12,  25,  12,
     25,  12,  25,  12,  25,  11,  24,  11,  24,  11,  27,  11,  27,  11,  27,  11,
     27,  11,  11,  27,  11,  11,  24,  29,  11,  28,  11,  28,  11,  28,  11,  28,
     11,  28,  11,  29,  11,  29,  11,  29,  41,  11,  29,  12,  25,  12,  25,  12,
     25,  12,  25,  11,  29,  11,  29,  11,  29,  13,  30,  13,  30,  13,  30,  13,
     30,  31,  31,  31,  15,  32,  15,  32,  15,  32,  15,  32,  15,  32,  15,  32,
     17,  34,  19,  36,  19,  20,  37,  20,  37,  20,  37,  12,  25,  15,  32,  10,
     23,  40,  23,  12,  25,  13,  30,  31,  11,  42,  42,  43,  42,  44,  45,  42,
     42,  46,  47,  42,  43,  42,  42,  48,  42,  49,  42,  42,  42,  50,  42,  51,
     52,  42,  42,  42,  47,  42,  42,  44,  42,  42,  44,  43,  48,  53,  54,  42,
     55,  42,  42,  43,  42,  42,  52,  42,  56,  57,  58,  57,  59,  60,  57,  61,
     62,  63,  63,  64,  65,  65,  64,  57,  64,  66,  57,  64,  67,  57,  68,  63,
     69,  63,  63,  70,  63,  63,  61,  64,  71,  57,  57,  72,  59,  57,  73,  74,
     75,  76,  65,  64,  72,  64,  63,  67,  63,  77,  78,  49,  79,  52,  80,  63,
     77,  81,  80,  82,  80,  82,  77,  81,  77,  81,  77,  81,  77,  78,  77,  81,
     63,  66,  51,  61,  52,  61,  72,  83,  70,  77,  81,  77,  81,  83,  80,  82,
     80,  82,  54,  68,  83,  70,  55,  69,  55,  69,  51,  61,  50,  65,  55,  69,
     84,  49,  81,  49,  81,  85,  81,  81,  81,  81,  51,  61,  52,  61,  52,  42,
     63,  42,  63,  77,  81,  77,  81,  77,  81,  52,  61,  48,  67,  48,  67,  48,
     67,  55,  69,  42,  63,  54,  68,  54,  10,  23,  10,  23,  10,  23,  10,  23,
     10,  23,  10,  23,  10,  23,  10,  23,  10,  23,  10,  23,  10,  23,  10,  23,
     11,  25,  11,  25,  11,  25,  11,  25,  11,  25,  11,  25,  11,  25,  11,  25,
     86,  86,  12,  25,  12,  25,  12,  25,  12,  25,  12,  25,  12,  25,  12,  25,
     12,  25,  12,  25,  12,  25,  12,  25,  12,  25,  15,  32,  15,  32,  15,  32,
     15,  32,  15,  32,  15,  32,  15,  32,  19,  36,  19,  36,  19,  36,  19,  36,
      6,   6,   6,  87,   4,  88,  87,   4,  88,  88,  39,  89,  90,
};

static const uint16_t notoserif_12_italicKernRowOffsets[] = {
        0,     8,    13,    23,    35,    56,    63,    81,    92,    93,   104,   107,   116,   121,   125,   132,
      141,   145,   151,   161,   170,   181,   187,   198,   210,   217,   231,   245,   252,   257,   260,   265,
      267,   269,   280,   284,   290,   296,   300,   305,   309,   314,   319,   337,   352,   355,   371,   382,
      401,   405,   412,   433,   459,   463,   472,   474,   482,   503,   534,   556,   587,   613,   635,   656,
      671,   691,   711,   737,   755,   773,   792,   807,   818,   830,   835,   845,   858,   877,   897,   906,
      926,   954,   969,   975,   982,  1001,  1004,  1005,  1008,  1010,  1011,  1014,  1023,  1031,  1035,  1037,
     1038,  1039,  1056,  1080,  1081,  1082,  1084,  1085,
};

static const uint8_t notoserif_12_italicKernSparseCols[] = {
      9,  25,  26,  39,  48,  49,  64,  84,  13,  14,  15,  16,  18,  43,  45,  46,
     47,  49,  52,  64,  68,  74,  75,   1,   4,   6,   9,  39,  47,  48,  49,  64,
     80,  84,  87,  11,  13,  14,  15,  16,  18,  32,  33,  35,  42,  43,  46,  47,
     49,  52,  54,  66,  68,  69,  76,  82,  42,  47,  48,  49,  53,  54,  67,   0,
      1,   3,  11,  13,  14,  15,  16,  18,  24,  25,  31,  32,  33,  35,  37,  40,
     86,   3,   9,  13,  15,  16,  17,  18,  19,  33,  35,  39,   1,   0,   4,   6,
      9,  13,  15,  16,  17,  18,  39,  87,  15,  16,  18,   1,   4,   6,   9,  22,
     24,  25,  39,  87,  13,  15,  16,  18,  39,   4,   6,   9,  87,   1,  11,  24,
     25,  31,  33,  35,   0,   3,  13,  14,  15,  16,  18,  32,  86,   1,   4,   6,
     87,   1,   4,   6,   9,  39,  87,   1,   3,  11,  13,  14,  15,  16,  18,  33,
     35,   9,  13,  15,  16,  17,  18,  33,  35,  39,   1,   4,   6,   9,  11,  22,
     24,  25,  39,  40,  87,   1,   4,   6,   9,  39,  87,   1,   4,   6,   9,  11,
     22,  24,  25,  29,  39,  87,   1,   4,   6,   9,  11,  22,  24,  25,  29,  34,
     39,  87,  11,  12,  24,  25,  33,  35,  37,   1,   4,   6,   9,  11,  12,  22,
     24,  25,  29,  34,  36,  39,  87,  42,  43,  45,  47,  49,  52,  54,  56,  57,
     59,  66,  68,  69,  75,   0,  13,  15,  16,  18,  35,  86,  13,  15,  16,  18,
     35,  15,  16,  18,   0,   2,   3,  20,  86,  24,  25,  16,  18,   3,   4,   6,
     15,  16,  17,  18,  22,  24,  25,  87,   0,  15,  16,  18,   4,   6,  15,  16,
     18,  87,   4,   6,  15,  16,  18,  87,   4,   6,  16,  87,   3,  15,  16,  18,
     86,  13,  14,  15,  18,  42,  47,  48,  52,  54,  13,  14,  15,  16,  18,   0,
      1,   3,  11,  13,  14,  15,  16,  18,  24,  25,  31,  32,  33,  35,  37,  40,
     86,   0,   2,   3,   8,  10,  13,  14,  15,  16,  17,  18,  19,  23,  27,  86,
      3,  13,  15,   4,   6,   9,  13,  15,  16,  18,  22,  24,  25,  29,  30,  33,
     34,  35,  87,   3,   4,   6,  26,  28,  30,  31,  33,  35,  85,  87,   4,   6,
      9,  11,  14,  15,  18,  22,  23,  24,  25,  28,  29,  30,  31,  33,  35,  36,
     87,   3,  26,  28,  85,  42,  47,  52,  64,  69,  70,  83,   0,   2,   3,   7,
     21,  42,  45,  47,  48,  49,  50,  52,  53,  54,  55,  64,  66,  67,  68,  82,
     86,   3,   4,   5,   6,   7,  21,  38,  43,  44,  46,  48,  49,  52,  55,  56,
     58,  59,  62,  64,  66,  68,  70,  72,  73,  74,  87,  47,  52,  64,  67,  42,
     47,  48,  49,  52,  53,  54,  78,  82,  52,  64,  46,  48,  49,  52,  62,  64,
     73,  74,   0,   2,   3,   7,  21,  42,  45,  47,  48,  49,  50,  52,  53,  54,
     55,  64,  66,  67,  68,  82,  86,   0,   2,   3,   5,   7,  38,  42,  43,  44,
     45,  47,  51,  52,  54,  56,  58,  59,  61,  62,  64,  66,  68,  73,  74,  75,
     76,  77,  79,  81,  82,  86,   5,  38,  43,  44,  46,  49,  51,  52,  54,  56,
     57,  59,  62,  66,  68,  69,  73,  74,  76,  80,  83,  86,   2,   3,   4,   5,
      6,   7,  20,  21,  38,  43,  44,  46,  48,  49,  52,  55,  56,  58,  59,  60,
     61,  62,  63,  64,  67,  70,  72,  73,  74,  80,  87,   0,   3,   5,  38,  42,
     43,  44,  47,  51,  52,  54,  56,  57,  59,  62,  64,  66,  68,  69,  72,  73,
     74,  76,  82,  83,  86,   3,   7,  21,  42,  44,  45,  47,  48,  49,  50,  52,
     53,  54,  55,  64,  65,  66,  67,  68,  69,  70,  86,   3,   7,  21,  42,  44,
     47,  48,  49,  50,  52,  53,  54,  64,  67,  69,  70,  78,  82,  83,  84,  86,
      2,  21,  43,  45,  52,  56,  58,  59,  61,  62,  64,  69,  70,  73,  75,   2,
      4,   6,   7,  21,  42,  45,  46,  47,  48,  49,  50,  53,  54,  55,  64,  67,
     78,  82,  87,   2,   4,   6,   7,  21,  38,  46,  47,  48,  49,  50,  51,  53,
     54,  55,  64,  66,  67,  70,  87,   2,   3,   4,   6,   7,  21,  38,  41,  42,
     44,  45,  46,  47,  48,  49,  50,  51,  53,  54,  55,  64,  67,  70,  78,  86,
     87,   5,  38,  43,  44,  52,  54,  56,  58,  59,  62,  64,  66,  68,  69,  73,
     74,  76,  83,   4,   6,  41,  42,  46,  47,  48,  49,  50,  53,  54,  55,  60,
     64,  67,  68,  69,  87,   4,   6,  21,  42,  47,  48,  50,  53,  54,  60,  61,
     64,  66,  67,  68,  69,  70,  75,  87,   3,   4,   6,  42,  47,  54,  62,  64,
     66,  67,  68,  73,  74,  82,  87,   3,   4,   6,  42,  47,  54,  64,  67,  70,
     82,  87,   4,   6,  21,  47,  48,  50,  53,  54,  64,  67,  70,  87,  42,  47,
     54,  64,  67,  42,  47,  54,  55,  56,  59,  64,  66,  67,  80,   5,  42,  43,
     46,  47,  49,  51,  52,  54,  56,  57,  58,  59,   4,   6,  21,  42,  47,  48,
     50,  53,  54,  60,  61,  64,  66,  67,  68,  69,  70,  75,  87,   3,   4,   6,
     41,  42,  46,  47,  48,  49,  50,  53,  54,  55,  60,  64,  66,  67,  68,  86,
     87,  42,  47,  54,  55,  56,  59,  64,  67,  80,   2,   4,   6,  21,  42,  46,
     47,  48,  49,  50,  51,  53,  54,  58,  60,  61,  64,  67,  70,  87,   2,   3,
      4,   6,  21,  38,  41,  42,  45,  46,  47,  48,  49,  50,  52,  53,  54,  55,
     60,  64,  67,  68,  69,  70,  72,  75,  86,  87,   0,   3,  42,  46,  47,  52,
     54,  62,  66,  68,  69,  70,  73,  74,  86,  42,  47,  54,  64,  68,  86,   4,
      6,  42,  47,  54,  67,  87,   4,   6,  41,  42,  46,  47,  48,  49,  50,  53,
     54,  55,  60,  64,  67,  68,  69,  71,  87,  54,  64,  70,  64,  54,  69,  83,
     49,  64,  64,   4,   6,  87,   4,   6,  43,  48,  49,  64,  76,  80,  87,   3,
      4,   6,  48,  49,  64,  80,  87,  47,  49,  64,  78,   3,  86,  80,  35,   9,
     26,  35,  39,  46,  48,  49,  62,  64,  66,  68,  71,  73,  74,  75,  80,  84,
      9,  22,  24,  25,  29,  39,  46,  47,  48,  49,  56,  59,  62,  63,  64,  65,
     66,  68,  69,  71,  73,  74,  75,  84,  88,  89,   0,  35,  35,
};

static const int8_t notoserif_12_italicKernSparseValues[] = {
     -32,  -16,    8,  -48,  -32,  -32,  -24,  -48,  -16,   -4,  -20,  -16,  -18,   -8,   12,   -8,
       8,    4,   -8,   -8,   -4,   12,   16,   -8,  -48,  -48,  -20,  -32,   -8,  -20,  -28,  -20,
     -20,  -32,  -48,   -8,  -28,   -4,  -36,  -32,  -28,  -20,   -8,   -8,  -24,   -8,    4,   -8,
       8,  -12,  -52,   -8,  -28,  -28,   -8,  -28,  -16,   -8,   -4,   -4,   -4,  -16,   -8,  -32,
      -8,  -28,   -8,  -24,   -8,  -32,  -28,  -28,   -8,   -8,   -8,  -24,  -12,  -20,  -20,  -20,
     -36,   -8,   -8,   -8,  -16,  -12,   -8,  -16,   -8,   -4,   -8,  -12,   -8,  -12,   -8,  -16,
      -8,   -8,   -8,   -8,   -8,  -12,  -20,   -8,   -8,   -8,   -8,  -16,  -32,  -32,  -28,  -16,
     -16,  -16,  -44,  -32,   -8,   -8,   -8,   -8,   -8,   -8,   -8,   -8,   -8,   -8,   -8,   -8,
      -8,   -8,  -12,  -12,  -24,  -32,  -28,   -8,  -32,  -20,  -24,  -12,  -36,   -8,   -8,   -8,
      -8,   -8,  -48,  -48,  -20,  -32,  -48,   -8,   -8,   -8,   -8,   -4,  -12,  -12,  -12,   -8,
      -8,   -8,   -8,   -8,   -8,   -8,   -8,   -4,   -8,   -8,   -8,  -36,  -36,  -24,   -8,  -12,
     -12,  -12,  -32,   20,  -36,   -8,   -8,   -8,   -8,   -8,   -8,  -12,  -44,  -44,  -32,   -8,
     -24,  -24,  -24,  -16,  -52,  -44,  -12,  -36,  -36,  -24,   -8,  -20,  -24,  -24,  -12,   -8,
     -52,  -36,   -8,   -4,   -4,   -4,  -12,  -20,  -16,  -12,  -32,  -32,  -28,  -12,   -8,  -24,
     -28,  -28,  -24,   -4,   -4,  -36,  -32,  -16,   -8,   24,  -12,   20,  -16,  -44,   -8,   -8,
      -8,   16,  -32,   -8,   24,  -16,   -8,  -20,  -16,  -20,   -8,  -16,  -12,  -24,  -24,  -28,
      -8,  -20,  -20,  -28,   32,   36,   32,   40,   24,   -8,   -8,  -16,   -8,   12,  -68,  -68,
     -12,  -16,  -20,  -12,   -8,   -8,   -8,  -68,   -8,  -12,  -12,  -20,  -20,  -28,  -12,   -8,
     -12,  -28,  -28,  -28,   -8,   -8,  -12,  -28,  -36,  -36,   -8,  -36,   -8,  -16,  -12,  -12,
      -8,   -8,   -4,  -20,  -24,  -20,  -16,   -8,   -4,  -16,  -12,   -4,  -20,  -20,  -20,  -32,
      -8,  -28,   -8,  -24,   -8,  -32,  -28,  -28,   -8,   -8,   -8,  -20,  -12,  -20,  -20,  -20,
     -36,   12,   28,   16,   12,   20,   28,   28,   36,   28,   28,   40,   32,   36,   36,   12,
     -12,  -12,  -20,  -12,  -12,  -16,    8,    8,    8,    8,   -8,   -8,   -8,   -8,   -8,   -8,
      -8,   -8,  -12,    8,   -4,   -4,    4,    8,   12,    8,   12,   12,    4,   -4,  -12,  -12,
     -24,   -8,    4,   12,   12,  -20,    4,  -24,  -24,  -12,  -24,   -8,  -12,   -8,   -8,  -12,
     -12,    8,    4,    8,    4,   -8,   -8,   -6,   -8,   -8,   -8,   -8,  -68,   -8,  -32,   -4,
      -4,  -32,   -6,  -96,   -4,   -4,   -4,   -8,   -8,  -24,   -4,   -6,   -4,   -4,  -12,  -28,
     -60,   12,  -24,  -16,  -24,  -12,  -16,  -20,   -8,   -4,  -12,  -24,  -16,  -10,   -6,  -12,
      -4,  -12,    8,  -24,   16,    4,  -12,   -6,    8,    8,  -24,   -4,   -4,   -4,   -4,   -4,
      -4,   -4,   -4,  -10,   -4,  -12,   -8,   -8,   -4,   -8,   -8,   -8,   -6,   -8,   12,   -8,
      12,   12,  -40,   -8,  -20,   -4,   -4,  -32,   -6,  -48,   -4,   -4,   -4,   -8,   -8,  -24,
      -4,   -6,   -4,   -4,  -12,  -16,  -36,  -48,  -16,  -28,   -8,   -8,  -20,  -36,  -24,  -16,
     -12,  -56,  -16,  -32,  -52,   -8,   -4,   -8,   -4,   -8,   -8,  -16,  -20,   -8,   -8,   -8,
      -4,   -8,  -20,  -12,  -28,  -40,   -8,  -12,  -12,   -4,    4,    8,   -4,  -20,   -8,   -8,
      -4,   -8,   -4,   -4,  -12,  -12,   -4,   -2,   -4,   -8,  -12,   -8,    4,   16,  -44,   -8,
     -44,   -8,    8,  -32,  -16,  -20,   -4,  -24,  -52,  -32,  -24,  -16,  -20,  -12,  -32,  -16,
      -4,   -4,   -8,  -48,   -4,   -8,  -12,   -4,   12,  -16,  -44,  -32,  -28,   -4,   -8,  -24,
     -12,   -4,  -32,   -4,  -20,  -48,  -12,   -8,  -12,   -8,   -4,  -24,  -28,  -16,   -4,   -8,
      -8,   -8,  -24,  -16,  -36,   -4,   -8,   -4,  -10,   -4,  -12,  -12,   -4,   -8,   -4,   -8,
      -4,  -16,   -4,   -8,   -4,   -6,  -10,   -8,   -4,   -8,   -8,   -4,   -8,   -4,  -14,   -4,
     -20,   -4,   -6,   -6,   -4,   -4,  -20,   -8,   -4,   -8,   -4,   -8,   -8,   -8,  -12,   -8,
       4,   12,   -4,    8,   -8,   -6,   -4,   -6,   -4,   -4,   -8,   -4,   -4,   -4,    4,   -8,
      -8,   -8,   -8,   -8,   -8,   -6,   -6,  -30,   -8,  -14,   -8,   -8,   -4,   -4,  -16,   -4,
      -8,   -8,   -8,   -8,  -48,  -48,   -8,  -16,   -4,  -20,   -8,  -20,  -28,  -16,   -6,  -16,
     -10,   -4,  -20,   12,   -4,   -4,  -48,   -8,   -4,  -12,  -12,  -12,  -16,   -4,   -4,  -16,
      -8,   -8,  -12,  -36,  -12,  -20,  -16,   -8,  -16,  -12,  -12,  -16,   -8,   -2,   -8,  -12,
     -12,   -8,   -8,   -8,   -4,  -16,   -8,   -6,   -4,   -6,   -2,   -4,   -4,   -6,  -16,   -2,
       8,   -8,  -12,   12,   12,    8,   -8,   20,  -16,   18,   16,   24,   16,  -20,   20,    4,
      12,    6,   -4,   -6,   12,   -8,   -8,   -8,  -16,  -40,   -8,   -4,   -6,  -14,   -4,   -4,
      -8,   -6,  -14,   -6,   -2,   -4,   -4,   -8,   -4,   -4,   -4,  -12,  -28,  -20,   -6,   -6,
      -4,   -6,   -6,   -6,   -6,   -8,   -4,    8,   -8,   -8,   -4,  -20,   -8,  -12,   -4,   -4,
      -8,   -8,   -8,   -8,   -8,  -20,   -8,   -4,   -4,   -6,  -12,   -6,   -6,   -8,   -4,  -16,
      -8,   -4,   -4,   -4,  -16,   -6,    2,   -4,   -4,   -4,    4,   -2,   -8,  -12,   -6,   -4,
       4,  -20,    4,   -4,   -4,  -20,   -8,   -2,   -4,   -8,   -8,   -8,   -8,  -16,  -28,   -8,
      -4,   -6,  -14,   -4,   -4,   -8,   -6,  -14,   -6,   -2,   -4,   -4,   -8,   12,    8,    8,
      10,  -16,   20,  -12,   18,   18,   24,   18,  -24,   20,    4,   12,   -4,    6,   -8,  -12,
       8,   -4,  -16,   -6,    2,   -4,   -4,   -4,   -2,   -8,   -4,   -8,   -8,   -8,   -4,   -6,
     -12,   -8,   -8,   -4,   -8,   -4,  -12,   -4,   -8,   -4,  -28,  -14,   -4,   -8,   16,   -8,
       8,    8,   32,    6,   12,   -8,   12,   22,   -6,   22,   22,   28,   -4,   24,  -20,   26,
       8,   16,   10,   -4,   -6,    6,    4,   12,   -8,    8,  -28,  -24,  -28,    4,  -28,   -4,
     -44,   -4,  -14,  -18,  -20,   -4,   -4,   -4,  -24,   -8,  -40,  -22,  -12,   -4,   -8,   -8,
      -8,   -8,  -20,  -20,   -6,   -8,   12,   12,    8,  -10,   20,  -10,   18,   16,   24,   16,
     -20,   20,    4,   12,    6,   -4,   -6,    4,   12,   -8,  -20,   -8,  -16,   -8,  -12,  -12,
     -24,  -28,  -28,  -36,  -36,  -36,  -28,  -28,   -8,  -24,  -24,  -24,   -8,   -8,  -28,   12,
     -28,  -28,  -24,  -16,  -24,  -16,  -28,   -8,  -20,  -16,   -8,   -8,   -8,   -8,   -8,  -28,
       4,    8,  -56,  -12,  -28,  -24,    8,  -12,   28,   16,   12,   20,   20,   12,  -16,  -56,
     -36,   -4,   -4,   -4,  -20,  -56,  -16,    8,  -28,  -24,   -4,   -4,   16,   16,   -8,   16,
      20,   24,   20,   20,   16,   16,    8,  -56,   26,   28,  -12,   -6,   -6,
};

static const EpdLigaturePair notoserif_12_italicLigaturePairs[] = {
    { 0x00660066, 0xFB00 }, // f f -> U+FB00
    { 0x00660069, 0xFB01 }, // f i -> U+FB01
    { 0x0066006C, 0xFB02 }, // f l -> U+FB02
    { 0xFB000069, 0xFB03 }, // U+FB00 i -> U+FB03
    { 0xFB00006C, 0xFB04 }, // U+FB00 l -> U+FB04
};

static const EpdFontData notoserif_12_italic = {
    notoserif_12_italicBitmaps,
    notoserif_12_italicGlyphs,
    notoserif_12_italicIntervals,
    18,
    34,
    27,
    -8,
    true,
    notoserif_12_italicGroups,
    13,
    nullptr,
    nullptr,  // kernLeftClasses: built-in fonts use the split arrays below
    nullptr,  // kernRightClasses
    notoserif_12_italicKernLeftCodepoints,
    notoserif_12_italicKernLeftClassIds,
    notoserif_12_italicKernRightCodepoints,
    notoserif_12_italicKernRightClassIds,
    nullptr,  // kernMatrix: built-in fonts use the sparse form below
    notoserif_12_italicKernRowOffsets,
    notoserif_12_italicKernSparseCols,
    notoserif_12_italicKernSparseValues,
    551,
    557,
    103,
    90,
    notoserif_12_italicLigaturePairs,
    5,
};
