/**
 * generated by fontconvert.py
 * name: notoserif_12_bold
 * size: 12
 * mode: 2-bit  compressed: true
 * Command used: fontconvert.py notoserif_12_bold 12 ../builtinFonts/source/NotoSerif/NotoSerif-Bold.ttf --2bit --compress --pnum --force-autohint --zopfli
 */
#pragma once
#include "EpdFontData.h"

static const uint8_t notoserif_12_boldBitmaps[27085] = {
    0x9D, 0x96, 0x31, 0x90, 0xDE, 0xC6, 0x75, 0xC7, 0x7F, 0xC0, 0xD2, 0x82, 0x47, 0xA0, 0xB9, 0x2E,
    0x5C, 0x38, 0xE1, 0xF0, 0xE0, 0x22, 0x4D, 0x92, 0xB3, 0xD0, 0xDE, 0x4C, 0x3E, 0x72, 0x11, 0xB1,
    0x4C, 0x66, 0xA2, 0x46, 0x93, 0x2A, 0x51, 0x5F, 0x64, 0x8E, 0x05, 0x0B, 0x16, 0x3C, 0x03, 0x56,
    0x0A, 0x15, 0x2E, 0x7C, 0x7D, 0x8A, 0xA8, 0xF4, 0x1C, 0x8B, 0xE3, 0x4C, 0x58, 0xA8, 0x38, 0x71,
    0x57, 0x61, 0x91, 0x22, 0x85, 0x30, 0x4E, 0xA1, 0x2E, 0xC2, 0x78, 0x1C, 0x8F, 0x46, 0x8C, 0xC5,
    0x1D, 0x07, 0x4E, 0xE0, 0xE3, 0x62, 0x5F, 0x76, 0xBF, 0xE3, 0x49, 0x34, 0xE7, 0x64, 0x72, 0x84,
    0xDD, 0xFF, 0xEF, 0xDB, 0xFD, 0xF6, 0xBD, 0xB7, 0x0F, 0x00, 0x1E, 0x06, 0xC6, 0xA5, 0x36, 0x98,
    0xA1, 0x1D, 0xDA, 0xAE, 0xE9, 0x1A, 0x1A, 0xF4, 0xB6, 0x01, 0x34, 0x5D, 0x5E, 0x6D, 0xBA, 0xFE,
    0xA7, 0xDE, 0xFC, 0x95, 0x37, 0xD5, 0x64, 0xAA, 0xB1, 0x55, 0xE3, 0x8E, 0x72, 0xA9, 0xB3, 0xB7,
    0x0B, 0xB7, 0x37, 0x70, 0x7F, 0x0F, 0xFC, 0x1D, 0x8C, 0x88, 0xFB, 0xB3, 0xD3, 0xD3, 0xA1, 0x18,
    0x3D, 0x65, 0x96, 0x9B, 0x50, 0x1F, 0x65, 0x8D, 0xDC, 0x7B, 0xFC, 0x39, 0x22, 0x42, 0xAD, 0x5C,
    0xD2, 0x80, 0xAE, 0x3A, 0xAE, 0xD4, 0x70, 0x4D, 0x03, 0x97, 0x73, 0x2F, 0x64, 0xAA, 0xBF, 0x08,
    0xED, 0xE5, 0x0F, 0xCD, 0xE5, 0xBB, 0xE6, 0xF2, 0x77, 0xCD, 0x7F, 0xD3, 0xAC, 0xD4, 0x32, 0x16,
    0xB2, 0xE4, 0xD1, 0x77, 0x64, 0x73, 0xB9, 0xBF, 0x7B, 0xD9, 0x1C, 0x5C, 0xBE, 0x61, 0xFE, 0x3A,
    0xD4, 0x32, 0xF1, 0x77, 0xCF, 0x1C, 0xB9, 0x44, 0xBD, 0xB0, 0x03, 0xC6, 0xB2, 0x81, 0x0F, 0x9B,
    0xEE, 0x0E, 0x04, 0xED, 0x7C, 0x66, 0xDA, 0x3E, 0xF1, 0x91, 0xCB, 0xFC, 0xB7, 0x77, 0xDF, 0xE7,
    0x44, 0xFF, 0xB4, 0x5D, 0xF9, 0x51, 0xFB, 0xF7, 0x37, 0x5A, 0xDA, 0xB8, 0x7B, 0xA2, 0x87, 0xF2,
    0xFD, 0xBD, 0x64, 0x0C, 0xF7, 0xB7, 0xF4, 0x99, 0xE5, 0x98, 0xA9, 0x5C, 0x5A, 0xA5, 0xEE, 0x0E,
    0x9A, 0x0E, 0x9D, 0x83, 0xF3, 0xC3, 0xBC, 0x11, 0x76, 0x02, 0x15, 0x57, 0xA8, 0x67, 0x03, 0xDA,
    0x9F, 0xA3, 0x9A, 0xAF, 0x83, 0x0A, 0x33, 0x20, 0x83, 0xF1, 0x95, 0x38, 0xF3, 0x7E, 0xFB, 0xA9,
    0xBF, 0x4E, 0x7F, 0x33, 0xDC, 0x45, 0x0A, 0x09, 0x08, 0xFD, 0x9C, 0xD0, 0x66, 0xE8, 0x95, 0xDE,
    0xB5, 0x42, 0x73, 0xBA, 0xD8, 0x5F, 0x96, 0x72, 0xD8, 0x2E, 0xFD, 0x60, 0x3A, 0x83, 0xA1, 0x65,
    0x27, 0x35, 0x0A, 0x1A, 0x56, 0xE5, 0xF5, 0xD8, 0x38, 0x33, 0xF4, 0x9D, 0x45, 0x9E, 0x6B, 0x96,
    0xBE, 0x33, 0x43, 0xE3, 0xEA, 0x49, 0xCD, 0x7C, 0x48, 0x43, 0xD1, 0x71, 0x07, 0x83, 0x76, 0x95,
    0x57, 0x4B, 0x19, 0x8A, 0x95, 0x48, 0xFC, 0xD2, 0x3C, 0xB2, 0x16, 0xA1, 0x0C, 0x6A, 0xAE, 0xBC,
    0x76, 0x86, 0x0F, 0x00, 0x6E, 0x70, 0xE9, 0xFA, 0xA5, 0x9D, 0xDD, 0x8D, 0xF9, 0xF5, 0xFA, 0x9A,
    0xFC, 0x32, 0xF5, 0x34, 0x48, 0x53, 0xAE, 0x5F, 0x4A, 0x4B, 0xF8, 0xAF, 0xFA, 0xD1, 0xE9, 0xCF,
    0x44, 0x02, 0x9E, 0xE7, 0x7B, 0x83, 0x19, 0x8C, 0xD3, 0x4E, 0x0D, 0x35, 0x07, 0xBC, 0x85, 0x84,
    0xDC, 0x0E, 0x44, 0x0E, 0xD8, 0x65, 0xC3, 0x1E, 0xB7, 0xB9, 0x8F, 0x67, 0x2A, 0xC6, 0xD2, 0xA9,
    0x64, 0x55, 0x75, 0x35, 0x9A, 0x2B, 0x5C, 0xCB, 0xCB, 0xA9, 0xDD, 0xE1, 0x01, 0x3E, 0xF9, 0x95,
    0x32, 0xE8, 0xC7, 0xBE, 0x7D, 0x77, 0x31, 0x7F, 0x19, 0x7A, 0x56, 0x4B, 0x14, 0xE4, 0x85, 0x6E,
    0x89, 0x69, 0x29, 0x19, 0x24, 0xB3, 0x64, 0x5C, 0x4A, 0x47, 0xEB, 0x10, 0x57, 0x8B, 0xEB, 0x8D,
    0xBB, 0x6E, 0x1C, 0x2F, 0xEB, 0xDF, 0xB2, 0xFF, 0xA5, 0x45, 0x6A, 0xE9, 0xCC, 0xB1, 0x8F, 0xD5,
    0x12, 0x54, 0x48, 0xFD, 0xFB, 0x2A, 0x50, 0x2D, 0xD4, 0x1E, 0x3D, 0x62, 0x3A, 0x3E, 0xA4, 0x9C,
    0xA9, 0xC6, 0x6F, 0x35, 0x9D, 0xDE, 0xD0, 0xCA, 0xF9, 0x51, 0xC9, 0xA1, 0xF9, 0xA7, 0x10, 0x8B,
    0x18, 0x90, 0xBB, 0x08, 0x44, 0xCA, 0x40, 0x3D, 0x29, 0x19, 0x8A, 0x77, 0x16, 0xD4, 0x0A, 0x02,
    0x72, 0x0B, 0x99, 0x89, 0xA1, 0x0C, 0xFD, 0x3F, 0xCF, 0x57, 0xA5, 0x43, 0x05, 0xA8, 0x93, 0x9A,
    0xA4, 0xBF, 0x48, 0xFA, 0x97, 0xA4, 0xFF, 0x08, 0x94, 0x8F, 0x02, 0xD5, 0xCD, 0x80, 0x4E, 0xEB,
    0xBB, 0x49, 0x7B, 0x49, 0xF7, 0x93, 0x44, 0xC4, 0xBD, 0xFD, 0xB7, 0xEB, 0x99, 0x5F, 0xD6, 0xBE,
    0x74, 0x88, 0xB8, 0x46, 0x42, 0xBB, 0xED, 0x1B, 0xD2, 0xBD, 0xF9, 0xF6, 0x1E, 0xA4, 0x6E, 0x64,
    0xF8, 0xD3, 0x77, 0xE6, 0xBC, 0x75, 0x11, 0x41, 0x40, 0x7E, 0x80, 0xF8, 0x22, 0x2E, 0x2A, 0xF4,
    0xFB, 0xBE, 0x8E, 0x1D, 0x76, 0xAA, 0xFE, 0x2F, 0x68, 0xB7, 0x9A, 0xE1, 0xC4, 0x74, 0x6F, 0xD9,
    0x33, 0xA3, 0x7E, 0x92, 0x4F, 0x82, 0x14, 0xF1, 0xFC, 0xAA, 0x4A, 0x8F, 0x98, 0x2E, 0xB6, 0x1F,
    0x85, 0xFA, 0xF1, 0x5C, 0xC8, 0x20, 0xCF, 0x8E, 0xE8, 0x39, 0x99, 0x58, 0xBA, 0x62, 0x46, 0x79,
    0xAA, 0x09, 0xED, 0x68, 0x06, 0xDA, 0x0E, 0x03, 0x0F, 0x21, 0x50, 0x2C, 0xA8, 0x99, 0xCA, 0xA3,
    0x27, 0x5E, 0x93, 0x43, 0xDA, 0x5F, 0x05, 0xFA, 0xEE, 0x21, 0x82, 0x39, 0x53, 0x67, 0xE8, 0xDD,
    0x09, 0xCD, 0xA9, 0xA7, 0x94, 0x91, 0x4A, 0x02, 0xED, 0x7B, 0x82, 0x45, 0x06, 0x49, 0x2B, 0x82,
    0xD9, 0xAA, 0x1F, 0x6C, 0xD7, 0xFE, 0x6A, 0xA5, 0x94, 0x89, 0x32, 0x76, 0xCD, 0xE3, 0xC9, 0xBC,
    0xB9, 0xD8, 0x22, 0x08, 0xE7, 0x49, 0x76, 0x62, 0x1E, 0x49, 0xB3, 0x0A, 0x6F, 0x09, 0x44, 0x58,
    0x29, 0xC2, 0x5E, 0xB9, 0x6C, 0x94, 0x37, 0xC7, 0xAE, 0x8E, 0x6C, 0x9F, 0x38, 0x80, 0xED, 0xE8,
    0xFC, 0x7D, 0xC5, 0x73, 0xC7, 0x8B, 0x4F, 0x2A, 0x5C, 0x82, 0xBB, 0x54, 0x0B, 0xED, 0x50, 0x06,
    0x9A, 0x91, 0x15, 0x1E, 0x82, 0x9E, 0x28, 0x56, 0xF2, 0xBC, 0x0C, 0xB0, 0x0B, 0x88, 0x84, 0xA3,
    0xA3, 0x9F, 0x71, 0x7E, 0xA4, 0xB1, 0x48, 0xE8, 0x60, 0x06, 0xDB, 0x51, 0x4F, 0x10, 0xB7, 0xF6,
    0x45, 0xA0, 0x4C, 0xD1, 0x5C, 0xB1, 0xE6, 0x59, 0x84, 0x09, 0x80, 0xAB, 0xB1, 0xEB, 0x9F, 0x4C,
    0x52, 0xCD, 0x51, 0x85, 0x3F, 0x52, 0x81, 0xB3, 0xC7, 0x4D, 0x7B, 0xCC, 0xC0, 0x7A, 0x5E, 0x49,
    0x00, 0x14, 0x33, 0xDB, 0xF5, 0x3C, 0x80, 0xE3, 0x15, 0xA8, 0x4F, 0xED, 0x94, 0xD3, 0x2A, 0x16,
    0xCA, 0x19, 0x6E, 0x50, 0xBB, 0xF6, 0x13, 0x8D, 0x2E, 0xA2, 0xD4, 0xDD, 0x8D, 0xCA, 0xDF, 0x50,
    0xC3, 0x46, 0xBB, 0x1B, 0xCA, 0x7D, 0xD0, 0x0C, 0x07, 0xCA, 0xCD, 0x6D, 0x77, 0x92, 0x68, 0x08,
    0x6A, 0xF0, 0x89, 0x55, 0x97, 0x59, 0xE3, 0x4D, 0x19, 0xAE, 0x30, 0x37, 0xEF, 0x1D, 0xDC, 0xE5,
    0x4E, 0xB5, 0x36, 0x9E, 0x0D, 0x5D, 0x01, 0x2D, 0x40, 0x8A, 0x49, 0x2E, 0xC1, 0xDF, 0x71, 0x75,
    0x84, 0x5E, 0x56, 0xA0, 0x38, 0xEA, 0x00, 0x24, 0x0F, 0x33, 0x94, 0x0C, 0x09, 0xD6, 0x41, 0xFD,
    0x4E, 0x82, 0xD6, 0x13, 0xEC, 0x68, 0x0F, 0x3F, 0xAC, 0x67, 0xD8, 0xA8, 0x05, 0x3E, 0x50, 0x01,
    0x4E, 0xEF, 0xAD, 0x14, 0x22, 0x91, 0x72, 0x42, 0x50, 0x0E, 0xDB, 0xA5, 0xE8, 0x66, 0xD0, 0x03,
    0xC6, 0xD9, 0xCF, 0x4A, 0x59, 0x24, 0x28, 0x09, 0x56, 0x62, 0xB7, 0x1F, 0xED, 0xA4, 0x42, 0xB5,
    0xA8, 0xF0, 0x7C, 0xAB, 0x66, 0x15, 0xED, 0xA8, 0x44, 0xC6, 0xB3, 0xB5, 0x62, 0x55, 0x81, 0x98,
    0x24, 0x59, 0x67, 0xE3, 0x32, 0xEC, 0xC7, 0xE3, 0x39, 0xC7, 0xA0, 0x8D, 0x5D, 0x19, 0xAD, 0xAF,
    0x27, 0x3D, 0xB7, 0xAE, 0x9A, 0x4D, 0xA7, 0xC6, 0x1E, 0xB0, 0x80, 0x5C, 0xA0, 0xBC, 0x66, 0x06,
    0x68, 0x1D, 0xDF, 0xD3, 0x9E, 0x07, 0xA5, 0x1C, 0x4F, 0x39, 0xC6, 0x36, 0x56, 0x0A, 0xBA, 0x90,
    0x76, 0x94, 0x04, 0xFA, 0x21, 0xA1, 0x75, 0x09, 0xCD, 0x98, 0xA0, 0xA7, 0x0C, 0xFF, 0xFB, 0x98,
    0xF2, 0x6A, 0x46, 0x9B, 0x4D, 0x4C, 0x36, 0xB6, 0x5D, 0x4A, 0x6F, 0x25, 0xE7, 0xC7, 0x36, 0x68,
    0x2F, 0xB2, 0xB4, 0xF1, 0x68, 0x49, 0x6B, 0x77, 0x9E, 0xD5, 0xF9, 0x9F, 0x24, 0xB1, 0x55, 0x3C,
    0x1A, 0x94, 0x48, 0xF6, 0xE3, 0x05, 0x7D, 0x27, 0x69, 0x27, 0xE9, 0x8D, 0xAB, 0xEB, 0xDB, 0x0F,
    0x7B, 0x91, 0x28, 0x22, 0xDE, 0x9E, 0xDE, 0xF3, 0xDA, 0x17, 0x49, 0x9C, 0x8B, 0x2F, 0x75, 0x7A,
    0x84, 0x16, 0xC9, 0xE3, 0x0B, 0x65, 0xE3, 0x80, 0x88, 0x83, 0x56, 0x06, 0x4A, 0x49, 0xE9, 0xD5,
    0x7E, 0x7B, 0x86, 0xC5, 0x82, 0x19, 0x38, 0xA4, 0x07, 0xB0, 0x19, 0xF2, 0x1C, 0x8C, 0x38, 0xC9,
    0x2E, 0x16, 0x95, 0x4B, 0x3B, 0xC1, 0x9C, 0x5F, 0x98, 0xB3, 0x00, 0xA5, 0xDC, 0x0B, 0x39, 0xE8,
    0x21, 0x22, 0xF9, 0xC6, 0xC6, 0x52, 0x16, 0xED, 0x31, 0xEE, 0x22, 0xA4, 0x24, 0xAD, 0xD3, 0x22,
    0xB2, 0x9D, 0xBE, 0x04, 0xDB, 0x50, 0xDB, 0xA0, 0x22, 0x69, 0x32, 0x68, 0xCF, 0x2B, 0xF6, 0x64,
    0x2C, 0xE2, 0x8C, 0xF8, 0x56, 0xDE, 0x57, 0x81, 0x6F, 0xD0, 0xCF, 0x0A, 0xD4, 0x8E, 0x44, 0x10,
    0xF9, 0x38, 0xEF, 0xFF, 0x13, 0x49, 0x19, 0x94, 0xF9, 0x7F, 0x35, 0x25, 0xD4, 0x43, 0xC2, 0x1B,
    0x24, 0x7C, 0x90, 0xF0, 0x1B, 0x9F, 0xF0, 0x74, 0x49, 0x90, 0x35, 0x61, 0x96, 0xBC, 0x60, 0xB3,
    0x89, 0x19, 0x13, 0x1A, 0x9F, 0xA0, 0xB3, 0x6F, 0x15, 0xB1, 0xF1, 0x5D, 0x19, 0x45, 0x5C, 0x3F,
    0x25, 0xA4, 0x59, 0xB6, 0xE2, 0x55, 0xF5, 0xED, 0xA4, 0xDD, 0xA4, 0x4D, 0xD6, 0xFE, 0x6F, 0xDF,
    0x0E, 0x22, 0x12, 0x24, 0xA0, 0xC4, 0xDB, 0x95, 0x4A, 0x26, 0x2D, 0xE4, 0x6E, 0xB7, 0xEC, 0xBB,
    0x9D, 0x44, 0xE3, 0x36, 0x89, 0xED, 0x96, 0xCD, 0x78, 0x3B, 0x51, 0x7B, 0x9F, 0x58, 0x6F, 0x59,
    0xFD, 0x76, 0x4C, 0x54, 0xE2, 0x12, 0x4B, 0x19, 0x12, 0x0B, 0xE9, 0x12, 0x11, 0x32, 0x1F, 0x26,
    0xDA, 0xE9, 0xA0, 0x96, 0x49, 0xFC, 0x46, 0x8B, 0x17, 0x8F, 0x04, 0x1B, 0xB0, 0x9F, 0xE9, 0x15,
    0x8D, 0x96, 0x2D, 0x5C, 0x82, 0x19, 0x13, 0x1A, 0x9F, 0x50, 0x87, 0x04, 0xB5, 0x26, 0x14, 0x92,
    0x80, 0xFD, 0x38, 0xC1, 0x3C, 0x39, 0x37, 0xAF, 0x32, 0xCA, 0x0C, 0x24, 0xC5, 0xA1, 0x47, 0x02,
    0x2D, 0xEC, 0x47, 0x28, 0xE3, 0xF1, 0x94, 0x0B, 0x6B, 0xA1, 0x75, 0xAC, 0x98, 0x01, 0x9B, 0x1A,
    0x7D, 0x27, 0xA4, 0x49, 0x86, 0xBB, 0x00, 0xC3, 0xD6, 0x64, 0x6B, 0x9C, 0xDD, 0xCE, 0x02, 0xE4,
    0x50, 0x67, 0x41, 0x45, 0x22, 0xF6, 0xD4, 0x8E, 0xDA, 0xE7, 0x56, 0x2D, 0xB9, 0x7A, 0xBF, 0x52,
    0x35, 0x6F, 0xFF, 0x3F, 0x15, 0xA7, 0xE5, 0x77, 0x2F, 0xA9, 0x9D, 0x2F, 0x33, 0xF4, 0xBF, 0x97,
    0x61, 0x9F, 0xB7, 0xB7, 0xAF, 0x90, 0x61, 0x87, 0xC5, 0x38, 0x22, 0x7A, 0x2A, 0x03, 0x6A, 0xDD,
    0xCF, 0xD1, 0xA5, 0x83, 0x2A, 0x00, 0x2A, 0xA3, 0x8C, 0x00, 0xD2, 0x01, 0xFD, 0x02, 0xD4, 0x01,
    0x91, 0xD8, 0xE5, 0x13, 0xC8, 0xFB, 0xD6, 0xF3, 0x8B, 0xAF, 0xA1, 0x84, 0x25, 0x2F, 0x78, 0xF4,
    0xA9, 0x75, 0x68, 0x11, 0xD2, 0x54, 0xBA, 0x84, 0x3C, 0xF5, 0x26, 0xBB, 0xB5, 0x3E, 0x41, 0x67,
    0xE3, 0x6A, 0xC5, 0x46, 0x25, 0x83, 0x08, 0xBD, 0xC3, 0x2E, 0x54, 0xA7, 0xD2, 0x35, 0xA3, 0x71,
    0xC6, 0xB5, 0x49, 0x3B, 0x24, 0x7B, 0xDA, 0x05, 0xB4, 0x1C, 0x52, 0xC9, 0x7A, 0x96, 0x60, 0x25,
    0x23, 0xF4, 0xD3, 0x1F, 0xD3, 0x78, 0x83, 0xF6, 0x3D, 0x7A, 0xEA, 0x93, 0x7D, 0x7B, 0x2A, 0xA4,
    0x4F, 0x46, 0xAC, 0x88, 0x0C, 0x0F, 0x8F, 0x4F, 0xED, 0xF0, 0x41, 0x2E, 0x8D, 0x07, 0x69, 0x9B,
    0xE1, 0x56, 0x4A, 0x2C, 0x27, 0x01, 0xDF, 0x00, 0xF9, 0x92, 0x23, 0xE2, 0x92, 0x1E, 0x89, 0x4F,
    0x25, 0x63, 0xA7, 0x5C, 0xDB, 0x7C, 0x43, 0xD4, 0x33, 0x3B, 0xA8, 0xC0, 0x06, 0xE4, 0xF1, 0x0C,
    0x57, 0x65, 0x40, 0x44, 0xE5, 0xBA, 0x2E, 0xED, 0x90, 0x6B, 0x29, 0x9B, 0xEC, 0x51, 0x2D, 0xDC,
    0xCE, 0x76, 0x9E, 0x72, 0x65, 0xA2, 0x88, 0xC5, 0x08, 0xA2, 0x1C, 0xD8, 0x9B, 0x03, 0xF4, 0xEF,
    0x75, 0x60, 0x3E, 0x06, 0xDA, 0xFF, 0x04, 0xF4, 0xAF, 0x33, 0x02, 0x50, 0x2F, 0x80, 0x9A, 0x33,
    0x3C, 0x88, 0xB0, 0x41, 0x82, 0x8D, 0x1C, 0x70, 0xBC, 0x68, 0x8F, 0x50, 0xBB, 0xED, 0x8F, 0xEE,
    0xEA, 0xB9, 0x90, 0x4E, 0x53, 0x2D, 0xA5, 0xB8, 0x06, 0x15, 0x94, 0xB8, 0x37, 0x28, 0x43, 0xF5,
    0xE9, 0x74, 0x9D, 0x22, 0xD6, 0x7F, 0xE3, 0x73, 0x8A, 0xBA, 0x9E, 0xEF, 0xE4, 0x9F, 0x6A, 0x79,
    0x00, 0xF6, 0x1F, 0x54, 0xF0, 0x60, 0x4E, 0xCA, 0x35, 0xFF, 0x84, 0x42, 0xCE, 0x6E, 0x90, 0x8C,
    0xD0, 0x78, 0xAC, 0xE3, 0xD9, 0xC7, 0x04, 0x7A, 0xC2, 0x74, 0x18, 0xF9, 0x48, 0xC6, 0xFC, 0xCA,
    0x1E, 0x55, 0xE4, 0x06, 0x08, 0x29, 0x96, 0x1D, 0xB2, 0xEF, 0xCF, 0x1D, 0x34, 0x4F, 0x07, 0xA8,
    0x05, 0x50, 0x31, 0x43, 0xC8, 0x53, 0x07, 0x3B, 0x66, 0x84, 0x4D, 0x8A, 0x88, 0xAF, 0x17, 0xCA,
    0x51, 0xAD, 0xD4, 0xAE, 0x10, 0xFA, 0xB9, 0x96, 0xC9, 0x2E, 0xB9, 0xF6, 0x45, 0xE5, 0x7B, 0x51,
    0xCA, 0xA4, 0x03, 0x3D, 0x55, 0xE0, 0x80, 0x64, 0x15, 0x28, 0xA4, 0x98, 0x41, 0x6E, 0x4E, 0x60,
    0xFE, 0xD1, 0x41, 0xFB, 0xEF, 0x39, 0x9B, 0x27, 0x40, 0xB5, 0x02, 0x2A, 0x7C, 0x0D, 0x8E, 0xE5,
    0xD9, 0x5D, 0x36, 0x22, 0xDE, 0x1C, 0x59, 0xBF, 0xC1, 0x8C, 0x1B, 0xEC, 0xB0, 0x29, 0x84, 0xEF,
    0xA6, 0xD0, 0xD4, 0x01, 0xF4, 0x0C, 0x66, 0x82, 0xDE, 0x81, 0x74, 0x94, 0x72, 0x16, 0x56, 0x2F,
    0xDC, 0x6A, 0x3D, 0xB7, 0xCC, 0x88, 0x97, 0xCF, 0xEF, 0x79, 0x11, 0xF1, 0x12, 0xE4, 0x33, 0xE1,
    0x55, 0x5A, 0xB2, 0x0B, 0x9E, 0xFB, 0xDC, 0x66, 0x8F, 0x0D, 0xBB, 0x5C, 0xE3, 0x0A, 0x9A, 0x9A,
    0xAA, 0x53, 0x83, 0x72, 0xCA, 0x95, 0x63, 0x31, 0xE1, 0xF9, 0xCA, 0xE4, 0xFB, 0x46, 0xFE, 0xFC,
    0xD5, 0x42, 0x27, 0x3B, 0x23, 0x7C, 0x0F, 0x36, 0x70, 0x00, 0x42, 0xF1, 0x49, 0xA7, 0x1E, 0xB9,
    0xEA, 0xDD, 0x51, 0x33, 0x5D, 0xE1, 0xFE, 0x2E, 0x77, 0x36, 0x6C, 0x1E, 0xB0, 0x73, 0x74, 0x74,
    0x24, 0xE9, 0xA0, 0x75, 0xF5, 0x54, 0xF8, 0xD7, 0x64, 0xA4, 0x7D, 0x1C, 0x30, 0x6F, 0xAE, 0x34,
    0x45, 0x84, 0xA4, 0xE2, 0x28, 0xD2, 0x4A, 0xC4, 0xFE, 0x38, 0x22, 0xC5, 0x33, 0x95, 0x69, 0x7E,
    0x33, 0x62, 0x56, 0x19, 0xEA, 0xD9, 0x3A, 0xF1, 0x60, 0x5F, 0x7C, 0x6B, 0xFD, 0x26, 0x76, 0x5A,
    0xEC, 0xA8, 0x17, 0xED, 0xCF, 0xDE, 0x70, 0x6A, 0x49, 0x0A, 0x2F, 0x68, 0xD1, 0x73, 0x5A, 0x4B,
    0x23, 0xFB, 0xA9, 0x1D, 0xE5, 0x5F, 0x23, 0xA5, 0x1C, 0xEA, 0xA7, 0x8B, 0xF9, 0x71, 0xE8, 0xBB,
    0x20, 0x4C, 0x02, 0xCF, 0xF7, 0xBE, 0xBB, 0x64, 0xDC, 0x6E, 0x73, 0xBA, 0x24, 0x33, 0x2A, 0x71,
    0x94, 0x49, 0x98, 0x2F, 0x55, 0x45, 0xE3, 0x9A, 0xA7, 0xE2, 0xCC, 0x20, 0xCE, 0x76, 0xBD, 0x13,
    0xCC, 0x85, 0xCA, 0x6B, 0xD9, 0xA6, 0x7D, 0xFA, 0x64, 0xA9, 0xA2, 0x0E, 0xA5, 0x0C, 0xFA, 0xE9,
    0x9C, 0x77, 0x25, 0x5A, 0x44, 0x8E, 0x24, 0x1F, 0x20, 0x60, 0xF3, 0xAE, 0xDF, 0x36, 0xEE, 0x9A,
    0x3E, 0x0D, 0x85, 0x8C, 0xD8, 0x45, 0xC5, 0xB5, 0xF6, 0x27, 0xDA, 0x93, 0xBA, 0x88, 0x3F, 0x3E,
    0x7D, 0xFF, 0x55, 0x3E, 0x06, 0xA0, 0x9A, 0x4A, 0x39, 0xF6, 0xE9, 0xEC, 0xA6, 0xF6, 0xA3, 0x15,
    0xE3, 0xE2, 0x97, 0x09, 0xE5, 0x79, 0xFA, 0x1F, 0x25, 0x23, 0xBA, 0x83, 0x96, 0x24, 0x59, 0xD0,
    0x22, 0xDD, 0x55, 0x11, 0xF7, 0x23, 0x1A, 0x17, 0xD0, 0x5B, 0x25, 0xCF, 0xCE, 0x3C, 0x5E, 0xA9,
    0x65, 0xC2, 0x84, 0x6C, 0x78, 0xE1, 0xB3, 0x6D, 0x07, 0x54, 0xDA, 0x0D, 0x15, 0xEB, 0x25, 0x17,
    0x79, 0x78, 0x65, 0xB4, 0x72, 0x53, 0x3A, 0x23, 0x8F, 0x64, 0xA8, 0xC6, 0xED, 0xBD, 0x1B, 0x41,
    0xBC, 0xF5, 0xFA, 0x82, 0x66, 0xA3, 0x48, 0x31, 0x67, 0xB7, 0x62, 0xCE, 0x99, 0x34, 0x41, 0xFD,
    0xA1, 0xB6, 0xD4, 0x73, 0x3F, 0x3D, 0xEC, 0x2E, 0x7C, 0x5E, 0xBC, 0xE4, 0x78, 0x93, 0xDE, 0xBE,
    0xDD, 0xEF, 0x26, 0x79, 0xF4, 0xFF, 0x8C, 0xE8, 0xA7, 0xE9, 0x57, 0x16, 0xF4, 0xFF, 0xAE, 0xD9,
    0x26, 0xA9, 0x1F, 0x92, 0xCD, 0x68, 0xA3, 0x5E, 0x44, 0xCA, 0xF0, 0x62, 0x66, 0x17, 0xE7, 0x28,
    0xBF, 0x90, 0x37, 0x23, 0x36, 0xDA, 0x2F, 0xAC, 0xD3, 0x4B, 0xB3, 0xB4, 0x69, 0x9F, 0x6F, 0xD2,
    0xD2, 0xAE, 0xAB, 0x5E, 0x45, 0x74, 0xD4, 0x51, 0x7E, 0x91, 0x23, 0x6E, 0xE3, 0xBD, 0x52, 0x34,
    0x9B, 0x3D, 0x93, 0x5F, 0x21, 0xF9, 0xAC, 0x02, 0x66, 0xB0, 0xF4, 0x5D, 0xDF, 0xD9, 0x34, 0x7A,
    0xF1, 0xF9, 0xCC, 0xFF, 0xE5, 0xB5, 0x6C, 0x93, 0x6D, 0xB3, 0x4F, 0xAE, 0x8E, 0xFE, 0xC9, 0xB3,
    0x8A, 0x9A, 0xFF, 0x40, 0x45, 0xE5, 0x6A, 0x4B, 0xCC, 0xD5, 0x97, 0xAA, 0xF0, 0x82, 0x6F, 0x09,
    0x10, 0x81, 0xD7, 0x62, 0xCA, 0xFC, 0xE9, 0x93, 0x79, 0x5B, 0x2B, 0xBC, 0xBC, 0x56, 0x9A, 0xA7,
    0xD6, 0x55, 0xAB, 0x71, 0xF0, 0x82, 0x5E, 0x97, 0x19, 0x2D, 0x8B, 0xFC, 0x3C, 0xD8, 0x4F, 0x44,
    0x7F, 0x21, 0x7A, 0x31, 0xDA, 0x6F, 0xBE, 0xA6, 0x14, 0x10, 0xA1, 0x92, 0xCE, 0x1C, 0x4F, 0x27,
    0xA5, 0x0F, 0x4C, 0x02, 0x76, 0xC6, 0xC8, 0x50, 0x8B, 0x67, 0x7F, 0xF9, 0x41, 0x19, 0x66, 0x96,
    0x50, 0xCC, 0xF6, 0x78, 0xBA, 0x1A, 0xBB, 0xC2, 0xA3, 0x3C, 0x8D, 0x47, 0xC4, 0x1D, 0x9F, 0xBE,
    0xE4, 0x03, 0xBC, 0x8A, 0xAE, 0x90, 0x21, 0x3F, 0x10, 0x7D, 0x6A, 0xFA, 0x15, 0x5A, 0x3D, 0xB7,
    0x5E, 0x45, 0x59, 0x0B, 0x79, 0x4F, 0x44, 0x4C, 0xB0, 0xB1, 0xCD, 0x97, 0xD4, 0xE5, 0x8F, 0x87,
    0x6A, 0xA9, 0x3B, 0x15, 0x34, 0x65, 0xB8, 0x42, 0xB1, 0x5E, 0x83, 0xB8, 0x0B, 0x76, 0x0F, 0xCC,
    0xFD, 0x24, 0x0F, 0xCD, 0x08, 0xDA, 0xD1, 0x8B, 0x72, 0xE2, 0x4D, 0x54, 0x63, 0x3F, 0xD5, 0xBE,
    0x9A, 0x34, 0xF9, 0xD6, 0x68, 0xF2, 0xAB, 0xED, 0x1A, 0x2A, 0x34, 0xCB, 0x2E, 0x45, 0xB8, 0x1E,
    0x36, 0xB0, 0xEE, 0x85, 0x3D, 0x88, 0xB7, 0xD6, 0x5B, 0x60, 0xEF, 0x3F, 0x4C, 0x71, 0xFA, 0xC9,
    0x4C, 0x60, 0x9C, 0x19, 0x33, 0x5B, 0x07, 0xCD, 0xD0, 0x0C, 0x18, 0xF9, 0x78, 0x6D, 0xE5, 0x27,
    0x8B, 0x0A, 0x6A, 0x44, 0xAA, 0x81, 0xFE, 0xE3, 0xB3, 0x3A, 0xD7, 0x4B, 0x52, 0x80, 0xEB, 0x02,
    0x0F, 0xFA, 0xA1, 0x98, 0x9A, 0xB1, 0x72, 0x7A, 0xDE, 0x9F, 0x6D, 0xEC, 0x17, 0x91, 0x94, 0x7F,
    0xE8, 0xD7, 0x26, 0x9F, 0xC3, 0x58, 0x7B, 0xE5, 0xAA, 0xA5, 0x1A, 0xB6, 0xE7, 0x90, 0x44, 0xDC,
    0x01, 0xBB, 0x81, 0xFE, 0x2E, 0x98, 0x19, 0x5A, 0x0F, 0x7A, 0x82, 0x7A, 0x4C, 0x72, 0xA0, 0x07,
    0x68, 0x81, 0x87, 0x67, 0x5B, 0x99, 0xC3, 0x24, 0x11, 0x73, 0x2F, 0xEE, 0xA9, 0x70, 0xBB, 0x9E,
    0x69, 0x26, 0x8C, 0xC3, 0x76, 0x45, 0x44, 0x05, 0xEA, 0x59, 0x35, 0x53, 0x65, 0x9C, 0xB6, 0x9F,
    0x5B, 0x11, 0xA1, 0x9F, 0x0A, 0x39, 0x54, 0x81, 0x0B, 0xFA, 0x82, 0xF6, 0xC8, 0x80, 0x9D, 0xA8,
    0x16, 0x2E, 0xB4, 0x49, 0xBE, 0x29, 0x82, 0xFF, 0xBA, 0xC3, 0x8E, 0xEC, 0xFB, 0xAF, 0x77, 0x8E,
    0xD0, 0x7A, 0xEC, 0x54, 0xAE, 0x17, 0x6F, 0x9F, 0x7C, 0xED, 0x21, 0xAF, 0x77, 0xAF, 0x1B, 0xAF,
    0x1F, 0x9C, 0xEC, 0xF8, 0xE6, 0xC3, 0x54, 0x22, 0xFF, 0x0F, 0xBD, 0x98, 0x31, 0x70, 0xE6, 0xC6,
    0x75, 0xC7, 0x7F, 0x00, 0xA4, 0x83, 0xE6, 0x90, 0x68, 0x5D, 0xB8, 0xB0, 0x47, 0x39, 0xC2, 0x33,
    0x51, 0xA1, 0x49, 0x8E, 0x44, 0x8A, 0x2B, 0x58, 0x7C, 0xE4, 0xC2, 0x51, 0xA1, 0x56, 0x8D, 0xDB,
    0x38, 0x85, 0x8B, 0xA4, 0xC8, 0x28, 0x85, 0x66, 0xC2, 0x99, 0x1C, 0x05, 0xE8, 0x34, 0x13, 0x97,
    0xBE, 0xF4, 0x45, 0xAE, 0x50, 0x61, 0x51, 0x05, 0x55, 0x70, 0x32, 0x2C, 0x78, 0xDC, 0xB5, 0x55,
    0xB8, 0x48, 0x61, 0xC8, 0x9A, 0x54, 0x69, 0x30, 0xAE, 0x3C, 0xD1, 0x64, 0x6E, 0x9D, 0xC0, 0x13,
    0x88, 0x07, 0xE0, 0xF9, 0xAD, 0x49, 0x9E, 0x48, 0xE9, 0x34, 0x77, 0x12, 0xE5, 0xDB, 0xDD, 0xF7,
    0x03, 0xB0, 0x78, 0xEF, 0xFF, 0xDF, 0xE5, 0xF7, 0x11, 0x03, 0xB2, 0xAC, 0xAD, 0xB7, 0xBE, 0xAC,
    0x01, 0xCC, 0x59, 0x2F, 0x29, 0xEB, 0xAA, 0xAE, 0xDA, 0xAA, 0xB5, 0x3E, 0x76, 0x56, 0xE8, 0x48,
    0xA5, 0x2F, 0x65, 0xB2, 0x47, 0xB3, 0x5B, 0xDD, 0x97, 0xD5, 0xA1, 0xAC, 0x78, 0x34, 0xDC, 0x8A,
    0xE6, 0xF6, 0x0B, 0x76, 0xFA, 0x07, 0x23, 0x63, 0x72, 0x5C, 0x9F, 0xE6, 0x27, 0x6E, 0xC0, 0x3C,
    0x14, 0xAA, 0x4E, 0xB0, 0xBE, 0xD1, 0x78, 0x99, 0xCA, 0x43, 0xD9, 0xC1, 0xFE, 0xC9, 0x3D, 0x44,
    0x02, 0x79, 0x80, 0xEC, 0x3C, 0x7A, 0xC8, 0x3D, 0x98, 0xF7, 0xF0, 0x95, 0x88, 0xB7, 0x1A, 0xB7,
    0x92, 0x05, 0x80, 0xEF, 0xF1, 0xBD, 0xDD, 0x79, 0xA8, 0x1E, 0xF4, 0x6B, 0x69, 0xB7, 0x22, 0x9C,
    0x8E, 0x8D, 0xB4, 0xD3, 0x19, 0x9D, 0xFF, 0x16, 0xDF, 0x72, 0x93, 0x0D, 0xCD, 0x58, 0xF5, 0x65,
    0x6F, 0x5A, 0xD3, 0x1B, 0x15, 0x5E, 0x23, 0x1B, 0x6F, 0x92, 0x4E, 0x9B, 0x30, 0x7F, 0x00, 0xAE,
    0xE7, 0xBA, 0xFC, 0x77, 0x6B, 0x54, 0x14, 0xEB, 0xB9, 0xEE, 0x3E, 0x3B, 0x8F, 0x91, 0xCA, 0x48,
    0x26, 0x13, 0xE1, 0x51, 0x03, 0xB8, 0x70, 0x99, 0x2F, 0xB5, 0xDD, 0xEF, 0x76, 0xB3, 0x30, 0xE9,
    0x48, 0xFD, 0x31, 0xB1, 0xCA, 0x4E, 0xFC, 0xBB, 0xB4, 0xA1, 0x0A, 0x63, 0x36, 0x1E, 0x73, 0x64,
    0xFB, 0x95, 0x99, 0x77, 0x52, 0x09, 0x54, 0x3D, 0x79, 0x78, 0x85, 0x70, 0x44, 0x98, 0x08, 0x2E,
    0xEB, 0x2A, 0x69, 0x93, 0x77, 0x39, 0xDC, 0x98, 0xEC, 0xE1, 0x06, 0xC9, 0x7B, 0x40, 0x23, 0x03,
    0xD9, 0xC0, 0x31, 0xE6, 0xED, 0xF7, 0x8A, 0x76, 0xC3, 0xC8, 0xCF, 0xBB, 0xD5, 0x76, 0xD6, 0x85,
    0x83, 0x9D, 0xB4, 0x3D, 0x08, 0x03, 0xEC, 0x84, 0x00, 0xAB, 0x0B, 0x18, 0x60, 0xF3, 0xE0, 0x36,
    0xBC, 0xB9, 0xB3, 0x9D, 0xF8, 0xB0, 0x65, 0xE4, 0xED, 0xDE, 0x24, 0xEF, 0xE5, 0x3E, 0xEF, 0xA9,
    0x40, 0xDE, 0x1F, 0xE1, 0x25, 0x69, 0x29, 0x47, 0x76, 0xB7, 0xB9, 0x5D, 0x41, 0x45, 0x25, 0x1C,
    0x55, 0x8C, 0x15, 0x73, 0x83, 0xFD, 0x49, 0x97, 0x76, 0x07, 0xC5, 0xCF, 0x43, 0xF9, 0x5A, 0xD7,
    0x94, 0x7E, 0xB6, 0xB5, 0x0E, 0x3D, 0xD1, 0x4B, 0x9D, 0xD4, 0x5B, 0x7B, 0x7B, 0x3F, 0x15, 0x99,
    0x60, 0x75, 0x71, 0xC8, 0x14, 0x7B, 0x14, 0x3E, 0xB5, 0x88, 0x66, 0x98, 0x9A, 0xDC, 0x6F, 0x35,
    0x4B, 0xD2, 0xEF, 0x34, 0xFB, 0x6D, 0x38, 0x30, 0x99, 0x7F, 0x33, 0x28, 0x36, 0x83, 0xC9, 0xFD,
    0x2A, 0x98, 0x05, 0xC5, 0x51, 0x44, 0xA9, 0x4B, 0x36, 0xA6, 0x7D, 0x73, 0xC7, 0xE8, 0xD6, 0xB6,
    0x9A, 0x5F, 0xFD, 0xAE, 0x37, 0x35, 0x5F, 0x58, 0xF2, 0xDE, 0xDE, 0x9E, 0x88, 0x14, 0xFD, 0xF6,
    0xD1, 0xC1, 0x5A, 0x30, 0xC1, 0x1C, 0xAC, 0x6D, 0x1F, 0x15, 0x3D, 0x81, 0x8B, 0x43, 0x64, 0xDA,
    0x3B, 0xF9, 0xE9, 0xA5, 0x49, 0x00, 0xCE, 0x97, 0x5D, 0x8D, 0xF3, 0xF1, 0x68, 0x5F, 0xDE, 0x66,
    0x97, 0x21, 0xED, 0x4C, 0xB2, 0x99, 0x89, 0x36, 0xA0, 0x98, 0xB1, 0x6F, 0xB4, 0x5B, 0xC6, 0x3F,
    0x67, 0x5A, 0x2A, 0xB2, 0x11, 0xDE, 0xA8, 0x31, 0xFE, 0xAF, 0x8C, 0xDF, 0xAC, 0xDA, 0x72, 0x06,
    0x30, 0xA1, 0xF4, 0x96, 0x01, 0x79, 0xDA, 0x9E, 0x68, 0xFC, 0x42, 0x63, 0xB1, 0xFD, 0xFF, 0x8F,
    0x65, 0x08, 0x40, 0x8C, 0x01, 0x58, 0x00, 0x57, 0xC3, 0x36, 0x50, 0x88, 0x04, 0x2B, 0xFB, 0xBD,
    0x15, 0x43, 0xF3, 0xB9, 0x88, 0x73, 0xA5, 0xC6, 0x35, 0x67, 0xC0, 0x3C, 0x65, 0x94, 0xA6, 0x4E,
    0xC4, 0x04, 0xF6, 0xAE, 0xDF, 0xDB, 0x15, 0xD9, 0x85, 0x3F, 0xA3, 0xF2, 0x79, 0x9F, 0x85, 0xFD,
    0x4E, 0xEA, 0x34, 0x14, 0xE1, 0x9F, 0xC3, 0x9F, 0x87, 0xEC, 0xB3, 0x3E, 0x58, 0x81, 0x62, 0x64,
    0xAB, 0xE4, 0xB0, 0x68, 0xC7, 0xC2, 0x9F, 0x0E, 0x3D, 0xD7, 0x19, 0x9D, 0xDF, 0x59, 0x63, 0xCB,
    0xB4, 0xFA, 0x1D, 0x30, 0x1F, 0x0F, 0xF9, 0x6F, 0x27, 0x1D, 0x7A, 0xA2, 0x97, 0x3A, 0xA9, 0xB7,
    0x78, 0x9D, 0x04, 0xD2, 0x80, 0xA9, 0x29, 0x95, 0xB0, 0x0A, 0xAC, 0x03, 0x81, 0x55, 0x24, 0x07,
    0x91, 0x84, 0xC8, 0xB4, 0x8B, 0xCC, 0xFC, 0x4A, 0x59, 0xD4, 0x13, 0x49, 0x30, 0xE9, 0x84, 0x95,
    0xF5, 0xE2, 0x36, 0xB0, 0xBA, 0xB1, 0x02, 0x0E, 0x6E, 0x45, 0x86, 0x93, 0xE3, 0x96, 0xB4, 0x13,
    0xF1, 0x64, 0x9E, 0x15, 0xE4, 0x75, 0x7C, 0x6A, 0x18, 0x32, 0xF1, 0x00, 0x90, 0x44, 0xAF, 0xE8,
    0xB8, 0x06, 0x9B, 0xE7, 0x5E, 0x3B, 0x9F, 0x79, 0x25, 0xA7, 0x5E, 0x3F, 0x7B, 0x57, 0x99, 0xFF,
    0x50, 0x94, 0xC6, 0x96, 0x6D, 0x12, 0x6E, 0x6C, 0x1B, 0x6F, 0x65, 0xB5, 0x66, 0x5A, 0x78, 0x93,
    0x12, 0x08, 0x6C, 0x81, 0xA6, 0x1F, 0xA0, 0x5E, 0x69, 0x17, 0xBD, 0x0C, 0x1E, 0xC3, 0xF6, 0x9E,
    0xE7, 0x06, 0x56, 0x7C, 0xF2, 0x2E, 0x09, 0xA5, 0xD4, 0x3A, 0x55, 0xFA, 0x75, 0x6E, 0x9A, 0xB8,
    0x83, 0xB2, 0x3E, 0x24, 0xBD, 0x4F, 0x20, 0x5B, 0x92, 0x1E, 0xCA, 0x77, 0x3C, 0x98, 0x5F, 0xB4,
    0xE1, 0x96, 0xF9, 0x65, 0x16, 0xB6, 0xDD, 0xDF, 0x14, 0xA1, 0x1C, 0xB7, 0xFE, 0x24, 0xC0, 0xEA,
    0x96, 0xE2, 0xE0, 0x9E, 0xE2, 0xB7, 0x3E, 0x90, 0x7E, 0x2C, 0x42, 0xF6, 0xB3, 0x1F, 0xFC, 0x8E,
    0xA2, 0xBE, 0xF6, 0x29, 0x06, 0x23, 0x00, 0xB0, 0x0D, 0x2E, 0x8E, 0x78, 0x02, 0x00, 0x37, 0x61,
    0x0B, 0xEE, 0x93, 0x8F, 0x54, 0x1D, 0x4D, 0x8B, 0x70, 0x3A, 0x46, 0x97, 0xCC, 0xF6, 0x9D, 0xB9,
    0x90, 0x81, 0xBF, 0xAF, 0xB1, 0x1E, 0x30, 0x3D, 0x90, 0x0D, 0x00, 0x47, 0x00, 0xDF, 0xE1, 0xBC,
    0x09, 0x90, 0x44, 0x64, 0xD2, 0x2A, 0x9C, 0x87, 0xE2, 0x87, 0x0A, 0x13, 0x4B, 0xD6, 0x4C, 0x80,
    0xF5, 0x62, 0x80, 0x55, 0x36, 0xC2, 0x61, 0x36, 0xC1, 0xC9, 0xFB, 0x33, 0x89, 0xC8, 0x42, 0xDA,
    0x23, 0x64, 0x1E, 0x57, 0x17, 0x1E, 0xDB, 0x9A, 0x56, 0xAD, 0xDC, 0x6F, 0x52, 0x19, 0x65, 0xCA,
    0x64, 0x82, 0x58, 0x86, 0xE9, 0x80, 0xAA, 0x06, 0x76, 0x01, 0xFE, 0xF6, 0x19, 0xF8, 0x0A, 0x90,
    0x4A, 0x0D, 0xF9, 0x7F, 0x45, 0xBD, 0xEF, 0x07, 0xF8, 0xAE, 0x1A, 0xFF, 0xD1, 0x7D, 0x01, 0xCC,
    0xB0, 0x09, 0x56, 0x06, 0xD8, 0xAC, 0x3A, 0x00, 0xFE, 0xE8, 0xBE, 0x1B, 0x45, 0x0B, 0xD6, 0x78,
    0xE2, 0x19, 0x17, 0x5A, 0xBA, 0x10, 0xDD, 0x80, 0x5C, 0x6A, 0x28, 0x5C, 0x0B, 0x2F, 0x5A, 0x0F,
    0x37, 0x6C, 0x07, 0x37, 0xCB, 0x00, 0xAB, 0xE8, 0xBB, 0x13, 0x7D, 0x87, 0x53, 0xCB, 0x89, 0x54,
    0x2D, 0xA3, 0x9B, 0x90, 0x2B, 0xEA, 0xA2, 0x46, 0x5A, 0x53, 0xE3, 0x2E, 0x5A, 0xF2, 0xA3, 0x73,
    0x51, 0xF3, 0x9A, 0x57, 0x64, 0x8A, 0xE2, 0xB5, 0x36, 0xBA, 0x11, 0x11, 0xDD, 0xA4, 0x05, 0xD3,
    0x78, 0x28, 0xA3, 0xDB, 0x46, 0xD9, 0xC3, 0x56, 0x74, 0xBB, 0x6D, 0x06, 0x38, 0x28, 0x46, 0x08,
    0x6A, 0x99, 0xE8, 0x2E, 0x2F, 0x5A, 0xB6, 0xB8, 0x5A, 0xDD, 0x9A, 0xD6, 0x70, 0x79, 0x97, 0x89,
    0x88, 0x92, 0x66, 0xD9, 0x53, 0xFE, 0xD3, 0xC4, 0x0A, 0xFE, 0x6F, 0xE2, 0x26, 0xC9, 0xC7, 0x13,
    0xCF, 0x91, 0x7D, 0x38, 0x01, 0xF9, 0xAB, 0x91, 0x26, 0x5B, 0xF6, 0xEE, 0x72, 0x23, 0x13, 0xE9,
    0x59, 0xA9, 0x05, 0xBC, 0xF5, 0x7E, 0x64, 0xAC, 0x27, 0xE9, 0xE2, 0x4C, 0xE6, 0x95, 0x45, 0x5E,
    0x2B, 0x8D, 0x21, 0xB2, 0xB9, 0xFB, 0xD2, 0xFC, 0x83, 0x46, 0x82, 0x55, 0x1B, 0xAA, 0xA5, 0x4E,
    0x97, 0xFD, 0x50, 0x84, 0x6C, 0xA8, 0x7C, 0x3A, 0xD8, 0x36, 0xE9, 0x1B, 0xC0, 0x01, 0xF2, 0x98,
    0x68, 0x00, 0xDB, 0x42, 0xE5, 0xF9, 0xB6, 0x09, 0x1C, 0xA4, 0xF2, 0x7E, 0x1F, 0x35, 0xC8, 0x3A,
    0x54, 0xFC, 0x3C, 0x03, 0xFE, 0x62, 0x86, 0x72, 0x38, 0x2B, 0xAA, 0xA1, 0xF4, 0x90, 0xF5, 0x8F,
    0x7E, 0x2B, 0x1A, 0x91, 0xB1, 0x5A, 0xF6, 0x46, 0x2D, 0xD9, 0xD1, 0xD8, 0xD4, 0x78, 0x59, 0x83,
    0x18, 0xBA, 0xA7, 0x36, 0x13, 0x89, 0xEB, 0xE6, 0x73, 0xF1, 0xA7, 0x1A, 0x6B, 0x1A, 0x1B, 0xBA,
    0x83, 0x63, 0xD5, 0x58, 0xA0, 0x69, 0x61, 0x81, 0x74, 0x84, 0xBC, 0x83, 0x6B, 0x7C, 0xB3, 0xFA,
    0x26, 0x40, 0x35, 0xC2, 0xEE, 0x11, 0x0C, 0x25, 0x49, 0x7B, 0xED, 0x9B, 0xD5, 0x3F, 0xDC, 0x80,
    0xC9, 0x42, 0x3C, 0xC2, 0x37, 0xAA, 0x6D, 0x3D, 0xA6, 0x23, 0x0B, 0x30, 0xC2, 0xB7, 0x01, 0xAC,
    0x84, 0x4A, 0xEE, 0x69, 0xCE, 0x53, 0x0E, 0x4D, 0xD6, 0x12, 0x9C, 0x47, 0xC8, 0x46, 0xF2, 0x8E,
    0xE7, 0x01, 0x10, 0xF1, 0x6E, 0x69, 0x4D, 0xE0, 0x29, 0x87, 0x26, 0x9F, 0xAE, 0x39, 0x5F, 0x30,
    0xFF, 0xD6, 0x6E, 0xE4, 0xFD, 0xCB, 0xDC, 0xFB, 0xDA, 0xEB, 0xB9, 0x5F, 0xD5, 0x62, 0xBD, 0x92,
    0x2B, 0x2C, 0x46, 0x64, 0x01, 0x77, 0xE2, 0x7A, 0x4C, 0xC8, 0x27, 0x45, 0xB2, 0x28, 0x70, 0x11,
    0x4D, 0xAD, 0xB0, 0xED, 0xFE, 0x49, 0x6B, 0x35, 0xCF, 0x5B, 0x6F, 0x02, 0xA7, 0x88, 0x36, 0x4D,
    0x84, 0x8B, 0x29, 0x82, 0x09, 0xE9, 0xAC, 0x28, 0xC6, 0x28, 0xD5, 0x21, 0x32, 0x73, 0xD6, 0xCA,
    0xFE, 0x03, 0x68, 0xA4, 0x87, 0xC3, 0xC6, 0xF3, 0x59, 0x93, 0x80, 0x4C, 0x6E, 0xC2, 0xFD, 0xC6,
    0x68, 0x25, 0x46, 0x88, 0xF0, 0x0A, 0xDB, 0x29, 0xCA, 0xA0, 0x28, 0x26, 0x45, 0x36, 0x2B, 0x12,
    0x51, 0xE0, 0x7E, 0xA9, 0xB0, 0x0F, 0xCE, 0xD3, 0xF3, 0x88, 0x34, 0x02, 0x51, 0x1D, 0x1A, 0x64,
    0xA2, 0x02, 0x01, 0xB0, 0x2D, 0x50, 0x74, 0x40, 0x12, 0xB8, 0xD8, 0xDE, 0x58, 0x40, 0x7F, 0xD3,
    0x7B, 0x4C, 0x9F, 0x8D, 0x54, 0x9E, 0x39, 0xE6, 0x3A, 0x1C, 0x34, 0xB5, 0xC4, 0xC2, 0x08, 0xFF,
    0x18, 0xB4, 0x7F, 0x48, 0x89, 0xC9, 0xC4, 0xB2, 0x53, 0x81, 0x28, 0x75, 0x2A, 0x1A, 0xD3, 0x00,
    0x07, 0x24, 0x23, 0x90, 0x75, 0xCF, 0xC8, 0xB7, 0x18, 0x81, 0x72, 0x06, 0x76, 0x2B, 0x60, 0xC8,
    0xFD, 0xB3, 0xF1, 0xB5, 0xF5, 0x5D, 0x90, 0x5F, 0x77, 0xF1, 0xFD, 0xC5, 0x93, 0xB6, 0x6F, 0xF1,
    0x6C, 0x7C, 0xE3, 0x23, 0x82, 0xC9, 0x9E, 0x9F, 0xC1, 0x97, 0xF8, 0x86, 0xCB, 0xBE, 0xF5, 0x93,
    0x7D, 0xEB, 0xCB, 0xBE, 0xE1, 0xB2, 0x2F, 0xDC, 0x64, 0xB3, 0x64, 0x2C, 0x3E, 0xEC, 0x53, 0x69,
    0x39, 0x06, 0x21, 0xFB, 0xC4, 0x9B, 0x3B, 0x61, 0x83, 0xA3, 0xEF, 0xF0, 0x32, 0x00, 0x6C, 0x42,
    0xB5, 0x7C, 0xA0, 0x75, 0x2E, 0x60, 0xFA, 0x7C, 0x52, 0xAD, 0x62, 0xC1, 0xD6, 0xC6, 0xD1, 0xB0,
    0xDE, 0xD4, 0x8E, 0xDB, 0x71, 0x09, 0x83, 0x7A, 0x26, 0x41, 0x91, 0x75, 0x8A, 0xBC, 0x55, 0x98,
    0xB8, 0x84, 0x0D, 0x9A, 0xBA, 0x39, 0xC2, 0x61, 0x47, 0x66, 0xCC, 0x90, 0x8D, 0xE4, 0xA2, 0x4B,
    0xC8, 0xF6, 0x17, 0x28, 0x00, 0xB0, 0x1D, 0x60, 0x02, 0x90, 0x0E, 0x00, 0xB7, 0xB9, 0xD0, 0x44,
    0x3E, 0x94, 0xE0, 0x96, 0x3B, 0xAE, 0x37, 0x01, 0xC3, 0xD7, 0x44, 0x31, 0xB0, 0x46, 0x36, 0xB1,
    0x02, 0xF9, 0x64, 0xE0, 0xF4, 0x0F, 0x39, 0xCA, 0x00, 0x58, 0x0F, 0x1C, 0x03, 0xC9, 0xF0, 0x8C,
    0x7C, 0x93, 0x19, 0xC8, 0x04, 0x30, 0x3F, 0xF6, 0xB0, 0x95, 0x84, 0x67, 0xE3, 0x5B, 0xDC, 0xE9,
    0xC1, 0x7C, 0x18, 0xCE, 0xCE, 0x80, 0x67, 0xE3, 0x4B, 0xD5, 0x01, 0xB6, 0x06, 0xEE, 0x03, 0x0C,
    0x40, 0x52, 0x3F, 0xF2, 0xCD, 0xA2, 0x6F, 0x2A, 0xBD, 0x99, 0x68, 0xC8, 0x27, 0x76, 0xC9, 0x66,
    0x26, 0x12, 0x49, 0x06, 0x90, 0x57, 0x7B, 0xB0, 0xEF, 0x78, 0xA8, 0xFE, 0xA3, 0x05, 0xF3, 0x00,
    0xC8, 0x67, 0x50, 0x93, 0x2F, 0xC1, 0x7E, 0xB4, 0x14, 0xF1, 0xC4, 0x70, 0x4B, 0x8B, 0x09, 0x60,
    0x64, 0xC4, 0x9C, 0x48, 0x6D, 0x42, 0x7C, 0xDE, 0x97, 0xBA, 0xC7, 0x4B, 0x5D, 0xAF, 0x4B, 0x9D,
    0x6F, 0x5A, 0x23, 0xB3, 0xE6, 0xBD, 0x1E, 0x6B, 0x62, 0x6D, 0xD4, 0x38, 0xDB, 0x84, 0x7B, 0x30,
    0x90, 0x2C, 0xC9, 0x1C, 0x4D, 0x96, 0x08, 0xC1, 0x4E, 0x2F, 0x09, 0x7F, 0x39, 0x35, 0xAD, 0x5E,
    0x0A, 0x8F, 0x10, 0x2F, 0x5D, 0x50, 0xD8, 0x98, 0x5C, 0x48, 0xAD, 0xC9, 0xCE, 0x67, 0xD3, 0xEB,
    0x95, 0x22, 0x98, 0x08, 0xD3, 0xBE, 0x34, 0xCD, 0x6F, 0xD0, 0x4C, 0xD5, 0x48, 0xB4, 0xCA, 0x46,
    0xE0, 0x3E, 0x70, 0x1D, 0x00, 0xAE, 0x49, 0x47, 0xF5, 0xC9, 0x84, 0xFD, 0xEB, 0x99, 0x32, 0x59,
    0x40, 0x23, 0xD9, 0x5B, 0xA8, 0x64, 0xC1, 0xBD, 0xBD, 0x20, 0xC9, 0x59, 0xA4, 0x7A, 0xFD, 0xEA,
    0x82, 0x9D, 0xA5, 0x2D, 0x06, 0xE7, 0xC9, 0x27, 0x30, 0x3D, 0xD8, 0x1A, 0xFE, 0xEE, 0x8B, 0x5A,
    0x55, 0xD4, 0x39, 0xD3, 0x2B, 0x44, 0xEB, 0xFE, 0x33, 0xEA, 0x5C, 0x88, 0x6C, 0xA1, 0x51, 0xAD,
    0x32, 0x6A, 0xB9, 0x96, 0x44, 0x3A, 0xF2, 0x8F, 0x06, 0xAE, 0xF3, 0xCA, 0x95, 0xD6, 0x95, 0x7D,
    0x6A, 0x30, 0x32, 0xB3, 0x5E, 0x8E, 0x00, 0x67, 0x5A, 0xFD, 0xA9, 0xD6, 0xF7, 0x17, 0x4A, 0x04,
    0x10, 0xD5, 0x12, 0x2A, 0x11, 0x1A, 0x7F, 0xE9, 0x7F, 0x0C, 0xAA, 0x25, 0xD8, 0xC5, 0x75, 0xC5,
    0xD0, 0x74, 0xF1, 0xBB, 0x1B, 0xBF, 0xC4, 0x7A, 0xBC, 0xA2, 0x96, 0xEB, 0x68, 0x6A, 0xD2, 0x87,
    0x3D, 0x99, 0x0F, 0xA4, 0x1F, 0xF5, 0xC4, 0xFD, 0xF2, 0xDD, 0xAF, 0xAB, 0x29, 0x7F, 0xD0, 0xBC,
    0x26, 0xFF, 0xEA, 0xDA, 0xEA, 0x13, 0x79, 0x38, 0xD8, 0xB7, 0xE5, 0xCE, 0x14, 0x4B, 0x17, 0x14,
    0xA2, 0xC5, 0x7B, 0x52, 0x89, 0xB6, 0x58, 0x8E, 0x70, 0x01, 0xF5, 0x0B, 0x2E, 0x15, 0xBF, 0x6E,
    0x1F, 0xFC, 0xE4, 0x64, 0x2A, 0x3E, 0x4D, 0xA5, 0x4B, 0xE5, 0xAE, 0x79, 0x38, 0xDA, 0x77, 0xA6,
    0x26, 0x9D, 0x24, 0xE9, 0x05, 0x2E, 0x8E, 0xA6, 0x7E, 0xCE, 0xFA, 0x9B, 0xE5, 0xC9, 0xA8, 0x69,
    0xDC, 0x8A, 0xD7, 0x18, 0xAF, 0x23, 0x71, 0x6D, 0xFC, 0x64, 0x03, 0xE9, 0x04, 0x6F, 0xC1, 0x75,
    0x80, 0x54, 0x5A, 0x13, 0x17, 0x33, 0x35, 0x2C, 0x0E, 0xD1, 0x45, 0xC4, 0x06, 0x02, 0x2E, 0x96,
    0xBE, 0x60, 0xFD, 0x0D, 0x73, 0x32, 0xC5, 0xBD, 0xE7, 0x23, 0xA6, 0xA7, 0xAA, 0x79, 0xE5, 0x2B,
    0x16, 0xBA, 0x3A, 0x11, 0x9F, 0xFF, 0x2A, 0x5C, 0xE7, 0x47, 0x5F, 0xA9, 0x50, 0x3F, 0x44, 0xFD,
    0x2C, 0x95, 0xF0, 0x94, 0x8E, 0xEB, 0xA7, 0x85, 0x4D, 0x8B, 0xE9, 0x48, 0xC3, 0xF9, 0x0B, 0xF0,
    0x44, 0xF5, 0xE4, 0x97, 0xCC, 0xD6, 0x8A, 0x47, 0x48, 0xA7, 0x0B, 0x6F, 0xBC, 0x01, 0xF7, 0xE4,
    0x17, 0x4B, 0x44, 0xC8, 0x47, 0xCA, 0x63, 0xB6, 0x4C, 0xFD, 0x7A, 0x52, 0x7F, 0x25, 0xC7, 0xC3,
    0xB2, 0x9D, 0x6C, 0x24, 0x7C, 0xC5, 0xA5, 0x02, 0xE6, 0xEE, 0x3F, 0x52, 0x48, 0x80, 0xC6, 0x93,
    0x3E, 0x0C, 0x64, 0x77, 0x26, 0x60, 0x26, 0x15, 0x47, 0xF9, 0x50, 0x6A, 0xDB, 0x4A, 0xDB, 0xD4,
    0x8D, 0x17, 0xEC, 0x17, 0xC2, 0x61, 0xE3, 0x3D, 0xE5, 0x82, 0x79, 0x38, 0x91, 0xC8, 0x5D, 0x38,
    0x7E, 0xAD, 0xCD, 0x44, 0xEA, 0xEC, 0x5F, 0x66, 0xCE, 0x9B, 0xFC, 0x7A, 0xC1, 0x2D, 0xCE, 0x9B,
    0x31, 0x3E, 0x18, 0x9F, 0xDC, 0xDD, 0x6C, 0x66, 0x59, 0xCC, 0xF2, 0xB8, 0x27, 0x57, 0x22, 0x5D,
    0xF4, 0x52, 0x4F, 0x87, 0x7A, 0xD7, 0x71, 0x0D, 0x5F, 0xB2, 0xAE, 0x5A, 0x73, 0xCE, 0xD6, 0xD5,
    0x41, 0x36, 0x41, 0x11, 0xA0, 0x6C, 0xE1, 0x95, 0x2B, 0x6A, 0xB9, 0x9A, 0x78, 0xCC, 0x3E, 0x0A,
    0xF1, 0xC9, 0x75, 0x25, 0xAD, 0x6C, 0x5C, 0xC7, 0xC8, 0xC4, 0x8D, 0x32, 0x00, 0x5C, 0x49, 0xAB,
    0x68, 0x0F, 0x31, 0x7E, 0x8A, 0xC7, 0x2B, 0x6B, 0x71, 0x08, 0x53, 0xE4, 0xE5, 0xFF, 0xFE, 0x02,
    0xC0, 0xC5, 0xBB, 0x86, 0x44, 0xFE, 0xE7, 0xCC, 0x42, 0xD4, 0x42, 0x6A, 0x97, 0x4A, 0x2B, 0x79,
    0xE3, 0xE5, 0x45, 0x95, 0xBF, 0xA9, 0xB1, 0xA9, 0x16, 0x41, 0x2D, 0x3A, 0xB5, 0x50, 0xB3, 0x52,
    0x73, 0x5F, 0x54, 0x8B, 0x15, 0x90, 0x4D, 0xC0, 0x31, 0x50, 0xD6, 0x90, 0x68, 0x00, 0x12, 0x5C,
    0x68, 0xB4, 0x9B, 0xA7, 0xE8, 0xC5, 0x50, 0x85, 0x6C, 0x91, 0x39, 0x91, 0x1F, 0x0B, 0x08, 0xA4,
    0x13, 0xE4, 0x1D, 0x3C, 0xCF, 0xD5, 0xB4, 0xCA, 0x1E, 0xB6, 0x47, 0x18, 0xB6, 0x48, 0xEA, 0xE7,
    0xAF, 0xA6, 0xF5, 0x98, 0x3F, 0xD5, 0x25, 0x34, 0xDF, 0xD8, 0x1E, 0xDD, 0x52, 0x4D, 0xCD, 0x5C,
    0x8E, 0x26, 0x64, 0x5D, 0x11, 0x32, 0x9F, 0x8F, 0x79, 0x9B, 0x4D, 0x86, 0x54, 0x83, 0x65, 0x0D,
    0xDC, 0x0A, 0x9A, 0xDB, 0x60, 0x07, 0xA8, 0x02, 0x98, 0x1E, 0x8A, 0x4E, 0xC3, 0x83, 0x69, 0xA1,
    0x02, 0x8E, 0xA1, 0x9A, 0xC0, 0xDE, 0x05, 0x09, 0xD0, 0x68, 0x98, 0x8B, 0xF1, 0xBF, 0x0B, 0x46,
    0x5C, 0x67, 0xD4, 0xC5, 0x0C, 0xF9, 0xA0, 0x5E, 0xD1, 0x6F, 0xBA, 0x1C, 0x71, 0x4E, 0xEF, 0x29,
    0x63, 0xAE, 0xD6, 0xD4, 0xE6, 0x73, 0x3A, 0x6E, 0x01, 0x11, 0x78, 0xDC, 0xCF, 0xC4, 0xCD, 0x17,
    0xF7, 0x91, 0xFB, 0x7C, 0x28, 0x9E, 0xBC, 0x0F, 0xF3, 0xE5, 0xFB, 0xF8, 0x3D, 0xBD, 0x9A, 0x01,
    0xA4, 0x25, 0x57, 0x9A, 0xC7, 0x7F, 0x55, 0x35, 0xD3, 0x35, 0xD3, 0x65, 0x72, 0x82, 0x2C, 0xBB,
    0xC9, 0x26, 0x35, 0x08, 0x46, 0x4B, 0xBA, 0x00, 0x1A, 0x2F, 0x7D, 0x6A, 0x26, 0x58, 0x0C, 0x26,
    0x30, 0x0B, 0x20, 0x18, 0xAC, 0x61, 0x75, 0x23, 0x08, 0xBA, 0x53, 0x95, 0x0C, 0x82, 0x60, 0x7B,
    0x01, 0x80, 0xC6, 0x60, 0xF6, 0x35, 0x5E, 0xD0, 0x68, 0xB4, 0x3E, 0x67, 0xB6, 0xD9, 0x45, 0x90,
    0xDA, 0x5D, 0x0C, 0x16, 0x5B, 0x76, 0x07, 0x91, 0xB0, 0x7D, 0x92, 0xAD, 0xCC, 0xD4, 0xBC, 0x3E,
    0x55, 0xDF, 0xD6, 0xF7, 0xEE, 0x7B, 0xD7, 0x7D, 0x3D, 0x9D, 0x97, 0xF7, 0xFA, 0xBD, 0xEE, 0xEF,
    0xD6, 0xF7, 0xBF, 0x55, 0x55, 0xE7, 0x7C, 0xF5, 0xFB, 0xBE, 0x73, 0xAB, 0xAA, 0xEE, 0xAD, 0xCB,
    0xF9, 0xED, 0x16, 0x8C, 0x78, 0x36, 0x4D, 0x80, 0x44, 0x25, 0x93, 0x7A, 0x11, 0xE7, 0xA1, 0xB8,
    0xE2, 0xC1, 0x98, 0x1E, 0x5E, 0x31, 0x01, 0x5E, 0x2F, 0x02, 0x6C, 0x65, 0x23, 0xDC, 0xC9, 0x22,
    0xEC, 0xDE, 0x9A, 0x48, 0x44, 0x66, 0xD2, 0x1E, 0x21, 0xF3, 0x48, 0x5D, 0x78, 0x9A, 0xD6, 0xB4,
    0x34, 0xDE, 0x7D, 0x96, 0xCA, 0x28, 0x31, 0x93, 0x98, 0x6E, 0xDF, 0x24, 0x93, 0xC0, 0x81, 0x9D,
    0x93, 0x9E, 0xEA, 0x8B, 0x88, 0xFD, 0xF1, 0x4C, 0x89, 0x00, 0x42, 0xB2, 0x2D, 0x54, 0x22, 0x34,
    0x5E, 0x58, 0xBF, 0x12, 0xC1, 0xBD, 0x29, 0xD8, 0xD9, 0x75, 0xC5, 0xD0, 0x74, 0xFC, 0x15, 0x35,
    0xD8, 0x9F, 0x78, 0x28, 0x95, 0x30, 0x9F, 0x38, 0x64, 0xF3, 0x23, 0xFC, 0xED, 0x9A, 0xBF, 0x83,
    0x97, 0x95, 0xFF, 0x35, 0xE5, 0xBF, 0x94, 0x8F, 0x70, 0x7B, 0xC5, 0x1F, 0xF7, 0xF9, 0xBD, 0xF2,
    0xD7, 0xCA, 0x0F, 0xAE, 0x35, 0xE0, 0x36, 0xF8, 0x4D, 0x1D, 0x28, 0xA4, 0x27, 0x91, 0xFA, 0x50,
    0x0E, 0xE5, 0x7E, 0x0E, 0x16, 0xA1, 0x3C, 0x6E, 0x0E, 0x47, 0x52, 0x6E, 0x56, 0x39, 0x1F, 0xD6,
    0x55, 0x8E, 0x8F, 0xA9, 0xB2, 0x7B, 0xB4, 0xCA, 0x80, 0xA9, 0x81, 0x6B, 0x00, 0x71, 0x2D, 0x2E,
    0x00, 0x55, 0xD8, 0xAC, 0x79, 0xA5, 0xAC, 0x08, 0x20, 0x14, 0x22, 0xD8, 0x5D, 0x41, 0xEA, 0x0D,
    0xE6, 0x4C, 0x68, 0x66, 0x59, 0x78, 0x5D, 0x47, 0xDA, 0xAF, 0xE2, 0x56, 0x80, 0xD5, 0x77, 0x81,
    0x7C, 0x06, 0x1A, 0x0F, 0x02, 0xE9, 0x08, 0xB9, 0x67, 0x6D, 0xD5, 0x5C, 0xA7, 0xB3, 0x0B, 0x45,
    0x6F, 0x86, 0xCA, 0xE7, 0x83, 0xAD, 0xB3, 0xAE, 0x01, 0x1C, 0x20, 0x8F, 0xF1, 0x06, 0xB0, 0x2D,
    0x54, 0x9E, 0x17, 0x4C, 0xE0, 0x76, 0x2A, 0x3B, 0xBD, 0xC6, 0x20, 0x1F, 0x30, 0x1D, 0x16, 0x7E,
    0x01, 0x90, 0xCA, 0x0D, 0xF3, 0x70, 0xB4, 0xEF, 0xC7, 0xA6, 0x8E, 0x42, 0x2F, 0xB0, 0x39, 0x35,
    0xF5, 0x77, 0xAC, 0x7F, 0xAD, 0xDC, 0x1D, 0x97, 0x66, 0x98, 0x00, 0x76, 0x84, 0xBB, 0xD7, 0x49,
    0x7A, 0x53, 0x9F, 0x39, 0x98, 0x90, 0x8A, 0x2F, 0xFE, 0xB9, 0x3F, 0xCF, 0xDB, 0x27, 0x03, 0xCB,
    0x3B, 0x14, 0x4E, 0x5D, 0xE7, 0xCF, 0x1C, 0xEC, 0x3A, 0x08, 0x08, 0x3A, 0xB3, 0x06, 0xFB, 0x20,
    0x36, 0x3F, 0x8E, 0x92, 0x1C, 0x05, 0xA6, 0x55, 0x62, 0xBC, 0x0C, 0x97, 0x23, 0x94, 0x01, 0xCE,
    0xDF, 0xD8, 0x07, 0x93, 0x76, 0x05, 0x56, 0x2C, 0x60, 0x59, 0x6F, 0x6B, 0x38, 0x26, 0xD8, 0xAB,
    0x9B, 0x60, 0x86, 0xDB, 0xF9, 0x7F, 0x74, 0x89, 0xB4, 0x6C, 0xFF, 0xF9, 0x50, 0x86, 0x23, 0xC0,
    0xD8, 0x4A, 0x02, 0x94, 0x85, 0x07, 0x23, 0x35, 0x64, 0x33, 0x90, 0xFC, 0x86, 0x95, 0x39, 0x99,
    0x6B, 0xAE, 0xCC, 0x3B, 0x23, 0x59, 0x4C, 0x64, 0x11, 0x9A, 0x76, 0x91, 0xCA, 0x2F, 0x52, 0x76,
    0x8B, 0x98, 0x5E, 0x25, 0x1C, 0x16, 0x5D, 0x57, 0xAA, 0x54, 0xDA, 0xC4, 0x6A, 0x63, 0x57, 0x67,
    0x31, 0x9D, 0x34, 0xD4, 0xB0, 0x0A, 0x4A, 0x2E, 0xF7, 0x03, 0xA9, 0xDC, 0xEF, 0xC0, 0xFE, 0xAB,
    0x07, 0xFB, 0x09, 0x60, 0x3D, 0xF9, 0xBC, 0x48, 0xF9, 0x50, 0x3C, 0xB6, 0x5D, 0xC4, 0xD5, 0x8D,
    0x47, 0xB0, 0x47, 0x88, 0x36, 0x59, 0x35, 0xAE, 0x1E, 0x3E, 0x18, 0xC9, 0x67, 0x13, 0x11, 0x99,
    0xC1, 0xED, 0xBA, 0x1E, 0x13, 0x72, 0xE5, 0x4A, 0xE6, 0x45, 0x70, 0x2A, 0x4D, 0xBD, 0x88, 0x6D,
    0x77, 0x76, 0x5B, 0xEB, 0x45, 0xBC, 0xF5, 0x26, 0xB0, 0x92, 0x56, 0xB7, 0xAA, 0x38, 0x6D, 0x22,
    0x98, 0x90, 0x4E, 0x8B, 0x14, 0xA3, 0x86, 0xEA, 0x10, 0x99, 0x50, 0x70, 0x4F, 0xBA, 0xF8, 0x05,
    0xF7, 0x19, 0x56, 0xA2, 0x42, 0x9F, 0x9B, 0xAC, 0x2F, 0x1F, 0x3A, 0xAF, 0x10, 0x4A, 0x23, 0xD8,
    0xC7, 0xBA, 0x6E, 0xD3, 0x36, 0xE5, 0xC2, 0x79, 0x4E, 0x31, 0x2F, 0x6C, 0x83, 0x15, 0x0E, 0xAC,
    0x11, 0x19, 0xAB, 0x79, 0x7B, 0xCC, 0x22, 0xEF, 0x2E, 0x7E, 0x69, 0xF1, 0x57, 0x17, 0x67, 0xCF,
    0xE7, 0xED, 0x36, 0x13, 0xD1, 0x62, 0xF2, 0x88, 0xFF, 0x60, 0xF1, 0x57, 0x16, 0xBF, 0xF8, 0xD2,
    0xF4, 0xF3, 0x7B, 0x8D, 0xC8, 0xBC, 0x5C, 0x0C, 0xD6, 0xD7, 0x82, 0x54, 0x5A, 0xF3, 0x70, 0xD0,
    0x8F, 0x02, 0xB3, 0x43, 0x64, 0x5B, 0xD4, 0x40, 0xC0, 0x41, 0x53, 0x7F, 0xCF, 0xFA, 0x97, 0xCD,
    0x6E, 0x4C, 0xA4, 0xE3, 0xAD, 0xEF, 0xC2, 0x50, 0x42, 0x33, 0x41, 0x39, 0x9C, 0x39, 0x95, 0xA9,
    0x43, 0x21, 0x7D, 0x22, 0xF5, 0x89, 0xC1, 0x0E, 0x1F, 0xD5, 0x67, 0x0E, 0xB6, 0x79, 0x54, 0x1F,
    0x0F, 0xEC, 0xF5, 0x15, 0xD8, 0x99, 0x01, 0x90, 0x7B, 0x28, 0x01, 0xBB, 0xEF, 0xD5, 0x00, 0xC5,
    0xF0, 0x6D, 0x24, 0xDF, 0x39, 0x28, 0x51, 0x4F, 0x59, 0x2B, 0xFC, 0x5D, 0x88, 0xE0, 0x7E, 0x4D,
    0x19, 0x08, 0x45, 0xCB, 0xB5, 0x0A, 0xAA, 0x08, 0x66, 0x80, 0x73, 0x37, 0xCE, 0x76, 0x34, 0x19,
    0xF2, 0xDF, 0xAD, 0xCE, 0x38, 0x27, 0x1D, 0xCD, 0x01, 0x30, 0x11, 0xB8, 0x5C, 0x01, 0xB7, 0xF3,
    0x96, 0x0D, 0xAB, 0xA4, 0x25, 0x95, 0x9D, 0x81, 0x22, 0xEC, 0x9D, 0x69, 0x92, 0x11, 0xDB, 0x72,
    0x83, 0x06, 0xC0, 0x01, 0xC8, 0x86, 0x58, 0xF1, 0xA2, 0x5D, 0x9C, 0x32, 0x36, 0xF5, 0x22, 0x76,
    0x7D, 0x82, 0xD2, 0x00, 0xA4, 0x72, 0x2B, 0x6A, 0xD0, 0x1B, 0x0A, 0x41, 0xF2, 0xB0, 0x23, 0xFF,
    0xED, 0xC0, 0x77, 0x79, 0x01, 0xC8, 0xFB, 0x65, 0x47, 0xC1, 0x3C, 0x1C, 0xFB, 0xEA, 0xB7, 0x13,
    0xD6, 0xCF, 0xEB, 0x43, 0x55, 0x97, 0x97, 0xF5, 0x64, 0xD2, 0xAD, 0x2F, 0xCC, 0x95, 0x8C, 0x18,
    0x91, 0xFA, 0x25, 0x11, 0xFF, 0x1E, 0xA5, 0x8F, 0x98, 0x3D, 0x9F, 0xB0, 0xB5, 0xFD, 0x62, 0xA2,
    0x90, 0x1E, 0x2E, 0xE5, 0x1E, 0x5E, 0x2F, 0x5B, 0x30, 0x02, 0xA4, 0x23, 0x1B, 0xA6, 0x18, 0x9A,
    0xDB, 0x48, 0x11, 0x12, 0x85, 0xE4, 0xB6, 0xE6, 0xA6, 0x64, 0xA7, 0xCC, 0xED, 0x91, 0xBB, 0xA7,
    0x8D, 0xDC, 0x86, 0x25, 0xB7, 0x78, 0x38, 0x37, 0xFF, 0x84, 0xB9, 0x25, 0x03, 0x28, 0xCA, 0x4A,
    0x74, 0xF1, 0xD9, 0x8C, 0xDB, 0x75, 0x40, 0xF6, 0x5D, 0xE7, 0x29, 0xCE, 0x7E, 0xDC, 0x1E, 0x4F,
    0xDF, 0x7F, 0x03, 0xFD, 0x85, 0xED, 0x76, 0x2F, 0x05, 0x47, 0x3E, 0x71, 0x34, 0xFD, 0x86, 0x65,
    0x3D, 0x90, 0x7B, 0xA0, 0x68, 0x01, 0x03, 0x90, 0xB5, 0x50, 0xD4, 0x60, 0x80, 0x92, 0xA7, 0xF3,
    0x99, 0x4C, 0x67, 0x20, 0x97, 0x1A, 0xCC, 0xA7, 0x1E, 0x2E, 0xA6, 0x3D, 0xBC, 0xCA, 0xDB, 0x00,
    0x20, 0x92, 0x49, 0x74, 0x73, 0x2A, 0xE3, 0xEA, 0x2A, 0xF8, 0x38, 0xD9, 0xDD, 0x76, 0xDE, 0x88,
    0xC8, 0x6A, 0xF1, 0x68, 0xD9, 0x0B, 0xB5, 0x17, 0x94, 0x5F, 0x02, 0x48, 0x0B, 0xD9, 0x1F, 0x3B,
    0x28, 0xDE, 0x0F, 0xF0, 0x7D, 0x5E, 0x65, 0x65, 0x36, 0x02, 0x95, 0x4A, 0xF6, 0xA8, 0xB8, 0x96,
    0x4C, 0x76, 0x02, 0xD9, 0x5C, 0x8C, 0x64, 0x31, 0x8B, 0xC7, 0x96, 0x4A, 0xDE, 0x94, 0xDA, 0xCA,
    0x7D, 0x69, 0xF7, 0x08, 0x76, 0x94, 0x65, 0x75, 0x07, 0xA2, 0x22, 0x8B, 0xC5, 0x5B, 0xF3, 0xB6,
    0xFB, 0x6C, 0xB5, 0x6E, 0x99, 0xF3, 0x99, 0x88, 0xAC, 0xB6, 0x1E, 0x2D, 0x3B, 0xEB, 0xB4, 0x24,
    0x80, 0x0B, 0x60, 0x02, 0x88, 0x04, 0x76, 0x76, 0x6F, 0x62, 0xBE, 0x9A, 0x31, 0xE2, 0xBC, 0x19,
    0xCB, 0xDE, 0x0C, 0x26, 0x7C, 0xDB, 0xCB, 0xCD, 0x66, 0x12, 0x31, 0x02, 0x94, 0xFD, 0xC7, 0x56,
    0xFA, 0xAB, 0x4D, 0x0B, 0x00, 0x56, 0x42, 0x25, 0x37, 0xB3, 0xC8, 0x31, 0xA7, 0xA5, 0xB1, 0x76,
    0xE9, 0x82, 0x93, 0xFE, 0x4B, 0xD7, 0xAE, 0x6B, 0x5B, 0x7D, 0x7B, 0xC7, 0xD6, 0x8A, 0xBF, 0xB0,
    0x8D, 0x15, 0x56, 0x26, 0xE2, 0xDD, 0xDC, 0x9A, 0xC0, 0x31, 0xA7, 0xA5, 0xB1, 0x88, 0x97, 0xB8,
    0xFD, 0x1B, 0x90, 0xE0, 0xBE, 0x21, 0x51, 0x91, 0xE5, 0xAE, 0x62, 0x28, 0x69, 0x26, 0xCA, 0xE1,
    0x54, 0x7B, 0xEA, 0x4B, 0x37, 0x6B, 0x88, 0xA3, 0xF7, 0xF6, 0x64, 0xB1, 0x93, 0x40, 0xEE, 0x31,
    0x3A, 0x51, 0x08, 0xE9, 0x4C, 0xDE, 0x69, 0xC4, 0xBC, 0x3B, 0x7A, 0x6F, 0x69, 0x67, 0xEA, 0x0A,
    0x4B, 0x35, 0x15, 0x31, 0xEF, 0xF6, 0x43, 0xE6, 0xDD, 0xA9, 0xF2, 0x3C, 0x3A, 0xBB, 0x4F, 0xF5,
    0x68, 0xFD, 0x48, 0x3E, 0x33, 0x01, 0xE1, 0xD4, 0xA2, 0x7B, 0x54, 0x4C, 0x01, 0x58, 0x0B, 0xF3,
    0xC1, 0xC1, 0x58, 0x0D, 0x80, 0x6D, 0xC9, 0xBB, 0x64, 0xD0, 0x7B, 0x7B, 0x75, 0x9D, 0x07, 0x90,
    0x60, 0xA3, 0x0B, 0x95, 0xAE, 0x3B, 0x96, 0xBB, 0x39, 0x8B, 0x22, 0x6F, 0x6E, 0xDC, 0x56, 0xE4,
    0x23, 0x8A, 0x81, 0xEB, 0x60, 0xD6, 0x35, 0x85, 0x60, 0x7E, 0xE6, 0xB7, 0xD2, 0xF0, 0x64, 0x07,
    0xC3, 0xC6, 0xA4, 0xB1, 0x4D, 0xD0, 0xC8, 0x33, 0xE8, 0x70, 0x3E, 0xA8, 0xCB, 0xBC, 0x7B, 0x81,
    0xB7, 0x00, 0x23, 0x14, 0x02, 0xC7, 0x9E, 0x12, 0x65, 0xD3, 0x52, 0xD8, 0x16, 0x1D, 0x00, 0xAF,
    0x03, 0xD0, 0x9A, 0x90, 0xEA, 0x2E, 0xB2, 0x7E, 0x91, 0xA2, 0x5D, 0xE4, 0x22, 0x8B, 0xDC, 0x01,
    0xF3, 0x55, 0x40, 0x4F, 0xD4, 0x60, 0x64, 0x02, 0x33, 0x88, 0x6E, 0x70, 0xDA, 0xC4, 0x76, 0x8B,
    0x94, 0x61, 0x11, 0xA3, 0x7D, 0xF3, 0x19, 0x37, 0x7F, 0x20, 0x9D, 0x88, 0x6F, 0x7A, 0x36, 0x6C,
    0x04, 0x18, 0x80, 0x34, 0x00, 0x99, 0x87, 0xF5, 0x59, 0xE7, 0x90, 0x8B, 0x7E, 0x2C, 0xFA, 0x25,
    0x2E, 0x26, 0x5C, 0x5B, 0x3C, 0x60, 0xFE, 0xAF, 0xC3, 0x3C, 0x0C, 0x18, 0x19, 0x31, 0x7F, 0x98,
    0xB4, 0xCD, 0xE2, 0x4D, 0xAB, 0xFB, 0x76, 0xB3, 0x19, 0x45, 0xD2, 0xC8, 0x81, 0x65, 0x1D, 0xE4,
    0x7E, 0x7D, 0x01, 0x92, 0x20, 0xC1, 0x7D, 0x63, 0xBC, 0x01, 0xF3, 0xC7, 0x88, 0x09, 0xB3, 0x26,
    0x53, 0x9B, 0xA0, 0xA7, 0xFA, 0x6A, 0x14, 0xC9, 0x23, 0x55, 0x00, 0xEB, 0xE1, 0x1E, 0x24, 0xC3,
    0xE2, 0xED, 0xFA, 0xE3, 0x8F, 0x9B, 0x35, 0x6F, 0x8E, 0xEB, 0xDF, 0x5B, 0xFC, 0xB5, 0xC5, 0xB7,
    0xD4, 0xAF, 0x7C, 0xFD, 0xF3, 0x28, 0x22, 0x91, 0x0B, 0x35, 0x42, 0x1A, 0xC9, 0x7A, 0xCE, 0x01,
    0x20, 0x01, 0x17, 0x30, 0x27, 0x99, 0xDC, 0x8C, 0xC8, 0xD9, 0x21, 0x1D, 0x98, 0xE9, 0xA0, 0xF4,
    0x50, 0x01, 0x5B, 0xDF, 0x7C, 0xAE, 0x38, 0x7C, 0x14, 0x03, 0x14, 0x9D, 0xF1, 0x86, 0x97, 0x95,
    0x68, 0x74, 0xF3, 0xFB, 0xC1, 0x84, 0xB4, 0x33, 0x21, 0x6B, 0x9F, 0x94, 0x48, 0x42, 0x74, 0x61,
    0x34, 0x5F, 0x06, 0xF3, 0x95, 0x3F, 0xC3, 0x92, 0xE4, 0xDD, 0x1A, 0x5D, 0xE7, 0x57, 0xEB, 0xBF,
    0xB3, 0xBF, 0xF3, 0x6B, 0x8B, 0xDF, 0xBD, 0xF2, 0xF5, 0xDF, 0xAE, 0x00, 0x8E, 0x1A, 0x93, 0xEB,
    0x26, 0xC8, 0xDE, 0x74, 0xFD, 0xB8, 0x00, 0x3F, 0xD4, 0xE3, 0x08, 0x23, 0x2D, 0x66, 0x5C, 0xAD,
    0x6B, 0x02, 0xEC, 0x1C, 0x55, 0x81, 0xC3, 0xB5, 0xFF, 0xD2, 0x88, 0x99, 0x4C, 0x68, 0xC2, 0xCE,
    0x23, 0xB5, 0x2F, 0x02, 0x60, 0x3C, 0x50, 0xAD, 0x7F, 0xCA, 0x7B, 0x8B, 0x95, 0x49, 0x40, 0xA2,
    0x8B, 0xB8, 0xCF, 0xCC, 0x84, 0xC1, 0x08, 0x2A, 0x7E, 0x11, 0xDB, 0x2D, 0x52, 0x86, 0x45, 0x8A,
    0xB8, 0x48, 0x36, 0x2D, 0x92, 0xC8, 0x22, 0xB8, 0x4F, 0x31, 0xD8, 0x07, 0x07, 0xCD, 0x73, 0x95,
    0x54, 0x05, 0x59, 0xE2, 0xD0, 0x20, 0x91, 0x0A, 0x70, 0x35, 0xC9, 0x04, 0x59, 0x80, 0x73, 0x35,
    0x00, 0xF2, 0xDF, 0x33, 0x6E, 0xDE, 0xBF, 0x6D, 0x08, 0xDF, 0xFE, 0x72, 0x93, 0x99, 0x64, 0x36,
    0xF3, 0xD3, 0xA3, 0xDC, 0xB4, 0xBB, 0x00, 0x03, 0x40, 0x00, 0x92, 0xEE, 0xC9, 0x79, 0x39, 0xB0,
    0xBC, 0x83, 0xC2, 0x83, 0xA9, 0xE1, 0x39, 0xA0, 0x4C, 0x02, 0x14, 0xF7, 0x3D, 0x64, 0x52, 0x03,
    0x02, 0xF0, 0x77, 0x4F, 0x7D, 0x2C, 0x92, 0x60, 0xE0, 0xFA, 0x75, 0xA8, 0x06, 0x38, 0x7F, 0xF3,
    0x54, 0x63, 0x51, 0x01, 0x60, 0x5B, 0x80, 0xCA, 0x03, 0x14, 0x2D, 0x40, 0x7E, 0x65, 0x74, 0x2D,
    0x17, 0x4B, 0x79, 0x10, 0x78, 0x27, 0x9B, 0xF3, 0x11, 0xB2, 0x69, 0x75, 0xE1, 0x3B, 0x99, 0x96,
    0xF2, 0x2B, 0xA9, 0xD1, 0x9B, 0x5A, 0x7F, 0x44, 0x45, 0xFA, 0xC3, 0x15, 0x99, 0x17, 0x41, 0x54,
    0x1A, 0xAD, 0x48, 0xB5, 0xAE, 0x48, 0xA6, 0x92, 0xA8, 0xE0, 0xB4, 0x22, 0x16, 0x89, 0x94, 0x00,
    0xE6, 0xB0, 0x5C, 0x04, 0xD2, 0x08, 0x64, 0xC3, 0xC9, 0x6B, 0x33, 0x9B, 0x20, 0xB2, 0x79, 0x3C,
    0x97, 0xFD, 0xAA, 0x3A, 0x52, 0x93, 0xFC, 0x09, 0x2E, 0x6C, 0x03, 0x56, 0xD8, 0xB4, 0x2B, 0x33,
    0xA4, 0xF3, 0x4E, 0x8F, 0xE9, 0xB3, 0x51, 0x1B, 0x4F, 0xD8, 0x56, 0x21, 0xA1, 0xA9, 0x05, 0x6C,
    0xAB, 0xE2, 0x1F, 0x23, 0xED, 0x5E, 0x13, 0x6D, 0xBC, 0xEA, 0xA6, 0x01, 0x56, 0xA1, 0x34, 0x28,
    0x8F, 0x3E, 0x19, 0x49, 0x44, 0x2F, 0x69, 0x51, 0xFB, 0xD1, 0xD4, 0x4D, 0xED, 0x34, 0x34, 0xD6,
    0x6F, 0xBA, 0xAE, 0xD3, 0x6D, 0xDA, 0x46, 0xDB, 0x6A, 0x1F, 0x82, 0x01, 0xEE, 0x5C, 0x04, 0x6C,
    0x04, 0x8A, 0xFE, 0xD9, 0xF0, 0x9B, 0xF6, 0xE3, 0xF5, 0x77, 0xFB, 0x53, 0xE7, 0x60, 0xFE, 0x67,
    0x80, 0xF2, 0xC3, 0x1E, 0x2E, 0x9B, 0x56, 0xB3, 0x79, 0x36, 0x39, 0x70, 0xCF, 0xD6, 0x8C, 0xEF,
    0x91, 0x85, 0x91, 0xFC, 0x83, 0xFE, 0x74, 0x39, 0x54, 0x22, 0x32, 0x2E, 0xB1, 0xE7, 0x5B, 0xE3,
    0xB2, 0x9B, 0xC8, 0x58, 0xF9, 0x45, 0xEF, 0xD8, 0x76, 0xD1, 0xE7, 0x1D, 0x8B, 0x22, 0x07, 0x3A,
    0x6F, 0xD7, 0x8B, 0x8A, 0xB4, 0xEB, 0x35, 0x6B, 0x6D, 0x54, 0xB1, 0xF5, 0xA2, 0x7F, 0xAD, 0x11,
    0x78, 0x4D, 0xA3, 0xB1, 0xA5, 0x91, 0xB7, 0x23, 0xBA, 0x97, 0x98, 0xC8, 0x8D, 0x2B, 0xBF, 0xC7,
    0x3C, 0xDC, 0x9D, 0x67, 0xE5, 0xEC, 0x95, 0xA5, 0xF1, 0x4A, 0x63, 0xFD, 0x1E, 0xE1, 0xE7, 0x4E,
    0x55, 0x44, 0xD5, 0xC3, 0x4A, 0x1D, 0xB6, 0x43, 0x73, 0xEA, 0x53, 0xED, 0x35, 0xE4, 0xB5, 0x79,
    0x38, 0xCF, 0x0E, 0x8D, 0x36, 0x02, 0x52, 0x43, 0x3A, 0x01, 0x79, 0x00, 0x4C, 0x0B, 0x7C, 0x9F,
    0x7D, 0x13, 0x99, 0xEB, 0x83, 0x1F, 0xAE, 0x8B, 0x61, 0x91, 0x2C, 0x1E, 0x96, 0x51, 0x37, 0x04,
    0xCC, 0xAE, 0xF3, 0x18, 0x11, 0x30, 0x41, 0xEA, 0x45, 0x74, 0x31, 0x58, 0xED, 0x56, 0x85, 0x45,
    0x8C, 0x36, 0xCE, 0x27, 0xDC, 0x9C, 0x49, 0x2B, 0x42, 0xA3, 0x9B, 0xA9, 0x3C, 0xEF, 0xC1, 0xAF,
    0x01, 0xE4, 0xDF, 0xA2, 0xFB, 0x9D, 0x98, 0x07, 0x62, 0x62, 0x63, 0x86, 0xAD, 0x23, 0xEF, 0x10,
    0x66, 0x8E, 0x44, 0x52, 0xC9, 0x75, 0x43, 0xD9, 0x63, 0x44, 0x69, 0x76, 0x57, 0x5C, 0x7E, 0x91,
    0xA6, 0x53, 0xAE, 0xF5, 0x3D, 0x6F, 0xB1, 0x46, 0xC2, 0x79, 0xD6, 0x46, 0xDE, 0x03, 0x85, 0x07,
    0x4C, 0x0D, 0x3C, 0x07, 0xC8, 0xBF, 0xEF, 0x11, 0xFE, 0xAF, 0x98, 0xD1, 0x9A, 0x70, 0x14, 0xE1,
    0x3A, 0x44, 0xE1, 0x31, 0xB5, 0x76, 0xCE, 0x7C, 0x09, 0x49, 0xB8, 0x0B, 0xB8, 0x01, 0xB0, 0x3D,
    0xF0, 0x62, 0xFB, 0xD4, 0x8B, 0x6C, 0xEA, 0x21, 0xD3, 0xE7, 0x30, 0x35, 0xBF, 0xE4, 0x84, 0x29,
    0xB8, 0x16, 0x66, 0x48, 0x47, 0xC8, 0x3A, 0x38, 0xC7, 0xCA, 0xDC, 0x9F, 0xC8, 0x77, 0xA5, 0x2D,
    0x3B, 0xFD, 0xC4, 0x95, 0xB5, 0xF5, 0xAB, 0x64, 0xAA, 0x11, 0x8C, 0xDC, 0x20, 0x97, 0x09, 0x9C,
    0xD4, 0xE4, 0xD2, 0x41, 0xD3, 0x5F, 0xA4, 0x0C, 0x0D, 0x46, 0xBD, 0xB7, 0xBE, 0xF2, 0xD5, 0xAE,
    0x90, 0xCA, 0xEF, 0xC1, 0x0C, 0x54, 0xDD, 0x7A, 0xF4, 0x73, 0xA9, 0xED, 0x4E, 0x7F, 0x37, 0x0B,
    0x31, 0x09, 0x42, 0xE7, 0x06, 0xAC, 0xB4, 0x85, 0x04, 0xAE, 0x8C, 0xCF, 0xA7, 0x71, 0x60, 0x8C,
    0xC9, 0xE0, 0x76, 0xFA, 0x97, 0xE6, 0x9A, 0xB2, 0x03, 0x1B, 0x60, 0xBC, 0x4B, 0xD6, 0x57, 0xAC,
    0xCD, 0x8D, 0x0A, 0x56, 0xAF, 0xC0, 0xAA, 0xC5, 0x5F, 0x39, 0x12, 0xEC, 0x45, 0xCA, 0x60, 0xF7,
    0xC1, 0x9A, 0x7D, 0xB0, 0x73, 0x0B, 0x58, 0x36, 0x53, 0x2C, 0x51, 0xFE, 0xC6, 0xFF, 0x88, 0x9B,
    0xAC, 0xC1, 0xD2, 0x10, 0xE9, 0x05, 0x36, 0xC1, 0x7E, 0x78, 0x18, 0xEC, 0x30, 0x40, 0xB9, 0xF8,
    0x73, 0x4F, 0x04, 0xC0, 0x0F, 0x00, 0xD3, 0x41, 0x16, 0x56, 0x7E, 0xA5, 0x87, 0xA6, 0x3D, 0x09,
    0x49, 0x47, 0x32, 0x81, 0xD5, 0xE9, 0xFC, 0x4C, 0x31, 0xAE, 0x0A, 0x35, 0xDC, 0x85, 0xF7, 0x06,
    0xA8, 0x7A, 0x38, 0xDF, 0x9E, 0xE9, 0x68, 0xBE, 0x91, 0xF4, 0xE6, 0x23, 0x9F, 0x0B, 0xC9, 0x3F,
    0x9D, 0x6C, 0x34, 0x9D, 0x88, 0xB4, 0xF7, 0x76, 0x76, 0x5D, 0x7B, 0x47, 0xBF, 0xB6, 0xDE, 0x36,
    0x21, 0x6F, 0xAF, 0x9A, 0x90, 0xD5, 0x98, 0x00, 0x4F, 0x20, 0x57, 0xA6, 0x1A, 0x44, 0x3C, 0x64,
    0x9E, 0x45, 0x22, 0xC0, 0x7B, 0x00, 0x16, 0x78, 0x71, 0x02, 0xCA, 0x01, 0x92, 0x40, 0x16, 0x28,
    0x83, 0x36, 0xDD, 0xD9, 0x3D, 0xF2, 0x37, 0x91, 0x81, 0x5C, 0x7C, 0x22, 0x2D, 0xEF, 0x80, 0x03,
    0xE3, 0x97, 0x29, 0x75, 0x75, 0x36, 0x41, 0x28, 0x3C, 0x6C, 0x59, 0xA0, 0x8A, 0xA0, 0x4D, 0xD7,
    0x8F, 0x35, 0xE0, 0xCC, 0x53, 0x73, 0x73, 0xBB, 0x9F, 0x1A, 0x11, 0x06, 0xFE, 0x31, 0xA4, 0x5F,
    0xF9, 0xE2, 0x38, 0x29, 0x04, 0xF2, 0x59, 0x53, 0xD8, 0x43, 0x72, 0xB7, 0xE6, 0x9D, 0xF6, 0x6E,
    0x16, 0x17, 0xA4, 0x2C, 0xE6, 0xED, 0x3B, 0x8B, 0xD4, 0x8F, 0xFC, 0xE8, 0x99, 0x89, 0x04, 0xD2,
    0x5B, 0xF3, 0x4D, 0x5D, 0xE4, 0x08, 0xD9, 0x91, 0x15, 0xD2, 0x37, 0xD6, 0x53, 0xA4, 0x2D, 0xBF,
    0x7E, 0x3C, 0x0C, 0xA6, 0xFB, 0x11, 0xD8, 0xF1, 0x0E, 0xBC, 0xEB, 0x02, 0xBC, 0x5D, 0x76, 0xAC,
    0x0D, 0x91, 0xFB, 0x12, 0xDC, 0xFC, 0x81, 0xEB, 0xB5, 0x0F, 0x4F, 0x28, 0xC5, 0xC0, 0x2B, 0x4A,
    0xBA, 0x05, 0xF2, 0xC5, 0x00, 0x2F, 0x29, 0xAF, 0x7B, 0xD3, 0xA7, 0x22, 0x75, 0xF6, 0x2F, 0x33,
    0x07, 0x26, 0xC1, 0x85, 0x66, 0x79, 0x99, 0x63, 0xBC, 0x8A, 0xA1, 0x0A, 0xD9, 0x2C, 0x53, 0x22,
    0x1F, 0xCA, 0xFA, 0x3F, 0x35, 0xCF, 0x86, 0x7C, 0xEF, 0xA7, 0xCD, 0x78, 0x4A, 0xEA, 0x8F, 0x84,
    0xAD, 0xD4, 0x43, 0xF5, 0xD3, 0x8D, 0xA7, 0x42, 0xCF, 0x86, 0x3F, 0x94, 0xE0, 0x66, 0x28, 0x87,
    0x53, 0xE5, 0x80, 0xFB, 0x50, 0x58, 0x9D, 0x9D, 0x27, 0xC0, 0x98, 0x4D, 0x59, 0xAD, 0xE3, 0xE6,
    0xD3, 0xCF, 0xA6, 0xEC, 0xE0, 0xDE, 0x08, 0x61, 0x0B, 0x6E, 0xBF, 0x0B, 0xCD, 0xC0, 0xFA, 0x9B,
    0x74, 0x90, 0x25, 0x27, 0x77, 0xF2, 0xAC, 0x92, 0xD1, 0x41, 0xF6, 0x65, 0x84, 0xE2, 0x7E, 0x80,
    0xB2, 0x68, 0x01, 0x9E, 0x41, 0x2E, 0x9F, 0xF4, 0x58, 0xE3, 0xB9, 0x56, 0x41, 0xB8, 0x76, 0xAA,
    0x63, 0xE2, 0x29, 0x52, 0x26, 0x01, 0xC8, 0xBB, 0xF5, 0x9D, 0x99, 0x4A, 0xB1, 0x5B, 0x43, 0x22,
    0xEB, 0x9A, 0x9F, 0xFC, 0x68, 0xE0, 0x75, 0x60, 0x80, 0x34, 0x40, 0xA6, 0xEF, 0x12, 0xA0, 0xE9,
    0x01, 0x01, 0x74, 0xB9, 0x06, 0xC8, 0xFF, 0xD3, 0x03, 0x98, 0x9F, 0x04, 0x80, 0xBF, 0xE4, 0xED,
    0x8D, 0x71, 0x61, 0x0B, 0x89, 0x6E, 0xE6, 0x3A, 0x3B, 0xA3, 0x09, 0x08, 0x85, 0xD7, 0x37, 0x4C,
    0x5D, 0x0C, 0x89, 0xD4, 0x86, 0x7C, 0x4C, 0xC5, 0x97, 0x64, 0x31, 0x13, 0x7F, 0x91, 0x34, 0xE6,
    0xFF, 0xD5, 0xBF, 0x41, 0x32, 0x17, 0x3F, 0x0B, 0x9A, 0xA0, 0x29, 0x86, 0x77, 0xF5, 0x2D, 0x1F,
    0x6F, 0x83, 0xFB, 0xFB, 0x2C, 0x06, 0xB0, 0x77, 0xD3, 0x49, 0xDF, 0x62, 0x22, 0xAB, 0x0B, 0xB2,
    0x74, 0x50, 0x06, 0x9C, 0x07, 0x13, 0xB0, 0x2D, 0x98, 0x1E, 0x5B, 0xA3, 0x8B, 0x00, 0x55, 0xE4,
    0xE0, 0xFB, 0xA0, 0xFE, 0x73, 0x62, 0xDF, 0x1A, 0xC9, 0xBC, 0x04, 0x3B, 0x67, 0x5D, 0xD3, 0x17,
    0x21, 0xEF, 0x0D, 0xF9, 0x60, 0x82, 0x21, 0x1B, 0xCD, 0xF0, 0x32, 0x59, 0x2C, 0xC7, 0xD7, 0x48,
    0xE2, 0x1B, 0x71, 0x0B, 0xA6, 0x4B, 0xF1, 0x12, 0xCC, 0x57, 0xA7, 0xAB, 0xE0, 0x3E, 0xBE, 0xF7,
    0xB1, 0x16, 0xC1, 0xF6, 0x60, 0xBD, 0xED, 0x54, 0x2B, 0x0F, 0x65, 0x5B, 0xB6, 0x90, 0x45, 0xA0,
    0x98, 0x80, 0xD2, 0x02, 0x5B, 0x45, 0x0B, 0xBF, 0x48, 0xEA, 0xF5, 0x13, 0x3C, 0x1D, 0xFF, 0x54,
    0x7A, 0x13, 0x69, 0xC8, 0x23, 0xD7, 0xC9, 0x26, 0x22, 0x89, 0x24, 0x03, 0xC8, 0x9B, 0x1A, 0xF2,
    0x57, 0x1E, 0xAA, 0x4F, 0x34, 0x87, 0x07, 0x40, 0x3E, 0x1D, 0xEB, 0x22, 0x43, 0xA9, 0x5D, 0x47,
    0x18, 0x2E, 0x93, 0xD4, 0xAB, 0x14, 0xDD, 0x5C, 0xC5, 0x66, 0x2A, 0x47, 0x13, 0xB2, 0xAE, 0x08,
    0x99, 0xCF, 0xC7, 0xBC, 0xCD, 0xA2, 0x21, 0x5D, 0x9C, 0xF9, 0x15, 0x70, 0x5B, 0xD0, 0x5C, 0x03,
    0x3B, 0x40, 0x15, 0xC0, 0xF4, 0x50, 0x1C, 0xFC, 0xEE, 0xD3, 0x42, 0x05, 0xDC, 0x5B, 0x55, 0xCF,
    0xDE, 0x00, 0x2E, 0x6A, 0x82, 0xD6, 0xFA, 0xFD, 0x39, 0xE0, 0x88, 0xB4, 0xA2, 0xA6, 0x35, 0xEF,
    0xA5, 0x95, 0x29, 0xDB, 0x4F, 0x35, 0xAD, 0x7F, 0xD0, 0xB4, 0xE4, 0x04, 0x69, 0x21, 0x90, 0x46,
    0xC8, 0x82, 0x22, 0xAD, 0xBF, 0x7C, 0x59, 0x91, 0x60, 0xB7, 0x5D, 0xD8, 0xC2, 0x76, 0x5B, 0xB8,
    0x76, 0x2B, 0x11, 0x9E, 0xCF, 0x26, 0x28, 0x22, 0x98, 0x01, 0x6C, 0x0F, 0x8D, 0x07, 0xA9, 0x49,
    0x65, 0xB5, 0x3B, 0x33, 0x72, 0xB5, 0x0A, 0x5C, 0xB5, 0x1D, 0x41, 0x3E, 0xBF, 0x15, 0x44, 0x24,
    0x90, 0x45, 0xCD, 0xBA, 0xAA, 0x79, 0x61, 0x3F, 0xAC, 0xBD, 0x35, 0x5F, 0xCA, 0xE2, 0x3B, 0xC5,
    0xA0, 0x15, 0xB5, 0x1E, 0x57, 0xAF, 0x9E, 0x29, 0x14, 0x43, 0x56, 0xF6, 0xB9, 0xF5, 0xC6, 0x7D,
    0xEE, 0x44, 0xE4, 0x31, 0xFF, 0x73, 0x39, 0x02, 0x6C, 0x5E, 0x81, 0x95, 0x9B, 0x60, 0xED, 0x9F,
    0x83, 0xF5, 0x1B, 0x60, 0x65, 0x8D, 0xF5, 0x3A, 0x95, 0xF5, 0x1A, 0x6C, 0x2B, 0x8B, 0x97, 0x14,
    0x2C, 0xEC, 0x83, 0x09, 0x0A, 0x36, 0xE6, 0x65, 0x28, 0x6C, 0xB7, 0x0F, 0x96, 0xF4, 0x06, 0xEE,
    0x5C, 0x07, 0x3B, 0x42, 0x19, 0xF4, 0xA6, 0xEB, 0x4C, 0x2B, 0x56, 0xB4, 0xD7, 0xD2, 0x3F, 0x04,
    0xC4, 0xF3, 0x17, 0xF5, 0xC9, 0x2A, 0xD6, 0x8C, 0xE9, 0x3C, 0xE7, 0xC3, 0xE5, 0x22, 0xBC, 0x7A,
    0xA2, 0x87, 0x6C, 0xFF, 0x0F, 0xD5, 0x99, 0x31, 0x90, 0xDE, 0xC6, 0x75, 0xC7, 0x7F, 0xC0, 0xDA,
    0x84, 0x87, 0x48, 0xB4, 0x2E, 0x98, 0x89, 0x13, 0xD9, 0x82, 0x0B, 0x17, 0x19, 0x8F, 0x44, 0x34,
    0x2E, 0x58, 0x1C, 0xB9, 0xB0, 0x59, 0xB8, 0xB4, 0x8A, 0xD8, 0xAD, 0x53, 0xA8, 0x49, 0x1A, 0xBA,
    0xD0, 0x4C, 0x54, 0x30, 0xC2, 0x4A, 0x2E, 0x38, 0x13, 0x15, 0x3A, 0xD7, 0x29, 0xC4, 0xC2, 0x85,
    0x7D, 0x2E, 0xCE, 0x05, 0x0B, 0x16, 0x32, 0x77, 0x15, 0x16, 0x2E, 0x85, 0xC4, 0x93, 0x51, 0x8B,
    0x28, 0x2A, 0x14, 0x71, 0x12, 0xAE, 0x22, 0x38, 0x82, 0x8E, 0xF8, 0xF0, 0xB2, 0x58, 0x7C, 0x77,
    0x73, 0x47, 0x89, 0x22, 0x47, 0x47, 0x49, 0x93, 0xC7, 0xEF, 0xFD, 0xFF, 0xCB, 0xBD, 0x05, 0xF0,
    0xFE, 0x1F, 0x16, 0xDF, 0xBE, 0x7D, 0x00, 0x78, 0x9D, 0x2B, 0x33, 0x92, 0xCF, 0xFB, 0xBD, 0xD3,
    0xBD, 0x1A, 0xCF, 0xD7, 0x9E, 0xCD, 0x8E, 0xB1, 0xB8, 0xE0, 0xA0, 0x6D, 0x04, 0x8C, 0x5D, 0xC0,
    0x7F, 0x02, 0xD8, 0x34, 0x64, 0x19, 0xCC, 0x72, 0x18, 0xCB, 0x09, 0x58, 0x4E, 0xC5, 0x72, 0x52,
    0x80, 0x73, 0xC0, 0x0C, 0x48, 0x26, 0x9D, 0xD3, 0xF7, 0xA6, 0x4B, 0xF1, 0x98, 0x9D, 0xB6, 0x69,
    0x7B, 0x97, 0x4E, 0x71, 0xD2, 0x1D, 0xC6, 0xC6, 0xBF, 0x35, 0x4B, 0x2B, 0x8E, 0x25, 0x1E, 0x03,
    0x40, 0x8D, 0xC8, 0x1B, 0x62, 0xFC, 0xFE, 0x6C, 0x5D, 0xED, 0x75, 0x40, 0x97, 0x76, 0x41, 0xCD,
    0x82, 0xBF, 0x4B, 0xB8, 0x9B, 0x10, 0x1E, 0x1D, 0xCB, 0x81, 0xA7, 0x40, 0x4D, 0xEC, 0x40, 0x26,
    0x77, 0x06, 0xE0, 0x49, 0xB1, 0x24, 0x7B, 0x16, 0xC8, 0x47, 0x40, 0x4D, 0x12, 0xE4, 0xFD, 0xA9,
    0x0D, 0x2E, 0x5C, 0xD5, 0x41, 0x87, 0x1B, 0x11, 0x3E, 0xEC, 0x22, 0x1C, 0x10, 0x21, 0x3C, 0x00,
    0xAA, 0x40, 0x39, 0xB6, 0x01, 0x25, 0x77, 0x36, 0xE0, 0xAE, 0x6D, 0x58, 0x2D, 0x68, 0x56, 0x7B,
    0xFD, 0x22, 0xAB, 0x99, 0x91, 0xD5, 0x74, 0x60, 0xB5, 0x33, 0xBB, 0x1C, 0x59, 0x2B, 0x62, 0x31,
    0x22, 0xA1, 0x9E, 0xF7, 0x47, 0xCC, 0x9E, 0x0B, 0x6A, 0xCA, 0x84, 0x1D, 0x4C, 0xA7, 0x26, 0x5A,
    0xBB, 0x83, 0xF3, 0xB1, 0x61, 0xFC, 0x4E, 0x26, 0xC4, 0x46, 0xD5, 0x9D, 0x53, 0xF3, 0xD2, 0xD0,
    0x3D, 0xE5, 0x94, 0x1A, 0x01, 0x3D, 0x6C, 0x1B, 0x26, 0x6C, 0x1B, 0xAD, 0xDF, 0x8E, 0x11, 0xBB,
    0x36, 0x72, 0x61, 0x3D, 0xBC, 0xD8, 0x40, 0x3A, 0xA1, 0x9E, 0xF8, 0xD9, 0x72, 0x89, 0xA6, 0x0E,
    0x4B, 0x23, 0x9B, 0x31, 0x3D, 0xBF, 0x7D, 0x72, 0xF3, 0xD3, 0x01, 0xF9, 0xB7, 0x9F, 0x84, 0x56,
    0xE6, 0x06, 0x11, 0x09, 0x00, 0x3C, 0x93, 0x05, 0xB7, 0x74, 0xE8, 0x57, 0xFC, 0x95, 0x25, 0x50,
    0x25, 0xA4, 0x38, 0xF9, 0x35, 0x29, 0x4C, 0x58, 0xB8, 0xF6, 0x22, 0x53, 0xBA, 0x4A, 0x1C, 0x93,
    0x2E, 0xDB, 0xEB, 0xB0, 0xF0, 0xFB, 0x5D, 0xDD, 0x6D, 0x03, 0xB3, 0x2B, 0xCB, 0x1A, 0x96, 0xDA,
    0xA4, 0xA8, 0xFA, 0x62, 0x4C, 0xC7, 0x77, 0x3A, 0xAC, 0xC1, 0x99, 0xEE, 0x4F, 0x22, 0xBB, 0xA6,
    0xB5, 0xDF, 0x54, 0x53, 0xBE, 0x41, 0xD8, 0x89, 0xD7, 0x1D, 0x94, 0xEC, 0x4D, 0x4B, 0x1C, 0x4A,
    0x64, 0xA2, 0x10, 0x7F, 0x31, 0xEB, 0xC9, 0xC5, 0xC7, 0xA8, 0xC0, 0x78, 0x25, 0x2C, 0x94, 0x6D,
    0x12, 0x01, 0xC5, 0x6C, 0x96, 0x88, 0xAA, 0x7B, 0xE2, 0x63, 0x40, 0xC6, 0x8A, 0x8F, 0xF1, 0xC4,
    0x93, 0xBE, 0x11, 0xC3, 0x11, 0x8C, 0xA7, 0xB5, 0x89, 0x84, 0x85, 0xD4, 0x26, 0x51, 0x31, 0x26,
    0xD2, 0x21, 0x91, 0xF1, 0xDF, 0x8C, 0x07, 0xF8, 0xD6, 0x3E, 0x6D, 0xBC, 0x78, 0x61, 0xA7, 0x96,
    0xD7, 0x3E, 0x10, 0x99, 0x8A, 0x8D, 0xFE, 0x30, 0x92, 0x88, 0x27, 0xBA, 0x9B, 0x2D, 0xFB, 0x62,
    0x75, 0x20, 0xC9, 0x3A, 0x35, 0x9D, 0x5B, 0xE9, 0xC2, 0x09, 0x7A, 0x21, 0xD2, 0x95, 0x3F, 0xFE,
    0x64, 0x8C, 0x24, 0x22, 0x0B, 0x01, 0x1C, 0xD2, 0x98, 0xA8, 0x1C, 0x12, 0x55, 0x01, 0x20, 0x17,
    0x0F, 0xA0, 0x3E, 0x22, 0x59, 0xD1, 0x89, 0x78, 0x74, 0x88, 0xC1, 0xAE, 0xB3, 0x38, 0xF6, 0x2C,
    0x08, 0x0B, 0xBA, 0xD4, 0xD3, 0x26, 0xD4, 0x0F, 0xC7, 0x6F, 0x24, 0x7C, 0x3A, 0xE1, 0xCE, 0x21,
    0x5E, 0xF9, 0xE3, 0x8F, 0x27, 0x1D, 0x44, 0x24, 0x22, 0xC0, 0x71, 0xAC, 0x7A, 0x80, 0xDA, 0x03,
    0x99, 0x34, 0xEB, 0xC3, 0x27, 0x21, 0x1B, 0x96, 0x09, 0xAF, 0x93, 0x67, 0xC3, 0x7A, 0x76, 0x13,
    0xDB, 0x75, 0xEA, 0x7B, 0x14, 0x77, 0xB3, 0x9A, 0x44, 0x2E, 0x4F, 0xA0, 0xB6, 0x5E, 0x8C, 0x5B,
    0x45, 0x1D, 0xCC, 0x48, 0x20, 0xDD, 0x26, 0x37, 0xE1, 0xDE, 0x8D, 0xD2, 0xF5, 0x86, 0xF5, 0x47,
    0x45, 0x0E, 0xD9, 0xAF, 0x6C, 0xBA, 0x95, 0xAB, 0xB0, 0x72, 0x39, 0xAD, 0xAC, 0x36, 0x2B, 0x67,
    0xB2, 0x32, 0xEE, 0xCD, 0x95, 0xCD, 0xDD, 0x95, 0xB5, 0xAC, 0x5C, 0x6C, 0x39, 0xDF, 0x32, 0x89,
    0xDD, 0xBB, 0xB4, 0x0B, 0xCB, 0x44, 0xBD, 0x70, 0xB2, 0xFB, 0xB9, 0xEA, 0x57, 0x36, 0x3E, 0x51,
    0x2E, 0xCD, 0xF1, 0x9B, 0x0A, 0x55, 0x93, 0x64, 0x98, 0x55, 0x85, 0xF1, 0x49, 0x44, 0xD5, 0x24,
    0x0D, 0xA0, 0x9D, 0xD7, 0x99, 0x78, 0x6D, 0x7A, 0x4D, 0x24, 0x1D, 0x34, 0x71, 0x48, 0x31, 0x25,
    0x52, 0x73, 0x22, 0x64, 0xA5, 0xF6, 0xCD, 0x44, 0xF5, 0xDD, 0x44, 0x5A, 0x12, 0x15, 0x2B, 0xE5,
    0x2B, 0xB1, 0xD0, 0x12, 0x76, 0xA4, 0x14, 0xF5, 0x1A, 0xD5, 0xFD, 0x64, 0x13, 0xB9, 0x06, 0x20,
    0x9F, 0x01, 0x50, 0xEF, 0x6C, 0x27, 0xDA, 0xFD, 0x37, 0x7F, 0xED, 0x01, 0x79, 0x7B, 0xC6, 0x05,
    0x37, 0x3B, 0xDF, 0x06, 0x3D, 0x56, 0xBD, 0x0E, 0x9F, 0xED, 0x9F, 0xDB, 0xE8, 0x8D, 0x0E, 0x32,
    0xEB, 0x79, 0x3D, 0xFF, 0x09, 0x5C, 0x27, 0x5A, 0x07, 0x20, 0x16, 0xC8, 0x3E, 0x82, 0xF3, 0x04,
    0xD0, 0x3F, 0xEF, 0x40, 0x89, 0x85, 0x4C, 0x00, 0xFE, 0x96, 0x43, 0x13, 0xD6, 0xBE, 0xF5, 0xAF,
    0xCA, 0x79, 0x28, 0x7F, 0x1A, 0x41, 0xEB, 0x1E, 0x9E, 0xD2, 0x01, 0x9E, 0x29, 0x07, 0xD8, 0x51,
    0x23, 0xDC, 0x54, 0x13, 0x1C, 0xFC, 0x66, 0x43, 0x26, 0x32, 0x93, 0xF7, 0x08, 0xCA, 0xE3, 0x9A,
    0xD2, 0x63, 0xAC, 0xB6, 0xE9, 0xBB, 0xCB, 0x65, 0x94, 0x49, 0xC9, 0xA4, 0x9B, 0x9B, 0xA8, 0xFF,
    0x08, 0x64, 0xE2, 0x61, 0x8F, 0x64, 0x67, 0xA4, 0xA3, 0xBA, 0x33, 0x61, 0x7E, 0xB0, 0xC1, 0x64,
    0x33, 0x55, 0xF4, 0x6C, 0x6F, 0xA6, 0x96, 0x19, 0xF7, 0xD2, 0x8C, 0x64, 0x5B, 0xCF, 0x67, 0xDC,
    0xE5, 0x19, 0xB3, 0x11, 0x5B, 0x0E, 0xCE, 0xEF, 0xE4, 0xA1, 0xD2, 0xBE, 0x14, 0xD4, 0x86, 0xEC,
    0x97, 0x00, 0x46, 0x42, 0x2D, 0xD7, 0xD5, 0xC4, 0x23, 0x7E, 0xE2, 0x60, 0x23, 0x61, 0x28, 0xED,
    0xA5, 0x17, 0xD1, 0x13, 0xD9, 0xB3, 0x00, 0x26, 0xF6, 0x3F, 0xFC, 0x40, 0x6B, 0xC4, 0x33, 0x14,
    0x1E, 0x2E, 0xD5, 0x40, 0xB5, 0x01, 0xCA, 0x91, 0xE3, 0x76, 0x65, 0x26, 0x25, 0x06, 0x29, 0x45,
    0x58, 0x93, 0x85, 0x94, 0x36, 0x9C, 0x3A, 0xC7, 0xD0, 0xCD, 0x0B, 0xA8, 0xB7, 0x03, 0x88, 0x87,
    0xBF, 0x6B, 0x00, 0xC8, 0xA4, 0x4B, 0xF9, 0xC3, 0x72, 0xEC, 0x92, 0x4F, 0xB8, 0xD8, 0x7A, 0x60,
    0xAE, 0x61, 0x8F, 0xE5, 0x1A, 0x97, 0xB2, 0x01, 0xF4, 0xB5, 0x34, 0x11, 0x1A, 0x60, 0xC3, 0x31,
    0x13, 0xB9, 0x2D, 0xC1, 0xCD, 0x2F, 0xBB, 0x5E, 0x07, 0x34, 0x9F, 0x11, 0x52, 0xD6, 0xB1, 0x26,
    0x1D, 0x31, 0xE7, 0x58, 0x53, 0x8E, 0xBC, 0x3F, 0x0F, 0xD3, 0x08, 0x26, 0xC0, 0x57, 0x57, 0x0D,
    0x12, 0x5C, 0x68, 0x43, 0xFB, 0x48, 0x13, 0xBE, 0x1C, 0xEA, 0xA0, 0x66, 0xD9, 0x64, 0x72, 0x4D,
    0xD0, 0xE2, 0xE1, 0xEC, 0x9E, 0x65, 0xB5, 0xF3, 0x79, 0x0F, 0x46, 0x85, 0xB5, 0x75, 0x5C, 0x8D,
    0x5A, 0xD4, 0xE4, 0x8F, 0x5F, 0x0D, 0x32, 0xC1, 0xDE, 0xAF, 0xD8, 0x5A, 0x52, 0xA7, 0x82, 0x59,
    0xF8, 0x14, 0xCA, 0x5E, 0x11, 0xC8, 0xAF, 0x03, 0x65, 0x00, 0x2A, 0x0B, 0x5C, 0x02, 0x78, 0xEE,
    0xCB, 0xD1, 0x48, 0x0B, 0x4C, 0xA0, 0x7A, 0x38, 0xD3, 0x3C, 0x36, 0x9D, 0xB8, 0x6B, 0xC2, 0xB9,
    0x6C, 0x17, 0xAA, 0xC2, 0x43, 0x79, 0xB7, 0x01, 0x35, 0x03, 0xD9, 0xAF, 0xBE, 0x14, 0x9D, 0x49,
    0xCB, 0xEF, 0xB6, 0x33, 0xF3, 0xAC, 0x7D, 0xBC, 0x3A, 0xBF, 0x7B, 0xB4, 0x52, 0xE8, 0x0E, 0xC8,
    0xC3, 0x97, 0x77, 0x3F, 0x55, 0x64, 0x26, 0xA0, 0xE6, 0xB1, 0xDF, 0xCF, 0x52, 0x1A, 0xB3, 0x1F,
    0x9E, 0x57, 0xD3, 0xD7, 0xB3, 0x0D, 0xCC, 0x20, 0x7B, 0x7B, 0xB2, 0x18, 0x22, 0xCC, 0x8E, 0x8D,
    0xF9, 0xC1, 0x54, 0xDD, 0x0D, 0xB9, 0xD8, 0xF5, 0xB1, 0xD5, 0xE2, 0x1F, 0xF2, 0xEC, 0x92, 0xCF,
    0x80, 0x12, 0xA0, 0x90, 0x06, 0x4A, 0x67, 0xE1, 0x89, 0xD6, 0xC3, 0xB7, 0x4C, 0x07, 0x3B, 0x55,
    0x0F, 0x17, 0x74, 0x80, 0xE7, 0xA3, 0x56, 0xC2, 0xBA, 0x24, 0x4D, 0xE4, 0x22, 0x33, 0xCA, 0x22,
    0x14, 0x0D, 0xD2, 0x94, 0xE0, 0xAC, 0x8E, 0x70, 0x6C, 0x49, 0x52, 0x12, 0xC8, 0xF7, 0xAE, 0x73,
    0x68, 0xE5, 0xCB, 0x3D, 0xFA, 0x76, 0x48, 0xBC, 0x2E, 0x4F, 0x3D, 0xF5, 0xB2, 0x3C, 0x7D, 0x7F,
    0xA6, 0x42, 0x00, 0x21, 0xDB, 0x13, 0x6A, 0x11, 0x5A, 0x2F, 0x1C, 0xFD, 0xCB, 0x04, 0x77, 0x59,
    0x30, 0xB3, 0xEB, 0xCA, 0xA1, 0xED, 0xEE, 0x57, 0x96, 0x0D, 0x80, 0x9A, 0xD6, 0xD6, 0x71, 0x4B,
    0x7D, 0x6A, 0x06, 0x4A, 0x01, 0xB4, 0x6B, 0x40, 0x1B, 0x0B, 0xCB, 0xBE, 0x94, 0x8B, 0x55, 0x07,
    0x57, 0x75, 0x80, 0x9B, 0x65, 0x80, 0xA1, 0x18, 0xC9, 0xB6, 0xCA, 0x36, 0xA8, 0x2E, 0x9F, 0x29,
    0x3C, 0x82, 0xB6, 0x48, 0x13, 0xE1, 0xD3, 0x94, 0xF1, 0x22, 0x20, 0xC0, 0x3F, 0xF0, 0x19, 0x95,
    0x49, 0x54, 0x26, 0x1D, 0x87, 0xBF, 0x75, 0x32, 0x71, 0xC2, 0x32, 0x11, 0x99, 0xA0, 0x9D, 0xF7,
    0x22, 0xFE, 0x7D, 0x9A, 0x6E, 0x1F, 0x4C, 0x3C, 0x4D, 0xF6, 0x87, 0x89, 0xAF, 0xA0, 0x6E, 0x4F,
    0x40, 0x71, 0x79, 0x41, 0xAD, 0xE6, 0xBD, 0x5D, 0xBE, 0xA5, 0x44, 0x7A, 0x76, 0xD4, 0xB4, 0xC4,
    0x16, 0x35, 0x41, 0x3A, 0x3E, 0xEB, 0x52, 0xE6, 0xEA, 0x23, 0x96, 0x45, 0x13, 0x51, 0x6B, 0x16,
    0x6C, 0x77, 0x9F, 0xDC, 0xFC, 0xB8, 0x95, 0x60, 0x44, 0x64, 0x15, 0xB6, 0x28, 0x5C, 0x6D, 0xD5,
    0xF3, 0x0B, 0x67, 0xEB, 0x3B, 0x72, 0x6F, 0x30, 0xDF, 0x97, 0x97, 0xA7, 0x0A, 0x61, 0x06, 0x41,
    0xA2, 0xA8, 0x3D, 0xA9, 0x25, 0xDA, 0x22, 0x0B, 0xE1, 0x18, 0x34, 0x5F, 0x73, 0xB9, 0xF8, 0x67,
    0xCC, 0xDD, 0x57, 0x0F, 0xA6, 0xF2, 0xA3, 0x5C, 0x3A, 0x6A, 0xB1, 0xE4, 0xB2, 0x3F, 0x50, 0x86,
    0xB4, 0x85, 0xCB, 0x46, 0x8C, 0xA5, 0xA7, 0x05, 0x70, 0x00, 0x72, 0x0C, 0x8C, 0x78, 0x59, 0x0E,
    0x71, 0xA4, 0xBD, 0xE3, 0x6F, 0x66, 0x6B, 0xAC, 0x88, 0xAF, 0x53, 0xF4, 0x21, 0x42, 0x2E, 0x8B,
    0xB2, 0x5A, 0x76, 0x81, 0xA2, 0xCB, 0xE5, 0x6E, 0xAF, 0xEF, 0x8D, 0x5D, 0xFD, 0xC6, 0xE6, 0xC4,
    0xEA, 0xBC, 0xFC, 0x3F, 0xF6, 0xA3, 0xA4, 0x43, 0x37, 0x50, 0x13, 0x5D, 0x3E, 0x42, 0x8B, 0x34,
    0x4F, 0x8A, 0xF8, 0x17, 0xA9, 0xFC, 0x74, 0x76, 0xBF, 0x9F, 0xB4, 0x84, 0x0D, 0x75, 0x63, 0xDE,
    0xDB, 0x50, 0x4A, 0x0F, 0x37, 0x95, 0x87, 0x4B, 0xBA, 0x01, 0x7D, 0x0B, 0x28, 0x26, 0x20, 0xFF,
    0x25, 0xAB, 0xA5, 0xCB, 0x46, 0x2D, 0x23, 0x65, 0xC8, 0x17, 0x2D, 0x04, 0x8C, 0x85, 0x47, 0xD3,
    0x12, 0xC1, 0xD8, 0x08, 0x9F, 0xA4, 0x25, 0x25, 0x72, 0x1F, 0xF6, 0xE0, 0x2C, 0xFC, 0x19, 0x40,
    0xD1, 0xC7, 0x0B, 0x85, 0xA8, 0xA1, 0x5F, 0xB5, 0xCD, 0x0F, 0xD1, 0x36, 0x9E, 0xD4, 0x86, 0x4E,
    0xBE, 0xC1, 0x34, 0xE6, 0xCE, 0x56, 0xDB, 0x0B, 0xAA, 0x83, 0xBA, 0xB4, 0xA0, 0xE5, 0xE8, 0xE1,
    0x39, 0xD4, 0x26, 0xF2, 0xA6, 0x78, 0x37, 0xBF, 0x22, 0x56, 0x87, 0x7C, 0x44, 0x07, 0xD5, 0x47,
    0x28, 0x6D, 0x84, 0xF3, 0x44, 0xB8, 0x09, 0xFA, 0x7F, 0x02, 0xE9, 0xCA, 0x68, 0xD9, 0x80, 0x1E,
    0x04, 0x74, 0x70, 0x36, 0x82, 0xE9, 0x22, 0x54, 0x21, 0x82, 0x5E, 0x8E, 0x2D, 0x66, 0x62, 0x9A,
    0x23, 0x9D, 0x88, 0x6F, 0xFB, 0x6C, 0xF7, 0xAB, 0x30, 0x5C, 0x84, 0x4B, 0x23, 0x54, 0x01, 0xCE,
    0x58, 0x00, 0x24, 0x80, 0x0B, 0xA0, 0x4F, 0xB8, 0x2C, 0xE9, 0x77, 0xAF, 0x83, 0x41, 0x87, 0xAB,
    0xD1, 0x03, 0xFA, 0x83, 0x25, 0x17, 0x8B, 0xBC, 0x68, 0xFC, 0xDF, 0xCD, 0x32, 0x26, 0x7A, 0x6B,
    0x97, 0xAB, 0xBA, 0x59, 0x8F, 0x22, 0xF9, 0xF4, 0xF9, 0x65, 0x87, 0x14, 0x1D, 0x50, 0x35, 0x80,
    0xE1, 0x10, 0xEA, 0xFF, 0x04, 0x8A, 0xCD, 0xFD, 0x79, 0xA2, 0xF9, 0x94, 0x3C, 0xD1, 0x9C, 0xAC,
    0x49, 0x5D, 0x85, 0x2C, 0x80, 0xDA, 0x7A, 0x3E, 0x5B, 0x70, 0x1E, 0xBE, 0xBB, 0x07, 0x18, 0xF9,
    0x62, 0x32, 0x5F, 0x0A, 0xFF, 0x09, 0xDA, 0xDE, 0x5D, 0xE7, 0x7D, 0xFA, 0x49, 0x38, 0xFE, 0x8B,
    0x70, 0x2A, 0xAD, 0xC3, 0x7D, 0x5A, 0x5B, 0x4F, 0x99, 0x36, 0x2F, 0x3D, 0x88, 0x07, 0xC7, 0x91,
    0x19, 0x91, 0xAD, 0x6F, 0xD8, 0xE1, 0x06, 0x17, 0xF2, 0x0E, 0xCA, 0x06, 0x9E, 0x01, 0x6E, 0x45,
    0x96, 0x11, 0x32, 0x01, 0x5A, 0x0B, 0xC6, 0x3F, 0x1F, 0x7D, 0x8C, 0xBE, 0x44, 0x36, 0xE3, 0x58,
    0xE7, 0xFB, 0x2E, 0x9A, 0x41, 0xBD, 0xD5, 0x65, 0xD2, 0xF0, 0xE3, 0xED, 0x69, 0xD3, 0x67, 0xBE,
    0xC0, 0xF8, 0x3D, 0xD5, 0x53, 0x5A, 0xCE, 0xA7, 0xD8, 0xE6, 0x26, 0x93, 0xB0, 0x28, 0xCE, 0x66,
    0x90, 0xF5, 0xF3, 0x3C, 0x32, 0xB2, 0x99, 0xF2, 0xA9, 0x7D, 0x2D, 0x94, 0x73, 0x73, 0x31, 0xEF,
    0xF5, 0xAB, 0x56, 0x09, 0xFC, 0x35, 0x80, 0x16, 0x4A, 0x81, 0x47, 0xFE, 0x64, 0x73, 0xDA, 0xE5,
    0x0C, 0x18, 0xFB, 0xFF, 0xA0, 0x20, 0xE7, 0x96, 0x06, 0x90, 0x0A, 0x71, 0x40, 0x8A, 0x0F, 0xBE,
    0xD4, 0x42, 0xDC, 0xB1, 0x72, 0x13, 0xE6, 0x38, 0x7D, 0x51, 0x85, 0x38, 0x70, 0x00, 0x1B, 0x40,
    0x05, 0xA0, 0xB4, 0x1C, 0xB3, 0x07, 0x2C, 0x72, 0xBB, 0xA7, 0x5F, 0x18, 0x28, 0x07, 0xA8, 0x3A,
    0xB8, 0x04, 0x7C, 0xFD, 0xF3, 0x59, 0x18, 0x44, 0xDE, 0x4C, 0x02, 0xE7, 0x7F, 0x94, 0xB5, 0xB4,
    0x65, 0xFC, 0x43, 0xE8, 0x60, 0xCF, 0xFD, 0xF3, 0xDE, 0x9E, 0x16, 0x91, 0xDB, 0x22, 0xA9, 0xD3,
    0x74, 0x2B, 0xF9, 0x87, 0x50, 0xD5, 0xB5, 0xD6, 0xCD, 0xB6, 0x3C, 0x98, 0x11, 0xF1, 0x99, 0x7B,
    0x07, 0x79, 0xC3, 0xF5, 0xB4, 0x6F, 0xDD, 0x99, 0xD0, 0x33, 0x82, 0x5E, 0xBE, 0x11, 0x3D, 0x60,
    0x6C, 0x3A, 0xE8, 0x38, 0xAC, 0x7D, 0x6D, 0x13, 0xC1, 0x11, 0x61, 0x8E, 0x90, 0x4F, 0x11, 0x8A,
    0x21, 0x42, 0xD5, 0x45, 0x70, 0x0D, 0x5A, 0x06, 0xD0, 0x73, 0x93, 0xA2, 0xFD, 0x18, 0xB8, 0x19,
    0x10, 0x01, 0x30, 0xDD, 0x61, 0xA7, 0x1A, 0x00, 0x5E, 0x07, 0xF8, 0x06, 0xAB, 0x49, 0x40, 0xA6,
    0x54, 0x0D, 0x5B, 0x0B, 0x7A, 0x92, 0xC0, 0x47, 0x88, 0x4A, 0xB7, 0x45, 0xBC, 0x72, 0xD2, 0xDB,
    0xF2, 0x5D, 0x26, 0x7A, 0x5B, 0xB8, 0xC3, 0xDC, 0x3D, 0x1C, 0x5E, 0x2C, 0x90, 0x2F, 0x80, 0xAC,
    0x65, 0x3A, 0x99, 0xA8, 0x41, 0x00, 0x63, 0xA1, 0xEC, 0x80, 0xEB, 0x1C, 0xD5, 0xAD, 0x66, 0xE7,
    0x1F, 0xB1, 0x66, 0x95, 0xEA, 0x53, 0x32, 0xEB, 0x19, 0xCE, 0x5C, 0x07, 0x74, 0x0F, 0x98, 0x06,
    0x18, 0x01, 0x9E, 0x3B, 0xCC, 0xEA, 0xF5, 0x0F, 0x3D, 0x68, 0x15, 0xA1, 0xF8, 0xA7, 0xE6, 0x64,
    0xBA, 0xEF, 0x41, 0x9B, 0x08, 0xE7, 0xEB, 0x1E, 0x2E, 0xEA, 0x00, 0x57, 0xF5, 0x00, 0x37, 0xCA,
    0x71, 0x4D, 0xF7, 0xB3, 0x94, 0x0F, 0xBF, 0xB7, 0x27, 0x6B, 0x3E, 0x5C, 0x36, 0xB4, 0x56, 0x73,
    0xA2, 0xF8, 0x94, 0x76, 0x94, 0xC5, 0x00, 0x95, 0x85, 0xEF, 0x00, 0x6D, 0x43, 0x76, 0xAF, 0x43,
    0xF9, 0x90, 0x3C, 0x7F, 0x7B, 0x9B, 0xCF, 0x7C, 0x65, 0x9B, 0x1B, 0x2F, 0x6B, 0xC7, 0x1B, 0x33,
    0x55, 0xF3, 0xA8, 0xB9, 0xB1, 0xEB, 0x80, 0x7C, 0x3E, 0xCA, 0xEA, 0x29, 0x7B, 0x0E, 0x17, 0x2C,
    0xCE, 0x7D, 0x29, 0x79, 0x32, 0x79, 0x3A, 0x5B, 0x00, 0xB4, 0x05, 0xFE, 0xE2, 0xE3, 0xC9, 0xF2,
    0x4B, 0xA7, 0x48, 0x96, 0x31, 0x1E, 0x70, 0x40, 0x36, 0x02, 0xAA, 0xE3, 0xC8, 0x2E, 0x40, 0x3D,
    0xFF, 0x96, 0x7C, 0x76, 0x01, 0xDD, 0x17, 0x13, 0xB5, 0x2F, 0x67, 0x4C, 0xA3, 0x1D, 0x2D, 0xCF,
    0xB4, 0x8D, 0xE3, 0xAA, 0xB1, 0xC2, 0x60, 0xBC, 0x64, 0x21, 0x82, 0xEA, 0x22, 0x14, 0x36, 0x82,
    0xC6, 0x58, 0x77, 0x9E, 0xB6, 0x69, 0x5F, 0xC7, 0x61, 0x46, 0x36, 0xE8, 0x41, 0x8D, 0x14, 0xB2,
    0xDF, 0xA3, 0xF6, 0x67, 0x28, 0x8F, 0x76, 0x4E, 0x65, 0x58, 0xEF, 0xE7, 0x5F, 0x25, 0x51, 0x64,
    0xF2, 0x5F, 0xDB, 0x35, 0x5F, 0x68, 0x1B, 0x69, 0x5C, 0x2E, 0x56, 0x8A, 0xA8, 0xE4, 0x09, 0xE3,
    0xE5, 0xE9, 0xE8, 0x17, 0x8C, 0x77, 0xC1, 0xD8, 0xB6, 0x5B, 0xDF, 0xB9, 0x55, 0x71, 0xEC, 0x13,
    0xD2, 0xB1, 0x03, 0xA8, 0x71, 0x03, 0x4C, 0x06, 0x30, 0xDA, 0x42, 0x79, 0xD9, 0x03, 0x7C, 0xEE,
    0x45, 0xD1, 0x5B, 0xA6, 0xC1, 0x54, 0x1E, 0x7D, 0xAD, 0x47, 0xF9, 0x70, 0xAA, 0xA2, 0x28, 0xF9,
    0x08, 0x68, 0x01, 0xEA, 0x6B, 0x16, 0x2E, 0x65, 0x1E, 0xCE, 0xD1, 0xB0, 0xB5, 0x99, 0x23, 0x0D,
    0x4D, 0x04, 0xB7, 0xC8, 0xBC, 0x92, 0x34, 0x74, 0x5B, 0x0D, 0x4F, 0x97, 0x01, 0x2E, 0x14, 0x23,
    0xDC, 0x58, 0x35, 0x4C, 0x5B, 0x0D, 0x1E, 0x41, 0xD9, 0x07, 0xEC, 0xA2, 0x91, 0x66, 0xFD, 0x19,
    0xFF, 0x45, 0xE0, 0x2C, 0x7F, 0x73, 0x8A, 0x9D, 0xB3, 0xEB, 0xF4, 0xEF, 0x03, 0xEA, 0xFD, 0x91,
    0x6C, 0xB8, 0x0A, 0x57, 0xAB, 0xE3, 0xAF, 0x06, 0xC7, 0x7A, 0xDE, 0x1B, 0xD5, 0xC4, 0x0B, 0xD1,
    0x2F, 0x44, 0xFF, 0x4E, 0x74, 0x92, 0xCF, 0x7B, 0x56, 0x89, 0xF8, 0xD4, 0x3E, 0xE9, 0x7F, 0x1A,
    0xFD, 0xA9, 0xE8, 0xE7, 0xE3, 0x53, 0x71, 0xAB, 0x15, 0x99, 0xCD, 0x8F, 0x3C, 0xFA, 0xF7, 0x3D,
    0xEA, 0xDF, 0x03, 0x84, 0xAB, 0x24, 0x73, 0x3D, 0x6A, 0xDE, 0xA0, 0xFB, 0x96, 0xCA, 0x1B, 0x5B,
    0x7B, 0xE3, 0xCD, 0x7B, 0xCE, 0x1B, 0x91, 0xD8, 0x82, 0xC5, 0x6B, 0x0F, 0x55, 0x97, 0xA3, 0x43,
    0xD1, 0xA8, 0xD9, 0x41, 0x3B, 0xAC, 0x4F, 0xB8, 0x99, 0xE0, 0xE6, 0x79, 0x08, 0x1A, 0x9A, 0xEC,
    0xB1, 0xC6, 0x8A, 0x34, 0x85, 0x74, 0xFA, 0xA5, 0xB0, 0x7E, 0xA9, 0xB9, 0x58, 0xBD, 0x3C, 0xB1,
    0x53, 0xCB, 0xEC, 0x10, 0xD9, 0x56, 0x55, 0x10, 0xD6, 0xE4, 0xFA, 0x6B, 0xC6, 0x7F, 0x4B, 0x1F,
    0x4C, 0x99, 0x74, 0xA6, 0xB6, 0xD5, 0xAB, 0x5D, 0x71, 0x3B, 0x64, 0xFD, 0x48, 0x32, 0x25, 0x92,
    0xCB, 0x01, 0xC6, 0x3F, 0xE2, 0x27, 0x0E, 0x56, 0x22, 0x71, 0x72, 0x1A, 0xED, 0xF5, 0xCF, 0x7B,
    0xD5, 0x05, 0x40, 0x49, 0xEC, 0x7F, 0xE8, 0x81, 0xA3, 0x92, 0xA9, 0xEC, 0x31, 0xD3, 0xF2, 0xB5,
    0x04, 0xBD, 0xFD, 0x52, 0xD6, 0xF7, 0x82, 0x3A, 0xF0, 0x88, 0x9F, 0x38, 0x58, 0xC4, 0x57, 0x43,
    0xBB, 0x19, 0xEA, 0xDD, 0xB3, 0x20, 0xC1, 0x7D, 0xF2, 0xE2, 0x32, 0x8B, 0xE8, 0x3F, 0xA4, 0x84,
    0x7D, 0x02, 0xC6, 0x4B, 0xC0, 0x8E, 0x6E, 0xBE, 0x90, 0x1D, 0x49, 0x7A, 0x76, 0xB5, 0x47, 0xDF,
    0xEE, 0xC9, 0xBB, 0x70, 0xBA, 0x5A, 0x7C, 0xD9, 0x03, 0x66, 0x62, 0x9D, 0x4D, 0x04, 0x0D, 0x3C,
    0xFB, 0xD5, 0xCF, 0x5D, 0xC3, 0xD1, 0xB3, 0xFB, 0x2F, 0x81, 0xB3, 0x7C, 0xFB, 0x54, 0x1A, 0xEA,
    0x57, 0x3B, 0x52, 0xF9, 0x0C, 0xD5, 0x8F, 0x40, 0xB8, 0xC8, 0x31, 0x13, 0x99, 0x1B, 0xDC, 0x81,
    0x4B, 0x3B, 0xF5, 0x21, 0x82, 0x9A, 0x4E, 0xC2, 0x18, 0xA1, 0x0C, 0xE8, 0x03, 0xE7, 0xD1, 0x22,
    0xA0, 0x83, 0x34, 0x11, 0x9C, 0x8F, 0x60, 0xFA, 0x08, 0x75, 0x88, 0xA0, 0x53, 0x12, 0xB5, 0xC1,
    0xCD, 0x4A, 0x6C, 0xFA, 0x35, 0xB9, 0x65, 0xA8, 0x7F, 0x64, 0xCB, 0xDB, 0x5D, 0x1E, 0x45, 0x80,
    0xFC, 0xEB, 0xE4, 0xDE, 0x12, 0xFD, 0xDF, 0xA2, 0x47, 0xA3, 0xC3, 0xCE, 0x03, 0xA6, 0x17, 0x22,
    0x1F, 0xFB, 0xD2, 0x7B, 0x0D, 0x34, 0xD9, 0xE3, 0x0E, 0x78, 0xBC, 0x3F, 0x60, 0xA4, 0x51, 0xD2,
    0xE9, 0x97, 0xC3, 0x59, 0xAE, 0x9F, 0x0C, 0xB8, 0xD5, 0xE1, 0xC2, 0xA7, 0x04, 0xAC, 0x86, 0xE9,
    0x68, 0x95, 0xAA, 0x2C, 0xE8, 0x6B, 0xFE, 0x0B, 0x79, 0x63, 0x13, 0xEF, 0x6C, 0xBA, 0xB1, 0x2A,
    0x8C, 0x70, 0x63, 0xE7, 0x74, 0x6F, 0x6C, 0xB8, 0x05, 0x28, 0xF1, 0x50, 0xFE, 0xB0, 0x87, 0x27,
    0xB2, 0x00, 0x5F, 0xE1, 0xD9, 0xCF, 0x5B, 0x03, 0xD5, 0x00, 0xED, 0x06, 0xC6, 0x1A, 0x76, 0xCF,
    0x9C, 0x4E, 0x83, 0x1B, 0x29, 0x0E, 0xA4, 0xA9, 0x3A, 0xE3, 0x8D, 0xAF, 0xA3, 0x3F, 0x85, 0xE9,
    0xA1, 0x1E, 0x41, 0xCB, 0x2E, 0x85, 0x6C, 0xC0, 0x49, 0x43, 0x21, 0x1D, 0xB4, 0xFD, 0x5F, 0x52,
    0xA5, 0x1A, 0x51, 0x8B, 0xEE, 0xDB, 0x38, 0xBE, 0x3E, 0x10, 0xCE, 0xC8, 0x3B, 0x1C, 0x59, 0x05,
    0x9C, 0x07, 0x76, 0x80, 0xEF, 0x41, 0xB1, 0xD4, 0xD0, 0xFB, 0xD7, 0xF3, 0x30, 0xD1, 0x0B, 0xB8,
    0x01, 0x23, 0xB6, 0x94, 0xC0, 0x95, 0xF1, 0xDB, 0xF9, 0x34, 0x30, 0x4E, 0xD9, 0xE0, 0xF6, 0xFB,
    0x27, 0xE7, 0x86, 0x64, 0xD9, 0x44, 0x1E, 0x50, 0x1D, 0x85, 0xC5, 0x89, 0x88, 0xBD, 0xB5, 0x7F,
    0xE0, 0xEC, 0xCD, 0x18, 0xB4, 0xBD, 0xA1, 0x43, 0x61, 0x7F, 0xA6, 0x83, 0x6A, 0xD0, 0x01, 0x3E,
    0x03, 0xB8, 0xD9, 0x82, 0x88, 0xE7, 0x98, 0x15, 0x3D, 0x50, 0x7A, 0x40, 0x37, 0xC0, 0x13, 0x00,
    0xBB, 0xE4, 0x81, 0x32, 0x20, 0xE2, 0xF7, 0x0F, 0x1E, 0xF2, 0x53, 0x5F, 0xCC, 0x3E, 0x13, 0x4B,
    0xB2, 0x6C, 0xDC, 0x06, 0xAF, 0x2C, 0xB9, 0xBC, 0x43, 0x75, 0x6F, 0xA6, 0xB5, 0xAE, 0x69, 0x31,
    0xDE, 0x44, 0x3F, 0x1B, 0x7D, 0xCD, 0xD7, 0xE7, 0x74, 0x13, 0x33, 0x19, 0xA1, 0x71, 0x0D, 0xD4,
    0x1D, 0x54, 0xFD, 0xB1, 0x82, 0x5C, 0xBF, 0xF6, 0xB5, 0x96, 0x7C, 0x1D, 0xFB, 0xE7, 0xD2, 0xE0,
    0xFA, 0xB5, 0x12, 0x52, 0xCE, 0x4D, 0xBB, 0xDF, 0x6F, 0x8A, 0x61, 0x52, 0xD3, 0x55, 0x35, 0xA1,
    0x46, 0xCA, 0x40, 0xED, 0x73, 0x41, 0xBD, 0xD6, 0x51, 0x0C, 0xC7, 0x5E, 0xF3, 0x8E, 0x94, 0x03,
    0x75, 0x9F, 0x49, 0x73, 0x65, 0x64, 0x26, 0xD9, 0x0E, 0x01, 0xAA, 0x1F, 0x76, 0x50, 0xDE, 0xB5,
    0xA0, 0x04, 0xC8, 0x7E, 0x7D, 0xEC, 0x5D, 0xCD, 0xE4, 0xE6, 0x5C, 0xC6, 0xB4, 0xFF, 0x7B, 0x30,
    0x88, 0x88, 0x5F, 0xB6, 0xA4, 0xFE, 0xD3, 0xC7, 0xA5, 0x53, 0xA5, 0x93, 0xF2, 0x5C, 0x66, 0xE1,
    0x62, 0xE9, 0x41, 0x3B, 0xA0, 0x38, 0x51, 0x09, 0x35, 0x13, 0x50, 0x2F, 0xA0, 0xEE, 0x07, 0x67,
    0x51, 0xB2, 0x1F, 0x50, 0x73, 0x39, 0xA2, 0xA2, 0xE8, 0x47, 0x86, 0x5A, 0x2E, 0x4B, 0x63, 0xE4,
    0xB6, 0xD8, 0xFF, 0x03, 0x75, 0x54, 0x45, 0x8C, 0xE4, 0x46, 0x14, 0x7D, 0xB6, 0x77, 0xE4, 0x95,
    0x6C, 0x8D, 0x27, 0xCC, 0xF1, 0xDC, 0xC2, 0x6D, 0x2F, 0x53, 0x77, 0xBB, 0xCE, 0x61, 0xBC, 0x25,
    0x77, 0x85, 0x99, 0x1B, 0x4A, 0xCA, 0x3D, 0x7C, 0x57, 0x18, 0x1C, 0xE6, 0x81, 0x86, 0x92, 0xF6,
    0x16, 0xAC, 0xEC, 0xDE, 0x82, 0x0E, 0x9D, 0xF7, 0x2F, 0xB7, 0x66, 0xDC, 0x53, 0xF9, 0xE5, 0x51,
    0x2F, 0xEF, 0x7B, 0xC5, 0xF8, 0xA9, 0xAA, 0x2B, 0x63, 0xED, 0x11, 0xE6, 0xBC, 0x32, 0xA0, 0x58,
    0x36, 0xE0, 0x8F, 0x10, 0x8D, 0x51, 0x8B, 0x31, 0xE7, 0xAB, 0x58, 0xBE, 0xD6, 0x3D, 0x48, 0x07,
    0x8D, 0x7E, 0x2D, 0x11, 0xF9, 0x7B, 0xA6, 0xCC, 0xF3, 0xDC, 0x18, 0x43, 0xD1, 0x5C, 0x2D, 0x2B,
    0x83, 0xA2, 0x6D, 0x4C, 0x7B, 0xAE, 0x56, 0x66, 0x73, 0xB5, 0x0B, 0x45, 0x97, 0x1E, 0x22, 0x90,
    0xAF, 0x03, 0x4C, 0x81, 0x7B, 0x9A, 0x18, 0xC3, 0x22, 0x91, 0xDE, 0xDE, 0x32, 0xD8, 0x4D, 0xF1,
    0x75, 0xAA, 0x11, 0xA1, 0xEE, 0xEA, 0xF8, 0x26, 0xE9, 0x1B, 0xB8, 0x25, 0xE8, 0x18, 0x0C, 0x32,
    0x91, 0x45, 0x2A, 0x7A, 0x4E, 0x7B, 0x9A, 0xFC, 0x22, 0xE2, 0x4C, 0xC1, 0x97, 0xD3, 0xCD, 0x5E,
    0x50, 0x00, 0xF1, 0x81, 0xEE, 0xF8, 0x40, 0x7C, 0xF3, 0x94, 0x23, 0x62, 0xB1, 0x11, 0x9F, 0xA2,
    0x84, 0x61, 0x36, 0x10, 0x23, 0x93, 0x99, 0x8A, 0x94, 0x27, 0x03, 0xB4, 0x71, 0x33, 0x1A, 0xD5,
    0x78, 0xC9, 0x2B, 0x36, 0x22, 0x16, 0x8E, 0x38, 0x71, 0x9E, 0xDB, 0x85, 0x7B, 0x00, 0xAD, 0x89,
    0x96, 0xDE, 0xF0, 0x5E, 0x2F, 0x45, 0x26, 0xB6, 0x8B, 0x14, 0xF7, 0xBC, 0x37, 0x2C, 0x51, 0x9F,
    0x30, 0xE1, 0xB5, 0x89, 0xF2, 0x65, 0x8C, 0xC7, 0x70, 0x7E, 0x8B, 0xA8, 0x77, 0xF5, 0x5A, 0x84,
    0xB8, 0x4B, 0x18, 0x75, 0x87, 0xC8, 0xA5, 0x51, 0x21, 0xF7, 0xD6, 0xC0, 0x96, 0x46, 0x7D, 0x2C,
    0x43, 0xD8, 0x31, 0x50, 0xC5, 0xE2, 0x59, 0x9D, 0x09, 0xC2, 0x2A, 0x07, 0x2A, 0x91, 0x47, 0x2D,
    0x34, 0xB1, 0xC9, 0x02, 0xDB, 0x24, 0x6B, 0xCF, 0x11, 0x70, 0x31, 0xF8, 0x96, 0xC2, 0xA3, 0x4F,
    0xB4, 0x11, 0x91, 0x68, 0xA3, 0x64, 0x0E, 0x5F, 0x4B, 0xC8, 0xE2, 0xCA, 0xFC, 0xB5, 0xCC, 0x10,
    0xEB, 0x9B, 0x22, 0x9D, 0xC1, 0xEC, 0x4E, 0x6F, 0xCF, 0x9E, 0x56, 0xD9, 0xF2, 0x74, 0x1C, 0x89,
    0x60, 0x05, 0x5E, 0x69, 0x13, 0x37, 0xB8, 0xCB, 0x83, 0x13, 0x77, 0x1C, 0x35, 0xD6, 0x49, 0x6E,
    0xE3, 0x62, 0x52, 0x02, 0x58, 0x6D, 0x1C, 0xB7, 0x28, 0x7F, 0x8D, 0xDD, 0x9A, 0x33, 0x0C, 0x03,
    0x10, 0xF0, 0x35, 0x12, 0xE9, 0x8C, 0x11, 0x6B, 0x74, 0x80, 0x59, 0xA0, 0x2A, 0x1E, 0x03, 0x3E,
    0x05, 0x0A, 0xB8, 0x1A, 0x9E, 0x82, 0x2F, 0x11, 0x00, 0xD3, 0xC0, 0x25, 0x40, 0x1D, 0x78, 0xAA,
    0x9A, 0x24, 0x38, 0xC7, 0x4C, 0x46, 0x93, 0xC9, 0xCB, 0x61, 0x71, 0x73, 0xFF, 0xD2, 0xA8, 0xF3,
    0x18, 0x2B, 0x95, 0xE2, 0xA1, 0x66, 0x4E, 0x99, 0xB1, 0x69, 0x7B, 0x6E, 0xD5, 0xE4, 0x92, 0xDB,
    0x17, 0x9C, 0xDF, 0x1D, 0xFC, 0xBC, 0x5B, 0xED, 0x04, 0xB6, 0xA9, 0x98, 0x5D, 0xBE, 0x49, 0x01,
    0x67, 0xCF, 0x11, 0x3D, 0x55, 0xAF, 0xD3, 0x09, 0xF2, 0x0F, 0x85, 0xB5, 0x1F, 0x0E, 0xF8, 0xA3,
    0xA8, 0x48, 0x44, 0x0B, 0xC7, 0xEA, 0x63, 0x7D, 0x18, 0xAB, 0x40, 0x34, 0xAA, 0x4B, 0x81, 0x12,
    0x73, 0x4B, 0x45, 0xB9, 0x9F, 0xE6, 0x77, 0x15, 0x10, 0x30, 0x96, 0xB2, 0x2B, 0x4F, 0xB0, 0xF2,
    0x09, 0xE7, 0x4F, 0xA2, 0xF3, 0x1E, 0x39, 0x54, 0x1E, 0xD3, 0x15, 0x80, 0xD5, 0x23, 0xEE, 0x3D,
    0xD4, 0x1D, 0x7D, 0xBA, 0xCF, 0xE8, 0x5D, 0x46, 0xB8, 0x0A, 0x0C, 0x8E, 0x2B, 0xF6, 0x07, 0x97,
    0xB1, 0xD6, 0x5D, 0xA3, 0xF6, 0x0E, 0x45, 0x31, 0x19, 0x74, 0x0E, 0x80, 0x91, 0x14, 0x34, 0x34,
    0x9C, 0x25, 0x70, 0x9C, 0x98, 0x00, 0xD6, 0xAE, 0x45, 0xED, 0x63, 0x64, 0x06, 0x61, 0x08, 0xC6,
    0x14, 0xAC, 0xD6, 0x11, 0x2C, 0x33, 0x69, 0xBC, 0x72, 0xBB, 0xC8, 0xDD, 0x0F, 0x53, 0x00, 0x61,
    0xEA, 0xAC, 0x43, 0x88, 0xB3, 0xCE, 0x9A, 0x01, 0x52, 0x26, 0x14, 0xF7, 0x52, 0x81, 0x35, 0x21,
    0x17, 0x4E, 0x98, 0x2A, 0x78, 0x61, 0xD5, 0xAD, 0x26, 0x30, 0xC3, 0xC4, 0x3A, 0x87, 0x57, 0x7A,
    0x1B, 0x78, 0x2F, 0xF7, 0xC2, 0x4D, 0xB8, 0xC3, 0xB9, 0xB3, 0x3A, 0xF4, 0x1C, 0xDC, 0xEE, 0xDC,
    0xAE, 0xD1, 0x46, 0x24, 0xDB, 0xD0, 0x55, 0x94, 0xCF, 0x5D, 0x1D, 0x50, 0xB3, 0xF7, 0xE9, 0x74,
    0x11, 0x04, 0xD5, 0x0B, 0x9C, 0xB5, 0xAF, 0x07, 0x89, 0x4C, 0x15, 0xE0, 0x8A, 0x07, 0x31, 0xC2,
    0x83, 0x5C, 0x1F, 0xDD, 0xA3, 0x03, 0x74, 0x22, 0x11, 0xBF, 0x20, 0xFB, 0xD7, 0x28, 0xBD, 0xB1,
    0x58, 0x75, 0xAC, 0x0D, 0x77, 0x57, 0xDA, 0x87, 0xDB, 0xEC, 0xB9, 0x32, 0xFE, 0x49, 0x37, 0x57,
    0x28, 0x4D, 0x37, 0x72, 0x19, 0x7F, 0xA7, 0xCF, 0xC6, 0x36, 0x91, 0xA9, 0x73, 0x95, 0x23, 0x66,
    0xAD, 0xDE, 0x57, 0x03, 0xD8, 0x1A, 0x49, 0xB8, 0xE4, 0x9A, 0xDC, 0x08, 0x5C, 0x64, 0xFE, 0xC5,
    0x69, 0x27, 0xF2, 0xCA, 0x25, 0xA6, 0x9C, 0xD4, 0xCE, 0xFB, 0xAC, 0xB3, 0x8C, 0xCC, 0xCA, 0xCD,
    0xBE, 0xAA, 0xE1, 0x41, 0x63, 0xB0, 0x15, 0x78, 0x70, 0x04, 0x38, 0xF7, 0xBC, 0x0A, 0xA0, 0x6B,
    0x8C, 0x86, 0xFF, 0x1F, 0xA6, 0xC6, 0xB8, 0x14, 0x40, 0x24, 0xCE, 0x06, 0x4F, 0x09, 0xAC, 0x42,
    0xF0, 0x29, 0xC4, 0xA7, 0x1C, 0x58, 0x8D, 0x0D, 0x20, 0x93, 0xCF, 0xAA, 0xAE, 0xDA, 0xAF, 0x96,
    0x8B, 0x67, 0x8A, 0x44, 0x2E, 0x14, 0x86, 0x08, 0x03, 0x4A, 0xD4, 0xD6, 0xB3, 0xCB, 0x5E, 0xBD,
    0x3E, 0x58, 0x49, 0xE4, 0x62, 0x41, 0x8C, 0x45, 0x9E, 0x1D, 0x53, 0x8F, 0xEA, 0xCC, 0xE6, 0xA8,
    0xD6, 0x4B, 0xE4, 0xB2, 0x22, 0x41, 0x58, 0x51, 0x89, 0x70, 0x5F, 0xF3, 0x08, 0xD4, 0xA0, 0x25,
    0xB2, 0x58, 0x1A, 0x35, 0x7A, 0xEF, 0xC1, 0x7E, 0x2A, 0xCD, 0xA2, 0x59, 0xAD, 0xEF, 0x8F, 0xC6,
    0xA3, 0xA5, 0x5F, 0xE5, 0x60, 0x59, 0xD5, 0xF7, 0xD9, 0xD4, 0x3F, 0x54, 0x8C, 0x97, 0xE8, 0xED,
    0x17, 0xFB, 0x85, 0xFD, 0x74, 0x06, 0x30, 0x00, 0xAE, 0xE6, 0xB2, 0x5E, 0xB1, 0x69, 0xFF, 0xAF,
    0x07, 0x2E, 0x0D, 0xA3, 0xB3, 0xFD, 0xD4, 0x7B, 0xCD, 0xD5, 0xD9, 0x20, 0x69, 0xFB, 0xAF, 0x4D,
    0x7D, 0xDA, 0x18, 0x74, 0x06, 0xFF, 0x03, 0xC5, 0xBC, 0x0D, 0xC8, 0x1E, 0xC7, 0xB5, 0x1F, 0xFE,
    0xDB, 0x5D, 0x5B, 0x9B, 0x78, 0x63, 0x8D, 0x00, 0xDF, 0x7F, 0x12, 0x14, 0x79, 0x0D, 0x18, 0xF8,
    0xD3, 0xCA, 0xDA, 0x14, 0x0C, 0x88, 0xF2, 0x5A, 0xB3, 0xB6, 0x69, 0x03, 0x84, 0x62, 0x15, 0xEE,
    0x7B, 0x0D, 0xB8, 0xBD, 0x0A, 0x10, 0x3E, 0x0A, 0x2D, 0x8F, 0x01, 0x41, 0x55, 0xAE, 0xEC, 0xD9,
    0x38, 0x40, 0x81, 0x00, 0x7E, 0x4B, 0x93, 0x02, 0x4D, 0x4B, 0x2E, 0x10, 0xBE, 0xAE, 0xEF, 0xC5,
    0x86, 0x3A, 0xA0, 0x82, 0xA4, 0x1D, 0x5B, 0x80, 0x81, 0xD0, 0x6A, 0xF3, 0xE5, 0x00, 0x86, 0x7A,
    0x6F, 0x22, 0x3B, 0x29, 0x2E, 0xD7, 0x63, 0x6B, 0x5F, 0x7B, 0x1F, 0x79, 0x76, 0x4F, 0xCF, 0x99,
    0x7D, 0x9E, 0x47, 0xCF, 0xFB, 0x21, 0xF9, 0xB5, 0x6C, 0xF5, 0xCE, 0xFB, 0x9C, 0xDF, 0x91, 0x76,
    0x67, 0xCF, 0x9C, 0xF9, 0x3E, 0x33, 0x7B, 0x66, 0x41, 0x00, 0x74, 0x05, 0x64, 0x0D, 0x10, 0x39,
    0x2C, 0x83, 0x21, 0xEA, 0x8F, 0x8E, 0x2F, 0xF5, 0x89, 0xC7, 0x39, 0xA6, 0x93, 0x4C, 0x0F, 0x33,
    0x61, 0x45, 0x44, 0x36, 0x19, 0x36, 0xCB, 0xB5, 0x6B, 0x42, 0x5F, 0x66, 0x7A, 0x90, 0xE9, 0xD4,
    0x51, 0xA2, 0xD1, 0x30, 0x15, 0xDF, 0x6A, 0xA1, 0xAF, 0x3A, 0x08, 0xDF, 0x47, 0xB6, 0xD0, 0x05,
    0xA6, 0xEF, 0xEE, 0x92, 0x5D, 0xB1, 0x6C, 0xEC, 0x92, 0xFD, 0x35, 0xA6, 0xE3, 0x4C, 0x1B, 0x2C,
    0xDB, 0x1B, 0xA6, 0x9A, 0x88, 0xCA, 0xCB, 0x67, 0xB6, 0x67, 0xE5, 0x05, 0xE5, 0xB2, 0xF2, 0x55,
    0xE5, 0xD2, 0xF2, 0x3B, 0xCA, 0xC5, 0x80, 0x72, 0x58, 0xC2, 0x27, 0xD4, 0x40, 0x0D, 0xCF, 0xF4,
    0xE0, 0x1B, 0x03, 0x03, 0x68, 0x1F, 0x18, 0xE5, 0xAE, 0xC7, 0x6C, 0x9E, 0x75, 0x20, 0x2A, 0x2A,
    0x44, 0x34, 0x25, 0x9B, 0xB5, 0x40, 0x8E, 0x55, 0x20, 0x22, 0x37, 0xBB, 0xF1, 0x92, 0x53, 0x2E,
    0x62, 0xC2, 0x92, 0x70, 0x50, 0x32, 0x43, 0x09, 0x22, 0x0B, 0x14, 0x63, 0x19, 0x8F, 0xC6, 0x65,
    0x6D, 0xD6, 0x15, 0x36, 0xE9, 0x74, 0x99, 0x6C, 0x19, 0x00, 0x35, 0x13, 0x09, 0x91, 0x03, 0x6D,
    0x9E, 0x06, 0x01, 0x81, 0x4C, 0x39, 0x55, 0x52, 0x61, 0xF1, 0x30, 0xCB, 0x79, 0x35, 0x1E, 0x9F,
    0x71, 0x22, 0x03, 0xF5, 0x35, 0xA4, 0xEF, 0x8E, 0xC8, 0x4B, 0x5D, 0x6A, 0x14, 0x4C, 0x5F, 0x9F,
    0xE2, 0x75, 0x40, 0x4E, 0x15, 0x52, 0xEA, 0x81, 0x7A, 0x04, 0x32, 0x2A, 0x81, 0xDA, 0xDE, 0x83,
    0xDC, 0x6E, 0x40, 0xD9, 0xE7, 0xA0, 0x2A, 0x83, 0x02, 0xC5, 0xBB, 0x03, 0x0E, 0x51, 0x03, 0xA2,
    0xD9, 0xA0, 0xDC, 0xAD, 0xFF, 0x66, 0x03, 0xD1, 0x85, 0x13, 0x5E, 0x5F, 0x38, 0x01, 0xE0, 0x40,
    0xB1, 0x35, 0xB9, 0xA3, 0x74, 0x3A, 0xF1, 0xB8, 0x83, 0x5F, 0xDA, 0x23, 0x73, 0x30, 0x0D, 0xC6,
    0xD0, 0x16, 0xC8, 0x21, 0xBA, 0xFC, 0x57, 0xB4, 0x05, 0x6C, 0x80, 0x70, 0x5B, 0xA4, 0x4A, 0xF0,
    0x99, 0x4E, 0x30, 0xF6, 0x82, 0x18, 0x71, 0x9E, 0x91, 0x70, 0x21, 0x60, 0x2F, 0x18, 0x3B, 0x50,
    0xC4, 0xA5, 0x2F, 0x71, 0x4C, 0x13, 0xD1, 0xCC, 0xE9, 0x32, 0xA7, 0xB1, 0x24, 0xBA, 0x4A, 0x1E,
    0xB3, 0xE1, 0x9F, 0xD2, 0x0F, 0xA7, 0x96, 0x71, 0x6B, 0x24, 0x0E, 0x95, 0xDA, 0xDE, 0xE4, 0xB4,
    0x54, 0x90, 0x23, 0x88, 0x31, 0x20, 0xED, 0xC1, 0x71, 0x8A, 0x23, 0x92, 0x67, 0x9D, 0xA4, 0x42,
    0x55, 0x4D, 0x0C, 0x90, 0xC6, 0x5B, 0x81, 0x5B, 0x6F, 0x5A, 0x81, 0x9B, 0x6F, 0x52, 0x41, 0xDA,
    0x6F, 0x19, 0x92, 0xC1, 0x0A, 0x3F, 0xA1, 0x96, 0x71, 0x7C, 0xC6, 0x23, 0x34, 0x62, 0x41, 0xD0,
    0xA7, 0xE1, 0x6C, 0x28, 0x69, 0x0B, 0x44, 0x96, 0xA4, 0x2D, 0x34, 0x8B, 0x5E, 0x8E, 0x4B, 0x58,
    0xEF, 0xE6, 0x12, 0x44, 0x1F, 0x3B, 0x1B, 0xBE, 0x45, 0x15, 0x0B, 0x97, 0x6E, 0x92, 0x34, 0x0C,
    0x59, 0xC5, 0x70, 0x02, 0x0C, 0xE7, 0x19, 0x3E, 0xE8, 0x19, 0xC8, 0x33, 0x7C, 0x34, 0x32, 0x38,
    0x2A, 0x19, 0x8C, 0x65, 0x28, 0x5A, 0x06, 0xE5, 0x18, 0x32, 0xCF, 0x90, 0x8C, 0x9C, 0xF0, 0xE3,
    0xB4, 0x45, 0x2C, 0xB2, 0x85, 0xB6, 0xA2, 0x7E, 0xCB, 0x10, 0x77, 0x0C, 0x38, 0xBF, 0x33, 0xDD,
    0x84, 0xFC, 0x6C, 0x1E, 0xD5, 0x52, 0x82, 0xDA, 0x2E, 0xC1, 0x30, 0x44, 0xC4, 0x90, 0x0A, 0x28,
    0xCD, 0xB0, 0x21, 0xE0, 0x18, 0xAE, 0x5B, 0x06, 0x02, 0xC3, 0x20, 0xD0, 0x09, 0xB8, 0x25, 0x88,
    0xA8, 0x6B, 0x41, 0x28, 0x36, 0x92, 0x06, 0xF0, 0x89, 0x03, 0xEA, 0x8C, 0xA1, 0xA0, 0x0A, 0xC0,
    0xE9, 0xB5, 0x74, 0x9D, 0x19, 0x22, 0x6A, 0x44, 0x00, 0xB2, 0x1E, 0xCF, 0x49, 0xA3, 0xBB, 0x88,
    0x78, 0x44, 0x07, 0x50, 0x2C, 0x8F, 0x5D, 0x69, 0x00, 0xFD, 0x5B, 0x2B, 0xCF, 0x4A, 0x6D, 0x10,
    0x80, 0x6C, 0x04, 0x24, 0x22, 0x10, 0xF7, 0x02, 0x8E, 0x89, 0x5A, 0x80, 0x95, 0x05, 0x70, 0x39,
    0x48, 0x56, 0xE4, 0x66, 0x73, 0xEE, 0x50, 0xA1, 0x0A, 0x3E, 0x37, 0xCC, 0x6E, 0x70, 0xAB, 0x27,
    0x0E, 0x6E, 0x4A, 0x17, 0x6E, 0x27, 0x48, 0x8E, 0xE2, 0xA0, 0x15, 0x31, 0xA4, 0x41, 0xD3, 0xDA,
    0x02, 0x87, 0x35, 0xC3, 0x31, 0xDD, 0x00, 0x1B, 0xB9, 0x03, 0x4E, 0x2A, 0x86, 0x57, 0xB2, 0x1E,
    0x70, 0x2C, 0x26, 0xBA, 0xF1, 0xD2, 0x80, 0x98, 0x68, 0x44, 0x52, 0x81, 0x90, 0x96, 0xA8, 0xCB,
    0x0C, 0x30, 0x95, 0x02, 0xB4, 0x35, 0x5B, 0x5C, 0x1F, 0xE4, 0x92, 0x30, 0xB8, 0xBA, 0xA3, 0xE3,
    0xCB, 0xF2, 0xC8, 0x92, 0xBE, 0xB3, 0x1A, 0x8C, 0xE5, 0xE9, 0x61, 0xD6, 0x24, 0x3E, 0xEB, 0x12,
    0x9F, 0xF4, 0x4C, 0xEB, 0x7F, 0x3D, 0x5F, 0x77, 0xE9, 0x50, 0xDB, 0x9A, 0x06, 0x10, 0xCD, 0x39,
    0x23, 0x64, 0xA5, 0xA9, 0xEC, 0x1C, 0x26, 0x72, 0x2E, 0x26, 0x4E, 0x96, 0x06, 0xA8, 0xED, 0x19,
    0xFF, 0x3B, 0xEB, 0x14, 0xA7, 0xB2, 0x93, 0xB2, 0xAE, 0xD8, 0xAE, 0x5B, 0xA2, 0xF1, 0x0B, 0x1B,
    0x7A, 0x13, 0x11, 0x34, 0x8D, 0x27, 0x32, 0x3C, 0xAC, 0xC1, 0xC9, 0x15, 0x9C, 0x13, 0x38, 0x2B,
    0xF0, 0xAA, 0x80, 0x5B, 0x42, 0xD4, 0x32, 0xC4, 0x0D, 0x43, 0x62, 0x19, 0xD2, 0x8A, 0xE1, 0xCC,
    0x8F, 0x36, 0xE9, 0x34, 0x89, 0xD0, 0x01, 0x48, 0x5C, 0x07, 0xC0, 0x39, 0x86, 0x57, 0x04, 0x9E,
    0xDD, 0x62, 0x78, 0xE8, 0x8B, 0x9A, 0x4B, 0x35, 0x69, 0xBA, 0x4E, 0xAE, 0x18, 0x8E, 0xD2, 0x3F,
    0xA7, 0x36, 0x12, 0x79, 0x97, 0x80, 0xF3, 0xCC, 0x3A, 0xE0, 0x44, 0xE2, 0xA5, 0xD5, 0x67, 0x4F,
    0xFA, 0xAC, 0x02, 0x92, 0x2B, 0x3E, 0x07, 0xB3, 0xDF, 0x7B, 0x1D, 0x9A, 0x06, 0x85, 0xC6, 0xF1,
    0xF1, 0x60, 0x2C, 0x90, 0xFF, 0xCA, 0x17, 0x2D, 0xA0, 0xAF, 0x78, 0x29, 0x97, 0x9A, 0x1F, 0xE8,
    0x01, 0xE2, 0xC7, 0x07, 0xC4, 0x43, 0xE2, 0x63, 0x42, 0xEA, 0x59, 0x26, 0x55, 0xB3, 0x8E, 0x87,
    0x70, 0x73, 0xAD, 0xDE, 0x92, 0xC1, 0xBC, 0x3F, 0x44, 0xD7, 0x60, 0xDE, 0x25, 0x8C, 0x30, 0x95,
    0x87, 0xB6, 0xE7, 0x99, 0x10, 0xC8, 0x94, 0x88, 0x06, 0x80, 0x3A, 0x60, 0x53, 0xD2, 0x29, 0x9A,
    0x65, 0xB1, 0x9F, 0x67, 0xF2, 0x50, 0xED, 0xC8, 0xF1, 0xF8, 0xD9, 0x52, 0x64, 0xFC, 0x7D, 0xF6,
    0xFB, 0xBB, 0x93, 0xEE, 0xDD, 0x1B, 0x41, 0x13, 0x22, 0xF2, 0xD2, 0x58, 0x7F, 0x18, 0x9A, 0xE8,
    0x81, 0xE1, 0xBC, 0xC0, 0x05, 0x81, 0x9E, 0x21, 0x76, 0x0C, 0x26, 0x40, 0x73, 0x88, 0x7E, 0xAD,
    0x4B, 0x45, 0x9E, 0x46, 0x80, 0x8B, 0x83, 0x10, 0xD1, 0x35, 0x45, 0x65, 0x42, 0x56, 0xD5, 0x55,
    0x52, 0x5B, 0x65, 0x6C, 0xC6, 0x45, 0xA2, 0x1B, 0x29, 0x89, 0xC2, 0x3D, 0xC8, 0xA8, 0xDC, 0x71,
    0xC1, 0x5E, 0x8A, 0x25, 0xF3, 0xE7, 0x18, 0x93, 0xE1, 0x15, 0x41, 0x72, 0x8C, 0x11, 0x35, 0x8C,
    0x20, 0x2B, 0x58, 0x57, 0x82, 0xA6, 0xE4, 0xD2, 0xD9, 0xD2, 0x52, 0x3C, 0xEE, 0x44, 0x42, 0x7E,
    0x59, 0xF2, 0x34, 0x95, 0xFC, 0xAD, 0x81, 0x88, 0x2C, 0x4F, 0xAA, 0xC6, 0xDE, 0x3E, 0x9E, 0x88,
    0x5A, 0xD4, 0xF8, 0x6C, 0x2C, 0x11, 0x8F, 0xB3, 0x16, 0xAA, 0x8D, 0x3D, 0x0A, 0x8B, 0x51, 0xA6,
    0xB9, 0x1A, 0x75, 0xC9, 0x5A, 0x90, 0xCC, 0x79, 0x02, 0x76, 0x1F, 0xA8, 0x42, 0x14, 0x89, 0x3C,
    0x3D, 0x26, 0x02, 0x26, 0x51, 0x41, 0x28, 0x71, 0x70, 0x61, 0x00, 0xFE, 0x62, 0xC6, 0x72, 0x23,
    0xD3, 0x42, 0x98, 0x20, 0x88, 0x7A, 0xCC, 0x3E, 0xA1, 0x52, 0x39, 0xC9, 0x4E, 0xBE, 0x6B, 0x50,
    0x54, 0xFC, 0xFF, 0x82, 0xAF, 0x9B, 0x72, 0x1A, 0x18, 0xF7, 0x0E, 0x64, 0xB3, 0xF9, 0x2D, 0x6C,
    0xC8, 0x2A, 0x69, 0x4C, 0xB9, 0xB2, 0x21, 0x57, 0xB4, 0x8F, 0x0D, 0x79, 0x64, 0xDD, 0x86, 0xAC,
    0x89, 0x88, 0xED, 0x10, 0x73, 0x81, 0x13, 0x67, 0x1B, 0x24, 0x7B, 0x56, 0xB9, 0x54, 0x12, 0x3A,
    0x30, 0x4D, 0xC5, 0x65, 0x97, 0xF3, 0x6A, 0x2D, 0xF3, 0x6A, 0x21, 0xF3, 0xEA, 0x63, 0x48, 0x3C,
    0xCE, 0x2F, 0xE7, 0x55, 0x38, 0xA0, 0x7E, 0x5D, 0xE6, 0xD5, 0x5F, 0x89, 0xF2, 0x9F, 0x54, 0xB7,
    0x9E, 0x57, 0xA3, 0x9D, 0xF3, 0x2A, 0x12, 0x0A, 0xB7, 0xEB, 0x3F, 0x32, 0xD6, 0x44, 0x2D, 0xB2,
    0xB9, 0x79, 0x73, 0x44, 0xC1, 0x2D, 0xCF, 0x54, 0x86, 0xDB, 0x5C, 0xD1, 0xD4, 0xD2, 0x38, 0x5A,
    0x12, 0x74, 0x7B, 0x71, 0x8A, 0xA3, 0xAD, 0xFC, 0xA9, 0x4E, 0xBF, 0x46, 0x88, 0x88, 0xA8, 0x03,
    0x22, 0xF3, 0x6B, 0x30, 0xD6, 0xD7, 0x96, 0xA9, 0x68, 0x7A, 0x8D, 0x9A, 0x9C, 0xCA, 0xBA, 0x4A,
    0x46, 0xCE, 0x00, 0x08, 0xE7, 0x80, 0xDA, 0x3A, 0x40, 0xFF, 0x52, 0xC6, 0xCE, 0x4F, 0x4A, 0x20,
    0x23, 0x89, 0xBD, 0x9A, 0x78, 0x33, 0x51, 0xF4, 0xC1, 0xD5, 0x74, 0xEB, 0xB2, 0x1E, 0x71, 0x93,
    0x0C, 0x48, 0x6D, 0x44, 0x28, 0xAE, 0xA5, 0xD4, 0xD4, 0xBD, 0x22, 0xF7, 0x45, 0x5B, 0x07, 0xC5,
    0xF6, 0x72, 0xE2, 0x59, 0x94, 0x1A, 0x10, 0xE0, 0x15, 0x81, 0x67, 0x05, 0x1E, 0x92, 0x81, 0x29,
    0x58, 0x9D, 0xBF, 0xBE, 0xBD, 0xA8, 0xAC, 0x63, 0x48, 0x86, 0x43, 0x04, 0x10, 0x31, 0xDC, 0x5B,
    0x32, 0x00, 0xFB, 0x00, 0x0F, 0x1F, 0x61, 0x1C, 0x23, 0x0E, 0xD7, 0x65, 0x1D, 0xF0, 0x34, 0xFD,
    0x07, 0x33, 0x5F, 0x48, 0xBA, 0x8B, 0x2C, 0xE7, 0xCC, 0x6E, 0x9E, 0xE9, 0x68, 0x0A, 0x7F, 0x3F,
    0xA9, 0x6F, 0xD3, 0x14, 0x10, 0x82, 0x9E, 0x98, 0x9A, 0x58, 0xB6, 0x83, 0xA5, 0x13, 0x8B, 0x89,
    0x06, 0x80, 0xA4, 0x71, 0x39, 0x6D, 0x17, 0xD0, 0x0A, 0x60, 0x0D, 0xA8, 0x65, 0x78, 0x73, 0x60,
    0xB0, 0x75, 0xC9, 0xA0, 0x2B, 0x01, 0xBB, 0x13, 0xE4, 0x5A, 0x0D, 0x98, 0xB7, 0x06, 0xA4, 0x44,
    0x0D, 0xC4, 0x62, 0x90, 0xAA, 0x2D, 0xA7, 0x41, 0x95, 0xEF, 0xDE, 0x12, 0xA9, 0x17, 0xDC, 0xAE,
    0x4B, 0x46, 0x57, 0x58, 0x41, 0xD5, 0x06, 0x74, 0xBB, 0x31, 0x6F, 0x97, 0x71, 0x66, 0x1F, 0x11,
    0x4B, 0x26, 0xEA, 0xC2, 0xF0, 0x6D, 0xC1, 0x29, 0xED, 0xDF, 0xFF, 0xA9, 0x87, 0xC8, 0x9E, 0x06,
    0x2D, 0xB5, 0xDB, 0xC2, 0x6B, 0xE5, 0x7A, 0xFE, 0x11, 0x81, 0x25, 0x21, 0xA3, 0x2D, 0x36, 0x20,
    0x3C, 0x46, 0x18, 0x4C, 0x06, 0x44, 0xDE, 0x00, 0xAA, 0x5D, 0x49, 0x23, 0x72, 0xD8, 0x3C, 0xB3,
    0x26, 0x3D, 0x6F, 0xCF, 0xA1, 0xB0, 0x1C, 0xB7, 0x1A, 0x50, 0xC3, 0xFC, 0xD8, 0x07, 0x19, 0x44,
    0xF6, 0xE8, 0x58, 0x8A, 0x4A, 0xF4, 0xB2, 0x93, 0x19, 0xB3, 0x8F, 0x3D, 0xB3, 0x6C, 0x5A, 0xC6,
    0xAB, 0x06, 0x86, 0x59, 0xD1, 0xF0, 0x53, 0xCA, 0x85, 0xD2, 0x5B, 0x32, 0xA2, 0xC0, 0xB6, 0x8D,
    0xB0, 0x5D, 0xF7, 0xE4, 0x01, 0x53, 0xAD, 0x1E, 0x57, 0x22, 0x6C, 0x21, 0x7A, 0x4A, 0x68, 0x99,
    0x2C, 0x0A, 0x22, 0x1B, 0xD1, 0x4B, 0x63, 0x19, 0xAC, 0x24, 0xE5, 0xF6, 0x42, 0xDA, 0x33, 0xC4,
    0xE3, 0x93, 0x1E, 0x30, 0x24, 0xF0, 0x5B, 0x06, 0xBA, 0xE2, 0x11, 0x11, 0xDF, 0x48, 0x46, 0x86,
    0x2C, 0x3C, 0xDB, 0x33, 0xD4, 0xEE, 0x28, 0x95, 0x54, 0x69, 0xB2, 0x87, 0xA8, 0x45, 0xF1, 0x9E,
    0x87, 0x7E, 0x7C, 0x44, 0xB1, 0x36, 0x74, 0x67, 0x44, 0xD0, 0xEF, 0x10, 0xA8, 0x24, 0xAC, 0xFE,
    0x62, 0xE2, 0xC6, 0x50, 0x57, 0x59, 0x6F, 0x5A, 0x20, 0x2D, 0xF1, 0x0F, 0xA9, 0x8C, 0x89, 0x20,
    0x93, 0x46, 0x71, 0xE3, 0x34, 0x4E, 0x01, 0x38, 0x27, 0x83, 0x41, 0xDD, 0xE1, 0xFA, 0xBB, 0x23,
    0xA8, 0xAA, 0x41, 0xD0, 0x15, 0x93, 0x5D, 0xA7, 0x9A, 0x49, 0x97, 0xA6, 0x2C, 0xF8, 0xBE, 0x7A,
    0x57, 0x34, 0x6C, 0x97, 0x16, 0xFB, 0x34, 0x41, 0xAD, 0x88, 0xEF, 0x93, 0x07, 0x17, 0x5E, 0xB5,
    0xB3, 0x9E, 0xF3, 0x96, 0x2D, 0x74, 0xBB, 0xB0, 0xD0, 0x67, 0x37, 0x6A, 0xBE, 0x16, 0x7E, 0x99,
    0x72, 0xD8, 0xFB, 0x9B, 0xCD, 0x11, 0xB4, 0x24, 0x7F, 0xE8, 0x46, 0x7D, 0x0D, 0x2C, 0x39, 0x50,
    0x3B, 0x51, 0x24, 0xD4, 0x68, 0x1B, 0x5B, 0x6D, 0x13, 0xA1, 0x4A, 0xDB, 0x8C, 0xDB, 0xED, 0x99,
    0x4D, 0xF3, 0x6B, 0x22, 0xF2, 0x03, 0x70, 0xB1, 0x03, 0x36, 0x1C, 0x70, 0xBC, 0x05, 0xBE, 0xB1,
    0x05, 0x7C, 0x29, 0xA6, 0x4A, 0xBD, 0xD7, 0xE9, 0xEF, 0x79, 0x83, 0xB1, 0x16, 0xE1, 0x24, 0x61,
    0x73, 0x93, 0x80, 0x1A, 0x30, 0xE5, 0x3D, 0xDA, 0x1E, 0x53, 0xF3, 0x8B, 0x62, 0xA6, 0x78, 0xF2,
    0xE4, 0x8A, 0xBE, 0xEE, 0xEA, 0x36, 0xE6, 0x54, 0x4F, 0x01, 0x17, 0xB4, 0xBD, 0x00, 0x3C, 0xA2,
    0x5F, 0x6F, 0x81, 0x5C, 0xBF, 0x21, 0x93, 0x13, 0x91, 0x03, 0x8C, 0x79, 0xAB, 0x03, 0x48, 0x4B,
    0x9D, 0x0D, 0xFA, 0xF5, 0x11, 0x89, 0x97, 0xF2, 0xCA, 0x3A, 0x2E, 0x31, 0x5B, 0xB8, 0xBA, 0xD3,
    0x5D, 0x5D, 0x91, 0xCF, 0xFC, 0x51, 0xAA, 0xEA, 0x97, 0x3B, 0x9F, 0xF8, 0x0B, 0x52, 0xB3, 0x3D,
    0xB2, 0x36, 0xA1, 0x32, 0x3A, 0xD3, 0xF2, 0xBF, 0x8F, 0x24, 0xFE, 0xD5, 0xC4, 0xF7, 0x69, 0x5F,
    0xCF, 0x42, 0x15, 0x7B, 0x4D, 0xB3, 0xBE, 0x98, 0xDF, 0x2C, 0xB9, 0x82, 0xA9, 0x76, 0xEA, 0xC3,
    0xB7, 0x9D, 0xFA, 0xE4, 0x29, 0xA7, 0x46, 0xBE, 0xD6, 0xDF, 0xBC, 0x2B, 0x71, 0xE5, 0x19, 0x1C,
    0xB9, 0x17, 0x70, 0xAA, 0x42, 0x5F, 0x54, 0x30, 0x23, 0x80, 0x12, 0x12, 0xEE, 0x54, 0x1E, 0x93,
    0xE7, 0x7F, 0xCB, 0x9D, 0x52, 0xEC, 0x53, 0xE5, 0x2E, 0x40, 0x5D, 0xEF, 0xA6, 0xDA, 0xFD, 0x78,
    0x80, 0xFA, 0x90, 0xF8, 0x1A, 0x55, 0x2C, 0x4B, 0x6A, 0x9E, 0x9F, 0xCB, 0x3D, 0xD7, 0xD6, 0xB8,
    0xBB, 0xCE, 0x76, 0x93, 0xD4, 0x5F, 0xCC, 0x94, 0x72, 0xFD, 0x91, 0x65, 0xFA, 0x5E, 0x7D, 0xED,
    0x79, 0x19, 0x3D, 0x06, 0xE4, 0x64, 0x67, 0x23, 0xF4, 0x50, 0x2A, 0x82, 0x76, 0x50, 0x54, 0xD5,
    0x8C, 0xC6, 0xBE, 0xCD, 0xA8, 0x9B, 0xAB, 0x8C, 0xC5, 0xEF, 0x5E, 0x64, 0x54, 0xD7, 0x9F, 0x62,
    0xCC, 0x48, 0x31, 0x26, 0x63, 0xC0, 0x41, 0x30, 0xF2, 0x8C, 0xB3, 0xAD, 0xBE, 0x18, 0x4A, 0x72,
    0x67, 0x35, 0xD9, 0xDD, 0x79, 0x5F, 0xFD, 0x11, 0x39, 0xB5, 0x7D, 0x66, 0xF7, 0xD5, 0x55, 0xDE,
    0x23, 0x6A, 0xA4, 0x95, 0x8B, 0xF1, 0x07, 0xC3, 0xAD, 0xBE, 0xDE, 0xBF, 0x47, 0x54, 0x72, 0x4F,
    0xAF, 0x7A, 0x44, 0x03, 0x0A, 0x4D, 0xFB, 0x65, 0x49, 0xEF, 0x40, 0x7F, 0xAB, 0xB2, 0xFE, 0x25,
    0x95, 0xB3, 0xF7, 0x67, 0xAD, 0xF2, 0x7C, 0xB5, 0x4B, 0x7B, 0x19, 0x1D, 0xF6, 0x25, 0xB9, 0xE7,
    0x33, 0xA7, 0x68, 0xD6, 0x70, 0xF9, 0x97, 0x7B, 0x4D, 0x3E, 0x80, 0x28, 0xD8, 0x45, 0xEA, 0x23,
    0xAF, 0xED, 0x60, 0xCA, 0x4B, 0x35, 0xBE, 0x4B, 0xC0, 0xEA, 0x17, 0xDA, 0x3A, 0xB4, 0xBD, 0x3F,
    0xB4, 0xF5, 0xB6, 0x26, 0x72, 0xFF, 0xDD, 0xBC, 0xE9, 0xD8, 0x4E, 0x0F, 0x74, 0x44, 0xDB, 0xD3,
    0x7C, 0x17, 0xB7, 0x22, 0xB1, 0x80, 0x12, 0xF2, 0x20, 0x52, 0xDE, 0xCC, 0xD3, 0x4E, 0xB9, 0xD8,
    0x66, 0x5D, 0x62, 0x13, 0x9F, 0x94, 0xF1, 0x90, 0x02, 0xE3, 0x61, 0x80, 0xEE, 0x07, 0xCC, 0x5F,
    0x03, 0xBA, 0x07, 0xF2, 0x85, 0x6A, 0x59, 0x03, 0x24, 0x96, 0xA9, 0x0A, 0xC3, 0x10, 0x72, 0x40,
    0x0D, 0x4C, 0x1E, 0x48, 0x5B, 0x2C, 0x82, 0xF6, 0x0C, 0x47, 0x05, 0x92, 0xBD, 0x10, 0xD5, 0x74,
    0x0D, 0xD9, 0x27, 0x23, 0x95, 0xC5, 0x15, 0x5F, 0x34, 0xE6, 0xFB, 0x5C, 0x10, 0x75, 0xE2, 0xD3,
    0x9E, 0x38, 0x71, 0xBF, 0x0B, 0xC2, 0x0D, 0x2D, 0x51, 0x42, 0xE4, 0xF0, 0x18, 0x44, 0xC0, 0x7E,
    0x92, 0x11, 0xC6, 0x6B, 0x4D, 0x16, 0x44, 0xDA, 0x9B, 0xB1, 0xE8, 0xD2, 0x21, 0xB3, 0x31, 0x29,
    0xA0, 0x3E, 0x0F, 0xE8, 0x6E, 0x31, 0xFB, 0x30, 0x3F, 0xE5, 0x01, 0x27, 0x6B, 0x7B, 0x63, 0x33,
    0xAB, 0x5B, 0x5E, 0xF4, 0x0E, 0xE4, 0x89, 0xD6, 0x1A, 0xDA, 0x81, 0xFE, 0xF2, 0xED, 0xC9, 0x4A,
    0x00, 0x50, 0x2C, 0x8C, 0x83, 0x6C, 0x61, 0x0F, 0xC4, 0x22, 0xCB, 0x70, 0x1B, 0xDE, 0xEF, 0xB9,
    0xAC, 0xCF, 0x5D, 0x4C, 0xE4, 0x70, 0xEF, 0xCE, 0x2D, 0x0B, 0x40, 0x74, 0x60, 0xE2, 0x26, 0x55,
    0x7F, 0x24, 0x6B, 0x11, 0x69, 0xA4, 0x77, 0x86, 0xF9, 0xB6, 0xF9, 0x0D, 0x55, 0x24, 0xC1, 0x7D,
    0xA1, 0x32, 0x4F, 0x4F, 0x32, 0xB1, 0x32, 0x43, 0x31, 0xE1, 0xB3, 0x6B, 0xF8, 0x50, 0x4D, 0x3D,
    0x2E, 0x73, 0x23, 0xE3, 0xC6, 0xB8, 0x22, 0x04, 0xA2, 0x16, 0xFA, 0xB7, 0xC3, 0xCE, 0x5E, 0xF8,
    0xDA, 0x88, 0xFA, 0x2D, 0x9F, 0x10, 0xB5, 0x44, 0x52, 0x81, 0xB3, 0xB9, 0xD4, 0xA5, 0x72, 0x52,
    0xAD, 0xFB, 0x20, 0xF5, 0x82, 0xDB, 0xF4, 0x24, 0xA3, 0xD3, 0x57, 0x76, 0x23, 0x37, 0x29, 0xB0,
    0x41, 0xC3, 0x12, 0x88, 0x7A, 0x96, 0x46, 0x24, 0x5D, 0xEA, 0x56, 0xC6, 0xCC, 0xEE, 0x89, 0xCF,
    0x54, 0x93, 0x01, 0xD3, 0xB3, 0x0A, 0xA8, 0x67, 0xD6, 0x67, 0xEE, 0x42, 0xD2, 0x4D, 0x5B, 0xD5,
    0x09, 0xF9, 0xE8, 0x69, 0xF9, 0xC7, 0x43, 0x49, 0xDF, 0xA5, 0x5D, 0x9F, 0xB9, 0xCB, 0x33, 0x9B,
    0x0F, 0x20, 0x1F, 0x53, 0xC5, 0x23, 0xE7, 0x7B, 0x62, 0x58, 0xBD, 0xE0, 0x95, 0xAB, 0x1F, 0xE7,
    0x7A, 0x27, 0x8C, 0x02, 0xA4, 0x48, 0x60, 0x5B, 0xC0, 0x4D, 0x20, 0x37, 0x8C, 0x44, 0xE1, 0xC8,
    0xB3, 0x5E, 0xBD, 0xE7, 0x82, 0x00, 0xD4, 0x44, 0xC9, 0x58, 0xBF, 0x23, 0xD3, 0xCE, 0xBA, 0x4E,
    0xDC, 0x03, 0x6C, 0x44, 0x64, 0x41, 0xC6, 0x46, 0x83, 0xB6, 0x32, 0x39, 0x49, 0x9C, 0xC2, 0xD5,
    0x3C, 0x3D, 0x13, 0x65, 0x2E, 0x2C, 0xA5, 0x2E, 0x01, 0x39, 0xA6, 0x70, 0xF0, 0x49, 0x32, 0x7B,
    0xA1, 0x55, 0x57, 0x1C, 0xE3, 0x67, 0x7D, 0x10, 0x1C, 0x48, 0xC6, 0xAA, 0x45, 0x61, 0x12, 0x39,
    0x9C, 0xD9, 0x3E, 0x0D, 0xF5, 0xC1, 0x28, 0x3B, 0xD8, 0x56, 0x0D, 0xBA, 0x55, 0x5D, 0xFE, 0xA9,
    0x5D, 0xC8, 0x48, 0x41, 0x91, 0xDA, 0x61, 0x05, 0x4E, 0x5B, 0x4A, 0x75, 0x85, 0x68, 0x0E, 0xC4,
    0x3F, 0x95, 0xAB, 0x85, 0x15, 0x1B, 0xE7, 0x3B, 0x00, 0x0E, 0x6E, 0x77, 0x84, 0xF1, 0xF3, 0x5D,
    0xAF, 0xAB, 0xC1, 0xE0, 0x62, 0x0D, 0x10, 0x42, 0x8E, 0x36, 0xB1, 0x37, 0x37, 0x29, 0x95, 0xFA,
    0xC7, 0xED, 0xC5, 0xD8, 0x79, 0x34, 0x32, 0xC2, 0xF4, 0xD2, 0x0A, 0x33, 0x62, 0x41, 0xFD, 0x43,
    0xB1, 0xEF, 0xD0, 0xFB, 0xA8, 0xAB, 0x7F, 0xDC, 0x72, 0x93, 0x4A, 0x1B, 0xD1, 0x3A, 0x5D, 0xE4,
    0x7F, 0xB6, 0xFF, 0x7C, 0x30, 0x27, 0x7A, 0xEE, 0x39, 0x22, 0xC1, 0x4F, 0x8B, 0x17, 0xC9, 0x8E,
    0x2A, 0x4B, 0x07, 0x87, 0xC2, 0x1F, 0xF5, 0xC9, 0xED, 0xFE, 0xFA, 0xAC, 0x2B, 0xDA, 0xCB, 0xA5,
    0xCC, 0xCD, 0x08, 0x93, 0xB3, 0xCC, 0xC4, 0xFB, 0x00, 0xB5, 0x0C, 0xDC, 0xC9, 0x5A, 0x6D, 0x29,
    0x16, 0x08, 0xB3, 0x34, 0x59, 0xEE, 0x68, 0x54, 0x99, 0xB7, 0xFC, 0xF3, 0x31, 0x51, 0x1B, 0xAC,
    0x0D, 0xC8, 0x70, 0x07, 0x88, 0x36, 0xFB, 0x22, 0x91, 0x74, 0x12, 0x19, 0xE6, 0xCA, 0xFD, 0x56,
    0x10, 0xD2, 0x5D, 0x58, 0xC2, 0x47, 0x04, 0x91, 0xD6, 0xE3, 0xB6, 0xAD, 0xE2, 0xE3, 0x83, 0xB7,
    0x8A, 0xD9, 0x5C, 0xCD, 0x89, 0x14, 0x01, 0xFF, 0x60, 0xDA, 0xE2, 0x88, 0x7A, 0x40, 0x0A, 0xFD,
    0x5E, 0x84, 0x70, 0xA7, 0x56, 0x4D, 0xF4, 0x53, 0x00, 0x23, 0x93, 0x2E, 0x81, 0xCC, 0x02, 0xD8,
    0xFA, 0x5C, 0xD6, 0x15, 0xCE, 0xAB, 0x12, 0x5E, 0x59, 0x8C, 0x85, 0x45, 0x71, 0xD3, 0x5A, 0x33,
    0xA4, 0x7C, 0x31, 0xA6, 0x5D, 0xE6, 0xA3, 0x26, 0xF1, 0xB1, 0x8D, 0x87, 0xA4, 0xC2, 0x98, 0x02,
    0x94, 0x01, 0xE6, 0x9F, 0x01, 0xFA, 0xBF, 0x00, 0x45, 0x3F, 0x4D, 0x46, 0x99, 0x03, 0x92, 0x96,
    0xA9, 0x01, 0xE2, 0xC5, 0xDC, 0xAA, 0x80, 0x74, 0x64, 0xF2, 0xD3, 0xBB, 0x94, 0xCF, 0x3A, 0x31,
    0xCD, 0x88, 0xE6, 0xC4, 0x01, 0xB9, 0xC8, 0x6F, 0xA7, 0xB2, 0x4B, 0x2C, 0xD2, 0x2E, 0x22, 0xE8,
    0x52, 0x7B, 0x50, 0x69, 0x9A, 0xAF, 0x8E, 0xA8, 0x2B, 0xD5, 0x82, 0xA0, 0x6D, 0xE2, 0x50, 0x97,
    0x81, 0x99, 0xAA, 0x68, 0x93, 0x96, 0x2F, 0xE5, 0x8E, 0x59, 0xC1, 0xED, 0x3D, 0xB5, 0xC8, 0xDB,
    0xBC, 0xCB, 0xAC, 0x0C, 0xB1, 0xBD, 0x2A, 0x99, 0xFD, 0x85, 0xCF, 0x81, 0xAC, 0xBB, 0xEE, 0x4F,
    0x01, 0x69, 0xFF, 0xE1, 0x70, 0x1E, 0x48, 0xC6, 0x5F, 0x8C, 0x1D, 0x33, 0xB2, 0xD4, 0x02, 0x31,
    0x95, 0x64, 0x81, 0x88, 0x58, 0x2C, 0x80, 0x01, 0xCF, 0x03, 0x47, 0x5B, 0xD5, 0x24, 0x8D, 0xEE,
    0x53, 0x97, 0xBA, 0xD8, 0x27, 0x2E, 0x72, 0x18, 0x93, 0x1E, 0x0E, 0x14, 0x79, 0x46, 0x03, 0x1F,
    0x71, 0xBA, 0xE5, 0x10, 0xCB, 0x62, 0x8E, 0x12, 0x4E, 0xF5, 0x75, 0x4A, 0x2A, 0xA8, 0x37, 0xCC,
    0xB7, 0x01, 0xF5, 0x77, 0xC5, 0x7F, 0x05, 0x32, 0x9F, 0xF7, 0x80, 0x18, 0x2C, 0x40, 0xE2, 0x94,
    0x45, 0x42, 0x04, 0x44, 0xF5, 0x3B, 0x8B, 0xF5, 0x75, 0x4D, 0xD4, 0xE1, 0x92, 0xF9, 0x4D, 0x87,
    0x57, 0xB5, 0x3D, 0x8B, 0xEF, 0x68, 0xFB, 0xD0, 0x6A, 0xE1, 0x3D, 0x67, 0xE0, 0x29, 0x11, 0xB2,
    0x37, 0xB4, 0xCF, 0x56, 0x63, 0x1B, 0x6E, 0x44, 0xF5, 0x9B, 0x54, 0x26, 0xB4, 0x4F, 0x5B, 0x0E,
    0xB4, 0xBB, 0x5D, 0xAF, 0x5F, 0xA7, 0xB1, 0x54, 0xDB, 0xA6, 0xD9, 0xBD, 0x26, 0x36, 0x61, 0xBD,
    0x34, 0x80, 0x08, 0x31, 0xB5, 0xB3, 0x39, 0x8A, 0x3F, 0x0C, 0x61, 0xBD, 0x59, 0x87, 0x97, 0xD0,
    0x5A, 0xB9, 0xA4, 0x93, 0x97, 0x36, 0xD9, 0x3E, 0x7D, 0x8F, 0x42, 0xDF, 0xDB, 0xDC, 0x79, 0x7D,
    0x11, 0x33, 0xE9, 0x19, 0x45, 0x42, 0x1C, 0xA4, 0x29, 0x91, 0xFC, 0xCE, 0x25, 0x22, 0x1C, 0xA2,
    0x96, 0xB1, 0xBE, 0x66, 0x86, 0x74, 0x2E, 0xED, 0xB6, 0x35, 0xB2, 0x2C, 0x3F, 0x25, 0x3D, 0xF6,
    0x01, 0x81, 0x20, 0xB9, 0x51, 0x3C, 0x97, 0x97, 0xD3, 0x7F, 0x27, 0xE0, 0xBC, 0x4B, 0x02, 0x19,
    0x3F, 0x36, 0x5C, 0x0E, 0x02, 0x10, 0x8D, 0x00, 0x62, 0x62, 0x48, 0xA8, 0x02, 0x52, 0x63, 0x01,
    0x25, 0x63, 0xF3, 0x61, 0xD5, 0x02, 0xC7, 0x45, 0x9B, 0x53, 0x2F, 0xF7, 0x8B, 0x65, 0xEF, 0x7F,
    0xFB, 0x70, 0x00, 0x7E, 0xCF, 0x1D, 0x3D, 0xBA, 0xE2, 0x08, 0xC9, 0x15, 0x57, 0x57, 0xE9, 0x93,
    0x2C, 0x3A, 0x4B, 0x9C, 0x6E, 0x54, 0xE2, 0x0A, 0x9E, 0x98, 0x5D, 0x3D, 0x10, 0xDF, 0x25, 0x64,
    0x1D, 0x00, 0xD5, 0x33, 0xE4, 0x9E, 0x61, 0x63, 0x64, 0x38, 0x57, 0x33, 0xBC, 0x62, 0x2A, 0x80,
    0xC8, 0x22, 0x7E, 0xF1, 0xED, 0x06, 0xC9, 0x53, 0x57, 0x1D, 0x52, 0xF5, 0x46, 0x87, 0xFB, 0xD5,
    0x15, 0x8F, 0x6F, 0x08, 0x3C, 0xAF, 0x7E, 0x4E, 0x15, 0xA9, 0xAB, 0xD3, 0xC4, 0x6E, 0xAA, 0x69,
    0x72, 0xAF, 0xED, 0xA2, 0x66, 0xDA, 0xC0, 0xA3, 0xB7, 0x5D, 0xE0, 0xC9, 0xCF, 0xBB, 0x89, 0xFF,
    0xFB, 0x3E, 0xF0, 0x2C, 0xF1, 0xCC, 0x6F, 0xFC, 0xD5, 0xCB, 0x2F, 0x8D, 0xCC, 0x49, 0x42, 0xB8,
    0x7E, 0xDC, 0xD7, 0xA5, 0xF0, 0x93, 0xDE, 0x54, 0xC2, 0x9F, 0xF5, 0xA1, 0x4C, 0xE0, 0x7C, 0xD1,
    0x32, 0x8F, 0x1A, 0x1F, 0x26, 0x96, 0xD8, 0x7A, 0xD5, 0x31, 0x4F, 0xAC, 0xCF, 0x3C, 0xA7, 0x9B,
    0xB7, 0xBE, 0xA0, 0x92, 0x48, 0x3B, 0x3F, 0x19, 0x1A, 0x79, 0x03, 0x33, 0x40, 0xCB, 0x33, 0x30,
    0x4E, 0xF0, 0x7A, 0x2F, 0xF8, 0x3B, 0xCF, 0x18, 0xFF, 0x62, 0x5C, 0xD5, 0xEA, 0x33, 0x46, 0x76,
    0x51, 0xEE, 0xD7, 0xD2, 0xFA, 0xBE, 0xA1, 0xA5, 0x97, 0x3D, 0xAA, 0xA5, 0xF8, 0x9F, 0x65, 0x34,
    0x1F, 0xF4, 0xBA, 0x18, 0xE9, 0xBA, 0xD7, 0x9A, 0x40, 0x44, 0x1E, 0xA8, 0x7F, 0xB4, 0xC9, 0xA8,
    0x2D, 0x24, 0x5B, 0x6D, 0xD2, 0x48, 0x1F, 0xC8, 0x2A, 0x20, 0xF6, 0x0A, 0x1C, 0xE8, 0x31, 0x41,
    0xE3, 0x19, 0x72, 0xA2, 0x06, 0x30, 0x6F, 0x7F, 0xDC, 0x01, 0xA4, 0x9C, 0xAC, 0x68, 0x95, 0x1B,
    0x90, 0x78, 0x96, 0x8B, 0xA4, 0x57, 0x4E, 0x97, 0x99, 0x8C, 0x6F, 0x55, 0x68, 0x9D, 0xD6, 0x34,
    0xB3, 0x4E, 0x75, 0x54, 0x92, 0x8F, 0xBD, 0xA4, 0x65, 0x81, 0x7A, 0x73, 0x56, 0x01, 0xBA, 0x3A,
    0x01, 0x40, 0x35, 0x17, 0x19, 0xD3, 0x0F, 0x1C, 0x63, 0x22, 0x37, 0x61, 0x68, 0x04, 0xCB, 0x24,
    0x53, 0xB1, 0x34, 0xCA, 0x2D, 0x12, 0x47, 0xAA, 0x45, 0xEA, 0x28, 0x73, 0xAC, 0x1A, 0xA5, 0x1D,
    0x8A, 0xD7, 0xE9, 0xFB, 0x03, 0x6A, 0x8E, 0x5F, 0x83, 0x08, 0x9A, 0x88, 0xA4, 0x8E, 0xF4, 0x3B,
    0x9B, 0x33, 0x29, 0x8B, 0xDC, 0x61, 0x43, 0x78, 0xD6, 0xA3, 0x13, 0x9E, 0x0C, 0x71, 0x2B, 0x1C,
    0x94, 0xDA, 0xC0, 0xCD, 0x8B, 0x08, 0x5C, 0x0F, 0xCB, 0x3A, 0xE2, 0xFB, 0xDB, 0x9B, 0xB3, 0xB7,
    0x3F, 0x96, 0x52, 0x94, 0x1E, 0x43, 0xC2, 0x2F, 0x4B, 0x8E, 0x98, 0x73, 0xCE, 0x64, 0xEF, 0x27,
    0x62, 0x5E, 0x58, 0xE9, 0x4D, 0xD3, 0x4E, 0x54, 0xB6, 0x98, 0x49, 0x8A, 0x26, 0x9F, 0xA7, 0x03,
    0x51, 0x5D, 0x69, 0x8A, 0x88, 0x28, 0x61, 0x82, 0x19, 0x92, 0x61, 0xB3, 0x46, 0xE8, 0x39, 0x17,
    0x85, 0x99, 0x27, 0x9C, 0xB0, 0xE2, 0x0D, 0x2B, 0x4C, 0x11, 0x98, 0x16, 0x93, 0xDF, 0xD3, 0x1F,
    0x0F, 0x23, 0x58, 0xDE, 0xEF, 0xBD, 0x24, 0xC7, 0x4D, 0x50, 0x52, 0xCB, 0xAF, 0x78, 0x49, 0x4C,
    0x3F, 0xE9, 0xF3, 0xC6, 0xB8, 0x3A, 0x1B, 0x55, 0x47, 0x1F, 0x7A, 0x45, 0x5C, 0x21, 0x71, 0x87,
    0xE4, 0xAD, 0x1F, 0x22, 0x1A, 0x10, 0xF6, 0xAF, 0xF4, 0xFB, 0x3D, 0xEA, 0x78, 0xC4, 0x00, 0x12,
    0x5A, 0x78, 0x2F, 0x8C, 0x40, 0x3C, 0x39, 0x9C, 0xA4, 0x1C, 0x27, 0x7A, 0x66, 0x00, 0x40, 0xE5,
    0xAE, 0x85, 0x5A, 0x15, 0xAE, 0xF1, 0xBD, 0x82, 0xE3, 0x5C, 0x06, 0xE0, 0xF1, 0x75, 0xF8, 0x88,
    0xCA, 0x4B, 0x47, 0xA9, 0x2A, 0x86, 0x0C, 0x51, 0x09, 0x3C, 0x18, 0x77, 0xD9, 0xD5, 0x1F, 0x26,
    0x03, 0x72, 0x6A, 0x4D, 0xD6, 0x3F, 0x97, 0xF8, 0xE3, 0xD3, 0xE6, 0x44, 0xDE, 0xA6, 0xCB, 0xCD,
    0x89, 0xC9, 0x7C, 0x45, 0xD6, 0x47, 0xB5, 0x2B, 0xA8, 0xBA, 0x7C, 0x1A, 0x1D, 0xE0, 0xE2, 0xEE,
    0x42, 0xE1, 0x75, 0x7F, 0x2E, 0xC2, 0x11, 0xED, 0x35, 0x5D, 0x25, 0x14, 0x3E, 0xA7, 0xA7, 0x46,
    0x8E, 0x2A, 0xCD, 0xE5, 0x20, 0x2C, 0x16, 0xD6, 0x02, 0x63, 0xE2, 0x73, 0x0B, 0x98, 0xFF, 0x28,
    0xFD, 0x07, 0x19, 0xD1, 0x00, 0x0E, 0x5F, 0x0D, 0x28, 0x29, 0xEF, 0x65, 0xB9, 0xE4, 0x76, 0x5A,
    0xAE, 0x61, 0xB2, 0xEC, 0xDC, 0x1E, 0x22, 0xEB, 0xCE, 0x19, 0xEB, 0x06, 0x65, 0xDD, 0x29, 0xA6,
    0x9C, 0x49, 0xED, 0xA2, 0xC3, 0x4C, 0xC7, 0xB2, 0xC6, 0x6D, 0x24, 0x9D, 0xEB, 0x22, 0xA2, 0x66,
    0x9A, 0x86, 0xDD, 0xFE, 0x34, 0x1B, 0xB1, 0xE7, 0xFD, 0x51, 0x09, 0x83, 0x1A, 0xCC, 0x89, 0xA1,
    0x22, 0x79, 0x77, 0x40, 0x34, 0xAF, 0x2D, 0x89, 0xCD, 0x4D, 0xF8, 0xFA, 0xCD, 0xF7, 0x47, 0x7A,
    0xFD, 0xFD, 0x91, 0x8C, 0xBF, 0x31, 0xD5, 0xED, 0x24, 0xF4, 0x96, 0x5B, 0x0D, 0x83, 0xB1, 0x74,
    0x86, 0x58, 0xD8, 0xAD, 0xB6, 0x1A, 0x90, 0x76, 0x66, 0x8E, 0x5C, 0x0A, 0xF3, 0xB1, 0x93, 0x59,
    0x87, 0x73, 0x48, 0x7B, 0x48, 0xF9, 0x32, 0xC4, 0x43, 0xD4, 0x20, 0x1A, 0x63, 0x0B, 0x50, 0xC2,
    0x50, 0x7F, 0xAB, 0x02, 0xCC, 0x0F, 0x00, 0xE8, 0xAB, 0x0C, 0xC5, 0xFF, 0x62, 0x50, 0x83, 0x80,
    0x67, 0xC8, 0x7A, 0x86, 0xA4, 0x13, 0x70, 0x10, 0xC9, 0xCF, 0xB3, 0xE0, 0x4F, 0x16, 0x4B, 0xFB,
    0x2A, 0xED, 0x53, 0x16, 0x9A, 0xB1, 0xCC, 0xC3, 0xC0, 0x78, 0x0C, 0xA0, 0xE3, 0x80, 0x91, 0x75,
    0xF1, 0x85, 0x85, 0x03, 0x51, 0x18, 0x5A, 0x10, 0x77, 0x22, 0xD0, 0x1B, 0x86, 0x53, 0x79, 0x09,
    0x28, 0x49, 0x78, 0x15, 0xEE, 0x9E, 0xBE, 0xEA, 0x57, 0x8E, 0xC7, 0x99, 0x1E, 0x51, 0xC7, 0x3A,
    0x9D, 0x7F, 0x10, 0x53, 0xB8, 0xF3, 0x7C, 0x84, 0x59, 0x41, 0x64, 0x8F, 0xC6, 0x02, 0x72, 0x29,
    0x73, 0xC2, 0x0B, 0x9B, 0xF4, 0xC2, 0x75, 0x15, 0x79, 0x4D, 0x6A, 0xA8, 0xCB, 0x68, 0x2C, 0x86,
    0xB4, 0x27, 0x80, 0xD2, 0x2E, 0x6E, 0x85, 0x27, 0x7D, 0x6C, 0x85, 0x73, 0xEB, 0x0E, 0x3C, 0x1A,
    0xD2, 0x4A, 0x38, 0xC6, 0x0C, 0x81, 0x1B, 0x05, 0x79, 0x0E, 0xFA, 0x5F, 0xB2, 0x1C, 0x69, 0x49,
    0x7F, 0x3D, 0xC9, 0xCD, 0xFD, 0x94, 0x8E, 0xEA, 0x38, 0xDD, 0xBA, 0x42, 0xE6, 0x26, 0x3D, 0x92,
    0x16, 0x21, 0x24, 0xCD, 0xC4, 0x33, 0x3B, 0x71, 0x55, 0xED, 0x78, 0xBB, 0x70, 0xDF, 0x30, 0xF1,
    0xBC, 0x0D, 0x2D, 0xAA, 0x1E, 0x0B, 0xCF, 0x0D, 0xA5, 0xE8, 0x8F, 0xF6, 0xDC, 0x66, 0x94, 0x93,
    0x17, 0x7E, 0xE6, 0xDB, 0x2E, 0x91, 0x96, 0xF4, 0xFD, 0x3E, 0x93, 0x06, 0xF6, 0xBA, 0x57, 0x90,
    0x05, 0xF4, 0x10, 0x98, 0xE5, 0xF2, 0x10, 0x56, 0x6F, 0x40, 0x1A, 0x9B, 0x3E, 0x8F, 0xD0, 0xDE,
    0xBA, 0xD0, 0x2C, 0x73, 0x17, 0x5A, 0x9D, 0x6A, 0x45, 0x34, 0xB2, 0x66, 0xA1, 0xC8, 0xBA, 0x1E,
    0x45, 0x40, 0x5C, 0x0E, 0x78, 0xD4, 0x0B, 0x42, 0x6F, 0x31, 0x44, 0x1D, 0x43, 0x3A, 0x88, 0x56,
    0xE4, 0x90, 0x6E, 0x6F, 0x0F, 0xC8, 0x2D, 0xA4, 0x29, 0xA3, 0xB0, 0xA6, 0x44, 0xDE, 0xD4, 0x52,
    0xC2, 0xC4, 0xE0, 0xF6, 0x83, 0x70, 0x37, 0xC4, 0x0B, 0x4F, 0xF0, 0xB3, 0xBA, 0x4C, 0x3F, 0x60,
    0x29, 0x22, 0x4F, 0x24, 0x2F, 0xD3, 0x50, 0x4C, 0x75, 0x8B, 0x8C, 0x46, 0x14, 0xEF, 0xD7, 0x95,
    0xA9, 0x0A, 0xCB, 0x9A, 0xB7, 0x24, 0x82, 0x76, 0x91, 0x5C, 0xD7, 0x7C, 0x5F, 0xE2, 0x49, 0x7C,
    0x79, 0x0E, 0x0A, 0x37, 0x43, 0x31, 0x17, 0x44, 0x4D, 0x4E, 0x98, 0x9B, 0x05, 0x16, 0xB7, 0x58,
    0xDB, 0xB9, 0xC0, 0x82, 0x35, 0x01, 0x93, 0x12, 0xAB, 0xC0, 0xD2, 0x62, 0xAA, 0x90, 0xDD, 0xF0,
    0xEA, 0x93, 0x0E, 0xB9, 0xBD, 0x94, 0x37, 0x03, 0x74, 0xF5, 0x58, 0x6E, 0xA5, 0x83, 0x9F, 0x4C,
    0x39, 0xD7, 0xF5, 0xD4, 0x8C, 0x28, 0x30, 0x7B, 0x00, 0x56, 0x0B, 0x33, 0x95, 0x29, 0x61, 0x83,
    0xB1, 0x1D, 0xB5, 0x20, 0xA8, 0x86, 0x5B, 0x9D, 0x47, 0x3A, 0x7F, 0xF9, 0xF9, 0x9F, 0x38, 0xC0,
    0x74, 0x29, 0xAD, 0xD4, 0x88, 0xC7, 0x92, 0x31, 0xA3, 0x81, 0xF1, 0xF0, 0x21, 0x41, 0x9C, 0x58,
    0xAB, 0xA8, 0xFB, 0x02, 0x1E, 0xC7, 0xCE, 0x10, 0x53, 0x59, 0x74, 0x50, 0xEF, 0x37, 0x83, 0x34,
    0x93, 0xBF, 0xED, 0x8A, 0xCA, 0x24, 0x8D, 0xE3, 0x1A, 0xE2, 0x61, 0x3E, 0x54, 0x11, 0x94, 0xDB,
    0x8B, 0x35, 0xA6, 0x2A, 0xBA, 0x5F, 0xEA, 0xC8, 0x16, 0x62, 0x10, 0x7F, 0x44, 0xEF, 0x12, 0x22,
    0xDA, 0xAA, 0xAF, 0x61, 0x15, 0x34, 0x79, 0x61, 0x8F, 0xFC, 0xBB, 0xB3, 0xC2, 0xEE, 0xC1, 0x11,
    0x2C, 0x43, 0xE6, 0xA2, 0x11, 0xCF, 0x43, 0x7B, 0x10, 0xEA, 0x4A, 0x96, 0x16, 0x65, 0x61, 0x23,
    0x82, 0xA9, 0x94, 0x05, 0x71, 0x6E, 0x99, 0x49, 0x75, 0x32, 0xD3, 0x96, 0xE7, 0xE7, 0x8A, 0x99,
    0x2C, 0xDF, 0x50, 0x34, 0x85, 0xCB, 0x25, 0x71, 0xDD, 0x9D, 0x80, 0x2C, 0x2D, 0xFA, 0xC7, 0x44,
    0xDA, 0xF5, 0xFE, 0x3C, 0xB8, 0xA5, 0xFD, 0xCE, 0x77, 0x40, 0xF2, 0xC9, 0xEB, 0x83, 0x63, 0x46,
    0xDF, 0x23, 0x2B, 0x19, 0x04, 0x55, 0x00, 0x27, 0x47, 0xE0, 0x30, 0xE0, 0x12, 0xA3, 0x22, 0x62,
    0xCC, 0xCE, 0xFC, 0x39, 0x63, 0xC4, 0x8A, 0x2D, 0x82, 0xB4, 0x35, 0x55, 0xD6, 0x4E, 0x71, 0xBA,
    0x69, 0x9F, 0xB5, 0x89, 0x8D, 0x7D, 0xEA, 0x12, 0x1B, 0x0D, 0x09, 0x23, 0xC6, 0xB8, 0x4F, 0x2A,
    0xD4, 0x91, 0x4F, 0x4B, 0x98, 0xD8, 0x67, 0x80, 0xFE, 0xD6, 0x70, 0x98, 0xF1, 0xC5, 0xCB, 0xC7,
    0x81, 0xE2, 0xFF, 0x98, 0x93, 0x80, 0xEA, 0xB4, 0x63, 0x74, 0xBA, 0x91, 0xEE, 0x52, 0x94, 0x8B,
    0x37, 0xF1, 0x33, 0xC7, 0xD2, 0xBA, 0xC2, 0xC6, 0x9D, 0xAE, 0xA2, 0xDB, 0xBE, 0x89, 0xAF, 0x97,
    0x6F, 0xE2, 0x1B, 0x11, 0x26, 0xFA, 0x13, 0x30, 0xDB, 0x27, 0xE6, 0xFF, 0x27, 0xD6, 0x02, 0xB9,
    0x98, 0xB6, 0xD4, 0x7B, 0xB2, 0xEB, 0x69, 0x9E, 0xE8, 0x29, 0xDA, 0x22, 0x60, 0xFD, 0x57, 0x57,
    0xD0, 0x4D, 0x99, 0x93, 0x4D, 0xC9, 0x42, 0xEF, 0xF9, 0x85, 0x70, 0x3F, 0x13, 0x17, 0x62, 0x7B,
    0x0E, 0x18, 0x16, 0x3B, 0x2A, 0x49, 0x0F, 0x64, 0x62, 0xE3, 0xA6, 0xD5, 0xB9, 0x47, 0x00, 0x73,
    0x51, 0x2C, 0xC8, 0x50, 0x88, 0x48, 0xD8, 0xD0, 0xCE, 0xBE, 0x67, 0xA1, 0x00, 0x7C, 0x79, 0xD5,
    0x8A, 0xCA, 0x3F, 0x79, 0xC6, 0x12, 0x55, 0xDD, 0x72, 0x48, 0x38, 0x4A, 0x96, 0x7E, 0xD9, 0xCC,
    0xD1, 0x5E, 0xE8, 0xDA, 0x0D, 0x5C, 0x38, 0x7F, 0xDC, 0x81, 0x83, 0x9A, 0xE3, 0xC4, 0xAC, 0xDF,
    0x88, 0xFD, 0x03, 0xAB, 0x32, 0x97, 0xA0, 0x9B, 0x89, 0xBF, 0xF3, 0xCA, 0xC4, 0xAB, 0x07, 0xB0,
    0x16, 0xA8, 0x0C, 0x05, 0x11, 0xBF, 0x69, 0x81, 0x47, 0xFE, 0x0D, 0x12, 0x6C, 0x01, 0xDF, 0x94,
    0x94, 0x0F, 0x16, 0x8A, 0x76, 0x4A, 0xE2, 0x67, 0xA1, 0x0D, 0xFE, 0xEC, 0xD5, 0xE6, 0x6B, 0xC2,
    0xED, 0xC3, 0x38, 0x68, 0x90, 0x0A, 0xC9, 0x96, 0xE9, 0xFF, 0x6B, 0x24, 0x65, 0x0B, 0x3C, 0x7A,
    0x18, 0x7B, 0xC3, 0x2A, 0x1F, 0x3F, 0x93, 0x7C, 0xAC, 0x25, 0x92, 0x54, 0x13, 0x4F, 0xCB, 0x1D,
    0x2F, 0x82, 0xA1, 0x02, 0x3E, 0x8C, 0x3C, 0xF0, 0x0D, 0x9C, 0x10, 0xCB, 0x46, 0x30, 0x14, 0xB6,
    0x2A, 0x81, 0x60, 0x1E, 0xD9, 0x50, 0x3D, 0x9C, 0x30, 0x0E, 0x12, 0x6E, 0x94, 0x82, 0x73, 0x18,
    0x27, 0x9C, 0x9A, 0x43, 0x81, 0x1F, 0x65, 0x3C, 0x40, 0x90, 0x5A, 0x89, 0xAA, 0x69, 0x94, 0xC8,
    0x1A, 0xD1, 0x65, 0xD2, 0x41, 0x01, 0x51, 0x8F, 0xAC, 0x4A, 0x2B, 0xA0, 0x84, 0x2A, 0x13, 0xBB,
    0xD0, 0xBF, 0x12, 0xBE, 0x2C, 0x8C, 0x63, 0x02, 0xAB, 0x31, 0x26, 0x97, 0xE9, 0x4B, 0x27, 0x8E,
    0xE1, 0x07, 0x0C, 0x19, 0x49, 0xDC, 0x23, 0x77, 0xD1, 0xDF, 0xEA, 0x7F, 0x8B, 0xD0, 0x71, 0xA5,
    0xC8, 0xC6, 0x0A, 0x2E, 0x08, 0x74, 0x02, 0x7F, 0x79, 0xEB, 0x17, 0x66, 0x44, 0xB3, 0xDE, 0x7C,
    0x86, 0x2D, 0x1D, 0x73, 0x43, 0x9E, 0x59, 0xE4, 0x5E, 0x12, 0x3C, 0xBE, 0x48, 0xEE, 0x9C, 0x18,
    0xA8, 0x87, 0xFE, 0xF2, 0xB6, 0x5B, 0x00, 0xBB, 0xB7, 0x01, 0xDA, 0x7D, 0x1C, 0x1C, 0xFB, 0x90,
    0xCE, 0x76, 0xDD, 0x10, 0x8D, 0xB8, 0x6F, 0xEB, 0x8B, 0xD8, 0x52, 0xE8, 0x65, 0xA7, 0x7B, 0xFF,
    0xD7, 0xF1, 0x1F, 0xF2, 0xFF, 0xAF, 0xBF, 0x6D, 0xD5, 0x07, 0x54, 0x4E, 0xAF, 0x72, 0x8F, 0x83,
    0x17, 0x9C, 0xFB, 0xFA, 0x16, 0xD1, 0x2F, 0xC7, 0xD2, 0xBC, 0x3F, 0x6B, 0x94, 0xCF, 0x6E, 0xF3,
    0xE2, 0xEA, 0xFB, 0x5E, 0x6D, 0xFF, 0xA1, 0x57, 0x7D, 0xCD, 0x65, 0x57, 0x2F, 0x5E, 0x5C, 0xA5,
    0x95, 0xD8, 0x65, 0x3B, 0xDF, 0x60, 0x80, 0x43, 0x62, 0x6F, 0x52, 0x66, 0x89, 0xC8, 0xCE, 0xB6,
    0x37, 0x4B, 0x89, 0x73, 0x27, 0x34, 0x5B, 0xFA, 0xD1, 0x63, 0x23, 0xFC, 0x2E, 0x12, 0x79, 0xB3,
    0xFD, 0xA7, 0x7C, 0xEB, 0x36, 0x3F, 0x33, 0x5F, 0x6C, 0x60, 0x73, 0x91, 0x3F, 0xB3, 0xEE, 0x43,
    0xFA, 0xCA, 0x81, 0xAA, 0x71, 0x77, 0x11, 0xD1, 0x68, 0xB6, 0x79, 0xC5, 0x79, 0x42, 0xB9, 0x07,
    0x15, 0xAF, 0x3A, 0xDC, 0x3D, 0xCA, 0xC9, 0x8D, 0x33, 0xDB, 0xE5, 0xDE, 0x14, 0x1B, 0x4E, 0xB1,
    0xE1, 0x82, 0x61, 0xC2, 0x92, 0xB0, 0x22, 0x9A, 0x43, 0x9C, 0x12, 0xA6, 0x15, 0xAA, 0x14, 0x6C,
    0x14, 0xF6, 0x83, 0x98, 0x48, 0x88, 0x53, 0x94, 0xF2, 0x22, 0x00, 0x63, 0x54, 0xF1, 0x44, 0xD5,
    0x24, 0x5E, 0x76, 0xCC, 0x92, 0x71, 0x66, 0xA7, 0x24, 0x46, 0x98, 0xED, 0xE7, 0xC1, 0x8A, 0x30,
    0x1D, 0xDB, 0x29, 0x77, 0xE5, 0x9B, 0x91, 0xB7, 0xFB, 0xEE, 0xB0, 0x9F, 0x56, 0x6D, 0xDC, 0xE6,
    0x4D, 0xE2, 0xB4, 0x8D, 0x87, 0x1A, 0x30, 0x1D, 0x54, 0xA3, 0xC8, 0xA5, 0x5D, 0xDE, 0x1D, 0xA2,
    0xAD, 0xBC, 0x3F, 0x76, 0x1C, 0x84, 0x8D, 0xB3, 0x38, 0xCC, 0xEC, 0x15, 0x20, 0x65, 0x16, 0xB6,
    0x25, 0x29, 0xAE, 0x00, 0x34, 0x94, 0x32, 0xE2, 0x2C, 0x1D, 0x63, 0x8C, 0x89, 0x48, 0x46, 0xB3,
    0x39, 0xCD, 0x5A, 0x20, 0x0F, 0x4B, 0x7F, 0x68, 0x4B, 0x89, 0x07, 0x4C, 0x49, 0x32, 0xB5, 0x50,
    0xF8, 0x8B, 0x06, 0x06, 0x53, 0xF1, 0x75, 0x82, 0x6E, 0x8A, 0x90, 0xD0, 0x5C, 0x87, 0x64, 0x09,
    0x21, 0xD4, 0x58, 0xB7, 0x3F, 0xF3, 0x89, 0xA9, 0x1D, 0xEC, 0xCB, 0x45, 0x55, 0x53, 0xDC, 0x9F,
    0x92, 0xFC, 0x5C, 0x7C, 0xE0, 0x24, 0xEF, 0x9A, 0x3C, 0x8C, 0x6F, 0x28, 0x27, 0x13, 0xB4, 0x72,
    0xAC, 0x69, 0xF2, 0xE2, 0x87, 0x32, 0x41, 0x13, 0x89, 0x12, 0x6F, 0x7F, 0x3C, 0x00, 0xB5, 0x72,
    0x04, 0x29, 0xD7, 0xBA, 0x8C, 0xFD, 0xF4, 0x22, 0x45, 0xDC, 0x2F, 0x0B, 0x91, 0x30, 0x37, 0x22,
    0x8D, 0xD6, 0x52, 0x55, 0xB7, 0xC0, 0x43, 0x31, 0x5D, 0x43, 0xFE, 0x2E, 0xC9, 0xE2, 0xAD, 0x32,
    0xD0, 0x56, 0xAF, 0x3B, 0xC2, 0xC6, 0x03, 0x62, 0x49, 0xF1, 0xCF, 0xA8, 0x9C, 0x66, 0x0B, 0xE5,
    0xFE, 0x7F, 0x26, 0xCF, 0x34, 0x48, 0x91, 0x48, 0xFC, 0x77, 0xA9, 0xCC, 0xA8, 0x9B, 0xE4, 0xA5,
    0x8B, 0x3E, 0x21, 0x5C, 0x57, 0x61, 0x78, 0xCE, 0xA8, 0xD2, 0x3F, 0xE9, 0x9E, 0x4F, 0xFC, 0xC6,
    0x62, 0xD9, 0xEE, 0x16, 0xCB, 0xF6, 0xB4, 0x7F, 0x36, 0xF1, 0x5D, 0xF0, 0x29, 0xB8, 0x3C, 0x73,
    0x39, 0x55, 0x38, 0x0F, 0x9C, 0x08, 0x72, 0x0A, 0x49, 0x18, 0x47, 0x40, 0xC4, 0x4A, 0xF0, 0x48,
    0xF9, 0x9E, 0xEC, 0x7B, 0x3C, 0xCE, 0x55, 0x7F, 0x9F, 0x68, 0xF0, 0x95, 0xA0, 0x86, 0xC0, 0xB3,
    0x0C, 0x1F, 0x58, 0x06, 0xEA, 0x19, 0x3E, 0x22, 0x40, 0x4A, 0x83, 0x41, 0xEF, 0x72, 0x45, 0xED,
    0x19, 0x92, 0x01, 0x2C, 0x8A, 0xB6, 0x88, 0xA6, 0xA9, 0x26, 0x13, 0x88, 0x05, 0x22, 0x01, 0xDC,
    0x04, 0x8E, 0x12, 0x7B, 0x33, 0x66, 0x97, 0xB8, 0xFD, 0x7D, 0x8D, 0x07, 0x74, 0x48, 0x0D, 0x28,
    0x2E, 0x7F, 0x45, 0xDD, 0xB4, 0xFF, 0xFE, 0xC1, 0x72, 0xFF, 0xDD, 0x84, 0xFD, 0x77, 0x33, 0xE6,
    0x03, 0x51, 0x4A, 0x8B, 0xAA, 0x2E, 0x16, 0x95, 0xAC, 0x16, 0xF4, 0x65, 0x22, 0x9B, 0x5B, 0xEE,
    0xE5, 0xFF, 0x58, 0x7A, 0x4A, 0x2B, 0x9B, 0x39, 0x16, 0xEA, 0xFA, 0x95, 0x92, 0xE1, 0x0D, 0x30,
    0xFC, 0x0F, 0x81, 0x9E, 0x81, 0x08, 0x9C, 0x00, 0xC9, 0xDD, 0xB7, 0x5B, 0x86, 0xAB, 0x4E, 0xA2,
    0x04, 0xED, 0x3D, 0x43, 0x34, 0x32, 0x80, 0x4A, 0x16, 0xA5, 0x5B, 0x22, 0x9B, 0x39, 0x22, 0x8C,
    0x30, 0x63, 0xF2, 0xBE, 0x64, 0xF5, 0x3E, 0x8E, 0x7C, 0x1C, 0x0C, 0x27, 0x45, 0x8A, 0x9B, 0xCA,
    0x45, 0xE4, 0xC9, 0xB5, 0xBA, 0x64, 0x58, 0x2B, 0x97, 0x0E, 0x66, 0x48, 0x47, 0x10, 0x45, 0x54,
    0x4A, 0x91, 0x40, 0xCA, 0xB9, 0xE4, 0x84, 0x62, 0x10, 0xDD, 0x07, 0x1E, 0x35, 0x42, 0x39, 0x3F,
    0xBA, 0x4F, 0x39, 0x8F, 0x0B, 0x8B, 0x7A, 0xB5, 0xB3, 0xBA, 0x2A, 0xE7, 0x6E, 0xD2, 0x54, 0xCA,
    0xB9, 0x12, 0xA1, 0x76, 0xBF, 0x17, 0xE6, 0x9A, 0x9C, 0xEC, 0x9D, 0x9C, 0x0E, 0xFF, 0xAD, 0x19,
    0xE2, 0xF7, 0xAB, 0xC4, 0xA7, 0x31, 0x12, 0x7F, 0x3F, 0x18, 0x8E, 0x0B, 0x48, 0x93, 0xA7, 0x39,
    0xC3, 0x40, 0x65, 0xF0, 0x57, 0x61, 0xC8, 0x5B, 0x06, 0xE5, 0x18, 0x52, 0x8F, 0x7C, 0x4C, 0xA8,
    0xD4, 0x54, 0xCA, 0x54, 0xE1, 0x23, 0x8F, 0xC1, 0x5C, 0x4B, 0xFF, 0x06, 0xAC, 0xD1, 0x57, 0xBE,
    0x84, 0x56, 0x5B, 0x6E, 0x1F, 0xA5, 0xB6, 0xDF, 0x94, 0xE4, 0x6C, 0x23, 0xF8, 0x9A, 0x15, 0x7C,
    0x03, 0x82, 0xD4, 0x0A, 0xBE, 0xD5, 0x0B, 0xBE, 0xEE, 0x05, 0x2D, 0x05, 0xAC, 0x4B, 0x41, 0x6D,
    0x05, 0x8B, 0x46, 0x50, 0x39, 0xF1, 0x26, 0x48, 0x47, 0x24, 0x9C, 0x0A, 0x81, 0xC8, 0x67, 0x6E,
    0x6E, 0xFA, 0x13, 0xAF, 0x72, 0x4A, 0xE7, 0x1E, 0xE2, 0x84, 0x1C, 0xA7, 0x13, 0xFC, 0x40, 0x7F,
    0x5E, 0x31, 0x50, 0x23, 0xDD, 0xB3, 0x93, 0x94, 0x3C, 0xC3, 0x95, 0x31, 0xC8, 0x16, 0xA8, 0x6D,
    0x44, 0xBD, 0xEE, 0x12, 0x16, 0xE0, 0x57, 0xC6, 0xC4, 0xB5, 0x2F, 0xDC, 0x85, 0x98, 0xC3, 0xC5,
    0x95, 0x49, 0xF3, 0x8D, 0x15, 0x7C, 0x45, 0xE0, 0x4B, 0x44, 0x9A, 0xAC, 0x19, 0x8B, 0xB1, 0x0C,
    0x15, 0xB6, 0x1B, 0x88, 0x18, 0xD8, 0xE1, 0x04, 0xFB, 0xDD, 0x0D, 0x8F, 0x05, 0x01, 0x00, 0x94,
    0x40, 0x2A, 0x90, 0xEC, 0x84, 0xA8, 0x12, 0x35, 0xC8, 0x49, 0xE6, 0xDE, 0x74, 0x41, 0xB9, 0x09,
    0x5F, 0x59, 0x43, 0xEC, 0x40, 0xC9, 0x23, 0x24, 0x93, 0xAB, 0x2B, 0xB7, 0xC5, 0x90, 0x57, 0x4C,
    0x99, 0x15, 0x75, 0x46, 0x56, 0x6C, 0xFB, 0x79, 0x51, 0xF1, 0xF0, 0x0A, 0xEE, 0xF9, 0x4C, 0xF9,
    0x21, 0x0E, 0x1E, 0x98, 0xB1, 0x0A, 0xD7, 0x30, 0xA5, 0x72, 0x60, 0x46, 0xD7, 0x02, 0xFB, 0x0D,
    0x4D, 0x17, 0x8B, 0x65, 0xA5, 0x04, 0x96, 0x76, 0x81, 0x25, 0xFD, 0xC4, 0xFC, 0x82, 0xCD, 0x86,
    0x7F, 0x42, 0xD7, 0x12, 0x1F, 0xDC, 0x59, 0x97, 0x9B, 0x86, 0x3D, 0xC3, 0x21, 0xA4, 0x0E, 0x40,
    0x5E, 0xAA, 0x56, 0x98, 0xCD, 0x43, 0x49, 0xCF, 0x6B, 0x46, 0x4C, 0x79, 0x26, 0x02, 0xCC, 0xF6,
    0x99, 0x01, 0x53, 0x16, 0xF6, 0x47, 0x9A, 0x0B, 0x86, 0x99, 0x72, 0x9A, 0x2B, 0x77, 0xBB, 0x65,
    0x9B, 0xB1, 0x0E, 0x73, 0x26, 0xD1, 0xDA, 0xB9, 0xAC, 0xD3, 0x92, 0xA8, 0xCC, 0x9D, 0x80, 0xCC,
    0x9E, 0x40, 0x98, 0x3F, 0xC3, 0x0C, 0x8A, 0x82, 0xC4, 0x2D, 0xFD, 0xC7, 0xE5, 0x14, 0xB3, 0xB0,
    0x99, 0x97, 0xD9, 0xC2, 0x94, 0x75, 0x39, 0xE4, 0x56, 0xB6, 0x84, 0x1B, 0x92, 0xCC, 0xED, 0x07,
    0xF5, 0x13, 0x83, 0x6C, 0x63, 0x8C, 0x05, 0x17, 0x4D, 0x6D, 0xC4, 0x85, 0x71, 0x64, 0x51, 0x33,
    0x7F, 0x04, 0x45, 0x28, 0x74, 0x44, 0x25, 0xEA, 0x06, 0xD9, 0x7C, 0x8B, 0xE5, 0x02, 0xFA, 0x05,
    0xAA, 0x6A, 0x71, 0x18, 0x28, 0xAE, 0xF4, 0xE2, 0xAF, 0xB6, 0xA4, 0x9A, 0xFF, 0x6F, 0xCE, 0xFC,
    0xA1, 0x2B, 0x7E, 0x4E, 0x6D, 0xF6, 0x09, 0xBD, 0x86, 0x9A, 0x08, 0xC0, 0x03, 0xFB, 0x9F, 0x3C,
    0x3C, 0x80, 0xD7, 0x78, 0x83, 0x47, 0x55, 0x1F, 0x75, 0x31, 0x51, 0x2B, 0x32, 0x90, 0xD8, 0xC5,
    0x34, 0xE0, 0x26, 0xAE, 0x5A, 0xE6, 0xC0, 0x62, 0xAD, 0xFA, 0x82, 0x37, 0x8F, 0xFB, 0xBD, 0x6B,
    0x55, 0x53, 0x7D, 0x49, 0x37, 0x1B, 0x8A, 0x3A, 0x8E, 0x86, 0x8D, 0xC9, 0x5B, 0x28, 0xE0, 0x38,
    0x4D, 0x5E, 0x44, 0xC3, 0x99, 0xED, 0x5A, 0xCA, 0x7F, 0xE1, 0x0A, 0x9F, 0x7D, 0x26, 0xB3, 0xD0,
    0xCC, 0xA7, 0xB5, 0x34, 0xF2, 0x35, 0xC7, 0x1B, 0xA1, 0x84, 0x29, 0x96, 0x22, 0x68, 0x2F, 0x99,
    0xDF, 0xB6, 0xAF, 0xB2, 0xBF, 0xDF, 0x2B, 0xFA, 0xB5, 0xF6, 0x88, 0xB6, 0xE5, 0x6D, 0x9D, 0xA2,
    0xA8, 0xC3, 0x34, 0x42, 0x08, 0x9D, 0x67, 0xDA, 0x58, 0xA3, 0x87, 0x17, 0x27, 0xC9, 0x46, 0x39,
    0x49, 0xD6, 0xC3, 0x20, 0xF5, 0x72, 0x92, 0x6C, 0x80, 0x47, 0x44, 0x51, 0x27, 0x27, 0x6B, 0x9C,
    0x0C, 0x68, 0x16, 0x28, 0x64, 0xA4, 0x53, 0xEF, 0xAF, 0x39, 0xBB, 0xEF, 0x0F, 0xE2, 0x49, 0x0F,
    0x22, 0xBB, 0xE6, 0x86, 0x15, 0x35, 0x59, 0x17, 0xDB, 0xB4, 0x4F, 0xAA, 0xC9, 0x15, 0x2B, 0x03,
    0x46, 0x05, 0xD0, 0x61, 0xA0, 0xFE, 0x17, 0x80, 0x5E, 0xBA, 0x63, 0x75, 0xB7, 0x3A, 0xF5, 0x24,
    0x02, 0x3F, 0x4D, 0x53, 0x7A, 0xE2, 0x36, 0x9A, 0xCA, 0xE0, 0x84, 0xE8, 0xE9, 0xE1, 0xF4, 0x67,
    0xD4, 0x34, 0x45, 0xB4, 0xD2, 0xF4, 0xD8, 0x4A, 0xD3, 0xC5, 0x8E, 0xAC, 0x48, 0xB5, 0x11, 0xDB,
    0xCA, 0xBB, 0x35, 0xDD, 0xEB, 0x7F, 0xFF, 0x2A, 0x50, 0x7F, 0xAF, 0x95, 0x63, 0x03, 0x2B, 0xFF,
    0xFB, 0xA0, 0xDA, 0x20, 0x40, 0x58, 0x2C, 0x3B, 0x1F, 0xD4, 0x76, 0xE9, 0x7F, 0xAF, 0x3A, 0xF1,
    0xBF, 0xF7, 0x48, 0x6D, 0x3C, 0x62, 0x76, 0x2D, 0xA3, 0xAD, 0xBA, 0xCF, 0x27, 0x2F, 0xF9, 0x5D,
    0x0E, 0xF2, 0x01, 0xBE, 0x29, 0xF0, 0x50, 0xF0, 0x10, 0x1B, 0x8A, 0x2E, 0xEB, 0x33, 0xD6, 0x9F,
    0x75, 0xA6, 0x0D, 0x04, 0xAB, 0xA7, 0x68, 0x27, 0x9D, 0xFF, 0xC2, 0x03, 0x7F, 0x4B, 0x48, 0x6C,
    0x5D, 0x65, 0xA5, 0x6E, 0xCD, 0x2F, 0xEA, 0x39, 0x7D, 0x48, 0x04, 0xC0, 0xEC, 0x32, 0x5E, 0x16,
    0x06, 0x0C, 0x75, 0x44, 0x83, 0x79, 0xB3, 0xAB, 0xB7, 0x9D, 0xB6, 0x9D, 0xB6, 0x8C, 0xAF, 0x6A,
    0xDB, 0x6A, 0x7B, 0x56, 0x5B, 0x7C, 0xEE, 0x5F, 0x54, 0xFF, 0x66, 0xD3, 0xBC, 0x93, 0x92, 0x04,
    0x48, 0x30, 0x01, 0xF3, 0x5B, 0x19, 0xAD, 0x44, 0x83, 0x26, 0xCC, 0xE9, 0xB9, 0x7C, 0x84, 0xA3,
    0x63, 0x89, 0x67, 0xBC, 0x9F, 0xF1, 0x34, 0xDD, 0xC3, 0x08, 0xC2, 0x01, 0x31, 0xA5, 0xCD, 0xA7,
    0xC7, 0x52, 0x11, 0x07, 0x1B, 0xC4, 0x07, 0x4C, 0x03, 0x26, 0x7B, 0x30, 0x2E, 0xA7, 0x53, 0x0F,
    0x43, 0x4A, 0x5B, 0x5F, 0xDC, 0x11, 0x04, 0x59, 0x28, 0xAF, 0x9F, 0x7A, 0xD8, 0xB7, 0x3E, 0x3D,
    0x11, 0xEA, 0xBE, 0x1E, 0xB0, 0xEF, 0xC4, 0xDD, 0x15, 0x0E, 0x19, 0xBD, 0xEF, 0x10, 0x8F, 0x4F,
    0xC9, 0xF3, 0x6A, 0x27, 0xD4, 0x63, 0x89, 0x78, 0xCA, 0x61, 0x7E, 0xAB, 0x89, 0x3B, 0x2E, 0x6F,
    0x73, 0xBC, 0xE2, 0x21, 0x81, 0x6F, 0x32, 0x74, 0x0C, 0xD9, 0xF0, 0x8F, 0x08, 0xC9, 0x34, 0x17,
    0xCD, 0x49, 0x54, 0xDC, 0x0D, 0xBB, 0x8F, 0x57, 0xEC, 0xF1, 0x15, 0xFC, 0xF0, 0x29, 0x27, 0xB6,
    0xAD, 0xFA, 0xF8, 0xAA, 0x4B, 0x89, 0x5C, 0x54, 0xB3, 0xEA, 0xC9, 0xD5, 0x89, 0xA2, 0x35, 0x5F,
    0x41, 0xB2, 0xD3, 0xE2, 0x58, 0xF4, 0xB8, 0x05, 0xC8, 0x69, 0x62, 0x35, 0x7F, 0x66, 0xCD, 0x3A,
    0xBE, 0x35, 0x48, 0xE6, 0xB6, 0x24, 0x9B, 0xEE, 0xD3, 0xFC, 0x38, 0x4D, 0x85, 0x64, 0x24, 0xE9,
    0xD7, 0x4F, 0xF5, 0x48, 0x86, 0x34, 0x78, 0xC7, 0x1D, 0x08, 0x72, 0x7A, 0x72, 0x2C, 0x35, 0x5D,
    0xA1, 0x4A, 0x86, 0x15, 0xB0, 0x98, 0x59, 0x03, 0xD5, 0xA6, 0x1D, 0xB4, 0x8D, 0xFD, 0x79, 0x53,
    0x46, 0x83, 0xAF, 0x81, 0xD1, 0x13, 0x40, 0x97, 0x04, 0x34, 0x71, 0x88, 0x68, 0x73, 0x73, 0x73,
    0xAD, 0x69, 0xD4, 0xE5, 0xF2, 0x88, 0x73, 0x61, 0xA7, 0xBC, 0x3E, 0x82, 0x98, 0xFE, 0xB3, 0x8C,
    0x38, 0x63, 0x85, 0x98, 0x2A, 0xB0, 0x23, 0xDB, 0x03, 0xEC, 0xC9, 0xE6, 0x4D, 0x39, 0xB2, 0x40,
    0x1A, 0x68, 0x92, 0x14, 0xD1, 0x42, 0x4E, 0x8D, 0xE0, 0x03, 0x26, 0x4E, 0xB4, 0x60, 0x2F, 0x30,
    0x44, 0xD4, 0x4E, 0x1A, 0xA5, 0xF2, 0x82, 0x30, 0x5F, 0x69, 0x54, 0x97, 0xD1, 0xA4, 0x4C, 0x00,
    0x73, 0x4B, 0x65, 0x4C, 0x05, 0xAC, 0x8E, 0x40, 0x7F, 0x19, 0xE9, 0x10, 0x5D, 0x04, 0x6A, 0x11,
    0x9A, 0x53, 0x29, 0x65, 0xB6, 0x77, 0x21, 0x25, 0x10, 0x1D, 0x54, 0xD5, 0xEA, 0x4B, 0xD0, 0xED,
    0x23, 0xD2, 0x5C, 0x26, 0x55, 0x75, 0xB5, 0x7B, 0x1C, 0x22, 0x92, 0x35, 0x94, 0x72, 0x38, 0xE0,
    0x8F, 0x23, 0x13, 0x59, 0x4C, 0xE7, 0x28, 0x17, 0x27, 0x29, 0x81, 0xCB, 0x59, 0x60, 0x05, 0x55,
    0x90, 0x70, 0x04, 0xAB, 0xF0, 0xC5, 0x1D, 0x48, 0xD5, 0xA2, 0x3F, 0x47, 0x99, 0x0E, 0xA4, 0xAA,
    0xDB, 0x1D, 0x48, 0xAD, 0xA7, 0x03, 0xA9, 0x79, 0x0F, 0x9C, 0x7E, 0x00, 0xC1, 0xF8, 0x12, 0xEC,
    0x0C, 0x23, 0xC8, 0x0B, 0x46, 0x58, 0x86, 0xA5, 0xCF, 0xBF, 0x09, 0x3E, 0xFF, 0x2A, 0xF8, 0xFC,
    0x2B, 0x7B, 0x81, 0xB5, 0x53, 0xE2, 0xF3, 0xAF, 0xCE, 0x88, 0xCF, 0x7F, 0x31, 0xF9, 0xFC, 0xFF,
    0x24, 0xF8, 0xFC, 0x2B, 0xF1, 0xF9, 0x1F, 0x55, 0xF0, 0xF9, 0x57, 0x96, 0x90, 0xF5, 0x79, 0xF0,
    0xF9, 0x37, 0xE2, 0xF3, 0x6F, 0x65, 0x2D, 0xB2, 0x5C, 0xFB, 0xBD, 0x35, 0xAD, 0xFD, 0xD6, 0xD7,
    0xD8, 0x27, 0x57, 0x6B, 0xBF, 0x86, 0x81, 0x06, 0x86, 0xED, 0x60, 0xA5, 0x67, 0x6E, 0xB5, 0x22,
    0x1D, 0x18, 0xB0, 0xD6, 0xF1, 0x58, 0x14, 0x03, 0x11, 0x03, 0x87, 0x11, 0xD1, 0x16, 0x47, 0x49,
    0xDA, 0xB8, 0x87, 0x6C, 0xF2, 0x48, 0x77, 0xB0, 0x4B, 0x0F, 0xF0, 0xB8, 0x37, 0xA3, 0xBA, 0xA8,
    0xDC, 0xF1, 0x87, 0x25, 0x29, 0xE5, 0x58, 0xE8, 0x47, 0x2D, 0x14, 0x11, 0x6E, 0x6E, 0x0A, 0x66,
    0xAB, 0xCD, 0x3A, 0xC3, 0x65, 0x47, 0xB4, 0x38, 0x4C, 0x7C, 0x24, 0xED, 0x23, 0xD6, 0x22, 0xEE,
    0x54, 0x1B, 0x8D, 0x75, 0x85, 0xA2, 0xC7, 0xDD, 0x38, 0x5C, 0xFA, 0x47, 0x5D, 0xE6, 0xE4, 0x57,
    0x67, 0xFD, 0x7B, 0x81, 0x6E, 0x39, 0x52, 0x27, 0xED, 0x1D, 0x1C, 0x22, 0xF8, 0xE3, 0xF3, 0x31,
    0xF9, 0xB5, 0x7D, 0xD7, 0x6E, 0xEA, 0x34, 0x89, 0x5B, 0x5F, 0x12, 0x7E, 0xCE, 0xD5, 0x60, 0x80,
    0xD9, 0xC0, 0x40, 0xC4, 0x30, 0xF5, 0xDD, 0x12, 0x75, 0x19, 0xB7, 0x20, 0x24, 0x5D, 0x3C, 0x20,
    0x1A, 0x67, 0x1D, 0x82, 0xE1, 0x4B, 0x54, 0x90, 0x35, 0xDC, 0xE4, 0xCB, 0xFD, 0xCE, 0xFE, 0x48,
    0x0E, 0xC5, 0x45, 0x64, 0xEF, 0x0D, 0x01, 0x33, 0x30, 0x10, 0xED, 0x1C, 0x3D, 0xCF, 0xA6, 0x3D,
    0xD0, 0x67, 0x0E, 0xB8, 0x3C, 0x6B, 0x80, 0x7C, 0x04, 0xEE, 0xC6, 0x72, 0xF7, 0x8F, 0x41, 0xE8,
    0x6A, 0xA5, 0xBB, 0x21, 0x70, 0x4E, 0xA0, 0x13, 0x70, 0x4C, 0xD1, 0x96, 0xCC, 0x3B, 0x93, 0x07,
    0xE8, 0x67, 0x5E, 0xEE, 0xCA, 0x63, 0x37, 0x20, 0x02, 0x56, 0x56, 0xC7, 0x83, 0x02, 0x8F, 0xAD,
    0x12, 0xBB, 0x28, 0xF0, 0x5D, 0x7C, 0xF1, 0x16, 0xC1, 0x57, 0x69, 0x0B, 0xD0, 0xE4, 0x18, 0x4A,
    0x00, 0xA7, 0x76, 0x26, 0x1B, 0xE0, 0x6B, 0xD3, 0xFE, 0x7F, 0xDD, 0xD7, 0x7B, 0xFD, 0xEF, 0xBB,
    0xC2, 0x89, 0x29, 0x20, 0x96, 0xC0, 0xBE, 0xC6, 0x33, 0xFC, 0xA2, 0x90, 0xDC, 0x1A, 0x6D, 0x81,
    0x3C, 0x12, 0xC9, 0x08, 0x24, 0x27, 0x04, 0xF9, 0xD5, 0x38, 0xCC, 0x68, 0xCA, 0x63, 0x8C, 0xDA,
    0x6E, 0x30, 0x16, 0xF6, 0x24, 0x63, 0xDE, 0x9C, 0x65, 0x54, 0xCE, 0x31, 0x66, 0xAE, 0x65, 0x4C,
    0xB7, 0x1B, 0xC6, 0x84, 0x2C, 0x63, 0x4C, 0x15, 0x63, 0x44, 0x25, 0x23, 0x08, 0x82, 0x97, 0x19,
    0x67, 0xCD, 0x73, 0x87, 0xE8, 0xA7, 0xE4, 0x36, 0x14, 0xF5, 0x90, 0x70, 0x36, 0xA0, 0xBB, 0x89,
    0x71, 0x7B, 0xD3, 0x85, 0x20, 0xAE, 0xC8, 0xA3, 0x58, 0x3B, 0x68, 0x63, 0xA4, 0xBE, 0xCA, 0xF7,
    0x19, 0x4D, 0x15, 0x0E, 0xDA, 0xBC, 0x1E, 0x0E, 0xDA, 0xFC, 0x6A, 0x71, 0xD0, 0x46, 0x90, 0x14,
    0x63, 0x3A, 0x0A, 0x26, 0x7E, 0xED, 0xA0, 0x4D, 0x37, 0x1B, 0x2B, 0x72, 0xAF, 0xD4, 0x34, 0xD9,
    0x76, 0x95, 0xA0, 0x2A, 0x6F, 0x9A, 0x97, 0x7A, 0xCD, 0x29, 0xE0, 0x5F, 0xDD, 0xE9, 0x24, 0x73,
    0xDB, 0x77, 0x47, 0xC0, 0xC0, 0x14, 0xAD, 0x8E, 0xD8, 0x26, 0xE1, 0x0D, 0x9D, 0x0C, 0x84, 0x2A,
    0x67, 0x78, 0x50, 0xB5, 0x5C, 0xC3, 0x2C, 0x0B, 0x1B, 0x69, 0x07, 0x5C, 0x48, 0x7A, 0xE0, 0xC6,
    0x4B, 0x32, 0x0D, 0xD2, 0x80, 0xB8, 0x89, 0xC7, 0xD5, 0xF7, 0x19, 0xEA, 0x52, 0x95, 0xA8, 0xAD,
    0xF9, 0x75, 0x44, 0x1D, 0xF9, 0x84, 0x7C, 0x6A, 0x1D, 0x94, 0xF5, 0x50, 0xBF, 0xEC, 0x11, 0x53,
    0x8B, 0xE5, 0x5B, 0x4A, 0x39, 0x7C, 0x97, 0xFF, 0xC1, 0x87, 0xA3, 0x07, 0x79, 0x75, 0xFB, 0xC3,
    0x77, 0xF5, 0x13, 0x04, 0xFD, 0x77, 0xB4, 0x95, 0x75, 0xD4, 0xE2, 0x84, 0xCC, 0x6E, 0x5A, 0x59,
    0x84, 0x7F, 0xAD, 0x85, 0xF8, 0xA6, 0xF6, 0x24, 0xDA, 0xD7, 0xD5, 0xFA, 0x97, 0x39, 0x8E, 0xE7,
    0xA2, 0xBD, 0x62, 0x38, 0x97, 0x75, 0x40, 0x97, 0xF8, 0x29, 0x0B, 0x31, 0xD1, 0x52, 0x7B, 0x81,
    0xAC, 0x04, 0x55, 0xBB, 0xB2, 0x20, 0xCE, 0xF9, 0xEA, 0x8A, 0x83, 0xF0, 0x65, 0x38, 0xF8, 0xD9,
    0xC1, 0x75, 0xF5, 0xEB, 0x56, 0x8A, 0x8C, 0xBC, 0x34, 0xF5, 0xCD, 0x8B, 0xC0, 0xBF, 0xF5, 0xD8,
    0x00, 0xAE, 0x7B, 0x1C, 0x47, 0xF4, 0x2B, 0x8F, 0xAF, 0xC9, 0xAC, 0x0D, 0x20, 0x7D, 0x52, 0x50,
    0x25, 0x82, 0xC7, 0x12, 0xA2, 0x16, 0x1B, 0xF2, 0xB9, 0x0A, 0x9C, 0x0B, 0x57, 0x88, 0x18, 0xE3,
    0x77, 0x9E, 0x66, 0x94, 0xF3, 0x42, 0x38, 0x94, 0x95, 0x8C, 0x4A, 0x41, 0xD0, 0x6C, 0x1D, 0x1D,
    0x36, 0x0D, 0x39, 0x4D, 0x44, 0x87, 0xE8, 0x17, 0x75, 0x55, 0xFC, 0x81, 0xE4, 0x3C, 0x01, 0xBD,
    0xE0, 0x8B, 0x92, 0x30, 0x02, 0x04, 0x0A, 0x90, 0x11, 0x07, 0x56, 0x75, 0x73, 0x53, 0x74, 0x5D,
    0x5D, 0x2E, 0xEF, 0xA1, 0x98, 0xEC, 0x31, 0xF3, 0xD6, 0x4F, 0xE6, 0x17, 0xB3, 0xB9, 0xD4, 0x98,
    0x53, 0xC1, 0xD1, 0x37, 0xEE, 0x8B, 0x0A, 0xF5, 0x08, 0x44, 0x6B, 0x1F, 0x95, 0x1A, 0xFE, 0xEC,
    0x4E, 0x3F, 0xB2, 0x71, 0x82, 0xF5, 0xBC, 0x6C, 0x88, 0x46, 0x05, 0xA7, 0xE1, 0x8B, 0x17, 0xFA,
    0x8C, 0x5A, 0x1C, 0x59, 0x3B, 0x03, 0xF1, 0xC2, 0x6D, 0xCE, 0x40, 0x1C, 0x9E, 0x4E, 0x5D, 0xC9,
    0xE7, 0x2D, 0x8A, 0xFF, 0x34, 0xE2, 0x6C, 0xB0, 0x41, 0xA5, 0x91, 0xA6, 0x0E, 0x48, 0xFA, 0x65,
    0x6A, 0x52, 0xD6, 0xBC, 0x7E, 0xF2, 0x84, 0x24, 0x50, 0xCD, 0xF7, 0x4C, 0x99, 0x8A, 0xB7, 0x62,
    0x9B, 0xDB, 0xC2, 0xA6, 0xF3, 0x1A, 0xE1, 0x93, 0x4E, 0x54, 0x9E, 0x9A, 0xB9, 0xB3, 0x89, 0x3F,
    0x12, 0x0D, 0x98, 0x0A, 0x69, 0x91, 0x28, 0x91, 0xE8, 0x30, 0xE8, 0x27, 0x3C, 0x9F, 0x2D, 0x61,
    0xC5, 0xE2, 0xF6, 0x02, 0x12, 0xE7, 0x21, 0x7C, 0x3D, 0xC4, 0x0B, 0x4D, 0x1E, 0xFD, 0x9C, 0x9A,
    0xEC, 0x3A, 0x0E, 0x32, 0x29, 0xC6, 0xE5, 0xFB, 0xD0, 0xA7, 0x29, 0xB6, 0xEA, 0x0E, 0xA1, 0x6B,
    0xEC, 0xEE, 0x1C, 0x2B, 0xEB, 0xF1, 0x4A, 0xB0, 0x1E, 0xC7, 0xC7, 0x6F, 0x63, 0x3D, 0xAA, 0xC9,
    0x7A, 0x2C, 0x26, 0xEB, 0xB1, 0xDE, 0x61, 0x3D, 0x92, 0x05, 0xF2, 0x2B, 0x4B, 0xEB, 0xB1, 0xD8,
    0x61, 0x3D, 0x66, 0x93, 0xF5, 0x98, 0x4C, 0xD6, 0x63, 0x44, 0xD5, 0xCC, 0xC9, 0x09, 0xA0, 0x60,
    0x3D, 0xDA, 0xA2, 0x47, 0xDC, 0x9E, 0x58, 0x59, 0x8F, 0xF2, 0xEF, 0x1D, 0xE1, 0x6E, 0x9C, 0x15,
    0xBD, 0x55, 0x5D, 0x1D, 0xE8, 0xC3, 0x2A, 0x7F, 0x52, 0x7F, 0xEA, 0x87, 0x55, 0x4E, 0xC4, 0xAD,
    0x4E, 0x1C, 0x23, 0x42, 0xB8, 0xE5, 0xD1, 0xD4, 0x74, 0xF7, 0xD1, 0x54, 0x4D, 0x84, 0x89, 0x06,
    0x9C, 0x44, 0x87, 0x47, 0x13, 0x69, 0x33, 0x0B, 0x1B, 0x8E, 0x5A, 0xE0, 0xE9, 0x9D, 0xCE, 0xA8,
    0x67, 0x99, 0x7A, 0x26, 0xCF, 0x0A, 0x5F, 0x02, 0x41, 0xFF, 0xD8, 0xCB, 0x24, 0x28, 0x32, 0xC2,
    0x6F, 0x3C, 0x89, 0xFE, 0xD1, 0xA4, 0x85, 0xAA, 0x70, 0x02, 0x38, 0x87, 0x68, 0x2C, 0x23, 0x72,
    0x48, 0xC5, 0xB0, 0x06, 0x68, 0xFA, 0x9D, 0x05, 0xF5, 0xD1, 0xC0, 0xEA, 0x99, 0x97, 0x5D, 0x36,
    0x96, 0x08, 0x41, 0x91, 0x05, 0xEE, 0xDD, 0x2C, 0xEF, 0xFA, 0x17, 0xA2, 0x24, 0x68, 0xE2, 0x62,
    0xDD, 0xFC, 0x7C, 0xC7, 0x3D, 0xA4, 0xB4, 0xA7, 0x59, 0x6C, 0x55, 0xEE, 0x77, 0x5B, 0x75, 0xF9,
    0x06, 0x9B, 0xD7, 0x08, 0x1C, 0xF8, 0x7C, 0xEA, 0x8B, 0x0C, 0x11, 0x16, 0xA4, 0xED, 0x09, 0xB3,
    0x11, 0x5F, 0xDC, 0xC7, 0x55, 0xFA, 0x49, 0x54, 0x10, 0x9A, 0x55, 0x17, 0x64, 0x12, 0x0E, 0x7C,
    0x19, 0xEE, 0xF0, 0x6C, 0xEE, 0x81, 0x5C, 0x78, 0x83, 0x5A, 0x1C, 0x2C, 0x8F, 0xDA, 0xE6, 0x80,
    0x5A, 0xEE, 0xD2, 0x08, 0x7A, 0xA5, 0xD1, 0x24, 0xC8, 0xDC, 0x52, 0xA3, 0xDB, 0x96, 0xEA, 0x5D,
    0xD4, 0x77, 0x6F, 0xA9, 0xDE, 0x71, 0x1E, 0xF6, 0x93, 0x25, 0xE1, 0x8E, 0xBE, 0xE1, 0x20, 0xB3,
    0x61, 0xCF, 0x69, 0xF8, 0xB5, 0x6F, 0x38, 0xF0, 0x74, 0xA0, 0x95, 0x65, 0x84, 0x84, 0x83, 0x9F,
    0xAC, 0x5C, 0x4D, 0x1D, 0x58, 0xF5, 0xDD, 0xFD, 0x3E, 0xEB, 0x66, 0x56, 0x9F, 0x75, 0xF3, 0xB7,
    0xFA, 0xAC, 0xDB, 0xC1, 0x3F, 0x3F, 0x13, 0x02, 0x79, 0x60, 0xF3, 0x4F, 0x21, 0xA1, 0xF6, 0xBA,
    0x37, 0x7D, 0xEE, 0x54, 0x9B, 0x8A, 0xCF, 0x46, 0x99, 0x8A, 0x45, 0xD2, 0x2B, 0xC4, 0xFE, 0x11,
    0x44, 0xC3, 0x06, 0x30, 0x32, 0xD5, 0x67, 0x01, 0xED, 0x98, 0x5A, 0x4C, 0x45, 0x64, 0x99, 0x24,
    0xCD, 0x12, 0xD0, 0x80, 0xCC, 0x74, 0x47, 0xFB, 0xC9, 0x99, 0x76, 0x7F, 0x13, 0x72, 0x77, 0xBE,
    0x6A, 0xD9, 0xBA, 0xD7, 0xC8, 0x3C, 0x1E, 0x43, 0x32, 0xE0, 0x22, 0x62, 0x42, 0x0F, 0xD0, 0xE3,
    0x21, 0x5F, 0x37, 0xF7, 0xC7, 0x97, 0xF9, 0x4A, 0x57, 0x9B, 0xE4, 0x51, 0xC8, 0x5C, 0xC7, 0x40,
    0x4E, 0xC0, 0x32, 0x18, 0xA6, 0xFD, 0x46, 0x12, 0x4D, 0x6A, 0x2C, 0x86, 0xAC, 0xCF, 0xBA, 0xC4,
    0x25, 0xBD, 0x78, 0x9A, 0x88, 0x6B, 0x24, 0x6B, 0x35, 0x8A, 0x11, 0xAA, 0x00, 0xF3, 0xE7, 0x80,
    0xFE, 0x1B, 0xA0, 0xF0, 0x80, 0xEA, 0xA7, 0x2A, 0x4E, 0x85, 0x64, 0xB2, 0x5E, 0xE4, 0x51, 0x4F,
    0x8E, 0xCB, 0x45, 0x0B, 0x20, 0xFB, 0xD0, 0x43, 0xAC, 0xD5, 0x45, 0x06, 0xCF, 0x15, 0x58, 0x0B,
    0x77, 0xF1, 0x93, 0x41, 0xF9, 0x0F, 0x5A, 0xE8, 0xDC, 0xE2, 0xA2, 0x06, 0xDC, 0x39, 0x48, 0x10,
    0xEF, 0x69, 0xC3, 0xAE, 0xD3, 0xE2, 0x37, 0x9D, 0xB9, 0xC4, 0xA6, 0x7D, 0x5A, 0x25, 0x5E, 0x21,
    0x1A, 0xD4, 0xE4, 0x38, 0x5E, 0x6F, 0x2C, 0x1C, 0xC7, 0x3B, 0xA0, 0x70, 0x53, 0xB3, 0xCE, 0xD6,
    0xF2, 0x55, 0x00, 0xE1, 0xD4, 0x9A, 0xBF, 0x7D, 0xBD, 0xAD, 0xBE, 0x03, 0x78, 0x17, 0xF6, 0xBC,
    0xF7, 0xA9, 0xB2, 0x3B, 0x3D, 0x57, 0xBE, 0x66, 0x30, 0x5F, 0x60, 0x3A, 0xB9, 0x20, 0x1C, 0x94,
    0x8E, 0x8E, 0xA7, 0x61, 0xC8, 0x01, 0x99, 0x5B, 0x54, 0xC1, 0xCE, 0xF5, 0xB1, 0x26, 0xAA, 0xF2,
    0xE1, 0x8C, 0x38, 0x2A, 0x30, 0x25, 0x4C, 0xD1, 0x6D, 0xE5, 0xE5, 0x54, 0x42, 0x93, 0x14, 0x35,
    0x53, 0xB2, 0x8B, 0xA2, 0x6A, 0x35, 0x9A, 0x7A, 0x8D, 0xBD, 0x23, 0xEB, 0xFF, 0xD3, 0x0F, 0xE2,
    0x2C, 0x2C, 0x38, 0xB1, 0xE5, 0xB0, 0xC7, 0x9A, 0xC3, 0xDD, 0x39, 0xB1, 0xFE, 0x39, 0x9D, 0xD6,
    0x6E, 0x54, 0x20, 0x5A, 0x2B, 0xCF, 0x94, 0x89, 0xAA, 0x95, 0x9F, 0xD5, 0x81, 0x9C, 0xD9, 0x6E,
    0x94, 0x22, 0x22, 0x09, 0xBF, 0xB4, 0x02, 0x95, 0x53, 0x4F, 0x93, 0x37, 0x76, 0x4E, 0xDE, 0xD8,
    0x35, 0xC9, 0x88, 0x53, 0x00, 0xE1, 0x3C, 0x50, 0x57, 0x4E, 0x7A, 0x6D, 0x13, 0x46, 0xA4, 0x7D,
    0xDE, 0xD8, 0xC9, 0x22, 0x5E, 0xB7, 0xAB, 0x2F, 0x66, 0x79, 0xC4, 0xF2, 0x74, 0x6A, 0x63, 0x2A,
    0xE5, 0x8D, 0xDD, 0xB5, 0xBA, 0x57, 0xE4, 0xF7, 0xBA, 0x78, 0xE6, 0x1D, 0xA6, 0x6E, 0x19, 0xD2,
    0xBD, 0xEA, 0x73, 0xFA, 0x76, 0x1F, 0x8F, 0x89, 0x05, 0xA5, 0x25, 0xF4, 0xFF, 0x9C, 0x0E, 0x0F,
    0x66, 0x1D, 0x93, 0xE7, 0x04, 0x08, 0x38, 0x67, 0x2A, 0x70, 0xFD, 0x25, 0x0D, 0xD7, 0x62, 0x57,
    0x8C, 0xC6, 0xD7, 0x24, 0x12, 0x16, 0x94, 0x4F, 0xAB, 0xF4, 0xC8, 0x4F, 0xF2, 0x2C, 0xB5, 0x9C,
    0x0F, 0x53, 0xB1, 0x26, 0x27, 0x00, 0xC2, 0xC9, 0xE5, 0x97, 0xBF, 0x7E, 0xD7, 0xAC, 0x8D, 0xAC,
    0x09, 0x11, 0x21, 0x7A, 0x9A, 0x7E, 0xB4, 0xFF, 0x97, 0xBF, 0xDA, 0xE5, 0x97, 0xBF, 0x66, 0xAB,
    0x2F, 0x7F, 0xB1, 0xA6, 0x43, 0x3E, 0x7E, 0xBB, 0x97, 0x25, 0x4D, 0x34, 0xCA, 0xAE, 0xC4, 0x8B,
    0x80, 0x1E, 0xA0, 0x88, 0xDC, 0xBD, 0x67, 0x86, 0xD3, 0x38, 0x31, 0x02, 0x67, 0xEB, 0x32, 0x6A,
    0x59, 0x53, 0x69, 0x6F, 0xD7, 0x66, 0xA3, 0xE9, 0x89, 0xFE, 0x2F, 0xC5, 0x98, 0x01, 0x84, 0x27,
    0xD7, 0x1D, 0xC7, 0x3F, 0x33, 0xD3, 0xEC, 0x24, 0x3B, 0x72, 0x2F, 0xB4, 0x48, 0x5C, 0x76, 0x07,
    0x0D, 0x36, 0xEC, 0xED, 0x04, 0xC1, 0xE1, 0x7F, 0x3B, 0x93, 0x04, 0x45, 0xB5, 0x42, 0x05, 0x50,
    0x09, 0x0A, 0x29, 0x24, 0x28, 0x0E, 0x7B, 0x37, 0x2F, 0x09, 0x0D, 0xAA, 0xCD, 0x2A, 0x00, 0xD5,
    0x43, 0xC0, 0xB5, 0x24, 0x58, 0x2C, 0xEE, 0x6E, 0xDE, 0xF5, 0x28, 0x54, 0x99, 0x2A, 0x8A, 0xC2,
    0x28, 0x34, 0x7A, 0xE5, 0x5E, 0xD3, 0x91, 0x4C, 0xEF, 0xE6, 0x3F, 0xBF, 0xCE, 0x9B, 0xFF, 0x7F,
    0xEC, 0xDE, 0xDA, 0x4D, 0xF6, 0xEE, 0xBF, 0xBB, 0xD9, 0xFF, 0xFE, 0x7E, 0xDE, 0x7F, 0xF6, 0xCD,
    0xDB, 0xEF, 0xE7, 0x7D, 0xDF, 0xFC, 0xDE, 0x33, 0xD0, 0x02, 0x7E, 0x07, 0x04, 0x02, 0x84, 0x45,
    0x06, 0xD1, 0x3B, 0x1A, 0x54, 0x6C, 0x60, 0x55, 0x95, 0x70, 0x49, 0x59, 0x98, 0x44, 0x16, 0x76,
    0xC3, 0x06, 0xEE, 0xFF, 0xAE, 0xC5, 0x13, 0x99, 0x12, 0x54, 0x7E, 0x47, 0x60, 0x10, 0xA2, 0x3E,
    0x65, 0x4A, 0x53, 0x98, 0xE2, 0x33, 0x5F, 0x1A, 0x69, 0x03, 0x69, 0x01, 0xC0, 0xAB, 0x81, 0xA0,
    0x1D, 0x93, 0xFB, 0xBA, 0x24, 0x15, 0xC9, 0xDD, 0x96, 0xF4, 0x95, 0x8E, 0x18, 0x01, 0x04, 0xEF,
    0xBA, 0x90, 0x88, 0x90, 0x97, 0x82, 0x64, 0xC2, 0xF0, 0xF1, 0x84, 0xE2, 0x03, 0x21, 0xED, 0xA4,
    0x8C, 0x6A, 0x29, 0x01, 0xB8, 0x02, 0xC8, 0x3C, 0x5C, 0x9B, 0x9F, 0x8C, 0xCA, 0x03, 0x05, 0x30,
    0xA4, 0x0B, 0x00, 0xEF, 0x32, 0x26, 0x60, 0x8E, 0x39, 0x05, 0x82, 0x6E, 0xC0, 0x04, 0x54, 0x9A,
    0x81, 0x4A, 0x34, 0x5C, 0x70, 0xAC, 0x13, 0xC7, 0xBA, 0xA5, 0x2A, 0xD8, 0x8D, 0xAC, 0xC3, 0xAC,
    0x1D, 0x66, 0xEB, 0x30, 0xFB, 0x64, 0xBC, 0xE9, 0x80, 0x89, 0xD2, 0x08, 0xC5, 0x67, 0xCB, 0x52,
    0x49, 0xAB, 0xC4, 0xF2, 0x36, 0xF8, 0xA2, 0xF1, 0x3F, 0x34, 0x10, 0x18, 0x88, 0x33, 0x98, 0x30,
    0x0B, 0xBE, 0x86, 0xD6, 0xCC, 0x49, 0x47, 0xDA, 0xD7, 0x1C, 0x6D, 0xD1, 0xD3, 0x16, 0x25, 0xA0,
    0x34, 0xB0, 0x0A, 0xC8, 0x45, 0x08, 0xEE, 0x6A, 0x50, 0xAF, 0x56, 0xF0, 0x1C, 0x6F, 0x01, 0x00,
    0x08, 0xE0, 0x0D, 0xF0, 0xA2, 0x21, 0x28, 0x0C, 0x44, 0x6F, 0x1A, 0x50, 0x8E, 0x62, 0x55, 0x59,
    0xB8, 0x10, 0xD5, 0x30, 0x09, 0x1A, 0xD8, 0x0D, 0x5A, 0x07, 0x35, 0x75, 0x50, 0x1D, 0x7E, 0x85,
    0x38, 0xB9, 0x45, 0x16, 0x19, 0x52, 0xAD, 0x34, 0xE9, 0x43, 0xDE, 0x05, 0x25, 0x84, 0x9A, 0xE2,
    0x57, 0x78, 0x0F, 0x4A, 0x42, 0x53, 0xB3, 0xCC, 0xDA, 0x1C, 0xA8, 0x9C, 0x01, 0xBD, 0x3A, 0x25,
    0xF6, 0x3A, 0xE8, 0xC3, 0xBB, 0xDE, 0x91, 0x48, 0x47, 0xF1, 0x5E, 0x87, 0x78, 0xF3, 0xF0, 0xBB,
    0x1E, 0xA8, 0x23, 0x9D, 0x8A, 0xEE, 0x81, 0x8C, 0x1B, 0x11, 0x2C, 0xC0, 0x45, 0xC1, 0x01, 0x99,
    0xB3, 0x03, 0xDA, 0x02, 0x36, 0x80, 0x30, 0xA9, 0xE0, 0x56, 0x8D, 0x67, 0x2F, 0xE1, 0xEB, 0x65,
    0x00, 0xBC, 0xA2, 0x26, 0xBA, 0x2F, 0xA8, 0xB2, 0xC8, 0x42, 0x93, 0x6B, 0xE8, 0xE3, 0xA7, 0x85,
    0x8E, 0x44, 0x74, 0x52, 0xE5, 0x3A, 0x35, 0x63, 0x14, 0x3A, 0x29, 0x45, 0x2B, 0xC9, 0x2B, 0x7F,
    0x9A, 0xD8, 0xF9, 0xE2, 0xA3, 0x03, 0xF8, 0x08, 0x60, 0xC5, 0x89, 0x7F, 0x89, 0xD1, 0xAB, 0xD2,
    0xA1, 0xBD, 0x7E, 0x08, 0x5A, 0x36, 0xA2, 0xBD, 0x73, 0x00, 0xCD, 0x7E, 0x3D, 0x5A, 0x7E, 0x10,
    0x0D, 0x9E, 0x83, 0x9E, 0x18, 0xBE, 0x6B, 0x66, 0x9E, 0xFD, 0x79, 0xE6, 0x59, 0x39, 0x78, 0xF6,
    0xB8, 0x8B, 0xD0, 0x44, 0x75, 0x5E, 0x12, 0x56, 0x2F, 0x43, 0xDC, 0x59, 0x58, 0x8F, 0x0D, 0xF0,
    0xC6, 0x08, 0x11, 0xFE, 0xCD, 0x40, 0x8C, 0x05, 0xE0, 0xB4, 0xDD, 0xF3, 0x9B, 0x15, 0xA2, 0xE2,
    0x06, 0xE7, 0x42, 0x0B, 0x00, 0x85, 0xC1, 0xFF, 0xC2, 0x12, 0xE9, 0x2D, 0x60, 0x81, 0xE7, 0xCC,
    0x21, 0xD2, 0x01, 0xFE, 0xC0, 0xF4, 0xF7, 0x71, 0x45, 0x3E, 0xB5, 0xB7, 0x22, 0xBB, 0x91, 0xC9,
    0x1F, 0x6C, 0xBB, 0xA7, 0x21, 0xFC, 0xED, 0xC0, 0x54, 0x42, 0xEC, 0x98, 0x36, 0x06, 0xDB, 0xC2,
    0x1A, 0xB6, 0x1C, 0x53, 0xE7, 0xCA, 0xE3, 0x1E, 0x53, 0x89, 0x64, 0xE1, 0x60, 0x5B, 0x0F, 0x76,
    0x9C, 0xF2, 0x48, 0x91, 0xE1, 0x49, 0x49, 0xF0, 0x97, 0xDE, 0xBF, 0x6C, 0x0D, 0x38, 0xE9, 0x92,
    0xB9, 0x94, 0x01, 0x0A, 0x60, 0x1D, 0x50, 0x5E, 0x05, 0xA1, 0x18, 0xF0, 0x3A, 0xCE, 0xC4, 0x4E,
    0x22, 0x03, 0x0A, 0x58, 0x07, 0x95, 0x59, 0x42, 0x29, 0xF1, 0x24, 0x03, 0x58, 0xA8, 0xC2, 0xE0,
    0x6B, 0xC0, 0xE1, 0xC0, 0xCF, 0xBE, 0x11, 0xB2, 0xA0, 0x04, 0x2C, 0xF0, 0xF2, 0x09, 0x93, 0x71,
    0x13, 0xE0, 0x1E, 0xC0, 0x39, 0x80, 0x8B, 0x80, 0x7A, 0xC6, 0xE1, 0xDD, 0x3D, 0x26, 0xDE, 0x50,
    0x6A, 0xE2, 0x11, 0xEF, 0xD2, 0x11, 0x78, 0xC1, 0x57, 0xE2, 0x71, 0x73, 0x2E, 0x42, 0x39, 0x09,
    0x4E, 0x81, 0xED, 0x05, 0x0C, 0x88, 0x0B, 0x3C, 0x87, 0x32, 0xDB, 0xEF, 0x82, 0xAA, 0x84, 0xC8,
    0x69, 0x3D, 0xA7, 0xC6, 0xE1, 0x94, 0x67, 0x1C, 0xA2, 0x06, 0x6F, 0xFA, 0x30, 0x62, 0x77, 0x64,
    0x35, 0x2D, 0xE7, 0x88, 0xEB, 0xB3, 0xC7, 0xB2, 0x81, 0x9D, 0x87, 0x1D, 0x2C, 0x67, 0x88, 0x92,
    0x45, 0x9A, 0xC2, 0x21, 0xE6, 0xFB, 0x1D, 0xAC, 0xAE, 0x11, 0x15, 0x25, 0x2A, 0xD2, 0x00, 0x28,
    0x0C, 0x51, 0x2F, 0xC0, 0x9B, 0xB2, 0x38, 0xE2, 0xB3, 0x5E, 0x06, 0x69, 0x60, 0x20, 0x76, 0xAA,
    0xC3, 0x03, 0x4C, 0x87, 0x9D, 0xC4, 0x92, 0xF1, 0x24, 0xB6, 0xE2, 0xC0, 0x26, 0x0E, 0xEC, 0xA2,
    0x03, 0xFB, 0xF4, 0xE1, 0x93, 0x98, 0xF1, 0x3B, 0x82, 0xCC, 0x13, 0x22, 0x90, 0x4C, 0x81, 0x1C,
    0xA7, 0xD4, 0xA8, 0x57, 0x2C, 0x91, 0x54, 0x1C, 0xF4, 0x2F, 0x9E, 0xC3, 0xA5, 0x08, 0xF1, 0x02,
    0xA5, 0x26, 0x17, 0x69, 0x92, 0xEE, 0x7A, 0x13, 0xB4, 0x5C, 0xEE, 0xE3, 0x62, 0x1F, 0x2F, 0xF4,
    0xC1, 0x10, 0xDD, 0x75, 0x1D, 0x88, 0x18, 0xD7, 0x3E, 0x10, 0x4F, 0xF7, 0xB1, 0xDA, 0xC7, 0xC6,
    0xF9, 0xE9, 0x1B, 0xB7, 0x72, 0xE7, 0x19, 0x40, 0x58, 0x82, 0xB2, 0x43, 0xB8, 0xB6, 0x2F, 0x5A,
    0x3D, 0xA8, 0xD3, 0xF7, 0xDA, 0x9C, 0xAE, 0x40, 0xE4, 0xBA, 0xB8, 0x1F, 0x10, 0x28, 0x20, 0xCF,
    0x9E, 0x4C, 0xCD, 0x05, 0x75, 0xBF, 0xF5, 0xA4, 0x9C, 0x0B, 0x13, 0x90, 0xA1, 0xB1, 0xB4, 0x0D,
    0x71, 0x03, 0xCF, 0xCF, 0x4F, 0x69, 0x5E, 0x0D, 0xBE, 0x99, 0x05, 0x27, 0x28, 0xFA, 0x6D, 0xA7,
    0xD1, 0x1D, 0x0B, 0x03, 0x43, 0x9C, 0x31, 0x81, 0x75, 0xE0, 0x6B, 0x85, 0x3F, 0x95, 0x9A, 0x95,
    0x3D, 0xE1, 0xE4, 0xEF, 0x1B, 0x4F, 0xFA, 0x71, 0x6E, 0x77, 0x00, 0x27, 0xAA, 0x30, 0x6C, 0xD6,
    0x95, 0xB4, 0x17, 0x62, 0x0B, 0xC0, 0x71, 0x66, 0x74, 0x4F, 0xD8, 0x2E, 0x60, 0x51, 0x9F, 0x6B,
    0x36, 0x6F, 0x40, 0xBD, 0x81, 0xB7, 0xBD, 0x74, 0xA2, 0xE2, 0x20, 0x34, 0xA0, 0x32, 0x8A, 0x1F,
    0xE3, 0xBB, 0xE3, 0xCC, 0x6D, 0xCB, 0x32, 0x2F, 0x8C, 0x4A, 0xE9, 0xA5, 0xD2, 0x6B, 0x25, 0xA7,
    0xA3, 0x40, 0xE8, 0xE5, 0xE2, 0xE4, 0x0A, 0x0C, 0x51, 0x30, 0x68, 0xA6, 0x17, 0x4D, 0xAF, 0x1A,
    0x27, 0x7B, 0x13, 0x50, 0x40, 0xF0, 0x91, 0x65, 0xA6, 0x3B, 0x81, 0x13, 0xD6, 0xBD, 0x05, 0x5C,
    0x00, 0xA2, 0xA4, 0x84, 0xAB, 0x16, 0xCF, 0x6E, 0xE1, 0xEB, 0xA7, 0x00, 0xA0, 0xA8, 0x08, 0xBA,
    0x29, 0xAA, 0xCA, 0x89, 0x4D, 0xAA, 0x13, 0x93, 0x9A, 0xF4, 0x5F, 0x85, 0x49, 0x45, 0xFA, 0x16,
    0xB8, 0x48, 0x0C, 0xC4, 0xA5, 0x8F, 0xB2, 0x61, 0x16, 0x74, 0x05, 0xE4, 0x35, 0xB0, 0xA4, 0x41,
    0x59, 0x78, 0xD2, 0x82, 0x57, 0x11, 0xFF, 0x37, 0x63, 0xB3, 0x39, 0x6A, 0xDE, 0x77, 0x1D, 0xC3,
    0x01, 0xFD, 0x59, 0xAF, 0x5F, 0x1F, 0xA2, 0x7F, 0x65, 0xAE, 0x7F, 0x73, 0xD4, 0x0F, 0xCF, 0x01,
    0xB9, 0x86, 0x1F, 0xCD, 0x8F, 0x93, 0x3F, 0xD8, 0x37, 0xFF, 0x6B, 0x8F, 0x38, 0xFF, 0x4F, 0xF4,
    0x4C, 0xAB, 0xF3, 0xF9, 0xAF, 0xE0, 0x6A, 0x90, 0xF1, 0xE0, 0x1E, 0xFE, 0xED, 0x29, 0x3C, 0xF1,
    0x3A, 0xC4, 0x35, 0x6C, 0x6D, 0xE1, 0x59, 0x75, 0xE2, 0x8B, 0xDB, 0xAF, 0x27, 0xAA, 0xD8, 0x79,
    0x3A, 0xAA, 0x00, 0x8A, 0xCC, 0xFF, 0x67, 0x19, 0x65, 0x3B, 0x8F, 0xBC, 0xD0, 0x55, 0x05, 0x49,
    0x0D, 0x57, 0xF6, 0x2F, 0x96, 0xD3, 0x2D, 0x6C, 0x08, 0xBE, 0x98, 0xF0, 0x8E, 0x5D, 0xE6, 0x63,
    0x78, 0xEC, 0x3A, 0xE7, 0xCA, 0x5C, 0xDC, 0xF0, 0xEC, 0x04, 0x26, 0x78, 0x35, 0x81, 0x99, 0x17,
    0x38, 0x11, 0x53, 0x74, 0x5A, 0x59, 0x8E, 0xF9, 0xDB, 0x77, 0x16, 0x31, 0x71, 0xB5, 0xD9, 0x3E,
    0x33, 0x61, 0x27, 0x30, 0x81, 0x06, 0xB1, 0x85, 0x55, 0x87, 0x7C, 0x8A, 0x4E, 0xE4, 0xF1, 0xC6,
    0xC7, 0xB1, 0xCF, 0xAE, 0xB8, 0x46, 0x58, 0xBA, 0xE1, 0xC2, 0xF2, 0xAB, 0xFF, 0x15, 0x7B, 0xFD,
    0xDE, 0xE9, 0xC0, 0xEF, 0x3E, 0xA9, 0x50, 0x55, 0xD0, 0x90, 0x18, 0xA6, 0xA4, 0x9A, 0x62, 0x36,
    0x47, 0x02, 0xA9, 0x76, 0xC9, 0x1C, 0x92, 0xF4, 0xD0, 0xC5, 0x75, 0x9E, 0xDD, 0xE6, 0x06, 0x98,
    0x0D, 0x35, 0x0C, 0x0A, 0xA3, 0x47, 0x28, 0x3B, 0x26, 0xF7, 0x75, 0x58, 0x1E, 0x0F, 0xDA, 0x61,
    0x80, 0x3C, 0xCB, 0xB3, 0x62, 0xF8, 0x1F, 0xA9, 0xD9, 0x1F, 0xEE, 0x9A, 0xFB, 0x9B, 0xEB, 0xE3,
    0xFA, 0xCE, 0x5D, 0x82, 0x38, 0x83, 0xF9, 0x13, 0xEF, 0xDA, 0xCE, 0x2C, 0x9C, 0x5D, 0xB0, 0xB6,
    0x05, 0x30, 0x01, 0xD8, 0x05, 0x82, 0xD2, 0x25, 0x03, 0x00, 0x9C, 0x22, 0xE6, 0x8B, 0x80, 0x68,
    0xB8, 0x63, 0x20, 0x98, 0x55, 0x5E, 0xD6, 0x81, 0xE7, 0x01, 0xF6, 0xD1, 0x9A, 0x63, 0xD0, 0x9A,
    0x87, 0x68, 0x27, 0xB0, 0x74, 0xED, 0x53, 0x50, 0x6D, 0x06, 0x97, 0x12, 0xA0, 0x0E, 0x0D, 0xC0,
    0xE9, 0x43, 0x0D, 0x24, 0x51, 0x46, 0xF1, 0xCB, 0x7D, 0xAF, 0x31, 0x5E, 0x00, 0x1E, 0xDF, 0xBE,
    0x18, 0x20, 0xFC, 0xF9, 0x35, 0xE0, 0xCD, 0x16, 0xD8, 0x3C, 0x4B, 0xA0, 0x2D, 0x60, 0x75, 0x7C,
    0x8D, 0x71, 0xB5, 0xC6, 0xB3, 0x57, 0x18, 0x5F, 0x63, 0x90, 0xD7, 0x04, 0x9D, 0xA0, 0xAA, 0xC4,
    0xC4, 0x65, 0x5C, 0x26, 0x46, 0x55, 0xA9, 0x51, 0x76, 0x7F, 0xB8, 0x6B, 0xEE, 0x6F, 0xAE, 0x8F,
    0xEB, 0xEB, 0xEE, 0x01, 0x6F, 0x1B, 0x08, 0x1B, 0xC0, 0x9B, 0x00, 0x5C, 0x06, 0xD5, 0x94, 0x90,
    0xDC, 0x04, 0x6E, 0xC4, 0xC0, 0xB5, 0x25, 0x7D, 0xDA, 0x68, 0x7B, 0xFB, 0xCE, 0xB7, 0xE7, 0xFB,
    0xCE, 0x7E, 0xCF, 0xD6, 0x16, 0xF2, 0x8C, 0xE4, 0xD7, 0x06, 0x1E, 0x88, 0x86, 0xED, 0x17, 0x81,
    0xA5, 0x8F, 0x01, 0x35, 0xB8, 0x17, 0x03, 0x3B, 0x87, 0xB8, 0x27, 0x0E, 0xD1, 0x3A, 0xC4, 0xD2,
    0x21, 0x1A, 0x87, 0xA8, 0x1D, 0x62, 0x46, 0xAA, 0x5D, 0x32, 0x87, 0x24, 0x3D, 0x74, 0x71, 0x9D,
    0x67, 0xB7, 0x0D, 0x03, 0xF8, 0x32, 0x22, 0xFA, 0xCD, 0x3A, 0x51, 0xB1, 0xCB, 0xB9, 0xA8, 0x02,
    0xC0, 0x8D, 0xE8, 0x7F, 0x59, 0x11, 0xE9, 0x5D, 0x80, 0x47, 0x47, 0x34, 0xFB, 0x10, 0x95, 0x05,
    0x92, 0x16, 0xD8, 0xCA, 0x01, 0xAB, 0x0E, 0x30, 0x9D, 0x75, 0x79, 0x24, 0x35, 0x20, 0x25, 0x41,
    0x35, 0xFA, 0x77, 0xC2, 0x25, 0x73, 0x68, 0x50, 0x00, 0x5E, 0x33, 0x16, 0x4A, 0x00, 0x80, 0x1B,
    0x4E, 0x9B, 0x38, 0x95, 0x85, 0xD3, 0xBB, 0xE1, 0x94, 0x4F, 0x1C, 0x83, 0x5D, 0x1C, 0x38, 0x68,
    0x21, 0xB2, 0x10, 0x6B, 0x58, 0xE3, 0x32, 0xD0, 0xF5, 0x1A, 0xA5, 0xD7, 0xBA, 0xD9, 0xDF, 0x3B,
    0xE9, 0xB5, 0xD7, 0x3D, 0x83, 0x39, 0x96, 0x69, 0x02, 0x38, 0x23, 0x20, 0x2A, 0x01, 0xCF, 0x9E,
    0x0D, 0x83, 0xB2, 0x10, 0x34, 0xC0, 0x4D, 0x60, 0x79, 0x41, 0x86, 0xBD, 0xAD, 0x6B, 0xFD, 0x90,
    0xAD, 0xCB, 0x37, 0x00, 0xD9, 0x02, 0x34, 0x8B, 0x6C, 0x5D, 0x8E, 0x4F, 0x7A, 0x95, 0xC5, 0x40,
    0x66, 0x06, 0x32, 0x7B, 0x6C, 0xB2, 0x34, 0xDB, 0x06, 0xF9, 0x47, 0x89, 0xFF, 0x57, 0x31, 0xF8,
    0xFA, 0xEA, 0xD9, 0xB8, 0x13, 0xFC, 0x6F, 0x05, 0x25, 0x2D, 0x2B, 0x71, 0x0D, 0x1C, 0x60, 0x98,
    0xB9, 0x53, 0x1D, 0x93, 0x61, 0x41, 0xA9, 0x0B, 0x3C, 0xFD, 0xF0, 0x1D, 0xA0, 0x5B, 0x54, 0xFB,
    0xC1, 0xA7, 0x5E, 0xE4, 0x8E, 0xD8, 0xA2, 0x7B, 0xBF, 0xA8, 0x94, 0x45, 0xF1, 0x98, 0x29, 0xAA,
    0x59, 0x25, 0x68, 0x99, 0x80, 0xDC, 0xAD, 0xE1, 0xBC, 0x68, 0x8E, 0x7C, 0x49, 0xE2, 0x0E, 0xA0,
    0x79, 0xFF, 0x51, 0xC7, 0xF8, 0x44, 0x75, 0x62, 0x83, 0x4E, 0xA6, 0x9E, 0xFC, 0x42, 0x0E, 0x3D,
    0xDB, 0x7B, 0xC3, 0xCE, 0xD3, 0x01, 0xCB, 0x0A, 0x60, 0x48, 0x97, 0x00, 0x3E, 0x05, 0x78, 0x17,
    0x00, 0x4E, 0x13, 0x73, 0x39, 0x83, 0xD4, 0xC2, 0x4B, 0x16, 0x98, 0xAB, 0x8A, 0x80, 0x25, 0x00,
    0x47, 0x2B, 0x3D, 0x6B, 0xF1, 0x88, 0xB4, 0x1F, 0xC9, 0x0C, 0x11, 0x12, 0x03, 0x70, 0x6B, 0x9C,
    0xCB, 0x7D, 0x3F, 0x09, 0x22, 0xB7, 0x25, 0x35, 0x9F, 0x74, 0xBA, 0x48, 0x8C, 0x13, 0x18, 0x69,
    0x97, 0x67, 0x62, 0x6F, 0x0E, 0x79, 0x7B, 0xC8, 0x1C, 0x3F, 0xCF, 0x18, 0xE7, 0x90, 0x9E, 0xA3,
    0x9C, 0x63, 0x82, 0x00, 0x7E, 0xCB, 0x8C, 0x90, 0x27, 0x46, 0x6B, 0x7B, 0xC0, 0xCF, 0x5B, 0x47,
    0x78, 0xC3, 0x21, 0xEC, 0xF4, 0xE9, 0x8B, 0xB2, 0x4F, 0xF7, 0x71, 0x5F, 0x8F, 0x48, 0xB1, 0x25,
    0x6A, 0x72, 0x4B, 0x20, 0x77, 0xA7, 0x50, 0x7C, 0x38, 0x85, 0xB4, 0x84, 0x91, 0xD9, 0x6F, 0x00,
    0xB8, 0xF4, 0x0D, 0xE2, 0x06, 0x2D, 0xE3, 0xB4, 0xC7, 0x19, 0xE0, 0x65, 0x27, 0x8B, 0x3B, 0xAC,
    0x5B, 0xA2, 0x0E, 0x40, 0xC5, 0x00, 0x28, 0x00, 0x36, 0x00, 0xD8, 0x61, 0x5C, 0xBD, 0x23, 0xFA,
    0x1F, 0x06, 0xF4, 0xF7, 0xCE, 0x00, 0x7D, 0x58, 0xD1, 0xA4, 0x96, 0xF9, 0x9A, 0x66, 0xAC, 0x41,
    0x44, 0x90, 0xB1, 0x84, 0xDF, 0x8C, 0x33, 0xF1, 0x9F, 0x87, 0x67, 0xE2, 0xCB, 0x47, 0x98, 0x89,
    0x7B, 0x53, 0x90, 0xEF, 0x4F, 0x21, 0x2A, 0xD7, 0x80, 0x74, 0x7A, 0x19, 0xB8, 0x5C, 0x58, 0xE0,
    0xAD, 0xB8, 0xFC, 0xE6, 0x8C, 0xA7, 0x78, 0xCD, 0xE0, 0x8B, 0x64, 0x04, 0x7F, 0xEC, 0x00, 0xF0,
    0x6B, 0x46, 0xDC, 0xC5, 0x8D, 0x1F, 0x81, 0xEE, 0x0C, 0x40, 0xEF, 0x9F, 0x05, 0x10, 0x63, 0x21,
    0x1E, 0x30, 0xC6, 0x3C, 0x5E, 0x01, 0x5E, 0x07, 0x0E, 0x7A, 0xBA, 0xB5, 0x90, 0xA7, 0x47, 0x9F,
    0x61, 0x35, 0x30, 0xD8, 0x1B, 0x5A, 0x80, 0x06, 0xE0, 0x59, 0x00, 0x40, 0x24, 0x70, 0x45, 0xDA,
    0x97, 0x4A, 0xB5, 0xE4, 0x84, 0x2D, 0x57, 0x08, 0xA6, 0xB4, 0x78, 0xE2, 0xB4, 0xCA, 0x6B, 0x15,
    0xA4, 0x1F, 0x18, 0x48, 0xFE, 0xA4, 0x41, 0xDD, 0x03, 0xC2, 0xE9, 0x88, 0x73, 0x58, 0xFA, 0xC4,
    0xF1, 0x8B, 0x18, 0xBC, 0x29, 0x90, 0x03, 0x91, 0x01, 0xCF, 0xF1, 0x42, 0xD1, 0x25, 0x6D, 0x3E,
    0x8D, 0x1B, 0x65, 0x83, 0x32, 0xB2, 0x81, 0x09, 0x9B, 0x50, 0x07, 0xAD, 0xC2, 0xEF, 0x83, 0x6E,
    0x15, 0x8A, 0x09, 0xE4, 0x5B, 0x90, 0xD6, 0x90, 0x58, 0x50, 0x15, 0x44, 0xE5, 0x6C, 0x0C, 0xA5,
    0x21, 0x01, 0x6E, 0x41, 0xD2, 0x42, 0xBA, 0x7D, 0x8A, 0xEA, 0x8F, 0xDE, 0x49, 0x53, 0x51, 0x5D,
    0xD2, 0x45, 0xD3, 0xA8, 0xF1, 0x6D, 0xD0, 0x04, 0x65, 0xD0, 0x06, 0xC6, 0x9B, 0x86, 0x9A, 0x2E,
    0xCA, 0x28, 0x14, 0xE4, 0x3F, 0x84, 0xF4, 0x37, 0x90, 0xFC, 0x1B, 0x54, 0x33, 0xDF, 0x35, 0x2D,
    0x04, 0x15, 0x84, 0x0E, 0xE3, 0xC3, 0x92, 0x54, 0xD9, 0xF3, 0x53, 0x65, 0x93, 0x2A, 0x2C, 0x67,
    0x55, 0x29, 0xEC, 0x80, 0xA5, 0x18, 0x60, 0x48, 0x57, 0x00, 0x2C, 0x40, 0x05, 0x07, 0x8D, 0x6A,
    0x0E, 0x43, 0xF5, 0x1F, 0x1F, 0x35, 0xAA, 0x61, 0xA3, 0x85, 0x6F, 0x4D, 0x80, 0x5D, 0xF0, 0x0D,
    0xF8, 0x1A, 0x70, 0xB4, 0x71, 0xDB, 0xD3, 0x36, 0x51, 0xED, 0x57, 0x41, 0xE3, 0x9B, 0x9E, 0x56,
    0x7B, 0x6D, 0x98, 0xF5, 0xB4, 0x50, 0x9C, 0x83, 0x7C, 0x05, 0xD2, 0xDF, 0x43, 0xE2, 0x48, 0x6B,
    0x88, 0x1C, 0xED, 0x9C, 0x34, 0x9A, 0x1D, 0x77, 0xC8, 0xE1, 0x7C, 0x0B, 0xC9, 0x88, 0x42, 0x52,
    0x56, 0x50, 0x48, 0x09, 0xB6, 0xD0, 0x00, 0xA7, 0xBE, 0x18, 0xE9, 0xBE, 0x97, 0x05, 0x22, 0x84,
    0xF3, 0x72, 0x70, 0x1A, 0x8B, 0xF1, 0xFF, 0x95, 0x56, 0x01, 0x84, 0x64, 0xC9, 0x19, 0xFE, 0xFA,
    0xD5, 0xEC, 0xBE, 0xCB, 0xF5, 0xED, 0xD4, 0x90, 0xE0, 0x62, 0x2F, 0x53, 0x8B, 0x20, 0xEE, 0xFA,
    0xF6, 0x0D, 0x86, 0x0C, 0xA6, 0xBB, 0xEA, 0x72, 0x58, 0x04, 0x06, 0x00, 0x24, 0x87, 0x80, 0x81,
    0xBD, 0xB0, 0x49, 0x46, 0xEC, 0x9B, 0x7E, 0xB9, 0x43, 0x00, 0x37, 0x38, 0x40, 0x30, 0xB8, 0xB0,
    0x69, 0x62, 0x07, 0x8B, 0x63, 0x67, 0xD3, 0xB5, 0x69, 0x12, 0x9C, 0xD8, 0x5A, 0x01, 0x84, 0xE4,
    0x25, 0x36, 0x84, 0x73, 0xB9, 0xC2, 0x13, 0xBD, 0xD9, 0xD7, 0xFD, 0xE7, 0xAF, 0x7A, 0xF3, 0x76,
    0x5B, 0x6F, 0x76, 0x7B, 0xAE, 0xFE, 0xFA, 0xFF, 0xFF, 0xAF, 0xBF, 0xBE, 0xFF, 0xAF, 0xEF, 0xA9,
    0x31, 0xD5, 0x1B, 0x5B, 0xCF, 0x8F, 0x2B, 0x57, 0x7A, 0xAE, 0x6B, 0xA4, 0xFD, 0xEE, 0xF1, 0xD7,
    0x37, 0x04, 0x5E, 0x26, 0x17, 0x20, 0xCC, 0xC8, 0x92, 0xBB, 0x5F, 0xFC, 0x01, 0xF6, 0xA5, 0x52,
    0x60, 0x0D, 0x6F, 0xE0, 0xE7, 0xC7, 0x63, 0xFF, 0xED, 0xAD, 0xD7, 0xB6, 0xF0, 0x72, 0xD9, 0xA0,
    0xFA, 0x99, 0x8C, 0x46, 0x23, 0x22, 0x62, 0x5B, 0xB0, 0xB3, 0xEC, 0xCF, 0xC2, 0xE7, 0x57, 0xFE,
    0x2B, 0x8F, 0xD1, 0xE8, 0x16, 0x51, 0x0D, 0xA0, 0x09, 0x3A, 0x46, 0x99, 0x6D, 0x9C, 0xA0, 0x06,
    0xB1, 0xF4, 0xA1, 0xA0, 0x0B, 0x6D, 0xA5, 0x15, 0x45, 0x17, 0x39, 0xF6, 0x90, 0x2D, 0xAD, 0xFB,
    0x11, 0x57, 0x73, 0xC5, 0x36, 0x94, 0xE9, 0x98, 0x04, 0x7B, 0x2A, 0x75, 0xDB, 0xEB, 0x38, 0xE9,
    0xA1, 0xD6, 0x20, 0x6D, 0x29, 0xB3, 0x7D, 0x69, 0x54, 0x6A, 0xF5, 0x47, 0x5E, 0x3F, 0xF0, 0x72,
    0xE2, 0x45, 0x51, 0x76, 0x3B, 0x36, 0x97, 0x66, 0xEF, 0x15, 0x64, 0x2F, 0xC8, 0x73, 0x09, 0x17,
    0x72, 0x79, 0xAD, 0x43, 0x2B, 0x6E, 0xC8, 0x6D, 0xB9, 0x39, 0x6A, 0x60, 0x0A, 0xDC, 0x89, 0xF3,
    0x7D, 0xCC, 0xEF, 0x7A, 0x22, 0xFF, 0xEB, 0x9F, 0x1C, 0x87, 0x64, 0x8D, 0x4E, 0x8D, 0x08, 0x58,
    0xC4, 0xB4, 0x73, 0xAB, 0x9D, 0xED, 0xEE, 0xC7, 0x3F, 0x7E, 0x8F, 0x6B, 0xE9, 0xAE, 0x0F, 0xB0,
    0x69, 0xAC, 0xE5, 0x20, 0x62, 0x38, 0xE8, 0xB4, 0x07, 0x51, 0x3C, 0x82, 0xC1, 0x0D, 0x8C, 0x67,
    0xE6, 0x86, 0x55, 0x7B, 0x35, 0xC3, 0x4A, 0x39, 0xC0, 0x61, 0x06, 0x72, 0x34, 0xA3, 0x29, 0x15,
    0x53, 0x14, 0xC8, 0x89, 0xF2, 0xBC, 0x53, 0x91, 0xA8, 0x79, 0x72, 0x90, 0x83, 0x85, 0xC0, 0x12,
    0x4D, 0x5C, 0x06, 0xCC, 0x9B, 0x9F, 0xE8, 0xE9, 0x16, 0x56, 0xC9, 0x06, 0x46, 0xC7, 0xE4, 0x71,
    0x0E, 0x20, 0xF9, 0x56, 0x04, 0x5E, 0x26, 0x9D, 0xD0, 0xB1, 0xB2, 0x08, 0x42, 0xD5, 0x2A, 0xEC,
    0xFE, 0xF1, 0xF8, 0xEC, 0xF4, 0xE1, 0xCA, 0xBE, 0xDD, 0x29, 0x36, 0x01, 0x40, 0x8F, 0xB1, 0x1B,
    0xFC, 0x3D, 0x65, 0x0E, 0x82, 0xAF, 0xA5, 0xF5, 0x8D, 0xBF, 0x5F, 0x36, 0x7E, 0x62, 0x1B, 0xFF,
    0xC7, 0x22, 0xF8, 0x53, 0xF9, 0x11, 0x97, 0x8E, 0x8B, 0xC3, 0xEC, 0x07, 0xFA, 0xBA, 0xF8, 0x8F,
    0xCF, 0xE6, 0xBD, 0x53, 0xF9, 0x7D, 0x5B, 0x25, 0xC7, 0x3B, 0xB5, 0x7C, 0x60, 0x6B, 0xE0, 0xE4,
    0xCC, 0xFB, 0xC6, 0x27, 0xAE, 0xF1, 0xC2, 0x36, 0xBE, 0x6B, 0x72, 0x75, 0xED, 0x61, 0x05, 0xC9,
    0x47, 0x8B, 0x27, 0x1E, 0x6F, 0x23, 0xF6, 0x6B, 0xF9, 0x2C, 0x50, 0x5A, 0x60, 0xB5, 0x40, 0x6C,
    0x81, 0xDB, 0x02, 0xBD, 0x05, 0x86, 0x0B, 0x24, 0xBB, 0x73, 0x3C, 0xE5, 0xF9, 0xC3, 0x22, 0x52,
    0xBD, 0xE6, 0xAA, 0x3C, 0x75, 0x91, 0xED, 0x67, 0xB6, 0x3E, 0x15, 0x65, 0x4B, 0xB8, 0x16, 0x1E,
    0xF0, 0x6D, 0xD8, 0xD2, 0x0E, 0xA1, 0xB0, 0x2D, 0xB6, 0x25, 0x7F, 0xD8, 0x75, 0x91, 0x7F, 0xF2,
    0xC4, 0x67, 0xB7, 0x8B, 0xF6, 0x13, 0xD2, 0x19, 0xB2, 0x32, 0xB3, 0xDA, 0x68, 0xF4, 0x71, 0x13,
    0xD9, 0x3F, 0xE6, 0xD9, 0xEF, 0x6B, 0xFD, 0x6E, 0xA5, 0x85, 0xEF, 0x0B, 0x77, 0x33, 0xB5, 0x21,
    0x53, 0x72, 0x8E, 0x31, 0x9C, 0x35, 0x9C, 0xD7, 0xE0, 0x9D, 0x3E, 0x78, 0xEF, 0x26, 0xB4, 0xCD,
    0xAC, 0xB4, 0x5D, 0x27, 0xCA, 0xA4, 0xD4, 0x93, 0x9A, 0x71, 0xD2, 0xD6, 0x5D, 0x77, 0x4F, 0x94,
    0x83, 0xA4, 0xBC, 0xCA, 0x19, 0x6D, 0x63, 0x2D, 0x67, 0xA5, 0xE5, 0x7C, 0x40, 0x0E, 0x02, 0xF8,
    0x6A, 0x52, 0xA2, 0x46, 0x67, 0x06, 0xF1, 0x25, 0xD2, 0x07, 0x46, 0x5E, 0xB3, 0x8A, 0x9B, 0x76,
    0x7C, 0xE2, 0x52, 0xAB, 0xCC, 0x10, 0x33, 0x96, 0x21, 0x94, 0x49, 0x6D, 0xE2, 0x0E, 0xD0, 0xE7,
    0x48, 0xBA, 0xD4, 0xA7, 0x5E, 0x3A, 0x65, 0xFA, 0x38, 0xC0, 0x46, 0xA7, 0x82, 0xF9, 0x54, 0xD4,
    0xC2, 0x0D, 0x04, 0xB7, 0x96, 0xBF, 0xA8, 0x34, 0x44, 0x68, 0x89, 0x29, 0x3B, 0x68, 0x59, 0x20,
    0x97, 0xF3, 0xD4, 0x91, 0x98, 0x4A, 0x1F, 0x4D, 0x2E, 0x7F, 0x97, 0x3A, 0x0C, 0xA4, 0x0D, 0x10,
    0xDF, 0x80, 0x55, 0x28, 0x3B, 0x14, 0x75, 0xD7, 0x1E, 0x88, 0x3A, 0x71, 0xB1, 0x69, 0x20, 0xCD,
    0xF3, 0xC3, 0x5A, 0x7F, 0x30, 0xCD, 0x78, 0xBE, 0x33, 0x55, 0xEF, 0x54, 0x0A, 0x3C, 0xBD, 0x6C,
    0x27, 0xE2, 0xE0, 0x7C, 0x03, 0xE6, 0xE0, 0x32, 0x1D, 0x61, 0xFC, 0xF9, 0x0C, 0x84, 0xA1, 0x39,
    0x1C, 0x6B, 0x8B, 0x21, 0xEB, 0x21, 0xEB, 0x60, 0x68, 0x30, 0x98, 0x03, 0xBA, 0x62, 0x35, 0x40,
    0x1F, 0x40, 0x0F, 0xCF, 0x46, 0x0E, 0x80, 0xA2, 0xC6, 0xB8, 0xF9, 0x6F, 0x7C, 0x05, 0xC0, 0x2B,
    0x01, 0xB5, 0x23, 0x0B, 0x24, 0x3E, 0xA1, 0x11, 0x19, 0x5C, 0xA6, 0x47, 0x40, 0x67, 0xFF, 0x63,
    0x00, 0x43, 0x22, 0x87, 0xF4, 0x9F, 0xB8, 0x30, 0xC3, 0x26, 0x00, 0x69, 0xBE, 0x01, 0xDE, 0x32,
    0xC0, 0x36, 0x70, 0x02, 0x38, 0x24, 0x16, 0xC2, 0xA0, 0x0B, 0x5C, 0x8A, 0xA7, 0xED, 0x00, 0xA7,
    0xC0, 0x17, 0x48, 0x3E, 0x83, 0x78, 0xD7, 0x74, 0x13, 0x7B, 0xA9, 0xE3, 0x7A, 0xF0, 0xDB, 0xB8,
    0x71, 0x82, 0x5D, 0x40, 0x34, 0x1F, 0xF4, 0xBD, 0xD2, 0x84, 0x36, 0x7F, 0xFF, 0xB3, 0x03, 0x90,
    0xCC, 0xFE, 0x56, 0x02, 0x80, 0x9A, 0x21, 0x24, 0xC7, 0x74, 0x14, 0x92, 0x8F, 0xFF, 0x12, 0x93,
    0x0F, 0x1F, 0x5A, 0x84, 0x65, 0x5C, 0x0C, 0x84, 0xCF, 0x10, 0x3F, 0x4C, 0x01, 0x6F, 0xF4, 0x7A,
    0xEB, 0xEB, 0x97, 0xA0, 0x7F, 0x35, 0x53, 0x7F, 0x1A, 0x33, 0xE5, 0xE9, 0x45, 0x7A, 0x8C, 0x84,
    0x8E, 0x3A, 0xE3, 0x47, 0xD0, 0xFF, 0x9E, 0xA9, 0xBF, 0x12, 0xAE, 0xF6, 0x76, 0xE5, 0xFA, 0x55,
    0xAC, 0xF5, 0xD7, 0xD6, 0x54, 0x28, 0x07, 0x32, 0xA0, 0xFD, 0x97, 0x87, 0xC0, 0xE7, 0x06, 0xE0,
    0xD1, 0x71, 0x10, 0x16, 0xA9, 0x81, 0x04, 0xBE, 0x15, 0xD3, 0x07, 0x31, 0x5D, 0xC6, 0x74, 0x11,
    0xD2, 0x9B, 0x6D, 0x9A, 0x2B, 0xFF, 0x45, 0x58, 0x16, 0xCE, 0xDE, 0x5A, 0xCE, 0x31, 0xAE, 0xD6,
    0xF4, 0xD6, 0xFF, 0x01, 0x6B, 0x7A, 0x73, 0x39, 0xC7, 0x38, 0x4D, 0x97, 0xE7, 0x26, 0xA5, 0x62,
    0xF8, 0x65, 0xA9, 0x9F, 0x4C, 0x29, 0xAD, 0x86, 0xF7, 0x67, 0x73, 0x51, 0x6B, 0x43, 0xDF, 0x14,
    0xF5, 0x45, 0x43, 0x10, 0x35, 0x40, 0x48, 0xA7, 0xE8, 0xCC, 0x21, 0x7D, 0x58, 0x6A, 0xE6, 0x56,
    0x62, 0x16, 0xAF, 0xDB, 0x47, 0x86, 0xD1, 0x2E, 0x8E, 0x4E, 0x05, 0xE4, 0x4D, 0xE9, 0x99, 0x6D,
    0x32, 0x7C, 0x96, 0xB6, 0xE1, 0x28, 0xCB, 0x27, 0x69, 0xCB, 0x07, 0x65, 0xC5, 0xEB, 0xC1, 0x30,
    0x4A, 0x15, 0x7C, 0x8A, 0x32, 0x90, 0x5E, 0x1A, 0x0C, 0x0B, 0x09, 0x4C, 0xC1, 0xC6, 0xB7, 0x66,
    0xB1, 0x3B, 0x94, 0x09, 0x44, 0x6C, 0x34, 0x71, 0xC9, 0x6D, 0x1F, 0x43, 0x4F, 0x68, 0x5C, 0xE8,
    0x5F, 0xD6, 0xCA, 0xE9, 0x0F, 0x2B, 0xE9, 0xB3, 0xE2, 0x3D, 0x36, 0xA1, 0x23, 0xB7, 0x55, 0xA5,
    0x02, 0x83, 0x55, 0xFC, 0x0E, 0x88, 0x32, 0x18, 0xDB, 0x98, 0x67, 0x43, 0x99, 0xD4, 0x31, 0x48,
    0xFA, 0x68, 0x9A, 0xE5, 0x1E, 0x2E, 0x50, 0x3B, 0x86, 0x34, 0x57, 0xF3, 0xDF, 0x02, 0xBD, 0xF6,
    0x62, 0xEE, 0x00, 0xFE, 0xEC, 0xD6, 0x92, 0x78, 0x9F, 0xCD, 0xDD, 0x75, 0xE3, 0xAD, 0x7E, 0x0D,
    0x63, 0xA2, 0xE2, 0xFA, 0xE7, 0x54, 0x8A, 0x09, 0x79, 0xD6, 0x6A, 0x49, 0x43, 0xCE, 0x89, 0xC9,
    0x7F, 0x8D, 0x98, 0x58, 0x9C, 0x47, 0xD3, 0x89, 0xC3, 0x78, 0x32, 0xC3, 0xFE, 0x07, 0xB7, 0xD0,
    0x25, 0x2A, 0xF5, 0x7C, 0x7C, 0x34, 0xAE, 0x77, 0x41, 0x4B, 0x3A, 0xAC, 0xFB, 0xC8, 0x78, 0xFF,
    0xE2, 0x68, 0x74, 0x34, 0xA6, 0x39, 0x98, 0x83, 0x15, 0x93, 0x86, 0xC7, 0xA2, 0xA6, 0x7C, 0x7E,
    0xE0, 0xB8, 0x3F, 0xFA, 0x0D, 0x30, 0x08, 0x7F, 0xB2, 0x9B, 0xBD, 0x5D, 0xFD, 0xC5, 0xEC, 0x22,
    0x3D, 0xE2, 0xC9, 0x01, 0x2F, 0xD1, 0x5F, 0xE3, 0xAD, 0x1C, 0x04, 0x62, 0xBB, 0x38, 0x96, 0x7F,
    0xBE, 0xE0, 0xFA, 0xDC, 0x40, 0xCC, 0x6F, 0x57, 0x50, 0x05, 0x0E, 0x79, 0x1B, 0xD2, 0xFC, 0x08,
    0x48, 0x0A, 0x9C, 0x73, 0x44, 0x70, 0x2C, 0x8B, 0x0D, 0x62, 0xAB, 0xD0, 0x74, 0x05, 0x37, 0x60,
    0x15, 0xF9, 0x2E, 0x48, 0x82, 0x36, 0x91, 0x37, 0x17, 0xB7, 0xD3, 0x5E, 0xDC, 0xD3, 0x5B, 0x6B,
    0xAF, 0x6C, 0x5D, 0x99, 0xB7, 0xB5, 0xDD, 0xD5, 0x76, 0x47, 0x99, 0x57, 0xCD, 0xAB, 0xDA, 0xCB,
    0x3B, 0xA7, 0x9B, 0x5E, 0xDD, 0xF3, 0x69, 0x85, 0x0B, 0xA3, 0x3D, 0x60, 0x4C, 0x73, 0xA4, 0x8F,
    0x70, 0xD9, 0x6D, 0x82, 0x9B, 0x70, 0x23, 0xF4, 0xF0, 0x29, 0x5E, 0xBB, 0x61, 0x07, 0x3F, 0xF5,
    0xF2, 0x67, 0x4E, 0x10, 0x88, 0x6A, 0x9E, 0x1C, 0xC8, 0xBB, 0x21, 0xC9, 0x5B, 0x0C, 0x00, 0x72,
    0x80, 0xE2, 0xCC, 0x97, 0x17, 0xC0, 0x62, 0x82, 0xDF, 0xA3, 0xE6, 0x91, 0x6A, 0xDE, 0xA9, 0xE6,
    0xA9, 0x6A, 0x5E, 0xAB, 0xE6, 0xC1, 0xE2, 0x89, 0xD4, 0x01, 0xD2, 0x47, 0xE5, 0xB8, 0xED, 0x90,
    0x87, 0x16, 0x41, 0xF3, 0xB6, 0xF1, 0x12, 0xEE, 0x05, 0x98, 0x95, 0xBD, 0x72, 0x0A, 0xAE, 0x1D,
    0x61, 0xB5, 0x5C, 0xD5, 0x8E, 0x17, 0x32, 0x69, 0xC7, 0x32, 0x23, 0x99, 0x3A, 0x92, 0xD2, 0x07,
    0x0D, 0x31, 0x24, 0x10, 0x74, 0x74, 0x7B, 0x74, 0x4C, 0x44, 0xBE, 0x5D, 0x2F, 0xE3, 0xCE, 0x18,
    0x2D, 0xB8, 0x56, 0xF1, 0xD4, 0x70, 0x07, 0x2F, 0x10, 0xE4, 0x1C, 0xBF, 0xE8, 0x3E, 0xA1, 0xA9,
    0x7D, 0x3D, 0x08, 0x4D, 0x57, 0x61, 0x87, 0x3E, 0x2B, 0xA5, 0xED, 0x16, 0x02, 0xAB, 0x24, 0x41,
    0x0A, 0x59, 0x28, 0xA7, 0xFD, 0x5B, 0xC7, 0xAB, 0xB0, 0x9B, 0x76, 0xEB, 0xFD, 0xEF, 0x94, 0x5D,
    0xB3, 0x0A, 0xB7, 0x8F, 0xF1, 0x59, 0x34, 0xAC, 0x56, 0x31, 0xFD, 0x1F, 0x6C, 0x91, 0x01, 0x87,
    0x24, 0x47, 0x14, 0xC7, 0x7F, 0xB3, 0x1D, 0x5A, 0xB6, 0x4F, 0xDE, 0x00, 0x42, 0x12, 0x15, 0x40,
    0x90, 0x4C, 0x1D, 0x4E, 0x0C, 0xB6, 0xBB, 0xEA, 0x23, 0xDC, 0x97, 0x08, 0x80, 0x3D, 0x1C, 0x16,
    0x3D, 0xDD, 0x2D, 0x8B, 0x00, 0xC9, 0x47, 0xB8, 0x8F, 0x70, 0x83, 0xE0, 0x50, 0x9B, 0x69, 0x16,
    0x07, 0xD0, 0x04, 0x21, 0xA0, 0xC9, 0x02, 0x81, 0x3E, 0x69, 0x54, 0xA8, 0xDE, 0x4E, 0x4D, 0x36,
    0x37, 0x3B, 0x9B, 0xBD, 0xFA, 0xFF, 0x6A, 0xBC, 0x57, 0x55, 0xF3, 0xFA, 0xFF, 0x3C, 0x20, 0xF3,
    0x14, 0xE7, 0x38, 0x65, 0x83, 0x34, 0x41, 0xDA, 0xF7, 0x34, 0x4E, 0x6C, 0xA1, 0x51, 0x01, 0x40,
    0xAC, 0x58, 0xA8, 0x1B, 0x79, 0xA0, 0x7A, 0xC0, 0xB1, 0x08, 0x24, 0x81, 0xD3, 0xC0, 0xE7, 0x81,
    0x67, 0x81, 0x6D, 0x60, 0x9E, 0x5B, 0x02, 0x4C, 0x24, 0x31, 0x00, 0x13, 0x4C, 0x78, 0xFA, 0xE4,
    0x05, 0x2F, 0xA8, 0xFD, 0x77, 0xBF, 0x60, 0xB6, 0x66, 0xAC, 0x6A, 0x0F, 0x90, 0x86, 0x55, 0x55,
    0x7E, 0xE5, 0xB8, 0xF5, 0x53, 0x15, 0xE2, 0x33, 0x67, 0x8A, 0x8D, 0xF2, 0x00, 0x73, 0x5C, 0xDD,
    0x27, 0xCD, 0xD7, 0xAC, 0xD9, 0x2E, 0x86, 0xA4, 0x4B, 0x5B, 0xB1, 0xA7, 0x00, 0x6A, 0xA2, 0xD2,
    0x7B, 0x9B, 0x93, 0x34, 0xE6, 0x8A, 0x2C, 0xB0, 0xDA, 0xD9, 0xA0, 0xF6, 0x96, 0xAF, 0x94, 0xD5,
    0x13, 0x00, 0xA8, 0x7E, 0xE3, 0x42, 0xB1, 0x2F, 0x79, 0x55, 0x9B, 0x1D, 0x05, 0xF9, 0xD6, 0x99,
    0x1E, 0x92, 0xF6, 0x9E, 0xE8, 0xF2, 0x7F, 0x69, 0x04, 0xB8, 0xFB, 0x05, 0x8E, 0xE2, 0x45, 0x97,
    0x35, 0x86, 0x0D, 0x8E, 0x70, 0x90, 0xA3, 0x40, 0xD9, 0xB4, 0x63, 0x09, 0x2F, 0xD1, 0x48, 0x9B,
    0x76, 0x49, 0x9F, 0x0C, 0xFF, 0xA9, 0x4F, 0xBB, 0xAC, 0x55, 0x5C, 0x60, 0x01, 0xCC, 0xAB, 0x56,
    0xFD, 0xD6, 0xCB, 0xF5, 0x70, 0x40, 0xFD, 0x3A, 0xD6, 0x7F, 0x85, 0x6C, 0x24, 0x5F, 0xE1, 0x04,
    0x2F, 0xF6, 0x18, 0x27, 0x9C, 0xAD, 0x88, 0xB7, 0x27, 0x83, 0x1A, 0xBE, 0x1D, 0x4E, 0x1E, 0xC8,
    0xCC, 0xFA, 0x26, 0x94, 0x3E, 0x5F, 0xE6, 0x94, 0x0C, 0x49, 0x2B, 0x27, 0x17, 0xE9, 0x1C, 0x57,
    0xF6, 0x37, 0x46, 0x51, 0x88, 0xFD, 0x48, 0x2C, 0x9A, 0x24, 0x80, 0xB2, 0x64, 0xED, 0xD3, 0xAC,
    0x5D, 0x2B, 0xAB, 0x3C, 0x87, 0x69, 0x65, 0x8E, 0x27, 0x8E, 0xB5, 0x63, 0xEB, 0xF6, 0x3D, 0xE2,
    0x88, 0x24, 0x31, 0x40, 0x4F, 0x66, 0x5A, 0x7F, 0xBC, 0xA6, 0xF6, 0xCB, 0x0A, 0xBD, 0xD4, 0x5E,
    0x87, 0x5C, 0xDF, 0xA4, 0xFE, 0x9B, 0xA2, 0xFC, 0xF4, 0x0D, 0xB3, 0x0F, 0x85, 0x8F, 0x67, 0x4E,
    0xE7, 0x79, 0x36, 0x1E, 0x0D, 0xE9, 0x67, 0x86, 0x93, 0x2E, 0x69, 0xB3, 0x46, 0x11, 0x5D, 0xE4,
    0x8A, 0x52, 0x6C, 0xA5, 0x30, 0x13, 0x12, 0xA8, 0x76, 0x78, 0xF5, 0x6F, 0x57, 0x0A, 0xE5, 0x51,
    0x7D, 0x59, 0xFA, 0xBB, 0x32, 0x46, 0xBF, 0x66, 0x45, 0xBE, 0xBD, 0x30, 0xDD, 0xE3, 0x59, 0x1C,
    0xA7, 0x07, 0x00, 0xE0, 0x7D, 0xBC, 0xE8, 0xC4, 0x16, 0x94, 0xBC, 0xC1, 0x1F, 0xE4, 0xD8, 0xA0,
    0x49, 0x5B, 0x9E, 0xC3, 0x4B, 0x56, 0x48, 0x93, 0xB6, 0x49, 0x77, 0xAF, 0x34, 0xBA, 0x14, 0xCE,
    0xE2, 0xB5, 0x1E, 0x29, 0x73, 0xC8, 0xD1, 0xB7, 0x4C, 0x05, 0x21, 0x52, 0x61, 0xCE, 0x1B, 0x35,
    0x96, 0xD1, 0xDE, 0x3C, 0x7B, 0x3C, 0x9B, 0x53, 0xE5, 0x95, 0xA7, 0xD4, 0x0F, 0x26, 0x14, 0xD3,
    0xCF, 0x3C, 0xBB, 0x3F, 0x07, 0x75, 0xD9, 0xA4, 0xBF, 0xB3, 0x08, 0x2C, 0x26, 0x52, 0xC5, 0x17,
    0xD2, 0xCE, 0xF5, 0xA8, 0x6F, 0x9E, 0xE7, 0xEC, 0xFF, 0x1F, 0x5B, 0x2C, 0x73, 0x35, 0xD6, 0x0D,
    0x72, 0xC7, 0xEB, 0x46, 0xDE, 0x76, 0x72, 0x19, 0xE9, 0x0F, 0xD4, 0x7F, 0xF8, 0xFB, 0x07, 0x3F,
    0x0D, 0x72, 0xD9, 0xC8, 0x8F, 0xC8, 0x15, 0x32, 0xC7, 0xB4, 0x95, 0x1F, 0xFA, 0xFA, 0x5D, 0x7C,
    0x20, 0x8F, 0x54, 0x0F, 0xA6, 0x7E, 0xD5, 0xCB, 0xDB, 0x77, 0x63, 0x2C, 0xB2, 0xDF, 0xFE, 0x78,
    0xC7, 0xAA, 0xB7, 0xE6, 0xFC, 0xC3, 0x9F, 0xDB, 0x9F, 0x5F, 0x77, 0xF2, 0xFD, 0x70, 0xCF, 0x75,
    0x2F, 0xBB, 0x58, 0x93, 0x3B, 0xEA, 0x81, 0x6C, 0xCC, 0xCF, 0x8A, 0xA5, 0xB9, 0x49, 0xA7, 0x2F,
    0x8B, 0x67, 0xB1, 0x87, 0x85, 0x4D, 0xE2, 0xBD, 0x19, 0x8F, 0x1D, 0xFC, 0x33, 0xF6, 0x1F, 0x00,
    0x8D, 0x95, 0x01, 0x84, 0x25, 0xC9, 0x19, 0xC7, 0xFF, 0xDD, 0x95, 0xEC, 0x8B, 0xF4, 0xE4, 0xEA,
    0x10, 0x70, 0x77, 0x49, 0xC3, 0x81, 0xDB, 0xDC, 0xD6, 0xC6, 0x2E, 0x96, 0xAC, 0xAB, 0x96, 0x13,
    0x88, 0x90, 0x00, 0x01, 0x01, 0x00, 0x87, 0x39, 0x04, 0x21, 0x39, 0x5D, 0xB1, 0x08, 0x60, 0x27,
    0x00, 0xC0, 0x48, 0x2E, 0x6C, 0x66, 0x22, 0xEF, 0xC2, 0xE0, 0xC8, 0x65, 0xEA, 0x5B, 0x83, 0x25,
    0x87, 0x69, 0x16, 0x10, 0x68, 0x9B, 0x95, 0xAC, 0x59, 0x4C, 0x5D, 0xB6, 0x93, 0xED, 0x79, 0x53,
    0xAF, 0xFE, 0xA9, 0xEE, 0xD9, 0xD9, 0xCC, 0xB2, 0x39, 0x57, 0x3D, 0xBF, 0xDF, 0xF7, 0xFF, 0xAA,
    0x3F, 0x55, 0x0C, 0xFA, 0x15, 0xFE, 0x21, 0xA0, 0x4F, 0xD7, 0x80, 0x75, 0x59, 0x1E, 0x3F, 0x02,
    0x08, 0x64, 0x55, 0xA4, 0xF0, 0x12, 0x97, 0x42, 0x50, 0x49, 0xDB, 0xB0, 0x74, 0x56, 0x08, 0xE8,
    0xC4, 0xDF, 0xA3, 0xF0, 0x4C, 0x00, 0x88, 0xFF, 0x69, 0x2B, 0xAB, 0xE8, 0x51, 0xF0, 0xC7, 0x3D,
    0x2A, 0x32, 0xA7, 0x7B, 0x40, 0xF9, 0x29, 0xB0, 0xC9, 0x46, 0x91, 0x41, 0xFF, 0xB3, 0x1E, 0xEC,
    0x3D, 0x33, 0xB4, 0xDF, 0x7F, 0xAB, 0xF7, 0x5F, 0xBB, 0x0E, 0x6E, 0x5C, 0x05, 0xDF, 0x78, 0x1F,
    0xFC, 0xD6, 0x47, 0xE0, 0x8D, 0x1E, 0xFE, 0x7A, 0x07, 0xFB, 0x27, 0x81, 0xF9, 0x97, 0x5C, 0xAF,
    0x9E, 0xFE, 0x32, 0x14, 0x64, 0x87, 0xBF, 0xFD, 0xEE, 0xF9, 0x31, 0xC5, 0xF7, 0x00, 0x18, 0x36,
    0x65, 0x5A, 0x86, 0xAA, 0x57, 0x83, 0x91, 0x32, 0xD8, 0xA6, 0x70, 0x2D, 0x00, 0xFF, 0xDA, 0xAF,
    0xB7, 0x68, 0x8E, 0x07, 0x2E, 0x86, 0x81, 0x2A, 0xF4, 0x19, 0x4C, 0xF8, 0x77, 0x03, 0xEC, 0xAD,
    0x00, 0x73, 0x3F, 0xBC, 0xA9, 0x4F, 0xC3, 0x5E, 0xC9, 0xD3, 0x1E, 0x9B, 0xA9, 0x21, 0xE9, 0xFC,
    0x6A, 0xE9, 0x74, 0x58, 0x64, 0x54, 0xA6, 0x6C, 0x74, 0x00, 0x9E, 0xC3, 0x08, 0xBD, 0xBA, 0xF3,
    0xBC, 0x27, 0x05, 0xCB, 0x95, 0x7B, 0xDE, 0xFB, 0xE4, 0xE6, 0xBD, 0xC2, 0x0F, 0x79, 0x8E, 0x30,
    0x9D, 0x87, 0x95, 0x36, 0xF3, 0x26, 0x8C, 0x00, 0x75, 0x87, 0x3C, 0xBF, 0x0D, 0x32, 0x40, 0x0D,
    0xC0, 0x6E, 0x7A, 0x96, 0x03, 0xA0, 0x7A, 0xA0, 0x12, 0x88, 0x21, 0xC5, 0x66, 0x6E, 0x5C, 0x4A,
    0x78, 0xB6, 0x16, 0xCD, 0x64, 0x3D, 0x09, 0xAF, 0x00, 0x7C, 0xC0, 0xCD, 0x04, 0x9F, 0xF2, 0x23,
    0x7A, 0xAC, 0x47, 0xD3, 0xEB, 0xF0, 0xC5, 0x9F, 0x7A, 0xB6, 0xC9, 0xF8, 0x64, 0xD7, 0x7A, 0x4D,
    0xB6, 0x49, 0x27, 0x20, 0x00, 0x00, 0xFA, 0x49, 0xA5, 0x64, 0x71, 0x00, 0xE3, 0x32, 0x62, 0x39,
    0xAA, 0x04, 0x25, 0x8A, 0xCD, 0x24, 0xC9, 0x3A, 0xEC, 0x95, 0xEC, 0x1E, 0xAF, 0x76, 0x1F, 0x31,
    0xAF, 0xA8, 0xEE, 0xA6, 0xDC, 0x1E, 0xF1, 0xBC, 0x95, 0xFA, 0x49, 0x1E, 0xAA, 0xE6, 0xC9, 0x49,
    0x98, 0xD5, 0xCA, 0x72, 0x84, 0x11, 0x46, 0x68, 0x21, 0x47, 0x00, 0x7E, 0x45, 0x07, 0xE8, 0x60,
    0xBA, 0xC9, 0x3A, 0x5C, 0xF4, 0xAB, 0xB3, 0xC3, 0xE4, 0x07, 0x93, 0x0D, 0x57, 0xD0, 0x2B, 0x5A,
    0x42, 0xF3, 0xA1, 0x9A, 0x76, 0xF0, 0x39, 0xDE, 0x5C, 0x37, 0xE5, 0x09, 0x48, 0x81, 0xCF, 0x3E,
    0xC1, 0xD9, 0x65, 0x02, 0x40, 0x87, 0xBA, 0xC7, 0xF9, 0x45, 0x73, 0x29, 0xD9, 0x4D, 0x45, 0x3F,
    0x1E, 0xB3, 0x7A, 0x53, 0xC4, 0x7C, 0x99, 0x58, 0x0C, 0xF9, 0x36, 0x58, 0x07, 0xCD, 0x08, 0x73,
    0x02, 0xFD, 0x59, 0xCA, 0x51, 0x74, 0x20, 0x4A, 0xE6, 0xF1, 0x56, 0x50, 0xE7, 0x49, 0xDB, 0xBD,
    0x51, 0xE6, 0xA2, 0xC3, 0x4D, 0xE4, 0x52, 0x8D, 0xEF, 0x14, 0xA3, 0x4F, 0x8A, 0x9B, 0x8F, 0x03,
    0x09, 0xFF, 0x2B, 0x36, 0x24, 0x3E, 0x00, 0xA3, 0x4F, 0xF0, 0x58, 0xE6, 0x1B, 0x40, 0x54, 0x32,
    0x95, 0x46, 0x37, 0xD5, 0x50, 0xD2, 0x69, 0x2C, 0x46, 0x75, 0x28, 0x35, 0x54, 0x54, 0xB7, 0xBB,
    0x2B, 0xD8, 0x4D, 0xF9, 0x1F, 0xBB, 0x7F, 0x87, 0xF3, 0x8A, 0xA0, 0x56, 0xE1, 0x67, 0x00, 0x5F,
    0x29, 0x87, 0x3D, 0xC0, 0xFF, 0xA4, 0x88, 0x01, 0xB0, 0x7F, 0xC0, 0x5C, 0x46, 0xB0, 0x07, 0xCC,
    0x00, 0xDF, 0x01, 0x75, 0x40, 0x2B, 0x80, 0x0E, 0xB0, 0x2E, 0x97, 0x1E, 0xA6, 0x01, 0x79, 0xA2,
    0x22, 0x77, 0xFC, 0xAD, 0x48, 0xD4, 0xF7, 0xB3, 0xF4, 0xDF, 0x27, 0x3D, 0x89, 0xB4, 0x87, 0x2F,
    0xD1, 0x5F, 0x7F, 0x9B, 0x25, 0x6A, 0xD6, 0x98, 0x55, 0x0D, 0xB4, 0x64, 0x9F, 0x95, 0x1A, 0x2C,
    0x28, 0x28, 0x33, 0x6F, 0xF9, 0x47, 0xB0, 0x8C, 0x80, 0x95, 0x4B, 0x6B, 0x2B, 0xF5, 0xA9, 0x17,
    0xEB, 0x28, 0xBE, 0x69, 0x85, 0xB0, 0x2F, 0x65, 0x7A, 0x97, 0x67, 0xF2, 0xEC, 0xF1, 0x78, 0x29,
    0xE9, 0x88, 0x67, 0xCB, 0x92, 0xF2, 0xD6, 0xCE, 0x8E, 0xC3, 0xEB, 0x09, 0xF0, 0x5E, 0x8A, 0xA8,
    0x3B, 0x35, 0x54, 0xDD, 0x22, 0x5C, 0x6A, 0xAA, 0x00, 0x6C, 0xAE, 0x3E, 0x84, 0xE7, 0x08, 0x3D,
    0xE7, 0xAD, 0x9C, 0xFB, 0x39, 0x57, 0x99, 0xC5, 0x00, 0xA8, 0x11, 0x4D, 0xB1, 0x46, 0x87, 0xF6,
    0xB1, 0xA0, 0x4A, 0xB0, 0x7C, 0xC2, 0x60, 0xF8, 0x1B, 0xF6, 0x2A, 0x62, 0x1F, 0x59, 0x63, 0x56,
    0xD9, 0x67, 0x55, 0x2E, 0xEB, 0x0A, 0xB2, 0x3E, 0x01, 0x3C, 0xC9, 0xFE, 0x3D, 0xF2, 0x68, 0x4B,
    0xA5, 0x56, 0xF2, 0x9E, 0xE9, 0xB3, 0xF4, 0x90, 0x55, 0xC5, 0x2C, 0x95, 0xB2, 0x0A, 0x3A, 0xC3,
    0x6D, 0x3F, 0x58, 0x86, 0x7A, 0xF4, 0x24, 0xDD, 0xFE, 0x72, 0xE5, 0xDD, 0xC7, 0x3A, 0x54, 0x6E,
    0x6F, 0xFA, 0x3C, 0xBC, 0xAF, 0x83, 0x6A, 0xA0, 0xC3, 0x36, 0xA0, 0x4F, 0xFB, 0xAC, 0x04, 0xA0,
    0x0E, 0x40, 0xC9, 0xCF, 0x02, 0xCA, 0xDB, 0xDC, 0x02, 0xF4, 0x08, 0xA0, 0x0D, 0x80, 0x62, 0x56,
    0xF1, 0xC3, 0x2C, 0xE8, 0x49, 0x3E, 0x39, 0x80, 0x14, 0x00, 0x85, 0xCB, 0x02, 0x2A, 0x99, 0x0C,
    0x33, 0x7B, 0x93, 0x7D, 0xB6, 0xFA, 0xC7, 0x7A, 0x0D, 0xA0, 0x54, 0xA3, 0x6D, 0xA6, 0x36, 0x18,
    0x01, 0x50, 0x05, 0xDD, 0x01, 0xD0, 0xBD, 0xEE, 0xA7, 0xD2, 0xCD, 0xE7, 0xD5, 0x32, 0x17, 0x73,
    0x56, 0xEC, 0xB3, 0xE2, 0x74, 0x78, 0xAD, 0x81, 0x6D, 0xEA, 0x07, 0x0C, 0x68, 0x61, 0xEE, 0xDD,
    0x1F, 0x5F, 0xF3, 0xB0, 0x87, 0x07, 0xD1, 0x27, 0xB4, 0xFA, 0x20, 0x86, 0x54, 0xAC, 0xEB, 0x83,
    0xF1, 0xF4, 0xF4, 0xF1, 0x60, 0x18, 0xAC, 0xF3, 0xCE, 0xD2, 0x01, 0x80, 0xC5, 0xBC, 0xDA, 0xD9,
    0xF0, 0xB3, 0x91, 0x66, 0x17, 0x71, 0xB2, 0x6F, 0xA0, 0xD8, 0xA1, 0x7A, 0x12, 0xA0, 0x5F, 0xA0,
    0x47, 0xF5, 0x54, 0xA0, 0xE8, 0x32, 0x40, 0xB1, 0x06, 0x24, 0xA2, 0x0C, 0xFB, 0x50, 0xFF, 0x26,
    0x34, 0xE9, 0x6A, 0x7F, 0x28, 0x37, 0x6D, 0xD5, 0x7D, 0xFC, 0xC6, 0xA2, 0x07, 0x16, 0x01, 0x5F,
    0x55, 0x01, 0x76, 0xE2, 0xDD, 0x1E, 0xE6, 0x58, 0xB0, 0x48, 0xB0, 0x4C, 0x80, 0x49, 0xBE, 0x83,
    0x8A, 0xD5, 0x00, 0x4F, 0x12, 0xEF, 0xA5, 0xDD, 0x94, 0x5B, 0x15, 0x5F, 0x68, 0x75, 0x80, 0x4A,
    0x5E, 0xA0, 0x78, 0x82, 0xDC, 0xE2, 0xE5, 0xBA, 0xCC, 0x6D, 0xC0, 0x32, 0x00, 0x80, 0x9C, 0xCB,
    0xD0, 0xA1, 0xE4, 0xF1, 0x80, 0x2A, 0x1C, 0x44, 0x18, 0xB9, 0x3B, 0xC2, 0x3A, 0xD9, 0x42, 0x0B,
    0x01, 0xFC, 0x24, 0x5E, 0x10, 0x29, 0xC4, 0x31, 0x9D, 0x47, 0x1E, 0x6E, 0x9B, 0x2C, 0xEB, 0xB2,
    0x8C, 0x64, 0xCD, 0x07, 0x94, 0x7C, 0x1C, 0x01, 0xC3, 0xAD, 0x8B, 0x77, 0x14, 0xEB, 0x2C, 0x95,
    0x26, 0x31, 0xAB, 0x6A, 0xB3, 0xB4, 0x75, 0xC0, 0x37, 0x8D, 0x00, 0x6F, 0xD7, 0x82, 0x9D, 0xFD,
    0xE5, 0xD1, 0x36, 0xF3, 0x0A, 0xD8, 0xAB, 0x02, 0x10, 0x16, 0x03, 0xE6, 0x76, 0xF7, 0x28, 0xFF,
    0x38, 0x28, 0xC9, 0x27, 0x54, 0x0E, 0x09, 0xDA, 0x81, 0xF0, 0x8F, 0x2A, 0xF6, 0x8C, 0x9A, 0xA1,
    0xF0, 0x03, 0xAA, 0xE4, 0x1B, 0x1D, 0x6A, 0xD1, 0x9D, 0xEE, 0x0B, 0xA7, 0x03, 0x60, 0x02, 0xC9,
    0xB8, 0xE3, 0xF9, 0xA8, 0x20, 0x31, 0x65, 0xCF, 0x9D, 0x3B, 0x76, 0x00, 0x6C, 0xA7, 0x3A, 0x2B,
    0x2A, 0x18, 0x59, 0x04, 0xDD, 0xEB, 0xA0, 0x92, 0xEF, 0xB0, 0x99, 0x00, 0xC8, 0x19, 0x26, 0x35,
    0x25, 0x19, 0xAA, 0xFE, 0x70, 0x30, 0x72, 0x6F, 0xB0, 0xCD, 0x41, 0xD7, 0x42, 0xE0, 0x33, 0x7C,
    0x09, 0x6D, 0xC6, 0x3A, 0x81, 0x11, 0xF9, 0xBA, 0x0E, 0xB2, 0x57, 0xF2, 0xB8, 0x9F, 0xCE, 0x38,
    0x3F, 0xCF, 0x0A, 0x5F, 0x80, 0x64, 0xF0, 0x47, 0xDC, 0x9E, 0xF2, 0x17, 0xC3, 0xF7, 0x56, 0x4C,
    0xC0, 0xE6, 0x88, 0x72, 0x45, 0x2C, 0xBA, 0xD6, 0x69, 0xB1, 0x8D, 0x96, 0x2B, 0xD0, 0x3D, 0xA0,
    0x47, 0x60, 0xC1, 0x06, 0x8A, 0x03, 0xE0, 0x13, 0xA0, 0x73, 0x53, 0x50, 0x00, 0x23, 0x6F, 0x3F,
    0xBD, 0x2D, 0xD6, 0x1F, 0xCA, 0xB5, 0x8D, 0x43, 0xF7, 0x9D, 0x8D, 0x63, 0xD4, 0x7F, 0x1C, 0xA1,
    0x96, 0x02, 0xB5, 0x21, 0x28, 0xBF, 0xE2, 0x40, 0x52, 0x76, 0xA6, 0xEF, 0x0E, 0x30, 0xE7, 0xC4,
    0xA5, 0xF4, 0x5C, 0x48, 0x47, 0x35, 0x03, 0x02, 0x9F, 0x47, 0xC5, 0x1E, 0x9A, 0x01, 0x9E, 0x69,
    0x97, 0x3B, 0xF0, 0x0E, 0xAD, 0xE4, 0xBC, 0xC3, 0xA3, 0x1C, 0xC0, 0xE6, 0xF5, 0x04, 0x3E, 0x84,
    0x17, 0xD8, 0x1E, 0x75, 0x80, 0x8E, 0x50, 0x6B, 0x94, 0x04, 0xD8, 0xC1, 0x0C, 0x96, 0x02, 0x43,
    0x07, 0x15, 0x91, 0x79, 0x35, 0xBF, 0x0B, 0x50, 0xB9, 0x7F, 0x3D, 0x67, 0xE6, 0x7C, 0x6B, 0xCE,
    0x5F, 0x06, 0xA3, 0x71, 0xB7, 0x62, 0x2D, 0x2A, 0xAA, 0x0B, 0x54, 0x8D, 0xE1, 0x3E, 0x2C, 0x07,
    0x98, 0x06, 0xF8, 0x73, 0x07, 0x84, 0xED, 0xCC, 0xCF, 0xE9, 0x3C, 0x19, 0xEC, 0x50, 0x8C, 0xB8,
    0x8A, 0x5F, 0x64, 0x6E, 0xE2, 0xDA, 0x9B, 0x37, 0x60, 0x3F, 0xD9, 0x43, 0xCB, 0x80, 0xF0, 0xA9,
    0x53, 0x01, 0x58, 0xFC, 0x14, 0xC0, 0x0D, 0x7C, 0x04, 0xF3, 0xDD, 0x01, 0x9A, 0x01, 0x05, 0x1D,
    0x94, 0xE0, 0x9C, 0xC2, 0xA7, 0xA6, 0x22, 0x7B, 0x73, 0xFF, 0xDE, 0x68, 0x6F, 0x1D, 0xC4, 0x56,
    0xDD, 0x5D, 0x7B, 0x25, 0x89, 0x67, 0xF0, 0xFF, 0x61, 0x79, 0x02, 0x93, 0xBC, 0x53, 0xB1, 0xEE,
    0x54, 0xD4, 0xE1, 0x02, 0xFD, 0xB4, 0x77, 0x39, 0xB1, 0xB1, 0x1C, 0xA1, 0x22, 0x66, 0x2C, 0x03,
    0x2E, 0xA7, 0xED, 0xE7, 0xBD, 0xE1, 0xF6, 0xBC, 0x87, 0x8D, 0xAB, 0x67, 0xF8, 0x35, 0x16, 0xEB,
    0xB6, 0xAB, 0x7F, 0x70, 0x2D, 0xD8, 0x8D, 0x6F, 0x8F, 0x1F, 0x6C, 0x5C, 0x8D, 0xF1, 0x8C, 0xBD,
    0x08, 0xE0, 0x9C, 0xBF, 0x64, 0xDE, 0xC9, 0xD4, 0x99, 0x4A, 0x00, 0x92, 0xE1, 0x1C, 0x3C, 0x11,
    0x4C, 0xB4, 0xEC, 0x61, 0xFE, 0x13, 0xA1, 0x43, 0xCA, 0xF0, 0x02, 0x6B, 0xE8, 0xD3, 0x01, 0x9A,
    0x99, 0xF9, 0x5D, 0xDB, 0xE8, 0x60, 0x5D, 0x46, 0x9E, 0xE1, 0xA6, 0xBD, 0x76, 0x95, 0xD0, 0xF2,
    0x21, 0xCE, 0xCF, 0x2B, 0xD8, 0xEB, 0xD3, 0x68, 0xDD, 0xBA, 0x6D, 0xD6, 0x1E, 0x1F, 0x12, 0xB8,
    0xF8, 0xD7, 0x36, 0x5F, 0xB2, 0xF2, 0x0D, 0xBD, 0x8A, 0x05, 0x3B, 0xCC, 0x6B, 0x67, 0xE7, 0x0E,
    0x19, 0xFF, 0x0B, 0xB3, 0xFF, 0xFF, 0x1F, 0x88, 0x00, 0xAD, 0x91, 0x01, 0x66, 0xC4, 0x40, 0x14,
    0x86, 0xFF, 0xCD, 0xD0, 0x41, 0xB0, 0x47, 0xD8, 0x02, 0x50, 0xE4, 0x04, 0x35, 0xB9, 0x58, 0xA5,
    0x55, 0x40, 0x61, 0x8F, 0x10, 0x14, 0x6C, 0x91, 0x0B, 0x94, 0x19, 0x7A, 0x80, 0xF6, 0x08, 0x4B,
    0x17, 0x14, 0x3A, 0x2A, 0x58, 0x6B, 0xF2, 0xFE, 0xBE, 0x99, 0xD8, 0xA2, 0xC0, 0x6E, 0x3B, 0xF8,
    0x47, 0x26, 0x6F, 0xBE, 0xF7, 0xF2, 0x05, 0xDD, 0xBE, 0x16, 0x18, 0x11, 0xE7, 0x5B, 0x3B, 0x5E,
    0x4F, 0x0D, 0xEA, 0x88, 0x04, 0x2C, 0xE3, 0x42, 0x93, 0xBA, 0xF6, 0x18, 0x0E, 0x4F, 0xF2, 0x38,
    0x9F, 0x9C, 0x91, 0x95, 0xA6, 0x97, 0x81, 0x7D, 0xA1, 0x45, 0xA0, 0xE1, 0x1A, 0x0B, 0xFA, 0x11,
    0x76, 0xB4, 0xA3, 0xB6, 0x33, 0x6B, 0xAD, 0x42, 0x69, 0x96, 0x72, 0xAF, 0x94, 0x2F, 0x9D, 0x12,
    0x26, 0x95, 0x06, 0xB7, 0x99, 0x1F, 0x14, 0x9F, 0x32, 0x3E, 0x29, 0xBE, 0x4E, 0x19, 0x3F, 0x97,
    0x28, 0xFE, 0x25, 0xE3, 0xEF, 0xCB, 0xE3, 0x89, 0xE1, 0xA5, 0xC9, 0x78, 0xC7, 0xA0, 0xBE, 0x2E,
    0xB8, 0x2B, 0xC2, 0x3E, 0x27, 0x64, 0x63, 0xD5, 0x34, 0x2B, 0x3B, 0x1A, 0x02, 0xCB, 0xD2, 0x56,
    0x1B, 0xD9, 0x70, 0x3E, 0xFC, 0xCB, 0x56, 0xE9, 0x56, 0xBE, 0xEF, 0x81, 0xDB, 0x0C, 0x7E, 0x65,
    0x44, 0x37, 0xD6, 0x24, 0x8C, 0x4C, 0x6E, 0x20, 0x6C, 0xBC, 0x99, 0xAA, 0xDF, 0xF7, 0x8A, 0x6B,
    0x96, 0x5F, 0xD7, 0xFF, 0xDF, 0x10, 0xCD, 0x3C, 0x84, 0x2B, 0x43, 0x34, 0xD2, 0xAA, 0xE8, 0x21,
    0xC2, 0xEC, 0xCD, 0x8F, 0xE8, 0x3A, 0x87, 0x63, 0x5C, 0xC6, 0x2B, 0xE9, 0xCF, 0x11, 0x7D, 0xC7,
    0x9E, 0x0C, 0xDD, 0x16, 0xF0, 0x3B, 0xC0, 0x1E, 0xD8, 0x62, 0x19, 0x5C, 0x38, 0x46, 0x17, 0x2C,
    0xDF, 0x49, 0x37, 0x7C, 0xF9, 0x8F, 0x67, 0x13, 0x5D, 0x48, 0xD5, 0xDA, 0x05, 0x01, 0x5C, 0xF0,
    0x3B, 0x0D, 0xC7, 0xD6, 0x85, 0x9A, 0x6F, 0x5A, 0xDC, 0xE9, 0xDB, 0x4B, 0xAB, 0x31, 0x96, 0x3A,
    0xB3, 0x6D, 0x82, 0x1F, 0xC2, 0xEA, 0xB0, 0x12, 0x58, 0xF9, 0x06, 0x14, 0x89, 0x55, 0x19, 0x03,
    0x41, 0x0C, 0x84, 0xA7, 0xF8, 0x1A, 0x09, 0xA7, 0xA4, 0xDF, 0x81, 0x91, 0x5A, 0x59, 0x5F, 0xA5,
    0x48, 0x89, 0x83, 0x32, 0xC3, 0xDF, 0x0D, 0x0D, 0x4A, 0x63, 0xE5, 0x58, 0x49, 0x6C, 0x23, 0x91,
    0x47, 0x85, 0x09, 0x3F, 0x65, 0xDC, 0xD4, 0x62, 0x31, 0x1F, 0x42, 0xFA, 0x98, 0x3F, 0x34, 0x61,
    0xE9, 0x3F, 0x19, 0x38, 0xA5, 0x85, 0x42, 0xEC, 0x60, 0xC2, 0xA3, 0xE5, 0xD1, 0x70, 0x30, 0x2E,
    0xE0, 0xD5, 0x82, 0x04, 0x7C, 0xA4, 0xF6, 0xC5, 0x41, 0xB2, 0x68, 0x5D, 0x9A, 0x44, 0x2B, 0x49,
    0xD7, 0x75, 0x62, 0x7B, 0x48, 0x34, 0x4F, 0x9C, 0xE8, 0x3F, 0x18, 0x00, 0x00,
};

static const EpdGlyph notoserif_12_boldGlyphs[] = {
    { 0, 0, 0, 0, 0, 0, 0 }, // U+0000
    { 0, 0, 104, 0, 0, 0, 0 }, // U+000D
    { 0, 0, 104, 0, 0, 0, 0 }, // U+0020
    { 5, 18, 153, 2, 18, 23, 0 }, // !
    { 11, 7, 204, 1, 18, 20, 23 }, // "
    { 13, 18, 226, 1, 18, 59, 43 }, // #
    { 12, 22, 226, 1, 19, 66, 102 }, // $
    { 21, 18, 362, 1, 18, 95, 168 }, // %
    { 19, 18, 320, 1, 18, 86, 263 }, // &
    { 5, 7, 116, 1, 18, 9, 349 }, // '
    { 8, 24, 160, 1, 20, 48, 358 }, // (
    { 8, 24, 160, 0, 20, 48, 406 }, // )
    { 12, 10, 201, 0, 19, 30, 454 }, // *
    { 11, 11, 226, 2, 15, 31, 484 }, // +
    { 5, 8, 118, 1, 4, 10, 515 }, // ,
    { 7, 3, 124, 1, 9, 6, 525 }, // -
    { 4, 4, 118, 2, 4, 4, 531 }, // .
    { 8, 23, 115, 0, 19, 46, 535 }, // /
    { 12, 18, 233, 1, 18, 54, 581 }, // 0
    { 12, 18, 202, 0, 18, 54, 635 }, // 1
    { 12, 18, 212, 1, 18, 54, 689 }, // 2
    { 12, 18, 216, 1, 18, 54, 743 }, // 3
    { 13, 18, 222, 1, 18, 59, 797 }, // 4
    { 12, 18, 212, 1, 18, 54, 856 }, // 5
    { 12, 18, 224, 1, 18, 54, 910 }, // 6
    { 12, 18, 217, 1, 18, 54, 964 }, // 7
    { 13, 18, 232, 1, 18, 59, 1018 }, // 8
    { 12, 18, 224, 1, 18, 54, 1077 }, // 9
    { 4, 14, 122, 2, 14, 14, 1131 }, // :
    { 5, 18, 122, 1, 14, 23, 1145 }, // ;
    { 11, 14, 226, 2, 16, 39, 1168 }, // <
    { 11, 7, 226, 1, 13, 20, 1207 }, // =
    { 11, 14, 226, 2, 16, 39, 1227 }, // >
    { 11, 18, 220, 1, 18, 50, 1266 }, // ?
    { 21, 22, 368, 1, 18, 116, 1316 }, // @
    { 19, 18, 301, 1, 18, 86, 1432 }, // A
    { 16, 18, 269, 0, 18, 72, 1518 }, // B
    { 15, 18, 268, 1, 18, 68, 1590 }, // C
    { 18, 18, 307, 0, 18, 81, 1658 }, // D
    { 16, 18, 261, 0, 18, 72, 1739 }, // E
    { 14, 18, 248, 1, 18, 63, 1811 }, // F
    { 17, 18, 308, 1, 18, 77, 1874 }, // G
    { 19, 18, 328, 1, 18, 86, 1951 }, // H
    { 9, 18, 160, 1, 18, 41, 2037 }, // I
    { 10, 24, 158, 0, 18, 60, 2078 }, // J
    { 18, 18, 294, 1, 18, 81, 2138 }, // K
    { 15, 18, 262, 1, 18, 68, 2219 }, // L
    { 22, 18, 381, 1, 18, 99, 2287 }, // M
    { 19, 18, 315, 1, 18, 86, 2386 }, // N
    { 17, 18, 315, 1, 18, 77, 2472 }, // O
    { 15, 18, 255, 1, 18, 68, 2549 }, // P
    { 17, 24, 315, 1, 18, 102, 2617 }, // Q
    { 18, 18, 285, 1, 18, 81, 2719 }, // R
    { 14, 18, 232, 0, 18, 63, 2800 }, // S
    { 17, 18, 261, 0, 18, 77, 2863 }, // T
    { 18, 18, 299, 1, 18, 81, 2940 }, // U
    { 17, 18, 279, 0, 18, 77, 3021 }, // V
    { 27, 18, 427, 0, 18, 122, 3098 }, // W
    { 18, 18, 293, 0, 18, 81, 3220 }, // X
    { 18, 18, 277, 0, 18, 81, 3301 }, // Y
    { 14, 18, 267, 1, 18, 63, 3382 }, // Z
    { 7, 23, 166, 2, 19, 41, 3445 }, // [
    { 8, 23, 115, 0, 19, 46, 3486 }, // <backslash>
    { 8, 23, 166, 0, 19, 46, 3532 }, // ]
    { 12, 12, 224, 1, 19, 36, 3578 }, // ^
    { 12, 2, 184, 0, -2, 6, 3614 }, // _
    { 7, 4, 134, 1, 19, 7, 3620 }, // `
    { 14, 14, 240, 1, 14, 49, 3627 }, // a
    { 15, 19, 260, 1, 19, 72, 3676 }, // b
    { 11, 14, 211, 1, 14, 39, 3748 }, // c
    { 15, 19, 260, 1, 19, 72, 3787 }, // d
    { 12, 14, 229, 1, 14, 42, 3859 }, // e
    { 12, 19, 163, 1, 19, 57, 3901 }, // f
    { 14, 21, 224, 1, 15, 74, 3958 }, // g
    { 17, 19, 267, -1, 19, 81, 4032 }, // h
    { 8, 19, 141, 1, 19, 38, 4113 }, // i
    { 7, 25, 138, -1, 19, 44, 4151 }, // j
    { 15, 19, 255, 1, 19, 72, 4195 }, // k
    { 8, 19, 141, 1, 19, 38, 4267 }, // l
    { 24, 14, 394, 1, 14, 84, 4305 }, // m
    { 16, 14, 267, 1, 14, 56, 4389 }, // n
    { 13, 14, 246, 1, 14, 46, 4445 }, // o
    { 15, 20, 258, 1, 14, 75, 4491 }, // p
    { 15, 20, 259, 1, 14, 75, 4566 }, // q
    { 12, 14, 209, 1, 14, 42, 4641 }, // r
    { 11, 14, 192, 1, 14, 39, 4683 }, // s
    { 9, 17, 162, 1, 17, 39, 4722 }, // t
    { 16, 14, 267, 0, 14, 56, 4761 }, // u
    { 15, 14, 242, 1, 14, 53, 4817 }, // v
    { 22, 14, 342, -1, 14, 77, 4870 }, // w
    { 16, 14, 258, 0, 14, 56, 4947 }, // x
    { 15, 20, 232, 0, 14, 75, 5003 }, // y
    { 12, 14, 212, 1, 14, 42, 5078 }, // z
    { 10, 23, 177, 1, 19, 58, 5120 }, // {
    { 2, 25, 226, 6, 19, 13, 5178 }, // |
    { 10, 23, 177, 0, 19, 58, 5191 }, // }
    { 12, 5, 226, 1, 12, 15, 5249 }, // ~
    { 0, 0, 104, 0, 0, 0, 0 }, // U+00A0
    { 6, 18, 153, 2, 14, 27, 0 }, // U+00A1
    { 12, 18, 226, 1, 18, 54, 27 }, // U+00A2
    { 13, 19, 224, 1, 18, 62, 81 }, // U+00A3
    { 11, 11, 226, 1, 15, 31, 143 }, // U+00A4
    { 14, 18, 226, 0, 18, 63, 174 }, // U+00A5
    { 2, 25, 226, 6, 19, 13, 237 }, // U+00A6
    { 11, 23, 218, 2, 19, 64, 250 }, // U+00A7
    { 8, 3, 231, 3, 19, 6, 314 }, // U+00A8
    { 19, 19, 338, 1, 19, 91, 320 }, // U+00A9
    { 10, 9, 168, 1, 19, 23, 411 }, // U+00AA
    { 11, 10, 222, 2, 12, 28, 434 }, // U+00AB
    { 11, 7, 226, 2, 10, 20, 462 }, // U+00AC
    { 7, 3, 124, 1, 9, 6, 482 }, // U+00AD
    { 19, 19, 338, 1, 19, 91, 488 }, // U+00AE
    { 12, 2, 184, 0, 21, 6, 579 }, // U+00AF
    { 8, 8, 160, 1, 18, 16, 585 }, // U+00B0
    { 11, 15, 226, 2, 15, 42, 601 }, // U+00B1
    { 8, 12, 160, 1, 22, 24, 643 }, // U+00B2
    { 9, 13, 160, 0, 22, 30, 667 }, // U+00B3
    { 7, 4, 134, 1, 19, 7, 697 }, // U+00B4
    { 14, 20, 266, 2, 14, 70, 704 }, // U+00B5
    { 14, 23, 251, 0, 19, 81, 774 }, // U+00B6
    { 4, 4, 118, 2, 11, 4, 855 }, // U+00B7
    { 6, 7, 133, 1, 1, 11, 859 }, // U+00B8
    { 8, 12, 160, 1, 21, 24, 870 }, // U+00B9
    { 9, 9, 175, 1, 19, 21, 894 }, // U+00BA
    { 11, 10, 222, 1, 12, 28, 915 }, // U+00BB
    { 21, 20, 336, 0, 19, 105, 943 }, // U+00BC
    { 21, 18, 336, 0, 18, 95, 1048 }, // U+00BD
    { 20, 20, 336, 0, 19, 100, 1143 }, // U+00BE
    { 12, 19, 220, 1, 14, 57, 1243 }, // U+00BF
    { 19, 24, 301, 1, 24, 114, 1300 }, // U+00C0
    { 19, 24, 301, 1, 24, 114, 1414 }, // U+00C1
    { 19, 24, 301, 1, 24, 114, 1528 }, // U+00C2
    { 19, 24, 301, 1, 24, 114, 1642 }, // U+00C3
    { 19, 23, 301, 1, 23, 110, 1756 }, // U+00C4
    { 19, 23, 301, 1, 23, 110, 1866 }, // U+00C5
    { 24, 18, 397, 0, 18, 108, 1976 }, // U+00C6
    { 15, 24, 268, 1, 18, 90, 2084 }, // U+00C7
    { 16, 24, 261, 0, 24, 96, 2174 }, // U+00C8
    { 16, 24, 261, 0, 24, 96, 2270 }, // U+00C9
    { 16, 24, 261, 0, 24, 96, 2366 }, // U+00CA
    { 16, 23, 261, 0, 23, 92, 2462 }, // U+00CB
    { 10, 24, 160, 0, 24, 60, 2554 }, // U+00CC
    { 10, 24, 160, 1, 24, 60, 2614 }, // U+00CD
    { 11, 24, 160, 0, 24, 66, 2674 }, // U+00CE
    { 9, 23, 160, 1, 23, 52, 2740 }, // U+00CF
    { 17, 18, 307, 1, 18, 77, 2792 }, // U+00D0
    { 19, 24, 315, 1, 24, 114, 2869 }, // U+00D1
    { 17, 24, 315, 1, 24, 102, 2983 }, // U+00D2
    { 17, 24, 315, 1, 24, 102, 3085 }, // U+00D3
    { 17, 24, 315, 1, 24, 102, 3187 }, // U+00D4
    { 17, 24, 315, 1, 24, 102, 3289 }, // U+00D5
    { 17, 24, 315, 1, 24, 102, 3391 }, // U+00D6
    { 12, 12, 226, 1, 15, 36, 3493 }, // U+00D7
    { 17, 20, 315, 1, 19, 85, 3529 }, // U+00D8
    { 18, 24, 299, 1, 24, 108, 3614 }, // U+00D9
    { 18, 24, 299, 1, 24, 108, 3722 }, // U+00DA
    { 18, 24, 299, 1, 24, 108, 3830 }, // U+00DB
    { 18, 24, 299, 1, 24, 108, 3938 }, // U+00DC
    { 18, 24, 277, 0, 24, 108, 4046 }, // U+00DD
    { 14, 18, 255, 1, 18, 63, 4154 }, // U+00DE
    { 17, 19, 282, 0, 19, 81, 4217 }, // U+00DF
    { 14, 19, 240, 1, 19, 67, 4298 }, // U+00E0
    { 14, 19, 240, 1, 19, 67, 4365 }, // U+00E1
    { 14, 19, 240, 1, 19, 67, 4432 }, // U+00E2
    { 14, 19, 240, 1, 19, 67, 4499 }, // U+00E3
    { 14, 19, 240, 1, 19, 67, 4566 }, // U+00E4
    { 14, 21, 240, 1, 21, 74, 4633 }, // U+00E5
    { 20, 14, 350, 1, 14, 70, 4707 }, // U+00E6
    { 11, 20, 211, 1, 14, 55, 4777 }, // U+00E7
    { 12, 19, 229, 1, 19, 57, 4832 }, // U+00E8
    { 12, 19, 229, 1, 19, 57, 4889 }, // U+00E9
    { 12, 19, 229, 1, 19, 57, 4946 }, // U+00EA
    { 12, 19, 229, 1, 19, 57, 5003 }, // U+00EB
    { 9, 19, 141, 0, 19, 43, 5060 }, // U+00EC
    { 9, 19, 141, 1, 19, 43, 5103 }, // U+00ED
    { 10, 19, 141, 0, 19, 48, 5146 }, // U+00EE
    { 9, 19, 141, 0, 19, 43, 5194 }, // U+00EF
    { 13, 21, 246, 1, 21, 69, 5237 }, // U+00F0
    { 16, 19, 267, 1, 19, 76, 5306 }, // U+00F1
    { 13, 19, 246, 1, 19, 62, 5382 }, // U+00F2
    { 13, 19, 246, 1, 19, 62, 5444 }, // U+00F3
    { 13, 19, 246, 1, 19, 62, 5506 }, // U+00F4
    { 13, 19, 246, 1, 19, 62, 5568 }, // U+00F5
    { 13, 19, 246, 1, 19, 62, 5630 }, // U+00F6
    { 11, 13, 226, 2, 16, 36, 5692 }, // U+00F7
    { 13, 16, 246, 1, 15, 52, 5728 }, // U+00F8
    { 16, 19, 267, 0, 19, 76, 5780 }, // U+00F9
    { 16, 19, 267, 0, 19, 76, 5856 }, // U+00FA
    { 16, 19, 267, 0, 19, 76, 5932 }, // U+00FB
    { 16, 19, 267, 0, 19, 76, 6008 }, // U+00FC
    { 15, 25, 232, 0, 19, 94, 6084 }, // U+00FD
    { 15, 25, 258, 1, 19, 94, 6178 }, // U+00FE
    { 15, 25, 232, 0, 19, 94, 6272 }, // U+00FF
    { 19, 22, 301, 1, 22, 105, 0 }, // U+0100
    { 14, 18, 240, 1, 18, 63, 105 }, // U+0101
    { 19, 24, 301, 1, 24, 114, 168 }, // U+0102
    { 14, 19, 240, 1, 19, 67, 282 }, // U+0103
    { 19, 24, 301, 1, 18, 114, 349 }, // U+0104
    { 14, 20, 240, 1, 14, 70, 463 }, // U+0105
    { 15, 24, 268, 1, 24, 90, 533 }, // U+0106
    { 11, 19, 211, 1, 19, 53, 623 }, // U+0107
    { 15, 24, 268, 1, 24, 90, 676 }, // U+0108
    { 11, 19, 211, 1, 19, 53, 766 }, // U+0109
    { 15, 24, 268, 1, 24, 90, 819 }, // U+010A
    { 11, 19, 211, 1, 19, 53, 909 }, // U+010B
    { 15, 24, 268, 1, 24, 90, 962 }, // U+010C
    { 11, 19, 211, 1, 19, 53, 1052 }, // U+010D
    { 18, 24, 307, 0, 24, 108, 1105 }, // U+010E
    { 19, 19, 260, 1, 19, 91, 1213 }, // U+010F
    { 17, 18, 307, 1, 18, 77, 1304 }, // U+0110
    { 15, 19, 260, 1, 19, 72, 1381 }, // U+0111
    { 16, 22, 261, 0, 22, 88, 1453 }, // U+0112
    { 12, 18, 229, 1, 18, 54, 1541 }, // U+0113
    { 16, 24, 261, 0, 24, 96, 1595 }, // U+0114
    { 12, 19, 229, 1, 19, 57, 1691 }, // U+0115
    { 16, 24, 261, 0, 24, 96, 1748 }, // U+0116
    { 12, 19, 229, 1, 19, 57, 1844 }, // U+0117
    { 16, 24, 261, 0, 18, 96, 1901 }, // U+0118
    { 12, 20, 228, 1, 14, 60, 1997 }, // U+0119
    { 16, 24, 261, 0, 24, 96, 2057 }, // U+011A
    { 12, 19, 229, 1, 19, 57, 2153 }, // U+011B
    { 17, 24, 308, 1, 24, 102, 2210 }, // U+011C
    { 14, 25, 224, 1, 19, 88, 2312 }, // U+011D
    { 17, 24, 308, 1, 24, 102, 2400 }, // U+011E
    { 14, 25, 224, 1, 19, 88, 2502 }, // U+011F
    { 17, 24, 308, 1, 24, 102, 2590 }, // U+0120
    { 14, 25, 224, 1, 19, 88, 2692 }, // U+0121
    { 17, 24, 308, 1, 18, 102, 2780 }, // U+0122
    { 14, 25, 224, 1, 19, 88, 2882 }, // U+0123
    { 19, 24, 328, 1, 24, 114, 2970 }, // U+0124
    { 17, 25, 267, -1, 25, 107, 3084 }, // U+0125
    { 19, 18, 328, 1, 18, 86, 3191 }, // U+0126
    { 16, 19, 267, 1, 19, 76, 3277 }, // U+0127
    { 10, 24, 160, 0, 24, 60, 3353 }, // U+0128
    { 10, 19, 141, -1, 19, 48, 3413 }, // U+0129
    { 9, 22, 160, 1, 22, 50, 3461 }, // U+012A
    { 8, 17, 141, 1, 17, 34, 3511 }, // U+012B
    { 9, 24, 160, 1, 24, 54, 3545 }, // U+012C
    { 8, 19, 141, 1, 19, 38, 3599 }, // U+012D
    { 9, 24, 160, 1, 18, 54, 3637 }, // U+012E
    { 8, 25, 141, 1, 19, 50, 3691 }, // U+012F
    { 9, 24, 160, 1, 24, 54, 3741 }, // U+0130
    { 8, 14, 141, 1, 14, 28, 3795 }, // U+0131
    { 19, 24, 319, 1, 18, 114, 3823 }, // U+0132
    { 15, 25, 279, 1, 19, 94, 3937 }, // U+0133
    { 11, 30, 158, 0, 24, 83, 4031 }, // U+0134
    { 10, 25, 138, -1, 19, 63, 4114 }, // U+0135
    { 18, 24, 294, 1, 18, 108, 4177 }, // U+0136
    { 15, 25, 255, 1, 19, 94, 4285 }, // U+0137
    { 15, 14, 255, 1, 14, 53, 4379 }, // U+0138
    { 15, 24, 262, 1, 24, 90, 4432 }, // U+0139
    { 9, 25, 141, 1, 25, 57, 4522 }, // U+013A
    { 15, 24, 262, 1, 18, 90, 4579 }, // U+013B
    { 8, 25, 141, 1, 19, 50, 4669 }, // U+013C
    { 15, 18, 262, 1, 18, 68, 4719 }, // U+013D
    { 12, 19, 141, 1, 19, 57, 4787 }, // U+013E
    { 15, 18, 262, 1, 18, 68, 4844 }, // U+013F
    { 12, 19, 188, 1, 19, 57, 4912 }, // U+0140
    { 15, 18, 262, 1, 18, 68, 4969 }, // U+0141
    { 8, 19, 141, 1, 19, 38, 5037 }, // U+0142
    { 19, 24, 315, 1, 24, 114, 5075 }, // U+0143
    { 16, 19, 267, 1, 19, 76, 5189 }, // U+0144
    { 19, 24, 315, 1, 18, 114, 5265 }, // U+0145
    { 16, 20, 267, 1, 14, 80, 5379 }, // U+0146
    { 19, 24, 315, 1, 24, 114, 5459 }, // U+0147
    { 16, 19, 267, 1, 19, 76, 5573 }, // U+0148
    { 21, 18, 342, 0, 18, 95, 5649 }, // U+0149
    { 19, 24, 315, 1, 18, 114, 5744 }, // U+014A
    { 14, 20, 267, 1, 14, 70, 5858 }, // U+014B
    { 17, 22, 315, 1, 22, 94, 5928 }, // U+014C
    { 13, 18, 246, 1, 18, 59, 6022 }, // U+014D
    { 17, 24, 315, 1, 24, 102, 6081 }, // U+014E
    { 13, 19, 246, 1, 19, 62, 6183 }, // U+014F
    { 17, 24, 315, 1, 24, 102, 6245 }, // U+0150
    { 13, 19, 246, 1, 19, 62, 6347 }, // U+0151
    { 23, 18, 408, 1, 18, 104, 6409 }, // U+0152
    { 21, 14, 374, 1, 14, 74, 6513 }, // U+0153
    { 18, 24, 285, 1, 24, 108, 6587 }, // U+0154
    { 12, 19, 209, 1, 19, 57, 6695 }, // U+0155
    { 18, 24, 285, 1, 18, 108, 6752 }, // U+0156
    { 12, 20, 209, 1, 14, 60, 6860 }, // U+0157
    { 18, 24, 285, 1, 24, 108, 6920 }, // U+0158
    { 12, 19, 209, 1, 19, 57, 7028 }, // U+0159
    { 14, 24, 232, 0, 24, 84, 7085 }, // U+015A
    { 11, 19, 192, 1, 19, 53, 7169 }, // U+015B
    { 14, 24, 232, 0, 24, 84, 7222 }, // U+015C
    { 11, 19, 192, 1, 19, 53, 7306 }, // U+015D
    { 14, 24, 232, 0, 18, 84, 7359 }, // U+015E
    { 11, 20, 192, 1, 14, 55, 7443 }, // U+015F
    { 14, 24, 232, 0, 24, 84, 7498 }, // U+0160
    { 11, 19, 192, 1, 19, 53, 7582 }, // U+0161
    { 17, 24, 261, 0, 18, 102, 7635 }, // U+0162
    { 9, 23, 162, 1, 17, 52, 7737 }, // U+0163
    { 17, 24, 261, 0, 24, 102, 7789 }, // U+0164
    { 12, 19, 162, 1, 19, 57, 7891 }, // U+0165
    { 17, 18, 261, 0, 18, 77, 7948 }, // U+0166
    { 9, 17, 162, 1, 17, 39, 8025 }, // U+0167
    { 18, 24, 299, 1, 24, 108, 8064 }, // U+0168
    { 16, 19, 267, 0, 19, 76, 8172 }, // U+0169
    { 18, 22, 299, 1, 22, 99, 8248 }, // U+016A
    { 16, 18, 267, 0, 18, 72, 8347 }, // U+016B
    { 18, 24, 299, 1, 24, 108, 8419 }, // U+016C
    { 16, 19, 267, 0, 19, 76, 8527 }, // U+016D
    { 18, 26, 299, 1, 26, 117, 8603 }, // U+016E
    { 16, 21, 267, 0, 21, 84, 8720 }, // U+016F
    { 18, 24, 299, 1, 24, 108, 8804 }, // U+0170
    { 16, 19, 267, 0, 19, 76, 8912 }, // U+0171
    { 18, 24, 303, 1, 18, 108, 8988 }, // U+0172
    { 16, 20, 267, 0, 14, 80, 9096 }, // U+0173
    { 27, 24, 427, 0, 24, 162, 9176 }, // U+0174
    { 22, 19, 342, -1, 19, 105, 9338 }, // U+0175
    { 18, 24, 277, 0, 24, 108, 9443 }, // U+0176
    { 15, 25, 232, 0, 19, 94, 9551 }, // U+0177
    { 18, 23, 277, 0, 23, 104, 9645 }, // U+0178
    { 14, 24, 267, 1, 24, 84, 9749 }, // U+0179
    { 12, 19, 212, 1, 19, 57, 9833 }, // U+017A
    { 14, 24, 267, 1, 24, 84, 9890 }, // U+017B
    { 12, 19, 212, 1, 19, 57, 9974 }, // U+017C
    { 14, 24, 267, 1, 24, 84, 10031 }, // U+017D
    { 12, 19, 212, 1, 19, 57, 10115 }, // U+017E
    { 12, 19, 157, 1, 19, 57, 10172 }, // U+017F
    { 20, 19, 337, 1, 19, 95, 0 }, // U+01A0
    { 16, 17, 268, 1, 17, 68, 95 }, // U+01A1
    { 21, 19, 341, 1, 19, 100, 163 }, // U+01AF
    { 19, 17, 311, 0, 17, 81, 263 }, // U+01B0
    { 34, 24, 574, 0, 24, 204, 344 }, // U+01C4
    { 31, 19, 519, 0, 19, 148, 548 }, // U+01C5
    { 27, 19, 471, 1, 19, 129, 696 }, // U+01C6
    { 25, 24, 409, 1, 18, 150, 825 }, // U+01C7
    { 22, 25, 400, 1, 19, 138, 975 }, // U+01C8
    { 15, 25, 279, 1, 19, 94, 1113 }, // U+01C9
    { 29, 24, 463, 1, 18, 174, 1207 }, // U+01CA
    { 25, 25, 454, 1, 19, 157, 1381 }, // U+01CB
    { 22, 25, 405, 0, 19, 138, 1538 }, // U+01CC
    { 19, 24, 301, 1, 24, 114, 1676 }, // U+01CD
    { 14, 19, 240, 1, 19, 67, 1790 }, // U+01CE
    { 11, 24, 160, 0, 24, 66, 1857 }, // U+01CF
    { 9, 19, 141, 0, 19, 43, 1923 }, // U+01D0
    { 17, 24, 315, 1, 24, 102, 1966 }, // U+01D1
    { 13, 19, 246, 1, 19, 62, 2068 }, // U+01D2
    { 18, 24, 299, 1, 24, 108, 2130 }, // U+01D3
    { 16, 19, 267, 0, 19, 76, 2238 }, // U+01D4
    { 18, 26, 299, 1, 26, 117, 2314 }, // U+01D5
    { 16, 22, 267, 0, 22, 88, 2431 }, // U+01D6
    { 18, 28, 299, 1, 28, 126, 2519 }, // U+01D7
    { 16, 23, 267, 0, 23, 92, 2645 }, // U+01D8
    { 18, 28, 299, 1, 28, 126, 2737 }, // U+01D9
    { 16, 23, 267, 0, 23, 92, 2863 }, // U+01DA
    { 18, 28, 299, 1, 28, 126, 2955 }, // U+01DB
    { 16, 23, 267, 0, 23, 92, 3081 }, // U+01DC
    { 12, 14, 229, 1, 14, 42, 3173 }, // U+01DD
    { 19, 26, 301, 1, 26, 124, 3215 }, // U+01DE
    { 14, 22, 240, 1, 22, 77, 3339 }, // U+01DF
    { 19, 26, 301, 1, 26, 124, 3416 }, // U+01E0
    { 14, 22, 240, 1, 22, 77, 3540 }, // U+01E1
    { 24, 22, 397, 0, 22, 132, 3617 }, // U+01E2
    { 20, 18, 350, 1, 18, 90, 3749 }, // U+01E3
    { 17, 18, 308, 1, 18, 77, 3839 }, // U+01E4
    { 14, 21, 224, 1, 15, 74, 3916 }, // U+01E5
    { 17, 24, 308, 1, 24, 102, 3990 }, // U+01E6
    { 14, 25, 224, 1, 19, 88, 4092 }, // U+01E7
    { 18, 24, 294, 1, 24, 108, 4180 }, // U+01E8
    { 15, 25, 255, 1, 25, 94, 4288 }, // U+01E9
    { 17, 24, 315, 1, 18, 102, 4382 }, // U+01EA
    { 13, 20, 246, 1, 14, 65, 4484 }, // U+01EB
    { 17, 28, 315, 1, 22, 119, 4549 }, // U+01EC
    { 13, 24, 246, 1, 18, 78, 4668 }, // U+01ED
    { 13, 24, 247, 1, 24, 78, 4746 }, // U+01EE
    { 12, 25, 224, 1, 19, 75, 4824 }, // U+01EF
    { 10, 25, 138, -1, 19, 63, 4899 }, // U+01F0
    { 34, 18, 574, 0, 18, 153, 4962 }, // U+01F1
    { 31, 18, 519, 0, 18, 140, 5115 }, // U+01F2
    { 27, 19, 471, 1, 19, 129, 5255 }, // U+01F3
    { 17, 24, 308, 1, 24, 102, 5384 }, // U+01F4
    { 14, 25, 224, 1, 19, 88, 5486 }, // U+01F5
    { 28, 18, 457, 1, 18, 126, 5574 }, // U+01F6
    { 17, 24, 292, 1, 18, 102, 5700 }, // U+01F7
    { 19, 24, 315, 1, 24, 114, 5802 }, // U+01F8
    { 16, 19, 267, 1, 19, 76, 5916 }, // U+01F9
    { 19, 25, 301, 1, 25, 119, 5992 }, // U+01FA
    { 14, 25, 240, 1, 25, 88, 6111 }, // U+01FB
    { 24, 24, 397, 0, 24, 144, 6199 }, // U+01FC
    { 20, 19, 350, 1, 19, 95, 6343 }, // U+01FD
    { 17, 25, 315, 1, 24, 107, 6438 }, // U+01FE
    { 13, 20, 246, 1, 19, 65, 6545 }, // U+01FF
    { 19, 24, 301, 1, 24, 114, 6610 }, // U+0200
    { 14, 19, 240, 1, 19, 67, 6724 }, // U+0201
    { 19, 24, 301, 1, 24, 114, 6791 }, // U+0202
    { 14, 19, 240, 1, 19, 67, 6905 }, // U+0203
    { 16, 24, 261, 0, 24, 96, 6972 }, // U+0204
    { 13, 19, 229, 0, 19, 62, 7068 }, // U+0205
    { 16, 24, 261, 0, 24, 96, 7130 }, // U+0206
    { 12, 19, 229, 1, 19, 57, 7226 }, // U+0207
    { 12, 24, 160, -2, 24, 72, 7283 }, // U+0208
    { 11, 19, 141, -2, 19, 53, 7355 }, // U+0209
    { 9, 24, 160, 1, 24, 54, 7408 }, // U+020A
    { 8, 19, 141, 1, 19, 38, 7462 }, // U+020B
    { 17, 24, 315, 1, 24, 102, 7500 }, // U+020C
    { 13, 19, 246, 1, 19, 62, 7602 }, // U+020D
    { 17, 24, 315, 1, 24, 102, 7664 }, // U+020E
    { 13, 19, 246, 1, 19, 62, 7766 }, // U+020F
    { 18, 24, 283, 1, 24, 108, 7828 }, // U+0210
    { 12, 19, 209, 1, 19, 57, 7936 }, // U+0211
    { 18, 24, 283, 1, 24, 108, 7993 }, // U+0212
    { 12, 19, 209, 1, 19, 57, 8101 }, // U+0213
    { 18, 24, 299, 1, 24, 108, 8158 }, // U+0214
    { 16, 19, 267, 0, 19, 76, 8266 }, // U+0215
    { 18, 24, 299, 1, 24, 108, 8342 }, // U+0216
    { 16, 19, 267, 0, 19, 76, 8450 }, // U+0217
    { 14, 24, 232, 0, 18, 84, 8526 }, // U+0218
    { 11, 20, 192, 1, 14, 55, 8610 }, // U+0219
    { 17, 24, 261, 0, 18, 102, 8665 }, // U+021A
    { 9, 23, 162, 1, 17, 52, 8767 }, // U+021B
    { 14, 23, 246, 1, 18, 81, 8819 }, // U+021C
    { 11, 21, 216, 1, 14, 58, 8900 }, // U+021D
    { 19, 24, 328, 1, 24, 114, 8958 }, // U+021E
    { 17, 25, 267, -1, 25, 107, 9072 }, // U+021F
    { 7, 4, 0, -12, 19, 7, 0 }, // U+0300
    { 8, 4, 0, -9, 19, 8, 7 }, // U+0301
    { 10, 4, 0, -12, 19, 10, 15 }, // U+0302
    { 10, 4, 0, -13, 19, 10, 25 }, // U+0303
    { 7, 2, 0, -4, 17, 4, 35 }, // U+0304
    { 12, 2, 0, -6, 21, 6, 39 }, // U+0305
    { 8, 4, 0, -4, 19, 8, 45 }, // U+0306
    { 4, 4, 0, -2, 20, 4, 53 }, // U+0307
    { 8, 3, 0, -4, 19, 6, 57 }, // U+0308
    { 7, 7, 0, -11, 22, 13, 63 }, // U+0309
    { 6, 6, 0, -3, 21, 9, 76 }, // U+030A
    { 12, 4, 0, -6, 19, 12, 85 }, // U+030B
    { 10, 4, 0, -13, 19, 10, 97 }, // U+030C
    { 2, 4, 0, -1, 19, 2, 107 }, // U+030D
    { 6, 4, 0, -3, 19, 6, 109 }, // U+030E
    { 11, 4, 0, -14, 19, 11, 115 }, // U+030F
    { 8, 7, 0, -4, 22, 14, 126 }, // U+0310
    { 8, 5, 0, -4, 20, 10, 140 }, // U+0311
    { 5, 8, 0, -2, 18, 10, 150 }, // U+0312
    { 5, 8, 0, -3, 18, 10, 160 }, // U+0313
    { 5, 8, 0, -2, 18, 10, 170 }, // U+0314
    { 5, 8, 0, -3, 18, 10, 180 }, // U+0315
    { 8, 4, 0, -4, -2, 8, 190 }, // U+0316
    { 8, 4, 0, -4, -2, 8, 198 }, // U+0317
    { 4, 4, 0, -2, -1, 4, 206 }, // U+0318
    { 5, 4, 0, -3, -1, 5, 210 }, // U+0319
    { 7, 7, 148, 0, 19, 13, 215 }, // U+031A
    { 5, 6, 0, -3, 20, 8, 228 }, // U+031B
    { 3, 6, 0, -1, 0, 5, 236 }, // U+031C
    { 5, 5, 0, -2, -1, 7, 241 }, // U+031D
    { 5, 5, 0, -2, -1, 7, 248 }, // U+031E
    { 5, 5, 0, -2, -1, 7, 255 }, // U+031F
    { 5, 2, 0, -3, -2, 3, 262 }, // U+0320
    { 6, 6, 0, -3, 1, 9, 265 }, // U+0321
    { 5, 6, 0, -2, 1, 8, 274 }, // U+0322
    { 4, 4, 0, -9, -1, 4, 282 }, // U+0323
    { 8, 3, 0, -4, -2, 6, 286 }, // U+0324
    { 6, 6, 0, -3, 0, 9, 292 }, // U+0325
    { 4, 4, 0, -2, -2, 4, 301 }, // U+0326
    { 6, 7, 0, -3, 1, 11, 305 }, // U+0327
    { 6, 6, 0, -3, 0, 9, 316 }, // U+0328
    { 2, 4, 0, -1, -2, 2, 325 }, // U+0329
    { 10, 5, 0, -5, -1, 13, 327 }, // U+032A
    { 8, 3, 0, -4, -2, 6, 340 }, // U+032B
    { 10, 4, 0, -5, -1, 10, 346 }, // U+032C
    { 10, 4, 0, -5, -2, 10, 356 }, // U+032D
    { 8, 4, 0, -4, -1, 8, 366 }, // U+032E
    { 8, 5, 0, -4, -1, 10, 374 }, // U+032F
    { 10, 4, 0, -5, -1, 10, 384 }, // U+0330
    { 7, 2, 0, -4, -2, 4, 394 }, // U+0331
    { 11, 2, 0, -5, -2, 6, 398 }, // U+0332
    { 11, 5, 0, -5, -1, 14, 404 }, // U+0333
    { 10, 4, 0, -5, 9, 10, 418 }, // U+0334
    { 10, 2, 0, -5, 8, 5, 428 }, // U+0335
    { 16, 2, 0, -8, 8, 8, 433 }, // U+0336
    { 10, 7, 0, -5, 11, 18, 441 }, // U+0337
    { 11, 23, 0, -6, 20, 64, 459 }, // U+0338
    { 4, 6, 0, -2, 0, 6, 523 }, // U+0339
    { 10, 4, 0, -5, -2, 10, 529 }, // U+033A
    { 10, 5, 0, -5, -1, 13, 539 }, // U+033B
    { 8, 4, 0, -4, -1, 8, 552 }, // U+033C
    { 6, 6, 0, -3, 20, 9, 560 }, // U+033D
    { 3, 8, 0, -1, 23, 6, 569 }, // U+033E
    { 11, 5, 0, -5, 24, 14, 575 }, // U+033F
    { 7, 4, 0, -4, 19, 7, 589 }, // U+0340
    { 7, 4, 0, -3, 19, 7, 596 }, // U+0341
    { 10, 4, 0, -5, 19, 10, 603 }, // U+0342
    { 5, 6, 0, -3, 20, 8, 613 }, // U+0343
    { 10, 6, 0, -5, 20, 15, 621 }, // U+0344
    { 6, 4, 0, 2, -2, 6, 636 }, // U+0345
    { 10, 5, 0, -5, 20, 13, 642 }, // U+0346
    { 11, 5, 0, -5, -1, 14, 655 }, // U+0347
    { 6, 4, 0, -3, -2, 6, 669 }, // U+0348
    { 5, 5, 0, -3, -2, 7, 675 }, // U+0349
    { 10, 8, 0, -5, 22, 20, 682 }, // U+034A
    { 10, 10, 0, -5, 25, 25, 702 }, // U+034B
    { 10, 9, 0, -5, 24, 23, 727 }, // U+034C
    { 9, 6, 0, -4, 0, 14, 750 }, // U+034D
    { 6, 6, 0, -3, 0, 9, 764 }, // U+034E
    { 19, 19, 0, -10, 18, 91, 773 }, // U+034F
    { 5, 5, 0, -2, 20, 7, 864 }, // U+0350
    { 3, 6, 0, -1, 21, 5, 871 }, // U+0351
    { 8, 7, 0, -4, 22, 14, 876 }, // U+0352
    { 6, 6, 0, -3, -1, 9, 890 }, // U+0353
    { 5, 5, 0, -2, -1, 7, 899 }, // U+0354
    { 5, 5, 0, -2, -1, 7, 906 }, // U+0355
    { 10, 5, 0, -5, -1, 13, 913 }, // U+0356
    { 4, 6, 0, -2, 21, 6, 926 }, // U+0357
    { 4, 4, 0, 2, 20, 4, 932 }, // U+0358
    { 8, 5, 0, -4, -1, 10, 936 }, // U+0359
    { 11, 5, 0, -5, -1, 14, 946 }, // U+035A
    { 6, 5, 0, -3, 20, 8, 960 }, // U+035B
    { 20, 5, 0, -10, 0, 25, 968 }, // U+035C
    { 20, 5, 0, -10, 20, 25, 993 }, // U+035D
    { 15, 2, 0, -7, 18, 8, 1018 }, // U+035E
    { 15, 2, 0, -7, -2, 8, 1026 }, // U+035F
    { 22, 4, 0, -11, 20, 22, 1034 }, // U+0360
    { 22, 5, 0, -11, 21, 28, 1056 }, // U+0361
    { 15, 6, 0, -7, 0, 23, 1084 }, // U+0362
    { 6, 6, 0, -3, 22, 9, 1107 }, // U+0363
    { 6, 6, 0, -2, 22, 9, 1116 }, // U+0364
    { 4, 8, 0, -2, 24, 8, 1125 }, // U+0365
    { 6, 6, 0, -3, 22, 9, 1133 }, // U+0366
    { 7, 6, 0, -3, 22, 11, 1142 }, // U+0367
    { 6, 6, 0, -2, 22, 9, 1153 }, // U+0368
    { 7, 9, 0, -3, 25, 16, 1162 }, // U+0369
    { 7, 9, 0, -3, 25, 16, 1178 }, // U+036A
    { 10, 6, 0, -5, 22, 15, 1194 }, // U+036B
    { 6, 6, 0, -2, 22, 9, 1209 }, // U+036C
    { 5, 8, 0, -2, 24, 10, 1218 }, // U+036D
    { 8, 6, 0, -4, 22, 12, 1228 }, // U+036E
    { 8, 6, 0, -4, 22, 12, 1240 }, // U+036F
    { 16, 24, 261, 0, 24, 96, 0 }, // U+0400
    { 15, 23, 261, 0, 23, 87, 96 }, // U+0401
    { 20, 18, 329, 0, 18, 90, 183 }, // U+0402
    { 14, 24, 238, 1, 24, 84, 273 }, // U+0403
    { 15, 18, 263, 1, 18, 68, 357 }, // U+0404
    { 13, 18, 233, 0, 18, 59, 425 }, // U+0405
    { 8, 18, 158, 1, 18, 36, 484 }, // U+0406
    { 8, 23, 158, 1, 23, 46, 520 }, // U+0407
    { 10, 24, 158, 0, 18, 60, 566 }, // U+0408
    { 24, 18, 389, 0, 18, 108, 626 }, // U+0409
    { 24, 18, 413, 1, 18, 108, 734 }, // U+040A
    { 23, 18, 355, 0, 18, 104, 842 }, // U+040B
    { 18, 24, 292, 1, 24, 108, 946 }, // U+040C
    { 19, 24, 329, 1, 24, 114, 1054 }, // U+040D
    { 18, 24, 280, 0, 24, 108, 1168 }, // U+040E
    { 18, 23, 322, 1, 18, 104, 1276 }, // U+040F
    { 19, 18, 300, 0, 18, 86, 1380 }, // U+0410
    { 15, 18, 255, 0, 18, 68, 1466 }, // U+0411
    { 15, 18, 277, 1, 18, 68, 1534 }, // U+0412
    { 14, 18, 238, 1, 18, 63, 1602 }, // U+0413
    { 18, 23, 301, 1, 18, 104, 1665 }, // U+0414
    { 16, 18, 261, 0, 18, 72, 1769 }, // U+0415
    { 27, 18, 414, 0, 18, 122, 1841 }, // U+0416
    { 14, 18, 248, 1, 18, 63, 1963 }, // U+0417
    { 19, 18, 329, 1, 18, 86, 2026 }, // U+0418
    { 19, 24, 329, 1, 24, 114, 2112 }, // U+0419
    { 18, 18, 292, 1, 18, 81, 2226 }, // U+041A
    { 19, 18, 300, 0, 18, 86, 2307 }, // U+041B
    { 23, 18, 388, 1, 18, 104, 2393 }, // U+041C
    { 19, 18, 325, 1, 18, 86, 2497 }, // U+041D
    { 17, 18, 309, 1, 18, 77, 2583 }, // U+041E
    { 18, 18, 322, 1, 18, 81, 2660 }, // U+041F
    { 14, 18, 255, 1, 18, 63, 2741 }, // U+0420
    { 15, 18, 263, 1, 18, 68, 2804 }, // U+0421
    { 16, 18, 269, 0, 18, 72, 2872 }, // U+0422
    { 18, 18, 280, 0, 18, 81, 2944 }, // U+0423
    { 22, 18, 378, 1, 18, 99, 3025 }, // U+0424
    { 18, 18, 293, 0, 18, 81, 3124 }, // U+0425
    { 18, 23, 323, 1, 18, 104, 3205 }, // U+0426
    { 19, 18, 314, 1, 18, 86, 3309 }, // U+0427
    { 28, 18, 456, 1, 18, 126, 3395 }, // U+0428
    { 28, 24, 458, 1, 18, 168, 3521 }, // U+0429
    { 17, 18, 296, 1, 18, 77, 3689 }, // U+042A
    { 23, 18, 394, 1, 18, 104, 3766 }, // U+042B
    { 14, 18, 255, 1, 18, 63, 3870 }, // U+042C
    { 14, 18, 263, 1, 18, 63, 3933 }, // U+042D
    { 25, 18, 432, 1, 18, 113, 3996 }, // U+042E
    { 17, 18, 280, 0, 18, 77, 4109 }, // U+042F
    { 14, 14, 237, 1, 14, 49, 4186 }, // U+0430
    { 13, 20, 242, 1, 20, 65, 4235 }, // U+0431
    { 14, 14, 242, 1, 14, 49, 4300 }, // U+0432
    { 12, 14, 201, 1, 14, 42, 4349 }, // U+0433
    { 15, 19, 250, 1, 14, 72, 4391 }, // U+0434
    { 12, 14, 226, 1, 14, 42, 4463 }, // U+0435
    { 23, 14, 353, 0, 14, 81, 4505 }, // U+0436
    { 11, 14, 203, 1, 14, 39, 4586 }, // U+0437
    { 16, 14, 272, 1, 14, 56, 4625 }, // U+0438
    { 16, 20, 272, 1, 20, 80, 4681 }, // U+0439
    { 16, 14, 248, 1, 14, 56, 4761 }, // U+043A
    { 15, 14, 250, 0, 14, 53, 4817 }, // U+043B
    { 21, 14, 341, 1, 14, 74, 4870 }, // U+043C
    { 16, 14, 270, 1, 14, 56, 4944 }, // U+043D
    { 13, 14, 242, 1, 14, 46, 5000 }, // U+043E
    { 16, 14, 266, 1, 14, 56, 5046 }, // U+043F
    { 15, 20, 258, 1, 14, 75, 5102 }, // U+0440
    { 12, 14, 209, 1, 14, 42, 5177 }, // U+0441
    { 14, 14, 222, 0, 14, 49, 5219 }, // U+0442
    { 15, 20, 242, 0, 14, 75, 5268 }, // U+0443
    { 19, 27, 324, 1, 21, 129, 5343 }, // U+0444
    { 16, 14, 259, 1, 14, 56, 5472 }, // U+0445
    { 16, 19, 268, 1, 14, 76, 5528 }, // U+0446
    { 16, 14, 264, 1, 14, 56, 5604 }, // U+0447
    { 23, 14, 379, 1, 14, 81, 5660 }, // U+0448
    { 23, 19, 381, 1, 14, 110, 5741 }, // U+0449
    { 16, 14, 265, 0, 14, 56, 5851 }, // U+044A
    { 21, 14, 350, 1, 14, 74, 5907 }, // U+044B
    { 13, 14, 228, 1, 14, 46, 5981 }, // U+044C
    { 11, 14, 210, 1, 14, 39, 6027 }, // U+044D
    { 20, 14, 345, 1, 14, 70, 6066 }, // U+044E
    { 16, 14, 244, -1, 14, 56, 6136 }, // U+044F
    { 12, 20, 226, 1, 20, 60, 6192 }, // U+0450
    { 12, 19, 226, 1, 19, 57, 6252 }, // U+0451
    { 14, 26, 252, 1, 20, 91, 6309 }, // U+0452
    { 12, 20, 202, 1, 20, 60, 6400 }, // U+0453
    { 12, 14, 209, 1, 14, 42, 6460 }, // U+0454
    { 11, 14, 192, 1, 14, 39, 6502 }, // U+0455
    { 8, 20, 141, 1, 20, 40, 6541 }, // U+0456
    { 8, 20, 141, 1, 20, 40, 6581 }, // U+0457
    { 7, 26, 133, -1, 20, 46, 6621 }, // U+0458
    { 20, 14, 334, 0, 14, 70, 6667 }, // U+0459
    { 21, 14, 353, 1, 14, 74, 6737 }, // U+045A
    { 16, 20, 264, 1, 20, 80, 6811 }, // U+045B
    { 16, 20, 250, 1, 20, 80, 6891 }, // U+045C
    { 16, 20, 272, 1, 20, 80, 6971 }, // U+045D
    { 15, 26, 242, -1, 20, 98, 7051 }, // U+045E
    { 16, 18, 266, 1, 14, 72, 7149 }, // U+045F
    { 26, 18, 411, -1, 18, 117, 7221 }, // U+0460
    { 23, 14, 359, -1, 14, 81, 7338 }, // U+0461
    { 18, 18, 286, 0, 18, 81, 7419 }, // U+0462
    { 14, 20, 241, 1, 20, 70, 7500 }, // U+0463
    { 24, 18, 413, 1, 18, 108, 7570 }, // U+0464
    { 20, 14, 343, 1, 14, 70, 7678 }, // U+0465
    { 20, 18, 317, 1, 18, 90, 7748 }, // U+0466
    { 17, 14, 267, 0, 14, 60, 7838 }, // U+0467
    { 29, 18, 468, 1, 18, 131, 7898 }, // U+0468
    { 24, 14, 384, 1, 14, 84, 8029 }, // U+0469
    { 23, 18, 368, 0, 18, 104, 8113 }, // U+046A
    { 21, 14, 318, -1, 14, 74, 8217 }, // U+046B
    { 32, 18, 520, 1, 18, 144, 8291 }, // U+046C
    { 28, 14, 438, 1, 14, 98, 8435 }, // U+046D
    { 13, 28, 247, 2, 22, 91, 8533 }, // U+046E
    { 11, 23, 212, 1, 17, 64, 8624 }, // U+046F
    { 25, 18, 391, -1, 18, 113, 8688 }, // U+0470
    { 16, 26, 283, 1, 20, 104, 8801 }, // U+0471
    { 17, 18, 315, 1, 18, 77, 8905 }, // U+0472
    { 13, 14, 248, 1, 14, 46, 8982 }, // U+0473
    { 19, 18, 297, 0, 18, 86, 9028 }, // U+0474
    { 16, 14, 256, 0, 14, 56, 9114 }, // U+0475
    { 19, 24, 297, 0, 24, 114, 9170 }, // U+0476
    { 16, 20, 256, 0, 20, 80, 9284 }, // U+0477
    { 32, 24, 521, 1, 18, 192, 9364 }, // U+0478
    { 27, 20, 450, 1, 14, 135, 9556 }, // U+0479
    { 18, 21, 331, 1, 19, 95, 9691 }, // U+047A
    { 14, 17, 257, 1, 16, 60, 9786 }, // U+047B
    { 25, 28, 450, 1, 28, 175, 9846 }, // U+047C
    { 22, 24, 386, 1, 24, 132, 10021 }, // U+047D
    { 25, 23, 411, -1, 23, 144, 10153 }, // U+047E
    { 22, 18, 359, 0, 18, 99, 10297 }, // U+047F
    { 15, 24, 268, 1, 18, 90, 10396 }, // U+0480
    { 11, 20, 211, 1, 14, 55, 10486 }, // U+0481
    { 13, 18, 244, 1, 17, 59, 10541 }, // U+0482
    { 9, 5, 0, -5, 19, 12, 10600 }, // U+0483
    { 10, 4, 0, -5, 20, 10, 10612 }, // U+0484
    { 3, 5, 0, -1, 20, 4, 10622 }, // U+0485
    { 3, 5, 0, -1, 20, 4, 10626 }, // U+0486
    { 12, 5, 0, -6, 24, 15, 10630 }, // U+0487
    { 31, 29, 0, -15, 22, 225, 10645 }, // U+0488
    { 30, 31, 0, -15, 23, 233, 10870 }, // U+0489
    { 20, 30, 330, 1, 24, 150, 11103 }, // U+048A
    { 16, 26, 272, 1, 20, 104, 11253 }, // U+048B
    { 15, 20, 255, 1, 20, 75, 11357 }, // U+048C
    { 14, 17, 241, 1, 17, 60, 11432 }, // U+048D
    { 14, 18, 255, 1, 18, 63, 11492 }, // U+048E
    { 15, 20, 258, 1, 14, 75, 11555 }, // U+048F
    { 13, 22, 219, 1, 22, 72, 11630 }, // U+0490
    { 11, 17, 183, 1, 17, 47, 11702 }, // U+0491
    { 14, 18, 236, 1, 18, 63, 11749 }, // U+0492
    { 12, 14, 203, 1, 14, 42, 11812 }, // U+0493
    { 16, 24, 288, 1, 18, 96, 11854 }, // U+0494
    { 14, 20, 246, 1, 14, 70, 11950 }, // U+0495
    { 28, 24, 433, -1, 18, 168, 12020 }, // U+0496
    { 24, 20, 383, 0, 14, 120, 12188 }, // U+0497
    { 14, 24, 247, 1, 18, 84, 12308 }, // U+0498
    { 11, 20, 212, 1, 14, 55, 12392 }, // U+0499
    { 18, 24, 302, 1, 18, 108, 12447 }, // U+049A
    { 16, 20, 265, 1, 14, 80, 12555 }, // U+049B
    { 19, 18, 302, 1, 18, 86, 12635 }, // U+049C
    { 17, 14, 269, 1, 14, 60, 12721 }, // U+049D
    { 18, 18, 288, 1, 18, 81, 12781 }, // U+049E
    { 17, 20, 257, 0, 20, 85, 12862 }, // U+049F
    { 21, 18, 332, 1, 18, 95, 12947 }, // U+04A0
    { 19, 14, 308, 1, 14, 67, 13042 }, // U+04A1
    { 19, 24, 328, 1, 18, 114, 13109 }, // U+04A2
    { 17, 20, 276, 1, 14, 85, 13223 }, // U+04A3
    { 22, 18, 371, 1, 18, 99, 13308 }, // U+04A4
    { 20, 14, 327, 1, 14, 70, 13407 }, // U+04A5
    { 27, 24, 451, 1, 18, 162, 13477 }, // U+04A6
    { 22, 20, 374, 1, 14, 110, 13639 }, // U+04A7
    { 19, 19, 339, 1, 18, 91, 13749 }, // U+04A8
    { 16, 15, 286, 1, 14, 60, 13840 }, // U+04A9
    { 15, 24, 268, 1, 18, 90, 13900 }, // U+04AA
    { 11, 20, 211, 1, 14, 55, 13990 }, // U+04AB
    { 16, 24, 261, 1, 18, 96, 14045 }, // U+04AC
    { 14, 20, 227, 0, 14, 70, 14141 }, // U+04AD
    { 18, 18, 277, 0, 18, 81, 14211 }, // U+04AE
    { 15, 20, 242, 0, 14, 75, 14292 }, // U+04AF
    { 18, 18, 277, 0, 18, 81, 14367 }, // U+04B0
    { 15, 20, 242, 0, 14, 75, 14448 }, // U+04B1
    { 18, 24, 301, 0, 18, 108, 14523 }, // U+04B2
    { 16, 20, 258, 1, 14, 80, 14631 }, // U+04B3
    { 24, 24, 397, 1, 18, 144, 14711 }, // U+04B4
    { 21, 20, 348, 1, 14, 105, 14855 }, // U+04B5
    { 18, 24, 312, 1, 18, 108, 14960 }, // U+04B6
    { 17, 20, 272, 1, 14, 85, 15068 }, // U+04B7
    { 19, 18, 313, 1, 18, 86, 15153 }, // U+04B8
    { 16, 14, 264, 1, 14, 56, 15239 }, // U+04B9
    { 18, 18, 312, 1, 18, 81, 15295 }, // U+04BA
    { 17, 20, 267, -1, 20, 85, 15376 }, // U+04BB
    { 20, 18, 342, 1, 18, 90, 15461 }, // U+04BC
    { 16, 14, 282, 1, 14, 56, 15551 }, // U+04BD
    { 20, 23, 342, 1, 18, 115, 15607 }, // U+04BE
    { 16, 19, 282, 1, 14, 76, 15722 }, // U+04BF
    { 9, 18, 160, 1, 18, 41, 15798 }, // U+04C0
    { 27, 24, 414, 0, 24, 162, 15839 }, // U+04C1
    { 23, 20, 353, 0, 20, 115, 16001 }, // U+04C2
    { 17, 24, 291, 1, 18, 102, 16116 }, // U+04C3
    { 15, 20, 264, 1, 14, 75, 16218 }, // U+04C4
    { 20, 23, 300, 0, 18, 115, 16293 }, // U+04C5
    { 16, 19, 250, 0, 14, 76, 16408 }, // U+04C6
    { 19, 24, 328, 1, 18, 114, 16484 }, // U+04C7
    { 18, 20, 276, 1, 14, 90, 16598 }, // U+04C8
    { 20, 24, 328, 1, 18, 120, 16688 }, // U+04C9
    { 17, 20, 270, 1, 14, 85, 16808 }, // U+04CA
    { 18, 24, 312, 1, 18, 108, 16893 }, // U+04CB
    { 16, 20, 272, 1, 14, 80, 17001 }, // U+04CC
    { 23, 24, 388, 1, 18, 138, 17081 }, // U+04CD
    { 21, 20, 341, 1, 14, 105, 17219 }, // U+04CE
    { 9, 18, 160, 1, 18, 41, 17324 }, // U+04CF
    { 19, 24, 301, 1, 24, 114, 17365 }, // U+04D0
    { 14, 20, 240, 1, 20, 70, 17479 }, // U+04D1
    { 19, 23, 301, 1, 23, 110, 17549 }, // U+04D2
    { 14, 19, 240, 1, 19, 67, 17659 }, // U+04D3
    { 24, 18, 397, 0, 18, 108, 17726 }, // U+04D4
    { 20, 14, 350, 1, 14, 70, 17834 }, // U+04D5
    { 16, 24, 261, 0, 24, 96, 17904 }, // U+04D6
    { 12, 20, 229, 1, 20, 60, 18000 }, // U+04D7
    { 15, 18, 291, 1, 18, 68, 18060 }, // U+04D8
    { 12, 14, 229, 1, 14, 42, 18128 }, // U+04D9
    { 15, 24, 291, 1, 24, 90, 18170 }, // U+04DA
    { 12, 19, 229, 1, 19, 57, 18260 }, // U+04DB
    { 27, 23, 414, 0, 23, 156, 18317 }, // U+04DC
    { 23, 19, 353, 0, 19, 110, 18473 }, // U+04DD
    { 14, 24, 251, 1, 24, 84, 18583 }, // U+04DE
    { 11, 19, 203, 1, 19, 53, 18667 }, // U+04DF
    { 13, 18, 247, 1, 18, 59, 18720 }, // U+04E0
    { 12, 20, 224, 1, 14, 60, 18779 }, // U+04E1
    { 19, 22, 329, 1, 22, 105, 18839 }, // U+04E2
    { 16, 18, 272, 1, 18, 72, 18944 }, // U+04E3
    { 19, 23, 329, 1, 23, 110, 19016 }, // U+04E4
    { 16, 19, 272, 1, 19, 76, 19126 }, // U+04E5
    { 17, 24, 315, 1, 24, 102, 19202 }, // U+04E6
    { 13, 19, 246, 1, 19, 62, 19304 }, // U+04E7
    { 17, 18, 315, 1, 18, 77, 19366 }, // U+04E8
    { 13, 14, 246, 1, 14, 46, 19443 }, // U+04E9
    { 17, 24, 315, 1, 24, 102, 19489 }, // U+04EA
    { 13, 19, 246, 1, 19, 62, 19591 }, // U+04EB
    { 14, 24, 263, 1, 24, 84, 19653 }, // U+04EC
    { 11, 19, 210, 1, 19, 53, 19737 }, // U+04ED
    { 18, 23, 280, 0, 23, 104, 19790 }, // U+04EE
    { 15, 24, 232, 0, 18, 90, 19894 }, // U+04EF
    { 18, 24, 280, 0, 24, 108, 19984 }, // U+04F0
    { 16, 25, 232, -1, 19, 100, 20092 }, // U+04F1
    { 18, 24, 280, 0, 24, 108, 20192 }, // U+04F2
    { 15, 25, 232, 0, 19, 94, 20300 }, // U+04F3
    { 18, 23, 313, 1, 23, 104, 20394 }, // U+04F4
    { 16, 19, 264, 1, 19, 76, 20498 }, // U+04F5
    { 15, 24, 236, 0, 18, 90, 20574 }, // U+04F6
    { 13, 20, 203, -1, 14, 65, 20664 }, // U+04F7
    { 23, 23, 394, 1, 23, 133, 20729 }, // U+04F8
    { 21, 19, 350, 1, 19, 100, 20862 }, // U+04F9
    { 14, 24, 236, 1, 18, 84, 20962 }, // U+04FA
    { 12, 20, 203, 1, 14, 60, 21046 }, // U+04FB
    { 19, 24, 293, 0, 18, 114, 21106 }, // U+04FC
    { 16, 20, 258, 0, 14, 80, 21220 }, // U+04FD
    { 18, 18, 293, 0, 18, 81, 21300 }, // U+04FE
    { 16, 14, 258, 0, 14, 56, 21381 }, // U+04FF
    { 19, 23, 301, 1, 18, 110, 0 }, // U+1EA0
    { 14, 19, 240, 1, 14, 67, 110 }, // U+1EA1
    { 18, 26, 301, 1, 26, 117, 177 }, // U+1EA2
    { 14, 22, 240, 1, 22, 77, 294 }, // U+1EA3
    { 19, 25, 301, 1, 25, 119, 371 }, // U+1EA4
    { 14, 21, 240, 1, 21, 74, 490 }, // U+1EA5
    { 19, 25, 301, 1, 25, 119, 564 }, // U+1EA6
    { 15, 21, 240, 0, 21, 79, 683 }, // U+1EA7
    { 19, 27, 301, 1, 27, 129, 762 }, // U+1EA8
    { 14, 23, 240, 1, 23, 81, 891 }, // U+1EA9
    { 19, 27, 301, 1, 27, 129, 972 }, // U+1EAA
    { 14, 23, 240, 1, 23, 81, 1101 }, // U+1EAB
    { 19, 29, 301, 1, 24, 138, 1182 }, // U+1EAC
    { 14, 24, 240, 1, 19, 84, 1320 }, // U+1EAD
    { 19, 26, 301, 1, 26, 124, 1404 }, // U+1EAE
    { 14, 22, 240, 1, 22, 77, 1528 }, // U+1EAF
    { 19, 26, 301, 1, 26, 124, 1605 }, // U+1EB0
    { 14, 22, 240, 1, 22, 77, 1729 }, // U+1EB1
    { 19, 27, 301, 1, 27, 129, 1806 }, // U+1EB2
    { 14, 23, 240, 1, 23, 81, 1935 }, // U+1EB3
    { 19, 27, 301, 1, 27, 129, 2016 }, // U+1EB4
    { 14, 23, 240, 1, 23, 81, 2145 }, // U+1EB5
    { 19, 29, 301, 1, 24, 138, 2226 }, // U+1EB6
    { 14, 24, 240, 1, 19, 84, 2364 }, // U+1EB7
    { 16, 23, 261, 0, 18, 92, 2448 }, // U+1EB8
    { 12, 19, 229, 1, 14, 57, 2540 }, // U+1EB9
    { 16, 26, 261, 0, 26, 104, 2597 }, // U+1EBA
    { 12, 22, 229, 1, 22, 66, 2701 }, // U+1EBB
    { 16, 24, 261, 0, 24, 96, 2767 }, // U+1EBC
    { 12, 19, 229, 1, 19, 57, 2863 }, // U+1EBD
    { 16, 25, 261, 0, 25, 100, 2920 }, // U+1EBE
    { 14, 21, 229, 1, 21, 74, 3020 }, // U+1EBF
    { 16, 25, 261, 0, 25, 100, 3094 }, // U+1EC0
    { 13, 21, 229, 0, 21, 69, 3194 }, // U+1EC1
    { 16, 27, 261, 0, 27, 108, 3263 }, // U+1EC2
    { 13, 23, 229, 1, 23, 75, 3371 }, // U+1EC3
    { 16, 27, 261, 0, 27, 108, 3446 }, // U+1EC4
    { 12, 23, 229, 1, 23, 69, 3554 }, // U+1EC5
    { 16, 29, 261, 0, 24, 116, 3623 }, // U+1EC6
    { 12, 24, 229, 1, 19, 72, 3739 }, // U+1EC7
    { 9, 26, 160, 1, 26, 59, 3811 }, // U+1EC8
    { 8, 21, 141, 1, 21, 42, 3870 }, // U+1EC9
    { 9, 23, 160, 1, 18, 52, 3912 }, // U+1ECA
    { 8, 24, 141, 1, 19, 48, 3964 }, // U+1ECB
    { 17, 23, 315, 1, 18, 98, 4012 }, // U+1ECC
    { 13, 19, 246, 1, 14, 62, 4110 }, // U+1ECD
    { 17, 26, 315, 1, 26, 111, 4172 }, // U+1ECE
    { 13, 22, 246, 1, 22, 72, 4283 }, // U+1ECF
    { 17, 25, 315, 1, 25, 107, 4355 }, // U+1ED0
    { 14, 21, 246, 1, 21, 74, 4462 }, // U+1ED1
    { 17, 25, 315, 1, 25, 107, 4536 }, // U+1ED2
    { 14, 21, 246, 0, 21, 74, 4643 }, // U+1ED3
    { 17, 27, 315, 1, 27, 115, 4717 }, // U+1ED4
    { 13, 23, 246, 1, 23, 75, 4832 }, // U+1ED5
    { 17, 27, 315, 1, 27, 115, 4907 }, // U+1ED6
    { 13, 23, 246, 1, 23, 75, 5022 }, // U+1ED7
    { 17, 29, 315, 1, 24, 124, 5097 }, // U+1ED8
    { 13, 24, 246, 1, 19, 78, 5221 }, // U+1ED9
    { 20, 24, 337, 1, 24, 120, 5299 }, // U+1EDA
    { 16, 19, 268, 1, 19, 76, 5419 }, // U+1EDB
    { 20, 24, 337, 1, 24, 120, 5495 }, // U+1EDC
    { 16, 19, 268, 1, 19, 76, 5615 }, // U+1EDD
    { 20, 26, 337, 1, 26, 130, 5691 }, // U+1EDE
    { 16, 22, 268, 1, 22, 88, 5821 }, // U+1EDF
    { 20, 24, 337, 1, 24, 120, 5909 }, // U+1EE0
    { 16, 19, 268, 1, 19, 76, 6029 }, // U+1EE1
    { 20, 24, 337, 1, 19, 120, 6105 }, // U+1EE2
    { 16, 22, 268, 1, 17, 88, 6225 }, // U+1EE3
    { 18, 23, 299, 1, 18, 104, 6313 }, // U+1EE4
    { 16, 19, 267, 0, 14, 76, 6417 }, // U+1EE5
    { 18, 26, 299, 1, 26, 117, 6493 }, // U+1EE6
    { 16, 22, 267, 0, 22, 88, 6610 }, // U+1EE7
    { 21, 24, 341, 1, 24, 126, 6698 }, // U+1EE8
    { 19, 19, 311, 0, 19, 91, 6824 }, // U+1EE9
    { 21, 24, 341, 1, 24, 126, 6915 }, // U+1EEA
    { 19, 19, 311, 0, 19, 91, 7041 }, // U+1EEB
    { 21, 26, 341, 1, 26, 137, 7132 }, // U+1EEC
    { 19, 22, 311, 0, 22, 105, 7269 }, // U+1EED
    { 21, 24, 341, 1, 24, 126, 7374 }, // U+1EEE
    { 19, 19, 311, 0, 19, 91, 7500 }, // U+1EEF
    { 21, 24, 341, 1, 19, 126, 7591 }, // U+1EF0
    { 19, 22, 311, 0, 17, 105, 7717 }, // U+1EF1
    { 18, 24, 277, 0, 24, 108, 7822 }, // U+1EF2
    { 15, 25, 232, 0, 19, 94, 7930 }, // U+1EF3
    { 18, 23, 277, 0, 18, 104, 8024 }, // U+1EF4
    { 16, 20, 232, -1, 14, 80, 8128 }, // U+1EF5
    { 18, 26, 277, 0, 26, 117, 8208 }, // U+1EF6
    { 15, 27, 232, -1, 21, 102, 8325 }, // U+1EF7
    { 18, 24, 277, 0, 24, 108, 8427 }, // U+1EF8
    { 15, 25, 232, 0, 19, 94, 8535 }, // U+1EF9
    { 0, 0, 200, 0, 0, 0, 0 }, // U+2000
    { 0, 0, 400, 0, 0, 0, 0 }, // U+2001
    { 0, 0, 200, 0, 0, 0, 0 }, // U+2002
    { 0, 0, 400, 0, 0, 0, 0 }, // U+2003
    { 0, 0, 133, 0, 0, 0, 0 }, // U+2004
    { 0, 0, 100, 0, 0, 0, 0 }, // U+2005
    { 0, 0, 67, 0, 0, 0, 0 }, // U+2006
    { 0, 0, 226, 0, 0, 0, 0 }, // U+2007
    { 0, 0, 118, 0, 0, 0, 0 }, // U+2008
    { 0, 0, 66, 0, 0, 0, 0 }, // U+2009
    { 0, 0, 40, 0, 0, 0, 0 }, // U+200A
    { 0, 0, 0, 0, 0, 0, 0 }, // U+200B
    { 2, 20, 0, -1, 17, 10, 0 }, // U+200C
    { 7, 21, 0, -3, 18, 37, 10 }, // U+200D
    { 6, 22, 0, 0, 18, 33, 47 }, // U+200E
    { 6, 22, 0, -5, 18, 33, 80 }, // U+200F
    { 7, 3, 124, 1, 9, 6, 113 }, // U+2010
    { 7, 3, 124, 1, 9, 6, 119 }, // U+2011
    { 12, 2, 226, 1, 10, 6, 125 }, // U+2012
    { 13, 2, 200, 0, 8, 7, 131 }, // U+2013
    { 25, 2, 400, 0, 8, 13, 138 }, // U+2014
    { 25, 2, 400, 0, 8, 13, 151 }, // U+2015
    { 6, 25, 224, 4, 19, 38, 164 }, // U+2016
    { 11, 5, 164, 0, 0, 14, 202 }, // U+2017
    { 5, 8, 112, 1, 18, 10, 216 }, // U+2018
    { 5, 8, 112, 1, 18, 10, 226 }, // U+2019
    { 5, 8, 118, 1, 4, 10, 236 }, // U+201A
    { 5, 8, 112, 1, 18, 10, 246 }, // U+201B
    { 10, 8, 196, 1, 18, 20, 256 }, // U+201C
    { 10, 8, 196, 1, 18, 20, 276 }, // U+201D
    { 10, 8, 196, 1, 4, 20, 296 }, // U+201E
    { 10, 8, 196, 1, 18, 20, 316 }, // U+201F
    { 10, 22, 191, 1, 19, 55, 336 }, // U+2020
    { 10, 22, 191, 1, 19, 55, 391 }, // U+2021
    { 7, 8, 160, 1, 13, 14, 446 }, // U+2022
    { 8, 9, 200, 3, 14, 18, 460 }, // U+2023
    { 4, 4, 118, 2, 11, 4, 478 }, // U+2024
    { 11, 4, 230, 2, 11, 11, 482 }, // U+2025
    { 20, 4, 365, 2, 4, 20, 493 }, // U+2026
    { 4, 4, 118, 2, 10, 4, 513 }, // U+2027
    { 0, 0, 240, 0, 0, 0, 517 }, // U+2028
    { 0, 0, 240, 0, 0, 0, 517 }, // U+2029
    { 7, 20, 0, -1, 16, 35, 517 }, // U+202A
    { 6, 20, 0, -5, 16, 30, 552 }, // U+202B
    { 6, 21, 0, -3, 17, 32, 582 }, // U+202C
    { 7, 22, 0, -3, 18, 39, 614 }, // U+202D
    { 6, 22, 0, -3, 18, 33, 653 }, // U+202E
    { 0, 0, 66, 0, 0, 0, 686 }, // U+202F
    { 31, 18, 524, 1, 18, 140, 686 }, // U+2030
    { 42, 18, 692, 1, 18, 189, 826 }, // U+2031
    { 6, 6, 100, 0, 18, 9, 1015 }, // U+2032
    { 12, 6, 196, 0, 18, 18, 1024 }, // U+2033
    { 18, 6, 292, 0, 18, 27, 1042 }, // U+2034
    { 6, 6, 100, 0, 18, 9, 1069 }, // U+2035
    { 12, 6, 196, 0, 18, 18, 1078 }, // U+2036
    { 18, 6, 292, 0, 18, 27, 1096 }, // U+2037
    { 11, 7, 176, 0, 1, 20, 1123 }, // U+2038
    { 6, 10, 141, 2, 12, 15, 1143 }, // U+2039
    { 6, 10, 141, 1, 12, 15, 1158 }, // U+203A
    { 18, 18, 328, 2, 18, 81, 1173 }, // U+203B
    { 12, 18, 252, 2, 18, 54, 1254 }, // U+203C
    { 13, 18, 246, 1, 18, 59, 1308 }, // U+203D
    { 12, 2, 184, 0, 21, 6, 1367 }, // U+203E
    { 20, 5, 0, -10, -1, 25, 1373 }, // U+203F
    { 22, 5, 0, -11, 21, 28, 1398 }, // U+2040
    { 12, 18, 180, 0, 18, 54, 1426 }, // U+2041
    { 25, 19, 400, 0, 19, 119, 1480 }, // U+2042
    { 7, 4, 145, 1, 11, 7, 1599 }, // U+2043
    { 12, 18, 25, -5, 18, 54, 1606 }, // U+2044
    { 7, 23, 166, 2, 19, 41, 1660 }, // U+2045
    { 8, 23, 166, 0, 19, 46, 1701 }, // U+2046
    { 24, 18, 426, 1, 18, 108, 1747 }, // U+2047
    { 18, 18, 338, 1, 18, 81, 1855 }, // U+2048
    { 18, 18, 340, 2, 18, 81, 1936 }, // U+2049
    { 12, 20, 244, 1, 15, 60, 2017 }, // U+204A
    { 15, 23, 251, 0, 19, 87, 2077 }, // U+204B
    { 14, 10, 247, 1, 14, 35, 2164 }, // U+204C
    { 14, 10, 247, 1, 14, 35, 2199 }, // U+204D
    { 12, 10, 201, 0, 14, 30, 2234 }, // U+204E
    { 5, 18, 122, 2, 14, 23, 2264 }, // U+204F
    { 18, 18, 308, 1, 18, 81, 2287 }, // U+2050
    { 12, 21, 201, 0, 19, 63, 2368 }, // U+2051
    { 9, 18, 161, 1, 18, 41, 2431 }, // U+2052
    { 12, 5, 224, 1, 12, 15, 2472 }, // U+2053
    { 20, 5, 0, -10, 0, 25, 2487 }, // U+2054
    { 11, 12, 216, 1, 15, 33, 2512 }, // U+2055
    { 12, 14, 252, 2, 14, 42, 2545 }, // U+2056
    { 24, 6, 388, 0, 18, 36, 2587 }, // U+2057
    { 16, 14, 306, 2, 14, 56, 2623 }, // U+2058
    { 16, 14, 306, 2, 14, 56, 2679 }, // U+2059
    { 4, 18, 122, 2, 18, 18, 2735 }, // U+205A
    { 16, 18, 306, 2, 18, 72, 2753 }, // U+205B
    { 14, 14, 279, 2, 14, 49, 2825 }, // U+205C
    { 4, 18, 122, 2, 18, 18, 2874 }, // U+205D
    { 4, 18, 122, 2, 18, 18, 2892 }, // U+205E
    { 0, 0, 89, 0, 0, 0, 2910 }, // U+205F
    { 0, 0, 240, 0, 0, 0, 2910 }, // U+2060
    { 0, 0, 240, 0, 0, 0, 2910 }, // U+2061
    { 0, 0, 240, 0, 0, 0, 2910 }, // U+2062
    { 0, 0, 240, 0, 0, 0, 2910 }, // U+2063
    { 0, 0, 240, 0, 0, 0, 2910 }, // U+2064
    { 0, 0, 0, 0, 0, 0, 2910 }, // U+2066
    { 0, 0, 0, 0, 0, 0, 2910 }, // U+2067
    { 0, 0, 0, 0, 0, 0, 2910 }, // U+2068
    { 0, 0, 0, 0, 0, 0, 2910 }, // U+2069
    { 6, 22, 0, -3, 18, 33, 2910 }, // U+206A
    { 7, 22, 0, -3, 18, 39, 2943 }, // U+206B
    { 7, 21, 0, -3, 18, 37, 2982 }, // U+206C
    { 7, 21, 0, -3, 18, 37, 3019 }, // U+206D
    { 7, 21, 0, -3, 18, 37, 3056 }, // U+206E
    { 7, 22, 0, -3, 18, 39, 3093 }, // U+206F
    { 9, 13, 160, 1, 22, 30, 0 }, // U+2070
    { 6, 12, 92, 0, 19, 18, 30 }, // U+2071
    { 9, 12, 160, 1, 21, 27, 48 }, // U+2074
    { 8, 12, 160, 1, 21, 24, 75 }, // U+2075
    { 8, 13, 160, 1, 22, 26, 99 }, // U+2076
    { 8, 12, 160, 1, 21, 24, 125 }, // U+2077
    { 9, 13, 160, 1, 22, 30, 149 }, // U+2078
    { 8, 13, 160, 1, 22, 26, 179 }, // U+2079
    { 9, 9, 160, 1, 19, 21, 205 }, // U+207A
    { 9, 2, 160, 1, 16, 5, 226 }, // U+207B
    { 9, 7, 160, 1, 18, 16, 231 }, // U+207C
    { 6, 16, 100, 2, 23, 24, 247 }, // U+207D
    { 6, 16, 100, -1, 23, 24, 271 }, // U+207E
    { 12, 9, 174, 0, 16, 27, 295 }, // U+207F
    { 9, 11, 160, 1, 9, 25, 322 }, // U+2080
    { 8, 11, 160, 1, 9, 22, 347 }, // U+2081
    { 8, 11, 160, 1, 9, 22, 369 }, // U+2082
    { 9, 11, 160, 0, 9, 25, 391 }, // U+2083
    { 9, 11, 160, 1, 9, 25, 416 }, // U+2084
    { 8, 12, 160, 1, 10, 24, 441 }, // U+2085
    { 8, 11, 160, 1, 9, 22, 465 }, // U+2086
    { 8, 11, 160, 1, 9, 22, 487 }, // U+2087
    { 9, 11, 160, 1, 9, 25, 509 }, // U+2088
    { 8, 11, 160, 1, 9, 22, 534 }, // U+2089
    { 9, 9, 160, 1, 7, 21, 556 }, // U+208A
    { 9, 2, 160, 1, 4, 5, 577 }, // U+208B
    { 9, 6, 160, 1, 6, 14, 582 }, // U+208C
    { 6, 16, 100, 2, 11, 24, 596 }, // U+208D
    { 6, 16, 100, -1, 11, 24, 620 }, // U+208E
    { 9, 8, 156, 1, 6, 18, 644 }, // U+2090
    { 8, 8, 149, 1, 6, 16, 662 }, // U+2091
    { 9, 8, 160, 1, 6, 18, 678 }, // U+2092
    { 11, 8, 168, 0, 6, 22, 696 }, // U+2093
    { 8, 8, 149, 1, 6, 16, 718 }, // U+2094
    { 11, 11, 174, 0, 9, 31, 734 }, // U+2095
    { 11, 11, 166, 0, 9, 31, 765 }, // U+2096
    { 6, 11, 92, 0, 9, 17, 796 }, // U+2097
    { 16, 8, 256, 0, 6, 32, 813 }, // U+2098
    { 11, 8, 174, 0, 6, 22, 845 }, // U+2099
    { 10, 12, 168, 0, 6, 30, 867 }, // U+209A
    { 8, 8, 125, 0, 6, 16, 897 }, // U+209B
    { 7, 11, 106, 0, 9, 20, 913 }, // U+209C
    { 18, 18, 308, 1, 18, 81, 0 }, // U+20A0
    { 15, 21, 268, 1, 19, 79, 81 }, // U+20A1
    { 15, 18, 268, 1, 18, 68, 160 }, // U+20A2
    { 13, 18, 226, 1, 18, 59, 228 }, // U+20A3
    { 13, 19, 226, 1, 18, 62, 287 }, // U+20A4
    { 24, 20, 394, 1, 17, 120, 349 }, // U+20A5
    { 19, 18, 315, 1, 18, 86, 469 }, // U+20A6
    { 21, 18, 360, 1, 18, 95, 555 }, // U+20A7
    { 27, 18, 461, 1, 18, 122, 650 }, // U+20A8
    { 27, 18, 427, 0, 18, 122, 772 }, // U+20A9
    { 19, 15, 357, 2, 15, 72, 894 }, // U+20AA
    { 15, 23, 260, 1, 19, 87, 966 }, // U+20AB
    { 14, 18, 224, 0, 18, 63, 1053 }, // U+20AC
    { 19, 18, 294, 0, 18, 86, 1116 }, // U+20AD
    { 17, 18, 261, 0, 18, 77, 1202 }, // U+20AE
    { 27, 26, 443, 1, 21, 176, 1279 }, // U+20AF
    { 14, 24, 254, 0, 18, 84, 1455 }, // U+20B0
    { 17, 18, 255, 0, 18, 77, 1539 }, // U+20B1
    { 17, 22, 308, 1, 20, 94, 1616 }, // U+20B2
    { 18, 18, 301, 1, 18, 81, 1710 }, // U+20B3
    { 15, 18, 232, 0, 18, 68, 1791 }, // U+20B4
    { 15, 22, 268, 1, 20, 83, 1859 }, // U+20B5
    { 14, 18, 237, 1, 18, 63, 1942 }, // U+20B6
    { 13, 21, 226, 0, 18, 69, 2005 }, // U+20B7
    { 13, 18, 226, 1, 18, 59, 2074 }, // U+20B8
    { 12, 18, 224, 1, 18, 54, 2133 }, // U+20B9
    { 14, 18, 226, 1, 18, 63, 2187 }, // U+20BA
    { 15, 18, 261, 1, 18, 68, 2250 }, // U+20BB
    { 16, 17, 314, 2, 17, 68, 2318 }, // U+20BC
    { 14, 18, 236, 0, 18, 63, 2386 }, // U+20BD
    { 15, 19, 280, 1, 19, 72, 2449 }, // U+20BE
    { 13, 22, 226, 0, 20, 72, 2521 }, // U+20BF
    { 12, 18, 211, 1, 14, 54, 2593 }, // U+20C0
    { 12, 2, 229, 1, 10, 6, 0 }, // U+2212
    { 21, 19, 305, 1, 19, 100, 0 }, // U+FB00
    { 17, 19, 288, 1, 19, 81, 100 }, // U+FB01
    { 17, 19, 288, 1, 19, 81, 181 }, // U+FB02
    { 26, 19, 430, 1, 19, 124, 262 }, // U+FB03
    { 26, 19, 430, 1, 19, 124, 386 }, // U+FB04
    { 18, 19, 301, 1, 19, 86, 510 }, // U+FB05
    { 20, 19, 348, 1, 19, 95, 596 }, // U+FB06
    { 23, 24, 400, 1, 19, 138, 0 }, // U+FFFD
};

static const EpdUnicodeInterval notoserif_12_boldIntervals[] = {
    { 0x0, 0x0, 0x0 },
    { 0xD, 0xD, 0x1 },
    { 0x20, 0x7E, 0x2 },
    { 0xA0, 0x17F, 0x61 },
    { 0x1A0, 0x1A1, 0x141 },
    { 0x1AF, 0x1B0, 0x143 },
    { 0x1C4, 0x21F, 0x145 },
    { 0x300, 0x36F, 0x1A1 },
    { 0x400, 0x4FF, 0x211 },
    { 0x1EA0, 0x1EF9, 0x311 },
    { 0x2000, 0x2064, 0x36B },
    { 0x2066, 0x2071, 0x3D0 },
    { 0x2074, 0x208E, 0x3DC },
    { 0x2090, 0x209C, 0x3F7 },
    { 0x20A0, 0x20C0, 0x404 },
    { 0x2212, 0x2212, 0x425 },
    { 0xFB00, 0xFB06, 0x426 },
    { 0xFFFD, 0xFFFD, 0x42D },
};

static const EpdFontGroup notoserif_12_boldGroups[] = {
    { 0, 2698, 5742, 97, 0 },
    { 2698, 2451, 7028, 96, 97 },
    { 5149, 3192, 11165, 128, 193 },
    { 8341, 3183, 10034, 96, 321 },
    { 11524, 899, 1456, 112, 417 },
    { 12423, 8356, 22940, 256, 529 },
    { 20779, 2284, 9350, 90, 785 },
    { 23063, 1477, 3485, 111, 875 },
    { 24540, 612, 1086, 42, 986 },
    { 25152, 1539, 2895, 33, 1028 },
    { 26691, 6, 6, 1, 1061 },
    { 26697, 290, 760, 7, 1062 },
    { 26987, 98, 144, 1, 1069 },
};

static const uint16_t notoserif_12_boldKernLeftCodepoints[] = {
    0x0022, 0x0026, 0x0027, 0x002A, 0x002C, 0x002E, 0x0040, 0x0041, 0x0042, 0x0044, 0x0045, 0x0046,
    0x0047, 0x004B, 0x004C, 0x004E, 0x004F, 0x0050, 0x0051, 0x0052, 0x0053, 0x0054, 0x0055, 0x0056,
    0x0057, 0x0058, 0x0059, 0x0061, 0x0062, 0x0065, 0x0066, 0x0067, 0x0068, 0x006B, 0x006D, 0x006E,
    0x006F, 0x0070, 0x0072, 0x0073, 0x0076, 0x0077, 0x0079, 0x00A1, 0x00BF, 0x00C0, 0x00C1, 0x00C2,
    0x00C3, 0x00C4, 0x00C5, 0x00C6, 0x00C8, 0x00C9, 0x00CA, 0x00CB, 0x00D0, 0x00D1, 0x00D2, 0x00D3,
    0x00D4, 0x00D5, 0x00D6, 0x00D8, 0x00D9, 0x00DA, 0x00DB, 0x00DC, 0x00DD, 0x00DE, 0x00DF, 0x00E0,
    0x00E1, 0x00E2, 0x00E3, 0x00E4, 0x00E5, 0x00E6, 0x00E8, 0x00E9, 0x00EA, 0x00EB, 0x00F0, 0x00F1,
    0x00F2, 0x00F3, 0x00F4, 0x00F5, 0x00F6, 0x00F8, 0x00FD, 0x00FE, 0x00FF, 0x0100, 0x0102, 0x0104,
    0x010E, 0x010F, 0x0110, 0x0112, 0x0113, 0x0114, 0x0115, 0x0116, 0x0117, 0x0118, 0x0119, 0x011A,
    0x011B, 0x011C, 0x011E, 0x0120, 0x0122, 0x0125, 0x0127, 0x0129, 0x0136, 0x0137, 0x0138, 0x0139,
    0x013B, 0x013E, 0x0141, 0x0143, 0x0144, 0x0145, 0x0146, 0x0147, 0x0148, 0x0149, 0x014B, 0x014C,
    0x014D, 0x014E, 0x014F, 0x0150, 0x0151, 0x0152, 0x0153, 0x0154, 0x0155, 0x0156, 0x0157, 0x0158,
    0x0159, 0x015A, 0x015B, 0x015C, 0x015D, 0x015E, 0x015F, 0x0160, 0x0161, 0x0162, 0x0164, 0x0165,
    0x0166, 0x0168, 0x016A, 0x016C, 0x016E, 0x0170, 0x0172, 0x0174, 0x0175, 0x0176, 0x0177, 0x0178,
    0x01A0, 0x01A1, 0x01AF, 0x01B0, 0x01FA, 0x01FC, 0x01FD, 0x01FE, 0x01FF, 0x0218, 0x0219, 0x021A,
    0x0402, 0x0409, 0x040A, 0x040E, 0x0423, 0x042A, 0x042C, 0x0431, 0x043E, 0x0440, 0x0444, 0x044D,
    0x044E, 0x0457, 0x0460, 0x0462, 0x0465, 0x0466, 0x0468, 0x046A, 0x046C, 0x046E, 0x046F, 0x0472,
    0x0473, 0x0474, 0x0476, 0x0478, 0x0479, 0x047A, 0x047B, 0x047C, 0x047D, 0x047E, 0x0481, 0x048C,
    0x048D, 0x048E, 0x048F, 0x0490, 0x0491, 0x0493, 0x0494, 0x0496, 0x0497, 0x0498, 0x0499, 0x049A,
    0x049B, 0x049C, 0x049D, 0x049E, 0x049F, 0x04A0, 0x04A1, 0x04A3, 0x04A4, 0x04A5, 0x04A6, 0x04A8,
    0x04AB, 0x04AC, 0x04AD, 0x04B2, 0x04B3, 0x04B5, 0x04B7, 0x04BA, 0x04BC, 0x04BD, 0x04BE, 0x04BF,
    0x04C3, 0x04C6, 0x04D0, 0x04D1, 0x04D2, 0x04D3, 0x04D4, 0x04D5, 0x04D6, 0x04D7, 0x04D8, 0x04D9,
    0x04DA, 0x04DB, 0x04E0, 0x04E6, 0x04E7, 0x04E8, 0x04E9, 0x04EA, 0x04EB, 0x04ED, 0x04EE, 0x04EF,
    0x04F0, 0x04F1, 0x04F2, 0x04F3, 0x04F6, 0x04F7, 0x04FB, 0x04FC, 0x04FD, 0x04FE, 0x04FF, 0x1EA0,
    0x1EA1, 0x1EA2, 0x1EA3, 0x1EA4, 0x1EA5, 0x1EA6, 0x1EA7, 0x1EA8, 0x1EA9, 0x1EAA, 0x1EAB, 0x1EAC,
    0x1EAD, 0x1EAE, 0x1EAF, 0x1EB0, 0x1EB1, 0x1EB2, 0x1EB3, 0x1EB4, 0x1EB5, 0x1EB6, 0x1EB7, 0x1EB8,
    0x1EB9, 0x1EBA, 0x1EBB, 0x1EBC, 0x1EBD, 0x1EBE, 0x1EBF, 0x1EC0, 0x1EC1, 0x1EC2, 0x1EC3, 0x1EC4,
    0x1EC5, 0x1EC6, 0x1EC7, 0x1ECC, 0x1ECD, 0x1ECE, 0x1ECF, 0x1ED0, 0x1ED1, 0x1ED2, 0x1ED3, 0x1ED4,
    0x1ED5, 0x1ED6, 0x1ED7, 0x1ED8, 0x1ED9, 0x1EDA, 0x1EDB, 0x1EDC, 0x1EDD, 0x1EDE, 0x1EDF, 0x1EE0,
    0x1EE1, 0x1EE2, 0x1EE3, 0x1EE4, 0x1EE6, 0x1EE8, 0x1EE9, 0x1EEA, 0x1EEB, 0x1EEC, 0x1EED, 0x1EEE,
    0x1EEF, 0x1EF0, 0x1EF1, 0x1EF2, 0x1EF3, 0x1EF4, 0x1EF5, 0x1EF6, 0x1EF7, 0x1EF8, 0x1EF9, 0x2018,
    0x2019, 0x201A, 0x201C, 0x201D, 0x201E, 0x2026, 0x207D, 0x208D, 0xFB00,
};

static const uint8_t notoserif_12_boldKernLeftClassIds[] = {
      1,   2,   1,   3,   4,   4,   5,   6,   7,   8,   9,  10,  11,  12,  13,  14,
      8,   3,   8,  15,  16,  17,  18,  19,  20,  21,  22,  23,  24,  25,  26,  27,
     23,  28,  23,  23,  24,  24,  29,  30,  31,  32,  33,  34,  35,  36,  36,  36,
     36,  36,  36,   9,   9,   9,   9,   9,   8,  14,   8,   8,   8,   8,   8,   8,
     18,  18,  18,  18,  22,   8,  24,  23,  23,  23,  23,  23,  23,  25,  25,  25,
     25,  25,  24,  23,  24,  24,  24,  24,  24,  24,  33,  24,  33,   6,  36,  36,
      8,  37,   8,   9,  25,   9,  25,   9,  25,   9,  25,   9,  25,  11,  11,  11,
     11,  23,  23,  38,  12,  28,  28,  13,  13,  37,  13,  14,  23,  14,  23,  14,
     23,  23,  23,   8,  24,   8,  24,   8,  24,   9,  25,  15,  29,  15,  29,  15,
     29,  16,  30,  16,  30,  16,  30,  16,  30,  17,  17,  39,  17,  18,  18,  18,
     18,  18,  18,  20,  32,  22,  33,  22,  40,  41,  42,  43,   6,   9,  25,   8,
     24,  16,  30,  17,  44,  45,  45,  46,  46,  45,  45,  47,  48,  48,  49,  49,
     49,  50,  51,  52,  53,  54,  54,  55,  55,  56,  24,  51,  48,  57,  57,  33,
     58,  51,  48,  51,  24,  51,  53,  52,  24,  59,  48,  60,  61,  61,  62,  55,
     63,  56,  48,  55,  63,  55,  63,  55,  63,  55,  63,  64,  60,  61,  62,  51,
     53,  60,  61,  65,  63,  64,  64,  62,  51,  48,  51,  48,  62,  64,  54,  23,
     54,  23,  66,  48,  66,  48,  51,  48,  51,  48,  56,  51,  48,  51,  48,  51,
     48,  48,  46,  58,  46,  58,  46,  58,  60,  61,  61,  65,  63,  65,  63,  36,
     23,  36,  23,  36,  23,  36,  23,  36,  23,  36,  23,  36,  23,  36,  23,  36,
     23,  36,  23,  36,  23,  36,  23,   9,  25,   9,  25,   9,  25,   9,  25,   9,
     25,   9,  25,   9,  25,   9,  25,   8,  24,   8,  24,   8,  24,   8,  24,   8,
     24,   8,  24,   8,  24,  40,  41,  40,  41,  40,  41,  40,  41,  40,  41,  18,
     18,  42,  43,  42,  43,  42,  43,  42,  43,  42,  43,  22,  33,  22,  33,  22,
     33,  22,  33,  67,  68,   4,  67,  68,   4,   4,  69,  70,  26,
};

static const uint16_t notoserif_12_boldKernRightCodepoints[] = {
    0x0021, 0x0022, 0x0026, 0x0027, 0x0029, 0x002A, 0x002C, 0x002E, 0x003A, 0x003B, 0x003F, 0x0040,
    0x0041, 0x0042, 0x0043, 0x0044, 0x0045, 0x0046, 0x0047, 0x0048, 0x0049, 0x004A, 0x004B, 0x004C,
    0x004D, 0x004E, 0x004F, 0x0050, 0x0051, 0x0052, 0x0053, 0x0054, 0x0055, 0x0056, 0x0057, 0x0058,
    0x0059, 0x005A, 0x005D, 0x0061, 0x0062, 0x0063, 0x0064, 0x0065, 0x0067, 0x0068, 0x0069, 0x006B,
    0x006C, 0x006D, 0x006E, 0x006F, 0x0070, 0x0071, 0x0072, 0x0073, 0x0074, 0x0075, 0x0076, 0x0077,
    0x0078, 0x0079, 0x007A, 0x007D, 0x00AB, 0x00B7, 0x00BB, 0x00C0, 0x00C1, 0x00C2, 0x00C3, 0x00C4,
    0x00C5, 0x00C6, 0x00C7, 0x00C8, 0x00C9, 0x00CA, 0x00CB, 0x00CC, 0x00CD, 0x00CE, 0x00CF, 0x00D0,
    0x00D1, 0x00D2, 0x00D3, 0x00D4, 0x00D5, 0x00D6, 0x00D8, 0x00D9, 0x00DA, 0x00DB, 0x00DC, 0x00DD,
    0x00DE, 0x00E0, 0x00E1, 0x00E2, 0x00E3, 0x00E4, 0x00E5, 0x00E6, 0x00E7, 0x00E8, 0x00E9, 0x00EA,
    0x00EB, 0x00EC, 0x00ED, 0x00EE, 0x00EF, 0x00F0, 0x00F1, 0x00F2, 0x00F3, 0x00F4, 0x00F5, 0x00F6,
    0x00F8, 0x00F9, 0x00FA, 0x00FB, 0x00FC, 0x00FD, 0x00FE, 0x00FF, 0x0100, 0x0101, 0x0102, 0x0103,
    0x0104, 0x0105, 0x0106, 0x0107, 0x0108, 0x0109, 0x010A, 0x010B, 0x010C, 0x010D, 0x010E, 0x010F,
    0x0110, 0x0111, 0x0112, 0x0113, 0x0114, 0x0115, 0x0116, 0x0117, 0x0118, 0x0119, 0x011A, 0x011B,
    0x011C, 0x011D, 0x011E, 0x011F, 0x0120, 0x0121, 0x0122, 0x0123, 0x0124, 0x0125, 0x0126, 0x0127,
    0x0128, 0x0129, 0x012A, 0x012B, 0x012C, 0x012D, 0x012E, 0x012F, 0x0130, 0x0132, 0x0133, 0x0134,
    0x0136, 0x0137, 0x0138, 0x0139, 0x013A, 0x013B, 0x013C, 0x013D, 0x013E, 0x013F, 0x0140, 0x0141,
    0x0142, 0x0143, 0x0144, 0x0145, 0x0146, 0x0147, 0x0148, 0x014A, 0x014B, 0x014C, 0x014D, 0x014E,
    0x014F, 0x0150, 0x0151, 0x0152, 0x0153, 0x0154, 0x0155, 0x0156, 0x0157, 0x0158, 0x015A, 0x015B,
    0x015C, 0x015D, 0x015E, 0x015F, 0x0160, 0x0161, 0x0162, 0x0163, 0x0164, 0x0165, 0x0166, 0x0167,
    0x0168, 0x0169, 0x016A, 0x016B, 0x016C, 0x016D, 0x016E, 0x016F, 0x0170, 0x0171, 0x0172, 0x0173,
    0x0174, 0x0175, 0x0176, 0x0177, 0x0178, 0x0179, 0x017A, 0x017B, 0x017C, 0x017D, 0x017E, 0x01A0,
    0x01A1, 0x01AF, 0x01B0, 0x01FA, 0x01FB, 0x01FC, 0x01FD, 0x01FE, 0x01FF, 0x0218, 0x0219, 0x021A,
    0x021B, 0x0402, 0x040B, 0x040E, 0x0416, 0x0422, 0x0423, 0x0425, 0x0427, 0x042A, 0x042F, 0x0431,
    0x0436, 0x0443, 0x0445, 0x0447, 0x0451, 0x0456, 0x045E, 0x0460, 0x0462, 0x0466, 0x046A, 0x046E,
    0x0472, 0x0473, 0x0478, 0x0479, 0x047A, 0x047B, 0x047C, 0x047D, 0x047E, 0x0480, 0x0481, 0x0496,
    0x0498, 0x0499, 0x04A0, 0x04A1, 0x04A8, 0x04A9, 0x04AA, 0x04AB, 0x04AC, 0x04AD, 0x04B2, 0x04B4,
    0x04B5, 0x04B6, 0x04B7, 0x04B8, 0x04B9, 0x04C1, 0x04C2, 0x04CB, 0x04CC, 0x04D0, 0x04D2, 0x04D4,
    0x04D5, 0x04D7, 0x04D8, 0x04D9, 0x04DA, 0x04DC, 0x04DD, 0x04E0, 0x04E1, 0x04E6, 0x04E7, 0x04E8,
    0x04E9, 0x04EA, 0x04EB, 0x04EE, 0x04EF, 0x04F0, 0x04F1, 0x04F2, 0x04F3, 0x04F4, 0x04F5, 0x04FC,
    0x04FE, 0x1EA0, 0x1EA1, 0x1EA2, 0x1EA3, 0x1EA4, 0x1EA5, 0x1EA6, 0x1EA7, 0x1EA8, 0x1EA9, 0x1EAA,
    0x1EAB, 0x1EAC, 0x1EAD, 0x1EAE, 0x1EAF, 0x1EB0, 0x1EB1, 0x1EB2, 0x1EB3, 0x1EB4, 0x1EB5, 0x1EB6,
    0x1EB7, 0x1EB8, 0x1EB9, 0x1EBA, 0x1EBB, 0x1EBC, 0x1EBD, 0x1EBE, 0x1EBF, 0x1EC0, 0x1EC1, 0x1EC2,
    0x1EC3, 0x1EC4, 0x1EC5, 0x1EC6, 0x1EC7, 0x1EC9, 0x1ECB, 0x1ECC, 0x1ECD, 0x1ECE, 0x1ECF, 0x1ED0,
    0x1ED1, 0x1ED2, 0x1ED3, 0x1ED4, 0x1ED5, 0x1ED6, 0x1ED7, 0x1ED8, 0x1ED9, 0x1EDA, 0x1EDB, 0x1EDC,
    0x1EDD, 0x1EDE, 0x1EDF, 0x1EE0, 0x1EE1, 0x1EE2, 0x1EE3, 0x1EE4, 0x1EE5, 0x1EE6, 0x1EE7, 0x1EE8,
    0x1EE9, 0x1EEA, 0x1EEB, 0x1EEC, 0x1EED, 0x1EEE, 0x1EEF, 0x1EF0, 0x1EF1, 0x1EF2, 0x1EF3, 0x1EF4,
    0x1EF5, 0x1EF6, 0x1EF7, 0x1EF8, 0x1EF9, 0x2018, 0x2019, 0x201A, 0x201C, 0x201D, 0x201E, 0x2026,
    0x2039, 0x203A, 0x207E, 0x208E,
};

static const uint8_t notoserif_12_boldKernRightClassIds[] = {
      1,   2,   3,   2,   4,   5,   6,   7,   8,   8,   9,  10,  11,  12,  13,  12,
     12,  12,  13,  12,  12,  14,  12,  12,  12,  12,  13,  12,  13,  12,  15,  16,
     17,  18,  19,  20,  21,  22,   4,  23,  24,  25,  25,  25,  26,  24,  27,  24,
     24,  27,  27,  25,  27,  25,  27,  28,  29,  30,  31,  32,  33,  34,  35,   4,
     36,  37,  36,  11,  11,  11,  11,  11,  11,  38,  13,  12,  12,  12,  12,  12,
     12,  12,  12,  12,  12,  13,  13,  13,  13,  13,  13,  17,  17,  17,  17,  21,
     12,  23,  23,  23,  23,  23,  23,  23,  25,  25,  25,  25,  25,  39,  27,  39,
     39,  25,  27,  25,  25,  25,  25,  25,  25,  30,  30,  30,  30,  34,  24,  34,
     11,  23,  11,  23,  11,  23,  13,  25,  13,  25,  13,  25,  13,  25,  12,  25,
     12,  25,  12,  25,  12,  25,  12,  25,  12,  25,  12,  25,  13,  25,  13,  25,
     13,  25,  13,  25,  12,  24,  12,  24,  12,  40,  12,  39,  12,  39,  12,  27,
     12,  12,  27,  14,  12,  24,  27,  12,  24,  12,  24,  12,  24,  12,  24,  12,
     24,  12,  27,  12,  27,  12,  27,  12,  27,  13,  25,  13,  25,  13,  25,  13,
     25,  12,  27,  12,  27,  12,  15,  28,  15,  28,  15,  28,  15,  28,  16,  29,
     16,  29,  16,  29,  17,  30,  17,  30,  17,  30,  17,  30,  17,  30,  17,  30,
     19,  32,  21,  34,  21,  22,  35,  22,  35,  22,  35,  13,  25,  17,  30,  11,
     23,  38,  23,  13,  25,  15,  28,  16,  29,  41,  41,  42,  41,  41,  42,  41,
     43,  41,  44,  45,  46,  47,  46,  48,  49,  50,  47,  51,  16,  52,  53,  54,
     51,  55,  51,  55,  51,  55,  51,  25,  51,  51,  55,  53,  54,  56,  57,  58,
     51,  55,  51,  55,  57,  58,  53,  57,  58,  59,  60,  43,  48,  41,  46,  59,
     60,  52,  52,  38,  61,  55,  51,  61,  51,  41,  46,  54,  35,  51,  55,  51,
     55,  51,  55,  42,  62,  42,  62,  42,  62,  43,  48,  53,  53,  11,  23,  11,
     23,  11,  23,  11,  23,  11,  23,  11,  23,  11,  23,  11,  23,  11,  23,  11,
     23,  11,  23,  11,  23,  12,  25,  12,  25,  12,  25,  12,  25,  12,  25,  12,
     25,  12,  25,  12,  25,  27,  27,  13,  25,  13,  25,  13,  25,  13,  25,  13,
     25,  13,  25,  13,  25,  13,  25,  13,  25,  13,  25,  13,  25,  13,  25,  17,
     30,  17,  30,  17,  30,  17,  30,  17,  30,  17,  30,  17,  30,  21,  34,  21,
     34,  21,  34,  21,  34,  63,   5,   7,  63,   5,   7,   7,  36,  36,  64,  65,
};

static const uint16_t notoserif_12_boldKernRowOffsets[] = {
        0,     5,    10,    16,    32,    34,    50,    64,    77,    80,    89,    95,   101,   113,   114,   125,
      137,   148,   153,   165,   176,   180,   194,   199,   205,   208,   213,   214,   216,   220,   222,   225,
      228,   231,   234,   239,   255,   271,   272,   278,   297,   306,   322,   328,   338,   339,   341,   348,
      351,   355,   357,   364,   370,   371,   389,   403,   412,   426,   428,   432,   446,   450,   457,   461,
      462,   473,   474,   477,   484,   485,   486,
};

static const uint8_t notoserif_12_boldKernSparseCols[] = {
     10,  24,  25,  37,  51,   8,  15,  17,  18,  20,   2,   5,   6,  10,  37,  51,
      8,  12,  15,  16,  17,  18,  20,  30,  31,  33,  50,  56,  57,  58,  59,  61,
     10,  20,   1,   4,   8,  12,  15,  16,  17,  18,  20,  24,  25,  29,  30,  31,
     33,  62,   4,   8,  10,  15,  17,  18,  19,  20,  21,  31,  33,  37,  51,  56,
      5,   6,   8,  10,  15,  17,  18,  19,  20,  37,  51,  52,  56,  17,  18,  20,
      2,   5,   6,   9,  10,  22,  24,  25,  37,   8,  15,  17,  18,  20,  37,  12,
     24,  25,  29,  31,  33,   1,   4,   8,  15,  17,  18,  20,  30,  31,  33,  36,
     62,  35,   4,   8,  12,  15,  16,  17,  18,  20,  30,  31,  33,   8,  10,  15,
     17,  18,  19,  20,  31,  33,  37,  51,  56,   2,   5,   6,   9,  10,  12,  22,
     24,  25,  27,  37,   5,   6,   9,  10,  37,   2,   5,   6,   9,  10,  12,  22,
     24,  25,  27,  37,  51,   5,   6,   9,  10,  12,  22,  24,  25,  27,  34,  37,
     12,  14,  31,  33,   2,   5,   6,   9,  10,  12,  14,  22,  24,  25,  27,  34,
     37,  51,   1,  33,  58,  59,  61,  17,  18,  20,  33,  58,  61,  17,  18,  20,
      1,   3,   4,  38,  39,  18,  24,  25,   4,   5,   6,  22,  20,  58,   5,   6,
     10,   5,   6,  10,   5,   6,  10,  17,  18,  20,   8,  15,  17,  18,  20,   1,
      4,   8,  12,  15,  16,  17,  18,  20,  24,  25,  29,  30,  31,  33,  62,   0,
      1,   3,   4,   8,  11,  13,  15,  16,  17,  18,  19,  20,  21,  23,  62,  39,
      0,   1,   3,   8,  23,  62,   5,   6,   7,   8,  10,  15,  17,  18,  20,  22,
     24,  25,  26,  27,  28,  30,  31,  32,  33,   4,   5,   6,  26,  28,  29,  30,
     31,  33,   5,   6,   7,  10,  12,  22,  24,  25,  26,  27,  28,  29,  30,  31,
     33,  34,   4,   5,   6,  26,  28,  30,   1,   8,  15,  41,  42,  45,  46,  47,
     56,  62,  56,  48,  49,   8,  15,  40,  41,  56,  58,  59,  56,  58,  59,  42,
     56,  58,  59,  42,  62,   5,   6,  37,  51,  52,  56,  58,   1,   4,  56,  58,
     59,  62,  58,   1,   4,   8,  12,  15,  17,  20,  24,  25,  29,  31,  33,  50,
     56,  57,  58,  59,  62,  12,  24,  25,  29,  31,  33,  44,  50,  53,  54,  57,
     58,  59,  61,   5,   6,  31,  33,  37,  51,  52,  57,  58,   5,   6,  12,  22,
     24,  25,  27,  37,  50,  51,  53,  54,  55,  60,   5,   6,   5,   6,  37,  51,
      5,   6,  12,  22,  24,  25,  27,  37,  43,  50,  51,  54,  55,  60,   4,   5,
      6,  51,   1,   4,   8,  15,  56,  58,  61,  24,  25,  54,  60,   3,  12,  24,
     25,  29,  31,  33,  50,  53,  57,  58,  61,  57,  10,  37,  51,  10,  12,  22,
     24,  25,  27,  39,  63,  64,
};

static const int8_t notoserif_12_boldKernSparseValues[] = {
     -32,   -8,  -24,  -48,  -32,  -12,  -12,  -16,  -16,  -12,   -4,  -48,  -48,  -20,  -32,  -20,
     -36,   -8,  -36,   -8,  -44,  -36,  -32,  -28,  -24,  -20,   -8,  -36,  -28,  -32,  -20,  -20,
     -12,   -4,  -32,  -28,  -24,   -8,  -24,   -8,  -32,  -28,  -28,   -8,   -8,   -8,  -24,  -12,
     -20,  -28,   -8,   -8,   -8,   -8,  -16,  -12,   -8,  -16,   -8,   -4,   -8,  -12,   -8,   -8,
      -8,   -8,   -8,   -8,   -8,   -8,   -8,   -8,  -12,  -20,   -8,   -8,   -8,   -8,   -8,   -8,
      -8,  -48,  -48,  -16,  -28,  -16,  -16,  -16,  -44,   -8,   -8,   -8,   -8,   -8,   -8,   -8,
      -8,   -8,   -8,  -12,  -12,  -24,  -32,  -28,  -28,  -20,  -20,  -24,   -8,   -4,  -12,   -8,
     -32,   -4,   -8,   -8,   -8,   -8,   -4,  -12,  -12,  -12,   -4,   -4,   -8,   -8,   -8,   -8,
      -8,   -8,   -8,   -8,   -4,   -8,   -8,   -8,   -8,   -4,  -36,  -36,  -12,  -24,   -8,  -12,
     -15,  -15,   -2,  -32,   -8,   -8,   -4,   -8,  -16,  -12,  -44,  -44,  -20,  -32,   -8,  -24,
     -24,  -24,  -16,  -52,  -32,  -36,  -36,  -20,  -28,   -8,  -26,  -24,  -24,  -20,  -12,  -52,
      -8,   -4,  -12,  -20,   -4,  -32,  -32,  -16,  -28,  -12,   -8,  -24,  -28,  -28,  -24,   -8,
     -36,  -28,  -16,   -8,  -12,   -8,   -8,  -24,  -24,  -28,   -8,  -12,   -8,  -24,  -24,  -24,
      32,   36,   32,   16,   16,   -8,   -8,   -8,   12,  -57,  -57,   -8,  -24,   -8,  -20,  -28,
     -24,  -28,  -28,  -12,  -36,  -36,  -20,  -12,   -8,  -12,   -8,   -8,  -20,  -20,  -20,  -32,
     -28,  -24,   -8,  -24,   -8,  -32,  -28,  -28,   -8,   -8,   -8,  -20,  -12,  -20,  -28,   24,
      32,   50,   16,   52,   20,   24,   20,   28,   32,   28,   28,   40,   16,   36,   11,   24,
       9,   17,   34,   15,   16,    2,   -8,   -8,   -4,    8,  -16,    8,    8,    8,    8,   -8,
      -8,   -8,   -4,   -8,   -4,   -8,   -8,   -8,   -8,    8,   -8,   -8,    8,   12,    8,   12,
      12,   12,   -8,   -8,   -4,  -24,   -8,  -20,  -20,  -20,  -12,  -24,   -4,  -12,   -8,   -8,
      -8,  -12,    8,   -4,   -4,    8,   12,   12,  -23,   -2,   -2,  -21,  -16,   -4,  -16,  -12,
     -12,   -8,  -12,  -22,   -7,   -7,   -7,   -8,   -4,  -12,  -12,   -4,  -12,  -12,   -4,  -12,
     -12,  -12,   -4,   -4,   -2,   -8,   -8,  -20,   -8,   -8,   -8,   -8,  -12,  -20,  -12,  -12,
      -8,  -12,  -12,  -32,  -28,  -24,   -8,  -24,  -32,  -28,   -8,   -8,   -8,  -12,  -20,   -8,
     -24,  -16,  -36,  -16,  -28,   -8,   -8,   -8,   -8,  -12,  -12,   -8,   -8,   -8,   -8,  -12,
      -8,   -8,   -8,   -8,   -8,   -4,   -8,  -12,   -8,   -8,   -8,  -16,  -40,  -40,   -8,  -24,
     -24,  -24,  -16,  -52,   -8,  -40,   -8,  -16,  -12,  -16,  -36,  -36,  -48,  -48,  -32,  -20,
     -36,  -36,   -8,  -12,  -12,  -12,   -4,  -32,   -8,   -8,  -24,  -12,  -12,  -12,   12,  -28,
     -28,  -12,  -24,  -28,  -28,  -28,  -28,  -28,  -12,   -8,   -8,   -8,   -8,    8,   -8,   -8,
      -8,   -8,  -12,  -20,   -8,   -8,  -16,   -8,  -12,   -8,  -28,  -56,  -28,  -40,   -8,  -12,
     -16,  -16,  -20,    4,   32,   32,
};

static const EpdLigaturePair notoserif_12_boldLigaturePairs[] = {
    { 0x00660066, 0xFB00 }, // f f -> U+FB00
    { 0x00660069, 0xFB01 }, // f i -> U+FB01
    { 0x0066006C, 0xFB02 }, // f l -> U+FB02
    { 0xFB000069, 0xFB03 }, // U+FB00 i -> U+FB03
    { 0xFB00006C, 0xFB04 }, // U+FB00 l -> U+FB04
};

static const EpdFontData notoserif_12_bold = {
    notoserif_12_boldBitmaps,
    notoserif_12_boldGlyphs,
    notoserif_12_boldIntervals,
    18,
    34,
    27,
    -8,
    true,
    notoserif_12_boldGroups,
    13,
    nullptr,
    nullptr,  // kernLeftClasses: built-in fonts use the split arrays below
    nullptr,  // kernRightClasses
    notoserif_12_boldKernLeftCodepoints,
    notoserif_12_boldKernLeftClassIds,
    notoserif_12_boldKernRightCodepoints,
    notoserif_12_boldKernRightClassIds,
    nullptr,  // kernMatrix: built-in fonts use the sparse form below
    notoserif_12_boldKernRowOffsets,
    notoserif_12_boldKernSparseCols,
    notoserif_12_boldKernSparseValues,
    381,
    448,
    70,
    65,
    notoserif_12_boldLigaturePairs,
    5,
};
