/**
 * generated by fontconvert.py
 * name: notosansui_12_regular
 * size: 12
 * mode: 1-bit
 * Command used: fontconvert.py notosansui_12_regular 12 ../builtinFonts/source/NotoSans/NotoSans-Regular.ttf ../builtinFonts/source/NotoSansHebrew/NotoSansHebrew-Regular.ttf --additional-intervals 0x05D0,0x05EA --force-autohint
 */
#pragma once
#include "EpdFontData.h"

static const uint8_t notosansui_12_regularBitmaps[30680] = {
    0xFF, 0xFF, 0xFF, 0xFF, 0xFE, 0x07, 0xFC, 0xE7, 0xE7, 0xE7, 0xE7, 0x67, 0x67, 0x66, 0x07, 0x38,
    0x0C, 0x70, 0x18, 0xE0, 0x31, 0x80, 0xE3, 0x0F, 0xFF, 0xDF, 0xFF, 0x86, 0x38, 0x0C, 0x60, 0x38,
    0xC0, 0x71, 0x87, 0xFF, 0xEF, 0xFF, 0xC3, 0x1C, 0x06, 0x30, 0x1C, 0x60, 0x39, 0xC0, 0x63, 0x80,
    0x06, 0x00, 0x60, 0x3F, 0xC7, 0xFE, 0xF6, 0xCE, 0x60, 0xE6, 0x0E, 0x60, 0xFE, 0x07, 0xF8, 0x1F,
    0xC0, 0x7E, 0x06, 0xF0, 0x67, 0x06, 0x7E, 0x7E, 0xFF, 0xEF, 0xF8, 0x06, 0x00, 0x60, 0x06, 0x00,
    0x7C, 0x06, 0x3F, 0x83, 0x0E, 0xE1, 0xC3, 0xB8, 0x60, 0xEE, 0x38, 0x3B, 0x8C, 0x0E, 0xE6, 0xF3,
    0xB9, 0xFE, 0xEE, 0xDD, 0xDF, 0x37, 0x77, 0xDB, 0x9C, 0x0E, 0xE7, 0x03, 0x39, 0xC1, 0x8E, 0x70,
    0x61, 0xDC, 0x30, 0x77, 0x0C, 0x1F, 0x86, 0x03, 0xE0, 0x1F, 0xC0, 0x0F, 0xF8, 0x03, 0x8E, 0x01,
    0xC3, 0x80, 0x70, 0xE0, 0x0E, 0x38, 0x03, 0xFC, 0x00, 0x7E, 0x00, 0x1F, 0x00, 0x1F, 0xE1, 0xCF,
    0x3C, 0x73, 0x87, 0x9C, 0xE0, 0xFE, 0x38, 0x1F, 0x8E, 0x03, 0xC3, 0xC3, 0xF8, 0x7F, 0xFF, 0x0F,
    0xF1, 0xE0, 0xFF, 0xF6, 0xD8, 0x1C, 0xE3, 0x9C, 0x73, 0xCE, 0x38, 0xE3, 0x8E, 0x38, 0xE3, 0x8E,
    0x38, 0xE1, 0xC7, 0x1C, 0x38, 0x71, 0xC0, 0xE0, 0xE0, 0xE1, 0xC3, 0x83, 0x87, 0x0E, 0x1C, 0x1C,
    0x38, 0x70, 0xE3, 0xC7, 0x0E, 0x1C, 0x38, 0xE1, 0xC7, 0x0E, 0x38, 0x00, 0x0E, 0x00, 0xE0, 0x0E,
    0x0C, 0x63, 0xFF, 0xFF, 0xFF, 0x1F, 0x81, 0xF0, 0x1F, 0x83, 0x9C, 0x39, 0xC1, 0x08, 0x0E, 0x00,
    0xE0, 0x0E, 0x00, 0xE0, 0x0E, 0x0F, 0xFF, 0xFF, 0xF0, 0xE0, 0x0E, 0x00, 0xE0, 0x0E, 0x00, 0xE0,
    0x77, 0xEE, 0xEC, 0xFF, 0xF0, 0xFF, 0x80, 0x03, 0x80, 0xE0, 0x38, 0x1C, 0x07, 0x03, 0x80, 0xE0,
    0x38, 0x1C, 0x07, 0x01, 0xC0, 0xE0, 0x38, 0x0C, 0x07, 0x01, 0xC0, 0xE0, 0x38, 0x00, 0x1F, 0x83,
    0xFC, 0x79, 0xEF, 0x0E, 0xE0, 0x7E, 0x07, 0xE0, 0x7E, 0x07, 0xE0, 0x7E, 0x07, 0xE0, 0x7E, 0x07,
    0xE0, 0x7E, 0x07, 0x70, 0xF7, 0x9E, 0x3F, 0xC1, 0xF8, 0x0F, 0x1F, 0x3F, 0xF7, 0x67, 0x07, 0x07,
    0x07, 0x07, 0x07, 0x07, 0x07, 0x07, 0x07, 0x07, 0x07, 0x07, 0x07, 0x3F, 0x8F, 0xFC, 0xF1, 0xE4,
    0x0E, 0x00, 0xE0, 0x0E, 0x00, 0xE0, 0x0E, 0x01, 0xC0, 0x3C, 0x07, 0x80, 0xF0, 0x1E, 0x03, 0xC0,
    0x78, 0x0F, 0x00, 0xFF, 0xFF, 0xFF, 0x3F, 0xCF, 0xFE, 0xF1, 0xE0, 0x0F, 0x00, 0x70, 0x0E, 0x01,
    0xE3, 0xFC, 0x3F, 0xC0, 0x3E, 0x00, 0x70, 0x07, 0x00, 0x70, 0x07, 0x00, 0x7E, 0x1F, 0xFF, 0xEF,
    0xF8, 0x00, 0xE0, 0x0F, 0x00, 0xF8, 0x07, 0xC0, 0x7E, 0x07, 0x70, 0x33, 0x83, 0x9C, 0x38, 0xE3,
    0x87, 0x1C, 0x39, 0xC1, 0xCF, 0xFF, 0xFF, 0xFC, 0x03, 0x80, 0x1C, 0x00, 0xE0, 0x07, 0x00, 0x7F,
    0xC7, 0xFC, 0xE0, 0x0E, 0x00, 0xE0, 0x0E, 0x00, 0xFF, 0x8F, 0xFC, 0x63, 0xE0, 0x0E, 0x00, 0xF0,
    0x07, 0x00, 0x70, 0x0E, 0x00, 0xEE, 0x3E, 0xFF, 0xCF, 0xF0, 0x0F, 0xE1, 0xFE, 0x3C, 0x07, 0x00,
    0x70, 0x0E, 0x00, 0xEF, 0xCF, 0xFE, 0xF9, 0xFE, 0x07, 0xE0, 0x7E, 0x07, 0xE0, 0x7E, 0x07, 0xF0,
    0x77, 0x9E, 0x3F, 0xE1, 0xFC, 0xFF, 0xFF, 0xFF, 0x00, 0x70, 0x07, 0x00, 0xE0, 0x0E, 0x01, 0xC0,
    0x1C, 0x03, 0x80, 0x38, 0x07, 0x00, 0x70, 0x0F, 0x00, 0xE0, 0x0E, 0x01, 0xC0, 0x1C, 0x03, 0x80,
    0x1F, 0xC7, 0xFE, 0x79, 0xEF, 0x0F, 0xE0, 0x77, 0x0E, 0x79, 0xE3, 0xFC, 0x1F, 0x83, 0xFC, 0x71,
    0xEE, 0x07, 0xE0, 0x7E, 0x07, 0xE0, 0x7F, 0x0F, 0x7F, 0xE3, 0xFC, 0x3F, 0x87, 0xFC, 0xF1, 0xEE,
    0x0F, 0xE0, 0x7E, 0x07, 0xE0, 0x7E, 0x07, 0xF1, 0xF7, 0xFF, 0x3F, 0x70, 0x07, 0x00, 0x70, 0x0E,
    0x01, 0xE0, 0x3C, 0x7F, 0x87, 0xF0, 0xFF, 0x80, 0x00, 0x00, 0x7F, 0xC0, 0x77, 0x70, 0x00, 0x00,
    0x00, 0x07, 0x7E, 0xEE, 0xC0, 0x00, 0x10, 0x07, 0x01, 0xF0, 0x7E, 0x1F, 0x07, 0xC0, 0xF0, 0x0F,
    0x80, 0x7E, 0x01, 0xF8, 0x07, 0xF0, 0x0F, 0x00, 0x30, 0x00, 0xFF, 0xFF, 0xFC, 0x00, 0x00, 0x00,
    0x01, 0xFF, 0xFF, 0xF8, 0x80, 0x0E, 0x00, 0xF8, 0x07, 0xE0, 0x0F, 0x80, 0x3E, 0x00, 0xF0, 0x1F,
    0x07, 0xE1, 0xF8, 0xFE, 0x0F, 0x00, 0xC0, 0x00, 0x00, 0x7F, 0x9F, 0xF9, 0x8F, 0x00, 0xF0, 0x0E,
    0x03, 0xC0, 0x70, 0x3C, 0x0F, 0x03, 0xC0, 0x70, 0x0E, 0x01, 0x80, 0x00, 0x00, 0x00, 0xE0, 0x1C,
    0x03, 0x80, 0x03, 0xFE, 0x00, 0xFF, 0xF8, 0x1F, 0x07, 0xC3, 0xC0, 0x1E, 0x79, 0xFC, 0xE7, 0x3F,
    0xC7, 0xE7, 0x9C, 0x7E, 0x71, 0xC7, 0xEF, 0x1C, 0x7E, 0xE1, 0xC7, 0xEE, 0x1C, 0x7E, 0xF1, 0xC7,
    0xE7, 0x3E, 0xFE, 0x7F, 0xFE, 0xE3, 0xE7, 0xC7, 0x00, 0x00, 0x78, 0x00, 0x03, 0xE0, 0xE0, 0x1F,
    0xFE, 0x00, 0x7F, 0xC0, 0x03, 0xC0, 0x03, 0xC0, 0x03, 0xC0, 0x07, 0xE0, 0x07, 0xE0, 0x0E, 0x70,
    0x0E, 0x70, 0x0E, 0x70, 0x1C, 0x38, 0x1C, 0x38, 0x1F, 0xF8, 0x3F, 0xFC, 0x38, 0x1C, 0x70, 0x0E,
    0x70, 0x0E, 0x70, 0x0E, 0xE0, 0x07, 0xE0, 0x07, 0xFF, 0xC7, 0xFF, 0xB8, 0x3D, 0xC0, 0xEE, 0x07,
    0x70, 0x3B, 0x83, 0xDF, 0xFC, 0xFF, 0xE7, 0x0F, 0xB8, 0x1D, 0xC0, 0x7E, 0x03, 0xF0, 0x3F, 0x81,
    0xDC, 0x1E, 0xFF, 0xE7, 0xFE, 0x00, 0x0F, 0xF8, 0x7F, 0xF3, 0xE1, 0x9E, 0x00, 0x70, 0x03, 0x80,
    0x0E, 0x00, 0x38, 0x00, 0xE0, 0x03, 0x80, 0x0E, 0x00, 0x38, 0x00, 0xE0, 0x03, 0xC0, 0x07, 0x80,
    0x0F, 0x86, 0x1F, 0xF8, 0x3F, 0xE0, 0xFF, 0xC1, 0xFF, 0xE3, 0x87, 0xE7, 0x01, 0xCE, 0x01, 0xDC,
    0x03, 0xB8, 0x07, 0x70, 0x07, 0xE0, 0x0F, 0xC0, 0x1F, 0x80, 0x3F, 0x00, 0xEE, 0x01, 0xDC, 0x07,
    0xB8, 0x1E, 0x70, 0xF8, 0xFF, 0xE1, 0xFF, 0x80, 0xFF, 0xFF, 0xFE, 0x03, 0x80, 0xE0, 0x38, 0x0E,
    0x03, 0xFF, 0xFF, 0xF8, 0x0E, 0x03, 0x80, 0xE0, 0x38, 0x0E, 0x03, 0x80, 0xFF, 0xFF, 0xF0, 0xFF,
    0xFF, 0xFE, 0x03, 0x80, 0xE0, 0x38, 0x0E, 0x03, 0x80, 0xFF, 0xFF, 0xFE, 0x03, 0x80, 0xE0, 0x38,
    0x0E, 0x03, 0x80, 0xE0, 0x38, 0x00, 0x07, 0xFC, 0x3F, 0xFC, 0xF8, 0x33, 0xC0, 0x07, 0x00, 0x1C,
    0x00, 0x38, 0x00, 0x70, 0x00, 0xE0, 0xFF, 0xC1, 0xFF, 0x80, 0x3F, 0x00, 0x7E, 0x00, 0xFE, 0x01,
    0xDE, 0x03, 0x9F, 0x07, 0x1F, 0xFE, 0x1F, 0xFC, 0xE0, 0x1F, 0x80, 0x7E, 0x01, 0xF8, 0x07, 0xE0,
    0x1F, 0x80, 0x7E, 0x01, 0xFF, 0xFF, 0xFF, 0xFF, 0x80, 0x7E, 0x01, 0xF8, 0x07, 0xE0, 0x1F, 0x80,
    0x7E, 0x01, 0xF8, 0x07, 0xE0, 0x1F, 0x80, 0x70, 0xFF, 0xF3, 0x8E, 0x38, 0xE3, 0x8E, 0x38, 0xE3,
    0x8E, 0x38, 0xE3, 0x8E, 0xFF, 0xF0, 0x0E, 0x1C, 0x38, 0x70, 0xE1, 0xC3, 0x87, 0x0E, 0x1C, 0x38,
    0x70, 0xE1, 0xC3, 0x87, 0x0E, 0x1C, 0x38, 0xF1, 0xDF, 0xBE, 0x00, 0xE0, 0x7B, 0x83, 0xCE, 0x1E,
    0x38, 0x70, 0xE3, 0x83, 0x9C, 0x0E, 0xE0, 0x3F, 0x80, 0xFE, 0x03, 0xF8, 0x0E, 0xF0, 0x39, 0xE0,
    0xE3, 0xC3, 0x87, 0x0E, 0x1E, 0x38, 0x3C, 0xE0, 0x73, 0x80, 0xE0, 0xE0, 0x38, 0x0E, 0x03, 0x80,
    0xE0, 0x38, 0x0E, 0x03, 0x80, 0xE0, 0x38, 0x0E, 0x03, 0x80, 0xE0, 0x38, 0x0E, 0x03, 0x80, 0xFF,
    0xFF, 0xF0, 0xF0, 0x03, 0xFE, 0x00, 0xFF, 0x80, 0x7F, 0xE0, 0x1F, 0xFC, 0x07, 0xFF, 0x03, 0xFE,
    0xC0, 0xDF, 0xB8, 0x77, 0xEE, 0x1D, 0xF9, 0x86, 0x7E, 0x73, 0x9F, 0x9C, 0xE7, 0xE3, 0xB1, 0xF8,
    0xFC, 0x7E, 0x3F, 0x1F, 0x87, 0x87, 0xE1, 0xE1, 0xF8, 0x70, 0x70, 0xF0, 0x0F, 0xE0, 0x1F, 0xE0,
    0x3F, 0xC0, 0x7F, 0xC0, 0xFF, 0xC1, 0xFB, 0x83, 0xF3, 0x87, 0xE7, 0x0F, 0xC7, 0x1F, 0x8F, 0x3F,
    0x0E, 0x7E, 0x0E, 0xFC, 0x1D, 0xF8, 0x1F, 0xF0, 0x3F, 0xE0, 0x3F, 0xC0, 0x3C, 0x0F, 0xF0, 0x0F,
    0xFE, 0x0F, 0x0F, 0x8E, 0x01, 0xCF, 0x00, 0x77, 0x00, 0x3B, 0x80, 0x1D, 0xC0, 0x07, 0xE0, 0x03,
    0xF0, 0x01, 0xF8, 0x00, 0xFC, 0x00, 0xEE, 0x00, 0x77, 0x80, 0x39, 0xC0, 0x38, 0x78, 0x7C, 0x1F,
    0xFC, 0x07, 0xF8, 0x00, 0xFF, 0x8F, 0xFC, 0xE1, 0xEE, 0x0E, 0xE0, 0x7E, 0x07, 0xE0, 0xFE, 0x0E,
    0xE3, 0xEF, 0xFC, 0xFF, 0x0E, 0x00, 0xE0, 0x0E, 0x00, 0xE0, 0x0E, 0x00, 0xE0, 0x0E, 0x00, 0x0F,
    0xF0, 0x0F, 0xFE, 0x0F, 0x0F, 0x8E, 0x01, 0xCF, 0x00, 0x77, 0x00, 0x3B, 0x80, 0x1D, 0xC0, 0x07,
    0xE0, 0x03, 0xF0, 0x01, 0xF8, 0x00, 0xFC, 0x00, 0xEE, 0x00, 0x77, 0x80, 0x39, 0xC0, 0x38, 0x78,
    0x7C, 0x1F, 0xFC, 0x07, 0xF8, 0x00, 0x1E, 0x00, 0x07, 0x80, 0x03, 0xC0, 0x00, 0xF0, 0xFF, 0x87,
    0xFF, 0x38, 0x79, 0xC1, 0xEE, 0x07, 0x70, 0x3B, 0x83, 0x9C, 0x3C, 0xFF, 0xC7, 0xF8, 0x38, 0xE1,
    0xC7, 0x0E, 0x1C, 0x70, 0xE3, 0x83, 0x9C, 0x1E, 0xE0, 0x77, 0x03, 0xC0, 0x3F, 0xE7, 0xFE, 0xF0,
    0xEE, 0x00, 0xE0, 0x0E, 0x00, 0xF0, 0x07, 0xC0, 0x3F, 0x01, 0xFC, 0x03, 0xE0, 0x0E, 0x00, 0xF0,
    0x07, 0x00, 0xEE, 0x1E, 0xFF, 0xCF, 0xF8, 0xFF, 0xFF, 0xFF, 0xC1, 0xC0, 0x0E, 0x00, 0x70, 0x03,
    0x80, 0x1C, 0x00, 0xE0, 0x07, 0x00, 0x38, 0x01, 0xC0, 0x0E, 0x00, 0x70, 0x03, 0x80, 0x1C, 0x00,
    0xE0, 0x07, 0x00, 0x38, 0x00, 0xE0, 0x1F, 0x80, 0x7E, 0x01, 0xF8, 0x07, 0xE0, 0x1F, 0x80, 0x7E,
    0x01, 0xF8, 0x07, 0xE0, 0x1F, 0x80, 0x7E, 0x01, 0xF8, 0x07, 0xE0, 0x1F, 0x80, 0x7F, 0x03, 0xDE,
    0x1E, 0x3F, 0xF0, 0x7F, 0x80, 0xE0, 0x0F, 0xC0, 0x1D, 0xC0, 0x73, 0x80, 0xE7, 0x01, 0xC7, 0x07,
    0x0E, 0x0E, 0x1C, 0x1C, 0x1C, 0x70, 0x38, 0xE0, 0x71, 0xC0, 0x77, 0x00, 0xEE, 0x01, 0xDC, 0x01,
    0xF0, 0x03, 0xE0, 0x07, 0xC0, 0x07, 0x00, 0xE0, 0x38, 0x0F, 0xC0, 0x78, 0x1D, 0xC1, 0xF0, 0x3B,
    0x83, 0xE0, 0xE7, 0x06, 0xC1, 0xCE, 0x1D, 0xC3, 0x8E, 0x3B, 0x87, 0x1C, 0x77, 0x1C, 0x38, 0xC7,
    0x38, 0x73, 0x8E, 0x70, 0x77, 0x1C, 0xE0, 0xEE, 0x1F, 0x81, 0xF8, 0x3F, 0x03, 0xF0, 0x7E, 0x03,
    0xE0, 0x78, 0x07, 0x80, 0xF0, 0x0F, 0x01, 0xE0, 0x0E, 0x03, 0xC0, 0xF0, 0x1C, 0xE0, 0x78, 0xE0,
    0xE1, 0xE3, 0x81, 0xC7, 0x01, 0xDC, 0x03, 0xF0, 0x03, 0xE0, 0x07, 0x80, 0x0F, 0x80, 0x3F, 0x00,
    0x77, 0x01, 0xCE, 0x03, 0x8E, 0x0E, 0x1E, 0x38, 0x1C, 0x70, 0x1D, 0xC0, 0x3C, 0xE0, 0x1D, 0xE0,
    0x39, 0xC0, 0xE1, 0xC1, 0xC3, 0x87, 0x03, 0x8E, 0x07, 0x38, 0x07, 0x70, 0x0F, 0xC0, 0x0F, 0x80,
    0x1E, 0x00, 0x1C, 0x00, 0x38, 0x00, 0x70, 0x00, 0xE0, 0x01, 0xC0, 0x03, 0x80, 0x07, 0x00, 0xFF,
    0xFF, 0xFF, 0x00, 0xF0, 0x0E, 0x01, 0xE0, 0x1C, 0x03, 0x80, 0x78, 0x07, 0x00, 0xE0, 0x1E, 0x01,
    0xC0, 0x38, 0x07, 0x80, 0x70, 0x0E, 0x00, 0xFF, 0xFF, 0xFF, 0xFF, 0xFE, 0x38, 0xE3, 0x8E, 0x38,
    0xE3, 0x8E, 0x38, 0xE3, 0x8E, 0x38, 0xE3, 0x8E, 0x38, 0xFF, 0xF0, 0xE0, 0x38, 0x07, 0x01, 0xC0,
    0x30, 0x0E, 0x03, 0x80, 0x70, 0x1C, 0x07, 0x00, 0xE0, 0x38, 0x0E, 0x01, 0xC0, 0x70, 0x0E, 0x03,
    0x80, 0xE0, 0xFF, 0xFC, 0x38, 0x70, 0xE1, 0xC3, 0x87, 0x0E, 0x1C, 0x38, 0x70, 0xE1, 0xC3, 0x87,
    0x0E, 0x1C, 0x38, 0x7F, 0xFF, 0xC0, 0x03, 0x00, 0x1C, 0x00, 0x78, 0x03, 0xE0, 0x0F, 0xC0, 0x33,
    0x01, 0xCE, 0x06, 0x18, 0x38, 0x70, 0xC0, 0xC7, 0x03, 0x9C, 0x06, 0xFF, 0xFF, 0xFC, 0xE1, 0xC7,
    0x8E, 0x3F, 0xCF, 0xFC, 0xC7, 0x80, 0x70, 0x0E, 0x7F, 0xDF, 0xFF, 0xC7, 0xE0, 0xFC, 0x1F, 0x83,
    0xF9, 0xFF, 0xFE, 0xFE, 0xC0, 0xE0, 0x0E, 0x00, 0xE0, 0x0E, 0x00, 0xE0, 0x0F, 0xFC, 0xFF, 0xEF,
    0x1E, 0xE0, 0x7E, 0x07, 0xE0, 0x7E, 0x07, 0xE0, 0x7E, 0x07, 0xE0, 0x7E, 0x07, 0xF9, 0xEF, 0xFE,
    0xDF, 0xC0, 0x1F, 0xDF, 0xF7, 0x8B, 0x80, 0xE0, 0x38, 0x0E, 0x03, 0x80, 0xE0, 0x38, 0x0E, 0x01,
    0xE3, 0x7F, 0xC7, 0xF0, 0x00, 0x70, 0x07, 0x00, 0x70, 0x07, 0x00, 0x73, 0xFF, 0x7F, 0xF7, 0x9F,
    0xE0, 0x7E, 0x07, 0xE0, 0x7E, 0x07, 0xE0, 0x7E, 0x07, 0xE0, 0x7E, 0x07, 0x79, 0xF7, 0xFF, 0x3F,
    0xB0, 0x1F, 0x87, 0xFC, 0x71, 0xEE, 0x0E, 0xE0, 0x7F, 0xFF, 0xFF, 0xFE, 0x00, 0xE0, 0x0E, 0x00,
    0xF0, 0x07, 0x86, 0x3F, 0xE1, 0xFE, 0x1F, 0xCF, 0xE3, 0x80, 0xE0, 0x38, 0x3F, 0xCF, 0xF0, 0xE0,
    0x38, 0x0E, 0x03, 0x80, 0xE0, 0x38, 0x0E, 0x03, 0x80, 0xE0, 0x38, 0x0E, 0x03, 0x80, 0x3F, 0xB7,
    0xFF, 0x79, 0xFE, 0x07, 0xE0, 0x7E, 0x07, 0xE0, 0x7E, 0x07, 0xE0, 0x7E, 0x07, 0xE0, 0x77, 0x8F,
    0x7F, 0xF3, 0xFF, 0x00, 0x70, 0x07, 0x00, 0x76, 0x1F, 0x7F, 0xE7, 0xFC, 0xE0, 0x0E, 0x00, 0xE0,
    0x0E, 0x00, 0xE0, 0x0F, 0xFC, 0xFF, 0xEF, 0x9E, 0xE0, 0xFE, 0x07, 0xE0, 0x7E, 0x07, 0xE0, 0x7E,
    0x07, 0xE0, 0x7E, 0x07, 0xE0, 0x7E, 0x07, 0xE0, 0x70, 0xDF, 0x01, 0xFF, 0xFF, 0xFF, 0xFF, 0xFF,
    0x80, 0x0C, 0x1C, 0x30, 0x00, 0x01, 0xC3, 0x87, 0x0E, 0x1C, 0x38, 0x70, 0xE1, 0xC3, 0x87, 0x0E,
    0x1C, 0x38, 0x70, 0xE1, 0xC7, 0x7E, 0xF8, 0xE0, 0x0E, 0x00, 0xE0, 0x0E, 0x00, 0xE0, 0x0E, 0x1E,
    0xE3, 0xCE, 0x78, 0xE7, 0x0E, 0xE0, 0xFC, 0x0F, 0xC0, 0xFE, 0x0E, 0xF0, 0xE7, 0x0E, 0x38, 0xE3,
    0xCE, 0x1E, 0xE0, 0xE0, 0xFF, 0xFF, 0xFF, 0xFF, 0xFF, 0xFF, 0xFF, 0x80, 0xDF, 0xCF, 0xCF, 0xFF,
    0xFE, 0xF1, 0xF8, 0xFE, 0x0F, 0x07, 0xE0, 0xF0, 0x7E, 0x0E, 0x07, 0xE0, 0xE0, 0x7E, 0x0E, 0x07,
    0xE0, 0xE0, 0x7E, 0x0E, 0x07, 0xE0, 0xE0, 0x7E, 0x0E, 0x07, 0xE0, 0xE0, 0x7E, 0x0E, 0x07, 0xDF,
    0xCF, 0xFE, 0xF9, 0xEE, 0x0F, 0xE0, 0x7E, 0x07, 0xE0, 0x7E, 0x07, 0xE0, 0x7E, 0x07, 0xE0, 0x7E,
    0x07, 0xE0, 0x7E, 0x07, 0x1F, 0x83, 0xFF, 0x1E, 0x3D, 0xC0, 0xEE, 0x07, 0x70, 0x1F, 0x80, 0xFC,
    0x07, 0xE0, 0x3F, 0x03, 0xB8, 0x1C, 0xF1, 0xE3, 0xFE, 0x0F, 0xE0, 0xDF, 0xCF, 0xFE, 0xF1, 0xEE,
    0x07, 0xE0, 0x7E, 0x07, 0xE0, 0x7E, 0x07, 0xE0, 0x7E, 0x07, 0xE0, 0x7F, 0x9E, 0xFF, 0xEF, 0xFC,
    0xE0, 0x0E, 0x00, 0xE0, 0x0E, 0x00, 0xE0, 0x0E, 0x00, 0x3F, 0xB7, 0xFF, 0x79, 0xFE, 0x07, 0xE0,
    0x7E, 0x07, 0xE0, 0x7E, 0x07, 0xE0, 0x7E, 0x07, 0xE0, 0x77, 0x8F, 0x7F, 0xF3, 0xFF, 0x00, 0x70,
    0x07, 0x00, 0x70, 0x07, 0x00, 0x70, 0x07, 0xCF, 0xDF, 0xF8, 0xF0, 0xE0, 0xE0, 0xE0, 0xE0, 0xE0,
    0xE0, 0xE0, 0xE0, 0xE0, 0xE0, 0x7F, 0xBF, 0xEE, 0x1B, 0x80, 0xE0, 0x3E, 0x07, 0xE0, 0x7E, 0x07,
    0x80, 0xF0, 0x1F, 0x0E, 0xFF, 0xBF, 0xC0, 0x30, 0x30, 0x30, 0xFF, 0xFF, 0x70, 0x70, 0x70, 0x70,
    0x70, 0x70, 0x70, 0x70, 0x70, 0x38, 0x3F, 0x1F, 0xE0, 0x7E, 0x07, 0xE0, 0x7E, 0x07, 0xE0, 0x7E,
    0x07, 0xE0, 0x7E, 0x07, 0xE0, 0x7E, 0x0F, 0xE0, 0xFF, 0x1F, 0x7F, 0xF3, 0xF7, 0xE0, 0x3F, 0x03,
    0xDC, 0x1C, 0xE0, 0xE7, 0x0E, 0x1C, 0x70, 0xE3, 0x87, 0x38, 0x1D, 0xC0, 0xEE, 0x07, 0xE0, 0x1F,
    0x00, 0xF8, 0x03, 0x80, 0xE0, 0xF0, 0x7E, 0x0F, 0x0E, 0x70, 0xF0, 0xE7, 0x1F, 0x0E, 0x71, 0xF8,
    0xE7, 0x1B, 0x9C, 0x3B, 0x99, 0xC3, 0xB9, 0xDC, 0x3B, 0x9D, 0x83, 0xF1, 0xF8, 0x1F, 0x0F, 0x81,
    0xF0, 0xF8, 0x1E, 0x0F, 0x01, 0xE0, 0x70, 0x70, 0x7B, 0xC3, 0x8E, 0x38, 0x3B, 0xC1, 0xFC, 0x07,
    0xC0, 0x1E, 0x01, 0xF0, 0x0F, 0x80, 0xEE, 0x0F, 0x38, 0x71, 0xE7, 0x07, 0x78, 0x1C, 0x70, 0x1D,
    0xC0, 0xE7, 0x03, 0x8E, 0x1E, 0x38, 0x70, 0x71, 0xC1, 0xCE, 0x07, 0x38, 0x0E, 0xE0, 0x3F, 0x00,
    0xFC, 0x01, 0xF0, 0x07, 0x80, 0x0E, 0x00, 0x38, 0x01, 0xC0, 0x07, 0x00, 0x38, 0x07, 0xE0, 0x1F,
    0x00, 0x7F, 0xDF, 0xF0, 0x1C, 0x0E, 0x07, 0x81, 0xC0, 0xE0, 0x78, 0x3C, 0x0E, 0x07, 0x83, 0xC0,
    0xFF, 0xFF, 0xF0, 0x07, 0x1F, 0x1E, 0x1C, 0x1C, 0x1C, 0x1C, 0x1C, 0x1C, 0x38, 0xF0, 0xF0, 0x78,
    0x3C, 0x1C, 0x1C, 0x1C, 0x1C, 0x1C, 0x1E, 0x1F, 0x0F, 0xFF, 0xFF, 0xFF, 0xFF, 0xFF, 0xFF, 0xFF,
    0xFF, 0xFF, 0xE0, 0xF0, 0xF8, 0x38, 0x1C, 0x1C, 0x1C, 0x1C, 0x1C, 0x1C, 0x1E, 0x0F, 0x0F, 0x1E,
    0x1C, 0x1C, 0x1C, 0x1C, 0x1C, 0x1C, 0x38, 0xF8, 0xF0, 0xFE, 0x3F, 0xFF, 0xC7, 0xF0, 0xFF, 0x81,
    0xFF, 0xFF, 0xFF, 0xFF, 0xFC, 0x0E, 0x07, 0xF7, 0xFD, 0xE7, 0xF0, 0x38, 0x0E, 0x03, 0x80, 0xE0,
    0x38, 0x0E, 0x03, 0x80, 0xF0, 0x1E, 0x77, 0xFC, 0x7F, 0x0E, 0x03, 0x80, 0x0F, 0xF0, 0xFF, 0xC7,
    0x8C, 0x78, 0x03, 0x80, 0x1C, 0x00, 0xE0, 0x07, 0x00, 0xFF, 0xC7, 0xFE, 0x0E, 0x00, 0x70, 0x03,
    0x80, 0x1C, 0x00, 0xE0, 0x0E, 0x00, 0xFF, 0xFF, 0xFF, 0xC0, 0x40, 0x2F, 0xFF, 0x7F, 0xE3, 0x9C,
    0x70, 0xE7, 0x06, 0x70, 0x67, 0x0E, 0x39, 0xC7, 0xFE, 0xFF, 0xF4, 0x02, 0xE0, 0x1F, 0xC0, 0xF7,
    0x03, 0x8E, 0x1C, 0x38, 0x70, 0x73, 0x81, 0xCE, 0x03, 0xF0, 0x0F, 0xC0, 0xFF, 0xC3, 0xFF, 0x01,
    0xC0, 0x07, 0x00, 0xFF, 0xC3, 0xFF, 0x01, 0xC0, 0x07, 0x00, 0x1C, 0x00, 0xFF, 0xFF, 0xFF, 0xFC,
    0x00, 0x07, 0xFF, 0xFF, 0xFF, 0xE0, 0x7F, 0xBF, 0xEE, 0x1B, 0x80, 0xF0, 0x1F, 0x07, 0xF3, 0xBE,
    0xE3, 0xF8, 0x7F, 0x39, 0xFE, 0x3F, 0x03, 0xE0, 0x3C, 0x07, 0xC3, 0xBF, 0xEF, 0xF0, 0xC7, 0xDF,
    0x18, 0x03, 0xFC, 0x01, 0xFF, 0xC0, 0x7C, 0x3E, 0x1C, 0x01, 0xC3, 0x1F, 0xDC, 0xC7, 0xF9, 0xD9,
    0xE2, 0x1B, 0x38, 0x03, 0x47, 0x00, 0x78, 0xE0, 0x0D, 0x1C, 0x01, 0xB3, 0x80, 0x36, 0x70, 0x06,
    0xEF, 0x31, 0xCC, 0xFE, 0x71, 0xEF, 0xDE, 0x1F, 0x0F, 0x81, 0xFF, 0xE0, 0x0F, 0xF0, 0x00, 0x7E,
    0x7E, 0x06, 0x7F, 0x7F, 0xE7, 0xEF, 0x7F, 0x12, 0x00, 0x03, 0x9C, 0xF7, 0x9C, 0xE7, 0x39, 0xCE,
    0x39, 0xC7, 0xBC, 0x7B, 0xC7, 0x38, 0x73, 0x84, 0x20, 0xFF, 0xFF, 0xFF, 0xC0, 0x0E, 0x00, 0x70,
    0x03, 0x80, 0x1C, 0x00, 0xE0, 0xFF, 0xF0, 0x03, 0xFC, 0x01, 0xFF, 0xC0, 0x7C, 0x3E, 0x1C, 0x01,
    0xC3, 0x1F, 0x9C, 0xC3, 0xF9, 0xD8, 0x77, 0x1B, 0x0E, 0xE3, 0x41, 0xDC, 0x78, 0x3F, 0x8D, 0x07,
    0xC1, 0xB0, 0xFC, 0x36, 0x1D, 0xC6, 0xE3, 0xB9, 0xCC, 0x73, 0xF1, 0xE0, 0x1E, 0x1F, 0x0F, 0x81,
    0xFF, 0xE0, 0x0F, 0xF0, 0x00, 0xFF, 0xFF, 0xFF, 0xC0, 0x7E, 0xFF, 0xE7, 0xC3, 0xC3, 0xE7, 0xFF,
    0x7E, 0x0E, 0x00, 0xE0, 0x0E, 0x00, 0xE0, 0x0E, 0x0F, 0xFF, 0xFF, 0xF0, 0xE0, 0x0E, 0x00, 0xE0,
    0x0E, 0x00, 0xE0, 0x00, 0x0F, 0xFF, 0xFF, 0xF0, 0x7D, 0xFF, 0x18, 0x30, 0xE1, 0x87, 0x1C, 0x71,
    0xFF, 0xF8, 0x7E, 0xFF, 0x43, 0x07, 0x3E, 0x3E, 0x07, 0x03, 0x83, 0xFF, 0xFE, 0x39, 0xEF, 0x38,
    0xE0, 0x7E, 0x07, 0xE0, 0x7E, 0x07, 0xE0, 0x7E, 0x07, 0xE0, 0x7E, 0x07, 0xE0, 0x7E, 0x0F, 0xE0,
    0xFF, 0x1F, 0xFF, 0xFF, 0xF7, 0xE0, 0x0E, 0x00, 0xE0, 0x0E, 0x00, 0xE0, 0x0E, 0x00, 0x1F, 0xF9,
    0xFF, 0xDF, 0xE6, 0xFF, 0x37, 0xF9, 0xFF, 0xCF, 0xFE, 0x7F, 0xF3, 0x7F, 0x9B, 0xFC, 0xDF, 0xE6,
    0x7F, 0x33, 0xF9, 0x83, 0xCC, 0x06, 0x60, 0x33, 0x01, 0x98, 0x0C, 0xC0, 0x66, 0x03, 0x30, 0x19,
    0x80, 0xCC, 0x06, 0x60, 0x11, 0xFF, 0x80, 0x30, 0x70, 0xF0, 0x7F, 0xFF, 0x9C, 0x00, 0x1D, 0xF7,
    0xD3, 0x0C, 0x30, 0xC3, 0x0C, 0x30, 0xC0, 0x3E, 0x3F, 0x98, 0xDC, 0x6E, 0x37, 0x19, 0xDC, 0x7C,
    0x08, 0x00, 0x00, 0x1C, 0xE3, 0xDC, 0x39, 0xC3, 0x9C, 0x39, 0xC7, 0x39, 0xEF, 0x7B, 0xCE, 0x73,
    0x9C, 0x21, 0x00, 0x1E, 0x07, 0x1F, 0x83, 0x87, 0xE0, 0xE1, 0x38, 0x70, 0x0E, 0x1C, 0x03, 0x8E,
    0x00, 0xE7, 0x00, 0x39, 0xCE, 0x0E, 0xE7, 0x83, 0xB9, 0xE0, 0xFC, 0xF8, 0x0E, 0x7E, 0x03, 0x9B,
    0x81, 0xCC, 0xE0, 0x73, 0xFC, 0x38, 0xFF, 0x1C, 0x03, 0x87, 0x00, 0xE0, 0x1E, 0x0E, 0x1F, 0x83,
    0x07, 0xE1, 0xC1, 0x38, 0x60, 0x0E, 0x30, 0x03, 0x9C, 0x00, 0xE6, 0x20, 0x3B, 0xFE, 0x0E, 0xDF,
    0xC3, 0xF4, 0x70, 0xF8, 0x1C, 0x0E, 0x07, 0x07, 0x03, 0x81, 0x81, 0xC0, 0xE0, 0xE0, 0x30, 0x70,
    0x1C, 0x1F, 0xCE, 0x07, 0xF0, 0x7F, 0x03, 0x8C, 0xE0, 0x70, 0x0E, 0x1C, 0x03, 0x83, 0x03, 0xF0,
    0xE0, 0x7E, 0x38, 0x01, 0xC7, 0x00, 0x1D, 0xCE, 0xC7, 0xB3, 0xDF, 0xEE, 0x79, 0xFB, 0x9F, 0x00,
    0x67, 0xE0, 0x1C, 0xDC, 0x03, 0x33, 0x80, 0xE7, 0xF8, 0x38, 0xFF, 0x06, 0x01, 0xC1, 0xC0, 0x38,
    0x0E, 0x03, 0x80, 0xE0, 0x00, 0x00, 0x03, 0x80, 0xE0, 0x38, 0x1E, 0x0F, 0x07, 0x83, 0xC0, 0xE0,
    0x38, 0x0E, 0x03, 0xC6, 0x7F, 0xCF, 0xE0, 0x0F, 0x00, 0x07, 0x80, 0x03, 0x80, 0x01, 0xC0, 0x00,
    0x00, 0x00, 0x00, 0x03, 0xC0, 0x03, 0xC0, 0x03, 0xC0, 0x07, 0xE0, 0x07, 0xE0, 0x0E, 0x70, 0x0E,
    0x70, 0x0E, 0x70, 0x1C, 0x38, 0x1C, 0x38, 0x1F, 0xF8, 0x3F, 0xFC, 0x38, 0x1C, 0x70, 0x0E, 0x70,
    0x0E, 0x70, 0x0E, 0xE0, 0x07, 0xE0, 0x07, 0x00, 0xF0, 0x00, 0xE0, 0x01, 0xC0, 0x03, 0x80, 0x00,
    0x00, 0x00, 0x00, 0x03, 0xC0, 0x03, 0xC0, 0x03, 0xC0, 0x07, 0xE0, 0x07, 0xE0, 0x0E, 0x70, 0x0E,
    0x70, 0x0E, 0x70, 0x1C, 0x38, 0x1C, 0x38, 0x1F, 0xF8, 0x3F, 0xFC, 0x38, 0x1C, 0x70, 0x0E, 0x70,
    0x0E, 0x70, 0x0E, 0xE0, 0x07, 0xE0, 0x07, 0x03, 0xC0, 0x07, 0xE0, 0x0F, 0xE0, 0x0C, 0x70, 0x00,
    0x00, 0x00, 0x00, 0x03, 0xC0, 0x03, 0xC0, 0x03, 0xC0, 0x07, 0xE0, 0x07, 0xE0, 0x0E, 0x70, 0x0E,
    0x70, 0x0E, 0x70, 0x1C, 0x38, 0x1C, 0x38, 0x1F, 0xF8, 0x3F, 0xFC, 0x38, 0x1C, 0x70, 0x0E, 0x70,
    0x0E, 0x70, 0x0E, 0xE0, 0x07, 0xE0, 0x07, 0x0F, 0xB8, 0x1F, 0xF8, 0x19, 0xF0, 0x00, 0x00, 0x00,
    0x00, 0x03, 0xC0, 0x03, 0xC0, 0x03, 0xC0, 0x07, 0xE0, 0x07, 0xE0, 0x0E, 0x70, 0x0E, 0x70, 0x0E,
    0x70, 0x1C, 0x38, 0x1C, 0x38, 0x1F, 0xF8, 0x3F, 0xFC, 0x38, 0x1C, 0x70, 0x0E, 0x70, 0x0E, 0x70,
    0x0E, 0xE0, 0x07, 0xE0, 0x07, 0x06, 0x30, 0x03, 0xB8, 0x01, 0x8C, 0x00, 0x00, 0x00, 0x00, 0x00,
    0x0E, 0x00, 0x07, 0x80, 0x07, 0xC0, 0x03, 0xE0, 0x03, 0xB8, 0x01, 0xDC, 0x00, 0xC6, 0x00, 0xE3,
    0x80, 0x71, 0xC0, 0x70, 0x70, 0x3F, 0xF8, 0x1F, 0xFC, 0x1C, 0x07, 0x0E, 0x03, 0x86, 0x00, 0xE7,
    0x00, 0x73, 0x80, 0x3B, 0x80, 0x0E, 0x03, 0xC0, 0x01, 0xF0, 0x01, 0x98, 0x00, 0x6C, 0x00, 0x3E,
    0x00, 0x1F, 0x00, 0x0F, 0x80, 0x07, 0xC0, 0x07, 0x70, 0x03, 0xB8, 0x01, 0xDC, 0x01, 0xC7, 0x00,
    0xE3, 0x80, 0xE1, 0xC0, 0x7F, 0xF0, 0x3F, 0xF8, 0x38, 0x0E, 0x1C, 0x07, 0x0E, 0x03, 0x8E, 0x00,
    0xE7, 0x00, 0x77, 0x00, 0x38, 0x00, 0x7F, 0xFC, 0x03, 0xFF, 0xF0, 0x0E, 0xE0, 0x00, 0x73, 0x80,
    0x01, 0xCE, 0x00, 0x0E, 0x38, 0x00, 0x38, 0xE0, 0x01, 0xC3, 0xFE, 0x07, 0x0F, 0xF8, 0x38, 0x38,
    0x00, 0xFF, 0xE0, 0x07, 0xFF, 0x80, 0x1C, 0x0E, 0x00, 0xE0, 0x38, 0x03, 0x80, 0xE0, 0x0E, 0x03,
    0x80, 0x70, 0x0F, 0xFD, 0xC0, 0x3F, 0xF0, 0x0F, 0xF8, 0x7F, 0xF3, 0xE1, 0x9E, 0x00, 0x70, 0x03,
    0x80, 0x0E, 0x00, 0x38, 0x00, 0xE0, 0x03, 0x80, 0x0E, 0x00, 0x38, 0x00, 0xE0, 0x03, 0xC0, 0x07,
    0x80, 0x0F, 0x86, 0x1F, 0xF8, 0x3F, 0xE0, 0x30, 0x00, 0xE0, 0x01, 0xC0, 0x07, 0x00, 0x7C, 0x01,
    0xE0, 0x38, 0x0F, 0x01, 0xE0, 0x38, 0x00, 0x00, 0x0F, 0xFF, 0xFF, 0xE0, 0x38, 0x0E, 0x03, 0x80,
    0xE0, 0x3F, 0xFF, 0xFF, 0x80, 0xE0, 0x38, 0x0E, 0x03, 0x80, 0xE0, 0x38, 0x0F, 0xFF, 0xFF, 0x03,
    0x81, 0xC0, 0xE0, 0x30, 0x00, 0x00, 0x0F, 0xFF, 0xFF, 0xE0, 0x38, 0x0E, 0x03, 0x80, 0xE0, 0x3F,
    0xFF, 0xFF, 0x80, 0xE0, 0x38, 0x0E, 0x03, 0x80, 0xE0, 0x38, 0x0F, 0xFF, 0xFF, 0x1E, 0x0F, 0xC3,
    0xF9, 0xC7, 0x00, 0x00, 0x0F, 0xFF, 0xFF, 0xE0, 0x38, 0x0E, 0x03, 0x80, 0xE0, 0x3F, 0xFF, 0xFF,
    0x80, 0xE0, 0x38, 0x0E, 0x03, 0x80, 0xE0, 0x38, 0x0F, 0xFF, 0xFF, 0x31, 0x9C, 0xE3, 0x18, 0x00,
    0x00, 0x3F, 0xFF, 0xFF, 0x80, 0xE0, 0x38, 0x0E, 0x03, 0x80, 0xFF, 0xFF, 0xFE, 0x03, 0x80, 0xE0,
    0x38, 0x0E, 0x03, 0x80, 0xE0, 0x3F, 0xFF, 0xFC, 0xE3, 0xC7, 0x0E, 0x00, 0x0F, 0xFF, 0x38, 0xE3,
    0x8E, 0x38, 0xE3, 0x8E, 0x38, 0xE3, 0x8E, 0x38, 0xEF, 0xFF, 0x0E, 0x38, 0xE1, 0x80, 0x00, 0x3F,
    0x7E, 0x38, 0x70, 0xE1, 0xC3, 0x87, 0x0E, 0x1C, 0x38, 0x70, 0xE1, 0xC3, 0x87, 0x3F, 0x7E, 0x3C,
    0x3F, 0x1F, 0x9C, 0xE0, 0x00, 0x01, 0xF8, 0xFC, 0x1C, 0x0E, 0x07, 0x03, 0x81, 0xC0, 0xE0, 0x70,
    0x38, 0x1C, 0x0E, 0x07, 0x03, 0x81, 0xC0, 0xE1, 0xF8, 0xFC, 0xC7, 0xDF, 0x18, 0x00, 0x1F, 0xBF,
    0x1C, 0x38, 0x70, 0xE1, 0xC3, 0x87, 0x0E, 0x1C, 0x38, 0x70, 0xE1, 0xC3, 0x9F, 0xBF, 0x00, 0x7F,
    0xF0, 0x7F, 0xF8, 0x70, 0x7C, 0x70, 0x1E, 0x70, 0x0F, 0x70, 0x07, 0x70, 0x07, 0x70, 0x07, 0xFF,
    0x87, 0xFF, 0x87, 0x70, 0x07, 0x70, 0x07, 0x70, 0x07, 0x70, 0x0E, 0x70, 0x1E, 0x70, 0x7C, 0x7F,
    0xF8, 0x7F, 0xE0, 0x1F, 0x30, 0x3F, 0xE0, 0xEF, 0x80, 0x00, 0x00, 0x00, 0x1E, 0x01, 0xFC, 0x03,
    0xFC, 0x07, 0xF8, 0x0F, 0xF8, 0x1F, 0xF8, 0x3F, 0x70, 0x7E, 0x70, 0xFC, 0xE1, 0xF8, 0xE3, 0xF1,
    0xE7, 0xE1, 0xCF, 0xC1, 0xDF, 0x83, 0xBF, 0x03, 0xFE, 0x07, 0xFC, 0x07, 0xF8, 0x07, 0x80, 0x07,
    0x00, 0x03, 0x80, 0x00, 0xE0, 0x00, 0x38, 0x00, 0x0C, 0x00, 0x00, 0x00, 0x00, 0x00, 0x1F, 0xE0,
    0x1F, 0xFC, 0x1E, 0x1F, 0x1C, 0x03, 0x9E, 0x00, 0xEE, 0x00, 0x77, 0x00, 0x3B, 0x80, 0x0F, 0xC0,
    0x07, 0xE0, 0x03, 0xF0, 0x01, 0xF8, 0x01, 0xDC, 0x00, 0xEF, 0x00, 0x73, 0x80, 0x70, 0xF0, 0xF8,
    0x3F, 0xF8, 0x0F, 0xF0, 0x00, 0x00, 0x70, 0x00, 0x78, 0x00, 0x38, 0x00, 0x38, 0x00, 0x18, 0x00,
    0x00, 0x00, 0x00, 0x00, 0x1F, 0xE0, 0x1F, 0xFC, 0x1E, 0x1F, 0x1C, 0x03, 0x9E, 0x00, 0xEE, 0x00,
    0x77, 0x00, 0x3B, 0x80, 0x0F, 0xC0, 0x07, 0xE0, 0x03, 0xF0, 0x01, 0xF8, 0x01, 0xDC, 0x00, 0xEF,
    0x00, 0x73, 0x80, 0x70, 0xF0, 0xF8, 0x3F, 0xF8, 0x0F, 0xF0, 0x00, 0x01, 0xC0, 0x01, 0xE0, 0x01,
    0xF8, 0x01, 0xCE, 0x00, 0xC3, 0x80, 0x00, 0x00, 0x00, 0x00, 0x1F, 0xE0, 0x1F, 0xFC, 0x1E, 0x1F,
    0x1C, 0x03, 0x9E, 0x00, 0xEE, 0x00, 0x77, 0x00, 0x3B, 0x80, 0x0F, 0xC0, 0x07, 0xE0, 0x03, 0xF0,
    0x01, 0xF8, 0x01, 0xDC, 0x00, 0xEF, 0x00, 0x73, 0x80, 0x70, 0xF0, 0xF8, 0x3F, 0xF8, 0x0F, 0xF0,
    0x00, 0x07, 0x18, 0x07, 0xEC, 0x07, 0x7C, 0x03, 0x1E, 0x00, 0x00, 0x00, 0x00, 0x00, 0x3F, 0xC0,
    0x3F, 0xF8, 0x3C, 0x3E, 0x38, 0x07, 0x3C, 0x01, 0xDC, 0x00, 0xEE, 0x00, 0x77, 0x00, 0x1F, 0x80,
    0x0F, 0xC0, 0x07, 0xE0, 0x03, 0xF0, 0x03, 0xB8, 0x01, 0xDE, 0x00, 0xE7, 0x00, 0xE1, 0xE1, 0xF0,
    0x7F, 0xF0, 0x1F, 0xE0, 0x06, 0x30, 0x07, 0x38, 0x01, 0x8C, 0x00, 0x00, 0x00, 0x00, 0x00, 0x00,
    0x00, 0x3F, 0xC0, 0x3F, 0xF8, 0x3C, 0x3E, 0x38, 0x07, 0x3C, 0x01, 0xDC, 0x00, 0xEE, 0x00, 0x77,
    0x00, 0x1F, 0x80, 0x0F, 0xC0, 0x07, 0xE0, 0x03, 0xF0, 0x03, 0xB8, 0x01, 0xDE, 0x00, 0xE7, 0x00,
    0xE1, 0xE1, 0xF0, 0x7F, 0xF0, 0x1F, 0xE0, 0x60, 0x2F, 0x07, 0x78, 0xE3, 0x9C, 0x1F, 0x80, 0xF0,
    0x0F, 0x01, 0xF8, 0x39, 0xC7, 0x0E, 0xE0, 0x76, 0x02, 0x00, 0x04, 0x07, 0xFF, 0x07, 0xFF, 0x87,
    0x87, 0xC7, 0x03, 0xE7, 0x81, 0xFB, 0x81, 0xDD, 0xC1, 0xCE, 0xE0, 0xE3, 0xF0, 0xE1, 0xF8, 0xE0,
    0xFC, 0xF0, 0x7E, 0x70, 0x77, 0x70, 0x3B, 0xF0, 0x1C, 0xF8, 0x1C, 0x7C, 0x3E, 0x3F, 0xFE, 0x1F,
    0xFC, 0x04, 0x00, 0x00, 0x1E, 0x00, 0x38, 0x00, 0x70, 0x00, 0xE0, 0x01, 0x80, 0x00, 0x00, 0x00,
    0x38, 0x07, 0xE0, 0x1F, 0x80, 0x7E, 0x01, 0xF8, 0x07, 0xE0, 0x1F, 0x80, 0x7E, 0x01, 0xF8, 0x07,
    0xE0, 0x1F, 0x80, 0x7E, 0x01, 0xF8, 0x07, 0xE0, 0x1F, 0xC0, 0xF7, 0x87, 0x8F, 0xFC, 0x1F, 0xE0,
    0x00, 0xE0, 0x07, 0x80, 0x3C, 0x00, 0xE0, 0x07, 0x00, 0x00, 0x00, 0x00, 0x38, 0x07, 0xE0, 0x1F,
    0x80, 0x7E, 0x01, 0xF8, 0x07, 0xE0, 0x1F, 0x80, 0x7E, 0x01, 0xF8, 0x07, 0xE0, 0x1F, 0x80, 0x7E,
    0x01, 0xF8, 0x07, 0xE0, 0x1F, 0xC0, 0xF7, 0x87, 0x8F, 0xFC, 0x1F, 0xE0, 0x07, 0x80, 0x1E, 0x00,
    0xFC, 0x07, 0x38, 0x18, 0x70, 0x00, 0x00, 0x00, 0x38, 0x07, 0xE0, 0x1F, 0x80, 0x7E, 0x01, 0xF8,
    0x07, 0xE0, 0x1F, 0x80, 0x7E, 0x01, 0xF8, 0x07, 0xE0, 0x1F, 0x80, 0x7E, 0x01, 0xF8, 0x07, 0xE0,
    0x1F, 0xC0, 0xF7, 0x87, 0x8F, 0xFC, 0x1F, 0xE0, 0x0C, 0xC0, 0x73, 0x80, 0xCC, 0x00, 0x00, 0x00,
    0x00, 0x00, 0x0E, 0x01, 0xF8, 0x07, 0xE0, 0x1F, 0x80, 0x7E, 0x01, 0xF8, 0x07, 0xE0, 0x1F, 0x80,
    0x7E, 0x01, 0xF8, 0x07, 0xE0, 0x1F, 0x80, 0x7E, 0x01, 0xF8, 0x07, 0xF0, 0x3D, 0xE1, 0xE3, 0xFF,
    0x07, 0xF8, 0x00, 0xE0, 0x03, 0x80, 0x0E, 0x00, 0x18, 0x00, 0x00, 0x00, 0x00, 0x38, 0x07, 0x78,
    0x0E, 0x70, 0x38, 0x70, 0x70, 0xE1, 0xC0, 0xE3, 0x81, 0xCE, 0x01, 0xDC, 0x03, 0xF0, 0x03, 0xE0,
    0x07, 0x80, 0x07, 0x00, 0x0E, 0x00, 0x1C, 0x00, 0x38, 0x00, 0x70, 0x00, 0xE0, 0x01, 0xC0, 0xE0,
    0x0E, 0x00, 0xE0, 0x0F, 0xF8, 0xFF, 0xCE, 0x1E, 0xE0, 0xEE, 0x07, 0xE0, 0x7E, 0x0F, 0xE0, 0xEE,
    0x3E, 0xFF, 0xCF, 0xF8, 0xE0, 0x0E, 0x00, 0xE0, 0x0E, 0x00, 0x3F, 0x83, 0xFF, 0x3C, 0x79, 0xC1,
    0xCE, 0x0E, 0x70, 0xF3, 0x8F, 0x1C, 0xF0, 0xE7, 0x07, 0x38, 0x39, 0xF1, 0xC7, 0xCE, 0x0F, 0x70,
    0x3B, 0x80, 0xFC, 0x07, 0xEC, 0x77, 0x7F, 0xBB, 0xF8, 0x3C, 0x03, 0xC0, 0x38, 0x03, 0x80, 0x00,
    0x7F, 0x9F, 0xF9, 0x8F, 0x00, 0xE0, 0x1C, 0xFF, 0xBF, 0xFF, 0x8F, 0xC1, 0xF8, 0x3F, 0x07, 0xF3,
    0xFF, 0xFD, 0xFD, 0x80, 0x03, 0xC0, 0x70, 0x1C, 0x07, 0x00, 0x00, 0x7F, 0x9F, 0xF9, 0x8F, 0x00,
    0xE0, 0x1C, 0xFF, 0xBF, 0xFF, 0x8F, 0xC1, 0xF8, 0x3F, 0x07, 0xF3, 0xFF, 0xFD, 0xFD, 0x80, 0x0F,
    0x03, 0xF0, 0xEF, 0x38, 0x60, 0x00, 0x7F, 0x9F, 0xF9, 0x8F, 0x00, 0xE0, 0x1C, 0xFF, 0xBF, 0xFF,
    0x8F, 0xC1, 0xF8, 0x3F, 0x07, 0xF3, 0xFF, 0xFD, 0xFD, 0x80, 0x3F, 0xEF, 0xF8, 0x00, 0x00, 0x03,
    0xFC, 0xFF, 0xCC, 0x78, 0x07, 0x00, 0xE7, 0xFD, 0xFF, 0xFC, 0x7E, 0x0F, 0xC1, 0xF8, 0x3F, 0x9F,
    0xFF, 0xEF, 0xEC, 0x19, 0x87, 0x38, 0x66, 0x00, 0x03, 0xFC, 0xFF, 0xCC, 0x78, 0x07, 0x00, 0xE7,
    0xFD, 0xFF, 0xFC, 0x7E, 0x0F, 0xC1, 0xF8, 0x3F, 0x9F, 0xFF, 0xEF, 0xCC, 0x1F, 0x03, 0xF0, 0xC6,
    0x0C, 0xC1, 0xF8, 0x1E, 0x00, 0x01, 0xFE, 0x7F, 0xE6, 0x1C, 0x03, 0x80, 0x33, 0xFE, 0xFF, 0xFE,
    0x1F, 0x03, 0xE0, 0xFC, 0x1F, 0xCF, 0xFF, 0xF7, 0xF6, 0x3F, 0x9F, 0x8F, 0xFF, 0xF9, 0xC7, 0xC7,
    0x80, 0x70, 0x70, 0x0E, 0x0E, 0x7F, 0xFF, 0xDF, 0xFF, 0xFF, 0xC7, 0x00, 0xE0, 0xE0, 0x1C, 0x3C,
    0x03, 0x87, 0x80, 0x71, 0xFC, 0x7F, 0xF3, 0xFE, 0xFC, 0x3F, 0x80, 0x1F, 0xDF, 0xF7, 0x8B, 0x80,
    0xE0, 0x38, 0x0E, 0x03, 0x80, 0xE0, 0x38, 0x0E, 0x01, 0xE3, 0x7F, 0xC7, 0xF0, 0xC0, 0x3C, 0x07,
    0x01, 0xE1, 0xF0, 0x7C, 0x3C, 0x01, 0xC0, 0x0E, 0x00, 0x70, 0x00, 0x01, 0xF8, 0x7F, 0xC7, 0x1E,
    0xE0, 0xEE, 0x07, 0xFF, 0xFF, 0xFF, 0xE0, 0x0E, 0x00, 0xE0, 0x0F, 0x00, 0x78, 0x63, 0xFE, 0x1F,
    0xE0, 0x03, 0xC0, 0x78, 0x07, 0x00, 0xE0, 0x00, 0x01, 0xF8, 0x7F, 0xC7, 0x1E, 0xE0, 0xEE, 0x07,
    0xFF, 0xFF, 0xFF, 0xE0, 0x0E, 0x00, 0xE0, 0x0F, 0x00, 0x78, 0x63, 0xFE, 0x1F, 0xE0, 0x0F, 0x01,
    0xF0, 0x3B, 0x87, 0x1C, 0x00, 0x01, 0xF8, 0x7F, 0xC7, 0x1E, 0xE0, 0xEE, 0x07, 0xFF, 0xFF, 0xFF,
    0xE0, 0x0E, 0x00, 0xE0, 0x0F, 0x00, 0x78, 0x63, 0xFE, 0x1F, 0xE0, 0x31, 0x83, 0x9C, 0x31, 0x80,
    0x00, 0x1F, 0x87, 0xFC, 0x71, 0xEE, 0x0E, 0xE0, 0x7F, 0xFF, 0xFF, 0xFE, 0x00, 0xE0, 0x0E, 0x00,
    0xF0, 0x07, 0x86, 0x3F, 0xE1, 0xFE, 0x70, 0xE1, 0xC3, 0x00, 0x71, 0xC7, 0x1C, 0x71, 0xC7, 0x1C,
    0x71, 0xC7, 0x1C, 0x71, 0xC0, 0x3C, 0xE7, 0x18, 0x01, 0xC7, 0x1C, 0x71, 0xC7, 0x1C, 0x71, 0xC7,
    0x1C, 0x71, 0xC7, 0x00, 0x1E, 0x0F, 0xC7, 0x39, 0x87, 0x00, 0x03, 0x80, 0xE0, 0x38, 0x0E, 0x03,
    0x80, 0xE0, 0x38, 0x0E, 0x03, 0x80, 0xE0, 0x38, 0x0E, 0x03, 0x80, 0xE0, 0xC7, 0xE7, 0xC7, 0x00,
    0x38, 0x38, 0x38, 0x38, 0x38, 0x38, 0x38, 0x38, 0x38, 0x38, 0x38, 0x38, 0x38, 0x38, 0x08, 0x40,
    0xE7, 0x07, 0xF8, 0x1F, 0x01, 0xFC, 0x1E, 0xF0, 0x43, 0x80, 0x0E, 0x3F, 0xF3, 0xFF, 0xBE, 0x3D,
    0xC0, 0xFE, 0x07, 0xF0, 0x1F, 0x80, 0xFC, 0x0E, 0xE0, 0x73, 0xC7, 0x9F, 0xF8, 0x3F, 0x80, 0x3E,
    0xC7, 0xFC, 0x67, 0x80, 0x00, 0xDF, 0xCF, 0xFE, 0xF9, 0xEE, 0x0F, 0xE0, 0x7E, 0x07, 0xE0, 0x7E,
    0x07, 0xE0, 0x7E, 0x07, 0xE0, 0x7E, 0x07, 0xE0, 0x7E, 0x07, 0x1C, 0x00, 0x70, 0x01, 0xC0, 0x06,
    0x00, 0x00, 0x0F, 0xC1, 0xFF, 0x8F, 0x1E, 0xE0, 0x77, 0x03, 0xB8, 0x0F, 0xC0, 0x7E, 0x03, 0xF0,
    0x1F, 0x81, 0xDC, 0x0E, 0x78, 0xF1, 0xFF, 0x07, 0xF0, 0x03, 0xC0, 0x1C, 0x01, 0xC0, 0x0C, 0x00,
    0x00, 0x0F, 0xC1, 0xFF, 0x8F, 0x1E, 0xE0, 0x77, 0x03, 0xB8, 0x0F, 0xC0, 0x7E, 0x03, 0xF0, 0x1F,
    0x81, 0xDC, 0x0E, 0x78, 0xF1, 0xFF, 0x07, 0xF0, 0x0F, 0x00, 0xFC, 0x0F, 0x70, 0x61, 0x80, 0x00,
    0x0F, 0xC1, 0xFF, 0x8F, 0x1E, 0xE0, 0x77, 0x03, 0xB8, 0x0F, 0xC0, 0x7E, 0x03, 0xF0, 0x1F, 0x81,
    0xDC, 0x0E, 0x78, 0xF1, 0xFF, 0x07, 0xF0, 0x3F, 0xE3, 0xFE, 0x00, 0x00, 0x00, 0x01, 0xF8, 0x3F,
    0xF1, 0xE3, 0xDC, 0x0E, 0xE0, 0x77, 0x01, 0xF8, 0x0F, 0xC0, 0x7E, 0x03, 0xF0, 0x3B, 0x81, 0xCF,
    0x1E, 0x3F, 0xE0, 0xFE, 0x00, 0x18, 0xC1, 0xCE, 0x06, 0x30, 0x00, 0x01, 0xF8, 0x3F, 0xF1, 0xE3,
    0xDC, 0x0E, 0xE0, 0x77, 0x01, 0xF8, 0x0F, 0xC0, 0x7E, 0x03, 0xF0, 0x3B, 0x81, 0xCF, 0x1E, 0x3F,
    0xE0, 0xFE, 0x00, 0x06, 0x00, 0xE0, 0x06, 0x00, 0x00, 0x00, 0x0F, 0xFF, 0xFF, 0xF0, 0x00, 0x00,
    0x00, 0x60, 0x0E, 0x00, 0x60, 0x00, 0x20, 0xFF, 0x9F, 0xFC, 0xF1, 0xCE, 0x1F, 0x71, 0xFB, 0x8E,
    0xFC, 0xE7, 0xEE, 0x3F, 0x71, 0xFF, 0x1D, 0xF0, 0xE7, 0x8F, 0x3F, 0xF3, 0xFF, 0x08, 0x00, 0x3C,
    0x01, 0xE0, 0x0E, 0x00, 0x70, 0x00, 0x0E, 0x07, 0xE0, 0x7E, 0x07, 0xE0, 0x7E, 0x07, 0xE0, 0x7E,
    0x07, 0xE0, 0x7E, 0x07, 0xE0, 0xFE, 0x0F, 0xF1, 0xF7, 0xFF, 0x3F, 0x70, 0x03, 0xC0, 0x78, 0x07,
    0x00, 0xC0, 0x00, 0x0E, 0x07, 0xE0, 0x7E, 0x07, 0xE0, 0x7E, 0x07, 0xE0, 0x7E, 0x07, 0xE0, 0x7E,
    0x07, 0xE0, 0xFE, 0x0F, 0xF1, 0xF7, 0xFF, 0x3F, 0x70, 0x0F, 0x01, 0xF8, 0x3B, 0xC7, 0x0C, 0x00,
    0x0E, 0x07, 0xE0, 0x7E, 0x07, 0xE0, 0x7E, 0x07, 0xE0, 0x7E, 0x07, 0xE0, 0x7E, 0x07, 0xE0, 0xFE,
    0x0F, 0xF1, 0xF7, 0xFF, 0x3F, 0x70, 0x31, 0x83, 0x9C, 0x31, 0x80, 0x00, 0xE0, 0x7E, 0x07, 0xE0,
    0x7E, 0x07, 0xE0, 0x7E, 0x07, 0xE0, 0x7E, 0x07, 0xE0, 0x7E, 0x0F, 0xE0, 0xFF, 0x1F, 0x7F, 0xF3,
    0xF7, 0x01, 0xE0, 0x07, 0x00, 0x38, 0x00, 0xC0, 0x00, 0x01, 0xC0, 0x77, 0x03, 0x9C, 0x0E, 0x38,
    0x78, 0xE1, 0xC1, 0xC7, 0x07, 0x38, 0x1C, 0xE0, 0x3B, 0x80, 0xFC, 0x03, 0xF0, 0x07, 0xC0, 0x1E,
    0x00, 0x38, 0x00, 0xE0, 0x07, 0x00, 0x1C, 0x00, 0xE0, 0x1F, 0x80, 0x7C, 0x00, 0xE0, 0x0E, 0x00,
    0xE0, 0x0E, 0x00, 0xE0, 0x0F, 0xFC, 0xFF, 0xEF, 0x1E, 0xE0, 0x7E, 0x07, 0xE0, 0x7E, 0x07, 0xE0,
    0x7E, 0x07, 0xE0, 0x7E, 0x07, 0xF9, 0xEF, 0xFE, 0xFF, 0xCE, 0x00, 0xE0, 0x0E, 0x00, 0xE0, 0x0E,
    0x00, 0xE0, 0x00, 0x18, 0xC0, 0xEE, 0x06, 0x30, 0x00, 0x0E, 0x03, 0xF0, 0x1D, 0xC1, 0xCE, 0x0E,
    0x38, 0x71, 0xC7, 0x0E, 0x38, 0x3B, 0x81, 0xDC, 0x0E, 0xE0, 0x3E, 0x01, 0xF0, 0x07, 0x80, 0x38,
    0x01, 0xC0, 0x1E, 0x00, 0xE0, 0x0F, 0x03, 0xF0, 0x1F, 0x00, 0x07, 0xF0, 0x03, 0xF8, 0x00, 0x00,
    0x00, 0x00, 0x00, 0x1C, 0x00, 0x0E, 0x00, 0x0F, 0x80, 0x07, 0xC0, 0x03, 0x70, 0x03, 0xB8, 0x01,
    0xCC, 0x01, 0xC7, 0x00, 0xE3, 0x80, 0x60, 0xC0, 0x7F, 0xF0, 0x3F, 0xF8, 0x38, 0x0E, 0x1C, 0x07,
    0x0E, 0x03, 0x8E, 0x00, 0xE7, 0x00, 0x73, 0x80, 0x38, 0x3F, 0x87, 0xF0, 0x00, 0x00, 0x03, 0xFC,
    0xFF, 0xCC, 0x78, 0x07, 0x00, 0xE7, 0xFD, 0xFF, 0xFC, 0x7E, 0x0F, 0xC1, 0xF8, 0x3F, 0x9F, 0xFF,
    0xEF, 0xDC, 0x06, 0x18, 0x03, 0x9C, 0x01, 0xFC, 0x00, 0x7C, 0x00, 0x00, 0x00, 0x00, 0x00, 0x07,
    0x00, 0x03, 0xC0, 0x01, 0xE0, 0x01, 0xF8, 0x00, 0xFC, 0x00, 0xE6, 0x00, 0x73, 0x80, 0x31, 0xC0,
    0x38, 0x70, 0x1C, 0x38, 0x1F, 0xFC, 0x0F, 0xFF, 0x07, 0x03, 0x87, 0x00, 0xE3, 0x80, 0x73, 0x80,
    0x39, 0xC0, 0x0E, 0xE0, 0x07, 0x30, 0xC7, 0xF8, 0x7E, 0x00, 0x00, 0x00, 0x7F, 0x9F, 0xF9, 0x8F,
    0x00, 0xE0, 0x1C, 0x7F, 0xBF, 0xFF, 0x8F, 0xC1, 0xF8, 0x3F, 0x07, 0xE3, 0xFF, 0xFD, 0xFD, 0x80,
    0x01, 0xC0, 0x01, 0xE0, 0x00, 0xF8, 0x00, 0xFC, 0x00, 0x7E, 0x00, 0x33, 0x80, 0x39, 0xC0, 0x1C,
    0x70, 0x1C, 0x38, 0x0E, 0x1C, 0x07, 0xFF, 0x07, 0xFF, 0x83, 0x81, 0xE1, 0x80, 0x71, 0xC0, 0x3C,
    0xE0, 0x0E, 0xE0, 0x07, 0x70, 0x01, 0xC0, 0x01, 0xC0, 0x01, 0xC0, 0x00, 0xE0, 0x00, 0x70, 0x00,
    0x3E, 0x00, 0x0F, 0x3F, 0xC7, 0xFE, 0x31, 0xE0, 0x0E, 0x00, 0xE3, 0xFE, 0x7F, 0xEF, 0x8E, 0xE0,
    0xEE, 0x0E, 0xE0, 0xEF, 0x3E, 0xFF, 0xE7, 0xF6, 0x00, 0xE0, 0x1C, 0x01, 0xC0, 0x1C, 0x01, 0xF0,
    0x0F, 0x00, 0x70, 0x03, 0xC0, 0x1E, 0x00, 0x70, 0x03, 0x80, 0x00, 0x00, 0x00, 0x03, 0xFE, 0x1F,
    0xFC, 0xF8, 0x67, 0x80, 0x1C, 0x00, 0xE0, 0x03, 0x80, 0x0E, 0x00, 0x38, 0x00, 0xE0, 0x03, 0x80,
    0x0E, 0x00, 0x38, 0x00, 0xF0, 0x01, 0xE0, 0x03, 0xE1, 0x87, 0xFE, 0x0F, 0xF8, 0x03, 0xC1, 0xE0,
    0x70, 0x38, 0x00, 0x07, 0xF7, 0xFD, 0xE2, 0xE0, 0x38, 0x0E, 0x03, 0x80, 0xE0, 0x38, 0x0E, 0x03,
    0x80, 0x78, 0xDF, 0xF1, 0xFC, 0x03, 0xC0, 0x0F, 0x00, 0x7E, 0x03, 0x9C, 0x1C, 0x38, 0x00, 0x00,
    0x00, 0x03, 0xFE, 0x1F, 0xFC, 0xF8, 0x67, 0x80, 0x1C, 0x00, 0xE0, 0x03, 0x80, 0x0E, 0x00, 0x38,
    0x00, 0xE0, 0x03, 0x80, 0x0E, 0x00, 0x38, 0x00, 0xF0, 0x01, 0xE0, 0x03, 0xE1, 0x87, 0xFE, 0x0F,
    0xF8, 0x0F, 0x07, 0xC3, 0xB9, 0xC7, 0x00, 0x07, 0xF7, 0xFD, 0xE2, 0xE0, 0x38, 0x0E, 0x03, 0x80,
    0xE0, 0x38, 0x0E, 0x03, 0x80, 0x78, 0xDF, 0xF1, 0xFC, 0x01, 0x80, 0x0E, 0x00, 0x18, 0x00, 0x00,
    0x00, 0x00, 0x00, 0x00, 0xFF, 0x87, 0xFF, 0x3E, 0x19, 0xE0, 0x07, 0x00, 0x38, 0x00, 0xE0, 0x03,
    0x80, 0x0E, 0x00, 0x38, 0x00, 0xE0, 0x03, 0x80, 0x0E, 0x00, 0x3C, 0x00, 0x78, 0x00, 0xF8, 0x61,
    0xFF, 0x83, 0xFE, 0x06, 0x03, 0x80, 0x60, 0x00, 0x00, 0x07, 0xF7, 0xFD, 0xE2, 0xE0, 0x38, 0x0E,
    0x03, 0x80, 0xE0, 0x38, 0x0E, 0x03, 0x80, 0x78, 0xDF, 0xF1, 0xFC, 0x1C, 0x38, 0x39, 0xC0, 0x7E,
    0x00, 0xF0, 0x03, 0xC0, 0x00, 0x00, 0x00, 0x03, 0xFE, 0x1F, 0xFC, 0xF8, 0x67, 0x80, 0x1C, 0x00,
    0xE0, 0x03, 0x80, 0x0E, 0x00, 0x38, 0x00, 0xE0, 0x03, 0x80, 0x0E, 0x00, 0x38, 0x00, 0xF0, 0x01,
    0xE0, 0x03, 0xE1, 0x87, 0xFE, 0x0F, 0xF8, 0x71, 0xCF, 0xE1, 0xF0, 0x38, 0x00, 0x07, 0xF7, 0xFD,
    0xE2, 0xE0, 0x38, 0x0E, 0x03, 0x80, 0xE0, 0x38, 0x0E, 0x03, 0x80, 0x78, 0xDF, 0xF1, 0xFC, 0x38,
    0xE0, 0x3B, 0x80, 0x3E, 0x00, 0x38, 0x00, 0x00, 0x00, 0x00, 0x3F, 0xF0, 0x7F, 0xF8, 0xE1, 0xF9,
    0xC0, 0x73, 0x80, 0x77, 0x00, 0xEE, 0x01, 0xDC, 0x01, 0xF8, 0x03, 0xF0, 0x07, 0xE0, 0x0F, 0xC0,
    0x3B, 0x80, 0x77, 0x01, 0xEE, 0x07, 0x9C, 0x3E, 0x3F, 0xF8, 0x7F, 0xE0, 0x00, 0x77, 0x00, 0x77,
    0x00, 0x76, 0x00, 0x76, 0x00, 0x70, 0x3F, 0xF0, 0x7F, 0xF0, 0x79, 0xF0, 0xE0, 0x70, 0xE0, 0x70,
    0xE0, 0x70, 0xE0, 0x70, 0xE0, 0x70, 0xE0, 0x70, 0xE0, 0x70, 0xE0, 0x70, 0x79, 0xF0, 0x7F, 0xF0,
    0x3F, 0xB0, 0x7F, 0xF0, 0x7F, 0xF8, 0x70, 0x7C, 0x70, 0x1E, 0x70, 0x0F, 0x70, 0x07, 0x70, 0x07,
    0x70, 0x07, 0xFF, 0x87, 0xFF, 0x87, 0x70, 0x07, 0x70, 0x07, 0x70, 0x07, 0x70, 0x0E, 0x70, 0x1E,
    0x70, 0x7C, 0x7F, 0xF8, 0x7F, 0xE0, 0x00, 0x70, 0x1F, 0xF0, 0x7F, 0xC0, 0x1C, 0x00, 0x70, 0xFF,
    0xC7, 0xFF, 0x1E, 0x7C, 0xE0, 0x73, 0x81, 0xCE, 0x07, 0x38, 0x1C, 0xE0, 0x73, 0x81, 0xCE, 0x07,
    0x38, 0x1C, 0x78, 0xF1, 0xFF, 0xC3, 0xFB, 0x00, 0x3F, 0x8F, 0xE0, 0x00, 0x00, 0xFF, 0xFF, 0xFE,
    0x03, 0x80, 0xE0, 0x38, 0x0E, 0x03, 0xFF, 0xFF, 0xF8, 0x0E, 0x03, 0x80, 0xE0, 0x38, 0x0E, 0x03,
    0x80, 0xFF, 0xFF, 0xF0, 0x3F, 0x83, 0xF8, 0x00, 0x00, 0x00, 0x1F, 0x87, 0xFC, 0x71, 0xEE, 0x0E,
    0xE0, 0x7F, 0xFF, 0xFF, 0xFE, 0x00, 0xE0, 0x0E, 0x00, 0xF0, 0x07, 0x86, 0x3F, 0xE1, 0xFE, 0x61,
    0x9C, 0xE3, 0xF8, 0xFC, 0x00, 0x00, 0x0F, 0xFF, 0xFF, 0xE0, 0x38, 0x0E, 0x03, 0x80, 0xE0, 0x3F,
    0xFF, 0xFF, 0x80, 0xE0, 0x38, 0x0E, 0x03, 0x80, 0xE0, 0x38, 0x0F, 0xFF, 0xFF, 0x31, 0xC3, 0xF8,
    0x1F, 0x00, 0x00, 0x00, 0x01, 0xF8, 0x7F, 0xC7, 0x1E, 0xE0, 0xEE, 0x07, 0xFF, 0xFF, 0xFF, 0xE0,
    0x0E, 0x00, 0xE0, 0x0F, 0x00, 0x78, 0x63, 0xFE, 0x1F, 0xE0, 0x0C, 0x03, 0x80, 0xC0, 0x00, 0x00,
    0x00, 0x0F, 0xFF, 0xFF, 0xE0, 0x38, 0x0E, 0x03, 0x80, 0xE0, 0x3F, 0xFF, 0xFF, 0x80, 0xE0, 0x38,
    0x0E, 0x03, 0x80, 0xE0, 0x38, 0x0F, 0xFF, 0xFF, 0x06, 0x00, 0xE0, 0x06, 0x00, 0x00, 0x00, 0x01,
    0xF8, 0x7F, 0xC7, 0x1E, 0xE0, 0xEE, 0x07, 0xFF, 0xFF, 0xFF, 0xE0, 0x0E, 0x00, 0xE0, 0x0F, 0x00,
    0x78, 0x63, 0xFE, 0x1F, 0xE0, 0xFF, 0xFF, 0xFE, 0x03, 0x80, 0xE0, 0x38, 0x0E, 0x03, 0xFF, 0xFF,
    0xF8, 0x0E, 0x03, 0x80, 0xE0, 0x38, 0x0E, 0x03, 0x80, 0xFF, 0xFF, 0xF0, 0x18, 0x0E, 0x07, 0x01,
    0xE0, 0x3C, 0x0F, 0x1F, 0x87, 0xFC, 0x71, 0xEE, 0x0E, 0xE0, 0x7F, 0xFF, 0xFF, 0xFE, 0x00, 0xE0,
    0x0E, 0x00, 0xF0, 0x07, 0x86, 0x3F, 0xE1, 0xFE, 0x01, 0xC0, 0x38, 0x07, 0x00, 0x78, 0x03, 0xE0,
    0x3E, 0x71, 0xCF, 0xE3, 0xF0, 0x78, 0x00, 0x00, 0x0F, 0xFF, 0xFF, 0xE0, 0x38, 0x0E, 0x03, 0x80,
    0xE0, 0x3F, 0xFF, 0xFF, 0x80, 0xE0, 0x38, 0x0E, 0x03, 0x80, 0xE0, 0x38, 0x0F, 0xFF, 0xFF, 0x71,
    0xC3, 0xF8, 0x1F, 0x00, 0xE0, 0x00, 0x01, 0xF8, 0x7F, 0xC7, 0x1E, 0xE0, 0xEE, 0x07, 0xFF, 0xFF,
    0xFF, 0xE0, 0x0E, 0x00, 0xE0, 0x0F, 0x00, 0x78, 0x63, 0xFE, 0x1F, 0xE0, 0x01, 0xC0, 0x07, 0xC0,
    0x1F, 0xC0, 0x3B, 0xC0, 0xE1, 0x80, 0x00, 0x00, 0x00, 0x03, 0xFE, 0x1F, 0xFE, 0x7C, 0x19, 0xE0,
    0x03, 0x80, 0x0E, 0x00, 0x1C, 0x00, 0x38, 0x00, 0x70, 0x7F, 0xE0, 0xFF, 0xC0, 0x1F, 0x80, 0x3F,
    0x00, 0x7F, 0x00, 0xEF, 0x01, 0xCF, 0x83, 0x8F, 0xFF, 0x0F, 0xFE, 0x0F, 0x01, 0xF8, 0x3F, 0xC3,
    0x0C, 0x00, 0x03, 0xFB, 0x7F, 0xF7, 0x9F, 0xE0, 0x7E, 0x07, 0xE0, 0x7E, 0x07, 0xE0, 0x7E, 0x07,
    0xE0, 0x7E, 0x07, 0x78, 0xF7, 0xFF, 0x3F, 0xF0, 0x07, 0x00, 0x70, 0x07, 0x61, 0xF7, 0xFE, 0x7F,
    0xC0, 0x0E, 0x18, 0x0C, 0x70, 0x1F, 0xC0, 0x1F, 0x00, 0x00, 0x00, 0x00, 0x01, 0xFF, 0x0F, 0xFF,
    0x3E, 0x0C, 0xF0, 0x01, 0xC0, 0x07, 0x00, 0x0E, 0x00, 0x1C, 0x00, 0x38, 0x3F, 0xF0, 0x7F, 0xE0,
    0x0F, 0xC0, 0x1F, 0x80, 0x3F, 0x80, 0x77, 0x80, 0xE7, 0xC1, 0xC7, 0xFF, 0x87, 0xFF, 0x30, 0xC3,
    0xFC, 0x1F, 0x80, 0x00, 0x00, 0x03, 0xFB, 0x7F, 0xF7, 0x9F, 0xF0, 0x7E, 0x07, 0xE0, 0x7E, 0x07,
    0xE0, 0x7E, 0x07, 0xE0, 0x7F, 0x07, 0x78, 0xF7, 0xFF, 0x3F, 0xF0, 0x07, 0x00, 0x70, 0x07, 0x71,
    0xF7, 0xFE, 0x7F, 0xC0, 0x00, 0xC0, 0x03, 0x80, 0x03, 0x00, 0x00, 0x00, 0x00, 0x00, 0x00, 0x01,
    0xFF, 0x0F, 0xFF, 0x3E, 0x0C, 0xF0, 0x01, 0xC0, 0x07, 0x00, 0x0E, 0x00, 0x1C, 0x00, 0x38, 0x1F,
    0xF0, 0x3F, 0xE0, 0x0F, 0xC0, 0x1F, 0x80, 0x3F, 0x80, 0x77, 0x80, 0xE7, 0xC1, 0xC7, 0xFF, 0x87,
    0xFF, 0x06, 0x00, 0x70, 0x06, 0x00, 0x00, 0x00, 0x03, 0xFB, 0x7F, 0xF7, 0x9F, 0xE0, 0x7E, 0x07,
    0xE0, 0x7E, 0x07, 0xE0, 0x7E, 0x07, 0xE0, 0x7E, 0x07, 0x78, 0xF7, 0xFF, 0x3F, 0xF0, 0x07, 0x00,
    0x70, 0x07, 0x61, 0xF7, 0xFE, 0x7F, 0xC0, 0x07, 0xFC, 0x3F, 0xFC, 0xF8, 0x73, 0xC0, 0x07, 0x00,
    0x1C, 0x00, 0x38, 0x00, 0x70, 0x00, 0xE0, 0x01, 0xC1, 0xFF, 0x83, 0xFF, 0x00, 0x7E, 0x00, 0xFE,
    0x01, 0xDE, 0x03, 0x9F, 0x07, 0x1F, 0xFE, 0x1F, 0xFC, 0x00, 0x00, 0x00, 0x00, 0x0E, 0x00, 0x38,
    0x00, 0x70, 0x00, 0xC0, 0x03, 0x00, 0x70, 0x06, 0x00, 0xE0, 0x00, 0x03, 0xFB, 0x7F, 0xF7, 0x9F,
    0xE0, 0x7E, 0x07, 0xE0, 0x7E, 0x07, 0xE0, 0x7E, 0x07, 0xE0, 0x7E, 0x07, 0x78, 0xF7, 0xFF, 0x3F,
    0xF0, 0x07, 0x00, 0x70, 0x07, 0x61, 0xF7, 0xFE, 0x7F, 0xC0, 0x07, 0x80, 0x3F, 0x01, 0xFE, 0x0F,
    0x3C, 0x00, 0x00, 0x00, 0x0E, 0x01, 0xF8, 0x07, 0xE0, 0x1F, 0x80, 0x7E, 0x01, 0xF8, 0x07, 0xE0,
    0x1F, 0xFF, 0xFF, 0xFF, 0xF8, 0x07, 0xE0, 0x1F, 0x80, 0x7E, 0x01, 0xF8, 0x07, 0xE0, 0x1F, 0x80,
    0x7E, 0x01, 0xF8, 0x07, 0x0E, 0x00, 0x1E, 0x00, 0x3F, 0x00, 0x73, 0x80, 0x61, 0xC0, 0x00, 0x00,
    0x00, 0x00, 0x0E, 0x00, 0x0E, 0x00, 0x0E, 0x00, 0x0E, 0x00, 0x0E, 0x00, 0x0F, 0xFC, 0x0F, 0xFE,
    0x0F, 0x9E, 0x0E, 0x0F, 0x0E, 0x07, 0x0E, 0x07, 0x0E, 0x07, 0x0E, 0x07, 0x0E, 0x07, 0x0E, 0x07,
    0x0E, 0x07, 0x0E, 0x07, 0x0E, 0x07, 0x0E, 0x07, 0x38, 0x07, 0x07, 0x00, 0xE0, 0xE0, 0x1C, 0x7F,
    0xFF, 0xFF, 0xFF, 0xFE, 0x70, 0x0E, 0x0E, 0x01, 0xC1, 0xFF, 0xF8, 0x3F, 0xFF, 0x07, 0x00, 0xE0,
    0xE0, 0x1C, 0x1C, 0x03, 0x83, 0x80, 0x70, 0x70, 0x0E, 0x0E, 0x01, 0xC1, 0xC0, 0x38, 0x38, 0x07,
    0x07, 0x00, 0xE0, 0x70, 0x01, 0xC0, 0x0F, 0xF8, 0x3F, 0xE0, 0x70, 0x01, 0xDF, 0xC7, 0xFF, 0x9F,
    0x1E, 0x78, 0x39, 0xE0, 0x77, 0x01, 0xDC, 0x07, 0x70, 0x1D, 0xC0, 0x77, 0x01, 0xDC, 0x07, 0x70,
    0x1D, 0xC0, 0x77, 0x01, 0xC0, 0x7D, 0xDF, 0xEE, 0xF8, 0x00, 0x00, 0x0F, 0xC3, 0xF0, 0x38, 0x0E,
    0x03, 0x80, 0xE0, 0x38, 0x0E, 0x03, 0x80, 0xE0, 0x38, 0x0E, 0x03, 0x80, 0xE0, 0x38, 0x0E, 0x0F,
    0xC3, 0xF0, 0x7C, 0xDF, 0xFC, 0xF8, 0x00, 0x0E, 0x03, 0x80, 0xE0, 0x38, 0x0E, 0x03, 0x80, 0xE0,
    0x38, 0x0E, 0x03, 0x80, 0xE0, 0x38, 0x0E, 0x03, 0x80, 0xFF, 0xFC, 0x00, 0x07, 0xEF, 0xCE, 0x1C,
    0x38, 0x70, 0xE1, 0xC3, 0x87, 0x0E, 0x1C, 0x38, 0x70, 0xE1, 0xC7, 0xEF, 0xC0, 0xFF, 0xFC, 0x01,
    0xC3, 0x87, 0x0E, 0x1C, 0x38, 0x70, 0xE1, 0xC3, 0x87, 0x0E, 0x1C, 0x38, 0xC3, 0xE7, 0x7E, 0x7C,
    0x00, 0x00, 0x7E, 0x7E, 0x1C, 0x1C, 0x1C, 0x1C, 0x1C, 0x1C, 0x1C, 0x1C, 0x1C, 0x1C, 0x1C, 0x1C,
    0x1C, 0x1C, 0x7E, 0x7E, 0xC3, 0x73, 0x9F, 0xC7, 0xC0, 0x00, 0xE0, 0x70, 0x38, 0x1C, 0x0E, 0x07,
    0x03, 0x81, 0xC0, 0xE0, 0x70, 0x38, 0x1C, 0x0E, 0x07, 0x00, 0xFF, 0xF3, 0x8E, 0x38, 0xE3, 0x8E,
    0x38, 0xE3, 0x8E, 0x38, 0xE3, 0x8E, 0xFF, 0xF1, 0xCE, 0x38, 0xE3, 0xCF, 0x33, 0x8C, 0x00, 0x39,
    0xCE, 0x73, 0x9C, 0xE7, 0x39, 0xCE, 0x73, 0x9C, 0xEE, 0x73, 0x9F, 0xF8, 0x30, 0xE3, 0x00, 0x00,
    0x0F, 0xFF, 0x38, 0xE3, 0x8E, 0x38, 0xE3, 0x8E, 0x38, 0xE3, 0x8E, 0x38, 0xEF, 0xFF, 0xFF, 0xFF,
    0xFF, 0xFF, 0xFF, 0xC0, 0xFC, 0x7F, 0xC7, 0x38, 0x73, 0x87, 0x38, 0x73, 0x87, 0x38, 0x73, 0x87,
    0x38, 0x73, 0x87, 0x38, 0x73, 0x87, 0x38, 0x73, 0x87, 0x38, 0x73, 0x87, 0xFC, 0x7F, 0xC7, 0x00,
    0x70, 0x07, 0x04, 0xF0, 0x7E, 0x07, 0xC0, 0xC1, 0xF1, 0xF0, 0x60, 0x00, 0x07, 0x1F, 0x8F, 0xC7,
    0xE3, 0xF1, 0xF8, 0xFC, 0x7E, 0x3F, 0x1F, 0x8F, 0xC7, 0xE3, 0xF1, 0xF8, 0xE0, 0x70, 0x38, 0x1C,
    0x0E, 0x3F, 0x1F, 0x00, 0x1E, 0x0F, 0xC3, 0xF9, 0xC7, 0x00, 0x00, 0x00, 0xE0, 0x38, 0x0E, 0x03,
    0x80, 0xE0, 0x38, 0x0E, 0x03, 0x80, 0xE0, 0x38, 0x0E, 0x03, 0x80, 0xE0, 0x38, 0x0E, 0x03, 0x80,
    0xE0, 0x38, 0x0E, 0x07, 0x81, 0xC3, 0xF0, 0xF8, 0x00, 0x1E, 0x0F, 0xC7, 0x39, 0x87, 0x00, 0x03,
    0x80, 0xE0, 0x38, 0x0E, 0x03, 0x80, 0xE0, 0x38, 0x0E, 0x03, 0x80, 0xE0, 0x38, 0x0E, 0x03, 0x80,
    0xE0, 0x38, 0x0E, 0x03, 0x81, 0xC3, 0xF0, 0xF8, 0x00, 0xE0, 0x7B, 0x83, 0xCE, 0x1E, 0x38, 0x70,
    0xE3, 0x83, 0x9C, 0x0E, 0xE0, 0x3F, 0x80, 0xFE, 0x03, 0xF8, 0x0E, 0xF0, 0x39, 0xE0, 0xE3, 0xC3,
    0x87, 0x0E, 0x1E, 0x38, 0x3C, 0xE0, 0x73, 0x80, 0xE0, 0x00, 0x00, 0x00, 0x07, 0x00, 0x18, 0x00,
    0xE0, 0x03, 0x00, 0xE0, 0x0E, 0x00, 0xE0, 0x0E, 0x00, 0xE0, 0x0E, 0x1E, 0xE3, 0xCE, 0x78, 0xE7,
    0x0E, 0xE0, 0xFC, 0x0F, 0xC0, 0xFE, 0x0E, 0xF0, 0xE7, 0x0E, 0x38, 0xE3, 0xCE, 0x1E, 0xE0, 0xE0,
    0x00, 0x00, 0x00, 0xE0, 0x1C, 0x01, 0xC0, 0x18, 0x00, 0xE1, 0xFC, 0x7B, 0x9E, 0x73, 0x8E, 0xE1,
    0xFC, 0x3F, 0x07, 0xF0, 0xFF, 0x1C, 0xE3, 0x9E, 0x71, 0xEE, 0x1D, 0xC1, 0xC0, 0x3C, 0x07, 0x01,
    0xC0, 0x30, 0x00, 0x00, 0x00, 0x1C, 0x03, 0x80, 0x70, 0x0E, 0x01, 0xC0, 0x38, 0x07, 0x00, 0xE0,
    0x1C, 0x03, 0x80, 0x70, 0x0E, 0x01, 0xC0, 0x38, 0x07, 0x00, 0xE0, 0x1F, 0xFB, 0xFF, 0x1C, 0xF3,
    0x9C, 0x60, 0x00, 0x1C, 0x71, 0xC7, 0x1C, 0x71, 0xC7, 0x1C, 0x71, 0xC7, 0x1C, 0x71, 0xC7, 0x1C,
    0x71, 0xC0, 0xE0, 0x38, 0x0E, 0x03, 0x80, 0xE0, 0x38, 0x0E, 0x03, 0x80, 0xE0, 0x38, 0x0E, 0x03,
    0x80, 0xE0, 0x38, 0x0E, 0x03, 0x80, 0xFF, 0xFF, 0xF0, 0x00, 0x00, 0x0E, 0x03, 0x80, 0xC0, 0x60,
    0x77, 0x77, 0x77, 0x77, 0x77, 0x77, 0x77, 0x77, 0x77, 0x70, 0x07, 0x76, 0xE0, 0xE1, 0xF8, 0x7E,
    0x1B, 0x86, 0xE0, 0x38, 0x0E, 0x03, 0x80, 0xE0, 0x38, 0x0E, 0x03, 0x80, 0xE0, 0x38, 0x0E, 0x03,
    0x80, 0xFF, 0xFF, 0xF0, 0xEF, 0xDB, 0xF7, 0xCE, 0x1C, 0x38, 0x70, 0xE1, 0xC3, 0x87, 0x0E, 0x1C,
    0x38, 0x70, 0xE1, 0xC3, 0x80, 0xE0, 0x38, 0x0E, 0x03, 0x80, 0xE0, 0x38, 0x0E, 0x03, 0x8C, 0xE3,
    0xB8, 0xCE, 0x03, 0x80, 0xE0, 0x38, 0x0E, 0x03, 0x80, 0xFF, 0xFF, 0xF0, 0xE3, 0x8E, 0x38, 0xE3,
    0x8E, 0x38, 0xFB, 0xFF, 0xB8, 0xE3, 0x8E, 0x38, 0xE3, 0x8E, 0x00, 0x1C, 0x00, 0xE0, 0x07, 0x00,
    0x38, 0x01, 0xC0, 0x0E, 0x00, 0x72, 0x03, 0xF8, 0x1F, 0x80, 0xF8, 0x1F, 0x00, 0xF8, 0x05, 0xC0,
    0x0E, 0x00, 0x70, 0x03, 0x80, 0x1F, 0xF8, 0xFF, 0xC0, 0x1C, 0x1C, 0x1C, 0x1C, 0x1C, 0x1C, 0x1C,
    0x1E, 0x1F, 0x1E, 0x7C, 0x7C, 0x7C, 0x1C, 0x1C, 0x1C, 0x1C, 0x1C, 0x1C, 0x00, 0xE0, 0x03, 0x80,
    0x0E, 0x00, 0x18, 0x00, 0x00, 0x00, 0x00, 0x3C, 0x03, 0xF8, 0x07, 0xF8, 0x0F, 0xF0, 0x1F, 0xF0,
    0x3F, 0xF0, 0x7E, 0xE0, 0xFC, 0xE1, 0xF9, 0xC3, 0xF1, 0xC7, 0xE3, 0xCF, 0xC3, 0x9F, 0x83, 0xBF,
    0x07, 0x7E, 0x07, 0xFC, 0x0F, 0xF8, 0x0F, 0xF0, 0x0F, 0x03, 0x80, 0x78, 0x07, 0x00, 0xC0, 0x00,
    0x0D, 0xFC, 0xFF, 0xEF, 0x9E, 0xE0, 0xFE, 0x07, 0xE0, 0x7E, 0x07, 0xE0, 0x7E, 0x07, 0xE0, 0x7E,
    0x07, 0xE0, 0x7E, 0x07, 0xE0, 0x70, 0xF0, 0x0F, 0xE0, 0x1F, 0xE0, 0x3F, 0xC0, 0x7F, 0xC0, 0xFF,
    0xC1, 0xFB, 0x83, 0xF3, 0x87, 0xE7, 0x0F, 0xC7, 0x1F, 0x8F, 0x3F, 0x0E, 0x7E, 0x0E, 0xFC, 0x1D,
    0xF8, 0x1F, 0xF0, 0x3F, 0xE0, 0x3F, 0xC0, 0x3C, 0x00, 0x00, 0x00, 0x00, 0x38, 0x00, 0x70, 0x00,
    0xC0, 0x03, 0x80, 0xDF, 0xCF, 0xFE, 0xF9, 0xEE, 0x0F, 0xE0, 0x7E, 0x07, 0xE0, 0x7E, 0x07, 0xE0,
    0x7E, 0x07, 0xE0, 0x7E, 0x07, 0xE0, 0x7E, 0x07, 0x00, 0x00, 0x00, 0x06, 0x00, 0xE0, 0x0E, 0x00,
    0xC0, 0x1C, 0xE0, 0x1F, 0xC0, 0x1F, 0x00, 0x3C, 0x00, 0x00, 0x00, 0x00, 0x3C, 0x03, 0xF8, 0x07,
    0xF8, 0x0F, 0xF0, 0x1F, 0xF0, 0x3F, 0xF0, 0x7E, 0xE0, 0xFC, 0xE1, 0xF9, 0xC3, 0xF1, 0xC7, 0xE3,
    0xCF, 0xC3, 0x9F, 0x83, 0xBF, 0x07, 0x7E, 0x07, 0xFC, 0x0F, 0xF8, 0x0F, 0xF0, 0x0F, 0x71, 0xC3,
    0xF8, 0x1F, 0x00, 0xE0, 0x00, 0x0D, 0xFC, 0xFF, 0xEF, 0x9E, 0xE0, 0xFE, 0x07, 0xE0, 0x7E, 0x07,
    0xE0, 0x7E, 0x07, 0xE0, 0x7E, 0x07, 0xE0, 0x7E, 0x07, 0xE0, 0x70, 0x70, 0x00, 0x70, 0x00, 0x70,
    0x00, 0xE0, 0x00, 0xED, 0xFC, 0xCF, 0xFE, 0x0F, 0x9E, 0x0E, 0x0F, 0x0E, 0x07, 0x0E, 0x07, 0x0E,
    0x07, 0x0E, 0x07, 0x0E, 0x07, 0x0E, 0x07, 0x0E, 0x07, 0x0E, 0x07, 0x0E, 0x07, 0x0E, 0x07, 0xF0,
    0x0F, 0xE0, 0x1F, 0xE0, 0x3F, 0xE0, 0x7F, 0xC0, 0xFD, 0xC1, 0xFB, 0x83, 0xF3, 0x87, 0xE3, 0x8F,
    0xC7, 0x1F, 0x87, 0x3F, 0x0F, 0x7E, 0x0E, 0xFC, 0x0F, 0xF8, 0x1F, 0xF0, 0x1F, 0xE0, 0x1F, 0xC0,
    0x3C, 0x00, 0x38, 0x00, 0xE0, 0x03, 0xC0, 0x3F, 0x80, 0x7C, 0x00, 0xDF, 0xCF, 0xFE, 0xF9, 0xEE,
    0x0F, 0xE0, 0x7E, 0x07, 0xE0, 0x7E, 0x07, 0xE0, 0x7E, 0x07, 0xE0, 0x7E, 0x07, 0xE0, 0x7E, 0x07,
    0x00, 0x70, 0x07, 0x00, 0x70, 0x0E, 0x03, 0xE0, 0x3C, 0x07, 0xF0, 0x03, 0xF8, 0x00, 0x00, 0x00,
    0x00, 0x00, 0xFF, 0x00, 0xFF, 0xE0, 0xF0, 0xF8, 0xE0, 0x1C, 0xF0, 0x07, 0x70, 0x03, 0xB8, 0x01,
    0xDC, 0x00, 0x7E, 0x00, 0x3F, 0x00, 0x1F, 0x80, 0x0F, 0xC0, 0x0E, 0xE0, 0x07, 0x78, 0x03, 0x9C,
    0x03, 0x87, 0x87, 0xC1, 0xFF, 0xC0, 0x7F, 0x80, 0x1F, 0xC0, 0xFE, 0x00, 0x00, 0x00, 0x01, 0xF8,
    0x3F, 0xF1, 0xE3, 0xDC, 0x0E, 0xE0, 0x77, 0x01, 0xF8, 0x0F, 0xC0, 0x7E, 0x03, 0xF0, 0x3B, 0x81,
    0xCF, 0x1E, 0x3F, 0xE0, 0xFE, 0x00, 0x0C, 0x30, 0x07, 0x38, 0x01, 0xFC, 0x00, 0xFC, 0x00, 0x00,
    0x00, 0x00, 0x00, 0x3F, 0xC0, 0x3F, 0xF8, 0x3C, 0x3E, 0x38, 0x07, 0x3C, 0x01, 0xDC, 0x00, 0xEE,
    0x00, 0x77, 0x00, 0x1F, 0x80, 0x0F, 0xC0, 0x07, 0xE0, 0x03, 0xF0, 0x03, 0xB8, 0x01, 0xDE, 0x00,
    0xE7, 0x00, 0xE1, 0xE1, 0xF0, 0x7F, 0xF0, 0x1F, 0xE0, 0x30, 0xC1, 0xFE, 0x07, 0xE0, 0x00, 0x00,
    0x00, 0x0F, 0xC1, 0xFF, 0x8F, 0x1E, 0xE0, 0x77, 0x03, 0xB8, 0x0F, 0xC0, 0x7E, 0x03, 0xF0, 0x1F,
    0x81, 0xDC, 0x0E, 0x78, 0xF1, 0xFF, 0x07, 0xF0, 0x07, 0x38, 0x03, 0xB8, 0x03, 0xB8, 0x03, 0x98,
    0x00, 0x00, 0x00, 0x00, 0x00, 0x3F, 0xC0, 0x3F, 0xF8, 0x3C, 0x3E, 0x38, 0x07, 0x3C, 0x01, 0xDC,
    0x00, 0xEE, 0x00, 0x77, 0x00, 0x1F, 0x80, 0x0F, 0xC0, 0x07, 0xE0, 0x03, 0xF0, 0x03, 0xB8, 0x01,
    0xDE, 0x00, 0xE7, 0x00, 0xE1, 0xE1, 0xF0, 0x7F, 0xF0, 0x1F, 0xE0, 0x1C, 0xE0, 0xEE, 0x0E, 0xE0,
    0xE6, 0x00, 0x00, 0x0F, 0xC1, 0xFF, 0x8F, 0x1E, 0xE0, 0x77, 0x03, 0xB8, 0x0F, 0xC0, 0x7E, 0x03,
    0xF0, 0x1F, 0x81, 0xDC, 0x0E, 0x78, 0xF1, 0xFF, 0x07, 0xF0, 0x0F, 0xFF, 0xF3, 0xFF, 0xFF, 0x7C,
    0x38, 0x07, 0x03, 0x80, 0xF0, 0x38, 0x0E, 0x03, 0x80, 0xE0, 0x38, 0x0E, 0x03, 0xFF, 0xE0, 0x3F,
    0xFE, 0x03, 0x80, 0xE0, 0x38, 0x0E, 0x03, 0x80, 0xE0, 0x38, 0x0F, 0x03, 0x80, 0x70, 0x38, 0x03,
    0xC3, 0x80, 0x1F, 0xFF, 0xF0, 0xFF, 0xFF, 0x1F, 0x8F, 0xE3, 0xFE, 0xFF, 0x9E, 0x7F, 0x1F, 0xC0,
    0xF0, 0x7E, 0x07, 0x83, 0xF0, 0x3F, 0xFF, 0x81, 0xFF, 0xFC, 0x0E, 0x00, 0xE0, 0x70, 0x07, 0x03,
    0xC0, 0x38, 0x1E, 0x00, 0xF3, 0xFC, 0x73, 0xFD, 0xFF, 0x8F, 0xC3, 0xF8, 0x03, 0x80, 0x38, 0x03,
    0xC0, 0x1C, 0x00, 0x00, 0x00, 0x03, 0xFE, 0x1F, 0xFC, 0xE1, 0xE7, 0x07, 0xB8, 0x1D, 0xC0, 0xEE,
    0x0E, 0x70, 0xF3, 0xFF, 0x1F, 0xE0, 0xE3, 0x87, 0x1C, 0x38, 0x71, 0xC3, 0x8E, 0x0E, 0x70, 0x7B,
    0x81, 0xDC, 0x0F, 0x0F, 0x0E, 0x1C, 0x38, 0x00, 0xCF, 0xDF, 0xF8, 0xF0, 0xE0, 0xE0, 0xE0, 0xE0,
    0xE0, 0xE0, 0xE0, 0xE0, 0xE0, 0xE0, 0xFF, 0x87, 0xFE, 0x38, 0x79, 0xC1, 0xCE, 0x07, 0x70, 0x3B,
    0x83, 0xDC, 0x1C, 0xE3, 0xE7, 0xFE, 0x3F, 0xC1, 0xC7, 0x0E, 0x3C, 0x70, 0xE3, 0x83, 0x9C, 0x1C,
    0xE0, 0x77, 0x03, 0xC0, 0x00, 0x00, 0x00, 0x70, 0x03, 0x00, 0x38, 0x01, 0x80, 0x67, 0xB7, 0xDF,
    0x0F, 0x07, 0x03, 0x81, 0xC0, 0xE0, 0x70, 0x38, 0x1C, 0x0E, 0x07, 0x03, 0x80, 0x00, 0x00, 0x70,
    0x38, 0x38, 0x18, 0x00, 0x71, 0xC1, 0xDC, 0x07, 0xC0, 0x3C, 0x00, 0x00, 0x00, 0x03, 0xFE, 0x1F,
    0xFC, 0xE1, 0xE7, 0x07, 0xB8, 0x1D, 0xC0, 0xEE, 0x0E, 0x70, 0xF3, 0xFF, 0x1F, 0xE0, 0xE3, 0x87,
    0x1C, 0x38, 0x71, 0xC3, 0x8E, 0x0E, 0x70, 0x7B, 0x81, 0xDC, 0x0F, 0xF3, 0x9F, 0xC3, 0xE0, 0x78,
    0x00, 0x19, 0xE6, 0xF9, 0xF0, 0x78, 0x1C, 0x07, 0x01, 0xC0, 0x70, 0x1C, 0x07, 0x01, 0xC0, 0x70,
    0x1C, 0x07, 0x00, 0x03, 0xC0, 0x38, 0x07, 0x80, 0xF0, 0x0C, 0x00, 0x00, 0x00, 0x03, 0xFE, 0x7F,
    0xEF, 0x0E, 0xE0, 0x0E, 0x00, 0xE0, 0x0F, 0x00, 0x7C, 0x03, 0xF0, 0x1F, 0xC0, 0x3E, 0x00, 0xE0,
    0x0F, 0x00, 0x70, 0x0E, 0xE1, 0xEF, 0xFC, 0xFF, 0x80, 0x07, 0x03, 0x80, 0xE0, 0x60, 0x00, 0x1F,
    0xEF, 0xFB, 0x86, 0xE0, 0x38, 0x0F, 0x81, 0xF8, 0x1F, 0x81, 0xE0, 0x3C, 0x07, 0xC3, 0xBF, 0xEF,
    0xF0, 0x0E, 0x01, 0xF0, 0x1F, 0x83, 0x9C, 0x70, 0xC0, 0x00, 0x00, 0x03, 0xFE, 0x7F, 0xEF, 0x0E,
    0xE0, 0x0E, 0x00, 0xE0, 0x0F, 0x00, 0x7C, 0x03, 0xF0, 0x1F, 0xC0, 0x3E, 0x00, 0xE0, 0x0F, 0x00,
    0x70, 0x0E, 0xE1, 0xEF, 0xFC, 0xFF, 0x80, 0x1C, 0x0F, 0x87, 0x73, 0x8E, 0x00, 0x1F, 0xEF, 0xFB,
    0x86, 0xE0, 0x38, 0x0F, 0x81, 0xF8, 0x1F, 0x81, 0xE0, 0x3C, 0x07, 0xC3, 0xBF, 0xEF, 0xF0, 0x3F,
    0xE7, 0xFE, 0xF0, 0xEE, 0x00, 0xE0, 0x0E, 0x00, 0xF0, 0x07, 0xC0, 0x3F, 0x01, 0xFC, 0x03, 0xE0,
    0x0E, 0x00, 0xF0, 0x07, 0x00, 0xEE, 0x1E, 0xFF, 0xCF, 0xF8, 0x0C, 0x01, 0xE0, 0x07, 0x00, 0x70,
    0x3F, 0x03, 0xE0, 0x7F, 0xBF, 0xEE, 0x1B, 0x80, 0xE0, 0x3E, 0x07, 0xE0, 0x7E, 0x07, 0x80, 0x70,
    0x1F, 0x0E, 0xFF, 0xBF, 0xC1, 0x80, 0x78, 0x0E, 0x03, 0xC3, 0xE0, 0xF8, 0x70, 0xC3, 0x9C, 0x1F,
    0x81, 0xF0, 0x0E, 0x00, 0x00, 0x00, 0x03, 0xFE, 0x7F, 0xEF, 0x0E, 0xE0, 0x0E, 0x00, 0xE0, 0x0F,
    0x00, 0x7C, 0x03, 0xF0, 0x1F, 0xC0, 0x3E, 0x00, 0xE0, 0x0F, 0x00, 0x70, 0x0E, 0xE1, 0xEF, 0xFC,
    0xFF, 0x80, 0xE3, 0x9F, 0xC3, 0xE0, 0x70, 0x00, 0x1F, 0xEF, 0xFB, 0x86, 0xE0, 0x38, 0x0F, 0x81,
    0xF8, 0x1F, 0x81, 0xE0, 0x3C, 0x07, 0xC3, 0xBF, 0xEF, 0xF0, 0xFF, 0xFF, 0xFF, 0xC1, 0xC0, 0x0E,
    0x00, 0x70, 0x03, 0x80, 0x1C, 0x00, 0xE0, 0x07, 0x00, 0x38, 0x01, 0xC0, 0x0E, 0x00, 0x70, 0x03,
    0x80, 0x1C, 0x00, 0xE0, 0x07, 0x00, 0x38, 0x00, 0xC0, 0x0E, 0x00, 0x78, 0x00, 0xE0, 0x3E, 0x01,
    0xF0, 0x30, 0x18, 0x0C, 0x1F, 0xFF, 0xFB, 0x81, 0xC0, 0xE0, 0x70, 0x38, 0x1C, 0x0E, 0x07, 0x03,
    0x80, 0xE0, 0x7F, 0x1F, 0x86, 0x07, 0xC0, 0xE0, 0x79, 0xF8, 0xF8, 0x38, 0xE0, 0xFE, 0x03, 0xE0,
    0x0F, 0x00, 0x00, 0x00, 0x03, 0xFF, 0xFF, 0xFF, 0x07, 0x00, 0x38, 0x01, 0xC0, 0x0E, 0x00, 0x70,
    0x03, 0x80, 0x1C, 0x00, 0xE0, 0x07, 0x00, 0x38, 0x01, 0xC0, 0x0E, 0x00, 0x70, 0x03, 0x80, 0x1C,
    0x00, 0xE0, 0x00, 0x70, 0x0E, 0x30, 0xE3, 0x0C, 0x30, 0x0F, 0xF0, 0xFF, 0x07, 0x00, 0x70, 0x07,
    0x00, 0x70, 0x07, 0x00, 0x70, 0x07, 0x00, 0x70, 0x07, 0x00, 0x38, 0x03, 0xF0, 0x1F, 0x00, 0xFF,
    0xFF, 0xFF, 0xC1, 0xC0, 0x0E, 0x00, 0x70, 0x03, 0x80, 0x1C, 0x00, 0xE0, 0x3F, 0xF1, 0xFF, 0x81,
    0xC0, 0x0E, 0x00, 0x70, 0x03, 0x80, 0x1C, 0x00, 0xE0, 0x07, 0x00, 0x38, 0x00, 0x30, 0x30, 0x30,
    0xFF, 0xFF, 0x70, 0x70, 0x70, 0xFF, 0xFF, 0x70, 0x70, 0x70, 0x70, 0x38, 0x3F, 0x1F, 0x1E, 0x30,
    0x7F, 0xC3, 0xBE, 0x0C, 0x78, 0x00, 0x00, 0x00, 0x0E, 0x01, 0xF8, 0x07, 0xE0, 0x1F, 0x80, 0x7E,
    0x01, 0xF8, 0x07, 0xE0, 0x1F, 0x80, 0x7E, 0x01, 0xF8, 0x07, 0xE0, 0x1F, 0x80, 0x7E, 0x01, 0xF8,
    0x07, 0xF0, 0x3D, 0xE1, 0xE3, 0xFF, 0x07, 0xF8, 0x3F, 0xC7, 0xFC, 0x00, 0x00, 0x00, 0xE0, 0x7E,
    0x07, 0xE0, 0x7E, 0x07, 0xE0, 0x7E, 0x07, 0xE0, 0x7E, 0x07, 0xE0, 0x7E, 0x0F, 0xE0, 0xFF, 0x1F,
    0x7F, 0xF3, 0xF7, 0x1F, 0xC0, 0x7F, 0x00, 0x00, 0x00, 0x00, 0xE0, 0x1F, 0x80, 0x7E, 0x01, 0xF8,
    0x07, 0xE0, 0x1F, 0x80, 0x7E, 0x01, 0xF8, 0x07, 0xE0, 0x1F, 0x80, 0x7E, 0x01, 0xF8, 0x07, 0xE0,
    0x1F, 0x80, 0x7F, 0x03, 0xDE, 0x1E, 0x3F, 0xF0, 0x7F, 0x80, 0x3F, 0x83, 0xF8, 0x00, 0x00, 0x00,
    0xE0, 0x7E, 0x07, 0xE0, 0x7E, 0x07, 0xE0, 0x7E, 0x07, 0xE0, 0x7E, 0x07, 0xE0, 0x7E, 0x0F, 0xE0,
    0xFF, 0x1F, 0x7F, 0xF3, 0xF7, 0x18, 0x60, 0x73, 0x81, 0xFC, 0x03, 0xE0, 0x00, 0x00, 0x00, 0x0E,
    0x01, 0xF8, 0x07, 0xE0, 0x1F, 0x80, 0x7E, 0x01, 0xF8, 0x07, 0xE0, 0x1F, 0x80, 0x7E, 0x01, 0xF8,
    0x07, 0xE0, 0x1F, 0x80, 0x7E, 0x01, 0xF8, 0x07, 0xF0, 0x3D, 0xE1, 0xE3, 0xFF, 0x07, 0xF8, 0x31,
    0xC3, 0xF8, 0x1F, 0x80, 0x00, 0x00, 0x0E, 0x07, 0xE0, 0x7E, 0x07, 0xE0, 0x7E, 0x07, 0xE0, 0x7E,
    0x07, 0xE0, 0x7E, 0x07, 0xE0, 0xFE, 0x0F, 0xF1, 0xF7, 0xFF, 0x3F, 0x70, 0x0F, 0x80, 0x3F, 0x00,
    0x8C, 0x03, 0x30, 0x0F, 0xC0, 0x3E, 0x00, 0x00, 0x00, 0x00, 0xE0, 0x1F, 0x80, 0x7E, 0x01, 0xF8,
    0x07, 0xE0, 0x1F, 0x80, 0x7E, 0x01, 0xF8, 0x07, 0xE0, 0x1F, 0x80, 0x7E, 0x01, 0xF8, 0x07, 0xE0,
    0x1F, 0x80, 0x7F, 0x03, 0xDE, 0x1E, 0x3F, 0xF0, 0x7F, 0x80, 0x1E, 0x01, 0xF0, 0x33, 0x01, 0xB0,
    0x1F, 0x01, 0xE0, 0x00, 0x0E, 0x07, 0xE0, 0x7E, 0x07, 0xE0, 0x7E, 0x07, 0xE0, 0x7E, 0x07, 0xE0,
    0x7E, 0x07, 0xE0, 0xFE, 0x0F, 0xF1, 0xF7, 0xFF, 0x3F, 0x70, 0x0E, 0xF0, 0x7B, 0x81, 0xDC, 0x0E,
    0x60, 0x00, 0x00, 0x00, 0x0E, 0x01, 0xF8, 0x07, 0xE0, 0x1F, 0x80, 0x7E, 0x01, 0xF8, 0x07, 0xE0,
    0x1F, 0x80, 0x7E, 0x01, 0xF8, 0x07, 0xE0, 0x1F, 0x80, 0x7E, 0x01, 0xF8, 0x07, 0xF0, 0x3D, 0xE1,
    0xE3, 0xFF, 0x07, 0xF8, 0x1D, 0xC3, 0x9C, 0x3B, 0x87, 0x70, 0x00, 0x0E, 0x07, 0xE0, 0x7E, 0x07,
    0xE0, 0x7E, 0x07, 0xE0, 0x7E, 0x07, 0xE0, 0x7E, 0x07, 0xE0, 0xFE, 0x0F, 0xF1, 0xF7, 0xFF, 0x3F,
    0x70, 0xE0, 0x1F, 0x80, 0x7E, 0x01, 0xF8, 0x07, 0xE0, 0x1F, 0x80, 0x7E, 0x01, 0xF8, 0x07, 0xE0,
    0x1F, 0x80, 0x7E, 0x01, 0xF8, 0x07, 0xE0, 0x1F, 0x80, 0x7F, 0x03, 0xDE, 0x1E, 0x3F, 0xF0, 0x7F,
    0x80, 0x1C, 0x00, 0x70, 0x03, 0x80, 0x0F, 0x00, 0x1F, 0x00, 0x7C, 0xE0, 0x7E, 0x07, 0xE0, 0x7E,
    0x07, 0xE0, 0x7E, 0x07, 0xE0, 0x7E, 0x07, 0xE0, 0x7E, 0x0F, 0xE0, 0xFF, 0x1F, 0x7F, 0xF3, 0xF7,
    0x00, 0xE0, 0x1C, 0x01, 0xC0, 0x1C, 0x01, 0xF0, 0x0F, 0x00, 0x38, 0x00, 0x00, 0xF8, 0x00, 0x03,
    0xB8, 0x00, 0x0E, 0x38, 0x00, 0x00, 0x00, 0x00, 0x00, 0x00, 0x38, 0x0E, 0x03, 0xF0, 0x1E, 0x07,
    0x70, 0x7C, 0x0E, 0xE0, 0xF8, 0x39, 0xC1, 0xB0, 0x73, 0x87, 0x70, 0xE3, 0x8E, 0xE1, 0xC7, 0x1D,
    0xC7, 0x0E, 0x31, 0xCE, 0x1C, 0xE3, 0x9C, 0x1D, 0xC7, 0x38, 0x3B, 0x87, 0xE0, 0x7E, 0x0F, 0xC0,
    0xFC, 0x1F, 0x80, 0xF8, 0x1E, 0x01, 0xE0, 0x3C, 0x03, 0xC0, 0x78, 0x03, 0x80, 0xF0, 0x00, 0xF0,
    0x00, 0x1F, 0x80, 0x03, 0xBC, 0x00, 0x70, 0xC0, 0x00, 0x00, 0x0E, 0x0F, 0x07, 0xE0, 0xF0, 0xE7,
    0x0F, 0x0E, 0x71, 0xF0, 0xE7, 0x1F, 0x8E, 0x71, 0xB9, 0xC3, 0xB9, 0x9C, 0x3B, 0x9D, 0xC3, 0xB9,
    0xD8, 0x3F, 0x1F, 0x81, 0xF0, 0xF8, 0x1F, 0x0F, 0x81, 0xE0, 0xF0, 0x1E, 0x07, 0x00, 0x07, 0x80,
    0x1F, 0x80, 0x3F, 0x80, 0xE3, 0x80, 0x00, 0x00, 0x00, 0x38, 0x07, 0x78, 0x0E, 0x70, 0x38, 0x70,
    0x70, 0xE1, 0xC0, 0xE3, 0x81, 0xCE, 0x01, 0xDC, 0x03, 0xF0, 0x03, 0xE0, 0x07, 0x80, 0x07, 0x00,
    0x0E, 0x00, 0x1C, 0x00, 0x38, 0x00, 0x70, 0x00, 0xE0, 0x01, 0xC0, 0x07, 0x80, 0x3F, 0x01, 0xCE,
    0x06, 0x18, 0x00, 0x01, 0xC0, 0x77, 0x03, 0x9C, 0x0E, 0x38, 0x78, 0xE1, 0xC1, 0xC7, 0x07, 0x38,
    0x1C, 0xE0, 0x3B, 0x80, 0xFC, 0x03, 0xF0, 0x07, 0xC0, 0x1E, 0x00, 0x38, 0x00, 0xE0, 0x07, 0x00,
    0x1C, 0x00, 0xE0, 0x1F, 0x80, 0x7C, 0x00, 0x0C, 0x70, 0x1C, 0xE0, 0x31, 0xC0, 0x00, 0x00, 0x00,
    0x1E, 0x01, 0xDC, 0x07, 0xBC, 0x0E, 0x38, 0x38, 0x38, 0x70, 0x71, 0xC0, 0x73, 0x80, 0xEE, 0x00,
    0xFC, 0x01, 0xF0, 0x01, 0xE0, 0x03, 0x80, 0x07, 0x00, 0x0E, 0x00, 0x1C, 0x00, 0x38, 0x00, 0x70,
    0x00, 0xE0, 0x00, 0x03, 0xC0, 0x38, 0x07, 0x00, 0x60, 0x00, 0x00, 0x00, 0xFF, 0xFF, 0xFF, 0x00,
    0xF0, 0x0E, 0x01, 0xE0, 0x1C, 0x03, 0x80, 0x78, 0x07, 0x00, 0xE0, 0x1E, 0x01, 0xC0, 0x38, 0x07,
    0x80, 0x70, 0x0E, 0x00, 0xFF, 0xFF, 0xFF, 0x03, 0x81, 0xC0, 0xE0, 0x30, 0x00, 0x1F, 0xF7, 0xFC,
    0x07, 0x03, 0x81, 0xE0, 0x70, 0x38, 0x1E, 0x0F, 0x03, 0x81, 0xE0, 0xF0, 0x3F, 0xFF, 0xFC, 0x06,
    0x00, 0x70, 0x06, 0x00, 0x00, 0x00, 0x00, 0x00, 0xFF, 0xFF, 0xFF, 0x00, 0xF0, 0x0E, 0x01, 0xE0,
    0x3C, 0x03, 0x80, 0x78, 0x07, 0x00, 0xE0, 0x1E, 0x01, 0xC0, 0x38, 0x07, 0x80, 0x70, 0x0E, 0x00,
    0xFF, 0xFF, 0xFF, 0x0C, 0x07, 0x00, 0xC0, 0x00, 0x00, 0x1F, 0xF7, 0xFC, 0x0F, 0x03, 0x81, 0xE0,
    0xF0, 0x38, 0x1C, 0x0F, 0x03, 0x81, 0xC0, 0xF0, 0x3F, 0xFF, 0xFC, 0x38, 0xE3, 0xFC, 0x1F, 0x80,
    0xF0, 0x00, 0x00, 0x00, 0xFF, 0xFF, 0xFF, 0x00, 0xF0, 0x0E, 0x01, 0xE0, 0x1C, 0x03, 0x80, 0x78,
    0x07, 0x00, 0xE0, 0x1E, 0x01, 0xC0, 0x38, 0x07, 0x80, 0x70, 0x0E, 0x00, 0xFF, 0xFF, 0xFF, 0x71,
    0xCF, 0xE1, 0xF0, 0x38, 0x00, 0x1F, 0xF7, 0xFC, 0x07, 0x03, 0x81, 0xE0, 0x70, 0x38, 0x1E, 0x0F,
    0x03, 0x81, 0xE0, 0xF0, 0x3F, 0xFF, 0xFC, 0x7F, 0xFF, 0x87, 0x0E, 0x1C, 0x38, 0x70, 0xE1, 0xC3,
    0x87, 0x0E, 0x1C, 0x38, 0x70, 0xE1, 0xC3, 0x80, 0x00, 0x00, 0xE1, 0xFE, 0x38, 0x7F, 0xF7, 0x1E,
    0x1F, 0xE7, 0x00, 0xF9, 0xE0, 0x0E, 0x38, 0x01, 0xC7, 0x00, 0x38, 0xE0, 0x03, 0x9C, 0x00, 0x73,
    0x80, 0x0E, 0x70, 0x01, 0xCE, 0x00, 0x71, 0xC0, 0x0E, 0x3C, 0x01, 0xC3, 0x80, 0x70, 0x3C, 0x3E,
    0x03, 0xFF, 0x80, 0x3F, 0xC0, 0x00, 0x00, 0x0E, 0x00, 0x1C, 0x7E, 0x73, 0xFF, 0xE7, 0x8F, 0x9C,
    0x0E, 0x38, 0x1C, 0x70, 0x1C, 0xE0, 0x39, 0xC0, 0x73, 0x80, 0xE7, 0x03, 0x8E, 0x07, 0x0F, 0x1E,
    0x0F, 0xF8, 0x0F, 0xE0, 0x00, 0x01, 0xF8, 0x07, 0x7E, 0x01, 0xDF, 0x80, 0x7E, 0xE0, 0x1F, 0x38,
    0x07, 0x0E, 0x01, 0xC3, 0x80, 0x70, 0xE0, 0x1C, 0x38, 0x07, 0x0E, 0x01, 0xC3, 0x80, 0x70, 0xE0,
    0x1C, 0x38, 0x07, 0x0E, 0x01, 0xC3, 0xC0, 0xF0, 0x78, 0x78, 0x0F, 0xFC, 0x01, 0xFE, 0x00, 0x00,
    0x07, 0x00, 0x07, 0xE0, 0x7E, 0xE0, 0x7E, 0xE0, 0x7C, 0xE0, 0x70, 0xE0, 0x70, 0xE0, 0x70, 0xE0,
    0x70, 0xE0, 0x70, 0xE0, 0x70, 0xE0, 0xF0, 0xE0, 0xF0, 0xF1, 0xF0, 0x7F, 0xF0, 0x3F, 0x70, 0x00,
    0x00, 0x1C, 0x70, 0x00, 0x00, 0xFF, 0x00, 0x00, 0x03, 0xF0, 0x00, 0x00, 0x0F, 0x00, 0x00, 0x00,
    0x00, 0x00, 0x00, 0x00, 0x03, 0xFF, 0x01, 0xFF, 0xFF, 0xFE, 0x0F, 0xFF, 0xE1, 0xF8, 0x00, 0x7F,
    0x01, 0xC0, 0x03, 0xB8, 0x07, 0x00, 0x3D, 0xC0, 0x38, 0x01, 0xCE, 0x01, 0xC0, 0x1C, 0x70, 0x07,
    0x01, 0xE3, 0x80, 0x38, 0x0E, 0x1C, 0x01, 0xC0, 0xE0, 0xE0, 0x0E, 0x0F, 0x07, 0x00, 0xE0, 0x70,
    0x38, 0x07, 0x07, 0x01, 0xC0, 0x78, 0x78, 0x0E, 0x07, 0x83, 0x80, 0x70, 0xF8, 0x38, 0x03, 0xFF,
    0x81, 0xFF, 0xFF, 0xF8, 0x0F, 0xFF, 0x00, 0x00, 0x38, 0xFF, 0xF8, 0x03, 0xFB, 0xFF, 0xC0, 0x3E,
    0x70, 0xFC, 0x03, 0x8E, 0x03, 0x80, 0x01, 0xC0, 0x38, 0x7F, 0xF8, 0x07, 0x0F, 0xFF, 0x00, 0xE0,
    0x07, 0xE0, 0x0E, 0x01, 0xDC, 0x01, 0xC0, 0x7B, 0x80, 0x38, 0x0E, 0x70, 0x07, 0x03, 0x8E, 0x01,
    0xC0, 0xF1, 0xC0, 0x38, 0x3C, 0x38, 0x0F, 0x07, 0x07, 0x03, 0xC1, 0xE0, 0xE1, 0xF0, 0x78, 0x1F,
    0xFC, 0x0F, 0xFF, 0xFF, 0x01, 0xFF, 0x80, 0x00, 0x70, 0xE3, 0x80, 0x38, 0x3F, 0x80, 0x1C, 0x0F,
    0x80, 0x0E, 0x03, 0x80, 0x07, 0x00, 0x01, 0xFF, 0x87, 0xFD, 0xFF, 0xC3, 0xFE, 0xF3, 0xE0, 0x07,
    0xE0, 0x70, 0x07, 0x70, 0x38, 0x07, 0xB8, 0x1C, 0x03, 0x9C, 0x0E, 0x03, 0x8E, 0x07, 0x03, 0xC7,
    0x03, 0x83, 0xC3, 0x81, 0xC1, 0xC1, 0xC0, 0xE1, 0xE0, 0x79, 0xF1, 0xE0, 0x3F, 0xF8, 0xFF, 0xCF,
    0xEC, 0x7F, 0xE0, 0xE0, 0x07, 0xE0, 0x07, 0xE0, 0x07, 0xE0, 0x07, 0xE0, 0x07, 0xE0, 0x07, 0xE0,
    0x07, 0xE0, 0x07, 0xE0, 0x07, 0xE0, 0x07, 0xE0, 0x07, 0xE0, 0x07, 0xE0, 0x07, 0xE0, 0x07, 0xE0,
    0x07, 0xE0, 0x07, 0xFF, 0xC7, 0xFF, 0xC7, 0x00, 0x07, 0x00, 0x0E, 0x00, 0x1E, 0x00, 0xFE, 0x00,
    0xF8, 0x00, 0x07, 0xC0, 0x1F, 0x80, 0x1F, 0x00, 0x0E, 0x00, 0x1C, 0x01, 0xF8, 0x03, 0xF0, 0x07,
    0xE0, 0x0F, 0xC0, 0x1F, 0x80, 0x3F, 0x00, 0x7E, 0x00, 0xFC, 0x01, 0xF8, 0x03, 0xF0, 0x07, 0xE0,
    0x0F, 0xFF, 0x9F, 0xFF, 0x38, 0x00, 0x70, 0x00, 0xE0, 0x01, 0xC0, 0x03, 0x80, 0x3F, 0x00, 0x7C,
    0xE1, 0xF1, 0xF8, 0x7C, 0x0E, 0x07, 0x1F, 0x8F, 0xC7, 0xE3, 0xF1, 0xF8, 0xFC, 0x7E, 0x3F, 0x1F,
    0x8F, 0xC7, 0xE3, 0xF1, 0xF8, 0xE0, 0x70, 0x38, 0x1C, 0x0E, 0x3F, 0x1F, 0x00, 0xF0, 0x0E, 0x3F,
    0x80, 0x71, 0xFE, 0x03, 0x8F, 0xF0, 0x1C, 0x7F, 0xC0, 0xE3, 0xFF, 0x07, 0x1F, 0xB8, 0x38, 0xFC,
    0xE1, 0xC7, 0xE7, 0x0E, 0x3F, 0x1C, 0x71, 0xF8, 0xF3, 0x8F, 0xC3, 0x9C, 0x7E, 0x0E, 0xE3, 0xF0,
    0x77, 0x1F, 0x81, 0xF8, 0xFC, 0x0F, 0xC7, 0xE0, 0x3E, 0x3F, 0x00, 0xF1, 0xC0, 0x00, 0x0E, 0x00,
    0x00, 0x70, 0x00, 0x07, 0x80, 0x01, 0xF8, 0x00, 0x0F, 0x80, 0x00, 0x00, 0x1F, 0x80, 0x71, 0xFC,
    0x03, 0x87, 0xF0, 0x1C, 0x0F, 0x80, 0xE0, 0x7E, 0x07, 0x1F, 0xB8, 0x38, 0xFD, 0xC1, 0xC7, 0xE7,
    0x0E, 0x3F, 0x38, 0x71, 0xF8, 0xE3, 0x8F, 0xC3, 0x9C, 0x7E, 0x1C, 0xE3, 0xF0, 0x77, 0x1F, 0x83,
    0xB8, 0xFC, 0x0F, 0xC7, 0xE0, 0x3E, 0x3F, 0x01, 0xF1, 0xF8, 0x07, 0x8E, 0x00, 0x00, 0x70, 0x00,
    0x03, 0x80, 0x00, 0x1C, 0x00, 0x00, 0xE0, 0x00, 0x3F, 0x00, 0x01, 0xF0, 0x00, 0x00, 0xC0, 0x00,
    0x70, 0x00, 0x0C, 0x00, 0x00, 0x00, 0x00, 0x37, 0xF0, 0x7F, 0xFE, 0x1F, 0xE7, 0x87, 0xE0, 0xF1,
    0xF8, 0x1C, 0x7E, 0x07, 0x1F, 0x81, 0xC7, 0xE0, 0x71, 0xF8, 0x1C, 0x7E, 0x07, 0x1F, 0x81, 0xC7,
    0xE0, 0x71, 0xF8, 0x1C, 0x7E, 0x07, 0x1C, 0x00, 0x07, 0x00, 0x01, 0xC0, 0x00, 0x70, 0x00, 0x1C,
    0x00, 0x3F, 0x00, 0x0F, 0x80, 0x1C, 0x70, 0x0F, 0xF0, 0x07, 0xE0, 0x03, 0xC0, 0x00, 0x00, 0x00,
    0x00, 0x03, 0xC0, 0x03, 0xC0, 0x03, 0xC0, 0x07, 0xE0, 0x07, 0xE0, 0x0E, 0x70, 0x0E, 0x70, 0x0E,
    0x70, 0x1C, 0x38, 0x1C, 0x38, 0x1F, 0xF8, 0x3F, 0xFC, 0x38, 0x1C, 0x70, 0x0E, 0x70, 0x0E, 0x70,
    0x0E, 0xE0, 0x07, 0xE0, 0x07, 0x79, 0xC7, 0xF0, 0x7C, 0x07, 0x00, 0x00, 0x7F, 0x9F, 0xF9, 0x8F,
    0x00, 0xE0, 0x1C, 0x7F, 0xBF, 0xFF, 0x8F, 0xC1, 0xF8, 0x3F, 0x07, 0xF3, 0xFF, 0xFD, 0xFD, 0x80,
    0xE7, 0x3F, 0x1F, 0x87, 0x80, 0x00, 0x01, 0xF8, 0xFC, 0x1C, 0x0E, 0x07, 0x03, 0x81, 0xC0, 0xE0,
    0x70, 0x38, 0x1C, 0x0E, 0x07, 0x03, 0x81, 0xC0, 0xE1, 0xF8, 0xFC, 0x73, 0xCF, 0xE1, 0xF0, 0x38,
    0x00, 0x03, 0x80, 0xE0, 0x38, 0x0E, 0x03, 0x80, 0xE0, 0x38, 0x0E, 0x03, 0x80, 0xE0, 0x38, 0x0E,
    0x03, 0x80, 0xE0, 0x0C, 0x38, 0x07, 0x38, 0x01, 0xF8, 0x00, 0x78, 0x00, 0x1C, 0x00, 0x00, 0x00,
    0x00, 0x00, 0x1F, 0xE0, 0x1F, 0xFC, 0x1E, 0x1F, 0x1C, 0x03, 0x9E, 0x00, 0xEE, 0x00, 0x77, 0x00,
    0x3B, 0x80, 0x0F, 0xC0, 0x07, 0xE0, 0x03, 0xF0, 0x01, 0xF8, 0x01, 0xDC, 0x00, 0xEF, 0x00, 0x73,
    0x80, 0x70, 0xF0, 0xF8, 0x3F, 0xF8, 0x0F, 0xF0, 0x00, 0x39, 0xE0, 0xFE, 0x03, 0xE0, 0x1E, 0x00,
    0x00, 0x0F, 0xC1, 0xFF, 0x8F, 0x1E, 0xE0, 0x77, 0x03, 0xB8, 0x0F, 0xC0, 0x7E, 0x03, 0xF0, 0x1F,
    0x81, 0xDC, 0x0E, 0x78, 0xF1, 0xFF, 0x07, 0xF0, 0x38, 0x70, 0x73, 0x80, 0xFC, 0x01, 0xE0, 0x07,
    0x80, 0x00, 0x00, 0x00, 0x38, 0x07, 0xE0, 0x1F, 0x80, 0x7E, 0x01, 0xF8, 0x07, 0xE0, 0x1F, 0x80,
    0x7E, 0x01, 0xF8, 0x07, 0xE0, 0x1F, 0x80, 0x7E, 0x01, 0xF8, 0x07, 0xE0, 0x1F, 0xC0, 0xF7, 0x87,
    0x8F, 0xFC, 0x1F, 0xE0, 0x71, 0xC3, 0xF8, 0x1F, 0x00, 0xE0, 0x00, 0x0E, 0x07, 0xE0, 0x7E, 0x07,
    0xE0, 0x7E, 0x07, 0xE0, 0x7E, 0x07, 0xE0, 0x7E, 0x07, 0xE0, 0xFE, 0x0F, 0xF1, 0xF7, 0xFF, 0x3F,
    0x70, 0x1F, 0xE0, 0x7F, 0x80, 0x00, 0x06, 0x30, 0x1C, 0xE0, 0x63, 0x00, 0x00, 0x00, 0x00, 0xE0,
    0x1F, 0x80, 0x7E, 0x01, 0xF8, 0x07, 0xE0, 0x1F, 0x80, 0x7E, 0x01, 0xF8, 0x07, 0xE0, 0x1F, 0x80,
    0x7E, 0x01, 0xF8, 0x07, 0xE0, 0x1F, 0x80, 0x7F, 0x03, 0xDE, 0x1E, 0x3F, 0xF0, 0x7F, 0x80, 0x3F,
    0xC3, 0xFC, 0x00, 0x00, 0x00, 0x31, 0x83, 0x9C, 0x31, 0x80, 0x00, 0xE0, 0x7E, 0x07, 0xE0, 0x7E,
    0x07, 0xE0, 0x7E, 0x07, 0xE0, 0x7E, 0x07, 0xE0, 0x7E, 0x0F, 0xE0, 0xFF, 0x1F, 0x7F, 0xF3, 0xF7,
    0x01, 0xE0, 0x07, 0x00, 0x38, 0x00, 0xC0, 0x0C, 0xC0, 0x73, 0x80, 0xCC, 0x00, 0x00, 0x00, 0x03,
    0x80, 0x7E, 0x01, 0xF8, 0x07, 0xE0, 0x1F, 0x80, 0x7E, 0x01, 0xF8, 0x07, 0xE0, 0x1F, 0x80, 0x7E,
    0x01, 0xF8, 0x07, 0xE0, 0x1F, 0x80, 0x7E, 0x01, 0xFC, 0x0F, 0x78, 0x78, 0xFF, 0xC1, 0xFE, 0x00,
    0x03, 0xC0, 0x38, 0x07, 0x00, 0xE0, 0x00, 0x03, 0x18, 0x39, 0xC3, 0x18, 0x00, 0x0E, 0x07, 0xE0,
    0x7E, 0x07, 0xE0, 0x7E, 0x07, 0xE0, 0x7E, 0x07, 0xE0, 0x7E, 0x07, 0xE0, 0xFE, 0x0F, 0xF1, 0xF7,
    0xFF, 0x3F, 0x70, 0x18, 0x60, 0x73, 0x80, 0xFC, 0x01, 0xE0, 0x03, 0x00, 0x33, 0x01, 0xCE, 0x03,
    0x30, 0x00, 0x00, 0x00, 0x0E, 0x01, 0xF8, 0x07, 0xE0, 0x1F, 0x80, 0x7E, 0x01, 0xF8, 0x07, 0xE0,
    0x1F, 0x80, 0x7E, 0x01, 0xF8, 0x07, 0xE0, 0x1F, 0x80, 0x7E, 0x01, 0xF8, 0x07, 0xF0, 0x3D, 0xE1,
    0xE3, 0xFF, 0x07, 0xF8, 0x71, 0xC3, 0xB8, 0x1F, 0x00, 0xF0, 0x00, 0x03, 0x18, 0x39, 0xC3, 0x18,
    0x00, 0x0E, 0x07, 0xE0, 0x7E, 0x07, 0xE0, 0x7E, 0x07, 0xE0, 0x7E, 0x07, 0xE0, 0x7E, 0x07, 0xE0,
    0xFE, 0x0F, 0xF1, 0xF7, 0xFF, 0x3F, 0x70, 0x1E, 0x00, 0x38, 0x00, 0x70, 0x00, 0xC0, 0x0C, 0xC0,
    0x73, 0x80, 0xCC, 0x00, 0x00, 0x00, 0x03, 0x80, 0x7E, 0x01, 0xF8, 0x07, 0xE0, 0x1F, 0x80, 0x7E,
    0x01, 0xF8, 0x07, 0xE0, 0x1F, 0x80, 0x7E, 0x01, 0xF8, 0x07, 0xE0, 0x1F, 0x80, 0x7E, 0x01, 0xFC,
    0x0F, 0x78, 0x78, 0xFF, 0xC1, 0xFE, 0x00, 0x38, 0x03, 0xC0, 0x1E, 0x00, 0xE0, 0x00, 0x03, 0x18,
    0x39, 0xC3, 0x18, 0x00, 0x0E, 0x07, 0xE0, 0x7E, 0x07, 0xE0, 0x7E, 0x07, 0xE0, 0x7E, 0x07, 0xE0,
    0x7E, 0x07, 0xE0, 0xFE, 0x0F, 0xF1, 0xF7, 0xFF, 0x3F, 0x70, 0x7F, 0x0F, 0xFC, 0xE3, 0xE0, 0x0E,
    0x00, 0xE0, 0x07, 0xFF, 0xFF, 0xFF, 0xE0, 0x7E, 0x0E, 0xE0, 0xE7, 0x1E, 0x7F, 0xC3, 0xF8, 0x07,
    0xF8, 0x03, 0xFC, 0x00, 0x00, 0x00, 0xC6, 0x00, 0x73, 0x80, 0x31, 0x80, 0x00, 0x00, 0x00, 0x00,
    0x01, 0xC0, 0x00, 0xF0, 0x00, 0xF8, 0x00, 0x7E, 0x00, 0x77, 0x00, 0x3B, 0x80, 0x1C, 0xE0, 0x1C,
    0x70, 0x0E, 0x18, 0x06, 0x0E, 0x07, 0xFF, 0x03, 0xFF, 0xC3, 0x80, 0xE1, 0xC0, 0x70, 0xE0, 0x1C,
    0xE0, 0x0E, 0x70, 0x07, 0x38, 0x01, 0xC0, 0x3F, 0xC7, 0xF8, 0x00, 0x00, 0x03, 0x18, 0x73, 0x8C,
    0x60, 0x00, 0x3F, 0xCF, 0xFC, 0xC7, 0x80, 0x70, 0x0E, 0x7F, 0xDF, 0xFF, 0xC7, 0xE0, 0xFC, 0x1F,
    0x83, 0xF9, 0xFF, 0xFE, 0xFC, 0xC0, 0x07, 0xF0, 0x03, 0xF8, 0x00, 0x00, 0x00, 0x18, 0x00, 0x1C,
    0x00, 0x06, 0x00, 0x00, 0x00, 0x00, 0x00, 0x01, 0xC0, 0x00, 0xF0, 0x00, 0x78, 0x00, 0x7C, 0x00,
    0x3F, 0x00, 0x3B, 0x80, 0x1C, 0xE0, 0x0C, 0x70, 0x0E, 0x38, 0x07, 0x0E, 0x07, 0xFF, 0x03, 0xFF,
    0x81, 0x80, 0xE1, 0xC0, 0x70, 0xE0, 0x38, 0xE0, 0x0E, 0x70, 0x07, 0x38, 0x03, 0x80, 0x3F, 0x87,
    0xF0, 0x00, 0x00, 0x00, 0x60, 0x1C, 0x01, 0x80, 0x00, 0x3F, 0xCF, 0xFC, 0xC7, 0x80, 0x70, 0x0E,
    0x7F, 0xDF, 0xFF, 0xC7, 0xE0, 0xFC, 0x1F, 0x83, 0xF9, 0xFF, 0xFE, 0xFD, 0xC0, 0x00, 0x7F, 0x00,
    0x03, 0xF8, 0x00, 0x00, 0x00, 0x00, 0x00, 0x00, 0x0F, 0xFF, 0x80, 0x7F, 0xFC, 0x07, 0x70, 0x00,
    0x3B, 0x80, 0x03, 0x9C, 0x00, 0x1C, 0xE0, 0x01, 0xC7, 0x00, 0x0E, 0x3F, 0xF0, 0xE1, 0xFF, 0x87,
    0x0E, 0x00, 0x3F, 0xF0, 0x03, 0xFF, 0x80, 0x1C, 0x1C, 0x01, 0xC0, 0xE0, 0x0E, 0x07, 0x00, 0xE0,
    0x38, 0x07, 0x01, 0xFF, 0xF0, 0x0F, 0xFC, 0x03, 0xF8, 0x00, 0x7F, 0x00, 0x00, 0x00, 0x00, 0x00,
    0x03, 0xF9, 0xF8, 0xFF, 0xFF, 0x9C, 0x7C, 0x78, 0x07, 0x07, 0x00, 0xE0, 0xE7, 0xFF, 0xFD, 0xFF,
    0xFF, 0xFC, 0x70, 0x0E, 0x0E, 0x01, 0xC3, 0xC0, 0x38, 0x78, 0x07, 0x1F, 0xC7, 0xFF, 0x3F, 0xEF,
    0xC3, 0xF8, 0x07, 0xFC, 0x0F, 0xFF, 0x0F, 0x83, 0x0F, 0x00, 0x07, 0x00, 0x07, 0x00, 0x03, 0x80,
    0x01, 0xC0, 0x00, 0xE0, 0xFE, 0x70, 0x7F, 0x38, 0x03, 0x9C, 0x01, 0xCE, 0x07, 0xFF, 0x83, 0xFD,
    0xE0, 0x38, 0x7C, 0x1C, 0x1F, 0xFE, 0x07, 0xFF, 0x00, 0x3F, 0xB3, 0xFF, 0x9E, 0x7D, 0xC0, 0xEE,
    0x07, 0x70, 0x3B, 0x81, 0xDC, 0x0E, 0xE0, 0x77, 0x03, 0xB8, 0x1C, 0xF3, 0xE7, 0xFF, 0x1F, 0xF8,
    0x01, 0xC0, 0xFF, 0x07, 0xFB, 0x07, 0x9F, 0xF8, 0xFF, 0x80, 0x0E, 0x18, 0x1E, 0x70, 0x1F, 0xC0,
    0x1F, 0x00, 0x1C, 0x00, 0x00, 0x00, 0x00, 0x03, 0xFE, 0x1F, 0xFE, 0x7C, 0x19, 0xE0, 0x03, 0x80,
    0x0E, 0x00, 0x1C, 0x00, 0x38, 0x00, 0x70, 0x7F, 0xE0, 0xFF, 0xC0, 0x1F, 0x80, 0x3F, 0x00, 0x7F,
    0x00, 0xEF, 0x01, 0xCF, 0x83, 0x8F, 0xFF, 0x0F, 0xFE, 0x39, 0xE1, 0xFC, 0x0F, 0x80, 0xF0, 0x00,
    0x03, 0xFB, 0x7F, 0xF7, 0x9F, 0xE0, 0x7E, 0x07, 0xE0, 0x7E, 0x07, 0xE0, 0x7E, 0x07, 0xE0, 0x7E,
    0x07, 0x78, 0xF7, 0xFF, 0x3F, 0xF0, 0x07, 0x00, 0x70, 0x07, 0x61, 0xF7, 0xFE, 0x7F, 0xC0, 0x38,
    0xE0, 0xFF, 0x01, 0xF8, 0x03, 0xC0, 0x00, 0x00, 0x00, 0x0E, 0x07, 0xB8, 0x3C, 0xE1, 0xE3, 0x87,
    0x0E, 0x38, 0x39, 0xC0, 0xEE, 0x03, 0xF8, 0x0F, 0xE0, 0x3F, 0x80, 0xEF, 0x03, 0x9E, 0x0E, 0x3C,
    0x38, 0x70, 0xE1, 0xE3, 0x83, 0xCE, 0x07, 0x38, 0x0E, 0x61, 0xC0, 0x73, 0x80, 0x3F, 0x00, 0x1E,
    0x00, 0x0E, 0x00, 0x00, 0x00, 0x00, 0x00, 0x0E, 0x00, 0x0E, 0x00, 0x0E, 0x00, 0x0E, 0x00, 0x0E,
    0x00, 0x0E, 0x1E, 0x0E, 0x3C, 0x0E, 0x78, 0x0E, 0x70, 0x0E, 0xE0, 0x0F, 0xC0, 0x0F, 0xC0, 0x0F,
    0xE0, 0x0E, 0xF0, 0x0E, 0x70, 0x0E, 0x38, 0x0E, 0x3C, 0x0E, 0x1E, 0x0E, 0x0E, 0x0F, 0xF0, 0x0F,
    0xFE, 0x0F, 0x0F, 0x8E, 0x01, 0xCF, 0x00, 0x77, 0x00, 0x3B, 0x80, 0x1D, 0xC0, 0x07, 0xE0, 0x03,
    0xF0, 0x01, 0xF8, 0x00, 0xFC, 0x00, 0xEE, 0x00, 0x77, 0x80, 0x39, 0xC0, 0x38, 0x78, 0x7C, 0x1F,
    0xFC, 0x07, 0xF8, 0x00, 0x70, 0x00, 0x70, 0x00, 0x38, 0x00, 0x1C, 0x00, 0x0F, 0x80, 0x03, 0xC0,
    0x1F, 0x83, 0xFF, 0x1E, 0x3D, 0xC0, 0xEE, 0x07, 0x70, 0x1F, 0x80, 0xFC, 0x07, 0xE0, 0x3F, 0x03,
    0xB8, 0x1C, 0xF1, 0xE3, 0xFE, 0x0F, 0xE0, 0x1C, 0x01, 0xC0, 0x0E, 0x00, 0x70, 0x03, 0xE0, 0x0F,
    0x00, 0x07, 0xF0, 0x03, 0xF8, 0x00, 0x00, 0x00, 0x00, 0x00, 0xFF, 0x00, 0xFF, 0xE0, 0xF0, 0xF8,
    0xE0, 0x1C, 0xF0, 0x07, 0x70, 0x03, 0xB8, 0x01, 0xDC, 0x00, 0x7E, 0x00, 0x3F, 0x00, 0x1F, 0x80,
    0x0F, 0xC0, 0x0E, 0xE0, 0x07, 0x78, 0x03, 0x9C, 0x03, 0x87, 0x87, 0xC1, 0xFF, 0xC0, 0x7F, 0x80,
    0x03, 0x80, 0x03, 0x80, 0x01, 0xC0, 0x00, 0xE0, 0x00, 0x78, 0x00, 0x3C, 0x00, 0x1F, 0xC0, 0xFE,
    0x00, 0x00, 0x00, 0x01, 0xF8, 0x3F, 0xF1, 0xE3, 0xDC, 0x0E, 0xE0, 0x77, 0x01, 0xF8, 0x0F, 0xC0,
    0x7E, 0x03, 0xF0, 0x3B, 0x81, 0xCF, 0x1E, 0x3F, 0xE0, 0xFE, 0x01, 0xC0, 0x1C, 0x00, 0xE0, 0x07,
    0x00, 0x3E, 0x00, 0xF0, 0x30, 0x61, 0xEF, 0x07, 0xF0, 0x1F, 0x00, 0x70, 0x00, 0x00, 0x00, 0x0F,
    0xFE, 0x7F, 0xF0, 0x07, 0x80, 0x78, 0x07, 0x00, 0x70, 0x07, 0x00, 0x7F, 0x03, 0xFE, 0x01, 0xF8,
    0x01, 0xC0, 0x0E, 0x00, 0x70, 0x03, 0x80, 0x1F, 0x83, 0xDF, 0xFE, 0x7F, 0xC0, 0x39, 0xE1, 0xFC,
    0x0F, 0x80, 0x70, 0x00, 0x07, 0xFE, 0x7F, 0xE0, 0x0E, 0x01, 0xC0, 0x38, 0x07, 0x00, 0xE0, 0x1E,
    0x01, 0xF8, 0x1F, 0xE0, 0x1E, 0x00, 0x70, 0x07, 0x00, 0x70, 0x07, 0x00, 0x70, 0x0F, 0xE1, 0xEF,
    0xFC, 0x7F, 0x80, 0x73, 0xCF, 0xE1, 0xF0, 0x38, 0x00, 0x03, 0x80, 0xE0, 0x38, 0x0E, 0x03, 0x80,
    0xE0, 0x38, 0x0E, 0x03, 0x80, 0xE0, 0x38, 0x0E, 0x03, 0x80, 0xE0, 0x38, 0x0E, 0x03, 0x81, 0xC3,
    0xF0, 0xF8, 0x00, 0xFF, 0xC0, 0x7F, 0xFF, 0xFF, 0x83, 0xFF, 0xF8, 0x7E, 0x00, 0x1F, 0xC0, 0x70,
    0x00, 0xEE, 0x01, 0xC0, 0x0F, 0x70, 0x0E, 0x00, 0x73, 0x80, 0x70, 0x07, 0x1C, 0x01, 0xC0, 0x78,
    0xE0, 0x0E, 0x03, 0x87, 0x00, 0x70, 0x38, 0x38, 0x03, 0x83, 0xC1, 0xC0, 0x38, 0x1C, 0x0E, 0x01,
    0xC1, 0xC0, 0x70, 0x1E, 0x1E, 0x03, 0x81, 0xE0, 0xE0, 0x1C, 0x3E, 0x0E, 0x00, 0xFF, 0xE0, 0x7F,
    0xFF, 0xFE, 0x03, 0xFF, 0xC0, 0xFF, 0xC0, 0x00, 0x1F, 0xFE, 0x00, 0x03, 0x87, 0xE0, 0x00, 0x70,
    0x1C, 0x00, 0x0E, 0x01, 0xC3, 0xFF, 0xC0, 0x38, 0x7F, 0xF8, 0x07, 0x00, 0x3F, 0x00, 0x70, 0x0E,
    0xE0, 0x0E, 0x03, 0xDC, 0x01, 0xC0, 0x73, 0x80, 0x38, 0x1C, 0x70, 0x0E, 0x07, 0x8E, 0x01, 0xC1,
    0xE1, 0xC0, 0x78, 0x38, 0x38, 0x1E, 0x0F, 0x07, 0x0F, 0x83, 0xC0, 0xFF, 0xE0, 0x7F, 0xFF, 0xF8,
    0x0F, 0xFC, 0x00, 0x70, 0x00, 0x00, 0x38, 0x00, 0x00, 0x1C, 0x00, 0x00, 0x0E, 0x00, 0x00, 0x07,
    0x00, 0x01, 0xFF, 0x87, 0xFD, 0xFF, 0xC3, 0xFE, 0xF3, 0xE0, 0x07, 0xE0, 0x70, 0x07, 0x70, 0x38,
    0x07, 0xB8, 0x1C, 0x03, 0x9C, 0x0E, 0x03, 0x8E, 0x07, 0x03, 0xC7, 0x03, 0x83, 0xC3, 0x81, 0xC1,
    0xC1, 0xC0, 0xE1, 0xE0, 0x79, 0xF1, 0xE0, 0x3F, 0xF8, 0xFF, 0xCF, 0xEC, 0x7F, 0xE0, 0x00, 0x78,
    0x00, 0xE0, 0x03, 0x80, 0x0E, 0x00, 0x18, 0x00, 0x00, 0x00, 0x00, 0x03, 0xFE, 0x1F, 0xFE, 0x7C,
    0x19, 0xE0, 0x03, 0x80, 0x0E, 0x00, 0x1C, 0x00, 0x38, 0x00, 0x70, 0x7F, 0xE0, 0xFF, 0xC0, 0x1F,
    0x80, 0x3F, 0x00, 0x7F, 0x00, 0xEF, 0x01, 0xCF, 0x83, 0x8F, 0xFF, 0x0F, 0xFE, 0x03, 0xC0, 0x38,
    0x07, 0x00, 0x60, 0x00, 0x03, 0xFB, 0x7F, 0xF7, 0x9F, 0xE0, 0x7E, 0x07, 0xE0, 0x7E, 0x07, 0xE0,
    0x7E, 0x07, 0xE0, 0x7E, 0x07, 0x78, 0xF7, 0xFF, 0x3F, 0xF0, 0x07, 0x00, 0x70, 0x07, 0x61, 0xF7,
    0xFE, 0x7F, 0xC0, 0xE0, 0x70, 0x1C, 0x0E, 0x03, 0x81, 0xC0, 0x70, 0x38, 0x0E, 0x07, 0x0F, 0xC0,
    0xE1, 0xF8, 0x1C, 0x3F, 0xFF, 0x87, 0xFF, 0xF0, 0xFC, 0x0E, 0x1F, 0x81, 0xC3, 0xF0, 0x38, 0x7E,
    0x07, 0x0F, 0xC0, 0xE1, 0xF8, 0x1C, 0x3F, 0x01, 0xCF, 0xE0, 0x3F, 0xDC, 0x03, 0xF0, 0xCF, 0xE6,
    0xFF, 0xBE, 0x1F, 0xE0, 0x7E, 0x03, 0xF0, 0x1F, 0x80, 0xFC, 0x07, 0xE0, 0x3F, 0x01, 0xF8, 0x1D,
    0xC1, 0xEE, 0x1E, 0x71, 0xE3, 0x9E, 0x1F, 0xE0, 0xFE, 0x07, 0xC0, 0x38, 0x01, 0xC0, 0x0E, 0x00,
    0x70, 0x03, 0x80, 0x1C, 0x00, 0x0E, 0x00, 0x0E, 0x00, 0x1C, 0x00, 0x1C, 0x00, 0x00, 0x00, 0x00,
    0x3C, 0x03, 0xF8, 0x07, 0xF8, 0x0F, 0xF0, 0x1F, 0xF0, 0x3F, 0xF0, 0x7E, 0xE0, 0xFC, 0xE1, 0xF9,
    0xC3, 0xF1, 0xC7, 0xE3, 0xCF, 0xC3, 0x9F, 0x83, 0xBF, 0x07, 0x7E, 0x07, 0xFC, 0x0F, 0xF8, 0x0F,
    0xF0, 0x0F, 0x3C, 0x01, 0xC0, 0x0E, 0x00, 0x70, 0x00, 0x0D, 0xFC, 0xFF, 0xEF, 0x9E, 0xE0, 0xFE,
    0x07, 0xE0, 0x7E, 0x07, 0xE0, 0x7E, 0x07, 0xE0, 0x7E, 0x07, 0xE0, 0x7E, 0x07, 0xE0, 0x70, 0x00,
    0x70, 0x00, 0x78, 0x00, 0x78, 0x00, 0x30, 0x00, 0x3C, 0x00, 0x1F, 0x00, 0x1D, 0x80, 0x04, 0xC0,
    0x03, 0xE0, 0x00, 0xE0, 0x00, 0xF8, 0x00, 0x7C, 0x00, 0x77, 0x00, 0x3B, 0x80, 0x18, 0xC0, 0x1C,
    0x70, 0x0E, 0x38, 0x0E, 0x0E, 0x07, 0xFF, 0x07, 0xFF, 0x83, 0x80, 0xE1, 0xC0, 0x71, 0xC0, 0x3C,
    0xE0, 0x0E, 0xE0, 0x07, 0x00, 0x03, 0xC0, 0x70, 0x1C, 0x00, 0x00, 0xF8, 0x1F, 0x06, 0x60, 0x6C,
    0x0F, 0x80, 0x40, 0x00, 0x1F, 0xE7, 0xFE, 0x63, 0xC0, 0x38, 0x07, 0x3F, 0xEF, 0xFF, 0xE3, 0xF0,
    0x7E, 0x0F, 0xC1, 0xFC, 0xFF, 0xFF, 0x7F, 0x60, 0x00, 0x07, 0x80, 0x00, 0x1C, 0x00, 0x00, 0xE0,
    0x00, 0x03, 0x00, 0x00, 0x00, 0x00, 0x00, 0x00, 0x00, 0x07, 0xFF, 0xC0, 0x3F, 0xFF, 0x00, 0xEE,
    0x00, 0x07, 0x38, 0x00, 0x1C, 0xE0, 0x00, 0xE3, 0x80, 0x03, 0x8E, 0x00, 0x1C, 0x3F, 0xE0, 0x70,
    0xFF, 0x83, 0x83, 0x80, 0x0F, 0xFE, 0x00, 0x7F, 0xF8, 0x01, 0xC0, 0xE0, 0x0E, 0x03, 0x80, 0x38,
    0x0E, 0x00, 0xE0, 0x38, 0x07, 0x00, 0xFF, 0xDC, 0x03, 0xFF, 0x00, 0x38, 0x00, 0x0F, 0x00, 0x03,
    0xC0, 0x00, 0x60, 0x00, 0x00, 0x00, 0x7F, 0x3F, 0x1F, 0xFF, 0xF3, 0x8F, 0x8F, 0x00, 0xE0, 0xE0,
    0x1C, 0x1C, 0xFF, 0xFF, 0xBF, 0xFF, 0xFF, 0x8E, 0x01, 0xC1, 0xC0, 0x38, 0x78, 0x07, 0x0F, 0x00,
    0xE3, 0xF8, 0xFF, 0xE7, 0xFD, 0xF8, 0x7F, 0x00, 0x00, 0x70, 0x00, 0x78, 0x00, 0x38, 0x00, 0x38,
    0x00, 0x18, 0x00, 0x00, 0x00, 0x00, 0x18, 0x1F, 0xFC, 0x1F, 0xFE, 0x1E, 0x1F, 0x1C, 0x0F, 0x9E,
    0x07, 0xEE, 0x07, 0x77, 0x07, 0x3B, 0x83, 0x8F, 0xC3, 0x87, 0xE3, 0x83, 0xF3, 0xC1, 0xF9, 0xC1,
    0xDD, 0xC0, 0xEF, 0xC0, 0x73, 0xE0, 0x71, 0xF0, 0xF8, 0xFF, 0xF8, 0x7F, 0xF0, 0x10, 0x00, 0x00,
    0x03, 0xC0, 0x1C, 0x01, 0xC0, 0x0C, 0x00, 0x02, 0x0F, 0xF9, 0xFF, 0xCF, 0x1C, 0xE1, 0xF7, 0x1F,
    0xB8, 0xEF, 0xCE, 0x7E, 0xE3, 0xF7, 0x1F, 0xF1, 0xDF, 0x0E, 0x78, 0xF3, 0xFF, 0x3F, 0xF0, 0x80,
    0x00, 0x39, 0xC0, 0x1D, 0xC0, 0x0E, 0xE0, 0x06, 0x70, 0x00, 0x00, 0x00, 0x00, 0x03, 0xC0, 0x03,
    0xC0, 0x03, 0xC0, 0x07, 0xE0, 0x07, 0xE0, 0x0E, 0x70, 0x0E, 0x70, 0x0E, 0x70, 0x1C, 0x38, 0x1C,
    0x38, 0x1F, 0xF8, 0x3F, 0xFC, 0x38, 0x1C, 0x70, 0x0E, 0x70, 0x0E, 0x70, 0x0E, 0xE0, 0x07, 0xE0,
    0x07, 0xEF, 0x0E, 0xE0, 0xCE, 0x0C, 0xE0, 0x00, 0x7F, 0x9F, 0xF9, 0x8F, 0x00, 0xE0, 0x1C, 0xFF,
    0xBF, 0xFF, 0x8F, 0xC1, 0xF8, 0x3F, 0x07, 0xF3, 0xFF, 0xFD, 0xFD, 0x80, 0x03, 0xE0, 0x03, 0xF8,
    0x03, 0x9C, 0x01, 0x86, 0x00, 0x00, 0x00, 0x00, 0x00, 0x07, 0x00, 0x07, 0x80, 0x03, 0xE0, 0x03,
    0xF0, 0x01, 0xD8, 0x00, 0xEE, 0x00, 0xE7, 0x00, 0x71, 0x80, 0x30, 0xE0, 0x38, 0x70, 0x1F, 0xFC,
    0x1F, 0xFE, 0x0E, 0x07, 0x06, 0x01, 0xC7, 0x00, 0xE3, 0x80, 0x3B, 0x80, 0x1D, 0xC0, 0x0E, 0x1F,
    0x87, 0xF8, 0xC7, 0x18, 0x60, 0x00, 0x7F, 0x9F, 0xF9, 0x8F, 0x00, 0xE0, 0x1C, 0xFF, 0xBF, 0xFF,
    0x8F, 0xC1, 0xF8, 0x3F, 0x07, 0xF3, 0xFF, 0xFD, 0xFD, 0x80, 0xF7, 0x0E, 0xF0, 0xEE, 0x0C, 0xE0,
    0x00, 0x00, 0x1F, 0xFB, 0xFF, 0x70, 0x0E, 0x01, 0xC0, 0x38, 0x07, 0x00, 0xFF, 0xDF, 0xFB, 0x80,
    0x70, 0x0E, 0x01, 0xC0, 0x38, 0x07, 0x00, 0xE0, 0x1F, 0xFB, 0xFF, 0xEF, 0x07, 0x70, 0x73, 0x83,
    0x98, 0x00, 0x01, 0xF8, 0x7F, 0xC7, 0x1E, 0xE0, 0xEE, 0x07, 0xFF, 0xFF, 0xFF, 0xE0, 0x0E, 0x00,
    0xE0, 0x0F, 0x00, 0x78, 0x63, 0xFE, 0x1F, 0xE0, 0x1F, 0x0F, 0xE7, 0x39, 0x86, 0x00, 0x00, 0x0F,
    0xFF, 0xFF, 0xE0, 0x38, 0x0E, 0x03, 0x80, 0xE0, 0x3F, 0xFF, 0xFF, 0x80, 0xE0, 0x38, 0x0E, 0x03,
    0x80, 0xE0, 0x38, 0x0F, 0xFF, 0xFF, 0x1F, 0x83, 0xF8, 0x31, 0xC2, 0x0C, 0x00, 0x01, 0xF8, 0x7F,
    0xC7, 0x1E, 0xE0, 0xEE, 0x07, 0xFF, 0xFF, 0xFF, 0xE0, 0x0E, 0x00, 0xE0, 0x0F, 0x00, 0x78, 0x63,
    0xFE, 0x1F, 0xE0, 0xF7, 0x1D, 0xC3, 0xB8, 0x66, 0x00, 0x00, 0x01, 0xF8, 0x7E, 0x07, 0x01, 0xC0,
    0x70, 0x1C, 0x07, 0x01, 0xC0, 0x70, 0x1C, 0x07, 0x01, 0xC0, 0x70, 0x1C, 0x07, 0x01, 0xC1, 0xF8,
    0x7E, 0xF7, 0x1D, 0xE3, 0xB8, 0x67, 0x00, 0x01, 0xC0, 0x70, 0x1C, 0x07, 0x01, 0xC0, 0x70, 0x1C,
    0x07, 0x01, 0xC0, 0x70, 0x1C, 0x07, 0x01, 0xC0, 0x70, 0x3E, 0x7F, 0xE7, 0xC3, 0x00, 0x00, 0x7E,
    0x7E, 0x1C, 0x1C, 0x1C, 0x1C, 0x1C, 0x1C, 0x1C, 0x1C, 0x1C, 0x1C, 0x1C, 0x1C, 0x1C, 0x1C, 0x7E,
    0x7E, 0x7E, 0xFF, 0xE3, 0xC1, 0x00, 0x1C, 0x1C, 0x1C, 0x1C, 0x1C, 0x1C, 0x1C, 0x1C, 0x1C, 0x1C,
    0x1C, 0x1C, 0x1C, 0x1C, 0x3D, 0xC0, 0x0E, 0xF0, 0x03, 0xB8, 0x00, 0xCE, 0x00, 0x00, 0x00, 0x00,
    0x00, 0x3F, 0xC0, 0x3F, 0xF8, 0x3C, 0x3E, 0x38, 0x07, 0x3C, 0x01, 0xDC, 0x00, 0xEE, 0x00, 0x77,
    0x00, 0x1F, 0x80, 0x0F, 0xC0, 0x07, 0xE0, 0x03, 0xF0, 0x03, 0xB8, 0x01, 0xDE, 0x00, 0xE7, 0x00,
    0xE1, 0xE1, 0xF0, 0x7F, 0xF0, 0x1F, 0xE0, 0xF7, 0x03, 0xBC, 0x0E, 0xE0, 0x33, 0x80, 0x00, 0x0F,
    0xC1, 0xFF, 0x8F, 0x1E, 0xE0, 0x77, 0x03, 0xB8, 0x0F, 0xC0, 0x7E, 0x03, 0xF0, 0x1F, 0x81, 0xDC,
    0x0E, 0x78, 0xF1, 0xFF, 0x07, 0xF0, 0x03, 0xE0, 0x03, 0xF8, 0x03, 0x9C, 0x01, 0x86, 0x00, 0x00,
    0x00, 0x00, 0x00, 0x3F, 0xC0, 0x3F, 0xF8, 0x3C, 0x3E, 0x38, 0x07, 0x3C, 0x01, 0xDC, 0x00, 0xEE,
    0x00, 0x77, 0x00, 0x1F, 0x80, 0x0F, 0xC0, 0x07, 0xE0, 0x03, 0xF0, 0x03, 0xB8, 0x01, 0xDE, 0x00,
    0xE7, 0x00, 0xE1, 0xE1, 0xF0, 0x7F, 0xF0, 0x1F, 0xE0, 0x0F, 0x80, 0xFE, 0x0E, 0x38, 0x60, 0xC0,
    0x00, 0x0F, 0xC1, 0xFF, 0x8F, 0x1E, 0xE0, 0x77, 0x01, 0xB8, 0x0F, 0xC0, 0x7E, 0x03, 0xF0, 0x1F,
    0x80, 0xDE, 0x0E, 0x78, 0xF1, 0xFF, 0x07, 0xF0, 0x77, 0x01, 0xCE, 0x03, 0xB8, 0x07, 0x70, 0x00,
    0x00, 0x00, 0x07, 0xFC, 0x1F, 0xFC, 0x70, 0xF1, 0xC1, 0xE7, 0x03, 0x9C, 0x0E, 0x70, 0x71, 0xC3,
    0xC7, 0xFE, 0x1F, 0xE0, 0x71, 0xC1, 0xC7, 0x07, 0x0E, 0x1C, 0x38, 0x70, 0x71, 0xC1, 0xE7, 0x03,
    0x9C, 0x0F, 0xE7, 0x1D, 0xC3, 0xB8, 0x67, 0x00, 0x0C, 0xF3, 0x7C, 0xF8, 0x3C, 0x0E, 0x03, 0x80,
    0xE0, 0x38, 0x0E, 0x03, 0x80, 0xE0, 0x38, 0x0E, 0x03, 0x80, 0x1F, 0x01, 0xFC, 0x1C, 0xE0, 0xC3,
    0x00, 0x00, 0x00, 0x03, 0xFE, 0x1F, 0xFC, 0xE1, 0xE7, 0x07, 0xB8, 0x1D, 0xC0, 0xEE, 0x0E, 0x70,
    0xF3, 0xFF, 0x1F, 0xE0, 0xE3, 0x87, 0x1C, 0x38, 0x71, 0xC3, 0x8E, 0x0E, 0x70, 0x7B, 0x81, 0xDC,
    0x0F, 0x3F, 0x3F, 0x98, 0xEC, 0x30, 0x03, 0x3D, 0xBE, 0xF8, 0x78, 0x38, 0x1C, 0x0E, 0x07, 0x03,
    0x81, 0xC0, 0xE0, 0x70, 0x38, 0x1C, 0x00, 0x73, 0x80, 0xEE, 0x01, 0xDC, 0x03, 0x38, 0x00, 0x00,
    0x00, 0x0E, 0x01, 0xF8, 0x07, 0xE0, 0x1F, 0x80, 0x7E, 0x01, 0xF8, 0x07, 0xE0, 0x1F, 0x80, 0x7E,
    0x01, 0xF8, 0x07, 0xE0, 0x1F, 0x80, 0x7E, 0x01, 0xF8, 0x07, 0xF0, 0x3D, 0xE1, 0xE3, 0xFF, 0x07,
    0xF8, 0xEF, 0x07, 0x70, 0x73, 0x83, 0x98, 0x00, 0x0E, 0x07, 0xE0, 0x7E, 0x07, 0xE0, 0x7E, 0x07,
    0xE0, 0x7E, 0x07, 0xE0, 0x7E, 0x07, 0xE0, 0xFE, 0x0F, 0xF1, 0xF7, 0xFF, 0x3F, 0x70, 0x0F, 0xC0,
    0x7F, 0x81, 0xCE, 0x06, 0x18, 0x00, 0x00, 0x00, 0x0E, 0x01, 0xF8, 0x07, 0xE0, 0x1F, 0x80, 0x7E,
    0x01, 0xF8, 0x07, 0xE0, 0x1F, 0x80, 0x7E, 0x01, 0xF8, 0x07, 0xE0, 0x1F, 0x80, 0x7E, 0x01, 0xF8,
    0x07, 0xF0, 0x3D, 0xE1, 0xE3, 0xFF, 0x07, 0xF8, 0x1F, 0x83, 0xF8, 0x31, 0xC2, 0x0C, 0x00, 0x0E,
    0x07, 0xE0, 0x7E, 0x07, 0xE0, 0x7E, 0x07, 0xE0, 0x7E, 0x07, 0xE0, 0x7E, 0x07, 0xE0, 0xFE, 0x0F,
    0xF1, 0xF7, 0xFF, 0x3F, 0x70, 0x3F, 0xE7, 0xFE, 0xF0, 0xEE, 0x00, 0xE0, 0x0E, 0x00, 0xF0, 0x07,
    0xC0, 0x3F, 0x01, 0xFC, 0x03, 0xE0, 0x0E, 0x00, 0xF0, 0x07, 0x00, 0xEE, 0x1E, 0xFF, 0xCF, 0xF8,
    0x00, 0x00, 0x00, 0x0E, 0x00, 0xE0, 0x1C, 0x01, 0x80, 0x7F, 0xBF, 0xEE, 0x1B, 0x80, 0xE0, 0x3E,
    0x07, 0xE0, 0x7E, 0x07, 0x80, 0xF0, 0x1F, 0x0E, 0xFF, 0xBF, 0xC0, 0x00, 0x00, 0x0C, 0x07, 0x01,
    0xC0, 0x60, 0xFF, 0xFF, 0xFF, 0xC1, 0xC0, 0x0E, 0x00, 0x70, 0x03, 0x80, 0x1C, 0x00, 0xE0, 0x07,
    0x00, 0x38, 0x01, 0xC0, 0x0E, 0x00, 0x70, 0x03, 0x80, 0x1C, 0x00, 0xE0, 0x07, 0x00, 0x38, 0x00,
    0x00, 0x00, 0x00, 0x38, 0x01, 0x80, 0x1C, 0x00, 0xC0, 0x30, 0x30, 0x30, 0xFF, 0xFF, 0x70, 0x70,
    0x70, 0x70, 0x70, 0x70, 0x70, 0x70, 0x70, 0x38, 0x3F, 0x1F, 0x00, 0x00, 0x0E, 0x0C, 0x1C, 0x18,
    0x3F, 0xC7, 0xFF, 0xBC, 0x3C, 0x80, 0xF0, 0x03, 0x80, 0x3C, 0x01, 0xC0, 0x3E, 0x0F, 0xE0, 0xFF,
    0x07, 0xBC, 0x00, 0xF0, 0x03, 0x80, 0x1C, 0x00, 0xE0, 0x07, 0x00, 0x78, 0x07, 0x80, 0x7C, 0x1F,
    0xC7, 0xF8, 0x7F, 0x03, 0xC0, 0x00, 0x00, 0x7F, 0x8F, 0xF9, 0x87, 0x00, 0xF0, 0x0E, 0x03, 0x80,
    0xF0, 0x7C, 0x3F, 0x83, 0xF8, 0x03, 0x80, 0x70, 0x0E, 0x01, 0xC0, 0x38, 0x0F, 0x07, 0xC7, 0xF3,
    0xF8, 0x7C, 0x00, 0x00, 0x3C, 0xF0, 0x7F, 0x80, 0xFC, 0x01, 0xE0, 0x00, 0x00, 0x00, 0x0E, 0x01,
    0xF8, 0x07, 0xE0, 0x1F, 0x80, 0x7E, 0x01, 0xF8, 0x07, 0xE0, 0x1F, 0xFF, 0xFF, 0xFF, 0xF8, 0x07,
    0xE0, 0x1F, 0x80, 0x7E, 0x01, 0xF8, 0x07, 0xE0, 0x1F, 0x80, 0x7E, 0x01, 0xF8, 0x07, 0x61, 0xC0,
    0x73, 0x80, 0x3F, 0x00, 0x1E, 0x00, 0x0E, 0x00, 0x00, 0x00, 0x00, 0x00, 0x0E, 0x00, 0x0E, 0x00,
    0x0E, 0x00, 0x0E, 0x00, 0x0E, 0x00, 0x0F, 0xFC, 0x0F, 0xFE, 0x0F, 0x9E, 0x0E, 0x0F, 0x0E, 0x07,
    0x0E, 0x07, 0x0E, 0x07, 0x0E, 0x07, 0x0E, 0x07, 0x0E, 0x07, 0x0E, 0x07, 0x0E, 0x07, 0x0E, 0x07,
    0x0E, 0x07, 0xF1, 0xE3, 0x87, 0x1C, 0xE7, 0x18, 0x1E, 0x0F, 0xC7, 0xF9, 0xCE, 0x7C, 0xDF, 0xFE,
    0xF8, 0xFF, 0xFC, 0xFF, 0xFF, 0xF0, 0xC3, 0xC7, 0xFE, 0x7E, 0xDF, 0x00, 0xC7, 0xDF, 0x18, 0xFB,
    0xE3, 0xCE, 0x79, 0x86, 0x00, 0x7D, 0xFE, 0xDF, 0x7C, 0x3D, 0xCE, 0xE7, 0x39, 0x9C, 0x73, 0x9F,
    0xE3, 0xF0, 0x78, 0xFF, 0xF0, 0xFF, 0xFF, 0xFF, 0xEF, 0x1D, 0xC7, 0x38, 0xE6, 0x18, 0x1C, 0xDB,
    0xE3, 0x7F, 0x7E, 0x3E, 0x7F, 0xE7, 0xC3, 0x37, 0x7E, 0xEE, 0x77, 0x7E, 0xEC, 0xEE, 0xE7, 0x73,
    0x77, 0x7E, 0xEC, 0xF1, 0xC3, 0x87, 0x3C, 0xE7, 0x38, 0x18, 0xFF, 0xF1, 0x80, 0xC6, 0x3F, 0xFC,
    0x00, 0xFF, 0xFC, 0x18, 0x30, 0x60, 0xC1, 0x80, 0x1C, 0xF3, 0xBE, 0xE2, 0x00, 0x77, 0x6E, 0x77,
    0x31, 0xBF, 0xF0, 0xFF, 0xCC, 0x63, 0x00, 0x37, 0xFE, 0x63, 0x00, 0xFF, 0xF0, 0x1C, 0x71, 0xC7,
    0x3F, 0xEF, 0x80, 0xE7, 0x39, 0xCE, 0x7D, 0xE0, 0xDF, 0x00, 0xC7, 0xDF, 0x18, 0x79, 0xF6, 0xFB,
    0x7D, 0xE0, 0x77, 0xEC, 0x30, 0x70, 0xF0, 0x77, 0xFF, 0x9C, 0x00, 0x33, 0xB9, 0xCE, 0x7F, 0xE0,
    0xFF, 0xF0, 0xFF, 0xFF, 0xF0, 0x78, 0x3C, 0x18, 0xEE, 0xDF, 0xF7, 0xF8, 0x73, 0x9F, 0xE3, 0xF0,
    0x78, 0x1E, 0x0F, 0xC7, 0xF9, 0xCE, 0xC3, 0xC7, 0xFE, 0x7E, 0x3E, 0x7F, 0xE7, 0xC3, 0x7C, 0xFF,
    0xFC, 0xF8, 0xFF, 0xFC, 0xFF, 0xFF, 0xFC, 0xFF, 0xFF, 0xF0, 0x03, 0xFF, 0xFF, 0xC0, 0x7C, 0xDF,
    0xFC, 0xF8, 0xFF, 0xFF, 0xF0, 0xFF, 0xFF, 0xFF, 0xFF, 0xF0, 0x00, 0x07, 0x1F, 0x3E, 0xF8, 0xE0,
    0x00, 0x01, 0xC0, 0x70, 0x18, 0x0E, 0x03, 0x80, 0xC0, 0x70, 0x18, 0x0E, 0x03, 0x80, 0xC0, 0x70,
    0x1C, 0x06, 0x03, 0x80, 0xC0, 0x70, 0x1C, 0x06, 0x03, 0x80, 0xE0, 0x00, 0xDD, 0xBF, 0x80, 0xC1,
    0xE0, 0xF0, 0x7F, 0xFF, 0xF8, 0xFF, 0xFF, 0xFC, 0x0F, 0xFF, 0xFF, 0xC0, 0x3B, 0x9F, 0xF6, 0xED,
    0x11, 0x4B, 0xF7, 0x9E, 0xFD, 0x20, 0x3B, 0xDC, 0xE7, 0x1D, 0xEE, 0xFF, 0xFF, 0xF0, 0x03, 0xFF,
    0xFF, 0xC0, 0xE1, 0xC7, 0x8E, 0x39, 0xEF, 0x38, 0x7C, 0xFF, 0xFC, 0xF8, 0xF7, 0xDE, 0xE7, 0x00,
    0x1E, 0x6F, 0xFF, 0xFF, 0x30, 0xEE, 0xFF, 0xFF, 0xFF, 0xFF, 0x01, 0xE0, 0x3C, 0x06, 0xFF, 0xFF,
    0xF0, 0x03, 0xFF, 0xFF, 0xC0, 0xFF, 0xFF, 0xFF, 0xFF, 0xC6, 0x31, 0x80, 0x06, 0x1F, 0xBF, 0xFF,
    0x7E, 0x18, 0x00, 0x0C, 0x03, 0x80, 0xC1, 0xF3, 0x7F, 0xFB, 0xE0, 0xC0, 0x38, 0x0C, 0x00, 0x39,
    0xDF, 0x66, 0xFB, 0x9C, 0x7D, 0xDF, 0xEE, 0xF8, 0x12, 0x0C, 0xC7, 0xF9, 0xFF, 0x33, 0x04, 0x80,
    0x21, 0xC7, 0x8C, 0x30, 0xC0, 0xF8, 0xF3, 0xFF, 0x1E, 0x7F, 0x00, 0x01, 0xE0, 0xA8, 0x30, 0x51,
    0x40, 0x08, 0x08, 0x02, 0x00, 0x86, 0x40, 0x13, 0xC8, 0x01, 0x79, 0x00, 0x2F, 0x20, 0x09, 0x84,
    0x01, 0x00, 0x40, 0x40, 0x0A, 0x28, 0x30, 0x54, 0x1E, 0x00, 0x03, 0xF8, 0xF1, 0xFF, 0x1E, 0x7D,
    0xE3, 0xC7, 0x80, 0xCF, 0x7F, 0xC0, 0x77, 0x6E, 0x77, 0x3E, 0x7F, 0xE3, 0xDB, 0x1C, 0x18, 0x01,
    0xE7, 0x9E, 0x7D, 0xA0, 0x3F, 0xEF, 0x30, 0xCF, 0x7F, 0xC0, 0xC3, 0x3D, 0xC7, 0x7B, 0xFE, 0xCD,
    0xC0, 0xDD, 0xBF, 0x80, 0xDF, 0x00, 0x33, 0xFF, 0xDE, 0x78, 0x00, 0x7F, 0xDF, 0xFE, 0xED, 0xFF,
    0x7B, 0xC0, 0x61, 0xFF, 0x9E, 0x18, 0xE0, 0x00, 0x77, 0x00, 0x0E, 0x3E, 0x07, 0xC1, 0xFF, 0xF8,
    0x07, 0xFE, 0x00, 0xE0, 0x00, 0x77, 0x00, 0x0E, 0x3E, 0x07, 0xC1, 0xFF, 0xF8, 0x07, 0xFE, 0x00,
    0xFF, 0xFF, 0xFF, 0xFC, 0xFF, 0xFF, 0xFF, 0xFC, 0x3F, 0xF0, 0x77, 0xFF, 0xFE, 0xE0, 0xFF, 0xC0,
    0x07, 0xFE, 0x01, 0xFF, 0xF8, 0x3F, 0x0F, 0xC7, 0x00, 0x0E, 0xE0, 0x00, 0x70, 0x00, 0x00, 0x80,
    0x00, 0x0C, 0xFF, 0xFF, 0xEF, 0xFF, 0xFE, 0x00, 0x00, 0xC0, 0x00, 0x08, 0xFA, 0xC3, 0xFD, 0xFC,
    0x7E, 0xFF, 0x0C, 0xBC, 0xC5, 0x54, 0x7B, 0x38, 0x61, 0xCD, 0xE0, 0x8C, 0x63, 0xBF, 0x80, 0x7E,
    0x21, 0x0C, 0x3C, 0x08, 0x7F, 0xB8, 0xC7, 0x7F, 0x84, 0x3F, 0xB8, 0xC6, 0x31, 0xFF, 0xEE, 0xE2,
    0x31, 0x18, 0x8C, 0x44, 0xFC, 0x88, 0x88, 0x4F, 0x44, 0x46, 0x70, 0xC5, 0x99, 0xB3, 0xC3, 0x86,
    0x00, 0x6C, 0xF0, 0xC3, 0xCC, 0xC0, 0x38, 0x07, 0x00, 0xE0, 0x18, 0x00, 0x00, 0x0F, 0xFF, 0xFF,
    0xE0, 0x38, 0x0E, 0x03, 0x80, 0xE0, 0x3F, 0xFF, 0xFF, 0x80, 0xE0, 0x38, 0x0E, 0x03, 0x80, 0xE0,
    0x38, 0x0F, 0xFF, 0xFF, 0x33, 0x0E, 0xE3, 0x30, 0x00, 0x00, 0x3F, 0xFF, 0xFF, 0x80, 0xE0, 0x38,
    0x0E, 0x03, 0x80, 0xFF, 0xFF, 0xFE, 0x03, 0x80, 0xE0, 0x38, 0x0E, 0x03, 0x80, 0xE0, 0x3F, 0xFF,
    0xFC, 0xFF, 0xF8, 0x7F, 0xFC, 0x03, 0x80, 0x01, 0xC0, 0x00, 0xE0, 0x00, 0x70, 0x00, 0x38, 0x00,
    0x1F, 0xF8, 0x0F, 0xFE, 0x07, 0x87, 0x83, 0x81, 0xC1, 0xC0, 0x70, 0xE0, 0x38, 0x70, 0x1C, 0x38,
    0x1C, 0x1C, 0x1E, 0x0E, 0x7E, 0x07, 0x3E, 0x00, 0x07, 0x83, 0xC0, 0xE0, 0x70, 0x00, 0x00, 0x0F,
    0xFF, 0xFF, 0xE0, 0x38, 0x0E, 0x03, 0x80, 0xE0, 0x38, 0x0E, 0x03, 0x80, 0xE0, 0x38, 0x0E, 0x03,
    0x80, 0xE0, 0x38, 0x0E, 0x03, 0x80, 0x0F, 0xF8, 0x7F, 0xF3, 0xC1, 0x9C, 0x00, 0xF0, 0x03, 0x80,
    0x0E, 0x00, 0x3F, 0xF8, 0xFF, 0xE3, 0x80, 0x0E, 0x00, 0x38, 0x00, 0xE0, 0x03, 0xC0, 0x07, 0x80,
    0x0F, 0x86, 0x3F, 0xF8, 0x3F, 0xE0, 0x3F, 0xE7, 0xFE, 0xF0, 0xEE, 0x00, 0xE0, 0x0E, 0x00, 0xF0,
    0x07, 0xC0, 0x3F, 0x01, 0xFC, 0x03, 0xE0, 0x0E, 0x00, 0xF0, 0x07, 0x00, 0xEE, 0x1E, 0xFF, 0xCF,
    0xF8, 0xFF, 0xFF, 0xFF, 0xFF, 0xFF, 0xFF, 0xFC, 0xDB, 0xFD, 0x80, 0x01, 0xC7, 0x1C, 0x71, 0xC7,
    0x1C, 0x71, 0xC7, 0x1C, 0x71, 0xC7, 0x1C, 0x71, 0xC7, 0x00, 0x0E, 0x1C, 0x38, 0x70, 0xE1, 0xC3,
    0x87, 0x0E, 0x1C, 0x38, 0x70, 0xE1, 0xC3, 0x87, 0x0E, 0x1C, 0x38, 0xF1, 0xDF, 0xBE, 0x00, 0x0F,
    0xFE, 0x00, 0x0F, 0xFE, 0x00, 0x0E, 0x0E, 0x00, 0x0E, 0x0E, 0x00, 0x0E, 0x0E, 0x00, 0x0E, 0x0E,
    0x00, 0x0E, 0x0E, 0x00, 0x0E, 0x0F, 0xFC, 0x0E, 0x0F, 0xFE, 0x0E, 0x0E, 0x1F, 0x0E, 0x0E, 0x07,
    0x0C, 0x0E, 0x07, 0x0C, 0x0E, 0x07, 0x1C, 0x0E, 0x07, 0x1C, 0x0E, 0x07, 0x3C, 0x0E, 0x1F, 0xF8,
    0x0F, 0xFE, 0xF0, 0x0F, 0xFC, 0xE0, 0x38, 0x03, 0x80, 0xE0, 0x0E, 0x03, 0x80, 0x38, 0x0E, 0x00,
    0xE0, 0x38, 0x03, 0x80, 0xE0, 0x0E, 0x03, 0x80, 0x3F, 0xFF, 0xF8, 0xFF, 0xFF, 0xFB, 0x80, 0xE1,
    0xFE, 0x03, 0x81, 0xF8, 0x0E, 0x07, 0xE0, 0x38, 0x1F, 0x80, 0xE0, 0x7E, 0x03, 0x81, 0xF8, 0x0E,
    0x1F, 0xE0, 0x3F, 0xFB, 0x80, 0xFF, 0xC0, 0xFF, 0xF8, 0x7F, 0xFC, 0x03, 0x80, 0x01, 0xC0, 0x00,
    0xE0, 0x00, 0x70, 0x00, 0x38, 0x00, 0x1F, 0xF8, 0x0F, 0xFE, 0x07, 0x87, 0x83, 0x81, 0xC1, 0xC0,
    0x70, 0xE0, 0x38, 0x70, 0x1C, 0x38, 0x0E, 0x1C, 0x07, 0x0E, 0x03, 0x87, 0x01, 0xC0, 0x03, 0xC0,
    0x1C, 0x01, 0xC0, 0x0C, 0x00, 0x00, 0x00, 0x03, 0x81, 0xFC, 0x0E, 0xE0, 0xE7, 0x0E, 0x38, 0x71,
    0xC7, 0x0E, 0x70, 0x7F, 0x83, 0xFC, 0x1C, 0xE0, 0xE3, 0x87, 0x1C, 0x38, 0x71, 0xC3, 0xCE, 0x0E,
    0x70, 0x3B, 0x81, 0xDC, 0x07, 0x0E, 0x00, 0x1C, 0x00, 0x38, 0x00, 0xE0, 0x00, 0x00, 0x00, 0x0E,
    0x01, 0xF8, 0x0F, 0xE0, 0x3F, 0x81, 0xFE, 0x0F, 0xF8, 0x37, 0xE1, 0xDF, 0x86, 0x7E, 0x39, 0xF9,
    0xC7, 0xE6, 0x1F, 0xB8, 0x7E, 0xC1, 0xFF, 0x07, 0xF8, 0x1F, 0xC0, 0x7F, 0x01, 0xF8, 0x07, 0x0E,
    0x30, 0x0E, 0x70, 0x07, 0xF0, 0x07, 0xE0, 0x00, 0x00, 0x00, 0x00, 0xE0, 0x07, 0xF0, 0x0E, 0x70,
    0x0E, 0x78, 0x1C, 0x38, 0x1C, 0x1C, 0x38, 0x1C, 0x38, 0x0E, 0x38, 0x0E, 0x70, 0x07, 0x70, 0x07,
    0xE0, 0x03, 0xE0, 0x03, 0xC0, 0x01, 0xC0, 0x03, 0x80, 0x07, 0x80, 0x3F, 0x00, 0x3E, 0x00, 0xE0,
    0x1F, 0x80, 0x7E, 0x01, 0xF8, 0x07, 0xE0, 0x1F, 0x80, 0x7E, 0x01, 0xF8, 0x07, 0xE0, 0x1F, 0x80,
    0x7E, 0x01, 0xF8, 0x07, 0xE0, 0x1F, 0x80, 0x7E, 0x01, 0xF8, 0x07, 0xFF, 0xFF, 0xFF, 0xF0, 0x70,
    0x01, 0xC0, 0x07, 0x00, 0x1C, 0x00, 0x03, 0xC0, 0x03, 0xC0, 0x03, 0xC0, 0x07, 0xE0, 0x07, 0xE0,
    0x0E, 0x70, 0x0E, 0x70, 0x0E, 0x70, 0x1C, 0x38, 0x1C, 0x38, 0x1F, 0xF8, 0x3F, 0xFC, 0x38, 0x1C,
    0x70, 0x0E, 0x70, 0x0E, 0x70, 0x0E, 0xE0, 0x07, 0xE0, 0x07, 0xFF, 0xEF, 0xFE, 0xE0, 0x0E, 0x00,
    0xE0, 0x0E, 0x00, 0xE0, 0x0F, 0xFC, 0xFF, 0xEE, 0x1F, 0xE0, 0x7E, 0x07, 0xE0, 0x7E, 0x07, 0xE0,
    0x7E, 0x1F, 0xFF, 0xEF, 0xF8, 0xFF, 0xC7, 0xFF, 0xB8, 0x3D, 0xC0, 0xEE, 0x07, 0x70, 0x3B, 0x83,
    0xDF, 0xFC, 0xFF, 0xE7, 0x0F, 0xB8, 0x1D, 0xC0, 0x7E, 0x03, 0xF0, 0x3F, 0x81, 0xDC, 0x1E, 0xFF,
    0xE7, 0xFE, 0x00, 0xFF, 0xFF, 0xFE, 0x03, 0x80, 0xE0, 0x38, 0x0E, 0x03, 0x80, 0xE0, 0x38, 0x0E,
    0x03, 0x80, 0xE0, 0x38, 0x0E, 0x03, 0x80, 0xE0, 0x38, 0x00, 0x0F, 0xFF, 0x03, 0xFF, 0xC0, 0xE0,
    0x70, 0x38, 0x1C, 0x0E, 0x07, 0x03, 0x81, 0xC0, 0xE0, 0x70, 0x38, 0x1C, 0x0E, 0x07, 0x03, 0x81,
    0xC0, 0xE0, 0x70, 0x38, 0x1C, 0x1E, 0x07, 0x07, 0x01, 0xC1, 0xC0, 0x70, 0xE0, 0x1C, 0xFF, 0xFF,
    0xFF, 0xFF, 0xFE, 0x00, 0x1F, 0x80, 0x07, 0xE0, 0x01, 0xF8, 0x00, 0x7C, 0x00, 0x0C, 0xFF, 0xFF,
    0xFE, 0x03, 0x80, 0xE0, 0x38, 0x0E, 0x03, 0xFF, 0xFF, 0xF8, 0x0E, 0x03, 0x80, 0xE0, 0x38, 0x0E,
    0x03, 0x80, 0xFF, 0xFF, 0xF0, 0x70, 0x38, 0x1C, 0x70, 0x70, 0x38, 0x70, 0xE0, 0xE0, 0xE1, 0xC3,
    0x80, 0xE3, 0x87, 0x00, 0xE7, 0x1C, 0x01, 0xEE, 0x70, 0x01, 0xFF, 0xE0, 0x03, 0xFF, 0xC0, 0x0F,
    0x73, 0x80, 0x1C, 0xE3, 0x80, 0x79, 0xC7, 0x00, 0xE3, 0x87, 0x03, 0x87, 0x0F, 0x0F, 0x0E, 0x0E,
    0x1C, 0x1C, 0x1E, 0x78, 0x38, 0x1C, 0xE0, 0x70, 0x1C, 0xFF, 0x8F, 0xFE, 0xE1, 0xE0, 0x0F, 0x00,
    0x70, 0x0E, 0x01, 0xE3, 0xFC, 0x3F, 0xC0, 0x3E, 0x00, 0x70, 0x07, 0x00, 0x70, 0x07, 0x00, 0x7E,
    0x1F, 0xFF, 0xEF, 0xF8, 0xE0, 0x1F, 0x80, 0xFE, 0x03, 0xF8, 0x1F, 0xE0, 0xFF, 0x83, 0x7E, 0x1D,
    0xF8, 0x67, 0xE3, 0x9F, 0x9C, 0x7E, 0x61, 0xFB, 0x87, 0xEC, 0x1F, 0xF0, 0x7F, 0x81, 0xFC, 0x07,
    0xF0, 0x1F, 0x80, 0x70, 0x1C, 0xE0, 0x7F, 0x80, 0xFC, 0x00, 0x00, 0x00, 0x03, 0x80, 0x7E, 0x03,
    0xF8, 0x0F, 0xE0, 0x7F, 0x83, 0xFE, 0x0D, 0xF8, 0x77, 0xE1, 0x9F, 0x8E, 0x7E, 0x71, 0xF9, 0x87,
    0xEE, 0x1F, 0xB0, 0x7F, 0xC1, 0xFE, 0x07, 0xF0, 0x1F, 0xC0, 0x7E, 0x01, 0xC0, 0xE0, 0x7B, 0x81,
    0xCE, 0x0E, 0x38, 0x70, 0xE1, 0xC3, 0x8E, 0x0E, 0x70, 0x3F, 0xC0, 0xFF, 0x03, 0x9C, 0x0E, 0x38,
    0x38, 0xE0, 0xE1, 0xC3, 0x87, 0x8E, 0x0E, 0x38, 0x1C, 0xE0, 0x7B, 0x80, 0xE0, 0x0F, 0xFE, 0x1F,
    0xFC, 0x38, 0x38, 0x70, 0x70, 0xE0, 0xE1, 0xC1, 0xC3, 0x83, 0x87, 0x07, 0x0E, 0x0E, 0x1C, 0x1C,
    0x38, 0x38, 0x60, 0x70, 0xC0, 0xE3, 0x81, 0xC7, 0x03, 0x9E, 0x07, 0xF8, 0x0F, 0xE0, 0x1C, 0xF0,
    0x03, 0xFE, 0x00, 0xFF, 0x80, 0x7F, 0xE0, 0x1F, 0xFC, 0x0F, 0xFF, 0x03, 0xFE, 0xC0, 0xDF, 0xB8,
    0x77, 0xEE, 0x1D, 0xF9, 0x86, 0x7E, 0x73, 0x9F, 0x9C, 0xE7, 0xE3, 0xB1, 0xF8, 0xFC, 0x7E, 0x3F,
    0x1F, 0x87, 0x87, 0xE1, 0xE1, 0xF8, 0x30, 0x70, 0xE0, 0x1F, 0x80, 0x7E, 0x01, 0xF8, 0x07, 0xE0,
    0x1F, 0x80, 0x7E, 0x01, 0xFF, 0xFF, 0xFF, 0xFF, 0x80, 0x7E, 0x01, 0xF8, 0x07, 0xE0, 0x1F, 0x80,
    0x7E, 0x01, 0xF8, 0x07, 0xE0, 0x1F, 0x80, 0x70, 0x0F, 0xF0, 0x1F, 0xF8, 0x3C, 0x3C, 0x70, 0x0E,
    0xF0, 0x0F, 0xE0, 0x07, 0xE0, 0x07, 0xE0, 0x07, 0xE0, 0x07, 0xE0, 0x07, 0xE0, 0x07, 0xE0, 0x07,
    0xE0, 0x07, 0xF0, 0x0F, 0x70, 0x0E, 0x3C, 0x3C, 0x1F, 0xF8, 0x0F, 0xF0, 0xFF, 0xFF, 0xFF, 0xFE,
    0x01, 0xF8, 0x07, 0xE0, 0x1F, 0x80, 0x7E, 0x01, 0xF8, 0x07, 0xE0, 0x1F, 0x80, 0x7E, 0x01, 0xF8,
    0x07, 0xE0, 0x1F, 0x80, 0x7E, 0x01, 0xF8, 0x07, 0xE0, 0x1F, 0x80, 0x70, 0xFF, 0x8F, 0xFC, 0xE1,
    0xEE, 0x0E, 0xE0, 0x7E, 0x07, 0xE0, 0xFE, 0x0E, 0xE3, 0xEF, 0xFC, 0xFF, 0x0E, 0x00, 0xE0, 0x0E,
    0x00, 0xE0, 0x0E, 0x00, 0xE0, 0x0E, 0x00, 0x0F, 0xF8, 0x7F, 0xF3, 0xE1, 0x9E, 0x00, 0xF0, 0x03,
    0x80, 0x0E, 0x00, 0x38, 0x00, 0xE0, 0x03, 0x80, 0x0E, 0x00, 0x38, 0x00, 0xE0, 0x03, 0xC0, 0x07,
    0x80, 0x0F, 0x86, 0x3F, 0xF8, 0x3F, 0xE0, 0xFF, 0xFF, 0xFF, 0xC1, 0xC0, 0x0E, 0x00, 0x70, 0x03,
    0x80, 0x1C, 0x00, 0xE0, 0x07, 0x00, 0x38, 0x01, 0xC0, 0x0E, 0x00, 0x70, 0x03, 0x80, 0x1C, 0x00,
    0xE0, 0x07, 0x00, 0x38, 0x00, 0xE0, 0x07, 0xF0, 0x0E, 0x70, 0x0E, 0x78, 0x1C, 0x38, 0x1C, 0x1C,
    0x38, 0x1C, 0x38, 0x0E, 0x38, 0x0E, 0x70, 0x07, 0x70, 0x07, 0xE0, 0x03, 0xE0, 0x03, 0xC0, 0x01,
    0xC0, 0x03, 0x80, 0x07, 0x80, 0x3F, 0x00, 0x3E, 0x00, 0x01, 0xC0, 0x03, 0xFF, 0x03, 0xFF, 0xF1,
    0xF7, 0x7E, 0x71, 0xC3, 0xB8, 0x70, 0xFE, 0x1C, 0x1F, 0x87, 0x07, 0xE1, 0xC1, 0xF8, 0x70, 0x7E,
    0x1C, 0x1F, 0x87, 0x0F, 0x71, 0xC3, 0x9F, 0x77, 0xE3, 0xFF, 0xF0, 0x3F, 0xF0, 0x01, 0xC0, 0x00,
    0x70, 0x00, 0x70, 0x1E, 0xF0, 0x38, 0xE0, 0xE0, 0xE1, 0xC1, 0xE7, 0x01, 0xDC, 0x01, 0xF8, 0x03,
    0xE0, 0x03, 0xC0, 0x0F, 0x80, 0x1F, 0x80, 0x77, 0x00, 0xE7, 0x03, 0x8F, 0x0E, 0x0E, 0x1C, 0x0E,
    0x70, 0x1D, 0xE0, 0x1C, 0xE0, 0x1C, 0xE0, 0x1C, 0xE0, 0x1C, 0xE0, 0x1C, 0xE0, 0x1C, 0xE0, 0x1C,
    0xE0, 0x1C, 0xE0, 0x1C, 0xE0, 0x1C, 0xE0, 0x1C, 0xE0, 0x1C, 0xE0, 0x1C, 0xE0, 0x1C, 0xE0, 0x1C,
    0xE0, 0x1C, 0xE0, 0x1C, 0xFF, 0xFF, 0xFF, 0xFF, 0x00, 0x07, 0x00, 0x07, 0x00, 0x07, 0x00, 0x07,
    0xE0, 0x3F, 0x01, 0xF8, 0x0F, 0xC0, 0x7E, 0x03, 0xF0, 0x1F, 0x80, 0xFC, 0x07, 0xF0, 0xFB, 0xFF,
    0xCF, 0xFE, 0x00, 0x70, 0x03, 0x80, 0x1C, 0x00, 0xE0, 0x07, 0x00, 0x38, 0x01, 0xC0, 0xE0, 0x70,
    0x1F, 0x81, 0xC0, 0x7E, 0x07, 0x01, 0xF8, 0x1C, 0x07, 0xE0, 0x70, 0x1F, 0x81, 0xC0, 0x7E, 0x07,
    0x01, 0xF8, 0x1C, 0x07, 0xE0, 0x70, 0x1F, 0x81, 0xC0, 0x7E, 0x07, 0x01, 0xF8, 0x1C, 0x07, 0xE0,
    0x70, 0x1F, 0x81, 0xC0, 0x7E, 0x07, 0x01, 0xF8, 0x1C, 0x07, 0xFF, 0xFF, 0xFF, 0xFF, 0xFF, 0xF0,
    0xE0, 0x70, 0x39, 0xC0, 0xE0, 0x73, 0x81, 0xC0, 0xE7, 0x03, 0x81, 0xCE, 0x07, 0x03, 0x9C, 0x0E,
    0x07, 0x38, 0x1C, 0x0E, 0x70, 0x38, 0x1C, 0xE0, 0x70, 0x39, 0xC0, 0xE0, 0x73, 0x81, 0xC0, 0xE7,
    0x03, 0x81, 0xCE, 0x07, 0x03, 0x9C, 0x0E, 0x07, 0x38, 0x1C, 0x0E, 0x70, 0x38, 0x1C, 0xFF, 0xFF,
    0xFF, 0xFF, 0xFF, 0xFC, 0x00, 0x00, 0x38, 0x00, 0x00, 0x70, 0x00, 0x00, 0xE0, 0x00, 0x01, 0xC0,
    0xFE, 0x00, 0xFE, 0x00, 0x0E, 0x00, 0x0E, 0x00, 0x0E, 0x00, 0x0E, 0x00, 0x0E, 0x00, 0x0F, 0xF8,
    0x0F, 0xFC, 0x0E, 0x1E, 0x0E, 0x0E, 0x0E, 0x07, 0x0E, 0x07, 0x0E, 0x07, 0x0E, 0x0E, 0x0E, 0x1E,
    0x0F, 0xFC, 0x0F, 0xF8, 0xE0, 0x03, 0xF0, 0x01, 0xF8, 0x00, 0xFC, 0x00, 0x7E, 0x00, 0x3F, 0x00,
    0x1F, 0x80, 0x0F, 0xFF, 0x07, 0xFF, 0xC3, 0xF0, 0xF1, 0xF8, 0x38, 0xFC, 0x0E, 0x7E, 0x07, 0x3F,
    0x03, 0x9F, 0x83, 0x8F, 0xC7, 0xC7, 0xFF, 0xC3, 0xFF, 0xC1, 0xC0, 0xE0, 0x0E, 0x00, 0xE0, 0x0E,
    0x00, 0xE0, 0x0E, 0x00, 0xE0, 0x0F, 0xF8, 0xFF, 0xCE, 0x1E, 0xE0, 0xEE, 0x07, 0xE0, 0x7E, 0x07,
    0xE0, 0xEE, 0x3E, 0xFF, 0xCF, 0xF8, 0x7F, 0xC0, 0xFF, 0xE1, 0xC3, 0xE0, 0x01, 0xC0, 0x03, 0xC0,
    0x03, 0x80, 0x07, 0x0F, 0xFF, 0x1F, 0xFE, 0x00, 0x1C, 0x00, 0x38, 0x00, 0xE0, 0x01, 0xC0, 0x03,
    0x80, 0x0E, 0x30, 0x7C, 0x7F, 0xF0, 0xFF, 0x80, 0xE0, 0x7F, 0x87, 0x07, 0xFF, 0x38, 0x7C, 0x7D,
    0xC7, 0x80, 0xEE, 0x38, 0x07, 0xF1, 0xC0, 0x1F, 0x9E, 0x00, 0xFF, 0xE0, 0x07, 0xFF, 0x00, 0x3F,
    0x38, 0x01, 0xF9, 0xC0, 0x0F, 0xC7, 0x00, 0x7E, 0x38, 0x03, 0xF1, 0xC0, 0x3F, 0x87, 0x01, 0xDC,
    0x3E, 0x3E, 0xE0, 0xFF, 0xE7, 0x01, 0xFC, 0x00, 0x1F, 0xF9, 0xFF, 0xDF, 0x0E, 0xE0, 0x77, 0x03,
    0xB8, 0x1D, 0xC0, 0xEE, 0x07, 0x3C, 0x39, 0xFF, 0xC3, 0xFE, 0x1C, 0x71, 0xE3, 0x8E, 0x1C, 0xE0,
    0xEF, 0x07, 0x70, 0x3F, 0x01, 0xC0, 0x7F, 0x8F, 0xF9, 0xC7, 0x80, 0x70, 0x0E, 0x7F, 0xDF, 0xFF,
    0xC7, 0xE0, 0xFC, 0x1F, 0x83, 0xF9, 0xFF, 0xFE, 0xFC, 0xC0, 0x00, 0x20, 0x3F, 0x87, 0xFC, 0x7E,
    0x07, 0x80, 0x38, 0x03, 0x80, 0x1F, 0xF8, 0xFF, 0xE7, 0xC7, 0xB8, 0x1D, 0xC0, 0xEE, 0x03, 0xF0,
    0x1F, 0x80, 0xFC, 0x0F, 0xE0, 0x73, 0x83, 0x9E, 0x78, 0x7F, 0xC1, 0xF8, 0x00, 0xFF, 0x9F, 0xFB,
    0x87, 0xF0, 0x7E, 0x0F, 0xC7, 0xBF, 0xE7, 0xFE, 0xE1, 0xFC, 0x1F, 0x83, 0xF0, 0xFF, 0xFF, 0xFF,
    0x00, 0xFF, 0xFF, 0xF8, 0x1C, 0x0E, 0x07, 0x03, 0x81, 0xC0, 0xE0, 0x70, 0x38, 0x1C, 0x0E, 0x07,
    0x00, 0x1F, 0xF8, 0x3F, 0xF0, 0x70, 0xE0, 0xE1, 0xC1, 0xC3, 0x83, 0x87, 0x07, 0x0E, 0x1C, 0x1C,
    0x38, 0x38, 0x70, 0x70, 0xE0, 0xE3, 0x81, 0xCF, 0xFF, 0xFF, 0xFF, 0xF8, 0x03, 0xF0, 0x07, 0xE0,
    0x0F, 0x80, 0x0C, 0x1F, 0x87, 0xFC, 0x71, 0xEE, 0x0E, 0xE0, 0x7F, 0xFF, 0xFF, 0xFE, 0x00, 0xE0,
    0x0E, 0x00, 0xF0, 0x07, 0x86, 0x3F, 0xE1, 0xFE, 0x70, 0x70, 0xE3, 0x87, 0x1C, 0x38, 0x71, 0xC1,
    0xC7, 0x38, 0x0E, 0x73, 0x00, 0xE7, 0x70, 0x07, 0xFE, 0x00, 0x7F, 0xE0, 0x0E, 0x77, 0x01, 0xE7,
    0x38, 0x1C, 0x73, 0x83, 0x87, 0x1C, 0x78, 0x71, 0xE7, 0x07, 0x0E, 0x7F, 0x9F, 0xF9, 0x87, 0x80,
    0x70, 0x1E, 0x07, 0x8F, 0xE1, 0xFE, 0x01, 0xE0, 0x1C, 0x03, 0xF0, 0xFF, 0xFF, 0xFF, 0x00, 0xE0,
    0xFE, 0x1F, 0xE1, 0xFE, 0x3F, 0xE3, 0x7E, 0x77, 0xE6, 0x7E, 0xE7, 0xFC, 0x7F, 0xC7, 0xF8, 0x7F,
    0x87, 0xF0, 0x7F, 0x07, 0x31, 0xC3, 0xB8, 0x3F, 0x81, 0xF0, 0x00, 0x0E, 0x0F, 0xE1, 0xFE, 0x1F,
    0xE3, 0xFE, 0x37, 0xE7, 0x7E, 0x67, 0xEE, 0x7F, 0xC7, 0xFC, 0x7F, 0x87, 0xF8, 0x7F, 0x07, 0xF0,
    0x70, 0xE1, 0xFC, 0x3B, 0x8E, 0x71, 0xCE, 0x71, 0xDC, 0x3F, 0x87, 0xF0, 0xEF, 0x1C, 0xE3, 0x8E,
    0x71, 0xEE, 0x1D, 0xC1, 0xC0, 0x0F, 0xFC, 0x3F, 0xF0, 0xE1, 0xC3, 0x87, 0x0E, 0x1C, 0x38, 0x70,
    0xE1, 0xC3, 0x87, 0x1E, 0x1C, 0x78, 0x71, 0xC1, 0xC7, 0x07, 0xFC, 0x1F, 0xE0, 0x70, 0xF0, 0x1F,
    0xE0, 0x3F, 0xE0, 0xFF, 0xC1, 0xFF, 0x83, 0xFF, 0x8F, 0xFF, 0x1F, 0xF6, 0x37, 0xEE, 0xEF, 0xCD,
    0x9F, 0x9F, 0x3F, 0x3E, 0x7E, 0x38, 0xFC, 0x71, 0xC0, 0xE0, 0x7E, 0x07, 0xE0, 0x7E, 0x07, 0xE0,
    0x7E, 0x07, 0xFF, 0xFF, 0xFF, 0xE0, 0x7E, 0x07, 0xE0, 0x7E, 0x07, 0xE0, 0x7E, 0x07, 0x1F, 0x83,
    0xFF, 0x1E, 0x3D, 0xC0, 0xEE, 0x07, 0x70, 0x1F, 0x80, 0xFC, 0x07, 0xE0, 0x7F, 0x03, 0xBC, 0x1C,
    0xF1, 0xE3, 0xFE, 0x0F, 0xE0, 0xFF, 0xFF, 0xFF, 0x83, 0xF0, 0x7E, 0x0F, 0xC1, 0xF8, 0x3F, 0x07,
    0xE0, 0xFC, 0x1F, 0x83, 0xF0, 0x7E, 0x0F, 0xC1, 0xC0, 0xDF, 0xCF, 0xFE, 0xF9, 0xEE, 0x07, 0xE0,
    0x7E, 0x07, 0xE0, 0x7E, 0x07, 0xE0, 0x7E, 0x07, 0xE0, 0xFF, 0x9E, 0xFF, 0xEF, 0xFC, 0xE0, 0x0E,
    0x00, 0xE0, 0x0E, 0x00, 0xE0, 0x0E, 0x00, 0x1F, 0xC7, 0xF9, 0xE3, 0x78, 0x0E, 0x01, 0xC0, 0x38,
    0x07, 0x00, 0xE0, 0x1C, 0x03, 0xC0, 0x3C, 0x27, 0xFC, 0x3F, 0x80, 0xFF, 0xFF, 0xFC, 0x38, 0x07,
    0x00, 0xE0, 0x1C, 0x03, 0x80, 0x70, 0x0E, 0x01, 0xC0, 0x38, 0x07, 0x00, 0xE0, 0x1C, 0x00, 0xF0,
    0x1D, 0xC0, 0xE7, 0x03, 0x8E, 0x1E, 0x38, 0x70, 0xE1, 0xC1, 0xCE, 0x07, 0x38, 0x0E, 0xE0, 0x3F,
    0x00, 0xFC, 0x01, 0xF0, 0x07, 0x80, 0x0E, 0x00, 0x30, 0x01, 0xC0, 0x07, 0x00, 0x38, 0x07, 0xE0,
    0x1F, 0x00, 0x03, 0x80, 0x03, 0x80, 0x03, 0x80, 0x03, 0x80, 0x03, 0x80, 0x03, 0x80, 0x1F, 0xF8,
    0x3F, 0xFC, 0x7F, 0xBE, 0xF3, 0x8F, 0xE3, 0x87, 0xE3, 0x87, 0xE3, 0x87, 0xE3, 0x87, 0xE3, 0x87,
    0xE3, 0x87, 0xF3, 0x8F, 0x7F, 0xBE, 0x3F, 0xFC, 0x1F, 0xF8, 0x03, 0x80, 0x03, 0x80, 0x03, 0x80,
    0x03, 0x80, 0x03, 0x80, 0x03, 0x80, 0x70, 0x7B, 0xC3, 0x8E, 0x38, 0x39, 0xC1, 0xFC, 0x07, 0xC0,
    0x1E, 0x00, 0xF0, 0x0F, 0xC0, 0xEE, 0x0F, 0x38, 0x71, 0xE7, 0x07, 0x78, 0x1C, 0xE0, 0xE7, 0x07,
    0x38, 0x39, 0xC1, 0xCE, 0x0E, 0x70, 0x73, 0x83, 0x9C, 0x1C, 0xE0, 0xE7, 0x07, 0x38, 0x39, 0xC1,
    0xCF, 0xFF, 0xFF, 0xFC, 0x00, 0xE0, 0x07, 0x00, 0x38, 0x00, 0x00, 0xE0, 0x7E, 0x07, 0xE0, 0x7E,
    0x07, 0xE0, 0x7E, 0x07, 0xF0, 0xF7, 0xFF, 0x3F, 0xF0, 0x07, 0x00, 0x70, 0x07, 0x00, 0x70, 0x07,
    0xE0, 0xE0, 0xFC, 0x1C, 0x1F, 0x83, 0x83, 0xF0, 0x70, 0x7E, 0x0E, 0x0F, 0xC1, 0xC1, 0xF8, 0x38,
    0x3F, 0x07, 0x07, 0xE0, 0xE0, 0xFC, 0x1C, 0x1F, 0x83, 0x83, 0xF0, 0x70, 0x7F, 0xFF, 0xFF, 0xFF,
    0xFF, 0xC0, 0xE0, 0xE1, 0xC7, 0x07, 0x0E, 0x38, 0x38, 0x71, 0xC1, 0xC3, 0x8E, 0x0E, 0x1C, 0x70,
    0x70, 0xE3, 0x83, 0x87, 0x1C, 0x1C, 0x38, 0xE0, 0xE1, 0xC7, 0x07, 0x0E, 0x38, 0x38, 0x71, 0xC1,
    0xC3, 0x8F, 0xFF, 0xFF, 0xFF, 0xFF, 0xFC, 0x00, 0x00, 0xE0, 0x00, 0x07, 0x00, 0x00, 0x38, 0x00,
    0x00, 0x00, 0xFE, 0x01, 0xFC, 0x00, 0x38, 0x00, 0x70, 0x00, 0xE0, 0x01, 0xFF, 0x03, 0xFF, 0x07,
    0x1E, 0x0E, 0x1E, 0x1C, 0x1C, 0x38, 0x78, 0x71, 0xE0, 0xFF, 0xC1, 0xFF, 0x00, 0xE0, 0x0F, 0xC0,
    0x1F, 0x80, 0x3F, 0x00, 0x7E, 0x00, 0xFF, 0xE1, 0xFF, 0xF3, 0xF1, 0xE7, 0xE1, 0xEF, 0xC1, 0xDF,
    0x87, 0xBF, 0x1E, 0x7F, 0xFC, 0xFF, 0xF1, 0xC0, 0xE0, 0x1C, 0x03, 0x80, 0x70, 0x0E, 0x01, 0xFF,
    0x3F, 0xF7, 0x1E, 0xE1, 0xFC, 0x1F, 0x87, 0xF1, 0xEF, 0xFD, 0xFF, 0x00, 0xFE, 0x1F, 0xF3, 0x1F,
    0x00, 0xE0, 0x1C, 0x03, 0xDF, 0xFB, 0xFF, 0x00, 0xE0, 0x38, 0x07, 0x43, 0xEF, 0xF9, 0xFC, 0x00,
    0xE1, 0xFC, 0x71, 0xFF, 0x39, 0xE3, 0xDC, 0xE0, 0x7E, 0x70, 0x3F, 0x70, 0x1F, 0xF8, 0x0F, 0xFC,
    0x07, 0xEE, 0x03, 0xF3, 0x81, 0xF9, 0xC0, 0xFC, 0xF1, 0xEE, 0x3F, 0xF7, 0x0F, 0xE0, 0x1F, 0xF7,
    0xFF, 0x78, 0x77, 0x07, 0x70, 0x77, 0x07, 0x78, 0x73, 0xFF, 0x1F, 0xF1, 0xC7, 0x3C, 0x73, 0x87,
    0x70, 0x7F, 0x07, 0x1C, 0x01, 0xE0, 0x0E, 0x00, 0x70, 0x00, 0x00, 0x00, 0x1F, 0x87, 0xFC, 0x71,
    0xEE, 0x0E, 0xE0, 0x7F, 0xFF, 0xFF, 0xFE, 0x00, 0xE0, 0x0E, 0x00, 0xF0, 0x07, 0x86, 0x3F, 0xE1,
    0xFE, 0x19, 0x83, 0x9C, 0x19, 0x80, 0x00, 0x1F, 0x87, 0xFC, 0x71, 0xEE, 0x0E, 0xE0, 0x7F, 0xFF,
    0xFF, 0xFE, 0x00, 0xE0, 0x0E, 0x00, 0xF0, 0x07, 0x86, 0x3F, 0xE1, 0xFE, 0x38, 0x03, 0xFE, 0x0F,
    0xF8, 0x0E, 0x00, 0x38, 0x00, 0xFF, 0xC3, 0xFF, 0x8F, 0x9E, 0x38, 0x3C, 0xE0, 0x73, 0x81, 0xCE,
    0x07, 0x38, 0x1C, 0xE0, 0x73, 0x81, 0xCE, 0x07, 0x38, 0x1C, 0xE0, 0x73, 0x81, 0xC0, 0x07, 0x00,
    0x1C, 0x00, 0x70, 0x03, 0x80, 0x7E, 0x01, 0xF0, 0x07, 0x07, 0x83, 0x83, 0x81, 0x80, 0x03, 0xFF,
    0xFF, 0xE0, 0x70, 0x38, 0x1C, 0x0E, 0x07, 0x03, 0x81, 0xC0, 0xE0, 0x70, 0x38, 0x1C, 0x00, 0x1F,
    0xC7, 0xF9, 0xE3, 0x78, 0x0E, 0x01, 0xC0, 0x3F, 0xE7, 0xFC, 0xE0, 0x1C, 0x03, 0xC0, 0x3C, 0x27,
    0xFC, 0x3F, 0x80, 0x3F, 0xFF, 0xFF, 0x1B, 0x80, 0xE0, 0x3E, 0x07, 0xF0, 0x7E, 0x03, 0xC0, 0x70,
    0x1F, 0x0F, 0xFF, 0xFF, 0xC0, 0xFF, 0x0F, 0xFF, 0xFF, 0xFF, 0xFF, 0xFC, 0xDB, 0xFD, 0x80, 0x71,
    0xC7, 0x1C, 0x71, 0xC7, 0x1C, 0x71, 0xC7, 0x1C, 0x71, 0xC0, 0x0C, 0x1C, 0x30, 0x00, 0xE1, 0xC3,
    0x87, 0x0E, 0x1C, 0x38, 0x70, 0xE1, 0xC3, 0x87, 0x0E, 0x1C, 0x38, 0x70, 0xE3, 0xBF, 0x7C, 0x0F,
    0xF8, 0x00, 0x7F, 0xC0, 0x03, 0x8E, 0x00, 0x1C, 0x70, 0x00, 0xE3, 0x80, 0x07, 0x1F, 0xF0, 0x38,
    0xFF, 0xC1, 0xC7, 0x0F, 0x1E, 0x38, 0x38, 0xF1, 0xC1, 0xC7, 0x0E, 0x0E, 0x38, 0x70, 0xFF, 0xC3,
    0xFF, 0x7C, 0x1F, 0xF0, 0xE0, 0xE0, 0x1C, 0x1C, 0x03, 0x83, 0x80, 0x70, 0x70, 0x0E, 0x0E, 0x01,
    0xC1, 0xC0, 0x3F, 0xFF, 0xF7, 0xFF, 0xFF, 0xE0, 0xE1, 0xFC, 0x1C, 0x1F, 0x83, 0x83, 0xF0, 0x70,
    0xFE, 0x0F, 0xFF, 0xC1, 0xFF, 0x00, 0x38, 0x00, 0xE0, 0x0F, 0xF8, 0x3F, 0xE0, 0x38, 0x00, 0xFF,
    0xC3, 0xFF, 0x8F, 0x9E, 0x38, 0x3C, 0xE0, 0x73, 0x81, 0xCE, 0x07, 0x38, 0x1C, 0xE0, 0x73, 0x81,
    0xCE, 0x07, 0x38, 0x1C, 0xE0, 0x73, 0x81, 0xC0, 0x03, 0x80, 0xF0, 0x1C, 0x07, 0x00, 0xC0, 0x00,
    0x38, 0x7F, 0x0E, 0xE3, 0x9C, 0x73, 0x9C, 0x77, 0x0F, 0xE1, 0xFC, 0x3B, 0xC7, 0x38, 0xE3, 0x9C,
    0x7B, 0x87, 0x70, 0x70, 0x3C, 0x01, 0xC0, 0x0E, 0x00, 0x60, 0x07, 0x00, 0x00, 0xE0, 0xFE, 0x1F,
    0xE1, 0xFE, 0x3F, 0xE3, 0x7E, 0x77, 0xE6, 0x7E, 0xE7, 0xFC, 0x7F, 0xC7, 0xF8, 0x7F, 0x87, 0xF0,
    0x7F, 0x07, 0x1C, 0x60, 0x7B, 0x80, 0xFE, 0x01, 0xF0, 0x00, 0x03, 0xC0, 0x77, 0x03, 0x9C, 0x0E,
    0x38, 0x78, 0xE1, 0xC3, 0x87, 0x07, 0x38, 0x1C, 0xE0, 0x3B, 0x80, 0xFC, 0x03, 0xF0, 0x07, 0xC0,
    0x1E, 0x00, 0x38, 0x00, 0xC0, 0x07, 0x00, 0x1C, 0x00, 0xE0, 0x1F, 0x80, 0x7C, 0x00, 0xE0, 0xFC,
    0x1F, 0x83, 0xF0, 0x7E, 0x0F, 0xC1, 0xF8, 0x3F, 0x07, 0xE0, 0xFC, 0x1F, 0x83, 0xF0, 0x7F, 0xFF,
    0xFF, 0xC3, 0x80, 0x70, 0x0E, 0x01, 0xC0, 0xE0, 0x70, 0x1F, 0x81, 0xC0, 0x7E, 0x07, 0x81, 0xF8,
    0x0E, 0x0F, 0xE0, 0x38, 0x3B, 0x80, 0xE0, 0xEF, 0x07, 0x83, 0x9C, 0x1E, 0x0E, 0x70, 0x7C, 0x39,
    0xC3, 0xF0, 0xE3, 0x8F, 0xC7, 0x0E, 0x73, 0x9C, 0x39, 0xCE, 0x70, 0x77, 0x3B, 0x81, 0xF8, 0x7E,
    0x03, 0xE1, 0xF0, 0x0F, 0x83, 0xC0, 0x1C, 0x0E, 0x00, 0xE0, 0xE0, 0xFC, 0x1C, 0x1F, 0x83, 0x83,
    0xF0, 0x70, 0x7E, 0x0E, 0x0F, 0xC1, 0xC1, 0xDC, 0x3C, 0x73, 0x8F, 0x8E, 0x71, 0xF1, 0xC7, 0x77,
    0x70, 0xEE, 0xEE, 0x0F, 0x8F, 0x81, 0xF1, 0xF0, 0x1C, 0x1C, 0x00, 0x1C, 0x00, 0x1C, 0x00, 0xFF,
    0xE0, 0xFF, 0xE0, 0x1C, 0x00, 0x1C, 0x00, 0x1C, 0x00, 0x1F, 0xF8, 0x1F, 0xFC, 0x1C, 0x3E, 0x1C,
    0x0E, 0x1C, 0x07, 0x1C, 0x07, 0x1C, 0x0F, 0x1C, 0x0E, 0x1C, 0x3E, 0x1F, 0xFC, 0x1F, 0xF8, 0x1C,
    0x00, 0x38, 0x00, 0x70, 0x07, 0xFC, 0x0F, 0xF8, 0x03, 0x80, 0x07, 0x00, 0x0E, 0x00, 0x1C, 0x00,
    0x3F, 0xF0, 0x7F, 0xF0, 0xE0, 0xE1, 0xC0, 0xE3, 0x81, 0xC7, 0x07, 0x0F, 0xFE, 0x1F, 0xF8, 0xE0,
    0x1F, 0xEE, 0x07, 0xFF, 0xE0, 0xF8, 0x6E, 0x1E, 0x00, 0xE1, 0xC0, 0x0E, 0x1C, 0x00, 0xE3, 0xC0,
    0x0F, 0xFF, 0xF8, 0xFF, 0xFF, 0x8E, 0x38, 0x00, 0xE3, 0x80, 0x0E, 0x1C, 0x00, 0xE1, 0xC0, 0x0E,
    0x1C, 0x00, 0xE0, 0xE0, 0x0E, 0x0F, 0x86, 0xE0, 0x7F, 0xEE, 0x01, 0xFE, 0xE0, 0xFF, 0xE1, 0xFF,
    0xE3, 0xC2, 0xE3, 0x80, 0xE3, 0x80, 0xE7, 0x00, 0xFF, 0xFE, 0xFF, 0xFE, 0xE7, 0x00, 0xE7, 0x80,
    0xE3, 0x80, 0xE3, 0xC3, 0xE1, 0xFF, 0xE0, 0xFF, 0x01, 0xE0, 0x00, 0x78, 0x00, 0x1F, 0x00, 0x0F,
    0xC0, 0x03, 0xF8, 0x01, 0xCE, 0x00, 0x73, 0x80, 0x3C, 0x70, 0x0F, 0xFC, 0x03, 0xFF, 0x81, 0xCE,
    0xE0, 0x73, 0xBC, 0x3C, 0xE7, 0x0E, 0x39, 0xC3, 0x8E, 0x39, 0xC3, 0x8E, 0x70, 0xE3, 0xF8, 0x38,
    0x70, 0x03, 0xC0, 0x03, 0xE0, 0x07, 0xE0, 0x07, 0x60, 0x0E, 0x70, 0x0E, 0x70, 0x0F, 0xF8, 0x1F,
    0xF8, 0x1D, 0xFC, 0x39, 0xDC, 0x39, 0xDC, 0x39, 0xCE, 0x71, 0xCE, 0x71, 0xC7, 0xE0, 0x3C, 0x07,
    0x01, 0xE0, 0x38, 0x1F, 0x81, 0xC0, 0xFC, 0x0E, 0x07, 0x70, 0x70, 0x73, 0x83, 0x83, 0x8C, 0x1F,
    0xFF, 0xF0, 0xFF, 0xFF, 0x87, 0x0E, 0xEE, 0x38, 0xE7, 0x71, 0xC7, 0x39, 0xCE, 0x71, 0xCE, 0x73,
    0x8E, 0x73, 0x9C, 0x71, 0xDD, 0xC3, 0x8E, 0xEE, 0x1C, 0x7F, 0x70, 0xE1, 0xC0, 0xE0, 0xF0, 0x38,
    0x3E, 0x0E, 0x1F, 0x83, 0x87, 0x70, 0xE1, 0x9C, 0x38, 0xE7, 0x0F, 0xFF, 0xE3, 0xFF, 0xF8, 0xE7,
    0x77, 0x39, 0xDD, 0xCE, 0xE7, 0x73, 0xB9, 0xCE, 0xFC, 0x73, 0xBF, 0x1C, 0x70, 0x3F, 0xFF, 0x0F,
    0xFF, 0xC3, 0xC0, 0xF0, 0x78, 0x38, 0x0F, 0x1C, 0x01, 0xCE, 0x00, 0x3F, 0x00, 0x3F, 0xF0, 0x1F,
    0xFE, 0x07, 0xBB, 0xC3, 0x8E, 0x70, 0xE3, 0x9C, 0x78, 0xE3, 0x9C, 0x38, 0xE7, 0x0E, 0x39, 0xC3,
    0x8E, 0xF0, 0xE1, 0xF8, 0x38, 0x70, 0x3F, 0xFC, 0x3F, 0xFC, 0x1C, 0x1C, 0x1E, 0x38, 0x0E, 0x70,
    0x07, 0xE0, 0x1F, 0xF8, 0x1F, 0xFC, 0x39, 0xDC, 0x39, 0xCC, 0x71, 0xCE, 0x71, 0xCE, 0x61, 0xC6,
    0xE1, 0xC7, 0xE3, 0xFF, 0xF3, 0x8F, 0xFF, 0xCE, 0x3C, 0x0F, 0x38, 0x78, 0x38, 0xE0, 0xF1, 0xC3,
    0x81, 0xCE, 0x0E, 0x03, 0xF0, 0x3F, 0xFF, 0xF0, 0xFF, 0xFF, 0xE3, 0x87, 0xBB, 0xCE, 0x38, 0xE7,
    0x38, 0xE3, 0x9C, 0xE3, 0x8E, 0x3B, 0x9C, 0x38, 0xEE, 0x70, 0xE3, 0xB9, 0xC3, 0x8E, 0xEE, 0x0E,
    0x1F, 0xB8, 0x38, 0x70, 0xE7, 0xFF, 0x9C, 0xFF, 0xF3, 0x8E, 0x0E, 0x71, 0xE3, 0x8E, 0x1C, 0xE1,
    0xC1, 0xF8, 0x3F, 0xFF, 0xC7, 0xFF, 0xFC, 0xE7, 0x3B, 0x9C, 0xE7, 0x33, 0xB8, 0xE7, 0x77, 0x1C,
    0xEE, 0xC3, 0x8D, 0xF8, 0x71, 0xC0, 0x38, 0xE1, 0xEF, 0x07, 0xE0, 0x1F, 0x07, 0xFE, 0x7F, 0xF9,
    0x81, 0xC0, 0x07, 0x00, 0x38, 0x03, 0x80, 0x7C, 0x7F, 0x83, 0xFC, 0x01, 0xF8, 0x01, 0xC0, 0x0F,
    0x00, 0x38, 0x01, 0xC0, 0x1C, 0x01, 0xE3, 0xFE, 0x7F, 0xE3, 0xC0, 0x1C, 0x00, 0xE0, 0x07, 0xFF,
    0xDF, 0xFE, 0x00, 0x00, 0x71, 0xE7, 0x7C, 0x7E, 0x1F, 0x87, 0xFC, 0xFF, 0x80, 0x38, 0x07, 0x03,
    0xC3, 0xF0, 0x7F, 0x00, 0xF0, 0x0E, 0x01, 0xC0, 0x7B, 0xFF, 0xFF, 0x9E, 0x03, 0x80, 0x7F, 0xF7,
    0xFE, 0x00, 0x80, 0xE1, 0xC3, 0xF0, 0xE1, 0xF8, 0x70, 0xFC, 0x38, 0x7E, 0x1C, 0x3F, 0x0E, 0x1F,
    0x87, 0x0F, 0xC3, 0x8F, 0xE1, 0xC7, 0x78, 0xE3, 0x9E, 0x77, 0x87, 0xFF, 0xC1, 0xFF, 0x80, 0x0E,
    0x00, 0x07, 0x00, 0x03, 0x80, 0x01, 0xC0, 0x00, 0xE0, 0x00, 0x03, 0x80, 0x07, 0x00, 0x0E, 0x00,
    0x1C, 0x00, 0x38, 0x00, 0x70, 0x38, 0xE3, 0xF1, 0xC7, 0xE3, 0x8F, 0xC7, 0x1F, 0x8E, 0x3F, 0x1C,
    0x7E, 0x38, 0xFC, 0x71, 0xF8, 0xE3, 0xF1, 0xC7, 0xE3, 0x9E, 0xF7, 0x79, 0xFF, 0xE1, 0xFF, 0x80,
    0x38, 0x00, 0x70, 0x00, 0xE0, 0x01, 0xC0, 0x03, 0x80, 0x07, 0x00, 0x0F, 0xF0, 0x0F, 0xFE, 0x0F,
    0x0F, 0x8E, 0x01, 0xCE, 0x00, 0x77, 0x00, 0x3B, 0x80, 0x0D, 0xFF, 0xFF, 0xFF, 0xFF, 0xF0, 0x01,
    0xF8, 0x00, 0xFC, 0x00, 0xEE, 0x00, 0x77, 0x80, 0x39, 0xE0, 0x38, 0x78, 0x7C, 0x1F, 0xFC, 0x07,
    0xF8, 0x00, 0x1F, 0xC3, 0xFF, 0x1E, 0x3D, 0xC0, 0xEE, 0x07, 0x70, 0x1F, 0xFF, 0xFF, 0xFF, 0xE0,
    0x3F, 0x03, 0xB8, 0x1C, 0xF1, 0xE3, 0xFE, 0x0F, 0xE0, 0xE0, 0x07, 0xB8, 0x07, 0xDC, 0x03, 0x8E,
    0x03, 0x83, 0x81, 0xC1, 0xC0, 0xE0, 0xE0, 0xE0, 0x38, 0x70, 0x1C, 0x38, 0x0E, 0x38, 0x03, 0x9C,
    0x01, 0xCE, 0x00, 0xF6, 0x00, 0x3F, 0x00, 0x1F, 0x80, 0x07, 0xC0, 0x03, 0xC0, 0x01, 0xE0, 0x00,
    0xE0, 0x1D, 0xC0, 0xF7, 0x03, 0x9C, 0x1C, 0x38, 0x70, 0xE1, 0x81, 0x8E, 0x07, 0x38, 0x1C, 0xE0,
    0x37, 0x00, 0xFC, 0x03, 0xF0, 0x07, 0x80, 0x1E, 0x00, 0x3D, 0xC0, 0x0E, 0xF0, 0x03, 0xB8, 0x00,
    0xCE, 0x00, 0x00, 0x00, 0x00, 0x03, 0x80, 0x1E, 0xE0, 0x1F, 0x70, 0x0E, 0x38, 0x0E, 0x0E, 0x07,
    0x07, 0x03, 0x83, 0x83, 0x80, 0xE1, 0xC0, 0x70, 0xE0, 0x38, 0xE0, 0x0E, 0x70, 0x07, 0x38, 0x03,
    0xD8, 0x00, 0xFC, 0x00, 0x7E, 0x00, 0x1F, 0x00, 0x0F, 0x00, 0x07, 0x80, 0x7B, 0x80, 0xEE, 0x01,
    0xDC, 0x03, 0x38, 0x00, 0x00, 0x00, 0x0E, 0x01, 0xDC, 0x0F, 0x70, 0x39, 0xC1, 0xC3, 0x87, 0x0E,
    0x18, 0x18, 0xE0, 0x73, 0x81, 0xCE, 0x03, 0x70, 0x0F, 0xC0, 0x3F, 0x00, 0x78, 0x01, 0xE0, 0x0F,
    0xF0, 0x00, 0x01, 0xFF, 0xC0, 0x00, 0x1F, 0x1F, 0x00, 0x00, 0xE0, 0x38, 0x00, 0x0F, 0x00, 0xEE,
    0x03, 0xF0, 0x07, 0x78, 0x1F, 0x80, 0x39, 0xC1, 0xDC, 0x00, 0xEE, 0x0E, 0xE0, 0x07, 0x38, 0x77,
    0x00, 0x39, 0xC7, 0x38, 0x01, 0xCE, 0x39, 0xC0, 0x1C, 0x39, 0xCE, 0x00, 0xE1, 0xDC, 0x78, 0x07,
    0x06, 0xE1, 0xC0, 0x70, 0x3F, 0x0F, 0x8F, 0x81, 0xF0, 0x3F, 0xF8, 0x07, 0x80, 0x7F, 0x80, 0x38,
    0x00, 0x00, 0x01, 0xC0, 0x00, 0x00, 0x0E, 0x00, 0x00, 0x00, 0xE0, 0x00, 0x00, 0x0F, 0x00, 0x00,
    0x03, 0xF0, 0x00, 0x00, 0x1F, 0x00, 0x1F, 0xC7, 0x01, 0xDF, 0xF9, 0xE0, 0x77, 0x8F, 0x38, 0x3B,
    0x81, 0xCE, 0x0E, 0xE0, 0x71, 0xC3, 0xB8, 0x0E, 0x71, 0xCE, 0x03, 0x9C, 0x73, 0x80, 0xE3, 0x9C,
    0xE0, 0x38, 0xEE, 0x38, 0x1C, 0x1B, 0x8F, 0x07, 0x07, 0xC1, 0xE3, 0xC1, 0xF0, 0x3F, 0xE0, 0x3C,
    0x07, 0xF0, 0x0E, 0x00, 0x00, 0x03, 0x80, 0x00, 0x00, 0xE0, 0x00, 0x00, 0x70, 0x00, 0x00, 0x3C,
    0x00, 0x00, 0x7E, 0x00, 0x00, 0x1F, 0x00, 0x01, 0xC0, 0x01, 0xFC, 0x01, 0xFF, 0xC0, 0xFF, 0xF8,
    0x7D, 0xDF, 0x1C, 0x01, 0xCF, 0x00, 0x3B, 0x80, 0x0E, 0xE0, 0x03, 0xB8, 0x00, 0x7E, 0x00, 0x1F,
    0x80, 0x07, 0xE0, 0x01, 0xF8, 0x00, 0xEE, 0x00, 0x3B, 0xC0, 0x0E, 0x78, 0x07, 0x1F, 0x77, 0xC3,
    0xFF, 0xE0, 0x7F, 0xF0, 0x07, 0xF0, 0x00, 0x70, 0x00, 0x07, 0x80, 0x7F, 0x83, 0xFF, 0x1F, 0xFE,
    0xF0, 0x3F, 0x80, 0x7E, 0x01, 0xF8, 0x07, 0xE0, 0x1F, 0x80, 0x7E, 0x01, 0xFC, 0x0F, 0x7F, 0xF8,
    0xFF, 0xC1, 0xFE, 0x01, 0xE0, 0x00, 0xF0, 0x00, 0x03, 0xFC, 0x00, 0x07, 0x7C, 0x00, 0x0D, 0xB8,
    0x00, 0x03, 0x80, 0x00, 0x07, 0x00, 0x00, 0x0C, 0x00, 0x00, 0x38, 0x00, 0x00, 0x00, 0x00, 0x3F,
    0x8F, 0xC0, 0xFF, 0x3F, 0xC3, 0xC6, 0x23, 0xC7, 0x00, 0x03, 0xDE, 0x00, 0x03, 0xB8, 0x00, 0x07,
    0x70, 0x00, 0x0F, 0xE0, 0x00, 0x0F, 0xC0, 0x00, 0x1F, 0x80, 0xC0, 0x3F, 0x01, 0xC0, 0x7E, 0x03,
    0x81, 0xDC, 0x07, 0x03, 0xBC, 0x0E, 0x07, 0x38, 0x1C, 0x1E, 0x7C, 0x7C, 0x78, 0x7F, 0xFF, 0xE0,
    0x7F, 0x3F, 0x80, 0x03, 0xF0, 0x00, 0x7F, 0xE0, 0x07, 0x7E, 0x00, 0x0E, 0x00, 0x00, 0x60, 0x00,
    0x06, 0x00, 0x00, 0xE0, 0x00, 0x08, 0x00, 0x00, 0x00, 0x03, 0xF9, 0xFC, 0x7F, 0x9F, 0xE7, 0x10,
    0x8E, 0xE0, 0x00, 0x7E, 0x00, 0x07, 0xE0, 0x00, 0x7E, 0x06, 0x07, 0xE0, 0xE0, 0x7E, 0x0E, 0x07,
    0xE0, 0xE0, 0x7F, 0x0E, 0x0F, 0x79, 0xF9, 0xE7, 0xFF, 0xFE, 0x3F, 0x9F, 0x80, 0x03, 0xFF, 0x00,
    0x0F, 0xFC, 0x00, 0x33, 0x30, 0x00, 0x00, 0x00, 0x00, 0x00, 0x03, 0x81, 0xC0, 0x7E, 0x07, 0x01,
    0xF8, 0x1E, 0x07, 0xE0, 0x38, 0x3F, 0x80, 0xE0, 0xEE, 0x03, 0x83, 0xBC, 0x1E, 0x0E, 0x70, 0x78,
    0x39, 0xC1, 0xF0, 0xE7, 0x0F, 0xC3, 0x8E, 0x3F, 0x1C, 0x39, 0xCE, 0x70, 0xE7, 0x39, 0xC1, 0xDC,
    0xEE, 0x07, 0xE1, 0xF8, 0x0F, 0x87, 0xC0, 0x3E, 0x0F, 0x00, 0x70, 0x38, 0x00, 0x0F, 0xFC, 0x01,
    0xFF, 0x80, 0x11, 0x30, 0x00, 0x00, 0x0E, 0x0E, 0x0F, 0xC1, 0xC1, 0xF8, 0x38, 0x3F, 0x07, 0x07,
    0xE0, 0xE0, 0xFC, 0x1C, 0x1D, 0xC3, 0xC7, 0x38, 0xF8, 0xE7, 0x1F, 0x3C, 0x77, 0x67, 0x0E, 0xCE,
    0xE0, 0xF9, 0xF8, 0x1E, 0x1E, 0x01, 0xC3, 0xC0, 0x07, 0xFC, 0x7F, 0xF3, 0xE1, 0xDE, 0x00, 0x70,
    0x03, 0x80, 0x0E, 0x00, 0x38, 0x00, 0xE0, 0x03, 0x80, 0x0E, 0x00, 0x38, 0x00, 0xE0, 0x03, 0xC0,
    0x07, 0x80, 0x0F, 0x80, 0x1F, 0xE0, 0x3F, 0x80, 0x0E, 0x00, 0x38, 0x00, 0xE0, 0x03, 0x80, 0x0E,
    0x00, 0x38, 0x1F, 0xC7, 0xF9, 0xE3, 0x78, 0x0E, 0x01, 0xC0, 0x38, 0x07, 0x00, 0xE0, 0x1C, 0x03,
    0xC0, 0x3C, 0x47, 0xF8, 0x3F, 0x00, 0xE0, 0x1C, 0x03, 0x80, 0x70, 0x0E, 0x01, 0xC0, 0x00, 0x00,
    0x03, 0x80, 0x1C, 0x19, 0xC1, 0xFE, 0x03, 0xE0, 0x0F, 0x80, 0x7F, 0x07, 0x3F, 0x38, 0x3F, 0x80,
    0x7C, 0x01, 0xF0, 0x0F, 0xE0, 0xE7, 0x06, 0x00, 0x70, 0x00, 0x00, 0x00, 0x01, 0xFF, 0xFF, 0xFF,
    0xEC, 0x00, 0x1F, 0xBF, 0xFF, 0x9C, 0xEE, 0xCE, 0x20, 0x77, 0x3E, 0xC0, 0xFE, 0x3F, 0xFC, 0x7C,
    0x00, 0x0F, 0x80, 0x00, 0x00, 0x7E, 0x00, 0x00, 0x06, 0x30, 0x00, 0x00, 0x00, 0x00, 0x00, 0xF0,
    0x00, 0x78, 0x0F, 0xC0, 0x07, 0xE0, 0x67, 0x00, 0x33, 0x82, 0x18, 0x01, 0x88, 0x00, 0x00, 0x00,
    0x00, 0x00, 0x00, 0x00, 0x00, 0x00, 0x00, 0x00, 0x00, 0x00, 0x00, 0x07, 0xC0, 0x00, 0x0F, 0x7F,
    0x00, 0x00, 0xFF, 0x18, 0x00, 0x06, 0x60, 0x00, 0x00, 0x00, 0x00, 0x00, 0x00, 0x00, 0x00, 0x00,
    0x00, 0x00, 0x00, 0x00, 0x00, 0x1F, 0x00, 0x0F, 0x81, 0xF8, 0x00, 0xFC, 0x0C, 0xE0, 0x06, 0x70,
    0x00, 0x00, 0x00, 0x00, 0x01, 0xF0, 0x00, 0x00, 0x0F, 0xC0, 0x00, 0x00, 0xE6, 0x00, 0x00, 0x06,
    0x30, 0x00, 0x00, 0x06, 0x00, 0x00, 0x00, 0xC0, 0x00, 0x00, 0x38, 0x00, 0x06, 0x07, 0x00, 0x00,
    0xC0, 0xE0, 0x30, 0x1C, 0x00, 0x1E, 0x01, 0xC0, 0x0F, 0x80, 0x38, 0x00, 0xE0, 0x02, 0x00, 0x00,
    0x00, 0x00, 0x00, 0x00, 0x00, 0x00, 0x00, 0x00, 0x00, 0x00, 0x0C, 0x00, 0x00, 0x31, 0xF0, 0x00,
    0x07, 0x9E, 0x00, 0x00, 0xF8, 0xC0, 0x00, 0x03, 0x00, 0x00, 0x00, 0x00, 0x00, 0x00, 0x00, 0x00,
    0x00, 0x00, 0x00, 0x00, 0x04, 0x00, 0x30, 0x01, 0xC0, 0x0F, 0x00, 0x38, 0x07, 0xC0, 0x03, 0x80,
    0xE0, 0x70, 0x70, 0x00, 0x0E, 0x06, 0x00, 0x01, 0xC0, 0x40, 0x00, 0x30, 0x00, 0x00, 0x06, 0x00,
    0x00, 0x18, 0x70, 0x0E, 0x38, 0x07, 0xF8, 0x01, 0xF8, 0x00, 0x00, 0x00, 0x00, 0x03, 0x80, 0x79,
    0xC0, 0x7C, 0xE0, 0x3E, 0x70, 0x3F, 0x38, 0x3F, 0x9C, 0x1D, 0xCE, 0x1C, 0xE7, 0x0E, 0x73, 0x8E,
    0x39, 0xCE, 0x1C, 0xE7, 0x0E, 0x77, 0x07, 0x3B, 0x83, 0x9F, 0x81, 0xCF, 0x80, 0xE7, 0xC0, 0x73,
    0xC0, 0x3F, 0xE0, 0x1F, 0x00, 0x03, 0x80, 0x03, 0x80, 0x01, 0xC0, 0x01, 0xE0, 0x00, 0xE0, 0x30,
    0xE0, 0xE1, 0xC0, 0xE7, 0x81, 0xFE, 0x01, 0xF8, 0x00, 0x00, 0x38, 0x3C, 0x70, 0x78, 0xE1, 0xF1,
    0xC3, 0xE3, 0x8F, 0xC7, 0x3B, 0x8E, 0x77, 0x1D, 0xCE, 0x3B, 0x9C, 0x7E, 0x38, 0xF8, 0x71, 0xF0,
    0xE3, 0xC1, 0xFF, 0x83, 0xE0, 0x01, 0xC0, 0x03, 0x80, 0x07, 0x00, 0x1C, 0x00, 0x38, 0x70, 0x01,
    0xC0, 0x0F, 0xF0, 0x3F, 0xC0, 0x70, 0x01, 0xC0, 0x07, 0x00, 0x1F, 0xF8, 0x7F, 0xF1, 0xC3, 0xE7,
    0x03, 0x9C, 0x07, 0x70, 0x1D, 0xC0, 0xF7, 0x03, 0x9C, 0x3E, 0x7F, 0xF1, 0xFF, 0x80, 0x38, 0x00,
    0xE0, 0x03, 0x80, 0x3F, 0xC0, 0xFF, 0x00, 0xE0, 0x03, 0x80, 0x0E, 0x00, 0x38, 0x00, 0xE0, 0x03,
    0x80, 0x0E, 0x00, 0x3F, 0xF0, 0xFF, 0xE3, 0x83, 0x8E, 0x07, 0x38, 0x1C, 0xE0, 0xE3, 0xFF, 0x8F,
    0xFC, 0xFF, 0x8F, 0xFC, 0xE1, 0xEE, 0x0E, 0xE0, 0x7E, 0x07, 0xE6, 0xFE, 0x6E, 0xE7, 0xEF, 0xFC,
    0xFF, 0xCE, 0x1C, 0xE0, 0xCE, 0x00, 0xE0, 0x0E, 0x00, 0xE0, 0x0E, 0x00, 0xDF, 0xCF, 0xFE, 0xF9,
    0xEE, 0x07, 0xE0, 0x7E, 0x07, 0xE0, 0x7E, 0x07, 0xE0, 0x7E, 0x37, 0xE3, 0xFF, 0xBE, 0xFF, 0xEF,
    0xFE, 0xE0, 0xEE, 0x06, 0xE0, 0x0E, 0x00, 0xE0, 0x0E, 0x00, 0x00, 0xE0, 0x1C, 0x03, 0x80, 0x7F,
    0xFF, 0xFF, 0xF8, 0x07, 0x00, 0xE0, 0x1C, 0x03, 0x80, 0x70, 0x0E, 0x01, 0xC0, 0x38, 0x07, 0x00,
    0xE0, 0x1C, 0x03, 0x80, 0x70, 0x0E, 0x01, 0xC0, 0x00, 0x03, 0x81, 0xC0, 0xE0, 0x7F, 0xFF, 0xFF,
    0x81, 0xC0, 0xE0, 0x70, 0x38, 0x1C, 0x0E, 0x07, 0x03, 0x81, 0xC0, 0xE0, 0x70, 0x00, 0x7F, 0xF7,
    0xFF, 0x70, 0x07, 0x00, 0x70, 0x07, 0x00, 0x70, 0x07, 0x00, 0xFF, 0x8F, 0xF8, 0x70, 0x07, 0x00,
    0x70, 0x07, 0x00, 0x70, 0x07, 0x00, 0x70, 0x07, 0x00, 0x7F, 0xDF, 0xF7, 0x01, 0xC0, 0x70, 0x1C,
    0x0F, 0xF3, 0xFC, 0x70, 0x1C, 0x07, 0x01, 0xC0, 0x70, 0x1C, 0x00, 0xFF, 0xE7, 0xFF, 0x38, 0x01,
    0xC0, 0x0E, 0x00, 0x70, 0x03, 0x80, 0x1C, 0x00, 0xFF, 0x87, 0xFF, 0x38, 0x7D, 0xC0, 0xEE, 0x03,
    0xF0, 0x1F, 0x80, 0xFC, 0x07, 0xE0, 0x3F, 0x01, 0xC0, 0x0E, 0x00, 0x70, 0x07, 0x88, 0x78, 0x7F,
    0x83, 0xF8, 0xFF, 0x9F, 0xE3, 0x80, 0x70, 0x0E, 0x01, 0xC0, 0x3F, 0xC7, 0xFC, 0xE7, 0xDC, 0x3B,
    0x87, 0x70, 0x7E, 0x0F, 0xC1, 0xC0, 0x38, 0x0E, 0x01, 0xC4, 0x78, 0xFE, 0x1F, 0x80, 0x70, 0x38,
    0x38, 0xF0, 0x70, 0xE0, 0xF0, 0xE3, 0xC0, 0xE1, 0xC7, 0x00, 0xE3, 0x9C, 0x00, 0xE7, 0x70, 0x01,
    0xEF, 0xE0, 0x01, 0xFF, 0x80, 0x01, 0xFE, 0x00, 0x03, 0xFE, 0x00, 0x0E, 0xFC, 0x00, 0x39, 0xDC,
    0x00, 0xF3, 0xBC, 0x03, 0xC7, 0x38, 0x07, 0x0E, 0x38, 0x1C, 0x1C, 0x38, 0x78, 0x38, 0x7F, 0xE0,
    0x70, 0x7C, 0x00, 0x00, 0x38, 0x00, 0x00, 0x70, 0x00, 0x00, 0xE0, 0x00, 0x01, 0xC0, 0x00, 0x03,
    0x80, 0x70, 0x70, 0xE1, 0xC3, 0x8E, 0x07, 0x1C, 0xE0, 0x1C, 0xEF, 0x00, 0xF7, 0x70, 0x03, 0xBF,
    0x00, 0x0F, 0xF0, 0x00, 0x7F, 0xC0, 0x07, 0x7E, 0x00, 0x73, 0xB8, 0x07, 0x9C, 0xE0, 0x78, 0xE7,
    0x87, 0x87, 0x1F, 0xB8, 0x38, 0x7C, 0x00, 0x00, 0xE0, 0x00, 0x07, 0x00, 0x00, 0x38, 0x00, 0x01,
    0xC0, 0x00, 0x0E, 0xFF, 0x8F, 0xFE, 0xE1, 0xE0, 0x0F, 0x00, 0x70, 0x0E, 0x01, 0xE3, 0xFC, 0x3F,
    0xC0, 0x3E, 0x00, 0x70, 0x07, 0x00, 0x70, 0x07, 0x00, 0x7E, 0x1F, 0xFF, 0xEF, 0xF8, 0x0E, 0x00,
    0x70, 0x03, 0x80, 0x78, 0x1F, 0x00, 0xF0, 0xFF, 0xBF, 0xFE, 0x3C, 0x07, 0x01, 0xC0, 0xF3, 0xF8,
    0xFE, 0x03, 0xC0, 0x70, 0x1F, 0x0F, 0xFF, 0xFF, 0xC0, 0xC0, 0x38, 0x07, 0x03, 0xC1, 0xE0, 0x78,
    0xE0, 0x7B, 0x83, 0xCE, 0x1E, 0x38, 0xF0, 0xE3, 0x83, 0x9C, 0x0E, 0xE0, 0x3F, 0x80, 0xFC, 0x03,
    0xF0, 0x0F, 0xE0, 0x3B, 0xC0, 0xE7, 0x83, 0x8F, 0x0E, 0x1C, 0x38, 0x38, 0xE0, 0xFF, 0x81, 0xF0,
    0x01, 0xC0, 0x07, 0x00, 0x1C, 0x00, 0x70, 0x01, 0xC0, 0xE1, 0xCE, 0x38, 0xE7, 0x8E, 0xF0, 0xEE,
    0x0F, 0xC0, 0xF8, 0x0F, 0xC0, 0xFC, 0x0E, 0xE0, 0xE7, 0x0E, 0x38, 0xE3, 0xFE, 0x1F, 0x00, 0x70,
    0x07, 0x00, 0x70, 0x07, 0x00, 0x70, 0xE0, 0x3B, 0x81, 0xCE, 0x0F, 0x3B, 0x78, 0xEF, 0xC3, 0xBE,
    0x0E, 0xF0, 0x3F, 0x80, 0xFC, 0x03, 0xF0, 0x0F, 0xE0, 0x3B, 0xC0, 0xEF, 0x83, 0xBF, 0x0E, 0xDE,
    0x38, 0x3C, 0xE0, 0x7B, 0x80, 0xF0, 0xE1, 0xDF, 0x73, 0xFC, 0x7F, 0x8F, 0xE1, 0xF8, 0x3E, 0x07,
    0xC0, 0xFC, 0x1F, 0xC3, 0xFC, 0x7D, 0xCF, 0xBD, 0xC3, 0xC0, 0x38, 0x1E, 0x38, 0x1C, 0xFE, 0x38,
    0xFE, 0x70, 0x38, 0x70, 0x38, 0xE0, 0x39, 0xC0, 0x3F, 0xC0, 0x3F, 0xC0, 0x39, 0xC0, 0x38, 0xE0,
    0x38, 0xE0, 0x38, 0x70, 0x38, 0x78, 0x38, 0x38, 0x38, 0x1C, 0x38, 0x1E, 0x38, 0x0E, 0x38, 0x00,
    0xE0, 0x0F, 0xF8, 0x3F, 0xE0, 0x38, 0x00, 0xE1, 0xE3, 0x8F, 0x0E, 0x38, 0x39, 0xC0, 0xEE, 0x03,
    0xF0, 0x0F, 0x80, 0x3F, 0x00, 0xFE, 0x03, 0xBC, 0x0E, 0x78, 0x38, 0xE0, 0xE1, 0xC3, 0x83, 0x80,
    0xFE, 0x07, 0xBF, 0x83, 0xC0, 0xE1, 0xE0, 0x38, 0x70, 0x0E, 0x38, 0x03, 0x9C, 0x00, 0xEE, 0x00,
    0x3F, 0x80, 0x0F, 0xC0, 0x03, 0xF0, 0x00, 0xFE, 0x00, 0x3B, 0xC0, 0x0E, 0x78, 0x03, 0x8F, 0x00,
    0xE1, 0xE0, 0x38, 0x38, 0x0E, 0x07, 0x03, 0x81, 0xE0, 0xFF, 0x0E, 0xFF, 0x1E, 0x07, 0x3C, 0x07,
    0x38, 0x07, 0x70, 0x07, 0xE0, 0x07, 0xC0, 0x07, 0xE0, 0x07, 0xF0, 0x07, 0x78, 0x07, 0x38, 0x07,
    0x1C, 0x07, 0x0E, 0x07, 0x07, 0xE0, 0x1C, 0xE0, 0x1C, 0xE0, 0x1C, 0xE0, 0x1C, 0xE0, 0x1C, 0xE0,
    0x1C, 0xE0, 0x1C, 0xFF, 0xFC, 0xFF, 0xFC, 0xE0, 0x1C, 0xE0, 0x1C, 0xE0, 0x1C, 0xE0, 0x1C, 0xE0,
    0x1C, 0xE0, 0x1C, 0xE0, 0x1C, 0xE0, 0x1F, 0xE0, 0x1F, 0x00, 0x03, 0x00, 0x03, 0x00, 0x03, 0x00,
    0x03, 0x00, 0x03, 0xE0, 0x73, 0x81, 0xCE, 0x07, 0x38, 0x1C, 0xE0, 0x73, 0x81, 0xCF, 0xFF, 0x3F,
    0xFC, 0xE0, 0x73, 0x81, 0xCE, 0x07, 0x38, 0x1C, 0xE0, 0x7F, 0x81, 0xF0, 0x01, 0xC0, 0x07, 0x00,
    0x1C, 0x00, 0x70, 0x01, 0xC0, 0xE0, 0x1F, 0xF8, 0x07, 0xFE, 0x01, 0xC3, 0x80, 0x70, 0xE0, 0x1C,
    0x38, 0x07, 0x0E, 0x01, 0xC3, 0xFF, 0xF0, 0xFF, 0xFC, 0x38, 0x07, 0x0E, 0x01, 0xC3, 0x80, 0x70,
    0xE0, 0x1C, 0x38, 0x07, 0x0E, 0x01, 0xC3, 0x80, 0x70, 0xE0, 0x1C, 0x38, 0x07, 0x00, 0xE0, 0x7F,
    0xE0, 0x7F, 0xE0, 0x70, 0xE0, 0x70, 0xE0, 0x70, 0xE0, 0x70, 0xFF, 0xF0, 0xFF, 0xF0, 0xE0, 0x70,
    0xE0, 0x70, 0xE0, 0x70, 0xE0, 0x70, 0xE0, 0x70, 0xE0, 0x70, 0xFF, 0xF8, 0x01, 0xFF, 0xF0, 0x03,
    0x80, 0xE0, 0x07, 0x01, 0xC0, 0x0E, 0x03, 0x80, 0x1C, 0x07, 0x00, 0x38, 0x0E, 0x00, 0x70, 0x1C,
    0x00, 0xE0, 0x3F, 0xE1, 0xC0, 0x7F, 0xF3, 0x80, 0xE1, 0xF7, 0x01, 0xC0, 0xEE, 0x03, 0x80, 0xFC,
    0x07, 0x01, 0xF8, 0x0E, 0x03, 0xF0, 0x1C, 0x07, 0xE0, 0x38, 0x0F, 0xC0, 0x70, 0x1C, 0x00, 0x00,
    0x38, 0x00, 0x00, 0x70, 0x00, 0x01, 0xE0, 0x00, 0x87, 0x80, 0x01, 0xFE, 0x00, 0x03, 0xF8, 0xFF,
    0xE0, 0x1F, 0xFC, 0x03, 0x83, 0x80, 0x70, 0x70, 0x0E, 0x0E, 0x01, 0xC1, 0xC0, 0x38, 0x3F, 0xC7,
    0x07, 0xFE, 0xE0, 0xE3, 0xDC, 0x1C, 0x3F, 0x83, 0x83, 0xF0, 0x70, 0x7E, 0x0E, 0x0F, 0xC1, 0xC1,
    0xC0, 0x00, 0x38, 0x00, 0x07, 0x00, 0x00, 0xE0, 0x02, 0x3C, 0x00, 0x7F, 0x00, 0x0F, 0xC0, 0x0F,
    0xE0, 0x1F, 0xE0, 0x1F, 0x00, 0x0E, 0x0F, 0x8F, 0x0F, 0xE7, 0x0F, 0x7B, 0x87, 0x1D, 0xC3, 0x8F,
    0xE1, 0xC3, 0xF0, 0xE1, 0xF8, 0x70, 0xFC, 0x38, 0xFE, 0x1C, 0x77, 0x8F, 0x39, 0xC3, 0xB8, 0x79,
    0xFC, 0x3F, 0xFC, 0x87, 0xFF, 0xC0, 0x03, 0xE0, 0x1F, 0x01, 0xFC, 0x07, 0x9F, 0x38, 0xFE, 0xE3,
    0xBB, 0x9E, 0xFE, 0x71, 0xF9, 0xC7, 0xE7, 0xBF, 0x8E, 0xEF, 0x3F, 0x9E, 0x7C, 0x3F, 0xFC, 0x7F,
    0xF0, 0x0F, 0xF8, 0x7F, 0xF3, 0xE1, 0x9E, 0x00, 0x70, 0x03, 0x80, 0x0E, 0x00, 0x38, 0x00, 0xE0,
    0x03, 0x80, 0x0E, 0x00, 0x38, 0x00, 0xE0, 0x03, 0xC0, 0x07, 0x80, 0x0F, 0x86, 0x1F, 0xF8, 0x3F,
    0xE0, 0x38, 0x00, 0x70, 0x01, 0xC0, 0x07, 0x00, 0x7C, 0x01, 0xE0, 0x1F, 0xDF, 0xF7, 0x8B, 0xC0,
    0xE0, 0x38, 0x0E, 0x03, 0x80, 0xE0, 0x38, 0x0E, 0x01, 0xE3, 0x7F, 0xC7, 0xF0, 0xE0, 0x1C, 0x07,
    0x01, 0xC1, 0xF0, 0x78, 0xFF, 0xFF, 0xFF, 0xC1, 0xC0, 0x0E, 0x00, 0x70, 0x03, 0x80, 0x1C, 0x00,
    0xE0, 0x07, 0x00, 0x38, 0x01, 0xC0, 0x0E, 0x00, 0x70, 0x03, 0x80, 0x1C, 0x00, 0xE0, 0x07, 0xC0,
    0x3E, 0x00, 0x30, 0x01, 0x80, 0x0C, 0x00, 0x60, 0x03, 0x00, 0xFF, 0xFF, 0xFC, 0x38, 0x07, 0x00,
    0xE0, 0x1C, 0x03, 0x80, 0x70, 0x0E, 0x01, 0xC0, 0x38, 0x07, 0x00, 0xF8, 0x1F, 0x00, 0xE0, 0x1C,
    0x03, 0x80, 0x70, 0x0E, 0x00, 0xE0, 0x1D, 0xE0, 0x39, 0xC0, 0xE1, 0xC1, 0xC3, 0x87, 0x03, 0x8E,
    0x07, 0x38, 0x07, 0x70, 0x0F, 0xC0, 0x0F, 0x80, 0x1E, 0x00, 0x1C, 0x00, 0x38, 0x00, 0x70, 0x00,
    0xE0, 0x01, 0xC0, 0x03, 0x80, 0x07, 0x00, 0x70, 0x1D, 0xC0, 0xE7, 0x03, 0x8E, 0x0E, 0x38, 0x70,
    0xE1, 0xC1, 0xCE, 0x07, 0x38, 0x0E, 0xE0, 0x3F, 0x00, 0xFC, 0x01, 0xF0, 0x07, 0x80, 0x1E, 0x00,
    0x38, 0x00, 0xE0, 0x03, 0x80, 0x0E, 0x00, 0x38, 0x00, 0xE0, 0x70, 0x0E, 0x70, 0x0E, 0x38, 0x1C,
    0x38, 0x3C, 0x1C, 0x38, 0x1C, 0x78, 0x0E, 0x70, 0x0E, 0xF0, 0x07, 0xE0, 0x07, 0xC0, 0x03, 0xC0,
    0x03, 0x80, 0x1F, 0xF8, 0x1F, 0xF8, 0x03, 0x80, 0x03, 0x80, 0x03, 0x80, 0x03, 0x80, 0xE0, 0x3F,
    0x01, 0xDC, 0x1C, 0xE0, 0xE3, 0x87, 0x1C, 0x70, 0xE3, 0x83, 0x9C, 0x1D, 0xC0, 0xFE, 0x03, 0xF0,
    0x1F, 0x00, 0x78, 0x03, 0xC0, 0xFF, 0x87, 0xFC, 0x07, 0x00, 0x38, 0x01, 0xC0, 0x0E, 0x00, 0x70,
    0x0E, 0x1C, 0x0E, 0x0F, 0x07, 0x03, 0x87, 0x00, 0xE7, 0x00, 0x7B, 0x80, 0x1F, 0x80, 0x07, 0x80,
    0x03, 0xC0, 0x01, 0xE0, 0x01, 0xF8, 0x00, 0xFE, 0x00, 0xE7, 0x00, 0xE1, 0xC0, 0x70, 0xE0, 0x70,
    0x38, 0x78, 0x1F, 0xB8, 0x07, 0xC0, 0x00, 0xE0, 0x00, 0x70, 0x00, 0x38, 0x00, 0x1C, 0x00, 0x0E,
    0xF0, 0x71, 0xC3, 0xC3, 0x8E, 0x0F, 0x70, 0x1F, 0xC0, 0x3E, 0x00, 0xF0, 0x03, 0xE0, 0x1F, 0x80,
    0x77, 0x03, 0x9E, 0x1E, 0x38, 0x70, 0x7F, 0x81, 0xF0, 0x01, 0xC0, 0x07, 0x00, 0x1C, 0x00, 0x70,
    0x01, 0xC0, 0xFF, 0xF8, 0xE7, 0xFF, 0xC7, 0x01, 0xC0, 0x38, 0x0E, 0x01, 0xC0, 0x70, 0x0E, 0x03,
    0x80, 0x70, 0x1C, 0x03, 0x80, 0xE0, 0x1C, 0x07, 0x00, 0xE0, 0x38, 0x07, 0x01, 0xC0, 0x38, 0x0E,
    0x01, 0xC0, 0x70, 0x0E, 0x03, 0x80, 0x70, 0x1C, 0x03, 0x80, 0xE0, 0x1C, 0x07, 0xFF, 0xF8, 0x3F,
    0xFF, 0xC0, 0x00, 0x0E, 0x00, 0x00, 0x70, 0x00, 0x03, 0x80, 0x00, 0x1C, 0x00, 0x00, 0xE0, 0xFF,
    0xC7, 0x3F, 0xF1, 0xC1, 0xC0, 0x70, 0x70, 0x1C, 0x1C, 0x07, 0x07, 0x01, 0xC1, 0xC0, 0x70, 0x70,
    0x1C, 0x1C, 0x07, 0x07, 0x01, 0xC1, 0xC0, 0x70, 0x70, 0x1C, 0x1F, 0xFF, 0xC7, 0xFF, 0xF0, 0x00,
    0x1C, 0x00, 0x07, 0x00, 0x01, 0xC0, 0x00, 0x70, 0x00, 0x1C, 0x00, 0x00, 0xE0, 0x38, 0xE0, 0x38,
    0xE0, 0x38, 0xE0, 0x38, 0xE0, 0x38, 0xE0, 0x38, 0xE0, 0x38, 0xE0, 0x38, 0xE0, 0x38, 0xF1, 0xF8,
    0x7F, 0xF8, 0x3F, 0xF8, 0x00, 0x38, 0x00, 0x38, 0x00, 0x38, 0x00, 0x38, 0x00, 0x3F, 0x00, 0x3F,
    0x00, 0x07, 0x00, 0x07, 0x00, 0x07, 0x00, 0x07, 0x00, 0x07, 0xE0, 0x73, 0x81, 0xCE, 0x07, 0x38,
    0x1C, 0xE0, 0x73, 0x81, 0xCE, 0x0F, 0x3C, 0xFC, 0x7F, 0xF0, 0xFD, 0xC0, 0x07, 0x00, 0x1C, 0x00,
    0x7C, 0x01, 0xF0, 0x01, 0xC0, 0x07, 0x00, 0x1C, 0x00, 0x70, 0x01, 0xC0, 0xE0, 0x3F, 0x01, 0xF8,
    0x0F, 0xC0, 0x7E, 0x03, 0xF3, 0x1F, 0x98, 0xFC, 0xC7, 0xE6, 0x3F, 0xBF, 0xDF, 0xFE, 0x7F, 0xF0,
    0x63, 0x83, 0x1C, 0x18, 0xE0, 0x07, 0x00, 0x38, 0x01, 0xC0, 0xE0, 0x7E, 0x07, 0xE0, 0x7E, 0x07,
    0xEC, 0x7E, 0xC7, 0xEC, 0xFF, 0xFF, 0x7F, 0xF3, 0xF7, 0x0C, 0x70, 0xC7, 0x00, 0x70, 0x07, 0xE0,
    0x07, 0x00, 0x38, 0x01, 0xC0, 0x0E, 0x00, 0x70, 0x03, 0xFF, 0x9F, 0xFE, 0xFC, 0x7F, 0x01, 0xF8,
    0x0F, 0xC0, 0x7E, 0x03, 0xF0, 0x1F, 0x80, 0xFC, 0x07, 0xE0, 0x3F, 0x01, 0xC0, 0xE0, 0x0E, 0x00,
    0xE0, 0x0E, 0x00, 0xE0, 0x0F, 0xFC, 0xFF, 0xEF, 0x9E, 0xE0, 0xFE, 0x07, 0xE0, 0x7E, 0x07, 0xE0,
    0x7E, 0x07, 0xE0, 0x7E, 0x07, 0xE0, 0x7E, 0x07, 0xE0, 0x70, 0x01, 0xFF, 0x00, 0x7F, 0xF0, 0x1F,
    0x0F, 0x07, 0x80, 0xFC, 0xE0, 0x0F, 0xDC, 0x01, 0xFF, 0x00, 0x3F, 0xFF, 0xFF, 0x7F, 0xFF, 0xE3,
    0x80, 0x00, 0x70, 0x00, 0x07, 0x00, 0x00, 0xE0, 0x00, 0x1C, 0x00, 0x01, 0xC0, 0x00, 0x3E, 0x0E,
    0x03, 0xFF, 0xC0, 0x1F, 0xF8, 0x03, 0xF8, 0x1F, 0xF8, 0x3C, 0x7F, 0xE0, 0x7F, 0xC0, 0xFF, 0xFF,
    0xFF, 0xFF, 0x8E, 0x00, 0x1C, 0x00, 0x38, 0x00, 0x78, 0x00, 0x78, 0x70, 0x7F, 0xE0, 0x7F, 0x80,
    0x00, 0xFF, 0x00, 0x7F, 0xF0, 0x1F, 0x1F, 0x03, 0x80, 0xE0, 0xE0, 0x0F, 0xDC, 0x01, 0xFF, 0x80,
    0x3F, 0xE0, 0x07, 0xFF, 0xFF, 0xEF, 0xFF, 0xFC, 0x70, 0x00, 0x0F, 0x00, 0x00, 0xE0, 0x00, 0x1C,
    0x00, 0x03, 0xC0, 0x00, 0x3E, 0x0E, 0x03, 0xFF, 0xC0, 0x1F, 0xF8, 0x00, 0xE0, 0x00, 0x1C, 0x00,
    0x03, 0x80, 0x00, 0x70, 0x00, 0x0E, 0x00, 0x03, 0xF0, 0x0F, 0xF8, 0x3C, 0x77, 0xF0, 0x7F, 0xC0,
    0xFF, 0x81, 0xFF, 0xFF, 0xBF, 0xFF, 0x1C, 0x00, 0x38, 0x00, 0x70, 0x00, 0x78, 0x70, 0xFF, 0xE0,
    0x7F, 0x80, 0x38, 0x00, 0x70, 0x00, 0xE0, 0x01, 0xC0, 0x03, 0x80, 0xFF, 0xF3, 0x8E, 0x38, 0xE3,
    0x8E, 0x38, 0xE3, 0x8E, 0x38, 0xE3, 0x8E, 0xFF, 0xF0, 0x00, 0xC7, 0x00, 0x01, 0xCE, 0x00, 0x03,
    0xF8, 0x00, 0x03, 0xF0, 0x00, 0x00, 0x00, 0x00, 0x00, 0x00, 0x1C, 0x0E, 0x07, 0x1C, 0x1C, 0x0E,
    0x1C, 0x38, 0x38, 0x38, 0x70, 0xE0, 0x38, 0xE1, 0xC0, 0x39, 0xC7, 0x00, 0x7B, 0x9C, 0x00, 0x7F,
    0xF8, 0x00, 0xFF, 0xF0, 0x03, 0xDC, 0xE0, 0x07, 0x38, 0xE0, 0x1E, 0x71, 0xC0, 0x38, 0xE1, 0xC0,
    0xE1, 0xC3, 0xC3, 0xC3, 0x83, 0x87, 0x07, 0x07, 0x9E, 0x0E, 0x07, 0x38, 0x1C, 0x07, 0x03, 0x8C,
    0x00, 0x3D, 0xC0, 0x01, 0xF8, 0x00, 0x0F, 0x00, 0x00, 0x00, 0x07, 0x07, 0x0E, 0x38, 0x71, 0xC3,
    0x87, 0x1C, 0x1C, 0x73, 0x80, 0xE7, 0x30, 0x0E, 0x77, 0x00, 0x7F, 0xE0, 0x07, 0xFE, 0x00, 0xE7,
    0x70, 0x1E, 0x73, 0x81, 0xC7, 0x38, 0x38, 0x71, 0xC7, 0x87, 0x1E, 0x70, 0x70, 0xE0, 0xE0, 0x7B,
    0x83, 0xCE, 0x1E, 0x38, 0xF0, 0xE7, 0x83, 0x9C, 0x0E, 0xE0, 0x3F, 0x00, 0xFF, 0xC3, 0xFF, 0xCE,
    0x1F, 0xB8, 0x1E, 0xE0, 0x3F, 0x80, 0x7E, 0x01, 0xF8, 0x07, 0xE0, 0x1F, 0x80, 0x70, 0x01, 0xC0,
    0x07, 0x00, 0x38, 0x63, 0xE1, 0xFF, 0x07, 0xF8, 0xE1, 0xDC, 0x73, 0x9E, 0x77, 0x8F, 0xE1, 0xF8,
    0x3F, 0xC7, 0xFE, 0xE3, 0xDC, 0x3F, 0x83, 0xF0, 0x7E, 0x0F, 0xC1, 0xC0, 0x38, 0x07, 0x00, 0xE2,
    0x38, 0xFF, 0x0F, 0xC0, 0x07, 0xFF, 0x01, 0xFF, 0xC0, 0x70, 0x70, 0x1C, 0x1C, 0x0E, 0x07, 0x03,
    0x81, 0xC0, 0xE0, 0x70, 0x38, 0x1C, 0x0E, 0x07, 0x03, 0x81, 0xC0, 0xE0, 0x70, 0x70, 0x1C, 0x1C,
    0x07, 0x07, 0x01, 0xC1, 0xC0, 0x70, 0xE0, 0x1C, 0xF8, 0x07, 0xFC, 0x01, 0xF0, 0x00, 0x18, 0x00,
    0x0E, 0x00, 0x03, 0x80, 0x00, 0xE0, 0x00, 0x70, 0x0F, 0xF8, 0x1F, 0xF0, 0x70, 0xE0, 0xE1, 0xC1,
    0xC3, 0x83, 0x87, 0x07, 0x0E, 0x0E, 0x1C, 0x1C, 0x38, 0x70, 0x70, 0xE0, 0xE3, 0xC1, 0xCF, 0x03,
    0xFC, 0x07, 0xC0, 0x03, 0x00, 0x0E, 0x00, 0x1C, 0x00, 0x38, 0x00, 0x70, 0xE0, 0x1F, 0x80, 0x7E,
    0x01, 0xF8, 0x07, 0xE0, 0x1F, 0x80, 0x7E, 0x01, 0xFF, 0xFF, 0xFF, 0xFF, 0x80, 0x7E, 0x01, 0xF8,
    0x07, 0xE0, 0x1F, 0x80, 0x7E, 0x01, 0xF8, 0x07, 0xE0, 0x1F, 0x80, 0x70, 0x01, 0xC0, 0x07, 0x00,
    0x3C, 0x61, 0xE1, 0xFF, 0x07, 0xF8, 0xE0, 0x7E, 0x07, 0xE0, 0x7E, 0x07, 0xE0, 0x7E, 0x07, 0xFF,
    0xFF, 0xFF, 0xE0, 0x7E, 0x07, 0xE0, 0x7E, 0x07, 0xE0, 0x7E, 0x07, 0x00, 0x70, 0x07, 0x00, 0x70,
    0x8F, 0x0F, 0xE0, 0xFC, 0xE0, 0x1C, 0x70, 0x0E, 0x38, 0x07, 0x1C, 0x03, 0x8E, 0x01, 0xC7, 0x00,
    0xE3, 0x80, 0x71, 0xFF, 0xF8, 0xFF, 0xFC, 0x70, 0x0E, 0x38, 0x07, 0x1C, 0x03, 0x8E, 0x01, 0xC7,
    0x00, 0xE3, 0x80, 0x71, 0xC0, 0x38, 0xE0, 0x1F, 0xF0, 0x0F, 0x80, 0x01, 0xC0, 0x00, 0xE0, 0x00,
    0x70, 0x00, 0x70, 0x00, 0x38, 0xE0, 0x71, 0xC0, 0xE3, 0x81, 0xC7, 0x03, 0x8E, 0x07, 0x1C, 0x0E,
    0x3F, 0xFC, 0x7F, 0xF8, 0xE0, 0x71, 0xC0, 0xE3, 0x81, 0xC7, 0x03, 0x8E, 0x07, 0xFC, 0x0F, 0x80,
    0x07, 0x00, 0x0E, 0x00, 0x1C, 0x00, 0x70, 0x00, 0xE0, 0xE0, 0x3F, 0x01, 0xF8, 0x0F, 0xC0, 0x7E,
    0x03, 0xF0, 0x1F, 0x80, 0xFC, 0x07, 0xE0, 0x3F, 0x8F, 0xDF, 0xFE, 0x7F, 0xF0, 0x03, 0x80, 0x1C,
    0x00, 0xE0, 0x07, 0x00, 0xF8, 0x07, 0xC0, 0x38, 0x01, 0xC0, 0x0E, 0x00, 0x70, 0x03, 0x80, 0xE0,
    0x7E, 0x07, 0xE0, 0x7E, 0x07, 0xE0, 0x7E, 0x07, 0xE0, 0xFF, 0x3F, 0x7F, 0xF3, 0xF7, 0x00, 0x70,
    0x07, 0x01, 0xF0, 0x1F, 0x01, 0xC0, 0x1C, 0x01, 0xC0, 0x1C, 0x01, 0xC0, 0xF0, 0x03, 0xC7, 0xC0,
    0x1E, 0x3E, 0x01, 0xF1, 0xF0, 0x0F, 0x8F, 0xC0, 0x7C, 0x7E, 0x07, 0xE3, 0xB0, 0x37, 0x1D, 0xC3,
    0xB8, 0xEE, 0x1D, 0xC7, 0x30, 0xCE, 0x39, 0xCE, 0x71, 0xCE, 0x73, 0x8E, 0x3B, 0x1C, 0x71, 0xF8,
    0xE3, 0x8F, 0xC7, 0x1C, 0x3C, 0x38, 0xE1, 0xE1, 0xFF, 0x06, 0x0F, 0x80, 0x00, 0x1C, 0x00, 0x00,
    0xE0, 0x00, 0x07, 0x00, 0x00, 0x70, 0x00, 0x03, 0x80, 0xF0, 0x1E, 0x78, 0x1F, 0x3C, 0x0F, 0x9F,
    0x0F, 0xCF, 0x87, 0xE7, 0xE3, 0x73, 0xF3, 0xB9, 0xD9, 0xDC, 0xEE, 0xCE, 0x77, 0xE7, 0x39, 0xF3,
    0x9C, 0xF1, 0xCE, 0x78, 0xFF, 0x1C, 0x7C, 0x00, 0x0C, 0x00, 0x0E, 0x00, 0x07, 0x00, 0x03, 0x80,
    0x03, 0xC0, 0xFF, 0xF3, 0x8E, 0x38, 0xE3, 0x8E, 0x38, 0xE3, 0x8E, 0x38, 0xE3, 0x8E, 0xFF, 0xF0,
    0x0E, 0x70, 0x0F, 0xF0, 0x07, 0xE0, 0x00, 0x00, 0x00, 0x00, 0x03, 0xC0, 0x03, 0xC0, 0x03, 0xC0,
    0x07, 0xE0, 0x07, 0xE0, 0x0E, 0x70, 0x0E, 0x70, 0x0E, 0x70, 0x1C, 0x38, 0x1C, 0x38, 0x1F, 0xF8,
    0x3F, 0xFC, 0x38, 0x1C, 0x70, 0x0E, 0x70, 0x0E, 0x70, 0x0E, 0xE0, 0x07, 0xE0, 0x07, 0x39, 0xC7,
    0xF8, 0x7E, 0x00, 0x00, 0x00, 0x7F, 0x9F, 0xF9, 0x8F, 0x00, 0xE0, 0x1C, 0x7F, 0xBF, 0xFF, 0x8F,
    0xC1, 0xF8, 0x3F, 0x07, 0xE3, 0xFF, 0xFD, 0xFD, 0x80, 0x06, 0x70, 0x03, 0xB8, 0x01, 0x8C, 0x00,
    0x00, 0x00, 0x00, 0x00, 0x0E, 0x00, 0x07, 0x80, 0x07, 0xC0, 0x03, 0xE0, 0x03, 0xB8, 0x01, 0xDC,
    0x00, 0xC6, 0x00, 0xE3, 0x80, 0x71, 0xC0, 0x70, 0x70, 0x3F, 0xF8, 0x1F, 0xFC, 0x1C, 0x07, 0x0E,
    0x03, 0x86, 0x00, 0xE7, 0x00, 0x73, 0x80, 0x3B, 0x80, 0x0E, 0x19, 0x87, 0x38, 0x66, 0x00, 0x03,
    0xFC, 0xFF, 0xCC, 0x78, 0x07, 0x00, 0xE7, 0xFD, 0xFF, 0xFC, 0x7E, 0x0F, 0xC1, 0xF8, 0x3F, 0x9F,
    0xFF, 0xEF, 0xCC, 0x00, 0x7F, 0xFC, 0x03, 0xFF, 0xF0, 0x0E, 0xE0, 0x00, 0x73, 0x80, 0x01, 0xCE,
    0x00, 0x0E, 0x38, 0x00, 0x38, 0xE0, 0x01, 0xC3, 0xFE, 0x07, 0x0F, 0xF8, 0x38, 0x38, 0x00, 0xFF,
    0xE0, 0x07, 0xFF, 0x80, 0x1C, 0x0E, 0x00, 0xE0, 0x38, 0x03, 0x80, 0xE0, 0x0E, 0x03, 0x80, 0x70,
    0x0F, 0xFD, 0xC0, 0x3F, 0xF0, 0x3F, 0x9F, 0x87, 0xFF, 0xFC, 0x71, 0xF1, 0xE0, 0x0E, 0x0E, 0x00,
    0xE0, 0x73, 0xFF, 0xFF, 0x7F, 0xFF, 0xFF, 0x8E, 0x00, 0xE0, 0xE0, 0x0E, 0x1E, 0x00, 0xE1, 0xF0,
    0x0E, 0x3F, 0x86, 0xFF, 0x3F, 0xE7, 0xE1, 0xFE, 0x73, 0x8F, 0xE3, 0xF0, 0x00, 0x00, 0x3F, 0xFF,
    0xFF, 0x80, 0xE0, 0x38, 0x0E, 0x03, 0x80, 0xFF, 0xFF, 0xFE, 0x03, 0x80, 0xE0, 0x38, 0x0E, 0x03,
    0x80, 0xE0, 0x3F, 0xFF, 0xFC, 0x39, 0xC3, 0xFC, 0x1F, 0x80, 0x00, 0x00, 0x01, 0xF8, 0x3F, 0xC7,
    0x1E, 0xE0, 0xEE, 0x07, 0xFF, 0xFF, 0xFF, 0xE0, 0x0E, 0x00, 0xE0, 0x0F, 0x00, 0x78, 0x63, 0xFE,
    0x1F, 0xE0, 0x7F, 0xE0, 0x7F, 0xF8, 0x70, 0x7C, 0x00, 0x1C, 0x00, 0x0E, 0x00, 0x0E, 0x00, 0x0E,
    0x00, 0x07, 0xFF, 0xFF, 0xFF, 0xFF, 0xE0, 0x07, 0xE0, 0x0E, 0xE0, 0x0E, 0xE0, 0x0E, 0x70, 0x1C,
    0x7C, 0x7C, 0x3F, 0xF8, 0x1F, 0xE0, 0x7F, 0x0F, 0xFC, 0xE3, 0xE0, 0x0E, 0x00, 0xE0, 0x07, 0xFF,
    0xFF, 0xFF, 0xE0, 0x7E, 0x0E, 0xE0, 0xE7, 0x1E, 0x7F, 0xC3, 0xF8, 0x0C, 0x60, 0x1C, 0xE0, 0x0C,
    0x60, 0x00, 0x00, 0x00, 0x00, 0x00, 0x00, 0x7F, 0xE0, 0x7F, 0xF8, 0x70, 0x7C, 0x00, 0x1C, 0x00,
    0x0E, 0x00, 0x0E, 0x00, 0x0E, 0x00, 0x07, 0xFF, 0xFF, 0xFF, 0xFF, 0xE0, 0x07, 0xE0, 0x0E, 0xE0,
    0x0E, 0xE0, 0x0E, 0x70, 0x1C, 0x7C, 0x7C, 0x3F, 0xF8, 0x1F, 0xE0, 0x33, 0x83, 0xB8, 0x31, 0x80,
    0x00, 0x7F, 0x0F, 0xFC, 0xE3, 0xE0, 0x0E, 0x00, 0xE0, 0x07, 0xFF, 0xFF, 0xFF, 0xE0, 0x7E, 0x0E,
    0xE0, 0xE7, 0x1E, 0x7F, 0xC3, 0xF8, 0x00, 0x66, 0x00, 0x01, 0xCE, 0x00, 0x01, 0x98, 0x00, 0x00,
    0x00, 0x00, 0x00, 0x00, 0x0E, 0x03, 0x03, 0x8E, 0x06, 0x07, 0x0E, 0x0C, 0x1C, 0x1C, 0x18, 0x70,
    0x1C, 0x30, 0xE0, 0x1C, 0x63, 0x80, 0x3C, 0xCE, 0x00, 0x3F, 0xFC, 0x00, 0x7F, 0xF8, 0x01, 0xE6,
    0x70, 0x03, 0x8C, 0x70, 0x0F, 0x18, 0xE0, 0x1C, 0x30, 0xE0, 0x70, 0x61, 0xE1, 0xE0, 0xC1, 0xC3,
    0x81, 0x83, 0xCF, 0x03, 0x03, 0x9C, 0x06, 0x03, 0x80, 0x03, 0x38, 0x00, 0x77, 0x00, 0x0C, 0x60,
    0x00, 0x00, 0x07, 0x0E, 0x1C, 0xE1, 0xC3, 0x8E, 0x38, 0xE1, 0xC7, 0x1C, 0x1C, 0xE7, 0x01, 0xDD,
    0xC0, 0x3F, 0xF8, 0x07, 0xFF, 0x01, 0xEE, 0xF0, 0x39, 0xCE, 0x0E, 0x38, 0xE1, 0xC7, 0x1E, 0x70,
    0xE1, 0xDE, 0x1C, 0x3C, 0x31, 0x83, 0xB8, 0x31, 0x80, 0x00, 0x00, 0x00, 0x00, 0xFF, 0x8F, 0xFE,
    0xE1, 0xE0, 0x0F, 0x00, 0x70, 0x0E, 0x01, 0xE3, 0xFC, 0x3F, 0xC0, 0x3E, 0x00, 0x70, 0x07, 0x00,
    0x70, 0x07, 0x00, 0x7E, 0x1F, 0xFF, 0xEF, 0xF8, 0x33, 0x87, 0x70, 0xC6, 0x00, 0x07, 0xF9, 0xFF,
    0x98, 0x78, 0x07, 0x01, 0xE0, 0x78, 0xFE, 0x1F, 0xE0, 0x1E, 0x01, 0xC0, 0x3F, 0x0F, 0xFF, 0xFF,
    0xF0, 0x7F, 0xF3, 0xFF, 0x80, 0x3C, 0x03, 0xC0, 0x38, 0x03, 0x80, 0x38, 0x03, 0xF8, 0x1F, 0xF0,
    0x0F, 0xC0, 0x0E, 0x00, 0x70, 0x03, 0x80, 0x1C, 0x00, 0xFC, 0x1E, 0xFF, 0xF3, 0xFE, 0x00, 0x7F,
    0xE7, 0xFE, 0x00, 0xE0, 0x1C, 0x03, 0x80, 0x70, 0x0E, 0x01, 0xE0, 0x1F, 0x81, 0xFE, 0x01, 0xE0,
    0x0F, 0x00, 0x70, 0x07, 0x00, 0x70, 0x07, 0x00, 0xFE, 0x1E, 0xFF, 0xC7, 0xF8, 0x0F, 0xE0, 0x3F,
    0x80, 0x00, 0x00, 0x00, 0xE0, 0x1F, 0x80, 0xFE, 0x03, 0xF8, 0x1F, 0xE0, 0xFF, 0x83, 0x7E, 0x1D,
    0xF8, 0x67, 0xE3, 0x9F, 0x9C, 0x7E, 0x61, 0xFB, 0x87, 0xEC, 0x1F, 0xF0, 0x7F, 0x81, 0xFE, 0x07,
    0xF0, 0x1F, 0x80, 0x70, 0x3F, 0x83, 0xF8, 0x00, 0x0E, 0x0F, 0xE1, 0xFE, 0x1F, 0xE3, 0xFE, 0x37,
    0xE7, 0x7E, 0x67, 0xEE, 0x7F, 0xC7, 0xFC, 0x7F, 0x87, 0xF8, 0x7F, 0x07, 0xF0, 0x70, 0x0C, 0xC0,
    0x73, 0x80, 0xCC, 0x00, 0x00, 0x00, 0x03, 0x80, 0x7E, 0x03, 0xF8, 0x0F, 0xE0, 0x7F, 0x83, 0xFE,
    0x0D, 0xF8, 0x77, 0xE1, 0x9F, 0x8E, 0x7E, 0x71, 0xF9, 0x87, 0xEE, 0x1F, 0xB0, 0x7F, 0xC1, 0xFE,
    0x07, 0xF0, 0x1F, 0xC0, 0x7E, 0x01, 0xC0, 0x3B, 0x83, 0xB8, 0x31, 0x80, 0x00, 0xE0, 0xFE, 0x1F,
    0xE1, 0xFE, 0x3F, 0xE3, 0x7E, 0x77, 0xE6, 0x7E, 0xE7, 0xFC, 0x7F, 0xC7, 0xF8, 0x7F, 0x87, 0xF0,
    0x7F, 0x07, 0x06, 0x30, 0x07, 0x38, 0x01, 0x8C, 0x00, 0x00, 0x00, 0x00, 0x00, 0x00, 0x00, 0x3F,
    0xC0, 0x3F, 0xF8, 0x3C, 0x3E, 0x3C, 0x07, 0x3C, 0x01, 0xDC, 0x00, 0xEE, 0x00, 0x77, 0x00, 0x1F,
    0x80, 0x0F, 0xC0, 0x07, 0xE0, 0x03, 0xF0, 0x03, 0xB8, 0x01, 0xDE, 0x00, 0xE7, 0x80, 0xE1, 0xE1,
    0xF0, 0x7F, 0xF0, 0x1F, 0xE0, 0x19, 0xC1, 0xCE, 0x06, 0x30, 0x00, 0x01, 0xFC, 0x3F, 0xF1, 0xE3,
    0xDC, 0x0E, 0xE0, 0x77, 0x01, 0xF8, 0x0F, 0xC0, 0x7E, 0x03, 0xF0, 0x3B, 0xC1, 0xCF, 0x1E, 0x3F,
    0xE0, 0xFE, 0x00, 0x0F, 0xF0, 0x0F, 0xFE, 0x0F, 0x0F, 0x8E, 0x01, 0xCE, 0x00, 0x77, 0x00, 0x3B,
    0x80, 0x0D, 0xFF, 0xFF, 0xFF, 0xFF, 0xF0, 0x01, 0xF8, 0x00, 0xFC, 0x00, 0xEE, 0x00, 0x77, 0x80,
    0x39, 0xE0, 0x38, 0x78, 0x7C, 0x1F, 0xFC, 0x07, 0xF8, 0x00, 0x1F, 0xC3, 0xFF, 0x1E, 0x3D, 0xC0,
    0xEE, 0x07, 0x70, 0x1F, 0xFF, 0xFF, 0xFF, 0xE0, 0x3F, 0x03, 0xB8, 0x1C, 0xF1, 0xE3, 0xFE, 0x0F,
    0xE0, 0x06, 0x30, 0x07, 0x38, 0x01, 0x8C, 0x00, 0x00, 0x00, 0x00, 0x00, 0x7F, 0x80, 0x7F, 0xF0,
    0x78, 0x7C, 0x70, 0x0E, 0x70, 0x03, 0xB8, 0x01, 0xDC, 0x00, 0x6F, 0xFF, 0xFF, 0xFF, 0xFF, 0x80,
    0x0F, 0xC0, 0x07, 0xE0, 0x07, 0x70, 0x03, 0xBC, 0x01, 0xCF, 0x01, 0xC3, 0xC3, 0xE0, 0xFF, 0xE0,
    0x3F, 0xC0, 0x18, 0xC1, 0xCE, 0x06, 0x30, 0x00, 0x01, 0xFC, 0x3F, 0xF1, 0xE3, 0xDC, 0x0E, 0xE0,
    0x77, 0x01, 0xFF, 0xFF, 0xFF, 0xFE, 0x03, 0xF0, 0x3B, 0x81, 0xCF, 0x1E, 0x3F, 0xE0, 0xFE, 0x00,
    0x31, 0x80, 0xEE, 0x03, 0x18, 0x00, 0x00, 0x00, 0x00, 0x00, 0x07, 0xFC, 0x3F, 0xF8, 0x61, 0xF0,
    0x01, 0xE0, 0x03, 0xC0, 0x07, 0x00, 0x1C, 0xFF, 0xF3, 0xFF, 0xC0, 0x07, 0x00, 0x1C, 0x00, 0x70,
    0x01, 0xC0, 0x0E, 0x00, 0x7B, 0x87, 0xCF, 0xFE, 0x3F, 0xF0, 0x67, 0x0E, 0xE1, 0x8C, 0x00, 0x0F,
    0xE1, 0xFF, 0x31, 0xF0, 0x0E, 0x01, 0xC0, 0x3D, 0xFF, 0xBF, 0xF0, 0x0E, 0x03, 0x80, 0x74, 0x3E,
    0xFF, 0x9F, 0xC0, 0x0F, 0xE0, 0x1F, 0xC0, 0x00, 0x00, 0x00, 0x0E, 0x00, 0xFE, 0x01, 0xDC, 0x07,
    0x3C, 0x0E, 0x38, 0x38, 0x78, 0x70, 0x71, 0xE0, 0xF3, 0x80, 0xE7, 0x01, 0xDC, 0x01, 0xF8, 0x03,
    0xE0, 0x03, 0xC0, 0x07, 0x00, 0x0E, 0x00, 0x38, 0x03, 0xF0, 0x07, 0xC0, 0x00, 0x1F, 0xC0, 0xFE,
    0x00, 0x00, 0x00, 0x0E, 0x03, 0xF8, 0x39, 0xC1, 0xCE, 0x0E, 0x38, 0xE1, 0xC7, 0x0E, 0x38, 0x3B,
    0x81, 0xDC, 0x0E, 0xE0, 0x3E, 0x01, 0xF0, 0x07, 0x80, 0x38, 0x01, 0xC0, 0x0C, 0x00, 0xE0, 0x0F,
    0x03, 0xF0, 0x1F, 0x00, 0x0C, 0x60, 0x0E, 0xE0, 0x0C, 0x60, 0x00, 0x00, 0x00, 0x00, 0x00, 0x00,
    0xE0, 0x0E, 0xF0, 0x0E, 0x70, 0x1C, 0x78, 0x1C, 0x38, 0x3C, 0x3C, 0x38, 0x1C, 0x38, 0x1E, 0x70,
    0x0E, 0x70, 0x0E, 0xE0, 0x07, 0xE0, 0x07, 0xC0, 0x03, 0xC0, 0x03, 0xC0, 0x03, 0x80, 0x07, 0x00,
    0x3F, 0x00, 0x3E, 0x00, 0x19, 0xC0, 0xEE, 0x06, 0x30, 0x00, 0x0E, 0x03, 0xF0, 0x1D, 0xC1, 0xCE,
    0x0E, 0x38, 0x71, 0xC7, 0x0E, 0x38, 0x39, 0x81, 0xDC, 0x0E, 0xE0, 0x3E, 0x01, 0xF0, 0x07, 0x80,
    0x38, 0x01, 0xC0, 0x0E, 0x00, 0xE0, 0x0F, 0x03, 0xF0, 0x1F, 0x00, 0x01, 0xDC, 0x03, 0x9C, 0x03,
    0x38, 0x07, 0x70, 0x00, 0x00, 0x00, 0x00, 0xE0, 0x07, 0xF0, 0x0E, 0x70, 0x0E, 0x78, 0x1C, 0x38,
    0x1C, 0x1C, 0x38, 0x1C, 0x38, 0x0E, 0x38, 0x0E, 0x70, 0x07, 0x70, 0x07, 0xE0, 0x03, 0xE0, 0x03,
    0xC0, 0x01, 0xC0, 0x03, 0x80, 0x07, 0x80, 0x3F, 0x00, 0x3E, 0x00, 0x03, 0xB8, 0x1D, 0xE0, 0xE7,
    0x03, 0x38, 0x00, 0x00, 0x00, 0x07, 0x01, 0xDC, 0x0E, 0x70, 0x38, 0xE1, 0xE3, 0x87, 0x07, 0x1C,
    0x1C, 0xE0, 0x73, 0x80, 0xEE, 0x03, 0xF0, 0x0F, 0xC0, 0x1F, 0x00, 0x78, 0x00, 0xE0, 0x03, 0x80,
    0x1C, 0x00, 0x70, 0x03, 0x80, 0x7E, 0x01, 0xF0, 0x00, 0x19, 0xC1, 0xCE, 0x06, 0x30, 0x00, 0x00,
    0x00, 0x70, 0x1F, 0x80, 0xFC, 0x07, 0xE0, 0x3F, 0x01, 0xF8, 0x0F, 0xC0, 0x7E, 0x03, 0xF8, 0x7D,
    0xFF, 0xE7, 0xFF, 0x00, 0x38, 0x01, 0xC0, 0x0E, 0x00, 0x70, 0x03, 0x80, 0x1C, 0x00, 0xE0, 0x33,
    0x83, 0xB8, 0x31, 0x80, 0x00, 0xE0, 0x7E, 0x07, 0xE0, 0x7E, 0x07, 0xE0, 0x7E, 0x07, 0xF1, 0xF7,
    0xFF, 0x3F, 0xF0, 0x07, 0x00, 0x70, 0x07, 0x00, 0x70, 0x07, 0xFF, 0xFF, 0xFF, 0x80, 0x70, 0x0E,
    0x01, 0xC0, 0x38, 0x07, 0x00, 0xE0, 0x1C, 0x03, 0x80, 0x70, 0x0E, 0x01, 0xC0, 0x38, 0x07, 0x00,
    0xF8, 0x1F, 0x00, 0xE0, 0x1C, 0x03, 0x80, 0x70, 0x0E, 0x00, 0xFF, 0xFF, 0xE0, 0xE0, 0xE0, 0xE0,
    0xE0, 0xE0, 0xE0, 0xE0, 0xE0, 0xE0, 0xF8, 0xF8, 0x38, 0x38, 0x38, 0x38, 0x38, 0x06, 0x70, 0x07,
    0x38, 0x01, 0x8C, 0x00, 0x00, 0x00, 0x00, 0x07, 0x00, 0x1F, 0x80, 0x0F, 0xC0, 0x07, 0xE0, 0x03,
    0xF0, 0x01, 0xF8, 0x00, 0xFC, 0x00, 0x7F, 0xF8, 0x3F, 0xFE, 0x1F, 0x87, 0x8F, 0xC1, 0xC7, 0xE0,
    0x73, 0xF0, 0x39, 0xF8, 0x1C, 0xFC, 0x1C, 0x7E, 0x3E, 0x3F, 0xFE, 0x1F, 0xFE, 0x0E, 0x0C, 0xE0,
    0x1D, 0xC0, 0x31, 0x80, 0x00, 0x0E, 0x00, 0xFC, 0x01, 0xF8, 0x03, 0xF0, 0x07, 0xE0, 0x0F, 0xFE,
    0x1F, 0xFF, 0x3F, 0x1E, 0x7E, 0x1E, 0xFC, 0x1D, 0xF8, 0x7B, 0xF1, 0xE7, 0xFF, 0xCF, 0xFF, 0x1C,
    0x7F, 0xF7, 0xFF, 0x70, 0x07, 0x00, 0x70, 0x07, 0x00, 0x70, 0x07, 0x00, 0xFF, 0x8F, 0xF8, 0x70,
    0x07, 0x00, 0x70, 0x07, 0x00, 0x70, 0x07, 0x00, 0x7E, 0x07, 0xE0, 0x0E, 0x00, 0xE0, 0x1E, 0x07,
    0xC0, 0x7C, 0x00, 0x7F, 0xDF, 0xF7, 0x01, 0xC0, 0x70, 0x1C, 0x0F, 0xF3, 0xFC, 0x70, 0x1C, 0x07,
    0x01, 0xC0, 0x7E, 0x1F, 0x80, 0xE0, 0x38, 0x1E, 0x1F, 0x07, 0xC0, 0x70, 0x0E, 0x1C, 0x0E, 0x0F,
    0x0F, 0x03, 0x87, 0x00, 0xE7, 0x00, 0x73, 0x80, 0x1F, 0x80, 0x07, 0x80, 0x03, 0xC0, 0x01, 0xE0,
    0x01, 0xF8, 0x01, 0xFE, 0x00, 0xE7, 0x00, 0xE1, 0xC0, 0x70, 0xF0, 0x70, 0x38, 0x78, 0x1F, 0xB8,
    0x07, 0xC0, 0x00, 0xE0, 0x00, 0x70, 0x00, 0x78, 0x00, 0xF8, 0x00, 0x7C, 0xE0, 0x71, 0xC3, 0xC7,
    0x8E, 0x0E, 0x70, 0x1F, 0xC0, 0x3E, 0x00, 0xF0, 0x03, 0xC0, 0x1F, 0x80, 0x7F, 0x03, 0x9C, 0x1E,
    0x38, 0x70, 0xFF, 0x81, 0xF0, 0x01, 0xC0, 0x07, 0x00, 0x3C, 0x03, 0xE0, 0x0F, 0x80, 0x70, 0x0E,
    0x38, 0x1C, 0x3C, 0x3C, 0x1C, 0x38, 0x0E, 0x70, 0x0F, 0xF0, 0x07, 0xE0, 0x3F, 0xFC, 0x3F, 0xFC,
    0x07, 0xE0, 0x07, 0xE0, 0x0E, 0x70, 0x0E, 0x70, 0x1C, 0x38, 0x3C, 0x3C, 0x38, 0x1C, 0x70, 0x0E,
    0xF0, 0x0F, 0xE0, 0x77, 0x0E, 0x79, 0xC3, 0x9C, 0x1F, 0x81, 0xF8, 0x7F, 0xE7, 0xFE, 0x1F, 0x81,
    0xF8, 0x39, 0xC7, 0x0E, 0x70, 0xEE, 0x07, 0x78, 0x0E, 0x78, 0x1C, 0x78, 0x38, 0x70, 0x70, 0x71,
    0xC3, 0xF3, 0x87, 0xFF, 0x1C, 0xFC, 0x38, 0xE0, 0xE1, 0xE1, 0xC1, 0xC3, 0x81, 0xC7, 0x03, 0xCE,
    0x03, 0x9C, 0x03, 0x80, 0x7F, 0x87, 0xFE, 0x00, 0xF0, 0x03, 0xC0, 0x0E, 0x00, 0x70, 0x03, 0x80,
    0x1C, 0x00, 0xE0, 0x07, 0x00, 0x38, 0x01, 0xC0, 0x0E, 0x7F, 0xFB, 0xFF, 0xC0, 0x7C, 0x3F, 0x03,
    0xC0, 0xE0, 0x70, 0x38, 0x1C, 0x0E, 0x07, 0x03, 0x83, 0xC3, 0xE3, 0xF7, 0xBB, 0x8E, 0x00, 0xFF,
    0xFF, 0xFF, 0x01, 0xC0, 0x1C, 0x01, 0xC0, 0x1C, 0x01, 0xC0, 0x1C, 0x01, 0xC0, 0x1C, 0x01, 0xC0,
    0x1C, 0x01, 0xC0, 0x1C, 0x01, 0xC0, 0xFF, 0xF3, 0xFF, 0xE0, 0x07, 0x80, 0x0F, 0x00, 0x1C, 0x00,
    0x77, 0x01, 0xDC, 0x07, 0x70, 0x1D, 0xC0, 0x77, 0x01, 0xDC, 0x07, 0x70, 0x1D, 0xC0, 0x77, 0x01,
    0xC0, 0x7F, 0xF1, 0xC7, 0x1C, 0x71, 0xC7, 0x1C, 0x71, 0xC7, 0x1C, 0x71, 0xC0, 0xFF, 0xFC, 0xF3,
    0x87, 0x0E, 0x1C, 0x38, 0x70, 0xE1, 0xC3, 0x87, 0x0E, 0x1E, 0x00, 0xFF, 0xF9, 0xFF, 0xF8, 0xE0,
    0xF1, 0xC0, 0xF3, 0x80, 0xE7, 0x01, 0xCE, 0x03, 0x9C, 0x07, 0x38, 0x0E, 0x70, 0x1C, 0xE0, 0x39,
    0xC0, 0x73, 0x80, 0xE7, 0x01, 0xCE, 0x03, 0x80, 0xE3, 0xE3, 0x8F, 0xCE, 0x07, 0xB8, 0x0E, 0xE0,
    0x3B, 0x80, 0x7E, 0x01, 0xF8, 0x07, 0xE0, 0x3F, 0x80, 0xEE, 0x03, 0xBC, 0x1E, 0x78, 0xF0, 0xFF,
    0x81, 0xFC, 0x00, 0x7F, 0xF1, 0xC7, 0x1C, 0x71, 0xC7, 0x18, 0xFF, 0x8F, 0xFC, 0x01, 0xE0, 0x0E,
    0x00, 0xF0, 0x07, 0x00, 0x70, 0x07, 0x00, 0x70, 0x07, 0x00, 0x70, 0x07, 0x00, 0x70, 0x07, 0x00,
    0x70, 0x07, 0x00, 0x70, 0x07, 0x00, 0x70, 0x07, 0xFE, 0x1F, 0xF0, 0x1E, 0x00, 0xE0, 0x1C, 0x03,
    0x80, 0x38, 0x07, 0x00, 0xE0, 0x3C, 0x07, 0x00, 0xE0, 0x79, 0xFF, 0x3F, 0x80, 0x00, 0x0E, 0x00,
    0xE0, 0x0E, 0x00, 0xE0, 0x0F, 0xFF, 0xFF, 0xE0, 0x0E, 0x00, 0xE0, 0x1C, 0x01, 0xC0, 0x1C, 0x03,
    0x80, 0x38, 0x03, 0x80, 0x70, 0x07, 0x00, 0x70, 0x0E, 0x00, 0xE0, 0xFF, 0xF9, 0xFF, 0xF8, 0xE0,
    0xF1, 0xC0, 0xF3, 0x80, 0xE7, 0x01, 0xCE, 0x03, 0x9C, 0x07, 0x38, 0x0E, 0x70, 0x1C, 0xE0, 0x39,
    0xC0, 0x73, 0x80, 0xE7, 0xFF, 0xCF, 0xFF, 0x80, 0x71, 0xF8, 0x73, 0xFC, 0x77, 0x3E, 0x3E, 0x0E,
    0x3C, 0x0E, 0x3C, 0x0F, 0x1C, 0x07, 0x38, 0x07, 0x38, 0x07, 0x38, 0x0E, 0x38, 0x0E, 0x38, 0x1E,
    0x70, 0x3C, 0x73, 0xFC, 0x73, 0xF0, 0x7F, 0xF1, 0xC7, 0x1C, 0x71, 0xC7, 0x1C, 0x71, 0xC7, 0x1C,
    0x71, 0xC7, 0x1C, 0x71, 0xC7, 0x79, 0xF8, 0x78, 0x70, 0xE1, 0xC3, 0x87, 0x0E, 0x1C, 0x38, 0x70,
    0xFF, 0xFF, 0x80, 0xFF, 0xF3, 0xFF, 0xE3, 0x83, 0xDC, 0x07, 0x70, 0x1D, 0xC0, 0x77, 0x01, 0xDC,
    0x07, 0x70, 0x1D, 0xC0, 0x77, 0x01, 0xDE, 0x0E, 0x3C, 0x78, 0xFF, 0xC0, 0xFE, 0x00, 0x00, 0x07,
    0x01, 0xDC, 0x0E, 0xE0, 0x77, 0x03, 0xB8, 0x1C, 0xE0, 0xE7, 0x0F, 0x38, 0x71, 0xC3, 0x8F, 0x1C,
    0x39, 0xC1, 0xDE, 0x0F, 0xE3, 0xFE, 0x1F, 0xC0, 0xE0, 0x00, 0x3F, 0x83, 0xFF, 0x3C, 0x79, 0xC1,
    0xEE, 0x07, 0x70, 0x3B, 0x80, 0xFE, 0x07, 0x78, 0x39, 0xC1, 0xC0, 0x0E, 0x00, 0x70, 0x03, 0x80,
    0x1C, 0x00, 0xE0, 0x07, 0x00, 0x38, 0x01, 0xC0, 0x0E, 0x00, 0x70, 0x3F, 0x83, 0xFF, 0x3C, 0x79,
    0xC0, 0xEE, 0x07, 0x70, 0x3B, 0x80, 0xFE, 0x07, 0x78, 0x39, 0xC3, 0x80, 0x1C, 0x01, 0xE0, 0x1E,
    0x7F, 0xE3, 0xFE, 0x00, 0x70, 0x73, 0x83, 0x9E, 0x1C, 0x70, 0xE3, 0xC7, 0x0E, 0x70, 0x73, 0x83,
    0xF8, 0x0F, 0xC0, 0x7C, 0x01, 0xC0, 0x0E, 0x00, 0x70, 0x03, 0xC0, 0x0E, 0x00, 0x70, 0x03, 0x80,
    0x1E, 0x00, 0x70, 0x03, 0x80, 0xE0, 0x77, 0x07, 0x78, 0x73, 0x87, 0x3C, 0xE1, 0xCE, 0x0F, 0xC0,
    0xFC, 0x07, 0x80, 0x38, 0x03, 0xC0, 0x1C, 0x01, 0xEF, 0xFE, 0xFF, 0xE0, 0xFF, 0xFF, 0xFF, 0xF0,
    0x03, 0x80, 0x0E, 0x00, 0x39, 0xC1, 0xC7, 0x07, 0x1C, 0x1C, 0x70, 0xE1, 0xC3, 0x87, 0x0E, 0x1C,
    0x38, 0x71, 0xC1, 0xC7, 0x07, 0x1C, 0x1C, 0x00, 0x70, 0x01, 0xC0, 0x07, 0x00, 0x1C, 0x00, 0xFF,
    0x9F, 0xF8, 0x0F, 0x00, 0xF0, 0x0E, 0x01, 0xC0, 0x38, 0x07, 0x00, 0xE0, 0x1C, 0x03, 0x80, 0x70,
    0x0E, 0x01, 0xC0, 0x38, 0xE3, 0x87, 0xE3, 0x87, 0xE3, 0x87, 0xE3, 0x87, 0xE3, 0x87, 0xE7, 0x87,
    0xEF, 0x07, 0xFF, 0x07, 0xFC, 0x07, 0xE0, 0x07, 0xF0, 0x0E, 0x70, 0x1E, 0x7C, 0x3C, 0x3F, 0xF8,
    0x0F, 0xF0, 0xFF, 0xF9, 0xFF, 0xF8, 0x70, 0xF0, 0xE0, 0xF1, 0xC0, 0xE3, 0x81, 0xC7, 0x03, 0x8E,
    0x07, 0x1C, 0x0E, 0x38, 0x1C, 0x70, 0x38, 0xE0, 0x73, 0x80, 0xFF, 0x01, 0xFC, 0x03, 0x80, 0x01,
    0xC0, 0x03, 0xC0, 0x03, 0xC0, 0x07, 0xE0, 0x07, 0xE0, 0x06, 0x60, 0x0E, 0x70, 0x0E, 0x70, 0x0C,
    0x38, 0x1C, 0x38, 0x1F, 0xF8, 0x3F, 0xFC, 0x38, 0x1C, 0x30, 0x0E, 0x70, 0x0E, 0x70, 0x0E, 0xE0,
    0x07, 0xE0, 0x07, 0x00, 0x00, 0x00, 0x00, 0x01, 0x80, 0x01, 0xC0, 0x01, 0x80, 0x3F, 0xCF, 0xFC,
    0xC7, 0x80, 0x70, 0x0E, 0x7F, 0xDF, 0xFF, 0xC7, 0xE0, 0xFC, 0x1F, 0x83, 0xF9, 0xFF, 0xFE, 0xFE,
    0xC0, 0x00, 0x30, 0x0E, 0x00, 0xC0, 0x03, 0xE0, 0x01, 0xF0, 0x00, 0x3C, 0x00, 0x1E, 0x00, 0x1E,
    0x00, 0x0C, 0x00, 0x06, 0x00, 0x00, 0x00, 0x01, 0xC0, 0x01, 0xE0, 0x00, 0xF8, 0x00, 0xFC, 0x00,
    0x77, 0x00, 0x3B, 0x80, 0x38, 0xC0, 0x1C, 0x70, 0x0C, 0x18, 0x0E, 0x0E, 0x07, 0xFF, 0x07, 0xFF,
    0x83, 0x80, 0xE1, 0x80, 0x71, 0xC0, 0x1C, 0xE0, 0x0E, 0xE0, 0x03, 0xF0, 0x01, 0xC0, 0x0F, 0x81,
    0xF0, 0x0F, 0x01, 0xE0, 0x78, 0x0C, 0x01, 0x80, 0x00, 0x3F, 0xCF, 0xFC, 0xC3, 0x80, 0x30, 0x06,
    0x7F, 0xDF, 0xFF, 0xC3, 0xE0, 0x7C, 0x0F, 0x83, 0xF8, 0xFF, 0xFE, 0xFE, 0xC0, 0x00, 0x0E, 0x03,
    0xDC, 0x03, 0xF8, 0x07, 0xE0, 0x0E, 0x70, 0x00, 0x00, 0x00, 0x00, 0x03, 0xC0, 0x03, 0xC0, 0x03,
    0xC0, 0x07, 0xE0, 0x07, 0xE0, 0x0E, 0x70, 0x0E, 0x70, 0x0E, 0x70, 0x1C, 0x38, 0x1C, 0x38, 0x1F,
    0xF8, 0x3F, 0xFC, 0x38, 0x1C, 0x70, 0x0E, 0x70, 0x0E, 0x70, 0x0E, 0xE0, 0x07, 0xE0, 0x07, 0x00,
    0x38, 0x03, 0x83, 0xF8, 0x3F, 0x83, 0xBC, 0x18, 0x60, 0x00, 0x07, 0xF8, 0x7F, 0xE1, 0x8F, 0x00,
    0x38, 0x01, 0xC3, 0xFE, 0x3F, 0xF3, 0xE3, 0x9C, 0x1C, 0xE0, 0xE7, 0x07, 0x3C, 0xF9, 0xFF, 0xC7,
    0xF6, 0x00, 0x70, 0x00, 0x3B, 0xC0, 0x1F, 0xC0, 0x07, 0xE0, 0x0E, 0x70, 0x00, 0x00, 0x00, 0x00,
    0x03, 0xC0, 0x03, 0xC0, 0x03, 0xC0, 0x07, 0xE0, 0x07, 0xE0, 0x0E, 0x70, 0x0E, 0x70, 0x0E, 0x70,
    0x1C, 0x38, 0x1C, 0x38, 0x1F, 0xF8, 0x3F, 0xFC, 0x38, 0x1C, 0x70, 0x0E, 0x70, 0x0E, 0x70, 0x0E,
    0xE0, 0x07, 0xE0, 0x07, 0xE0, 0x07, 0x00, 0x37, 0x80, 0xFC, 0x1C, 0xE1, 0x86, 0x00, 0x01, 0xFE,
    0x3F, 0xF1, 0x8F, 0x00, 0x70, 0x07, 0x1F, 0xF3, 0xFF, 0x7C, 0x77, 0x07, 0x70, 0x77, 0x07, 0x79,
    0xF7, 0xFF, 0x3F, 0xB0, 0x00, 0x3C, 0x00, 0x06, 0x00, 0x03, 0x00, 0x3B, 0x80, 0x3F, 0x80, 0x3F,
    0x00, 0x39, 0xC0, 0x18, 0x60, 0x00, 0x00, 0x00, 0xE0, 0x00, 0xF0, 0x00, 0x7C, 0x00, 0x3E, 0x00,
    0x3B, 0x00, 0x1D, 0xC0, 0x1C, 0xE0, 0x0E, 0x38, 0x07, 0x1C, 0x07, 0x06, 0x03, 0xFF, 0x81, 0xFF,
    0xC1, 0xC0, 0x70, 0xE0, 0x38, 0xE0, 0x1C, 0x70, 0x07, 0x38, 0x03, 0xB8, 0x01, 0xC0, 0x00, 0xF0,
    0x03, 0x00, 0x30, 0x07, 0x0F, 0x61, 0xFC, 0x39, 0xC3, 0x0C, 0x00, 0x03, 0xFC, 0x7F, 0xE3, 0x1E,
    0x00, 0xE0, 0x0E, 0x3F, 0xE7, 0xFE, 0xF8, 0xEE, 0x0E, 0xE0, 0xEE, 0x0E, 0xF3, 0xEF, 0xFE, 0x7F,
    0x60, 0x07, 0xB0, 0x0F, 0xF0, 0x0D, 0xE0, 0x01, 0x80, 0x03, 0xC0, 0x07, 0xE0, 0x0E, 0x70, 0x00,
    0x00, 0x00, 0x00, 0x03, 0xC0, 0x03, 0xC0, 0x03, 0xC0, 0x07, 0xE0, 0x07, 0xE0, 0x0E, 0x70, 0x0E,
    0x70, 0x0E, 0x70, 0x1C, 0x38, 0x1C, 0x38, 0x1F, 0xF8, 0x3F, 0xFC, 0x38, 0x1C, 0x70, 0x0E, 0x70,
    0x0E, 0x70, 0x0E, 0xE0, 0x07, 0xE0, 0x07, 0x3E, 0xC7, 0xF8, 0xDE, 0x00, 0x00, 0xF0, 0x3F, 0x0E,
    0x70, 0x00, 0x00, 0x07, 0xF9, 0xFF, 0x98, 0xF0, 0x0E, 0x01, 0xCF, 0xFB, 0xFF, 0xF8, 0xFC, 0x1F,
    0x83, 0xF0, 0x7F, 0x3F, 0xFF, 0xDF, 0xD8, 0x03, 0xC0, 0x07, 0xE0, 0x07, 0xE0, 0x0E, 0x70, 0x00,
    0x00, 0x00, 0x00, 0x01, 0xC0, 0x03, 0xC0, 0x03, 0xC0, 0x07, 0xE0, 0x07, 0xE0, 0x06, 0x60, 0x0E,
    0x70, 0x0E, 0x70, 0x0C, 0x38, 0x1C, 0x38, 0x1F, 0xF8, 0x3F, 0xFC, 0x38, 0x1C, 0x30, 0x0E, 0x70,
    0x0E, 0x70, 0x0E, 0xE0, 0x07, 0xE0, 0x07, 0x00, 0x00, 0x00, 0x00, 0x01, 0x80, 0x01, 0xC0, 0x01,
    0x80, 0x0F, 0x01, 0xF8, 0x3D, 0xC3, 0x0E, 0x00, 0x03, 0xFC, 0x7F, 0xE3, 0x0F, 0x00, 0x70, 0x07,
    0x3F, 0xF7, 0xFF, 0xF8, 0x7E, 0x07, 0xE0, 0x7E, 0x0F, 0xF1, 0xFF, 0xFF, 0x7F, 0x30, 0x00, 0x06,
    0x00, 0xE0, 0x06, 0x00, 0x00, 0x70, 0x00, 0x70, 0x00, 0x30, 0x00, 0xC7, 0x00, 0x7F, 0x00, 0x1F,
    0x00, 0x00, 0x00, 0x00, 0x00, 0x01, 0xC0, 0x00, 0xF0, 0x00, 0xF8, 0x00, 0x7C, 0x00, 0x77, 0x00,
    0x3B, 0x80, 0x1C, 0xE0, 0x1C, 0x70, 0x0E, 0x38, 0x06, 0x0E, 0x07, 0xFF, 0x03, 0xFF, 0x83, 0x80,
    0xE1, 0xC0, 0x70, 0xE0, 0x1C, 0xE0, 0x0E, 0x70, 0x07, 0x70, 0x01, 0xC0, 0x03, 0x80, 0xE0, 0x18,
    0x18, 0x63, 0xFC, 0x3F, 0x00, 0x00, 0x00, 0x3F, 0xCF, 0xFC, 0xC7, 0x80, 0x70, 0x0E, 0x3F, 0xDF,
    0xFF, 0xC7, 0xE0, 0xFC, 0x1F, 0x83, 0xF9, 0xFF, 0xFE, 0xFE, 0xC0, 0x07, 0x00, 0x07, 0x00, 0x03,
    0x80, 0x0C, 0x30, 0x0F, 0xF0, 0x07, 0xE0, 0x00, 0x00, 0x00, 0x00, 0x03, 0xC0, 0x03, 0xC0, 0x03,
    0xC0, 0x07, 0xE0, 0x07, 0xE0, 0x0E, 0x70, 0x0E, 0x70, 0x0E, 0x70, 0x1C, 0x38, 0x1C, 0x38, 0x1F,
    0xF8, 0x3F, 0xFC, 0x38, 0x1C, 0x70, 0x0E, 0x70, 0x0E, 0x70, 0x0E, 0xE0, 0x07, 0xE0, 0x07, 0x1C,
    0x03, 0x80, 0x38, 0x18, 0x63, 0xF8, 0x3F, 0x00, 0x00, 0x00, 0x3F, 0xCF, 0xFC, 0xC7, 0x80, 0x70,
    0x0E, 0x3F, 0xDF, 0xFF, 0xC7, 0xE0, 0xFC, 0x1F, 0x83, 0xF1, 0xFF, 0xFE, 0xFE, 0xC0, 0x03, 0xC0,
    0x00, 0x60, 0x00, 0x70, 0x01, 0xB6, 0x00, 0xE3, 0x00, 0x3F, 0x80, 0x0F, 0x80, 0x00, 0x00, 0x00,
    0x00, 0x00, 0xE0, 0x00, 0xF0, 0x00, 0x7C, 0x00, 0x3E, 0x00, 0x3B, 0x00, 0x1D, 0xC0, 0x1C, 0xE0,
    0x0E, 0x38, 0x06, 0x1C, 0x07, 0x0E, 0x03, 0xFF, 0x83, 0xFF, 0xC1, 0xC0, 0xE0, 0xE0, 0x38, 0xE0,
    0x1C, 0x70, 0x07, 0x38, 0x03, 0xB8, 0x01, 0xC0, 0x0F, 0x00, 0x60, 0x0C, 0x03, 0x83, 0x0C, 0x7F,
    0x87, 0xE0, 0x00, 0x00, 0x07, 0xF9, 0xFF, 0x98, 0xF0, 0x0E, 0x01, 0xC7, 0xFB, 0xFF, 0xF8, 0xFC,
    0x1F, 0x83, 0xF0, 0x7E, 0x3F, 0xFF, 0xDF, 0xD8, 0x07, 0xB0, 0x0F, 0xF0, 0x0D, 0xE0, 0x08, 0x20,
    0x0C, 0x70, 0x0F, 0xE0, 0x07, 0xE0, 0x00, 0x00, 0x00, 0x00, 0x03, 0xC0, 0x03, 0xC0, 0x03, 0xC0,
    0x07, 0xE0, 0x07, 0xE0, 0x0E, 0x70, 0x0E, 0x70, 0x0E, 0x70, 0x1C, 0x38, 0x1C, 0x38, 0x1F, 0xF8,
    0x3F, 0xFC, 0x38, 0x1C, 0x70, 0x0E, 0x70, 0x0E, 0x70, 0x0E, 0xE0, 0x07, 0xE0, 0x07, 0x1E, 0xC7,
    0xF8, 0xDE, 0x00, 0x03, 0x1C, 0x7F, 0x07, 0xE0, 0x00, 0x00, 0x07, 0xF9, 0xFF, 0x98, 0xF0, 0x0E,
    0x01, 0xC7, 0xFB, 0xFF, 0xF8, 0xFC, 0x1F, 0x83, 0xF0, 0x7E, 0x3F, 0xFF, 0xDF, 0xD8, 0x0C, 0x30,
    0x0E, 0x70, 0x07, 0xF0, 0x03, 0xE0, 0x00, 0x00, 0x00, 0x00, 0x01, 0xC0, 0x03, 0xC0, 0x03, 0xC0,
    0x07, 0xE0, 0x07, 0xE0, 0x06, 0x60, 0x0E, 0x70, 0x0E, 0x70, 0x0C, 0x38, 0x1C, 0x38, 0x1F, 0xF8,
    0x3F, 0xFC, 0x38, 0x1C, 0x38, 0x0E, 0x70, 0x0E, 0x70, 0x0E, 0xE0, 0x07, 0xE0, 0x07, 0x00, 0x00,
    0x00, 0x00, 0x01, 0x80, 0x01, 0xC0, 0x01, 0x80, 0x30, 0xC7, 0xF8, 0x7E, 0x00, 0x00, 0x00, 0x7F,
    0x9F, 0xF9, 0x8F, 0x00, 0xE0, 0x1C, 0x7F, 0xBF, 0xFF, 0x8F, 0xC1, 0xF8, 0x3F, 0x07, 0xE3, 0xFF,
    0xFD, 0xFD, 0x80, 0x00, 0xC0, 0x1C, 0x03, 0x00, 0xFF, 0xFF, 0xFE, 0x03, 0x80, 0xE0, 0x38, 0x0E,
    0x03, 0xFF, 0xFF, 0xF8, 0x0E, 0x03, 0x80, 0xE0, 0x38, 0x0E, 0x03, 0x80, 0xFF, 0xFF, 0xF0, 0x00,
    0x00, 0x0C, 0x03, 0x80, 0xC0, 0x1F, 0x87, 0xFC, 0x71, 0xEE, 0x0E, 0xE0, 0x7F, 0xFF, 0xFF, 0xFE,
    0x00, 0xE0, 0x0E, 0x00, 0xF0, 0x07, 0x86, 0x3F, 0xE1, 0xFE, 0x00, 0x00, 0x60, 0x07, 0x00, 0x60,
    0x1E, 0x07, 0xC0, 0x70, 0x1C, 0x0F, 0x03, 0x00, 0xC0, 0x00, 0xFF, 0xFF, 0xFE, 0x03, 0x80, 0xE0,
    0x38, 0x0E, 0x03, 0xFF, 0xFF, 0xF8, 0x0E, 0x03, 0x80, 0xE0, 0x38, 0x0E, 0x03, 0x80, 0xFF, 0xFF,
    0xF0, 0x0F, 0x00, 0xF8, 0x03, 0x80, 0x38, 0x07, 0x80, 0x60, 0x06, 0x00, 0x00, 0x1F, 0x87, 0xFC,
    0x71, 0xEE, 0x0E, 0xE0, 0x7F, 0xFF, 0xFF, 0xFE, 0x00, 0xE0, 0x0E, 0x00, 0xF0, 0x07, 0x86, 0x3F,
    0xE1, 0xFE, 0x7C, 0xDF, 0xFE, 0xF8, 0x00, 0x00, 0x3F, 0xFF, 0xFF, 0x80, 0xE0, 0x38, 0x0E, 0x03,
    0x80, 0xFF, 0xFF, 0xFE, 0x03, 0x80, 0xE0, 0x38, 0x0E, 0x03, 0x80, 0xE0, 0x3F, 0xFF, 0xFC, 0x7F,
    0xC7, 0xFC, 0x00, 0x00, 0x00, 0x1F, 0x87, 0xFC, 0x71, 0xEE, 0x0E, 0xE0, 0x7F, 0xFF, 0xFF, 0xFE,
    0x00, 0xE0, 0x0E, 0x00, 0xF0, 0x07, 0x86, 0x3F, 0xE1, 0xFE, 0x00, 0x71, 0xEE, 0x1F, 0xC3, 0xF0,
    0x73, 0x80, 0x00, 0x00, 0x0F, 0xFC, 0xFF, 0xCE, 0x00, 0xE0, 0x0E, 0x00, 0xE0, 0x0E, 0x00, 0xFF,
    0xCF, 0xFC, 0xE0, 0x0E, 0x00, 0xE0, 0x0E, 0x00, 0xE0, 0x0E, 0x00, 0xE0, 0x0F, 0xFC, 0xFF, 0xC0,
    0x00, 0x78, 0x03, 0x83, 0xF8, 0x3F, 0x03, 0xB8, 0x18, 0x60, 0x00, 0x03, 0xF0, 0x7F, 0xC3, 0x8F,
    0x38, 0x39, 0xC0, 0xEF, 0xFF, 0x7F, 0xFB, 0x80, 0x1C, 0x00, 0xE0, 0x07, 0x80, 0x1E, 0x18, 0x7F,
    0xC1, 0xFE, 0x00, 0xE0, 0x07, 0x38, 0x3F, 0x80, 0xFC, 0x1C, 0xE0, 0x00, 0x00, 0x03, 0xFF, 0x3F,
    0xF3, 0x80, 0x38, 0x03, 0x80, 0x38, 0x03, 0x80, 0x3F, 0xF3, 0xFF, 0x38, 0x03, 0x80, 0x38, 0x03,
    0x80, 0x38, 0x03, 0x80, 0x38, 0x03, 0xFF, 0x3F, 0xF0, 0xE0, 0x03, 0x80, 0x0D, 0xE0, 0x1F, 0x81,
    0xCC, 0x0C, 0x30, 0x00, 0x01, 0xF8, 0x3F, 0xE1, 0xC7, 0x9C, 0x1C, 0xE0, 0x77, 0xFF, 0xBF, 0xFD,
    0xC0, 0x0E, 0x00, 0x70, 0x03, 0xC0, 0x0F, 0x0C, 0x3F, 0xE0, 0xFF, 0x00, 0x01, 0xE0, 0x0C, 0x01,
    0x8F, 0x71, 0xFC, 0x7E, 0x1C, 0xE3, 0x0C, 0x00, 0x1F, 0xFF, 0xFF, 0xF0, 0x0E, 0x01, 0xC0, 0x38,
    0x07, 0x00, 0xFF, 0xDF, 0xFB, 0x80, 0x70, 0x0E, 0x01, 0xC0, 0x38, 0x07, 0x00, 0xE0, 0x1F, 0xFF,
    0xFF, 0x80, 0x00, 0xE0, 0x07, 0x00, 0x30, 0x0E, 0x0F, 0xC1, 0xF4, 0x3B, 0x83, 0x0C, 0x00, 0x01,
    0xF8, 0x7F, 0xC7, 0x1E, 0xE0, 0xEE, 0x07, 0xFF, 0xFF, 0xFF, 0xE0, 0x0E, 0x00, 0xE0, 0x0F, 0x00,
    0x78, 0xE7, 0xFE, 0x1F, 0xE0, 0x3D, 0x9F, 0xE6, 0xF0, 0x30, 0x1E, 0x0F, 0xC7, 0x38, 0x00, 0x00,
    0x3F, 0xFF, 0xFF, 0x80, 0xE0, 0x38, 0x0E, 0x03, 0x80, 0xFF, 0xFF, 0xFE, 0x03, 0x80, 0xE0, 0x38,
    0x0E, 0x03, 0x80, 0xE0, 0x3F, 0xFF, 0xFC, 0x3E, 0xC3, 0xFC, 0x37, 0x80, 0x00, 0x0F, 0x01, 0xF8,
    0x39, 0xC0, 0x00, 0x00, 0x01, 0xF8, 0x7F, 0xC7, 0x1E, 0xE0, 0xEE, 0x07, 0xFF, 0xFF, 0xFF, 0xE0,
    0x0E, 0x00, 0xE0, 0x0F, 0x00, 0x78, 0x63, 0xFE, 0x1F, 0xE0, 0x0E, 0x07, 0xC3, 0xB9, 0xC7, 0x00,
    0x00, 0x0F, 0xFF, 0xFF, 0xE0, 0x38, 0x0E, 0x03, 0x80, 0xE0, 0x3F, 0xFF, 0xFF, 0x80, 0xE0, 0x38,
    0x0E, 0x03, 0x80, 0xE0, 0x38, 0x0F, 0xFF, 0xFF, 0x00, 0x00, 0x00, 0xC0, 0x38, 0x0C, 0x00, 0x0F,
    0x01, 0xF0, 0x3B, 0x87, 0x1C, 0x00, 0x01, 0xF8, 0x7F, 0xC7, 0x1E, 0xE0, 0xEE, 0x07, 0xFF, 0xFF,
    0xFF, 0xE0, 0x0E, 0x00, 0xE0, 0x0F, 0x00, 0x78, 0x63, 0xFE, 0x1F, 0xE0, 0x00, 0x06, 0x00, 0x70,
    0x06, 0x00, 0x7C, 0xF8, 0x78, 0x73, 0xC7, 0x0C, 0x00, 0xFF, 0xF8, 0xE1, 0xC3, 0x87, 0x0E, 0x1C,
    0x38, 0x70, 0xE1, 0xC3, 0x87, 0x0E, 0x1C, 0xFD, 0xFC, 0xFB, 0xF1, 0xDE, 0x71, 0x80, 0x1C, 0x71,
    0xC7, 0x1C, 0x71, 0xC7, 0x1C, 0x71, 0xC7, 0x1C, 0x70, 0xFF, 0xF3, 0x8E, 0x38, 0xE3, 0x8E, 0x38,
    0xE3, 0x8E, 0x38, 0xE3, 0x8E, 0xFF, 0xF0, 0x00, 0x30, 0xE3, 0x00, 0xDF, 0x01, 0xFF, 0xFF, 0xFF,
    0xFF, 0xFF, 0x81, 0xBE, 0x0F, 0xF0, 0x0F, 0xFE, 0x0F, 0x0F, 0x8E, 0x01, 0xCF, 0x00, 0x77, 0x00,
    0x3B, 0x80, 0x1D, 0xC0, 0x07, 0xE0, 0x03, 0xF0, 0x01, 0xF8, 0x00, 0xFC, 0x00, 0xEE, 0x00, 0x77,
    0x80, 0x39, 0xC0, 0x38, 0x78, 0x7C, 0x1F, 0xFC, 0x07, 0xF8, 0x00, 0x00, 0x00, 0x30, 0x00, 0x1C,
    0x00, 0x0C, 0x00, 0x1F, 0x83, 0xFF, 0x1E, 0x3D, 0xC0, 0xEE, 0x07, 0x70, 0x1F, 0x80, 0xFC, 0x07,
    0xE0, 0x3F, 0x03, 0xB8, 0x1C, 0xF1, 0xE3, 0xFE, 0x0F, 0xE0, 0x00, 0x00, 0xC0, 0x07, 0x00, 0x30,
    0x00, 0x03, 0xE0, 0x01, 0xF0, 0x00, 0x3C, 0x00, 0x0E, 0x00, 0x1E, 0x00, 0x0E, 0x00, 0x06, 0x00,
    0x00, 0x00, 0x0F, 0xF0, 0x0F, 0xFE, 0x0F, 0x0F, 0x8E, 0x01, 0xCF, 0x00, 0x77, 0x00, 0x3B, 0x80,
    0x1D, 0xC0, 0x07, 0xE0, 0x03, 0xF0, 0x01, 0xF8, 0x00, 0xFC, 0x00, 0xEE, 0x00, 0x77, 0x80, 0x39,
    0xC0, 0x38, 0x78, 0x7C, 0x1F, 0xFC, 0x07, 0xF8, 0x00, 0x0F, 0x80, 0x7C, 0x00, 0xF0, 0x07, 0x80,
    0x78, 0x03, 0x00, 0x18, 0x00, 0x00, 0x1F, 0x83, 0xFF, 0x1E, 0x3D, 0xC0, 0xEE, 0x07, 0x70, 0x1F,
    0x80, 0xFC, 0x07, 0xE0, 0x3F, 0x03, 0xB8, 0x1C, 0xF1, 0xE3, 0xFE, 0x0F, 0xE0, 0x00, 0x0E, 0x00,
    0x07, 0x00, 0x77, 0x00, 0x7F, 0x00, 0x7E, 0x00, 0x73, 0x80, 0x00, 0x00, 0x00, 0x00, 0x0F, 0xF0,
    0x0F, 0xFE, 0x0F, 0x0F, 0x8E, 0x01, 0xCF, 0x00, 0x77, 0x00, 0x3B, 0x80, 0x1D, 0xC0, 0x07, 0xE0,
    0x03, 0xF0, 0x01, 0xF8, 0x00, 0xFC, 0x00, 0xEE, 0x00, 0x77, 0x80, 0x39, 0xC0, 0x38, 0x78, 0x7C,
    0x1F, 0xFC, 0x07, 0xF8, 0x00, 0x00, 0x38, 0x03, 0x83, 0xD8, 0x3F, 0x83, 0x9C, 0x18, 0x60, 0x00,
    0x03, 0xF0, 0x7F, 0xE3, 0xC7, 0xB8, 0x1D, 0xC0, 0xEE, 0x03, 0xF0, 0x1F, 0x80, 0xFC, 0x07, 0xE0,
    0x77, 0x03, 0x9E, 0x3C, 0x7F, 0xC1, 0xFC, 0x00, 0x70, 0x00, 0x1C, 0x00, 0x06, 0x70, 0x01, 0xFC,
    0x00, 0x7E, 0x00, 0x71, 0x80, 0x00, 0x00, 0x00, 0x00, 0x0F, 0xF0, 0x0F, 0xFE, 0x0F, 0x0F, 0x8E,
    0x01, 0xCF, 0x00, 0x77, 0x00, 0x3B, 0x80, 0x1D, 0xC0, 0x07, 0xE0, 0x03, 0xF0, 0x01, 0xF8, 0x00,
    0xFC, 0x00, 0xEE, 0x00, 0x77, 0x80, 0x39, 0xC0, 0x38, 0x78, 0x7C, 0x1F, 0xFC, 0x07, 0xF8, 0x00,
    0xE0, 0x01, 0xC0, 0x03, 0xF8, 0x03, 0xF0, 0x0C, 0xE0, 0x61, 0x80, 0x00, 0x03, 0xF0, 0x3F, 0xF0,
    0xF1, 0xE7, 0x03, 0x9C, 0x0E, 0x70, 0x1D, 0xC0, 0x77, 0x01, 0xDC, 0x07, 0x70, 0x39, 0xC0, 0xE3,
    0xC7, 0x87, 0xFC, 0x0F, 0xE0, 0x00, 0x3C, 0x00, 0x06, 0x00, 0x03, 0x00, 0x3B, 0x80, 0x3D, 0x80,
    0x3F, 0x00, 0x39, 0xC0, 0x18, 0x60, 0x00, 0x00, 0x07, 0xF8, 0x07, 0xFF, 0x07, 0x87, 0xC7, 0x00,
    0xE7, 0x80, 0x3B, 0x80, 0x1D, 0xC0, 0x0E, 0xE0, 0x03, 0xF0, 0x01, 0xF8, 0x00, 0xFC, 0x00, 0x7E,
    0x00, 0x77, 0x00, 0x3B, 0xC0, 0x1C, 0xE0, 0x1C, 0x3C, 0x3E, 0x0F, 0xFE, 0x03, 0xFC, 0x00, 0x00,
    0xF0, 0x01, 0x80, 0x0C, 0x00, 0xE0, 0xF6, 0x0F, 0xE0, 0xE7, 0x06, 0x18, 0x00, 0x00, 0xFC, 0x1F,
    0xF8, 0xF1, 0xEE, 0x07, 0x70, 0x3B, 0x80, 0xFC, 0x07, 0xE0, 0x3F, 0x01, 0xF8, 0x1D, 0xC0, 0xE7,
    0x8F, 0x1F, 0xF0, 0x7F, 0x00, 0x07, 0xB0, 0x07, 0xF8, 0x03, 0x78, 0x00, 0x38, 0x00, 0x3C, 0x00,
    0x3F, 0x00, 0x39, 0xC0, 0x00, 0x00, 0x00, 0x00, 0x07, 0xF8, 0x07, 0xFF, 0x07, 0x87, 0xC7, 0x00,
    0xE7, 0x80, 0x3B, 0x80, 0x1D, 0xC0, 0x0E, 0xE0, 0x03, 0xF0, 0x01, 0xF8, 0x00, 0xFC, 0x00, 0x7E,
    0x00, 0x77, 0x00, 0x3B, 0xC0, 0x1C, 0xE0, 0x1C, 0x3C, 0x3E, 0x0F, 0xFE, 0x03, 0xFC, 0x00, 0x1E,
    0xC1, 0xFE, 0x0D, 0xE0, 0x00, 0x00, 0xF0, 0x0F, 0xC0, 0xE7, 0x00, 0x00, 0x00, 0x00, 0xFC, 0x1F,
    0xF8, 0xF1, 0xEE, 0x07, 0x70, 0x3B, 0x80, 0xFC, 0x07, 0xE0, 0x3F, 0x01, 0xF8, 0x1D, 0xC0, 0xE7,
    0x8F, 0x1F, 0xF0, 0x7F, 0x00, 0x01, 0xC0, 0x01, 0xE0, 0x01, 0xF8, 0x01, 0xCE, 0x00, 0xC3, 0x80,
    0x00, 0x00, 0x00, 0x00, 0x1F, 0xE0, 0x1F, 0xFC, 0x1E, 0x1F, 0x1C, 0x03, 0x9E, 0x00, 0xEE, 0x00,
    0x77, 0x00, 0x3B, 0x80, 0x0F, 0xC0, 0x07, 0xE0, 0x03, 0xF0, 0x01, 0xF8, 0x01, 0xDC, 0x00, 0xEF,
    0x00, 0x73, 0x80, 0x70, 0xF0, 0xF8, 0x3F, 0xF8, 0x0F, 0xF0, 0x00, 0x00, 0x00, 0x60, 0x00, 0x38,
    0x00, 0x18, 0x00, 0x0F, 0x00, 0xFC, 0x0F, 0x70, 0x61, 0xC0, 0x00, 0x0F, 0xC1, 0xFF, 0x8F, 0x1E,
    0xE0, 0x77, 0x03, 0xB8, 0x0F, 0xC0, 0x7E, 0x03, 0xF0, 0x1F, 0x81, 0xDC, 0x0E, 0x78, 0xF1, 0xFF,
    0x07, 0xF0, 0x00, 0x00, 0x60, 0x03, 0x80, 0x18, 0x00, 0x00, 0x70, 0x00, 0x1E, 0x00, 0x07, 0x80,
    0x00, 0xE0, 0x00, 0x38, 0x00, 0x00, 0x00, 0x00, 0x00, 0x38, 0x7F, 0x8E, 0x1F, 0xFD, 0xC7, 0x87,
    0xF9, 0xC0, 0x3E, 0x78, 0x03, 0x8E, 0x00, 0x71, 0xC0, 0x0E, 0x38, 0x00, 0xE7, 0x00, 0x1C, 0xE0,
    0x03, 0x9C, 0x00, 0x73, 0x80, 0x1C, 0x70, 0x03, 0x8F, 0x00, 0x70, 0xE0, 0x1C, 0x0F, 0x0F, 0x80,
    0xFF, 0xE0, 0x0F, 0xF0, 0x00, 0x03, 0xC0, 0x07, 0x00, 0x1C, 0x00, 0x70, 0x70, 0x00, 0xE3, 0xF3,
    0x9F, 0xFF, 0x3C, 0x7C, 0xE0, 0x71, 0xC0, 0xE3, 0x80, 0xE7, 0x01, 0xCE, 0x03, 0x9C, 0x07, 0x38,
    0x1C, 0x70, 0x38, 0x78, 0xF0, 0x7F, 0xC0, 0x7F, 0x00, 0x07, 0x00, 0x00, 0xE0, 0x00, 0x0E, 0x00,
    0x00, 0xE0, 0x00, 0x0C, 0x00, 0x00, 0x00, 0x00, 0x00, 0x38, 0x7F, 0x8E, 0x1F, 0xFD, 0xC7, 0x87,
    0xF9, 0xC0, 0x3E, 0x78, 0x03, 0x8E, 0x00, 0x71, 0xC0, 0x0E, 0x38, 0x00, 0xE7, 0x00, 0x1C, 0xE0,
    0x03, 0x9C, 0x00, 0x73, 0x80, 0x1C, 0x70, 0x03, 0x8F, 0x00, 0x70, 0xE0, 0x1C, 0x0F, 0x0F, 0x80,
    0xFF, 0xE0, 0x0F, 0xF0, 0x00, 0x1C, 0x00, 0x1C, 0x00, 0x1C, 0x00, 0x18, 0x70, 0x00, 0xE3, 0xF3,
    0x9F, 0xFF, 0x3C, 0x7C, 0xE0, 0x71, 0xC0, 0xE3, 0x80, 0xE7, 0x01, 0xCE, 0x03, 0x9C, 0x07, 0x38,
    0x1C, 0x70, 0x38, 0x78, 0xF0, 0x7F, 0xC0, 0x7F, 0x00, 0x03, 0xC0, 0x00, 0x7C, 0x00, 0x03, 0x80,
    0x00, 0x70, 0x00, 0x1E, 0x00, 0x03, 0x00, 0x00, 0x60, 0x00, 0x00, 0x07, 0x0F, 0xF1, 0xC3, 0xFF,
    0xB8, 0xF0, 0xFF, 0x38, 0x07, 0xCF, 0x00, 0x71, 0xC0, 0x0E, 0x38, 0x01, 0xC7, 0x00, 0x1C, 0xE0,
    0x03, 0x9C, 0x00, 0x73, 0x80, 0x0E, 0x70, 0x03, 0x8E, 0x00, 0x71, 0xE0, 0x0E, 0x1C, 0x03, 0x81,
    0xE1, 0xF0, 0x1F, 0xFC, 0x01, 0xFE, 0x00, 0x0F, 0x00, 0x1F, 0x00, 0x0E, 0x00, 0x1C, 0x00, 0x78,
    0x00, 0xC0, 0x01, 0x83, 0x80, 0x07, 0x1F, 0x9C, 0xFF, 0xF9, 0xE3, 0xE7, 0x03, 0x8E, 0x07, 0x1C,
    0x07, 0x38, 0x0E, 0x70, 0x1C, 0xE0, 0x39, 0xC0, 0xE3, 0x81, 0xC3, 0xC7, 0x83, 0xFE, 0x03, 0xF8,
    0x00, 0x07, 0x18, 0x01, 0xFB, 0x00, 0x77, 0xE0, 0x0C, 0x78, 0x00, 0x00, 0x00, 0x00, 0x01, 0xC3,
    0xFC, 0x70, 0xFF, 0xEE, 0x3C, 0x3F, 0xCE, 0x01, 0xF3, 0xC0, 0x1C, 0x70, 0x03, 0x8E, 0x00, 0x71,
    0xC0, 0x07, 0x38, 0x00, 0xE7, 0x00, 0x1C, 0xE0, 0x03, 0x9C, 0x00, 0xE3, 0x80, 0x1C, 0x78, 0x03,
    0x87, 0x00, 0xE0, 0x78, 0x7C, 0x07, 0xFF, 0x00, 0x7F, 0x80, 0x3F, 0xE0, 0xFF, 0x80, 0x00, 0x38,
    0x00, 0x71, 0xF9, 0xCF, 0xFF, 0x9E, 0x3E, 0x70, 0x38, 0xE0, 0x71, 0xC0, 0x73, 0x80, 0xE7, 0x01,
    0xCE, 0x03, 0x9C, 0x0E, 0x38, 0x1C, 0x3C, 0x78, 0x3F, 0xE0, 0x3F, 0x80, 0x00, 0x00, 0xE1, 0xFE,
    0x38, 0x7F, 0xF7, 0x1E, 0x1F, 0xE7, 0x00, 0xF9, 0xE0, 0x0E, 0x38, 0x01, 0xC7, 0x00, 0x38, 0xE0,
    0x03, 0x9C, 0x00, 0x73, 0x80, 0x0E, 0x70, 0x01, 0xCE, 0x00, 0x71, 0xC0, 0x0E, 0x3C, 0x01, 0xC3,
    0x80, 0x70, 0x3C, 0x3E, 0x03, 0xFF, 0x80, 0x3F, 0xC0, 0x00, 0x00, 0x00, 0x18, 0x00, 0x03, 0x80,
    0x00, 0x60, 0x00, 0x00, 0x0E, 0x00, 0x1C, 0x7E, 0x73, 0xFF, 0xE7, 0x8F, 0x9C, 0x0E, 0x38, 0x1C,
    0x70, 0x1C, 0xE0, 0x39, 0xC0, 0x73, 0x80, 0xE7, 0x03, 0x8E, 0x07, 0x0F, 0x1E, 0x0F, 0xF8, 0x0F,
    0xE0, 0x00, 0x00, 0x0C, 0x00, 0x1C, 0x00, 0x30, 0x00, 0xE0, 0x1F, 0x80, 0x7E, 0x01, 0xF8, 0x07,
    0xE0, 0x1F, 0x80, 0x7E, 0x01, 0xF8, 0x07, 0xE0, 0x1F, 0x80, 0x7E, 0x01, 0xF8, 0x07, 0xE0, 0x1F,
    0x80, 0x7F, 0x03, 0xDE, 0x1E, 0x3F, 0xF0, 0x7F, 0x80, 0x00, 0x00, 0xC0, 0x07, 0x00, 0x0C, 0x00,
    0xE0, 0x7E, 0x07, 0xE0, 0x7E, 0x07, 0xE0, 0x7E, 0x07, 0xE0, 0x7E, 0x07, 0xE0, 0x7E, 0x0F, 0xE0,
    0xFF, 0x1F, 0x7F, 0xF3, 0xF7, 0x00, 0x00, 0xC0, 0x0E, 0x00, 0xC0, 0x07, 0x80, 0x1F, 0x00, 0x1C,
    0x00, 0x70, 0x03, 0xC0, 0x0C, 0x00, 0x30, 0x00, 0x00, 0xE0, 0x1F, 0x80, 0x7E, 0x01, 0xF8, 0x07,
    0xE0, 0x1F, 0x80, 0x7E, 0x01, 0xF8, 0x07, 0xE0, 0x1F, 0x80, 0x7E, 0x01, 0xF8, 0x07, 0xE0, 0x1F,
    0x80, 0x7F, 0x03, 0xDE, 0x1E, 0x3F, 0xF0, 0x7F, 0x80, 0x1E, 0x01, 0xF0, 0x07, 0x00, 0x70, 0x0F,
    0x00, 0xC0, 0x0C, 0x00, 0x00, 0xE0, 0x7E, 0x07, 0xE0, 0x7E, 0x07, 0xE0, 0x7E, 0x07, 0xE0, 0x7E,
    0x07, 0xE0, 0x7E, 0x0F, 0xE0, 0xFF, 0x1F, 0x7F, 0xF3, 0xF7, 0x00, 0xE0, 0x00, 0x70, 0x00, 0x3C,
    0x00, 0x0E, 0x00, 0x07, 0x00, 0x00, 0x00, 0x00, 0x00, 0x1F, 0x80, 0x77, 0xE0, 0x1D, 0xF8, 0x07,
    0xEE, 0x01, 0xF3, 0x80, 0x70, 0xE0, 0x1C, 0x38, 0x07, 0x0E, 0x01, 0xC3, 0x80, 0x70, 0xE0, 0x1C,
    0x38, 0x07, 0x0E, 0x01, 0xC3, 0x80, 0x70, 0xE0, 0x1C, 0x3C, 0x0F, 0x07, 0x87, 0x80, 0xFF, 0xC0,
    0x1F, 0xE0, 0x00, 0x03, 0x80, 0x07, 0x00, 0x0E, 0x00, 0x0C, 0x07, 0x00, 0x07, 0xE0, 0x7E, 0xE0,
    0x7E, 0xE0, 0x7C, 0xE0, 0x70, 0xE0, 0x70, 0xE0, 0x70, 0xE0, 0x70, 0xE0, 0x70, 0xE0, 0x70, 0xE0,
    0xF0, 0xE0, 0xF0, 0xF1, 0xF0, 0x7F, 0xF0, 0x3F, 0x70, 0x1E, 0x00, 0x03, 0x80, 0x00, 0x70, 0x00,
    0x0E, 0x00, 0x01, 0x80, 0x00, 0x00, 0x00, 0x00, 0x1F, 0x80, 0x77, 0xE0, 0x1D, 0xF8, 0x07, 0xEE,
    0x01, 0xF3, 0x80, 0x70, 0xE0, 0x1C, 0x38, 0x07, 0x0E, 0x01, 0xC3, 0x80, 0x70, 0xE0, 0x1C, 0x38,
    0x07, 0x0E, 0x01, 0xC3, 0x80, 0x70, 0xE0, 0x1C, 0x3C, 0x0F, 0x07, 0x87, 0x80, 0xFF, 0xC0, 0x1F,
    0xE0, 0x00, 0x3C, 0x00, 0x1C, 0x00, 0x0E, 0x00, 0x07, 0x07, 0x00, 0x07, 0xE0, 0x7E, 0xE0, 0x7E,
    0xE0, 0x7C, 0xE0, 0x70, 0xE0, 0x70, 0xE0, 0x70, 0xE0, 0x70, 0xE0, 0x70, 0xE0, 0x70, 0xE0, 0xF0,
    0xE0, 0xF0, 0xF1, 0xF0, 0x7F, 0xF0, 0x3F, 0x70, 0x07, 0x80, 0x01, 0xF0, 0x00, 0x1C, 0x00, 0x07,
    0x00, 0x03, 0xC0, 0x00, 0xE0, 0x00, 0x30, 0x00, 0x00, 0x07, 0xE0, 0x1D, 0xF8, 0x07, 0x7E, 0x01,
    0xFB, 0x80, 0x7C, 0xE0, 0x1C, 0x38, 0x07, 0x0E, 0x01, 0xC3, 0x80, 0x70, 0xE0, 0x1C, 0x38, 0x07,
    0x0E, 0x01, 0xC3, 0x80, 0x70, 0xE0, 0x1C, 0x38, 0x07, 0x0F, 0x03, 0xC1, 0xE1, 0xE0, 0x3F, 0xF0,
    0x07, 0xF8, 0x00, 0x0F, 0x80, 0x0F, 0x80, 0x03, 0xC0, 0x03, 0x80, 0x07, 0x80, 0x06, 0x06, 0x06,
    0x07, 0x00, 0x07, 0xE0, 0x7E, 0xE0, 0x7E, 0xE0, 0x7C, 0xE0, 0x70, 0xE0, 0x70, 0xE0, 0x70, 0xE0,
    0x70, 0xE0, 0x70, 0xE0, 0x70, 0xE0, 0x70, 0xE0, 0xF0, 0xF1, 0xF0, 0x7F, 0xF0, 0x3F, 0x70, 0x1E,
    0x30, 0x07, 0xFC, 0x03, 0xBE, 0x00, 0xC7, 0x80, 0x00, 0x00, 0x00, 0x00, 0x7E, 0x01, 0xDF, 0x80,
    0x77, 0xE0, 0x1F, 0xB8, 0x07, 0xCE, 0x01, 0xC3, 0x80, 0x70, 0xE0, 0x1C, 0x38, 0x07, 0x0E, 0x01,
    0xC3, 0x80, 0x70, 0xE0, 0x1C, 0x38, 0x07, 0x0E, 0x01, 0xC3, 0x80, 0x70, 0xF0, 0x3C, 0x1E, 0x1E,
    0x03, 0xFF, 0x00, 0x7F, 0x80, 0x3F, 0xC0, 0x7F, 0xC0, 0x00, 0x07, 0x00, 0x07, 0xE0, 0x7E, 0xE0,
    0x7E, 0xE0, 0x7C, 0xE0, 0x70, 0xE0, 0x70, 0xE0, 0x70, 0xE0, 0x70, 0xE0, 0x70, 0xE0, 0x70, 0xE0,
    0xF0, 0xE0, 0xF0, 0xF1, 0xF0, 0x7F, 0xF0, 0x3F, 0x70, 0x00, 0x01, 0xF8, 0x07, 0x7E, 0x01, 0xDF,
    0x80, 0x7E, 0xE0, 0x1F, 0x38, 0x07, 0x0E, 0x01, 0xC3, 0x80, 0x70, 0xE0, 0x1C, 0x38, 0x07, 0x0E,
    0x01, 0xC3, 0x80, 0x70, 0xE0, 0x1C, 0x38, 0x07, 0x0E, 0x01, 0xC3, 0xC0, 0xF0, 0x78, 0x78, 0x0F,
    0xFC, 0x01, 0xFE, 0x00, 0x00, 0x00, 0x03, 0x00, 0x01, 0xC0, 0x00, 0x30, 0x00, 0x00, 0x07, 0x00,
    0x07, 0xE0, 0x7E, 0xE0, 0x7E, 0xE0, 0x7C, 0xE0, 0x70, 0xE0, 0x70, 0xE0, 0x70, 0xE0, 0x70, 0xE0,
    0x70, 0xE0, 0x70, 0xE0, 0xF0, 0xE0, 0xF0, 0xF1, 0xF0, 0x7F, 0xF0, 0x3F, 0x70, 0x00, 0x00, 0x0C,
    0x00, 0x0E, 0x00, 0x0C, 0x00, 0x0E, 0x00, 0x1E, 0x00, 0x1C, 0x00, 0x1C, 0x00, 0x00, 0x00, 0x00,
    0x38, 0x07, 0x78, 0x0E, 0x70, 0x38, 0x70, 0x70, 0xE1, 0xC0, 0xE3, 0x81, 0xCE, 0x01, 0xDC, 0x03,
    0xF0, 0x03, 0xE0, 0x07, 0x80, 0x07, 0x00, 0x0E, 0x00, 0x1C, 0x00, 0x38, 0x00, 0x70, 0x00, 0xE0,
    0x01, 0xC0, 0x0E, 0x00, 0x1C, 0x00, 0x38, 0x00, 0x60, 0x00, 0x01, 0xC0, 0x77, 0x03, 0x9C, 0x0E,
    0x38, 0x78, 0xE1, 0xC1, 0xC7, 0x07, 0x38, 0x1C, 0xE0, 0x3B, 0x80, 0xFC, 0x03, 0xF0, 0x07, 0xC0,
    0x1E, 0x00, 0x38, 0x00, 0xE0, 0x07, 0x00, 0x1C, 0x00, 0xE0, 0x1F, 0x80, 0x7C, 0x00, 0xE0, 0x1D,
    0xE0, 0x39, 0xC0, 0xE1, 0xC1, 0xC3, 0x87, 0x03, 0x8E, 0x07, 0x38, 0x07, 0x70, 0x0F, 0xC0, 0x0F,
    0x80, 0x1E, 0x00, 0x1C, 0x00, 0x38, 0x00, 0x70, 0x00, 0xE0, 0x01, 0xC0, 0x03, 0x80, 0x07, 0x00,
    0x00, 0x00, 0x00, 0x00, 0x30, 0x00, 0x70, 0x00, 0xC0, 0x00, 0x70, 0x39, 0xC0, 0xE7, 0x03, 0x8E,
    0x1C, 0x38, 0x70, 0xE1, 0xC1, 0xCE, 0x07, 0x38, 0x0E, 0xC0, 0x3F, 0x00, 0xFC, 0x01, 0xE0, 0x07,
    0x80, 0x0E, 0x00, 0x30, 0x01, 0xC0, 0x07, 0x60, 0x39, 0xC7, 0xC6, 0x1E, 0x00, 0x07, 0xC0, 0x0F,
    0x80, 0x07, 0x80, 0x07, 0x00, 0x3C, 0x00, 0x60, 0x00, 0xC0, 0x00, 0x00, 0xE0, 0x1F, 0xE0, 0x39,
    0xC0, 0xF1, 0xC1, 0xC3, 0x87, 0x03, 0x8E, 0x07, 0x38, 0x07, 0x70, 0x0F, 0xC0, 0x0F, 0x80, 0x1E,
    0x00, 0x1C, 0x00, 0x38, 0x00, 0x70, 0x00, 0xE0, 0x01, 0xC0, 0x03, 0x80, 0x07, 0x00, 0x07, 0xC0,
    0x1F, 0x80, 0x0E, 0x00, 0xF0, 0x03, 0x80, 0x0C, 0x00, 0x00, 0x1C, 0x07, 0x70, 0x1D, 0xC0, 0xE3,
    0x83, 0x8E, 0x1E, 0x38, 0x70, 0x71, 0xC1, 0xCE, 0x03, 0xB8, 0x0F, 0xE0, 0x3F, 0x00, 0x7C, 0x01,
    0xF0, 0x03, 0x80, 0x1E, 0x00, 0x70, 0x01, 0xC0, 0x0F, 0x01, 0xF8, 0x07, 0xC0, 0x00, 0x1F, 0x30,
    0x3F, 0xE0, 0xCF, 0x80, 0x00, 0x00, 0x00, 0x1C, 0x03, 0xBC, 0x07, 0x38, 0x1C, 0x38, 0x38, 0x70,
    0xE0, 0x71, 0xC0, 0xE7, 0x00, 0xEE, 0x01, 0xF8, 0x01, 0xF0, 0x03, 0xC0, 0x03, 0x80, 0x07, 0x00,
    0x0E, 0x00, 0x1C, 0x00, 0x38, 0x00, 0x70, 0x00, 0xE0, 0x00, 0x1F, 0xF0, 0xFF, 0x80, 0x00, 0x00,
    0x00, 0x70, 0x1D, 0xC0, 0xE7, 0x03, 0x8E, 0x1E, 0x38, 0x70, 0x71, 0xC1, 0xCE, 0x07, 0x38, 0x0E,
    0xE0, 0x3F, 0x00, 0xFC, 0x01, 0xF0, 0x07, 0x80, 0x0E, 0x00, 0x38, 0x01, 0xC0, 0x07, 0x00, 0x38,
    0x07, 0xE0, 0x1F, 0x00, 0x00, 0xC1, 0xBF, 0x9A, 0xC8, 0x20, 0x82, 0x08, 0x20, 0x82, 0x08, 0x20,
    0x82, 0x08, 0x20, 0x82, 0x00, 0x00, 0xC6, 0x3F, 0x64, 0xD0, 0x41, 0x04, 0x10, 0x41, 0x04, 0x10,
    0x41, 0x04, 0x10, 0x41, 0x04, 0x10, 0xFF, 0xF0, 0xFF, 0xF0, 0xFF, 0xFF, 0xFF, 0xFF, 0xFF, 0xFC,
    0xFF, 0xFF, 0xFF, 0xFF, 0xFF, 0xFC, 0xFF, 0xFF, 0xFF, 0xFF, 0xFF, 0xFC, 0xEF, 0xDF, 0xBF, 0x7E,
    0xFD, 0xFB, 0xF7, 0xEF, 0xDF, 0xBF, 0x7E, 0xFD, 0xFB, 0xF7, 0xEF, 0xDF, 0xBF, 0x7E, 0xFD, 0xFB,
    0xF7, 0xEE, 0xFF, 0xFF, 0xF0, 0x03, 0xFF, 0xFF, 0xC0, 0x33, 0x9C, 0xEE, 0x70, 0x73, 0x9C, 0xCE,
    0x70, 0x3B, 0xDC, 0xE6, 0x30, 0xE7, 0x1C, 0xE7, 0x18, 0x33, 0xB9, 0xDC, 0xCE, 0xEE, 0x77, 0x38,
    0x73, 0xB9, 0xDD, 0xDC, 0xEE, 0x77, 0x30, 0x3B, 0x9E, 0xE7, 0x39, 0xCC, 0x67, 0x19, 0xC0, 0xE7,
    0x73, 0x9D, 0xCE, 0x67, 0x39, 0x9C, 0x1E, 0x03, 0x80, 0xE0, 0x38, 0xCC, 0xFF, 0xFF, 0xFC, 0x38,
    0x0E, 0x03, 0x80, 0xE0, 0x38, 0x0E, 0x03, 0x80, 0xE0, 0x38, 0x0E, 0x03, 0x80, 0xE0, 0x1E, 0x07,
    0x00, 0xC0, 0x30, 0xFF, 0xFF, 0xFE, 0xDC, 0x30, 0x0C, 0x07, 0x80, 0xC0, 0x30, 0xED, 0xFF, 0xFF,
    0xFC, 0x30, 0x0C, 0x07, 0x01, 0xE0, 0x7B, 0xFF, 0xFF, 0xFD, 0xE0, 0x01, 0x83, 0xC7, 0xEF, 0xFF,
    0x3C, 0x60, 0x00, 0xFF, 0x80, 0xE1, 0xF8, 0x7E, 0x1C, 0xE1, 0xC3, 0xF0, 0xE1, 0xF8, 0x70, 0xE0,
    0xFF, 0x80, 0x7E, 0x81, 0x02, 0x04, 0x08, 0x10, 0x20, 0x40, 0x81, 0x02, 0x04, 0x08, 0x10, 0x20,
    0x40, 0x81, 0x00, 0xFC, 0x10, 0x41, 0x04, 0x10, 0x41, 0x04, 0x10, 0x41, 0x04, 0x10, 0x41, 0x04,
    0x10, 0x40, 0xFF, 0xFF, 0xFF, 0xFC, 0xC3, 0x0C, 0x30, 0xC3, 0x0C, 0x30, 0xC3, 0x0C, 0x30, 0xC3,
    0x0C, 0x10, 0xFF, 0x02, 0x04, 0x0F, 0xE6, 0x0C, 0x18, 0x30, 0x60, 0xC1, 0x83, 0x06, 0x0C, 0x18,
    0x30, 0x60, 0xC1, 0x81, 0x00, 0xFC, 0x10, 0x41, 0xFC, 0xC3, 0x0C, 0x30, 0xC3, 0x0C, 0x30, 0xC3,
    0x0C, 0x30, 0xC3, 0x0C, 0x10, 0x7C, 0x06, 0x00, 0x0F, 0xE0, 0xC0, 0x00, 0xEE, 0x1C, 0x00, 0x0E,
    0xE1, 0x80, 0x00, 0xEE, 0x38, 0x00, 0x0E, 0xE3, 0x00, 0x00, 0xEE, 0x6F, 0x07, 0x8E, 0xE7, 0xF8,
    0xFC, 0xEE, 0xDD, 0xDD, 0xE7, 0xCD, 0xDD, 0xCE, 0x7D, 0xB9, 0xF8, 0x70, 0x3B, 0x9F, 0x87, 0x03,
    0x39, 0xF8, 0x70, 0x63, 0x9F, 0x87, 0x06, 0x1D, 0xDC, 0xE0, 0xC1, 0xDD, 0xCE, 0x0C, 0x1F, 0x9F,
    0xE1, 0x80, 0xF8, 0xFC, 0x7E, 0x06, 0x00, 0x00, 0x03, 0xF0, 0x70, 0x00, 0x00, 0x39, 0xC3, 0x00,
    0x00, 0x01, 0xCE, 0x38, 0x00, 0x00, 0x0E, 0x71, 0x80, 0x00, 0x00, 0x73, 0x9C, 0x00, 0x00, 0x03,
    0x9C, 0xDE, 0x0F, 0x0F, 0x1C, 0xEF, 0xF8, 0xFC, 0xFC, 0xFF, 0xFF, 0xEE, 0xF7, 0x73, 0xF6, 0xE7,
    0x73, 0xBB, 0x8F, 0x77, 0x3F, 0x1F, 0x8E, 0x03, 0x39, 0xF8, 0xFC, 0x70, 0x39, 0xCF, 0xC7, 0xE3,
    0x81, 0x8E, 0x7E, 0x3F, 0x1C, 0x1C, 0x73, 0xB9, 0xDD, 0xC0, 0xC3, 0x9D, 0xCE, 0xEE, 0x0E, 0x0F,
    0xCF, 0xE7, 0xF0, 0x60, 0x7E, 0x3E, 0x1F, 0x00, 0x0E, 0x38, 0x61, 0xC3, 0x0C, 0x18, 0x00, 0x0E,
    0xE3, 0x98, 0x67, 0x1C, 0xC3, 0x38, 0xE6, 0x19, 0xC0, 0x0E, 0xEE, 0x1C, 0xCE, 0x19, 0xDC, 0x39,
    0x9C, 0x33, 0x98, 0x73, 0x30, 0x67, 0x30, 0xE1, 0xC7, 0x0E, 0x18, 0x70, 0xC0, 0xEE, 0x1D, 0xC7,
    0x70, 0xEE, 0x19, 0x87, 0x70, 0xCC, 0xEE, 0xE1, 0xDD, 0xC7, 0x77, 0x0E, 0xEE, 0x19, 0x98, 0x77,
    0x70, 0xCC, 0xC0, 0x0C, 0x07, 0x81, 0xE0, 0xFC, 0x33, 0x1C, 0xE6, 0x1B, 0x87, 0x00, 0x73, 0xCE,
    0x73, 0x8E, 0x3C, 0x78, 0xE1, 0xC2, 0x03, 0x8F, 0x1C, 0x38, 0x71, 0xCF, 0x79, 0xCE, 0x10, 0x40,
    0xC0, 0xDC, 0x1C, 0x39, 0xC3, 0x0E, 0x1C, 0x03, 0x81, 0xE0, 0xE0, 0x1E, 0x38, 0x01, 0xFE, 0x06,
    0x0F, 0x86, 0xE0, 0xE0, 0xF8, 0x3E, 0x18, 0x0E, 0xE0, 0x03, 0x8E, 0x00, 0xE1, 0xE0, 0x38, 0x1E,
    0x0E, 0x01, 0xE3, 0x86, 0x1C, 0xE0, 0xE1, 0xC8, 0x18, 0x18, 0xE3, 0xF1, 0xF8, 0xFC, 0x7E, 0x3F,
    0x1F, 0x8F, 0xC7, 0xE3, 0xF1, 0xF8, 0xFC, 0x7E, 0x38, 0x00, 0x01, 0xC7, 0xE3, 0xF1, 0xC0, 0x7F,
    0x9F, 0xF9, 0xFF, 0x0E, 0xF1, 0xCE, 0x39, 0xC7, 0x70, 0xFE, 0x1F, 0x03, 0xC0, 0x70, 0x0E, 0x01,
    0xC0, 0x00, 0x00, 0x00, 0xC0, 0x1C, 0x03, 0x00, 0xFF, 0xFF, 0xFF, 0xC0, 0xC0, 0x06, 0xC0, 0x1D,
    0xC0, 0x71, 0xE3, 0xC1, 0xFF, 0x01, 0xFC, 0x00, 0x07, 0xE0, 0x3F, 0xE0, 0xF1, 0xE3, 0x80, 0xE6,
    0x00, 0xF8, 0x00, 0xC0, 0x00, 0x00, 0x01, 0x81, 0xC0, 0xC0, 0xE0, 0x60, 0x30, 0x38, 0x18, 0x1C,
    0x0E, 0x0F, 0x06, 0xC3, 0x63, 0x39, 0x8D, 0xC7, 0x00, 0x0E, 0x00, 0x00, 0x00, 0x60, 0x00, 0x00,
    0x06, 0x00, 0x00, 0x0C, 0x63, 0x00, 0x00, 0xFF, 0xF0, 0x00, 0x0F, 0xFF, 0x00, 0x00, 0x1F, 0x80,
    0x00, 0x01, 0xF8, 0x00, 0x00, 0x1F, 0x80, 0x00, 0x03, 0x9C, 0x00, 0x00, 0x39, 0xC0, 0x00, 0x71,
    0x08, 0xE0, 0x07, 0x00, 0x0E, 0x00, 0x70, 0x00, 0xE0, 0x06, 0x00, 0x0E, 0x0F, 0x67, 0x0E, 0xEF,
    0xFF, 0xF0, 0xFF, 0xFF, 0xFF, 0x0F, 0xFF, 0x0F, 0x00, 0x1F, 0x01, 0xF8, 0x01, 0xF8, 0x1D, 0xC0,
    0x3B, 0x83, 0x9E, 0x07, 0x9C, 0x38, 0xC0, 0x31, 0x80, 0x00, 0x00, 0x00, 0xFF, 0xF0, 0x00, 0x38,
    0x01, 0xC0, 0x1C, 0x00, 0xC0, 0x0E, 0x00, 0xE0, 0x06, 0x00, 0x70, 0x03, 0x00, 0x38, 0x03, 0x80,
    0x18, 0x01, 0xC0, 0x0C, 0x00, 0xE0, 0x0E, 0x00, 0x60, 0x07, 0x00, 0x00, 0xFF, 0xFE, 0x38, 0xE3,
    0x8E, 0x38, 0xE3, 0x8F, 0xFF, 0xE3, 0x8E, 0x38, 0xE3, 0x8E, 0x38, 0xE3, 0xFF, 0xC0, 0xFF, 0xFC,
    0x38, 0x70, 0xE1, 0xC3, 0x87, 0x0E, 0x1F, 0xFF, 0xF0, 0xE1, 0xC3, 0x87, 0x0E, 0x1C, 0x38, 0x7F,
    0xFF, 0xC0, 0x7F, 0x8F, 0xE7, 0xFE, 0xFF, 0x98, 0xF7, 0x1E, 0x03, 0xC0, 0x70, 0x0E, 0x03, 0x80,
    0xF0, 0x1C, 0x07, 0x01, 0xE0, 0xF0, 0x1E, 0x0F, 0x01, 0xE0, 0xF0, 0x1E, 0x07, 0x00, 0xE0, 0x38,
    0x07, 0x01, 0x80, 0x30, 0x00, 0x00, 0x00, 0x00, 0x00, 0x03, 0x80, 0x70, 0x1C, 0x03, 0x80, 0xE0,
    0x1C, 0x00, 0x7F, 0x8F, 0xFF, 0x9D, 0x8F, 0x38, 0x0F, 0x70, 0x0E, 0xE0, 0x3D, 0xC0, 0x73, 0x83,
    0xC7, 0x0F, 0x0E, 0x3C, 0x1C, 0x70, 0x38, 0xE0, 0x71, 0x80, 0xE0, 0x00, 0x00, 0x00, 0x0E, 0x07,
    0x1C, 0x0E, 0x38, 0x1C, 0xE7, 0xF9, 0xDF, 0xFB, 0x98, 0x7F, 0x00, 0x7E, 0x00, 0xFC, 0x01, 0xF8,
    0x07, 0xF0, 0x1E, 0xE0, 0x79, 0xC1, 0xE3, 0x83, 0x87, 0x0F, 0x0E, 0x1C, 0x00, 0x00, 0x00, 0x00,
    0x70, 0xE0, 0xE1, 0xC1, 0xC3, 0x80, 0xFF, 0xFF, 0xFF, 0x00, 0x70, 0x0E, 0x00, 0xE0, 0x1C, 0x03,
    0xC0, 0x38, 0x07, 0x00, 0x70, 0x0E, 0x01, 0xE0, 0x1C, 0x03, 0x80, 0xFF, 0xE3, 0xFF, 0xCC, 0xFF,
    0xB3, 0xFE, 0xCF, 0xFF, 0x3F, 0xFC, 0xFF, 0xF3, 0xFF, 0xCF, 0xFF, 0x3F, 0xEC, 0xFF, 0xB3, 0xFE,
    0xCF, 0xF3, 0x3E, 0x0C, 0xC0, 0x33, 0x00, 0xCC, 0x03, 0x30, 0x0C, 0xC0, 0x33, 0x00, 0xCC, 0x03,
    0x30, 0x0C, 0xC0, 0x11, 0x00, 0x3F, 0xFB, 0xFF, 0xFF, 0xC7, 0xFE, 0x3F, 0xF1, 0xFF, 0x8F, 0xFC,
    0x7F, 0xE3, 0xFF, 0x1F, 0xF8, 0xFF, 0xC6, 0xFF, 0xF3, 0xFF, 0x80, 0xFF, 0xCF, 0xFE, 0xCF, 0xFC,
    0xFF, 0xCF, 0xFC, 0xFF, 0xCF, 0xFC, 0xFF, 0xCF, 0xFC, 0xFF, 0xCF, 0xFF, 0xFE, 0xFF, 0xC0, 0x0E,
    0x00, 0xE0, 0x0E, 0x0C, 0x63, 0xFF, 0xFF, 0xFF, 0x1F, 0x81, 0xF0, 0x1F, 0x83, 0x9C, 0x39, 0xC1,
    0x08, 0xEE, 0xE0, 0x00, 0x00, 0x00, 0x0E, 0xE7, 0x77, 0x30, 0x07, 0xE0, 0x3F, 0xE0, 0xF1, 0xE3,
    0x80, 0xE6, 0x00, 0xF8, 0x00, 0xC0, 0x00, 0x00, 0x00, 0x00, 0x00, 0x00, 0x00, 0x00, 0x00, 0x00,
    0x00, 0x00, 0x00, 0x00, 0x00, 0x00, 0x00, 0x00, 0x00, 0x00, 0x00, 0x00, 0x00, 0x00, 0x00, 0x00,
    0x00, 0x18, 0x00, 0xD8, 0x03, 0xB8, 0x0E, 0x3C, 0x78, 0x3F, 0xE0, 0x3F, 0x80, 0x0E, 0x00, 0xE0,
    0x0E, 0x0C, 0x63, 0xFF, 0xFF, 0xFF, 0x1F, 0x81, 0xF0, 0x3F, 0x83, 0x9C, 0x39, 0xC1, 0x08, 0x00,
    0x00, 0xE0, 0x0E, 0x00, 0xE0, 0xC6, 0x3F, 0xFF, 0xFF, 0xF1, 0xF8, 0x1F, 0x01, 0xF8, 0x39, 0xC3,
    0x9C, 0x10, 0x80, 0x61, 0x9C, 0x66, 0x38, 0x0C, 0x03, 0x01, 0xC0, 0x60, 0x18, 0x0C, 0x03, 0x01,
    0xC0, 0x60, 0x18, 0x0E, 0x03, 0x00, 0xC6, 0x61, 0xD8, 0x60, 0x1F, 0xE0, 0x0C, 0x7F, 0xFC, 0x39,
    0xC3, 0xFF, 0xE3, 0x00, 0x7F, 0x80, 0x0F, 0xE0, 0x3F, 0xE0, 0xF1, 0xE3, 0x80, 0xE6, 0x00, 0xF8,
    0x00, 0xC0, 0x00, 0x00, 0x06, 0x03, 0x31, 0x1D, 0xBC, 0x7F, 0xC1, 0xF8, 0x7F, 0xFF, 0xFF, 0xE3,
    0xF0, 0x3F, 0xC1, 0xF7, 0x1D, 0x9C, 0x4C, 0x40, 0x60, 0x00, 0x00, 0xC0, 0x70, 0x0C, 0x00, 0x00,
    0x00, 0x00, 0x03, 0x00, 0xE0, 0x30, 0x00, 0x00, 0x00, 0x00, 0x00, 0x00, 0x00, 0x03, 0x01, 0xC0,
    0x30, 0x0E, 0xEE, 0xE1, 0xDC, 0xEE, 0x19, 0xDD, 0xC3, 0xB9, 0x9C, 0x33, 0xBB, 0x87, 0x33, 0x30,
    0x66, 0x73, 0x00, 0x00, 0xC0, 0x00, 0x70, 0x00, 0x0C, 0x00, 0x00, 0x00, 0x00, 0x00, 0x00, 0x00,
    0x00, 0x00, 0x03, 0x00, 0x06, 0xE0, 0x01, 0xF0, 0x00, 0x60, 0x00, 0x00, 0x00, 0x00, 0x00, 0x00,
    0x00, 0x00, 0x00, 0x00, 0x00, 0x03, 0x00, 0x01, 0xC0, 0x00, 0x30, 0x00, 0xC0, 0x01, 0xB8, 0x00,
    0x7C, 0x00, 0x18, 0x00, 0x00, 0x00, 0x00, 0x00, 0x00, 0x00, 0x00, 0x00, 0x03, 0x00, 0x01, 0xC0,
    0x00, 0x30, 0x00, 0x00, 0x00, 0x00, 0x00, 0x00, 0x00, 0x00, 0x00, 0x00, 0x00, 0x03, 0x00, 0x06,
    0xE0, 0x01, 0xF0, 0x00, 0x60, 0xDF, 0x00, 0x00, 0x00, 0x00, 0x06, 0xF8, 0x03, 0x00, 0x1C, 0x00,
    0x30, 0x00, 0x00, 0x00, 0x00, 0x00, 0x00, 0x00, 0x00, 0x00, 0xC0, 0x1B, 0x80, 0x7C, 0x01, 0x80,
    0x00, 0x00, 0x00, 0x00, 0x00, 0x00, 0x00, 0x00, 0x03, 0x00, 0x1C, 0x00, 0x30, 0x00, 0x01, 0xC0,
    0x00, 0x70, 0x03, 0x1C, 0x60, 0xE7, 0x1C, 0x31, 0xC6, 0x00, 0x70, 0x00, 0x1C, 0x00, 0x07, 0x00,
    0xFF, 0xFF, 0xFF, 0xFF, 0xF0, 0x1C, 0x00, 0x07, 0x00, 0x01, 0xC0, 0x00, 0x70, 0x03, 0x1C, 0x60,
    0xE7, 0x1C, 0x31, 0xC6, 0x00, 0x70, 0x00, 0x1C, 0x00, 0xFF, 0x80, 0x07, 0xFC, 0x00, 0x07, 0xFC,
    0xFF, 0x8F, 0xFF, 0x03, 0xFE, 0x07, 0xFC, 0xFC, 0xC3, 0x0C, 0xFC, 0xC3, 0x0C, 0x30, 0xC3, 0x0C,
    0x30, 0xC3, 0x0C, 0x30, 0xC3, 0x0C, 0x10, 0xFF, 0x0E, 0x1C, 0x3F, 0xE6, 0x0C, 0x18, 0x30, 0x60,
    0xC1, 0x83, 0x06, 0x0C, 0x18, 0x30, 0x60, 0xC1, 0x81, 0x00, 0xFC, 0xF9, 0xE1, 0xC3, 0x06, 0x0C,
    0x18, 0x30, 0x60, 0xC1, 0x83, 0x06, 0x0C, 0x18, 0x30, 0x60, 0xC1, 0x83, 0x00, 0x00, 0x20, 0xE1,
    0xC7, 0xCF, 0xBF, 0x18, 0x30, 0x60, 0xC1, 0x83, 0x06, 0x0C, 0x18, 0x30, 0x60, 0xC1, 0x83, 0x06,
    0x00, 0x00, 0x71, 0xF7, 0x67, 0xC7, 0x0C, 0x18, 0x30, 0x60, 0xC1, 0x83, 0x06, 0x0C, 0x18, 0x30,
    0x60, 0xC1, 0x83, 0x06, 0x00, 0xF0, 0x60, 0xC1, 0x8F, 0xE6, 0x0C, 0x18, 0x30, 0x60, 0xC1, 0x83,
    0x06, 0x0C, 0x18, 0x30, 0x60, 0xC1, 0x81, 0x00, 0x7C, 0xFE, 0xE7, 0xC7, 0xC3, 0xC3, 0xC3, 0xC7,
    0xE7, 0x7E, 0x7E, 0x58, 0x0F, 0xFF, 0xFF, 0xFE, 0x0E, 0x0E, 0x1E, 0x3E, 0x76, 0x66, 0xE6, 0xFF,
    0xFF, 0x06, 0x06, 0x7F, 0x7F, 0x60, 0x60, 0xFE, 0x7F, 0x07, 0x03, 0x87, 0xFF, 0xFE, 0x3E, 0x7E,
    0xE0, 0xE0, 0xFE, 0xFF, 0xC7, 0xC3, 0xE7, 0xFF, 0x7E, 0xFF, 0xFC, 0x18, 0x70, 0xC3, 0x86, 0x1C,
    0x30, 0xE1, 0xC0, 0x7C, 0xFE, 0xC6, 0xE6, 0xFE, 0x7E, 0xEF, 0xC3, 0xC7, 0xFF, 0x7E, 0x7C, 0xFE,
    0xC7, 0xC3, 0xC7, 0xFF, 0x7F, 0x07, 0x06, 0x7E, 0x7C, 0x30, 0x60, 0xC7, 0xFF, 0xE6, 0x0C, 0x00,
    0xFF, 0xFC, 0xFF, 0xFF, 0xFF, 0xF0, 0x33, 0xB9, 0xCC, 0x63, 0x18, 0xC7, 0x38, 0xE3, 0x00, 0x63,
    0x8C, 0x73, 0x8C, 0x63, 0x39, 0xCC, 0xE6, 0x00, 0xFE, 0xFF, 0xE7, 0xC3, 0xC3, 0xC3, 0xC3, 0xC3,
    0x3C, 0x7E, 0xEF, 0xE7, 0xC3, 0xC3, 0xC3, 0xC3, 0xC7, 0xE7, 0x7E, 0x7C, 0x1D, 0xF7, 0xD3, 0x0C,
    0x30, 0xC3, 0x0C, 0x30, 0xC0, 0x3D, 0xFF, 0xB8, 0x30, 0x61, 0xC7, 0x1C, 0x70, 0xE3, 0xFF, 0xF0,
    0x3C, 0xFF, 0x67, 0x03, 0x07, 0x3E, 0x3E, 0x07, 0x03, 0x83, 0xFF, 0xFE, 0x0E, 0x0E, 0x1E, 0x3E,
    0x76, 0x66, 0xE6, 0xFF, 0xFF, 0x06, 0x06, 0x7F, 0x7F, 0x60, 0x60, 0x60, 0xFE, 0x7F, 0x07, 0x03,
    0x87, 0xFF, 0xFE, 0x1E, 0x7E, 0x70, 0xE0, 0xDC, 0xFE, 0xE7, 0xC3, 0xC3, 0xE7, 0x7F, 0x7E, 0xFF,
    0xFC, 0x18, 0x70, 0xC3, 0x86, 0x0C, 0x38, 0x61, 0xC3, 0x00, 0x3C, 0xFE, 0xEE, 0xC6, 0xEE, 0x7C,
    0x7E, 0xE7, 0xC3, 0xC7, 0xFF, 0x7E, 0x3C, 0x7E, 0xE7, 0xC7, 0xC3, 0xE7, 0xFF, 0x7F, 0x07, 0x0E,
    0x7E, 0x7C, 0x30, 0x63, 0xFF, 0xF3, 0x06, 0x0C, 0x00, 0xFF, 0xFC, 0xFF, 0xFC, 0x07, 0xFF, 0xE0,
    0x33, 0x99, 0xCC, 0x63, 0x18, 0xC6, 0x38, 0xC7, 0x18, 0x63, 0x8C, 0x73, 0x8C, 0x63, 0x19, 0xCE,
    0x67, 0x30, 0x3F, 0x1F, 0x80, 0xEF, 0xF7, 0xFF, 0x1F, 0xFE, 0xFF, 0x3E, 0x3F, 0x98, 0xDF, 0xFF,
    0xF3, 0x01, 0xFC, 0x7E, 0x3F, 0x1F, 0xE6, 0x1B, 0x86, 0xE1, 0x98, 0x67, 0xF8, 0xFC, 0xE3, 0x3B,
    0x0F, 0x83, 0x81, 0xC1, 0xF1, 0x9D, 0xC6, 0x7E, 0x3F, 0x80, 0xDF, 0xEF, 0xF3, 0x19, 0xFC, 0x7C,
    0xC0, 0xC0, 0xC0, 0xFE, 0xFF, 0xE7, 0xC3, 0xC3, 0xC3, 0xC3, 0xC3, 0xC0, 0xC0, 0xC0, 0xC6, 0xCC,
    0xD8, 0xF0, 0xF8, 0xDC, 0xCE, 0xC7, 0xFF, 0xFF, 0xFC, 0xFD, 0xF7, 0xFF, 0xB9, 0xCF, 0x8C, 0x7C,
    0x63, 0xE3, 0x1F, 0x18, 0xF8, 0xC7, 0xFE, 0xFF, 0xE7, 0xC3, 0xC3, 0xC3, 0xC3, 0xC3, 0xFE, 0xFF,
    0xC7, 0xC3, 0xC3, 0xE7, 0xFF, 0xFE, 0xC0, 0xC0, 0xC0, 0xC0, 0xFF, 0xFF, 0x03, 0x81, 0xE0, 0xFF,
    0xFE, 0x30, 0x60, 0xC3, 0xEF, 0xC6, 0x0C, 0x18, 0x30, 0x78, 0xF0, 0x3F, 0x83, 0xFC, 0x3C, 0x41,
    0xC0, 0x0E, 0x00, 0x73, 0xFF, 0x9F, 0xFC, 0xE0, 0xE7, 0x07, 0xB8, 0x1F, 0xFC, 0x7F, 0xE0, 0x70,
    0x03, 0x80, 0x1C, 0x00, 0xE0, 0x07, 0xF8, 0x3F, 0xC0, 0x03, 0x70, 0x1B, 0x83, 0xFC, 0x3F, 0xF3,
    0xE7, 0x3F, 0x73, 0xDB, 0x9D, 0xD8, 0xEE, 0xC7, 0x66, 0x3B, 0x71, 0xDB, 0x8F, 0xD8, 0x7E, 0xC3,
    0xE6, 0x0F, 0x30, 0x7F, 0xB1, 0xFF, 0x8F, 0xFC, 0x66, 0x03, 0x30, 0x00, 0x0F, 0xF1, 0xFF, 0x9F,
    0x0C, 0xE0, 0x0F, 0x00, 0x70, 0x03, 0x9B, 0xDC, 0xFE, 0xE7, 0xC7, 0x38, 0x39, 0xC1, 0xCE, 0x0E,
    0x70, 0x7B, 0x81, 0xDC, 0x0F, 0xE6, 0x3F, 0xF0, 0xFF, 0x80, 0x3F, 0xF3, 0xFF, 0x38, 0x03, 0x80,
    0x38, 0x03, 0x80, 0x38, 0x03, 0x80, 0x3F, 0xF3, 0xFF, 0x38, 0x03, 0x80, 0x38, 0x0F, 0xF0, 0xFF,
    0x03, 0x80, 0x38, 0x03, 0x80, 0x0F, 0xF0, 0xFF, 0xC7, 0x8C, 0x38, 0x03, 0x80, 0x1C, 0x00, 0xE0,
    0x1F, 0xF8, 0xFF, 0xC1, 0xC0, 0x3F, 0xF1, 0xFF, 0x83, 0x80, 0x1C, 0x00, 0xE0, 0x0E, 0x00, 0xFF,
    0xFF, 0xFF, 0xC0, 0x00, 0x0E, 0x00, 0x00, 0xC0, 0x00, 0x1C, 0x0D, 0xFD, 0xFC, 0xFF, 0xFF, 0xEF,
    0x1F, 0x8F, 0xE0, 0xF0, 0x7E, 0x0F, 0x07, 0xE0, 0xE0, 0x7E, 0x0E, 0x07, 0xE1, 0xE0, 0x7E, 0x1E,
    0x07, 0xE1, 0xE0, 0x7E, 0x3E, 0x07, 0xE3, 0xE0, 0x7E, 0x7E, 0x07, 0xE6, 0xE0, 0x70, 0xE0, 0x00,
    0x0C, 0x00, 0x01, 0xC0, 0x00, 0x78, 0x71, 0xF1, 0xC7, 0xC7, 0x1F, 0x1C, 0x7E, 0x71, 0xF9, 0xCF,
    0xFF, 0xFF, 0xFF, 0x77, 0x71, 0xCD, 0xCF, 0xFF, 0xFF, 0xFF, 0x71, 0xF1, 0xC7, 0xC7, 0x1F, 0x1C,
    0x3C, 0x70, 0xF1, 0xC1, 0xC0, 0xFF, 0x00, 0x7F, 0xC0, 0x39, 0xF0, 0x1C, 0x38, 0x0E, 0x1C, 0xC7,
    0x0E, 0x63, 0x87, 0x71, 0xC3, 0xFE, 0xE7, 0xFF, 0x7F, 0xCE, 0x3F, 0x87, 0x1C, 0x03, 0x8E, 0x01,
    0xC7, 0x00, 0xE3, 0x80, 0x71, 0xC0, 0x3C, 0xE0, 0x0F, 0xF0, 0x07, 0xC0, 0xFE, 0x00, 0x3F, 0xC0,
    0x0E, 0x78, 0x03, 0x8E, 0x00, 0xE3, 0x9F, 0xF8, 0xEF, 0xFE, 0x3B, 0x8F, 0x9E, 0xE0, 0xFF, 0x38,
    0x3F, 0x8F, 0x8E, 0xE1, 0xF3, 0x9C, 0x3E, 0xE7, 0x03, 0xF9, 0xC0, 0x7E, 0x38, 0x1F, 0x8E, 0xC7,
    0xE3, 0xFF, 0xF8, 0x7F, 0xE0, 0xE3, 0xC7, 0xE3, 0xC7, 0xE3, 0xC7, 0xE3, 0xC7, 0x63, 0xC6, 0x63,
    0xE6, 0x77, 0xE6, 0x77, 0xEE, 0xFF, 0xFF, 0xFF, 0xFF, 0x36, 0x6C, 0x36, 0x7C, 0x3E, 0x7C, 0x3E,
    0x3C, 0x3C, 0x3C, 0x3C, 0x3C, 0x1C, 0x3C, 0x1C, 0x38, 0xFF, 0x87, 0xFF, 0xC7, 0xE1, 0xE7, 0xE0,
    0xE7, 0xEE, 0xF7, 0xEE, 0x77, 0xEE, 0x77, 0xEE, 0x77, 0xEE, 0x77, 0xEE, 0x77, 0xEE, 0x77, 0xEE,
    0x77, 0xEE, 0x77, 0xEE, 0x67, 0xEE, 0x07, 0xEE, 0x0F, 0xEF, 0xFE, 0xEF, 0xFC, 0x00, 0x70, 0x1F,
    0xF0, 0x7F, 0xC0, 0x1C, 0x00, 0x70, 0xFF, 0xC7, 0xFF, 0x1E, 0x7C, 0xE0, 0x73, 0x81, 0xCE, 0x07,
    0x38, 0x1C, 0xE0, 0x73, 0x81, 0xCE, 0x07, 0x38, 0x1C, 0x78, 0xF1, 0xFF, 0xC3, 0xFB, 0x00, 0x00,
    0x00, 0x00, 0xFF, 0xE3, 0xFF, 0x80, 0x07, 0xF8, 0x3F, 0xF1, 0xE1, 0x8F, 0x00, 0x38, 0x00, 0xE0,
    0x0F, 0xFC, 0x3F, 0xF0, 0x70, 0x01, 0xC0, 0x0F, 0xFC, 0x3F, 0xF0, 0x38, 0x00, 0xE0, 0x01, 0xC0,
    0x07, 0xC6, 0x0F, 0xF8, 0x1F, 0xE0, 0x38, 0x38, 0xE1, 0xE3, 0x87, 0x0E, 0x38, 0x39, 0xC0, 0xEE,
    0x03, 0xB8, 0x0F, 0xC0, 0xFF, 0xF3, 0xFF, 0xC3, 0xB8, 0x0E, 0xE0, 0x39, 0xC0, 0xE3, 0x83, 0x8F,
    0x0E, 0x1C, 0x38, 0x38, 0xE0, 0xF0, 0xFF, 0xFF, 0xFF, 0xC1, 0xC0, 0x0E, 0x00, 0x76, 0x03, 0xF8,
    0x1F, 0x80, 0xF0, 0x1F, 0x21, 0xFB, 0x8F, 0xF8, 0x0F, 0x80, 0xF8, 0x0F, 0x80, 0xFC, 0x06, 0xE0,
    0x07, 0x00, 0x38, 0x00, 0x7F, 0xC0, 0x00, 0x7F, 0xF0, 0x00, 0x70, 0xF8, 0x00, 0x0E, 0x3C, 0x00,
    0x0E, 0x1C, 0x00, 0x0E, 0x1C, 0x00, 0x0C, 0x0E, 0x00, 0x1C, 0x0E, 0x00, 0x1C, 0x0E, 0x00, 0x1C,
    0x1E, 0x7E, 0x1C, 0x1C, 0xFF, 0x38, 0x1D, 0xE7, 0x38, 0x3D, 0xC7, 0x38, 0x39, 0xC7, 0x38, 0xF9,
    0x87, 0x33, 0xF3, 0xCF, 0x7F, 0xE3, 0xFE, 0x7F, 0x83, 0xFC, 0x00, 0x03, 0x80, 0x00, 0x07, 0x00,
    0x00, 0x07, 0x00, 0x00, 0x07, 0x00, 0x00, 0x07, 0x00, 0x00, 0x07, 0x00, 0x01, 0xF0, 0x1F, 0xC0,
    0xEE, 0x07, 0x70, 0x3B, 0x81, 0xDC, 0x0E, 0xE0, 0x77, 0x01, 0xF0, 0x0F, 0x80, 0x78, 0x01, 0xC1,
    0x9E, 0x1C, 0xF0, 0xFF, 0xCF, 0xEE, 0x7E, 0x3F, 0x31, 0xC0, 0x0E, 0x00, 0x70, 0x03, 0x80, 0x1C,
    0x07, 0xE0, 0x3E, 0x3F, 0xC0, 0xFF, 0x83, 0x8F, 0x3F, 0xFF, 0xFF, 0xFC, 0xE0, 0xE3, 0x83, 0xBF,
    0xFF, 0xFF, 0xFC, 0xE3, 0xC3, 0xFE, 0x0F, 0xF0, 0x38, 0x00, 0xE0, 0x03, 0x80, 0x0E, 0x00, 0x38,
    0x00, 0xE0, 0x00, 0x00, 0xC0, 0x0F, 0xF8, 0x7F, 0xF9, 0xF6, 0x67, 0x8C, 0x0E, 0x18, 0x38, 0x30,
    0x70, 0x60, 0xE0, 0xC1, 0xC1, 0xFF, 0x83, 0xFF, 0x06, 0x7E, 0x0C, 0xFC, 0x19, 0xFC, 0x33, 0xBC,
    0x67, 0x3E, 0xCE, 0x3F, 0xFC, 0x3F, 0xF8, 0x06, 0x00, 0x0C, 0x00, 0x01, 0xC0, 0x01, 0xF0, 0x00,
    0xF8, 0x00, 0x7C, 0x00, 0x77, 0x00, 0x3B, 0x81, 0xFF, 0xFC, 0xFF, 0xFE, 0x0E, 0x38, 0x0E, 0x0E,
    0x1F, 0xFF, 0xCF, 0xFF, 0xE3, 0x81, 0xE1, 0xC0, 0x70, 0xE0, 0x38, 0xE0, 0x0E, 0x70, 0x07, 0x38,
    0x03, 0x80, 0x3F, 0xE1, 0xFF, 0x8C, 0x1C, 0x00, 0x70, 0x03, 0xFF, 0xFF, 0xFF, 0xE0, 0x7C, 0x0F,
    0xC1, 0xF8, 0x3F, 0xFF, 0xFF, 0xF7, 0x00, 0x38, 0x01, 0xC0, 0x0F, 0x07, 0x3F, 0xF8, 0xFF, 0x80,
    0x01, 0x80, 0x3F, 0xF1, 0xFF, 0xCF, 0x66, 0x79, 0x81, 0xC6, 0x0E, 0x18, 0x38, 0x60, 0xE1, 0x83,
    0x86, 0x0E, 0x18, 0x38, 0x60, 0xE1, 0x83, 0x86, 0x0F, 0x18, 0x1E, 0x60, 0x7D, 0x98, 0xFF, 0xE0,
    0xFF, 0x80, 0x60, 0x01, 0x80, 0x38, 0x60, 0x71, 0xC0, 0xE3, 0x87, 0xFF, 0xEF, 0xFF, 0xC7, 0x1C,
    0x0E, 0x38, 0x1C, 0x70, 0x38, 0xE0, 0x71, 0xC0, 0xE3, 0x81, 0xC7, 0x03, 0x8E, 0x07, 0x1C, 0x0E,
    0x38, 0x1C, 0x7F, 0x38, 0x7E, 0x00, 0xFF, 0x01, 0xFF, 0x80, 0xF1, 0xC0, 0xF0, 0x00, 0x70, 0x00,
    0x3C, 0x00, 0x0E, 0x00, 0x07, 0xC0, 0x01, 0xFC, 0x00, 0x3F, 0x00, 0x03, 0xC0, 0x00, 0xEF, 0xFF,
    0x3D, 0xDD, 0x9F, 0xEC, 0xDD, 0xF6, 0x7E, 0x7F, 0xFE, 0x1F, 0xFE, 0x0C, 0xCC, 0x06, 0x66, 0x00,
    0xFF, 0xFF, 0xFF, 0xC0, 0x00, 0x00, 0x0F, 0xFF, 0xFF, 0xFC, 0x1C, 0x00, 0xE0, 0x07, 0x00, 0x38,
    0x01, 0xC0, 0x0E, 0x00, 0x70, 0x03, 0x80, 0x1C, 0x00, 0xE0, 0x07, 0x00, 0x38, 0x00, 0xFF, 0xFF,
    0xFF, 0xFC, 0x38, 0xFF, 0xFF, 0xFF, 0xFC, 0x38, 0x1E, 0x3F, 0x0F, 0x83, 0x80, 0x70, 0x1C, 0x03,
    0x80, 0xE0, 0x1C, 0x07, 0x80, 0xE0, 0x1C, 0x00, 0x70, 0x01, 0xCE, 0x07, 0xF0, 0x3F, 0x83, 0xF1,
    0x0F, 0xDE, 0x07, 0xF0, 0x7F, 0x03, 0xF0, 0x7D, 0xC1, 0xC7, 0x0E, 0x1C, 0x38, 0x70, 0xE1, 0xC7,
    0x07, 0x7C, 0x1F, 0xE0, 0x7E, 0x00, 0x7C, 0x00, 0x1F, 0xC0, 0x03, 0xB8, 0x00, 0x77, 0x00, 0x0F,
    0xFF, 0xF8, 0xFF, 0xFF, 0x83, 0x80, 0x78, 0x70, 0x07, 0x0E, 0x44, 0x61, 0xDD, 0xCC, 0x3F, 0xFF,
    0x83, 0xDD, 0xF0, 0x73, 0x1C, 0x1E, 0x00, 0x07, 0xE0, 0x00, 0x5E, 0x10, 0x01, 0xFE, 0x00, 0x1F,
    0xC0, 0x01, 0xC0, 0x00, 0x70, 0x00, 0x1C, 0x00, 0x07, 0x00, 0x01, 0xC0, 0x03, 0xFF, 0x03, 0xFF,
    0xE1, 0xF7, 0x7C, 0x71, 0xC7, 0xB8, 0x70, 0xEE, 0x1C, 0x1F, 0x87, 0x07, 0xE1, 0xC1, 0xF8, 0x70,
    0x7E, 0x00, 0x1F, 0x80, 0x07, 0xE0, 0x01, 0xF8, 0x00, 0x70, 0x3F, 0xE1, 0xFF, 0x8E, 0x3E, 0x70,
    0x73, 0x83, 0x9C, 0x1C, 0xE0, 0xE7, 0x07, 0x38, 0xFF, 0xFF, 0xBF, 0xF0, 0x70, 0x03, 0x80, 0x7F,
    0xC3, 0xFE, 0x07, 0x00, 0x38, 0x01, 0xC0, 0x00, 0x06, 0x60, 0x06, 0x60, 0x0F, 0xF0, 0x3F, 0xF8,
    0x3E, 0x7C, 0x76, 0x6E, 0xF6, 0x6F, 0xE6, 0x67, 0xE6, 0x67, 0xE6, 0x67, 0xE6, 0x67, 0xE6, 0x63,
    0xE0, 0x00, 0xE0, 0x00, 0xE0, 0x00, 0x70, 0x00, 0x78, 0x00, 0x3E, 0x00, 0x7F, 0xFE, 0x7F, 0xFE,
    0x36, 0x06, 0xC0, 0xD8, 0x7F, 0xCF, 0xFD, 0xC7, 0xB8, 0x7F, 0x07, 0xE1, 0xDC, 0x7B, 0xFE, 0x7F,
    0xCE, 0x3D, 0xC1, 0xF8, 0x3F, 0x07, 0xE0, 0xFC, 0x1F, 0x87, 0xFF, 0xEF, 0xF8, 0x6C, 0x0D, 0x81,
    0xB0, 0x1F, 0xC7, 0xF9, 0xE3, 0x78, 0x0E, 0x01, 0xC0, 0x38, 0x07, 0x00, 0xE0, 0x1C, 0x03, 0xC0,
    0x3C, 0x67, 0xFC, 0x3F, 0x80, 0x00, 0x00, 0xFF, 0xDF, 0xF8, 0xFF, 0xFF, 0xFF, 0x1F, 0xCF, 0xE7,
    0xFB, 0xF8, 0xF0, 0x70, 0x1C, 0x0E, 0x03, 0x81, 0xC1, 0xFE, 0xFF, 0x3F, 0xDF, 0xE1, 0xC0, 0xE0,
    0x38, 0x1C, 0x07, 0x03, 0x80, 0xE0, 0x70, 0x1C, 0x0E, 0x03, 0x81, 0xC0, 0x70, 0x38, 0x0E, 0x07,
    0x01, 0xC0, 0xE0, 0x38, 0x1C, 0x07, 0x03, 0x80, 0xE0, 0x70, 0x00, 0x1F, 0xB1, 0xFD, 0xCE, 0x0C,
    0x70, 0x03, 0x80, 0x7F, 0x9F, 0xFC, 0xE7, 0x07, 0x38, 0x39, 0xC1, 0xCE, 0x0E, 0x70, 0x73, 0x83,
    0x9C, 0x1C, 0xE0, 0xE7, 0x07, 0x38, 0x39, 0xC1, 0xCE, 0x0E, 0x1F, 0xB9, 0xFD, 0xCE, 0x0E, 0x70,
    0x73, 0x83, 0xFF, 0x9F, 0xFC, 0xE7, 0x07, 0x38, 0x39, 0xC1, 0xCE, 0x0E, 0x70, 0x73, 0x83, 0x9C,
    0x1C, 0xE0, 0xE7, 0x07, 0x38, 0x39, 0xC1, 0xCE, 0x0E, 0x1F, 0xCF, 0xD8, 0xFF, 0x7F, 0x73, 0xC1,
    0xC1, 0x8E, 0x07, 0x00, 0x38, 0x1C, 0x03, 0xFD, 0xFE, 0x7F, 0xF7, 0xF9, 0xCE, 0x07, 0x07, 0x38,
    0x1C, 0x1C, 0xE0, 0x70, 0x73, 0x81, 0xC1, 0xCE, 0x07, 0x07, 0x38, 0x1C, 0x1C, 0xE0, 0x70, 0x73,
    0x81, 0xC1, 0xCE, 0x07, 0x07, 0x38, 0x1C, 0x1C, 0xE0, 0x70, 0x73, 0x81, 0xC1, 0xC0, 0x1F, 0xCF,
    0xDC, 0xFF, 0x7F, 0x73, 0xC1, 0xC1, 0xCE, 0x07, 0x07, 0x38, 0x1C, 0x1F, 0xFD, 0xFE, 0x7F, 0xF7,
    0xF9, 0xCE, 0x07, 0x07, 0x38, 0x1C, 0x1C, 0xE0, 0x70, 0x73, 0x81, 0xC1, 0xCE, 0x07, 0x07, 0x38,
    0x1C, 0x1C, 0xE0, 0x70, 0x73, 0x81, 0xC1, 0xCE, 0x07, 0x07, 0x38, 0x1C, 0x1C, 0xE0, 0x70, 0x73,
    0x81, 0xC1, 0xC0, 0x3F, 0x81, 0xFF, 0x0F, 0x1E, 0x38, 0x38, 0xE0, 0xE3, 0x8F, 0xFE, 0x3F, 0xF8,
    0x38, 0xE0, 0xE3, 0x83, 0x8E, 0x0E, 0x38, 0x38, 0xE0, 0xE3, 0x83, 0x8E, 0x0E, 0x38, 0x38, 0xE0,
    0xE3, 0x83, 0xFE, 0x07, 0xC0, 0x01, 0xFC, 0x00, 0x7F, 0xC0, 0x0E, 0x3C, 0x03, 0x83, 0x80, 0x38,
    0x70, 0xFF, 0x3F, 0xFF, 0xE7, 0xFF, 0x08, 0x38, 0xE0, 0x07, 0x1C, 0x00, 0xE3, 0xE0, 0x1C, 0x3F,
    0x03, 0x81, 0xF8, 0x70, 0x0F, 0x0E, 0x00, 0xF1, 0xC0, 0x0E, 0x38, 0xC3, 0x87, 0x1F, 0xF0, 0xFF,
    0xFC, 0x0F, 0x80, 0x00, 0x10, 0x00, 0x00, 0x70, 0x00, 0x01, 0xF0, 0x00, 0x07, 0xF0, 0x00, 0x1F,
    0xF0, 0x00, 0x7F, 0xF0, 0x01, 0xC0, 0xF0, 0x07, 0x88, 0xF0, 0x1F, 0xF9, 0xF0, 0x7F, 0xF3, 0xF1,
    0xFF, 0xE7, 0xF7, 0xFF, 0x9F, 0xFF, 0xFE, 0x7F, 0xEF, 0xF9, 0xFF, 0x8F, 0xF3, 0xFE, 0x0F, 0xFF,
    0xF8, 0x0F, 0xFF, 0xE0, 0x0F, 0x9F, 0x80, 0x0F, 0x3E, 0x00, 0x0E, 0x78, 0x00, 0x0F, 0xE0, 0x00,
    0x0F, 0x80, 0x00, 0x0E, 0x00, 0x00, 0x08, 0x00,
};

static const EpdGlyph notosansui_12_regularGlyphs[] = {
    { 0, 0, 0, 0, 0, 0, 0 }, // U+0000
    { 0, 0, 104, 0, 0, 0, 0 }, // U+000D
    { 0, 0, 104, 0, 0, 0, 0 }, // U+0020
    { 3, 18, 108, 2, 18, 7, 0 }, // !
    { 8, 7, 163, 1, 18, 7, 7 }, // "
    { 15, 18, 258, 1, 18, 34, 14 }, // #
    { 12, 21, 229, 2, 19, 32, 48 }, // $
    { 18, 18, 332, 1, 18, 41, 80 }, // %
    { 18, 18, 293, 1, 18, 41, 121 }, // &
    { 3, 7, 90, 1, 18, 3, 162 }, // '
    { 6, 23, 120, 1, 18, 18, 165 }, // (
    { 7, 23, 120, 0, 18, 21, 183 }, // )
    { 12, 12, 220, 1, 19, 18, 204 }, // *
    { 12, 12, 229, 1, 15, 18, 222 }, // +
    { 4, 6, 107, 1, 3, 3, 240 }, // ,
    { 6, 2, 129, 1, 8, 2, 243 }, // -
    { 3, 3, 107, 2, 3, 2, 245 }, // .
    { 10, 18, 149, 0, 18, 23, 247 }, // /
    { 12, 18, 229, 1, 18, 27, 270 }, // 0
    { 8, 18, 229, 2, 18, 18, 297 }, // 1
    { 12, 18, 229, 1, 18, 27, 315 }, // 2
    { 12, 18, 229, 1, 18, 27, 342 }, // 3
    { 13, 18, 229, 1, 18, 30, 369 }, // 4
    { 12, 18, 229, 2, 18, 27, 399 }, // 5
    { 12, 18, 229, 1, 18, 27, 426 }, // 6
    { 12, 18, 229, 1, 18, 27, 453 }, // 7
    { 12, 18, 229, 1, 18, 27, 480 }, // 8
    { 12, 18, 229, 1, 18, 27, 507 }, // 9
    { 3, 14, 107, 2, 14, 6, 534 }, // :
    { 4, 17, 107, 1, 14, 9, 540 }, // ;
    { 12, 14, 229, 1, 16, 21, 549 }, // <
    { 11, 7, 229, 1, 13, 10, 570 }, // =
    { 12, 14, 229, 1, 16, 21, 580 }, // >
    { 11, 18, 174, 0, 18, 25, 601 }, // ?
    { 20, 20, 360, 1, 18, 50, 626 }, // @
    { 16, 18, 256, 0, 18, 36, 676 }, // A
    { 13, 18, 260, 2, 18, 30, 712 }, // B
    { 14, 18, 253, 2, 18, 32, 742 }, // C
    { 15, 18, 292, 2, 18, 34, 774 }, // D
    { 10, 18, 222, 2, 18, 23, 808 }, // E
    { 10, 18, 208, 2, 18, 23, 831 }, // F
    { 15, 18, 291, 2, 18, 34, 854 }, // G
    { 14, 18, 296, 2, 18, 32, 888 }, // H
    { 6, 18, 136, 1, 18, 14, 920 }, // I
    { 7, 23, 109, -2, 18, 21, 934 }, // J
    { 14, 18, 248, 2, 18, 32, 955 }, // K
    { 10, 18, 210, 2, 18, 23, 987 }, // L
    { 18, 18, 363, 2, 18, 41, 1010 }, // M
    { 15, 18, 304, 2, 18, 34, 1051 }, // N
    { 17, 18, 312, 2, 18, 39, 1085 }, // O
    { 12, 18, 242, 2, 18, 27, 1124 }, // P
    { 17, 22, 312, 2, 18, 47, 1151 }, // Q
    { 13, 18, 249, 2, 18, 30, 1198 }, // R
    { 12, 18, 220, 1, 18, 27, 1228 }, // S
    { 13, 18, 222, 1, 18, 30, 1255 }, // T
    { 14, 18, 292, 2, 18, 32, 1285 }, // U
    { 15, 18, 240, 0, 18, 34, 1317 }, // V
    { 23, 18, 372, 0, 18, 52, 1351 }, // W
    { 15, 18, 234, 0, 18, 34, 1403 }, // X
    { 15, 18, 226, 0, 18, 34, 1437 }, // Y
    { 12, 18, 229, 1, 18, 27, 1471 }, // Z
    { 6, 22, 132, 2, 18, 17, 1498 }, // [
    { 10, 18, 149, 0, 18, 23, 1515 }, // <backslash>
    { 7, 22, 132, 0, 18, 20, 1538 }, // ]
    { 14, 12, 229, 0, 19, 21, 1558 }, // ^
    { 11, 2, 178, 0, -2, 3, 1579 }, // _
    { 6, 4, 112, 1, 20, 3, 1582 }, // `
    { 11, 14, 224, 1, 14, 20, 1585 }, // a
    { 12, 19, 246, 2, 19, 29, 1605 }, // b
    { 10, 14, 192, 1, 14, 18, 1634 }, // c
    { 12, 19, 246, 1, 19, 29, 1652 }, // d
    { 12, 14, 226, 1, 14, 21, 1681 }, // e
    { 10, 19, 138, 1, 19, 24, 1702 }, // f
    { 12, 20, 246, 1, 14, 30, 1726 }, // g
    { 12, 19, 247, 2, 19, 29, 1756 }, // h
    { 3, 19, 103, 2, 19, 8, 1785 }, // i
    { 7, 25, 103, -2, 19, 22, 1793 }, // j
    { 12, 19, 214, 2, 19, 29, 1815 }, // k
    { 3, 19, 103, 2, 19, 8, 1844 }, // l
    { 20, 14, 374, 2, 14, 35, 1852 }, // m
    { 12, 14, 247, 2, 14, 21, 1887 }, // n
    { 13, 14, 242, 1, 14, 23, 1908 }, // o
    { 12, 20, 246, 2, 14, 30, 1931 }, // p
    { 12, 20, 246, 1, 14, 30, 1961 }, // q
    { 8, 14, 165, 2, 14, 14, 1991 }, // r
    { 10, 14, 192, 1, 14, 18, 2005 }, // s
    { 8, 17, 144, 1, 17, 17, 2023 }, // t
    { 12, 14, 247, 2, 14, 21, 2040 }, // u
    { 13, 14, 203, 0, 14, 23, 2061 }, // v
    { 20, 14, 314, 0, 14, 35, 2084 }, // w
    { 13, 14, 212, 0, 14, 23, 2119 }, // x
    { 14, 20, 204, -1, 14, 35, 2142 }, // y
    { 10, 14, 188, 1, 14, 18, 2177 }, // z
    { 8, 22, 152, 1, 18, 22, 2195 }, // {
    { 3, 25, 220, 6, 19, 10, 2217 }, // |
    { 8, 22, 152, 1, 18, 22, 2227 }, // }
    { 12, 3, 229, 1, 10, 5, 2249 }, // ~
    { 0, 0, 104, 0, 0, 0, 2254 }, // U+00A0
    { 3, 18, 108, 2, 14, 7, 2254 }, // U+00A1
    { 10, 18, 229, 2, 18, 23, 2261 }, // U+00A2
    { 13, 18, 229, 1, 18, 30, 2284 }, // U+00A3
    { 12, 12, 229, 1, 15, 18, 2314 }, // U+00A4
    { 14, 18, 229, 0, 18, 32, 2332 }, // U+00A5
    { 3, 25, 220, 6, 19, 10, 2364 }, // U+00A6
    { 10, 19, 205, 2, 19, 24, 2374 }, // U+00A7
    { 7, 3, 232, 4, 19, 3, 2398 }, // U+00A8
    { 19, 19, 333, 0, 19, 46, 2401 }, // U+00A9
    { 8, 9, 143, 0, 19, 9, 2447 }, // U+00AA
    { 11, 12, 204, 1, 13, 17, 2456 }, // U+00AB
    { 13, 7, 229, 1, 10, 12, 2473 }, // U+00AC
    { 6, 2, 129, 1, 8, 2, 2485 }, // U+00AD
    { 19, 19, 333, 0, 19, 46, 2487 }, // U+00AE
    { 13, 2, 200, 0, 21, 4, 2533 }, // U+00AF
    { 8, 8, 171, 1, 19, 8, 2537 }, // U+00B0
    { 12, 15, 229, 1, 15, 23, 2545 }, // U+00B1
    { 7, 11, 140, 1, 21, 10, 2568 }, // U+00B2
    { 8, 11, 140, 0, 21, 11, 2578 }, // U+00B3
    { 6, 4, 112, 1, 20, 3, 2589 }, // U+00B4
    { 12, 20, 249, 2, 14, 30, 2592 }, // U+00B5
    { 13, 24, 262, 1, 19, 39, 2622 }, // U+00B6
    { 3, 3, 107, 2, 10, 2, 2661 }, // U+00B7
    { 7, 7, 90, 0, 0, 7, 2663 }, // U+00B8
    { 6, 11, 140, 0, 21, 9, 2670 }, // U+00B9
    { 9, 9, 150, 0, 19, 11, 2679 }, // U+00BA
    { 11, 12, 204, 1, 13, 17, 2690 }, // U+00BB
    { 18, 18, 298, 0, 18, 41, 2707 }, // U+00BC
    { 18, 18, 308, 0, 18, 41, 2748 }, // U+00BD
    { 19, 18, 312, 0, 18, 43, 2789 }, // U+00BE
    { 10, 18, 174, 1, 14, 23, 2832 }, // U+00BF
    { 16, 24, 256, 0, 24, 48, 2855 }, // U+00C0
    { 16, 24, 256, 0, 24, 48, 2903 }, // U+00C1
    { 16, 24, 256, 0, 24, 48, 2951 }, // U+00C2
    { 16, 23, 256, 0, 23, 46, 2999 }, // U+00C3
    { 17, 23, 256, -1, 23, 49, 3045 }, // U+00C4
    { 17, 22, 256, -1, 22, 47, 3094 }, // U+00C5
    { 22, 18, 352, -1, 18, 50, 3141 }, // U+00C6
    { 14, 24, 253, 2, 18, 42, 3191 }, // U+00C7
    { 10, 24, 222, 2, 24, 30, 3233 }, // U+00C8
    { 10, 24, 222, 2, 24, 30, 3263 }, // U+00C9
    { 10, 24, 222, 2, 24, 30, 3293 }, // U+00CA
    { 10, 23, 222, 2, 23, 29, 3323 }, // U+00CB
    { 6, 24, 136, 1, 24, 18, 3352 }, // U+00CC
    { 7, 24, 136, 1, 24, 21, 3370 }, // U+00CD
    { 9, 24, 136, 0, 24, 27, 3391 }, // U+00CE
    { 7, 23, 136, 1, 23, 21, 3418 }, // U+00CF
    { 16, 18, 292, 1, 18, 36, 3439 }, // U+00D0
    { 15, 23, 304, 2, 23, 44, 3475 }, // U+00D1
    { 17, 25, 312, 2, 25, 54, 3519 }, // U+00D2
    { 17, 25, 312, 2, 25, 54, 3573 }, // U+00D3
    { 17, 25, 312, 2, 25, 54, 3627 }, // U+00D4
    { 17, 24, 312, 2, 24, 51, 3681 }, // U+00D5
    { 17, 24, 312, 2, 24, 51, 3732 }, // U+00D6
    { 12, 12, 229, 1, 15, 18, 3783 }, // U+00D7
    { 17, 20, 312, 2, 19, 43, 3801 }, // U+00D8
    { 14, 25, 292, 2, 25, 44, 3844 }, // U+00D9
    { 14, 25, 292, 2, 25, 44, 3888 }, // U+00DA
    { 14, 25, 292, 2, 25, 44, 3932 }, // U+00DB
    { 14, 24, 292, 2, 24, 42, 3976 }, // U+00DC
    { 15, 24, 226, 0, 24, 45, 4018 }, // U+00DD
    { 12, 18, 242, 2, 18, 27, 4063 }, // U+00DE
    { 13, 19, 252, 2, 19, 31, 4090 }, // U+00DF
    { 11, 19, 224, 1, 19, 27, 4121 }, // U+00E0
    { 11, 19, 224, 1, 19, 27, 4148 }, // U+00E1
    { 11, 19, 224, 1, 19, 27, 4175 }, // U+00E2
    { 11, 18, 224, 1, 18, 25, 4202 }, // U+00E3
    { 11, 18, 224, 1, 18, 25, 4227 }, // U+00E4
    { 11, 21, 224, 1, 21, 29, 4252 }, // U+00E5
    { 19, 14, 346, 1, 14, 34, 4281 }, // U+00E6
    { 10, 20, 192, 1, 14, 25, 4315 }, // U+00E7
    { 12, 19, 226, 1, 19, 29, 4340 }, // U+00E8
    { 12, 19, 226, 1, 19, 29, 4369 }, // U+00E9
    { 12, 19, 226, 1, 19, 29, 4398 }, // U+00EA
    { 12, 18, 226, 1, 18, 27, 4427 }, // U+00EB
    { 6, 19, 103, -1, 19, 15, 4454 }, // U+00EC
    { 6, 19, 103, 1, 19, 15, 4469 }, // U+00ED
    { 10, 19, 103, -2, 19, 24, 4484 }, // U+00EE
    { 8, 18, 103, 0, 18, 18, 4508 }, // U+00EF
    { 13, 20, 242, 1, 20, 33, 4526 }, // U+00F0
    { 12, 18, 247, 2, 18, 27, 4559 }, // U+00F1
    { 13, 19, 242, 1, 19, 31, 4586 }, // U+00F2
    { 13, 19, 242, 1, 19, 31, 4617 }, // U+00F3
    { 13, 19, 242, 1, 19, 31, 4648 }, // U+00F4
    { 13, 18, 242, 1, 18, 30, 4679 }, // U+00F5
    { 13, 18, 242, 1, 18, 30, 4709 }, // U+00F6
    { 12, 12, 229, 1, 15, 18, 4739 }, // U+00F7
    { 13, 16, 242, 1, 15, 26, 4757 }, // U+00F8
    { 12, 19, 247, 2, 19, 29, 4783 }, // U+00F9
    { 12, 19, 247, 2, 19, 29, 4812 }, // U+00FA
    { 12, 19, 247, 2, 19, 29, 4841 }, // U+00FB
    { 12, 18, 247, 2, 18, 27, 4870 }, // U+00FC
    { 14, 25, 204, -1, 19, 44, 4897 }, // U+00FD
    { 12, 25, 246, 2, 19, 38, 4941 }, // U+00FE
    { 13, 24, 204, 0, 18, 39, 4979 }, // U+00FF
    { 17, 22, 256, -1, 22, 47, 5018 }, // U+0100
    { 11, 18, 224, 1, 18, 25, 5065 }, // U+0101
    { 17, 24, 256, -1, 24, 51, 5090 }, // U+0102
    { 11, 19, 224, 1, 19, 27, 5141 }, // U+0103
    { 17, 24, 256, 0, 18, 51, 5168 }, // U+0104
    { 12, 20, 224, 1, 14, 30, 5219 }, // U+0105
    { 14, 25, 253, 2, 25, 44, 5249 }, // U+0106
    { 10, 19, 192, 1, 19, 24, 5293 }, // U+0107
    { 14, 25, 253, 2, 25, 44, 5317 }, // U+0108
    { 10, 19, 192, 1, 19, 24, 5361 }, // U+0109
    { 14, 24, 253, 2, 24, 42, 5385 }, // U+010A
    { 10, 19, 192, 1, 19, 24, 5427 }, // U+010B
    { 14, 25, 253, 2, 25, 44, 5451 }, // U+010C
    { 10, 19, 192, 1, 19, 24, 5495 }, // U+010D
    { 15, 24, 292, 2, 24, 45, 5519 }, // U+010E
    { 16, 19, 246, 1, 19, 38, 5564 }, // U+010F
    { 16, 18, 292, 1, 18, 36, 5602 }, // U+0110
    { 14, 19, 247, 1, 19, 34, 5638 }, // U+0111
    { 10, 22, 222, 2, 22, 28, 5672 }, // U+0112
    { 12, 18, 226, 1, 18, 27, 5700 }, // U+0113
    { 10, 24, 222, 2, 24, 30, 5727 }, // U+0114
    { 12, 19, 226, 1, 19, 29, 5757 }, // U+0115
    { 10, 24, 222, 2, 24, 30, 5786 }, // U+0116
    { 12, 19, 226, 1, 19, 29, 5816 }, // U+0117
    { 10, 24, 222, 2, 18, 30, 5845 }, // U+0118
    { 12, 20, 226, 1, 14, 30, 5875 }, // U+0119
    { 10, 24, 222, 2, 24, 30, 5905 }, // U+011A
    { 12, 19, 226, 1, 19, 29, 5935 }, // U+011B
    { 15, 25, 291, 2, 25, 47, 5964 }, // U+011C
    { 12, 25, 246, 1, 19, 38, 6011 }, // U+011D
    { 15, 24, 291, 2, 24, 45, 6049 }, // U+011E
    { 12, 25, 246, 1, 19, 38, 6094 }, // U+011F
    { 15, 24, 291, 2, 24, 45, 6132 }, // U+0120
    { 12, 25, 246, 1, 19, 38, 6177 }, // U+0121
    { 15, 24, 291, 2, 18, 45, 6215 }, // U+0122
    { 12, 25, 246, 1, 19, 38, 6260 }, // U+0123
    { 14, 24, 296, 2, 24, 42, 6298 }, // U+0124
    { 16, 26, 247, -2, 26, 52, 6340 }, // U+0125
    { 19, 18, 296, 0, 18, 43, 6392 }, // U+0126
    { 14, 19, 247, 1, 19, 34, 6435 }, // U+0127
    { 10, 23, 136, -1, 23, 29, 6469 }, // U+0128
    { 10, 18, 103, -2, 18, 23, 6498 }, // U+0129
    { 7, 22, 136, 1, 22, 20, 6521 }, // U+012A
    { 7, 17, 103, 0, 17, 15, 6541 }, // U+012B
    { 8, 24, 136, 0, 24, 24, 6556 }, // U+012C
    { 9, 19, 103, -1, 19, 22, 6580 }, // U+012D
    { 6, 24, 136, 1, 18, 18, 6602 }, // U+012E
    { 5, 25, 103, 1, 19, 16, 6620 }, // U+012F
    { 6, 24, 136, 1, 24, 18, 6636 }, // U+0130
    { 3, 14, 103, 2, 14, 6, 6654 }, // U+0131
    { 12, 23, 245, 1, 18, 35, 6660 }, // U+0132
    { 9, 25, 206, 2, 19, 29, 6695 }, // U+0133
    { 10, 29, 109, -2, 24, 37, 6724 }, // U+0134
    { 10, 25, 103, -2, 19, 32, 6761 }, // U+0135
    { 14, 24, 248, 2, 18, 42, 6793 }, // U+0136
    { 12, 25, 214, 2, 19, 38, 6835 }, // U+0137
    { 11, 14, 214, 2, 14, 20, 6873 }, // U+0138
    { 11, 24, 210, 1, 24, 33, 6893 }, // U+0139
    { 6, 26, 103, 1, 26, 20, 6926 }, // U+013A
    { 10, 24, 210, 2, 18, 30, 6946 }, // U+013B
    { 4, 25, 103, 1, 19, 13, 6976 }, // U+013C
    { 10, 18, 210, 2, 18, 23, 6989 }, // U+013D
    { 7, 19, 103, 2, 19, 17, 7012 }, // U+013E
    { 10, 18, 210, 2, 18, 23, 7029 }, // U+013F
    { 6, 19, 107, 2, 19, 15, 7052 }, // U+0140
    { 13, 18, 210, -1, 18, 30, 7067 }, // U+0141
    { 8, 19, 103, -1, 19, 19, 7097 }, // U+0142
    { 15, 24, 304, 2, 24, 45, 7116 }, // U+0143
    { 12, 19, 247, 2, 19, 29, 7161 }, // U+0144
    { 15, 24, 304, 2, 18, 45, 7190 }, // U+0145
    { 12, 20, 247, 2, 14, 30, 7235 }, // U+0146
    { 15, 24, 304, 2, 24, 45, 7265 }, // U+0147
    { 12, 19, 247, 2, 19, 29, 7310 }, // U+0148
    { 16, 18, 275, 0, 18, 36, 7339 }, // U+0149
    { 15, 23, 304, 2, 18, 44, 7375 }, // U+014A
    { 12, 20, 247, 2, 14, 30, 7419 }, // U+014B
    { 17, 22, 312, 2, 22, 47, 7449 }, // U+014C
    { 13, 18, 242, 1, 18, 30, 7496 }, // U+014D
    { 17, 24, 312, 2, 24, 51, 7526 }, // U+014E
    { 13, 19, 242, 1, 19, 31, 7577 }, // U+014F
    { 17, 24, 312, 2, 24, 51, 7608 }, // U+0150
    { 13, 19, 242, 1, 19, 31, 7659 }, // U+0151
    { 20, 18, 371, 2, 18, 45, 7690 }, // U+0152
    { 21, 14, 378, 1, 14, 37, 7735 }, // U+0153
    { 13, 24, 249, 2, 24, 39, 7772 }, // U+0154
    { 8, 19, 165, 2, 19, 19, 7811 }, // U+0155
    { 13, 24, 249, 2, 18, 39, 7830 }, // U+0156
    { 9, 20, 165, 1, 14, 23, 7869 }, // U+0157
    { 13, 24, 249, 2, 24, 39, 7892 }, // U+0158
    { 10, 19, 165, 1, 19, 24, 7931 }, // U+0159
    { 12, 25, 220, 1, 25, 38, 7955 }, // U+015A
    { 10, 19, 192, 1, 19, 24, 7993 }, // U+015B
    { 12, 25, 220, 1, 25, 38, 8017 }, // U+015C
    { 10, 19, 192, 1, 19, 24, 8055 }, // U+015D
    { 12, 24, 220, 1, 18, 36, 8079 }, // U+015E
    { 10, 20, 192, 1, 14, 25, 8115 }, // U+015F
    { 12, 25, 220, 1, 25, 38, 8140 }, // U+0160
    { 10, 19, 192, 1, 19, 24, 8178 }, // U+0161
    { 13, 24, 222, 1, 18, 39, 8202 }, // U+0162
    { 9, 23, 144, 1, 17, 26, 8241 }, // U+0163
    { 13, 24, 222, 1, 24, 39, 8267 }, // U+0164
    { 12, 19, 144, 1, 19, 29, 8306 }, // U+0165
    { 13, 18, 222, 1, 18, 30, 8335 }, // U+0166
    { 8, 17, 144, 1, 17, 17, 8365 }, // U+0167
    { 14, 24, 292, 2, 24, 42, 8382 }, // U+0168
    { 12, 18, 247, 2, 18, 27, 8424 }, // U+0169
    { 14, 22, 292, 2, 22, 39, 8451 }, // U+016A
    { 12, 18, 247, 2, 18, 27, 8490 }, // U+016B
    { 14, 24, 292, 2, 24, 42, 8517 }, // U+016C
    { 12, 19, 247, 2, 19, 29, 8559 }, // U+016D
    { 14, 26, 292, 2, 26, 46, 8588 }, // U+016E
    { 12, 21, 247, 2, 21, 32, 8634 }, // U+016F
    { 14, 24, 292, 2, 24, 42, 8666 }, // U+0170
    { 12, 19, 247, 2, 19, 29, 8708 }, // U+0171
    { 14, 24, 292, 2, 18, 42, 8737 }, // U+0172
    { 12, 20, 247, 2, 14, 30, 8779 }, // U+0173
    { 23, 24, 372, 0, 24, 69, 8809 }, // U+0174
    { 20, 19, 314, 0, 19, 48, 8878 }, // U+0175
    { 15, 24, 226, 0, 24, 45, 8926 }, // U+0176
    { 14, 25, 204, -1, 19, 44, 8971 }, // U+0177
    { 15, 23, 226, 0, 23, 44, 9015 }, // U+0178
    { 12, 24, 229, 1, 24, 36, 9059 }, // U+0179
    { 10, 19, 188, 1, 19, 24, 9095 }, // U+017A
    { 12, 24, 229, 1, 24, 36, 9119 }, // U+017B
    { 10, 19, 188, 1, 19, 24, 9155 }, // U+017C
    { 12, 24, 229, 1, 24, 36, 9179 }, // U+017D
    { 10, 19, 188, 1, 19, 24, 9215 }, // U+017E
    { 7, 19, 130, 2, 19, 17, 9239 }, // U+017F
    { 19, 19, 314, 2, 19, 46, 9256 }, // U+01A0
    { 15, 16, 246, 1, 16, 30, 9302 }, // U+01A1
    { 18, 19, 312, 2, 19, 43, 9332 }, // U+01AF
    { 16, 16, 270, 2, 16, 32, 9375 }, // U+01B0
    { 29, 24, 517, 2, 24, 87, 9407 }, // U+01C4
    { 27, 19, 480, 2, 19, 65, 9494 }, // U+01C5
    { 25, 19, 434, 1, 19, 60, 9559 }, // U+01C6
    { 16, 23, 319, 2, 18, 46, 9619 }, // U+01C7
    { 15, 25, 313, 2, 19, 47, 9665 }, // U+01C8
    { 9, 25, 206, 2, 19, 29, 9712 }, // U+01C9
    { 21, 23, 413, 2, 18, 61, 9741 }, // U+01CA
    { 21, 25, 407, 2, 19, 66, 9802 }, // U+01CB
    { 18, 25, 350, 2, 19, 57, 9868 }, // U+01CC
    { 16, 24, 256, 0, 24, 48, 9925 }, // U+01CD
    { 11, 19, 224, 1, 19, 27, 9973 }, // U+01CE
    { 9, 24, 136, 0, 24, 27, 10000 }, // U+01CF
    { 10, 19, 103, -2, 19, 24, 10027 }, // U+01D0
    { 17, 25, 312, 2, 25, 54, 10051 }, // U+01D1
    { 13, 19, 242, 1, 19, 31, 10105 }, // U+01D2
    { 14, 25, 292, 2, 25, 44, 10136 }, // U+01D3
    { 12, 19, 247, 2, 19, 29, 10180 }, // U+01D4
    { 14, 26, 292, 2, 26, 46, 10209 }, // U+01D5
    { 12, 22, 247, 2, 22, 33, 10255 }, // U+01D6
    { 14, 27, 292, 2, 27, 48, 10288 }, // U+01D7
    { 12, 23, 247, 2, 23, 35, 10336 }, // U+01D8
    { 14, 28, 292, 2, 28, 49, 10371 }, // U+01D9
    { 12, 23, 247, 2, 23, 35, 10420 }, // U+01DA
    { 14, 27, 292, 2, 27, 48, 10455 }, // U+01DB
    { 12, 23, 247, 2, 23, 35, 10503 }, // U+01DC
    { 12, 14, 226, 1, 14, 21, 10538 }, // U+01DD
    { 17, 26, 256, -1, 26, 56, 10559 }, // U+01DE
    { 11, 22, 224, 1, 22, 31, 10615 }, // U+01DF
    { 17, 26, 256, -1, 26, 56, 10646 }, // U+01E0
    { 11, 22, 224, 1, 22, 31, 10702 }, // U+01E1
    { 21, 22, 352, 0, 22, 58, 10733 }, // U+01E2
    { 19, 18, 346, 1, 18, 43, 10791 }, // U+01E3
    { 17, 18, 291, 2, 18, 39, 10834 }, // U+01E4
    { 13, 20, 246, 1, 14, 33, 10873 }, // U+01E5
    { 15, 25, 291, 2, 25, 47, 10906 }, // U+01E6
    { 12, 25, 246, 1, 19, 38, 10953 }, // U+01E7
    { 14, 24, 248, 2, 24, 42, 10991 }, // U+01E8
    { 16, 26, 214, -2, 26, 52, 11033 }, // U+01E9
    { 17, 24, 312, 2, 18, 51, 11085 }, // U+01EA
    { 13, 20, 242, 1, 14, 33, 11136 }, // U+01EB
    { 17, 28, 312, 2, 22, 60, 11169 }, // U+01EC
    { 13, 24, 242, 1, 18, 39, 11229 }, // U+01ED
    { 13, 25, 234, 0, 25, 41, 11268 }, // U+01EE
    { 12, 25, 199, 0, 19, 38, 11309 }, // U+01EF
    { 10, 25, 103, -2, 19, 32, 11347 }, // U+01F0
    { 29, 18, 517, 2, 18, 66, 11379 }, // U+01F1
    { 27, 18, 480, 2, 18, 61, 11445 }, // U+01F2
    { 25, 19, 434, 1, 19, 60, 11506 }, // U+01F3
    { 15, 25, 291, 2, 25, 47, 11566 }, // U+01F4
    { 12, 25, 246, 1, 19, 38, 11613 }, // U+01F5
    { 19, 18, 375, 2, 18, 43, 11651 }, // U+01F6
    { 13, 24, 264, 2, 18, 39, 11694 }, // U+01F7
    { 15, 24, 304, 2, 24, 45, 11733 }, // U+01F8
    { 12, 19, 247, 2, 19, 29, 11778 }, // U+01F9
    { 17, 25, 256, -1, 25, 54, 11807 }, // U+01FA
    { 11, 25, 224, 1, 25, 35, 11861 }, // U+01FB
    { 22, 24, 352, -1, 24, 66, 11896 }, // U+01FC
    { 19, 19, 346, 1, 19, 46, 11962 }, // U+01FD
    { 17, 26, 312, 2, 25, 56, 12008 }, // U+01FE
    { 13, 20, 242, 1, 19, 33, 12064 }, // U+01FF
    { 16, 24, 256, 0, 24, 48, 12097 }, // U+0200
    { 11, 19, 224, 1, 19, 27, 12145 }, // U+0201
    { 17, 24, 256, 0, 24, 51, 12172 }, // U+0202
    { 11, 19, 224, 1, 19, 27, 12223 }, // U+0203
    { 11, 24, 222, 1, 24, 33, 12250 }, // U+0204
    { 12, 19, 226, 1, 19, 29, 12283 }, // U+0205
    { 10, 24, 222, 2, 24, 30, 12312 }, // U+0206
    { 12, 19, 226, 1, 19, 29, 12342 }, // U+0207
    { 10, 24, 136, -2, 24, 30, 12371 }, // U+0208
    { 10, 19, 103, -3, 19, 24, 12401 }, // U+0209
    { 8, 24, 136, 0, 24, 24, 12425 }, // U+020A
    { 8, 19, 103, -1, 19, 19, 12449 }, // U+020B
    { 17, 24, 312, 2, 24, 51, 12468 }, // U+020C
    { 13, 19, 242, 1, 19, 31, 12519 }, // U+020D
    { 17, 24, 312, 2, 24, 51, 12550 }, // U+020E
    { 13, 19, 242, 1, 19, 31, 12601 }, // U+020F
    { 14, 24, 249, 1, 24, 42, 12632 }, // U+0210
    { 10, 19, 165, 0, 19, 24, 12674 }, // U+0211
    { 13, 24, 249, 2, 24, 39, 12698 }, // U+0212
    { 9, 19, 165, 1, 19, 22, 12737 }, // U+0213
    { 14, 24, 292, 2, 24, 42, 12759 }, // U+0214
    { 12, 19, 247, 2, 19, 29, 12801 }, // U+0215
    { 14, 24, 292, 2, 24, 42, 12830 }, // U+0216
    { 12, 19, 247, 2, 19, 29, 12872 }, // U+0217
    { 12, 24, 220, 1, 18, 36, 12901 }, // U+0218
    { 10, 20, 192, 1, 14, 25, 12937 }, // U+0219
    { 13, 24, 222, 1, 18, 39, 12962 }, // U+021A
    { 8, 23, 144, 1, 17, 23, 13001 }, // U+021B
    { 13, 24, 230, 0, 18, 39, 13024 }, // U+021C
    { 11, 21, 198, 0, 14, 29, 13063 }, // U+021D
    { 14, 24, 296, 2, 24, 42, 13092 }, // U+021E
    { 16, 26, 247, -2, 26, 52, 13134 }, // U+021F
    { 6, 4, 0, -13, 20, 3, 13186 }, // U+0300
    { 6, 4, 0, -9, 20, 3, 13189 }, // U+0301
    { 10, 4, 0, -5, 20, 5, 13192 }, // U+0302
    { 10, 3, 0, -13, 19, 4, 13197 }, // U+0303
    { 7, 2, 0, -4, 18, 2, 13201 }, // U+0304
    { 10, 2, 0, -5, 22, 3, 13203 }, // U+0305
    { 8, 4, 0, -4, 20, 4, 13206 }, // U+0306
    { 3, 3, 0, -1, 19, 2, 13210 }, // U+0307
    { 7, 3, 0, -3, 19, 3, 13212 }, // U+0308
    { 6, 7, 0, -9, 22, 6, 13215 }, // U+0309
    { 6, 5, 0, -3, 21, 4, 13221 }, // U+030A
    { 10, 4, 0, -4, 20, 5, 13225 }, // U+030B
    { 10, 4, 0, -5, 20, 5, 13230 }, // U+030C
    { 3, 4, 0, -1, 19, 2, 13235 }, // U+030D
    { 6, 4, 0, -3, 19, 3, 13237 }, // U+030E
    { 10, 4, 0, -13, 20, 5, 13240 }, // U+030F
    { 8, 6, 0, -4, 22, 6, 13245 }, // U+0310
    { 8, 4, 0, -4, 19, 4, 13251 }, // U+0311
    { 4, 6, 0, -2, 18, 3, 13255 }, // U+0312
    { 4, 6, 0, -2, 18, 3, 13258 }, // U+0313
    { 4, 6, 0, -2, 18, 3, 13261 }, // U+0314
    { 4, 6, 0, -2, 18, 3, 13264 }, // U+0315
    { 6, 4, 0, -3, -1, 3, 13267 }, // U+0316
    { 6, 4, 0, -3, -1, 3, 13270 }, // U+0317
    { 5, 5, 0, -3, -1, 4, 13273 }, // U+0318
    { 5, 5, 0, -2, -1, 4, 13277 }, // U+0319
    { 7, 7, 125, 0, 20, 7, 13281 }, // U+031A
    { 6, 6, 0, -2, 19, 5, 13288 }, // U+031B
    { 4, 6, 0, -2, 0, 3, 13293 }, // U+031C
    { 5, 4, 0, -3, -1, 3, 13296 }, // U+031D
    { 5, 5, 0, -3, -1, 4, 13299 }, // U+031E
    { 5, 5, 0, -3, -1, 4, 13303 }, // U+031F
    { 6, 2, 0, -3, -2, 2, 13307 }, // U+0320
    { 6, 7, 0, -5, 1, 6, 13309 }, // U+0321
    { 5, 7, 0, 0, 1, 5, 13315 }, // U+0322
    { 3, 3, 0, -9, -2, 2, 13320 }, // U+0323
    { 7, 3, 0, -3, -1, 3, 13322 }, // U+0324
    { 6, 6, 0, -3, 0, 5, 13325 }, // U+0325
    { 4, 4, 0, -2, -2, 2, 13330 }, // U+0326
    { 7, 7, 0, -3, 0, 7, 13332 }, // U+0327
    { 5, 7, 0, -2, 1, 5, 13339 }, // U+0328
    { 3, 4, 0, -1, -1, 2, 13344 }, // U+0329
    { 9, 5, 0, -4, -1, 6, 13346 }, // U+032A
    { 10, 3, 0, -5, -2, 4, 13352 }, // U+032B
    { 10, 4, 0, -5, -1, 5, 13356 }, // U+032C
    { 10, 4, 0, -5, -1, 5, 13361 }, // U+032D
    { 8, 4, 0, -4, -1, 4, 13366 }, // U+032E
    { 8, 4, 0, -4, -1, 4, 13370 }, // U+032F
    { 10, 3, 0, -5, -2, 4, 13374 }, // U+0330
    { 7, 2, 0, -4, -2, 2, 13378 }, // U+0331
    { 11, 2, 0, -5, -2, 3, 13380 }, // U+0332
    { 10, 5, 0, -5, -1, 7, 13383 }, // U+0333
    { 10, 3, 0, -5, 8, 4, 13390 }, // U+0334
    { 10, 2, 0, -5, 9, 3, 13394 }, // U+0335
    { 18, 2, 0, -9, 8, 5, 13397 }, // U+0336
    { 8, 7, 0, -4, 11, 7, 13402 }, // U+0337
    { 10, 21, 0, -5, 20, 27, 13409 }, // U+0338
    { 3, 6, 0, -2, 0, 3, 13436 }, // U+0339
    { 9, 5, 0, -4, -1, 6, 13439 }, // U+033A
    { 10, 5, 0, -5, -1, 7, 13445 }, // U+033B
    { 10, 4, 0, -5, -1, 5, 13452 }, // U+033C
    { 6, 6, 0, -3, 20, 5, 13457 }, // U+033D
    { 5, 8, 0, -2, 23, 5, 13462 }, // U+033E
    { 10, 5, 0, -5, 25, 7, 13467 }, // U+033F
    { 6, 4, 0, -4, 20, 3, 13474 }, // U+0340
    { 6, 4, 0, -1, 20, 3, 13477 }, // U+0341
    { 10, 3, 0, -5, 19, 4, 13480 }, // U+0342
    { 5, 5, 0, -2, 20, 4, 13484 }, // U+0343
    { 9, 4, 0, -4, 20, 5, 13488 }, // U+0344
    { 4, 4, 0, -1, -2, 2, 13493 }, // U+0345
    { 11, 5, 0, -5, 20, 7, 13495 }, // U+0346
    { 10, 5, 0, -5, -1, 7, 13502 }, // U+0347
    { 6, 4, 0, -3, -1, 3, 13509 }, // U+0348
    { 5, 5, 0, -2, -1, 4, 13512 }, // U+0349
    { 10, 5, 0, -5, 20, 7, 13516 }, // U+034A
    { 10, 9, 0, -5, 24, 12, 13523 }, // U+034B
    { 10, 7, 0, -5, 23, 9, 13535 }, // U+034C
    { 10, 6, 0, -5, 0, 8, 13544 }, // U+034D
    { 6, 6, 0, -3, 0, 5, 13552 }, // U+034E
    { 19, 19, 0, -10, 18, 46, 13557 }, // U+034F
    { 4, 5, 0, -2, 20, 3, 13603 }, // U+0350
    { 4, 6, 0, -2, 21, 3, 13606 }, // U+0351
    { 8, 6, 0, -4, 22, 6, 13609 }, // U+0352
    { 6, 6, 0, -3, 0, 5, 13615 }, // U+0353
    { 4, 5, 0, -2, -1, 3, 13620 }, // U+0354
    { 4, 5, 0, -2, -1, 3, 13623 }, // U+0355
    { 10, 5, 0, -4, -1, 7, 13626 }, // U+0356
    { 3, 6, 0, -1, 21, 3, 13633 }, // U+0357
    { 3, 3, 0, 3, 19, 2, 13636 }, // U+0358
    { 6, 6, 0, -3, -1, 5, 13638 }, // U+0359
    { 10, 5, 0, -6, -1, 7, 13643 }, // U+035A
    { 6, 5, 0, -3, 20, 4, 13650 }, // U+035B
    { 20, 5, 0, -10, -1, 13, 13654 }, // U+035C
    { 20, 5, 0, -10, 20, 13, 13667 }, // U+035D
    { 15, 2, 0, -7, 18, 4, 13680 }, // U+035E
    { 15, 2, 0, -7, -1, 4, 13684 }, // U+035F
    { 20, 3, 0, -10, 19, 8, 13688 }, // U+0360
    { 20, 5, 0, -10, 22, 13, 13696 }, // U+0361
    { 20, 6, 0, -9, 0, 15, 13709 }, // U+0362
    { 5, 6, 0, -2, 22, 4, 13724 }, // U+0363
    { 5, 6, 0, -2, 22, 4, 13728 }, // U+0364
    { 2, 7, 0, -1, 23, 2, 13732 }, // U+0365
    { 6, 6, 0, -2, 22, 5, 13734 }, // U+0366
    { 5, 5, 0, -2, 21, 4, 13739 }, // U+0367
    { 5, 6, 0, -2, 22, 4, 13743 }, // U+0368
    { 5, 8, 0, -2, 24, 5, 13747 }, // U+0369
    { 5, 8, 0, -2, 24, 5, 13752 }, // U+036A
    { 9, 6, 0, -4, 22, 7, 13757 }, // U+036B
    { 4, 6, 0, -1, 22, 3, 13764 }, // U+036C
    { 4, 7, 0, -2, 23, 4, 13767 }, // U+036D
    { 7, 6, 0, -3, 22, 6, 13771 }, // U+036E
    { 7, 5, 0, -3, 21, 5, 13777 }, // U+036F
    { 10, 24, 222, 2, 24, 30, 13782 }, // U+0400
    { 10, 23, 222, 2, 23, 29, 13812 }, // U+0401
    { 17, 18, 286, 1, 18, 39, 13841 }, // U+0402
    { 10, 24, 204, 2, 24, 30, 13880 }, // U+0403
    { 14, 18, 256, 1, 18, 32, 13910 }, // U+0404
    { 12, 18, 220, 1, 18, 27, 13942 }, // U+0405
    { 3, 18, 114, 2, 18, 7, 13969 }, // U+0406
    { 6, 23, 114, 1, 23, 18, 13976 }, // U+0407
    { 7, 23, 109, -2, 18, 21, 13994 }, // U+0408
    { 24, 18, 404, 1, 18, 54, 14015 }, // U+0409
    { 22, 18, 411, 2, 18, 50, 14069 }, // U+040A
    { 17, 18, 286, 1, 18, 39, 14119 }, // U+040B
    { 13, 24, 250, 2, 24, 39, 14158 }, // U+040C
    { 14, 24, 302, 2, 24, 42, 14197 }, // U+040D
    { 16, 24, 246, 0, 24, 48, 14239 }, // U+040E
    { 14, 22, 292, 2, 18, 39, 14287 }, // U+040F
    { 16, 18, 255, 0, 18, 36, 14326 }, // U+0410
    { 12, 18, 246, 2, 18, 27, 14362 }, // U+0411
    { 13, 18, 260, 2, 18, 30, 14389 }, // U+0412
    { 10, 18, 204, 2, 18, 23, 14419 }, // U+0413
    { 18, 23, 292, 1, 18, 52, 14442 }, // U+0414
    { 10, 18, 222, 2, 18, 23, 14494 }, // U+0415
    { 23, 18, 362, -1, 18, 52, 14517 }, // U+0416
    { 12, 18, 231, 1, 18, 27, 14569 }, // U+0417
    { 14, 18, 302, 2, 18, 32, 14596 }, // U+0418
    { 14, 23, 302, 2, 23, 41, 14628 }, // U+0419
    { 14, 18, 250, 2, 18, 32, 14669 }, // U+041A
    { 15, 18, 279, 1, 18, 34, 14701 }, // U+041B
    { 18, 18, 363, 2, 18, 41, 14735 }, // U+041C
    { 14, 18, 297, 2, 18, 32, 14776 }, // U+041D
    { 16, 18, 304, 1, 18, 36, 14808 }, // U+041E
    { 14, 18, 293, 2, 18, 32, 14844 }, // U+041F
    { 12, 18, 242, 2, 18, 27, 14876 }, // U+0420
    { 14, 18, 256, 1, 18, 32, 14903 }, // U+0421
    { 13, 18, 222, 1, 18, 30, 14935 }, // U+0422
    { 16, 18, 246, 0, 18, 36, 14965 }, // U+0423
    { 18, 18, 327, 1, 18, 41, 15001 }, // U+0424
    { 15, 18, 235, 0, 18, 34, 15042 }, // U+0425
    { 16, 22, 296, 2, 18, 44, 15076 }, // U+0426
    { 13, 18, 269, 2, 18, 30, 15120 }, // U+0427
    { 22, 18, 414, 2, 18, 50, 15150 }, // U+0428
    { 23, 22, 410, 2, 18, 64, 15200 }, // U+0429
    { 16, 18, 274, 1, 18, 36, 15264 }, // U+042A
    { 17, 18, 340, 2, 18, 39, 15300 }, // U+042B
    { 12, 18, 243, 2, 18, 27, 15339 }, // U+042C
    { 15, 18, 259, 0, 18, 34, 15366 }, // U+042D
    { 21, 18, 400, 2, 18, 48, 15400 }, // U+042E
    { 13, 18, 255, 1, 18, 30, 15448 }, // U+042F
    { 11, 14, 222, 1, 14, 20, 15478 }, // U+0430
    { 13, 21, 239, 1, 21, 35, 15498 }, // U+0431
    { 11, 14, 226, 2, 14, 20, 15533 }, // U+0432
    { 9, 14, 175, 2, 14, 16, 15553 }, // U+0433
    { 15, 18, 243, 1, 14, 34, 15569 }, // U+0434
    { 12, 14, 220, 1, 14, 21, 15603 }, // U+0435
    { 20, 14, 304, -1, 14, 35, 15624 }, // U+0436
    { 11, 14, 195, 0, 14, 20, 15659 }, // U+0437
    { 12, 14, 248, 2, 14, 21, 15679 }, // U+0438
    { 12, 19, 248, 2, 19, 29, 15700 }, // U+0439
    { 11, 14, 212, 2, 14, 20, 15729 }, // U+043A
    { 14, 14, 235, 0, 14, 25, 15749 }, // U+043B
    { 15, 14, 307, 2, 14, 27, 15774 }, // U+043C
    { 12, 14, 246, 2, 14, 21, 15801 }, // U+043D
    { 13, 14, 238, 1, 14, 23, 15822 }, // U+043E
    { 11, 14, 242, 2, 14, 20, 15845 }, // U+043F
    { 12, 20, 243, 2, 14, 30, 15865 }, // U+0440
    { 11, 14, 197, 1, 14, 20, 15895 }, // U+0441
    { 11, 14, 186, 1, 14, 20, 15915 }, // U+0442
    { 14, 20, 204, 0, 14, 35, 15935 }, // U+0443
    { 16, 26, 295, 1, 20, 52, 15970 }, // U+0444
    { 13, 14, 204, 0, 14, 23, 16022 }, // U+0445
    { 13, 18, 245, 2, 14, 30, 16045 }, // U+0446
    { 12, 14, 236, 1, 14, 21, 16075 }, // U+0447
    { 19, 14, 358, 2, 14, 34, 16096 }, // U+0448
    { 21, 18, 359, 2, 14, 48, 16130 }, // U+0449
    { 15, 14, 249, 0, 14, 27, 16178 }, // U+044A
    { 15, 14, 304, 2, 14, 27, 16205 }, // U+044B
    { 11, 14, 218, 2, 14, 20, 16232 }, // U+044C
    { 11, 14, 198, 1, 14, 20, 16252 }, // U+044D
    { 17, 14, 320, 2, 14, 30, 16272 }, // U+044E
    { 12, 14, 231, 1, 14, 21, 16302 }, // U+044F
    { 12, 20, 220, 1, 20, 30, 16323 }, // U+0450
    { 12, 18, 220, 1, 18, 27, 16353 }, // U+0451
    { 14, 25, 248, 1, 19, 44, 16380 }, // U+0452
    { 9, 20, 175, 2, 20, 23, 16424 }, // U+0453
    { 11, 14, 197, 1, 14, 20, 16447 }, // U+0454
    { 10, 14, 187, 1, 14, 18, 16467 }, // U+0455
    { 3, 18, 103, 2, 18, 7, 16485 }, // U+0456
    { 6, 18, 103, 1, 18, 14, 16492 }, // U+0457
    { 7, 24, 103, -2, 18, 21, 16506 }, // U+0458
    { 21, 14, 344, 0, 14, 37, 16527 }, // U+0459
    { 19, 14, 356, 2, 14, 34, 16564 }, // U+045A
    { 14, 19, 248, 1, 19, 34, 16598 }, // U+045B
    { 11, 20, 212, 2, 20, 28, 16632 }, // U+045C
    { 12, 20, 248, 2, 20, 30, 16660 }, // U+045D
    { 14, 25, 204, 0, 19, 44, 16690 }, // U+045E
    { 11, 18, 242, 2, 14, 25, 16734 }, // U+045F
    { 22, 18, 368, 1, 18, 50, 16759 }, // U+0460
    { 19, 14, 316, 1, 14, 34, 16809 }, // U+0461
    { 16, 18, 270, 1, 18, 36, 16843 }, // U+0462
    { 15, 17, 254, 1, 17, 32, 16879 }, // U+0463
    { 20, 18, 369, 2, 18, 45, 16911 }, // U+0464
    { 16, 14, 297, 2, 14, 28, 16956 }, // U+0465
    { 18, 18, 273, -1, 18, 41, 16984 }, // U+0466
    { 16, 14, 229, -1, 14, 28, 17025 }, // U+0467
    { 21, 18, 372, 2, 18, 48, 17053 }, // U+0468
    { 18, 14, 312, 2, 14, 32, 17101 }, // U+0469
    { 18, 18, 292, 0, 18, 41, 17133 }, // U+046A
    { 16, 14, 256, 0, 14, 28, 17174 }, // U+046B
    { 22, 18, 394, 2, 18, 50, 17202 }, // U+046C
    { 19, 14, 340, 2, 14, 34, 17252 }, // U+046D
    { 13, 28, 235, 1, 22, 46, 17286 }, // U+046E
    { 11, 22, 196, 1, 17, 31, 17332 }, // U+046F
    { 17, 18, 322, 2, 18, 39, 17363 }, // U+0470
    { 15, 26, 304, 2, 20, 49, 17402 }, // U+0471
    { 17, 18, 313, 2, 18, 39, 17451 }, // U+0472
    { 13, 14, 242, 1, 14, 23, 17490 }, // U+0473
    { 17, 18, 254, 0, 18, 39, 17513 }, // U+0474
    { 14, 14, 206, -1, 14, 25, 17552 }, // U+0475
    { 17, 24, 254, 0, 24, 51, 17577 }, // U+0476
    { 14, 20, 206, -1, 20, 35, 17628 }, // U+0477
    { 29, 24, 488, 2, 18, 87, 17663 }, // U+0478
    { 26, 20, 438, 1, 14, 65, 17750 }, // U+0479
    { 18, 22, 328, 2, 20, 50, 17815 }, // U+047A
    { 14, 16, 264, 1, 15, 28, 17865 }, // U+047B
    { 23, 27, 410, 2, 27, 78, 17893 }, // U+047C
    { 20, 23, 362, 1, 23, 58, 17971 }, // U+047D
    { 22, 23, 368, 1, 23, 64, 18029 }, // U+047E
    { 19, 18, 316, 1, 18, 43, 18093 }, // U+047F
    { 14, 24, 257, 1, 18, 42, 18136 }, // U+0480
    { 11, 20, 197, 1, 14, 28, 18178 }, // U+0481
    { 13, 18, 244, 1, 17, 30, 18206 }, // U+0482
    { 9, 5, 0, -11, 19, 6, 18236 }, // U+0483
    { 10, 3, 0, -12, 19, 4, 18242 }, // U+0484
    { 4, 5, 0, -8, 20, 3, 18246 }, // U+0485
    { 4, 5, 0, -9, 20, 3, 18249 }, // U+0486
    { 10, 3, 0, -4, 23, 4, 18252 }, // U+0487
    { 29, 27, 0, -15, 20, 98, 18256 }, // U+0488
    { 27, 28, 0, -14, 21, 95, 18354 }, // U+0489
    { 17, 29, 314, 2, 24, 62, 18449 }, // U+048A
    { 15, 25, 264, 2, 20, 47, 18511 }, // U+048B
    { 14, 18, 246, 1, 18, 32, 18558 }, // U+048C
    { 14, 20, 238, 1, 20, 35, 18590 }, // U+048D
    { 12, 18, 245, 2, 18, 27, 18625 }, // U+048E
    { 12, 20, 246, 2, 14, 30, 18652 }, // U+048F
    { 11, 22, 213, 2, 22, 31, 18682 }, // U+0490
    { 9, 18, 174, 2, 18, 21, 18713 }, // U+0491
    { 12, 18, 212, 1, 18, 27, 18734 }, // U+0492
    { 10, 14, 174, 1, 14, 18, 18761 }, // U+0493
    { 13, 24, 260, 2, 18, 39, 18779 }, // U+0494
    { 11, 20, 213, 2, 14, 28, 18818 }, // U+0495
    { 23, 23, 362, 0, 18, 67, 18846 }, // U+0496
    { 21, 19, 318, -1, 14, 50, 18913 }, // U+0497
    { 12, 24, 231, 1, 18, 36, 18963 }, // U+0498
    { 10, 20, 195, 1, 14, 25, 18999 }, // U+0499
    { 14, 23, 268, 2, 18, 41, 19024 }, // U+049A
    { 12, 19, 223, 2, 14, 29, 19065 }, // U+049B
    { 14, 18, 250, 2, 18, 32, 19094 }, // U+049C
    { 11, 14, 212, 2, 14, 20, 19126 }, // U+049D
    { 16, 18, 250, 1, 18, 36, 19146 }, // U+049E
    { 14, 19, 214, 1, 19, 34, 19182 }, // U+049F
    { 18, 18, 277, 1, 18, 41, 19216 }, // U+04A0
    { 16, 14, 249, 0, 14, 28, 19257 }, // U+04A1
    { 16, 23, 302, 2, 18, 46, 19285 }, // U+04A2
    { 14, 19, 263, 2, 14, 34, 19331 }, // U+04A3
    { 18, 18, 326, 2, 18, 41, 19365 }, // U+04A4
    { 16, 14, 295, 2, 14, 28, 19406 }, // U+04A5
    { 23, 24, 422, 2, 18, 69, 19434 }, // U+04A6
    { 19, 20, 345, 2, 14, 48, 19503 }, // U+04A7
    { 17, 19, 312, 2, 18, 41, 19551 }, // U+04A8
    { 14, 14, 257, 1, 14, 25, 19592 }, // U+04A9
    { 14, 24, 253, 2, 18, 42, 19617 }, // U+04AA
    { 10, 20, 192, 1, 14, 25, 19659 }, // U+04AB
    { 13, 23, 222, 1, 18, 38, 19684 }, // U+04AC
    { 11, 19, 190, 1, 14, 27, 19722 }, // U+04AD
    { 15, 18, 226, 0, 18, 34, 19749 }, // U+04AE
    { 14, 20, 203, -1, 14, 35, 19783 }, // U+04AF
    { 16, 18, 226, -1, 18, 36, 19818 }, // U+04B0
    { 13, 20, 203, 0, 14, 33, 19854 }, // U+04B1
    { 17, 23, 252, -1, 18, 49, 19887 }, // U+04B2
    { 14, 19, 221, 0, 14, 34, 19936 }, // U+04B3
    { 21, 23, 345, 1, 18, 61, 19970 }, // U+04B4
    { 18, 20, 290, 1, 14, 45, 20031 }, // U+04B5
    { 16, 23, 281, 2, 18, 46, 20076 }, // U+04B6
    { 14, 19, 248, 2, 14, 34, 20122 }, // U+04B7
    { 13, 18, 279, 2, 18, 30, 20156 }, // U+04B8
    { 12, 14, 242, 2, 14, 21, 20186 }, // U+04B9
    { 13, 18, 279, 2, 18, 30, 20207 }, // U+04BA
    { 12, 19, 247, 2, 19, 29, 20237 }, // U+04BB
    { 19, 18, 340, 1, 18, 43, 20266 }, // U+04BC
    { 15, 14, 266, 1, 14, 27, 20309 }, // U+04BD
    { 19, 23, 340, 1, 18, 55, 20336 }, // U+04BE
    { 15, 19, 266, 1, 14, 36, 20391 }, // U+04BF
    { 6, 18, 136, 1, 18, 14, 20427 }, // U+04C0
    { 23, 24, 362, -1, 24, 69, 20441 }, // U+04C1
    { 20, 19, 304, -1, 19, 48, 20510 }, // U+04C2
    { 14, 24, 278, 2, 18, 42, 20558 }, // U+04C3
    { 11, 20, 224, 2, 14, 28, 20600 }, // U+04C4
    { 18, 23, 288, 1, 18, 52, 20628 }, // U+04C5
    { 15, 19, 235, 1, 14, 36, 20680 }, // U+04C6
    { 14, 24, 292, 2, 18, 42, 20716 }, // U+04C7
    { 12, 20, 248, 2, 14, 30, 20758 }, // U+04C8
    { 17, 23, 302, 2, 18, 49, 20788 }, // U+04C9
    { 15, 19, 265, 2, 14, 36, 20837 }, // U+04CA
    { 13, 23, 279, 2, 18, 38, 20873 }, // U+04CB
    { 12, 19, 245, 2, 14, 29, 20911 }, // U+04CC
    { 21, 23, 367, 2, 18, 61, 20940 }, // U+04CD
    { 17, 19, 302, 2, 14, 41, 21001 }, // U+04CE
    { 6, 18, 136, 1, 18, 14, 21042 }, // U+04CF
    { 16, 23, 256, 0, 23, 46, 21056 }, // U+04D0
    { 11, 19, 224, 1, 19, 27, 21102 }, // U+04D1
    { 17, 23, 256, -1, 23, 49, 21129 }, // U+04D2
    { 11, 18, 224, 1, 18, 25, 21178 }, // U+04D3
    { 22, 18, 352, -1, 18, 50, 21203 }, // U+04D4
    { 20, 14, 346, 1, 14, 35, 21253 }, // U+04D5
    { 10, 23, 222, 2, 23, 29, 21288 }, // U+04D6
    { 12, 19, 226, 1, 19, 29, 21317 }, // U+04D7
    { 16, 18, 296, 1, 18, 36, 21346 }, // U+04D8
    { 12, 14, 226, 1, 14, 21, 21382 }, // U+04D9
    { 16, 24, 296, 1, 24, 48, 21403 }, // U+04DA
    { 12, 18, 226, 1, 18, 27, 21451 }, // U+04DB
    { 23, 23, 362, -1, 23, 67, 21478 }, // U+04DC
    { 19, 18, 304, 0, 18, 43, 21545 }, // U+04DD
    { 12, 24, 231, 1, 24, 36, 21588 }, // U+04DE
    { 11, 18, 195, 0, 18, 25, 21624 }, // U+04DF
    { 13, 18, 234, 0, 18, 30, 21649 }, // U+04E0
    { 12, 20, 199, 0, 14, 30, 21679 }, // U+04E1
    { 14, 22, 302, 2, 22, 39, 21709 }, // U+04E2
    { 12, 17, 248, 2, 17, 26, 21748 }, // U+04E3
    { 14, 23, 302, 2, 23, 41, 21774 }, // U+04E4
    { 12, 18, 248, 2, 18, 27, 21815 }, // U+04E5
    { 17, 24, 312, 2, 24, 51, 21842 }, // U+04E6
    { 13, 18, 242, 1, 18, 30, 21893 }, // U+04E7
    { 17, 18, 313, 2, 18, 39, 21923 }, // U+04E8
    { 13, 14, 242, 1, 14, 23, 21962 }, // U+04E9
    { 17, 23, 313, 2, 23, 49, 21985 }, // U+04EA
    { 13, 18, 242, 1, 18, 30, 22034 }, // U+04EB
    { 14, 24, 259, 1, 24, 42, 22064 }, // U+04EC
    { 11, 18, 198, 1, 18, 25, 22106 }, // U+04ED
    { 15, 22, 246, 0, 22, 42, 22131 }, // U+04EE
    { 13, 24, 204, 0, 18, 39, 22173 }, // U+04EF
    { 16, 24, 246, 0, 24, 48, 22212 }, // U+04F0
    { 13, 24, 204, 0, 18, 39, 22260 }, // U+04F1
    { 16, 24, 246, 0, 24, 48, 22299 }, // U+04F2
    { 14, 26, 204, -1, 20, 46, 22347 }, // U+04F3
    { 13, 23, 269, 2, 23, 38, 22393 }, // U+04F4
    { 12, 18, 236, 1, 18, 27, 22431 }, // U+04F5
    { 11, 23, 212, 2, 18, 32, 22458 }, // U+04F6
    { 8, 19, 173, 2, 14, 19, 22490 }, // U+04F7
    { 17, 23, 340, 2, 23, 49, 22509 }, // U+04F8
    { 15, 18, 304, 2, 18, 34, 22558 }, // U+04F9
    { 12, 23, 212, 1, 18, 35, 22592 }, // U+04FA
    { 10, 19, 174, 1, 14, 24, 22627 }, // U+04FB
    { 17, 23, 253, -1, 18, 49, 22651 }, // U+04FC
    { 14, 19, 220, 0, 14, 34, 22700 }, // U+04FD
    { 16, 18, 234, 0, 18, 36, 22734 }, // U+04FE
    { 12, 14, 212, 0, 14, 21, 22770 }, // U+04FF
    { 15, 15, 253, 0, 15, 29, 22791 }, // U+05D0
    { 13, 15, 229, 1, 15, 25, 22820 }, // U+05D1
    { 9, 16, 150, 1, 15, 18, 22845 }, // U+05D2
    { 12, 15, 217, 1, 15, 23, 22863 }, // U+05D3
    { 14, 15, 251, 1, 15, 27, 22886 }, // U+05D4
    { 6, 15, 120, 0, 15, 12, 22913 }, // U+05D5
    { 7, 15, 132, 1, 15, 14, 22925 }, // U+05D6
    { 15, 15, 265, 0, 15, 29, 22939 }, // U+05D7
    { 14, 15, 254, 1, 15, 27, 22968 }, // U+05D8
    { 6, 9, 118, 0, 15, 7, 22995 }, // U+05D9
    { 12, 20, 218, 1, 15, 30, 23002 }, // U+05DA
    { 11, 15, 206, 1, 15, 21, 23032 }, // U+05DB
    { 12, 20, 209, 1, 20, 30, 23053 }, // U+05DC
    { 15, 15, 274, 1, 15, 29, 23083 }, // U+05DD
    { 16, 15, 264, 0, 15, 30, 23112 }, // U+05DE
    { 6, 20, 132, 0, 15, 15, 23142 }, // U+05DF
    { 7, 15, 152, 1, 15, 14, 23157 }, // U+05E0
    { 14, 15, 257, 1, 15, 27, 23171 }, // U+05E1
    { 13, 17, 237, 1, 16, 28, 23198 }, // U+05E2
    { 13, 20, 248, 1, 15, 33, 23226 }, // U+05E3
    { 13, 15, 240, 1, 15, 25, 23259 }, // U+05E4
    { 13, 20, 212, 0, 15, 33, 23284 }, // U+05E5
    { 12, 15, 222, 1, 15, 23, 23317 }, // U+05E6
    { 14, 20, 251, 1, 15, 35, 23340 }, // U+05E7
    { 11, 15, 209, 1, 15, 21, 23375 }, // U+05E8
    { 16, 15, 292, 2, 15, 30, 23396 }, // U+05E9
    { 15, 15, 274, 1, 15, 29, 23426 }, // U+05EA
    { 16, 23, 256, 0, 18, 46, 23455 }, // U+1EA0
    { 11, 18, 224, 1, 14, 25, 23501 }, // U+1EA1
    { 17, 26, 256, 0, 26, 56, 23526 }, // U+1EA2
    { 11, 22, 224, 1, 22, 31, 23582 }, // U+1EA3
    { 16, 25, 256, 0, 25, 50, 23613 }, // U+1EA4
    { 13, 21, 224, 1, 21, 35, 23663 }, // U+1EA5
    { 16, 25, 256, 0, 25, 50, 23698 }, // U+1EA6
    { 12, 21, 224, 0, 21, 32, 23748 }, // U+1EA7
    { 17, 27, 256, 0, 27, 58, 23780 }, // U+1EA8
    { 12, 23, 224, 1, 23, 35, 23838 }, // U+1EA9
    { 16, 27, 256, 0, 27, 54, 23873 }, // U+1EAA
    { 11, 23, 224, 1, 23, 32, 23927 }, // U+1EAB
    { 16, 29, 256, 0, 24, 58, 23959 }, // U+1EAC
    { 12, 23, 224, 1, 19, 35, 24017 }, // U+1EAD
    { 17, 26, 256, -1, 26, 56, 24052 }, // U+1EAE
    { 11, 22, 224, 1, 22, 31, 24108 }, // U+1EAF
    { 16, 26, 256, 0, 26, 52, 24139 }, // U+1EB0
    { 11, 22, 224, 1, 22, 31, 24191 }, // U+1EB1
    { 17, 27, 256, 0, 27, 58, 24222 }, // U+1EB2
    { 11, 23, 224, 1, 23, 32, 24280 }, // U+1EB3
    { 16, 27, 256, 0, 27, 54, 24312 }, // U+1EB4
    { 11, 23, 224, 1, 23, 32, 24366 }, // U+1EB5
    { 16, 29, 256, 0, 24, 58, 24398 }, // U+1EB6
    { 11, 23, 224, 1, 19, 32, 24456 }, // U+1EB7
    { 10, 23, 222, 2, 18, 29, 24488 }, // U+1EB8
    { 12, 18, 226, 1, 14, 27, 24517 }, // U+1EB9
    { 10, 26, 222, 2, 26, 33, 24544 }, // U+1EBA
    { 12, 22, 226, 1, 22, 33, 24577 }, // U+1EBB
    { 10, 23, 222, 2, 23, 29, 24610 }, // U+1EBC
    { 12, 18, 226, 1, 18, 27, 24639 }, // U+1EBD
    { 12, 25, 222, 2, 25, 38, 24666 }, // U+1EBE
    { 13, 21, 226, 1, 21, 35, 24704 }, // U+1EBF
    { 12, 25, 222, 0, 25, 38, 24739 }, // U+1EC0
    { 13, 21, 226, 0, 21, 35, 24777 }, // U+1EC1
    { 11, 27, 222, 2, 27, 38, 24812 }, // U+1EC2
    { 12, 23, 226, 1, 23, 35, 24850 }, // U+1EC3
    { 10, 27, 222, 2, 27, 34, 24885 }, // U+1EC4
    { 12, 23, 226, 1, 23, 35, 24919 }, // U+1EC5
    { 10, 29, 222, 2, 24, 37, 24954 }, // U+1EC6
    { 12, 23, 226, 1, 19, 35, 24991 }, // U+1EC7
    { 7, 26, 136, 1, 26, 23, 25026 }, // U+1EC8
    { 6, 21, 103, 1, 21, 16, 25049 }, // U+1EC9
    { 6, 23, 136, 1, 18, 18, 25065 }, // U+1ECA
    { 3, 24, 103, 2, 19, 9, 25083 }, // U+1ECB
    { 17, 22, 312, 2, 18, 47, 25092 }, // U+1ECC
    { 13, 18, 242, 1, 14, 30, 25139 }, // U+1ECD
    { 17, 26, 312, 2, 26, 56, 25169 }, // U+1ECE
    { 13, 22, 242, 1, 22, 36, 25225 }, // U+1ECF
    { 17, 26, 312, 2, 26, 56, 25261 }, // U+1ED0
    { 13, 21, 242, 1, 21, 35, 25317 }, // U+1ED1
    { 17, 26, 312, 2, 26, 56, 25352 }, // U+1ED2
    { 14, 21, 242, 0, 21, 37, 25408 }, // U+1ED3
    { 17, 27, 312, 2, 27, 58, 25445 }, // U+1ED4
    { 13, 23, 242, 1, 23, 38, 25503 }, // U+1ED5
    { 17, 27, 312, 2, 27, 58, 25541 }, // U+1ED6
    { 13, 23, 242, 1, 23, 38, 25599 }, // U+1ED7
    { 17, 29, 312, 2, 25, 62, 25637 }, // U+1ED8
    { 13, 23, 242, 1, 19, 38, 25699 }, // U+1ED9
    { 19, 25, 314, 2, 25, 60, 25737 }, // U+1EDA
    { 15, 19, 246, 1, 19, 36, 25797 }, // U+1EDB
    { 19, 25, 314, 2, 25, 60, 25833 }, // U+1EDC
    { 15, 19, 246, 1, 19, 36, 25893 }, // U+1EDD
    { 19, 26, 314, 2, 26, 62, 25929 }, // U+1EDE
    { 15, 22, 246, 1, 22, 42, 25991 }, // U+1EDF
    { 19, 24, 314, 2, 24, 57, 26033 }, // U+1EE0
    { 15, 18, 246, 1, 18, 34, 26090 }, // U+1EE1
    { 19, 23, 314, 2, 19, 55, 26124 }, // U+1EE2
    { 15, 20, 246, 1, 16, 38, 26179 }, // U+1EE3
    { 14, 22, 292, 2, 18, 39, 26217 }, // U+1EE4
    { 12, 18, 247, 2, 14, 27, 26256 }, // U+1EE5
    { 14, 26, 292, 2, 26, 46, 26283 }, // U+1EE6
    { 12, 22, 247, 2, 22, 33, 26329 }, // U+1EE7
    { 18, 25, 312, 2, 25, 57, 26362 }, // U+1EE8
    { 16, 19, 270, 2, 19, 38, 26419 }, // U+1EE9
    { 18, 25, 312, 2, 25, 57, 26457 }, // U+1EEA
    { 16, 19, 270, 2, 19, 38, 26514 }, // U+1EEB
    { 18, 26, 312, 2, 26, 59, 26552 }, // U+1EEC
    { 16, 22, 270, 2, 22, 44, 26611 }, // U+1EED
    { 18, 24, 312, 2, 24, 54, 26655 }, // U+1EEE
    { 16, 18, 270, 2, 18, 36, 26709 }, // U+1EEF
    { 18, 23, 312, 2, 19, 52, 26745 }, // U+1EF0
    { 16, 20, 270, 2, 16, 40, 26797 }, // U+1EF1
    { 15, 24, 226, 0, 24, 45, 26837 }, // U+1EF2
    { 14, 25, 204, -1, 19, 44, 26882 }, // U+1EF3
    { 15, 23, 226, 0, 18, 44, 26926 }, // U+1EF4
    { 14, 20, 204, 0, 14, 35, 26970 }, // U+1EF5
    { 15, 26, 226, 0, 26, 49, 27005 }, // U+1EF6
    { 14, 27, 204, 0, 21, 48, 27054 }, // U+1EF7
    { 15, 23, 226, 0, 23, 44, 27102 }, // U+1EF8
    { 14, 24, 204, -1, 18, 42, 27146 }, // U+1EF9
    { 0, 0, 200, 0, 0, 0, 27188 }, // U+2000
    { 0, 0, 400, 0, 0, 0, 27188 }, // U+2001
    { 0, 0, 200, 0, 0, 0, 27188 }, // U+2002
    { 0, 0, 400, 0, 0, 0, 27188 }, // U+2003
    { 0, 0, 133, 0, 0, 0, 27188 }, // U+2004
    { 0, 0, 100, 0, 0, 0, 27188 }, // U+2005
    { 0, 0, 67, 0, 0, 0, 27188 }, // U+2006
    { 0, 0, 229, 0, 0, 0, 27188 }, // U+2007
    { 0, 0, 107, 0, 0, 0, 27188 }, // U+2008
    { 0, 0, 66, 0, 0, 0, 27188 }, // U+2009
    { 0, 0, 40, 0, 0, 0, 27188 }, // U+200A
    { 0, 0, 0, 0, 0, 0, 27188 }, // U+200B
    { 0, 0, 0, 0, 0, 0, 27188 }, // U+200C
    { 0, 0, 0, 0, 0, 0, 27188 }, // U+200D
    { 6, 22, 0, 0, 18, 17, 27188 }, // U+200E
    { 6, 22, 0, -5, 18, 17, 27205 }, // U+200F
    { 6, 2, 129, 1, 8, 2, 27222 }, // U+2010
    { 6, 2, 129, 1, 8, 2, 27224 }, // U+2011
    { 12, 2, 229, 1, 10, 3, 27226 }, // U+2012
    { 11, 2, 200, 1, 8, 3, 27229 }, // U+2013
    { 23, 2, 400, 1, 8, 6, 27232 }, // U+2014
    { 23, 2, 400, 1, 8, 6, 27238 }, // U+2015
    { 7, 25, 220, 3, 19, 22, 27244 }, // U+2016
    { 10, 5, 164, 0, -1, 7, 27266 }, // U+2017
    { 5, 6, 70, 0, 18, 4, 27273 }, // U+2018
    { 5, 6, 70, 0, 18, 4, 27277 }, // U+2019
    { 5, 6, 100, 0, 3, 4, 27281 }, // U+201A
    { 5, 6, 70, 0, 18, 4, 27285 }, // U+201B
    { 9, 6, 144, 0, 18, 7, 27289 }, // U+201C
    { 9, 6, 144, 0, 18, 7, 27296 }, // U+201D
    { 10, 6, 166, 0, 3, 8, 27303 }, // U+201E
    { 9, 6, 144, 0, 18, 7, 27311 }, // U+201F
    { 10, 19, 205, 1, 19, 24, 27318 }, // U+2020
    { 10, 19, 205, 1, 19, 24, 27342 }, // U+2021
    { 6, 6, 150, 2, 12, 5, 27366 }, // U+2022
    { 7, 9, 147, 2, 14, 8, 27371 }, // U+2023
    { 3, 3, 200, 5, 3, 2, 27379 }, // U+2024
    { 10, 3, 214, 2, 3, 4, 27381 }, // U+2025
    { 17, 3, 316, 2, 3, 7, 27385 }, // U+2026
    { 3, 3, 107, 2, 8, 2, 27392 }, // U+2027
    { 0, 0, 240, 0, 0, 0, 27394 }, // U+2028
    { 0, 0, 240, 0, 0, 0, 27394 }, // U+2029
    { 7, 19, 0, -1, 15, 17, 27394 }, // U+202A
    { 6, 19, 0, -5, 15, 15, 27411 }, // U+202B
    { 6, 21, 0, -3, 17, 16, 27426 }, // U+202C
    { 7, 21, 0, -3, 17, 19, 27442 }, // U+202D
    { 6, 21, 0, -3, 17, 16, 27461 }, // U+202E
    { 0, 0, 66, 0, 0, 0, 27477 }, // U+202F
    { 28, 18, 471, 1, 18, 63, 27477 }, // U+2030
    { 37, 18, 618, 1, 18, 84, 27540 }, // U+2031
    { 7, 7, 93, 0, 18, 7, 27624 }, // U+2032
    { 11, 7, 163, 0, 18, 10, 27631 }, // U+2033
    { 16, 7, 234, 0, 18, 14, 27641 }, // U+2034
    { 6, 7, 93, -1, 18, 6, 27655 }, // U+2035
    { 10, 7, 176, -1, 18, 9, 27661 }, // U+2036
    { 14, 7, 241, -1, 18, 13, 27670 }, // U+2037
    { 10, 8, 160, 0, 2, 10, 27683 }, // U+2038
    { 6, 12, 124, 1, 13, 9, 27693 }, // U+2039
    { 6, 12, 124, 1, 13, 9, 27702 }, // U+203A
    { 19, 18, 335, 1, 18, 43, 27711 }, // U+203B
    { 9, 18, 200, 2, 18, 21, 27754 }, // U+203C
    { 11, 18, 178, 0, 18, 25, 27775 }, // U+203D
    { 13, 2, 200, 0, 21, 4, 27800 }, // U+203E
    { 15, 6, 244, 0, 0, 12, 27804 }, // U+203F
    { 15, 7, 244, 0, 21, 14, 27816 }, // U+2040
    { 9, 16, 150, 0, 10, 18, 27830 }, // U+2041
    { 28, 24, 447, 0, 19, 84, 27848 }, // U+2042
    { 6, 2, 129, 1, 8, 2, 27932 }, // U+2043
    { 13, 18, 52, -5, 18, 30, 27934 }, // U+2044
    { 6, 23, 130, 2, 18, 18, 27964 }, // U+2045
    { 7, 22, 130, 0, 18, 20, 27982 }, // U+2046
    { 21, 18, 342, 0, 18, 48, 28002 }, // U+2047
    { 15, 18, 272, 0, 18, 34, 28050 }, // U+2048
    { 15, 18, 273, 2, 18, 34, 28084 }, // U+2049
    { 12, 14, 229, 1, 14, 21, 28118 }, // U+204A
    { 14, 24, 262, 2, 19, 42, 28139 }, // U+204B
    { 13, 13, 256, 1, 14, 22, 28181 }, // U+204C
    { 12, 13, 256, 2, 14, 20, 28203 }, // U+204D
    { 12, 12, 220, 1, 6, 18, 28223 }, // U+204E
    { 4, 17, 95, 1, 14, 9, 28241 }, // U+204F
    { 15, 27, 242, 0, 21, 51, 28250 }, // U+2050
    { 12, 25, 220, 1, 19, 38, 28301 }, // U+2051
    { 10, 18, 149, 0, 18, 23, 28339 }, // U+2052
    { 23, 4, 400, 1, 9, 12, 28362 }, // U+2053
    { 15, 7, 242, 0, 0, 14, 28374 }, // U+2054
    { 13, 13, 229, 1, 13, 22, 28388 }, // U+2055
    { 10, 18, 207, 1, 18, 23, 28410 }, // U+2056
    { 20, 7, 297, 0, 18, 18, 28433 }, // U+2057
    { 18, 18, 329, 1, 18, 41, 28451 }, // U+2058
    { 18, 18, 332, 1, 18, 41, 28492 }, // U+2059
    { 3, 18, 88, 1, 18, 7, 28533 }, // U+205A
    { 14, 19, 262, 1, 19, 34, 28540 }, // U+205B
    { 18, 19, 318, 1, 19, 43, 28574 }, // U+205C
    { 3, 18, 107, 2, 18, 7, 28617 }, // U+205D
    { 3, 18, 107, 2, 18, 7, 28624 }, // U+205E
    { 0, 0, 89, 0, 0, 0, 28631 }, // U+205F
    { 0, 0, 240, 0, 0, 0, 28631 }, // U+2060
    { 0, 0, 240, 0, 0, 0, 28631 }, // U+2061
    { 0, 0, 240, 0, 0, 0, 28631 }, // U+2062
    { 0, 0, 240, 0, 0, 0, 28631 }, // U+2063
    { 0, 0, 240, 0, 0, 0, 28631 }, // U+2064
    { 0, 0, 0, 0, 0, 0, 28631 }, // U+2066
    { 0, 0, 0, 0, 0, 0, 28631 }, // U+2067
    { 0, 0, 0, 0, 0, 0, 28631 }, // U+2068
    { 0, 0, 0, 0, 0, 0, 28631 }, // U+2069
    { 6, 21, 0, -3, 17, 16, 28631 }, // U+206A
    { 7, 21, 0, -3, 17, 19, 28647 }, // U+206B
    { 7, 21, 0, -3, 18, 19, 28666 }, // U+206C
    { 7, 22, 0, -3, 19, 20, 28685 }, // U+206D
    { 7, 22, 0, -3, 19, 20, 28705 }, // U+206E
    { 7, 21, 0, -3, 17, 19, 28725 }, // U+206F
    { 8, 11, 140, 1, 21, 11, 28744 }, // U+2070
    { 3, 13, 67, 1, 20, 5, 28755 }, // U+2071
    { 8, 11, 140, 1, 21, 11, 28760 }, // U+2074
    { 8, 11, 140, 0, 21, 11, 28771 }, // U+2075
    { 8, 11, 140, 1, 21, 11, 28782 }, // U+2076
    { 7, 11, 140, 1, 22, 10, 28793 }, // U+2077
    { 8, 11, 140, 1, 21, 11, 28803 }, // U+2078
    { 8, 11, 140, 1, 21, 11, 28814 }, // U+2079
    { 7, 7, 135, 1, 18, 7, 28825 }, // U+207A
    { 7, 2, 135, 1, 16, 2, 28832 }, // U+207B
    { 7, 4, 135, 1, 17, 4, 28834 }, // U+207C
    { 5, 13, 90, 2, 22, 9, 28838 }, // U+207D
    { 5, 13, 90, 0, 22, 9, 28847 }, // U+207E
    { 8, 8, 161, 1, 15, 8, 28856 }, // U+207F
    { 8, 12, 140, 1, 8, 12, 28864 }, // U+2080
    { 6, 11, 140, 0, 8, 9, 28876 }, // U+2081
    { 7, 12, 140, 1, 9, 11, 28885 }, // U+2082
    { 8, 12, 140, 0, 8, 12, 28896 }, // U+2083
    { 8, 11, 140, 1, 8, 11, 28908 }, // U+2084
    { 8, 12, 140, 0, 8, 12, 28919 }, // U+2085
    { 8, 12, 140, 1, 8, 12, 28931 }, // U+2086
    { 7, 12, 140, 1, 8, 11, 28943 }, // U+2087
    { 8, 12, 140, 1, 8, 12, 28954 }, // U+2088
    { 8, 12, 140, 1, 8, 12, 28966 }, // U+2089
    { 7, 7, 135, 1, 5, 7, 28978 }, // U+208A
    { 7, 2, 135, 1, 2, 2, 28985 }, // U+208B
    { 7, 5, 135, 1, 5, 5, 28987 }, // U+208C
    { 5, 14, 90, 2, 9, 9, 28992 }, // U+208D
    { 5, 14, 90, 0, 9, 9, 29001 }, // U+208E
    { 9, 8, 146, 0, 6, 9, 29010 }, // U+2090
    { 9, 8, 147, 0, 6, 9, 29019 }, // U+2091
    { 10, 8, 157, 0, 6, 10, 29028 }, // U+2092
    { 9, 8, 138, 0, 6, 9, 29038 }, // U+2093
    { 9, 8, 147, 0, 6, 9, 29047 }, // U+2094
    { 8, 11, 161, 1, 9, 11, 29056 }, // U+2095
    { 8, 11, 139, 1, 9, 11, 29067 }, // U+2096
    { 2, 11, 67, 1, 9, 3, 29078 }, // U+2097
    { 13, 8, 243, 1, 6, 13, 29081 }, // U+2098
    { 8, 8, 161, 1, 6, 8, 29094 }, // U+2099
    { 8, 12, 160, 1, 6, 12, 29102 }, // U+209A
    { 7, 8, 124, 1, 6, 7, 29114 }, // U+209B
    { 7, 11, 94, -1, 9, 10, 29121 }, // U+209C
    { 13, 18, 229, 1, 18, 30, 29131 }, // U+20A0
    { 13, 21, 229, 1, 19, 35, 29161 }, // U+20A1
    { 13, 18, 229, 1, 18, 30, 29196 }, // U+20A2
    { 12, 18, 229, 1, 18, 27, 29226 }, // U+20A3
    { 13, 18, 229, 1, 18, 30, 29253 }, // U+20A4
    { 20, 20, 374, 2, 17, 50, 29283 }, // U+20A5
    { 14, 18, 229, 1, 18, 32, 29333 }, // U+20A6
    { 17, 18, 310, 2, 18, 39, 29365 }, // U+20A7
    { 18, 18, 333, 2, 18, 41, 29404 }, // U+20A8
    { 16, 18, 268, 1, 18, 36, 29445 }, // U+20A9
    { 16, 18, 320, 2, 18, 36, 29481 }, // U+20AA
    { 14, 23, 247, 1, 19, 41, 29517 }, // U+20AB
    { 14, 18, 229, 1, 18, 32, 29558 }, // U+20AC
    { 14, 18, 229, 1, 18, 32, 29590 }, // U+20AD
    { 13, 18, 229, 1, 18, 30, 29622 }, // U+20AE
    { 24, 24, 388, 0, 18, 72, 29652 }, // U+20AF
    { 13, 24, 229, 0, 18, 39, 29724 }, // U+20B0
    { 14, 18, 229, 1, 18, 32, 29763 }, // U+20B1
    { 15, 21, 291, 2, 19, 40, 29795 }, // U+20B2
    { 17, 18, 243, 0, 18, 39, 29835 }, // U+20B3
    { 13, 18, 220, 1, 18, 30, 29874 }, // U+20B4
    { 14, 21, 253, 2, 19, 37, 29904 }, // U+20B5
    { 15, 17, 248, 0, 17, 32, 29941 }, // U+20B6
    { 17, 20, 290, 1, 18, 43, 29973 }, // U+20B7
    { 13, 18, 218, 1, 18, 30, 30016 }, // U+20B8
    { 10, 19, 229, 2, 19, 24, 30046 }, // U+20B9
    { 14, 18, 229, 0, 18, 32, 30070 }, // U+20BA
    { 19, 18, 312, 1, 18, 43, 30102 }, // U+20BB
    { 18, 18, 324, 1, 18, 41, 30145 }, // U+20BC
    { 13, 18, 233, 1, 18, 30, 30186 }, // U+20BD
    { 16, 20, 308, 2, 20, 40, 30216 }, // U+20BE
    { 11, 24, 229, 2, 21, 33, 30256 }, // U+20BF
    { 11, 18, 197, 1, 14, 25, 30289 }, // U+20C0
    { 12, 2, 229, 1, 10, 3, 30314 }, // U+2212
    { 19, 19, 275, 1, 19, 46, 30317 }, // U+FB00
    { 13, 19, 241, 1, 19, 31, 30363 }, // U+FB01
    { 13, 19, 241, 1, 19, 31, 30394 }, // U+FB02
    { 22, 19, 378, 1, 19, 53, 30425 }, // U+FB03
    { 22, 19, 378, 1, 19, 53, 30478 }, // U+FB04
    { 14, 19, 269, 2, 19, 34, 30531 }, // U+FB05
    { 19, 19, 336, 1, 19, 46, 30565 }, // U+FB06
    { 23, 24, 400, 1, 20, 69, 30611 }, // U+FFFD
};

static const EpdUnicodeInterval notosansui_12_regularIntervals[] = {
    { 0x0, 0x0, 0x0 },
    { 0xD, 0xD, 0x1 },
    { 0x20, 0x7E, 0x2 },
    { 0xA0, 0x17F, 0x61 },
    { 0x1A0, 0x1A1, 0x141 },
    { 0x1AF, 0x1B0, 0x143 },
    { 0x1C4, 0x21F, 0x145 },
    { 0x300, 0x36F, 0x1A1 },
    { 0x400, 0x4FF, 0x211 },
    { 0x5D0, 0x5EA, 0x311 },
    { 0x1EA0, 0x1EF9, 0x32C },
    { 0x2000, 0x2064, 0x386 },
    { 0x2066, 0x2071, 0x3EB },
    { 0x2074, 0x208E, 0x3F7 },
    { 0x2090, 0x209C, 0x412 },
    { 0x20A0, 0x20C0, 0x41F },
    { 0x2212, 0x2212, 0x440 },
    { 0xFB00, 0xFB06, 0x441 },
    { 0xFFFD, 0xFFFD, 0x448 },
};

static const uint16_t notosansui_12_regularKernLeftCodepoints[] = {
    0x0022, 0x0026, 0x0027, 0x0028, 0x002C, 0x002D, 0x002E, 0x003A, 0x0041, 0x0042, 0x0043, 0x0044,
    0x0045, 0x0046, 0x004B, 0x004C, 0x004F, 0x0050, 0x0051, 0x0052, 0x0054, 0x0055, 0x0056, 0x0057,
    0x0058, 0x0059, 0x005A, 0x005B, 0x005F, 0x0061, 0x0062, 0x0063, 0x0065, 0x0066, 0x0068, 0x006D,
    0x006E, 0x006F, 0x0070, 0x0072, 0x0074, 0x0076, 0x0077, 0x0078, 0x0079, 0x007B, 0x00A1, 0x00AB,
    0x00BB, 0x00BF, 0x00C0, 0x00C1, 0x00C2, 0x00C3, 0x00C4, 0x00C5, 0x00C6, 0x00C7, 0x00C8, 0x00C9,
    0x00CA, 0x00CB, 0x00D0, 0x00D2, 0x00D3, 0x00D4, 0x00D5, 0x00D6, 0x00D8, 0x00D9, 0x00DA, 0x00DB,
    0x00DC, 0x00DD, 0x00DE, 0x00E0, 0x00E1, 0x00E2, 0x00E3, 0x00E4, 0x00E5, 0x00E6, 0x00E8, 0x00E9,
    0x00EA, 0x00EB, 0x00EE, 0x00EF, 0x00F0, 0x00F2, 0x00F3, 0x00F4, 0x00F5, 0x00F6, 0x00F8, 0x00FD,
    0x00FE, 0x00FF, 0x0100, 0x0101, 0x0102, 0x0103, 0x0104, 0x0105, 0x0106, 0x0108, 0x010A, 0x010C,
    0x010E, 0x010F, 0x0110, 0x0112, 0x0113, 0x0114, 0x0115, 0x0116, 0x0117, 0x0118, 0x0119, 0x011A,
    0x011B, 0x0125, 0x0129, 0x012B, 0x012E, 0x0136, 0x0138, 0x0139, 0x013B, 0x013D, 0x013E, 0x013F,
    0x0141, 0x0144, 0x0146, 0x0149, 0x014B, 0x014C, 0x014D, 0x014E, 0x014F, 0x0150, 0x0151, 0x0152,
    0x0153, 0x0155, 0x0157, 0x0159, 0x0162, 0x0163, 0x0164, 0x0165, 0x0166, 0x0167, 0x0168, 0x016A,
    0x016C, 0x016E, 0x0170, 0x0172, 0x0174, 0x0175, 0x0176, 0x0177, 0x0178, 0x0179, 0x017B, 0x017D,
    0x01A0, 0x01A1, 0x01AF, 0x01B0, 0x01FA, 0x01FB, 0x01FC, 0x01FD, 0x01FE, 0x020B, 0x021A, 0x021B,
    0x0400, 0x0401, 0x0402, 0x0403, 0x0404, 0x0405, 0x0409, 0x040A, 0x040B, 0x040C, 0x040E, 0x0410,
    0x0411, 0x0412, 0x0413, 0x0414, 0x0415, 0x0416, 0x0417, 0x041A, 0x041E, 0x0420, 0x0421, 0x0422,
    0x0423, 0x0424, 0x0425, 0x0426, 0x0429, 0x042A, 0x042C, 0x042D, 0x042E, 0x0430, 0x0431, 0x0432,
    0x0433, 0x0434, 0x0435, 0x0436, 0x0437, 0x0438, 0x0439, 0x043A, 0x043B, 0x043C, 0x043D, 0x043E,
    0x043F, 0x0440, 0x0441, 0x0442, 0x0443, 0x0444, 0x0445, 0x0446, 0x0447, 0x0448, 0x0449, 0x044A,
    0x044B, 0x044C, 0x044D, 0x044E, 0x044F, 0x0450, 0x0451, 0x0452, 0x0453, 0x0454, 0x0455, 0x0457,
    0x0458, 0x0459, 0x045A, 0x045B, 0x045C, 0x045D, 0x045E, 0x045F, 0x0460, 0x0461, 0x0462, 0x0463,
    0x0464, 0x0465, 0x0466, 0x0467, 0x0468, 0x0469, 0x046E, 0x0471, 0x0472, 0x0473, 0x0474, 0x0475,
    0x0476, 0x0477, 0x0478, 0x0479, 0x047A, 0x047B, 0x047C, 0x047D, 0x047E, 0x047F, 0x0480, 0x048A,
    0x048B, 0x048C, 0x048D, 0x048E, 0x048F, 0x0490, 0x0491, 0x0492, 0x0493, 0x0496, 0x0497, 0x0498,
    0x0499, 0x049A, 0x049B, 0x049C, 0x049D, 0x049E, 0x049F, 0x04A0, 0x04A1, 0x04A2, 0x04A3, 0x04A4,
    0x04A5, 0x04A9, 0x04AA, 0x04AB, 0x04AC, 0x04AD, 0x04AE, 0x04AF, 0x04B0, 0x04B1, 0x04B2, 0x04B3,
    0x04B4, 0x04B5, 0x04B6, 0x04B7, 0x04BC, 0x04BD, 0x04BE, 0x04BF, 0x04C1, 0x04C2, 0x04C5, 0x04C6,
    0x04C9, 0x04CA, 0x04CD, 0x04CE, 0x04D0, 0x04D1, 0x04D2, 0x04D3, 0x04D4, 0x04D5, 0x04D6, 0x04D7,
    0x04D8, 0x04D9, 0x04DA, 0x04DB, 0x04DC, 0x04DD, 0x04DE, 0x04DF, 0x04E3, 0x04E5, 0x04E6, 0x04E7,
    0x04E8, 0x04E9, 0x04EA, 0x04EB, 0x04EC, 0x04ED, 0x04EE, 0x04EF, 0x04F0, 0x04F1, 0x04F2, 0x04F3,
    0x04F5, 0x04F6, 0x04F7, 0x04F9, 0x04FA, 0x04FB, 0x04FC, 0x04FD, 0x04FE, 0x04FF, 0x05D0, 0x05D1,
    0x05D2, 0x05D3, 0x05D5, 0x05D6, 0x05D8, 0x05D9, 0x05DB, 0x05DC, 0x05DE, 0x05E0, 0x05E1, 0x05E2,
    0x05E4, 0x05E6, 0x05E8, 0x05E9, 0x05EA, 0x1EA0, 0x1EA1, 0x1EA2, 0x1EA3, 0x1EA4, 0x1EA5, 0x1EA6,
    0x1EA7, 0x1EA8, 0x1EA9, 0x1EAA, 0x1EAB, 0x1EAC, 0x1EAD, 0x1EAE, 0x1EAF, 0x1EB0, 0x1EB1, 0x1EB2,
    0x1EB3, 0x1EB4, 0x1EB5, 0x1EB6, 0x1EB7, 0x1EB8, 0x1EB9, 0x1EBA, 0x1EBB, 0x1EBC, 0x1EBD, 0x1EBE,
    0x1EBF, 0x1EC0, 0x1EC1, 0x1EC2, 0x1EC3, 0x1EC4, 0x1EC5, 0x1EC6, 0x1EC7, 0x1ECC, 0x1ECD, 0x1ECE,
    0x1ECF, 0x1ED0, 0x1ED1, 0x1ED2, 0x1ED3, 0x1ED4, 0x1ED5, 0x1ED6, 0x1ED7, 0x1ED8, 0x1ED9, 0x1EDA,
    0x1EDB, 0x1EDC, 0x1EDD, 0x1EDE, 0x1EDF, 0x1EE0, 0x1EE1, 0x1EE2, 0x1EE3, 0x1EE4, 0x1EE6, 0x1EE8,
    0x1EE9, 0x1EEA, 0x1EEB, 0x1EEC, 0x1EED, 0x1EEE, 0x1EEF, 0x1EF0, 0x1EF1, 0x1EF2, 0x1EF3, 0x1EF4,
    0x1EF5, 0x1EF6, 0x1EF7, 0x1EF8, 0x1EF9, 0x2013, 0x2014, 0x2015, 0x2018, 0x2019, 0x201A, 0x201C,
    0x201D, 0x201E, 0x2039, 0x203A, 0xFB00,
};

static const uint8_t notosansui_12_regularKernLeftClassIds[] = {
      1,   2,   1,   3,   4,   5,   4,   6,   7,   8,   9,  10,  11,  12,   9,  13,
     10,  14,  10,  15,  16,  17,  18,  18,   9,  19,  20,   3,  21,  22,  23,  24,
     23,  25,  22,  22,  22,  23,  23,  26,  24,  27,  27,  28,  27,   3,  29,  30,
     31,  32,   7,   7,   7,   7,   7,   7,  11,   9,  11,  11,  11,  11,  10,  10,
     10,  10,  10,  10,  10,  17,  17,  17,  17,  19,  14,  22,  22,  22,  22,  22,
     22,  23,  23,  23,  23,  23,  33,  33,  23,  23,  23,  23,  23,  23,  23,  27,
     23,  27,   7,  22,   7,  22,  34,  22,   9,   9,   9,   9,  10,  35,  10,  11,
     23,  11,  23,  11,  23,  11,  23,  11,  23,  22,  36,  33,  37,   9,  28,  13,
     13,  13,  35,  13,  13,  22,  22,  22,  22,  10,  23,  10,  23,  10,  23,  11,
     23,  26,  26,  26,  16,  24,  16,  38,  16,  24,  17,  17,  17,  17,  17,  17,
     18,  27,  19,  27,  19,  20,  20,  20,  39,  40,  41,  42,   7,  22,  11,  23,
     10,  33,  16,  24,  43,  43,  44,  45,  46,  47,  48,  48,  44,  49,  50,  51,
     52,  53,  45,  54,  43,  49,  53,  49,  55,  56,  46,  45,  50,  57,  49,  54,
     54,  48,  48,  55,  55,  58,  59,  60,  61,  62,  63,  64,  60,  65,  65,  64,
     65,  65,  65,  63,  65,  63,  66,  61,  67,  63,  64,  62,  65,  65,  62,  68,
     65,  68,  63,  63,  65,  63,  63,  69,  61,  66,  70,  71,  72,  68,  68,  73,
     64,  65,  67,  65,  55,  74,  75,  68,  46,  66,  51,  76,  51,  76,  77,  63,
     55,  63,  50,  74,  50,  74,  67,  67,  55,  63,  55,  63,  55,  74,  46,  54,
     62,  75,  68,  56,  63,  78,  79,  80,  81,  82,  83,  77,  60,  82,  83,  49,
     64,  49,  64,  49,  64,  54,  62,  80,  79,  63,  46,  66,  78,  79,  84,  85,
     84,  85,  82,  83,  54,  62,  54,  62,  86,  87,  86,  87,  49,  64,  54,  62,
     54,  62,  54,  62,  51,  58,  51,  58,  43,  87,  43,  87,  55,  63,  55,  63,
     49,  64,  77,  60,  65,  65,  55,  63,  55,  63,  55,  63,  55,  63,  50,  67,
     50,  67,  50,  67,  65,  78,  79,  65,  80,  81,  82,  83,  49,  83,  88,  89,
     90,  91,  92,  93,  94,  95,  96,  97,  98,  99, 100, 101, 102, 103, 104, 105,
    106,   7,  22,   7,  22,   7,  22,   7,  22,   7,  22,   7,  22,   7,  22,   7,
     22,   7,  22,   7,  22,   7,  22,   7,  22,  11,  23,  11,  23,  11,  23,  11,
     23,  11,  23,  11,  23,  11,  23,  11,  23,  10,  23,  10,  23,  10,  23,  10,
     23,  10,  23,  10,  23,  10,  23,  39,  40,  39,  40,  39,  40,  39,  40,  39,
     40,  17,  17,  41,  42,  41,  42,  41,  42,  41,  42,  41,  42,  19,  27,  19,
     27,  19,  27,  19,  27,   5,   5,   5,   1,   1,   4,   1,   1,   4,  30,  31,
     25,
};

static const uint16_t notosansui_12_regularKernRightCodepoints[] = {
    0x0021, 0x0022, 0x0026, 0x0027, 0x0029, 0x002C, 0x002D, 0x002E, 0x003A, 0x003B, 0x003F, 0x0041,
    0x0043, 0x0047, 0x0049, 0x004A, 0x004F, 0x0051, 0x0054, 0x0055, 0x0056, 0x0057, 0x0058, 0x0059,
    0x005A, 0x005D, 0x0061, 0x0062, 0x0063, 0x0064, 0x0065, 0x0066, 0x0067, 0x0068, 0x006A, 0x006B,
    0x006C, 0x006D, 0x006E, 0x006F, 0x0070, 0x0071, 0x0072, 0x0073, 0x0074, 0x0075, 0x0076, 0x0077,
    0x0078, 0x0079, 0x007A, 0x007D, 0x00AB, 0x00BB, 0x00C0, 0x00C1, 0x00C2, 0x00C3, 0x00C4, 0x00C5,
    0x00C6, 0x00C7, 0x00D2, 0x00D3, 0x00D4, 0x00D5, 0x00D6, 0x00D8, 0x00D9, 0x00DA, 0x00DB, 0x00DC,
    0x00DD, 0x00E0, 0x00E1, 0x00E2, 0x00E3, 0x00E4, 0x00E5, 0x00E6, 0x00E7, 0x00E8, 0x00E9, 0x00EA,
    0x00EB, 0x00F2, 0x00F3, 0x00F4, 0x00F5, 0x00F6, 0x00F8, 0x00F9, 0x00FA, 0x00FB, 0x00FC, 0x00FD,
    0x00FE, 0x00FF, 0x0100, 0x0101, 0x0102, 0x0103, 0x0104, 0x0105, 0x0106, 0x0107, 0x0108, 0x0109,
    0x010A, 0x010B, 0x010C, 0x010D, 0x010F, 0x0111, 0x0113, 0x0115, 0x0117, 0x0119, 0x011B, 0x011C,
    0x011D, 0x011E, 0x011F, 0x0120, 0x0121, 0x0122, 0x0123, 0x0125, 0x0127, 0x0129, 0x0137, 0x0138,
    0x013A, 0x013C, 0x013E, 0x0140, 0x0144, 0x0146, 0x014B, 0x014C, 0x014D, 0x014E, 0x014F, 0x0150,
    0x0151, 0x0152, 0x0153, 0x0155, 0x0157, 0x015B, 0x015F, 0x0162, 0x0163, 0x0164, 0x0165, 0x0166,
    0x0167, 0x0168, 0x0169, 0x016A, 0x016B, 0x016C, 0x016D, 0x016E, 0x016F, 0x0170, 0x0171, 0x0172,
    0x0173, 0x0174, 0x0175, 0x0176, 0x0177, 0x0178, 0x0179, 0x017A, 0x017B, 0x017C, 0x017D, 0x017E,
    0x01A0, 0x01A1, 0x01AF, 0x01B0, 0x01FA, 0x01FB, 0x01FC, 0x01FD, 0x01FE, 0x01FF, 0x0219, 0x021A,
    0x021B, 0x0402, 0x0404, 0x0405, 0x0408, 0x0409, 0x040B, 0x040E, 0x0410, 0x0414, 0x0416, 0x0417,
    0x041B, 0x041E, 0x0421, 0x0422, 0x0423, 0x0424, 0x0425, 0x0427, 0x042A, 0x042D, 0x042F, 0x0430,
    0x0431, 0x0432, 0x0433, 0x0434, 0x0435, 0x0436, 0x0437, 0x0438, 0x0439, 0x043A, 0x043B, 0x043C,
    0x043D, 0x043E, 0x043F, 0x0440, 0x0441, 0x0442, 0x0443, 0x0444, 0x0445, 0x0446, 0x0447, 0x0448,
    0x0449, 0x044A, 0x044B, 0x044C, 0x044D, 0x044E, 0x044F, 0x0450, 0x0451, 0x0452, 0x0453, 0x0454,
    0x0455, 0x0457, 0x0458, 0x0459, 0x045A, 0x045B, 0x045C, 0x045D, 0x045E, 0x045F, 0x0460, 0x0461,
    0x0462, 0x0465, 0x0466, 0x0467, 0x0469, 0x046D, 0x046E, 0x0470, 0x0472, 0x0473, 0x0474, 0x0475,
    0x0476, 0x0477, 0x0478, 0x0479, 0x047A, 0x047B, 0x047C, 0x047D, 0x047E, 0x047F, 0x0480, 0x0481,
    0x048B, 0x048C, 0x048D, 0x048F, 0x0491, 0x0492, 0x0495, 0x0496, 0x0497, 0x0498, 0x0499, 0x049B,
    0x049D, 0x049F, 0x04A0, 0x04A1, 0x04A3, 0x04A5, 0x04A7, 0x04A8, 0x04A9, 0x04AA, 0x04AB, 0x04AC,
    0x04AD, 0x04AE, 0x04AF, 0x04B0, 0x04B1, 0x04B2, 0x04B3, 0x04B4, 0x04B5, 0x04B6, 0x04B7, 0x04B8,
    0x04B9, 0x04BB, 0x04BC, 0x04BD, 0x04BE, 0x04BF, 0x04C1, 0x04C2, 0x04C4, 0x04C5, 0x04C6, 0x04C8,
    0x04CA, 0x04CB, 0x04CC, 0x04CE, 0x04D0, 0x04D1, 0x04D2, 0x04D3, 0x04D4, 0x04D5, 0x04D7, 0x04D8,
    0x04D9, 0x04DA, 0x04DB, 0x04DC, 0x04DD, 0x04DE, 0x04DF, 0x04E3, 0x04E5, 0x04E6, 0x04E7, 0x04E8,
    0x04E9, 0x04EA, 0x04EB, 0x04EC, 0x04ED, 0x04EE, 0x04EF, 0x04F0, 0x04F1, 0x04F2, 0x04F3, 0x04F4,
    0x04F5, 0x04F7, 0x04F9, 0x04FA, 0x04FC, 0x04FD, 0x04FE, 0x04FF, 0x05D0, 0x05D1, 0x05D2, 0x05D3,
    0x05D4, 0x05D6, 0x05D7, 0x05D8, 0x05D9, 0x05DA, 0x05DB, 0x05DC, 0x05DD, 0x05DE, 0x05E1, 0x05E2,
    0x05E3, 0x05E4, 0x05E5, 0x05E7, 0x05E8, 0x05E9, 0x05EA, 0x1EA0, 0x1EA1, 0x1EA2, 0x1EA3, 0x1EA4,
    0x1EA5, 0x1EA6, 0x1EA7, 0x1EA8, 0x1EA9, 0x1EAA, 0x1EAB, 0x1EAC, 0x1EAD, 0x1EAE, 0x1EAF, 0x1EB0,
    0x1EB1, 0x1EB2, 0x1EB3, 0x1EB4, 0x1EB5, 0x1EB6, 0x1EB7, 0x1EB9, 0x1EBB, 0x1EBD, 0x1EBF, 0x1EC1,
    0x1EC3, 0x1EC5, 0x1EC7, 0x1ECC, 0x1ECD, 0x1ECE, 0x1ECF, 0x1ED0, 0x1ED1, 0x1ED2, 0x1ED3, 0x1ED4,
    0x1ED5, 0x1ED6, 0x1ED7, 0x1ED8, 0x1ED9, 0x1EDA, 0x1EDB, 0x1EDC, 0x1EDD, 0x1EDE, 0x1EDF, 0x1EE0,
    0x1EE1, 0x1EE2, 0x1EE3, 0x1EE4, 0x1EE5, 0x1EE6, 0x1EE7, 0x1EE8, 0x1EE9, 0x1EEA, 0x1EEB, 0x1EEC,
    0x1EED, 0x1EEE, 0x1EEF, 0x1EF0, 0x1EF1, 0x1EF2, 0x1EF4, 0x1EF5, 0x1EF6, 0x1EF7, 0x1EF8, 0x1EF9,
    0x2013, 0x2014, 0x2015, 0x2018, 0x2019, 0x201A, 0x201C, 0x201D, 0x201E, 0x2026, 0x2039, 0x203A,
    0xFB00, 0xFB01, 0xFB02, 0xFB03, 0xFB04,
};

static const uint8_t notosansui_12_regularKernRightClassIds[] = {
      1,   2,   3,   2,   4,   5,   6,   5,   7,   7,   8,   9,  10,  10,  11,  12,
     10,  10,  13,  14,  15,  15,  16,  17,  18,   4,  19,  20,  21,  21,  21,  22,
     23,  20,  24,  20,  20,  25,  25,  21,  25,  21,  25,  26,  22,  25,  27,  27,
     27,  27,  28,   4,  29,  30,   9,   9,   9,   9,   9,   9,  31,  10,  10,  10,
     10,  10,  10,  10,  14,  14,  14,  14,  17,  21,  19,  19,  19,  19,  19,  19,
     21,  21,  21,  21,  21,  21,  21,  21,  21,  21,  21,  25,  25,  25,  25,  27,
     20,  27,   9,  19,   9,  19,   9,  19,  10,  21,  10,  21,  10,  21,  10,  21,
     21,  21,  21,  21,  21,  21,  21,  10,  23,  10,  23,  10,  23,  10,  23,  20,
     32,  33,  20,  25,  20,  20,  20,  20,  25,  25,  25,  10,  21,  10,  21,  10,
     21,  10,  21,  25,  25,  26,  26,  13,  22,  13,  22,  13,  22,  14,  25,  14,
     25,  14,  25,  14,  25,  14,  25,  14,  25,  15,  27,  17,  27,  17,  18,  28,
     18,  28,  18,  28,  10,  21,  14,  25,   9,  19,  31,  19,  10,  21,  26,  13,
     22,  34,  35,  36,  37,  38,  34,  39,  40,  41,  42,  43,  38,  35,  35,  34,
     39,  44,  42,  45,  34,  43,  46,  47,  48,  49,  49,  50,  51,  52,  53,  49,
     49,  49,  54,  49,  49,  51,  49,  49,  51,  55,  56,  51,  52,  49,  57,  49,
     49,  55,  49,  49,  53,  49,  58,  51,  51,  59,  49,  51,  60,  61,  62,  54,
     49,  59,  49,  49,  56,  49,  63,  64,  65,  66,  40,  50,  66,  66,  43,  45,
     63,  47,  67,  64,  67,  64,  63,  47,  63,  47,  63,  47,  63,  64,  63,  47,
     66,  65,  59,  66,  66,  65,  66,  42,  52,  43,  53,  66,  66,  59,  68,  55,
     66,  66,  66,  63,  47,  63,  47,  34,  55,  69,  70,  69,  70,  42,  52,  68,
     55,  45,  57,  45,  57,  66,  71,  72,  71,  72,  42,  52,  66,  73,  50,  66,
     66,  45,  57,  66,  40,  74,  40,  74,  40,  74,  47,  75,  74,  75,  74,  42,
     52,  43,  53,  49,  49,  63,  47,  63,  47,  63,  47,  43,  53,  39,  56,  39,
     56,  39,  56,  45,  57,  66,  49,  65,  42,  52,  42,  52,  76,  77,  78,  79,
     80,  81,  82,  83,  84,  85,  86,  87,  88,  89,  90,  91,  92,  93,  94,  95,
     96,  97,  98,   9,  19,   9,  19,   9,  19,   9,  19,   9,  19,   9,  19,   9,
     19,   9,  19,   9,  19,   9,  19,   9,  19,   9,  19,  21,  21,  21,  21,  21,
     21,  21,  21,  10,  21,  10,  21,  10,  21,  10,  21,  10,  21,  10,  21,  10,
     21,  10,  21,  10,  21,  10,  21,  10,  21,  10,  21,  14,  25,  14,  25,  14,
     25,  14,  25,  14,  25,  14,  25,  14,  25,  17,  17,  27,  17,  27,  17,  27,
      6,   6,   6,  99,   2,   5,  99,   2,   5,   5,  29,  30,  22,  22,  22,  22,
     22,
};

static const uint16_t notosansui_12_regularKernRowOffsets[] = {
        0,    29,    32,    37,    54,    61,    66,    72,    73,    75,    82,    83,    87,    93,   100,   101,
      117,   119,   130,   143,   145,   146,   147,   150,   151,   154,   159,   162,   163,   167,   173,   182,
      186,   187,   193,   200,   202,   203,   208,   214,   217,   227,   230,   231,   244,   269,   275,   277,
      288,   303,   332,   351,   353,   357,   369,   385,   402,   420,   426,   437,   445,   456,   468,   479,
      491,   493,   497,   509,   527,   533,   537,   541,   543,   548,   550,   557,   565,   568,   593,   600,
      616,   619,   624,   626,   638,   640,   643,   646,   652,   657,   664,   675,   681,   682,   691,   702,
      708,   718,   723,   726,   733,   735,   742,   749,   759,   766,   776,
};

static const uint8_t notosansui_12_regularKernSparseCols[] = {
      8,  12,  14,  16,  18,  20,  22,  24,  25,  30,  32,  33,  37,  38,  39,  40,
     41,  43,  46,  49,  52,  53,  54,  55,  58,  60,  67,  72,  73,  12,  14,  16,
     11,  23,  36,  43,  61,   9,  12,  13,  14,  16,  33,  36,  38,  43,  44,  54,
     56,  62,  66,  67,  68,  70,  12,  33,  38,  41,  51,  54,  67,  33,  41,  43,
     44,  56,   1,   9,  11,  12,  14,  16,   4,   9,  28,   4,   8,  12,  14,  15,
     16,  17,  11,   3,   4,   7,   8,   1,   9,  12,  13,  14,  16,   2,   4,   8,
     15,  17,  28,  30,  28,   2,   4,   5,   7,   8,   9,  12,  18,  20,  22,  24,
     25,  26,  27,  28,  29,   4,   8,   4,   7,   8,   9,  18,  20,  22,  24,  25,
     28,  29,   2,   4,   7,   8,   9,  18,  20,  22,  24,  25,  27,  28,  29,   9,
     28,  11,   1,   1,  26,  27,   1,   1,   3,   4,   1,   4,  18,  20,  22,   1,
      4,   7,  20,  11,  12,  14,  16,  12,  14,  16,  33,  39,  67,  12,  14,  15,
     16,  33,  38,  41,  44,  67,  11,  12,  14,  16,   3,   1,   9,  11,  12,  14,
     16,   0,   1,   3,   7,  19,  31,  98,   3,  32,  11,   0,   1,   3,   7,  98,
      8,  10,  12,  14,  15,  16,  19,  21,  26,   8,   9,  10,  12,  14,  15,  16,
     18,  20,  22,  19,  21,  26,  36,   1,  33,  38,  44,  54,  55,  56,  64,  66,
     67,  68,  69,  98,   1,   4,   5,   6,  29,  33,  34,  37,  39,  40,  43,  46,
     47,  48,  49,  50,  51,  52,  53,  54,  55,  56,  57,  59,  67,  28,  34,  43,
     56,  62,  70,   4,  43,   1,   4,  33,  38,  44,  51,  54,  55,  57,  67,  98,
      1,   5,   6,  28,  34,  43,  44,  46,  47,  50,  54,  55,  56,  62,  70,   1,
      4,   5,   6,  28,  29,  34,  35,  37,  39,  40,  43,  45,  46,  47,  48,  49,
     50,  51,  52,  53,  56,  57,  58,  59,  62,  70,  71,  72,   1,  29,  33,  34,
     36,  38,  43,  44,  50,  54,  55,  56,  64,  66,  67,  68,  70,  74,  98,  51,
     55,   3,  51,  56,  57,   4,  36,  37,  40,  43,  44,  49,  53,  54,  55,  56,
     61,   4,  33,  37,  38,  39,  40,  41,  42,  49,  51,  53,  57,  66,  67,  68,
     72,   4,   5,   6,  28,  29,  37,  38,  39,  40,  41,  43,  46,  49,  50,  53,
     57,  72,   1,   3,   4,   6,  33,  35,  37,  38,  39,  40,  41,  42,  45,  49,
     51,  53,  57,  67,   1,  33,  38,  51,  54,  55,  33,  38,  39,  41,  45,  49,
     51,  54,  55,  56,  57,   3,  33,  38,  41,  45,  51,  54,  55,   1,   4,   5,
     37,  39,  40,  41,  49,  50,  53,  98,   1,   4,  33,  36,  37,  40,  44,  49,
     53,  54,  56,  61,  33,  38,  39,  41,  45,  49,  51,  54,  55,  56,  57,   5,
     33,  34,  38,  43,  44,  46,  50,  56,  57,  71,  98,  33,  58,   1,  33,  50,
     57,   1,   4,  37,  39,  40,  41,  46,  49,  50,  53,  57,  98,   1,   6,  33,
     38,  39,  41,  43,  44,  45,  51,  54,  55,  56,  57,  63,  69,  71,  98,   1,
     33,  36,  54,  55,  61,  33,  38,  45,  57,   1,  33,  58,  60,  36,  61,   1,
     33,  36,  54,  55,   4,  49,   1,  33,  44,  54,  66,  67,  68,   1,  46,  54,
     55,  56,  63,  69,  71,   4,  66,  68,   4,   5,  28,  29,  33,  34,  37,  39,
     40,  43,  46,  49,  51,  52,  54,  55,  56,  62,  63,  65,  69,  70,  71,  72,
     73,   4,   5,  39,  46,  49,  50,  53,   4,   5,  33,  39,  46,  49,  51,  52,
     56,  58,  62,  65,  67,  70,  71,  72,   4,  46,  49,  54,  56,  62,  70,  71,
     46,  56,   4,  39,  46,  49,  56,  58,  62,  65,  71,  72,  73,  74,   4,  49,
     33,  66,  68,   1,  51,  55,  83,  85,  86,  92,  94,  96,  78,  84,  89,  92,
     95,  76,  82,  83,  85,  86,  88,  92,  76,  79,  82,  84,  85,  87,  88,  89,
     91,  92,  95,  76,  82,  87,  89,  92,  95,  76,  78,  82,  84,  85,  91,  92,
     93,  94,  95,  76,  79,  81,  82,  85,  87,  88,  89,  92,  95,  97,  82,  85,
     88,  89,  91,  92,  76,  77,  82,  84,  85,  89,  91,  92,  96,  97,  85,  87,
     88,  89,  92,  82,  83,  85,  82,  84,  86,  89,  91,  92,  95,  82,  89,  84,
     85,  86,  89,  91,  92,  96,  75,  76,  78,  83,  87,  89,  92,  76,  82,  84,
     85,  88,  89,  91,  92,  95,  97,  76,  82,  85,  87,  89,  92,  95,  78,  80,
     83,  85,  86,  88,  89,  90,  92,  96,
};

static const int8_t notosansui_12_regularKernSparseValues[] = {
     -28,    8,    8,    4,  -16,  -24,  -12,  -12,  -12,  -32,   28,    8,  -12,    8,  -28,  -24,
       8,   -4,  -16,  -28,    8,  -20,   12,    8,   12,   12,    8,  -24,   -8,  -24,   -8,  -12,
      36,   16,   40,  -12,   24,  -20,  -28,   -8,  -24,  -24,  -20,   24,   -8,  -16,  -32,  -16,
     -24,  -20,  -24,  -28,  -24,  -24,  -16,  -16,   -8,   -4,   -4,   -8,  -16,  -12,   -4,   -4,
      -4,   -4,  -28,   -8,   20,  -28,  -16,  -24,   -4,   -8,   -8,  -16,   -8,  -12,   -4,   -8,
      -4,   -4,   24,    8,  -24,    8,   -8,  -32,   -8,   -8,   -4,   -8,  -12,   -4,  -52,  -20,
      -8,   -4,   -8,  -12,   -4,   -8,  -24,  -16,    8,  -28,   -8,    8,  -32,  -28,  -28,  -20,
     -24,   -8,  -16,  -24,  -12,   -8,   -4,  -20,    8,  -16,   -4,   -8,   -8,   -4,   -4,   -4,
     -12,   -4,  -12,  -24,    8,  -24,   -8,  -20,  -20,  -20,  -12,  -16,   -8,  -32,  -12,   -4,
      -8,   38,   -4,   -4,   -8,   -4,    8,   24,   16,   -8,   16,  -64,   -8,   -8,   -4,   16,
     -16,    8,   -8,   20,   -8,   -4,  -12,  -12,   -4,  -12,  -12,   -4,   -4,  -24,  -12,   -8,
     -32,  -24,   -8,   -8,   -8,  -16,   40,  -16,  -12,  -16,   20,  -28,   -8,   44,  -28,  -16,
     -24,   20,   20,   36,   36,   12,   28,   28,   20,   52,   20,   28,   44,   48,   44,   28,
      -8,    8,   24,   28,   20,   24,    8,   16,   20,  -12,   -4,    8,   28,   28,   20,   24,
     -12,   -8,   -8,    8,   20,   20,   20,  -28,  -20,   -8,  -12,   -8,   -8,   -8,   -8,  -16,
     -24,  -20,   -8,  -12,    8,  -20,  -16,  -12,  -12,    8,   -8,  -10,  -28,  -10,  -14,  -16,
      -8,  -12,  -16,  -16,   -4,   -4,  -12,   -4,   -8,  -12,  -16,   -8,    4,   -8,   -8,  -12,
      -8,   -8,   -8,   -8,   -4,  -36,   -4,  -24,   -8,  -12,   -8,   -8,   -8,   -8,  -12,  -24,
       8,   -4,   -4,   -8,   -8,  -16,   -4,   -4,   -8,   -8,   -4,   -4,   -8,   -8,  -20,    8,
     -28,   -8,   -4,  -20,   -8,  -16,   -8,  -36,  -48,  -40,  -12,  -12,  -20,  -16,   -4,  -40,
     -24,  -12,   -8,  -20,   -8,  -20,   20,  -12,   -4,   -8,  -12,  -20,  -28,   -4,  -28,   -8,
      20,  -12,  -14,  -24,   -4,  -12,   -8,  -12,   -8,  -16,  -20,  -24,  -20,   -4,  -16,   -4,
      -4,  -10,   -4,   -6,   -4,   12,   36,   12,   16,   -4,  -10,   12,   12,   -4,   12,   -8,
      28,  -16,   -8,   -4,  -16,   -8,   -4,   -8,   -4,   -4,   -6,   -4,   -4,   -4,   -4,   -4,
      -8,  -52,   -4,   -4,   -8,   -4,  -24,   -8,  -20,  -24,   -8,   -4,  -10,  -20,   -4,  -16,
      -4,  -24,   -4,  -12,  -16,   -4,  -14,   -4,  -10,  -12,  -14,  -12,  -16,  -12,   -4,  -10,
      -6,   -6,   -4,   -8,   -4,  -16,  -16,   -8,   -4,   -4,  -24,  -16,   -4,  -12,   -8,   -4,
      -8,   -4,  -12,   -4,   -4,   -4,  -12,   -4,   -4,   -4,   -8,   -4,   -4,   12,  -16,   -8,
      -8,  -12,  -12,   -4,  -16,   -4,  -12,   16,   -4,    8,  -12,   40,    8,   12,   -6,    8,
      10,   -6,  -12,   24,  -16,  -16,   -4,   -8,   -8,   -4,   -8,   -4,  -12,   -4,   -4,   -4,
      -4,   -6,   -4,   -6,   -4,   -8,   -8,   -8,   -4,   -8,   12,  -12,   -2,    8,   -8,   -4,
      -4,    8,  -16,   -8,   -8,  -12,   -4,   -4,  -20,  -12,  -20,  -12,   16,  -32,   -4,  -24,
      -8,   -4,   -4,   -4,  -28,   -8,   -8,  -24,  -18,  -16,   -8,   -8,  -12,   -8,  -12,   -4,
     -16,   32,  -12,  -20,    8,   -8,  -12,   -4,   -8,   12,    8,   12,    4,   12,    8,   -4,
     -16,   16,  -12,  -20,  -16,   -8,  -16,  -16,  -16,   -8,  -12,   -8,  -12,  -28,   -8,  -20,
     -12,  -12,   -8,   -8,   -8,  -16,   -4,   -4,  -24,  -16,  -24,  -12,    8,   -8,  -16,  -28,
     -20,  -14,  -28,  -24,   -8,   -8,  -16,  -16,  -20,   -8,   -8,  -20,  -16,  -20,  -28,  -20,
     -32,  -20,   -8,  -12,   -4,  -16,   -4,  -12,  -20,   -8,    8,  -24,  -16,  -20,   -8,   -8,
     -20,    8,   -8,  -12,    8,   -8,  -12,  -16,  -12,   -8,  -12,   -8,  -20,   -8,  -20,   -8,
      -4,   -4,  -24,  -24,  -20,  -20,  -16,    8,   -8,  -12,  -16,  -16,  -16,   -4,  -16,   -4,
      -8,   -4,   -4,   -4,   -8,   -4,   -8,   -2,   -2,   -8,   -4,   -8,   -5,   -8,  -13,  -13,
     -10,    2,   -8,  -13,   -5,   -6,   -9,  -10,  -16,   -8,   -8,  -20,  -14,  -10,   -5,  -13,
     -20,  -14,  -14,   -2,   -6,   -4,   -3,   -8,   -4,   -8,   -5,   -8,   -8,   -2,   -4,   -9,
      -8,   -8,   -5,  -26,   -8,   -3,   -3,   -3,  -12,   -3,   -3,   -9,   -8,   -8,   -8,   -5,
      -6,   -6,  -10,  -10,  -16,   -2,   -8,  -12,  -10,   -8,  -15,   -6,    8,   -2,   -8,   -5,
      -8,   -9,  -11,   -6,   -6,  -10,   -2,  -12,   -2,   -2,  -12,   -5,   -4,   -3,  -10,   -3,
      -8,   -3,   -3,  -11,   -2,   -3,   -5,  -10,   -8,   -8,  -10,  -13,  -10,  -16,   -8,   -6,
      -8,   -3,   -4,  -12,   -4,   -8,   -9,  -10,   -2,  -10,   -3,   -4,   -3,   -3,  -18,  -20,
      -6,   -8,   -2,  -14,  -16,  -16,  -10,   -8,
};

static const EpdLigaturePair notosansui_12_regularLigaturePairs[] = {
    { 0x00660066, 0xFB00 }, // f f -> U+FB00
    { 0x00660069, 0xFB01 }, // f i -> U+FB01
    { 0x0066006C, 0xFB02 }, // f l -> U+FB02
    { 0xFB000069, 0xFB03 }, // U+FB00 i -> U+FB03
    { 0xFB00006C, 0xFB04 }, // U+FB00 l -> U+FB04
};

static const EpdFontData notosansui_12_regular = {
    notosansui_12_regularBitmaps,
    notosansui_12_regularGlyphs,
    notosansui_12_regularIntervals,
    19,
    34,
    27,
    -8,
    false,
    nullptr,
    0,
    nullptr,
    nullptr,  // kernLeftClasses: built-in fonts use the split arrays below
    nullptr,  // kernRightClasses
    notosansui_12_regularKernLeftCodepoints,
    notosansui_12_regularKernLeftClassIds,
    notosansui_12_regularKernRightCodepoints,
    notosansui_12_regularKernRightClassIds,
    nullptr,  // kernMatrix: built-in fonts use the sparse form below
    notosansui_12_regularKernRowOffsets,
    notosansui_12_regularKernSparseCols,
    notosansui_12_regularKernSparseValues,
    497,
    497,
    106,
    99,
    notosansui_12_regularLigaturePairs,
    5,
};
