/**
 * generated by fontconvert.py
 * name: notosansui_10_regular
 * size: 10
 * mode: 1-bit
 * Command used: fontconvert.py notosansui_10_regular 10 ../builtinFonts/source/NotoSans/NotoSans-Regular.ttf ../builtinFonts/source/NotoSansHebrew/NotoSansHebrew-Regular.ttf --additional-intervals 0x05D0,0x05EA --force-autohint
 */
#pragma once
#include "EpdFontData.h"

static const uint8_t notosansui_10_regularBitmaps[22121] = {
    0xDB, 0x6D, 0xB6, 0xDB, 0x01, 0xFF, 0xED, 0xDB, 0xB6, 0x6C, 0xD9, 0x80, 0x0E, 0x60, 0x73, 0x03,
    0x18, 0x19, 0xC7, 0xFF, 0xBF, 0xFD, 0xFF, 0xE3, 0x18, 0x18, 0xC0, 0xCE, 0x3F, 0xFD, 0xFF, 0xE3,
    0x98, 0x18, 0xC0, 0xCE, 0x06, 0x60, 0x0C, 0x03, 0x07, 0xFB, 0xFE, 0xEC, 0xB3, 0x0E, 0xC3, 0xF0,
    0x7F, 0x07, 0xE0, 0xFC, 0x33, 0x0C, 0xFB, 0xFF, 0xF9, 0xFC, 0x0C, 0x03, 0x00, 0x78, 0x18, 0xFC,
    0x30, 0xFC, 0x70, 0xCC, 0x60, 0xCC, 0xE0, 0xCC, 0xC0, 0xCD, 0xFE, 0xFD, 0xFF, 0xFF, 0x77, 0x7B,
    0x63, 0x06, 0x63, 0x06, 0x63, 0x0C, 0x67, 0x0C, 0x77, 0x18, 0x7F, 0x18, 0x3E, 0x3F, 0x00, 0xFF,
    0x01, 0xCE, 0x03, 0x0C, 0x07, 0x38, 0x0E, 0xF0, 0x0F, 0xC0, 0x1F, 0x00, 0x7E, 0x19, 0xCE, 0x33,
    0x8E, 0xE6, 0x0F, 0x8C, 0x0F, 0x1C, 0x3E, 0x3F, 0xFE, 0x3F, 0x8E, 0xFF, 0xED, 0x80, 0x39, 0x9C,
    0xCE, 0x73, 0x98, 0xC6, 0x31, 0x8E, 0x73, 0x8C, 0x71, 0x8E, 0xE3, 0x1C, 0x63, 0x9C, 0xE7, 0x18,
    0xC6, 0x73, 0x9C, 0xE6, 0x73, 0x38, 0x0E, 0x01, 0xC0, 0x18, 0x3B, 0xF7, 0xFE, 0x7F, 0x87, 0xC0,
    0xDC, 0x3B, 0x83, 0x30, 0x0C, 0x03, 0x00, 0xC0, 0x30, 0x0C, 0x3F, 0xFF, 0xFC, 0x30, 0x0C, 0x03,
    0x00, 0xC0, 0x77, 0x76, 0x60, 0xFF, 0xC0, 0xFF, 0x80, 0x07, 0x06, 0x06, 0x0E, 0x0C, 0x1C, 0x1C,
    0x18, 0x38, 0x38, 0x30, 0x70, 0x70, 0x60, 0xE0, 0xE0, 0x3F, 0x1F, 0xE6, 0x3B, 0x87, 0xE1, 0xF0,
    0x7C, 0x0F, 0x03, 0xC0, 0xF0, 0x3C, 0x1F, 0x87, 0xE1, 0xD8, 0xE7, 0xF8, 0xFC, 0x1C, 0xF7, 0xFB,
    0x4C, 0x30, 0xC3, 0x0C, 0x30, 0xC3, 0x0C, 0x30, 0xC3, 0x7F, 0x3F, 0xEE, 0x38, 0x06, 0x01, 0x80,
    0x60, 0x38, 0x0E, 0x07, 0x03, 0x81, 0xC0, 0xE0, 0x70, 0x3C, 0x0F, 0xFF, 0xFF, 0x3F, 0xBF, 0xF6,
    0x1C, 0x03, 0x00, 0xC0, 0x70, 0x78, 0xFC, 0x3F, 0x80, 0x70, 0x0C, 0x03, 0x00, 0xF0, 0x7F, 0xFB,
    0xFC, 0x03, 0x80, 0x70, 0x1E, 0x07, 0xC0, 0xD8, 0x3B, 0x0E, 0x61, 0x8C, 0x71, 0x8C, 0x33, 0x86,
    0x7F, 0xFF, 0xFE, 0x03, 0x00, 0x60, 0x0C, 0x7F, 0x9F, 0xE6, 0x01, 0x80, 0x60, 0x18, 0x07, 0xF1,
    0xFE, 0x01, 0xC0, 0x70, 0x0C, 0x03, 0x01, 0xF0, 0xFF, 0xFB, 0xFC, 0x1F, 0x8F, 0xE7, 0x81, 0x80,
    0xE0, 0x38, 0x0D, 0xF3, 0xFE, 0xE1, 0xF8, 0x7C, 0x0F, 0x03, 0xE1, 0xDC, 0x77, 0xF8, 0xFC, 0xFF,
    0xFF, 0xF0, 0x1C, 0x07, 0x03, 0x80, 0xE0, 0x30, 0x1C, 0x06, 0x03, 0x80, 0xE0, 0x70, 0x1C, 0x06,
    0x03, 0x80, 0xE0, 0x7F, 0x3F, 0xEE, 0x3B, 0x06, 0xC1, 0xB8, 0xE7, 0xF0, 0xF8, 0x7F, 0xB8, 0xFE,
    0x1F, 0x03, 0xC1, 0xF8, 0x7F, 0xF8, 0xFC, 0x3F, 0x1F, 0xEE, 0x3B, 0x87, 0xC1, 0xF0, 0x3C, 0x1F,
    0x87, 0x7F, 0xCF, 0xB0, 0x1C, 0x07, 0x03, 0x81, 0xE7, 0xF1, 0xF8, 0xFF, 0x80, 0x00, 0x1F, 0xF0,
    0x77, 0x70, 0x00, 0x00, 0x00, 0x77, 0xEE, 0xC0, 0x00, 0x40, 0x30, 0x3C, 0x3C, 0x3C, 0x3C, 0x0E,
    0x03, 0xF0, 0x1F, 0x01, 0xF0, 0x1C, 0x01, 0xFF, 0xFF, 0xF0, 0x00, 0x00, 0xFF, 0xFF, 0xF0, 0x80,
    0x30, 0x0F, 0x00, 0xF0, 0x0F, 0x00, 0xF0, 0x1C, 0x3F, 0x3E, 0x3E, 0x0E, 0x02, 0x00, 0x7F, 0x3F,
    0xD0, 0xE0, 0x30, 0x18, 0x1C, 0x1C, 0x1E, 0x1E, 0x0E, 0x06, 0x03, 0x00, 0x00, 0xE0, 0x70, 0x38,
    0x07, 0xF8, 0x0F, 0xFF, 0x0F, 0x03, 0x8F, 0x00, 0xE7, 0x3F, 0x3F, 0x3F, 0x9F, 0xB8, 0xC7, 0x9C,
    0x63, 0xCC, 0x31, 0xE6, 0x19, 0xF3, 0x1C, 0xF9, 0xDF, 0x6E, 0x7D, 0xF7, 0x1C, 0xF1, 0xC0, 0x00,
    0x7C, 0x70, 0x1F, 0xF8, 0x03, 0xF0, 0x00, 0x07, 0x00, 0x1C, 0x00, 0x78, 0x03, 0xE0, 0x0D, 0xC0,
    0x77, 0x01, 0xCC, 0x06, 0x38, 0x38, 0xE0, 0xFF, 0x83, 0xFF, 0x1C, 0x1C, 0x70, 0x31, 0x80, 0xEE,
    0x03, 0xB0, 0x06, 0xFF, 0x3F, 0xFC, 0x1F, 0x03, 0xC0, 0xF0, 0x7C, 0x3F, 0xFE, 0xFF, 0xB0, 0x7C,
    0x0F, 0x03, 0xC0, 0xF0, 0x7F, 0xFB, 0xFC, 0x1F, 0xE3, 0xFE, 0x78, 0x67, 0x00, 0xE0, 0x0E, 0x00,
    0xC0, 0x0C, 0x00, 0xC0, 0x0C, 0x00, 0xE0, 0x0E, 0x00, 0xE0, 0x07, 0x80, 0x3F, 0xE1, 0xFE, 0xFF,
    0x0F, 0xFC, 0xC1, 0xEC, 0x0E, 0xC0, 0x7C, 0x07, 0xC0, 0x3C, 0x03, 0xC0, 0x3C, 0x03, 0xC0, 0x7C,
    0x07, 0xC0, 0xEC, 0x1E, 0xFF, 0xCF, 0xF0, 0xFF, 0xFF, 0xF0, 0x18, 0x0C, 0x06, 0x03, 0x01, 0xFE,
    0xFF, 0x60, 0x30, 0x18, 0x0C, 0x06, 0x03, 0xFF, 0xFF, 0xFF, 0xFF, 0xF0, 0x18, 0x0C, 0x06, 0x03,
    0x01, 0xFE, 0xFF, 0x60, 0x30, 0x18, 0x0C, 0x06, 0x03, 0x01, 0x80, 0x0F, 0xF3, 0xFF, 0x78, 0x27,
    0x00, 0xE0, 0x0E, 0x00, 0xC0, 0x0C, 0x1F, 0xC1, 0xFC, 0x03, 0xE0, 0x3E, 0x03, 0x70, 0x37, 0x83,
    0x3F, 0xF1, 0xFF, 0xC0, 0x78, 0x0F, 0x01, 0xE0, 0x3C, 0x07, 0x80, 0xF0, 0x1F, 0xFF, 0xFF, 0xF8,
    0x0F, 0x01, 0xE0, 0x3C, 0x07, 0x80, 0xF0, 0x1E, 0x03, 0xFF, 0xCC, 0x63, 0x18, 0xC6, 0x31, 0x8C,
    0x63, 0x1B, 0xFF, 0x0C, 0x30, 0xC3, 0x0C, 0x30, 0xC3, 0x0C, 0x30, 0xC3, 0x0C, 0x30, 0xC3, 0x0C,
    0x7F, 0xBC, 0xC0, 0xF8, 0x3B, 0x0E, 0x63, 0x8C, 0xE1, 0xB8, 0x37, 0x07, 0xE0, 0xFC, 0x1D, 0xC3,
    0x3C, 0x63, 0x8C, 0x39, 0x83, 0xB0, 0x76, 0x07, 0xC0, 0x60, 0x30, 0x18, 0x0C, 0x06, 0x03, 0x01,
    0x80, 0xC0, 0x60, 0x30, 0x18, 0x0C, 0x06, 0x03, 0xFF, 0xFF, 0xF0, 0x0F, 0xE0, 0x3F, 0xC0, 0x7F,
    0xC1, 0xFF, 0x83, 0x7B, 0x06, 0xF7, 0x1D, 0xEE, 0x33, 0xCC, 0x67, 0x9D, 0xCF, 0x3B, 0x1E, 0x36,
    0x3C, 0x7C, 0x78, 0xF0, 0xF0, 0xE1, 0xE1, 0xC3, 0xE0, 0x3F, 0x03, 0xF0, 0x3F, 0x83, 0xF8, 0x3D,
    0xC3, 0xCE, 0x3C, 0xE3, 0xC7, 0x3C, 0x73, 0xC3, 0xBC, 0x1B, 0xC1, 0xFC, 0x0F, 0xC0, 0xFC, 0x07,
    0x1F, 0xE0, 0xFF, 0xC7, 0x87, 0x98, 0x0E, 0xE0, 0x1F, 0x80, 0x7C, 0x00, 0xF0, 0x03, 0xC0, 0x0F,
    0x00, 0x3E, 0x01, 0xF8, 0x07, 0x60, 0x39, 0xE1, 0xE3, 0xFF, 0x07, 0xF8, 0xFF, 0x3F, 0xEC, 0x3F,
    0x07, 0xC0, 0xF0, 0x3C, 0x1F, 0x0F, 0xFF, 0xBF, 0xCC, 0x03, 0x00, 0xC0, 0x30, 0x0C, 0x03, 0x00,
    0x1F, 0xE0, 0xFF, 0xC7, 0x87, 0x98, 0x0E, 0xE0, 0x1F, 0x80, 0x7C, 0x00, 0xF0, 0x03, 0xC0, 0x0F,
    0x00, 0x3E, 0x01, 0xF8, 0x07, 0x60, 0x39, 0xE1, 0xE3, 0xFF, 0x07, 0xF8, 0x01, 0xE0, 0x03, 0xC0,
    0x07, 0x80, 0x0E, 0xFF, 0x1F, 0xF3, 0x07, 0x60, 0xEC, 0x0D, 0x81, 0xB0, 0x76, 0x1C, 0xFF, 0x9F,
    0xE3, 0x1C, 0x61, 0xCC, 0x39, 0x83, 0xB0, 0x3E, 0x07, 0x7F, 0xFF, 0xF8, 0x58, 0x0C, 0x07, 0x03,
    0xE0, 0xFC, 0x1F, 0x03, 0xC0, 0xE0, 0x30, 0x1C, 0x1F, 0xFD, 0xFC, 0xFF, 0xFF, 0xFC, 0x18, 0x03,
    0x00, 0x60, 0x0C, 0x01, 0x80, 0x30, 0x06, 0x00, 0xC0, 0x18, 0x03, 0x00, 0x60, 0x0C, 0x01, 0x80,
    0x30, 0xC0, 0x3C, 0x03, 0xC0, 0x3C, 0x03, 0xC0, 0x3C, 0x03, 0xC0, 0x3C, 0x03, 0xC0, 0x3C, 0x03,
    0xC0, 0x3C, 0x07, 0xE0, 0x7F, 0x0E, 0x7F, 0xE3, 0xF8, 0xC0, 0x3F, 0x01, 0xB8, 0x1C, 0xC0, 0xE7,
    0x06, 0x38, 0x70, 0xC3, 0x87, 0x18, 0x39, 0xC0, 0xCE, 0x07, 0x60, 0x3F, 0x00, 0xF8, 0x07, 0x80,
    0x3C, 0x00, 0xE0, 0xE0, 0xE0, 0x6E, 0x0E, 0x0E, 0xE0, 0xF0, 0xE6, 0x1F, 0x0E, 0x71, 0xF0, 0xC7,
    0x1B, 0x9C, 0x73, 0xB9, 0xC3, 0x3B, 0x9C, 0x3B, 0x99, 0x83, 0xB1, 0xD8, 0x3F, 0x1F, 0x81, 0xF0,
    0xF8, 0x1E, 0x0F, 0x01, 0xE0, 0xF0, 0x1E, 0x0F, 0x00, 0xE0, 0x70, 0xE0, 0x73, 0x83, 0x1C, 0x38,
    0x73, 0x81, 0xD8, 0x0F, 0xC0, 0x3C, 0x01, 0xE0, 0x0F, 0x00, 0x7C, 0x07, 0xE0, 0x73, 0x83, 0x0C,
    0x38, 0x71, 0x81, 0xDC, 0x0E, 0xE0, 0x7E, 0x06, 0x70, 0xE7, 0x0C, 0x39, 0xC3, 0x98, 0x1F, 0x81,
    0xF0, 0x0F, 0x00, 0xE0, 0x06, 0x00, 0x60, 0x06, 0x00, 0x60, 0x06, 0x00, 0x60, 0xFF, 0xFF, 0xF0,
    0x1C, 0x0E, 0x03, 0x81, 0xC0, 0xE0, 0x38, 0x1C, 0x06, 0x03, 0x81, 0xC0, 0x70, 0x38, 0x0F, 0xFF,
    0xFF, 0xFF, 0xF1, 0x8C, 0x63, 0x18, 0xC6, 0x31, 0x8C, 0x63, 0x18, 0xC7, 0xFE, 0xE0, 0xE0, 0x60,
    0x70, 0x70, 0x30, 0x38, 0x38, 0x18, 0x1C, 0x1C, 0x0C, 0x0E, 0x06, 0x06, 0x07, 0xFF, 0xC6, 0x31,
    0x8C, 0x63, 0x18, 0xC6, 0x31, 0x8C, 0x63, 0x1F, 0xFE, 0x06, 0x00, 0xE0, 0x0F, 0x01, 0xF0, 0x19,
    0x83, 0x98, 0x31, 0xC3, 0x0C, 0x60, 0xE6, 0x06, 0xFF, 0xFF, 0xC0, 0x61, 0xC3, 0x86, 0x7F, 0x3F,
    0xD8, 0xE0, 0x30, 0x1B, 0xFF, 0xFF, 0xC3, 0xC1, 0xE1, 0xFF, 0xEF, 0xB0, 0xC0, 0x30, 0x0C, 0x03,
    0x00, 0xDF, 0x3F, 0xEE, 0x1F, 0x87, 0xC0, 0xF0, 0x3C, 0x0F, 0x07, 0xE1, 0xF8, 0x7F, 0xFB, 0x7C,
    0x3F, 0x3F, 0xB8, 0x1C, 0x0C, 0x06, 0x03, 0x01, 0x80, 0xE0, 0x70, 0x1F, 0xC7, 0xE0, 0x00, 0xC0,
    0x30, 0x0C, 0x03, 0x3E, 0xDF, 0xFE, 0x1F, 0x87, 0xC0, 0xF0, 0x3C, 0x0F, 0x03, 0xE1, 0xF8, 0x77,
    0xFC, 0xFB, 0x3F, 0x1F, 0xEE, 0x1F, 0x83, 0xFF, 0xFF, 0xFC, 0x03, 0x00, 0xE0, 0x3C, 0x37, 0xFC,
    0xFF, 0x1F, 0x1F, 0x8C, 0x06, 0x0F, 0xE7, 0xF0, 0xC0, 0x60, 0x30, 0x18, 0x0C, 0x06, 0x03, 0x01,
    0x80, 0xC0, 0x60, 0x3E, 0xDF, 0xFE, 0x1F, 0x87, 0xC0, 0xF0, 0x3C, 0x0F, 0x03, 0xE1, 0xF8, 0x77,
    0xFC, 0xFB, 0x00, 0xC0, 0x74, 0x1F, 0xFE, 0x7F, 0x00, 0xC0, 0x30, 0x0C, 0x03, 0x00, 0xDF, 0xBF,
    0xFE, 0x1F, 0x83, 0xC0, 0xF0, 0x3C, 0x0F, 0x03, 0xC0, 0xF0, 0x3C, 0x0F, 0x03, 0xF0, 0xFF, 0xFF,
    0xFF, 0x18, 0xC0, 0x01, 0x8C, 0x63, 0x18, 0xC6, 0x31, 0x8C, 0x63, 0x18, 0xCF, 0xFF, 0x00, 0xC0,
    0x30, 0x0C, 0x03, 0x00, 0xC3, 0xB1, 0xCC, 0xE3, 0x70, 0xD8, 0x3E, 0x0F, 0xC3, 0xB8, 0xCE, 0x31,
    0xCC, 0x3B, 0x0E, 0xFF, 0xFF, 0xFF, 0xFF, 0xDF, 0x3E, 0x7F, 0xFF, 0xB8, 0xF1, 0xDC, 0x38, 0x6C,
    0x18, 0x36, 0x0C, 0x1B, 0x06, 0x0D, 0x83, 0x06, 0xC1, 0x83, 0x60, 0xC1, 0xB0, 0x60, 0xD8, 0x30,
    0x60, 0xDF, 0xBF, 0xFE, 0x1F, 0x83, 0xC0, 0xF0, 0x3C, 0x0F, 0x03, 0xC0, 0xF0, 0x3C, 0x0F, 0x03,
    0x3F, 0x1F, 0xEE, 0x1F, 0x87, 0xC0, 0xF0, 0x3C, 0x0F, 0x03, 0xE1, 0xF8, 0x77, 0xF8, 0xFC, 0xDF,
    0x3F, 0xEE, 0x1F, 0x87, 0xC1, 0xF0, 0x3C, 0x0F, 0x07, 0xE1, 0xF8, 0x7F, 0xFB, 0x7C, 0xC0, 0x30,
    0x0C, 0x03, 0x00, 0xC0, 0x00, 0x3E, 0xDF, 0xFE, 0x1F, 0x87, 0xC0, 0xF0, 0x3C, 0x0F, 0x03, 0xE1,
    0xF8, 0x77, 0xFC, 0xFB, 0x00, 0xC0, 0x30, 0x0C, 0x03, 0x00, 0xC0, 0xDF, 0xFF, 0xC7, 0x0C, 0x18,
    0x30, 0x60, 0xC1, 0x83, 0x06, 0x00, 0x7F, 0xFF, 0xC2, 0xC0, 0xF0, 0x7C, 0x1F, 0x07, 0x03, 0x87,
    0xFF, 0xFE, 0x30, 0x60, 0xC7, 0xFF, 0xE6, 0x0C, 0x18, 0x30, 0x60, 0xC1, 0x83, 0x87, 0xC7, 0x80,
    0xC0, 0xF0, 0x3C, 0x0F, 0x03, 0xC0, 0xF0, 0x3C, 0x0F, 0x03, 0xC1, 0xF8, 0x7F, 0xFD, 0xFB, 0xE0,
    0xFC, 0x19, 0x87, 0x38, 0xE7, 0x18, 0x67, 0x0E, 0xE1, 0xD8, 0x1F, 0x03, 0xE0, 0x78, 0x07, 0x00,
    0xE1, 0xC3, 0x71, 0xE1, 0xB8, 0xF1, 0xCC, 0x7C, 0xE7, 0x3E, 0x63, 0xBB, 0x30, 0xD9, 0xB8, 0x6C,
    0xFC, 0x3E, 0x3C, 0x1E, 0x1E, 0x07, 0x0F, 0x03, 0x87, 0x80, 0xE0, 0xEE, 0x38, 0xEE, 0x1D, 0xC1,
    0xF0, 0x1C, 0x03, 0x80, 0xF8, 0x3B, 0x86, 0x31, 0xC7, 0x70, 0x70, 0x60, 0x77, 0x06, 0x70, 0xE3,
    0x0E, 0x39, 0xC1, 0x9C, 0x19, 0x81, 0xF8, 0x0F, 0x80, 0xF0, 0x0F, 0x00, 0x70, 0x06, 0x00, 0xE0,
    0x0C, 0x07, 0xC0, 0x78, 0x00, 0xFF, 0xFF, 0x07, 0x0E, 0x0C, 0x1C, 0x38, 0x30, 0x70, 0xE0, 0xFF,
    0xFF, 0x0E, 0x3C, 0x70, 0xC1, 0x83, 0x06, 0x0C, 0x39, 0xE3, 0xE1, 0xC1, 0x83, 0x06, 0x0C, 0x1C,
    0x3C, 0x38, 0xFF, 0xFF, 0xFF, 0xFF, 0xFF, 0xC0, 0xF0, 0xF8, 0x38, 0x18, 0x18, 0x18, 0x18, 0x18,
    0x1C, 0x0F, 0x1F, 0x1C, 0x18, 0x18, 0x18, 0x18, 0x38, 0xF8, 0xF0, 0xFC, 0x7F, 0xF8, 0xFC, 0xFF,
    0x81, 0xB6, 0xDB, 0x6D, 0xB6, 0x0C, 0x0F, 0x9F, 0xCE, 0x6E, 0x07, 0x03, 0x01, 0x80, 0xC0, 0x60,
    0x38, 0x1C, 0x07, 0xF1, 0xF8, 0x30, 0x18, 0x1F, 0xCF, 0xF3, 0x88, 0xC0, 0x30, 0x0C, 0x03, 0x03,
    0xFC, 0xFF, 0x0C, 0x03, 0x00, 0xC0, 0x70, 0x1C, 0x0F, 0xFF, 0xFF, 0x40, 0xBF, 0xF7, 0xF9, 0xCE,
    0x61, 0x98, 0x66, 0x19, 0xCE, 0x7F, 0xBF, 0xF4, 0x08, 0xE0, 0x76, 0x06, 0x70, 0xE3, 0x0C, 0x39,
    0xC1, 0x98, 0x1F, 0x81, 0xF8, 0x0F, 0x03, 0xFC, 0x3F, 0xC3, 0xFC, 0x3F, 0xC0, 0x60, 0x06, 0x00,
    0x60, 0xFF, 0xFF, 0x00, 0x3F, 0xFF, 0xC0, 0x7F, 0xFF, 0xC0, 0xE0, 0xF8, 0x7E, 0xEF, 0xC3, 0xE3,
    0xFF, 0x7E, 0x0F, 0x03, 0x87, 0xFF, 0xFE, 0xCF, 0x30, 0x07, 0xC0, 0x3F, 0xE0, 0xF1, 0xE3, 0x80,
    0xE6, 0x7E, 0xD8, 0xFC, 0xF3, 0x81, 0xC6, 0x01, 0x8C, 0x03, 0x18, 0x07, 0x30, 0x1E, 0x70, 0x3E,
    0x7E, 0xEC, 0xFD, 0x8E, 0x0E, 0x1F, 0xFC, 0x0F, 0xE0, 0x7C, 0x19, 0xF3, 0x6E, 0xCF, 0x80, 0x11,
    0x1D, 0xCC, 0xCE, 0xEE, 0xE7, 0x73, 0xB8, 0xEE, 0x3B, 0x88, 0xC0, 0xFF, 0xFF, 0xFC, 0x01, 0x80,
    0x30, 0x06, 0x00, 0xC0, 0xFF, 0xC0, 0x07, 0xC0, 0x3F, 0xE0, 0xF1, 0xE3, 0x80, 0xE6, 0x7C, 0xD8,
    0xFC, 0xF1, 0x99, 0xC3, 0x31, 0x87, 0xE3, 0x0F, 0x87, 0x1B, 0x1E, 0x37, 0x3E, 0x66, 0xEC, 0xCF,
    0x8E, 0x0E, 0x1F, 0xFC, 0x0F, 0xE0, 0xFF, 0xFF, 0xFC, 0x7D, 0xFF, 0x3E, 0x3C, 0xFF, 0xDF, 0x00,
    0x0C, 0x03, 0x00, 0xC0, 0x30, 0xFF, 0xFF, 0xF0, 0xC0, 0x30, 0x0C, 0x03, 0x00, 0xC3, 0xFF, 0xFF,
    0xC0, 0x03, 0xFF, 0xC3, 0x0C, 0x73, 0x9C, 0xE3, 0xFF, 0xC0, 0x00, 0xF9, 0xF8, 0x30, 0xE7, 0x8F,
    0x83, 0xEF, 0xFC, 0xE0, 0x38, 0xE7, 0x18, 0xC0, 0xF0, 0x3C, 0x0F, 0x03, 0xC0, 0xF0, 0x3C, 0x0F,
    0x03, 0xC1, 0xF8, 0x7F, 0xFF, 0xFB, 0xC0, 0x30, 0x0C, 0x03, 0x00, 0xC0, 0x00, 0x3F, 0xDF, 0xFF,
    0xEF, 0xFB, 0xFE, 0xFF, 0xBF, 0xEF, 0xFB, 0xFE, 0xDF, 0xB7, 0xEC, 0x7B, 0x06, 0xC1, 0xB0, 0x6C,
    0x1B, 0x06, 0xC1, 0xB0, 0x6C, 0x1B, 0x00, 0x00, 0xFF, 0x80, 0x23, 0x1E, 0x3F, 0xFD, 0x00, 0x3F,
    0xF6, 0x31, 0x8C, 0x63, 0x18, 0x3C, 0x66, 0x66, 0xC6, 0x66, 0x66, 0x3C, 0x44, 0x77, 0x19, 0x8E,
    0xE3, 0xB9, 0xDC, 0xEE, 0xEE, 0xEE, 0x62, 0x00, 0x38, 0x19, 0xF0, 0x63, 0x61, 0xC0, 0xC3, 0x01,
    0x8E, 0x03, 0x38, 0x06, 0x67, 0x0D, 0xCE, 0x1B, 0x3C, 0x0E, 0xD8, 0x39, 0xB0, 0x66, 0x61, 0xCF,
    0xE3, 0x1F, 0xCE, 0x03, 0x00, 0x78, 0x31, 0xF0, 0xE3, 0x61, 0x80, 0xC7, 0x01, 0x8C, 0x03, 0x3F,
    0xC6, 0xFF, 0x8D, 0xA3, 0x1F, 0x06, 0x0C, 0x1C, 0x30, 0x70, 0xE1, 0xC1, 0x87, 0x07, 0x0F, 0xCC,
    0x1F, 0x80, 0x7C, 0x0C, 0xFE, 0x1C, 0x46, 0x18, 0x0E, 0x38, 0x7C, 0x30, 0x3E, 0x70, 0x06, 0x60,
    0x06, 0xCE, 0xFF, 0xCE, 0xFD, 0x9E, 0x03, 0xB6, 0x03, 0x36, 0x07, 0x66, 0x06, 0x7F, 0x0C, 0x7F,
    0x0C, 0x06, 0x1C, 0x0E, 0x07, 0x00, 0x00, 0xC0, 0x60, 0x70, 0x78, 0x78, 0x38, 0x38, 0x18, 0x0C,
    0x07, 0x1B, 0xFC, 0xFE, 0x0C, 0x00, 0x38, 0x00, 0x70, 0x00, 0xC0, 0x00, 0x00, 0x1C, 0x00, 0x70,
    0x01, 0xE0, 0x0F, 0x80, 0x37, 0x01, 0xDC, 0x07, 0x30, 0x18, 0xE0, 0xE3, 0x83, 0xFE, 0x0F, 0xFC,
    0x70, 0x71, 0xC0, 0xC6, 0x03, 0xB8, 0x0E, 0xC0, 0x18, 0x01, 0xC0, 0x07, 0x00, 0x38, 0x01, 0xC0,
    0x00, 0x00, 0x1C, 0x00, 0x70, 0x01, 0xE0, 0x0F, 0x80, 0x37, 0x01, 0xDC, 0x07, 0x30, 0x18, 0xE0,
    0xE3, 0x83, 0xFE, 0x0F, 0xFC, 0x70, 0x71, 0xC0, 0xC6, 0x03, 0xB8, 0x0E, 0xC0, 0x18, 0x07, 0x00,
    0x1E, 0x00, 0xF8, 0x07, 0x30, 0x00, 0x00, 0x1C, 0x00, 0x70, 0x01, 0xE0, 0x0F, 0x80, 0x37, 0x01,
    0xDC, 0x07, 0x30, 0x18, 0xE0, 0xE3, 0x83, 0xFE, 0x0F, 0xFC, 0x70, 0x71, 0xC0, 0xC6, 0x03, 0xB8,
    0x0E, 0xC0, 0x18, 0x1F, 0x60, 0x7F, 0x01, 0x1C, 0x00, 0x00, 0x07, 0x00, 0x1C, 0x00, 0x78, 0x03,
    0xE0, 0x0D, 0xC0, 0x77, 0x01, 0xCC, 0x06, 0x38, 0x38, 0xE0, 0xFF, 0x83, 0xFF, 0x1C, 0x1C, 0x70,
    0x31, 0x80, 0xEE, 0x03, 0xB0, 0x06, 0x0C, 0xC0, 0x33, 0x00, 0x00, 0x00, 0x00, 0x07, 0x00, 0x1E,
    0x00, 0x78, 0x03, 0xE0, 0x0F, 0xC0, 0x33, 0x01, 0xCE, 0x07, 0x38, 0x18, 0x60, 0xFF, 0xC3, 0xFF,
    0x0C, 0x0C, 0x70, 0x39, 0x80, 0xEE, 0x01, 0xB8, 0x07, 0x03, 0x80, 0x0F, 0x80, 0x1B, 0x00, 0x36,
    0x00, 0x7C, 0x00, 0x78, 0x01, 0xF0, 0x03, 0xE0, 0x0E, 0xE0, 0x1D, 0xC0, 0x39, 0x80, 0xE3, 0x81,
    0xC7, 0x03, 0xFE, 0x0F, 0xFE, 0x1C, 0x1C, 0x30, 0x18, 0xE0, 0x39, 0x80, 0x37, 0x00, 0x70, 0x01,
    0xFF, 0xC0, 0x7F, 0xF0, 0x3B, 0x00, 0x0C, 0xC0, 0x07, 0x30, 0x01, 0xCC, 0x00, 0xE3, 0x00, 0x38,
    0xFF, 0x0C, 0x3F, 0xC7, 0xFC, 0x01, 0xFF, 0x00, 0xE0, 0xC0, 0x38, 0x30, 0x1C, 0x0C, 0x07, 0x03,
    0xFF, 0x80, 0xFF, 0x1F, 0xE3, 0xFE, 0x78, 0x27, 0x00, 0xE0, 0x0E, 0x00, 0xC0, 0x0C, 0x00, 0xC0,
    0x0C, 0x00, 0xE0, 0x0E, 0x00, 0xE0, 0x07, 0x80, 0x3F, 0xE1, 0xFE, 0x06, 0x00, 0x78, 0x01, 0x80,
    0xF8, 0x0F, 0x00, 0x70, 0x1C, 0x06, 0x01, 0x80, 0x07, 0xFF, 0xFF, 0x80, 0xC0, 0x60, 0x30, 0x18,
    0x0F, 0xF7, 0xFB, 0x01, 0x80, 0xC0, 0x60, 0x30, 0x1F, 0xFF, 0xF8, 0x07, 0x07, 0x03, 0x03, 0x80,
    0x07, 0xFF, 0xFF, 0x80, 0xC0, 0x60, 0x30, 0x18, 0x0F, 0xF7, 0xFB, 0x01, 0x80, 0xC0, 0x60, 0x30,
    0x1F, 0xFF, 0xF8, 0x1C, 0x1E, 0x1F, 0x8C, 0xE0, 0x07, 0xFF, 0xFF, 0x80, 0xC0, 0x60, 0x30, 0x18,
    0x0F, 0xF7, 0xFB, 0x01, 0x80, 0xC0, 0x60, 0x30, 0x1F, 0xFF, 0xF8, 0x66, 0x33, 0x00, 0x00, 0x0F,
    0xFF, 0xFF, 0x01, 0x80, 0xC0, 0x60, 0x30, 0x1F, 0xEF, 0xF6, 0x03, 0x01, 0x80, 0xC0, 0x60, 0x3F,
    0xFF, 0xF0, 0xE7, 0x1C, 0x60, 0x7F, 0xE6, 0x31, 0x8C, 0x63, 0x18, 0xC6, 0x31, 0x8D, 0xFF, 0x80,
    0x1C, 0x63, 0x8C, 0x03, 0xEF, 0x8C, 0x30, 0xC3, 0x0C, 0x30, 0xC3, 0x0C, 0x30, 0xC3, 0x3E, 0xF8,
    0x18, 0x79, 0xF7, 0x30, 0x0F, 0x9F, 0x0C, 0x18, 0x30, 0x60, 0xC1, 0x83, 0x06, 0x0C, 0x18, 0x30,
    0x63, 0xE7, 0xC0, 0xCF, 0x30, 0x00, 0xFB, 0xE3, 0x0C, 0x30, 0xC3, 0x0C, 0x30, 0xC3, 0x0C, 0x30,
    0xCF, 0xBE, 0x7F, 0xC3, 0xFF, 0x18, 0x3C, 0xC0, 0xE6, 0x03, 0xB0, 0x1D, 0x80, 0x7F, 0xC3, 0xFE,
    0x1B, 0x00, 0xD8, 0x0E, 0xC0, 0x76, 0x07, 0x30, 0x79, 0xFF, 0x8F, 0xF0, 0x1E, 0xC3, 0xFC, 0x33,
    0x80, 0x00, 0xE0, 0x3F, 0x03, 0xF0, 0x3F, 0x83, 0xF8, 0x3D, 0xC3, 0xCE, 0x3C, 0xE3, 0xC7, 0x3C,
    0x73, 0xC3, 0xBC, 0x1B, 0xC1, 0xFC, 0x0F, 0xC0, 0xFC, 0x07, 0x0E, 0x00, 0x1C, 0x00, 0x30, 0x00,
    0x60, 0x00, 0x00, 0x7F, 0x83, 0xFF, 0x1E, 0x1E, 0x60, 0x3B, 0x80, 0x7E, 0x01, 0xF0, 0x03, 0xC0,
    0x0F, 0x00, 0x3C, 0x00, 0xF8, 0x07, 0xE0, 0x1D, 0x80, 0xE7, 0x87, 0x8F, 0xFC, 0x1F, 0xE0, 0x01,
    0xC0, 0x07, 0x00, 0x38, 0x00, 0xC0, 0x00, 0x00, 0x7F, 0x83, 0xFF, 0x1E, 0x1E, 0x60, 0x3B, 0x80,
    0x7E, 0x01, 0xF0, 0x03, 0xC0, 0x0F, 0x00, 0x3C, 0x00, 0xF8, 0x07, 0xE0, 0x1D, 0x80, 0xE7, 0x87,
    0x8F, 0xFC, 0x1F, 0xE0, 0x07, 0x80, 0x3E, 0x00, 0xDC, 0x06, 0x18, 0x00, 0x00, 0x7F, 0x83, 0xFF,
    0x1E, 0x1E, 0x60, 0x3B, 0x80, 0x7E, 0x01, 0xF0, 0x03, 0xC0, 0x0F, 0x00, 0x3C, 0x00, 0xF8, 0x07,
    0xE0, 0x1D, 0x80, 0xE7, 0x87, 0x8F, 0xFC, 0x1F, 0xE0, 0x1F, 0x60, 0x7F, 0x81, 0x9C, 0x00, 0x00,
    0x1F, 0xE0, 0xFF, 0xC7, 0x87, 0x98, 0x0E, 0xE0, 0x1F, 0x80, 0x7C, 0x00, 0xF0, 0x03, 0xC0, 0x0F,
    0x00, 0x3E, 0x01, 0xF8, 0x07, 0x60, 0x39, 0xE1, 0xE3, 0xFF, 0x07, 0xF8, 0x0C, 0xC0, 0x33, 0x00,
    0x00, 0x00, 0x00, 0x1F, 0xE0, 0xFF, 0xC7, 0x87, 0x98, 0x0E, 0xE0, 0x1F, 0x80, 0x7C, 0x00, 0xF0,
    0x03, 0xC0, 0x0F, 0x00, 0x3E, 0x01, 0xF8, 0x07, 0x60, 0x39, 0xE1, 0xE3, 0xFF, 0x07, 0xF8, 0x40,
    0xB8, 0x77, 0x38, 0xFC, 0x1E, 0x07, 0x83, 0xF1, 0xDE, 0xE3, 0xF0, 0x70, 0x00, 0x00, 0x10, 0x7F,
    0xE3, 0xFF, 0x9E, 0x1E, 0x60, 0x7B, 0x83, 0xFE, 0x1D, 0xF0, 0x63, 0xC3, 0x8F, 0x1C, 0x3C, 0xE0,
    0xFB, 0x87, 0xFC, 0x1F, 0xE0, 0xE7, 0x87, 0x9F, 0xFC, 0x7F, 0xE1, 0x00, 0x00, 0x1C, 0x00, 0xE0,
    0x06, 0x00, 0x30, 0x00, 0x0C, 0x03, 0xC0, 0x3C, 0x03, 0xC0, 0x3C, 0x03, 0xC0, 0x3C, 0x03, 0xC0,
    0x3C, 0x03, 0xC0, 0x3C, 0x03, 0xC0, 0x7E, 0x07, 0xF0, 0xE7, 0xFE, 0x3F, 0x80, 0x03, 0x80, 0x38,
    0x07, 0x00, 0x60, 0x00, 0x0C, 0x03, 0xC0, 0x3C, 0x03, 0xC0, 0x3C, 0x03, 0xC0, 0x3C, 0x03, 0xC0,
    0x3C, 0x03, 0xC0, 0x3C, 0x03, 0xC0, 0x7E, 0x07, 0xF0, 0xE7, 0xFE, 0x3F, 0x80, 0x0F, 0x01, 0xF8,
    0x3B, 0x83, 0x0C, 0x00, 0x0C, 0x03, 0xC0, 0x3C, 0x03, 0xC0, 0x3C, 0x03, 0xC0, 0x3C, 0x03, 0xC0,
    0x3C, 0x03, 0xC0, 0x3C, 0x03, 0xC0, 0x7E, 0x07, 0xF0, 0xE7, 0xFE, 0x3F, 0x80, 0x19, 0x81, 0x98,
    0x00, 0x00, 0x00, 0xC0, 0x3C, 0x03, 0xC0, 0x3C, 0x03, 0xC0, 0x3C, 0x03, 0xC0, 0x3C, 0x03, 0xC0,
    0x3C, 0x03, 0xC0, 0x3C, 0x07, 0xE0, 0x7F, 0x0E, 0x7F, 0xE3, 0xF8, 0x03, 0x80, 0x38, 0x07, 0x00,
    0x60, 0x00, 0x0E, 0x07, 0xE0, 0x67, 0x0E, 0x70, 0xC3, 0x9C, 0x39, 0x81, 0xF8, 0x1F, 0x00, 0xF0,
    0x0E, 0x00, 0x60, 0x06, 0x00, 0x60, 0x06, 0x00, 0x60, 0x06, 0x00, 0xC0, 0x30, 0x0C, 0x03, 0xFC,
    0xFF, 0xB0, 0x7C, 0x1F, 0x03, 0xC0, 0xF0, 0x7C, 0x7B, 0xFE, 0xFE, 0x30, 0x0C, 0x03, 0x00, 0x7F,
    0x1F, 0xF3, 0x8E, 0x60, 0xCC, 0x39, 0x8E, 0x33, 0x86, 0x60, 0xCF, 0x18, 0xF3, 0x07, 0x60, 0x7C,
    0x07, 0xA1, 0xF7, 0xFE, 0xFE, 0x38, 0x0E, 0x03, 0x00, 0x07, 0xF3, 0xFD, 0x8E, 0x03, 0x01, 0xBF,
    0xFF, 0xFC, 0x3C, 0x1E, 0x1F, 0xFE, 0xFB, 0x07, 0x07, 0x03, 0x00, 0x07, 0xF3, 0xFD, 0x8E, 0x03,
    0x01, 0xBF, 0xFF, 0xFC, 0x3C, 0x1E, 0x1F, 0xFE, 0xFB, 0x1E, 0x1F, 0x9C, 0xC0, 0x07, 0xF3, 0xFD,
    0x8E, 0x03, 0x01, 0xBF, 0xFF, 0xFC, 0x3C, 0x1E, 0x1F, 0xFE, 0xFB, 0x3D, 0xBF, 0xD9, 0xC0, 0x07,
    0xF3, 0xFD, 0x8E, 0x03, 0x01, 0xBF, 0xFF, 0xFC, 0x3C, 0x1E, 0x1F, 0xFE, 0xFB, 0x33, 0x19, 0x80,
    0x00, 0x07, 0xF3, 0xFD, 0x8E, 0x03, 0x01, 0xBF, 0xFF, 0xFC, 0x3C, 0x1E, 0x1F, 0xFE, 0xFB, 0x1E,
    0x0F, 0x04, 0x83, 0xC1, 0xE0, 0x01, 0xFC, 0xFF, 0x63, 0x80, 0xC0, 0x6F, 0xFF, 0xFF, 0x0F, 0x07,
    0x87, 0xFF, 0xBE, 0xC0, 0x7F, 0x7C, 0x7F, 0xFE, 0x43, 0xC7, 0x01, 0x83, 0x3F, 0xFF, 0x7F, 0xFF,
    0xF1, 0x80, 0xC1, 0x80, 0xC3, 0xC0, 0xE3, 0xC1, 0xFF, 0xFF, 0x7C, 0x7F, 0x3F, 0x3F, 0xB8, 0x1C,
    0x0C, 0x06, 0x03, 0x01, 0x80, 0xE0, 0x70, 0x1F, 0xC7, 0xE1, 0x80, 0xF0, 0x18, 0x7C, 0x3E, 0x00,
    0x38, 0x07, 0x00, 0xE0, 0x00, 0x3F, 0x1F, 0xEE, 0x1F, 0x83, 0xFF, 0xFF, 0xFC, 0x03, 0x00, 0xE0,
    0x3C, 0x37, 0xFC, 0xFF, 0x07, 0x03, 0x80, 0xC0, 0x00, 0x3F, 0x1F, 0xEE, 0x1F, 0x83, 0xFF, 0xFF,
    0xFC, 0x03, 0x00, 0xE0, 0x3C, 0x37, 0xFC, 0xFF, 0x1E, 0x0F, 0xC7, 0x38, 0x00, 0x3F, 0x1F, 0xEE,
    0x1F, 0x83, 0xFF, 0xFF, 0xFC, 0x03, 0x00, 0xE0, 0x3C, 0x37, 0xFC, 0xFF, 0x33, 0x0C, 0xC0, 0x00,
    0x00, 0x3F, 0x1F, 0xEE, 0x1F, 0x83, 0xFF, 0xFF, 0xFC, 0x03, 0x80, 0xE0, 0x3C, 0x37, 0xFC, 0xFE,
    0xE3, 0x8E, 0x03, 0x18, 0xC6, 0x31, 0x8C, 0x63, 0x18, 0xC6, 0x39, 0xC6, 0x00, 0x61, 0x86, 0x18,
    0x61, 0x86, 0x18, 0x61, 0x86, 0x18, 0x3C, 0x7E, 0xE7, 0x00, 0x18, 0x18, 0x18, 0x18, 0x18, 0x18,
    0x18, 0x18, 0x18, 0x18, 0x18, 0x18, 0xCF, 0x30, 0x00, 0x30, 0xC3, 0x0C, 0x30, 0xC3, 0x0C, 0x30,
    0xC3, 0x0C, 0x00, 0x06, 0x63, 0xF8, 0x3C, 0x3F, 0x0C, 0xE0, 0x18, 0xFF, 0x7F, 0xFC, 0xFE, 0x1F,
    0x03, 0xC0, 0xF0, 0x3E, 0x1F, 0x87, 0x7F, 0x8F, 0xC0, 0x7D, 0x9F, 0xE4, 0x70, 0x00, 0xDF, 0xBF,
    0xFE, 0x1F, 0x83, 0xC0, 0xF0, 0x3C, 0x0F, 0x03, 0xC0, 0xF0, 0x3C, 0x0F, 0x03, 0x38, 0x07, 0x00,
    0xE0, 0x00, 0x3F, 0x1F, 0xEE, 0x1F, 0x87, 0xC0, 0xF0, 0x3C, 0x0F, 0x03, 0xE1, 0xF8, 0x77, 0xF8,
    0xFC, 0x07, 0x03, 0x80, 0xC0, 0x00, 0x3F, 0x1F, 0xEE, 0x1F, 0x87, 0xC0, 0xF0, 0x3C, 0x0F, 0x03,
    0xE1, 0xF8, 0x77, 0xF8, 0xFC, 0x1E, 0x0F, 0xC7, 0x38, 0x00, 0x3F, 0x1F, 0xEE, 0x1F, 0x87, 0xC0,
    0xF0, 0x3C, 0x0F, 0x03, 0xE1, 0xF8, 0x77, 0xF8, 0xFC, 0x3D, 0x9F, 0xE6, 0x70, 0x00, 0x3F, 0x1F,
    0xEE, 0x1F, 0x87, 0xC0, 0xF0, 0x3C, 0x0F, 0x03, 0xE1, 0xF8, 0x77, 0xF8, 0xFC, 0x33, 0x0C, 0xC0,
    0x00, 0x00, 0x3F, 0x1F, 0xEE, 0x1F, 0x87, 0xC0, 0xF0, 0x3C, 0x0F, 0x03, 0xE1, 0xF8, 0x77, 0xF8,
    0xFC, 0x0C, 0x03, 0x00, 0xC0, 0x00, 0xFF, 0xFF, 0xF0, 0x00, 0x30, 0x0C, 0x03, 0x00, 0x00, 0x8F,
    0xF7, 0xFB, 0x8F, 0xE7, 0xF1, 0xBC, 0xEF, 0x73, 0xD8, 0xFE, 0x7F, 0x1D, 0xFE, 0xFF, 0x10, 0x00,
    0x38, 0x07, 0x00, 0xE0, 0x00, 0xC0, 0xF0, 0x3C, 0x0F, 0x03, 0xC0, 0xF0, 0x3C, 0x0F, 0x03, 0xC1,
    0xF8, 0x7F, 0xFD, 0xFB, 0x07, 0x03, 0x80, 0xC0, 0x00, 0xC0, 0xF0, 0x3C, 0x0F, 0x03, 0xC0, 0xF0,
    0x3C, 0x0F, 0x03, 0xC1, 0xF8, 0x7F, 0xFD, 0xFB, 0x1E, 0x0F, 0xC7, 0x38, 0x00, 0xC0, 0xF0, 0x3C,
    0x0F, 0x03, 0xC0, 0xF0, 0x3C, 0x0F, 0x03, 0xC1, 0xF8, 0x7F, 0xFD, 0xFB, 0x33, 0x0C, 0xC0, 0x00,
    0x00, 0xC0, 0xF0, 0x3C, 0x0F, 0x03, 0xC0, 0xF0, 0x3C, 0x0F, 0x03, 0xC1, 0xF8, 0x7F, 0xFD, 0xFB,
    0x03, 0x80, 0x70, 0x06, 0x00, 0x00, 0x60, 0x77, 0x06, 0x70, 0xE3, 0x0E, 0x39, 0xC1, 0x9C, 0x19,
    0x81, 0xF8, 0x0F, 0x80, 0xF0, 0x0F, 0x00, 0x70, 0x06, 0x00, 0xE0, 0x0C, 0x07, 0xC0, 0x78, 0x00,
    0xC0, 0x30, 0x0C, 0x03, 0x00, 0xDF, 0x3F, 0xEE, 0x1F, 0x87, 0xC0, 0xF0, 0x3C, 0x0F, 0x03, 0xE1,
    0xF8, 0x7F, 0xFB, 0x7C, 0xC0, 0x30, 0x0C, 0x03, 0x00, 0xC0, 0x00, 0x19, 0x81, 0x98, 0x00, 0x00,
    0x00, 0x60, 0x67, 0x0E, 0x70, 0xE3, 0x0C, 0x39, 0xC3, 0x9C, 0x19, 0x81, 0xF8, 0x1F, 0x80, 0xF0,
    0x0F, 0x00, 0x70, 0x0E, 0x00, 0xE0, 0x1C, 0x07, 0xC0, 0x78, 0x00, 0x0F, 0xC0, 0x3F, 0x00, 0x00,
    0x00, 0xC0, 0x07, 0x80, 0x1E, 0x00, 0x78, 0x03, 0xF0, 0x0C, 0xC0, 0x33, 0x81, 0xCE, 0x06, 0x18,
    0x3F, 0xF0, 0xFF, 0xC3, 0x03, 0x1C, 0x0E, 0x70, 0x39, 0x80, 0x6E, 0x01, 0xC0, 0x3F, 0x1F, 0x80,
    0x07, 0xE7, 0xF9, 0x1C, 0x06, 0x03, 0x7F, 0xFF, 0xF8, 0x78, 0x3E, 0x3F, 0xFD, 0xF6, 0x0C, 0xE0,
    0x3F, 0x00, 0x78, 0x00, 0x00, 0x03, 0x80, 0x1E, 0x00, 0x78, 0x01, 0xF0, 0x0E, 0xC0, 0x3B, 0x00,
    0xCE, 0x07, 0x18, 0x1C, 0x70, 0x7F, 0xC3, 0xFF, 0x0C, 0x0E, 0x70, 0x39, 0xC0, 0x66, 0x01, 0xF8,
    0x07, 0x73, 0x1F, 0x87, 0x80, 0x07, 0xF3, 0xFD, 0x8E, 0x03, 0x01, 0xBF, 0xFF, 0xFC, 0x3C, 0x1E,
    0x1F, 0xFE, 0xFB, 0x07, 0x00, 0x1E, 0x00, 0x78, 0x03, 0xE0, 0x0D, 0xC0, 0x37, 0x01, 0xCE, 0x06,
    0x38, 0x38, 0x60, 0xFF, 0xC3, 0xFF, 0x1C, 0x0C, 0x70, 0x39, 0x80, 0xEE, 0x01, 0xF8, 0x07, 0x00,
    0x18, 0x00, 0xE0, 0x03, 0x00, 0x0F, 0x00, 0x3C, 0x7F, 0x1F, 0xE6, 0x38, 0x06, 0x01, 0x9F, 0xEF,
    0xFB, 0x86, 0xC1, 0xB0, 0xEF, 0xF9, 0xF6, 0x01, 0x80, 0xC0, 0x30, 0x0F, 0x03, 0xC0, 0x01, 0xC0,
    0x38, 0x07, 0x00, 0x60, 0x00, 0x01, 0xFE, 0x3F, 0xE7, 0x86, 0x70, 0x0E, 0x00, 0xE0, 0x0C, 0x00,
    0xC0, 0x0C, 0x00, 0xC0, 0x0E, 0x00, 0xE0, 0x0E, 0x00, 0x78, 0x03, 0xFE, 0x1F, 0xE0, 0x07, 0x07,
    0x07, 0x00, 0x03, 0xF3, 0xFB, 0x81, 0xC0, 0xC0, 0x60, 0x30, 0x18, 0x0E, 0x07, 0x01, 0xFC, 0x7E,
    0x07, 0x00, 0xF8, 0x1D, 0xC1, 0x8C, 0x00, 0x01, 0xFE, 0x3F, 0xE7, 0x86, 0x70, 0x0E, 0x00, 0xE0,
    0x0C, 0x00, 0xC0, 0x0C, 0x00, 0xC0, 0x0E, 0x00, 0xE0, 0x0E, 0x00, 0x78, 0x03, 0xFE, 0x1F, 0xE0,
    0x1E, 0x1F, 0x9C, 0xC0, 0x03, 0xF3, 0xFB, 0x81, 0xC0, 0xC0, 0x60, 0x30, 0x18, 0x0E, 0x07, 0x01,
    0xFC, 0x7E, 0x00, 0x00, 0x30, 0x03, 0x00, 0x00, 0x00, 0x01, 0xFE, 0x3F, 0xE7, 0x82, 0x70, 0x0E,
    0x00, 0xE0, 0x0C, 0x00, 0xC0, 0x0C, 0x00, 0xC0, 0x0E, 0x00, 0xE0, 0x0E, 0x00, 0x78, 0x03, 0xFE,
    0x1F, 0xE0, 0x0C, 0x06, 0x00, 0x00, 0x03, 0xF3, 0xFB, 0x81, 0xC0, 0xC0, 0x60, 0x30, 0x18, 0x0E,
    0x07, 0x01, 0xFC, 0x7E, 0x18, 0xC0, 0xF8, 0x0F, 0x80, 0x70, 0x00, 0x01, 0xFE, 0x3F, 0xE7, 0x86,
    0x70, 0x0E, 0x00, 0xE0, 0x0C, 0x00, 0xC0, 0x0C, 0x00, 0xC0, 0x0E, 0x00, 0xE0, 0x0E, 0x00, 0x78,
    0x03, 0xFE, 0x1F, 0xE0, 0x73, 0x1F, 0x07, 0x00, 0x03, 0xF3, 0xFB, 0x81, 0xC0, 0xC0, 0x60, 0x30,
    0x18, 0x0E, 0x07, 0x01, 0xFC, 0x7E, 0x31, 0x83, 0xB8, 0x1F, 0x00, 0xE0, 0x00, 0x0F, 0xF0, 0xFF,
    0xCC, 0x1E, 0xC0, 0xEC, 0x07, 0xC0, 0x7C, 0x03, 0xC0, 0x3C, 0x03, 0xC0, 0x3C, 0x07, 0xC0, 0x7C,
    0x0E, 0xC1, 0xEF, 0xFC, 0xFF, 0x00, 0x00, 0xD8, 0x03, 0x60, 0x0F, 0x00, 0x30, 0x3E, 0xC1, 0xFF,
    0x0E, 0x1C, 0x38, 0x70, 0xC0, 0xC3, 0x03, 0x0C, 0x0C, 0x30, 0x30, 0xE1, 0xC3, 0x87, 0x07, 0xFC,
    0x0F, 0xB0, 0x7F, 0xC3, 0xFF, 0x18, 0x3C, 0xC0, 0xE6, 0x03, 0xB0, 0x1D, 0x80, 0x7F, 0xC3, 0xFE,
    0x1B, 0x00, 0xD8, 0x0E, 0xC0, 0x76, 0x07, 0x30, 0x79, 0xFF, 0x8F, 0xF0, 0x00, 0xC0, 0xFF, 0x0F,
    0xF0, 0x0C, 0x3E, 0xC7, 0xFC, 0xE1, 0xCE, 0x1C, 0xC0, 0xCC, 0x0C, 0xC0, 0xCC, 0x0C, 0xE1, 0xCE,
    0x1C, 0x7F, 0xC3, 0xEC, 0x7E, 0x3F, 0x00, 0x1F, 0xFF, 0xFE, 0x03, 0x01, 0x80, 0xC0, 0x60, 0x3F,
    0xDF, 0xEC, 0x06, 0x03, 0x01, 0x80, 0xC0, 0x7F, 0xFF, 0xE0, 0x3F, 0x0F, 0xC0, 0x00, 0xFC, 0x7F,
    0xB8, 0x7E, 0x0F, 0xFF, 0xFF, 0xF0, 0x0E, 0x03, 0x80, 0xF0, 0xDF, 0xF3, 0xF8, 0x67, 0x3F, 0x0F,
    0x00, 0x0F, 0xFF, 0xFF, 0x01, 0x80, 0xC0, 0x60, 0x30, 0x1F, 0xEF, 0xF6, 0x03, 0x01, 0x80, 0xC0,
    0x60, 0x3F, 0xFF, 0xF0, 0x73, 0x8F, 0xC1, 0xE0, 0x00, 0x3F, 0x1F, 0xEE, 0x1F, 0x87, 0xC0, 0xFF,
    0xFF, 0xFF, 0x00, 0xE0, 0x3C, 0x17, 0xFC, 0xFF, 0x18, 0x0C, 0x00, 0x00, 0x0F, 0xFF, 0xFF, 0x01,
    0x80, 0xC0, 0x60, 0x30, 0x1F, 0xEF, 0xF6, 0x03, 0x01, 0x80, 0xC0, 0x60, 0x3F, 0xFF, 0xF0, 0x0C,
    0x03, 0x00, 0x00, 0x00, 0x3F, 0x1F, 0xEE, 0x1F, 0x83, 0xFF, 0xFF, 0xFC, 0x03, 0x00, 0xE0, 0x3C,
    0x37, 0xFC, 0xFF, 0xFF, 0xFF, 0xF0, 0x18, 0x0C, 0x06, 0x03, 0x01, 0xFE, 0xFF, 0x60, 0x30, 0x18,
    0x0C, 0x06, 0x03, 0xFF, 0xFF, 0x03, 0x03, 0x01, 0x80, 0xF0, 0x78, 0x3F, 0x1F, 0xEE, 0x1F, 0x87,
    0xC0, 0xFF, 0xFF, 0xFF, 0x00, 0xE0, 0x3C, 0x07, 0xFC, 0xFF, 0x03, 0x01, 0xC0, 0x60, 0x1F, 0x07,
    0xC0, 0x63, 0x3B, 0x8F, 0x83, 0x80, 0x07, 0xFF, 0xFF, 0x80, 0xC0, 0x60, 0x30, 0x18, 0x0F, 0xF7,
    0xFB, 0x01, 0x80, 0xC0, 0x60, 0x30, 0x1F, 0xFF, 0xF8, 0x73, 0x8F, 0xC1, 0xE0, 0x00, 0x3F, 0x1F,
    0xEE, 0x1F, 0x87, 0xC0, 0xFF, 0xFF, 0xFF, 0x00, 0xE0, 0x3C, 0x17, 0xFC, 0xFF, 0x07, 0x80, 0x78,
    0x0D, 0xC1, 0x8E, 0x00, 0x00, 0xFF, 0x3F, 0xF7, 0x82, 0x70, 0x0E, 0x00, 0xE0, 0x0C, 0x00, 0xC1,
    0xFC, 0x1F, 0xC0, 0x3E, 0x03, 0xE0, 0x37, 0x03, 0x78, 0x33, 0xFF, 0x1F, 0xF0, 0x1E, 0x0F, 0xC7,
    0x38, 0x00, 0x3E, 0xDF, 0xFE, 0x1F, 0x87, 0xC0, 0xF0, 0x3C, 0x0F, 0x03, 0xE1, 0xF8, 0x77, 0xFC,
    0xFB, 0x00, 0xC0, 0x74, 0x1F, 0xFE, 0x7F, 0x00, 0x08, 0x40, 0xCC, 0x0F, 0xC0, 0x78, 0x00, 0x00,
    0xFF, 0x3F, 0xF7, 0x82, 0x70, 0x0E, 0x00, 0xE0, 0x0C, 0x00, 0xC1, 0xFC, 0x1F, 0xC0, 0x3E, 0x03,
    0xE0, 0x37, 0x03, 0x78, 0x33, 0xFF, 0x1F, 0xF0, 0x33, 0x8F, 0xC1, 0xE0, 0x00, 0x3E, 0xDF, 0xFE,
    0x1F, 0x87, 0xC0, 0xF0, 0x3C, 0x0F, 0x03, 0xE1, 0xF8, 0x77, 0xFC, 0xFB, 0x00, 0xC0, 0x74, 0x1D,
    0xFE, 0x7F, 0x00, 0x00, 0x00, 0x30, 0x03, 0x00, 0x00, 0x00, 0x00, 0xFF, 0x3F, 0xF7, 0x82, 0x70,
    0x0E, 0x00, 0xE0, 0x0C, 0x00, 0xC1, 0xFC, 0x1F, 0xC0, 0x3E, 0x03, 0xE0, 0x37, 0x03, 0x78, 0x33,
    0xFF, 0x1F, 0xF0, 0x0C, 0x03, 0x00, 0x00, 0x00, 0x3E, 0xDF, 0xFE, 0x1F, 0x87, 0xC0, 0xF0, 0x3C,
    0x0F, 0x03, 0xE1, 0xF8, 0x77, 0xFC, 0xFB, 0x00, 0xC0, 0x74, 0x1F, 0xFE, 0x7F, 0x00, 0x0F, 0xF3,
    0xFF, 0x78, 0x27, 0x00, 0xE0, 0x0E, 0x00, 0xC0, 0x0C, 0x00, 0xC1, 0xFC, 0x1F, 0xE0, 0x3E, 0x03,
    0x70, 0x37, 0x83, 0x3F, 0xF1, 0xFF, 0x00, 0x00, 0x30, 0x03, 0x00, 0x30, 0x06, 0x00, 0x06, 0x03,
    0x01, 0xC0, 0x00, 0x3E, 0xDF, 0xFE, 0x1F, 0x87, 0xC0, 0xF0, 0x3C, 0x0F, 0x03, 0xE1, 0xF8, 0x77,
    0xFC, 0xFB, 0x00, 0xC0, 0x74, 0x1F, 0xFE, 0x7F, 0x00, 0x0E, 0x01, 0xC0, 0x7C, 0x1D, 0xC0, 0x01,
    0x80, 0xF0, 0x1E, 0x03, 0xC0, 0x78, 0x0F, 0x01, 0xE0, 0x3F, 0xFF, 0xFF, 0xF0, 0x1E, 0x03, 0xC0,
    0x78, 0x0F, 0x01, 0xE0, 0x3C, 0x06, 0x3C, 0x01, 0xE0, 0x1F, 0x81, 0xCE, 0x00, 0x00, 0x00, 0x00,
    0x60, 0x03, 0x00, 0x18, 0x00, 0xC0, 0x06, 0xFC, 0x3F, 0xF1, 0xC3, 0x8E, 0x0C, 0x60, 0x63, 0x03,
    0x18, 0x18, 0xC0, 0xC6, 0x06, 0x30, 0x31, 0x81, 0x8C, 0x0C, 0x30, 0x18, 0x60, 0x30, 0xC0, 0x67,
    0xFF, 0xFF, 0xFF, 0xE6, 0x03, 0x0C, 0x06, 0x1F, 0xFC, 0x3F, 0xF8, 0x60, 0x30, 0xC0, 0x61, 0x80,
    0xC3, 0x01, 0x86, 0x03, 0x0C, 0x06, 0x18, 0x0C, 0x30, 0x1F, 0xE3, 0xFC, 0x18, 0x03, 0x7C, 0x7F,
    0xCE, 0x39, 0xC3, 0x30, 0x66, 0x0C, 0xC1, 0x98, 0x33, 0x06, 0x60, 0xCC, 0x19, 0x83, 0x7F, 0x3F,
    0x93, 0x80, 0x03, 0xE1, 0xF0, 0x30, 0x18, 0x0C, 0x06, 0x03, 0x01, 0x80, 0xC0, 0x60, 0x30, 0x18,
    0x0C, 0x06, 0x0F, 0x87, 0xC0, 0x7B, 0xFF, 0xCE, 0x00, 0x18, 0x18, 0x18, 0x18, 0x18, 0x18, 0x18,
    0x18, 0x18, 0x18, 0x18, 0x18, 0xFF, 0xF0, 0x1F, 0x7C, 0xC3, 0x0C, 0x30, 0xC3, 0x0C, 0x30, 0xC3,
    0x0C, 0x31, 0xF7, 0xC0, 0xFF, 0xF0, 0x0C, 0x30, 0xC3, 0x0C, 0x30, 0xC3, 0x0C, 0x30, 0xC3, 0x00,
    0xE6, 0xF9, 0xE0, 0x07, 0xCF, 0x86, 0x0C, 0x18, 0x30, 0x60, 0xC1, 0x83, 0x06, 0x0C, 0x18, 0x31,
    0xF3, 0xE0, 0xE6, 0x7E, 0x3C, 0x00, 0x18, 0x18, 0x18, 0x18, 0x18, 0x18, 0x18, 0x18, 0x18, 0x18,
    0x18, 0x18, 0xFF, 0xCC, 0x63, 0x18, 0xC6, 0x31, 0x8C, 0x63, 0x1B, 0xFF, 0x19, 0x8C, 0x73, 0x80,
    0x66, 0x00, 0x66, 0x66, 0x66, 0x66, 0x66, 0x66, 0x6C, 0xCF, 0xF0, 0x31, 0x80, 0x0F, 0xFC, 0xC6,
    0x31, 0x8C, 0x63, 0x18, 0xC6, 0x31, 0xBF, 0xF0, 0xFF, 0xFF, 0xFF, 0xF8, 0xFE, 0x33, 0x0C, 0xC3,
    0x30, 0xCC, 0x33, 0x0C, 0xC3, 0x30, 0xCC, 0x33, 0x0C, 0xC3, 0x30, 0xCC, 0x3F, 0x8F, 0xE3, 0x00,
    0xC0, 0x70, 0xFC, 0x3E, 0xC7, 0x8C, 0x00, 0x0C, 0x78, 0xF1, 0xE3, 0xC7, 0x8F, 0x1E, 0x3C, 0x78,
    0xF1, 0xE3, 0x06, 0x0C, 0x19, 0xF3, 0xC0, 0x1E, 0x1F, 0x0D, 0xCC, 0x30, 0x00, 0x60, 0x30, 0x18,
    0x0C, 0x06, 0x03, 0x01, 0x80, 0xC0, 0x60, 0x30, 0x18, 0x0C, 0x06, 0x03, 0x01, 0x80, 0xC0, 0x60,
    0x71, 0xF0, 0xF0, 0x00, 0x3C, 0x7E, 0xE7, 0x00, 0x18, 0x18, 0x18, 0x18, 0x18, 0x18, 0x18, 0x18,
    0x18, 0x18, 0x18, 0x18, 0x18, 0x18, 0x38, 0xF8, 0xF0, 0xC0, 0xF8, 0x3B, 0x0E, 0x63, 0x8C, 0xE1,
    0xB8, 0x37, 0x07, 0xE0, 0xFC, 0x1D, 0xC3, 0x3C, 0x63, 0x8C, 0x39, 0x83, 0xB0, 0x76, 0x07, 0x00,
    0x01, 0xC0, 0x30, 0x06, 0x01, 0x80, 0xC0, 0x30, 0x0C, 0x03, 0x00, 0xC3, 0xB1, 0xCC, 0xE3, 0x70,
    0xD8, 0x3E, 0x0F, 0xC3, 0xB8, 0xCE, 0x31, 0xCC, 0x3B, 0x0E, 0x00, 0x07, 0x01, 0x80, 0x60, 0x30,
    0x00, 0xC3, 0xB1, 0xCC, 0xE3, 0x70, 0xDC, 0x3E, 0x0F, 0xC3, 0xF0, 0xCE, 0x31, 0xCC, 0x7B, 0x0E,
    0x38, 0x0E, 0x07, 0x01, 0x80, 0x00, 0x18, 0x06, 0x01, 0x80, 0x60, 0x18, 0x06, 0x01, 0x80, 0x60,
    0x18, 0x06, 0x01, 0x80, 0x60, 0x18, 0x06, 0x01, 0xFF, 0x7F, 0xC0, 0x38, 0xE7, 0x18, 0x00, 0x06,
    0x18, 0x61, 0x86, 0x18, 0x61, 0x86, 0x18, 0x61, 0x86, 0x18, 0x61, 0x80, 0xC0, 0x60, 0x30, 0x18,
    0x0C, 0x06, 0x03, 0x01, 0x80, 0xC0, 0x60, 0x30, 0x18, 0x0C, 0x06, 0x03, 0xFF, 0xFF, 0x00, 0x0E,
    0x07, 0x03, 0x01, 0x80, 0x66, 0x66, 0x66, 0x66, 0x66, 0x66, 0x66, 0x66, 0x07, 0x66, 0xC0, 0xC3,
    0xE1, 0xB0, 0xD8, 0x6C, 0x06, 0x03, 0x01, 0x80, 0xC0, 0x60, 0x30, 0x18, 0x0C, 0x06, 0x03, 0xFF,
    0xFF, 0xDF, 0x6D, 0xB0, 0xC3, 0x0C, 0x30, 0xC3, 0x0C, 0x30, 0xC3, 0x0C, 0x30, 0xC0, 0x60, 0x30,
    0x18, 0x0C, 0x06, 0x03, 0x01, 0x8C, 0xC6, 0x60, 0x30, 0x18, 0x0C, 0x06, 0x03, 0xFF, 0xFF, 0xC6,
    0x31, 0x8C, 0x63, 0x1B, 0xDE, 0x31, 0x8C, 0x63, 0x18, 0x30, 0x06, 0x00, 0xC0, 0x18, 0x03, 0x00,
    0x64, 0x0D, 0xC1, 0xF8, 0x3C, 0x1E, 0x03, 0xC0, 0x18, 0x03, 0x00, 0x60, 0x0F, 0xF9, 0xFF, 0x30,
    0xC3, 0x0C, 0x30, 0xC3, 0xCF, 0x7B, 0xCF, 0x0C, 0x30, 0xC3, 0x0C, 0x03, 0x80, 0x38, 0x07, 0x00,
    0x60, 0x00, 0x0E, 0x03, 0xF0, 0x3F, 0x03, 0xF8, 0x3F, 0x83, 0xDC, 0x3C, 0xE3, 0xCE, 0x3C, 0x73,
    0xC7, 0x3C, 0x3B, 0xC1, 0xBC, 0x1F, 0xC0, 0xFC, 0x0F, 0xC0, 0x70, 0x07, 0x03, 0x80, 0xC0, 0x00,
    0xDF, 0xBF, 0xFE, 0x1F, 0x83, 0xC0, 0xF0, 0x3C, 0x0F, 0x03, 0xC0, 0xF0, 0x3C, 0x0F, 0x03, 0xE0,
    0x3F, 0x03, 0xF0, 0x3F, 0x83, 0xF8, 0x3D, 0xC3, 0xCE, 0x3C, 0xE3, 0xC7, 0x3C, 0x73, 0xC3, 0xBC,
    0x1B, 0xC1, 0xFC, 0x0F, 0xC0, 0xFC, 0x07, 0x00, 0x00, 0x70, 0x06, 0x00, 0x60, 0x0C, 0x00, 0xDF,
    0xBF, 0xFE, 0x1F, 0x83, 0xC0, 0xF0, 0x3C, 0x0F, 0x03, 0xC0, 0xF0, 0x3C, 0x0F, 0x03, 0x00, 0x03,
    0x80, 0xC0, 0x70, 0x18, 0x00, 0x30, 0xC1, 0xB8, 0x0F, 0x00, 0xF0, 0x00, 0x0E, 0x03, 0xF0, 0x3F,
    0x03, 0xF8, 0x3F, 0x83, 0xDC, 0x3C, 0xE3, 0xCE, 0x3C, 0x73, 0xC7, 0x3C, 0x3B, 0xC1, 0xBC, 0x1F,
    0xC0, 0xFC, 0x0F, 0xC0, 0x70, 0x73, 0x8F, 0xC1, 0xE0, 0x00, 0xDF, 0xBF, 0xFE, 0x1F, 0x83, 0xC0,
    0xF0, 0x3C, 0x0F, 0x03, 0xC0, 0xF0, 0x3C, 0x0F, 0x03, 0x70, 0x01, 0xC0, 0x07, 0x00, 0x18, 0x00,
    0x6F, 0xF8, 0x3C, 0xF0, 0xE1, 0xC3, 0x03, 0x0C, 0x0C, 0x30, 0x30, 0xC0, 0xC3, 0x03, 0x0C, 0x0C,
    0x30, 0x30, 0xC0, 0xC3, 0x03, 0xE0, 0x3F, 0x03, 0xF0, 0x3F, 0x83, 0xF8, 0x3D, 0xC3, 0xCE, 0x3C,
    0xE3, 0xC7, 0x3C, 0x33, 0xC3, 0xBC, 0x1F, 0xC1, 0xFC, 0x0F, 0xC0, 0x7C, 0x07, 0x00, 0x30, 0x07,
    0x03, 0xF0, 0x3E, 0xDF, 0xBF, 0xFE, 0x1F, 0x83, 0xC0, 0xF0, 0x3C, 0x0F, 0x03, 0xC0, 0xF0, 0x3C,
    0x0F, 0x03, 0x00, 0xC0, 0x30, 0x1C, 0x1F, 0x07, 0x80, 0x0F, 0xC0, 0x3F, 0x00, 0x00, 0x07, 0xF8,
    0x3F, 0xF1, 0xE1, 0xE6, 0x03, 0xB8, 0x07, 0xE0, 0x1F, 0x00, 0x3C, 0x00, 0xF0, 0x03, 0xC0, 0x0F,
    0x80, 0x7E, 0x01, 0xD8, 0x0E, 0x78, 0x78, 0xFF, 0xC1, 0xFE, 0x00, 0x3F, 0x0F, 0xC0, 0x00, 0xFC,
    0x7F, 0xB8, 0x7E, 0x1F, 0x03, 0xC0, 0xF0, 0x3C, 0x0F, 0x87, 0xE1, 0xDF, 0xE3, 0xF0, 0x18, 0x60,
    0x73, 0x00, 0xFC, 0x01, 0xE0, 0x00, 0x00, 0x7F, 0x83, 0xFF, 0x1E, 0x1E, 0x60, 0x3B, 0x80, 0x7E,
    0x01, 0xF0, 0x03, 0xC0, 0x0F, 0x00, 0x3C, 0x00, 0xF8, 0x07, 0xE0, 0x1D, 0x80, 0xE7, 0x87, 0x8F,
    0xFC, 0x1F, 0xE0, 0x33, 0x0F, 0xC1, 0xE0, 0x00, 0x3F, 0x1F, 0xEE, 0x1F, 0x87, 0xC0, 0xF0, 0x3C,
    0x0F, 0x03, 0xE1, 0xF8, 0x77, 0xF8, 0xFC, 0x0E, 0xE0, 0x3B, 0x01, 0xDC, 0x06, 0x60, 0x00, 0x00,
    0x7F, 0x83, 0xFF, 0x1E, 0x1E, 0x60, 0x3B, 0x80, 0x7E, 0x01, 0xF0, 0x03, 0xC0, 0x0F, 0x00, 0x3C,
    0x00, 0xF8, 0x07, 0xE0, 0x1D, 0x80, 0xE7, 0x87, 0x8F, 0xFC, 0x1F, 0xE0, 0x3B, 0x8D, 0xC7, 0x60,
    0x00, 0x3F, 0x1F, 0xEE, 0x1F, 0x87, 0xC0, 0xF0, 0x3C, 0x0F, 0x03, 0xE1, 0xF8, 0x77, 0xF8, 0xFC,
    0x1F, 0xFF, 0x9F, 0xFF, 0xDE, 0x18, 0x1C, 0x0C, 0x0E, 0x06, 0x07, 0x03, 0x03, 0x01, 0x81, 0x80,
    0xFF, 0xC0, 0x7F, 0xE0, 0x30, 0x38, 0x18, 0x1C, 0x0C, 0x06, 0x06, 0x03, 0xC3, 0x00, 0xFF, 0xFE,
    0x3F, 0xFF, 0x3F, 0x3F, 0x1F, 0xFF, 0xEE, 0x1E, 0x1F, 0x87, 0x83, 0xC0, 0xFF, 0xF0, 0x3F, 0xFC,
    0x0C, 0x03, 0x03, 0x80, 0xE1, 0xE0, 0x38, 0x7C, 0x17, 0xFF, 0xFC, 0xFC, 0xFF, 0x07, 0x00, 0xE0,
    0x38, 0x0E, 0x00, 0x01, 0xFE, 0x3F, 0xE6, 0x0E, 0xC1, 0xD8, 0x1B, 0x03, 0x60, 0xEC, 0x39, 0xFF,
    0x3F, 0xC6, 0x38, 0xC3, 0x98, 0x73, 0x07, 0x60, 0x7C, 0x0E, 0x1E, 0x38, 0xC0, 0x0D, 0xFF, 0xFC,
    0x70, 0xC1, 0x83, 0x06, 0x0C, 0x18, 0x30, 0x60, 0xFF, 0x1F, 0xF3, 0x07, 0x60, 0xEC, 0x0D, 0x81,
    0xB0, 0x76, 0x1C, 0xFF, 0x9F, 0xE3, 0x1C, 0x61, 0xCC, 0x39, 0x83, 0xB0, 0x3E, 0x07, 0x00, 0x01,
    0xC0, 0x30, 0x06, 0x01, 0x80, 0x6F, 0x7F, 0x78, 0x70, 0x60, 0x60, 0x60, 0x60, 0x60, 0x60, 0x60,
    0x60, 0x00, 0x70, 0x60, 0x60, 0xC0, 0x63, 0x8E, 0xE0, 0xF8, 0x0E, 0x00, 0x01, 0xFE, 0x3F, 0xE6,
    0x0E, 0xC1, 0xD8, 0x1B, 0x03, 0x60, 0xEC, 0x39, 0xFF, 0x3F, 0xC6, 0x38, 0xC3, 0x98, 0x73, 0x07,
    0x60, 0x7C, 0x0E, 0x67, 0x3E, 0x1C, 0x00, 0x6F, 0x7F, 0x78, 0x70, 0x60, 0x60, 0x60, 0x60, 0x60,
    0x60, 0x60, 0x60, 0x07, 0x07, 0x03, 0x03, 0x00, 0x03, 0xFF, 0xFF, 0xC2, 0xC0, 0x60, 0x38, 0x1F,
    0x07, 0xE0, 0xF8, 0x1E, 0x07, 0x01, 0x80, 0xE0, 0xFF, 0xEF, 0xE0, 0x0E, 0x1C, 0x18, 0x00, 0x7F,
    0xFF, 0xC2, 0xC0, 0xF0, 0x7C, 0x1F, 0x07, 0x03, 0x87, 0xFF, 0xFE, 0x1C, 0x1F, 0x1D, 0xCC, 0x60,
    0x03, 0xFF, 0xFF, 0xC2, 0xC0, 0x60, 0x38, 0x1F, 0x07, 0xE0, 0xF8, 0x1E, 0x07, 0x01, 0x80, 0xE0,
    0xFF, 0xEF, 0xE0, 0x3C, 0x7E, 0xE7, 0x00, 0x7F, 0xFF, 0xC2, 0xC0, 0xF0, 0x7C, 0x1F, 0x07, 0x03,
    0x87, 0xFF, 0xFE, 0x7F, 0xFF, 0xF8, 0x58, 0x0C, 0x07, 0x03, 0xE0, 0xFC, 0x1F, 0x03, 0xC0, 0xE0,
    0x30, 0x1C, 0x1F, 0xFD, 0xFC, 0x18, 0x0F, 0x01, 0x87, 0xC3, 0xC0, 0x7F, 0xFF, 0xC2, 0xC0, 0xF0,
    0x7C, 0x1F, 0x07, 0x03, 0x87, 0xFF, 0xFE, 0x10, 0x3C, 0x0C, 0x3C, 0x3C, 0x73, 0x1F, 0x07, 0x83,
    0x80, 0x03, 0xFF, 0xFF, 0xC2, 0xC0, 0x60, 0x38, 0x1F, 0x07, 0xE0, 0xF8, 0x1E, 0x07, 0x01, 0x80,
    0xE0, 0xFF, 0xEF, 0xE0, 0xE7, 0x7E, 0x3C, 0x00, 0x7F, 0xFF, 0xC2, 0xC0, 0xF0, 0x7C, 0x1F, 0x07,
    0x03, 0x87, 0xFF, 0xFE, 0xFF, 0xFF, 0xFC, 0x18, 0x03, 0x00, 0x60, 0x0C, 0x01, 0x80, 0x30, 0x06,
    0x00, 0xC0, 0x18, 0x03, 0x00, 0x60, 0x0C, 0x01, 0x80, 0x30, 0x06, 0x01, 0xE0, 0x1C, 0x07, 0x81,
    0xF0, 0x30, 0x60, 0xC7, 0xFF, 0xE6, 0x0C, 0x18, 0x30, 0x60, 0xC1, 0x83, 0x87, 0xC7, 0x8C, 0x1C,
    0x18, 0xF1, 0xE0, 0x31, 0x87, 0x70, 0x7C, 0x07, 0x80, 0x01, 0xFF, 0xFF, 0xF8, 0x30, 0x06, 0x00,
    0xC0, 0x18, 0x03, 0x00, 0x60, 0x0C, 0x01, 0x80, 0x30, 0x06, 0x00, 0xC0, 0x18, 0x03, 0x00, 0x60,
    0x01, 0xC0, 0x73, 0x18, 0xC0, 0xFE, 0x3F, 0x83, 0x00, 0xC0, 0x30, 0x0C, 0x03, 0x00, 0xC0, 0x30,
    0x0E, 0x03, 0xE0, 0x78, 0xFF, 0xFF, 0xFC, 0x18, 0x03, 0x00, 0x60, 0x0C, 0x01, 0x81, 0xFE, 0x3F,
    0xC0, 0xC0, 0x18, 0x03, 0x00, 0x60, 0x0C, 0x01, 0x80, 0x30, 0x30, 0x60, 0xC7, 0xFF, 0xE6, 0x1F,
    0x7F, 0xFE, 0x60, 0xC1, 0x83, 0x87, 0xC7, 0x80, 0x3E, 0xC3, 0xFC, 0x33, 0x80, 0x00, 0xC0, 0x3C,
    0x03, 0xC0, 0x3C, 0x03, 0xC0, 0x3C, 0x03, 0xC0, 0x3C, 0x03, 0xC0, 0x3C, 0x03, 0xC0, 0x3C, 0x07,
    0xE0, 0x7F, 0x0E, 0x7F, 0xE3, 0xF8, 0x7D, 0x9F, 0xE6, 0x70, 0x00, 0xC0, 0xF0, 0x3C, 0x0F, 0x03,
    0xC0, 0xF0, 0x3C, 0x0F, 0x03, 0xC1, 0xF8, 0x7F, 0xFD, 0xFB, 0x1F, 0x81, 0xF8, 0x00, 0x0C, 0x03,
    0xC0, 0x3C, 0x03, 0xC0, 0x3C, 0x03, 0xC0, 0x3C, 0x03, 0xC0, 0x3C, 0x03, 0xC0, 0x3C, 0x03, 0xC0,
    0x7E, 0x07, 0xF0, 0xE7, 0xFE, 0x3F, 0x80, 0x3F, 0x0F, 0xC0, 0x03, 0x03, 0xC0, 0xF0, 0x3C, 0x0F,
    0x03, 0xC0, 0xF0, 0x3C, 0x0F, 0x07, 0xE1, 0xFF, 0xF7, 0xEC, 0x30, 0xC3, 0x9C, 0x1F, 0x80, 0xF0,
    0x00, 0x0C, 0x03, 0xC0, 0x3C, 0x03, 0xC0, 0x3C, 0x03, 0xC0, 0x3C, 0x03, 0xC0, 0x3C, 0x03, 0xC0,
    0x3C, 0x03, 0xC0, 0x7E, 0x07, 0xF0, 0xE7, 0xFE, 0x3F, 0x80, 0x73, 0x8F, 0xC1, 0xE0, 0x00, 0xC0,
    0xF0, 0x3C, 0x0F, 0x03, 0xC0, 0xF0, 0x3C, 0x0F, 0x03, 0xC1, 0xF8, 0x7F, 0xFD, 0xFB, 0x06, 0x00,
    0xF0, 0x0F, 0x00, 0x90, 0x0F, 0x00, 0xF0, 0x00, 0x0C, 0x03, 0xC0, 0x3C, 0x03, 0xC0, 0x3C, 0x03,
    0xC0, 0x3C, 0x03, 0xC0, 0x3C, 0x03, 0xC0, 0x3C, 0x03, 0xC0, 0x7E, 0x07, 0xF0, 0xE7, 0xFE, 0x3F,
    0x80, 0x1E, 0x07, 0x81, 0x20, 0x78, 0x1E, 0x00, 0x0C, 0x0F, 0x03, 0xC0, 0xF0, 0x3C, 0x0F, 0x03,
    0xC0, 0xF0, 0x3C, 0x1F, 0x87, 0xFF, 0xDF, 0xB0, 0x1D, 0xC1, 0xDC, 0x3B, 0x83, 0x30, 0x00, 0x0C,
    0x03, 0xC0, 0x3C, 0x03, 0xC0, 0x3C, 0x03, 0xC0, 0x3C, 0x03, 0xC0, 0x3C, 0x03, 0xC0, 0x3C, 0x03,
    0xC0, 0x7E, 0x07, 0xF0, 0xE7, 0xFE, 0x3F, 0x80, 0x3B, 0x8D, 0xC6, 0x60, 0x00, 0xC0, 0xF0, 0x3C,
    0x0F, 0x03, 0xC0, 0xF0, 0x3C, 0x0F, 0x03, 0xC1, 0xF8, 0x7F, 0xFD, 0xFB, 0xC0, 0x3C, 0x03, 0xC0,
    0x3C, 0x03, 0xC0, 0x3C, 0x03, 0xC0, 0x3C, 0x03, 0xC0, 0x3C, 0x03, 0xC0, 0x3C, 0x07, 0xE0, 0x7F,
    0x0E, 0x7F, 0xE3, 0xFC, 0x01, 0x80, 0x38, 0x03, 0x00, 0x3E, 0x03, 0xE0, 0xC0, 0xD8, 0x1B, 0x03,
    0x60, 0x6C, 0x0D, 0x81, 0xB0, 0x36, 0x06, 0xC1, 0xDC, 0x3B, 0xFF, 0x3F, 0x60, 0x18, 0x07, 0x00,
    0xC0, 0x1E, 0x03, 0xC0, 0x00, 0xE0, 0x00, 0x0F, 0x00, 0x01, 0xF8, 0x00, 0x39, 0x80, 0x00, 0x00,
    0x0E, 0x0E, 0x06, 0xE0, 0xE0, 0xEE, 0x0F, 0x0E, 0x61, 0xF0, 0xE7, 0x1F, 0x0C, 0x71, 0xB9, 0xC7,
    0x3B, 0x9C, 0x33, 0xB9, 0xC3, 0xB9, 0x98, 0x3B, 0x1D, 0x83, 0xF1, 0xF8, 0x1F, 0x0F, 0x81, 0xE0,
    0xF0, 0x1E, 0x0F, 0x01, 0xE0, 0xF0, 0x0E, 0x07, 0x00, 0x03, 0xC0, 0x03, 0xF0, 0x01, 0x9C, 0x00,
    0x00, 0x0E, 0x1C, 0x37, 0x1E, 0x1B, 0x8F, 0x1C, 0xC7, 0xCE, 0x73, 0xE6, 0x3B, 0xB3, 0x0D, 0x9B,
    0x86, 0xCF, 0xC3, 0xE3, 0xC1, 0xE1, 0xE0, 0x70, 0xF0, 0x38, 0x78, 0x06, 0x00, 0xF0, 0x1F, 0x83,
    0x9C, 0x00, 0x0E, 0x07, 0xE0, 0x67, 0x0E, 0x70, 0xC3, 0x9C, 0x39, 0x81, 0xF8, 0x1F, 0x00, 0xF0,
    0x0E, 0x00, 0x60, 0x06, 0x00, 0x60, 0x06, 0x00, 0x60, 0x06, 0x00, 0x0F, 0x01, 0xF8, 0x39, 0xC0,
    0x00, 0x60, 0x77, 0x06, 0x70, 0xE3, 0x0E, 0x39, 0xC1, 0x9C, 0x19, 0x81, 0xF8, 0x0F, 0x80, 0xF0,
    0x0F, 0x00, 0x70, 0x06, 0x00, 0xE0, 0x0C, 0x07, 0xC0, 0x78, 0x00, 0x19, 0x81, 0x98, 0x00, 0x00,
    0x00, 0xE0, 0x7E, 0x06, 0x70, 0xE7, 0x0C, 0x39, 0xC3, 0x98, 0x1F, 0x81, 0xF0, 0x0F, 0x00, 0xE0,
    0x06, 0x00, 0x60, 0x06, 0x00, 0x60, 0x06, 0x00, 0x60, 0x03, 0x01, 0xC0, 0xE0, 0x30, 0x00, 0x3F,
    0xFF, 0xFC, 0x07, 0x03, 0x80, 0xE0, 0x70, 0x38, 0x0E, 0x07, 0x01, 0x80, 0xE0, 0x70, 0x1C, 0x0E,
    0x03, 0xFF, 0xFF, 0xC0, 0x0E, 0x1C, 0x18, 0x00, 0xFF, 0xFF, 0x07, 0x0E, 0x0C, 0x1C, 0x38, 0x30,
    0x70, 0xE0, 0xFF, 0xFF, 0x0C, 0x03, 0x00, 0x00, 0x00, 0xFF, 0xFF, 0xF0, 0x1C, 0x0E, 0x07, 0x81,
    0xC0, 0xE0, 0x38, 0x1C, 0x06, 0x03, 0x81, 0xC0, 0x70, 0x38, 0x0F, 0xFF, 0xFF, 0x18, 0x18, 0x00,
    0x00, 0xFF, 0xFF, 0x07, 0x0E, 0x0C, 0x1C, 0x38, 0x30, 0x70, 0xE0, 0xFF, 0xFF, 0x61, 0x8E, 0xC1,
    0xF0, 0x78, 0x00, 0x3F, 0xFF, 0xFC, 0x07, 0x03, 0x80, 0xE0, 0x70, 0x38, 0x0E, 0x07, 0x01, 0x80,
    0xE0, 0x70, 0x1C, 0x0E, 0x03, 0xFF, 0xFF, 0xC0, 0xE7, 0x7E, 0x3C, 0x00, 0xFF, 0xFF, 0x07, 0x0E,
    0x0C, 0x1C, 0x38, 0x30, 0x70, 0xE0, 0xFF, 0xFF, 0x7F, 0xFE, 0x30, 0xC3, 0x0C, 0x30, 0xC3, 0x0C,
    0x30, 0xC3, 0x0C, 0x30, 0x1F, 0xE7, 0x3F, 0xF7, 0x78, 0x7E, 0x60, 0x3C, 0xE0, 0x1C, 0xE0, 0x1C,
    0xC0, 0x0C, 0xC0, 0x0C, 0xC0, 0x0C, 0xC0, 0x0C, 0xE0, 0x1C, 0xE0, 0x1C, 0x60, 0x38, 0x78, 0x78,
    0x3F, 0xF0, 0x1F, 0xE0, 0x00, 0x70, 0x07, 0x3F, 0x77, 0xFE, 0xE1, 0xCE, 0x1C, 0xC0, 0xCC, 0x0C,
    0xC0, 0xCC, 0x0C, 0xE1, 0xCE, 0x1C, 0x7F, 0x83, 0xF0, 0xC0, 0x36, 0xC0, 0x3E, 0xC0, 0x3C, 0xC0,
    0x38, 0xC0, 0x30, 0xC0, 0x30, 0xC0, 0x30, 0xC0, 0x30, 0xC0, 0x30, 0xC0, 0x30, 0xC0, 0x30, 0xC0,
    0x70, 0xE0, 0x70, 0xF0, 0xF0, 0x7F, 0xE0, 0x3F, 0xC0, 0x00, 0x18, 0x00, 0x6C, 0x0F, 0xB0, 0x3C,
    0xC0, 0xE3, 0x03, 0x0C, 0x0C, 0x30, 0x30, 0xC0, 0xC3, 0x03, 0x0C, 0x1C, 0x38, 0x70, 0xFF, 0xC1,
    0xFB, 0x00, 0x00, 0x01, 0x86, 0x00, 0x00, 0xEC, 0x00, 0x00, 0x7C, 0x00, 0x00, 0x78, 0x00, 0x00,
    0x00, 0xFF, 0x03, 0xFF, 0xFF, 0xC3, 0xFF, 0xC1, 0xE0, 0x07, 0xC0, 0xE0, 0x0E, 0xC0, 0x70, 0x0E,
    0xC0, 0x70, 0x1C, 0xC0, 0x30, 0x38, 0xC0, 0x30, 0x38, 0xC0, 0x30, 0x70, 0xC0, 0x30, 0x60, 0xC0,
    0x70, 0xE0, 0xC0, 0x71, 0xC0, 0xC0, 0xE1, 0xC0, 0xC1, 0xE3, 0x80, 0xFF, 0xC3, 0xFF, 0xFF, 0x03,
    0xFF, 0xFF, 0x03, 0xFB, 0xFF, 0x03, 0xCC, 0x1E, 0x06, 0x30, 0x38, 0x00, 0xC0, 0x73, 0xFF, 0x01,
    0xCF, 0xFC, 0x03, 0x01, 0xF0, 0x0C, 0x0E, 0xC0, 0x30, 0x33, 0x00, 0xC1, 0xCC, 0x07, 0x0E, 0x30,
    0x1C, 0x30, 0xC0, 0xE1, 0xC3, 0x07, 0x8E, 0x0F, 0xFC, 0x3F, 0xFF, 0xC0, 0xFF, 0x00, 0xCE, 0x70,
    0x0C, 0x7E, 0x00, 0xC3, 0xC0, 0x0C, 0x00, 0x3E, 0xCF, 0xF7, 0xFC, 0xFF, 0xE1, 0xC0, 0x7E, 0x1C,
    0x0E, 0xC0, 0xC0, 0xCC, 0x0C, 0x1C, 0xC0, 0xC3, 0x8C, 0x0C, 0x30, 0xE1, 0xC7, 0x0E, 0x1C, 0xE0,
    0x7F, 0xCF, 0xF3, 0xEC, 0xFF, 0xC0, 0x1E, 0x00, 0xF0, 0x07, 0x80, 0x3C, 0x01, 0xE0, 0x0F, 0x00,
    0x78, 0x03, 0xC0, 0x1E, 0x00, 0xF0, 0x07, 0x80, 0x3C, 0x01, 0xE0, 0x0F, 0xFE, 0x7F, 0xF3, 0x00,
    0x18, 0x01, 0xC0, 0x7E, 0x03, 0xE0, 0xC0, 0x1E, 0x00, 0xF0, 0x01, 0x80, 0x0C, 0x01, 0xE0, 0x0F,
    0x00, 0x78, 0x03, 0xC0, 0x1E, 0x00, 0xF0, 0x07, 0x80, 0x3C, 0x01, 0xE0, 0x0F, 0xFE, 0x7F, 0xF3,
    0x00, 0x18, 0x00, 0xC0, 0x0E, 0x01, 0xF0, 0x0F, 0x00, 0xC7, 0x8F, 0x06, 0x0C, 0x78, 0xF1, 0xE3,
    0xC7, 0x8F, 0x1E, 0x3C, 0x78, 0xF1, 0xE3, 0x06, 0x0C, 0x19, 0xF3, 0xC0, 0xE0, 0x30, 0xFC, 0x0C,
    0x3F, 0x03, 0x0F, 0xE0, 0xC3, 0xF8, 0x30, 0xF7, 0x0C, 0x3C, 0xE3, 0x0F, 0x38, 0xC3, 0xC7, 0x30,
    0xF1, 0xCC, 0x3C, 0x3B, 0x0F, 0x06, 0xC3, 0xC1, 0xF0, 0xF0, 0x3C, 0x3C, 0x0F, 0x0F, 0x01, 0xC3,
    0x00, 0x00, 0xC0, 0x00, 0x70, 0x00, 0xFC, 0x00, 0x3E, 0xE0, 0x30, 0xFC, 0x0C, 0x3F, 0x03, 0x03,
    0xE0, 0xC0, 0xF8, 0x30, 0xF7, 0x0C, 0x3C, 0xE3, 0x0F, 0x38, 0xC3, 0xC7, 0x30, 0xF1, 0xCC, 0x3C,
    0x3B, 0x0F, 0x0E, 0xC3, 0xC1, 0xF0, 0xF0, 0x3C, 0x3C, 0x0F, 0x0F, 0x01, 0xC3, 0x00, 0x00, 0xC0,
    0x00, 0x30, 0x00, 0x1C, 0x00, 0x3F, 0x00, 0x07, 0x80, 0x00, 0x06, 0x00, 0x0C, 0x00, 0x00, 0x00,
    0x0D, 0xF8, 0x7F, 0xF8, 0xF8, 0x71, 0xF0, 0x63, 0xC0, 0xC7, 0x81, 0x8F, 0x03, 0x1E, 0x06, 0x3C,
    0x0C, 0x78, 0x18, 0xF0, 0x31, 0xE0, 0x63, 0x00, 0x06, 0x00, 0x0C, 0x00, 0x38, 0x01, 0xF0, 0x03,
    0xC0, 0x18, 0xC0, 0x77, 0x00, 0xF8, 0x01, 0xC0, 0x00, 0x00, 0x1C, 0x00, 0x70, 0x01, 0xE0, 0x0F,
    0x80, 0x37, 0x01, 0xDC, 0x07, 0x30, 0x18, 0xE0, 0xE3, 0x83, 0xFE, 0x0F, 0xFC, 0x70, 0x71, 0xC0,
    0xC6, 0x03, 0xB8, 0x0E, 0xC0, 0x18, 0x73, 0x9F, 0x07, 0x00, 0x07, 0xF3, 0xFD, 0x8E, 0x03, 0x01,
    0xBF, 0xFF, 0xFC, 0x3C, 0x1F, 0x1F, 0xFE, 0xFB, 0xC7, 0xDD, 0xF1, 0xE0, 0x0F, 0x9F, 0x0C, 0x18,
    0x30, 0x60, 0xC1, 0x83, 0x06, 0x0C, 0x18, 0x30, 0x63, 0xE7, 0xC0, 0xE7, 0x7E, 0x3C, 0x00, 0x18,
    0x18, 0x18, 0x18, 0x18, 0x18, 0x18, 0x18, 0x18, 0x18, 0x18, 0x18, 0x1C, 0xE0, 0x3F, 0x00, 0x78,
    0x00, 0xC0, 0x00, 0x00, 0x7F, 0x83, 0xFF, 0x1E, 0x1E, 0x60, 0x3B, 0x80, 0x7E, 0x01, 0xF0, 0x03,
    0xC0, 0x0F, 0x00, 0x3C, 0x00, 0xF8, 0x07, 0xE0, 0x1D, 0x80, 0xE7, 0x87, 0x8F, 0xFC, 0x1F, 0xE0,
    0x73, 0x8F, 0xC1, 0xE0, 0x00, 0x3F, 0x1F, 0xEE, 0x1F, 0x87, 0xC0, 0xF0, 0x3C, 0x0F, 0x03, 0xE1,
    0xF8, 0x77, 0xF8, 0xFC, 0x39, 0xC1, 0xF8, 0x0F, 0x00, 0x60, 0x00, 0x0C, 0x03, 0xC0, 0x3C, 0x03,
    0xC0, 0x3C, 0x03, 0xC0, 0x3C, 0x03, 0xC0, 0x3C, 0x03, 0xC0, 0x3C, 0x03, 0xC0, 0x7E, 0x07, 0xF0,
    0xE7, 0xFE, 0x3F, 0x80, 0x73, 0x8F, 0xC1, 0xE0, 0x00, 0xC0, 0xF0, 0x3C, 0x0F, 0x03, 0xC0, 0xF0,
    0x3C, 0x0F, 0x03, 0xC1, 0xF8, 0x7F, 0xFD, 0xFB, 0x1F, 0x81, 0xF8, 0x00, 0x00, 0x00, 0x19, 0x81,
    0x98, 0x00, 0x0C, 0x03, 0xC0, 0x3C, 0x03, 0xC0, 0x3C, 0x03, 0xC0, 0x3C, 0x03, 0xC0, 0x3C, 0x03,
    0xC0, 0x3C, 0x03, 0xC0, 0x7E, 0x07, 0xF0, 0xE7, 0xFE, 0x3F, 0x80, 0x3F, 0x0F, 0xC0, 0x00, 0xCC,
    0x33, 0x00, 0x00, 0x03, 0x03, 0xC0, 0xF0, 0x3C, 0x0F, 0x03, 0xC0, 0xF0, 0x3C, 0x0F, 0x07, 0xE1,
    0xFF, 0xF7, 0xEC, 0x01, 0x80, 0x38, 0x07, 0x00, 0x60, 0x00, 0x01, 0x98, 0x19, 0x80, 0x00, 0xC0,
    0x3C, 0x03, 0xC0, 0x3C, 0x03, 0xC0, 0x3C, 0x03, 0xC0, 0x3C, 0x03, 0xC0, 0x3C, 0x03, 0xC0, 0x3C,
    0x07, 0xE0, 0x7F, 0x0E, 0x7F, 0xE3, 0xF8, 0x07, 0x03, 0x80, 0xC0, 0xCC, 0x33, 0x00, 0x00, 0x03,
    0x03, 0xC0, 0xF0, 0x3C, 0x0F, 0x03, 0xC0, 0xF0, 0x3C, 0x0F, 0x07, 0xE1, 0xFF, 0xF7, 0xEC, 0x30,
    0xC3, 0xF8, 0x1F, 0x80, 0xF0, 0x00, 0x01, 0x98, 0x19, 0x80, 0x00, 0xC0, 0x3C, 0x03, 0xC0, 0x3C,
    0x03, 0xC0, 0x3C, 0x03, 0xC0, 0x3C, 0x03, 0xC0, 0x3C, 0x03, 0xC0, 0x3C, 0x07, 0xE0, 0x7F, 0x0E,
    0x7F, 0xE3, 0xF8, 0x61, 0x9F, 0xC3, 0xF0, 0x78, 0x33, 0x0C, 0xC0, 0x00, 0x00, 0xC0, 0xF0, 0x3C,
    0x0F, 0x03, 0xC0, 0xF0, 0x3C, 0x0F, 0x03, 0xC1, 0xF8, 0x7F, 0xFD, 0xFB, 0x18, 0x01, 0xC0, 0x0E,
    0x00, 0x60, 0x00, 0x01, 0x98, 0x19, 0x80, 0x00, 0xC0, 0x3C, 0x03, 0xC0, 0x3C, 0x03, 0xC0, 0x3C,
    0x03, 0xC0, 0x3C, 0x03, 0xC0, 0x3C, 0x03, 0xC0, 0x3C, 0x07, 0xE0, 0x7F, 0x0E, 0x7F, 0xE3, 0xF8,
    0x38, 0x0F, 0x00, 0xC0, 0xCC, 0x33, 0x00, 0x00, 0x03, 0x03, 0xC0, 0xF0, 0x3C, 0x0F, 0x03, 0xC0,
    0xF0, 0x3C, 0x0F, 0x07, 0xE1, 0xFF, 0xF7, 0xEC, 0xFF, 0x3F, 0xE8, 0x38, 0x07, 0x00, 0xFF, 0xFF,
    0xFF, 0x03, 0xC1, 0xF8, 0xE7, 0xF8, 0xFC, 0x0F, 0xC0, 0x3F, 0x00, 0x00, 0x00, 0x00, 0x0C, 0xC0,
    0x33, 0x00, 0x00, 0x00, 0xE0, 0x07, 0x80, 0x1E, 0x00, 0xFC, 0x03, 0xF0, 0x0C, 0xC0, 0x73, 0x81,
    0xCE, 0x06, 0x18, 0x3F, 0xF0, 0xFF, 0xC3, 0x03, 0x1C, 0x0E, 0x70, 0x39, 0x80, 0x6E, 0x01, 0xC0,
    0x3F, 0x1F, 0x80, 0x06, 0x63, 0x30, 0x00, 0x00, 0x7E, 0x7F, 0x91, 0xC0, 0x60, 0x37, 0xFF, 0xFF,
    0x87, 0x83, 0xE3, 0xFF, 0xDF, 0x60, 0x0F, 0xC0, 0x3F, 0x00, 0x00, 0x00, 0xC0, 0x03, 0x00, 0x00,
    0x00, 0x30, 0x01, 0xE0, 0x07, 0x80, 0x1E, 0x00, 0xFC, 0x03, 0x30, 0x0C, 0xE0, 0x73, 0x81, 0x86,
    0x0F, 0xFC, 0x3F, 0xF0, 0xC0, 0xC7, 0x03, 0x9C, 0x0E, 0x60, 0x1B, 0x80, 0x70, 0x3F, 0x1F, 0x80,
    0x01, 0x80, 0xC0, 0x00, 0x00, 0x7E, 0x7F, 0x91, 0xC0, 0x60, 0x37, 0xFF, 0xFF, 0x87, 0x83, 0xE3,
    0xFF, 0xDF, 0x60, 0x00, 0xFC, 0x00, 0x3F, 0x00, 0x00, 0x00, 0x07, 0xFF, 0x01, 0xFF, 0xC0, 0xEC,
    0x00, 0x3B, 0x00, 0x1C, 0xC0, 0x07, 0x30, 0x01, 0x8C, 0x00, 0xE3, 0xFC, 0x30, 0xFF, 0x1F, 0xF0,
    0x07, 0xFC, 0x03, 0x83, 0x00, 0xE0, 0xC0, 0x30, 0x30, 0x1C, 0x0F, 0xF6, 0x03, 0xFC, 0x07, 0xE0,
    0x07, 0xE0, 0x00, 0x00, 0x7F, 0x7C, 0x7F, 0xFE, 0x43, 0xC7, 0x01, 0x83, 0x3F, 0xFF, 0x7F, 0xFF,
    0xF1, 0x80, 0xC1, 0x80, 0xC3, 0xC0, 0xE3, 0xC1, 0xFF, 0xFF, 0x7C, 0x7F, 0x0F, 0xF0, 0xFF, 0xC7,
    0x82, 0x1C, 0x00, 0xE0, 0x03, 0x80, 0x0C, 0x00, 0x30, 0x3C, 0xC0, 0xF3, 0x00, 0xCE, 0x03, 0x38,
    0x3F, 0xE0, 0xFD, 0xE0, 0xC3, 0xFF, 0x07, 0xFC, 0x3E, 0xCF, 0xFB, 0x87, 0x70, 0xEC, 0x0D, 0x81,
    0xB0, 0x36, 0x06, 0xE1, 0xDC, 0x39, 0xFF, 0x1F, 0x60, 0xFE, 0x1F, 0xD0, 0x77, 0xFE, 0x7F, 0x00,
    0x1C, 0xE0, 0xFC, 0x07, 0x80, 0x30, 0x00, 0x00, 0xFF, 0x3F, 0xF7, 0x82, 0x70, 0x0E, 0x00, 0xE0,
    0x0C, 0x00, 0xC1, 0xFC, 0x1F, 0xC0, 0x3E, 0x03, 0xE0, 0x37, 0x03, 0x78, 0x33, 0xFF, 0x1F, 0xF0,
    0x73, 0x8F, 0xC1, 0xE0, 0x00, 0x3E, 0xDF, 0xFE, 0x1F, 0x87, 0xC0, 0xF0, 0x3C, 0x0F, 0x03, 0xE1,
    0xF8, 0x77, 0xFC, 0xFB, 0x00, 0xC0, 0x74, 0x1F, 0xFE, 0x7F, 0x00, 0x61, 0x87, 0x60, 0x7C, 0x0F,
    0x00, 0x01, 0x81, 0xF0, 0x76, 0x1C, 0xC7, 0x19, 0xC3, 0x70, 0x6E, 0x0F, 0xC1, 0xF8, 0x3B, 0x86,
    0x78, 0xC7, 0x18, 0x73, 0x07, 0x60, 0xEC, 0x0E, 0xE7, 0x03, 0xF0, 0x0F, 0x00, 0x78, 0x00, 0x00,
    0x00, 0x00, 0x60, 0x03, 0x00, 0x18, 0x00, 0xC0, 0x06, 0x1C, 0x31, 0xC1, 0x9C, 0x0D, 0xC0, 0x6C,
    0x03, 0xE0, 0x1F, 0x80, 0xEE, 0x06, 0x70, 0x31, 0xC1, 0x87, 0x0C, 0x38, 0x1F, 0xE0, 0xFF, 0xC7,
    0x87, 0x98, 0x0E, 0xE0, 0x1F, 0x80, 0x7C, 0x00, 0xF0, 0x03, 0xC0, 0x0F, 0x00, 0x3E, 0x01, 0xF8,
    0x07, 0x60, 0x39, 0xE1, 0xE3, 0xFF, 0x07, 0xF8, 0x03, 0x00, 0x1C, 0x00, 0x60, 0x01, 0xE0, 0x07,
    0x80, 0x3F, 0x1F, 0xEE, 0x1F, 0x87, 0xC0, 0xF0, 0x3C, 0x0F, 0x03, 0xE1, 0xF8, 0x77, 0xF8, 0xFC,
    0x0C, 0x07, 0x01, 0x80, 0x78, 0x1E, 0x00, 0x0F, 0xC0, 0x3F, 0x00, 0x00, 0x07, 0xF8, 0x3F, 0xF1,
    0xE1, 0xE6, 0x03, 0xB8, 0x07, 0xE0, 0x1F, 0x00, 0x3C, 0x00, 0xF0, 0x03, 0xC0, 0x0F, 0x80, 0x7E,
    0x01, 0xD8, 0x0E, 0x78, 0x78, 0xFF, 0xC1, 0xFE, 0x00, 0xC0, 0x07, 0x00, 0x18, 0x00, 0x78, 0x01,
    0xE0, 0x3F, 0x0F, 0xC0, 0x00, 0xFC, 0x7F, 0xB8, 0x7E, 0x1F, 0x03, 0xC0, 0xF0, 0x3C, 0x0F, 0x87,
    0xE1, 0xDF, 0xE3, 0xF0, 0x30, 0x1C, 0x06, 0x01, 0xE0, 0x78, 0x39, 0x83, 0xF0, 0x3C, 0x07, 0x00,
    0x00, 0xFF, 0x9F, 0xF0, 0x0E, 0x03, 0x80, 0xE0, 0x38, 0x0E, 0x01, 0xF8, 0x3F, 0x80, 0x78, 0x07,
    0x00, 0x60, 0x1F, 0x07, 0xFF, 0xEF, 0xF8, 0x33, 0x87, 0xC0, 0xE0, 0x00, 0x7F, 0xDF, 0xF0, 0x38,
    0x1E, 0x0F, 0x03, 0x81, 0xC0, 0xFC, 0x3F, 0x80, 0xF0, 0x1C, 0x03, 0x00, 0xC0, 0x78, 0x3F, 0xFE,
    0xFF, 0x00, 0xE7, 0x7E, 0x3C, 0x00, 0x18, 0x18, 0x18, 0x18, 0x18, 0x18, 0x18, 0x18, 0x18, 0x18,
    0x18, 0x18, 0x18, 0x18, 0x38, 0xF8, 0xF0, 0xFF, 0x03, 0xFF, 0xFF, 0xC3, 0xFF, 0xC1, 0xE0, 0x07,
    0xC0, 0xE0, 0x0E, 0xC0, 0x70, 0x0E, 0xC0, 0x70, 0x1C, 0xC0, 0x30, 0x38, 0xC0, 0x30, 0x38, 0xC0,
    0x30, 0x70, 0xC0, 0x30, 0x60, 0xC0, 0x70, 0xE0, 0xC0, 0x71, 0xC0, 0xC0, 0xE1, 0xC0, 0xC1, 0xE3,
    0x80, 0xFF, 0xC3, 0xFF, 0xFF, 0x03, 0xFF, 0xFF, 0x00, 0x03, 0xFF, 0x00, 0x0C, 0x1E, 0x00, 0x30,
    0x38, 0x00, 0xC0, 0x73, 0xFF, 0x01, 0xCF, 0xFC, 0x03, 0x01, 0xF0, 0x0C, 0x0E, 0xC0, 0x30, 0x33,
    0x00, 0xC1, 0xCC, 0x07, 0x0E, 0x30, 0x1C, 0x30, 0xC0, 0xE1, 0xC3, 0x07, 0x8E, 0x0F, 0xFC, 0x3F,
    0xFF, 0xC0, 0xFF, 0x00, 0xC0, 0x00, 0x0C, 0x00, 0x00, 0xC0, 0x00, 0x0C, 0x00, 0x3E, 0xCF, 0xF7,
    0xFC, 0xFF, 0xE1, 0xC0, 0x7E, 0x1C, 0x0E, 0xC0, 0xC0, 0xCC, 0x0C, 0x1C, 0xC0, 0xC3, 0x8C, 0x0C,
    0x30, 0xE1, 0xC7, 0x0E, 0x1C, 0xE0, 0x7F, 0xCF, 0xF3, 0xEC, 0xFF, 0x01, 0xC0, 0x18, 0x03, 0x80,
    0x30, 0x00, 0x00, 0xFF, 0x3F, 0xF7, 0x82, 0x70, 0x0E, 0x00, 0xE0, 0x0C, 0x00, 0xC1, 0xFC, 0x1F,
    0xC0, 0x3E, 0x03, 0xE0, 0x37, 0x03, 0x78, 0x33, 0xFF, 0x1F, 0xF0, 0x07, 0x03, 0x80, 0xC0, 0x00,
    0x3E, 0xDF, 0xFE, 0x1F, 0x87, 0xC0, 0xF0, 0x3C, 0x0F, 0x03, 0xE1, 0xF8, 0x77, 0xFC, 0xFB, 0x00,
    0xC0, 0x74, 0x1F, 0xFE, 0x7F, 0x00, 0xC0, 0xC0, 0xC0, 0xC0, 0xC0, 0xC0, 0xC0, 0xC0, 0xC0, 0xC3,
    0xC0, 0xC3, 0xC0, 0xC3, 0xFF, 0xC3, 0xFF, 0xC3, 0xC0, 0xC3, 0xC0, 0xC3, 0xC0, 0xC3, 0xC0, 0xC3,
    0xC0, 0xE7, 0xC0, 0xFF, 0xC0, 0x7E, 0xDF, 0x9F, 0xFB, 0xC3, 0xF0, 0x7E, 0x07, 0x80, 0xF0, 0x1E,
    0x07, 0xC0, 0xF8, 0x3B, 0x07, 0x61, 0xCC, 0xF1, 0xFC, 0x3F, 0x07, 0x80, 0xC0, 0x18, 0x03, 0x00,
    0x60, 0x0C, 0x00, 0x1C, 0x01, 0xC0, 0x0E, 0x00, 0x70, 0x00, 0x0E, 0x03, 0xF0, 0x3F, 0x03, 0xF8,
    0x3F, 0x83, 0xDC, 0x3C, 0xE3, 0xCE, 0x3C, 0x73, 0xC7, 0x3C, 0x3B, 0xC1, 0xBC, 0x1F, 0xC0, 0xFC,
    0x0F, 0xC0, 0x70, 0x38, 0x07, 0x00, 0xE0, 0x00, 0xDF, 0xBF, 0xFE, 0x1F, 0x83, 0xC0, 0xF0, 0x3C,
    0x0F, 0x03, 0xC0, 0xF0, 0x3C, 0x0F, 0x03, 0x00, 0xE0, 0x03, 0x80, 0x0E, 0x00, 0x3E, 0x00, 0x7C,
    0x00, 0x88, 0x01, 0xB0, 0x03, 0xE0, 0x07, 0xC0, 0x0F, 0x80, 0x3B, 0x80, 0x77, 0x00, 0xC6, 0x03,
    0x8E, 0x06, 0x0C, 0x1F, 0xFC, 0x3F, 0xF8, 0x60, 0x31, 0xC0, 0x73, 0x80, 0xEE, 0x00, 0xE0, 0x07,
    0x07, 0x00, 0x03, 0xC1, 0xE0, 0x90, 0x78, 0x3C, 0x00, 0x3F, 0x9F, 0xEC, 0x70, 0x18, 0x0D, 0xFF,
    0xFF, 0xE1, 0xE0, 0xF0, 0xFF, 0xF7, 0xD8, 0x00, 0x1C, 0x00, 0x07, 0x00, 0x03, 0x80, 0x00, 0xC0,
    0x00, 0x00, 0x00, 0x7F, 0xF0, 0x1F, 0xFC, 0x0E, 0xC0, 0x03, 0x30, 0x01, 0xCC, 0x00, 0x73, 0x00,
    0x38, 0xC0, 0x0E, 0x3F, 0xC3, 0x0F, 0xF1, 0xFF, 0x00, 0x7F, 0xC0, 0x38, 0x30, 0x0E, 0x0C, 0x07,
    0x03, 0x01, 0xC0, 0xFF, 0xE0, 0x3F, 0xC0, 0x00, 0xF0, 0x00, 0xE0, 0x01, 0x80, 0x00, 0x00, 0x7F,
    0x7C, 0x7F, 0xFE, 0x43, 0xC7, 0x01, 0x83, 0x3F, 0xFF, 0x7F, 0xFF, 0xF1, 0x80, 0xC1, 0x80, 0xC3,
    0xC0, 0xE3, 0xC1, 0xFF, 0xFF, 0x7C, 0x7F, 0x01, 0xC0, 0x07, 0x00, 0x38, 0x00, 0xC0, 0x00, 0x10,
    0x7F, 0xE3, 0xFF, 0x9E, 0x1E, 0x60, 0x7B, 0x83, 0xFE, 0x1D, 0xF0, 0x63, 0xC3, 0x8F, 0x1C, 0x3C,
    0xE0, 0xFB, 0x87, 0xFC, 0x1F, 0xE0, 0xE7, 0x87, 0x9F, 0xFC, 0x7F, 0xE1, 0x00, 0x00, 0x07, 0x03,
    0x80, 0xC0, 0x02, 0x3F, 0xDF, 0xEE, 0x3F, 0x9F, 0xC6, 0xF3, 0xBD, 0xCF, 0x63, 0xF9, 0xFC, 0x77,
    0xFB, 0xFC, 0x40, 0x00, 0x3F, 0x00, 0xEE, 0x01, 0xD8, 0x03, 0x70, 0x00, 0x00, 0x1C, 0x00, 0x70,
    0x01, 0xE0, 0x0F, 0x80, 0x37, 0x01, 0xDC, 0x07, 0x30, 0x18, 0xE0, 0xE3, 0x83, 0xFE, 0x0F, 0xFC,
    0x70, 0x71, 0xC0, 0xC6, 0x03, 0xB8, 0x0E, 0xC0, 0x18, 0xEE, 0x3F, 0x0D, 0xC0, 0x07, 0xF3, 0xFD,
    0x8E, 0x03, 0x01, 0xBF, 0xFF, 0xFC, 0x3C, 0x1E, 0x1F, 0xFE, 0xFB, 0x0F, 0x80, 0x3F, 0x01, 0x8C,
    0x00, 0x00, 0x07, 0x00, 0x1E, 0x00, 0x78, 0x03, 0xE0, 0x0F, 0xC0, 0x33, 0x01, 0xCC, 0x06, 0x38,
    0x18, 0x60, 0xFF, 0xC3, 0xFF, 0x1C, 0x0C, 0x70, 0x39, 0x80, 0xEE, 0x01, 0xB8, 0x07, 0x3E, 0x1F,
    0x98, 0xC0, 0x07, 0xF3, 0xFD, 0x8E, 0x03, 0x01, 0xBF, 0xFF, 0xFC, 0x3C, 0x1E, 0x1F, 0xFE, 0xFB,
    0xEE, 0x1D, 0x83, 0x70, 0x6C, 0x00, 0x1F, 0xF7, 0xFD, 0x80, 0x60, 0x18, 0x06, 0x01, 0x80, 0x7F,
    0x9F, 0xE6, 0x01, 0x80, 0x60, 0x18, 0x06, 0x01, 0xFF, 0x7F, 0xC0, 0xEE, 0x1D, 0x83, 0x30, 0x00,
    0x3F, 0x1F, 0xEE, 0x1F, 0x87, 0xC0, 0xFF, 0xFF, 0xFF, 0x00, 0xE0, 0x3C, 0x17, 0xFC, 0xFF, 0x3E,
    0x3F, 0x98, 0xC0, 0x0F, 0xFF, 0xFF, 0x01, 0x80, 0xC0, 0x60, 0x30, 0x1F, 0xEF, 0xF6, 0x03, 0x01,
    0x80, 0xC0, 0x60, 0x3F, 0xFF, 0xF0, 0x3F, 0x0F, 0xC6, 0x18, 0x00, 0x3F, 0x1F, 0xEE, 0x1F, 0x83,
    0xFF, 0xFF, 0xFC, 0x03, 0x00, 0xE0, 0x3C, 0x37, 0xFC, 0xFF, 0xEC, 0xEE, 0x76, 0x32, 0x00, 0x3E,
    0x3E, 0x0C, 0x0C, 0x0C, 0x0C, 0x0C, 0x0C, 0x0C, 0x0C, 0x0C, 0x0C, 0x0C, 0x0C, 0x3E, 0x3E, 0xEE,
    0x76, 0x33, 0x00, 0x0C, 0x0C, 0x0C, 0x0C, 0x0C, 0x0C, 0x0C, 0x0C, 0x0C, 0x0C, 0x0C, 0x0C, 0x7D,
    0xFF, 0x18, 0x07, 0xCF, 0x86, 0x0C, 0x18, 0x30, 0x60, 0xC1, 0x83, 0x06, 0x0C, 0x18, 0x31, 0xF3,
    0xE0, 0x7C, 0xFF, 0x08, 0x01, 0x83, 0x06, 0x0C, 0x18, 0x30, 0x60, 0xC1, 0x83, 0x06, 0x0C, 0x3B,
    0x80, 0xEE, 0x01, 0xDC, 0x03, 0x30, 0x00, 0x00, 0x7F, 0x83, 0xFF, 0x1E, 0x1E, 0x60, 0x3B, 0x80,
    0x7E, 0x01, 0xF0, 0x03, 0xC0, 0x0F, 0x00, 0x3C, 0x00, 0xF8, 0x07, 0xE0, 0x1D, 0x80, 0xE7, 0x87,
    0x8F, 0xFC, 0x1F, 0xE0, 0xEE, 0x1D, 0x83, 0x30, 0x00, 0x3F, 0x1F, 0xEE, 0x1F, 0x87, 0xC0, 0xF0,
    0x3C, 0x0F, 0x03, 0xE1, 0xF8, 0x77, 0xF8, 0xFC, 0x07, 0x80, 0x3F, 0x01, 0xCC, 0x06, 0x18, 0x00,
    0x00, 0x7F, 0x83, 0xFF, 0x1E, 0x1E, 0x60, 0x3B, 0x80, 0x7E, 0x01, 0xF0, 0x03, 0xC0, 0x0F, 0x00,
    0x3C, 0x00, 0xF8, 0x07, 0xE0, 0x1D, 0x80, 0xE7, 0x87, 0x8F, 0xFC, 0x1F, 0xE0, 0x1F, 0x0F, 0xE3,
    0x18, 0x00, 0x3F, 0x1F, 0xEE, 0x1F, 0x83, 0xC0, 0xF0, 0x3C, 0x0F, 0x03, 0xE0, 0xF8, 0x77, 0xF8,
    0xFC, 0x6E, 0x07, 0x70, 0x33, 0x01, 0x98, 0x00, 0x07, 0xF8, 0x7F, 0xC6, 0x0E, 0x60, 0xE6, 0x06,
    0x60, 0x66, 0x0E, 0x61, 0xC7, 0xFC, 0x7F, 0x86, 0x38, 0x61, 0xC6, 0x1C, 0x60, 0xE6, 0x07, 0x60,
    0x70, 0xEE, 0x3B, 0x8E, 0xC0, 0x03, 0x79, 0xFC, 0xF0, 0x70, 0x30, 0x18, 0x0C, 0x06, 0x03, 0x01,
    0x80, 0xC0, 0x60, 0x3E, 0x0F, 0xE1, 0x8C, 0x00, 0x0F, 0xF1, 0xFF, 0x30, 0x76, 0x0E, 0xC0, 0xD8,
    0x1B, 0x07, 0x61, 0xCF, 0xF9, 0xFE, 0x31, 0xC6, 0x1C, 0xC3, 0x98, 0x3B, 0x03, 0xE0, 0x70, 0x3E,
    0x7F, 0x63, 0x00, 0x6F, 0x7F, 0x78, 0x70, 0x60, 0x60, 0x60, 0x60, 0x60, 0x60, 0x60, 0x60, 0x77,
    0x07, 0x70, 0x3B, 0x81, 0x98, 0x00, 0x0C, 0x03, 0xC0, 0x3C, 0x03, 0xC0, 0x3C, 0x03, 0xC0, 0x3C,
    0x03, 0xC0, 0x3C, 0x03, 0xC0, 0x3C, 0x03, 0xC0, 0x7E, 0x07, 0xF0, 0xE7, 0xFE, 0x3F, 0x80, 0xEE,
    0x1D, 0x83, 0x30, 0x00, 0xC0, 0xF0, 0x3C, 0x0F, 0x03, 0xC0, 0xF0, 0x3C, 0x0F, 0x03, 0xC1, 0xF8,
    0x7F, 0xFD, 0xFB, 0x0F, 0x01, 0xF8, 0x39, 0xC3, 0x0C, 0x00, 0x0C, 0x03, 0xC0, 0x3C, 0x03, 0xC0,
    0x3C, 0x03, 0xC0, 0x3C, 0x03, 0xC0, 0x3C, 0x03, 0xC0, 0x3C, 0x03, 0xC0, 0x7E, 0x07, 0xF0, 0xE7,
    0xFE, 0x3F, 0x80, 0x3F, 0x0F, 0xC6, 0x18, 0x00, 0xC0, 0xF0, 0x3C, 0x0F, 0x03, 0xC0, 0xF0, 0x3C,
    0x0F, 0x03, 0xC1, 0xF8, 0x7F, 0xFD, 0xFB, 0x7F, 0xFF, 0xF8, 0x58, 0x0C, 0x07, 0x03, 0xE0, 0xFC,
    0x1F, 0x03, 0xC0, 0xE0, 0x30, 0x1C, 0x1F, 0xFD, 0xFC, 0x00, 0x0E, 0x06, 0x03, 0x03, 0x00, 0x7F,
    0xFF, 0xC2, 0xC0, 0xF0, 0x7C, 0x1F, 0x07, 0x03, 0x87, 0xFF, 0xFE, 0x00, 0x1C, 0x18, 0x18, 0x30,
    0xFF, 0xFF, 0xFC, 0x18, 0x03, 0x00, 0x60, 0x0C, 0x01, 0x80, 0x30, 0x06, 0x00, 0xC0, 0x18, 0x03,
    0x00, 0x60, 0x0C, 0x01, 0x80, 0x30, 0x00, 0x00, 0xE0, 0x18, 0x03, 0x00, 0xC0, 0x30, 0x60, 0xC7,
    0xFF, 0xE6, 0x0C, 0x18, 0x30, 0x60, 0xC1, 0x83, 0x87, 0xC7, 0x80, 0x0C, 0x38, 0x60, 0xC0, 0x3F,
    0x8F, 0xFD, 0x83, 0x80, 0x30, 0x06, 0x01, 0xC0, 0xF0, 0xFC, 0x1F, 0xC3, 0x1C, 0x03, 0x80, 0x30,
    0x06, 0x01, 0xC0, 0x38, 0x1E, 0x0F, 0x8F, 0xE1, 0xF0, 0x30, 0x00, 0x7F, 0x3F, 0xD0, 0xE0, 0x30,
    0x38, 0x1C, 0x7C, 0x7E, 0x33, 0x80, 0xC0, 0x60, 0x30, 0x38, 0x3C, 0x7D, 0xFC, 0xF8, 0x40, 0x00,
    0x31, 0x87, 0x70, 0x7C, 0x07, 0x00, 0x01, 0x80, 0xF0, 0x1E, 0x03, 0xC0, 0x78, 0x0F, 0x01, 0xE0,
    0x3F, 0xFF, 0xFF, 0xF0, 0x1E, 0x03, 0xC0, 0x78, 0x0F, 0x01, 0xE0, 0x3C, 0x06, 0xE7, 0x03, 0xF0,
    0x0F, 0x00, 0x78, 0x00, 0x00, 0x00, 0x00, 0x60, 0x03, 0x00, 0x18, 0x00, 0xC0, 0x06, 0xFC, 0x3F,
    0xF1, 0xC3, 0x8E, 0x0C, 0x60, 0x63, 0x03, 0x18, 0x18, 0xC0, 0xC6, 0x06, 0x30, 0x31, 0x81, 0x8C,
    0x0C, 0x63, 0x8C, 0x30, 0x3B, 0x99, 0xC0, 0x18, 0x3C, 0x7E, 0xE7, 0x79, 0xBF, 0xB3, 0xC0, 0xFF,
    0xF0, 0xFF, 0xFF, 0xC0, 0xC7, 0xF9, 0xF0, 0x3C, 0xCF, 0x30, 0xF7, 0xCE, 0x77, 0x30, 0xFF, 0xE3,
    0xFF, 0x80, 0x37, 0x77, 0x6E, 0xCC, 0xC3, 0x6E, 0x3C, 0x3C, 0xFF, 0xDE, 0xF7, 0xB0, 0xEC, 0x6E,
    0x76, 0x33, 0x30, 0x63, 0x37, 0xE7, 0x80, 0x3C, 0xFF, 0x9E, 0x10, 0x37, 0x6E, 0xE0, 0x77, 0x6E,
    0xC0, 0xEE, 0x67, 0x30, 0x77, 0x6E, 0xC0, 0x61, 0xC3, 0x86, 0x18, 0xE7, 0x18, 0x1F, 0xFE, 0x30,
    0xC7, 0xFD, 0x80, 0xFF, 0xF0, 0xC3, 0x0C, 0x30, 0x39, 0xDD, 0xCC, 0x00, 0xFE, 0x7E, 0x66, 0xFF,
    0xF0, 0xFF, 0x66, 0x6F, 0xF6, 0xFF, 0xC0, 0x33, 0x33, 0xFF, 0xCC, 0xCC, 0xFF, 0x3C, 0xCF, 0x30,
    0xFF, 0xE3, 0xFF, 0x80, 0x76, 0x6C, 0x23, 0x1E, 0x3F, 0xFD, 0x00, 0x26, 0xCC, 0xFF, 0xFF, 0xFF,
    0xFF, 0xC3, 0xC3, 0xC3, 0x93, 0xFF, 0xF8, 0xC3, 0x66, 0x3C, 0x3C, 0x18, 0x3C, 0x7E, 0xE7, 0xC7,
    0xF9, 0xF0, 0x3C, 0xFF, 0x9E, 0x10, 0x7B, 0xFF, 0xCE, 0xFF, 0xF0, 0xFF, 0xFF, 0xC0, 0xFF, 0xFF,
    0xC0, 0x1F, 0xFF, 0xF8, 0x7B, 0xFF, 0xCE, 0xFF, 0xFF, 0xC0, 0xFF, 0xFF, 0xFF, 0xFC, 0x06, 0x0E,
    0x3C, 0x78, 0x60, 0x01, 0x80, 0x60, 0x38, 0x0C, 0x07, 0x01, 0x80, 0x60, 0x38, 0x0C, 0x03, 0x01,
    0xC0, 0x60, 0x18, 0x0E, 0x03, 0x01, 0xC0, 0x60, 0x18, 0x00, 0xF7, 0xC0, 0xC3, 0xC3, 0xFF, 0xFF,
    0xFF, 0x7F, 0xFF, 0xF0, 0x7F, 0xFF, 0xF8, 0x6E, 0xFF, 0xFB, 0x91, 0x01, 0xE7, 0x9E, 0x79, 0x20,
    0x37, 0x67, 0x37, 0x70, 0xFF, 0xFF, 0xC0, 0x1F, 0xFF, 0xF8, 0xE3, 0x8C, 0x30, 0x3B, 0x99, 0x80,
    0x7B, 0xFF, 0xDE, 0xEF, 0x37, 0x60, 0x19, 0xFF, 0xF9, 0x80, 0xCC, 0xEF, 0x60, 0xFF, 0xFF, 0xF0,
    0x78, 0x3C, 0x18, 0xFF, 0xFF, 0xC0, 0x1F, 0xFF, 0xF8, 0xDE, 0xF7, 0xB0, 0xFF, 0xC6, 0x31, 0x80,
    0x0C, 0x7B, 0xFF, 0xFE, 0x30, 0x18, 0x18, 0x00, 0x7B, 0xFF, 0xCE, 0x18, 0x18, 0x73, 0xFF, 0xDE,
    0x73, 0xFF, 0xDE, 0x24, 0x7E, 0xFF, 0x66, 0x00, 0x31, 0xE7, 0x8C, 0x30, 0x71, 0xCF, 0xF1, 0xCF,
    0xC0, 0x03, 0xC2, 0xA3, 0x06, 0x30, 0x0C, 0x18, 0x08, 0x08, 0xD0, 0x0B, 0xD0, 0x0B, 0xC8, 0x0B,
    0x08, 0x08, 0x04, 0x10, 0x46, 0xB1, 0xC2, 0xA3, 0xF1, 0xCF, 0xF1, 0xCF, 0x71, 0xCF, 0xCF, 0xFC,
    0xFE, 0x7E, 0x3E, 0x7F, 0x5B, 0x18, 0x18, 0x0F, 0xFF, 0xF0, 0x7E, 0xE7, 0xCF, 0xFC, 0xC6, 0xFE,
    0xFF, 0xCF, 0xF7, 0xC0, 0x3C, 0x31, 0xE7, 0x9E, 0x30, 0xFF, 0xFE, 0x4F, 0xFF, 0xE0, 0x4F, 0xFF,
    0x30, 0x60, 0x01, 0x9E, 0x01, 0xE3, 0xFF, 0xF0, 0x3F, 0xF0, 0x60, 0x01, 0x9E, 0x01, 0xC3, 0xFF,
    0xE0, 0x3F, 0xF0, 0xFF, 0xFF, 0xFF, 0xC0, 0xFF, 0xFF, 0xFF, 0xC0, 0x3F, 0xC1, 0x9F, 0xFF, 0xE6,
    0x0F, 0xF0, 0x07, 0xF8, 0x07, 0xFF, 0x83, 0xE1, 0xF1, 0xC0, 0x0E, 0x60, 0x01, 0x80, 0x00, 0x06,
    0x7F, 0xFF, 0xBF, 0xFF, 0xC0, 0x00, 0xC0, 0x00, 0x00, 0x7F, 0xFF, 0xF0, 0x77, 0xF7, 0xFF, 0xF8,
    0x75, 0x54, 0x77, 0xF7, 0x1F, 0xFC, 0x99, 0x9F, 0xF0, 0x7F, 0xC8, 0xFF, 0x0B, 0x7F, 0xB8, 0xFF,
    0xE0, 0x88, 0xFF, 0x99, 0x90, 0xFF, 0xFE, 0x4C, 0x99, 0x20, 0xEE, 0x88, 0x80, 0x4F, 0x44, 0x77,
    0x4D, 0xB6, 0x8E, 0x30, 0x6C, 0xE3, 0x0E, 0x6C, 0x70, 0x1C, 0x07, 0x01, 0x80, 0x07, 0xFF, 0xFF,
    0x80, 0xC0, 0x60, 0x30, 0x18, 0x0F, 0xF7, 0xFB, 0x01, 0x80, 0xC0, 0x60, 0x30, 0x1F, 0xFF, 0xF8,
    0x36, 0x1B, 0x00, 0x00, 0x0F, 0xFF, 0xFF, 0x01, 0x80, 0xC0, 0x60, 0x30, 0x1F, 0xEF, 0xF6, 0x03,
    0x01, 0x80, 0xC0, 0x60, 0x3F, 0xFF, 0xF0, 0xFF, 0xE3, 0xFF, 0x81, 0x80, 0x06, 0x00, 0x18, 0x00,
    0x60, 0x01, 0xFE, 0x07, 0xFE, 0x1E, 0x3C, 0x60, 0x71, 0x80, 0xC6, 0x03, 0x18, 0x1C, 0x60, 0x71,
    0x9F, 0x86, 0x7C, 0x07, 0x0E, 0x1C, 0x18, 0x00, 0xFF, 0xFF, 0xC0, 0xC0, 0xC0, 0xC0, 0xC0, 0xC0,
    0xC0, 0xC0, 0xC0, 0xC0, 0xC0, 0xC0, 0xC0, 0xC0, 0x1F, 0xE3, 0xFE, 0x78, 0x27, 0x00, 0xE0, 0x0E,
    0x00, 0xC0, 0x0F, 0xFC, 0xFF, 0xCC, 0x00, 0xE0, 0x0E, 0x00, 0xF0, 0x07, 0x82, 0x3F, 0xE1, 0xFE,
    0x7F, 0xFF, 0xF8, 0x58, 0x0C, 0x07, 0x03, 0xE0, 0xFC, 0x1F, 0x03, 0xC0, 0xE0, 0x30, 0x1C, 0x1F,
    0xFD, 0xFC, 0xFF, 0xFF, 0xFF, 0xFF, 0xDE, 0xC0, 0x06, 0x31, 0x8C, 0x63, 0x18, 0xC6, 0x31, 0x8C,
    0x63, 0x18, 0xC0, 0x0C, 0x30, 0xC3, 0x0C, 0x30, 0xC3, 0x0C, 0x30, 0xC3, 0x0C, 0x30, 0xC3, 0x0C,
    0x7F, 0xBC, 0x0F, 0xF8, 0x00, 0x7F, 0xC0, 0x03, 0x06, 0x00, 0x18, 0x30, 0x00, 0xC1, 0x80, 0x06,
    0x0C, 0x00, 0x30, 0x7F, 0x01, 0x83, 0xFE, 0x0C, 0x18, 0x78, 0x60, 0xC1, 0xC3, 0x06, 0x06, 0x38,
    0x30, 0x31, 0xC1, 0x83, 0x8E, 0x0C, 0x1F, 0xE0, 0x7F, 0xDE, 0x03, 0xFC, 0xC0, 0x60, 0x30, 0x18,
    0x0C, 0x06, 0x03, 0x01, 0x80, 0xC0, 0x60, 0x30, 0x18, 0x0F, 0xFF, 0xF3, 0xFF, 0xFE, 0xC0, 0x63,
    0xF0, 0x18, 0x7C, 0x06, 0x0F, 0x01, 0x83, 0xC0, 0x61, 0xF0, 0x18, 0x7C, 0x07, 0xFB, 0x01, 0xFC,
    0xFF, 0xE3, 0xFF, 0x80, 0xC0, 0x03, 0x00, 0x0C, 0x00, 0x30, 0x00, 0xFF, 0x03, 0xFE, 0x0F, 0x3C,
    0x30, 0x70, 0xC0, 0xC3, 0x03, 0x0C, 0x0C, 0x30, 0x30, 0xC0, 0xC3, 0x03, 0x07, 0x00, 0xE0, 0x38,
    0x06, 0x00, 0x01, 0x81, 0xF0, 0x76, 0x0C, 0xC3, 0x98, 0xE3, 0x18, 0x67, 0x0F, 0xC1, 0xFC, 0x33,
    0x86, 0x38, 0xC7, 0x18, 0x73, 0x07, 0x60, 0xEC, 0x0E, 0x1C, 0x00, 0xE0, 0x06, 0x00, 0x70, 0x00,
    0x0C, 0x07, 0xC0, 0xFC, 0x0F, 0xC1, 0xFC, 0x1B, 0xC3, 0xBC, 0x73, 0xC7, 0x3C, 0xE3, 0xCC, 0x3D,
    0xC3, 0xF8, 0x3F, 0x83, 0xF0, 0x3E, 0x03, 0xE0, 0x30, 0x0C, 0xE0, 0x3F, 0x00, 0x7C, 0x00, 0x00,
    0xE0, 0x19, 0xC0, 0xE7, 0x03, 0x8E, 0x1C, 0x38, 0x70, 0x61, 0x81, 0xCE, 0x03, 0x30, 0x0F, 0xC0,
    0x1F, 0x00, 0x78, 0x01, 0xE0, 0x03, 0x00, 0x1C, 0x03, 0xE0, 0x0F, 0x00, 0xC0, 0x3C, 0x03, 0xC0,
    0x3C, 0x03, 0xC0, 0x3C, 0x03, 0xC0, 0x3C, 0x03, 0xC0, 0x3C, 0x03, 0xC0, 0x3C, 0x03, 0xC0, 0x3C,
    0x03, 0xFF, 0xFF, 0xFF, 0x06, 0x00, 0x60, 0x06, 0x00, 0x60, 0x07, 0x00, 0x1C, 0x00, 0x78, 0x03,
    0xE0, 0x0D, 0xC0, 0x77, 0x01, 0xCC, 0x06, 0x38, 0x38, 0xE0, 0xFF, 0x83, 0xFF, 0x1C, 0x1C, 0x70,
    0x31, 0x80, 0xEE, 0x03, 0xB0, 0x06, 0xFF, 0xBF, 0xEC, 0x03, 0x00, 0xC0, 0x30, 0x0F, 0xE3, 0xFE,
    0xC3, 0xF0, 0x7C, 0x0F, 0x03, 0xC1, 0xF0, 0x7F, 0xFB, 0xFC, 0xFF, 0xBF, 0xFC, 0x1F, 0x03, 0xC0,
    0xF0, 0x7C, 0x3F, 0xFE, 0xFF, 0xB0, 0x7C, 0x0F, 0x03, 0xC0, 0xF0, 0x7F, 0xFB, 0xFC, 0xFF, 0xFF,
    0xC0, 0xC0, 0xC0, 0xC0, 0xC0, 0xC0, 0xC0, 0xC0, 0xC0, 0xC0, 0xC0, 0xC0, 0xC0, 0xC0, 0x0F, 0xF8,
    0x1F, 0xF0, 0x30, 0x60, 0x60, 0xC0, 0xC1, 0x81, 0x83, 0x03, 0x06, 0x06, 0x0C, 0x1C, 0x18, 0x38,
    0x30, 0x70, 0x60, 0xE0, 0xC3, 0x81, 0x87, 0x03, 0x3F, 0xFF, 0xFF, 0xFF, 0xC0, 0x07, 0x80, 0x0F,
    0x00, 0x1E, 0x00, 0x30, 0xFF, 0xFF, 0xF0, 0x18, 0x0C, 0x06, 0x03, 0x01, 0xFE, 0xFF, 0x60, 0x30,
    0x18, 0x0C, 0x06, 0x03, 0xFF, 0xFF, 0xE0, 0xC0, 0xCE, 0x18, 0x38, 0xC3, 0x0E, 0x1C, 0x61, 0xC1,
    0xCC, 0x70, 0x39, 0x8C, 0x03, 0xB3, 0x80, 0x3F, 0xE0, 0x0F, 0xFE, 0x01, 0xD9, 0xC0, 0x73, 0x1C,
    0x1C, 0x63, 0x83, 0x8C, 0x38, 0xE1, 0x83, 0x9C, 0x30, 0x77, 0x06, 0x07, 0x7F, 0x1F, 0xF4, 0x1C,
    0x03, 0x00, 0xC0, 0x70, 0x38, 0xFC, 0x3F, 0x80, 0x70, 0x0C, 0x03, 0x00, 0xE0, 0x7F, 0xFB, 0xFC,
    0xC0, 0x7C, 0x0F, 0xC0, 0xFC, 0x1F, 0xC1, 0xBC, 0x3B, 0xC7, 0x3C, 0x73, 0xCE, 0x3C, 0xC3, 0xDC,
    0x3F, 0x83, 0xF8, 0x3F, 0x03, 0xE0, 0x3E, 0x03, 0x39, 0xC1, 0xF8, 0x0F, 0x00, 0x00, 0xC0, 0x7C,
    0x0F, 0xC0, 0xFC, 0x1F, 0xC1, 0xBC, 0x3B, 0xC7, 0x3C, 0x73, 0xCE, 0x3C, 0xC3, 0xDC, 0x3F, 0x83,
    0xF8, 0x3F, 0x03, 0xE0, 0x3E, 0x03, 0xC0, 0xF8, 0x3B, 0x06, 0x61, 0xCC, 0x71, 0x8C, 0x33, 0x87,
    0xE0, 0xFE, 0x19, 0xC3, 0x1C, 0x61, 0x8C, 0x39, 0x83, 0xB0, 0x76, 0x07, 0x0F, 0xF8, 0x7F, 0xC3,
    0x06, 0x18, 0x30, 0xC1, 0x86, 0x0C, 0x30, 0x61, 0x83, 0x0C, 0x18, 0x60, 0xC3, 0x06, 0x38, 0x31,
    0xC1, 0x8E, 0x0F, 0xE0, 0x7E, 0x03, 0xF0, 0x0F, 0xE0, 0x3F, 0xC0, 0x7F, 0xC1, 0xFF, 0x83, 0x7B,
    0x06, 0xF7, 0x1D, 0xEE, 0x33, 0xCC, 0x67, 0x9D, 0xCF, 0x3B, 0x1E, 0x36, 0x3C, 0x7C, 0x78, 0xF0,
    0xF0, 0xE1, 0xE1, 0xC3, 0xC0, 0x78, 0x0F, 0x01, 0xE0, 0x3C, 0x07, 0x80, 0xF0, 0x1F, 0xFF, 0xFF,
    0xF8, 0x0F, 0x01, 0xE0, 0x3C, 0x07, 0x80, 0xF0, 0x1E, 0x03, 0x1F, 0xC1, 0xFF, 0x1C, 0x1D, 0xC0,
    0x7E, 0x03, 0xF0, 0x1F, 0x00, 0x78, 0x03, 0xC0, 0x1E, 0x00, 0xF8, 0x0F, 0xC0, 0x7E, 0x03, 0xB8,
    0x38, 0xFF, 0x83, 0xF8, 0xFF, 0xFF, 0xFF, 0x01, 0xE0, 0x3C, 0x07, 0x80, 0xF0, 0x1E, 0x03, 0xC0,
    0x78, 0x0F, 0x01, 0xE0, 0x3C, 0x07, 0x80, 0xF0, 0x1E, 0x03, 0xFF, 0x3F, 0xEC, 0x3F, 0x07, 0xC0,
    0xF0, 0x3C, 0x1F, 0x0F, 0xFF, 0xBF, 0xCC, 0x03, 0x00, 0xC0, 0x30, 0x0C, 0x03, 0x00, 0x1F, 0xE3,
    0xFE, 0x78, 0x27, 0x00, 0xE0, 0x0E, 0x00, 0xC0, 0x0C, 0x00, 0xC0, 0x0C, 0x00, 0xE0, 0x0E, 0x00,
    0xF0, 0x07, 0x82, 0x3F, 0xE1, 0xFE, 0xFF, 0xFF, 0xFC, 0x18, 0x03, 0x00, 0x60, 0x0C, 0x01, 0x80,
    0x30, 0x06, 0x00, 0xC0, 0x18, 0x03, 0x00, 0x60, 0x0C, 0x01, 0x80, 0x30, 0xE0, 0x19, 0xC0, 0xE7,
    0x03, 0x8E, 0x1C, 0x38, 0x70, 0x61, 0x81, 0xCE, 0x03, 0x30, 0x0F, 0xC0, 0x1F, 0x00, 0x78, 0x01,
    0xE0, 0x03, 0x00, 0x1C, 0x03, 0xE0, 0x0F, 0x00, 0x03, 0x00, 0x06, 0x00, 0xFF, 0xC3, 0xFF, 0xCF,
    0x33, 0xDC, 0x63, 0xB0, 0xC3, 0x61, 0x86, 0xC3, 0x0D, 0x86, 0x1B, 0x8C, 0x77, 0x99, 0xE7, 0xFF,
    0x87, 0xFE, 0x00, 0xC0, 0x01, 0x80, 0x70, 0x73, 0x83, 0x8E, 0x38, 0x31, 0x81, 0xDC, 0x07, 0xC0,
    0x3E, 0x00, 0xE0, 0x07, 0x00, 0x7C, 0x07, 0x70, 0x33, 0x83, 0x8E, 0x18, 0x31, 0xC1, 0xDC, 0x07,
    0xC0, 0x66, 0x03, 0x30, 0x19, 0x80, 0xCC, 0x06, 0x60, 0x33, 0x01, 0x98, 0x0C, 0xC0, 0x66, 0x03,
    0x30, 0x19, 0x80, 0xCC, 0x06, 0x60, 0x33, 0xFF, 0xFF, 0xFF, 0x00, 0x18, 0x00, 0xC0, 0x06, 0x00,
    0x30, 0xC0, 0xF0, 0x3C, 0x0F, 0x03, 0xC0, 0xF0, 0x3C, 0x0F, 0x87, 0xFF, 0xDF, 0xF0, 0x0C, 0x03,
    0x00, 0xC0, 0x30, 0x0C, 0x03, 0xC0, 0xC0, 0xF0, 0x30, 0x3C, 0x0C, 0x0F, 0x03, 0x03, 0xC0, 0xC0,
    0xF0, 0x30, 0x3C, 0x0C, 0x0F, 0x03, 0x03, 0xC0, 0xC0, 0xF0, 0x30, 0x3C, 0x0C, 0x0F, 0x03, 0x03,
    0xC0, 0xC0, 0xF0, 0x30, 0x3F, 0xFF, 0xFF, 0xFF, 0xFF, 0xC0, 0xC1, 0x98, 0x18, 0x33, 0x03, 0x06,
    0x60, 0x60, 0xCC, 0x0C, 0x19, 0x81, 0x83, 0x30, 0x30, 0x66, 0x06, 0x0C, 0xC0, 0xC1, 0x98, 0x18,
    0x33, 0x03, 0x06, 0x60, 0x60, 0xCC, 0x0C, 0x19, 0x81, 0x83, 0x3F, 0xFF, 0xFF, 0xFF, 0xFF, 0x00,
    0x00, 0x60, 0x00, 0x0C, 0x00, 0x01, 0x80, 0x00, 0x30, 0xFC, 0x03, 0xF0, 0x00, 0xC0, 0x03, 0x00,
    0x0C, 0x00, 0x30, 0x00, 0xFE, 0x03, 0xFE, 0x0C, 0x7C, 0x30, 0x70, 0xC0, 0xC3, 0x03, 0x0C, 0x1C,
    0x30, 0x70, 0xFF, 0x83, 0xFC, 0xC0, 0x0F, 0x00, 0x3C, 0x00, 0xF0, 0x03, 0xC0, 0x0F, 0x00, 0x3F,
    0xE0, 0xFF, 0xE3, 0xC3, 0xCF, 0x07, 0x3C, 0x0C, 0xF0, 0x33, 0xC1, 0xCF, 0x0F, 0x3F, 0xF8, 0xFF,
    0xC3, 0xC0, 0x30, 0x0C, 0x03, 0x00, 0xC0, 0x30, 0x0F, 0xE3, 0xFE, 0xC3, 0xF0, 0x7C, 0x0F, 0x03,
    0xC1, 0xF0, 0xFF, 0xFB, 0xFC, 0x7F, 0x87, 0xFC, 0x41, 0xE0, 0x0E, 0x00, 0x70, 0x07, 0x00, 0x33,
    0xFF, 0x1F, 0xF0, 0x03, 0x00, 0x70, 0x07, 0x00, 0xE4, 0x1E, 0x7F, 0xC7, 0xF8, 0xC1, 0xFE, 0x30,
    0xFF, 0xCC, 0x78, 0x7B, 0x1C, 0x0E, 0xCE, 0x01, 0xF3, 0x80, 0x7C, 0xC0, 0x0F, 0xF0, 0x03, 0xFC,
    0x00, 0xF3, 0x00, 0x3C, 0xE0, 0x1F, 0x38, 0x07, 0xCF, 0x03, 0xB1, 0xE1, 0xEC, 0x3F, 0xF3, 0x07,
    0xF8, 0x1F, 0xE7, 0xFD, 0xC1, 0xB8, 0x36, 0x06, 0xC0, 0xDC, 0x1B, 0xE3, 0x3F, 0xE1, 0xFC, 0x71,
    0x8C, 0x33, 0x86, 0xE0, 0xDC, 0x1F, 0x03, 0x7F, 0x3F, 0xD0, 0xE0, 0x33, 0xFB, 0xFF, 0xC7, 0x83,
    0xC3, 0xF1, 0xFF, 0xEF, 0xB0, 0x01, 0x87, 0xF3, 0xF9, 0xE0, 0x60, 0x38, 0x0D, 0xF3, 0xFE, 0xE1,
    0xF8, 0x7C, 0x0F, 0x03, 0xC0, 0xF0, 0x3E, 0x1D, 0xC7, 0x7F, 0x8F, 0xC0, 0xFF, 0x7F, 0xF0, 0xF8,
    0x3C, 0x7F, 0xFB, 0xFF, 0x87, 0xC1, 0xE1, 0xFF, 0xFF, 0xE0, 0xFF, 0xFF, 0x06, 0x0C, 0x18, 0x30,
    0x60, 0xC1, 0x83, 0x06, 0x00, 0x1F, 0xE1, 0xFE, 0x18, 0x61, 0x86, 0x18, 0x61, 0x86, 0x38, 0x63,
    0x86, 0x38, 0x67, 0x06, 0xFF, 0xFF, 0xFF, 0xC0, 0x3C, 0x03, 0xC0, 0x3C, 0x03, 0x3F, 0x1F, 0xEE,
    0x1F, 0x87, 0xC0, 0xFF, 0xFF, 0xFF, 0x00, 0xE0, 0x3C, 0x17, 0xFC, 0xFF, 0xE1, 0x87, 0x71, 0x8E,
    0x31, 0x8C, 0x39, 0x9C, 0x1D, 0xB8, 0x0F, 0xF0, 0x1F, 0xF8, 0x19, 0xB8, 0x39, 0x9C, 0x71, 0x8E,
    0x71, 0x8E, 0xE1, 0x87, 0xFE, 0xFF, 0x07, 0x03, 0x0F, 0x7E, 0x7F, 0x07, 0x03, 0x87, 0xFF, 0xFE,
    0xC3, 0xE1, 0xF1, 0xF8, 0xFC, 0xDE, 0x6F, 0x67, 0xB3, 0xF1, 0xF8, 0xFC, 0x7C, 0x30, 0x63, 0x3B,
    0x8F, 0x87, 0xC0, 0x06, 0x1F, 0x0F, 0x8F, 0xC7, 0xE6, 0xF3, 0x7B, 0x3D, 0x9F, 0x8F, 0xC7, 0xE3,
    0xE1, 0x80, 0xC3, 0xE3, 0xB1, 0x99, 0xCC, 0xC7, 0xC3, 0xF1, 0x9C, 0xCE, 0x63, 0xB0, 0xD8, 0x70,
    0x1F, 0xE3, 0xFC, 0x61, 0x8C, 0x31, 0x86, 0x30, 0xC6, 0x19, 0xC3, 0x38, 0x67, 0x0F, 0xE1, 0xF8,
    0x30, 0xE0, 0x3F, 0x83, 0xFC, 0x1F, 0xE1, 0xFF, 0x8F, 0xEC, 0x6F, 0x77, 0x79, 0xB3, 0xCF, 0x9E,
    0x7C, 0xF1, 0xC7, 0x8E, 0x30, 0xC1, 0xE0, 0xF0, 0x78, 0x3C, 0x1F, 0xFF, 0xFF, 0x83, 0xC1, 0xE0,
    0xF0, 0x78, 0x30, 0x3F, 0x1F, 0xEE, 0x1F, 0x87, 0xC0, 0xF0, 0x3C, 0x0F, 0x03, 0xE1, 0xF8, 0x77,
    0xF8, 0xFC, 0xFF, 0xFF, 0xF0, 0x78, 0x3C, 0x1E, 0x0F, 0x07, 0x83, 0xC1, 0xE0, 0xF0, 0x78, 0x30,
    0xDF, 0x3F, 0xEE, 0x1F, 0x87, 0xC1, 0xF0, 0x3C, 0x0F, 0x07, 0xE1, 0xF8, 0x7F, 0xFB, 0x7C, 0xC0,
    0x30, 0x0C, 0x03, 0x00, 0xC0, 0x00, 0x3F, 0x3F, 0xBC, 0x1C, 0x0C, 0x06, 0x03, 0x01, 0x80, 0xE0,
    0x78, 0x1F, 0xC7, 0xE0, 0xFF, 0xFF, 0xC3, 0x01, 0x80, 0xC0, 0x60, 0x30, 0x18, 0x0C, 0x06, 0x03,
    0x01, 0x80, 0x60, 0x67, 0x0E, 0x70, 0xE3, 0x0C, 0x39, 0xC3, 0x9C, 0x19, 0x81, 0xF8, 0x0F, 0x80,
    0xF0, 0x0F, 0x00, 0x70, 0x06, 0x00, 0xE0, 0x0C, 0x07, 0xC0, 0x78, 0x00, 0x03, 0x00, 0x18, 0x00,
    0xC0, 0x06, 0x00, 0x30, 0x0F, 0xE1, 0xFF, 0xCE, 0x6E, 0xE3, 0x3E, 0x18, 0xF0, 0xC7, 0x86, 0x3C,
    0x31, 0xF1, 0x9D, 0xCD, 0xCF, 0xFE, 0x1F, 0xC0, 0x18, 0x00, 0xC0, 0x06, 0x00, 0x30, 0x01, 0x80,
    0x60, 0xCE, 0x38, 0xEE, 0x0D, 0x81, 0xF0, 0x1C, 0x03, 0x80, 0xF8, 0x3B, 0x86, 0x31, 0xC7, 0x70,
    0x70, 0xC1, 0x98, 0x33, 0x06, 0x60, 0xCC, 0x19, 0x83, 0x30, 0x66, 0x0C, 0xC1, 0x98, 0x33, 0xFF,
    0xFF, 0xF0, 0x06, 0x00, 0xC0, 0x18, 0x03, 0xC1, 0xE0, 0xF0, 0x78, 0x3C, 0x1F, 0x0F, 0xFE, 0xFF,
    0x01, 0x80, 0xC0, 0x60, 0x30, 0xC1, 0x83, 0xC1, 0x83, 0xC1, 0x83, 0xC1, 0x83, 0xC1, 0x83, 0xC1,
    0x83, 0xC1, 0x83, 0xC1, 0x83, 0xC1, 0x83, 0xC1, 0x83, 0xFF, 0xFF, 0xFF, 0xFF, 0xC3, 0x06, 0x61,
    0x83, 0x30, 0xC1, 0x98, 0x60, 0xCC, 0x30, 0x66, 0x18, 0x33, 0x0C, 0x19, 0x86, 0x0C, 0xC3, 0x06,
    0x61, 0x83, 0x3F, 0xFF, 0xFF, 0xFF, 0xF0, 0x00, 0x18, 0x00, 0x0C, 0x00, 0x06, 0x00, 0x03, 0xF8,
    0x0F, 0x80, 0x18, 0x01, 0x80, 0x1F, 0xC1, 0xFE, 0x18, 0xF1, 0x83, 0x18, 0x31, 0x87, 0x1F, 0xF1,
    0xFE, 0xC0, 0x3C, 0x03, 0xC0, 0x3C, 0x03, 0xFE, 0x3F, 0xF3, 0xC7, 0xBC, 0x1B, 0xC1, 0xBC, 0x3B,
    0xFF, 0xBF, 0xF3, 0xC0, 0x60, 0x30, 0x18, 0x0F, 0xE7, 0xFB, 0x1F, 0x83, 0xC1, 0xE1, 0xFF, 0xFF,
    0xE0, 0xFE, 0x7F, 0x81, 0xE0, 0x70, 0x3B, 0xFD, 0xFE, 0x07, 0x03, 0x83, 0xFF, 0xDF, 0xC0, 0xC3,
    0xF3, 0x1F, 0xEC, 0xE1, 0xF3, 0x87, 0xCC, 0x0F, 0xF0, 0x3F, 0xC0, 0xF3, 0x03, 0xCE, 0x1F, 0x38,
    0x7C, 0x7F, 0xB0, 0xFC, 0x3F, 0xDF, 0xF7, 0x0D, 0x83, 0x60, 0xDE, 0x33, 0xFC, 0x7F, 0x38, 0xCE,
    0x37, 0x0F, 0x83, 0x38, 0x07, 0x00, 0xE0, 0x18, 0x00, 0x0F, 0xC7, 0xFB, 0x87, 0xE1, 0xF0, 0x3F,
    0xFF, 0xFF, 0xC0, 0x38, 0x0F, 0x05, 0xFF, 0x3F, 0xC0, 0x33, 0x0C, 0xC0, 0x00, 0x00, 0x3F, 0x1F,
    0xEE, 0x1F, 0x87, 0xC0, 0xFF, 0xFF, 0xFF, 0x00, 0xE0, 0x3C, 0x07, 0xFC, 0xFE, 0x30, 0x06, 0x03,
    0xF8, 0x7F, 0x03, 0x00, 0x6F, 0x8F, 0xF9, 0xC7, 0x38, 0x66, 0x0C, 0xC1, 0x98, 0x33, 0x06, 0x60,
    0xCC, 0x19, 0x83, 0x30, 0x60, 0x0C, 0x01, 0x80, 0x70, 0x7E, 0x0F, 0x80, 0x0E, 0x38, 0x61, 0x80,
    0x1F, 0xFF, 0xE0, 0xC1, 0x83, 0x06, 0x0C, 0x18, 0x30, 0x60, 0xC0, 0x3F, 0x3F, 0xBC, 0x1C, 0x0C,
    0x07, 0xFB, 0xFD, 0x80, 0xE0, 0x78, 0x1F, 0xC7, 0xE0, 0x7F, 0xFF, 0xC0, 0xC0, 0xF0, 0x7C, 0x1F,
    0x07, 0x03, 0x87, 0xFF, 0xFE, 0xF0, 0xFF, 0xFF, 0xFF, 0xFF, 0x00, 0x66, 0x66, 0x66, 0x66, 0x66,
    0x66, 0x18, 0xC0, 0x01, 0x8C, 0x63, 0x18, 0xC6, 0x31, 0x8C, 0x63, 0x18, 0xCF, 0xFF, 0x00, 0x1F,
    0xE0, 0x0F, 0xF0, 0x06, 0x18, 0x03, 0x0C, 0x01, 0x87, 0xE0, 0xC3, 0xFC, 0x61, 0x8E, 0x70, 0xC3,
    0x38, 0x61, 0x9C, 0x31, 0xFE, 0x1F, 0xFE, 0x0F, 0xE0, 0xC1, 0x80, 0xC1, 0x80, 0xC1, 0x80, 0xC1,
    0x80, 0xC1, 0x80, 0xFF, 0xFE, 0xFF, 0xFF, 0xC1, 0x87, 0xC1, 0x83, 0xC1, 0x87, 0xC1, 0xFF, 0xC1,
    0xFE, 0x30, 0x06, 0x03, 0xFC, 0x7F, 0x83, 0x00, 0x6F, 0x8F, 0xF9, 0xC7, 0x38, 0x66, 0x0C, 0xC1,
    0x98, 0x33, 0x06, 0x60, 0xCC, 0x19, 0x83, 0x30, 0x60, 0x07, 0x03, 0x81, 0xC0, 0x60, 0x00, 0x30,
    0xEC, 0x73, 0x18, 0xCE, 0x33, 0x0F, 0xC3, 0xF0, 0xCE, 0x33, 0x8C, 0x73, 0x0C, 0xC3, 0x80, 0x38,
    0x0C, 0x07, 0x01, 0x80, 0x06, 0x1F, 0x0F, 0x8F, 0xC7, 0xE6, 0xF3, 0x7B, 0x3D, 0x9F, 0x8F, 0xC7,
    0xE3, 0xE1, 0x80, 0x19, 0xC1, 0xF8, 0x0F, 0x00, 0x00, 0x60, 0x67, 0x0E, 0x70, 0xE3, 0x0C, 0x39,
    0xC3, 0x9C, 0x19, 0x81, 0xF8, 0x0F, 0x80, 0xF0, 0x0F, 0x00, 0x70, 0x06, 0x00, 0xE0, 0x0C, 0x07,
    0xC0, 0x78, 0x00, 0xC0, 0xF0, 0x3C, 0x0F, 0x03, 0xC0, 0xF0, 0x3C, 0x0F, 0x03, 0xC0, 0xF0, 0x3F,
    0xFF, 0xFF, 0x0C, 0x03, 0x00, 0xC0, 0xC0, 0xC0, 0xF0, 0x30, 0x3C, 0x0C, 0x0F, 0x83, 0x83, 0xE0,
    0xE1, 0xF8, 0x38, 0x7E, 0x1E, 0x1D, 0x87, 0x87, 0x71, 0xF1, 0x9C, 0xFC, 0x63, 0x3B, 0x38, 0xEC,
    0xEE, 0x3F, 0x3B, 0x07, 0xC7, 0xC1, 0xE1, 0xE0, 0x38, 0x38, 0xC3, 0x03, 0xC3, 0x03, 0xC3, 0x87,
    0xE3, 0x87, 0xE3, 0x87, 0xE3, 0x86, 0x67, 0xCE, 0x77, 0xCE, 0x76, 0xCC, 0x3C, 0xFC, 0x3C, 0x78,
    0x1C, 0x78, 0x18, 0x00, 0xC0, 0x3F, 0xE1, 0xFF, 0x01, 0x80, 0x0C, 0x00, 0x60, 0x03, 0xFC, 0x1F,
    0xF0, 0xC1, 0xC6, 0x06, 0x30, 0x31, 0x83, 0x8C, 0x1C, 0x7F, 0xC3, 0xFC, 0x30, 0x03, 0x00, 0xFF,
    0x0F, 0xF0, 0x30, 0x03, 0x00, 0x30, 0x03, 0xFE, 0x3F, 0xF3, 0x07, 0x30, 0x33, 0x07, 0x3F, 0xF3,
    0xFE, 0xC0, 0x7F, 0xE0, 0xFF, 0xF0, 0xF0, 0x58, 0x70, 0x0C, 0x70, 0x06, 0x38, 0x03, 0x18, 0x01,
    0xFF, 0xFC, 0xFF, 0xFE, 0x63, 0x00, 0x31, 0xC0, 0x18, 0xE0, 0x0C, 0x78, 0x06, 0x1E, 0x03, 0x07,
    0xFD, 0x81, 0xFE, 0xC1, 0xFB, 0x0F, 0xEC, 0x70, 0x31, 0xC0, 0xC6, 0x03, 0xFF, 0xCF, 0xFF, 0x31,
    0x80, 0xC7, 0x03, 0x1C, 0x0C, 0x3F, 0xB0, 0x7E, 0x03, 0xC0, 0x03, 0xC0, 0x03, 0xC0, 0x07, 0xE0,
    0x07, 0xE0, 0x0E, 0x70, 0x0E, 0x70, 0x0F, 0xF0, 0x1F, 0xF8, 0x1D, 0xB8, 0x39, 0x98, 0x39, 0x9C,
    0x31, 0x9C, 0x71, 0x8E, 0x71, 0x8E, 0x61, 0x86, 0x07, 0x80, 0x3C, 0x03, 0xF0, 0x1F, 0x80, 0xCC,
    0x0F, 0xF0, 0x7F, 0x87, 0x6E, 0x3B, 0x71, 0x99, 0x9C, 0xCE, 0xC6, 0x30, 0xC0, 0xF0, 0x30, 0x3C,
    0x0C, 0x0F, 0x03, 0x07, 0xE0, 0xC1, 0xF8, 0x30, 0x67, 0x0C, 0x39, 0xC3, 0xFF, 0xF0, 0xFF, 0xFE,
    0x31, 0xDB, 0x8C, 0x66, 0x73, 0x39, 0x9C, 0xCE, 0x63, 0x33, 0x18, 0xED, 0xC6, 0x3B, 0x71, 0x86,
    0xC3, 0xC1, 0x87, 0x83, 0x0F, 0x86, 0x3B, 0x0C, 0x66, 0x1F, 0xFE, 0x3F, 0xFC, 0x66, 0xDC, 0xDD,
    0xB9, 0xBB, 0x33, 0x66, 0x77, 0xCC, 0x60, 0x3F, 0xFC, 0x3F, 0xFC, 0x38, 0x1C, 0x1C, 0x38, 0x0E,
    0x70, 0x07, 0xE0, 0x07, 0xE0, 0x1F, 0xF0, 0x1F, 0xF8, 0x39, 0x9C, 0x39, 0x9C, 0x31, 0x8C, 0x71,
    0x8E, 0x71, 0x8E, 0x61, 0x86, 0xE1, 0x87, 0x3F, 0xF0, 0xFF, 0xC1, 0x86, 0x07, 0x38, 0x0F, 0xC0,
    0x7F, 0x83, 0xFF, 0x0C, 0xCC, 0x73, 0x39, 0xCC, 0xE6, 0x31, 0xB8, 0xC7, 0xC7, 0xFF, 0x98, 0xFF,
    0xF3, 0x1C, 0x0E, 0x61, 0xC3, 0x8C, 0x1C, 0xE1, 0x81, 0xF8, 0x30, 0x3F, 0x07, 0xFF, 0xF8, 0xFF,
    0xFF, 0x18, 0xE6, 0x73, 0x1C, 0xC6, 0x63, 0x18, 0xCC, 0xE3, 0x1D, 0x9C, 0x63, 0xB3, 0x0C, 0x36,
    0xE1, 0x87, 0xCF, 0xFC, 0xCF, 0xFC, 0xC6, 0x18, 0xC7, 0x38, 0xC3, 0xF0, 0xFF, 0xF8, 0xFF, 0xFC,
    0xCE, 0xDC, 0xCC, 0xCE, 0xDC, 0xCE, 0xD8, 0xC6, 0xD8, 0xC7, 0x73, 0x8F, 0xE1, 0xE0, 0xFC, 0xFF,
    0xF8, 0x70, 0x0C, 0x03, 0x01, 0xC1, 0xE7, 0xF0, 0xFE, 0x03, 0xC0, 0x30, 0x0C, 0x03, 0x01, 0xDF,
    0xEF, 0xF3, 0x80, 0xC0, 0x3F, 0xF7, 0xFC, 0x01, 0x73, 0x9F, 0xC7, 0x8F, 0xE7, 0xF8, 0x1C, 0x06,
    0x0F, 0x3F, 0x1F, 0xC0, 0xE0, 0x30, 0x3B, 0xFF, 0xFD, 0xC0, 0xE0, 0x7F, 0xDF, 0xE0, 0x00, 0xC3,
    0x0F, 0x0C, 0x3C, 0x30, 0xF0, 0xC3, 0xC3, 0x0F, 0x0C, 0x3C, 0x30, 0xF8, 0xC7, 0xE3, 0x1D, 0xCC,
    0xE7, 0xFF, 0x87, 0xF8, 0x03, 0x00, 0x0C, 0x00, 0x30, 0x00, 0xC0, 0x06, 0x00, 0x30, 0x01, 0x80,
    0x0C, 0x00, 0x60, 0x63, 0x1F, 0x18, 0xF8, 0xC7, 0xC6, 0x1E, 0x30, 0xF1, 0x87, 0x8C, 0x3C, 0x63,
    0xF3, 0x1F, 0x99, 0xCF, 0xFE, 0x3F, 0xC0, 0x30, 0x01, 0x80, 0x0C, 0x00, 0x60, 0x03, 0x00, 0x1F,
    0xE0, 0xFF, 0xC7, 0x87, 0x98, 0x06, 0xE0, 0x1F, 0x80, 0x7C, 0x00, 0xFF, 0xFF, 0xFF, 0xFF, 0x00,
    0x3E, 0x01, 0xF8, 0x07, 0x60, 0x19, 0xE1, 0xE3, 0xFF, 0x07, 0xF8, 0x3F, 0x1F, 0xEE, 0x1F, 0x87,
    0xC0, 0xFF, 0xFF, 0xFF, 0x03, 0xE1, 0xF8, 0x77, 0xF8, 0xFC, 0xE0, 0x1F, 0x80, 0xF6, 0x07, 0x1C,
    0x1C, 0x70, 0x60, 0xC1, 0x83, 0x8E, 0x0E, 0x38, 0x18, 0xC0, 0x77, 0x01, 0xDC, 0x03, 0x60, 0x0F,
    0x80, 0x3E, 0x00, 0x70, 0x01, 0xC0, 0x60, 0x77, 0x0F, 0x70, 0xE3, 0x0C, 0x39, 0xC3, 0x9C, 0x19,
    0x81, 0xD8, 0x1F, 0x80, 0xF8, 0x0F, 0x00, 0xF0, 0x3F, 0x00, 0xEE, 0x01, 0xD8, 0x03, 0x70, 0x00,
    0x03, 0x80, 0x7E, 0x03, 0xD8, 0x1C, 0x70, 0x71, 0xC1, 0x83, 0x06, 0x0E, 0x38, 0x38, 0xE0, 0x63,
    0x01, 0xDC, 0x07, 0x70, 0x0D, 0x80, 0x3E, 0x00, 0xF8, 0x01, 0xC0, 0x07, 0x00, 0x77, 0x03, 0xB0,
    0x1B, 0x81, 0xD8, 0x00, 0x06, 0x07, 0x70, 0xF7, 0x0E, 0x30, 0xC3, 0x9C, 0x39, 0xC1, 0x98, 0x1D,
    0x81, 0xF8, 0x0F, 0x80, 0xF0, 0x0F, 0x00, 0x1F, 0xC0, 0x00, 0x3F, 0xE0, 0x00, 0x70, 0x70, 0x00,
    0xE0, 0x30, 0x00, 0xE0, 0x3F, 0x07, 0xE0, 0x3B, 0x07, 0xC0, 0x1B, 0x86, 0xC0, 0x1B, 0x8E, 0xC0,
    0x19, 0x8E, 0xC0, 0x19, 0xCC, 0xE0, 0x39, 0xDC, 0xE0, 0x38, 0xDC, 0xE0, 0x30, 0xF8, 0x70, 0x70,
    0x78, 0x3F, 0xE0, 0x78, 0x1F, 0xC0, 0x70, 0x00, 0x00, 0x70, 0x00, 0x00, 0x60, 0x00, 0x00, 0xE0,
    0x00, 0x07, 0xC0, 0x00, 0x07, 0xC0, 0x3F, 0x1C, 0x1D, 0xFE, 0x70, 0x7E, 0x1C, 0xE1, 0xB8, 0x73,
    0x8E, 0xC0, 0xC6, 0x3B, 0x03, 0x1C, 0xCC, 0x0C, 0x77, 0x30, 0x30, 0xDC, 0xE1, 0xC3, 0xE3, 0x87,
    0x07, 0x87, 0xF8, 0x1E, 0x0F, 0xC0, 0x70, 0x00, 0x01, 0xC0, 0x00, 0x06, 0x00, 0x00, 0x38, 0x00,
    0x07, 0xC0, 0x00, 0x1F, 0x00, 0x03, 0x80, 0x1F, 0xC0, 0xFF, 0xE3, 0xFF, 0xE7, 0x01, 0xDC, 0x01,
    0xF8, 0x03, 0xE0, 0x03, 0xC0, 0x07, 0x80, 0x0F, 0x00, 0x3F, 0x00, 0x7E, 0x00, 0xEE, 0x03, 0x9F,
    0xFF, 0x1F, 0xFC, 0x0F, 0xE0, 0x07, 0x00, 0x0E, 0x07, 0xF1, 0xFF, 0x7F, 0xFE, 0x0F, 0x80, 0xF0,
    0x1E, 0x03, 0xC0, 0x7C, 0x1F, 0xFF, 0xBF, 0xE3, 0xF8, 0x1C, 0x00, 0x03, 0xE0, 0x00, 0x7F, 0x00,
    0x1B, 0xF0, 0x00, 0x60, 0x00, 0x0C, 0x00, 0x01, 0x80, 0x00, 0x20, 0x01, 0xF9, 0xF8, 0x7F, 0x3F,
    0x8E, 0x20, 0x3B, 0x80, 0x03, 0xF0, 0x00, 0x7E, 0x00, 0x0F, 0x80, 0x00, 0xF0, 0x00, 0x1E, 0x06,
    0x03, 0xC0, 0xC0, 0x7C, 0x18, 0x1F, 0x83, 0x03, 0xF0, 0x60, 0x67, 0x1E, 0x3C, 0x7F, 0xFF, 0x07,
    0xFF, 0xC0, 0x07, 0x80, 0x0F, 0xF0, 0x0F, 0xF0, 0x01, 0x80, 0x01, 0x80, 0x01, 0x80, 0x01, 0x00,
    0x00, 0x00, 0x3E, 0x7C, 0x7E, 0x7E, 0xE0, 0x07, 0xE0, 0x07, 0xC0, 0x03, 0xC0, 0x03, 0xC1, 0x83,
    0xC1, 0x83, 0xE1, 0x87, 0xE3, 0xC7, 0x7F, 0xFE, 0x3E, 0x7C, 0x07, 0xF8, 0x01, 0xFE, 0x00, 0x6D,
    0x80, 0x00, 0x00, 0xC0, 0xC0, 0xF0, 0x30, 0x3C, 0x0C, 0x0F, 0x83, 0x83, 0xE0, 0xE1, 0xF8, 0x38,
    0x7E, 0x1E, 0x1D, 0x87, 0x87, 0x71, 0xF1, 0x9C, 0xFC, 0xE3, 0x3B, 0x38, 0xEC, 0xCC, 0x3F, 0x3F,
    0x07, 0xC7, 0xC1, 0xE1, 0xE0, 0x38, 0x30, 0x0F, 0xF0, 0x0F, 0xF0, 0x09, 0x30, 0x00, 0x00, 0xC3,
    0x03, 0xC3, 0x03, 0xC3, 0x87, 0xE3, 0x87, 0xE3, 0x87, 0x63, 0x86, 0x63, 0xCE, 0x77, 0xCE, 0x36,
    0xCC, 0x3E, 0xFC, 0x1C, 0x78, 0x1C, 0x78, 0x0F, 0xE3, 0xFF, 0x78, 0x27, 0x00, 0xE0, 0x0E, 0x00,
    0xC0, 0x0C, 0x00, 0xC0, 0x0C, 0x00, 0xE0, 0x0E, 0x00, 0xF0, 0x07, 0x80, 0x3F, 0x81, 0xF8, 0x01,
    0x80, 0x18, 0x01, 0x80, 0x18, 0x01, 0x80, 0x3F, 0x3F, 0xB8, 0x1C, 0x0C, 0x06, 0x03, 0x01, 0x80,
    0xE0, 0x70, 0x1F, 0x87, 0xC0, 0x60, 0x30, 0x18, 0x0C, 0x06, 0x00, 0x00, 0x80, 0x38, 0x66, 0x0F,
    0xC0, 0xF8, 0x0F, 0x83, 0xBE, 0x62, 0xFC, 0x07, 0x80, 0xF8, 0x1B, 0x87, 0x00, 0xC0, 0x00, 0x00,
    0x02, 0xFF, 0xFF, 0xFE, 0x00, 0x1E, 0xFF, 0xFB, 0xFB, 0x30, 0xED, 0xE0, 0x78, 0xFF, 0xDF, 0x00,
    0x3C, 0x00, 0x00, 0x3E, 0x00, 0x00, 0x66, 0x00, 0x00, 0x02, 0x00, 0x1E, 0x00, 0x78, 0x1F, 0x00,
    0x7C, 0x33, 0x00, 0xCC, 0x00, 0x00, 0x00, 0x00, 0x00, 0x00, 0x00, 0x00, 0x00, 0x78, 0x00, 0x0E,
    0xFC, 0x00, 0x1F, 0xCC, 0x00, 0x1B, 0x00, 0x00, 0x00, 0x00, 0x00, 0x00, 0x00, 0x00, 0x00, 0x00,
    0x00, 0x00, 0x1E, 0x00, 0x78, 0x3F, 0x00, 0xFC, 0x33, 0x00, 0xCC, 0x00, 0x3C, 0x00, 0x00, 0x3E,
    0x00, 0x00, 0x66, 0x00, 0x00, 0x18, 0x00, 0x00, 0x30, 0x00, 0x00, 0xE0, 0x00, 0xC1, 0xC0, 0x01,
    0x83, 0x01, 0x83, 0x80, 0x0F, 0x03, 0x80, 0x38, 0x06, 0x00, 0x20, 0x00, 0x00, 0x00, 0x00, 0x00,
    0x02, 0x00, 0x00, 0x47, 0x80, 0x00, 0xE7, 0x00, 0x01, 0xE2, 0x00, 0x00, 0x40, 0x00, 0x00, 0x00,
    0x00, 0x00, 0x00, 0x00, 0x40, 0x1C, 0x01, 0xC0, 0x78, 0x01, 0x81, 0xE0, 0xC3, 0x80, 0x03, 0x83,
    0x00, 0x07, 0x00, 0x00, 0x0C, 0x00, 0x00, 0x18, 0x00, 0x30, 0xC0, 0x73, 0x80, 0xFF, 0x00, 0xFC,
    0x00, 0x00, 0x18, 0x0E, 0x30, 0x3C, 0x60, 0x78, 0xC1, 0xF1, 0x83, 0x63, 0x0E, 0xC6, 0x39, 0x8C,
    0x73, 0x19, 0xC6, 0x33, 0x8C, 0x6E, 0x18, 0xD8, 0x31, 0xF0, 0x63, 0xC0, 0xC7, 0x81, 0xEE, 0x03,
    0xC0, 0x03, 0x80, 0x07, 0x00, 0x1C, 0x00, 0x38, 0x61, 0x87, 0x18, 0x3F, 0x83, 0xF0, 0x00, 0x0C,
    0x1C, 0xC3, 0xCC, 0x3C, 0xC7, 0xCC, 0xEC, 0xCC, 0xCD, 0xCC, 0xD8, 0xCF, 0x8C, 0xF0, 0xCF, 0x0F,
    0xE0, 0xF0, 0x07, 0x00, 0x70, 0x06, 0x00, 0xE0, 0x60, 0x0C, 0x03, 0xF8, 0x7F, 0x06, 0x00, 0xC0,
    0x18, 0x03, 0xFC, 0x7F, 0xCC, 0x1D, 0x81, 0xB0, 0x36, 0x0E, 0xC1, 0xDF, 0xF3, 0xFC, 0x60, 0x0C,
    0x01, 0x80, 0x7F, 0x0F, 0xE0, 0xC0, 0x18, 0x03, 0x00, 0x60, 0x0C, 0x01, 0xFF, 0x3F, 0xF6, 0x0E,
    0xC0, 0xD8, 0x3B, 0xFF, 0x7F, 0xC0, 0xFF, 0x3F, 0xEC, 0x3F, 0x07, 0xC0, 0xF0, 0x3C, 0xDF, 0x3F,
    0xFF, 0xBF, 0xCC, 0x3B, 0x06, 0xC0, 0x30, 0x0C, 0x03, 0x00, 0xDF, 0x3F, 0xEE, 0x1F, 0x87, 0xC0,
    0xF0, 0x3C, 0x0F, 0x03, 0xE7, 0xF9, 0xFF, 0xFB, 0x7E, 0xC1, 0xB0, 0x2C, 0x03, 0x00, 0xC0, 0x00,
    0x01, 0x80, 0xC0, 0x7F, 0xFF, 0xFE, 0x03, 0x01, 0x80, 0xC0, 0x60, 0x30, 0x18, 0x0C, 0x06, 0x03,
    0x01, 0x80, 0xC0, 0x60, 0x30, 0x00, 0x06, 0x0C, 0x18, 0x3F, 0xFF, 0xF0, 0x60, 0xC1, 0x83, 0x06,
    0x0C, 0x18, 0x30, 0x60, 0x7F, 0xDF, 0xF6, 0x01, 0x80, 0x60, 0x18, 0x06, 0x03, 0xFC, 0xFF, 0x18,
    0x06, 0x01, 0x80, 0x60, 0x18, 0x06, 0x01, 0x80, 0x7F, 0xBF, 0xD8, 0x0C, 0x06, 0x07, 0xF3, 0xF8,
    0xC0, 0x60, 0x30, 0x18, 0x0C, 0x00, 0xFF, 0x9F, 0xF3, 0x00, 0x60, 0x0C, 0x01, 0x80, 0x30, 0x07,
    0xF8, 0xFF, 0x98, 0x7B, 0x03, 0xE0, 0x7C, 0x0F, 0x80, 0xF0, 0x1E, 0x03, 0x00, 0xE0, 0x1C, 0x07,
    0x1F, 0xE3, 0xF0, 0xFE, 0x7F, 0x30, 0x18, 0x0C, 0x07, 0xF3, 0xFD, 0x8F, 0xC3, 0xE1, 0xF0, 0x78,
    0x30, 0x18, 0x1C, 0x0E, 0xFE, 0x3E, 0x00, 0xE0, 0xC1, 0xCE, 0x18, 0x70, 0xE3, 0x1E, 0x1C, 0x63,
    0x81, 0xCC, 0xE0, 0x1D, 0xB8, 0x01, 0xFE, 0x00, 0x3F, 0xC0, 0x07, 0xF8, 0x01, 0xDB, 0x80, 0x3B,
    0x70, 0x0E, 0x67, 0x03, 0x8C, 0x70, 0xE1, 0x87, 0x1C, 0x30, 0xFF, 0x06, 0x0F, 0x00, 0x00, 0x60,
    0x00, 0x0C, 0x00, 0x01, 0x80, 0x00, 0x30, 0xE1, 0x8E, 0x71, 0x9C, 0x39, 0x98, 0x1D, 0xB8, 0x0D,
    0xF0, 0x0F, 0xE0, 0x0F, 0xF0, 0x1D, 0xB0, 0x39, 0xB8, 0x39, 0x9C, 0x71, 0x8F, 0xE1, 0x8F, 0x00,
    0x03, 0x00, 0x03, 0x00, 0x03, 0x00, 0x03, 0xFF, 0x3F, 0xEC, 0x1C, 0x07, 0x00, 0xC0, 0x70, 0x3C,
    0xFE, 0x7F, 0x80, 0xF0, 0x1C, 0x03, 0x00, 0xE0, 0x7F, 0xFB, 0xFC, 0x0C, 0x03, 0x80, 0x60, 0x78,
    0x1E, 0x00, 0x7F, 0x7F, 0xD0, 0xE0, 0x30, 0x39, 0xFC, 0xFC, 0x0F, 0x01, 0x81, 0xFF, 0xFF, 0xE0,
    0xC0, 0x70, 0x18, 0x3C, 0x1E, 0x00, 0xC0, 0xEC, 0x1C, 0xC3, 0x8C, 0x70, 0xCE, 0x0D, 0xE0, 0xDC,
    0x0F, 0x80, 0xF8, 0x0D, 0xC0, 0xCE, 0x0C, 0xF0, 0xC7, 0x8C, 0x38, 0xC1, 0xFC, 0x0F, 0x00, 0x30,
    0x03, 0x00, 0x30, 0x03, 0xC3, 0xB1, 0xCC, 0xE3, 0x70, 0xDC, 0x3E, 0x0F, 0x83, 0x70, 0xCE, 0x33,
    0xCC, 0x7F, 0x0F, 0x00, 0xC0, 0x30, 0x0C, 0x03, 0xC1, 0xD8, 0x73, 0x0E, 0x7B, 0x8F, 0xE1, 0xF8,
    0x3E, 0x07, 0xC0, 0xF8, 0x1F, 0x03, 0xF0, 0x7F, 0x0F, 0x71, 0x87, 0x30, 0x76, 0x0E, 0xC3, 0xB7,
    0xCD, 0xF3, 0x78, 0xDC, 0x3E, 0x0F, 0x83, 0x70, 0xDE, 0x37, 0xCD, 0xBB, 0x07, 0x30, 0x39, 0x83,
    0xBF, 0x19, 0xF9, 0xC3, 0x1C, 0x18, 0xC0, 0xCE, 0x07, 0xE0, 0x3F, 0x81, 0x9C, 0x0C, 0x70, 0x61,
    0xC3, 0x0E, 0x18, 0x38, 0xC1, 0xC6, 0x07, 0x60, 0x0C, 0x03, 0xF8, 0x7F, 0x06, 0x00, 0xC3, 0x98,
    0xE3, 0x38, 0x66, 0x0D, 0xC1, 0xF0, 0x3E, 0x06, 0xE0, 0xCE, 0x18, 0xE3, 0x1E, 0x61, 0xC0, 0xFC,
    0x0F, 0xF8, 0x38, 0x30, 0xE0, 0x63, 0x80, 0xCE, 0x01, 0xB8, 0x03, 0xF0, 0x07, 0xC0, 0x0F, 0x80,
    0x1B, 0x80, 0x33, 0x80, 0x63, 0x80, 0xC7, 0x81, 0x87, 0x03, 0x07, 0x06, 0x07, 0xFC, 0x3B, 0xF1,
    0xC0, 0xCE, 0x03, 0x70, 0x0D, 0x80, 0x3E, 0x00, 0xF8, 0x03, 0x70, 0x0C, 0xE0, 0x33, 0x80, 0xC7,
    0x03, 0x0E, 0xC0, 0x66, 0x03, 0x30, 0x19, 0x80, 0xCC, 0x06, 0x60, 0x33, 0x01, 0x9F, 0xFC, 0xFF,
    0xE6, 0x03, 0x30, 0x19, 0x80, 0xCC, 0x06, 0x60, 0x33, 0x01, 0xF8, 0x0F, 0x00, 0x18, 0x00, 0xC0,
    0x06, 0x00, 0x30, 0xC0, 0xD8, 0x1B, 0x03, 0x60, 0x6C, 0x0D, 0xFF, 0xBF, 0xF6, 0x06, 0xC0, 0xD8,
    0x1B, 0x03, 0xE0, 0x70, 0x06, 0x00, 0xC0, 0x18, 0x03, 0xC0, 0x7F, 0x80, 0xFF, 0x01, 0x86, 0x03,
    0x0C, 0x06, 0x18, 0x0C, 0x30, 0x18, 0x7F, 0xF0, 0xFF, 0xE1, 0x80, 0xC3, 0x01, 0x86, 0x03, 0x0C,
    0x06, 0x18, 0x0C, 0x30, 0x18, 0x60, 0x30, 0xC0, 0xFF, 0x03, 0xFC, 0x0C, 0x30, 0x30, 0xC0, 0xC3,
    0xFF, 0x0F, 0xFC, 0x30, 0x30, 0xC0, 0xC3, 0x03, 0x0C, 0x0C, 0x30, 0x30, 0xFF, 0xE0, 0x1F, 0xFC,
    0x03, 0x01, 0x80, 0x60, 0x30, 0x0C, 0x06, 0x01, 0x80, 0xC0, 0x30, 0x18, 0x06, 0x03, 0xF8, 0xC0,
    0x7F, 0xD8, 0x0C, 0x3B, 0x01, 0x83, 0xE0, 0x30, 0x7C, 0x06, 0x07, 0x80, 0xC0, 0xF0, 0x18, 0x1E,
    0x03, 0x03, 0x00, 0x00, 0xE0, 0x00, 0x1C, 0x00, 0x07, 0x00, 0x0F, 0xE0, 0x01, 0xF8, 0xFF, 0x80,
    0xFF, 0x80, 0xC1, 0x80, 0xC1, 0x80, 0xC1, 0x80, 0xC1, 0xFC, 0xC1, 0xFE, 0xC1, 0x8F, 0xC1, 0x87,
    0xC1, 0x87, 0xC1, 0x83, 0xC1, 0x83, 0x00, 0x03, 0x00, 0x07, 0x00, 0x07, 0x00, 0x7E, 0x00, 0x7C,
    0x1F, 0x80, 0xFE, 0x07, 0x00, 0x38, 0x7C, 0xE1, 0xFB, 0x8E, 0x7C, 0x39, 0xF0, 0xC3, 0xC3, 0x0F,
    0x0C, 0x3E, 0x39, 0xF8, 0xE7, 0x63, 0xB9, 0xE7, 0xE3, 0xFF, 0x07, 0xFF, 0x00, 0x3C, 0x3E, 0x07,
    0xE0, 0xE3, 0xCE, 0x7E, 0xC7, 0xEC, 0x66, 0xC6, 0x6C, 0x66, 0xE7, 0xEF, 0x7C, 0x7F, 0xF3, 0xFF,
    0x1F, 0xE3, 0xFE, 0x78, 0x27, 0x00, 0xE0, 0x0E, 0x00, 0xC0, 0x0C, 0x00, 0xC0, 0x0C, 0x00, 0xE0,
    0x0E, 0x00, 0xF0, 0x07, 0x80, 0x3F, 0xE1, 0xFE, 0x06, 0x00, 0x70, 0x03, 0x00, 0xF0, 0x0F, 0x00,
    0x3F, 0x3F, 0xB8, 0x1C, 0x0C, 0x06, 0x03, 0x01, 0x80, 0xE0, 0x70, 0x1F, 0xC7, 0xE0, 0xC0, 0x70,
    0x18, 0x3C, 0x1E, 0x00, 0xFF, 0xFF, 0xFC, 0x18, 0x03, 0x00, 0x60, 0x0C, 0x01, 0x80, 0x30, 0x06,
    0x00, 0xC0, 0x18, 0x03, 0x00, 0x60, 0x0C, 0x01, 0xC0, 0x38, 0x01, 0x00, 0x20, 0x04, 0x00, 0x80,
    0xFF, 0xFF, 0xC6, 0x03, 0x01, 0x80, 0xC0, 0x60, 0x30, 0x18, 0x0C, 0x07, 0x83, 0xC0, 0x60, 0x30,
    0x18, 0x0C, 0xE0, 0x7E, 0x07, 0x70, 0xE7, 0x0E, 0x39, 0xC3, 0x9C, 0x1F, 0x81, 0xF0, 0x0F, 0x00,
    0xE0, 0x06, 0x00, 0x60, 0x06, 0x00, 0x60, 0x06, 0x00, 0x60, 0xE0, 0x76, 0x0E, 0x70, 0xE3, 0x0C,
    0x39, 0xC3, 0x9C, 0x19, 0x81, 0xF8, 0x1F, 0x80, 0xF0, 0x0F, 0x00, 0x60, 0x06, 0x00, 0x60, 0x06,
    0x00, 0x60, 0x06, 0x00, 0xE0, 0x7E, 0x07, 0x70, 0xE7, 0x0E, 0x39, 0xC1, 0x9C, 0x1F, 0x80, 0xF0,
    0x0F, 0x00, 0x60, 0x3F, 0xC3, 0xFC, 0x06, 0x00, 0x60, 0x06, 0x00, 0x60, 0xE0, 0x76, 0x06, 0x70,
    0xE7, 0x0E, 0x30, 0xC3, 0x9C, 0x19, 0x81, 0xF8, 0x1F, 0x80, 0xF0, 0x0F, 0x03, 0xFC, 0x3F, 0xC3,
    0xFC, 0x06, 0x00, 0x60, 0x06, 0x00, 0xE0, 0x73, 0x87, 0x1C, 0x38, 0x73, 0x81, 0xD8, 0x0F, 0xC0,
    0x3C, 0x01, 0xE0, 0x0F, 0x00, 0xFC, 0x07, 0x60, 0x73, 0x83, 0x0E, 0x38, 0x71, 0x81, 0xFC, 0x0F,
    0x00, 0x18, 0x00, 0xC0, 0x06, 0x00, 0x30, 0x70, 0xE3, 0x8E, 0x39, 0xC1, 0xF8, 0x0F, 0x00, 0xF0,
    0x0F, 0x01, 0xF8, 0x1D, 0xC3, 0x9C, 0x30, 0xF7, 0x0F, 0x00, 0x30, 0x03, 0x00, 0x30, 0x03, 0xFF,
    0xE6, 0x7F, 0xF3, 0x03, 0x01, 0x81, 0x80, 0xC0, 0xC0, 0x60, 0x60, 0x30, 0x30, 0x18, 0x18, 0x0C,
    0x0C, 0x06, 0x06, 0x03, 0x03, 0x01, 0x81, 0x80, 0xC0, 0xC0, 0x60, 0x60, 0x30, 0x3F, 0xFE, 0x1F,
    0xFF, 0x00, 0x01, 0x80, 0x00, 0xC0, 0x00, 0x60, 0x00, 0x30, 0xFF, 0x9B, 0xFE, 0x61, 0x81, 0x86,
    0x06, 0x18, 0x18, 0x60, 0x61, 0x81, 0x86, 0x06, 0x18, 0x18, 0x60, 0x61, 0xFF, 0xC7, 0xFF, 0x00,
    0x0C, 0x00, 0x30, 0x00, 0xC0, 0x03, 0x00, 0x0C, 0xC0, 0x66, 0x03, 0x30, 0x19, 0x80, 0xCC, 0x06,
    0x60, 0x33, 0x01, 0x98, 0x0C, 0xF3, 0xE3, 0xFF, 0x0F, 0xD8, 0x00, 0xC0, 0x06, 0x00, 0x30, 0x01,
    0xE0, 0x0F, 0x00, 0x18, 0x00, 0xC0, 0x06, 0x00, 0x30, 0xC0, 0xD8, 0x1B, 0x03, 0x60, 0x6C, 0x0D,
    0xC7, 0xBF, 0xF3, 0xF6, 0x00, 0xC0, 0x18, 0x03, 0x80, 0x70, 0x06, 0x00, 0xC0, 0x18, 0x03, 0xC0,
    0x78, 0x0F, 0x01, 0xE0, 0x3C, 0x07, 0x98, 0xF3, 0x1F, 0x63, 0xFF, 0xEF, 0xFC, 0xFD, 0x86, 0x30,
    0xC6, 0x18, 0xC0, 0x18, 0x03, 0xC1, 0xE0, 0xF0, 0x7B, 0x3D, 0x9F, 0xDF, 0xFE, 0xFB, 0x19, 0x8C,
    0xC0, 0x60, 0x30, 0xC0, 0x18, 0x03, 0x00, 0x60, 0x0C, 0x01, 0x80, 0x3F, 0xF7, 0xFF, 0xE0, 0xF8,
    0x0F, 0x01, 0xE0, 0x3C, 0x07, 0x80, 0xF0, 0x1E, 0x03, 0xC0, 0x30, 0x0C, 0x03, 0x00, 0xC0, 0x37,
    0xEF, 0xFF, 0x87, 0xE0, 0xF0, 0x3C, 0x0F, 0x03, 0xC0, 0xF0, 0x3C, 0x0F, 0x03, 0xC0, 0xC0, 0x03,
    0xF8, 0x07, 0xFC, 0x0F, 0x0E, 0x0C, 0x07, 0xDC, 0x07, 0xDC, 0x03, 0xD8, 0x03, 0xFF, 0xFF, 0x7F,
    0xFF, 0x18, 0x00, 0x1C, 0x00, 0x1C, 0x00, 0x1C, 0x00, 0x0F, 0x02, 0x07, 0xFE, 0x03, 0xFE, 0x07,
    0xC0, 0xFE, 0xDC, 0x7D, 0xC7, 0xF8, 0x3F, 0xFF, 0x7F, 0xF1, 0x80, 0x1C, 0x01, 0xC0, 0x0F, 0xF0,
    0x7F, 0x03, 0xF8, 0x07, 0xFC, 0x0F, 0x0E, 0x0C, 0x07, 0xDC, 0x07, 0xDC, 0x03, 0xD8, 0x03, 0xFF,
    0xFF, 0x7F, 0xFF, 0x18, 0x00, 0x1C, 0x00, 0x1C, 0x00, 0x1C, 0x00, 0x0F, 0x02, 0x07, 0xFE, 0x03,
    0xFE, 0x00, 0x60, 0x00, 0x60, 0x00, 0x60, 0x00, 0x60, 0x07, 0xC0, 0xFE, 0xDC, 0x7D, 0xC7, 0xF8,
    0x3F, 0xFF, 0x7F, 0xF1, 0x80, 0x1C, 0x01, 0xC0, 0x0F, 0xF0, 0x7F, 0x01, 0x80, 0x18, 0x01, 0x80,
    0x18, 0xFF, 0xCC, 0x63, 0x18, 0xC6, 0x31, 0x8C, 0x63, 0x1B, 0xFF, 0x03, 0x38, 0x00, 0x7F, 0x00,
    0x07, 0xC0, 0x00, 0x00, 0x0E, 0x0C, 0x0C, 0xE1, 0x83, 0x8C, 0x30, 0xE1, 0xC6, 0x1C, 0x1C, 0xC7,
    0x03, 0x98, 0xC0, 0x3B, 0x38, 0x03, 0xFE, 0x00, 0xFF, 0xE0, 0x1D, 0x9C, 0x07, 0x31, 0xC1, 0xC6,
    0x38, 0x38, 0xC3, 0x8E, 0x18, 0x39, 0xC3, 0x07, 0x70, 0x60, 0x70, 0x06, 0x60, 0x06, 0x60, 0x07,
    0xE0, 0x03, 0xC0, 0x00, 0x00, 0xE1, 0x87, 0x71, 0x8E, 0x31, 0x8C, 0x39, 0x9C, 0x1D, 0xB8, 0x0F,
    0xF0, 0x1F, 0xF8, 0x19, 0xB8, 0x39, 0x9C, 0x71, 0x8E, 0x71, 0x8E, 0xE1, 0x87, 0xC1, 0xD8, 0x73,
    0x1C, 0x63, 0x8C, 0xE1, 0xB8, 0x3E, 0x07, 0xF8, 0xFF, 0xD8, 0x3B, 0x03, 0xE0, 0x7C, 0x07, 0x80,
    0xF0, 0x1E, 0x03, 0x00, 0xE0, 0x1C, 0x07, 0x1F, 0xE1, 0xF8, 0xC3, 0xE3, 0xB3, 0x9B, 0x8F, 0x87,
    0xF3, 0xFD, 0x8F, 0xC3, 0xE0, 0xF0, 0x78, 0x30, 0x18, 0x1C, 0x0E, 0x7E, 0x3E, 0x00, 0x0F, 0xF8,
    0x1F, 0xF0, 0x30, 0x60, 0x60, 0xC0, 0xC1, 0x81, 0x83, 0x07, 0x06, 0x0E, 0x0C, 0x1C, 0x18, 0x38,
    0x30, 0x60, 0x60, 0xC0, 0xC3, 0x81, 0x87, 0x03, 0x3C, 0x07, 0xF8, 0x0F, 0x00, 0x0E, 0x00, 0x18,
    0x00, 0x30, 0x00, 0xE0, 0x0F, 0xE0, 0xFF, 0x07, 0x18, 0x38, 0xC1, 0xC6, 0x0E, 0x30, 0x61, 0x83,
    0x0C, 0x38, 0x61, 0xC3, 0x3C, 0x1F, 0xE0, 0xF0, 0x03, 0x80, 0x1C, 0x00, 0xC0, 0x0E, 0x00, 0x70,
    0xC0, 0x78, 0x0F, 0x01, 0xE0, 0x3C, 0x07, 0x80, 0xFF, 0xFF, 0xFF, 0xC0, 0x78, 0x0F, 0x01, 0xE0,
    0x3C, 0x07, 0x80, 0xF0, 0x1E, 0x03, 0x00, 0xE0, 0x1C, 0x07, 0x0F, 0xE1, 0xF8, 0xC0, 0xF0, 0x3C,
    0x0F, 0x03, 0xC0, 0xFF, 0xFF, 0xFF, 0x03, 0xC0, 0xF0, 0x3C, 0x0F, 0x03, 0x00, 0xC0, 0x70, 0x1C,
    0x7E, 0x1F, 0x00, 0xC0, 0x63, 0x01, 0x8C, 0x06, 0x30, 0x18, 0xC0, 0x63, 0x01, 0x8C, 0x06, 0x3F,
    0xF8, 0xFF, 0xE3, 0x01, 0x8C, 0x06, 0x30, 0x18, 0xC0, 0x63, 0x01, 0x8C, 0x07, 0xB0, 0x1E, 0x00,
    0x38, 0x00, 0xE0, 0x03, 0x00, 0x1C, 0xC0, 0xCC, 0x0C, 0xC0, 0xCC, 0x0C, 0xC0, 0xCF, 0xFC, 0xFF,
    0xCC, 0x0C, 0xC0, 0xCC, 0x0C, 0xC0, 0xFC, 0x0F, 0x00, 0x70, 0x06, 0x00, 0x60, 0x0E, 0xC0, 0x78,
    0x0F, 0x01, 0xE0, 0x3C, 0x07, 0x80, 0xF0, 0x1E, 0x03, 0xF3, 0xEF, 0xFC, 0xFD, 0x80, 0x30, 0x06,
    0x00, 0xC0, 0x78, 0x0F, 0x01, 0x80, 0x30, 0x06, 0x00, 0xC0, 0xC0, 0xF0, 0x3C, 0x0F, 0x03, 0xC0,
    0xF8, 0xFF, 0xFD, 0xFB, 0x00, 0xC0, 0x30, 0x3C, 0x0F, 0x03, 0x00, 0xC0, 0x30, 0x0C, 0xF0, 0x0E,
    0x78, 0x0F, 0x3C, 0x07, 0x9F, 0x07, 0xCF, 0x83, 0x66, 0xC1, 0xB3, 0x71, 0xD9, 0xB8, 0xCC, 0xCC,
    0x66, 0x67, 0x73, 0x33, 0xB1, 0x98, 0xD8, 0xCC, 0x7C, 0x66, 0x3C, 0x33, 0x0E, 0x1F, 0x87, 0x0F,
    0x00, 0x03, 0x80, 0x01, 0x80, 0x01, 0xC0, 0x00, 0xE0, 0xE0, 0x73, 0xC3, 0xCF, 0x0F, 0x3C, 0x3C,
    0xF9, 0xF3, 0x66, 0xCD, 0x9B, 0x37, 0xEC, 0xCF, 0x33, 0x3C, 0xCC, 0xF3, 0xF1, 0x8F, 0x00, 0x1C,
    0x00, 0x70, 0x01, 0x80, 0x0E, 0xFF, 0xCC, 0x63, 0x18, 0xC6, 0x31, 0x8C, 0x63, 0x1B, 0xFF, 0x1C,
    0xC0, 0x7F, 0x00, 0xF8, 0x00, 0x00, 0x07, 0x00, 0x1C, 0x00, 0x78, 0x03, 0xE0, 0x0D, 0xC0, 0x77,
    0x01, 0xCC, 0x06, 0x38, 0x38, 0xE0, 0xFF, 0x83, 0xFF, 0x1C, 0x1C, 0x70, 0x31, 0x80, 0xEE, 0x03,
    0xB0, 0x06, 0x33, 0x19, 0x8F, 0xC3, 0xC0, 0x01, 0xF9, 0xFE, 0x47, 0x01, 0x80, 0xDF, 0xFF, 0xFE,
    0x1E, 0x0F, 0x0F, 0xFF, 0x7D, 0x80, 0x0C, 0xC0, 0x33, 0x00, 0x00, 0x00, 0x00, 0x03, 0x00, 0x1E,
    0x00, 0x78, 0x03, 0xF0, 0x0F, 0xC0, 0x33, 0x01, 0xCE, 0x07, 0x38, 0x18, 0x60, 0xFF, 0xC3, 0xFF,
    0x0C, 0x0C, 0x70, 0x39, 0x80, 0xEE, 0x01, 0xF8, 0x07, 0x33, 0x19, 0x80, 0x00, 0x03, 0xF3, 0xFD,
    0x8E, 0x03, 0x01, 0xBF, 0xFF, 0xFC, 0x3C, 0x1F, 0x1F, 0xFE, 0xFB, 0x01, 0xFF, 0xC0, 0x7F, 0xF0,
    0x3B, 0x00, 0x0C, 0xC0, 0x07, 0x30, 0x01, 0xCC, 0x00, 0xE3, 0x00, 0x38, 0xFF, 0x0C, 0x3F, 0xC7,
    0xFC, 0x01, 0xFF, 0x00, 0xE0, 0xC0, 0x38, 0x30, 0x1C, 0x0C, 0x07, 0x03, 0xFF, 0x80, 0xFF, 0x7F,
    0x7C, 0x7F, 0xFE, 0x43, 0xC7, 0x01, 0x83, 0x3F, 0xFF, 0x7F, 0xFF, 0xF1, 0x80, 0xC1, 0x80, 0xC3,
    0xC0, 0xE3, 0xC1, 0xFF, 0xFF, 0x7C, 0x7F, 0x67, 0x3F, 0x8F, 0x80, 0x0F, 0xFF, 0xFF, 0x01, 0x80,
    0xC0, 0x60, 0x30, 0x1F, 0xEF, 0xF6, 0x03, 0x01, 0x80, 0xC0, 0x60, 0x3F, 0xFF, 0xF0, 0x31, 0x8E,
    0xE3, 0xF0, 0x78, 0x00, 0x0F, 0xC7, 0xFB, 0x87, 0xE1, 0xF0, 0x3F, 0xFF, 0xFF, 0xC0, 0x38, 0x0F,
    0x05, 0xFF, 0x3F, 0xC0, 0x7F, 0xC3, 0xFF, 0x10, 0x3C, 0x00, 0xE0, 0x03, 0x80, 0x1C, 0x00, 0x7F,
    0xFF, 0xFF, 0xFE, 0x00, 0xF0, 0x0F, 0xC0, 0x7E, 0x03, 0x38, 0x78, 0xFF, 0x83, 0xF8, 0xFF, 0x3F,
    0xE8, 0x3C, 0x07, 0x00, 0xFF, 0xFF, 0xFF, 0x03, 0xE1, 0xF8, 0xF7, 0xF8, 0xFC, 0x19, 0x80, 0xCC,
    0x00, 0x00, 0x00, 0x07, 0xFC, 0x3F, 0xF1, 0x03, 0xC0, 0x0E, 0x00, 0x38, 0x01, 0xC0, 0x07, 0xFF,
    0xFF, 0xFF, 0xE0, 0x0F, 0x00, 0xFC, 0x07, 0xE0, 0x33, 0x87, 0x8F, 0xF8, 0x3F, 0x80, 0x33, 0x0C,
    0xC0, 0x00, 0x00, 0xFF, 0x3F, 0xE0, 0x3C, 0x07, 0x00, 0xFF, 0xFF, 0xFF, 0x03, 0xE1, 0xF8, 0xF7,
    0xF8, 0xFC, 0x03, 0x30, 0x00, 0x66, 0x00, 0x00, 0x00, 0x00, 0x00, 0x0E, 0x0C, 0x0C, 0xE1, 0x83,
    0x8C, 0x30, 0xE1, 0xC6, 0x1C, 0x1C, 0xC7, 0x03, 0x98, 0xC0, 0x3B, 0x38, 0x03, 0xFE, 0x00, 0xFF,
    0xE0, 0x1D, 0x9C, 0x07, 0x31, 0xC1, 0xC6, 0x38, 0x38, 0xC3, 0x8E, 0x18, 0x39, 0xC3, 0x07, 0x70,
    0x60, 0x70, 0x06, 0x60, 0x06, 0x60, 0x00, 0x00, 0x00, 0x00, 0xE1, 0x8E, 0x71, 0x8E, 0x31, 0x9C,
    0x39, 0x98, 0x1D, 0xB8, 0x0F, 0xF0, 0x1F, 0xF0, 0x19, 0xB8, 0x39, 0x9C, 0x71, 0x8C, 0x71, 0x8E,
    0xE1, 0x86, 0x33, 0x0C, 0xC0, 0x00, 0x00, 0x7F, 0x3F, 0xF4, 0x1C, 0x03, 0x00, 0xC0, 0x70, 0x38,
    0xFC, 0x3F, 0x80, 0x70, 0x0C, 0x03, 0x00, 0xE0, 0x7F, 0xFB, 0xFC, 0x66, 0x66, 0x00, 0x00, 0xFE,
    0xFF, 0x87, 0x03, 0x0F, 0x7E, 0x7F, 0x07, 0x03, 0x87, 0xFF, 0xFE, 0x7F, 0xCF, 0xF8, 0x07, 0x01,
    0xC0, 0x70, 0x1C, 0x07, 0x00, 0xFC, 0x1F, 0xC0, 0x3C, 0x03, 0x80, 0x30, 0x0F, 0x83, 0xFF, 0xF7,
    0xFC, 0x7F, 0xDF, 0xF0, 0x38, 0x1E, 0x0F, 0x03, 0x81, 0xC0, 0xFC, 0x3F, 0x80, 0xF0, 0x1C, 0x03,
    0x00, 0xC0, 0x78, 0x3F, 0xFE, 0xFF, 0x00, 0x1F, 0x81, 0xF8, 0x00, 0x0C, 0x07, 0xC0, 0xFC, 0x0F,
    0xC1, 0xFC, 0x1B, 0xC3, 0xBC, 0x73, 0xC7, 0x3C, 0xE3, 0xCC, 0x3D, 0xC3, 0xF8, 0x3F, 0x83, 0xF0,
    0x3E, 0x03, 0xE0, 0x30, 0x3F, 0x1F, 0x80, 0x18, 0x7C, 0x3E, 0x3F, 0x1F, 0x9B, 0xCD, 0xEC, 0xF6,
    0x7F, 0x3F, 0x1F, 0x8F, 0x86, 0x19, 0x81, 0x98, 0x00, 0x00, 0x00, 0xC0, 0x7C, 0x0F, 0xC0, 0xFC,
    0x1F, 0xC1, 0xBC, 0x3B, 0xC7, 0x3C, 0x73, 0xCE, 0x3C, 0xC3, 0xDC, 0x3F, 0x83, 0xF8, 0x3F, 0x03,
    0xE0, 0x3E, 0x03, 0x33, 0x19, 0x80, 0x00, 0x0C, 0x3E, 0x1F, 0x1F, 0x8F, 0xCD, 0xE6, 0xF6, 0x7B,
    0x3F, 0x9F, 0x8F, 0xC7, 0xC3, 0x0C, 0xC0, 0x33, 0x00, 0x00, 0x00, 0x00, 0x1F, 0xE0, 0xFF, 0xC7,
    0x87, 0x98, 0x0E, 0xE0, 0x1F, 0x80, 0x7C, 0x00, 0xF0, 0x03, 0xC0, 0x0F, 0x00, 0x3E, 0x01, 0xF8,
    0x07, 0x60, 0x39, 0xE1, 0xE3, 0xFF, 0x07, 0xF8, 0x33, 0x0C, 0xC0, 0x00, 0x00, 0x3F, 0x1F, 0xEE,
    0x1F, 0x87, 0xC0, 0xF0, 0x3C, 0x0F, 0x03, 0xE1, 0xF8, 0x77, 0xF8, 0xFC, 0x1F, 0xE0, 0xFF, 0xC7,
    0x87, 0x98, 0x06, 0xE0, 0x1F, 0x80, 0x7C, 0x00, 0xFF, 0xFF, 0xFF, 0xFF, 0x00, 0x3E, 0x01, 0xF8,
    0x07, 0x60, 0x19, 0xE1, 0xE3, 0xFF, 0x07, 0xF8, 0x3F, 0x1F, 0xEE, 0x1F, 0x87, 0xC0, 0xFF, 0xFF,
    0xFF, 0x03, 0xE1, 0xF8, 0x77, 0xF8, 0xFC, 0x0C, 0xC0, 0x33, 0x00, 0x00, 0x00, 0x00, 0x1F, 0xE0,
    0xFF, 0xC7, 0x87, 0x98, 0x06, 0xE0, 0x1F, 0x80, 0x7C, 0x00, 0xFF, 0xFF, 0xFF, 0xFF, 0x00, 0x3E,
    0x01, 0xF8, 0x07, 0x60, 0x19, 0xE1, 0xE3, 0xFF, 0x07, 0xF8, 0x33, 0x0C, 0xC0, 0x00, 0x00, 0x3F,
    0x1F, 0xEE, 0x1F, 0x87, 0xC0, 0xFF, 0xFF, 0xFF, 0x03, 0xE1, 0xF8, 0x77, 0xF8, 0xFC, 0x33, 0x03,
    0x30, 0x00, 0x00, 0x00, 0xFF, 0x8F, 0xFC, 0x41, 0xE0, 0x0E, 0x00, 0x70, 0x07, 0x00, 0x33, 0xFF,
    0x3F, 0xF0, 0x03, 0x00, 0x70, 0x07, 0x00, 0xE8, 0x1E, 0xFF, 0xCF, 0xF0, 0x66, 0x33, 0x00, 0x00,
    0x0F, 0xE7, 0xF8, 0x1E, 0x07, 0x03, 0xBF, 0xDF, 0xE0, 0x70, 0x38, 0x3F, 0xFD, 0xFC, 0x0F, 0xC0,
    0x3F, 0x00, 0x00, 0x1C, 0x06, 0x70, 0x38, 0xC0, 0xE3, 0x83, 0x06, 0x1C, 0x1C, 0x60, 0x73, 0x80,
    0xEE, 0x03, 0xB0, 0x07, 0xC0, 0x1E, 0x00, 0x38, 0x00, 0xE0, 0x07, 0x00, 0xF8, 0x03, 0xE0, 0x00,
    0x1F, 0x81, 0xF8, 0x00, 0x06, 0x06, 0x70, 0xE7, 0x0E, 0x30, 0xC3, 0x9C, 0x39, 0xC1, 0x98, 0x1F,
    0x80, 0xF8, 0x0F, 0x00, 0xF0, 0x07, 0x00, 0x60, 0x0E, 0x00, 0xC0, 0x7C, 0x07, 0x80, 0x0C, 0xC0,
    0x33, 0x00, 0x00, 0x00, 0x00, 0xE0, 0x1D, 0xC0, 0xE7, 0x03, 0x8E, 0x0C, 0x38, 0x70, 0x71, 0x81,
    0xCE, 0x03, 0xB8, 0x0E, 0xC0, 0x1F, 0x00, 0x78, 0x00, 0xE0, 0x03, 0x00, 0x1C, 0x03, 0xE0, 0x0F,
    0x00, 0x19, 0x81, 0x98, 0x00, 0x00, 0x00, 0x60, 0x67, 0x0E, 0x70, 0xE3, 0x0C, 0x39, 0xC3, 0x9C,
    0x19, 0x81, 0xF8, 0x1F, 0x80, 0xF0, 0x0F, 0x00, 0x70, 0x06, 0x00, 0xE0, 0x0C, 0x07, 0xC0, 0x78,
    0x00, 0x03, 0xF0, 0x1D, 0xC0, 0x66, 0x03, 0xB0, 0x00, 0x03, 0x80, 0x67, 0x03, 0x9C, 0x0E, 0x38,
    0x70, 0xE1, 0xC1, 0x86, 0x07, 0x38, 0x0C, 0xC0, 0x3F, 0x00, 0x7C, 0x01, 0xE0, 0x07, 0x80, 0x0C,
    0x00, 0x70, 0x0F, 0x80, 0x3C, 0x00, 0x07, 0xE0, 0xEE, 0x0D, 0xC1, 0x98, 0x00, 0x06, 0x07, 0x70,
    0x67, 0x0E, 0x30, 0xE3, 0x9C, 0x19, 0xC1, 0x98, 0x1F, 0x80, 0xF8, 0x0F, 0x00, 0xF0, 0x07, 0x00,
    0x60, 0x0E, 0x00, 0xC0, 0x7C, 0x07, 0x80, 0x33, 0x0C, 0xC0, 0x00, 0x00, 0xC0, 0xF0, 0x3C, 0x0F,
    0x03, 0xC0, 0xF0, 0x3C, 0x0F, 0x87, 0xFF, 0xDF, 0xF0, 0x0C, 0x03, 0x00, 0xC0, 0x30, 0x0C, 0x03,
    0x33, 0x19, 0x80, 0x00, 0x0C, 0x1E, 0x0F, 0x07, 0x83, 0xC1, 0xF0, 0xFF, 0xEF, 0xF0, 0x18, 0x0C,
    0x06, 0x03, 0xFF, 0xFF, 0xF0, 0x18, 0x0C, 0x06, 0x03, 0x01, 0x80, 0xC0, 0x60, 0x30, 0x18, 0x0C,
    0x06, 0x03, 0xC1, 0xE0, 0x30, 0x18, 0x0C, 0x06, 0x00, 0xFF, 0xFF, 0x06, 0x0C, 0x18, 0x30, 0x60,
    0xC1, 0x83, 0xC7, 0x83, 0x06, 0x0C, 0x18, 0x0C, 0xC0, 0x33, 0x00, 0x00, 0x00, 0x00, 0xC0, 0x0F,
    0x00, 0x3C, 0x00, 0xF0, 0x03, 0xC0, 0x0F, 0x00, 0x3F, 0xE0, 0xFF, 0xE3, 0xC3, 0xCF, 0x07, 0x3C,
    0x0C, 0xF0, 0x33, 0xC1, 0xCF, 0x0F, 0x3F, 0xF8, 0xFF, 0xC3, 0x19, 0x81, 0x98, 0x00, 0x00, 0x00,
    0xC0, 0x3C, 0x03, 0xC0, 0x3C, 0x03, 0xFE, 0x3F, 0xF3, 0xC7, 0xBC, 0x1B, 0xC1, 0xBC, 0x3B, 0xFF,
    0xBF, 0xF3, 0x7F, 0xDF, 0xF6, 0x01, 0x80, 0x60, 0x18, 0x06, 0x03, 0xFC, 0xFF, 0x18, 0x06, 0x01,
    0x80, 0x60, 0x18, 0x07, 0x81, 0xE0, 0x18, 0x06, 0x03, 0x81, 0xE0, 0x70, 0x00, 0x7F, 0xBF, 0xD8,
    0x0C, 0x06, 0x07, 0xF3, 0xF8, 0xC0, 0x60, 0x30, 0x1E, 0x0F, 0x01, 0x80, 0xC0, 0xE0, 0xF0, 0x70,
    0x00, 0xE0, 0x73, 0x87, 0x1C, 0x38, 0x73, 0x81, 0xDC, 0x0F, 0xC0, 0x3C, 0x01, 0xE0, 0x0F, 0x00,
    0x7C, 0x07, 0xE0, 0x73, 0x83, 0x0C, 0x38, 0x71, 0x81, 0xFC, 0x0F, 0x00, 0x18, 0x00, 0xC0, 0x0E,
    0x00, 0xF0, 0x07, 0x00, 0x70, 0xE3, 0x8E, 0x39, 0xC1, 0xF8, 0x0F, 0x00, 0xF0, 0x0F, 0x01, 0xF8,
    0x1F, 0x83, 0x9C, 0x70, 0xF7, 0x0F, 0x00, 0x30, 0x03, 0x00, 0x70, 0x0F, 0x00, 0xE0, 0x70, 0x38,
    0xE0, 0xC3, 0x87, 0x07, 0x38, 0x1C, 0xE0, 0x3F, 0x00, 0x78, 0x0F, 0xFC, 0x3F, 0xF0, 0x3E, 0x00,
    0xFC, 0x07, 0x38, 0x18, 0xE0, 0xE1, 0xC7, 0x03, 0x9C, 0x0E, 0xE0, 0xEE, 0x38, 0xEE, 0x1D, 0xC1,
    0xF0, 0xFF, 0x9F, 0xF0, 0xF8, 0x3B, 0x8E, 0x39, 0xC7, 0x70, 0x70, 0x70, 0x39, 0xC1, 0xC7, 0x0C,
    0x1C, 0xE1, 0xF7, 0x1F, 0xF1, 0xCF, 0x0E, 0x38, 0x70, 0xC3, 0x07, 0x18, 0x1D, 0xC0, 0xF0, 0xFF,
    0x1F, 0xF0, 0x0E, 0x00, 0xC0, 0x18, 0x03, 0x00, 0x60, 0x0C, 0x01, 0x80, 0x33, 0xFF, 0xFF, 0xF0,
    0x78, 0xF8, 0x30, 0x60, 0xC1, 0x83, 0x06, 0x1C, 0x7F, 0xFF, 0x30, 0x00, 0xFF, 0xFF, 0xF0, 0x30,
    0x0C, 0x03, 0x00, 0xC0, 0x30, 0x0C, 0x03, 0x00, 0xC0, 0x30, 0x0C, 0xFF, 0xDF, 0xFC, 0x03, 0x80,
    0x30, 0x06, 0xC0, 0xD8, 0x1B, 0x03, 0x60, 0x6C, 0x0D, 0x81, 0xB0, 0x30, 0xFF, 0x33, 0x33, 0x33,
    0x33, 0x33, 0xFF, 0xF7, 0x1C, 0x61, 0x86, 0x1C, 0x71, 0xC7, 0x1C, 0x7F, 0xE7, 0xFF, 0x30, 0x73,
    0x03, 0x30, 0x33, 0x03, 0x30, 0x33, 0x03, 0x30, 0x33, 0x03, 0x30, 0x33, 0x03, 0xC7, 0xD8, 0xFB,
    0x03, 0xE0, 0x7C, 0x07, 0x80, 0xF0, 0x1F, 0x07, 0xE0, 0xFE, 0x39, 0xFF, 0x1F, 0xC0, 0xFF, 0x33,
    0x33, 0x30, 0x7F, 0x9F, 0xF0, 0x1C, 0x07, 0x00, 0xC0, 0x30, 0x0C, 0x03, 0x00, 0xC0, 0x30, 0x0C,
    0x03, 0x00, 0xC0, 0x30, 0x0C, 0x03, 0xFE, 0x7F, 0x81, 0xE0, 0x70, 0x38, 0x0C, 0x06, 0x07, 0x03,
    0x83, 0xFF, 0xDF, 0xC0, 0xC0, 0x30, 0x0C, 0x03, 0x00, 0xFF, 0xFF, 0xE0, 0x38, 0x0E, 0x03, 0x01,
    0xC0, 0x70, 0x18, 0x0E, 0x03, 0x80, 0xC0, 0x70, 0xFF, 0xEF, 0xFF, 0x30, 0x73, 0x03, 0x30, 0x33,
    0x03, 0x30, 0x33, 0x03, 0x30, 0x33, 0x03, 0x3F, 0xF3, 0xFF, 0x67, 0xE3, 0xFF, 0x9F, 0x1E, 0x70,
    0x73, 0x81, 0x9C, 0x0C, 0xE0, 0x66, 0x07, 0x30, 0x3B, 0x83, 0x9D, 0xFC, 0xEF, 0xC0, 0xFF, 0x33,
    0x33, 0x33, 0x33, 0x33, 0x33, 0x33, 0x79, 0xF0, 0xC3, 0x0C, 0x30, 0xC3, 0x0C, 0x3F, 0xFF, 0xFF,
    0xCF, 0xFE, 0x70, 0x77, 0x07, 0x60, 0x36, 0x03, 0x60, 0x36, 0x07, 0x70, 0x77, 0x0E, 0x3F, 0xE1,
    0xFC, 0x00, 0x0C, 0x0D, 0xC1, 0xB8, 0x37, 0x06, 0x60, 0xCE, 0x39, 0xC7, 0x38, 0xE3, 0x18, 0x6F,
    0x0F, 0xCF, 0xF1, 0xF0, 0x00, 0x00, 0x7F, 0x3F, 0xEE, 0x3F, 0x07, 0xC0, 0xF8, 0x3F, 0x0D, 0xC3,
    0x00, 0xC0, 0x30, 0x0C, 0x03, 0x00, 0xC0, 0x30, 0x0C, 0x03, 0x7F, 0x3F, 0xEE, 0x3F, 0x07, 0xC0,
    0xF8, 0x3F, 0x0D, 0xC7, 0x01, 0xC0, 0xEF, 0xFB, 0xF8, 0xE0, 0xCE, 0x19, 0xC7, 0x1C, 0xE3, 0x9C,
    0x37, 0x07, 0xC0, 0xF0, 0x0C, 0x01, 0xC0, 0x38, 0x03, 0x00, 0x70, 0x0E, 0x01, 0xC0, 0x18, 0xE1,
    0xDC, 0x77, 0x1C, 0xE7, 0x1F, 0x87, 0xE0, 0xF0, 0x18, 0x07, 0x00, 0xEF, 0xFB, 0xFE, 0xFF, 0xFF,
    0xFF, 0x00, 0x60, 0x0E, 0x60, 0xE6, 0x0C, 0x61, 0xC6, 0x1C, 0x61, 0x86, 0x38, 0x63, 0x86, 0x30,
    0x60, 0x06, 0x00, 0x60, 0x06, 0x00, 0xFF, 0x7F, 0xC0, 0xE0, 0x30, 0x18, 0x0C, 0x06, 0x03, 0x01,
    0x80, 0xC0, 0x60, 0x30, 0xC6, 0x36, 0x31, 0xB1, 0x8D, 0x9C, 0x6C, 0xE3, 0x7E, 0x1B, 0xE0, 0xDC,
    0x0E, 0xE0, 0x73, 0x87, 0x1F, 0xF8, 0x3F, 0x00, 0x7F, 0xF3, 0xFF, 0xC6, 0x0E, 0x30, 0x31, 0x81,
    0x8C, 0x0C, 0x60, 0x63, 0x03, 0x18, 0x19, 0xC0, 0xDE, 0x07, 0xE0, 0x30, 0x03, 0x00, 0x1E, 0x00,
    0x78, 0x03, 0xE0, 0x0F, 0xC0, 0x37, 0x01, 0xCC, 0x07, 0x38, 0x18, 0xE0, 0xFF, 0x83, 0xFF, 0x0C,
    0x1C, 0x70, 0x31, 0xC0, 0xE6, 0x01, 0xB8, 0x07, 0x00, 0x00, 0x00, 0x00, 0x30, 0x00, 0xC0, 0x7F,
    0x3F, 0xD8, 0xE0, 0x30, 0x1B, 0xFF, 0xFF, 0xC3, 0xC1, 0xE1, 0xFF, 0xEF, 0xB0, 0x00, 0x00, 0x30,
    0x18, 0x07, 0xC0, 0x0F, 0x80, 0x03, 0x00, 0x1E, 0x00, 0x30, 0x00, 0x00, 0x00, 0xE0, 0x01, 0xC0,
    0x07, 0xC0, 0x0F, 0x80, 0x3B, 0x00, 0x77, 0x00, 0xC6, 0x03, 0x8E, 0x07, 0x1C, 0x0F, 0xF8, 0x3F,
    0xF8, 0x70, 0x30, 0xC0, 0x63, 0x80, 0xE6, 0x00, 0xDC, 0x01, 0xC0, 0x1E, 0x0F, 0x01, 0x83, 0xC1,
    0x80, 0x01, 0xFC, 0xFF, 0x63, 0x80, 0xC0, 0x6F, 0xFF, 0xFF, 0x0F, 0x07, 0x87, 0xFF, 0xBE, 0xC0,
    0x00, 0x30, 0x01, 0xC0, 0x76, 0x03, 0xE0, 0x1C, 0xC0, 0x00, 0x00, 0x70, 0x01, 0xC0, 0x07, 0x80,
    0x3E, 0x00, 0xDC, 0x07, 0x70, 0x1C, 0xC0, 0x63, 0x83, 0x8E, 0x0F, 0xF8, 0x3F, 0xF1, 0xC1, 0xC7,
    0x03, 0x18, 0x0E, 0xE0, 0x3B, 0x00, 0x60, 0x00, 0xE0, 0x38, 0x7E, 0x1F, 0x07, 0x30, 0x00, 0x1F,
    0xC3, 0xFC, 0x63, 0x80, 0x30, 0x06, 0x3F, 0xCF, 0xF9, 0xC3, 0x30, 0x66, 0x1C, 0xFF, 0x8F, 0xB0,
    0x60, 0x01, 0xC0, 0x03, 0x70, 0x03, 0xE0, 0x1D, 0xC0, 0x00, 0x00, 0x70, 0x01, 0xC0, 0x07, 0x80,
    0x3E, 0x00, 0xDC, 0x07, 0x70, 0x1C, 0xC0, 0x63, 0x83, 0x8E, 0x0F, 0xF8, 0x3F, 0xF1, 0xC1, 0xC7,
    0x03, 0x18, 0x0E, 0xE0, 0x3B, 0x00, 0x60, 0xE0, 0x18, 0x03, 0xF0, 0x7C, 0x19, 0x80, 0x03, 0xF8,
    0xFF, 0x31, 0xC0, 0x30, 0x0C, 0xFF, 0x7F, 0xDC, 0x36, 0x0D, 0x87, 0x7F, 0xCF, 0xB0, 0x00, 0x70,
    0x01, 0xC0, 0x03, 0x00, 0xF8, 0x07, 0xC0, 0x33, 0x80, 0x00, 0x00, 0xE0, 0x03, 0x80, 0x1E, 0x00,
    0x7C, 0x03, 0xB0, 0x0E, 0xC0, 0x33, 0x81, 0xC6, 0x07, 0x1C, 0x1F, 0xF0, 0xFF, 0xC3, 0x83, 0x8C,
    0x0E, 0x70, 0x19, 0x80, 0x7E, 0x01, 0xC0, 0x01, 0xC0, 0x70, 0x0C, 0x07, 0x1F, 0x8F, 0xC3, 0x30,
    0x00, 0x7F, 0x1F, 0xE6, 0x38, 0x06, 0x01, 0x9F, 0xEF, 0xFB, 0x86, 0xC1, 0xB0, 0xEF, 0xF9, 0xF6,
    0x0F, 0xC0, 0x7F, 0x01, 0x98, 0x01, 0xC0, 0x0F, 0x80, 0x77, 0x00, 0x00, 0x01, 0xC0, 0x07, 0x00,
    0x1E, 0x00, 0xF8, 0x03, 0x70, 0x1D, 0xC0, 0x73, 0x01, 0x8E, 0x0E, 0x38, 0x3F, 0xE0, 0xFF, 0xC7,
    0x07, 0x1C, 0x0C, 0x60, 0x3B, 0x80, 0xEC, 0x01, 0x80, 0x3F, 0x3F, 0x80, 0x03, 0x83, 0xE3, 0x98,
    0x00, 0xFE, 0x7F, 0xB1, 0xC0, 0x60, 0x37, 0xFF, 0xFF, 0x87, 0x83, 0xC3, 0xFF, 0xDF, 0x60, 0x03,
    0x00, 0x1E, 0x00, 0xFC, 0x07, 0x30, 0x00, 0x00, 0x0C, 0x00, 0x78, 0x01, 0xE0, 0x0F, 0x80, 0x3F,
    0x00, 0xDC, 0x07, 0x30, 0x1C, 0xE0, 0x63, 0x83, 0xFE, 0x0F, 0xFC, 0x30, 0x71, 0xC0, 0xC7, 0x03,
    0x98, 0x06, 0xE0, 0x1C, 0x00, 0x00, 0x00, 0x00, 0xC0, 0x03, 0x00, 0x1E, 0x0F, 0xC7, 0x38, 0x00,
    0x3F, 0x9F, 0xF6, 0x1C, 0x03, 0x00, 0xDF, 0xFF, 0xFF, 0x83, 0xC1, 0xF8, 0x7F, 0xFD, 0xFB, 0x00,
    0x00, 0x00, 0xC0, 0x30, 0x01, 0xC0, 0x0E, 0x00, 0xF4, 0x03, 0xF0, 0x0F, 0xC0, 0x0C, 0x00, 0x30,
    0x01, 0xE0, 0x07, 0x80, 0x1F, 0x00, 0xFC, 0x03, 0x30, 0x1C, 0xE0, 0x73, 0x81, 0x86, 0x0F, 0xFC,
    0x3F, 0xF0, 0xC0, 0xC7, 0x03, 0x9C, 0x0E, 0x60, 0x1B, 0x80, 0x70, 0x06, 0x03, 0x03, 0x07, 0xE3,
    0xF0, 0xE0, 0x00, 0xFE, 0x7F, 0xB1, 0xC0, 0x60, 0x37, 0xFF, 0xFF, 0x87, 0x83, 0xC3, 0xFF, 0xDF,
    0x60, 0x0E, 0x00, 0x18, 0x01, 0xAC, 0x03, 0xF0, 0x0F, 0x80, 0x1C, 0x00, 0x70, 0x01, 0xC0, 0x07,
    0x80, 0x3E, 0x00, 0xDC, 0x07, 0x70, 0x1C, 0xC0, 0x63, 0x83, 0x8E, 0x0F, 0xF8, 0x3F, 0xF1, 0xC1,
    0xC7, 0x03, 0x18, 0x0E, 0xE0, 0x3B, 0x00, 0x60, 0x30, 0x1C, 0x06, 0x0F, 0xE3, 0xF0, 0xE0, 0x00,
    0xFE, 0x7F, 0xB1, 0xC0, 0x60, 0x37, 0xFF, 0xFF, 0x87, 0x83, 0xC3, 0xFF, 0xDF, 0x60, 0x03, 0x80,
    0x07, 0x00, 0x06, 0x00, 0x6B, 0x00, 0xFE, 0x00, 0xF8, 0x00, 0x00, 0x01, 0xC0, 0x03, 0x80, 0x0F,
    0x80, 0x1F, 0x00, 0x36, 0x00, 0xEE, 0x01, 0xCC, 0x03, 0x18, 0x0E, 0x38, 0x1F, 0xF0, 0x3F, 0xF0,
    0xE0, 0xE1, 0x80, 0xC7, 0x01, 0xCE, 0x03, 0x98, 0x03, 0x00, 0x1C, 0x0E, 0x01, 0x01, 0x83, 0xB1,
    0xF8, 0x78, 0x00, 0x7F, 0x3F, 0xD8, 0xE0, 0x30, 0x1B, 0xFF, 0xFF, 0xC3, 0xC1, 0xE1, 0xFF, 0xEF,
    0xB0, 0x0F, 0xC0, 0x7F, 0x01, 0x98, 0x06, 0x30, 0x1F, 0xC0, 0x3E, 0x00, 0x00, 0x01, 0xC0, 0x07,
    0x00, 0x1E, 0x00, 0xF8, 0x03, 0x70, 0x1D, 0xC0, 0x73, 0x01, 0x8E, 0x0E, 0x38, 0x3F, 0xE0, 0xFF,
    0xC7, 0x07, 0x1C, 0x0C, 0x60, 0x3B, 0x80, 0xEC, 0x01, 0x80, 0x39, 0x1F, 0x9B, 0xC0, 0x07, 0x31,
    0xF8, 0x78, 0x00, 0x7F, 0x3F, 0xD8, 0xE0, 0x30, 0x1B, 0xFF, 0xFF, 0xC3, 0xC1, 0xE1, 0xFF, 0xEF,
    0xB0, 0x0C, 0xC0, 0x3F, 0x00, 0x78, 0x00, 0x00, 0x03, 0x00, 0x1E, 0x00, 0x78, 0x01, 0xE0, 0x0F,
    0xC0, 0x37, 0x01, 0xCC, 0x07, 0x38, 0x18, 0xE0, 0xFF, 0x83, 0xFF, 0x0C, 0x1C, 0x70, 0x31, 0xC0,
    0xE6, 0x01, 0xB8, 0x07, 0x00, 0x00, 0x00, 0x00, 0x30, 0x00, 0xC0, 0x73, 0x1F, 0x87, 0x80, 0x07,
    0xF3, 0xFD, 0x8E, 0x03, 0x01, 0xBF, 0xFF, 0xFC, 0x3C, 0x1E, 0x1F, 0xFE, 0xFB, 0x00, 0x00, 0x03,
    0x01, 0x80, 0xFF, 0xFF, 0xF0, 0x18, 0x0C, 0x06, 0x03, 0x01, 0xFE, 0xFF, 0x60, 0x30, 0x18, 0x0C,
    0x06, 0x03, 0xFF, 0xFF, 0x00, 0x00, 0x06, 0x03, 0x00, 0x3F, 0x1F, 0xEE, 0x1F, 0x83, 0xFF, 0xFF,
    0xFC, 0x03, 0x00, 0xE0, 0x3C, 0x37, 0xFC, 0xFF, 0x00, 0x03, 0x00, 0xC0, 0x00, 0x3E, 0x1F, 0x01,
    0x83, 0x81, 0x80, 0x03, 0xFF, 0xFF, 0xC0, 0x60, 0x30, 0x18, 0x0C, 0x07, 0xFB, 0xFD, 0x80, 0xC0,
    0x60, 0x30, 0x18, 0x0F, 0xFF, 0xFC, 0x1E, 0x07, 0xC0, 0x70, 0x1C, 0x0E, 0x03, 0x00, 0x00, 0xFC,
    0x7F, 0xB8, 0x7E, 0x0F, 0xFF, 0xFF, 0xF0, 0x0C, 0x03, 0x80, 0xF0, 0xDF, 0xF3, 0xFC, 0x7B, 0xFF,
    0xB3, 0x80, 0x0F, 0xFF, 0xFF, 0x01, 0x80, 0xC0, 0x60, 0x30, 0x1F, 0xEF, 0xF6, 0x03, 0x01, 0x80,
    0xC0, 0x60, 0x3F, 0xFF, 0xF0, 0x7D, 0x9F, 0xE4, 0x70, 0x00, 0x3F, 0x1F, 0xEE, 0x1F, 0x87, 0xC0,
    0xFF, 0xFF, 0xFF, 0x00, 0xE0, 0x3C, 0x17, 0xFC, 0xFF, 0x01, 0xC0, 0x73, 0xF8, 0xF8, 0x67, 0x00,
    0x0F, 0xFB, 0xFE, 0xC0, 0x30, 0x0C, 0x03, 0x00, 0xC0, 0x3F, 0xCF, 0xF3, 0x00, 0xC0, 0x30, 0x0C,
    0x03, 0x00, 0xFF, 0xBF, 0xE0, 0x00, 0xE0, 0x18, 0x7F, 0x1F, 0x83, 0x38, 0x00, 0x0F, 0xC3, 0xFC,
    0xE1, 0xDC, 0x3B, 0x03, 0x7F, 0xEF, 0xFD, 0x80, 0x38, 0x07, 0x82, 0x7F, 0xC7, 0xF8, 0x60, 0x0E,
    0x00, 0xFC, 0x07, 0xC1, 0x9C, 0x00, 0x0F, 0xF9, 0xFF, 0x30, 0x06, 0x00, 0xC0, 0x18, 0x03, 0x00,
    0x7F, 0x8F, 0xF1, 0x80, 0x30, 0x06, 0x00, 0xC0, 0x18, 0x03, 0xFE, 0x7F, 0xC0, 0xE0, 0x0C, 0x00,
    0xFC, 0x0F, 0xC1, 0x9C, 0x00, 0x07, 0xE1, 0xFE, 0x70, 0xEE, 0x0D, 0xFF, 0xBF, 0xF6, 0x00, 0xC0,
    0x1C, 0x03, 0xC3, 0x3F, 0xE3, 0xFC, 0x03, 0x81, 0xC0, 0x63, 0xE3, 0xE3, 0x38, 0x01, 0xFF, 0xFF,
    0xE0, 0x30, 0x18, 0x0C, 0x06, 0x03, 0xFD, 0xFE, 0xC0, 0x60, 0x30, 0x18, 0x0C, 0x07, 0xFF, 0xFE,
    0x01, 0xC0, 0x70, 0x0C, 0x03, 0x1F, 0x8F, 0xC7, 0x30, 0x00, 0x3F, 0x1F, 0xEE, 0x1F, 0x83, 0xFF,
    0xFF, 0xFC, 0x03, 0x00, 0xE0, 0x3C, 0x27, 0xFC, 0xFE, 0x7B, 0x3F, 0x93, 0x83, 0x83, 0xE3, 0x38,
    0x01, 0xFF, 0xFF, 0xE0, 0x30, 0x18, 0x0C, 0x06, 0x03, 0xFD, 0xFE, 0xC0, 0x60, 0x30, 0x18, 0x0C,
    0x07, 0xFF, 0xFE, 0x3D, 0x9F, 0xE6, 0x70, 0x00, 0x1E, 0x0F, 0xC0, 0x00, 0x00, 0x3F, 0x1F, 0xEE,
    0x1F, 0x83, 0xFF, 0xFF, 0xFC, 0x03, 0x00, 0xE0, 0x3C, 0x37, 0xFC, 0xFF, 0x18, 0x1E, 0x1F, 0x8C,
    0xE0, 0x07, 0xFF, 0xFF, 0x80, 0xC0, 0x60, 0x30, 0x18, 0x0F, 0xF7, 0xFB, 0x01, 0x80, 0xC0, 0x60,
    0x30, 0x1F, 0xFF, 0xF8, 0x00, 0x00, 0x30, 0x18, 0x00, 0x1E, 0x0F, 0xC7, 0x38, 0x00, 0x3F, 0x1F,
    0xEE, 0x1F, 0x83, 0xFF, 0xFF, 0xFC, 0x03, 0x00, 0xE0, 0x3C, 0x37, 0xFC, 0xFF, 0x00, 0x03, 0x00,
    0xC0, 0x00, 0x7B, 0xC6, 0x73, 0x03, 0xFF, 0x31, 0x8C, 0x63, 0x18, 0xC6, 0x31, 0x8C, 0x6F, 0xFC,
    0xFF, 0xC6, 0xE6, 0x01, 0x8C, 0x63, 0x18, 0xC6, 0x31, 0x8C, 0x63, 0x00, 0xFF, 0xCC, 0x63, 0x18,
    0xC6, 0x31, 0x8C, 0x63, 0x1B, 0xFF, 0x00, 0x0C, 0x60, 0xF0, 0xFF, 0xFF, 0xFF, 0x0F, 0x1F, 0xE0,
    0xFF, 0xC7, 0x87, 0x98, 0x0E, 0xE0, 0x1F, 0x80, 0x7C, 0x00, 0xF0, 0x03, 0xC0, 0x0F, 0x00, 0x3E,
    0x01, 0xF8, 0x07, 0x60, 0x39, 0xE1, 0xE3, 0xFF, 0x07, 0xF8, 0x00, 0x00, 0x0C, 0x00, 0x30, 0x00,
    0x00, 0x3F, 0x1F, 0xEE, 0x1F, 0x87, 0xC0, 0xF0, 0x3C, 0x0F, 0x03, 0xE1, 0xF8, 0x77, 0xF8, 0xFC,
    0x00, 0x03, 0x00, 0xC0, 0x00, 0x07, 0xC0, 0x1F, 0x00, 0x0C, 0x00, 0xF0, 0x03, 0x00, 0x0C, 0x01,
    0xFE, 0x0F, 0xFC, 0x78, 0x79, 0x80, 0xEE, 0x01, 0xF8, 0x07, 0xC0, 0x0F, 0x00, 0x3C, 0x00, 0xF0,
    0x03, 0xE0, 0x1F, 0x80, 0x76, 0x03, 0x9E, 0x1E, 0x3F, 0xF0, 0x7F, 0x80, 0x1E, 0x07, 0xC0, 0x70,
    0x1C, 0x0E, 0x03, 0x00, 0x00, 0xFC, 0x7F, 0xB8, 0x7E, 0x1F, 0x03, 0xC0, 0xF0, 0x3C, 0x0F, 0x87,
    0xE1, 0xDF, 0xE3, 0xF0, 0x00, 0x38, 0x00, 0xC0, 0x7E, 0x03, 0xF0, 0x1C, 0xC0, 0x00, 0x01, 0xFE,
    0x0F, 0xFC, 0x78, 0x79, 0x80, 0xEE, 0x01, 0xF8, 0x07, 0xC0, 0x0F, 0x00, 0x3C, 0x00, 0xF0, 0x03,
    0xE0, 0x1F, 0x80, 0x76, 0x03, 0x9E, 0x1E, 0x3F, 0xF0, 0x7F, 0x80, 0x00, 0xE0, 0x38, 0x7E, 0x1F,
    0x83, 0x30, 0x00, 0x0F, 0xC3, 0xFC, 0xE1, 0xDC, 0x3B, 0x03, 0x60, 0x6C, 0x0D, 0x81, 0xB8, 0x77,
    0x0E, 0x7F, 0x87, 0xE0, 0x70, 0x00, 0xC0, 0x01, 0xF8, 0x03, 0xF0, 0x1C, 0xE0, 0x00, 0x01, 0xFE,
    0x0F, 0xFC, 0x78, 0x79, 0x80, 0xEE, 0x01, 0xF8, 0x07, 0xC0, 0x0F, 0x00, 0x3C, 0x00, 0xF0, 0x03,
    0xE0, 0x1F, 0x80, 0x76, 0x03, 0x9E, 0x1E, 0x3F, 0xF0, 0x7F, 0x80, 0xE0, 0x0E, 0x00, 0xFC, 0x0F,
    0xC1, 0x98, 0x00, 0x07, 0xE1, 0xFE, 0x70, 0xEE, 0x1D, 0x81, 0xB0, 0x36, 0x06, 0xC0, 0xDC, 0x3B,
    0x87, 0x3F, 0xC3, 0xF0, 0x00, 0x70, 0x01, 0xC0, 0x03, 0x00, 0xDC, 0x07, 0xE0, 0x3F, 0x01, 0xCE,
    0x00, 0x00, 0x1F, 0xE0, 0xFF, 0xC7, 0x87, 0x98, 0x0E, 0xE0, 0x1F, 0x80, 0x7C, 0x00, 0xF0, 0x03,
    0xC0, 0x0F, 0x00, 0x3E, 0x01, 0xF8, 0x07, 0x60, 0x39, 0xE1, 0xE3, 0xFF, 0x07, 0xF8, 0x01, 0xC0,
    0x70, 0x0C, 0x07, 0x1F, 0x8F, 0xC3, 0x30, 0x00, 0x3F, 0x1F, 0xEE, 0x1F, 0x87, 0xC0, 0xF0, 0x3C,
    0x0F, 0x03, 0xE1, 0xF8, 0x77, 0xF8, 0xFC, 0x0F, 0xE0, 0x7F, 0x00, 0x30, 0x01, 0xE0, 0x0F, 0xC0,
    0x73, 0x00, 0x00, 0x07, 0xF8, 0x3F, 0xF1, 0xE1, 0xE6, 0x03, 0xB8, 0x07, 0xE0, 0x1F, 0x00, 0x3C,
    0x00, 0xF0, 0x03, 0xC0, 0x0F, 0x80, 0x7E, 0x01, 0xD8, 0x0E, 0x78, 0x78, 0xFF, 0xC1, 0xFE, 0x00,
    0x39, 0x0F, 0xC2, 0x70, 0x00, 0x1E, 0x0F, 0xC0, 0x00, 0x00, 0x3F, 0x1F, 0xEE, 0x1F, 0x87, 0xC0,
    0xF0, 0x3C, 0x0F, 0x03, 0xE1, 0xF8, 0x77, 0xF8, 0xFC, 0x07, 0x80, 0x1E, 0x00, 0xDC, 0x06, 0x18,
    0x00, 0x00, 0x7F, 0x83, 0xFF, 0x1E, 0x1E, 0x60, 0x3B, 0x80, 0x7E, 0x01, 0xF0, 0x03, 0xC0, 0x0F,
    0x00, 0x3C, 0x00, 0xF8, 0x07, 0xE0, 0x1D, 0x80, 0xE7, 0x87, 0x8F, 0xFC, 0x1F, 0xE0, 0x00, 0x00,
    0x30, 0x00, 0xC0, 0x00, 0x00, 0x1E, 0x0F, 0xC3, 0x38, 0x00, 0x3F, 0x1F, 0xEE, 0x1F, 0x87, 0xC0,
    0xF0, 0x3C, 0x0F, 0x03, 0xE1, 0xF8, 0x77, 0xF8, 0xFC, 0x00, 0x03, 0x00, 0xC0, 0x00, 0x01, 0xC0,
    0x03, 0x80, 0x03, 0x80, 0x06, 0x00, 0x00, 0x00, 0x1F, 0xE7, 0x3F, 0xF7, 0x78, 0x7E, 0x60, 0x3C,
    0xE0, 0x1C, 0xE0, 0x1C, 0xC0, 0x0C, 0xC0, 0x0C, 0xC0, 0x0C, 0xC0, 0x0C, 0xE0, 0x1C, 0xE0, 0x1C,
    0x60, 0x38, 0x78, 0x78, 0x3F, 0xF0, 0x1F, 0xE0, 0x07, 0x00, 0xE0, 0x0C, 0x30, 0x07, 0x3F, 0x77,
    0xFE, 0xE1, 0xCE, 0x1C, 0xC0, 0xCC, 0x0C, 0xC0, 0xCC, 0x0C, 0xE1, 0xCE, 0x1C, 0x7F, 0x83, 0xF0,
    0x0E, 0x00, 0x07, 0x00, 0x03, 0x00, 0x01, 0x80, 0x00, 0x00, 0x1F, 0xE7, 0x3F, 0xF7, 0x78, 0x7E,
    0x60, 0x3C, 0xE0, 0x1C, 0xE0, 0x1C, 0xC0, 0x0C, 0xC0, 0x0C, 0xC0, 0x0C, 0xC0, 0x0C, 0xE0, 0x1C,
    0xE0, 0x1C, 0x60, 0x38, 0x78, 0x78, 0x3F, 0xF0, 0x1F, 0xE0, 0x38, 0x01, 0xC0, 0x0E, 0x30, 0x07,
    0x3F, 0x77, 0xFE, 0xE1, 0xCE, 0x1C, 0xC0, 0xCC, 0x0C, 0xC0, 0xCC, 0x0C, 0xE1, 0xCE, 0x1C, 0x7F,
    0x83, 0xF0, 0x07, 0x00, 0x07, 0x80, 0x03, 0x80, 0x01, 0x80, 0x07, 0x80, 0x06, 0x00, 0x06, 0x00,
    0x1F, 0xE7, 0x3F, 0xF7, 0x78, 0x7E, 0x60, 0x3C, 0xE0, 0x1C, 0xE0, 0x1C, 0xC0, 0x0C, 0xC0, 0x0C,
    0xC0, 0x0C, 0xC0, 0x0C, 0xE0, 0x1C, 0xE0, 0x1C, 0x60, 0x38, 0x78, 0x78, 0x3F, 0xF0, 0x1F, 0xE0,
    0x1E, 0x01, 0xF0, 0x07, 0x00, 0x70, 0x0E, 0x00, 0xC3, 0x00, 0x73, 0xF7, 0x7F, 0xEE, 0x1C, 0xE1,
    0xCC, 0x0C, 0xC0, 0xCC, 0x0C, 0xC0, 0xCE, 0x1C, 0xE1, 0xC7, 0xF8, 0x3F, 0x00, 0x1F, 0x60, 0x1F,
    0xE0, 0x19, 0xC0, 0x00, 0x00, 0x1F, 0xE7, 0x3F, 0xF7, 0x78, 0x7E, 0x60, 0x3C, 0xE0, 0x1C, 0xE0,
    0x1C, 0xC0, 0x0C, 0xC0, 0x0C, 0xC0, 0x0C, 0xC0, 0x0C, 0xE0, 0x1C, 0xE0, 0x1C, 0x60, 0x38, 0x78,
    0x78, 0x3F, 0xF0, 0x1F, 0xE0, 0x3D, 0x87, 0xF8, 0x67, 0x30, 0x07, 0x3F, 0x77, 0xFE, 0xE1, 0xCE,
    0x1C, 0xC0, 0xCC, 0x0C, 0xC0, 0xCC, 0x0C, 0xE1, 0xCE, 0x1C, 0x7F, 0x83, 0xF0, 0x1F, 0xE7, 0x3F,
    0xF7, 0x78, 0x7E, 0x60, 0x3C, 0xE0, 0x1C, 0xE0, 0x1C, 0xC0, 0x0C, 0xC0, 0x0C, 0xC0, 0x0C, 0xC0,
    0x0C, 0xE0, 0x1C, 0xE0, 0x1C, 0x60, 0x38, 0x78, 0x78, 0x3F, 0xF0, 0x1F, 0xE0, 0x00, 0x00, 0x03,
    0x00, 0x03, 0x00, 0x00, 0x00, 0x00, 0x70, 0x07, 0x3F, 0x77, 0xFE, 0xE1, 0xCE, 0x1C, 0xC0, 0xCC,
    0x0C, 0xC0, 0xCC, 0x0C, 0xE1, 0xCE, 0x1C, 0x7F, 0x83, 0xF0, 0x00, 0x00, 0xC0, 0x0C, 0x00, 0x00,
    0xC0, 0x3C, 0x03, 0xC0, 0x3C, 0x03, 0xC0, 0x3C, 0x03, 0xC0, 0x3C, 0x03, 0xC0, 0x3C, 0x03, 0xC0,
    0x3C, 0x07, 0xE0, 0x7F, 0x0E, 0x7F, 0xE3, 0xF8, 0x00, 0x00, 0x60, 0x06, 0x00, 0x00, 0xC0, 0xF0,
    0x3C, 0x0F, 0x03, 0xC0, 0xF0, 0x3C, 0x0F, 0x03, 0xC1, 0xF8, 0x7F, 0xFD, 0xFB, 0x00, 0x00, 0x01,
    0x80, 0x60, 0x0F, 0x00, 0xF0, 0x03, 0x00, 0xF0, 0x0C, 0x00, 0x40, 0xC0, 0x3C, 0x03, 0xC0, 0x3C,
    0x03, 0xC0, 0x3C, 0x03, 0xC0, 0x3C, 0x03, 0xC0, 0x3C, 0x03, 0xC0, 0x3C, 0x07, 0xE0, 0x7F, 0x0E,
    0x7F, 0xE3, 0xF8, 0x1E, 0x07, 0x80, 0x60, 0x78, 0x18, 0x00, 0x0C, 0x0F, 0x03, 0xC0, 0xF0, 0x3C,
    0x0F, 0x03, 0xC0, 0xF0, 0x3C, 0x1F, 0x87, 0xFF, 0xDF, 0xB0, 0x03, 0x80, 0x07, 0x00, 0x07, 0x00,
    0x0C, 0x00, 0x00, 0x00, 0xC0, 0x36, 0xC0, 0x3E, 0xC0, 0x3C, 0xC0, 0x38, 0xC0, 0x30, 0xC0, 0x30,
    0xC0, 0x30, 0xC0, 0x30, 0xC0, 0x30, 0xC0, 0x30, 0xC0, 0x30, 0xC0, 0x70, 0xE0, 0x70, 0xF0, 0xF0,
    0x7F, 0xE0, 0x3F, 0xC0, 0x07, 0x00, 0x38, 0x00, 0xC1, 0x80, 0x06, 0xC0, 0xFB, 0x03, 0xCC, 0x0E,
    0x30, 0x30, 0xC0, 0xC3, 0x03, 0x0C, 0x0C, 0x30, 0x30, 0xC1, 0xC3, 0x87, 0x0F, 0xFC, 0x1F, 0xB0,
    0x1C, 0x00, 0x0E, 0x00, 0x06, 0x00, 0x03, 0x00, 0x00, 0x00, 0xC0, 0x36, 0xC0, 0x3E, 0xC0, 0x3C,
    0xC0, 0x38, 0xC0, 0x30, 0xC0, 0x30, 0xC0, 0x30, 0xC0, 0x30, 0xC0, 0x30, 0xC0, 0x30, 0xC0, 0x30,
    0xC0, 0x70, 0xE0, 0x70, 0xF0, 0xF0, 0x7F, 0xE0, 0x3F, 0xC0, 0x38, 0x00, 0x70, 0x00, 0xE1, 0x80,
    0x06, 0xC0, 0xFB, 0x03, 0xCC, 0x0E, 0x30, 0x30, 0xC0, 0xC3, 0x03, 0x0C, 0x0C, 0x30, 0x30, 0xC1,
    0xC3, 0x87, 0x0F, 0xFC, 0x1F, 0xB0, 0x0F, 0x00, 0x0F, 0x00, 0x03, 0x00, 0x07, 0x00, 0x0E, 0x00,
    0x0C, 0x00, 0xC0, 0x36, 0xC0, 0x3E, 0xC0, 0x3C, 0xC0, 0x38, 0xC0, 0x30, 0xC0, 0x30, 0xC0, 0x30,
    0xC0, 0x30, 0xC0, 0x30, 0xC0, 0x30, 0xC0, 0x30, 0xC0, 0x70, 0xE0, 0x70, 0xF0, 0xF0, 0x7F, 0xE0,
    0x3F, 0xC0, 0x1E, 0x00, 0x78, 0x00, 0x60, 0x07, 0x80, 0x18, 0x18, 0x00, 0x6C, 0x0F, 0xB0, 0x3C,
    0xC0, 0xE3, 0x03, 0x0C, 0x0C, 0x30, 0x30, 0xC0, 0xC3, 0x03, 0x0C, 0x1C, 0x38, 0x70, 0xFF, 0xC1,
    0xFB, 0x00, 0x3E, 0xC0, 0x3F, 0xC0, 0x23, 0x80, 0x00, 0x00, 0xC0, 0x36, 0xC0, 0x3E, 0xC0, 0x3C,
    0xC0, 0x38, 0xC0, 0x30, 0xC0, 0x30, 0xC0, 0x30, 0xC0, 0x30, 0xC0, 0x30, 0xC0, 0x30, 0xC0, 0x30,
    0xC0, 0x70, 0xE0, 0x70, 0xF0, 0xF0, 0x7F, 0xE0, 0x3F, 0xC0, 0x7D, 0x81, 0xFE, 0x04, 0x71, 0x80,
    0x06, 0xC0, 0xFB, 0x03, 0xCC, 0x0E, 0x30, 0x30, 0xC0, 0xC3, 0x03, 0x0C, 0x0C, 0x30, 0x30, 0xC1,
    0xC3, 0x87, 0x0F, 0xFC, 0x1F, 0xB0, 0xC0, 0x36, 0xC0, 0x3E, 0xC0, 0x3C, 0xC0, 0x38, 0xC0, 0x30,
    0xC0, 0x30, 0xC0, 0x30, 0xC0, 0x30, 0xC0, 0x30, 0xC0, 0x30, 0xC0, 0x30, 0xC0, 0x70, 0xE0, 0x70,
    0xF0, 0xF0, 0x7F, 0xE0, 0x3F, 0xC0, 0x00, 0x00, 0x06, 0x00, 0x06, 0x00, 0x00, 0x00, 0x00, 0x18,
    0x00, 0x6C, 0x0F, 0xB0, 0x3C, 0xC0, 0xE3, 0x03, 0x0C, 0x0C, 0x30, 0x30, 0xC0, 0xC3, 0x03, 0x0C,
    0x1C, 0x38, 0x70, 0xFF, 0xC1, 0xFB, 0x00, 0x00, 0x00, 0x00, 0x18, 0x00, 0x60, 0x00, 0x1C, 0x01,
    0xC0, 0x0E, 0x00, 0x70, 0x00, 0x0E, 0x07, 0xE0, 0x67, 0x0E, 0x70, 0xC3, 0x9C, 0x39, 0x81, 0xF8,
    0x1F, 0x00, 0xF0, 0x0E, 0x00, 0x60, 0x06, 0x00, 0x60, 0x06, 0x00, 0x60, 0x06, 0x00, 0x1C, 0x00,
    0xE0, 0x07, 0x00, 0x00, 0x60, 0x77, 0x06, 0x70, 0xE3, 0x0E, 0x39, 0xC1, 0x9C, 0x19, 0x81, 0xF8,
    0x0F, 0x80, 0xF0, 0x0F, 0x00, 0x70, 0x06, 0x00, 0xE0, 0x0C, 0x07, 0xC0, 0x78, 0x00, 0xE0, 0x7E,
    0x06, 0x70, 0xE7, 0x0C, 0x39, 0xC3, 0x98, 0x1F, 0x81, 0xF0, 0x0F, 0x00, 0xE0, 0x06, 0x00, 0x60,
    0x06, 0x00, 0x60, 0x06, 0x00, 0x60, 0x00, 0x00, 0x00, 0x06, 0x00, 0x60, 0xE0, 0xFC, 0x19, 0x87,
    0x38, 0xE3, 0x18, 0x67, 0x0E, 0xE0, 0xD8, 0x1B, 0x03, 0xE0, 0x38, 0x07, 0x00, 0xC0, 0x18, 0x07,
    0x67, 0xCC, 0xF0, 0x00, 0x0F, 0x80, 0x7C, 0x00, 0x60, 0x0F, 0x00, 0x60, 0x00, 0x03, 0x80, 0xFC,
    0x0E, 0x70, 0x63, 0x87, 0x0E, 0x30, 0x73, 0x81, 0xD8, 0x0F, 0xC0, 0x3C, 0x01, 0xE0, 0x06, 0x00,
    0x30, 0x01, 0x80, 0x0C, 0x00, 0x60, 0x03, 0x00, 0x0F, 0x00, 0xF8, 0x03, 0x80, 0x38, 0x07, 0x00,
    0x60, 0x00, 0x06, 0x07, 0x70, 0x77, 0x06, 0x30, 0xE3, 0x8E, 0x19, 0xC1, 0xDC, 0x1D, 0xC0, 0xF8,
    0x0F, 0x80, 0xF0, 0x07, 0x00, 0x70, 0x0E, 0x00, 0xE0, 0x7C, 0x07, 0x80, 0x1E, 0xC3, 0xFC, 0x33,
    0x80, 0x00, 0xE0, 0x7E, 0x06, 0x70, 0xE7, 0x0C, 0x39, 0xC3, 0x98, 0x1F, 0x81, 0xF0, 0x0F, 0x00,
    0xE0, 0x06, 0x00, 0x60, 0x06, 0x00, 0x60, 0x06, 0x00, 0x60, 0x1E, 0xC3, 0xFC, 0x33, 0x80, 0x00,
    0x60, 0x77, 0x06, 0x70, 0xE3, 0x0E, 0x39, 0xC1, 0x9C, 0x19, 0x81, 0xF8, 0x0F, 0x80, 0xF0, 0x0F,
    0x00, 0x70, 0x06, 0x00, 0xE0, 0x0C, 0x07, 0xC0, 0x78, 0x00, 0x31, 0xBF, 0x6B, 0x42, 0x10, 0x84,
    0x21, 0x08, 0x42, 0x10, 0x84, 0x20, 0x63, 0x3E, 0xD6, 0x84, 0x21, 0x08, 0x42, 0x10, 0x84, 0x21,
    0x08, 0x42, 0xFF, 0xC0, 0xFF, 0xC0, 0xFF, 0xFF, 0xF0, 0xFF, 0xFF, 0xC0, 0xFF, 0xFF, 0xFF, 0xFF,
    0xFC, 0xFF, 0xFF, 0xFF, 0xFF, 0xFC, 0xCF, 0x3C, 0xF3, 0xCF, 0x3C, 0xF3, 0xCF, 0x3C, 0xF3, 0xCF,
    0x3C, 0xF3, 0xCF, 0x3C, 0xF3, 0xCC, 0xFF, 0xFF, 0xC0, 0x1F, 0xFF, 0xF8, 0x76, 0x6E, 0xE0, 0x76,
    0xEE, 0xC0, 0x77, 0x66, 0xE0, 0xEE, 0x66, 0x70, 0x76, 0x66, 0x6E, 0xEE, 0xEE, 0x77, 0x6E, 0xEE,
    0xEC, 0xCC, 0x77, 0x77, 0x66, 0x6E, 0xEC, 0xEE, 0xEE, 0x6E, 0x66, 0x76, 0x38, 0x18, 0x18, 0x18,
    0xFF, 0xFF, 0x18, 0x18, 0x18, 0x18, 0x18, 0x18, 0x18, 0x18, 0x18, 0x18, 0x18, 0x18, 0x18, 0xFF,
    0xFF, 0xFF, 0x18, 0x18, 0x18, 0x18, 0xFF, 0xFF, 0xFF, 0x18, 0x18, 0x18, 0xFF, 0xFF, 0xFF, 0x80,
    0x83, 0x0F, 0x3E, 0xFB, 0x8C, 0x00, 0xFF, 0x80, 0xE7, 0xE7, 0xE7, 0xE7, 0x3B, 0x9C, 0xFE, 0x73,
    0x80, 0xFF, 0x80, 0xFC, 0x21, 0x08, 0x42, 0x10, 0x84, 0x21, 0x08, 0x42, 0x10, 0x80, 0xF8, 0x42,
    0x10, 0x84, 0x21, 0x08, 0x42, 0x10, 0x84, 0x21, 0x08, 0xFF, 0xFF, 0xFF, 0x90, 0x84, 0x21, 0x08,
    0x42, 0x10, 0x84, 0x21, 0x08, 0xFC, 0x21, 0x0F, 0x90, 0x84, 0x21, 0x08, 0x42, 0x10, 0x84, 0x21,
    0x08, 0xF8, 0x42, 0x1F, 0x90, 0x84, 0x21, 0x08, 0x42, 0x10, 0x84, 0x21, 0x08, 0x78, 0x18, 0x01,
    0xF8, 0x60, 0x03, 0xF1, 0xC0, 0x06, 0x63, 0x00, 0x0C, 0xCE, 0x00, 0x19, 0x98, 0x00, 0x33, 0x7F,
    0x9F, 0x7E, 0xFF, 0xFF, 0xFF, 0x77, 0xEE, 0xF6, 0xC7, 0x8C, 0x19, 0x8F, 0x18, 0x33, 0x1E, 0x30,
    0xC6, 0x7C, 0x61, 0x8E, 0xFD, 0xC6, 0x1F, 0xFF, 0x8C, 0x1F, 0x3E, 0x7C, 0x18, 0x00, 0x03, 0xF8,
    0xC0, 0x00, 0x0E, 0xE3, 0x00, 0x00, 0x31, 0x98, 0x00, 0x00, 0xC6, 0x60, 0x00, 0x03, 0x1B, 0x00,
    0x00, 0x0C, 0x6C, 0x81, 0x00, 0x3B, 0xEF, 0x9F, 0x1E, 0xFF, 0xFF, 0xFE, 0xFD, 0xFD, 0xDF, 0xBB,
    0x30, 0x36, 0x3C, 0x6C, 0xC1, 0x98, 0xF1, 0xB3, 0x06, 0x63, 0xC6, 0xCC, 0x31, 0xDF, 0xBB, 0xF0,
    0xC7, 0xFF, 0xEF, 0xC6, 0x0F, 0x9F, 0x1E, 0x18, 0xE3, 0x1C, 0x61, 0x00, 0x1D, 0x8E, 0xE3, 0x30,
    0xD8, 0x66, 0x1B, 0x00, 0x1D, 0xB9, 0xDD, 0x8C, 0xDC, 0x6C, 0xC6, 0x6E, 0x36, 0x60, 0xE1, 0x83,
    0x0C, 0x18, 0x60, 0xEC, 0x37, 0x1D, 0x86, 0xE1, 0xB0, 0xCC, 0xED, 0xC6, 0xEC, 0x76, 0xE3, 0x76,
    0x1B, 0x71, 0x9B, 0x18, 0x1C, 0x3C, 0x36, 0x66, 0x63, 0xC3, 0x11, 0xCC, 0xEE, 0x73, 0x8E, 0x38,
    0xC0, 0x47, 0x18, 0xE3, 0x9C, 0xEE, 0xE6, 0x00, 0xC1, 0x87, 0xC3, 0x1D, 0xC6, 0x71, 0xC1, 0xC1,
    0xC7, 0x01, 0xFC, 0x30, 0xF1, 0xE0, 0xE3, 0xC3, 0xC6, 0x0F, 0xC0, 0x39, 0xC0, 0xE1, 0xC3, 0x81,
    0x8E, 0x31, 0xB8, 0x63, 0xA0, 0xC2, 0xC6, 0xC6, 0xC6, 0xC6, 0xC6, 0xC6, 0xC6, 0xC6, 0xC6, 0xC6,
    0xC6, 0x00, 0x00, 0xE7, 0xE7, 0xE7, 0x7F, 0x7F, 0xD6, 0xE3, 0x31, 0x98, 0xDC, 0x6C, 0x3C, 0x1C,
    0x0E, 0x06, 0x03, 0x00, 0x00, 0xC0, 0x60, 0x30, 0xFF, 0xFF, 0xFC, 0x00, 0x06, 0x00, 0x98, 0x0C,
    0xE0, 0xC3, 0xFE, 0x0F, 0xC0, 0x0F, 0x80, 0xFE, 0x0E, 0x78, 0xC0, 0xEC, 0x03, 0x20, 0x08, 0x03,
    0x06, 0x06, 0x0C, 0x0C, 0x1C, 0x18, 0x18, 0x38, 0x3C, 0x6C, 0x6C, 0x66, 0xC6, 0x00, 0x38, 0x00,
    0x00, 0x70, 0x00, 0x00, 0xE0, 0x00, 0x0E, 0xFC, 0x00, 0x1F, 0xF8, 0x00, 0x3F, 0xE0, 0x00, 0x1F,
    0x00, 0x00, 0x37, 0x00, 0x00, 0xEE, 0x00, 0x01, 0xCC, 0x00, 0x30, 0x01, 0x80, 0x60, 0x03, 0x00,
    0xC0, 0x06, 0x1D, 0xB8, 0xED, 0xFF, 0xF1, 0xFF, 0xBF, 0xC1, 0xFE, 0x1E, 0x00, 0xF0, 0x7E, 0x03,
    0xF0, 0xCE, 0x0E, 0x71, 0x98, 0x0C, 0xC0, 0xFF, 0xC0, 0x00, 0xE0, 0x18, 0x07, 0x00, 0xC0, 0x38,
    0x06, 0x01, 0x80, 0x70, 0x0C, 0x03, 0x80, 0x60, 0x1C, 0x03, 0x00, 0xC0, 0x38, 0x06, 0x00, 0xFF,
    0xF1, 0x8C, 0x63, 0x18, 0xC7, 0xFF, 0x8C, 0x63, 0x18, 0xC7, 0xFE, 0xFF, 0xC6, 0x31, 0x8C, 0x63,
    0x1F, 0xFE, 0x31, 0x8C, 0x63, 0x1F, 0xFE, 0x7F, 0x3F, 0x9F, 0xFF, 0xF4, 0x3A, 0x1C, 0x06, 0x03,
    0x01, 0x80, 0xC0, 0xE0, 0x70, 0x70, 0x38, 0x3C, 0x1C, 0x1E, 0x0E, 0x07, 0x03, 0x81, 0x80, 0xC0,
    0x60, 0x30, 0x00, 0x00, 0x07, 0x03, 0x81, 0xC0, 0xE0, 0x70, 0x38, 0x7F, 0x1B, 0xFC, 0xD0, 0xE6,
    0x03, 0x30, 0x19, 0x81, 0xCC, 0x1C, 0x61, 0xC3, 0x1C, 0x18, 0xE0, 0xC6, 0x06, 0x00, 0x00, 0x00,
    0x0E, 0x1C, 0x70, 0xE3, 0x87, 0xCF, 0xEC, 0xFF, 0xC8, 0x7C, 0x03, 0xC0, 0x3C, 0x07, 0xC0, 0xEC,
    0x1C, 0xC3, 0x8C, 0x38, 0xC3, 0x00, 0x00, 0x00, 0x0E, 0x38, 0xE3, 0x8E, 0x38, 0xFF, 0xFF, 0xF0,
    0x1C, 0x06, 0x03, 0x81, 0xC0, 0x60, 0x38, 0x0C, 0x07, 0x03, 0x80, 0xE0, 0xFF, 0xCF, 0xFE, 0xDF,
    0xED, 0xFE, 0xDF, 0xFD, 0xFF, 0xDF, 0xFD, 0xFF, 0xDF, 0xED, 0xFE, 0xDF, 0xCD, 0xF0, 0xD8, 0x0D,
    0x80, 0xD8, 0x0D, 0x80, 0xD8, 0x0D, 0x80, 0xD8, 0x0D, 0x80, 0x00, 0x00, 0x7F, 0xDF, 0xFF, 0xEF,
    0xFB, 0xFE, 0xFF, 0xBF, 0xEF, 0xFB, 0xFE, 0xDF, 0xF7, 0xFC, 0xFF, 0xBF, 0xED, 0xFF, 0x7F, 0xDF,
    0xF7, 0xFD, 0xFF, 0x7F, 0xDF, 0xFF, 0xEF, 0xF8, 0x0E, 0x01, 0xC0, 0x18, 0x3B, 0xF7, 0xFE, 0x7F,
    0x87, 0xC0, 0xDC, 0x3B, 0x83, 0x30, 0xEE, 0xE0, 0x00, 0x00, 0x00, 0xEE, 0x67, 0x30, 0x0F, 0x81,
    0xFF, 0x1C, 0x18, 0xC0, 0x6C, 0x01, 0x00, 0x00, 0x00, 0x00, 0x00, 0x00, 0x00, 0x00, 0x00, 0x00,
    0x00, 0x00, 0x00, 0x00, 0x00, 0x00, 0x00, 0x00, 0x00, 0x00, 0x00, 0x30, 0x04, 0xC0, 0x67, 0x06,
    0x1F, 0xF0, 0x7E, 0x00, 0x0E, 0x01, 0xC0, 0x18, 0x3B, 0xF7, 0xFE, 0x3F, 0x07, 0xC0, 0xDC, 0x3B,
    0x83, 0x30, 0x00, 0x07, 0x00, 0xE0, 0x0C, 0x1D, 0xFB, 0xFF, 0x3F, 0xC3, 0xE0, 0x6E, 0x1D, 0xC1,
    0x98, 0x63, 0x63, 0x66, 0x06, 0x06, 0x0C, 0x0C, 0x0C, 0x18, 0x18, 0x18, 0x30, 0x30, 0x73, 0x63,
    0x63, 0x1F, 0x00, 0x4F, 0xFC, 0x19, 0xCF, 0xFF, 0x60, 0x1F, 0xC0, 0x0F, 0x81, 0xFE, 0x0E, 0x78,
    0xC0, 0xEC, 0x03, 0x20, 0x08, 0x0C, 0x0D, 0x99, 0xF7, 0x1F, 0xCF, 0xFF, 0xFF, 0xCF, 0xC1, 0xFC,
    0x6D, 0xCD, 0x98, 0x30, 0x00, 0x03, 0x03, 0x03, 0x00, 0x00, 0x00, 0xC0, 0xC0, 0xC0, 0x00, 0x00,
    0x00, 0x00, 0x03, 0x03, 0x03, 0x1F, 0xBB, 0x3B, 0x37, 0x33, 0x66, 0x36, 0x6C, 0x66, 0xCC, 0x6C,
    0xD8, 0x03, 0x00, 0x06, 0x00, 0x0C, 0x00, 0x00, 0x00, 0x00, 0x00, 0x00, 0x30, 0x01, 0xE0, 0x03,
    0xC0, 0x06, 0x00, 0x00, 0x00, 0x00, 0x00, 0x00, 0x00, 0x00, 0x60, 0x00, 0xC0, 0x01, 0x80, 0xC0,
    0x0F, 0x00, 0x3C, 0x00, 0xC0, 0x00, 0x00, 0x00, 0x00, 0x00, 0x30, 0x00, 0xC0, 0x03, 0x00, 0x00,
    0x00, 0x00, 0x00, 0x00, 0x00, 0x03, 0x00, 0x3C, 0x00, 0xF0, 0x03, 0xFC, 0x00, 0x00, 0x3F, 0x06,
    0x00, 0xC0, 0x18, 0x00, 0x00, 0x00, 0x00, 0x30, 0x1E, 0x03, 0xC0, 0x60, 0x00, 0x00, 0x00, 0x00,
    0x00, 0x0C, 0x01, 0x80, 0x30, 0x03, 0x00, 0x66, 0x30, 0xCC, 0x61, 0x98, 0xC0, 0x30, 0x00, 0x60,
    0x00, 0xC0, 0x7F, 0xFF, 0xFF, 0xFE, 0x06, 0x00, 0x0C, 0x01, 0x98, 0xC3, 0x31, 0x86, 0x63, 0x00,
    0xC0, 0x01, 0x80, 0xFF, 0x80, 0x07, 0xFC, 0x01, 0xFF, 0xFF, 0x8F, 0xF8, 0x1F, 0xF1, 0xFF, 0xF9,
    0x08, 0x4F, 0x90, 0x84, 0x21, 0x08, 0x42, 0x10, 0x84, 0x21, 0x08, 0xFC, 0x63, 0x1F, 0x90, 0x84,
    0x21, 0x08, 0x42, 0x10, 0x84, 0x21, 0x08, 0xFF, 0xDC, 0xE2, 0x10, 0x84, 0x21, 0x08, 0x42, 0x10,
    0x84, 0x21, 0x00, 0x01, 0x1C, 0xEF, 0xFC, 0x84, 0x21, 0x08, 0x42, 0x10, 0x84, 0x21, 0x08, 0x03,
    0xBF, 0xB7, 0x10, 0x84, 0x21, 0x08, 0x42, 0x10, 0x84, 0x21, 0x08, 0xE1, 0x08, 0x4F, 0x90, 0x84,
    0x21, 0x08, 0x42, 0x10, 0x84, 0x21, 0x08, 0x00, 0xFB, 0xF6, 0x7C, 0x78, 0xF1, 0xE7, 0xEC, 0xF8,
    0xC0, 0x43, 0x6D, 0xB6, 0xC0, 0x1C, 0x38, 0xF3, 0x66, 0xD9, 0xBF, 0xFF, 0x0C, 0x00, 0xF9, 0xF6,
    0x0F, 0xCF, 0xC1, 0x83, 0xDF, 0xF8, 0xC0, 0x00, 0xF9, 0xF6, 0x0F, 0xDF, 0xF1, 0xE3, 0xEE, 0xF8,
    0x40, 0x03, 0xFF, 0xC3, 0x18, 0x63, 0x0C, 0x61, 0x80, 0x00, 0xFB, 0xF6, 0x6F, 0xCF, 0xBB, 0xE3,
    0xEF, 0xF8, 0xC0, 0x00, 0xFB, 0xF6, 0x7C, 0x7D, 0xFF, 0x9F, 0x1D, 0xF1, 0x80, 0x30, 0xC3, 0x3F,
    0xFC, 0xC0, 0xFC, 0x03, 0xFF, 0xFF, 0xFC, 0x76, 0xCC, 0xCC, 0xCC, 0xC6, 0x70, 0xC6, 0x67, 0x33,
    0x37, 0x66, 0xC0, 0xFD, 0xFF, 0x1E, 0x3C, 0x78, 0xF1, 0x80, 0x00, 0xFB, 0xF6, 0x7C, 0x78, 0xF1,
    0xE7, 0xFC, 0xF8, 0xC0, 0x3F, 0xF6, 0x31, 0x8C, 0x63, 0x18, 0x03, 0xFF, 0xC3, 0x0C, 0x73, 0x9C,
    0xE3, 0xFF, 0xC0, 0x00, 0xFB, 0xF8, 0x30, 0xEF, 0x8F, 0x83, 0xEF, 0xFC, 0xE0, 0x1C, 0x38, 0xF3,
    0x66, 0xD9, 0xBF, 0xFF, 0x0C, 0x00, 0xF9, 0xF6, 0x0F, 0xCF, 0xC1, 0x83, 0xFF, 0xF8, 0xC0, 0x00,
    0xFB, 0xF6, 0x0F, 0xDF, 0xF1, 0xE3, 0xEE, 0xF8, 0xC0, 0x03, 0xFF, 0xC3, 0x18, 0x63, 0x8C, 0x71,
    0x86, 0x00, 0x00, 0xFB, 0xF6, 0x6F, 0xCF, 0xB3, 0xE3, 0xEF, 0xF8, 0xC0, 0x00, 0xFB, 0xF6, 0x7C,
    0x7F, 0xFF, 0x9F, 0x1D, 0xF1, 0x80, 0x30, 0xCF, 0xFF, 0x30, 0xC0, 0xFC, 0x03, 0xFF, 0xFF, 0xFC,
    0x76, 0xCC, 0xCC, 0xCC, 0xCC, 0x67, 0xC6, 0x67, 0x33, 0x33, 0x76, 0x6C, 0x7E, 0x26, 0x06, 0x7E,
    0x66, 0xE6, 0x7E, 0x3C, 0x66, 0x66, 0xFE, 0x40, 0x62, 0x3E, 0x3C, 0x66, 0x66, 0xC6, 0x66, 0x66,
    0x3C, 0xE6, 0xD8, 0xE1, 0xC3, 0xCD, 0xB1, 0x80, 0x7C, 0x4E, 0x06, 0xFE, 0xC6, 0x66, 0x3C, 0xC1,
    0x83, 0x07, 0xEF, 0xF8, 0xF1, 0xE3, 0xC7, 0x8C, 0xC1, 0x83, 0x06, 0x6D, 0x9E, 0x3C, 0x7C, 0xDD,
    0x98, 0xFF, 0xFF, 0xF0, 0xFF, 0xDF, 0xFF, 0x39, 0xE6, 0x3C, 0xC7, 0x98, 0xF3, 0x18, 0xFD, 0xFF,
    0x1E, 0x3C, 0x78, 0xF1, 0x80, 0xFD, 0xFF, 0x3E, 0x3C, 0xFF, 0xBF, 0x60, 0xC1, 0x80, 0xFB, 0xEC,
    0x1E, 0x1F, 0xFF, 0x80, 0x30, 0xC7, 0xDF, 0x30, 0xC3, 0x0F, 0x3C, 0x3F, 0x0F, 0xE3, 0x80, 0x70,
    0x0C, 0x01, 0x8F, 0xF1, 0xFF, 0x30, 0xE6, 0x0F, 0xF8, 0xFF, 0x03, 0x00, 0x60, 0x0C, 0x01, 0xF8,
    0x3F, 0x06, 0xC0, 0xD8, 0x7F, 0x9F, 0xF7, 0xDD, 0xDB, 0x3B, 0x66, 0xFC, 0xDB, 0x1B, 0x63, 0x6C,
    0x7D, 0x8F, 0xF0, 0xEC, 0x0F, 0xF1, 0xFE, 0x36, 0x0E, 0xC0, 0x1F, 0xC7, 0xF9, 0xC1, 0x70, 0x0E,
    0x01, 0xC0, 0x33, 0xF6, 0x7E, 0xCE, 0x19, 0xC3, 0xB0, 0x76, 0x0E, 0xC0, 0xF8, 0x0F, 0xF0, 0xFE,
    0x3F, 0xCF, 0xF3, 0x00, 0xC0, 0x30, 0x0C, 0x03, 0x00, 0xFF, 0x3F, 0xCC, 0x03, 0x03, 0xF8, 0xFE,
    0x0C, 0x03, 0x00, 0xC0, 0x1F, 0xC7, 0xF3, 0x88, 0xC0, 0x30, 0x0C, 0x0F, 0xF3, 0xFC, 0x30, 0x3F,
    0xCF, 0xF0, 0xC0, 0x30, 0x1C, 0x0F, 0xFF, 0xFF, 0x00, 0x30, 0x00, 0x18, 0x00, 0x18, 0x1B, 0xEF,
    0xCF, 0xFF, 0xF7, 0x1E, 0x3B, 0x87, 0x0D, 0x83, 0x06, 0xC3, 0x83, 0x61, 0xC1, 0xB0, 0xE0, 0xD8,
    0xF0, 0x6C, 0x78, 0x36, 0x6C, 0x1B, 0x36, 0x0C, 0x38, 0x00, 0x18, 0x00, 0x0C, 0x00, 0x00, 0x70,
    0xC7, 0x0C, 0x78, 0xC7, 0x8C, 0x78, 0xC7, 0xCC, 0xFF, 0xFF, 0xFF, 0x6E, 0xCF, 0xFF, 0xFF, 0xF6,
    0x7C, 0x63, 0xC6, 0x3C, 0x61, 0xC6, 0x1C, 0xFC, 0x01, 0xFC, 0x03, 0x1C, 0x06, 0x18, 0x0C, 0x36,
    0x18, 0x6C, 0x31, 0xD8, 0x63, 0xFE, 0xFE, 0xFD, 0xF8, 0xC3, 0x01, 0x86, 0x03, 0x0C, 0x06, 0x18,
    0x0C, 0x30, 0x1F, 0xE0, 0x1F, 0xFC, 0x01, 0xFC, 0x03, 0x1C, 0x06, 0x38, 0x0C, 0x37, 0xF8, 0x7F,
    0xF1, 0xF8, 0x67, 0xE0, 0xFE, 0xF1, 0xF8, 0xF3, 0x30, 0xFE, 0x70, 0x7C, 0x60, 0x78, 0xF1, 0xF0,
    0xFF, 0xE1, 0xFE, 0xC3, 0x0F, 0x9E, 0x3E, 0x79, 0xF9, 0xE7, 0x67, 0x99, 0x9E, 0x66, 0xFD, 0xBF,
    0xFF, 0xFF, 0xFD, 0xF3, 0xE3, 0xCF, 0x0F, 0x3C, 0x3C, 0xF0, 0xF1, 0xC3, 0x87, 0x0E, 0x1C, 0xFF,
    0x1F, 0xF8, 0xF0, 0xE7, 0x83, 0x3C, 0xD9, 0xE6, 0xCF, 0x36, 0x79, 0xB3, 0xCD, 0x9E, 0x6C, 0xF3,
    0x67, 0x9B, 0x3C, 0xC1, 0xE6, 0x1F, 0x3F, 0xD9, 0xFC, 0x00, 0xC0, 0xFF, 0x0F, 0xF0, 0x0C, 0x3E,
    0xC7, 0xFC, 0xE1, 0xCE, 0x1C, 0xC0, 0xCC, 0x0C, 0xC0, 0xCC, 0x0C, 0xE1, 0xCE, 0x1C, 0x7F, 0xC3,
    0xEC, 0x00, 0x07, 0xFC, 0x7F, 0xC0, 0x0F, 0xE3, 0xFC, 0xE0, 0xB8, 0x07, 0x01, 0xFF, 0x3F, 0xE3,
    0x00, 0x60, 0x1F, 0xE3, 0xFC, 0x38, 0x03, 0x00, 0x70, 0x07, 0xF8, 0x7F, 0x30, 0xE3, 0x0C, 0x31,
    0xC3, 0x38, 0x33, 0x03, 0x70, 0xFF, 0xCF, 0xFC, 0xFF, 0xC3, 0xF0, 0x33, 0x03, 0x38, 0x31, 0xC3,
    0x1C, 0x30, 0xE3, 0x06, 0xFF, 0xFF, 0xFC, 0x18, 0x03, 0x40, 0x7C, 0x0F, 0x03, 0xC0, 0xF0, 0x3F,
    0xC6, 0xF0, 0x3C, 0x0F, 0x03, 0xE0, 0x6C, 0x01, 0x80, 0x30, 0x7F, 0x80, 0x07, 0xFC, 0x00, 0x41,
    0xE0, 0x01, 0xC7, 0x00, 0x1C, 0x70, 0x01, 0x83, 0x00, 0x18, 0x30, 0x01, 0x83, 0x00, 0x38, 0x71,
    0xE3, 0x87, 0x7F, 0x30, 0x77, 0x73, 0x0E, 0xE3, 0x30, 0xEE, 0x37, 0x3C, 0xE7, 0x7F, 0x8F, 0xE7,
    0xE0, 0xFC, 0x00, 0x1C, 0x00, 0x01, 0xC0, 0x00, 0x18, 0x00, 0x01, 0x80, 0x00, 0x18, 0x00, 0x03,
    0xC0, 0xFC, 0x1B, 0x83, 0x30, 0x66, 0x0D, 0xC1, 0xF8, 0x3E, 0x03, 0xC0, 0x70, 0x4E, 0x19, 0xC3,
    0xFC, 0xFD, 0x9B, 0x3F, 0x67, 0x00, 0xE0, 0x0C, 0x03, 0x81, 0xF0, 0x3C, 0x3F, 0x03, 0xF8, 0x31,
    0xCF, 0xFF, 0xFF, 0xF3, 0x0C, 0xFF, 0xFF, 0xFF, 0x31, 0xC3, 0xF8, 0x3F, 0x03, 0x00, 0x30, 0x03,
    0x00, 0x30, 0x03, 0x00, 0x0F, 0xF3, 0xFF, 0x7B, 0x27, 0x30, 0xE3, 0x0E, 0x30, 0xC3, 0x0C, 0x3F,
    0xC3, 0xFC, 0x33, 0xE3, 0x3E, 0x33, 0x73, 0x37, 0xB3, 0x3F, 0xF1, 0xFF, 0x03, 0x00, 0x30, 0x07,
    0x00, 0x1E, 0x00, 0x78, 0x03, 0xE0, 0x0F, 0xC0, 0x3F, 0x07, 0xFF, 0x9F, 0xFE, 0x18, 0xE1, 0xFF,
    0xE7, 0xFF, 0x8E, 0x1C, 0x30, 0x31, 0xC0, 0xE7, 0x03, 0x98, 0x06, 0x3F, 0x87, 0xF8, 0x87, 0x00,
    0x60, 0x0D, 0xFF, 0xFF, 0xF8, 0x7C, 0x3E, 0x1F, 0xFF, 0xFF, 0xB0, 0x06, 0x00, 0xE0, 0x9F, 0xF1,
    0xFE, 0x1F, 0xE3, 0xFE, 0x7B, 0x27, 0x30, 0xE3, 0x0E, 0x30, 0xC3, 0x0C, 0x30, 0xC3, 0x0C, 0x30,
    0xE3, 0x0E, 0x30, 0xE3, 0x07, 0xB0, 0x3F, 0xE1, 0xFE, 0x03, 0x00, 0x30, 0x31, 0x83, 0x38, 0x33,
    0x8F, 0xFF, 0xFF, 0xF3, 0x18, 0x31, 0x83, 0x18, 0x31, 0x83, 0x18, 0x31, 0x83, 0x18, 0x31, 0x83,
    0x1F, 0x30, 0xF0, 0x03, 0xFC, 0x1F, 0xF0, 0xE0, 0x83, 0x00, 0x0C, 0x00, 0x38, 0x00, 0x78, 0x00,
    0xF8, 0x01, 0xF8, 0x00, 0xFF, 0xDD, 0xFF, 0xF3, 0xF7, 0xDF, 0x9B, 0xF7, 0xFF, 0x8F, 0xFC, 0x26,
    0xC0, 0x89, 0x00, 0xFF, 0xFF, 0xFC, 0x00, 0x00, 0x0F, 0xFF, 0xFF, 0xC3, 0x00, 0x60, 0x0C, 0x01,
    0x80, 0x30, 0x06, 0x00, 0xC0, 0x18, 0x03, 0x00, 0x60, 0xFF, 0xFF, 0xFF, 0xE3, 0x8F, 0xFF, 0xFF,
    0xFE, 0x38, 0xF8, 0x70, 0x18, 0x0E, 0x03, 0x81, 0xC0, 0x70, 0x38, 0x30, 0x06, 0x00, 0xDE, 0x1F,
    0x8F, 0xC1, 0xE7, 0x0F, 0xC7, 0xE0, 0xF0, 0x76, 0x0C, 0xC3, 0x98, 0x73, 0x1C, 0x67, 0x8F, 0xE1,
    0xF8, 0x78, 0x00, 0xFC, 0x00, 0xDC, 0x00, 0xEC, 0x00, 0xFF, 0xFE, 0x7F, 0xFF, 0x0C, 0x03, 0x0C,
    0x03, 0x0D, 0xBB, 0x0F, 0xFF, 0x0F, 0xEF, 0x0E, 0x46, 0x1E, 0x00, 0x17, 0x00, 0x07, 0xF8, 0x01,
    0xF8, 0x03, 0x00, 0x06, 0x00, 0x0C, 0x00, 0x18, 0x00, 0x30, 0x03, 0xFE, 0x1F, 0xFE, 0x39, 0x9C,
    0xE3, 0x1D, 0xC6, 0x3B, 0x0C, 0x36, 0x18, 0x6C, 0x00, 0xD8, 0x01, 0xB0, 0x03, 0x60, 0x06, 0x3F,
    0x87, 0xF8, 0xC3, 0x98, 0x33, 0x06, 0x60, 0xCC, 0x39, 0x8F, 0xFF, 0xDF, 0xE0, 0xC0, 0x7F, 0x0F,
    0xF0, 0x60, 0x0C, 0x01, 0x80, 0x1F, 0xC1, 0xFF, 0x1F, 0x7D, 0xDB, 0x6E, 0xDB, 0xF6, 0xDF, 0x36,
    0x79, 0xB3, 0xCD, 0x9E, 0x00, 0x38, 0x01, 0xC0, 0x07, 0x00, 0x3C, 0x01, 0xFF, 0xEF, 0xFF, 0x3C,
    0x1E, 0x3F, 0xDF, 0xFC, 0x3E, 0x0F, 0x07, 0x87, 0xC7, 0xFF, 0xBF, 0xD8, 0x7C, 0x1E, 0x0F, 0x07,
    0x87, 0xFF, 0xFF, 0x0F, 0x07, 0x80, 0x3F, 0x3F, 0xB8, 0x1C, 0x0C, 0x06, 0x03, 0x01, 0x80, 0xE0,
    0x70, 0x1F, 0xC7, 0xE0, 0x07, 0xFB, 0xFC, 0x00, 0x3F, 0xFF, 0xFC, 0x1F, 0x3E, 0x3F, 0x7E, 0x30,
    0x70, 0x30, 0x60, 0xFF, 0xFC, 0xFF, 0xFC, 0x30, 0x60, 0x30, 0x60, 0x30, 0x60, 0x30, 0x60, 0x30,
    0x60, 0x30, 0x60, 0x30, 0x60, 0x30, 0x60, 0x30, 0x60, 0x30, 0x60, 0x1F, 0x67, 0xEC, 0xC0, 0x18,
    0x0F, 0xE7, 0xFC, 0xCC, 0x19, 0x83, 0x30, 0x66, 0x0C, 0xC1, 0x98, 0x33, 0x06, 0x60, 0xCC, 0x19,
    0x83, 0x1F, 0x67, 0xEC, 0xC1, 0x98, 0x3F, 0xE7, 0xFC, 0xCC, 0x19, 0x83, 0x30, 0x66, 0x0C, 0xC1,
    0x98, 0x33, 0x06, 0x60, 0xCC, 0x19, 0x83, 0x1F, 0x3E, 0xCF, 0xDF, 0xB3, 0x07, 0x00, 0xC1, 0x80,
    0xFF, 0xFC, 0xFF, 0xFF, 0x33, 0x06, 0x0C, 0xC1, 0x83, 0x30, 0x60, 0xCC, 0x18, 0x33, 0x06, 0x0C,
    0xC1, 0x83, 0x30, 0x60, 0xCC, 0x18, 0x33, 0x06, 0x0C, 0xC1, 0x83, 0x1F, 0x3E, 0xCF, 0xDF, 0xB3,
    0x07, 0x0C, 0xC1, 0x83, 0xFF, 0xFC, 0xFF, 0xFF, 0x33, 0x06, 0x0C, 0xC1, 0x83, 0x30, 0x60, 0xCC,
    0x18, 0x33, 0x06, 0x0C, 0xC1, 0x83, 0x30, 0x60, 0xCC, 0x18, 0x33, 0x06, 0x0C, 0xC1, 0x83, 0x7F,
    0x0F, 0xF8, 0xE1, 0x8C, 0x18, 0xC7, 0xFC, 0x7F, 0xC1, 0x8C, 0x18, 0xC1, 0x8C, 0x18, 0xC1, 0x8C,
    0x18, 0xC1, 0x8C, 0x1C, 0xC1, 0xFC, 0x0F, 0x03, 0xF0, 0x07, 0xF8, 0x07, 0x18, 0x06, 0x18, 0x7F,
    0x7F, 0xFF, 0x7F, 0xC0, 0x18, 0xC0, 0x18, 0xF0, 0x18, 0x7C, 0x18, 0x1F, 0x18, 0x07, 0x18, 0x03,
    0x18, 0x87, 0x1C, 0xFF, 0x1F, 0xFE, 0x0F, 0x00, 0x00, 0x00, 0x06, 0x00, 0x00, 0xF0, 0x00, 0x1F,
    0xC0, 0x03, 0xFE, 0x00, 0x78, 0xF0, 0x0F, 0x07, 0x81, 0xFF, 0x3C, 0x3F, 0xF7, 0xE7, 0xFE, 0x7F,
    0x7F, 0xCF, 0xF7, 0xF9, 0xFE, 0x3F, 0x9F, 0xC1, 0xFF, 0xF8, 0x0F, 0xFF, 0x00, 0x79, 0xE0, 0x03,
    0x9C, 0x00, 0x1F, 0x80, 0x00, 0xF0, 0x00, 0x06, 0x00,
};

static const EpdGlyph notosansui_10_regularGlyphs[] = {
    { 0, 0, 0, 0, 0, 0, 0 }, // U+0000
    { 0, 0, 87, 0, 0, 0, 0 }, // U+000D
    { 0, 0, 87, 0, 0, 0, 0 }, // U+0020
    { 3, 16, 90, 1, 16, 6, 0 }, // !
    { 7, 6, 136, 1, 16, 6, 6 }, // "
    { 13, 16, 215, 1, 16, 26, 12 }, // #
    { 10, 18, 191, 1, 16, 23, 38 }, // $
    { 16, 16, 277, 1, 16, 32, 61 }, // %
    { 15, 16, 244, 1, 16, 30, 93 }, // &
    { 3, 6, 75, 1, 16, 3, 123 }, // '
    { 5, 19, 100, 1, 16, 12, 126 }, // (
    { 5, 19, 100, 1, 16, 12, 138 }, // )
    { 11, 10, 184, 0, 16, 14, 150 }, // *
    { 10, 11, 191, 1, 13, 14, 164 }, // +
    { 4, 5, 89, 0, 2, 3, 178 }, // ,
    { 5, 2, 107, 1, 7, 2, 181 }, // -
    { 3, 3, 89, 1, 3, 2, 183 }, // .
    { 8, 16, 124, 0, 16, 16, 185 }, // /
    { 10, 16, 191, 1, 16, 20, 201 }, // 0
    { 6, 16, 191, 2, 16, 12, 221 }, // 1
    { 10, 16, 191, 1, 16, 20, 233 }, // 2
    { 10, 16, 191, 0, 16, 20, 253 }, // 3
    { 11, 16, 191, 1, 16, 22, 273 }, // 4
    { 10, 16, 191, 1, 16, 20, 295 }, // 5
    { 10, 16, 191, 1, 16, 20, 315 }, // 6
    { 10, 16, 191, 1, 16, 20, 335 }, // 7
    { 10, 16, 191, 1, 16, 20, 355 }, // 8
    { 10, 16, 191, 1, 16, 20, 375 }, // 9
    { 3, 12, 89, 1, 12, 5, 395 }, // :
    { 4, 15, 89, 0, 12, 8, 400 }, // ;
    { 10, 12, 191, 1, 14, 15, 408 }, // <
    { 10, 6, 191, 1, 11, 8, 423 }, // =
    { 10, 12, 191, 1, 14, 15, 431 }, // >
    { 9, 16, 145, -1, 16, 18, 446 }, // ?
    { 17, 18, 300, 1, 16, 39, 464 }, // @
    { 14, 16, 213, 0, 16, 28, 503 }, // A
    { 10, 16, 217, 2, 16, 20, 531 }, // B
    { 12, 16, 211, 1, 16, 24, 551 }, // C
    { 12, 16, 243, 2, 16, 24, 575 }, // D
    { 9, 16, 185, 2, 16, 18, 599 }, // E
    { 9, 16, 173, 2, 16, 18, 617 }, // F
    { 12, 16, 243, 1, 16, 24, 635 }, // G
    { 11, 16, 247, 2, 16, 22, 659 }, // H
    { 5, 16, 113, 1, 16, 10, 681 }, // I
    { 6, 20, 91, -2, 16, 15, 691 }, // J
    { 11, 16, 206, 2, 16, 22, 706 }, // K
    { 9, 16, 175, 2, 16, 18, 728 }, // L
    { 15, 16, 302, 2, 16, 30, 746 }, // M
    { 12, 16, 253, 2, 16, 24, 776 }, // N
    { 14, 16, 260, 1, 16, 28, 800 }, // O
    { 10, 16, 202, 2, 16, 20, 828 }, // P
    { 14, 20, 260, 1, 16, 35, 848 }, // Q
    { 11, 16, 207, 2, 16, 22, 883 }, // R
    { 9, 16, 183, 1, 16, 18, 905 }, // S
    { 11, 16, 185, 1, 16, 22, 923 }, // T
    { 12, 16, 244, 2, 16, 24, 945 }, // U
    { 13, 16, 200, 0, 16, 26, 969 }, // V
    { 20, 16, 310, 0, 16, 40, 995 }, // W
    { 13, 16, 195, 0, 16, 26, 1035 }, // X
    { 12, 16, 189, 0, 16, 24, 1061 }, // Y
    { 10, 16, 191, 1, 16, 20, 1085 }, // Z
    { 5, 19, 110, 2, 16, 12, 1105 }, // [
    { 8, 16, 124, 0, 16, 16, 1117 }, // <backslash>
    { 5, 19, 110, 1, 16, 12, 1133 }, // ]
    { 12, 10, 191, 0, 16, 15, 1145 }, // ^
    { 9, 2, 148, 0, -1, 3, 1160 }, // _
    { 6, 4, 94, 0, 17, 3, 1163 }, // `
    { 9, 12, 187, 1, 12, 14, 1166 }, // a
    { 10, 16, 205, 2, 16, 20, 1180 }, // b
    { 9, 12, 160, 1, 12, 14, 1200 }, // c
    { 10, 16, 205, 1, 16, 20, 1214 }, // d
    { 10, 12, 188, 1, 12, 15, 1234 }, // e
    { 9, 16, 115, 1, 16, 18, 1249 }, // f
    { 10, 17, 205, 1, 12, 22, 1267 }, // g
    { 10, 16, 206, 2, 16, 20, 1289 }, // h
    { 2, 16, 86, 2, 16, 4, 1309 }, // i
    { 5, 21, 86, -1, 16, 14, 1313 }, // j
    { 10, 16, 178, 2, 16, 20, 1327 }, // k
    { 2, 16, 86, 2, 16, 4, 1347 }, // l
    { 17, 12, 312, 2, 12, 26, 1351 }, // m
    { 10, 12, 206, 2, 12, 15, 1377 }, // n
    { 10, 12, 202, 1, 12, 15, 1392 }, // o
    { 10, 17, 205, 2, 12, 22, 1407 }, // p
    { 10, 17, 205, 1, 12, 22, 1429 }, // q
    { 7, 12, 138, 2, 12, 11, 1451 }, // r
    { 8, 12, 160, 1, 12, 12, 1462 }, // s
    { 7, 15, 120, 1, 15, 14, 1474 }, // t
    { 10, 12, 206, 2, 12, 15, 1488 }, // u
    { 11, 12, 169, 0, 12, 17, 1503 }, // v
    { 17, 12, 262, 0, 12, 26, 1520 }, // w
    { 11, 12, 176, 0, 12, 17, 1546 }, // x
    { 12, 17, 170, -1, 12, 26, 1563 }, // y
    { 8, 12, 157, 1, 12, 12, 1589 }, // z
    { 7, 19, 127, 0, 16, 17, 1601 }, // {
    { 2, 21, 184, 5, 16, 6, 1618 }, // |
    { 8, 19, 127, 0, 16, 19, 1624 }, // }
    { 10, 3, 191, 1, 9, 4, 1643 }, // ~
    { 0, 0, 87, 0, 0, 0, 1647 }, // U+00A0
    { 3, 16, 90, 1, 12, 6, 1647 }, // U+00A1
    { 9, 16, 191, 2, 16, 18, 1653 }, // U+00A2
    { 10, 16, 191, 1, 16, 20, 1671 }, // U+00A3
    { 10, 11, 191, 1, 13, 14, 1691 }, // U+00A4
    { 12, 16, 191, 0, 16, 24, 1705 }, // U+00A5
    { 2, 21, 184, 5, 16, 6, 1729 }, // U+00A6
    { 8, 16, 171, 1, 16, 16, 1735 }, // U+00A7
    { 6, 2, 193, 3, 16, 2, 1751 }, // U+00A8
    { 15, 17, 277, 1, 17, 32, 1753 }, // U+00A9
    { 7, 6, 119, 0, 15, 6, 1785 }, // U+00AA
    { 9, 10, 170, 1, 11, 12, 1791 }, // U+00AB
    { 11, 6, 191, 1, 9, 9, 1803 }, // U+00AC
    { 5, 2, 107, 1, 7, 2, 1812 }, // U+00AD
    { 15, 17, 277, 1, 17, 32, 1814 }, // U+00AE
    { 11, 2, 167, 0, 19, 3, 1846 }, // U+00AF
    { 7, 7, 143, 1, 16, 7, 1849 }, // U+00B0
    { 10, 13, 191, 1, 13, 17, 1856 }, // U+00B1
    { 6, 11, 117, 1, 19, 9, 1873 }, // U+00B2
    { 7, 11, 117, 0, 19, 10, 1882 }, // U+00B3
    { 6, 4, 94, 0, 17, 3, 1892 }, // U+00B4
    { 10, 17, 208, 2, 12, 22, 1895 }, // U+00B5
    { 10, 21, 218, 1, 16, 27, 1917 }, // U+00B6
    { 3, 3, 89, 1, 9, 2, 1944 }, // U+00B7
    { 5, 7, 75, 0, 1, 5, 1946 }, // U+00B8
    { 5, 9, 117, 1, 18, 6, 1951 }, // U+00B9
    { 8, 7, 125, 0, 15, 7, 1957 }, // U+00BA
    { 9, 10, 170, 1, 11, 12, 1964 }, // U+00BB
    { 15, 15, 248, 0, 15, 29, 1976 }, // U+00BC
    { 15, 15, 257, 0, 15, 29, 2005 }, // U+00BD
    { 16, 16, 260, 0, 16, 32, 2034 }, // U+00BE
    { 9, 16, 145, 1, 12, 18, 2066 }, // U+00BF
    { 14, 21, 213, 0, 21, 37, 2084 }, // U+00C0
    { 14, 21, 213, 0, 21, 37, 2121 }, // U+00C1
    { 14, 21, 213, 0, 21, 37, 2158 }, // U+00C2
    { 14, 20, 213, 0, 20, 35, 2195 }, // U+00C3
    { 14, 20, 213, 0, 20, 35, 2230 }, // U+00C4
    { 15, 20, 213, -1, 20, 38, 2265 }, // U+00C5
    { 18, 16, 294, -1, 16, 36, 2303 }, // U+00C6
    { 12, 21, 211, 1, 16, 32, 2339 }, // U+00C7
    { 9, 21, 185, 2, 21, 24, 2371 }, // U+00C8
    { 9, 21, 185, 2, 21, 24, 2395 }, // U+00C9
    { 9, 21, 185, 2, 21, 24, 2419 }, // U+00CA
    { 9, 20, 185, 2, 20, 23, 2443 }, // U+00CB
    { 5, 21, 113, 1, 21, 14, 2466 }, // U+00CC
    { 6, 21, 113, 1, 21, 16, 2480 }, // U+00CD
    { 7, 21, 113, 0, 21, 19, 2496 }, // U+00CE
    { 6, 20, 113, 1, 20, 15, 2515 }, // U+00CF
    { 13, 16, 243, 1, 16, 26, 2530 }, // U+00D0
    { 12, 20, 253, 2, 20, 30, 2556 }, // U+00D1
    { 14, 21, 260, 1, 21, 37, 2586 }, // U+00D2
    { 14, 21, 260, 1, 21, 37, 2623 }, // U+00D3
    { 14, 21, 260, 1, 21, 37, 2660 }, // U+00D4
    { 14, 20, 260, 1, 20, 35, 2697 }, // U+00D5
    { 14, 20, 260, 1, 20, 35, 2732 }, // U+00D6
    { 10, 11, 191, 1, 13, 14, 2767 }, // U+00D7
    { 14, 18, 260, 1, 17, 32, 2781 }, // U+00D8
    { 12, 21, 244, 2, 21, 32, 2813 }, // U+00D9
    { 12, 21, 244, 2, 21, 32, 2845 }, // U+00DA
    { 12, 21, 244, 2, 21, 32, 2877 }, // U+00DB
    { 12, 20, 244, 2, 20, 30, 2909 }, // U+00DC
    { 12, 21, 189, 0, 21, 32, 2939 }, // U+00DD
    { 10, 16, 202, 2, 16, 20, 2971 }, // U+00DE
    { 11, 16, 210, 2, 16, 22, 2991 }, // U+00DF
    { 9, 16, 187, 1, 16, 18, 3013 }, // U+00E0
    { 9, 16, 187, 1, 16, 18, 3031 }, // U+00E1
    { 9, 16, 187, 1, 16, 18, 3049 }, // U+00E2
    { 9, 16, 187, 1, 16, 18, 3067 }, // U+00E3
    { 9, 16, 187, 1, 16, 18, 3085 }, // U+00E4
    { 9, 18, 187, 1, 18, 21, 3103 }, // U+00E5
    { 16, 12, 288, 1, 12, 24, 3124 }, // U+00E6
    { 9, 17, 160, 1, 12, 20, 3148 }, // U+00E7
    { 10, 16, 188, 1, 16, 20, 3168 }, // U+00E8
    { 10, 16, 188, 1, 16, 20, 3188 }, // U+00E9
    { 10, 16, 188, 1, 16, 20, 3208 }, // U+00EA
    { 10, 16, 188, 1, 16, 20, 3228 }, // U+00EB
    { 5, 16, 86, 0, 16, 10, 3248 }, // U+00EC
    { 6, 16, 86, 1, 16, 12, 3258 }, // U+00ED
    { 8, 16, 86, -1, 16, 16, 3270 }, // U+00EE
    { 6, 16, 86, 0, 16, 12, 3286 }, // U+00EF
    { 10, 18, 202, 1, 18, 23, 3298 }, // U+00F0
    { 10, 16, 206, 2, 16, 20, 3321 }, // U+00F1
    { 10, 16, 202, 1, 16, 20, 3341 }, // U+00F2
    { 10, 16, 202, 1, 16, 20, 3361 }, // U+00F3
    { 10, 16, 202, 1, 16, 20, 3381 }, // U+00F4
    { 10, 16, 202, 1, 16, 20, 3401 }, // U+00F5
    { 10, 16, 202, 1, 16, 20, 3421 }, // U+00F6
    { 10, 10, 191, 1, 13, 13, 3441 }, // U+00F7
    { 10, 14, 202, 1, 13, 18, 3454 }, // U+00F8
    { 10, 16, 206, 2, 16, 20, 3472 }, // U+00F9
    { 10, 16, 206, 2, 16, 20, 3492 }, // U+00FA
    { 10, 16, 206, 2, 16, 20, 3512 }, // U+00FB
    { 10, 16, 206, 2, 16, 20, 3532 }, // U+00FC
    { 12, 21, 170, -1, 16, 32, 3552 }, // U+00FD
    { 10, 21, 205, 2, 16, 27, 3584 }, // U+00FE
    { 12, 21, 170, 0, 16, 32, 3611 }, // U+00FF
    { 14, 19, 213, 0, 19, 34, 3643 }, // U+0100
    { 9, 15, 187, 1, 15, 17, 3677 }, // U+0101
    { 14, 20, 213, -1, 20, 35, 3694 }, // U+0102
    { 9, 16, 187, 1, 16, 18, 3729 }, // U+0103
    { 14, 21, 213, 0, 16, 37, 3747 }, // U+0104
    { 10, 17, 187, 1, 12, 22, 3784 }, // U+0105
    { 12, 21, 211, 1, 21, 32, 3806 }, // U+0106
    { 9, 16, 160, 1, 16, 18, 3838 }, // U+0107
    { 12, 21, 211, 1, 21, 32, 3856 }, // U+0108
    { 9, 16, 160, 1, 16, 18, 3888 }, // U+0109
    { 12, 21, 211, 1, 21, 32, 3906 }, // U+010A
    { 9, 16, 160, 1, 16, 18, 3938 }, // U+010B
    { 12, 21, 211, 1, 21, 32, 3956 }, // U+010C
    { 9, 16, 160, 1, 16, 18, 3988 }, // U+010D
    { 12, 21, 243, 2, 21, 32, 4006 }, // U+010E
    { 14, 16, 205, 1, 16, 28, 4038 }, // U+010F
    { 13, 16, 243, 1, 16, 26, 4066 }, // U+0110
    { 12, 16, 206, 1, 16, 24, 4092 }, // U+0111
    { 9, 19, 185, 2, 19, 22, 4116 }, // U+0112
    { 10, 15, 188, 1, 15, 19, 4138 }, // U+0113
    { 9, 20, 185, 2, 20, 23, 4157 }, // U+0114
    { 10, 16, 188, 1, 16, 20, 4180 }, // U+0115
    { 9, 20, 185, 2, 20, 23, 4200 }, // U+0116
    { 10, 16, 188, 1, 16, 20, 4223 }, // U+0117
    { 9, 21, 185, 2, 16, 24, 4243 }, // U+0118
    { 10, 17, 188, 1, 12, 22, 4267 }, // U+0119
    { 9, 21, 185, 2, 21, 24, 4289 }, // U+011A
    { 10, 16, 188, 1, 16, 20, 4313 }, // U+011B
    { 12, 21, 243, 1, 21, 32, 4333 }, // U+011C
    { 10, 21, 205, 1, 16, 27, 4365 }, // U+011D
    { 12, 21, 243, 1, 21, 32, 4392 }, // U+011E
    { 10, 21, 205, 1, 16, 27, 4424 }, // U+011F
    { 12, 21, 243, 1, 21, 32, 4451 }, // U+0120
    { 10, 21, 205, 1, 16, 27, 4483 }, // U+0121
    { 12, 21, 243, 1, 16, 32, 4510 }, // U+0122
    { 10, 21, 205, 1, 16, 27, 4542 }, // U+0123
    { 11, 21, 247, 2, 21, 29, 4569 }, // U+0124
    { 13, 22, 206, -1, 22, 36, 4598 }, // U+0125
    { 15, 16, 247, 0, 16, 30, 4634 }, // U+0126
    { 11, 16, 206, 1, 16, 22, 4664 }, // U+0127
    { 9, 20, 113, -1, 20, 23, 4686 }, // U+0128
    { 8, 16, 86, -1, 16, 16, 4709 }, // U+0129
    { 6, 19, 113, 1, 19, 15, 4725 }, // U+012A
    { 6, 15, 86, 0, 15, 12, 4740 }, // U+012B
    { 7, 20, 113, 0, 20, 18, 4752 }, // U+012C
    { 8, 16, 86, -1, 16, 16, 4770 }, // U+012D
    { 5, 21, 113, 1, 16, 14, 4786 }, // U+012E
    { 4, 21, 86, 1, 16, 11, 4800 }, // U+012F
    { 5, 20, 113, 1, 20, 13, 4811 }, // U+0130
    { 2, 12, 86, 2, 12, 3, 4824 }, // U+0131
    { 10, 20, 204, 1, 16, 25, 4827 }, // U+0132
    { 7, 21, 172, 2, 16, 19, 4852 }, // U+0133
    { 9, 25, 91, -2, 21, 29, 4871 }, // U+0134
    { 8, 21, 86, -1, 16, 21, 4900 }, // U+0135
    { 11, 21, 206, 2, 16, 29, 4921 }, // U+0136
    { 10, 21, 178, 2, 16, 27, 4950 }, // U+0137
    { 10, 12, 178, 2, 12, 15, 4977 }, // U+0138
    { 10, 21, 175, 1, 21, 27, 4992 }, // U+0139
    { 6, 22, 86, 1, 22, 17, 5019 }, // U+013A
    { 9, 21, 175, 2, 16, 24, 5036 }, // U+013B
    { 4, 21, 86, 1, 16, 11, 5060 }, // U+013C
    { 9, 16, 175, 2, 16, 18, 5071 }, // U+013D
    { 6, 16, 86, 2, 16, 12, 5089 }, // U+013E
    { 9, 16, 175, 2, 16, 18, 5101 }, // U+013F
    { 5, 16, 89, 2, 16, 10, 5119 }, // U+0140
    { 11, 16, 175, 0, 16, 22, 5129 }, // U+0141
    { 6, 16, 86, 0, 16, 12, 5151 }, // U+0142
    { 12, 21, 253, 2, 21, 32, 5163 }, // U+0143
    { 10, 16, 206, 2, 16, 20, 5195 }, // U+0144
    { 12, 21, 253, 2, 16, 32, 5215 }, // U+0145
    { 10, 17, 206, 2, 12, 22, 5247 }, // U+0146
    { 12, 21, 253, 2, 21, 32, 5269 }, // U+0147
    { 10, 16, 206, 2, 16, 20, 5301 }, // U+0148
    { 14, 16, 229, -1, 16, 28, 5321 }, // U+0149
    { 12, 20, 253, 2, 16, 30, 5349 }, // U+014A
    { 10, 17, 206, 2, 12, 22, 5379 }, // U+014B
    { 14, 19, 260, 1, 19, 34, 5401 }, // U+014C
    { 10, 15, 202, 1, 15, 19, 5435 }, // U+014D
    { 14, 21, 260, 1, 21, 37, 5454 }, // U+014E
    { 10, 16, 202, 1, 16, 20, 5491 }, // U+014F
    { 14, 21, 260, 1, 21, 37, 5511 }, // U+0150
    { 10, 16, 202, 1, 16, 20, 5548 }, // U+0151
    { 17, 16, 309, 1, 16, 34, 5568 }, // U+0152
    { 18, 12, 315, 1, 12, 27, 5602 }, // U+0153
    { 11, 21, 207, 2, 21, 29, 5629 }, // U+0154
    { 7, 16, 138, 2, 16, 14, 5658 }, // U+0155
    { 11, 21, 207, 2, 16, 29, 5672 }, // U+0156
    { 8, 17, 138, 1, 12, 17, 5701 }, // U+0157
    { 11, 21, 207, 2, 21, 29, 5718 }, // U+0158
    { 8, 16, 138, 1, 16, 16, 5747 }, // U+0159
    { 9, 21, 183, 1, 21, 24, 5763 }, // U+015A
    { 8, 16, 160, 1, 16, 16, 5787 }, // U+015B
    { 9, 21, 183, 1, 21, 24, 5803 }, // U+015C
    { 8, 16, 160, 1, 16, 16, 5827 }, // U+015D
    { 9, 21, 183, 1, 16, 24, 5843 }, // U+015E
    { 8, 17, 160, 1, 12, 17, 5867 }, // U+015F
    { 9, 21, 183, 1, 21, 24, 5884 }, // U+0160
    { 8, 16, 160, 1, 16, 16, 5908 }, // U+0161
    { 11, 21, 185, 1, 16, 29, 5924 }, // U+0162
    { 7, 20, 120, 1, 15, 18, 5953 }, // U+0163
    { 11, 21, 185, 1, 21, 29, 5971 }, // U+0164
    { 10, 16, 120, 1, 16, 20, 6000 }, // U+0165
    { 11, 16, 185, 1, 16, 22, 6020 }, // U+0166
    { 7, 15, 120, 1, 15, 14, 6042 }, // U+0167
    { 12, 20, 244, 2, 20, 30, 6056 }, // U+0168
    { 10, 16, 206, 2, 16, 20, 6086 }, // U+0169
    { 12, 19, 244, 2, 19, 29, 6106 }, // U+016A
    { 10, 15, 206, 2, 15, 19, 6135 }, // U+016B
    { 12, 21, 244, 2, 21, 32, 6154 }, // U+016C
    { 10, 16, 206, 2, 16, 20, 6186 }, // U+016D
    { 12, 23, 244, 2, 23, 35, 6206 }, // U+016E
    { 10, 18, 206, 2, 18, 23, 6241 }, // U+016F
    { 12, 21, 244, 2, 21, 32, 6264 }, // U+0170
    { 10, 16, 206, 2, 16, 20, 6296 }, // U+0171
    { 12, 21, 244, 2, 16, 32, 6316 }, // U+0172
    { 11, 17, 206, 2, 12, 24, 6348 }, // U+0173
    { 20, 21, 310, 0, 21, 53, 6372 }, // U+0174
    { 17, 16, 262, 0, 16, 34, 6425 }, // U+0175
    { 12, 21, 189, 0, 21, 32, 6459 }, // U+0176
    { 12, 21, 170, -1, 16, 32, 6491 }, // U+0177
    { 12, 20, 189, 0, 20, 30, 6523 }, // U+0178
    { 10, 21, 191, 1, 21, 27, 6553 }, // U+0179
    { 8, 16, 157, 1, 16, 16, 6580 }, // U+017A
    { 10, 20, 191, 1, 20, 25, 6596 }, // U+017B
    { 8, 16, 157, 1, 16, 16, 6621 }, // U+017C
    { 10, 21, 191, 1, 21, 27, 6637 }, // U+017D
    { 8, 16, 157, 1, 16, 16, 6664 }, // U+017E
    { 6, 16, 109, 2, 16, 12, 6680 }, // U+017F
    { 16, 16, 261, 1, 16, 32, 6692 }, // U+01A0
    { 12, 14, 205, 1, 14, 21, 6724 }, // U+01A1
    { 16, 16, 260, 2, 16, 32, 6745 }, // U+01AF
    { 14, 14, 225, 2, 14, 25, 6777 }, // U+01B0
    { 24, 21, 431, 2, 21, 63, 6802 }, // U+01C4
    { 22, 16, 400, 2, 16, 44, 6865 }, // U+01C5
    { 20, 16, 362, 1, 16, 40, 6909 }, // U+01C6
    { 13, 20, 266, 2, 16, 33, 6949 }, // U+01C7
    { 13, 21, 261, 2, 16, 35, 6982 }, // U+01C8
    { 7, 21, 172, 2, 16, 19, 7017 }, // U+01C9
    { 18, 20, 344, 2, 16, 45, 7036 }, // U+01CA
    { 18, 21, 339, 2, 16, 48, 7081 }, // U+01CB
    { 15, 21, 292, 2, 16, 40, 7129 }, // U+01CC
    { 14, 21, 213, 0, 21, 37, 7169 }, // U+01CD
    { 9, 16, 187, 1, 16, 18, 7206 }, // U+01CE
    { 7, 21, 113, 0, 21, 19, 7224 }, // U+01CF
    { 8, 16, 86, -1, 16, 16, 7243 }, // U+01D0
    { 14, 21, 260, 1, 21, 37, 7259 }, // U+01D1
    { 10, 16, 202, 1, 16, 20, 7296 }, // U+01D2
    { 12, 21, 244, 2, 21, 32, 7316 }, // U+01D3
    { 10, 16, 206, 2, 16, 20, 7348 }, // U+01D4
    { 12, 23, 244, 2, 23, 35, 7368 }, // U+01D5
    { 10, 19, 206, 2, 19, 24, 7403 }, // U+01D6
    { 12, 24, 244, 2, 24, 36, 7427 }, // U+01D7
    { 10, 19, 206, 2, 19, 24, 7463 }, // U+01D8
    { 12, 24, 244, 2, 24, 36, 7487 }, // U+01D9
    { 10, 20, 206, 2, 20, 25, 7523 }, // U+01DA
    { 12, 24, 244, 2, 24, 36, 7548 }, // U+01DB
    { 10, 19, 206, 2, 19, 24, 7584 }, // U+01DC
    { 10, 12, 188, 1, 12, 15, 7608 }, // U+01DD
    { 14, 23, 213, 0, 23, 41, 7623 }, // U+01DE
    { 9, 19, 187, 1, 19, 22, 7664 }, // U+01DF
    { 14, 22, 213, 0, 22, 39, 7686 }, // U+01E0
    { 9, 19, 187, 1, 19, 22, 7725 }, // U+01E1
    { 18, 19, 294, -1, 19, 43, 7747 }, // U+01E2
    { 16, 15, 288, 1, 15, 30, 7790 }, // U+01E3
    { 14, 16, 243, 1, 16, 28, 7820 }, // U+01E4
    { 11, 17, 205, 1, 12, 24, 7848 }, // U+01E5
    { 12, 21, 243, 1, 21, 32, 7872 }, // U+01E6
    { 10, 21, 205, 1, 16, 27, 7904 }, // U+01E7
    { 11, 21, 206, 2, 21, 29, 7931 }, // U+01E8
    { 13, 22, 178, -1, 22, 36, 7960 }, // U+01E9
    { 14, 21, 260, 1, 16, 37, 7996 }, // U+01EA
    { 10, 17, 202, 1, 12, 22, 8033 }, // U+01EB
    { 14, 24, 260, 1, 19, 42, 8055 }, // U+01EC
    { 10, 20, 202, 1, 15, 25, 8097 }, // U+01ED
    { 11, 21, 195, 0, 21, 29, 8122 }, // U+01EE
    { 10, 21, 166, 0, 16, 27, 8151 }, // U+01EF
    { 8, 21, 86, -1, 16, 21, 8178 }, // U+01F0
    { 24, 16, 431, 2, 16, 48, 8199 }, // U+01F1
    { 22, 16, 400, 2, 16, 44, 8247 }, // U+01F2
    { 20, 16, 362, 1, 16, 40, 8291 }, // U+01F3
    { 12, 21, 243, 1, 21, 32, 8331 }, // U+01F4
    { 10, 21, 205, 1, 16, 27, 8363 }, // U+01F5
    { 16, 16, 313, 2, 16, 32, 8390 }, // U+01F6
    { 11, 21, 220, 2, 16, 29, 8422 }, // U+01F7
    { 12, 21, 253, 2, 21, 32, 8451 }, // U+01F8
    { 10, 16, 206, 2, 16, 20, 8483 }, // U+01F9
    { 15, 21, 213, -1, 21, 40, 8503 }, // U+01FA
    { 9, 21, 187, 1, 21, 24, 8543 }, // U+01FB
    { 18, 21, 294, -1, 21, 48, 8567 }, // U+01FC
    { 16, 16, 288, 1, 16, 32, 8615 }, // U+01FD
    { 14, 22, 260, 1, 21, 39, 8647 }, // U+01FE
    { 10, 17, 202, 1, 16, 22, 8686 }, // U+01FF
    { 14, 21, 213, 0, 21, 37, 8708 }, // U+0200
    { 9, 16, 187, 1, 16, 18, 8745 }, // U+0201
    { 14, 20, 213, 0, 20, 35, 8763 }, // U+0202
    { 9, 16, 187, 1, 16, 18, 8798 }, // U+0203
    { 10, 21, 185, 1, 21, 27, 8816 }, // U+0204
    { 10, 16, 188, 1, 16, 20, 8843 }, // U+0205
    { 9, 20, 185, 2, 20, 23, 8863 }, // U+0206
    { 10, 16, 188, 1, 16, 20, 8886 }, // U+0207
    { 8, 21, 113, -1, 21, 21, 8906 }, // U+0208
    { 8, 16, 86, -2, 16, 16, 8927 }, // U+0209
    { 7, 20, 113, 0, 20, 18, 8943 }, // U+020A
    { 7, 16, 86, -1, 16, 14, 8961 }, // U+020B
    { 14, 21, 260, 1, 21, 37, 8975 }, // U+020C
    { 10, 16, 202, 1, 16, 20, 9012 }, // U+020D
    { 14, 21, 260, 1, 21, 37, 9032 }, // U+020E
    { 10, 16, 202, 1, 16, 20, 9069 }, // U+020F
    { 12, 21, 207, 1, 21, 32, 9089 }, // U+0210
    { 9, 16, 138, 0, 16, 18, 9121 }, // U+0211
    { 11, 20, 207, 2, 20, 28, 9139 }, // U+0212
    { 8, 16, 138, 1, 16, 16, 9167 }, // U+0213
    { 12, 21, 244, 2, 21, 32, 9183 }, // U+0214
    { 10, 16, 206, 2, 16, 20, 9215 }, // U+0215
    { 12, 21, 244, 2, 21, 32, 9235 }, // U+0216
    { 10, 16, 206, 2, 16, 20, 9267 }, // U+0217
    { 9, 21, 183, 1, 16, 24, 9287 }, // U+0218
    { 8, 17, 160, 1, 12, 17, 9311 }, // U+0219
    { 11, 21, 185, 1, 16, 29, 9328 }, // U+021A
    { 7, 20, 120, 1, 15, 18, 9357 }, // U+021B
    { 11, 20, 192, 0, 16, 28, 9375 }, // U+021C
    { 9, 18, 165, 0, 12, 21, 9403 }, // U+021D
    { 11, 21, 247, 2, 21, 29, 9424 }, // U+021E
    { 13, 22, 206, -1, 22, 36, 9453 }, // U+021F
    { 5, 4, 0, -11, 17, 3, 9489 }, // U+0300
    { 5, 4, 0, -7, 17, 3, 9492 }, // U+0301
    { 8, 4, 0, -4, 17, 4, 9495 }, // U+0302
    { 9, 3, 0, -11, 16, 4, 9499 }, // U+0303
    { 6, 2, 0, -3, 15, 2, 9503 }, // U+0304
    { 9, 2, 0, -4, 19, 3, 9505 }, // U+0305
    { 7, 3, 0, -3, 16, 3, 9508 }, // U+0306
    { 2, 3, 0, -1, 17, 1, 9511 }, // U+0307
    { 6, 2, 0, -3, 16, 2, 9512 }, // U+0308
    { 5, 6, 0, -8, 19, 4, 9514 }, // U+0309
    { 5, 5, 0, -2, 18, 4, 9518 }, // U+030A
    { 8, 4, 0, -3, 17, 4, 9522 }, // U+030B
    { 8, 4, 0, -4, 17, 4, 9526 }, // U+030C
    { 2, 4, 0, -1, 17, 1, 9530 }, // U+030D
    { 5, 4, 0, -2, 17, 3, 9531 }, // U+030E
    { 8, 4, 0, -11, 17, 4, 9534 }, // U+030F
    { 7, 5, 0, -3, 18, 5, 9538 }, // U+0310
    { 7, 4, 0, -4, 17, 4, 9543 }, // U+0311
    { 4, 5, 0, -2, 15, 3, 9547 }, // U+0312
    { 4, 5, 0, -2, 15, 3, 9550 }, // U+0313
    { 4, 5, 0, -2, 15, 3, 9553 }, // U+0314
    { 4, 5, 0, -2, 15, 3, 9556 }, // U+0315
    { 6, 4, 0, -3, 0, 3, 9559 }, // U+0316
    { 6, 4, 0, -3, 0, 3, 9562 }, // U+0317
    { 5, 4, 0, -2, -1, 3, 9565 }, // U+0318
    { 5, 4, 0, -2, -1, 3, 9568 }, // U+0319
    { 6, 6, 104, 0, 17, 5, 9571 }, // U+031A
    { 5, 5, 0, -2, 17, 4, 9576 }, // U+031B
    { 3, 5, 0, -1, 0, 2, 9580 }, // U+031C
    { 4, 5, 0, -2, 0, 3, 9582 }, // U+031D
    { 4, 4, 0, -2, 0, 2, 9585 }, // U+031E
    { 4, 4, 0, -2, -1, 2, 9587 }, // U+031F
    { 5, 2, 0, -2, -1, 2, 9589 }, // U+0320
    { 4, 6, 0, -4, 1, 3, 9591 }, // U+0321
    { 4, 6, 0, 0, 1, 3, 9594 }, // U+0322
    { 2, 3, 0, -7, -1, 1, 9597 }, // U+0323
    { 6, 2, 0, -3, -2, 2, 9598 }, // U+0324
    { 5, 5, 0, -2, 0, 4, 9600 }, // U+0325
    { 4, 4, 0, -2, -1, 2, 9604 }, // U+0326
    { 5, 7, 0, -2, 1, 5, 9606 }, // U+0327
    { 4, 6, 0, -2, 1, 3, 9611 }, // U+0328
    { 2, 4, 0, -1, 0, 1, 9614 }, // U+0329
    { 8, 5, 0, -4, 0, 5, 9615 }, // U+032A
    { 7, 3, 0, -4, -1, 3, 9620 }, // U+032B
    { 8, 4, 0, -4, 0, 4, 9623 }, // U+032C
    { 8, 4, 0, -4, 0, 4, 9627 }, // U+032D
    { 7, 3, 0, -3, -1, 3, 9631 }, // U+032E
    { 7, 4, 0, -4, -1, 4, 9634 }, // U+032F
    { 8, 3, 0, -4, -1, 3, 9638 }, // U+0330
    { 6, 2, 0, -3, -1, 2, 9641 }, // U+0331
    { 9, 2, 0, -5, -1, 3, 9643 }, // U+0332
    { 9, 5, 0, -4, 0, 6, 9646 }, // U+0333
    { 8, 3, 0, -4, 8, 3, 9652 }, // U+0334
    { 9, 2, 0, -4, 8, 3, 9655 }, // U+0335
    { 15, 2, 0, -7, 7, 4, 9658 }, // U+0336
    { 8, 5, 0, -4, 9, 5, 9662 }, // U+0337
    { 10, 18, 0, -5, 17, 23, 9667 }, // U+0338
    { 2, 5, 0, -1, 0, 2, 9690 }, // U+0339
    { 8, 5, 0, -4, -1, 5, 9692 }, // U+033A
    { 9, 5, 0, -5, 0, 6, 9697 }, // U+033B
    { 8, 4, 0, -4, 0, 4, 9703 }, // U+033C
    { 6, 6, 0, -3, 18, 5, 9707 }, // U+033D
    { 4, 7, 0, -2, 20, 4, 9712 }, // U+033E
    { 9, 5, 0, -4, 22, 6, 9716 }, // U+033F
    { 5, 4, 0, -4, 17, 3, 9722 }, // U+0340
    { 5, 4, 0, -1, 17, 3, 9725 }, // U+0341
    { 8, 3, 0, -4, 16, 3, 9728 }, // U+0342
    { 4, 5, 0, -2, 18, 3, 9731 }, // U+0343
    { 7, 4, 0, -3, 17, 4, 9734 }, // U+0344
    { 4, 5, 0, -1, -1, 3, 9738 }, // U+0345
    { 9, 5, 0, -4, 17, 6, 9741 }, // U+0346
    { 9, 5, 0, -4, 0, 6, 9747 }, // U+0347
    { 5, 4, 0, -2, 0, 3, 9753 }, // U+0348
    { 5, 5, 0, -2, -1, 4, 9756 }, // U+0349
    { 8, 5, 0, -4, 17, 5, 9760 }, // U+034A
    { 8, 8, 0, -4, 21, 8, 9765 }, // U+034B
    { 8, 6, 0, -4, 19, 6, 9773 }, // U+034C
    { 8, 5, 0, -4, 0, 5, 9779 }, // U+034D
    { 6, 5, 0, -3, 0, 4, 9784 }, // U+034E
    { 16, 17, 0, -8, 16, 34, 9788 }, // U+034F
    { 4, 4, 0, -2, 17, 2, 9822 }, // U+0350
    { 3, 5, 0, -1, 18, 2, 9824 }, // U+0351
    { 8, 5, 0, -4, 18, 5, 9826 }, // U+0352
    { 4, 5, 0, -2, 0, 3, 9831 }, // U+0353
    { 4, 4, 0, -2, -1, 2, 9834 }, // U+0354
    { 4, 4, 0, -2, -1, 2, 9836 }, // U+0355
    { 8, 4, 0, -4, -1, 4, 9838 }, // U+0356
    { 2, 5, 0, -1, 18, 2, 9842 }, // U+0357
    { 2, 3, 0, 3, 17, 1, 9844 }, // U+0358
    { 6, 5, 0, -3, -1, 4, 9845 }, // U+0359
    { 7, 5, 0, -4, 0, 5, 9849 }, // U+035A
    { 4, 5, 0, -2, 18, 3, 9854 }, // U+035B
    { 18, 4, 0, -9, -1, 9, 9857 }, // U+035C
    { 18, 4, 0, -9, 17, 9, 9866 }, // U+035D
    { 13, 2, 0, -6, 16, 4, 9875 }, // U+035E
    { 13, 2, 0, -6, -1, 4, 9879 }, // U+035F
    { 18, 3, 0, -9, 16, 7, 9883 }, // U+0360
    { 18, 5, 0, -9, 19, 12, 9890 }, // U+0361
    { 17, 5, 0, -7, 0, 11, 9902 }, // U+0362
    { 4, 5, 0, -2, 19, 3, 9913 }, // U+0363
    { 5, 6, 0, -2, 20, 4, 9916 }, // U+0364
    { 2, 7, 0, -1, 21, 2, 9920 }, // U+0365
    { 5, 6, 0, -2, 20, 4, 9922 }, // U+0366
    { 4, 5, 0, -2, 19, 3, 9926 }, // U+0367
    { 4, 6, 0, -1, 20, 3, 9929 }, // U+0368
    { 5, 7, 0, -2, 21, 5, 9932 }, // U+0369
    { 4, 7, 0, -2, 21, 4, 9937 }, // U+036A
    { 7, 5, 0, -3, 19, 5, 9941 }, // U+036B
    { 4, 5, 0, -1, 19, 3, 9946 }, // U+036C
    { 4, 6, 0, -2, 20, 3, 9949 }, // U+036D
    { 6, 5, 0, -3, 19, 4, 9952 }, // U+036E
    { 6, 5, 0, -3, 19, 4, 9956 }, // U+036F
    { 9, 21, 185, 2, 21, 24, 9960 }, // U+0400
    { 9, 20, 185, 2, 20, 23, 9984 }, // U+0401
    { 14, 16, 239, 1, 16, 28, 10007 }, // U+0402
    { 8, 21, 170, 2, 21, 21, 10035 }, // U+0403
    { 12, 16, 213, 1, 16, 24, 10056 }, // U+0404
    { 9, 16, 183, 1, 16, 18, 10080 }, // U+0405
    { 2, 16, 95, 2, 16, 4, 10098 }, // U+0406
    { 5, 20, 95, 1, 20, 13, 10102 }, // U+0407
    { 6, 20, 91, -2, 16, 15, 10115 }, // U+0408
    { 21, 16, 337, 0, 16, 42, 10130 }, // U+0409
    { 18, 16, 342, 2, 16, 36, 10172 }, // U+040A
    { 14, 16, 238, 1, 16, 28, 10208 }, // U+040B
    { 11, 21, 208, 2, 21, 29, 10236 }, // U+040C
    { 12, 21, 252, 2, 21, 32, 10265 }, // U+040D
    { 14, 20, 205, 0, 20, 35, 10297 }, // U+040E
    { 12, 20, 244, 2, 16, 30, 10332 }, // U+040F
    { 14, 16, 213, 0, 16, 28, 10362 }, // U+0410
    { 10, 16, 205, 2, 16, 20, 10390 }, // U+0411
    { 10, 16, 217, 2, 16, 20, 10410 }, // U+0412
    { 8, 16, 170, 2, 16, 16, 10430 }, // U+0413
    { 15, 20, 243, 1, 16, 38, 10446 }, // U+0414
    { 9, 16, 185, 2, 16, 18, 10484 }, // U+0415
    { 19, 16, 302, 0, 16, 38, 10502 }, // U+0416
    { 10, 16, 192, 0, 16, 20, 10540 }, // U+0417
    { 12, 16, 252, 2, 16, 24, 10560 }, // U+0418
    { 12, 20, 252, 2, 20, 30, 10584 }, // U+0419
    { 11, 16, 208, 2, 16, 22, 10614 }, // U+041A
    { 13, 16, 233, 0, 16, 26, 10636 }, // U+041B
    { 15, 16, 302, 2, 16, 30, 10662 }, // U+041C
    { 11, 16, 248, 2, 16, 22, 10692 }, // U+041D
    { 13, 16, 254, 1, 16, 26, 10714 }, // U+041E
    { 11, 16, 244, 2, 16, 22, 10740 }, // U+041F
    { 10, 16, 202, 2, 16, 20, 10762 }, // U+0420
    { 12, 16, 213, 1, 16, 24, 10782 }, // U+0421
    { 11, 16, 185, 1, 16, 22, 10806 }, // U+0422
    { 14, 16, 205, 0, 16, 28, 10828 }, // U+0423
    { 15, 16, 272, 1, 16, 30, 10856 }, // U+0424
    { 13, 16, 196, -1, 16, 26, 10886 }, // U+0425
    { 13, 20, 247, 2, 16, 33, 10912 }, // U+0426
    { 10, 16, 224, 2, 16, 20, 10945 }, // U+0427
    { 18, 16, 345, 2, 16, 36, 10965 }, // U+0428
    { 19, 20, 342, 2, 16, 48, 11001 }, // U+0429
    { 14, 16, 228, 0, 16, 28, 11049 }, // U+042A
    { 14, 16, 283, 2, 16, 28, 11077 }, // U+042B
    { 10, 16, 202, 2, 16, 20, 11105 }, // U+042C
    { 12, 16, 216, 0, 16, 24, 11125 }, // U+042D
    { 18, 16, 333, 2, 16, 36, 11149 }, // U+042E
    { 11, 16, 213, 0, 16, 22, 11185 }, // U+042F
    { 9, 12, 185, 1, 12, 14, 11207 }, // U+0430
    { 10, 18, 199, 1, 18, 23, 11221 }, // U+0431
    { 9, 12, 188, 2, 12, 14, 11244 }, // U+0432
    { 7, 12, 146, 2, 12, 11, 11258 }, // U+0433
    { 12, 16, 202, 1, 12, 24, 11269 }, // U+0434
    { 10, 12, 184, 1, 12, 15, 11293 }, // U+0435
    { 16, 12, 253, 0, 12, 24, 11308 }, // U+0436
    { 8, 12, 163, 1, 12, 12, 11332 }, // U+0437
    { 9, 12, 207, 2, 12, 14, 11344 }, // U+0438
    { 9, 17, 207, 2, 17, 20, 11358 }, // U+0439
    { 9, 12, 177, 2, 12, 14, 11378 }, // U+043A
    { 11, 12, 196, 0, 12, 17, 11392 }, // U+043B
    { 13, 12, 256, 2, 12, 20, 11409 }, // U+043C
    { 9, 12, 205, 2, 12, 14, 11429 }, // U+043D
    { 10, 12, 198, 1, 12, 15, 11443 }, // U+043E
    { 9, 12, 202, 2, 12, 14, 11458 }, // U+043F
    { 10, 17, 203, 2, 12, 22, 11472 }, // U+0440
    { 9, 12, 164, 1, 12, 14, 11494 }, // U+0441
    { 9, 12, 155, 1, 12, 14, 11508 }, // U+0442
    { 12, 17, 170, 0, 12, 26, 11522 }, // U+0443
    { 13, 22, 246, 1, 17, 36, 11548 }, // U+0444
    { 11, 12, 170, 0, 12, 17, 11584 }, // U+0445
    { 11, 16, 204, 2, 12, 22, 11601 }, // U+0446
    { 9, 12, 196, 1, 12, 14, 11623 }, // U+0447
    { 16, 12, 298, 2, 12, 24, 11637 }, // U+0448
    { 17, 16, 299, 2, 12, 34, 11661 }, // U+0449
    { 12, 12, 208, 1, 12, 18, 11695 }, // U+044A
    { 12, 12, 253, 2, 12, 18, 11713 }, // U+044B
    { 9, 12, 182, 2, 12, 14, 11731 }, // U+044C
    { 9, 12, 165, 0, 12, 14, 11745 }, // U+044D
    { 14, 12, 266, 2, 12, 21, 11759 }, // U+044E
    { 10, 12, 192, 0, 12, 15, 11780 }, // U+044F
    { 10, 17, 184, 1, 17, 22, 11795 }, // U+0450
    { 10, 16, 184, 1, 16, 20, 11817 }, // U+0451
    { 11, 22, 206, 1, 17, 31, 11837 }, // U+0452
    { 7, 17, 146, 2, 17, 15, 11868 }, // U+0453
    { 9, 12, 164, 1, 12, 14, 11883 }, // U+0454
    { 8, 12, 156, 1, 12, 12, 11897 }, // U+0455
    { 2, 16, 86, 2, 16, 4, 11909 }, // U+0456
    { 4, 16, 86, 1, 16, 8, 11913 }, // U+0457
    { 5, 21, 86, -1, 16, 14, 11921 }, // U+0458
    { 17, 12, 286, 0, 12, 26, 11935 }, // U+0459
    { 16, 12, 297, 2, 12, 24, 11961 }, // U+045A
    { 11, 17, 207, 1, 17, 24, 11985 }, // U+045B
    { 10, 17, 177, 2, 17, 22, 12009 }, // U+045C
    { 9, 17, 207, 2, 17, 20, 12031 }, // U+045D
    { 12, 21, 170, 0, 16, 32, 12051 }, // U+045E
    { 10, 15, 202, 2, 12, 19, 12083 }, // U+045F
    { 18, 16, 306, 1, 16, 36, 12102 }, // U+0460
    { 16, 12, 263, 1, 12, 24, 12138 }, // U+0461
    { 13, 16, 225, 1, 16, 26, 12162 }, // U+0462
    { 12, 14, 211, 1, 14, 21, 12188 }, // U+0463
    { 17, 16, 307, 2, 16, 34, 12209 }, // U+0464
    { 14, 12, 247, 2, 12, 21, 12243 }, // U+0465
    { 16, 16, 228, -1, 16, 32, 12264 }, // U+0466
    { 13, 12, 191, -1, 12, 20, 12296 }, // U+0467
    { 18, 16, 310, 2, 16, 36, 12316 }, // U+0468
    { 15, 12, 260, 2, 12, 23, 12352 }, // U+0469
    { 16, 16, 243, 0, 16, 32, 12375 }, // U+046A
    { 14, 12, 213, -1, 12, 21, 12407 }, // U+046B
    { 19, 16, 328, 2, 16, 38, 12428 }, // U+046C
    { 16, 12, 283, 2, 12, 24, 12466 }, // U+046D
    { 10, 24, 196, 1, 19, 30, 12490 }, // U+046E
    { 9, 20, 163, 1, 15, 23, 12520 }, // U+046F
    { 14, 16, 268, 2, 16, 28, 12543 }, // U+0470
    { 13, 22, 254, 2, 17, 36, 12571 }, // U+0471
    { 14, 16, 261, 1, 16, 28, 12607 }, // U+0472
    { 10, 12, 202, 1, 12, 15, 12635 }, // U+0473
    { 14, 16, 212, 0, 16, 28, 12650 }, // U+0474
    { 12, 12, 172, -1, 12, 18, 12678 }, // U+0475
    { 14, 21, 212, 0, 21, 37, 12696 }, // U+0476
    { 12, 17, 172, -1, 17, 26, 12733 }, // U+0477
    { 24, 21, 407, 1, 16, 63, 12759 }, // U+0478
    { 22, 17, 365, 1, 12, 47, 12822 }, // U+0479
    { 15, 18, 274, 1, 17, 34, 12869 }, // U+047A
    { 11, 14, 220, 1, 13, 20, 12903 }, // U+047B
    { 19, 23, 342, 1, 23, 55, 12923 }, // U+047C
    { 16, 20, 301, 1, 20, 40, 12978 }, // U+047D
    { 18, 20, 306, 1, 20, 45, 13018 }, // U+047E
    { 16, 16, 263, 1, 16, 32, 13063 }, // U+047F
    { 12, 21, 214, 1, 16, 32, 13095 }, // U+0480
    { 9, 17, 164, 1, 12, 20, 13127 }, // U+0481
    { 11, 15, 203, 1, 14, 21, 13147 }, // U+0482
    { 8, 5, 0, -9, 17, 5, 13168 }, // U+0483
    { 8, 3, 0, -10, 16, 3, 13173 }, // U+0484
    { 3, 4, 0, -7, 17, 2, 13176 }, // U+0485
    { 3, 4, 0, -8, 17, 2, 13178 }, // U+0486
    { 8, 3, 0, -4, 20, 3, 13180 }, // U+0487
    { 24, 23, 0, -12, 18, 69, 13183 }, // U+0488
    { 23, 24, 0, -11, 18, 69, 13252 }, // U+0489
    { 15, 25, 262, 2, 21, 47, 13321 }, // U+048A
    { 12, 21, 220, 2, 17, 32, 13368 }, // U+048B
    { 11, 16, 205, 1, 16, 22, 13400 }, // U+048C
    { 11, 17, 198, 1, 17, 24, 13422 }, // U+048D
    { 10, 16, 204, 2, 16, 20, 13446 }, // U+048E
    { 10, 17, 205, 2, 12, 22, 13466 }, // U+048F
    { 9, 19, 177, 2, 19, 22, 13488 }, // U+0490
    { 7, 16, 145, 2, 16, 14, 13510 }, // U+0491
    { 10, 16, 177, 1, 16, 20, 13524 }, // U+0492
    { 9, 12, 145, 1, 12, 14, 13544 }, // U+0493
    { 11, 21, 217, 2, 16, 29, 13558 }, // U+0494
    { 9, 17, 178, 2, 12, 20, 13587 }, // U+0495
    { 19, 20, 301, 0, 16, 48, 13607 }, // U+0496
    { 16, 16, 265, 0, 12, 32, 13655 }, // U+0497
    { 10, 21, 192, 1, 16, 27, 13687 }, // U+0498
    { 9, 17, 163, 0, 12, 20, 13714 }, // U+0499
    { 12, 20, 223, 2, 16, 30, 13734 }, // U+049A
    { 10, 16, 186, 2, 12, 20, 13764 }, // U+049B
    { 11, 16, 208, 2, 16, 22, 13784 }, // U+049C
    { 10, 12, 176, 2, 12, 15, 13806 }, // U+049D
    { 13, 16, 208, 0, 16, 26, 13821 }, // U+049E
    { 11, 17, 178, 1, 17, 24, 13847 }, // U+049F
    { 15, 16, 231, 0, 16, 30, 13871 }, // U+04A0
    { 14, 12, 208, 0, 12, 21, 13901 }, // U+04A1
    { 13, 20, 252, 2, 16, 33, 13922 }, // U+04A2
    { 11, 16, 219, 2, 12, 22, 13955 }, // U+04A3
    { 15, 16, 272, 2, 16, 30, 13977 }, // U+04A4
    { 14, 12, 246, 2, 12, 21, 14007 }, // U+04A5
    { 19, 21, 352, 2, 16, 50, 14028 }, // U+04A6
    { 16, 17, 288, 2, 12, 34, 14078 }, // U+04A7
    { 14, 17, 260, 1, 16, 30, 14112 }, // U+04A8
    { 12, 12, 214, 1, 12, 18, 14142 }, // U+04A9
    { 12, 21, 211, 1, 16, 32, 14160 }, // U+04AA
    { 9, 17, 160, 1, 12, 20, 14192 }, // U+04AB
    { 11, 20, 185, 1, 16, 28, 14212 }, // U+04AC
    { 9, 16, 158, 1, 12, 18, 14240 }, // U+04AD
    { 12, 16, 189, 0, 16, 24, 14258 }, // U+04AE
    { 12, 17, 169, -1, 12, 26, 14282 }, // U+04AF
    { 12, 16, 189, 0, 16, 24, 14308 }, // U+04B0
    { 12, 17, 169, 0, 12, 26, 14332 }, // U+04B1
    { 13, 20, 210, 0, 16, 33, 14358 }, // U+04B2
    { 12, 16, 184, -1, 12, 24, 14391 }, // U+04B3
    { 17, 20, 287, 1, 16, 43, 14415 }, // U+04B4
    { 14, 17, 241, 1, 12, 30, 14458 }, // U+04B5
    { 13, 20, 234, 2, 16, 33, 14488 }, // U+04B6
    { 11, 16, 207, 2, 12, 22, 14521 }, // U+04B7
    { 11, 16, 233, 2, 16, 22, 14543 }, // U+04B8
    { 9, 12, 202, 2, 12, 14, 14565 }, // U+04B9
    { 11, 16, 233, 2, 16, 22, 14579 }, // U+04BA
    { 10, 17, 206, 2, 17, 22, 14601 }, // U+04BB
    { 16, 16, 283, 1, 16, 32, 14623 }, // U+04BC
    { 12, 12, 222, 1, 12, 18, 14655 }, // U+04BD
    { 16, 20, 283, 1, 16, 40, 14673 }, // U+04BE
    { 12, 16, 222, 1, 12, 24, 14713 }, // U+04BF
    { 5, 16, 113, 1, 16, 10, 14737 }, // U+04C0
    { 19, 20, 302, 0, 20, 48, 14747 }, // U+04C1
    { 16, 17, 253, 0, 17, 34, 14795 }, // U+04C2
    { 11, 21, 232, 2, 16, 29, 14829 }, // U+04C3
    { 9, 17, 187, 2, 12, 20, 14858 }, // U+04C4
    { 15, 20, 240, 1, 16, 38, 14878 }, // U+04C5
    { 13, 17, 196, 0, 12, 28, 14916 }, // U+04C6
    { 11, 21, 244, 2, 16, 29, 14944 }, // U+04C7
    { 10, 17, 207, 2, 12, 22, 14973 }, // U+04C8
    { 14, 20, 252, 2, 16, 35, 14995 }, // U+04C9
    { 12, 16, 221, 2, 12, 24, 15030 }, // U+04CA
    { 11, 20, 233, 2, 16, 28, 15054 }, // U+04CB
    { 10, 16, 204, 2, 12, 20, 15082 }, // U+04CC
    { 17, 20, 306, 2, 16, 43, 15102 }, // U+04CD
    { 14, 16, 252, 2, 12, 28, 15145 }, // U+04CE
    { 5, 16, 113, 1, 16, 10, 15173 }, // U+04CF
    { 14, 20, 213, 0, 20, 35, 15183 }, // U+04D0
    { 9, 17, 187, 1, 17, 20, 15218 }, // U+04D1
    { 14, 20, 213, 0, 20, 35, 15238 }, // U+04D2
    { 9, 16, 187, 1, 16, 18, 15273 }, // U+04D3
    { 18, 16, 294, -1, 16, 36, 15291 }, // U+04D4
    { 16, 12, 288, 1, 12, 24, 15327 }, // U+04D5
    { 9, 20, 185, 2, 20, 23, 15351 }, // U+04D6
    { 10, 17, 188, 1, 17, 22, 15374 }, // U+04D7
    { 13, 16, 246, 1, 16, 26, 15396 }, // U+04D8
    { 10, 12, 188, 1, 12, 15, 15422 }, // U+04D9
    { 13, 20, 246, 1, 20, 33, 15437 }, // U+04DA
    { 10, 16, 188, 1, 16, 20, 15470 }, // U+04DB
    { 19, 20, 302, 0, 20, 48, 15490 }, // U+04DC
    { 16, 16, 253, 0, 16, 32, 15538 }, // U+04DD
    { 10, 20, 192, 0, 20, 25, 15570 }, // U+04DE
    { 8, 16, 163, 1, 16, 16, 15595 }, // U+04DF
    { 11, 16, 195, 0, 16, 22, 15611 }, // U+04E0
    { 10, 17, 166, 0, 12, 22, 15633 }, // U+04E1
    { 12, 19, 252, 2, 19, 29, 15655 }, // U+04E2
    { 9, 15, 207, 2, 15, 17, 15684 }, // U+04E3
    { 12, 20, 252, 2, 20, 30, 15701 }, // U+04E4
    { 9, 16, 207, 2, 16, 18, 15731 }, // U+04E5
    { 14, 20, 260, 1, 20, 35, 15749 }, // U+04E6
    { 10, 16, 202, 1, 16, 20, 15784 }, // U+04E7
    { 14, 16, 261, 1, 16, 28, 15804 }, // U+04E8
    { 10, 12, 202, 1, 12, 15, 15832 }, // U+04E9
    { 14, 20, 261, 1, 20, 35, 15847 }, // U+04EA
    { 10, 16, 202, 1, 16, 20, 15882 }, // U+04EB
    { 12, 20, 216, 1, 20, 30, 15902 }, // U+04EC
    { 9, 16, 165, 0, 16, 18, 15932 }, // U+04ED
    { 14, 19, 205, -1, 19, 34, 15950 }, // U+04EE
    { 12, 20, 170, 0, 15, 30, 15984 }, // U+04EF
    { 14, 20, 205, 0, 20, 35, 16014 }, // U+04F0
    { 12, 21, 170, 0, 16, 32, 16049 }, // U+04F1
    { 14, 21, 205, 0, 21, 37, 16081 }, // U+04F2
    { 12, 22, 170, -1, 17, 33, 16118 }, // U+04F3
    { 10, 20, 224, 2, 20, 25, 16151 }, // U+04F4
    { 9, 16, 196, 1, 16, 18, 16176 }, // U+04F5
    { 9, 20, 177, 2, 16, 23, 16194 }, // U+04F6
    { 7, 16, 144, 2, 12, 14, 16217 }, // U+04F7
    { 14, 20, 283, 2, 20, 35, 16231 }, // U+04F8
    { 12, 16, 253, 2, 16, 24, 16266 }, // U+04F9
    { 10, 21, 177, 1, 16, 27, 16290 }, // U+04FA
    { 9, 17, 145, 1, 12, 20, 16317 }, // U+04FB
    { 13, 21, 211, 0, 16, 35, 16337 }, // U+04FC
    { 12, 17, 183, -1, 12, 26, 16372 }, // U+04FD
    { 14, 16, 195, -1, 16, 28, 16398 }, // U+04FE
    { 11, 12, 176, 0, 12, 17, 16426 }, // U+04FF
    { 13, 12, 211, 0, 12, 20, 16443 }, // U+05D0
    { 11, 12, 191, 1, 12, 17, 16463 }, // U+05D1
    { 7, 13, 125, 1, 12, 12, 16480 }, // U+05D2
    { 10, 12, 181, 1, 12, 15, 16492 }, // U+05D3
    { 11, 12, 209, 0, 12, 17, 16507 }, // U+05D4
    { 4, 12, 100, 1, 12, 6, 16524 }, // U+05D5
    { 6, 12, 110, 1, 12, 9, 16530 }, // U+05D6
    { 12, 12, 221, 0, 12, 18, 16539 }, // U+05D7
    { 11, 12, 211, 1, 12, 17, 16557 }, // U+05D8
    { 4, 8, 98, 1, 12, 4, 16574 }, // U+05D9
    { 10, 16, 182, 0, 12, 20, 16578 }, // U+05DA
    { 9, 12, 172, 1, 12, 14, 16598 }, // U+05DB
    { 10, 16, 174, 1, 16, 20, 16612 }, // U+05DC
    { 12, 12, 228, 0, 12, 18, 16632 }, // U+05DD
    { 13, 12, 220, 0, 12, 20, 16650 }, // U+05DE
    { 4, 16, 110, 1, 12, 8, 16670 }, // U+05DF
    { 6, 12, 126, 0, 12, 9, 16678 }, // U+05E0
    { 12, 12, 214, 1, 12, 18, 16687 }, // U+05E1
    { 11, 15, 198, 0, 13, 21, 16705 }, // U+05E2
    { 10, 16, 207, 1, 12, 20, 16726 }, // U+05E3
    { 10, 12, 200, 1, 12, 15, 16746 }, // U+05E4
    { 11, 16, 176, 0, 12, 22, 16761 }, // U+05E5
    { 10, 12, 185, 1, 12, 15, 16783 }, // U+05E6
    { 12, 16, 209, 1, 12, 24, 16798 }, // U+05E7
    { 9, 12, 174, 0, 12, 14, 16822 }, // U+05E8
    { 13, 12, 243, 1, 12, 20, 16836 }, // U+05E9
    { 13, 12, 228, 0, 12, 20, 16856 }, // U+05EA
    { 14, 20, 213, 0, 16, 35, 16876 }, // U+1EA0
    { 9, 16, 187, 1, 12, 18, 16911 }, // U+1EA1
    { 15, 22, 213, -1, 22, 42, 16929 }, // U+1EA2
    { 9, 18, 187, 1, 18, 21, 16971 }, // U+1EA3
    { 14, 22, 213, 0, 22, 39, 16992 }, // U+1EA4
    { 11, 18, 187, 1, 18, 25, 17031 }, // U+1EA5
    { 14, 22, 213, 0, 22, 39, 17056 }, // U+1EA6
    { 10, 18, 187, 0, 18, 23, 17095 }, // U+1EA7
    { 14, 23, 213, -1, 23, 41, 17118 }, // U+1EA8
    { 10, 20, 187, 1, 20, 25, 17159 }, // U+1EA9
    { 14, 23, 213, 0, 23, 41, 17184 }, // U+1EAA
    { 9, 19, 187, 1, 19, 22, 17225 }, // U+1EAB
    { 14, 25, 213, 0, 21, 44, 17247 }, // U+1EAC
    { 10, 20, 187, 1, 16, 25, 17291 }, // U+1EAD
    { 14, 22, 213, 0, 22, 39, 17316 }, // U+1EAE
    { 9, 19, 187, 1, 19, 22, 17355 }, // U+1EAF
    { 14, 22, 213, 0, 22, 39, 17377 }, // U+1EB0
    { 9, 19, 187, 1, 19, 22, 17416 }, // U+1EB1
    { 15, 23, 213, -1, 23, 44, 17438 }, // U+1EB2
    { 9, 20, 187, 1, 20, 23, 17482 }, // U+1EB3
    { 14, 23, 213, 0, 23, 41, 17505 }, // U+1EB4
    { 9, 20, 187, 1, 20, 23, 17546 }, // U+1EB5
    { 14, 24, 213, 0, 20, 42, 17569 }, // U+1EB6
    { 9, 20, 187, 1, 16, 23, 17611 }, // U+1EB7
    { 9, 20, 185, 2, 16, 23, 17634 }, // U+1EB8
    { 10, 16, 188, 1, 12, 20, 17657 }, // U+1EB9
    { 9, 22, 185, 2, 22, 25, 17677 }, // U+1EBA
    { 10, 19, 188, 1, 19, 24, 17702 }, // U+1EBB
    { 9, 20, 185, 2, 20, 23, 17726 }, // U+1EBC
    { 10, 16, 188, 1, 16, 20, 17749 }, // U+1EBD
    { 10, 22, 185, 2, 22, 28, 17769 }, // U+1EBE
    { 11, 18, 188, 1, 18, 25, 17797 }, // U+1EBF
    { 11, 22, 185, 0, 22, 31, 17822 }, // U+1EC0
    { 11, 18, 188, 0, 18, 25, 17853 }, // U+1EC1
    { 9, 23, 185, 2, 23, 26, 17878 }, // U+1EC2
    { 10, 20, 188, 1, 20, 25, 17904 }, // U+1EC3
    { 9, 23, 185, 2, 23, 26, 17929 }, // U+1EC4
    { 10, 20, 188, 1, 20, 25, 17955 }, // U+1EC5
    { 9, 25, 185, 2, 21, 29, 17980 }, // U+1EC6
    { 10, 20, 188, 1, 16, 25, 18009 }, // U+1EC7
    { 5, 22, 113, 1, 22, 14, 18034 }, // U+1EC8
    { 5, 18, 86, 1, 18, 12, 18048 }, // U+1EC9
    { 5, 20, 113, 1, 16, 13, 18060 }, // U+1ECA
    { 2, 20, 86, 2, 16, 5, 18073 }, // U+1ECB
    { 14, 20, 260, 1, 16, 35, 18078 }, // U+1ECC
    { 10, 16, 202, 1, 12, 20, 18113 }, // U+1ECD
    { 14, 22, 260, 1, 22, 39, 18133 }, // U+1ECE
    { 10, 19, 202, 1, 19, 24, 18172 }, // U+1ECF
    { 14, 22, 260, 1, 22, 39, 18196 }, // U+1ED0
    { 11, 18, 202, 1, 18, 25, 18235 }, // U+1ED1
    { 14, 22, 260, 1, 22, 39, 18260 }, // U+1ED2
    { 11, 18, 202, 0, 18, 25, 18299 }, // U+1ED3
    { 14, 24, 260, 1, 24, 42, 18324 }, // U+1ED4
    { 10, 20, 202, 1, 20, 25, 18366 }, // U+1ED5
    { 14, 23, 260, 1, 23, 41, 18391 }, // U+1ED6
    { 10, 20, 202, 1, 20, 25, 18432 }, // U+1ED7
    { 14, 25, 260, 1, 21, 44, 18457 }, // U+1ED8
    { 10, 20, 202, 1, 16, 25, 18501 }, // U+1ED9
    { 16, 21, 261, 1, 21, 42, 18526 }, // U+1EDA
    { 12, 16, 205, 1, 16, 24, 18568 }, // U+1EDB
    { 16, 21, 261, 1, 21, 42, 18592 }, // U+1EDC
    { 12, 16, 205, 1, 16, 24, 18634 }, // U+1EDD
    { 16, 23, 261, 1, 23, 46, 18658 }, // U+1EDE
    { 12, 19, 205, 1, 19, 29, 18704 }, // U+1EDF
    { 16, 20, 261, 1, 20, 40, 18733 }, // U+1EE0
    { 12, 16, 205, 1, 16, 24, 18773 }, // U+1EE1
    { 16, 20, 261, 1, 16, 40, 18797 }, // U+1EE2
    { 12, 18, 205, 1, 14, 27, 18837 }, // U+1EE3
    { 12, 20, 244, 2, 16, 30, 18864 }, // U+1EE4
    { 10, 16, 206, 2, 12, 20, 18894 }, // U+1EE5
    { 12, 22, 244, 2, 22, 33, 18914 }, // U+1EE6
    { 10, 18, 206, 2, 18, 23, 18947 }, // U+1EE7
    { 16, 21, 260, 2, 21, 42, 18970 }, // U+1EE8
    { 14, 16, 225, 2, 16, 28, 19012 }, // U+1EE9
    { 16, 21, 260, 2, 21, 42, 19040 }, // U+1EEA
    { 14, 16, 225, 2, 16, 28, 19082 }, // U+1EEB
    { 16, 22, 260, 2, 22, 44, 19110 }, // U+1EEC
    { 14, 18, 225, 2, 18, 32, 19154 }, // U+1EED
    { 16, 20, 260, 2, 20, 40, 19186 }, // U+1EEE
    { 14, 16, 225, 2, 16, 28, 19226 }, // U+1EEF
    { 16, 20, 260, 2, 16, 40, 19254 }, // U+1EF0
    { 14, 18, 225, 2, 14, 32, 19294 }, // U+1EF1
    { 12, 21, 189, 0, 21, 32, 19326 }, // U+1EF2
    { 12, 21, 170, -1, 16, 32, 19358 }, // U+1EF3
    { 12, 20, 189, 0, 16, 30, 19390 }, // U+1EF4
    { 11, 17, 170, 0, 12, 24, 19420 }, // U+1EF5
    { 13, 22, 189, 0, 22, 36, 19444 }, // U+1EF6
    { 12, 24, 170, 0, 19, 36, 19480 }, // U+1EF7
    { 12, 20, 189, 0, 20, 30, 19516 }, // U+1EF8
    { 12, 21, 170, -1, 16, 32, 19546 }, // U+1EF9
    { 0, 0, 167, 0, 0, 0, 19578 }, // U+2000
    { 0, 0, 333, 0, 0, 0, 19578 }, // U+2001
    { 0, 0, 167, 0, 0, 0, 19578 }, // U+2002
    { 0, 0, 333, 0, 0, 0, 19578 }, // U+2003
    { 0, 0, 111, 0, 0, 0, 19578 }, // U+2004
    { 0, 0, 83, 0, 0, 0, 19578 }, // U+2005
    { 0, 0, 56, 0, 0, 0, 19578 }, // U+2006
    { 0, 0, 191, 0, 0, 0, 19578 }, // U+2007
    { 0, 0, 89, 0, 0, 0, 19578 }, // U+2008
    { 0, 0, 55, 0, 0, 0, 19578 }, // U+2009
    { 0, 0, 33, 0, 0, 0, 19578 }, // U+200A
    { 0, 0, 0, 0, 0, 0, 19578 }, // U+200B
    { 0, 0, 0, 0, 0, 0, 19578 }, // U+200C
    { 0, 0, 0, 0, 0, 0, 19578 }, // U+200D
    { 5, 19, 0, 0, 15, 12, 19578 }, // U+200E
    { 5, 19, 0, -4, 15, 12, 19590 }, // U+200F
    { 5, 2, 107, 1, 7, 2, 19602 }, // U+2010
    { 5, 2, 107, 1, 7, 2, 19604 }, // U+2011
    { 10, 2, 191, 1, 9, 3, 19606 }, // U+2012
    { 9, 2, 167, 1, 7, 3, 19609 }, // U+2013
    { 19, 2, 333, 1, 7, 5, 19612 }, // U+2014
    { 19, 2, 333, 1, 7, 5, 19617 }, // U+2015
    { 6, 21, 184, 3, 16, 16, 19622 }, // U+2016
    { 9, 5, 137, 0, 0, 6, 19638 }, // U+2017
    { 4, 5, 58, 0, 16, 3, 19644 }, // U+2018
    { 4, 5, 58, 0, 16, 3, 19647 }, // U+2019
    { 4, 5, 83, 0, 2, 3, 19650 }, // U+201A
    { 4, 5, 58, 0, 16, 3, 19653 }, // U+201B
    { 8, 5, 120, 0, 16, 5, 19656 }, // U+201C
    { 8, 5, 120, 0, 16, 5, 19661 }, // U+201D
    { 8, 5, 139, 0, 2, 5, 19666 }, // U+201E
    { 8, 5, 120, 0, 16, 5, 19671 }, // U+201F
    { 8, 16, 171, 1, 16, 16, 19676 }, // U+2020
    { 8, 16, 171, 1, 16, 16, 19692 }, // U+2021
    { 5, 5, 125, 2, 10, 4, 19708 }, // U+2022
    { 6, 8, 123, 1, 12, 6, 19712 }, // U+2023
    { 3, 3, 167, 4, 3, 2, 19718 }, // U+2024
    { 8, 3, 179, 1, 3, 3, 19720 }, // U+2025
    { 14, 3, 264, 1, 3, 6, 19723 }, // U+2026
    { 3, 3, 89, 1, 7, 2, 19729 }, // U+2027
    { 0, 0, 200, 0, 0, 0, 19731 }, // U+2028
    { 0, 0, 200, 0, 0, 0, 19731 }, // U+2029
    { 5, 17, 0, 0, 13, 11, 19731 }, // U+202A
    { 5, 17, 0, -4, 13, 11, 19742 }, // U+202B
    { 5, 19, 0, -2, 15, 12, 19753 }, // U+202C
    { 5, 19, 0, -2, 16, 12, 19765 }, // U+202D
    { 5, 19, 0, -2, 16, 12, 19777 }, // U+202E
    { 0, 0, 55, 0, 0, 0, 19789 }, // U+202F
    { 23, 16, 392, 1, 16, 46, 19789 }, // U+2030
    { 30, 16, 515, 1, 16, 60, 19835 }, // U+2031
    { 6, 6, 77, 0, 16, 5, 19895 }, // U+2032
    { 10, 6, 136, 0, 16, 8, 19900 }, // U+2033
    { 13, 6, 195, 0, 16, 10, 19908 }, // U+2034
    { 6, 6, 77, -1, 16, 5, 19918 }, // U+2035
    { 9, 6, 147, -1, 16, 7, 19923 }, // U+2036
    { 12, 6, 201, -1, 16, 9, 19930 }, // U+2037
    { 8, 7, 133, 0, 2, 7, 19939 }, // U+2038
    { 5, 10, 103, 1, 11, 7, 19946 }, // U+2039
    { 5, 10, 103, 1, 11, 7, 19953 }, // U+203A
    { 15, 16, 279, 1, 16, 30, 19960 }, // U+203B
    { 8, 16, 166, 1, 16, 16, 19990 }, // U+203C
    { 9, 16, 148, 0, 16, 18, 20006 }, // U+203D
    { 11, 2, 167, 0, 19, 3, 20024 }, // U+203E
    { 13, 6, 203, 0, 1, 10, 20027 }, // U+203F
    { 13, 6, 203, 0, 18, 10, 20037 }, // U+2040
    { 8, 14, 125, 0, 9, 14, 20047 }, // U+2041
    { 23, 20, 373, 0, 16, 58, 20061 }, // U+2042
    { 5, 2, 107, 1, 7, 2, 20119 }, // U+2043
    { 11, 16, 43, -4, 16, 22, 20121 }, // U+2044
    { 5, 19, 108, 2, 16, 12, 20143 }, // U+2045
    { 5, 19, 108, 1, 16, 12, 20155 }, // U+2046
    { 18, 16, 285, -1, 16, 36, 20167 }, // U+2047
    { 13, 16, 226, -1, 16, 26, 20203 }, // U+2048
    { 12, 16, 227, 1, 16, 24, 20229 }, // U+2049
    { 10, 12, 191, 1, 12, 15, 20253 }, // U+204A
    { 12, 21, 218, 1, 16, 32, 20268 }, // U+204B
    { 10, 11, 213, 1, 12, 14, 20300 }, // U+204C
    { 10, 11, 213, 2, 12, 14, 20314 }, // U+204D
    { 11, 10, 184, 0, 6, 14, 20328 }, // U+204E
    { 4, 15, 79, 1, 12, 8, 20342 }, // U+204F
    { 13, 23, 202, 0, 18, 38, 20350 }, // U+2050
    { 11, 21, 184, 0, 16, 29, 20388 }, // U+2051
    { 8, 16, 124, 0, 16, 16, 20417 }, // U+2052
    { 19, 4, 333, 1, 9, 10, 20433 }, // U+2053
    { 13, 6, 202, 0, 0, 10, 20443 }, // U+2054
    { 11, 11, 191, 1, 11, 16, 20453 }, // U+2055
    { 8, 16, 172, 1, 16, 16, 20469 }, // U+2056
    { 16, 6, 247, 0, 16, 12, 20485 }, // U+2057
    { 15, 16, 274, 1, 16, 30, 20497 }, // U+2058
    { 14, 16, 276, 1, 16, 28, 20527 }, // U+2059
    { 2, 16, 74, 1, 16, 4, 20555 }, // U+205A
    { 11, 16, 218, 1, 16, 22, 20559 }, // U+205B
    { 15, 16, 265, 1, 16, 30, 20581 }, // U+205C
    { 3, 16, 89, 1, 16, 6, 20611 }, // U+205D
    { 3, 16, 89, 1, 16, 6, 20617 }, // U+205E
    { 0, 0, 74, 0, 0, 0, 20623 }, // U+205F
    { 0, 0, 200, 0, 0, 0, 20623 }, // U+2060
    { 0, 0, 200, 0, 0, 0, 20623 }, // U+2061
    { 0, 0, 200, 0, 0, 0, 20623 }, // U+2062
    { 0, 0, 200, 0, 0, 0, 20623 }, // U+2063
    { 0, 0, 200, 0, 0, 0, 20623 }, // U+2064
    { 0, 0, 0, 0, 0, 0, 20623 }, // U+2066
    { 0, 0, 0, 0, 0, 0, 20623 }, // U+2067
    { 0, 0, 0, 0, 0, 0, 20623 }, // U+2068
    { 0, 0, 0, 0, 0, 0, 20623 }, // U+2069
    { 5, 19, 0, -2, 16, 12, 20623 }, // U+206A
    { 5, 19, 0, -2, 16, 12, 20635 }, // U+206B
    { 5, 18, 0, -2, 15, 12, 20647 }, // U+206C
    { 5, 19, 0, -2, 16, 12, 20659 }, // U+206D
    { 5, 19, 0, -2, 16, 12, 20671 }, // U+206E
    { 5, 19, 0, -2, 16, 12, 20683 }, // U+206F
    { 7, 11, 117, 1, 19, 10, 20695 }, // U+2070
    { 3, 9, 56, 0, 15, 4, 20705 }, // U+2071
    { 7, 9, 117, 1, 18, 8, 20709 }, // U+2074
    { 7, 11, 117, 0, 19, 10, 20717 }, // U+2075
    { 7, 11, 117, 1, 19, 10, 20727 }, // U+2076
    { 6, 10, 117, 1, 19, 8, 20737 }, // U+2077
    { 7, 11, 117, 1, 19, 10, 20745 }, // U+2078
    { 7, 11, 117, 1, 19, 10, 20755 }, // U+2079
    { 6, 6, 113, 1, 16, 5, 20765 }, // U+207A
    { 6, 1, 113, 1, 13, 1, 20770 }, // U+207B
    { 6, 5, 113, 1, 15, 4, 20771 }, // U+207C
    { 4, 11, 75, 1, 19, 6, 20775 }, // U+207D
    { 4, 11, 75, 0, 19, 6, 20781 }, // U+207E
    { 7, 7, 134, 1, 13, 7, 20787 }, // U+207F
    { 7, 11, 117, 1, 7, 10, 20794 }, // U+2080
    { 5, 9, 117, 1, 6, 6, 20804 }, // U+2081
    { 6, 11, 117, 1, 7, 9, 20810 }, // U+2082
    { 7, 11, 117, 0, 7, 10, 20819 }, // U+2083
    { 7, 9, 117, 1, 6, 8, 20829 }, // U+2084
    { 7, 11, 117, 0, 7, 10, 20837 }, // U+2085
    { 7, 11, 117, 1, 7, 10, 20847 }, // U+2086
    { 6, 11, 117, 1, 7, 9, 20857 }, // U+2087
    { 7, 11, 117, 1, 7, 10, 20866 }, // U+2088
    { 7, 11, 117, 1, 7, 10, 20876 }, // U+2089
    { 6, 6, 113, 1, 4, 5, 20886 }, // U+208A
    { 6, 1, 113, 1, 2, 1, 20891 }, // U+208B
    { 6, 5, 113, 1, 4, 4, 20892 }, // U+208C
    { 4, 12, 75, 1, 8, 6, 20896 }, // U+208D
    { 4, 12, 75, 0, 8, 6, 20902 }, // U+208E
    { 8, 7, 122, 0, 5, 7, 20908 }, // U+2090
    { 8, 7, 122, 0, 5, 7, 20915 }, // U+2091
    { 8, 7, 131, 0, 5, 7, 20922 }, // U+2092
    { 7, 7, 115, 0, 5, 7, 20929 }, // U+2093
    { 8, 7, 122, 0, 5, 7, 20936 }, // U+2094
    { 7, 10, 134, 1, 8, 9, 20943 }, // U+2095
    { 7, 10, 116, 1, 8, 9, 20952 }, // U+2096
    { 2, 10, 56, 1, 8, 3, 20961 }, // U+2097
    { 11, 7, 203, 1, 5, 10, 20964 }, // U+2098
    { 7, 7, 134, 1, 5, 7, 20974 }, // U+2099
    { 7, 10, 133, 1, 5, 9, 20981 }, // U+209A
    { 6, 7, 104, 1, 5, 6, 20990 }, // U+209B
    { 6, 9, 78, -1, 7, 7, 20996 }, // U+209C
    { 11, 16, 191, 1, 16, 22, 21003 }, // U+20A0
    { 11, 18, 191, 1, 16, 25, 21025 }, // U+20A1
    { 11, 16, 191, 1, 16, 22, 21050 }, // U+20A2
    { 10, 16, 191, 1, 16, 20, 21072 }, // U+20A3
    { 10, 16, 191, 1, 16, 20, 21092 }, // U+20A4
    { 17, 18, 312, 2, 15, 39, 21112 }, // U+20A5
    { 12, 16, 191, 1, 16, 24, 21151 }, // U+20A6
    { 15, 16, 259, 2, 16, 30, 21175 }, // U+20A7
    { 15, 16, 278, 2, 16, 30, 21205 }, // U+20A8
    { 14, 16, 223, 1, 16, 28, 21235 }, // U+20A9
    { 13, 16, 266, 2, 16, 26, 21263 }, // U+20AA
    { 12, 19, 206, 1, 16, 29, 21289 }, // U+20AB
    { 11, 16, 191, 1, 16, 22, 21318 }, // U+20AC
    { 12, 16, 191, 1, 16, 24, 21340 }, // U+20AD
    { 11, 16, 191, 1, 16, 22, 21364 }, // U+20AE
    { 20, 21, 323, 0, 16, 53, 21386 }, // U+20AF
    { 11, 21, 191, 0, 16, 29, 21439 }, // U+20B0
    { 12, 16, 191, 1, 16, 24, 21468 }, // U+20B1
    { 12, 18, 243, 1, 16, 27, 21492 }, // U+20B2
    { 14, 16, 203, 0, 16, 28, 21519 }, // U+20B3
    { 11, 16, 183, 1, 16, 22, 21547 }, // U+20B4
    { 12, 18, 211, 1, 16, 27, 21569 }, // U+20B5
    { 12, 15, 207, 0, 15, 23, 21596 }, // U+20B6
    { 14, 18, 242, 1, 16, 32, 21619 }, // U+20B7
    { 11, 16, 182, 1, 16, 22, 21651 }, // U+20B8
    { 9, 16, 191, 2, 16, 18, 21673 }, // U+20B9
    { 11, 16, 191, 1, 16, 22, 21691 }, // U+20BA
    { 16, 16, 260, 1, 16, 32, 21713 }, // U+20BB
    { 15, 16, 270, 1, 16, 30, 21745 }, // U+20BC
    { 11, 16, 194, 1, 16, 22, 21775 }, // U+20BD
    { 13, 16, 257, 1, 16, 26, 21797 }, // U+20BE
    { 9, 20, 191, 2, 18, 23, 21823 }, // U+20BF
    { 9, 15, 164, 1, 12, 17, 21846 }, // U+20C0
    { 10, 3, 191, 1, 9, 4, 21863 }, // U+2212
    { 16, 16, 229, 1, 16, 32, 21867 }, // U+FB00
    { 11, 16, 201, 1, 16, 22, 21899 }, // U+FB01
    { 11, 16, 201, 1, 16, 22, 21921 }, // U+FB02
    { 18, 16, 315, 1, 16, 36, 21943 }, // U+FB03
    { 18, 16, 315, 1, 16, 36, 21979 }, // U+FB04
    { 12, 16, 224, 2, 16, 24, 22015 }, // U+FB05
    { 16, 16, 280, 1, 16, 32, 22039 }, // U+FB06
    { 20, 20, 333, 0, 17, 50, 22071 }, // U+FFFD
};

static const EpdUnicodeInterval notosansui_10_regularIntervals[] = {
    { 0x0, 0x0, 0x0 },
    { 0xD, 0xD, 0x1 },
    { 0x20, 0x7E, 0x2 },
    { 0xA0, 0x17F, 0x61 },
    { 0x1A0, 0x1A1, 0x141 },
    { 0x1AF, 0x1B0, 0x143 },
    { 0x1C4, 0x21F, 0x145 },
    { 0x300, 0x36F, 0x1A1 },
    { 0x400, 0x4FF, 0x211 },
    { 0x5D0, 0x5EA, 0x311 },
    { 0x1EA0, 0x1EF9, 0x32C },
    { 0x2000, 0x2064, 0x386 },
    { 0x2066, 0x2071, 0x3EB },
    { 0x2074, 0x208E, 0x3F7 },
    { 0x2090, 0x209C, 0x412 },
    { 0x20A0, 0x20C0, 0x41F },
    { 0x2212, 0x2212, 0x440 },
    { 0xFB00, 0xFB06, 0x441 },
    { 0xFFFD, 0xFFFD, 0x448 },
};

static const uint16_t notosansui_10_regularKernLeftCodepoints[] = {
    0x0022, 0x0026, 0x0027, 0x0028, 0x002C, 0x002D, 0x002E, 0x003A, 0x0041, 0x0042, 0x0043, 0x0044,
    0x0045, 0x0046, 0x004B, 0x004C, 0x004F, 0x0050, 0x0051, 0x0052, 0x0054, 0x0055, 0x0056, 0x0057,
    0x0058, 0x0059, 0x005A, 0x005B, 0x005F, 0x0061, 0x0062, 0x0063, 0x0065, 0x0066, 0x0068, 0x006D,
    0x006E, 0x006F, 0x0070, 0x0072, 0x0074, 0x0076, 0x0077, 0x0078, 0x0079, 0x007B, 0x00A1, 0x00AB,
    0x00BB, 0x00BF, 0x00C0, 0x00C1, 0x00C2, 0x00C3, 0x00C4, 0x00C5, 0x00C6, 0x00C7, 0x00C8, 0x00C9,
    0x00CA, 0x00CB, 0x00D0, 0x00D2, 0x00D3, 0x00D4, 0x00D5, 0x00D6, 0x00D8, 0x00D9, 0x00DA, 0x00DB,
    0x00DC, 0x00DD, 0x00DE, 0x00E0, 0x00E1, 0x00E2, 0x00E3, 0x00E4, 0x00E5, 0x00E6, 0x00E8, 0x00E9,
    0x00EA, 0x00EB, 0x00EE, 0x00EF, 0x00F0, 0x00F2, 0x00F3, 0x00F4, 0x00F5, 0x00F6, 0x00F8, 0x00FD,
    0x00FE, 0x00FF, 0x0100, 0x0101, 0x0102, 0x0103, 0x0104, 0x0105, 0x0106, 0x0108, 0x010A, 0x010C,
    0x010E, 0x010F, 0x0110, 0x0112, 0x0113, 0x0114, 0x0115, 0x0116, 0x0117, 0x0118, 0x0119, 0x011A,
    0x011B, 0x0125, 0x0129, 0x012B, 0x012E, 0x0136, 0x0138, 0x0139, 0x013B, 0x013D, 0x013E, 0x013F,
    0x0141, 0x0144, 0x0146, 0x0149, 0x014B, 0x014C, 0x014D, 0x014E, 0x014F, 0x0150, 0x0151, 0x0152,
    0x0153, 0x0155, 0x0157, 0x0159, 0x0162, 0x0163, 0x0164, 0x0165, 0x0166, 0x0167, 0x0168, 0x016A,
    0x016C, 0x016E, 0x0170, 0x0172, 0x0174, 0x0175, 0x0176, 0x0177, 0x0178, 0x0179, 0x017B, 0x017D,
    0x01A0, 0x01A1, 0x01AF, 0x01B0, 0x01FA, 0x01FB, 0x01FC, 0x01FD, 0x01FE, 0x020B, 0x021A, 0x021B,
    0x0400, 0x0401, 0x0402, 0x0403, 0x0404, 0x0405, 0x0409, 0x040A, 0x040B, 0x040C, 0x040E, 0x0410,
    0x0411, 0x0412, 0x0413, 0x0414, 0x0415, 0x0416, 0x0417, 0x041A, 0x041E, 0x0420, 0x0421, 0x0422,
    0x0423, 0x0424, 0x0425, 0x0426, 0x0429, 0x042A, 0x042C, 0x042D, 0x042E, 0x0430, 0x0431, 0x0432,
    0x0433, 0x0434, 0x0435, 0x0436, 0x0437, 0x0438, 0x0439, 0x043A, 0x043B, 0x043C, 0x043D, 0x043E,
    0x043F, 0x0440, 0x0441, 0x0442, 0x0443, 0x0444, 0x0445, 0x0446, 0x0447, 0x0448, 0x0449, 0x044A,
    0x044B, 0x044C, 0x044D, 0x044E, 0x044F, 0x0450, 0x0451, 0x0452, 0x0453, 0x0454, 0x0455, 0x0457,
    0x0458, 0x0459, 0x045A, 0x045B, 0x045C, 0x045D, 0x045E, 0x045F, 0x0460, 0x0461, 0x0462, 0x0463,
    0x0464, 0x0465, 0x0466, 0x0467, 0x0468, 0x0469, 0x046E, 0x0471, 0x0472, 0x0473, 0x0474, 0x0475,
    0x0476, 0x0477, 0x0478, 0x0479, 0x047A, 0x047B, 0x047C, 0x047D, 0x047E, 0x047F, 0x0480, 0x048A,
    0x048B, 0x048C, 0x048D, 0x048E, 0x048F, 0x0490, 0x0491, 0x0492, 0x0493, 0x0496, 0x0497, 0x0498,
    0x0499, 0x049A, 0x049B, 0x049C, 0x049D, 0x049E, 0x049F, 0x04A0, 0x04A1, 0x04A2, 0x04A3, 0x04A4,
    0x04A5, 0x04A9, 0x04AA, 0x04AB, 0x04AC, 0x04AD, 0x04AE, 0x04AF, 0x04B0, 0x04B1, 0x04B2, 0x04B3,
    0x04B4, 0x04B5, 0x04B6, 0x04B7, 0x04BC, 0x04BD, 0x04BE, 0x04BF, 0x04C1, 0x04C2, 0x04C5, 0x04C6,
    0x04C9, 0x04CA, 0x04CD, 0x04CE, 0x04D0, 0x04D1, 0x04D2, 0x04D3, 0x04D4, 0x04D5, 0x04D6, 0x04D7,
    0x04D8, 0x04D9, 0x04DA, 0x04DB, 0x04DC, 0x04DD, 0x04DE, 0x04DF, 0x04E3, 0x04E5, 0x04E6, 0x04E7,
    0x04E8, 0x04E9, 0x04EA, 0x04EB, 0x04EC, 0x04ED, 0x04EE, 0x04EF, 0x04F0, 0x04F1, 0x04F2, 0x04F3,
    0x04F5, 0x04F6, 0x04F7, 0x04F9, 0x04FA, 0x04FB, 0x04FC, 0x04FD, 0x04FE, 0x04FF, 0x05D0, 0x05D1,
    0x05D2, 0x05D3, 0x05D5, 0x05D6, 0x05D8, 0x05D9, 0x05DB, 0x05DC, 0x05DE, 0x05E0, 0x05E1, 0x05E2,
    0x05E4, 0x05E6, 0x05E8, 0x05E9, 0x05EA, 0x1EA0, 0x1EA1, 0x1EA2, 0x1EA3, 0x1EA4, 0x1EA5, 0x1EA6,
    0x1EA7, 0x1EA8, 0x1EA9, 0x1EAA, 0x1EAB, 0x1EAC, 0x1EAD, 0x1EAE, 0x1EAF, 0x1EB0, 0x1EB1, 0x1EB2,
    0x1EB3, 0x1EB4, 0x1EB5, 0x1EB6, 0x1EB7, 0x1EB8, 0x1EB9, 0x1EBA, 0x1EBB, 0x1EBC, 0x1EBD, 0x1EBE,
    0x1EBF, 0x1EC0, 0x1EC1, 0x1EC2, 0x1EC3, 0x1EC4, 0x1EC5, 0x1EC6, 0x1EC7, 0x1ECC, 0x1ECD, 0x1ECE,
    0x1ECF, 0x1ED0, 0x1ED1, 0x1ED2, 0x1ED3, 0x1ED4, 0x1ED5, 0x1ED6, 0x1ED7, 0x1ED8, 0x1ED9, 0x1EDA,
    0x1EDB, 0x1EDC, 0x1EDD, 0x1EDE, 0x1EDF, 0x1EE0, 0x1EE1, 0x1EE2, 0x1EE3, 0x1EE4, 0x1EE6, 0x1EE8,
    0x1EE9, 0x1EEA, 0x1EEB, 0x1EEC, 0x1EED, 0x1EEE, 0x1EEF, 0x1EF0, 0x1EF1, 0x1EF2, 0x1EF3, 0x1EF4,
    0x1EF5, 0x1EF6, 0x1EF7, 0x1EF8, 0x1EF9, 0x2013, 0x2014, 0x2015, 0x2018, 0x2019, 0x201A, 0x201C,
    0x201D, 0x201E, 0x2039, 0x203A, 0xFB00,
};

static const uint8_t notosansui_10_regularKernLeftClassIds[] = {
      1,   2,   1,   3,   4,   5,   4,   6,   7,   8,   9,  10,  11,  12,   9,  13,
     10,  14,  10,  15,  16,  17,  18,  18,   9,  19,  20,   3,  21,  22,  23,  24,
     23,  25,  22,  22,  22,  23,  23,  26,  24,  27,  27,  28,  27,   3,  29,  30,
     31,  32,   7,   7,   7,   7,   7,   7,  11,   9,  11,  11,  11,  11,  10,  10,
     10,  10,  10,  10,  10,  17,  17,  17,  17,  19,  14,  22,  22,  22,  22,  22,
     22,  23,  23,  23,  23,  23,  33,  33,  23,  23,  23,  23,  23,  23,  23,  27,
     23,  27,   7,  22,   7,  22,  34,  22,   9,   9,   9,   9,  10,  35,  10,  11,
     23,  11,  23,  11,  23,  11,  23,  11,  23,  22,  36,  33,  37,   9,  28,  13,
     13,  13,  35,  13,  13,  22,  22,  22,  22,  10,  23,  10,  23,  10,  23,  11,
     23,  26,  26,  26,  16,  24,  16,  38,  16,  24,  17,  17,  17,  17,  17,  17,
     18,  27,  19,  27,  19,  20,  20,  20,  39,  40,  41,  42,   7,  22,  11,  23,
     10,  33,  16,  24,  43,  43,  44,  45,  46,  47,  48,  48,  44,  49,  50,  51,
     52,  53,  45,  54,  43,  49,  53,  49,  55,  56,  46,  45,  50,  57,  49,  54,
     54,  48,  48,  55,  55,  58,  59,  60,  61,  62,  63,  64,  60,  65,  65,  64,
     65,  65,  65,  63,  65,  63,  66,  61,  67,  63,  64,  62,  65,  65,  62,  68,
     65,  68,  63,  63,  65,  63,  63,  69,  61,  66,  70,  71,  72,  68,  68,  73,
     64,  65,  67,  65,  55,  74,  75,  68,  46,  66,  51,  76,  51,  76,  77,  63,
     55,  63,  50,  74,  50,  74,  67,  67,  55,  63,  55,  63,  55,  74,  46,  54,
     62,  75,  68,  56,  63,  78,  79,  80,  81,  82,  83,  77,  60,  82,  83,  49,
     64,  49,  64,  49,  64,  54,  62,  80,  79,  63,  46,  66,  78,  79,  84,  85,
     84,  85,  82,  83,  54,  62,  54,  62,  86,  87,  86,  87,  49,  64,  54,  62,
     54,  62,  54,  62,  51,  58,  51,  58,  43,  87,  43,  87,  55,  63,  55,  63,
     49,  64,  77,  60,  65,  65,  55,  63,  55,  63,  55,  63,  55,  63,  50,  67,
     50,  67,  50,  67,  65,  78,  79,  65,  80,  81,  82,  83,  49,  83,  88,  89,
     90,  91,  92,  93,  94,  95,  96,  97,  98,  99, 100, 101, 102, 103, 104, 105,
    106,   7,  22,   7,  22,   7,  22,   7,  22,   7,  22,   7,  22,   7,  22,   7,
     22,   7,  22,   7,  22,   7,  22,   7,  22,  11,  23,  11,  23,  11,  23,  11,
     23,  11,  23,  11,  23,  11,  23,  11,  23,  10,  23,  10,  23,  10,  23,  10,
     23,  10,  23,  10,  23,  10,  23,  39,  40,  39,  40,  39,  40,  39,  40,  39,
     40,  17,  17,  41,  42,  41,  42,  41,  42,  41,  42,  41,  42,  19,  27,  19,
     27,  19,  27,  19,  27,   5,   5,   5,   1,   1,   4,   1,   1,   4,  30,  31,
     25,
};

static const uint16_t notosansui_10_regularKernRightCodepoints[] = {
    0x0021, 0x0022, 0x0026, 0x0027, 0x0029, 0x002C, 0x002D, 0x002E, 0x003A, 0x003B, 0x003F, 0x0041,
    0x0043, 0x0047, 0x0049, 0x004A, 0x004F, 0x0051, 0x0054, 0x0055, 0x0056, 0x0057, 0x0058, 0x0059,
    0x005A, 0x005D, 0x0061, 0x0062, 0x0063, 0x0064, 0x0065, 0x0066, 0x0067, 0x0068, 0x006A, 0x006B,
    0x006C, 0x006D, 0x006E, 0x006F, 0x0070, 0x0071, 0x0072, 0x0073, 0x0074, 0x0075, 0x0076, 0x0077,
    0x0078, 0x0079, 0x007A, 0x007D, 0x00AB, 0x00BB, 0x00C0, 0x00C1, 0x00C2, 0x00C3, 0x00C4, 0x00C5,
    0x00C6, 0x00C7, 0x00D2, 0x00D3, 0x00D4, 0x00D5, 0x00D6, 0x00D8, 0x00D9, 0x00DA, 0x00DB, 0x00DC,
    0x00DD, 0x00E0, 0x00E1, 0x00E2, 0x00E3, 0x00E4, 0x00E5, 0x00E6, 0x00E7, 0x00E8, 0x00E9, 0x00EA,
    0x00EB, 0x00F2, 0x00F3, 0x00F4, 0x00F5, 0x00F6, 0x00F8, 0x00F9, 0x00FA, 0x00FB, 0x00FC, 0x00FD,
    0x00FE, 0x00FF, 0x0100, 0x0101, 0x0102, 0x0103, 0x0104, 0x0105, 0x0106, 0x0107, 0x0108, 0x0109,
    0x010A, 0x010B, 0x010C, 0x010D, 0x010F, 0x0111, 0x0113, 0x0115, 0x0117, 0x0119, 0x011B, 0x011C,
    0x011D, 0x011E, 0x011F, 0x0120, 0x0121, 0x0122, 0x0123, 0x0125, 0x0127, 0x0129, 0x0137, 0x0138,
    0x013A, 0x013C, 0x013E, 0x0140, 0x0144, 0x0146, 0x014B, 0x014C, 0x014D, 0x014E, 0x014F, 0x0150,
    0x0151, 0x0152, 0x0153, 0x0155, 0x0157, 0x015B, 0x015F, 0x0162, 0x0163, 0x0164, 0x0165, 0x0166,
    0x0167, 0x0168, 0x0169, 0x016A, 0x016B, 0x016C, 0x016D, 0x016E, 0x016F, 0x0170, 0x0171, 0x0172,
    0x0173, 0x0174, 0x0175, 0x0176, 0x0177, 0x0178, 0x0179, 0x017A, 0x017B, 0x017C, 0x017D, 0x017E,
    0x01A0, 0x01A1, 0x01AF, 0x01B0, 0x01FA, 0x01FB, 0x01FC, 0x01FD, 0x01FE, 0x01FF, 0x0219, 0x021A,
    0x021B, 0x0402, 0x0404, 0x0405, 0x0408, 0x0409, 0x040B, 0x040E, 0x0410, 0x0414, 0x0416, 0x0417,
    0x041B, 0x041E, 0x0421, 0x0422, 0x0423, 0x0424, 0x0425, 0x0427, 0x042A, 0x042D, 0x042F, 0x0430,
    0x0431, 0x0432, 0x0433, 0x0434, 0x0435, 0x0436, 0x0437, 0x0438, 0x0439, 0x043A, 0x043B, 0x043C,
    0x043D, 0x043E, 0x043F, 0x0440, 0x0441, 0x0442, 0x0443, 0x0444, 0x0445, 0x0446, 0x0447, 0x0448,
    0x0449, 0x044A, 0x044B, 0x044C, 0x044D, 0x044E, 0x044F, 0x0450, 0x0451, 0x0452, 0x0453, 0x0454,
    0x0455, 0x0457, 0x0458, 0x0459, 0x045A, 0x045B, 0x045C, 0x045D, 0x045E, 0x045F, 0x0460, 0x0461,
    0x0462, 0x0465, 0x0466, 0x0467, 0x0469, 0x046D, 0x046E, 0x0470, 0x0472, 0x0473, 0x0474, 0x0475,
    0x0476, 0x0477, 0x0478, 0x0479, 0x047A, 0x047B, 0x047C, 0x047D, 0x047E, 0x047F, 0x0480, 0x0481,
    0x048B, 0x048C, 0x048D, 0x048F, 0x0491, 0x0492, 0x0495, 0x0496, 0x0497, 0x0498, 0x0499, 0x049B,
    0x049D, 0x049F, 0x04A0, 0x04A1, 0x04A3, 0x04A5, 0x04A7, 0x04A8, 0x04A9, 0x04AA, 0x04AB, 0x04AC,
    0x04AD, 0x04AE, 0x04AF, 0x04B0, 0x04B1, 0x04B2, 0x04B3, 0x04B4, 0x04B5, 0x04B6, 0x04B7, 0x04B8,
    0x04B9, 0x04BB, 0x04BC, 0x04BD, 0x04BE, 0x04BF, 0x04C1, 0x04C2, 0x04C4, 0x04C5, 0x04C6, 0x04C8,
    0x04CA, 0x04CB, 0x04CC, 0x04CE, 0x04D0, 0x04D1, 0x04D2, 0x04D3, 0x04D4, 0x04D5, 0x04D7, 0x04D8,
    0x04D9, 0x04DA, 0x04DB, 0x04DC, 0x04DD, 0x04DE, 0x04DF, 0x04E3, 0x04E5, 0x04E6, 0x04E7, 0x04E8,
    0x04E9, 0x04EA, 0x04EB, 0x04EC, 0x04ED, 0x04EE, 0x04EF, 0x04F0, 0x04F1, 0x04F2, 0x04F3, 0x04F4,
    0x04F5, 0x04F7, 0x04F9, 0x04FA, 0x04FC, 0x04FD, 0x04FE, 0x04FF, 0x05D0, 0x05D1, 0x05D2, 0x05D3,
    0x05D4, 0x05D6, 0x05D7, 0x05D8, 0x05D9, 0x05DA, 0x05DB, 0x05DC, 0x05DD, 0x05DE, 0x05E1, 0x05E2,
    0x05E3, 0x05E4, 0x05E5, 0x05E7, 0x05E8, 0x05E9, 0x05EA, 0x1EA0, 0x1EA1, 0x1EA2, 0x1EA3, 0x1EA4,
    0x1EA5, 0x1EA6, 0x1EA7, 0x1EA8, 0x1EA9, 0x1EAA, 0x1EAB, 0x1EAC, 0x1EAD, 0x1EAE, 0x1EAF, 0x1EB0,
    0x1EB1, 0x1EB2, 0x1EB3, 0x1EB4, 0x1EB5, 0x1EB6, 0x1EB7, 0x1EB9, 0x1EBB, 0x1EBD, 0x1EBF, 0x1EC1,
    0x1EC3, 0x1EC5, 0x1EC7, 0x1ECC, 0x1ECD, 0x1ECE, 0x1ECF, 0x1ED0, 0x1ED1, 0x1ED2, 0x1ED3, 0x1ED4,
    0x1ED5, 0x1ED6, 0x1ED7, 0x1ED8, 0x1ED9, 0x1EDA, 0x1EDB, 0x1EDC, 0x1EDD, 0x1EDE, 0x1EDF, 0x1EE0,
    0x1EE1, 0x1EE2, 0x1EE3, 0x1EE4, 0x1EE5, 0x1EE6, 0x1EE7, 0x1EE8, 0x1EE9, 0x1EEA, 0x1EEB, 0x1EEC,
    0x1EED, 0x1EEE, 0x1EEF, 0x1EF0, 0x1EF1, 0x1EF2, 0x1EF4, 0x1EF5, 0x1EF6, 0x1EF7, 0x1EF8, 0x1EF9,
    0x2013, 0x2014, 0x2015, 0x2018, 0x2019, 0x201A, 0x201C, 0x201D, 0x201E, 0x2026, 0x2039, 0x203A,
    0xFB00, 0xFB01, 0xFB02, 0xFB03, 0xFB04,
};

static const uint8_t notosansui_10_regularKernRightClassIds[] = {
      1,   2,   3,   2,   4,   5,   6,   5,   7,   7,   8,   9,  10,  10,  11,  12,
     10,  10,  13,  14,  15,  15,  16,  17,  18,   4,  19,  20,  21,  21,  21,  22,
     23,  20,  24,  20,  20,  25,  25,  21,  25,  21,  25,  26,  22,  25,  27,  27,
     27,  27,  28,   4,  29,  30,   9,   9,   9,   9,   9,   9,  31,  10,  10,  10,
     10,  10,  10,  10,  14,  14,  14,  14,  17,  21,  19,  19,  19,  19,  19,  19,
     21,  21,  21,  21,  21,  21,  21,  21,  21,  21,  21,  25,  25,  25,  25,  27,
     20,  27,   9,  19,   9,  19,   9,  19,  10,  21,  10,  21,  10,  21,  10,  21,
     21,  21,  21,  21,  21,  21,  21,  10,  23,  10,  23,  10,  23,  10,  23,  20,
     32,  33,  20,  25,  20,  20,  20,  20,  25,  25,  25,  10,  21,  10,  21,  10,
     21,  10,  21,  25,  25,  26,  26,  13,  22,  13,  22,  13,  22,  14,  25,  14,
     25,  14,  25,  14,  25,  14,  25,  14,  25,  15,  27,  17,  27,  17,  18,  28,
     18,  28,  18,  28,  10,  21,  14,  25,   9,  19,  31,  19,  10,  21,  26,  13,
     22,  34,  35,  36,  37,  38,  34,  39,  40,  41,  42,  43,  38,  35,  35,  34,
     39,  44,  42,  45,  34,  43,  46,  47,  48,  49,  49,  50,  51,  52,  53,  49,
     49,  49,  54,  49,  49,  51,  49,  49,  51,  55,  56,  51,  52,  49,  57,  49,
     49,  55,  49,  49,  53,  49,  58,  51,  51,  59,  49,  51,  60,  61,  62,  54,
     49,  59,  49,  49,  56,  49,  63,  64,  65,  66,  40,  50,  66,  66,  43,  45,
     63,  47,  67,  64,  67,  64,  63,  47,  63,  47,  63,  47,  63,  64,  63,  47,
     66,  65,  59,  66,  66,  65,  66,  42,  52,  43,  53,  66,  66,  59,  68,  55,
     66,  66,  66,  63,  47,  63,  47,  34,  55,  69,  70,  69,  70,  42,  52,  68,
     55,  45,  57,  45,  57,  66,  71,  72,  71,  72,  42,  52,  66,  73,  50,  66,
     66,  45,  57,  66,  40,  74,  40,  74,  40,  74,  47,  75,  74,  75,  74,  42,
     52,  43,  53,  49,  49,  63,  47,  63,  47,  63,  47,  43,  53,  39,  56,  39,
     56,  39,  56,  45,  57,  66,  49,  65,  42,  52,  42,  52,  76,  77,  78,  79,
     80,  81,  82,  83,  84,  85,  86,  87,  88,  89,  90,  91,  92,  93,  94,  95,
     96,  97,  98,   9,  19,   9,  19,   9,  19,   9,  19,   9,  19,   9,  19,   9,
     19,   9,  19,   9,  19,   9,  19,   9,  19,   9,  19,  21,  21,  21,  21,  21,
     21,  21,  21,  10,  21,  10,  21,  10,  21,  10,  21,  10,  21,  10,  21,  10,
     21,  10,  21,  10,  21,  10,  21,  10,  21,  10,  21,  14,  25,  14,  25,  14,
     25,  14,  25,  14,  25,  14,  25,  14,  25,  17,  17,  27,  17,  27,  17,  27,
      6,   6,   6,  99,   2,   5,  99,   2,   5,   5,  29,  30,  22,  22,  22,  22,
     22,
};

static const uint16_t notosansui_10_regularKernRowOffsets[] = {
        0,    29,    32,    37,    54,    61,    66,    72,    73,    75,    82,    83,    87,    93,   100,   101,
      117,   119,   130,   143,   145,   146,   147,   150,   151,   154,   159,   162,   163,   167,   173,   182,
      186,   187,   193,   200,   202,   203,   208,   214,   217,   227,   230,   231,   244,   269,   275,   277,
      288,   303,   332,   351,   353,   357,   369,   385,   402,   420,   426,   437,   445,   456,   468,   479,
      491,   493,   497,   509,   527,   533,   537,   541,   543,   548,   550,   557,   565,   568,   593,   600,
      616,   619,   624,   626,   638,   640,   643,   646,   652,   657,   664,   675,   681,   682,   691,   702,
      708,   718,   723,   726,   733,   735,   742,   749,   759,   766,   776,
};

static const uint8_t notosansui_10_regularKernSparseCols[] = {
      8,  12,  14,  16,  18,  20,  22,  24,  25,  30,  32,  33,  37,  38,  39,  40,
     41,  43,  46,  49,  52,  53,  54,  55,  58,  60,  67,  72,  73,  12,  14,  16,
     11,  23,  36,  43,  61,   9,  12,  13,  14,  16,  33,  36,  38,  43,  44,  54,
     56,  62,  66,  67,  68,  70,  12,  33,  38,  41,  51,  54,  67,  33,  41,  43,
     44,  56,   1,   9,  11,  12,  14,  16,   4,   9,  28,   4,   8,  12,  14,  15,
     16,  17,  11,   3,   4,   7,   8,   1,   9,  12,  13,  14,  16,   2,   4,   8,
     15,  17,  28,  30,  28,   2,   4,   5,   7,   8,   9,  12,  18,  20,  22,  24,
     25,  26,  27,  28,  29,   4,   8,   4,   7,   8,   9,  18,  20,  22,  24,  25,
     28,  29,   2,   4,   7,   8,   9,  18,  20,  22,  24,  25,  27,  28,  29,   9,
     28,  11,   1,   1,  26,  27,   1,   1,   3,   4,   1,   4,  18,  20,  22,   1,
      4,   7,  20,  11,  12,  14,  16,  12,  14,  16,  33,  39,  67,  12,  14,  15,
     16,  33,  38,  41,  44,  67,  11,  12,  14,  16,   3,   1,   9,  11,  12,  14,
     16,   0,   1,   3,   7,  19,  31,  98,   3,  32,  11,   0,   1,   3,   7,  98,
      8,  10,  12,  14,  15,  16,  19,  21,  26,   8,   9,  10,  12,  14,  15,  16,
     18,  20,  22,  19,  21,  26,  36,   1,  33,  38,  44,  54,  55,  56,  64,  66,
     67,  68,  69,  98,   1,   4,   5,   6,  29,  33,  34,  37,  39,  40,  43,  46,
     47,  48,  49,  50,  51,  52,  53,  54,  55,  56,  57,  59,  67,  28,  34,  43,
     56,  62,  70,   4,  43,   1,   4,  33,  38,  44,  51,  54,  55,  57,  67,  98,
      1,   5,   6,  28,  34,  43,  44,  46,  47,  50,  54,  55,  56,  62,  70,   1,
      4,   5,   6,  28,  29,  34,  35,  37,  39,  40,  43,  45,  46,  47,  48,  49,
     50,  51,  52,  53,  56,  57,  58,  59,  62,  70,  71,  72,   1,  29,  33,  34,
     36,  38,  43,  44,  50,  54,  55,  56,  64,  66,  67,  68,  70,  74,  98,  51,
     55,   3,  51,  56,  57,   4,  36,  37,  40,  43,  44,  49,  53,  54,  55,  56,
     61,   4,  33,  37,  38,  39,  40,  41,  42,  49,  51,  53,  57,  66,  67,  68,
     72,   4,   5,   6,  28,  29,  37,  38,  39,  40,  41,  43,  46,  49,  50,  53,
     57,  72,   1,   3,   4,   6,  33,  35,  37,  38,  39,  40,  41,  42,  45,  49,
     51,  53,  57,  67,   1,  33,  38,  51,  54,  55,  33,  38,  39,  41,  45,  49,
     51,  54,  55,  56,  57,   3,  33,  38,  41,  45,  51,  54,  55,   1,   4,   5,
     37,  39,  40,  41,  49,  50,  53,  98,   1,   4,  33,  36,  37,  40,  44,  49,
     53,  54,  56,  61,  33,  38,  39,  41,  45,  49,  51,  54,  55,  56,  57,   5,
     33,  34,  38,  43,  44,  46,  50,  56,  57,  71,  98,  33,  58,   1,  33,  50,
     57,   1,   4,  37,  39,  40,  41,  46,  49,  50,  53,  57,  98,   1,   6,  33,
     38,  39,  41,  43,  44,  45,  51,  54,  55,  56,  57,  63,  69,  71,  98,   1,
     33,  36,  54,  55,  61,  33,  38,  45,  57,   1,  33,  58,  60,  36,  61,   1,
     33,  36,  54,  55,   4,  49,   1,  33,  44,  54,  66,  67,  68,   1,  46,  54,
     55,  56,  63,  69,  71,   4,  66,  68,   4,   5,  28,  29,  33,  34,  37,  39,
     40,  43,  46,  49,  51,  52,  54,  55,  56,  62,  63,  65,  69,  70,  71,  72,
     73,   4,   5,  39,  46,  49,  50,  53,   4,   5,  33,  39,  46,  49,  51,  52,
     56,  58,  62,  65,  67,  70,  71,  72,   4,  46,  49,  54,  56,  62,  70,  71,
     46,  56,   4,  39,  46,  49,  56,  58,  62,  65,  71,  72,  73,  74,   4,  49,
     33,  66,  68,   1,  51,  55,  83,  85,  86,  92,  94,  96,  78,  84,  89,  92,
     95,  76,  82,  83,  85,  86,  88,  92,  76,  79,  82,  84,  85,  87,  88,  89,
     91,  92,  95,  76,  82,  87,  89,  92,  95,  76,  78,  82,  84,  85,  91,  92,
     93,  94,  95,  76,  79,  81,  82,  85,  87,  88,  89,  92,  95,  97,  82,  85,
     88,  89,  91,  92,  76,  77,  82,  84,  85,  89,  91,  92,  96,  97,  85,  87,
     88,  89,  92,  82,  83,  85,  82,  84,  86,  89,  91,  92,  95,  82,  89,  84,
     85,  86,  89,  91,  92,  96,  75,  76,  78,  83,  87,  89,  92,  76,  82,  84,
     85,  88,  89,  91,  92,  95,  97,  76,  82,  85,  87,  89,  92,  95,  78,  80,
     83,  85,  86,  88,  89,  90,  92,  96,
};

static const int8_t notosansui_10_regularKernSparseValues[] = {
     -23,    7,    7,    3,  -13,  -20,  -10,  -10,  -10,  -27,   23,    7,  -10,    7,  -23,  -20,
       7,   -3,  -13,  -23,    7,  -17,   10,    7,   10,   10,    7,  -20,   -7,  -20,   -7,  -10,
      30,   13,   33,  -10,   20,  -17,  -23,   -7,  -20,  -20,  -17,   20,   -7,  -13,  -27,  -13,
     -20,  -17,  -20,  -23,  -20,  -20,  -13,  -13,   -7,   -3,   -3,   -7,  -13,  -10,   -3,   -3,
      -3,   -3,  -23,   -7,   17,  -23,  -13,  -20,   -3,   -7,   -7,  -13,   -7,  -10,   -3,   -7,
      -3,   -3,   20,    7,  -20,    7,   -7,  -27,   -7,   -7,   -3,   -7,  -10,   -3,  -43,  -17,
      -7,   -3,   -7,  -10,   -3,   -7,  -20,  -13,    7,  -23,   -7,    7,  -27,  -23,  -23,  -17,
     -20,   -7,  -13,  -20,  -10,   -7,   -3,  -17,    7,  -13,   -3,   -7,   -7,   -3,   -3,   -3,
     -10,   -3,  -10,  -20,    7,  -20,   -7,  -17,  -17,  -17,  -10,  -13,   -7,  -27,  -10,   -3,
      -7,   32,   -3,   -3,   -7,   -3,    7,   20,   13,   -7,   13,  -53,   -7,   -7,   -3,   13,
     -13,    7,   -7,   17,   -7,   -3,  -10,  -10,   -3,  -10,  -10,   -3,   -3,  -20,  -10,   -7,
     -27,  -20,   -7,   -7,   -7,  -13,   33,  -13,  -10,  -13,   17,  -23,   -7,   37,  -23,  -13,
     -20,   17,   17,   30,   30,   10,   23,   23,   17,   43,   17,   23,   37,   40,   37,   23,
      -7,    7,   20,   23,   17,   20,    7,   13,   17,  -10,   -3,    7,   23,   23,   17,   20,
     -10,   -7,   -7,    7,   17,   17,   17,  -23,  -17,   -7,  -10,   -7,   -7,   -7,   -7,  -13,
     -20,  -17,   -7,  -10,    7,  -17,  -13,  -10,  -10,    7,   -7,   -8,  -23,   -8,  -12,  -13,
      -7,  -10,  -13,  -13,   -3,   -3,  -10,   -3,   -7,  -10,  -13,   -7,    3,   -7,   -7,  -10,
      -7,   -7,   -7,   -7,   -3,  -30,   -3,  -20,   -7,  -10,   -7,   -7,   -7,   -7,  -10,  -20,
       7,   -3,   -3,   -7,   -7,  -13,   -3,   -3,   -7,   -7,   -3,   -3,   -7,   -7,  -17,    7,
     -23,   -7,   -3,  -17,   -7,  -13,   -7,  -30,  -40,  -33,  -10,  -10,  -17,  -13,   -3,  -33,
     -20,  -10,   -7,  -17,   -7,  -17,   17,  -10,   -3,   -7,  -10,  -17,  -23,   -3,  -23,   -7,
      17,  -10,  -12,  -20,   -3,  -10,   -7,  -10,   -7,  -13,  -17,  -20,  -17,   -3,  -13,   -3,
      -3,   -8,   -3,   -5,   -3,   10,   30,   10,   13,   -3,   -8,   10,   10,   -3,   10,   -7,
      23,  -13,   -7,   -3,  -13,   -7,   -3,   -7,   -3,   -3,   -5,   -3,   -3,   -3,   -3,   -3,
      -7,  -43,   -3,   -3,   -7,   -3,  -20,   -7,  -17,  -20,   -7,   -3,   -8,  -17,   -3,  -13,
      -3,  -20,   -3,  -10,  -13,   -3,  -12,   -3,   -8,  -10,  -12,  -10,  -13,  -10,   -3,   -8,
      -5,   -5,   -3,   -7,   -3,  -13,  -13,   -7,   -3,   -3,  -20,  -13,   -3,  -10,   -7,   -3,
      -7,   -3,  -10,   -3,   -3,   -3,  -10,   -3,   -3,   -3,   -7,   -3,   -3,   10,  -13,   -7,
      -7,  -10,  -10,   -3,  -13,   -3,  -10,   13,   -3,    7,  -10,   33,    7,   10,   -5,    7,
       8,   -5,  -10,   20,  -13,  -13,   -3,   -7,   -7,   -3,   -7,   -3,  -10,   -3,   -3,   -3,
      -3,   -5,   -3,   -5,   -3,   -7,   -7,   -7,   -3,   -7,   10,  -10,   -2,    7,   -7,   -3,
      -3,    7,  -13,   -7,   -7,  -10,   -3,   -3,  -17,  -10,  -17,  -10,   13,  -27,   -3,  -20,
      -7,   -3,   -3,   -3,  -23,   -7,   -7,  -20,  -15,  -13,   -7,   -7,  -10,   -7,  -10,   -3,
     -13,   27,  -10,  -17,    7,   -7,  -10,   -3,   -7,   10,    7,   10,    3,   10,    7,   -3,
     -13,   13,  -10,  -17,  -13,   -7,  -13,  -13,  -13,   -7,  -10,   -7,  -10,  -23,   -7,  -17,
     -10,  -10,   -7,   -7,   -7,  -13,   -3,   -3,  -20,  -13,  -20,  -10,    7,   -7,  -13,  -23,
     -17,  -12,  -23,  -20,   -7,   -7,  -13,  -13,  -17,   -7,   -7,  -17,  -13,  -17,  -23,  -17,
     -27,  -17,   -7,  -10,   -3,  -13,   -3,  -10,  -17,   -7,    7,  -20,  -13,  -17,   -7,   -7,
     -17,    7,   -7,  -10,    7,   -7,  -10,  -13,  -10,   -7,  -10,   -7,  -17,   -7,  -17,   -7,
      -3,   -3,  -20,  -20,  -17,  -17,  -13,    7,   -7,  -10,  -13,  -13,  -13,   -3,  -13,   -3,
      -7,   -3,   -3,   -3,   -7,   -3,   -7,   -2,   -2,   -7,   -3,   -7,   -4,   -6,  -11,  -11,
      -8,    1,   -6,  -11,   -4,   -5,   -7,   -8,  -13,   -7,   -6,  -17,  -12,   -8,   -4,  -11,
     -17,  -12,  -12,   -2,   -5,   -3,   -2,   -7,   -4,   -6,   -4,   -7,   -6,   -2,   -4,   -7,
      -6,   -6,   -4,  -21,   -7,   -2,   -2,   -2,  -10,   -2,   -2,   -8,   -7,   -7,   -6,   -4,
      -5,   -5,   -9,   -9,  -13,   -1,   -6,  -10,   -9,   -6,  -12,   -5,    6,   -2,   -7,   -4,
      -7,   -7,   -9,   -5,   -5,   -8,   -1,  -10,   -1,   -1,  -10,   -4,   -4,   -2,   -8,   -2,
      -7,   -2,   -2,   -9,   -1,   -2,   -4,   -8,   -6,   -7,   -8,  -11,   -9,  -13,   -7,   -5,
      -6,   -2,   -4,  -10,   -4,   -7,   -7,   -8,   -1,   -8,   -2,   -4,   -2,   -2,  -15,  -17,
      -5,   -6,   -1,  -11,  -13,  -13,   -8,   -7,
};

static const EpdLigaturePair notosansui_10_regularLigaturePairs[] = {
    { 0x00660066, 0xFB00 }, // f f -> U+FB00
    { 0x00660069, 0xFB01 }, // f i -> U+FB01
    { 0x0066006C, 0xFB02 }, // f l -> U+FB02
    { 0xFB000069, 0xFB03 }, // U+FB00 i -> U+FB03
    { 0xFB00006C, 0xFB04 }, // U+FB00 l -> U+FB04
};

static const EpdFontData notosansui_10_regular = {
    notosansui_10_regularBitmaps,
    notosansui_10_regularGlyphs,
    notosansui_10_regularIntervals,
    19,
    28,
    23,
    -7,
    false,
    nullptr,
    0,
    nullptr,
    nullptr,  // kernLeftClasses: built-in fonts use the split arrays below
    nullptr,  // kernRightClasses
    notosansui_10_regularKernLeftCodepoints,
    notosansui_10_regularKernLeftClassIds,
    notosansui_10_regularKernRightCodepoints,
    notosansui_10_regularKernRightClassIds,
    nullptr,  // kernMatrix: built-in fonts use the sparse form below
    notosansui_10_regularKernRowOffsets,
    notosansui_10_regularKernSparseCols,
    notosansui_10_regularKernSparseValues,
    497,
    497,
    106,
    99,
    notosansui_10_regularLigaturePairs,
    5,
};
