/**
 * generated by fontconvert.py
 * name: notosansui_12_bold
 * size: 12
 * mode: 1-bit
 * Command used: fontconvert.py notosansui_12_bold 12 ../builtinFonts/source/NotoSans/NotoSans-Bold.ttf ../builtinFonts/source/NotoSansHebrew/NotoSansHebrew-Bold.ttf --additional-intervals 0x05D0,0x05EA --force-autohint
 */
#pragma once
#include "EpdFontData.h"

static const uint8_t notosansui_12_boldBitmaps[33292] = {
    0xFF, 0xFF, 0xFF, 0xFF, 0xFF, 0xFF, 0x00, 0xFF, 0xFF, 0xF3, 0xFC, 0xFF, 0x3F, 0xCF, 0x73, 0x9C,
    0xE0, 0x07, 0x38, 0x0E, 0x70, 0x1D, 0xE0, 0x7B, 0xC0, 0xE7, 0x0F, 0xFF, 0xDF, 0xFF, 0xBF, 0xFF,
    0x1E, 0xF0, 0x3D, 0xC3, 0xFF, 0xF7, 0xFF, 0xEF, 0xFF, 0xC3, 0xBC, 0x0F, 0x78, 0x1C, 0xE0, 0x39,
    0xC0, 0x73, 0x80, 0x06, 0x00, 0x60, 0x3F, 0xE7, 0xFF, 0xFF, 0xFF, 0xFE, 0xF6, 0x0F, 0xE0, 0xFE,
    0x07, 0xF8, 0x3F, 0xE1, 0xFF, 0x07, 0xF0, 0x7F, 0x86, 0xFF, 0x7F, 0xFF, 0xFF, 0xFE, 0x7F, 0xC0,
    0x60, 0x06, 0x00, 0x3E, 0x03, 0x83, 0xF8, 0x3C, 0x3F, 0xE1, 0xC1, 0xEF, 0x1E, 0x0E, 0x39, 0xE0,
    0x71, 0xCF, 0x03, 0x8E, 0xF0, 0x1E, 0xF7, 0x7C, 0xFF, 0xFB, 0xF3, 0xFB, 0xBF, 0xCF, 0xBD, 0xFE,
    0x01, 0xCE, 0x70, 0x1E, 0x73, 0x81, 0xE3, 0x9C, 0x0F, 0x1C, 0xE0, 0xF0, 0xFF, 0x07, 0x83, 0xF0,
    0x78, 0x1F, 0x80, 0x1F, 0xC0, 0x0F, 0xFC, 0x07, 0xFF, 0x01, 0xF7, 0xC0, 0x78, 0xF0, 0x1F, 0x7C,
    0x03, 0xFE, 0x00, 0xFF, 0x00, 0x7F, 0x87, 0xDF, 0xF1, 0xEF, 0xFE, 0xFB, 0xEF, 0xFC, 0xF1, 0xFF,
    0x3C, 0x3F, 0x8F, 0x8F, 0xE3, 0xFF, 0xFC, 0x7F, 0xFF, 0x87, 0xFB, 0xF0, 0xF7, 0xBD, 0xE7, 0x38,
    0x1E, 0x1E, 0x3C, 0x7C, 0x78, 0x78, 0xF8, 0xF8, 0xF0, 0xF0, 0xF0, 0xF0, 0xF0, 0xF0, 0xF8, 0xF8,
    0xF8, 0x78, 0x7C, 0x3C, 0x1E, 0x1E, 0xF8, 0x78, 0x3C, 0x3C, 0x3E, 0x1E, 0x1F, 0x1F, 0x1F, 0x0F,
    0x0F, 0x0F, 0x0F, 0x1F, 0x1F, 0x1F, 0x1E, 0x1E, 0x3E, 0x3C, 0x78, 0xF8, 0x07, 0x80, 0x3C, 0x01,
    0xC0, 0xCE, 0x77, 0xFF, 0xFF, 0xFD, 0xFF, 0xE1, 0xF8, 0x1F, 0xE1, 0xEF, 0x0F, 0x3C, 0x19, 0x80,
    0x07, 0x00, 0x70, 0x07, 0x00, 0x70, 0xFF, 0xFF, 0xFF, 0xFF, 0xF0, 0x70, 0x07, 0x00, 0x70, 0x07,
    0x00, 0x70, 0x3D, 0xF7, 0x9E, 0x71, 0xC0, 0xFF, 0xFF, 0xF8, 0xFF, 0xFF, 0x03, 0xC0, 0x78, 0x0F,
    0x03, 0xC0, 0x78, 0x1F, 0x03, 0xC0, 0x78, 0x1E, 0x03, 0xC0, 0x78, 0x1E, 0x03, 0xC0, 0xF8, 0x1E,
    0x03, 0xC0, 0xF8, 0x1E, 0x00, 0x1F, 0xC1, 0xFF, 0x1F, 0xFD, 0xFB, 0xEF, 0x8F, 0xF8, 0x7F, 0xC3,
    0xFE, 0x0F, 0xF0, 0x7F, 0x83, 0xFC, 0x1F, 0xE0, 0xFF, 0x0F, 0xFC, 0x7D, 0xF7, 0xCF, 0xFE, 0x3F,
    0xE0, 0xFE, 0x00, 0x07, 0xC3, 0xF1, 0xFC, 0xFF, 0x7F, 0xDE, 0xF3, 0x3C, 0x0F, 0x03, 0xC0, 0xF0,
    0x3C, 0x0F, 0x03, 0xC0, 0xF0, 0x3C, 0x0F, 0x03, 0xC0, 0xF0, 0x1F, 0xE3, 0xFF, 0x9F, 0xFE, 0xF9,
    0xF3, 0x07, 0x80, 0x3C, 0x01, 0xE0, 0x1F, 0x01, 0xF0, 0x1F, 0x81, 0xF8, 0x1F, 0x80, 0xF8, 0x0F,
    0x80, 0xF8, 0x0F, 0xFF, 0x7F, 0xFB, 0xFF, 0xC0, 0x7F, 0xCF, 0xFE, 0xFF, 0xF7, 0x1F, 0x00, 0xF0,
    0x0F, 0x03, 0xE3, 0xFE, 0x3F, 0xC3, 0xFE, 0x03, 0xF0, 0x0F, 0x00, 0xF0, 0x0F, 0xE3, 0xFF, 0xFF,
    0xFF, 0xEF, 0xF8, 0x01, 0xE0, 0x1F, 0x01, 0xF8, 0x0F, 0xC0, 0xFE, 0x0F, 0xF0, 0x77, 0x87, 0xBC,
    0x79, 0xE3, 0xCF, 0x3C, 0x79, 0xFF, 0xFF, 0xFF, 0xFF, 0xFC, 0x07, 0x80, 0x3C, 0x01, 0xE0, 0x0F,
    0x00, 0x7F, 0xE7, 0xFE, 0xFF, 0xEF, 0x80, 0xF0, 0x0F, 0x00, 0xFF, 0x8F, 0xFE, 0xFF, 0xE6, 0x3F,
    0x01, 0xF0, 0x0F, 0x00, 0xF0, 0x1F, 0xE3, 0xFF, 0xFE, 0xFF, 0xCF, 0xF8, 0x07, 0xF0, 0xFF, 0x8F,
    0xFC, 0xFC, 0x07, 0x80, 0x78, 0x03, 0xDF, 0x9F, 0xFE, 0xFF, 0xF7, 0xEF, 0xFE, 0x3F, 0xE0, 0xFF,
    0x07, 0xFC, 0x7F, 0xF7, 0xEF, 0xFE, 0x3F, 0xF0, 0xFE, 0x00, 0xFF, 0xFF, 0xFF, 0xFF, 0xFE, 0x01,
    0xF0, 0x0F, 0x00, 0xF8, 0x07, 0xC0, 0x7C, 0x03, 0xE0, 0x1E, 0x01, 0xF0, 0x0F, 0x00, 0xF8, 0x07,
    0x80, 0x7C, 0x03, 0xE0, 0x3E, 0x01, 0xF0, 0x00, 0x3F, 0xC3, 0xFF, 0x3F, 0xFD, 0xF3, 0xEF, 0x0F,
    0x7C, 0x79, 0xFF, 0xCF, 0xFC, 0x1F, 0xC1, 0xFF, 0x1F, 0xFD, 0xF1, 0xFF, 0x07, 0xF8, 0x3F, 0xE3,
    0xFF, 0xFF, 0x7F, 0xF1, 0xFE, 0x00, 0x1F, 0xC3, 0xFF, 0x1F, 0xFD, 0xF3, 0xEF, 0x0F, 0xF8, 0x3F,
    0xC1, 0xFE, 0x1F, 0xF9, 0xFF, 0xFF, 0xDF, 0xFE, 0x7E, 0xF0, 0x0F, 0x80, 0x78, 0x0F, 0xCF, 0xFC,
    0x7F, 0xC3, 0xF8, 0x00, 0xFF, 0xFF, 0x00, 0x00, 0x00, 0xFF, 0xFF, 0x7B, 0xDE, 0xF0, 0x00, 0x00,
    0x00, 0x00, 0xF7, 0xBB, 0xDE, 0xE0, 0x00, 0x10, 0x07, 0x01, 0xF0, 0x7F, 0x1F, 0xC7, 0xF0, 0xFC,
    0x0F, 0xC0, 0xFF, 0x03, 0xFC, 0x0F, 0xF0, 0x1F, 0x00, 0x70, 0x01, 0xFF, 0xFF, 0xFF, 0xFF, 0xF0,
    0x00, 0x00, 0x0F, 0xFF, 0xFF, 0xFF, 0xFF, 0x80, 0x0E, 0x00, 0xF8, 0x0F, 0xE0, 0x3F, 0x80, 0xFE,
    0x03, 0xF0, 0x3F, 0x0F, 0xF3, 0xFC, 0xFF, 0x0F, 0x80, 0xE0, 0x08, 0x00, 0x7F, 0xCF, 0xFE, 0xFF,
    0xF7, 0x1F, 0x00, 0xF0, 0x1F, 0x03, 0xF0, 0x7E, 0x0F, 0xC0, 0xF8, 0x0F, 0x00, 0xE0, 0x00, 0x00,
    0x00, 0x1E, 0x01, 0xE0, 0x1E, 0x01, 0xE0, 0x03, 0xFE, 0x00, 0xFF, 0xF8, 0x1F, 0xFF, 0xC3, 0xF0,
    0x7E, 0x7D, 0xFF, 0xF7, 0xBF, 0xEF, 0xF7, 0xFE, 0xFF, 0x78, 0xE7, 0xE7, 0x0E, 0x7E, 0x70, 0xE7,
    0xE7, 0x1E, 0x7E, 0x7B, 0xEF, 0xE7, 0xFF, 0xEF, 0x3F, 0x7C, 0xF0, 0x41, 0x07, 0x80, 0x00, 0x7F,
    0x1F, 0x03, 0xFF, 0xF0, 0x1F, 0xFF, 0x00, 0x7F, 0xC0, 0x03, 0xF0, 0x01, 0xFC, 0x00, 0x7F, 0x00,
    0x1F, 0xE0, 0x0F, 0xF8, 0x03, 0xDE, 0x00, 0xF7, 0xC0, 0x7D, 0xF0, 0x1F, 0x3C, 0x07, 0x8F, 0x83,
    0xE3, 0xE0, 0xFF, 0xF8, 0x3F, 0xFF, 0x1F, 0xFF, 0xC7, 0xC0, 0xF3, 0xE0, 0x3E, 0xF8, 0x0F, 0xBE,
    0x01, 0xF0, 0xFF, 0xE7, 0xFF, 0xBF, 0xFF, 0xE1, 0xFF, 0x07, 0xF8, 0x3F, 0xC3, 0xFF, 0xFE, 0xFF,
    0xE7, 0xFF, 0xBC, 0x7F, 0xE0, 0xFF, 0x07, 0xF8, 0x3F, 0xC3, 0xFF, 0xFF, 0xFF, 0xF7, 0xFF, 0x00,
    0x0F, 0xF8, 0x7F, 0xF3, 0xFF, 0xDF, 0x8E, 0x7C, 0x03, 0xE0, 0x0F, 0x80, 0x3C, 0x00, 0xF0, 0x03,
    0xC0, 0x0F, 0x00, 0x3C, 0x00, 0xF8, 0x03, 0xE0, 0x07, 0xE1, 0x8F, 0xFE, 0x3F, 0xF8, 0x3F, 0xE0,
    0xFF, 0xC1, 0xFF, 0xE3, 0xFF, 0xE7, 0x87, 0xEF, 0x07, 0xDE, 0x07, 0xFC, 0x0F, 0xF8, 0x0F, 0xF0,
    0x1F, 0xE0, 0x3F, 0xC0, 0x7F, 0x81, 0xFF, 0x03, 0xFE, 0x0F, 0xBC, 0x7F, 0x7F, 0xFC, 0xFF, 0xF1,
    0xFF, 0x80, 0xFF, 0xFF, 0xFF, 0xFF, 0xF8, 0x0F, 0x01, 0xE0, 0x3C, 0x07, 0xFE, 0xFF, 0xDF, 0xFB,
    0xC0, 0x78, 0x0F, 0x01, 0xE0, 0x3C, 0x07, 0xFF, 0xFF, 0xFF, 0xFC, 0xFF, 0xFF, 0xFF, 0xFF, 0xC0,
    0xF0, 0x3C, 0x0F, 0x03, 0xC0, 0xFF, 0xFF, 0xFF, 0xFF, 0xC0, 0xF0, 0x3C, 0x0F, 0x03, 0xC0, 0xF0,
    0x3C, 0x00, 0x07, 0xFC, 0x3F, 0xFC, 0xFF, 0xFB, 0xF8, 0xE7, 0xC0, 0x1F, 0x00, 0x3E, 0x00, 0x78,
    0x00, 0xF1, 0xFF, 0xE3, 0xFF, 0xC7, 0xFF, 0xC0, 0xFF, 0x81, 0xFF, 0x03, 0xDF, 0x87, 0x9F, 0xFF,
    0x1F, 0xFE, 0x1F, 0xFC, 0xF0, 0x1F, 0xE0, 0x3F, 0xC0, 0x7F, 0x80, 0xFF, 0x01, 0xFE, 0x03, 0xFC,
    0x07, 0xFF, 0xFF, 0xFF, 0xFF, 0xFF, 0xFF, 0xC0, 0x7F, 0x80, 0xFF, 0x01, 0xFE, 0x03, 0xFC, 0x07,
    0xF8, 0x0F, 0xF0, 0x1F, 0xE0, 0x3C, 0xFF, 0xFF, 0xFF, 0x3C, 0x3C, 0x3C, 0x3C, 0x3C, 0x3C, 0x3C,
    0x3C, 0x3C, 0x3C, 0x3C, 0x3C, 0xFF, 0xFF, 0xFF, 0x0F, 0x0F, 0x0F, 0x0F, 0x0F, 0x0F, 0x0F, 0x0F,
    0x0F, 0x0F, 0x0F, 0x0F, 0x0F, 0x0F, 0x0F, 0x0F, 0x0F, 0x0F, 0x1F, 0x1F, 0xFE, 0xFE, 0xFC, 0xF0,
    0x7D, 0xE0, 0xFB, 0xC3, 0xE7, 0x8F, 0x8F, 0x3E, 0x1E, 0xFC, 0x3D, 0xF0, 0x7F, 0xC0, 0xFF, 0x81,
    0xFF, 0x83, 0xFF, 0x07, 0xDF, 0x0F, 0x3E, 0x1E, 0x3E, 0x3C, 0x3E, 0x78, 0x7C, 0xF0, 0x7D, 0xE0,
    0xFC, 0xF0, 0x1E, 0x03, 0xC0, 0x78, 0x0F, 0x01, 0xE0, 0x3C, 0x07, 0x80, 0xF0, 0x1E, 0x03, 0xC0,
    0x78, 0x0F, 0x01, 0xE0, 0x3C, 0x07, 0xFF, 0xFF, 0xFF, 0xFC, 0xFC, 0x07, 0xFF, 0x80, 0xFF, 0xF8,
    0x3F, 0xFF, 0x07, 0xFF, 0xE0, 0xFF, 0xFC, 0x1F, 0xFF, 0xC7, 0xFF, 0xF8, 0xEF, 0xF7, 0x1D, 0xFE,
    0xF7, 0xBF, 0xDE, 0xF7, 0xF9, 0xDC, 0xFF, 0x3F, 0x9F, 0xE7, 0xF3, 0xFC, 0xFC, 0x7F, 0x8F, 0x8F,
    0xF1, 0xF1, 0xFE, 0x3C, 0x3C, 0xFC, 0x0F, 0xFC, 0x0F, 0xFE, 0x0F, 0xFE, 0x0F, 0xFF, 0x0F, 0xFF,
    0x0F, 0xF7, 0x8F, 0xF7, 0x8F, 0xF3, 0xCF, 0xF3, 0xEF, 0xF1, 0xEF, 0xF1, 0xFF, 0xF0, 0xFF, 0xF0,
    0xFF, 0xF0, 0x7F, 0xF0, 0x7F, 0xF0, 0x3F, 0xF0, 0x3F, 0x0F, 0xF8, 0x0F, 0xFE, 0x0F, 0xFF, 0x8F,
    0xC7, 0xEF, 0x81, 0xF7, 0xC0, 0x7F, 0xC0, 0x3F, 0xE0, 0x0F, 0xF0, 0x07, 0xF8, 0x03, 0xFC, 0x01,
    0xFE, 0x01, 0xFF, 0x80, 0xFF, 0xC0, 0xF9, 0xF8, 0xFC, 0x7F, 0xFC, 0x1F, 0xFC, 0x07, 0xFC, 0x00,
    0xFF, 0xCF, 0xFE, 0xFF, 0xFF, 0x1F, 0xF0, 0xFF, 0x0F, 0xF0, 0xFF, 0x1F, 0xF3, 0xFF, 0xFE, 0xFF,
    0xEF, 0xF8, 0xF0, 0x0F, 0x00, 0xF0, 0x0F, 0x00, 0xF0, 0x0F, 0x00, 0x0F, 0xF8, 0x0F, 0xFE, 0x0F,
    0xFF, 0x8F, 0xC7, 0xEF, 0x81, 0xF7, 0xC0, 0x7F, 0xC0, 0x3F, 0xE0, 0x0F, 0xF0, 0x07, 0xF8, 0x03,
    0xFC, 0x01, 0xFE, 0x01, 0xFF, 0x80, 0xFF, 0xC0, 0xF9, 0xF8, 0xFC, 0x7F, 0xFC, 0x1F, 0xFC, 0x07,
    0xFC, 0x00, 0x1F, 0x00, 0x07, 0xC0, 0x03, 0xF0, 0x00, 0xFC, 0xFF, 0xC1, 0xFF, 0xE3, 0xFF, 0xE7,
    0x8F, 0xCF, 0x0F, 0x9E, 0x0F, 0x3C, 0x3E, 0x78, 0xFC, 0xFF, 0xF1, 0xFF, 0xC3, 0xFF, 0x07, 0x9F,
    0x0F, 0x1F, 0x1E, 0x3E, 0x3C, 0x3E, 0x78, 0x7E, 0xF0, 0x7D, 0xE0, 0x7C, 0x3F, 0xE7, 0xFF, 0xFF,
    0xFF, 0x8E, 0xF0, 0x0F, 0x80, 0xFC, 0x0F, 0xF0, 0x7F, 0xC3, 0xFE, 0x0F, 0xF0, 0x3F, 0x01, 0xF8,
    0x0F, 0xF1, 0xFF, 0xFE, 0xFF, 0xEF, 0xF8, 0xFF, 0xFF, 0xFF, 0xFF, 0xFE, 0x0F, 0x00, 0x78, 0x03,
    0xC0, 0x1E, 0x00, 0xF0, 0x07, 0x80, 0x3C, 0x01, 0xE0, 0x0F, 0x00, 0x78, 0x03, 0xC0, 0x1E, 0x00,
    0xF0, 0x07, 0x80, 0x3C, 0x00, 0xF0, 0x1F, 0xE0, 0x3F, 0xC0, 0x7F, 0x80, 0xFF, 0x01, 0xFE, 0x03,
    0xFC, 0x07, 0xF8, 0x0F, 0xF0, 0x1F, 0xE0, 0x3F, 0xC0, 0x7F, 0x80, 0xFF, 0x03, 0xFF, 0x07, 0xFF,
    0x1F, 0xBF, 0xFE, 0x3F, 0xF8, 0x3F, 0xE0, 0xF0, 0x0F, 0x7C, 0x07, 0xBE, 0x07, 0xCF, 0x03, 0xC7,
    0xC1, 0xE3, 0xE1, 0xF0, 0xF0, 0xF0, 0x7C, 0x78, 0x3E, 0x7C, 0x0F, 0x3C, 0x07, 0x9E, 0x03, 0xFF,
    0x00, 0xFF, 0x00, 0x7F, 0x80, 0x3F, 0xC0, 0x0F, 0xC0, 0x07, 0xE0, 0x03, 0xF0, 0x00, 0xF0, 0x3C,
    0x0F, 0x78, 0x1F, 0x07, 0xBE, 0x1F, 0x87, 0xCF, 0x0F, 0xC3, 0xE7, 0x87, 0xE1, 0xE3, 0xC3, 0xF8,
    0xF1, 0xF3, 0xFC, 0x78, 0x79, 0xFE, 0x7C, 0x3C, 0xF7, 0x3C, 0x1E, 0xF3, 0xDE, 0x0F, 0xF9, 0xEF,
    0x03, 0xFC, 0xFF, 0x81, 0xFE, 0x3F, 0x80, 0xFE, 0x1F, 0xC0, 0x7F, 0x0F, 0xE0, 0x1F, 0x87, 0xF0,
    0x0F, 0xC1, 0xF0, 0x07, 0xC0, 0xF8, 0x00, 0xF8, 0x1F, 0x3E, 0x0F, 0x8F, 0x8F, 0x87, 0xCF, 0x81,
    0xF7, 0xC0, 0x7F, 0xC0, 0x3F, 0xE0, 0x0F, 0xE0, 0x07, 0xE0, 0x03, 0xF0, 0x03, 0xFC, 0x01, 0xFF,
    0x01, 0xFF, 0x80, 0xF3, 0xE0, 0xF8, 0xF8, 0xF8, 0x7C, 0x7C, 0x1F, 0x7C, 0x07, 0xC0, 0xF8, 0x1F,
    0xF8, 0x3E, 0x7C, 0x3E, 0x3C, 0x7C, 0x3E, 0x7C, 0x1E, 0x78, 0x1F, 0xF8, 0x0F, 0xF0, 0x0F, 0xF0,
    0x07, 0xE0, 0x07, 0xE0, 0x03, 0xC0, 0x03, 0xC0, 0x03, 0xC0, 0x03, 0xC0, 0x03, 0xC0, 0x03, 0xC0,
    0x03, 0xC0, 0xFF, 0xFF, 0xFF, 0xFF, 0xFE, 0x01, 0xF0, 0x1F, 0x01, 0xF0, 0x0F, 0x80, 0xF8, 0x0F,
    0x80, 0x7C, 0x07, 0xC0, 0x7C, 0x03, 0xE0, 0x3E, 0x03, 0xE0, 0x1F, 0xFF, 0xFF, 0xFF, 0xFF, 0xC0,
    0xFF, 0xFF, 0xF8, 0xE3, 0x8E, 0x38, 0xE3, 0x8E, 0x38, 0xE3, 0x8E, 0x38, 0xE3, 0x8E, 0x3F, 0xFF,
    0xF0, 0xF0, 0x1E, 0x01, 0xE0, 0x3C, 0x07, 0xC0, 0x78, 0x0F, 0x00, 0xF0, 0x1E, 0x03, 0xC0, 0x3C,
    0x07, 0x80, 0xF8, 0x0F, 0x01, 0xE0, 0x3E, 0x03, 0xC0, 0x78, 0xFF, 0xFF, 0xC7, 0x1C, 0x71, 0xC7,
    0x1C, 0x71, 0xC7, 0x1C, 0x71, 0xC7, 0x1C, 0x71, 0xFF, 0xFF, 0xF0, 0x03, 0x00, 0x1E, 0x00, 0x78,
    0x03, 0xF0, 0x0F, 0xC0, 0x7F, 0x81, 0xCE, 0x0F, 0x3C, 0x38, 0x71, 0xE1, 0xE7, 0x83, 0xBC, 0x0F,
    0xFF, 0xFF, 0xF0, 0xF8, 0x7C, 0x3E, 0x1E, 0x3F, 0xC7, 0xFE, 0x3F, 0xF3, 0x1F, 0x00, 0xF3, 0xFF,
    0x7F, 0xFF, 0xFF, 0xF0, 0xFF, 0x0F, 0xF9, 0xFF, 0xFF, 0xFF, 0xF7, 0xE7, 0xF0, 0x07, 0x80, 0x3C,
    0x01, 0xE0, 0x0F, 0x00, 0x7B, 0xF3, 0xFF, 0xDF, 0xFE, 0xF9, 0xFF, 0xC7, 0xFC, 0x1F, 0xE0, 0xFF,
    0x07, 0xF8, 0x7F, 0xE3, 0xFF, 0x3F, 0xFF, 0xF7, 0xFF, 0xBF, 0xF8, 0x1F, 0xE7, 0xFD, 0xFF, 0xFE,
    0x6F, 0x81, 0xE0, 0x3C, 0x07, 0x80, 0xF0, 0x1F, 0x03, 0xF3, 0xBF, 0xF7, 0xFE, 0x3F, 0x80, 0x00,
    0x78, 0x03, 0xC0, 0x1E, 0x00, 0xF0, 0x07, 0x9F, 0xBD, 0xFF, 0xEF, 0xFF, 0xFC, 0xFF, 0xC7, 0xFC,
    0x1F, 0xE0, 0xFF, 0x07, 0xF8, 0x3F, 0xE1, 0xFF, 0x9F, 0x7F, 0xFB, 0xFF, 0xCF, 0xDE, 0x1F, 0xC1,
    0xFF, 0x9F, 0xFD, 0xF1, 0xFF, 0x07, 0xFF, 0xFF, 0xFF, 0xFF, 0xFF, 0xF0, 0x07, 0xC0, 0x3F, 0x0C,
    0xFF, 0xE3, 0xFF, 0x0F, 0xF8, 0x1F, 0xC7, 0xF8, 0xFF, 0x1F, 0x03, 0xC1, 0xFF, 0x3F, 0xE7, 0xFC,
    0x3C, 0x07, 0x80, 0xF0, 0x1E, 0x03, 0xC0, 0x78, 0x0F, 0x01, 0xE0, 0x3C, 0x07, 0x80, 0xF0, 0x00,
    0x3F, 0x7B, 0xFF, 0xDF, 0xFF, 0xF1, 0xFF, 0x8F, 0xF8, 0x3F, 0xC1, 0xFE, 0x0F, 0xF0, 0x7F, 0xC3,
    0xFE, 0x3E, 0xFF, 0xF7, 0xFF, 0x9F, 0xBC, 0x01, 0xE0, 0x1F, 0xE1, 0xFF, 0xFF, 0xFF, 0xFC, 0xFF,
    0x80, 0xF0, 0x07, 0x80, 0x3C, 0x01, 0xE0, 0x0F, 0x00, 0x7B, 0xF3, 0xFF, 0xDF, 0xFF, 0xFC, 0xFF,
    0xC7, 0xFC, 0x1F, 0xE0, 0xFF, 0x07, 0xF8, 0x3F, 0xC1, 0xFE, 0x0F, 0xF0, 0x7F, 0x83, 0xFC, 0x1E,
    0xFF, 0xFF, 0x0F, 0xFF, 0xFF, 0xFF, 0xFF, 0xFF, 0xFF, 0xF0, 0x1E, 0x3C, 0x78, 0xF0, 0x03, 0xC7,
    0x8F, 0x1E, 0x3C, 0x78, 0xF1, 0xE3, 0xC7, 0x8F, 0x1E, 0x3C, 0x78, 0xF1, 0xE7, 0xFF, 0xFE, 0xF8,
    0xF0, 0x03, 0xC0, 0x0F, 0x00, 0x3C, 0x00, 0xF0, 0x03, 0xC3, 0xEF, 0x1F, 0x3C, 0xFC, 0xF3, 0xE3,
    0xDF, 0x0F, 0xF8, 0x3F, 0xE0, 0xFF, 0x83, 0xFF, 0x0F, 0xBE, 0x3C, 0x7C, 0xF1, 0xF3, 0xC3, 0xEF,
    0x07, 0xC0, 0xFF, 0xFF, 0xFF, 0xFF, 0xFF, 0xFF, 0xFF, 0xFF, 0xFF, 0xF0, 0xEF, 0xE7, 0xE7, 0xFF,
    0xFF, 0xBF, 0xFF, 0xFD, 0xF3, 0xF3, 0xEF, 0x8F, 0x8F, 0xF8, 0x78, 0x7F, 0xC3, 0xC3, 0xFE, 0x1E,
    0x1F, 0xF0, 0xF0, 0xFF, 0x87, 0x87, 0xFC, 0x3C, 0x3F, 0xE1, 0xE1, 0xFF, 0x0F, 0x0F, 0xF8, 0x78,
    0x7C, 0xE7, 0xE7, 0xFF, 0xBF, 0xFF, 0xF9, 0xFF, 0x8F, 0xF8, 0x3F, 0xC1, 0xFE, 0x0F, 0xF0, 0x7F,
    0x83, 0xFC, 0x1F, 0xE0, 0xFF, 0x07, 0xF8, 0x3C, 0x1F, 0xC1, 0xFF, 0x1F, 0xFD, 0xF1, 0xFF, 0x8F,
    0xF8, 0x3F, 0xC1, 0xFE, 0x0F, 0xF0, 0x7F, 0xC7, 0xFE, 0x3E, 0xFF, 0xE3, 0xFE, 0x0F, 0xE0, 0xF7,
    0xE7, 0xFF, 0xBF, 0xFD, 0xF3, 0xFF, 0x0F, 0xF8, 0x3F, 0xC1, 0xFE, 0x0F, 0xF0, 0xFF, 0xC7, 0xFE,
    0x7F, 0xFF, 0xEF, 0xFF, 0x7B, 0xF3, 0xC0, 0x1E, 0x00, 0xF0, 0x07, 0x80, 0x3C, 0x01, 0xE0, 0x00,
    0x3F, 0x7B, 0xFF, 0xDF, 0xFF, 0xF3, 0xFF, 0x8F, 0xF8, 0x3F, 0xC1, 0xFE, 0x0F, 0xF0, 0x7F, 0xC7,
    0xFE, 0x3E, 0xFF, 0xF7, 0xFF, 0x9F, 0xBC, 0x01, 0xE0, 0x0F, 0x00, 0x78, 0x03, 0xC0, 0x1E, 0x00,
    0xF0, 0xE7, 0xBF, 0xEF, 0xFB, 0xFE, 0xFC, 0x3E, 0x0F, 0x03, 0xC0, 0xF0, 0x3C, 0x0F, 0x03, 0xC0,
    0xF0, 0x3C, 0x00, 0x3F, 0xDF, 0xFF, 0xFF, 0x78, 0xEF, 0x81, 0xFC, 0x1F, 0xE1, 0xFE, 0x0F, 0xE0,
    0x7F, 0x8F, 0xFF, 0xFF, 0xFD, 0xFF, 0x00, 0x1C, 0x1E, 0x0F, 0x0F, 0xFF, 0xFF, 0xFC, 0xF0, 0x78,
    0x3C, 0x1E, 0x0F, 0x07, 0x83, 0xC1, 0xF4, 0xFE, 0x7F, 0x1F, 0x80, 0xF0, 0x7F, 0x83, 0xFC, 0x1F,
    0xE0, 0xFF, 0x07, 0xF8, 0x3F, 0xC1, 0xFE, 0x0F, 0xF0, 0xFF, 0x87, 0xFE, 0x7F, 0xFF, 0xF7, 0xFF,
    0x9F, 0xBC, 0xF0, 0x3D, 0xF0, 0xF9, 0xE1, 0xF3, 0xC3, 0xC7, 0xC7, 0x87, 0x9F, 0x0F, 0x3C, 0x1F,
    0x78, 0x1F, 0xF0, 0x3F, 0xC0, 0x3F, 0x80, 0x7E, 0x00, 0xFC, 0x00, 0xF8, 0x00, 0xF0, 0xF8, 0x7B,
    0xE3, 0xF1, 0xE7, 0x8F, 0xCF, 0x9E, 0x7F, 0x3E, 0x7D, 0xFC, 0xF1, 0xF7, 0x73, 0xC3, 0xDD, 0xFF,
    0x0F, 0x77, 0xF8, 0x3F, 0xCF, 0xE0, 0x7F, 0x3F, 0x81, 0xF8, 0xFE, 0x07, 0xE3, 0xF0, 0x1F, 0x87,
    0xC0, 0x3E, 0x1F, 0x00, 0xF8, 0x7C, 0xF8, 0xF8, 0xF3, 0xE1, 0xFF, 0x81, 0xFF, 0x03, 0xFC, 0x03,
    0xF0, 0x07, 0xF0, 0x1F, 0xE0, 0x3F, 0xE0, 0xFB, 0xC3, 0xE7, 0xC7, 0xC7, 0xDF, 0x0F, 0x80, 0xF8,
    0x3F, 0xF0, 0x79, 0xE1, 0xF3, 0xE3, 0xC7, 0xC7, 0x87, 0x9F, 0x0F, 0xBC, 0x0F, 0x78, 0x1F, 0xF0,
    0x3F, 0xC0, 0x3F, 0x80, 0x7F, 0x00, 0x7C, 0x00, 0xF8, 0x01, 0xE0, 0x07, 0xC0, 0x0F, 0x80, 0xFE,
    0x01, 0xF8, 0x03, 0xE0, 0x00, 0xFF, 0xFF, 0xFF, 0xFC, 0x1F, 0x0F, 0x83, 0xC1, 0xF0, 0xF8, 0x3C,
    0x1F, 0x0F, 0x83, 0xFF, 0xFF, 0xFF, 0xF0, 0x0F, 0x8F, 0xC7, 0xE3, 0xC1, 0xC0, 0xE0, 0x70, 0x38,
    0x3C, 0x3E, 0x3F, 0x1F, 0x0F, 0xC1, 0xE0, 0x70, 0x38, 0x1C, 0x0E, 0x07, 0x83, 0xF1, 0xF8, 0x7C,
    0xFF, 0xFF, 0xFF, 0xFF, 0xFF, 0xFF, 0xFF, 0xFF, 0xFF, 0xE0, 0xF0, 0x7C, 0x3E, 0x0F, 0x03, 0x81,
    0xC0, 0xE0, 0x70, 0x3C, 0x1F, 0x0F, 0xE3, 0xF3, 0xF9, 0xF0, 0xE0, 0x70, 0x38, 0x1C, 0x1E, 0x1F,
    0x0F, 0x87, 0x80, 0x00, 0x0F, 0xE3, 0xFF, 0xFF, 0xFF, 0xC7, 0xF0, 0x00, 0xFF, 0xFF, 0x00, 0xFF,
    0xFF, 0xFF, 0xFF, 0xFF, 0xFF, 0x07, 0x00, 0xE0, 0x7F, 0xBF, 0xF7, 0xFF, 0xF9, 0xBE, 0x07, 0x80,
    0xF0, 0x1E, 0x03, 0xC0, 0x7C, 0x0F, 0xCE, 0xFF, 0xDF, 0xF8, 0xFE, 0x07, 0x00, 0xE0, 0x0F, 0xF0,
    0xFF, 0x8F, 0xFC, 0x7C, 0xC3, 0xC0, 0x1E, 0x00, 0xF0, 0x1F, 0xF8, 0xFF, 0xC7, 0xFE, 0x0F, 0x00,
    0x78, 0x03, 0xC0, 0x3E, 0x01, 0xE0, 0x1F, 0xFF, 0xFF, 0xFF, 0xFF, 0xC0, 0x60, 0x6F, 0xFF, 0xFF,
    0xF7, 0xFE, 0x79, 0xE7, 0x0E, 0x70, 0xE7, 0x9E, 0x7F, 0xEF, 0xFF, 0xFF, 0xF6, 0x06, 0x78, 0x1E,
    0x7C, 0x3E, 0x3C, 0x3C, 0x3E, 0x7C, 0x1E, 0x78, 0x1E, 0xF8, 0x0F, 0xF0, 0x0F, 0xF0, 0x07, 0xE0,
    0x1F, 0xF8, 0x1F, 0xF8, 0x1F, 0xF8, 0x03, 0xC0, 0x1F, 0xF8, 0x1F, 0xF8, 0x1F, 0xF8, 0x03, 0xC0,
    0x03, 0xC0, 0xFF, 0xFF, 0xFF, 0xFC, 0x00, 0x07, 0xFF, 0xFF, 0xFF, 0xE0, 0x7F, 0x7F, 0xFF, 0xFE,
    0x6F, 0x07, 0xE1, 0xFD, 0xFF, 0xE7, 0xF1, 0xFF, 0xEF, 0xF3, 0xF0, 0x7C, 0x0F, 0x8F, 0xFF, 0xFF,
    0xFF, 0x80, 0xF7, 0xFB, 0xFD, 0xE0, 0x07, 0xF8, 0x03, 0xFF, 0x03, 0xF3, 0xF0, 0xE0, 0x1C, 0x71,
    0xFB, 0xB8, 0xFE, 0x7E, 0x79, 0x1F, 0x1C, 0x03, 0xC7, 0x00, 0xF1, 0x80, 0x3C, 0x60, 0x0F, 0x1C,
    0x03, 0xE7, 0x01, 0xF9, 0xE4, 0x77, 0x3F, 0xB9, 0xE7, 0xDE, 0x3E, 0x1F, 0x07, 0xFF, 0x80, 0x7F,
    0x80, 0xFE, 0xFF, 0x47, 0x7F, 0xFF, 0xE7, 0xEF, 0xFF, 0x7B, 0x08, 0x30, 0x79, 0xE3, 0xEF, 0x9F,
    0x3C, 0x79, 0xF3, 0xEF, 0x8F, 0x3E, 0x1E, 0x78, 0x7D, 0xF0, 0xFB, 0xE1, 0xE7, 0x83, 0x0C, 0xFF,
    0xFF, 0xFF, 0xFF, 0xFE, 0x00, 0x70, 0x03, 0x80, 0x1C, 0x00, 0xE0, 0x07, 0xFF, 0xFF, 0xF8, 0x07,
    0xF8, 0x03, 0xFF, 0x03, 0xF3, 0xF0, 0xE0, 0x1C, 0x73, 0xF3, 0xB8, 0xFE, 0x7E, 0x33, 0x9F, 0x0C,
    0x63, 0xC3, 0x38, 0xF0, 0xFE, 0x3C, 0x3F, 0x0F, 0x0D, 0xC3, 0xE3, 0x39, 0xF8, 0xCE, 0x77, 0x31,
    0xF9, 0xE0, 0x1E, 0x3E, 0x1F, 0x07, 0xFF, 0x80, 0x7F, 0x80, 0xFF, 0xFF, 0xFF, 0xFF, 0xFE, 0x3E,
    0x3F, 0xBF, 0xDC, 0xEE, 0x3F, 0x3B, 0xFD, 0xFE, 0x7E, 0x00, 0x07, 0x00, 0x70, 0x07, 0x00, 0x70,
    0x07, 0x0F, 0xFF, 0xFF, 0xFF, 0xFF, 0x07, 0x00, 0x70, 0x07, 0x00, 0x70, 0x00, 0x0F, 0xFF, 0xFF,
    0xFF, 0xFF, 0x3F, 0x3F, 0xDF, 0xE4, 0x70, 0x78, 0x78, 0x7C, 0x78, 0x7F, 0xBF, 0xDF, 0xE0, 0x1E,
    0x1F, 0xE7, 0xF8, 0xDE, 0x07, 0x87, 0xC1, 0xF0, 0x7E, 0x03, 0x9F, 0xE7, 0xF9, 0xFC, 0x3E, 0x7C,
    0x78, 0xF0, 0xF0, 0x7F, 0x83, 0xFC, 0x1F, 0xE0, 0xFF, 0x07, 0xF8, 0x3F, 0xC1, 0xFE, 0x0F, 0xF0,
    0xFF, 0x87, 0xFE, 0x7F, 0xFF, 0xFF, 0xFF, 0xFF, 0xFF, 0xC0, 0x1E, 0x00, 0xF0, 0x07, 0x80, 0x3C,
    0x01, 0xE0, 0x00, 0x3F, 0xFB, 0xFF, 0xDF, 0xFF, 0xFF, 0x3F, 0xF9, 0xFF, 0xCF, 0xFE, 0x7F, 0xF3,
    0xFF, 0x9B, 0xFC, 0xDF, 0xE6, 0x7F, 0x30, 0xF9, 0x80, 0xCC, 0x06, 0x60, 0x33, 0x01, 0x98, 0x0C,
    0xC0, 0x66, 0x03, 0x30, 0x19, 0x80, 0xCC, 0x06, 0x60, 0xFF, 0xFF, 0x71, 0xE3, 0xEF, 0xFF, 0xE0,
    0x1E, 0x3E, 0x7E, 0x7E, 0x6E, 0x0E, 0x0E, 0x0E, 0x0E, 0x0E, 0x0E, 0x7E, 0x7F, 0xB9, 0xFC, 0x7E,
    0x3F, 0x1F, 0xDC, 0xFE, 0x3E, 0x00, 0x30, 0x41, 0xE7, 0x87, 0xDF, 0x0F, 0x3E, 0x3E, 0x78, 0x7D,
    0xF1, 0xF3, 0xC7, 0x9E, 0x3E, 0xF9, 0xF7, 0xC7, 0x9E, 0x0C, 0x30, 0x1E, 0x07, 0x81, 0xF0, 0x38,
    0x1F, 0x83, 0xC0, 0xFC, 0x1C, 0x02, 0xE1, 0xE0, 0x07, 0x0E, 0x00, 0x38, 0xF0, 0x01, 0xC7, 0x3C,
    0x0E, 0x79, 0xE0, 0x77, 0x9F, 0x03, 0xBC, 0xF8, 0x03, 0xCF, 0xC0, 0x1C, 0x6E, 0x01, 0xE7, 0x70,
    0x0E, 0x3F, 0xE0, 0xF1, 0xFF, 0x07, 0x00, 0xE0, 0x78, 0x07, 0x00, 0x1E, 0x07, 0x81, 0xF0, 0x3C,
    0x1F, 0x83, 0xC0, 0xFC, 0x1C, 0x02, 0xE1, 0xE0, 0x07, 0x1E, 0x00, 0x38, 0xF0, 0x01, 0xCF, 0x7E,
    0x0E, 0x7F, 0xF8, 0x77, 0xBF, 0xC3, 0xBC, 0x8E, 0x03, 0xC0, 0xF0, 0x1E, 0x0F, 0x01, 0xE0, 0xF0,
    0x0E, 0x0F, 0x00, 0xF0, 0xFF, 0x07, 0x07, 0xF8, 0x78, 0x3F, 0xC0, 0xFE, 0x07, 0x8F, 0xF0, 0x78,
    0x6F, 0x0F, 0x00, 0xF0, 0xF0, 0x7E, 0x1E, 0x07, 0xE1, 0xC0, 0x0F, 0x3C, 0x00, 0x77, 0x9E, 0xEF,
    0x79, 0xEF, 0xFF, 0x3E, 0xFE, 0xF7, 0xE0, 0x1E, 0xFE, 0x01, 0xCE, 0xE0, 0x3D, 0xCE, 0x07, 0x9F,
    0xF0, 0x79, 0xFF, 0x0F, 0x00, 0xE0, 0xF0, 0x0E, 0x0F, 0x01, 0xE0, 0x3C, 0x07, 0x80, 0x00, 0x00,
    0x01, 0xC0, 0x78, 0x1F, 0x07, 0xE1, 0xF8, 0x7C, 0x0F, 0x01, 0xE0, 0x3E, 0x77, 0xFF, 0x7F, 0xE7,
    0xF8, 0x07, 0x80, 0x01, 0xF0, 0x00, 0x3E, 0x00, 0x07, 0xC0, 0x00, 0x70, 0x00, 0x00, 0x00, 0x3F,
    0x00, 0x1F, 0xC0, 0x07, 0xF0, 0x01, 0xFE, 0x00, 0xFF, 0x80, 0x3D, 0xE0, 0x0F, 0x7C, 0x07, 0xDF,
    0x01, 0xF3, 0xC0, 0x78, 0xF8, 0x3E, 0x3E, 0x0F, 0xFF, 0x83, 0xFF, 0xF1, 0xFF, 0xFC, 0x7C, 0x0F,
    0x3E, 0x03, 0xEF, 0x80, 0xFB, 0xE0, 0x1F, 0x00, 0x7C, 0x00, 0x3E, 0x00, 0x0F, 0x00, 0x07, 0x80,
    0x03, 0xC0, 0x00, 0x00, 0x00, 0x3F, 0x00, 0x1F, 0xC0, 0x07, 0xF0, 0x01, 0xFE, 0x00, 0xFF, 0x80,
    0x3D, 0xE0, 0x0F, 0x7C, 0x07, 0xDF, 0x01, 0xF3, 0xC0, 0x78, 0xF8, 0x3E, 0x3E, 0x0F, 0xFF, 0x83,
    0xFF, 0xF1, 0xFF, 0xFC, 0x7C, 0x0F, 0x3E, 0x03, 0xEF, 0x80, 0xFB, 0xE0, 0x1F, 0x03, 0xE0, 0x00,
    0xFC, 0x00, 0x7F, 0x80, 0x3D, 0xF0, 0x1E, 0x1C, 0x00, 0x00, 0x00, 0x3F, 0x00, 0x1F, 0xC0, 0x07,
    0xF0, 0x01, 0xFE, 0x00, 0xFF, 0x80, 0x3D, 0xE0, 0x0F, 0x7C, 0x07, 0xDF, 0x01, 0xF3, 0xC0, 0x78,
    0xF8, 0x3E, 0x3E, 0x0F, 0xFF, 0x83, 0xFF, 0xF1, 0xFF, 0xFC, 0x7C, 0x0F, 0x3E, 0x03, 0xEF, 0x80,
    0xFB, 0xE0, 0x1F, 0x07, 0xDC, 0x03, 0xFF, 0x00, 0xFF, 0xC0, 0x73, 0xE0, 0x00, 0x00, 0x00, 0xFC,
    0x00, 0x7F, 0x00, 0x1F, 0xC0, 0x07, 0xF8, 0x03, 0xFE, 0x00, 0xF7, 0x80, 0x3D, 0xF0, 0x1F, 0x7C,
    0x07, 0xCF, 0x01, 0xE3, 0xE0, 0xF8, 0xF8, 0x3F, 0xFE, 0x0F, 0xFF, 0xC7, 0xFF, 0xF1, 0xF0, 0x3C,
    0xF8, 0x0F, 0xBE, 0x03, 0xEF, 0x80, 0x7C, 0x07, 0xBC, 0x00, 0xF7, 0x80, 0x1E, 0xF0, 0x00, 0x00,
    0x00, 0x00, 0x00, 0x03, 0xE0, 0x00, 0xFE, 0x00, 0x1F, 0xC0, 0x03, 0xF8, 0x00, 0xFF, 0x80, 0x1E,
    0xF0, 0x03, 0xDE, 0x00, 0xFB, 0xE0, 0x1F, 0x3C, 0x07, 0xC7, 0xC0, 0xF8, 0xF8, 0x1F, 0xFF, 0x07,
    0xFF, 0xF0, 0xFF, 0xFE, 0x1F, 0x07, 0xC7, 0xC0, 0x7C, 0xF8, 0x0F, 0x9E, 0x00, 0xF0, 0x01, 0xE0,
    0x00, 0xFC, 0x00, 0x33, 0x00, 0x0D, 0xC0, 0x03, 0xF0, 0x00, 0xFC, 0x00, 0x7F, 0x80, 0x1F, 0xE0,
    0x07, 0xF8, 0x03, 0xFF, 0x00, 0xFB, 0xC0, 0x3C, 0xF0, 0x1F, 0x3E, 0x07, 0xCF, 0x81, 0xE1, 0xE0,
    0xFF, 0xFC, 0x3F, 0xFF, 0x0F, 0xFF, 0xC7, 0xC0, 0xF9, 0xF0, 0x3E, 0x78, 0x07, 0xBE, 0x01, 0xF0,
    0x00, 0xFF, 0xFE, 0x03, 0xFF, 0xFC, 0x07, 0xFF, 0xF8, 0x1F, 0x78, 0x00, 0x3C, 0xF0, 0x00, 0xF9,
    0xE0, 0x01, 0xE3, 0xC0, 0x03, 0xC7, 0xFE, 0x0F, 0x8F, 0xFC, 0x1E, 0x1F, 0xF8, 0x7C, 0x3C, 0x00,
    0xFF, 0xF8, 0x03, 0xFF, 0xF0, 0x07, 0xFF, 0xE0, 0x1F, 0x03, 0xC0, 0x3E, 0x07, 0xFF, 0x78, 0x0F,
    0xFF, 0xF0, 0x1F, 0xFC, 0x0F, 0xF8, 0x7F, 0xF3, 0xFF, 0xDF, 0x8E, 0x7C, 0x03, 0xE0, 0x0F, 0x80,
    0x3C, 0x00, 0xF0, 0x03, 0xC0, 0x0F, 0x00, 0x3C, 0x00, 0xF8, 0x03, 0xE0, 0x07, 0xE1, 0x8F, 0xFE,
    0x3F, 0xF8, 0x3F, 0xE0, 0x38, 0x00, 0xF8, 0x01, 0xE0, 0x17, 0x80, 0x7E, 0x01, 0xF0, 0x78, 0x0F,
    0x80, 0xF8, 0x0F, 0x80, 0x70, 0x00, 0x3F, 0xFF, 0xFF, 0xFF, 0xFE, 0x03, 0xC0, 0x78, 0x0F, 0x01,
    0xFF, 0xBF, 0xF7, 0xFE, 0xF0, 0x1E, 0x03, 0xC0, 0x78, 0x0F, 0x01, 0xFF, 0xFF, 0xFF, 0xFF, 0x07,
    0xC1, 0xF8, 0x3C, 0x0F, 0x03, 0xC0, 0x00, 0x3F, 0xFF, 0xFF, 0xFF, 0xFE, 0x03, 0xC0, 0x78, 0x0F,
    0x01, 0xFF, 0xBF, 0xF7, 0xFE, 0xF0, 0x1E, 0x03, 0xC0, 0x78, 0x0F, 0x01, 0xFF, 0xFF, 0xFF, 0xFF,
    0x1F, 0x07, 0xE1, 0xFE, 0x7D, 0xEE, 0x1E, 0x00, 0x3F, 0xFF, 0xFF, 0xFF, 0xFE, 0x03, 0xC0, 0x78,
    0x0F, 0x01, 0xFF, 0xBF, 0xF7, 0xFE, 0xF0, 0x1E, 0x03, 0xC0, 0x78, 0x0F, 0x01, 0xFF, 0xFF, 0xFF,
    0xFF, 0x7B, 0xCF, 0x79, 0xEF, 0x00, 0x00, 0x01, 0xFF, 0xFF, 0xFF, 0xFF, 0xF0, 0x1E, 0x03, 0xC0,
    0x78, 0x0F, 0xFD, 0xFF, 0xBF, 0xF7, 0x80, 0xF0, 0x1E, 0x03, 0xC0, 0x78, 0x0F, 0xFF, 0xFF, 0xFF,
    0xF8, 0xF8, 0x3E, 0x0F, 0x83, 0xC0, 0xF0, 0x01, 0xFE, 0xFF, 0x7F, 0x8F, 0x07, 0x83, 0xC1, 0xE0,
    0xF0, 0x78, 0x3C, 0x1E, 0x0F, 0x07, 0x83, 0xC1, 0xE3, 0xFD, 0xFE, 0xFF, 0x0F, 0x8F, 0x8F, 0x87,
    0x87, 0x80, 0x03, 0xFD, 0xFE, 0xFF, 0x1E, 0x0F, 0x07, 0x83, 0xC1, 0xE0, 0xF0, 0x78, 0x3C, 0x1E,
    0x0F, 0x07, 0x83, 0xC7, 0xFB, 0xFD, 0xFE, 0x0F, 0x03, 0xF0, 0xFF, 0x3C, 0xF7, 0x0E, 0x00, 0x0F,
    0xF1, 0xFE, 0x3F, 0xC1, 0xE0, 0x3C, 0x07, 0x80, 0xF0, 0x1E, 0x03, 0xC0, 0x78, 0x0F, 0x01, 0xE0,
    0x3C, 0x07, 0x80, 0xF0, 0x7F, 0x8F, 0xF1, 0xFE, 0xF7, 0xFB, 0xFD, 0xE0, 0x00, 0x07, 0xFB, 0xFD,
    0xFE, 0x3C, 0x1E, 0x0F, 0x07, 0x83, 0xC1, 0xE0, 0xF0, 0x78, 0x3C, 0x1E, 0x0F, 0x07, 0x8F, 0xF7,
    0xFB, 0xFC, 0x3F, 0xF0, 0x3F, 0xF8, 0x3F, 0xFC, 0x3C, 0x7E, 0x3C, 0x1F, 0x3C, 0x1F, 0x3C, 0x0F,
    0x3C, 0x0F, 0xFF, 0x8F, 0xFF, 0x8F, 0xFF, 0x8F, 0x3C, 0x1F, 0x3C, 0x1F, 0x3C, 0x1E, 0x3C, 0x7E,
    0x3F, 0xFC, 0x3F, 0xF8, 0x3F, 0xF0, 0x07, 0x18, 0x0F, 0xB8, 0x1F, 0xF8, 0x1D, 0xF0, 0x1C, 0xF0,
    0x00, 0x00, 0xFC, 0x0F, 0xFC, 0x0F, 0xFE, 0x0F, 0xFE, 0x0F, 0xFF, 0x0F, 0xFF, 0x0F, 0xF7, 0x8F,
    0xF7, 0x8F, 0xF3, 0xCF, 0xF3, 0xEF, 0xF1, 0xEF, 0xF1, 0xFF, 0xF0, 0xFF, 0xF0, 0xFF, 0xF0, 0x7F,
    0xF0, 0x7F, 0xF0, 0x3F, 0xF0, 0x3F, 0x0F, 0xC0, 0x03, 0xE0, 0x00, 0xF8, 0x00, 0x3E, 0x00, 0x07,
    0x00, 0x00, 0x00, 0x3F, 0xE0, 0x3F, 0xF8, 0x3F, 0xFE, 0x3F, 0x1F, 0xBE, 0x07, 0xDF, 0x01, 0xFF,
    0x00, 0xFF, 0x80, 0x3F, 0xC0, 0x1F, 0xE0, 0x0F, 0xF0, 0x07, 0xF8, 0x07, 0xFE, 0x03, 0xFF, 0x03,
    0xE7, 0xE3, 0xF1, 0xFF, 0xF0, 0x7F, 0xF0, 0x1F, 0xF0, 0x00, 0x7C, 0x00, 0x7C, 0x00, 0x7C, 0x00,
    0x7C, 0x00, 0x38, 0x00, 0x00, 0x00, 0x3F, 0xE0, 0x3F, 0xF8, 0x3F, 0xFE, 0x3F, 0x1F, 0xBE, 0x07,
    0xDF, 0x01, 0xFF, 0x00, 0xFF, 0x80, 0x3F, 0xC0, 0x1F, 0xE0, 0x0F, 0xF0, 0x07, 0xF8, 0x07, 0xFE,
    0x03, 0xFF, 0x03, 0xE7, 0xE3, 0xF1, 0xFF, 0xF0, 0x7F, 0xF0, 0x1F, 0xF0, 0x03, 0xE0, 0x03, 0xF8,
    0x03, 0xFE, 0x03, 0xEF, 0x01, 0xC3, 0xC0, 0x00, 0x00, 0x3F, 0xE0, 0x3F, 0xF8, 0x3F, 0xFE, 0x3F,
    0x1F, 0xBE, 0x07, 0xDF, 0x01, 0xFF, 0x00, 0xFF, 0x80, 0x3F, 0xC0, 0x1F, 0xE0, 0x0F, 0xF0, 0x07,
    0xF8, 0x07, 0xFE, 0x03, 0xFF, 0x03, 0xE7, 0xE3, 0xF1, 0xFF, 0xF0, 0x7F, 0xF0, 0x1F, 0xF0, 0x07,
    0x9C, 0x07, 0xEE, 0x03, 0xFF, 0x03, 0xBF, 0x01, 0xC7, 0x00, 0x00, 0x00, 0x3F, 0xE0, 0x3F, 0xF8,
    0x3F, 0xFE, 0x3F, 0x1F, 0xBE, 0x07, 0xDF, 0x01, 0xFF, 0x00, 0xFF, 0x80, 0x3F, 0xC0, 0x1F, 0xE0,
    0x0F, 0xF0, 0x07, 0xF8, 0x07, 0xFE, 0x03, 0xFF, 0x03, 0xE7, 0xE3, 0xF1, 0xFF, 0xF0, 0x7F, 0xF0,
    0x1F, 0xF0, 0x0F, 0x78, 0x07, 0xBC, 0x03, 0xDE, 0x00, 0x00, 0x00, 0x00, 0x00, 0x7F, 0xC0, 0x7F,
    0xF0, 0x7F, 0xFC, 0x7E, 0x3F, 0x7C, 0x0F, 0xBE, 0x03, 0xFE, 0x01, 0xFF, 0x00, 0x7F, 0x80, 0x3F,
    0xC0, 0x1F, 0xE0, 0x0F, 0xF0, 0x0F, 0xFC, 0x07, 0xFE, 0x07, 0xCF, 0xC7, 0xE3, 0xFF, 0xE0, 0xFF,
    0xE0, 0x3F, 0xE0, 0x20, 0x47, 0x0E, 0xF9, 0xF7, 0xFE, 0x3F, 0xC1, 0xF8, 0x1F, 0x83, 0xFC, 0x7F,
    0xEF, 0x9F, 0x70, 0xF2, 0x06, 0x00, 0x06, 0x07, 0xFF, 0x87, 0xFF, 0x87, 0xFF, 0xC7, 0xE3, 0xF7,
    0xC1, 0xFF, 0xE1, 0xFF, 0xE1, 0xFF, 0xF0, 0xE7, 0xF8, 0xF3, 0xFC, 0xF1, 0xFE, 0x70, 0xFF, 0x78,
    0xFF, 0xF8, 0x7F, 0xF8, 0x7C, 0xFC, 0x7E, 0x7F, 0xFE, 0x1F, 0xFE, 0x1F, 0xFE, 0x06, 0x00, 0x00,
    0x1F, 0x00, 0x3E, 0x00, 0x1E, 0x00, 0x1E, 0x00, 0x1C, 0x00, 0x00, 0x3C, 0x07, 0xF8, 0x0F, 0xF0,
    0x1F, 0xE0, 0x3F, 0xC0, 0x7F, 0x80, 0xFF, 0x01, 0xFE, 0x03, 0xFC, 0x07, 0xF8, 0x0F, 0xF0, 0x1F,
    0xE0, 0x3F, 0xC0, 0xFF, 0xC1, 0xFF, 0xC7, 0xEF, 0xFF, 0x8F, 0xFE, 0x0F, 0xF8, 0x01, 0xF0, 0x07,
    0xC0, 0x0F, 0x00, 0x3C, 0x00, 0x70, 0x00, 0x00, 0x3C, 0x07, 0xF8, 0x0F, 0xF0, 0x1F, 0xE0, 0x3F,
    0xC0, 0x7F, 0x80, 0xFF, 0x01, 0xFE, 0x03, 0xFC, 0x07, 0xF8, 0x0F, 0xF0, 0x1F, 0xE0, 0x3F, 0xC0,
    0xFF, 0xC1, 0xFF, 0xC7, 0xEF, 0xFF, 0x8F, 0xFE, 0x0F, 0xF8, 0x07, 0xC0, 0x1F, 0xC0, 0x7F, 0x81,
    0xF7, 0x83, 0x87, 0x80, 0x00, 0x3C, 0x07, 0xF8, 0x0F, 0xF0, 0x1F, 0xE0, 0x3F, 0xC0, 0x7F, 0x80,
    0xFF, 0x01, 0xFE, 0x03, 0xFC, 0x07, 0xF8, 0x0F, 0xF0, 0x1F, 0xE0, 0x3F, 0xC0, 0xFF, 0xC1, 0xFF,
    0xC7, 0xEF, 0xFF, 0x8F, 0xFE, 0x0F, 0xF8, 0x1E, 0xF0, 0x3D, 0xE0, 0x7B, 0xC0, 0x00, 0x00, 0x00,
    0x1E, 0x03, 0xFC, 0x07, 0xF8, 0x0F, 0xF0, 0x1F, 0xE0, 0x3F, 0xC0, 0x7F, 0x80, 0xFF, 0x01, 0xFE,
    0x03, 0xFC, 0x07, 0xF8, 0x0F, 0xF0, 0x1F, 0xE0, 0x7F, 0xE0, 0xFF, 0xE3, 0xF7, 0xFF, 0xC7, 0xFF,
    0x07, 0xFC, 0x00, 0x00, 0xF8, 0x01, 0xF0, 0x01, 0xE0, 0x03, 0xC0, 0x03, 0x80, 0x00, 0x00, 0xF8,
    0x1F, 0xF8, 0x3E, 0x7C, 0x3E, 0x3C, 0x7C, 0x3E, 0x7C, 0x1E, 0x78, 0x1F, 0xF8, 0x0F, 0xF0, 0x0F,
    0xF0, 0x07, 0xE0, 0x07, 0xE0, 0x03, 0xC0, 0x03, 0xC0, 0x03, 0xC0, 0x03, 0xC0, 0x03, 0xC0, 0x03,
    0xC0, 0x03, 0xC0, 0xF0, 0x0F, 0x00, 0xF0, 0x0F, 0xFC, 0xFF, 0xEF, 0xFF, 0xF1, 0xFF, 0x0F, 0xF0,
    0xFF, 0x0F, 0xF1, 0xFF, 0xFF, 0xFF, 0xEF, 0xFC, 0xF0, 0x0F, 0x00, 0xF0, 0x0F, 0x00, 0x1F, 0xE0,
    0xFF, 0xE3, 0xFF, 0xE7, 0xC7, 0xCF, 0x07, 0x9E, 0x1F, 0x3C, 0x7E, 0x79, 0xF8, 0xF3, 0xC1, 0xE7,
    0xC3, 0xCF, 0xC7, 0x8F, 0xEF, 0x0F, 0xFE, 0x07, 0xFC, 0x07, 0xFB, 0x1F, 0xF7, 0xFF, 0xEF, 0xFB,
    0xDF, 0xE0, 0x3E, 0x01, 0xF0, 0x07, 0x80, 0x3C, 0x00, 0x03, 0xFC, 0x7F, 0xE3, 0xFF, 0x31, 0xF0,
    0x0F, 0x3F, 0xF7, 0xFF, 0xFF, 0xFF, 0x0F, 0xF0, 0xFF, 0x9F, 0xFF, 0xFF, 0xFF, 0x7E, 0x70, 0x03,
    0xF0, 0x3C, 0x07, 0x80, 0xF0, 0x00, 0x03, 0xFC, 0x7F, 0xE3, 0xFF, 0x31, 0xF0, 0x0F, 0x3F, 0xF7,
    0xFF, 0xFF, 0xFF, 0x0F, 0xF0, 0xFF, 0x9F, 0xFF, 0xFF, 0xFF, 0x7E, 0x70, 0x0F, 0x81, 0xFC, 0x3F,
    0xE7, 0x8F, 0x00, 0x03, 0xFC, 0x7F, 0xE3, 0xFF, 0x31, 0xF0, 0x0F, 0x3F, 0xF7, 0xFF, 0xFF, 0xFF,
    0x0F, 0xF0, 0xFF, 0x9F, 0xFF, 0xFF, 0xFF, 0x7E, 0x70, 0x1F, 0x73, 0xFF, 0x7F, 0xE7, 0x3C, 0x00,
    0x03, 0xFC, 0x7F, 0xE3, 0xFF, 0x31, 0xF0, 0x0F, 0x3F, 0xF7, 0xFF, 0xFF, 0xFF, 0x0F, 0xF0, 0xFF,
    0x9F, 0xFF, 0xFF, 0xFF, 0x7E, 0x70, 0x3D, 0xE3, 0xDE, 0x3D, 0xE0, 0x00, 0x00, 0x03, 0xFC, 0x7F,
    0xE3, 0xFF, 0x31, 0xF0, 0x0F, 0x3F, 0xF7, 0xFF, 0xFF, 0xFF, 0x0F, 0xF0, 0xFF, 0x9F, 0xFF, 0xFF,
    0xFF, 0x7E, 0x70, 0x0F, 0x81, 0xFC, 0x1D, 0xC1, 0xDC, 0x1F, 0xC0, 0xF8, 0x00, 0x03, 0xFC, 0x7F,
    0xE7, 0xFF, 0x31, 0xF0, 0x0F, 0x3F, 0xF7, 0xFF, 0xFF, 0xFF, 0x0F, 0xF0, 0xFF, 0x9F, 0xFF, 0xFF,
    0xFF, 0x7F, 0x70, 0x3F, 0xDF, 0xC3, 0xFF, 0xFF, 0x8F, 0xFF, 0xFC, 0x63, 0xF9, 0xF0, 0x0F, 0x87,
    0x9F, 0xFF, 0xFD, 0xFF, 0xFF, 0xFF, 0xFF, 0xFF, 0xF0, 0xF0, 0x07, 0x87, 0xC0, 0x3E, 0x7F, 0x0F,
    0xFF, 0xFF, 0xFF, 0xFB, 0xFF, 0xBF, 0x87, 0xF8, 0x1F, 0xE7, 0xFD, 0xFF, 0xFE, 0x6F, 0x81, 0xE0,
    0x3C, 0x07, 0x80, 0xF0, 0x1F, 0x03, 0xF3, 0xBF, 0xF7, 0xFE, 0x3F, 0x83, 0x80, 0x7C, 0x03, 0x80,
    0xF0, 0x7E, 0x0F, 0x80, 0x3E, 0x00, 0xF8, 0x01, 0xE0, 0x07, 0x80, 0x00, 0x0F, 0xE0, 0xFF, 0xCF,
    0xFE, 0xF8, 0xFF, 0x83, 0xFF, 0xFF, 0xFF, 0xFF, 0xFF, 0xF8, 0x03, 0xE0, 0x1F, 0x86, 0x7F, 0xF1,
    0xFF, 0x87, 0xFC, 0x03, 0xF0, 0x1F, 0x01, 0xE0, 0x1E, 0x00, 0x00, 0x0F, 0xE0, 0xFF, 0xCF, 0xFE,
    0xF8, 0xFF, 0x83, 0xFF, 0xFF, 0xFF, 0xFF, 0xFF, 0xF8, 0x03, 0xE0, 0x1F, 0x86, 0x7F, 0xF1, 0xFF,
    0x87, 0xFC, 0x0F, 0x80, 0xFE, 0x0F, 0xF8, 0xF1, 0xE0, 0x00, 0x0F, 0xE0, 0xFF, 0xCF, 0xFE, 0xF8,
    0xFF, 0x83, 0xFF, 0xFF, 0xFF, 0xFF, 0xFF, 0xF8, 0x03, 0xE0, 0x1F, 0x86, 0x7F, 0xF1, 0xFF, 0x87,
    0xFC, 0x3D, 0xE1, 0xEF, 0x0F, 0x78, 0x00, 0x00, 0x00, 0x0F, 0xE0, 0xFF, 0xCF, 0xFE, 0xF8, 0xFF,
    0x83, 0xFF, 0xFF, 0xFF, 0xFF, 0xFF, 0xF8, 0x03, 0xE0, 0x1F, 0x86, 0x7F, 0xF1, 0xFF, 0x87, 0xFC,
    0xF8, 0x7C, 0x3E, 0x0E, 0x00, 0x3C, 0x3C, 0x3C, 0x3C, 0x3C, 0x3C, 0x3C, 0x3C, 0x3C, 0x3C, 0x3C,
    0x3C, 0x3C, 0x3C, 0x1F, 0x1F, 0x1F, 0x0E, 0x00, 0x03, 0xC1, 0xE0, 0xF0, 0x78, 0x3C, 0x1E, 0x0F,
    0x07, 0x83, 0xC1, 0xE0, 0xF0, 0x78, 0x3C, 0x1E, 0x00, 0x1F, 0x87, 0xF9, 0xFF, 0xB8, 0x70, 0x00,
    0x1E, 0x03, 0xC0, 0x78, 0x0F, 0x01, 0xE0, 0x3C, 0x07, 0x80, 0xF0, 0x1E, 0x03, 0xC0, 0x78, 0x0F,
    0x01, 0xE0, 0x3C, 0x00, 0xF7, 0xFB, 0xFD, 0xE0, 0x00, 0x01, 0xE0, 0xF0, 0x78, 0x3C, 0x1E, 0x0F,
    0x07, 0x83, 0xC1, 0xE0, 0xF0, 0x78, 0x3C, 0x1E, 0x0F, 0x00, 0x0C, 0x60, 0xFF, 0x07, 0xF8, 0x1F,
    0x81, 0xFE, 0x0E, 0xF8, 0x23, 0xC3, 0xFF, 0x7F, 0xFB, 0xFF, 0xFF, 0x7F, 0xF1, 0xFF, 0x07, 0xF8,
    0x3F, 0xC1, 0xFF, 0x1F, 0xF8, 0xFB, 0xFF, 0x8F, 0xF8, 0x3F, 0x80, 0x3F, 0x71, 0xFF, 0x9F, 0xF8,
    0xE7, 0x80, 0x00, 0x73, 0xF3, 0xFF, 0xDF, 0xFF, 0xFC, 0xFF, 0xC7, 0xFC, 0x1F, 0xE0, 0xFF, 0x07,
    0xF8, 0x3F, 0xC1, 0xFE, 0x0F, 0xF0, 0x7F, 0x83, 0xFC, 0x1E, 0x1F, 0x00, 0x78, 0x01, 0xE0, 0x07,
    0x80, 0x00, 0x0F, 0xE0, 0xFF, 0x8F, 0xFE, 0xF8, 0xFF, 0xC7, 0xFC, 0x1F, 0xE0, 0xFF, 0x07, 0xF8,
    0x3F, 0xE3, 0xFF, 0x1F, 0x7F, 0xF1, 0xFF, 0x07, 0xF0, 0x01, 0xF0, 0x1F, 0x01, 0xE0, 0x1E, 0x00,
    0x00, 0x0F, 0xE0, 0xFF, 0x8F, 0xFE, 0xF8, 0xFF, 0xC7, 0xFC, 0x1F, 0xE0, 0xFF, 0x07, 0xF8, 0x3F,
    0xE3, 0xFF, 0x1F, 0x7F, 0xF1, 0xFF, 0x07, 0xF0, 0x0F, 0x80, 0xFE, 0x0F, 0xF8, 0xF1, 0xE0, 0x00,
    0x0F, 0xE0, 0xFF, 0x8F, 0xFE, 0xF8, 0xFF, 0xC7, 0xFC, 0x1F, 0xE0, 0xFF, 0x07, 0xF8, 0x3F, 0xE3,
    0xFF, 0x1F, 0x7F, 0xF1, 0xFF, 0x07, 0xF0, 0x1F, 0x71, 0xFF, 0x8F, 0xF8, 0xE7, 0x80, 0x00, 0x0F,
    0xE0, 0xFF, 0x8F, 0xFE, 0xF8, 0xFF, 0xC7, 0xFC, 0x1F, 0xE0, 0xFF, 0x07, 0xF8, 0x3F, 0xE3, 0xFF,
    0x1F, 0x7F, 0xF1, 0xFF, 0x07, 0xF0, 0x3D, 0xE1, 0xEF, 0x0F, 0x78, 0x00, 0x00, 0x00, 0x0F, 0xE0,
    0xFF, 0x8F, 0xFE, 0xF8, 0xFF, 0xC7, 0xFC, 0x1F, 0xE0, 0xFF, 0x07, 0xF8, 0x3F, 0xE3, 0xFF, 0x1F,
    0x7F, 0xF1, 0xFF, 0x07, 0xF0, 0x0F, 0x00, 0xF0, 0x0F, 0x00, 0xF0, 0xFF, 0xFF, 0xFF, 0xFF, 0xF0,
    0x00, 0x0F, 0x00, 0xF0, 0x0F, 0x00, 0xF0, 0x00, 0x20, 0xFF, 0x8F, 0xFC, 0xFF, 0xEF, 0x9F, 0xFD,
    0xFF, 0xCF, 0xFE, 0xFF, 0xF7, 0x7F, 0xF3, 0xFF, 0xBF, 0xF9, 0xF7, 0xFF, 0x3F, 0xF1, 0xFF, 0x06,
    0x00, 0x3F, 0x00, 0x7C, 0x01, 0xE0, 0x07, 0x80, 0x00, 0x78, 0x3F, 0xC1, 0xFE, 0x0F, 0xF0, 0x7F,
    0x83, 0xFC, 0x1F, 0xE0, 0xFF, 0x07, 0xF8, 0x7F, 0xC3, 0xFF, 0x3F, 0xFF, 0xFB, 0xFF, 0xCF, 0xDE,
    0x01, 0xF0, 0x1F, 0x01, 0xE0, 0x1E, 0x00, 0x00, 0x78, 0x3F, 0xC1, 0xFE, 0x0F, 0xF0, 0x7F, 0x83,
    0xFC, 0x1F, 0xE0, 0xFF, 0x07, 0xF8, 0x7F, 0xC3, 0xFF, 0x3F, 0xFF, 0xFB, 0xFF, 0xCF, 0xDE, 0x0F,
    0x80, 0xFE, 0x0F, 0x78, 0xF1, 0xE0, 0x00, 0x78, 0x3F, 0xC1, 0xFE, 0x0F, 0xF0, 0x7F, 0x83, 0xFC,
    0x1F, 0xE0, 0xFF, 0x07, 0xF8, 0x7F, 0xC3, 0xFF, 0x3F, 0xFF, 0xFB, 0xFF, 0xCF, 0xDE, 0x3D, 0xE1,
    0xEF, 0x0F, 0x78, 0x00, 0x00, 0x00, 0x78, 0x3F, 0xC1, 0xFE, 0x0F, 0xF0, 0x7F, 0x83, 0xFC, 0x1F,
    0xE0, 0xFF, 0x07, 0xF8, 0x7F, 0xC3, 0xFF, 0x3F, 0xFF, 0xFB, 0xFF, 0xCF, 0xDE, 0x01, 0xF8, 0x07,
    0xC0, 0x0F, 0x00, 0x3C, 0x00, 0x00, 0x1F, 0x07, 0xFE, 0x0F, 0x3C, 0x3E, 0x7C, 0x78, 0xF8, 0xF0,
    0xF3, 0xE1, 0xF7, 0x81, 0xEF, 0x03, 0xFE, 0x07, 0xF8, 0x07, 0xF0, 0x0F, 0xE0, 0x0F, 0x80, 0x1F,
    0x00, 0x3C, 0x00, 0xF8, 0x01, 0xF0, 0x1F, 0xC0, 0x3F, 0x00, 0x7C, 0x00, 0xF0, 0x07, 0x80, 0x3C,
    0x01, 0xE0, 0x0F, 0x00, 0x7B, 0xF3, 0xFF, 0xDF, 0xFE, 0xF9, 0xFF, 0xC7, 0xFC, 0x1F, 0xE0, 0xFF,
    0x07, 0xF8, 0x3F, 0xE3, 0xFF, 0x3F, 0xFF, 0xF7, 0xFF, 0xBD, 0xF9, 0xE0, 0x0F, 0x00, 0x78, 0x03,
    0xC0, 0x1E, 0x00, 0xF0, 0x00, 0x1E, 0xF0, 0x3D, 0xE0, 0x7B, 0xC0, 0x00, 0x00, 0x00, 0x1F, 0x07,
    0xFE, 0x0F, 0xBE, 0x1E, 0x7C, 0x7C, 0x78, 0xF0, 0xF1, 0xE1, 0xF7, 0xC1, 0xEF, 0x03, 0xDE, 0x03,
    0xF8, 0x07, 0xF0, 0x07, 0xE0, 0x0F, 0x80, 0x1F, 0x00, 0x3E, 0x00, 0x78, 0x01, 0xF0, 0x1F, 0xC0,
    0x3F, 0x80, 0x7C, 0x00, 0x07, 0xF8, 0x01, 0xFE, 0x00, 0x7F, 0x80, 0x00, 0x00, 0x03, 0xF0, 0x00,
    0xFC, 0x00, 0x7F, 0x80, 0x1F, 0xE0, 0x07, 0xF8, 0x03, 0xFF, 0x00, 0xFB, 0xC0, 0x3C, 0xF0, 0x1F,
    0x3E, 0x07, 0xCF, 0x81, 0xE1, 0xE0, 0xFF, 0xFC, 0x3F, 0xFF, 0x0F, 0xFF, 0xC7, 0xC0, 0xF9, 0xF0,
    0x3E, 0x7C, 0x07, 0xBE, 0x01, 0xF0, 0x1F, 0xE1, 0xFE, 0x1F, 0xE0, 0x00, 0x1F, 0xC3, 0xFE, 0x3F,
    0xF1, 0x9F, 0x00, 0xF3, 0xFF, 0x7F, 0xFF, 0xFF, 0xF0, 0xFF, 0x0F, 0xF9, 0xFF, 0xFF, 0xFF, 0xF7,
    0xE7, 0x06, 0x0E, 0x00, 0xF3, 0xC0, 0x1F, 0xF8, 0x01, 0xFE, 0x00, 0x1F, 0x80, 0x00, 0x00, 0x00,
    0x7E, 0x00, 0x1F, 0xC0, 0x03, 0xF8, 0x00, 0x7F, 0x80, 0x1F, 0xF0, 0x03, 0xDF, 0x00, 0x7B, 0xE0,
    0x1F, 0x3C, 0x03, 0xE7, 0xC0, 0xF8, 0xF8, 0x1F, 0x0F, 0x03, 0xFF, 0xF0, 0xFF, 0xFE, 0x1F, 0xFF,
    0xC3, 0xE0, 0x7C, 0xF8, 0x0F, 0x9F, 0x00, 0xF3, 0xE0, 0x1F, 0x38, 0xF3, 0xFF, 0x1F, 0xE0, 0xFC,
    0x00, 0x03, 0xFC, 0x7F, 0xE3, 0xFF, 0x31, 0xF0, 0x0F, 0x3F, 0xF7, 0xFF, 0xFF, 0xFF, 0x0F, 0xF0,
    0xFF, 0x9F, 0xFF, 0xFF, 0xFF, 0x7E, 0x70, 0x01, 0xF0, 0x00, 0x7F, 0x00, 0x0F, 0xE0, 0x01, 0xFE,
    0x00, 0x7F, 0xC0, 0x0F, 0x78, 0x01, 0xEF, 0x80, 0x7D, 0xF0, 0x0F, 0x1E, 0x01, 0xE3, 0xE0, 0x7C,
    0x7C, 0x0F, 0xFF, 0x83, 0xFF, 0xF8, 0x7F, 0xFF, 0x0F, 0x81, 0xE3, 0xE0, 0x3E, 0x7C, 0x07, 0xCF,
    0x80, 0x78, 0x00, 0x0E, 0x00, 0x03, 0x80, 0x00, 0x70, 0x00, 0x0F, 0x80, 0x01, 0xF0, 0x00, 0x1E,
    0x3F, 0xC3, 0xFF, 0x0F, 0xFC, 0x73, 0xE0, 0x0F, 0x03, 0xF9, 0xFF, 0xDF, 0xFE, 0xF8, 0xF7, 0x87,
    0xBE, 0x7D, 0xFF, 0xEF, 0xFF, 0x3F, 0x38, 0x01, 0xC0, 0x1C, 0x00, 0xC0, 0x07, 0xC0, 0x3E, 0x00,
    0xF0, 0x00, 0xF8, 0x07, 0xC0, 0x1E, 0x00, 0xF0, 0x03, 0x80, 0x00, 0x00, 0xFF, 0x87, 0xFF, 0x3F,
    0xFD, 0xF8, 0xE7, 0xC0, 0x3E, 0x00, 0xF8, 0x03, 0xC0, 0x0F, 0x00, 0x3C, 0x00, 0xF0, 0x03, 0xC0,
    0x0F, 0x80, 0x3E, 0x00, 0x7E, 0x18, 0xFF, 0xE3, 0xFF, 0x83, 0xFE, 0x03, 0xE0, 0xF8, 0x3E, 0x07,
    0x80, 0x00, 0x3F, 0xCF, 0xFB, 0xFF, 0xFC, 0xDF, 0x03, 0xC0, 0x78, 0x0F, 0x01, 0xE0, 0x3E, 0x07,
    0xE7, 0x7F, 0xEF, 0xFC, 0x7F, 0x00, 0x07, 0xC0, 0x3F, 0x80, 0xFF, 0x07, 0xBE, 0x1C, 0x38, 0x00,
    0x00, 0xFF, 0x87, 0xFF, 0x3F, 0xFD, 0xF8, 0xE7, 0xC0, 0x3E, 0x00, 0xF8, 0x03, 0xC0, 0x0F, 0x00,
    0x3C, 0x00, 0xF0, 0x03, 0xC0, 0x0F, 0x80, 0x3E, 0x00, 0x7E, 0x18, 0xFF, 0xE3, 0xFF, 0x83, 0xFE,
    0x1F, 0x87, 0xF8, 0xFF, 0x3C, 0xF0, 0x00, 0x3F, 0xCF, 0xFB, 0xFF, 0xFC, 0xDF, 0x03, 0xC0, 0x78,
    0x0F, 0x01, 0xE0, 0x3E, 0x07, 0xE7, 0x7F, 0xEF, 0xFC, 0x7F, 0x00, 0x03, 0xC0, 0x0F, 0x00, 0x3C,
    0x00, 0xF0, 0x00, 0x00, 0x00, 0x00, 0xFF, 0x87, 0xFF, 0x3F, 0xFD, 0xF8, 0xE7, 0xC0, 0x3E, 0x00,
    0xF8, 0x03, 0xC0, 0x0F, 0x00, 0x3C, 0x00, 0xF0, 0x03, 0xC0, 0x0F, 0x80, 0x3E, 0x00, 0x7E, 0x18,
    0xFF, 0xE3, 0xFF, 0x83, 0xFE, 0x0F, 0x01, 0xE0, 0x3C, 0x07, 0x80, 0x00, 0x3F, 0xCF, 0xFB, 0xFF,
    0xFC, 0xDF, 0x03, 0xC0, 0x78, 0x0F, 0x01, 0xE0, 0x3E, 0x07, 0xE7, 0x7F, 0xEF, 0xFC, 0x7F, 0x00,
    0x1C, 0x3C, 0x7F, 0xE0, 0xFF, 0x01, 0xF8, 0x07, 0xE0, 0x00, 0x00, 0xFF, 0x87, 0xFF, 0x3F, 0xFD,
    0xF8, 0xE7, 0xC0, 0x3E, 0x00, 0xF8, 0x03, 0xC0, 0x0F, 0x00, 0x3C, 0x00, 0xF0, 0x03, 0xC0, 0x0F,
    0x80, 0x3E, 0x00, 0x7E, 0x18, 0xFF, 0xE3, 0xFF, 0x83, 0xFE, 0x78, 0xF3, 0xFE, 0x1F, 0xC1, 0xF8,
    0x00, 0x01, 0xFE, 0x3F, 0xE7, 0xFE, 0xFC, 0xCF, 0x80, 0xF0, 0x0F, 0x00, 0xF0, 0x0F, 0x00, 0xF8,
    0x0F, 0xCE, 0x7F, 0xE7, 0xFE, 0x1F, 0xC0, 0x38, 0x38, 0x7D, 0xF0, 0x7F, 0xC0, 0x7F, 0x00, 0x7C,
    0x00, 0x00, 0x3F, 0xF0, 0x7F, 0xF8, 0xFF, 0xF9, 0xE1, 0xFB, 0xC1, 0xF7, 0x81, 0xFF, 0x03, 0xFE,
    0x03, 0xFC, 0x07, 0xF8, 0x0F, 0xF0, 0x1F, 0xE0, 0x7F, 0xC0, 0xFF, 0x83, 0xEF, 0x1F, 0xDF, 0xFF,
    0x3F, 0xFC, 0x7F, 0xE0, 0x00, 0x7B, 0xC0, 0x0F, 0x78, 0x01, 0xEE, 0x00, 0x3D, 0xC0, 0x07, 0x80,
    0x7E, 0xF0, 0x1F, 0xFE, 0x03, 0xFF, 0xC0, 0xF9, 0xF8, 0x1F, 0x1F, 0x03, 0xC1, 0xE0, 0x78, 0x3C,
    0x0F, 0x07, 0x81, 0xE0, 0xF0, 0x3E, 0x3E, 0x07, 0xC7, 0xC0, 0x7F, 0xF8, 0x0F, 0xFF, 0x00, 0xFD,
    0xE0, 0x00, 0x3F, 0xF0, 0x3F, 0xF8, 0x3F, 0xFC, 0x3C, 0x7E, 0x3C, 0x1F, 0x3C, 0x1F, 0x3C, 0x0F,
    0x3C, 0x0F, 0xFF, 0x8F, 0xFF, 0x8F, 0xFF, 0x8F, 0x3C, 0x1F, 0x3C, 0x1F, 0x3C, 0x1E, 0x3C, 0x7E,
    0x3F, 0xFC, 0x3F, 0xF8, 0x3F, 0xF0, 0x00, 0x78, 0x0F, 0xFC, 0x1F, 0xF8, 0x3F, 0xF0, 0x07, 0x80,
    0x0F, 0x0F, 0xDE, 0x3F, 0xFC, 0xFF, 0xF9, 0xF3, 0xF3, 0xE3, 0xE7, 0x83, 0xCF, 0x07, 0x9E, 0x0F,
    0x3E, 0x3E, 0x7C, 0x7C, 0xFF, 0xF8, 0xFF, 0xF0, 0xFD, 0xE0, 0x7F, 0x8F, 0xF1, 0xFE, 0x00, 0x0F,
    0xFF, 0xFF, 0xFF, 0xFF, 0x80, 0xF0, 0x1E, 0x03, 0xC0, 0x7F, 0xEF, 0xFD, 0xFF, 0xBC, 0x07, 0x80,
    0xF0, 0x1E, 0x03, 0xC0, 0x7F, 0xFF, 0xFF, 0xFF, 0xC0, 0x3F, 0xC1, 0xFE, 0x0F, 0xF0, 0x00, 0x01,
    0xFC, 0x1F, 0xF9, 0xFF, 0xDF, 0x1F, 0xF0, 0x7F, 0xFF, 0xFF, 0xFF, 0xFF, 0xFF, 0x00, 0x7C, 0x03,
    0xF0, 0xCF, 0xFE, 0x3F, 0xF0, 0xFF, 0x80, 0xE0, 0xFC, 0xFF, 0xFD, 0xFE, 0x3F, 0x00, 0x0F, 0xFF,
    0xFF, 0xFF, 0xFC, 0x0F, 0x03, 0xC0, 0xF0, 0x3F, 0xFF, 0xFF, 0xFF, 0xF0, 0x3C, 0x0F, 0x03, 0xC0,
    0xF0, 0x3F, 0xFF, 0xFF, 0xFF, 0x38, 0xF1, 0xFF, 0x87, 0xF8, 0x1F, 0x80, 0x00, 0x0F, 0xE0, 0xFF,
    0xCF, 0xFE, 0xF8, 0xFF, 0xC7, 0xFF, 0xFF, 0xFF, 0xFF, 0xFF, 0xF8, 0x03, 0xE0, 0x1F, 0x87, 0x7F,
    0xF9, 0xFF, 0xC7, 0xFC, 0x1E, 0x03, 0xC0, 0x78, 0x0F, 0x00, 0x00, 0x00, 0x3F, 0xFF, 0xFF, 0xFF,
    0xFE, 0x03, 0xC0, 0x78, 0x0F, 0x01, 0xFF, 0xBF, 0xF7, 0xFE, 0xF0, 0x1E, 0x03, 0xC0, 0x78, 0x0F,
    0x01, 0xFF, 0xFF, 0xFF, 0xFF, 0x0F, 0x00, 0x78, 0x03, 0xC0, 0x1E, 0x00, 0x00, 0x0F, 0xE0, 0xFF,
    0xCF, 0xFE, 0xF8, 0xFF, 0x83, 0xFF, 0xFF, 0xFF, 0xFF, 0xFF, 0xF8, 0x03, 0xE0, 0x1F, 0x86, 0x7F,
    0xF1, 0xFF, 0x87, 0xFC, 0xFF, 0xFF, 0xFF, 0xFF, 0xC0, 0xF0, 0x3C, 0x0F, 0x03, 0xFF, 0xFF, 0xFF,
    0xFF, 0x03, 0xC0, 0xF0, 0x3C, 0x0F, 0x03, 0xFF, 0xFF, 0xFF, 0xF0, 0x38, 0x1C, 0x07, 0x01, 0xF0,
    0x7C, 0x0F, 0x1F, 0xC1, 0xFF, 0x9F, 0xFD, 0xF1, 0xFF, 0x07, 0xFF, 0xFF, 0xFF, 0xFF, 0xFF, 0xF0,
    0x07, 0xC0, 0x3F, 0x0C, 0xFF, 0xE3, 0xFF, 0x0F, 0xF8, 0x07, 0x80, 0x78, 0x03, 0x80, 0x1F, 0x80,
    0xFC, 0x03, 0xE0, 0xE0, 0xFF, 0x7D, 0xFF, 0x1F, 0xC1, 0xF0, 0x00, 0x3F, 0xFF, 0xFF, 0xFF, 0xFE,
    0x03, 0xC0, 0x78, 0x0F, 0x01, 0xFF, 0xBF, 0xF7, 0xFE, 0xF0, 0x1E, 0x03, 0xC0, 0x78, 0x0F, 0x01,
    0xFF, 0xFF, 0xFF, 0xFF, 0x78, 0xF1, 0xFF, 0x07, 0xF0, 0x1F, 0x00, 0x00, 0x0F, 0xE0, 0xFF, 0xCF,
    0xFE, 0xF8, 0xFF, 0xC7, 0xFF, 0xFF, 0xFF, 0xFF, 0xFF, 0xF8, 0x03, 0xE0, 0x1F, 0x86, 0x7F, 0xF1,
    0xFF, 0x87, 0xFC, 0x03, 0xE0, 0x0F, 0xE0, 0x3F, 0xE0, 0xFB, 0xE1, 0xE3, 0xC0, 0x00, 0x01, 0xFF,
    0x0F, 0xFF, 0x3F, 0xFE, 0xFE, 0x39, 0xF0, 0x07, 0xC0, 0x0F, 0x80, 0x1E, 0x00, 0x3C, 0x7F, 0xF8,
    0xFF, 0xF1, 0xFF, 0xF0, 0x3F, 0xE0, 0x7F, 0xC0, 0xF7, 0xE1, 0xE7, 0xFF, 0xC7, 0xFF, 0x87, 0xFF,
    0x0F, 0x80, 0xFE, 0x0F, 0xF8, 0xF1, 0xE0, 0x00, 0x1F, 0xBD, 0xFF, 0xEF, 0xFF, 0xF8, 0xFF, 0xC7,
    0xFC, 0x1F, 0xE0, 0xFF, 0x07, 0xF8, 0x3F, 0xE1, 0xFF, 0x1F, 0x7F, 0xFB, 0xFF, 0xCF, 0xDE, 0x00,
    0xF0, 0x0F, 0xF0, 0xFF, 0xFF, 0xFF, 0xFE, 0x7F, 0xC0, 0x0E, 0x1C, 0x1F, 0xF8, 0x3F, 0xE0, 0x1F,
    0x80, 0x00, 0x00, 0x00, 0x01, 0xFF, 0x0F, 0xFF, 0x3F, 0xFE, 0xFE, 0x19, 0xF0, 0x07, 0xC0, 0x0F,
    0x80, 0x1E, 0x00, 0x3C, 0x7F, 0xF8, 0xFF, 0xF1, 0xFF, 0xF0, 0x3F, 0xE0, 0x7F, 0xC0, 0xF7, 0xE1,
    0xE7, 0xFF, 0xC7, 0xFF, 0x87, 0xFF, 0x38, 0xF1, 0xFF, 0x87, 0xF8, 0x1F, 0x80, 0x00, 0x1F, 0xBD,
    0xFF, 0xEF, 0xFF, 0xF8, 0xFF, 0xC7, 0xFC, 0x1F, 0xE0, 0xFF, 0x07, 0xF8, 0x3F, 0xE3, 0xFF, 0xBF,
    0x7F, 0xFB, 0xFF, 0xCF, 0xDE, 0x00, 0xF0, 0x0F, 0xF0, 0xFF, 0xFF, 0xFF, 0xFE, 0x7F, 0xC0, 0x01,
    0xE0, 0x03, 0xC0, 0x07, 0x80, 0x0F, 0x00, 0x00, 0x00, 0x00, 0x01, 0xFF, 0x0F, 0xFF, 0x3F, 0xFE,
    0xFE, 0x39, 0xF0, 0x07, 0xC0, 0x0F, 0x80, 0x1E, 0x00, 0x3C, 0x3F, 0xF8, 0x7F, 0xF0, 0xFF, 0xF0,
    0x3F, 0xE0, 0x7F, 0xC0, 0xF7, 0xE1, 0xE7, 0xFF, 0xC7, 0xFF, 0x87, 0xFF, 0x07, 0x80, 0x3C, 0x01,
    0xE0, 0x0F, 0x00, 0x00, 0x1F, 0xBD, 0xFF, 0xEF, 0xFF, 0xF8, 0xFF, 0xC7, 0xFC, 0x1F, 0xE0, 0xFF,
    0x07, 0xF8, 0x3F, 0xE1, 0xFF, 0x1F, 0x7F, 0xFB, 0xFF, 0xCF, 0xDE, 0x00, 0xF0, 0x0F, 0xF0, 0xFF,
    0xFF, 0xFF, 0xFE, 0x7F, 0xC0, 0x07, 0xFC, 0x3F, 0xFC, 0xFF, 0xFB, 0xF8, 0xE7, 0xC0, 0x1F, 0x00,
    0x3E, 0x00, 0x78, 0x00, 0xF1, 0xFF, 0xE3, 0xFF, 0xC7, 0xFF, 0xC0, 0xFF, 0x81, 0xFF, 0x03, 0xDF,
    0x87, 0x9F, 0xFF, 0x1F, 0xFE, 0x1F, 0xFC, 0x00, 0x00, 0x00, 0x00, 0x1E, 0x00, 0x78, 0x00, 0xF0,
    0x01, 0xC0, 0x03, 0x80, 0x3C, 0x01, 0xE0, 0x1F, 0x00, 0x00, 0x1F, 0xBD, 0xFF, 0xEF, 0xFF, 0xF8,
    0xFF, 0xC7, 0xFC, 0x1F, 0xE0, 0xFF, 0x07, 0xF8, 0x3F, 0xE1, 0xFF, 0x1F, 0x7F, 0xFB, 0xFF, 0xCF,
    0xDE, 0x00, 0xF0, 0x0F, 0xF0, 0xFF, 0xFF, 0xFF, 0xFE, 0x7F, 0xC0, 0x07, 0xC0, 0x1F, 0x80, 0x7F,
    0x81, 0xF7, 0x83, 0x87, 0x80, 0x00, 0x3C, 0x07, 0xF8, 0x0F, 0xF0, 0x1F, 0xE0, 0x3F, 0xC0, 0x7F,
    0x80, 0xFF, 0x01, 0xFF, 0xFF, 0xFF, 0xFF, 0xFF, 0xFF, 0xF0, 0x1F, 0xE0, 0x3F, 0xC0, 0x7F, 0x80,
    0xFF, 0x01, 0xFE, 0x03, 0xFC, 0x07, 0xF8, 0x0F, 0x0F, 0x00, 0x0F, 0xC0, 0x0F, 0xF0, 0x0F, 0x3C,
    0x07, 0x0E, 0x00, 0x00, 0x00, 0x3C, 0x00, 0x1E, 0x00, 0x0F, 0x00, 0x07, 0x80, 0x03, 0xC0, 0x01,
    0xEF, 0xC0, 0xFF, 0xF0, 0x7F, 0xFC, 0x3F, 0x3E, 0x1F, 0x1F, 0x0F, 0x07, 0x87, 0x83, 0xC3, 0xC1,
    0xE1, 0xE0, 0xF0, 0xF0, 0x78, 0x78, 0x3C, 0x3C, 0x1E, 0x1E, 0x0F, 0x0F, 0x07, 0x80, 0x3C, 0x07,
    0x87, 0x80, 0xF3, 0xFF, 0xFF, 0xFF, 0xFF, 0xFF, 0xFF, 0xFE, 0x78, 0x0F, 0x0F, 0x01, 0xE1, 0xFF,
    0xFC, 0x3F, 0xFF, 0x87, 0xFF, 0xF0, 0xF0, 0x1E, 0x1E, 0x03, 0xC3, 0xC0, 0x78, 0x78, 0x0F, 0x0F,
    0x01, 0xE1, 0xE0, 0x3C, 0x3C, 0x07, 0x87, 0x80, 0xF0, 0x3C, 0x00, 0x78, 0x03, 0xFE, 0x07, 0xFC,
    0x0F, 0xF8, 0x07, 0x80, 0x0F, 0x7E, 0x1F, 0xFE, 0x3F, 0xFE, 0x7E, 0x7C, 0xF8, 0xF9, 0xE0, 0xF3,
    0xC1, 0xE7, 0x83, 0xCF, 0x07, 0x9E, 0x0F, 0x3C, 0x1E, 0x78, 0x3C, 0xF0, 0x78, 0x38, 0xEF, 0xDF,
    0xFF, 0x77, 0xEE, 0x78, 0x00, 0x0F, 0xF1, 0xFE, 0x3F, 0xC1, 0xE0, 0x3C, 0x07, 0x80, 0xF0, 0x1E,
    0x03, 0xC0, 0x78, 0x0F, 0x01, 0xE0, 0x3C, 0x07, 0x80, 0xF0, 0x7F, 0x8F, 0xF1, 0xFE, 0x3E, 0x67,
    0xFE, 0x7F, 0xE6, 0x7C, 0x00, 0x00, 0xF0, 0x0F, 0x00, 0xF0, 0x0F, 0x00, 0xF0, 0x0F, 0x00, 0xF0,
    0x0F, 0x00, 0xF0, 0x0F, 0x00, 0xF0, 0x0F, 0x00, 0xF0, 0x0F, 0x00, 0xFF, 0xFF, 0xFF, 0x00, 0xFF,
    0xFF, 0xFF, 0x3C, 0x3C, 0x3C, 0x3C, 0x3C, 0x3C, 0x3C, 0x3C, 0x3C, 0x3C, 0x3C, 0x3C, 0xFF, 0xFF,
    0xFF, 0xFF, 0xFF, 0xFF, 0x00, 0x3C, 0x3C, 0x3C, 0x3C, 0x3C, 0x3C, 0x3C, 0x3C, 0x3C, 0x3C, 0x3C,
    0x3C, 0x3C, 0x3C, 0xE0, 0xFC, 0xFF, 0xFD, 0xFE, 0x3F, 0x00, 0x07, 0xF9, 0xFE, 0x7F, 0x87, 0x81,
    0xE0, 0x78, 0x1E, 0x07, 0x81, 0xE0, 0x78, 0x1E, 0x07, 0x81, 0xE0, 0x78, 0x1E, 0x1F, 0xE7, 0xF9,
    0xFE, 0xE3, 0xFF, 0xF7, 0xF8, 0xFC, 0x00, 0x0F, 0x03, 0xC0, 0xF0, 0x3C, 0x0F, 0x03, 0xC0, 0xF0,
    0x3C, 0x0F, 0x03, 0xC0, 0xF0, 0x3C, 0x0F, 0x03, 0xC0, 0xFF, 0xFF, 0xFF, 0x3C, 0x3C, 0x3C, 0x3C,
    0x3C, 0x3C, 0x3C, 0x3C, 0x3C, 0x3C, 0x3C, 0x3C, 0xFF, 0xFF, 0xFF, 0x0E, 0x1C, 0x1C, 0x1F, 0x1F,
    0x0F, 0x7B, 0xDE, 0xF0, 0x3D, 0xEF, 0x7B, 0xDE, 0xF7, 0xBD, 0xEF, 0x7B, 0xDE, 0xEF, 0x73, 0xFF,
    0x78, 0x3C, 0x3C, 0x3C, 0x3C, 0x00, 0x00, 0xFF, 0xFF, 0xFF, 0x3C, 0x3C, 0x3C, 0x3C, 0x3C, 0x3C,
    0x3C, 0x3C, 0x3C, 0x3C, 0x3C, 0x3C, 0xFF, 0xFF, 0xFF, 0xFF, 0xFF, 0xFF, 0xFF, 0xFF, 0xFF, 0xFF,
    0xFF, 0x1F, 0xFE, 0x3F, 0xFC, 0x79, 0xE0, 0xF3, 0xC1, 0xE7, 0x83, 0xCF, 0x07, 0x9E, 0x0F, 0x3C,
    0x1E, 0x78, 0x3C, 0xF0, 0x79, 0xE0, 0xF3, 0xC1, 0xE7, 0x83, 0xCF, 0x07, 0xFF, 0x8F, 0xFF, 0x1F,
    0xFE, 0x3C, 0x00, 0x78, 0x01, 0xF0, 0x1F, 0xE0, 0x3F, 0x80, 0x7E, 0x00, 0xF1, 0xFE, 0x3F, 0xC7,
    0xF8, 0xF0, 0x01, 0xE3, 0xFC, 0x7F, 0x8F, 0xF1, 0xFE, 0x3F, 0xC7, 0xF8, 0xFF, 0x1F, 0xE3, 0xFC,
    0x7F, 0x8F, 0xF1, 0xFE, 0x3F, 0xC7, 0x80, 0xF0, 0x1E, 0x07, 0xC3, 0xF8, 0x7F, 0x0F, 0xC0, 0x1F,
    0x03, 0xF0, 0xFF, 0x3D, 0xF7, 0x0E, 0x00, 0x03, 0xC0, 0x78, 0x0F, 0x01, 0xE0, 0x3C, 0x07, 0x80,
    0xF0, 0x1E, 0x03, 0xC0, 0x78, 0x0F, 0x01, 0xE0, 0x3C, 0x07, 0x80, 0xF0, 0x1E, 0x03, 0xC0, 0x78,
    0x1F, 0x03, 0xE3, 0xF8, 0x7F, 0x0F, 0xC0, 0x3F, 0x1F, 0xEF, 0xFF, 0x87, 0x00, 0x07, 0x81, 0xE0,
    0x78, 0x1E, 0x07, 0x81, 0xE0, 0x78, 0x1E, 0x07, 0x81, 0xE0, 0x78, 0x1E, 0x07, 0x81, 0xE0, 0x78,
    0x1E, 0x0F, 0x8F, 0xE3, 0xF0, 0xF8, 0x00, 0xF0, 0x7D, 0xE1, 0xF3, 0xC3, 0xE7, 0x8F, 0x8F, 0x3E,
    0x1E, 0xF8, 0x3D, 0xF0, 0x7F, 0xC0, 0xFF, 0x81, 0xFF, 0x03, 0xFF, 0x07, 0xDF, 0x0F, 0x3E, 0x1E,
    0x3E, 0x3C, 0x7C, 0x78, 0x7C, 0xF0, 0x7D, 0xE0, 0xF8, 0x00, 0x00, 0x00, 0x00, 0x78, 0x01, 0xE0,
    0x03, 0xC0, 0x07, 0x00, 0xF0, 0x03, 0xC0, 0x0F, 0x00, 0x3C, 0x00, 0xF0, 0x03, 0xC3, 0xEF, 0x1F,
    0x3C, 0xF8, 0xF7, 0xE3, 0xDF, 0x0F, 0xF8, 0x3F, 0xE0, 0xFF, 0x83, 0xFF, 0x0F, 0xBE, 0x3C, 0xF8,
    0xF1, 0xF3, 0xC3, 0xEF, 0x0F, 0xC0, 0x00, 0x00, 0x00, 0x3C, 0x00, 0xF0, 0x03, 0x80, 0x0E, 0x00,
    0xF0, 0x7B, 0xC3, 0xEF, 0x1F, 0x3C, 0xF8, 0xF7, 0xC3, 0xFE, 0x0F, 0xF8, 0x3F, 0xE0, 0xFF, 0xC3,
    0xEF, 0x8F, 0x3E, 0x3C, 0x7C, 0xF0, 0xFB, 0xC1, 0xF0, 0x1F, 0x01, 0xF0, 0x3C, 0x07, 0x80, 0x70,
    0x00, 0x00, 0x78, 0x07, 0x80, 0x78, 0x07, 0x80, 0x78, 0x07, 0x80, 0x78, 0x07, 0x80, 0x78, 0x07,
    0x80, 0x78, 0x07, 0x80, 0x78, 0x07, 0x80, 0x78, 0x07, 0xFF, 0x7F, 0xF7, 0xFF, 0x1F, 0x0F, 0x8F,
    0x8F, 0x07, 0x00, 0x01, 0xE0, 0xF0, 0x78, 0x3C, 0x1E, 0x0F, 0x07, 0x83, 0xC1, 0xE0, 0xF0, 0x78,
    0x3C, 0x1E, 0x0F, 0x07, 0x83, 0xC1, 0xE0, 0xF0, 0x78, 0x00, 0xF0, 0x1E, 0x03, 0xC0, 0x78, 0x0F,
    0x01, 0xE0, 0x3C, 0x07, 0x80, 0xF0, 0x1E, 0x03, 0xC0, 0x78, 0x0F, 0x01, 0xE0, 0x3C, 0x07, 0xFF,
    0xFF, 0xFF, 0xFC, 0x00, 0x00, 0x00, 0xF0, 0x3C, 0x07, 0x80, 0xE0, 0x79, 0xE7, 0x9E, 0x79, 0xE7,
    0x9E, 0x79, 0xE7, 0x9E, 0x79, 0xE7, 0x9E, 0x79, 0xE7, 0x80, 0x01, 0xE7, 0x9C, 0xF0, 0xF0, 0xFF,
    0x0E, 0xF1, 0xEF, 0x1C, 0xF0, 0x0F, 0x00, 0xF0, 0x0F, 0x00, 0xF0, 0x0F, 0x00, 0xF0, 0x0F, 0x00,
    0xF0, 0x0F, 0x00, 0xF0, 0x0F, 0xFE, 0xFF, 0xEF, 0xFE, 0xF7, 0xBD, 0xEF, 0x73, 0xDC, 0xF0, 0x3C,
    0x0F, 0x03, 0xC0, 0xF0, 0x3C, 0x0F, 0x03, 0xC0, 0xF0, 0x3C, 0x0F, 0x03, 0xC0, 0xF0, 0x3C, 0x0F,
    0x00, 0xF0, 0x1E, 0x03, 0xC0, 0x78, 0x0F, 0x01, 0xE0, 0x3C, 0xF7, 0x9E, 0xF3, 0xDE, 0x7B, 0xC0,
    0x78, 0x0F, 0x01, 0xE0, 0x3C, 0x07, 0xFF, 0xFF, 0xFF, 0xFC, 0xF0, 0x78, 0x3C, 0x1E, 0x0F, 0x07,
    0x83, 0xC1, 0xEF, 0xF7, 0xFB, 0xFD, 0xFE, 0x0F, 0x07, 0x83, 0xC1, 0xE0, 0xF0, 0x78, 0x3C, 0x00,
    0x1E, 0x00, 0x78, 0x01, 0xE0, 0x07, 0x80, 0x1E, 0x00, 0x7A, 0x01, 0xFC, 0x07, 0xF0, 0x1F, 0xC1,
    0xFC, 0x07, 0xE0, 0x1F, 0x80, 0x3E, 0x00, 0x78, 0x01, 0xE0, 0x07, 0xFF, 0x1F, 0xFC, 0x7F, 0xF0,
    0x1E, 0x07, 0x81, 0xE0, 0x78, 0x1E, 0x07, 0x81, 0xE0, 0x7C, 0x1F, 0x87, 0xE7, 0xF1, 0xF8, 0x7E,
    0x0F, 0x81, 0xE0, 0x78, 0x1E, 0x07, 0x81, 0xE0, 0x00, 0xF8, 0x00, 0xF0, 0x01, 0xE0, 0x03, 0xC0,
    0x03, 0x80, 0x00, 0x00, 0xFC, 0x0F, 0xFC, 0x0F, 0xFE, 0x0F, 0xFE, 0x0F, 0xFF, 0x0F, 0xFF, 0x0F,
    0xF7, 0x8F, 0xF7, 0x8F, 0xF3, 0xCF, 0xF3, 0xEF, 0xF1, 0xEF, 0xF1, 0xFF, 0xF0, 0xFF, 0xF0, 0xFF,
    0xF0, 0x7F, 0xF0, 0x7F, 0xF0, 0x3F, 0xF0, 0x3F, 0x03, 0xF0, 0x1F, 0x01, 0xE0, 0x1E, 0x00, 0x00,
    0x73, 0xF3, 0xFF, 0xDF, 0xFF, 0xFC, 0xFF, 0xC7, 0xFC, 0x1F, 0xE0, 0xFF, 0x07, 0xF8, 0x3F, 0xC1,
    0xFE, 0x0F, 0xF0, 0x7F, 0x83, 0xFC, 0x1E, 0xFC, 0x0F, 0xFC, 0x0F, 0xFE, 0x0F, 0xFE, 0x0F, 0xFF,
    0x0F, 0xFF, 0x0F, 0xF7, 0x8F, 0xF7, 0x8F, 0xF3, 0xCF, 0xF3, 0xEF, 0xF1, 0xEF, 0xF1, 0xFF, 0xF0,
    0xFF, 0xF0, 0xFF, 0xF0, 0x7F, 0xF0, 0x7F, 0xF0, 0x3F, 0xF0, 0x3F, 0x00, 0x00, 0x00, 0x00, 0x03,
    0xC0, 0x03, 0xC0, 0x03, 0x80, 0x03, 0x80, 0xE7, 0xE7, 0xFF, 0xBF, 0xFF, 0xF9, 0xFF, 0x8F, 0xF8,
    0x3F, 0xC1, 0xFE, 0x0F, 0xF0, 0x7F, 0x83, 0xFC, 0x1F, 0xE0, 0xFF, 0x07, 0xF8, 0x3C, 0x00, 0x00,
    0x00, 0x07, 0x80, 0x78, 0x03, 0xC0, 0x1C, 0x00, 0x1C, 0x38, 0x1F, 0x78, 0x0F, 0xF0, 0x07, 0xE0,
    0x03, 0xE0, 0x00, 0x00, 0xFC, 0x0F, 0xFC, 0x0F, 0xFE, 0x0F, 0xFE, 0x0F, 0xFF, 0x0F, 0xFF, 0x0F,
    0xF7, 0x8F, 0xF7, 0x8F, 0xF3, 0xCF, 0xF3, 0xEF, 0xF1, 0xEF, 0xF1, 0xFF, 0xF0, 0xFF, 0xF0, 0xFF,
    0xF0, 0x7F, 0xF0, 0x7F, 0xF0, 0x3F, 0xF0, 0x3F, 0x78, 0xF1, 0xFF, 0x07, 0xF0, 0x1F, 0x80, 0x00,
    0x73, 0xF3, 0xFF, 0xDF, 0xFF, 0xFC, 0xFF, 0xC7, 0xFC, 0x1F, 0xE0, 0xFF, 0x07, 0xF8, 0x3F, 0xC1,
    0xFE, 0x0F, 0xF0, 0x7F, 0x83, 0xFC, 0x1E, 0x3C, 0x00, 0x07, 0x80, 0x01, 0xE0, 0x00, 0x3C, 0x00,
    0x07, 0xB9, 0xF8, 0xE7, 0xFF, 0x80, 0xFF, 0xF8, 0x1F, 0x9F, 0x03, 0xE3, 0xE0, 0x78, 0x3C, 0x0F,
    0x07, 0x81, 0xE0, 0xF0, 0x3C, 0x1E, 0x07, 0x83, 0xC0, 0xF0, 0x78, 0x1E, 0x0F, 0x03, 0xC1, 0xE0,
    0x78, 0x3C, 0xFC, 0x0F, 0xFE, 0x0F, 0xFE, 0x0F, 0xFF, 0x0F, 0xFF, 0x0F, 0xFF, 0x8F, 0xF7, 0xCF,
    0xF7, 0xCF, 0xF3, 0xEF, 0xF1, 0xFF, 0xF1, 0xFF, 0xF0, 0xFF, 0xF0, 0xFF, 0xF0, 0x7F, 0xF0, 0x3F,
    0xF0, 0x3F, 0xF0, 0x1F, 0xF0, 0x1F, 0x00, 0x0F, 0x00, 0x1F, 0x01, 0xFF, 0x01, 0xFE, 0x00, 0xFC,
    0xE7, 0xE7, 0xFF, 0xBF, 0xFF, 0xF9, 0xFF, 0x8F, 0xF8, 0x3F, 0xC1, 0xFE, 0x0F, 0xF0, 0x7F, 0x83,
    0xFC, 0x1F, 0xE0, 0xFF, 0x07, 0xF8, 0x3C, 0x01, 0xE0, 0x0F, 0x00, 0xF8, 0x1F, 0xC0, 0xFC, 0x07,
    0xC0, 0x07, 0xF8, 0x03, 0xFC, 0x01, 0xFE, 0x00, 0x00, 0x00, 0xFF, 0x80, 0xFF, 0xE0, 0xFF, 0xF8,
    0xFC, 0x7E, 0xF8, 0x1F, 0x7C, 0x07, 0xFC, 0x03, 0xFE, 0x00, 0xFF, 0x00, 0x7F, 0x80, 0x3F, 0xC0,
    0x1F, 0xE0, 0x1F, 0xF8, 0x0F, 0xFC, 0x0F, 0x9F, 0x8F, 0xC7, 0xFF, 0xC1, 0xFF, 0xC0, 0x7F, 0xC0,
    0x1F, 0xE0, 0xFF, 0x07, 0xF8, 0x00, 0x01, 0xFC, 0x1F, 0xF1, 0xFF, 0xDF, 0x1F, 0xF8, 0xFF, 0x83,
    0xFC, 0x1F, 0xE0, 0xFF, 0x07, 0xFC, 0x7F, 0xE3, 0xEF, 0xFE, 0x3F, 0xE0, 0xFE, 0x00, 0x0E, 0x3C,
    0x07, 0xFE, 0x03, 0xFE, 0x00, 0x7E, 0x00, 0x00, 0x00, 0x00, 0x00, 0x3F, 0xE0, 0x3F, 0xF8, 0x3F,
    0xFE, 0x3F, 0x1F, 0xBE, 0x07, 0xDF, 0x01, 0xFF, 0x00, 0xFF, 0x80, 0x3F, 0xC0, 0x1F, 0xE0, 0x0F,
    0xF0, 0x07, 0xF8, 0x07, 0xFE, 0x03, 0xFF, 0x03, 0xE7, 0xE3, 0xF1, 0xFF, 0xF0, 0x7F, 0xF0, 0x1F,
    0xF0, 0x38, 0xF1, 0xFF, 0x87, 0xF8, 0x1F, 0x80, 0x00, 0x0F, 0xE0, 0xFF, 0x8F, 0xFE, 0xF8, 0xFF,
    0xC7, 0xFC, 0x1F, 0xE0, 0xFF, 0x07, 0xF8, 0x3F, 0xE3, 0xFF, 0x1F, 0x7F, 0xF1, 0xFF, 0x07, 0xF0,
    0x0F, 0xFC, 0x07, 0xBC, 0x07, 0xBC, 0x07, 0xBC, 0x00, 0x00, 0x00, 0x00, 0x00, 0x3F, 0xE0, 0x3F,
    0xF8, 0x3F, 0xFE, 0x3F, 0x1F, 0xBE, 0x07, 0xDF, 0x01, 0xFF, 0x00, 0xFF, 0x80, 0x3F, 0xC0, 0x1F,
    0xE0, 0x0F, 0xF0, 0x07, 0xF8, 0x07, 0xFE, 0x03, 0xFF, 0x03, 0xE7, 0xE3, 0xF1, 0xFF, 0xF0, 0x7F,
    0xF0, 0x1F, 0xF0, 0x1F, 0xF1, 0xEF, 0x1E, 0xF0, 0xE7, 0x00, 0x00, 0x0F, 0xE0, 0xFF, 0x8F, 0xFE,
    0xF8, 0xFF, 0xC7, 0xFC, 0x1F, 0xE0, 0xFF, 0x07, 0xF8, 0x3F, 0xE3, 0xFF, 0x1F, 0x7F, 0xF1, 0xFF,
    0x07, 0xF0, 0x0F, 0xFF, 0xFC, 0xFF, 0xFF, 0xF3, 0xFF, 0xFF, 0xDF, 0x87, 0x80, 0xF8, 0x1E, 0x03,
    0xE0, 0x78, 0x0F, 0x01, 0xE0, 0x3C, 0x07, 0xFE, 0xF0, 0x1F, 0xFB, 0xC0, 0x7F, 0xEF, 0x01, 0xE0,
    0x3C, 0x07, 0x80, 0xF8, 0x1E, 0x03, 0xE0, 0x78, 0x07, 0xE1, 0xE0, 0x0F, 0xFF, 0xFF, 0x3F, 0xFF,
    0xFC, 0x3F, 0xFF, 0xF0, 0x1F, 0xCF, 0xE0, 0xFF, 0xFF, 0xE7, 0xFF, 0xFF, 0xBE, 0x3F, 0x1F, 0xF8,
    0xFC, 0x3F, 0xC1, 0xFF, 0xFF, 0x07, 0xFF, 0xFC, 0x1F, 0xFF, 0xF0, 0x78, 0x03, 0xE3, 0xF0, 0x0F,
    0x8F, 0xE1, 0x9F, 0xFF, 0xFF, 0x3F, 0xFF, 0xFC, 0x7F, 0x1F, 0xE0, 0x03, 0xF0, 0x07, 0xC0, 0x1F,
    0x00, 0x78, 0x00, 0xE0, 0x00, 0x00, 0x3F, 0xF0, 0x7F, 0xF8, 0xFF, 0xF9, 0xE3, 0xF3, 0xC3, 0xE7,
    0x83, 0xCF, 0x0F, 0x9E, 0x3F, 0x3F, 0xFC, 0x7F, 0xF0, 0xFF, 0xC1, 0xE7, 0xC3, 0xC7, 0xC7, 0x8F,
    0x8F, 0x0F, 0x9E, 0x1F, 0xBC, 0x1F, 0x78, 0x1F, 0x0F, 0xC3, 0xE1, 0xE0, 0xF0, 0x00, 0x39, 0xEF,
    0xFB, 0xFE, 0xFF, 0xBF, 0x0F, 0x83, 0xC0, 0xF0, 0x3C, 0x0F, 0x03, 0xC0, 0xF0, 0x3C, 0x0F, 0x00,
    0xFF, 0xC1, 0xFF, 0xE3, 0xFF, 0xC7, 0x8F, 0xCF, 0x0F, 0x9E, 0x0F, 0x3C, 0x1E, 0x78, 0x7C, 0xF1,
    0xF9, 0xFF, 0xE3, 0xFF, 0x87, 0xFF, 0x0F, 0x3E, 0x1E, 0x3E, 0x3C, 0x3E, 0x78, 0x7C, 0xF0, 0x7D,
    0xE0, 0x7C, 0x00, 0x00, 0x00, 0x00, 0x78, 0x00, 0xF0, 0x03, 0xC0, 0x07, 0x80, 0x73, 0xCF, 0xF9,
    0xFF, 0x3F, 0xE7, 0xE0, 0xF8, 0x1E, 0x03, 0xC0, 0x78, 0x0F, 0x01, 0xE0, 0x3C, 0x07, 0x80, 0xF0,
    0x00, 0x00, 0x00, 0x78, 0x0F, 0x01, 0xC0, 0x78, 0x00, 0x78, 0xF0, 0x7B, 0xE0, 0xFF, 0x80, 0xFE,
    0x00, 0xF8, 0x00, 0x00, 0x3F, 0xF0, 0x7F, 0xF8, 0xFF, 0xF9, 0xE3, 0xF3, 0xC3, 0xE7, 0x83, 0xCF,
    0x0F, 0x9E, 0x3F, 0x3F, 0xFC, 0x7F, 0xF0, 0xFF, 0xC1, 0xE7, 0xC3, 0xC7, 0xC7, 0x8F, 0x8F, 0x0F,
    0x9E, 0x1F, 0xBC, 0x1F, 0x78, 0x1F, 0xF1, 0xEF, 0xF8, 0xFE, 0x0F, 0xC0, 0x00, 0xE7, 0x9F, 0xF3,
    0xFE, 0x7F, 0xCF, 0xC1, 0xF0, 0x3C, 0x07, 0x80, 0xF0, 0x1E, 0x03, 0xC0, 0x78, 0x0F, 0x01, 0xE0,
    0x00, 0x07, 0xE0, 0x7C, 0x0F, 0x81, 0xF0, 0x1C, 0x00, 0x00, 0x3F, 0xE7, 0xFF, 0xFF, 0xFF, 0x8E,
    0xF0, 0x0F, 0x80, 0xFC, 0x0F, 0xF0, 0x7F, 0xC3, 0xFE, 0x0F, 0xF0, 0x3F, 0x01, 0xF8, 0x0F, 0xF1,
    0xFF, 0xFE, 0xFF, 0xEF, 0xF8, 0x07, 0xE1, 0xF8, 0x3C, 0x0F, 0x00, 0x00, 0x7F, 0xBF, 0xFF, 0xFE,
    0xF1, 0xDF, 0x03, 0xF8, 0x3F, 0xC3, 0xFC, 0x1F, 0xC0, 0xFF, 0x1F, 0xFF, 0xFF, 0xFB, 0xFE, 0x00,
    0x1F, 0x83, 0xF8, 0x3F, 0xC7, 0x9E, 0x70, 0xE0, 0x00, 0x3F, 0xE7, 0xFF, 0xFF, 0xFF, 0x8E, 0xF0,
    0x0F, 0x80, 0xFC, 0x0F, 0xF0, 0x7F, 0xC3, 0xFE, 0x0F, 0xF0, 0x3F, 0x01, 0xF8, 0x0F, 0xF1, 0xFF,
    0xFE, 0xFF, 0xEF, 0xF8, 0x1F, 0x81, 0xFC, 0x3F, 0xE7, 0x8F, 0x00, 0x01, 0xFE, 0x7F, 0xF7, 0xFE,
    0x78, 0xE7, 0xC0, 0x7F, 0x03, 0xFC, 0x1F, 0xE0, 0x7F, 0x01, 0xF7, 0x1F, 0x7F, 0xF7, 0xFE, 0x7F,
    0xC0, 0x3F, 0xE7, 0xFF, 0xFF, 0xEF, 0x8E, 0xF0, 0x0F, 0x80, 0xFC, 0x0F, 0xF0, 0x7F, 0xC3, 0xFE,
    0x0F, 0xF0, 0x3F, 0x01, 0xF8, 0x0F, 0xF1, 0xFF, 0xFE, 0xFF, 0xEF, 0xF8, 0x0C, 0x01, 0xF0, 0x07,
    0x00, 0xF0, 0x3F, 0x03, 0xE0, 0x3F, 0xDF, 0xFF, 0xFF, 0x78, 0xEF, 0x81, 0xFC, 0x1F, 0xE1, 0xFE,
    0x0F, 0xE0, 0x7F, 0x8F, 0xFF, 0xFF, 0xFD, 0xFF, 0x07, 0x00, 0xF8, 0x0F, 0x05, 0xE0, 0xFC, 0x1F,
    0x00, 0x78, 0xF7, 0xDE, 0x3F, 0xC1, 0xF8, 0x1F, 0x80, 0x00, 0x3F, 0xE7, 0xFF, 0xFF, 0xFF, 0x8E,
    0xF0, 0x0F, 0x80, 0xFC, 0x0F, 0xF0, 0x7F, 0xC3, 0xFE, 0x0F, 0xF0, 0x3F, 0x01, 0xF8, 0x0F, 0xF1,
    0xFF, 0xFE, 0xFF, 0xEF, 0xF8, 0x78, 0xF1, 0xFF, 0x07, 0xF0, 0x1F, 0x00, 0x00, 0x0F, 0xF1, 0xFF,
    0xCF, 0xFC, 0x78, 0xE3, 0xE0, 0x1F, 0xC0, 0x7F, 0x81, 0xFE, 0x03, 0xF8, 0x07, 0xCE, 0x3E, 0x7F,
    0xF3, 0xFF, 0x1F, 0xF0, 0xFF, 0xFF, 0xFF, 0xFF, 0xFE, 0x0F, 0x00, 0x78, 0x03, 0xC0, 0x1E, 0x00,
    0xF0, 0x07, 0x80, 0x3C, 0x01, 0xE0, 0x0F, 0x00, 0x78, 0x03, 0xC0, 0x1E, 0x00, 0xF0, 0x07, 0x80,
    0x3C, 0x01, 0xC0, 0x0F, 0x00, 0x3C, 0x05, 0xE0, 0x3F, 0x01, 0xF0, 0x1C, 0x07, 0x03, 0xC1, 0xFF,
    0xFF, 0xFF, 0xF3, 0xC0, 0xF0, 0x3C, 0x0F, 0x03, 0xC0, 0xF0, 0x3C, 0x0F, 0x93, 0xFC, 0xFF, 0x1F,
    0xC1, 0xC0, 0x7C, 0x0F, 0x0B, 0xC3, 0xF0, 0xF8, 0x38, 0x71, 0xE7, 0x87, 0xF8, 0x1F, 0x80, 0x7C,
    0x00, 0x03, 0xFF, 0xFF, 0xFF, 0xFF, 0xF8, 0x3C, 0x01, 0xE0, 0x0F, 0x00, 0x78, 0x03, 0xC0, 0x1E,
    0x00, 0xF0, 0x07, 0x80, 0x3C, 0x01, 0xE0, 0x0F, 0x00, 0x78, 0x03, 0xC0, 0x1E, 0x00, 0xF0, 0x00,
    0x78, 0x01, 0xE1, 0xC7, 0x07, 0x1C, 0x3C, 0x01, 0xFE, 0x0F, 0xF8, 0x3F, 0xE0, 0x3C, 0x00, 0xF0,
    0x03, 0xC0, 0x0F, 0x00, 0x3C, 0x00, 0xF0, 0x03, 0xC0, 0x0F, 0xA0, 0x3F, 0x80, 0xFE, 0x01, 0xF8,
    0x00, 0xFF, 0xFF, 0xFF, 0xFF, 0xFE, 0x0F, 0x00, 0x78, 0x03, 0xC0, 0x1E, 0x00, 0xF0, 0x3F, 0xF1,
    0xFF, 0x8F, 0xFC, 0x0F, 0x00, 0x78, 0x03, 0xC0, 0x1E, 0x00, 0xF0, 0x07, 0x80, 0x3C, 0x00, 0x38,
    0x1C, 0x1E, 0x1F, 0xFF, 0xFF, 0xFD, 0xE0, 0xF0, 0xFF, 0xFF, 0xFF, 0xEF, 0x07, 0x83, 0xE5, 0xFE,
    0x7F, 0x3F, 0x80, 0x1E, 0x30, 0x7E, 0xE0, 0xFF, 0xC3, 0xFF, 0x07, 0x1C, 0x00, 0x00, 0x3C, 0x07,
    0xF8, 0x0F, 0xF0, 0x1F, 0xE0, 0x3F, 0xC0, 0x7F, 0x80, 0xFF, 0x01, 0xFE, 0x03, 0xFC, 0x07, 0xF8,
    0x0F, 0xF0, 0x1F, 0xE0, 0x3F, 0xC0, 0xFF, 0xC1, 0xFF, 0xC7, 0xEF, 0xFF, 0x8F, 0xFE, 0x0F, 0xF8,
    0x1F, 0x71, 0xFF, 0x9F, 0xF8, 0xE7, 0xC0, 0x00, 0x78, 0x3F, 0xC1, 0xFE, 0x0F, 0xF0, 0x7F, 0x83,
    0xFC, 0x1F, 0xE0, 0xFF, 0x07, 0xF8, 0x7F, 0xC3, 0xFF, 0x3F, 0xFF, 0xFB, 0xFF, 0xCF, 0xDE, 0x1F,
    0xE0, 0x3F, 0xC0, 0x7F, 0x80, 0x00, 0x0F, 0x01, 0xFE, 0x03, 0xFC, 0x07, 0xF8, 0x0F, 0xF0, 0x1F,
    0xE0, 0x3F, 0xC0, 0x7F, 0x80, 0xFF, 0x01, 0xFE, 0x03, 0xFC, 0x07, 0xF8, 0x0F, 0xF0, 0x3F, 0xF0,
    0x7F, 0xF1, 0xFB, 0xFF, 0xE3, 0xFF, 0x83, 0xFE, 0x00, 0x3F, 0xC1, 0xFE, 0x0F, 0xF0, 0x00, 0x0F,
    0x07, 0xF8, 0x3F, 0xC1, 0xFE, 0x0F, 0xF0, 0x7F, 0x83, 0xFC, 0x1F, 0xE0, 0xFF, 0x0F, 0xF8, 0x7F,
    0xE7, 0xFF, 0xFF, 0x7F, 0xF9, 0xFB, 0xC0, 0x1C, 0x78, 0x3F, 0xF0, 0x7F, 0xC0, 0x3F, 0x00, 0x00,
    0x00, 0x00, 0x3C, 0x07, 0xF8, 0x0F, 0xF0, 0x1F, 0xE0, 0x3F, 0xC0, 0x7F, 0x80, 0xFF, 0x01, 0xFE,
    0x03, 0xFC, 0x07, 0xF8, 0x0F, 0xF0, 0x1F, 0xE0, 0x3F, 0xC0, 0xFF, 0xC1, 0xFF, 0xC7, 0xEF, 0xFF,
    0x8F, 0xFE, 0x0F, 0xF8, 0x38, 0xF1, 0xFF, 0x87, 0xF8, 0x1F, 0x80, 0x00, 0x78, 0x3F, 0xC1, 0xFE,
    0x0F, 0xF0, 0x7F, 0x83, 0xFC, 0x1F, 0xE0, 0xFF, 0x07, 0xF8, 0x7F, 0xC3, 0xFF, 0x3F, 0xFF, 0xFB,
    0xFF, 0xCF, 0xCE, 0x07, 0x80, 0x1F, 0x80, 0x3F, 0x00, 0x66, 0x00, 0xFC, 0x00, 0xF0, 0x00, 0x00,
    0x00, 0x00, 0xF0, 0x1F, 0xE0, 0x3F, 0xC0, 0x7F, 0x80, 0xFF, 0x01, 0xFE, 0x03, 0xFC, 0x07, 0xF8,
    0x0F, 0xF0, 0x1F, 0xE0, 0x3F, 0xC0, 0x7F, 0x80, 0xFF, 0x03, 0xFF, 0x07, 0xFF, 0x1F, 0xBF, 0xFE,
    0x3F, 0xF8, 0x3F, 0xE0, 0x0F, 0x00, 0xFC, 0x06, 0x60, 0x3F, 0x01, 0xF8, 0x07, 0x80, 0x00, 0x1E,
    0x0F, 0xF0, 0x7F, 0x83, 0xFC, 0x1F, 0xE0, 0xFF, 0x07, 0xF8, 0x3F, 0xC1, 0xFE, 0x1F, 0xF0, 0xFF,
    0xCF, 0xFF, 0xFE, 0xFF, 0xF3, 0xF7, 0x80, 0x1F, 0xF8, 0x3D, 0xE0, 0xF7, 0x83, 0xDE, 0x00, 0x00,
    0x00, 0x00, 0x3C, 0x07, 0xF8, 0x0F, 0xF0, 0x1F, 0xE0, 0x3F, 0xC0, 0x7F, 0x80, 0xFF, 0x01, 0xFE,
    0x03, 0xFC, 0x07, 0xF8, 0x0F, 0xF0, 0x1F, 0xE0, 0x3F, 0xC0, 0xFF, 0xC1, 0xFF, 0xC7, 0xEF, 0xFF,
    0x8F, 0xFE, 0x0F, 0xF8, 0x3F, 0xF1, 0xEF, 0x1E, 0xF1, 0xEF, 0x00, 0x00, 0x78, 0x3F, 0xC1, 0xFE,
    0x0F, 0xF0, 0x7F, 0x83, 0xFC, 0x1F, 0xE0, 0xFF, 0x07, 0xF8, 0x7F, 0xC3, 0xFF, 0x3F, 0xFF, 0xFB,
    0xFF, 0xCF, 0xDE, 0xF0, 0x1F, 0xE0, 0x3F, 0xC0, 0x7F, 0x80, 0xFF, 0x01, 0xFE, 0x03, 0xFC, 0x07,
    0xF8, 0x0F, 0xF0, 0x1F, 0xE0, 0x3F, 0xC0, 0x7F, 0x80, 0xFF, 0x03, 0xFF, 0x07, 0xFF, 0x1F, 0xBF,
    0xFE, 0x3F, 0xF8, 0x3F, 0xE0, 0x03, 0x80, 0x0F, 0x00, 0x1C, 0x00, 0x3F, 0x00, 0x7E, 0x00, 0x7C,
    0xF0, 0x7F, 0x83, 0xFC, 0x1F, 0xE0, 0xFF, 0x07, 0xF8, 0x3F, 0xC1, 0xFE, 0x0F, 0xF0, 0x7F, 0x87,
    0xFE, 0x7F, 0xFF, 0xF7, 0xFF, 0x9F, 0x9C, 0x01, 0xC0, 0x1C, 0x00, 0xE0, 0x07, 0xC0, 0x3E, 0x00,
    0xF0, 0x00, 0x3C, 0x00, 0x00, 0x3F, 0x00, 0x00, 0x3F, 0xC0, 0x00, 0x3C, 0xF0, 0x00, 0x1C, 0x38,
    0x00, 0x00, 0x00, 0x03, 0xC0, 0xF0, 0x3D, 0xE0, 0x7C, 0x1E, 0xF8, 0x7E, 0x1F, 0x3C, 0x3F, 0x0F,
    0x9E, 0x1F, 0x87, 0x8F, 0x0F, 0xE3, 0xC7, 0xCF, 0xF1, 0xE1, 0xE7, 0xF9, 0xF0, 0xF3, 0xDC, 0xF0,
    0x7B, 0xCF, 0x78, 0x3F, 0xE7, 0xBC, 0x0F, 0xF3, 0xFE, 0x07, 0xF8, 0xFE, 0x03, 0xF8, 0x7F, 0x01,
    0xFC, 0x3F, 0x80, 0x7E, 0x1F, 0xC0, 0x3F, 0x07, 0xC0, 0x1F, 0x03, 0xE0, 0x00, 0xFC, 0x00, 0x07,
    0xF0, 0x00, 0x3D, 0xE0, 0x00, 0xE3, 0xC0, 0x00, 0x00, 0x03, 0xC3, 0xE1, 0xEF, 0x8F, 0xC7, 0x9E,
    0x3F, 0x3E, 0x79, 0xFC, 0xF9, 0xF7, 0xF3, 0xC7, 0xDD, 0xCF, 0x0F, 0x77, 0xFC, 0x3D, 0xDF, 0xE0,
    0xFF, 0x3F, 0x81, 0xFC, 0xFE, 0x07, 0xE3, 0xF8, 0x1F, 0x8F, 0xC0, 0x7E, 0x1F, 0x00, 0xF8, 0x7C,
    0x00, 0x07, 0xE0, 0x07, 0xE0, 0x0F, 0xF0, 0x1E, 0x78, 0x1C, 0x38, 0x00, 0x00, 0xF8, 0x1F, 0xF8,
    0x3E, 0x7C, 0x3E, 0x3C, 0x7C, 0x3E, 0x7C, 0x1E, 0x78, 0x1F, 0xF8, 0x0F, 0xF0, 0x0F, 0xF0, 0x07,
    0xE0, 0x07, 0xE0, 0x03, 0xC0, 0x03, 0xC0, 0x03, 0xC0, 0x03, 0xC0, 0x03, 0xC0, 0x03, 0xC0, 0x03,
    0xC0, 0x07, 0xC0, 0x1F, 0xC0, 0x7B, 0xC1, 0xE3, 0xC0, 0x00, 0x1F, 0x07, 0xFE, 0x0F, 0x3C, 0x3E,
    0x7C, 0x78, 0xF8, 0xF0, 0xF3, 0xE1, 0xF7, 0x81, 0xEF, 0x03, 0xFE, 0x07, 0xF8, 0x07, 0xF0, 0x0F,
    0xE0, 0x0F, 0x80, 0x1F, 0x00, 0x3C, 0x00, 0xF8, 0x01, 0xF0, 0x1F, 0xC0, 0x3F, 0x00, 0x7C, 0x00,
    0x0F, 0x78, 0x07, 0xBC, 0x03, 0xDE, 0x00, 0x00, 0x00, 0x00, 0x07, 0xC0, 0xFD, 0xF0, 0x7C, 0xF8,
    0x7C, 0x3E, 0x3E, 0x1F, 0x3E, 0x07, 0xDF, 0x03, 0xFF, 0x00, 0xFF, 0x00, 0x7F, 0x80, 0x1F, 0x80,
    0x0F, 0xC0, 0x03, 0xC0, 0x01, 0xE0, 0x00, 0xF0, 0x00, 0x78, 0x00, 0x3C, 0x00, 0x1E, 0x00, 0x0F,
    0x00, 0x01, 0xE0, 0x1F, 0x01, 0xF0, 0x1F, 0x00, 0xE0, 0x00, 0x03, 0xFF, 0xFF, 0xFF, 0xFF, 0xF8,
    0x07, 0xC0, 0x7C, 0x07, 0xC0, 0x3E, 0x03, 0xE0, 0x3E, 0x01, 0xF0, 0x1F, 0x01, 0xF0, 0x0F, 0x80,
    0xF8, 0x0F, 0x80, 0x7F, 0xFF, 0xFF, 0xFF, 0xFF, 0x07, 0xC3, 0xE1, 0xF0, 0x70, 0x00, 0x3F, 0xFF,
    0xFF, 0xFF, 0x07, 0xC3, 0xE0, 0xF0, 0x7C, 0x3E, 0x0F, 0x07, 0xC3, 0xE0, 0xFF, 0xFF, 0xFF, 0xFC,
    0x07, 0x80, 0x3C, 0x01, 0xE0, 0x0F, 0x00, 0x00, 0x00, 0x03, 0xFF, 0xFF, 0xFF, 0xFF, 0xF8, 0x07,
    0xC0, 0x7C, 0x07, 0xC0, 0x3E, 0x03, 0xE0, 0x3E, 0x01, 0xF0, 0x1F, 0x01, 0xF0, 0x0F, 0x80, 0xF8,
    0x0F, 0xC0, 0x7F, 0xFF, 0xFF, 0xFF, 0xFF, 0x1E, 0x07, 0x81, 0xE0, 0x78, 0x00, 0x3F, 0xFF, 0xFF,
    0xFF, 0x07, 0xC3, 0xE0, 0xF0, 0x7C, 0x3E, 0x0F, 0x07, 0xC3, 0xE0, 0xFF, 0xFF, 0xFF, 0xFC, 0x78,
    0x71, 0xE7, 0x87, 0xF8, 0x1F, 0x80, 0xF8, 0x00, 0x03, 0xFF, 0xFF, 0xFF, 0xFF, 0xF8, 0x07, 0xC0,
    0x7C, 0x07, 0xC0, 0x3E, 0x03, 0xE0, 0x3E, 0x01, 0xF0, 0x1F, 0x01, 0xF0, 0x0F, 0x80, 0xF8, 0x0F,
    0x80, 0x7F, 0xFF, 0xFF, 0xFF, 0xFF, 0xF3, 0xEF, 0xF8, 0xFE, 0x0F, 0x80, 0x01, 0xFF, 0xBF, 0xF7,
    0xFE, 0x07, 0xC1, 0xF0, 0x3C, 0x0F, 0x83, 0xE0, 0x78, 0x1F, 0x07, 0xC0, 0xFF, 0xDF, 0xFB, 0xFF,
    0x00, 0x7F, 0xFF, 0xBF, 0xDF, 0x0F, 0x07, 0x83, 0xC1, 0xE0, 0xF0, 0x78, 0x3C, 0x1E, 0x0F, 0x07,
    0x83, 0xC1, 0xE0, 0xF0, 0x78, 0x3C, 0x00, 0x00, 0x00, 0xF0, 0xFF, 0x8F, 0x1F, 0xFF, 0xF3, 0xFF,
    0xFE, 0x7E, 0x3F, 0xCF, 0x80, 0xF8, 0xF8, 0x0F, 0x8F, 0x00, 0x78, 0xF0, 0x07, 0x8F, 0x00, 0x78,
    0xF0, 0x07, 0x8F, 0x00, 0x78, 0xF0, 0x07, 0x8F, 0x80, 0xF8, 0xF8, 0x0F, 0x87, 0xE3, 0xF0, 0x3F,
    0xFE, 0x01, 0xFF, 0xC0, 0x0F, 0xF8, 0x00, 0x00, 0x0F, 0x80, 0x07, 0xC7, 0xF3, 0xC7, 0xFF, 0xE7,
    0xFF, 0xE7, 0xC7, 0xC3, 0xE3, 0xE1, 0xE0, 0xF0, 0xF0, 0x78, 0x78, 0x3C, 0x3C, 0x1E, 0x1F, 0x1F,
    0x0F, 0x8F, 0x83, 0xFF, 0x80, 0xFF, 0x80, 0x3F, 0x80, 0x00, 0x00, 0xFF, 0x80, 0xF7, 0xBC, 0x07,
    0xFD, 0xE0, 0x3F, 0xCF, 0x01, 0xFE, 0x78, 0x0F, 0xC3, 0xC0, 0x78, 0x1E, 0x03, 0xC0, 0xF0, 0x1E,
    0x07, 0x80, 0xF0, 0x3C, 0x07, 0x81, 0xE0, 0x3C, 0x0F, 0x01, 0xE0, 0x78, 0x0F, 0x03, 0xE0, 0xF8,
    0x1F, 0x8F, 0xC0, 0x7F, 0xFC, 0x01, 0xFF, 0xC0, 0x07, 0xFC, 0x00, 0x00, 0x03, 0xC0, 0x00, 0xFF,
    0x07, 0xFF, 0xC1, 0xFE, 0xF0, 0x7F, 0xBC, 0x1F, 0x8F, 0x07, 0x83, 0xC1, 0xE0, 0xF0, 0x78, 0x3C,
    0x1E, 0x0F, 0x0F, 0x83, 0xC3, 0xE0, 0xF9, 0xF8, 0x3F, 0xFE, 0x07, 0xFF, 0x80, 0xFD, 0xE0, 0x00,
    0x00, 0x3C, 0x38, 0x00, 0x00, 0x79, 0xE0, 0x00, 0x00, 0xFF, 0x00, 0x00, 0x03, 0xF8, 0x00, 0x00,
    0x07, 0xC0, 0x00, 0x00, 0x00, 0x0F, 0xFC, 0x07, 0xFF, 0xFF, 0xFC, 0x1F, 0xFF, 0xFF, 0xF8, 0x7F,
    0xFF, 0xC3, 0xF0, 0x01, 0xFF, 0x07, 0xC0, 0x0F, 0xBC, 0x0F, 0x80, 0x7C, 0xF0, 0x3E, 0x01, 0xF3,
    0xC0, 0x78, 0x0F, 0x8F, 0x01, 0xE0, 0x7C, 0x3C, 0x07, 0x81, 0xF0, 0xF0, 0x1E, 0x0F, 0x83, 0xC0,
    0xF8, 0x7C, 0x0F, 0x03, 0xE1, 0xF0, 0x3C, 0x1F, 0x0F, 0x80, 0xF1, 0xFC, 0x7C, 0x03, 0xFF, 0xE1,
    0xFF, 0xFF, 0xFF, 0x07, 0xFF, 0xFF, 0xF0, 0x1F, 0xFF, 0x00, 0x00, 0x3C, 0xFF, 0xFE, 0x00, 0xFF,
    0xBF, 0xFC, 0x03, 0xF9, 0xFF, 0xF0, 0x0F, 0x8F, 0x0F, 0xC0, 0x00, 0x78, 0x3E, 0x1F, 0xFB, 0xC0,
    0xF8, 0xFF, 0xDE, 0x07, 0xC7, 0xFE, 0xF0, 0x1E, 0x01, 0xF7, 0x80, 0xF0, 0x1F, 0x3C, 0x07, 0x81,
    0xF1, 0xE0, 0x3C, 0x0F, 0x8F, 0x03, 0xE0, 0xF8, 0x78, 0x1F, 0x0F, 0x83, 0xC1, 0xF0, 0xFC, 0x1E,
    0x3F, 0x87, 0xC0, 0xFF, 0xF8, 0x7F, 0xF7, 0xFF, 0x83, 0xFF, 0xBF, 0xF0, 0x1F, 0xFC, 0x00, 0x78,
    0xF1, 0xE0, 0x0F, 0x0F, 0xF8, 0x01, 0xE0, 0xFE, 0x00, 0x3C, 0x0F, 0x80, 0x07, 0x80, 0x00, 0x7E,
    0xF1, 0xFF, 0x9F, 0xFE, 0x3F, 0xF3, 0xFF, 0xC7, 0xFE, 0xFC, 0xF8, 0x07, 0xDF, 0x1F, 0x01, 0xF3,
    0xC1, 0xE0, 0x7C, 0x78, 0x3C, 0x0F, 0x8F, 0x07, 0x83, 0xE1, 0xE0, 0xF0, 0xF8, 0x3E, 0x1E, 0x3F,
    0x07, 0xE7, 0xCF, 0xC0, 0x7F, 0xF9, 0xFF, 0xCF, 0xFF, 0x3F, 0xF8, 0xFD, 0xE7, 0xFF, 0x00, 0xF0,
    0x03, 0xFC, 0x00, 0xFF, 0x00, 0x3F, 0xC0, 0x0F, 0xF0, 0x03, 0xFC, 0x00, 0xFF, 0x00, 0x3F, 0xC0,
    0x0F, 0xF0, 0x03, 0xFC, 0x00, 0xFF, 0x00, 0x3F, 0xC0, 0x0F, 0xF0, 0x03, 0xFC, 0x00, 0xFF, 0x00,
    0x3F, 0xFF, 0x8F, 0xFF, 0xE3, 0xFF, 0xF8, 0xF0, 0x00, 0x3C, 0x00, 0x1F, 0x00, 0x3F, 0xC0, 0x0F,
    0xE0, 0x03, 0xF0, 0x00, 0x03, 0xFC, 0x00, 0xFF, 0x00, 0x3F, 0xC0, 0x0F, 0xF0, 0x00, 0x3C, 0x00,
    0xFF, 0x00, 0x3F, 0xC0, 0x0F, 0xF0, 0x03, 0xFC, 0x00, 0xFF, 0x00, 0x3F, 0xC0, 0x0F, 0xF0, 0x03,
    0xFC, 0x00, 0xFF, 0x00, 0x3F, 0xC0, 0x0F, 0xFF, 0xF3, 0xFF, 0xFC, 0xFF, 0xFF, 0x3C, 0x00, 0x0F,
    0x00, 0x03, 0xC0, 0x01, 0xF0, 0x03, 0xFC, 0x00, 0xFE, 0x00, 0x3F, 0x00, 0xF1, 0xFE, 0x3F, 0xC7,
    0xF8, 0xFF, 0x01, 0xE3, 0xFC, 0x7F, 0x8F, 0xF1, 0xFE, 0x3F, 0xC7, 0xF8, 0xFF, 0x1F, 0xE3, 0xFC,
    0x7F, 0x8F, 0xF1, 0xFE, 0x3F, 0xC7, 0x80, 0xF0, 0x1E, 0x07, 0xC3, 0xF8, 0x7F, 0x0F, 0xC0, 0xFC,
    0x0F, 0x0F, 0xFC, 0x0F, 0x0F, 0xFE, 0x0F, 0x0F, 0xFE, 0x0F, 0x0F, 0xFF, 0x0F, 0x0F, 0xFF, 0x0F,
    0x0F, 0xF7, 0x8F, 0x0F, 0xF7, 0x8F, 0x0F, 0xF3, 0xCF, 0x0F, 0xF3, 0xEF, 0x0F, 0xF1, 0xEF, 0x0F,
    0xF1, 0xFF, 0x0F, 0xF0, 0xFF, 0x0F, 0xF0, 0xFF, 0x0F, 0xF0, 0x7F, 0x0F, 0xF0, 0x7F, 0x0F, 0xF0,
    0x3F, 0x0F, 0xF0, 0x3F, 0x0F, 0x00, 0x00, 0x0F, 0x00, 0x00, 0x1F, 0x00, 0x00, 0xFF, 0x00, 0x00,
    0xFE, 0x00, 0x00, 0xFC, 0x00, 0x00, 0x0F, 0xFC, 0x0F, 0x0F, 0xFC, 0x0F, 0x0F, 0xFE, 0x0F, 0x0F,
    0xFE, 0x0F, 0x00, 0xFF, 0x0F, 0x0F, 0xFF, 0x0F, 0x0F, 0xF7, 0x8F, 0x0F, 0xF7, 0xCF, 0x0F, 0xF3,
    0xCF, 0x0F, 0xF3, 0xEF, 0x0F, 0xF1, 0xEF, 0x0F, 0xF1, 0xFF, 0x0F, 0xF0, 0xFF, 0x0F, 0xF0, 0xFF,
    0x0F, 0xF0, 0x7F, 0x0F, 0xF0, 0x7F, 0x0F, 0xF0, 0x3F, 0x0F, 0xF0, 0x3F, 0x0F, 0x00, 0x00, 0x0F,
    0x00, 0x00, 0x0F, 0x00, 0x00, 0x1F, 0x00, 0x00, 0x7F, 0x00, 0x00, 0x7E, 0x00, 0x00, 0x7C, 0x00,
    0x00, 0xF0, 0x00, 0x0F, 0x00, 0x00, 0xF0, 0x00, 0x0F, 0x00, 0x00, 0x0E, 0x7E, 0x0F, 0xFF, 0xF0,
    0xFF, 0xFF, 0x8F, 0xFC, 0xF8, 0xFF, 0x8F, 0x8F, 0xF0, 0x78, 0xFF, 0x07, 0x8F, 0xF0, 0x78, 0xFF,
    0x07, 0x8F, 0xF0, 0x78, 0xFF, 0x07, 0x8F, 0xF0, 0x78, 0xFF, 0x07, 0x8F, 0xF0, 0x78, 0xF0, 0x00,
    0x0F, 0x00, 0x00, 0xF0, 0x00, 0x1F, 0x00, 0x07, 0xF0, 0x00, 0x7F, 0x00, 0x07, 0xE0, 0x1E, 0x3C,
    0x03, 0xFF, 0x00, 0x7F, 0x80, 0x0F, 0xC0, 0x03, 0xE0, 0x00, 0x00, 0x00, 0x3F, 0x00, 0x1F, 0xC0,
    0x07, 0xF0, 0x01, 0xFE, 0x00, 0xFF, 0x80, 0x3D, 0xE0, 0x0F, 0x7C, 0x07, 0xDF, 0x01, 0xF3, 0xC0,
    0x78, 0xF8, 0x3E, 0x3E, 0x0F, 0xFF, 0x83, 0xFF, 0xF1, 0xFF, 0xFC, 0x7C, 0x0F, 0x3E, 0x03, 0xEF,
    0x80, 0xFB, 0xE0, 0x1F, 0x78, 0xF3, 0xFE, 0x1F, 0xC0, 0xF8, 0x00, 0x03, 0xFC, 0x7F, 0xE3, 0xFF,
    0x31, 0xF0, 0x0F, 0x3F, 0xF7, 0xFF, 0xFF, 0xFF, 0x0F, 0xF0, 0xFF, 0x9F, 0xFF, 0xFF, 0xFF, 0x7E,
    0x70, 0x70, 0xF7, 0x9E, 0x3F, 0xC1, 0xF8, 0x0F, 0x80, 0x00, 0x3F, 0xC3, 0xFC, 0x3F, 0xC0, 0xF0,
    0x0F, 0x00, 0xF0, 0x0F, 0x00, 0xF0, 0x0F, 0x00, 0xF0, 0x0F, 0x00, 0xF0, 0x0F, 0x00, 0xF0, 0x0F,
    0x03, 0xFC, 0x3F, 0xC3, 0xFC, 0x78, 0xF3, 0xFE, 0x1F, 0xC1, 0xF8, 0x00, 0x00, 0xF0, 0x0F, 0x00,
    0xF0, 0x0F, 0x00, 0xF0, 0x0F, 0x00, 0xF0, 0x0F, 0x00, 0xF0, 0x0F, 0x00, 0xF0, 0x0F, 0x00, 0xF0,
    0x0F, 0x00, 0x1E, 0x3C, 0x07, 0xBE, 0x01, 0xFE, 0x00, 0xFE, 0x00, 0x3E, 0x00, 0x00, 0x00, 0x3F,
    0xE0, 0x3F, 0xF8, 0x3F, 0xFE, 0x3F, 0x1F, 0xBE, 0x07, 0xDF, 0x01, 0xFF, 0x00, 0xFF, 0x80, 0x3F,
    0xC0, 0x1F, 0xE0, 0x0F, 0xF0, 0x07, 0xF8, 0x07, 0xFE, 0x03, 0xFF, 0x03, 0xE7, 0xE3, 0xF1, 0xFF,
    0xF0, 0x7F, 0xF0, 0x1F, 0xF0, 0x7C, 0xF1, 0xFF, 0x07, 0xF0, 0x1F, 0x80, 0x00, 0x0F, 0xE0, 0xFF,
    0x8F, 0xFE, 0xF8, 0xFF, 0xC7, 0xFC, 0x1F, 0xE0, 0xFF, 0x07, 0xF8, 0x3F, 0xE3, 0xFF, 0x1F, 0x7F,
    0xF1, 0xFF, 0x07, 0xF0, 0x3C, 0x78, 0x3D, 0xE0, 0x7F, 0xC0, 0x7F, 0x00, 0x7C, 0x00, 0x00, 0x3C,
    0x07, 0xF8, 0x0F, 0xF0, 0x1F, 0xE0, 0x3F, 0xC0, 0x7F, 0x80, 0xFF, 0x01, 0xFE, 0x03, 0xFC, 0x07,
    0xF8, 0x0F, 0xF0, 0x1F, 0xE0, 0x3F, 0xC0, 0xFF, 0xC1, 0xFF, 0xC7, 0xEF, 0xFF, 0x8F, 0xFE, 0x0F,
    0xF8, 0x78, 0xF1, 0xFF, 0x07, 0xF0, 0x1F, 0x80, 0x00, 0x78, 0x3F, 0xC1, 0xFE, 0x0F, 0xF0, 0x7F,
    0x83, 0xFC, 0x1F, 0xE0, 0xFF, 0x07, 0xF8, 0x7F, 0xC3, 0xFF, 0x3F, 0xFF, 0xFB, 0xFF, 0xCF, 0xDE,
    0x1F, 0xF0, 0x3F, 0xE0, 0x7F, 0xC0, 0xF7, 0x81, 0xEF, 0x03, 0xDE, 0x00, 0x00, 0x00, 0x00, 0xF0,
    0x1F, 0xE0, 0x3F, 0xC0, 0x7F, 0x80, 0xFF, 0x01, 0xFE, 0x03, 0xFC, 0x07, 0xF8, 0x0F, 0xF0, 0x1F,
    0xE0, 0x3F, 0xC0, 0x7F, 0x80, 0xFF, 0x03, 0xFF, 0x07, 0xFF, 0x1F, 0xBF, 0xFE, 0x3F, 0xF8, 0x3F,
    0xE0, 0x3F, 0xE1, 0xFF, 0x0F, 0xF8, 0x00, 0x03, 0xDE, 0x1E, 0xF0, 0xF7, 0x80, 0x00, 0xF0, 0x7F,
    0x83, 0xFC, 0x1F, 0xE0, 0xFF, 0x07, 0xF8, 0x3F, 0xC1, 0xFE, 0x0F, 0xF0, 0xFF, 0x87, 0xFE, 0x7F,
    0xFF, 0xF7, 0xFF, 0x9F, 0xBC, 0x01, 0xF0, 0x07, 0xC0, 0x0F, 0x00, 0x3C, 0x01, 0xCE, 0x03, 0x9C,
    0x07, 0x38, 0x00, 0x00, 0x00, 0x01, 0xE0, 0x3F, 0xC0, 0x7F, 0x80, 0xFF, 0x01, 0xFE, 0x03, 0xFC,
    0x07, 0xF8, 0x0F, 0xF0, 0x1F, 0xE0, 0x3F, 0xC0, 0x7F, 0x80, 0xFF, 0x01, 0xFE, 0x07, 0xFE, 0x0F,
    0xFE, 0x3F, 0x7F, 0xFC, 0x7F, 0xF0, 0x7F, 0xC0, 0x03, 0xE0, 0x1E, 0x01, 0xE0, 0x1E, 0x00, 0x00,
    0x1C, 0xE0, 0xE7, 0x07, 0x38, 0x00, 0x07, 0x83, 0xFC, 0x1F, 0xE0, 0xFF, 0x07, 0xF8, 0x3F, 0xC1,
    0xFE, 0x0F, 0xF0, 0x7F, 0x87, 0xFC, 0x3F, 0xF3, 0xFF, 0xFF, 0xBF, 0xFC, 0xFD, 0xE0, 0x38, 0x70,
    0x3D, 0xC0, 0x3F, 0x80, 0x3E, 0x01, 0xCE, 0x03, 0x9C, 0x07, 0x38, 0x00, 0x00, 0x00, 0x01, 0xE0,
    0x3F, 0xC0, 0x7F, 0x80, 0xFF, 0x01, 0xFE, 0x03, 0xFC, 0x07, 0xF8, 0x0F, 0xF0, 0x1F, 0xE0, 0x3F,
    0xC0, 0x7F, 0x80, 0xFF, 0x01, 0xFE, 0x07, 0xFE, 0x0F, 0xFE, 0x3F, 0x7F, 0xFC, 0x7F, 0xF0, 0x7F,
    0xC0, 0x70, 0xE1, 0xEE, 0x07, 0xF0, 0x1F, 0x00, 0x00, 0x1C, 0xE0, 0xE7, 0x07, 0x38, 0x00, 0x07,
    0x83, 0xFC, 0x1F, 0xE0, 0xFF, 0x07, 0xF8, 0x3F, 0xC1, 0xFE, 0x0F, 0xF0, 0x7F, 0x87, 0xFC, 0x3F,
    0xF3, 0xFF, 0xFF, 0xBF, 0xFC, 0xFD, 0xE0, 0x3E, 0x00, 0x3E, 0x00, 0x3C, 0x00, 0x3C, 0x01, 0xCE,
    0x03, 0x9C, 0x07, 0x38, 0x00, 0x00, 0x00, 0x01, 0xE0, 0x3F, 0xC0, 0x7F, 0x80, 0xFF, 0x01, 0xFE,
    0x03, 0xFC, 0x07, 0xF8, 0x0F, 0xF0, 0x1F, 0xE0, 0x3F, 0xC0, 0x7F, 0x80, 0xFF, 0x01, 0xFE, 0x07,
    0xFE, 0x0F, 0xFE, 0x3F, 0x7F, 0xFC, 0x7F, 0xF0, 0x7F, 0xC0, 0x7C, 0x01, 0xF0, 0x07, 0x80, 0x1E,
    0x00, 0x00, 0x1C, 0xE0, 0xE7, 0x07, 0x38, 0x00, 0x07, 0x83, 0xFC, 0x1F, 0xE0, 0xFF, 0x07, 0xF8,
    0x3F, 0xC1, 0xFE, 0x0F, 0xF0, 0x7F, 0x87, 0xFC, 0x3F, 0xF3, 0xFF, 0xFF, 0xBF, 0xFC, 0xFD, 0xE0,
    0x7F, 0xC7, 0xFF, 0x3F, 0xFD, 0xC3, 0xF0, 0x0F, 0x80, 0x3F, 0xFF, 0xFF, 0xFF, 0xFF, 0xFF, 0x87,
    0xFE, 0x7E, 0xFF, 0xE7, 0xFE, 0x0F, 0xE0, 0x07, 0xFC, 0x00, 0xFF, 0x80, 0x1F, 0xF0, 0x00, 0x00,
    0x00, 0x73, 0xC0, 0x0E, 0x78, 0x01, 0xCF, 0x00, 0x00, 0x00, 0x03, 0xF0, 0x00, 0x7F, 0x00, 0x1F,
    0xE0, 0x03, 0xFC, 0x00, 0x7F, 0xC0, 0x1F, 0xF8, 0x03, 0xEF, 0x00, 0x79, 0xF0, 0x1F, 0x3E, 0x03,
    0xE3, 0xE0, 0x78, 0x7C, 0x1F, 0xFF, 0x83, 0xFF, 0xF8, 0x7F, 0xFF, 0x1F, 0x01, 0xE3, 0xE0, 0x3E,
    0x78, 0x07, 0xDF, 0x00, 0x7C, 0x3F, 0xE3, 0xFE, 0x3F, 0xE0, 0x00, 0x3D, 0xE3, 0xDE, 0x3D, 0xE0,
    0x00, 0x3F, 0xC7, 0xFE, 0x7F, 0xF3, 0x1F, 0x00, 0xF3, 0xFF, 0x7F, 0xFF, 0xFF, 0xF0, 0xFF, 0x0F,
    0xF9, 0xFF, 0xFF, 0xFF, 0xF7, 0xE7, 0x07, 0xF8, 0x01, 0xFE, 0x00, 0x7F, 0x80, 0x00, 0x00, 0x01,
    0xE0, 0x00, 0x78, 0x00, 0x1E, 0x00, 0x00, 0x00, 0x03, 0xF0, 0x00, 0xFC, 0x00, 0x7F, 0x80, 0x1F,
    0xE0, 0x07, 0xF8, 0x03, 0xFF, 0x00, 0xFB, 0xC0, 0x3C, 0xF0, 0x1F, 0x3E, 0x07, 0xC7, 0x81, 0xE1,
    0xE0, 0xFF, 0xFC, 0x3F, 0xFF, 0x0F, 0xFF, 0xC7, 0xC0, 0xF9, 0xF0, 0x3E, 0x78, 0x07, 0xBE, 0x01,
    0xF0, 0x1F, 0xE1, 0xFE, 0x1F, 0xE0, 0x00, 0x0F, 0x00, 0xF0, 0x0F, 0x00, 0x00, 0x1F, 0xC3, 0xFE,
    0x3F, 0xF1, 0x9F, 0x00, 0xF3, 0xFF, 0x7F, 0xFF, 0xFF, 0xF0, 0xFF, 0x0F, 0xF9, 0xFF, 0xFF, 0xFF,
    0xF7, 0xE7, 0x00, 0x7F, 0x80, 0x00, 0xFF, 0x00, 0x01, 0xFE, 0x00, 0x00, 0x00, 0x00, 0x0F, 0xFF,
    0xE0, 0x3F, 0xFF, 0xC0, 0x7F, 0xFF, 0x80, 0xF7, 0x80, 0x03, 0xCF, 0x00, 0x07, 0x9E, 0x00, 0x1F,
    0x3C, 0x00, 0x3C, 0x7F, 0xF0, 0xF8, 0xFF, 0xE1, 0xF1, 0xFF, 0xC7, 0xC3, 0xC0, 0x0F, 0xFF, 0x80,
    0x1F, 0xFF, 0x00, 0x7F, 0xFE, 0x00, 0xF0, 0x3C, 0x03, 0xE0, 0x7F, 0xF7, 0x80, 0xFF, 0xFF, 0x01,
    0xFF, 0xC0, 0x01, 0xFE, 0x00, 0x0F, 0xF0, 0x00, 0x7F, 0x80, 0x00, 0x00, 0x03, 0xFD, 0xFC, 0x3F,
    0xFF, 0xF8, 0xFF, 0xFF, 0xC6, 0x3F, 0x9F, 0x00, 0xF8, 0x79, 0xFF, 0xFF, 0xDF, 0xFF, 0xFF, 0xFF,
    0xFF, 0xFF, 0x0F, 0x00, 0x78, 0x7C, 0x03, 0xE7, 0xF0, 0xFF, 0xFF, 0xFF, 0xFF, 0xBF, 0xFB, 0xF8,
    0x7F, 0x80, 0x07, 0xFC, 0x1F, 0xFE, 0x3F, 0xFE, 0x7F, 0x1C, 0x7C, 0x00, 0xF8, 0x00, 0xF8, 0x00,
    0xF1, 0xFE, 0xF1, 0xFE, 0xF1, 0xFE, 0xF0, 0x1E, 0xF8, 0xFF, 0xF8, 0xFF, 0xF8, 0xFF, 0x7E, 0x1E,
    0x3F, 0xFE, 0x1F, 0xFE, 0x0F, 0xFC, 0x3F, 0x79, 0xFF, 0xE7, 0xFF, 0xBE, 0x7E, 0xF8, 0xFB, 0xC1,
    0xEF, 0x07, 0xBC, 0x1E, 0xF8, 0xFB, 0xE3, 0xEF, 0xFF, 0x9F, 0xFE, 0x3F, 0x78, 0x01, 0xE0, 0x7F,
    0xC1, 0xFF, 0x67, 0xFF, 0xFF, 0xCF, 0xFF, 0x1F, 0xF0, 0x1E, 0x3C, 0x1E, 0xF8, 0x1F, 0xE0, 0x3F,
    0x80, 0x3E, 0x00, 0x00, 0x01, 0xFF, 0x0F, 0xFF, 0x3F, 0xFE, 0xFE, 0x39, 0xF0, 0x07, 0xC0, 0x0F,
    0x80, 0x1E, 0x00, 0x3C, 0x7F, 0xF8, 0xFF, 0xF1, 0xFF, 0xF0, 0x3F, 0xE0, 0x7F, 0xC0, 0xF7, 0xE1,
    0xE7, 0xFF, 0xC7, 0xFF, 0x87, 0xFF, 0x78, 0xF1, 0xFF, 0x07, 0xF8, 0x1F, 0x80, 0x00, 0x1F, 0xBD,
    0xFF, 0xEF, 0xFF, 0xF8, 0xFF, 0xC7, 0xFC, 0x1F, 0xE0, 0xFF, 0x07, 0xF8, 0x3F, 0xE3, 0xFF, 0xBF,
    0x7F, 0xFB, 0xFF, 0xCF, 0xDE, 0x00, 0xF0, 0x0F, 0xF0, 0xFF, 0xFF, 0xFF, 0xFE, 0x7F, 0xC0, 0x78,
    0x78, 0x79, 0xE0, 0x7F, 0x80, 0x7E, 0x00, 0xFC, 0x00, 0x00, 0x3C, 0x1F, 0x78, 0x3E, 0xF0, 0xF9,
    0xE3, 0xE3, 0xCF, 0x87, 0xBF, 0x0F, 0x7C, 0x1F, 0xF0, 0x3F, 0xE0, 0x7F, 0xE0, 0xFF, 0xC1, 0xF7,
    0xC3, 0xCF, 0x87, 0x8F, 0x8F, 0x0F, 0x9E, 0x1F, 0x3C, 0x1F, 0x78, 0x3F, 0x70, 0xF0, 0x1E, 0x78,
    0x03, 0xFC, 0x00, 0x7F, 0x00, 0x1F, 0x80, 0x00, 0x00, 0x00, 0xF0, 0x00, 0x3C, 0x00, 0x0F, 0x00,
    0x03, 0xC0, 0x00, 0xF0, 0x00, 0x3C, 0x3E, 0x0F, 0x1F, 0x03, 0xCF, 0xC0, 0xF3, 0xE0, 0x3D, 0xF0,
    0x0F, 0xF8, 0x03, 0xFE, 0x00, 0xFF, 0x80, 0x3F, 0xF0, 0x0F, 0xBE, 0x03, 0xC7, 0xC0, 0xF1, 0xF0,
    0x3C, 0x3E, 0x0F, 0x07, 0xC0, 0x0F, 0xF8, 0x0F, 0xFE, 0x0F, 0xFF, 0x8F, 0xC7, 0xEF, 0x81, 0xF7,
    0xC0, 0x7F, 0xC0, 0x3F, 0xE0, 0x0F, 0xF0, 0x07, 0xF8, 0x03, 0xFC, 0x01, 0xFE, 0x01, 0xFF, 0x80,
    0xFF, 0xC0, 0xF9, 0xF8, 0xFC, 0x7F, 0xFC, 0x1F, 0xFC, 0x07, 0xFC, 0x00, 0x70, 0x00, 0x70, 0x00,
    0x38, 0x00, 0x1F, 0x00, 0x0F, 0x80, 0x03, 0xC0, 0x1F, 0xC1, 0xFF, 0x1F, 0xFD, 0xF1, 0xFF, 0x8F,
    0xF8, 0x3F, 0xC1, 0xFE, 0x0F, 0xF0, 0x7F, 0xC7, 0xFE, 0x3E, 0xFF, 0xE3, 0xFE, 0x0F, 0xE0, 0x1C,
    0x01, 0xC0, 0x0E, 0x00, 0x7C, 0x03, 0xE0, 0x0F, 0x00, 0x07, 0xF8, 0x03, 0xFC, 0x01, 0xFE, 0x00,
    0x00, 0x00, 0xFF, 0x80, 0xFF, 0xE0, 0xFF, 0xF8, 0xFC, 0x7E, 0xF8, 0x1F, 0x7C, 0x07, 0xFC, 0x03,
    0xFE, 0x00, 0xFF, 0x00, 0x7F, 0x80, 0x3F, 0xC0, 0x1F, 0xE0, 0x1F, 0xF8, 0x0F, 0xFC, 0x0F, 0x9F,
    0x8F, 0xC7, 0xFF, 0xC1, 0xFF, 0xC0, 0x7F, 0xC0, 0x07, 0x00, 0x07, 0x00, 0x03, 0x80, 0x01, 0xF0,
    0x00, 0xF8, 0x00, 0x3C, 0x00, 0x1F, 0xE0, 0xFF, 0x07, 0xF8, 0x00, 0x01, 0xFC, 0x1F, 0xF1, 0xFF,
    0xDF, 0x1F, 0xF8, 0xFF, 0x83, 0xFC, 0x1F, 0xE0, 0xFF, 0x07, 0xFC, 0x7F, 0xE3, 0xEF, 0xFE, 0x3F,
    0xE0, 0xFE, 0x01, 0xC0, 0x1C, 0x00, 0xE0, 0x07, 0xC0, 0x3E, 0x00, 0xF0, 0x7C, 0x78, 0xFB, 0xC1,
    0xFE, 0x03, 0xF0, 0x07, 0xC0, 0x00, 0x07, 0xFF, 0x9F, 0xFE, 0x7F, 0xF8, 0x07, 0xC0, 0x3E, 0x01,
    0xF0, 0x1F, 0x80, 0x7F, 0x81, 0xFF, 0x87, 0xFE, 0x01, 0xFC, 0x01, 0xF0, 0x03, 0xC0, 0x1F, 0xF0,
    0xFF, 0xFF, 0xEF, 0xFF, 0x1F, 0xF8, 0x78, 0xF9, 0xFF, 0x07, 0xF0, 0x1F, 0x00, 0x00, 0x3F, 0xFD,
    0xFF, 0xEF, 0xFF, 0x01, 0xF0, 0x1F, 0x01, 0xF0, 0x1F, 0x01, 0xF0, 0x0F, 0xF0, 0x7F, 0xC3, 0xFF,
    0x00, 0xF8, 0x03, 0xC0, 0x1E, 0x00, 0xF0, 0x0F, 0xF0, 0xFF, 0xFF, 0xDF, 0xFC, 0x7F, 0xC0, 0xF1,
    0xEF, 0xF8, 0xFE, 0x1F, 0x80, 0x00, 0x3C, 0x07, 0x80, 0xF0, 0x1E, 0x03, 0xC0, 0x78, 0x0F, 0x01,
    0xE0, 0x3C, 0x07, 0x80, 0xF0, 0x1E, 0x03, 0xC0, 0x78, 0x0F, 0x01, 0xE0, 0x7C, 0x3F, 0x87, 0xE0,
    0xF8, 0x00, 0xFF, 0xC0, 0x7F, 0xFF, 0xFF, 0xC1, 0xFF, 0xFF, 0xFF, 0x87, 0xFF, 0xFC, 0x3F, 0x00,
    0x1F, 0xF0, 0x7C, 0x00, 0xFB, 0xC0, 0xF8, 0x07, 0xCF, 0x03, 0xE0, 0x1F, 0x3C, 0x07, 0x80, 0xF8,
    0xF0, 0x1E, 0x07, 0xC3, 0xC0, 0x78, 0x1F, 0x0F, 0x01, 0xE0, 0xF8, 0x3C, 0x0F, 0x87, 0xC0, 0xF0,
    0x3E, 0x1F, 0x03, 0xC1, 0xF0, 0xF8, 0x0F, 0x1F, 0xC7, 0xC0, 0x3F, 0xFE, 0x1F, 0xFF, 0xFF, 0xF0,
    0x7F, 0xFF, 0xFF, 0x01, 0xFF, 0xF0, 0xFF, 0xC0, 0x00, 0x0F, 0xFF, 0x00, 0x00, 0xFF, 0xF8, 0x00,
    0x0F, 0x0F, 0xC0, 0x00, 0xF0, 0x7C, 0x3F, 0xFF, 0x03, 0xE3, 0xFF, 0xF0, 0x3E, 0x3F, 0xFF, 0x01,
    0xE0, 0x1F, 0xF0, 0x1E, 0x03, 0xEF, 0x01, 0xE0, 0x7C, 0xF0, 0x1E, 0x07, 0xCF, 0x03, 0xE0, 0xF8,
    0xF0, 0x3E, 0x1F, 0x0F, 0x07, 0xC3, 0xF0, 0xF1, 0xFC, 0x3E, 0x0F, 0xFF, 0x87, 0xFF, 0xFF, 0xF0,
    0x7F, 0xFF, 0xFC, 0x07, 0xFF, 0x00, 0x78, 0x00, 0x00, 0x1E, 0x00, 0x00, 0x07, 0x80, 0x00, 0x01,
    0xE0, 0x00, 0x00, 0x78, 0x00, 0x0F, 0xDE, 0x3F, 0xF7, 0xFF, 0x8F, 0xFD, 0xFF, 0xE3, 0xFF, 0xFC,
    0xF8, 0x07, 0xFE, 0x3E, 0x03, 0xEF, 0x07, 0x81, 0xF3, 0xC1, 0xE0, 0x7C, 0xF0, 0x78, 0x3E, 0x3C,
    0x1E, 0x1F, 0x0F, 0x87, 0x8F, 0xC3, 0xF3, 0xE7, 0xE0, 0x7F, 0xF9, 0xFF, 0xDF, 0xFE, 0x7F, 0xF3,
    0xF7, 0x9F, 0xFC, 0x00, 0xF8, 0x03, 0xE0, 0x07, 0x80, 0x1E, 0x00, 0x38, 0x00, 0x00, 0x01, 0xFF,
    0x0F, 0xFF, 0x3F, 0xFE, 0xFE, 0x39, 0xF0, 0x07, 0xC0, 0x0F, 0x80, 0x1E, 0x00, 0x3C, 0x7F, 0xF8,
    0xFF, 0xF1, 0xFF, 0xF0, 0x3F, 0xE0, 0x7F, 0xC0, 0xF7, 0xE1, 0xE7, 0xFF, 0xC7, 0xFF, 0x87, 0xFF,
    0x01, 0xF0, 0x1F, 0x01, 0xE0, 0x1E, 0x00, 0x00, 0x1F, 0xBD, 0xFF, 0xEF, 0xFF, 0xF8, 0xFF, 0xC7,
    0xFC, 0x1F, 0xE0, 0xFF, 0x07, 0xF8, 0x3F, 0xE1, 0xFF, 0x1F, 0x7F, 0xFB, 0xFF, 0xCF, 0xDE, 0x00,
    0xF0, 0x0F, 0xF0, 0xFF, 0xFF, 0xFF, 0xFE, 0x7F, 0xC0, 0xF0, 0x3C, 0x03, 0xC0, 0xF0, 0x0F, 0x03,
    0xC0, 0x3C, 0x0F, 0x00, 0xF0, 0x3C, 0x3F, 0xC0, 0xF0, 0xFF, 0x03, 0xC3, 0xFF, 0xFF, 0x0F, 0xFF,
    0xFC, 0x3F, 0xFF, 0xF0, 0xFF, 0x03, 0xC3, 0xFC, 0x0F, 0x0F, 0xF0, 0x3C, 0x3F, 0xC0, 0xF1, 0xFF,
    0x03, 0xE7, 0xFC, 0x0F, 0xFE, 0xF0, 0x1F, 0xFB, 0xC0, 0x3F, 0xC0, 0xE7, 0xE7, 0xFF, 0xBF, 0xFF,
    0xF9, 0xFF, 0x87, 0xFC, 0x3F, 0xC1, 0xFE, 0x0F, 0xF0, 0xFF, 0x87, 0xFC, 0x3F, 0xE3, 0xEF, 0x3F,
    0x7B, 0xF3, 0xFF, 0x1F, 0xF0, 0xFF, 0x07, 0xE0, 0x3C, 0x01, 0xE0, 0x0F, 0x00, 0x78, 0x03, 0xC0,
    0x1E, 0x00, 0x0F, 0x80, 0x07, 0x80, 0x03, 0xC0, 0x01, 0xE0, 0x00, 0xE0, 0x00, 0x00, 0xFC, 0x0F,
    0xFC, 0x0F, 0xFE, 0x0F, 0xFE, 0x0F, 0xFF, 0x0F, 0xFF, 0x0F, 0xF7, 0x8F, 0xF7, 0x8F, 0xF3, 0xCF,
    0xF3, 0xEF, 0xF1, 0xEF, 0xF1, 0xFF, 0xF0, 0xFF, 0xF0, 0xFF, 0xF0, 0x7F, 0xF0, 0x7F, 0xF0, 0x3F,
    0xF0, 0x3F, 0x3F, 0x00, 0xF8, 0x01, 0xE0, 0x07, 0x80, 0x00, 0x73, 0xF3, 0xFF, 0xDF, 0xFF, 0xFC,
    0xFF, 0xC7, 0xFC, 0x1F, 0xE0, 0xFF, 0x07, 0xF8, 0x3F, 0xC1, 0xFE, 0x0F, 0xF0, 0x7F, 0x83, 0xFC,
    0x1E, 0x00, 0x7C, 0x00, 0x3E, 0x00, 0x1E, 0x00, 0x07, 0x80, 0x03, 0xF0, 0x00, 0xCC, 0x00, 0x33,
    0x00, 0x0F, 0xC0, 0x03, 0xF0, 0x01, 0xFE, 0x00, 0x7F, 0x80, 0x1F, 0xE0, 0x0F, 0xFC, 0x03, 0xCF,
    0x00, 0xF3, 0xC0, 0x7C, 0xF8, 0x1E, 0x1E, 0x0F, 0xFF, 0xC3, 0xFF, 0xF0, 0xFF, 0xFC, 0x7C, 0x0F,
    0x9F, 0x03, 0xE7, 0x80, 0x7B, 0xE0, 0x1F, 0x03, 0xE0, 0x3C, 0x07, 0x80, 0x00, 0x07, 0x80, 0xFC,
    0x0D, 0xC0, 0xDC, 0x0F, 0xC0, 0x78, 0x00, 0x03, 0xFC, 0x7F, 0xE3, 0xFF, 0x39, 0xF0, 0x0F, 0x3F,
    0xF7, 0xFF, 0xFF, 0xFF, 0x8F, 0xF0, 0xFF, 0x9F, 0xFF, 0xFF, 0xFF, 0x7E, 0x70, 0x00, 0x07, 0xC0,
    0x00, 0x1F, 0x00, 0x00, 0x7C, 0x00, 0x01, 0xF0, 0x00, 0x03, 0x80, 0x00, 0x00, 0x00, 0x00, 0x3F,
    0xFF, 0x80, 0xFF, 0xFF, 0x01, 0xFF, 0xFE, 0x07, 0xDE, 0x00, 0x0F, 0x3C, 0x00, 0x3E, 0x78, 0x00,
    0x78, 0xF0, 0x00, 0xF1, 0xFF, 0x83, 0xE3, 0xFF, 0x07, 0x87, 0xFE, 0x1F, 0x0F, 0x00, 0x3F, 0xFE,
    0x00, 0xFF, 0xFC, 0x01, 0xFF, 0xF8, 0x07, 0xC0, 0xF0, 0x0F, 0x81, 0xFF, 0xDE, 0x03, 0xFF, 0xFC,
    0x07, 0xFF, 0x00, 0x3E, 0x00, 0x03, 0xE0, 0x00, 0x3E, 0x00, 0x01, 0xC0, 0x00, 0x00, 0x00, 0x1F,
    0xEF, 0xE1, 0xFF, 0xFF, 0xC7, 0xFF, 0xFE, 0x31, 0xFC, 0xF8, 0x07, 0xC3, 0xCF, 0xFF, 0xFE, 0xFF,
    0xFF, 0xFF, 0xFF, 0xFF, 0xF8, 0x78, 0x03, 0xC3, 0xE0, 0x1F, 0x3F, 0x87, 0xFF, 0xFF, 0xFF, 0xFD,
    0xFF, 0xDF, 0xC3, 0xFC, 0x00, 0x7C, 0x00, 0x7C, 0x00, 0x7C, 0x00, 0x7C, 0x00, 0x3C, 0x00, 0x00,
    0x30, 0x3F, 0xFC, 0x3F, 0xFC, 0x3F, 0xFE, 0x3F, 0x1F, 0xBE, 0x0F, 0xFF, 0x0F, 0xFF, 0x0F, 0xFF,
    0x87, 0x3F, 0xC7, 0x9F, 0xE7, 0x8F, 0xF3, 0x87, 0xFB, 0xC7, 0xFF, 0xC3, 0xFF, 0xC3, 0xE7, 0xE3,
    0xF3, 0xFF, 0xF0, 0xFF, 0xF0, 0xFF, 0xF0, 0x30, 0x00, 0x00, 0x03, 0xE0, 0x3E, 0x03, 0xE0, 0x1C,
    0x00, 0x00, 0x0F, 0xF8, 0xFF, 0xCF, 0xFE, 0xF9, 0xFF, 0xDF, 0xFC, 0xFF, 0xEF, 0xFF, 0x77, 0xFF,
    0x3F, 0xFB, 0xFF, 0x9F, 0x7F, 0xF3, 0xFF, 0x1F, 0xF0, 0x60, 0x00, 0x3D, 0xE0, 0x07, 0xFC, 0x01,
    0xEF, 0x00, 0x3D, 0xE0, 0x00, 0x00, 0x00, 0x00, 0x00, 0x3F, 0x00, 0x1F, 0xC0, 0x07, 0xF0, 0x01,
    0xFE, 0x00, 0xFF, 0x80, 0x3D, 0xE0, 0x0F, 0x7C, 0x07, 0xDF, 0x01, 0xF3, 0xC0, 0x78, 0xF8, 0x3E,
    0x3E, 0x0F, 0xFF, 0x83, 0xFF, 0xF1, 0xFF, 0xFC, 0x7C, 0x0F, 0x3E, 0x03, 0xEF, 0x80, 0xFB, 0xE0,
    0x1F, 0x7F, 0xC3, 0xFE, 0x0F, 0x78, 0x3D, 0xC0, 0x00, 0x0F, 0xF0, 0xFF, 0xC3, 0xFF, 0x18, 0xF8,
    0x03, 0xC7, 0xFE, 0x7F, 0xF7, 0xFF, 0xBC, 0x3D, 0xE1, 0xEF, 0x9F, 0x7F, 0xFB, 0xFF, 0xCF, 0xCE,
    0x01, 0xF0, 0x01, 0xFE, 0x00, 0x7F, 0xC0, 0x3C, 0x70, 0x0E, 0x0C, 0x00, 0x00, 0x00, 0x3F, 0x00,
    0x0F, 0xE0, 0x03, 0xF8, 0x01, 0xFE, 0x00, 0x7F, 0xC0, 0x1E, 0xF0, 0x0F, 0xBC, 0x03, 0xEF, 0x80,
    0xF3, 0xE0, 0x7C, 0x78, 0x1F, 0x1F, 0x07, 0xFF, 0xC3, 0xFF, 0xF0, 0xFF, 0xFE, 0x3C, 0x0F, 0x9F,
    0x01, 0xE7, 0xC0, 0x7F, 0xE0, 0x1F, 0x1F, 0xC3, 0xFE, 0x3F, 0xE7, 0x8E, 0x00, 0x03, 0xFC, 0x7F,
    0xE3, 0xFF, 0x31, 0xF0, 0x0F, 0x3F, 0xF7, 0xFF, 0xFF, 0xFF, 0x0F, 0xF0, 0xFF, 0x9F, 0xFF, 0xFF,
    0xFF, 0x7E, 0x70, 0xFF, 0xC3, 0xDE, 0x0F, 0x78, 0x3D, 0xE0, 0x00, 0x1F, 0xFC, 0xFF, 0xE7, 0xFF,
    0x3C, 0x01, 0xE0, 0x0F, 0x00, 0x78, 0x03, 0xFF, 0x1F, 0xF8, 0xFF, 0xC7, 0x80, 0x3C, 0x01, 0xE0,
    0x0F, 0x00, 0x78, 0x03, 0xFF, 0x9F, 0xFC, 0xFF, 0xE0, 0xFF, 0xC1, 0xEF, 0x03, 0xDE, 0x07, 0xB8,
    0x00, 0x00, 0x3F, 0x81, 0xFF, 0x8F, 0xFE, 0x7C, 0x7D, 0xE0, 0xF7, 0xFF, 0xDF, 0xFF, 0x7F, 0xFD,
    0xE0, 0x07, 0xC0, 0x1F, 0x86, 0x3F, 0xF8, 0x7F, 0xE0, 0xFF, 0x80, 0x3F, 0x0F, 0xF1, 0xFF, 0x78,
    0xEE, 0x0C, 0x00, 0x3F, 0xFF, 0xFF, 0xFF, 0xFE, 0x03, 0xC0, 0x78, 0x0F, 0x01, 0xFF, 0xBF, 0xF7,
    0xFE, 0xF0, 0x1E, 0x03, 0xC0, 0x78, 0x0F, 0x01, 0xFF, 0xFF, 0xFF, 0xFF, 0x1F, 0xC1, 0xFF, 0x0F,
    0xF8, 0xF1, 0xC0, 0x00, 0x0F, 0xE0, 0xFF, 0xCF, 0xFE, 0xF8, 0xFF, 0x83, 0xFF, 0xFF, 0xFF, 0xFF,
    0xFF, 0xF8, 0x03, 0xE0, 0x1F, 0x86, 0x7F, 0xF1, 0xFF, 0x87, 0xFC, 0xFF, 0x8F, 0x78, 0xF7, 0x8E,
    0x70, 0x00, 0x3F, 0xC7, 0xF8, 0xFF, 0x07, 0x80, 0xF0, 0x1E, 0x03, 0xC0, 0x78, 0x0F, 0x01, 0xE0,
    0x3C, 0x07, 0x80, 0xF0, 0x1E, 0x03, 0xC1, 0xFE, 0x3F, 0xC7, 0xF8, 0xF7, 0x8F, 0x78, 0xF7, 0x0E,
    0x70, 0x00, 0x0F, 0x01, 0xE0, 0x3C, 0x07, 0x80, 0xF0, 0x1E, 0x03, 0xC0, 0x78, 0x0F, 0x01, 0xE0,
    0x3C, 0x07, 0x80, 0xF0, 0x1E, 0x00, 0x3F, 0x1F, 0xEF, 0xFF, 0xC7, 0xE0, 0xC0, 0x07, 0xF9, 0xFE,
    0x7F, 0x87, 0x81, 0xE0, 0x78, 0x1E, 0x07, 0x81, 0xE0, 0x78, 0x1E, 0x07, 0x81, 0xE0, 0x78, 0x1E,
    0x1F, 0xE7, 0xF9, 0xFE, 0x3F, 0x1F, 0xFF, 0xFF, 0x87, 0x00, 0x07, 0x81, 0xE0, 0x78, 0x1E, 0x07,
    0x81, 0xE0, 0x78, 0x1E, 0x07, 0x81, 0xE0, 0x78, 0x1E, 0x07, 0x81, 0xE0, 0x3F, 0xE0, 0x1E, 0xF0,
    0x07, 0xBC, 0x01, 0xEF, 0x00, 0x00, 0x00, 0x00, 0x00, 0x3F, 0xE0, 0x3F, 0xF8, 0x3F, 0xFE, 0x3F,
    0x1F, 0xBE, 0x07, 0xDF, 0x01, 0xFF, 0x00, 0xFF, 0x80, 0x3F, 0xC0, 0x1F, 0xE0, 0x0F, 0xF0, 0x07,
    0xF8, 0x07, 0xFE, 0x03, 0xFF, 0x03, 0xE7, 0xE3, 0xF1, 0xFF, 0xF0, 0x7F, 0xF0, 0x1F, 0xF0, 0xF7,
    0x83, 0xFC, 0x1E, 0xF0, 0x7B, 0xC0, 0x00, 0x0F, 0xE0, 0xFF, 0x8F, 0xFE, 0xF8, 0xFF, 0xC7, 0xFC,
    0x1F, 0xE0, 0xFF, 0x07, 0xF8, 0x3F, 0xE3, 0xFF, 0x1F, 0x7F, 0xF1, 0xFF, 0x07, 0xF0, 0x07, 0xE0,
    0x07, 0xF8, 0x03, 0xFE, 0x03, 0xC7, 0x01, 0xC1, 0x80, 0x00, 0x00, 0x3F, 0xE0, 0x3F, 0xF8, 0x3F,
    0xFE, 0x3F, 0x1F, 0xBE, 0x07, 0xDF, 0x01, 0xFF, 0x00, 0xFF, 0x80, 0x3F, 0xC0, 0x1F, 0xE0, 0x0F,
    0xF0, 0x07, 0xF8, 0x07, 0xFE, 0x03, 0xFF, 0x03, 0xE7, 0xE3, 0xF1, 0xFF, 0xF0, 0x7F, 0xF0, 0x1F,
    0xF0, 0x0F, 0xC1, 0xFF, 0x0F, 0xF8, 0x71, 0xC0, 0x00, 0x0F, 0xE0, 0xFF, 0x8F, 0xFE, 0xF9, 0xFF,
    0xC7, 0xFC, 0x1F, 0xE0, 0xFF, 0x07, 0xF8, 0x3F, 0xE3, 0xFF, 0x3F, 0x7F, 0xF1, 0xFF, 0x07, 0xF0,
    0xFF, 0xC0, 0x7B, 0xC0, 0x3D, 0xE0, 0x1C, 0xF0, 0x00, 0x00, 0x7F, 0xE0, 0x7F, 0xF8, 0x7F, 0xFC,
    0x78, 0xFC, 0x78, 0x7C, 0x78, 0x3C, 0x78, 0x7C, 0x78, 0xFC, 0x7F, 0xF8, 0x7F, 0xF0, 0x7F, 0xE0,
    0x79, 0xF0, 0x78, 0xF8, 0x78, 0xF8, 0x78, 0x7C, 0x78, 0x7E, 0x78, 0x3E, 0x78, 0x1F, 0xFF, 0xC3,
    0xDE, 0x0F, 0x78, 0x3D, 0xE0, 0x00, 0x0E, 0x78, 0x7F, 0xC3, 0xFE, 0x1F, 0xF0, 0xFC, 0x07, 0xC0,
    0x3C, 0x01, 0xE0, 0x0F, 0x00, 0x78, 0x03, 0xC0, 0x1E, 0x00, 0xF0, 0x07, 0x80, 0x1F, 0x80, 0x7F,
    0x81, 0xFF, 0x83, 0xC7, 0x07, 0x06, 0x00, 0x00, 0x3F, 0xF0, 0x7F, 0xF8, 0xFF, 0xF1, 0xE3, 0xF3,
    0xC3, 0xE7, 0x87, 0xCF, 0x0F, 0x9E, 0x3F, 0x3F, 0xFC, 0x7F, 0xF0, 0xFF, 0xC1, 0xE7, 0xC3, 0xC7,
    0x87, 0x8F, 0x8F, 0x0F, 0x9E, 0x1F, 0x3C, 0x1F, 0x78, 0x3F, 0x3F, 0x8F, 0xF9, 0xFF, 0x78, 0xE0,
    0x00, 0xE7, 0x9F, 0xF3, 0xFE, 0x7F, 0xCF, 0xC1, 0xF0, 0x3C, 0x07, 0x80, 0xF0, 0x1E, 0x03, 0xC0,
    0x78, 0x0F, 0x01, 0xE0, 0x00, 0xFF, 0xC0, 0xF7, 0x80, 0xF7, 0x80, 0xF7, 0x80, 0x00, 0x00, 0x00,
    0x3C, 0x07, 0xF8, 0x0F, 0xF0, 0x1F, 0xE0, 0x3F, 0xC0, 0x7F, 0x80, 0xFF, 0x01, 0xFE, 0x03, 0xFC,
    0x07, 0xF8, 0x0F, 0xF0, 0x1F, 0xE0, 0x3F, 0xC0, 0xFF, 0xC1, 0xFF, 0xC7, 0xEF, 0xFF, 0x8F, 0xFE,
    0x0F, 0xF8, 0x7F, 0xC1, 0xEF, 0x03, 0xDE, 0x07, 0xBC, 0x00, 0x01, 0xE0, 0xF7, 0x83, 0xDE, 0x0F,
    0x78, 0x3D, 0xE0, 0xF7, 0x83, 0xDE, 0x0F, 0x78, 0x3D, 0xE1, 0xF7, 0x87, 0xDF, 0x3F, 0x7F, 0xFC,
    0xFF, 0xF1, 0xFB, 0xC0, 0x0F, 0xC0, 0x3F, 0xE0, 0x7F, 0xC1, 0xE3, 0x83, 0x83, 0x00, 0x00, 0x3C,
    0x07, 0xF8, 0x0F, 0xF0, 0x1F, 0xE0, 0x3F, 0xC0, 0x7F, 0x80, 0xFF, 0x01, 0xFE, 0x03, 0xFC, 0x07,
    0xF8, 0x0F, 0xF0, 0x1F, 0xE0, 0x3F, 0xC0, 0xFF, 0xC1, 0xFF, 0xC7, 0xEF, 0xFF, 0x8F, 0xFE, 0x0F,
    0xF8, 0x1F, 0xC1, 0xFF, 0x0F, 0xF8, 0xF1, 0xC0, 0x00, 0x78, 0x7F, 0xC3, 0xFE, 0x1F, 0xF0, 0xFF,
    0x87, 0xFC, 0x3F, 0xE1, 0xFF, 0x0F, 0xF8, 0x7F, 0xC3, 0xFF, 0x3F, 0xFF, 0xFB, 0xFF, 0xCF, 0xDE,
    0x3F, 0xE7, 0xFF, 0xFF, 0xFF, 0x8E, 0xF0, 0x0F, 0x80, 0xFC, 0x0F, 0xF0, 0x7F, 0xC3, 0xFE, 0x0F,
    0xF0, 0x3F, 0x01, 0xF8, 0x0F, 0xF1, 0xFF, 0xFE, 0xFF, 0xEF, 0xF8, 0x00, 0x00, 0x00, 0x0F, 0x00,
    0xF0, 0x1E, 0x01, 0xE0, 0x3F, 0xDF, 0xFF, 0xFF, 0x78, 0xEF, 0x81, 0xFC, 0x1F, 0xE1, 0xFE, 0x0F,
    0xE0, 0x7F, 0x8F, 0xFF, 0xFF, 0xFD, 0xFF, 0x00, 0x00, 0x00, 0x1F, 0x03, 0xC0, 0x78, 0x0E, 0x00,
    0xFF, 0xFF, 0xFF, 0xFF, 0xFE, 0x0F, 0x00, 0x78, 0x03, 0xC0, 0x1E, 0x00, 0xF0, 0x07, 0x80, 0x3C,
    0x01, 0xE0, 0x0F, 0x00, 0x78, 0x03, 0xC0, 0x1E, 0x00, 0xF0, 0x07, 0x80, 0x3C, 0x00, 0x00, 0x00,
    0x00, 0x78, 0x03, 0xC0, 0x1C, 0x00, 0xE0, 0x1C, 0x1E, 0x1F, 0xFF, 0xFF, 0xF9, 0xE0, 0xF0, 0x78,
    0x3C, 0x1E, 0x0F, 0x07, 0x83, 0xE9, 0xFC, 0xFE, 0x3F, 0x00, 0x00, 0x03, 0xC1, 0xE0, 0xE0, 0xF0,
    0x1F, 0xF1, 0xFF, 0xE7, 0xFF, 0xDE, 0x1F, 0x20, 0x3C, 0x01, 0xF0, 0x0F, 0xC0, 0xFE, 0x1F, 0xF0,
    0x7F, 0xE0, 0xF7, 0xC0, 0x1F, 0x00, 0x3C, 0x00, 0xF0, 0x03, 0xC0, 0x1F, 0x00, 0xFC, 0x0F, 0xE1,
    0xFF, 0x1F, 0xF8, 0x7F, 0x81, 0xF0, 0x06, 0x00, 0x00, 0x7F, 0x9F, 0xFB, 0xFF, 0xB1, 0xF0, 0x1E,
    0x07, 0xC1, 0xF9, 0xFE, 0x3F, 0xC7, 0xFC, 0xCF, 0x80, 0xF0, 0x1E, 0x07, 0xC0, 0xF8, 0x7E, 0xFF,
    0xDF, 0xE3, 0xF0, 0x70, 0x00, 0x38, 0x38, 0x7D, 0xF0, 0x7F, 0xC0, 0x7F, 0x00, 0x7C, 0x00, 0x00,
    0x3C, 0x07, 0xF8, 0x0F, 0xF0, 0x1F, 0xE0, 0x3F, 0xC0, 0x7F, 0x80, 0xFF, 0x01, 0xFF, 0xFF, 0xFF,
    0xFF, 0xFF, 0xFF, 0xF0, 0x1F, 0xE0, 0x3F, 0xC0, 0x7F, 0x80, 0xFF, 0x01, 0xFE, 0x03, 0xFC, 0x07,
    0xF8, 0x0F, 0x70, 0xF0, 0x3C, 0xF0, 0x0F, 0xF8, 0x03, 0xF8, 0x00, 0xF8, 0x00, 0x00, 0x00, 0x3C,
    0x00, 0x1E, 0x00, 0x0F, 0x00, 0x07, 0x80, 0x03, 0xC0, 0x01, 0xEF, 0xC0, 0xFF, 0xF0, 0x7F, 0xFC,
    0x3F, 0x3E, 0x1F, 0x1F, 0x0F, 0x07, 0x87, 0x83, 0xC3, 0xC1, 0xE1, 0xE0, 0xF0, 0xF0, 0x78, 0x78,
    0x3C, 0x3C, 0x1E, 0x1E, 0x0F, 0x0F, 0x07, 0x80, 0xFC, 0x3C, 0x1E, 0x0F, 0x1F, 0x1F, 0x1F, 0x0F,
    0x00, 0x1F, 0x87, 0xF0, 0xFF, 0x3C, 0xF0, 0x3C, 0xEF, 0xFF, 0xFF, 0x73, 0xC0, 0xFF, 0xFF, 0xFF,
    0xFF, 0xFF, 0xFF, 0xFC, 0xE1, 0xFF, 0xFF, 0xF8, 0xFC, 0xFF, 0xFF, 0xF7, 0xFB, 0xFD, 0xE0, 0x03,
    0xEF, 0xCF, 0x3D, 0xF7, 0x00, 0x7B, 0xFF, 0xF3, 0xFD, 0xE0, 0x3D, 0xEF, 0x7B, 0xDE, 0x73, 0x80,
    0x78, 0xF3, 0xFE, 0x3F, 0xC1, 0xF8, 0xFF, 0xF0, 0xEF, 0xDF, 0xBF, 0x70, 0x7F, 0xC7, 0xBC, 0x3D,
    0xE1, 0xEE, 0x1C, 0x0E, 0x3F, 0x7E, 0xF7, 0xF9, 0xF8, 0x1F, 0x0F, 0xF1, 0xFF, 0x78, 0xEE, 0x0C,
    0x3C, 0xE7, 0x9E, 0x7B, 0xE0, 0x7D, 0xE7, 0x9E, 0x73, 0xC0, 0xF9, 0xE7, 0x9E, 0x38, 0xF0, 0x7D,
    0xE7, 0x9E, 0x73, 0xC0, 0x7C, 0x1F, 0x07, 0xC1, 0xE0, 0x1F, 0x3E, 0x7C, 0xF0, 0x18, 0xFF, 0xF1,
    0x80, 0xC6, 0x3F, 0xFC, 0x00, 0xFF, 0xFC, 0x18, 0x30, 0x60, 0xC1, 0x80, 0x3D, 0xF7, 0xFE, 0xF3,
    0x00, 0x6E, 0xEC, 0xE6, 0x31, 0xBF, 0xF0, 0xFF, 0xCC, 0x63, 0x00, 0x31, 0xBF, 0xF3, 0x00, 0xFF,
    0xC0, 0x1C, 0x71, 0xC7, 0x3F, 0xFF, 0xFE, 0xE3, 0x8E, 0x38, 0xF3, 0xFF, 0xDF, 0xFF, 0xFF, 0xF7,
    0xFB, 0xFD, 0xE0, 0x7B, 0xFF, 0xF3, 0xFD, 0xE0, 0x7F, 0xBD, 0xC0, 0x71, 0xE3, 0xEF, 0xFF, 0xE0,
    0x23, 0xBD, 0xCF, 0xFD, 0xE0, 0xFF, 0xF0, 0xFF, 0xFF, 0xF0, 0x78, 0x3C, 0x18, 0x44, 0xDB, 0xB7,
    0xFC, 0x44, 0xF1, 0xEF, 0xF8, 0xFE, 0x1F, 0x80, 0x1F, 0x87, 0xF0, 0xFF, 0x3C, 0xF0, 0xE1, 0xFF,
    0xFF, 0xF8, 0xFC, 0x1F, 0x0F, 0xF1, 0xFF, 0x78, 0xEE, 0x0C, 0x3E, 0x67, 0xFE, 0x7F, 0xE6, 0x7C,
    0xFF, 0xFF, 0xFF, 0xFF, 0xFF, 0xFF, 0xFF, 0xFF, 0xF0, 0x03, 0xFF, 0xFF, 0xC0, 0x7C, 0xFF, 0xFB,
    0xFF, 0x77, 0xC0, 0xFF, 0xFF, 0xFF, 0xFC, 0xFF, 0xFF, 0xFF, 0xFF, 0xFF, 0xFF, 0xFC, 0x00, 0x00,
    0xE0, 0xFC, 0x7E, 0x7E, 0x3F, 0x07, 0x00, 0x00, 0x00, 0xE0, 0x0E, 0x00, 0xE0, 0x1C, 0x01, 0xC0,
    0x3C, 0x03, 0x80, 0x38, 0x07, 0x00, 0x70, 0x07, 0x00, 0xE0, 0x0E, 0x01, 0xE0, 0x1C, 0x01, 0xC0,
    0x38, 0x03, 0x80, 0x78, 0x07, 0x00, 0x70, 0x00, 0xEF, 0x73, 0xFE, 0xC1, 0xE0, 0xF0, 0x7F, 0xFF,
    0xF8, 0xFF, 0xFF, 0xFC, 0x0F, 0x03, 0xFF, 0xDF, 0xF0, 0x7F, 0xDF, 0xF4, 0x4C, 0x4B, 0xF7, 0x9E,
    0xFD, 0x20, 0x73, 0x98, 0xE3, 0x19, 0xC8, 0xFF, 0xFF, 0xF0, 0x03, 0xFF, 0xFF, 0xC0, 0xFC, 0x7C,
    0x1E, 0x0F, 0x1F, 0x3E, 0x7C, 0xF0, 0x7C, 0xFF, 0xFB, 0xFF, 0x77, 0xC0, 0xFF, 0xDE, 0xF3, 0x00,
    0xF7, 0xFF, 0xBF, 0xFF, 0xDE, 0x1C, 0x00, 0xE7, 0x3F, 0xFF, 0x80, 0xFF, 0xFF, 0xFF, 0x01, 0xE0,
    0x3C, 0x06, 0xFF, 0xFF, 0xF0, 0x03, 0xFF, 0xFF, 0xC0, 0xEF, 0xDF, 0xBF, 0x70, 0xFF, 0xC6, 0x31,
    0x80, 0x06, 0x1F, 0xFF, 0xFF, 0xFE, 0x18, 0x00, 0x00, 0x0E, 0x03, 0x80, 0xE0, 0x41, 0x7F, 0xDF,
    0xF6, 0xF8, 0x38, 0x0E, 0x03, 0x80, 0x7D, 0xDF, 0xEE, 0xF9, 0xF7, 0x7F, 0xBB, 0xE0, 0x00, 0x0C,
    0xC7, 0xF9, 0xFF, 0x33, 0x04, 0x80, 0x00, 0xC7, 0x8C, 0x30, 0xC0, 0xF8, 0xF3, 0xFE, 0x1E, 0x3F,
    0x00, 0x01, 0xE0, 0x20, 0x34, 0x11, 0x02, 0x08, 0x08, 0x00, 0x00, 0x06, 0x40, 0x13, 0xC0, 0x00,
    0x79, 0x00, 0x2F, 0x00, 0x01, 0x84, 0x01, 0x00, 0x00, 0x00, 0x08, 0x08, 0x30, 0x54, 0x1E, 0x00,
    0x03, 0xC0, 0x00, 0x7F, 0x1E, 0x7D, 0xE3, 0xC7, 0x80, 0xCF, 0x7F, 0xC0, 0x6E, 0xEE, 0xE6, 0x00,
    0x3F, 0xBF, 0xFE, 0x7D, 0xD8, 0xE0, 0x70, 0x01, 0xE7, 0x9E, 0x7D, 0x20, 0x3F, 0xEF, 0x30, 0xCF,
    0x7F, 0xC0, 0xC3, 0x3D, 0xC7, 0x7B, 0xFE, 0xCD, 0xC0, 0x67, 0x77, 0x76, 0xFF, 0xFF, 0x33, 0xFF,
    0xDE, 0x78, 0x00, 0x7F, 0xDB, 0xBC, 0xCD, 0xBB, 0x7F, 0xC4, 0x40, 0x61, 0x8F, 0xDE, 0x18, 0xF0,
    0x00, 0xF7, 0xE0, 0x7E, 0x7F, 0xFF, 0xE1, 0xFF, 0xF8, 0x07, 0xFE, 0x00, 0xF0, 0x00, 0xF7, 0xE0,
    0x7E, 0x7F, 0xFF, 0xE1, 0xFF, 0xF8, 0x07, 0xFE, 0x00, 0xFF, 0xFF, 0xFF, 0xFC, 0xFF, 0xFF, 0xFF,
    0xFC, 0x3F, 0xF0, 0x77, 0xFF, 0xFF, 0xFF, 0xFF, 0xEE, 0x0F, 0xFC, 0x07, 0xFE, 0x01, 0xFF, 0xF8,
    0x3F, 0xFF, 0xC7, 0xF0, 0xFE, 0xF0, 0x01, 0xFE, 0x00, 0x07, 0x00, 0x00, 0x80, 0x00, 0x0C, 0xFF,
    0xFF, 0xEF, 0xFF, 0xFF, 0x00, 0x00, 0xC0, 0x00, 0x08, 0x01, 0xF5, 0xFF, 0xCF, 0xF7, 0xC0, 0x7B,
    0xFF, 0xF0, 0xFD, 0xE0, 0xC3, 0xFF, 0x7B, 0xFC, 0xF3, 0xFD, 0xE0, 0xCF, 0x3C, 0xF7, 0xFC, 0x00,
    0x7B, 0xAC, 0x30, 0xE9, 0xE0, 0x0C, 0x3F, 0xFF, 0xCF, 0x3F, 0xFF, 0xC3, 0x0C, 0x3F, 0xFF, 0x3C,
    0xF3, 0xFF, 0xFF, 0xFC, 0xCF, 0x33, 0xCC, 0xC0, 0xFF, 0xB1, 0x8C, 0x00, 0x63, 0x3E, 0xE6, 0x31,
    0xE6, 0xCF, 0xD9, 0xB3, 0xE7, 0x87, 0x00, 0x76, 0x3E, 0x3C, 0x3E, 0x76, 0x78, 0x0F, 0x80, 0xF8,
    0x0F, 0x00, 0x70, 0x00, 0x3F, 0xFF, 0xFF, 0xFF, 0xFE, 0x03, 0xC0, 0x78, 0x0F, 0x01, 0xFF, 0xBF,
    0xF7, 0xFE, 0xF0, 0x1E, 0x03, 0xC0, 0x78, 0x0F, 0x01, 0xFF, 0xFF, 0xFF, 0xFF, 0x7B, 0xCF, 0x79,
    0xEF, 0x3D, 0xE0, 0x01, 0xFF, 0xFF, 0xFF, 0xFF, 0xF0, 0x1E, 0x03, 0xC0, 0x78, 0x0F, 0xFD, 0xFF,
    0xBF, 0xF7, 0x80, 0xF0, 0x1E, 0x03, 0xC0, 0x78, 0x0F, 0xFF, 0xFF, 0xFF, 0xF8, 0xFF, 0xF8, 0x3F,
    0xFE, 0x0F, 0xFF, 0x80, 0x3C, 0x00, 0x0F, 0x00, 0x03, 0xC0, 0x00, 0xF0, 0x00, 0x3F, 0xF8, 0x0F,
    0xFF, 0x83, 0xFF, 0xE0, 0xF8, 0xFC, 0x3C, 0x1F, 0x0F, 0x03, 0xC3, 0xC1, 0xF0, 0xF0, 0x7C, 0x3D,
    0xFF, 0x0F, 0x7F, 0x83, 0xDF, 0xC0, 0x03, 0xE0, 0xF8, 0x1E, 0x07, 0x80, 0xE0, 0x00, 0x3F, 0xFF,
    0xFF, 0xFF, 0xFE, 0x03, 0xC0, 0x78, 0x0F, 0x01, 0xE0, 0x3C, 0x07, 0x80, 0xF0, 0x1E, 0x03, 0xC0,
    0x78, 0x0F, 0x01, 0xE0, 0x3C, 0x07, 0x80, 0x0F, 0xFC, 0x3F, 0xF8, 0xFF, 0xF3, 0xF0, 0xC7, 0x80,
    0x1F, 0x00, 0x3C, 0x00, 0x7F, 0xF8, 0xFF, 0xF1, 0xFF, 0xE3, 0xC0, 0x07, 0x80, 0x0F, 0x80, 0x1F,
    0x00, 0x1F, 0x87, 0x1F, 0xFE, 0x1F, 0xFC, 0x1F, 0xF0, 0x3F, 0xE7, 0xFF, 0xFF, 0xFF, 0x8E, 0xF0,
    0x0F, 0x00, 0xFC, 0x0F, 0xF0, 0x7F, 0xC3, 0xFE, 0x0F, 0xF0, 0x3F, 0x01, 0xF8, 0x0F, 0xE1, 0xFF,
    0xFE, 0xFF, 0xEF, 0xF8, 0xFF, 0xFF, 0xFF, 0xFF, 0xFF, 0xFF, 0xFF, 0xFF, 0xFF, 0xFF, 0xFF, 0xFF,
    0xFF, 0x00, 0x00, 0x3C, 0x3C, 0x3C, 0x3C, 0x3C, 0x3C, 0x3C, 0x3C, 0x3C, 0x3C, 0x3C, 0x3C, 0x3C,
    0x3C, 0x3C, 0x3C, 0x3C, 0x3C, 0x0F, 0x0F, 0x0F, 0x0F, 0x0F, 0x0F, 0x0F, 0x0F, 0x0F, 0x0F, 0x0F,
    0x0F, 0x0F, 0x0F, 0x0F, 0x0F, 0x0F, 0x0F, 0x1F, 0x1F, 0xFE, 0xFE, 0xFC, 0x0F, 0xFF, 0x00, 0x07,
    0xFF, 0x80, 0x03, 0xFF, 0xC0, 0x01, 0xE1, 0xE0, 0x00, 0xF0, 0xF0, 0x00, 0x78, 0x78, 0x00, 0x3C,
    0x3F, 0xF0, 0x1E, 0x1F, 0xFC, 0x0F, 0x0F, 0xFF, 0x0F, 0x87, 0x8F, 0xC7, 0xC3, 0xC3, 0xE3, 0xE1,
    0xE0, 0xF1, 0xF0, 0xF0, 0x78, 0xF8, 0x78, 0x7C, 0xFC, 0x3C, 0x7F, 0xFC, 0x1F, 0xFE, 0xFE, 0x0F,
    0xFF, 0x7E, 0x07, 0xFE, 0x00, 0xF0, 0x3C, 0x01, 0xE0, 0x78, 0x03, 0xC0, 0xF0, 0x07, 0x81, 0xE0,
    0x0F, 0x03, 0xC0, 0x1E, 0x07, 0x80, 0x3C, 0x0F, 0x00, 0x7F, 0xFF, 0xF8, 0xFF, 0xFF, 0xFD, 0xFF,
    0xFF, 0xFF, 0xC0, 0xF0, 0xFF, 0x81, 0xE0, 0xFF, 0x03, 0xC1, 0xFE, 0x07, 0x83, 0xFC, 0x0F, 0x1F,
    0xF8, 0x1F, 0xFF, 0xF0, 0x3F, 0xFD, 0xE0, 0x7F, 0xE0, 0xFF, 0xF8, 0x7F, 0xFC, 0x3F, 0xFE, 0x01,
    0xE0, 0x00, 0xF0, 0x00, 0x78, 0x00, 0x3C, 0x00, 0x1F, 0xFC, 0x0F, 0xFF, 0x07, 0xFF, 0xC3, 0xE3,
    0xE1, 0xE0, 0xF0, 0xF0, 0x78, 0x78, 0x3C, 0x3C, 0x1E, 0x1E, 0x0F, 0x0F, 0x07, 0x87, 0x83, 0xC0,
    0x01, 0xF0, 0x03, 0xE0, 0x07, 0xC0, 0x07, 0x80, 0x0F, 0x00, 0x00, 0x00, 0xF0, 0x3E, 0xF0, 0x7C,
    0xF0, 0xF8, 0xF0, 0xF0, 0xF1, 0xF0, 0xF3, 0xE0, 0xF7, 0xC0, 0xFF, 0xC0, 0xFF, 0x80, 0xFF, 0xC0,
    0xF7, 0xC0, 0xF3, 0xE0, 0xF1, 0xF0, 0xF1, 0xF8, 0xF0, 0xF8, 0xF0, 0x7C, 0xF0, 0x7E, 0xF0, 0x3E,
    0x0F, 0x00, 0x1F, 0x00, 0x1F, 0x00, 0x1E, 0x00, 0x1C, 0x00, 0x00, 0x3C, 0x0F, 0xF8, 0x3F, 0xF0,
    0x7F, 0xE1, 0xFF, 0xC3, 0xFF, 0x8F, 0xFF, 0x1F, 0xFE, 0x7B, 0xFC, 0xF7, 0xFB, 0xCF, 0xF7, 0x9F,
    0xFE, 0x3F, 0xFC, 0x7F, 0xF0, 0xFF, 0xE1, 0xFF, 0x83, 0xFF, 0x07, 0xFC, 0x0F, 0x0E, 0x3C, 0x07,
    0x9E, 0x03, 0xFF, 0x00, 0xFF, 0x00, 0x08, 0x00, 0x00, 0x03, 0xE0, 0x3E, 0xF8, 0x1E, 0x7C, 0x1F,
    0x1E, 0x0F, 0x0F, 0x87, 0x83, 0xC7, 0xC1, 0xF3, 0xC0, 0x7B, 0xE0, 0x3D, 0xE0, 0x0F, 0xF0, 0x07,
    0xF0, 0x03, 0xF8, 0x00, 0xFC, 0x00, 0x7C, 0x00, 0x7E, 0x01, 0xFE, 0x00, 0xFE, 0x00, 0x7E, 0x00,
    0xF0, 0x1F, 0xE0, 0x3F, 0xC0, 0x7F, 0x80, 0xFF, 0x01, 0xFE, 0x03, 0xFC, 0x07, 0xF8, 0x0F, 0xF0,
    0x1F, 0xE0, 0x3F, 0xC0, 0x7F, 0x80, 0xFF, 0x01, 0xFE, 0x03, 0xFC, 0x07, 0xFF, 0xFF, 0xFF, 0xFF,
    0xFF, 0xFC, 0x1E, 0x00, 0x3C, 0x00, 0x78, 0x00, 0xF0, 0x00, 0x03, 0xF0, 0x01, 0xFC, 0x00, 0x7F,
    0x00, 0x1F, 0xE0, 0x0F, 0xF8, 0x03, 0xDE, 0x00, 0xF7, 0xC0, 0x7D, 0xF0, 0x1F, 0x3C, 0x07, 0x8F,
    0x83, 0xE3, 0xE0, 0xFF, 0xF8, 0x3F, 0xFF, 0x1F, 0xFF, 0xC7, 0xC0, 0xF3, 0xE0, 0x3E, 0xF8, 0x0F,
    0xBE, 0x01, 0xF0, 0xFF, 0xF7, 0xFF, 0xBF, 0xFD, 0xE0, 0x0F, 0x00, 0x78, 0x03, 0xC0, 0x1F, 0xF8,
    0xFF, 0xF7, 0xFF, 0xBC, 0x7F, 0xE1, 0xFF, 0x07, 0xF8, 0x7F, 0xC7, 0xFF, 0xFE, 0xFF, 0xF7, 0xFE,
    0x00, 0xFF, 0xE7, 0xFF, 0xBF, 0xFF, 0xE1, 0xFF, 0x07, 0xF8, 0x3F, 0xC3, 0xFF, 0xFE, 0xFF, 0xE7,
    0xFF, 0xBC, 0x7F, 0xE0, 0xFF, 0x07, 0xF8, 0x3F, 0xC3, 0xFF, 0xFF, 0xFF, 0xF7, 0xFF, 0x00, 0xFF,
    0xFF, 0xFF, 0xFF, 0xF8, 0x0F, 0x01, 0xE0, 0x3C, 0x07, 0x80, 0xF0, 0x1E, 0x03, 0xC0, 0x78, 0x0F,
    0x01, 0xE0, 0x3C, 0x07, 0x80, 0xF0, 0x1E, 0x00, 0x0F, 0xFF, 0x81, 0xFF, 0xF0, 0x3F, 0xFE, 0x07,
    0x83, 0xC0, 0xF0, 0x78, 0x1E, 0x0F, 0x03, 0xC1, 0xE0, 0x78, 0x3C, 0x0F, 0x07, 0x81, 0xE0, 0xF0,
    0x7C, 0x1E, 0x0F, 0x83, 0xC1, 0xE0, 0x78, 0x3C, 0x0F, 0x0F, 0x81, 0xE7, 0xFF, 0xFF, 0xFF, 0xFF,
    0xFF, 0xFF, 0xFF, 0xC0, 0x07, 0xF8, 0x00, 0xFF, 0x00, 0x1F, 0xE0, 0x03, 0xF8, 0x00, 0x38, 0xFF,
    0xFF, 0xFF, 0xFF, 0xF8, 0x0F, 0x01, 0xE0, 0x3C, 0x07, 0xFE, 0xFF, 0xDF, 0xFB, 0xC0, 0x78, 0x0F,
    0x01, 0xE0, 0x3C, 0x07, 0xFF, 0xFF, 0xFF, 0xFC, 0x7C, 0x1E, 0x0F, 0x8F, 0x87, 0x87, 0xC1, 0xE1,
    0xE1, 0xE0, 0x7C, 0x78, 0xF8, 0x0F, 0x9E, 0x7C, 0x01, 0xE7, 0x9E, 0x00, 0x7D, 0xEF, 0x80, 0x0F,
    0xFF, 0xC0, 0x03, 0xFF, 0xF0, 0x00, 0xFF, 0xFC, 0x00, 0x7D, 0xEF, 0x80, 0x1E, 0x7B, 0xE0, 0x0F,
    0x9E, 0x7C, 0x07, 0xC7, 0x8F, 0x81, 0xF1, 0xE3, 0xE0, 0xF8, 0x78, 0x7C, 0x7C, 0x1E, 0x1F, 0x9F,
    0x07, 0x83, 0xE0, 0x3F, 0xE3, 0xFF, 0x9F, 0xFE, 0xE1, 0xF0, 0x07, 0x80, 0x7C, 0x07, 0xE3, 0xFE,
    0x1F, 0xE0, 0xFF, 0x80, 0x7E, 0x00, 0xF0, 0x07, 0x80, 0x3D, 0xC7, 0xEF, 0xFF, 0x7F, 0xF3, 0xFE,
    0x00, 0xF0, 0x3F, 0xE0, 0xFF, 0xC1, 0xFF, 0x87, 0xFF, 0x0F, 0xFE, 0x3F, 0xFC, 0x7F, 0xF9, 0xEF,
    0xF3, 0xDF, 0xEF, 0x3F, 0xDE, 0x7F, 0xF8, 0xFF, 0xF1, 0xFF, 0xC3, 0xFF, 0x87, 0xFE, 0x0F, 0xFC,
    0x1F, 0xF0, 0x3C, 0x3C, 0x78, 0x3D, 0xE0, 0x7F, 0xC0, 0x7F, 0x00, 0x10, 0x00, 0x00, 0x3C, 0x0F,
    0xF8, 0x3F, 0xF0, 0x7F, 0xE1, 0xFF, 0xC3, 0xFF, 0x8F, 0xFF, 0x1F, 0xFE, 0x7B, 0xFC, 0xF7, 0xFB,
    0xCF, 0xF7, 0x9F, 0xFE, 0x3F, 0xFC, 0x7F, 0xF0, 0xFF, 0xE1, 0xFF, 0x83, 0xFF, 0x07, 0xFC, 0x0F,
    0xF0, 0x7D, 0xE0, 0xFB, 0xC3, 0xE7, 0x8F, 0x8F, 0x1F, 0x1E, 0x7C, 0x3D, 0xF0, 0x7F, 0xE0, 0xFF,
    0x81, 0xFF, 0x83, 0xDF, 0x07, 0x9F, 0x0F, 0x3F, 0x1E, 0x3E, 0x3C, 0x3E, 0x78, 0x7E, 0xF0, 0x7D,
    0xE0, 0x7C, 0x0F, 0xFF, 0x87, 0xFF, 0xC3, 0xFF, 0xE1, 0xE0, 0xF0, 0xF0, 0x78, 0x78, 0x3C, 0x3C,
    0x1E, 0x1E, 0x0F, 0x0F, 0x07, 0x87, 0x83, 0xC3, 0xC1, 0xE3, 0xE0, 0xF1, 0xF0, 0x78, 0xF8, 0x3C,
    0xFC, 0x1F, 0xFC, 0x0F, 0xFE, 0x07, 0xFE, 0x03, 0xC0, 0xFC, 0x07, 0xFF, 0x80, 0xFF, 0xF8, 0x1F,
    0xFF, 0x07, 0xFF, 0xE0, 0xFF, 0xFC, 0x1F, 0xFF, 0xC7, 0xFF, 0xF8, 0xEF, 0xF7, 0x1D, 0xFE, 0xF7,
    0xBF, 0xDE, 0xF7, 0xF9, 0xDC, 0xFF, 0x3F, 0x9F, 0xE7, 0xF3, 0xFC, 0xFC, 0x7F, 0x8F, 0x8F, 0xF1,
    0xF1, 0xFE, 0x3C, 0x3C, 0xF0, 0x1F, 0xE0, 0x3F, 0xC0, 0x7F, 0x80, 0xFF, 0x01, 0xFE, 0x03, 0xFC,
    0x07, 0xFF, 0xFF, 0xFF, 0xFF, 0xFF, 0xFF, 0xC0, 0x7F, 0x80, 0xFF, 0x01, 0xFE, 0x03, 0xFC, 0x07,
    0xF8, 0x0F, 0xF0, 0x1F, 0xE0, 0x3C, 0x0F, 0xF8, 0x0F, 0xFE, 0x0F, 0xFF, 0x8F, 0xC7, 0xEF, 0x81,
    0xF7, 0xC0, 0x7F, 0xC0, 0x3F, 0xE0, 0x0F, 0xF0, 0x07, 0xF8, 0x03, 0xFC, 0x01, 0xFE, 0x01, 0xFF,
    0x80, 0xFF, 0xC0, 0xF9, 0xF8, 0xFC, 0x7F, 0xFC, 0x1F, 0xFC, 0x07, 0xFC, 0x00, 0xFF, 0xFF, 0xFF,
    0xFF, 0xFF, 0xFF, 0x80, 0xFF, 0x01, 0xFE, 0x03, 0xFC, 0x07, 0xF8, 0x0F, 0xF0, 0x1F, 0xE0, 0x3F,
    0xC0, 0x7F, 0x80, 0xFF, 0x01, 0xFE, 0x03, 0xFC, 0x07, 0xF8, 0x0F, 0xF0, 0x1F, 0xE0, 0x3C, 0xFF,
    0xCF, 0xFE, 0xFF, 0xFF, 0x1F, 0xF0, 0xFF, 0x0F, 0xF0, 0xFF, 0x0F, 0xF3, 0xFF, 0xFE, 0xFF, 0xEF,
    0xF8, 0xF0, 0x0F, 0x00, 0xF0, 0x0F, 0x00, 0xF0, 0x0F, 0x00, 0x0F, 0xFC, 0x3F, 0xF8, 0xFF, 0xF3,
    0xF0, 0xC7, 0xC0, 0x1F, 0x00, 0x3C, 0x00, 0x78, 0x00, 0xF0, 0x01, 0xE0, 0x03, 0xC0, 0x07, 0x80,
    0x0F, 0x80, 0x1F, 0x80, 0x1F, 0x87, 0x1F, 0xFE, 0x1F, 0xFC, 0x1F, 0xF8, 0xFF, 0xFF, 0xFF, 0xFF,
    0xFE, 0x0F, 0x00, 0x78, 0x03, 0xC0, 0x1E, 0x00, 0xF0, 0x07, 0x80, 0x3C, 0x01, 0xE0, 0x0F, 0x00,
    0x78, 0x03, 0xC0, 0x1E, 0x00, 0xF0, 0x07, 0x80, 0x3C, 0x00, 0xF8, 0x0F, 0xBE, 0x07, 0x9F, 0x07,
    0xC7, 0x83, 0xC3, 0xE1, 0xE0, 0xF1, 0xF0, 0x7C, 0xF0, 0x1E, 0xF8, 0x0F, 0x78, 0x03, 0xFC, 0x01,
    0xFC, 0x00, 0xFE, 0x00, 0x3F, 0x00, 0x1F, 0x00, 0x1F, 0x80, 0x7F, 0x80, 0x3F, 0x80, 0x1F, 0x80,
    0x00, 0x00, 0xF0, 0x00, 0x0F, 0x00, 0x0F, 0xFF, 0x03, 0xFF, 0xFC, 0x7F, 0xFF, 0xEF, 0xCF, 0x3E,
    0xF8, 0xF1, 0xFF, 0x0F, 0x1F, 0xF0, 0xF0, 0xFF, 0x0F, 0x0F, 0xF0, 0xF1, 0xFF, 0x8F, 0x1F, 0xFE,
    0xF7, 0xE7, 0xFF, 0xFE, 0x3F, 0xFF, 0xC0, 0xFF, 0xF0, 0x00, 0xF0, 0x00, 0x0F, 0x00, 0xF8, 0x0F,
    0xBE, 0x0F, 0x8F, 0x87, 0x87, 0xC7, 0xC1, 0xF7, 0xC0, 0x7B, 0xC0, 0x3F, 0xE0, 0x0F, 0xE0, 0x03,
    0xF0, 0x03, 0xF8, 0x01, 0xFC, 0x01, 0xFF, 0x01, 0xF7, 0xC0, 0xF3, 0xE0, 0xF8, 0xF8, 0xF8, 0x3E,
    0x7C, 0x1F, 0x7C, 0x07, 0xC0, 0xF0, 0x1E, 0x78, 0x0F, 0x3C, 0x07, 0x9E, 0x03, 0xCF, 0x01, 0xE7,
    0x80, 0xF3, 0xC0, 0x79, 0xE0, 0x3C, 0xF0, 0x1E, 0x78, 0x0F, 0x3C, 0x07, 0x9E, 0x03, 0xCF, 0x01,
    0xE7, 0x80, 0xF3, 0xC0, 0x79, 0xFF, 0xFF, 0xFF, 0xFF, 0xFF, 0xFF, 0xC0, 0x01, 0xE0, 0x00, 0xF0,
    0x00, 0x78, 0x00, 0x3C, 0x00, 0x0E, 0xF0, 0x3F, 0xC0, 0xFF, 0x03, 0xFC, 0x0F, 0xF0, 0x3F, 0xC0,
    0xFF, 0x03, 0xFC, 0x0F, 0xFC, 0xFF, 0xFF, 0xF7, 0xFF, 0xCF, 0xFF, 0x00, 0x3C, 0x00, 0xF0, 0x03,
    0xC0, 0x0F, 0x00, 0x3C, 0x00, 0xF0, 0xF0, 0x78, 0x3F, 0xE0, 0xF0, 0x7F, 0xC1, 0xE0, 0xFF, 0x83,
    0xC1, 0xFF, 0x07, 0x83, 0xFE, 0x0F, 0x07, 0xFC, 0x1E, 0x0F, 0xF8, 0x3C, 0x1F, 0xF0, 0x78, 0x3F,
    0xE0, 0xF0, 0x7F, 0xC1, 0xE0, 0xFF, 0x83, 0xC1, 0xFF, 0x07, 0x83, 0xFE, 0x0F, 0x07, 0xFC, 0x1E,
    0x0F, 0xFF, 0xFF, 0xFF, 0xFF, 0xFF, 0xFF, 0xFF, 0xFF, 0xFC, 0xF0, 0x78, 0x3C, 0x78, 0x3C, 0x1E,
    0x3C, 0x1E, 0x0F, 0x1E, 0x0F, 0x07, 0x8F, 0x07, 0x83, 0xC7, 0x83, 0xC1, 0xE3, 0xC1, 0xE0, 0xF1,
    0xE0, 0xF0, 0x78, 0xF0, 0x78, 0x3C, 0x78, 0x3C, 0x1E, 0x3C, 0x1E, 0x0F, 0x1E, 0x0F, 0x07, 0x8F,
    0x07, 0x83, 0xC7, 0x83, 0xC1, 0xE3, 0xC1, 0xE0, 0xF1, 0xFF, 0xFF, 0xFF, 0xFF, 0xFF, 0xFF, 0xFF,
    0xFF, 0xFF, 0xC0, 0x00, 0x01, 0xE0, 0x00, 0x00, 0xF0, 0x00, 0x00, 0x78, 0x00, 0x00, 0x3C, 0x00,
    0x00, 0x1C, 0xFF, 0x80, 0x3F, 0xE0, 0x0F, 0xF8, 0x00, 0x1E, 0x00, 0x07, 0x80, 0x01, 0xE0, 0x00,
    0x7F, 0xE0, 0x1F, 0xFC, 0x07, 0xFF, 0x81, 0xE3, 0xF0, 0x78, 0x7C, 0x1E, 0x0F, 0x07, 0x83, 0xC1,
    0xE1, 0xF0, 0x78, 0xFC, 0x1F, 0xFE, 0x07, 0xFF, 0x81, 0xFF, 0x80, 0xF0, 0x01, 0xFE, 0x00, 0x3F,
    0xC0, 0x07, 0xF8, 0x00, 0xFF, 0x00, 0x1F, 0xE0, 0x03, 0xFF, 0xF0, 0x7F, 0xFF, 0x0F, 0xFF, 0xF1,
    0xFE, 0x3F, 0x3F, 0xC3, 0xE7, 0xF8, 0x3C, 0xFF, 0x07, 0x9F, 0xE1, 0xF3, 0xFC, 0x7E, 0x7F, 0xFF,
    0x8F, 0xFF, 0xF1, 0xFF, 0xF8, 0x3C, 0xF0, 0x07, 0x80, 0x3C, 0x01, 0xE0, 0x0F, 0x00, 0x78, 0x03,
    0xFF, 0x1F, 0xFC, 0xFF, 0xF7, 0x8F, 0xFC, 0x3F, 0xE0, 0xFF, 0x07, 0xF8, 0x7F, 0xC7, 0xFF, 0xFE,
    0xFF, 0xF7, 0xFE, 0x00, 0x7F, 0xE1, 0xFF, 0xE1, 0xFF, 0xE3, 0x87, 0xE0, 0x03, 0xC0, 0x07, 0xC0,
    0x0F, 0x8F, 0xFF, 0x1F, 0xFE, 0x3F, 0xFC, 0x00, 0x78, 0x01, 0xF0, 0x03, 0xE0, 0x0F, 0x9C, 0x3F,
    0x3F, 0xFC, 0x7F, 0xF0, 0xFF, 0xC0, 0xF0, 0x3F, 0xC3, 0xC1, 0xFF, 0x8F, 0x0F, 0xFF, 0x3C, 0x7E,
    0x7E, 0xF1, 0xE0, 0x7B, 0xCF, 0x81, 0xFF, 0x3C, 0x07, 0xFF, 0xF0, 0x0F, 0xFF, 0xC0, 0x3F, 0xFF,
    0x00, 0xFF, 0x3C, 0x03, 0xFC, 0xF0, 0x1F, 0xF3, 0xE0, 0x7F, 0xC7, 0x81, 0xEF, 0x1F, 0x9F, 0xBC,
    0x3F, 0xFC, 0xF0, 0x7F, 0xE3, 0xC0, 0xFF, 0x00, 0x0F, 0xFE, 0x3F, 0xFC, 0xFF, 0xF9, 0xF0, 0xF3,
    0xC1, 0xE7, 0x83, 0xCF, 0x07, 0x9F, 0x0F, 0x1F, 0xFE, 0x1F, 0xFC, 0x1F, 0xF8, 0x7C, 0xF1, 0xF1,
    0xE3, 0xE3, 0xCF, 0x87, 0x9F, 0x0F, 0x7C, 0x1F, 0xF0, 0x3C, 0x3F, 0xC7, 0xFE, 0x7F, 0xF3, 0x1F,
    0x00, 0xF3, 0xFF, 0x7F, 0xFF, 0xFF, 0xF0, 0xFF, 0x0F, 0xF9, 0xFF, 0xFF, 0xFF, 0xF7, 0xE7, 0x00,
    0x30, 0x3F, 0x87, 0xFC, 0x7F, 0xE7, 0xFE, 0x3E, 0x03, 0xE0, 0x1E, 0xFC, 0xFF, 0xF7, 0xFF, 0xFE,
    0x3F, 0xE0, 0xFF, 0x07, 0xF8, 0x3F, 0xC1, 0xFE, 0x0F, 0xF8, 0xFB, 0xFF, 0x8F, 0xF8, 0x3F, 0x80,
    0xFF, 0xCF, 0xFF, 0xFF, 0xFF, 0x1F, 0xF1, 0xFF, 0xFE, 0xFF, 0xCF, 0xFF, 0xF1, 0xFF, 0x0F, 0xF1,
    0xFF, 0xFF, 0xFF, 0xEF, 0xFC, 0xFF, 0xFF, 0xFF, 0xFF, 0xC0, 0xF0, 0x3C, 0x0F, 0x03, 0xC0, 0xF0,
    0x3C, 0x0F, 0x03, 0xC0, 0xF0, 0x3C, 0x00, 0x1F, 0xFC, 0x1F, 0xFC, 0x1F, 0xFC, 0x1E, 0x3C, 0x1E,
    0x3C, 0x1E, 0x3C, 0x1E, 0x3C, 0x1E, 0x3C, 0x3E, 0x3C, 0x3E, 0x3C, 0x7C, 0x3C, 0xFF, 0xFF, 0xFF,
    0xFF, 0xFF, 0xFF, 0xF0, 0x0F, 0xF0, 0x0F, 0xF0, 0x0F, 0xE0, 0x0E, 0x1F, 0xC1, 0xFF, 0x9F, 0xFD,
    0xF1, 0xFF, 0x07, 0xFF, 0xFF, 0xFF, 0xFF, 0xFF, 0xF0, 0x07, 0xC0, 0x3F, 0x0C, 0xFF, 0xE3, 0xFF,
    0x0F, 0xF8, 0x78, 0x78, 0xF9, 0xF1, 0xE3, 0xC3, 0xE7, 0x9E, 0x07, 0x9E, 0xF8, 0x1F, 0x7B, 0xC0,
    0x3F, 0xFE, 0x00, 0x7F, 0xF8, 0x03, 0xFF, 0xE0, 0x1F, 0x7B, 0xC0, 0x7D, 0xEF, 0x83, 0xE7, 0x9E,
    0x1F, 0x1E, 0x7C, 0x7C, 0x78, 0xFB, 0xE1, 0xE3, 0xE0, 0x7F, 0xC7, 0xFF, 0x7F, 0xF3, 0x1F, 0x01,
    0xF1, 0xFE, 0x1F, 0xC1, 0xFF, 0x01, 0xF0, 0x0F, 0x61, 0xF7, 0xFF, 0x7F, 0xE7, 0xFC, 0xF0, 0xFF,
    0x8F, 0xFC, 0x7F, 0xE7, 0xFF, 0x3F, 0xFB, 0xFF, 0xDF, 0xFF, 0xEF, 0xFF, 0x7F, 0xF3, 0xFF, 0x9F,
    0xF8, 0xFF, 0xC7, 0xFC, 0x3C, 0x78, 0xF3, 0xEF, 0x8F, 0xF8, 0x7F, 0xC1, 0xFC, 0x00, 0x03, 0xC3,
    0xFE, 0x3F, 0xF1, 0xFF, 0x9F, 0xFC, 0xFF, 0xEF, 0xFF, 0x7F, 0xFF, 0xBF, 0xFD, 0xFF, 0xCF, 0xFE,
    0x7F, 0xE3, 0xFF, 0x1F, 0xF0, 0xF0, 0xF0, 0xFB, 0xC3, 0xCF, 0x1F, 0x3C, 0xF8, 0xF3, 0xC3, 0xDF,
    0x0F, 0xF8, 0x3F, 0xE0, 0xFF, 0xC3, 0xDF, 0x8F, 0x3E, 0x3C, 0x7C, 0xF0, 0xFB, 0xC3, 0xE0, 0x1F,
    0xFC, 0x7F, 0xF1, 0xFF, 0xC7, 0x8F, 0x1E, 0x3C, 0x78, 0xF1, 0xE3, 0xCF, 0x8F, 0x3E, 0x3C, 0xF8,
    0xFF, 0xE3, 0xFF, 0x0F, 0xFC, 0x3F, 0xE0, 0xF0, 0xFC, 0x1F, 0xFE, 0x0F, 0xFF, 0x8F, 0xFF, 0xC7,
    0xFF, 0xE3, 0xFF, 0xF9, 0xFF, 0xFD, 0xFF, 0xEE, 0xEF, 0xF7, 0xF7, 0xFB, 0xFB, 0xFC, 0xF9, 0xFE,
    0x7C, 0xFF, 0x3E, 0x7F, 0x8E, 0x3C, 0xF0, 0x7F, 0x83, 0xFC, 0x1F, 0xE0, 0xFF, 0x07, 0xF8, 0x3F,
    0xFF, 0xFF, 0xFF, 0xFF, 0xFF, 0x83, 0xFC, 0x1F, 0xE0, 0xFF, 0x07, 0xF8, 0x3C, 0x1F, 0xC1, 0xFF,
    0x1F, 0xFD, 0xF1, 0xFF, 0x8F, 0xF8, 0x3F, 0xC1, 0xFE, 0x0F, 0xF0, 0x7F, 0xC7, 0xFE, 0x3E, 0xFF,
    0xE3, 0xFE, 0x0F, 0xE0, 0xFF, 0xFF, 0xFF, 0xFF, 0xFF, 0x0F, 0xF0, 0xFF, 0x0F, 0xF0, 0xFF, 0x0F,
    0xF0, 0xFF, 0x0F, 0xF0, 0xFF, 0x0F, 0xF0, 0xFF, 0x0F, 0xF7, 0xE7, 0xFF, 0xBF, 0xFD, 0xF3, 0xFF,
    0x0F, 0xF8, 0x3F, 0xC1, 0xFE, 0x0F, 0xF0, 0x7F, 0xC7, 0xFE, 0x7F, 0xFF, 0xEF, 0xFF, 0x7B, 0xE3,
    0xC0, 0x1E, 0x00, 0xF0, 0x07, 0x80, 0x3C, 0x01, 0xE0, 0x00, 0x1F, 0xE7, 0xFD, 0xFF, 0xFE, 0x2F,
    0x81, 0xE0, 0x3C, 0x07, 0x80, 0xF0, 0x1F, 0x03, 0xF1, 0xBF, 0xF3, 0xFE, 0x3F, 0xC0, 0xFF, 0xFF,
    0xFF, 0xFF, 0xF0, 0xF0, 0x0F, 0x00, 0xF0, 0x0F, 0x00, 0xF0, 0x0F, 0x00, 0xF0, 0x0F, 0x00, 0xF0,
    0x0F, 0x00, 0xF0, 0xF8, 0x3F, 0xF0, 0x7D, 0xF0, 0xF3, 0xE3, 0xE3, 0xC7, 0x87, 0xCF, 0x0F, 0xBE,
    0x0F, 0x78, 0x1F, 0xF0, 0x1F, 0xE0, 0x3F, 0x80, 0x7F, 0x00, 0x7C, 0x00, 0xF8, 0x01, 0xF0, 0x03,
    0xC0, 0x0F, 0x80, 0xFE, 0x01, 0xFC, 0x03, 0xE0, 0x00, 0x01, 0xE0, 0x00, 0x78, 0x00, 0x1E, 0x00,
    0x07, 0x80, 0x01, 0xE0, 0x03, 0xFF, 0x03, 0xFF, 0xF1, 0xFF, 0xFE, 0xFD, 0xEF, 0xFE, 0x79, 0xFF,
    0x1E, 0x3F, 0xC7, 0x8F, 0xF1, 0xE3, 0xFC, 0x78, 0xFF, 0x9E, 0x7F, 0xF7, 0xBF, 0x7F, 0xFF, 0x8F,
    0xFF, 0xC0, 0xFF, 0xC0, 0x07, 0x80, 0x01, 0xE0, 0x00, 0x78, 0x00, 0x1E, 0x00, 0x07, 0x80, 0x01,
    0xE0, 0x00, 0x7C, 0x3E, 0xF8, 0xF8, 0xFB, 0xE1, 0xF7, 0xC1, 0xFF, 0x01, 0xFC, 0x03, 0xF8, 0x07,
    0xF0, 0x0F, 0xE0, 0x3F, 0xE0, 0xFB, 0xE1, 0xE3, 0xC7, 0xC7, 0xDF, 0x07, 0xC0, 0xF0, 0xF3, 0xC3,
    0xCF, 0x0F, 0x3C, 0x3C, 0xF0, 0xF3, 0xC3, 0xCF, 0x0F, 0x3C, 0x3C, 0xF0, 0xF3, 0xC3, 0xCF, 0x0F,
    0x3F, 0xFF, 0xFF, 0xFF, 0xFF, 0xF0, 0x03, 0xC0, 0x0F, 0x00, 0x3C, 0x00, 0x00, 0xF0, 0x7F, 0x83,
    0xFC, 0x1F, 0xE0, 0xFF, 0x07, 0xF8, 0x3F, 0xE3, 0xFF, 0xFF, 0x7F, 0xF9, 0xFF, 0xC0, 0x1E, 0x00,
    0xF0, 0x07, 0x80, 0x3C, 0xF0, 0xF0, 0xFF, 0x0F, 0x0F, 0xF0, 0xF0, 0xFF, 0x0F, 0x0F, 0xF0, 0xF0,
    0xFF, 0x0F, 0x0F, 0xF0, 0xF0, 0xFF, 0x0F, 0x0F, 0xF0, 0xF0, 0xFF, 0x0F, 0x0F, 0xF0, 0xF0, 0xFF,
    0xFF, 0xFF, 0xFF, 0xFF, 0xFF, 0xFF, 0xFF, 0xF0, 0xF0, 0xF3, 0xC3, 0xC3, 0xCF, 0x0F, 0x0F, 0x3C,
    0x3C, 0x3C, 0xF0, 0xF0, 0xF3, 0xC3, 0xC3, 0xCF, 0x0F, 0x0F, 0x3C, 0x3C, 0x3C, 0xF0, 0xF0, 0xF3,
    0xC3, 0xC3, 0xCF, 0x0F, 0x0F, 0x3F, 0xFF, 0xFF, 0xFF, 0xFF, 0xFF, 0xFF, 0xFF, 0xF0, 0x00, 0x03,
    0xC0, 0x00, 0x0F, 0x00, 0x00, 0x3C, 0x00, 0x00, 0xE0, 0xFF, 0x00, 0xFF, 0x00, 0xFF, 0x00, 0x0F,
    0x00, 0x0F, 0x00, 0x0F, 0xFC, 0x0F, 0xFE, 0x0F, 0xFF, 0x0F, 0x1F, 0x0F, 0x0F, 0x0F, 0x1F, 0x0F,
    0xFF, 0x0F, 0xFE, 0x0F, 0xFC, 0xF0, 0x07, 0xF8, 0x03, 0xFC, 0x01, 0xFE, 0x00, 0xFF, 0x00, 0x7F,
    0xFE, 0x3F, 0xFF, 0x9F, 0xFF, 0xEF, 0xF1, 0xF7, 0xF8, 0x7B, 0xFC, 0x7D, 0xFF, 0xFE, 0xFF, 0xFE,
    0x7F, 0xFE, 0x3C, 0xF0, 0x0F, 0x00, 0xF0, 0x0F, 0x00, 0xF0, 0x0F, 0xFC, 0xFF, 0xEF, 0xFF, 0xF1,
    0xFF, 0x0F, 0xF1, 0xFF, 0xFF, 0xFF, 0xEF, 0xFC, 0xFF, 0x8F, 0xFC, 0x7F, 0xE6, 0x3F, 0x01, 0xF3,
    0xFF, 0x3F, 0xF3, 0xFF, 0x01, 0xF0, 0x1F, 0xC3, 0xEF, 0xFE, 0xFF, 0xCF, 0xF8, 0xF0, 0xFE, 0x3C,
    0x7F, 0xCF, 0x3F, 0xFB, 0xDF, 0x9F, 0xF7, 0xC7, 0xFF, 0xE0, 0xFF, 0xF8, 0x3F, 0xFE, 0x0F, 0xF7,
    0x83, 0xFD, 0xF1, 0xFF, 0x3E, 0x7F, 0xCF, 0xFE, 0xF1, 0xFF, 0x3C, 0x3F, 0x80, 0x0F, 0xFC, 0x7F,
    0xF3, 0xFF, 0xCF, 0x8F, 0x3C, 0x3C, 0xF8, 0xF3, 0xFF, 0xC7, 0xFF, 0x0F, 0xFC, 0x7C, 0xF1, 0xF3,
    0xCF, 0x8F, 0x7C, 0x3D, 0xF0, 0xF0, 0x3E, 0x01, 0xF0, 0x07, 0xC0, 0x0F, 0x00, 0x38, 0x00, 0x00,
    0x7F, 0x07, 0xFE, 0x7F, 0xF7, 0xC7, 0xFC, 0x1F, 0xFF, 0xFF, 0xFF, 0xFF, 0xFF, 0xC0, 0x1F, 0x00,
    0xFC, 0x33, 0xFF, 0x8F, 0xFC, 0x3F, 0xE0, 0x3D, 0xE1, 0xEF, 0x0F, 0x78, 0x00, 0x00, 0x00, 0x0F,
    0xE0, 0xFF, 0xCF, 0xFE, 0xF8, 0xFF, 0x83, 0xFF, 0xFF, 0xFF, 0xFF, 0xFF, 0xF8, 0x03, 0xE0, 0x1F,
    0x86, 0x7F, 0xF1, 0xFF, 0x87, 0xFC, 0x3C, 0x01, 0xFF, 0x83, 0xFF, 0x07, 0xFE, 0x03, 0xC0, 0x07,
    0x80, 0x0F, 0x7E, 0x1F, 0xFE, 0x3F, 0xFE, 0x7E, 0x7C, 0xF8, 0xF9, 0xE0, 0xF3, 0xC1, 0xE7, 0x83,
    0xCF, 0x07, 0x9E, 0x0F, 0x3C, 0x1E, 0x78, 0x3C, 0xF0, 0x78, 0x00, 0xF0, 0x01, 0xE0, 0x07, 0xC0,
    0x7F, 0x80, 0xFE, 0x01, 0xF8, 0x07, 0xC1, 0xF0, 0xF8, 0x78, 0x1C, 0x00, 0x0F, 0xFF, 0xFF, 0xFF,
    0xFC, 0x0F, 0x03, 0xC0, 0xF0, 0x3C, 0x0F, 0x03, 0xC0, 0xF0, 0x3C, 0x0F, 0x03, 0xC0, 0x1F, 0xE7,
    0xFD, 0xFF, 0xFE, 0x2F, 0x81, 0xFF, 0x3F, 0xE7, 0xFC, 0xF0, 0x1F, 0x03, 0xF1, 0xBF, 0xF3, 0xFE,
    0x3F, 0xC0, 0x3F, 0xDF, 0xFF, 0xFF, 0x78, 0xEF, 0x81, 0xFC, 0x1F, 0xE1, 0xFE, 0x0F, 0xE0, 0x7F,
    0x8F, 0xFF, 0xFF, 0xFD, 0xFF, 0x00, 0xFF, 0xFF, 0x0F, 0xFF, 0xFF, 0xFF, 0xFF, 0xFF, 0xFF, 0xF0,
    0xEF, 0xDF, 0xBF, 0x70, 0x0F, 0x1E, 0x3C, 0x78, 0xF1, 0xE3, 0xC7, 0x8F, 0x1E, 0x3C, 0x78, 0xF1,
    0xE0, 0x1E, 0x3C, 0x78, 0xF0, 0x03, 0xC7, 0x8F, 0x1E, 0x3C, 0x78, 0xF1, 0xE3, 0xC7, 0x8F, 0x1E,
    0x3C, 0x78, 0xF1, 0xE7, 0xFF, 0xFE, 0xF8, 0x1F, 0xFC, 0x00, 0xFF, 0xE0, 0x07, 0xFF, 0x00, 0x3C,
    0x78, 0x01, 0xE3, 0xFE, 0x0F, 0x1F, 0xF8, 0x78, 0xFF, 0xE3, 0xC7, 0x9F, 0x1E, 0x3C, 0x79, 0xF1,
    0xE3, 0xCF, 0x8F, 0x3F, 0xFC, 0x7F, 0xFF, 0xC3, 0xFF, 0x7C, 0x1F, 0xF0, 0xF0, 0xF0, 0x0F, 0x0F,
    0x00, 0xF0, 0xF0, 0x0F, 0x0F, 0x00, 0xF0, 0xF0, 0x0F, 0xFF, 0xFC, 0xFF, 0xFF, 0xEF, 0xFF, 0xFF,
    0xF0, 0xF1, 0xFF, 0x0F, 0x0F, 0xF0, 0xF1, 0xFF, 0x0F, 0xFF, 0xF0, 0xFF, 0xEF, 0x0F, 0xFC, 0x3C,
    0x01, 0xFF, 0x83, 0xFF, 0x07, 0xFE, 0x03, 0xC0, 0x07, 0x80, 0x0F, 0x7E, 0x1F, 0xFE, 0x3F, 0xFE,
    0x7E, 0x7C, 0xF8, 0xF9, 0xE0, 0xF3, 0xC1, 0xE7, 0x83, 0xCF, 0x07, 0x9E, 0x0F, 0x3C, 0x1E, 0x78,
    0x3C, 0xF0, 0x78, 0x01, 0xF0, 0x0F, 0x80, 0x7C, 0x01, 0xE0, 0x0F, 0x00, 0x00, 0x0F, 0x0F, 0xBC,
    0x3C, 0xF1, 0xF3, 0xCF, 0x8F, 0x3C, 0x3D, 0xF0, 0xFF, 0x83, 0xFE, 0x0F, 0xFC, 0x3D, 0xF8, 0xF3,
    0xE3, 0xC7, 0xCF, 0x0F, 0xBC, 0x3E, 0x3E, 0x01, 0xF0, 0x03, 0xC0, 0x0F, 0x00, 0x38, 0x00, 0x03,
    0xC3, 0xFE, 0x3F, 0xF1, 0xFF, 0x9F, 0xFC, 0xFF, 0xEF, 0xFF, 0x7F, 0xFF, 0xBF, 0xFD, 0xFF, 0xCF,
    0xFE, 0x7F, 0xE3, 0xFF, 0x1F, 0xF0, 0xF0, 0x1E, 0x78, 0x3C, 0xF0, 0x7F, 0xE0, 0x7F, 0x80, 0x7E,
    0x00, 0x00, 0x3E, 0x0F, 0xFC, 0x1F, 0x7C, 0x3C, 0xF8, 0xF8, 0xF1, 0xE1, 0xF3, 0xC3, 0xEF, 0x83,
    0xDE, 0x07, 0xFC, 0x07, 0xF8, 0x0F, 0xE0, 0x1F, 0xC0, 0x1F, 0x00, 0x3E, 0x00, 0x7C, 0x00, 0xF0,
    0x03, 0xE0, 0x3F, 0x80, 0x7F, 0x00, 0xF8, 0x00, 0xF0, 0xFF, 0x0F, 0xF0, 0xFF, 0x0F, 0xF0, 0xFF,
    0x0F, 0xF0, 0xFF, 0x0F, 0xF0, 0xFF, 0x0F, 0xF0, 0xFF, 0xFF, 0xFF, 0xFF, 0xFF, 0x0F, 0x00, 0xF0,
    0x0F, 0x00, 0xF0, 0xF0, 0x78, 0x1F, 0xE0, 0xF0, 0x3F, 0xC1, 0xF0, 0x7F, 0x83, 0xE0, 0xFF, 0x87,
    0xC3, 0xFF, 0x0F, 0x87, 0xFE, 0x1F, 0x0F, 0xBC, 0x3E, 0x1F, 0x78, 0xFE, 0x3C, 0xF9, 0xFC, 0x79,
    0xF3, 0xF9, 0xF1, 0xEF, 0xFB, 0xE3, 0xFF, 0xF7, 0x83, 0xFD, 0xFF, 0x07, 0xF3, 0xFC, 0x0F, 0xE3,
    0xF8, 0x0F, 0xC7, 0xE0, 0x1F, 0x87, 0xC0, 0xF0, 0xF0, 0xFF, 0x87, 0x87, 0xFC, 0x3E, 0x3D, 0xE1,
    0xF1, 0xEF, 0x8F, 0x8F, 0x7C, 0x7C, 0xF9, 0xE3, 0xE7, 0xCF, 0x3F, 0xBC, 0x7D, 0xFD, 0xE1, 0xFF,
    0xFF, 0x0F, 0xFF, 0xF0, 0x3F, 0x3F, 0x81, 0xF9, 0xF8, 0x07, 0x87, 0xC0, 0x1E, 0x00, 0x1E, 0x00,
    0xFF, 0xF0, 0xFF, 0xF0, 0xFF, 0xF0, 0x1E, 0x00, 0x1E, 0x00, 0x1F, 0xF8, 0x1F, 0xFE, 0x1F, 0xFE,
    0x1E, 0x3F, 0x1E, 0x1F, 0x1E, 0x0F, 0x1E, 0x1F, 0x1E, 0x3F, 0x1F, 0xFE, 0x1F, 0xFE, 0x1F, 0xF8,
    0x1E, 0x00, 0x1E, 0x00, 0x1E, 0x00, 0xFF, 0xE0, 0xFF, 0xE0, 0xFF, 0xE0, 0x1E, 0x00, 0x1E, 0x00,
    0x1F, 0xFC, 0x1F, 0xFE, 0x1F, 0xFF, 0x1E, 0x1F, 0x1E, 0x0F, 0x1E, 0x1F, 0x1F, 0xFF, 0x1F, 0xFE,
    0x1F, 0xFC, 0xF0, 0x1F, 0xF7, 0x83, 0xFF, 0xFC, 0x3F, 0xFD, 0xE3, 0xF0, 0xEF, 0x1F, 0x00, 0x79,
    0xF0, 0x03, 0xCF, 0x80, 0x1F, 0xFF, 0xF8, 0xFF, 0xFF, 0xC7, 0xFF, 0xFE, 0x3C, 0xF8, 0x01, 0xE7,
    0xC0, 0x0F, 0x3E, 0x00, 0x78, 0xF8, 0x03, 0xC7, 0xF1, 0xDE, 0x1F, 0xFE, 0xF0, 0x7F, 0xF7, 0x80,
    0xFF, 0x80, 0xF0, 0x7F, 0xBC, 0x3F, 0xFF, 0x1F, 0xFB, 0xC7, 0xC6, 0xF3, 0xE0, 0x3F, 0xFF, 0xCF,
    0xFF, 0xF3, 0xFF, 0xFC, 0xF3, 0xE0, 0x3C, 0xF8, 0x0F, 0x1F, 0x1B, 0xC7, 0xFE, 0xF0, 0xFF, 0xBC,
    0x1F, 0xE0, 0x01, 0xF8, 0x00, 0x3F, 0x80, 0x03, 0xFC, 0x00, 0x3F, 0xC0, 0x07, 0xBE, 0x00, 0x79,
    0xE0, 0x0F, 0x1E, 0x00, 0xFF, 0xF0, 0x0F, 0xFF, 0x01, 0xFF, 0xF0, 0x1E, 0xF7, 0x81, 0xEF, 0x78,
    0x3C, 0xF7, 0xC3, 0xCF, 0x3C, 0x7C, 0xF3, 0xC7, 0x8F, 0x3E, 0x78, 0xF1, 0xEF, 0x8F, 0x1E, 0x03,
    0xF0, 0x01, 0xFC, 0x00, 0x7F, 0x80, 0x1F, 0xE0, 0x0F, 0x3C, 0x03, 0xCF, 0x01, 0xFF, 0xC0, 0x7F,
    0xF8, 0x3F, 0xFE, 0x0F, 0x7B, 0xC3, 0xDE, 0xF1, 0xE7, 0xBE, 0x79, 0xE7, 0xBE, 0x79, 0xE0, 0xF0,
    0x1F, 0x80, 0xF0, 0x3F, 0x80, 0xF0, 0x3F, 0xC0, 0xF0, 0x3F, 0xC0, 0xF0, 0x7B, 0xE0, 0xF0, 0x79,
    0xE0, 0xF0, 0x71, 0xE0, 0xFF, 0xFF, 0xF0, 0xFF, 0xFF, 0xF0, 0xFF, 0xFF, 0xF0, 0xF1, 0xEF, 0x78,
    0xF1, 0xEF, 0x78, 0xF3, 0xCF, 0x7C, 0xF3, 0xCF, 0x3C, 0xF3, 0xCF, 0x3C, 0xF7, 0x8F, 0x3E, 0xF7,
    0x8F, 0x1E, 0xFF, 0x8F, 0x1E, 0xF0, 0x3F, 0x03, 0xC1, 0xFC, 0x0F, 0x07, 0xF8, 0x3C, 0x1F, 0xE0,
    0xF0, 0xF3, 0xC3, 0xFF, 0xCF, 0x0F, 0xFF, 0xFC, 0x3F, 0xFF, 0xF8, 0xF1, 0xDF, 0xE3, 0xCF, 0x7B,
    0xCF, 0x3D, 0xEF, 0x3C, 0xF7, 0xBE, 0xF7, 0x9E, 0x7B, 0xDE, 0x79, 0xE0, 0x3F, 0xFF, 0xC3, 0xFF,
    0xFC, 0x3F, 0xFF, 0xC1, 0xF0, 0xF8, 0x0F, 0x9F, 0x00, 0x7B, 0xE0, 0x07, 0xFC, 0x00, 0x7F, 0xE0,
    0x0F, 0xFF, 0x01, 0xFF, 0xF8, 0x3F, 0xFF, 0x83, 0xEF, 0x7C, 0x3C, 0xF3, 0xC7, 0xCF, 0x3C, 0x7C,
    0xF3, 0xE7, 0x8F, 0x1E, 0xF8, 0xF1, 0xEF, 0x8F, 0x1F, 0x3F, 0xFE, 0x3F, 0xFE, 0x3F, 0xFE, 0x1E,
    0x3C, 0x0F, 0x78, 0x07, 0xF8, 0x0F, 0xF8, 0x1F, 0xFC, 0x1F, 0xFE, 0x3D, 0xFE, 0x3D, 0xEE, 0x79,
    0xEF, 0x79, 0xEF, 0x79, 0xE7, 0xF1, 0xFF, 0xFE, 0x78, 0xFF, 0xFF, 0x3C, 0x7F, 0xFF, 0x9E, 0x1F,
    0x0F, 0x8F, 0x07, 0x8F, 0x87, 0x81, 0xE7, 0x83, 0xC0, 0xFF, 0x81, 0xFF, 0xFF, 0xC0, 0xFF, 0xFF,
    0xF8, 0x7F, 0xFF, 0xFE, 0x3C, 0x3F, 0xFF, 0x1E, 0x3E, 0xF7, 0xCF, 0x1E, 0x79, 0xE7, 0x9F, 0x3C,
    0xF3, 0xCF, 0x9E, 0x7D, 0xE7, 0x8F, 0x1E, 0xF7, 0xC7, 0x8F, 0x7B, 0xE3, 0xC7, 0xC0, 0xF3, 0xFF,
    0xEF, 0x3F, 0xFE, 0xF3, 0xFF, 0xEF, 0x1E, 0x7C, 0xF0, 0xFF, 0x8F, 0xFF, 0xF0, 0xFF, 0xFF, 0x8F,
    0xFF, 0xFC, 0xF3, 0xFF, 0xCF, 0x3B, 0xDE, 0xF3, 0xBD, 0xEF, 0x7B, 0xCE, 0xF7, 0xBC, 0xFF, 0x73,
    0xCF, 0x3C, 0x78, 0x7B, 0xE1, 0xFE, 0x03, 0xF0, 0x3F, 0xF3, 0xFF, 0xEF, 0xFF, 0xDC, 0x1F, 0x00,
    0x3C, 0x01, 0xF0, 0x1F, 0x87, 0xFE, 0x1F, 0xE0, 0x7F, 0xE0, 0x1F, 0xC0, 0x1F, 0x00, 0x3C, 0x00,
    0xF0, 0x0F, 0xCF, 0xFF, 0xFF, 0xFB, 0xFF, 0x8F, 0x80, 0x3C, 0x00, 0xFF, 0xF3, 0xFF, 0xC7, 0xFF,
    0x00, 0x04, 0x78, 0xF1, 0xEF, 0x87, 0xF0, 0xFF, 0xCF, 0xFF, 0x3F, 0xF9, 0x83, 0xC0, 0x1E, 0x1F,
    0xF0, 0xFF, 0x07, 0xFC, 0x03, 0xF0, 0x07, 0x80, 0x7C, 0xFF, 0xEF, 0xFE, 0xFF, 0xE7, 0x80, 0x3C,
    0x01, 0xFF, 0xCF, 0xFE, 0x3F, 0xF0, 0x00, 0x80, 0xF1, 0xE3, 0xFC, 0x78, 0xFF, 0x1E, 0x3F, 0xC7,
    0x8F, 0xF1, 0xE3, 0xFC, 0x78, 0xFF, 0x1E, 0x3F, 0xC7, 0x8F, 0xF9, 0xE7, 0xFF, 0x7B, 0xE7, 0xFF,
    0xF8, 0xFF, 0xFC, 0x1F, 0xFE, 0x00, 0x78, 0x00, 0x1E, 0x00, 0x07, 0x80, 0x01, 0xE0, 0x00, 0x78,
    0x00, 0x01, 0xE0, 0x00, 0x78, 0x00, 0x1E, 0x00, 0x07, 0x80, 0x01, 0xE0, 0x3C, 0x79, 0xEF, 0x1E,
    0x7F, 0xC7, 0x9F, 0xF1, 0xE7, 0xFC, 0x78, 0xFF, 0x1E, 0x3F, 0xC7, 0x8F, 0xF1, 0xE3, 0xFC, 0x79,
    0xFF, 0x9E, 0x7F, 0xF7, 0xFE, 0x7F, 0xFF, 0x9F, 0xFF, 0xC1, 0xFF, 0xE0, 0x07, 0x80, 0x01, 0xE0,
    0x00, 0x78, 0x00, 0x1E, 0x00, 0x07, 0x80, 0x01, 0xE0, 0x00, 0x0F, 0xF8, 0x0F, 0xFE, 0x0F, 0xFF,
    0x8F, 0xC7, 0xEF, 0x80, 0xFF, 0xC0, 0x7F, 0xC0, 0x1F, 0xFF, 0xFF, 0xFF, 0xFF, 0xFF, 0xFF, 0xFC,
    0x01, 0xFE, 0x00, 0xFF, 0x80, 0xFF, 0xC0, 0x7D, 0xF8, 0xFC, 0x7F, 0xFC, 0x1F, 0xFC, 0x07, 0xFC,
    0x00, 0x1F, 0xC1, 0xFF, 0x1F, 0xFD, 0xF1, 0xFF, 0x07, 0xFF, 0xFF, 0xFF, 0xFF, 0xFF, 0xF0, 0x7F,
    0xC7, 0xFE, 0x3E, 0xFF, 0xE3, 0xFE, 0x0F, 0xE0, 0xF8, 0x07, 0xFE, 0x03, 0xF7, 0x80, 0xFD, 0xF0,
    0x3C, 0x7C, 0x1F, 0x0F, 0x07, 0x83, 0xE1, 0xE0, 0xF8, 0xF8, 0x1E, 0x3C, 0x07, 0xCF, 0x01, 0xF7,
    0x80, 0x3D, 0xE0, 0x0F, 0x78, 0x03, 0xFC, 0x00, 0x7F, 0x00, 0x1F, 0xC0, 0x03, 0xE0, 0x00, 0xF8,
    0x00, 0x78, 0x0F, 0x7C, 0x1F, 0x3C, 0x3F, 0x3C, 0x3F, 0x3E, 0x3C, 0x1E, 0x7C, 0x1E, 0x78, 0x1F,
    0x78, 0x0F, 0xF0, 0x0F, 0xF0, 0x0F, 0xF0, 0x07, 0xE0, 0x07, 0xE0, 0x03, 0xE0, 0x3D, 0xE0, 0x07,
    0xFC, 0x01, 0xEF, 0x00, 0x3D, 0xE0, 0x00, 0x00, 0x3E, 0x01, 0xFF, 0x80, 0xFD, 0xE0, 0x3F, 0x7C,
    0x0F, 0x1F, 0x07, 0xC3, 0xC1, 0xE0, 0xF8, 0x78, 0x3E, 0x3E, 0x07, 0x8F, 0x01, 0xF3, 0xC0, 0x7D,
    0xE0, 0x0F, 0x78, 0x03, 0xDE, 0x00, 0xFF, 0x00, 0x1F, 0xC0, 0x07, 0xF0, 0x00, 0xF8, 0x00, 0x3E,
    0x00, 0x7F, 0xE0, 0x3D, 0xE0, 0x1E, 0xF0, 0x0F, 0x70, 0x00, 0x00, 0x78, 0x0F, 0x7C, 0x1F, 0x3C,
    0x3F, 0x3C, 0x3F, 0x3E, 0x3C, 0x1E, 0x7C, 0x1E, 0x78, 0x1F, 0x78, 0x0F, 0xF0, 0x0F, 0xF0, 0x0F,
    0xF0, 0x07, 0xE0, 0x07, 0xE0, 0x03, 0xE0, 0x0F, 0xF0, 0x00, 0x00, 0x3F, 0xFC, 0x00, 0x00, 0x7F,
    0xFE, 0x00, 0x00, 0x7C, 0x3E, 0x00, 0x00, 0xF8, 0x1F, 0x7C, 0x1F, 0xF8, 0x1F, 0x7C, 0x1E, 0xF0,
    0x0F, 0x3C, 0x3E, 0xF0, 0x0F, 0x3E, 0x3C, 0xF0, 0x0F, 0x1E, 0x3C, 0xF0, 0x0F, 0x1E, 0x7C, 0xF0,
    0x0F, 0x1F, 0x78, 0xF0, 0x0F, 0x0F, 0x78, 0xF8, 0x1F, 0x0F, 0xF8, 0xF8, 0x1F, 0x07, 0xF0, 0x7C,
    0x3E, 0x07, 0xF0, 0x7F, 0xFE, 0x07, 0xF0, 0x3F, 0xFC, 0x03, 0xE0, 0x0F, 0xF0, 0x03, 0xE0, 0x00,
    0x00, 0x03, 0xC0, 0x00, 0x00, 0x07, 0xC0, 0x00, 0x00, 0x07, 0xC0, 0x00, 0x00, 0x3F, 0x80, 0x00,
    0x00, 0x3F, 0x00, 0x00, 0x00, 0x3E, 0x00, 0x1F, 0xC3, 0xE0, 0xF9, 0xFF, 0x1F, 0x07, 0x9F, 0xFC,
    0x78, 0x7D, 0xF1, 0xF3, 0xE3, 0xCF, 0x8F, 0x9F, 0x1E, 0x78, 0x3C, 0x79, 0xF3, 0xC1, 0xE3, 0xEF,
    0x1E, 0x0F, 0x0F, 0x78, 0xF0, 0x78, 0x7F, 0xC7, 0xC7, 0xC3, 0xFC, 0x3E, 0x3E, 0x0F, 0xE0, 0xFF,
    0xE0, 0x7F, 0x03, 0xFE, 0x01, 0xF0, 0x0F, 0xE0, 0x0F, 0x80, 0x00, 0x00, 0x78, 0x00, 0x00, 0x07,
    0xC0, 0x00, 0x00, 0x7E, 0x00, 0x00, 0x0F, 0xE0, 0x00, 0x00, 0x7E, 0x00, 0x00, 0x03, 0xE0, 0x00,
    0x01, 0xE0, 0x01, 0xFE, 0x01, 0xFF, 0xE0, 0xFF, 0xFC, 0x7F, 0xFF, 0x9F, 0x7F, 0xEF, 0x80, 0x7F,
    0xE0, 0x1F, 0xF0, 0x07, 0xFC, 0x00, 0xFF, 0x00, 0x3F, 0xC0, 0x0F, 0xF0, 0x07, 0xFE, 0x01, 0xFF,
    0x80, 0x7D, 0xFF, 0xFE, 0x7F, 0xFF, 0x8F, 0xFF, 0xC1, 0xFF, 0xE0, 0x1F, 0xE0, 0x01, 0xE0, 0x00,
    0x03, 0x80, 0x1F, 0xC0, 0xFF, 0xE3, 0xFF, 0xE7, 0xFF, 0xDF, 0x77, 0xFC, 0x0F, 0xF8, 0x0F, 0xF0,
    0x1F, 0xE0, 0x3F, 0xC0, 0xFF, 0xDD, 0xF7, 0xFF, 0xCF, 0xFF, 0x8F, 0xFE, 0x07, 0xF0, 0x03, 0x80,
    0x00, 0xFE, 0x00, 0x01, 0xFF, 0x80, 0x01, 0xFF, 0x80, 0x01, 0xDF, 0x80, 0x00, 0x3C, 0x00, 0x00,
    0x3C, 0x00, 0x00, 0x1C, 0x00, 0x00, 0x3C, 0x00, 0x00, 0x30, 0x00, 0x1F, 0xC3, 0xF8, 0x3F, 0xE7,
    0xFC, 0x7F, 0xC3, 0xFE, 0x7C, 0xC3, 0x3E, 0xF8, 0x00, 0x1F, 0xF8, 0x00, 0x1F, 0xF0, 0x00, 0x0F,
    0xF0, 0x00, 0x0F, 0xF0, 0x00, 0x0F, 0xF0, 0x3C, 0x0F, 0xF0, 0x3C, 0x0F, 0xF0, 0x3C, 0x0F, 0xF8,
    0x3C, 0x1F, 0xF8, 0x3C, 0x1F, 0x7E, 0x7E, 0x7E, 0x3F, 0xFF, 0xFC, 0x3F, 0xFF, 0xFC, 0x0F, 0xE7,
    0xF0, 0x03, 0xFC, 0x00, 0x3F, 0xF8, 0x01, 0xFF, 0xC0, 0x0F, 0xFE, 0x00, 0x0F, 0x00, 0x00, 0x78,
    0x00, 0x03, 0xC0, 0x00, 0x1C, 0x00, 0x00, 0x00, 0x00, 0xFE, 0x7E, 0x1F, 0xF3, 0xFC, 0xFF, 0x1F,
    0xEF, 0x90, 0x4F, 0xFC, 0x00, 0x7F, 0xC0, 0x01, 0xFE, 0x0F, 0x0F, 0xF0, 0x78, 0x7F, 0x83, 0xC3,
    0xFE, 0x1E, 0x3F, 0xF1, 0xF9, 0xF7, 0xFF, 0xFF, 0x3F, 0xFF, 0xF8, 0x7E, 0x3F, 0x80, 0x03, 0xFF,
    0x00, 0x07, 0xFE, 0x00, 0x0E, 0xCC, 0x00, 0x08, 0x90, 0x00, 0x00, 0x00, 0x1E, 0x0F, 0x03, 0xFC,
    0x1E, 0x07, 0xF8, 0x3C, 0x0F, 0xF0, 0x7C, 0x3F, 0xF0, 0xF8, 0x7F, 0xE1, 0xF0, 0xFF, 0xC3, 0xE1,
    0xF7, 0x87, 0xC3, 0xEF, 0x1F, 0x87, 0x9F, 0x3F, 0x8F, 0x3E, 0x7F, 0x3E, 0x3D, 0xFE, 0x78, 0x7F,
    0xFE, 0xF0, 0xFF, 0xBF, 0xE0, 0xFE, 0x7F, 0x81, 0xFC, 0x7F, 0x01, 0xF8, 0xFC, 0x03, 0xF0, 0xF8,
    0x00, 0x07, 0xFE, 0x00, 0x3F, 0xF0, 0x01, 0x99, 0x80, 0x04, 0x88, 0x00, 0x00, 0x00, 0x78, 0x78,
    0x3F, 0xC3, 0xC1, 0xFE, 0x1F, 0x1F, 0xF0, 0xF8, 0xFF, 0xC7, 0xC7, 0xFE, 0x3E, 0x3C, 0xF1, 0xF1,
    0xE7, 0x9F, 0xDF, 0x3E, 0xFE, 0xF0, 0xFF, 0xF7, 0x87, 0xFF, 0xFC, 0x1F, 0x9F, 0xC0, 0xFC, 0xFE,
    0x03, 0xC3, 0xE0, 0x07, 0xFC, 0x3F, 0xFC, 0xFF, 0xF3, 0xF0, 0xE7, 0xC0, 0x1F, 0x00, 0x3E, 0x00,
    0x78, 0x00, 0xF0, 0x01, 0xE0, 0x03, 0xC0, 0x07, 0x80, 0x0F, 0x80, 0x1F, 0x00, 0x1F, 0x82, 0x1F,
    0xFC, 0x1F, 0xF8, 0x1F, 0xF0, 0x01, 0xE0, 0x03, 0xC0, 0x07, 0x80, 0x0F, 0x00, 0x1E, 0x00, 0x3C,
    0x1F, 0xE7, 0xFE, 0x7F, 0xEF, 0xCE, 0xF8, 0x0F, 0x00, 0xF0, 0x0F, 0x00, 0xF0, 0x0F, 0x80, 0xFC,
    0xC7, 0xFC, 0x3F, 0xC1, 0xFC, 0x03, 0xC0, 0x3C, 0x03, 0xC0, 0x3C, 0x03, 0xC0, 0x3C, 0x00, 0x20,
    0x03, 0x83, 0x38, 0x3F, 0xC0, 0x7C, 0x01, 0xF0, 0x0F, 0xE0, 0x67, 0xE7, 0x17, 0xF0, 0x0F, 0x80,
    0x3E, 0x01, 0xFC, 0x1C, 0xE0, 0xC0, 0x0E, 0x00, 0x00, 0x00, 0x01, 0xFF, 0xFF, 0xFF, 0x80, 0x00,
    0x00, 0x1F, 0xBF, 0xFF, 0xFF, 0xE7, 0xFF, 0xEF, 0x70, 0xF7, 0x9C, 0xEE, 0x00, 0x7E, 0x3F, 0xFF,
    0xFF, 0x9F, 0x00, 0x0F, 0x80, 0x00, 0x00, 0x7E, 0x00, 0x00, 0x07, 0x30, 0x00, 0x00, 0x31, 0x80,
    0x00, 0x00, 0x00, 0x00, 0x07, 0xC0, 0x03, 0xE0, 0x7E, 0x00, 0x3F, 0x03, 0x18, 0x01, 0x8C, 0x00,
    0x00, 0x00, 0x00, 0x00, 0x00, 0x00, 0x00, 0x00, 0x00, 0x00, 0x00, 0x00, 0x00, 0x07, 0xC0, 0x00,
    0x0F, 0x7F, 0x00, 0x00, 0xFF, 0x18, 0x00, 0x06, 0x60, 0x00, 0x00, 0x00, 0x00, 0x00, 0x00, 0x00,
    0x00, 0x00, 0x00, 0x00, 0x00, 0x00, 0x00, 0x1E, 0x00, 0x0F, 0x01, 0xF8, 0x00, 0xFC, 0x0C, 0xE0,
    0x06, 0x70, 0x00, 0x00, 0x00, 0x00, 0x01, 0xF0, 0x00, 0x00, 0x0F, 0xC0, 0x00, 0x00, 0xE6, 0x00,
    0x00, 0x06, 0x30, 0x00, 0x00, 0x06, 0x00, 0x00, 0x00, 0xC0, 0x00, 0x00, 0x38, 0x00, 0x06, 0x07,
    0x00, 0x00, 0xC0, 0xE0, 0x30, 0x1C, 0x00, 0x1E, 0x01, 0xC0, 0x0F, 0x80, 0x38, 0x00, 0xE0, 0x02,
    0x00, 0x00, 0x00, 0x00, 0x00, 0x00, 0x00, 0x00, 0x00, 0x00, 0x00, 0x00, 0x0C, 0x00, 0x00, 0x31,
    0xF0, 0x00, 0x07, 0x9E, 0x00, 0x00, 0xF8, 0xC0, 0x00, 0x03, 0x00, 0x00, 0x00, 0x00, 0x00, 0x00,
    0x00, 0x00, 0x00, 0x00, 0x00, 0x00, 0x00, 0x00, 0x30, 0x01, 0xC0, 0x0F, 0x00, 0x38, 0x07, 0xC0,
    0x03, 0x80, 0xE0, 0x70, 0x70, 0x00, 0x0E, 0x06, 0x00, 0x01, 0xC0, 0x40, 0x00, 0x30, 0x00, 0x00,
    0x06, 0x00, 0x00, 0x3C, 0x3C, 0x01, 0xE1, 0xE0, 0x07, 0xFE, 0x00, 0x3F, 0xF0, 0x00, 0xFF, 0x00,
    0x00, 0x00, 0x03, 0xC0, 0xFC, 0x1E, 0x07, 0xE0, 0xF0, 0x7F, 0x07, 0x83, 0xF8, 0x3C, 0x3F, 0xC1,
    0xE1, 0xFE, 0x0F, 0x1E, 0xF0, 0x79, 0xF7, 0x83, 0xCF, 0x3C, 0x1E, 0xF9, 0xE0, 0xF7, 0x8F, 0x07,
    0xFC, 0x78, 0x3F, 0xC3, 0xC1, 0xFE, 0x1E, 0x0F, 0xE0, 0xFF, 0x7F, 0x07, 0xFB, 0xF0, 0x3F, 0xDF,
    0x81, 0xFE, 0x00, 0x01, 0xE0, 0x00, 0x0F, 0x00, 0x00, 0xF8, 0x00, 0x07, 0xC0, 0x00, 0x7C, 0x00,
    0x78, 0x78, 0x1E, 0x1E, 0x07, 0xFF, 0x80, 0xFF, 0xC0, 0x1F, 0xE0, 0x00, 0x00, 0x0F, 0x07, 0xC3,
    0xC3, 0xF0, 0xF1, 0xFC, 0x3C, 0x7F, 0x0F, 0x3F, 0xC3, 0xCF, 0xF0, 0xF7, 0xBC, 0x3F, 0xEF, 0x0F,
    0xF3, 0xC3, 0xFC, 0xF0, 0xFE, 0x3C, 0x3F, 0x8F, 0xFF, 0xC3, 0xFF, 0xE0, 0xFE, 0x00, 0x07, 0x80,
    0x01, 0xE0, 0x00, 0x78, 0x00, 0x3E, 0x00, 0x0F, 0x00, 0x3C, 0x00, 0xF0, 0x0F, 0xF8, 0x3F, 0xE0,
    0xFF, 0x80, 0xF0, 0x03, 0xC0, 0x0F, 0xF8, 0x3F, 0xF8, 0xFF, 0xF3, 0xC7, 0xCF, 0x0F, 0x3C, 0x3C,
    0xF0, 0xF3, 0xC7, 0xCF, 0xFF, 0x3F, 0xF8, 0xFF, 0x80, 0x3C, 0x00, 0x78, 0x03, 0xFF, 0x07, 0xFE,
    0x0F, 0xFC, 0x07, 0x80, 0x0F, 0x00, 0x1E, 0x00, 0x3C, 0x00, 0x78, 0x00, 0xFF, 0xE1, 0xFF, 0xE3,
    0xFF, 0xE7, 0x87, 0xCF, 0x07, 0x9E, 0x1F, 0x3F, 0xFE, 0x7F, 0xF8, 0xFF, 0xE0, 0xFF, 0xCF, 0xFE,
    0xFF, 0xFF, 0x1F, 0xF0, 0xFF, 0x0F, 0xF6, 0xFF, 0x7F, 0xF7, 0xFF, 0xFE, 0xFF, 0xEF, 0xFE, 0xF0,
    0xEF, 0x0C, 0xF0, 0x0F, 0x00, 0xF0, 0x0F, 0x00, 0xF7, 0xE7, 0xFF, 0xBF, 0xFD, 0xF3, 0xFF, 0x0F,
    0xF8, 0x3F, 0xC1, 0xFE, 0x2F, 0xF3, 0xFF, 0xFF, 0xFE, 0xFF, 0xFF, 0xEF, 0xFF, 0x7B, 0xFB, 0xC1,
    0xDE, 0x04, 0xF0, 0x07, 0x80, 0x3C, 0x01, 0xE0, 0x00, 0x00, 0xF0, 0x0F, 0x00, 0xF0, 0x0F, 0xFF,
    0xFF, 0xFF, 0xFF, 0xFF, 0x00, 0xF0, 0x0F, 0x00, 0xF0, 0x0F, 0x00, 0xF0, 0x0F, 0x00, 0xF0, 0x0F,
    0x00, 0xF0, 0x0F, 0x00, 0xF0, 0x0F, 0x00, 0xF0, 0x0F, 0x00, 0x03, 0xC0, 0xF0, 0x3C, 0x0F, 0xFF,
    0xFF, 0xFF, 0xFF, 0xC0, 0xF0, 0x3C, 0x0F, 0x03, 0xC0, 0xF0, 0x3C, 0x0F, 0x03, 0xC0, 0xF0, 0x3C,
    0x00, 0x3F, 0xF9, 0xFF, 0xCF, 0xFE, 0x78, 0x03, 0xC0, 0x1E, 0x00, 0xF0, 0x07, 0x80, 0xFF, 0xC7,
    0xFE, 0x3F, 0xF0, 0x78, 0x03, 0xC0, 0x1E, 0x00, 0xF0, 0x07, 0x80, 0x3C, 0x01, 0xE0, 0x00, 0x3F,
    0xF3, 0xFF, 0x3F, 0xF3, 0xC0, 0x3C, 0x03, 0xC0, 0xFF, 0x8F, 0xF8, 0xFF, 0x83, 0xC0, 0x3C, 0x03,
    0xC0, 0x3C, 0x03, 0xC0, 0xFF, 0xF1, 0xFF, 0xE3, 0xFF, 0xC7, 0x80, 0x0F, 0x00, 0x1E, 0x00, 0x3C,
    0x00, 0x78, 0x00, 0xFF, 0xE1, 0xFF, 0xF3, 0xFF, 0xF7, 0x87, 0xEF, 0x03, 0xFE, 0x07, 0xFC, 0x07,
    0xF8, 0x0F, 0xF0, 0x1F, 0xE0, 0x3C, 0x00, 0xF8, 0x01, 0xF0, 0x87, 0xC1, 0xFF, 0x83, 0xFE, 0x07,
    0xF8, 0xFF, 0xCF, 0xFC, 0xFF, 0xCF, 0x00, 0xF0, 0x0F, 0x00, 0xFF, 0x8F, 0xFC, 0xFF, 0xEF, 0x3F,
    0xF1, 0xFF, 0x0F, 0xF0, 0xFF, 0x0F, 0x00, 0xF0, 0x1F, 0x11, 0xF1, 0xFE, 0x1F, 0xE1, 0xF8, 0x7C,
    0x1E, 0x1F, 0x0F, 0x87, 0x87, 0x81, 0xE1, 0xE3, 0xE0, 0x7C, 0x78, 0xF0, 0x0F, 0x9E, 0x78, 0x01,
    0xE7, 0xBE, 0x00, 0x7D, 0xEF, 0x00, 0x0F, 0x7F, 0xC0, 0x01, 0xFF, 0xE0, 0x00, 0xFF, 0xF8, 0x00,
    0x3D, 0xFF, 0x00, 0x1F, 0x7B, 0xC0, 0x0F, 0x9E, 0xF8, 0x03, 0xC7, 0x9E, 0x01, 0xF1, 0xE3, 0xC0,
    0xF8, 0x78, 0xFF, 0x3C, 0x1E, 0x1F, 0xDF, 0x07, 0x83, 0xF0, 0x00, 0x00, 0x3C, 0x00, 0x00, 0x0F,
    0x00, 0x00, 0x03, 0xC0, 0x00, 0x00, 0xF0, 0x00, 0x00, 0x3C, 0x7C, 0x3C, 0x7C, 0x3E, 0x3C, 0x7C,
    0x1E, 0x3C, 0xF8, 0x1F, 0x3C, 0xF0, 0x0F, 0xBD, 0xE0, 0x07, 0xFF, 0xE0, 0x03, 0xFF, 0xC0, 0x07,
    0xFF, 0xC0, 0x0F, 0xBF, 0xE0, 0x0F, 0xBD, 0xF0, 0x1F, 0x3C, 0xF8, 0x3E, 0x3C, 0xFF, 0x7C, 0x3C,
    0x7F, 0x7C, 0x3C, 0x3F, 0x00, 0x00, 0x0F, 0x00, 0x00, 0x0F, 0x00, 0x00, 0x0F, 0x00, 0x00, 0x0F,
    0x00, 0x00, 0x0F, 0x7F, 0xE7, 0xFF, 0x9F, 0xFE, 0xE1, 0xF0, 0x07, 0x80, 0x3C, 0x07, 0xE7, 0xFE,
    0x3F, 0xE1, 0xFF, 0x80, 0x7E, 0x00, 0xF0, 0x07, 0x80, 0x3F, 0x87, 0xFF, 0xFF, 0xFF, 0xF3, 0xFE,
    0x00, 0xE0, 0x07, 0x80, 0x1C, 0x07, 0xE0, 0x3F, 0x01, 0xF0, 0x7F, 0x8F, 0xFE, 0x7F, 0xE6, 0x3E,
    0x01, 0xE0, 0x3E, 0x3F, 0xC3, 0xFC, 0x3F, 0xF0, 0x1F, 0xC1, 0xFF, 0xFF, 0xFF, 0xEF, 0xFC, 0x07,
    0x00, 0x78, 0x03, 0x81, 0xF8, 0x1F, 0x81, 0xF0, 0xF0, 0x7C, 0xF0, 0xF8, 0xF0, 0xF8, 0xF1, 0xF0,
    0xF3, 0xE0, 0xF3, 0xC0, 0xF7, 0xC0, 0xFF, 0x80, 0xFF, 0x00, 0xFF, 0x00, 0xFF, 0x80, 0xF7, 0xC0,
    0xF3, 0xC0, 0xF3, 0xE0, 0xF1, 0xF0, 0xF0, 0xFF, 0xF0, 0x7F, 0xF0, 0x7F, 0x00, 0x0F, 0x00, 0x0F,
    0x00, 0x0F, 0x00, 0x0F, 0x00, 0x0F, 0xF0, 0xFD, 0xE3, 0xF3, 0xC7, 0xC7, 0x9F, 0x0F, 0x7C, 0x1F,
    0xF0, 0x3F, 0xC0, 0x7F, 0xC0, 0xF7, 0xC1, 0xEF, 0xC3, 0xCF, 0x87, 0x8F, 0xFF, 0x0F, 0xFE, 0x0F,
    0xC0, 0x07, 0x80, 0x0F, 0x00, 0x1E, 0x00, 0x3C, 0x00, 0x78, 0xF0, 0x7D, 0xE0, 0xFB, 0xDB, 0xE7,
    0xBF, 0x8F, 0x7E, 0x1E, 0xFC, 0x3D, 0xF0, 0x7F, 0xC0, 0xFF, 0x81, 0xFF, 0x03, 0xFE, 0x07, 0xBE,
    0x0F, 0x7E, 0x1E, 0xFE, 0x3D, 0xFC, 0x7B, 0x7C, 0xF0, 0x7D, 0xE0, 0xFC, 0xF0, 0xFB, 0xC3, 0xEF,
    0x7F, 0x3D, 0xF8, 0xF7, 0xC3, 0xDF, 0x0F, 0xF8, 0x3F, 0xE0, 0xFF, 0x83, 0xDF, 0x0F, 0x7E, 0x3D,
    0xFC, 0xF6, 0xFB, 0xC3, 0xF0, 0x3C, 0x0F, 0x8F, 0x07, 0xCF, 0xF3, 0xE3, 0xFC, 0xF0, 0xFF, 0x7C,
    0x0F, 0x3E, 0x03, 0xCF, 0x00, 0xFF, 0xC0, 0x3F, 0xE0, 0x0F, 0xFC, 0x03, 0xCF, 0x00, 0xF3, 0xE0,
    0x3C, 0x7C, 0x0F, 0x1F, 0x03, 0xC3, 0xE0, 0xF0, 0x7C, 0x3C, 0x1F, 0x0F, 0x03, 0xE0, 0x3C, 0x00,
    0x3C, 0x00, 0xFF, 0x80, 0xFF, 0x80, 0xFF, 0x80, 0x3C, 0x3E, 0x3C, 0x7C, 0x3C, 0xF8, 0x3C, 0xF0,
    0x3D, 0xF0, 0x3F, 0xE0, 0x3F, 0xC0, 0x3F, 0xE0, 0x3D, 0xE0, 0x3D, 0xF0, 0x3C, 0xF8, 0x3C, 0x7C,
    0x3C, 0x7E, 0x3C, 0x3E, 0xFF, 0x07, 0xDF, 0xE0, 0xFB, 0xFC, 0x3E, 0x07, 0x8F, 0x80, 0xF3, 0xE0,
    0x1E, 0x78, 0x03, 0xDF, 0x00, 0x7F, 0xC0, 0x0F, 0xF0, 0x01, 0xFF, 0x00, 0x3D, 0xF0, 0x07, 0xBE,
    0x00, 0xF3, 0xE0, 0x1E, 0x3E, 0x03, 0xC7, 0xE0, 0x78, 0x7C, 0x0F, 0x07, 0xC1, 0xE0, 0xFC, 0xFF,
    0x87, 0xDF, 0xF1, 0xF3, 0xFE, 0x3C, 0x03, 0xCF, 0x80, 0x7B, 0xE0, 0x0F, 0xF8, 0x01, 0xFE, 0x00,
    0x3F, 0xE0, 0x07, 0xBC, 0x00, 0xF7, 0xC0, 0x1E, 0x7C, 0x03, 0xC7, 0xC0, 0x78, 0x7C, 0x0F, 0x07,
    0x80, 0xF0, 0x1E, 0x3C, 0x07, 0x8F, 0x01, 0xE3, 0xC0, 0x78, 0xF0, 0x1E, 0x3C, 0x07, 0x8F, 0x01,
    0xE3, 0xFF, 0xF8, 0xFF, 0xFE, 0x3F, 0xFF, 0x8F, 0x01, 0xE3, 0xC0, 0x78, 0xF0, 0x1E, 0x3C, 0x07,
    0x8F, 0x01, 0xFF, 0xC0, 0x7F, 0xF0, 0x1F, 0xFC, 0x07, 0xF0, 0x00, 0x3C, 0x00, 0x0F, 0x00, 0x03,
    0xC0, 0x00, 0xF0, 0x00, 0x3C, 0xF0, 0x78, 0xF0, 0x78, 0xF0, 0x78, 0xF0, 0x78, 0xF0, 0x78, 0xFF,
    0xF8, 0xFF, 0xF8, 0xFF, 0xF8, 0xF0, 0x78, 0xF0, 0x78, 0xF0, 0x78, 0xF0, 0x7F, 0xF0, 0x7F, 0xF0,
    0x7F, 0x00, 0x0F, 0x00, 0x0F, 0x00, 0x0F, 0x00, 0x0F, 0x00, 0x0F, 0xF0, 0x1F, 0xFE, 0x03, 0xFF,
    0xC0, 0x7F, 0xF8, 0x0F, 0x0F, 0x01, 0xE1, 0xE0, 0x3C, 0x3C, 0x07, 0x87, 0xFF, 0xF0, 0xFF, 0xFE,
    0x1F, 0xFF, 0xC3, 0xC0, 0x78, 0x78, 0x0F, 0x0F, 0x01, 0xE1, 0xE0, 0x3C, 0x3C, 0x07, 0x87, 0x80,
    0xF0, 0xF0, 0x1E, 0x1E, 0x03, 0xC0, 0xF0, 0x7F, 0xF8, 0x3F, 0xFC, 0x1F, 0xFE, 0x0F, 0x0F, 0x07,
    0x87, 0xFF, 0xC3, 0xFF, 0xE1, 0xFF, 0xF0, 0xF0, 0x78, 0x78, 0x3C, 0x3C, 0x1E, 0x1E, 0x0F, 0x0F,
    0x07, 0x87, 0x83, 0xC0, 0xFF, 0xFC, 0x00, 0x7F, 0xFE, 0x00, 0x3F, 0xFF, 0x00, 0x1E, 0x07, 0x80,
    0x0F, 0x03, 0xC0, 0x07, 0x81, 0xE0, 0x03, 0xC0, 0xF0, 0x01, 0xE0, 0x78, 0x00, 0xF0, 0x3F, 0xF8,
    0x78, 0x1F, 0xFF, 0x3C, 0x0F, 0xFF, 0x9E, 0x07, 0x87, 0xEF, 0x03, 0xC0, 0xFF, 0x81, 0xE0, 0x7F,
    0xC0, 0xF0, 0x3F, 0xE0, 0x78, 0x0F, 0xF0, 0x3C, 0x07, 0xF8, 0x1E, 0x07, 0xC0, 0x00, 0x03, 0xE0,
    0x00, 0x01, 0xF0, 0x00, 0x21, 0xF0, 0x00, 0x1F, 0xF8, 0x00, 0x0F, 0xF8, 0x00, 0x07, 0xF0, 0xFF,
    0xF0, 0x0F, 0xFF, 0x00, 0xFF, 0xF0, 0x0F, 0x0F, 0x00, 0xF0, 0xF0, 0x0F, 0x0F, 0x00, 0xF0, 0xFF,
    0x0F, 0x0F, 0xFC, 0xF0, 0xFF, 0xEF, 0x0F, 0x7E, 0xF0, 0xF1, 0xFF, 0x0F, 0x1F, 0xF0, 0xF0, 0xFF,
    0x0F, 0x0F, 0x00, 0x01, 0xF0, 0x00, 0x1F, 0x00, 0x23, 0xF0, 0x03, 0xFE, 0x00, 0x3F, 0xC0, 0x03,
    0xF8, 0x0F, 0xE0, 0x1F, 0xF0, 0x1F, 0xF8, 0x0F, 0xC0, 0x0F, 0x87, 0xE7, 0xC7, 0xFB, 0xC7, 0xFF,
    0xE3, 0xFF, 0xF1, 0xE7, 0xF8, 0xF3, 0xFC, 0x79, 0xFE, 0x3D, 0xFF, 0x9F, 0xFF, 0xC7, 0xF9, 0xFB,
    0xFC, 0x7F, 0xFD, 0x1F, 0xFF, 0x87, 0xFF, 0xC0, 0x03, 0xE0, 0x1F, 0x80, 0x7F, 0x01, 0xFE, 0x07,
    0xCF, 0xCF, 0xBF, 0xDE, 0x7F, 0xBC, 0xFF, 0x79, 0xCE, 0xF3, 0x9D, 0xF7, 0xFB, 0xEF, 0xF3, 0xFF,
    0xC3, 0xFF, 0xE3, 0xFF, 0xC0, 0x0F, 0x80, 0x0F, 0xF8, 0x7F, 0xF3, 0xFF, 0xDF, 0x8E, 0x7C, 0x03,
    0xE0, 0x0F, 0x00, 0x3C, 0x00, 0xF0, 0x03, 0xC0, 0x0F, 0x00, 0x3C, 0x00, 0xF8, 0x03, 0xE0, 0x07,
    0xE1, 0x8F, 0xFE, 0x3F, 0xF8, 0x3F, 0xE0, 0x3C, 0x00, 0x78, 0x00, 0xE0, 0x1F, 0x80, 0x7E, 0x01,
    0xF0, 0x1F, 0xE7, 0xFD, 0xFF, 0xFE, 0x6F, 0x81, 0xE0, 0x3C, 0x07, 0x80, 0xF0, 0x1F, 0x03, 0xF3,
    0xBF, 0xF7, 0xFE, 0x3F, 0x81, 0xC0, 0x1C, 0x03, 0x81, 0xF0, 0x3E, 0x07, 0x80, 0xFF, 0xFF, 0xFF,
    0xFF, 0xFE, 0x0F, 0x00, 0x78, 0x03, 0xC0, 0x1E, 0x00, 0xF0, 0x07, 0x80, 0x3C, 0x01, 0xE0, 0x0F,
    0x00, 0x78, 0x03, 0xC0, 0x1F, 0xC0, 0xFE, 0x07, 0xF0, 0x3F, 0x80, 0x3C, 0x01, 0xE0, 0x0F, 0x00,
    0x78, 0x03, 0xC0, 0xFF, 0xFF, 0xFF, 0xFF, 0xFE, 0x1E, 0x00, 0xF0, 0x07, 0x80, 0x3C, 0x01, 0xE0,
    0x0F, 0x00, 0x78, 0x03, 0xC0, 0x1F, 0xE0, 0xFF, 0x07, 0xF8, 0x03, 0xC0, 0x1E, 0x00, 0xF0, 0x07,
    0x80, 0x3C, 0xF8, 0x1F, 0xF8, 0x3E, 0x7C, 0x3E, 0x3C, 0x7C, 0x3E, 0x7C, 0x1E, 0xF8, 0x1F, 0xF8,
    0x0F, 0xF0, 0x0F, 0xF0, 0x07, 0xE0, 0x07, 0xC0, 0x03, 0xC0, 0x03, 0xC0, 0x03, 0xC0, 0x03, 0xC0,
    0x03, 0xC0, 0x03, 0xC0, 0x03, 0xC0, 0x78, 0x3E, 0x7C, 0x3E, 0x7C, 0x3E, 0x3C, 0x7C, 0x3E, 0x7C,
    0x3E, 0x78, 0x1E, 0xF8, 0x1F, 0xF8, 0x0F, 0xF0, 0x0F, 0xF0, 0x0F, 0xE0, 0x07, 0xE0, 0x07, 0xE0,
    0x07, 0xC0, 0x03, 0xC0, 0x03, 0xC0, 0x03, 0xC0, 0x03, 0xC0, 0x03, 0xC0, 0x03, 0xC0, 0x7C, 0x0F,
    0x9F, 0x03, 0xE3, 0xE1, 0xF0, 0xF8, 0x7C, 0x1F, 0x3E, 0x07, 0xCF, 0x00, 0xFF, 0xC0, 0x3F, 0xE0,
    0x07, 0xF8, 0x01, 0xFC, 0x00, 0x3F, 0x00, 0x0F, 0x80, 0x1F, 0xFE, 0x07, 0xFF, 0x81, 0xFF, 0xE0,
    0x07, 0x80, 0x01, 0xE0, 0x00, 0x78, 0x00, 0xF8, 0x3F, 0xF0, 0xFD, 0xE1, 0xF3, 0xE3, 0xE7, 0xCF,
    0x87, 0x9F, 0x0F, 0xBC, 0x0F, 0xF8, 0x1F, 0xF0, 0x3F, 0xC0, 0x3F, 0x80, 0x7E, 0x00, 0xFC, 0x00,
    0xF8, 0x0F, 0xFE, 0x1F, 0xFC, 0x3F, 0xF8, 0x0F, 0x00, 0x1E, 0x00, 0x3C, 0x00, 0x7C, 0x0F, 0x87,
    0x83, 0xE0, 0xF8, 0x7C, 0x0F, 0x9F, 0x00, 0xF3, 0xC0, 0x1F, 0xF8, 0x01, 0xFE, 0x00, 0x1F, 0x80,
    0x03, 0xF0, 0x00, 0xFE, 0x00, 0x1F, 0xE0, 0x07, 0xFE, 0x00, 0xF7, 0xC0, 0x3E, 0x7C, 0x0F, 0x87,
    0xF9, 0xE0, 0xFF, 0x7C, 0x0F, 0xFF, 0x01, 0xFC, 0x00, 0x07, 0x80, 0x00, 0xF0, 0x00, 0x1E, 0x00,
    0x03, 0xC0, 0x00, 0x78, 0xF8, 0x7E, 0x7C, 0x7C, 0x7E, 0xF8, 0x3F, 0xF0, 0x1F, 0xF0, 0x1F, 0xE0,
    0x0F, 0xC0, 0x0F, 0xE0, 0x1F, 0xE0, 0x1F, 0xF0, 0x3E, 0xF8, 0x7C, 0xFF, 0x7C, 0x7F, 0xF8, 0x7F,
    0x00, 0x0F, 0x00, 0x0F, 0x00, 0x0F, 0x00, 0x0F, 0x00, 0x0F, 0xFF, 0xF9, 0xE3, 0xFF, 0xE7, 0x8F,
    0xFF, 0x9E, 0x03, 0xC0, 0x78, 0x0F, 0x01, 0xE0, 0x3C, 0x07, 0x80, 0xF0, 0x1E, 0x03, 0xC0, 0x78,
    0x0F, 0x01, 0xE0, 0x3C, 0x07, 0x80, 0xF0, 0x1E, 0x03, 0xC0, 0x78, 0x0F, 0x01, 0xE0, 0x3C, 0x07,
    0x80, 0xF0, 0x1E, 0x03, 0xFF, 0xFF, 0x0F, 0xFF, 0xFC, 0x3F, 0xFF, 0xF0, 0x00, 0x03, 0xC0, 0x00,
    0x0F, 0x00, 0x00, 0x3C, 0x00, 0x00, 0xF0, 0x00, 0x03, 0xC0, 0x00, 0x07, 0xFF, 0xCF, 0x1F, 0xF9,
    0xE3, 0xFF, 0x3C, 0x0F, 0x07, 0x81, 0xE0, 0xF0, 0x3C, 0x1E, 0x07, 0x83, 0xC0, 0xF0, 0x78, 0x1E,
    0x0F, 0x03, 0xC1, 0xE0, 0x78, 0x3C, 0x0F, 0xFF, 0xF1, 0xFF, 0xFE, 0x3F, 0xFF, 0xC0, 0x00, 0x78,
    0x00, 0x0F, 0x00, 0x01, 0xE0, 0x00, 0x3C, 0x00, 0x07, 0x80, 0x00, 0x70, 0xF0, 0x1E, 0x3C, 0x07,
    0x8F, 0x01, 0xE3, 0xC0, 0x78, 0xF0, 0x1E, 0x3C, 0x07, 0x8F, 0x01, 0xE3, 0xC0, 0x78, 0xF8, 0x7E,
    0x3F, 0xFF, 0x87, 0xFF, 0xE0, 0xFF, 0xF8, 0x00, 0x1E, 0x00, 0x07, 0x80, 0x01, 0xFC, 0x00, 0x7F,
    0x00, 0x1F, 0xC0, 0x07, 0xF0, 0x00, 0x3C, 0x00, 0x0F, 0x00, 0x03, 0xC0, 0x00, 0xF0, 0x00, 0x3C,
    0xF0, 0x78, 0x78, 0x3C, 0x3C, 0x1E, 0x1E, 0x0F, 0x0F, 0x07, 0x87, 0x83, 0xC3, 0xE7, 0xE1, 0xFF,
    0xF0, 0x7F, 0xF8, 0x1F, 0xBC, 0x00, 0x1E, 0x00, 0x0F, 0xF0, 0x07, 0xF8, 0x03, 0xFC, 0x00, 0x1E,
    0x00, 0x0F, 0x00, 0x07, 0x80, 0x03, 0xC0, 0x01, 0xE0, 0xF0, 0x1F, 0xE0, 0x3F, 0xC0, 0x7F, 0x80,
    0xFF, 0x01, 0xFE, 0x63, 0xFC, 0xC7, 0xF9, 0x8F, 0xFB, 0x7F, 0xFF, 0xFD, 0xFF, 0xF9, 0xFF, 0xF0,
    0x31, 0xE0, 0x63, 0xC0, 0xC7, 0x81, 0x8F, 0x00, 0x1E, 0x00, 0x3C, 0xF0, 0x7F, 0x83, 0xFC, 0x1F,
    0xE0, 0xFF, 0x37, 0xF9, 0xBF, 0xEF, 0xFF, 0xFF, 0x7F, 0xF9, 0xFF, 0xC0, 0xDE, 0x06, 0xF0, 0x37,
    0x80, 0x3C, 0xF0, 0x01, 0xE0, 0x03, 0xC0, 0x07, 0x80, 0x0F, 0x00, 0x1E, 0x00, 0x3F, 0xFE, 0x7F,
    0xFE, 0xFF, 0xFF, 0xF8, 0x7F, 0xC0, 0xFF, 0x80, 0xFF, 0x01, 0xFE, 0x03, 0xFC, 0x07, 0xF8, 0x0F,
    0xF0, 0x1F, 0xE0, 0x3C, 0xF0, 0x07, 0x80, 0x3C, 0x01, 0xE0, 0x0F, 0x00, 0x7B, 0xF3, 0xFF, 0xDF,
    0xFF, 0xFC, 0xFF, 0xC7, 0xFC, 0x1F, 0xE0, 0xFF, 0x07, 0xF8, 0x3F, 0xC1, 0xFE, 0x0F, 0xF0, 0x7F,
    0x83, 0xFC, 0x1E, 0x00, 0x7F, 0xC0, 0x07, 0xFF, 0x80, 0x3F, 0xFF, 0x00, 0xFC, 0x7E, 0xF7, 0xC0,
    0x7B, 0x9E, 0x01, 0xFF, 0xF8, 0x03, 0xFF, 0xFF, 0xFF, 0xFF, 0xFF, 0xFD, 0xFF, 0xFF, 0xF0, 0xF8,
    0x00, 0x01, 0xE0, 0x00, 0x07, 0xC0, 0x00, 0x1F, 0x00, 0x60, 0x3F, 0x0F, 0x80, 0x7F, 0xFE, 0x00,
    0xFF, 0xF8, 0x01, 0xFF, 0x80, 0x01, 0xFC, 0x01, 0xFF, 0x81, 0xFF, 0xDD, 0xF1, 0xFE, 0xF0, 0xFF,
    0xFF, 0xFF, 0xFF, 0xFE, 0xFF, 0xFF, 0x0F, 0x00, 0x07, 0xC0, 0x03, 0xF0, 0xC0, 0xFF, 0xE0, 0x3F,
    0xF0, 0x0F, 0xF8, 0x00, 0x7F, 0xC0, 0x07, 0xFF, 0x80, 0x3F, 0xFF, 0x01, 0xF8, 0x7E, 0xF7, 0xC0,
    0x7B, 0x9E, 0x01, 0xFF, 0xF8, 0x03, 0xFF, 0xFF, 0xFF, 0xFF, 0xFF, 0xFD, 0xFF, 0xFF, 0xF0, 0xF8,
    0x00, 0x03, 0xE0, 0x00, 0x07, 0x80, 0x00, 0x1F, 0x00, 0x60, 0x3F, 0x1F, 0x80, 0xFF, 0xFE, 0x01,
    0xFF, 0xF8, 0x01, 0xFF, 0x80, 0x01, 0xE0, 0x00, 0x07, 0x80, 0x00, 0x1E, 0x00, 0x00, 0x78, 0x00,
    0x01, 0xE0, 0x00, 0x01, 0xFC, 0x01, 0xFF, 0x81, 0xFF, 0xDD, 0xF1, 0xFE, 0xF0, 0xFF, 0xFF, 0xFF,
    0xFF, 0xFE, 0xFF, 0xFF, 0x0F, 0x00, 0x07, 0xC0, 0x03, 0xF1, 0xC0, 0xFF, 0xE0, 0x3F, 0xF0, 0x0F,
    0xF8, 0x01, 0xE0, 0x00, 0xF0, 0x00, 0x78, 0x00, 0x3C, 0x00, 0x1E, 0x00, 0xFF, 0xFF, 0xFF, 0x3C,
    0x3C, 0x3C, 0x3C, 0x3C, 0x3C, 0x3C, 0x3C, 0x3C, 0x3C, 0x3C, 0x3C, 0xFF, 0xFF, 0xFF, 0x00, 0xF1,
    0xC0, 0x00, 0x3E, 0xF0, 0x00, 0x07, 0xFC, 0x00, 0x00, 0xFE, 0x00, 0x00, 0x04, 0x00, 0x00, 0x00,
    0x00, 0x07, 0xC1, 0xE0, 0xF8, 0xF8, 0x78, 0x7C, 0x1E, 0x1E, 0x1E, 0x07, 0xC7, 0x8F, 0x80, 0xF9,
    0xE7, 0xC0, 0x1E, 0x79, 0xE0, 0x07, 0xDE, 0xF8, 0x00, 0xFF, 0xFC, 0x00, 0x3F, 0xFF, 0x00, 0x0F,
    0xFF, 0xC0, 0x07, 0xDE, 0xF8, 0x01, 0xE7, 0xBE, 0x00, 0xF9, 0xE7, 0xC0, 0x7C, 0x78, 0xF8, 0x1F,
    0x1E, 0x3E, 0x0F, 0x87, 0x87, 0xC7, 0xC1, 0xE1, 0xF9, 0xF0, 0x78, 0x3E, 0x03, 0xCF, 0x00, 0x0F,
    0x3C, 0x00, 0x3F, 0xE0, 0x00, 0x7F, 0x80, 0x00, 0xFC, 0x00, 0x00, 0x00, 0x07, 0x87, 0x8F, 0x9F,
    0x1E, 0x3C, 0x3E, 0x79, 0xE0, 0x79, 0xEF, 0x81, 0xF7, 0xBC, 0x03, 0xFF, 0xE0, 0x07, 0xFF, 0x80,
    0x3F, 0xFE, 0x01, 0xF7, 0xBC, 0x07, 0xDE, 0xF8, 0x3E, 0x79, 0xE1, 0xF1, 0xE7, 0xC7, 0xC7, 0x8F,
    0xBE, 0x1E, 0x3E, 0xF0, 0x3E, 0xF0, 0x7C, 0xF0, 0xF8, 0xF1, 0xF0, 0xF3, 0xE0, 0xF3, 0xE0, 0xF7,
    0xC0, 0xFF, 0x80, 0xFF, 0xE0, 0xFF, 0xF8, 0xFF, 0xFC, 0xFF, 0xFE, 0xF0, 0x3F, 0xF0, 0x1F, 0xF0,
    0x1F, 0xF0, 0x0F, 0xF0, 0x0F, 0xF0, 0x0F, 0x00, 0x1F, 0x00, 0x1F, 0x04, 0x3E, 0x07, 0xFE, 0x07,
    0xFC, 0x07, 0xF0, 0xF0, 0xFF, 0xC7, 0xEF, 0x3F, 0x3C, 0xF8, 0xF7, 0xC3, 0xFE, 0x0F, 0xFC, 0x3F,
    0xFC, 0xFF, 0xFB, 0xEF, 0xFF, 0x07, 0xFC, 0x1F, 0xF0, 0x3F, 0xC0, 0xF0, 0x03, 0xC0, 0x1F, 0x08,
    0xF8, 0x3F, 0xE0, 0xFF, 0x03, 0xF8, 0x07, 0xFF, 0x80, 0x3F, 0xFC, 0x01, 0xFF, 0xE0, 0x0F, 0x0F,
    0x00, 0xF8, 0x78, 0x07, 0xC3, 0xC0, 0x3E, 0x1E, 0x01, 0xE0, 0xF0, 0x0F, 0x07, 0x80, 0x78, 0x3C,
    0x03, 0xC1, 0xE0, 0x3E, 0x0F, 0x01, 0xF0, 0x78, 0x0F, 0x03, 0xC2, 0xF8, 0x1F, 0xFF, 0xC0, 0xFF,
    0xFC, 0x07, 0xFF, 0xC0, 0x3F, 0x80, 0x00, 0x3C, 0x00, 0x01, 0xE0, 0x00, 0x1F, 0x00, 0x00, 0xF0,
    0x00, 0x0F, 0x80, 0x0F, 0xFE, 0x01, 0xFF, 0xC0, 0x3F, 0xF8, 0x07, 0x8F, 0x00, 0xF1, 0xE0, 0x1E,
    0x3C, 0x07, 0xC7, 0x80, 0xF0, 0xF0, 0x1E, 0x1E, 0x03, 0xC3, 0xC0, 0xF8, 0x78, 0x7E, 0x0F, 0xFF,
    0xC1, 0xFF, 0xF0, 0x3F, 0x80, 0x00, 0xF0, 0x00, 0x1E, 0x00, 0x03, 0xC0, 0x00, 0xF0, 0x00, 0x1E,
    0x00, 0x01, 0x80, 0xF0, 0x1F, 0xE0, 0x3F, 0xC0, 0x7F, 0x80, 0xFF, 0x01, 0xFE, 0x03, 0xFC, 0x07,
    0xFF, 0xFF, 0xFF, 0xFF, 0xFF, 0xFF, 0xC0, 0x7F, 0x80, 0xFF, 0x01, 0xFE, 0x03, 0xFC, 0x07, 0xF8,
    0x0F, 0xF0, 0x1F, 0xE0, 0x3C, 0x00, 0xF8, 0x01, 0xF0, 0x87, 0xC1, 0xFF, 0x83, 0xFE, 0x07, 0xF8,
    0xF0, 0x7F, 0x83, 0xFC, 0x1F, 0xE0, 0xFF, 0x07, 0xFF, 0xFF, 0xFF, 0xFF, 0xFF, 0xF0, 0x7F, 0x83,
    0xFC, 0x1F, 0xE0, 0xFF, 0x07, 0xF8, 0x3C, 0x01, 0xE0, 0x1F, 0x19, 0xF8, 0xFF, 0x87, 0xF8, 0x3F,
    0x80, 0xF0, 0x1E, 0x1E, 0x03, 0xC3, 0xC0, 0x78, 0x78, 0x0F, 0x0F, 0x01, 0xE1, 0xE0, 0x3C, 0x3C,
    0x07, 0x87, 0xFF, 0xF0, 0xFF, 0xFE, 0x1F, 0xFF, 0xC3, 0xC0, 0x78, 0x78, 0x0F, 0x0F, 0x01, 0xE1,
    0xE0, 0x3C, 0x3C, 0x07, 0xFF, 0x80, 0xFF, 0xF0, 0x1F, 0xFE, 0x03, 0xF8, 0x00, 0x0F, 0x00, 0x01,
    0xE0, 0x00, 0x7C, 0x00, 0x0F, 0x00, 0x03, 0xE0, 0xF0, 0x78, 0x78, 0x3C, 0x3C, 0x1E, 0x1E, 0x0F,
    0x0F, 0x07, 0x87, 0xFF, 0xC3, 0xFF, 0xE1, 0xFF, 0xF0, 0xF0, 0x78, 0x78, 0x3C, 0x3C, 0x1E, 0x1E,
    0x0F, 0xFF, 0x07, 0xF7, 0x83, 0xF8, 0x00, 0x3C, 0x00, 0x1E, 0x00, 0x0F, 0x00, 0x0F, 0x00, 0x07,
    0x80, 0xF0, 0x1F, 0xE0, 0x3F, 0xC0, 0x7F, 0x80, 0xFF, 0x01, 0xFE, 0x03, 0xFC, 0x07, 0xF8, 0x0F,
    0xF8, 0x7F, 0xFF, 0xFD, 0xFF, 0xF9, 0xFF, 0xF0, 0x01, 0xE0, 0x03, 0xC0, 0x07, 0x80, 0x7F, 0x00,
    0xFE, 0x01, 0xFC, 0x03, 0xC0, 0x07, 0x80, 0x0F, 0x00, 0x1E, 0x00, 0x3C, 0x00, 0xF0, 0x7F, 0x83,
    0xFC, 0x1F, 0xE0, 0xFF, 0x07, 0xF8, 0x3F, 0xE7, 0xFF, 0xFF, 0x7F, 0xF9, 0xFB, 0xC0, 0x1E, 0x07,
    0xF0, 0x3F, 0x81, 0xFC, 0x0F, 0x00, 0x78, 0x03, 0xC0, 0x1E, 0x00, 0xF0, 0xFC, 0x07, 0xE0, 0xFC,
    0x07, 0xE0, 0xFE, 0x0F, 0xE0, 0xFE, 0x0F, 0xE0, 0xFE, 0x0F, 0xE0, 0xFF, 0x0F, 0xE0, 0xFF, 0x1F,
    0xE0, 0xFF, 0x1D, 0xE0, 0xF7, 0x1D, 0xE0, 0xF7, 0xBD, 0xE0, 0xF7, 0xBD, 0xE0, 0xF3, 0xB9, 0xE0,
    0xF3, 0xF9, 0xE0, 0xF3, 0xF9, 0xE0, 0xF3, 0xF1, 0xFE, 0xF1, 0xF1, 0xFE, 0xF1, 0xF1, 0xFE, 0xF1,
    0xE1, 0xFE, 0x00, 0x00, 0x3C, 0x00, 0x00, 0x3C, 0x00, 0x00, 0x7C, 0x00, 0x00, 0x7C, 0x00, 0x00,
    0xF8, 0xFC, 0x1F, 0x87, 0xE0, 0xFC, 0x3F, 0x87, 0xE1, 0xFC, 0x7F, 0x0F, 0xE3, 0xF8, 0x7F, 0x9F,
    0xC3, 0xFD, 0xFE, 0x1E, 0xEE, 0xF0, 0xF7, 0xF7, 0x87, 0xBF, 0xBC, 0x3C, 0xF9, 0xE1, 0xE7, 0xCF,
    0xFF, 0x3E, 0x7F, 0xF8, 0xE3, 0xF8, 0x00, 0x03, 0xC0, 0x00, 0x1E, 0x00, 0x00, 0xF0, 0x00, 0x0F,
    0x80, 0x00, 0x78, 0xFF, 0xFF, 0xFF, 0x3C, 0x3C, 0x3C, 0x3C, 0x3C, 0x3C, 0x3C, 0x3C, 0x3C, 0x3C,
    0x3C, 0x3C, 0xFF, 0xFF, 0xFF, 0x0E, 0x3C, 0x03, 0xCF, 0x00, 0xFF, 0xC0, 0x1F, 0xE0, 0x00, 0xC0,
    0x00, 0x00, 0x00, 0x3F, 0x00, 0x1F, 0xC0, 0x07, 0xF0, 0x01, 0xFE, 0x00, 0xFF, 0x80, 0x3D, 0xE0,
    0x0F, 0x7C, 0x07, 0xDF, 0x01, 0xF3, 0xC0, 0x78, 0xF8, 0x3E, 0x3E, 0x0F, 0xFF, 0x83, 0xFF, 0xF1,
    0xFF, 0xFC, 0x7C, 0x0F, 0x3E, 0x03, 0xEF, 0x80, 0xFB, 0xE0, 0x1F, 0x3C, 0xF3, 0xDF, 0x3F, 0xE1,
    0xFE, 0x03, 0x00, 0x00, 0x3F, 0xC7, 0xFE, 0x3F, 0xF3, 0x1F, 0x00, 0xF3, 0xFF, 0x7F, 0xFF, 0xFF,
    0xF0, 0xFF, 0x0F, 0xF9, 0xFF, 0xFF, 0xFF, 0xF7, 0xE7, 0x07, 0xBC, 0x00, 0xF7, 0x80, 0x1E, 0xF0,
    0x00, 0x00, 0x00, 0x00, 0x00, 0x03, 0xE0, 0x00, 0xFE, 0x00, 0x1F, 0xC0, 0x03, 0xF8, 0x00, 0xFF,
    0x80, 0x1E, 0xF0, 0x03, 0xDE, 0x00, 0xFB, 0xE0, 0x1F, 0x3C, 0x07, 0xC7, 0xC0, 0xF8, 0xF8, 0x1F,
    0xFF, 0x07, 0xFF, 0xF0, 0xFF, 0xFE, 0x1F, 0x07, 0xC7, 0xC0, 0x7C, 0xF8, 0x0F, 0x9E, 0x00, 0xF0,
    0x3D, 0xE3, 0xDE, 0x3D, 0xE0, 0x00, 0x00, 0x03, 0xFC, 0x7F, 0xE3, 0xFF, 0x31, 0xF0, 0x0F, 0x3F,
    0xF7, 0xFF, 0xFF, 0xFF, 0x0F, 0xF0, 0xFF, 0x9F, 0xFF, 0xFF, 0xFF, 0x7E, 0x70, 0x00, 0xFF, 0xFE,
    0x03, 0xFF, 0xFC, 0x07, 0xFF, 0xF8, 0x1F, 0x78, 0x00, 0x3C, 0xF0, 0x00, 0xF9, 0xE0, 0x01, 0xE3,
    0xC0, 0x03, 0xC7, 0xFE, 0x0F, 0x8F, 0xFC, 0x1E, 0x1F, 0xF8, 0x7C, 0x3C, 0x00, 0xFF, 0xF8, 0x03,
    0xFF, 0xF0, 0x07, 0xFF, 0xE0, 0x1F, 0x03, 0xC0, 0x3E, 0x07, 0xFF, 0x78, 0x0F, 0xFF, 0xF0, 0x1F,
    0xFC, 0x3F, 0xDF, 0xC3, 0xFF, 0xFF, 0x9F, 0xFF, 0xFC, 0x63, 0xF9, 0xF0, 0x0F, 0x87, 0x9F, 0xFF,
    0xFD, 0xFF, 0xFF, 0xFF, 0xFF, 0xFF, 0xF0, 0xF0, 0x07, 0x87, 0xC0, 0x3E, 0x7F, 0x0F, 0xFF, 0xFF,
    0xFF, 0xFB, 0xFF, 0xBF, 0x87, 0xF8, 0xF1, 0xFE, 0x7B, 0xFF, 0x3F, 0xC0, 0x40, 0x00, 0x3F, 0xFF,
    0xFF, 0xFF, 0xFE, 0x03, 0xC0, 0x78, 0x0F, 0x01, 0xFF, 0xBF, 0xF7, 0xFE, 0xF0, 0x1E, 0x03, 0xC0,
    0x78, 0x0F, 0x01, 0xFF, 0xFF, 0xFF, 0xFF, 0x38, 0xF1, 0xEF, 0x8F, 0xF8, 0x3F, 0xC0, 0x70, 0x00,
    0x00, 0x7F, 0x07, 0xFE, 0x7F, 0xF7, 0xC7, 0xFC, 0x1F, 0xFF, 0xFF, 0xFF, 0xFF, 0xFF, 0xC0, 0x1F,
    0x00, 0xFC, 0x33, 0xFF, 0x8F, 0xFC, 0x3F, 0xE0, 0x1F, 0xF0, 0x3F, 0xFE, 0x1F, 0xFF, 0x8F, 0x87,
    0xE6, 0x01, 0xF0, 0x00, 0x7C, 0x00, 0x3E, 0x00, 0x0F, 0xFF, 0xFF, 0xFF, 0xFF, 0xFF, 0xFF, 0xFE,
    0x00, 0xFF, 0x00, 0xFF, 0xC0, 0x79, 0xF0, 0xFC, 0xFF, 0xFC, 0x3F, 0xFC, 0x07, 0xFC, 0x00, 0x7F,
    0xC7, 0xFF, 0x3F, 0xFD, 0xC3, 0xF0, 0x0F, 0x80, 0x3F, 0xFF, 0xFF, 0xFF, 0xFF, 0xFF, 0x87, 0xFE,
    0x7E, 0xFF, 0xE7, 0xFE, 0x0F, 0xE0, 0x0F, 0x78, 0x07, 0xBC, 0x03, 0xDE, 0x00, 0x00, 0x00, 0x00,
    0x00, 0xFF, 0x81, 0xFF, 0xF0, 0xFF, 0xFC, 0x7C, 0x3F, 0x30, 0x0F, 0x80, 0x03, 0xE0, 0x01, 0xF0,
    0x00, 0x7F, 0xFF, 0xFF, 0xFF, 0xFF, 0xFF, 0xFF, 0xF0, 0x07, 0xFC, 0x07, 0xFE, 0x03, 0xCF, 0xC7,
    0xE7, 0xFF, 0xE1, 0xFF, 0xE0, 0x3F, 0xE0, 0x79, 0xE3, 0xCF, 0x1E, 0x78, 0x00, 0x00, 0x00, 0x3F,
    0xE3, 0xFF, 0x9F, 0xFE, 0xE1, 0xF8, 0x07, 0xC0, 0x1F, 0xFF, 0xFF, 0xFF, 0xFF, 0xFF, 0xC3, 0xFF,
    0x3F, 0x7F, 0xF3, 0xFF, 0x07, 0xF0, 0x00, 0xF7, 0x80, 0x00, 0x7B, 0xC0, 0x00, 0x3D, 0xE0, 0x00,
    0x00, 0x00, 0x00, 0x00, 0x00, 0x03, 0xC1, 0xE0, 0x79, 0xF0, 0xF0, 0x7C, 0x7C, 0x78, 0x7C, 0x1E,
    0x3C, 0x7C, 0x0F, 0x9E, 0x3E, 0x03, 0xCF, 0x3E, 0x00, 0xF7, 0xBE, 0x00, 0x7F, 0xFF, 0x00, 0x1F,
    0xFF, 0x00, 0x1F, 0xFF, 0xC0, 0x0F, 0x7B, 0xE0, 0x0F, 0xBC, 0xF8, 0x0F, 0x9E, 0x7E, 0x07, 0xCF,
    0x1F, 0x07, 0xC7, 0x87, 0xC7, 0xC3, 0xC3, 0xF3, 0xE1, 0xE0, 0xFB, 0xE0, 0xF0, 0x3E, 0x01, 0xEF,
    0x00, 0x03, 0xDE, 0x00, 0x07, 0xBC, 0x00, 0x00, 0x00, 0x00, 0x00, 0x00, 0x0F, 0x8F, 0x0F, 0x8F,
    0x1E, 0x3E, 0x0F, 0x3C, 0x78, 0x1F, 0x79, 0xF0, 0x1E, 0xF7, 0xC0, 0x1F, 0xFF, 0x00, 0x3F, 0xFE,
    0x00, 0x7F, 0xFC, 0x01, 0xEF, 0x7C, 0x07, 0xDE, 0x7C, 0x0F, 0x3C, 0xF8, 0x3E, 0x78, 0xF8, 0xF8,
    0xF0, 0xF9, 0xF1, 0xE1, 0xF0, 0x3D, 0xE1, 0xEF, 0x0F, 0x78, 0x00, 0x00, 0x00, 0x3F, 0xE3, 0xFF,
    0x8F, 0xFE, 0x71, 0xF0, 0x07, 0x80, 0x3C, 0x07, 0xE3, 0xFE, 0x1F, 0xF0, 0xFF, 0xC0, 0x3F, 0x00,
    0xF8, 0x03, 0xC0, 0x3F, 0xC3, 0xFF, 0xFF, 0x7F, 0xF3, 0xFF, 0x00, 0x3D, 0xE3, 0xDE, 0x3D, 0xE0,
    0x00, 0x00, 0x07, 0xFC, 0x7F, 0xF7, 0xFF, 0x31, 0xF0, 0x1F, 0x1F, 0xE1, 0xFC, 0x1F, 0xF0, 0x1F,
    0x00, 0xF6, 0x1F, 0x7F, 0xF7, 0xFE, 0x7F, 0xC0, 0x7F, 0xF9, 0xFF, 0xE7, 0xFF, 0x80, 0x7C, 0x03,
    0xE0, 0x3F, 0x01, 0xF8, 0x07, 0xF8, 0x1F, 0xF0, 0x7F, 0xE0, 0x1F, 0xC0, 0x1F, 0x00, 0x3C, 0x01,
    0xFF, 0x0F, 0xFF, 0xFE, 0xFF, 0xF1, 0xFF, 0x80, 0x7F, 0xFB, 0xFF, 0xDF, 0xFE, 0x03, 0xE0, 0x3E,
    0x03, 0xE0, 0x3E, 0x03, 0xE0, 0x1F, 0xE0, 0xFF, 0x87, 0xFE, 0x01, 0xF0, 0x07, 0x80, 0x3C, 0x01,
    0xE0, 0x1F, 0xE1, 0xFF, 0xFF, 0xBF, 0xF8, 0xFF, 0x80, 0x0F, 0xF0, 0x1F, 0xE0, 0x3F, 0xC0, 0x00,
    0x0F, 0x03, 0xFE, 0x0F, 0xFC, 0x1F, 0xF8, 0x7F, 0xF0, 0xFF, 0xE3, 0xFF, 0xC7, 0xFF, 0x9E, 0xFF,
    0x3D, 0xFE, 0xF3, 0xFD, 0xE7, 0xFB, 0x8F, 0xFF, 0x1F, 0xFC, 0x3F, 0xF8, 0x7F, 0xE0, 0xFF, 0xC1,
    0xFF, 0x83, 0xC0, 0x3F, 0xC1, 0xFE, 0x0F, 0xF0, 0x00, 0x0F, 0x0F, 0xF8, 0xFF, 0xC7, 0xFE, 0x7F,
    0xF3, 0xFF, 0xBF, 0xFD, 0xFF, 0xFE, 0xFF, 0xF7, 0xFF, 0x3F, 0xF9, 0xFF, 0x8F, 0xFC, 0x7F, 0xC3,
    0xC0, 0x1E, 0xF0, 0x3D, 0xE0, 0x7B, 0xC0, 0x00, 0x00, 0x00, 0x1E, 0x07, 0xFC, 0x1F, 0xF8, 0x3F,
    0xF0, 0xFF, 0xE1, 0xFF, 0xC7, 0xFF, 0x8F, 0xFF, 0x3D, 0xFE, 0x7B, 0xFD, 0xE7, 0xFB, 0xCF, 0xFF,
    0x1F, 0xFE, 0x3F, 0xF8, 0x7F, 0xF0, 0xFF, 0xC1, 0xFF, 0x83, 0xFE, 0x07, 0x80, 0x3D, 0xE1, 0xEF,
    0x0F, 0x78, 0x00, 0x00, 0x00, 0x78, 0x7F, 0xC7, 0xFE, 0x3F, 0xF3, 0xFF, 0x9F, 0xFD, 0xFF, 0xEF,
    0xFF, 0xF7, 0xFF, 0xBF, 0xF9, 0xFF, 0xCF, 0xFC, 0x7F, 0xE3, 0xFE, 0x1E, 0x0F, 0x78, 0x07, 0xBC,
    0x03, 0xDE, 0x00, 0x00, 0x00, 0x00, 0x00, 0x7F, 0xC0, 0x7F, 0xF0, 0x7F, 0xFC, 0x7E, 0x3F, 0x7C,
    0x0F, 0xBE, 0x03, 0xFE, 0x01, 0xFF, 0x00, 0x7F, 0x80, 0x3F, 0xC0, 0x1F, 0xE0, 0x0F, 0xF0, 0x0F,
    0xFC, 0x07, 0xFE, 0x07, 0xCF, 0xC7, 0xE3, 0xFF, 0xE0, 0xFF, 0xE0, 0x3F, 0xE0, 0x3D, 0xE1, 0xEF,
    0x0F, 0x78, 0x00, 0x00, 0x00, 0x0F, 0xE0, 0xFF, 0x8F, 0xFE, 0xF8, 0xFF, 0xC7, 0xFC, 0x1F, 0xE0,
    0xFF, 0x07, 0xF8, 0x3F, 0xE3, 0xFF, 0x1F, 0x7F, 0xF1, 0xFF, 0x07, 0xF0, 0x0F, 0xF8, 0x0F, 0xFE,
    0x0F, 0xFF, 0x8F, 0xC7, 0xEF, 0x80, 0xFF, 0xC0, 0x7F, 0xC0, 0x1F, 0xFF, 0xFF, 0xFF, 0xFF, 0xFF,
    0xFF, 0xFC, 0x01, 0xFE, 0x00, 0xFF, 0x80, 0xFF, 0xC0, 0x7D, 0xF8, 0xFC, 0x7F, 0xFC, 0x1F, 0xFC,
    0x07, 0xFC, 0x00, 0x1F, 0xC1, 0xFF, 0x1F, 0xFD, 0xF1, 0xFF, 0x07, 0xFF, 0xFF, 0xFF, 0xFF, 0xFF,
    0xF0, 0x7F, 0xC7, 0xFE, 0x3E, 0xFF, 0xE3, 0xFE, 0x0F, 0xE0, 0x0F, 0x78, 0x07, 0xBC, 0x03, 0xDE,
    0x00, 0x00, 0x00, 0x00, 0x00, 0x7F, 0xC0, 0x7F, 0xF0, 0x7F, 0xFC, 0x7E, 0x3F, 0x7C, 0x07, 0xFE,
    0x03, 0xFE, 0x00, 0xFF, 0xFF, 0xFF, 0xFF, 0xFF, 0xFF, 0xFF, 0xE0, 0x0F, 0xF0, 0x07, 0xFC, 0x07,
    0xFE, 0x03, 0xEF, 0xC7, 0xE3, 0xFF, 0xE0, 0xFF, 0xE0, 0x3F, 0xE0, 0x3D, 0xE1, 0xEF, 0x0F, 0x78,
    0x00, 0x00, 0x00, 0x0F, 0xE0, 0xFF, 0x8F, 0xFE, 0xF8, 0xFF, 0x83, 0xFF, 0xFF, 0xFF, 0xFF, 0xFF,
    0xF8, 0x3F, 0xE3, 0xFF, 0x1F, 0x7F, 0xF1, 0xFF, 0x07, 0xF0, 0x3D, 0xE0, 0x7B, 0xC0, 0xF7, 0x80,
    0x00, 0x00, 0x00, 0x0F, 0xFC, 0x3F, 0xFC, 0x3F, 0xFC, 0x70, 0xFC, 0x00, 0x78, 0x00, 0xF8, 0x01,
    0xF1, 0xFF, 0xE3, 0xFF, 0xC7, 0xFF, 0x80, 0x0F, 0x00, 0x3E, 0x00, 0x7C, 0x01, 0xF3, 0x87, 0xE7,
    0xFF, 0x8F, 0xFE, 0x1F, 0xF8, 0x00, 0x7B, 0xC7, 0xBC, 0x7B, 0xC0, 0x00, 0x00, 0x0F, 0xF8, 0xFF,
    0xC7, 0xFE, 0x63, 0xF0, 0x1F, 0x3F, 0xF3, 0xFF, 0x3F, 0xF0, 0x1F, 0x01, 0xFC, 0x3E, 0xFF, 0xEF,
    0xFC, 0xFF, 0x80, 0x0F, 0xF0, 0x0F, 0xF0, 0x0F, 0xF0, 0x00, 0x00, 0xF8, 0x1F, 0xF8, 0x1F, 0x7C,
    0x1E, 0x7C, 0x3E, 0x3C, 0x3C, 0x3E, 0x3C, 0x1E, 0x78, 0x1F, 0x78, 0x0F, 0x78, 0x0F, 0xF0, 0x0F,
    0xF0, 0x07, 0xE0, 0x07, 0xE0, 0x03, 0xC0, 0x07, 0xC0, 0x7F, 0x80, 0x7F, 0x80, 0x7E, 0x00, 0x1F,
    0xE0, 0x7F, 0x81, 0xFE, 0x00, 0x00, 0xF8, 0x3F, 0xE1, 0xF7, 0x87, 0x9E, 0x1E, 0x7C, 0xF8, 0xF3,
    0xC3, 0xCF, 0x07, 0xFC, 0x1F, 0xE0, 0x7F, 0x80, 0xFE, 0x03, 0xF0, 0x0F, 0xC0, 0x1F, 0x00, 0x78,
    0x03, 0xE0, 0x1F, 0x01, 0xFC, 0x07, 0xE0, 0x1F, 0x00, 0x0F, 0x78, 0x07, 0xBC, 0x03, 0xDE, 0x00,
    0x00, 0x00, 0x00, 0x07, 0xC0, 0x7D, 0xF0, 0x3C, 0xF8, 0x3E, 0x3C, 0x1E, 0x1F, 0x0F, 0x07, 0x8F,
    0x83, 0xE7, 0x80, 0xF7, 0xC0, 0x7B, 0xC0, 0x1F, 0xE0, 0x0F, 0xE0, 0x03, 0xF0, 0x01, 0xF8, 0x00,
    0xF8, 0x00, 0xFC, 0x03, 0xFC, 0x01, 0xFC, 0x00, 0xFC, 0x00, 0x1E, 0xF0, 0x3D, 0xE0, 0x7B, 0xC0,
    0x00, 0x00, 0x00, 0x1F, 0x07, 0xFE, 0x0F, 0xBE, 0x1E, 0x7C, 0x7C, 0x78, 0xF0, 0xF9, 0xE0, 0xF7,
    0xC1, 0xEF, 0x03, 0xDE, 0x03, 0xFC, 0x07, 0xF0, 0x07, 0xE0, 0x0F, 0x80, 0x1F, 0x00, 0x1E, 0x00,
    0x78, 0x01, 0xF0, 0x1F, 0xC0, 0x3F, 0x80, 0x7C, 0x00, 0x01, 0xFF, 0x01, 0xFF, 0x80, 0xFF, 0x00,
    0xE7, 0x00, 0x00, 0x00, 0x00, 0x03, 0xE0, 0x3E, 0xF8, 0x1E, 0x7C, 0x1F, 0x1E, 0x0F, 0x0F, 0x87,
    0x83, 0xC7, 0xC1, 0xF3, 0xC0, 0x7B, 0xE0, 0x3D, 0xE0, 0x0F, 0xF0, 0x07, 0xF0, 0x03, 0xF8, 0x00,
    0xFC, 0x00, 0x7C, 0x00, 0x7E, 0x01, 0xFE, 0x00, 0xFE, 0x00, 0x7E, 0x00, 0x07, 0xBC, 0x1F, 0xF0,
    0x7B, 0xC0, 0xE7, 0x00, 0x00, 0x1F, 0x07, 0xFE, 0x0F, 0x3C, 0x3E, 0x7C, 0x78, 0xF8, 0xF0, 0xF3,
    0xE1, 0xF7, 0x81, 0xEF, 0x03, 0xFE, 0x07, 0xF8, 0x07, 0xF0, 0x0F, 0xE0, 0x0F, 0x80, 0x1F, 0x00,
    0x3C, 0x00, 0xF8, 0x01, 0xF0, 0x1F, 0xC0, 0x3F, 0x00, 0x7C, 0x00, 0x3C, 0xF0, 0xF3, 0xC3, 0xCF,
    0x00, 0x00, 0x00, 0x03, 0xC0, 0xFF, 0x03, 0xFC, 0x0F, 0xF0, 0x3F, 0xC0, 0xFF, 0x03, 0xFC, 0x0F,
    0xF0, 0x3F, 0xF3, 0xFF, 0xFF, 0xDF, 0xFF, 0x1F, 0xFC, 0x00, 0xF0, 0x03, 0xC0, 0x0F, 0x00, 0x3C,
    0x00, 0xF0, 0x03, 0xC0, 0x79, 0xE3, 0xCF, 0x1E, 0x78, 0x00, 0x00, 0x00, 0x78, 0x3F, 0xC1, 0xFE,
    0x0F, 0xF0, 0x7F, 0x83, 0xFC, 0x1F, 0xF3, 0xFF, 0xFF, 0xBF, 0xFC, 0xFF, 0xE0, 0x0F, 0x00, 0x78,
    0x03, 0xC0, 0x1E, 0xFF, 0xFF, 0xFF, 0xFF, 0xFF, 0x00, 0xF0, 0x0F, 0x00, 0xF0, 0x0F, 0x00, 0xF0,
    0x0F, 0x00, 0xF0, 0x0F, 0x00, 0xF0, 0x0F, 0x00, 0xFF, 0x0F, 0xF0, 0xFF, 0x0F, 0xF0, 0x0F, 0x00,
    0xF0, 0x0F, 0x00, 0xF0, 0x0F, 0x00, 0xFF, 0xFF, 0xFF, 0xFF, 0xC0, 0xF0, 0x3C, 0x0F, 0x03, 0xC0,
    0xF0, 0x3C, 0x0F, 0x03, 0xF8, 0xFE, 0x3F, 0x81, 0xE0, 0x78, 0x1E, 0x07, 0x81, 0xE0, 0x07, 0xBC,
    0x00, 0xF7, 0x80, 0x1E, 0xF0, 0x00, 0x00, 0x00, 0x00, 0x01, 0xE0, 0x03, 0xFC, 0x00, 0x7F, 0x80,
    0x0F, 0xF0, 0x01, 0xFE, 0x00, 0x3F, 0xC0, 0x07, 0xFF, 0xE0, 0xFF, 0xFE, 0x1F, 0xFF, 0xE3, 0xFC,
    0x7E, 0x7F, 0x87, 0xCF, 0xF0, 0x79, 0xFE, 0x0F, 0x3F, 0xC3, 0xE7, 0xF8, 0xFC, 0xFF, 0xFF, 0x1F,
    0xFF, 0xE3, 0xFF, 0xF0, 0x78, 0x0F, 0x78, 0x07, 0xBC, 0x03, 0xDE, 0x00, 0x00, 0x00, 0x00, 0x07,
    0x80, 0x3F, 0xC0, 0x1F, 0xE0, 0x0F, 0xF0, 0x07, 0xF8, 0x03, 0xFF, 0xF1, 0xFF, 0xFC, 0xFF, 0xFF,
    0x7F, 0x8F, 0xBF, 0xC3, 0xDF, 0xE3, 0xEF, 0xFF, 0xF7, 0xFF, 0xF3, 0xFF, 0xF1, 0xE0, 0x3F, 0xF9,
    0xFF, 0xCF, 0xFE, 0x78, 0x03, 0xC0, 0x1E, 0x00, 0xF0, 0x1F, 0xF8, 0xFF, 0xC7, 0xFE, 0x0F, 0x00,
    0x78, 0x03, 0xC0, 0x1E, 0x00, 0xF0, 0x07, 0xF0, 0x3F, 0x81, 0xFC, 0x01, 0xE0, 0x0F, 0x00, 0x78,
    0x1F, 0xC0, 0xFE, 0x03, 0xE0, 0x3F, 0xF3, 0xFF, 0x3F, 0xF3, 0xC0, 0x3C, 0x03, 0xC0, 0xFF, 0x8F,
    0xF8, 0xFF, 0x83, 0xC0, 0x3C, 0x03, 0xF0, 0x3F, 0x03, 0xF0, 0x07, 0x00, 0x70, 0x07, 0x01, 0xF0,
    0x1F, 0x01, 0xE0, 0x7C, 0x0F, 0x87, 0xC1, 0xF0, 0xF8, 0x7C, 0x0F, 0x9F, 0x00, 0xFB, 0xE0, 0x1F,
    0xF8, 0x01, 0xFE, 0x00, 0x1F, 0xC0, 0x03, 0xF0, 0x00, 0x7E, 0x00, 0x1F, 0xE0, 0x03, 0xFE, 0x00,
    0xFF, 0xC0, 0x3E, 0x7C, 0x07, 0xC7, 0xF9, 0xF0, 0xFF, 0x7E, 0x0F, 0xEF, 0x81, 0xFC, 0x00, 0x07,
    0x80, 0x00, 0xF0, 0x00, 0x3E, 0x00, 0x1F, 0xC0, 0x03, 0xF0, 0x00, 0x7C, 0x7C, 0x3E, 0x3E, 0x7C,
    0x3E, 0x7C, 0x1F, 0xF8, 0x0F, 0xF0, 0x0F, 0xF0, 0x07, 0xE0, 0x07, 0xE0, 0x0F, 0xF0, 0x1F, 0xF8,
    0x1F, 0xF8, 0x3E, 0x7F, 0x7C, 0x3F, 0x7C, 0x3F, 0x00, 0x07, 0x00, 0x07, 0x00, 0x07, 0x00, 0x3F,
    0x00, 0x3F, 0x00, 0x3E, 0x7C, 0x0F, 0x8F, 0x87, 0xC3, 0xE1, 0xF0, 0x7C, 0xF8, 0x0F, 0x3C, 0x03,
    0xFF, 0x00, 0x7F, 0x80, 0xFF, 0xFC, 0x3F, 0xFF, 0x0F, 0xFF, 0xC0, 0x7F, 0x80, 0x3F, 0xF0, 0x0F,
    0xFC, 0x07, 0xCF, 0x83, 0xE3, 0xF0, 0xF8, 0x7C, 0x7C, 0x0F, 0x9F, 0x03, 0xE0, 0x7C, 0x3E, 0x3E,
    0x7C, 0x3E, 0x7C, 0x1F, 0xF8, 0x1F, 0xF8, 0x0F, 0xF0, 0x3F, 0xFC, 0x3F, 0xFC, 0x3F, 0xFC, 0x0F,
    0xF0, 0x1F, 0xF8, 0x3E, 0x7C, 0x7E, 0x7C, 0x7C, 0x3E, 0x7E, 0x0F, 0x1F, 0x07, 0x87, 0xC3, 0xC3,
    0xF3, 0xE0, 0xF9, 0xF0, 0x7E, 0xF0, 0x7F, 0xF8, 0x7F, 0xF8, 0x3D, 0xF8, 0x3E, 0x7C, 0x1F, 0x1F,
    0x0F, 0x0F, 0x87, 0x83, 0xE7, 0xC0, 0xFB, 0xE0, 0x7C, 0x7F, 0xC1, 0xFF, 0x8F, 0xFF, 0x1F, 0xFC,
    0x01, 0xF0, 0x03, 0xC0, 0x0F, 0x00, 0x3C, 0x00, 0xF0, 0x03, 0xC0, 0x0F, 0x3F, 0xFE, 0xFF, 0xFF,
    0xFF, 0xFF, 0xFF, 0xC0, 0x3E, 0x1F, 0xC7, 0xF8, 0xFE, 0x07, 0x81, 0xE0, 0x78, 0x1E, 0x07, 0x81,
    0xE0, 0xF9, 0xFE, 0xFF, 0xFE, 0xFF, 0x3C, 0x00, 0xFF, 0xFF, 0xFF, 0xEF, 0xFF, 0x9F, 0xFC, 0x01,
    0xE0, 0x07, 0x80, 0x1E, 0x00, 0x78, 0x01, 0xE0, 0x07, 0x80, 0x1E, 0x00, 0x78, 0x01, 0xE0, 0x07,
    0x80, 0x1E, 0x00, 0x7F, 0xF8, 0xFF, 0xFB, 0xFF, 0xFB, 0xFF, 0xF0, 0x03, 0xE0, 0x03, 0xC0, 0x07,
    0xBC, 0x0F, 0x78, 0x1E, 0xF0, 0x3D, 0xE0, 0x7B, 0xC0, 0xF7, 0x81, 0xEF, 0x03, 0xDE, 0x07, 0x80,
    0x7E, 0xFD, 0xFB, 0xF1, 0xE3, 0xC7, 0x8F, 0x1E, 0x3C, 0x78, 0xF1, 0xE3, 0xC7, 0x80, 0xFF, 0xFF,
    0xFF, 0xFF, 0x3C, 0x78, 0x78, 0x78, 0x78, 0x78, 0x7C, 0x7C, 0x7C, 0x7C, 0x7C, 0x7F, 0xFC, 0x7F,
    0xFE, 0xFF, 0xFF, 0x7F, 0xFF, 0x3C, 0x1F, 0x3C, 0x0F, 0x3C, 0x0F, 0x3C, 0x0F, 0x3C, 0x0F, 0x3C,
    0x0F, 0x3C, 0x0F, 0x3C, 0x0F, 0x3C, 0x0F, 0x3C, 0x0F, 0x3C, 0x0F, 0xF3, 0xF3, 0xCF, 0xEF, 0x3F,
    0xFC, 0xFF, 0xF0, 0x7F, 0xC0, 0xFF, 0x03, 0xFC, 0x0F, 0xF0, 0x3F, 0xE1, 0xFF, 0x87, 0xDF, 0xFE,
    0x7F, 0xF8, 0xFF, 0xC1, 0xFE, 0x00, 0x7E, 0xFD, 0xFB, 0xF1, 0xE3, 0xC7, 0x8F, 0x1E, 0x7F, 0xC3,
    0xFF, 0x9F, 0xFC, 0xFF, 0xF0, 0x0F, 0x80, 0x3C, 0x01, 0xE0, 0x0F, 0x00, 0x78, 0x03, 0xC0, 0x1E,
    0x00, 0xF0, 0x07, 0x80, 0x3C, 0x01, 0xE0, 0x0F, 0x00, 0x78, 0x03, 0xC0, 0x1E, 0x00, 0xF0, 0xFF,
    0x8F, 0xFC, 0xFF, 0xE7, 0xFE, 0x01, 0xF0, 0x1F, 0x00, 0xF0, 0x0F, 0x00, 0xF0, 0x1F, 0x01, 0xF7,
    0xFE, 0xFF, 0xEF, 0xFC, 0xFF, 0x80, 0xF0, 0x07, 0x80, 0x3C, 0x01, 0xE0, 0x0F, 0xFF, 0xFF, 0xFF,
    0xFF, 0xFF, 0xFE, 0x01, 0xF0, 0x0F, 0x00, 0xF8, 0x07, 0xC0, 0x3C, 0x03, 0xE0, 0x1F, 0x00, 0xF0,
    0x0F, 0x80, 0x7C, 0x03, 0xC0, 0x7F, 0xFC, 0xFF, 0xFE, 0xFF, 0xFF, 0x7F, 0xFF, 0x3C, 0x1F, 0x3C,
    0x0F, 0x3C, 0x0F, 0x3C, 0x0F, 0x3C, 0x0F, 0x3C, 0x0F, 0x3C, 0x0F, 0x3F, 0xFF, 0x3F, 0xFF, 0x3F,
    0xFF, 0x3F, 0xFF, 0x78, 0xFC, 0x3D, 0xFF, 0x1F, 0xFF, 0xC7, 0xFF, 0xE3, 0xF0, 0xF9, 0xF0, 0x7C,
    0xF8, 0x1E, 0x7C, 0x0F, 0x3E, 0x0F, 0x9E, 0x07, 0xCF, 0x03, 0xEF, 0x9F, 0xE7, 0xDF, 0xF3, 0xEF,
    0xF1, 0xF7, 0xE0, 0x7E, 0xFD, 0xFB, 0xF1, 0xE3, 0xC7, 0x8F, 0x1E, 0x3C, 0x78, 0xF1, 0xE3, 0xC7,
    0x8F, 0x1E, 0x3C, 0x78, 0xF0, 0x7E, 0x7E, 0x7F, 0x3F, 0x0F, 0x0F, 0x0F, 0x0F, 0x0F, 0x0F, 0x0F,
    0x7F, 0xFF, 0xFF, 0xFF, 0xFF, 0xF1, 0xFF, 0xFB, 0xFF, 0xF3, 0xFF, 0xF7, 0xC3, 0xEF, 0x03, 0xDE,
    0x07, 0xBC, 0x0F, 0x78, 0x1E, 0xF0, 0x7D, 0xF0, 0xFB, 0xFF, 0xE3, 0xFF, 0xC3, 0xFF, 0x03, 0xFC,
    0x00, 0x00, 0x03, 0xE0, 0xF7, 0x83, 0xDE, 0x0F, 0x7C, 0x3D, 0xF0, 0xF7, 0xC3, 0xCF, 0x1F, 0x3C,
    0x7C, 0xF1, 0xF3, 0xE7, 0x8F, 0xBE, 0x1F, 0xF3, 0xFF, 0xCF, 0xFC, 0x3F, 0xC0, 0xF8, 0x00, 0x00,
    0x00, 0x3F, 0xC1, 0xFF, 0xCF, 0xFF, 0xBF, 0xFE, 0xF0, 0x7F, 0xC1, 0xFF, 0x87, 0xFF, 0x0F, 0x7C,
    0x3C, 0xF0, 0xF0, 0xC3, 0xC0, 0x0F, 0x00, 0x3C, 0x00, 0xF0, 0x03, 0xC0, 0x0F, 0x00, 0x3C, 0x00,
    0xF0, 0x03, 0xC0, 0x0F, 0x3F, 0xC1, 0xFF, 0xCF, 0xFF, 0xBF, 0xFE, 0xF0, 0x7F, 0xC1, 0xFF, 0x83,
    0xFF, 0x0F, 0x7C, 0x3C, 0xF1, 0xF0, 0x07, 0xDF, 0xFE, 0xFF, 0xFB, 0xFF, 0xCF, 0xFC, 0x00, 0xF8,
    0x3D, 0xF0, 0xF7, 0xC7, 0xCF, 0x1F, 0x3E, 0x7C, 0xF9, 0xE1, 0xEF, 0x87, 0xFC, 0x1F, 0xF0, 0x3F,
    0x80, 0xF8, 0x03, 0xE0, 0x07, 0x80, 0x1F, 0x00, 0x7C, 0x00, 0xF0, 0x03, 0xC0, 0x0F, 0x80, 0x3E,
    0x00, 0x78, 0x7C, 0x3D, 0xF0, 0xF3, 0xE7, 0xCF, 0xDF, 0x1F, 0x7C, 0x3F, 0xE0, 0xFF, 0x81, 0xFC,
    0x03, 0xE0, 0x0F, 0x80, 0x1F, 0x1F, 0xFE, 0x7F, 0xF9, 0xFF, 0xE7, 0xFF, 0x80, 0xFF, 0xFF, 0xFF,
    0xFF, 0xFF, 0xFB, 0xFF, 0xF0, 0x03, 0xC0, 0x07, 0x80, 0x1F, 0x3C, 0x3E, 0x78, 0x78, 0xF1, 0xF1,
    0xE3, 0xE3, 0xC7, 0x87, 0x8F, 0x0F, 0x3E, 0x1E, 0x78, 0x3C, 0x00, 0x78, 0x00, 0xF0, 0x01, 0xE0,
    0x03, 0xC0, 0x00, 0x7F, 0xC7, 0xFE, 0xFF, 0xF7, 0xFF, 0x01, 0xF0, 0x0F, 0x00, 0xF0, 0x0F, 0x00,
    0xF0, 0x0F, 0x00, 0xF0, 0x0F, 0x00, 0xF0, 0x0F, 0x00, 0xF0, 0xF3, 0xCF, 0xF9, 0xE7, 0xFC, 0xF3,
    0xFE, 0x79, 0xFF, 0x3C, 0xFF, 0xBE, 0x7F, 0xFE, 0x3F, 0xFE, 0x1E, 0xFE, 0x0F, 0x7C, 0x0F, 0xBE,
    0x07, 0xCF, 0xFF, 0xC3, 0xFF, 0xE0, 0xFF, 0xE0, 0x3F, 0xC0, 0x7F, 0xFC, 0x7F, 0xFE, 0xFF, 0xFF,
    0x7F, 0xFF, 0x1E, 0x0F, 0x1E, 0x0F, 0x1E, 0x0F, 0x1E, 0x0F, 0x1E, 0x0F, 0x1E, 0x0F, 0x1E, 0x0F,
    0x7E, 0x0F, 0xFE, 0x0F, 0xFC, 0x0F, 0xF8, 0x0F, 0x03, 0xF0, 0x00, 0xFC, 0x00, 0x7F, 0x00, 0x1F,
    0xE0, 0x07, 0xF8, 0x03, 0xFE, 0x00, 0xF7, 0xC0, 0x3C, 0xF0, 0x1F, 0x3C, 0x07, 0xCF, 0x81, 0xE1,
    0xE0, 0xFF, 0xFC, 0x3F, 0xFF, 0x0F, 0xFF, 0xC7, 0xC0, 0xF9, 0xF0, 0x3E, 0x78, 0x0F, 0xBE, 0x01,
    0xF0, 0x00, 0x00, 0x07, 0x80, 0x01, 0xE0, 0x00, 0x78, 0x00, 0x1E, 0x00, 0x3F, 0xC7, 0xFE, 0x3F,
    0xF3, 0x1F, 0x00, 0xF3, 0xFF, 0x7F, 0xFF, 0xFF, 0xF0, 0xFF, 0x0F, 0xF9, 0xFF, 0xFF, 0xFF, 0xF7,
    0xEF, 0x00, 0x00, 0xF0, 0x0F, 0x00, 0xF0, 0x0F, 0x00, 0x00, 0x00, 0x00, 0xF8, 0x00, 0x3F, 0x00,
    0x03, 0xC0, 0x00, 0xF0, 0x00, 0x78, 0x00, 0x1C, 0x00, 0x00, 0x00, 0x03, 0xF0, 0x00, 0xFC, 0x00,
    0x3F, 0x80, 0x1F, 0xE0, 0x07, 0xF8, 0x01, 0xFF, 0x00, 0xFB, 0xC0, 0x3C, 0xF0, 0x1F, 0x3E, 0x07,
    0xCF, 0x81, 0xE1, 0xE0, 0xFF, 0xFC, 0x3F, 0xFF, 0x0F, 0xFF, 0xC7, 0xC0, 0xF9, 0xF0, 0x3E, 0x7C,
    0x07, 0xFE, 0x01, 0xF0, 0x00, 0x01, 0xF8, 0x1F, 0x80, 0x38, 0x07, 0x80, 0xF8, 0x0E, 0x00, 0x00,
    0x3F, 0xC7, 0xFE, 0x3F, 0xF3, 0x1F, 0x00, 0xF3, 0xFF, 0x7F, 0xFF, 0xFF, 0xF0, 0xFF, 0x0F, 0xF9,
    0xFF, 0xFF, 0xFF, 0xF7, 0xE7, 0x00, 0x07, 0x80, 0xF9, 0xC0, 0x3F, 0xE0, 0x1F, 0xC0, 0x0F, 0x78,
    0x03, 0x86, 0x00, 0x00, 0x00, 0x0F, 0xC0, 0x07, 0xF0, 0x01, 0xFC, 0x00, 0x7F, 0x80, 0x3F, 0xE0,
    0x0F, 0x78, 0x03, 0xDF, 0x01, 0xF7, 0xC0, 0x7C, 0xF0, 0x1E, 0x3E, 0x0F, 0x8F, 0x83, 0xFF, 0xE0,
    0xFF, 0xFC, 0x7F, 0xFF, 0x1F, 0x03, 0xCF, 0x80, 0xFB, 0xE0, 0x3E, 0xF8, 0x07, 0xC0, 0x00, 0x1E,
    0x00, 0x78, 0x3F, 0xE0, 0xFE, 0x03, 0xDE, 0x07, 0x1C, 0x00, 0x00, 0x1F, 0xE0, 0x7F, 0xE0, 0x7F,
    0xE0, 0xC7, 0xC0, 0x07, 0x83, 0xFF, 0x0F, 0xFE, 0x3F, 0xFC, 0x78, 0x78, 0xF0, 0xF1, 0xF3, 0xE3,
    0xFF, 0xC7, 0xFF, 0x87, 0xE7, 0x00, 0xF0, 0x00, 0x1E, 0xF8, 0x03, 0xBF, 0x00, 0x1F, 0xC0, 0x0F,
    0x78, 0x03, 0x86, 0x00, 0x00, 0x00, 0x0F, 0xC0, 0x07, 0xF0, 0x01, 0xFC, 0x00, 0x7F, 0x80, 0x3F,
    0xE0, 0x0F, 0x78, 0x03, 0xDF, 0x01, 0xF7, 0xC0, 0x7C, 0xF0, 0x1E, 0x3E, 0x0F, 0x8F, 0x83, 0xFF,
    0xE0, 0xFF, 0xFC, 0x7F, 0xFF, 0x1F, 0x03, 0xCF, 0x80, 0xFB, 0xE0, 0x3E, 0xF8, 0x07, 0xC0, 0xF0,
    0x01, 0xE0, 0x03, 0xBE, 0x01, 0xFC, 0x0F, 0x78, 0x38, 0xE0, 0x00, 0x03, 0xFC, 0x1F, 0xF8, 0x3F,
    0xF0, 0xC7, 0xC0, 0x0F, 0x0F, 0xFC, 0x7F, 0xF3, 0xFF, 0xCF, 0x0F, 0x3C, 0x3C, 0xF9, 0xF3, 0xFF,
    0xCF, 0xFF, 0x1F, 0x9C, 0x00, 0x0F, 0x00, 0x03, 0xC0, 0x00, 0x30, 0x0F, 0xF8, 0x07, 0xFC, 0x01,
    0xCE, 0x00, 0xE1, 0xC0, 0x00, 0x00, 0x03, 0xF0, 0x00, 0xFC, 0x00, 0x7F, 0x80, 0x1F, 0xE0, 0x07,
    0xF8, 0x03, 0xFF, 0x00, 0xF7, 0xC0, 0x3C, 0xF0, 0x1F, 0x3E, 0x07, 0xCF, 0x81, 0xE1, 0xE0, 0xFF,
    0xFC, 0x3F, 0xFF, 0x1F, 0xFF, 0xC7, 0xC0, 0xF9, 0xF0, 0x3E, 0xF8, 0x07, 0xBE, 0x01, 0xF0, 0x00,
    0x78, 0x01, 0xF0, 0x01, 0xC3, 0xEE, 0x1F, 0xE0, 0xF7, 0x83, 0x8E, 0x00, 0x00, 0x3F, 0xC1, 0xFF,
    0x83, 0xFF, 0x0C, 0x7C, 0x00, 0xF0, 0xFF, 0xC7, 0xFF, 0x3F, 0xFC, 0xF0, 0xF3, 0xC3, 0xCF, 0x9F,
    0x3F, 0xFC, 0xFF, 0xF1, 0xF9, 0xC0, 0x07, 0xFC, 0x01, 0xFF, 0x00, 0x0E, 0x00, 0x07, 0xC0, 0x03,
    0xF8, 0x01, 0xEE, 0x00, 0x71, 0xC0, 0x00, 0x00, 0x03, 0xF0, 0x01, 0xFC, 0x00, 0x7F, 0x00, 0x1F,
    0xE0, 0x0F, 0xF8, 0x03, 0xDE, 0x00, 0xF7, 0xC0, 0x7D, 0xF0, 0x1F, 0x3C, 0x07, 0x8F, 0x83, 0xE3,
    0xE0, 0xFF, 0xF8, 0x3F, 0xFF, 0x1F, 0xFF, 0xC7, 0xC0, 0xF3, 0xE0, 0x3E, 0xF8, 0x0F, 0xBE, 0x01,
    0xF0, 0x1F, 0x71, 0xFF, 0x1B, 0xE0, 0x00, 0x07, 0xC0, 0xFE, 0x1C, 0xF0, 0x00, 0x00, 0x03, 0xFC,
    0x7F, 0xE3, 0xFF, 0x31, 0xF0, 0x0F, 0x3F, 0xF7, 0xFF, 0xFF, 0xFF, 0x0F, 0xF0, 0xFF, 0x9F, 0xFF,
    0xFF, 0xFF, 0x7E, 0x70, 0x01, 0xE0, 0x00, 0xFC, 0x00, 0x7F, 0x80, 0x3D, 0xF0, 0x0E, 0x1C, 0x00,
    0x00, 0x00, 0x3F, 0x00, 0x0F, 0xC0, 0x07, 0xF0, 0x01, 0xFE, 0x00, 0x7F, 0x80, 0x3F, 0xE0, 0x0F,
    0x7C, 0x03, 0xCF, 0x01, 0xF3, 0xC0, 0x7C, 0xF8, 0x1E, 0x1E, 0x0F, 0xFF, 0xC3, 0xFF, 0xF0, 0xFF,
    0xFC, 0x7C, 0x0F, 0x9F, 0x03, 0xE7, 0x80, 0xFB, 0xE0, 0x1F, 0x00, 0x00, 0x00, 0x78, 0x00, 0x1E,
    0x00, 0x07, 0x80, 0x01, 0xE0, 0x00, 0x0F, 0x81, 0xFC, 0x3F, 0xE7, 0x8F, 0x00, 0x03, 0xFC, 0x7F,
    0xE3, 0xFF, 0x31, 0xF0, 0x0F, 0x3F, 0xF7, 0xFF, 0xFF, 0xFF, 0x0F, 0xF0, 0xFF, 0x9F, 0xFF, 0xFF,
    0xFF, 0x7E, 0x70, 0x00, 0x0F, 0x00, 0xF0, 0x0F, 0x00, 0xF0, 0x00, 0x78, 0x00, 0x0E, 0x00, 0x1F,
    0xB0, 0x03, 0xDE, 0x00, 0x3F, 0xC0, 0x03, 0xF0, 0x00, 0x00, 0x00, 0x0F, 0x80, 0x03, 0xF8, 0x00,
    0x7F, 0x00, 0x1F, 0xE0, 0x03, 0xFE, 0x00, 0x7B, 0xC0, 0x1F, 0x78, 0x03, 0xEF, 0x80, 0x78, 0xF0,
    0x1F, 0x1E, 0x03, 0xE3, 0xE0, 0x7F, 0xFC, 0x1F, 0xFF, 0xC3, 0xFF, 0xF8, 0x78, 0x1F, 0x1F, 0x01,
    0xF3, 0xE0, 0x3E, 0x78, 0x07, 0xC0, 0x03, 0xC0, 0x38, 0x07, 0x03, 0x8E, 0x3F, 0xE1, 0xFC, 0x00,
    0x00, 0x00, 0x3F, 0xC7, 0xFE, 0x3F, 0xF3, 0x1F, 0x00, 0xF3, 0xFF, 0x7F, 0xFF, 0xFF, 0xF0, 0xFF,
    0x0F, 0xF9, 0xFF, 0xFF, 0xFF, 0xF7, 0xE7, 0x03, 0xC0, 0x00, 0x3C, 0x00, 0x1F, 0xB0, 0x03, 0xDE,
    0x00, 0x3F, 0xC0, 0x03, 0xF0, 0x00, 0x00, 0x00, 0x0F, 0x80, 0x03, 0xF8, 0x00, 0x7F, 0x00, 0x1F,
    0xE0, 0x03, 0xFE, 0x00, 0x7B, 0xC0, 0x1F, 0x78, 0x03, 0xEF, 0x80, 0x78, 0xF0, 0x1F, 0x1E, 0x03,
    0xE3, 0xE0, 0x7F, 0xFC, 0x1F, 0xFF, 0xC3, 0xFF, 0xF8, 0x78, 0x1F, 0x1F, 0x01, 0xF3, 0xE0, 0x3E,
    0x78, 0x07, 0xC0, 0x1E, 0x00, 0xE0, 0x07, 0x03, 0x8E, 0x3F, 0xE1, 0xFC, 0x00, 0x00, 0x00, 0x3F,
    0xC7, 0xFE, 0x3F, 0xF3, 0x1F, 0x00, 0xF3, 0xFF, 0x7F, 0xFF, 0xFF, 0xF0, 0xFF, 0x0F, 0xF9, 0xFF,
    0xFF, 0xFF, 0xF7, 0xE7, 0x01, 0xE0, 0x00, 0x78, 0x00, 0x0E, 0x00, 0x3B, 0x70, 0x07, 0x3C, 0x01,
    0xFE, 0x00, 0x3F, 0x00, 0x00, 0x00, 0x03, 0xF0, 0x00, 0xFC, 0x00, 0x7F, 0x80, 0x1F, 0xE0, 0x07,
    0xF8, 0x03, 0xFF, 0x00, 0xFB, 0xC0, 0x3C, 0xF0, 0x1F, 0x3E, 0x07, 0xC7, 0x81, 0xE1, 0xF0, 0xFF,
    0xFC, 0x3F, 0xFF, 0x0F, 0xFF, 0xE7, 0xC0, 0xF9, 0xF0, 0x3E, 0x78, 0x07, 0xFE, 0x01, 0xF0, 0x0F,
    0x00, 0x78, 0x07, 0x03, 0xFE, 0x3F, 0xE1, 0xFC, 0x00, 0x00, 0x00, 0x3F, 0xC7, 0xFE, 0x3F, 0xF3,
    0x1F, 0x00, 0xF3, 0xFF, 0x7F, 0xFF, 0xFF, 0xF0, 0xFF, 0x0F, 0xF9, 0xFF, 0xFF, 0xFF, 0xF7, 0xF7,
    0x03, 0xEC, 0x01, 0xFF, 0x00, 0x77, 0xC0, 0x00, 0x00, 0x07, 0x0C, 0x01, 0xEF, 0x00, 0x3F, 0xC0,
    0x07, 0xE0, 0x00, 0x00, 0x00, 0xFC, 0x00, 0x3F, 0x00, 0x1F, 0xC0, 0x07, 0xF8, 0x01, 0xFE, 0x00,
    0xFF, 0xC0, 0x3D, 0xF0, 0x0F, 0x3C, 0x07, 0xCF, 0x81, 0xE3, 0xE0, 0xF8, 0x78, 0x3F, 0xFF, 0x0F,
    0xFF, 0xC7, 0xFF, 0xF1, 0xF0, 0x3E, 0x7C, 0x0F, 0xBE, 0x01, 0xEF, 0x80, 0x7C, 0x0F, 0x31, 0xFF,
    0x1B, 0xE0, 0x00, 0x1C, 0xF1, 0xFE, 0x0F, 0xE0, 0x00, 0x00, 0x03, 0xFC, 0x7F, 0xE3, 0xFF, 0x31,
    0xF0, 0x0F, 0x3F, 0xF7, 0xFF, 0xFF, 0xFF, 0x0F, 0xF0, 0xFF, 0x9F, 0xFF, 0xFF, 0xFF, 0x7E, 0x70,
    0x06, 0x0E, 0x00, 0xE3, 0xC0, 0x1F, 0xF8, 0x01, 0xFE, 0x00, 0x1F, 0x80, 0x00, 0x00, 0x00, 0xFC,
    0x00, 0x1F, 0x80, 0x03, 0xF8, 0x00, 0xFF, 0x00, 0x1F, 0xF0, 0x03, 0xFE, 0x00, 0xFB, 0xC0, 0x1E,
    0x7C, 0x03, 0xCF, 0x80, 0xF9, 0xF8, 0x1E, 0x1F, 0x03, 0xFF, 0xE0, 0xFF, 0xFE, 0x1F, 0xFF, 0xC3,
    0xC0, 0xFC, 0xF8, 0x0F, 0x9F, 0x01, 0xF3, 0xC0, 0x1F, 0x00, 0x00, 0x00, 0x3C, 0x00, 0x07, 0x80,
    0x00, 0xF0, 0x00, 0x1E, 0x00, 0x38, 0xF3, 0xFF, 0x1F, 0xE0, 0xFC, 0x00, 0x03, 0xFC, 0x7F, 0xE3,
    0xFF, 0x31, 0xF0, 0x0F, 0x3F, 0xF7, 0xFF, 0xFF, 0xFF, 0x0F, 0xF0, 0xFF, 0x9F, 0xFF, 0xFF, 0xFF,
    0x7E, 0x70, 0x00, 0x0F, 0x00, 0xF0, 0x0F, 0x00, 0xF0, 0xFF, 0xFF, 0xFF, 0xFF, 0xF8, 0x0F, 0x01,
    0xE0, 0x3C, 0x07, 0xFE, 0xFF, 0xDF, 0xFB, 0xC0, 0x78, 0x0F, 0x01, 0xE0, 0x3C, 0x07, 0xFF, 0xFF,
    0xFF, 0xFC, 0x00, 0x0F, 0x01, 0xE0, 0x3C, 0x07, 0x80, 0x1F, 0xC1, 0xFF, 0x9F, 0xFD, 0xF1, 0xFF,
    0x07, 0xFF, 0xFF, 0xFF, 0xFF, 0xFF, 0xF0, 0x07, 0xC0, 0x3F, 0x0C, 0xFF, 0xE3, 0xFF, 0x0F, 0xF8,
    0x00, 0x00, 0xF0, 0x07, 0x80, 0x3C, 0x01, 0xE0, 0x00, 0x07, 0xC0, 0xFC, 0x07, 0x80, 0xF0, 0x3C,
    0x07, 0x00, 0x00, 0xFF, 0xFF, 0xFF, 0xFF, 0xF8, 0x0F, 0x01, 0xE0, 0x3C, 0x07, 0xFE, 0xFF, 0xDF,
    0xFB, 0xC0, 0x78, 0x0F, 0x01, 0xE0, 0x3C, 0x07, 0xFF, 0xFF, 0xFF, 0xFC, 0x00, 0x00, 0x7C, 0x03,
    0xF0, 0x07, 0x80, 0x3C, 0x03, 0xE0, 0x1C, 0x00, 0x00, 0x1F, 0xC1, 0xFF, 0x9F, 0xFD, 0xF1, 0xFF,
    0x07, 0xFF, 0xFF, 0xFF, 0xFF, 0xFF, 0xF0, 0x07, 0xC0, 0x3F, 0x0C, 0xFF, 0xE3, 0xFF, 0x0F, 0xF8,
    0x38, 0xEF, 0xDF, 0xFF, 0x77, 0xEE, 0x78, 0x00, 0x3F, 0xFF, 0xFF, 0xFF, 0xFE, 0x03, 0xC0, 0x78,
    0x0F, 0x01, 0xFF, 0xBF, 0xF7, 0xFE, 0xF0, 0x1E, 0x03, 0xC0, 0x78, 0x0F, 0x01, 0xFF, 0xFF, 0xFF,
    0xFF, 0x3F, 0x71, 0xFF, 0x9F, 0xF8, 0xE7, 0x80, 0x00, 0x0F, 0xE0, 0xFF, 0xCF, 0xFE, 0xF8, 0xFF,
    0xC7, 0xFF, 0xFF, 0xFF, 0xFF, 0xFF, 0xF8, 0x03, 0xE0, 0x1F, 0x86, 0x7F, 0xF1, 0xFF, 0x87, 0xFC,
    0x00, 0x3C, 0x7C, 0xE3, 0xFF, 0x0F, 0xE0, 0x7B, 0xC1, 0x87, 0x00, 0x00, 0x1F, 0xFC, 0x7F, 0xF1,
    0xFF, 0xC7, 0x80, 0x1E, 0x00, 0x78, 0x01, 0xE0, 0x07, 0xFE, 0x1F, 0xF8, 0x7F, 0xE1, 0xE0, 0x07,
    0x80, 0x1E, 0x00, 0x78, 0x01, 0xE0, 0x07, 0xFF, 0x1F, 0xFC, 0x7F, 0xF0, 0x00, 0x1E, 0x00, 0x38,
    0x3E, 0xE0, 0xFE, 0x03, 0xDE, 0x07, 0x1C, 0x00, 0x00, 0x0F, 0xE0, 0x3F, 0xF0, 0xFF, 0xE3, 0xE3,
    0xE7, 0x83, 0xCF, 0xFF, 0x9F, 0xFF, 0x3F, 0xFE, 0x78, 0x00, 0xF8, 0x01, 0xF8, 0x61, 0xFF, 0xC1,
    0xFF, 0x81, 0xFF, 0x00, 0xF0, 0x00, 0xE7, 0xC0, 0xFF, 0x80, 0x3F, 0x80, 0xF7, 0x83, 0x87, 0x00,
    0x00, 0x07, 0xFF, 0x0F, 0xFE, 0x1F, 0xFC, 0x3C, 0x00, 0x78, 0x00, 0xF0, 0x01, 0xE0, 0x03, 0xFF,
    0x07, 0xFE, 0x0F, 0xFC, 0x1E, 0x00, 0x3C, 0x00, 0x78, 0x00, 0xF0, 0x01, 0xE0, 0x03, 0xFF, 0x87,
    0xFF, 0x0F, 0xFE, 0xF0, 0x00, 0xE0, 0x00, 0xEF, 0x80, 0x3F, 0x80, 0xF7, 0x81, 0xC7, 0x00, 0x00,
    0x03, 0xF8, 0x0F, 0xFC, 0x3F, 0xF8, 0xF8, 0xF9, 0xE0, 0xF3, 0xFF, 0xE7, 0xFF, 0xCF, 0xFF, 0x9E,
    0x00, 0x3E, 0x00, 0x7E, 0x18, 0x7F, 0xF0, 0x7F, 0xE0, 0x7F, 0xC0, 0x00, 0x70, 0x03, 0xC0, 0x0E,
    0x3E, 0xE3, 0xFA, 0x3D, 0xE1, 0xC7, 0x00, 0x00, 0x7F, 0xF3, 0xFF, 0x9F, 0xFC, 0xF0, 0x07, 0x80,
    0x3C, 0x01, 0xE0, 0x0F, 0xFC, 0x7F, 0xE3, 0xFF, 0x1E, 0x00, 0xF0, 0x07, 0x80, 0x3C, 0x01, 0xE0,
    0x0F, 0xFE, 0x7F, 0xF3, 0xFF, 0x80, 0x00, 0x38, 0x00, 0xF0, 0x01, 0xC3, 0xEE, 0x1F, 0xD0, 0xF7,
    0x83, 0x8E, 0x00, 0x00, 0x1F, 0xC0, 0xFF, 0xC7, 0xFF, 0x3E, 0x3E, 0xF0, 0x7B, 0xFF, 0xEF, 0xFF,
    0xBF, 0xFE, 0xF0, 0x03, 0xE0, 0x0F, 0xC3, 0x1F, 0xFC, 0x3F, 0xF0, 0x7F, 0xC0, 0x7F, 0xCF, 0xF8,
    0x38, 0x0F, 0x83, 0xF8, 0xF7, 0x3C, 0x70, 0x00, 0xFF, 0xFF, 0xFF, 0xFF, 0xF8, 0x0F, 0x01, 0xE0,
    0x3C, 0x07, 0xFE, 0xFF, 0xDF, 0xFB, 0xC0, 0x78, 0x0F, 0x01, 0xE0, 0x3C, 0x07, 0xFF, 0xFF, 0xFF,
    0xFC, 0x1F, 0x30, 0xFF, 0x86, 0xF8, 0x00, 0x00, 0x7C, 0x07, 0xF0, 0x73, 0xC0, 0x00, 0x00, 0x00,
    0xFE, 0x0F, 0xFC, 0xFF, 0xEF, 0x8F, 0xF8, 0x3F, 0xFF, 0xFF, 0xFF, 0xFF, 0xFF, 0x80, 0x3E, 0x01,
    0xF8, 0x67, 0xFF, 0x1F, 0xF8, 0x7F, 0xC0, 0x1E, 0x07, 0xE1, 0xFE, 0x7D, 0xEE, 0x1C, 0x00, 0x3F,
    0xFF, 0xFF, 0xFF, 0xFE, 0x03, 0xC0, 0x78, 0x0F, 0x01, 0xFF, 0xBF, 0xF7, 0xFE, 0xF0, 0x1E, 0x03,
    0xC0, 0x78, 0x0F, 0x01, 0xFF, 0xFF, 0xFF, 0xFF, 0x00, 0x03, 0xC0, 0x78, 0x0F, 0x01, 0xE0, 0x0F,
    0x80, 0xFE, 0x0F, 0xF8, 0xF1, 0xE0, 0x00, 0x0F, 0xE0, 0xFF, 0xCF, 0xFE, 0xF8, 0xFF, 0x83, 0xFF,
    0xFF, 0xFF, 0xFF, 0xFF, 0xF8, 0x03, 0xE0, 0x1F, 0x86, 0x7F, 0xF1, 0xFF, 0x87, 0xFC, 0x00, 0x00,
    0x78, 0x03, 0xC0, 0x1E, 0x00, 0xF0, 0x7C, 0x7E, 0x5E, 0x1E, 0x3C, 0x38, 0x00, 0xFF, 0xFF, 0xFF,
    0x3C, 0x3C, 0x3C, 0x3C, 0x3C, 0x3C, 0x3C, 0x3C, 0x3C, 0x3C, 0x3C, 0x3C, 0xFF, 0xFF, 0xFF, 0xFB,
    0xFB, 0xCF, 0x7D, 0xC0, 0x1E, 0x79, 0xE7, 0x9E, 0x79, 0xE7, 0x9E, 0x79, 0xE7, 0x9E, 0x78, 0xFF,
    0xFF, 0xFF, 0x3C, 0x3C, 0x3C, 0x3C, 0x3C, 0x3C, 0x3C, 0x3C, 0x3C, 0x3C, 0x3C, 0x3C, 0xFF, 0xFF,
    0xFF, 0x00, 0x78, 0x78, 0x78, 0x78, 0xFF, 0xFF, 0x0F, 0xFF, 0xFF, 0xFF, 0xFF, 0xFF, 0xFF, 0xF0,
    0xFF, 0xFF, 0x0F, 0xF8, 0x0F, 0xFE, 0x0F, 0xFF, 0x8F, 0xC7, 0xEF, 0x81, 0xF7, 0xC0, 0x7F, 0xC0,
    0x3F, 0xE0, 0x0F, 0xF0, 0x07, 0xF8, 0x03, 0xFC, 0x01, 0xFE, 0x01, 0xFF, 0x80, 0xFF, 0xC0, 0xF9,
    0xF8, 0xFC, 0x7F, 0xFC, 0x1F, 0xFC, 0x07, 0xFC, 0x00, 0x00, 0x00, 0x78, 0x00, 0x3C, 0x00, 0x1E,
    0x00, 0x0F, 0x00, 0x1F, 0xC1, 0xFF, 0x1F, 0xFD, 0xF1, 0xFF, 0x8F, 0xF8, 0x3F, 0xC1, 0xFE, 0x0F,
    0xF0, 0x7F, 0xC7, 0xFE, 0x3E, 0xFF, 0xE3, 0xFE, 0x0F, 0xE0, 0x00, 0x00, 0xF0, 0x07, 0x80, 0x3C,
    0x01, 0xE0, 0x00, 0x00, 0x01, 0xF0, 0x00, 0xFC, 0x00, 0x1E, 0x00, 0x0F, 0x00, 0x0F, 0x80, 0x07,
    0x00, 0x00, 0x00, 0x0F, 0xF8, 0x0F, 0xFE, 0x0F, 0xFF, 0x8F, 0xC7, 0xEF, 0x81, 0xF7, 0xC0, 0x7F,
    0xC0, 0x3F, 0xE0, 0x0F, 0xF0, 0x07, 0xF8, 0x03, 0xFC, 0x01, 0xFE, 0x01, 0xFF, 0x80, 0xFF, 0xC0,
    0xF9, 0xF8, 0xFC, 0x7F, 0xFC, 0x1F, 0xFC, 0x07, 0xFC, 0x00, 0x00, 0x00, 0x7C, 0x03, 0xF0, 0x07,
    0x80, 0x3C, 0x03, 0xE0, 0x1C, 0x00, 0x00, 0x1F, 0xC1, 0xFF, 0x1F, 0xFD, 0xF1, 0xFF, 0x8F, 0xF8,
    0x3F, 0xC1, 0xFE, 0x0F, 0xF0, 0x7F, 0xC7, 0xFE, 0x3E, 0xFF, 0xE3, 0xFE, 0x0F, 0xE0, 0x00, 0x07,
    0x81, 0xF7, 0x81, 0xFB, 0x80, 0xFE, 0x00, 0xF7, 0x80, 0xF1, 0xC0, 0x00, 0x00, 0x1F, 0xF0, 0x1F,
    0xFC, 0x1F, 0xFF, 0x1F, 0x8F, 0xDF, 0x03, 0xEF, 0x80, 0xFF, 0x80, 0x7F, 0xC0, 0x1F, 0xE0, 0x0F,
    0xF0, 0x07, 0xF8, 0x03, 0xFC, 0x03, 0xFF, 0x01, 0xFF, 0x81, 0xF3, 0xF1, 0xF8, 0xFF, 0xF8, 0x3F,
    0xF8, 0x0F, 0xF8, 0x00, 0x00, 0x1E, 0x00, 0x78, 0x3E, 0xE0, 0xFE, 0x03, 0xDE, 0x07, 0x1C, 0x00,
    0x00, 0x0F, 0xE0, 0x3F, 0xE0, 0xFF, 0xE3, 0xE3, 0xE7, 0xC7, 0xCF, 0x07, 0x9E, 0x0F, 0x3C, 0x1E,
    0x78, 0x3C, 0xF8, 0xF9, 0xF1, 0xF1, 0xFF, 0xC1, 0xFF, 0x01, 0xFC, 0x00, 0xF0, 0x00, 0x39, 0xF0,
    0x0F, 0xF8, 0x00, 0xFE, 0x00, 0xF7, 0x80, 0xF1, 0xC0, 0x00, 0x00, 0x1F, 0xF0, 0x1F, 0xFC, 0x1F,
    0xFF, 0x1F, 0x8F, 0xDF, 0x03, 0xEF, 0x80, 0xFF, 0x80, 0x7F, 0xC0, 0x1F, 0xE0, 0x0F, 0xF0, 0x07,
    0xF8, 0x03, 0xFC, 0x03, 0xFF, 0x01, 0xFF, 0x81, 0xF3, 0xF1, 0xF8, 0xFF, 0xF8, 0x3F, 0xF8, 0x0F,
    0xF8, 0x00, 0xF0, 0x00, 0xF0, 0x00, 0xEF, 0x80, 0x3F, 0x80, 0xF7, 0x81, 0xC7, 0x00, 0x00, 0x03,
    0xF8, 0x0F, 0xF8, 0x3F, 0xF8, 0xF8, 0xF9, 0xF1, 0xF3, 0xC1, 0xE7, 0x83, 0xCF, 0x07, 0x9E, 0x0F,
    0x3E, 0x3E, 0x7C, 0x7C, 0x7F, 0xF0, 0x7F, 0xC0, 0x7F, 0x00, 0x00, 0x1E, 0x00, 0x0F, 0x80, 0x01,
    0xC0, 0x00, 0xC0, 0x3E, 0xC0, 0x3F, 0xE0, 0x3D, 0xE0, 0x3C, 0x70, 0x00, 0x00, 0x07, 0xFC, 0x07,
    0xFF, 0x07, 0xFF, 0xC7, 0xE3, 0xF7, 0xC0, 0xFB, 0xE0, 0x3F, 0xE0, 0x1F, 0xF0, 0x07, 0xF8, 0x03,
    0xFC, 0x01, 0xFE, 0x00, 0xFF, 0x00, 0xFF, 0xC0, 0x7F, 0xE0, 0x7C, 0xFC, 0x7E, 0x3F, 0xFE, 0x0F,
    0xFE, 0x03, 0xFE, 0x00, 0x00, 0x78, 0x01, 0xF0, 0x01, 0xC3, 0xEE, 0x1F, 0xE0, 0xF7, 0x83, 0x8E,
    0x00, 0x00, 0x1F, 0xC0, 0xFF, 0x87, 0xFF, 0x3E, 0x3E, 0xF8, 0xFB, 0xC1, 0xEF, 0x07, 0xBC, 0x1E,
    0xF0, 0x7B, 0xE3, 0xEF, 0x8F, 0x9F, 0xFC, 0x3F, 0xE0, 0x7F, 0x00, 0x07, 0xCC, 0x03, 0xFE, 0x03,
    0xBE, 0x00, 0x3C, 0x00, 0x3F, 0x00, 0x3F, 0xC0, 0x3C, 0xF0, 0x00, 0x00, 0x00, 0x00, 0x07, 0xFC,
    0x07, 0xFF, 0x07, 0xFF, 0xC7, 0xE3, 0xF7, 0xC0, 0xFB, 0xE0, 0x3F, 0xE0, 0x1F, 0xF0, 0x07, 0xF8,
    0x03, 0xFC, 0x01, 0xFE, 0x00, 0xFF, 0x00, 0xFF, 0xC0, 0x7F, 0xE0, 0x7C, 0xFC, 0x7E, 0x3F, 0xFE,
    0x0F, 0xFE, 0x03, 0xFE, 0x00, 0x0F, 0x30, 0xFF, 0x86, 0xF8, 0x00, 0x00, 0x7C, 0x07, 0xF0, 0x73,
    0xC0, 0x00, 0x00, 0x00, 0xFE, 0x0F, 0xF8, 0xFF, 0xEF, 0x8F, 0xFC, 0x7F, 0xC1, 0xFE, 0x0F, 0xF0,
    0x7F, 0x83, 0xFE, 0x3F, 0xF1, 0xF7, 0xFF, 0x1F, 0xF0, 0x7F, 0x00, 0x03, 0xE0, 0x03, 0xF0, 0x03,
    0xFC, 0x03, 0xCF, 0x01, 0xC3, 0xC0, 0x00, 0x00, 0x3F, 0xE0, 0x3F, 0xF8, 0x3F, 0xFE, 0x3F, 0x1F,
    0xBE, 0x07, 0xDF, 0x01, 0xFF, 0x00, 0xFF, 0x80, 0x3F, 0xC0, 0x1F, 0xE0, 0x0F, 0xF0, 0x07, 0xF8,
    0x07, 0xFE, 0x03, 0xFF, 0x03, 0xE7, 0xE3, 0xF1, 0xFF, 0xF0, 0x7F, 0xF0, 0x1F, 0xF0, 0x00, 0x00,
    0x01, 0xE0, 0x00, 0xF0, 0x00, 0x78, 0x00, 0x3C, 0x00, 0x0F, 0xC0, 0xFE, 0x0F, 0xF8, 0xF1, 0xE0,
    0x00, 0x0F, 0xE0, 0xFF, 0x8F, 0xFE, 0xF8, 0xFF, 0xC7, 0xFC, 0x1F, 0xE0, 0xFF, 0x07, 0xF8, 0x3F,
    0xE3, 0xFF, 0x1F, 0x7F, 0xF1, 0xFF, 0x07, 0xF0, 0x00, 0x00, 0x78, 0x03, 0xC0, 0x1E, 0x00, 0xF0,
    0x00, 0x7C, 0x00, 0x0F, 0x80, 0x01, 0xF0, 0x00, 0x3E, 0x00, 0x03, 0xC0, 0x00, 0x00, 0x0F, 0x0F,
    0xF8, 0xF1, 0xFF, 0xFF, 0x3F, 0xFF, 0xE7, 0xE3, 0xFC, 0xF8, 0x0F, 0x8F, 0x80, 0xF8, 0xF0, 0x07,
    0x8F, 0x00, 0x78, 0xF0, 0x07, 0x8F, 0x00, 0x78, 0xF0, 0x07, 0x8F, 0x00, 0x78, 0xF8, 0x0F, 0x8F,
    0x80, 0xF8, 0x7E, 0x3F, 0x03, 0xFF, 0xE0, 0x1F, 0xFC, 0x00, 0xFF, 0x80, 0x01, 0xF0, 0x01, 0xF0,
    0x01, 0xE0, 0x01, 0xE1, 0xF0, 0x00, 0xF8, 0xFE, 0x78, 0xFF, 0xFC, 0xFF, 0xFC, 0xF8, 0xFC, 0x7C,
    0x7C, 0x3C, 0x1E, 0x1E, 0x0F, 0x0F, 0x07, 0x87, 0x83, 0xC3, 0xE3, 0xE1, 0xF1, 0xF0, 0x7F, 0xF0,
    0x1F, 0xF0, 0x07, 0xF0, 0x00, 0x0F, 0x80, 0x00, 0x7C, 0x00, 0x03, 0xC0, 0x00, 0x1E, 0x00, 0x00,
    0xF0, 0x00, 0x00, 0x0F, 0x0F, 0xF8, 0xF1, 0xFF, 0xFF, 0x3F, 0xFF, 0xE7, 0xE3, 0xFC, 0xF8, 0x0F,
    0x8F, 0x80, 0xF8, 0xF0, 0x07, 0x8F, 0x00, 0x78, 0xF0, 0x07, 0x8F, 0x00, 0x78, 0xF0, 0x07, 0x8F,
    0x00, 0x78, 0xF8, 0x0F, 0x8F, 0x80, 0xF8, 0x7E, 0x3F, 0x03, 0xFF, 0xE0, 0x1F, 0xFC, 0x00, 0xFF,
    0x80, 0x3E, 0x00, 0x0F, 0x80, 0x03, 0xE0, 0x00, 0x71, 0xF0, 0x00, 0xF8, 0xFE, 0x78, 0xFF, 0xFC,
    0xFF, 0xFC, 0xF8, 0xFC, 0x7C, 0x7C, 0x3C, 0x1E, 0x1E, 0x0F, 0x0F, 0x07, 0x87, 0x83, 0xC3, 0xE3,
    0xE1, 0xF1, 0xF0, 0x7F, 0xF0, 0x1F, 0xF0, 0x07, 0xF0, 0x00, 0x00, 0x00, 0x00, 0x7E, 0x00, 0x07,
    0xE0, 0x00, 0x1E, 0x00, 0x01, 0xE0, 0x00, 0x3E, 0x00, 0x03, 0x80, 0x00, 0x00, 0x0F, 0x0F, 0xF8,
    0xF1, 0xFF, 0xFF, 0x3F, 0xFF, 0xE7, 0xE3, 0xFC, 0xF8, 0x0F, 0x8F, 0x80, 0xF8, 0xF0, 0x07, 0x8F,
    0x00, 0x78, 0xF0, 0x07, 0x8F, 0x00, 0x78, 0xF0, 0x07, 0x8F, 0x00, 0x78, 0xF8, 0x0F, 0x8F, 0x80,
    0xF8, 0x7E, 0x3F, 0x03, 0xFF, 0xE0, 0x1F, 0xFC, 0x00, 0xFF, 0x80, 0x00, 0x00, 0x07, 0xC0, 0x03,
    0xF0, 0x00, 0x78, 0x00, 0x3C, 0x00, 0x3E, 0x00, 0x1C, 0x3E, 0x00, 0x1F, 0x1F, 0xCF, 0x1F, 0xFF,
    0x9F, 0xFF, 0x9F, 0x1F, 0x8F, 0x8F, 0x87, 0x83, 0xC3, 0xC1, 0xE1, 0xE0, 0xF0, 0xF0, 0x78, 0x7C,
    0x7C, 0x3E, 0x3E, 0x0F, 0xFE, 0x03, 0xFE, 0x00, 0xFE, 0x00, 0x07, 0x8C, 0x00, 0xFD, 0xC0, 0x0F,
    0xFC, 0x01, 0xDF, 0x80, 0x1C, 0x70, 0x00, 0x00, 0x0F, 0x0F, 0xF8, 0xF1, 0xFF, 0xFF, 0x3F, 0xFF,
    0xE7, 0xE3, 0xFC, 0xF8, 0x0F, 0x8F, 0x80, 0xF8, 0xF0, 0x07, 0x8F, 0x00, 0x78, 0xF0, 0x07, 0x8F,
    0x00, 0x78, 0xF0, 0x07, 0x8F, 0x00, 0x78, 0xF8, 0x0F, 0x8F, 0x80, 0xF8, 0x7E, 0x3F, 0x03, 0xFF,
    0xE0, 0x1F, 0xFC, 0x00, 0xFF, 0x80, 0x1F, 0x70, 0x1F, 0xF8, 0x0F, 0xF8, 0x0E, 0x79, 0xF0, 0x00,
    0xF8, 0xFE, 0x78, 0xFF, 0xFC, 0xFF, 0xFC, 0xF8, 0xFC, 0x7C, 0x7C, 0x3C, 0x1E, 0x1E, 0x0F, 0x0F,
    0x07, 0x87, 0x83, 0xC3, 0xE3, 0xE1, 0xF1, 0xF0, 0x7F, 0xF0, 0x1F, 0xF0, 0x07, 0xF0, 0x00, 0x00,
    0x00, 0xF0, 0xFF, 0x8F, 0x1F, 0xFF, 0xF3, 0xFF, 0xFE, 0x7E, 0x3F, 0xCF, 0x80, 0xF8, 0xF8, 0x0F,
    0x8F, 0x00, 0x78, 0xF0, 0x07, 0x8F, 0x00, 0x78, 0xF0, 0x07, 0x8F, 0x00, 0x78, 0xF0, 0x07, 0x8F,
    0x80, 0xF8, 0xF8, 0x0F, 0x87, 0xE3, 0xF0, 0x3F, 0xFE, 0x01, 0xFF, 0xC0, 0x0F, 0xF8, 0x00, 0x00,
    0x00, 0x01, 0xE0, 0x00, 0x1E, 0x00, 0x01, 0xE0, 0x00, 0x1E, 0x00, 0x00, 0x0F, 0x80, 0x07, 0xC7,
    0xF3, 0xC7, 0xFF, 0xE7, 0xFF, 0xE7, 0xC7, 0xC3, 0xE3, 0xE1, 0xE0, 0xF0, 0xF0, 0x78, 0x78, 0x3C,
    0x3C, 0x1E, 0x1F, 0x1F, 0x0F, 0x8F, 0x83, 0xFF, 0x80, 0xFF, 0x80, 0x3F, 0x80, 0x00, 0x00, 0x03,
    0xC0, 0x01, 0xE0, 0x00, 0xF0, 0x00, 0x78, 0x00, 0xF0, 0x1F, 0xE0, 0x3F, 0xC0, 0x7F, 0x80, 0xFF,
    0x01, 0xFE, 0x03, 0xFC, 0x07, 0xF8, 0x0F, 0xF0, 0x1F, 0xE0, 0x3F, 0xC0, 0x7F, 0x80, 0xFF, 0x03,
    0xFF, 0x07, 0xFF, 0x1F, 0xBF, 0xFE, 0x3F, 0xF8, 0x3F, 0xE0, 0x00, 0x00, 0x3C, 0x00, 0x78, 0x00,
    0xF0, 0x01, 0xE0, 0x00, 0xF0, 0x7F, 0x83, 0xFC, 0x1F, 0xE0, 0xFF, 0x07, 0xF8, 0x3F, 0xC1, 0xFE,
    0x0F, 0xF0, 0xFF, 0x87, 0xFE, 0x7F, 0xFF, 0xF7, 0xFF, 0x9F, 0xBC, 0x00, 0x01, 0xE0, 0x0F, 0x00,
    0x78, 0x03, 0xC0, 0x00, 0x00, 0x1F, 0x00, 0x3F, 0x00, 0x1E, 0x00, 0x3C, 0x00, 0xF0, 0x01, 0xC0,
    0x00, 0x00, 0xF0, 0x1F, 0xE0, 0x3F, 0xC0, 0x7F, 0x80, 0xFF, 0x01, 0xFE, 0x03, 0xFC, 0x07, 0xF8,
    0x0F, 0xF0, 0x1F, 0xE0, 0x3F, 0xC0, 0x7F, 0x80, 0xFF, 0x03, 0xFF, 0x07, 0xFF, 0x1F, 0xBF, 0xFE,
    0x3F, 0xF8, 0x3F, 0xE0, 0x00, 0x00, 0x7C, 0x07, 0xE0, 0x07, 0x00, 0x78, 0x07, 0xC0, 0x18, 0x00,
    0x00, 0xF0, 0x7F, 0x83, 0xFC, 0x1F, 0xE0, 0xFF, 0x07, 0xF8, 0x3F, 0xC1, 0xFE, 0x0F, 0xF0, 0xFF,
    0x87, 0xFE, 0x7F, 0xFF, 0xF7, 0xFF, 0x9F, 0xBC, 0x01, 0xF8, 0x00, 0x0F, 0x80, 0x00, 0xF8, 0x00,
    0x0F, 0x00, 0x00, 0x70, 0x00, 0x00, 0x00, 0x7F, 0xC0, 0x7B, 0xDE, 0x03, 0xFE, 0xF0, 0x1F, 0xE7,
    0x80, 0xFF, 0x3C, 0x07, 0xE1, 0xE0, 0x3C, 0x0F, 0x01, 0xE0, 0x78, 0x0F, 0x03, 0xC0, 0x78, 0x1E,
    0x03, 0xC0, 0xF0, 0x1E, 0x07, 0x80, 0xF0, 0x3C, 0x07, 0x81, 0xF0, 0x7C, 0x0F, 0xC7, 0xE0, 0x3F,
    0xFE, 0x00, 0xFF, 0xE0, 0x03, 0xFE, 0x00, 0x03, 0xF0, 0x01, 0xF8, 0x00, 0x78, 0x00, 0x3C, 0x0F,
    0x00, 0x03, 0xFC, 0x1F, 0xFF, 0x07, 0xFB, 0xC1, 0xFE, 0xF0, 0x7E, 0x3C, 0x1E, 0x0F, 0x07, 0x83,
    0xC1, 0xE0, 0xF0, 0x78, 0x3C, 0x3E, 0x0F, 0x0F, 0x83, 0xE7, 0xE0, 0xFF, 0xF8, 0x1F, 0xFE, 0x03,
    0xF7, 0x80, 0x3F, 0x00, 0x00, 0xF8, 0x00, 0x03, 0xE0, 0x00, 0x0F, 0x80, 0x00, 0x1C, 0x00, 0x00,
    0x00, 0x7F, 0xC0, 0x7B, 0xDE, 0x03, 0xFE, 0xF0, 0x1F, 0xE7, 0x80, 0xFF, 0x3C, 0x07, 0xE1, 0xE0,
    0x3C, 0x0F, 0x01, 0xE0, 0x78, 0x0F, 0x03, 0xC0, 0x78, 0x1E, 0x03, 0xC0, 0xF0, 0x1E, 0x07, 0x80,
    0xF0, 0x3C, 0x07, 0x81, 0xF0, 0x7C, 0x0F, 0xC7, 0xE0, 0x3F, 0xFE, 0x00, 0xFF, 0xE0, 0x03, 0xFE,
    0x00, 0x3E, 0x00, 0x07, 0xC0, 0x00, 0xF8, 0x00, 0x0E, 0x0F, 0x00, 0x03, 0xFC, 0x1F, 0xFF, 0x07,
    0xFB, 0xC1, 0xFE, 0xF0, 0x7E, 0x3C, 0x1E, 0x0F, 0x07, 0x83, 0xC1, 0xE0, 0xF0, 0x78, 0x3C, 0x3E,
    0x0F, 0x0F, 0x83, 0xE7, 0xE0, 0xFF, 0xF8, 0x1F, 0xFE, 0x03, 0xF7, 0x80, 0x00, 0x00, 0x00, 0x7C,
    0x00, 0x03, 0xF0, 0x00, 0x07, 0x80, 0x00, 0x3C, 0x00, 0x03, 0xE0, 0x00, 0x1C, 0x00, 0x00, 0x00,
    0x1F, 0xF0, 0x1E, 0xF7, 0x80, 0xFF, 0xBC, 0x07, 0xF9, 0xE0, 0x3F, 0xCF, 0x01, 0xF8, 0x78, 0x0F,
    0x03, 0xC0, 0x78, 0x1E, 0x03, 0xC0, 0xF0, 0x1E, 0x07, 0x80, 0xF0, 0x3C, 0x07, 0x81, 0xE0, 0x3C,
    0x0F, 0x01, 0xE0, 0x7C, 0x1F, 0x03, 0xF1, 0xF8, 0x0F, 0xFF, 0x80, 0x3F, 0xF8, 0x00, 0xFF, 0x80,
    0x00, 0x00, 0x00, 0x03, 0xE0, 0x00, 0xFC, 0x00, 0x0F, 0x00, 0x03, 0xC0, 0x01, 0xE0, 0x00, 0x70,
    0x3C, 0x00, 0x0F, 0xF0, 0x7F, 0xFC, 0x1F, 0xEF, 0x07, 0xFB, 0xC1, 0xF8, 0xF0, 0x78, 0x3C, 0x1E,
    0x0F, 0x07, 0x83, 0xC1, 0xE0, 0xF0, 0xF8, 0x3C, 0x3E, 0x0F, 0x9F, 0x83, 0xFF, 0xE0, 0x7F, 0xF8,
    0x0F, 0xCE, 0x00, 0x0E, 0x38, 0x00, 0xFD, 0xC0, 0x0F, 0xFC, 0x00, 0x77, 0xE0, 0x03, 0x9E, 0x00,
    0x00, 0x00, 0x7F, 0xC0, 0x7B, 0xDE, 0x03, 0xFE, 0xF0, 0x1F, 0xE7, 0x80, 0xFF, 0x3C, 0x07, 0xE1,
    0xE0, 0x3C, 0x0F, 0x01, 0xE0, 0x78, 0x0F, 0x03, 0xC0, 0x78, 0x1E, 0x03, 0xC0, 0xF0, 0x1E, 0x07,
    0x80, 0xF0, 0x3C, 0x07, 0x81, 0xF0, 0x7C, 0x0F, 0xC7, 0xE0, 0x3F, 0xFE, 0x00, 0xFF, 0xE0, 0x03,
    0xFE, 0x00, 0x1F, 0x70, 0x0F, 0xFC, 0x07, 0xFE, 0x01, 0xCF, 0x0F, 0x00, 0x03, 0xFC, 0x1F, 0xFF,
    0x07, 0xFB, 0xC1, 0xFE, 0xF0, 0x7E, 0x3C, 0x1E, 0x0F, 0x07, 0x83, 0xC1, 0xE0, 0xF0, 0x78, 0x3C,
    0x3E, 0x0F, 0x0F, 0x83, 0xE7, 0xE0, 0xFF, 0xF8, 0x1F, 0xFE, 0x03, 0xF7, 0x80, 0x00, 0x00, 0xFF,
    0x80, 0xF7, 0xBC, 0x07, 0xFD, 0xE0, 0x3F, 0xCF, 0x01, 0xFE, 0x78, 0x0F, 0xC3, 0xC0, 0x78, 0x1E,
    0x03, 0xC0, 0xF0, 0x1E, 0x07, 0x80, 0xF0, 0x3C, 0x07, 0x81, 0xE0, 0x3C, 0x0F, 0x01, 0xE0, 0x78,
    0x0F, 0x03, 0xE0, 0xF8, 0x1F, 0x8F, 0xC0, 0x7F, 0xFC, 0x01, 0xFF, 0xC0, 0x07, 0xFC, 0x00, 0x00,
    0x00, 0x00, 0x78, 0x00, 0x03, 0xC0, 0x00, 0x1E, 0x00, 0x00, 0xF0, 0x00, 0x00, 0x03, 0xC0, 0x00,
    0xFF, 0x07, 0xFF, 0xC1, 0xFE, 0xF0, 0x7F, 0xBC, 0x1F, 0x8F, 0x07, 0x83, 0xC1, 0xE0, 0xF0, 0x78,
    0x3C, 0x1E, 0x0F, 0x0F, 0x83, 0xC3, 0xE0, 0xF9, 0xF8, 0x3F, 0xFE, 0x07, 0xFF, 0x80, 0xFD, 0xE0,
    0x00, 0x00, 0x03, 0xC0, 0x00, 0xF0, 0x00, 0x3C, 0x00, 0x0F, 0x00, 0x00, 0x0F, 0x80, 0x07, 0xC0,
    0x03, 0xC0, 0x01, 0xE0, 0x00, 0xE0, 0x00, 0x00, 0xF8, 0x1F, 0xF8, 0x3E, 0x7C, 0x3E, 0x3C, 0x7C,
    0x3E, 0x7C, 0x1E, 0x78, 0x1F, 0xF8, 0x0F, 0xF0, 0x0F, 0xF0, 0x07, 0xE0, 0x07, 0xE0, 0x03, 0xC0,
    0x03, 0xC0, 0x03, 0xC0, 0x03, 0xC0, 0x03, 0xC0, 0x03, 0xC0, 0x03, 0xC0, 0x1F, 0x00, 0x1F, 0x00,
    0x0F, 0x00, 0x0F, 0x00, 0x00, 0x1F, 0x07, 0xFE, 0x0F, 0x3C, 0x3E, 0x7C, 0x78, 0xF8, 0xF0, 0xF3,
    0xE1, 0xF7, 0x81, 0xEF, 0x03, 0xFE, 0x07, 0xF8, 0x07, 0xF0, 0x0F, 0xE0, 0x0F, 0x80, 0x1F, 0x00,
    0x3C, 0x00, 0xF8, 0x01, 0xF0, 0x1F, 0xC0, 0x3F, 0x00, 0x7C, 0x00, 0xF8, 0x1F, 0xF8, 0x3E, 0x7C,
    0x3E, 0x3C, 0x7C, 0x3E, 0x7C, 0x1E, 0x78, 0x1F, 0xF8, 0x0F, 0xF0, 0x0F, 0xF0, 0x07, 0xE0, 0x07,
    0xE0, 0x03, 0xC0, 0x03, 0xC0, 0x03, 0xC0, 0x03, 0xC0, 0x03, 0xC0, 0x03, 0xC0, 0x03, 0xC0, 0x00,
    0x00, 0x03, 0xC0, 0x03, 0xC0, 0x03, 0xC0, 0x03, 0xC0, 0xF8, 0x3E, 0xF0, 0x79, 0xF0, 0xF1, 0xE3,
    0xE3, 0xC7, 0x87, 0xCF, 0x07, 0xBE, 0x0F, 0x78, 0x1F, 0xF0, 0x1F, 0xC0, 0x3F, 0x80, 0x3F, 0x00,
    0x7C, 0x00, 0xF8, 0x01, 0xF0, 0x03, 0xC0, 0x0F, 0xBC, 0xFE, 0x79, 0xFC, 0xF3, 0xF1, 0xE0, 0x07,
    0xC0, 0x07, 0xE0, 0x05, 0xE0, 0x01, 0xE0, 0x03, 0xE0, 0x03, 0x80, 0x00, 0x00, 0xF8, 0x1F, 0x78,
    0x1E, 0x7C, 0x3E, 0x3C, 0x3C, 0x3E, 0x7C, 0x1E, 0x78, 0x1F, 0xF8, 0x0F, 0xF0, 0x0F, 0xF0, 0x07,
    0xE0, 0x07, 0xE0, 0x03, 0xC0, 0x03, 0xC0, 0x03, 0xC0, 0x03, 0xC0, 0x03, 0xC0, 0x03, 0xC0, 0x03,
    0xC0, 0x07, 0xC0, 0x0F, 0xC0, 0x17, 0x80, 0x0F, 0x00, 0x3C, 0x00, 0x70, 0x00, 0x00, 0x7C, 0x0F,
    0x7C, 0x3E, 0xF8, 0x78, 0xF0, 0xF1, 0xE3, 0xE3, 0xE7, 0x83, 0xCF, 0x07, 0xBE, 0x07, 0xF8, 0x0F,
    0xF0, 0x1F, 0xC0, 0x1F, 0x80, 0x3F, 0x00, 0x3C, 0x00, 0x78, 0x01, 0xF0, 0x07, 0xC0, 0x7F, 0x80,
    0xFE, 0x01, 0xF8, 0x00, 0x0F, 0x18, 0x1F, 0xF8, 0x1F, 0xF8, 0x1D, 0xF8, 0x18, 0xF0, 0x00, 0x00,
    0xF8, 0x1F, 0xF8, 0x3E, 0x7C, 0x3E, 0x3C, 0x7C, 0x3E, 0x7C, 0x1E, 0x78, 0x1F, 0xF8, 0x0F, 0xF0,
    0x0F, 0xF0, 0x07, 0xE0, 0x07, 0xE0, 0x03, 0xC0, 0x03, 0xC0, 0x03, 0xC0, 0x03, 0xC0, 0x03, 0xC0,
    0x03, 0xC0, 0x03, 0xC0, 0x1F, 0xB8, 0x3F, 0xF0, 0xFF, 0xC1, 0xDF, 0x00, 0x00, 0x1F, 0x07, 0xFE,
    0x0F, 0x3C, 0x3E, 0x7C, 0x78, 0xF8, 0xF0, 0xF3, 0xE1, 0xF7, 0x81, 0xEF, 0x03, 0xFE, 0x07, 0xF8,
    0x07, 0xF0, 0x0F, 0xE0, 0x0F, 0x80, 0x1F, 0x00, 0x3C, 0x00, 0xF8, 0x01, 0xF0, 0x1F, 0xC0, 0x3F,
    0x00, 0x7C, 0x00, 0x00, 0xC1, 0xBF, 0x9A, 0xC8, 0x20, 0x82, 0x08, 0x20, 0x82, 0x08, 0x20, 0x82,
    0x08, 0x20, 0x82, 0x00, 0x00, 0xC6, 0x3F, 0x64, 0xD0, 0x41, 0x04, 0x10, 0x41, 0x04, 0x10, 0x41,
    0x04, 0x10, 0x41, 0x04, 0x10, 0xFF, 0xFF, 0xF8, 0xFF, 0xFF, 0xF8, 0xFF, 0xFF, 0xFF, 0xFF, 0xF0,
    0xFF, 0xFF, 0xFF, 0xFF, 0x80, 0xFF, 0xFF, 0xFF, 0xFF, 0xFF, 0xFF, 0xFF, 0xFF, 0xF8, 0xFF, 0xFF,
    0xFF, 0xFF, 0xFF, 0xFF, 0xFF, 0xFF, 0xF8, 0xE3, 0xF1, 0xF8, 0xFC, 0x7E, 0x3F, 0x1F, 0x8F, 0xC7,
    0xE3, 0xF1, 0xF8, 0xFC, 0x7E, 0x3F, 0x1F, 0x8F, 0xC7, 0xE3, 0xF1, 0xF8, 0xFC, 0x7E, 0x3F, 0x1F,
    0x8F, 0xC7, 0xE3, 0x80, 0xFF, 0xFF, 0xF0, 0x03, 0xFF, 0xFF, 0xC0, 0x39, 0xE7, 0x9E, 0xFB, 0xC0,
    0x79, 0xE7, 0xBC, 0xF3, 0xC0, 0x7D, 0xE7, 0x9E, 0x73, 0xC0, 0xF3, 0xE7, 0x9E, 0x78, 0xE0, 0x38,
    0xEF, 0x3D, 0xE7, 0xBD, 0xEF, 0xBD, 0xE7, 0x80, 0x79, 0xEF, 0x3D, 0xEF, 0x79, 0xEF, 0x3D, 0xE7,
    0x00, 0x3D, 0xF7, 0xDE, 0x79, 0xE7, 0x9E, 0x73, 0xC7, 0x3C, 0xF3, 0xDF, 0x79, 0xEF, 0x3C, 0xF7,
    0x9E, 0x71, 0xC0, 0x1E, 0x03, 0xC0, 0x38, 0x07, 0x0C, 0xE7, 0xFF, 0xFF, 0xFF, 0xFF, 0x0E, 0x01,
    0xC0, 0x38, 0x07, 0x00, 0xE0, 0x1C, 0x03, 0x80, 0x70, 0x0E, 0x01, 0xC0, 0x38, 0x00, 0x1E, 0x07,
    0x81, 0xE0, 0x78, 0xFF, 0xFF, 0xFF, 0xFE, 0x79, 0x1E, 0x07, 0x81, 0xE2, 0x79, 0xFF, 0xFF, 0xFF,
    0xFC, 0x78, 0x1E, 0x07, 0x81, 0xE0, 0x7D, 0xFF, 0xFF, 0xFF, 0xFF, 0xFF, 0xBE, 0x00, 0xC0, 0xE0,
    0xF8, 0xFE, 0xFF, 0xFE, 0xF8, 0xF0, 0xC0, 0x00, 0xFF, 0xFF, 0xF0, 0xFF, 0x0F, 0xF0, 0xFF, 0x0F,
    0xF1, 0xE3, 0xDE, 0x3C, 0x7B, 0xC7, 0x8F, 0x78, 0xF1, 0xE0, 0xFF, 0xFF, 0x7E, 0x81, 0x02, 0x04,
    0x08, 0x10, 0x20, 0x40, 0x81, 0x02, 0x04, 0x08, 0x10, 0x20, 0x40, 0x81, 0x00, 0xFC, 0x10, 0x41,
    0x04, 0x10, 0x41, 0x04, 0x10, 0x41, 0x04, 0x10, 0x41, 0x04, 0x10, 0x40, 0xFF, 0xFF, 0xFF, 0xFC,
    0xC3, 0x0C, 0x30, 0xC3, 0x0C, 0x30, 0xC3, 0x0C, 0x30, 0xC3, 0x0C, 0x10, 0xFF, 0x02, 0x04, 0x0F,
    0xE6, 0x0C, 0x18, 0x30, 0x60, 0xC1, 0x83, 0x06, 0x0C, 0x18, 0x30, 0x60, 0xC1, 0x81, 0x00, 0xFC,
    0x10, 0x41, 0xFC, 0xC3, 0x0C, 0x30, 0xC3, 0x0C, 0x30, 0xC3, 0x0C, 0x30, 0xC3, 0x0C, 0x10, 0x3E,
    0x03, 0x80, 0x00, 0xFE, 0x0F, 0x00, 0x03, 0xFE, 0x1C, 0x00, 0x07, 0xBC, 0x78, 0x00, 0x0E, 0x39,
    0xE0, 0x00, 0x1C, 0x73, 0xC0, 0x00, 0x38, 0xEF, 0x00, 0x00, 0x7B, 0xDD, 0xF0, 0x7C, 0xFF, 0xFB,
    0xF1, 0xFC, 0xFE, 0xEF, 0xF7, 0xFC, 0xFB, 0xDF, 0xEF, 0x78, 0x07, 0x39, 0xDC, 0x70, 0x1E, 0x73,
    0xB8, 0xE0, 0x78, 0xE7, 0x71, 0xC0, 0xF1, 0xCE, 0xF7, 0x83, 0xC3, 0xFD, 0xFF, 0x07, 0x83, 0xF1,
    0xFC, 0x1E, 0x07, 0xE1, 0xF0, 0x3E, 0x03, 0x80, 0x00, 0x00, 0x7F, 0x07, 0x80, 0x00, 0x00, 0xFF,
    0x87, 0x00, 0x00, 0x00, 0xF7, 0x8F, 0x00, 0x00, 0x00, 0xE3, 0x9E, 0x00, 0x00, 0x00, 0xE3, 0x9E,
    0x00, 0x00, 0x00, 0xE3, 0xBC, 0x00, 0x00, 0x00, 0xF7, 0xBB, 0xE0, 0xF8, 0x7C, 0xFF, 0xFB, 0xF1,
    0xFC, 0x7E, 0x7F, 0x77, 0xFB, 0xFE, 0xFF, 0x3E, 0xF7, 0xFB, 0xDE, 0xFF, 0x00, 0xE7, 0x3B, 0x8E,
    0xE7, 0x01, 0xE7, 0x3B, 0x8E, 0xE7, 0x03, 0xC7, 0x3B, 0x8E, 0xE7, 0x03, 0xC7, 0xFB, 0xDE, 0xFF,
    0x07, 0x87, 0xFB, 0xFE, 0xFF, 0x07, 0x83, 0xF1, 0xFC, 0x7E, 0x0F, 0x01, 0xF0, 0xF8, 0x3E, 0x1E,
    0x78, 0xF3, 0xC7, 0x1E, 0x38, 0x00, 0x1E, 0xF1, 0xE7, 0x8E, 0x78, 0xF3, 0x87, 0x3C, 0x71, 0xC0,
    0x1E, 0xF3, 0xCF, 0x3D, 0xE3, 0x9E, 0x79, 0xE7, 0x3C, 0x73, 0xCE, 0x38, 0xE7, 0x00, 0xF0, 0xF1,
    0xE1, 0xE1, 0xC3, 0xC3, 0x80, 0xF3, 0xC3, 0xDE, 0x0E, 0x78, 0x79, 0xC1, 0xE7, 0x07, 0x3C, 0xF3,
    0xDE, 0x1E, 0xF3, 0xC3, 0x9E, 0x70, 0xF3, 0x9E, 0x1E, 0x73, 0xC3, 0x9E, 0x70, 0x0C, 0x07, 0x81,
    0xE0, 0xFC, 0x3F, 0x1C, 0xE7, 0x3B, 0x87, 0x0C, 0x1E, 0x3E, 0x3C, 0x7C, 0xF8, 0xF8, 0x78, 0x7C,
    0x3E, 0x1E, 0x0C, 0x30, 0x78, 0x7C, 0x3C, 0x3E, 0x1F, 0x1F, 0x1E, 0x3E, 0x7C, 0x78, 0x30, 0x21,
    0xE0, 0x8E, 0x3C, 0x3B, 0xE7, 0x8F, 0xBE, 0xF3, 0xE3, 0xE1, 0xF8, 0x3E, 0x7C, 0x03, 0xFF, 0x07,
    0xBF, 0xCF, 0xF3, 0xF1, 0xFE, 0x7E, 0x3F, 0xDF, 0xE7, 0x87, 0xFE, 0x01, 0xF3, 0xE0, 0x7C, 0x3F,
    0x1F, 0x79, 0xF7, 0xCF, 0x1E, 0x71, 0xE1, 0xC4, 0x3C, 0x10, 0xF1, 0xFE, 0x3F, 0xC7, 0xF8, 0xFF,
    0x1F, 0xE3, 0xFC, 0x7F, 0x8F, 0xF1, 0xFE, 0x3F, 0xC7, 0xF8, 0xF0, 0x00, 0x00, 0x3C, 0x7F, 0x8F,
    0xF1, 0xFE, 0x3C, 0x3F, 0xE3, 0xFF, 0x9F, 0xFE, 0x7D, 0xF0, 0xE7, 0x87, 0x7C, 0x3B, 0xE1, 0xFE,
    0x0F, 0xE0, 0x7C, 0x03, 0xC0, 0x1E, 0x00, 0x00, 0x00, 0x00, 0x3C, 0x01, 0xE0, 0x0F, 0x00, 0x78,
    0x00, 0xFF, 0xFF, 0xFF, 0xFF, 0xFE, 0x40, 0x05, 0xC0, 0x0D, 0xC0, 0x31, 0xE1, 0xE1, 0xFF, 0x81,
    0xFC, 0x00, 0x0F, 0xE0, 0x3F, 0xE0, 0xF1, 0xE3, 0x80, 0xEE, 0x00, 0xE8, 0x00, 0xC0, 0x00, 0xC0,
    0x38, 0x06, 0x01, 0xC0, 0x30, 0x0E, 0x01, 0x80, 0x70, 0x0C, 0x03, 0xC0, 0x78, 0x1F, 0x83, 0xB0,
    0xE7, 0x1C, 0xE7, 0x0E, 0x00, 0x0F, 0x00, 0x00, 0x00, 0xF0, 0x00, 0x00, 0x0F, 0x00, 0x00, 0x0E,
    0xE7, 0x00, 0x00, 0xFF, 0xF0, 0x00, 0x0F, 0xFF, 0x00, 0x00, 0xFF, 0xF0, 0x00, 0x01, 0xF8, 0x00,
    0x00, 0x3F, 0xC0, 0x00, 0x07, 0xFC, 0x00, 0x00, 0x79, 0xE0, 0x00, 0xF1, 0x98, 0xF0, 0x0F, 0x00,
    0x0E, 0x00, 0xF0, 0x00, 0xE0, 0xE7, 0x30, 0xCE, 0x7F, 0xFF, 0x1F, 0xFF, 0xFF, 0xF1, 0xFF, 0xFF,
    0xFF, 0x1F, 0xFF, 0x1F, 0x80, 0x1F, 0x83, 0xFC, 0x03, 0xF8, 0x3F, 0xE0, 0x7B, 0xC7, 0x9E, 0x07,
    0xBC, 0x19, 0x80, 0x11, 0x80, 0xFF, 0xFF, 0xF8, 0x00, 0x78, 0x01, 0xE0, 0x0F, 0x00, 0x3C, 0x01,
    0xE0, 0x07, 0x00, 0x3C, 0x00, 0xE0, 0x07, 0x80, 0x3C, 0x00, 0xF0, 0x07, 0x80, 0x1E, 0x00, 0xF0,
    0x03, 0x80, 0x1E, 0x00, 0x70, 0x03, 0xC0, 0x00, 0xFF, 0xFF, 0xF8, 0xE3, 0x8E, 0x38, 0xE3, 0x8F,
    0xFF, 0xFF, 0x8E, 0x38, 0xE3, 0x8E, 0x3F, 0xFF, 0xF0, 0xFF, 0xFF, 0xF8, 0xF1, 0xE3, 0xC7, 0x8F,
    0x1E, 0x3F, 0xFF, 0xFF, 0xE3, 0xC7, 0x8F, 0x1E, 0x3C, 0x7F, 0xFF, 0xFF, 0xC0, 0x7F, 0xC7, 0xF9,
    0xFF, 0xDF, 0xFB, 0xFF, 0xFF, 0xFB, 0x8F, 0xB9, 0xF0, 0x0F, 0x01, 0xE0, 0x3E, 0x03, 0xC0, 0xFC,
    0x0F, 0x83, 0xF0, 0x7E, 0x0F, 0xC1, 0xF8, 0x1F, 0x03, 0xE0, 0x3C, 0x07, 0x80, 0x70, 0x0E, 0x00,
    0x00, 0x00, 0x00, 0x00, 0x00, 0x07, 0x80, 0x78, 0x0F, 0x00, 0xF0, 0x1E, 0x01, 0xE0, 0x3C, 0x03,
    0xC0, 0x7F, 0xC7, 0xFF, 0xF3, 0xFF, 0xFD, 0xEE, 0x3E, 0xF0, 0x0F, 0x78, 0x0F, 0xBC, 0x0F, 0xDE,
    0x0F, 0xCF, 0x0F, 0xC7, 0x87, 0xC3, 0xC3, 0xC1, 0xE1, 0xC0, 0xF0, 0x00, 0x00, 0x00, 0x00, 0x78,
    0x1E, 0x3C, 0x0F, 0x1E, 0x07, 0x8F, 0x03, 0xC0, 0xF1, 0xFE, 0x79, 0xFF, 0xBC, 0xFF, 0xFE, 0x39,
    0xFF, 0x00, 0x7F, 0x80, 0x3F, 0xC0, 0x3F, 0xE0, 0x7E, 0xF0, 0x7E, 0x78, 0x3E, 0x3C, 0x1E, 0x1E,
    0x0E, 0x00, 0x00, 0x00, 0x00, 0x03, 0xC1, 0xE1, 0xE0, 0xF0, 0xF0, 0x78, 0x78, 0x3C, 0x00, 0xFF,
    0xFF, 0xFF, 0xFF, 0xF0, 0x0F, 0x01, 0xE0, 0x3C, 0x03, 0xC0, 0x78, 0x07, 0x80, 0xF0, 0x1F, 0x01,
    0xE0, 0x3E, 0x03, 0xC0, 0xFF, 0xE7, 0xFF, 0xBF, 0xFF, 0x9F, 0xFC, 0xFF, 0xE7, 0xFF, 0x3F, 0xF9,
    0xFF, 0xCF, 0xFE, 0x7F, 0xF3, 0xFD, 0x9F, 0xEC, 0xF8, 0x66, 0x03, 0x30, 0x19, 0x80, 0xCC, 0x06,
    0x60, 0x33, 0x01, 0x98, 0x0C, 0xC0, 0x66, 0x03, 0x30, 0x00, 0x3F, 0xFB, 0xFF, 0xFF, 0xFF, 0xFF,
    0x3F, 0xF9, 0xFF, 0xCF, 0xFE, 0x7F, 0xF3, 0xFF, 0x9F, 0xFC, 0xFF, 0xFE, 0xFF, 0xF3, 0xFF, 0x80,
    0xFF, 0xE7, 0xFF, 0xBF, 0xFF, 0x9F, 0xFC, 0xFF, 0xE7, 0xFF, 0x3F, 0xF9, 0xFF, 0xCF, 0xFE, 0x7F,
    0xFF, 0xFF, 0xFF, 0xEF, 0xFE, 0x00, 0x07, 0x80, 0x3C, 0x01, 0xC0, 0xCE, 0x77, 0xFF, 0xFF, 0xFD,
    0xFF, 0xE1, 0xF8, 0x1F, 0xE1, 0xEF, 0x0F, 0x3C, 0x19, 0x80, 0xF7, 0xBD, 0xE0, 0x00, 0x00, 0x00,
    0x01, 0xEF, 0x79, 0xCF, 0x78, 0x0F, 0xE0, 0x3F, 0xF0, 0xF0, 0xF3, 0x80, 0x6E, 0x00, 0x68, 0x00,
    0x80, 0x00, 0x00, 0x00, 0x00, 0x00, 0x00, 0x00, 0x00, 0x00, 0x00, 0x00, 0x00, 0x00, 0x00, 0x00,
    0x00, 0x00, 0x00, 0x00, 0x00, 0x00, 0x00, 0x00, 0x00, 0x00, 0x04, 0x00, 0x5C, 0x00, 0xDC, 0x03,
    0x1E, 0x1E, 0x1F, 0xF8, 0x1F, 0xC0, 0x07, 0x80, 0x3C, 0x01, 0xC0, 0xEE, 0x77, 0xFF, 0xFF, 0xFD,
    0xFF, 0xE1, 0xF8, 0x1F, 0xE1, 0xEF, 0x0F, 0x38, 0x11, 0x80, 0x78, 0x03, 0xC0, 0x1E, 0x00, 0xE0,
    0x7F, 0xFB, 0xFF, 0xFF, 0xFE, 0x1F, 0x81, 0xFC, 0x0F, 0xF0, 0xF7, 0xC3, 0x9C, 0x00, 0x00, 0x78,
    0xEF, 0x3D, 0xE7, 0x3D, 0xE0, 0x3C, 0x07, 0x01, 0xE0, 0x38, 0x0F, 0x01, 0xE0, 0x38, 0x0F, 0x01,
    0xC0, 0x78, 0x0E, 0x79, 0xCF, 0x79, 0xEE, 0x3C, 0x3F, 0xFE, 0x0E, 0x7F, 0xFF, 0xFE, 0xFF, 0xFF,
    0xFC, 0xE0, 0x1F, 0xF8, 0x0F, 0xE0, 0x3F, 0xE0, 0xF1, 0xE3, 0x80, 0xEE, 0x00, 0xE8, 0x00, 0xC0,
    0x07, 0x01, 0x3B, 0x1D, 0xFC, 0xFF, 0xE3, 0xFE, 0x7F, 0xFF, 0xFF, 0xFF, 0xFF, 0x1F, 0xC1, 0xFF,
    0x1D, 0xFC, 0x4E, 0xC0, 0x70, 0x00, 0x01, 0xE0, 0x3C, 0x07, 0x80, 0xF0, 0x00, 0x00, 0x3C, 0x07,
    0x80, 0xF0, 0x1E, 0x00, 0x00, 0x00, 0x00, 0x00, 0x00, 0x00, 0x78, 0x0F, 0x01, 0xE0, 0x3C, 0x1E,
    0xF7, 0xBE, 0x7B, 0xCF, 0x78, 0xE7, 0xBD, 0xE3, 0xDE, 0x73, 0xC7, 0x39, 0xEF, 0x1C, 0xF3, 0x9C,
    0x00, 0x01, 0xE0, 0x00, 0x78, 0x00, 0x1E, 0x00, 0x07, 0x80, 0x00, 0x00, 0x00, 0x00, 0x0F, 0x00,
    0x3F, 0xC0, 0x0F, 0xF0, 0x03, 0xFC, 0x00, 0xF0, 0x00, 0x00, 0x00, 0x00, 0x00, 0x00, 0x00, 0x00,
    0x00, 0x1E, 0x00, 0x07, 0x80, 0x01, 0xE0, 0x00, 0x78, 0x00, 0xF0, 0x03, 0xFC, 0x00, 0xFF, 0x00,
    0x3F, 0xC0, 0x0F, 0x00, 0x00, 0x00, 0x00, 0x00, 0x1E, 0x00, 0x07, 0x80, 0x01, 0xE0, 0x00, 0x78,
    0x00, 0x00, 0x00, 0x00, 0x00, 0x00, 0x00, 0x00, 0x00, 0x0F, 0x00, 0x3F, 0xC0, 0x0F, 0xF0, 0x03,
    0xFC, 0x00, 0xF0, 0xFF, 0xFF, 0x00, 0x00, 0x00, 0x00, 0x00, 0xFF, 0xFF, 0x07, 0x80, 0x0F, 0x00,
    0x1E, 0x00, 0x3C, 0x00, 0x00, 0x00, 0x00, 0x00, 0x00, 0x00, 0x00, 0xF0, 0x3D, 0xE0, 0x7B, 0xC0,
    0xF7, 0x81, 0xE0, 0x00, 0x00, 0x00, 0x00, 0x00, 0x00, 0x00, 0x07, 0x80, 0x0F, 0x00, 0x1E, 0x00,
    0x3C, 0x00, 0x00, 0xE0, 0x00, 0x1C, 0x00, 0xF3, 0x8F, 0x1E, 0x71, 0xE3, 0xCE, 0x3C, 0x79, 0xC7,
    0x80, 0x38, 0x00, 0x07, 0x00, 0x00, 0xE0, 0x1F, 0xFF, 0xFF, 0xFF, 0xFF, 0xFF, 0xFF, 0xF0, 0x0E,
    0x00, 0x01, 0xC0, 0x0F, 0x38, 0xF1, 0xE7, 0x1E, 0x3C, 0xE3, 0xC7, 0x9C, 0x78, 0x03, 0x80, 0x00,
    0x70, 0x00, 0xFF, 0xFF, 0x00, 0x0F, 0xFF, 0xF0, 0x00, 0x0F, 0xFF, 0xF0, 0xFF, 0xFF, 0xFF, 0xFF,
    0x0F, 0xFF, 0xF0, 0xFF, 0xFF, 0xFE, 0x60, 0xC1, 0x8F, 0xE6, 0x0C, 0x18, 0x30, 0x60, 0xC1, 0x83,
    0x06, 0x0C, 0x18, 0x30, 0x60, 0xC1, 0x81, 0x00, 0xFF, 0x0E, 0x1C, 0x3F, 0xE6, 0x0C, 0x18, 0x30,
    0x60, 0xC1, 0x83, 0x06, 0x0C, 0x18, 0x30, 0x60, 0xC1, 0x81, 0x00, 0xFC, 0xF9, 0xE1, 0xC3, 0x06,
    0x0C, 0x18, 0x30, 0x60, 0xC1, 0x83, 0x06, 0x0C, 0x18, 0x30, 0x60, 0xC1, 0x83, 0x00, 0x10, 0x70,
    0xE3, 0xE7, 0xDF, 0x8C, 0x18, 0x30, 0x60, 0xC1, 0x83, 0x06, 0x0C, 0x18, 0x30, 0x60, 0xC1, 0x83,
    0x00, 0x10, 0x73, 0xB3, 0x63, 0x86, 0x0C, 0x18, 0x30, 0x60, 0xC1, 0x83, 0x06, 0x0C, 0x18, 0x30,
    0x60, 0xC1, 0x83, 0x00, 0xF0, 0x60, 0xC1, 0x8F, 0xE6, 0x0C, 0x18, 0x30, 0x60, 0xC1, 0x83, 0x06,
    0x0C, 0x18, 0x30, 0x60, 0xC1, 0x81, 0x00, 0x7E, 0x3F, 0x3F, 0xDF, 0xEE, 0x77, 0x3B, 0x9D, 0xFE,
    0xFF, 0x3F, 0x9F, 0x80, 0xFC, 0x7F, 0xFF, 0xFF, 0xF0, 0x0F, 0x0F, 0x87, 0xC7, 0xE7, 0x77, 0xBB,
    0xFF, 0xFF, 0xFF, 0x83, 0x81, 0xC0, 0xFF, 0x7F, 0xBF, 0xDC, 0x0F, 0xE7, 0xF8, 0x3C, 0x0E, 0xFF,
    0x7F, 0xBF, 0x80, 0x0F, 0x0F, 0xE7, 0xFB, 0xE0, 0xF0, 0x3F, 0xCF, 0xFB, 0xDE, 0xF3, 0xBF, 0xE7,
    0xF8, 0xFC, 0xFF, 0xFF, 0xFF, 0x07, 0x0F, 0x0E, 0x1E, 0x1C, 0x3C, 0x38, 0x78, 0x78, 0x3C, 0x3F,
    0xCF, 0xF3, 0xFC, 0xFF, 0x1F, 0xC7, 0xF3, 0xFE, 0xF3, 0xBF, 0xEF, 0xF9, 0xFC, 0x3C, 0x7E, 0xFF,
    0xFF, 0xE7, 0xFF, 0xFF, 0x7F, 0x0F, 0x7F, 0x7E, 0x7C, 0x18, 0x33, 0xFF, 0xF1, 0x83, 0x06, 0x00,
    0xFF, 0xFC, 0xFF, 0xFC, 0x07, 0xFF, 0xE0, 0x73, 0xB9, 0xCE, 0x73, 0x9C, 0xE7, 0x39, 0xC7, 0x38,
    0x71, 0xC3, 0x8E, 0x38, 0x61, 0xC7, 0x18, 0xE3, 0x8E, 0x71, 0xC0, 0xFE, 0xFF, 0xE7, 0xE7, 0xE7,
    0xE7, 0xE7, 0xE7, 0x3C, 0x3F, 0x3F, 0xDF, 0xEF, 0x77, 0x3B, 0x9D, 0xEE, 0xFF, 0x7F, 0x9F, 0x8F,
    0xC0, 0x1E, 0x3E, 0x7E, 0x7E, 0x6E, 0x0E, 0x0E, 0x0E, 0x0E, 0x0E, 0x0E, 0x3F, 0x3F, 0xDF, 0xE4,
    0x70, 0x78, 0x78, 0x7C, 0x78, 0x7F, 0xBF, 0xDF, 0xE0, 0x1E, 0x1F, 0xE7, 0xF8, 0xDE, 0x07, 0x87,
    0xC1, 0xF0, 0x7E, 0x03, 0x9F, 0xE7, 0xF9, 0xFC, 0x0F, 0x0F, 0x87, 0xC7, 0xE7, 0x77, 0xBB, 0xFF,
    0xFF, 0xFF, 0x83, 0x81, 0xC0, 0xFF, 0x7F, 0xBF, 0xDC, 0x0F, 0xE7, 0xF8, 0x3C, 0x0E, 0xFF, 0x7F,
    0xBF, 0x80, 0x0F, 0x0F, 0xE7, 0xFB, 0xE0, 0xF0, 0x3F, 0xCF, 0xFB, 0xDE, 0xF3, 0xBF, 0xE7, 0xF8,
    0xFC, 0xFF, 0xFF, 0xFF, 0x07, 0x0F, 0x0E, 0x1E, 0x1C, 0x3C, 0x38, 0x78, 0x78, 0x3C, 0x3F, 0xCF,
    0xF3, 0xFC, 0xFF, 0x1F, 0xC7, 0xF3, 0xFE, 0xF3, 0xBF, 0xEF, 0xF9, 0xFC, 0x3C, 0x7E, 0xFF, 0xFF,
    0xE7, 0xFF, 0xFF, 0x7F, 0x0F, 0x7F, 0x7E, 0x7C, 0x18, 0x33, 0xFF, 0xF1, 0x83, 0x06, 0x00, 0xFF,
    0xFC, 0xFF, 0xFC, 0x07, 0xFF, 0xE0, 0x73, 0xB9, 0xCE, 0x73, 0x9C, 0xE7, 0x39, 0xC7, 0x38, 0x71,
    0xC3, 0x8E, 0x38, 0x61, 0xC7, 0x18, 0xE3, 0x8E, 0x71, 0xC0, 0x7E, 0x7F, 0x07, 0x7F, 0xFF, 0xE7,
    0xFF, 0xFB, 0x7E, 0x7F, 0xB9, 0xFF, 0xFF, 0xFF, 0x03, 0xFC, 0xFE, 0x7E, 0x7F, 0xB9, 0xFC, 0x7E,
    0x3F, 0x3F, 0xFC, 0xFC, 0xF3, 0x9D, 0xE3, 0xF0, 0xF8, 0x3E, 0x1F, 0xC7, 0x7B, 0xCE, 0xFE, 0xFF,
    0x07, 0xFF, 0xFF, 0xE7, 0xFF, 0x7E, 0xE0, 0xE0, 0xE0, 0xFE, 0xFF, 0xE7, 0xE7, 0xE7, 0xE7, 0xE7,
    0xE7, 0xE0, 0x70, 0x38, 0x1C, 0xEE, 0xE7, 0xE3, 0xE1, 0xF8, 0xFE, 0x77, 0xB9, 0xE0, 0xFF, 0xFF,
    0xFF, 0xFF, 0x80, 0xFF, 0xFB, 0xFF, 0xFE, 0x79, 0xF9, 0xC7, 0xE7, 0x1F, 0x9C, 0x7E, 0x71, 0xF9,
    0xC7, 0xFE, 0xFF, 0xE7, 0xE7, 0xE7, 0xE7, 0xE7, 0xE7, 0xFF, 0x3F, 0xEE, 0x7B, 0x8E, 0xE3, 0xB9,
    0xEF, 0xFB, 0xFC, 0xE0, 0x38, 0x0E, 0x03, 0x80, 0x7E, 0xFE, 0xE0, 0x7C, 0x3E, 0xC6, 0xFE, 0xFE,
    0x71, 0xCF, 0xFF, 0x71, 0xC7, 0x1C, 0x7D, 0xF0, 0x1F, 0xC3, 0xFE, 0x1F, 0xF1, 0xF9, 0x8F, 0x80,
    0x79, 0xFF, 0xCF, 0xFE, 0x7F, 0xF3, 0xC7, 0xDE, 0x3F, 0xFE, 0xFF, 0xF3, 0xFF, 0x81, 0xE0, 0x0F,
    0x00, 0x7F, 0x03, 0xF8, 0x1F, 0xC0, 0x01, 0xD8, 0x06, 0xE0, 0xFF, 0xCF, 0xFF, 0x7F, 0xFD, 0xFE,
    0xFF, 0xB7, 0x3E, 0xDC, 0xF7, 0x73, 0xDD, 0x8F, 0x76, 0x3D, 0xB8, 0xFE, 0xE3, 0xFB, 0x8F, 0xEC,
    0x9F, 0xFE, 0x3F, 0xF8, 0x7F, 0xE1, 0xFF, 0x07, 0x60, 0x19, 0x80, 0x0F, 0xF8, 0x7F, 0xE3, 0xFF,
    0x9F, 0x8C, 0x7C, 0x03, 0xE0, 0x0F, 0x80, 0x3C, 0xEE, 0xF3, 0xFB, 0xCF, 0xEF, 0x3E, 0x3C, 0xF0,
    0xFB, 0xC3, 0xEF, 0x07, 0xFC, 0x9F, 0xFE, 0x3F, 0xF8, 0x3F, 0xE0, 0x3F, 0xF9, 0xFF, 0xCF, 0xFE,
    0x78, 0x03, 0xC0, 0x1E, 0x00, 0xF0, 0x07, 0xFE, 0x3F, 0xF1, 0xFF, 0x8F, 0x00, 0x78, 0x0F, 0xF8,
    0x7F, 0xC3, 0xFE, 0x07, 0x80, 0x3C, 0x01, 0xE0, 0x00, 0x0F, 0xF0, 0xFF, 0xCF, 0xFC, 0x7C, 0x63,
    0xC0, 0x1E, 0x03, 0xFF, 0x1F, 0xF8, 0xFF, 0xC7, 0xFE, 0x3F, 0xF1, 0xFF, 0x83, 0xC0, 0x3E, 0x01,
    0xE0, 0x1F, 0xFF, 0xFF, 0xFF, 0xFF, 0xC0, 0x00, 0x0E, 0x00, 0x00, 0x70, 0x00, 0x07, 0x01, 0xDF,
    0xFF, 0xCF, 0xFF, 0xFF, 0x7F, 0xFF, 0xFB, 0xE7, 0xE7, 0xDF, 0x1F, 0x1F, 0xF0, 0xF0, 0xFF, 0x87,
    0x87, 0xFC, 0x3C, 0x3F, 0xE1, 0xE1, 0xFF, 0x1F, 0x0F, 0xF8, 0xF8, 0x7F, 0xCF, 0xC3, 0xFE, 0x7E,
    0x1F, 0xF7, 0xF0, 0xF8, 0x38, 0x00, 0x01, 0xC0, 0x00, 0x1C, 0x00, 0x00, 0x7C, 0x71, 0xF1, 0xC7,
    0xC7, 0x1F, 0x9C, 0x7E, 0x71, 0xF9, 0xCF, 0xFF, 0xFF, 0xFF, 0x77, 0x71, 0xDD, 0xCF, 0xFF, 0xFF,
    0xFF, 0x73, 0xF1, 0xCF, 0xC7, 0x1F, 0x1C, 0x7C, 0x71, 0xF1, 0xC3, 0xC0, 0xFF, 0x80, 0x1F, 0xF8,
    0x03, 0xFF, 0x80, 0x79, 0xF0, 0x0F, 0x1E, 0x71, 0xE3, 0xCE, 0x3C, 0x79, 0xC7, 0x9F, 0x7F, 0xFF,
    0xFF, 0xFF, 0xFB, 0xFF, 0xFE, 0x3C, 0x78, 0x07, 0x8F, 0x00, 0xF1, 0xE0, 0x1E, 0x3C, 0x03, 0xE7,
    0x80, 0x7F, 0xF0, 0x0F, 0xFE, 0x00, 0xFC, 0xFF, 0x80, 0x07, 0xFE, 0x00, 0x3F, 0xF8, 0x01, 0xE7,
    0xC0, 0x0F, 0x1E, 0x7F, 0x78, 0xF7, 0xFF, 0xCF, 0xFF, 0xDE, 0x7F, 0xE6, 0xFF, 0xDF, 0x07, 0xFC,
    0xFE, 0x3F, 0xE3, 0xF9, 0xEF, 0x0F, 0xFF, 0x78, 0x1F, 0xF9, 0xE0, 0x7F, 0xCF, 0x63, 0xFE, 0x7F,
    0xFF, 0xF1, 0xFF, 0xF7, 0x8F, 0xFF, 0x00, 0xF1, 0xE3, 0xFC, 0x78, 0xFF, 0x1E, 0x3F, 0xCF, 0xCF,
    0x73, 0xF3, 0x9C, 0xFC, 0xE7, 0x3F, 0x39, 0xEF, 0xDE, 0xFF, 0xFF, 0xFF, 0xFF, 0xF3, 0xF3, 0xF0,
    0xFC, 0xFC, 0x3F, 0x3F, 0x0F, 0xCF, 0xC3, 0xF3, 0xF0, 0xFC, 0xFC, 0x1E, 0x1E, 0x07, 0x87, 0x80,
    0xFF, 0xE1, 0xFF, 0xFF, 0x3F, 0xFF, 0xE7, 0xF8, 0x7E, 0xFF, 0x7F, 0xDF, 0xEF, 0x7B, 0xFD, 0xEF,
    0x7F, 0xBD, 0xEF, 0xF7, 0xBD, 0xFE, 0xF7, 0xBF, 0xDE, 0xF7, 0xFB, 0xDE, 0xFF, 0x7B, 0xDF, 0xEF,
    0x7F, 0xFD, 0xE0, 0xFF, 0xBF, 0xFE, 0xF7, 0xFF, 0xDE, 0xFF, 0xE0, 0x00, 0x78, 0x0F, 0xFC, 0x1F,
    0xF8, 0x3F, 0xF0, 0x07, 0x80, 0x0F, 0x0F, 0xDE, 0x3F, 0xFC, 0xFF, 0xF9, 0xF3, 0xF3, 0xE3, 0xE7,
    0x83, 0xCF, 0x07, 0x9E, 0x0F, 0x3E, 0x3E, 0x7C, 0x7C, 0xFF, 0xF8, 0xFF, 0xF0, 0xFD, 0xE0, 0x00,
    0x00, 0x00, 0x07, 0xFE, 0x0F, 0xFC, 0x00, 0x07, 0xF8, 0x7F, 0xE1, 0xFF, 0x8F, 0x8C, 0x7C, 0x01,
    0xF0, 0x0F, 0xFC, 0x3F, 0xF0, 0xFF, 0xC3, 0xFE, 0x0F, 0xF8, 0x3F, 0xE0, 0x7C, 0x01, 0xF0, 0x03,
    0xF1, 0x87, 0xFE, 0x1F, 0xF8, 0x1F, 0xE0, 0x78, 0x7C, 0xF0, 0xF9, 0xE3, 0xE3, 0xC7, 0x87, 0x9F,
    0x0F, 0x7C, 0x1E, 0xF0, 0x3F, 0xE0, 0xFF, 0xF9, 0xFF, 0xF3, 0xFF, 0xE3, 0xDF, 0x07, 0x9E, 0x0F,
    0x3E, 0x1E, 0x3C, 0x3C, 0x7C, 0x78, 0x7C, 0xF0, 0xF8, 0xFF, 0xFF, 0xFF, 0xFF, 0xFE, 0x0F, 0x00,
    0x7F, 0x03, 0xF8, 0x1F, 0x80, 0xF8, 0x0F, 0xA1, 0xFF, 0x8F, 0xFC, 0x6F, 0x80, 0xF8, 0x0F, 0xC0,
    0xFE, 0x07, 0xF0, 0x07, 0x80, 0x3C, 0x00, 0x7F, 0xE0, 0x00, 0xFF, 0xF0, 0x00, 0x7F, 0xF8, 0x00,
    0x60, 0xFC, 0x00, 0x1E, 0x7E, 0x00, 0x1E, 0x3E, 0x00, 0x3E, 0x3E, 0x00, 0x3E, 0x1E, 0x00, 0x3C,
    0x1E, 0x00, 0x3C, 0x3E, 0x7E, 0x3C, 0x3E, 0xFF, 0x7C, 0x3F, 0xFF, 0x7C, 0x7D, 0xEF, 0x78, 0xFF,
    0xC7, 0x79, 0xFB, 0xC7, 0x7F, 0xF3, 0xFF, 0xFF, 0xE3, 0xFE, 0xFF, 0x83, 0xFC, 0x00, 0x07, 0x80,
    0x00, 0x07, 0x80, 0x00, 0x07, 0x80, 0x00, 0x07, 0x80, 0x00, 0x07, 0x80, 0x00, 0x0F, 0x00, 0x01,
    0xF8, 0x0F, 0xF0, 0x7F, 0xC1, 0xEF, 0x07, 0x9C, 0x1E, 0x70, 0x7B, 0xC1, 0xFF, 0x03, 0xF8, 0x0F,
    0xE0, 0x1F, 0x06, 0x7C, 0x1D, 0xF0, 0xF7, 0xE3, 0xFF, 0x9F, 0xFF, 0x7F, 0x7F, 0xDC, 0xF0, 0x23,
    0xC0, 0x0F, 0x00, 0x3C, 0x03, 0xF0, 0x0F, 0xC0, 0x3E, 0x7F, 0xC1, 0xFF, 0xC7, 0xFF, 0x1E, 0x3E,
    0xFF, 0xFF, 0xFF, 0xF7, 0x87, 0xBF, 0xFF, 0xFF, 0xFD, 0xE7, 0xE7, 0xFF, 0x1F, 0xF8, 0x7F, 0xC1,
    0xE0, 0x07, 0x80, 0x1E, 0x00, 0x78, 0x01, 0xE0, 0x00, 0x01, 0xC0, 0x0F, 0xF8, 0x7F, 0xF9, 0xFF,
    0xF7, 0xFD, 0xCF, 0xB8, 0x3E, 0x70, 0x7C, 0xE0, 0xF1, 0xC1, 0xE3, 0xFF, 0xC7, 0xFF, 0x8F, 0xFF,
    0x9D, 0xFF, 0x3B, 0xFE, 0x77, 0xBF, 0xEF, 0x3F, 0xFE, 0x3F, 0xFC, 0x3F, 0xF8, 0x0E, 0x00, 0x1C,
    0x00, 0x03, 0xF0, 0x00, 0xFC, 0x00, 0x3F, 0x00, 0x1F, 0xE0, 0x07, 0xF8, 0x01, 0xFE, 0x00, 0xFF,
    0xC1, 0xFF, 0xFE, 0x7F, 0xFF, 0x87, 0xCF, 0x87, 0xFF, 0xF9, 0xFF, 0xFE, 0x3E, 0x1F, 0x0F, 0x03,
    0xC3, 0xC0, 0xF1, 0xF0, 0x3E, 0x78, 0x07, 0x9E, 0x01, 0xE0, 0x3F, 0xE1, 0xFF, 0xC7, 0xFF, 0x8E,
    0x3E, 0x00, 0x78, 0x03, 0xEF, 0xFF, 0xFF, 0xFF, 0x1F, 0xE0, 0xFF, 0x0F, 0xFF, 0xFF, 0xFF, 0x78,
    0x01, 0xE0, 0x07, 0xC3, 0x9F, 0xFE, 0x3F, 0xF8, 0x7F, 0xC0, 0x01, 0xC0, 0x3F, 0xE1, 0xFF, 0xCF,
    0xFE, 0x7F, 0xFB, 0xE7, 0x0F, 0x9C, 0x3E, 0x70, 0xF1, 0xC3, 0xC7, 0x0F, 0x1C, 0x3C, 0x70, 0xF1,
    0xC3, 0xE7, 0x0F, 0x9C, 0x1F, 0xFE, 0x7F, 0xF8, 0xFF, 0xE1, 0xFF, 0x80, 0x70, 0x01, 0xC0, 0x1C,
    0x30, 0x1E, 0x38, 0x0F, 0x1C, 0x0F, 0xFF, 0xFF, 0xFF, 0xFF, 0xFF, 0xFC, 0xF3, 0xC0, 0x79, 0xE0,
    0x3C, 0xF0, 0x1E, 0x78, 0x0F, 0x3C, 0x07, 0x9E, 0x03, 0xCF, 0x01, 0xE7, 0xC4, 0xF3, 0xFE, 0x78,
    0xFF, 0x3C, 0x7F, 0x80, 0x00, 0xFF, 0x80, 0x7F, 0xF0, 0x3F, 0xF8, 0x0F, 0x8E, 0x03, 0xC0, 0x00,
    0xF8, 0x00, 0x3F, 0x00, 0x0F, 0xF0, 0x01, 0xFF, 0x00, 0x3F, 0xE0, 0x03, 0xFC, 0x00, 0x3F, 0x7F,
    0xFF, 0xFF, 0xFE, 0xFF, 0x99, 0xFD, 0xFE, 0x7F, 0x3F, 0xFF, 0x87, 0xFF, 0x81, 0x99, 0x80, 0x66,
    0x60, 0xFF, 0xFF, 0xFF, 0xFF, 0xFE, 0x00, 0x00, 0x00, 0x7F, 0xFF, 0xFF, 0xFF, 0xFF, 0x07, 0x80,
    0x3C, 0x01, 0xE0, 0x0F, 0x00, 0x78, 0x03, 0xC0, 0x1E, 0x00, 0xF0, 0x07, 0x80, 0x3C, 0x00, 0xFF,
    0xFF, 0xFC, 0x7C, 0x07, 0x8F, 0xFF, 0xFF, 0xFF, 0xF8, 0x78, 0xFF, 0x1F, 0xC3, 0xF0, 0x7C, 0x07,
    0xC0, 0xF8, 0x0F, 0x80, 0xF8, 0x1F, 0x01, 0xF0, 0x3C, 0x00, 0xF1, 0x03, 0xFC, 0x0F, 0xF0, 0x7F,
    0x83, 0xF3, 0x0F, 0xFC, 0x0F, 0xF0, 0xFF, 0x03, 0xF0, 0xFF, 0xC3, 0xCF, 0x1F, 0x3C, 0x7C, 0xF3,
    0xE3, 0xFF, 0x8F, 0xFC, 0x3F, 0xE0, 0xFE, 0x00, 0x7C, 0x00, 0x0F, 0xE0, 0x00, 0xC6, 0x00, 0x0E,
    0x70, 0x00, 0xFF, 0xFF, 0xCF, 0xFF, 0xFE, 0x7F, 0xFF, 0xF0, 0x70, 0x0F, 0x07, 0x64, 0x70, 0x7F,
    0xE3, 0x07, 0xFF, 0x70, 0x7F, 0xFF, 0x07, 0x19, 0xE1, 0xF8, 0x00, 0x1F, 0xC1, 0x00, 0xBF, 0xF0,
    0x01, 0xFF, 0x00, 0x07, 0xF0, 0x00, 0xF0, 0x00, 0x0F, 0x00, 0x00, 0xF0, 0x00, 0x0F, 0x00, 0x00,
    0xF0, 0x00, 0xFF, 0xF0, 0x3F, 0xFF, 0xC7, 0xFF, 0xFE, 0x7F, 0xFF, 0xEF, 0x8F, 0x1F, 0xF8, 0xF1,
    0xFF, 0x0F, 0x1F, 0xF0, 0xF0, 0xFF, 0x0F, 0x0F, 0xF0, 0x00, 0xFF, 0x00, 0x0F, 0xF0, 0x00, 0xFF,
    0x00, 0x0F, 0x3F, 0xF0, 0xFF, 0xE3, 0xFF, 0xCF, 0x1F, 0x3C, 0x3C, 0xF0, 0xF3, 0xC3, 0xCF, 0x3F,
    0xFF, 0xFF, 0xFF, 0xEF, 0xFE, 0x0F, 0x00, 0x3C, 0x03, 0xFF, 0x0F, 0xFC, 0x3F, 0xF0, 0x3C, 0x00,
    0xF0, 0x00, 0x03, 0x60, 0x07, 0xFC, 0x07, 0xFF, 0x07, 0xFF, 0xC7, 0xF7, 0xF7, 0xDB, 0x7B, 0xED,
    0xBF, 0xE6, 0xCF, 0xF3, 0x67, 0xF9, 0xB3, 0xFC, 0xD9, 0xFE, 0x00, 0x0F, 0x80, 0x07, 0xC0, 0x01,
    0xF0, 0x00, 0x7E, 0x00, 0x7F, 0xFF, 0x3F, 0xFF, 0x9F, 0xFF, 0xC0, 0x33, 0x06, 0x63, 0xFE, 0x7F,
    0xEF, 0xFF, 0xE7, 0xFC, 0x7F, 0x8F, 0xF3, 0xFF, 0xFB, 0xFF, 0x7F, 0xFF, 0x3F, 0xE3, 0xFC, 0x7F,
    0x8F, 0xF3, 0xFF, 0xFF, 0xFF, 0x7F, 0xC3, 0x30, 0x66, 0x0C, 0xC0, 0x1F, 0xE3, 0xFF, 0x7F, 0xEF,
    0xC6, 0xF8, 0x0F, 0x00, 0xF0, 0x0F, 0x00, 0xF0, 0x0F, 0x80, 0xFC, 0x67, 0xFE, 0x3F, 0xE1, 0xFE,
    0x00, 0x00, 0x00, 0xFF, 0xEF, 0xFE, 0xFF, 0xE0, 0xFF, 0xFF, 0xFF, 0xFF, 0xFC, 0x1F, 0xE7, 0xF1,
    0xFF, 0x7F, 0x8F, 0xF3, 0xFC, 0x7C, 0x1F, 0x03, 0xC0, 0xF0, 0x7F, 0xDF, 0xF3, 0xFE, 0xFF, 0x9F,
    0xF7, 0xFC, 0x3C, 0x0F, 0x01, 0xE0, 0x78, 0x0F, 0x03, 0xC0, 0x78, 0x1E, 0x03, 0xC0, 0xF0, 0x1E,
    0x07, 0x80, 0xF0, 0x3C, 0x07, 0x81, 0xE0, 0x3C, 0x0F, 0x01, 0xE0, 0x78, 0x0F, 0x03, 0xC0, 0x1F,
    0xDE, 0x7F, 0xBC, 0xFF, 0x79, 0xF2, 0xF3, 0xC0, 0x1F, 0xF3, 0xFF, 0xE7, 0xFF, 0xCF, 0x3C, 0x1E,
    0x78, 0x3C, 0xF0, 0x79, 0xE0, 0xF3, 0xC1, 0xE7, 0x83, 0xCF, 0x07, 0x9E, 0x0F, 0x3C, 0x1E, 0x78,
    0x3C, 0xF0, 0x78, 0x1F, 0xDE, 0x7F, 0xBC, 0xFF, 0x79, 0xF0, 0xF3, 0xC1, 0xFF, 0xF3, 0xFF, 0xE7,
    0xFF, 0xCF, 0x3C, 0x1E, 0x78, 0x3C, 0xF0, 0x79, 0xE0, 0xF3, 0xC1, 0xE7, 0x83, 0xCF, 0x07, 0x9E,
    0x0F, 0x3C, 0x1E, 0x78, 0x3C, 0xF0, 0x78, 0x1F, 0xE7, 0xF7, 0x9F, 0xF7, 0xFB, 0xCF, 0xF3, 0xFD,
    0xE7, 0xC9, 0xF2, 0xF3, 0xC0, 0xF0, 0x07, 0xFD, 0xFF, 0x3F, 0xFE, 0xFF, 0x9F, 0xFF, 0x7F, 0xCF,
    0x3C, 0x0F, 0x07, 0x9E, 0x07, 0x83, 0xCF, 0x03, 0xC1, 0xE7, 0x81, 0xE0, 0xF3, 0xC0, 0xF0, 0x79,
    0xE0, 0x78, 0x3C, 0xF0, 0x3C, 0x1E, 0x78, 0x1E, 0x0F, 0x3C, 0x0F, 0x07, 0x9E, 0x07, 0x83, 0xCF,
    0x03, 0xC1, 0xE0, 0x1F, 0xE7, 0xF7, 0x9F, 0xF7, 0xFB, 0xCF, 0xF3, 0xFD, 0xE7, 0xC1, 0xF0, 0xF3,
    0xC0, 0xF0, 0x7F, 0xFD, 0xFF, 0x3F, 0xFE, 0xFF, 0x9F, 0xFF, 0x7F, 0xCF, 0x3C, 0x0F, 0x07, 0x9E,
    0x07, 0x83, 0xCF, 0x03, 0xC1, 0xE7, 0x81, 0xE0, 0xF3, 0xC0, 0xF0, 0x79, 0xE0, 0x78, 0x3C, 0xF0,
    0x3C, 0x1E, 0x78, 0x1E, 0x0F, 0x3C, 0x0F, 0x07, 0x9E, 0x07, 0x83, 0xCF, 0x03, 0xC1, 0xE0, 0x3F,
    0xE0, 0x7F, 0xF8, 0xFF, 0xF8, 0xF8, 0xF8, 0xF0, 0x78, 0xF0, 0xFF, 0xF1, 0xFF, 0xF1, 0xFF, 0xF0,
    0x78, 0xF0, 0x78, 0xF0, 0x78, 0xF0, 0x78, 0xF0, 0x78, 0xF0, 0x78, 0xF0, 0x78, 0xF0, 0x7D, 0xF0,
    0x7F, 0xF0, 0x7F, 0xF0, 0x3F, 0x00, 0xFE, 0x00, 0x1F, 0xFC, 0x00, 0xFF, 0xE0, 0x07, 0x8F, 0x00,
    0x38, 0x78, 0x3F, 0xE7, 0xFF, 0xFF, 0x3F, 0xFF, 0xF9, 0xFF, 0xF1, 0xC7, 0x87, 0xC0, 0x3C, 0x3F,
    0x81, 0xE0, 0xFF, 0x0F, 0x03, 0xFC, 0x78, 0x07, 0xE3, 0xC0, 0x0F, 0x1E, 0x18, 0xF8, 0xF9, 0xFF,
    0xC7, 0xFF, 0xFE, 0x1F, 0xFF, 0xC0, 0xFE, 0x00, 0x10, 0x00, 0x00, 0x70, 0x00, 0x01, 0xF0, 0x00,
    0x07, 0xF0, 0x00, 0x1F, 0xF0, 0x00, 0x7F, 0xF0, 0x01, 0xC0, 0xF0, 0x07, 0x88, 0xF0, 0x1F, 0xF9,
    0xF0, 0x7F, 0xF3, 0xF1, 0xFF, 0xE7, 0xF7, 0xFF, 0x9F, 0xFF, 0xFE, 0x7F, 0xEF, 0xF9, 0xFF, 0x8F,
    0xF3, 0xFE, 0x0F, 0xFF, 0xF8, 0x0F, 0xFF, 0xE0, 0x0F, 0x9F, 0x80, 0x0F, 0x3E, 0x00, 0x0E, 0x78,
    0x00, 0x0F, 0xE0, 0x00, 0x0F, 0x80, 0x00, 0x0E, 0x00, 0x00, 0x08, 0x00,
};

static const EpdGlyph notosansui_12_boldGlyphs[] = {
    { 0, 0, 0, 0, 0, 0, 0 }, // U+0000
    { 0, 0, 104, 0, 0, 0, 0 }, // U+000D
    { 0, 0, 104, 0, 0, 0, 0 }, // U+0020
    { 4, 18, 113, 1, 18, 9, 0 }, // !
    { 10, 6, 192, 1, 18, 8, 9 }, // "
    { 15, 18, 258, 1, 18, 34, 17 }, // #
    { 12, 21, 229, 1, 19, 32, 51 }, // $
    { 21, 18, 361, 1, 18, 48, 83 }, // %
    { 18, 18, 300, 1, 18, 41, 131 }, // &
    { 5, 6, 106, 1, 18, 4, 172 }, // '
    { 8, 22, 136, 1, 18, 22, 176 }, // (
    { 8, 22, 136, 0, 18, 22, 198 }, // )
    { 13, 12, 217, 0, 19, 20, 220 }, // *
    { 12, 12, 229, 1, 15, 18, 240 }, // +
    { 6, 6, 114, 0, 3, 5, 258 }, // ,
    { 7, 3, 128, 1, 8, 3, 263 }, // -
    { 4, 4, 112, 1, 4, 2, 266 }, // .
    { 11, 18, 166, 0, 18, 25, 268 }, // /
    { 13, 18, 229, 1, 18, 30, 293 }, // 0
    { 10, 18, 229, 1, 18, 23, 323 }, // 1
    { 13, 18, 229, 0, 18, 30, 346 }, // 2
    { 12, 18, 229, 1, 18, 27, 376 }, // 3
    { 13, 18, 229, 1, 18, 30, 403 }, // 4
    { 12, 18, 229, 1, 18, 27, 433 }, // 5
    { 13, 18, 229, 1, 18, 30, 460 }, // 6
    { 13, 18, 229, 1, 18, 30, 490 }, // 7
    { 13, 18, 229, 1, 18, 30, 520 }, // 8
    { 13, 18, 229, 1, 18, 30, 550 }, // 9
    { 4, 14, 112, 1, 14, 7, 580 }, // :
    { 5, 17, 114, 0, 14, 11, 587 }, // ;
    { 12, 14, 229, 1, 16, 21, 598 }, // <
    { 12, 8, 229, 1, 13, 12, 619 }, // =
    { 12, 14, 229, 1, 16, 21, 631 }, // >
    { 12, 18, 191, 0, 18, 27, 652 }, // ?
    { 20, 20, 359, 1, 18, 50, 679 }, // @
    { 18, 18, 277, 0, 18, 41, 729 }, // A
    { 13, 18, 266, 2, 18, 30, 770 }, // B
    { 14, 18, 257, 1, 18, 32, 800 }, // C
    { 15, 18, 293, 2, 18, 34, 832 }, // D
    { 11, 18, 224, 2, 18, 25, 866 }, // E
    { 10, 18, 220, 2, 18, 23, 891 }, // F
    { 15, 18, 290, 1, 18, 34, 914 }, // G
    { 15, 18, 306, 2, 18, 34, 948 }, // H
    { 8, 18, 156, 1, 18, 18, 982 }, // I
    { 8, 23, 132, -2, 18, 23, 1000 }, // J
    { 15, 18, 266, 2, 18, 34, 1023 }, // K
    { 11, 18, 224, 2, 18, 25, 1057 }, // L
    { 19, 18, 377, 2, 18, 43, 1082 }, // M
    { 16, 18, 325, 2, 18, 36, 1125 }, // N
    { 17, 18, 316, 1, 18, 39, 1161 }, // O
    { 12, 18, 248, 2, 18, 27, 1200 }, // P
    { 17, 22, 316, 1, 18, 47, 1227 }, // Q
    { 15, 18, 262, 2, 18, 34, 1274 }, // R
    { 12, 18, 220, 1, 18, 27, 1308 }, // S
    { 13, 18, 231, 1, 18, 30, 1335 }, // T
    { 15, 18, 302, 2, 18, 34, 1365 }, // U
    { 17, 18, 260, 0, 18, 39, 1399 }, // V
    { 25, 18, 387, 0, 18, 57, 1438 }, // W
    { 17, 18, 268, 0, 18, 39, 1495 }, // X
    { 16, 18, 250, 0, 18, 36, 1534 }, // Y
    { 13, 18, 232, 1, 18, 30, 1570 }, // Z
    { 6, 22, 132, 2, 18, 17, 1600 }, // [
    { 11, 18, 166, 0, 18, 25, 1617 }, // <backslash>
    { 6, 22, 132, 0, 18, 17, 1642 }, // ]
    { 14, 12, 229, 0, 18, 21, 1659 }, // ^
    { 10, 2, 164, 0, -2, 3, 1680 }, // _
    { 8, 4, 146, 1, 19, 4, 1683 }, // `
    { 12, 14, 240, 1, 14, 21, 1687 }, // a
    { 13, 19, 253, 2, 19, 31, 1708 }, // b
    { 11, 14, 206, 1, 14, 20, 1739 }, // c
    { 13, 19, 253, 1, 19, 31, 1759 }, // d
    { 13, 14, 239, 1, 14, 23, 1790 }, // e
    { 11, 19, 155, 1, 19, 27, 1813 }, // f
    { 13, 20, 253, 1, 14, 33, 1840 }, // g
    { 13, 19, 260, 2, 19, 31, 1873 }, // h
    { 4, 19, 120, 2, 19, 10, 1904 }, // i
    { 7, 25, 119, -1, 19, 22, 1914 }, // j
    { 14, 19, 248, 2, 19, 34, 1936 }, // k
    { 4, 19, 119, 2, 19, 10, 1970 }, // l
    { 21, 14, 390, 2, 14, 37, 1980 }, // m
    { 13, 14, 260, 2, 14, 23, 2017 }, // n
    { 13, 14, 250, 1, 14, 23, 2040 }, // o
    { 13, 20, 253, 2, 14, 33, 2063 }, // p
    { 13, 20, 253, 1, 14, 33, 2096 }, // q
    { 10, 14, 179, 2, 14, 18, 2129 }, // r
    { 11, 14, 201, 1, 14, 20, 2147 }, // s
    { 9, 17, 174, 1, 17, 20, 2167 }, // t
    { 13, 14, 260, 2, 14, 23, 2187 }, // u
    { 15, 14, 228, 0, 14, 27, 2210 }, // v
    { 22, 14, 342, 0, 14, 39, 2237 }, // w
    { 15, 14, 231, 0, 14, 27, 2276 }, // x
    { 15, 20, 228, 0, 14, 38, 2303 }, // y
    { 10, 14, 197, 1, 14, 18, 2341 }, // z
    { 9, 22, 158, 1, 18, 25, 2359 }, // {
    { 3, 25, 220, 6, 19, 10, 2384 }, // |
    { 9, 22, 158, 1, 18, 25, 2394 }, // }
    { 12, 6, 229, 1, 12, 9, 2419 }, // ~
    { 0, 0, 104, 0, 0, 0, 2428 }, // U+00A0
    { 4, 18, 114, 1, 14, 9, 2428 }, // U+00A1
    { 11, 18, 229, 2, 18, 25, 2437 }, // U+00A2
    { 13, 18, 229, 1, 18, 30, 2462 }, // U+00A3
    { 12, 12, 227, 1, 15, 18, 2492 }, // U+00A4
    { 16, 18, 229, -1, 18, 36, 2510 }, // U+00A5
    { 3, 25, 220, 6, 19, 10, 2546 }, // U+00A6
    { 9, 19, 194, 1, 19, 22, 2556 }, // U+00A7
    { 9, 3, 237, 3, 19, 4, 2578 }, // U+00A8
    { 18, 19, 333, 1, 19, 43, 2582 }, // U+00A9
    { 8, 9, 152, 1, 18, 9, 2625 }, // U+00AA
    { 14, 12, 246, 1, 13, 21, 2634 }, // U+00AB
    { 13, 8, 229, 1, 11, 13, 2655 }, // U+00AC
    { 7, 3, 128, 1, 8, 3, 2668 }, // U+00AD
    { 18, 19, 333, 1, 19, 43, 2671 }, // U+00AE
    { 13, 3, 200, 0, 22, 5, 2714 }, // U+00AF
    { 9, 9, 170, 1, 19, 11, 2719 }, // U+00B0
    { 12, 16, 229, 1, 16, 24, 2730 }, // U+00B1
    { 9, 11, 152, 0, 21, 13, 2754 }, // U+00B2
    { 10, 12, 152, 0, 22, 15, 2767 }, // U+00B3
    { 8, 4, 146, 1, 19, 4, 2782 }, // U+00B4
    { 13, 20, 261, 2, 14, 33, 2786 }, // U+00B5
    { 13, 23, 259, 1, 19, 38, 2819 }, // U+00B6
    { 4, 4, 112, 1, 11, 2, 2857 }, // U+00B7
    { 6, 6, 105, 1, 0, 5, 2859 }, // U+00B8
    { 8, 11, 152, 0, 21, 11, 2864 }, // U+00B9
    { 9, 9, 154, 1, 18, 11, 2875 }, // U+00BA
    { 14, 12, 246, 0, 13, 21, 2886 }, // U+00BB
    { 21, 18, 332, 0, 18, 48, 2907 }, // U+00BC
    { 21, 18, 350, 0, 18, 48, 2955 }, // U+00BD
    { 20, 18, 338, 1, 18, 45, 3003 }, // U+00BE
    { 11, 18, 191, 1, 14, 25, 3048 }, // U+00BF
    { 18, 24, 277, 0, 24, 54, 3073 }, // U+00C0
    { 18, 24, 277, 0, 24, 54, 3127 }, // U+00C1
    { 18, 24, 277, 0, 24, 54, 3181 }, // U+00C2
    { 18, 23, 277, 0, 23, 52, 3235 }, // U+00C3
    { 19, 23, 277, -1, 23, 55, 3287 }, // U+00C4
    { 18, 22, 277, 0, 22, 50, 3342 }, // U+00C5
    { 23, 18, 381, 0, 18, 52, 3392 }, // U+00C6
    { 14, 24, 257, 1, 18, 42, 3444 }, // U+00C7
    { 11, 24, 224, 2, 24, 33, 3486 }, // U+00C8
    { 11, 24, 224, 2, 24, 33, 3519 }, // U+00C9
    { 11, 24, 224, 2, 24, 33, 3552 }, // U+00CA
    { 11, 23, 224, 2, 23, 32, 3585 }, // U+00CB
    { 9, 24, 156, 0, 24, 27, 3617 }, // U+00CC
    { 9, 24, 156, 1, 24, 27, 3644 }, // U+00CD
    { 11, 24, 156, -1, 24, 33, 3671 }, // U+00CE
    { 9, 23, 156, 1, 23, 26, 3704 }, // U+00CF
    { 16, 18, 293, 1, 18, 36, 3730 }, // U+00D0
    { 16, 24, 322, 2, 24, 48, 3766 }, // U+00D1
    { 17, 24, 316, 1, 24, 51, 3814 }, // U+00D2
    { 17, 24, 316, 1, 24, 51, 3865 }, // U+00D3
    { 17, 24, 316, 1, 24, 51, 3916 }, // U+00D4
    { 17, 24, 316, 1, 24, 51, 3967 }, // U+00D5
    { 17, 23, 316, 1, 23, 49, 4018 }, // U+00D6
    { 12, 12, 229, 1, 15, 18, 4067 }, // U+00D7
    { 17, 20, 316, 1, 19, 43, 4085 }, // U+00D8
    { 15, 24, 302, 2, 24, 45, 4128 }, // U+00D9
    { 15, 24, 302, 2, 24, 45, 4173 }, // U+00DA
    { 15, 24, 302, 2, 24, 45, 4218 }, // U+00DB
    { 15, 23, 302, 2, 23, 44, 4263 }, // U+00DC
    { 16, 24, 250, 0, 24, 48, 4307 }, // U+00DD
    { 12, 18, 251, 2, 18, 27, 4355 }, // U+00DE
    { 15, 19, 282, 2, 19, 36, 4382 }, // U+00DF
    { 12, 19, 240, 1, 19, 29, 4418 }, // U+00E0
    { 12, 19, 240, 1, 19, 29, 4447 }, // U+00E1
    { 12, 19, 240, 1, 19, 29, 4476 }, // U+00E2
    { 12, 19, 240, 1, 19, 29, 4505 }, // U+00E3
    { 12, 19, 240, 1, 19, 29, 4534 }, // U+00E4
    { 12, 21, 240, 1, 21, 32, 4563 }, // U+00E5
    { 21, 14, 367, 1, 14, 37, 4595 }, // U+00E6
    { 11, 20, 206, 1, 14, 28, 4632 }, // U+00E7
    { 13, 19, 239, 1, 19, 31, 4660 }, // U+00E8
    { 13, 19, 239, 1, 19, 31, 4691 }, // U+00E9
    { 13, 19, 239, 1, 19, 31, 4722 }, // U+00EA
    { 13, 19, 239, 1, 19, 31, 4753 }, // U+00EB
    { 8, 19, 120, 0, 19, 19, 4784 }, // U+00EC
    { 9, 19, 120, 1, 19, 22, 4803 }, // U+00ED
    { 11, 19, 120, -2, 19, 27, 4825 }, // U+00EE
    { 9, 19, 120, -1, 19, 22, 4852 }, // U+00EF
    { 13, 20, 251, 1, 20, 33, 4874 }, // U+00F0
    { 13, 19, 260, 2, 19, 31, 4907 }, // U+00F1
    { 13, 19, 250, 1, 19, 31, 4938 }, // U+00F2
    { 13, 19, 250, 1, 19, 31, 4969 }, // U+00F3
    { 13, 19, 250, 1, 19, 31, 5000 }, // U+00F4
    { 13, 19, 250, 1, 19, 31, 5031 }, // U+00F5
    { 13, 19, 250, 1, 19, 31, 5062 }, // U+00F6
    { 12, 12, 229, 1, 15, 18, 5093 }, // U+00F7
    { 13, 16, 248, 1, 15, 26, 5111 }, // U+00F8
    { 13, 19, 260, 2, 19, 31, 5137 }, // U+00F9
    { 13, 19, 260, 2, 19, 31, 5168 }, // U+00FA
    { 13, 19, 260, 2, 19, 31, 5199 }, // U+00FB
    { 13, 19, 260, 2, 19, 31, 5230 }, // U+00FC
    { 15, 25, 228, 0, 19, 47, 5261 }, // U+00FD
    { 13, 25, 253, 2, 19, 41, 5308 }, // U+00FE
    { 15, 25, 228, 0, 19, 47, 5349 }, // U+00FF
    { 18, 22, 277, -1, 22, 50, 5396 }, // U+0100
    { 12, 18, 240, 1, 18, 27, 5446 }, // U+0101
    { 19, 24, 277, -1, 24, 57, 5473 }, // U+0102
    { 12, 19, 240, 1, 19, 29, 5530 }, // U+0103
    { 19, 24, 277, -1, 18, 57, 5559 }, // U+0104
    { 13, 20, 240, 1, 14, 33, 5616 }, // U+0105
    { 14, 24, 257, 1, 24, 42, 5649 }, // U+0106
    { 11, 19, 206, 1, 19, 27, 5691 }, // U+0107
    { 14, 24, 257, 1, 24, 42, 5718 }, // U+0108
    { 11, 19, 206, 1, 19, 27, 5760 }, // U+0109
    { 14, 24, 257, 1, 24, 42, 5787 }, // U+010A
    { 11, 19, 206, 1, 19, 27, 5829 }, // U+010B
    { 14, 24, 257, 1, 24, 42, 5856 }, // U+010C
    { 12, 19, 206, 1, 19, 29, 5898 }, // U+010D
    { 15, 24, 293, 2, 24, 45, 5927 }, // U+010E
    { 19, 19, 253, 1, 19, 46, 5972 }, // U+010F
    { 16, 18, 293, 1, 18, 36, 6018 }, // U+0110
    { 15, 19, 258, 1, 19, 36, 6054 }, // U+0111
    { 11, 22, 224, 2, 22, 31, 6090 }, // U+0112
    { 13, 18, 239, 1, 18, 30, 6121 }, // U+0113
    { 10, 24, 224, 2, 24, 30, 6151 }, // U+0114
    { 13, 19, 239, 1, 19, 31, 6181 }, // U+0115
    { 11, 24, 224, 2, 24, 33, 6212 }, // U+0116
    { 13, 19, 239, 1, 19, 31, 6245 }, // U+0117
    { 10, 24, 224, 2, 18, 30, 6276 }, // U+0118
    { 13, 20, 236, 1, 14, 33, 6306 }, // U+0119
    { 11, 24, 224, 2, 24, 33, 6339 }, // U+011A
    { 13, 19, 239, 1, 19, 31, 6372 }, // U+011B
    { 15, 24, 290, 1, 24, 45, 6403 }, // U+011C
    { 13, 25, 253, 1, 19, 41, 6448 }, // U+011D
    { 15, 24, 290, 1, 24, 45, 6489 }, // U+011E
    { 13, 25, 253, 1, 19, 41, 6534 }, // U+011F
    { 15, 24, 290, 1, 24, 45, 6575 }, // U+0120
    { 13, 25, 253, 1, 19, 41, 6620 }, // U+0121
    { 15, 24, 290, 1, 18, 45, 6661 }, // U+0122
    { 13, 25, 253, 1, 19, 41, 6706 }, // U+0123
    { 15, 24, 306, 2, 24, 45, 6747 }, // U+0124
    { 17, 25, 260, -2, 25, 54, 6792 }, // U+0125
    { 19, 18, 306, 0, 18, 43, 6846 }, // U+0126
    { 15, 19, 263, 1, 19, 36, 6889 }, // U+0127
    { 11, 24, 156, -1, 24, 33, 6925 }, // U+0128
    { 12, 19, 120, -2, 19, 29, 6958 }, // U+0129
    { 8, 22, 156, 1, 22, 22, 6987 }, // U+012A
    { 8, 18, 120, 0, 18, 18, 7009 }, // U+012B
    { 10, 24, 156, 1, 24, 30, 7027 }, // U+012C
    { 10, 19, 120, -1, 19, 24, 7057 }, // U+012D
    { 8, 24, 156, 1, 18, 24, 7081 }, // U+012E
    { 5, 25, 120, 1, 19, 16, 7105 }, // U+012F
    { 8, 24, 156, 1, 24, 24, 7121 }, // U+0130
    { 4, 14, 120, 2, 14, 7, 7145 }, // U+0131
    { 15, 23, 289, 1, 18, 44, 7152 }, // U+0132
    { 11, 25, 244, 2, 19, 35, 7196 }, // U+0133
    { 11, 29, 132, -2, 24, 40, 7231 }, // U+0134
    { 10, 25, 119, -1, 19, 32, 7271 }, // U+0135
    { 15, 24, 264, 2, 18, 45, 7303 }, // U+0136
    { 14, 25, 248, 2, 19, 44, 7348 }, // U+0137
    { 14, 14, 248, 2, 14, 25, 7392 }, // U+0138
    { 12, 24, 224, 1, 24, 36, 7417 }, // U+0139
    { 9, 25, 119, 1, 25, 29, 7453 }, // U+013A
    { 11, 24, 224, 2, 18, 33, 7482 }, // U+013B
    { 6, 25, 119, 1, 19, 19, 7515 }, // U+013C
    { 12, 18, 224, 2, 18, 27, 7534 }, // U+013D
    { 10, 19, 119, 2, 19, 24, 7561 }, // U+013E
    { 11, 18, 224, 2, 18, 25, 7585 }, // U+013F
    { 9, 19, 148, 2, 19, 22, 7610 }, // U+0140
    { 14, 18, 226, -1, 18, 32, 7632 }, // U+0141
    { 10, 19, 122, -1, 19, 24, 7664 }, // U+0142
    { 16, 24, 322, 2, 24, 48, 7688 }, // U+0143
    { 13, 19, 260, 2, 19, 31, 7736 }, // U+0144
    { 16, 24, 322, 2, 18, 48, 7767 }, // U+0145
    { 13, 20, 260, 2, 14, 33, 7815 }, // U+0146
    { 16, 24, 322, 2, 24, 48, 7848 }, // U+0147
    { 13, 19, 260, 2, 19, 31, 7896 }, // U+0148
    { 19, 18, 310, -1, 18, 43, 7927 }, // U+0149
    { 16, 23, 325, 2, 18, 46, 7970 }, // U+014A
    { 13, 20, 260, 2, 14, 33, 8016 }, // U+014B
    { 17, 22, 316, 1, 22, 47, 8049 }, // U+014C
    { 13, 18, 250, 1, 18, 30, 8096 }, // U+014D
    { 17, 24, 316, 1, 24, 51, 8126 }, // U+014E
    { 13, 19, 250, 1, 19, 31, 8177 }, // U+014F
    { 17, 24, 316, 1, 24, 51, 8208 }, // U+0150
    { 13, 19, 250, 1, 19, 31, 8259 }, // U+0151
    { 22, 18, 389, 1, 18, 50, 8290 }, // U+0152
    { 22, 14, 391, 1, 14, 39, 8340 }, // U+0153
    { 15, 24, 262, 2, 24, 45, 8379 }, // U+0154
    { 10, 19, 179, 2, 19, 24, 8424 }, // U+0155
    { 15, 24, 262, 2, 18, 45, 8448 }, // U+0156
    { 11, 20, 179, 1, 14, 28, 8493 }, // U+0157
    { 15, 24, 262, 2, 24, 45, 8521 }, // U+0158
    { 11, 19, 179, 1, 19, 27, 8566 }, // U+0159
    { 12, 24, 220, 1, 24, 36, 8593 }, // U+015A
    { 11, 19, 201, 1, 19, 27, 8629 }, // U+015B
    { 12, 24, 220, 1, 24, 36, 8656 }, // U+015C
    { 12, 19, 201, 0, 19, 29, 8692 }, // U+015D
    { 12, 24, 220, 1, 18, 36, 8721 }, // U+015E
    { 11, 20, 201, 1, 14, 28, 8757 }, // U+015F
    { 12, 24, 220, 1, 24, 36, 8785 }, // U+0160
    { 13, 19, 201, 0, 19, 31, 8821 }, // U+0161
    { 13, 24, 231, 1, 18, 39, 8852 }, // U+0162
    { 10, 23, 174, 1, 17, 29, 8891 }, // U+0163
    { 13, 24, 231, 1, 24, 39, 8920 }, // U+0164
    { 14, 19, 174, 1, 19, 34, 8959 }, // U+0165
    { 13, 18, 231, 1, 18, 30, 8993 }, // U+0166
    { 9, 17, 174, 1, 17, 20, 9023 }, // U+0167
    { 15, 24, 302, 2, 24, 45, 9043 }, // U+0168
    { 13, 19, 260, 2, 19, 31, 9088 }, // U+0169
    { 15, 22, 302, 2, 22, 42, 9119 }, // U+016A
    { 13, 18, 260, 2, 18, 30, 9161 }, // U+016B
    { 15, 24, 302, 2, 24, 45, 9191 }, // U+016C
    { 13, 19, 260, 2, 19, 31, 9236 }, // U+016D
    { 15, 26, 302, 2, 26, 49, 9267 }, // U+016E
    { 13, 21, 260, 2, 21, 35, 9316 }, // U+016F
    { 15, 24, 302, 2, 24, 45, 9351 }, // U+0170
    { 13, 19, 260, 2, 19, 31, 9396 }, // U+0171
    { 15, 24, 302, 2, 18, 45, 9427 }, // U+0172
    { 13, 20, 260, 2, 14, 33, 9472 }, // U+0173
    { 25, 24, 387, 0, 24, 75, 9505 }, // U+0174
    { 22, 19, 345, 0, 19, 53, 9580 }, // U+0175
    { 16, 24, 250, 0, 24, 48, 9633 }, // U+0176
    { 15, 25, 228, 0, 19, 47, 9681 }, // U+0177
    { 17, 23, 250, -1, 23, 49, 9728 }, // U+0178
    { 13, 24, 232, 1, 24, 39, 9777 }, // U+0179
    { 10, 19, 197, 1, 19, 24, 9816 }, // U+017A
    { 13, 24, 232, 1, 24, 39, 9840 }, // U+017B
    { 10, 19, 197, 1, 19, 24, 9879 }, // U+017C
    { 13, 24, 232, 1, 24, 39, 9903 }, // U+017D
    { 11, 19, 197, 1, 19, 27, 9942 }, // U+017E
    { 9, 19, 153, 2, 19, 22, 9969 }, // U+017F
    { 20, 19, 328, 1, 19, 48, 9991 }, // U+01A0
    { 17, 16, 272, 1, 16, 34, 10039 }, // U+01A1
    { 21, 19, 354, 2, 19, 50, 10073 }, // U+01AF
    { 18, 16, 303, 2, 16, 36, 10123 }, // U+01B0
    { 30, 24, 524, 2, 24, 90, 10159 }, // U+01C4
    { 29, 19, 490, 2, 19, 69, 10249 }, // U+01C5
    { 27, 19, 450, 1, 19, 65, 10318 }, // U+01C6
    { 18, 23, 358, 2, 18, 52, 10383 }, // U+01C7
    { 18, 25, 348, 2, 19, 57, 10435 }, // U+01C8
    { 11, 25, 244, 2, 19, 35, 10492 }, // U+01C9
    { 24, 23, 458, 2, 18, 69, 10527 }, // U+01CA
    { 24, 25, 447, 2, 19, 75, 10596 }, // U+01CB
    { 20, 25, 385, 2, 19, 63, 10671 }, // U+01CC
    { 18, 24, 277, 0, 24, 54, 10734 }, // U+01CD
    { 12, 19, 240, 1, 19, 29, 10788 }, // U+01CE
    { 12, 24, 156, -1, 24, 36, 10817 }, // U+01CF
    { 12, 19, 120, -2, 19, 29, 10853 }, // U+01D0
    { 17, 24, 316, 1, 24, 51, 10882 }, // U+01D1
    { 13, 19, 250, 1, 19, 31, 10933 }, // U+01D2
    { 15, 24, 302, 2, 24, 45, 10964 }, // U+01D3
    { 13, 19, 260, 2, 19, 31, 11009 }, // U+01D4
    { 15, 26, 302, 2, 26, 49, 11040 }, // U+01D5
    { 13, 22, 260, 2, 22, 36, 11089 }, // U+01D6
    { 15, 27, 302, 2, 27, 51, 11125 }, // U+01D7
    { 13, 23, 260, 2, 23, 38, 11176 }, // U+01D8
    { 15, 27, 302, 2, 27, 51, 11214 }, // U+01D9
    { 13, 23, 260, 2, 23, 38, 11265 }, // U+01DA
    { 15, 27, 302, 2, 27, 51, 11303 }, // U+01DB
    { 13, 23, 260, 2, 23, 38, 11354 }, // U+01DC
    { 13, 14, 239, 1, 14, 23, 11392 }, // U+01DD
    { 19, 26, 277, 0, 26, 62, 11415 }, // U+01DE
    { 12, 22, 240, 1, 22, 33, 11477 }, // U+01DF
    { 18, 26, 277, -1, 26, 59, 11510 }, // U+01E0
    { 12, 22, 240, 1, 22, 33, 11569 }, // U+01E1
    { 23, 22, 381, -1, 22, 64, 11602 }, // U+01E2
    { 21, 18, 367, 1, 18, 48, 11666 }, // U+01E3
    { 16, 18, 290, 1, 18, 36, 11714 }, // U+01E4
    { 14, 20, 254, 1, 14, 35, 11750 }, // U+01E5
    { 15, 24, 290, 1, 24, 45, 11785 }, // U+01E6
    { 13, 25, 253, 1, 19, 41, 11830 }, // U+01E7
    { 15, 24, 264, 2, 24, 45, 11871 }, // U+01E8
    { 18, 25, 248, -2, 25, 57, 11916 }, // U+01E9
    { 17, 24, 316, 1, 18, 51, 11973 }, // U+01EA
    { 13, 20, 250, 1, 14, 33, 12024 }, // U+01EB
    { 17, 28, 316, 1, 22, 60, 12057 }, // U+01EC
    { 13, 24, 250, 1, 18, 39, 12117 }, // U+01ED
    { 14, 24, 236, 0, 24, 42, 12156 }, // U+01EE
    { 13, 25, 232, 0, 19, 41, 12198 }, // U+01EF
    { 11, 25, 119, -1, 19, 35, 12239 }, // U+01F0
    { 30, 18, 524, 2, 18, 68, 12274 }, // U+01F1
    { 28, 18, 490, 2, 18, 63, 12342 }, // U+01F2
    { 26, 19, 450, 1, 19, 62, 12405 }, // U+01F3
    { 15, 24, 290, 1, 24, 45, 12467 }, // U+01F4
    { 13, 25, 253, 1, 19, 41, 12512 }, // U+01F5
    { 22, 18, 419, 2, 18, 50, 12553 }, // U+01F6
    { 13, 24, 270, 2, 18, 39, 12603 }, // U+01F7
    { 16, 24, 322, 2, 24, 48, 12642 }, // U+01F8
    { 13, 19, 260, 2, 19, 31, 12690 }, // U+01F9
    { 18, 24, 276, 0, 24, 54, 12721 }, // U+01FA
    { 12, 25, 240, 1, 25, 38, 12775 }, // U+01FB
    { 23, 24, 381, 0, 24, 69, 12813 }, // U+01FC
    { 21, 19, 367, 1, 19, 50, 12882 }, // U+01FD
    { 17, 25, 316, 1, 24, 54, 12932 }, // U+01FE
    { 13, 20, 248, 1, 19, 33, 12986 }, // U+01FF
    { 18, 24, 277, 0, 24, 54, 13019 }, // U+0200
    { 13, 19, 240, 0, 19, 31, 13073 }, // U+0201
    { 18, 24, 277, -1, 24, 54, 13104 }, // U+0202
    { 12, 19, 240, 1, 19, 29, 13158 }, // U+0203
    { 13, 23, 224, 0, 23, 38, 13187 }, // U+0204
    { 14, 19, 239, 0, 19, 34, 13225 }, // U+0205
    { 11, 24, 224, 2, 24, 33, 13259 }, // U+0206
    { 13, 19, 239, 1, 19, 31, 13292 }, // U+0207
    { 11, 23, 156, -2, 23, 32, 13323 }, // U+0208
    { 11, 19, 120, -3, 19, 27, 13355 }, // U+0209
    { 10, 24, 156, 0, 24, 30, 13382 }, // U+020A
    { 10, 19, 120, -1, 19, 24, 13412 }, // U+020B
    { 17, 24, 316, 1, 24, 51, 13436 }, // U+020C
    { 13, 19, 250, 1, 19, 31, 13487 }, // U+020D
    { 17, 24, 316, 1, 24, 51, 13518 }, // U+020E
    { 13, 19, 250, 1, 19, 31, 13569 }, // U+020F
    { 16, 23, 262, 1, 23, 46, 13600 }, // U+0210
    { 13, 19, 179, -1, 19, 31, 13646 }, // U+0211
    { 15, 24, 262, 2, 24, 45, 13677 }, // U+0212
    { 11, 19, 179, 1, 19, 27, 13722 }, // U+0213
    { 15, 24, 302, 2, 24, 45, 13749 }, // U+0214
    { 14, 19, 260, 1, 19, 34, 13794 }, // U+0215
    { 15, 24, 302, 2, 24, 45, 13828 }, // U+0216
    { 13, 19, 260, 2, 19, 31, 13873 }, // U+0217
    { 12, 24, 220, 1, 18, 36, 13904 }, // U+0218
    { 11, 20, 201, 1, 14, 28, 13940 }, // U+0219
    { 13, 24, 231, 1, 18, 39, 13968 }, // U+021A
    { 9, 22, 174, 1, 16, 25, 14007 }, // U+021B
    { 14, 23, 252, 0, 18, 41, 14032 }, // U+021C
    { 11, 20, 202, 1, 14, 28, 14073 }, // U+021D
    { 15, 24, 306, 2, 24, 45, 14101 }, // U+021E
    { 17, 25, 260, -2, 25, 54, 14146 }, // U+021F
    { 8, 4, 0, -14, 19, 4, 14200 }, // U+0300
    { 9, 4, 0, -10, 19, 5, 14204 }, // U+0301
    { 11, 4, 0, -6, 19, 6, 14209 }, // U+0302
    { 11, 4, 0, -14, 19, 6, 14215 }, // U+0303
    { 8, 3, 0, -4, 18, 3, 14221 }, // U+0304
    { 10, 3, 0, -5, 22, 4, 14224 }, // U+0305
    { 10, 4, 0, -4, 19, 5, 14228 }, // U+0306
    { 4, 4, 0, -2, 19, 2, 14233 }, // U+0307
    { 9, 3, 0, -4, 19, 4, 14235 }, // U+0308
    { 6, 7, 0, -11, 22, 6, 14239 }, // U+0309
    { 6, 6, 0, -3, 21, 5, 14245 }, // U+030A
    { 11, 4, 0, -4, 19, 6, 14250 }, // U+030B
    { 12, 4, 0, -6, 19, 6, 14256 }, // U+030C
    { 3, 4, 0, -1, 19, 2, 14262 }, // U+030D
    { 7, 4, 0, -3, 19, 4, 14264 }, // U+030E
    { 12, 4, 0, -15, 19, 6, 14268 }, // U+030F
    { 9, 6, 0, -5, 21, 7, 14274 }, // U+0310
    { 11, 5, 0, -5, 20, 7, 14281 }, // U+0311
    { 6, 6, 0, -3, 18, 5, 14288 }, // U+0312
    { 6, 6, 0, -3, 18, 5, 14293 }, // U+0313
    { 6, 6, 0, -3, 18, 5, 14298 }, // U+0314
    { 6, 6, 0, -3, 18, 5, 14303 }, // U+0315
    { 9, 4, 0, -5, -1, 5, 14308 }, // U+0316
    { 8, 4, 0, -4, -1, 4, 14313 }, // U+0317
    { 5, 5, 0, -3, 0, 4, 14317 }, // U+0318
    { 5, 5, 0, -2, 0, 4, 14321 }, // U+0319
    { 7, 7, 120, 0, 20, 7, 14325 }, // U+031A
    { 6, 6, 0, -2, 19, 5, 14332 }, // U+031B
    { 4, 6, 0, -1, 0, 3, 14337 }, // U+031C
    { 5, 4, 0, -3, -1, 3, 14340 }, // U+031D
    { 5, 5, 0, -3, -1, 4, 14343 }, // U+031E
    { 5, 5, 0, -3, -1, 4, 14347 }, // U+031F
    { 5, 2, 0, -3, -2, 2, 14351 }, // U+0320
    { 6, 8, 0, -6, 2, 6, 14353 }, // U+0321
    { 6, 8, 0, 0, 2, 6, 14359 }, // U+0322
    { 4, 4, 0, -10, -1, 2, 14365 }, // U+0323
    { 9, 3, 0, -4, -2, 4, 14367 }, // U+0324
    { 6, 6, 0, -3, 0, 5, 14371 }, // U+0325
    { 5, 4, 0, -2, -2, 3, 14376 }, // U+0326
    { 6, 6, 0, -3, 0, 5, 14379 }, // U+0327
    { 5, 7, 0, -2, 1, 5, 14384 }, // U+0328
    { 3, 4, 0, -1, -1, 2, 14389 }, // U+0329
    { 9, 5, 0, -4, -1, 6, 14391 }, // U+032A
    { 10, 4, 0, -5, -1, 5, 14397 }, // U+032B
    { 11, 4, 0, -5, -1, 6, 14402 }, // U+032C
    { 11, 4, 0, -6, -1, 6, 14408 }, // U+032D
    { 10, 4, 0, -5, -1, 5, 14414 }, // U+032E
    { 11, 5, 0, -5, -1, 7, 14419 }, // U+032F
    { 12, 4, 0, -6, -1, 6, 14426 }, // U+0330
    { 8, 3, 0, -4, -1, 3, 14432 }, // U+0331
    { 12, 2, 0, -6, -2, 3, 14435 }, // U+0332
    { 10, 5, 0, -6, -1, 7, 14438 }, // U+0333
    { 11, 4, 0, -5, 9, 6, 14445 }, // U+0334
    { 10, 3, 0, -5, 9, 4, 14451 }, // U+0335
    { 18, 3, 0, -9, 9, 7, 14455 }, // U+0336
    { 10, 8, 0, -5, 11, 10, 14462 }, // U+0337
    { 12, 21, 0, -6, 20, 32, 14472 }, // U+0338
    { 4, 6, 0, -2, 0, 3, 14504 }, // U+0339
    { 9, 5, 0, -4, 0, 6, 14507 }, // U+033A
    { 10, 6, 0, -5, 0, 8, 14513 }, // U+033B
    { 10, 3, 0, -5, -2, 4, 14521 }, // U+033C
    { 6, 6, 0, -3, 20, 5, 14525 }, // U+033D
    { 5, 8, 0, -2, 22, 5, 14530 }, // U+033E
    { 10, 5, 0, -6, 24, 7, 14535 }, // U+033F
    { 8, 4, 0, -6, 19, 4, 14542 }, // U+0340
    { 8, 4, 0, -2, 19, 4, 14546 }, // U+0341
    { 11, 4, 0, -5, 19, 6, 14550 }, // U+0342
    { 5, 5, 0, -3, 20, 4, 14556 }, // U+0343
    { 13, 4, 0, -5, 19, 7, 14560 }, // U+0344
    { 5, 5, 0, -1, -1, 4, 14567 }, // U+0345
    { 11, 5, 0, -5, 20, 7, 14571 }, // U+0346
    { 10, 5, 0, -6, -1, 7, 14578 }, // U+0347
    { 7, 4, 0, -3, -1, 4, 14585 }, // U+0348
    { 5, 5, 0, -2, -1, 4, 14589 }, // U+0349
    { 10, 6, 0, -5, 19, 8, 14593 }, // U+034A
    { 10, 10, 0, -5, 24, 13, 14601 }, // U+034B
    { 10, 6, 0, -5, 21, 8, 14614 }, // U+034C
    { 10, 6, 0, -5, 0, 8, 14622 }, // U+034D
    { 6, 6, 0, -3, 0, 5, 14630 }, // U+034E
    { 19, 19, 0, -10, 18, 46, 14635 }, // U+034F
    { 4, 5, 0, -2, 20, 3, 14681 }, // U+0350
    { 4, 6, 0, -1, 21, 3, 14684 }, // U+0351
    { 9, 7, 0, -4, 22, 8, 14687 }, // U+0352
    { 6, 6, 0, -3, 0, 5, 14695 }, // U+0353
    { 4, 5, 0, -2, -1, 3, 14700 }, // U+0354
    { 4, 5, 0, -2, -1, 3, 14703 }, // U+0355
    { 10, 5, 0, -4, -1, 7, 14706 }, // U+0356
    { 4, 6, 0, -2, 21, 3, 14713 }, // U+0357
    { 4, 4, 0, 2, 19, 2, 14716 }, // U+0358
    { 6, 6, 0, -3, -1, 5, 14718 }, // U+0359
    { 10, 6, 0, -6, -1, 8, 14723 }, // U+035A
    { 6, 5, 0, -3, 20, 4, 14731 }, // U+035B
    { 20, 5, 0, -10, -1, 13, 14735 }, // U+035C
    { 20, 5, 0, -10, 20, 13, 14748 }, // U+035D
    { 15, 2, 0, -7, 17, 4, 14761 }, // U+035E
    { 15, 2, 0, -7, -1, 4, 14765 }, // U+035F
    { 20, 4, 0, -10, 19, 10, 14769 }, // U+0360
    { 20, 6, 0, -10, 22, 15, 14779 }, // U+0361
    { 20, 6, 0, -9, 0, 15, 14794 }, // U+0362
    { 6, 7, 0, -3, 22, 6, 14809 }, // U+0363
    { 6, 6, 0, -2, 21, 5, 14815 }, // U+0364
    { 2, 8, 0, 0, 24, 2, 14820 }, // U+0365
    { 6, 6, 0, -3, 22, 5, 14822 }, // U+0366
    { 6, 6, 0, -3, 21, 5, 14827 }, // U+0367
    { 6, 6, 0, -2, 22, 5, 14832 }, // U+0368
    { 6, 8, 0, -3, 24, 6, 14837 }, // U+0369
    { 6, 8, 0, -2, 24, 6, 14843 }, // U+036A
    { 10, 5, 0, -4, 21, 7, 14849 }, // U+036B
    { 5, 5, 0, -1, 21, 4, 14856 }, // U+036C
    { 5, 8, 0, -2, 23, 5, 14860 }, // U+036D
    { 7, 6, 0, -3, 22, 6, 14865 }, // U+036E
    { 8, 5, 0, -4, 21, 5, 14871 }, // U+036F
    { 11, 24, 224, 2, 24, 33, 14876 }, // U+0400
    { 11, 23, 224, 2, 23, 32, 14909 }, // U+0401
    { 18, 18, 306, 1, 18, 41, 14941 }, // U+0402
    { 11, 24, 225, 2, 24, 33, 14982 }, // U+0403
    { 15, 18, 260, 1, 18, 34, 15015 }, // U+0404
    { 12, 18, 219, 1, 18, 27, 15049 }, // U+0405
    { 4, 18, 129, 2, 18, 9, 15076 }, // U+0406
    { 8, 24, 132, 1, 24, 24, 15085 }, // U+0407
    { 8, 23, 132, -2, 18, 23, 15109 }, // U+0408
    { 25, 18, 414, 1, 18, 57, 15132 }, // U+0409
    { 23, 18, 425, 2, 18, 52, 15189 }, // U+040A
    { 17, 18, 311, 1, 18, 39, 15241 }, // U+040B
    { 16, 24, 274, 2, 24, 48, 15280 }, // U+040C
    { 15, 24, 316, 2, 24, 45, 15328 }, // U+040D
    { 17, 24, 258, 0, 24, 51, 15373 }, // U+040E
    { 15, 22, 306, 2, 18, 42, 15424 }, // U+040F
    { 18, 18, 277, 0, 18, 41, 15466 }, // U+0410
    { 13, 18, 260, 2, 18, 30, 15507 }, // U+0411
    { 13, 18, 265, 2, 18, 30, 15537 }, // U+0412
    { 11, 18, 225, 2, 18, 25, 15567 }, // U+0413
    { 19, 23, 310, 1, 18, 55, 15592 }, // U+0414
    { 11, 18, 224, 2, 18, 25, 15647 }, // U+0415
    { 26, 18, 399, -1, 18, 59, 15672 }, // U+0416
    { 13, 18, 237, 0, 18, 30, 15731 }, // U+0417
    { 15, 18, 316, 2, 18, 34, 15761 }, // U+0418
    { 15, 24, 316, 2, 24, 45, 15795 }, // U+0419
    { 15, 18, 277, 2, 18, 34, 15840 }, // U+041A
    { 17, 18, 293, 0, 18, 39, 15874 }, // U+041B
    { 19, 18, 377, 2, 18, 43, 15913 }, // U+041C
    { 15, 18, 308, 2, 18, 34, 15956 }, // U+041D
    { 17, 18, 311, 1, 18, 39, 15990 }, // U+041E
    { 15, 18, 305, 2, 18, 34, 16029 }, // U+041F
    { 12, 18, 249, 2, 18, 27, 16063 }, // U+0420
    { 15, 18, 258, 1, 18, 34, 16090 }, // U+0421
    { 13, 18, 231, 1, 18, 30, 16124 }, // U+0422
    { 17, 18, 258, 0, 18, 39, 16154 }, // U+0423
    { 20, 18, 361, 1, 18, 45, 16193 }, // U+0424
    { 17, 18, 267, 0, 18, 39, 16238 }, // U+0425
    { 17, 23, 310, 2, 18, 49, 16277 }, // U+0426
    { 14, 18, 288, 2, 18, 32, 16326 }, // U+0427
    { 23, 18, 427, 2, 18, 52, 16358 }, // U+0428
    { 25, 23, 430, 2, 18, 72, 16410 }, // U+0429
    { 18, 18, 302, 0, 18, 41, 16482 }, // U+042A
    { 19, 18, 368, 2, 18, 43, 16523 }, // U+042B
    { 13, 18, 258, 2, 18, 30, 16566 }, // U+042C
    { 15, 18, 262, 0, 18, 34, 16596 }, // U+042D
    { 22, 18, 407, 2, 18, 50, 16630 }, // U+042E
    { 15, 18, 272, 0, 18, 34, 16680 }, // U+042F
    { 12, 14, 238, 1, 14, 21, 16714 }, // U+0430
    { 13, 20, 250, 1, 20, 33, 16735 }, // U+0431
    { 12, 14, 238, 2, 14, 21, 16768 }, // U+0432
    { 10, 14, 190, 2, 14, 18, 16789 }, // U+0433
    { 16, 18, 255, 1, 14, 36, 16807 }, // U+0434
    { 13, 14, 234, 1, 14, 23, 16843 }, // U+0435
    { 22, 14, 346, 0, 14, 39, 16866 }, // U+0436
    { 12, 14, 206, 0, 14, 21, 16905 }, // U+0437
    { 13, 14, 270, 2, 14, 23, 16926 }, // U+0438
    { 13, 20, 270, 2, 20, 33, 16949 }, // U+0439
    { 14, 14, 246, 2, 14, 25, 16982 }, // U+043A
    { 14, 14, 249, 1, 14, 25, 17007 }, // U+043B
    { 17, 14, 335, 2, 14, 30, 17032 }, // U+043C
    { 13, 14, 262, 2, 14, 23, 17062 }, // U+043D
    { 13, 14, 248, 1, 14, 23, 17085 }, // U+043E
    { 12, 14, 260, 2, 14, 21, 17108 }, // U+043F
    { 13, 20, 254, 2, 14, 33, 17129 }, // U+0440
    { 11, 14, 210, 1, 14, 20, 17162 }, // U+0441
    { 12, 14, 202, 1, 14, 21, 17182 }, // U+0442
    { 15, 20, 228, 0, 14, 38, 17203 }, // U+0443
    { 18, 25, 324, 1, 19, 57, 17241 }, // U+0444
    { 15, 14, 231, 0, 14, 27, 17298 }, // U+0445
    { 14, 18, 260, 2, 14, 32, 17325 }, // U+0446
    { 13, 14, 255, 1, 14, 23, 17357 }, // U+0447
    { 20, 14, 381, 2, 14, 35, 17380 }, // U+0448
    { 22, 18, 382, 2, 14, 50, 17415 }, // U+0449
    { 16, 14, 268, 0, 14, 28, 17465 }, // U+044A
    { 17, 14, 342, 2, 14, 30, 17493 }, // U+044B
    { 12, 14, 236, 2, 14, 21, 17523 }, // U+044C
    { 12, 14, 210, 0, 14, 21, 17544 }, // U+044D
    { 18, 14, 340, 2, 14, 32, 17565 }, // U+044E
    { 14, 14, 242, -1, 14, 25, 17597 }, // U+044F
    { 13, 20, 234, 1, 20, 33, 17622 }, // U+0450
    { 13, 19, 234, 1, 19, 31, 17655 }, // U+0451
    { 15, 25, 261, 0, 19, 47, 17686 }, // U+0452
    { 10, 20, 192, 2, 20, 25, 17733 }, // U+0453
    { 11, 14, 210, 1, 14, 20, 17758 }, // U+0454
    { 11, 14, 199, 1, 14, 20, 17778 }, // U+0455
    { 4, 19, 123, 2, 19, 10, 17798 }, // U+0456
    { 7, 19, 120, 1, 19, 17, 17808 }, // U+0457
    { 7, 25, 119, -1, 19, 22, 17825 }, // U+0458
    { 21, 14, 359, 1, 14, 37, 17847 }, // U+0459
    { 20, 14, 370, 2, 14, 35, 17884 }, // U+045A
    { 15, 19, 261, 0, 19, 36, 17919 }, // U+045B
    { 14, 20, 246, 2, 20, 35, 17955 }, // U+045C
    { 13, 20, 270, 2, 20, 33, 17990 }, // U+045D
    { 15, 26, 228, 0, 20, 49, 18023 }, // U+045E
    { 12, 18, 260, 2, 14, 27, 18072 }, // U+045F
    { 23, 18, 381, 1, 18, 52, 18099 }, // U+0460
    { 21, 14, 354, 1, 14, 37, 18151 }, // U+0461
    { 16, 18, 269, 0, 18, 36, 18188 }, // U+0462
    { 16, 17, 266, 1, 17, 34, 18224 }, // U+0463
    { 21, 18, 380, 2, 18, 48, 18258 }, // U+0464
    { 18, 14, 321, 2, 14, 32, 18306 }, // U+0465
    { 20, 18, 292, -1, 18, 45, 18338 }, // U+0466
    { 18, 14, 256, -1, 14, 32, 18383 }, // U+0467
    { 24, 18, 402, 2, 18, 54, 18415 }, // U+0468
    { 22, 14, 361, 2, 14, 39, 18469 }, // U+0469
    { 20, 18, 322, 0, 18, 45, 18508 }, // U+046A
    { 16, 14, 249, -1, 14, 28, 18553 }, // U+046B
    { 25, 18, 429, 2, 18, 57, 18581 }, // U+046C
    { 20, 14, 352, 2, 14, 35, 18638 }, // U+046D
    { 14, 28, 253, 1, 22, 49, 18673 }, // U+046E
    { 13, 23, 222, 1, 17, 38, 18722 }, // U+046F
    { 18, 18, 352, 2, 18, 41, 18760 }, // U+0470
    { 18, 25, 337, 2, 19, 57, 18801 }, // U+0471
    { 17, 18, 316, 1, 18, 39, 18858 }, // U+0472
    { 13, 14, 248, 1, 14, 23, 18897 }, // U+0473
    { 18, 18, 287, 0, 18, 41, 18920 }, // U+0474
    { 16, 14, 242, -1, 14, 28, 18961 }, // U+0475
    { 18, 23, 287, 0, 23, 52, 18989 }, // U+0476
    { 16, 19, 242, -1, 19, 38, 19041 }, // U+0477
    { 32, 24, 528, 1, 18, 96, 19079 }, // U+0478
    { 29, 20, 470, 1, 14, 73, 19175 }, // U+0479
    { 18, 21, 332, 1, 19, 48, 19248 }, // U+047A
    { 15, 17, 274, 1, 16, 32, 19296 }, // U+047B
    { 24, 27, 435, 1, 27, 81, 19328 }, // U+047C
    { 21, 23, 383, 1, 23, 61, 19409 }, // U+047D
    { 23, 23, 382, 1, 23, 67, 19470 }, // U+047E
    { 21, 19, 354, 1, 19, 50, 19537 }, // U+047F
    { 15, 24, 271, 1, 18, 45, 19587 }, // U+0480
    { 12, 20, 210, 1, 14, 30, 19632 }, // U+0481
    { 13, 17, 244, 1, 16, 28, 19662 }, // U+0482
    { 10, 5, 0, -12, 18, 7, 19690 }, // U+0483
    { 10, 4, 0, -12, 19, 5, 19697 }, // U+0484
    { 4, 5, 0, -8, 20, 3, 19702 }, // U+0485
    { 5, 5, 0, -9, 20, 4, 19705 }, // U+0486
    { 10, 4, 0, -5, 23, 5, 19709 }, // U+0487
    { 29, 27, 0, -15, 20, 98, 19714 }, // U+0488
    { 27, 28, 0, -14, 21, 95, 19812 }, // U+0489
    { 21, 29, 366, 2, 24, 77, 19907 }, // U+048A
    { 18, 25, 321, 2, 20, 57, 19984 }, // U+048B
    { 14, 18, 255, 1, 18, 32, 20041 }, // U+048C
    { 15, 19, 246, 1, 19, 36, 20073 }, // U+048D
    { 12, 18, 251, 2, 18, 27, 20109 }, // U+048E
    { 13, 20, 253, 2, 14, 33, 20136 }, // U+048F
    { 12, 22, 231, 2, 22, 33, 20169 }, // U+0490
    { 10, 18, 205, 2, 18, 23, 20202 }, // U+0491
    { 13, 18, 224, 1, 18, 30, 20225 }, // U+0492
    { 12, 14, 196, 1, 14, 21, 20255 }, // U+0493
    { 15, 24, 294, 2, 18, 45, 20276 }, // U+0494
    { 12, 20, 241, 2, 14, 30, 20321 }, // U+0495
    { 26, 23, 412, -1, 18, 75, 20351 }, // U+0496
    { 24, 19, 374, -1, 14, 57, 20426 }, // U+0497
    { 13, 24, 237, 1, 18, 39, 20483 }, // U+0498
    { 12, 20, 206, 0, 14, 30, 20522 }, // U+0499
    { 16, 23, 302, 2, 18, 46, 20552 }, // U+049A
    { 15, 19, 263, 2, 14, 36, 20598 }, // U+049B
    { 15, 18, 268, 2, 18, 34, 20634 }, // U+049C
    { 14, 14, 248, 2, 14, 25, 20668 }, // U+049D
    { 18, 18, 277, 0, 18, 41, 20693 }, // U+049E
    { 16, 19, 251, 1, 19, 38, 20734 }, // U+049F
    { 19, 18, 293, 0, 18, 43, 20772 }, // U+04A0
    { 19, 14, 278, 0, 14, 34, 20815 }, // U+04A1
    { 18, 23, 336, 2, 18, 52, 20849 }, // U+04A2
    { 16, 19, 297, 2, 14, 38, 20901 }, // U+04A3
    { 19, 18, 334, 2, 18, 43, 20939 }, // U+04A4
    { 17, 14, 303, 2, 14, 30, 20982 }, // U+04A5
    { 25, 24, 450, 2, 18, 75, 21012 }, // U+04A6
    { 20, 20, 356, 2, 14, 50, 21087 }, // U+04A7
    { 17, 19, 311, 1, 18, 41, 21137 }, // U+04A8
    { 15, 15, 262, 1, 14, 29, 21178 }, // U+04A9
    { 14, 24, 257, 1, 18, 42, 21207 }, // U+04AA
    { 11, 20, 206, 1, 14, 28, 21249 }, // U+04AB
    { 13, 23, 232, 1, 18, 38, 21277 }, // U+04AC
    { 13, 19, 220, 1, 14, 31, 21315 }, // U+04AD
    { 16, 18, 250, 0, 18, 36, 21346 }, // U+04AE
    { 16, 20, 230, -1, 14, 40, 21382 }, // U+04AF
    { 18, 18, 250, -1, 18, 41, 21422 }, // U+04B0
    { 15, 20, 230, 0, 14, 38, 21463 }, // U+04B1
    { 19, 23, 297, -1, 18, 55, 21501 }, // U+04B2
    { 16, 19, 254, 0, 14, 38, 21556 }, // U+04B3
    { 22, 24, 372, 1, 18, 66, 21594 }, // U+04B4
    { 19, 20, 316, 1, 14, 48, 21660 }, // U+04B5
    { 18, 23, 322, 1, 18, 52, 21708 }, // U+04B6
    { 17, 19, 290, 1, 14, 41, 21760 }, // U+04B7
    { 15, 18, 294, 2, 18, 34, 21801 }, // U+04B8
    { 13, 14, 264, 1, 14, 23, 21835 }, // U+04B9
    { 15, 18, 294, 2, 18, 34, 21858 }, // U+04BA
    { 13, 19, 260, 2, 19, 31, 21892 }, // U+04BB
    { 22, 18, 379, 0, 18, 50, 21923 }, // U+04BC
    { 17, 14, 283, 0, 14, 30, 21973 }, // U+04BD
    { 22, 23, 379, 0, 18, 64, 22003 }, // U+04BE
    { 17, 19, 283, 0, 14, 41, 22067 }, // U+04BF
    { 8, 18, 156, 1, 18, 18, 22108 }, // U+04C0
    { 26, 24, 400, -1, 24, 78, 22126 }, // U+04C1
    { 22, 20, 346, 0, 20, 55, 22204 }, // U+04C2
    { 16, 24, 304, 2, 18, 48, 22259 }, // U+04C3
    { 14, 20, 261, 2, 14, 35, 22307 }, // U+04C4
    { 21, 23, 335, 0, 18, 61, 22342 }, // U+04C5
    { 19, 20, 291, 0, 14, 48, 22403 }, // U+04C6
    { 15, 24, 306, 2, 18, 45, 22451 }, // U+04C7
    { 13, 20, 265, 2, 14, 33, 22496 }, // U+04C8
    { 19, 23, 343, 2, 18, 55, 22529 }, // U+04C9
    { 17, 19, 298, 2, 14, 41, 22584 }, // U+04CA
    { 15, 23, 294, 2, 18, 44, 22625 }, // U+04CB
    { 13, 19, 262, 1, 14, 31, 22669 }, // U+04CC
    { 24, 23, 414, 2, 18, 69, 22700 }, // U+04CD
    { 21, 19, 370, 2, 14, 50, 22769 }, // U+04CE
    { 8, 18, 156, 1, 18, 18, 22819 }, // U+04CF
    { 18, 24, 277, 0, 24, 54, 22837 }, // U+04D0
    { 12, 20, 240, 1, 20, 30, 22891 }, // U+04D1
    { 19, 23, 277, -1, 23, 55, 22921 }, // U+04D2
    { 12, 19, 240, 1, 19, 29, 22976 }, // U+04D3
    { 23, 18, 381, 0, 18, 52, 23005 }, // U+04D4
    { 21, 14, 367, 1, 14, 37, 23057 }, // U+04D5
    { 11, 24, 224, 2, 24, 33, 23094 }, // U+04D6
    { 13, 20, 239, 1, 20, 33, 23127 }, // U+04D7
    { 17, 18, 327, 2, 18, 39, 23160 }, // U+04D8
    { 13, 14, 239, 1, 14, 23, 23199 }, // U+04D9
    { 17, 23, 327, 2, 23, 49, 23222 }, // U+04DA
    { 13, 19, 239, 1, 19, 31, 23271 }, // U+04DB
    { 25, 23, 400, 0, 23, 72, 23302 }, // U+04DC
    { 23, 19, 346, -1, 19, 55, 23374 }, // U+04DD
    { 13, 23, 237, 1, 23, 38, 23429 }, // U+04DE
    { 12, 19, 206, 0, 19, 29, 23467 }, // U+04DF
    { 14, 18, 236, 0, 18, 32, 23496 }, // U+04E0
    { 13, 20, 232, 0, 14, 33, 23528 }, // U+04E1
    { 15, 22, 316, 2, 22, 42, 23561 }, // U+04E2
    { 13, 18, 270, 2, 18, 30, 23603 }, // U+04E3
    { 15, 23, 316, 2, 23, 44, 23633 }, // U+04E4
    { 13, 19, 270, 2, 19, 31, 23677 }, // U+04E5
    { 17, 23, 316, 1, 23, 49, 23708 }, // U+04E6
    { 13, 19, 250, 1, 19, 31, 23757 }, // U+04E7
    { 17, 18, 316, 1, 18, 39, 23788 }, // U+04E8
    { 13, 14, 250, 1, 14, 23, 23827 }, // U+04E9
    { 17, 23, 316, 1, 23, 49, 23850 }, // U+04EA
    { 13, 19, 250, 1, 19, 31, 23899 }, // U+04EB
    { 15, 23, 261, 0, 23, 44, 23930 }, // U+04EC
    { 12, 19, 210, 0, 19, 29, 23974 }, // U+04ED
    { 16, 22, 258, 0, 22, 44, 24003 }, // U+04EE
    { 14, 24, 228, 0, 18, 42, 24047 }, // U+04EF
    { 17, 23, 258, 0, 23, 49, 24089 }, // U+04F0
    { 15, 25, 228, 0, 19, 47, 24138 }, // U+04F1
    { 17, 24, 258, 0, 24, 51, 24185 }, // U+04F2
    { 15, 25, 228, 0, 19, 47, 24236 }, // U+04F3
    { 14, 23, 288, 2, 23, 41, 24283 }, // U+04F4
    { 13, 19, 255, 1, 19, 31, 24324 }, // U+04F5
    { 12, 23, 224, 2, 18, 35, 24355 }, // U+04F6
    { 10, 19, 191, 2, 14, 24, 24390 }, // U+04F7
    { 19, 23, 368, 2, 23, 55, 24414 }, // U+04F8
    { 17, 19, 342, 2, 19, 41, 24469 }, // U+04F9
    { 13, 24, 224, 1, 18, 39, 24510 }, // U+04FA
    { 12, 20, 196, 1, 14, 30, 24549 }, // U+04FB
    { 19, 24, 292, -1, 18, 57, 24579 }, // U+04FC
    { 16, 20, 258, -1, 14, 40, 24636 }, // U+04FD
    { 18, 18, 268, -1, 18, 41, 24676 }, // U+04FE
    { 16, 14, 231, -1, 14, 28, 24717 }, // U+04FF
    { 17, 15, 270, 0, 15, 32, 24745 }, // U+05D0
    { 14, 15, 238, 1, 15, 27, 24777 }, // U+05D1
    { 10, 16, 165, 0, 15, 20, 24804 }, // U+05D2
    { 14, 15, 228, 0, 15, 27, 24824 }, // U+05D3
    { 15, 15, 263, 1, 15, 29, 24851 }, // U+05D4
    { 7, 15, 135, 0, 15, 14, 24880 }, // U+05D5
    { 8, 15, 148, 1, 15, 15, 24894 }, // U+05D6
    { 16, 15, 275, 0, 15, 30, 24909 }, // U+05D7
    { 14, 15, 264, 1, 15, 27, 24939 }, // U+05D8
    { 7, 9, 133, 0, 15, 8, 24966 }, // U+05D9
    { 13, 20, 228, 0, 15, 33, 24974 }, // U+05DA
    { 12, 15, 211, 0, 15, 23, 25007 }, // U+05DB
    { 13, 19, 222, 1, 19, 31, 25030 }, // U+05DC
    { 16, 15, 281, 0, 15, 30, 25061 }, // U+05DD
    { 17, 15, 281, 0, 15, 32, 25091 }, // U+05DE
    { 7, 20, 142, 0, 15, 18, 25123 }, // U+05DF
    { 8, 15, 162, 0, 15, 15, 25141 }, // U+05E0
    { 15, 15, 272, 1, 15, 29, 25156 }, // U+05E1
    { 14, 18, 252, 1, 16, 32, 25185 }, // U+05E2
    { 14, 20, 262, 1, 15, 35, 25217 }, // U+05E3
    { 14, 15, 251, 1, 15, 27, 25252 }, // U+05E4
    { 14, 20, 235, 0, 15, 35, 25279 }, // U+05E5
    { 14, 15, 237, 0, 15, 27, 25314 }, // U+05E6
    { 15, 20, 262, 1, 15, 38, 25341 }, // U+05E7
    { 12, 15, 217, 0, 15, 23, 25379 }, // U+05E8
    { 17, 15, 315, 1, 15, 32, 25402 }, // U+05E9
    { 16, 15, 289, 1, 15, 30, 25434 }, // U+05EA
    { 18, 23, 277, 0, 18, 52, 25464 }, // U+1EA0
    { 12, 19, 240, 1, 14, 29, 25516 }, // U+1EA1
    { 18, 26, 277, -1, 26, 59, 25545 }, // U+1EA2
    { 12, 22, 240, 1, 22, 33, 25604 }, // U+1EA3
    { 18, 25, 277, 0, 25, 57, 25637 }, // U+1EA4
    { 15, 21, 240, 1, 21, 40, 25694 }, // U+1EA5
    { 18, 25, 277, 0, 25, 57, 25734 }, // U+1EA6
    { 14, 21, 240, -1, 21, 37, 25791 }, // U+1EA7
    { 18, 26, 277, 0, 26, 59, 25828 }, // U+1EA8
    { 14, 22, 240, 1, 22, 39, 25887 }, // U+1EA9
    { 18, 26, 277, 0, 26, 59, 25926 }, // U+1EAA
    { 12, 23, 240, 1, 23, 35, 25985 }, // U+1EAB
    { 18, 29, 277, 0, 24, 66, 26020 }, // U+1EAC
    { 12, 24, 240, 1, 19, 36, 26086 }, // U+1EAD
    { 19, 25, 277, -1, 25, 60, 26122 }, // U+1EAE
    { 12, 22, 240, 1, 22, 33, 26182 }, // U+1EAF
    { 19, 25, 277, -1, 25, 60, 26215 }, // U+1EB0
    { 12, 22, 240, 1, 22, 33, 26275 }, // U+1EB1
    { 18, 26, 277, 0, 26, 59, 26308 }, // U+1EB2
    { 12, 22, 240, 1, 22, 33, 26367 }, // U+1EB3
    { 18, 27, 277, 0, 27, 61, 26400 }, // U+1EB4
    { 12, 23, 240, 1, 23, 35, 26461 }, // U+1EB5
    { 19, 29, 277, -1, 24, 69, 26496 }, // U+1EB6
    { 12, 24, 240, 1, 19, 36, 26565 }, // U+1EB7
    { 11, 23, 224, 2, 18, 32, 26601 }, // U+1EB8
    { 13, 19, 239, 1, 14, 31, 26633 }, // U+1EB9
    { 11, 26, 224, 2, 26, 36, 26664 }, // U+1EBA
    { 13, 22, 239, 1, 22, 36, 26700 }, // U+1EBB
    { 11, 24, 224, 2, 24, 33, 26736 }, // U+1EBC
    { 13, 19, 239, 1, 19, 31, 26769 }, // U+1EBD
    { 14, 25, 224, 1, 25, 44, 26800 }, // U+1EBE
    { 15, 21, 239, 1, 21, 40, 26844 }, // U+1EBF
    { 15, 25, 224, -2, 25, 47, 26884 }, // U+1EC0
    { 15, 21, 239, -1, 21, 40, 26931 }, // U+1EC1
    { 13, 26, 224, 1, 26, 43, 26971 }, // U+1EC2
    { 14, 22, 239, 1, 22, 39, 27014 }, // U+1EC3
    { 11, 26, 224, 2, 26, 36, 27053 }, // U+1EC4
    { 13, 23, 239, 1, 23, 38, 27089 }, // U+1EC5
    { 11, 29, 224, 2, 24, 40, 27127 }, // U+1EC6
    { 13, 24, 239, 1, 19, 39, 27167 }, // U+1EC7
    { 8, 25, 156, 1, 25, 25, 27206 }, // U+1EC8
    { 6, 21, 120, 1, 21, 16, 27231 }, // U+1EC9
    { 8, 23, 156, 1, 18, 23, 27247 }, // U+1ECA
    { 4, 24, 120, 2, 19, 12, 27270 }, // U+1ECB
    { 17, 23, 316, 1, 18, 49, 27282 }, // U+1ECC
    { 13, 19, 250, 1, 14, 31, 27331 }, // U+1ECD
    { 17, 26, 316, 1, 26, 56, 27362 }, // U+1ECE
    { 13, 22, 250, 1, 22, 36, 27418 }, // U+1ECF
    { 17, 25, 316, 1, 25, 54, 27454 }, // U+1ED0
    { 15, 21, 250, 1, 21, 40, 27508 }, // U+1ED1
    { 17, 25, 316, 1, 25, 54, 27548 }, // U+1ED2
    { 15, 21, 250, -1, 21, 40, 27602 }, // U+1ED3
    { 17, 27, 316, 1, 27, 58, 27642 }, // U+1ED4
    { 14, 22, 250, 1, 22, 39, 27700 }, // U+1ED5
    { 17, 27, 316, 1, 27, 58, 27739 }, // U+1ED6
    { 13, 23, 250, 1, 23, 38, 27797 }, // U+1ED7
    { 17, 29, 316, 1, 24, 62, 27835 }, // U+1ED8
    { 13, 24, 250, 1, 19, 39, 27897 }, // U+1ED9
    { 20, 24, 328, 1, 24, 60, 27936 }, // U+1EDA
    { 17, 19, 272, 1, 19, 41, 27996 }, // U+1EDB
    { 20, 24, 328, 1, 24, 60, 28037 }, // U+1EDC
    { 17, 19, 272, 1, 19, 41, 28097 }, // U+1EDD
    { 20, 26, 328, 1, 26, 65, 28138 }, // U+1EDE
    { 17, 22, 272, 1, 22, 47, 28203 }, // U+1EDF
    { 20, 24, 328, 1, 24, 60, 28250 }, // U+1EE0
    { 17, 19, 272, 1, 19, 41, 28310 }, // U+1EE1
    { 20, 24, 328, 1, 19, 60, 28351 }, // U+1EE2
    { 17, 21, 272, 1, 16, 45, 28411 }, // U+1EE3
    { 15, 23, 302, 2, 18, 44, 28456 }, // U+1EE4
    { 13, 19, 260, 2, 14, 31, 28500 }, // U+1EE5
    { 15, 26, 302, 2, 26, 49, 28531 }, // U+1EE6
    { 13, 22, 260, 2, 22, 36, 28580 }, // U+1EE7
    { 21, 24, 354, 2, 24, 63, 28616 }, // U+1EE8
    { 18, 19, 303, 2, 19, 43, 28679 }, // U+1EE9
    { 21, 24, 354, 2, 24, 63, 28722 }, // U+1EEA
    { 18, 19, 303, 2, 19, 43, 28785 }, // U+1EEB
    { 21, 26, 354, 2, 26, 69, 28828 }, // U+1EEC
    { 18, 22, 303, 2, 22, 50, 28897 }, // U+1EED
    { 21, 24, 354, 2, 24, 63, 28947 }, // U+1EEE
    { 18, 19, 303, 2, 19, 43, 29010 }, // U+1EEF
    { 21, 24, 354, 2, 19, 63, 29053 }, // U+1EF0
    { 18, 21, 303, 2, 16, 48, 29116 }, // U+1EF1
    { 16, 24, 250, 0, 24, 48, 29164 }, // U+1EF2
    { 15, 25, 228, 0, 19, 47, 29212 }, // U+1EF3
    { 16, 23, 250, 0, 18, 46, 29259 }, // U+1EF4
    { 15, 20, 228, -1, 14, 38, 29305 }, // U+1EF5
    { 16, 25, 250, 0, 25, 50, 29343 }, // U+1EF6
    { 15, 27, 228, -1, 21, 51, 29393 }, // U+1EF7
    { 16, 24, 250, 0, 24, 48, 29444 }, // U+1EF8
    { 15, 25, 228, 0, 19, 47, 29492 }, // U+1EF9
    { 0, 0, 200, 0, 0, 0, 29539 }, // U+2000
    { 0, 0, 400, 0, 0, 0, 29539 }, // U+2001
    { 0, 0, 200, 0, 0, 0, 29539 }, // U+2002
    { 0, 0, 400, 0, 0, 0, 29539 }, // U+2003
    { 0, 0, 133, 0, 0, 0, 29539 }, // U+2004
    { 0, 0, 100, 0, 0, 0, 29539 }, // U+2005
    { 0, 0, 67, 0, 0, 0, 29539 }, // U+2006
    { 0, 0, 229, 0, 0, 0, 29539 }, // U+2007
    { 0, 0, 112, 0, 0, 0, 29539 }, // U+2008
    { 0, 0, 66, 0, 0, 0, 29539 }, // U+2009
    { 0, 0, 40, 0, 0, 0, 29539 }, // U+200A
    { 0, 0, 0, 0, 0, 0, 29539 }, // U+200B
    { 0, 0, 0, 0, 0, 0, 29539 }, // U+200C
    { 0, 0, 0, 0, 0, 0, 29539 }, // U+200D
    { 6, 22, 0, 0, 18, 17, 29539 }, // U+200E
    { 6, 22, 0, -5, 18, 17, 29556 }, // U+200F
    { 7, 3, 128, 1, 8, 3, 29573 }, // U+2010
    { 7, 3, 128, 1, 8, 3, 29576 }, // U+2011
    { 12, 3, 231, 1, 10, 5, 29579 }, // U+2012
    { 11, 3, 200, 1, 8, 5, 29584 }, // U+2013
    { 23, 3, 400, 1, 8, 9, 29589 }, // U+2014
    { 23, 3, 400, 1, 8, 9, 29598 }, // U+2015
    { 9, 25, 220, 2, 19, 29, 29607 }, // U+2016
    { 10, 5, 164, 0, -1, 7, 29636 }, // U+2017
    { 6, 6, 87, 0, 18, 5, 29643 }, // U+2018
    { 6, 6, 87, 0, 18, 5, 29648 }, // U+2019
    { 6, 6, 114, 0, 3, 5, 29653 }, // U+201A
    { 6, 6, 87, 0, 18, 5, 29658 }, // U+201B
    { 11, 6, 178, 0, 18, 9, 29663 }, // U+201C
    { 11, 6, 178, 0, 18, 9, 29672 }, // U+201D
    { 12, 6, 205, 0, 3, 9, 29681 }, // U+201E
    { 11, 6, 178, 0, 18, 9, 29690 }, // U+201F
    { 11, 19, 205, 1, 19, 27, 29699 }, // U+2020
    { 10, 19, 208, 1, 19, 24, 29726 }, // U+2021
    { 7, 8, 150, 1, 13, 7, 29750 }, // U+2022
    { 8, 11, 150, 1, 15, 11, 29757 }, // U+2023
    { 4, 4, 200, 4, 4, 2, 29768 }, // U+2024
    { 12, 4, 230, 1, 4, 6, 29770 }, // U+2025
    { 19, 4, 342, 1, 4, 10, 29776 }, // U+2026
    { 4, 4, 112, 1, 9, 2, 29786 }, // U+2027
    { 0, 0, 240, 0, 0, 0, 29788 }, // U+2028
    { 0, 0, 240, 0, 0, 0, 29788 }, // U+2029
    { 7, 19, 0, -1, 15, 17, 29788 }, // U+202A
    { 6, 19, 0, -5, 15, 15, 29805 }, // U+202B
    { 6, 21, 0, -3, 17, 16, 29820 }, // U+202C
    { 7, 21, 0, -3, 17, 19, 29836 }, // U+202D
    { 6, 21, 0, -3, 17, 16, 29855 }, // U+202E
    { 0, 0, 66, 0, 0, 0, 29871 }, // U+202F
    { 31, 18, 512, 1, 18, 70, 29871 }, // U+2030
    { 40, 18, 667, 1, 18, 90, 29941 }, // U+2031
    { 7, 7, 121, 1, 18, 7, 30031 }, // U+2032
    { 13, 6, 210, 1, 18, 10, 30038 }, // U+2033
    { 18, 6, 298, 1, 18, 14, 30048 }, // U+2034
    { 7, 7, 169, 1, 18, 7, 30062 }, // U+2035
    { 13, 6, 257, 1, 18, 10, 30069 }, // U+2036
    { 18, 6, 346, 1, 18, 14, 30079 }, // U+2037
    { 10, 8, 163, 0, 2, 10, 30093 }, // U+2038
    { 8, 12, 146, 1, 13, 12, 30103 }, // U+2039
    { 8, 12, 146, 0, 13, 12, 30115 }, // U+203A
    { 19, 18, 340, 1, 18, 43, 30127 }, // U+203B
    { 11, 18, 228, 1, 18, 25, 30170 }, // U+203C
    { 13, 18, 191, -1, 18, 30, 30195 }, // U+203D
    { 13, 3, 200, 0, 22, 5, 30225 }, // U+203E
    { 15, 6, 244, 0, 0, 12, 30230 }, // U+203F
    { 15, 6, 244, 0, 20, 12, 30242 }, // U+2040
    { 11, 16, 170, 0, 10, 22, 30254 }, // U+2041
    { 28, 23, 448, 0, 19, 81, 30276 }, // U+2042
    { 7, 3, 128, 1, 8, 3, 30357 }, // U+2043
    { 14, 18, 52, -5, 18, 32, 30360 }, // U+2044
    { 6, 22, 132, 2, 18, 17, 30392 }, // U+2045
    { 7, 22, 132, 0, 18, 20, 30409 }, // U+2046
    { 23, 18, 380, 0, 18, 52, 30429 }, // U+2047
    { 17, 18, 305, 0, 18, 39, 30481 }, // U+2048
    { 17, 18, 305, 1, 18, 39, 30520 }, // U+2049
    { 12, 14, 235, 1, 14, 21, 30559 }, // U+204A
    { 13, 23, 259, 2, 19, 38, 30580 }, // U+204B
    { 13, 13, 262, 1, 14, 22, 30618 }, // U+204C
    { 13, 13, 262, 2, 14, 22, 30640 }, // U+204D
    { 13, 12, 217, 0, 7, 20, 30662 }, // U+204E
    { 5, 17, 114, 1, 14, 11, 30682 }, // U+204F
    { 15, 26, 240, 0, 20, 49, 30693 }, // U+2050
    { 13, 25, 217, 0, 19, 41, 30742 }, // U+2051
    { 11, 18, 169, 0, 18, 25, 30783 }, // U+2052
    { 24, 4, 400, 1, 9, 12, 30808 }, // U+2053
    { 15, 6, 240, 0, 0, 12, 30820 }, // U+2054
    { 13, 13, 224, 1, 13, 22, 30832 }, // U+2055
    { 11, 18, 232, 1, 18, 25, 30854 }, // U+2056
    { 23, 6, 374, 1, 18, 18, 30879 }, // U+2057
    { 18, 18, 349, 1, 18, 41, 30897 }, // U+2058
    { 18, 18, 349, 1, 18, 41, 30938 }, // U+2059
    { 4, 18, 114, 1, 18, 9, 30979 }, // U+205A
    { 15, 20, 277, 1, 20, 38, 30988 }, // U+205B
    { 19, 20, 341, 1, 19, 48, 31026 }, // U+205C
    { 4, 19, 112, 1, 19, 10, 31074 }, // U+205D
    { 4, 18, 114, 1, 18, 9, 31084 }, // U+205E
    { 0, 0, 89, 0, 0, 0, 31093 }, // U+205F
    { 0, 0, 240, 0, 0, 0, 31093 }, // U+2060
    { 0, 0, 240, 0, 0, 0, 31093 }, // U+2061
    { 0, 0, 240, 0, 0, 0, 31093 }, // U+2062
    { 0, 0, 240, 0, 0, 0, 31093 }, // U+2063
    { 0, 0, 240, 0, 0, 0, 31093 }, // U+2064
    { 0, 0, 0, 0, 0, 0, 31093 }, // U+2066
    { 0, 0, 0, 0, 0, 0, 31093 }, // U+2067
    { 0, 0, 0, 0, 0, 0, 31093 }, // U+2068
    { 0, 0, 0, 0, 0, 0, 31093 }, // U+2069
    { 7, 21, 0, -3, 17, 19, 31093 }, // U+206A
    { 7, 21, 0, -3, 17, 19, 31112 }, // U+206B
    { 7, 21, 0, -3, 18, 19, 31131 }, // U+206C
    { 7, 21, 0, -3, 18, 19, 31150 }, // U+206D
    { 7, 21, 0, -3, 18, 19, 31169 }, // U+206E
    { 7, 21, 0, -3, 17, 19, 31188 }, // U+206F
    { 9, 11, 152, 1, 21, 13, 31207 }, // U+2070
    { 3, 12, 78, 1, 19, 5, 31220 }, // U+2071
    { 9, 11, 152, 1, 21, 13, 31225 }, // U+2074
    { 9, 11, 152, 1, 21, 13, 31238 }, // U+2075
    { 10, 12, 152, 1, 22, 15, 31251 }, // U+2076
    { 8, 12, 152, 1, 22, 12, 31266 }, // U+2077
    { 10, 12, 152, 1, 22, 15, 31278 }, // U+2078
    { 8, 12, 152, 1, 22, 12, 31293 }, // U+2079
    { 7, 7, 144, 1, 18, 7, 31305 }, // U+207A
    { 7, 2, 144, 1, 16, 2, 31312 }, // U+207B
    { 7, 5, 144, 1, 18, 5, 31314 }, // U+207C
    { 5, 14, 97, 2, 23, 9, 31319 }, // U+207D
    { 6, 14, 97, -1, 23, 11, 31328 }, // U+207E
    { 8, 8, 169, 1, 15, 8, 31339 }, // U+207F
    { 9, 12, 152, 1, 8, 14, 31347 }, // U+2080
    { 8, 11, 152, 0, 8, 11, 31361 }, // U+2081
    { 9, 11, 152, 0, 8, 13, 31372 }, // U+2082
    { 10, 12, 152, 0, 9, 15, 31385 }, // U+2083
    { 9, 11, 152, 1, 8, 13, 31400 }, // U+2084
    { 9, 11, 152, 1, 8, 13, 31413 }, // U+2085
    { 10, 12, 152, 1, 8, 15, 31426 }, // U+2086
    { 8, 12, 152, 1, 8, 12, 31441 }, // U+2087
    { 10, 12, 152, 1, 8, 15, 31453 }, // U+2088
    { 8, 12, 152, 1, 8, 12, 31468 }, // U+2089
    { 7, 7, 144, 1, 6, 7, 31480 }, // U+208A
    { 7, 2, 144, 1, 3, 2, 31487 }, // U+208B
    { 7, 5, 144, 1, 5, 5, 31489 }, // U+208C
    { 5, 14, 97, 2, 9, 9, 31494 }, // U+208D
    { 6, 14, 97, -1, 9, 11, 31503 }, // U+208E
    { 8, 8, 156, 1, 6, 8, 31514 }, // U+2090
    { 9, 8, 155, 1, 6, 9, 31522 }, // U+2091
    { 9, 8, 162, 1, 6, 9, 31531 }, // U+2092
    { 10, 8, 150, 0, 6, 10, 31540 }, // U+2093
    { 8, 8, 155, 1, 6, 8, 31550 }, // U+2094
    { 8, 11, 169, 1, 9, 11, 31558 }, // U+2095
    { 9, 11, 158, 1, 9, 13, 31569 }, // U+2096
    { 3, 11, 78, 1, 9, 5, 31582 }, // U+2097
    { 14, 8, 254, 1, 6, 14, 31587 }, // U+2098
    { 8, 8, 169, 1, 6, 8, 31601 }, // U+2099
    { 10, 12, 164, 1, 6, 15, 31609 }, // U+209A
    { 8, 8, 130, 0, 6, 8, 31624 }, // U+209B
    { 6, 10, 110, 1, 8, 8, 31632 }, // U+209C
    { 13, 18, 229, 1, 18, 30, 31640 }, // U+20A0
    { 14, 21, 244, 1, 19, 37, 31670 }, // U+20A1
    { 14, 18, 229, 1, 18, 32, 31707 }, // U+20A2
    { 13, 18, 229, 1, 18, 30, 31739 }, // U+20A3
    { 13, 18, 229, 1, 18, 30, 31769 }, // U+20A4
    { 21, 20, 390, 2, 17, 53, 31799 }, // U+20A5
    { 14, 18, 229, 1, 18, 32, 31852 }, // U+20A6
    { 19, 18, 356, 2, 18, 43, 31884 }, // U+20A7
    { 21, 18, 367, 2, 18, 48, 31927 }, // U+20A8
    { 18, 18, 295, 1, 18, 41, 31975 }, // U+20A9
    { 19, 18, 368, 2, 18, 43, 32016 }, // U+20AA
    { 15, 23, 258, 1, 19, 44, 32059 }, // U+20AB
    { 14, 18, 229, 1, 18, 32, 32103 }, // U+20AC
    { 15, 18, 229, 1, 18, 34, 32135 }, // U+20AD
    { 13, 18, 229, 1, 18, 30, 32169 }, // U+20AE
    { 24, 24, 404, 0, 18, 72, 32199 }, // U+20AF
    { 14, 24, 244, 0, 18, 42, 32271 }, // U+20B0
    { 14, 18, 229, 1, 18, 32, 32313 }, // U+20B1
    { 15, 21, 294, 1, 19, 40, 32345 }, // U+20B2
    { 18, 18, 260, 0, 18, 41, 32385 }, // U+20B3
    { 14, 18, 229, 1, 18, 32, 32426 }, // U+20B4
    { 14, 21, 255, 1, 19, 37, 32458 }, // U+20B5
    { 17, 17, 278, 1, 17, 37, 32495 }, // U+20B6
    { 18, 20, 292, 0, 18, 45, 32532 }, // U+20B7
    { 13, 18, 229, 1, 18, 30, 32577 }, // U+20B8
    { 11, 18, 229, 2, 18, 25, 32607 }, // U+20B9
    { 14, 18, 229, 1, 18, 32, 32632 }, // U+20BA
    { 20, 18, 325, 1, 18, 45, 32664 }, // U+20BB
    { 20, 18, 350, 1, 18, 45, 32709 }, // U+20BC
    { 14, 18, 240, 1, 18, 32, 32754 }, // U+20BD
    { 17, 19, 316, 1, 19, 41, 32786 }, // U+20BE
    { 11, 23, 229, 2, 20, 32, 32827 }, // U+20BF
    { 12, 19, 210, 1, 14, 29, 32859 }, // U+20C0
    { 13, 3, 232, 1, 10, 5, 32888 }, // U+2212
    { 21, 19, 309, 1, 19, 50, 32893 }, // U+FB00
    { 15, 19, 274, 1, 19, 36, 32943 }, // U+FB01
    { 15, 19, 277, 1, 19, 36, 32979 }, // U+FB02
    { 25, 19, 428, 1, 19, 60, 33015 }, // U+FB03
    { 25, 19, 432, 1, 19, 60, 33075 }, // U+FB04
    { 16, 19, 313, 2, 19, 38, 33135 }, // U+FB05
    { 21, 19, 372, 1, 19, 50, 33173 }, // U+FB06
    { 23, 24, 400, 1, 20, 69, 33223 }, // U+FFFD
};

static const EpdUnicodeInterval notosansui_12_boldIntervals[] = {
    { 0x0, 0x0, 0x0 },
    { 0xD, 0xD, 0x1 },
    { 0x20, 0x7E, 0x2 },
    { 0xA0, 0x17F, 0x61 },
    { 0x1A0, 0x1A1, 0x141 },
    { 0x1AF, 0x1B0, 0x143 },
    { 0x1C4, 0x21F, 0x145 },
    { 0x300, 0x36F, 0x1A1 },
    { 0x400, 0x4FF, 0x211 },
    { 0x5D0, 0x5EA, 0x311 },
    { 0x1EA0, 0x1EF9, 0x32C },
    { 0x2000, 0x2064, 0x386 },
    { 0x2066, 0x2071, 0x3EB },
    { 0x2074, 0x208E, 0x3F7 },
    { 0x2090, 0x209C, 0x412 },
    { 0x20A0, 0x20C0, 0x41F },
    { 0x2212, 0x2212, 0x440 },
    { 0xFB00, 0xFB06, 0x441 },
    { 0xFFFD, 0xFFFD, 0x448 },
};

static const uint16_t notosansui_12_boldKernLeftCodepoints[] = {
    0x0022, 0x0026, 0x0027, 0x0028, 0x002C, 0x002D, 0x002E, 0x003A, 0x0041, 0x0042, 0x0043, 0x0044,
    0x0045, 0x0046, 0x004B, 0x004C, 0x004F, 0x0050, 0x0051, 0x0052, 0x0054, 0x0055, 0x0056, 0x0057,
    0x0058, 0x0059, 0x005A, 0x005B, 0x005F, 0x0061, 0x0062, 0x0063, 0x0065, 0x0066, 0x0068, 0x006D,
    0x006E, 0x006F, 0x0070, 0x0072, 0x0074, 0x0076, 0x0077, 0x0078, 0x0079, 0x007B, 0x00A1, 0x00AB,
    0x00BB, 0x00BF, 0x00C0, 0x00C1, 0x00C2, 0x00C3, 0x00C4, 0x00C5, 0x00C6, 0x00C7, 0x00C8, 0x00C9,
    0x00CA, 0x00CB, 0x00D0, 0x00D2, 0x00D3, 0x00D4, 0x00D5, 0x00D6, 0x00D8, 0x00D9, 0x00DA, 0x00DB,
    0x00DC, 0x00DD, 0x00DE, 0x00E0, 0x00E1, 0x00E2, 0x00E3, 0x00E4, 0x00E5, 0x00E6, 0x00E8, 0x00E9,
    0x00EA, 0x00EB, 0x00EE, 0x00EF, 0x00F0, 0x00F2, 0x00F3, 0x00F4, 0x00F5, 0x00F6, 0x00F8, 0x00FD,
    0x00FE, 0x00FF, 0x0100, 0x0101, 0x0102, 0x0103, 0x0104, 0x0105, 0x0106, 0x0108, 0x010A, 0x010C,
    0x010E, 0x010F, 0x0110, 0x0112, 0x0113, 0x0114, 0x0115, 0x0116, 0x0117, 0x0118, 0x0119, 0x011A,
    0x011B, 0x0125, 0x0129, 0x012B, 0x012E, 0x0136, 0x0138, 0x0139, 0x013B, 0x013D, 0x013E, 0x013F,
    0x0141, 0x0144, 0x0146, 0x0149, 0x014B, 0x014C, 0x014D, 0x014E, 0x014F, 0x0150, 0x0151, 0x0152,
    0x0153, 0x0155, 0x0157, 0x0159, 0x0162, 0x0163, 0x0164, 0x0165, 0x0166, 0x0167, 0x0168, 0x016A,
    0x016C, 0x016E, 0x0170, 0x0172, 0x0174, 0x0175, 0x0176, 0x0177, 0x0178, 0x0179, 0x017B, 0x017D,
    0x01A0, 0x01A1, 0x01AF, 0x01B0, 0x01FA, 0x01FB, 0x01FC, 0x01FD, 0x01FE, 0x020B, 0x021A, 0x021B,
    0x0400, 0x0401, 0x0402, 0x0403, 0x0404, 0x0405, 0x0409, 0x040A, 0x040B, 0x040C, 0x040E, 0x0410,
    0x0411, 0x0412, 0x0413, 0x0414, 0x0415, 0x0416, 0x0417, 0x041A, 0x041E, 0x0420, 0x0421, 0x0422,
    0x0423, 0x0424, 0x0425, 0x0426, 0x0429, 0x042A, 0x042C, 0x042D, 0x042E, 0x0430, 0x0431, 0x0432,
    0x0433, 0x0434, 0x0435, 0x0436, 0x0437, 0x0438, 0x0439, 0x043A, 0x043B, 0x043C, 0x043D, 0x043E,
    0x043F, 0x0440, 0x0441, 0x0442, 0x0443, 0x0444, 0x0445, 0x0446, 0x0447, 0x0448, 0x0449, 0x044A,
    0x044B, 0x044C, 0x044D, 0x044E, 0x044F, 0x0450, 0x0451, 0x0452, 0x0453, 0x0454, 0x0455, 0x0457,
    0x0458, 0x0459, 0x045A, 0x045B, 0x045C, 0x045D, 0x045E, 0x045F, 0x0460, 0x0461, 0x0462, 0x0463,
    0x0464, 0x0465, 0x0466, 0x0467, 0x0468, 0x0469, 0x046E, 0x0471, 0x0472, 0x0473, 0x0474, 0x0475,
    0x0476, 0x0477, 0x0478, 0x0479, 0x047A, 0x047B, 0x047C, 0x047D, 0x047E, 0x047F, 0x0480, 0x048A,
    0x048B, 0x048C, 0x048D, 0x048E, 0x048F, 0x0490, 0x0491, 0x0492, 0x0493, 0x0496, 0x0497, 0x0498,
    0x0499, 0x049A, 0x049B, 0x049C, 0x049D, 0x049E, 0x049F, 0x04A0, 0x04A1, 0x04A2, 0x04A3, 0x04A4,
    0x04A5, 0x04A9, 0x04AA, 0x04AB, 0x04AC, 0x04AD, 0x04AE, 0x04AF, 0x04B0, 0x04B1, 0x04B2, 0x04B3,
    0x04B4, 0x04B5, 0x04B6, 0x04B7, 0x04BC, 0x04BD, 0x04BE, 0x04BF, 0x04C1, 0x04C2, 0x04C5, 0x04C6,
    0x04C9, 0x04CA, 0x04CD, 0x04CE, 0x04D0, 0x04D1, 0x04D2, 0x04D3, 0x04D4, 0x04D5, 0x04D6, 0x04D7,
    0x04D8, 0x04D9, 0x04DA, 0x04DB, 0x04DC, 0x04DD, 0x04DE, 0x04DF, 0x04E3, 0x04E5, 0x04E6, 0x04E7,
    0x04E8, 0x04E9, 0x04EA, 0x04EB, 0x04EC, 0x04ED, 0x04EE, 0x04EF, 0x04F0, 0x04F1, 0x04F2, 0x04F3,
    0x04F5, 0x04F6, 0x04F7, 0x04F9, 0x04FA, 0x04FB, 0x04FC, 0x04FD, 0x04FE, 0x04FF, 0x05D0, 0x05D1,
    0x05D2, 0x05D3, 0x05D5, 0x05D6, 0x05D8, 0x05D9, 0x05DB, 0x05DC, 0x05DE, 0x05E0, 0x05E1, 0x05E2,
    0x05E4, 0x05E6, 0x05E8, 0x05E9, 0x05EA, 0x1EA0, 0x1EA1, 0x1EA2, 0x1EA3, 0x1EA4, 0x1EA5, 0x1EA6,
    0x1EA7, 0x1EA8, 0x1EA9, 0x1EAA, 0x1EAB, 0x1EAC, 0x1EAD, 0x1EAE, 0x1EAF, 0x1EB0, 0x1EB1, 0x1EB2,
    0x1EB3, 0x1EB4, 0x1EB5, 0x1EB6, 0x1EB7, 0x1EB8, 0x1EB9, 0x1EBA, 0x1EBB, 0x1EBC, 0x1EBD, 0x1EBE,
    0x1EBF, 0x1EC0, 0x1EC1, 0x1EC2, 0x1EC3, 0x1EC4, 0x1EC5, 0x1EC6, 0x1EC7, 0x1ECC, 0x1ECD, 0x1ECE,
    0x1ECF, 0x1ED0, 0x1ED1, 0x1ED2, 0x1ED3, 0x1ED4, 0x1ED5, 0x1ED6, 0x1ED7, 0x1ED8, 0x1ED9, 0x1EDA,
    0x1EDB, 0x1EDC, 0x1EDD, 0x1EDE, 0x1EDF, 0x1EE0, 0x1EE1, 0x1EE2, 0x1EE3, 0x1EE4, 0x1EE6, 0x1EE8,
    0x1EE9, 0x1EEA, 0x1EEB, 0x1EEC, 0x1EED, 0x1EEE, 0x1EEF, 0x1EF0, 0x1EF1, 0x1EF2, 0x1EF3, 0x1EF4,
    0x1EF5, 0x1EF6, 0x1EF7, 0x1EF8, 0x1EF9, 0x2013, 0x2014, 0x2015, 0x2018, 0x2019, 0x201A, 0x201C,
    0x201D, 0x201E, 0x2039, 0x203A, 0xFB00,
};

static const uint8_t notosansui_12_boldKernLeftClassIds[] = {
      1,   2,   1,   3,   4,   5,   4,   6,   7,   8,   9,  10,  11,  12,   9,  13,
     10,  14,  10,  15,  16,  17,  18,  18,   9,  19,  20,   3,  21,  22,  23,  24,
     23,  25,  22,  22,  22,  23,  23,  26,  24,  27,  27,  28,  27,   3,  29,  30,
     31,  32,   7,   7,   7,   7,   7,   7,  11,   9,  11,  11,  11,  11,  10,  10,
     10,  10,  10,  10,  10,  17,  17,  17,  17,  19,  14,  22,  22,  22,  22,  22,
     22,  23,  23,  23,  23,  23,  33,  33,  23,  23,  23,  23,  23,  23,  23,  27,
     23,  27,   7,  22,   7,  22,  34,  22,   9,   9,   9,   9,  10,  35,  10,  11,
     23,  11,  23,  11,  23,  11,  23,  11,  23,  22,  36,  33,  37,   9,  28,  13,
     13,  13,  35,  13,  13,  22,  22,  22,  22,  10,  23,  10,  23,  10,  23,  11,
     23,  26,  26,  26,  16,  24,  16,  38,  16,  24,  17,  17,  17,  17,  17,  17,
     18,  27,  19,  27,  19,  20,  20,  20,  39,  40,  41,  42,   7,  22,  11,  23,
     10,  33,  16,  24,  43,  43,  44,  45,  46,  47,  48,  48,  44,  49,  50,  51,
     52,  53,  45,  54,  43,  49,  53,  49,  55,  56,  46,  45,  50,  57,  49,  54,
     54,  48,  48,  55,  55,  58,  59,  60,  61,  62,  63,  64,  60,  65,  65,  64,
     65,  65,  65,  63,  65,  63,  66,  61,  67,  63,  64,  62,  65,  65,  62,  68,
     65,  68,  63,  63,  65,  63,  63,  69,  70,  66,  71,  72,  73,  68,  68,  74,
     64,  65,  67,  65,  55,  75,  76,  68,  46,  66,  51,  77,  51,  77,  78,  63,
     55,  63,  50,  75,  50,  75,  67,  67,  55,  63,  55,  63,  55,  75,  46,  54,
     62,  76,  68,  56,  63,  79,  80,  81,  82,  83,  84,  78,  60,  83,  84,  49,
     64,  49,  64,  49,  64,  54,  62,  81,  80,  63,  46,  66,  79,  80,  85,  86,
     85,  86,  83,  84,  54,  62,  54,  62,  87,  88,  87,  88,  49,  64,  54,  62,
     54,  62,  54,  62,  51,  58,  51,  58,  43,  88,  43,  88,  55,  63,  55,  63,
     49,  64,  78,  60,  65,  65,  55,  63,  55,  63,  55,  63,  55,  63,  50,  67,
     50,  67,  50,  67,  65,  79,  80,  65,  81,  82,  83,  84,  49,  84,  89,  90,
     91,  92,  93,  94,  95,  96,  97,  98,  99, 100, 101, 102, 103, 104, 105, 106,
    107,   7,  22,   7,  22,   7,  22,   7,  22,   7,  22,   7,  22,   7,  22,   7,
     22,   7,  22,   7,  22,   7,  22,   7,  22,  11,  23,  11,  23,  11,  23,  11,
     23,  11,  23,  11,  23,  11,  23,  11,  23,  10,  23,  10,  23,  10,  23,  10,
     23,  10,  23,  10,  23,  10,  23,  39,  40,  39,  40,  39,  40,  39,  40,  39,
     40,  17,  17,  41,  42,  41,  42,  41,  42,  41,  42,  41,  42,  19,  27,  19,
     27,  19,  27,  19,  27,   5,   5,   5,   1,   1,   4,   1,   1,   4,  30,  31,
     25,
};

static const uint16_t notosansui_12_boldKernRightCodepoints[] = {
    0x0021, 0x0022, 0x0026, 0x0027, 0x0029, 0x002C, 0x002D, 0x002E, 0x003A, 0x003B, 0x003F, 0x0041,
    0x0043, 0x0047, 0x0049, 0x004A, 0x004F, 0x0051, 0x0054, 0x0055, 0x0056, 0x0057, 0x0058, 0x0059,
    0x005A, 0x005D, 0x0061, 0x0062, 0x0063, 0x0064, 0x0065, 0x0066, 0x0067, 0x0068, 0x006A, 0x006B,
    0x006C, 0x006D, 0x006E, 0x006F, 0x0070, 0x0071, 0x0072, 0x0073, 0x0074, 0x0075, 0x0076, 0x0077,
    0x0078, 0x0079, 0x007A, 0x007D, 0x00AB, 0x00BB, 0x00C0, 0x00C1, 0x00C2, 0x00C3, 0x00C4, 0x00C5,
    0x00C6, 0x00C7, 0x00D2, 0x00D3, 0x00D4, 0x00D5, 0x00D6, 0x00D8, 0x00D9, 0x00DA, 0x00DB, 0x00DC,
    0x00DD, 0x00E0, 0x00E1, 0x00E2, 0x00E3, 0x00E4, 0x00E5, 0x00E6, 0x00E7, 0x00E8, 0x00E9, 0x00EA,
    0x00EB, 0x00F2, 0x00F3, 0x00F4, 0x00F5, 0x00F6, 0x00F8, 0x00F9, 0x00FA, 0x00FB, 0x00FC, 0x00FD,
    0x00FE, 0x00FF, 0x0100, 0x0101, 0x0102, 0x0103, 0x0104, 0x0105, 0x0106, 0x0107, 0x0108, 0x0109,
    0x010A, 0x010B, 0x010C, 0x010D, 0x010F, 0x0111, 0x0113, 0x0115, 0x0117, 0x0119, 0x011B, 0x011C,
    0x011D, 0x011E, 0x011F, 0x0120, 0x0121, 0x0122, 0x0123, 0x0125, 0x0127, 0x0129, 0x0137, 0x0138,
    0x013A, 0x013C, 0x013E, 0x0140, 0x0144, 0x0146, 0x014B, 0x014C, 0x014D, 0x014E, 0x014F, 0x0150,
    0x0151, 0x0152, 0x0153, 0x0155, 0x0157, 0x015B, 0x015F, 0x0162, 0x0163, 0x0164, 0x0165, 0x0166,
    0x0167, 0x0168, 0x0169, 0x016A, 0x016B, 0x016C, 0x016D, 0x016E, 0x016F, 0x0170, 0x0171, 0x0172,
    0x0173, 0x0174, 0x0175, 0x0176, 0x0177, 0x0178, 0x0179, 0x017A, 0x017B, 0x017C, 0x017D, 0x017E,
    0x01A0, 0x01A1, 0x01AF, 0x01B0, 0x01FA, 0x01FB, 0x01FC, 0x01FD, 0x01FE, 0x01FF, 0x0219, 0x021A,
    0x021B, 0x0402, 0x0404, 0x0405, 0x0408, 0x0409, 0x040B, 0x040E, 0x0410, 0x0414, 0x0416, 0x0417,
    0x041B, 0x041E, 0x0421, 0x0422, 0x0423, 0x0424, 0x0425, 0x0427, 0x042A, 0x042D, 0x042F, 0x0430,
    0x0431, 0x0432, 0x0433, 0x0434, 0x0435, 0x0436, 0x0437, 0x0438, 0x0439, 0x043A, 0x043B, 0x043C,
    0x043D, 0x043E, 0x043F, 0x0440, 0x0441, 0x0442, 0x0443, 0x0444, 0x0445, 0x0446, 0x0447, 0x0448,
    0x0449, 0x044A, 0x044B, 0x044C, 0x044D, 0x044E, 0x044F, 0x0450, 0x0451, 0x0452, 0x0453, 0x0454,
    0x0455, 0x0457, 0x0458, 0x0459, 0x045A, 0x045B, 0x045C, 0x045D, 0x045E, 0x045F, 0x0460, 0x0461,
    0x0462, 0x0465, 0x0466, 0x0467, 0x0469, 0x046D, 0x046E, 0x0470, 0x0472, 0x0473, 0x0474, 0x0475,
    0x0476, 0x0477, 0x0478, 0x0479, 0x047A, 0x047B, 0x047C, 0x047D, 0x047E, 0x047F, 0x0480, 0x0481,
    0x048B, 0x048C, 0x048D, 0x048F, 0x0491, 0x0492, 0x0495, 0x0496, 0x0497, 0x0498, 0x0499, 0x049B,
    0x049D, 0x049F, 0x04A0, 0x04A1, 0x04A3, 0x04A5, 0x04A7, 0x04A8, 0x04A9, 0x04AA, 0x04AB, 0x04AC,
    0x04AD, 0x04AE, 0x04AF, 0x04B0, 0x04B1, 0x04B2, 0x04B3, 0x04B4, 0x04B5, 0x04B6, 0x04B7, 0x04B8,
    0x04B9, 0x04BB, 0x04BC, 0x04BD, 0x04BE, 0x04BF, 0x04C1, 0x04C2, 0x04C4, 0x04C5, 0x04C6, 0x04C8,
    0x04CA, 0x04CB, 0x04CC, 0x04CE, 0x04D0, 0x04D1, 0x04D2, 0x04D3, 0x04D4, 0x04D5, 0x04D7, 0x04D8,
    0x04D9, 0x04DA, 0x04DB, 0x04DC, 0x04DD, 0x04DE, 0x04DF, 0x04E3, 0x04E5, 0x04E6, 0x04E7, 0x04E8,
    0x04E9, 0x04EA, 0x04EB, 0x04EC, 0x04ED, 0x04EE, 0x04EF, 0x04F0, 0x04F1, 0x04F2, 0x04F3, 0x04F4,
    0x04F5, 0x04F7, 0x04F9, 0x04FA, 0x04FC, 0x04FD, 0x04FE, 0x04FF, 0x05D0, 0x05D1, 0x05D2, 0x05D3,
    0x05D4, 0x05D6, 0x05D7, 0x05D8, 0x05D9, 0x05DA, 0x05DB, 0x05DC, 0x05DD, 0x05DE, 0x05E1, 0x05E2,
    0x05E3, 0x05E4, 0x05E5, 0x05E7, 0x05E8, 0x05E9, 0x05EA, 0x1EA0, 0x1EA1, 0x1EA2, 0x1EA3, 0x1EA4,
    0x1EA5, 0x1EA6, 0x1EA7, 0x1EA8, 0x1EA9, 0x1EAA, 0x1EAB, 0x1EAC, 0x1EAD, 0x1EAE, 0x1EAF, 0x1EB0,
    0x1EB1, 0x1EB2, 0x1EB3, 0x1EB4, 0x1EB5, 0x1EB6, 0x1EB7, 0x1EB9, 0x1EBB, 0x1EBD, 0x1EBF, 0x1EC1,
    0x1EC3, 0x1EC5, 0x1EC7, 0x1ECC, 0x1ECD, 0x1ECE, 0x1ECF, 0x1ED0, 0x1ED1, 0x1ED2, 0x1ED3, 0x1ED4,
    0x1ED5, 0x1ED6, 0x1ED7, 0x1ED8, 0x1ED9, 0x1EDA, 0x1EDB, 0x1EDC, 0x1EDD, 0x1EDE, 0x1EDF, 0x1EE0,
    0x1EE1, 0x1EE2, 0x1EE3, 0x1EE4, 0x1EE5, 0x1EE6, 0x1EE7, 0x1EE8, 0x1EE9, 0x1EEA, 0x1EEB, 0x1EEC,
    0x1EED, 0x1EEE, 0x1EEF, 0x1EF0, 0x1EF1, 0x1EF2, 0x1EF4, 0x1EF5, 0x1EF6, 0x1EF7, 0x1EF8, 0x1EF9,
    0x2013, 0x2014, 0x2015, 0x2018, 0x2019, 0x201A, 0x201C, 0x201D, 0x201E, 0x2026, 0x2039, 0x203A,
    0xFB00, 0xFB01, 0xFB02, 0xFB03, 0xFB04,
};

static const uint8_t notosansui_12_boldKernRightClassIds[] = {
      1,   2,   3,   2,   4,   5,   6,   5,   7,   7,   8,   9,  10,  10,  11,  12,
     10,  10,  13,  14,  15,  15,  16,  17,  18,   4,  19,  20,  21,  21,  21,  22,
     23,  20,  24,  20,  20,  25,  25,  21,  25,  21,  25,  26,  22,  25,  27,  27,
     27,  27,  28,   4,  29,  30,   9,   9,   9,   9,   9,   9,  31,  10,  10,  10,
     10,  10,  10,  10,  14,  14,  14,  14,  17,  21,  19,  19,  19,  19,  19,  19,
     21,  21,  21,  21,  21,  21,  21,  21,  21,  21,  21,  25,  25,  25,  25,  27,
     20,  27,   9,  19,   9,  19,   9,  19,  10,  21,  10,  21,  10,  21,  10,  21,
     21,  21,  21,  21,  21,  21,  21,  10,  23,  10,  23,  10,  23,  10,  23,  20,
     32,  33,  20,  25,  20,  20,  20,  20,  25,  25,  25,  10,  21,  10,  21,  10,
     21,  10,  21,  25,  25,  26,  26,  13,  22,  13,  22,  13,  22,  14,  25,  14,
     25,  14,  25,  14,  25,  14,  25,  14,  25,  15,  27,  17,  27,  17,  18,  28,
     18,  28,  18,  28,  10,  21,  14,  25,   9,  19,  31,  19,  10,  21,  26,  13,
     22,  34,  35,  36,  37,  38,  34,  39,  40,  41,  42,  43,  38,  35,  35,  34,
     39,  44,  42,  45,  34,  43,  46,  47,  48,  49,  49,  50,  51,  52,  53,  49,
     49,  49,  54,  49,  49,  51,  49,  49,  51,  55,  56,  51,  52,  49,  57,  49,
     49,  55,  49,  49,  53,  49,  58,  51,  51,  59,  49,  51,  60,  61,  62,  54,
     49,  59,  49,  49,  56,  49,  63,  64,  65,  66,  40,  50,  66,  66,  43,  45,
     63,  47,  67,  64,  67,  64,  63,  47,  63,  47,  63,  47,  63,  64,  63,  47,
     66,  65,  59,  66,  66,  65,  66,  42,  52,  43,  53,  66,  66,  59,  68,  55,
     66,  66,  66,  63,  47,  63,  47,  34,  55,  69,  70,  69,  70,  42,  52,  68,
     55,  45,  57,  45,  57,  66,  71,  72,  71,  72,  42,  52,  66,  73,  50,  66,
     66,  45,  57,  66,  40,  74,  40,  74,  40,  74,  47,  75,  74,  75,  74,  42,
     52,  43,  53,  49,  49,  63,  47,  63,  47,  63,  47,  43,  53,  39,  56,  39,
     56,  39,  56,  45,  57,  66,  49,  65,  42,  52,  42,  52,  76,  77,  78,  79,
     80,  81,  82,  83,  84,  85,  86,  87,  88,  89,  90,  91,  92,  93,  94,  95,
     96,  97,  98,   9,  19,   9,  19,   9,  19,   9,  19,   9,  19,   9,  19,   9,
     19,   9,  19,   9,  19,   9,  19,   9,  19,   9,  19,  21,  21,  21,  21,  21,
     21,  21,  21,  10,  21,  10,  21,  10,  21,  10,  21,  10,  21,  10,  21,  10,
     21,  10,  21,  10,  21,  10,  21,  10,  21,  10,  21,  14,  25,  14,  25,  14,
     25,  14,  25,  14,  25,  14,  25,  14,  25,  17,  17,  27,  17,  27,  17,  27,
      6,   6,   6,  99,   2,   5,  99,   2,   5,   5,  29,  30,  22,  22,  22,  22,
     22,
};

static const uint16_t notosansui_12_boldKernRowOffsets[] = {
        0,    29,    32,    37,    54,    61,    66,    72,    73,    75,    82,    83,    87,    93,   100,   101,
      117,   119,   130,   143,   145,   146,   147,   150,   151,   154,   159,   162,   163,   167,   173,   182,
      186,   187,   193,   200,   202,   203,   208,   214,   217,   227,   230,   231,   244,   269,   275,   277,
      288,   303,   332,   351,   353,   357,   369,   385,   402,   420,   426,   438,   446,   457,   469,   481,
      493,   495,   499,   511,   529,   535,   549,   553,   557,   559,   564,   566,   573,   581,   584,   609,
      616,   632,   635,   640,   642,   654,   656,   659,   662,   668,   673,   680,   691,   697,   698,   707,
      718,   724,   734,   739,   742,   749,   751,   758,   765,   775,   782,   792,
};

static const uint8_t notosansui_12_boldKernSparseCols[] = {
      8,  12,  14,  16,  18,  20,  22,  24,  25,  30,  32,  33,  37,  38,  39,  40,
     41,  43,  46,  49,  52,  53,  54,  55,  58,  60,  67,  72,  73,  12,  14,  16,
     11,  23,  36,  43,  61,   9,  12,  13,  14,  16,  33,  36,  38,  43,  44,  54,
     56,  62,  66,  67,  68,  70,  12,  33,  38,  41,  51,  54,  67,  33,  41,  43,
     44,  56,   1,   9,  11,  12,  14,  16,   4,   9,  28,   4,   8,  12,  14,  15,
     16,  17,  11,   3,   4,   7,   8,   1,   9,  12,  13,  14,  16,   2,   4,   8,
     15,  17,  28,  30,  28,   2,   4,   5,   7,   8,   9,  12,  18,  20,  22,  24,
     25,  26,  27,  28,  29,   4,   8,   4,   7,   8,   9,  18,  20,  22,  24,  25,
     28,  29,   2,   4,   7,   8,   9,  18,  20,  22,  24,  25,  27,  28,  29,   9,
     28,  11,   1,   1,  26,  27,   1,   1,   3,   4,   1,   4,  18,  20,  22,   1,
      4,   7,  20,  11,  12,  14,  16,  12,  14,  16,  33,  39,  67,  12,  14,  15,
     16,  33,  38,  41,  44,  67,  11,  12,  14,  16,   3,   1,   9,  11,  12,  14,
     16,   0,   1,   3,   7,  19,  31,  98,   3,  32,  11,   0,   1,   3,   7,  98,
      8,  10,  12,  14,  15,  16,  19,  21,  26,   8,   9,  10,  12,  14,  15,  16,
     18,  20,  22,  19,  21,  26,  36,   1,  33,  38,  44,  54,  55,  56,  64,  66,
     67,  68,  69,  98,   1,   4,   5,   6,  29,  33,  34,  37,  39,  40,  43,  46,
     47,  48,  49,  50,  51,  52,  53,  54,  55,  56,  57,  59,  67,  28,  34,  43,
     56,  62,  70,   4,  43,   1,   4,  33,  38,  44,  51,  54,  55,  57,  67,  98,
      1,   5,   6,  28,  34,  43,  44,  46,  47,  50,  54,  55,  56,  62,  70,   1,
      4,   5,   6,  28,  29,  34,  35,  37,  39,  40,  43,  45,  46,  47,  48,  49,
     50,  51,  52,  53,  56,  57,  58,  59,  62,  70,  71,  72,   1,  29,  33,  34,
     36,  38,  43,  44,  50,  54,  55,  56,  64,  66,  67,  68,  70,  74,  98,  51,
     55,   3,  51,  56,  57,   4,  36,  37,  40,  43,  44,  49,  53,  54,  55,  56,
     61,   4,  33,  37,  38,  39,  40,  41,  42,  49,  51,  53,  57,  66,  67,  68,
     72,   4,   5,   6,  28,  29,  37,  38,  39,  40,  41,  43,  46,  49,  50,  53,
     57,  72,   1,   3,   4,   6,  33,  35,  37,  38,  39,  40,  41,  42,  45,  49,
     51,  53,  57,  67,   1,  33,  38,  51,  54,  55,   1,  33,  38,  39,  41,  45,
     49,  51,  54,  55,  56,  57,   3,  33,  38,  41,  45,  51,  54,  55,   1,   4,
      5,  37,  39,  40,  41,  49,  50,  53,  98,   1,   4,  33,  36,  37,  40,  44,
     49,  53,  54,  56,  61,   1,  33,  38,  39,  41,  45,  49,  51,  54,  55,  56,
     57,   5,  33,  34,  38,  43,  44,  46,  50,  56,  57,  71,  98,  33,  58,   1,
     33,  50,  57,   1,   4,  37,  39,  40,  41,  46,  49,  50,  53,  57,  98,   1,
      6,  33,  38,  39,  41,  43,  44,  45,  51,  54,  55,  56,  57,  63,  69,  71,
     98,   1,  33,  36,  54,  55,  61,   1,   4,   5,  37,  38,  39,  40,  41,  49,
     50,  53,  58,  60,  98,  33,  38,  45,  57,   1,  33,  58,  60,  36,  61,   1,
     33,  36,  54,  55,   4,  49,   1,  33,  44,  54,  66,  67,  68,   1,  46,  54,
     55,  56,  63,  69,  71,   4,  66,  68,   4,   5,  28,  29,  33,  34,  37,  39,
     40,  43,  46,  49,  51,  52,  54,  55,  56,  62,  63,  65,  69,  70,  71,  72,
     73,   4,   5,  39,  46,  49,  50,  53,   4,   5,  33,  39,  46,  49,  51,  52,
     56,  58,  62,  65,  67,  70,  71,  72,   4,  46,  49,  54,  56,  62,  70,  71,
     46,  56,   4,  39,  46,  49,  56,  58,  62,  65,  71,  72,  73,  74,   4,  49,
     33,  66,  68,   1,  51,  55,  83,  85,  86,  92,  94,  96,  78,  84,  89,  92,
     95,  76,  82,  83,  85,  86,  88,  92,  76,  79,  82,  84,  85,  87,  88,  89,
     91,  92,  95,  76,  82,  87,  89,  92,  95,  76,  78,  82,  84,  85,  91,  92,
     93,  94,  95,  76,  79,  81,  82,  85,  87,  88,  89,  92,  95,  97,  82,  85,
     88,  89,  91,  92,  76,  77,  82,  84,  85,  89,  91,  92,  96,  97,  85,  87,
     88,  89,  92,  82,  83,  85,  82,  84,  86,  89,  91,  92,  95,  82,  89,  84,
     85,  86,  89,  91,  92,  96,  75,  76,  78,  83,  87,  89,  92,  76,  82,  84,
     85,  88,  89,  91,  92,  95,  97,  76,  82,  85,  87,  89,  92,  95,  78,  80,
     83,  85,  86,  88,  89,  90,  92,  96,
};

static const int8_t notosansui_12_boldKernSparseValues[] = {
     -28,    8,    8,    4,  -16,  -24,  -12,  -12,  -12,  -32,   28,    8,  -12,    8,  -28,  -24,
       8,   -4,  -16,  -28,    8,  -20,   12,    8,   12,   12,    8,  -24,   -8,  -24,   -8,  -12,
      36,   16,   40,  -12,   24,  -20,  -28,   -8,  -24,  -24,  -20,   24,   -8,  -16,  -32,  -16,
     -24,  -20,  -24,  -28,  -24,  -24,  -16,  -16,   -8,   -4,   -4,   -8,  -16,   -5,   -2,   -2,
      -2,   -2,  -28,   -8,   20,  -28,  -16,  -24,   -4,   -8,   -8,  -16,   -8,  -12,   -4,   -8,
      -4,   -4,   24,    8,  -24,    8,   -8,  -32,   -8,   -8,   -4,   -8,  -12,   -4,  -52,  -20,
      -8,   -4,   -8,  -12,   -4,   -8,  -24,  -16,    8,  -28,   -8,    8,  -32,  -28,  -28,  -20,
     -24,   -8,  -16,  -24,  -12,   -8,   -4,  -20,    8,  -16,   -4,   -8,   -8,   -4,   -4,   -4,
     -12,   -4,  -12,  -24,    8,  -24,   -8,  -20,  -20,  -20,  -12,  -16,   -8,  -32,  -12,   -4,
      -8,   38,   -4,   -4,   -8,   -4,    8,   24,   16,   -8,   16,  -64,   -8,   -8,   -4,   16,
     -16,    8,   -8,   20,   -8,   -4,  -12,  -12,   -4,  -12,  -12,   -4,   -4,  -24,  -12,   -8,
     -32,  -24,   -8,   -8,   -8,  -16,   40,  -16,  -12,  -16,   20,  -28,   -8,   44,  -28,  -16,
     -24,   47,   42,   58,   53,   12,   28,   37,   20,   47,   20,   52,   54,   65,   56,   38,
      -8,    8,   24,   28,   20,   24,    8,   16,   20,  -12,   -4,    8,   28,   28,   20,   24,
     -12,   -8,   -8,    8,   20,   20,   20,  -28,  -20,   -8,  -12,   -8,   -8,   -8,   -8,  -16,
     -24,  -20,   -8,  -12,    8,  -20,  -16,  -12,  -12,    8,   -8,  -10,  -28,  -10,  -14,  -16,
      -8,  -12,  -16,  -16,   -4,   -4,  -12,   -4,   -3,  -12,  -16,   -8,    4,   -8,   -8,  -12,
      -8,   -8,   -8,   -8,   -4,  -36,   -4,  -24,   -8,  -12,   -8,   -8,   -8,   -8,  -12,  -24,
       8,   -4,   -4,   -8,   -8,  -16,   -4,   -4,   -8,   -8,   -4,   -4,   -8,   -8,  -20,    8,
     -28,   -8,   -4,  -20,   -8,  -16,   -8,  -31,  -48,  -42,  -12,  -14,  -20,  -16,   -4,  -38,
     -29,  -12,   -8,  -20,   -8,  -20,   20,  -12,   -4,   -8,  -12,  -20,  -28,   -4,  -28,   -8,
      20,   -7,  -14,  -24,   -4,  -12,   -8,  -12,   -8,  -16,  -20,  -24,  -20,   -4,  -16,   -4,
      -4,   -4,   -4,   -6,   -4,   12,   36,   12,   16,   -4,  -10,   12,   12,   -4,   12,   -8,
      28,  -16,   -8,   -4,  -16,   -8,   -4,   -8,   -4,   -4,   -6,   -4,   -4,   -4,   -4,   -4,
      -8,  -52,   -4,   -4,   -8,   -4,  -24,   -8,  -20,  -24,   -8,   -4,  -10,  -20,   -4,  -16,
      -4,  -24,   -4,   -5,  -16,   -4,  -14,   -4,   -8,  -12,  -14,  -12,  -16,  -12,   -4,  -10,
      -6,   -6,   -4,   -8,   -4,  -16,  -14,   -8,   -4,   -4,   -2,  -24,  -15,   -4,  -12,   -8,
      -4,   -8,   -4,  -12,   -4,   -4,   -2,  -12,   -4,   -4,   -4,   -8,   -4,   -4,   12,  -16,
      -8,   -8,  -12,  -12,   -4,  -16,   -4,  -12,   16,   -4,    8,  -12,   40,    8,   12,   -6,
       8,   10,   -6,  -12,   24,   -2,  -16,  -15,   -4,   -8,   -8,   -4,   -8,   -4,  -12,   -4,
      -4,   -4,   -4,   -6,   -4,   -6,   -4,   -8,   -8,   -8,   -4,   -8,   12,  -12,   -1,    8,
      -8,   -4,   -4,    8,  -16,   -8,   -8,  -12,   -4,   -4,  -20,  -12,  -20,  -12,   16,  -32,
      -4,  -24,   -8,   -4,   -4,   -4,  -28,   -8,   -8,  -24,  -18,  -16,   -8,   -8,  -12,   -8,
     -12,   -4,  -16,   32,  -12,  -20,    8,   12,  -16,   -8,   -8,   10,  -12,  -12,   -4,  -16,
      -4,  -12,   10,   10,   16,   -8,  -12,   -4,   -8,   12,    8,   17,    6,   12,    8,   -4,
     -16,   16,  -12,  -20,  -16,   -8,  -16,  -16,  -16,   -8,  -12,   -8,  -12,  -28,   -8,  -20,
     -12,  -12,   -8,   -8,   -8,  -16,   -4,   -4,  -24,  -16,  -24,  -12,    8,   -8,  -16,  -28,
     -20,  -12,  -28,  -24,   -8,   -8,  -16,  -16,  -20,   -8,   -8,  -20,  -16,  -20,  -28,  -20,
     -32,  -20,   -8,  -12,   -4,  -16,   -4,  -12,  -20,   -8,    8,  -24,  -16,  -20,   -8,   -8,
     -20,    8,   -8,  -12,    8,   -8,  -12,  -16,  -12,   -8,  -12,   -8,  -20,   -8,  -20,   -8,
      -4,   -4,  -24,  -24,  -20,  -20,  -16,    8,   -8,  -12,  -16,  -16,  -16,   -4,  -16,   -4,
      -8,   -4,   -4,   -4,   -8,   -4,   -8,   -4,   -1,   -8,   -4,   -8,   -2,   -3,  -10,  -10,
      -4,    3,   -3,  -10,   -2,   -5,   -6,   -4,  -16,   -8,   -3,  -20,  -13,   -4,   -2,  -10,
     -20,  -13,  -13,   -4,   -5,   -4,   -6,   -8,   -9,   -3,   -2,   -8,  -15,   -1,   -9,   -6,
      -3,   -3,   -2,  -24,   -8,   -6,   -6,   -6,  -12,   -6,   -6,   -8,   -8,   -8,   -3,   -2,
      -5,   -5,   -9,   -9,  -16,   -3,   -3,  -12,   -9,   -3,  -18,   -5,    3,   -1,   -8,   -2,
      -8,  -10,  -10,   -5,   -7,   -4,   -3,  -12,   -3,   -3,   -5,   -2,   -9,   -6,   -4,   -6,
      -8,   -6,   -6,  -14,   -3,   -6,   -2,   -4,   -3,   -8,   -4,  -10,   -9,  -16,   -8,  -12,
      -3,   -6,   -9,  -12,   -9,   -8,  -10,  -11,   -3,  -11,   -6,   -9,   -6,   -6,  -19,  -20,
      -7,   -3,   -3,  -15,  -16,  -16,   -4,   -8,
};

static const EpdLigaturePair notosansui_12_boldLigaturePairs[] = {
    { 0x00660066, 0xFB00 }, // f f -> U+FB00
    { 0x00660069, 0xFB01 }, // f i -> U+FB01
    { 0x0066006C, 0xFB02 }, // f l -> U+FB02
    { 0xFB000069, 0xFB03 }, // U+FB00 i -> U+FB03
    { 0xFB00006C, 0xFB04 }, // U+FB00 l -> U+FB04
};

static const EpdFontData notosansui_12_bold = {
    notosansui_12_boldBitmaps,
    notosansui_12_boldGlyphs,
    notosansui_12_boldIntervals,
    19,
    34,
    27,
    -8,
    false,
    nullptr,
    0,
    nullptr,
    nullptr,  // kernLeftClasses: built-in fonts use the split arrays below
    nullptr,  // kernRightClasses
    notosansui_12_boldKernLeftCodepoints,
    notosansui_12_boldKernLeftClassIds,
    notosansui_12_boldKernRightCodepoints,
    notosansui_12_boldKernRightClassIds,
    nullptr,  // kernMatrix: built-in fonts use the sparse form below
    notosansui_12_boldKernRowOffsets,
    notosansui_12_boldKernSparseCols,
    notosansui_12_boldKernSparseValues,
    497,
    497,
    107,
    99,
    notosansui_12_boldLigaturePairs,
    5,
};
