/**
 * generated by fontconvert.py
 * name: sfugoudy_12_bold
 * size: 12
 * mode: 1-bit
 * Command used: fontconvert.py sfugoudy_12_bold 12 ../builtinFonts/source/SFUGoudy/SFUGoudyMedium.ttf ../builtinFonts/source/NotoSansHebrew/NotoSansHebrew-UIBold.ttf --additional-intervals 0x05D0,0x05EA --force-autohint
 */
#pragma once
#include "EpdFontData.h"

static const uint8_t sfugoudy_12_boldBitmaps[13633] = {
    0x5F, 0xFF, 0xF6, 0xDB, 0x24, 0x00, 0xFF, 0x80, 0xFF, 0xFF, 0xFF, 0xFF, 0x70, 0x02, 0x00, 0x19,
    0x80, 0x66, 0x01, 0x98, 0x06, 0x60, 0x3B, 0x87, 0xFF, 0x8F, 0xFE, 0x0C, 0xC0, 0x33, 0x01, 0x98,
    0x06, 0x60, 0xFF, 0xF0, 0x66, 0x01, 0x98, 0x0C, 0xC0, 0x33, 0x00, 0xCC, 0x02, 0x30, 0x00, 0x02,
    0x00, 0x10, 0x07, 0xF8, 0x75, 0xE7, 0x27, 0x39, 0x19, 0xC8, 0x4F, 0x40, 0x7E, 0x01, 0xFC, 0x07,
    0xF8, 0x1F, 0xE0, 0x3F, 0x01, 0x3F, 0x09, 0xF8, 0x47, 0x62, 0x73, 0x13, 0x9F, 0xF8, 0x7F, 0x80,
    0x20, 0x01, 0x00, 0x7E, 0x06, 0x7F, 0x07, 0x39, 0xC7, 0x1C, 0xE3, 0x0E, 0x73, 0x87, 0x3B, 0x83,
    0x9D, 0x80, 0xFD, 0xC0, 0x7D, 0xC0, 0x00, 0xDF, 0x00, 0xEF, 0xC0, 0xEE, 0x70, 0x67, 0x38, 0x73,
    0x9C, 0x71, 0xCE, 0x30, 0xE7, 0x38, 0x3F, 0xB8, 0x1F, 0x80, 0x0F, 0xE0, 0x00, 0xE7, 0x00, 0x0E,
    0x1C, 0x00, 0x78, 0x60, 0x03, 0xC3, 0x00, 0x0F, 0x00, 0x00, 0x78, 0x00, 0x0F, 0xE3, 0xF0, 0x77,
    0x83, 0x07, 0x3E, 0x18, 0x38, 0xF8, 0xC1, 0xC3, 0xE6, 0x0E, 0x0F, 0xB0, 0x70, 0x3F, 0x03, 0xC0,
    0xFC, 0x0F, 0x01, 0xF0, 0x3E, 0x1F, 0xC0, 0x7F, 0x8F, 0xC0, 0xFF, 0xFF, 0x80, 0x7F, 0x39, 0xCE,
    0x73, 0x9C, 0xE7, 0x39, 0xCE, 0x73, 0x9C, 0xE7, 0x39, 0xC7, 0x1C, 0x70, 0xE1, 0xC7, 0x1C, 0x71,
    0xC7, 0x1C, 0x71, 0xC7, 0x1C, 0x71, 0xC7, 0x1C, 0x71, 0xCE, 0x79, 0x80, 0x6C, 0x7C, 0xFF, 0xFF,
    0xFF, 0x7C, 0x6C, 0x0C, 0x03, 0x00, 0xC0, 0x30, 0xFF, 0xFF, 0xF0, 0xC0, 0x30, 0x0C, 0x03, 0x00,
    0x77, 0x73, 0x36, 0x60, 0x7F, 0xFF, 0xFF, 0x80, 0x00, 0x30, 0x06, 0x00, 0xE0, 0x0C, 0x01, 0xC0,
    0x18, 0x03, 0x00, 0x30, 0x06, 0x00, 0xE0, 0x0C, 0x01, 0xC0, 0x18, 0x03, 0x00, 0x30, 0x06, 0x00,
    0xE0, 0x0C, 0x00, 0x1F, 0x83, 0x3C, 0x61, 0xE6, 0x0E, 0xE0, 0xEE, 0x0F, 0xE0, 0xFE, 0x07, 0xE0,
    0x7E, 0x07, 0xE0, 0x7F, 0x07, 0xF0, 0x7F, 0x07, 0x70, 0x67, 0x86, 0x3C, 0xC1, 0xF8, 0x00, 0x0E,
    0x1F, 0x1F, 0x81, 0xC0, 0xE0, 0x70, 0x38, 0x1C, 0x0E, 0x07, 0x03, 0x81, 0xC0, 0xE0, 0x70, 0x38,
    0x1C, 0x1E, 0x1F, 0xC0, 0x3F, 0x0F, 0xF3, 0x0F, 0x40, 0xE0, 0x1C, 0x03, 0x80, 0xE0, 0x1C, 0x03,
    0x00, 0xE0, 0x18, 0x06, 0x00, 0x80, 0x30, 0x0C, 0x1B, 0x07, 0x7F, 0xDF, 0xFB, 0x80, 0x00, 0x0E,
    0x07, 0xF1, 0xDF, 0x31, 0xE0, 0x1C, 0x07, 0x00, 0xE0, 0x38, 0x0F, 0x83, 0xF8, 0x07, 0x00, 0xF0,
    0x0E, 0x01, 0xC0, 0x38, 0x0E, 0x01, 0xD8, 0xF1, 0xFC, 0x00, 0x00, 0xC0, 0x1C, 0x01, 0xC0, 0x3C,
    0x07, 0xC0, 0xDC, 0x0D, 0xC1, 0x9C, 0x31, 0xC3, 0x1C, 0x61, 0xD7, 0xFF, 0xFF, 0xF0, 0x1C, 0x01,
    0xC0, 0x1C, 0x01, 0xC0, 0x1C, 0x01, 0x80, 0x3F, 0xC7, 0xF8, 0xFE, 0x18, 0x03, 0x00, 0x40, 0x08,
    0x03, 0xF8, 0x7F, 0xC0, 0xF8, 0x07, 0x80, 0xF0, 0x0E, 0x03, 0xC0, 0x70, 0x1E, 0x87, 0x9F, 0xC0,
    0x00, 0x00, 0x0E, 0x03, 0xC0, 0xF0, 0x1C, 0x03, 0xC0, 0x78, 0x07, 0x00, 0xFF, 0xCF, 0xFE, 0xE1,
    0xEE, 0x0F, 0xE0, 0xFE, 0x07, 0xE0, 0x7E, 0x0E, 0x70, 0xE3, 0x9C, 0x1F, 0x80, 0x7F, 0xFF, 0xFE,
    0x0F, 0x03, 0x80, 0x80, 0x60, 0x18, 0x0C, 0x03, 0x01, 0xC0, 0xE0, 0x38, 0x0E, 0x07, 0x81, 0xC0,
    0x70, 0x1C, 0x07, 0x00, 0x1F, 0x87, 0x9C, 0x70, 0xEE, 0x0E, 0xF0, 0xEF, 0x0C, 0x7D, 0xC7, 0xF0,
    0x1F, 0x87, 0xFE, 0x63, 0xEE, 0x0F, 0xE0, 0xFE, 0x07, 0xE0, 0x7F, 0x0E, 0x79, 0xC3, 0xF8, 0x3F,
    0x0E, 0x73, 0x87, 0x70, 0x7E, 0x0F, 0xC1, 0xF8, 0x3F, 0x07, 0xF0, 0xEF, 0x3C, 0xFF, 0x84, 0xE0,
    0x3C, 0x07, 0x01, 0xC0, 0x70, 0x3C, 0x0E, 0x00, 0x00, 0x00, 0xEE, 0xEE, 0x00, 0x0E, 0xEE, 0x73,
    0x9C, 0xE0, 0x00, 0x0E, 0x73, 0x8C, 0x66, 0x30, 0x00, 0x00, 0x20, 0x1C, 0x0F, 0x87, 0xE1, 0xF0,
    0xF8, 0x1F, 0x01, 0xF0, 0x0F, 0x80, 0x7C, 0x03, 0x80, 0x30, 0x3F, 0xFD, 0xFF, 0xE0, 0x00, 0x3F,
    0xFE, 0xFF, 0xF0, 0x80, 0x1C, 0x03, 0xE0, 0x3F, 0x01, 0xF0, 0x0F, 0x81, 0xF0, 0x7C, 0x3E, 0x1F,
    0x03, 0x80, 0x60, 0x00, 0x7C, 0xFD, 0x38, 0x70, 0xE1, 0xC7, 0x0C, 0x18, 0x60, 0xC1, 0x81, 0x00,
    0x00, 0x1C, 0x38, 0x70, 0x07, 0xF8, 0x0F, 0x07, 0x0E, 0x01, 0xC6, 0x3F, 0x66, 0x73, 0x9F, 0x31,
    0xCF, 0xB8, 0xE7, 0x98, 0x63, 0xCC, 0x31, 0xE6, 0x18, 0xF3, 0x1C, 0x7D, 0x8E, 0x6E, 0xEF, 0x73,
    0x3D, 0xE9, 0xC0, 0x04, 0x70, 0x0E, 0x1E, 0x1C, 0x03, 0xFC, 0x00, 0x00, 0x00, 0x00, 0x06, 0x00,
    0x00, 0x60, 0x00, 0x0F, 0x00, 0x00, 0xF0, 0x00, 0x1F, 0x80, 0x01, 0xF8, 0x00, 0x3B, 0x80, 0x03,
    0xBC, 0x00, 0x31, 0xC0, 0x07, 0x1E, 0x00, 0x61, 0xE0, 0x0F, 0xFF, 0x00, 0xC0, 0xF0, 0x18, 0x07,
    0x01, 0x80, 0x78, 0x18, 0x07, 0x83, 0x00, 0x3C, 0x7C, 0x0F, 0xE0, 0x00, 0x00, 0x7F, 0xF0, 0x78,
    0xF0, 0x70, 0xF0, 0xE1, 0xE1, 0xC1, 0xC3, 0x83, 0x87, 0x0E, 0x0E, 0x3C, 0x1F, 0xF0, 0x38, 0xF8,
    0x70, 0x78, 0xE0, 0x71, 0xC0, 0xE3, 0x81, 0xC7, 0x03, 0x8E, 0x0F, 0x3C, 0x3C, 0xFF, 0xE0, 0x00,
    0x00, 0x07, 0xF8, 0x0F, 0x0F, 0x8E, 0x01, 0xCE, 0x00, 0x67, 0x00, 0x17, 0x00, 0x0F, 0x80, 0x01,
    0xC0, 0x00, 0xE0, 0x00, 0x70, 0x00, 0x38, 0x00, 0x1C, 0x00, 0x0E, 0x00, 0x07, 0x80, 0x09, 0xE0,
    0x0C, 0x78, 0x0E, 0x1E, 0x1E, 0x07, 0xFC, 0x00, 0xFF, 0xFC, 0x07, 0x83, 0xC0, 0x70, 0x1C, 0x0E,
    0x01, 0xC1, 0xC0, 0x3C, 0x38, 0x03, 0x87, 0x00, 0x78, 0xE0, 0x0F, 0x1C, 0x00, 0xE3, 0x80, 0x1C,
    0x70, 0x03, 0x8E, 0x00, 0xE1, 0xC0, 0x1C, 0x38, 0x03, 0x07, 0x00, 0xE0, 0xE0, 0x38, 0x3E, 0x1E,
    0x0F, 0xFF, 0x00, 0x00, 0x00, 0x00, 0x7F, 0xFC, 0x78, 0x38, 0x70, 0x30, 0xE0, 0x61, 0xC0, 0x03,
    0x80, 0x07, 0x04, 0x0E, 0x18, 0x1F, 0xF0, 0x38, 0x60, 0x70, 0x40, 0xE0, 0x01, 0xC0, 0x03, 0x80,
    0x07, 0x00, 0x8E, 0x03, 0x1C, 0x1C, 0xFF, 0xF8, 0x00, 0x00, 0x7F, 0xFC, 0xF0, 0x31, 0xC0, 0xC7,
    0x01, 0x1C, 0x00, 0x70, 0x01, 0xC1, 0x07, 0x0C, 0x1F, 0xF0, 0x70, 0xC1, 0xC1, 0x87, 0x04, 0x1C,
    0x00, 0x70, 0x01, 0xC0, 0x07, 0x00, 0x3C, 0x01, 0xFC, 0x00, 0x07, 0xFC, 0x07, 0x87, 0xE3, 0xC0,
    0x79, 0xE0, 0x0E, 0x70, 0x01, 0xBC, 0x00, 0x2F, 0x00, 0x03, 0x80, 0x00, 0xE0, 0x00, 0x38, 0x03,
    0xFF, 0x00, 0x7B, 0xC0, 0x0E, 0xF0, 0x03, 0x9C, 0x00, 0xE7, 0x80, 0x38, 0xF0, 0x1E, 0x1E, 0x1F,
    0x01, 0xFF, 0x00, 0xFF, 0x0F, 0xE3, 0xC0, 0x3C, 0x1C, 0x03, 0x81, 0xC0, 0x38, 0x1C, 0x03, 0x81,
    0xC0, 0x38, 0x1C, 0x03, 0x81, 0xC0, 0x38, 0x1F, 0xFF, 0x81, 0xC0, 0x38, 0x1C, 0x03, 0x81, 0xC0,
    0x38, 0x1C, 0x03, 0x81, 0xC0, 0x38, 0x1C, 0x03, 0x81, 0xC0, 0x38, 0x3C, 0x03, 0xC7, 0xF0, 0xFF,
    0x7E, 0x1E, 0x07, 0x03, 0x81, 0xC0, 0xE0, 0x70, 0x38, 0x1C, 0x0E, 0x07, 0x03, 0x81, 0xC0, 0xE0,
    0x70, 0x38, 0x3C, 0x3F, 0x80, 0x00, 0x1F, 0x83, 0xC0, 0x70, 0x1C, 0x07, 0x01, 0xC0, 0x70, 0x1C,
    0x07, 0x01, 0xC0, 0x70, 0x1C, 0x07, 0x01, 0xC0, 0x70, 0x1C, 0x07, 0x01, 0xC0, 0x60, 0x18, 0x6E,
    0x1F, 0x07, 0x80, 0x7E, 0x1F, 0x8F, 0x03, 0x81, 0xC1, 0xC0, 0x70, 0xE0, 0x1C, 0x70, 0x07, 0x38,
    0x01, 0xDC, 0x00, 0x7E, 0x00, 0x1F, 0x80, 0x07, 0xF0, 0x01, 0xFE, 0x00, 0x77, 0xC0, 0x1C, 0xF0,
    0x07, 0x1E, 0x01, 0xC7, 0xC0, 0x70, 0xF8, 0x3C, 0x1F, 0x1F, 0xC3, 0xF0, 0x00, 0x00, 0x7F, 0x00,
    0x78, 0x00, 0x70, 0x00, 0xE0, 0x01, 0xC0, 0x03, 0x80, 0x07, 0x00, 0x0E, 0x00, 0x1C, 0x00, 0x38,
    0x00, 0x70, 0x00, 0xE0, 0x01, 0xC0, 0x03, 0x80, 0x07, 0x01, 0x8E, 0x07, 0x3F, 0xFC, 0xFF, 0xF0,
    0x00, 0x00, 0x03, 0xE0, 0x01, 0xE3, 0xC0, 0x0F, 0x0F, 0x00, 0x38, 0x3E, 0x01, 0xE0, 0xF8, 0x07,
    0x83, 0xF0, 0x3E, 0x0F, 0xC0, 0xF8, 0x37, 0x83, 0xE0, 0xDE, 0x1B, 0x83, 0x3C, 0x6E, 0x0C, 0xF3,
    0x38, 0x31, 0xEC, 0xE0, 0xC7, 0xE3, 0x83, 0x0F, 0x8E, 0x0C, 0x3E, 0x38, 0x30, 0x70, 0xE0, 0xE1,
    0xC3, 0xC7, 0xC6, 0x1F, 0xC0, 0x00, 0x00, 0x07, 0xC0, 0x3F, 0x3E, 0x00, 0xE1, 0xF0, 0x0C, 0x1F,
    0x80, 0xC1, 0xFC, 0x0C, 0x1B, 0xC0, 0xC1, 0xBE, 0x0C, 0x19, 0xF0, 0xC1, 0x8F, 0x8C, 0x18, 0x7C,
    0xC1, 0x83, 0xEC, 0x18, 0x1F, 0xC1, 0x80, 0xFC, 0x18, 0x07, 0xC1, 0x80, 0x3C, 0x18, 0x03, 0xC1,
    0xC0, 0x1C, 0x3F, 0x00, 0xC0, 0x00, 0x04, 0x07, 0xF8, 0x03, 0x83, 0xC0, 0xE0, 0x3C, 0x38, 0x03,
    0xC6, 0x00, 0x3D, 0xC0, 0x03, 0xB8, 0x00, 0x7F, 0x00, 0x0F, 0xE0, 0x00, 0xFC, 0x00, 0x1F, 0x80,
    0x03, 0xF0, 0x00, 0xEE, 0x00, 0x1C, 0xE0, 0x03, 0x9E, 0x00, 0xE1, 0xE0, 0x18, 0x1F, 0x0E, 0x00,
    0xFF, 0x00, 0x7F, 0xE0, 0xF1, 0xE1, 0xC3, 0x87, 0x0F, 0x1C, 0x1C, 0x70, 0x71, 0xC3, 0x87, 0x0E,
    0x1C, 0xF0, 0x7F, 0x81, 0xC0, 0x07, 0x00, 0x1C, 0x00, 0x70, 0x01, 0xC0, 0x07, 0x00, 0x3C, 0x01,
    0xFC, 0x00, 0x07, 0xF8, 0x01, 0xC3, 0xE0, 0x30, 0x0F, 0x07, 0x00, 0x78, 0x60, 0x07, 0xCE, 0x00,
    0x3C, 0xE0, 0x03, 0xEE, 0x00, 0x3E, 0xE0, 0x01, 0xEE, 0x00, 0x1E, 0xE0, 0x01, 0xEE, 0x00, 0x3C,
    0xE0, 0x03, 0xC7, 0x00, 0x3C, 0x78, 0x07, 0x83, 0xC0, 0xF0, 0x1F, 0x3E, 0x03, 0xFF, 0x80, 0x37,
    0xF0, 0x06, 0x1F, 0xC0, 0x60, 0x7F, 0x60, 0x01, 0xFE, 0x00, 0x0F, 0xC0, 0x7F, 0xE0, 0x0F, 0x3E,
    0x01, 0xC3, 0x80, 0x70, 0xF0, 0x1C, 0x3C, 0x07, 0x07, 0x01, 0xC3, 0x80, 0x70, 0xE0, 0x1C, 0xF0,
    0x07, 0xF8, 0x01, 0xCF, 0x00, 0x73, 0xC0, 0x1C, 0x78, 0x07, 0x0E, 0x01, 0xC3, 0xC0, 0x70, 0x78,
    0x3C, 0x1F, 0x1F, 0xC3, 0xE0, 0x00, 0x30, 0x1F, 0xE1, 0xC7, 0x18, 0x1C, 0xC0, 0x66, 0x03, 0x38,
    0x01, 0xF0, 0x0F, 0xF0, 0x3F, 0xE0, 0x7F, 0x80, 0xFC, 0x01, 0xF8, 0x07, 0xE0, 0x1F, 0x01, 0xCC,
    0x0E, 0x78, 0xE3, 0xFC, 0x00, 0x00, 0x1F, 0x7F, 0xFF, 0xB0, 0x70, 0xD8, 0x38, 0x28, 0x1C, 0x10,
    0x0E, 0x00, 0x07, 0x00, 0x03, 0x80, 0x01, 0xC0, 0x00, 0xE0, 0x00, 0x70, 0x00, 0x38, 0x00, 0x1C,
    0x00, 0x0E, 0x00, 0x07, 0x00, 0x03, 0x80, 0x01, 0xC0, 0x01, 0xE0, 0x01, 0xFC, 0x00, 0xFF, 0x03,
    0xF3, 0xC0, 0x0E, 0x1C, 0x00, 0xC1, 0xC0, 0x0C, 0x1C, 0x00, 0xC1, 0xC0, 0x0C, 0x1C, 0x00, 0xC1,
    0xC0, 0x0C, 0x1C, 0x00, 0xC1, 0xC0, 0x0C, 0x1C, 0x00, 0xC1, 0xC0, 0x0C, 0x1C, 0x00, 0xC1, 0xC0,
    0x0C, 0x1E, 0x00, 0xC0, 0xE0, 0x18, 0x07, 0x87, 0x00, 0x3F, 0xE0, 0x00, 0x00, 0x07, 0xE0, 0x3E,
    0x3C, 0x00, 0xC1, 0xC0, 0x18, 0x1E, 0x01, 0x81, 0xE0, 0x18, 0x0F, 0x03, 0x00, 0xF0, 0x30, 0x07,
    0x06, 0x00, 0x78, 0x60, 0x03, 0x8C, 0x00, 0x3C, 0xC0, 0x01, 0xCC, 0x00, 0x1D, 0x80, 0x01, 0xF8,
    0x00, 0x0F, 0x00, 0x00, 0xF0, 0x00, 0x06, 0x00, 0x00, 0x60, 0x00, 0x00, 0x00, 0x00, 0x00, 0x00,
    0x3F, 0xFF, 0xF3, 0xE7, 0x87, 0x98, 0x30, 0xF1, 0xEC, 0x1C, 0x3C, 0x7B, 0x06, 0x07, 0x0F, 0xC1,
    0x81, 0xE3, 0xE0, 0xC0, 0x38, 0x78, 0x30, 0x0F, 0x1E, 0x18, 0x03, 0xC3, 0x86, 0x00, 0x79, 0xF1,
    0x80, 0x1E, 0x7C, 0xC0, 0x03, 0x9F, 0x30, 0x00, 0xFD, 0xF8, 0x00, 0x3F, 0x3E, 0x00, 0x07, 0x8F,
    0x00, 0x01, 0xE3, 0xC0, 0x00, 0x30, 0x70, 0x00, 0x0C, 0x18, 0x00, 0xFE, 0x0F, 0x8F, 0x01, 0xC3,
    0xE0, 0xE0, 0x78, 0x30, 0x0F, 0x18, 0x01, 0xEC, 0x00, 0x7F, 0x00, 0x0F, 0x80, 0x01, 0xE0, 0x00,
    0x78, 0x00, 0x3F, 0x00, 0x0D, 0xE0, 0x06, 0x78, 0x03, 0x0F, 0x01, 0xC3, 0xE0, 0x60, 0x78, 0x30,
    0x0F, 0x3F, 0x07, 0xF0, 0x00, 0x00, 0x00, 0x00, 0x1F, 0xC3, 0xE3, 0xE0, 0x30, 0x78, 0x18, 0x0F,
    0x06, 0x03, 0xC3, 0x00, 0x79, 0x80, 0x0E, 0x60, 0x03, 0xF0, 0x00, 0x7C, 0x00, 0x1E, 0x00, 0x03,
    0x80, 0x00, 0xE0, 0x00, 0x38, 0x00, 0x0E, 0x00, 0x03, 0x80, 0x00, 0xE0, 0x00, 0x78, 0x00, 0x3F,
    0x80, 0x00, 0x00, 0x00, 0x79, 0xFF, 0xE6, 0x07, 0x10, 0x3C, 0x41, 0xE0, 0x07, 0x80, 0x3C, 0x00,
    0xF0, 0x07, 0x80, 0x1E, 0x00, 0xF0, 0x03, 0xC0, 0x1E, 0x00, 0x78, 0x03, 0xC0, 0x0F, 0x00, 0x78,
    0x09, 0xE0, 0x6F, 0xFF, 0x80, 0x07, 0xB9, 0xCE, 0x73, 0x9C, 0xE7, 0x39, 0xCE, 0x73, 0x9C, 0xE7,
    0x39, 0xCE, 0x78, 0xE3, 0x8E, 0x38, 0x61, 0x87, 0x1C, 0x71, 0xC3, 0x0C, 0x38, 0xE3, 0x86, 0x18,
    0x70, 0x07, 0xCE, 0x73, 0x9C, 0xE7, 0x39, 0xCE, 0x73, 0x9C, 0xE7, 0x39, 0xCE, 0x73, 0xFF, 0xC0,
    0x00, 0x00, 0x30, 0x01, 0xC0, 0x1E, 0x01, 0xF8, 0x0F, 0xC0, 0xE7, 0x07, 0x18, 0x70, 0xE3, 0x83,
    0xB8, 0x1C, 0xFF, 0xC0, 0x47, 0x1C, 0x70, 0x00, 0x3F, 0x0C, 0xF3, 0x8E, 0x71, 0xC0, 0x78, 0x7F,
    0x3C, 0xE7, 0x1C, 0xE3, 0x9C, 0xF3, 0xFF, 0x80, 0x00, 0x01, 0xC0, 0x3E, 0x00, 0xF0, 0x03, 0x80,
    0x1C, 0x00, 0xE0, 0x07, 0x00, 0x38, 0x01, 0xFF, 0x0F, 0x3C, 0x70, 0xE3, 0x87, 0x9C, 0x3C, 0xE0,
    0xE7, 0x07, 0x38, 0x71, 0xC3, 0x8F, 0x38, 0xDF, 0x80, 0x00, 0x00, 0x06, 0x0F, 0xE7, 0x39, 0x84,
    0xE0, 0x38, 0x0E, 0x03, 0x80, 0xE0, 0x3C, 0x07, 0xF8, 0xFC, 0x00, 0x00, 0x01, 0xC0, 0x1F, 0x00,
    0x3C, 0x00, 0x70, 0x01, 0xC0, 0x07, 0x00, 0x1C, 0x00, 0x70, 0x7F, 0xC3, 0x8F, 0x1C, 0x3C, 0x70,
    0x73, 0x81, 0xCE, 0x07, 0x3C, 0x1C, 0x70, 0x71, 0xC3, 0xC3, 0xFF, 0x87, 0xDE, 0x3F, 0x1C, 0xEE,
    0x1F, 0xFF, 0xE0, 0x38, 0x0E, 0x03, 0x80, 0xF0, 0x1E, 0x33, 0xF8, 0x03, 0x83, 0xE1, 0xD8, 0x60,
    0x38, 0x0E, 0x03, 0x80, 0xE0, 0x39, 0x3F, 0xC3, 0x80, 0xE0, 0x38, 0x0E, 0x03, 0x80, 0xE0, 0x38,
    0x0E, 0x07, 0xC0, 0x00, 0x00, 0x47, 0xFB, 0x9F, 0x71, 0xCE, 0x39, 0xC7, 0x38, 0xE7, 0xB8, 0x7E,
    0x0C, 0x03, 0xF8, 0x3F, 0xE7, 0xFD, 0xC3, 0xB0, 0x37, 0x0E, 0xFF, 0x83, 0x80, 0x00, 0x00, 0xE0,
    0x0F, 0x80, 0x1E, 0x00, 0x38, 0x00, 0xE0, 0x03, 0x80, 0x0E, 0x00, 0x38, 0x00, 0xFF, 0x83, 0xCF,
    0x0E, 0x1C, 0x38, 0x70, 0xE1, 0xC3, 0x87, 0x0E, 0x1C, 0x38, 0x70, 0xE1, 0xC3, 0x87, 0x1F, 0x3F,
    0x70, 0xF1, 0xE3, 0x80, 0x00, 0x02, 0x3C, 0xF8, 0x70, 0xE1, 0xC3, 0x87, 0x0E, 0x1C, 0x38, 0xF8,
    0x18, 0xF3, 0xC6, 0x00, 0x00, 0x4F, 0x7C, 0x71, 0xC7, 0x1C, 0x71, 0xC7, 0x1C, 0x71, 0xC7, 0xDB,
    0xEF, 0x00, 0x08, 0x03, 0xC0, 0x3E, 0x00, 0x70, 0x03, 0x80, 0x1C, 0x00, 0xE0, 0x07, 0x00, 0x38,
    0x01, 0xCF, 0x8E, 0x38, 0x73, 0x03, 0xB0, 0x1F, 0x80, 0xFC, 0x07, 0xF0, 0x3B, 0xC1, 0xCF, 0x0E,
    0x78, 0xF9, 0xF0, 0x00, 0x73, 0xE3, 0xC3, 0x87, 0x0E, 0x1C, 0x38, 0x70, 0xE1, 0xC3, 0x87, 0x0E,
    0x1C, 0x38, 0x70, 0xE3, 0xE0, 0x00, 0x00, 0x0F, 0xFF, 0xF0, 0xF9, 0xF3, 0x83, 0x8E, 0x3C, 0x38,
    0xE1, 0xC3, 0x8E, 0x1C, 0x38, 0xE1, 0xC3, 0x8E, 0x1C, 0x38, 0xE1, 0xC3, 0x8E, 0x1C, 0x38, 0xE1,
    0xC7, 0xDF, 0xBE, 0x00, 0x03, 0xFF, 0x87, 0xCF, 0x0E, 0x1C, 0x38, 0x70, 0xE1, 0xC3, 0x87, 0x0E,
    0x1C, 0x38, 0x70, 0xE1, 0xC3, 0x87, 0x9F, 0x3F, 0x1F, 0x87, 0x1C, 0x60, 0xEE, 0x0F, 0xE0, 0xFE,
    0x07, 0xE0, 0x7E, 0x06, 0xF0, 0xE7, 0x9C, 0x3F, 0x80, 0x00, 0x07, 0xFF, 0x3F, 0x3C, 0x70, 0xE3,
    0x87, 0x9C, 0x1C, 0xE0, 0xE7, 0x07, 0x38, 0x71, 0xC3, 0x8F, 0x38, 0x7F, 0x83, 0x80, 0x1C, 0x00,
    0xE0, 0x07, 0x00, 0x7C, 0x00, 0x00, 0x00, 0x7E, 0xC3, 0x9F, 0x1C, 0x3C, 0x70, 0x73, 0x81, 0xCE,
    0x07, 0x3C, 0x1C, 0x70, 0x71, 0xC3, 0xC7, 0xFF, 0x07, 0xDC, 0x00, 0x70, 0x01, 0xC0, 0x07, 0x00,
    0x1C, 0x00, 0xF8, 0x00, 0x1F, 0xFF, 0xEF, 0xF3, 0x81, 0xC0, 0xE0, 0x70, 0x38, 0x1C, 0x0E, 0x0F,
    0x80, 0x7D, 0x8F, 0x1F, 0x8F, 0x8F, 0xC7, 0xC3, 0x87, 0x8F, 0xF0, 0x18, 0x0C, 0x1E, 0x1F, 0xE3,
    0x81, 0xC0, 0xE0, 0x70, 0x38, 0x1C, 0x0E, 0x07, 0x03, 0x90, 0xF8, 0x00, 0x00, 0xE1, 0xCF, 0x9F,
    0x1E, 0x3C, 0x38, 0x70, 0xE1, 0xC3, 0x87, 0x0E, 0x1C, 0x38, 0x70, 0xE3, 0xC3, 0xCF, 0x87, 0xFF,
    0x00, 0x00, 0x00, 0x07, 0xE7, 0xDE, 0x0C, 0x70, 0xC3, 0xC6, 0x0E, 0x60, 0x7B, 0x01, 0xF0, 0x0F,
    0x80, 0x38, 0x01, 0xC0, 0x04, 0x00, 0x00, 0x00, 0x3E, 0x7C, 0xF7, 0x1E, 0x19, 0xE3, 0x84, 0x38,
    0xE3, 0x0E, 0x3C, 0x81, 0xDF, 0x60, 0x75, 0xF8, 0x1F, 0x3C, 0x03, 0x8F, 0x00, 0xE1, 0x80, 0x10,
    0x60, 0x7C, 0xF1, 0xE3, 0x07, 0xB0, 0x3F, 0x00, 0xF0, 0x03, 0xC0, 0x3E, 0x03, 0x38, 0x19, 0xE1,
    0x87, 0xBE, 0x7E, 0x00, 0x00, 0x00, 0x07, 0xCF, 0x38, 0x63, 0x86, 0x3C, 0x41, 0xCC, 0x1E, 0xC0,
    0xE8, 0x0F, 0x80, 0x78, 0x07, 0x00, 0x70, 0x02, 0x00, 0x60, 0x06, 0x00, 0xC0, 0x1C, 0x00, 0x7F,
    0xBF, 0xEE, 0x32, 0x18, 0x0C, 0x03, 0x01, 0x80, 0xC2, 0x71, 0x9F, 0xEF, 0xF8, 0x3E, 0x70, 0xE1,
    0xC3, 0x87, 0x0E, 0x1C, 0x38, 0x71, 0xE3, 0x87, 0x87, 0x0E, 0x1C, 0x38, 0x70, 0xE1, 0xC3, 0x87,
    0x0F, 0x80, 0xFF, 0xFF, 0xFF, 0xFF, 0xFF, 0xFF, 0xFC, 0xF8, 0x3C, 0x1C, 0x1C, 0x1C, 0x1C, 0x1C,
    0x1C, 0x1C, 0x1C, 0x1C, 0x0E, 0x1C, 0x1C, 0x1C, 0x1C, 0x1C, 0x1C, 0x1C, 0x1C, 0x1C, 0x3C, 0xF8,
    0xFD, 0xFF, 0xF7, 0xE0, 0x00, 0xF0, 0x07, 0xF8, 0x1E, 0x78, 0x78, 0x60, 0xE0, 0xC3, 0xC1, 0x87,
    0x80, 0x3F, 0xF0, 0x7F, 0xC0, 0x78, 0x03, 0xFE, 0x07, 0xF8, 0x83, 0x81, 0x87, 0x07, 0x0F, 0x0C,
    0x0E, 0x38, 0x1F, 0xF0, 0x1F, 0xC0, 0xFF, 0x80, 0x93, 0x6D, 0xBF, 0xFF, 0xFC, 0x04, 0x01, 0x01,
    0xF9, 0xDF, 0x65, 0xB9, 0x0E, 0x43, 0x90, 0xE4, 0x39, 0x0F, 0x41, 0xFF, 0x3F, 0x81, 0x00, 0x40,
    0x01, 0xF8, 0x07, 0x30, 0x0C, 0x20, 0x38, 0x60, 0x70, 0xC0, 0xE0, 0x03, 0xC0, 0x07, 0x80, 0x0E,
    0x00, 0x7F, 0xC0, 0x38, 0x00, 0x70, 0x00, 0xE0, 0x01, 0xC0, 0x07, 0x01, 0x8E, 0x06, 0x3F, 0x3C,
    0xFF, 0xF0, 0xC1, 0xFF, 0xDD, 0xCC, 0x64, 0x13, 0x19, 0xDD, 0xFF, 0xC1, 0x80, 0x00, 0x00, 0x7F,
    0x0F, 0x8F, 0x01, 0x83, 0xC0, 0xC1, 0xE0, 0xC0, 0x78, 0xC0, 0x3C, 0x60, 0x0F, 0x60, 0x03, 0xF0,
    0x1F, 0xFF, 0x00, 0x70, 0x07, 0xFF, 0xC0, 0x1C, 0x00, 0x0E, 0x00, 0x07, 0x00, 0x03, 0x80, 0x01,
    0xC0, 0x00, 0xF0, 0x01, 0xFE, 0x00, 0x00, 0x00, 0x0F, 0xC0, 0xFF, 0x8E, 0x1C, 0x70, 0xC3, 0x80,
    0x1E, 0x00, 0xF8, 0x03, 0xF0, 0x37, 0xE3, 0x1F, 0x98, 0x3E, 0xE0, 0x77, 0x83, 0x9F, 0x0C, 0x7E,
    0xC1, 0xFC, 0x07, 0xC0, 0x0F, 0x00, 0x38, 0xC1, 0xCE, 0x0E, 0x78, 0xE1, 0xFE, 0x00, 0xEF, 0xDF,
    0xB8, 0x03, 0xFC, 0x01, 0xE1, 0xC0, 0x70, 0x0E, 0x1C, 0x7C, 0xC3, 0x3F, 0xCC, 0xC7, 0x38, 0xD9,
    0xC0, 0x1B, 0x30, 0x03, 0x46, 0x00, 0x78, 0xC0, 0x0D, 0x18, 0x01, 0xB3, 0x80, 0x36, 0x39, 0xC6,
    0x67, 0xF9, 0x8C, 0x3E, 0x70, 0xC0, 0x1C, 0x0E, 0x07, 0x00, 0x7F, 0x80, 0x00, 0x00, 0x00, 0x19,
    0x3F, 0xDF, 0xFC, 0x7E, 0x3E, 0x1F, 0x8F, 0xC7, 0x7F, 0x9F, 0xC0, 0x1F, 0xFF, 0xF0, 0x00, 0x09,
    0x1B, 0x3F, 0x7E, 0xFC, 0xFC, 0x7E, 0x3F, 0x1B, 0x09, 0xFF, 0xFF, 0xFF, 0xC0, 0x06, 0x00, 0x30,
    0x01, 0x80, 0x0C, 0x7E, 0xFE, 0xFE, 0x07, 0xF8, 0x03, 0xFF, 0xC0, 0xFC, 0x7C, 0x3F, 0xC3, 0xC7,
    0x7F, 0x39, 0xCF, 0xF3, 0xB9, 0xDE, 0x77, 0x3B, 0xCE, 0xE7, 0xF8, 0xFC, 0xFE, 0x1F, 0x9F, 0xC7,
    0x73, 0xBC, 0xEE, 0x77, 0x9C, 0xEE, 0x7F, 0x1E, 0x01, 0xE1, 0xF8, 0xF8, 0x1F, 0xFE, 0x00, 0xFF,
    0x00, 0x7F, 0x3F, 0x00, 0x7D, 0xDF, 0x1C, 0x1C, 0x7D, 0xDF, 0x00, 0x08, 0x73, 0x9C, 0x40, 0x1F,
    0xFC, 0xFF, 0xE6, 0x1B, 0x18, 0x6C, 0x41, 0xB3, 0x06, 0xC6, 0x1B, 0x18, 0x6C, 0x39, 0xB0, 0x7E,
    0xC0, 0x7B, 0x00, 0x6C, 0x01, 0xB0, 0x06, 0xC0, 0x1B, 0x00, 0x6C, 0x01, 0xB0, 0x06, 0xC0, 0xFF,
    0xFF, 0x38, 0xF3, 0xDC, 0x40, 0x18, 0x3F, 0x1F, 0xDC, 0x6E, 0x3E, 0x1F, 0x8F, 0xC6, 0x7F, 0x1F,
    0x00, 0x1F, 0xFF, 0xF0, 0x00, 0x90, 0xD8, 0xFC, 0x7E, 0x3F, 0x7F, 0x7E, 0xFC, 0xD8, 0x90, 0x18,
    0x78, 0x60, 0x00, 0x00, 0x06, 0x0C, 0x18, 0x30, 0x61, 0xC7, 0x0E, 0x38, 0x70, 0xF2, 0xF8, 0x01,
    0x00, 0x00, 0x3C, 0x00, 0x00, 0xE0, 0x00, 0x06, 0x00, 0x00, 0x00, 0x00, 0x06, 0x00, 0x00, 0x60,
    0x00, 0x0F, 0x00, 0x00, 0xF0, 0x00, 0x1F, 0x80, 0x01, 0xF8, 0x00, 0x3B, 0x80, 0x03, 0xBC, 0x00,
    0x31, 0xC0, 0x07, 0x1E, 0x00, 0x61, 0xE0, 0x0F, 0xFF, 0x00, 0xC0, 0xF0, 0x18, 0x07, 0x01, 0x80,
    0x78, 0x18, 0x07, 0x83, 0x00, 0x3C, 0x7C, 0x0F, 0xE0, 0x00, 0x00, 0x00, 0x0C, 0x00, 0x01, 0xC0,
    0x00, 0x38, 0x00, 0x02, 0x00, 0x00, 0x00, 0x00, 0x06, 0x00, 0x00, 0x60, 0x00, 0x0F, 0x00, 0x00,
    0xF0, 0x00, 0x1F, 0x80, 0x01, 0xF8, 0x00, 0x3B, 0x80, 0x03, 0xBC, 0x00, 0x31, 0xC0, 0x07, 0x1E,
    0x00, 0x61, 0xE0, 0x0F, 0xFF, 0x00, 0xC0, 0xF0, 0x18, 0x07, 0x01, 0x80, 0x78, 0x18, 0x07, 0x83,
    0x00, 0x3C, 0x7C, 0x0F, 0xE0, 0x00, 0x00, 0x00, 0x60, 0x00, 0x0F, 0x00, 0x01, 0xF8, 0x00, 0x16,
    0x80, 0x00, 0x60, 0x00, 0x0F, 0x00, 0x00, 0xF0, 0x00, 0x1F, 0x80, 0x01, 0xF8, 0x00, 0x3B, 0x80,
    0x03, 0xBC, 0x00, 0x31, 0xC0, 0x07, 0x1E, 0x00, 0x61, 0xE0, 0x0F, 0xFF, 0x00, 0xC0, 0xF0, 0x18,
    0x07, 0x01, 0x80, 0x78, 0x18, 0x07, 0x83, 0x00, 0x3C, 0x7C, 0x0F, 0xE0, 0x00, 0x00, 0x01, 0xEC,
    0x00, 0x1F, 0x80, 0x00, 0x10, 0x00, 0x06, 0x00, 0x00, 0x60, 0x00, 0x0F, 0x00, 0x00, 0xF0, 0x00,
    0x1F, 0x80, 0x01, 0xF8, 0x00, 0x3B, 0x80, 0x03, 0xBC, 0x00, 0x31, 0xC0, 0x07, 0x1E, 0x00, 0x61,
    0xE0, 0x0F, 0xFF, 0x00, 0xC0, 0xF0, 0x18, 0x07, 0x01, 0x80, 0x78, 0x18, 0x07, 0x83, 0x00, 0x3C,
    0x7C, 0x0F, 0xE0, 0x00, 0x00, 0x07, 0x1C, 0x00, 0xE3, 0x80, 0x1D, 0x70, 0x00, 0x70, 0x00, 0x0E,
    0x00, 0x03, 0xE0, 0x00, 0x7C, 0x00, 0x1F, 0x80, 0x03, 0x78, 0x00, 0x6F, 0x00, 0x18, 0xF0, 0x03,
    0x1E, 0x00, 0xC3, 0xE0, 0x1F, 0xFC, 0x06, 0x03, 0x80, 0xC0, 0x78, 0x38, 0x0F, 0x06, 0x00, 0xF1,
    0xC0, 0x1E, 0x7E, 0x07, 0xF0, 0x00, 0x00, 0x00, 0xF0, 0x00, 0x0B, 0x00, 0x00, 0x90, 0x00, 0x0F,
    0x00, 0x00, 0xE0, 0x00, 0x06, 0x00, 0x00, 0x60, 0x00, 0x0F, 0x00, 0x00, 0xF0, 0x00, 0x1F, 0x80,
    0x01, 0xF8, 0x00, 0x3B, 0x80, 0x03, 0xBC, 0x00, 0x31, 0xC0, 0x07, 0x1E, 0x00, 0x61, 0xE0, 0x0F,
    0xFF, 0x00, 0xC0, 0xF0, 0x18, 0x07, 0x01, 0x80, 0x78, 0x18, 0x07, 0x83, 0x00, 0x3C, 0x7C, 0x0F,
    0xE0, 0x00, 0x00, 0x00, 0x00, 0x00, 0x00, 0x1F, 0xFF, 0x00, 0x03, 0xFF, 0x80, 0x03, 0xE0, 0xC0,
    0x01, 0xF0, 0x20, 0x01, 0xF8, 0x00, 0x01, 0xDC, 0x00, 0x00, 0xCE, 0x18, 0x00, 0xE7, 0x0C, 0x00,
    0xE3, 0xFE, 0x00, 0x61, 0xC3, 0x00, 0x70, 0xE1, 0x80, 0x3F, 0xF0, 0x00, 0x30, 0x38, 0x00, 0x38,
    0x1C, 0x00, 0x18, 0x0E, 0x01, 0x18, 0x07, 0x01, 0x9C, 0x07, 0x83, 0x9F, 0x87, 0xFF, 0xC0, 0x07,
    0xF8, 0x0F, 0x0F, 0x8E, 0x01, 0xCE, 0x00, 0x67, 0x00, 0x17, 0x00, 0x0F, 0x80, 0x01, 0xC0, 0x00,
    0xE0, 0x00, 0x70, 0x00, 0x38, 0x00, 0x1C, 0x00, 0x0E, 0x00, 0x07, 0x80, 0x09, 0xE0, 0x0C, 0x78,
    0x0E, 0x1E, 0x1E, 0x07, 0xFC, 0x00, 0x70, 0x00, 0x3C, 0x00, 0x1E, 0x00, 0x1C, 0x00, 0x08, 0x00,
    0x04, 0x00, 0x1C, 0x00, 0x1C, 0x00, 0x1C, 0x00, 0x00, 0x0F, 0xFF, 0x8F, 0x07, 0x0E, 0x06, 0x1C,
    0x0C, 0x38, 0x00, 0x70, 0x00, 0xE0, 0x81, 0xC3, 0x03, 0xFE, 0x07, 0x0C, 0x0E, 0x08, 0x1C, 0x00,
    0x38, 0x00, 0x70, 0x00, 0xE0, 0x11, 0xC0, 0x67, 0x83, 0x9F, 0xFF, 0x00, 0x00, 0x00, 0x20, 0x00,
    0xE0, 0x03, 0x80, 0x0C, 0x00, 0x00, 0x0F, 0xFF, 0x8F, 0x07, 0x0E, 0x06, 0x1C, 0x0C, 0x38, 0x00,
    0x70, 0x00, 0xE0, 0x81, 0xC3, 0x03, 0xFE, 0x07, 0x0C, 0x0E, 0x08, 0x1C, 0x00, 0x38, 0x00, 0x70,
    0x00, 0xE0, 0x11, 0xC0, 0x67, 0x83, 0x9F, 0xFF, 0x00, 0x00, 0x03, 0x00, 0x0F, 0x00, 0x3F, 0x00,
    0x62, 0x07, 0xFF, 0xC7, 0x83, 0x87, 0x03, 0x0E, 0x06, 0x1C, 0x00, 0x38, 0x00, 0x70, 0x40, 0xE1,
    0x81, 0xFF, 0x03, 0x86, 0x07, 0x04, 0x0E, 0x00, 0x1C, 0x00, 0x38, 0x00, 0x70, 0x08, 0xE0, 0x33,
    0xC1, 0xCF, 0xFF, 0x80, 0x00, 0x00, 0x0E, 0x60, 0x1D, 0xE0, 0x39, 0x80, 0x00, 0x07, 0xFF, 0xC7,
    0x83, 0x87, 0x03, 0x0E, 0x06, 0x1C, 0x00, 0x38, 0x00, 0x70, 0x40, 0xE1, 0x81, 0xFF, 0x03, 0x86,
    0x07, 0x04, 0x0E, 0x00, 0x1C, 0x00, 0x38, 0x00, 0x70, 0x08, 0xE0, 0x31, 0xC1, 0xCF, 0xFF, 0x80,
    0x00, 0x00, 0x20, 0x38, 0x0E, 0x03, 0x00, 0x03, 0xF0, 0xF0, 0x38, 0x1C, 0x0E, 0x07, 0x03, 0x81,
    0xC0, 0xE0, 0x70, 0x38, 0x1C, 0x0E, 0x07, 0x03, 0x81, 0xC1, 0xE1, 0xFC, 0x00, 0x01, 0x03, 0x83,
    0xC1, 0x80, 0x03, 0xF0, 0xF0, 0x38, 0x1C, 0x0E, 0x07, 0x03, 0x81, 0xC0, 0xE0, 0x70, 0x38, 0x1C,
    0x0E, 0x07, 0x03, 0x81, 0xC1, 0xE1, 0xFC, 0x00, 0x08, 0x1E, 0x1F, 0x8C, 0xE0, 0x03, 0xF0, 0xF0,
    0x38, 0x1C, 0x0E, 0x07, 0x03, 0x81, 0xC0, 0xE0, 0x70, 0x38, 0x1C, 0x0E, 0x07, 0x03, 0x81, 0xC1,
    0xE1, 0xFC, 0x00, 0x66, 0x3B, 0x99, 0x80, 0x07, 0xE1, 0xE0, 0x70, 0x38, 0x1C, 0x0E, 0x07, 0x03,
    0x81, 0xC0, 0xE0, 0x70, 0x38, 0x1C, 0x0E, 0x07, 0x03, 0x83, 0xC3, 0xF8, 0x00, 0x7F, 0xF0, 0x7F,
    0xF8, 0x7F, 0xFC, 0x7F, 0xFE, 0x7C, 0x3F, 0x7C, 0x3F, 0x7C, 0x1F, 0xFF, 0x9F, 0xFF, 0x9F, 0xFF,
    0x9F, 0xFF, 0x9F, 0x7C, 0x1F, 0x7C, 0x3F, 0x7C, 0x7E, 0x7F, 0xFE, 0x7F, 0xFC, 0x7F, 0xF8, 0x7F,
    0xE0, 0x01, 0xFE, 0x00, 0x1F, 0xE0, 0x01, 0x9C, 0x00, 0x00, 0x00, 0x7C, 0x03, 0xF3, 0xE0, 0x0E,
    0x1F, 0x00, 0xC1, 0xF8, 0x0C, 0x1F, 0xC0, 0xC1, 0xBC, 0x0C, 0x1B, 0xE0, 0xC1, 0x9F, 0x0C, 0x18,
    0xF8, 0xC1, 0x87, 0xCC, 0x18, 0x3E, 0xC1, 0x81, 0xFC, 0x18, 0x0F, 0xC1, 0x80, 0x7C, 0x18, 0x03,
    0xC1, 0x80, 0x3C, 0x1C, 0x01, 0xC3, 0xF0, 0x0C, 0x00, 0x00, 0x40, 0x02, 0x00, 0x00, 0xF0, 0x00,
    0x0F, 0x00, 0x00, 0x60, 0x00, 0x00, 0x00, 0x0F, 0xF0, 0x07, 0x07, 0x81, 0xC0, 0x78, 0x70, 0x07,
    0x8C, 0x00, 0x7B, 0x80, 0x07, 0x70, 0x00, 0xFE, 0x00, 0x1F, 0xC0, 0x01, 0xF8, 0x00, 0x3F, 0x00,
    0x07, 0xE0, 0x01, 0xDC, 0x00, 0x39, 0xC0, 0x07, 0x3C, 0x01, 0xC3, 0xC0, 0x30, 0x3E, 0x1C, 0x01,
    0xFE, 0x00, 0x00, 0x10, 0x00, 0x07, 0x00, 0x03, 0xC0, 0x00, 0x60, 0x00, 0x00, 0x00, 0x0F, 0xF0,
    0x07, 0x07, 0x81, 0xC0, 0x78, 0x70, 0x07, 0x8C, 0x00, 0x7B, 0x80, 0x07, 0x70, 0x00, 0xFE, 0x00,
    0x1F, 0xC0, 0x01, 0xF8, 0x00, 0x3F, 0x00, 0x07, 0xE0, 0x01, 0xDC, 0x00, 0x39, 0xC0, 0x07, 0x3C,
    0x01, 0xC3, 0xC0, 0x30, 0x3E, 0x1C, 0x01, 0xFE, 0x00, 0x00, 0x40, 0x00, 0x1C, 0x00, 0x0F, 0xC0,
    0x01, 0x88, 0x00, 0x7F, 0x80, 0x38, 0x3C, 0x0E, 0x03, 0xC3, 0x80, 0x3C, 0x60, 0x03, 0xDC, 0x00,
    0x3B, 0x80, 0x07, 0xF0, 0x00, 0xFE, 0x00, 0x0F, 0xC0, 0x01, 0xF8, 0x00, 0x3F, 0x00, 0x0E, 0xE0,
    0x01, 0xCE, 0x00, 0x39, 0xE0, 0x0E, 0x1E, 0x01, 0x81, 0xF0, 0xE0, 0x0F, 0xF0, 0x00, 0x03, 0xD0,
    0x00, 0x5E, 0x00, 0x00, 0x00, 0x00, 0x00, 0x00, 0x7F, 0x80, 0x38, 0x3C, 0x0E, 0x03, 0xC3, 0x80,
    0x3C, 0x60, 0x03, 0xDC, 0x00, 0x3B, 0x80, 0x07, 0xF0, 0x00, 0xFE, 0x00, 0x0F, 0xC0, 0x01, 0xF8,
    0x00, 0x3F, 0x00, 0x0E, 0xE0, 0x01, 0xCE, 0x00, 0x39, 0xE0, 0x0E, 0x1E, 0x01, 0x81, 0xF0, 0xE0,
    0x0F, 0xF0, 0x00, 0x60, 0x01, 0xCE, 0x00, 0x39, 0x9F, 0xE7, 0x0E, 0x0F, 0x03, 0x80, 0xF0, 0xE0,
    0x0F, 0x18, 0x00, 0xF7, 0x00, 0x0E, 0xE0, 0x01, 0xFC, 0x00, 0x3F, 0x80, 0x03, 0xF0, 0x00, 0x7E,
    0x00, 0x0F, 0xC0, 0x03, 0xBC, 0x00, 0x73, 0x80, 0x0E, 0x78, 0x03, 0x87, 0x80, 0x60, 0x7C, 0x38,
    0x03, 0xFC, 0x00, 0x00, 0x03, 0x0E, 0x79, 0xF7, 0xFF, 0x3F, 0xE3, 0xFC, 0x1F, 0x83, 0xFC, 0x7F,
    0xEF, 0x9F, 0x70, 0xE2, 0x04, 0x07, 0xFB, 0x83, 0xC7, 0xE0, 0xE0, 0x3E, 0x38, 0x0F, 0xC6, 0x01,
    0xFD, 0xC0, 0x77, 0xB8, 0x1E, 0x7F, 0x03, 0x8F, 0xE0, 0xE1, 0xFC, 0x3C, 0x1F, 0x87, 0x03, 0xF1,
    0xC0, 0x7F, 0x70, 0x1C, 0xEE, 0x03, 0x9F, 0x80, 0x61, 0xE0, 0x18, 0x3F, 0x0E, 0x07, 0xFF, 0x80,
    0x00, 0x00, 0x00, 0x00, 0x00, 0x00, 0x1C, 0x00, 0x00, 0xE0, 0x00, 0x07, 0x00, 0xFF, 0x03, 0xF3,
    0xC0, 0x0E, 0x1C, 0x00, 0xC1, 0xC0, 0x0C, 0x1C, 0x00, 0xC1, 0xC0, 0x0C, 0x1C, 0x00, 0xC1, 0xC0,
    0x0C, 0x1C, 0x00, 0xC1, 0xC0, 0x0C, 0x1C, 0x00, 0xC1, 0xC0, 0x0C, 0x1C, 0x00, 0xC1, 0xC0, 0x0C,
    0x1E, 0x00, 0xC0, 0xE0, 0x18, 0x07, 0x87, 0x00, 0x3F, 0xE0, 0x00, 0x00, 0x00, 0x00, 0xE0, 0x00,
    0x1C, 0x00, 0x03, 0x80, 0xFF, 0x03, 0xF3, 0xC0, 0x0E, 0x1C, 0x00, 0xC1, 0xC0, 0x0C, 0x1C, 0x00,
    0xC1, 0xC0, 0x0C, 0x1C, 0x00, 0xC1, 0xC0, 0x0C, 0x1C, 0x00, 0xC1, 0xC0, 0x0C, 0x1C, 0x00, 0xC1,
    0xC0, 0x0C, 0x1C, 0x00, 0xC1, 0xC0, 0x0C, 0x1E, 0x00, 0xC0, 0xE0, 0x18, 0x07, 0x87, 0x00, 0x3F,
    0xE0, 0x00, 0x20, 0x00, 0x07, 0x00, 0x01, 0xF8, 0x00, 0x18, 0xC0, 0x00, 0x00, 0x0F, 0xF0, 0x3F,
    0x3C, 0x00, 0xE1, 0xC0, 0x0C, 0x1C, 0x00, 0xC1, 0xC0, 0x0C, 0x1C, 0x00, 0xC1, 0xC0, 0x0C, 0x1C,
    0x00, 0xC1, 0xC0, 0x0C, 0x1C, 0x00, 0xC1, 0xC0, 0x0C, 0x1C, 0x00, 0xC1, 0xC0, 0x0C, 0x1C, 0x00,
    0xC1, 0xE0, 0x0C, 0x0E, 0x01, 0x80, 0x78, 0x70, 0x03, 0xFE, 0x00, 0x00, 0x00, 0x00, 0x00, 0x00,
    0xFF, 0x03, 0xF3, 0xC0, 0x0E, 0x1C, 0x00, 0xC1, 0xC0, 0x0C, 0x1C, 0x00, 0xC1, 0xC0, 0x0C, 0x1C,
    0x00, 0xC1, 0xC0, 0x0C, 0x1C, 0x00, 0xC1, 0xC0, 0x0C, 0x1C, 0x00, 0xC1, 0xC0, 0x0C, 0x1C, 0x00,
    0xC1, 0xC0, 0x0C, 0x1E, 0x00, 0x80, 0xE0, 0x18, 0x07, 0x87, 0x00, 0x3F, 0xE0, 0x00, 0x00, 0x00,
    0x0E, 0x00, 0x07, 0x80, 0x03, 0x80, 0x7F, 0x0F, 0x8F, 0x80, 0xC1, 0xE0, 0x60, 0x3C, 0x18, 0x0F,
    0x0C, 0x01, 0xE6, 0x00, 0x39, 0x80, 0x0F, 0xC0, 0x01, 0xF0, 0x00, 0x78, 0x00, 0x0E, 0x00, 0x03,
    0x80, 0x00, 0xE0, 0x00, 0x38, 0x00, 0x0E, 0x00, 0x03, 0x80, 0x01, 0xE0, 0x00, 0xFE, 0x00, 0x00,
    0x00, 0xF8, 0x0F, 0x80, 0xF8, 0x0F, 0xFC, 0xFF, 0xEF, 0xFF, 0xFF, 0xFF, 0x9F, 0xF9, 0xFF, 0x9F,
    0xFB, 0xFF, 0xFF, 0xFF, 0xEF, 0xFC, 0xFF, 0x0F, 0x80, 0xF8, 0x0F, 0x80, 0x0F, 0xC1, 0xDC, 0x18,
    0xE3, 0x8E, 0x38, 0xE3, 0x9C, 0x39, 0xC7, 0xB8, 0xFF, 0x83, 0x9C, 0x38, 0xE3, 0x8F, 0x38, 0xF3,
    0x87, 0x38, 0x73, 0x87, 0x38, 0xE3, 0xBE, 0x7F, 0xC0, 0x20, 0x0E, 0x00, 0xE0, 0x06, 0x00, 0x00,
    0x7E, 0x19, 0xE7, 0x1C, 0xE3, 0x80, 0xF0, 0xFE, 0x79, 0xCE, 0x39, 0xC7, 0x39, 0xE7, 0xFF, 0x01,
    0x00, 0xE0, 0x38, 0x06, 0x00, 0x00, 0x7E, 0x19, 0xE7, 0x1C, 0xE3, 0x80, 0xF0, 0xFE, 0x79, 0xCE,
    0x39, 0xC7, 0x39, 0xE7, 0xFF, 0x00, 0x03, 0x80, 0xFC, 0x19, 0x83, 0xF0, 0xCF, 0x38, 0xE7, 0x1C,
    0x07, 0x87, 0xF3, 0xCE, 0x71, 0xCE, 0x39, 0xCF, 0x3F, 0xF8, 0x03, 0x07, 0xE0, 0x10, 0x00, 0x03,
    0xF0, 0xCF, 0x38, 0xE7, 0x1C, 0x07, 0x87, 0xF3, 0xCE, 0x71, 0xCE, 0x39, 0xCF, 0x3F, 0xF8, 0x77,
    0x0E, 0xE1, 0xDC, 0x00, 0x00, 0x00, 0x7E, 0x19, 0xE7, 0x1C, 0xE3, 0x80, 0xF0, 0xFE, 0x79, 0xCE,
    0x39, 0xC7, 0x39, 0xE7, 0xFF, 0x1E, 0x03, 0xC0, 0x78, 0x0F, 0x00, 0x00, 0x7E, 0x19, 0xE7, 0x1C,
    0xE3, 0x80, 0xF0, 0xFE, 0x79, 0xCE, 0x39, 0xC7, 0x39, 0xE7, 0xFF, 0x7F, 0xFC, 0x73, 0xC7, 0xB8,
    0xE1, 0xC0, 0x7F, 0xE0, 0x78, 0x01, 0xFC, 0x03, 0xCE, 0x01, 0xC7, 0x80, 0xE3, 0xC0, 0x73, 0xF1,
    0x9F, 0x3F, 0x80, 0x06, 0x0F, 0xE7, 0x39, 0x84, 0xE0, 0x38, 0x0E, 0x03, 0x80, 0xE0, 0x3C, 0x07,
    0xF8, 0xFC, 0x0C, 0x03, 0x80, 0xE0, 0x70, 0x00, 0x00, 0x30, 0x1E, 0x01, 0xC0, 0x30, 0x00, 0x0F,
    0xC7, 0x3B, 0x87, 0xFF, 0xF8, 0x0E, 0x03, 0x80, 0xE0, 0x3C, 0x07, 0x8C, 0xFE, 0x01, 0x00, 0xE0,
    0x70, 0x30, 0x00, 0x0F, 0xC7, 0x3B, 0x87, 0xFF, 0xF8, 0x0E, 0x03, 0x80, 0xE0, 0x3C, 0x07, 0x8C,
    0xFE, 0x00, 0x03, 0x83, 0xF0, 0xCC, 0x3F, 0x1C, 0xEE, 0x1F, 0xFF, 0xE0, 0x38, 0x0E, 0x03, 0x80,
    0xF0, 0x1E, 0x33, 0xF8, 0x73, 0x1D, 0xE7, 0x30, 0x00, 0x3F, 0x1C, 0xEE, 0x1F, 0xFF, 0xE0, 0x38,
    0x0E, 0x03, 0x80, 0xF0, 0x1E, 0x33, 0xF8, 0x60, 0x70, 0x38, 0x18, 0x00, 0x1C, 0x7C, 0x3C, 0x1C,
    0x1C, 0x1C, 0x1C, 0x1C, 0x1C, 0x1C, 0x3E, 0x06, 0x1C, 0xF0, 0x80, 0x07, 0x3E, 0x3C, 0x38, 0x70,
    0xE1, 0xC3, 0x87, 0x0E, 0x3E, 0x00, 0x1C, 0x3E, 0x77, 0x42, 0x1C, 0x7C, 0x3C, 0x1C, 0x1C, 0x1C,
    0x1C, 0x1C, 0x1C, 0x1C, 0x3E, 0x66, 0xF7, 0x66, 0x0C, 0x3C, 0x7C, 0x1C, 0x1C, 0x1C, 0x1C, 0x1C,
    0x1C, 0x1C, 0x1C, 0x3E, 0x00, 0x00, 0x77, 0x07, 0xF8, 0x3F, 0xC0, 0xFE, 0x0F, 0xF0, 0x3F, 0xC1,
    0xFE, 0x3F, 0xFB, 0xFF, 0xFF, 0xFF, 0xFB, 0xFF, 0x8F, 0xFC, 0x7F, 0xE3, 0xFF, 0x1F, 0xFF, 0xFB,
    0xFF, 0x9F, 0xF8, 0x3F, 0x80, 0x1F, 0xE0, 0x7F, 0x81, 0x8C, 0x3F, 0xF8, 0x7C, 0xF0, 0xE1, 0xC3,
    0x87, 0x0E, 0x1C, 0x38, 0x70, 0xE1, 0xC3, 0x87, 0x0E, 0x1C, 0x38, 0x79, 0xF3, 0xF0, 0x18, 0x03,
    0xC0, 0x0E, 0x00, 0x60, 0x00, 0x01, 0xF8, 0x71, 0xC6, 0x0E, 0xE0, 0xFE, 0x0F, 0xE0, 0x7E, 0x07,
    0xE0, 0x6F, 0x0E, 0x79, 0xC3, 0xF8, 0x00, 0x80, 0x1C, 0x03, 0x80, 0x60, 0x00, 0x01, 0xF8, 0x71,
    0xC6, 0x0E, 0xE0, 0xFE, 0x0F, 0xE0, 0x7E, 0x07, 0xE0, 0x6F, 0x0E, 0x79, 0xC3, 0xF8, 0x00, 0x00,
    0xE0, 0x1F, 0x81, 0x98, 0x1F, 0x87, 0x1C, 0x60, 0xEE, 0x0F, 0xE0, 0xFE, 0x07, 0xE0, 0x7E, 0x06,
    0xF0, 0xE7, 0x9C, 0x3F, 0x80, 0x1F, 0x81, 0x78, 0x00, 0x00, 0x00, 0x1F, 0x87, 0x1C, 0x60, 0xEE,
    0x0F, 0xE0, 0xFE, 0x07, 0xE0, 0x7E, 0x06, 0xF0, 0xE7, 0x9C, 0x3F, 0x80, 0x19, 0x83, 0xB8, 0x19,
    0x80, 0x00, 0x00, 0x01, 0xF8, 0x71, 0xC6, 0x0E, 0xE0, 0xFE, 0x0F, 0xE0, 0x7E, 0x07, 0xE0, 0x6F,
    0x0E, 0x79, 0xC3, 0xF8, 0x0F, 0x00, 0xF0, 0x0F, 0x00, 0xF0, 0x00, 0x0F, 0xFF, 0xFF, 0xFF, 0xFF,
    0xFF, 0xF0, 0x00, 0x0F, 0x00, 0xF0, 0x0F, 0x00, 0xF0, 0x1F, 0xE7, 0x1C, 0x61, 0xEE, 0x3F, 0xE3,
    0xFE, 0x67, 0xEC, 0x7F, 0x86, 0xF0, 0xE7, 0x9C, 0x7F, 0x80, 0x08, 0x00, 0x70, 0x00, 0xE0, 0x00,
    0xC0, 0x38, 0x73, 0xE7, 0xC7, 0x8F, 0x0E, 0x1C, 0x38, 0x70, 0xE1, 0xC3, 0x87, 0x0E, 0x1C, 0x38,
    0xF0, 0xF3, 0xE1, 0xFF, 0xC0, 0x00, 0x40, 0x03, 0x80, 0x3C, 0x00, 0xC0, 0x38, 0x73, 0xE7, 0xC7,
    0x8F, 0x0E, 0x1C, 0x38, 0x70, 0xE1, 0xC3, 0x87, 0x0E, 0x1C, 0x38, 0xF0, 0xF3, 0xE1, 0xFF, 0xC0,
    0x00, 0x00, 0x0C, 0x00, 0xF8, 0x07, 0x70, 0x08, 0x40, 0xE1, 0xCF, 0x9F, 0x1E, 0x3C, 0x38, 0x70,
    0xE1, 0xC3, 0x87, 0x0E, 0x1C, 0x38, 0x70, 0xE3, 0xC3, 0xCF, 0x87, 0xFF, 0x00, 0x00, 0x0D, 0xC0,
    0x77, 0x01, 0xDC, 0x00, 0x00, 0x18, 0x31, 0xE3, 0xCF, 0x9F, 0x0E, 0x1C, 0x38, 0x70, 0xE1, 0xC3,
    0x87, 0x0E, 0x1C, 0x38, 0x70, 0xE3, 0xC3, 0xCF, 0x87, 0xFF, 0x00, 0x00, 0x00, 0xC0, 0x1C, 0x03,
    0x80, 0x30, 0xF9, 0xF7, 0x86, 0x78, 0xC3, 0x8C, 0x3C, 0xC1, 0xD8, 0x1F, 0x80, 0xF0, 0x0F, 0x00,
    0x70, 0x06, 0x00, 0x60, 0x06, 0x00, 0xC0, 0x1C, 0x01, 0xC0, 0xF8, 0x07, 0xC0, 0x3E, 0x01, 0xF0,
    0x0F, 0x80, 0x7F, 0xF3, 0xFF, 0xDF, 0xFE, 0xFF, 0xFF, 0xCF, 0xFE, 0x3F, 0xF1, 0xFF, 0x8F, 0xFC,
    0x7F, 0xF7, 0xFF, 0xFF, 0xFF, 0xF7, 0xFF, 0xBF, 0xF9, 0xF0, 0x0F, 0x80, 0x7C, 0x03, 0xE0, 0x1F,
    0x00, 0xF8, 0x00, 0x3B, 0x87, 0x70, 0xEE, 0x00, 0x0F, 0x9E, 0xE1, 0x9E, 0x31, 0xC4, 0x39, 0x83,
    0xB0, 0x74, 0x07, 0x80, 0xF0, 0x1C, 0x01, 0x80, 0x30, 0x04, 0x01, 0x80, 0x70, 0x1C, 0x00, 0x07,
    0xFC, 0x00, 0xFF, 0x80, 0x1F, 0xF0, 0x00, 0x00, 0x00, 0x3F, 0x80, 0x0F, 0xF8, 0x01, 0xFF, 0x00,
    0x3F, 0xE0, 0x0F, 0xFE, 0x01, 0xF7, 0xC0, 0x3E, 0xF8, 0x0F, 0xDF, 0x01, 0xFB, 0xF0, 0x3E, 0x3E,
    0x07, 0xC7, 0xC1, 0xFF, 0xFC, 0x3F, 0xFF, 0x87, 0xFF, 0xF1, 0xFF, 0xFF, 0x3F, 0x07, 0xE7, 0xE0,
    0xFD, 0xF8, 0x0F, 0xC0, 0x3F, 0xE1, 0xFF, 0x0F, 0xF8, 0x00, 0x03, 0xFE, 0x3F, 0xF9, 0xFF, 0xE7,
    0xFF, 0x00, 0xF9, 0xFF, 0xDF, 0xFF, 0xFF, 0xFF, 0xCF, 0xFC, 0x7F, 0xFF, 0xFF, 0xFF, 0xFF, 0xFB,
    0xF3, 0xC0, 0x00, 0x00, 0x00, 0x36, 0x00, 0x07, 0xC0, 0x00, 0x70, 0x00, 0x00, 0x00, 0x00, 0xC0,
    0x00, 0x38, 0x00, 0x07, 0x00, 0x00, 0xF0, 0x00, 0x3E, 0x00, 0x07, 0xE0, 0x01, 0xBC, 0x00, 0x37,
    0x80, 0x0C, 0x78, 0x01, 0x8F, 0x00, 0x21, 0xF0, 0x0F, 0xFE, 0x01, 0x81, 0xE0, 0x60, 0x3C, 0x0C,
    0x07, 0x83, 0x80, 0x78, 0x60, 0x0F, 0x1F, 0x03, 0xF8, 0x00, 0x00, 0x00, 0x06, 0xC0, 0xF8, 0x0E,
    0x00, 0x00, 0x7E, 0x19, 0xE7, 0x1C, 0xE3, 0x80, 0xF0, 0xFE, 0x79, 0xCE, 0x39, 0xC7, 0x39, 0xE7,
    0xFF, 0x03, 0xF8, 0x01, 0xFE, 0x00, 0x7F, 0xC0, 0x1F, 0xF0, 0x0F, 0xFC, 0x03, 0xEF, 0x00, 0xFB,
    0xE0, 0x3E, 0xF8, 0x1F, 0xBE, 0x07, 0xCF, 0xC1, 0xF1, 0xF0, 0xFF, 0xFC, 0x3F, 0xFF, 0x0F, 0xFF,
    0xE7, 0xFF, 0xF9, 0xF8, 0x3E, 0x7E, 0x0F, 0xDF, 0x03, 0xF0, 0x00, 0x70, 0x00, 0x38, 0x00, 0x0E,
    0x00, 0x03, 0xE0, 0x00, 0xF8, 0x00, 0x1E, 0x3F, 0xC7, 0xFE, 0x7F, 0xF3, 0xFF, 0x01, 0xF3, 0xFF,
    0x7F, 0xFF, 0xFF, 0xFD, 0xFF, 0x9F, 0xFB, 0xFF, 0xFF, 0xFF, 0xF7, 0xEF, 0x00, 0xE0, 0x1C, 0x01,
    0xC0, 0x1F, 0x01, 0xF0, 0x0F, 0x00, 0xC0, 0x00, 0xE0, 0x00, 0xE0, 0x00, 0xE0, 0x00, 0x7F, 0x80,
    0xF0, 0xF8, 0xE0, 0x1C, 0xE0, 0x06, 0x70, 0x01, 0x70, 0x00, 0xF8, 0x00, 0x1C, 0x00, 0x0E, 0x00,
    0x07, 0x00, 0x03, 0x80, 0x01, 0xC0, 0x00, 0xE0, 0x00, 0x78, 0x00, 0x9E, 0x00, 0xC7, 0x80, 0xE1,
    0xE1, 0xE0, 0x7F, 0xC0, 0x10, 0x0E, 0x07, 0x83, 0x80, 0x46, 0x0F, 0xE7, 0x39, 0x84, 0xE0, 0x38,
    0x0E, 0x03, 0x80, 0xE0, 0x3C, 0x07, 0xF8, 0xFC, 0x07, 0xC0, 0x1F, 0x00, 0x7C, 0x01, 0xF0, 0x00,
    0x00, 0x3F, 0xE1, 0xFF, 0x8F, 0xFE, 0x7F, 0xFB, 0xF0, 0x4F, 0xC0, 0x3E, 0x00, 0xF8, 0x03, 0xE0,
    0x0F, 0x80, 0x3E, 0x00, 0xF8, 0x03, 0xF0, 0x0F, 0xC1, 0x9F, 0xFE, 0x7F, 0xF8, 0xFF, 0xE0, 0xFF,
    0x00, 0x0F, 0x80, 0xF8, 0x0F, 0x80, 0xF8, 0x00, 0x01, 0xFE, 0x3F, 0xF7, 0xFE, 0xFF, 0xEF, 0xC0,
    0xF8, 0x0F, 0x80, 0xF8, 0x0F, 0x80, 0xFC, 0x2F, 0xFE, 0x7F, 0xE7, 0xFE, 0x1F, 0xE0, 0x00, 0x00,
    0x0E, 0xE0, 0x03, 0xE0, 0x00, 0xE0, 0x00, 0x7F, 0x80, 0xF0, 0xF8, 0xE0, 0x1C, 0xE0, 0x06, 0x70,
    0x01, 0x70, 0x00, 0xF8, 0x00, 0x1C, 0x00, 0x0E, 0x00, 0x07, 0x00, 0x03, 0x80, 0x01, 0xC0, 0x00,
    0xE0, 0x00, 0x78, 0x00, 0x9E, 0x00, 0xC7, 0x80, 0xE1, 0xE1, 0xE0, 0x7F, 0xC0, 0x42, 0x07, 0xF0,
    0x3E, 0x01, 0x80, 0x01, 0x80, 0xFE, 0x1C, 0xE1, 0x84, 0x38, 0x03, 0x80, 0x38, 0x03, 0x80, 0x38,
    0x03, 0xC0, 0x1F, 0xE0, 0xFC, 0x7C, 0xF8, 0x7F, 0xE0, 0x7F, 0x80, 0x7E, 0x00, 0x00, 0x1F, 0xF8,
    0x3F, 0xFC, 0x7F, 0xFC, 0xFF, 0xFD, 0xF1, 0xFB, 0xE1, 0xFF, 0xC3, 0xFF, 0x83, 0xFF, 0x07, 0xFE,
    0x0F, 0xFC, 0x1F, 0xF8, 0x7F, 0xF0, 0xFB, 0xE3, 0xF7, 0xFF, 0xEF, 0xFF, 0x9F, 0xFE, 0x3F, 0xF0,
    0x00, 0x00, 0xFB, 0xE0, 0x1F, 0x78, 0x03, 0xFE, 0x00, 0x7F, 0xC0, 0x0F, 0x80, 0x7D, 0xF0, 0x1F,
    0xFE, 0x07, 0xFF, 0xC0, 0xFF, 0xF8, 0x1F, 0xBF, 0x03, 0xE3, 0xE0, 0x7C, 0x7C, 0x0F, 0x8F, 0x81,
    0xF1, 0xF0, 0x3E, 0x3E, 0x07, 0xFF, 0xC0, 0xFF, 0xF8, 0x0F, 0xFF, 0x00, 0xFB, 0xE0, 0x00, 0x00,
    0x00, 0x1F, 0xFF, 0x80, 0xF0, 0x78, 0x0E, 0x03, 0x81, 0xC0, 0x38, 0x38, 0x07, 0x87, 0x00, 0x70,
    0xE0, 0x0F, 0x1C, 0x01, 0xEF, 0xE0, 0x1D, 0xF8, 0x03, 0x8E, 0x00, 0x71, 0xC0, 0x1C, 0x38, 0x03,
    0x87, 0x00, 0x60, 0xE0, 0x1C, 0x1C, 0x07, 0x07, 0xC3, 0xC1, 0xFF, 0xE0, 0x00, 0x00, 0x00, 0x00,
    0x30, 0x03, 0xC0, 0x1F, 0x00, 0x1C, 0x00, 0x70, 0x01, 0xC0, 0x3F, 0x80, 0x1C, 0x00, 0x70, 0x7F,
    0xC3, 0x8F, 0x1C, 0x3C, 0x70, 0x73, 0x81, 0xCE, 0x07, 0x3C, 0x1C, 0x70, 0x71, 0xC3, 0xC3, 0xFF,
    0xC7, 0xDE, 0x7F, 0xDF, 0xF7, 0xFC, 0x00, 0xFF, 0xFF, 0xFF, 0xFF, 0xFF, 0xF8, 0x3E, 0x0F, 0x83,
    0xFF, 0xFF, 0xFF, 0xFF, 0xFF, 0xE0, 0xF8, 0x3E, 0x0F, 0xFF, 0xFF, 0xFF, 0xFF, 0xF0, 0x3F, 0xE1,
    0xFF, 0x0F, 0xF8, 0x00, 0x01, 0xFC, 0x1F, 0xF9, 0xFF, 0xDF, 0xFF, 0xF8, 0xFF, 0xFF, 0xFF, 0xFF,
    0xFF, 0xFF, 0xFF, 0xFC, 0x03, 0xFF, 0xEF, 0xFF, 0x3F, 0xF8, 0xFF, 0x80, 0x1F, 0x07, 0xC1, 0xF0,
    0x7C, 0x00, 0x3F, 0xFF, 0xFF, 0xFF, 0xFF, 0xFE, 0x0F, 0x83, 0xE0, 0xFF, 0xFF, 0xFF, 0xFF, 0xFF,
    0xF8, 0x3E, 0x0F, 0x83, 0xFF, 0xFF, 0xFF, 0xFF, 0xFC, 0x0F, 0x80, 0x7C, 0x03, 0xE0, 0x1F, 0x00,
    0x00, 0x0F, 0xE0, 0xFF, 0xCF, 0xFE, 0xFF, 0xFF, 0xC7, 0xFF, 0xFF, 0xFF, 0xFF, 0xFF, 0xFF, 0xFF,
    0xE0, 0x5F, 0xFE, 0x7F, 0xF1, 0xFF, 0x87, 0xFC, 0xFF, 0xFF, 0xFF, 0xFF, 0xFF, 0xF8, 0x3E, 0x0F,
    0x83, 0xFF, 0xFF, 0xFF, 0xFF, 0xFF, 0xE0, 0xF8, 0x3E, 0x0F, 0xFF, 0xFF, 0xFF, 0xFF, 0xF0, 0x3C,
    0x1E, 0x07, 0x81, 0xF0, 0x7C, 0x0F, 0x1F, 0xC1, 0xFF, 0x9F, 0xFD, 0xFF, 0xFF, 0x8F, 0xFF, 0xFF,
    0xFF, 0xFF, 0xFF, 0xFF, 0xFF, 0xC0, 0xBF, 0xFC, 0xFF, 0xE3, 0xFF, 0x0F, 0xF8, 0x03, 0x80, 0x38,
    0x01, 0xC0, 0x0F, 0x80, 0x7C, 0x01, 0xE0, 0x79, 0xE7, 0xFE, 0x3F, 0xC1, 0xF8, 0x00, 0x07, 0xFE,
    0x7F, 0xE7, 0xFE, 0x7F, 0xE7, 0xC0, 0x7C, 0x07, 0xC0, 0x7F, 0xE7, 0xFE, 0x7F, 0xE7, 0xFE, 0x7C,
    0x07, 0xC0, 0x7C, 0x07, 0xFE, 0x7F, 0xE7, 0xFE, 0x7F, 0xE0, 0x79, 0xF1, 0xFF, 0x07, 0xF0, 0x3F,
    0x00, 0x00, 0x0F, 0xE0, 0xFF, 0xCF, 0xFF, 0xFF, 0xFF, 0xC7, 0xFF, 0xFF, 0xFF, 0xFF, 0xFF, 0xFC,
    0x03, 0xF0, 0x5F, 0xFE, 0x7F, 0xF1, 0xFF, 0x87, 0xFC, 0x08, 0x40, 0x03, 0x30, 0x00, 0xFC, 0x00,
    0x3F, 0x00, 0x07, 0xF8, 0x07, 0xFF, 0x03, 0xE0, 0xF9, 0xE0, 0x0E, 0x78, 0x01, 0xBC, 0x00, 0x6F,
    0x00, 0x0B, 0xC0, 0x00, 0xE0, 0x00, 0x38, 0x07, 0xFE, 0x00, 0x7B, 0xC0, 0x0E, 0xF0, 0x03, 0x9C,
    0x00, 0xE7, 0x80, 0x38, 0xF0, 0x1E, 0x1E, 0x1F, 0x01, 0xFF, 0x00, 0x84, 0x0C, 0xC0, 0xFC, 0x07,
    0x80, 0x00, 0x33, 0xFE, 0x73, 0xEF, 0x1C, 0xE1, 0xCE, 0x1C, 0xF1, 0xC7, 0x38, 0x3F, 0x03, 0x00,
    0x3F, 0x03, 0xFC, 0x3F, 0xEE, 0x0E, 0xC0, 0xEE, 0x1C, 0x7F, 0x81, 0xE0, 0x03, 0xE0, 0x07, 0xC0,
    0x0F, 0x80, 0x1F, 0x00, 0x00, 0x00, 0xFF, 0x87, 0xFF, 0x9F, 0xFE, 0x7F, 0xFC, 0xFC, 0x13, 0xF0,
    0x07, 0xC0, 0x0F, 0x9F, 0xFF, 0x3F, 0xFE, 0x7F, 0xFC, 0xFF, 0xF8, 0x3F, 0xF8, 0x7F, 0xF8, 0xFB,
    0xFF, 0xF3, 0xFF, 0xE3, 0xFF, 0xC3, 0xFF, 0x80, 0x0F, 0x80, 0x7C, 0x03, 0xE0, 0x1F, 0x00, 0x00,
    0x1F, 0xFD, 0xFF, 0xFF, 0xFF, 0xFF, 0xFF, 0xC7, 0xFE, 0x3F, 0xF1, 0xFF, 0x8F, 0xFC, 0x7F, 0xE3,
    0xFF, 0xFF, 0xFF, 0xFB, 0xFF, 0xCF, 0xBE, 0x01, 0xFC, 0x1F, 0xFF, 0xFF, 0xFF, 0xDF, 0xFE, 0x7F,
    0xC0, 0x07, 0xFC, 0x3F, 0xFC, 0xFF, 0xF3, 0xFF, 0xE7, 0xE0, 0xDF, 0x80, 0x3E, 0x00, 0x7C, 0x00,
    0xF9, 0xFF, 0xF3, 0xFF, 0xE7, 0xFF, 0xCF, 0xFF, 0xC3, 0xFF, 0xC7, 0xDF, 0xFF, 0x9F, 0xFF, 0x1F,
    0xFE, 0x1F, 0xFC, 0x00, 0x00, 0x00, 0x00, 0x3E, 0x00, 0x78, 0x01, 0xF0, 0x03, 0xC0, 0x07, 0x80,
    0x3C, 0x03, 0xE0, 0x1E, 0x00, 0x00, 0x1F, 0xFD, 0xFF, 0xFF, 0xFF, 0xFF, 0xFF, 0xC7, 0xFE, 0x3F,
    0xF1, 0xFF, 0x8F, 0xFC, 0x7F, 0xE3, 0xFF, 0xFF, 0xFF, 0xFB, 0xFF, 0xCF, 0xBE, 0x01, 0xFC, 0x1F,
    0xFF, 0xFF, 0xFF, 0xDF, 0xFE, 0x7F, 0xC0, 0x3E, 0x0F, 0x87, 0xC1, 0xF3, 0xFF, 0xFF, 0xFF, 0xFF,
    0xFF, 0xFF, 0xFE, 0x7C, 0x1F, 0x0F, 0x83, 0xE1, 0xFF, 0xFC, 0x3F, 0xFF, 0x87, 0xFF, 0xF0, 0xFF,
    0xFE, 0x1F, 0x07, 0xC3, 0xE0, 0xF8, 0x7C, 0x1F, 0x0F, 0x83, 0xE1, 0xF0, 0x7C, 0x3E, 0x0F, 0x87,
    0xC1, 0xF0, 0x3E, 0x01, 0xFF, 0x03, 0xFE, 0x07, 0xFC, 0x0F, 0xF8, 0x07, 0xC0, 0x0F, 0xFE, 0x1F,
    0xFE, 0x3F, 0xFE, 0x7F, 0xFC, 0xFD, 0xF9, 0xF1, 0xF3, 0xE3, 0xE7, 0xC7, 0xCF, 0x8F, 0x9F, 0x1F,
    0x3E, 0x3E, 0x7C, 0x7C, 0xF8, 0xF8, 0x3A, 0x3F, 0x01, 0x0F, 0xC3, 0xC0, 0xE0, 0x70, 0x38, 0x1C,
    0x0E, 0x07, 0x03, 0x81, 0xC0, 0xE0, 0x70, 0x38, 0x1C, 0x0E, 0x07, 0x07, 0x87, 0xF0, 0x00, 0x7A,
    0x5E, 0x00, 0x1C, 0x7C, 0x3C, 0x1C, 0x1C, 0x1C, 0x1C, 0x1C, 0x1C, 0x1C, 0x3E, 0xFF, 0xFF, 0xFF,
    0xE0, 0x0F, 0xFF, 0xFF, 0xFE, 0xFE, 0x3E, 0x1F, 0x0F, 0x87, 0xC3, 0xE1, 0xF0, 0xF8, 0x7C, 0x3E,
    0x1F, 0x1F, 0xDF, 0xFF, 0xFF, 0xFC, 0xFF, 0xFF, 0xFF, 0xE0, 0x03, 0xE1, 0xF0, 0xF8, 0x7C, 0x3E,
    0x1F, 0x0F, 0x87, 0xC3, 0xE1, 0xF0, 0xF8, 0x7C, 0x3E, 0x1F, 0x00, 0xFF, 0xFF, 0xFF, 0xEF, 0xE3,
    0xE1, 0xF0, 0xF8, 0x7C, 0x3E, 0x1F, 0x0F, 0x87, 0xC3, 0xE1, 0xF1, 0xFD, 0xFF, 0xFF, 0xFF, 0xC1,
    0xC1, 0xC0, 0xE0, 0x7C, 0x3E, 0x0F, 0xFF, 0xFF, 0xF0, 0x7F, 0xFF, 0xFF, 0xFF, 0xFF, 0xFF, 0xFF,
    0xFF, 0xFE, 0xEF, 0x73, 0xFF, 0x78, 0x1F, 0xF8, 0xFF, 0xC6, 0x06, 0x30, 0x31, 0x81, 0x8C, 0x0C,
    0x60, 0x63, 0x03, 0x7E, 0x19, 0xE0, 0xC7, 0x06, 0x38, 0x31, 0xC1, 0x8E, 0x0C, 0x70, 0x63, 0x83,
    0x1C, 0x18, 0xE0, 0xC7, 0xFE, 0x3F, 0xF1, 0xC0, 0x0E, 0x00, 0x70, 0x03, 0x80, 0x3C, 0x03, 0xF8,
    0x00, 0x00, 0x00, 0x73, 0xE3, 0xC3, 0x87, 0x0E, 0x1C, 0x38, 0x70, 0xE3, 0xE0, 0xF8, 0x7F, 0xF1,
    0xFB, 0xE3, 0xF7, 0xCF, 0xCF, 0xBF, 0x1F, 0x7E, 0x3F, 0xF8, 0x7F, 0xE0, 0xFF, 0xC1, 0xFF, 0xC3,
    0xFF, 0x87, 0xFF, 0x8F, 0xBF, 0x1F, 0x3F, 0x3E, 0x7E, 0x7C, 0x7E, 0xF8, 0xFD, 0xF0, 0xFC, 0x00,
    0x00, 0x00, 0x00, 0x78, 0x00, 0xF0, 0x03, 0xE0, 0x07, 0x80, 0xF8, 0x01, 0xF0, 0x03, 0xE0, 0x07,
    0xC0, 0x0F, 0x80, 0x1F, 0x1F, 0xBE, 0x7E, 0x7C, 0xFC, 0xFB, 0xF1, 0xFF, 0xC3, 0xFF, 0x07, 0xFE,
    0x0F, 0xFE, 0x1F, 0xFC, 0x3F, 0xFC, 0x7C, 0xFC, 0xF9, 0xF9, 0xF1, 0xFB, 0xE3, 0xF0, 0x00, 0x00,
    0x00, 0x01, 0xF0, 0x03, 0xE0, 0x07, 0x80, 0x0F, 0x00, 0x1F, 0x83, 0xF0, 0x7C, 0x07, 0x80, 0x00,
    0x07, 0xC0, 0x7C, 0x07, 0xC0, 0x7C, 0x07, 0xC0, 0x7C, 0x07, 0xC0, 0x7C, 0x07, 0xC0, 0x7C, 0x07,
    0xC0, 0x7C, 0x07, 0xC0, 0x7C, 0x07, 0xFF, 0x7F, 0xF7, 0xFF, 0x7F, 0xF0, 0x1F, 0x9F, 0x9F, 0x0F,
    0x00, 0x03, 0xE1, 0xF0, 0xF8, 0x7C, 0x3E, 0x1F, 0x0F, 0x87, 0xC3, 0xE1, 0xF0, 0xF8, 0x7C, 0x3E,
    0x1F, 0x0F, 0x87, 0xC3, 0xE1, 0xF0, 0xF8, 0xF8, 0x1F, 0x03, 0xE0, 0x7C, 0x0F, 0x81, 0xF0, 0x3E,
    0x07, 0xC0, 0xF8, 0x1F, 0x03, 0xE0, 0x7C, 0x0F, 0x81, 0xF0, 0x3F, 0xFF, 0xFF, 0xFF, 0xFF, 0xFC,
    0x00, 0x00, 0x01, 0xF0, 0x3E, 0x07, 0x80, 0xF0, 0x7D, 0xF7, 0xDF, 0x7D, 0xF7, 0xDF, 0x7D, 0xF7,
    0xDF, 0x7D, 0xF7, 0xDF, 0x7D, 0xF7, 0xC0, 0x01, 0xF7, 0xDE, 0x78, 0xF9, 0xFF, 0x9F, 0xF9, 0xEF,
    0x9C, 0xF8, 0x0F, 0x80, 0xF8, 0x0F, 0x80, 0xF8, 0x0F, 0x80, 0xF8, 0x0F, 0x80, 0xF8, 0x0F, 0x80,
    0xFF, 0xEF, 0xFE, 0xFF, 0xEF, 0xFE, 0xFB, 0xFF, 0xFB, 0xFE, 0x7F, 0xCF, 0x81, 0xF0, 0x3E, 0x07,
    0xC0, 0xF8, 0x1F, 0x03, 0xE0, 0x7C, 0x0F, 0x81, 0xF0, 0x3E, 0x07, 0xC0, 0xF8, 0x1F, 0x03, 0xE0,
    0x00, 0x1F, 0x00, 0x7C, 0x01, 0xF0, 0x07, 0xD0, 0x1F, 0xE0, 0x7F, 0xC1, 0xFF, 0x07, 0xF8, 0x3F,
    0x83, 0xFC, 0x0F, 0xF0, 0x3F, 0xC0, 0x7F, 0x00, 0x7C, 0x01, 0xFF, 0xC7, 0xFF, 0x1F, 0xFC, 0x7F,
    0xF0, 0x0F, 0x80, 0xF8, 0x0F, 0x80, 0xF8, 0x0F, 0x80, 0xF8, 0x0F, 0xE0, 0xFE, 0x0F, 0xF0, 0xFF,
    0x3F, 0xC7, 0xF8, 0x7F, 0x83, 0xF8, 0x3F, 0x80, 0xF8, 0x0F, 0x80, 0xF8, 0x0F, 0x80, 0x00, 0xFC,
    0x00, 0xFC, 0x00, 0xF8, 0x00, 0x78, 0x00, 0x00, 0x07, 0xF0, 0x7F, 0xF8, 0x3F, 0xFE, 0x1F, 0xFF,
    0x0F, 0xFF, 0xC7, 0xFF, 0xE3, 0xFF, 0xF9, 0xFF, 0xFC, 0xFF, 0xDF, 0x7F, 0xEF, 0xBF, 0xF7, 0xFF,
    0xF9, 0xFF, 0xFC, 0xFF, 0xFE, 0x3F, 0xFF, 0x1F, 0xFF, 0x87, 0xFF, 0xC3, 0xFF, 0xE0, 0xFE, 0x03,
    0xF0, 0x3F, 0x03, 0xE0, 0x1E, 0x00, 0x00, 0x7B, 0xF3, 0xFF, 0xDF, 0xFF, 0xFF, 0xFF, 0xE7, 0xFE,
    0x3F, 0xF1, 0xFF, 0x8F, 0xFC, 0x7F, 0xE3, 0xFF, 0x1F, 0xF8, 0xFF, 0xC7, 0xFE, 0x3E, 0xFE, 0x0F,
    0xFF, 0x07, 0xFF, 0xC3, 0xFF, 0xE1, 0xFF, 0xF8, 0xFF, 0xFC, 0x7F, 0xFF, 0x3F, 0xFF, 0x9F, 0xFB,
    0xEF, 0xFD, 0xF7, 0xFE, 0xFF, 0xFF, 0x3F, 0xFF, 0x9F, 0xFF, 0xC7, 0xFF, 0xE3, 0xFF, 0xF0, 0xFF,
    0xF8, 0x7F, 0xFC, 0x1F, 0xC0, 0x00, 0x00, 0x00, 0x00, 0x3E, 0x00, 0x1F, 0x00, 0x0F, 0x00, 0x07,
    0x80, 0xF7, 0xE7, 0xFF, 0xBF, 0xFF, 0xFF, 0xFF, 0xCF, 0xFC, 0x7F, 0xE3, 0xFF, 0x1F, 0xF8, 0xFF,
    0xC7, 0xFE, 0x3F, 0xF1, 0xFF, 0x8F, 0xFC, 0x7C, 0x00, 0x00, 0x00, 0x0F, 0x80, 0x7C, 0x03, 0xC0,
    0x1E, 0x00, 0x1E, 0x7C, 0x07, 0xFC, 0x01, 0xFC, 0x00, 0xFC, 0x00, 0x00, 0x07, 0xF0, 0x7F, 0xF8,
    0x3F, 0xFE, 0x1F, 0xFF, 0x0F, 0xFF, 0xC7, 0xFF, 0xE3, 0xFF, 0xF9, 0xFF, 0xFC, 0xFF, 0xDF, 0x7F,
    0xEF, 0xBF, 0xF7, 0xFF, 0xF9, 0xFF, 0xFC, 0xFF, 0xFE, 0x3F, 0xFF, 0x1F, 0xFF, 0x87, 0xFF, 0xC3,
    0xFF, 0xE0, 0xFE, 0x7D, 0xF1, 0xFF, 0x07, 0xF0, 0x1F, 0x80, 0x00, 0x7B, 0xF3, 0xFF, 0xDF, 0xFF,
    0xFF, 0xFF, 0xE7, 0xFE, 0x3F, 0xF1, 0xFF, 0x8F, 0xFC, 0x7F, 0xE3, 0xFF, 0x1F, 0xF8, 0xFF, 0xC7,
    0xFE, 0x3E, 0x0F, 0xFC, 0x1F, 0xF8, 0x3D, 0xF0, 0x39, 0xC0, 0x00, 0x00, 0x0F, 0xF0, 0x3F, 0xFC,
    0x7F, 0xFE, 0x7F, 0xFE, 0xFC, 0x3F, 0xFC, 0x3F, 0xF8, 0x1F, 0xF8, 0x1F, 0xF8, 0x1F, 0xF8, 0x1F,
    0xF8, 0x1F, 0xF8, 0x1F, 0xFC, 0x3F, 0xFC, 0x3F, 0x7F, 0xFE, 0x7F, 0xFE, 0x3F, 0xFC, 0x0F, 0xF0,
    0x3F, 0xFB, 0xEF, 0x9E, 0xF1, 0xE7, 0x00, 0x00, 0x0F, 0xE0, 0xFF, 0x8F, 0xFE, 0xFF, 0xFF, 0xC7,
    0xFE, 0x3F, 0xF1, 0xFF, 0x8F, 0xFC, 0x7F, 0xE3, 0xFF, 0xFF, 0x7F, 0xF1, 0xFF, 0x07, 0xF0, 0x07,
    0xFF, 0xFE, 0x0F, 0x1F, 0x03, 0x0E, 0x07, 0x81, 0x8E, 0x01, 0xC0, 0x47, 0x00, 0xE0, 0x07, 0x00,
    0x70, 0x03, 0x80, 0x38, 0x21, 0xC0, 0x1C, 0x30, 0xE0, 0x0F, 0xF8, 0x70, 0x07, 0x0C, 0x38, 0x03,
    0x82, 0x1C, 0x01, 0xC0, 0x0F, 0x00, 0xE0, 0x03, 0x80, 0x70, 0x01, 0xE0, 0x38, 0x04, 0x78, 0x1C,
    0x06, 0x1F, 0x1E, 0x0F, 0x03, 0xFF, 0xFF, 0x00, 0x3F, 0x9F, 0x8E, 0x3F, 0x3B, 0x83, 0xC7, 0x70,
    0x78, 0x7E, 0x0F, 0xFF, 0xC0, 0xE0, 0x38, 0x1C, 0x07, 0x03, 0x80, 0xF0, 0xF8, 0x2F, 0x3F, 0xFC,
    0x7E, 0x7E, 0x00, 0x00, 0x00, 0x03, 0xF0, 0x0F, 0xC0, 0x3E, 0x00, 0x78, 0x00, 0x00, 0x1F, 0xF8,
    0x3F, 0xFC, 0x7F, 0xF8, 0xFF, 0xF9, 0xF3, 0xF3, 0xE3, 0xE7, 0xCF, 0xCF, 0xBF, 0x9F, 0xFE, 0x3F,
    0xF8, 0x7F, 0xE0, 0xFF, 0xE1, 0xF7, 0xE3, 0xEF, 0xC7, 0xCF, 0xCF, 0x8F, 0xDF, 0x1F, 0xBE, 0x1F,
    0x80, 0x0F, 0xC7, 0xE3, 0xE0, 0xF0, 0x00, 0x3D, 0xFF, 0xFF, 0xFF, 0xFF, 0xBF, 0x8F, 0x83, 0xE0,
    0xF8, 0x3E, 0x0F, 0x83, 0xE0, 0xF8, 0x3E, 0x0F, 0x80, 0x79, 0xF0, 0x7F, 0xC0, 0x7F, 0x00, 0xFC,
    0x00, 0x00, 0x1F, 0xF8, 0x3F, 0xFC, 0x7F, 0xF8, 0xFF, 0xF9, 0xF3, 0xF3, 0xE3, 0xE7, 0xCF, 0xCF,
    0xBF, 0x9F, 0xFE, 0x3F, 0xF8, 0x7F, 0xE0, 0xFF, 0xE1, 0xF7, 0xE3, 0xEF, 0xC7, 0xCF, 0xCF, 0x8F,
    0xDF, 0x1F, 0xBE, 0x1F, 0x80, 0xFB, 0xEF, 0xF8, 0xFE, 0x1F, 0xC0, 0x00, 0xF7, 0xDF, 0xFB, 0xFF,
    0x7F, 0xCF, 0xE1, 0xF0, 0x3E, 0x07, 0xC0, 0xF8, 0x1F, 0x03, 0xE0, 0x7C, 0x0F, 0x81, 0xF0, 0x00,
    0x03, 0xF0, 0x7C, 0x0F, 0x81, 0xE0, 0x00, 0x03, 0xFE, 0x7F, 0xFF, 0xFF, 0xFF, 0xEF, 0x86, 0xFC,
    0x0F, 0xE0, 0xFF, 0x87, 0xFE, 0x7F, 0xF1, 0xFF, 0x07, 0xF0, 0x1F, 0xC1, 0xFF, 0xFF, 0xFF, 0xEF,
    0xFE, 0xFF, 0x80, 0x07, 0xE1, 0xF8, 0x7C, 0x1E, 0x00, 0x00, 0x7F, 0xBF, 0xFF, 0xFE, 0xFF, 0xDF,
    0x9B, 0xFC, 0x7F, 0xE7, 0xFC, 0x3F, 0xE1, 0xFF, 0xFF, 0xFF, 0xFF, 0xFB, 0xFE, 0x00, 0x1F, 0xE1,
    0xC7, 0x18, 0x1C, 0xC0, 0x66, 0x03, 0x38, 0x01, 0xF0, 0x0F, 0xF0, 0x3F, 0xE0, 0x7F, 0x80, 0xFC,
    0x01, 0xF8, 0x07, 0xE0, 0x1F, 0x01, 0xCC, 0x0E, 0x78, 0xE3, 0xFC, 0x0C, 0x00, 0xF0, 0x03, 0x80,
    0x1C, 0x03, 0x80, 0x00, 0x00, 0x0F, 0x83, 0x98, 0x63, 0x0F, 0x01, 0xF8, 0x1F, 0x80, 0xF0, 0x86,
    0x18, 0xC3, 0x98, 0x7E, 0x18, 0x03, 0x80, 0x70, 0x0E, 0x03, 0x00, 0x00, 0x00, 0xF0, 0xF7, 0xFE,
    0x3F, 0xC3, 0xFC, 0x1F, 0x80, 0x00, 0x3F, 0xE7, 0xFF, 0xFF, 0xFF, 0xFE, 0xF8, 0x6F, 0xC0, 0xFE,
    0x0F, 0xF8, 0x7F, 0xE7, 0xFF, 0x1F, 0xF0, 0x7F, 0x01, 0xFC, 0x1F, 0xFF, 0xFF, 0xFE, 0xFF, 0xEF,
    0xF8, 0x79, 0xF7, 0xFE, 0x3F, 0xC1, 0xF8, 0x00, 0x01, 0xFE, 0x7F, 0xF7, 0xFE, 0x7F, 0xE7, 0xE6,
    0x7F, 0x87, 0xFE, 0x3F, 0xE0, 0xFF, 0x43, 0xF7, 0xFF, 0x7F, 0xF7, 0xFE, 0x7F, 0xC0, 0x79, 0xF1,
    0xFF, 0x07, 0xF0, 0x3F, 0x00, 0x00, 0x7F, 0xFF, 0xFF, 0xFF, 0xFF, 0xFF, 0xF8, 0x7C, 0x03, 0xE0,
    0x1F, 0x00, 0xF8, 0x07, 0xC0, 0x3E, 0x01, 0xF0, 0x0F, 0x80, 0x7C, 0x03, 0xE0, 0x1F, 0x00, 0xF8,
    0x07, 0xC0, 0x3E, 0x00, 0x00, 0x3E, 0x00, 0x7C, 0xF0, 0xF1, 0xE1, 0xC3, 0xC0, 0x0F, 0xF8, 0x3F,
    0xF0, 0x7F, 0xE0, 0xFF, 0xC0, 0xF8, 0x01, 0xF0, 0x03, 0xE0, 0x07, 0xC0, 0x0F, 0x80, 0x1F, 0x00,
    0x3F, 0xE0, 0x7F, 0xC0, 0x7F, 0x80, 0x7F, 0x00, 0x00, 0xE0, 0x00, 0x0F, 0xC0, 0x00, 0x9C, 0x0F,
    0xF0, 0x3F, 0x3C, 0x00, 0xE1, 0xC0, 0x0C, 0x1C, 0x00, 0xC1, 0xC0, 0x0C, 0x1C, 0x00, 0xC1, 0xC0,
    0x0C, 0x1C, 0x00, 0xC1, 0xC0, 0x0C, 0x1C, 0x00, 0xC1, 0xC0, 0x0C, 0x1C, 0x00, 0xC1, 0xC0, 0x0C,
    0x1C, 0x00, 0xC1, 0xE0, 0x0C, 0x0E, 0x01, 0x80, 0x78, 0x70, 0x03, 0xFE, 0x00, 0x0F, 0xC0, 0x2F,
    0x00, 0x81, 0x1E, 0x3C, 0xF9, 0xF0, 0xE1, 0xC3, 0x87, 0x0E, 0x1C, 0x38, 0x70, 0xE1, 0xC3, 0x87,
    0x0E, 0x3C, 0x3C, 0xF8, 0x7F, 0xF0, 0x1F, 0xF0, 0x3F, 0xE0, 0x7F, 0xC0, 0x00, 0x0F, 0x83, 0xFF,
    0x07, 0xFE, 0x0F, 0xFC, 0x1F, 0xF8, 0x3F, 0xF0, 0x7F, 0xE0, 0xFF, 0xC1, 0xFF, 0x83, 0xFF, 0x07,
    0xFE, 0x0F, 0xFC, 0x1F, 0xF8, 0x7F, 0xF8, 0xFF, 0xFF, 0xF3, 0xFF, 0xE3, 0xFF, 0x83, 0xFC, 0x00,
    0x3F, 0xE1, 0xFF, 0x0F, 0xF8, 0x00, 0x0F, 0x8F, 0xFC, 0x7F, 0xE3, 0xFF, 0x1F, 0xF8, 0xFF, 0xC7,
    0xFE, 0x3F, 0xF1, 0xFF, 0x8F, 0xFC, 0xFF, 0xFF, 0xFF, 0xFF, 0x7F, 0xF9, 0xFB, 0xC0, 0x00, 0x00,
    0x0F, 0x00, 0x3F, 0x00, 0x7E, 0x00, 0xFC, 0x01, 0xF8, 0x01, 0xE0, 0x00, 0x00, 0xF8, 0x3F, 0xF0,
    0x7F, 0xE0, 0xFF, 0xC1, 0xFF, 0x83, 0xFF, 0x07, 0xFE, 0x0F, 0xFC, 0x1F, 0xF8, 0x3F, 0xF0, 0x7F,
    0xE0, 0xFF, 0xC1, 0xFF, 0x87, 0xFF, 0x8F, 0xFF, 0xFF, 0x3F, 0xFE, 0x3F, 0xF8, 0x3F, 0xC0, 0x00,
    0x00, 0x78, 0x07, 0xE0, 0x3F, 0x01, 0xF8, 0x0F, 0xC0, 0x3C, 0x00, 0x00, 0xF8, 0xFF, 0xC7, 0xFE,
    0x3F, 0xF1, 0xFF, 0x8F, 0xFC, 0x7F, 0xE3, 0xFF, 0x1F, 0xF8, 0xFF, 0xCF, 0xFF, 0xFF, 0xFF, 0xF7,
    0xFF, 0x9F, 0xFC, 0x1F, 0xFC, 0x7F, 0xF1, 0xF7, 0x83, 0x9E, 0x00, 0x00, 0x1F, 0x07, 0xFE, 0x0F,
    0xFC, 0x1F, 0xF8, 0x3F, 0xF0, 0x7F, 0xE0, 0xFF, 0xC1, 0xFF, 0x83, 0xFF, 0x07, 0xFE, 0x0F, 0xFC,
    0x1F, 0xF8, 0x3F, 0xF0, 0xFF, 0xF1, 0xFF, 0xFF, 0xE7, 0xFF, 0xC7, 0xFF, 0x07, 0xF8, 0x00, 0x3F,
    0xFB, 0xEF, 0xBE, 0xF1, 0xC7, 0x00, 0x00, 0x7C, 0x7F, 0xE3, 0xFF, 0x1F, 0xF8, 0xFF, 0xC7, 0xFE,
    0x3F, 0xF1, 0xFF, 0x8F, 0xFC, 0x7F, 0xE7, 0xFF, 0xFF, 0xFF, 0xFB, 0xFF, 0xCF, 0xDE, 0xF8, 0x3F,
    0xF0, 0x7F, 0xE0, 0xFF, 0xC1, 0xFF, 0x83, 0xFF, 0x07, 0xFE, 0x0F, 0xFC, 0x1F, 0xF8, 0x3F, 0xF0,
    0x7F, 0xE0, 0xFF, 0xC1, 0xFF, 0x87, 0xFF, 0x8F, 0xFF, 0xFF, 0x3F, 0xFE, 0x3F, 0xF8, 0x3F, 0xE0,
    0x07, 0x80, 0x0F, 0x00, 0x1E, 0x00, 0x3E, 0x00, 0x7C, 0x00, 0x78, 0xF8, 0xFF, 0xC7, 0xFE, 0x3F,
    0xF1, 0xFF, 0x8F, 0xFC, 0x7F, 0xE3, 0xFF, 0x1F, 0xF8, 0xFF, 0xCF, 0xFF, 0xFF, 0xFF, 0xF7, 0xFF,
    0x9F, 0xBC, 0x03, 0xC0, 0x3C, 0x01, 0xE0, 0x0F, 0xC0, 0x7E, 0x01, 0xF0, 0x00, 0x7E, 0x00, 0x00,
    0x3F, 0x80, 0x00, 0x3F, 0xE0, 0x00, 0x3C, 0xF8, 0x00, 0x00, 0x00, 0x07, 0xC1, 0xF0, 0xFF, 0xF1,
    0xF8, 0x7D, 0xF8, 0xFC, 0x3E, 0x7C, 0x7F, 0x1F, 0x3E, 0x3F, 0x9F, 0x9F, 0x1F, 0xCF, 0x8F, 0xDF,
    0xE7, 0xC3, 0xEF, 0xF3, 0xE1, 0xF7, 0xFD, 0xF0, 0xFB, 0xDF, 0xF8, 0x7D, 0xEF, 0xF8, 0x1F, 0xF7,
    0xFC, 0x0F, 0xFB, 0xFE, 0x07, 0xF9, 0xFF, 0x03, 0xFC, 0x7F, 0x00, 0xFE, 0x3F, 0x80, 0x7F, 0x1F,
    0xC0, 0x3F, 0x0F, 0xE0, 0x00, 0xFE, 0x00, 0x01, 0xFC, 0x00, 0x07, 0xFC, 0x00, 0x1E, 0x3C, 0x00,
    0x00, 0x00, 0x0F, 0x9F, 0xCF, 0x9F, 0x3F, 0x9F, 0x3E, 0x7F, 0x3E, 0x7C, 0xFE, 0xFC, 0x7D, 0xFD,
    0xF0, 0xFF, 0xFF, 0xE1, 0xFF, 0xFF, 0xC3, 0xFE, 0xFF, 0x83, 0xFD, 0xFE, 0x07, 0xFB, 0xFC, 0x0F,
    0xE7, 0xF8, 0x1F, 0xC7, 0xE0, 0x1F, 0x8F, 0xC0, 0x3F, 0x1F, 0x80, 0x07, 0xE0, 0x07, 0xF8, 0x03,
    0xFE, 0x03, 0xC7, 0x80, 0x00, 0x07, 0xE0, 0xF9, 0xF8, 0xFC, 0xFC, 0x7C, 0x3E, 0x7E, 0x1F, 0xBE,
    0x07, 0xFF, 0x03, 0xFF, 0x00, 0xFF, 0x80, 0x7F, 0x80, 0x1F, 0xC0, 0x0F, 0xC0, 0x03, 0xE0, 0x01,
    0xF0, 0x00, 0xF8, 0x00, 0x7C, 0x00, 0x3E, 0x00, 0x1F, 0x00, 0x0F, 0x80, 0x07, 0xE0, 0x0F, 0xF0,
    0x1F, 0xF8, 0x1E, 0x78, 0x00, 0x00, 0x7C, 0x3E, 0x7C, 0x3E, 0x7E, 0x7E, 0x3E, 0x7C, 0x3E, 0x7C,
    0x3E, 0x7C, 0x1F, 0xF8, 0x1F, 0xF8, 0x1F, 0xF8, 0x0F, 0xF0, 0x0F, 0xF0, 0x07, 0xF0, 0x07, 0xE0,
    0x07, 0xE0, 0x07, 0xE0, 0x07, 0xC0, 0x3F, 0xC0, 0x3F, 0x80, 0x3F, 0x80, 0x3E, 0x00, 0x03, 0x30,
    0x01, 0xFE, 0x00, 0x33, 0x00, 0x00, 0x00, 0x7F, 0x0F, 0x8F, 0x80, 0xC1, 0xE0, 0x60, 0x3C, 0x18,
    0x0F, 0x0C, 0x01, 0xE6, 0x00, 0x39, 0x80, 0x0F, 0xC0, 0x01, 0xF0, 0x00, 0x78, 0x00, 0x0E, 0x00,
    0x03, 0x80, 0x00, 0xE0, 0x00, 0x38, 0x00, 0x0E, 0x00, 0x03, 0x80, 0x01, 0xE0, 0x00, 0xFE, 0x00,
    0x00, 0x00, 0x03, 0xF0, 0x3F, 0x03, 0xF0, 0x1E, 0x00, 0x00, 0x7F, 0xFF, 0xFF, 0xFF, 0xFF, 0xFF,
    0xF8, 0x1F, 0x80, 0xFC, 0x0F, 0xC0, 0xFC, 0x07, 0xE0, 0x7E, 0x03, 0xF0, 0x3F, 0x03, 0xF0, 0x1F,
    0x81, 0xFF, 0xFF, 0xFF, 0xFF, 0xFF, 0xFF, 0xE0, 0x07, 0xE0, 0xFC, 0x1F, 0x03, 0xC0, 0x00, 0x0F,
    0xFC, 0xFF, 0xCF, 0xFC, 0xFF, 0xC0, 0xF8, 0x1F, 0x81, 0xF0, 0x3E, 0x07, 0xE0, 0x7C, 0x0F, 0xFE,
    0xFF, 0xEF, 0xFE, 0xFF, 0xE0, 0x0F, 0x80, 0x7C, 0x03, 0xE0, 0x1F, 0x00, 0x00, 0x7F, 0xFF, 0xFF,
    0xFF, 0xFF, 0xFF, 0xF8, 0x1F, 0x80, 0xFC, 0x0F, 0xC0, 0xFC, 0x07, 0xE0, 0x7E, 0x03, 0xF0, 0x3F,
    0x03, 0xF0, 0x1F, 0x81, 0xFF, 0xFF, 0xFF, 0xFF, 0xFF, 0xFF, 0xE0, 0x1F, 0x03, 0xE0, 0x7C, 0x0F,
    0x80, 0x01, 0xFF, 0xBF, 0xF7, 0xFE, 0xFF, 0xC1, 0xF0, 0x3E, 0x0F, 0x83, 0xF0, 0x7C, 0x1F, 0x87,
    0xFF, 0xFF, 0xFF, 0xFF, 0xFF, 0x80, 0x7C, 0xF1, 0xFF, 0x07, 0xF8, 0x1F, 0x80, 0x00, 0x7F, 0xFF,
    0xFF, 0xFF, 0xFF, 0xFF, 0xF8, 0x1F, 0x80, 0xFC, 0x0F, 0xC0, 0xFC, 0x07, 0xE0, 0x7E, 0x03, 0xF0,
    0x3F, 0x03, 0xF0, 0x1F, 0x81, 0xFF, 0xFF, 0xFF, 0xFF, 0xFF, 0xFF, 0xE0, 0xF3, 0xEF, 0xF9, 0xFE,
    0x1F, 0x80, 0x01, 0xFF, 0xBF, 0xF7, 0xFE, 0xFF, 0xC1, 0xF0, 0x7E, 0x0F, 0x83, 0xE0, 0xFC, 0x1F,
    0x07, 0xFF, 0xFF, 0xFF, 0xFF, 0xFF, 0x80, 0x00, 0x01, 0xC0, 0x00, 0x38, 0x1F, 0xE3, 0x0E, 0x0F,
    0xC3, 0x80, 0xF8, 0xE0, 0x0F, 0x18, 0x00, 0xF7, 0x00, 0x0E, 0xE0, 0x01, 0xFC, 0x00, 0x3F, 0x80,
    0x03, 0xF0, 0x00, 0x7E, 0x00, 0x0F, 0xC0, 0x03, 0xB8, 0x00, 0x73, 0x80, 0x0E, 0x78, 0x03, 0x87,
    0x80, 0x60, 0x7C, 0x38, 0x03, 0xFC, 0x00, 0x00, 0x20, 0x07, 0x00, 0x31, 0xFF, 0x71, 0xC6, 0x0E,
    0xE0, 0xEE, 0x0F, 0xE0, 0x7E, 0x07, 0xE0, 0x6F, 0x0E, 0x79, 0xC3, 0xF8, 0x00, 0x00, 0x38, 0x00,
    0x01, 0xFF, 0xC0, 0xF6, 0x78, 0x01, 0xE1, 0xC0, 0x0C, 0x0E, 0x00, 0x60, 0x70, 0x03, 0x03, 0x80,
    0x18, 0x1C, 0x00, 0xC0, 0xE0, 0x06, 0x07, 0x00, 0x30, 0x38, 0x01, 0x81, 0xC0, 0x0C, 0x0E, 0x00,
    0x60, 0x70, 0x03, 0x03, 0x80, 0x18, 0x1E, 0x00, 0xC0, 0x70, 0x0C, 0x01, 0xE1, 0xC0, 0x07, 0xFC,
    0x00, 0x00, 0x0C, 0x00, 0x71, 0x80, 0xDE, 0x3F, 0xF9, 0xF0, 0xE1, 0xC3, 0x87, 0x0E, 0x1C, 0x38,
    0x70, 0xE1, 0xC3, 0x87, 0x0E, 0x3C, 0x3C, 0xF8, 0x7F, 0xE0, 0x3F, 0xE7, 0xFF, 0xFF, 0xFF, 0xFE,
    0xF8, 0x6F, 0xC0, 0xFE, 0x0F, 0xF8, 0x7F, 0xE7, 0xFF, 0x1F, 0xF0, 0x7F, 0x01, 0xFC, 0x1F, 0xFF,
    0xFF, 0xFE, 0xFF, 0xEF, 0xF8, 0x00, 0x00, 0x00, 0x0F, 0x01, 0xF0, 0x1F, 0x01, 0xE0, 0x3F, 0xDF,
    0xFF, 0xFF, 0x7F, 0xEF, 0xCD, 0xFE, 0x3F, 0xF3, 0xFE, 0x1F, 0xF0, 0xFF, 0xFF, 0xFF, 0xFF, 0xFD,
    0xFF, 0x00, 0x00, 0x00, 0x1F, 0x03, 0xC0, 0xF8, 0x1E, 0x00, 0xFF, 0xFF, 0xFF, 0xFF, 0xFF, 0xFF,
    0xF0, 0xF8, 0x07, 0xC0, 0x3E, 0x01, 0xF0, 0x0F, 0x80, 0x7C, 0x03, 0xE0, 0x1F, 0x00, 0xF8, 0x07,
    0xC0, 0x3E, 0x01, 0xF0, 0x0F, 0x80, 0x7C, 0x00, 0x00, 0x00, 0x00, 0xF8, 0x07, 0xC0, 0x3C, 0x01,
    0xE0, 0x3C, 0x0F, 0x07, 0xFF, 0xFF, 0xFF, 0xFF, 0xF7, 0xC1, 0xF0, 0x7C, 0x1F, 0x07, 0xC1, 0xF0,
    0x7F, 0xDF, 0xF3, 0xFC, 0x7F, 0x00, 0x00, 0x01, 0xF0, 0x7C, 0x1F, 0x07, 0x80, 0x7C, 0x3F, 0x07,
    0xC1, 0xF0, 0x1F, 0x9F, 0x9F, 0x9F, 0x00, 0x1F, 0x83, 0xFC, 0x7F, 0xEF, 0x9E, 0x78, 0xFF, 0xFF,
    0xFF, 0xFF, 0xEF, 0x80, 0xFF, 0xFF, 0xFF, 0xE0, 0xE3, 0xFF, 0xFF, 0xFF, 0xE7, 0xE0, 0xFF, 0xFF,
    0xF0, 0x73, 0xBF, 0xFF, 0xFF, 0xFF, 0x01, 0xEF, 0xF7, 0xDF, 0xF7, 0x80, 0x1F, 0xF9, 0xFF, 0xDF,
    0x79, 0xE7, 0x80, 0xF9, 0xE7, 0xFE, 0x3F, 0xC1, 0xF8, 0x79, 0xEF, 0xBC, 0x71, 0xF3, 0xFF, 0xFF,
    0xE0, 0x33, 0xB9, 0xCF, 0xFD, 0xE0, 0x7E, 0x1F, 0x3F, 0x8F, 0x8F, 0xE7, 0xC3, 0xF3, 0xE0, 0xFF,
    0xF0, 0x7F, 0xF8, 0xFF, 0xF8, 0x7F, 0xF8, 0x7F, 0xF8, 0x3E, 0xFC, 0x1F, 0x3F, 0x0F, 0x9F, 0x8F,
    0xC7, 0xE7, 0xE3, 0xFB, 0xF0, 0xFC, 0x7F, 0xC1, 0xFF, 0x8F, 0xFF, 0x3F, 0xFC, 0x03, 0xF0, 0x07,
    0xC0, 0x1F, 0x00, 0x7C, 0x01, 0xF0, 0x07, 0xC0, 0x1F, 0x3F, 0xFF, 0xFF, 0xFF, 0xFF, 0xFF, 0xFF,
    0xC0, 0x7E, 0x1F, 0xC7, 0xF9, 0xFE, 0x1F, 0x83, 0xE0, 0xF8, 0x3E, 0x0F, 0x83, 0xE3, 0xFB, 0xFE,
    0xFF, 0xFD, 0xFE, 0x7C, 0x00, 0xFF, 0xFF, 0xFF, 0xEF, 0xFF, 0xBF, 0xFE, 0x03, 0xE0, 0x0F, 0x80,
    0x3E, 0x00, 0xF8, 0x03, 0xE0, 0x0F, 0x80, 0x3E, 0x00, 0xF8, 0x03, 0xE0, 0x0F, 0x80, 0x3E, 0x00,
    0x7F, 0xF8, 0xFF, 0xF9, 0xFF, 0xFF, 0xFF, 0xF0, 0x07, 0xE0, 0x07, 0xC0, 0x0F, 0xBE, 0x1F, 0x7C,
    0x3E, 0xF8, 0x7D, 0xF0, 0xFB, 0xE1, 0xF7, 0xC3, 0xEF, 0x87, 0xDF, 0x0F, 0x80, 0xFF, 0xFF, 0xFF,
    0xF3, 0xE7, 0xCF, 0x9F, 0x3E, 0x7C, 0xF9, 0xF3, 0xE7, 0xCF, 0x80, 0xFF, 0xFF, 0xBF, 0xDF, 0xE3,
    0xE3, 0xE1, 0xF1, 0xF8, 0xFC, 0x7E, 0x3F, 0x1F, 0x87, 0xC3, 0xE1, 0xF8, 0x7F, 0xFC, 0x7F, 0xFE,
    0x7F, 0xFE, 0x7F, 0xFF, 0x3E, 0x3F, 0x3E, 0x1F, 0x3E, 0x1F, 0x3E, 0x1F, 0x3E, 0x1F, 0x3E, 0x1F,
    0x3E, 0x1F, 0x3E, 0x1F, 0x3E, 0x1F, 0x3E, 0x1F, 0x3E, 0x1F, 0xFB, 0xF9, 0xF7, 0xFB, 0xEF, 0xF7,
    0xDF, 0xFF, 0x87, 0xFF, 0x07, 0xFE, 0x0F, 0xFC, 0x1F, 0xF8, 0x7F, 0xF8, 0xFF, 0xFB, 0xFB, 0xFF,
    0xE7, 0xFF, 0xC7, 0xFF, 0x07, 0xF8, 0x00, 0xFF, 0xFF, 0xFF, 0xF3, 0xE7, 0xCF, 0x9F, 0x3E, 0x7F,
    0xC3, 0xFF, 0x9F, 0xFD, 0xFF, 0xF0, 0x1F, 0x80, 0x7C, 0x03, 0xE0, 0x1F, 0x00, 0xF8, 0x07, 0xC0,
    0x3E, 0x01, 0xF0, 0x0F, 0x80, 0x7C, 0x03, 0xE0, 0x1F, 0x00, 0xF8, 0x07, 0xC0, 0x3E, 0x7F, 0x8F,
    0xFC, 0xFF, 0xEF, 0xFE, 0x07, 0xF0, 0x3F, 0x01, 0xF0, 0x1F, 0x01, 0xF0, 0x3F, 0x07, 0xFF, 0xFE,
    0xFF, 0xEF, 0xFC, 0xFF, 0x80, 0xF8, 0x07, 0xC0, 0x3E, 0x01, 0xF0, 0x0F, 0xFF, 0xFF, 0xFF, 0xFF,
    0xFF, 0xFF, 0x01, 0xF0, 0x1F, 0x80, 0xFC, 0x07, 0xC0, 0x7E, 0x03, 0xF0, 0x1F, 0x01, 0xF8, 0x0F,
    0xC0, 0x7C, 0x07, 0xE0, 0x7F, 0xFC, 0x7F, 0xFE, 0x7F, 0xFF, 0x7F, 0xFF, 0x3E, 0x3F, 0x3E, 0x1F,
    0x3E, 0x1F, 0x3E, 0x1F, 0x3E, 0x1F, 0x3E, 0x1F, 0x3E, 0x1F, 0x3F, 0xFF, 0x3F, 0xFF, 0x3F, 0xFF,
    0x3F, 0xFF, 0xFD, 0xFC, 0x7F, 0xFF, 0x1F, 0xFF, 0xCF, 0xFF, 0xE7, 0xFB, 0xF9, 0xF8, 0xFC, 0xF8,
    0x3E, 0x7C, 0x1F, 0x3E, 0x0F, 0xBF, 0x0F, 0xDF, 0x8F, 0xEF, 0xDF, 0xE7, 0xEF, 0xF3, 0xEF, 0xF1,
    0xF7, 0xE0, 0xFF, 0xFF, 0xFF, 0xF3, 0xE7, 0xCF, 0x9F, 0x3E, 0x7C, 0xF9, 0xF3, 0xE7, 0xCF, 0x9F,
    0x3E, 0x7C, 0xF8, 0x7E, 0x3F, 0x9F, 0xEF, 0xF1, 0xF8, 0x7C, 0x3E, 0x1F, 0x0F, 0x87, 0xC3, 0xFF,
    0xFF, 0xFF, 0xFF, 0xFE, 0x7F, 0xF8, 0xFF, 0xFC, 0xFF, 0xFE, 0xFF, 0xFF, 0x3E, 0x3F, 0x7C, 0x3F,
    0x7C, 0x1F, 0x7C, 0x1F, 0x7C, 0x3F, 0x7E, 0x3F, 0x7E, 0x7F, 0x7F, 0xFE, 0x3F, 0xFE, 0x1F, 0xFC,
    0x0F, 0xF0, 0x08, 0x01, 0xF8, 0x7D, 0xF1, 0xFB, 0xE3, 0xF7, 0xE7, 0xEF, 0xCF, 0xDF, 0x9F, 0xBF,
    0x3F, 0x3E, 0x7C, 0x7C, 0xF8, 0xFB, 0xF1, 0xFF, 0xE3, 0xFF, 0x9F, 0xFE, 0x3F, 0xF8, 0x7F, 0xC0,
    0xF8, 0x00, 0x00, 0x00, 0x3F, 0xE1, 0xFF, 0xCF, 0xFF, 0xBF, 0xFF, 0xFC, 0xFF, 0xE1, 0xFF, 0xC7,
    0xFF, 0x9F, 0x7E, 0x7C, 0xF9, 0xF0, 0x47, 0xC0, 0x1F, 0x00, 0x7C, 0x01, 0xF0, 0x07, 0xC0, 0x1F,
    0x00, 0x7C, 0x01, 0xF0, 0x07, 0xC0, 0x3F, 0xE1, 0xFF, 0xCF, 0xFF, 0xBF, 0xFF, 0xFC, 0xFF, 0xE1,
    0xFF, 0xC7, 0xFF, 0x9F, 0x7E, 0x7C, 0xFB, 0xF0, 0x1F, 0xFF, 0xFE, 0xFF, 0xFB, 0xFF, 0xCF, 0xFC,
    0x00, 0xFC, 0x7E, 0xF8, 0xFD, 0xF9, 0xFB, 0xF3, 0xE3, 0xE7, 0xC7, 0xEF, 0x8F, 0xFF, 0x0F, 0xFC,
    0x1F, 0xF8, 0x3F, 0xC0, 0x3F, 0x00, 0x7E, 0x00, 0xFC, 0x00, 0xF8, 0x01, 0xF0, 0x03, 0xF0, 0x07,
    0xE0, 0x07, 0xC0, 0x0F, 0x80, 0xFE, 0x7E, 0xFC, 0xFC, 0xFD, 0xF9, 0xFB, 0xE1, 0xFF, 0xC3, 0xFF,
    0x83, 0xFE, 0x03, 0xF8, 0x07, 0xE0, 0x07, 0xE0, 0x0F, 0xE3, 0xFF, 0xC7, 0xFF, 0xCF, 0xFF, 0x9F,
    0xFE, 0x00, 0x7F, 0xFF, 0xFF, 0xFF, 0xFF, 0xFF, 0xFF, 0xFE, 0x00, 0x3E, 0x00, 0x7E, 0x7C, 0x7E,
    0x7C, 0x7C, 0x7C, 0x7C, 0x7C, 0xFC, 0x7C, 0xFC, 0x7C, 0xF8, 0x7C, 0xF8, 0x7D, 0xF8, 0x7D, 0xF8,
    0x7C, 0x00, 0x7C, 0x00, 0x7C, 0x00, 0x7C, 0x00, 0x7F, 0xC7, 0xFE, 0xFF, 0xFF, 0xFF, 0x03, 0xF0,
    0x1F, 0x01, 0xF0, 0x1F, 0x01, 0xF0, 0x1F, 0x01, 0xF0, 0x1F, 0x01, 0xF0, 0x1F, 0x01, 0xF0, 0xFB,
    0xEF, 0xFD, 0xF7, 0xFE, 0xFB, 0xFF, 0x7D, 0xFF, 0xBE, 0xFF, 0xFF, 0x7F, 0xFF, 0x3F, 0xFF, 0x1F,
    0xFF, 0x0F, 0xFE, 0x0F, 0xFF, 0x8F, 0xEF, 0xFF, 0xE3, 0xFF, 0xF0, 0xFF, 0xF0, 0x3F, 0xE0, 0x7F,
    0xFC, 0x7F, 0xFE, 0x7F, 0xFF, 0x7F, 0xFF, 0x1F, 0x3F, 0x1F, 0x1F, 0x1F, 0x1F, 0x1F, 0x1F, 0x1F,
    0x1F, 0x1F, 0x1F, 0x3F, 0x1F, 0x7F, 0x1F, 0x7F, 0x1F, 0xFE, 0x1F, 0xFC, 0x1F, 0x00, 0x00, 0x00,
    0x18, 0x00, 0x03, 0x80, 0x00, 0x70, 0x00, 0x1E, 0x00, 0x03, 0xE0, 0x00, 0xFC, 0x00, 0x1B, 0xC0,
    0x07, 0x78, 0x00, 0xC7, 0x00, 0x18, 0xF0, 0x06, 0x1E, 0x00, 0xFF, 0xE0, 0x30, 0x3C, 0x06, 0x03,
    0x81, 0xC0, 0x78, 0x30, 0x0F, 0x0E, 0x00, 0xF3, 0xF6, 0x7F, 0x00, 0xE0, 0x00, 0x1C, 0x00, 0x00,
    0x00, 0x00, 0x3F, 0x0C, 0xF3, 0x8E, 0x71, 0xC0, 0x78, 0x7F, 0x3C, 0xE7, 0x1C, 0xE3, 0x9C, 0xF3,
    0xFF, 0x80, 0x01, 0x80, 0x38, 0x06, 0x00, 0x00, 0xF0, 0x00, 0x16, 0x00, 0x00, 0xC0, 0x00, 0x30,
    0x00, 0x04, 0x00, 0x00, 0x80, 0x00, 0x00, 0x00, 0x06, 0x00, 0x00, 0xE0, 0x00, 0x1C, 0x00, 0x07,
    0x80, 0x00, 0xF8, 0x00, 0x3F, 0x00, 0x06, 0xF0, 0x01, 0xDE, 0x00, 0x31, 0xC0, 0x06, 0x3C, 0x01,
    0x87, 0x80, 0x3F, 0xF8, 0x0C, 0x0F, 0x01, 0x80, 0xE0, 0x70, 0x1E, 0x0C, 0x03, 0xC3, 0x80, 0x3C,
    0xFC, 0x0F, 0xC0, 0x00, 0x00, 0x1E, 0x02, 0xC0, 0x18, 0x06, 0x00, 0x80, 0x10, 0x00, 0x01, 0xF8,
    0x67, 0x9C, 0x73, 0x8E, 0x03, 0xC3, 0xF9, 0xE7, 0x38, 0xE7, 0x1C, 0xE7, 0x9F, 0xFC, 0x00, 0x00,
    0x00, 0x00, 0x38, 0x00, 0x07, 0x00, 0x06, 0xE0, 0x00, 0xF0, 0x00, 0x1F, 0x80, 0x01, 0x68, 0x00,
    0x06, 0x00, 0x00, 0xF0, 0x00, 0x0F, 0x00, 0x01, 0xF8, 0x00, 0x1F, 0x80, 0x03, 0xB8, 0x00, 0x3B,
    0xC0, 0x03, 0x1C, 0x00, 0x71, 0xE0, 0x06, 0x1E, 0x00, 0xFF, 0xF0, 0x0C, 0x0F, 0x01, 0x80, 0x70,
    0x18, 0x07, 0x81, 0x80, 0x78, 0x30, 0x03, 0xC7, 0xC0, 0xFE, 0x00, 0x00, 0x00, 0x00, 0x00, 0x0E,
    0x01, 0xE1, 0xF8, 0x3F, 0x03, 0x30, 0x3F, 0x06, 0x78, 0xE3, 0x8E, 0x38, 0x07, 0x83, 0xF8, 0xF3,
    0x8E, 0x38, 0xE3, 0x8E, 0x78, 0xFF, 0xE0, 0x04, 0x00, 0x00, 0xE0, 0x00, 0x07, 0x00, 0x00, 0x36,
    0x00, 0x00, 0xF0, 0x00, 0x1F, 0x80, 0x01, 0x68, 0x00, 0x06, 0x00, 0x00, 0xF0, 0x00, 0x0F, 0x00,
    0x01, 0xF8, 0x00, 0x1F, 0x80, 0x03, 0xB8, 0x00, 0x3B, 0xC0, 0x03, 0x1C, 0x00, 0x71, 0xE0, 0x06,
    0x1E, 0x00, 0xFF, 0xF0, 0x0C, 0x0F, 0x01, 0x80, 0x70, 0x18, 0x07, 0x81, 0x80, 0x78, 0x30, 0x03,
    0xC7, 0xC0, 0xFE, 0x00, 0x00, 0x00, 0x40, 0x07, 0x00, 0x1C, 0x00, 0x7E, 0x00, 0xFC, 0x06, 0x60,
    0x3F, 0x03, 0x3C, 0x38, 0xE1, 0xC7, 0x00, 0x78, 0x1F, 0xC3, 0xCE, 0x1C, 0x70, 0xE3, 0x87, 0x3C,
    0x3F, 0xF8, 0x00, 0x1E, 0x00, 0x01, 0x60, 0x00, 0x06, 0x00, 0x00, 0xC0, 0x00, 0x08, 0x00, 0x06,
    0x80, 0x01, 0xF8, 0x00, 0x19, 0x80, 0x00, 0x60, 0x00, 0x06, 0x00, 0x00, 0xF0, 0x00, 0x0F, 0x00,
    0x01, 0xF8, 0x00, 0x1F, 0x80, 0x01, 0xBC, 0x00, 0x3B, 0xC0, 0x03, 0x1C, 0x00, 0x71, 0xE0, 0x06,
    0x1E, 0x00, 0xFF, 0xF0, 0x0C, 0x0F, 0x01, 0xC0, 0x78, 0x18, 0x07, 0x81, 0x80, 0x78, 0x30, 0x03,
    0xC7, 0xC0, 0xFF, 0x00, 0x00, 0x00, 0x03, 0x81, 0x60, 0x18, 0x0C, 0x02, 0x07, 0x83, 0xF0, 0xCC,
    0x3F, 0x19, 0xEE, 0x3B, 0x8E, 0x07, 0x8F, 0xEF, 0x3B, 0x8E, 0xE3, 0xB9, 0xEF, 0xFC, 0x01, 0xE8,
    0x00, 0x17, 0x80, 0x00, 0x20, 0x00, 0x0F, 0x00, 0x01, 0xF8, 0x00, 0x19, 0x80, 0x00, 0x60, 0x00,
    0x06, 0x00, 0x00, 0xF0, 0x00, 0x0F, 0x00, 0x01, 0xF8, 0x00, 0x1F, 0x80, 0x03, 0xB8, 0x00, 0x3B,
    0xC0, 0x03, 0x1C, 0x00, 0x71, 0xE0, 0x06, 0x1E, 0x00, 0xFF, 0xF0, 0x0C, 0x0F, 0x01, 0x80, 0x70,
    0x18, 0x07, 0x81, 0x80, 0x78, 0x30, 0x03, 0xC7, 0xC0, 0xFE, 0x00, 0x00, 0x00, 0x3F, 0x0D, 0xE0,
    0x00, 0x0F, 0x03, 0xF0, 0x66, 0x0F, 0xC3, 0x3C, 0xE3, 0x9C, 0x70, 0x1E, 0x1F, 0xCF, 0x39, 0xC7,
    0x38, 0xE7, 0x3C, 0xFF, 0xE0, 0x00, 0xC0, 0x00, 0x3C, 0x00, 0x0F, 0xC0, 0x01, 0x78, 0x00, 0x0E,
    0x00, 0x01, 0xC0, 0x00, 0x78, 0x00, 0x0F, 0x80, 0x03, 0xF0, 0x00, 0x6F, 0x00, 0x1D, 0xE0, 0x03,
    0x1C, 0x00, 0x63, 0xC0, 0x18, 0x78, 0x03, 0xFF, 0x80, 0xC0, 0xF0, 0x18, 0x0E, 0x07, 0x01, 0xE0,
    0xC0, 0x3C, 0x38, 0x03, 0xCF, 0xD9, 0xFC, 0x03, 0x80, 0x00, 0x70, 0x00, 0x00, 0x00, 0x00, 0x03,
    0x80, 0xF8, 0x19, 0x83, 0xF0, 0xCF, 0x38, 0xE7, 0x1C, 0x07, 0x87, 0xF3, 0xCE, 0x71, 0xCE, 0x39,
    0xCF, 0x3F, 0xF8, 0x00, 0x18, 0x03, 0x80, 0x60, 0x00, 0x00, 0x00, 0x00, 0x03, 0x00, 0x01, 0xE0,
    0x00, 0x70, 0x00, 0x1B, 0x00, 0x03, 0xE0, 0x00, 0x38, 0x00, 0x00, 0x00, 0x00, 0x60, 0x00, 0x1C,
    0x00, 0x03, 0x80, 0x00, 0x78, 0x00, 0x1F, 0x00, 0x03, 0xF0, 0x00, 0xDE, 0x00, 0x1B, 0xC0, 0x06,
    0x3C, 0x00, 0xC7, 0x80, 0x10, 0xF8, 0x07, 0xFF, 0x00, 0xC0, 0xF0, 0x30, 0x1E, 0x06, 0x03, 0xC1,
    0xC0, 0x3C, 0x30, 0x07, 0x8F, 0x81, 0xFC, 0x00, 0x00, 0x00, 0x00, 0x00, 0x60, 0x1C, 0x07, 0x03,
    0xE0, 0x7C, 0x07, 0x00, 0x00, 0x3F, 0x0C, 0xF3, 0x8E, 0x71, 0xC0, 0x78, 0x7F, 0x3C, 0xE7, 0x1C,
    0xE3, 0x9C, 0xF3, 0xFF, 0x80, 0x00, 0x00, 0x00, 0x60, 0x00, 0x0E, 0x00, 0x00, 0xE0, 0x00, 0x1B,
    0x00, 0x03, 0xE0, 0x00, 0x38, 0x00, 0x00, 0x00, 0x00, 0x60, 0x00, 0x1C, 0x00, 0x03, 0x80, 0x00,
    0x78, 0x00, 0x1F, 0x00, 0x03, 0xF0, 0x00, 0xDE, 0x00, 0x1B, 0xC0, 0x06, 0x3C, 0x00, 0xC7, 0x80,
    0x10, 0xF8, 0x07, 0xFF, 0x00, 0xC0, 0xF0, 0x30, 0x1E, 0x06, 0x03, 0xC1, 0xC0, 0x3C, 0x30, 0x07,
    0x8F, 0x81, 0xFC, 0x00, 0x00, 0x00, 0x00, 0x0C, 0x01, 0xC0, 0x1C, 0x03, 0xE0, 0x7C, 0x07, 0x00,
    0x00, 0x3F, 0x0C, 0xF3, 0x8E, 0x71, 0xC0, 0x78, 0x7F, 0x3C, 0xE7, 0x1C, 0xE3, 0x9C, 0xF3, 0xFF,
    0x80, 0x00, 0x60, 0x00, 0x1E, 0x00, 0x02, 0xC0, 0x00, 0x18, 0x00, 0x06, 0x00, 0x00, 0x80, 0x00,
    0x5C, 0x00, 0x0F, 0x80, 0x00, 0xE0, 0x00, 0x00, 0x00, 0x01, 0x80, 0x00, 0x70, 0x00, 0x0E, 0x00,
    0x01, 0xE0, 0x00, 0x7C, 0x00, 0x0F, 0xC0, 0x03, 0x78, 0x00, 0x6F, 0x00, 0x18, 0xF0, 0x03, 0x1E,
    0x00, 0x43, 0xE0, 0x1F, 0xFC, 0x03, 0x03, 0xC0, 0xC0, 0x78, 0x18, 0x0F, 0x07, 0x00, 0xF0, 0xC0,
    0x1E, 0x3E, 0x07, 0xF0, 0x00, 0x00, 0x0C, 0x03, 0xC0, 0x58, 0x03, 0x00, 0xC0, 0x10, 0x0B, 0x81,
    0xF0, 0x1C, 0x00, 0x00, 0xFC, 0x33, 0xCE, 0x39, 0xC7, 0x01, 0xE1, 0xFC, 0xF3, 0x9C, 0x73, 0x8E,
    0x73, 0xCF, 0xFE, 0x00, 0x3F, 0x00, 0x0F, 0xC0, 0x04, 0xC0, 0x00, 0xF8, 0x00, 0x0E, 0x00, 0x00,
    0x00, 0x00, 0x18, 0x00, 0x07, 0x00, 0x00, 0xE0, 0x00, 0x1E, 0x00, 0x07, 0xC0, 0x00, 0xFC, 0x00,
    0x37, 0x80, 0x06, 0xF0, 0x01, 0x8F, 0x00, 0x31, 0xE0, 0x04, 0x3E, 0x01, 0xFF, 0xC0, 0x30, 0x3C,
    0x0C, 0x07, 0x81, 0x80, 0xF0, 0x70, 0x0F, 0x0C, 0x01, 0xE3, 0xE0, 0x7F, 0x00, 0x00, 0x00, 0x07,
    0xE1, 0xBC, 0x98, 0x1F, 0x01, 0xC0, 0x00, 0x0F, 0xC3, 0x3C, 0xE3, 0x9C, 0x70, 0x1E, 0x1F, 0xCF,
    0x39, 0xC7, 0x38, 0xE7, 0x3C, 0xFF, 0xE0, 0x00, 0x00, 0x00, 0x36, 0x00, 0x07, 0xC0, 0x00, 0x70,
    0x00, 0x00, 0x00, 0x00, 0xC0, 0x00, 0x38, 0x00, 0x07, 0x00, 0x00, 0xF0, 0x00, 0x3E, 0x00, 0x07,
    0xE0, 0x01, 0xBC, 0x00, 0x37, 0x80, 0x0C, 0x78, 0x01, 0x8F, 0x00, 0x21, 0xF0, 0x0F, 0xFE, 0x01,
    0x81, 0xE0, 0x60, 0x3C, 0x0C, 0x07, 0x83, 0x80, 0x78, 0x60, 0x0F, 0x1F, 0x33, 0xF8, 0x07, 0x00,
    0x00, 0xE0, 0x00, 0x00, 0x00, 0x00, 0x06, 0xC0, 0xF8, 0x0E, 0x00, 0x00, 0x7E, 0x19, 0xE7, 0x1C,
    0xE3, 0x80, 0xF0, 0xFE, 0x79, 0xCE, 0x39, 0xC7, 0x39, 0xE7, 0xFF, 0x00, 0x03, 0x00, 0x70, 0x0C,
    0x00, 0x7F, 0xFC, 0x78, 0x38, 0x70, 0x30, 0xE0, 0x61, 0xC0, 0x03, 0x80, 0x07, 0x04, 0x0E, 0x18,
    0x1F, 0xF0, 0x38, 0x60, 0x70, 0x40, 0xE0, 0x01, 0xC0, 0x03, 0x80, 0x07, 0x00, 0x8E, 0x03, 0x3C,
    0x1C, 0xFF, 0xF8, 0x00, 0x00, 0x18, 0x00, 0x38, 0x00, 0x60, 0x00, 0x3F, 0x1C, 0xEE, 0x1F, 0xFF,
    0xE0, 0x38, 0x0E, 0x03, 0x80, 0xF0, 0x1E, 0x33, 0xF8, 0x00, 0x0C, 0x07, 0x00, 0xC0, 0x01, 0x80,
    0x07, 0x80, 0x03, 0x00, 0x0E, 0x00, 0x18, 0x00, 0x20, 0x00, 0x40, 0x3F, 0xFE, 0x3C, 0x1C, 0x38,
    0x18, 0x70, 0x30, 0xE0, 0x01, 0xC0, 0x03, 0x82, 0x07, 0x0C, 0x0F, 0xF8, 0x1C, 0x30, 0x38, 0x20,
    0x70, 0x00, 0xE0, 0x01, 0xC0, 0x03, 0x80, 0x47, 0x01, 0x9E, 0x0E, 0x7F, 0xFC, 0x00, 0x00, 0x0F,
    0x02, 0xC0, 0x30, 0x18, 0x04, 0x01, 0x00, 0x00, 0xFC, 0x73, 0xB8, 0x7F, 0xFF, 0x80, 0xE0, 0x38,
    0x0E, 0x03, 0xC0, 0x78, 0xCF, 0xE0, 0x07, 0xE0, 0x1B, 0xC0, 0x00, 0x03, 0xFF, 0xE3, 0xC1, 0xC3,
    0x81, 0x87, 0x03, 0x0E, 0x00, 0x1C, 0x00, 0x38, 0x20, 0x70, 0xC0, 0xFF, 0x81, 0xC3, 0x03, 0x82,
    0x07, 0x00, 0x0E, 0x00, 0x1C, 0x00, 0x38, 0x04, 0x70, 0x19, 0xE0, 0xE7, 0xFF, 0xC0, 0x00, 0x00,
    0x01, 0x8F, 0xC0, 0x20, 0x00, 0x3F, 0x1C, 0xEE, 0x1F, 0xFF, 0xE0, 0x38, 0x0E, 0x03, 0x80, 0xF0,
    0x1E, 0x33, 0xF8, 0x00, 0x08, 0x00, 0x38, 0x0C, 0xE0, 0x3F, 0x00, 0xFC, 0x01, 0x88, 0x1F, 0xFF,
    0x1E, 0x0E, 0x1C, 0x0C, 0x38, 0x18, 0x70, 0x00, 0xE0, 0x01, 0xC1, 0x03, 0x86, 0x07, 0xFC, 0x0E,
    0x18, 0x1C, 0x10, 0x38, 0x00, 0x70, 0x00, 0xE0, 0x01, 0xC0, 0x23, 0x80, 0xCF, 0x07, 0x3F, 0xFE,
    0x00, 0x00, 0x00, 0x00, 0x0E, 0x01, 0xE0, 0xF8, 0x3F, 0x03, 0x30, 0x3F, 0x07, 0x38, 0xE1, 0xCF,
    0xFC, 0xE0, 0x0E, 0x00, 0xE0, 0x0E, 0x00, 0xF0, 0x07, 0x8C, 0x3F, 0x80, 0x60, 0x00, 0xE0, 0x00,
    0xEC, 0x00, 0xFC, 0x00, 0xFC, 0x01, 0x88, 0x1F, 0xFF, 0x1E, 0x0E, 0x1C, 0x0C, 0x38, 0x18, 0x70,
    0x00, 0xE0, 0x01, 0xC1, 0x03, 0x86, 0x07, 0xFC, 0x0E, 0x18, 0x1C, 0x10, 0x38, 0x00, 0x70, 0x00,
    0xE0, 0x01, 0xC0, 0x23, 0x80, 0xCF, 0x07, 0x3F, 0xFE, 0x00, 0x00, 0x40, 0x0E, 0x00, 0x70, 0x03,
    0xB8, 0x0F, 0xC0, 0xCC, 0x0F, 0xC1, 0xCE, 0x38, 0x73, 0xFF, 0x38, 0x03, 0x80, 0x38, 0x03, 0x80,
    0x3C, 0x01, 0xE3, 0x0F, 0xE0, 0x00, 0xF0, 0x01, 0x60, 0x00, 0xC0, 0x03, 0x00, 0x34, 0x00, 0xF8,
    0x03, 0xF0, 0x04, 0x20, 0x7F, 0xFC, 0x78, 0x38, 0x70, 0x30, 0xE0, 0x61, 0xC0, 0x03, 0x80, 0x07,
    0x04, 0x0E, 0x18, 0x1F, 0xF0, 0x38, 0x60, 0x70, 0x40, 0xE0, 0x01, 0xC0, 0x03, 0x80, 0x07, 0x00,
    0x8E, 0x03, 0x3C, 0x1C, 0xFF, 0xF8, 0x00, 0x00, 0x03, 0xC0, 0xB0, 0x0C, 0x06, 0x01, 0x07, 0xC3,
    0xF0, 0xCC, 0x3F, 0x1C, 0xEE, 0x1F, 0xFF, 0xE0, 0x38, 0x0E, 0x03, 0x80, 0xF0, 0x1E, 0x33, 0xF8,
    0x0F, 0x40, 0x17, 0x80, 0x0C, 0x00, 0x3C, 0x00, 0xFC, 0x01, 0x88, 0x1F, 0xFF, 0x1E, 0x0E, 0x1C,
    0x0C, 0x38, 0x18, 0x70, 0x00, 0xE0, 0x01, 0xC1, 0x03, 0x86, 0x07, 0xFC, 0x0E, 0x18, 0x1C, 0x10,
    0x38, 0x00, 0x70, 0x00, 0xE0, 0x01, 0xC0, 0x23, 0x80, 0xCF, 0x07, 0x3F, 0xFE, 0x00, 0x00, 0x3D,
    0x0B, 0xC0, 0x40, 0x78, 0x3F, 0x0C, 0xC3, 0xF1, 0xCE, 0xE1, 0xFF, 0xFE, 0x03, 0x80, 0xE0, 0x38,
    0x0F, 0x01, 0xE3, 0x3F, 0x80, 0x01, 0x00, 0x0F, 0x00, 0x3F, 0x00, 0x62, 0x07, 0xFF, 0xC7, 0x83,
    0x87, 0x03, 0x0E, 0x06, 0x1C, 0x00, 0x38, 0x00, 0x70, 0x40, 0xE1, 0x81, 0xFF, 0x03, 0x86, 0x07,
    0x04, 0x0E, 0x00, 0x1C, 0x00, 0x38, 0x00, 0x70, 0x08, 0xE0, 0x33, 0xC1, 0xCF, 0xFF, 0x80, 0x00,
    0x01, 0x80, 0x03, 0x80, 0x06, 0x00, 0x00, 0x07, 0x83, 0xF0, 0xCC, 0x3F, 0x1C, 0xEE, 0x1F, 0xFF,
    0xE0, 0x38, 0x0E, 0x03, 0x80, 0xF0, 0x1E, 0x33, 0xF8, 0x00, 0x0C, 0x07, 0x00, 0xC0, 0x0C, 0x0F,
    0x01, 0x81, 0x80, 0x80, 0x40, 0x00, 0xFE, 0x3C, 0x0E, 0x07, 0x03, 0x81, 0xC0, 0xE0, 0x70, 0x38,
    0x1C, 0x0E, 0x07, 0x03, 0x81, 0xC0, 0xE0, 0x70, 0x78, 0x7F, 0x80, 0x00, 0x39, 0xE1, 0x86, 0x30,
    0x82, 0x0E, 0xF9, 0xE3, 0x8E, 0x38, 0xE3, 0x8E, 0x39, 0xF0, 0x7E, 0x3C, 0x1C, 0x1C, 0x1C, 0x1C,
    0x1C, 0x1C, 0x1C, 0x1C, 0x1C, 0x1C, 0x1C, 0x1C, 0x1C, 0x1C, 0x3C, 0x7F, 0x00, 0x18, 0x1C, 0x18,
    0x30, 0xF0, 0xC0, 0x43, 0x9F, 0x0E, 0x1C, 0x38, 0x70, 0xE1, 0xC3, 0x87, 0x1F, 0x00, 0x30, 0x70,
    0xC0, 0x07, 0xF8, 0x03, 0x83, 0xC0, 0xE0, 0x3C, 0x38, 0x03, 0xC6, 0x00, 0x3D, 0xC0, 0x03, 0xB8,
    0x00, 0x7F, 0x00, 0x0F, 0xE0, 0x00, 0xFC, 0x00, 0x1F, 0x80, 0x03, 0xF0, 0x00, 0xEE, 0x00, 0x1C,
    0xE0, 0x03, 0x9E, 0x00, 0xE1, 0xE0, 0x18, 0x1F, 0x0E, 0x00, 0xFF, 0x00, 0x00, 0x00, 0x00, 0x00,
    0x00, 0x0C, 0x00, 0x01, 0xC0, 0x00, 0x30, 0x00, 0x1F, 0x87, 0x1C, 0x60, 0xEE, 0x0F, 0xE0, 0x7E,
    0x07, 0xE0, 0x7E, 0x07, 0xF0, 0xE7, 0x8C, 0x3F, 0x80, 0x00, 0x06, 0x00, 0xE0, 0x06, 0x00, 0x01,
    0xE0, 0x00, 0x2C, 0x00, 0x01, 0x80, 0x00, 0x60, 0x00, 0x08, 0x00, 0x01, 0x00, 0x00, 0x00, 0x00,
    0x3F, 0xC0, 0x1C, 0x1E, 0x07, 0x01, 0xE1, 0xC0, 0x1E, 0x30, 0x01, 0xEE, 0x00, 0x1D, 0xC0, 0x03,
    0xF8, 0x00, 0x7F, 0x00, 0x07, 0xE0, 0x00, 0xFC, 0x00, 0x1F, 0x80, 0x07, 0x70, 0x00, 0xE7, 0x00,
    0x1C, 0xF0, 0x07, 0x0F, 0x00, 0xC0, 0xF8, 0x70, 0x07, 0xF8, 0x00, 0x07, 0x80, 0x58, 0x01, 0x80,
    0x30, 0x02, 0x00, 0x20, 0x00, 0x01, 0xF8, 0x71, 0xC6, 0x0E, 0xE0, 0xFE, 0x0F, 0xE0, 0x7E, 0x07,
    0xE0, 0x6F, 0x0E, 0x79, 0xC3, 0xF8, 0x00, 0x02, 0x00, 0x00, 0xE0, 0x01, 0x38, 0x00, 0x7C, 0x00,
    0x3F, 0x00, 0x06, 0x20, 0x01, 0xFE, 0x00, 0xE0, 0xF0, 0x38, 0x0F, 0x0E, 0x00, 0xF1, 0x80, 0x0F,
    0x70, 0x00, 0xEE, 0x00, 0x1F, 0xC0, 0x03, 0xF8, 0x00, 0x3F, 0x00, 0x07, 0xE0, 0x00, 0xFC, 0x00,
    0x3B, 0x80, 0x07, 0x38, 0x00, 0xE7, 0x80, 0x38, 0x78, 0x06, 0x07, 0xC3, 0x80, 0x3F, 0xC0, 0x00,
    0x00, 0x03, 0x80, 0x3C, 0x1F, 0x81, 0xF8, 0x0C, 0xC0, 0x7E, 0x0E, 0x38, 0x60, 0xE7, 0x07, 0xB8,
    0x3D, 0xC0, 0xEE, 0x07, 0x70, 0x33, 0xC3, 0x8F, 0x38, 0x3F, 0x80, 0x18, 0x00, 0x03, 0x80, 0x00,
    0x39, 0x00, 0x03, 0x70, 0x00, 0x3F, 0x00, 0x06, 0x20, 0x01, 0xFE, 0x00, 0xE0, 0xF0, 0x38, 0x0F,
    0x0E, 0x00, 0xF1, 0x80, 0x0F, 0x70, 0x00, 0xEE, 0x00, 0x1F, 0xC0, 0x03, 0xF8, 0x00, 0x3F, 0x00,
    0x07, 0xE0, 0x00, 0xFC, 0x00, 0x3B, 0x80, 0x07, 0x38, 0x00, 0xE7, 0x80, 0x38, 0x78, 0x06, 0x07,
    0xC3, 0x80, 0x3F, 0xC0, 0x40, 0x07, 0x00, 0x1C, 0x00, 0x7E, 0x00, 0xFC, 0x06, 0x60, 0x3F, 0x07,
    0x1C, 0x30, 0x73, 0x83, 0xDC, 0x1E, 0xE0, 0x77, 0x03, 0xB8, 0x19, 0xE1, 0xC7, 0x9C, 0x1F, 0xC0,
    0x00, 0x18, 0x00, 0x07, 0x80, 0x00, 0xB0, 0x00, 0x06, 0x00, 0x01, 0x80, 0x01, 0xA0, 0x00, 0x7C,
    0x00, 0x1F, 0x80, 0x03, 0x10, 0x00, 0xFF, 0x00, 0x70, 0x78, 0x1C, 0x07, 0x87, 0x00, 0x78, 0xC0,
    0x07, 0xB8, 0x00, 0x77, 0x00, 0x0F, 0xE0, 0x01, 0xFC, 0x00, 0x1F, 0x80, 0x03, 0xF0, 0x00, 0x7E,
    0x00, 0x1D, 0xC0, 0x03, 0x9C, 0x00, 0x73, 0xC0, 0x1C, 0x3C, 0x03, 0x03, 0xE1, 0xC0, 0x1F, 0xE0,
    0x00, 0x01, 0xE0, 0x16, 0x00, 0x60, 0x0C, 0x00, 0x80, 0xF8, 0x1F, 0x81, 0x98, 0x1F, 0x87, 0x1C,
    0x60, 0xEE, 0x0F, 0xE0, 0xFE, 0x07, 0xE0, 0x7E, 0x06, 0xF0, 0xE7, 0x9C, 0x3F, 0x80, 0x03, 0xD8,
    0x00, 0x5E, 0x00, 0x01, 0x80, 0x00, 0x70, 0x00, 0x3F, 0x00, 0x06, 0x20, 0x01, 0xFE, 0x00, 0xE0,
    0xF0, 0x38, 0x0F, 0x0E, 0x00, 0xF1, 0x80, 0x0F, 0x70, 0x00, 0xEE, 0x00, 0x1F, 0xC0, 0x03, 0xF8,
    0x00, 0x3F, 0x00, 0x07, 0xE0, 0x00, 0xFC, 0x00, 0x3B, 0x80, 0x07, 0x38, 0x00, 0xE7, 0x80, 0x38,
    0x78, 0x06, 0x07, 0xC3, 0x80, 0x3F, 0xC0, 0x1F, 0x81, 0x78, 0x02, 0x00, 0xF0, 0x1F, 0x81, 0x98,
    0x1F, 0x87, 0x1C, 0x60, 0xEE, 0x0F, 0xE0, 0xFE, 0x07, 0xE0, 0x7E, 0x06, 0xF0, 0xE7, 0x9C, 0x3F,
    0x80, 0x00, 0x40, 0x00, 0x1C, 0x00, 0x0F, 0xC0, 0x01, 0x88, 0x00, 0x7F, 0x80, 0x38, 0x3C, 0x0E,
    0x03, 0xC3, 0x80, 0x3C, 0x60, 0x03, 0xDC, 0x00, 0x3B, 0x80, 0x07, 0xF0, 0x00, 0xFE, 0x00, 0x0F,
    0xC0, 0x01, 0xF8, 0x00, 0x3F, 0x00, 0x0E, 0xE0, 0x01, 0xCE, 0x00, 0x39, 0xE0, 0x0E, 0x1E, 0x01,
    0x81, 0xF0, 0xE0, 0x0F, 0xF0, 0x00, 0x00, 0x00, 0x00, 0x00, 0x00, 0xC0, 0x00, 0x1C, 0x00, 0x03,
    0x00, 0x00, 0x00, 0x00, 0xE0, 0x1F, 0x81, 0x98, 0x1F, 0x87, 0x1C, 0x60, 0xEE, 0x0F, 0xE0, 0x7E,
    0x07, 0xE0, 0x7E, 0x07, 0xF0, 0xE7, 0x8C, 0x3F, 0x80, 0x00, 0x06, 0x00, 0xE0, 0x06, 0x00, 0x00,
    0x10, 0x00, 0x07, 0x00, 0x03, 0xC0, 0x00, 0x60, 0xE0, 0x00, 0x1C, 0x0F, 0xF1, 0x87, 0x07, 0xE1,
    0xC0, 0x7C, 0x70, 0x07, 0x8C, 0x00, 0x7B, 0x80, 0x07, 0x70, 0x00, 0xFE, 0x00, 0x1F, 0xC0, 0x01,
    0xF8, 0x00, 0x3F, 0x00, 0x07, 0xE0, 0x01, 0xDC, 0x00, 0x39, 0xC0, 0x07, 0x3C, 0x01, 0xC3, 0xC0,
    0x30, 0x3E, 0x1C, 0x01, 0xFE, 0x00, 0x00, 0x80, 0x1C, 0x03, 0xA0, 0x67, 0x00, 0x31, 0xFF, 0x71,
    0xC6, 0x0E, 0xE0, 0xEE, 0x0F, 0xE0, 0x7E, 0x07, 0xE0, 0x6F, 0x0E, 0x79, 0xC3, 0xF8, 0x02, 0x00,
    0x00, 0xF0, 0x00, 0x0F, 0x00, 0x00, 0x60, 0xE0, 0x00, 0x1C, 0x0F, 0xF1, 0x87, 0x07, 0xE1, 0xC0,
    0x7C, 0x70, 0x07, 0x8C, 0x00, 0x7B, 0x80, 0x07, 0x70, 0x00, 0xFE, 0x00, 0x1F, 0xC0, 0x01, 0xF8,
    0x00, 0x3F, 0x00, 0x07, 0xE0, 0x01, 0xDC, 0x00, 0x39, 0xC0, 0x07, 0x3C, 0x01, 0xC3, 0xC0, 0x30,
    0x3E, 0x1C, 0x01, 0xFE, 0x00, 0x18, 0x03, 0xC0, 0x0E, 0x20, 0x67, 0x00, 0x31, 0xFF, 0x71, 0xC6,
    0x0E, 0xE0, 0xEE, 0x0F, 0xE0, 0x7E, 0x07, 0xE0, 0x6F, 0x0E, 0x79, 0xC3, 0xF8, 0x01, 0xE0, 0x00,
    0x2C, 0x00, 0x01, 0x80, 0x00, 0x60, 0x00, 0x08, 0x00, 0x01, 0x03, 0x80, 0x00, 0x70, 0x3F, 0xC6,
    0x1C, 0x1F, 0x87, 0x01, 0xF1, 0xC0, 0x1E, 0x30, 0x01, 0xEE, 0x00, 0x1D, 0xC0, 0x03, 0xF8, 0x00,
    0x7F, 0x00, 0x07, 0xE0, 0x00, 0xFC, 0x00, 0x1F, 0x80, 0x07, 0x70, 0x00, 0xE7, 0x00, 0x1C, 0xF0,
    0x07, 0x0F, 0x00, 0xC0, 0xF8, 0x70, 0x07, 0xF8, 0x00, 0x07, 0x80, 0x58, 0x01, 0x80, 0x30, 0x02,
    0x20, 0x27, 0x00, 0x31, 0xFF, 0x71, 0xC6, 0x0E, 0xE0, 0xEE, 0x0F, 0xE0, 0x7E, 0x07, 0xE0, 0x6F,
    0x0E, 0x79, 0xC3, 0xF8, 0x03, 0xD0, 0x00, 0x5E, 0x00, 0x00, 0x07, 0x00, 0x00, 0xE0, 0x7F, 0x8C,
    0x38, 0x3F, 0x0E, 0x03, 0xE3, 0x80, 0x3C, 0x60, 0x03, 0xDC, 0x00, 0x3B, 0x80, 0x07, 0xF0, 0x00,
    0xFE, 0x00, 0x0F, 0xC0, 0x01, 0xF8, 0x00, 0x3F, 0x00, 0x0E, 0xE0, 0x01, 0xCE, 0x00, 0x39, 0xE0,
    0x0E, 0x1E, 0x01, 0x81, 0xF0, 0xE0, 0x0F, 0xF0, 0x00, 0x1F, 0x81, 0x7F, 0x00, 0x70, 0x03, 0x1F,
    0xF7, 0x1C, 0x60, 0xEE, 0x0E, 0xE0, 0xFE, 0x07, 0xE0, 0x7E, 0x06, 0xF0, 0xE7, 0x9C, 0x3F, 0x80,
    0x00, 0x00, 0xC0, 0x00, 0x38, 0x1F, 0xE3, 0x0E, 0x0F, 0xC3, 0x80, 0xF8, 0xE0, 0x0F, 0x18, 0x00,
    0xF7, 0x00, 0x0E, 0xE0, 0x01, 0xFC, 0x00, 0x3F, 0x80, 0x03, 0xF0, 0x00, 0x7E, 0x00, 0x0F, 0xC0,
    0x03, 0xB8, 0x00, 0x73, 0x80, 0x0E, 0x78, 0x03, 0x87, 0x80, 0x60, 0x7C, 0x38, 0x03, 0xFC, 0x00,
    0x00, 0x00, 0x00, 0x00, 0x00, 0x30, 0x00, 0x07, 0x00, 0x00, 0xC0, 0x00, 0x00, 0x20, 0x07, 0x00,
    0x31, 0xFF, 0x71, 0xC6, 0x0E, 0xE0, 0xEE, 0x0F, 0xE0, 0x7E, 0x07, 0xE0, 0x6F, 0x0E, 0x79, 0xC3,
    0xF8, 0x00, 0x00, 0x60, 0x0E, 0x00, 0x60, 0xFF, 0x03, 0xF3, 0xC0, 0x0E, 0x1C, 0x00, 0xC1, 0xC0,
    0x0C, 0x1C, 0x00, 0xC1, 0xC0, 0x0C, 0x1C, 0x00, 0xC1, 0xC0, 0x0C, 0x1C, 0x00, 0xC1, 0xC0, 0x0C,
    0x1C, 0x00, 0xC1, 0xC0, 0x0C, 0x1C, 0x00, 0xC1, 0xC0, 0x0C, 0x1E, 0x00, 0xC0, 0xE0, 0x18, 0x07,
    0x87, 0x00, 0x3F, 0xE0, 0x00, 0x00, 0x00, 0x00, 0x00, 0x00, 0x30, 0x00, 0x03, 0x80, 0x00, 0x30,
    0x00, 0x00, 0x00, 0xE1, 0xCF, 0x9F, 0x1E, 0x3C, 0x38, 0x70, 0xE1, 0xC3, 0x87, 0x0E, 0x1C, 0x38,
    0x70, 0xE3, 0xC3, 0xCF, 0x87, 0xFF, 0x00, 0x00, 0x0C, 0x00, 0x70, 0x00, 0xC0, 0x00, 0x30, 0x00,
    0x07, 0x80, 0x00, 0x18, 0x00, 0x03, 0x80, 0x00, 0x20, 0x00, 0x02, 0x00, 0xFF, 0x03, 0xF3, 0xC0,
    0x0E, 0x1C, 0x00, 0xC1, 0xC0, 0x0C, 0x1C, 0x00, 0xC1, 0xC0, 0x0C, 0x1C, 0x00, 0xC1, 0xC0, 0x0C,
    0x1C, 0x00, 0xC1, 0xC0, 0x0C, 0x1C, 0x00, 0xC1, 0xC0, 0x0C, 0x1C, 0x00, 0xC1, 0xC0, 0x0C, 0x1E,
    0x00, 0xC0, 0xE0, 0x18, 0x07, 0x87, 0x00, 0x3F, 0xE0, 0x03, 0x80, 0x16, 0x00, 0x18, 0x00, 0xC0,
    0x02, 0x00, 0x68, 0xCF, 0x9F, 0x3E, 0x7C, 0x38, 0x70, 0xE1, 0xC3, 0x87, 0x0E, 0x1C, 0x38, 0x70,
    0xE1, 0xC3, 0x8F, 0x0F, 0x3E, 0x1F, 0xFC, 0x00, 0x00, 0x00, 0x00, 0x70, 0x00, 0x07, 0x0E, 0x00,
    0x70, 0x7F, 0xF0, 0x3D, 0x9E, 0x00, 0x78, 0x70, 0x03, 0x03, 0x80, 0x18, 0x1C, 0x00, 0xC0, 0xE0,
    0x06, 0x07, 0x00, 0x30, 0x38, 0x01, 0x81, 0xC0, 0x0C, 0x0E, 0x00, 0x60, 0x70, 0x03, 0x03, 0x80,
    0x18, 0x1C, 0x00, 0xC0, 0xE0, 0x06, 0x07, 0x80, 0x30, 0x1C, 0x03, 0x00, 0x78, 0x70, 0x01, 0xFF,
    0x00, 0x00, 0x40, 0x03, 0xB0, 0x3D, 0xC6, 0xC3, 0x78, 0xFF, 0xE7, 0xC3, 0x87, 0x0E, 0x1C, 0x38,
    0x70, 0xE1, 0xC3, 0x87, 0x0E, 0x1C, 0x38, 0xF0, 0xF3, 0xE1, 0xFF, 0x80, 0x00, 0x00, 0x00, 0x0E,
    0x00, 0x00, 0x38, 0x0E, 0x00, 0xE0, 0x7F, 0xF0, 0x3D, 0x9E, 0x00, 0x78, 0x70, 0x03, 0x03, 0x80,
    0x18, 0x1C, 0x00, 0xC0, 0xE0, 0x06, 0x07, 0x00, 0x30, 0x38, 0x01, 0x81, 0xC0, 0x0C, 0x0E, 0x00,
    0x60, 0x70, 0x03, 0x03, 0x80, 0x18, 0x1C, 0x00, 0xC0, 0xE0, 0x06, 0x07, 0x80, 0x30, 0x1C, 0x03,
    0x00, 0x78, 0x70, 0x01, 0xFF, 0x00, 0x08, 0x00, 0x70, 0x30, 0xE1, 0xC6, 0xC3, 0x78, 0xFF, 0xE7,
    0xC3, 0x87, 0x0E, 0x1C, 0x38, 0x70, 0xE1, 0xC3, 0x87, 0x0E, 0x1C, 0x38, 0xF0, 0xF3, 0xE1, 0xFF,
    0x80, 0x00, 0x30, 0x00, 0x03, 0xC0, 0x00, 0x06, 0x00, 0x00, 0x70, 0x00, 0x03, 0x03, 0x80, 0x10,
    0x1F, 0xFC, 0x0F, 0x67, 0x80, 0x1E, 0x1C, 0x00, 0xC0, 0xE0, 0x06, 0x07, 0x00, 0x30, 0x38, 0x01,
    0x81, 0xC0, 0x0C, 0x0E, 0x00, 0x60, 0x70, 0x03, 0x03, 0x80, 0x18, 0x1C, 0x00, 0xC0, 0xE0, 0x06,
    0x07, 0x00, 0x30, 0x38, 0x01, 0x81, 0xE0, 0x0C, 0x07, 0x00, 0xC0, 0x1E, 0x1C, 0x00, 0x7F, 0xC0,
    0x03, 0x80, 0x16, 0x00, 0x18, 0x00, 0xC3, 0x02, 0x1C, 0x68, 0xBF, 0x9F, 0xBE, 0x7C, 0x38, 0x70,
    0xE1, 0xC3, 0x87, 0x0E, 0x1C, 0x38, 0x70, 0xE1, 0xC3, 0x8F, 0x0F, 0x3E, 0x1F, 0xF8, 0x00, 0xF4,
    0x00, 0x05, 0xE1, 0xC0, 0x02, 0x0F, 0xFE, 0x07, 0xB3, 0xC0, 0x0F, 0x0E, 0x00, 0x60, 0x70, 0x03,
    0x03, 0x80, 0x18, 0x1C, 0x00, 0xC0, 0xE0, 0x06, 0x07, 0x00, 0x30, 0x38, 0x01, 0x81, 0xC0, 0x0C,
    0x0E, 0x00, 0x60, 0x70, 0x03, 0x03, 0x80, 0x18, 0x1C, 0x00, 0xC0, 0xF0, 0x06, 0x03, 0x80, 0x60,
    0x0F, 0x0E, 0x00, 0x3F, 0xE0, 0x00, 0x0F, 0xC8, 0x2F, 0x70, 0x80, 0xDE, 0x3F, 0xF9, 0xF0, 0xE1,
    0xC3, 0x87, 0x0E, 0x1C, 0x38, 0x70, 0xE1, 0xC3, 0x87, 0x0E, 0x3C, 0x3C, 0xF8, 0x7F, 0xE0, 0x00,
    0x00, 0x18, 0x00, 0x01, 0xFF, 0xC0, 0xF6, 0x78, 0x01, 0xE1, 0xC0, 0x0C, 0x0E, 0x00, 0x60, 0x70,
    0x03, 0x03, 0x80, 0x18, 0x1C, 0x00, 0xC0, 0xE0, 0x06, 0x07, 0x00, 0x30, 0x38, 0x01, 0x81, 0xC0,
    0x0C, 0x0E, 0x00, 0x60, 0x70, 0x03, 0x03, 0x80, 0x18, 0x1E, 0x00, 0xC0, 0x70, 0x0C, 0x01, 0xE1,
    0xC0, 0x07, 0xFC, 0x00, 0x00, 0x00, 0x00, 0x00, 0x00, 0x00, 0xC0, 0x00, 0x07, 0x00, 0x00, 0x30,
    0x00, 0x00, 0x0C, 0x00, 0x71, 0x80, 0xDE, 0x3F, 0xF9, 0xF0, 0xE1, 0xC3, 0x87, 0x0E, 0x1C, 0x38,
    0x70, 0xE1, 0xC3, 0x87, 0x0E, 0x3C, 0x3C, 0xF8, 0x7F, 0xE0, 0x00, 0x00, 0xC0, 0x07, 0x00, 0x0C,
    0x00, 0x00, 0x00, 0x00, 0xC0, 0x00, 0x38, 0x00, 0x03, 0x00, 0x7F, 0x0F, 0x8F, 0x80, 0xC1, 0xE0,
    0x60, 0x3C, 0x18, 0x0F, 0x0C, 0x01, 0xE6, 0x00, 0x39, 0x80, 0x0F, 0xC0, 0x01, 0xF0, 0x00, 0x78,
    0x00, 0x0E, 0x00, 0x03, 0x80, 0x00, 0xE0, 0x00, 0x38, 0x00, 0x0E, 0x00, 0x03, 0x80, 0x01, 0xE0,
    0x00, 0xFE, 0x00, 0x00, 0x00, 0x18, 0x01, 0xC0, 0x0E, 0x00, 0x60, 0xF9, 0xF7, 0x86, 0x78, 0xC3,
    0x8C, 0x3C, 0xC1, 0xD8, 0x1F, 0x80, 0xF0, 0x0F, 0x00, 0x70, 0x06, 0x00, 0x60, 0x06, 0x00, 0xC0,
    0x1C, 0x01, 0xC0, 0x00, 0x00, 0x1F, 0xC7, 0xE3, 0xE0, 0x30, 0x78, 0x18, 0x0F, 0x06, 0x03, 0xC3,
    0x00, 0x79, 0x80, 0x0E, 0x60, 0x03, 0xF0, 0x00, 0x7C, 0x00, 0x1E, 0x00, 0x03, 0x80, 0x00, 0xE0,
    0x00, 0x38, 0x00, 0x0E, 0x00, 0x03, 0x80, 0x00, 0xE0, 0x00, 0x78, 0x00, 0x3F, 0x80, 0x00, 0x00,
    0x00, 0xC0, 0x00, 0x38, 0x00, 0x0C, 0x00, 0x00, 0x0F, 0x9E, 0x78, 0x47, 0x8C, 0x38, 0xC3, 0xC8,
    0x1D, 0x81, 0xF8, 0x0F, 0x00, 0xF0, 0x07, 0x00, 0x60, 0x06, 0x00, 0x78, 0x0D, 0xC1, 0xD8, 0x18,
    0x00, 0x00, 0xF0, 0x00, 0x2C, 0x00, 0x03, 0x00, 0x01, 0x80, 0x00, 0x40, 0x1F, 0xD3, 0xE3, 0xE0,
    0x30, 0x78, 0x18, 0x0F, 0x06, 0x03, 0xC3, 0x00, 0x79, 0x80, 0x0E, 0x60, 0x03, 0xF0, 0x00, 0x7C,
    0x00, 0x1E, 0x00, 0x03, 0x80, 0x00, 0xE0, 0x00, 0x38, 0x00, 0x0E, 0x00, 0x03, 0x80, 0x00, 0xE0,
    0x00, 0x78, 0x00, 0x3F, 0xC0, 0x00, 0x00, 0x03, 0x00, 0x78, 0x01, 0x80, 0x30, 0x02, 0x00, 0x20,
    0xF9, 0xF7, 0x86, 0x78, 0xC3, 0x8C, 0x3C, 0xC1, 0xD8, 0x1D, 0x80, 0xF0, 0x0F, 0x00, 0xF0, 0x06,
    0x00, 0x60, 0x06, 0x00, 0xC0, 0x1C, 0x01, 0xC0, 0x01, 0xF8, 0x00, 0xDE, 0x00, 0x00, 0x01, 0xFC,
    0x3E, 0x3E, 0x03, 0x07, 0x81, 0x80, 0xF0, 0x60, 0x3C, 0x30, 0x07, 0x98, 0x00, 0xE6, 0x00, 0x3F,
    0x00, 0x07, 0xC0, 0x01, 0xE0, 0x00, 0x38, 0x00, 0x0E, 0x00, 0x03, 0x80, 0x00, 0xE0, 0x00, 0x38,
    0x00, 0x0E, 0x00, 0x07, 0x80, 0x03, 0xF8, 0x00, 0x00, 0x00, 0x0E, 0xC1, 0xB8, 0x00, 0x0F, 0x9F,
    0x78, 0x67, 0x8C, 0x38, 0xC3, 0xCC, 0x1D, 0x81, 0xF8, 0x0F, 0x00, 0xF0, 0x07, 0x00, 0x60, 0x06,
    0x00, 0x60, 0x0C, 0x01, 0xC0, 0x1C, 0x00, 0xFF, 0xFF, 0xC0, 0x44, 0xF8, 0xE1, 0xC7, 0xC2, 0x04,
    0x08, 0x10, 0x20, 0x40, 0x81, 0x02, 0x04, 0x08, 0x10, 0x20, 0x00, 0xC1, 0xBF, 0x9A, 0xC8, 0x20,
    0x82, 0x08, 0x20, 0x82, 0x08, 0x20, 0x82, 0x08, 0x00, 0x00, 0xC6, 0x3F, 0x64, 0xD0, 0x41, 0x04,
    0x10, 0x41, 0x04, 0x10, 0x41, 0x04, 0x10, 0x40, 0x7F, 0xFF, 0x7F, 0xF9, 0xFF, 0xE0, 0xFF, 0xFF,
    0xF0, 0x06, 0x6C, 0xCE, 0xEE, 0x77, 0x73, 0x36, 0xE0, 0x77, 0x73, 0x36, 0x60, 0x00, 0x67, 0x66,
    0xCC, 0xCC, 0xEE, 0xEE, 0xEE, 0x77, 0x77, 0x77, 0x33, 0x33, 0x66, 0xEE, 0x00, 0x77, 0x77, 0x77,
    0x33, 0x33, 0x66, 0x6C, 0x08, 0x02, 0x20, 0x07, 0xE0, 0x01, 0xC0, 0x01, 0xC0, 0x01, 0xC0, 0xC1,
    0xC1, 0xC3, 0xC3, 0x7F, 0xFF, 0x7F, 0xFF, 0x7F, 0xFF, 0x41, 0xC3, 0x01, 0xC0, 0x01, 0xC0, 0x01,
    0xC0, 0x01, 0xC0, 0x01, 0xC0, 0x01, 0xC0, 0x01, 0xC0, 0x01, 0xC0, 0x01, 0xC0, 0x01, 0xC0, 0x01,
    0xC0, 0x03, 0xE0, 0x07, 0xE0, 0x00, 0x00, 0x07, 0xE0, 0x03, 0xC0, 0x01, 0xC0, 0x01, 0xC0, 0x41,
    0xC2, 0xC3, 0xC3, 0x7F, 0xFE, 0x7F, 0xFE, 0x7F, 0xFE, 0x63, 0xC3, 0x41, 0xC2, 0x01, 0xC0, 0x41,
    0xC2, 0x63, 0xC2, 0x7F, 0xFE, 0x7F, 0xFE, 0xFF, 0xFF, 0xC3, 0xC3, 0x01, 0xC0, 0x01, 0xC0, 0x01,
    0xC0, 0x03, 0xC0, 0x07, 0xE0, 0x00, 0x00, 0x7D, 0xFF, 0xFF, 0xFF, 0xFF, 0xDF, 0x00, 0xE7, 0x3F,
    0x39, 0xF9, 0xCE, 0x7C, 0x06, 0x00, 0x77, 0x07, 0x00, 0x3B, 0x83, 0x00, 0x1C, 0xE3, 0x00, 0x0E,
    0x73, 0x80, 0x07, 0x39, 0x80, 0x03, 0xB9, 0x80, 0x01, 0xDD, 0xC0, 0x00, 0x3C, 0xC0, 0x00, 0x00,
    0xDF, 0x0F, 0x00, 0xFD, 0xCF, 0xC0, 0x6E, 0xEE, 0x70, 0x6E, 0x3F, 0x38, 0x77, 0x1F, 0x9C, 0x33,
    0x8F, 0xCE, 0x38, 0xEE, 0xE7, 0x18, 0x77, 0x7F, 0x18, 0x1F, 0x1F, 0x80, 0x00, 0x46, 0x77, 0x73,
    0x8E, 0x38, 0xC2, 0x04, 0x31, 0xC7, 0x1C, 0xEE, 0xE6, 0x20, 0x00, 0xC0, 0x18, 0x06, 0x00, 0xC0,
    0x38, 0x06, 0x00, 0xC0, 0x30, 0x06, 0x01, 0x80, 0x30, 0x0C, 0x01, 0x80, 0x70, 0x0C, 0x01, 0x80,
    0x60, 0x0C, 0x00, 0x7F, 0xF8, 0x00, 0x0F, 0x06, 0x00, 0x01, 0xC0, 0xC0, 0x00, 0x70, 0x30, 0x00,
    0x1C, 0x00, 0x00, 0x07, 0x00, 0x00, 0x01, 0xC1, 0x00, 0xC0, 0x70, 0xC0, 0xFF, 0x1F, 0xF0, 0x7F,
    0xC7, 0x0C, 0x07, 0x21, 0xC1, 0x01, 0xC0, 0x70, 0x40, 0x70, 0x1C, 0x00, 0x1C, 0x07, 0x00, 0x07,
    0x01, 0xC0, 0x01, 0xC0, 0x70, 0x00, 0x70, 0x3C, 0x00, 0x1C, 0x1F, 0xC0, 0x0F, 0x80, 0xFF, 0xF3,
    0xFF, 0xFF, 0x7F, 0xFF, 0xEF, 0xFF, 0xFD, 0xFF, 0x83, 0xBF, 0xF7, 0x77, 0xFE, 0xEE, 0xFF, 0xDD,
    0xDF, 0xFB, 0xBB, 0xFF, 0x77, 0xFF, 0xEE, 0x1F, 0xFD, 0xFF, 0xEF, 0xBF, 0xFD, 0xF7, 0xFF, 0x3E,
    0xFF, 0xC0, 0x00, 0x40, 0x3C, 0x01, 0xC0, 0xFE, 0x03, 0x81, 0xF8, 0x37, 0x87, 0x38, 0xE7, 0x0E,
    0x70, 0xE7, 0x0E, 0xFC, 0xFF, 0x8F, 0x70, 0x00, 0x0F, 0xC0, 0xFC, 0x00, 0x07, 0xF8, 0x3F, 0xE1,
    0xFF, 0x8F, 0xFC, 0x3E, 0x01, 0xF0, 0x0F, 0xFC, 0x3F, 0xF0, 0xFF, 0xC3, 0xFE, 0x0F, 0xF8, 0x3F,
    0xE0, 0x3E, 0x00, 0xF8, 0x23, 0xFF, 0x87, 0xFE, 0x0F, 0xF8, 0x1F, 0xE0, 0x7E, 0xFE, 0xFE, 0xFF,
    0xFF,
};

static const EpdGlyph sfugoudy_12_boldGlyphs[] = {
    { 0, 0, 0, 0, 0, 0, 0 }, // U+0000
    { 0, 0, 96, 0, 0, 0, 0 }, // U+000D
    { 0, 0, 116, 0, 0, 0, 0 }, // U+0020
    { 3, 19, 81, 1, 19, 8, 0 }, // !
    { 6, 6, 124, 1, 18, 5, 8 }, // "
    { 14, 19, 245, 1, 19, 34, 13 }, // #
    { 13, 22, 215, 0, 20, 36, 47 }, // $
    { 17, 18, 300, 1, 18, 39, 83 }, // %
    { 21, 18, 330, 1, 18, 48, 122 }, // &
    { 3, 6, 76, 1, 18, 3, 170 }, // '
    { 5, 22, 95, 1, 19, 14, 173 }, // (
    { 6, 22, 95, -1, 19, 17, 187 }, // )
    { 8, 7, 140, 1, 18, 7, 204 }, // *
    { 10, 10, 224, 2, 14, 13, 211 }, // +
    { 4, 8, 73, 0, 3, 4, 224 }, // ,
    { 8, 2, 134, 0, 6, 2, 228 }, // -
    { 3, 3, 71, 1, 3, 2, 230 }, // .
    { 12, 18, 188, 0, 18, 27, 232 }, // /
    { 12, 18, 224, 1, 18, 27, 259 }, // 0
    { 9, 19, 224, 3, 19, 22, 286 }, // 1
    { 11, 19, 224, 2, 18, 27, 308 }, // 2
    { 11, 19, 224, 1, 19, 27, 335 }, // 3
    { 12, 19, 224, 1, 18, 29, 362 }, // 4
    { 11, 18, 224, 1, 18, 25, 391 }, // 5
    { 12, 19, 224, 1, 19, 29, 416 }, // 6
    { 10, 18, 224, 2, 18, 23, 445 }, // 7
    { 12, 18, 224, 1, 18, 27, 468 }, // 8
    { 11, 19, 224, 1, 18, 27, 495 }, // 9
    { 4, 10, 77, 1, 10, 5, 522 }, // :
    { 5, 15, 78, 0, 10, 10, 527 }, // ;
    { 11, 12, 206, 1, 15, 17, 537 }, // <
    { 14, 5, 224, 0, 11, 9, 554 }, // =
    { 11, 12, 206, 1, 15, 17, 563 }, // >
    { 7, 18, 116, 0, 18, 16, 580 }, // ?
    { 17, 18, 309, 1, 18, 39, 596 }, // @
    { 20, 20, 265, -2, 19, 50, 635 }, // A
    { 15, 19, 243, -1, 18, 36, 685 }, // B
    { 17, 18, 286, 1, 18, 39, 721 }, // C
    { 19, 19, 292, -1, 18, 46, 760 }, // D
    { 15, 19, 219, -1, 18, 36, 806 }, // E
    { 14, 18, 196, -1, 18, 32, 842 }, // F
    { 18, 18, 305, 1, 18, 41, 874 }, // G
    { 20, 18, 288, -1, 18, 45, 915 }, // H
    { 9, 19, 109, -1, 18, 22, 960 }, // I
    { 10, 23, 107, -3, 18, 29, 982 }, // J
    { 18, 19, 250, -1, 18, 43, 1011 }, // K
    { 15, 18, 211, -1, 18, 34, 1054 }, // L
    { 22, 19, 332, -1, 19, 53, 1088 }, // M
    { 20, 20, 286, -2, 19, 50, 1141 }, // N
    { 19, 18, 324, 1, 18, 43, 1191 }, // O
    { 14, 18, 201, -1, 18, 32, 1234 }, // P
    { 20, 23, 326, 1, 18, 58, 1266 }, // Q
    { 18, 19, 242, -1, 18, 43, 1324 }, // R
    { 13, 18, 214, 0, 18, 30, 1367 }, // S
    { 17, 19, 244, -1, 19, 41, 1397 }, // T
    { 20, 18, 303, -1, 18, 45, 1438 }, // U
    { 20, 20, 240, -2, 19, 50, 1483 }, // V
    { 26, 19, 354, -2, 19, 62, 1533 }, // W
    { 18, 19, 254, -1, 18, 43, 1595 }, // X
    { 18, 20, 213, -2, 19, 45, 1638 }, // Y
    { 14, 19, 210, 0, 19, 34, 1683 }, // Z
    { 5, 22, 98, 2, 20, 14, 1717 }, // [
    { 6, 18, 119, 1, 18, 14, 1731 }, // <backslash>
    { 5, 23, 97, 0, 20, 15, 1745 }, // ]
    { 13, 11, 228, 1, 15, 18, 1760 }, // ^
    { 10, 1, 182, 1, 0, 2, 1778 }, // _
    { 5, 5, 107, 0, 16, 4, 1780 }, // `
    { 11, 11, 176, 1, 11, 16, 1784 }, // a
    { 13, 21, 207, 0, 20, 35, 1800 }, // b
    { 10, 12, 166, 1, 12, 15, 1835 }, // c
    { 14, 20, 215, 0, 20, 35, 1850 }, // d
    { 10, 11, 178, 1, 11, 14, 1885 }, // e
    { 10, 20, 113, 0, 19, 25, 1899 }, // f
    { 11, 18, 173, 1, 12, 25, 1924 }, // g
    { 14, 20, 219, 0, 20, 35, 1949 }, // h
    { 7, 18, 100, 0, 18, 16, 1984 }, // i
    { 6, 23, 95, -1, 18, 18, 2000 }, // j
    { 13, 20, 188, 0, 20, 33, 2018 }, // k
    { 7, 20, 98, 0, 20, 18, 2051 }, // l
    { 20, 12, 316, 0, 12, 30, 2069 }, // m
    { 14, 12, 222, 0, 12, 21, 2099 }, // n
    { 12, 11, 211, 1, 11, 17, 2120 }, // o
    { 13, 17, 208, 0, 12, 28, 2137 }, // p
    { 14, 17, 208, 0, 12, 30, 2165 }, // q
    { 9, 12, 132, 0, 12, 14, 2195 }, // r
    { 7, 11, 145, 1, 11, 10, 2209 }, // s
    { 9, 14, 118, 0, 14, 16, 2219 }, // t
    { 14, 13, 214, 0, 12, 23, 2235 }, // u
    { 13, 12, 170, -1, 12, 20, 2258 }, // v
    { 18, 12, 256, -1, 12, 27, 2278 }, // w
    { 13, 12, 179, -1, 11, 20, 2305 }, // x
    { 12, 17, 151, -2, 12, 26, 2325 }, // y
    { 10, 11, 156, 0, 11, 14, 2351 }, // z
    { 7, 23, 135, 1, 20, 21, 2365 }, // {
    { 3, 18, 68, 1, 18, 7, 2386 }, // |
    { 8, 23, 135, 0, 20, 23, 2393 }, // }
    { 9, 3, 188, 1, 10, 4, 2416 }, // ~
    { 15, 18, 199, -1, 18, 34, 2420 }, // U+0080
    { 0, 0, 96, 0, 0, 0, 2454 }, // U+00A0
    { 3, 18, 81, 1, 18, 7, 2454 }, // U+00A1
    { 10, 15, 166, 1, 13, 19, 2461 }, // U+00A2
    { 15, 18, 233, 0, 18, 34, 2480 }, // U+00A3
    { 9, 9, 183, 1, 13, 11, 2514 }, // U+00A4
    { 17, 20, 274, 0, 19, 43, 2525 }, // U+00A5
    { 13, 23, 209, 0, 18, 38, 2568 }, // U+00A7
    { 7, 3, 109, 0, 15, 3, 2606 }, // U+00A8
    { 19, 19, 342, 1, 18, 46, 2609 }, // U+00A9
    { 9, 13, 174, 1, 19, 15, 2655 }, // U+00AA
    { 8, 11, 146, 0, 11, 11, 2670 }, // U+00AB
    { 13, 6, 232, 1, 11, 10, 2681 }, // U+00AC
    { 8, 3, 135, 0, 7, 3, 2691 }, // U+00AD
    { 19, 18, 330, 1, 18, 43, 2694 }, // U+00AE
    { 9, 2, 114, -1, 13, 3, 2737 }, // U+00AF
    { 7, 7, 146, 1, 19, 7, 2740 }, // U+00B0
    { 6, 5, 108, 1, 16, 4, 2747 }, // U+00B4
    { 14, 18, 246, 0, 18, 32, 2751 }, // U+00B6
    { 4, 4, 100, 1, 11, 2, 2783 }, // U+00B7
    { 6, 5, 63, -1, -1, 4, 2785 }, // U+00B8
    { 9, 13, 170, 1, 19, 15, 2789 }, // U+00BA
    { 8, 11, 146, 1, 11, 11, 2804 }, // U+00BB
    { 7, 18, 116, 0, 18, 16, 2815 }, // U+00BF
    { 20, 24, 265, -2, 23, 60, 2831 }, // U+00C0
    { 20, 24, 265, -2, 23, 60, 2891 }, // U+00C1
    { 20, 22, 265, -2, 21, 55, 2951 }, // U+00C2
    { 20, 22, 265, -2, 21, 55, 3006 }, // U+00C3
    { 19, 21, 265, -1, 20, 50, 3061 }, // U+00C4
    { 20, 24, 265, -2, 23, 60, 3111 }, // U+00C5
    { 25, 19, 361, -2, 19, 60, 3171 }, // U+00C6
    { 17, 23, 286, 1, 18, 49, 3231 }, // U+00C7
    { 15, 24, 219, -1, 23, 45, 3280 }, // U+00C8
    { 15, 24, 219, -1, 23, 45, 3325 }, // U+00C9
    { 15, 23, 219, -1, 22, 44, 3370 }, // U+00CA
    { 15, 23, 219, -1, 22, 44, 3414 }, // U+00CB
    { 9, 24, 109, -1, 23, 27, 3458 }, // U+00CC
    { 9, 24, 109, -1, 23, 27, 3485 }, // U+00CD
    { 9, 24, 109, -1, 23, 27, 3512 }, // U+00CE
    { 9, 23, 109, -1, 22, 26, 3539 }, // U+00CF
    { 16, 18, 280, 1, 18, 36, 3565 }, // U+00D0
    { 20, 23, 286, -2, 22, 58, 3601 }, // U+00D1
    { 19, 23, 324, 1, 23, 55, 3659 }, // U+00D2
    { 19, 23, 324, 1, 23, 55, 3714 }, // U+00D3
    { 19, 22, 324, 1, 22, 53, 3769 }, // U+00D4
    { 19, 22, 324, 1, 22, 53, 3822 }, // U+00D5
    { 19, 20, 324, 1, 20, 48, 3875 }, // U+00D6
    { 12, 12, 226, 1, 15, 18, 3923 }, // U+00D7
    { 19, 19, 324, 1, 18, 46, 3941 }, // U+00D8
    { 20, 22, 303, -1, 22, 55, 3987 }, // U+00D9
    { 20, 22, 303, -1, 22, 55, 4042 }, // U+00DA
    { 20, 23, 303, -1, 23, 58, 4097 }, // U+00DB
    { 20, 20, 303, -1, 20, 50, 4155 }, // U+00DC
    { 18, 23, 213, -2, 22, 52, 4205 }, // U+00DD
    { 12, 18, 239, 2, 18, 27, 4257 }, // U+00DE
    { 12, 19, 195, 0, 19, 29, 4284 }, // U+00DF
    { 11, 16, 176, 1, 16, 22, 4313 }, // U+00E0
    { 11, 16, 176, 1, 16, 22, 4335 }, // U+00E1
    { 11, 15, 176, 1, 15, 21, 4357 }, // U+00E2
    { 11, 15, 176, 1, 15, 21, 4378 }, // U+00E3
    { 11, 16, 176, 1, 16, 22, 4399 }, // U+00E4
    { 11, 16, 176, 1, 16, 22, 4421 }, // U+00E5
    { 17, 11, 274, 1, 11, 24, 4443 }, // U+00E6
    { 10, 17, 166, 1, 12, 22, 4467 }, // U+00E7
    { 10, 16, 178, 1, 16, 20, 4489 }, // U+00E8
    { 10, 16, 178, 1, 16, 20, 4509 }, // U+00E9
    { 10, 15, 178, 1, 15, 19, 4529 }, // U+00EA
    { 10, 15, 178, 1, 15, 19, 4548 }, // U+00EB
    { 8, 16, 100, -1, 16, 16, 4567 }, // U+00EC
    { 7, 16, 100, 0, 16, 14, 4583 }, // U+00ED
    { 8, 16, 101, -1, 16, 16, 4597 }, // U+00EE
    { 8, 15, 101, -1, 15, 15, 4613 }, // U+00EF
    { 13, 20, 244, 1, 20, 33, 4628 }, // U+00F0
    { 14, 14, 222, 0, 14, 25, 4661 }, // U+00F1
    { 12, 16, 211, 1, 16, 24, 4686 }, // U+00F2
    { 12, 16, 211, 1, 16, 24, 4710 }, // U+00F3
    { 12, 15, 211, 1, 15, 23, 4734 }, // U+00F4
    { 12, 15, 211, 1, 15, 23, 4757 }, // U+00F5
    { 12, 16, 211, 1, 16, 24, 4780 }, // U+00F6
    { 12, 14, 226, 1, 16, 21, 4804 }, // U+00F7
    { 12, 11, 211, 1, 11, 17, 4825 }, // U+00F8
    { 14, 15, 214, 0, 15, 27, 4842 }, // U+00F9
    { 14, 15, 214, 0, 15, 27, 4869 }, // U+00FA
    { 14, 17, 214, 0, 16, 30, 4896 }, // U+00FB
    { 14, 17, 214, 0, 16, 30, 4926 }, // U+00FC
    { 12, 20, 151, -1, 15, 30, 4956 }, // U+00FD
    { 13, 25, 246, 2, 19, 41, 4986 }, // U+00FE
    { 11, 20, 151, -1, 15, 28, 5027 }, // U+00FF
    { 19, 22, 276, -1, 22, 53, 5055 }, // U+0100
    { 13, 18, 237, 1, 18, 30, 5108 }, // U+0101
    { 19, 24, 265, -2, 23, 57, 5138 }, // U+0102
    { 11, 16, 176, 1, 16, 22, 5195 }, // U+0103
    { 18, 24, 276, -1, 18, 54, 5217 }, // U+0104
    { 12, 20, 237, 1, 14, 30, 5271 }, // U+0105
    { 17, 22, 284, 1, 22, 47, 5301 }, // U+0106
    { 10, 16, 176, 1, 16, 20, 5348 }, // U+0107
    { 14, 23, 246, 1, 23, 41, 5368 }, // U+010A
    { 12, 19, 206, 1, 19, 29, 5409 }, // U+010B
    { 17, 22, 284, 1, 22, 47, 5438 }, // U+010C
    { 12, 16, 176, -1, 16, 24, 5485 }, // U+010D
    { 15, 23, 280, 2, 23, 44, 5509 }, // U+010E
    { 19, 19, 246, 1, 19, 46, 5553 }, // U+010F
    { 19, 20, 292, -1, 19, 48, 5599 }, // U+0110
    { 14, 20, 215, 0, 20, 35, 5647 }, // U+0111
    { 10, 22, 210, 2, 22, 28, 5682 }, // U+0112
    { 13, 18, 234, 1, 18, 30, 5710 }, // U+0113
    { 10, 23, 210, 2, 23, 29, 5740 }, // U+0116
    { 13, 19, 234, 1, 19, 31, 5769 }, // U+0117
    { 10, 24, 210, 2, 18, 30, 5800 }, // U+0118
    { 13, 20, 234, 1, 14, 33, 5830 }, // U+0119
    { 12, 23, 210, 1, 23, 35, 5863 }, // U+011A
    { 13, 19, 234, 1, 19, 31, 5898 }, // U+011B
    { 18, 22, 307, 1, 22, 50, 5929 }, // U+011E
    { 12, 22, 197, 0, 16, 33, 5979 }, // U+011F
    { 15, 23, 282, 1, 23, 44, 6012 }, // U+0120
    { 13, 25, 246, 1, 19, 41, 6056 }, // U+0121
    { 15, 24, 282, 1, 18, 45, 6097 }, // U+0122
    { 13, 25, 246, 1, 19, 41, 6142 }, // U+0123
    { 19, 18, 296, 0, 18, 43, 6183 }, // U+0126
    { 15, 19, 258, 0, 19, 36, 6226 }, // U+0127
    { 9, 22, 109, -1, 21, 25, 6262 }, // U+0128
    { 8, 14, 100, -1, 14, 14, 6287 }, // U+0129
    { 9, 22, 168, 1, 22, 25, 6301 }, // U+012A
    { 9, 18, 124, 0, 18, 21, 6326 }, // U+012B
    { 9, 24, 168, 1, 18, 27, 6347 }, // U+012E
    { 5, 25, 124, 1, 19, 16, 6374 }, // U+012F
    { 13, 27, 172, -1, 26, 44, 6390 }, // U+0130
    { 7, 12, 101, 0, 12, 11, 6434 }, // U+0131
    { 15, 24, 262, 2, 18, 45, 6445 }, // U+0136
    { 15, 25, 250, 2, 19, 47, 6490 }, // U+0137
    { 12, 23, 218, 1, 23, 35, 6537 }, // U+0139
    { 9, 24, 124, 1, 24, 27, 6572 }, // U+013A
    { 11, 24, 218, 2, 18, 33, 6599 }, // U+013B
    { 6, 25, 124, 1, 19, 19, 6632 }, // U+013C
    { 12, 18, 218, 2, 18, 27, 6651 }, // U+013D
    { 11, 19, 124, 2, 19, 27, 6678 }, // U+013E
    { 14, 18, 229, -1, 18, 32, 6705 }, // U+0141
    { 12, 19, 158, -1, 19, 29, 6737 }, // U+0142
    { 17, 23, 316, 2, 23, 49, 6766 }, // U+0143
    { 13, 19, 254, 2, 19, 31, 6815 }, // U+0144
    { 17, 24, 316, 2, 18, 51, 6846 }, // U+0145
    { 13, 20, 254, 2, 14, 33, 6897 }, // U+0146
    { 17, 23, 316, 2, 23, 49, 6930 }, // U+0147
    { 13, 19, 254, 2, 19, 31, 6979 }, // U+0148
    { 16, 23, 302, 1, 23, 46, 7010 }, // U+0150
    { 13, 19, 243, 1, 19, 31, 7056 }, // U+0151
    { 25, 18, 395, 1, 18, 57, 7087 }, // U+0152
    { 19, 12, 324, 1, 11, 29, 7144 }, // U+0153
    { 15, 23, 258, 2, 23, 44, 7173 }, // U+0154
    { 10, 19, 178, 2, 19, 24, 7217 }, // U+0155
    { 15, 23, 258, 2, 23, 44, 7241 }, // U+0158
    { 11, 19, 178, 1, 19, 27, 7285 }, // U+0159
    { 12, 23, 219, 1, 23, 35, 7312 }, // U+015A
    { 11, 19, 195, 1, 19, 27, 7347 }, // U+015B
    { 13, 24, 262, 0, 18, 39, 7374 }, // U+015E
    { 11, 17, 153, -2, 11, 24, 7413 }, // U+015F
    { 12, 24, 219, 1, 24, 36, 7437 }, // U+0160
    { 12, 19, 195, 0, 19, 29, 7473 }, // U+0161
    { 13, 23, 224, 1, 23, 38, 7502 }, // U+0164
    { 15, 19, 174, 1, 19, 36, 7540 }, // U+0165
    { 20, 21, 303, -1, 21, 53, 7576 }, // U+0168
    { 14, 14, 214, 0, 14, 25, 7629 }, // U+0169
    { 15, 22, 286, 2, 22, 42, 7654 }, // U+016A
    { 13, 18, 254, 2, 18, 30, 7696 }, // U+016B
    { 15, 26, 286, 2, 26, 49, 7726 }, // U+016E
    { 13, 22, 254, 2, 22, 36, 7775 }, // U+016F
    { 15, 23, 286, 2, 23, 44, 7811 }, // U+0170
    { 13, 19, 254, 2, 19, 31, 7855 }, // U+0171
    { 15, 24, 286, 2, 18, 45, 7886 }, // U+0172
    { 13, 20, 254, 2, 14, 33, 7931 }, // U+0173
    { 25, 23, 394, 0, 23, 72, 7964 }, // U+0174
    { 23, 19, 347, -1, 19, 55, 8036 }, // U+0175
    { 17, 23, 252, 0, 23, 49, 8091 }, // U+0176
    { 16, 25, 232, -1, 19, 50, 8140 }, // U+0177
    { 18, 23, 213, -2, 22, 52, 8190 }, // U+0178
    { 13, 23, 231, 1, 23, 38, 8242 }, // U+0179
    { 12, 19, 192, 1, 19, 29, 8280 }, // U+017A
    { 13, 23, 231, 1, 23, 38, 8309 }, // U+017B
    { 11, 19, 192, 1, 19, 27, 8347 }, // U+017C
    { 13, 23, 231, 1, 23, 38, 8374 }, // U+017D
    { 11, 19, 192, 1, 19, 27, 8412 }, // U+017E
    { 19, 20, 324, 1, 20, 48, 8439 }, // U+01A0
    { 12, 14, 211, 1, 14, 21, 8487 }, // U+01A1
    { 21, 20, 303, -1, 20, 53, 8508 }, // U+01AF
    { 14, 14, 214, 0, 14, 25, 8561 }, // U+01B0
    { 12, 24, 219, 1, 18, 36, 8586 }, // U+0218
    { 11, 20, 195, 1, 14, 28, 8622 }, // U+0219
    { 13, 24, 224, 1, 18, 39, 8650 }, // U+021A
    { 10, 22, 174, 1, 16, 28, 8689 }, // U+021B
    { 9, 4, 0, -14, 19, 5, 8717 }, // U+0300
    { 9, 4, 0, -10, 19, 5, 8722 }, // U+0301
    { 12, 4, 0, -6, 19, 6, 8727 }, // U+0302
    { 10, 5, 0, -14, 20, 7, 8733 }, // U+0303
    { 9, 3, 0, -4, 18, 4, 8740 }, // U+0304
    { 9, 5, 0, -5, 20, 6, 8744 }, // U+0306
    { 5, 4, 0, -2, 19, 3, 8750 }, // U+0307
    { 10, 4, 0, -5, 19, 5, 8753 }, // U+0308
    { 6, 7, 0, -3, 22, 6, 8758 }, // U+030A
    { 13, 4, 0, -5, 19, 7, 8764 }, // U+030B
    { 12, 4, 0, -6, 19, 6, 8771 }, // U+030C
    { 6, 4, 0, -3, -1, 3, 8777 }, // U+0326
    { 6, 6, 0, -3, 0, 5, 8780 }, // U+0327
    { 5, 7, 0, -3, 1, 5, 8785 }, // U+0328
    { 0, 0, 0, 0, 0, 0, 8790 }, // U+034F
    { 17, 15, 267, 0, 15, 32, 8790 }, // U+05D0
    { 14, 15, 231, 1, 15, 27, 8822 }, // U+05D1
    { 10, 16, 172, 1, 15, 20, 8849 }, // U+05D2
    { 14, 15, 224, 0, 15, 27, 8869 }, // U+05D3
    { 15, 15, 260, 0, 15, 29, 8896 }, // U+05D4
    { 7, 15, 142, 1, 15, 14, 8925 }, // U+05D5
    { 9, 15, 154, 1, 15, 17, 8939 }, // U+05D6
    { 16, 15, 270, 0, 15, 30, 8956 }, // U+05D7
    { 15, 15, 260, 1, 15, 29, 8986 }, // U+05D8
    { 7, 9, 140, 1, 15, 8, 9015 }, // U+05D9
    { 13, 19, 222, 0, 15, 31, 9023 }, // U+05DA
    { 12, 15, 204, 0, 15, 23, 9054 }, // U+05DB
    { 13, 19, 222, 1, 19, 31, 9077 }, // U+05DC
    { 16, 15, 273, 0, 15, 30, 9108 }, // U+05DD
    { 17, 15, 282, 0, 15, 32, 9138 }, // U+05DE
    { 7, 19, 143, 1, 15, 17, 9170 }, // U+05DF
    { 9, 15, 163, 0, 15, 17, 9187 }, // U+05E0
    { 16, 15, 271, 0, 15, 30, 9204 }, // U+05E1
    { 15, 18, 252, 1, 16, 34, 9234 }, // U+05E2
    { 14, 19, 258, 1, 15, 34, 9268 }, // U+05E3
    { 14, 15, 249, 1, 15, 27, 9302 }, // U+05E4
    { 15, 19, 241, 0, 15, 36, 9329 }, // U+05E5
    { 15, 15, 239, 0, 15, 29, 9365 }, // U+05E6
    { 16, 19, 260, 0, 15, 38, 9394 }, // U+05E7
    { 12, 15, 212, 0, 15, 23, 9432 }, // U+05E8
    { 17, 15, 315, 1, 15, 32, 9455 }, // U+05E9
    { 16, 15, 284, 0, 15, 30, 9487 }, // U+05EA
    { 19, 22, 265, -1, 19, 53, 9517 }, // U+1EA0
    { 11, 15, 176, 1, 11, 21, 9570 }, // U+1EA1
    { 19, 26, 265, -1, 25, 62, 9591 }, // U+1EA2
    { 11, 18, 176, 1, 18, 25, 9653 }, // U+1EA3
    { 20, 25, 265, -2, 24, 63, 9678 }, // U+1EA4
    { 12, 17, 176, 1, 17, 26, 9741 }, // U+1EA5
    { 20, 25, 265, -2, 24, 63, 9767 }, // U+1EA6
    { 13, 17, 176, -1, 17, 28, 9830 }, // U+1EA7
    { 20, 27, 265, -2, 26, 68, 9858 }, // U+1EA8
    { 10, 19, 176, 1, 19, 24, 9926 }, // U+1EA9
    { 20, 25, 265, -2, 24, 63, 9950 }, // U+1EAA
    { 11, 17, 176, 1, 17, 24, 10013 }, // U+1EAB
    { 19, 24, 265, -1, 21, 57, 10037 }, // U+1EAC
    { 11, 19, 176, 1, 15, 27, 10094 }, // U+1EAD
    { 19, 27, 265, -2, 26, 65, 10121 }, // U+1EAE
    { 11, 19, 176, 1, 19, 27, 10186 }, // U+1EAF
    { 19, 27, 265, -2, 26, 65, 10213 }, // U+1EB0
    { 11, 19, 176, 1, 19, 27, 10278 }, // U+1EB1
    { 19, 29, 265, -2, 28, 69, 10305 }, // U+1EB2
    { 11, 21, 176, 1, 21, 29, 10374 }, // U+1EB3
    { 19, 25, 265, -2, 24, 60, 10403 }, // U+1EB4
    { 11, 17, 176, 1, 17, 24, 10463 }, // U+1EB5
    { 19, 26, 265, -2, 23, 62, 10487 }, // U+1EB6
    { 11, 20, 176, 1, 16, 28, 10549 }, // U+1EB7
    { 15, 22, 219, -1, 18, 42, 10577 }, // U+1EB8
    { 10, 15, 178, 1, 11, 19, 10619 }, // U+1EB9
    { 15, 26, 219, -1, 25, 49, 10638 }, // U+1EBA
    { 10, 18, 178, 1, 18, 23, 10687 }, // U+1EBB
    { 15, 22, 219, -1, 21, 42, 10710 }, // U+1EBC
    { 10, 15, 178, 1, 15, 19, 10752 }, // U+1EBD
    { 15, 25, 219, -1, 24, 47, 10771 }, // U+1EBE
    { 12, 17, 178, 1, 17, 26, 10818 }, // U+1EBF
    { 15, 25, 219, -1, 24, 47, 10844 }, // U+1EC0
    { 12, 17, 178, -1, 17, 26, 10891 }, // U+1EC1
    { 15, 27, 219, -1, 26, 51, 10917 }, // U+1EC2
    { 10, 19, 178, 1, 19, 24, 10968 }, // U+1EC3
    { 15, 25, 219, -1, 24, 47, 10992 }, // U+1EC4
    { 10, 17, 178, 1, 17, 22, 11039 }, // U+1EC5
    { 15, 26, 219, -1, 22, 49, 11061 }, // U+1EC6
    { 10, 19, 178, 1, 15, 24, 11110 }, // U+1EC7
    { 9, 26, 109, -1, 25, 30, 11134 }, // U+1EC8
    { 6, 18, 100, 0, 18, 14, 11164 }, // U+1EC9
    { 8, 22, 109, -1, 18, 22, 11178 }, // U+1ECA
    { 7, 19, 100, 0, 15, 17, 11200 }, // U+1ECB
    { 19, 23, 324, 1, 18, 55, 11217 }, // U+1ECC
    { 12, 15, 211, 1, 11, 23, 11272 }, // U+1ECD
    { 19, 25, 324, 1, 25, 60, 11295 }, // U+1ECE
    { 12, 18, 211, 1, 18, 27, 11355 }, // U+1ECF
    { 19, 24, 324, 1, 24, 57, 11382 }, // U+1ED0
    { 13, 17, 211, 1, 17, 28, 11439 }, // U+1ED1
    { 19, 24, 324, 1, 24, 57, 11467 }, // U+1ED2
    { 13, 17, 211, 0, 17, 28, 11524 }, // U+1ED3
    { 19, 27, 324, 1, 27, 65, 11552 }, // U+1ED4
    { 12, 19, 211, 1, 19, 29, 11617 }, // U+1ED5
    { 19, 24, 324, 1, 24, 57, 11646 }, // U+1ED6
    { 12, 17, 211, 1, 17, 26, 11703 }, // U+1ED7
    { 19, 27, 324, 1, 22, 65, 11729 }, // U+1ED8
    { 12, 19, 211, 1, 15, 29, 11794 }, // U+1ED9
    { 19, 23, 324, 1, 23, 55, 11823 }, // U+1EDA
    { 12, 16, 211, 1, 16, 24, 11878 }, // U+1EDB
    { 19, 23, 324, 1, 23, 55, 11902 }, // U+1EDC
    { 12, 16, 211, 1, 16, 24, 11957 }, // U+1EDD
    { 19, 25, 324, 1, 25, 60, 11981 }, // U+1EDE
    { 12, 18, 211, 1, 18, 27, 12041 }, // U+1EDF
    { 19, 22, 324, 1, 22, 53, 12068 }, // U+1EE0
    { 12, 15, 211, 1, 15, 23, 12121 }, // U+1EE1
    { 19, 25, 324, 1, 20, 60, 12144 }, // U+1EE2
    { 12, 18, 211, 1, 14, 27, 12204 }, // U+1EE3
    { 20, 23, 303, -1, 18, 58, 12231 }, // U+1EE4
    { 14, 16, 214, 0, 12, 28, 12289 }, // U+1EE5
    { 20, 24, 303, -1, 24, 60, 12317 }, // U+1EE6
    { 14, 17, 214, 0, 17, 30, 12377 }, // U+1EE7
    { 21, 22, 303, -1, 22, 58, 12407 }, // U+1EE8
    { 14, 15, 214, 0, 15, 27, 12465 }, // U+1EE9
    { 21, 22, 303, -1, 22, 58, 12492 }, // U+1EEA
    { 14, 15, 214, 0, 15, 27, 12550 }, // U+1EEB
    { 21, 24, 303, -1, 24, 63, 12577 }, // U+1EEC
    { 14, 17, 214, 0, 17, 30, 12640 }, // U+1EED
    { 21, 21, 303, -1, 21, 56, 12670 }, // U+1EEE
    { 14, 14, 214, 0, 14, 25, 12726 }, // U+1EEF
    { 21, 25, 303, -1, 20, 66, 12751 }, // U+1EF0
    { 14, 18, 214, 0, 14, 32, 12817 }, // U+1EF1
    { 18, 23, 213, -2, 22, 52, 12849 }, // U+1EF2
    { 12, 20, 151, -1, 15, 30, 12901 }, // U+1EF3
    { 18, 23, 213, -2, 19, 52, 12931 }, // U+1EF4
    { 12, 17, 151, -1, 12, 26, 12983 }, // U+1EF5
    { 18, 24, 213, -2, 23, 54, 13009 }, // U+1EF6
    { 12, 22, 151, -1, 17, 33, 13063 }, // U+1EF7
    { 18, 22, 213, -2, 21, 50, 13096 }, // U+1EF8
    { 12, 19, 151, -1, 14, 29, 13146 }, // U+1EF9
    { 1, 18, 0, 0, 17, 3, 13175 }, // U+200C
    { 7, 18, 0, -3, 17, 16, 13178 }, // U+200D
    { 6, 19, 0, 0, 18, 15, 13194 }, // U+200E
    { 6, 19, 0, -5, 18, 15, 13209 }, // U+200F
    { 8, 2, 134, 0, 6, 2, 13224 }, // U+2010
    { 14, 2, 225, 0, 10, 4, 13226 }, // U+2013
    { 10, 2, 172, 1, 7, 3, 13230 }, // U+2014
    { 4, 8, 73, 1, 19, 4, 13233 }, // U+2018
    { 4, 8, 73, 0, 18, 4, 13237 }, // U+2019
    { 4, 8, 73, 0, 3, 4, 13241 }, // U+201A
    { 8, 8, 130, 1, 19, 8, 13245 }, // U+201C
    { 8, 8, 129, 0, 18, 8, 13253 }, // U+201D
    { 8, 8, 129, 0, 3, 8, 13261 }, // U+201E
    { 16, 24, 254, 0, 19, 48, 13269 }, // U+2020
    { 16, 25, 255, 0, 19, 50, 13317 }, // U+2021
    { 7, 7, 146, 1, 13, 7, 13367 }, // U+2022
    { 13, 3, 248, 1, 3, 5, 13374 }, // U+2026
    { 25, 18, 412, 1, 18, 57, 13379 }, // U+2030
    { 5, 11, 96, 0, 11, 7, 13436 }, // U+2039
    { 5, 11, 96, 1, 11, 7, 13443 }, // U+203A
    { 11, 18, 110, -2, 18, 25, 13450 }, // U+2044
    { 26, 18, 414, -1, 18, 59, 13475 }, // U+20A3
    { 19, 15, 349, 2, 15, 36, 13534 }, // U+20AA
    { 12, 17, 157, 1, 19, 26, 13570 }, // U+20AB
    { 14, 18, 226, 1, 18, 32, 13596 }, // U+20AC
    { 8, 3, 135, 0, 7, 3, 13628 }, // U+2212
    { 4, 4, 100, 1, 11, 2, 13631 }, // U+2219
};

static const EpdUnicodeInterval sfugoudy_12_boldIntervals[] = {
    { 0x0, 0x0, 0x0 },
    { 0xD, 0xD, 0x1 },
    { 0x20, 0x7E, 0x2 },
    { 0x80, 0x80, 0x61 },
    { 0xA0, 0xA5, 0x62 },
    { 0xA7, 0xB0, 0x68 },
    { 0xB4, 0xB4, 0x72 },
    { 0xB6, 0xB8, 0x73 },
    { 0xBA, 0xBB, 0x76 },
    { 0xBF, 0x107, 0x78 },
    { 0x10A, 0x113, 0xC1 },
    { 0x116, 0x11B, 0xCB },
    { 0x11E, 0x123, 0xD1 },
    { 0x126, 0x12B, 0xD7 },
    { 0x12E, 0x131, 0xDD },
    { 0x136, 0x137, 0xE1 },
    { 0x139, 0x13E, 0xE3 },
    { 0x141, 0x148, 0xE9 },
    { 0x150, 0x155, 0xF1 },
    { 0x158, 0x15B, 0xF7 },
    { 0x15E, 0x161, 0xFB },
    { 0x164, 0x165, 0xFF },
    { 0x168, 0x16B, 0x101 },
    { 0x16E, 0x17E, 0x105 },
    { 0x1A0, 0x1A1, 0x116 },
    { 0x1AF, 0x1B0, 0x118 },
    { 0x218, 0x21B, 0x11A },
    { 0x300, 0x304, 0x11E },
    { 0x306, 0x308, 0x123 },
    { 0x30A, 0x30C, 0x126 },
    { 0x326, 0x328, 0x129 },
    { 0x34F, 0x34F, 0x12C },
    { 0x5D0, 0x5EA, 0x12D },
    { 0x1EA0, 0x1EF9, 0x148 },
    { 0x200C, 0x2010, 0x1A2 },
    { 0x2013, 0x2014, 0x1A7 },
    { 0x2018, 0x201A, 0x1A9 },
    { 0x201C, 0x201E, 0x1AC },
    { 0x2020, 0x2022, 0x1AF },
    { 0x2026, 0x2026, 0x1B2 },
    { 0x2030, 0x2030, 0x1B3 },
    { 0x2039, 0x203A, 0x1B4 },
    { 0x2044, 0x2044, 0x1B6 },
    { 0x20A3, 0x20A3, 0x1B7 },
    { 0x20AA, 0x20AC, 0x1B8 },
    { 0x2212, 0x2212, 0x1BB },
    { 0x2219, 0x2219, 0x1BC },
};

static const uint16_t sfugoudy_12_boldKernLeftCodepoints[] = {
    0x00D0, 0x00DE, 0x00F0, 0x00FE, 0x0100, 0x0104, 0x010A, 0x010E, 0x010F, 0x0113, 0x0117, 0x0119,
    0x011B, 0x0136, 0x0139, 0x013B, 0x013D, 0x013E, 0x0141, 0x0150, 0x0151, 0x0155, 0x0159, 0x0164,
    0x016A, 0x016E, 0x0170, 0x0172, 0x0174, 0x0176, 0x0179, 0x017B, 0x017D, 0x021A, 0x05D0, 0x05D1,
    0x05D2, 0x05D3, 0x05D5, 0x05D8, 0x05D9, 0x05DB, 0x05DC, 0x05DE, 0x05E0, 0x05E1, 0x05E2, 0x05E4,
    0x05E6, 0x05E8, 0x05E9, 0x05EA,
};

static const uint8_t sfugoudy_12_boldKernLeftClassIds[] = {
      1,   2,   3,   3,   4,   4,   5,   1,   6,   3,   3,   3,   3,   7,   8,   8,
      8,   6,   8,   1,   3,   9,   9,  10,  11,  11,  11,  11,  12,  13,  14,  14,
     14,  10,  15,  16,  17,  18,  19,  20,  21,  22,  23,  24,  25,  26,  27,  28,
     29,  30,  31,  32,
};

static const uint16_t sfugoudy_12_boldKernRightCodepoints[] = {
    0x00FE, 0x0100, 0x0101, 0x0104, 0x0105, 0x010A, 0x010B, 0x010F, 0x0113, 0x0117, 0x0119, 0x011B,
    0x0120, 0x0121, 0x0122, 0x0123, 0x0127, 0x0137, 0x013A, 0x013C, 0x013E, 0x0144, 0x0146, 0x0150,
    0x0151, 0x0155, 0x015B, 0x0164, 0x016A, 0x016B, 0x016E, 0x016F, 0x0170, 0x0171, 0x0172, 0x0173,
    0x0174, 0x0175, 0x0176, 0x0177, 0x0179, 0x017A, 0x017B, 0x017C, 0x017D, 0x017E, 0x0219, 0x021A,
    0x05D1, 0x05D2, 0x05D3, 0x05D4, 0x05D6, 0x05D7, 0x05D8, 0x05D9, 0x05DA, 0x05DB, 0x05DC, 0x05DD,
    0x05DE, 0x05E1, 0x05E2, 0x05E3, 0x05E4, 0x05E7, 0x05E8, 0x05E9, 0x05EA,
};

static const uint8_t sfugoudy_12_boldKernRightClassIds[] = {
      1,   2,   3,   2,   3,   4,   5,   5,   5,   5,   5,   5,   4,   6,   4,   6,
      7,   1,   1,   1,   1,   8,   8,   4,   5,   8,   9,  10,  11,   8,  11,   8,
     11,   8,  11,   8,  12,  13,  14,  13,  15,  16,  15,  16,  15,  16,   9,  10,
     17,  18,  19,  20,  21,  22,  23,  24,  25,  26,  27,  28,  29,  30,  31,  32,
     33,  34,  35,  36,  37,
};

static const uint16_t sfugoudy_12_boldKernRowOffsets[] = {
        0,     5,     7,     9,    13,    14,    16,    17,    22,    25,    35,    36,    43,    51,    52,    58,
       60,    64,    73,    79,    84,    95,   101,   109,   114,   116,   121,   122,   129,   135,   144,   152,
      160,
};

static const uint8_t sfugoudy_12_boldKernSparseCols[] = {
      1,   9,  11,  13,  14,   1,  14,  12,  15,   3,   9,  11,  13,   3,   0,   6,
      3,   3,   9,  10,  11,  13,   2,   4,   5,   1,   2,   3,   4,   5,   7,   8,
      9,  12,  15,   1,   1,   2,   3,   4,   5,   7,   8,   1,   2,   3,   4,   5,
      7,   8,  15,   3,  23,  25,  26,  32,  33,  35,  29,  32,  16,  23,  26,  28,
     16,  19,  22,  24,  25,  29,  31,  32,  34,  16,  22,  27,  29,  32,  34,  18,
     22,  24,  31,  32,  16,  19,  21,  22,  25,  27,  28,  29,  32,  34,  36,  22,
     24,  28,  29,  31,  32,  16,  17,  22,  24,  25,  31,  32,  36,  22,  25,  28,
     29,  32,  22,  23,  22,  24,  26,  29,  34,  22,  24,  25,  26,  29,  31,  32,
     35,  19,  22,  23,  28,  29,  32,  16,  22,  24,  28,  29,  31,  32,  34,  36,
     16,  22,  25,  27,  29,  32,  33,  34,  18,  20,  23,  26,  28,  29,  30,  35,
};

static const int8_t sfugoudy_12_boldKernSparseValues[] = {
      -6,  -10,   -3,   -4,   -3,  -17,   -4,   -7,   -3,   -6,  -23,  -12,  -20,   -8,   15,   28,
      -6,   -7,   -9,   -4,   -9,  -13,   -7,   -7,   -4,  -23,  -29,   -7,  -25,  -25,  -18,  -22,
       7,   -7,  -14,   -4,  -12,   -7,   -4,   -7,   -4,   -4,   -4,  -20,  -18,   -7,  -18,  -18,
     -11,  -14,   -7,   -4,   -8,   -4,   -2,   -6,   -4,   -6,   -7,   -7,    4,   -8,   -5,   -4,
     -16,   -6,   -3,  -18,  -12,  -10,  -18,  -12,   -9,   -8,   -4,   -3,   -6,   -8,   -9,   -2,
      -8,  -16,  -10,   -3,  -20,   -7,   -7,   -8,   -8,  -10,   -7,   -8,   -8,   -7,   -8,   -1,
      -1,   -3,   -4,   -6,   -8,  -16,   -3,   -2,  -12,   -9,  -17,   -4,   -2,   -2,   -8,   -7,
     -10,  -10,   -4,   -6,   -3,  -12,   -4,   -3,  -11,   -6,   -6,   -8,   -6,   -8,  -12,   -4,
      -7,   -2,   -2,   -8,   -3,   -6,   -7,  -16,   -8,  -14,   -6,  -12,  -10,  -13,   -8,   -8,
     -11,   -4,  -12,   -6,  -11,   -8,    1,   -7,  -15,  -15,   -6,   -3,  -13,  -14,  -12,   -6,
};

static const EpdFontData sfugoudy_12_bold = {
    sfugoudy_12_boldBitmaps,
    sfugoudy_12_boldGlyphs,
    sfugoudy_12_boldIntervals,
    47,
    24,
    20,
    -6,
    false,
    nullptr,
    0,
    nullptr,
    nullptr,  // kernLeftClasses: built-in fonts use the split arrays below
    nullptr,  // kernRightClasses
    sfugoudy_12_boldKernLeftCodepoints,
    sfugoudy_12_boldKernLeftClassIds,
    sfugoudy_12_boldKernRightCodepoints,
    sfugoudy_12_boldKernRightClassIds,
    nullptr,  // kernMatrix: built-in fonts use the sparse form below
    sfugoudy_12_boldKernRowOffsets,
    sfugoudy_12_boldKernSparseCols,
    sfugoudy_12_boldKernSparseValues,
    52,
    69,
    32,
    37,
    nullptr,
    0,
};
