/**
 * generated by fontconvert.py
 * name: sfugoudy_12_regular
 * size: 12
 * mode: 1-bit
 * Command used: fontconvert.py sfugoudy_12_regular 12 ../builtinFonts/source/SFUGoudy/SFUGoudyMedium.ttf ../builtinFonts/source/NotoSansHebrew/NotoSansHebrew-UIMedium.ttf --additional-intervals 0x05D0,0x05EA --force-autohint
 */
#pragma once
#include "EpdFontData.h"

static const uint8_t sfugoudy_12_regularBitmaps[13336] = {
    0x5F, 0xFF, 0xF6, 0xDB, 0x24, 0x00, 0xFF, 0x80, 0xFF, 0xFF, 0xFF, 0xFF, 0x70, 0x02, 0x00, 0x19,
    0x80, 0x66, 0x01, 0x98, 0x06, 0x60, 0x3B, 0x87, 0xFF, 0x8F, 0xFE, 0x0C, 0xC0, 0x33, 0x01, 0x98,
    0x06, 0x60, 0xFF, 0xF0, 0x66, 0x01, 0x98, 0x0C, 0xC0, 0x33, 0x00, 0xCC, 0x02, 0x30, 0x00, 0x02,
    0x00, 0x10, 0x07, 0xF8, 0x75, 0xE7, 0x27, 0x39, 0x19, 0xC8, 0x4F, 0x40, 0x7E, 0x01, 0xFC, 0x07,
    0xF8, 0x1F, 0xE0, 0x3F, 0x01, 0x3F, 0x09, 0xF8, 0x47, 0x62, 0x73, 0x13, 0x9F, 0xF8, 0x7F, 0x80,
    0x20, 0x01, 0x00, 0x7E, 0x06, 0x7F, 0x07, 0x39, 0xC7, 0x1C, 0xE3, 0x0E, 0x73, 0x87, 0x3B, 0x83,
    0x9D, 0x80, 0xFD, 0xC0, 0x7D, 0xC0, 0x00, 0xDF, 0x00, 0xEF, 0xC0, 0xEE, 0x70, 0x67, 0x38, 0x73,
    0x9C, 0x71, 0xCE, 0x30, 0xE7, 0x38, 0x3F, 0xB8, 0x1F, 0x80, 0x0F, 0xE0, 0x00, 0xE7, 0x00, 0x0E,
    0x1C, 0x00, 0x78, 0x60, 0x03, 0xC3, 0x00, 0x0F, 0x00, 0x00, 0x78, 0x00, 0x0F, 0xE3, 0xF0, 0x77,
    0x83, 0x07, 0x3E, 0x18, 0x38, 0xF8, 0xC1, 0xC3, 0xE6, 0x0E, 0x0F, 0xB0, 0x70, 0x3F, 0x03, 0xC0,
    0xFC, 0x0F, 0x01, 0xF0, 0x3E, 0x1F, 0xC0, 0x7F, 0x8F, 0xC0, 0xFF, 0xFF, 0x80, 0x7F, 0x39, 0xCE,
    0x73, 0x9C, 0xE7, 0x39, 0xCE, 0x73, 0x9C, 0xE7, 0x39, 0xC7, 0x1C, 0x70, 0xE1, 0xC7, 0x1C, 0x71,
    0xC7, 0x1C, 0x71, 0xC7, 0x1C, 0x71, 0xC7, 0x1C, 0x71, 0xCE, 0x79, 0x80, 0x6C, 0x7C, 0xFF, 0xFF,
    0xFF, 0x7C, 0x6C, 0x0C, 0x03, 0x00, 0xC0, 0x30, 0xFF, 0xFF, 0xF0, 0xC0, 0x30, 0x0C, 0x03, 0x00,
    0x77, 0x73, 0x36, 0x60, 0x7F, 0xFF, 0xFF, 0x80, 0x00, 0x30, 0x06, 0x00, 0xE0, 0x0C, 0x01, 0xC0,
    0x18, 0x03, 0x00, 0x30, 0x06, 0x00, 0xE0, 0x0C, 0x01, 0xC0, 0x18, 0x03, 0x00, 0x30, 0x06, 0x00,
    0xE0, 0x0C, 0x00, 0x1F, 0x83, 0x3C, 0x61, 0xE6, 0x0E, 0xE0, 0xEE, 0x0F, 0xE0, 0xFE, 0x07, 0xE0,
    0x7E, 0x07, 0xE0, 0x7F, 0x07, 0xF0, 0x7F, 0x07, 0x70, 0x67, 0x86, 0x3C, 0xC1, 0xF8, 0x00, 0x0E,
    0x1F, 0x1F, 0x81, 0xC0, 0xE0, 0x70, 0x38, 0x1C, 0x0E, 0x07, 0x03, 0x81, 0xC0, 0xE0, 0x70, 0x38,
    0x1C, 0x1E, 0x1F, 0xC0, 0x3F, 0x0F, 0xF3, 0x0F, 0x40, 0xE0, 0x1C, 0x03, 0x80, 0xE0, 0x1C, 0x03,
    0x00, 0xE0, 0x18, 0x06, 0x00, 0x80, 0x30, 0x0C, 0x1B, 0x07, 0x7F, 0xDF, 0xFB, 0x80, 0x00, 0x0E,
    0x07, 0xF1, 0xDF, 0x31, 0xE0, 0x1C, 0x07, 0x00, 0xE0, 0x38, 0x0F, 0x83, 0xF8, 0x07, 0x00, 0xF0,
    0x0E, 0x01, 0xC0, 0x38, 0x0E, 0x01, 0xD8, 0xF1, 0xFC, 0x00, 0x00, 0xC0, 0x1C, 0x01, 0xC0, 0x3C,
    0x07, 0xC0, 0xDC, 0x0D, 0xC1, 0x9C, 0x31, 0xC3, 0x1C, 0x61, 0xD7, 0xFF, 0xFF, 0xF0, 0x1C, 0x01,
    0xC0, 0x1C, 0x01, 0xC0, 0x1C, 0x01, 0x80, 0x3F, 0xC7, 0xF8, 0xFE, 0x18, 0x03, 0x00, 0x40, 0x08,
    0x03, 0xF8, 0x7F, 0xC0, 0xF8, 0x07, 0x80, 0xF0, 0x0E, 0x03, 0xC0, 0x70, 0x1E, 0x87, 0x9F, 0xC0,
    0x00, 0x00, 0x0E, 0x03, 0xC0, 0xF0, 0x1C, 0x03, 0xC0, 0x78, 0x07, 0x00, 0xFF, 0xCF, 0xFE, 0xE1,
    0xEE, 0x0F, 0xE0, 0xFE, 0x07, 0xE0, 0x7E, 0x0E, 0x70, 0xE3, 0x9C, 0x1F, 0x80, 0x7F, 0xFF, 0xFE,
    0x0F, 0x03, 0x80, 0x80, 0x60, 0x18, 0x0C, 0x03, 0x01, 0xC0, 0xE0, 0x38, 0x0E, 0x07, 0x81, 0xC0,
    0x70, 0x1C, 0x07, 0x00, 0x1F, 0x87, 0x9C, 0x70, 0xEE, 0x0E, 0xF0, 0xEF, 0x0C, 0x7D, 0xC7, 0xF0,
    0x1F, 0x87, 0xFE, 0x63, 0xEE, 0x0F, 0xE0, 0xFE, 0x07, 0xE0, 0x7F, 0x0E, 0x79, 0xC3, 0xF8, 0x3F,
    0x0E, 0x73, 0x87, 0x70, 0x7E, 0x0F, 0xC1, 0xF8, 0x3F, 0x07, 0xF0, 0xEF, 0x3C, 0xFF, 0x84, 0xE0,
    0x3C, 0x07, 0x01, 0xC0, 0x70, 0x3C, 0x0E, 0x00, 0x00, 0x00, 0xEE, 0xEE, 0x00, 0x0E, 0xEE, 0x73,
    0x9C, 0xE0, 0x00, 0x0E, 0x73, 0x8C, 0x66, 0x30, 0x00, 0x00, 0x20, 0x1C, 0x0F, 0x87, 0xE1, 0xF0,
    0xF8, 0x1F, 0x01, 0xF0, 0x0F, 0x80, 0x7C, 0x03, 0x80, 0x30, 0x3F, 0xFD, 0xFF, 0xE0, 0x00, 0x3F,
    0xFE, 0xFF, 0xF0, 0x80, 0x1C, 0x03, 0xE0, 0x3F, 0x01, 0xF0, 0x0F, 0x81, 0xF0, 0x7C, 0x3E, 0x1F,
    0x03, 0x80, 0x60, 0x00, 0x7C, 0xFD, 0x38, 0x70, 0xE1, 0xC7, 0x0C, 0x18, 0x60, 0xC1, 0x81, 0x00,
    0x00, 0x1C, 0x38, 0x70, 0x07, 0xF8, 0x0F, 0x07, 0x0E, 0x01, 0xC6, 0x3F, 0x66, 0x73, 0x9F, 0x31,
    0xCF, 0xB8, 0xE7, 0x98, 0x63, 0xCC, 0x31, 0xE6, 0x18, 0xF3, 0x1C, 0x7D, 0x8E, 0x6E, 0xEF, 0x73,
    0x3D, 0xE9, 0xC0, 0x04, 0x70, 0x0E, 0x1E, 0x1C, 0x03, 0xFC, 0x00, 0x00, 0x00, 0x00, 0x06, 0x00,
    0x00, 0x60, 0x00, 0x0F, 0x00, 0x00, 0xF0, 0x00, 0x1F, 0x80, 0x01, 0xF8, 0x00, 0x3B, 0x80, 0x03,
    0xBC, 0x00, 0x31, 0xC0, 0x07, 0x1E, 0x00, 0x61, 0xE0, 0x0F, 0xFF, 0x00, 0xC0, 0xF0, 0x18, 0x07,
    0x01, 0x80, 0x78, 0x18, 0x07, 0x83, 0x00, 0x3C, 0x7C, 0x0F, 0xE0, 0x00, 0x00, 0x7F, 0xF0, 0x78,
    0xF0, 0x70, 0xF0, 0xE1, 0xE1, 0xC1, 0xC3, 0x83, 0x87, 0x0E, 0x0E, 0x3C, 0x1F, 0xF0, 0x38, 0xF8,
    0x70, 0x78, 0xE0, 0x71, 0xC0, 0xE3, 0x81, 0xC7, 0x03, 0x8E, 0x0F, 0x3C, 0x3C, 0xFF, 0xE0, 0x00,
    0x00, 0x07, 0xF8, 0x0F, 0x0F, 0x8E, 0x01, 0xCE, 0x00, 0x67, 0x00, 0x17, 0x00, 0x0F, 0x80, 0x01,
    0xC0, 0x00, 0xE0, 0x00, 0x70, 0x00, 0x38, 0x00, 0x1C, 0x00, 0x0E, 0x00, 0x07, 0x80, 0x09, 0xE0,
    0x0C, 0x78, 0x0E, 0x1E, 0x1E, 0x07, 0xFC, 0x00, 0xFF, 0xFC, 0x07, 0x83, 0xC0, 0x70, 0x1C, 0x0E,
    0x01, 0xC1, 0xC0, 0x3C, 0x38, 0x03, 0x87, 0x00, 0x78, 0xE0, 0x0F, 0x1C, 0x00, 0xE3, 0x80, 0x1C,
    0x70, 0x03, 0x8E, 0x00, 0xE1, 0xC0, 0x1C, 0x38, 0x03, 0x07, 0x00, 0xE0, 0xE0, 0x38, 0x3E, 0x1E,
    0x0F, 0xFF, 0x00, 0x00, 0x00, 0x00, 0x7F, 0xFC, 0x78, 0x38, 0x70, 0x30, 0xE0, 0x61, 0xC0, 0x03,
    0x80, 0x07, 0x04, 0x0E, 0x18, 0x1F, 0xF0, 0x38, 0x60, 0x70, 0x40, 0xE0, 0x01, 0xC0, 0x03, 0x80,
    0x07, 0x00, 0x8E, 0x03, 0x1C, 0x1C, 0xFF, 0xF8, 0x00, 0x00, 0x7F, 0xFC, 0xF0, 0x31, 0xC0, 0xC7,
    0x01, 0x1C, 0x00, 0x70, 0x01, 0xC1, 0x07, 0x0C, 0x1F, 0xF0, 0x70, 0xC1, 0xC1, 0x87, 0x04, 0x1C,
    0x00, 0x70, 0x01, 0xC0, 0x07, 0x00, 0x3C, 0x01, 0xFC, 0x00, 0x07, 0xFC, 0x07, 0x87, 0xE3, 0xC0,
    0x79, 0xE0, 0x0E, 0x70, 0x01, 0xBC, 0x00, 0x2F, 0x00, 0x03, 0x80, 0x00, 0xE0, 0x00, 0x38, 0x03,
    0xFF, 0x00, 0x7B, 0xC0, 0x0E, 0xF0, 0x03, 0x9C, 0x00, 0xE7, 0x80, 0x38, 0xF0, 0x1E, 0x1E, 0x1F,
    0x01, 0xFF, 0x00, 0xFF, 0x0F, 0xE3, 0xC0, 0x3C, 0x1C, 0x03, 0x81, 0xC0, 0x38, 0x1C, 0x03, 0x81,
    0xC0, 0x38, 0x1C, 0x03, 0x81, 0xC0, 0x38, 0x1F, 0xFF, 0x81, 0xC0, 0x38, 0x1C, 0x03, 0x81, 0xC0,
    0x38, 0x1C, 0x03, 0x81, 0xC0, 0x38, 0x1C, 0x03, 0x81, 0xC0, 0x38, 0x3C, 0x03, 0xC7, 0xF0, 0xFF,
    0x7E, 0x1E, 0x07, 0x03, 0x81, 0xC0, 0xE0, 0x70, 0x38, 0x1C, 0x0E, 0x07, 0x03, 0x81, 0xC0, 0xE0,
    0x70, 0x38, 0x3C, 0x3F, 0x80, 0x00, 0x1F, 0x83, 0xC0, 0x70, 0x1C, 0x07, 0x01, 0xC0, 0x70, 0x1C,
    0x07, 0x01, 0xC0, 0x70, 0x1C, 0x07, 0x01, 0xC0, 0x70, 0x1C, 0x07, 0x01, 0xC0, 0x60, 0x18, 0x6E,
    0x1F, 0x07, 0x80, 0x7E, 0x1F, 0x8F, 0x03, 0x81, 0xC1, 0xC0, 0x70, 0xE0, 0x1C, 0x70, 0x07, 0x38,
    0x01, 0xDC, 0x00, 0x7E, 0x00, 0x1F, 0x80, 0x07, 0xF0, 0x01, 0xFE, 0x00, 0x77, 0xC0, 0x1C, 0xF0,
    0x07, 0x1E, 0x01, 0xC7, 0xC0, 0x70, 0xF8, 0x3C, 0x1F, 0x1F, 0xC3, 0xF0, 0x00, 0x00, 0x7F, 0x00,
    0x78, 0x00, 0x70, 0x00, 0xE0, 0x01, 0xC0, 0x03, 0x80, 0x07, 0x00, 0x0E, 0x00, 0x1C, 0x00, 0x38,
    0x00, 0x70, 0x00, 0xE0, 0x01, 0xC0, 0x03, 0x80, 0x07, 0x01, 0x8E, 0x07, 0x3F, 0xFC, 0xFF, 0xF0,
    0x00, 0x00, 0x03, 0xE0, 0x01, 0xE3, 0xC0, 0x0F, 0x0F, 0x00, 0x38, 0x3E, 0x01, 0xE0, 0xF8, 0x07,
    0x83, 0xF0, 0x3E, 0x0F, 0xC0, 0xF8, 0x37, 0x83, 0xE0, 0xDE, 0x1B, 0x83, 0x3C, 0x6E, 0x0C, 0xF3,
    0x38, 0x31, 0xEC, 0xE0, 0xC7, 0xE3, 0x83, 0x0F, 0x8E, 0x0C, 0x3E, 0x38, 0x30, 0x70, 0xE0, 0xE1,
    0xC3, 0xC7, 0xC6, 0x1F, 0xC0, 0x00, 0x00, 0x07, 0xC0, 0x3F, 0x3E, 0x00, 0xE1, 0xF0, 0x0C, 0x1F,
    0x80, 0xC1, 0xFC, 0x0C, 0x1B, 0xC0, 0xC1, 0xBE, 0x0C, 0x19, 0xF0, 0xC1, 0x8F, 0x8C, 0x18, 0x7C,
    0xC1, 0x83, 0xEC, 0x18, 0x1F, 0xC1, 0x80, 0xFC, 0x18, 0x07, 0xC1, 0x80, 0x3C, 0x18, 0x03, 0xC1,
    0xC0, 0x1C, 0x3F, 0x00, 0xC0, 0x00, 0x04, 0x07, 0xF8, 0x03, 0x83, 0xC0, 0xE0, 0x3C, 0x38, 0x03,
    0xC6, 0x00, 0x3D, 0xC0, 0x03, 0xB8, 0x00, 0x7F, 0x00, 0x0F, 0xE0, 0x00, 0xFC, 0x00, 0x1F, 0x80,
    0x03, 0xF0, 0x00, 0xEE, 0x00, 0x1C, 0xE0, 0x03, 0x9E, 0x00, 0xE1, 0xE0, 0x18, 0x1F, 0x0E, 0x00,
    0xFF, 0x00, 0x7F, 0xE0, 0xF1, 0xE1, 0xC3, 0x87, 0x0F, 0x1C, 0x1C, 0x70, 0x71, 0xC3, 0x87, 0x0E,
    0x1C, 0xF0, 0x7F, 0x81, 0xC0, 0x07, 0x00, 0x1C, 0x00, 0x70, 0x01, 0xC0, 0x07, 0x00, 0x3C, 0x01,
    0xFC, 0x00, 0x07, 0xF8, 0x01, 0xC3, 0xE0, 0x30, 0x0F, 0x07, 0x00, 0x78, 0x60, 0x07, 0xCE, 0x00,
    0x3C, 0xE0, 0x03, 0xEE, 0x00, 0x3E, 0xE0, 0x01, 0xEE, 0x00, 0x1E, 0xE0, 0x01, 0xEE, 0x00, 0x3C,
    0xE0, 0x03, 0xC7, 0x00, 0x3C, 0x78, 0x07, 0x83, 0xC0, 0xF0, 0x1F, 0x3E, 0x03, 0xFF, 0x80, 0x37,
    0xF0, 0x06, 0x1F, 0xC0, 0x60, 0x7F, 0x60, 0x01, 0xFE, 0x00, 0x0F, 0xC0, 0x7F, 0xE0, 0x0F, 0x3E,
    0x01, 0xC3, 0x80, 0x70, 0xF0, 0x1C, 0x3C, 0x07, 0x07, 0x01, 0xC3, 0x80, 0x70, 0xE0, 0x1C, 0xF0,
    0x07, 0xF8, 0x01, 0xCF, 0x00, 0x73, 0xC0, 0x1C, 0x78, 0x07, 0x0E, 0x01, 0xC3, 0xC0, 0x70, 0x78,
    0x3C, 0x1F, 0x1F, 0xC3, 0xE0, 0x00, 0x30, 0x1F, 0xE1, 0xC7, 0x18, 0x1C, 0xC0, 0x66, 0x03, 0x38,
    0x01, 0xF0, 0x0F, 0xF0, 0x3F, 0xE0, 0x7F, 0x80, 0xFC, 0x01, 0xF8, 0x07, 0xE0, 0x1F, 0x01, 0xCC,
    0x0E, 0x78, 0xE3, 0xFC, 0x00, 0x00, 0x1F, 0x7F, 0xFF, 0xB0, 0x70, 0xD8, 0x38, 0x28, 0x1C, 0x10,
    0x0E, 0x00, 0x07, 0x00, 0x03, 0x80, 0x01, 0xC0, 0x00, 0xE0, 0x00, 0x70, 0x00, 0x38, 0x00, 0x1C,
    0x00, 0x0E, 0x00, 0x07, 0x00, 0x03, 0x80, 0x01, 0xC0, 0x01, 0xE0, 0x01, 0xFC, 0x00, 0xFF, 0x03,
    0xF3, 0xC0, 0x0E, 0x1C, 0x00, 0xC1, 0xC0, 0x0C, 0x1C, 0x00, 0xC1, 0xC0, 0x0C, 0x1C, 0x00, 0xC1,
    0xC0, 0x0C, 0x1C, 0x00, 0xC1, 0xC0, 0x0C, 0x1C, 0x00, 0xC1, 0xC0, 0x0C, 0x1C, 0x00, 0xC1, 0xC0,
    0x0C, 0x1E, 0x00, 0xC0, 0xE0, 0x18, 0x07, 0x87, 0x00, 0x3F, 0xE0, 0x00, 0x00, 0x07, 0xE0, 0x3E,
    0x3C, 0x00, 0xC1, 0xC0, 0x18, 0x1E, 0x01, 0x81, 0xE0, 0x18, 0x0F, 0x03, 0x00, 0xF0, 0x30, 0x07,
    0x06, 0x00, 0x78, 0x60, 0x03, 0x8C, 0x00, 0x3C, 0xC0, 0x01, 0xCC, 0x00, 0x1D, 0x80, 0x01, 0xF8,
    0x00, 0x0F, 0x00, 0x00, 0xF0, 0x00, 0x06, 0x00, 0x00, 0x60, 0x00, 0x00, 0x00, 0x00, 0x00, 0x00,
    0x3F, 0xFF, 0xF3, 0xE7, 0x87, 0x98, 0x30, 0xF1, 0xEC, 0x1C, 0x3C, 0x7B, 0x06, 0x07, 0x0F, 0xC1,
    0x81, 0xE3, 0xE0, 0xC0, 0x38, 0x78, 0x30, 0x0F, 0x1E, 0x18, 0x03, 0xC3, 0x86, 0x00, 0x79, 0xF1,
    0x80, 0x1E, 0x7C, 0xC0, 0x03, 0x9F, 0x30, 0x00, 0xFD, 0xF8, 0x00, 0x3F, 0x3E, 0x00, 0x07, 0x8F,
    0x00, 0x01, 0xE3, 0xC0, 0x00, 0x30, 0x70, 0x00, 0x0C, 0x18, 0x00, 0xFE, 0x0F, 0x8F, 0x01, 0xC3,
    0xE0, 0xE0, 0x78, 0x30, 0x0F, 0x18, 0x01, 0xEC, 0x00, 0x7F, 0x00, 0x0F, 0x80, 0x01, 0xE0, 0x00,
    0x78, 0x00, 0x3F, 0x00, 0x0D, 0xE0, 0x06, 0x78, 0x03, 0x0F, 0x01, 0xC3, 0xE0, 0x60, 0x78, 0x30,
    0x0F, 0x3F, 0x07, 0xF0, 0x00, 0x00, 0x00, 0x00, 0x1F, 0xC3, 0xE3, 0xE0, 0x30, 0x78, 0x18, 0x0F,
    0x06, 0x03, 0xC3, 0x00, 0x79, 0x80, 0x0E, 0x60, 0x03, 0xF0, 0x00, 0x7C, 0x00, 0x1E, 0x00, 0x03,
    0x80, 0x00, 0xE0, 0x00, 0x38, 0x00, 0x0E, 0x00, 0x03, 0x80, 0x00, 0xE0, 0x00, 0x78, 0x00, 0x3F,
    0x80, 0x00, 0x00, 0x00, 0x79, 0xFF, 0xE6, 0x07, 0x10, 0x3C, 0x41, 0xE0, 0x07, 0x80, 0x3C, 0x00,
    0xF0, 0x07, 0x80, 0x1E, 0x00, 0xF0, 0x03, 0xC0, 0x1E, 0x00, 0x78, 0x03, 0xC0, 0x0F, 0x00, 0x78,
    0x09, 0xE0, 0x6F, 0xFF, 0x80, 0x07, 0xB9, 0xCE, 0x73, 0x9C, 0xE7, 0x39, 0xCE, 0x73, 0x9C, 0xE7,
    0x39, 0xCE, 0x78, 0xE3, 0x8E, 0x38, 0x61, 0x87, 0x1C, 0x71, 0xC3, 0x0C, 0x38, 0xE3, 0x86, 0x18,
    0x70, 0x07, 0xCE, 0x73, 0x9C, 0xE7, 0x39, 0xCE, 0x73, 0x9C, 0xE7, 0x39, 0xCE, 0x73, 0xFF, 0xC0,
    0x00, 0x00, 0x30, 0x01, 0xC0, 0x1E, 0x01, 0xF8, 0x0F, 0xC0, 0xE7, 0x07, 0x18, 0x70, 0xE3, 0x83,
    0xB8, 0x1C, 0xFF, 0xC0, 0x47, 0x1C, 0x70, 0x00, 0x3F, 0x0C, 0xF3, 0x8E, 0x71, 0xC0, 0x78, 0x7F,
    0x3C, 0xE7, 0x1C, 0xE3, 0x9C, 0xF3, 0xFF, 0x80, 0x00, 0x01, 0xC0, 0x3E, 0x00, 0xF0, 0x03, 0x80,
    0x1C, 0x00, 0xE0, 0x07, 0x00, 0x38, 0x01, 0xFF, 0x0F, 0x3C, 0x70, 0xE3, 0x87, 0x9C, 0x3C, 0xE0,
    0xE7, 0x07, 0x38, 0x71, 0xC3, 0x8F, 0x38, 0xDF, 0x80, 0x00, 0x00, 0x06, 0x0F, 0xE7, 0x39, 0x84,
    0xE0, 0x38, 0x0E, 0x03, 0x80, 0xE0, 0x3C, 0x07, 0xF8, 0xFC, 0x00, 0x00, 0x01, 0xC0, 0x1F, 0x00,
    0x3C, 0x00, 0x70, 0x01, 0xC0, 0x07, 0x00, 0x1C, 0x00, 0x70, 0x7F, 0xC3, 0x8F, 0x1C, 0x3C, 0x70,
    0x73, 0x81, 0xCE, 0x07, 0x3C, 0x1C, 0x70, 0x71, 0xC3, 0xC3, 0xFF, 0x87, 0xDE, 0x3F, 0x1C, 0xEE,
    0x1F, 0xFF, 0xE0, 0x38, 0x0E, 0x03, 0x80, 0xF0, 0x1E, 0x33, 0xF8, 0x03, 0x83, 0xE1, 0xD8, 0x60,
    0x38, 0x0E, 0x03, 0x80, 0xE0, 0x39, 0x3F, 0xC3, 0x80, 0xE0, 0x38, 0x0E, 0x03, 0x80, 0xE0, 0x38,
    0x0E, 0x07, 0xC0, 0x00, 0x00, 0x47, 0xFB, 0x9F, 0x71, 0xCE, 0x39, 0xC7, 0x38, 0xE7, 0xB8, 0x7E,
    0x0C, 0x03, 0xF8, 0x3F, 0xE7, 0xFD, 0xC3, 0xB0, 0x37, 0x0E, 0xFF, 0x83, 0x80, 0x00, 0x00, 0xE0,
    0x0F, 0x80, 0x1E, 0x00, 0x38, 0x00, 0xE0, 0x03, 0x80, 0x0E, 0x00, 0x38, 0x00, 0xFF, 0x83, 0xCF,
    0x0E, 0x1C, 0x38, 0x70, 0xE1, 0xC3, 0x87, 0x0E, 0x1C, 0x38, 0x70, 0xE1, 0xC3, 0x87, 0x1F, 0x3F,
    0x70, 0xF1, 0xE3, 0x80, 0x00, 0x02, 0x3C, 0xF8, 0x70, 0xE1, 0xC3, 0x87, 0x0E, 0x1C, 0x38, 0xF8,
    0x18, 0xF3, 0xC6, 0x00, 0x00, 0x4F, 0x7C, 0x71, 0xC7, 0x1C, 0x71, 0xC7, 0x1C, 0x71, 0xC7, 0xDB,
    0xEF, 0x00, 0x08, 0x03, 0xC0, 0x3E, 0x00, 0x70, 0x03, 0x80, 0x1C, 0x00, 0xE0, 0x07, 0x00, 0x38,
    0x01, 0xCF, 0x8E, 0x38, 0x73, 0x03, 0xB0, 0x1F, 0x80, 0xFC, 0x07, 0xF0, 0x3B, 0xC1, 0xCF, 0x0E,
    0x78, 0xF9, 0xF0, 0x00, 0x73, 0xE3, 0xC3, 0x87, 0x0E, 0x1C, 0x38, 0x70, 0xE1, 0xC3, 0x87, 0x0E,
    0x1C, 0x38, 0x70, 0xE3, 0xE0, 0x00, 0x00, 0x0F, 0xFF, 0xF0, 0xF9, 0xF3, 0x83, 0x8E, 0x3C, 0x38,
    0xE1, 0xC3, 0x8E, 0x1C, 0x38, 0xE1, 0xC3, 0x8E, 0x1C, 0x38, 0xE1, 0xC3, 0x8E, 0x1C, 0x38, 0xE1,
    0xC7, 0xDF, 0xBE, 0x00, 0x03, 0xFF, 0x87, 0xCF, 0x0E, 0x1C, 0x38, 0x70, 0xE1, 0xC3, 0x87, 0x0E,
    0x1C, 0x38, 0x70, 0xE1, 0xC3, 0x87, 0x9F, 0x3F, 0x1F, 0x87, 0x1C, 0x60, 0xEE, 0x0F, 0xE0, 0xFE,
    0x07, 0xE0, 0x7E, 0x06, 0xF0, 0xE7, 0x9C, 0x3F, 0x80, 0x00, 0x07, 0xFF, 0x3F, 0x3C, 0x70, 0xE3,
    0x87, 0x9C, 0x1C, 0xE0, 0xE7, 0x07, 0x38, 0x71, 0xC3, 0x8F, 0x38, 0x7F, 0x83, 0x80, 0x1C, 0x00,
    0xE0, 0x07, 0x00, 0x7C, 0x00, 0x00, 0x00, 0x7E, 0xC3, 0x9F, 0x1C, 0x3C, 0x70, 0x73, 0x81, 0xCE,
    0x07, 0x3C, 0x1C, 0x70, 0x71, 0xC3, 0xC7, 0xFF, 0x07, 0xDC, 0x00, 0x70, 0x01, 0xC0, 0x07, 0x00,
    0x1C, 0x00, 0xF8, 0x00, 0x1F, 0xFF, 0xEF, 0xF3, 0x81, 0xC0, 0xE0, 0x70, 0x38, 0x1C, 0x0E, 0x0F,
    0x80, 0x7D, 0x8F, 0x1F, 0x8F, 0x8F, 0xC7, 0xC3, 0x87, 0x8F, 0xF0, 0x18, 0x0C, 0x1E, 0x1F, 0xE3,
    0x81, 0xC0, 0xE0, 0x70, 0x38, 0x1C, 0x0E, 0x07, 0x03, 0x90, 0xF8, 0x00, 0x00, 0xE1, 0xCF, 0x9F,
    0x1E, 0x3C, 0x38, 0x70, 0xE1, 0xC3, 0x87, 0x0E, 0x1C, 0x38, 0x70, 0xE3, 0xC3, 0xCF, 0x87, 0xFF,
    0x00, 0x00, 0x00, 0x07, 0xE7, 0xDE, 0x0C, 0x70, 0xC3, 0xC6, 0x0E, 0x60, 0x7B, 0x01, 0xF0, 0x0F,
    0x80, 0x38, 0x01, 0xC0, 0x04, 0x00, 0x00, 0x00, 0x3E, 0x7C, 0xF7, 0x1E, 0x19, 0xE3, 0x84, 0x38,
    0xE3, 0x0E, 0x3C, 0x81, 0xDF, 0x60, 0x75, 0xF8, 0x1F, 0x3C, 0x03, 0x8F, 0x00, 0xE1, 0x80, 0x10,
    0x60, 0x7C, 0xF1, 0xE3, 0x07, 0xB0, 0x3F, 0x00, 0xF0, 0x03, 0xC0, 0x3E, 0x03, 0x38, 0x19, 0xE1,
    0x87, 0xBE, 0x7E, 0x00, 0x00, 0x00, 0x07, 0xCF, 0x38, 0x63, 0x86, 0x3C, 0x41, 0xCC, 0x1E, 0xC0,
    0xE8, 0x0F, 0x80, 0x78, 0x07, 0x00, 0x70, 0x02, 0x00, 0x60, 0x06, 0x00, 0xC0, 0x1C, 0x00, 0x7F,
    0xBF, 0xEE, 0x32, 0x18, 0x0C, 0x03, 0x01, 0x80, 0xC2, 0x71, 0x9F, 0xEF, 0xF8, 0x3E, 0x70, 0xE1,
    0xC3, 0x87, 0x0E, 0x1C, 0x38, 0x71, 0xE3, 0x87, 0x87, 0x0E, 0x1C, 0x38, 0x70, 0xE1, 0xC3, 0x87,
    0x0F, 0x80, 0xFF, 0xFF, 0xFF, 0xFF, 0xFF, 0xFF, 0xFC, 0xF8, 0x3C, 0x1C, 0x1C, 0x1C, 0x1C, 0x1C,
    0x1C, 0x1C, 0x1C, 0x1C, 0x0E, 0x1C, 0x1C, 0x1C, 0x1C, 0x1C, 0x1C, 0x1C, 0x1C, 0x1C, 0x3C, 0xF8,
    0xFD, 0xFF, 0xF7, 0xE0, 0x00, 0xF0, 0x07, 0xF8, 0x1E, 0x78, 0x78, 0x60, 0xE0, 0xC3, 0xC1, 0x87,
    0x80, 0x3F, 0xF0, 0x7F, 0xC0, 0x78, 0x03, 0xFE, 0x07, 0xF8, 0x83, 0x81, 0x87, 0x07, 0x0F, 0x0C,
    0x0E, 0x38, 0x1F, 0xF0, 0x1F, 0xC0, 0xFF, 0x80, 0x93, 0x6D, 0xBF, 0xFF, 0xFC, 0x04, 0x01, 0x01,
    0xF9, 0xDF, 0x65, 0xB9, 0x0E, 0x43, 0x90, 0xE4, 0x39, 0x0F, 0x41, 0xFF, 0x3F, 0x81, 0x00, 0x40,
    0x01, 0xF8, 0x07, 0x30, 0x0C, 0x20, 0x38, 0x60, 0x70, 0xC0, 0xE0, 0x03, 0xC0, 0x07, 0x80, 0x0E,
    0x00, 0x7F, 0xC0, 0x38, 0x00, 0x70, 0x00, 0xE0, 0x01, 0xC0, 0x07, 0x01, 0x8E, 0x06, 0x3F, 0x3C,
    0xFF, 0xF0, 0xC1, 0xFF, 0xDD, 0xCC, 0x64, 0x13, 0x19, 0xDD, 0xFF, 0xC1, 0x80, 0x00, 0x00, 0x7F,
    0x0F, 0x8F, 0x01, 0x83, 0xC0, 0xC1, 0xE0, 0xC0, 0x78, 0xC0, 0x3C, 0x60, 0x0F, 0x60, 0x03, 0xF0,
    0x1F, 0xFF, 0x00, 0x70, 0x07, 0xFF, 0xC0, 0x1C, 0x00, 0x0E, 0x00, 0x07, 0x00, 0x03, 0x80, 0x01,
    0xC0, 0x00, 0xF0, 0x01, 0xFE, 0x00, 0x00, 0x00, 0x0F, 0xC0, 0xFF, 0x8E, 0x1C, 0x70, 0xC3, 0x80,
    0x1E, 0x00, 0xF8, 0x03, 0xF0, 0x37, 0xE3, 0x1F, 0x98, 0x3E, 0xE0, 0x77, 0x83, 0x9F, 0x0C, 0x7E,
    0xC1, 0xFC, 0x07, 0xC0, 0x0F, 0x00, 0x38, 0xC1, 0xCE, 0x0E, 0x78, 0xE1, 0xFE, 0x00, 0xEF, 0xDF,
    0xB8, 0x03, 0xFC, 0x01, 0xE1, 0xC0, 0x70, 0x0E, 0x1C, 0x7C, 0xC3, 0x3F, 0xCC, 0xC7, 0x38, 0xD9,
    0xC0, 0x1B, 0x30, 0x03, 0x46, 0x00, 0x78, 0xC0, 0x0D, 0x18, 0x01, 0xB3, 0x80, 0x36, 0x39, 0xC6,
    0x67, 0xF9, 0x8C, 0x3E, 0x70, 0xC0, 0x1C, 0x0E, 0x07, 0x00, 0x7F, 0x80, 0x00, 0x00, 0x00, 0x19,
    0x3F, 0xDF, 0xFC, 0x7E, 0x3E, 0x1F, 0x8F, 0xC7, 0x7F, 0x9F, 0xC0, 0x1F, 0xFF, 0xF0, 0x00, 0x09,
    0x1B, 0x3F, 0x7E, 0xFC, 0xFC, 0x7E, 0x3F, 0x1B, 0x09, 0xFF, 0xFF, 0xFF, 0xC0, 0x06, 0x00, 0x30,
    0x01, 0x80, 0x0C, 0x7E, 0xFE, 0xFE, 0x07, 0xFC, 0x03, 0xFF, 0xC0, 0xF0, 0x1E, 0x39, 0xF9, 0xC7,
    0x3F, 0x9D, 0xC6, 0x71, 0xF8, 0xC6, 0x3E, 0x18, 0xC7, 0xC3, 0x38, 0x78, 0x7E, 0x0F, 0x0F, 0xC1,
    0xF1, 0x98, 0x7E, 0x33, 0x8E, 0xC6, 0x3B, 0x9C, 0xC7, 0x71, 0xC0, 0x3C, 0x1F, 0x1F, 0x00, 0xFF,
    0x80, 0x03, 0x00, 0x00, 0x7F, 0x3F, 0x00, 0x7D, 0xDF, 0x1C, 0x1C, 0x7D, 0xDF, 0x00, 0x08, 0x73,
    0x9C, 0x40, 0x1F, 0xFC, 0xFF, 0xE6, 0x1B, 0x18, 0x6C, 0x41, 0xB3, 0x06, 0xC6, 0x1B, 0x18, 0x6C,
    0x39, 0xB0, 0x7E, 0xC0, 0x7B, 0x00, 0x6C, 0x01, 0xB0, 0x06, 0xC0, 0x1B, 0x00, 0x6C, 0x01, 0xB0,
    0x06, 0xC0, 0xFF, 0xFF, 0x38, 0xF3, 0xDC, 0x40, 0x18, 0x3F, 0x1F, 0xDC, 0x6E, 0x3E, 0x1F, 0x8F,
    0xC6, 0x7F, 0x1F, 0x00, 0x1F, 0xFF, 0xF0, 0x00, 0x90, 0xD8, 0xFC, 0x7E, 0x3F, 0x7F, 0x7E, 0xFC,
    0xD8, 0x90, 0x18, 0x78, 0x60, 0x00, 0x00, 0x06, 0x0C, 0x18, 0x30, 0x61, 0xC7, 0x0E, 0x38, 0x70,
    0xF2, 0xF8, 0x01, 0x00, 0x00, 0x3C, 0x00, 0x00, 0xE0, 0x00, 0x06, 0x00, 0x00, 0x00, 0x00, 0x06,
    0x00, 0x00, 0x60, 0x00, 0x0F, 0x00, 0x00, 0xF0, 0x00, 0x1F, 0x80, 0x01, 0xF8, 0x00, 0x3B, 0x80,
    0x03, 0xBC, 0x00, 0x31, 0xC0, 0x07, 0x1E, 0x00, 0x61, 0xE0, 0x0F, 0xFF, 0x00, 0xC0, 0xF0, 0x18,
    0x07, 0x01, 0x80, 0x78, 0x18, 0x07, 0x83, 0x00, 0x3C, 0x7C, 0x0F, 0xE0, 0x00, 0x00, 0x00, 0x0C,
    0x00, 0x01, 0xC0, 0x00, 0x38, 0x00, 0x02, 0x00, 0x00, 0x00, 0x00, 0x06, 0x00, 0x00, 0x60, 0x00,
    0x0F, 0x00, 0x00, 0xF0, 0x00, 0x1F, 0x80, 0x01, 0xF8, 0x00, 0x3B, 0x80, 0x03, 0xBC, 0x00, 0x31,
    0xC0, 0x07, 0x1E, 0x00, 0x61, 0xE0, 0x0F, 0xFF, 0x00, 0xC0, 0xF0, 0x18, 0x07, 0x01, 0x80, 0x78,
    0x18, 0x07, 0x83, 0x00, 0x3C, 0x7C, 0x0F, 0xE0, 0x00, 0x00, 0x00, 0x60, 0x00, 0x0F, 0x00, 0x01,
    0xF8, 0x00, 0x16, 0x80, 0x00, 0x60, 0x00, 0x0F, 0x00, 0x00, 0xF0, 0x00, 0x1F, 0x80, 0x01, 0xF8,
    0x00, 0x3B, 0x80, 0x03, 0xBC, 0x00, 0x31, 0xC0, 0x07, 0x1E, 0x00, 0x61, 0xE0, 0x0F, 0xFF, 0x00,
    0xC0, 0xF0, 0x18, 0x07, 0x01, 0x80, 0x78, 0x18, 0x07, 0x83, 0x00, 0x3C, 0x7C, 0x0F, 0xE0, 0x00,
    0x00, 0x01, 0xEC, 0x00, 0x1F, 0x80, 0x00, 0x10, 0x00, 0x06, 0x00, 0x00, 0x60, 0x00, 0x0F, 0x00,
    0x00, 0xF0, 0x00, 0x1F, 0x80, 0x01, 0xF8, 0x00, 0x3B, 0x80, 0x03, 0xBC, 0x00, 0x31, 0xC0, 0x07,
    0x1E, 0x00, 0x61, 0xE0, 0x0F, 0xFF, 0x00, 0xC0, 0xF0, 0x18, 0x07, 0x01, 0x80, 0x78, 0x18, 0x07,
    0x83, 0x00, 0x3C, 0x7C, 0x0F, 0xE0, 0x00, 0x00, 0x07, 0x1C, 0x00, 0xE3, 0x80, 0x1D, 0x70, 0x00,
    0x70, 0x00, 0x0E, 0x00, 0x03, 0xE0, 0x00, 0x7C, 0x00, 0x1F, 0x80, 0x03, 0x78, 0x00, 0x6F, 0x00,
    0x18, 0xF0, 0x03, 0x1E, 0x00, 0xC3, 0xE0, 0x1F, 0xFC, 0x06, 0x03, 0x80, 0xC0, 0x78, 0x38, 0x0F,
    0x06, 0x00, 0xF1, 0xC0, 0x1E, 0x7E, 0x07, 0xF0, 0x00, 0x00, 0x00, 0xF0, 0x00, 0x0B, 0x00, 0x00,
    0x90, 0x00, 0x0F, 0x00, 0x00, 0xE0, 0x00, 0x06, 0x00, 0x00, 0x60, 0x00, 0x0F, 0x00, 0x00, 0xF0,
    0x00, 0x1F, 0x80, 0x01, 0xF8, 0x00, 0x3B, 0x80, 0x03, 0xBC, 0x00, 0x31, 0xC0, 0x07, 0x1E, 0x00,
    0x61, 0xE0, 0x0F, 0xFF, 0x00, 0xC0, 0xF0, 0x18, 0x07, 0x01, 0x80, 0x78, 0x18, 0x07, 0x83, 0x00,
    0x3C, 0x7C, 0x0F, 0xE0, 0x00, 0x00, 0x00, 0x00, 0x00, 0x00, 0x1F, 0xFF, 0x00, 0x03, 0xFF, 0x80,
    0x03, 0xE0, 0xC0, 0x01, 0xF0, 0x20, 0x01, 0xF8, 0x00, 0x01, 0xDC, 0x00, 0x00, 0xCE, 0x18, 0x00,
    0xE7, 0x0C, 0x00, 0xE3, 0xFE, 0x00, 0x61, 0xC3, 0x00, 0x70, 0xE1, 0x80, 0x3F, 0xF0, 0x00, 0x30,
    0x38, 0x00, 0x38, 0x1C, 0x00, 0x18, 0x0E, 0x01, 0x18, 0x07, 0x01, 0x9C, 0x07, 0x83, 0x9F, 0x87,
    0xFF, 0xC0, 0x07, 0xF8, 0x0F, 0x0F, 0x8E, 0x01, 0xCE, 0x00, 0x67, 0x00, 0x17, 0x00, 0x0F, 0x80,
    0x01, 0xC0, 0x00, 0xE0, 0x00, 0x70, 0x00, 0x38, 0x00, 0x1C, 0x00, 0x0E, 0x00, 0x07, 0x80, 0x09,
    0xE0, 0x0C, 0x78, 0x0E, 0x1E, 0x1E, 0x07, 0xFC, 0x00, 0x70, 0x00, 0x3C, 0x00, 0x1E, 0x00, 0x1C,
    0x00, 0x08, 0x00, 0x04, 0x00, 0x1C, 0x00, 0x1C, 0x00, 0x1C, 0x00, 0x00, 0x0F, 0xFF, 0x8F, 0x07,
    0x0E, 0x06, 0x1C, 0x0C, 0x38, 0x00, 0x70, 0x00, 0xE0, 0x81, 0xC3, 0x03, 0xFE, 0x07, 0x0C, 0x0E,
    0x08, 0x1C, 0x00, 0x38, 0x00, 0x70, 0x00, 0xE0, 0x11, 0xC0, 0x67, 0x83, 0x9F, 0xFF, 0x00, 0x00,
    0x00, 0x20, 0x00, 0xE0, 0x03, 0x80, 0x0C, 0x00, 0x00, 0x0F, 0xFF, 0x8F, 0x07, 0x0E, 0x06, 0x1C,
    0x0C, 0x38, 0x00, 0x70, 0x00, 0xE0, 0x81, 0xC3, 0x03, 0xFE, 0x07, 0x0C, 0x0E, 0x08, 0x1C, 0x00,
    0x38, 0x00, 0x70, 0x00, 0xE0, 0x11, 0xC0, 0x67, 0x83, 0x9F, 0xFF, 0x00, 0x00, 0x03, 0x00, 0x0F,
    0x00, 0x3F, 0x00, 0x62, 0x07, 0xFF, 0xC7, 0x83, 0x87, 0x03, 0x0E, 0x06, 0x1C, 0x00, 0x38, 0x00,
    0x70, 0x40, 0xE1, 0x81, 0xFF, 0x03, 0x86, 0x07, 0x04, 0x0E, 0x00, 0x1C, 0x00, 0x38, 0x00, 0x70,
    0x08, 0xE0, 0x33, 0xC1, 0xCF, 0xFF, 0x80, 0x00, 0x00, 0x0E, 0x60, 0x1D, 0xE0, 0x39, 0x80, 0x00,
    0x07, 0xFF, 0xC7, 0x83, 0x87, 0x03, 0x0E, 0x06, 0x1C, 0x00, 0x38, 0x00, 0x70, 0x40, 0xE1, 0x81,
    0xFF, 0x03, 0x86, 0x07, 0x04, 0x0E, 0x00, 0x1C, 0x00, 0x38, 0x00, 0x70, 0x08, 0xE0, 0x31, 0xC1,
    0xCF, 0xFF, 0x80, 0x00, 0x00, 0x20, 0x38, 0x0E, 0x03, 0x00, 0x03, 0xF0, 0xF0, 0x38, 0x1C, 0x0E,
    0x07, 0x03, 0x81, 0xC0, 0xE0, 0x70, 0x38, 0x1C, 0x0E, 0x07, 0x03, 0x81, 0xC1, 0xE1, 0xFC, 0x00,
    0x01, 0x03, 0x83, 0xC1, 0x80, 0x03, 0xF0, 0xF0, 0x38, 0x1C, 0x0E, 0x07, 0x03, 0x81, 0xC0, 0xE0,
    0x70, 0x38, 0x1C, 0x0E, 0x07, 0x03, 0x81, 0xC1, 0xE1, 0xFC, 0x00, 0x08, 0x1E, 0x1F, 0x8C, 0xE0,
    0x03, 0xF0, 0xF0, 0x38, 0x1C, 0x0E, 0x07, 0x03, 0x81, 0xC0, 0xE0, 0x70, 0x38, 0x1C, 0x0E, 0x07,
    0x03, 0x81, 0xC1, 0xE1, 0xFC, 0x00, 0x66, 0x3B, 0x99, 0x80, 0x07, 0xE1, 0xE0, 0x70, 0x38, 0x1C,
    0x0E, 0x07, 0x03, 0x81, 0xC0, 0xE0, 0x70, 0x38, 0x1C, 0x0E, 0x07, 0x03, 0x83, 0xC3, 0xF8, 0x00,
    0x3F, 0xE0, 0x7F, 0xF0, 0xFF, 0xF1, 0xC1, 0xE3, 0x81, 0xE7, 0x03, 0xCE, 0x07, 0xFF, 0x87, 0xFF,
    0x0F, 0xFE, 0x1C, 0xE0, 0x39, 0xC0, 0xF3, 0x81, 0xE7, 0x03, 0xCE, 0x0F, 0x1F, 0xFC, 0x3F, 0xF0,
    0x7F, 0xC0, 0x01, 0xFE, 0x00, 0x1F, 0xE0, 0x01, 0x9C, 0x00, 0x00, 0x00, 0x7C, 0x03, 0xF3, 0xE0,
    0x0E, 0x1F, 0x00, 0xC1, 0xF8, 0x0C, 0x1F, 0xC0, 0xC1, 0xBC, 0x0C, 0x1B, 0xE0, 0xC1, 0x9F, 0x0C,
    0x18, 0xF8, 0xC1, 0x87, 0xCC, 0x18, 0x3E, 0xC1, 0x81, 0xFC, 0x18, 0x0F, 0xC1, 0x80, 0x7C, 0x18,
    0x03, 0xC1, 0x80, 0x3C, 0x1C, 0x01, 0xC3, 0xF0, 0x0C, 0x00, 0x00, 0x40, 0x02, 0x00, 0x00, 0xF0,
    0x00, 0x0F, 0x00, 0x00, 0x60, 0x00, 0x00, 0x00, 0x0F, 0xF0, 0x07, 0x07, 0x81, 0xC0, 0x78, 0x70,
    0x07, 0x8C, 0x00, 0x7B, 0x80, 0x07, 0x70, 0x00, 0xFE, 0x00, 0x1F, 0xC0, 0x01, 0xF8, 0x00, 0x3F,
    0x00, 0x07, 0xE0, 0x01, 0xDC, 0x00, 0x39, 0xC0, 0x07, 0x3C, 0x01, 0xC3, 0xC0, 0x30, 0x3E, 0x1C,
    0x01, 0xFE, 0x00, 0x00, 0x10, 0x00, 0x07, 0x00, 0x03, 0xC0, 0x00, 0x60, 0x00, 0x00, 0x00, 0x0F,
    0xF0, 0x07, 0x07, 0x81, 0xC0, 0x78, 0x70, 0x07, 0x8C, 0x00, 0x7B, 0x80, 0x07, 0x70, 0x00, 0xFE,
    0x00, 0x1F, 0xC0, 0x01, 0xF8, 0x00, 0x3F, 0x00, 0x07, 0xE0, 0x01, 0xDC, 0x00, 0x39, 0xC0, 0x07,
    0x3C, 0x01, 0xC3, 0xC0, 0x30, 0x3E, 0x1C, 0x01, 0xFE, 0x00, 0x00, 0x40, 0x00, 0x1C, 0x00, 0x0F,
    0xC0, 0x01, 0x88, 0x00, 0x7F, 0x80, 0x38, 0x3C, 0x0E, 0x03, 0xC3, 0x80, 0x3C, 0x60, 0x03, 0xDC,
    0x00, 0x3B, 0x80, 0x07, 0xF0, 0x00, 0xFE, 0x00, 0x0F, 0xC0, 0x01, 0xF8, 0x00, 0x3F, 0x00, 0x0E,
    0xE0, 0x01, 0xCE, 0x00, 0x39, 0xE0, 0x0E, 0x1E, 0x01, 0x81, 0xF0, 0xE0, 0x0F, 0xF0, 0x00, 0x03,
    0xD0, 0x00, 0x5E, 0x00, 0x00, 0x00, 0x00, 0x00, 0x00, 0x7F, 0x80, 0x38, 0x3C, 0x0E, 0x03, 0xC3,
    0x80, 0x3C, 0x60, 0x03, 0xDC, 0x00, 0x3B, 0x80, 0x07, 0xF0, 0x00, 0xFE, 0x00, 0x0F, 0xC0, 0x01,
    0xF8, 0x00, 0x3F, 0x00, 0x0E, 0xE0, 0x01, 0xCE, 0x00, 0x39, 0xE0, 0x0E, 0x1E, 0x01, 0x81, 0xF0,
    0xE0, 0x0F, 0xF0, 0x00, 0x60, 0x01, 0xCE, 0x00, 0x39, 0x9F, 0xE7, 0x0E, 0x0F, 0x03, 0x80, 0xF0,
    0xE0, 0x0F, 0x18, 0x00, 0xF7, 0x00, 0x0E, 0xE0, 0x01, 0xFC, 0x00, 0x3F, 0x80, 0x03, 0xF0, 0x00,
    0x7E, 0x00, 0x0F, 0xC0, 0x03, 0xBC, 0x00, 0x73, 0x80, 0x0E, 0x78, 0x03, 0x87, 0x80, 0x60, 0x7C,
    0x38, 0x03, 0xFC, 0x00, 0x00, 0x06, 0x0E, 0x71, 0xE7, 0xBC, 0x3F, 0x81, 0xF0, 0x0F, 0x01, 0xF8,
    0x3B, 0xC7, 0x1E, 0x70, 0xE2, 0x04, 0x07, 0xFB, 0x83, 0xC7, 0xE0, 0xE0, 0x3E, 0x38, 0x0F, 0xC6,
    0x01, 0xFD, 0xC0, 0x77, 0xB8, 0x1E, 0x7F, 0x03, 0x8F, 0xE0, 0xE1, 0xFC, 0x3C, 0x1F, 0x87, 0x03,
    0xF1, 0xC0, 0x7F, 0x70, 0x1C, 0xEE, 0x03, 0x9F, 0x80, 0x61, 0xE0, 0x18, 0x3F, 0x0E, 0x07, 0xFF,
    0x80, 0x00, 0x00, 0x00, 0x00, 0x00, 0x00, 0x1C, 0x00, 0x00, 0xE0, 0x00, 0x07, 0x00, 0xFF, 0x03,
    0xF3, 0xC0, 0x0E, 0x1C, 0x00, 0xC1, 0xC0, 0x0C, 0x1C, 0x00, 0xC1, 0xC0, 0x0C, 0x1C, 0x00, 0xC1,
    0xC0, 0x0C, 0x1C, 0x00, 0xC1, 0xC0, 0x0C, 0x1C, 0x00, 0xC1, 0xC0, 0x0C, 0x1C, 0x00, 0xC1, 0xC0,
    0x0C, 0x1E, 0x00, 0xC0, 0xE0, 0x18, 0x07, 0x87, 0x00, 0x3F, 0xE0, 0x00, 0x00, 0x00, 0x00, 0xE0,
    0x00, 0x1C, 0x00, 0x03, 0x80, 0xFF, 0x03, 0xF3, 0xC0, 0x0E, 0x1C, 0x00, 0xC1, 0xC0, 0x0C, 0x1C,
    0x00, 0xC1, 0xC0, 0x0C, 0x1C, 0x00, 0xC1, 0xC0, 0x0C, 0x1C, 0x00, 0xC1, 0xC0, 0x0C, 0x1C, 0x00,
    0xC1, 0xC0, 0x0C, 0x1C, 0x00, 0xC1, 0xC0, 0x0C, 0x1E, 0x00, 0xC0, 0xE0, 0x18, 0x07, 0x87, 0x00,
    0x3F, 0xE0, 0x00, 0x20, 0x00, 0x07, 0x00, 0x01, 0xF8, 0x00, 0x18, 0xC0, 0x00, 0x00, 0x0F, 0xF0,
    0x3F, 0x3C, 0x00, 0xE1, 0xC0, 0x0C, 0x1C, 0x00, 0xC1, 0xC0, 0x0C, 0x1C, 0x00, 0xC1, 0xC0, 0x0C,
    0x1C, 0x00, 0xC1, 0xC0, 0x0C, 0x1C, 0x00, 0xC1, 0xC0, 0x0C, 0x1C, 0x00, 0xC1, 0xC0, 0x0C, 0x1C,
    0x00, 0xC1, 0xE0, 0x0C, 0x0E, 0x01, 0x80, 0x78, 0x70, 0x03, 0xFE, 0x00, 0x00, 0x00, 0x00, 0x00,
    0x00, 0xFF, 0x03, 0xF3, 0xC0, 0x0E, 0x1C, 0x00, 0xC1, 0xC0, 0x0C, 0x1C, 0x00, 0xC1, 0xC0, 0x0C,
    0x1C, 0x00, 0xC1, 0xC0, 0x0C, 0x1C, 0x00, 0xC1, 0xC0, 0x0C, 0x1C, 0x00, 0xC1, 0xC0, 0x0C, 0x1C,
    0x00, 0xC1, 0xC0, 0x0C, 0x1E, 0x00, 0x80, 0xE0, 0x18, 0x07, 0x87, 0x00, 0x3F, 0xE0, 0x00, 0x00,
    0x00, 0x0E, 0x00, 0x07, 0x80, 0x03, 0x80, 0x7F, 0x0F, 0x8F, 0x80, 0xC1, 0xE0, 0x60, 0x3C, 0x18,
    0x0F, 0x0C, 0x01, 0xE6, 0x00, 0x39, 0x80, 0x0F, 0xC0, 0x01, 0xF0, 0x00, 0x78, 0x00, 0x0E, 0x00,
    0x03, 0x80, 0x00, 0xE0, 0x00, 0x38, 0x00, 0x0E, 0x00, 0x03, 0x80, 0x01, 0xE0, 0x00, 0xFE, 0x00,
    0x00, 0x00, 0xE0, 0x1C, 0x03, 0x80, 0x7F, 0xCF, 0xFD, 0xFF, 0xF8, 0x7F, 0x07, 0xE0, 0xFC, 0x1F,
    0x87, 0xFF, 0xFF, 0xFD, 0xFF, 0x38, 0x07, 0x00, 0xE0, 0x1C, 0x00, 0x0F, 0xC1, 0xDC, 0x18, 0xE3,
    0x8E, 0x38, 0xE3, 0x9C, 0x39, 0xC7, 0xB8, 0xFF, 0x83, 0x9C, 0x38, 0xE3, 0x8F, 0x38, 0xF3, 0x87,
    0x38, 0x73, 0x87, 0x38, 0xE3, 0xBE, 0x7F, 0xC0, 0x20, 0x0E, 0x00, 0xE0, 0x06, 0x00, 0x00, 0x7E,
    0x19, 0xE7, 0x1C, 0xE3, 0x80, 0xF0, 0xFE, 0x79, 0xCE, 0x39, 0xC7, 0x39, 0xE7, 0xFF, 0x01, 0x00,
    0xE0, 0x38, 0x06, 0x00, 0x00, 0x7E, 0x19, 0xE7, 0x1C, 0xE3, 0x80, 0xF0, 0xFE, 0x79, 0xCE, 0x39,
    0xC7, 0x39, 0xE7, 0xFF, 0x00, 0x03, 0x80, 0xFC, 0x19, 0x83, 0xF0, 0xCF, 0x38, 0xE7, 0x1C, 0x07,
    0x87, 0xF3, 0xCE, 0x71, 0xCE, 0x39, 0xCF, 0x3F, 0xF8, 0x03, 0x07, 0xE0, 0x10, 0x00, 0x03, 0xF0,
    0xCF, 0x38, 0xE7, 0x1C, 0x07, 0x87, 0xF3, 0xCE, 0x71, 0xCE, 0x39, 0xCF, 0x3F, 0xF8, 0x77, 0x0E,
    0xE1, 0xDC, 0x00, 0x00, 0x00, 0x7E, 0x19, 0xE7, 0x1C, 0xE3, 0x80, 0xF0, 0xFE, 0x79, 0xCE, 0x39,
    0xC7, 0x39, 0xE7, 0xFF, 0x1E, 0x03, 0xC0, 0x78, 0x0F, 0x00, 0x00, 0x7E, 0x19, 0xE7, 0x1C, 0xE3,
    0x80, 0xF0, 0xFE, 0x79, 0xCE, 0x39, 0xC7, 0x39, 0xE7, 0xFF, 0x7F, 0xFC, 0x73, 0xC7, 0xB8, 0xE1,
    0xC0, 0x7F, 0xE0, 0x78, 0x01, 0xFC, 0x03, 0xCE, 0x01, 0xC7, 0x80, 0xE3, 0xC0, 0x73, 0xF1, 0x9F,
    0x3F, 0x80, 0x06, 0x0F, 0xE7, 0x39, 0x84, 0xE0, 0x38, 0x0E, 0x03, 0x80, 0xE0, 0x3C, 0x07, 0xF8,
    0xFC, 0x0C, 0x03, 0x80, 0xE0, 0x70, 0x00, 0x00, 0x30, 0x1E, 0x01, 0xC0, 0x30, 0x00, 0x0F, 0xC7,
    0x3B, 0x87, 0xFF, 0xF8, 0x0E, 0x03, 0x80, 0xE0, 0x3C, 0x07, 0x8C, 0xFE, 0x01, 0x00, 0xE0, 0x70,
    0x30, 0x00, 0x0F, 0xC7, 0x3B, 0x87, 0xFF, 0xF8, 0x0E, 0x03, 0x80, 0xE0, 0x3C, 0x07, 0x8C, 0xFE,
    0x00, 0x03, 0x83, 0xF0, 0xCC, 0x3F, 0x1C, 0xEE, 0x1F, 0xFF, 0xE0, 0x38, 0x0E, 0x03, 0x80, 0xF0,
    0x1E, 0x33, 0xF8, 0x73, 0x1D, 0xE7, 0x30, 0x00, 0x3F, 0x1C, 0xEE, 0x1F, 0xFF, 0xE0, 0x38, 0x0E,
    0x03, 0x80, 0xF0, 0x1E, 0x33, 0xF8, 0x60, 0x70, 0x38, 0x18, 0x00, 0x1C, 0x7C, 0x3C, 0x1C, 0x1C,
    0x1C, 0x1C, 0x1C, 0x1C, 0x1C, 0x3E, 0x06, 0x1C, 0xF0, 0x80, 0x07, 0x3E, 0x3C, 0x38, 0x70, 0xE1,
    0xC3, 0x87, 0x0E, 0x3E, 0x00, 0x1C, 0x3E, 0x77, 0x42, 0x1C, 0x7C, 0x3C, 0x1C, 0x1C, 0x1C, 0x1C,
    0x1C, 0x1C, 0x1C, 0x3E, 0x66, 0xF7, 0x66, 0x0C, 0x3C, 0x7C, 0x1C, 0x1C, 0x1C, 0x1C, 0x1C, 0x1C,
    0x1C, 0x1C, 0x3E, 0x08, 0x41, 0xEC, 0x1F, 0xC0, 0xF8, 0x1F, 0xC1, 0xDC, 0x01, 0xE0, 0xEE, 0x3F,
    0xF7, 0xFF, 0xF9, 0xFF, 0x0F, 0xE0, 0x7E, 0x07, 0xE0, 0x7F, 0x0F, 0xF0, 0xF7, 0xFE, 0x7F, 0xC1,
    0xF8, 0x1F, 0xE0, 0x7F, 0x81, 0x8C, 0x3F, 0xF8, 0x7C, 0xF0, 0xE1, 0xC3, 0x87, 0x0E, 0x1C, 0x38,
    0x70, 0xE1, 0xC3, 0x87, 0x0E, 0x1C, 0x38, 0x79, 0xF3, 0xF0, 0x18, 0x03, 0xC0, 0x0E, 0x00, 0x60,
    0x00, 0x01, 0xF8, 0x71, 0xC6, 0x0E, 0xE0, 0xFE, 0x0F, 0xE0, 0x7E, 0x07, 0xE0, 0x6F, 0x0E, 0x79,
    0xC3, 0xF8, 0x00, 0x80, 0x1C, 0x03, 0x80, 0x60, 0x00, 0x01, 0xF8, 0x71, 0xC6, 0x0E, 0xE0, 0xFE,
    0x0F, 0xE0, 0x7E, 0x07, 0xE0, 0x6F, 0x0E, 0x79, 0xC3, 0xF8, 0x00, 0x00, 0xE0, 0x1F, 0x81, 0x98,
    0x1F, 0x87, 0x1C, 0x60, 0xEE, 0x0F, 0xE0, 0xFE, 0x07, 0xE0, 0x7E, 0x06, 0xF0, 0xE7, 0x9C, 0x3F,
    0x80, 0x1F, 0x81, 0x78, 0x00, 0x00, 0x00, 0x1F, 0x87, 0x1C, 0x60, 0xEE, 0x0F, 0xE0, 0xFE, 0x07,
    0xE0, 0x7E, 0x06, 0xF0, 0xE7, 0x9C, 0x3F, 0x80, 0x19, 0x83, 0xB8, 0x19, 0x80, 0x00, 0x00, 0x01,
    0xF8, 0x71, 0xC6, 0x0E, 0xE0, 0xFE, 0x0F, 0xE0, 0x7E, 0x07, 0xE0, 0x6F, 0x0E, 0x79, 0xC3, 0xF8,
    0x0E, 0x00, 0xE0, 0x0E, 0x00, 0x00, 0xFF, 0xFF, 0xFF, 0xFF, 0xF0, 0x00, 0x00, 0x00, 0xE0, 0x0E,
    0x00, 0xE0, 0x1F, 0xE7, 0x1C, 0x61, 0xEE, 0x3F, 0xE3, 0xFE, 0x67, 0xEC, 0x7F, 0x86, 0xF0, 0xE7,
    0x9C, 0x7F, 0x80, 0x08, 0x00, 0x70, 0x00, 0xE0, 0x00, 0xC0, 0x38, 0x73, 0xE7, 0xC7, 0x8F, 0x0E,
    0x1C, 0x38, 0x70, 0xE1, 0xC3, 0x87, 0x0E, 0x1C, 0x38, 0xF0, 0xF3, 0xE1, 0xFF, 0xC0, 0x00, 0x40,
    0x03, 0x80, 0x3C, 0x00, 0xC0, 0x38, 0x73, 0xE7, 0xC7, 0x8F, 0x0E, 0x1C, 0x38, 0x70, 0xE1, 0xC3,
    0x87, 0x0E, 0x1C, 0x38, 0xF0, 0xF3, 0xE1, 0xFF, 0xC0, 0x00, 0x00, 0x0C, 0x00, 0xF8, 0x07, 0x70,
    0x08, 0x40, 0xE1, 0xCF, 0x9F, 0x1E, 0x3C, 0x38, 0x70, 0xE1, 0xC3, 0x87, 0x0E, 0x1C, 0x38, 0x70,
    0xE3, 0xC3, 0xCF, 0x87, 0xFF, 0x00, 0x00, 0x0D, 0xC0, 0x77, 0x01, 0xDC, 0x00, 0x00, 0x18, 0x31,
    0xE3, 0xCF, 0x9F, 0x0E, 0x1C, 0x38, 0x70, 0xE1, 0xC3, 0x87, 0x0E, 0x1C, 0x38, 0x70, 0xE3, 0xC3,
    0xCF, 0x87, 0xFF, 0x00, 0x00, 0x00, 0xC0, 0x1C, 0x03, 0x80, 0x30, 0xF9, 0xF7, 0x86, 0x78, 0xC3,
    0x8C, 0x3C, 0xC1, 0xD8, 0x1F, 0x80, 0xF0, 0x0F, 0x00, 0x70, 0x06, 0x00, 0x60, 0x06, 0x00, 0xC0,
    0x1C, 0x01, 0xC0, 0xE0, 0x0E, 0x00, 0xE0, 0x0E, 0x00, 0xE0, 0x0E, 0xFC, 0xFF, 0xEF, 0xFE, 0xF0,
    0xFF, 0x0F, 0xE0, 0x7E, 0x07, 0xE0, 0x7E, 0x07, 0xF0, 0xFF, 0x0F, 0xFF, 0xEF, 0xFE, 0xEF, 0xCE,
    0x00, 0xE0, 0x0E, 0x00, 0xE0, 0x0E, 0x00, 0xE0, 0x00, 0x3B, 0x87, 0x70, 0xEE, 0x00, 0x0F, 0x9E,
    0xE1, 0x9E, 0x31, 0xC4, 0x39, 0x83, 0xB0, 0x74, 0x07, 0x80, 0xF0, 0x1C, 0x01, 0x80, 0x30, 0x04,
    0x01, 0x80, 0x70, 0x1C, 0x00, 0x07, 0xF8, 0x01, 0xFE, 0x00, 0x7F, 0x80, 0x00, 0x00, 0x03, 0xF0,
    0x00, 0xFC, 0x00, 0x3F, 0x00, 0x1F, 0xE0, 0x07, 0xF8, 0x01, 0xCE, 0x00, 0xF3, 0xC0, 0x3C, 0xF0,
    0x0E, 0x1C, 0x07, 0x87, 0x81, 0xFF, 0xE0, 0x7F, 0xF8, 0x3F, 0xFF, 0x0F, 0x03, 0xC3, 0xC0, 0xF1,
    0xE0, 0x1E, 0x78, 0x07, 0x9E, 0x01, 0xE0, 0x3F, 0xC7, 0xF8, 0xFF, 0x00, 0x03, 0xF8, 0xFF, 0x9F,
    0xF8, 0x07, 0x0F, 0xEF, 0xFF, 0xFF, 0xFC, 0x7F, 0x0F, 0xC3, 0xFC, 0x7F, 0xFF, 0xFF, 0xEF, 0xCC,
    0x00, 0x00, 0x00, 0x36, 0x00, 0x07, 0xC0, 0x00, 0x70, 0x00, 0x00, 0x00, 0x00, 0xC0, 0x00, 0x38,
    0x00, 0x07, 0x00, 0x00, 0xF0, 0x00, 0x3E, 0x00, 0x07, 0xE0, 0x01, 0xBC, 0x00, 0x37, 0x80, 0x0C,
    0x78, 0x01, 0x8F, 0x00, 0x21, 0xF0, 0x0F, 0xFE, 0x01, 0x81, 0xE0, 0x60, 0x3C, 0x0C, 0x07, 0x83,
    0x80, 0x78, 0x60, 0x0F, 0x1F, 0x03, 0xF8, 0x00, 0x00, 0x00, 0x06, 0xC0, 0xF8, 0x0E, 0x00, 0x00,
    0x7E, 0x19, 0xE7, 0x1C, 0xE3, 0x80, 0xF0, 0xFE, 0x79, 0xCE, 0x39, 0xC7, 0x39, 0xE7, 0xFF, 0x03,
    0xE0, 0x01, 0xF8, 0x00, 0xFC, 0x00, 0xFE, 0x00, 0x7F, 0x80, 0x3B, 0xC0, 0x3C, 0xE0, 0x1E, 0x78,
    0x0E, 0x3C, 0x0F, 0x0E, 0x07, 0xFF, 0x83, 0xFF, 0xC3, 0xFF, 0xE1, 0xE0, 0x78, 0xF0, 0x3C, 0xF0,
    0x1E, 0x78, 0x07, 0xBC, 0x03, 0xC0, 0x01, 0xC0, 0x01, 0xC0, 0x00, 0xC0, 0x00, 0x7C, 0x00, 0x3E,
    0x00, 0x1F, 0x3F, 0x87, 0xFC, 0x7F, 0xE0, 0x1E, 0x00, 0xE0, 0xFE, 0x7F, 0xEF, 0xFE, 0xF8, 0xEE,
    0x0E, 0xE1, 0xEF, 0xFE, 0xFF, 0xE7, 0xE6, 0x00, 0xE0, 0x1C, 0x01, 0x80, 0x1F, 0x01, 0xF0, 0x1F,
    0x00, 0xC0, 0x00, 0xE0, 0x00, 0xE0, 0x00, 0xE0, 0x00, 0x7F, 0x80, 0xF0, 0xF8, 0xE0, 0x1C, 0xE0,
    0x06, 0x70, 0x01, 0x70, 0x00, 0xF8, 0x00, 0x1C, 0x00, 0x0E, 0x00, 0x07, 0x00, 0x03, 0x80, 0x01,
    0xC0, 0x00, 0xE0, 0x00, 0x78, 0x00, 0x9E, 0x00, 0xC7, 0x80, 0xE1, 0xE1, 0xE0, 0x7F, 0xC0, 0x10,
    0x0E, 0x07, 0x83, 0x80, 0x46, 0x0F, 0xE7, 0x39, 0x84, 0xE0, 0x38, 0x0E, 0x03, 0x80, 0xE0, 0x3C,
    0x07, 0xF8, 0xFC, 0x03, 0x80, 0x0E, 0x00, 0x38, 0x00, 0x00, 0x00, 0x00, 0x00, 0x00, 0xFF, 0x87,
    0xFE, 0x3F, 0xF9, 0xE0, 0x07, 0x80, 0x3C, 0x00, 0xF0, 0x03, 0x80, 0x0E, 0x00, 0x38, 0x00, 0xE0,
    0x03, 0xC0, 0x0F, 0x00, 0x3C, 0x00, 0x78, 0x01, 0xFF, 0xE3, 0xFF, 0x83, 0xFE, 0x07, 0x00, 0xE0,
    0x1C, 0x00, 0x00, 0x00, 0x3F, 0x8F, 0xF3, 0xFE, 0xF0, 0x1E, 0x03, 0x80, 0x70, 0x0E, 0x01, 0xC0,
    0x3C, 0x07, 0x80, 0x7F, 0xCF, 0xF8, 0x7F, 0x00, 0x00, 0x00, 0x0E, 0xE0, 0x03, 0xE0, 0x00, 0xE0,
    0x00, 0x7F, 0x80, 0xF0, 0xF8, 0xE0, 0x1C, 0xE0, 0x06, 0x70, 0x01, 0x70, 0x00, 0xF8, 0x00, 0x1C,
    0x00, 0x0E, 0x00, 0x07, 0x00, 0x03, 0x80, 0x01, 0xC0, 0x00, 0xE0, 0x00, 0x78, 0x00, 0x9E, 0x00,
    0xC7, 0x80, 0xE1, 0xE1, 0xE0, 0x7F, 0xC0, 0x42, 0x07, 0xF0, 0x3E, 0x01, 0x80, 0x01, 0x80, 0xFE,
    0x1C, 0xE1, 0x84, 0x38, 0x03, 0x80, 0x38, 0x03, 0x80, 0x38, 0x03, 0xC0, 0x1F, 0xE0, 0xFC, 0x38,
    0xE0, 0x77, 0x81, 0xFC, 0x03, 0xE0, 0x07, 0x80, 0x00, 0x0F, 0xFC, 0x3F, 0xF8, 0xFF, 0xF3, 0x81,
    0xEE, 0x03, 0xF8, 0x0F, 0xE0, 0x3F, 0x80, 0x7E, 0x01, 0xF8, 0x07, 0xE0, 0x1F, 0x80, 0xFE, 0x03,
    0xF8, 0x1E, 0xE0, 0xFB, 0xFF, 0xCF, 0xFE, 0x3F, 0xE0, 0x00, 0x77, 0x80, 0x3B, 0x80, 0x1D, 0xC0,
    0x0E, 0xC0, 0x07, 0x01, 0xFB, 0x81, 0xFF, 0xC0, 0xFF, 0xE0, 0xF0, 0xF0, 0x78, 0x78, 0x38, 0x1C,
    0x1C, 0x0E, 0x0E, 0x07, 0x07, 0x03, 0x83, 0xC3, 0xC1, 0xE1, 0xE0, 0xFF, 0xF0, 0x3F, 0xF8, 0x0F,
    0xDC, 0x00, 0x00, 0x00, 0x1F, 0xFF, 0x80, 0xF0, 0x78, 0x0E, 0x03, 0x81, 0xC0, 0x38, 0x38, 0x07,
    0x87, 0x00, 0x70, 0xE0, 0x0F, 0x1C, 0x01, 0xEF, 0xE0, 0x1D, 0xF8, 0x03, 0x8E, 0x00, 0x71, 0xC0,
    0x1C, 0x38, 0x03, 0x87, 0x00, 0x60, 0xE0, 0x1C, 0x1C, 0x07, 0x07, 0xC3, 0xC1, 0xFF, 0xE0, 0x00,
    0x00, 0x00, 0x00, 0x30, 0x03, 0xC0, 0x1F, 0x00, 0x1C, 0x00, 0x70, 0x01, 0xC0, 0x3F, 0x80, 0x1C,
    0x00, 0x70, 0x7F, 0xC3, 0x8F, 0x1C, 0x3C, 0x70, 0x73, 0x81, 0xCE, 0x07, 0x3C, 0x1C, 0x70, 0x71,
    0xC3, 0xC3, 0xFF, 0xC7, 0xDE, 0x7F, 0x9F, 0xE7, 0xF8, 0x00, 0xFF, 0xFF, 0xFF, 0xFF, 0x80, 0xE0,
    0x38, 0x0E, 0x03, 0xFF, 0xFF, 0xFF, 0xFE, 0x03, 0x80, 0xE0, 0x38, 0x0E, 0x03, 0xFF, 0xFF, 0xFF,
    0xF0, 0x3F, 0xC3, 0xFC, 0x3F, 0xC0, 0x00, 0x1F, 0xC3, 0xFE, 0x7F, 0xEF, 0x0F, 0xF0, 0xFF, 0xFF,
    0xFF, 0xFF, 0xFF, 0xE0, 0x0F, 0x00, 0xF0, 0x07, 0xFF, 0x3F, 0xF1, 0xFE, 0x0E, 0x03, 0x80, 0xE0,
    0x00, 0x00, 0x3F, 0xFF, 0xFF, 0xFF, 0xE0, 0x38, 0x0E, 0x03, 0x80, 0xFF, 0xFF, 0xFF, 0xFF, 0x80,
    0xE0, 0x38, 0x0E, 0x03, 0x80, 0xFF, 0xFF, 0xFF, 0xFC, 0x0E, 0x00, 0xE0, 0x0E, 0x00, 0x00, 0x00,
    0x01, 0xFC, 0x3F, 0xE7, 0xFE, 0xF0, 0xFF, 0x0F, 0xFF, 0xFF, 0xFF, 0xFF, 0xFE, 0x00, 0xF0, 0x0F,
    0x00, 0x7F, 0xF7, 0xFF, 0x1F, 0xE0, 0xFF, 0xFF, 0xFF, 0xFF, 0x80, 0xE0, 0x38, 0x0E, 0x03, 0xFF,
    0xFF, 0xFF, 0xFE, 0x03, 0x80, 0xE0, 0x38, 0x0E, 0x03, 0xFF, 0xFF, 0xFF, 0xF0, 0x38, 0x1C, 0x06,
    0x01, 0xF0, 0x7C, 0x0F, 0x1F, 0xC3, 0xFE, 0x7F, 0xEF, 0x0F, 0xF0, 0xFE, 0x07, 0xFF, 0xFF, 0xFF,
    0xFF, 0xFF, 0x00, 0xF0, 0x07, 0xFF, 0x7F, 0xF1, 0xFE, 0x01, 0xC0, 0x38, 0x03, 0x00, 0x38, 0x03,
    0xF0, 0x1F, 0xF3, 0xDC, 0xE3, 0xF0, 0x7C, 0x1E, 0x00, 0x0F, 0xFF, 0xFF, 0xFF, 0xF8, 0x0E, 0x03,
    0x80, 0xE0, 0x3F, 0xFF, 0xFF, 0xFF, 0xE0, 0x38, 0x0E, 0x03, 0x80, 0xE0, 0x3F, 0xFF, 0xFF, 0xFF,
    0x79, 0xE3, 0xFC, 0x1F, 0x80, 0xF0, 0x00, 0x01, 0xFC, 0x3F, 0xE7, 0xFE, 0xF0, 0xFF, 0x0F, 0xE0,
    0x7F, 0xFF, 0xFF, 0xFE, 0x00, 0xF0, 0x0F, 0x00, 0x7F, 0xF7, 0xFF, 0x1F, 0xE0, 0x08, 0x40, 0x03,
    0x30, 0x00, 0xFC, 0x00, 0x3F, 0x00, 0x07, 0xF8, 0x07, 0xFF, 0x03, 0xE0, 0xF9, 0xE0, 0x0E, 0x78,
    0x01, 0xBC, 0x00, 0x6F, 0x00, 0x0B, 0xC0, 0x00, 0xE0, 0x00, 0x38, 0x07, 0xFE, 0x00, 0x7B, 0xC0,
    0x0E, 0xF0, 0x03, 0x9C, 0x00, 0xE7, 0x80, 0x38, 0xF0, 0x1E, 0x1E, 0x1F, 0x01, 0xFF, 0x00, 0x84,
    0x0C, 0xC0, 0xFC, 0x07, 0x80, 0x00, 0x33, 0xFE, 0x73, 0xEF, 0x1C, 0xE1, 0xCE, 0x1C, 0xF1, 0xC7,
    0x38, 0x3F, 0x03, 0x00, 0x3F, 0x03, 0xFC, 0x3F, 0xEE, 0x0E, 0xC0, 0xEE, 0x1C, 0x7F, 0x81, 0xE0,
    0x01, 0xC0, 0x03, 0x80, 0x07, 0x00, 0x00, 0x00, 0x00, 0x00, 0x00, 0x01, 0xFF, 0x0F, 0xFF, 0x3F,
    0xFC, 0xF8, 0x01, 0xE0, 0x07, 0x80, 0x0F, 0x00, 0x1C, 0x00, 0x38, 0x7F, 0xF0, 0xFF, 0xE0, 0xFF,
    0xE0, 0x1F, 0xC0, 0x3F, 0xC0, 0x77, 0xC0, 0xE7, 0xFF, 0xC7, 0xFF, 0x87, 0xFF, 0x07, 0x00, 0x70,
    0x07, 0x00, 0x00, 0x00, 0x03, 0xF7, 0x7F, 0xF7, 0xFF, 0xF0, 0xFF, 0x0F, 0xE0, 0x7E, 0x07, 0xE0,
    0x7E, 0x07, 0xF0, 0xFF, 0x0F, 0xFF, 0xF7, 0xFF, 0x3F, 0x70, 0x07, 0x00, 0xF0, 0x0F, 0xFF, 0xFF,
    0xFE, 0x7F, 0xC0, 0x07, 0xFC, 0x3F, 0xFC, 0xFF, 0xF3, 0xE0, 0x27, 0x80, 0x1E, 0x00, 0x3C, 0x00,
    0x70, 0x00, 0xE0, 0xFF, 0xC3, 0xFF, 0x87, 0xFF, 0x80, 0x7F, 0x00, 0xFF, 0x01, 0xDF, 0x03, 0x9F,
    0xFF, 0x1F, 0xFE, 0x1F, 0xFC, 0x00, 0x00, 0x00, 0x00, 0x1C, 0x00, 0x38, 0x00, 0xE0, 0x01, 0xC0,
    0x03, 0x00, 0x70, 0x07, 0x00, 0xF0, 0x00, 0x03, 0xF7, 0x7F, 0xF7, 0xFF, 0xF0, 0xFF, 0x0F, 0xE0,
    0x7E, 0x07, 0xE0, 0x7E, 0x07, 0xF0, 0xFF, 0x0F, 0xFF, 0xF7, 0xFF, 0x3F, 0x70, 0x07, 0x00, 0xF0,
    0x0F, 0xFF, 0xFF, 0xFE, 0x7F, 0xC0, 0x38, 0x07, 0x0E, 0x01, 0xC3, 0x80, 0x73, 0xFF, 0xFF, 0xFF,
    0xFF, 0xFF, 0xFF, 0xF3, 0x80, 0x70, 0xFF, 0xFC, 0x3F, 0xFF, 0x0F, 0xFF, 0xC3, 0x80, 0x70, 0xE0,
    0x1C, 0x38, 0x07, 0x0E, 0x01, 0xC3, 0x80, 0x70, 0xE0, 0x1C, 0x38, 0x07, 0x0E, 0x01, 0xC0, 0x38,
    0x07, 0xFC, 0x3F, 0xE1, 0xFF, 0x03, 0x80, 0x1D, 0xF8, 0xFF, 0xC7, 0xFF, 0x3C, 0x79, 0xE1, 0xCE,
    0x0E, 0x70, 0x73, 0x83, 0x9C, 0x1C, 0xE0, 0xE7, 0x07, 0x38, 0x39, 0xC1, 0xCE, 0x0E, 0x3A, 0x3F,
    0x01, 0x0F, 0xC3, 0xC0, 0xE0, 0x70, 0x38, 0x1C, 0x0E, 0x07, 0x03, 0x81, 0xC0, 0xE0, 0x70, 0x38,
    0x1C, 0x0E, 0x07, 0x07, 0x87, 0xF0, 0x00, 0x7A, 0x5E, 0x00, 0x1C, 0x7C, 0x3C, 0x1C, 0x1C, 0x1C,
    0x1C, 0x1C, 0x1C, 0x1C, 0x3E, 0xFF, 0xFF, 0xFF, 0x00, 0xFE, 0xFE, 0x3C, 0x38, 0x38, 0x38, 0x38,
    0x38, 0x38, 0x38, 0x38, 0x38, 0x38, 0x38, 0x38, 0x3C, 0xFE, 0xFE, 0xFF, 0xFF, 0xFF, 0x38, 0x38,
    0x38, 0x38, 0x38, 0x38, 0x38, 0x38, 0x38, 0x38, 0x38, 0x38, 0x38, 0x38, 0xFF, 0xFD, 0xE1, 0xC3,
    0x87, 0x0E, 0x1C, 0x38, 0x70, 0xE1, 0xC3, 0x87, 0x0E, 0x3C, 0xFF, 0xFC, 0x71, 0xC3, 0x07, 0xCF,
    0x8F, 0x77, 0x70, 0x07, 0x77, 0x77, 0x77, 0x77, 0x77, 0x77, 0x77, 0xEC, 0xFF, 0xF0, 0x1F, 0xF8,
    0xFF, 0xC6, 0x06, 0x30, 0x31, 0x81, 0x8C, 0x0C, 0x60, 0x63, 0x03, 0x7E, 0x19, 0xE0, 0xC7, 0x06,
    0x38, 0x31, 0xC1, 0x8E, 0x0C, 0x70, 0x63, 0x83, 0x1C, 0x18, 0xE0, 0xC7, 0xFE, 0x3F, 0xF1, 0xC0,
    0x0E, 0x00, 0x70, 0x03, 0x80, 0x3C, 0x03, 0xF8, 0x00, 0x00, 0x00, 0x73, 0xE3, 0xC3, 0x87, 0x0E,
    0x1C, 0x38, 0x70, 0xE3, 0xE0, 0xE0, 0x7F, 0x07, 0xB8, 0x79, 0xC7, 0xCE, 0x3C, 0x73, 0xC3, 0xBC,
    0x1F, 0xC0, 0xFF, 0x07, 0xF8, 0x3F, 0xE1, 0xCF, 0x0E, 0x3C, 0x71, 0xF3, 0x87, 0x9C, 0x1E, 0xE0,
    0xF7, 0x03, 0xC0, 0x00, 0x00, 0x00, 0xF0, 0x07, 0x00, 0x38, 0x03, 0x80, 0xE0, 0x0E, 0x00, 0xE0,
    0x0E, 0x00, 0xE0, 0x0E, 0x1F, 0xE1, 0xEE, 0x3C, 0xE7, 0x8E, 0xF0, 0xEF, 0x0F, 0xF0, 0xFF, 0x0F,
    0xF8, 0xF7, 0x8E, 0x3C, 0xE1, 0xEE, 0x1E, 0xE0, 0xF0, 0x00, 0x00, 0x00, 0xE0, 0x1E, 0x01, 0xC0,
    0x1C, 0x00, 0x1E, 0x03, 0xC0, 0x78, 0x07, 0x00, 0xE0, 0x00, 0x00, 0x70, 0x07, 0x00, 0x70, 0x07,
    0x00, 0x70, 0x07, 0x00, 0x70, 0x07, 0x00, 0x70, 0x07, 0x00, 0x70, 0x07, 0x00, 0x70, 0x07, 0x00,
    0x70, 0x07, 0xFF, 0x7F, 0xF7, 0xFF, 0x1E, 0x3C, 0x78, 0xF0, 0x00, 0x00, 0x70, 0x70, 0x70, 0x70,
    0x70, 0x70, 0x70, 0x70, 0x70, 0x70, 0x70, 0x70, 0x70, 0x70, 0x70, 0x70, 0x70, 0x70, 0x70, 0xE0,
    0x1C, 0x03, 0x80, 0x70, 0x0E, 0x01, 0xC0, 0x38, 0x07, 0x00, 0xE0, 0x1C, 0x03, 0x80, 0x70, 0x0E,
    0x01, 0xC0, 0x38, 0x07, 0xFF, 0xFF, 0xFF, 0xFC, 0x00, 0x00, 0x00, 0xE0, 0x3C, 0x07, 0x00, 0xE0,
    0x73, 0x9C, 0xE7, 0x39, 0xCE, 0x73, 0x9C, 0xE7, 0x39, 0xCE, 0x73, 0x9C, 0x00, 0x3D, 0xCE, 0xE0,
    0xE0, 0xFC, 0x3F, 0x87, 0x70, 0xEE, 0x01, 0xC0, 0x38, 0x07, 0x00, 0xE0, 0x1C, 0x03, 0x80, 0x70,
    0x0E, 0x01, 0xC0, 0x38, 0x07, 0xFF, 0xFF, 0xFF, 0xFC, 0xEF, 0xEE, 0xEE, 0xFC, 0xE0, 0xE0, 0xE0,
    0xE0, 0xE0, 0xE0, 0xE0, 0xE0, 0xE0, 0xE0, 0xE0, 0xE0, 0xE0, 0xE0, 0xE0, 0x1C, 0x00, 0x70, 0x01,
    0xC0, 0x07, 0x00, 0x1C, 0x00, 0x73, 0x01, 0xFE, 0x07, 0xF0, 0x1F, 0x01, 0xF8, 0x0F, 0xC0, 0x3F,
    0x00, 0x5C, 0x00, 0x70, 0x01, 0xC0, 0x07, 0xFF, 0x1F, 0xFC, 0x7F, 0xF0, 0x1C, 0x0E, 0x07, 0x03,
    0x81, 0xC0, 0xE0, 0x70, 0x3E, 0x1F, 0x8F, 0x9F, 0x9F, 0x8F, 0xC2, 0xE0, 0x70, 0x38, 0x1C, 0x0E,
    0x07, 0x00, 0x00, 0xF0, 0x03, 0xC0, 0x07, 0x00, 0x1C, 0x00, 0x70, 0x00, 0x00, 0x3E, 0x03, 0xFC,
    0x07, 0xFC, 0x0F, 0xF8, 0x1F, 0xF8, 0x3F, 0x78, 0x7E, 0xF0, 0xFC, 0xF1, 0xF9, 0xE3, 0xF1, 0xE7,
    0xE3, 0xCF, 0xC3, 0xDF, 0x87, 0xFF, 0x07, 0xFE, 0x07, 0xFC, 0x0F, 0xF8, 0x0F, 0xF0, 0x1F, 0x03,
    0xE0, 0x7C, 0x0F, 0x00, 0xE0, 0x00, 0x0E, 0xFC, 0xFF, 0xEF, 0xFF, 0xF0, 0xFF, 0x07, 0xE0, 0x7E,
    0x07, 0xE0, 0x7E, 0x07, 0xE0, 0x7E, 0x07, 0xE0, 0x7E, 0x07, 0xE0, 0x70, 0xF8, 0x0F, 0xF0, 0x1F,
    0xF0, 0x3F, 0xE0, 0x7F, 0xE0, 0xFD, 0xE1, 0xFB, 0xC3, 0xF3, 0xC7, 0xE7, 0x8F, 0xC7, 0x9F, 0x8F,
    0x3F, 0x0F, 0x7E, 0x1F, 0xFC, 0x1F, 0xF8, 0x1F, 0xF0, 0x3F, 0xE0, 0x3F, 0xC0, 0x7C, 0x00, 0x00,
    0x00, 0x00, 0x3C, 0x00, 0x70, 0x00, 0xE0, 0x03, 0x80, 0xEF, 0xCF, 0xFE, 0xFF, 0xFF, 0x0F, 0xF0,
    0x7E, 0x07, 0xE0, 0x7E, 0x07, 0xE0, 0x7E, 0x07, 0xE0, 0x7E, 0x07, 0xE0, 0x7E, 0x07, 0x00, 0x00,
    0x00, 0x0F, 0x00, 0xF0, 0x0E, 0x00, 0xE0, 0x1C, 0x70, 0x1D, 0xC0, 0x3F, 0x80, 0x3E, 0x00, 0x38,
    0x00, 0x00, 0x3E, 0x03, 0xFC, 0x07, 0xFC, 0x0F, 0xF8, 0x1F, 0xF8, 0x3F, 0x78, 0x7E, 0xF0, 0xFC,
    0xF1, 0xF9, 0xE3, 0xF1, 0xE7, 0xE3, 0xCF, 0xC3, 0xDF, 0x87, 0xFF, 0x07, 0xFE, 0x07, 0xFC, 0x0F,
    0xF8, 0x0F, 0xF0, 0x1F, 0x79, 0xE3, 0xFC, 0x1F, 0x80, 0xF0, 0x00, 0x0E, 0xFC, 0xFF, 0xEF, 0xFF,
    0xF0, 0xFF, 0x07, 0xE0, 0x7E, 0x07, 0xE0, 0x7E, 0x07, 0xE0, 0x7E, 0x07, 0xE0, 0x7E, 0x07, 0xE0,
    0x70, 0x07, 0x38, 0x0F, 0x78, 0x1E, 0xF0, 0x1D, 0xC0, 0x00, 0x00, 0x00, 0x00, 0x0F, 0xF0, 0x3F,
    0xFC, 0x3F, 0xFE, 0x78, 0x1E, 0xF0, 0x0F, 0xF0, 0x0F, 0xF0, 0x0F, 0xE0, 0x07, 0xE0, 0x07, 0xE0,
    0x07, 0xE0, 0x07, 0xF0, 0x0F, 0xF0, 0x0F, 0xF0, 0x0F, 0x78, 0x1E, 0x7F, 0xFC, 0x3F, 0xFC, 0x0F,
    0xF0, 0x1D, 0xE3, 0xDC, 0x3B, 0x87, 0x70, 0x00, 0x01, 0xF8, 0x7F, 0xE7, 0xFE, 0xF0, 0xFF, 0x0F,
    0xE0, 0x7E, 0x07, 0xE0, 0x7E, 0x07, 0xF0, 0xFF, 0x0F, 0x7F, 0xE7, 0xFE, 0x1F, 0x80, 0x07, 0xFF,
    0xFE, 0x0F, 0x1F, 0x03, 0x0E, 0x07, 0x81, 0x8E, 0x01, 0xC0, 0x47, 0x00, 0xE0, 0x07, 0x00, 0x70,
    0x03, 0x80, 0x38, 0x21, 0xC0, 0x1C, 0x30, 0xE0, 0x0F, 0xF8, 0x70, 0x07, 0x0C, 0x38, 0x03, 0x82,
    0x1C, 0x01, 0xC0, 0x0F, 0x00, 0xE0, 0x03, 0x80, 0x70, 0x01, 0xE0, 0x38, 0x04, 0x78, 0x1C, 0x06,
    0x1F, 0x1E, 0x0F, 0x03, 0xFF, 0xFF, 0x00, 0x3F, 0x9F, 0x8E, 0x3F, 0x3B, 0x83, 0xC7, 0x70, 0x78,
    0x7E, 0x0F, 0xFF, 0xC0, 0xE0, 0x38, 0x1C, 0x07, 0x03, 0x80, 0xF0, 0xF8, 0x2F, 0x3F, 0xFC, 0x7E,
    0x7E, 0x00, 0x00, 0x00, 0x03, 0xC0, 0x3C, 0x03, 0xC0, 0x1C, 0x00, 0xC0, 0x00, 0x03, 0xFE, 0x1F,
    0xF8, 0xFF, 0xE7, 0x0F, 0x38, 0x39, 0xC1, 0xCE, 0x0E, 0x70, 0xF3, 0xFF, 0x1F, 0xF8, 0xFF, 0x07,
    0x3C, 0x38, 0xF1, 0xC7, 0x8E, 0x1E, 0x70, 0xF3, 0x83, 0xDC, 0x1F, 0x0F, 0x0F, 0x0F, 0x07, 0x00,
    0x07, 0x7B, 0xFD, 0xFE, 0xF0, 0x78, 0x38, 0x1C, 0x0E, 0x07, 0x03, 0x81, 0xC0, 0xE0, 0x70, 0x38,
    0x00, 0x71, 0xC1, 0xDC, 0x0F, 0xC0, 0x3E, 0x00, 0xE0, 0x00, 0x03, 0xFE, 0x1F, 0xF8, 0xFF, 0xE7,
    0x0F, 0x38, 0x39, 0xC1, 0xCE, 0x0E, 0x70, 0xF3, 0xFF, 0x1F, 0xF8, 0xFF, 0x07, 0x3C, 0x38, 0xF1,
    0xC7, 0x8E, 0x1E, 0x70, 0xF3, 0x83, 0xDC, 0x1F, 0xE3, 0x9D, 0xC3, 0xE0, 0x78, 0x00, 0x1D, 0xE7,
    0xF9, 0xFE, 0x78, 0x1E, 0x07, 0x01, 0xC0, 0x70, 0x1C, 0x07, 0x01, 0xC0, 0x70, 0x1C, 0x07, 0x00,
    0x03, 0xC0, 0xF0, 0x3C, 0x0F, 0x00, 0x00, 0x00, 0x0F, 0xF3, 0xFF, 0xFF, 0xFE, 0x03, 0x80, 0x78,
    0x0F, 0x81, 0xFC, 0x1F, 0xE0, 0xFE, 0x07, 0xE0, 0x3C, 0x03, 0x80, 0x78, 0x1F, 0xFF, 0xFF, 0xF7,
    0xFC, 0x07, 0xC3, 0xE1, 0xE0, 0x70, 0x00, 0x1F, 0xEF, 0xFF, 0xFF, 0xE0, 0x3C, 0x0F, 0xC1, 0xFC,
    0x3F, 0x81, 0xF0, 0x3C, 0x07, 0xFF, 0xFF, 0xFF, 0xF0, 0x1F, 0xE1, 0xC7, 0x18, 0x1C, 0xC0, 0x66,
    0x03, 0x38, 0x01, 0xF0, 0x0F, 0xF0, 0x3F, 0xE0, 0x7F, 0x80, 0xFC, 0x01, 0xF8, 0x07, 0xE0, 0x1F,
    0x01, 0xCC, 0x0E, 0x78, 0xE3, 0xFC, 0x0C, 0x00, 0xF0, 0x03, 0x80, 0x1C, 0x03, 0x80, 0x00, 0x00,
    0x0F, 0x83, 0x98, 0x63, 0x0F, 0x01, 0xF8, 0x1F, 0x80, 0xF0, 0x86, 0x18, 0xC3, 0x98, 0x7E, 0x18,
    0x03, 0x80, 0x70, 0x0E, 0x03, 0x00, 0x00, 0x00, 0x71, 0xC7, 0x70, 0x7C, 0x0F, 0x80, 0x00, 0x00,
    0x0F, 0xF3, 0xFF, 0xFF, 0xFE, 0x03, 0x80, 0x78, 0x0F, 0x81, 0xFC, 0x1F, 0xE0, 0xFE, 0x07, 0xE0,
    0x3C, 0x03, 0x80, 0x78, 0x1F, 0xFF, 0xFF, 0xF7, 0xFC, 0xF3, 0xDF, 0xE3, 0xF0, 0x78, 0x00, 0x1F,
    0xEF, 0xFF, 0xFF, 0xE0, 0x3C, 0x0F, 0xC1, 0xFC, 0x3F, 0x81, 0xF0, 0x3C, 0x07, 0xFF, 0xFF, 0xFF,
    0xF0, 0x38, 0xE0, 0xEE, 0x07, 0xF0, 0x1F, 0x00, 0x70, 0x00, 0x03, 0xFF, 0xFF, 0xFF, 0xFF, 0xF8,
    0x38, 0x01, 0xC0, 0x0E, 0x00, 0x70, 0x03, 0x80, 0x1C, 0x00, 0xE0, 0x07, 0x00, 0x38, 0x01, 0xC0,
    0x0E, 0x00, 0x70, 0x03, 0x80, 0x1C, 0x00, 0xE0, 0x00, 0xF0, 0x0E, 0x18, 0xE3, 0x8E, 0x38, 0x0F,
    0xF0, 0xFF, 0x0F, 0xF0, 0x38, 0x03, 0x80, 0x38, 0x03, 0x80, 0x38, 0x03, 0x80, 0x38, 0x03, 0x80,
    0x3F, 0x03, 0xF0, 0x1F, 0x00, 0x00, 0xE0, 0x00, 0x0F, 0xC0, 0x00, 0x9C, 0x0F, 0xF0, 0x3F, 0x3C,
    0x00, 0xE1, 0xC0, 0x0C, 0x1C, 0x00, 0xC1, 0xC0, 0x0C, 0x1C, 0x00, 0xC1, 0xC0, 0x0C, 0x1C, 0x00,
    0xC1, 0xC0, 0x0C, 0x1C, 0x00, 0xC1, 0xC0, 0x0C, 0x1C, 0x00, 0xC1, 0xC0, 0x0C, 0x1C, 0x00, 0xC1,
    0xE0, 0x0C, 0x0E, 0x01, 0x80, 0x78, 0x70, 0x03, 0xFE, 0x00, 0x0F, 0xC0, 0x2F, 0x00, 0x81, 0x1E,
    0x3C, 0xF9, 0xF0, 0xE1, 0xC3, 0x87, 0x0E, 0x1C, 0x38, 0x70, 0xE1, 0xC3, 0x87, 0x0E, 0x3C, 0x3C,
    0xF8, 0x7F, 0xF0, 0x1F, 0xE0, 0x7F, 0x81, 0xFE, 0x00, 0x00, 0x00, 0x03, 0x80, 0x7E, 0x01, 0xF8,
    0x07, 0xE0, 0x1F, 0x80, 0x7E, 0x01, 0xF8, 0x07, 0xE0, 0x1F, 0x80, 0x7E, 0x01, 0xF8, 0x07, 0xE0,
    0x1F, 0x80, 0x7F, 0x03, 0xFC, 0x0F, 0x7F, 0xF8, 0xFF, 0xC1, 0xFE, 0x00, 0x3F, 0xC3, 0xFC, 0x3F,
    0xC0, 0x00, 0xE0, 0x7E, 0x07, 0xE0, 0x7E, 0x07, 0xE0, 0x7E, 0x07, 0xE0, 0x7E, 0x07, 0xE0, 0x7E,
    0x0F, 0xF0, 0xFF, 0xFF, 0x7F, 0xF3, 0xF7, 0x07, 0x80, 0x3F, 0x00, 0x8C, 0x06, 0x30, 0x0D, 0xC0,
    0x3E, 0x00, 0x20, 0x00, 0x00, 0xE0, 0x1F, 0x80, 0x7E, 0x01, 0xF8, 0x07, 0xE0, 0x1F, 0x80, 0x7E,
    0x01, 0xF8, 0x07, 0xE0, 0x1F, 0x80, 0x7E, 0x01, 0xF8, 0x07, 0xE0, 0x1F, 0xC0, 0xFF, 0x03, 0xDF,
    0xFE, 0x3F, 0xF0, 0x7F, 0x80, 0x0F, 0x01, 0xF8, 0x11, 0x81, 0xB8, 0x1F, 0x00, 0x40, 0x00, 0x0E,
    0x07, 0xE0, 0x7E, 0x07, 0xE0, 0x7E, 0x07, 0xE0, 0x7E, 0x07, 0xE0, 0x7E, 0x07, 0xE0, 0xFF, 0x0F,
    0xFF, 0xF7, 0xFF, 0x3F, 0x70, 0x0E, 0x70, 0x7B, 0xC3, 0xDE, 0x0E, 0xE0, 0x00, 0x00, 0x00, 0x0E,
    0x01, 0xF8, 0x07, 0xE0, 0x1F, 0x80, 0x7E, 0x01, 0xF8, 0x07, 0xE0, 0x1F, 0x80, 0x7E, 0x01, 0xF8,
    0x07, 0xE0, 0x1F, 0x80, 0x7E, 0x01, 0xFC, 0x0F, 0xF0, 0x3D, 0xFF, 0xE3, 0xFF, 0x07, 0xF8, 0x1E,
    0xE3, 0xDE, 0x7B, 0xC7, 0x78, 0x00, 0x0E, 0x07, 0xE0, 0x7E, 0x07, 0xE0, 0x7E, 0x07, 0xE0, 0x7E,
    0x07, 0xE0, 0x7E, 0x07, 0xE0, 0xFF, 0x0F, 0xFF, 0xF7, 0xFF, 0x3F, 0x70, 0xE0, 0x1F, 0x80, 0x7E,
    0x01, 0xF8, 0x07, 0xE0, 0x1F, 0x80, 0x7E, 0x01, 0xF8, 0x07, 0xE0, 0x1F, 0x80, 0x7E, 0x01, 0xF8,
    0x07, 0xE0, 0x1F, 0xC0, 0xFF, 0x03, 0xDF, 0xFE, 0x3F, 0xF0, 0x7F, 0x80, 0x0C, 0x00, 0x70, 0x01,
    0x80, 0x07, 0xC0, 0x1F, 0x00, 0x3C, 0xE0, 0x7E, 0x07, 0xE0, 0x7E, 0x07, 0xE0, 0x7E, 0x07, 0xE0,
    0x7E, 0x07, 0xE0, 0x7E, 0x0F, 0xF0, 0xFF, 0xFF, 0x7F, 0xF3, 0xF7, 0x00, 0xE0, 0x1C, 0x01, 0x80,
    0x1F, 0x01, 0xF0, 0x0F, 0x00, 0x7C, 0x00, 0x00, 0xF8, 0x00, 0x03, 0xF8, 0x00, 0x0F, 0x38, 0x00,
    0x1C, 0x30, 0x00, 0x00, 0x00, 0x3C, 0x0E, 0x07, 0xF8, 0x3E, 0x0F, 0x70, 0x7C, 0x1E, 0xF0, 0xF8,
    0x39, 0xE1, 0xF0, 0xF3, 0xC3, 0xF1, 0xE3, 0x8E, 0xE3, 0xC7, 0x9D, 0xC7, 0x0F, 0x3B, 0x9E, 0x1E,
    0x77, 0xBC, 0x1D, 0xE7, 0x78, 0x3B, 0x8E, 0xE0, 0x7F, 0x1D, 0xC0, 0xFE, 0x3F, 0x80, 0xFC, 0x3F,
    0x01, 0xF0, 0x7C, 0x03, 0xE0, 0xF8, 0x07, 0xC1, 0xF0, 0x00, 0xF0, 0x00, 0x1F, 0x80, 0x03, 0xBC,
    0x00, 0x70, 0xC0, 0x00, 0x00, 0x0F, 0x0F, 0x0F, 0xF0, 0xF0, 0xE7, 0x1F, 0x0E, 0x71, 0xF9, 0xE7,
    0x9F, 0x9E, 0x7B, 0xF9, 0xC3, 0xBB, 0x9C, 0x3B, 0x9F, 0xC3, 0xF9, 0xF8, 0x3F, 0x9F, 0x81, 0xF1,
    0xF8, 0x1F, 0x0F, 0x81, 0xF0, 0xF0, 0x1F, 0x0F, 0x00, 0x07, 0xC0, 0x0F, 0x80, 0x3B, 0x80, 0xE3,
    0x81, 0x83, 0x00, 0x00, 0x3C, 0x07, 0xBC, 0x1E, 0x78, 0x3C, 0x78, 0xF0, 0xF1, 0xE0, 0xF7, 0x81,
    0xEF, 0x01, 0xFC, 0x03, 0xF8, 0x03, 0xE0, 0x07, 0xC0, 0x07, 0x00, 0x0E, 0x00, 0x1C, 0x00, 0x38,
    0x00, 0x70, 0x00, 0xE0, 0x01, 0xC0, 0x07, 0x80, 0x3F, 0x01, 0xDE, 0x0E, 0x38, 0x00, 0x03, 0xC0,
    0xE7, 0x07, 0x9E, 0x1E, 0x78, 0x70, 0xE3, 0xC3, 0xCF, 0x0F, 0x38, 0x1D, 0xE0, 0x77, 0x01, 0xFC,
    0x03, 0xF0, 0x0F, 0x80, 0x1E, 0x00, 0x78, 0x01, 0xC0, 0x0F, 0x00, 0x3C, 0x07, 0xE0, 0x1F, 0x80,
    0x7C, 0x00, 0x03, 0x30, 0x01, 0xFE, 0x00, 0x33, 0x00, 0x00, 0x00, 0x7F, 0x0F, 0x8F, 0x80, 0xC1,
    0xE0, 0x60, 0x3C, 0x18, 0x0F, 0x0C, 0x01, 0xE6, 0x00, 0x39, 0x80, 0x0F, 0xC0, 0x01, 0xF0, 0x00,
    0x78, 0x00, 0x0E, 0x00, 0x03, 0x80, 0x00, 0xE0, 0x00, 0x38, 0x00, 0x0E, 0x00, 0x03, 0x80, 0x01,
    0xE0, 0x00, 0xFE, 0x00, 0x00, 0x00, 0x01, 0xE0, 0x3C, 0x07, 0x80, 0xF0, 0x0E, 0x00, 0x00, 0xFF,
    0xFF, 0xFF, 0xFF, 0xF0, 0x1E, 0x01, 0xE0, 0x3C, 0x07, 0x80, 0x78, 0x0F, 0x00, 0xF0, 0x1E, 0x03,
    0xC0, 0x3C, 0x07, 0x80, 0x70, 0x0F, 0xFF, 0xFF, 0xFF, 0xFF, 0x03, 0xC1, 0xE0, 0xE0, 0x70, 0x00,
    0x1F, 0xF7, 0xFD, 0xFF, 0x03, 0x81, 0xE0, 0xF0, 0x7C, 0x1E, 0x0F, 0x07, 0xC1, 0xE0, 0xFF, 0xFF,
    0xFF, 0xFC, 0x07, 0x00, 0x70, 0x07, 0x00, 0x00, 0x00, 0x0F, 0xFF, 0xFF, 0xFF, 0xFF, 0x01, 0xE0,
    0x1E, 0x03, 0xC0, 0x3C, 0x07, 0x80, 0xF0, 0x0F, 0x01, 0xE0, 0x1E, 0x03, 0xC0, 0x78, 0x07, 0x80,
    0xFF, 0xFF, 0xFF, 0xFF, 0xF0, 0x0E, 0x03, 0x80, 0xE0, 0x00, 0x00, 0x1F, 0xF7, 0xFD, 0xFF, 0x03,
    0x81, 0xE0, 0xF0, 0x3C, 0x1E, 0x0F, 0x07, 0xC1, 0xE0, 0xFF, 0xFF, 0xFF, 0xFC, 0x79, 0xE3, 0xDC,
    0x1F, 0x80, 0xF0, 0x0F, 0x00, 0x00, 0xFF, 0xFF, 0xFF, 0xFF, 0xF0, 0x1E, 0x01, 0xE0, 0x3C, 0x07,
    0x80, 0x78, 0x0F, 0x00, 0xF0, 0x1E, 0x03, 0xC0, 0x3C, 0x07, 0x80, 0x70, 0x0F, 0xFF, 0xFF, 0xFF,
    0xFF, 0x71, 0xCF, 0xE1, 0xF0, 0x38, 0x00, 0x1F, 0xF7, 0xFD, 0xFF, 0x03, 0x81, 0xE0, 0xF0, 0x7C,
    0x1E, 0x0F, 0x07, 0xC1, 0xE0, 0xFF, 0xFF, 0xFF, 0xFC, 0x00, 0x01, 0xC0, 0x00, 0x38, 0x1F, 0xE3,
    0x0E, 0x0F, 0xC3, 0x80, 0xF8, 0xE0, 0x0F, 0x18, 0x00, 0xF7, 0x00, 0x0E, 0xE0, 0x01, 0xFC, 0x00,
    0x3F, 0x80, 0x03, 0xF0, 0x00, 0x7E, 0x00, 0x0F, 0xC0, 0x03, 0xB8, 0x00, 0x73, 0x80, 0x0E, 0x78,
    0x03, 0x87, 0x80, 0x60, 0x7C, 0x38, 0x03, 0xFC, 0x00, 0x00, 0x20, 0x07, 0x00, 0x31, 0xFF, 0x71,
    0xC6, 0x0E, 0xE0, 0xEE, 0x0F, 0xE0, 0x7E, 0x07, 0xE0, 0x6F, 0x0E, 0x79, 0xC3, 0xF8, 0x00, 0x00,
    0x38, 0x00, 0x01, 0xFF, 0xC0, 0xF6, 0x78, 0x01, 0xE1, 0xC0, 0x0C, 0x0E, 0x00, 0x60, 0x70, 0x03,
    0x03, 0x80, 0x18, 0x1C, 0x00, 0xC0, 0xE0, 0x06, 0x07, 0x00, 0x30, 0x38, 0x01, 0x81, 0xC0, 0x0C,
    0x0E, 0x00, 0x60, 0x70, 0x03, 0x03, 0x80, 0x18, 0x1E, 0x00, 0xC0, 0x70, 0x0C, 0x01, 0xE1, 0xC0,
    0x07, 0xFC, 0x00, 0x00, 0x0C, 0x00, 0x71, 0x80, 0xDE, 0x3F, 0xF9, 0xF0, 0xE1, 0xC3, 0x87, 0x0E,
    0x1C, 0x38, 0x70, 0xE1, 0xC3, 0x87, 0x0E, 0x3C, 0x3C, 0xF8, 0x7F, 0xE0, 0x3F, 0xCF, 0xFF, 0xFF,
    0xF8, 0x0E, 0x01, 0xE0, 0x3E, 0x07, 0xF0, 0x7F, 0x83, 0xF8, 0x1F, 0x80, 0xF0, 0x0E, 0x01, 0xE0,
    0x7F, 0xFF, 0xFF, 0xDF, 0xF0, 0x00, 0x00, 0x00, 0xE0, 0x1C, 0x03, 0x80, 0xE0, 0x7F, 0xBF, 0xFF,
    0xFF, 0x80, 0xF0, 0x3F, 0x07, 0xF0, 0xFE, 0x07, 0xC0, 0xF0, 0x1F, 0xFF, 0xFF, 0xFF, 0xC0, 0x00,
    0x00, 0x1E, 0x07, 0x01, 0xC0, 0x70, 0xFF, 0xFF, 0xFF, 0xFF, 0xFE, 0x0E, 0x00, 0x70, 0x03, 0x80,
    0x1C, 0x00, 0xE0, 0x07, 0x00, 0x38, 0x01, 0xC0, 0x0E, 0x00, 0x70, 0x03, 0x80, 0x1C, 0x00, 0xE0,
    0x07, 0x00, 0x38, 0x00, 0x00, 0x00, 0x00, 0x78, 0x03, 0x80, 0x1C, 0x01, 0xC0, 0x18, 0x38, 0x38,
    0xFF, 0xFF, 0xFF, 0x38, 0x38, 0x38, 0x38, 0x38, 0x38, 0x38, 0x38, 0x3F, 0x3F, 0x1F, 0x00, 0x00,
    0x0E, 0x0E, 0x0C, 0x1C, 0x78, 0x3C, 0x1C, 0x0E, 0x1E, 0x79, 0xE7, 0x00, 0x1E, 0x0F, 0xC7, 0x7B,
    0x8E, 0xFF, 0xFF, 0xFF, 0xE0, 0xFF, 0xFF, 0xFF, 0xC3, 0xFF, 0xFF, 0x7E, 0xFF, 0x80, 0x42, 0xE7,
    0xE7, 0x7C, 0xFF, 0x1B, 0x77, 0xC2, 0x00, 0x3D, 0xE7, 0x79, 0xCE, 0x73, 0x80, 0xF3, 0x9F, 0xE3,
    0xF0, 0x78, 0x7F, 0xEE, 0x21, 0x87, 0x8E, 0xFF, 0xEF, 0x80, 0x33, 0xB9, 0x8F, 0xFD, 0xE0, 0x7C,
    0x1E, 0x78, 0x3C, 0x78, 0x78, 0xF8, 0xF0, 0xF9, 0xE3, 0xF7, 0x8F, 0xFF, 0x1F, 0xFC, 0x79, 0xF0,
    0xF1, 0xE1, 0xE3, 0xE3, 0xC3, 0xC7, 0x03, 0xCE, 0x07, 0xBC, 0x07, 0x80, 0x7F, 0x83, 0xFE, 0x1F,
    0xF8, 0x03, 0xC0, 0x0E, 0x00, 0x70, 0x03, 0x80, 0x1C, 0x00, 0xE0, 0x07, 0x00, 0x38, 0x01, 0xCF,
    0xFF, 0xFF, 0xFF, 0xFF, 0xE0, 0x3E, 0x3F, 0x8F, 0xC1, 0xE0, 0x70, 0x38, 0x1C, 0x0E, 0x07, 0x03,
    0x83, 0xC3, 0xFF, 0xFF, 0xFF, 0xCE, 0x00, 0xFF, 0xFF, 0xFF, 0xFF, 0xFC, 0x03, 0xC0, 0x1C, 0x00,
    0xE0, 0x07, 0x00, 0x38, 0x01, 0xC0, 0x0E, 0x00, 0x70, 0x03, 0x80, 0x1C, 0x00, 0xE0, 0x07, 0x00,
    0x7F, 0xE3, 0xFF, 0xCF, 0xFF, 0x80, 0x1E, 0x00, 0x38, 0x00, 0xE0, 0x03, 0x9C, 0x0E, 0x70, 0x39,
    0xC0, 0xE7, 0x03, 0x9C, 0x0E, 0x70, 0x39, 0xC0, 0xE7, 0x03, 0x80, 0x7C, 0xF9, 0xF0, 0xE1, 0xC3,
    0x87, 0x0E, 0x1C, 0x38, 0x70, 0xE1, 0xC3, 0x87, 0x00, 0xFE, 0xFE, 0xFE, 0x3C, 0x78, 0x78, 0x70,
    0x70, 0x78, 0x78, 0x78, 0x78, 0x78, 0x78, 0x78, 0x7F, 0xF0, 0xFF, 0xF1, 0xFF, 0xF1, 0xE1, 0xE3,
    0x81, 0xC7, 0x03, 0x8E, 0x07, 0x1C, 0x0E, 0x38, 0x1C, 0x70, 0x38, 0xE0, 0x71, 0xC0, 0xE3, 0x81,
    0xC7, 0x03, 0x8E, 0x07, 0x00, 0xE3, 0xE3, 0x8F, 0xCE, 0x3F, 0xB8, 0x1E, 0xE0, 0x7B, 0x80, 0xEE,
    0x03, 0xB8, 0x0E, 0xF0, 0x3B, 0xC1, 0xEF, 0x07, 0xBE, 0x3E, 0x7F, 0xF0, 0xFF, 0x81, 0xFC, 0x00,
    0x7C, 0xF9, 0xF0, 0xE1, 0xC3, 0x87, 0x0E, 0x1C, 0xFF, 0x8F, 0xFC, 0xFF, 0xE0, 0x1E, 0x01, 0xE0,
    0x0E, 0x00, 0xE0, 0x0E, 0x00, 0xE0, 0x0E, 0x00, 0xE0, 0x0E, 0x00, 0xE0, 0x0E, 0x00, 0xE0, 0x0E,
    0x00, 0xE0, 0x0E, 0x00, 0xE0, 0x0E, 0xFF, 0x0F, 0xF8, 0xFF, 0xC0, 0x3E, 0x01, 0xE0, 0x1E, 0x00,
    0xE0, 0x0E, 0x00, 0xE0, 0x1E, 0x01, 0xE0, 0x3E, 0xFF, 0xCF, 0xF8, 0xFF, 0x00, 0x00, 0x0E, 0x00,
    0xE0, 0x0E, 0x00, 0xE0, 0x0F, 0xFF, 0xFF, 0xFF, 0xFE, 0x01, 0xE0, 0x1E, 0x01, 0xC0, 0x3C, 0x03,
    0xC0, 0x38, 0x07, 0x80, 0x78, 0x07, 0x00, 0xF0, 0x0F, 0x00, 0xE0, 0x7F, 0xF9, 0xFF, 0xFB, 0xFF,
    0xF9, 0xC0, 0xF3, 0x80, 0xE7, 0x01, 0xCE, 0x03, 0x9C, 0x07, 0x38, 0x0E, 0x70, 0x1C, 0xE0, 0x39,
    0xC0, 0x73, 0xFF, 0xE7, 0xFF, 0xCF, 0xFF, 0x80, 0xF3, 0xF8, 0x77, 0xFC, 0x7F, 0xFC, 0x7E, 0x3E,
    0x3C, 0x1E, 0x3C, 0x1E, 0x3C, 0x0E, 0x3C, 0x0E, 0x38, 0x0E, 0x78, 0x1E, 0x78, 0x1E, 0x78, 0x3E,
    0x7B, 0xFC, 0x7B, 0xF8, 0x73, 0xF0, 0x7C, 0xF9, 0xF0, 0xE1, 0xC3, 0x87, 0x0E, 0x1C, 0x38, 0x70,
    0xE1, 0xC3, 0x87, 0x0E, 0x1C, 0x38, 0x70, 0xE0, 0x7C, 0x7E, 0x7E, 0x0E, 0x0E, 0x0E, 0x0E, 0x0E,
    0x0E, 0x0E, 0x0E, 0x0E, 0xFE, 0xFE, 0xFE, 0xFF, 0xF1, 0xFF, 0xF3, 0xFF, 0xF1, 0xC1, 0xE7, 0x83,
    0xCF, 0x03, 0x9C, 0x07, 0x38, 0x0E, 0x70, 0x1C, 0xF0, 0x79, 0xE0, 0xF3, 0xE3, 0xE3, 0xFF, 0x87,
    0xFE, 0x03, 0xF8, 0x00, 0x00, 0x01, 0xE0, 0xE7, 0x83, 0x9E, 0x0E, 0x78, 0x38, 0xE0, 0xE3, 0xC3,
    0x8F, 0x0E, 0x3C, 0x78, 0x71, 0xE1, 0xE7, 0x87, 0xBC, 0x1F, 0xF0, 0xFF, 0x8F, 0xFC, 0x3F, 0x80,
    0xE0, 0x00, 0x3F, 0xC3, 0xFF, 0x3F, 0xFD, 0xE1, 0xFF, 0x07, 0xF0, 0x3F, 0xC0, 0xFF, 0x07, 0x7C,
    0x39, 0xE1, 0xC0, 0x0E, 0x00, 0x70, 0x03, 0x80, 0x1C, 0x00, 0xE0, 0x07, 0x00, 0x38, 0x01, 0xC0,
    0x0E, 0x00, 0x70, 0x3F, 0xC3, 0xFF, 0x3F, 0xFD, 0xE1, 0xFF, 0x07, 0xF0, 0x3F, 0xC0, 0xFF, 0x87,
    0x7C, 0x79, 0xE3, 0xC0, 0x1E, 0x01, 0xEF, 0xFF, 0x7F, 0xF3, 0xFE, 0x00, 0xF0, 0x7B, 0xC3, 0xDE,
    0x1E, 0x78, 0xE3, 0xC7, 0x1E, 0x78, 0x7B, 0xC3, 0xFC, 0x1F, 0xC0, 0x7C, 0x03, 0xC0, 0x1E, 0x00,
    0x78, 0x03, 0xC0, 0x1E, 0x00, 0x70, 0x03, 0xC0, 0x1E, 0x00, 0xF0, 0x07, 0x80, 0x78, 0x7B, 0xE3,
    0xCF, 0x1E, 0x3C, 0xF1, 0xE7, 0x87, 0xF8, 0x3F, 0xC0, 0xFC, 0x03, 0xC0, 0x1E, 0x00, 0x78, 0x03,
    0xE7, 0xFF, 0x3F, 0xFD, 0xFF, 0xC0, 0xFF, 0xFF, 0xFF, 0xFF, 0xFF, 0xC0, 0x0F, 0x00, 0x78, 0x01,
    0xE7, 0x07, 0x9C, 0x1C, 0x70, 0xF1, 0xC3, 0xC7, 0x0F, 0x1C, 0x78, 0x71, 0xE1, 0xC7, 0x87, 0x1C,
    0x1C, 0x00, 0x70, 0x01, 0xC0, 0x07, 0x00, 0x1C, 0x00, 0x7F, 0x87, 0xFC, 0x7F, 0xE0, 0x1E, 0x00,
    0xE0, 0x0E, 0x00, 0xE0, 0x0E, 0x00, 0xE0, 0x0E, 0x00, 0xE0, 0x0E, 0x00, 0xE0, 0x0E, 0x00, 0xE0,
    0xE3, 0x8E, 0xE3, 0x8E, 0xE3, 0x8E, 0xE3, 0x8E, 0xE7, 0x8E, 0xE7, 0x8E, 0xFF, 0x0E, 0xFF, 0x0E,
    0xFC, 0x1E, 0xF0, 0x1E, 0xF0, 0x1E, 0x78, 0x3C, 0x7F, 0xFC, 0x3F, 0xF8, 0x0F, 0xF0, 0x7F, 0xF8,
    0xFF, 0xF9, 0xFF, 0xF8, 0xE0, 0xF1, 0xC0, 0xE3, 0x81, 0xC7, 0x03, 0x8E, 0x07, 0x1C, 0x0E, 0x38,
    0x1C, 0x70, 0x39, 0xE0, 0x7F, 0xC0, 0xFF, 0x81, 0xFE, 0x03, 0x80, 0x00, 0x00, 0x00, 0x18, 0x00,
    0x03, 0x80, 0x00, 0x70, 0x00, 0x1E, 0x00, 0x03, 0xE0, 0x00, 0xFC, 0x00, 0x1B, 0xC0, 0x07, 0x78,
    0x00, 0xC7, 0x00, 0x18, 0xF0, 0x06, 0x1E, 0x00, 0xFF, 0xE0, 0x30, 0x3C, 0x06, 0x03, 0x81, 0xC0,
    0x78, 0x30, 0x0F, 0x0E, 0x00, 0xF3, 0xF6, 0x7F, 0x00, 0xE0, 0x00, 0x1C, 0x00, 0x00, 0x00, 0x00,
    0x3F, 0x0C, 0xF3, 0x8E, 0x71, 0xC0, 0x78, 0x7F, 0x3C, 0xE7, 0x1C, 0xE3, 0x9C, 0xF3, 0xFF, 0x80,
    0x01, 0x80, 0x38, 0x06, 0x00, 0x00, 0xF0, 0x00, 0x16, 0x00, 0x00, 0xC0, 0x00, 0x30, 0x00, 0x04,
    0x00, 0x00, 0x80, 0x00, 0x00, 0x00, 0x06, 0x00, 0x00, 0xE0, 0x00, 0x1C, 0x00, 0x07, 0x80, 0x00,
    0xF8, 0x00, 0x3F, 0x00, 0x06, 0xF0, 0x01, 0xDE, 0x00, 0x31, 0xC0, 0x06, 0x3C, 0x01, 0x87, 0x80,
    0x3F, 0xF8, 0x0C, 0x0F, 0x01, 0x80, 0xE0, 0x70, 0x1E, 0x0C, 0x03, 0xC3, 0x80, 0x3C, 0xFC, 0x0F,
    0xC0, 0x00, 0x00, 0x1E, 0x02, 0xC0, 0x18, 0x06, 0x00, 0x80, 0x10, 0x00, 0x01, 0xF8, 0x67, 0x9C,
    0x73, 0x8E, 0x03, 0xC3, 0xF9, 0xE7, 0x38, 0xE7, 0x1C, 0xE7, 0x9F, 0xFC, 0x00, 0x00, 0x00, 0x00,
    0x38, 0x00, 0x07, 0x00, 0x06, 0xE0, 0x00, 0xF0, 0x00, 0x1F, 0x80, 0x01, 0x68, 0x00, 0x06, 0x00,
    0x00, 0xF0, 0x00, 0x0F, 0x00, 0x01, 0xF8, 0x00, 0x1F, 0x80, 0x03, 0xB8, 0x00, 0x3B, 0xC0, 0x03,
    0x1C, 0x00, 0x71, 0xE0, 0x06, 0x1E, 0x00, 0xFF, 0xF0, 0x0C, 0x0F, 0x01, 0x80, 0x70, 0x18, 0x07,
    0x81, 0x80, 0x78, 0x30, 0x03, 0xC7, 0xC0, 0xFE, 0x00, 0x00, 0x00, 0x00, 0x00, 0x0E, 0x01, 0xE1,
    0xF8, 0x3F, 0x03, 0x30, 0x3F, 0x06, 0x78, 0xE3, 0x8E, 0x38, 0x07, 0x83, 0xF8, 0xF3, 0x8E, 0x38,
    0xE3, 0x8E, 0x78, 0xFF, 0xE0, 0x04, 0x00, 0x00, 0xE0, 0x00, 0x07, 0x00, 0x00, 0x36, 0x00, 0x00,
    0xF0, 0x00, 0x1F, 0x80, 0x01, 0x68, 0x00, 0x06, 0x00, 0x00, 0xF0, 0x00, 0x0F, 0x00, 0x01, 0xF8,
    0x00, 0x1F, 0x80, 0x03, 0xB8, 0x00, 0x3B, 0xC0, 0x03, 0x1C, 0x00, 0x71, 0xE0, 0x06, 0x1E, 0x00,
    0xFF, 0xF0, 0x0C, 0x0F, 0x01, 0x80, 0x70, 0x18, 0x07, 0x81, 0x80, 0x78, 0x30, 0x03, 0xC7, 0xC0,
    0xFE, 0x00, 0x00, 0x00, 0x40, 0x07, 0x00, 0x1C, 0x00, 0x7E, 0x00, 0xFC, 0x06, 0x60, 0x3F, 0x03,
    0x3C, 0x38, 0xE1, 0xC7, 0x00, 0x78, 0x1F, 0xC3, 0xCE, 0x1C, 0x70, 0xE3, 0x87, 0x3C, 0x3F, 0xF8,
    0x00, 0x1E, 0x00, 0x01, 0x60, 0x00, 0x06, 0x00, 0x00, 0xC0, 0x00, 0x08, 0x00, 0x06, 0x80, 0x01,
    0xF8, 0x00, 0x19, 0x80, 0x00, 0x60, 0x00, 0x06, 0x00, 0x00, 0xF0, 0x00, 0x0F, 0x00, 0x01, 0xF8,
    0x00, 0x1F, 0x80, 0x01, 0xBC, 0x00, 0x3B, 0xC0, 0x03, 0x1C, 0x00, 0x71, 0xE0, 0x06, 0x1E, 0x00,
    0xFF, 0xF0, 0x0C, 0x0F, 0x01, 0xC0, 0x78, 0x18, 0x07, 0x81, 0x80, 0x78, 0x30, 0x03, 0xC7, 0xC0,
    0xFF, 0x00, 0x00, 0x00, 0x03, 0x81, 0x60, 0x18, 0x0C, 0x02, 0x07, 0x83, 0xF0, 0xCC, 0x3F, 0x19,
    0xEE, 0x3B, 0x8E, 0x07, 0x8F, 0xEF, 0x3B, 0x8E, 0xE3, 0xB9, 0xEF, 0xFC, 0x01, 0xE8, 0x00, 0x17,
    0x80, 0x00, 0x20, 0x00, 0x0F, 0x00, 0x01, 0xF8, 0x00, 0x19, 0x80, 0x00, 0x60, 0x00, 0x06, 0x00,
    0x00, 0xF0, 0x00, 0x0F, 0x00, 0x01, 0xF8, 0x00, 0x1F, 0x80, 0x03, 0xB8, 0x00, 0x3B, 0xC0, 0x03,
    0x1C, 0x00, 0x71, 0xE0, 0x06, 0x1E, 0x00, 0xFF, 0xF0, 0x0C, 0x0F, 0x01, 0x80, 0x70, 0x18, 0x07,
    0x81, 0x80, 0x78, 0x30, 0x03, 0xC7, 0xC0, 0xFE, 0x00, 0x00, 0x00, 0x3F, 0x0D, 0xE0, 0x00, 0x0F,
    0x03, 0xF0, 0x66, 0x0F, 0xC3, 0x3C, 0xE3, 0x9C, 0x70, 0x1E, 0x1F, 0xCF, 0x39, 0xC7, 0x38, 0xE7,
    0x3C, 0xFF, 0xE0, 0x00, 0xC0, 0x00, 0x3C, 0x00, 0x0F, 0xC0, 0x01, 0x78, 0x00, 0x0E, 0x00, 0x01,
    0xC0, 0x00, 0x78, 0x00, 0x0F, 0x80, 0x03, 0xF0, 0x00, 0x6F, 0x00, 0x1D, 0xE0, 0x03, 0x1C, 0x00,
    0x63, 0xC0, 0x18, 0x78, 0x03, 0xFF, 0x80, 0xC0, 0xF0, 0x18, 0x0E, 0x07, 0x01, 0xE0, 0xC0, 0x3C,
    0x38, 0x03, 0xCF, 0xD9, 0xFC, 0x03, 0x80, 0x00, 0x70, 0x00, 0x00, 0x00, 0x00, 0x03, 0x80, 0xF8,
    0x19, 0x83, 0xF0, 0xCF, 0x38, 0xE7, 0x1C, 0x07, 0x87, 0xF3, 0xCE, 0x71, 0xCE, 0x39, 0xCF, 0x3F,
    0xF8, 0x00, 0x18, 0x03, 0x80, 0x60, 0x00, 0x00, 0x00, 0x00, 0x03, 0x00, 0x01, 0xE0, 0x00, 0x70,
    0x00, 0x1B, 0x00, 0x03, 0xE0, 0x00, 0x38, 0x00, 0x00, 0x00, 0x00, 0x60, 0x00, 0x1C, 0x00, 0x03,
    0x80, 0x00, 0x78, 0x00, 0x1F, 0x00, 0x03, 0xF0, 0x00, 0xDE, 0x00, 0x1B, 0xC0, 0x06, 0x3C, 0x00,
    0xC7, 0x80, 0x10, 0xF8, 0x07, 0xFF, 0x00, 0xC0, 0xF0, 0x30, 0x1E, 0x06, 0x03, 0xC1, 0xC0, 0x3C,
    0x30, 0x07, 0x8F, 0x81, 0xFC, 0x00, 0x00, 0x00, 0x00, 0x00, 0x60, 0x1C, 0x07, 0x03, 0xE0, 0x7C,
    0x07, 0x00, 0x00, 0x3F, 0x0C, 0xF3, 0x8E, 0x71, 0xC0, 0x78, 0x7F, 0x3C, 0xE7, 0x1C, 0xE3, 0x9C,
    0xF3, 0xFF, 0x80, 0x00, 0x00, 0x00, 0x60, 0x00, 0x0E, 0x00, 0x00, 0xE0, 0x00, 0x1B, 0x00, 0x03,
    0xE0, 0x00, 0x38, 0x00, 0x00, 0x00, 0x00, 0x60, 0x00, 0x1C, 0x00, 0x03, 0x80, 0x00, 0x78, 0x00,
    0x1F, 0x00, 0x03, 0xF0, 0x00, 0xDE, 0x00, 0x1B, 0xC0, 0x06, 0x3C, 0x00, 0xC7, 0x80, 0x10, 0xF8,
    0x07, 0xFF, 0x00, 0xC0, 0xF0, 0x30, 0x1E, 0x06, 0x03, 0xC1, 0xC0, 0x3C, 0x30, 0x07, 0x8F, 0x81,
    0xFC, 0x00, 0x00, 0x00, 0x00, 0x0C, 0x01, 0xC0, 0x1C, 0x03, 0xE0, 0x7C, 0x07, 0x00, 0x00, 0x3F,
    0x0C, 0xF3, 0x8E, 0x71, 0xC0, 0x78, 0x7F, 0x3C, 0xE7, 0x1C, 0xE3, 0x9C, 0xF3, 0xFF, 0x80, 0x00,
    0x60, 0x00, 0x1E, 0x00, 0x02, 0xC0, 0x00, 0x18, 0x00, 0x06, 0x00, 0x00, 0x80, 0x00, 0x5C, 0x00,
    0x0F, 0x80, 0x00, 0xE0, 0x00, 0x00, 0x00, 0x01, 0x80, 0x00, 0x70, 0x00, 0x0E, 0x00, 0x01, 0xE0,
    0x00, 0x7C, 0x00, 0x0F, 0xC0, 0x03, 0x78, 0x00, 0x6F, 0x00, 0x18, 0xF0, 0x03, 0x1E, 0x00, 0x43,
    0xE0, 0x1F, 0xFC, 0x03, 0x03, 0xC0, 0xC0, 0x78, 0x18, 0x0F, 0x07, 0x00, 0xF0, 0xC0, 0x1E, 0x3E,
    0x07, 0xF0, 0x00, 0x00, 0x0C, 0x03, 0xC0, 0x58, 0x03, 0x00, 0xC0, 0x10, 0x0B, 0x81, 0xF0, 0x1C,
    0x00, 0x00, 0xFC, 0x33, 0xCE, 0x39, 0xC7, 0x01, 0xE1, 0xFC, 0xF3, 0x9C, 0x73, 0x8E, 0x73, 0xCF,
    0xFE, 0x00, 0x3F, 0x00, 0x0F, 0xC0, 0x04, 0xC0, 0x00, 0xF8, 0x00, 0x0E, 0x00, 0x00, 0x00, 0x00,
    0x18, 0x00, 0x07, 0x00, 0x00, 0xE0, 0x00, 0x1E, 0x00, 0x07, 0xC0, 0x00, 0xFC, 0x00, 0x37, 0x80,
    0x06, 0xF0, 0x01, 0x8F, 0x00, 0x31, 0xE0, 0x04, 0x3E, 0x01, 0xFF, 0xC0, 0x30, 0x3C, 0x0C, 0x07,
    0x81, 0x80, 0xF0, 0x70, 0x0F, 0x0C, 0x01, 0xE3, 0xE0, 0x7F, 0x00, 0x00, 0x00, 0x07, 0xE1, 0xBC,
    0x98, 0x1F, 0x01, 0xC0, 0x00, 0x0F, 0xC3, 0x3C, 0xE3, 0x9C, 0x70, 0x1E, 0x1F, 0xCF, 0x39, 0xC7,
    0x38, 0xE7, 0x3C, 0xFF, 0xE0, 0x00, 0x00, 0x00, 0x36, 0x00, 0x07, 0xC0, 0x00, 0x70, 0x00, 0x00,
    0x00, 0x00, 0xC0, 0x00, 0x38, 0x00, 0x07, 0x00, 0x00, 0xF0, 0x00, 0x3E, 0x00, 0x07, 0xE0, 0x01,
    0xBC, 0x00, 0x37, 0x80, 0x0C, 0x78, 0x01, 0x8F, 0x00, 0x21, 0xF0, 0x0F, 0xFE, 0x01, 0x81, 0xE0,
    0x60, 0x3C, 0x0C, 0x07, 0x83, 0x80, 0x78, 0x60, 0x0F, 0x1F, 0x33, 0xF8, 0x07, 0x00, 0x00, 0xE0,
    0x00, 0x00, 0x00, 0x00, 0x06, 0xC0, 0xF8, 0x0E, 0x00, 0x00, 0x7E, 0x19, 0xE7, 0x1C, 0xE3, 0x80,
    0xF0, 0xFE, 0x79, 0xCE, 0x39, 0xC7, 0x39, 0xE7, 0xFF, 0x00, 0x03, 0x00, 0x70, 0x0C, 0x00, 0x7F,
    0xFC, 0x78, 0x38, 0x70, 0x30, 0xE0, 0x61, 0xC0, 0x03, 0x80, 0x07, 0x04, 0x0E, 0x18, 0x1F, 0xF0,
    0x38, 0x60, 0x70, 0x40, 0xE0, 0x01, 0xC0, 0x03, 0x80, 0x07, 0x00, 0x8E, 0x03, 0x3C, 0x1C, 0xFF,
    0xF8, 0x00, 0x00, 0x18, 0x00, 0x38, 0x00, 0x60, 0x00, 0x3F, 0x1C, 0xEE, 0x1F, 0xFF, 0xE0, 0x38,
    0x0E, 0x03, 0x80, 0xF0, 0x1E, 0x33, 0xF8, 0x00, 0x0C, 0x07, 0x00, 0xC0, 0x01, 0x80, 0x07, 0x80,
    0x03, 0x00, 0x0E, 0x00, 0x18, 0x00, 0x20, 0x00, 0x40, 0x3F, 0xFE, 0x3C, 0x1C, 0x38, 0x18, 0x70,
    0x30, 0xE0, 0x01, 0xC0, 0x03, 0x82, 0x07, 0x0C, 0x0F, 0xF8, 0x1C, 0x30, 0x38, 0x20, 0x70, 0x00,
    0xE0, 0x01, 0xC0, 0x03, 0x80, 0x47, 0x01, 0x9E, 0x0E, 0x7F, 0xFC, 0x00, 0x00, 0x0F, 0x02, 0xC0,
    0x30, 0x18, 0x04, 0x01, 0x00, 0x00, 0xFC, 0x73, 0xB8, 0x7F, 0xFF, 0x80, 0xE0, 0x38, 0x0E, 0x03,
    0xC0, 0x78, 0xCF, 0xE0, 0x07, 0xE0, 0x1B, 0xC0, 0x00, 0x03, 0xFF, 0xE3, 0xC1, 0xC3, 0x81, 0x87,
    0x03, 0x0E, 0x00, 0x1C, 0x00, 0x38, 0x20, 0x70, 0xC0, 0xFF, 0x81, 0xC3, 0x03, 0x82, 0x07, 0x00,
    0x0E, 0x00, 0x1C, 0x00, 0x38, 0x04, 0x70, 0x19, 0xE0, 0xE7, 0xFF, 0xC0, 0x00, 0x00, 0x01, 0x8F,
    0xC0, 0x20, 0x00, 0x3F, 0x1C, 0xEE, 0x1F, 0xFF, 0xE0, 0x38, 0x0E, 0x03, 0x80, 0xF0, 0x1E, 0x33,
    0xF8, 0x00, 0x08, 0x00, 0x38, 0x0C, 0xE0, 0x3F, 0x00, 0xFC, 0x01, 0x88, 0x1F, 0xFF, 0x1E, 0x0E,
    0x1C, 0x0C, 0x38, 0x18, 0x70, 0x00, 0xE0, 0x01, 0xC1, 0x03, 0x86, 0x07, 0xFC, 0x0E, 0x18, 0x1C,
    0x10, 0x38, 0x00, 0x70, 0x00, 0xE0, 0x01, 0xC0, 0x23, 0x80, 0xCF, 0x07, 0x3F, 0xFE, 0x00, 0x00,
    0x00, 0x00, 0x0E, 0x01, 0xE0, 0xF8, 0x3F, 0x03, 0x30, 0x3F, 0x07, 0x38, 0xE1, 0xCF, 0xFC, 0xE0,
    0x0E, 0x00, 0xE0, 0x0E, 0x00, 0xF0, 0x07, 0x8C, 0x3F, 0x80, 0x60, 0x00, 0xE0, 0x00, 0xEC, 0x00,
    0xFC, 0x00, 0xFC, 0x01, 0x88, 0x1F, 0xFF, 0x1E, 0x0E, 0x1C, 0x0C, 0x38, 0x18, 0x70, 0x00, 0xE0,
    0x01, 0xC1, 0x03, 0x86, 0x07, 0xFC, 0x0E, 0x18, 0x1C, 0x10, 0x38, 0x00, 0x70, 0x00, 0xE0, 0x01,
    0xC0, 0x23, 0x80, 0xCF, 0x07, 0x3F, 0xFE, 0x00, 0x00, 0x40, 0x0E, 0x00, 0x70, 0x03, 0xB8, 0x0F,
    0xC0, 0xCC, 0x0F, 0xC1, 0xCE, 0x38, 0x73, 0xFF, 0x38, 0x03, 0x80, 0x38, 0x03, 0x80, 0x3C, 0x01,
    0xE3, 0x0F, 0xE0, 0x00, 0xF0, 0x01, 0x60, 0x00, 0xC0, 0x03, 0x00, 0x34, 0x00, 0xF8, 0x03, 0xF0,
    0x04, 0x20, 0x7F, 0xFC, 0x78, 0x38, 0x70, 0x30, 0xE0, 0x61, 0xC0, 0x03, 0x80, 0x07, 0x04, 0x0E,
    0x18, 0x1F, 0xF0, 0x38, 0x60, 0x70, 0x40, 0xE0, 0x01, 0xC0, 0x03, 0x80, 0x07, 0x00, 0x8E, 0x03,
    0x3C, 0x1C, 0xFF, 0xF8, 0x00, 0x00, 0x03, 0xC0, 0xB0, 0x0C, 0x06, 0x01, 0x07, 0xC3, 0xF0, 0xCC,
    0x3F, 0x1C, 0xEE, 0x1F, 0xFF, 0xE0, 0x38, 0x0E, 0x03, 0x80, 0xF0, 0x1E, 0x33, 0xF8, 0x0F, 0x40,
    0x17, 0x80, 0x0C, 0x00, 0x3C, 0x00, 0xFC, 0x01, 0x88, 0x1F, 0xFF, 0x1E, 0x0E, 0x1C, 0x0C, 0x38,
    0x18, 0x70, 0x00, 0xE0, 0x01, 0xC1, 0x03, 0x86, 0x07, 0xFC, 0x0E, 0x18, 0x1C, 0x10, 0x38, 0x00,
    0x70, 0x00, 0xE0, 0x01, 0xC0, 0x23, 0x80, 0xCF, 0x07, 0x3F, 0xFE, 0x00, 0x00, 0x3D, 0x0B, 0xC0,
    0x40, 0x78, 0x3F, 0x0C, 0xC3, 0xF1, 0xCE, 0xE1, 0xFF, 0xFE, 0x03, 0x80, 0xE0, 0x38, 0x0F, 0x01,
    0xE3, 0x3F, 0x80, 0x01, 0x00, 0x0F, 0x00, 0x3F, 0x00, 0x62, 0x07, 0xFF, 0xC7, 0x83, 0x87, 0x03,
    0x0E, 0x06, 0x1C, 0x00, 0x38, 0x00, 0x70, 0x40, 0xE1, 0x81, 0xFF, 0x03, 0x86, 0x07, 0x04, 0x0E,
    0x00, 0x1C, 0x00, 0x38, 0x00, 0x70, 0x08, 0xE0, 0x33, 0xC1, 0xCF, 0xFF, 0x80, 0x00, 0x01, 0x80,
    0x03, 0x80, 0x06, 0x00, 0x00, 0x07, 0x83, 0xF0, 0xCC, 0x3F, 0x1C, 0xEE, 0x1F, 0xFF, 0xE0, 0x38,
    0x0E, 0x03, 0x80, 0xF0, 0x1E, 0x33, 0xF8, 0x00, 0x0C, 0x07, 0x00, 0xC0, 0x0C, 0x0F, 0x01, 0x81,
    0x80, 0x80, 0x40, 0x00, 0xFE, 0x3C, 0x0E, 0x07, 0x03, 0x81, 0xC0, 0xE0, 0x70, 0x38, 0x1C, 0x0E,
    0x07, 0x03, 0x81, 0xC0, 0xE0, 0x70, 0x78, 0x7F, 0x80, 0x00, 0x39, 0xE1, 0x86, 0x30, 0x82, 0x0E,
    0xF9, 0xE3, 0x8E, 0x38, 0xE3, 0x8E, 0x39, 0xF0, 0x7E, 0x3C, 0x1C, 0x1C, 0x1C, 0x1C, 0x1C, 0x1C,
    0x1C, 0x1C, 0x1C, 0x1C, 0x1C, 0x1C, 0x1C, 0x1C, 0x3C, 0x7F, 0x00, 0x18, 0x1C, 0x18, 0x30, 0xF0,
    0xC0, 0x43, 0x9F, 0x0E, 0x1C, 0x38, 0x70, 0xE1, 0xC3, 0x87, 0x1F, 0x00, 0x30, 0x70, 0xC0, 0x07,
    0xF8, 0x03, 0x83, 0xC0, 0xE0, 0x3C, 0x38, 0x03, 0xC6, 0x00, 0x3D, 0xC0, 0x03, 0xB8, 0x00, 0x7F,
    0x00, 0x0F, 0xE0, 0x00, 0xFC, 0x00, 0x1F, 0x80, 0x03, 0xF0, 0x00, 0xEE, 0x00, 0x1C, 0xE0, 0x03,
    0x9E, 0x00, 0xE1, 0xE0, 0x18, 0x1F, 0x0E, 0x00, 0xFF, 0x00, 0x00, 0x00, 0x00, 0x00, 0x00, 0x0C,
    0x00, 0x01, 0xC0, 0x00, 0x30, 0x00, 0x1F, 0x87, 0x1C, 0x60, 0xEE, 0x0F, 0xE0, 0x7E, 0x07, 0xE0,
    0x7E, 0x07, 0xF0, 0xE7, 0x8C, 0x3F, 0x80, 0x00, 0x06, 0x00, 0xE0, 0x06, 0x00, 0x01, 0xE0, 0x00,
    0x2C, 0x00, 0x01, 0x80, 0x00, 0x60, 0x00, 0x08, 0x00, 0x01, 0x00, 0x00, 0x00, 0x00, 0x3F, 0xC0,
    0x1C, 0x1E, 0x07, 0x01, 0xE1, 0xC0, 0x1E, 0x30, 0x01, 0xEE, 0x00, 0x1D, 0xC0, 0x03, 0xF8, 0x00,
    0x7F, 0x00, 0x07, 0xE0, 0x00, 0xFC, 0x00, 0x1F, 0x80, 0x07, 0x70, 0x00, 0xE7, 0x00, 0x1C, 0xF0,
    0x07, 0x0F, 0x00, 0xC0, 0xF8, 0x70, 0x07, 0xF8, 0x00, 0x07, 0x80, 0x58, 0x01, 0x80, 0x30, 0x02,
    0x00, 0x20, 0x00, 0x01, 0xF8, 0x71, 0xC6, 0x0E, 0xE0, 0xFE, 0x0F, 0xE0, 0x7E, 0x07, 0xE0, 0x6F,
    0x0E, 0x79, 0xC3, 0xF8, 0x00, 0x02, 0x00, 0x00, 0xE0, 0x01, 0x38, 0x00, 0x7C, 0x00, 0x3F, 0x00,
    0x06, 0x20, 0x01, 0xFE, 0x00, 0xE0, 0xF0, 0x38, 0x0F, 0x0E, 0x00, 0xF1, 0x80, 0x0F, 0x70, 0x00,
    0xEE, 0x00, 0x1F, 0xC0, 0x03, 0xF8, 0x00, 0x3F, 0x00, 0x07, 0xE0, 0x00, 0xFC, 0x00, 0x3B, 0x80,
    0x07, 0x38, 0x00, 0xE7, 0x80, 0x38, 0x78, 0x06, 0x07, 0xC3, 0x80, 0x3F, 0xC0, 0x00, 0x00, 0x03,
    0x80, 0x3C, 0x1F, 0x81, 0xF8, 0x0C, 0xC0, 0x7E, 0x0E, 0x38, 0x60, 0xE7, 0x07, 0xB8, 0x3D, 0xC0,
    0xEE, 0x07, 0x70, 0x33, 0xC3, 0x8F, 0x38, 0x3F, 0x80, 0x18, 0x00, 0x03, 0x80, 0x00, 0x39, 0x00,
    0x03, 0x70, 0x00, 0x3F, 0x00, 0x06, 0x20, 0x01, 0xFE, 0x00, 0xE0, 0xF0, 0x38, 0x0F, 0x0E, 0x00,
    0xF1, 0x80, 0x0F, 0x70, 0x00, 0xEE, 0x00, 0x1F, 0xC0, 0x03, 0xF8, 0x00, 0x3F, 0x00, 0x07, 0xE0,
    0x00, 0xFC, 0x00, 0x3B, 0x80, 0x07, 0x38, 0x00, 0xE7, 0x80, 0x38, 0x78, 0x06, 0x07, 0xC3, 0x80,
    0x3F, 0xC0, 0x40, 0x07, 0x00, 0x1C, 0x00, 0x7E, 0x00, 0xFC, 0x06, 0x60, 0x3F, 0x07, 0x1C, 0x30,
    0x73, 0x83, 0xDC, 0x1E, 0xE0, 0x77, 0x03, 0xB8, 0x19, 0xE1, 0xC7, 0x9C, 0x1F, 0xC0, 0x00, 0x18,
    0x00, 0x07, 0x80, 0x00, 0xB0, 0x00, 0x06, 0x00, 0x01, 0x80, 0x01, 0xA0, 0x00, 0x7C, 0x00, 0x1F,
    0x80, 0x03, 0x10, 0x00, 0xFF, 0x00, 0x70, 0x78, 0x1C, 0x07, 0x87, 0x00, 0x78, 0xC0, 0x07, 0xB8,
    0x00, 0x77, 0x00, 0x0F, 0xE0, 0x01, 0xFC, 0x00, 0x1F, 0x80, 0x03, 0xF0, 0x00, 0x7E, 0x00, 0x1D,
    0xC0, 0x03, 0x9C, 0x00, 0x73, 0xC0, 0x1C, 0x3C, 0x03, 0x03, 0xE1, 0xC0, 0x1F, 0xE0, 0x00, 0x01,
    0xE0, 0x16, 0x00, 0x60, 0x0C, 0x00, 0x80, 0xF8, 0x1F, 0x81, 0x98, 0x1F, 0x87, 0x1C, 0x60, 0xEE,
    0x0F, 0xE0, 0xFE, 0x07, 0xE0, 0x7E, 0x06, 0xF0, 0xE7, 0x9C, 0x3F, 0x80, 0x03, 0xD8, 0x00, 0x5E,
    0x00, 0x01, 0x80, 0x00, 0x70, 0x00, 0x3F, 0x00, 0x06, 0x20, 0x01, 0xFE, 0x00, 0xE0, 0xF0, 0x38,
    0x0F, 0x0E, 0x00, 0xF1, 0x80, 0x0F, 0x70, 0x00, 0xEE, 0x00, 0x1F, 0xC0, 0x03, 0xF8, 0x00, 0x3F,
    0x00, 0x07, 0xE0, 0x00, 0xFC, 0x00, 0x3B, 0x80, 0x07, 0x38, 0x00, 0xE7, 0x80, 0x38, 0x78, 0x06,
    0x07, 0xC3, 0x80, 0x3F, 0xC0, 0x1F, 0x81, 0x78, 0x02, 0x00, 0xF0, 0x1F, 0x81, 0x98, 0x1F, 0x87,
    0x1C, 0x60, 0xEE, 0x0F, 0xE0, 0xFE, 0x07, 0xE0, 0x7E, 0x06, 0xF0, 0xE7, 0x9C, 0x3F, 0x80, 0x00,
    0x40, 0x00, 0x1C, 0x00, 0x0F, 0xC0, 0x01, 0x88, 0x00, 0x7F, 0x80, 0x38, 0x3C, 0x0E, 0x03, 0xC3,
    0x80, 0x3C, 0x60, 0x03, 0xDC, 0x00, 0x3B, 0x80, 0x07, 0xF0, 0x00, 0xFE, 0x00, 0x0F, 0xC0, 0x01,
    0xF8, 0x00, 0x3F, 0x00, 0x0E, 0xE0, 0x01, 0xCE, 0x00, 0x39, 0xE0, 0x0E, 0x1E, 0x01, 0x81, 0xF0,
    0xE0, 0x0F, 0xF0, 0x00, 0x00, 0x00, 0x00, 0x00, 0x00, 0xC0, 0x00, 0x1C, 0x00, 0x03, 0x00, 0x00,
    0x00, 0x00, 0xE0, 0x1F, 0x81, 0x98, 0x1F, 0x87, 0x1C, 0x60, 0xEE, 0x0F, 0xE0, 0x7E, 0x07, 0xE0,
    0x7E, 0x07, 0xF0, 0xE7, 0x8C, 0x3F, 0x80, 0x00, 0x06, 0x00, 0xE0, 0x06, 0x00, 0x00, 0x10, 0x00,
    0x07, 0x00, 0x03, 0xC0, 0x00, 0x60, 0xE0, 0x00, 0x1C, 0x0F, 0xF1, 0x87, 0x07, 0xE1, 0xC0, 0x7C,
    0x70, 0x07, 0x8C, 0x00, 0x7B, 0x80, 0x07, 0x70, 0x00, 0xFE, 0x00, 0x1F, 0xC0, 0x01, 0xF8, 0x00,
    0x3F, 0x00, 0x07, 0xE0, 0x01, 0xDC, 0x00, 0x39, 0xC0, 0x07, 0x3C, 0x01, 0xC3, 0xC0, 0x30, 0x3E,
    0x1C, 0x01, 0xFE, 0x00, 0x00, 0x80, 0x1C, 0x03, 0xA0, 0x67, 0x00, 0x31, 0xFF, 0x71, 0xC6, 0x0E,
    0xE0, 0xEE, 0x0F, 0xE0, 0x7E, 0x07, 0xE0, 0x6F, 0x0E, 0x79, 0xC3, 0xF8, 0x02, 0x00, 0x00, 0xF0,
    0x00, 0x0F, 0x00, 0x00, 0x60, 0xE0, 0x00, 0x1C, 0x0F, 0xF1, 0x87, 0x07, 0xE1, 0xC0, 0x7C, 0x70,
    0x07, 0x8C, 0x00, 0x7B, 0x80, 0x07, 0x70, 0x00, 0xFE, 0x00, 0x1F, 0xC0, 0x01, 0xF8, 0x00, 0x3F,
    0x00, 0x07, 0xE0, 0x01, 0xDC, 0x00, 0x39, 0xC0, 0x07, 0x3C, 0x01, 0xC3, 0xC0, 0x30, 0x3E, 0x1C,
    0x01, 0xFE, 0x00, 0x18, 0x03, 0xC0, 0x0E, 0x20, 0x67, 0x00, 0x31, 0xFF, 0x71, 0xC6, 0x0E, 0xE0,
    0xEE, 0x0F, 0xE0, 0x7E, 0x07, 0xE0, 0x6F, 0x0E, 0x79, 0xC3, 0xF8, 0x01, 0xE0, 0x00, 0x2C, 0x00,
    0x01, 0x80, 0x00, 0x60, 0x00, 0x08, 0x00, 0x01, 0x03, 0x80, 0x00, 0x70, 0x3F, 0xC6, 0x1C, 0x1F,
    0x87, 0x01, 0xF1, 0xC0, 0x1E, 0x30, 0x01, 0xEE, 0x00, 0x1D, 0xC0, 0x03, 0xF8, 0x00, 0x7F, 0x00,
    0x07, 0xE0, 0x00, 0xFC, 0x00, 0x1F, 0x80, 0x07, 0x70, 0x00, 0xE7, 0x00, 0x1C, 0xF0, 0x07, 0x0F,
    0x00, 0xC0, 0xF8, 0x70, 0x07, 0xF8, 0x00, 0x07, 0x80, 0x58, 0x01, 0x80, 0x30, 0x02, 0x20, 0x27,
    0x00, 0x31, 0xFF, 0x71, 0xC6, 0x0E, 0xE0, 0xEE, 0x0F, 0xE0, 0x7E, 0x07, 0xE0, 0x6F, 0x0E, 0x79,
    0xC3, 0xF8, 0x03, 0xD0, 0x00, 0x5E, 0x00, 0x00, 0x07, 0x00, 0x00, 0xE0, 0x7F, 0x8C, 0x38, 0x3F,
    0x0E, 0x03, 0xE3, 0x80, 0x3C, 0x60, 0x03, 0xDC, 0x00, 0x3B, 0x80, 0x07, 0xF0, 0x00, 0xFE, 0x00,
    0x0F, 0xC0, 0x01, 0xF8, 0x00, 0x3F, 0x00, 0x0E, 0xE0, 0x01, 0xCE, 0x00, 0x39, 0xE0, 0x0E, 0x1E,
    0x01, 0x81, 0xF0, 0xE0, 0x0F, 0xF0, 0x00, 0x1F, 0x81, 0x7F, 0x00, 0x70, 0x03, 0x1F, 0xF7, 0x1C,
    0x60, 0xEE, 0x0E, 0xE0, 0xFE, 0x07, 0xE0, 0x7E, 0x06, 0xF0, 0xE7, 0x9C, 0x3F, 0x80, 0x00, 0x00,
    0xC0, 0x00, 0x38, 0x1F, 0xE3, 0x0E, 0x0F, 0xC3, 0x80, 0xF8, 0xE0, 0x0F, 0x18, 0x00, 0xF7, 0x00,
    0x0E, 0xE0, 0x01, 0xFC, 0x00, 0x3F, 0x80, 0x03, 0xF0, 0x00, 0x7E, 0x00, 0x0F, 0xC0, 0x03, 0xB8,
    0x00, 0x73, 0x80, 0x0E, 0x78, 0x03, 0x87, 0x80, 0x60, 0x7C, 0x38, 0x03, 0xFC, 0x00, 0x00, 0x00,
    0x00, 0x00, 0x00, 0x30, 0x00, 0x07, 0x00, 0x00, 0xC0, 0x00, 0x00, 0x20, 0x07, 0x00, 0x31, 0xFF,
    0x71, 0xC6, 0x0E, 0xE0, 0xEE, 0x0F, 0xE0, 0x7E, 0x07, 0xE0, 0x6F, 0x0E, 0x79, 0xC3, 0xF8, 0x00,
    0x00, 0x60, 0x0E, 0x00, 0x60, 0xFF, 0x03, 0xF3, 0xC0, 0x0E, 0x1C, 0x00, 0xC1, 0xC0, 0x0C, 0x1C,
    0x00, 0xC1, 0xC0, 0x0C, 0x1C, 0x00, 0xC1, 0xC0, 0x0C, 0x1C, 0x00, 0xC1, 0xC0, 0x0C, 0x1C, 0x00,
    0xC1, 0xC0, 0x0C, 0x1C, 0x00, 0xC1, 0xC0, 0x0C, 0x1E, 0x00, 0xC0, 0xE0, 0x18, 0x07, 0x87, 0x00,
    0x3F, 0xE0, 0x00, 0x00, 0x00, 0x00, 0x00, 0x00, 0x30, 0x00, 0x03, 0x80, 0x00, 0x30, 0x00, 0x00,
    0x00, 0xE1, 0xCF, 0x9F, 0x1E, 0x3C, 0x38, 0x70, 0xE1, 0xC3, 0x87, 0x0E, 0x1C, 0x38, 0x70, 0xE3,
    0xC3, 0xCF, 0x87, 0xFF, 0x00, 0x00, 0x0C, 0x00, 0x70, 0x00, 0xC0, 0x00, 0x30, 0x00, 0x07, 0x80,
    0x00, 0x18, 0x00, 0x03, 0x80, 0x00, 0x20, 0x00, 0x02, 0x00, 0xFF, 0x03, 0xF3, 0xC0, 0x0E, 0x1C,
    0x00, 0xC1, 0xC0, 0x0C, 0x1C, 0x00, 0xC1, 0xC0, 0x0C, 0x1C, 0x00, 0xC1, 0xC0, 0x0C, 0x1C, 0x00,
    0xC1, 0xC0, 0x0C, 0x1C, 0x00, 0xC1, 0xC0, 0x0C, 0x1C, 0x00, 0xC1, 0xC0, 0x0C, 0x1E, 0x00, 0xC0,
    0xE0, 0x18, 0x07, 0x87, 0x00, 0x3F, 0xE0, 0x03, 0x80, 0x16, 0x00, 0x18, 0x00, 0xC0, 0x02, 0x00,
    0x68, 0xCF, 0x9F, 0x3E, 0x7C, 0x38, 0x70, 0xE1, 0xC3, 0x87, 0x0E, 0x1C, 0x38, 0x70, 0xE1, 0xC3,
    0x8F, 0x0F, 0x3E, 0x1F, 0xFC, 0x00, 0x00, 0x00, 0x00, 0x70, 0x00, 0x07, 0x0E, 0x00, 0x70, 0x7F,
    0xF0, 0x3D, 0x9E, 0x00, 0x78, 0x70, 0x03, 0x03, 0x80, 0x18, 0x1C, 0x00, 0xC0, 0xE0, 0x06, 0x07,
    0x00, 0x30, 0x38, 0x01, 0x81, 0xC0, 0x0C, 0x0E, 0x00, 0x60, 0x70, 0x03, 0x03, 0x80, 0x18, 0x1C,
    0x00, 0xC0, 0xE0, 0x06, 0x07, 0x80, 0x30, 0x1C, 0x03, 0x00, 0x78, 0x70, 0x01, 0xFF, 0x00, 0x00,
    0x40, 0x03, 0xB0, 0x3D, 0xC6, 0xC3, 0x78, 0xFF, 0xE7, 0xC3, 0x87, 0x0E, 0x1C, 0x38, 0x70, 0xE1,
    0xC3, 0x87, 0x0E, 0x1C, 0x38, 0xF0, 0xF3, 0xE1, 0xFF, 0x80, 0x00, 0x00, 0x00, 0x0E, 0x00, 0x00,
    0x38, 0x0E, 0x00, 0xE0, 0x7F, 0xF0, 0x3D, 0x9E, 0x00, 0x78, 0x70, 0x03, 0x03, 0x80, 0x18, 0x1C,
    0x00, 0xC0, 0xE0, 0x06, 0x07, 0x00, 0x30, 0x38, 0x01, 0x81, 0xC0, 0x0C, 0x0E, 0x00, 0x60, 0x70,
    0x03, 0x03, 0x80, 0x18, 0x1C, 0x00, 0xC0, 0xE0, 0x06, 0x07, 0x80, 0x30, 0x1C, 0x03, 0x00, 0x78,
    0x70, 0x01, 0xFF, 0x00, 0x08, 0x00, 0x70, 0x30, 0xE1, 0xC6, 0xC3, 0x78, 0xFF, 0xE7, 0xC3, 0x87,
    0x0E, 0x1C, 0x38, 0x70, 0xE1, 0xC3, 0x87, 0x0E, 0x1C, 0x38, 0xF0, 0xF3, 0xE1, 0xFF, 0x80, 0x00,
    0x30, 0x00, 0x03, 0xC0, 0x00, 0x06, 0x00, 0x00, 0x70, 0x00, 0x03, 0x03, 0x80, 0x10, 0x1F, 0xFC,
    0x0F, 0x67, 0x80, 0x1E, 0x1C, 0x00, 0xC0, 0xE0, 0x06, 0x07, 0x00, 0x30, 0x38, 0x01, 0x81, 0xC0,
    0x0C, 0x0E, 0x00, 0x60, 0x70, 0x03, 0x03, 0x80, 0x18, 0x1C, 0x00, 0xC0, 0xE0, 0x06, 0x07, 0x00,
    0x30, 0x38, 0x01, 0x81, 0xE0, 0x0C, 0x07, 0x00, 0xC0, 0x1E, 0x1C, 0x00, 0x7F, 0xC0, 0x03, 0x80,
    0x16, 0x00, 0x18, 0x00, 0xC3, 0x02, 0x1C, 0x68, 0xBF, 0x9F, 0xBE, 0x7C, 0x38, 0x70, 0xE1, 0xC3,
    0x87, 0x0E, 0x1C, 0x38, 0x70, 0xE1, 0xC3, 0x8F, 0x0F, 0x3E, 0x1F, 0xF8, 0x00, 0xF4, 0x00, 0x05,
    0xE1, 0xC0, 0x02, 0x0F, 0xFE, 0x07, 0xB3, 0xC0, 0x0F, 0x0E, 0x00, 0x60, 0x70, 0x03, 0x03, 0x80,
    0x18, 0x1C, 0x00, 0xC0, 0xE0, 0x06, 0x07, 0x00, 0x30, 0x38, 0x01, 0x81, 0xC0, 0x0C, 0x0E, 0x00,
    0x60, 0x70, 0x03, 0x03, 0x80, 0x18, 0x1C, 0x00, 0xC0, 0xF0, 0x06, 0x03, 0x80, 0x60, 0x0F, 0x0E,
    0x00, 0x3F, 0xE0, 0x00, 0x0F, 0xC8, 0x2F, 0x70, 0x80, 0xDE, 0x3F, 0xF9, 0xF0, 0xE1, 0xC3, 0x87,
    0x0E, 0x1C, 0x38, 0x70, 0xE1, 0xC3, 0x87, 0x0E, 0x3C, 0x3C, 0xF8, 0x7F, 0xE0, 0x00, 0x00, 0x18,
    0x00, 0x01, 0xFF, 0xC0, 0xF6, 0x78, 0x01, 0xE1, 0xC0, 0x0C, 0x0E, 0x00, 0x60, 0x70, 0x03, 0x03,
    0x80, 0x18, 0x1C, 0x00, 0xC0, 0xE0, 0x06, 0x07, 0x00, 0x30, 0x38, 0x01, 0x81, 0xC0, 0x0C, 0x0E,
    0x00, 0x60, 0x70, 0x03, 0x03, 0x80, 0x18, 0x1E, 0x00, 0xC0, 0x70, 0x0C, 0x01, 0xE1, 0xC0, 0x07,
    0xFC, 0x00, 0x00, 0x00, 0x00, 0x00, 0x00, 0x00, 0xC0, 0x00, 0x07, 0x00, 0x00, 0x30, 0x00, 0x00,
    0x0C, 0x00, 0x71, 0x80, 0xDE, 0x3F, 0xF9, 0xF0, 0xE1, 0xC3, 0x87, 0x0E, 0x1C, 0x38, 0x70, 0xE1,
    0xC3, 0x87, 0x0E, 0x3C, 0x3C, 0xF8, 0x7F, 0xE0, 0x00, 0x00, 0xC0, 0x07, 0x00, 0x0C, 0x00, 0x00,
    0x00, 0x00, 0xC0, 0x00, 0x38, 0x00, 0x03, 0x00, 0x7F, 0x0F, 0x8F, 0x80, 0xC1, 0xE0, 0x60, 0x3C,
    0x18, 0x0F, 0x0C, 0x01, 0xE6, 0x00, 0x39, 0x80, 0x0F, 0xC0, 0x01, 0xF0, 0x00, 0x78, 0x00, 0x0E,
    0x00, 0x03, 0x80, 0x00, 0xE0, 0x00, 0x38, 0x00, 0x0E, 0x00, 0x03, 0x80, 0x01, 0xE0, 0x00, 0xFE,
    0x00, 0x00, 0x00, 0x18, 0x01, 0xC0, 0x0E, 0x00, 0x60, 0xF9, 0xF7, 0x86, 0x78, 0xC3, 0x8C, 0x3C,
    0xC1, 0xD8, 0x1F, 0x80, 0xF0, 0x0F, 0x00, 0x70, 0x06, 0x00, 0x60, 0x06, 0x00, 0xC0, 0x1C, 0x01,
    0xC0, 0x00, 0x00, 0x1F, 0xC7, 0xE3, 0xE0, 0x30, 0x78, 0x18, 0x0F, 0x06, 0x03, 0xC3, 0x00, 0x79,
    0x80, 0x0E, 0x60, 0x03, 0xF0, 0x00, 0x7C, 0x00, 0x1E, 0x00, 0x03, 0x80, 0x00, 0xE0, 0x00, 0x38,
    0x00, 0x0E, 0x00, 0x03, 0x80, 0x00, 0xE0, 0x00, 0x78, 0x00, 0x3F, 0x80, 0x00, 0x00, 0x00, 0xC0,
    0x00, 0x38, 0x00, 0x0C, 0x00, 0x00, 0x0F, 0x9E, 0x78, 0x47, 0x8C, 0x38, 0xC3, 0xC8, 0x1D, 0x81,
    0xF8, 0x0F, 0x00, 0xF0, 0x07, 0x00, 0x60, 0x06, 0x00, 0x78, 0x0D, 0xC1, 0xD8, 0x18, 0x00, 0x00,
    0xF0, 0x00, 0x2C, 0x00, 0x03, 0x00, 0x01, 0x80, 0x00, 0x40, 0x1F, 0xD3, 0xE3, 0xE0, 0x30, 0x78,
    0x18, 0x0F, 0x06, 0x03, 0xC3, 0x00, 0x79, 0x80, 0x0E, 0x60, 0x03, 0xF0, 0x00, 0x7C, 0x00, 0x1E,
    0x00, 0x03, 0x80, 0x00, 0xE0, 0x00, 0x38, 0x00, 0x0E, 0x00, 0x03, 0x80, 0x00, 0xE0, 0x00, 0x78,
    0x00, 0x3F, 0xC0, 0x00, 0x00, 0x03, 0x00, 0x78, 0x01, 0x80, 0x30, 0x02, 0x00, 0x20, 0xF9, 0xF7,
    0x86, 0x78, 0xC3, 0x8C, 0x3C, 0xC1, 0xD8, 0x1D, 0x80, 0xF0, 0x0F, 0x00, 0xF0, 0x06, 0x00, 0x60,
    0x06, 0x00, 0xC0, 0x1C, 0x01, 0xC0, 0x01, 0xF8, 0x00, 0xDE, 0x00, 0x00, 0x01, 0xFC, 0x3E, 0x3E,
    0x03, 0x07, 0x81, 0x80, 0xF0, 0x60, 0x3C, 0x30, 0x07, 0x98, 0x00, 0xE6, 0x00, 0x3F, 0x00, 0x07,
    0xC0, 0x01, 0xE0, 0x00, 0x38, 0x00, 0x0E, 0x00, 0x03, 0x80, 0x00, 0xE0, 0x00, 0x38, 0x00, 0x0E,
    0x00, 0x07, 0x80, 0x03, 0xF8, 0x00, 0x00, 0x00, 0x0E, 0xC1, 0xB8, 0x00, 0x0F, 0x9F, 0x78, 0x67,
    0x8C, 0x38, 0xC3, 0xCC, 0x1D, 0x81, 0xF8, 0x0F, 0x00, 0xF0, 0x07, 0x00, 0x60, 0x06, 0x00, 0x60,
    0x0C, 0x01, 0xC0, 0x1C, 0x00, 0xFF, 0xFF, 0xC0, 0x44, 0xD8, 0xE1, 0xC7, 0xCA, 0x84, 0x08, 0x10,
    0x20, 0x40, 0x81, 0x02, 0x04, 0x08, 0x10, 0x20, 0x40, 0x00, 0xC1, 0xBF, 0x9A, 0xC8, 0x20, 0x82,
    0x08, 0x20, 0x82, 0x08, 0x20, 0x82, 0x08, 0x20, 0x00, 0xC6, 0x3F, 0x64, 0xD0, 0x41, 0x04, 0x10,
    0x41, 0x04, 0x10, 0x41, 0x04, 0x10, 0x41, 0x7F, 0xFF, 0x7F, 0xF9, 0xFF, 0xE0, 0xFF, 0xFF, 0xF0,
    0x06, 0x6C, 0xCE, 0xEE, 0x77, 0x73, 0x36, 0xE0, 0x77, 0x73, 0x36, 0x60, 0x00, 0x67, 0x66, 0xCC,
    0xCC, 0xEE, 0xEE, 0xEE, 0x77, 0x77, 0x77, 0x33, 0x33, 0x66, 0xEE, 0x00, 0x77, 0x77, 0x77, 0x33,
    0x33, 0x66, 0x6C, 0x08, 0x02, 0x20, 0x07, 0xE0, 0x01, 0xC0, 0x01, 0xC0, 0x01, 0xC0, 0xC1, 0xC1,
    0xC3, 0xC3, 0x7F, 0xFF, 0x7F, 0xFF, 0x7F, 0xFF, 0x41, 0xC3, 0x01, 0xC0, 0x01, 0xC0, 0x01, 0xC0,
    0x01, 0xC0, 0x01, 0xC0, 0x01, 0xC0, 0x01, 0xC0, 0x01, 0xC0, 0x01, 0xC0, 0x01, 0xC0, 0x01, 0xC0,
    0x03, 0xE0, 0x07, 0xE0, 0x00, 0x00, 0x07, 0xE0, 0x03, 0xC0, 0x01, 0xC0, 0x01, 0xC0, 0x41, 0xC2,
    0xC3, 0xC3, 0x7F, 0xFE, 0x7F, 0xFE, 0x7F, 0xFE, 0x63, 0xC3, 0x41, 0xC2, 0x01, 0xC0, 0x41, 0xC2,
    0x63, 0xC2, 0x7F, 0xFE, 0x7F, 0xFE, 0xFF, 0xFF, 0xC3, 0xC3, 0x01, 0xC0, 0x01, 0xC0, 0x01, 0xC0,
    0x03, 0xC0, 0x07, 0xE0, 0x00, 0x00, 0x7D, 0xFF, 0xFF, 0xFF, 0xFF, 0xDF, 0x00, 0xE7, 0x3F, 0x39,
    0xF9, 0xCE, 0x7C, 0x06, 0x00, 0x77, 0x07, 0x00, 0x3B, 0x83, 0x00, 0x1C, 0xE3, 0x00, 0x0E, 0x73,
    0x80, 0x07, 0x39, 0x80, 0x03, 0xB9, 0x80, 0x01, 0xDD, 0xC0, 0x00, 0x3C, 0xC0, 0x00, 0x00, 0xDF,
    0x0F, 0x00, 0xFD, 0xCF, 0xC0, 0x6E, 0xEE, 0x70, 0x6E, 0x3F, 0x38, 0x77, 0x1F, 0x9C, 0x33, 0x8F,
    0xCE, 0x38, 0xEE, 0xE7, 0x18, 0x77, 0x7F, 0x18, 0x1F, 0x1F, 0x80, 0x00, 0x46, 0x77, 0x73, 0x8E,
    0x38, 0xC2, 0x04, 0x31, 0xC7, 0x1C, 0xEE, 0xE6, 0x20, 0x00, 0xC0, 0x18, 0x06, 0x00, 0xC0, 0x38,
    0x06, 0x00, 0xC0, 0x30, 0x06, 0x01, 0x80, 0x30, 0x0C, 0x01, 0x80, 0x70, 0x0C, 0x01, 0x80, 0x60,
    0x0C, 0x00, 0x7F, 0xF8, 0x00, 0x0F, 0x06, 0x00, 0x01, 0xC0, 0xC0, 0x00, 0x70, 0x30, 0x00, 0x1C,
    0x00, 0x00, 0x07, 0x00, 0x00, 0x01, 0xC1, 0x00, 0xC0, 0x70, 0xC0, 0xFF, 0x1F, 0xF0, 0x7F, 0xC7,
    0x0C, 0x07, 0x21, 0xC1, 0x01, 0xC0, 0x70, 0x40, 0x70, 0x1C, 0x00, 0x1C, 0x07, 0x00, 0x07, 0x01,
    0xC0, 0x01, 0xC0, 0x70, 0x00, 0x70, 0x3C, 0x00, 0x1C, 0x1F, 0xC0, 0x0F, 0x80, 0xFF, 0xC7, 0xFF,
    0xE7, 0xFF, 0xE7, 0xE0, 0xE7, 0xE6, 0x67, 0xE6, 0x67, 0xE6, 0x67, 0xE6, 0x67, 0xE6, 0x67, 0xE6,
    0x67, 0xE6, 0x6F, 0xE6, 0x0F, 0xE7, 0xFF, 0xE7, 0xFE, 0xE7, 0xFC, 0x00, 0x40, 0x3C, 0x01, 0xC0,
    0xFE, 0x03, 0x81, 0xF8, 0x37, 0x87, 0x38, 0xE7, 0x0E, 0x70, 0xE7, 0x0E, 0xFC, 0xFF, 0x8F, 0x70,
    0x00, 0x0F, 0xC0, 0xFC, 0x00, 0x07, 0xF0, 0x7F, 0xC7, 0xFC, 0x3C, 0x03, 0xC0, 0x1E, 0x03, 0xFF,
    0x1F, 0xF8, 0xFF, 0xC7, 0xFC, 0x3F, 0xE1, 0xFF, 0x03, 0xC0, 0x1E, 0x00, 0x78, 0x03, 0xFE, 0x0F,
    0xF0, 0x3F, 0x80, 0x7E, 0xFE, 0xFE, 0xFF, 0xFF,
};

static const EpdGlyph sfugoudy_12_regularGlyphs[] = {
    { 0, 0, 0, 0, 0, 0, 0 }, // U+0000
    { 0, 0, 99, 0, 0, 0, 0 }, // U+000D
    { 0, 0, 116, 0, 0, 0, 0 }, // U+0020
    { 3, 19, 81, 1, 19, 8, 0 }, // !
    { 6, 6, 124, 1, 18, 5, 8 }, // "
    { 14, 19, 245, 1, 19, 34, 13 }, // #
    { 13, 22, 215, 0, 20, 36, 47 }, // $
    { 17, 18, 300, 1, 18, 39, 83 }, // %
    { 21, 18, 330, 1, 18, 48, 122 }, // &
    { 3, 6, 76, 1, 18, 3, 170 }, // '
    { 5, 22, 95, 1, 19, 14, 173 }, // (
    { 6, 22, 95, -1, 19, 17, 187 }, // )
    { 8, 7, 140, 1, 18, 7, 204 }, // *
    { 10, 10, 224, 2, 14, 13, 211 }, // +
    { 4, 8, 73, 0, 3, 4, 224 }, // ,
    { 8, 2, 134, 0, 6, 2, 228 }, // -
    { 3, 3, 71, 1, 3, 2, 230 }, // .
    { 12, 18, 188, 0, 18, 27, 232 }, // /
    { 12, 18, 224, 1, 18, 27, 259 }, // 0
    { 9, 19, 224, 3, 19, 22, 286 }, // 1
    { 11, 19, 224, 2, 18, 27, 308 }, // 2
    { 11, 19, 224, 1, 19, 27, 335 }, // 3
    { 12, 19, 224, 1, 18, 29, 362 }, // 4
    { 11, 18, 224, 1, 18, 25, 391 }, // 5
    { 12, 19, 224, 1, 19, 29, 416 }, // 6
    { 10, 18, 224, 2, 18, 23, 445 }, // 7
    { 12, 18, 224, 1, 18, 27, 468 }, // 8
    { 11, 19, 224, 1, 18, 27, 495 }, // 9
    { 4, 10, 77, 1, 10, 5, 522 }, // :
    { 5, 15, 78, 0, 10, 10, 527 }, // ;
    { 11, 12, 206, 1, 15, 17, 537 }, // <
    { 14, 5, 224, 0, 11, 9, 554 }, // =
    { 11, 12, 206, 1, 15, 17, 563 }, // >
    { 7, 18, 116, 0, 18, 16, 580 }, // ?
    { 17, 18, 309, 1, 18, 39, 596 }, // @
    { 20, 20, 265, -2, 19, 50, 635 }, // A
    { 15, 19, 243, -1, 18, 36, 685 }, // B
    { 17, 18, 286, 1, 18, 39, 721 }, // C
    { 19, 19, 292, -1, 18, 46, 760 }, // D
    { 15, 19, 219, -1, 18, 36, 806 }, // E
    { 14, 18, 196, -1, 18, 32, 842 }, // F
    { 18, 18, 305, 1, 18, 41, 874 }, // G
    { 20, 18, 288, -1, 18, 45, 915 }, // H
    { 9, 19, 109, -1, 18, 22, 960 }, // I
    { 10, 23, 107, -3, 18, 29, 982 }, // J
    { 18, 19, 250, -1, 18, 43, 1011 }, // K
    { 15, 18, 211, -1, 18, 34, 1054 }, // L
    { 22, 19, 332, -1, 19, 53, 1088 }, // M
    { 20, 20, 286, -2, 19, 50, 1141 }, // N
    { 19, 18, 324, 1, 18, 43, 1191 }, // O
    { 14, 18, 201, -1, 18, 32, 1234 }, // P
    { 20, 23, 326, 1, 18, 58, 1266 }, // Q
    { 18, 19, 242, -1, 18, 43, 1324 }, // R
    { 13, 18, 214, 0, 18, 30, 1367 }, // S
    { 17, 19, 244, -1, 19, 41, 1397 }, // T
    { 20, 18, 303, -1, 18, 45, 1438 }, // U
    { 20, 20, 240, -2, 19, 50, 1483 }, // V
    { 26, 19, 354, -2, 19, 62, 1533 }, // W
    { 18, 19, 254, -1, 18, 43, 1595 }, // X
    { 18, 20, 213, -2, 19, 45, 1638 }, // Y
    { 14, 19, 210, 0, 19, 34, 1683 }, // Z
    { 5, 22, 98, 2, 20, 14, 1717 }, // [
    { 6, 18, 119, 1, 18, 14, 1731 }, // <backslash>
    { 5, 23, 97, 0, 20, 15, 1745 }, // ]
    { 13, 11, 228, 1, 15, 18, 1760 }, // ^
    { 10, 1, 182, 1, 0, 2, 1778 }, // _
    { 5, 5, 107, 0, 16, 4, 1780 }, // `
    { 11, 11, 176, 1, 11, 16, 1784 }, // a
    { 13, 21, 207, 0, 20, 35, 1800 }, // b
    { 10, 12, 166, 1, 12, 15, 1835 }, // c
    { 14, 20, 215, 0, 20, 35, 1850 }, // d
    { 10, 11, 178, 1, 11, 14, 1885 }, // e
    { 10, 20, 113, 0, 19, 25, 1899 }, // f
    { 11, 18, 173, 1, 12, 25, 1924 }, // g
    { 14, 20, 219, 0, 20, 35, 1949 }, // h
    { 7, 18, 100, 0, 18, 16, 1984 }, // i
    { 6, 23, 95, -1, 18, 18, 2000 }, // j
    { 13, 20, 188, 0, 20, 33, 2018 }, // k
    { 7, 20, 98, 0, 20, 18, 2051 }, // l
    { 20, 12, 316, 0, 12, 30, 2069 }, // m
    { 14, 12, 222, 0, 12, 21, 2099 }, // n
    { 12, 11, 211, 1, 11, 17, 2120 }, // o
    { 13, 17, 208, 0, 12, 28, 2137 }, // p
    { 14, 17, 208, 0, 12, 30, 2165 }, // q
    { 9, 12, 132, 0, 12, 14, 2195 }, // r
    { 7, 11, 145, 1, 11, 10, 2209 }, // s
    { 9, 14, 118, 0, 14, 16, 2219 }, // t
    { 14, 13, 214, 0, 12, 23, 2235 }, // u
    { 13, 12, 170, -1, 12, 20, 2258 }, // v
    { 18, 12, 256, -1, 12, 27, 2278 }, // w
    { 13, 12, 179, -1, 11, 20, 2305 }, // x
    { 12, 17, 151, -2, 12, 26, 2325 }, // y
    { 10, 11, 156, 0, 11, 14, 2351 }, // z
    { 7, 23, 135, 1, 20, 21, 2365 }, // {
    { 3, 18, 68, 1, 18, 7, 2386 }, // |
    { 8, 23, 135, 0, 20, 23, 2393 }, // }
    { 9, 3, 188, 1, 10, 4, 2416 }, // ~
    { 15, 18, 199, -1, 18, 34, 2420 }, // U+0080
    { 0, 0, 100, 0, 0, 0, 2454 }, // U+00A0
    { 3, 18, 81, 1, 18, 7, 2454 }, // U+00A1
    { 10, 15, 166, 1, 13, 19, 2461 }, // U+00A2
    { 15, 18, 233, 0, 18, 34, 2480 }, // U+00A3
    { 9, 9, 183, 1, 13, 11, 2514 }, // U+00A4
    { 17, 20, 274, 0, 19, 43, 2525 }, // U+00A5
    { 13, 23, 209, 0, 18, 38, 2568 }, // U+00A7
    { 7, 3, 109, 0, 15, 3, 2606 }, // U+00A8
    { 19, 19, 342, 1, 18, 46, 2609 }, // U+00A9
    { 9, 13, 174, 1, 19, 15, 2655 }, // U+00AA
    { 8, 11, 146, 0, 11, 11, 2670 }, // U+00AB
    { 13, 6, 232, 1, 11, 10, 2681 }, // U+00AC
    { 8, 3, 135, 0, 7, 3, 2691 }, // U+00AD
    { 19, 19, 331, 1, 18, 46, 2694 }, // U+00AE
    { 9, 2, 114, -1, 13, 3, 2740 }, // U+00AF
    { 7, 7, 146, 1, 19, 7, 2743 }, // U+00B0
    { 6, 5, 108, 1, 16, 4, 2750 }, // U+00B4
    { 14, 18, 246, 0, 18, 32, 2754 }, // U+00B6
    { 4, 4, 100, 1, 11, 2, 2786 }, // U+00B7
    { 6, 5, 63, -1, -1, 4, 2788 }, // U+00B8
    { 9, 13, 170, 1, 19, 15, 2792 }, // U+00BA
    { 8, 11, 146, 1, 11, 11, 2807 }, // U+00BB
    { 7, 18, 116, 0, 18, 16, 2818 }, // U+00BF
    { 20, 24, 265, -2, 23, 60, 2834 }, // U+00C0
    { 20, 24, 265, -2, 23, 60, 2894 }, // U+00C1
    { 20, 22, 265, -2, 21, 55, 2954 }, // U+00C2
    { 20, 22, 265, -2, 21, 55, 3009 }, // U+00C3
    { 19, 21, 265, -1, 20, 50, 3064 }, // U+00C4
    { 20, 24, 265, -2, 23, 60, 3114 }, // U+00C5
    { 25, 19, 361, -2, 19, 60, 3174 }, // U+00C6
    { 17, 23, 286, 1, 18, 49, 3234 }, // U+00C7
    { 15, 24, 219, -1, 23, 45, 3283 }, // U+00C8
    { 15, 24, 219, -1, 23, 45, 3328 }, // U+00C9
    { 15, 23, 219, -1, 22, 44, 3373 }, // U+00CA
    { 15, 23, 219, -1, 22, 44, 3417 }, // U+00CB
    { 9, 24, 109, -1, 23, 27, 3461 }, // U+00CC
    { 9, 24, 109, -1, 23, 27, 3488 }, // U+00CD
    { 9, 24, 109, -1, 23, 27, 3515 }, // U+00CE
    { 9, 23, 109, -1, 22, 26, 3542 }, // U+00CF
    { 15, 18, 275, 1, 18, 34, 3568 }, // U+00D0
    { 20, 23, 286, -2, 22, 58, 3602 }, // U+00D1
    { 19, 23, 324, 1, 23, 55, 3660 }, // U+00D2
    { 19, 23, 324, 1, 23, 55, 3715 }, // U+00D3
    { 19, 22, 324, 1, 22, 53, 3770 }, // U+00D4
    { 19, 22, 324, 1, 22, 53, 3823 }, // U+00D5
    { 19, 20, 324, 1, 20, 48, 3876 }, // U+00D6
    { 12, 12, 224, 1, 15, 18, 3924 }, // U+00D7
    { 19, 19, 324, 1, 18, 46, 3942 }, // U+00D8
    { 20, 22, 303, -1, 22, 55, 3988 }, // U+00D9
    { 20, 22, 303, -1, 22, 55, 4043 }, // U+00DA
    { 20, 23, 303, -1, 23, 58, 4098 }, // U+00DB
    { 20, 20, 303, -1, 20, 50, 4156 }, // U+00DC
    { 18, 23, 213, -2, 22, 52, 4206 }, // U+00DD
    { 11, 18, 232, 2, 18, 25, 4258 }, // U+00DE
    { 12, 19, 195, 0, 19, 29, 4283 }, // U+00DF
    { 11, 16, 176, 1, 16, 22, 4312 }, // U+00E0
    { 11, 16, 176, 1, 16, 22, 4334 }, // U+00E1
    { 11, 15, 176, 1, 15, 21, 4356 }, // U+00E2
    { 11, 15, 176, 1, 15, 21, 4377 }, // U+00E3
    { 11, 16, 176, 1, 16, 22, 4398 }, // U+00E4
    { 11, 16, 176, 1, 16, 22, 4420 }, // U+00E5
    { 17, 11, 274, 1, 11, 24, 4442 }, // U+00E6
    { 10, 17, 166, 1, 12, 22, 4466 }, // U+00E7
    { 10, 16, 178, 1, 16, 20, 4488 }, // U+00E8
    { 10, 16, 178, 1, 16, 20, 4508 }, // U+00E9
    { 10, 15, 178, 1, 15, 19, 4528 }, // U+00EA
    { 10, 15, 178, 1, 15, 19, 4547 }, // U+00EB
    { 8, 16, 100, -1, 16, 16, 4566 }, // U+00EC
    { 7, 16, 100, 0, 16, 14, 4582 }, // U+00ED
    { 8, 16, 101, -1, 16, 16, 4596 }, // U+00EE
    { 8, 15, 101, -1, 15, 15, 4612 }, // U+00EF
    { 12, 20, 232, 1, 20, 30, 4627 }, // U+00F0
    { 14, 14, 222, 0, 14, 25, 4657 }, // U+00F1
    { 12, 16, 211, 1, 16, 24, 4682 }, // U+00F2
    { 12, 16, 211, 1, 16, 24, 4706 }, // U+00F3
    { 12, 15, 211, 1, 15, 23, 4730 }, // U+00F4
    { 12, 15, 211, 1, 15, 23, 4753 }, // U+00F5
    { 12, 16, 211, 1, 16, 24, 4776 }, // U+00F6
    { 12, 12, 224, 1, 15, 18, 4800 }, // U+00F7
    { 12, 11, 211, 1, 11, 17, 4818 }, // U+00F8
    { 14, 15, 214, 0, 15, 27, 4835 }, // U+00F9
    { 14, 15, 214, 0, 15, 27, 4862 }, // U+00FA
    { 14, 17, 214, 0, 16, 30, 4889 }, // U+00FB
    { 14, 17, 214, 0, 16, 30, 4919 }, // U+00FC
    { 12, 20, 151, -1, 15, 30, 4949 }, // U+00FD
    { 12, 25, 238, 2, 19, 38, 4979 }, // U+00FE
    { 11, 20, 151, -1, 15, 28, 5017 }, // U+00FF
    { 18, 22, 253, -1, 22, 50, 5045 }, // U+0100
    { 11, 18, 221, 1, 18, 25, 5095 }, // U+0101
    { 19, 24, 265, -2, 23, 57, 5120 }, // U+0102
    { 11, 16, 176, 1, 16, 22, 5177 }, // U+0103
    { 17, 24, 253, -1, 18, 51, 5199 }, // U+0104
    { 12, 20, 221, 1, 14, 30, 5250 }, // U+0105
    { 17, 22, 284, 1, 22, 47, 5280 }, // U+0106
    { 10, 16, 176, 1, 16, 20, 5327 }, // U+0107
    { 14, 24, 243, 1, 24, 42, 5347 }, // U+010A
    { 11, 19, 196, 1, 19, 27, 5389 }, // U+010B
    { 17, 22, 284, 1, 22, 47, 5416 }, // U+010C
    { 12, 16, 176, -1, 16, 24, 5463 }, // U+010D
    { 14, 24, 275, 2, 24, 42, 5487 }, // U+010E
    { 17, 19, 238, 1, 19, 41, 5529 }, // U+010F
    { 19, 20, 292, -1, 19, 48, 5570 }, // U+0110
    { 14, 20, 215, 0, 20, 35, 5618 }, // U+0111
    { 10, 22, 211, 2, 22, 28, 5653 }, // U+0112
    { 12, 18, 224, 1, 18, 27, 5681 }, // U+0113
    { 10, 23, 211, 2, 23, 29, 5708 }, // U+0116
    { 12, 19, 224, 1, 19, 29, 5737 }, // U+0117
    { 10, 24, 211, 2, 18, 30, 5766 }, // U+0118
    { 12, 20, 224, 1, 14, 30, 5796 }, // U+0119
    { 10, 24, 211, 2, 24, 30, 5826 }, // U+011A
    { 12, 19, 224, 1, 19, 29, 5856 }, // U+011B
    { 18, 22, 307, 1, 22, 50, 5885 }, // U+011E
    { 12, 22, 197, 0, 16, 33, 5935 }, // U+011F
    { 15, 24, 282, 1, 24, 45, 5968 }, // U+0120
    { 12, 25, 238, 1, 19, 38, 6013 }, // U+0121
    { 15, 24, 282, 1, 18, 45, 6051 }, // U+0122
    { 12, 25, 238, 1, 19, 38, 6096 }, // U+0123
    { 18, 18, 287, 0, 18, 41, 6134 }, // U+0126
    { 13, 19, 244, 1, 19, 31, 6175 }, // U+0127
    { 9, 22, 109, -1, 21, 25, 6206 }, // U+0128
    { 8, 14, 100, -1, 14, 14, 6231 }, // U+0129
    { 8, 22, 144, 1, 22, 22, 6245 }, // U+012A
    { 8, 17, 106, 0, 17, 17, 6267 }, // U+012B
    { 7, 24, 144, 1, 18, 21, 6284 }, // U+012E
    { 4, 25, 106, 1, 19, 13, 6305 }, // U+012F
    { 13, 27, 172, -1, 26, 44, 6318 }, // U+0130
    { 7, 12, 101, 0, 12, 11, 6362 }, // U+0131
    { 13, 24, 242, 2, 18, 39, 6373 }, // U+0136
    { 12, 25, 219, 2, 19, 38, 6412 }, // U+0137
    { 12, 24, 209, 1, 24, 36, 6450 }, // U+0139
    { 8, 25, 106, 1, 25, 25, 6486 }, // U+013A
    { 11, 24, 209, 2, 18, 33, 6511 }, // U+013B
    { 5, 25, 106, 1, 19, 16, 6544 }, // U+013C
    { 11, 18, 209, 2, 18, 25, 6560 }, // U+013D
    { 8, 19, 106, 2, 19, 19, 6585 }, // U+013E
    { 14, 18, 215, -1, 18, 32, 6604 }, // U+0141
    { 9, 19, 126, 0, 19, 22, 6636 }, // U+0142
    { 15, 24, 298, 2, 24, 45, 6658 }, // U+0143
    { 12, 19, 241, 2, 19, 29, 6703 }, // U+0144
    { 15, 24, 298, 2, 18, 45, 6732 }, // U+0145
    { 12, 20, 241, 2, 14, 30, 6777 }, // U+0146
    { 15, 24, 298, 2, 24, 45, 6807 }, // U+0147
    { 12, 19, 241, 2, 19, 29, 6852 }, // U+0148
    { 16, 24, 298, 1, 24, 48, 6881 }, // U+0150
    { 12, 19, 235, 1, 19, 29, 6929 }, // U+0151
    { 25, 18, 395, 1, 18, 57, 6958 }, // U+0152
    { 19, 12, 324, 1, 11, 29, 7015 }, // U+0153
    { 13, 24, 244, 2, 24, 39, 7044 }, // U+0154
    { 9, 19, 165, 2, 19, 22, 7083 }, // U+0155
    { 13, 24, 244, 2, 24, 39, 7105 }, // U+0158
    { 10, 19, 165, 1, 19, 24, 7144 }, // U+0159
    { 11, 24, 216, 1, 24, 33, 7168 }, // U+015A
    { 10, 19, 188, 1, 19, 24, 7201 }, // U+015B
    { 13, 24, 262, 0, 18, 39, 7225 }, // U+015E
    { 11, 17, 153, -2, 11, 24, 7264 }, // U+015F
    { 11, 24, 216, 1, 24, 33, 7288 }, // U+0160
    { 10, 19, 188, 1, 19, 24, 7321 }, // U+0161
    { 13, 24, 212, 1, 24, 39, 7345 }, // U+0164
    { 12, 19, 152, 1, 19, 29, 7384 }, // U+0165
    { 20, 21, 303, -1, 21, 53, 7413 }, // U+0168
    { 14, 14, 214, 0, 14, 25, 7466 }, // U+0169
    { 14, 23, 282, 2, 23, 41, 7491 }, // U+016A
    { 12, 18, 241, 2, 18, 27, 7532 }, // U+016B
    { 14, 26, 282, 2, 26, 46, 7559 }, // U+016E
    { 12, 21, 241, 2, 21, 32, 7605 }, // U+016F
    { 14, 24, 282, 2, 24, 42, 7637 }, // U+0170
    { 12, 19, 241, 2, 19, 29, 7679 }, // U+0171
    { 14, 24, 282, 2, 18, 42, 7708 }, // U+0172
    { 12, 20, 241, 2, 14, 30, 7750 }, // U+0173
    { 23, 24, 371, 0, 24, 69, 7780 }, // U+0174
    { 20, 19, 314, 0, 19, 48, 7849 }, // U+0175
    { 15, 24, 228, 0, 24, 45, 7897 }, // U+0176
    { 14, 25, 205, 0, 19, 44, 7942 }, // U+0177
    { 18, 23, 213, -2, 22, 52, 7986 }, // U+0178
    { 12, 24, 226, 1, 24, 36, 8038 }, // U+0179
    { 10, 19, 184, 1, 19, 24, 8074 }, // U+017A
    { 12, 23, 226, 1, 23, 35, 8098 }, // U+017B
    { 10, 19, 184, 1, 19, 24, 8133 }, // U+017C
    { 12, 24, 226, 1, 24, 36, 8157 }, // U+017D
    { 10, 19, 184, 1, 19, 24, 8193 }, // U+017E
    { 19, 20, 324, 1, 20, 48, 8217 }, // U+01A0
    { 12, 14, 211, 1, 14, 21, 8265 }, // U+01A1
    { 21, 20, 303, -1, 20, 53, 8286 }, // U+01AF
    { 14, 14, 214, 0, 14, 25, 8339 }, // U+01B0
    { 11, 24, 216, 1, 18, 33, 8364 }, // U+0218
    { 10, 20, 188, 1, 14, 25, 8397 }, // U+0219
    { 13, 24, 212, 1, 18, 39, 8422 }, // U+021A
    { 8, 23, 152, 1, 17, 23, 8461 }, // U+021B
    { 8, 4, 0, -13, 19, 4, 8484 }, // U+0300
    { 7, 4, 0, -8, 19, 4, 8488 }, // U+0301
    { 10, 4, 0, -5, 19, 5, 8492 }, // U+0302
    { 9, 3, 0, -13, 18, 4, 8497 }, // U+0303
    { 8, 3, 0, -4, 19, 3, 8501 }, // U+0304
    { 8, 4, 0, -4, 19, 4, 8504 }, // U+0306
    { 3, 3, 0, -2, 19, 2, 8508 }, // U+0307
    { 8, 3, 0, -4, 19, 3, 8510 }, // U+0308
    { 7, 6, 0, -4, 21, 6, 8513 }, // U+030A
    { 11, 4, 0, -4, 19, 6, 8519 }, // U+030B
    { 10, 4, 0, -5, 19, 5, 8525 }, // U+030C
    { 4, 4, 0, -2, -2, 2, 8530 }, // U+0326
    { 6, 7, 0, -3, 1, 6, 8532 }, // U+0327
    { 5, 7, 0, -2, 1, 5, 8538 }, // U+0328
    { 0, 0, 0, 0, 0, 0, 8543 }, // U+034F
    { 15, 15, 251, 0, 15, 29, 8543 }, // U+05D0
    { 13, 15, 222, 0, 15, 25, 8572 }, // U+05D1
    { 9, 16, 154, 0, 15, 18, 8597 }, // U+05D2
    { 13, 15, 213, 0, 15, 25, 8615 }, // U+05D3
    { 14, 15, 248, 1, 15, 27, 8640 }, // U+05D4
    { 7, 15, 125, 0, 15, 14, 8667 }, // U+05D5
    { 8, 15, 136, 1, 15, 15, 8681 }, // U+05D6
    { 15, 15, 260, 0, 15, 29, 8696 }, // U+05D7
    { 14, 15, 249, 1, 15, 27, 8725 }, // U+05D8
    { 7, 9, 123, 0, 15, 8, 8752 }, // U+05D9
    { 12, 20, 214, 1, 15, 30, 8760 }, // U+05DA
    { 12, 15, 200, 0, 15, 23, 8790 }, // U+05DB
    { 12, 20, 208, 1, 20, 30, 8813 }, // U+05DC
    { 15, 15, 266, 0, 15, 29, 8843 }, // U+05DD
    { 16, 15, 262, 1, 15, 30, 8872 }, // U+05DE
    { 7, 20, 132, 0, 15, 18, 8902 }, // U+05DF
    { 8, 15, 151, 1, 15, 15, 8920 }, // U+05E0
    { 15, 15, 255, 1, 15, 29, 8935 }, // U+05E1
    { 14, 17, 236, 0, 16, 30, 8964 }, // U+05E2
    { 13, 20, 246, 1, 15, 33, 8994 }, // U+05E3
    { 13, 15, 238, 1, 15, 25, 9027 }, // U+05E4
    { 13, 20, 216, 0, 15, 33, 9052 }, // U+05E5
    { 13, 15, 223, 0, 15, 25, 9085 }, // U+05E6
    { 14, 20, 248, 1, 15, 35, 9110 }, // U+05E7
    { 12, 15, 205, 0, 15, 23, 9145 }, // U+05E8
    { 16, 15, 293, 1, 15, 30, 9168 }, // U+05E9
    { 15, 15, 270, 0, 15, 29, 9198 }, // U+05EA
    { 19, 22, 265, -1, 19, 53, 9227 }, // U+1EA0
    { 11, 15, 176, 1, 11, 21, 9280 }, // U+1EA1
    { 19, 26, 265, -1, 25, 62, 9301 }, // U+1EA2
    { 11, 18, 176, 1, 18, 25, 9363 }, // U+1EA3
    { 20, 25, 265, -2, 24, 63, 9388 }, // U+1EA4
    { 12, 17, 176, 1, 17, 26, 9451 }, // U+1EA5
    { 20, 25, 265, -2, 24, 63, 9477 }, // U+1EA6
    { 13, 17, 176, -1, 17, 28, 9540 }, // U+1EA7
    { 20, 27, 265, -2, 26, 68, 9568 }, // U+1EA8
    { 10, 19, 176, 1, 19, 24, 9636 }, // U+1EA9
    { 20, 25, 265, -2, 24, 63, 9660 }, // U+1EAA
    { 11, 17, 176, 1, 17, 24, 9723 }, // U+1EAB
    { 19, 24, 265, -1, 21, 57, 9747 }, // U+1EAC
    { 11, 19, 176, 1, 15, 27, 9804 }, // U+1EAD
    { 19, 27, 265, -2, 26, 65, 9831 }, // U+1EAE
    { 11, 19, 176, 1, 19, 27, 9896 }, // U+1EAF
    { 19, 27, 265, -2, 26, 65, 9923 }, // U+1EB0
    { 11, 19, 176, 1, 19, 27, 9988 }, // U+1EB1
    { 19, 29, 265, -2, 28, 69, 10015 }, // U+1EB2
    { 11, 21, 176, 1, 21, 29, 10084 }, // U+1EB3
    { 19, 25, 265, -2, 24, 60, 10113 }, // U+1EB4
    { 11, 17, 176, 1, 17, 24, 10173 }, // U+1EB5
    { 19, 26, 265, -2, 23, 62, 10197 }, // U+1EB6
    { 11, 20, 176, 1, 16, 28, 10259 }, // U+1EB7
    { 15, 22, 219, -1, 18, 42, 10287 }, // U+1EB8
    { 10, 15, 178, 1, 11, 19, 10329 }, // U+1EB9
    { 15, 26, 219, -1, 25, 49, 10348 }, // U+1EBA
    { 10, 18, 178, 1, 18, 23, 10397 }, // U+1EBB
    { 15, 22, 219, -1, 21, 42, 10420 }, // U+1EBC
    { 10, 15, 178, 1, 15, 19, 10462 }, // U+1EBD
    { 15, 25, 219, -1, 24, 47, 10481 }, // U+1EBE
    { 12, 17, 178, 1, 17, 26, 10528 }, // U+1EBF
    { 15, 25, 219, -1, 24, 47, 10554 }, // U+1EC0
    { 12, 17, 178, -1, 17, 26, 10601 }, // U+1EC1
    { 15, 27, 219, -1, 26, 51, 10627 }, // U+1EC2
    { 10, 19, 178, 1, 19, 24, 10678 }, // U+1EC3
    { 15, 25, 219, -1, 24, 47, 10702 }, // U+1EC4
    { 10, 17, 178, 1, 17, 22, 10749 }, // U+1EC5
    { 15, 26, 219, -1, 22, 49, 10771 }, // U+1EC6
    { 10, 19, 178, 1, 15, 24, 10820 }, // U+1EC7
    { 9, 26, 109, -1, 25, 30, 10844 }, // U+1EC8
    { 6, 18, 100, 0, 18, 14, 10874 }, // U+1EC9
    { 8, 22, 109, -1, 18, 22, 10888 }, // U+1ECA
    { 7, 19, 100, 0, 15, 17, 10910 }, // U+1ECB
    { 19, 23, 324, 1, 18, 55, 10927 }, // U+1ECC
    { 12, 15, 211, 1, 11, 23, 10982 }, // U+1ECD
    { 19, 25, 324, 1, 25, 60, 11005 }, // U+1ECE
    { 12, 18, 211, 1, 18, 27, 11065 }, // U+1ECF
    { 19, 24, 324, 1, 24, 57, 11092 }, // U+1ED0
    { 13, 17, 211, 1, 17, 28, 11149 }, // U+1ED1
    { 19, 24, 324, 1, 24, 57, 11177 }, // U+1ED2
    { 13, 17, 211, 0, 17, 28, 11234 }, // U+1ED3
    { 19, 27, 324, 1, 27, 65, 11262 }, // U+1ED4
    { 12, 19, 211, 1, 19, 29, 11327 }, // U+1ED5
    { 19, 24, 324, 1, 24, 57, 11356 }, // U+1ED6
    { 12, 17, 211, 1, 17, 26, 11413 }, // U+1ED7
    { 19, 27, 324, 1, 22, 65, 11439 }, // U+1ED8
    { 12, 19, 211, 1, 15, 29, 11504 }, // U+1ED9
    { 19, 23, 324, 1, 23, 55, 11533 }, // U+1EDA
    { 12, 16, 211, 1, 16, 24, 11588 }, // U+1EDB
    { 19, 23, 324, 1, 23, 55, 11612 }, // U+1EDC
    { 12, 16, 211, 1, 16, 24, 11667 }, // U+1EDD
    { 19, 25, 324, 1, 25, 60, 11691 }, // U+1EDE
    { 12, 18, 211, 1, 18, 27, 11751 }, // U+1EDF
    { 19, 22, 324, 1, 22, 53, 11778 }, // U+1EE0
    { 12, 15, 211, 1, 15, 23, 11831 }, // U+1EE1
    { 19, 25, 324, 1, 20, 60, 11854 }, // U+1EE2
    { 12, 18, 211, 1, 14, 27, 11914 }, // U+1EE3
    { 20, 23, 303, -1, 18, 58, 11941 }, // U+1EE4
    { 14, 16, 214, 0, 12, 28, 11999 }, // U+1EE5
    { 20, 24, 303, -1, 24, 60, 12027 }, // U+1EE6
    { 14, 17, 214, 0, 17, 30, 12087 }, // U+1EE7
    { 21, 22, 303, -1, 22, 58, 12117 }, // U+1EE8
    { 14, 15, 214, 0, 15, 27, 12175 }, // U+1EE9
    { 21, 22, 303, -1, 22, 58, 12202 }, // U+1EEA
    { 14, 15, 214, 0, 15, 27, 12260 }, // U+1EEB
    { 21, 24, 303, -1, 24, 63, 12287 }, // U+1EEC
    { 14, 17, 214, 0, 17, 30, 12350 }, // U+1EED
    { 21, 21, 303, -1, 21, 56, 12380 }, // U+1EEE
    { 14, 14, 214, 0, 14, 25, 12436 }, // U+1EEF
    { 21, 25, 303, -1, 20, 66, 12461 }, // U+1EF0
    { 14, 18, 214, 0, 14, 32, 12527 }, // U+1EF1
    { 18, 23, 213, -2, 22, 52, 12559 }, // U+1EF2
    { 12, 20, 151, -1, 15, 30, 12611 }, // U+1EF3
    { 18, 23, 213, -2, 19, 52, 12641 }, // U+1EF4
    { 12, 17, 151, -1, 12, 26, 12693 }, // U+1EF5
    { 18, 24, 213, -2, 23, 54, 12719 }, // U+1EF6
    { 12, 22, 151, -1, 17, 33, 12773 }, // U+1EF7
    { 18, 22, 213, -2, 21, 50, 12806 }, // U+1EF8
    { 12, 19, 151, -1, 14, 29, 12856 }, // U+1EF9
    { 1, 18, 0, 0, 17, 3, 12885 }, // U+200C
    { 7, 19, 0, -3, 18, 17, 12888 }, // U+200D
    { 6, 20, 0, 0, 18, 15, 12905 }, // U+200E
    { 6, 20, 0, -5, 18, 15, 12920 }, // U+200F
    { 8, 2, 134, 0, 6, 2, 12935 }, // U+2010
    { 14, 2, 225, 0, 10, 4, 12937 }, // U+2013
    { 10, 2, 172, 1, 7, 3, 12941 }, // U+2014
    { 4, 8, 73, 1, 19, 4, 12944 }, // U+2018
    { 4, 8, 73, 0, 18, 4, 12948 }, // U+2019
    { 4, 8, 73, 0, 3, 4, 12952 }, // U+201A
    { 8, 8, 130, 1, 19, 8, 12956 }, // U+201C
    { 8, 8, 129, 0, 18, 8, 12964 }, // U+201D
    { 8, 8, 129, 0, 3, 8, 12972 }, // U+201E
    { 16, 24, 254, 0, 19, 48, 12980 }, // U+2020
    { 16, 25, 255, 0, 19, 50, 13028 }, // U+2021
    { 7, 7, 146, 1, 13, 7, 13078 }, // U+2022
    { 13, 3, 248, 1, 3, 5, 13085 }, // U+2026
    { 25, 18, 412, 1, 18, 57, 13090 }, // U+2030
    { 5, 11, 96, 0, 11, 7, 13147 }, // U+2039
    { 5, 11, 96, 1, 11, 7, 13154 }, // U+203A
    { 11, 18, 110, -2, 18, 25, 13161 }, // U+2044
    { 26, 18, 414, -1, 18, 59, 13186 }, // U+20A3
    { 16, 15, 321, 2, 15, 30, 13245 }, // U+20AA
    { 12, 17, 157, 1, 19, 26, 13275 }, // U+20AB
    { 13, 18, 223, 1, 18, 30, 13301 }, // U+20AC
    { 8, 3, 135, 0, 7, 3, 13331 }, // U+2212
    { 4, 4, 100, 1, 11, 2, 13334 }, // U+2219
};

static const EpdUnicodeInterval sfugoudy_12_regularIntervals[] = {
    { 0x0, 0x0, 0x0 },
    { 0xD, 0xD, 0x1 },
    { 0x20, 0x7E, 0x2 },
    { 0x80, 0x80, 0x61 },
    { 0xA0, 0xA5, 0x62 },
    { 0xA7, 0xB0, 0x68 },
    { 0xB4, 0xB4, 0x72 },
    { 0xB6, 0xB8, 0x73 },
    { 0xBA, 0xBB, 0x76 },
    { 0xBF, 0x107, 0x78 },
    { 0x10A, 0x113, 0xC1 },
    { 0x116, 0x11B, 0xCB },
    { 0x11E, 0x123, 0xD1 },
    { 0x126, 0x12B, 0xD7 },
    { 0x12E, 0x131, 0xDD },
    { 0x136, 0x137, 0xE1 },
    { 0x139, 0x13E, 0xE3 },
    { 0x141, 0x148, 0xE9 },
    { 0x150, 0x155, 0xF1 },
    { 0x158, 0x15B, 0xF7 },
    { 0x15E, 0x161, 0xFB },
    { 0x164, 0x165, 0xFF },
    { 0x168, 0x16B, 0x101 },
    { 0x16E, 0x17E, 0x105 },
    { 0x1A0, 0x1A1, 0x116 },
    { 0x1AF, 0x1B0, 0x118 },
    { 0x218, 0x21B, 0x11A },
    { 0x300, 0x304, 0x11E },
    { 0x306, 0x308, 0x123 },
    { 0x30A, 0x30C, 0x126 },
    { 0x326, 0x328, 0x129 },
    { 0x34F, 0x34F, 0x12C },
    { 0x5D0, 0x5EA, 0x12D },
    { 0x1EA0, 0x1EF9, 0x148 },
    { 0x200C, 0x2010, 0x1A2 },
    { 0x2013, 0x2014, 0x1A7 },
    { 0x2018, 0x201A, 0x1A9 },
    { 0x201C, 0x201E, 0x1AC },
    { 0x2020, 0x2022, 0x1AF },
    { 0x2026, 0x2026, 0x1B2 },
    { 0x2030, 0x2030, 0x1B3 },
    { 0x2039, 0x203A, 0x1B4 },
    { 0x2044, 0x2044, 0x1B6 },
    { 0x20A3, 0x20A3, 0x1B7 },
    { 0x20AA, 0x20AC, 0x1B8 },
    { 0x2212, 0x2212, 0x1BB },
    { 0x2219, 0x2219, 0x1BC },
};

static const uint16_t sfugoudy_12_regularKernLeftCodepoints[] = {
    0x00D0, 0x00DE, 0x00F0, 0x00FE, 0x0100, 0x0104, 0x010A, 0x010E, 0x010F, 0x0113, 0x0117, 0x0119,
    0x011B, 0x0136, 0x0139, 0x013B, 0x013D, 0x013E, 0x0141, 0x0150, 0x0151, 0x0155, 0x0159, 0x0164,
    0x016A, 0x016E, 0x0170, 0x0172, 0x0174, 0x0176, 0x0179, 0x017B, 0x017D, 0x021A, 0x05D0, 0x05D1,
    0x05D2, 0x05D3, 0x05D5, 0x05D6, 0x05D8, 0x05D9, 0x05DB, 0x05DC, 0x05DE, 0x05E0, 0x05E1, 0x05E2,
    0x05E4, 0x05E6, 0x05E8, 0x05E9, 0x05EA,
};

static const uint8_t sfugoudy_12_regularKernLeftClassIds[] = {
      1,   2,   3,   3,   4,   4,   5,   1,   6,   3,   3,   3,   3,   7,   8,   8,
      8,   6,   8,   1,   3,   9,   9,  10,  11,  11,  11,  11,  12,  13,  14,  14,
     14,  10,  15,  16,  17,  18,  19,  20,  21,  22,  23,  24,  25,  26,  27,  28,
     29,  30,  31,  32,  33,
};

static const uint16_t sfugoudy_12_regularKernRightCodepoints[] = {
    0x00FE, 0x0100, 0x0101, 0x0104, 0x0105, 0x010A, 0x010B, 0x010F, 0x0113, 0x0117, 0x0119, 0x011B,
    0x0120, 0x0121, 0x0122, 0x0123, 0x0127, 0x0137, 0x013A, 0x013C, 0x013E, 0x0144, 0x0146, 0x0150,
    0x0151, 0x0155, 0x015B, 0x0164, 0x016A, 0x016B, 0x016E, 0x016F, 0x0170, 0x0171, 0x0172, 0x0173,
    0x0174, 0x0175, 0x0176, 0x0177, 0x0179, 0x017A, 0x017B, 0x017C, 0x017D, 0x017E, 0x0219, 0x021A,
    0x05D0, 0x05D1, 0x05D2, 0x05D3, 0x05D4, 0x05D6, 0x05D7, 0x05D8, 0x05D9, 0x05DA, 0x05DB, 0x05DC,
    0x05DD, 0x05DE, 0x05DF, 0x05E1, 0x05E2, 0x05E3, 0x05E4, 0x05E5, 0x05E7, 0x05E8, 0x05E9, 0x05EA,
};

static const uint8_t sfugoudy_12_regularKernRightClassIds[] = {
      1,   2,   3,   2,   3,   4,   5,   5,   5,   5,   5,   5,   4,   6,   4,   6,
      7,   1,   1,   1,   1,   8,   8,   4,   5,   8,   9,  10,  11,   8,  11,   8,
     11,   8,  11,   8,  12,  13,  14,  13,  15,  16,  15,  16,  15,  16,   9,  10,
     17,  18,  19,  20,  21,  22,  23,  24,  25,  26,  27,  28,  29,  30,  31,  32,
     33,  34,  35,  36,  37,  38,  39,  40,
};

static const uint16_t sfugoudy_12_regularKernRowOffsets[] = {
        0,     5,     7,     9,    13,    14,    16,    17,    22,    25,    35,    36,    43,    51,    52,    58,
       63,    70,    81,    87,    88,    97,   108,   114,   124,   130,   133,   140,   142,   150,   161,   171,
      179,   189,
};

static const uint8_t sfugoudy_12_regularKernSparseCols[] = {
      1,   9,  11,  13,  14,   1,  14,  12,  15,   3,   9,  11,  13,   3,   0,   6,
      3,   3,   9,  10,  11,  13,   2,   4,   5,   1,   2,   3,   4,   5,   7,   8,
      9,  12,  15,   1,   1,   2,   3,   4,   5,   7,   8,   1,   2,   3,   4,   5,
      7,   8,  15,   3,  24,  26,  27,  34,  36,  38,  19,  25,  31,  34,  37,  17,
     23,  24,  26,  27,  29,  34,  17,  20,  23,  25,  26,  28,  29,  31,  33,  34,
     37,  17,  23,  28,  31,  34,  37,  17,  19,  23,  25,  26,  33,  34,  35,  36,
     37,  17,  20,  22,  23,  26,  28,  29,  31,  34,  37,  39,  23,  26,  29,  31,
     33,  34,  17,  18,  23,  25,  26,  31,  33,  34,  38,  39,  23,  26,  28,  29,
     31,  34,  23,  24,  26,  23,  25,  27,  31,  33,  34,  37,  23,  31,  25,  26,
     27,  30,  31,  33,  34,  38,  16,  17,  19,  20,  23,  24,  28,  29,  31,  33,
     34,  17,  23,  25,  26,  29,  31,  33,  34,  37,  39,  17,  23,  26,  28,  31,
     33,  34,  37,  19,  21,  24,  26,  27,  29,  31,  32,  34,  38,
};

static const int8_t sfugoudy_12_regularKernSparseValues[] = {
      -7,  -10,   -4,   -4,   -4,  -18,   -4,   -8,   -4,   -7,  -25,  -14,  -21,   -8,   14,   28,
      -7,   -8,   -9,   -4,   -9,  -12,   -8,   -8,   -4,  -25,  -30,   -8,  -26,  -26,  -19,  -22,
       8,   -8,  -15,   -4,  -14,   -8,   -4,   -8,   -4,   -4,   -4,  -21,  -19,   -8,  -19,  -19,
     -11,  -15,   -8,   -4,   -8,   -3,   -2,   -7,   -4,   -7,   -3,   -4,  -10,  -10,   -6,    2,
      -4,  -12,   -3,   -6,   -7,   -6,  -16,   -8,   -6,  -19,  -14,   -6,   -3,  -12,  -19,  -14,
     -12,   -5,   -6,   -4,   -4,   -8,   -6,   -4,   -4,   -8,  -11,   -2,   -8,   -7,   -5,   -4,
      -4,  -23,   -7,   -4,   -4,   -4,  -11,   -4,   -5,   -9,   -8,   -8,   -5,   -4,   -5,   -6,
      -9,  -10,  -16,   -2,   -6,  -12,  -10,   -4,  -16,   -6,    4,   -2,   -1,   -8,   -3,   -7,
      -9,  -10,   -5,   -5,   -6,   -2,  -12,   -2,   -2,   -8,   -3,   -6,   -4,   -6,   -5,   -8,
      -4,   -1,   -4,  -11,   -2,   -4,   -3,   -6,   -4,   -1,   -1,   -8,   -6,   -1,  -10,   -1,
      -9,  -16,   -8,   -8,   -5,   -4,   -7,  -11,   -7,   -8,   -8,  -10,   -2,  -10,   -4,   -6,
      -1,   -5,   -4,  -15,  -17,   -6,   -4,   -2,  -13,  -14,  -14,   -6,   -7,
};

static const EpdFontData sfugoudy_12_regular = {
    sfugoudy_12_regularBitmaps,
    sfugoudy_12_regularGlyphs,
    sfugoudy_12_regularIntervals,
    47,
    24,
    20,
    -6,
    false,
    nullptr,
    0,
    nullptr,
    nullptr,  // kernLeftClasses: built-in fonts use the split arrays below
    nullptr,  // kernRightClasses
    sfugoudy_12_regularKernLeftCodepoints,
    sfugoudy_12_regularKernLeftClassIds,
    sfugoudy_12_regularKernRightCodepoints,
    sfugoudy_12_regularKernRightClassIds,
    nullptr,  // kernMatrix: built-in fonts use the sparse form below
    sfugoudy_12_regularKernRowOffsets,
    sfugoudy_12_regularKernSparseCols,
    sfugoudy_12_regularKernSparseValues,
    53,
    72,
    33,
    40,
    nullptr,
    0,
};
